timestep,loss,value_loss,entropy_loss,approx_kl,clip_fraction,explained_variance,policy_gradient_loss
200,,,,,,,
400,7.755673141218722e-05,0.0013977331647765823,-3.6888728022575377,3.582239e-07,0.0,-1.8439414501190186,-0.0002648353128361203
600,0.001088074641302228,0.0035316420427989213,-3.688870942592621,2.8192997e-07,0.0,-1.075096607208252,-0.00017257751414245792
800,0.0011356951436027884,0.0047401491028722376,-3.6888691008090975,4.4822693e-07,0.0,-4.324282169342041,-0.000258675157111643
1000,0.0004525248659774661,0.0036916415847372264,-3.68886861205101,4.2587519e-07,0.0,-2.1493709087371826,-0.00021540240917943264
1200,0.000600607949309051,0.0029055899067316204,-3.688868206739426,4.7922134e-07,0.0,-2.690483570098877,-0.0002195761200739499
1400,0.000723261502571404,0.002463964989874512,-3.688867282867432,3.9339065e-07,0.0,-4.88273286819458,-0.00021032754227974239
1600,0.00017516716616228223,0.0016163986059837044,-3.688866639137268,4.1425227e-07,0.0,-5.126917839050293,-0.00019959455775870883
1800,-4.520185757428408e-05,0.0013192508529755286,-3.6888666570186617,4.377961e-07,0.0,-2.5851190090179443,-0.00021450711967556656
2000,-2.3593107471242547e-05,0.0010382021384430118,-3.6888662457466124,4.0262938e-07,0.0,-5.388926982879639,-0.00020669255226355432
2200,-0.00038439236232079566,0.0006764368510630448,-3.688865268230438,3.6150217e-07,0.0,-3.220243453979492,-0.00016609712646410978
2400,-5.9632264310494065e-05,0.000806269733584486,-3.68886479139328,2.926588e-07,0.0,-3.4687938690185547,-0.0001617548511218203
2600,-0.00021122361067682505,0.00039533704511995893,-3.688864654302597,2.6375056e-07,0.0,-3.4420242309570312,-0.00013900679338756382
2800,-0.0002469993196427822,0.0004346153626102023,-3.6888649642467497,3.0189753e-07,0.0,-6.55302619934082,-0.0001819435799796043
3000,-0.000370732945157215,0.0004998044179956196,-3.6888635396957397,5.8472153e-07,0.0,-2.1491644382476807,-0.0002141476874445436
3200,-0.00036883295979350805,0.0005472583736263914,-3.6888635218143464,3.5166738e-07,0.0,-7.819596290588379,-0.00018166261864749345
3400,-4.484382952796295e-05,0.00041843251055979637,-3.688862943649292,4.2200088e-07,0.0,-8.6076078414917,-0.0001794431872249369
3600,-0.0004867248353548348,0.0005319599364156602,-3.6888631641864777,6.583333e-07,0.0,-13.716891288757324,-0.00023909189630790805
3800,-0.00019191598403267562,0.0003164432724588551,-3.688863044977188,4.154444e-07,0.0,-8.21323299407959,-0.00015853883239196341
4000,-0.0004490357532631606,0.0002952141925561591,-3.6888620376586916,3.20971e-07,0.0,-5.37078332901001,-0.00016723498640756063
4200,-0.00039144098991528153,0.00033900405614986087,-3.688862657546997,4.6044588e-07,0.0,-5.302426338195801,-0.00020300468834140163
4400,-0.00021629378898069263,0.00023057564303599065,-3.688863092660904,3.4540892e-07,0.0,-4.553005218505859,-0.0001662969881754961
4600,-0.00013489263074006885,0.0003204156568244798,-3.6888624846935274,3.9160253e-07,0.0,-7.834885597229004,-0.00017954203567382976
4800,-0.0006438005366362631,0.00019895943933079252,-3.688862133026123,6.225705e-07,0.0,-4.2820048332214355,-0.00022976548811994845
5000,-0.0003220031503587961,0.000301453016436426,-3.68886176943779,4.452467e-07,0.0,-10.110828399658203,-0.00017578235985706847
5200,-0.0001382775226375088,0.0003373740619281307,-3.6888609409332274,3.6329033e-07,0.0,-2.528271436691284,-0.000167445324228499
5400,-0.00048613236867822707,0.00025205410638591276,-3.688860923051834,6.5386297e-07,0.0,-4.997847557067871,-0.00027243183464997767
5600,-0.0003644728276412934,0.00015793110760569106,-3.6888604879379274,4.0113926e-07,0.0,-4.988016605377197,-0.00016940489077108545
5800,-0.0006296130595728755,0.00022810368573118468,-3.6888585567474363,5.203486e-07,0.0,-4.444276809692383,-0.00026180014139161046
6000,-0.0002065816952381283,0.00019470968345558504,-3.688857835531235,2.3156404e-07,0.0,-3.049286365509033,-0.00010370186188174424
6200,-0.0002739703340921551,0.00024380728191317758,-3.68885715007782,4.956126e-07,0.0,-5.048221588134766,-0.00022185806955388188
6400,-0.00022493461437989026,0.00020337268579169178,-3.6888560235500334,2.837181e-07,0.0,-5.089548587799072,-0.0001415662394228967
6600,-0.0001996334467548877,0.00022454297795775345,-3.6888557732105256,4.082918e-07,0.0,-7.223574638366699,-0.00016933082815036028
6800,-0.00021465397730935365,0.0001383608891046606,-3.688855600357056,2.9414892e-07,0.0,-3.080057144165039,-0.0001370700298104932
7000,-0.000201179544092156,0.00017706761000226833,-3.6888552844524383,2.8192997e-07,0.0,-2.701000452041626,-0.00012401679096489814
7200,-0.0004873420693911612,0.0001574970618094085,-3.6888557732105256,4.789233e-07,0.0,-2.5225555896759033,-0.00022490113460775784
7400,-0.0004235589294694364,7.700183518863924e-05,-3.6888552963733674,4.8607586e-07,0.0,-3.3318400382995605,-0.00018974302555623267
7600,-0.0003141415072605014,0.00013115007595843053,-3.6888543128967286,4.2408703e-07,0.0,-1.9595649242401123,-0.00018893767151121344
7800,-0.00011104421719210222,9.24845738154545e-05,-3.688853311538696,3.3169982e-07,0.0,-6.5468854904174805,-0.00013656029186250861
8000,-0.0001747633796185255,0.0001730907279124949,-3.6888532102108003,3.7163497e-07,0.0,-4.401782035827637,-0.00015168045429436727
8200,-0.0001376791187794879,0.0001870091047749156,-3.6888527870178223,3.182888e-07,0.0,-2.462005376815796,-0.00014726553112383024
8400,-0.0002644490741658956,0.00016837509883771418,-3.688851660490036,3.769994e-07,0.0,-3.6494526863098145,-0.00013469608117290256
8600,-0.0004382942570373416,0.00016463125612062868,-3.6888503074645995,5.1826237e-07,0.0,-3.2508673667907715,-0.00021884951083235294
8800,-0.00030801116372458637,0.00014413065655389802,-3.6888501346111298,5.468726e-07,0.0,-6.000695705413818,-0.0002055514018483029
9000,-0.00035868535633198917,0.00010839030710485531,-3.688850164413452,3.6507845e-07,0.0,-4.401740074157715,-0.0001553363046527867
9200,-0.0005137111875228584,0.00010976750727422768,-3.6888506710529327,3.8266182e-07,0.0,-3.955533981323242,-0.0001737828032557509
9400,-0.0005210975650697947,0.0001161932612376404,-3.6888509035110473,3.9488077e-07,0.0,-6.683747291564941,-0.00017204339655245703
9600,-0.0005180918960832059,0.00010798746689033578,-3.688850373029709,4.9620866e-07,0.0,-2.5904290676116943,-0.000227293406698037
9800,-0.0004201912961434573,8.586208996348432e-05,-3.6888498961925507,4.2021276e-07,0.0,-1.123323917388916,-0.00018865352844141814
10000,-0.0003645186370704323,7.223705943033565e-05,-3.6888496577739716,4.246831e-07,0.0,-0.6604735851287842,-0.00019862038567340922
10200,-0.0004801474860869348,0.00012288087364140666,-3.6888494789600372,5.435944e-07,0.0,-3.1022400856018066,-0.00023626813435839722
10400,-0.0007939997012726963,8.635459198558237e-05,-3.688848555088043,5.00977e-07,0.0,-3.225853443145752,-0.00020921647658100895
10600,-0.0006180514465086162,9.68358068348607e-05,-3.688848203420639,4.8846005e-07,0.0,-4.652090549468994,-0.00022483111261865086
10800,-0.00037905259523540735,9.707698491183692e-05,-3.6888470470905306,5.111098e-07,0.0,-1.824906826019287,-0.00021154023774835328
11000,-0.00036605604691430926,8.72014513333852e-05,-3.6888467252254484,2.911687e-07,0.0,-0.6824710369110107,-0.000137023866320074
11200,-0.00038761828909628093,9.501678841843386e-05,-3.688846927881241,4.288554e-07,0.0,-0.49892711639404297,-0.0002120199557912983
11400,-0.00033551640808582306,7.779512880006223e-05,-3.6888466477394104,3.376603e-07,0.0,-1.428896188735962,-0.00016358591583469638
11600,-0.00041475193575024605,0.0001002401671030384,-3.6888465583324432,3.6031008e-07,0.0,-0.43225133419036865,-0.00017823183452216895
11800,-0.000549765769392252,7.802201680533472e-05,-3.6888477325439455,5.7458874e-07,0.0,-0.9268385171890259,-0.000267717720004601
12000,-0.000432868575444445,4.3306190445946416e-05,-3.6888455212116242,5.5491927e-07,0.0,-0.8691728115081787,-0.00018747462340855668
12200,-0.0003615884343162179,5.159308084330405e-05,-3.6888459026813507,6.046891e-07,0.0,-0.8276330232620239,-0.0002192043772536234
12400,-0.00045401742681860924,6.106574310251744e-05,-3.688847279548645,4.7147276e-07,0.0,-0.5633217096328735,-0.00019538122517905875
12600,-0.00039417395601049066,6.993948131821526e-05,-3.6888467133045197,4.1991473e-07,0.0,-1.2811105251312256,-0.00018536337518231248
12800,-0.00043019637814722955,5.739212947446504e-05,-3.688846319913864,3.2633542e-07,0.0,-1.9525625705718994,-0.0001638475508989934
13000,-0.0004804573254659772,6.986611624597572e-05,-3.688845133781433,5.432963e-07,0.0,-1.4273655414581299,-0.0002287946708579458
13200,-0.000562122673727572,6.854151415609522e-05,-3.6888432264328004,6.1631204e-07,0.0,-2.5030813217163086,-0.00021343557529089895
13400,-0.0002850246091838926,3.657751531136455e-05,-3.6888426423072813,3.004074e-07,0.0,-0.5478906631469727,-0.00014122748145575236
13600,-0.000728683196939528,5.177291409381723e-05,-3.688840299844742,6.330013e-07,0.0,-1.8441736698150635,-0.00031558457829987673
13800,-0.00015299693041015416,6.299919295997825e-05,-3.688839501142502,3.9458274e-07,0.0,-0.7143796682357788,-0.0001612534529545684
14000,-0.0007221142295747995,5.6204560405603846e-05,-3.688838076591492,4.4494868e-07,0.0,-0.782212495803833,-0.0002429766673483158
14200,-0.0003467330534476787,4.63291040432523e-05,-3.688838452100754,4.6551227e-07,0.0,-0.22900044918060303,-0.0001962575007459
14400,-0.0005658500595018268,0.00013038229699304792,-3.6888371467590333,5.7071446e-07,0.0,-0.37573349475860596,-0.0002351104014728822
14600,-0.00032156906672753394,6.371529980242485e-05,-3.6888381063938143,2.6792287e-07,0.0,-1.9829490184783936,-0.0001332710832825823
14800,-0.0004573843034449965,6.279933049881947e-05,-3.6888387739658355,5.3554777e-07,0.0,-0.7219365835189819,-0.0002341425277674114
15000,-0.00034605516702868044,4.806367046512605e-05,-3.6888388276100157,4.029274e-07,0.0,-0.4732259511947632,-0.00018658908460811308
15200,-0.00015869988419581205,4.3471428034536076e-05,-3.6888377487659456,2.4348498e-07,0.0,-2.1063737869262695,-0.00012006251581051509
15400,-0.0003965647774748504,4.0131285595634834e-05,-3.6888363122940064,4.6998264e-07,0.0,-0.4331134557723999,-0.0002178071910333923
15600,-0.0005090822814963758,3.3783795015551735e-05,-3.6888340771198274,4.380941e-07,0.0,-1.07157301902771,-0.00019018228742648802
15800,-0.00038018974009901285,3.77924875010649e-05,-3.688833844661713,3.093481e-07,0.0,-1.082122802734375,-0.00016674332364665644
16000,-0.0004346480709500611,3.45441438639682e-05,-3.6888335287570952,3.042817e-07,0.0,-1.152580976486206,-0.0001503504068950001
16200,-0.0004247744509484619,4.5084029261488466e-05,-3.688833397626877,4.976988e-07,0.0,-0.3868253231048584,-0.00019423475914415178
16400,-0.0005083432770334184,3.375580013198487e-05,-3.6888302683830263,4.965067e-07,0.0,-0.48281872272491455,-0.00020769864247189852
16600,-0.00020189025963190943,2.8776846102118724e-05,-3.6888329088687897,4.0054323e-07,0.0,-0.0848010778427124,-0.0001776702571319233
16800,-0.0003942145558539778,4.233736003698141e-05,-3.6888272166252136,3.9458274e-07,0.0,-0.3649088144302368,-0.00016453828766822555
17000,-0.0006562841008417308,4.2984242008969885e-05,-3.6888287246227263,5.578995e-07,0.0,-0.016868948936462402,-0.00024022033831534452
17200,-0.0004159674281254411,6.433981188820325e-05,-3.6888292372226714,4.4584274e-07,0.0,0.057038962841033936,-0.00021553354066314868
17400,-0.0005253356648609042,3.591240742935042e-05,-3.6888324320316315,3.7789346e-07,0.0,-0.06378936767578125,-0.0001872525814869519
17600,-0.0006373096839524806,2.0695259308922687e-05,-3.688831514120102,5.0902366e-07,0.0,-0.4946845769882202,-0.00022951240860424882
17800,-0.0003616624453570694,1.9737983870982133e-05,-3.6888305842876434,5.066395e-07,0.0,-1.3235187530517578,-0.00020576304068393726
18000,-0.00035035161999985576,5.000419018870161e-05,-3.688825911283493,4.908443e-07,0.0,-0.056867122650146484,-0.00019031068733628144
18200,-0.0004438041360117495,2.4894078205761615e-05,-3.688829296827316,2.962351e-07,0.0,-0.8135895729064941,-0.0001611452825420745
18400,-0.00022899026225786656,2.6085607623826944e-05,-3.6888272881507875,4.2527915e-07,0.0,-0.15190660953521729,-0.00017687189357185051
18600,-0.0004981581587344408,3.95510985981673e-05,-3.6888265669345857,4.4882296e-07,0.0,-0.18567442893981934,-0.00019748309930742725
18800,-0.0002138650743290782,2.20751082224524e-05,-3.688825309276581,3.9219856e-07,0.0,-0.3383827209472656,-0.00017207068666267312
19000,-0.0006117831217125058,1.4735727495462924e-05,-3.6888247668743133,5.719066e-07,0.0,0.09687334299087524,-0.0002319459763185705
19200,-0.000681400706525892,3.3725438470355584e-05,-3.688824361562729,3.245473e-07,0.0,-0.19770872592926025,-0.00016568924556734644
19400,-0.0003763851127587259,3.951974194933427e-05,-3.688823801279068,5.2154064e-07,0.0,-0.10780608654022217,-0.0002362456122996237
19600,-0.000504257739521563,1.4644783459516474e-05,-3.6888211369514465,3.5583975e-07,0.0,0.1037067174911499,-0.0001676877223296902
19800,-0.0005571253132075071,2.5569578201611876e-05,-3.6888195157051085,4.684925e-07,0.0,-0.28079354763031006,-0.00023714104153400585
20000,-0.0004143815895076841,2.386375558671716e-05,-3.6888194501399996,4.658103e-07,0.0,-0.020323634147644043,-0.0002037948355093744
20200,-0.0004976216587238014,1.3943649355496745e-05,-3.6888176262378694,5.728007e-07,0.0,-0.242706298828125,-0.0002556545208040051
20400,-0.0004078502824995667,1.664686055846687e-05,-3.688813841342926,5.5879354e-07,0.0,-0.26360023021698,-0.0002171094185138056
20600,-0.0005314290756359696,2.252387535008893e-05,-3.6888179779052734,4.6730042e-07,0.0,0.009381890296936035,-0.00023604515188679898
20800,-0.0001686523319222033,2.7733202068702666e-05,-3.6888181924819947,5.525351e-07,0.0,0.0010803937911987305,-0.00020906476605397906
21000,-0.0005944634904153645,4.3426298498161485e-05,-3.688820457458496,4.6163797e-07,0.0,0.17990589141845703,-0.00023149129657553668
21200,-0.0007331115193665028,1.4686806525787689e-05,-3.688822549581528,7.6383355e-07,0.0,-0.2666419744491577,-0.0003265334928469699
21400,-0.0004619384417310357,1.298790650707815e-05,-3.688819032907486,5.64158e-07,0.0,0.020720303058624268,-0.00022825064729796728
21600,-0.0005679716123268008,2.9466693422364188e-05,-3.6888155341148376,4.297495e-07,0.0,0.008869647979736328,-0.0001838662325939211
21800,-0.000487398385303095,2.9143740130166405e-05,-3.6888149201869966,3.9100644e-07,0.0,-0.26021718978881836,-0.00016146765666995576
22000,-0.0004211889172438532,2.0347714462332077e-05,-3.688815748691559,4.2438506e-07,0.0,0.04075026512145996,-0.00019005304565649083
22200,-0.0006183044170029461,2.2178599056132953e-05,-3.6888157546520235,4.7266482e-07,0.0,-0.009106159210205078,-0.00022207673562792962
22400,-0.0004278280830476433,3.3748255009413694e-05,-3.6888119280338287,5.0365924e-07,0.0,-0.023851513862609863,-0.0002277064466134071
22600,-0.0006371973431669176,1.923942818393698e-05,-3.688812494277954,3.8951634e-07,0.0,0.2518776059150696,-0.00021290616811966422
22800,-0.0003357760142534971,1.0768516892767365e-05,-3.688812881708145,2.6017426e-07,0.0,-0.20327305793762207,-0.00016543068028420648
23000,-0.0006175740854814649,1.53772069097613e-05,-3.688811868429184,5.5640936e-07,0.0,0.11219942569732666,-0.00023466865891339506
23200,-0.0006822882569395006,1.533633267172263e-05,-3.6888075888156893,5.5521724e-07,0.0,-0.09930813312530518,-0.00024313500499535402
23400,-0.0006153752910904586,1.709690911866346e-05,-3.688811016082764,5.2988526e-07,0.0,-0.2369786500930786,-0.00023177191661765127
23600,-0.00040920256287790835,2.6169992952418398e-05,-3.688814115524292,4.3570998e-07,0.0,0.048970937728881836,-0.0002057681824762847
23800,-0.0004225898301228881,1.7268045462515146e-05,-3.6888146340847014,4.6312806e-07,0.0,0.09291315078735352,-0.00019234079285896933
24000,-0.0004646374436561018,1.870605535714276e-05,-3.6888091444969175,3.6239624e-07,0.0,0.09054648876190186,-0.0001854968510936139
24200,-0.0005739448824897408,1.4796004802519746e-05,-3.6888108968734743,6.1780213e-07,0.0,-0.06056535243988037,-0.0002309182090842743
24400,-0.0003700054658111185,1.818327448290802e-05,-3.688814675807953,2.723932e-07,0.0,-0.009943127632141113,-0.0001199572234148738
24600,-0.00031716946978121996,1.2799234809790505e-05,-3.68881299495697,4.8846005e-07,0.0,0.13443344831466675,-0.0002108438625609832
24800,-0.0005308722611516714,1.784763203431794e-05,-3.688810569047928,4.094839e-07,0.0,0.12104654312133789,-0.00020644402501033277
25000,-0.0006517661386169493,2.4320414104295197e-05,-3.6888122260570526,6.4611436e-07,0.0,0.03235965967178345,-0.00027262441879591923
25200,-0.0007658798713237047,1.0454718847086042e-05,-3.6888052105903624,4.3183567e-07,0.0,0.18932467699050903,-0.00021386123469167018
25400,-0.0007234378135763109,2.219664033873414e-05,-3.6888045966625214,5.421042e-07,0.0,0.03778636455535889,-0.00028160228683895563
25600,-0.0003617370966821909,2.3177187131295796e-05,-3.6888067007064818,4.443526e-07,0.0,-0.21949076652526855,-0.0002001424861650669
25800,-0.00036491581704467535,1.7225769715878415e-05,-3.688809025287628,3.2603742e-07,0.0,-0.008575797080993652,-0.00016606900849853724
26000,-0.0006301098619587719,1.8428757448418766e-05,-3.6888051271438598,5.620718e-07,0.0,0.001165151596069336,-0.00025525096746287224
26200,-0.0004998194053769112,1.5843595770093087e-05,-3.688810110092163,4.9442053e-07,0.0,-0.0047310590744018555,-0.0002051722258401889
26400,-0.00011103419092250988,1.7905315303323732e-05,-3.6888056099414825,3.7044288e-07,0.0,-0.015817761421203613,-0.00019584997951096472
26600,-0.0005100448033772409,3.730403964254947e-05,-3.6888073086738586,4.1157008e-07,0.0,-0.016034603118896484,-0.0001995443415618192
26800,-0.00039732668665237725,6.581391035069828e-05,-3.6888038575649262,4.4375656e-07,0.0,0.01720649003982544,-0.00020636755163536691
27000,-0.00034086842788383365,2.371973523622728e-05,-3.6888036906719206,4.3690204e-07,0.0,-0.20083582401275635,-0.00020383871260947205
27200,-0.00042977367411367595,1.8473180557521118e-05,-3.688810706138611,5.143881e-07,0.0,0.03772515058517456,-0.00019717441405564529
27400,-0.00042646899237297475,4.000334170086717e-05,-3.688808631896973,4.87864e-07,0.0,0.0121384859085083,-0.0002216081881523557
27600,-0.0003153628495056182,2.58134250088915e-05,-3.6888038873672486,3.388524e-07,0.0,-0.11882925033569336,-0.00015120637459919983
27800,-0.0005066990852355957,1.1207319425921014e-05,-3.688807463645935,3.7372112e-07,0.0,0.19403010606765747,-0.00016345493466882744
28000,-0.0007230076007544994,3.455692053648818e-05,-3.688811320066452,6.6071755e-07,0.0,-0.03330647945404053,-0.00028336188979796175
28200,-0.00048152267117984593,1.0687482802040905e-05,-3.688808387517929,5.8978793e-07,0.0,-0.12210893630981445,-0.0002246168736893317
28400,-0.0008015793282538652,1.8594011817185673e-05,-3.6888115644454955,6.482005e-07,0.0,0.05805158615112305,-0.0002687774512835528
28600,-0.00045824184780940413,1.0595435253435425e-05,-3.6888127863407134,4.62532e-07,0.0,0.26847636699676514,-0.00022193122424489785
28800,-0.000353997660567984,2.2636942571807594e-05,-3.68881271481514,3.707409e-07,0.0,-0.12125563621520996,-0.0001716322528611647
29000,-0.0005661511677317321,3.8697037916790576e-05,-3.688813453912735,4.8279765e-07,0.0,0.06386470794677734,-0.0002064956059543821
29200,-0.000306672794977203,3.4854587056543096e-05,-3.6888106763362885,3.7044285e-07,0.0,0.08695673942565918,-0.00018727862082101865
29400,-0.0005892858025617898,1.7348948381368247e-05,-3.688810592889786,4.4435262e-07,0.0,-0.12543928623199463,-0.0002005872000021558
29600,-0.0004734635876957327,2.7258289446763228e-05,-3.6888082921504974,4.503131e-07,0.0,-0.09341895580291748,-0.0001974944856472094
29800,-0.0004573741171043366,1.4234151785785798e-05,-3.6888075947761534,3.2633542e-07,0.0,-0.03296530246734619,-0.00017128609084968716
30000,-0.0007125789416022599,1.032411086043794e-05,-3.6888099789619444,5.212426e-07,0.0,0.1590210199356079,-0.00022951861476743217
30200,-0.0010432552080601454,2.0910990792799565e-05,-3.6888068675994874,8.09133e-07,0.0,0.0412287712097168,-0.0002936586571613553
30400,-0.000126285754959099,4.113785175832163e-05,-3.6888129472732545,4.351139e-07,0.0,0.08368748426437378,-0.00016651156743647811
30600,-0.0004873645375482738,3.754490558094403e-05,-3.688810235261917,5.194545e-07,0.0,-0.1645793914794922,-0.0002435994214621484
30800,-0.00045610437518917024,2.406225810318574e-05,-3.6888123393058776,4.8428774e-07,0.0,0.009477853775024414,-0.0002142651986404176
31000,-0.0004901010543107986,4.2546608710836153e-05,-3.688809704780579,4.8041346e-07,0.0,0.006297647953033447,-0.00021564990308069464
31200,-0.0003268264408688992,1.411441562595428e-05,-3.688808226585388,2.6792287e-07,0.0,-0.0805516242980957,-0.0001259032569136842
31400,-0.00022065801022108644,1.4526212453347398e-05,-3.6888096153736116,3.167987e-07,0.0,0.15973591804504395,-0.00017872899837856338
31600,-0.0003919975715689361,3.3750617285477345e-05,-3.6888089060783384,3.1292439e-07,0.0,-0.0913311243057251,-0.0001547194013257869
31800,-0.00048565122415311635,4.5765189179292064e-05,-3.6888056695461273,4.1246415e-07,0.0,0.008051276206970215,-0.00019613887340472758
32000,-0.00020839115313719958,2.3473825876862975e-05,-3.6888046681880953,3.2633542e-07,0.0,-0.15291690826416016,-0.0001585412766074268
32200,-0.0005347272963263094,1.5355632672253706e-05,-3.6888075709342956,5.3167344e-07,0.0,-0.015172123908996582,-0.00025106789075879377
32400,-0.00034962836070917547,2.5587247318981098e-05,-3.688807284832001,2.9176474e-07,0.0,0.02658611536026001,-0.00015431282339628538
32600,-0.0004162354161962867,1.3658753550771507e-05,-3.688808035850525,3.5673378e-07,0.0,0.10515034198760986,-0.00018280978522795533
32800,-0.0005015949136577547,1.2542679178295657e-05,-3.688806337118149,4.4375662e-07,0.0,-0.07771420478820801,-0.00018048492161355513
33000,-0.000477342342492193,1.406299027166824e-05,-3.6888054728507997,4.7147273e-07,0.0,0.18692100048065186,-0.0002006935701941437
33200,-0.00032447080593556166,4.247867091180524e-05,-3.688806802034378,4.5120717e-07,0.0,0.0495186448097229,-0.00019901824080386098
33400,-0.0006570104160346091,3.699005214912177e-05,-3.688807284832001,6.997585e-07,0.0,0.07511657476425171,-0.0002853050838118154
33600,-0.000574789650272578,3.608365677791881e-05,-3.6888062179088594,5.4121017e-07,0.0,0.08219558000564575,-0.0002126159958263596
33800,-0.0005407387507148087,2.585790512057429e-05,-3.6888057351112367,5.611777e-07,0.0,0.02785778045654297,-0.0002207598086209739
34000,-0.00037844767211936414,3.9212743467942345e-05,-3.6888074696063997,3.1709672e-07,0.0,-0.010964512825012207,-0.00016030217683935533
34200,-0.0004678374098148197,1.7230572484550067e-05,-3.6888084530830385,3.5554172e-07,0.0,-0.06477546691894531,-0.00019877816771383117
34400,-0.0003953564737457782,2.373473257648584e-05,-3.6888051331043243,4.62234e-07,0.0,-0.0027469396591186523,-0.00020973438853566506
34600,-0.00038481454248540103,4.120510720895254e-05,-3.6888073801994326,4.312396e-07,0.0,0.05774480104446411,-0.00019436299502033626
34800,-0.0005743342917412519,3.2069741746454386e-05,-3.688804990053177,4.87566e-07,0.0,0.08049976825714111,-0.00022748750361905045
35000,-0.0005922604468651116,1.2785074216026259e-05,-3.688802206516266,5.0544736e-07,0.0,0.031785547733306885,-0.00024612969215844773
35200,-0.0004248709010425955,2.5097015668507084e-05,-3.6888046741485594,3.898144e-07,0.0,0.0367426872253418,-0.00016928020215073447
35400,-0.0004354332631919533,5.7219574500777526e-05,-3.688806426525116,3.7670137e-07,0.0,0.008241593837738037,-0.0001642982376536928
35600,-0.0006791491759940982,3.156261423100659e-05,-3.688805454969406,6.41346e-07,0.0,0.07598024606704712,-0.00028247028585337564
35800,-0.0007070604478940368,3.4705317875705075e-05,-3.688808983564377,5.432963e-07,0.0,-0.011168241500854492,-0.0002302539811147586
36000,-0.0003381580754648894,2.4971917537186527e-05,-3.688806653022766,4.2855737e-07,0.0,0.09506630897521973,-0.00019671447487554783
36200,-0.0003350554616190493,2.6607922382027028e-05,-3.6888054609298706,5.280972e-07,0.0,-0.02251458168029785,-0.0002423798967835511
36400,-0.00039868123712949455,2.351489986267552e-05,-3.6888059198856356,2.7626754e-07,0.0,-0.006717324256896973,-0.00013480400241618895
36600,-0.00045283904182724655,2.086842182507098e-05,-3.6888049125671385,4.4703484e-07,0.0,0.08036208152770996,-0.00020534374360630102
36800,-0.0005385595723055303,1.2718667494482361e-05,-3.6888036131858826,4.3153761e-07,0.0,-0.055367231369018555,-0.00021779813733132646
37000,-0.00038747614598833025,1.7038052965290264e-05,-3.6888033926486967,3.5822393e-07,0.0,-0.09228932857513428,-0.0001688113299067595
37200,-0.0002820859954226762,1.7537260077915562e-05,-3.6888032615184785,4.154444e-07,0.0,0.15798145532608032,-0.0002212438508391923
37400,-0.0003413762024138123,1.8680981816032728e-05,-3.688800650835037,3.069639e-07,0.0,0.13011181354522705,-0.00015264183313070667
37600,-0.0006122093764133751,2.8285667303862284e-05,-3.6888012886047363,3.7193297e-07,0.0,0.17172670364379883,-0.0001819562832577226
37800,-0.00033315521432086825,2.0512660330496147e-05,-3.6887998580932617,2.7507542e-07,0.0,0.07206934690475464,-0.0001440036215239582
38000,-0.00033805385464802384,3.142557911814947e-05,-3.6887984395027162,3.7670134e-07,0.0,-0.08666884899139404,-0.00018860306535382066
38200,-0.00034510192926973104,2.8159317071185797e-05,-3.6887983202934267,4.3809416e-07,0.0,0.035684287548065186,-0.00019336628521342546
38400,-0.0005299643962644041,1.677968136846175e-05,-3.6888004422187803,5.25415e-07,0.0,0.0990409255027771,-0.00024003809644137508
38600,-0.00041051895823329687,1.835690775351395e-05,-3.6887978196144102,5.7905913e-07,0.0,-0.08480238914489746,-0.0002214273734100658
38800,-0.0003731111064553261,7.735841163594159e-05,-3.688798499107361,3.993511e-07,0.0,-0.004563808441162109,-0.00019636906375637974
39000,-0.0005732197314500809,1.3984689928747684e-05,-3.6888003170490267,5.8740375e-07,0.0,-0.2082000970840454,-0.00026163269548260535
39200,-0.0004488855483941734,3.024609518433863e-05,-3.688796192407608,6.696582e-07,0.0,0.19240260124206543,-0.00027158203591989285
39400,-0.0004742741584777832,2.9668427305296064e-05,-3.6887985527515412,4.1276218e-07,0.0,-0.08526778221130371,-0.00019014999348473393
39600,-0.0003875438997056335,1.3345237380235631e-05,-3.6887950956821443,4.6998264e-07,0.0,0.05252361297607422,-0.00022239446782139626
39800,-0.00031457553268410265,1.8485846294424845e-05,-3.6887970864772797,3.8474795e-07,0.0,-0.040190935134887695,-0.00017551197774512417
40000,-0.0005568580236285925,2.6637192559064714e-05,-3.6887906432151794,4.9203635e-07,0.0,0.09617936611175537,-0.00022098801209973206
40200,-0.0005560069694183767,1.6346333768524347e-05,-3.688797873258591,3.4958123e-07,0.0,-0.09176325798034668,-0.00017735560046201472
40400,-0.00036641882616095245,1.6855066837706546e-05,-3.6887928903102876,3.5762787e-07,0.0,-0.0020134449005126953,-0.00016943597847380866
40600,-0.00044174541835673153,2.510229105610051e-05,-3.688792037963867,5.1379203e-07,0.0,-0.20627927780151367,-0.00020630866192927755
40800,-0.0006203692173585296,4.135530562052736e-05,-3.6887953877449036,5.7548283e-07,0.0,0.02382868528366089,-0.0002719477107912205
41000,-0.00024143846530932933,1.0311272035323782e-05,-3.688799721002579,5.993247e-07,0.0,0.222198486328125,-0.0002506369927711916
41200,-0.000926117179915309,1.1372151584509993e-05,-3.688800597190857,6.377697e-07,0.0,0.2094441056251526,-0.0002681485784172821
41400,-0.0004234487423673272,3.107478692072618e-05,-3.688795894384384,5.9336423e-07,0.0,-0.2661631107330322,-0.0002541101275333357
41600,-0.000511127058416605,2.3505220974584516e-05,-3.6887987315654756,5.212426e-07,0.0,0.07887810468673706,-0.00022146892547452167
41800,-0.0005244230851531029,3.9421651808879685e-05,-3.6887967109680178,4.4792887e-07,0.0,-0.06215095520019531,-0.00023030012642073495
42000,-0.0004668196488637477,1.7638959752730444e-05,-3.688796544075012,4.2438506e-07,0.0,0.07414054870605469,-0.00020066151497213358
42200,-0.0004180755640845746,1.9839488163597708e-05,-3.6887939810752868,3.951788e-07,0.0,0.18461084365844727,-0.00020009051371472353
42400,-0.0006319194217212498,2.034493031715101e-05,-3.6887896418571473,5.340576e-07,0.0,-0.08090543746948242,-0.0002471419716362
42600,-0.0003385868913028389,1.830769210755534e-05,-3.688789302110672,2.834201e-07,0.0,-0.11921441555023193,-0.00013186245057317247
42800,-0.0002483560820110142,1.419579356252143e-05,-3.6887886941432955,2.8550625e-07,0.0,0.11515271663665771,-0.00014012831469081277
43000,-0.0005382863455452025,1.5174375062088074e-05,-3.6887861251831056,4.780293e-07,0.0,0.05872529745101929,-0.00022020851773573157
43200,-0.00021121562167536467,2.8101033240091056e-05,-3.6887744843959807,4.4763087e-07,0.0,0.06177932024002075,-0.00022233258785921972
43400,-0.0004624003195203841,1.7723098130772998e-05,-3.6887824058532717,4.3272973e-07,0.0,-0.10250234603881836,-0.00021150042132114243
43600,-0.000365763291483745,3.0189564131433145e-05,-3.6887754678726195,5.951524e-07,0.0,-0.027663588523864746,-0.0002492109583470237
43800,-0.00034971832064911723,2.5883759872158407e-05,-3.688775098323822,4.6402215e-07,0.0,0.07794415950775146,-0.00021217481739244093
44000,-0.0006627825205214322,1.461869867398491e-05,-3.6887671172618868,4.5448542e-07,0.0,0.06393420696258545,-0.00019995068226956735
44200,-0.0006625947426073253,2.1395834528448178e-05,-3.688775563240051,4.890561e-07,0.0,-0.04180192947387695,-0.0002225301411809877
44400,-0.0005816755001433194,2.0136134457970913e-05,-3.6887761533260344,4.0769578e-07,0.0,-0.007246494293212891,-0.00018123367303781723
44600,-0.00033948940108530223,1.6398292109442993e-05,-3.6887750923633575,3.8951637e-07,0.0,0.23572653532028198,-0.0001851303883274147
44800,-0.0006315615610219538,1.4204933859218726e-05,-3.6887694895267487,6.3449147e-07,0.0,0.02324223518371582,-0.00027390290792188575
45000,-0.0005715033039450645,1.930654343595961e-05,-3.688768130540848,5.280972e-07,0.0,0.12447124719619751,-0.0002527517350527031
45200,-0.0006050100782886147,1.2078850113539375e-05,-3.6887720227241516,5.120039e-07,0.0,-0.01708996295928955,-0.00024942888500438797
45400,-0.0005056143272668123,3.128186281173839e-05,-3.688772016763687,6.020069e-07,0.0,0.08829951286315918,-0.00025930525526245417
45600,-0.0006211957079358399,1.9885148230969207e-05,-3.688768517971039,4.2319297e-07,0.0,0.03757435083389282,-0.00022182088366435871
45800,-0.0007393896812573075,3.276281936450687e-05,-3.6887641131877897,7.021427e-07,0.0,0.025174260139465332,-0.0002622279689133533
46000,-0.0005957508692517877,1.0432198882881493e-05,-3.6887703061103823,4.082918e-07,0.0,-0.09048402309417725,-0.000220489337762958
46200,-0.00031942754867486656,1.717855370770849e-05,-3.688768041133881,4.4494865e-07,0.0,-0.049276113510131836,-0.0002242346708603904
46400,-0.0005393365281634033,1.1323987109790323e-05,-3.688763350248337,3.85046e-07,0.0,0.021363794803619385,-0.00015712458809127305
46600,-0.0004391274705994874,4.678481109294807e-05,-3.6887691020965576,3.951788e-07,0.0,-0.004137873649597168,-0.00018296384205358508
46800,-0.0005258378805592656,1.5576997543576e-05,-3.6887701570987703,4.3541195e-07,0.0,0.09294039011001587,-0.0001984266036741955
47000,-0.0004503146046772599,2.0745050869663827e-05,-3.6887728452682493,5.13494e-07,0.0,-0.05104076862335205,-0.00023407913098378864
47200,-0.0003048144280910492,8.779145855442038e-06,-3.6887680172920225,4.0084126e-07,0.0,-0.06810355186462402,-0.00018098123481991024
47400,-0.0004704586463049054,1.026495024234464e-05,-3.68876531124115,5.337596e-07,0.0,-0.11938238143920898,-0.00021873004905619274
47600,-0.0006401397404260933,1.542403833809658e-05,-3.6887678802013397,5.429983e-07,0.0,0.0496065616607666,-0.0002290800658914627
47800,-0.00048554709064774215,1.8633321133165737e-05,-3.6887733399868012,4.8428774e-07,0.0,0.09885650873184204,-0.00020391417998564255
48000,-0.0005423743859864771,2.51695985753031e-05,-3.688765698671341,6.207824e-07,0.0,0.13278067111968994,-0.0002589914175177732
48200,-0.0005131883663125336,7.117786435628659e-05,-3.688757050037384,5.397201e-07,0.0,-0.002042055130004883,-0.00022453588089228483
48400,-0.0005346601246856153,1.777128322828503e-05,-3.6887549817562104,4.4494868e-07,0.0,0.1383044719696045,-0.00023039765616759134
48600,-0.0003884218167513609,1.4326580890156038e-05,-3.688758909702301,3.2305718e-07,0.0,-0.19797372817993164,-0.00015406740490431226
48800,-0.0004341619205661118,2.3508019739892917e-05,-3.6887577295303347,3.5613775e-07,0.0,0.029179871082305908,-0.00018779658667062994
49000,-0.00047209530021063983,1.3305205879987624e-05,-3.6887586772441865,6.0379506e-07,0.0,0.00422060489654541,-0.00029248121665568225
49200,-0.0004389762179926038,3.4395200191283945e-05,-3.688751447200775,5.7309865e-07,0.0,-0.06420719623565674,-0.00026425883074718823
49400,-0.00047144966083578765,2.7030924752580176e-05,-3.688747102022171,5.1766636e-07,0.0,0.03181415796279907,-0.00023442357680527603
49600,-0.0004777997964993119,1.8905265574176155e-05,-3.6887556314468384,4.0054323e-07,0.0,-0.03579413890838623,-0.00019002355535371329
49800,-0.0005943768774159253,3.4168374395449066e-05,-3.6887623071670532,4.297495e-07,0.0,0.0964592695236206,-0.0002146315871158322
50000,-0.0006325814756564796,1.3157970943211695e-05,-3.6887509346008303,5.468726e-07,0.0,-0.14588665962219238,-0.0002681303316477646
50200,-0.00044311105739325285,3.492268651825725e-05,-3.6887524008750914,4.899502e-07,0.0,0.03851062059402466,-0.00020817880292316459
50400,-0.0006695921765640378,1.550876247620181e-05,-3.6887462615966795,5.3405756e-07,0.0,0.04270738363265991,-0.00023977465762619054
50600,-0.0002599698200356215,8.988299134671251e-06,-3.688754063844681,5.069375e-07,0.0,0.0009388923645019531,-0.00019025982918332573
50800,-0.0006640813662670553,2.5525360706524224e-05,-3.6887450993061064,4.9442053e-07,0.0,0.17516005039215088,-0.00024495395131247656
51000,-0.000731215113773942,1.9551087189029203e-05,-3.688743495941162,6.100536e-07,0.0,-0.23533833026885986,-0.0002598339030541852
51200,-0.0006804585573263466,1.7662346635916037e-05,-3.6887414932250975,5.9723857e-07,0.0,-0.07468640804290771,-0.0002661798606913623
51400,-0.0005652557592839003,3.179144841851667e-05,-3.6887428224086762,4.708767e-07,0.0,-0.09393298625946045,-0.0002431897687603879
51600,-0.00039208706584759057,2.739278997978545e-05,-3.688736546039581,3.5881996e-07,0.0,0.01723247766494751,-0.00019927822698571074
51800,-0.0004993873299099505,1.2884982879768359e-05,-3.6887445211410523,2.8461218e-07,0.0,0.06205475330352783,-0.00015252138637606994
52000,-0.000560173240955919,1.3141842214281495e-05,-3.688742828369141,5.4091214e-07,0.0,0.1712849736213684,-0.00024922034118253223
52200,-0.0005760058993473649,2.372302110416058e-05,-3.688737988471985,5.912781e-07,0.0,-0.029451727867126465,-0.00025246897413877534
52400,-0.00020548346219584346,2.5675938195490745e-05,-3.6887354493141173,3.7103894e-07,0.0,0.04872041940689087,-0.00016147950307687786
52600,-0.0007619573152624071,1.3860620595096406e-05,-3.6887465894222258,7.426739e-07,0.0,0.005622565746307373,-0.00031237069309781874
52800,-0.0005871082539670169,1.44243595059379e-05,-3.688744103908539,4.8398977e-07,0.0,0.06451928615570068,-0.00018852802067328422
53000,-0.0004333122633397579,2.2409363850783848e-05,-3.6887515604496004,4.7266485e-07,0.0,0.054691195487976074,-0.0002097194123216628
53200,-0.0004566841234918684,1.733168269311136e-05,-3.6887431204319,4.246831e-07,0.0,0.05550062656402588,-0.0001800386448251201
53400,-0.0004483228549361229,3.957844296564872e-05,-3.688732260465622,4.6938658e-07,0.0,0.08962154388427734,-0.00022707776574129034
53600,-0.00037571327993646264,1.9170219457009807e-05,-3.688742518424988,3.7848952e-07,0.0,-0.056653618812561035,-0.00016043607776055068
53800,-0.000517853710334748,1.7608241660127532e-05,-3.688737064599991,5.5134296e-07,0.0,0.13260984420776367,-0.00022915666433265258
54000,-0.0003938360314350575,1.869639070264384e-05,-3.6887373089790345,3.156066e-07,0.0,0.042439937591552734,-0.00016016519116113237
54200,-0.0004017882456537336,2.7530041006684768e-05,-3.688743996620178,3.1888484e-07,0.0,0.18043416738510132,-0.0001509660105518673
54400,-0.00033863811404444277,2.8650316016864964e-05,-3.6887376487255095,2.783537e-07,0.0,-0.04257762432098389,-0.000146346405817388
54600,-0.0003522754122968763,2.1986799652040645e-05,-3.68873016834259,4.2378906e-07,0.0,0.11287528276443481,-0.00019257599112865176
54800,-0.0002502339775674045,1.6889248081497497e-05,-3.688727080821991,2.6792287e-07,0.0,0.13011813163757324,-0.00011839770558512708
55000,-0.0004977314965799451,1.4376089552570193e-05,-3.688723158836365,5.0395727e-07,0.0,0.008535683155059814,-0.0002248527181990312
55200,-0.000643106468487531,2.018967061303556e-05,-3.688734269142151,4.7862534e-07,0.0,0.05244266986846924,-0.00022282750851911892
55400,-0.00032596898381598294,1.0211781875568704e-05,-3.6887299060821532,3.8355589e-07,0.0,-0.23264801502227783,-0.00015899120366815733
55600,-0.0006072681280784309,1.6536066527805816e-05,-3.68871523141861,5.212426e-07,0.0,-0.2565819025039673,-0.00023427482179316783
55800,-0.0005737299215979874,1.3852890674570517e-05,-3.6887422442436217,4.4435262e-07,0.0,0.09123635292053223,-0.0002117612209930897
56000,-0.0008143601007759571,1.5910285878817376e-05,-3.6887286365032197,5.927682e-07,0.0,0.19502323865890503,-0.0002538614413622353
56200,-0.0003926186473108828,2.049024465122784e-05,-3.688742828369141,5.212426e-07,0.0,0.041425347328186035,-0.00022235924809534957
56400,-0.00041047020931728184,4.961750673828647e-05,-3.6887336909770965,3.5166738e-07,0.0,0.042015254497528076,-0.00017438097247803874
56600,-0.0005870155873708427,2.0729993661916523e-05,-3.688731873035431,5.1259997e-07,0.0,0.19519579410552979,-0.00022198945216411747
56800,-0.00039172873948700726,3.049689080398821e-05,-3.6887252032756805,5.683303e-07,0.0,0.01678520441055298,-0.00022575139955360868
57000,-0.0004229643091093749,2.3827626546335522e-05,-3.68873091340065,5.942583e-07,0.0,-0.04371976852416992,-0.000213479152651197
57200,-0.0006645672256127,2.2955481222197703e-05,-3.6887192249298097,5.1647424e-07,0.0,0.02541828155517578,-0.00022579678921466061
57400,-0.0005475290818139911,3.2993252216328986e-05,-3.6887270748615264,4.1753054e-07,0.0,0.11721676588058472,-0.00019534678792472172
57600,-0.0002804951509460807,4.088097307430871e-05,-3.6887252032756805,3.2991173e-07,0.0,-0.036183714866638184,-0.0001785683025987028
57800,-0.0005642161704599857,2.03766676804662e-05,-3.688738042116165,6.5624715e-07,0.0,0.10756289958953857,-0.00027995948429537787
58000,-0.00042193804983980954,3.395990479475586e-05,-3.688737541437149,3.2424927e-07,0.0,0.07691389322280884,-0.00018263967219065425
58200,-0.0005295563023537397,2.314188018317509e-05,-3.6887413382530214,4.2676925e-07,0.0,-0.015089869499206543,-0.00019790989023136252
58400,-0.0005808395217172801,1.7067253497771163e-05,-3.68872794508934,4.4733287e-07,0.0,0.21838825941085815,-0.00021773073107311802
58600,-0.0004407469241414219,1.6955817477537495e-05,-3.6887291967868805,2.601743e-07,0.0,-0.15330958366394043,-0.00013923028070483845
58800,-0.0003557621384970844,2.014426488585741e-05,-3.688729327917099,4.1097405e-07,0.0,-0.005747556686401367,-0.00019828260047747293
59000,-0.00041624452569521964,2.4824579622872988e-05,-3.6887241542339324,5.1558015e-07,0.0,-0.14529776573181152,-0.00022306956327784456
59200,-0.0003359681577421725,2.2707298535351582e-05,-3.6887282133102417,3.9726496e-07,0.0,-0.07931363582611084,-0.0001797709467239228
59400,-0.0003658585192169994,2.100405570217845e-05,-3.688726246356964,4.1157008e-07,0.0,0.19503015279769897,-0.0001924784425002102
59600,-0.00035066300188191235,2.3772759072926418e-05,-3.688731628656387,5.4210426e-07,0.0,0.03658252954483032,-0.00021562337108501639
59800,-0.0007471598219126463,1.58020120807123e-05,-3.6887380480766296,5.209446e-07,0.0,0.23536664247512817,-0.0002499953042647718
60000,-0.0004073769669048488,2.3624886648576648e-05,-3.68872994184494,6.0200693e-07,0.0,0.04725289344787598,-0.0002539827007494777
60200,-0.0006377714453265071,1.1755261255075311e-05,-3.688725954294205,6.556511e-07,0.0,0.06365883350372314,-0.00029578211303396
60400,-0.0006522628245875239,2.3500473866988612e-05,-3.6887358903884886,4.5150517e-07,0.0,0.10987317562103271,-0.00019191646614244995
60600,-0.0006767046870663762,3.199458565177338e-05,-3.688728815317154,5.0276515e-07,0.0,0.06496065855026245,-0.00023901056762496432
60800,-0.00025155339972116053,2.502409383851045e-05,-3.6887253522872925,3.0398368e-07,0.0,0.12257885932922363,-0.00015506711623807233
61000,-0.00042283913353458047,2.4501515963493147e-05,-3.688729387521744,3.7789346e-07,0.0,-0.08990943431854248,-0.0001875344665643208
61200,-0.0004957347409799695,1.5203083944470563e-05,-3.6887185752391813,4.452467e-07,0.0,0.0074765682220458984,-0.00021155169727320454
61400,-0.00040698039811104536,1.720141988243995e-05,-3.6887201964855194,4.7385694e-07,0.0,0.04395091533660889,-0.00022451354402255319
61600,-0.0005703455535694957,1.523069138329447e-05,-3.688727432489395,3.7550927e-07,0.0,0.08361053466796875,-0.00019835627977986546
61800,-0.0004750585067085922,1.5875041231083743e-05,-3.6887324452400208,4.082918e-07,0.0,0.19455724954605103,-0.0001920420958441582
62000,-0.0004669587651733309,1.9937233946620837e-05,-3.6887286245822906,3.6239624e-07,0.0,0.14263445138931274,-0.00017274919299548053
62200,-0.00039933720836415887,1.928725716879853e-05,-3.688721662759781,2.8014182e-07,0.0,-0.12750029563903809,-0.00012846702790210164
62400,-0.0004750678490381688,1.7907623214341583e-05,-3.688729453086853,2.9295683e-07,0.0,-0.02787470817565918,-0.00015829151836435073
62600,-0.0006445484468713403,3.752268985408591e-05,-3.6887340605258943,4.7445297e-07,0.0,0.030027687549591064,-0.00023955673000273237
62800,-0.0004338312428444624,1.9639526249193297e-05,-3.6887331545352935,4.7624113e-07,0.0,0.06302511692047119,-0.0002226523308390682
63000,-0.0005624485784210265,1.0527169513352419e-05,-3.688726860284805,5.438924e-07,0.0,0.06474184989929199,-0.00025119310443297847
63200,-0.0005646974896080792,1.852666171089368e-05,-3.6887171983718874,5.659461e-07,0.0,-0.034642577171325684,-0.00024490198513104077
63400,-0.00046892763930372894,9.742348595409567e-06,-3.6887080013751983,3.769994e-07,0.0,0.08610832691192627,-0.00017116346975800666
63600,-0.00047950795851647854,1.980045601612801e-05,-3.6887227952480317,4.3541192e-07,0.0,0.1345432996749878,-0.00021009847400409453
63800,-0.0005999347777105868,1.532368992229749e-05,-3.6887118577957154,5.635619e-07,0.0,0.02819693088531494,-0.00025246982072405497
64000,-0.0004916006582789123,1.4868589846628311e-05,-3.6887254416942596,5.677342e-07,0.0,-0.14774632453918457,-0.00022254686214533413
64200,-0.0005178994033485651,2.857953491002263e-05,-3.6887147605419157,4.631281e-07,0.0,0.08264297246932983,-0.00022565054690608654
64400,-0.0004519850481301546,3.459245963313151e-05,-3.6887201845645903,4.1902064e-07,0.0,0.0033639073371887207,-0.0001863098008880737
64600,-0.00045663199853152037,6.384157932188827e-05,-3.6887086987495423,6.80089e-07,0.0,-0.025323987007141113,-0.0002880227932021251
64800,-0.000736053625587374,1.6131983193190537e-05,-3.6887150943279265,5.623698e-07,0.0,0.041756272315979004,-0.0002465717792206057
65000,-0.0004077439662069082,1.5594102865179594e-05,-3.688714861869812,4.7773125e-07,0.0,0.12453413009643555,-0.0002118024035823396
65200,-0.0005929626640863717,1.071231955620533e-05,-3.688711804151535,4.1157008e-07,0.0,0.07037955522537231,-0.0001919410212299244
65400,-0.0005009479937143624,1.673906715495832e-05,-3.6887054204940797,4.154444e-07,0.0,0.09339600801467896,-0.0001942276044090363
65600,-0.0005590557702817023,9.645466172969464e-06,-3.688716006278992,5.2303074e-07,0.0,0.20768767595291138,-0.00024250045386270402
65800,-0.0005960467969998717,2.9146524138923268e-05,-3.6887049615383147,5.8472153e-07,0.0,-0.03295719623565674,-0.0002552530323605584
66000,-0.0004236146924085915,3.535472669682349e-05,-3.688704878091812,4.1484833e-07,0.0,0.08817470073699951,-0.00020965264779273518
66200,-0.0006717622163705528,1.0952700858979369e-05,-3.688698637485504,4.8518183e-07,0.0,-0.11694741249084473,-0.00021962750693739762
66400,-0.0007489053532481194,1.8315749071007303e-05,-3.688709968328476,4.2289494e-07,0.0,-0.0028200149536132812,-0.00020202118954535387
66600,-0.0006244935793802142,2.9224086893009372e-05,-3.6887071251869203,4.87864e-07,0.0,-0.06126964092254639,-0.00021677439528322573
66800,-0.0007699698326177895,1.4737473316017713e-05,-3.6887184739112855,5.060434e-07,0.0,-0.005524039268493652,-0.0002549704484563264
67000,-0.000807959761004895,1.8003628542828665e-05,-3.6887076914310457,6.365776e-07,0.0,0.09060418605804443,-0.00029885312930204576
67200,-0.000532283796928823,1.9767401477110978e-05,-3.6887148201465605,4.917383e-07,0.0,0.14242202043533325,-0.00024394765474744506
67400,-0.0006058172439225018,3.5957299360234174e-05,-3.688707786798477,3.6537648e-07,0.0,-0.10232400894165039,-0.00017332511376340066
67600,-0.0006353638018481433,9.597577627573627e-06,-3.688697737455368,4.774332e-07,0.0,-0.1798015832901001,-0.00022126451839630246
67800,-0.0006029379437677562,1.6644233710394474e-05,-3.688708931207657,5.7905913e-07,0.0,0.13987910747528076,-0.0002208120948429926
68000,-0.000328846275806427,1.0149614718102385e-05,-3.6887013256549834,3.3169985e-07,0.0,0.11789566278457642,-0.0001717114663869701
68200,-0.0004242550057824701,1.4569738891623273e-05,-3.688700187206268,4.2289497e-07,0.0,0.06495600938796997,-0.00018802882444629576
68400,-0.00037233022158034146,3.5068918668912376e-05,-3.6887006521224976,5.1856046e-07,0.0,0.04126477241516113,-0.00024100273952383234
68600,-0.00046400344581343234,1.9676877082019927e-05,-3.6887030839920043,2.6285647e-07,0.0,0.005319118499755859,-0.00014659175349098774
68800,-0.00047765186172910035,1.933171970449621e-05,-3.688695216178894,4.696846e-07,0.0,-0.030535340309143066,-0.00017912076150876642
69000,-0.0004569032753352076,3.0399163597394364e-05,-3.68869469165802,4.324317e-07,0.0,0.08186191320419312,-0.00020945982668432172
69200,-0.000370321940863505,6.028122088537202e-05,-3.6887050747871397,4.2378906e-07,0.0,0.06847637891769409,-0.00020973294888810835
69400,-0.0002330036659259349,3.486901946416765e-05,-3.6886942088603973,4.6402215e-07,0.0,0.18652492761611938,-0.00016333183565322428
69600,-0.0003197680343873799,2.1139635509825894e-05,-3.6887006163597107,4.568696e-07,0.0,-0.367664098739624,-0.00022506268317135092
69800,-0.0004886570968665183,3.6119239621257296e-05,-3.68869526386261,4.6908855e-07,0.0,0.06477785110473633,-0.00022374759491878838
70000,-0.0005442702095024288,2.3011970733932684e-05,-3.6887044250965118,4.88162e-07,0.0,0.09393888711929321,-0.0002379855653636076
70200,-0.000569199793972075,9.540459279833157e-06,-3.6887023746967316,3.4004452e-07,0.0,-0.27073466777801514,-0.0001586717213546862
70400,-0.0002489596663508564,8.96331188187105e-06,-3.6886991024017335,3.1888487e-07,0.0,0.06918078660964966,-0.0001474618481327461
70600,-0.0005649258382618427,9.142849057752755e-06,-3.688700610399246,4.2289497e-07,0.0,-0.058236002922058105,-0.00018020834016372334
70800,-0.0006764609133824706,3.973828129346657e-05,-3.6887059569358827,5.546212e-07,0.0,0.13849401473999023,-0.00024622592424290436
71000,-0.000444130040705204,2.837845308931719e-05,-3.688697612285614,3.9964917e-07,0.0,0.07023000717163086,-0.00018661129438283242
71200,-0.0007200252148322761,3.26972462971753e-05,-3.6887017846107484,5.722046e-07,0.0,0.0710676908493042,-0.00023284032431876157
71400,-0.0003829890047200024,2.098252364248765e-05,-3.6887037575244905,5.1409006e-07,0.0,0.17022287845611572,-0.00021749274582885114
71600,-0.0003353930078446865,1.7489520473645825e-05,-3.688693326711655,3.1888484e-07,0.0,-0.23256433010101318,-0.00015397922722331647
71800,-0.0004805545322597027,2.031423452990566e-05,-3.6887080788612367,2.7656554e-07,0.0,-0.1482609510421753,-0.00015137514827927577
72000,-0.0007075516041368246,5.075583649158943e-05,-3.6887027442455294,6.2733886e-07,0.0,0.04982614517211914,-0.00021649317439778048
72200,-0.00040913690463639796,3.7933443672955035e-05,-3.688701695203781,3.6925076e-07,0.0,0.05301988124847412,-0.0001740297982420369
72400,-0.0005821019294671714,2.3594356298417553e-05,-3.6887011408805845,4.1902067e-07,0.0,0.1614011526107788,-0.00018822655712087412
72600,-0.000516409520059824,1.9861012378896704e-05,-3.6887036323547364,5.275011e-07,0.0,0.0015897750854492188,-0.0002586295893249435
72800,-0.0003450305084697902,2.4135300191119313e-05,-3.688698834180832,4.0709972e-07,0.0,0.09781152009963989,-0.00017334139401146143
73000,-0.0006140215555205941,2.1683824343199376e-05,-3.688698375225067,4.681945e-07,0.0,0.053584158420562744,-0.00021199347898415155
73200,-0.0007527295965701342,1.3175799699638446e-05,-3.6887066841125487,6.082654e-07,0.0,-0.060473084449768066,-0.0002942498347831668
73400,-0.0006702111568301916,1.925359053984721e-05,-3.6886978566646578,6.4015387e-07,0.0,-0.08141219615936279,-0.0002716251912768364
73600,-0.000494539737701416,2.0571181767081726e-05,-3.6886995136737823,5.2452083e-07,0.0,0.03348374366760254,-0.00021168932311934618
73800,-0.0003889782528858632,4.7276470104407055e-05,-3.6887091636657714,3.2693146e-07,0.0,0.1397598385810852,-0.00014196146974836398
74000,-0.00037353072548285127,4.173099209765496e-05,-3.6887038230895994,4.5537948e-07,0.0,0.06940442323684692,-0.0002213611069265653
74200,-0.0003524614148773253,2.368484415455896e-05,-3.6887017846107484,3.811717e-07,0.0,0.0379522442817688,-0.00020740724406493883
74400,-0.0005237922305241227,1.177927767912479e-05,-3.6887016773223875,5.236268e-07,0.0,0.06312060356140137,-0.0002348299486094496
74600,-0.0007269867928698659,1.3373846559261438e-05,-3.688690108060837,5.668402e-07,0.0,-0.06342208385467529,-0.0002460351599524957
74800,-0.0006295799976214767,5.1404777104835374e-05,-3.688687598705292,5.8323144e-07,0.0,0.05613309144973755,-0.00024717320400560185
75000,-0.00027806838625110686,1.9735669525289268e-05,-3.6886986672878264,4.932284e-07,0.0,-0.030501961708068848,-0.00021567595067903956
75200,-0.0004735059628728777,6.114055695434217e-05,-3.6887065708637237,5.042553e-07,0.0,-0.01748979091644287,-0.0002072970651440742
75400,-0.0006600682972930372,3.2426810003016725e-05,-3.6887050926685334,4.5478345e-07,0.0,-0.029799222946166992,-0.00021169786341193041
75600,-0.0005143998423591256,1.4545097405971319e-05,-3.688703030347824,5.361438e-07,0.0,0.10509628057479858,-0.00025473637944475327
75800,-0.0006493081455118954,1.6658307163197606e-05,-3.688691574335098,6.559491e-07,0.0,-0.20706498622894287,-0.000256611055470346
76000,-0.000336527795298025,3.384237584214134e-05,-3.688694769144058,3.737211e-07,0.0,0.09505701065063477,-0.00018599501359510827
76200,-0.0003967770899180323,2.040643855707458e-05,-3.6886928915977477,4.4107438e-07,0.0,0.05026519298553467,-0.00019124561532612994
76400,-0.0003502903855405748,3.413030035517295e-05,-3.688697707653046,5.25415e-07,0.0,0.14210766553878784,-0.0001993061438232857
76600,-0.0003799765254370868,1.2491401662373391e-05,-3.688684743642807,3.8385392e-07,0.0,0.041675448417663574,-0.00018209198054135455
76800,-0.00045406099525280297,2.164830777928728e-05,-3.688678872585297,4.577637e-07,0.0,-0.10962748527526855,-0.0001890362213032404
77000,-0.0006176181486807764,1.9628269365057348e-05,-3.688697284460068,5.879998e-07,0.0,0.02115994691848755,-0.00023351995518487988
77200,-0.00020063707779627293,1.5033299860078841e-05,-3.6886978566646578,2.732873e-07,0.0,0.10764205455780029,-0.00015438839946864126
77400,-0.0004934048047289252,8.430750244770025e-06,-3.688697463274002,5.826354e-07,0.0,0.18667972087860107,-0.00025576161532683275
77600,-0.0005016649956814945,4.082849991391413e-05,-3.6886756896972654,5.820394e-07,0.0,-0.02042090892791748,-0.00023471381621815724
77800,-0.00057884183479473,2.3867733762017452e-05,-3.6887016892433167,5.277991e-07,0.0,-0.142112135887146,-0.0002659225323584424
78000,-0.0005556463147513568,1.525752204543096e-05,-3.6886855125427247,4.3809413e-07,0.0,0.12424927949905396,-0.000228491786137619
78200,-0.0008092248463071883,2.6844801595871104e-05,-3.6886838018894195,5.310774e-07,0.0,-0.01702880859375,-0.0002140847599844564
78400,-0.0005088727339170873,1.9540472158041668e-05,-3.68867112994194,5.194545e-07,0.0,0.2627972364425659,-0.00021795116375844525
78600,-0.00043080386240035295,4.961682225257391e-05,-3.688688260316849,4.699826e-07,0.0,0.0944337248802185,-0.00022409088845556368
78800,-0.0005061167757958174,1.1185866378582432e-05,-3.688669168949127,4.813075e-07,0.0,0.10097122192382812,-0.0001913670747951568
79000,-0.0006272023892961442,5.484490384333185e-05,-3.688667058944702,6.6369773e-07,0.0,-0.07962357997894287,-0.0002543356399958174
79200,-0.0006540394970215857,1.7659602985986566e-05,-3.688664084672928,5.4568056e-07,0.0,-0.3176283836364746,-0.00019800792593384077
79400,-0.0002323246153537184,2.159560078780487e-05,-3.688680720329285,3.951788e-07,0.0,0.04343914985656738,-0.00018805788468534423
79600,-0.00028798237326554954,2.869330041903595e-05,-3.6886842966079714,3.0636787e-07,0.0,0.06949162483215332,-0.00014958305603562927
79800,-0.0004979300429113209,4.303693035581091e-05,-3.6886614561080933,5.295873e-07,0.0,-0.18207252025604248,-0.0002362765066641348
80000,-0.000517067383043468,3.169539613736561e-05,-3.6886855959892273,4.5090914e-07,0.0,0.14289981126785278,-0.0002262332645623033
80200,-0.000568708754144609,3.0268934006016933e-05,-3.688677376508713,5.930662e-07,0.0,-0.011895060539245605,-0.00027251030544765963
80400,-0.00030464911833405495,2.279467610151187e-05,-3.6886831641197206,4.5508148e-07,0.0,0.04518085718154907,-0.0001865973631240081
80600,-0.0004115274059586227,1.0413935788733397e-05,-3.6886771440505983,3.4272674e-07,0.0,-2.119321584701538,-0.00016196198003886052
80800,-0.000396307441405952,8.26859688913828e-06,-3.6886826872825624,4.0978196e-07,0.0,-0.9959934949874878,-0.00018397154627383116
81000,-0.00092697812942788,6.1238373206151666e-06,-3.6886742770671845,7.048249e-07,0.0,-4.917590141296387,-0.00028016886125321606
81200,-0.0004757905553560704,4.4944350349851446e-06,-3.6886789798736572,4.5239926e-07,0.0,-0.757514476776123,-0.0001986404802215791
81400,-0.0005254087736830115,3.872162281481906e-06,-3.68866748213768,8.326769e-07,0.0,-0.5435317754745483,-0.0002911158647432188
81600,-0.0004790473321918398,2.802888056407937e-06,-3.68866947889328,4.208088e-07,0.0,-2.007807970046997,-0.00017998050483960525
81800,-0.0003259740478824824,2.279941942617825e-06,-3.688676518201828,4.479289e-07,0.0,-1.3304357528686523,-0.00018209235390713728
82000,-0.0004617565718945116,1.6615142712339548e-06,-3.6886692345142365,3.2931567e-07,0.0,-1.1931805610656738,-0.00016658707740133672
82200,-0.0005249602836556733,1.4898412445063514e-06,-3.688666784763336,3.8057567e-07,0.0,-0.7754502296447754,-0.00018535496123464056
82400,-0.00042144107283093035,1.2677533838711951e-06,-3.6886637270450593,4.2170282e-07,0.0,-1.1242752075195312,-0.00018585562033699433
82600,-0.0003673038154374808,9.153795673455534e-07,-3.688666421175003,3.2663345e-07,0.0,-2.4503445625305176,-0.0001497441985566006
82800,-0.0004424783692229539,7.49280457768009e-07,-3.6886669874191282,4.8696995e-07,0.0,-5.409580707550049,-0.000229557893904353
83000,-0.0006847774493508041,6.238341313746787e-07,-3.6886633694171906,5.39124e-07,0.0,-3.9138526916503906,-0.00023040747585980625
83200,-0.0005427448195405304,4.744418344415635e-07,-3.6886596381664276,5.5462124e-07,0.0,-0.2083054780960083,-0.00024408814476784002
83400,-0.00032516036299057305,6.277865253423442e-07,-3.6886410176754,4.0829184e-07,0.0,-5.7527570724487305,-0.0001853900625150118
83600,-0.00019483419600874186,4.2341429278280885e-07,-3.688653361797333,3.6329033e-07,0.0,-3.7365503311157227,-0.00019358904767408092
83800,-0.00034135207533836365,2.7475344239746845e-07,-3.688677805662155,3.9696693e-07,0.0,-2.5135600566864014,-0.00018597064923238095
84000,-0.0004997061914764345,4.1159436250381984e-07,-3.6886375188827514,5.1498415e-07,0.0,-0.5271357297897339,-0.0001872788155139915
84200,-0.0006053148536011577,3.371649121675091e-07,-3.6886612355709074,4.5269726e-07,0.0,-6.720622539520264,-0.00021202412264429427
84400,-0.0005607615457847714,1.2522086976218815e-07,-3.688679265975952,4.8190356e-07,0.0,-3.964290142059326,-0.00023612255505298663
84600,-0.0009076654678210616,3.1935079540801327e-07,-3.6886707723140715,4.5895575e-07,0.0,-2.3016865253448486,-0.0002266212952212854
84800,-0.0004498049383983016,2.3587122210955158e-07,-3.6886767029762266,3.0994414e-07,0.0,-3.0378050804138184,-0.00017964140278604602
85000,-0.0003113067359663546,2.550391737798918e-07,-3.6886553287506105,3.8146973e-07,0.0,-7.26225471496582,-0.00016667146971030555
85200,-0.00045184610644355416,4.7323058112169746e-07,-3.6886470794677733,4.4435262e-07,0.0,-2.321340799331665,-0.00018426483232349272
85400,-0.0006405984167940915,2.2149323619657935e-07,-3.6886686444282533,5.0902366e-07,0.0,-10.117411613464355,-0.0002390081975992109
85600,-0.00010799674782902002,2.3524636834082456e-07,-3.6886616349220276,5.7011846e-07,0.0,-3.413576602935791,-0.00021997959800348354
85800,-0.0004197959788143635,9.371088358633983e-08,-3.6886785328388214,3.5405162e-07,0.0,-9.798175811767578,-0.00017374496882620604
86000,-0.0006257636705413461,2.0254724049095784e-07,-3.688673573732376,4.7683716e-07,0.0,-6.322417259216309,-0.00026050823883001507
86200,-0.00031850693630985916,8.09905944976208e-08,-3.688690048456192,4.2587516e-07,0.0,-8.479161262512207,-0.00019038622832647789
86400,-0.000736695306841284,2.0341834989778816e-07,-3.6886665642261507,6.03795e-07,0.0,-5.93315315246582,-0.0002613432923653791
86600,-0.0004618906241375953,1.525825609860476e-07,-3.688683360815048,3.4213068e-07,0.0,-3.6830310821533203,-0.00016123774563856497
86800,-0.0004077817720826715,2.886029843551796e-07,-3.6886807918548583,4.7415497e-07,0.0,-2.8151695728302,-0.00020473948146366717
87000,-0.0008227009093388915,8.988642301588356e-08,-3.6886966228485107,5.1319597e-07,0.0,-9.379663467407227,-0.0002189727434652511
87200,-5.205210254644044e-05,2.905257879604051e-07,-3.6886665284633637,3.9309265e-07,0.0,-2.19340443611145,-0.0001891130803817198
87400,-0.0003612159634940326,1.2468175913937785e-07,-3.688683772087097,3.0100347e-07,0.0,-8.355295181274414,-0.00016235400106481279
87600,-0.0005583011079579592,4.0584777316610143e-07,-3.688650631904602,5.441904e-07,0.0,-4.053691387176514,-0.00021897166716929316
87800,-0.0005170865915715694,1.2025589164466054e-07,-3.6886765539646147,4.4882296e-07,0.0,-2.385197639465332,-0.00021739179532347385
88000,-0.0009999501053243876,2.7391799193310364e-07,-3.688663053512573,6.6369773e-07,0.0,-2.905250072479248,-0.0002589075563227183
88200,-0.0005587134510278702,2.964597292987037e-07,-3.688671189546585,4.2289497e-07,0.0,-2.875744104385376,-0.00023225540028568581
88400,-0.00020326538651715964,1.606958612399012e-07,-3.6886719346046446,4.1425227e-07,0.0,-8.811796188354492,-0.00017851618042161733
88600,-0.000370782712707296,3.432407897463463e-07,-3.6886480867862703,5.5134296e-07,0.0,-4.9162139892578125,-0.0001898480614906717
88800,-0.0004105087136849761,3.896475011089251e-07,-3.6886562585830687,3.2156706e-07,0.0,-3.68864107131958,-0.00014209824116226955
89000,-0.0003950654645450413,2.2744078318481797e-07,-3.688673424720764,4.389882e-07,0.0,-5.29021692276001,-0.00018341410732034547
89200,-0.0005425460985861719,1.8199385483086416e-07,-3.6886663258075716,6.759167e-07,0.0,-3.7453055381774902,-0.0003005964914677861
89400,-0.0003920868330169469,2.778164965633323e-07,-3.6886686861515043,3.185868e-07,0.0,-5.667401313781738,-0.00015666084142071935
89600,-0.0005019099917262793,3.4256500924811917e-07,-3.6886718034744264,4.3481586e-07,0.0,-3.3306803703308105,-0.00022413500361109228
89800,-0.00033624802017584443,3.211360073862579e-07,-3.688670426607132,4.1276218e-07,0.0,-4.0366740226745605,-0.0001959514289551434
90000,-0.000574805133510381,2.2440328244499598e-07,-3.688685816526413,3.8683413e-07,0.0,-4.009886264801025,-0.00020115027572820132
90200,-0.00046543512144126,2.6524265521743474e-07,-3.688685029745102,4.899502e-07,0.0,-1.8838047981262207,-0.0002355573019112933
90400,-0.0004669876943808049,3.1590773232892386e-07,-3.6886778295040132,5.850196e-07,0.0,-3.017305850982666,-0.0002632731050537185
90600,-0.0003803913714364171,2.52007468048987e-07,-3.6886856079101564,6.595254e-07,0.0,-3.0443835258483887,-0.00027845724080792776
90800,-0.0006832148646935821,2.9276021749069516e-07,-3.688685005903244,5.480647e-07,0.0,-4.373028755187988,-0.00027004493821141117
91000,-0.0002483585267327726,1.3260772213641303e-07,-3.688692569732666,3.0487774e-07,0.0,-5.991725444793701,-0.0001671406690552324
91200,-0.0005291933775879443,3.2184088887277086e-07,-3.6886819124221804,4.0233135e-07,0.0,-2.150742292404175,-0.00020562965864705517
91400,-0.0007783189066685736,1.427523972807876e-07,-3.688690710067749,5.611777e-07,0.0,-4.065211772918701,-0.00026773898348775305
91600,-0.00019298476399853826,2.1026825276493354e-07,-3.688684606552124,4.6759845e-07,0.0,-3.086270809173584,-0.00021252015239892064
91800,-0.0007303284946829081,2.2981263079202562e-07,-3.688668829202652,8.3208084e-07,0.0,-7.865800857543945,-0.00033277934911666305
92000,-0.0005865695420652628,2.1364820597113975e-07,-3.688682758808136,3.1530857e-07,0.0,-3.713304042816162,-0.00017190331387257897
92200,-0.0004786978242918849,1.2397256483609452e-07,-3.688685727119446,5.111099e-07,0.0,-1.925537109375,-0.00023104488689100754
92400,-0.0003847904736176133,3.084897350902338e-07,-3.688672637939453,3.144145e-07,0.0,-4.654193878173828,-0.0001468820049837838
92600,-0.0005859209923073649,3.0662806107528693e-07,-3.6886713087558745,3.4093858e-07,0.0,-4.05031681060791,-0.00018622838771711336
92800,-0.0003659089270513505,1.7260921545414475e-07,-3.6886764824390412,3.132224e-07,0.0,-4.876008033752441,-0.00016749571400647144
93000,-0.0007557692006230354,2.5110953991713816e-07,-3.6886697828769686,4.2915346e-07,0.0,-0.036060214042663574,-0.0002036349624950251
93200,-0.0006816504173912108,3.589538067672038e-07,-3.688673335313797,4.273653e-07,0.0,-3.331089973449707,-0.0001903818400093127
93400,-0.00018653504957910627,1.8353434896312138e-07,-3.6886674761772156,3.4660098e-07,0.0,-5.550930500030518,-0.00014513955290520463
93600,-0.00046524908975698054,1.6312772377347073e-07,-3.688673621416092,5.0574545e-07,0.0,-4.901867866516113,-0.00022815291733397914
93800,-0.0007539590587839484,2.0921160395204197e-07,-3.6886671483516693,5.736947e-07,0.0,-3.2306666374206543,-0.00025133329868017864
94000,-0.0006766868755221367,2.7001354894196086e-07,-3.688666635751724,5.2422286e-07,0.0,-5.291154384613037,-0.00025080631685550083
94200,-0.0002933636715169996,1.8205801719517467e-07,-3.688675707578659,3.388524e-07,0.0,-3.1187539100646973,-0.00018447334318352215
94400,-0.0005947690806351602,2.6570895315103373e-07,-3.688668793439865,3.284216e-07,0.0,-3.5995774269104004,-0.00015977296297785547
94600,-0.00044845390948466957,7.127162939823962e-08,-3.68867968916893,3.8117167e-07,0.0,-14.636689186096191,-0.00018978401984930392
94800,-0.0005326693644747138,1.6442375017078348e-07,-3.6886711597442625,5.221367e-07,0.0,-4.069575786590576,-0.00021350036536068595
95000,-0.0005698761669918895,2.2694001842182842e-07,-3.6886631548404694,4.5716763e-07,0.0,-2.539306640625,-0.0002037349639949726
95200,-0.0005070088664069772,2.047907875279975e-07,-3.68867107629776,4.1663648e-07,0.0,-4.3993940353393555,-0.00019705954262303483
95400,-0.0002839761436916888,3.533673005762239e-07,-3.6886508882045748,3.9428474e-07,0.0,-3.1350178718566895,-0.0001839929233367954
95600,-0.0004653843934647739,1.281396592389683e-07,-3.68867769241333,2.7269124e-07,0.0,-6.960422515869141,-0.00014386042990253146
95800,-0.0003288258158136159,7.137822590763677e-08,-3.6886811673641207,6.556511e-07,0.0,-12.590910911560059,-0.0002415443804809403
96000,-0.0004100098740309477,4.1392931429129474e-07,-3.6886447787284853,4.3123958e-07,0.0,-4.505498886108398,-0.0001826905309806337
96200,-0.00030405796132981777,1.42301011507584e-07,-3.6886596739292146,4.3660404e-07,0.0,-5.171189785003662,-0.000166316397090438
96400,-0.0004117760108783841,3.1924136223437927e-07,-3.688646924495697,3.8176773e-07,0.0,-5.589998245239258,-0.00016035670002985115
96600,-0.0005879607051610947,1.9902343968425383e-07,-3.6886566042900086,4.634261e-07,0.0,-5.843124866485596,-0.00020737270990132118
96800,-0.0006448840140365064,1.5549636582790073e-07,-3.6886636674404145,6.198883e-07,0.0,-4.701832294464111,-0.00027177894320176146
97000,-0.0005818453500978649,4.393297487581549e-07,-3.6886331140995026,4.8190356e-07,0.0,-3.025383472442627,-0.00024452484089536596
97200,-0.0005138033302500844,2.379335466429211e-07,-3.6886512875556945,3.1888484e-07,0.0,-4.552216529846191,-0.00016838188369114882
97400,-0.00025550599093548954,1.3237343789995749e-07,-3.6886461555957792,4.079938e-07,0.0,-5.2507829666137695,-0.00017882168497704854
97600,-0.000430535787018016,2.7306847449892757e-07,-3.688645976781845,4.2408706e-07,0.0,-2.9923596382141113,-0.00023074799699669414
97800,-0.0005892640328966081,3.469742136275045e-07,-3.688628351688385,4.0322544e-07,0.0,-4.310949325561523,-0.00017596270141775338
98000,-0.0004835700383409858,2.2717797296678554e-07,-3.6886384189128876,4.401803e-07,0.0,-3.933377265930176,-0.00022696875188603637
98200,-0.00046428744099102914,2.4417804151966037e-07,-3.68862065076828,4.7683716e-07,0.0,-4.67110013961792,-0.0002297208716990795
98400,-0.00036518118577077985,3.308087880071753e-07,-3.688621598482132,5.3286556e-07,0.0,-3.046541690826416,-0.00023983540922006274
98600,-0.00034663747646845877,1.0813685618060731e-07,-3.688642281293869,3.901124e-07,0.0,-5.598503112792969,-0.00016583731858349493
98800,-0.00015449358033947647,2.6749577131113256e-07,-3.6886209845542908,4.160404e-07,0.0,-2.664832353591919,-0.0001555333567977213
99000,-0.0005862805410288274,2.3541674174509807e-07,-3.6886074602603913,7.6174734e-07,0.0,-3.872443675994873,-0.00030736822687800204
99200,-0.000477111927466467,7.027945976290084e-08,-3.6886371850967405,4.1514636e-07,0.0,-5.321114540100098,-0.00021556536809792527
99400,-0.0004239253466948867,2.071918672186257e-07,-3.688624930381775,3.2514333e-07,0.0,-5.726590156555176,-0.0001640043252342682
99600,-0.0005411330494098365,1.6832856282178453e-07,-3.6886511564254763,5.2928925e-07,0.0,-3.9467310905456543,-0.0002486074718490272
99800,-0.0005105938180349767,3.778191615566584e-07,-3.688625138998032,6.124377e-07,0.0,-3.515397548675537,-0.0002506093828160916
100000,-0.0003784876025747508,2.661428808892197e-07,-3.6886469662189483,3.8892028e-07,0.0,-3.9928488731384277,-0.00019157639237181722
100200,-0.0003451123193372041,2.1722527918655032e-07,-3.6886383831501006,3.3825637e-07,0.0,-7.094051361083984,-0.00016075789907676885
100400,-0.0001930936414282769,2.3454070152695294e-07,-3.688643628358841,3.0606986e-07,0.0,-4.014922618865967,-0.00014651559289748927
100600,-0.0007466839160770178,2.4177907391731425e-07,-3.688627189397812,7.218123e-07,0.0,-5.146429061889648,-0.00033493770825914203
100800,-0.0004534516774583608,2.87010618293948e-07,-3.6886335730552675,4.3451786e-07,0.0,-2.828753709793091,-0.00016878514685993994
101000,-0.0004290348442737013,1.5286104666500932e-07,-3.6886415779590607,5.096197e-07,0.0,-7.425384521484375,-0.00023878323426334002
101200,-0.00034933132701553404,3.130828659436702e-07,-3.688614249229431,4.0262938e-07,0.0,-3.8929691314697266,-0.00017307587085360065
101400,-0.0006531932158395648,1.170557649032844e-07,-3.6886322021484377,4.6014787e-07,0.0,-1.3336548805236816,-0.00022566632866349856
101600,-0.00042711084824986756,3.424380437877517e-07,-3.6886346340179443,3.9726496e-07,0.0,-4.26362943649292,-0.0001999846551449025
101800,-0.0004767049686051905,2.0946032428525995e-07,-3.6886449694633483,3.6120414e-07,0.0,-4.075136661529541,-0.000188006199128532
102000,-0.00043329951586201787,3.2597944503720556e-07,-3.6886293292045593,3.9815902e-07,0.0,-4.773082256317139,-0.0001795704671737841
102200,-0.0005977565888315439,1.0047914020816506e-07,-3.6886540055274963,4.2438506e-07,0.0,-3.2045059204101562,-0.00019975685946582722
102400,-0.0006562306080013514,1.7216910954687137e-07,-3.6886340498924257,4.795194e-07,0.0,-6.295269012451172,-0.00022189490460919892
102600,-0.00033242988865822554,2.238136268317703e-07,-3.68864369392395,3.257394e-07,0.0,-3.0594482421875,-0.00015242721133623682
102800,-0.0005869071464985609,1.4667749805852282e-07,-3.6886475145816804,5.042553e-07,0.0,-6.153909683227539,-0.00027329438099621406
103000,-0.0004567154392134398,3.4788056666457125e-07,-3.688628613948822,5.432963e-07,0.0,-3.6013059616088867,-0.00024214216972304748
103200,-0.0004969045985490084,2.6270583504128807e-07,-3.68863223195076,4.273653e-07,0.0,-4.184676647186279,-0.00019061049719641953
103400,-0.0005165815819054842,2.385546689964713e-07,-3.688647723197937,5.492568e-07,0.0,-2.2864153385162354,-0.00023515116531105384
103600,-0.0007021364872343838,2.496719119449153e-07,-3.688645875453949,5.9694054e-07,0.0,-2.19529390335083,-0.0002769878924891556
103800,-0.0005434479098767042,2.4604232677916117e-07,-3.688651043176651,4.655123e-07,0.0,-3.3054723739624023,-0.00022412476971656048
104000,-0.0003028640348929912,1.9031985978301691e-07,-3.6886624932289123,3.8325786e-07,0.0,-2.8410749435424805,-0.00017722459717219862
104200,-0.0007523886160925031,2.620616381676655e-07,-3.688640183210373,6.79493e-07,0.0,-3.945906639099121,-0.00032205556685340755
104400,-0.0005706830997951329,1.1342902173083758e-07,-3.688659220933914,6.80089e-07,0.0,-3.939980983734131,-0.0002618722915369798
104600,-0.00055658322526142,3.979479195947988e-07,-3.688610076904297,4.053116e-07,0.0,-5.416942119598389,-0.0001698909788648617
104800,-0.0006336714723147452,1.2225472865168285e-07,-3.6886501789093016,5.540252e-07,0.0,-9.221253395080566,-0.0002736020831977104
105000,-0.0004939620848745108,2.9351656607445873e-07,-3.688634216785431,3.9279462e-07,0.0,-3.2787256240844727,-0.00019411752979499043
105200,-0.0007402629707939923,1.7546432449222493e-07,-3.6886397898197174,5.3435565e-07,0.0,-4.198437213897705,-0.0002224770789709951
105400,-0.000591690419241786,2.685488942333336e-07,-3.6886617302894593,5.045533e-07,0.0,-2.087008237838745,-0.00019306462314263583
105600,-0.0003969218523707241,2.2382517865793262e-07,-3.688655066490173,4.87566e-07,0.0,-1.9797484874725342,-0.0002128642117214641
105800,-0.00044428149703890085,2.3569774398879417e-07,-3.688649559020996,4.49121e-07,0.0,-3.7009997367858887,-0.00022621682399039944
106000,-0.0005896001239307225,1.407008761056261e-07,-3.6886525750160217,5.13494e-07,0.0,-7.821998596191406,-0.00023305456303996942
106200,-8.796192560112104e-05,2.0629664678750715e-07,-3.688645803928375,3.9726496e-07,0.0,-3.10374116897583,-0.00020277514472808456
106400,-0.00047032206202857196,2.39274665858602e-07,-3.6886583983898165,5.4001805e-07,0.0,-3.478525161743164,-0.00020932117835128494
106600,-0.0005055133951827884,1.1382043734187164e-07,-3.6886559963226317,3.772974e-07,0.0,-2.9786486625671387,-0.00017926982068990904
106800,-0.0005826256237924099,1.7159263316912642e-07,-3.6886522352695463,5.5968763e-07,0.0,-1.681067705154419,-0.00019958150276715435
107000,-0.00046726627624593675,2.81312253846977e-07,-3.688618850708008,3.8057567e-07,0.0,-6.420042991638184,-0.00016761357301141034
107200,-0.0006147733074612916,1.4260044576275276e-07,-3.6886461973190308,6.3180926e-07,0.0,-5.494238376617432,-0.0002755573687965196
107400,-0.0005437552463263273,4.434109854400958e-07,-3.6886203050613404,4.5061114e-07,0.0,-3.60679292678833,-0.00020674154892548203
107600,-0.0001827514497563243,3.1802586342166705e-07,-3.6886188089847565,2.4139882e-07,0.0,-4.722278118133545,-9.812974921317164e-05
107800,-0.0005762921646237373,2.9406202664006285e-07,-3.68863582611084,4.789233e-07,0.0,-4.110776901245117,-0.00023210012157433014
108000,-0.00036330235889181495,1.1398034853726813e-07,-3.6886609375476835,4.476309e-07,0.0,-8.995909690856934,-0.00019990403963268677
108200,-0.0003411006473470479,1.575644690277045e-07,-3.6886547565460206,4.0233135e-07,0.0,-3.2007579803466797,-0.00017565919517439354
108400,-0.0004566178540699184,1.1555885439662462e-07,-3.6886860191822053,5.3614383e-07,0.0,-2.0810775756835938,-0.00023927101634670933
108600,-0.0003820075071416795,3.2170875670090026e-07,-3.6886401057243345,5.7995317e-07,0.0,-3.736954689025879,-0.00023511284717541158
108800,-0.000603313441388309,2.46194799302657e-07,-3.6886497855186464,5.4299835e-07,0.0,-5.007826328277588,-0.0002162436405261481
109000,-0.0002779321512207389,2.3086193134957966e-07,-3.6886464297771453,4.1931867e-07,0.0,-4.408107757568359,-0.00017580135191781477
109200,-0.0003153274592477828,1.5811889149119905e-07,-3.6886615693569182,4.0590766e-07,0.0,-4.654285907745361,-0.00022505807139032717
109400,-0.000260503584286198,2.3232375063741982e-07,-3.6886550068855284,4.7087667e-07,0.0,-4.042874813079834,-0.0002051538155357635
109600,-0.0002992042573168874,1.549129114764014e-07,-3.6886642932891847,3.7252903e-07,0.0,-3.7664685249328613,-0.00016774417187730427
109800,-0.00043824990279972553,4.4698653098862453e-07,-3.688635641336441,4.172325e-07,0.0,-4.57813835144043,-0.00019678638913955826
110000,-0.00041602665442042053,8.383274572310028e-08,-3.688663500547409,3.9815902e-07,0.0,-11.616377830505371,-0.00018491539201290764
110200,-0.0006363721913658082,2.044030290804244e-07,-3.688639748096466,4.6759845e-07,0.0,-0.4202817678451538,-0.00021368146662166244
110400,-0.0007001343183219433,3.1682579617609006e-07,-3.6886602222919462,6.982684e-07,0.0,-5.458323001861572,-0.00028789829578506064
110600,-0.0002623178588692099,2.4959250808365143e-07,-3.688635289669037,4.145503e-07,0.0,-4.070459365844727,-0.00017785664577143478
110800,-0.0009506475762464106,1.9740029593151577e-07,-3.6886280953884123,7.352233e-07,0.0,-4.289254188537598,-0.0002846143545439217
111000,-0.0006049163639545441,2.651835504963174e-07,-3.6886362552642824,4.333258e-07,0.0,-4.282349586486816,-0.00020602069832296178
111200,-0.00026981212431564927,2.314300992622975e-07,-3.688632619380951,3.3617016e-07,0.0,-3.5246176719665527,-0.00019242641257539718
111400,-0.0006010380457155406,3.009241275719887e-07,-3.6886226654052736,5.90682e-07,0.0,-3.8642401695251465,-0.0002473421547063037
111600,-0.00035578259848989546,3.3828548033909557e-07,-3.688645100593567,4.4792893e-07,0.0,-3.586376667022705,-0.00022327916964559602
111800,-0.0005524113075807691,1.6463764662688618e-07,-3.6886638522148134,3.7044285e-07,0.0,-3.2367005348205566,-0.00018411776435440786
112000,-0.0007388712256215513,2.3810495104470418e-07,-3.6886403799057006,4.172325e-07,0.0,-3.702671527862549,-0.0002093561355975382
112200,-0.0007027491228654981,1.736922987660705e-07,-3.68863525390625,5.5074696e-07,0.0,-3.785430431365967,-0.0002717920223767489
112400,-0.0005115202511660755,2.614916901677589e-07,-3.6886287927627563,4.974008e-07,0.0,-5.69587516784668,-0.00022904945815866996
112600,-0.0005116422544233501,1.5712367122944216e-07,-3.6886406362056734,4.1127208e-07,0.0,-6.203453540802002,-0.00017815020587830244
112800,-0.000425633043050766,2.8493975392507307e-07,-3.68862447142601,4.5835972e-07,0.0,-4.775278568267822,-0.00020226201432977932
113000,-0.0006618648185394704,2.2101025134446673e-07,-3.688626927137375,5.5640936e-07,0.0,-3.039921283721924,-0.0002637547647057037
113200,-0.00039901616401039064,1.9379324598389757e-07,-3.688628101348877,4.982948e-07,0.0,-5.804189205169678,-0.00019372394544676653
113400,-0.0006266707205213606,2.46650162338824e-07,-3.6886167585849763,5.424023e-07,0.0,-0.9900240898132324,-0.0002253715109154397
113600,-0.00048306144890375435,3.426530980732423e-07,-3.6886197686195374,4.7653913e-07,0.0,-4.862826347351074,-0.00023474250622547156
113800,-0.0005220353486947715,3.198742888343986e-07,-3.6886327028274537,5.3554777e-07,0.0,-2.158637285232544,-0.0002675686095544694
114000,-0.0007283618324436247,2.279554285777863e-07,-3.6886134147644043,7.7813866e-07,0.0,-3.2937021255493164,-0.00030580437087224244
114200,-0.000774586689658463,1.5724865232158436e-07,-3.688612532615662,6.1959025e-07,0.0,-5.352138996124268,-0.00027623219691834676
114400,-0.00046138232573866844,2.1862924786120176e-07,-3.688616633415222,4.5239926e-07,0.0,-1.8968749046325684,-0.00017210823683715403
114600,-0.00043332375935278833,2.4299719214582183e-07,-3.688614231348038,5.361438e-07,0.0,-5.849078178405762,-0.00020489248354942368
114800,-0.0004944243119098246,2.3721937978393725e-07,-3.6885825872421263,3.7550927e-07,0.0,-4.94507360458374,-0.0001454129658155834
115000,-0.00014550423657055944,2.9792597473488057e-07,-3.688565194606781,4.312396e-07,0.0,-4.906587600708008,-0.00018486230158480942
115200,-0.0005878641386516392,1.4107954680042666e-07,-3.68859948515892,4.464388e-07,0.0,-5.564050674438477,-0.00020951048113340142
115400,-0.0007010786794126034,3.3312482941028063e-07,-3.688595622777939,5.894899e-07,0.0,-2.5499117374420166,-0.0002591149633344392
115600,-0.00047780005843378603,2.260698003908601e-07,-3.6886005222797396,4.5388938e-07,0.0,-2.550302743911743,-0.0002232770634873926
115800,-0.0007043100195005536,2.256896927121943e-07,-3.688591355085373,5.8740375e-07,0.0,-3.9104013442993164,-0.00025659735384839786
116000,-0.0003468675713520497,1.944857872970829e-07,-3.6885795414447786,3.9786102e-07,0.0,-4.140415668487549,-0.00015506646757872388
116200,-0.00034280394902452826,7.083891828685296e-08,-3.6886191368103027,5.954504e-07,0.0,-11.60485553741455,-0.00023673496881019274
116400,-0.00048331721336580813,2.549804339224693e-07,-3.6885777175426484,4.7862534e-07,0.0,-3.34678316116333,-0.00021915464062453595
116600,-0.000489583529997617,1.1203289229655411e-07,-3.688616144657135,3.799796e-07,0.0,-9.629301071166992,-0.00019269253264133645
116800,-0.0006934641278348863,2.6885021462419447e-07,-3.688607096672058,6.058812e-07,0.0,-0.6918220520019531,-0.0002946225542595826
117000,-0.00041971830069087446,2.3055503799440659e-07,-3.688581109046936,4.2378903e-07,0.0,-4.9099626541137695,-0.0001696770706889783
117200,-0.00026865609106607735,2.5295472632080874e-07,-3.68860005736351,3.6865475e-07,0.0,-3.1679673194885254,-0.00017132174984635373
117400,-0.0003917634312529117,1.9505791684082397e-07,-3.688628780841827,5.161762e-07,0.0,-2.786659002304077,-0.000248069469866552
117600,-0.0004353974072728306,1.746956776571551e-07,-3.6886470794677733,5.3286556e-07,0.0,-4.844192981719971,-0.0002474208940225431
117800,-0.00032283866312354803,1.9679155691676442e-07,-3.6886222064495087,3.7014485e-07,0.0,-4.336452484130859,-0.0001588597749078491
118000,-0.0002608371723908931,3.231587577090522e-07,-3.688599181175232,2.8818846e-07,0.0,-5.178897380828857,-0.00012433882097777625
118200,-0.0005742431967519224,2.5177415814425784e-07,-3.688629287481308,5.3733584e-07,0.0,-3.461094379425049,-0.00022085402955318578
118400,-0.00047715866821818054,2.711730342497276e-07,-3.688627690076828,3.6895275e-07,0.0,-4.244974613189697,-0.0001709577970793852
118600,-0.0007563161780126393,2.8956044424433e-07,-3.688629597425461,7.751584e-07,0.0,-3.3019347190856934,-0.00028991758866210305
118800,-0.00044515557237900794,3.2318969296341037e-07,-3.6886169731616976,4.3302774e-07,0.0,-6.5507378578186035,-0.00022074260573521354
119000,-0.0004075687611475587,1.3590014642517189e-07,-3.6886509239673613,3.9964914e-07,0.0,-4.513057231903076,-0.00023165615608331525
119200,-0.0005793470772914588,1.2397238373651477e-07,-3.688630312681198,3.6269427e-07,0.0,-2.6325459480285645,-0.00019199520921824308
119400,-0.0007526028784923255,3.7735096007907033e-07,-3.688630151748657,6.735325e-07,0.0,-3.1186394691467285,-0.00027719889414776764
119600,-0.00031280447728931904,2.593701655229097e-07,-3.6886254251003265,5.7458874e-07,0.0,-3.8971452713012695,-0.0002079134261366633
119800,-0.0005600570002570748,1.8762803737359947e-07,-3.6886429667472838,4.503131e-07,0.0,-3.816843032836914,-0.0002185020751995781
120000,-0.00032096635550260544,3.6020480607135143e-07,-3.6886478424072267,3.5375356e-07,0.0,-1.096916913986206,-0.00019458377402066241
120200,-0.0005732296267524362,2.8254375514791266e-07,-3.6886505782604218,4.938245e-07,0.0,-3.8989076614379883,-0.0002271769715239319
120400,-0.0005197105929255486,1.8212704198106166e-07,-3.6886436581611632,5.7429077e-07,0.0,-4.782750129699707,-0.00024397875306340078
120600,-0.0003590698470361531,1.8151380523079297e-07,-3.6886382043361663,5.2839516e-07,0.0,-6.8326735496521,-0.00023055617627436574
120800,-0.00017282681073993444,2.43967726731853e-07,-3.68864306807518,3.221631e-07,0.0,-2.8831348419189453,-0.00017641649458144393
121000,-0.0006361709674820304,1.6529594830672069e-07,-3.6886486291885374,5.379319e-07,0.0,-5.056384086608887,-0.000251637012609307
121200,-0.00045669497922062874,2.834033526966095e-07,-3.688629126548767,5.450845e-07,0.0,-3.197746753692627,-0.00021626193622228395
121400,-0.0004698949051089585,1.2923924330721093e-07,-3.6886541843414307,4.1931867e-07,0.0,-4.168402194976807,-0.0001956163790279186
121600,-0.00048820566735230386,2.5262119223157243e-07,-3.6886326253414152,3.5881996e-07,0.0,-4.2768473625183105,-0.00016595850921732324
121800,-0.0006285005365498364,1.1388076650575841e-07,-3.6886463820934297,4.1782857e-07,0.0,-8.120925903320312,-0.00019327808748517138
122000,-0.0006924267509020865,2.8315421118918493e-07,-3.68863987326622,3.966689e-07,0.0,-2.947007656097412,-0.00018473608734541623
122200,-0.00035030877916142344,2.853867751895223e-07,-3.6886163115501405,5.608797e-07,0.0,-7.137438774108887,-0.00021346606361953845
122400,-0.0005459107342176139,1.7996760828253855e-07,-3.688632827997208,5.024672e-07,0.0,-4.224897861480713,-0.0002934875010710103
122600,-0.000446137972176075,1.6905648489995428e-07,-3.688638466596603,5.0038096e-07,0.0,-3.409623622894287,-0.0002209512806659264
122800,-0.0003782469138968736,3.136692402705421e-07,-3.6886267125606538,5.8323144e-07,0.0,-4.721340179443359,-0.00023761517150114875
123000,-0.0006778447423130274,2.4878234192726725e-07,-3.688636827468872,7.456541e-07,0.0,-3.198768138885498,-0.0003214892098189814
123200,-0.0002878018422052264,1.4777818151401335e-07,-3.688636761903763,3.8444995e-07,0.0,-7.188650131225586,-0.00018118546680470082
123400,-0.0005969071644358337,1.6626384482520962e-07,-3.6886455357074737,4.8279765e-07,0.0,-5.784631252288818,-0.0002373520085966474
123600,-0.0006362691055983305,1.9217135722726652e-07,-3.688655424118042,4.3213367e-07,0.0,-3.731044292449951,-0.00020548359132874783
123800,-0.0006907921051606536,3.2472676103623144e-07,-3.6886290073394776,6.6697595e-07,0.0,-4.492990493774414,-0.00027506425956902447
124000,-0.0005063604330644011,2.2487375908042396e-07,-3.6886559188365937,4.3988229e-07,0.0,-4.1539506912231445,-0.0001998993734825927
124200,-0.0005043774726800621,3.1095925159263513e-07,-3.6886220395565035,6.1392785e-07,0.0,-2.909292221069336,-0.0002472548391754037
124400,-0.00021186383673921227,3.015225551905587e-07,-3.6886258363723754,4.184246e-07,0.0,-4.838336944580078,-0.00018344367295315412
124600,-0.0006219013012014329,3.1484177966945024e-07,-3.68863981962204,5.6147576e-07,0.0,-2.51672101020813,-0.0002887326350328401
124800,-0.0004671133356168866,2.3370323667393223e-07,-3.6886302888393403,6.5028667e-07,0.0,-4.725625038146973,-0.00023976289603079294
125000,-0.0003551744157448411,1.9947834246636375e-07,-3.688640373945236,4.6610833e-07,0.0,-5.125262260437012,-0.0001840304285108285
125200,-0.0009116486762650311,2.8165410483893536e-07,-3.6886297941207884,7.084012e-07,0.0,-4.339334964752197,-0.00029724140523490483
125400,-0.0005247312947176397,2.1805610046499168e-07,-3.6886416554450987,4.029274e-07,0.0,-3.451322555541992,-0.0001926277677883892
125600,-0.0009568038512952626,1.643948635887682e-07,-3.6886400878429413,6.8366523e-07,0.0,-6.6134352684021,-0.000257387607693893
125800,-0.0003635829489212483,1.4086576456406873e-07,-3.688643193244934,5.018711e-07,0.0,-2.5982017517089844,-0.00019389733694787913
126000,-0.0004283950838726014,1.4623001369784562e-07,-3.6886332869529723,5.0991775e-07,0.0,-3.5490336418151855,-0.00023154390666402236
126200,-0.00023040015366859734,3.577774197793815e-07,-3.6886155009269714,4.7773125e-07,0.0,-3.0483808517456055,-0.00019556162646310326
126400,-0.00048735018935985863,2.7466973868683907e-07,-3.6886406898498536,4.8786404e-07,0.0,-4.05474328994751,-0.000219634027665494
126600,-0.0005224908236414194,3.08200111120982e-07,-3.688621920347214,2.9116867e-07,0.0,-5.585646629333496,-0.00014896190059716653
126800,-0.00042199320159852505,3.3133298984466817e-07,-3.6886099219322204,4.7385691e-07,0.0,-4.427029132843018,-0.00021482566955410287
127000,-0.00048481798148714006,1.9135494309097111e-07,-3.688650768995285,5.477667e-07,0.0,-2.833726167678833,-0.00024928538451023384
127200,-0.000823320122435689,2.4110486673833975e-07,-3.6886260569095612,5.507469e-07,0.0,-3.2753000259399414,-0.00023331595299055374
127400,-0.0002888956805691123,3.042838994105068e-07,-3.688621348142624,3.2782555e-07,0.0,-4.169815540313721,-0.00015562021085889776
127600,-0.0003043706819880754,1.853859437517258e-07,-3.6886498808860777,3.6925076e-07,0.0,-2.9483766555786133,-0.00017237515054682184
127800,-0.000540981360245496,2.0361204224883523e-07,-3.688616472482681,7.0095064e-07,0.0,-2.9841458797454834,-0.00032027538092451737
128000,-0.0005469143507070839,2.117817249569498e-07,-3.68863440155983,5.65052e-07,0.0,-1.1715834140777588,-0.0002171933772060597
128200,-0.00046234013279899955,3.264003037628527e-07,-3.6886026859283447,4.222989e-07,0.0,-4.564428329467773,-0.00018153746015338036
128400,-0.0002700405311770737,2.6957300285346265e-07,-3.688592529296875,6.02603e-07,0.0,-4.9363861083984375,-0.00022886745631149895
128600,-0.00046533727436326444,1.578805338908751e-07,-3.688611072301865,3.1143423e-07,0.0,-4.766493797302246,-0.00014471162710356645
128800,-0.0004850665864069015,2.983341200746281e-07,-3.6886150002479554,5.4150826e-07,0.0,-2.723284959793091,-0.00025153414843703814
129000,-0.00044516532216221094,1.949797322708946e-07,-3.6886017680168153,4.4316053e-07,0.0,-1.0598678588867188,-0.00017420946899449063
129200,-0.00037268074811436236,1.9773194868122345e-07,-3.688606381416321,3.5554172e-07,0.0,-14.663895606994629,-0.00017305820345767665
129400,-0.0004124042752664536,2.116533195817283e-07,-3.6886265158653258,3.400445e-07,0.0,-2.0879645347595215,-0.00016551166399267903
129600,-0.0005302612553350627,6.437996074026841e-08,-3.68863765001297,7.1942804e-07,0.0,-14.34321403503418,-0.0002642009539262524
129800,-0.0006856406107544899,2.6111600988087956e-07,-3.6885629653930665,4.795194e-07,0.0,-5.687428951263428,-0.00022670142282876782
130000,-0.000510163139551878,1.6097539745629774e-07,-3.6885799407958983,6.824731e-07,0.0,-5.72761869430542,-0.0002457592785076512
130200,-0.0004031705320812762,1.6721642790429314e-07,-3.6885924696922303,2.6434662e-07,0.0,-4.53926420211792,-0.000131770752169591
130400,-0.0005618944996967912,5.413009569465999e-08,-3.688605809211731,4.4435262e-07,0.0,-10.692961692810059,-0.00022480498253751868
130600,-0.0004131134191993624,2.444928000500113e-07,-3.688591408729553,7.644296e-07,0.0,-3.5266222953796387,-0.00026887343727894085
130800,-0.0005270499386824667,2.1471536584272144e-07,-3.6885656476020814,4.762411e-07,0.0,-5.171864986419678,-0.0002116813148205665
131000,-0.0005250120302662253,1.7748541427664578e-07,-3.688578116893768,5.075335e-07,0.0,-1.1986405849456787,-0.00026055291331248396
131200,-0.0005159383290447295,2.2320916208684595e-07,-3.6885898649692535,5.7399274e-07,0.0,-2.755291700363159,-0.00028076449162379725
131400,-0.0006035664118826389,1.094260912992695e-07,-3.688603013753891,3.695488e-07,0.0,-3.7900443077087402,-0.00015604820854422385
131600,-0.00045260536717250943,2.5064068651659e-07,-3.6885947048664094,4.374981e-07,0.0,-3.4954075813293457,-0.00021711165495458262
131800,-0.0007318870048038661,1.1013672445159272e-07,-3.688614559173584,5.438924e-07,0.0,-6.525693893432617,-0.0002520395065175762
132000,-0.0004204548604320735,2.645279870705508e-07,-3.6886040687561037,3.8594004e-07,0.0,-2.3392159938812256,-0.0001734728057027679
132200,-0.0003224378451704979,1.6659161401477717e-07,-3.6886171817779543,3.579259e-07,0.0,-2.2825701236724854,-0.00017679104942487368
132400,-0.0003592955763451755,2.2037913680605925e-07,-3.688580721616745,4.2587519e-07,0.0,-2.1606714725494385,-0.0002153440577521426
132600,-0.0006705635460093617,2.5964734788885836e-07,-3.6885722398757936,4.756451e-07,0.0,-3.063455104827881,-0.0002325766006839647
132800,-0.000802732422016561,1.833194014366768e-07,-3.6885691702365877,5.725026e-07,0.0,-4.873587131500244,-0.00024853120715966347
133000,-0.0004781696479767561,3.838369138975395e-07,-3.688558030128479,5.00381e-07,0.0,-3.4360227584838867,-0.00021765308653004523
133200,-0.0005558284465223551,2.0703150518386338e-07,-3.6886077761650085,4.3272973e-07,0.0,-2.433708667755127,-0.00019851058764608354
133400,-0.000662275473587215,2.3479304296358804e-07,-3.6885603785514833,7.1197746e-07,0.0,-4.293222904205322,-0.000297329216317177
133600,-0.0007127414573915303,1.3671126080083696e-07,-3.688581657409668,5.152822e-07,0.0,-7.739283561706543,-0.00025550899114409333
133800,-0.00044850539416074753,1.1486842161900768e-07,-3.688595575094223,4.336238e-07,0.0,-6.561894416809082,-0.00018652103887302208
134000,-0.0005924450233578682,1.239254007856516e-07,-3.68859943151474,4.833937e-07,0.0,-4.689061164855957,-0.00021973865377686864
134200,-0.0003331633924972266,2.103668567343675e-07,-3.6885695815086366,4.1872264e-07,0.0,-3.2145566940307617,-0.00020811526418464953
134400,-0.00040327056194655597,9.680992469895955e-08,-3.688580644130707,4.61936e-07,0.0,-5.138638496398926,-0.00021531781304691134
134600,-0.00044389598770067096,1.7636350850835926e-07,-3.688601952791214,3.749132e-07,0.0,-1.161766529083252,-0.0002069769133973498
134800,-0.0007727972115390003,2.5124472706750113e-07,-3.6885611593723295,6.085634e-07,0.0,-4.7184157371521,-0.00025771478599883045
135000,-0.0004325674381107092,2.1378680337136302e-07,-3.688555282354355,5.39422e-07,0.0,-1.8276031017303467,-0.0002295706558037569
135200,-0.0005315804155543447,1.5916318893971492e-07,-3.688612323999405,4.1812658e-07,0.0,-10.431696891784668,-0.00019828926121039369
135400,-0.0007061983342282474,1.79689264712124e-07,-3.688531017303467,6.6548586e-07,0.0,-3.742750644683838,-0.00026700603932079404
135600,-0.0005455423961393535,1.8459290380690162e-07,-3.688563746213913,4.1902064e-07,0.0,-2.879154920578003,-0.00020142389794370886
135800,-0.00046061741886660457,2.917454175133116e-07,-3.6885251879692076,4.3183564e-07,0.0,-3.8005576133728027,-0.00018555601059646598
136000,-0.0004510057042352855,2.9375625416605543e-07,-3.6885359048843385,3.144145e-07,0.0,-4.9737548828125,-0.00014286375744290147
136200,-0.00036777707282453775,2.234050445082403e-07,-3.688561123609543,4.5925378e-07,0.0,-4.409407138824463,-0.00020673136614572928
136400,-0.0005601573502644897,1.461011015280178e-07,-3.6885593831539154,4.7534706e-07,0.0,-5.777125358581543,-0.00021362508680772274
136600,-0.0006942072650417686,1.1657709926282678e-07,-3.6885825395584106,5.5551527e-07,0.0,-0.7504918575286865,-0.0002760843160301674
136800,-0.0004935031174682081,3.063264443881053e-07,-3.6885193407535555,3.960729e-07,0.0,-4.324515342712402,-0.00019901463477642878
137000,-0.0007583288243040442,1.9781709230670686e-07,-3.6885485351085663,6.93202e-07,0.0,-3.8456106185913086,-0.00034400345407568087
137200,-0.0006761332624591887,9.812416958965287e-08,-3.6885804295539857,4.5090914e-07,0.0,-4.450387001037598,-0.00022184212488582933
137400,-0.0007031746790744364,1.0851843423864693e-07,-3.688564795255661,4.774332e-07,0.0,-3.8672614097595215,-0.0002065665815218942
137600,-0.0004421683552209288,3.2757414700768097e-07,-3.6884786665439604,4.4524666e-07,0.0,-6.746966361999512,-0.00018166463043826076
137800,-0.00047061347868293524,3.070079003464343e-07,-3.6885243713855744,5.13494e-07,0.0,-3.5543670654296875,-0.000251898318067334
138000,-0.00037969075492583215,9.479689175861949e-08,-3.688572126626968,4.2706728e-07,0.0,-1.8064758777618408,-0.00019669749053377039
138200,-0.0005010052700527012,2.3575396621566824e-07,-3.6885378122329713,2.8282403e-07,0.0,-1.474264144897461,-0.00014426487074494787
138400,-0.0009207734256051481,3.385336437844444e-07,-3.6885065257549288,7.805229e-07,0.0,-4.513111591339111,-0.00028882312931344245
138600,-0.000513260078150779,2.0021642654910465e-07,-3.6885364055633545,3.1501054e-07,0.0,-3.677778720855713,-0.00016217000810894166
138800,-0.0002473970234859735,6.127800586952503e-08,-3.6885667562484743,4.5478342e-07,0.0,-9.615193367004395,-0.00021484146981793907
139000,-0.000373615330317989,2.016010430594406e-07,-3.6885351657867433,3.2126906e-07,0.0,-2.962326765060425,-0.00015174029789991606
139200,-0.0005857515498064458,1.2823083945789903e-07,-3.6885720610618593,5.200505e-07,0.0,-0.9091076850891113,-0.00024186089351178053
139400,-0.00045424496056512,1.771178745002544e-07,-3.6885436177253723,5.0365924e-07,0.0,-1.4160420894622803,-0.00024377253470604378
139600,-0.0005114399245940149,2.2549906404378816e-07,-3.6885489344596865,5.307794e-07,0.0,-3.3538851737976074,-0.00022847360332205467
139800,-0.0007015884038992226,1.1393500445322502e-07,-3.688509386777878,5.236268e-07,0.0,-7.6029767990112305,-0.00024315989195451416
140000,-0.0005585565813817084,2.955354442946145e-07,-3.6885492146015166,5.6028364e-07,0.0,-2.564032793045044,-0.0002517409784633884
140200,-0.0004686692263931036,1.8183215182432378e-07,-3.6885136008262633,5.623698e-07,0.0,-3.6491732597351074,-0.0002586081322044631
140400,-0.0005032151821069419,2.0094515420510107e-07,-3.68853012919426,4.7713513e-07,0.0,-2.5647687911987305,-0.00020050652302678885
140600,-0.0005899651441723108,2.2215638217915057e-07,-3.6885036289691926,5.221367e-07,0.0,-6.005471706390381,-0.00023314184870275588
140800,-0.0003904737823177129,2.0799409430338756e-07,-3.6885135948657988,3.3557416e-07,0.0,-0.7363494634628296,-0.0001397648310810462
141000,-0.000679563672747463,2.318395214473412e-07,-3.6884824216365812,5.4717066e-07,0.0,-0.7319599390029907,-0.0002197000091418655
141200,-0.0005795562756247818,2.820987244689377e-07,-3.6885320484638213,5.751848e-07,0.0,-5.7187180519104,-0.0002805820100903134
141400,-0.0005769326235167682,1.402413060347385e-07,-3.6885193824768066,5.939603e-07,0.0,-5.665256023406982,-0.00024039722435782452
141600,-0.0005668792291544378,2.6198167013546936e-07,-3.6885136723518372,6.228685e-07,0.0,-3.032928466796875,-0.00022414009281965797
141800,-0.0005151957157067955,1.4266621004566104e-07,-3.6885064959526064,3.85046e-07,0.0,-4.388647556304932,-0.000198821582058617
142000,-0.0006807986064814031,2.5399647149981777e-07,-3.688488781452179,5.8233735e-07,0.0,-3.537839412689209,-0.0002512002155890758
142200,-0.0002976288669742644,1.8069834695211284e-07,-3.6885198175907137,2.6583672e-07,0.0,-3.2032299041748047,-0.0001400056111720005
142400,-0.000651169684715569,2.560644087878927e-07,-3.68849378824234,5.179644e-07,0.0,-4.829813480377197,-0.0002527633176065525
142600,-0.0006470818188972771,1.0835562882505201e-07,-3.688527351617813,5.5372715e-07,0.0,-7.582705497741699,-0.00025006277190628976
142800,-0.0005463222623802722,1.9087648244209278e-07,-3.688503861427307,6.330014e-07,0.0,-4.690639495849609,-0.00023578588497343844
143000,-0.0005094989319331944,1.0022427048284044e-07,-3.6885425746440887,3.707409e-07,0.0,-6.5998053550720215,-0.00014287003969712942
143200,-0.00042473385110497475,1.4793676292867985e-07,-3.688511323928833,4.3302776e-07,0.0,-4.1157612800598145,-0.00019793368789459143
143400,-0.00033093334059230983,2.501477929683915e-07,-3.6884555518627167,6.270409e-07,0.0,-4.7136640548706055,-0.00022682777087039695
143600,-0.00047507029375992715,3.067139410006803e-07,-3.6884676218032837,5.3852796e-07,0.0,-4.399183750152588,-0.00023166543350097157
143800,-0.0004482179065234959,8.711341772382753e-08,-3.688551825284958,4.890561e-07,0.0,-9.169462203979492,-0.00016952706804147511
144000,-0.00038591408520005643,1.7716249764987423e-07,-3.6885015845298765,3.8087367e-07,0.0,-2.327758550643921,-0.0001833548532240492
144200,-0.00045386742567643523,2.294174684891459e-07,-3.688506454229355,5.942583e-07,0.0,-4.074616432189941,-0.0002452756465180617
144400,-0.00041261190199293196,9.327919006096864e-08,-3.688541239500046,6.040931e-07,0.0,-7.707106590270996,-0.00023464323572721656
144600,-0.0007245416636578739,1.3125257449786432e-07,-3.6884981989860535,5.5730345e-07,0.0,-5.67380428314209,-0.00023523397738608732
144800,-0.0004888522671535611,1.3143513530877726e-07,-3.6885080516338347,5.149841e-07,0.0,-4.667468547821045,-0.0002099391221377145
145000,-0.0006058261496946216,1.6093499777269926e-07,-3.688535463809967,5.39124e-07,0.0,-2.0301003456115723,-0.00024365843662090824
145200,-0.0004914630553685129,2.022617426433726e-07,-3.688507705926895,6.049871e-07,0.0,-2.593492269515991,-0.00027120214570797163
145400,-0.00019366435299161822,1.7523824631382466e-07,-3.6884959757328035,2.9236077e-07,0.0,-3.6153721809387207,-0.0001360410305533133
145600,-0.001005918369628489,7.904984338225063e-08,-3.688504320383072,7.662177e-07,0.0,-8.808305740356445,-0.00028324151325955784
145800,-0.00040505186188966036,2.1644659398134536e-07,-3.6884808003902436,5.0127505e-07,0.0,-3.734926700592041,-0.00023759904562166146
146000,-0.0007111330633051693,1.0086724859803553e-07,-3.6884830057621003,5.677343e-07,0.0,-8.93175983428955,-0.0002675590957394558
146200,-0.0008912701741792262,1.3498625186514346e-07,-3.688513368368149,6.7472456e-07,0.0,-4.5411248207092285,-0.00028991136217245697
146400,-0.0006134035647846758,1.9487923008654207e-07,-3.6885095834732056,4.804134e-07,0.0,-2.0689122676849365,-0.00021450871397248327
146600,-0.0003912760876119137,1.9775237962704751e-07,-3.688521605730057,4.4971705e-07,0.0,-2.8224070072174072,-0.00021791622815726664
146800,-0.0005131009384058416,1.535623429305133e-07,-3.6885168313980103,4.0113926e-07,0.0,-5.546770095825195,-0.00019443073245332121
147000,-0.0005775264580734074,1.1734395855000912e-07,-3.6885428607463835,4.7296282e-07,0.0,-4.874540328979492,-0.00021376600751910058
147200,-0.00043803630978800356,2.913944175730876e-07,-3.688468897342682,3.4809113e-07,0.0,-5.090699672698975,-0.0001452183054457379
147400,-0.000535937724635005,2.4969093743720804e-07,-3.688511389493942,3.5017732e-07,0.0,-2.4419033527374268,-0.00017280930336993627
147600,-0.0007073957822285593,1.7097273161681414e-07,-3.6885285437107087,6.5207473e-07,0.0,-3.2796273231506348,-0.0002692805530983833
147800,-0.000530172255821526,2.119832466007665e-07,-3.688468313217163,5.576015e-07,0.0,-5.521167278289795,-0.00021253809417545177
148000,-0.00045462415437214077,1.052630985043379e-07,-3.688506817817688,3.7521124e-07,0.0,-9.088598251342773,-0.0001678158944205421
148200,-0.0005030145985074341,1.3170921633332e-07,-3.6885076105594634,6.7561865e-07,0.0,-5.260008811950684,-0.0002927817019758638
148400,-0.0003802938445005566,2.426123483445508e-07,-3.68846737742424,4.1693448e-07,0.0,-2.757033348083496,-0.00015868629891770957
148600,-0.0005378508940339088,1.2734499152955436e-07,-3.6884951412677767,3.3974646e-07,0.0,-2.8707218170166016,-0.00014857941817194575
148800,-0.0004932820447720587,2.3410513456667558e-07,-3.688512068986893,4.6253206e-07,0.0,-2.8074471950531006,-0.0002037338308507497
149000,-0.0005924584693275392,2.856634036874084e-07,-3.6884811222553253,4.6044588e-07,0.0,-2.9547696113586426,-0.00020349836856927705
149200,-0.0002647158980835229,3.416578877590837e-07,-3.6884547531604768,4.935265e-07,0.0,-3.89705753326416,-0.00019835796809525297
149400,-0.0003694168117363006,2.3127493413710455e-07,-3.6884744644165037,6.03199e-07,0.0,-0.8118478059768677,-0.0002504718604059208
149600,-0.0006767509621568024,2.880720078479726e-07,-3.6885105848312376,8.824468e-07,0.0,-2.9254443645477295,-0.0002814873905176762
149800,-0.0004887416725978255,1.8186828985022884e-07,-3.6885074377059937,4.2676928e-07,0.0,-2.833937406539917,-0.00018243290561117397
150000,-0.0007791597163304687,2.498262087868852e-07,-3.6884838163852693,4.4435262e-07,0.0,-4.229254245758057,-0.0001893577648477196
150200,-0.000618436373770237,1.5927046224106788e-07,-3.6884992837905886,4.3988229e-07,0.0,-4.957379341125488,-0.00020364020783427694
150400,-0.0004368885711301118,1.5996497495507356e-07,-3.6885278046131136,6.0886146e-07,0.0,-3.6421895027160645,-0.00024253276118747503
150600,-0.0003998001047875732,2.3212908182301816e-07,-3.688521069288254,3.954768e-07,0.0,-1.9176783561706543,-0.0001861769113214784
150800,-0.0002797458437271416,1.1777738588847342e-07,-3.6885414600372313,4.7147276e-07,0.0,-2.238770008087158,-0.00022900455258991758
151000,-0.0005253233248367906,2.524675220882955e-07,-3.688481467962265,4.273653e-07,0.0,-4.322483539581299,-0.00018707153315596913
151200,-0.0008930685580708086,3.1780319886820507e-07,-3.6884627521038054,8.317828e-07,0.0,-3.958524703979492,-0.0002916739145903069
151400,-0.0004226399469189346,2.2747608170448074e-07,-3.688512760400772,3.913045e-07,0.0,-3.6685972213745117,-0.00023313437283423166
151600,-0.0006175425369292498,2.2875807310640538e-07,-3.688470023870468,4.938245e-07,0.0,-4.786063194274902,-0.00023997265136017633
151800,-0.0005015117349103093,2.1304467381355608e-07,-3.6884407460689546,6.613135e-07,0.0,-7.455471992492676,-0.00025314777390805787
152000,-0.00047831214033067226,9.715520619124617e-08,-3.6885282576084135,6.192923e-07,0.0,-4.090687274932861,-0.00025834108698701285
152200,-0.000557925901375711,2.7209852895282436e-07,-3.6884713232517243,5.015731e-07,0.0,-3.3483548164367676,-0.0002364723899863641
152400,-0.0004380341270007193,1.208316628975581e-07,-3.6884970128536225,5.8740375e-07,0.0,-4.18880033493042,-0.00024874680496191905
152600,-0.0005288597894832492,1.5935000732270055e-07,-3.688549393415451,5.4150814e-07,0.0,-1.7152471542358398,-0.00022098706660180766
152800,-0.0004030577838420868,2.29883479718751e-07,-3.6884672343730927,5.346537e-07,0.0,-4.271697044372559,-0.00023405715443036712
153000,-0.0006291116587817669,8.743218824491805e-08,-3.6884832620620727,5.441904e-07,0.0,-7.866098403930664,-0.00021909561586470617
153200,-0.00024253794981632382,1.3895016266474157e-07,-3.6884975373744964,5.620718e-07,0.0,-3.6100287437438965,-0.00023755716300457585
153400,-0.0007737347041256726,1.0639066285733634e-07,-3.6884798407554626,6.183982e-07,0.0,-4.804074764251709,-0.00023371077269984664
153600,-0.0005611639935523272,2.498643311810156e-07,-3.6884849846363066,5.39124e-07,0.0,-3.44644832611084,-0.00025087277384718833
153800,-0.0004507285193540156,1.8597354625171648e-07,-3.688478058576584,4.2617322e-07,0.0,-3.6096081733703613,-0.00019927120112720465
154000,-0.0006256459164433181,3.180730519858344e-07,-3.6884652376174927,6.717444e-07,0.0,-4.7852396965026855,-0.0002559799416016029
154200,-0.00035907182609662414,1.2557394910572838e-07,-3.6884786546230317,3.6776066e-07,0.0,-3.855978012084961,-0.00018565178492337963
154400,-0.0005761918146163225,3.586410610267876e-07,-3.6884185433387757,5.194545e-07,0.0,-2.3206534385681152,-0.00021708139629001978
154600,-0.00045096658868715167,2.1456990015877863e-07,-3.6884703934192657,3.862381e-07,0.0,-5.593487739562988,-0.00018443457745720426
154800,-0.00043855467811226845,1.5258716530297533e-07,-3.6884774684906008,3.4660098e-07,0.0,-5.147947311401367,-0.00017627996749297603
155000,-0.0008762641227804124,1.670176454027228e-07,-3.6884888768196107,6.249547e-07,0.0,-1.9333317279815674,-0.0002540319273525604
155200,-0.0008047310402616858,2.2397001231411195e-07,-3.6884798288345335,5.888939e-07,0.0,-2.607517719268799,-0.0002570593525351939
155400,-0.0005526540917344391,2.0900211836760718e-07,-3.688465118408203,3.9905308e-07,0.0,-4.425466537475586,-0.00018039603527779667
155600,-0.0008716917946003377,2.0593463538887137e-07,-3.6884880304336547,6.8664554e-07,0.0,-3.69620418548584,-0.00028852091718909454
155800,-0.0008835445041768253,2.065845833953972e-07,-3.688475567102432,7.724762e-07,0.0,-2.3670337200164795,-0.0003419280980693884
156000,-0.00038348996895365417,1.5979796028631199e-07,-3.688480442762375,2.926588e-07,0.0,-3.770059585571289,-0.0001316935335635261
156200,-0.0005043316632509232,2.46542690085505e-07,-3.6884210228919985,4.899502e-07,0.0,-4.057929515838623,-0.00023236982382943694
156400,-0.0006134519353508949,1.1204277203802348e-07,-3.688503932952881,4.4077638e-07,0.0,-3.4522204399108887,-0.00020185171040748573
156600,-0.0004076477198395878,1.7899772242202516e-07,-3.688470160961151,4.4345853e-07,0.0,-4.507270336151123,-0.00019643797983981415
156800,-0.0006629076087847352,2.3414729959370107e-07,-3.68845911026001,5.9276823e-07,0.0,-3.432481288909912,-0.0002698921258627252
157000,-0.0006378397811204195,1.674587155164886e-07,-3.688450002670288,4.5448542e-07,0.0,-4.884238243103027,-0.0002078483032801337
157200,-0.0006313412450253963,2.5603491380365997e-07,-3.688445633649826,4.863739e-07,0.0,-0.5010654926300049,-0.0002141988980868037
157400,-0.00019045155204366893,2.3582602075578053e-07,-3.6884385883808135,4.7594307e-07,0.0,-7.8243255615234375,-0.00020380117778828755
157600,-0.0005474667996168137,1.1760029856588972e-07,-3.6884540736675264,5.0127505e-07,0.0,-5.836752414703369,-0.00025458610016220183
157800,-0.0006765291909687221,1.7917143697587789e-07,-3.6884672343730927,5.38826e-07,0.0,-4.123778343200684,-0.00025679852052418184
158000,-0.0006332111079245806,1.456361179208443e-07,-3.6885105431079865,5.3435565e-07,0.0,-3.0207133293151855,-0.0002430405451914419
158200,-0.0003297127550467849,1.9870534728738676e-07,-3.6884357273578643,3.3289191e-07,0.0,-0.4233272075653076,-0.00016781865182321498
158400,-0.0007172021432779729,1.6670513360850237e-07,-3.688458061218262,6.2704083e-07,0.0,-6.8634843826293945,-0.0002900853925948521
158600,-0.0003600306808948517,2.3716527302042324e-07,-3.688449466228485,3.9100644e-07,0.0,-4.68953275680542,-0.0001744030700904231
158800,-0.0006688432185910642,9.677952643727394e-08,-3.6884820222854615,6.470084e-07,0.0,-4.249622821807861,-0.0002579811401256293
159000,-0.0004424771177582443,1.3573600856631174e-07,-3.688474404811859,5.1587824e-07,0.0,-2.7174808979034424,-0.00022183252830858534
159200,-0.00037423186586238444,2.8381467487292866e-07,-3.6884156346321104,6.4164396e-07,0.0,-6.315605163574219,-0.00020704563714843971
159400,-0.0005308784311637282,9.054358587334833e-08,-3.68846538066864,5.280972e-07,0.0,-0.7783762216567993,-0.0002254079206436499
159600,-0.00027836827212013304,2.6975947378105045e-07,-3.68845591545105,3.0726193e-07,0.0,-4.139059066772461,-0.00015843237836157264
159800,-0.0007612960180267692,1.2570226424202246e-07,-3.688486969470978,4.5865772e-07,0.0,-6.193124771118164,-0.00023240357528186983
160000,-0.0006385839660651982,2.0065365688992642e-07,-3.688469535112381,4.5001505e-07,0.0,-3.652623176574707,-0.00021656148216862015
160200,-0.0004719056305475533,1.1717248993292628e-07,-3.6884789884090425,4.87566e-07,0.0,-5.196173191070557,-0.0002209323581427114
160400,-0.000611445982940495,1.2519686762857418e-07,-3.6884798765182496,5.8293347e-07,0.0,-1.7928874492645264,-0.00023388211251882396
160600,-0.0006739156669937074,1.0796005556201749e-07,-3.6884622037410737,4.6670436e-07,0.0,-4.296878814697266,-0.0002235365049200855
160800,-0.00039991948870010674,2.6061930551435354e-07,-3.688456040620804,4.476309e-07,0.0,-3.763413429260254,-0.0001838457888747147
161000,-0.00043275990174151957,1.5933812829160844e-07,-3.688443821668625,4.5865772e-07,0.0,-6.259817123413086,-0.00020676034734243843
161200,-0.00037935530417598784,2.632223569776215e-07,-3.688446766138077,3.2901764e-07,0.0,-0.3529573678970337,-0.0001477758506698734
161400,-0.0004931227886117995,2.728470166246666e-07,-3.688473081588745,4.0262938e-07,0.0,-3.9135255813598633,-0.00017672038739888763
161600,-0.0009378885151818395,2.5487301762439075e-07,-3.6884675860404967,8.016825e-07,0.0,-4.354877948760986,-0.00028496013466170476
161800,-0.00039848213782534003,1.7666237468461076e-07,-3.6884512662887574,3.993511e-07,0.0,-3.3103699684143066,-0.0001631096154454781
162000,-0.0005262934719212353,1.0213535936998141e-07,-3.688511371612549,6.574392e-07,0.0,-0.8914923667907715,-0.00026416856065940574
162200,-0.00042131595546379685,1.810000652469057e-07,-3.688475614786148,5.4359435e-07,0.0,-3.1499152183532715,-0.00023019121462772852
162400,-0.00048648164374753833,1.5826894195214436e-07,-3.6884905338287353,4.351139e-07,0.0,-3.5753893852233887,-0.0001905823571123566
162600,-0.0002321058273082599,1.8955902785222635e-07,-3.688495457172394,6.2227247e-07,0.0,-3.929164409637451,-0.00022902289187680668
162800,-0.0006545414216816425,7.126058916284706e-08,-3.6884635269641874,6.92904e-07,0.0,-2.578341484069824,-0.00027640577050078716
163000,-0.00038468826096504927,2.742191437477004e-07,-3.6883950412273405,5.722046e-07,0.0,-3.5073466300964355,-0.00022852292429345055
163200,-5.11628677486442e-05,1.385237133888495e-07,-3.6884367525577546,4.991889e-07,0.0,-3.9383296966552734,-0.00018395745645876093
163400,-0.0005896154907532036,1.8237706882473504e-07,-3.6884511530399324,3.6954881e-07,0.0,-4.8361334800720215,-0.00019331510420599328
163600,-0.0005623424076475203,1.1121828844551373e-07,-3.6884803593158724,5.015731e-07,0.0,-7.560194969177246,-0.0002293553355312339
163800,-0.000406152568757534,1.5256160370569206e-07,-3.688441890478134,4.5001505e-07,0.0,-5.248485088348389,-0.00020524394294880733
164000,-0.0007104683318175375,9.564099174852459e-08,-3.688493800163269,4.3690204e-07,0.0,-4.492367267608643,-0.00022599530110685163
164200,-0.0005818653735332191,1.809478606062953e-07,-3.6884570002555845,5.108118e-07,0.0,-4.684833526611328,-0.00023570783177797593
164400,-0.00037120241904631257,0.0004898981191217899,-3.6887256801128387,2.5957823e-07,0.0,-3.388504981994629,-0.00014533516658514766
164600,-0.00043549833935685456,0.00012726867462333757,-3.6885843515396117,3.1411648e-07,0.0,-1.1463327407836914,-0.0001791220602589849
164800,-0.0006379992119036615,0.00017471446517447475,-3.688477098941803,6.1541795e-07,0.0,-2.733323574066162,-0.00028314368380359943
165000,-0.0005040174582973123,3.31232387907221e-05,-3.688471406698227,4.8190356e-07,0.0,0.07373136281967163,-0.00019939538702846705
165200,-0.000562395085580647,1.6130901917676967e-05,-3.6885022640228273,6.040931e-07,0.0,-0.0134202241897583,-0.00023036432149183827
165400,-0.0007793985423631966,1.877228019111499e-05,-3.6884658873081206,6.03497e-07,0.0,-0.025993824005126953,-0.00025114720924808155
165600,-0.0004420212935656309,1.9710287074303778e-05,-3.688492465019226,3.7878752e-07,0.0,-0.0033305883407592773,-0.00017776417731196759
165800,-0.0006220939103513956,2.545659895076824e-05,-3.6884595155715942,4.795194e-07,0.0,0.07963895797729492,-0.00024083386714712773
166000,-0.00053882144857198,1.7146656227851052e-05,-3.688431167602539,6.3568353e-07,0.0,0.20396989583969116,-0.0002481773342080995
166200,-0.000340876606060192,1.3472952241500025e-05,-3.6884161949157717,4.780293e-07,0.0,0.02530992031097412,-0.00018317053135974426
166400,-0.0004676495445892215,3.064923148485832e-05,-3.688495534658432,4.74751e-07,0.0,0.12396240234375,-0.0001798790087257196
166600,-0.0005570154171437025,1.8391798403172287e-05,-3.6884952068328856,6.973744e-07,0.0,0.28891146183013916,-0.00026922187284844634
166800,-0.00043913660920225084,3.197617679688847e-05,-3.688414293527603,4.7445297e-07,0.0,-0.4124504327774048,-0.00020163837859759058
167000,-0.0005778713966719806,2.7426033739175182e-05,-3.688432031869888,4.7028064e-07,0.0,-0.1339097023010254,-0.00020305371284847772
167200,-0.0006805849843658507,3.6010014173371016e-05,-3.6884055495262147,6.2733886e-07,0.0,0.0005543828010559082,-0.0002777889966723679
167400,-0.0005123608279973269,1.4698185827910492e-05,-3.688477563858032,5.3435565e-07,0.0,-0.003940463066101074,-0.00021878108319128842
167600,-0.0003935889690183103,4.633541429939214e-05,-3.6884359538555147,3.8564204e-07,0.0,-0.026156067848205566,-0.00018410857077322262
167800,-0.0004278025880921632,1.649046873808402e-05,-3.6884506702423097,5.6505206e-07,0.0,-0.1284095048904419,-0.00024798417100502235
168000,-0.0005634825793094933,2.184942775329546e-05,-3.6884335696697237,3.927946e-07,0.0,0.04087740182876587,-0.00017857860065078056
168200,-0.0004936553887091577,5.700311685359338e-05,-3.6884257912635805,7.447601e-07,0.0,0.02710855007171631,-0.00027331471398781557
168400,-0.0006989905377849936,2.3295990649785382e-05,-3.6884664714336397,5.2481886e-07,0.0,-0.12435197830200195,-0.0002395039357571349
168600,-0.00036493263905867934,1.587494484738272e-05,-3.6884384393692016,4.646182e-07,0.0,0.04478418827056885,-0.00020401984440407973
168800,-0.0007608085870742798,1.556954839543323e-05,-3.6884239315986633,5.6654216e-07,0.0,0.053139328956604004,-0.0002503341726421748
169000,-0.00047845119843259454,1.8647005390448612e-05,-3.688451719284058,6.3091517e-07,0.0,0.035158634185791016,-0.0002806702560296692
169200,-0.0002841263194568455,3.368584898453264e-05,-3.6884075701236725,5.2243473e-07,0.0,-0.057662367820739746,-0.00024978754484243914
169400,-0.000264343194430694,3.238325734855607e-05,-3.6884289026260375,3.8683413e-07,0.0,0.009512186050415039,-0.00017351959611684454
169600,-0.0005218179430812597,2.045502637884056e-05,-3.6884434461593627,5.3763387e-07,0.0,-0.11070215702056885,-0.00022895252592043392
169800,-0.0005447285948321223,2.6093188762388308e-05,-3.688452434539795,4.2796137e-07,0.0,0.03843271732330322,-0.0002112975124797245
170000,-0.0004997729556635022,4.304879689698282e-05,-3.6884223580360413,5.5879354e-07,0.0,0.0595393180847168,-0.0002545450032436225
170200,-0.00039779485086910427,4.54009044005943e-05,-3.6883947134017943,4.079938e-07,0.0,-0.03490805625915527,-0.00017008089919015034
170400,-0.0002307115646544844,1.0342681548536348e-05,-3.688391214609146,3.1858684e-07,0.0,-0.01111292839050293,-0.000147300176552001
170600,-0.00039065349847078323,1.3285163345244654e-05,-3.6884224474430085,3.993511e-07,0.0,-0.059828996658325195,-0.00017593129094006787
170800,-0.00036427576560527086,1.598209862549993e-05,-3.6884079039096833,6.023049e-07,0.0,-0.02823042869567871,-0.00024178347074936822
171000,-0.0002147628547390923,3.4431773019605314e-05,-3.6884371995925904,5.9425827e-07,0.0,0.05030953884124756,-0.0002202793864817032
171200,-0.0004927167319692671,1.32611850858666e-05,-3.688421881198883,5.8352947e-07,0.0,0.06659656763076782,-0.00024860732180158606
171400,-0.00026991855702362955,2.2860229091747896e-05,-3.6884021759033203,3.7312506e-07,0.0,-0.10966682434082031,-0.00020019945469083034
171600,-0.0005761416396126151,1.9801428447863145e-05,-3.6884128868579866,4.3988229e-07,0.0,0.09348404407501221,-0.00020072719458070766
171800,-0.0005126991891302168,2.2568088820662523e-05,-3.688409852981567,5.1051376e-07,0.0,0.00034999847412109375,-0.0001913404756018977
172000,-0.0004059120255988091,3.522155384416692e-05,-3.6884363532066344,4.711747e-07,0.0,-0.018478989601135254,-0.0001973741604647472
172200,-0.00022235563665162772,3.094956182394526e-05,-3.688390040397644,3.5226344e-07,0.0,-0.10399389266967773,-0.00014636040361599713
172400,-0.000489721423946321,1.6403492418248787e-05,-3.688448596000671,3.7252903e-07,0.0,0.06691575050354004,-0.0001669714412910306
172600,-0.0005302043864503503,3.0677540098622555e-05,-3.6884182035923003,4.8607586e-07,0.0,-0.01457822322845459,-0.00018396756681249293
172800,-0.00032536895014345646,1.2995527652037708e-05,-3.6884351551532744,5.635619e-07,0.0,0.21008247137069702,-0.00023296198776114884
173000,-0.0005467287264764309,3.539087560966436e-05,-3.6884232461452484,5.8591365e-07,0.0,0.11557185649871826,-0.0002540950623205251
173200,-0.0003826691536232829,1.243420467744727e-05,-3.6884496808052063,3.8802625e-07,0.0,-0.05568432807922363,-0.0001753224809498466
173400,-0.0006645439425483346,1.1289579754247825e-05,-3.6884192764759063,5.6147576e-07,0.0,0.017313241958618164,-0.00023721480982104027
173600,-0.0003823456645477563,2.80858884252666e-05,-3.688429540395737,5.90384e-07,0.0,0.0746687650680542,-0.00023328998722491612
173800,-0.0005571057554334402,3.863112810904567e-05,-3.688463044166565,4.7922134e-07,0.0,0.008534729480743408,-0.00019866170036981768
174000,-0.00045335141476243734,1.2370574438591575e-05,-3.6884380102157595,4.6163797e-07,0.0,0.047342002391815186,-0.0002281877532961829
174200,-0.00042349714203737676,1.829699210702529e-05,-3.6884675562381743,3.966689e-07,0.0,0.1823146939277649,-0.0001881118382103697
174400,-0.00034431464155204594,1.6380061538256996e-05,-3.688450872898102,3.8802622e-07,0.0,-0.07381069660186768,-0.00019640250818717676
174600,-0.00042856577783823013,1.5958022981976682e-05,-3.6884349405765535,4.3004752e-07,0.0,0.0392950177192688,-0.0002046173503436055
174800,-0.0007993456092663109,3.270459728810238e-05,-3.6884803235530854,6.8664554e-07,0.0,-0.030828356742858887,-0.00027772687130953597
175000,-0.0006972557748667896,1.9985827520940802e-05,-3.688449043035507,6.303191e-07,0.0,-0.10793840885162354,-0.0002689218062782883
175200,-0.0007611598703078926,1.0789776399633411e-05,-3.688444232940674,5.9962275e-07,0.0,0.14071321487426758,-0.0002475242991349713
175400,-0.000649029272608459,1.3623673748952569e-05,-3.6883953154087066,4.9263235e-07,0.0,0.13358044624328613,-0.00021601274714480034
175600,-0.0006415346288122237,1.2961030358837889e-05,-3.6884142220020295,5.9187414e-07,0.0,-0.020996689796447754,-0.00023603610949427534
175800,-0.0005991404759697616,2.646484613251232e-05,-3.688443249464035,7.581711e-07,0.0,0.04285222291946411,-0.0003043988193276004
176000,-0.0006697534117847681,1.9690055933097027e-05,-3.688467574119568,4.6491624e-07,0.0,0.15171444416046143,-0.00021010893452975133
176200,-0.0005405147676356137,1.5816958966752282e-05,-3.68844558596611,8.058548e-07,0.0,0.006306946277618408,-0.0003114645080844358
176400,-0.0002659226884134114,2.5517269455122006e-05,-3.688431715965271,3.8594007e-07,0.0,0.05644512176513672,-0.00018217700806781866
176600,-0.0008437242358922958,1.4576380249309295e-05,-3.6884717762470247,6.735325e-07,0.0,0.10034412145614624,-0.00026383246459626974
176800,-0.00038350472459569573,2.257149158140237e-05,-3.688449651002884,5.096197e-07,0.0,0.05493438243865967,-0.00020719350937632442
177000,-0.00035037039197050035,1.5130238512028882e-05,-3.688469022512436,5.0306323e-07,0.0,0.21190565824508667,-0.00023040912303167181
177200,-0.0005647587822750211,2.5368300657646615e-05,-3.6884816765785216,5.766749e-07,0.0,-0.02497720718383789,-0.00024355199135812634
177400,-0.0005322885699570179,1.3216689853834396e-05,-3.6884469866752623,5.313754e-07,0.0,0.008570313453674316,-0.00019569253879638814
177600,-0.000831501791253686,2.0756597018589672e-05,-3.688486325740814,6.186962e-07,0.0,0.050415217876434326,-0.0002644730731446998
177800,-0.00036306885886006057,4.0096255725075024e-05,-3.6884520649909973,4.288554e-07,0.0,0.10126423835754395,-0.00017465652153052512
178000,-0.0003765466681215912,2.5117881023106747e-05,-3.6884709715843202,2.7775764e-07,0.0,-0.04220855236053467,-0.00015321631535472057
178200,-0.0004354442935436964,3.084754343944951e-05,-3.6884187757968903,5.00977e-07,0.0,-0.01780116558074951,-0.00021457049567401575
178400,-0.0005199984298087656,3.536637532306486e-05,-3.6884905397892,4.708767e-07,0.0,-0.1816854476928711,-0.00020036123714226584
178600,-0.0006554697756655514,2.3036298216538853e-05,-3.6884331345558166,7.0929525e-07,0.0,-0.1958521604537964,-0.00027418758811901254
178800,-0.00031695555662736297,2.674663223842799e-05,-3.6884656310081483,3.543496e-07,0.0,-0.10827517509460449,-0.00017582227341721434
179000,-0.000605640874709934,2.7679355662257875e-05,-3.688474589586258,5.00083e-07,0.0,0.04360926151275635,-0.00021181805482655135
179200,-0.000258748623309657,1.5798699882907387e-05,-3.688465601205826,4.1365627e-07,0.0,0.07490730285644531,-0.00017663536208374354
179400,-0.0005733586731366813,1.5293234196178673e-05,-3.6884830713272097,6.0319906e-07,0.0,0.15388059616088867,-0.00022532180842436134
179600,-0.0006535900756716728,3.100652884313604e-05,-3.6884630620479584,5.081296e-07,0.0,-0.11446130275726318,-0.00019683874741371898
179800,-0.00038674569805152714,2.6898408577835653e-05,-3.688472551107407,4.2885543e-07,0.0,0.04119265079498291,-0.0001884900638569942
180000,-0.000427045626565814,5.7581724468036556e-05,-3.688513123989105,3.1024217e-07,0.0,-0.0008052587509155273,-0.00017222625109880596
180200,-0.00047528528375551105,4.733484897769813e-05,-3.6884869396686555,4.6998264e-07,0.0,0.1393476128578186,-0.0002032448786876806
180400,-0.00042507448233664036,2.201888460149348e-05,-3.688455379009247,3.3974646e-07,0.0,0.04750114679336548,-0.00014518076194076636
180600,-0.00035466160625219345,4.483345082917367e-05,-3.688469594717026,4.416704e-07,0.0,0.18933969736099243,-0.00017682520897426278
180800,-0.00028886384097859263,2.6003875655078444e-05,-3.688510262966156,2.5719405e-07,0.0,0.15915459394454956,-0.00011993168942034949
181000,-0.0007287561311386526,3.133093655378616e-05,-3.688463819026947,6.5863134e-07,0.0,0.015126585960388184,-0.00028666037438322965
181200,-0.00029014499159529805,2.014269641676947e-05,-3.6884460031986235,4.866719e-07,0.0,0.017189860343933105,-0.0001827506666796097
181400,-0.0003854252281598747,3.6376069738253135e-05,-3.6884780406951903,2.783537e-07,0.0,-0.017632007598876953,-0.00013960634193299626
181600,-0.0003862380108330399,1.6613159664302658e-05,-3.6885031163692474,4.1216612e-07,0.0,-0.14812004566192627,-0.00018303661031244812
181800,-0.00032827325048856437,1.725041925055848e-05,-3.68851820230484,3.477931e-07,0.0,0.089572012424469,-0.00016254344601724925
182000,-0.0005169219220988452,2.577057562120899e-05,-3.6885057985782623,5.6326394e-07,0.0,0.07370501756668091,-0.00023905131646639877
182200,-0.0005395872285589576,1.8488394061932922e-05,-3.688514345884323,5.1289794e-07,0.0,0.10422366857528687,-0.00023442277844591962
182400,-0.000539385830052197,1.9019850810764183e-05,-3.6884520828723906,7.0244073e-07,0.0,-0.03730475902557373,-0.00026353538241119523
182600,-0.0005855557974427938,1.8484821157471743e-05,-3.6884859681129454,4.857779e-07,0.0,-0.04751598834991455,-0.00022422267407824493
182800,-0.0005553017253987491,1.7808239840633176e-05,-3.6885020673274993,5.7876105e-07,0.0,0.1674005389213562,-0.0002471646690846097
183000,-0.00035392699646763504,3.456967533566058e-05,-3.6884898483753203,4.8339365e-07,0.0,0.159079909324646,-0.00017853797165358066
183200,-0.00032143815769813955,1.585012398663821e-05,-3.6884842455387115,4.4196844e-07,0.0,-0.28171253204345703,-0.00020295995663488497
183400,-0.0002231622056569904,1.9716615361176083e-05,-3.6885045528411866,4.0978196e-07,0.0,-0.0018564462661743164,-0.00018258748196386954
183600,-0.00035418756306171417,3.059493728869711e-05,-3.688494485616684,4.6193603e-07,0.0,0.08516526222229004,-0.0002083044634972442
183800,-0.00014382974768523127,1.7751335644788923e-05,-3.688470947742462,3.8892028e-07,0.0,-0.1268683671951294,-0.0001608582150854021
184000,-0.0005227849469520152,1.2036876387355733e-05,-3.688506096601486,3.6567448e-07,0.0,0.04681086540222168,-0.00017355252809068134
184200,-0.0005570160574279726,3.921291381629999e-05,-3.68850337266922,5.400181e-07,0.0,0.10951972007751465,-0.00023854335225041988
184400,-0.0006210218416526914,1.5486682968912646e-05,-3.688468170166016,6.5118076e-07,0.0,0.010859251022338867,-0.00023915879444607046
184600,-0.0006082261097617447,1.1516226095409365e-05,-3.6884649455547334,5.248189e-07,0.0,-0.032344818115234375,-0.0002448181576812702
184800,-0.00043995719170197845,1.4942885695745644e-05,-3.6884667575359344,4.8696995e-07,0.0,0.05307835340499878,-0.00022295602959774286
185000,-0.00025239502429030836,2.452789512972231e-05,-3.6884671330451964,3.916025e-07,0.0,0.081981360912323,-0.00017975619452865744
185200,-0.00035318481968715787,1.4202679244590399e-05,-3.6884800791740417,3.9786102e-07,0.0,0.12604111433029175,-0.00017327295246420958
185400,-0.00044173793867230415,1.3336963775145705e-05,-3.6884678304195404,5.0067905e-07,0.0,-0.07192885875701904,-0.0002071483427061427
185600,-0.0006328918971121311,2.292332169417932e-05,-3.688453698158264,4.646182e-07,0.0,0.10704261064529419,-0.0002105917919710265
185800,-0.0006135458243079484,4.499899505390203e-05,-3.6884677171707154,4.6670436e-07,0.0,0.06757974624633789,-0.0002060778132122909
186000,-0.0006042798049747944,1.9146355998600485e-05,-3.6884519934654234,6.1541795e-07,0.0,-0.003558635711669922,-0.00021569551525704166
186200,-0.00035536978975869715,1.5656547657272312e-05,-3.68849573135376,4.4494868e-07,0.0,-0.11003768444061279,-0.00018958917152054334
186400,-0.00043924941564910114,2.044191112418048e-05,-3.6884814739227294,3.8594007e-07,0.0,-0.013077259063720703,-0.0001878136570298894
186600,-0.0004944076645188034,1.7177378867927474e-05,-3.68847913146019,5.155802e-07,0.0,-0.015526413917541504,-0.00022416966493867818
186800,-0.0005616904818452895,2.039316423179116e-05,-3.688478761911392,5.102158e-07,0.0,0.11195075511932373,-0.0002267753112513926
187000,-0.0005361401126720011,9.393429490955895e-06,-3.6884508192539216,6.625056e-07,0.0,-0.02118372917175293,-0.0002483512299223722
187200,-0.0003346354060340673,1.7422669452571425e-05,-3.688519537448883,5.450845e-07,0.0,0.08035045862197876,-0.00023008117491667423
187400,-0.0007323460304178298,2.6817848720384063e-05,-3.6885067760944366,4.890561e-07,0.0,0.162672758102417,-0.00024237875438122282
187600,-0.0005952534847892821,1.144837292486045e-05,-3.688480520248413,3.9160253e-07,0.0,0.045034825801849365,-0.00019296633535459407
187800,-0.0006099301390349865,2.7180740153198714e-05,-3.6885030448436735,5.355477e-07,0.0,0.09649544954299927,-0.000245191349194096
188000,-0.00037611089646816254,1.6300305810545977e-05,-3.6885047435760496,3.4332274e-07,0.0,0.113456130027771,-0.000156963103046337
188200,-0.0005607497878372669,1.172386378129886e-05,-3.688461184501648,4.541874e-07,0.0,-0.012192010879516602,-0.00020442847192527757
188400,-0.0005606896593235433,2.583472141850507e-05,-3.6884846091270447,6.03497e-07,0.0,0.062222182750701904,-0.00026973050095193687
188600,-0.0004602913686539978,1.372916549371439e-05,-3.6884754836559295,5.6535004e-07,0.0,-0.14119231700897217,-0.00023191017055068652
188800,-0.00038949312875047326,2.1143601998119266e-05,-3.688454282283783,3.108382e-07,0.0,0.1927194595336914,-0.00014829131542228868
189000,-0.0005080847768113017,1.656505692153587e-05,-3.6884585440158846,4.3809416e-07,0.0,0.025659501552581787,-0.00020400258882593558
189200,-0.0005039984825998545,2.0825066303586937e-05,-3.6884591341018678,4.4316053e-07,0.0,-0.02134883403778076,-0.0002040056361353182
189400,-0.0005966839962638915,2.2697714985042695e-05,-3.68844695687294,5.1647424e-07,0.0,-0.02717757225036621,-0.00023343962371402682
189600,-0.0005913441418670118,2.3178537003332166e-05,-3.6884414136409758,5.3584574e-07,0.0,0.0982511043548584,-0.000238299874132597
189800,-0.0007166234427131712,1.0776046906357806e-05,-3.6884566843509674,4.4554474e-07,0.0,-0.13086473941802979,-0.00021826300033396252
190000,-0.0007204096182249486,2.9420343662422965e-05,-3.6884554266929626,6.046891e-07,0.0,0.029453814029693604,-0.0002537431692515302
190200,-0.000692071917001158,2.731408339968766e-05,-3.6884789943695067,6.914139e-07,0.0,0.06086444854736328,-0.0002468957081741774
190400,-0.000350870075635612,1.586579305694613e-05,-3.688454085588455,3.942847e-07,0.0,0.18779098987579346,-0.0001844716207642705
190600,-0.00033317782799713314,1.778744979219482e-05,-3.6884599328041077,3.5345553e-07,0.0,-0.002270936965942383,-0.0001813059895994229
190800,-0.00045283293002285063,1.8611396444612183e-05,-3.6884468495845795,4.0590763e-07,0.0,0.15323281288146973,-0.00019821938257519323
191000,-0.0006197627517394722,3.41256669798895e-05,-3.688435733318329,6.7889687e-07,0.0,0.0065822601318359375,-0.00028120520686845116
191200,-0.000347619759850204,1.0558809742633457e-05,-3.688455367088318,4.1902067e-07,0.0,-0.1200859546661377,-0.00018116720115104456
191400,-0.00043381244176998734,3.247143713451806e-05,-3.6884610056877136,5.593896e-07,0.0,0.09178656339645386,-0.00022741682862736923
191600,-0.0005743139190599322,4.5569030862679935e-05,-3.6884462356567385,5.2303074e-07,0.0,0.09058690071105957,-0.00022628532741442164
191800,-0.00039924413431435823,1.4065197456147871e-05,-3.68846800327301,4.7296288e-07,0.0,-0.1918708086013794,-0.0001956956835767909
192000,-0.0005898498347960413,1.843379109232046e-05,-3.6884059727191927,5.763769e-07,0.0,0.14709371328353882,-0.0002289558170969652
192200,-0.0006335559883154929,3.355791177455103e-05,-3.688439244031906,5.480647e-07,0.0,-0.06976926326751709,-0.000226857604687436
192400,-0.0005261118058115244,2.121766051459417e-05,-3.6884669423103333,4.8458577e-07,0.0,-0.23474586009979248,-0.00019104516133783278
192600,-0.0007969767320901155,1.0594355876492045e-05,-3.6884586095809935,6.6488985e-07,0.0,-0.1820145845413208,-0.00027344608020325457
192800,-0.0005755173624493182,3.765434089473274e-05,-3.688454580307007,3.799796e-07,0.0,-0.0888899564743042,-0.00018140858227089218
193000,-0.0006488114013336599,3.078442900914524e-05,-3.6884418785572053,4.5120714e-07,0.0,0.02379143238067627,-0.00021039451675441967
193200,-0.00030259587219916284,2.519105423743895e-05,-3.6884902000427244,3.5226347e-07,0.0,0.09689199924468994,-0.00015065475482606283
193400,-0.0004740073927678168,1.6306855104630814e-05,-3.6884510815143585,4.655123e-07,0.0,-0.0015081167221069336,-0.00020504864951909063
193600,-0.0005125124589540064,3.142443183605792e-05,-3.688460636138916,4.5061108e-07,0.0,-0.0775836706161499,-0.00020428679124746553
193800,-0.0005591856897808611,2.0012744926134474e-05,-3.688445645570755,3.8325786e-07,0.0,0.05549579858779907,-0.00017688559022734917
194000,-0.0006679125945083797,2.1927274474364822e-05,-3.688432681560516,5.492568e-07,0.0,0.11649221181869507,-0.0002366790629948823
194200,-0.0004979113582521677,1.7472523381911742e-05,-3.6884586334228517,5.3286556e-07,0.0,-0.012715816497802734,-0.00025070666334165993
194400,-0.0006354165379889309,1.9444309714344854e-05,-3.6884592354297636,7.075071e-07,0.0,0.019103169441223145,-0.0002904507353064023
194600,-0.0007155153434723616,2.2130412457954662e-05,-3.6884601593017576,5.075335e-07,0.0,0.08215165138244629,-0.0002212284052990787
194800,-0.0007595016504637897,2.6484313093533273e-05,-3.6884663224220278,5.239249e-07,0.0,0.0571209192276001,-0.00023734402638480033
195000,-0.0007482224609702826,2.105627545461175e-05,-3.6884553849697115,3.9130452e-07,0.0,0.04537665843963623,-0.00020661789082465631
195200,-0.0005076156230643392,2.7614866576186613e-05,-3.688473278284073,6.151199e-07,0.0,-0.08488345146179199,-0.00025623907256338007
195400,-0.0007491236319765449,1.7193079952448897e-05,-3.6884422302246094,5.584955e-07,0.0,-0.02627086639404297,-0.00024003171093243126
195600,-0.0005648243241012096,2.7095307950730783e-05,-3.6884731888771056,6.109476e-07,0.0,-0.05723977088928223,-0.0002398777879057068
195800,-0.00043062950135208666,1.9348565933796637e-05,-3.6884334325790404,4.4196844e-07,0.0,0.07561743259429932,-0.0002193896912980442
196000,-0.0005043804994784296,3.397040040908905e-05,-3.6884459376335146,5.123019e-07,0.0,0.047388553619384766,-0.00023777243542872918
196200,-0.00014883026597090065,1.3901426018492203e-05,-3.6884316921234133,3.4332277e-07,0.0,0.17942142486572266,-0.00013181348165169915
196400,-0.0004165870777796954,1.189094269875568e-05,-3.6884566128253935,5.653501e-07,0.0,0.08663886785507202,-0.0002470765420855336
196600,-0.0005489147733896971,2.8194240212542353e-05,-3.688453221321106,5.683303e-07,0.0,0.04252249002456665,-0.00023987619656882231
196800,-0.0004873942525591701,2.3908866364763525e-05,-3.688484823703766,4.6253206e-07,0.0,0.14041757583618164,-0.0001802409587065179
197000,-0.0007101065129972994,1.7523222390991576e-05,-3.6884750008583067,3.5732984e-07,0.0,0.26903045177459717,-0.0001790179545946513
197200,-0.00044905225513502955,1.3731466856370389e-05,-3.688477122783661,4.6759843e-07,0.0,-0.3588886260986328,-0.00020938849275216055
197400,-0.00039880932308733463,1.5850406043682597e-05,-3.68845939040184,7.8201293e-07,0.0,0.03563660383224487,-0.00028623673902725686
197600,-0.0003758002130780369,5.079716747786733e-05,-3.688458526134491,4.5359135e-07,0.0,-0.08352470397949219,-0.00020908403465420556
197800,-0.0006414342788048089,1.343056364930817e-05,-3.6884341895580293,4.327297e-07,0.0,-0.1364591121673584,-0.00019549992543079763
198000,-0.00038499434594996274,9.287150828640733e-06,-3.6884741604328157,4.771352e-07,0.0,-0.029139995574951172,-0.00020621475396107592
198200,-0.00046843086602166295,2.5705806956466402e-05,-3.6884771645069123,5.927682e-07,0.0,-0.007165193557739258,-0.00022558036880351295
198400,-0.00046267613652162254,8.750843755933602e-06,-3.6884394705295565,5.847216e-07,0.0,-0.0894937515258789,-0.0002237572829979051
198600,-0.0006506796926259995,1.678337901012128e-05,-3.688455033302307,4.902482e-07,0.0,0.06968557834625244,-0.0002317211751696746
198800,-0.0006722022662870586,2.7202036517337546e-05,-3.688435345888138,5.567074e-07,0.0,0.09246599674224854,-0.00020158948669664057
199000,-0.000131527689518407,4.0844173508958195e-05,-3.6884312093257905,3.4987926e-07,0.0,0.04851013422012329,-0.0001731121687487347
199200,-0.00039473065407946706,1.4272471435106127e-05,-3.688451313972473,3.358722e-07,0.0,0.06376075744628906,-0.0001521121412647375
199400,-0.0004515710170380771,3.9606880682185876e-05,-3.6884568333625793,4.0560963e-07,0.0,0.1280500292778015,-0.00020576155176934562
199600,-0.0005717719905078411,1.4834110038464132e-05,-3.6884479105472563,4.771352e-07,0.0,0.0053258538246154785,-0.00022613951517209686
199800,-0.00048241554759442806,7.2799644385668215e-06,-3.688430553674698,5.662441e-07,0.0,0.2199135422706604,-0.0002733771232717785
200000,-0.00046458240831270814,1.5493776481889653e-05,-3.688444495201111,7.849932e-07,0.0,0.0680510401725769,-0.00029035339685741236
