timestep,loss,value_loss,entropy_loss,approx_kl,clip_fraction,explained_variance,policy_gradient_loss
200,,,,,,,
400,71.33971405029297,132.6858892440796,-3.688876348733902,1.2248755e-07,0.0,0.0018444657325744629,-0.00014089223811311057
600,76.08477783203125,143.88739166259765,-3.68887545466423,1.4543534e-07,0.0,-0.008954763412475586,-0.00012549097757243998
800,57.28733444213867,113.856764793396,-3.688874530792236,2.2381545e-07,0.0,0.00044351816177368164,-0.0001332299557975869
1000,61.55320739746094,121.88726005554199,-3.6888740420341493,1.937151e-07,0.0,-0.015508174896240234,-0.00011395217532177427
1200,57.253536224365234,121.75001659393311,-3.6888738572597504,2.0354986e-07,0.0,-0.0015060901641845703,-0.00013901182268867275
1400,69.014892578125,138.39880275726318,-3.6888734817504885,1.886487e-07,0.0,0.04525643587112427,-0.00013169837705612197
1600,68.56285858154297,134.93945484161378,-3.6888735353946687,1.8686056e-07,0.0,-0.007983922958374023,-0.0001179086570883392
1800,62.3686637878418,127.04298057556153,-3.6888724505901336,2.2679568e-07,0.0,0.0001691579818725586,-0.00017581980625571702
2000,66.38026428222656,128.63371334075927,-3.688872438669205,1.7225743e-07,0.0,0.036568403244018555,-0.00013721325233007065
2200,60.56317901611328,118.55387363433837,-3.6888724863529205,2.1606684e-07,0.0,0.016271352767944336,-0.0001402547655395381
2400,56.664791107177734,117.53387050628662,-3.688872826099396,1.7523766e-07,0.0,-0.01087331771850586,-0.00014044524798464408
2600,44.538143157958984,92.88109073638915,-3.6888725221157075,2.8997658e-07,0.0,-0.032530903816223145,-0.00016350629826717978
2800,70.58102416992188,136.40093173980713,-3.68887255191803,1.4185906e-07,0.0,0.019096970558166504,-9.114148429176794e-05
3000,61.0245246887207,124.9821439743042,-3.68887255191803,2.1964311e-07,0.0,0.0007916092872619629,-0.0001214146775591729
3200,63.70282745361328,128.12738819122313,-3.6888722717761993,2.938509e-07,0.0,0.00490725040435791,-0.000185767367601386
3400,54.301513671875,107.35633907318115,-3.688871794939041,2.5659799e-07,0.0,-0.051972270011901855,-0.0001473080596783749
3600,60.80263900756836,121.79287185668946,-3.6888712882995605,1.7017126e-07,0.0,-0.011225461959838867,-0.00011945219984568211
3800,57.99274444580078,123.39925117492676,-3.6888719260692597,1.2069941e-07,0.0,0.04180908203125,-0.000106714503877825
4000,59.03345489501953,117.45919017791748,-3.6888719618320467,1.487136e-07,0.0,-0.0038014650344848633,-9.98145420233243e-05
4200,51.86017608642578,108.21376495361328,-3.688871133327484,1.8686056e-07,0.0,-0.022062063217163086,-0.00011972329740075338
4400,74.28227996826172,144.1385124206543,-3.6888705134391784,1.8715858e-07,0.0,-0.05039191246032715,-0.00012610196320252953
4600,62.41775894165039,126.97932720184326,-3.6888706982135773,2.977252e-07,0.0,-0.024535059928894043,-0.00019238789354152351
4800,61.264801025390625,122.93768882751465,-3.6888708651065825,1.6748905e-07,0.0,-0.002038240432739258,-0.00010598276465900724
5000,67.03932189941406,133.13631954193116,-3.6888705790042877,1.4603137e-07,0.0,-0.06799066066741943,-0.0001031413749029042
5200,69.93811798095703,130.30596981048583,-3.6888706266880034,3.7103894e-07,0.0,-0.03732430934906006,-0.00018959943938181567
5400,72.09355926513672,140.03873977661132,-3.6888710498809814,1.2427569e-07,0.0,-0.01740443706512451,-9.316350544050778e-05
5600,58.90079879760742,114.3369384765625,-3.6888704001903534,2.1278859e-07,0.0,0.03802895545959473,-0.00013216683321326528
5800,66.19575500488281,123.10483322143554,-3.688870817422867,2.1457672e-07,0.0,-0.03529846668243408,-0.00012967234721443787
6000,66.12591552734375,126.69938488006592,-3.6888707280158997,2.4914743e-07,0.0,0.014018058776855469,-0.00016329720007490778
6200,69.63472747802734,143.469811630249,-3.6888701021671295,1.6748905e-07,0.0,-0.028786182403564453,-0.0001505625544233169
6400,54.01085662841797,113.9079803466797,-3.6888696789741515,1.6331673e-07,0.0,0.016909539699554443,-0.00011478856146567296
6600,65.3144760131836,129.05011749267578,-3.688869535923004,2.360344e-07,0.0,-0.013689517974853516,-0.00014021410045863547
6800,59.38301086425781,119.01515979766846,-3.688870006799698,3.1501057e-07,0.0,0.010804593563079834,-0.0001844264661222894
7000,70.53831481933594,136.56138648986817,-3.6888699412345884,2.2500753e-07,0.0,-0.024918079376220703,-0.0001481825918846269
7200,61.146732330322266,123.49964561462403,-3.688870096206665,1.2874602e-07,0.0,0.0028517842292785645,-0.00010710693127009563
7400,59.55925369262695,130.775119972229,-3.6888698279857635,1.9222497e-07,0.0,-0.03737449645996094,-0.00013014249502054653
7600,57.40140914916992,117.30183372497558,-3.6888701260089873,1.3113022e-07,0.0,-0.06647586822509766,-0.00010582529739906476
7800,65.27891540527344,131.20679264068605,-3.688869571685791,2.2143126e-07,0.0,-0.0009665489196777344,-0.00014562603130912065
8000,66.1108169555664,130.3311653137207,-3.688868874311447,1.6778708e-07,0.0,-0.004132986068725586,-0.00011696293929599477
8200,65.0196533203125,118.70330467224122,-3.68886981010437,1.4215708e-07,0.0,0.0073070526123046875,-8.95404512714748e-05
8400,70.13765716552734,130.9294828414917,-3.6888680517673493,1.591444e-07,0.0,0.019768059253692627,-0.00012529842512023492
8600,56.69210433959961,111.22524452209473,-3.688868123292923,1.835823e-07,0.0,0.02535933256149292,-0.00011464816486164153
8800,59.095703125,111.80096836090088,-3.6888681948184967,2.5093556e-07,0.0,-0.0006326436996459961,-0.0001792090467446883
9000,54.22423553466797,108.50356483459473,-3.6888681650161743,2.6226041e-07,0.0,0.013681530952453613,-0.00015775845162124824
9200,77.12405395507812,154.45475082397462,-3.688868296146393,1.7434358e-07,0.0,-0.03741765022277832,-0.000132793127650066
9400,66.22752380371094,134.58654117584229,-3.6888677775859833,2.2739172e-07,0.0,0.05671507120132446,-0.00013872802209107248
9600,49.55116653442383,101.07466831207276,-3.688867610692978,1.9103288e-07,0.0,-0.08637595176696777,-0.00013186915144718369
9800,59.897430419921875,112.02156486511231,-3.688867175579071,1.7821787e-07,0.0,0.011594772338867188,-0.0001237765614860109
10000,51.5942268371582,98.07224769592285,-3.6888677179813385,1.4662743e-07,0.0,-0.02922654151916504,-9.952431137563166e-05
10200,58.95261001586914,124.26411514282226,-3.6888671100139616,1.9580125e-07,0.0,0.0063748955726623535,-0.0001396691652291615
10400,76.78329467773438,146.58676567077637,-3.6888658881187437,1.8388033e-07,0.0,-0.034552693367004395,-0.00014053664365896169
10600,61.33820724487305,122.97125301361083,-3.688865673542023,1.3381242e-07,0.0,0.0033077001571655273,-0.00011193603272747765
10800,61.494850158691406,131.20305366516112,-3.688864517211914,3.0010938e-07,0.0,-0.04114031791687012,-0.00019296488083107022
11000,62.228607177734375,127.7522397994995,-3.688864308595657,9.5665456e-08,0.0,0.02515190839767456,-8.198432652603004e-05
11200,46.56162643432617,92.86565837860107,-3.688864666223526,2.3335218e-07,0.0,-0.013434052467346191,-0.00015004914944554136
11400,62.1308708190918,132.48302612304687,-3.6888639330863953,2.6375056e-07,0.0,-0.08347344398498535,-0.00015587319440051316
11600,68.22296905517578,131.31747169494628,-3.6888640880584718,3.2275915e-07,0.0,-0.004380941390991211,-0.00018579220711281152
11800,50.6683349609375,99.09535655975341,-3.688863807916641,2.580881e-07,0.0,0.03856390714645386,-0.00017366085910808238
12000,56.685184478759766,117.39662799835205,-3.688862371444702,2.3156404e-07,0.0,0.002579927444458008,-0.0001272643996390599
12200,64.23279571533203,127.5093936920166,-3.6888625860214233,1.347065e-07,0.0,-0.06150627136230469,-8.693604186724713e-05
12400,59.42891311645508,110.248046875,-3.688861441612244,1.9550325e-07,0.0,0.0008703470230102539,-0.00013227269063591506
12600,62.36764907836914,123.73868389129639,-3.6888610124588013,2.0176172e-07,0.0,0.002769947052001953,-0.00013214237302747734
12800,65.44026184082031,128.17268390655516,-3.6888600647449494,1.6629696e-07,0.0,-0.06990289688110352,-0.00012418888642162784
13000,75.16375732421875,145.66636848449707,-3.6888606429100035,2.3335218e-07,0.0,0.016572654247283936,-0.00014464259226301123
13200,53.760860443115234,116.46355686187744,-3.6888595104217528,1.436472e-07,0.0,-0.016530752182006836,-0.0001331913395524964
13400,53.951194763183594,110.33602161407471,-3.688859099149704,2.3096801e-07,0.0,-0.0012744665145874023,-0.00014775478058766113
13600,53.36653518676758,112.02764301300049,-3.688858997821808,1.9729137e-07,0.0,0.041707396507263184,-0.00011477476309558199
13800,56.697898864746094,112.13156433105469,-3.6888598024845125,2.9623507e-07,0.0,-0.06387698650360107,-0.00016498839793657182
14000,60.1018180847168,121.88036994934082,-3.68885914683342,9.0301036e-08,0.0,0.0033780932426452637,-6.925413042857542e-05
14200,51.80217361450195,107.43035316467285,-3.688857889175415,2.619624e-07,0.0,-0.02551734447479248,-0.00017501897284262214
14400,65.52400207519531,126.0904411315918,-3.6888583064079286,1.3023615e-07,0.0,0.03143203258514404,-9.559312996110236e-05
14600,64.32105255126953,125.96867084503174,-3.688858634233475,1.0043384e-07,0.0,-0.08330655097961426,-9.335896285449508e-05
14800,51.60041809082031,103.7820852279663,-3.688857579231262,1.820922e-07,0.0,-0.0006520748138427734,-0.0001342978681536877
15000,63.1922721862793,128.30433254241944,-3.688857060670853,1.2844801e-07,0.0,0.006431221961975098,-9.496219519906645e-05
15200,57.28394317626953,124.93822689056397,-3.6888563871383666,1.05202204e-07,0.0,0.024743318557739258,-9.633864405458325e-05
15400,70.83560943603516,133.13477344512938,-3.6888555765151976,1.5974044e-07,0.0,-0.038634419441223145,-0.00011398277458454231
15600,72.65090942382812,152.09665451049804,-3.6888545513153077,2.2649765e-07,0.0,0.030088067054748535,-0.00015959512389223106
15800,60.509864807128906,128.56074447631835,-3.688854283094406,1.8209218e-07,0.0,0.014951884746551514,-0.00012860773537610727
16000,72.43123626708984,139.40140037536622,-3.6888544261455536,7.8380104e-08,0.0,-0.09645307064056396,-7.571395505223677e-05
16200,48.86132049560547,99.0127161026001,-3.6888540506362917,1.9222497e-07,0.0,0.011985301971435547,-0.00012296448247255397
16400,66.66006469726562,131.09302406311036,-3.6888540208339693,1.6838312e-07,0.0,0.013509809970855713,-0.00012789577321008493
16600,40.07461929321289,88.85266380310058,-3.6888534843921663,2.387166e-07,0.0,-0.012095451354980469,-0.00013309815565136772
16800,63.68413162231445,132.3462911605835,-3.6888526380062103,1.7404557e-07,0.0,-0.02041304111480713,-0.00012139541692945954
17000,63.13307189941406,120.31392517089844,-3.6888513624668122,2.5123356e-07,0.0,-0.022176504135131836,-0.0001593607808217712
17200,68.37095642089844,135.92309284210205,-3.6888506591320036,1.9073487e-07,0.0,0.023594915866851807,-0.00014967653043074236
17400,53.85779571533203,118.24950714111328,-3.688850390911102,1.347065e-07,0.0,-0.04388248920440674,-0.0001103890841235966
17600,57.700645446777344,119.50332450866699,-3.688850724697113,1.6003847e-07,0.0,0.043283939361572266,-0.00010246401956806039
17800,59.28728485107422,125.82111549377441,-3.6888499677181246,1.9013882e-07,0.0,0.016386687755584717,-0.00011508075989183908
18000,56.30427551269531,114.91336402893066,-3.688849228620529,1.8417835e-07,0.0,-0.07812082767486572,-0.00012012895958726232
18200,66.92031860351562,136.47159404754638,-3.6888483464717865,2.5868417e-07,0.0,-0.05565369129180908,-0.00016052067153378148
18400,60.76274490356445,120.90709686279297,-3.688847678899765,1.4066697e-07,0.0,-0.016254425048828125,-8.864940756794226e-05
18600,62.68152618408203,132.87034282684326,-3.68884682059288,1.1742115e-07,0.0,0.025517523288726807,-9.472745720238152e-05
18800,51.32535171508789,102.6243179321289,-3.6888468742370604,2.8908252e-07,0.0,-0.1299973726272583,-0.0001634878434842335
19000,60.43406677246094,124.1354024887085,-3.6888469815254212,1.6659497e-07,0.0,0.024852335453033447,-0.00012370134829566836
19200,62.68232727050781,125.33414077758789,-3.688847190141678,1.6480683e-07,0.0,-0.030456900596618652,-0.00011311015541259906
19400,69.46088409423828,132.61710453033447,-3.6888478279113768,1.8805265e-07,0.0,-0.04992210865020752,-0.00011081888417834307
19600,51.33641052246094,104.60659141540528,-3.6888469755649567,3.1620263e-07,0.0,0.038487017154693604,-0.00018163268921966846
19800,61.00819396972656,126.90540409088135,-3.688848149776459,2.9325486e-07,0.0,0.03924763202667236,-0.00016983715979961288
20000,62.687477111816406,125.0687469482422,-3.6888476610183716,1.4096499e-07,0.0,0.014214158058166504,-9.226308797991579e-05
20200,56.25250244140625,115.14967021942138,-3.688847178220749,1.6450882e-07,0.0,-0.001018524169921875,-0.00013229687587590355
20400,54.99054718017578,100.9232931137085,-3.688847076892853,2.142787e-07,0.0,-0.04718518257141113,-0.00015944299013037622
20600,50.54531478881836,103.43245143890381,-3.6888454258441925,1.2725592e-07,0.0,-0.02415156364440918,-0.00010444172122987538
20800,54.422874450683594,118.81119689941406,-3.6888441264629366,2.2828578e-07,0.0,-0.0025061368942260742,-0.0001474149072773656
21000,66.98206329345703,135.55619850158692,-3.6888436675071716,1.451373e-07,0.0,0.026039183139801025,-0.00010492324832629407
21200,59.11674118041992,124.56430492401122,-3.6888430297374724,1.5377998e-07,0.0,0.028674840927124023,-0.00011047937767072469
21400,58.718055725097656,129.3149814605713,-3.688844400644302,1.6987323e-07,0.0,-0.05946028232574463,-0.00011577385691765584
21600,56.534751892089844,109.30712280273437,-3.6888451099395754,2.7477742e-07,0.0,-0.03005349636077881,-0.00019048312360019358
21800,60.727561950683594,127.34215908050537,-3.688847374916077,1.2040138e-07,0.0,0.01452106237411499,-8.673959232119444e-05
22000,54.987850189208984,105.19037818908691,-3.6888462126255037,1.8328427e-07,0.0,-0.027175188064575195,-0.00013946499676409374
22200,62.260093688964844,123.08840141296386,-3.6888477861881257,1.5467405e-07,0.0,-0.04350757598876953,-0.0001075973811406783
22400,56.54603958129883,119.47494144439698,-3.6888451993465425,1.3887882e-07,0.0,0.025616228580474854,-0.00011270829984724173
22600,53.31355285644531,114.69173622131348,-3.688846063613892,1.4901161e-07,0.0,-0.0735703706741333,-0.00010207773059107694
22800,59.28886032104492,118.17893276214599,-3.688844108581543,2.3633241e-07,0.0,0.014570832252502441,-0.00014451019464498672
23000,54.16225814819336,113.42320766448975,-3.688844794034958,1.9401311e-07,0.0,-0.06639182567596436,-0.0001334077867216621
23200,65.7145767211914,136.39847793579102,-3.6888435900211336,1.5825033e-07,0.0,0.0028411149978637695,-0.00011189150828201377
23400,66.74919128417969,130.4366424560547,-3.688844645023346,1.5467405e-07,0.0,-0.050255775451660156,-9.281523586466279e-05
23600,61.21315002441406,120.68795719146729,-3.688844209909439,1.8149615e-07,0.0,-0.05520200729370117,-0.00012333454225448292
23800,59.2293815612793,125.0759204864502,-3.6888425409793855,2.3186206e-07,0.0,-0.0789865255355835,-0.00015563561077538423
24000,68.87210845947266,138.15653648376465,-3.688842934370041,2.1785497e-07,0.0,-0.0064231157302856445,-0.00014044044861094562
24200,65.58642578125,128.90923156738282,-3.688842660188675,1.9669534e-07,0.0,-0.004433155059814453,-0.0001342646474736142
24400,56.409027099609375,111.99675960540772,-3.688842749595642,2.643466e-07,0.0,0.00044542551040649414,-0.00016385549901301033
24600,55.752288818359375,109.41030826568604,-3.688842940330505,2.1129847e-07,0.0,-0.04965019226074219,-0.00011318743264165931
24800,55.3382453918457,116.98521480560302,-3.6888408243656157,1.886487e-07,0.0,-0.04675793647766113,-0.00012356588215070018
25000,57.94649124145508,121.4313419342041,-3.688840997219086,2.0623207e-07,0.0,0.0039792656898498535,-0.00014074597531390509
25200,52.31981658935547,107.83579692840576,-3.688840311765671,3.436208e-07,0.0,-0.08128666877746582,-0.00018035776254521352
25400,53.14503860473633,104.90919666290283,-3.6888413429260254,2.5480986e-07,0.0,-0.02122032642364502,-0.0001405178010092989
25600,57.45100402832031,114.09414844512939,-3.6888406574726105,1.8388033e-07,0.0,0.02328789234161377,-0.00011611182971655864
25800,53.806854248046875,117.2840633392334,-3.688840317726135,1.5676022e-07,0.0,0.05697989463806152,-0.00011375400409843194
26000,62.24174499511719,119.45766887664794,-3.688841325044632,2.3365021e-07,0.0,-0.02447187900543213,-0.0001462814363094367
26200,51.82068634033203,103.4473388671875,-3.6888414859771728,2.7775764e-07,0.0,-0.08898067474365234,-0.00016849684818431854
26400,51.22157669067383,93.4153663635254,-3.688843309879303,1.8060206e-07,0.0,-0.0094376802444458,-0.00011307975787104852
26600,57.59842300415039,117.28939018249511,-3.6888421416282653,1.6808511e-07,0.0,-0.08334469795227051,-0.00012427166838744342
26800,53.387062072753906,106.65020179748535,-3.6888417541980743,1.3262034e-07,0.0,-0.04531848430633545,-0.00010599704878728744
27000,65.7936782836914,127.16570987701417,-3.688842463493347,1.4990567e-07,0.0,0.027998685836791992,-0.00010267780683133054
27200,61.401912689208984,119.33421192169189,-3.688841199874878,1.4871358e-07,0.0,-0.08830690383911133,-8.81398959979407e-05
27400,61.38722229003906,126.7724214553833,-3.688839519023895,2.759695e-07,0.0,-0.07029843330383301,-0.00014794424170716525
27600,50.81815719604492,112.61273517608643,-3.6888393998146056,1.1324883e-07,0.0,0.05319082736968994,-8.517438203270444e-05
27800,49.011444091796875,103.89822673797607,-3.6888392865657806,2.7060509e-07,0.0,-0.14882397651672363,-0.0001661006224200179
28000,48.73249435424805,93.10640449523926,-3.688839817047119,1.9043685e-07,0.0,0.040300846099853516,-0.00013239703005254455
28200,59.62550354003906,123.95981979370117,-3.6888382375240325,1.0162593e-07,0.0,-0.048839688301086426,-8.528924031452334e-05
28400,67.77439880371094,134.05429458618164,-3.688840836286545,8.463859e-08,0.0,0.06242692470550537,-8.489853153825777e-05
28600,54.70835876464844,103.83234615325928,-3.688839888572693,2.3841858e-07,0.0,-0.03502929210662842,-0.0001473248460278853
28800,58.16156768798828,120.09337177276612,-3.6888410091400146,2.1338464e-07,0.0,-0.01999056339263916,-0.00013424546259734881
29000,65.73772430419922,124.98924770355225,-3.6888404309749605,2.402067e-07,0.0,-0.01764678955078125,-0.0001358111952507457
29200,46.330177307128906,93.90116806030274,-3.6888417840003966,2.875924e-07,0.0,-0.033593177795410156,-0.00012463530945270307
29400,60.53021240234375,124.49143886566162,-3.688842940330505,1.3947488e-07,0.0,0.004783213138580322,-0.00010272668655311178
29600,66.1644515991211,132.9805238723755,-3.6888433039188384,1.3321639e-07,0.0,0.07515114545822144,-0.0001085188681145155
29800,57.01387405395508,112.2881046295166,-3.6888435244560243,1.7911195e-07,0.0,-0.02928483486175537,-0.00012123623417199525
30000,65.3441390991211,135.77046489715576,-3.688844656944275,1.5199184e-07,0.0,-0.0008016824722290039,-0.00011356996003257791
30200,52.837154388427734,112.3627794265747,-3.688843923807144,1.7136335e-07,0.0,-0.026732206344604492,-0.00012338473636752667
30400,38.7178955078125,82.31295623779297,-3.68884459733963,2.741814e-07,0.0,0.04649317264556885,-0.00014958988437001607
30600,65.70924377441406,118.64737930297852,-3.6888442158699037,1.7255545e-07,0.0,-0.07404887676239014,-0.0001280762992188045
30800,49.19790267944336,103.79784603118897,-3.6888447225093843,2.3543836e-07,0.0,-0.01090538501739502,-0.00014179238731988343
31000,55.8323974609375,103.55764808654786,-3.6888439476490023,2.0712613e-07,0.0,-0.04221642017364502,-0.00012540204711246615
31200,55.232025146484375,110.73595733642578,-3.6888433158397675,1.3232231e-07,0.0,-0.0063228607177734375,-9.871447821936385e-05
31400,50.39741134643555,102.61851825714112,-3.688843309879303,2.118945e-07,0.0,0.0031475424766540527,-0.00013029039163505728
31600,65.05189514160156,125.22049751281739,-3.688842934370041,2.0921232e-07,0.0,-0.05839526653289795,-0.00014389120101796494
31800,49.77330780029297,104.73707160949706,-3.6888432264328004,1.9282103e-07,0.0,0.043674349784851074,-0.00011960136205431126
32000,64.6601791381836,132.23777866363525,-3.6888428032398224,1.385808e-07,0.0,-0.025163888931274414,-0.00012398898543004578
32200,61.65345001220703,123.74112014770508,-3.688841223716736,1.6212462e-07,0.0,-0.07083404064178467,-0.00010909626620936308
32400,58.79682159423828,116.249271774292,-3.6888395130634306,1.9013882e-07,0.0,-0.08529877662658691,-0.00011943610053073428
32600,59.638458251953125,117.35338268280029,-3.688840889930725,3.308058e-07,0.0,-0.03017127513885498,-0.00018967351498453411
32800,58.8335075378418,124.58427410125732,-3.688840997219086,1.2546778e-07,0.0,0.0582965612411499,-9.068588236402775e-05
33000,58.73809814453125,116.12822666168213,-3.68883900642395,1.3560057e-07,0.0,-0.006831645965576172,-0.00011343088705899618
33200,57.82508087158203,119.73624992370605,-3.6888371765613557,1.770258e-07,0.0,-0.06169736385345459,-0.0001422928727912165
33400,52.33816909790039,105.44614696502686,-3.6888397514820097,1.04904174e-07,0.0,-0.047837138175964355,-7.953485894542922e-05
33600,54.90622329711914,115.32627658843994,-3.688837265968323,1.4483928e-07,0.0,-0.0962376594543457,-0.00011705230062446504
33800,62.004581451416016,127.62144393920899,-3.6888380885124206,1.3291836e-07,0.0,0.01139819622039795,-0.0001134062700870686
34000,60.15087890625,114.9101188659668,-3.688836854696274,1.463294e-07,0.0,-0.0010608434677124023,-0.00010879653710382797
34200,64.76837158203125,118.36397781372071,-3.688836991786957,1.6868114e-07,0.0,-0.014389991760253906,-0.00012430244569543446
34400,59.427852630615234,120.37899608612061,-3.6888390839099885,1.6689302e-07,0.0,-0.06597912311553955,-0.00010720466210649704
34600,54.2341423034668,105.3450870513916,-3.6888372182846068,1.5437602e-07,0.0,0.0038361549377441406,-0.00010409522137031502
34800,60.89858627319336,114.79488716125488,-3.688838851451874,1.949072e-07,0.0,-0.05284321308135986,-0.00013919939107651658
35000,69.36550903320312,145.13015098571776,-3.688836967945099,2.2739172e-07,0.0,0.00014799833297729492,-0.00013383381905232027
35200,59.39519119262695,120.35025215148926,-3.6888379395008086,2.3543834e-07,0.0,0.026006698608398438,-0.00013812041974219368
35400,46.554073333740234,92.2612455368042,-3.6888398826122284,1.8984079e-07,0.0,0.0006527304649353027,-0.00013100907188610123
35600,70.01029205322266,143.10491828918458,-3.6888373732566833,7.420778e-08,0.0,-0.08138680458068848,-6.983248869900649e-05
35800,69.7161636352539,144.8578701019287,-3.68883935213089,1.0460616e-07,0.0,-0.004605293273925781,-8.616934703251645e-05
36000,71.985595703125,141.75149402618408,-3.688837230205536,1.5795231e-07,0.0,0.03985118865966797,-0.00011433607347335339
36200,57.03975296020508,117.21553001403808,-3.688836044073105,2.0205975e-07,0.0,-0.000943303108215332,-0.0001635368023144679
36400,56.176673889160156,111.46901798248291,-3.6888346791267397,2.2500753e-07,0.0,-0.03327977657318115,-0.00014723542369452503
36600,62.482505798339844,120.81039276123047,-3.688836008310318,1.7344952e-07,0.0,-0.05304431915283203,-0.00013420617557340363
36800,54.01277160644531,105.61912517547607,-3.688836544752121,1.3321637e-07,0.0,0.03458070755004883,-0.00010442188335024749
37000,48.98471450805664,97.09821739196778,-3.6888359904289247,2.8163194e-07,0.0,-0.056224822998046875,-0.00017941094118949507
37200,58.2549934387207,125.81423664093018,-3.6888358116149904,2.2411346e-07,0.0,0.005622506141662598,-0.00013947971115939594
37400,55.505977630615234,107.8510820388794,-3.6888328969478605,1.6838312e-07,0.0,-0.060446739196777344,-0.00011417943210503267
37600,59.747962951660156,122.49332237243652,-3.688834434747696,1.2427569e-07,0.0,0.012343108654022217,-9.114630559405867e-05
37800,67.8415756225586,117.96442394256592,-3.6888333439826964,1.4036894e-07,0.0,-0.04645705223083496,-9.86115032105772e-05
38000,53.16096878051758,109.59391746520996,-3.6888348400592803,2.2441148e-07,0.0,-0.08517897129058838,-0.00014490470192924932
38200,56.37333679199219,110.43422737121583,-3.6888355791568754,1.6778708e-07,0.0,0.028164267539978027,-0.00011789450911336985
38400,51.30719757080078,102.62996654510498,-3.6888342916965486,2.3186206e-07,0.0,-0.12368249893188477,-0.00014489849082736095
38600,64.55106353759766,132.7214319229126,-3.688834011554718,8.195639e-08,0.0,-0.02315211296081543,-7.385721799764155e-05
38800,68.13500213623047,128.6313714981079,-3.688831549882889,2.348423e-07,0.0,0.008583307266235352,-0.00017562980872547483
39000,50.682403564453125,110.0143928527832,-3.6888313353061677,1.5586615e-07,0.0,-0.08290529251098633,-0.00011495601740554306
39200,60.831817626953125,119.4689531326294,-3.688828682899475,2.7388336e-07,0.0,-0.007724881172180176,-0.00015243046005029016
39400,63.178863525390625,129.73367671966554,-3.6888307332992554,1.2367964e-07,0.0,-0.014164328575134277,-9.608939305820741e-05
39600,63.21418380737305,129.54544944763182,-3.6888308823108673,1.3381242e-07,0.0,-0.008214473724365234,-0.00010342469830524337
39800,59.66111373901367,122.56707191467285,-3.6888288021087647,1.7940998e-07,0.0,-0.06723165512084961,-0.00012821552174386853
40000,46.9295768737793,91.81358261108399,-3.6888266146183013,3.674626e-07,0.0,-0.06257259845733643,-0.00018012007289129882
40200,52.149173736572266,114.94408569335937,-3.6888285338878632,1.6331673e-07,0.0,-0.08159410953521729,-0.00011385366271827735
40400,54.09046173095703,110.62315063476562,-3.6888274967670442,1.245737e-07,0.0,-0.05704140663146973,-9.648922083851374e-05
40600,56.41313934326172,113.36445407867431,-3.688825911283493,1.9878149e-07,0.0,-0.03803837299346924,-0.00013510133408871637
40800,52.849769592285156,98.6052167892456,-3.6888275027275084,2.551079e-07,0.0,-0.04649519920349121,-0.00014347694980685333
41000,63.98647689819336,119.9364091873169,-3.6888286054134367,1.5646219e-07,0.0,-0.09306061267852783,-0.00011950499497110911
41200,65.59284210205078,124.11484413146972,-3.6888275027275084,2.0891427e-07,0.0,-0.15469515323638916,-0.00013696792693593807
41400,56.09657287597656,115.57453060150146,-3.688826286792755,2.2023917e-07,0.0,-0.010904550552368164,-0.00014914335395097567
41600,53.466026306152344,105.99421672821045,-3.68882560133934,2.1457672e-07,0.0,-0.044787049293518066,-0.00012929793410059175
41800,60.33667755126953,121.92074546813964,-3.688825476169586,1.5050173e-07,0.0,0.006250619888305664,-0.00011374230724570111
42000,61.13611602783203,120.93523063659669,-3.6888239800930025,2.1398068e-07,0.0,-0.06089949607849121,-0.00014817316901378775
42200,54.55954360961914,110.10345516204833,-3.6888226866722107,4.324317e-07,0.0,-0.14423441886901855,-0.00022405834666443524
42400,60.1673469543457,126.30489444732666,-3.6888231098651887,1.4722346e-07,0.0,0.02291649580001831,-8.763371389690633e-05
42600,52.18602752685547,118.35265922546387,-3.6888240933418275,2.2023917e-07,0.0,-0.015692710876464844,-0.00014077544336572602
42800,54.956085205078125,110.79147148132324,-3.6888267397880554,1.9997358e-07,0.0,0.03255748748779297,-0.00012440867663157106
43000,62.86837387084961,123.00789642333984,-3.6888241171836853,2.0444392e-07,0.0,0.0450129508972168,-0.00013249142849147688
43200,60.771663665771484,120.07365016937256,-3.6888226509094237,1.6748905e-07,0.0,0.015514791011810303,-0.0001134969597170965
43400,55.81953048706055,108.91154098510742,-3.6888206005096436,1.2546778e-07,0.0,0.02309894561767578,-7.766038890899551e-05
43600,54.553104400634766,107.97794284820557,-3.6888210594654085,1.0550022e-07,0.0,-0.06158244609832764,-8.814477122385256e-05
43800,60.503910064697266,123.58161525726318,-3.6888230800628663,1.3858079e-07,0.0,-0.005049467086791992,-0.00010069470948756987
44000,55.86056137084961,123.73904380798339,-3.688822168111801,1.6570091e-07,0.0,-0.044786810874938965,-0.00012818963664891215
44200,52.632232666015625,113.57662887573242,-3.6888208031654357,1.7344952e-07,0.0,-0.08351993560791016,-0.00012735502876637383
44400,55.3791618347168,108.95412769317628,-3.6888209998607637,1.5825033e-07,0.0,-0.1874089241027832,-0.00010981293050384977
44600,63.57714080810547,114.86420612335205,-3.688820469379425,1.952052e-07,0.0,-0.04406571388244629,-0.00012551258489318373
44800,63.090484619140625,133.84665546417236,-3.688822275400162,1.6242265e-07,0.0,0.010859906673431396,-0.00012079320829982976
45000,50.33895492553711,106.07428550720215,-3.688820743560791,2.2679566e-07,0.0,-0.05885469913482666,-0.00014522819172668733
45200,55.84669494628906,119.76413173675537,-3.688822102546692,2.1249056e-07,0.0,-0.051421523094177246,-0.00012629053702664094
45400,56.32601547241211,108.47150955200195,-3.6888198375701906,1.8209221e-07,0.0,0.011976480484008789,-0.00011995550677781352
45600,55.22358322143555,112.21998462677001,-3.6888195097446443,1.654029e-07,0.0,-0.052472710609436035,-0.00012920447387294588
45800,57.67357635498047,113.16702194213867,-3.6888179957866667,1.4334917e-07,0.0,-0.02565467357635498,-0.00010913064983006926
46000,45.60084915161133,99.45024585723877,-3.68881670832634,1.8805265e-07,0.0,-0.013570427894592285,-0.00014202278803168155
46200,55.26679992675781,113.42803745269775,-3.6888187885284425,1.7493964e-07,0.0,-0.08051836490631104,-0.00012948049601497759
46400,51.23695373535156,105.85156726837158,-3.6888195395469667,2.774596e-07,0.0,-0.06990134716033936,-0.0001576179181626003
46600,70.4396743774414,139.55941352844238,-3.688819044828415,1.731515e-07,0.0,0.0746835470199585,-0.000139010742000778
46800,56.459877014160156,107.86433067321778,-3.6888174176216126,1.898408e-07,0.0,-0.07383406162261963,-0.00012185259114900759
47000,66.25408172607422,127.02612686157227,-3.6888197481632234,1.7642975e-07,0.0,-0.12069737911224365,-0.00014052312113585486
47200,55.6168327331543,114.59956092834473,-3.6888183534145353,1.3798476e-07,0.0,-0.06769168376922607,-0.0001102090628663177
47400,62.38362121582031,129.43115367889405,-3.688818949460983,1.3768673e-07,0.0,0.0009805560111999512,-0.00012100986347292064
47600,53.566158294677734,109.23855876922607,-3.688819223642349,2.0325183e-07,0.0,-0.009196996688842773,-0.00013399133855411803
47800,57.81390380859375,117.79226703643799,-3.6888198614120484,2.1815299e-07,0.0,-0.012793421745300293,-0.00013595524440859207
48000,54.33870315551758,110.52308292388916,-3.688817489147186,2.771616e-07,0.0,-0.06635856628417969,-0.00016286387996204964
48200,54.97304153442383,108.13878421783447,-3.68881693482399,2.2232533e-07,0.0,-0.08839714527130127,-0.0001250133214206528
48400,53.46234130859375,107.97232627868652,-3.6888145744800567,1.743436e-07,0.0,-0.011675596237182617,-0.00012402851875128462
48600,59.88129425048828,110.55401000976562,-3.688815212249756,2.3841858e-07,0.0,0.001463472843170166,-0.00014090508380295574
48800,60.37625503540039,124.89002723693848,-3.688815099000931,1.2546778e-07,0.0,-0.11779868602752686,-9.015753106638158e-05
49000,58.68217086791992,123.78939895629883,-3.6888150691986086,1.6510486e-07,0.0,-0.01041555404663086,-0.00011984066764156865
49200,56.21805191040039,114.26871376037597,-3.688813477754593,1.230836e-07,0.0,0.008569300174713135,-0.00010547867225554341
49400,48.98563766479492,115.20187835693359,-3.68881316781044,3.1650066e-07,0.0,0.03610581159591675,-0.0001812213070408575
49600,62.747703552246094,118.8764196395874,-3.6888144671916963,1.2218952e-07,0.0,0.05643570423126221,-9.164056291837142e-05
49800,46.722721099853516,99.41275997161866,-3.6888095915317534,2.899766e-07,0.0,-0.16017913818359375,-0.0001708771359339778
50000,57.07912063598633,112.91505184173585,-3.688809496164322,1.6480683e-07,0.0,0.007226705551147461,-0.00012457753708243756
50200,49.90631103515625,101.01565322875976,-3.688809299468994,1.5348196e-07,0.0,-0.03379082679748535,-0.00011237822459557734
50400,52.95088577270508,116.74227142333984,-3.6888085901737213,1.7166137e-07,0.0,0.024239718914031982,-0.00011870241201279441
50600,53.34482955932617,107.04344272613525,-3.6888072907924654,1.2814999e-07,0.0,-0.08255314826965332,-9.006688056540923e-05
50800,59.515377044677734,119.4843189239502,-3.6888055741786956,1.7106532e-07,0.0,-0.030741095542907715,-0.00011195430571540044
51000,60.33147048950195,120.3649471282959,-3.688806289434433,1.6808511e-07,0.0,0.004490375518798828,-0.00011623051854936506
51200,59.4835090637207,127.93211231231689,-3.6888043701648714,1.1235476e-07,0.0,-0.04649531841278076,-8.986462679567708e-05
51400,62.6672477722168,123.4949562072754,-3.688807088136673,1.5884638e-07,0.0,-0.03773081302642822,-0.00013549579038887316
51600,63.553321838378906,123.24069252014161,-3.688805890083313,1.9758939e-07,0.0,0.025154292583465576,-0.00012303064144028041
51800,59.905250549316406,124.98068828582764,-3.688805937767029,1.5467404e-07,0.0,-0.0021185874938964844,-0.00010931773411675394
52000,61.43265914916992,128.29783573150635,-3.688807398080826,1.463294e-07,0.0,-0.1131354570388794,-0.00012211061280993364
52200,69.60343170166016,127.13600292205811,-3.6888078927993773,1.654029e-07,0.0,-0.02233898639678955,-0.00012864365391944687
52400,61.09531784057617,118.89987659454346,-3.688806492090225,2.3275615e-07,0.0,0.0262414813041687,-0.00015343505257590096
52600,59.00709533691406,119.43311862945556,-3.6888037383556367,2.8520822e-07,0.0,-0.055176496505737305,-0.00018809344656389726
52800,57.95360565185547,119.12805652618408,-3.6888035416603087,1.1473894e-07,0.0,-0.04814803600311279,-0.00010018271150151748
53000,53.675357818603516,110.7147855758667,-3.6888051509857176,1.8626451e-07,0.0,-0.0074950456619262695,-0.0001466105719601707
53200,42.43846893310547,97.21423301696777,-3.688804477453232,2.193451e-07,0.0,-0.025025606155395508,-0.00014446772628780026
53400,54.548255920410156,109.85704593658447,-3.688804864883423,1.8328429e-07,0.0,-0.047196269035339355,-0.00013204735599217087
53600,48.04568099975586,99.06589984893799,-3.6888045847415922,1.2904405e-07,0.0,0.06053781509399414,-0.0001064775144477892
53800,56.119537353515625,106.58475437164307,-3.6888060450553892,2.360344e-07,0.0,0.005157947540283203,-0.0001481976294236631
54000,57.664859771728516,114.56576576232911,-3.6888042271137236,2.5451183e-07,0.0,0.0010163187980651855,-0.00016004519200010225
54200,61.522125244140625,123.58920631408691,-3.688802444934845,1.975894e-07,0.0,-0.0031794309616088867,-0.00014766300584660995
54400,49.7076301574707,106.46304378509521,-3.6888028621673583,1.8507242e-07,0.0,0.016585171222686768,-0.00012806268044158743
54600,58.374107360839844,117.7188913345337,-3.688802480697632,1.6093253e-07,0.0,-0.08528733253479004,-0.0001220785084933951
54800,55.18045425415039,113.15093421936035,-3.6888020396232606,3.054738e-07,0.0,-0.14524030685424805,-0.0001514085675204502
55000,59.805999755859375,112.929319190979,-3.6888008415699005,2.3543835e-07,0.0,-0.043634891510009766,-0.0001584621659354468
55200,56.062259674072266,116.81670799255372,-3.68880073428154,1.5169383e-07,0.0,0.03129047155380249,-0.00010618478134478692
55400,70.45909881591797,133.27291831970214,-3.6888030648231505,9.50694e-08,0.0,0.0015816092491149902,-8.66595283284255e-05
55600,48.43352508544922,101.8588129043579,-3.688800984621048,2.6524066e-07,0.0,-0.008860468864440918,-0.0001651965009564549
55800,56.709835052490234,125.65224971771241,-3.688803094625473,1.2636184e-07,0.0,-0.1015162467956543,-0.00010847759976559957
56000,50.93052291870117,102.45660362243652,-3.688804233074188,2.0503998e-07,0.0,-0.14209723472595215,-0.00013769460864323512
56200,55.35071563720703,116.66424713134765,-3.688806450366974,2.670288e-07,0.0,-0.04245758056640625,-0.000183308712633945
56400,66.30805969238281,137.77911109924315,-3.6888076066970825,1.3649463e-07,0.0,-0.026598453521728516,-0.00012238764709238126
56600,51.290462493896484,92.06039924621582,-3.688809388875961,3.1739472e-07,0.0,-0.068817138671875,-0.00018874025357966672
56800,55.15178298950195,112.38100910186768,-3.6888068556785583,1.4126302e-07,0.0,-0.0345768928527832,-0.00010858525365962102
57000,48.65665817260742,101.03874950408935,-3.688805305957794,2.1934511e-07,0.0,-0.06915819644927979,-0.00014762683185134406
57200,61.286136627197266,123.23052978515625,-3.688806784152985,1.9788743e-07,0.0,-0.0842585563659668,-0.00013856884866783047
57400,63.00114440917969,127.0978349685669,-3.6888085305690765,1.7732381e-07,0.0,0.024852454662322998,-0.00012103207424871699
57600,54.40754699707031,108.50359706878662,-3.688810038566589,1.8805265e-07,0.0,-0.053447723388671875,-0.00013325294910373486
57800,47.45345687866211,96.21145439147949,-3.6888099193572996,9.4473364e-08,0.0,-0.025153279304504395,-8.564856619119876e-05
58000,52.747928619384766,116.18837242126465,-3.688809871673584,1.3589859e-07,0.0,0.035554349422454834,-9.973303927601762e-05
58200,57.275054931640625,109.44752082824706,-3.6888107120990754,1.4722347e-07,0.0,-0.10777759552001953,-0.00010902174542843923
58400,49.983089447021484,97.85003452301025,-3.688812243938446,1.4781952e-07,0.0,-0.08895003795623779,-0.00010777958513017439
58600,50.91560745239258,108.55492420196533,-3.688810819387436,2.8431415e-07,0.0,0.00997161865234375,-0.0001677612949009699
58800,60.46944046020508,121.99032077789306,-3.6888089418411254,1.719594e-07,0.0,-0.010765790939331055,-0.00010506696590506515
59000,49.25285339355469,101.40155506134033,-3.68881031870842,1.7821789e-07,0.0,-0.08556747436523438,-0.00013374221486550653
59200,49.197967529296875,104.09695320129394,-3.688811403512955,1.847744e-07,0.0,-0.07290124893188477,-0.00011186714536535192
59400,57.97507095336914,122.89430942535401,-3.688809424638748,1.7106532e-07,0.0,-0.1042855978012085,-0.0001269438715429061
59600,59.85115432739258,118.59333934783936,-3.6888102293014526,1.9222499e-07,0.0,-0.06196284294128418,-0.00013810455939147203
59800,60.860557556152344,120.67176265716553,-3.6888096392154694,1.2397766e-07,0.0,-0.10179603099822998,-9.84602723603345e-05
60000,52.053462982177734,101.01463184356689,-3.68881042599678,1.18613244e-07,0.0,-0.013069987297058105,-9.906080384993742e-05
60200,67.16317749023438,130.01435985565186,-3.6888087570667265,1.2844801e-07,0.0,-0.15283477306365967,-0.00011754574589346589
60400,59.42710876464844,117.13064270019531,-3.6888077795505523,2.2798777e-07,0.0,-0.015403389930725098,-0.00014595635219347703
60600,53.00629806518555,103.46994380950927,-3.688807886838913,2.6017426e-07,0.0,0.01802271604537964,-0.00015341722939012925
60800,59.61316680908203,116.5784812927246,-3.6888078451156616,1.5616418e-07,0.0,-0.12672388553619385,-9.521862832997385e-05
61000,52.986846923828125,105.39171295166015,-3.6888070940971374,4.5210123e-07,0.0,-0.038491129875183105,-0.00018986520607029435
61200,59.69764709472656,112.2086555480957,-3.688807326555252,1.02818014e-07,0.0,-0.12400877475738525,-8.116116400103124e-05
61400,65.23111724853516,124.76187324523926,-3.6888088047504426,2.1278858e-07,0.0,0.019761741161346436,-0.00015266486911098555
61600,58.15791320800781,117.56261329650879,-3.688808435201645,2.0891429e-07,0.0,-0.01533520221710205,-0.0001399644623941043
61800,60.48477554321289,121.69831066131592,-3.6888130784034727,8.612871e-08,0.0,-0.0793997049331665,-7.863183349883229e-05
62000,55.22722244262695,116.14764938354492,-3.688812655210495,1.14738945e-07,0.0,-0.042116761207580566,-0.00010738919767447897
62200,54.102298736572266,104.40917854309082,-3.6888119339942933,1.09076495e-07,0.0,-0.07131457328796387,-9.922066279521857e-05
62400,63.02389907836914,117.95264701843261,-3.688810336589813,2.0503998e-07,0.0,-0.049239397048950195,-0.00014525196637151793
62600,46.093807220458984,95.97025318145752,-3.6888083815574646,1.3679266e-07,0.0,-0.06829702854156494,-0.00010175356965280713
62800,53.99916458129883,112.14470710754395,-3.6888083100318907,1.4334918e-07,0.0,-0.018706202507019043,-0.00011422334583386374
63000,43.689483642578125,92.39791946411133,-3.688806879520416,2.169609e-07,0.0,-0.11307168006896973,-0.00014089252031936894
63200,49.415706634521484,91.10696640014649,-3.688810259103775,1.3828277e-07,0.0,-0.05633747577667236,-0.00011854088071814318
63400,57.86772537231445,112.04068374633789,-3.6888097167015075,1.2695789e-07,0.0,-0.12031078338623047,-9.700267029071341e-05
63600,41.34872817993164,84.09491214752197,-3.6888095915317534,3.1620266e-07,0.0,-0.20575857162475586,-0.00018376105872994764
63800,57.95397186279297,118.36221809387207,-3.688809263706207,1.7404557e-07,0.0,0.03158116340637207,-0.00011734938799232709
64000,58.70718002319336,111.1444808959961,-3.688807725906372,2.2381545e-07,0.0,-0.02703988552093506,-0.00015367812752948852
64200,36.77259063720703,73.85221862792969,-3.68880774974823,2.3454427e-07,0.0,-0.05619692802429199,-0.00014698944904090183
64400,53.551673889160156,113.26706676483154,-3.6888054430484774,2.2739172e-07,0.0,-0.02413034439086914,-0.00015236723403475594
64600,57.67132568359375,113.97764091491699,-3.6888057768344877,1.6510486e-07,0.0,-0.03270900249481201,-0.00013685880490399427
64800,54.36304473876953,111.18922996520996,-3.6888038575649262,2.0354986e-07,0.0,0.030348658561706543,-0.00012324298926369437
65000,64.05500793457031,125.443359375,-3.688802307844162,1.7970801e-07,0.0,0.03227657079696655,-0.00013125748994955445
65200,49.811519622802734,106.149125289917,-3.6888015508651733,2.169609e-07,0.0,-0.06293010711669922,-0.00015304595369012298
65400,50.836517333984375,100.75512371063232,-3.6887997567653654,1.9848346e-07,0.0,-0.09270119667053223,-0.00011808037728258113
65600,51.07041931152344,94.10530891418458,-3.688803571462631,3.001094e-07,0.0,-0.09929394721984863,-0.00019298778329641665
65800,57.13813781738281,110.82008266448975,-3.688803344964981,1.4334917e-07,0.0,-0.11680948734283447,-0.00011718232835988829
66000,63.15592575073242,116.94796218872071,-3.6888016879558565,1.3142825e-07,0.0,-0.0820542573928833,-0.00011363222521367788
66200,50.30120086669922,106.09942932128907,-3.68880016207695,1.6123056e-07,0.0,-0.13176977634429932,-0.00012614240316448643
66400,57.04431915283203,115.91751403808594,-3.688798952102661,1.4275312e-07,0.0,-0.036637306213378906,-0.0001119167793751874
66600,62.05845642089844,114.34662399291992,-3.68880113363266,1.5825033e-07,0.0,-0.04780411720275879,-0.00010225646250923148
66800,63.1523323059082,129.48879852294922,-3.688799226284027,1.7464161e-07,0.0,0.0038179755210876465,-0.00011470492093943463
67000,52.23161697387695,97.35684471130371,-3.6888012290000916,2.411008e-07,0.0,0.016576051712036133,-0.00015833790479291565
67200,50.46984100341797,105.4669033050537,-3.6887992680072785,1.9311905e-07,0.0,0.03981071710586548,-0.00012416808419466464
67400,54.65886306762695,101.52281970977783,-3.6887989163398744,2.18153e-07,0.0,-0.10898542404174805,-0.0001330872784052417
67600,64.89309692382812,125.17852516174317,-3.688798713684082,1.4811755e-07,0.0,-0.09664762020111084,-9.197433999617033e-05
67800,47.343204498291016,90.51028461456299,-3.6887982904911043,2.4050473e-07,0.0,-0.09869575500488281,-0.00014536416458739155
68000,69.70315551757812,135.205970954895,-3.6887965857982636,1.0877848e-07,0.0,0.04405933618545532,-9.12493398965708e-05
68200,58.09514617919922,116.78819389343262,-3.688797914981842,1.7553569e-07,0.0,0.009932875633239746,-0.00013549156502250525
68400,43.53729248046875,86.65416088104249,-3.6887967586517334,3.0130147e-07,0.0,-0.12204504013061523,-0.00018019662835033756
68600,62.77835464477539,128.00246067047118,-3.688794422149658,1.6301871e-07,0.0,-0.028291821479797363,-0.0001278405483668088
68800,55.96730422973633,111.37121067047119,-3.68879411816597,1.5377998e-07,0.0,-0.037165284156799316,-0.00010947416362294682
69000,46.5150146484375,93.12641353607178,-3.68879297375679,2.2888185e-07,0.0,-0.07749032974243164,-0.00011197072291435072
69200,57.29962158203125,106.6690149307251,-3.688793581724167,1.7762186e-07,0.0,0.007703840732574463,-0.00014232276424106516
69400,59.57902526855469,117.19506931304932,-3.688793104887009,1.2010335e-07,0.0,-0.04334425926208496,-9.2480399519701e-05
69600,54.64569091796875,110.02137107849121,-3.6887943863868715,1.4960767e-07,0.0,-0.028412818908691406,-0.00011572946974638398
69800,49.85898208618164,102.95546054840088,-3.688795530796051,1.5646219e-07,0.0,-0.05257761478424072,-0.00011747141138940265
70000,49.35514450073242,102.1063913345337,-3.688791793584824,1.8805265e-07,0.0,-0.004934787750244141,-0.00013149130314769054
70200,55.77870178222656,104.65741882324218,-3.6887912154197693,1.4364718e-07,0.0,-0.04708290100097656,-0.00010835404750615396
70400,46.12657928466797,101.65560894012451,-3.688792258501053,3.0249356e-07,0.0,-0.0726931095123291,-0.00017563751292204444
70600,60.256221771240234,111.78392524719239,-3.6887947022914886,1.4066697e-07,0.0,0.0017774105072021484,-9.051847559824467e-05
70800,49.32182312011719,101.30834770202637,-3.6887956738471983,1.230836e-07,0.0,-0.050641775131225586,-0.00010906673202750738
71000,61.858646392822266,128.21846084594728,-3.688796365261078,1.01923945e-07,0.0,-0.0934373140335083,-9.283052365987033e-05
71200,54.06228256225586,104.84718170166016,-3.6887962579727174,2.1100044e-07,0.0,-0.0962069034576416,-0.00015149238819383014
71400,50.446781158447266,106.30392875671387,-3.688798022270203,1.15334984e-07,0.0,-0.11801755428314209,-8.742410754933872e-05
71600,47.15750503540039,86.56420783996582,-3.6887972712516786,1.5228987e-07,0.0,-0.004454851150512695,-9.755523486156825e-05
71800,51.241661071777344,100.69611854553223,-3.688798040151596,2.0831824e-07,0.0,8.398294448852539e-05,-0.00014819642852685887
72000,47.71278762817383,99.82063827514648,-3.6887975931167603,1.4722347e-07,0.0,-0.04202568531036377,-0.00011002571683391694
72200,55.21687698364258,113.32749481201172,-3.688797128200531,1.7017126e-07,0.0,-0.0410081148147583,-0.00012451283503409628
72400,44.86229705810547,92.77476406097412,-3.6887937903404238,2.5361774e-07,0.0,0.04871642589569092,-0.00014113792796912605
72600,61.88716125488281,125.68745956420898,-3.688796263933182,9.4473364e-08,0.0,-0.009684205055236816,-9.422826717937482e-05
72800,56.0258674621582,102.39381370544433,-3.6887925624847413,1.4752149e-07,0.0,-0.046735405921936035,-0.00010384632577338237
73000,50.671207427978516,100.74421081542968,-3.688793623447418,1.7881393e-07,0.0,-0.08660602569580078,-0.00010966723508119003
73200,57.93316650390625,115.1523983001709,-3.6887961506843565,1.2367963e-07,0.0,0.05164766311645508,-0.00011570560080826908
73400,53.25345993041992,112.21721382141114,-3.688794654607773,9.834767e-08,0.0,-0.029547452926635742,-8.132371247837611e-05
73600,47.82793045043945,94.77546710968018,-3.688796043395996,2.6077032e-07,0.0,-0.009850382804870605,-0.00015614916266528666
73800,55.54424285888672,108.38827838897706,-3.6887980163097382,1.15334984e-07,0.0,-0.10882258415222168,-8.824370432414241e-05
74000,52.22331237792969,105.33864803314209,-3.6887990295886994,1.10268594e-07,0.0,-0.04699897766113281,-0.0001027157601690476
74200,50.97808074951172,100.94632377624512,-3.688799661397934,1.809001e-07,0.0,-0.10281658172607422,-0.0001204109195448666
74400,50.681640625,98.08035545349121,-3.688798862695694,1.5497207e-07,0.0,-0.08825206756591797,-0.0001205945015847476
74600,54.97944641113281,116.04195423126221,-3.688797968626022,1.552701e-07,0.0,-0.13750839233398438,-0.0001264598067682421
74800,45.77334976196289,100.12983837127686,-3.688797563314438,2.6851893e-07,0.0,-0.09378886222839355,-0.00016950907637500734
75000,56.35308074951172,112.15754146575928,-3.6887957632541655,2.2262334e-07,0.0,0.027878761291503906,-0.00016272367525402843
75200,58.17705535888672,117.05445289611816,-3.6887979447841643,1.2010337e-07,0.0,-0.08097660541534424,-8.821584315938935e-05
75400,54.49018859863281,110.90653438568116,-3.6887974381446837,1.9073485e-07,0.0,-0.09588384628295898,-0.00013863851163653518
75600,54.072784423828125,111.553470993042,-3.688796007633209,1.8030406e-07,0.0,-0.04228663444519043,-0.00013359169688840212
75800,52.22119140625,111.73553714752197,-3.6887960910797117,1.5169383e-07,0.0,-0.010003328323364258,-9.656967994793319e-05
76000,59.05833053588867,110.2409574508667,-3.688795179128647,1.8209218e-07,0.0,-0.07480084896087646,-0.00012214454966112952
76200,53.4954948425293,111.24998950958252,-3.6887904524803163,1.8179416e-07,0.0,-0.06451416015625,-0.00012507102968246643
76400,47.70901870727539,99.56324214935303,-3.6887935161590577,1.463294e-07,0.0,-0.06318342685699463,-0.00011722776226008591
76600,64.39109802246094,125.83166465759277,-3.68879371881485,6.765127e-08,0.0,-0.0008243322372436523,-6.020153362271685e-05
76800,49.86503982543945,105.85615425109863,-3.6887964069843293,1.8596648e-07,0.0,-0.06038403511047363,-0.000131863717854408
77000,60.275638580322266,109.57433853149413,-3.688797080516815,3.0249356e-07,0.0,-0.03557693958282471,-0.0001774550450868162
77200,58.951534271240234,110.53397159576416,-3.688796418905258,2.5510786e-07,0.0,-0.10096430778503418,-0.0001383513059665109
77400,40.693115234375,81.28096160888671,-3.6887969255447386,2.2172928e-07,0.0,-0.061583518981933594,-0.000136596124842292
77600,44.90099334716797,91.29360294342041,-3.6887954235076905,1.3530254e-07,0.0,-0.09790205955505371,-9.584799423869583e-05
77800,52.95004653930664,117.15481033325196,-3.6887974441051483,9.685755e-08,0.0,-0.09232938289642334,-7.731777435137643e-05
78000,55.111263275146484,111.7664581298828,-3.688794696331024,1.9490719e-07,0.0,-0.06768131256103516,-0.0001420302536295992
78200,65.94391632080078,129.81341323852538,-3.6887939870357513,1.09374525e-07,0.0,0.035285115242004395,-9.16008135185109e-05
78400,51.392669677734375,113.22502517700195,-3.688793659210205,1.7940998e-07,0.0,-0.09600794315338135,-0.00012648612240155898
78600,45.31486892700195,100.36636848449707,-3.688795280456543,1.2695789e-07,0.0,-0.04991257190704346,-9.413532862208029e-05
78800,58.880615234375,111.31635513305665,-3.6887943029403685,1.9282103e-07,0.0,-0.024685978889465332,-0.00013273234802650967
79000,55.49482727050781,111.91574363708496,-3.688794380426407,1.4543534e-07,0.0,-0.14090633392333984,-0.00011147428958722117
79200,48.837501525878906,96.0864824295044,-3.6887946665287017,1.6659499e-07,0.0,-0.11680662631988525,-9.909939871466378e-05
79400,49.7672004699707,97.21522006988525,-3.6887925028800965,2.1278859e-07,0.0,-0.07133746147155762,-0.0001554808311653666
79600,62.57009506225586,123.73027172088624,-3.6887938499450685,1.7523766e-07,0.0,-0.059800148010253906,-0.00012761036929376246
79800,61.04558181762695,118.16552925109863,-3.6887954652309416,1.13546854e-07,0.0,-0.12101912498474121,-0.0001012582626852776
80000,52.90035629272461,103.73783092498779,-3.6887965142726897,1.5735625e-07,0.0,-0.1398007869720459,-0.00011699180328730296
80200,56.20146179199219,104.20613842010498,-3.6887939095497133,1.6391277e-07,0.0,-0.05419206619262695,-0.00010940508535641768
80400,87.8260269165039,177.73027992248535,-3.6887918651103973,8.7022784e-08,0.0,-0.03420436382293701,-9.182821227966542e-05
80600,112.87921905517578,216.0949333190918,-3.688793730735779,6.318093e-08,0.0,0.022349655628204346,-7.716995126094695e-05
80800,108.34765625,216.58745040893555,-3.6887918174266816,8.523464e-08,0.0,-0.00014138221740722656,-8.51920103547954e-05
81000,110.88304138183594,216.73601608276368,-3.68879354596138,6.437301e-08,0.0,-0.04523360729217529,-7.671509787545716e-05
81200,106.67874145507812,215.40637092590333,-3.6887932240962984,1.0609627e-07,0.0,0.016976773738861084,-0.00010585409403738311
81400,108.54536437988281,216.85141868591307,-3.688791048526764,9.924173e-08,0.0,-0.015418529510498047,-9.353549040600485e-05
81600,110.46539306640625,215.3340976715088,-3.688795417547226,1.0877848e-07,0.0,0.0024132728576660156,-0.00010515158582649064
81800,105.61164855957031,215.88812751770018,-3.6887890100479126,8.672476e-08,0.0,0.01577240228652954,-9.072213629117698e-05
82000,113.42321014404297,215.9701778411865,-3.688792622089386,1.320243e-07,0.0,-0.029769182205200195,-0.00012347519395774497
82200,108.32449340820312,215.84580917358397,-3.688791871070862,7.897616e-08,0.0,-0.013629794120788574,-9.103226646098861e-05
82400,110.83929443359375,215.55158042907715,-3.6887915253639223,1.3142825e-07,0.0,-0.012763261795043945,-0.00011587761330815738
82600,105.73937225341797,215.56063423156738,-3.6887959122657774,6.973743e-08,0.0,-0.05082905292510986,-8.048524668038403e-05
82800,113.22327423095703,216.0176929473877,-3.6887934803962708,1.2159347e-07,0.0,0.0018077492713928223,-0.00010743588201211907
83000,112.42088317871094,215.67045059204102,-3.6887933552265166,9.953976e-08,0.0,-0.04849433898925781,-8.57855977692168e-05
83200,116.24134826660156,214.1415470123291,-3.6887918412685394,9.596348e-08,0.0,-0.017383575439453125,-9.357939641008173e-05
83400,109.18901824951172,216.34390258789062,-3.688791972398758,7.867813e-08,0.0,-0.06478869915008545,-8.141781457950969e-05
83600,108.34784698486328,215.26764411926268,-3.688790202140808,5.6624415e-08,0.0,-0.05721163749694824,-6.0772210168735795e-05
83800,109.45061492919922,215.54015617370607,-3.6887937426567077,9.1195105e-08,0.0,0.01241523027420044,-9.848085041781473e-05
84000,111.90947723388672,215.51096534729004,-3.688791447877884,1.3917685e-07,0.0,-0.06251513957977295,-0.00013261866483773587
84200,108.24553680419922,215.31511573791505,-3.6887907087802887,1.3083219e-07,0.0,0.00026416778564453125,-0.00010995061620420188
84400,107.02580261230469,214.3112350463867,-3.688787579536438,8.5830685e-08,0.0,0.01998680830001831,-7.893879032003782e-05
84600,101.00930786132812,214.63115119934082,-3.6887894749641417,1.09076495e-07,0.0,-0.0013631582260131836,-7.73682154701305e-05
84800,110.5086669921875,215.00941009521483,-3.688791036605835,1.4543534e-07,0.0,-0.04596281051635742,-0.00011316500597615686
85000,108.8272705078125,215.57597427368165,-3.688790422677994,1.847744e-07,0.0,-0.04459071159362793,-0.0001255364110150481
85200,104.52364349365234,213.9188591003418,-3.688785320520401,9.3281265e-08,0.0,0.008546710014343262,-9.892563485962569e-05
85400,113.12925720214844,214.22272987365722,-3.6887847542762757,8.940697e-08,0.0,0.04153412580490112,-9.779992795948545e-05
85600,109.31131744384766,215.0757080078125,-3.688787806034088,6.467104e-08,0.0,-0.06061756610870361,-7.87261572696707e-05
85800,112.52984619140625,214.73378868103026,-3.688785028457642,1.2099743e-07,0.0,-0.02288675308227539,-0.00011364485384248723
86000,108.70061492919922,214.8977828979492,-3.6887831330299377,7.6293944e-08,0.0,-0.042848825454711914,-8.485190561486888e-05
86200,110.10833740234375,214.25641784667968,-3.688785248994827,1.6093254e-07,0.0,-0.030435681343078613,-0.00014021582977790102
86400,104.87078857421875,214.6049026489258,-3.68878510594368,1.6003847e-07,0.0,-0.001739501953125,-0.0001311890175887953
86600,111.8326416015625,213.3628288269043,-3.688783586025238,9.447336e-08,0.0,0.01813530921936035,-8.95983134721945e-05
86800,111.64226531982422,214.0403507232666,-3.6887819349765776,1.6599893e-07,0.0,-0.009618043899536133,-0.0001294176427649063
87000,105.81769561767578,212.74983711242675,-3.688781386613846,1.4096497e-07,0.0,0.014985740184783936,-0.00010654630442701319
87200,106.4072036743164,214.2951961517334,-3.688783901929855,1.1831523e-07,0.0,-0.018958210945129395,-9.431736137486269e-05
87400,101.49134826660156,213.18124046325684,-3.6887815475463865,1.1980534e-07,0.0,-0.0013589859008789062,-9.32421195876998e-05
87600,104.44561004638672,213.87866287231446,-3.688785231113434,1.4930964e-07,0.0,0.016826212406158447,-0.00011095008294645937
87800,103.22290802001953,213.856778717041,-3.688784599304199,1.7344951e-07,0.0,-0.019313812255859375,-0.0001159284267565397
88000,102.56189727783203,214.21557579040527,-3.6887836933135985,1.463294e-07,0.0,-0.038173675537109375,-0.0001313993709795902
88200,108.88834381103516,212.78867111206054,-3.688786393404007,1.4096499e-07,0.0,0.026969850063323975,-0.00010121978887305261
88400,97.42555236816406,211.71584548950196,-3.688783127069473,1.9282103e-07,0.0,0.026194512844085693,-0.00012410947629959423
88600,108.5423583984375,214.451851272583,-3.6887847185134888,8.136034e-08,0.0,-0.07454347610473633,-7.284098911086723e-05
88800,104.21389770507812,211.31110763549805,-3.688785719871521,1.2427569e-07,0.0,-0.009937644004821777,-0.00010983122847711968
89000,108.75241088867188,214.15191268920898,-3.6887853026390074,1.257658e-07,0.0,-0.04936647415161133,-9.976844393685402e-05
89200,104.13135528564453,212.67436141967772,-3.688786619901657,1.3738871e-07,0.0,0.038216471672058105,-0.0001105394069085719
89400,104.89598083496094,212.65915641784667,-3.6887895464897156,8.255243e-08,0.0,0.062184810638427734,-8.25173856789263e-05
89600,105.72468566894531,212.47381210327148,-3.6887929797172547,9.834766e-08,0.0,-0.012486457824707031,-8.55066255233794e-05
89800,101.22158813476562,212.91832389831544,-3.6887878656387327,2.0384789e-07,0.0,-0.02113938331604004,-0.00014755831652335516
90000,102.19960021972656,212.7480094909668,-3.688787263631821,1.8894671e-07,0.0,-0.004268527030944824,-0.00011542677902198761
90200,107.53952026367188,212.82369995117188,-3.688788241147995,1.3172627e-07,0.0,-0.00924384593963623,-0.00012381233214284749
90400,112.35269165039062,213.4198314666748,-3.688788449764252,1.5348195e-07,0.0,-0.09326803684234619,-0.00011093616509043614
90600,103.75680541992188,211.39560317993164,-3.6887907564640043,1.7911195e-07,0.0,0.014928698539733887,-0.000125506482608273
90800,106.42646026611328,213.0078483581543,-3.6887897908687592,1.04904174e-07,0.0,-0.056702613830566406,-8.551353253949401e-05
91000,105.88170623779297,212.45731468200682,-3.6887879490852358,1.2993813e-07,0.0,0.007202506065368652,-0.00011148291713336533
91200,106.41401672363281,212.169930267334,-3.6887901425361633,1.3858079e-07,0.0,-0.023315906524658203,-0.00011087158345617354
91400,106.4102554321289,212.43459243774413,-3.6887894749641417,1.552701e-07,0.0,0.005150735378265381,-0.00012583969493320523
91600,107.65788269042969,211.11700592041015,-3.6887900292873383,1.0550022e-07,0.0,-0.0032875537872314453,-0.00010128751374942624
91800,110.4997787475586,212.4760456085205,-3.688790333271027,1.1265278e-07,0.0,-0.03381919860839844,-0.00010436428360414141
92000,109.51312255859375,212.08754501342773,-3.6887854039669037,1.7911196e-07,0.0,-0.014746665954589844,-0.00012591826827339502
92200,103.40947723388672,211.87967224121093,-3.6887876868247984,1.6123056e-07,0.0,0.003835916519165039,-0.0001344205432944223
92400,98.91754913330078,212.30493507385253,-3.688789403438568,1.4781952e-07,0.0,-0.056095004081726074,-0.00012573723473252585
92600,97.0184326171875,211.2110980987549,-3.6887864649295805,1.3053418e-07,0.0,-0.03249979019165039,-8.822422849181777e-05
92800,100.48587036132812,212.24553031921386,-3.6887885212898253,1.397729e-07,0.0,-0.015716075897216797,-0.00010621649742290629
93000,103.57669067382812,211.89662971496583,-3.688788616657257,1.1175871e-07,0.0,-0.0007848739624023438,-8.765219156430249e-05
93200,101.48763275146484,211.09779930114746,-3.688786643743515,1.1116266e-07,0.0,-0.0038764476776123047,-9.921850255949494e-05
93400,102.2159652709961,211.53193168640138,-3.6887897551059723,1.7404557e-07,0.0,-0.00946199893951416,-0.00012772144412167563
93600,110.70626068115234,211.4165126800537,-3.6887888312339783,1.0728836e-07,0.0,-0.007799863815307617,-9.569929582280423e-05
93800,104.57091522216797,211.68518409729003,-3.688788503408432,1.7046929e-07,0.0,-0.027437210083007812,-0.00012291121428837927
94000,106.6911392211914,210.59037094116212,-3.688786172866821,1.5228987e-07,0.0,0.023755550384521484,-0.00012280651951854794
94200,100.90201568603516,211.23543853759764,-3.6887894213199615,1.06394296e-07,0.0,0.05606883764266968,-8.586738002982485e-05
94400,107.8068618774414,211.1733184814453,-3.688791310787201,1.2278556e-07,0.0,-0.011685490608215332,-0.00010456444325903646
94600,105.42411041259766,211.55966148376464,-3.688789039850235,1.5795231e-07,0.0,0.014066994190216064,-0.00010876715256586955
94800,102.24344635009766,210.84174003601075,-3.688789939880371,8.016825e-08,0.0,0.002087414264678955,-7.859160016083777e-05
95000,107.43962860107422,210.40122604370117,-3.688788723945618,1.245737e-07,0.0,0.009538352489471436,-0.00010749544255865829
95200,103.6913833618164,210.44750518798827,-3.688786965608597,1.7434358e-07,0.0,-0.0453418493270874,-0.00012060159530662418
95400,106.35396575927734,211.3923595428467,-3.68879114985466,1.4156103e-07,0.0,-0.035108208656311035,-0.00010238224267902218
95600,101.18484497070312,209.25105361938478,-3.688786083459854,1.2993813e-07,0.0,-0.04236912727355957,-9.644607417165218e-05
95800,106.0109634399414,211.81986351013182,-3.6887888669967652,1.218915e-07,0.0,-0.08554935455322266,-0.00010160980420828025
96000,107.88665771484375,210.78886604309082,-3.688787132501602,1.3947488e-07,0.0,0.026356756687164307,-0.00012984642371449695
96200,106.72814178466797,211.12522659301757,-3.6887857556343078,1.5556813e-07,0.0,-0.02022111415863037,-0.00011928518049444392
96400,102.2406234741211,210.08466262817382,-3.6887849807739257,1.1086464e-07,0.0,0.030054807662963867,-8.056344034645946e-05
96600,109.09400939941406,210.02229118347168,-3.688785493373871,1.513958e-07,0.0,0.0014455318450927734,-0.00011326587894870954
96800,115.71296691894531,210.81939163208008,-3.688786280155182,3.5226344e-07,0.0,-0.07831525802612305,-0.00018487339130413005
97000,103.79773712158203,209.95503349304198,-3.6887859761714936,1.1831522e-07,0.0,0.015078127384185791,-0.0001034595224812307
97200,105.89881896972656,209.88880004882813,-3.688784289360046,1.1175871e-07,0.0,-0.0005257129669189453,-8.571481715122787e-05
97400,105.59991455078125,208.75852661132814,-3.6887816727161407,8.672476e-08,0.0,0.0031203627586364746,-7.469750162538701e-05
97600,109.2414321899414,209.69250602722167,-3.6887844800949097,1.11460686e-07,0.0,0.02194511890411377,-9.689478533063678e-05
97800,102.8537368774414,209.70519905090333,-3.6887901604175566,1.0550023e-07,0.0,0.011343777179718018,-0.00010769419388774182
98000,104.90379333496094,210.40864791870118,-3.6887865602970122,1.4007091e-07,0.0,-0.03263413906097412,-9.421920707630704e-05
98200,104.29475402832031,210.18914184570312,-3.6887892484664917,7.0333485e-08,0.0,-0.026389002799987793,-7.532478945329046e-05
98400,98.2469253540039,210.2962215423584,-3.6887872397899626,1.1622905e-07,0.0,-0.03218555450439453,-9.686960607915295e-05
98600,100.92606353759766,209.76054916381835,-3.6887866497039794,1.5616418e-07,0.0,-0.03712916374206543,-0.00010357154147335734
98800,102.60459899902344,209.09999237060546,-3.688786196708679,1.3381243e-07,0.0,0.01155763864517212,-0.00010786652573688827
99000,106.66240692138672,209.44403572082518,-3.6887850642204283,1.7106532e-07,0.0,-0.04321885108947754,-0.00010181396619763916
99200,104.95175170898438,209.15503120422363,-3.6887847781181335,1.6331673e-07,0.0,0.0004730820655822754,-0.000132134600552547
99400,104.19510650634766,210.00888786315917,-3.6887865543365477,1.2099743e-07,0.0,-0.032079100608825684,-9.931381122130212e-05
99600,103.06769561767578,208.72694702148436,-3.688787078857422,1.16825106e-07,0.0,-0.026581645011901855,-0.00010432279001975076
99800,103.81778717041016,209.5923686981201,-3.6887852966785433,1.2993813e-07,0.0,-0.03528141975402832,-0.00010094128462813101
100000,107.91526794433594,209.90493507385253,-3.688785171508789,1.3113022e-07,0.0,-0.05042910575866699,-0.00010249382320210998
100200,100.92990112304688,209.07154273986816,-3.6887825310230253,1.0848045e-07,0.0,-0.042443275451660156,-8.829419328117982e-05
100400,105.54963684082031,208.8041851043701,-3.688780850172043,1.3500451e-07,0.0,-0.016475796699523926,-9.915150694013164e-05
100600,104.03547668457031,209.93903732299805,-3.6887843370437623,1.7076731e-07,0.0,-0.03264021873474121,-0.00011783574601089696
100800,101.7750244140625,207.9672595977783,-3.688779079914093,1.373887e-07,0.0,0.02073878049850464,-0.00010795819832267738
101000,103.658935546875,209.39208450317383,-3.688782459497452,1.6957522e-07,0.0,-0.060143113136291504,-0.0001301371595541667
101200,107.03673553466797,208.70281486511232,-3.6887837529182432,1.2636185e-07,0.0,-0.002533555030822754,-9.904333976624713e-05
101400,105.97164154052734,208.74716186523438,-3.688784521818161,1.5228987e-07,0.0,-0.005148410797119141,-0.00012259085423451665
101600,106.3204345703125,209.62879219055176,-3.6887846529483794,1.4662743e-07,0.0,-0.04976856708526611,-0.0001364024426999677
101800,103.65092468261719,207.05474433898925,-3.688777494430542,1.1473894e-07,0.0,-0.008879303932189941,-9.938250547669725e-05
102000,96.24992370605469,209.34547538757323,-3.6887822687625884,1.090765e-07,0.0,-0.01608443260192871,-0.00010144197835959545
102200,102.65591430664062,208.02954177856446,-3.688782584667206,1.0430813e-07,0.0,0.006768286228179932,-8.93851813511759e-05
102400,110.00389099121094,207.56348838806153,-3.688781261444092,1.3917685e-07,0.0,-0.0633547306060791,-0.0001138280928561386
102600,102.84857940673828,208.7152542114258,-3.688784456253052,1.2904405e-07,0.0,-0.015769600868225098,-0.00011149927309315189
102800,102.38545989990234,208.58496475219727,-3.6887843728065492,7.390976e-08,0.0,-0.039563775062561035,-7.073777956048132e-05
103000,97.3159408569336,207.659997177124,-3.688781404495239,1.552701e-07,0.0,0.02242136001586914,-9.620192647261661e-05
103200,104.93852233886719,208.10841369628906,-3.6887850880622866,1.2159347e-07,0.0,0.038266777992248535,-9.740290376001327e-05
103400,102.91893005371094,208.07934455871583,-3.6887791037559508,1.92523e-07,0.0,-0.016035079956054688,-0.0001354478312315166
103600,107.48776245117188,207.4978084564209,-3.688780665397644,2.1666287e-07,0.0,0.003899514675140381,-0.00013676335707408783
103800,106.36722564697266,207.96503715515138,-3.6887792468070986,1.4275312e-07,0.0,0.002102077007293701,-0.00011890843978061838
104000,104.43358612060547,207.83770904541015,-3.688783127069473,1.1533499e-07,0.0,0.01655721664428711,-9.510321255845611e-05
104200,106.28296661376953,208.79395484924316,-3.688784343004227,1.11460686e-07,0.0,-0.06380259990692139,-0.00010203975496665407
104400,97.16873931884766,207.85771408081055,-3.6887820303440093,1.463294e-07,0.0,-0.03728604316711426,-0.00011004380922869927
104600,105.65116119384766,207.96949348449706,-3.688782411813736,1.180172e-07,0.0,-0.019257187843322754,-0.00010530599955416164
104800,104.67424774169922,207.6615306854248,-3.6887764036655426,1.9878149e-07,0.0,-0.04082989692687988,-0.00014487633840936097
105000,97.35128021240234,207.48978080749512,-3.6887801706790926,2.0503998e-07,0.0,-0.0076024532318115234,-0.00011853833474617659
105200,104.4081039428711,207.60845451354982,-3.6887710213661196,2.2590162e-07,0.0,-0.029003024101257324,-0.00014428845894904897
105400,107.3539047241211,207.52427406311034,-3.6887756526470183,2.0623207e-07,0.0,-0.01074671745300293,-0.0001331906464789867
105600,114.01029205322266,207.3828296661377,-3.6887741684913635,9.387732e-08,0.0,-0.0019948482513427734,-8.990590350848038e-05
105800,99.67684173583984,207.71522827148436,-3.6887738406658173,1.8030406e-07,0.0,-0.0289003849029541,-0.0001260542794209396
106000,102.55992126464844,207.71509590148926,-3.6887754619121553,1.2993813e-07,0.0,0.0051888227462768555,-9.964320835536e-05
106200,98.98522186279297,206.8332847595215,-3.6887729346752165,1.5348196e-07,0.0,0.009401321411132812,-0.00011431279784588356
106400,107.70307159423828,207.32211380004884,-3.688771593570709,1.4275312e-07,0.0,-0.016487479209899902,-0.00010290765789697787
106600,105.51959228515625,207.49518280029298,-3.688771390914917,1.1265278e-07,0.0,-0.01015627384185791,-0.00010458911897970324
106800,99.8047103881836,206.8331974029541,-3.6887695491313934,2.217293e-07,0.0,0.006219327449798584,-0.0001267676058430922
107000,102.36895751953125,207.82568855285643,-3.688773423433304,1.2546778e-07,0.0,-0.06461310386657715,-0.00010910958091230327
107200,103.97095489501953,206.911368560791,-3.6887690246105196,1.12652785e-07,0.0,-0.04981827735900879,-9.993837737236611e-05
107400,107.54426574707031,206.56402359008788,-3.6887700259685516,1.3291836e-07,0.0,-0.015572190284729004,-0.00011212956770094707
107600,101.73780822753906,206.7270236968994,-3.688769656419754,1.4752149e-07,0.0,-0.006894111633300781,-0.00010800109761390785
107800,101.28693389892578,207.22786483764648,-3.688770991563797,1.8388033e-07,0.0,-0.0468292236328125,-0.00012391069495620854
108000,106.11904907226562,206.37405700683593,-3.688769370317459,1.3649463e-07,0.0,0.010617673397064209,-9.4706296228253e-05
108200,99.61034393310547,205.901762008667,-3.6887717485427856,1.5288592e-07,0.0,-0.05649209022521973,-0.00010215254894738735
108400,100.16059112548828,207.11384086608888,-3.6887682497501375,1.1950732e-07,0.0,-0.03316473960876465,-9.833487816131025e-05
108600,101.75509643554688,206.54112548828124,-3.688767248392105,1.4811755e-07,0.0,-0.04373323917388916,-0.00011924462003793934
108800,101.05364990234375,205.7618095397949,-3.6887650310993196,1.7732381e-07,0.0,0.018893420696258545,-0.0001151978966305478
109000,109.9053955078125,206.2558895111084,-3.6887649953365327,1.370907e-07,0.0,-0.04135620594024658,-0.00010557371382446945
109200,103.39508819580078,206.142098236084,-3.6887671649456024,1.8000603e-07,0.0,-0.007295966148376465,-0.0001209698023542316
109400,107.37388610839844,206.4863437652588,-3.6887674272060393,2.1964311e-07,0.0,-0.05232548713684082,-0.00016320517721517546
109600,99.96548461914062,206.42436828613282,-3.68876633644104,1.4036894e-07,0.0,-0.028040766716003418,-9.446285762919615e-05
109800,102.32862854003906,206.25897407531738,-3.6887676060199737,1.090765e-07,0.0,-0.06359684467315674,-9.169012311538438e-05
110000,105.82486724853516,205.8687858581543,-3.688767486810684,1.9460916e-07,0.0,0.013656675815582275,-0.00013829734180541563
110200,101.72466278076172,206.2058940887451,-3.688763266801834,1.5735625e-07,0.0,-0.02384471893310547,-0.0001312340200714246
110400,101.42848205566406,204.99013557434083,-3.688756453990936,1.0222196e-07,0.0,0.0007687211036682129,-9.173174220471481e-05
110600,102.72006225585938,205.76510047912598,-3.6887608885765077,1.001358e-07,0.0,-0.0375751256942749,-0.0001007078734022393
110800,103.53031158447266,205.8135555267334,-3.688759469985962,1.3023615e-07,0.0,0.02247101068496704,-9.836976255718221e-05
111000,104.87982940673828,205.33477249145508,-3.6887574076652525,1.5258789e-07,0.0,-0.04698681831359863,-0.0001143360208700983
111200,102.53160095214844,205.9021774291992,-3.688764101266861,1.2040138e-07,0.0,0.020724773406982422,-0.00010458914162541078
111400,100.08519744873047,204.92119216918945,-3.6887583911418913,9.1195105e-08,0.0,0.009000062942504883,-9.152172537270075e-05
111600,109.3936996459961,205.00357322692872,-3.6887587130069734,3.2037497e-07,0.0,0.00856846570968628,-0.00018061128939805826
111800,100.38257598876953,205.3880588531494,-3.688764476776123,1.0430813e-07,0.0,0.00620579719543457,-8.814357270559015e-05
112000,107.17819213867188,205.6360870361328,-3.6887642085552215,1.0281801e-07,0.0,0.02444171905517578,-8.174018639488523e-05
112200,102.1685791015625,204.87114715576172,-3.688758832216263,2.0444394e-07,0.0,-0.007524847984313965,-0.000136673108652019
112400,102.86722564697266,204.97125129699708,-3.6887612640857697,1.6778708e-07,0.0,-0.006005644798278809,-0.00011447650346312344
112600,104.67082977294922,205.04888916015625,-3.6887614011764525,1.3649463e-07,0.0,0.039195895195007324,-0.00010006448648240962
112800,103.43472290039062,205.0269905090332,-3.688761705160141,1.4990569e-07,0.0,-0.021045684814453125,-0.00011567517995469956
113000,93.49091339111328,205.3116943359375,-3.6887649238109588,1.785159e-07,0.0,-0.02957296371459961,-0.00012372924459191914
113200,95.57597351074219,204.93211669921874,-3.688764435052872,1.3709068e-07,0.0,-0.009417891502380371,-0.00010947936803873404
113400,104.95299530029297,204.39023666381837,-3.6887587130069734,1.5497207e-07,0.0,0.020784497261047363,-0.00012401022136057093
113600,101.46942901611328,204.80663261413574,-3.6887641310691834,1.9878149e-07,0.0,-0.0043135881423950195,-0.0001437361250793856
113800,104.37075805664062,204.72701416015624,-3.688760221004486,1.4781952e-07,0.0,-0.026973247528076172,-0.00010407811342645345
114000,98.7746810913086,204.51300964355468,-3.688763380050659,9.7453594e-08,0.0,0.0014547109603881836,-8.6743622479446e-05
114200,105.91275787353516,204.46757316589355,-3.688762199878693,7.480383e-08,0.0,0.028673410415649414,-7.408140601263823e-05
114400,102.78914642333984,204.60415992736816,-3.6887627124786375,1.3023615e-07,0.0,-0.04271376132965088,-0.00010068388963162534
114600,101.836181640625,204.17755393981935,-3.688768243789673,1.5437604e-07,0.0,0.02596127986907959,-0.00011638456636333671
114800,100.9407730102539,204.30657806396485,-3.6887696385383606,1.6331671e-07,0.0,-0.0012341737747192383,-0.00010134206743330764
115000,99.3198013305664,204.2468090057373,-3.688765674829483,1.487136e-07,0.0,0.023908615112304688,-0.00010090084371687791
115200,102.55974578857422,204.50075759887696,-3.688765984773636,1.463294e-07,0.0,0.010512232780456543,-0.00011330725261249341
115400,99.1714096069336,204.60294303894042,-3.688761967420578,1.2516975e-07,0.0,-0.012602567672729492,-9.372840921315629e-05
115600,98.15713500976562,204.07004508972167,-3.6887648701667786,8.9108944e-08,0.0,0.003267228603363037,-7.201711792745869e-05
115800,94.14043426513672,204.24273452758788,-3.6887629985809327,1.02818014e-07,0.0,-0.017207622528076172,-8.755138504716875e-05
116000,105.6043930053711,203.63274459838868,-3.688762891292572,2.2739172e-07,0.0,-0.0289384126663208,-0.00014857627478512825
116200,107.43402862548828,203.88327560424804,-3.688766527175903,1.9401313e-07,0.0,-0.02250838279724121,-0.00015688204680204266
116400,103.77827453613281,204.19382400512694,-3.6887696981430054,1.2367963e-07,0.0,-0.009969115257263184,-9.320314930718609e-05
116600,105.78182220458984,204.20985832214356,-3.688765949010849,1.4334917e-07,0.0,-0.047070980072021484,-0.00010594545418420864
116800,93.73414611816406,203.9642078399658,-3.688768261671066,7.3313714e-08,0.0,-0.03290700912475586,-6.872364914158879e-05
117000,106.40328216552734,204.15943298339843,-3.688769692182541,1.2397766e-07,0.0,0.01679694652557373,-9.460161660683753e-05
117200,98.79176330566406,204.4800769805908,-3.688769656419754,1.0430813e-07,0.0,-0.06366622447967529,-9.431521626197536e-05
117400,100.57508087158203,203.48171043395996,-3.688771253824234,1.18613244e-07,0.0,0.009766757488250732,-0.00010449366252913705
117600,108.21981811523438,203.19631156921386,-3.6887705445289614,1.2248755e-07,0.0,-0.05960583686828613,-8.8574096681171e-05
117800,100.00596618652344,203.94984588623046,-3.688771653175354,1.0430813e-07,0.0,-0.006846785545349121,-9.437593835421864e-05
118000,104.66825866699219,203.66978607177734,-3.688769268989563,1.5377998e-07,0.0,0.03167831897735596,-0.00010862003209552996
118200,98.48656463623047,203.90941009521484,-3.6887628078460692,2.297759e-07,0.0,-0.052324891090393066,-0.00017779118589658082
118400,103.55857849121094,203.3673065185547,-3.6887607097625734,1.424551e-07,0.0,0.008447825908660889,-9.762300628279874e-05
118600,103.05423736572266,203.71933517456054,-3.68876051902771,1.3113022e-07,0.0,-0.04070866107940674,-0.00010799725373242808
118800,105.22667694091797,203.49385185241698,-3.6887595772743227,1.0848045e-07,0.0,-0.01718127727508545,-9.390623814482524e-05
119000,102.20929718017578,203.5398769378662,-3.6887619316577913,1.4841557e-07,0.0,-0.019359827041625977,-0.00011032694647763463
119200,103.80815887451172,203.36277198791504,-3.688762229681015,1.07884404e-07,0.0,0.0008528232574462891,-9.55647531586834e-05
119400,101.02843475341797,203.108394241333,-3.6887623012065887,1.6152859e-07,0.0,0.007769465446472168,-0.0001213167314574548
119600,101.30430603027344,203.2304714202881,-3.688763850927353,1.4573337e-07,0.0,-0.023389697074890137,-0.0001149790138257778
119800,101.89218139648438,202.8168109893799,-3.6887639582157137,1.1891127e-07,0.0,0.008625507354736328,-0.00010157547956080037
120000,107.34595489501953,202.88772163391113,-3.688762903213501,1.5199184e-07,0.0,-0.018276691436767578,-0.00010292513519090107
120200,102.83855438232422,203.24248809814452,-3.688761979341507,1.1771917e-07,0.0,-0.040406227111816406,-9.799592222421438e-05
120400,99.14622497558594,202.97587928771972,-3.688764673471451,1.347065e-07,0.0,-0.02218461036682129,-0.00012509743257780315
120600,103.57125854492188,203.036287689209,-3.6887676894664763,1.5676021e-07,0.0,-0.03182637691497803,-0.0001224366278078648
120800,99.16578674316406,202.80764923095703,-3.6887658894062043,1.5944242e-07,0.0,-0.007980585098266602,-0.00011162686334120764
121000,101.6605224609375,203.27768630981444,-3.6887665927410125,1.2129544e-07,0.0,-0.04257965087890625,-0.00012102080796978498
121200,103.40520477294922,202.65188064575196,-3.6887632846832275,1.7255545e-07,0.0,-0.008186101913452148,-0.00012389621119970328
121400,100.10224151611328,202.0743350982666,-3.688761073350906,1.2248755e-07,0.0,0.01622951030731201,-0.00010671844681482412
121600,99.82353973388672,202.61864204406737,-3.6887641549110413,1.8507242e-07,0.0,0.004793524742126465,-0.0001361103059636548
121800,105.67281341552734,202.50682258605957,-3.6887603282928465,2.0802023e-07,0.0,0.005259335041046143,-0.00015669153502955168
122000,101.8420181274414,202.44694442749022,-3.6887551307678224,1.2934208e-07,0.0,0.030097484588623047,-0.00010301233761573769
122200,104.93077850341797,202.3161823272705,-3.688751494884491,1.2367963e-07,0.0,-0.036258578300476074,-9.98621433417668e-05
122400,102.98197937011719,202.46962814331056,-3.688754308223724,1.013279e-07,0.0,0.03967595100402832,-8.707191113330737e-05
122600,98.87850189208984,202.44471244812013,-3.688753789663315,1.1205674e-07,0.0,-0.02302539348602295,-9.745134409726575e-05
122800,101.12928771972656,202.2062858581543,-3.6887498080730436,1.79708e-07,0.0,-0.020319342613220215,-0.00015591153621272725
123000,104.40149688720703,202.0881820678711,-3.688746750354767,1.7911195e-07,0.0,-0.029694199562072754,-0.00011809402803848456
123200,99.394775390625,202.24397354125978,-3.6887477934360504,1.3530254e-07,0.0,0.009673357009887695,-9.587898817482454e-05
123400,105.42089080810547,201.99163360595702,-3.6887475669384004,1.9609928e-07,0.0,-0.031012654304504395,-0.00013089014571505687
123600,99.79363250732422,201.08234138488768,-3.6887472569942474,1.5497208e-07,0.0,-0.0027905702590942383,-0.00010452248911505536
123800,101.39317321777344,202.39543380737305,-3.688747948408127,9.715557e-08,0.0,-0.01403820514678955,-8.825350581993518e-05
124000,98.29652404785156,201.46170196533203,-3.6887441873550415,1.0579824e-07,0.0,0.022819042205810547,-0.00010024615318009467
124200,102.35199737548828,201.6243984222412,-3.688743656873703,1.0460615e-07,0.0,0.006530940532684326,-0.00010299513546669914
124400,96.32308959960938,200.7976219177246,-3.6887437045574187,1.2040138e-07,0.0,-0.006339073181152344,-9.224253895325773e-05
124600,105.71160125732422,202.20278091430663,-3.688746875524521,1.9103288e-07,0.0,-0.011609196662902832,-0.000160378442177489
124800,101.29617309570312,201.75409927368165,-3.688747775554657,1.5825033e-07,0.0,-0.008008241653442383,-0.00013119729633732647
125000,97.02783203125,201.16217613220215,-3.6887448966503142,9.953976e-08,0.0,0.011977612972259521,-7.643894834359344e-05
125200,107.41848754882812,201.33320007324218,-3.6887463688850404,1.92523e-07,0.0,0.009635508060455322,-0.0001323463164782268
125400,99.26426696777344,201.6292568206787,-3.6887467920780184,1.937151e-07,0.0,-0.03814053535461426,-0.00014067122999605886
125600,101.20232391357422,201.72528457641602,-3.688747930526733,1.2218952e-07,0.0,-0.02978229522705078,-9.009924516831803e-05
125800,100.353515625,201.48056640625,-3.6887475728988646,1.963973e-07,0.0,-0.04069828987121582,-0.00014364863259113124
126000,97.48844909667969,201.91110954284667,-3.6887501180171967,1.2814999e-07,0.0,-0.037697553634643555,-0.00011312927275426432
126200,104.48372650146484,201.0745937347412,-3.6887437760829926,1.3053418e-07,0.0,0.0014995932579040527,-0.00011244907661875914
126400,95.22312927246094,201.07913665771486,-3.6887503623962403,1.4811755e-07,0.0,0.028641998767852783,-0.00012419791553952564
126600,96.90821838378906,200.96379547119142,-3.6887451291084288,1.3977288e-07,0.0,-0.03652656078338623,-0.00010271432942037251
126800,102.67227935791016,201.0374656677246,-3.6887465536594393,1.2069941e-07,0.0,0.0067435503005981445,-0.0001041434862006696
127000,99.63927459716797,200.85849609375,-3.6887500286102295,1.0311604e-07,0.0,0.015695273876190186,-9.28237737756632e-05
127200,98.38752746582031,201.07025260925292,-3.6887478709220884,1.451373e-07,0.0,0.002550184726715088,-0.00012554895921743637
127400,100.59687805175781,201.06473503112792,-3.688746690750122,1.9133091e-07,0.0,-3.993511199951172e-05,-0.00012922763725793375
127600,92.16156768798828,200.82947425842286,-3.688736045360565,1.6450882e-07,0.0,-0.042725563049316406,-0.00010691754541625187
127800,100.72700500488281,200.6042308807373,-3.688734996318817,2.1219253e-07,0.0,0.0012190937995910645,-0.00015124800817361005
128000,104.88997650146484,200.6370071411133,-3.6887343168258666,1.424551e-07,0.0,-0.016927719116210938,-9.645986579887023e-05
128200,100.64283752441406,200.76326942443848,-3.6887366652488707,1.9580125e-07,0.0,-0.014620304107666016,-0.00015931066814971472
128400,99.4500503540039,199.6505382537842,-3.688737630844116,1.6659499e-07,0.0,-0.0037981271743774414,-0.00010775244246303828
128600,103.03741455078125,200.90433921813965,-3.6887383818626405,1.3232231e-07,0.0,0.013134539127349854,-9.590901400784446e-05
128800,101.70942687988281,201.01779251098634,-3.6887410521507262,1.3411045e-07,0.0,-0.01415395736694336,-0.00010265304010594888
129000,94.03109741210938,200.3975673675537,-3.6887352406978606,9.894371e-08,0.0,0.007096767425537109,-8.59040623552687e-05
129200,103.16350555419922,200.57388572692872,-3.6887321054935454,1.758337e-07,0.0,-0.004769086837768555,-0.00012731406115875643
129400,100.0586929321289,200.31358604431153,-3.688733333349228,1.5735625e-07,0.0,0.027487218379974365,-0.00010927665231292849
129600,102.98698425292969,200.18454780578614,-3.6887303054332734,1.3619662e-07,0.0,-0.0029407739639282227,-0.00010214839811339971
129800,96.39788818359375,200.27094383239745,-3.6887314140796663,2.6702884e-07,0.0,0.010551035404205322,-0.0001770096570950841
130000,101.04862213134766,200.48237266540528,-3.688728404045105,1.218915e-07,0.0,-0.03292858600616455,-0.00010621112577906544
130200,101.8574447631836,200.23349418640137,-3.68872926235199,1.9431116e-07,0.0,-0.015592098236083984,-0.0001455243514330462
130400,97.0684814453125,200.00164451599122,-3.688729077577591,1.6480683e-07,0.0,-0.005699753761291504,-0.00011679001190820771
130600,97.88029479980469,199.32415657043458,-3.688727098703384,9.23872e-08,0.0,-0.021519184112548828,-9.189251116366037e-05
130800,100.63985443115234,200.0616710662842,-3.688727629184723,8.940697e-08,0.0,0.007835566997528076,-7.408089908302883e-05
131000,99.24463653564453,199.8687843322754,-3.6887250006198884,1.552701e-07,0.0,-0.0026568174362182617,-0.00011886297825114411
131200,97.63390350341797,199.9011016845703,-3.688723438978195,1.0013581e-07,0.0,0.03351902961730957,-9.391010575043879e-05
131400,99.8753890991211,200.0128475189209,-3.6887198746204377,1.230836e-07,0.0,-0.0061473846435546875,-0.0001037956471854784
131600,98.72753143310547,199.46355209350585,-3.6887189865112306,1.1205673e-07,0.0,0.0023305416107177734,-8.872006816886823e-05
131800,106.49385833740234,199.80553855895997,-3.688718545436859,1.2874602e-07,0.0,-0.026265859603881836,-9.267717613994363e-05
132000,98.95182800292969,199.22050437927246,-3.6887217819690705,1.4305115e-07,0.0,-0.008118629455566406,-9.954339266542434e-05
132200,106.72489929199219,199.8442810058594,-3.6887222230434418,1.9222497e-07,0.0,-0.021856188774108887,-0.00012980712989199005
132400,96.34178924560547,199.94250602722167,-3.6887236177921294,1.8507242e-07,0.0,-0.029927492141723633,-0.0001648923598594365
132600,96.8387680053711,199.00247764587402,-3.6887236535549164,2.1427869e-07,0.0,-0.04467606544494629,-0.0001564580947659877
132800,100.53968811035156,199.53373260498046,-3.688715046644211,1.758337e-07,0.0,-0.012737393379211426,-0.0001207245135235624
133000,99.73543548583984,199.1497097015381,-3.6887156069278717,1.6570091e-07,0.0,0.011323809623718262,-0.00013427911635162105
133200,97.08097839355469,199.29173049926757,-3.688712567090988,1.6659499e-07,0.0,-0.024518489837646484,-0.00012232491327361926
133400,96.38150787353516,198.58882331848145,-3.6887124359607695,2.2649765e-07,0.0,-0.01516580581665039,-0.00016199719930654055
133600,97.95796203613281,199.25846977233886,-3.6887166619300844,1.2576581e-07,0.0,0.026511967182159424,-9.874036993977598e-05
133800,94.75120544433594,199.33360481262207,-3.6887169659137724,1.245737e-07,0.0,-0.0053365230560302734,-0.00010317280933094252
134000,104.05853271484375,199.35082206726074,-3.688715636730194,1.9133091e-07,0.0,-0.016728997230529785,-0.00014233845608622176
134200,102.11622619628906,199.36879501342773,-3.688712900876999,1.2278556e-07,0.0,-0.023185133934020996,-8.734407258899068e-05
134400,95.16264343261719,199.00127983093262,-3.6887157559394836,1.5258789e-07,0.0,-0.016379952430725098,-0.0001224818814669959
134600,97.81214904785156,198.39391899108887,-3.6887212693691254,1.4394521e-07,0.0,0.00519329309463501,-0.00010660484440865315
134800,101.04324340820312,198.43508224487306,-3.6887165904045105,1.731515e-07,0.0,-0.022420048713684082,-0.00014162688656433887
135000,93.52312469482422,199.19849739074706,-3.688719516992569,1.1503697e-07,0.0,0.008315205574035645,-9.712842075444428e-05
135200,99.42718505859375,199.31336555480956,-3.688721573352814,1.680851e-07,0.0,-0.02489018440246582,-0.00012970109258034768
135400,94.02046966552734,198.40703163146972,-3.6887253880500794,1.2040138e-07,0.0,-0.025418996810913086,-9.160551455664745e-05
135600,96.19470977783203,199.2253646850586,-3.688731348514557,1.8626451e-07,0.0,0.018186986446380615,-0.000136486515884382
135800,102.04375457763672,198.5512783050537,-3.688724899291992,1.2278556e-07,0.0,0.0026161670684814453,-0.00010264904566312794
136000,98.32704162597656,198.63531799316405,-3.688724535703659,1.4334917e-07,0.0,-0.012402892112731934,-0.00010509443245245719
136200,100.85414123535156,198.10209465026855,-3.688720774650574,1.8566845e-07,0.0,0.024620413780212402,-0.000133907362007335
136400,96.43901062011719,198.74599571228026,-3.688722848892212,1.00731846e-07,0.0,-0.01585841178894043,-8.538749819777535e-05
136600,99.85787963867188,198.48361167907714,-3.6887225925922396,1.9937754e-07,0.0,-0.026101350784301758,-0.00013289511309455548
136800,103.28376007080078,198.67985763549805,-3.6887255012989044,7.480382e-08,0.0,0.022362053394317627,-7.015769177254327e-05
137000,100.56341552734375,198.25054321289062,-3.6887229561805723,1.0758639e-07,0.0,0.013040125370025635,-9.638898051997913e-05
137200,100.99122619628906,198.56263580322266,-3.688722163438797,8.732081e-08,0.0,-0.021266818046569824,-8.164246366106908e-05
137400,96.28600311279297,197.80096969604492,-3.6887207329273224,1.6987323e-07,0.0,-0.020769596099853516,-0.00012115497889517713
137600,100.42267608642578,198.4363613128662,-3.688722234964371,1.15931044e-07,0.0,-0.004253506660461426,-9.112000499271744e-05
137800,100.8921127319336,198.13973693847657,-3.688725847005844,1.3411045e-07,0.0,-0.009026765823364258,-9.797209443354049e-05
138000,101.7620620727539,198.05762977600097,-3.6887208580970765,1.3649463e-07,0.0,0.008686423301696777,-0.0001109759220959461
138200,101.88325500488281,198.3382926940918,-3.6887244403362276,1.6719102e-07,0.0,0.01885586977005005,-0.0001201103621436772
138400,103.25813293457031,197.05604362487793,-3.6887155890464784,2.3573637e-07,0.0,-0.002196192741394043,-0.0001524676541734493
138600,98.44503021240234,198.23482513427734,-3.6887221157550814,9.2387204e-08,0.0,-0.00729215145111084,-9.55944282361898e-05
138800,100.09329223632812,197.12564239501953,-3.6887174963951113,1.5825033e-07,0.0,-0.0130995512008667,-0.00013041091088830114
139000,95.67017364501953,197.93322868347167,-3.688717234134674,1.17719175e-07,0.0,-0.004846930503845215,-9.202678473272386e-05
139200,96.90779113769531,198.0791103363037,-3.6887247264385223,9.9837784e-08,0.0,0.0032581686973571777,-8.228704324366731e-05
139400,97.35279083251953,197.84776763916017,-3.6887259900569918,9.2387204e-08,0.0,0.019624710083007812,-9.265230572790273e-05
139600,99.640869140625,197.85198287963868,-3.6887216210365295,1.0013581e-07,0.0,-0.029343605041503906,-8.379612873063991e-05
139800,93.76167297363281,197.65983123779296,-3.688718634843826,1.6182662e-07,0.0,0.01499927043914795,-0.00011753182064513367
140000,98.54835510253906,197.5259174346924,-3.6887263357639313,7.092953e-08,0.0,0.015517115592956543,-6.163068196727295e-05
140200,90.14214324951172,197.84198684692382,-3.688720566034317,1.6242265e-07,0.0,-0.023792386054992676,-0.00012483347968661462
140400,102.8368911743164,197.41240425109862,-3.6887198626995086,1.3381242e-07,0.0,0.02523350715637207,-9.890827582710315e-05
140600,102.23856353759766,197.40801963806152,-3.68872030377388,3.486872e-07,0.0,0.009065806865692139,-0.00018414655228191635
140800,102.57172393798828,197.365970993042,-3.688722389936447,1.463294e-07,0.0,0.008342087268829346,-0.00011877322196482965
141000,96.69407653808594,196.8392135620117,-3.6887167155742646,2.2172927e-07,0.0,-0.008484363555908203,-0.00016598193385277681
141200,100.69596099853516,197.69457473754883,-3.6887201189994814,1.3560057e-07,0.0,-0.0022660493850708008,-0.00011197698068325934
141400,98.5770034790039,197.6215991973877,-3.6887151181697844,1.5735625e-07,0.0,-0.022487759590148926,-0.00012454429144881374
141600,93.66084289550781,197.11272201538085,-3.688715875148773,2.1755694e-07,0.0,0.01919454336166382,-0.00016662310219786036
141800,100.83527374267578,197.2156204223633,-3.688713628053665,1.4483929e-07,0.0,-0.0013692378997802734,-0.00011631101104150332
142000,107.29450225830078,197.36344718933105,-3.688717544078827,1.3440848e-07,0.0,-0.0029921531677246094,-0.00012313799346815867
142200,102.31086730957031,197.0284580230713,-3.6887114107608796,1.874566e-07,0.0,-0.01247406005859375,-0.0001324384952869906
142400,95.19412231445312,197.07788124084473,-3.688714063167572,1.3887882e-07,0.0,0.007737517356872559,-0.00010920871609130245
142600,97.91129302978516,197.46138458251954,-3.6887181997299194,1.2129544e-07,0.0,-0.00498354434967041,-9.981708179438443e-05
142800,102.34819030761719,196.4241855621338,-3.688718444108963,1.436472e-07,0.0,-0.003654956817626953,-0.00011288432073923716
143000,97.9089584350586,197.02654685974122,-3.688719803094864,1.5825034e-07,0.0,0.010494649410247803,-0.00011961859455169587
143200,99.58638000488281,196.9220500946045,-3.6887230396270754,1.1682509e-07,0.0,0.002258777618408203,-8.765633464165034e-05
143400,96.82266998291016,197.13139381408692,-3.6887222290039063,1.16825106e-07,0.0,-0.026325225830078125,-0.00010620544824195833
143600,93.10347747802734,196.29167518615722,-3.6887201368808746,1.7255545e-07,0.0,-0.0065108537673950195,-0.000118110447297326
143800,102.52178192138672,196.9210693359375,-3.688718342781067,1.0758639e-07,0.0,0.004043519496917725,-8.64942554608561e-05
144000,100.0101089477539,196.7044364929199,-3.6887166678905485,1.4156103e-07,0.0,0.010253667831420898,-0.00010732556875474586
144200,101.46495056152344,196.8137622833252,-3.6887164652347564,1.2636185e-07,0.0,-0.023162841796875,-0.00011344556476586832
144400,102.97124481201172,196.18308753967284,-3.6887219846248627,1.7762184e-07,0.0,-0.0060977935791015625,-0.00012674723570977876
144600,101.95331573486328,196.8044563293457,-3.6887194573879243,1.1086464e-07,0.0,-0.003706812858581543,-0.00010332433916513395
144800,89.54402923583984,196.64376487731934,-3.688713127374649,1.7195939e-07,0.0,-0.016620874404907227,-0.00011286446447904553
145000,100.12890625,196.69052696228027,-3.688724935054779,2.1725894e-07,0.0,-0.007681488990783691,-0.00016209766293542315
145200,94.68685150146484,196.51068077087402,-3.6887175917625425,1.6629696e-07,0.0,-0.007303714752197266,-0.0001274287996068324
145400,94.28985595703125,195.610493850708,-3.6887187004089355,1.7315149e-07,0.0,0.0067642927169799805,-0.0001316823134139611
145600,98.86643981933594,196.61493492126465,-3.688725417852402,1.6301871e-07,0.0,0.00809621810913086,-0.00012628959116973705
145800,93.87303924560547,196.5559917449951,-3.6887239158153533,1.01029876e-07,0.0,-0.017936110496520996,-8.347068777112555e-05
146000,92.98129272460938,195.67882919311523,-3.6887204110622407,2.0354986e-07,0.0,-0.02144777774810791,-0.0001462996179327547
146200,98.87205505371094,195.8569065093994,-3.688721072673798,1.6480685e-07,0.0,-0.014353275299072266,-0.0001215089135309988
146400,95.9356918334961,196.206457901001,-3.688717061281204,1.1920929e-07,0.0,0.005284547805786133,-8.075383379591017e-05
146600,102.78942108154297,196.08507804870607,-3.6887192130088806,1.5586615e-07,0.0,-0.0011061429977416992,-0.00012082067854706225
146800,95.62152862548828,196.29877471923828,-3.688716799020767,4.062057e-07,0.0,-0.013104677200317383,-0.00017443159187564562
147000,101.07833862304688,196.1827793121338,-3.6887181997299194,1.2069941e-07,0.0,-0.002111196517944336,-8.345271584175862e-05
147200,100.16549682617188,195.61190452575684,-3.688716804981232,1.874566e-07,0.0,-0.015140414237976074,-0.0001351805330691125
147400,94.63479614257812,196.35382308959962,-3.688716697692871,1.0341406e-07,0.0,-0.029788732528686523,-9.510363307452252e-05
147600,99.52809143066406,195.7966453552246,-3.6887135446071624,1.1712313e-07,0.0,0.032598018646240234,-0.00011918540255990706
147800,97.82460021972656,195.8100555419922,-3.688705915212631,1.859665e-07,0.0,0.00029271841049194336,-0.00012027594398014151
148000,100.34066772460938,195.81447639465333,-3.6887090027332308,1.4156103e-07,0.0,0.010399699211120605,-0.00010690675655986582
148200,89.7499771118164,195.7976203918457,-3.6887121975421904,1.7732381e-07,0.0,0.021016597747802734,-0.00011703957711746149
148400,94.71031188964844,195.61926803588867,-3.688710206747055,1.385808e-07,0.0,0.023642420768737793,-0.00011509943516472277
148600,95.5115737915039,195.19727745056153,-3.6887114346027374,1.3589859e-07,0.0,0.0022619962692260742,-0.00011471337499742162
148800,97.31729888916016,195.7205379486084,-3.688712012767792,1.0967254e-07,0.0,0.021635890007019043,-9.130437609039532e-05
149000,98.20098114013672,195.6499195098877,-3.688709408044815,2.732873e-07,0.0,-0.001253962516784668,-0.00017690453725887066
149200,98.23355102539062,195.3282440185547,-3.688704341650009,1.3917685e-07,0.0,0.023718297481536865,-9.752288499953465e-05
149400,98.09595489501953,195.0138370513916,-3.6887043595314024,1.7374754e-07,0.0,-0.00046539306640625,-0.00011882777519716115
149600,94.16593933105469,195.8568557739258,-3.688714236021042,1.1354685e-07,0.0,-0.0010578632354736328,-8.444811429999532e-05
149800,93.04145812988281,195.6004665374756,-3.688717615604401,2.3216009e-07,0.0,-0.0013173818588256836,-0.00013437540871272802
150000,100.46541595458984,194.9983818054199,-3.688710355758667,9.089708e-08,0.0,-0.006037354469299316,-8.866375614999811e-05
150200,100.7551498413086,195.38429565429686,-3.6887067198753356,1.02818014e-07,0.0,0.021262168884277344,-9.207561615778292e-05
150400,92.66010284423828,195.3887538909912,-3.6887097656726837,1.3560057e-07,0.0,0.0007253885269165039,-0.00010832321496323516
150600,93.0511703491211,194.7743667602539,-3.68870689868927,1.2338161e-07,0.0,-0.019462943077087402,-9.369803964904832e-05
150800,93.38265228271484,195.41502571105957,-3.6887073516845703,1.2844801e-07,0.0,-0.010546684265136719,-9.492617792581371e-05
151000,99.25502014160156,194.77740440368652,-3.6887110471725464,1.3858079e-07,0.0,2.574920654296875e-05,-0.00010954250367269935
151200,98.28104400634766,195.247717666626,-3.6887088775634767,1.7672777e-07,0.0,0.008523166179656982,-0.00012331269695806669
151400,95.00797271728516,195.03709259033204,-3.6887127220630647,1.4722347e-07,0.0,-0.00926971435546875,-0.00011523078443360646
151600,98.4505615234375,195.13503303527833,-3.688709634542465,1.3440848e-07,0.0,-0.018347740173339844,-0.00011477860755384483
151800,96.80813598632812,194.8220314025879,-3.688706934452057,1.6659499e-07,0.0,0.011674702167510986,-0.00013265317686204093
152000,96.08525085449219,194.9613124847412,-3.6887119889259337,1.01625915e-07,0.0,0.028632283210754395,-9.427825277459334e-05
152200,99.18931579589844,194.8499797821045,-3.688703328371048,1.6421079e-07,0.0,-0.0013669729232788086,-0.00012831924454328458
152400,100.04423522949219,194.99123344421386,-3.6887071907520292,1.3589859e-07,0.0,-0.011778593063354492,-0.00010280807351499277
152600,92.71830749511719,194.93074493408204,-3.688703292608261,1.9818546e-07,0.0,-0.000743865966796875,-0.00013252501168246056
152800,98.3835678100586,194.64819297790527,-3.6886977016925813,1.3411045e-07,0.0,0.014916956424713135,-0.0001004174651953349
153000,96.10893249511719,194.76395988464355,-3.688703489303589,1.5467405e-07,0.0,0.015776753425598145,-0.0001299498607629346
153200,94.53939819335938,194.74741287231444,-3.6886981070041656,2.6375054e-07,0.0,-0.014798641204833984,-0.00015844036022514275
153400,99.44205474853516,194.2699417114258,-3.6886871993541717,1.8894673e-07,0.0,0.015941500663757324,-0.0001293861504997551
153600,101.23051452636719,194.7775058746338,-3.6887006878852846,1.7672778e-07,0.0,-0.004962921142578125,-0.0001287848681975845
153800,92.83738708496094,194.46011352539062,-3.688699704408646,1.5556813e-07,0.0,0.006462156772613525,-0.00010312126571339064
154000,96.43423461914062,194.11322097778321,-3.6887030959129334,1.0669231e-07,0.0,-0.013926506042480469,-8.732669113880043e-05
154200,94.57660675048828,194.64161186218263,-3.68870233297348,1.2367964e-07,0.0,0.026341021060943604,-0.00010042296381840288
154400,100.66462707519531,194.3433696746826,-3.688702940940857,1.874566e-07,0.0,0.003036320209503174,-0.00013095457766105768
154600,96.29947662353516,194.56616249084473,-3.688701868057251,1.5646219e-07,0.0,-0.009922385215759277,-0.00011790952162655799
154800,97.8011245727539,194.49185943603516,-3.6887071251869203,1.5079975e-07,0.0,-0.013841629028320312,-0.0001110503378980443
155000,93.30458068847656,194.26403999328613,-3.6886975049972532,9.62615e-08,0.0,0.0022592544555664062,-7.753014578621986e-05
155200,96.65518951416016,194.12445030212402,-3.6886951684951783,1.2367964e-07,0.0,0.009569406509399414,-9.303854389415278e-05
155400,90.56605529785156,193.80567092895507,-3.6887022614479066,1.6897917e-07,0.0,-0.004704713821411133,-0.00011950750714184721
155600,91.49234771728516,194.37342948913573,-3.688700234889984,1.335144e-07,0.0,-0.0019637346267700195,-0.00010737115215491144
155800,102.56793212890625,194.00402450561523,-3.688696712255478,1.3411045e-07,0.0,-0.007286190986633301,-0.00010277338348885223
156000,90.49040985107422,194.00152435302735,-3.6886946737766264,1.2904405e-07,0.0,0.01939845085144043,-0.00010862215625877525
156200,93.51056671142578,193.5909553527832,-3.688697785139084,1.1235475e-07,0.0,0.00037807226181030273,-9.615112832861428e-05
156400,93.07476806640625,194.2416187286377,-3.6887067914009095,8.583069e-08,0.0,0.01938319206237793,-8.102421506253065e-05
156600,95.30521392822266,193.84056854248047,-3.688697803020477,6.4074996e-08,0.0,0.0025873184204101562,-5.5867239332485497e-05
156800,99.25176239013672,193.95267448425292,-3.6887017130851745,1.4573335e-07,0.0,-0.013338446617126465,-0.00010824523802028807
157000,95.99075317382812,193.84747047424315,-3.68870330452919,2.0742416e-07,0.0,-0.007867813110351562,-0.00013123485454453744
157200,95.18140411376953,194.0579158782959,-3.688710594177246,1.141429e-07,0.0,-0.00414276123046875,-9.873439336924861e-05
157400,96.56404876708984,193.77886810302735,-3.6887084543704987,1.1652708e-07,0.0,0.0009689927101135254,-0.00010505591342830911
157600,101.76071166992188,193.81783561706544,-3.6887042760849,2.5361777e-07,0.0,-0.004961848258972168,-0.000169896125885316
157800,96.71078491210938,193.75798110961915,-3.688708519935608,1.2636184e-07,0.0,0.0008216500282287598,-9.705273413160854e-05
158000,95.08136749267578,193.7675048828125,-3.688705176115036,1.12652785e-07,0.0,-0.017116427421569824,-8.454559752273383e-05
158200,95.72701263427734,193.53038520812987,-3.688697654008865,2.9712913e-07,0.0,-0.003853321075439453,-0.00017053604818144662
158400,93.27262878417969,193.62401733398437,-3.688699346780777,1.5497207e-07,0.0,-0.004867911338806152,-0.00011834475302592295
158600,94.66341400146484,193.4396282196045,-3.6886950731277466,2.05338e-07,0.0,-0.002997279167175293,-0.00014718452182354013
158800,89.8676986694336,193.4853775024414,-3.688700330257416,2.3961067e-07,0.0,0.015344321727752686,-0.00018419461739398456
159000,104.19727325439453,193.51404609680176,-3.688703417778015,1.8954277e-07,0.0,0.015169024467468262,-0.00012837375681158393
159200,93.17903900146484,193.42052574157714,-3.688688999414444,1.4424324e-07,0.0,-0.007148027420043945,-9.848848691760282e-05
159400,93.05017852783203,193.4484920501709,-3.688696587085724,1.9460916e-07,0.0,-0.01600062847137451,-0.00013908895829395362
159600,93.80654907226562,193.32378654479982,-3.688695615530014,1.0251999e-07,0.0,-0.0004962682723999023,-7.581102801310636e-05
159800,98.4081039428711,193.37215156555175,-3.6886966109275816,1.7911196e-07,0.0,0.0011580586433410645,-0.00012248472921285724
160000,97.16242218017578,193.4300964355469,-3.68869611620903,1.2248755e-07,0.0,-0.009980082511901855,-9.249573903638008e-05
160200,99.82832336425781,193.36141624450684,-3.688692104816437,1.2040138e-07,0.0,-0.0037364959716796875,-9.702078964011208e-05
160400,93.74185180664062,193.0813678741455,-3.688687688112259,1.218915e-07,0.0,0.002518892288208008,-9.176680489915156e-05
160600,95.61485290527344,192.9098045349121,-3.6886935353279116,8.8214875e-08,0.0,-0.004510164260864258,-7.668279139423362e-05
160800,91.71343994140625,192.82598266601562,-3.688685494661331,1.0877848e-07,0.0,-0.00940251350402832,-8.231114577128551e-05
161000,91.81635284423828,193.38024368286133,-3.688690847158432,1.2397766e-07,0.0,-0.0163651704788208,-0.00010796041791110156
161200,95.0819091796875,193.0187240600586,-3.6886808395385744,1.8030406e-07,0.0,-0.009169459342956543,-0.00011357867788106547
161400,96.64344024658203,192.7548942565918,-3.6886864483356474,1.5676022e-07,0.0,-0.006189823150634766,-0.0001017658850202885
161600,94.77399444580078,193.22374267578124,-3.6886859238147736,1.4483928e-07,0.0,-0.017403006553649902,-9.000783339176976e-05
161800,95.95677185058594,192.4468246459961,-3.6886801719665527,2.6077032e-07,0.0,5.4001808166503906e-05,-0.00014695403031144138
162000,94.74451446533203,192.9069423675537,-3.6886782228946684,1.0430813e-07,0.0,5.143880844116211e-05,-8.570791793758304e-05
162200,98.97832489013672,192.86856269836426,-3.6886900067329407,2.2649765e-07,0.0,0.010480523109436035,-0.00015830413791757537
162400,95.2681884765625,192.759867477417,-3.6886762917041778,1.3530254e-07,0.0,-0.009640216827392578,-9.451894476342204e-05
162600,93.93639373779297,192.64068984985352,-3.6886770248413088,1.4752149e-07,0.0,0.000398099422454834,-0.00012131822159666683
162800,99.37309265136719,192.7242687225342,-3.6886805832386016,1.2904405e-07,0.0,-0.011208176612854004,-0.0001153029644925141
163000,94.9170150756836,192.7151294708252,-3.688688427209854,2.0891429e-07,0.0,-0.0046465396881103516,-0.00014240202347011178
163200,96.15721893310547,192.26853637695314,-3.6886929333209992,1.0371208e-07,0.0,0.00028765201568603516,-8.036728230393919e-05
163400,102.25430297851562,192.57919731140137,-3.6886869966983795,1.7374754e-07,0.0,0.0058206915855407715,-0.00012626956296557523
163600,101.12981414794922,192.68077354431153,-3.688685041666031,1.2725592e-07,0.0,-0.013070821762084961,-9.751250568328374e-05
163800,96.77978515625,192.5615707397461,-3.6886927843093873,1.9162893e-07,0.0,-0.005848407745361328,-0.000126941590259122
164000,95.52191162109375,192.51717071533204,-3.688684010505676,1.0550022e-07,0.0,-0.0025310516357421875,-0.00010205419423403583
164200,92.2476806640625,192.43984260559083,-3.6886881411075594,1.3709068e-07,0.0,-0.015565276145935059,-0.00010785496964800245
164400,39.874855041503906,75.7824857711792,-3.688797080516815,1.8835067e-07,0.0,-0.14874446392059326,-0.00014033995305275936
164600,49.774024963378906,102.35846462249756,-3.688735914230347,2.0444392e-07,0.0,-0.03337657451629639,-0.0001543073658190508
164800,47.87263870239258,97.37009983062744,-3.688691812753677,2.5063753e-07,0.0,-0.006879210472106934,-0.0001553301667044593
165000,42.172935485839844,84.66527423858642,-3.68868128657341,3.257394e-07,0.0,-0.013969779014587402,-0.00016991107033508256
165200,37.54270935058594,81.99087352752686,-3.6886863052845,2.8789043e-07,0.0,0.0014210343360900879,-0.0001569251433615193
165400,41.32940673828125,88.7530870437622,-3.6886767506599427,4.261732e-07,0.0,-0.011011123657226562,-0.00020584870867992321
165600,46.794925689697266,90.49906005859376,-3.6886857628822325,3.314018e-07,0.0,-0.005215644836425781,-0.0001883429892558297
165800,40.779579162597656,86.47594013214112,-3.68869264125824,2.1517278e-07,0.0,-0.0032835006713867188,-0.00014845767580027314
166000,41.14414978027344,81.59562835693359,-3.688678580522537,4.7177076e-07,0.0,0.020511150360107422,-0.000199748241563924
166200,46.63047790527344,92.84030227661133,-3.688673621416092,2.0086765e-07,0.0,-0.0054901838302612305,-0.00012364713830521624
166400,41.90699005126953,81.091068649292,-3.6886754989624024,2.3275614e-07,0.0,-0.004021406173706055,-0.0001320811958450463
166600,41.11294937133789,89.48526134490967,-3.6886896431446075,1.8507242e-07,0.0,-0.013036370277404785,-0.00013395285571125016
166800,52.70945739746094,104.9775489807129,-3.688674879074097,3.0696393e-07,0.0,-0.006499767303466797,-0.00016701999179602467
167000,46.225502014160156,95.00951290130615,-3.68868710398674,2.2292137e-07,0.0,-0.01836693286895752,-0.00013246762007419478
167200,42.763797760009766,81.70653991699218,-3.688678044080734,3.963709e-07,0.0,-0.013346672058105469,-0.00017777444486872797
167400,42.35136795043945,89.98173313140869,-3.6886699378490446,2.82228e-07,0.0,-0.014663934707641602,-0.0001421861361301069
167600,48.9664192199707,100.57643928527833,-3.6886731147766114,1.5199184e-07,0.0,0.009283185005187988,-0.00011458957301755391
167800,45.20253372192383,94.13149833679199,-3.6886763632297517,2.2739172e-07,0.0,-0.006983518600463867,-0.00012720561017403041
168000,44.887630462646484,91.59324436187744,-3.6886749446392058,2.2768974e-07,0.0,-0.0016589164733886719,-0.0001240697205222574
168200,40.28622055053711,82.79092864990234,-3.6886812925338743,1.8566847e-07,0.0,-0.004433631896972656,-0.00011437293897049727
168400,55.0858154296875,101.70305805206299,-3.6886784076690673,1.9043685e-07,0.0,-0.008717179298400879,-0.00012447313215488976
168600,39.420433044433594,80.86329975128174,-3.688676279783249,3.2782555e-07,0.0,-0.02057063579559326,-0.00019252779258991382
168800,35.067909240722656,74.36902294158935,-3.6886739075183868,2.771616e-07,0.0,-0.0017834901809692383,-0.00017193518599682988
169000,44.982574462890625,87.35554332733155,-3.6886719107627868,2.3484229e-07,0.0,-0.013464689254760742,-0.00014234308162919262
169200,44.46277618408203,89.67293529510498,-3.688654863834381,2.425909e-07,0.0,-0.009015440940856934,-0.00014610759967688126
169400,37.67441177368164,80.4744083404541,-3.6886684596538544,3.018975e-07,0.0,-0.010376811027526855,-0.00016263915629899373
169600,41.31943130493164,85.80111713409424,-3.688660967350006,2.670288e-07,0.0,-0.007144808769226074,-0.0001657192101305327
169800,40.480247497558594,78.85290832519532,-3.6886438608169554,1.8626451e-07,0.0,-0.00024008750915527344,-0.00011030490654544423
170000,37.257625579833984,79.50923595428466,-3.688658744096756,2.5361777e-07,0.0,-0.005257964134216309,-0.00015113552572256772
170200,50.58075714111328,106.77050952911377,-3.6886798679828643,1.8298626e-07,0.0,-0.013834953308105469,-0.00011925515540696096
170400,43.878639221191406,85.2369598388672,-3.6886655688285828,2.2143126e-07,0.0,-0.006783127784729004,-0.00014253389855767296
170600,46.57377243041992,93.59516429901123,-3.6886670887470245,1.9311905e-07,0.0,0.0002968907356262207,-0.00012813708216938836
170800,51.15945816040039,102.32174129486084,-3.6886692881584167,1.9907952e-07,0.0,-0.0013213157653808594,-0.00013061520856115228
171000,40.544857025146484,84.9949613571167,-3.6886773705482483,2.2798775e-07,0.0,0.010149061679840088,-0.00014262905789692583
171200,45.54795837402344,89.90819873809815,-3.688668406009674,2.744794e-07,0.0,-0.021912693977355957,-0.00016982073344422587
171400,48.0419807434082,93.58189220428467,-3.6886691629886625,2.1576881e-07,0.0,-0.01064455509185791,-0.00013228701104317508
171600,43.17603302001953,90.24767112731934,-3.6886748731136323,1.719594e-07,0.0,0.0051386356353759766,-0.0001232012662228499
171800,41.21706008911133,89.18420104980468,-3.688663637638092,1.5497207e-07,0.0,-0.009848475456237793,-0.00012444786715946066
172000,45.0450325012207,90.95046806335449,-3.688665920495987,2.068281e-07,0.0,-0.0028635263442993164,-0.00013038393759607915
172200,44.192386627197266,89.104168510437,-3.6886692702770234,1.4990569e-07,0.0,0.004498660564422607,-0.00010334634743074389
172400,45.993167877197266,95.69969806671142,-3.688664084672928,7.599593e-08,0.0,-0.014964699745178223,-7.417568571668198e-05
172600,43.212764739990234,90.27706336975098,-3.6886590003967283,1.8149615e-07,0.0,0.0030219554901123047,-0.00013375233377601602
172800,37.1771354675293,77.58612823486328,-3.6886696934700014,2.220273e-07,0.0,-0.012111783027648926,-0.00014769803766156997
173000,39.52239990234375,78.88395652770996,-3.6886658310890197,1.5407801e-07,0.0,0.004254698753356934,-0.00012146797796885878
173200,47.16634750366211,94.36021881103515,-3.688664507865906,1.9878149e-07,0.0,-0.008343219757080078,-0.00012360960321053938
173400,44.80644989013672,94.2545991897583,-3.6886739313602446,1.591444e-07,0.0,-0.0006736516952514648,-0.00012805630160066527
173600,44.414466857910156,90.16144962310791,-3.6886699736118316,1.7076731e-07,0.0,-0.005984902381896973,-0.00011663581298866354
173800,33.91949462890625,69.90860195159912,-3.6886688113212585,4.1037796e-07,0.0,-0.024525046348571777,-0.00019677412617618016
174000,40.7871208190918,80.22697277069092,-3.688664573431015,2.2947788e-07,0.0,-0.0013507604598999023,-0.000125911891451036
174200,45.71015167236328,96.593794631958,-3.688670653104782,2.0176171e-07,0.0,-0.010190367698669434,-0.00013338705007361895
174400,42.240966796875,82.85684185028076,-3.6886628448963164,1.5586615e-07,0.0,0.002397000789642334,-0.00010796395742520559
174600,39.38639450073242,76.07199802398682,-3.6886622846126556,2.95043e-07,0.0,0.0010576844215393066,-0.00019419882513993514
174800,40.16632080078125,75.27678241729737,-3.6886640012264253,2.2262336e-07,0.0,-0.013910055160522461,-0.00014477590544998976
175000,41.94519805908203,84.58511962890626,-3.6886566817760467,1.5705825e-07,0.0,-0.023693203926086426,-0.00010863450960023613
175200,39.72625732421875,85.68025970458984,-3.6886676013469697,1.6510486e-07,0.0,-0.001363515853881836,-0.0001163762018709491
175400,42.266502380371094,80.5334300994873,-3.6886635541915895,1.6897917e-07,0.0,-0.01755344867706299,-0.0001070923957536607
175600,44.20436477661133,90.46157054901123,-3.6886594533920287,1.7553567e-07,0.0,-0.010882854461669922,-0.00011850252017566731
175800,44.18658447265625,87.71723442077636,-3.6886689603328704,1.4722347e-07,0.0,-0.014469146728515625,-0.00011180408309527934
176000,33.592979431152344,70.35933771133423,-3.688660228252411,2.324581e-07,0.0,-0.016196727752685547,-0.0001370656043527374
176200,39.15920639038086,79.23157806396485,-3.6886507332324983,1.335144e-07,0.0,-0.005550384521484375,-8.551555894058538e-05
176400,36.426265716552734,77.5304666519165,-3.6886482000350953,2.4646522e-07,0.0,-0.014797568321228027,-0.00016314722438579566
176600,36.2724723815918,89.35891590118408,-3.6886541306972505,1.2278556e-07,0.0,-0.008630633354187012,-9.927241529119612e-05
176800,46.46139907836914,90.28256378173828,-3.688656723499298,1.4603138e-07,0.0,-0.01193702220916748,-0.00010269360288754914
177000,49.17633819580078,102.0558578491211,-3.6886499106884,2.0921229e-07,0.0,-0.0005611181259155273,-0.00012256361432498862
177200,48.76129913330078,102.05303802490235,-3.6886452555656435,1.14738945e-07,0.0,0.0069620609283447266,-9.050015345515305e-05
177400,46.35975646972656,92.70591793060302,-3.6886603116989134,1.3500451e-07,0.0,0.003480672836303711,-0.00011286468807298888
177600,42.220252990722656,85.19184265136718,-3.6886412262916566,1.4960766e-07,0.0,-0.006102204322814941,-9.717251323948517e-05
177800,46.905609130859375,98.6443338394165,-3.688650280237198,1.5884638e-07,0.0,-0.011752605438232422,-0.00011267278717941309
178000,36.32571792602539,71.85393981933593,-3.6886715471744536,1.6272068e-07,0.0,0.005589663982391357,-0.00012932485352799006
178200,44.06584548950195,82.0005308151245,-3.688639831542969,2.720952e-07,0.0,-0.0022504329681396484,-0.0001665852592410033
178400,40.16415786743164,86.9788408279419,-3.6886469304561613,1.9341708e-07,0.0,0.011575400829315186,-0.000120081788943871
178600,39.10145950317383,75.9899619102478,-3.6886475443840028,1.5169381e-07,0.0,-0.011695504188537598,-0.00011031421571736644
178800,34.567161560058594,69.41261310577393,-3.6886511564254763,1.6599894e-07,0.0,-0.011645674705505371,-0.00012231061632483886
179000,48.12135314941406,93.82367553710938,-3.6886554062366486,1.397729e-07,0.0,-0.014441370964050293,-0.00010187764447096015
179200,46.75117111206055,92.36526832580566,-3.6886570930480955,1.7225742e-07,0.0,-0.006093025207519531,-0.00012282504226348578
179400,43.412864685058594,86.79434070587158,-3.6886538088321688,1.2338161e-07,0.0,-0.008517622947692871,-9.374428487092245e-05
179600,44.90297317504883,90.6470905303955,-3.688656735420227,1.8566847e-07,0.0,-0.012536764144897461,-0.00011285852616964576
179800,57.03251647949219,109.54057102203369,-3.68865630030632,1.9550325e-07,0.0,0.015836238861083984,-0.0001344785172856078
180000,42.43778610229492,87.54399166107177,-3.6886664152145388,1.1980535e-07,0.0,0.0005489587783813477,-0.00010254050783675694
180200,46.643394470214844,95.4817554473877,-3.688653790950775,1.2993813e-07,0.0,-0.00037491321563720703,-9.883527412419823e-05
180400,36.234947204589844,70.89782409667968,-3.6886642634868623,1.7762184e-07,0.0,-0.012779474258422852,-0.00011851145312569145
180600,36.70848846435547,71.62030639648438,-3.688652163743973,2.026558e-07,0.0,0.01006627082824707,-0.00013003441621316502
180800,45.79589080810547,93.40820426940918,-3.6886442065238954,1.3589859e-07,0.0,0.010837078094482422,-9.934760544467735e-05
181000,44.08030700683594,88.6496738433838,-3.6886544287204743,1.5676022e-07,0.0,0.011584103107452393,-0.00010227166158731649
181200,42.086631774902344,82.56107482910156,-3.6886632561683657,2.0563601e-07,0.0,-0.009368896484375,-0.00014722029879159492
181400,45.39083480834961,94.82490901947021,-3.6886627852916716,1.2576581e-07,0.0,-0.0016257762908935547,-0.00010588227178218724
181600,40.956214904785156,83.98985843658447,-3.6886594772338865,1.8447636e-07,0.0,-0.007337689399719238,-0.00011971110098585314
181800,48.460872650146484,99.20959644317627,-3.688672125339508,1.3530254e-07,0.0,0.01234889030456543,-0.00010438017547165224
182000,45.15209197998047,90.52945747375489,-3.688672494888306,1.6987323e-07,0.0,-0.0036696195602416992,-0.00010259988961394128
182200,48.99021530151367,92.03873195648194,-3.6886701226234435,1.07884404e-07,0.0,-0.01661527156829834,-9.292343240971946e-05
182400,51.631324768066406,99.72646789550781,-3.6886608362197877,1.15931044e-07,0.0,-0.005194664001464844,-8.303414235086848e-05
182600,37.278079986572266,75.5536542892456,-3.6886616826057432,1.8835068e-07,0.0,-0.01735210418701172,-0.00011399133444038867
182800,43.46434020996094,85.13227310180665,-3.68866480588913,1.528859e-07,0.0,-0.0013250112533569336,-0.00012465897123656867
183000,41.900718688964844,81.30421600341796,-3.68865624666214,1.1891126e-07,0.0,-0.003016829490661621,-8.660841005649899e-05
183200,48.89863967895508,99.39442119598388,-3.688657194375992,1.0073185e-07,0.0,-0.006100177764892578,-7.88631066344081e-05
183400,46.05103302001953,92.34059791564941,-3.688667196035385,2.6673078e-07,0.0,0.0056923627853393555,-0.00018039514132333067
183600,42.53341293334961,83.04554634094238,-3.6886685132980346,1.8775462e-07,0.0,-0.005029559135437012,-0.00012663906781753553
183800,47.03689193725586,88.08151264190674,-3.688667047023773,2.3633241e-07,0.0,0.00850766897201538,-0.0001491917058134007
184000,39.4057731628418,78.08903007507324,-3.688644641637802,2.0831823e-07,0.0,-0.013438582420349121,-0.00013476137720118685
184200,40.3856086730957,86.81429023742676,-3.6886455535888674,1.5318395e-07,0.0,0.0027193427085876465,-0.00011417462758007701
184400,42.27642059326172,82.65623474121094,-3.688649982213974,2.0027161e-07,0.0,-0.0005120038986206055,-0.0001346255398502194
184600,39.40583038330078,76.54953651428222,-3.6886504113674166,2.3573637e-07,0.0,-0.01312398910522461,-0.00015116264015162527
184800,49.18439865112305,97.68549995422363,-3.6886575520038605,2.2232533e-07,0.0,0.007061362266540527,-0.00014114497629318378
185000,46.29899597167969,95.79935150146484,-3.688644802570343,2.026558e-07,0.0,0.0006395578384399414,-0.0001592928467852417
185200,44.49913787841797,90.1385440826416,-3.688650059700012,1.8626451e-07,0.0,0.00445789098739624,-0.00011988680070018631
185400,42.380367279052734,90.22419872283936,-3.6886446297168733,1.6838312e-07,0.0,-0.0049097537994384766,-0.00012111030586297034
185600,40.575382232666016,76.04638328552247,-3.688649797439575,1.3440847e-07,0.0,0.006121516227722168,-0.00010876445368666055
185800,36.180015563964844,71.3849422454834,-3.6886465787887572,2.9712913e-07,0.0,0.004150509834289551,-0.00017740444789287045
186000,44.98445129394531,82.62197284698486,-3.6886399924755096,1.9401313e-07,0.0,-0.00537872314453125,-0.0001352600204327814
186200,51.85441207885742,101.49332427978516,-3.688649719953537,1.2099743e-07,0.0,-0.0055425167083740234,-8.775979316233418e-05
186400,39.0296516418457,81.0637222290039,-3.688639771938324,1.9103288e-07,0.0,0.0037893056869506836,-0.00013136285504673496
186600,42.448760986328125,86.7865743637085,-3.688649374246597,1.3738871e-07,0.0,-0.0066956281661987305,-0.00011422729531247455
186800,39.419273376464844,79.53711891174316,-3.688644164800644,1.9431114e-07,0.0,-0.011876821517944336,-0.0001281895992363502
187000,43.14994430541992,84.17530727386475,-3.6886433601379394,1.7702578e-07,0.0,-0.0003968477249145508,-0.0001260544815782083
187200,53.600406646728516,101.01437110900879,-3.688647323846817,1.001358e-07,0.0,-0.002055048942565918,-9.525468968369921e-05
187400,49.85478591918945,96.38477535247803,-3.6886385500431063,1.6093254e-07,0.0,-0.00966179370880127,-0.0001362870202147093
187600,32.38640594482422,68.53422718048095,-3.688644587993622,3.248453e-07,0.0,0.005188703536987305,-0.00017829337623709307
187800,59.06659698486328,116.7520299911499,-3.6886391580104827,1.6659499e-07,0.0,0.004780888557434082,-0.00011008125603382269
188000,43.920230865478516,84.07493877410889,-3.6886363565921783,2.2768975e-07,0.0,-0.016092419624328613,-0.0001659523776694982
188200,42.90216064453125,92.4351884841919,-3.688637465238571,1.8417836e-07,0.0,-0.010860443115234375,-0.0001215375619374015
188400,26.196819305419922,55.73575916290283,-3.688637763261795,3.4093856e-07,0.0,-0.01055145263671875,-0.00019105844308313634
188600,44.33314514160156,89.62116451263428,-3.6886395692825316,1.1622906e-07,0.0,0.005020499229431152,-9.50138413891466e-05
188800,37.59775161743164,86.04596290588378,-3.688646101951599,1.2814999e-07,0.0,0.005958080291748047,-0.00010393731281013174
189000,37.039608001708984,76.23129634857177,-3.6886437714099882,1.8805265e-07,0.0,-0.0014145374298095703,-0.00013214129886947036
189200,45.56593704223633,90.89142742156983,-3.688636362552643,1.79708e-07,0.0,-0.006394028663635254,-0.00014273883360402806
189400,39.123931884765625,91.95482749938965,-3.6886453866958617,1.5676021e-07,0.0,9.757280349731445e-05,-0.00012125738026416144
189600,44.0006103515625,88.38183078765869,-3.688637709617615,1.7762184e-07,0.0,-0.010856986045837402,-0.00011987825508299465
189800,50.534420013427734,97.19962635040284,-3.6886429131031035,1.692772e-07,0.0,0.005024909973144531,-0.0001246925149450462
190000,43.76859664916992,82.46551342010498,-3.68864421248436,2.1487473e-07,0.0,-0.0061751604080200195,-0.00014924487461787095
190200,43.23679733276367,87.98161277770996,-3.688636910915375,1.5586615e-07,0.0,-0.0005551576614379883,-0.0001183539177983306
190400,35.45515441894531,72.74641494750976,-3.688633346557617,1.8626451e-07,0.0,0.0010794997215270996,-0.00013600001375397853
190600,40.93343734741211,78.6072301864624,-3.688630241155624,2.2977589e-07,0.0,-0.005383729934692383,-0.00016401804885948223
190800,34.17195129394531,70.5192039489746,-3.688621371984482,2.3841858e-07,0.0,0.00025093555450439453,-0.00014412678726412055
191000,40.460575103759766,84.09144687652588,-3.6886369585990906,1.7166138e-07,0.0,-0.006082415580749512,-0.00010738328173607315
191200,31.522499084472656,68.0231167793274,-3.6886249005794527,2.8967858e-07,0.0,-0.000270843505859375,-0.00019104498536570702
191400,39.753196716308594,83.62884063720703,-3.688628524541855,1.7970801e-07,0.0,0.002636432647705078,-0.00011816562713278245
191600,35.105743408203125,65.74367609024048,-3.688624209165573,2.4199485e-07,0.0,-0.012801289558410645,-0.00014438553936102494
191800,50.00857162475586,94.35700511932373,-3.688641184568405,8.195639e-08,0.0,0.003788471221923828,-7.842184568147559e-05
192000,38.65361404418945,71.69645757675171,-3.688640660047531,1.2427569e-07,0.0,0.0027247071266174316,-0.00010707908825464685
192200,34.45872497558594,71.22538766860961,-3.68863525390625,2.4944543e-07,0.0,-0.00388944149017334,-0.00014689636199776145
192400,45.911251068115234,89.12244777679443,-3.688642513751984,2.8520822e-07,0.0,-0.010987043380737305,-0.00018129280283805116
192600,41.655094146728516,86.05191764831542,-3.6886176228523255,1.552701e-07,0.0,-0.005306124687194824,-9.699530924844879e-05
192800,43.74409484863281,89.63420734405517,-3.6886297285556795,2.1755696e-07,0.0,-0.00024640560150146484,-0.00015395754635676439
193000,37.031898498535156,77.44711780548096,-3.6886238038539885,1.603365e-07,0.0,-0.0024617910385131836,-0.00011323122748621017
193200,42.1943359375,84.31203498840333,-3.6886311173439026,1.7344951e-07,0.0,-0.0010493993759155273,-0.00012802966056393305
193400,47.5192756652832,96.01998958587646,-3.688626933097839,1.05202204e-07,0.0,-0.004205107688903809,-7.683569121041955e-05
193600,43.26732635498047,82.16323814392089,-3.6886375665664675,1.4811754e-07,0.0,-0.0028600692749023438,-0.00011511886097288482
193800,33.45392608642578,69.888991355896,-3.6886288702487944,2.2828578e-07,0.0,-0.00989079475402832,-0.0001403697212086996
194000,36.85777282714844,73.95247879028321,-3.688624858856201,2.1964311e-07,0.0,-0.011480927467346191,-0.00013374558067162922
194200,47.23362731933594,94.42670822143555,-3.6886328935623167,1.9103288e-07,0.0,-0.0038902759552001953,-0.0001245012056722672
194400,30.55303955078125,64.54164066314698,-3.688622570037842,3.5315753e-07,0.0,-0.005314826965332031,-0.00019420380885684096
194600,37.74407958984375,77.75531311035157,-3.688625705242157,2.0980835e-07,0.0,-0.011011123657226562,-0.00013748843566041558
194800,44.907447814941406,88.01557884216308,-3.6886287689208985,9.8943715e-08,0.0,0.0067482590675354,-8.315192182646313e-05
195000,40.178409576416016,84.11791648864747,-3.6886311173439026,1.373887e-07,0.0,0.0007206201553344727,-0.0001034140068060907
195200,39.283447265625,74.69106159210205,-3.68862846493721,2.026558e-07,0.0,-0.0033653974533081055,-0.0001502226482003266
195400,42.923091888427734,84.51059379577637,-3.6886299669742586,2.5570392e-07,0.0,-0.0018416643142700195,-0.00017042380545220225
195600,42.735374450683594,89.13057842254639,-3.6886198461055755,1.4543534e-07,0.0,-0.007166028022766113,-0.00011315170771943883
195800,39.090110778808594,82.50767402648925,-3.6886165499687196,1.7732381e-07,0.0,0.006720542907714844,-0.00012732790394305306
196000,44.296756744384766,91.80395965576172,-3.68863131403923,2.0593404e-07,0.0,-0.0009334087371826172,-0.00014246585819925882
196200,41.302486419677734,85.81031513214111,-3.6886212110519407,1.5616416e-07,0.0,-0.00830388069152832,-0.00011179925457049933
196400,37.64238357543945,77.86689586639405,-3.6886231005191803,1.15633014e-07,0.0,-0.002561211585998535,-9.362696152255267e-05
196600,40.57844161987305,84.75966949462891,-3.688617914915085,1.9550325e-07,0.0,-0.005021095275878906,-0.0001294376588152346
196800,43.07469940185547,88.97204513549805,-3.6886179029941557,2.041459e-07,0.0,-0.00023567676544189453,-0.00011734442466320161
197000,47.60948944091797,93.25217189788819,-3.6886060178279876,1.0997057e-07,0.0,0.0039408206939697266,-9.822181265645158e-05
197200,42.30997848510742,88.47250556945801,-3.6886202931404113,1.9013882e-07,0.0,0.0003884434700012207,-0.00013878839531642485
197400,32.97528076171875,67.15176515579223,-3.6886169970035554,1.245737e-07,0.0,0.0037935972213745117,-9.344927129717462e-05
197600,46.80439758300781,91.24124965667724,-3.688615304231644,2.2798777e-07,0.0,-0.002651214599609375,-0.00013879799141047755
197800,45.37062072753906,93.3553565979004,-3.6886053562164305,9.357929e-08,0.0,0.01161336898803711,-8.149825361343232e-05
198000,41.02799987792969,86.49302024841309,-3.6886153340339662,1.9878149e-07,0.0,-0.009504437446594238,-0.00014497435550495653
198200,46.11424255371094,96.90429172515869,-3.688610792160034,1.4662743e-07,0.0,-0.0026553869247436523,-0.00011680054755771607
198400,40.23576354980469,77.43979358673096,-3.688607656955719,2.464652e-07,0.0,0.0018759369850158691,-0.00016725985673957667
198600,39.20347213745117,78.07319278717041,-3.688613259792328,2.7239324e-07,0.0,-0.006305336952209473,-0.00017705557182026154
198800,41.77607727050781,84.73234767913819,-3.688619077205658,1.4454126e-07,0.0,-0.0042684078216552734,-0.00010897660972020162
199000,42.00719451904297,91.74880161285401,-3.688620835542679,1.4930963e-07,0.0,0.002581357955932617,-0.00011320608773459639
199200,37.43751525878906,73.14370098114014,-3.688616693019867,1.3947486e-07,0.0,-0.0038682222366333008,-0.00010762210291694884
199400,41.86680221557617,89.27912502288818,-3.6886161267757416,2.1338462e-07,0.0,-0.0021648406982421875,-0.00014102128082065234
199600,50.41929626464844,102.18344612121582,-3.6886174976825714,1.1056662e-07,0.0,-0.002051115036010742,-9.617563356414393e-05
199800,49.10099411010742,104.30770378112793,-3.688626933097839,1.129508e-07,0.0,-0.0028096437454223633,-0.0001055268936177356
200000,41.471439361572266,78.64865589141846,-3.688626915216446,1.5348196e-07,0.0,0.008546948432922363,-0.00011398044293287057
