timestep,loss,value_loss,entropy_loss,approx_kl,clip_fraction,explained_variance,policy_gradient_loss
200,,,,,,,
400,0.15479646623134613,0.29746293984353545,-3.6888739287853243,3.069639e-07,0.0,-12.525036811828613,-0.00026494179598195443
600,0.1387280821800232,0.3153037466108799,-3.688872069120407,2.4914743e-07,0.0,-13.486063957214355,-0.00016338510670993456
800,0.15117719769477844,0.3227924071252346,-3.6888709902763366,2.95341e-07,0.0,-24.03757095336914,-0.00017807000885750046
1000,0.15892286598682404,0.3027792200446129,-3.688870495557785,5.379319e-07,0.0,-18.903284072875977,-0.00023972797488363006
1200,0.13679051399230957,0.2892756123095751,-3.6888696610927583,3.0189753e-07,0.0,-22.554241180419922,-0.0001686523107441218
1400,0.12207169830799103,0.2588704865425825,-3.6888691604137422,4.145503e-07,0.0,-19.485084533691406,-0.0001957909157184745
1600,0.1276405155658722,0.2553669735789299,-3.6888683438301086,4.7773125e-07,0.0,-18.98468589782715,-0.0002629973755656545
1800,0.09702901542186737,0.24166560918092728,-3.6888671815395355,4.4614075e-07,0.0,-28.281841278076172,-0.0002000056207178913
2000,0.11772564053535461,0.24426902346313,-3.6888663530349732,4.6938658e-07,0.0,-21.5139102935791,-0.00020660729573888093
2200,0.09221984446048737,0.2219258051365614,-3.6888662695884706,4.6223403e-07,0.0,-21.524187088012695,-0.00021920016336927084
2400,0.09293508529663086,0.1951035473495722,-3.688865101337433,4.5120714e-07,0.0,-60.259273529052734,-0.00020811989831327483
2600,0.09825834631919861,0.18372167684137822,-3.6888639986515046,4.9263235e-07,0.0,-13.968697547912598,-0.00022768981687661948
2800,0.0858636125922203,0.18322294689714907,-3.6888621270656587,5.8859587e-07,0.0,-19.531755447387695,-0.0002830887435288698
3000,0.08424978703260422,0.1692535039037466,-3.68886114358902,5.051494e-07,0.0,-113.64663696289062,-0.00021845689391863932
3200,0.07411748915910721,0.15439897254109383,-3.6888599038124084,5.623698e-07,0.0,-19.388874053955078,-0.00023481697057012863
3400,0.06256989389657974,0.13868314754217864,-3.6888588845729826,4.503131e-07,0.0,-25.518659591674805,-0.00021517677486395658
3600,0.0651739090681076,0.13019500579684973,-3.688858377933502,5.7041643e-07,0.0,-28.418914794921875,-0.0002582903055886376
3800,0.05608759820461273,0.12583860103040934,-3.6888556241989137,6.0200693e-07,0.0,-15.069847106933594,-0.00023429570065081062
4000,0.06356247514486313,0.1231555238366127,-3.6888556480407715,3.7670137e-07,0.0,-14.390582084655762,-0.00020000865953557768
4200,0.04867306724190712,0.11213170569390059,-3.68885715007782,5.543232e-07,0.0,-25.782217025756836,-0.0002460052968806414
4400,0.04219460487365723,0.09472005143761635,-3.6888565003871916,5.4627657e-07,0.0,-27.976768493652344,-0.0002564522526220969
4600,0.05390389263629913,0.08949305173009633,-3.68885623216629,8.428097e-07,0.0,-12.659501075744629,-0.00027790784856973616
4800,0.03901964798569679,0.08319082520902157,-3.6888538241386413,4.2915346e-07,0.0,-10.589105606079102,-0.0002025269636290017
5000,0.036000192165374756,0.08233063388615847,-3.6888524651527406,1.1005998e-06,0.0,-10.678633689880371,-0.00033162212344040043
5200,0.0341498889029026,0.07222014917060733,-3.688851922750473,5.2809713e-07,0.0,-10.293088912963867,-0.00020480121511991521
5400,0.0307882409542799,0.06573572242632508,-3.6888514339923857,6.0975555e-07,0.0,-9.790136337280273,-0.00024063213254248427
5600,0.029126405715942383,0.05988580016419291,-3.6888500452041626,4.6432018e-07,0.0,-33.9206657409668,-0.00020160386006353725
5800,0.022560538724064827,0.056013496685773136,-3.6888499438762663,6.80983e-07,0.0,-13.079504013061523,-0.0002856228368248059
6000,0.020073017105460167,0.051374701876193286,-3.688847243785858,7.045269e-07,0.0,-10.250590324401855,-0.0002952258578523104
6200,0.015642544254660606,0.04327047541737557,-3.688844567537308,5.480647e-07,0.0,-7.954550743103027,-0.00022450481577340753
6400,0.019939830526709557,0.04124719491228461,-3.688843220472336,7.152557e-07,0.0,-14.297602653503418,-0.00025455711862072407
6600,0.015680605545639992,0.03453564108349383,-3.6888410985469817,1.0874867e-06,0.0,-9.871272087097168,-0.0003694005913325693
6800,0.0143977589905262,0.030967116868123413,-3.6888409197330474,9.062886e-07,0.0,-8.756854057312012,-0.00027930209171324604
7000,0.012506610713899136,0.026489745313301682,-3.6888406038284303,1.3715028e-06,0.0,-23.096031188964844,-0.00033903977211888756
7200,0.01191924698650837,0.02422992982901633,-3.6888413965702056,7.4237585e-07,0.0,-42.393798828125,-0.000255947239820431
7400,0.00889619905501604,0.019646900799125434,-3.688840556144714,8.1002713e-07,0.0,-10.649320602416992,-0.0002902941369684386
7600,0.007455333136022091,0.01833145141135901,-3.6888372182846068,1.001954e-06,0.0,-17.10852813720703,-0.0003235522536239266
7800,0.0072807371616363525,0.016134770470671356,-3.688838016986847,7.799268e-07,0.0,-14.365620613098145,-0.0002669186585480876
8000,0.006371436640620232,0.013924555736593902,-3.6888350903987885,6.80387e-07,0.0,-9.889843940734863,-0.00025522606154266826
8200,0.004039864055812359,0.011556402780115604,-3.688833475112915,8.136034e-07,0.0,-10.925812721252441,-0.00030542552330019567
8400,0.003049406222999096,0.008999286207836122,-3.688833254575729,6.583333e-07,0.0,-27.18206214904785,-0.00028363664304653646
8600,0.0028489548712968826,0.008194933691993356,-3.6888328373432158,6.0617924e-07,0.0,-14.391539573669434,-0.00024079994772557844
8800,0.0026425858959555626,0.007093275769148022,-3.688833975791931,7.641315e-07,0.0,-16.688262939453125,-0.0003093375220034833
9000,0.0021612532436847687,0.005771260452456772,-3.688827174901962,7.1614977e-07,0.0,-10.846491813659668,-0.0002515313643615347
9200,0.0014843335375189781,0.0048756868462078275,-3.6888247430324554,5.7727095e-07,0.0,-12.872228622436523,-0.0002362756454527215
9400,0.0011222581379115582,0.0036433660017792134,-3.688826560974121,6.02603e-07,0.0,-13.251358985900879,-0.0002611879889084179
9600,0.0007158970693126321,0.0032315496529918162,-3.688824939727783,6.869435e-07,0.0,-9.914859771728516,-0.0002624184265838547
9800,0.0003409265191294253,0.002585331880254671,-3.6888240575790405,7.456541e-07,0.0,-14.469388008117676,-0.00029238781417531003
10000,-0.0002033432829193771,0.0020318507711635904,-3.688821107149124,8.1986184e-07,0.0,-12.180821418762207,-0.00034405206061491886
10200,0.00028357651899568737,0.0017263227258808912,-3.688814175128937,7.131695e-07,0.0,-11.585404396057129,-0.00024595457522393895
10400,-0.0001846381346695125,0.0013064012018730864,-3.6888161957263947,7.495284e-07,0.0,-9.433082580566406,-0.0002585481695934977
10600,-0.00021664996165782213,0.0011013356212060898,-3.688813644647598,6.1601406e-07,0.0,-11.723455429077148,-0.0002721676852105448
10800,-2.8428883524611592e-05,0.001035735831828788,-3.688815176486969,3.862381e-07,0.0,-11.067997932434082,-0.00019704095964391267
11000,-0.00022880188771523535,0.0007656218906049617,-3.6888143360614776,5.826354e-07,0.0,-12.812928199768066,-0.0002606579511367002
11200,-0.00044699327554553747,0.0006514946580864489,-3.6888163149356843,7.224083e-07,0.0,-8.310979843139648,-0.00029051233995089907
11400,-0.0005815979675389826,0.00046163152510416696,-3.688814216852188,5.829334e-07,0.0,-8.12850570678711,-0.0002444190222810061
11600,-0.00032116484362632036,0.000400687733781524,-3.6888103544712068,6.633997e-07,0.0,-6.70250129699707,-0.00025535625289103693
11800,-0.00048604700714349747,0.00030009891961526593,-3.6888112306594847,5.1647424e-07,0.0,-11.39411449432373,-0.00023456329199382785
12000,-0.0006368778413161635,0.00025764830279513263,-3.688810181617737,5.483627e-07,0.0,-3.042888641357422,-0.00022933661990964804
12200,-0.000307991576846689,0.00020753568496729714,-3.6888104498386385,4.0113926e-07,0.0,-7.1345624923706055,-0.00019429686757501674
12400,-0.00029015453765168786,0.00019401136523811147,-3.6888117671012877,4.1216612e-07,0.0,-3.4062461853027344,-0.00021904267288643808
12600,-0.0007013117428869009,0.00012747021137329284,-3.6888099014759064,8.881092e-07,0.0,-2.2344064712524414,-0.00024260467243186756
12800,-0.0003976408042944968,0.00013005530527152587,-3.6888124644756317,4.2647122e-07,0.0,-4.916337966918945,-0.00018908255247629402
13000,-0.00039140877197496593,0.00010430508682475192,-3.6888107001781463,5.251169e-07,0.0,-3.524501323699951,-0.00021787983135561627
13200,-0.0006594063015654683,0.0001062754463418969,-3.688811832666397,6.54757e-07,0.0,-2.131812334060669,-0.0002639709399587131
13400,-0.00032382059725932777,0.00011770547716878354,-3.6888152599334716,4.479289e-07,0.0,-9.906606674194336,-0.0001943809240814609
13600,-0.0002773129381239414,9.264848631573841e-05,-3.6888135433197022,2.9712913e-07,0.0,-3.26632022857666,-0.00014423374751162398
13800,-0.0003301246324554086,4.989949038645136e-05,-3.688808077573776,3.9547683e-07,0.0,-1.7610588073730469,-0.00018051638484211096
14000,-0.00045226910151541233,6.955186308914563e-05,-3.688809472322464,4.932284e-07,0.0,-1.780421257019043,-0.0002112137063584374
14200,-0.00038729869993403554,7.355547350016423e-05,-3.688809555768967,5.2154064e-07,0.0,-1.2022407054901123,-0.00019771847708784928
14400,-0.0004258780973032117,7.712907281529625e-05,-3.6888100445270537,4.0352347e-07,0.0,-1.6534712314605713,-0.00019592304457910492
14600,-0.0003823097504209727,9.530683491902892e-05,-3.6888106524944306,5.409122e-07,0.0,-1.1420657634735107,-0.00020794712818604787
14800,-0.0004983082762919366,0.0001001185471068311,-3.688808709383011,4.795194e-07,0.0,-1.4199392795562744,-0.00020578367285395416
15000,-0.00039622269105166197,8.108435013127746e-05,-3.688806414604187,4.670024e-07,0.0,-1.6240620613098145,-0.00021803668912843133
15200,-0.0005104360170662403,7.056941103655845e-05,-3.6888041377067564,4.5478345e-07,0.0,-1.599626064300537,-0.000198608816685919
15400,-0.00039448021561838686,9.012668288050918e-05,-3.6888053715229034,5.888939e-07,0.0,-1.121830940246582,-0.0002172179520844031
15600,-0.0003469751973170787,8.29153314953146e-05,-3.6888063192367553,4.3600798e-07,0.0,-2.1051456928253174,-0.00018274231219175263
15800,-0.0005753104924224317,9.145740941676194e-05,-3.688803607225418,4.2796134e-07,0.0,-0.6030503511428833,-0.00020025229285465241
16000,-0.0002284941147081554,6.864363722343114e-05,-3.6888003051280975,2.4706125e-07,0.0,-2.267909049987793,-0.0001397423185070412
16200,-0.0003611099091358483,7.189847710833419e-05,-3.6888001680374147,3.4928323e-07,0.0,-2.075140953063965,-0.00018467014484349064
16400,-0.0006288576405495405,9.331492419732968e-05,-3.688794791698456,6.201863e-07,0.0,-1.0044810771942139,-0.0002571563200288063
16600,-0.0004399966273922473,6.0688382018270207e-05,-3.6887957870960237,4.780293e-07,0.0,-1.6340298652648926,-0.00016540408014931174
16800,-0.00035243830643594265,7.642235350431292e-05,-3.6887983679771423,4.2110682e-07,0.0,-1.3295657634735107,-0.00016632530582092465
17000,-0.000318242353387177,6.44240424662712e-05,-3.688795840740204,4.2378903e-07,0.0,-3.259894847869873,-0.00018843069750484887
17200,-0.0006661382503807545,5.873521904504741e-05,-3.688795268535614,5.552173e-07,0.0,-1.183429479598999,-0.00022891061952760028
17400,-0.0004881584900431335,7.54355914068583e-05,-3.6887962996959685,4.3034555e-07,0.0,-1.7389483451843262,-0.0001735920151626935
17600,-0.0005437642685137689,5.027075026191597e-05,-3.688796544075012,4.4196844e-07,0.0,-1.4308698177337646,-0.00021584065161688314
17800,-0.00040479781455360353,5.9524737753235965e-05,-3.6887970089912416,3.862381e-07,0.0,-2.571241855621338,-0.00018638262515673353
18000,-0.0003534704155754298,6.840093919890933e-05,-3.688796454668045,4.3958426e-07,0.0,-0.22922122478485107,-0.00018906521797725783
18200,-0.00038956067874096334,6.827473316661781e-05,-3.6887967228889464,5.2005055e-07,0.0,-1.4112181663513184,-0.0002213159877881621
18400,-0.0004350121016614139,5.9838742345164064e-05,-3.6887971639633177,4.824996e-07,0.0,-0.6949031352996826,-0.00018419515289840315
18600,-0.00041086558485403657,6.470253356383182e-05,-3.688799649477005,3.6627054e-07,0.0,-1.8433637619018555,-0.0001795037505177177
18800,-0.00028828211361542344,7.966916637087706e-05,-3.6887991607189177,4.872679e-07,0.0,-1.2416739463806152,-0.00021264580665207865
19000,-0.00047905565588735044,6.021628450980643e-05,-3.688796502351761,3.397465e-07,0.0,-0.9161727428436279,-0.00017178282108236685
19200,-0.0004818041925318539,6.432702748497832e-05,-3.6887945950031282,3.820658e-07,0.0,-1.3124618530273438,-0.00019548304339571664
19400,-0.0006456865812651813,6.350970843413962e-05,-3.688793867826462,6.0290097e-07,0.0,-0.851508617401123,-0.00024120727166832
19600,-0.0003194345918018371,6.331516178761376e-05,-3.6887941122055055,3.951788e-07,0.0,-1.4564588069915771,-0.00019757613510182904
19800,-0.0005270616966299713,6.75700537613011e-05,-3.6887910187244417,4.261732e-07,0.0,-0.9552884101867676,-0.00018120649368258412
20000,-0.0002746862592175603,6.787121028537513e-05,-3.6887916028499603,3.9309265e-07,0.0,-1.2404794692993164,-0.00018825180077044478
20200,-0.00033163701300509274,5.798394777229987e-05,-3.6887942612171174,2.4914743e-07,0.0,-1.6269903182983398,-0.00014076303037827698
20400,-0.00039862311678007245,5.398707653512247e-05,-3.6887903690338133,5.5491927e-07,0.0,-1.1531124114990234,-0.00022963641602586905
20600,-0.00037848122883588076,7.18319793122646e-05,-3.6887913644313812,2.4527313e-07,0.0,-1.516249418258667,-0.00011273352845955208
20800,-0.0005287140375003219,3.961831785090908e-05,-3.6887894749641417,8.6516144e-07,0.0,-0.7389172315597534,-0.0002867493634988616
21000,-0.0005200018058530986,4.888738690169703e-05,-3.6887870132923126,5.2422286e-07,0.0,-2.0738227367401123,-0.00023651779324336265
21200,-0.0002839629305526614,5.564697548834374e-05,-3.6887861371040342,4.3779613e-07,0.0,-1.9314873218536377,-0.00018428165459022372
21400,-0.00046119795297272503,6.274366896832361e-05,-3.6887811362743377,2.8461216e-07,0.0,-1.6966867446899414,-0.00014026424299462548
21600,-0.00031355617102235556,6.776299769626349e-05,-3.688781851530075,4.5925378e-07,0.0,-0.8435521125793457,-0.0001998906874136952
21800,-0.000468129146611318,7.485368651032332e-05,-3.6887844026088716,4.1693448e-07,0.0,-1.8569159507751465,-0.00020134968995386693
22000,-0.0003885123005602509,6.845128773420583e-05,-3.688781589269638,4.3958426e-07,0.0,-0.2492901086807251,-0.00018582808795075678
22200,-0.00039047555765137076,6.828903688074205e-05,-3.6887818813323974,4.9471856e-07,0.0,-2.130847692489624,-0.00021113474889489225
22400,-0.0004586217110045254,3.612884765971103e-05,-3.6887781262397765,4.348159e-07,0.0,-0.7670836448669434,-0.00019477421686837638
22600,-0.0004612689954228699,5.317368622854701e-05,-3.6887737214565277,5.00381e-07,0.0,-0.2885979413986206,-0.00022994694891353973
22800,-0.00038689415669068694,4.827557149837958e-05,-3.688773959875107,4.6044588e-07,0.0,-1.7523632049560547,-0.00020453719786461821
23000,-0.0006041817832738161,6.673137004327145e-05,-3.6887709319591524,5.7309865e-07,0.0,-0.6172587871551514,-0.00021869699725778345
23200,-0.0004672525392379612,6.028947555023478e-05,-3.688772255182266,3.2693148e-07,0.0,-1.6022069454193115,-0.00014800706442779087
23400,-0.0005949477199465036,3.9429283106073854e-05,-3.688766545057297,3.9726498e-07,0.0,-0.7935035228729248,-0.000188091323173456
23600,-0.0004276933614164591,5.129140090502915e-05,-3.688770425319672,3.5882e-07,0.0,-1.0124003887176514,-0.00017435976762703032
23800,-0.0004010571865364909,4.7685841491329486e-05,-3.68876935839653,3.7342312e-07,0.0,-0.5173772573471069,-0.00015592047496071348
24000,-0.0003831197682302445,4.0366771645494734e-05,-3.6887728929519654,6.1124564e-07,0.0,-1.2329165935516357,-0.0002370250966562182
24200,-0.000397434807382524,6.373007236106786e-05,-3.6887748539447784,5.7309865e-07,0.0,-0.499874472618103,-0.0002289151552129276
24400,-0.0004153005429543555,7.082607562551857e-05,-3.688775634765625,3.439188e-07,0.0,-0.6062641143798828,-0.0001599580105326126
24600,-0.00027104615583084524,5.1711003015952885e-05,-3.6887743175029755,4.6640633e-07,0.0,-0.8838791847229004,-0.00020980727709343227
24800,-0.0002577097329776734,6.166399989524508e-05,-3.6887764513492582,3.117323e-07,0.0,-0.9373605251312256,-0.00016565075348538017
25000,-0.000479952956084162,6.493495693575824e-05,-3.688779705762863,5.1409006e-07,0.0,-0.2783924341201782,-0.0002331049135902985
25200,-0.0004218496032990515,4.854722519667121e-05,-3.6887787163257597,5.0485136e-07,0.0,-1.251692533493042,-0.00022202856906026192
25400,-0.0004043290682602674,5.760957847087411e-05,-3.6887776374816896,4.6998264e-07,0.0,-0.4841533899307251,-0.00020467608930959668
25600,-0.0006887803901918232,4.331985710450681e-05,-3.688778853416443,5.075335e-07,0.0,-1.1577026844024658,-0.0002270951847143543
25800,-0.0002930298214778304,6.413035048353777e-05,-3.6887815296649933,3.015995e-07,0.0,-0.895104169845581,-0.0001438895245505556
26000,-0.0004496539768297225,4.4666552912531185e-05,-3.688780093193054,3.3557416e-07,0.0,-1.2281663417816162,-0.0001613223480757098
26200,-0.0002640792808961123,3.973741613663151e-05,-3.6887809157371523,3.2007694e-07,0.0,-0.5689338445663452,-0.00017876286771403293
26400,-0.00027056076214648783,5.296261469993624e-05,-3.688777893781662,2.884865e-07,0.0,-0.509017825126648,-0.00013132029061488915
26600,-0.0004668627225328237,4.133417505727266e-05,-3.688778257369995,2.5749205e-07,0.0,-0.025443196296691895,-0.00015420430145514087
26800,-0.0005606453632935882,5.957273997410084e-05,-3.6887778520584105,5.981326e-07,0.0,-0.4106602668762207,-0.00025240195808711173
27000,-0.0004819298628717661,4.979129753337475e-05,-3.6887782216072083,3.540516e-07,0.0,-0.4799844026565552,-0.00016610320080883144
27200,-0.00035722300526686013,4.298752414797491e-05,-3.688773399591446,3.993511e-07,0.0,-0.9446518421173096,-0.00019133837252276463
27400,-0.0005680466420017183,4.239995305397315e-05,-3.6887757182121277,4.4971705e-07,0.0,-1.3359723091125488,-0.0001922421987361034
27600,-0.0003805159358307719,2.9538097714976173e-05,-3.6887720942497255,3.942847e-07,0.0,-0.6852717399597168,-0.00017774660799864118
27800,-0.0004953175084665418,3.0476381652988493e-05,-3.6887722432613375,3.8623813e-07,0.0,-0.46565210819244385,-0.00019020031499490387
28000,-0.0004597162187565118,3.686141844809754e-05,-3.6887683033943177,6.106496e-07,0.0,-0.7764054536819458,-0.00024464571768523236
28200,-0.0005096020759083331,3.484679418761516e-05,-3.6887680888175964,4.4196844e-07,0.0,-0.6753276586532593,-0.00021120859720986652
28400,-0.0004410330147948116,3.670333871923504e-05,-3.6887655317783357,2.6077032e-07,0.0,-0.28408122062683105,-0.00012556566322881048
28600,-0.0003273790644016117,3.827271343652683e-05,-3.6887669444084166,4.461408e-07,0.0,-1.0248894691467285,-0.0002165157218195546
28800,-0.00026796493330039084,4.054161331623618e-05,-3.6887642443180084,3.1799078e-07,0.0,-0.6306384801864624,-0.00013922156325287815
29000,-0.0003079470479860902,2.700193576856691e-05,-3.68876656293869,3.7163497e-07,0.0,-1.3228397369384766,-0.00019275983442241796
29200,-0.0006102224579080939,4.6436889624601464e-05,-3.6887668073177338,5.185604e-07,0.0,-0.3251376152038574,-0.0002540182702449378
29400,-0.00036084753810428083,5.246209675533464e-05,-3.6887644946575167,3.6090614e-07,0.0,-0.5840322971343994,-0.00016294842917852215
29600,-0.0004950902657583356,4.714588530987385e-05,-3.6887690722942352,4.5150517e-07,0.0,-0.4502580165863037,-0.00021368941444444012
29800,-0.00045399004011414945,4.0940049848359196e-05,-3.6887648820877077,3.8653613e-07,0.0,-0.18259763717651367,-0.00018630168415267878
30000,-0.0005887584993615746,3.36607699864544e-05,-3.688763278722763,5.805492e-07,0.0,-0.22301530838012695,-0.00023067002207699527
30200,-0.0004387339868117124,6.752849176336895e-05,-3.68876371383667,4.4167044e-07,0.0,-0.6212222576141357,-0.00019897633720660223
30400,-0.0006146953091956675,4.964675563314813e-05,-3.68876051902771,6.580352e-07,0.0,-0.13591527938842773,-0.00029452923110397935
30600,-0.0003801179409492761,3.7122513640497344e-05,-3.688760554790497,5.120039e-07,0.0,-0.40408873558044434,-0.00022166792961997306
30800,-0.0002954249794129282,3.11956836412719e-05,-3.688756972551346,4.288554e-07,0.0,0.08477282524108887,-0.00018207096328797244
31000,-0.0005740143242292106,2.843397919605195e-05,-3.688755065202713,5.5551527e-07,0.0,-0.965404748916626,-0.0002052533036805304
31200,-0.000265695241978392,3.1587202965965846e-05,-3.6887580335140226,3.6358833e-07,0.0,-0.38312411308288574,-0.00015865996545154636
31400,-0.0004014439182356,3.087675236201903e-05,-3.688754689693451,4.4047835e-07,0.0,-0.7920323610305786,-0.00019014924903191233
31600,-0.00026489028823561966,0.00010127230125362985,-3.688756859302521,2.8938055e-07,0.0,-0.1904839277267456,-0.00013585622694028965
31800,-0.0006441303412429988,4.291236900826334e-05,-3.6887544691562653,4.771352e-07,0.0,-0.2474818229675293,-0.00022179345825839024
32000,-0.0005919052055105567,3.484840549390355e-05,-3.6887518882751467,5.7071446e-07,0.0,-0.2840343713760376,-0.00027382554072519216
32200,-0.0004269727796781808,2.6495925931158125e-05,-3.6887572944164275,4.941225e-07,0.0,-0.8078315258026123,-0.000193879680063902
32400,-0.00031944227521307766,3.613838348428544e-05,-3.6887580037117003,4.827976e-07,0.0,-0.007285594940185547,-0.00023497289528211506
32600,-0.00045989471254870296,3.307252150079876e-05,-3.6887588798999786,4.4465065e-07,0.0,-0.6949968338012695,-0.00018657612685406554
32800,-0.0004258215194568038,3.30390896579047e-05,-3.6887561798095705,4.079938e-07,0.0,-0.0593796968460083,-0.00019472910539366505
33000,-0.0004538838693406433,3.763006739063712e-05,-3.6887577056884764,3.4123659e-07,0.0,-0.9759461879730225,-0.00017361462894041057
33200,-0.0006139157339930534,2.69209894213418e-05,-3.6887550830841063,5.1975246e-07,0.0,-0.0646827220916748,-0.00026142053230318043
33400,-0.0004665436572395265,3.5094392205792244e-05,-3.688750982284546,3.9070844e-07,0.0,-0.5634903907775879,-0.00019428308268334415
33600,-0.0002477645466569811,3.043218084712862e-05,-3.6887533903121947,3.638864e-07,0.0,-0.04558455944061279,-0.00017909666835185244
33800,-0.0005876796203665435,4.2532352927082685e-05,-3.688751184940338,4.595518e-07,0.0,-0.4916820526123047,-0.00022064709628307754
34000,-0.0005003160331398249,2.9893977580286445e-05,-3.688751631975174,3.8057567e-07,0.0,-0.30584871768951416,-0.00017806238064643765
34200,-0.000408238876843825,3.9760372737873694e-05,-3.688747465610504,4.920363e-07,0.0,-0.23582744598388672,-0.00024175034740778756
34400,-0.0003988333628512919,3.1688488297731966e-05,-3.68874186873436,3.656745e-07,0.0,-0.5395450592041016,-0.00018034920059313287
34600,-0.0005144343012943864,2.978566444653552e-05,-3.6887471258640288,4.5210123e-07,0.0,-0.389072060585022,-0.00020099116659486605
34800,-0.0003765934961847961,3.480888922240411e-05,-3.6887491226196287,3.641844e-07,0.0,-0.16463220119476318,-0.000189207724125251
35000,-0.00030596632859669626,2.8983065340071336e-05,-3.6887433171272277,3.1322242e-07,0.0,-0.33363616466522217,-0.00014932817298458635
35200,-0.0005778662161901593,3.653895901152282e-05,-3.688748097419739,4.249811e-07,0.0,-0.785071611404419,-0.00021920028421095193
35400,-0.0003263438993599266,2.7947647095061256e-05,-3.6887446999549867,3.5196544e-07,0.0,-0.21350157260894775,-0.00017800481625022125
35600,-0.00032008514972403646,2.0649537987083022e-05,-3.6887451291084288,3.540516e-07,0.0,-2.8729023933410645,-0.00017607438799505104
35800,-0.00039993118843995035,5.250198632893444e-05,-3.6887455105781557,4.4137238e-07,0.0,-0.2858607769012451,-0.00020144890409006243
36000,-0.00034249675809405744,4.883816809524433e-05,-3.6887449383735658,4.425645e-07,0.0,-0.060798048973083496,-0.00020211431434651316
36200,-0.00037459336454048753,4.133845650358126e-05,-3.688743942975998,2.774596e-07,0.0,-0.3111637830734253,-0.00014301449073457207
36400,-0.0004176869406364858,4.324258643464418e-05,-3.688744843006134,3.6031008e-07,0.0,-0.4546099901199341,-0.0002045178153868399
36600,-0.0003387889883015305,2.9474138682417105e-05,-3.688745230436325,4.1902064e-07,0.0,-0.3081541061401367,-0.0001963805772502436
36800,-0.0006317571387626231,2.5549647625666692e-05,-3.688745880126953,3.954768e-07,0.0,-0.7505911588668823,-0.0002066540942037731
37000,-0.00038429477717727423,3.124578693132207e-05,-3.6887446701526643,4.0888787e-07,0.0,-0.5092869997024536,-0.00020142290568749832
37200,-0.0006046451162546873,2.7622703419183382e-05,-3.6887460112571717,5.2332877e-07,0.0,-0.7410783767700195,-0.0002293287236823094
37400,-0.0006193857407197356,3.825413291451696e-05,-3.6887481451034545,4.87566e-07,0.0,-0.36141765117645264,-0.00021740199737507737
37600,-0.00022411986719816923,2.6563139272184344e-05,-3.6887509882450105,3.5762787e-07,0.0,-0.5548864603042603,-0.00016606037354336412
37800,-0.0006122849881649017,5.973161632937263e-05,-3.688748413324356,5.00977e-07,0.0,-0.31291496753692627,-0.00021567300002844902
38000,-0.0004423447244334966,3.8626471041425245e-05,-3.6887540221214294,3.4660098e-07,0.0,-0.12447524070739746,-0.00016867323256951615
38200,-0.0003392313083168119,3.469302714620426e-05,-3.688745892047882,2.8103588e-07,0.0,-0.21741104125976562,-0.0001539525528522656
38400,-0.0003556494484655559,2.0838562136304972e-05,-3.688746374845505,4.3243168e-07,0.0,-0.12497127056121826,-0.00021312829994450943
38600,-0.00038706400664523244,2.4822525529089034e-05,-3.6887492656707765,4.2676925e-07,0.0,-0.5901421308517456,-0.00020775309205531834
38800,-0.0004796168359462172,3.492535338409652e-05,-3.688747304677963,3.7908552e-07,0.0,-0.41649556159973145,-0.00018666376341731629
39000,-0.0001521826343378052,5.282492475089384e-05,-3.688744932413101,4.0113926e-07,0.0,0.04096996784210205,-0.00019430272255829272
39200,-0.0006459684227593243,4.0534993922847205e-05,-3.6887470304965975,4.6432018e-07,0.0,-0.21157395839691162,-0.000234870134588383
39400,-0.000552869460079819,2.9362349914663354e-05,-3.6887436389923094,4.696846e-07,0.0,-0.0714036226272583,-0.000238124281421781
39600,-0.0005572875961661339,2.3769154586261722e-05,-3.6887459993362426,3.6627054e-07,0.0,-0.11702632904052734,-0.0001774389903760998
39800,-0.0004934488097205758,2.6023204873126816e-05,-3.6887451112270355,4.5120714e-07,0.0,-0.09693324565887451,-0.00023066149049384422
40000,-0.0004354437696747482,3.355169578753703e-05,-3.6887394905090334,4.2766334e-07,0.0,-0.5042808055877686,-0.00020337678197359654
40200,-0.0004523553070612252,3.196537072653882e-05,-3.688743144273758,3.6120414e-07,0.0,-0.2126166820526123,-0.0002099021377593324
40400,-0.0006128536770120263,3.250134450354381e-05,-3.6887353122234345,5.1826237e-07,0.0,-0.24540579319000244,-0.0002526387643682737
40600,-0.0005116608808748424,2.88588183138927e-05,-3.6887420773506165,3.4898517e-07,0.0,-0.5306839942932129,-0.00019656743002545164
40800,-0.00040982000064104795,3.723202839864825e-05,-3.688744044303894,3.758073e-07,0.0,-0.5546952486038208,-0.00019811777764890958
41000,-0.0003874993999488652,2.556638469286554e-05,-3.6887379348278047,2.667308e-07,0.0,-0.6094381809234619,-0.00013464686640662915
41200,-0.00044533389154821634,2.123117153587373e-05,-3.6887377738952636,4.610419e-07,0.0,-1.0854225158691406,-0.0002066932642281749
41400,-0.00014626562187913805,2.4903541907406178e-05,-3.6887337446212767,3.144145e-07,0.0,-0.4110802412033081,-0.0001595622375183847
41600,-0.0007008400280028582,2.7869182576978347e-05,-3.6887373507022856,4.0590766e-07,0.0,-0.4704139232635498,-0.00019513803744883874
41800,-0.0005077476962469518,2.320827165931405e-05,-3.6887407898902893,5.2839516e-07,0.0,-0.6689636707305908,-0.0002270451711701593
42000,-0.0004028081020805985,2.2677160632156302e-05,-3.6887349486351013,4.7355888e-07,0.0,-0.4799760580062866,-0.00021173605112014826
42200,-0.0004557896463666111,2.8363576802803436e-05,-3.6887418150901796,4.3630598e-07,0.0,-0.5519051551818848,-0.00023071251156561167
42400,-0.0002878739614970982,4.5858488647354534e-05,-3.68873530626297,4.2796137e-07,0.0,-0.07320070266723633,-0.0001799535612932779
42600,-0.0005243175546638668,4.5649381900148e-05,-3.6887404143810274,4.3958426e-07,0.0,-0.13556385040283203,-0.00023993237749981856
42800,-0.0004254997184034437,2.5883201942633605e-05,-3.6887422859668733,4.23789e-07,0.0,-0.23801791667938232,-0.00019679732796227257
43000,-0.0005871691973879933,4.495501048040751e-05,-3.688741111755371,5.441904e-07,0.0,-0.22189581394195557,-0.00022403366117760282
43200,-0.0004785735218320042,2.4768889397819292e-05,-3.6887412428855897,5.078316e-07,0.0,-0.5309219360351562,-0.00023661369884024895
43400,-0.0006356690428219736,5.201274097998976e-05,-3.68874551653862,5.76973e-07,0.0,0.05287313461303711,-0.00022301855692647977
43600,-0.00040252634789794683,2.7452924632598298e-05,-3.6887510240077974,4.0620566e-07,0.0,-0.45646488666534424,-0.0001848902855585921
43800,-0.0005643824697472155,2.4906129669943767e-05,-3.688744068145752,3.5822393e-07,0.0,-0.44023799896240234,-0.00016954846676418
44000,-0.0007515512988902628,2.0533530664579304e-05,-3.688743197917938,5.6147576e-07,0.0,-0.7498974800109863,-0.00024788783922859994
44200,-0.0007022569770924747,2.2943748354009587e-05,-3.6887437641620635,4.4196844e-07,0.0,-0.13716673851013184,-0.00020463452217587275
44400,-0.0003432810481172055,4.3493623434187614e-05,-3.6887461066246034,3.9786102e-07,0.0,-0.3463081121444702,-0.00020351562604736806
44600,-0.000456134817795828,4.2354909555797346e-05,-3.6887419164180755,5.313754e-07,0.0,-0.043503761291503906,-0.0002513104232270802
44800,-0.00027210067491978407,4.3904321000809435e-05,-3.6887375950813293,3.0130147e-07,0.0,-0.44675445556640625,-0.00014070838264425013
45000,-0.0004088766872882843,2.7890654337170417e-05,-3.688736140727997,3.9726496e-07,0.0,-0.2107844352722168,-0.00018137074277728703
45200,-0.0005410615704022348,4.5313121381695966e-05,-3.6887350738048554,4.4226647e-07,0.0,-0.20687758922576904,-0.00021322578102762614
45400,-0.00041063656681217253,2.636060019085562e-05,-3.6887319326400756,3.9666892e-07,0.0,-0.31031906604766846,-0.00017700151260851004
45600,-0.0002818590437527746,3.119211014563916e-05,-3.688735771179199,3.4153462e-07,0.0,-0.5737273693084717,-0.00015690214646069123
45800,-0.0003188131668139249,2.2315131855066283e-05,-3.6887329280376435,4.3034552e-07,0.0,-0.6071689128875732,-0.00020164609060013827
46000,-0.00017488589219283313,4.197391781417537e-05,-3.688726484775543,2.8818846e-07,0.0,-0.13746213912963867,-0.0001362664211701059
46200,-0.00048389361472800374,2.5334079350614046e-05,-3.6887348353862763,4.929304e-07,0.0,-0.9161573648452759,-0.00022029387826618673
46400,-0.0003890430962201208,3.250914583077247e-05,-3.688727766275406,4.5984984e-07,0.0,-0.29619431495666504,-0.00023538611718922908
46600,-0.00040432094829156995,2.9033296368652372e-05,-3.6887298226356506,4.6074393e-07,0.0,-0.4516209363937378,-0.0001789074541947766
46800,-0.0004159253730904311,2.6620043604452805e-05,-3.6887230277061462,3.6060808e-07,0.0,-0.9247701168060303,-0.00017837107981211187
47000,-0.0005002322723157704,3.593834462662926e-05,-3.688721215724945,4.246831e-07,0.0,-0.6469682455062866,-0.00020377627038465907
47200,-0.0004992810427211225,4.002263267466333e-05,-3.6887212097644806,3.3199785e-07,0.0,-0.19281244277954102,-0.0001927770522571759
47400,-0.0005432440084405243,2.658727030393493e-05,-3.6887266039848328,4.2021276e-07,0.0,-0.6776355504989624,-0.00018359111186180276
47600,-0.00035464996472001076,2.7956826488662046e-05,-3.6887285709381104,3.2424927e-07,0.0,-0.48211443424224854,-0.00016512027438491116
47800,-0.000641143589746207,2.2056613124732395e-05,-3.6887290716171264,4.974007e-07,0.0,-0.18297100067138672,-0.00023202574201728333
48000,-0.0004061797808390111,2.2872202976031986e-05,-3.688725870847702,4.5806166e-07,0.0,-0.5272767543792725,-0.00018861538215695362
48200,-0.0004812700499314815,1.909619222715264e-05,-3.6887274384498596,4.154444e-07,0.0,-1.1129400730133057,-0.00021126204584072107
48400,-0.0004071531293448061,3.69487099305843e-05,-3.6887279570102693,5.0544736e-07,0.0,-0.28290772438049316,-0.0002091055676912701
48600,-0.0007377744768746197,4.1229784528695745e-05,-3.6887251019477842,6.002188e-07,0.0,-0.2547708749771118,-0.00025683306294475015
48800,-0.0003388565091881901,3.1603382421963036e-05,-3.688725399971008,5.921721e-07,0.0,-0.1522221565246582,-0.0002025124291338276
49000,-0.000563657027669251,2.5879114014060177e-05,-3.6887271285057066,4.3630598e-07,0.0,-0.49884092807769775,-0.00021457251791319188
49200,-0.0003928387595806271,3.9682802116658424e-05,-3.68872971534729,3.504753e-07,0.0,-0.2383958101272583,-0.00017186931434729492
49400,-0.0004135442723054439,1.8557274916020106e-05,-3.6887328267097472,3.85046e-07,0.0,-0.3878227472305298,-0.00018289913186539942
49600,-0.0006653284071944654,2.4764647059782872e-05,-3.688731372356415,5.2064655e-07,0.0,-0.12561893463134766,-0.0002443725502439542
49800,-0.00038867664989084005,4.0549150480728716e-05,-3.6887349486351013,4.6640633e-07,0.0,-0.03526413440704346,-0.00021246639204264284
50000,-0.00044839069596491754,1.8118459865945625e-05,-3.6887330293655394,4.7057867e-07,0.0,-0.5034375190734863,-0.00023611849477026548
50200,-0.0004354325064923614,3.158331542181258e-05,-3.6887278318405152,4.6938658e-07,0.0,-0.19058775901794434,-0.00019248280602277568
50400,-0.0005617114366032183,3.471558984529111e-05,-3.688734471797943,5.507469e-07,0.0,-0.03813374042510986,-0.0002550466790544492
50600,-0.000349009147612378,2.9623341924889245e-05,-3.688735032081604,3.5226344e-07,0.0,0.02501314878463745,-0.00018786221845319418
50800,-0.0005175837432034314,1.7475341383033083e-05,-3.6887302577495573,4.8130755e-07,0.0,-1.0496630668640137,-0.00022060315419413778
51000,-0.0004666059394367039,1.832080290569138e-05,-3.6887326657772066,3.9905308e-07,0.0,-0.48150861263275146,-0.00018767322497967865
51200,-0.0002632147807162255,6.93929499902879e-05,-3.6887313961982726,3.618002e-07,0.0,0.1333451271057129,-0.00017725205876217842
51400,-0.00026122824056074023,2.747002895375772e-05,-3.688731175661087,4.172325e-07,0.0,-0.5532504320144653,-0.00018628206744826238
51600,-0.0005183611647225916,2.888930798690126e-05,-3.688726544380188,3.3527613e-07,0.0,-0.5414013862609863,-0.0001700939812701474
51800,-0.00029191424255259335,3.418253800191451e-05,-3.6887318432331084,2.8491021e-07,0.0,-0.15113508701324463,-0.00014720034580091302
52000,-0.00040098163299262524,2.8924514208483742e-05,-3.688721960783005,2.9981138e-07,0.0,-0.4795982837677002,-0.0001582899240638369
52200,-0.0004999557859264314,4.3233184533164605e-05,-3.6887183845043183,4.5716763e-07,0.0,-0.0878598690032959,-0.00021529497235430738
52400,-0.00047524194815196097,2.527389365241106e-05,-3.6887249886989593,4.1216612e-07,0.0,-0.344262957572937,-0.00021596744641874666
52600,-0.0006285804556682706,3.473341689641529e-05,-3.6887263655662537,6.482005e-07,0.0,-0.01307976245880127,-0.0002536305763165991
52800,-0.0008427253924310207,3.267745664743415e-05,-3.6887185513973235,7.7366826e-07,0.0,-0.1980191469192505,-0.0003216681481333139
53000,-0.0004815043939743191,2.9453802471834934e-05,-3.688712680339813,5.3435565e-07,0.0,0.055456697940826416,-0.00020894282213685945
53200,-0.0005381394294090569,2.6232005529891468e-05,-3.6887112855911255,4.521012e-07,0.0,-0.6263382434844971,-0.00023058471185724016
53400,-0.0004669940972235054,3.514077216095757e-05,-3.6887131333351135,4.1574242e-07,0.0,-0.2502225637435913,-0.0002064828273048547
53600,-0.00046704959822818637,2.3333729177466012e-05,-3.6887152194976807,3.7163497e-07,0.0,-0.5006421804428101,-0.00017678864232926195
53800,-0.0005391975864768028,2.9187584141254773e-05,-3.6887112855911255,4.9710275e-07,0.0,-0.3141540288925171,-0.00023661227257354422
54000,-0.0003688473952934146,4.370321908027108e-05,-3.6887108743190766,3.72231e-07,0.0,-0.05761551856994629,-0.00017342302426035517
54200,-0.000485988799482584,4.0384456724495976e-05,-3.688713252544403,3.7461518e-07,0.0,-0.26134562492370605,-0.00018498297101294804
54400,-0.00023404623789247125,2.214711571468797e-05,-3.6887170493602754,2.8908252e-07,0.0,-0.09663605690002441,-0.00014479911473744834
54600,-0.0005987684708088636,2.9766993520752294e-05,-3.6887021899223327,5.120039e-07,0.0,-0.4069676399230957,-0.00024020327774940676
54800,-0.0004222958523314446,2.817324493662454e-05,-3.688711482286453,3.6627054e-07,0.0,-0.14317965507507324,-0.00017848423561985793
55000,-0.0002679283788893372,2.3178057972472743e-05,-3.688705450296402,4.2051076e-07,0.0,-0.13138985633850098,-0.00020431572241408347
55200,-0.00030809026793576777,2.2878815821059105e-05,-3.6887054800987245,2.9504298e-07,0.0,0.08178907632827759,-0.00017914205715994225
55400,-0.0005445306305773556,5.067977072030772e-05,-3.6887101113796232,3.695488e-07,0.0,-0.03793132305145264,-0.00018865321618499742
55600,-0.0005662536132149398,2.5672421497802133e-05,-3.6887019991874697,4.1335824e-07,0.0,-0.46168458461761475,-0.0001974529698596017
55800,-0.0004726486513391137,2.019318797010783e-05,-3.6887093782424927,4.2945146e-07,0.0,-0.13949131965637207,-0.00020308402734308116
56000,-0.0004792381078004837,3.313457846161327e-05,-3.688699424266815,3.9219856e-07,0.0,-0.272663950920105,-0.0001870839475091035
56200,-0.0003859197022393346,3.4404960706524436e-05,-3.6887080788612367,4.2378903e-07,0.0,-0.10745060443878174,-0.0002147105644644487
56400,-0.00033984953188337386,3.5010346164199294e-05,-3.6887075126171114,5.51641e-07,0.0,0.08544933795928955,-0.00025433404485610824
56600,-0.0005040052928961813,1.9976588578174415e-05,-3.6887021124362946,4.300475e-07,0.0,-0.328130841255188,-0.00021452627968028272
56800,-0.0005453407648019493,2.0466390742512887e-05,-3.6886974453926085,4.3213367e-07,0.0,-0.46946609020233154,-0.00020399767141725532
57000,-0.0005537279648706317,2.544127810324426e-05,-3.6887045323848726,4.3213367e-07,0.0,-0.2838243246078491,-0.00022229696582587444
57200,-0.0009255352197214961,4.8339086106352624e-05,-3.6886976778507234,7.942319e-07,0.0,-0.15678119659423828,-0.00027997727504214254
57400,-0.00044640619307756424,2.6835068047148526e-05,-3.6886995673179626,3.263354e-07,0.0,-0.8579697608947754,-0.0001603642407303041
57600,-0.00015093068941496313,2.7679434469973786e-05,-3.688700979948044,4.5537948e-07,0.0,-0.29121458530426025,-0.00021083186736337023
57800,-0.0005799438804388046,3.578961300263472e-05,-3.6886961996555327,5.3018334e-07,0.0,-0.02456498146057129,-0.00023732484185758906
58000,-0.000537870277184993,3.7516013344429665e-05,-3.688702142238617,4.804134e-07,0.0,0.04327964782714844,-0.0002236758293571839
58200,-0.0005152857047505677,4.187732511127251e-05,-3.688699001073837,3.9875508e-07,0.0,0.00846254825592041,-0.00019534376086083327
58400,-0.00021752266911789775,2.288093196511909e-05,-3.6886998891830443,2.7298927e-07,0.0,-0.16692161560058594,-0.00013772530209710254
58600,-0.0004831646219827235,1.978728762423998e-05,-3.6886999309062958,4.041195e-07,0.0,-0.5716671943664551,-0.0001822182093362379
58800,-0.0003651698352769017,2.5919409199559596e-05,-3.6886974573135376,2.9414892e-07,0.0,-0.5962172746658325,-0.00012772213038181324
59000,-0.000362065271474421,4.162544605605945e-05,-3.6886966824531555,3.606081e-07,0.0,-0.05457866191864014,-0.0001892290995249013
59200,-0.00040070261457003653,3.43486683050287e-05,-3.688695043325424,3.2514333e-07,0.0,-0.019646406173706055,-0.00016907292322372315
59400,-0.0004438055620994419,2.376577936047397e-05,-3.688690835237503,4.0382147e-07,0.0,-0.1060645580291748,-0.0001836640690851432
59600,-8.809816790744662e-05,4.2048620252899126e-05,-3.68869201540947,2.6762487e-07,0.0,-0.2240217924118042,-0.00013637030833457686
59800,-0.0004770182422362268,3.304650936115649e-05,-3.6886886298656463,5.441904e-07,0.0,-0.010629415512084961,-0.00025303288646818525
60000,-0.0004281633591745049,4.952128829245339e-05,-3.688683044910431,3.8087367e-07,0.0,0.05356115102767944,-0.00016998220253048313
60200,-0.0006477134302258492,2.578917910796008e-05,-3.6886871337890623,4.6551227e-07,0.0,-0.9844002723693848,-0.00023044447587552419
60400,-0.0005380181828513741,2.1226920239314495e-05,-3.688686817884445,3.4898517e-07,0.0,-0.8795202970504761,-0.00018093723054493082
60600,-0.0005749331321567297,2.3701211785009945e-05,-3.6886916756629944,4.899502e-07,0.0,-0.632655143737793,-0.00024421341790912263
60800,-0.0004471645224839449,2.3846667318139225e-05,-3.688680726289749,4.273653e-07,0.0,-0.43167412281036377,-0.00018900744740859565
61000,-0.0003989188408013433,2.0369539697639993e-05,-3.6886832237243654,4.3421986e-07,0.0,-0.24668729305267334,-0.0001949788338676206
61200,-0.0007331654196605086,3.54889119080326e-05,-3.688687431812286,5.8889384e-07,0.0,-0.053333163261413574,-0.00025478205047875236
61400,-0.0004002327914349735,3.6263544416215154e-05,-3.688679498434067,4.7385694e-07,0.0,-0.32013046741485596,-0.00020304547366469805
61600,-0.00030104132019914687,1.9661318106045655e-05,-3.6886797547340393,4.5150517e-07,0.0,-0.9302223920822144,-0.00018057575821490702
61800,-0.0003414229431655258,2.6121498331121983e-05,-3.6886856257915497,2.926588e-07,0.0,-0.046740055084228516,-0.00016011337824801687
62000,-0.0004180805990472436,5.4642519535264e-05,-3.688681483268738,3.7014485e-07,0.0,0.020169973373413086,-0.0001739983131272993
62200,-0.0003433625097386539,2.0268434423087455e-05,-3.6886844754219057,4.3928623e-07,0.0,-0.22152459621429443,-0.00019881892878605977
62400,-0.0003514393465593457,4.268545922059275e-05,-3.6886798977851867,3.8862228e-07,0.0,-0.28484106063842773,-0.00019275560930498425
62600,-0.00043919761083088815,2.1622179178848456e-05,-3.688679093122482,4.4494868e-07,0.0,-0.5904908180236816,-0.0002228645860030798
62800,-0.00034056330332532525,1.6970989236142486e-05,-3.688673746585846,3.4034252e-07,0.0,-0.32913804054260254,-0.0001538982995446414
63000,-0.0001862369681475684,1.8247848765895468e-05,-3.6886767029762266,3.7580728e-07,0.0,-0.07116818428039551,-0.0001729942125873629
63200,-0.0002739531046245247,1.7731042044033528e-05,-3.688666033744812,5.209446e-07,0.0,-0.7837532758712769,-0.0002374018414216139
63400,-0.0005093190120533109,2.09122601972922e-05,-3.6886633574962615,5.0902366e-07,0.0,-0.5559096336364746,-0.00024987876580531145
63600,-0.0002949264890048653,2.3396959750243696e-05,-3.6886587262153627,3.358722e-07,0.0,-0.4873729944229126,-0.00016912019217760755
63800,-0.0009086825884878635,4.2000013309007045e-05,-3.688654053211212,6.0915943e-07,0.0,-0.06862163543701172,-0.00026663133412965225
64000,-0.0006538484012708068,2.0750360909005396e-05,-3.688658082485199,4.509091e-07,0.0,-0.18432331085205078,-0.00022713176798063727
64200,-0.0006017923005856574,3.4651420173759105e-05,-3.6886521756649016,4.0769578e-07,0.0,-0.24939441680908203,-0.00020081762939763159
64400,-0.0003938141744583845,5.7727839339349886e-05,-3.6886512994766236,3.8057567e-07,0.0,-0.23579895496368408,-0.00017404157771987449
64600,-0.0004496874753385782,4.43913751951186e-05,-3.688647198677063,5.3852796e-07,0.0,-0.1967160701751709,-0.00023205054242140256
64800,-0.00025299060507677495,3.163877040606167e-05,-3.6886551558971403,4.5955179e-07,0.0,-0.31820929050445557,-0.0001994294956205067
65000,-0.00030401808908209205,1.7699503723633823e-05,-3.6886603772640227,4.091859e-07,0.0,-0.47143054008483887,-0.0002137721932458536
65200,-0.00017680683231446892,1.657568682276178e-05,-3.688658595085144,2.8908255e-07,0.0,-0.35130202770233154,-0.00013884273160096327
65400,-0.0003579189069569111,2.1617636571136244e-05,-3.6886547088623045,3.2812358e-07,0.0,-0.45476746559143066,-0.00016816190611042004
65600,-0.0003985545481555164,2.133180389591871e-05,-3.688655197620392,4.607439e-07,0.0,-0.3503735065460205,-0.0002218704371542035
65800,-0.0003803950094152242,1.707445587726397e-05,-3.688655138015747,3.6358833e-07,0.0,-0.5722658634185791,-0.00021887408242422525
66000,-0.0007167017320170999,2.968009621326928e-05,-3.6886557161808016,5.286932e-07,0.0,-0.09967029094696045,-0.00028024368065553417
66200,-0.000304013752611354,2.2230669537748325e-05,-3.6886550366878508,3.838539e-07,0.0,-0.7126327753067017,-0.00020682400420879432
66400,-0.0007074943277984858,1.985431119919667e-05,-3.688647228479385,5.1975246e-07,0.0,-0.26017796993255615,-0.00023802574092384176
66600,-0.0003330024774186313,2.549313508097839e-05,-3.6886554419994355,3.2812358e-07,0.0,0.08134102821350098,-0.00016465643072631763
66800,-0.00043684133561328053,2.0913536286570888e-05,-3.688652294874191,4.273653e-07,0.0,-0.30836260318756104,-0.00021508272848724808
67000,-0.00028910586843267083,4.674143260672281e-05,-3.688650381565094,4.1961673e-07,0.0,-0.036779046058654785,-0.00018715471168766483
67200,-0.0004328716022428125,2.2079791551732342e-05,-3.688647121191025,3.6746263e-07,0.0,-1.027519941329956,-0.00019045434400219997
67400,-0.0005323993391357362,1.898715638617432e-05,-3.6886556088924407,4.5299532e-07,0.0,0.12670016288757324,-0.00023141343787100866
67600,-0.00047862151404842734,1.725016852560657e-05,-3.688654828071594,6.0051684e-07,0.0,0.12926775217056274,-0.00022623246746626967
67800,-0.0003065854252781719,3.0467318447335855e-05,-3.68865424990654,5.239249e-07,0.0,-0.24914133548736572,-0.0002144086174633575
68000,-0.00029243165045045316,2.8004829891870032e-05,-3.6886446833610536,5.468726e-07,0.0,-0.4525665044784546,-0.00022348787794630455
68200,-0.0003373667423147708,3.2947792669801855e-05,-3.688648593425751,4.4822693e-07,0.0,-0.19928348064422607,-0.00020311310827343388
68400,-0.0005839304649271071,1.4810812081123003e-05,-3.6886451125144957,3.8832428e-07,0.0,-0.5445445775985718,-0.00019062971958476725
68600,-0.0007318323478102684,4.886596852884395e-05,-3.6886449098587035,6.0766934e-07,0.0,-0.14079344272613525,-0.00025193393920588394
68800,-0.0004815706342924386,1.4115164526629087e-05,-3.6886501967906953,4.6610833e-07,0.0,-0.4518394470214844,-0.00018830282273858413
69000,-0.0006798708927817643,3.302660279587144e-05,-3.6886540770530702,5.075335e-07,0.0,0.13215386867523193,-0.0002535958535963889
69200,-0.0006207259139046073,1.9846668169520854e-05,-3.6886415779590607,5.218387e-07,0.0,-0.5091557502746582,-0.00023437368817216253
69400,-0.0005045317811891437,4.1033124398381914e-05,-3.688645327091217,4.4941902e-07,0.0,0.03085911273956299,-0.00020222342182592002
69600,-0.0005663769552484155,2.0111944286327345e-05,-3.6886497914791105,5.6445595e-07,0.0,-0.044231534004211426,-0.00025014632817830227
69800,-0.0003903874312527478,3.997433595941402e-05,-3.688640630245209,5.328655e-07,0.0,-0.16143310070037842,-0.00024697738132863913
70000,-0.0005574824172072113,2.1651409883816087e-05,-3.688647526502609,4.6551224e-07,0.0,-0.20747911930084229,-0.00022180040904418163
70200,-0.0003527420631144196,2.754579572865623e-05,-3.6886435091495513,4.2527915e-07,0.0,-0.40621185302734375,-0.00018825074948813914
70400,-0.00037192192394286394,3.052996753467596e-05,-3.688640373945236,5.2809713e-07,0.0,-0.49512457847595215,-0.0001795990161603811
70600,-0.00033280052593909204,1.596783015429537e-05,-3.6886409640312197,3.2246112e-07,0.0,-12.16887092590332,-0.00016633998604400623
70800,-0.00036874297074973583,1.3343788941710954e-05,-3.6886374950408936,2.9802322e-07,0.0,-11.738723754882812,-0.0001548731539160464
71000,-0.0005256791482679546,1.2295363808334514e-05,-3.6886485397815703,3.1083823e-07,0.0,-6.13722562789917,-0.00018040532599137294
71200,-0.00047481877845712006,1.2260460039215104e-05,-3.688639831542969,3.287196e-07,0.0,-8.742657661437988,-0.00016145370047357944
71400,-0.0002551331708673388,1.0255774031975307e-05,-3.6886429250240327,3.3676625e-07,0.0,-8.419577598571777,-0.00017981928590806717
71600,-0.0005308435647748411,8.521575512077107e-06,-3.6886408805847166,4.824996e-07,0.0,-13.141707420349121,-0.00022336322031446532
71800,-0.0008200501906685531,8.603571041021496e-06,-3.688636618852615,3.5345556e-07,0.0,-35.431331634521484,-0.0001865439550797543
72000,-0.0004265390452928841,7.963958353229827e-06,-3.6886408030986786,4.6819446e-07,0.0,-12.584362030029297,-0.0001839056469116418
72200,-0.0001656527747400105,7.773469542371459e-06,-3.688634729385376,2.4646522e-07,0.0,-10.107096672058105,-0.0001351696022268367
72400,-0.0004257463151589036,7.385381053381934e-06,-3.688639199733734,4.2110682e-07,0.0,-18.28326416015625,-0.00019871559851338815
72600,-0.00033683920628391206,7.67082578931877e-06,-3.688628798723221,3.233552e-07,0.0,-13.808045387268066,-0.00016256347269131833
72800,-0.0006262765382416546,7.668859188925125e-06,-3.688629800081253,3.695488e-07,0.0,-16.26003074645996,-0.00018709742897176084
73000,-0.0002562308800406754,7.294610543340241e-06,-3.688630151748657,4.2080882e-07,0.0,-18.457210540771484,-0.00017437509538362762
73200,-0.000570966862142086,6.934230316346657e-06,-3.6886247634887694,2.7000902e-07,0.0,-12.331886291503906,-0.0001470262370131259
73400,-0.00031783641315996647,7.252934278767498e-06,-3.6886199057102202,3.7908555e-07,0.0,-25.635862350463867,-0.0001620918892624612
73600,-0.0004400568432174623,6.775073529752262e-06,-3.688623732328415,4.6402215e-07,0.0,-18.035280227661133,-0.00024145240346615804
73800,-0.00027854187646880746,7.025027252893779e-06,-3.6886161029338838,4.4971705e-07,0.0,-12.99571704864502,-0.00018599168140940315
74000,-0.0004899002960883081,6.464588648213976e-06,-3.6886174738407136,5.9723857e-07,0.0,-8.53766918182373,-0.0002732077326227267
74200,-0.0005367136327549815,6.538349151696821e-06,-3.6886218309402468,4.2796134e-07,0.0,-10.351274490356445,-0.00020214183520317341
74400,-0.00031333352671936154,7.419432029109884e-06,-3.688623034954071,6.4671036e-07,0.0,-14.634506225585938,-0.0002475857294000461
74600,-0.0002728089748416096,6.824284355388954e-06,-3.68862469792366,2.6583672e-07,0.0,-45.915157318115234,-0.00014895966630069647
74800,-0.0005307565443217754,6.738077559020894e-06,-3.6886285662651064,4.222989e-07,0.0,-7.838441848754883,-0.00020520046217509247
75000,-0.0006077254074625671,6.563671263393189e-06,-3.68862960934639,5.033612e-07,0.0,-8.887228012084961,-0.0002091392656453195
75200,-0.0005532900104299188,6.775814892989729e-06,-3.6886350750923156,3.9458274e-07,0.0,-31.303131103515625,-0.00021115601118413264
75400,-0.0002685777726583183,6.740773642377462e-06,-3.6886328756809235,3.7789346e-07,0.0,-15.882682800292969,-0.00019790059960769212
75600,-0.00048575381515547633,6.40902852637737e-06,-3.6886288642883303,4.7266485e-07,0.0,-16.58893394470215,-0.00025067758309398335
75800,-0.0004559638036880642,6.084766948788456e-06,-3.6886196970939635,3.2633542e-07,0.0,-13.271029472351074,-0.00016609717918958378
76000,-0.0006078628939576447,6.582805417565396e-06,-3.6886251628398896,5.432963e-07,0.0,-27.06189727783203,-0.00027551115875064093
76200,-0.00037914796848781407,6.635089437168062e-06,-3.6886304199695585,2.720952e-07,0.0,-6.76782751083374,-0.00016228829367679332
76400,-0.0003460948937572539,6.5420833266216505e-06,-3.6886235535144807,4.646182e-07,0.0,-5.483916282653809,-0.00021176337414828826
76600,-0.0005969710182398558,6.938042878346095e-06,-3.6886166393756867,4.3153761e-07,0.0,-18.8393611907959,-0.00017777685836866118
76800,-0.0004792500112671405,6.079626763266787e-06,-3.6886174499988558,5.0127505e-07,0.0,-5.263309001922607,-0.00018183540495635419
77000,-0.00029109668685123324,7.393728139959421e-06,-3.6886126697063446,5.4359435e-07,0.0,-22.39078140258789,-0.0002342444496804319
77200,-0.00068399787414819,6.688136784305243e-06,-3.688618505001068,4.7594312e-07,0.0,-4.959868431091309,-0.00021611696080106046
77400,-0.0003586811071727425,6.210330690237243e-06,-3.688622051477432,4.526973e-07,0.0,-11.683077812194824,-0.00021074673454064553
77600,-0.00022843788610771298,6.194323145791714e-06,-3.6886202096939087,3.6895273e-07,0.0,-16.217178344726562,-0.0001836008438740544
77800,-0.0007074258173815906,6.738518766269408e-06,-3.6886316001415254,3.8892028e-07,0.0,-22.963396072387695,-0.00023091016963070477
78000,-0.000501290604006499,6.183768778100784e-06,-3.688633221387863,2.592802e-07,0.0,-24.568265914916992,-0.00015025561871487847
78200,-0.0003498457954265177,6.1206708437566705e-06,-3.688634616136551,3.2156706e-07,0.0,-16.426233291625977,-0.0001724732297886944
78400,-0.0002834085316862911,6.6318933477305105e-06,-3.688626742362976,2.3514033e-07,0.0,-6.153307914733887,-0.00012512807573714647
78600,-0.0006735666538588703,6.883852688588377e-06,-3.688637262582779,3.5434962e-07,0.0,-8.7232027053833,-0.00020295143034240737
78800,-0.0005203731707297266,5.700063832136948e-06,-3.6886324286460876,4.1514636e-07,0.0,-6.89928674697876,-0.0002061071712147422
79000,-0.00048133230302482843,5.882260253997629e-06,-3.688639259338379,4.312396e-07,0.0,-7.856179237365723,-0.00020600661448497704
79200,-0.0002318042825208977,6.426036804896285e-06,-3.688641571998596,3.0159947e-07,0.0,-33.610958099365234,-0.00016272081435624307
79400,-0.0003074435517191887,6.195913044848567e-06,-3.6886375904083253,4.1395424e-07,0.0,-4.561855316162109,-0.00018604405281406056
79600,-0.00021946712513454258,6.349653074266826e-06,-3.688636916875839,2.4676322e-07,0.0,-24.66193389892578,-0.00013039256620528406
79800,-0.0006150523549877107,6.365395313423505e-06,-3.688633030653,4.222989e-07,0.0,-13.375959396362305,-0.00017597791504584404
80000,-0.00037986173992976546,6.021476860951225e-06,-3.688633161783218,2.834201e-07,0.0,-8.915725708007812,-0.00014877863866367136
80200,-0.0003331103071104735,6.415830296191416e-06,-3.688632273674011,3.451109e-07,0.0,-12.25459098815918,-0.00018159310678154129
80400,-0.000519994180649519,5.686513748059951e-06,-3.688634955883026,3.1799078e-07,0.0,-9.058208465576172,-0.0001426956738494134
80600,-0.00030159365269355476,6.382359470080701e-06,-3.6886319160461425,5.289912e-07,0.0,-33.01158905029297,-0.0002710884634495869
80800,-0.0002653778064996004,6.0100970927123855e-06,-3.688635343313217,3.197789e-07,0.0,-15.307001113891602,-0.0001413815248540673
81000,-0.0005289664841257036,5.831048480331447e-06,-3.6886294305324556,5.814433e-07,0.0,-4.219537258148193,-0.00026422775474247426
81200,-0.00021688704146072268,6.1657132846448805e-06,-3.688637375831604,2.0891427e-07,0.0,-5.92747688293457,-8.701154610661899e-05
81400,-0.0006904083420522511,6.244678672828741e-06,-3.6886367976665495,4.2855737e-07,0.0,-5.567418575286865,-0.00019318521871913852
81600,-0.0003248135617468506,5.7505755762576886e-06,-3.68863223195076,4.0084123e-07,0.0,-10.724430084228516,-0.0002150510550896767
81800,-0.0004504778189584613,5.9821027718953704e-06,-3.688639295101166,6.794929e-07,0.0,-19.986677169799805,-0.0002722539519887768
82000,-0.000376834039343521,5.895157562463282e-06,-3.688645285367966,3.775954e-07,0.0,-8.379440307617188,-0.00017097036421400701
82200,-0.0008110121707431972,5.7808879375897956e-06,-3.6886483430862427,5.790591e-07,0.0,-21.61896514892578,-0.00024908523387083824
82400,-0.00045952596701681614,5.892245127370188e-06,-3.688640969991684,4.434586e-07,0.0,-14.092947006225586,-0.00020421100272396408
82600,-0.0001942087837960571,5.553728118457002e-06,-3.6886332631111145,2.5957823e-07,0.0,-14.380712509155273,-0.00014298917303134928
82800,-0.0011026508873328567,5.748947677375326e-06,-3.6886370956897734,6.6369773e-07,0.0,-18.59758758544922,-0.00032328003838519857
83000,-0.0004349410883150995,5.511287861281744e-06,-3.6886349856853484,3.9130447e-07,0.0,-5.1358323097229,-0.0001806706604311703
83200,-0.00028263236163184047,5.812730398702115e-06,-3.68862926363945,2.8371812e-07,0.0,-10.27066707611084,-0.00012460204926703077
83400,-0.0004985801642760634,5.712822132863948e-06,-3.6886313378810884,5.507469e-07,0.0,-6.294867038726807,-0.00023737481761395562
83600,-0.00039399563684128225,5.148427459289451e-06,-3.6886402904987334,3.8951637e-07,0.0,-15.040388107299805,-0.00018119269479273116
83800,-0.0006591564160771668,4.902107411908218e-06,-3.6886367917060854,3.6895275e-07,0.0,-16.440359115600586,-0.00017762334542750224
84000,-0.0005080683622509241,5.605924411611341e-06,-3.6886395156383514,3.781915e-07,0.0,-26.373531341552734,-0.00019987152291172093
84200,-0.00040763861034065485,5.690528530521987e-06,-3.6886484622955322,3.299117e-07,0.0,-7.985738754272461,-0.00019336652719412762
84400,-0.0007479612249881029,5.057984395762105e-06,-3.6886459469795225,5.4270026e-07,0.0,-12.692623138427734,-0.00024535684105080334
84600,-0.0006906196940690279,4.916902861396011e-06,-3.688646012544632,4.1753054e-07,0.0,-13.552456855773926,-0.00018399527000076966
84800,-0.0005968296900391579,5.329706129941769e-06,-3.6886479020118714,5.015731e-07,0.0,-9.64123249053955,-0.00026484549829679515
85000,-0.0007364944904111326,5.3285557044091545e-06,-3.688652092218399,4.7564504e-07,0.0,-4.21142578125,-0.00023094560186474045
85200,-0.0005711617995984852,5.154559676157078e-06,-3.6886467576026916,5.1259997e-07,0.0,-16.650287628173828,-0.00023536530494174812
85400,-0.000621804385446012,5.571826727646112e-06,-3.688648009300232,3.9786102e-07,0.0,-19.396692276000977,-0.00017626984494927277
85600,-0.0006644186796620488,5.538302644936266e-06,-3.688651567697525,5.093217e-07,0.0,-11.646040916442871,-0.00024686754608387875
85800,-0.00039692287100479007,4.944754459756951e-06,-3.6886535227298736,3.6120414e-07,0.0,-25.336219787597656,-0.0001824846869657115
86000,-0.00043000001460313797,5.469610510999701e-06,-3.6886487662792207,4.5031308e-07,0.0,-7.235358238220215,-0.00021365161985067437
86200,-0.0004996299394406378,5.4477459173085664e-06,-3.6886513471603393,5.254149e-07,0.0,-10.77688980102539,-0.00020520921040700912
86400,-0.00043596033356152475,4.9873959426349755e-06,-3.688657468557358,4.0203332e-07,0.0,-7.037683486938477,-0.00021674477334636123
86600,-0.0005956428940407932,5.824662343911768e-06,-3.6886509716510774,5.7011846e-07,0.0,-13.465245246887207,-0.0002382562310812686
86800,-0.0003899191797245294,4.597375743742305e-06,-3.6886504769325255,4.1782857e-07,0.0,-6.901609420776367,-0.00019330702499518183
87000,-0.0003243137907702476,5.54998576944854e-06,-3.688647139072418,3.9041043e-07,0.0,-24.69429588317871,-0.00016236795326194376
87200,-0.0005149098578840494,4.860746673784888e-06,-3.68864763379097,4.0471554e-07,0.0,-16.456323623657227,-0.00017616847053125717
87400,-0.000720490119419992,5.628478663766145e-06,-3.688642126321793,5.4985287e-07,0.0,-17.108291625976562,-0.00023060664328193868
87600,-0.0006866543553769588,5.150183636715156e-06,-3.6886461079120636,4.774332e-07,0.0,-6.471128463745117,-0.00021662533223570923
87800,-0.0004315286932978779,5.1487927464677344e-06,-3.6886522471904755,5.564093e-07,0.0,-6.5421671867370605,-0.0002465498145537648
88000,-0.00032410392304882407,5.619176818072447e-06,-3.6886400818824767,2.9921534e-07,0.0,-16.501211166381836,-0.00016663233867881823
88200,-0.00048372740275226533,4.976895746722221e-06,-3.6886414766311644,5.38826e-07,0.0,-11.65004825592041,-0.00025235813709088004
88400,-0.0009417675901204348,4.969699631374169e-06,-3.688640147447586,5.1230194e-07,0.0,-17.98912239074707,-0.0002237995343337129
88600,-0.000527583877556026,5.168737783378674e-06,-3.6886370897293093,4.428625e-07,0.0,-8.060162544250488,-0.00021935516578788227
88800,-0.0003093307022936642,5.744965295662041e-06,-3.6886295318603515,4.4196844e-07,0.0,-12.526456832885742,-0.0002061774115038828
89000,-0.0005103274015709758,5.451981775195236e-06,-3.688629484176636,4.634261e-07,0.0,-9.474470138549805,-0.0001991534980772869
89200,-0.0002423202822683379,4.816353731484924e-06,-3.6886258840560915,4.184246e-07,0.0,-13.574336051940918,-0.00018410453150115026
89400,-0.00033637674641795456,4.721789548511879e-06,-3.688632380962372,3.9339065e-07,0.0,-14.695854187011719,-0.00017342533093893663
89600,-0.0007025679224170744,5.365203867313539e-06,-3.68862988948822,3.9994717e-07,0.0,-11.739241600036621,-0.00019711450860881996
89800,-0.0007143066031858325,4.241458734099979e-06,-3.688631522655487,5.4419036e-07,0.0,-11.406966209411621,-0.0002774547211710221
90000,-0.00018850599008146673,4.761004282727299e-06,-3.688630837202072,3.4719704e-07,0.0,-17.479684829711914,-0.00016372694438129276
90200,-0.0005205004126764834,4.659989286892596e-06,-3.6886264204978945,4.979968e-07,0.0,-16.80569839477539,-0.0002304381461481153
90400,-0.00048238973249681294,4.452664529708272e-06,-3.6886187314987184,3.567338e-07,0.0,-4.334656238555908,-0.0001623538285850934
90600,-0.00015586023801006377,5.6706909276726945e-06,-3.6886125028133394,4.7177076e-07,0.0,-21.471492767333984,-0.00022822497768265615
90800,-0.0002833579492289573,4.279623067304783e-06,-3.6886270701885224,3.6120417e-07,0.0,-11.610724449157715,-0.00019676129500549865
91000,-0.0003885192272718996,4.783720470413755e-06,-3.6886201202869415,3.1381845e-07,0.0,-12.358893394470215,-0.00016688883645497033
91200,-0.0004467021208256483,4.455464926422792e-06,-3.68861671090126,4.5865775e-07,0.0,-12.38050365447998,-0.00018432492003888078
91400,-0.0006772814085707068,4.515664397786168e-06,-3.688621550798416,4.8458577e-07,0.0,-9.457011222839355,-0.00023761267369513118
91600,-0.00047035104944370687,4.567307325942238e-06,-3.688616007566452,3.9398668e-07,0.0,-7.550703048706055,-0.0001705478646379155
91800,-0.0005034241476096213,4.206025408848291e-06,-3.6886106550693514,4.5925378e-07,0.0,-4.632429122924805,-0.00017818808557081844
92000,-0.0002608872891869396,4.569682130295405e-06,-3.688609075546265,2.9951332e-07,0.0,-16.441810607910156,-0.00013768732479335632
92200,-0.0005844753468409181,4.56499556662493e-06,-3.6886024117469787,4.526973e-07,0.0,-16.901378631591797,-0.00018347753421563696
92400,-0.00037941441405564547,4.6714871757558285e-06,-3.688605523109436,5.39124e-07,0.0,-19.66779327392578,-0.0002112295107872253
92600,-0.0005402459646575153,4.646711431632866e-06,-3.6886012673377992,4.7594307e-07,0.0,-6.0420403480529785,-0.00023052422831142393
92800,-0.000363330589607358,4.232106485346776e-06,-3.688605123758316,3.3825637e-07,0.0,-13.289192199707031,-0.0001620755050028011
93000,-0.00024204354849644005,4.6132147929256465e-06,-3.6885946691036224,4.1484833e-07,0.0,-15.094755172729492,-0.00019412998863947982
93200,-0.000570277392398566,4.264750873517187e-06,-3.6885957956314086,4.5418741e-07,0.0,-16.98579216003418,-0.00021415510704605455
93400,-0.0004991448950022459,4.353494085762577e-06,-3.688596028089523,3.6001205e-07,0.0,-13.093412399291992,-0.00017879739332602452
93600,-0.00042033992940559983,4.383156522180798e-06,-3.688599246740341,3.9756299e-07,0.0,-17.534343719482422,-0.00017263658309141228
93800,-0.00048724698717705905,4.422911570145516e-06,-3.6885964930057527,5.218387e-07,0.0,-28.025039672851562,-0.00021607798700529202
94000,-0.0007650189800187945,4.009065207810636e-06,-3.6885981261730194,5.4299835e-07,0.0,-4.17506742477417,-0.00026059336939931457
94200,-0.0004005740338470787,4.419562503699126e-06,-3.6885888040065766,3.683567e-07,0.0,-10.477270126342773,-0.00016631117865131272
94400,-0.000661485071759671,4.153780548676878e-06,-3.688588809967041,4.0739775e-07,0.0,-11.077679634094238,-0.00020567343317565712
94600,-0.000290783034870401,4.128984801354818e-06,-3.688585561513901,3.9964917e-07,0.0,-4.692817687988281,-0.0001918447776713128
94800,-0.00039730709977447987,4.42648930913947e-06,-3.6885858952999113,2.7894973e-07,0.0,-11.853906631469727,-0.0001141369043409668
95000,-0.0005828361609019339,4.39645213532458e-06,-3.6885877668857576,5.209446e-07,0.0,-27.081737518310547,-0.00024863736146290004
95200,-0.0004067066474817693,4.263644484581164e-06,-3.688579487800598,4.7385694e-07,0.0,-5.818576812744141,-0.00021995147397870784
95400,-0.0003997078165411949,4.34301904874701e-06,-3.688586747646332,2.43783e-07,0.0,-13.247700691223145,-0.0001419831662035409
95600,-0.00043874201946891844,4.176977392944537e-06,-3.6885857701301576,3.4064055e-07,0.0,-18.619686126708984,-0.00016086897199159013
95800,-0.0004499884962569922,3.84030003033331e-06,-3.688580322265625,4.1633842e-07,0.0,-8.506150245666504,-0.00023256866012730804
96000,-0.0005573505186475813,4.123858036564343e-06,-3.688581120967865,3.9041043e-07,0.0,-13.154406547546387,-0.00016957290379059352
96200,-0.0005912885535508394,4.2741106540233885e-06,-3.688583242893219,4.193187e-07,0.0,-12.445209503173828,-0.00019670368615840595
96400,-0.0001774798583937809,3.920798440049111e-06,-3.6885935246944426,3.1322242e-07,0.0,-36.462345123291016,-0.0001426404897903133
96600,-0.0005949980113655329,4.2755128390581374e-06,-3.6885816872119905,4.756451e-07,0.0,-6.753993034362793,-0.00025494468098463674
96800,-0.00024236513127107173,4.683031784225023e-06,-3.688576304912567,5.00083e-07,0.0,-10.40157699584961,-0.00023027502078933892
97000,-0.00012713042087852955,3.7018193921767308e-06,-3.68859526515007,2.601743e-07,0.0,-13.27746295928955,-0.00011500197590454952
97200,-0.0002834259648807347,4.1567115999896485e-06,-3.6885886609554293,3.1024217e-07,0.0,-9.465728759765625,-0.00013611289782602398
97400,-0.00047565248678438365,4.219926444193333e-06,-3.6885838747024535,5.158782e-07,0.0,-11.298218727111816,-0.00020439799142082382
97600,-0.0002789223217405379,3.7139240617989342e-06,-3.6885916769504545,4.4614075e-07,0.0,-11.982438087463379,-0.00020207023059310992
97800,-0.0004421001940499991,3.8659668689433605e-06,-3.6885900497436523,4.2200088e-07,0.0,-19.307723999023438,-0.000171034669771597
98000,-0.00028828668291680515,3.725006348531679e-06,-3.688581222295761,4.1276218e-07,0.0,-6.586575031280518,-0.00019323407794866743
98200,-0.00028793144156225026,3.973629543452262e-06,-3.688575452566147,2.9891729e-07,0.0,-12.983688354492188,-0.0001416461780394507
98400,-0.0006580270128324628,4.129879187075858e-06,-3.6885743856430055,6.1154367e-07,0.0,-11.652803421020508,-0.0002870083403532231
98600,-0.00048230518586933613,4.105889649963501e-06,-3.688576638698578,4.4763087e-07,0.0,-7.875790596008301,-0.00020437614235930824
98800,-0.0003714738122653216,3.6420380922663755e-06,-3.688583052158356,2.720952e-07,0.0,-12.336389541625977,-0.0001298595518910428
99000,-0.00037217666977085173,3.6680336961580908e-06,-3.6885806560516357,3.638864e-07,0.0,-8.920223236083984,-0.00017385573671595543
99200,-0.0007222514250315726,3.7621250896791025e-06,-3.688578176498413,6.0111284e-07,0.0,-5.425449848175049,-0.0002005822615909647
99400,-0.000489679048769176,3.897585457934838e-06,-3.688586765527725,3.233552e-07,0.0,-10.377655982971191,-0.00015174169885745492
99600,-0.00024768628645688295,3.519121790418467e-06,-3.688585323095322,3.397465e-07,0.0,-6.961394309997559,-0.00016097865244590892
99800,-0.0003849117492791265,3.862285859668191e-06,-3.688588446378708,3.9309262e-07,0.0,-9.105644226074219,-0.00019937769344726685
100000,-0.00041006237734109163,3.555716378400575e-06,-3.6885881066322326,3.1501054e-07,0.0,-11.657459259033203,-0.0001484185487336198
100200,-0.0004112726601306349,3.9055997092418694e-06,-3.6885895788669587,3.772974e-07,0.0,-11.993978500366211,-0.0002041380391574421
100400,-0.00024377346562687308,3.253853202522805e-06,-3.6885866641998293,3.287196e-07,0.0,-10.559892654418945,-0.00014577303856719848
100600,-0.0004219991678837687,3.598712254415659e-06,-3.6885992884635925,4.0769575e-07,0.0,-19.253786087036133,-0.00019357180701946587
100800,-0.00039333465974777937,3.7917629015282727e-06,-3.68858762383461,3.2544136e-07,0.0,-9.430351257324219,-0.00015522240795724508
101000,-0.00031158432830125093,3.7641849814917805e-06,-3.688592219352722,4.3511392e-07,0.0,-22.263208389282227,-0.00023497860260852655
101200,-0.0004268150369171053,3.7133272257960924e-06,-3.6885868430137636,4.294515e-07,0.0,-11.014348030090332,-0.00022435387921359573
101400,-0.0003462119202595204,3.7376257182586414e-06,-3.688586783409119,3.6984684e-07,0.0,-6.315751075744629,-0.00017309615554585988
101600,-0.00023728192900307477,3.671695998264113e-06,-3.6885876297950744,3.8236382e-07,0.0,-12.16546630859375,-0.00016223038062808116
101800,-0.00041745396447367966,3.7869679289315173e-06,-3.68857279419899,3.2484533e-07,0.0,-10.831254005432129,-0.00017614209783527456
102000,-0.0005807590787298977,3.578149301119993e-06,-3.6885734021663668,4.777312e-07,0.0,-12.88160514831543,-0.0001925923528231177
102200,-0.0010665408335626125,3.5551195452399044e-06,-3.688576990365982,7.0929525e-07,0.0,-21.25643539428711,-0.00029812651479648177
102400,-0.0002945461601484567,3.49432427242391e-06,-3.688581871986389,4.6014787e-07,0.0,-19.562711715698242,-0.00019134118970716153
102600,-0.0004265151219442487,3.4432192933309124e-06,-3.6885812103748323,3.921986e-07,0.0,-8.736474990844727,-0.0001803969295474439
102800,-0.00029253721004351974,3.482269238475055e-06,-3.688577324151993,3.6925078e-07,0.0,-8.659355163574219,-0.00017911240710600796
103000,-0.0002862123365048319,3.543754849033576e-06,-3.688580793142319,3.489852e-07,0.0,-8.845921516418457,-0.00017131083604522425
103200,-0.0004520348447840661,3.349871295199591e-06,-3.6885790050029756,5.719065e-07,0.0,-3.855517864227295,-0.00023856564208972751
103400,-0.0005392313469201326,3.980351112886637e-06,-3.6885789036750793,4.8577783e-07,0.0,-9.443385124206543,-0.0002229549456087665
103600,-0.0004103904648218304,3.1738208889464657e-06,-3.6885814011096953,3.537536e-07,0.0,-5.319552898406982,-0.0001453475202623622
103800,-0.00039598281728103757,3.5149643736076543e-06,-3.6885860204696654,3.781915e-07,0.0,-11.090133666992188,-0.0001787566834130061
104000,-0.0005826572305522859,3.4749201006434304e-06,-3.6885919511318206,4.771352e-07,0.0,-8.820347785949707,-0.00022304637877561538
104200,-0.00048407039139419794,3.1660589797866124e-06,-3.6885857462882994,4.10676e-07,0.0,-4.894199848175049,-0.0001750521604071409
104400,-0.00034162800875492394,3.0787294519996065e-06,-3.688592392206192,4.9769875e-07,0.0,-8.50798511505127,-0.0001984815004307361
104600,-0.00048438666271977127,3.314704491685916e-06,-3.6885946810245516,3.6597254e-07,0.0,-14.224967002868652,-0.0001792435505629353
104800,-0.0004992209724150598,3.134975017360375e-06,-3.688592928647995,5.415082e-07,0.0,-10.51058578491211,-0.0002054202859703924
105000,-0.0004057035257574171,3.423920210821052e-06,-3.68858317732811,4.5120714e-07,0.0,-12.644947052001953,-0.00020592754931407774
105200,-0.0005369584541767836,3.177807536758337e-06,-3.688587564229965,4.3958426e-07,0.0,-13.040129661560059,-0.00020938108722929895
105400,-0.0006135309813544154,3.329341615199155e-06,-3.688583105802536,5.108118e-07,0.0,-6.631123065948486,-0.00024147497094986203
105600,-0.0005885834107175469,2.9759004178231406e-06,-3.6885923862457277,3.6627054e-07,0.0,-3.259608268737793,-0.0001929939524958013
105800,-0.0005649577942676842,3.351552322783391e-06,-3.688591808080673,4.860759e-07,0.0,-9.807369232177734,-0.00021221485775959614
106000,-0.0006189074483700097,3.1632808571657734e-06,-3.688585251569748,3.668666e-07,0.0,-6.0246076583862305,-0.0001649904471638486
106200,-0.0004399071622174233,3.1328741556535533e-06,-3.688579171895981,3.2097103e-07,0.0,-16.603290557861328,-0.00015809983731150944
106400,-0.0003699467924889177,3.3140977990342433e-06,-3.6885871648788453,4.1753054e-07,0.0,-12.538209915161133,-0.00021280535985430672
106600,-0.0005217453581281006,3.3518218828021417e-06,-3.6885916531085967,4.1216612e-07,0.0,-9.404375076293945,-0.0001958350945159948
106800,-0.00037886115023866296,3.2258051646749664e-06,-3.6885801434516905,3.5077335e-07,0.0,-6.899683475494385,-0.00014958530789794812
107000,-0.0003387120959814638,3.313584818442905e-06,-3.688573330640793,5.9455635e-07,0.0,-9.803739547729492,-0.00024426296239470345
107200,-0.0006799920229241252,2.975202585275838e-06,-3.688592088222504,3.6746263e-07,0.0,-7.501572608947754,-0.00020194952187968518
107400,-0.00040072991396300495,3.2968941553690457e-06,-3.6885805785655976,4.413724e-07,0.0,-6.9338250160217285,-0.00018072883911766092
107600,-0.00042448629392310977,3.3156961308122847e-06,-3.6885798156261442,4.437566e-07,0.0,-15.732946395874023,-0.00022561505325165986
107800,-0.0002868036099243909,3.0806234889269033e-06,-3.688581395149231,3.5971402e-07,0.0,-12.623167991638184,-0.00018623329093953034
108000,-0.00041657223482616246,3.134091878109757e-06,-3.6885812759399412,5.1558015e-07,0.0,-9.12289047241211,-0.0002277103368866218
108200,-0.0005080914124846458,3.28529782507303e-06,-3.688580185174942,4.780293e-07,0.0,-11.970782279968262,-0.00025275111145193205
108400,-0.000606719171628356,2.8315824465607877e-06,-3.688591021299362,5.1498415e-07,0.0,-13.592049598693848,-0.00019994723707987826
108600,-0.0005295398877933621,2.829605898568843e-06,-3.6885832488536834,4.2706728e-07,0.0,-7.736123085021973,-0.00023037104205383407
108800,-0.00039056609966792166,3.13352419993862e-06,-3.6885813415050506,3.960729e-07,0.0,-12.216582298278809,-0.00019391228347552801
109000,-0.0003928713558707386,3.1623262202629123e-06,-3.6885810077190397,2.9325486e-07,0.0,-12.732732772827148,-0.00016050270103278307
109200,-0.00029057892970740795,3.046720172505957e-06,-3.6885866582393647,2.5361777e-07,0.0,-8.051610946655273,-0.00014036330414319843
109400,-0.0010239623952656984,3.185152914397804e-06,-3.6885849833488464,6.988645e-07,0.0,-12.966394424438477,-0.00031115446269178724
109600,-0.00040609342977404594,2.716311806238991e-06,-3.688600277900696,3.0070544e-07,0.0,-7.653739929199219,-0.00015469683641663456
109800,-0.00024063442833721638,2.815038240555623e-06,-3.6885966420173646,3.3468007e-07,0.0,-8.339540481567383,-0.0001520290157227322
110000,-0.00048148041241802275,2.89186180566503e-06,-3.6885963439941407,3.6120414e-07,0.0,-13.839947700500488,-0.00019435459764702845
110200,-0.0005431146128103137,2.9094413605434967e-06,-3.688596260547638,4.374981e-07,0.0,-13.743457794189453,-0.0002081883566386722
110400,-0.0005580041906796396,2.66835124307363e-06,-3.688596111536026,4.3272973e-07,0.0,-8.207422256469727,-0.00018779934956638655
110600,-0.0005626464262604713,2.8188070587020777e-06,-3.6885947227478026,7.7545644e-07,0.0,-11.865111351013184,-0.00031172989026548856
110800,-0.00028468374512158334,3.0285142997854564e-06,-3.688591408729553,3.376603e-07,0.0,-5.65500020980835,-0.0001537096942868743
111000,-0.00048209159285761416,2.7940652330471493e-06,-3.68859823346138,5.9455635e-07,0.0,-6.2428975105285645,-0.0002765743432973977
111200,-0.0003867714258376509,3.0837673023143e-06,-3.688593888282776,3.2663345e-07,0.0,-7.13596248626709,-0.00016490618822242453
111400,-0.0006647440022788942,2.9723359517674906e-06,-3.6885914325714113,5.2332877e-07,0.0,-7.865839958190918,-0.00023103232476205383
111600,-0.0005877448129467666,2.7909512880341934e-06,-3.6885988235473635,5.5134296e-07,0.0,-6.51057767868042,-0.0002478955094948443
111800,-0.0005295342998579144,2.795679642986215e-06,-3.6885982930660246,3.85344e-07,0.0,-4.936183452606201,-0.00016741771964450257
112000,-0.0006018933490850031,3.008489744615872e-06,-3.6885888457298277,5.450845e-07,0.0,-9.897631645202637,-0.00022756667834323842
112200,-0.00039031929918564856,2.784818394729882e-06,-3.6885978996753694,3.4928323e-07,0.0,-10.595625877380371,-0.00016805425316901434
112400,-0.00048458942910656333,2.665808108304191e-06,-3.6885913491249083,4.7057864e-07,0.0,-3.7363147735595703,-0.0002505370002123808
112600,-0.0004268198972567916,3.061681530880378e-06,-3.6885877728462217,3.5107135e-07,0.0,-6.407173156738281,-0.000164564087718877
112800,-0.00042791489977389574,2.9588690381388006e-06,-3.6885920405387878,5.0276515e-07,0.0,-11.032976150512695,-0.00020763109670198787
113000,-0.00038274397957138717,2.6715369585872397e-06,-3.688588225841522,3.9696693e-07,0.0,-8.098876953125,-0.0001618753668312767
113200,-0.00016151231830008328,2.4732503277391515e-06,-3.6885985374450683,2.8908252e-07,0.0,-10.890950202941895,-0.00015559536190221657
113400,-0.0004294249811209738,2.852796669117197e-06,-3.6885865807533262,4.4494868e-07,0.0,-12.023568153381348,-0.00022082901832891632
113600,-0.0003050799132324755,2.7031279358880054e-06,-3.688595640659332,4.696846e-07,0.0,-10.812650680541992,-0.00018104533717697713
113800,-0.0004886376555077732,2.8807780921624725e-06,-3.688586038351059,3.2752752e-07,0.0,-16.65311622619629,-0.0001548499914603152
114000,-0.0005052236374467611,2.8522996444735327e-06,-3.688587498664856,4.9412245e-07,0.0,-12.652528762817383,-0.0002049335539622943
114200,-0.00044035521568730474,2.7607236063431627e-06,-3.6885836839675905,4.88162e-07,0.0,-15.635248184204102,-0.00022968992563483505
114400,-0.00038913433672860265,2.6758746457744565e-06,-3.688574904203415,3.865361e-07,0.0,-10.488319396972656,-0.00018545821382609518
114600,-0.000409455387853086,2.660688969058356e-06,-3.6885869204998016,3.3825637e-07,0.0,-8.502819061279297,-0.00016407193188138213
114800,-0.0006161994533613324,2.645157184133495e-06,-3.688580942153931,5.0067905e-07,0.0,-16.29232406616211,-0.0002166242600552537
115000,-0.0002568773925304413,2.4922520310610707e-06,-3.688586342334747,3.9964914e-07,0.0,-21.445844650268555,-0.0001806685192878632
115200,-0.0006781265838071704,2.6888427271387627e-06,-3.688567113876343,5.3435565e-07,0.0,-9.236093521118164,-0.0002177647606423694
115400,-0.0006551675614900887,2.825412337870148e-06,-3.6885649621486665,4.053116e-07,0.0,-10.346444129943848,-0.00019996149999754743
115600,-0.0005229402449913323,2.5352717045734607e-06,-3.6885681331157683,3.7461518e-07,0.0,-6.263753414154053,-0.00018008088240878406
115800,-0.0004663518047891557,2.6682152906687405e-06,-3.6885669112205504,4.863739e-07,0.0,-10.88640308380127,-0.00022158782228564043
116000,-0.0004093846073374152,2.441124271967965e-06,-3.6885802805423737,2.7030705e-07,0.0,-10.203858375549316,-0.00013086950843259614
116200,-0.00027843689895235,2.8344838170824004e-06,-3.688570702075958,3.9756299e-07,0.0,-13.526124954223633,-0.00018318426455259383
116400,-0.0006308701704256237,2.3558656778277507e-06,-3.6885740756988525,4.7236682e-07,0.0,-6.05959415435791,-0.00022147770418416978
116600,-0.00037225460982881486,2.670877074706368e-06,-3.6885753691196443,3.4123659e-07,0.0,-14.37057876586914,-0.00017156827441340284
116800,-0.00041275928379036486,2.7258107337502223e-06,-3.6885766625404357,5.39124e-07,0.0,-10.272795677185059,-0.00025781451748292384
117000,-0.0005429370794445276,2.6706687833666366e-06,-3.6885737597942354,5.152822e-07,0.0,-8.551141738891602,-0.00024586012981968607
117200,-0.0003770891053136438,2.5213134165369412e-06,-3.688570123910904,5.456805e-07,0.0,-12.609594345092773,-0.00024441437288897917
117400,-0.0003672413295134902,2.4983646028431394e-06,-3.688576602935791,3.7789343e-07,0.0,-8.407695770263672,-0.0001950821569181471
117600,-0.0007921837968751788,2.5488499630910155e-06,-3.6885753989219667,5.7667495e-07,0.0,-8.393744468688965,-0.000249634205768412
117800,-0.0003395380626898259,2.4042628808729204e-06,-3.6885746896266935,4.5299532e-07,0.0,-2.863398790359497,-0.00017778447117690056
118000,-0.0005383905372582376,2.7016113989475344e-06,-3.688572126626968,4.184246e-07,0.0,-6.142009735107422,-0.00022754075971931353
118200,-0.0003986692463513464,2.403755544833075e-06,-3.688575530052185,3.9488077e-07,0.0,-7.488700866699219,-0.00019398867395954423
118400,-0.0005345148965716362,2.6330726171863717e-06,-3.688565731048584,3.2335518e-07,0.0,-6.118324279785156,-0.0001596817979128584
118600,-0.0005238816374912858,2.511591091547416e-06,-3.688569837808609,5.415082e-07,0.0,-7.852385520935059,-0.0002700701227304148
118800,-0.00047536581405438483,2.331027232571614e-06,-3.6885774791240693,4.8011543e-07,0.0,-10.08340835571289,-0.0002296709390720908
119000,-0.0005107076140120625,2.4330610642664396e-06,-3.6885738492012026,5.5968763e-07,0.0,-8.571950912475586,-0.0002243266619414097
119200,-0.00023683527251705527,2.545640808193639e-06,-3.6885717034339907,2.744794e-07,0.0,-11.365367889404297,-0.00013373603672107716
119400,-0.000609892827924341,2.601869525165057e-06,-3.688558030128479,5.90384e-07,0.0,-9.7540864944458,-0.0002564915860091332
119600,-0.0005301604396663606,2.2344292091247554e-06,-3.6885572254657744,4.3451786e-07,0.0,-3.1715168952941895,-0.00022384928410292825
119800,-0.00042324967216700315,2.5616968230224303e-06,-3.6885666608810426,3.0905008e-07,0.0,-10.633204460144043,-0.00017849021367903893
120000,-0.0006320045795291662,2.3990438393184375e-06,-3.6885640263557433,5.1140785e-07,0.0,-34.93110275268555,-0.00019443355518251605
120200,-0.000571197597309947,2.4656095604314033e-06,-3.6885597109794617,5.179644e-07,0.0,-12.117905616760254,-0.00023930554485491752
120400,-0.0005037792725488544,2.3990441519572412e-06,-3.6885628938674926,4.5448544e-07,0.0,-6.613396644592285,-0.0001840468127878525
120600,-0.00042922826833091676,2.312674510562829e-06,-3.688570338487625,3.4123659e-07,0.0,-10.572554588317871,-0.00017411456132641057
120800,-0.0006677887868136168,2.461939803310997e-06,-3.688567841053009,5.233288e-07,0.0,-15.266111373901367,-0.0002158614850885643
121000,-0.000352346251020208,2.475385394973273e-06,-3.6885702073574067,3.8176773e-07,0.0,-9.094432830810547,-0.0002065364262746283
121200,-0.0003373345825821161,2.423205933155259e-06,-3.688567006587982,3.8921834e-07,0.0,-22.94988441467285,-0.00020259198738145078
121400,-0.0006020533619448543,2.1889515096518155e-06,-3.688568341732025,5.108118e-07,0.0,-2.6536571979522705,-0.00023253267814232203
121600,-0.00040740263648331165,2.1836067674030346e-06,-3.6885680079460146,4.1604042e-07,0.0,-2.556870937347412,-0.00018467383178965847
121800,-0.0004317134153097868,2.3572247613401485e-06,-3.688574266433716,4.273653e-07,0.0,-9.337101936340332,-0.00023222720598141676
122000,-0.00041334101115353405,2.2589870155798054e-06,-3.688574254512787,5.081296e-07,0.0,-8.628288269042969,-0.00023683421440456875
122200,-0.0007683045696467161,2.5986739757399844e-06,-3.6885583460330964,4.6670436e-07,0.0,-9.439651489257812,-0.0002036733015797876
122400,-0.0004466309619601816,2.211383238659437e-06,-3.6885724484920503,3.5583972e-07,0.0,-5.652859210968018,-0.00017578466411181105
122600,-0.0006370871560648084,2.3952741202037943e-06,-3.6885716319084167,3.7908555e-07,0.0,-8.508027076721191,-0.00019261075448786524
122800,-0.0005435942439362407,2.295258343565365e-06,-3.688578075170517,5.853176e-07,0.0,-17.625431060791016,-0.0002532532809959687
123000,-0.0005856889765709639,2.6374251262950565e-06,-3.6885700643062593,5.4597854e-07,0.0,-11.489812850952148,-0.00020890213961695104
123200,-0.0005759488558396697,2.3501301683381825e-06,-3.6885840594768524,5.096197e-07,0.0,-8.561408042907715,-0.0002564344984589351
123400,-0.0006592730060219765,2.2825200687748294e-06,-3.688587212562561,6.1035155e-07,0.0,-11.555031776428223,-0.00026692014387025287
123600,-0.0002309358533238992,2.3695937187540038e-06,-3.688585031032562,2.7805567e-07,0.0,-8.73933219909668,-0.0001276805462372188
123800,-0.0006420788704417646,2.2998898202786223e-06,-3.688582718372345,5.015731e-07,0.0,-13.826131820678711,-0.0002390669434794379
124000,-0.0005464550340548158,2.308058390099177e-06,-3.688584899902344,3.519654e-07,0.0,-6.900540351867676,-0.00019505741446272927
124200,-0.0005333022563718259,2.3044348779421854e-06,-3.6885931134223937,4.655123e-07,0.0,-11.625158309936523,-0.00021062413160257698
124400,-0.000644619227387011,2.286284379238168e-06,-3.6885873913764953,4.7653913e-07,0.0,-9.456676483154297,-0.00020280343390788325
124600,-0.0005262524355202913,2.3714720953194044e-06,-3.6885892152786255,4.87864e-07,0.0,-10.717697143554688,-0.00021802624248392632
124800,-0.0002884317364078015,2.2175866746465545e-06,-3.688582944869995,5.480647e-07,0.0,-6.314013481140137,-0.0002367757271781734
125000,-0.0003269149165134877,2.2892473538149717e-06,-3.688583767414093,3.8057567e-07,0.0,-8.394590377807617,-0.00018320953799344508
125200,-0.0005372825544327497,2.0447769287557093e-06,-3.6885919511318206,4.860759e-07,0.0,-6.992928504943848,-0.00024696630910308047
125400,-0.0006289209122769535,2.150890611574141e-06,-3.688583719730377,4.6372415e-07,0.0,-9.70798110961914,-0.0002133942990551585
125600,-0.0004683723673224449,2.2210889056850647e-06,-3.68858739733696,2.9504298e-07,0.0,-10.722735404968262,-0.00012958937136318128
125800,-0.0005245445645414293,2.2231050422760745e-06,-3.688585215806961,5.1140785e-07,0.0,-9.96701717376709,-0.00022333887059493572
126000,-0.0003631185682024807,2.1438736496293132e-06,-3.6885706901550295,3.1232835e-07,0.0,-5.231110095977783,-0.0001482063698638292
126200,-0.0004493460583034903,2.2248036117389345e-06,-3.688572698831558,4.6312812e-07,0.0,-9.3771390914917,-0.0002247087682497817
126400,-0.00012036736006848514,2.2124511104948395e-06,-3.6885683596134187,2.4944543e-07,0.0,-11.3312349319458,-0.00013539938592638245
126600,-0.0002662334591150284,2.072747133752273e-06,-3.68857684135437,3.5077335e-07,0.0,-17.785749435424805,-0.00018409918167343607
126800,-0.000735064793843776,2.1600021568701775e-06,-3.688581222295761,5.5283306e-07,0.0,-7.983246803283691,-0.0002455816259816834
127000,-0.00043704171548597515,2.085300465637374e-06,-3.688578945398331,5.0514933e-07,0.0,-10.28275203704834,-0.0002147552602691616
127200,-0.0005199775914661586,2.195308834984644e-06,-3.688579094409943,4.2855737e-07,0.0,-6.976351261138916,-0.00019552831210186694
127400,-0.0004628289316315204,2.098861855870382e-06,-3.6885681450366974,4.6819451e-07,0.0,-6.586783409118652,-0.00020897594289603916
127600,-0.0005652495310641825,2.2759564188845616e-06,-3.688570648431778,3.6478042e-07,0.0,-7.793615341186523,-0.0001970838758995175
127800,-0.0004094175237696618,2.1233214908988886e-06,-3.688567453622818,4.1216612e-07,0.0,-4.334157466888428,-0.00017650167650186123
128000,-0.0007236803066916764,2.2141328258840077e-06,-3.6885754346847532,5.748868e-07,0.0,-8.427458763122559,-0.000247869853948135
128200,-0.00046735029900446534,2.0932064956014075e-06,-3.688570982217789,4.1425227e-07,0.0,-4.862699508666992,-0.00021281977868052858
128400,-0.0002400574303464964,2.1217965667119644e-06,-3.688570910692215,4.7355888e-07,0.0,-7.13498592376709,-0.00018072867426781601
128600,-0.000545333547051996,2.1944574825738526e-06,-3.688573348522186,5.534291e-07,0.0,-14.146191596984863,-0.00026457697780825075
128800,-0.0007769947987981141,1.8575394648223665e-06,-3.6885856688022614,6.315112e-07,0.0,-3.4032540321350098,-0.00028333422409059227
129000,-0.0008450634777545929,2.141011020739825e-06,-3.6885843873023987,5.9843063e-07,0.0,-8.309858322143555,-0.0002832772047759224
129200,-0.0004823208728339523,2.0346324077991086e-06,-3.6885869562625886,3.874302e-07,0.0,-9.773431777954102,-0.00019486591569375377
129400,-0.0003872645029332489,2.2925149778529885e-06,-3.688582938909531,3.233552e-07,0.0,-9.774577140808105,-0.0001709896704516156
129600,-0.0004358365258667618,2.0974556520059194e-06,-3.6885833144187927,4.1931867e-07,0.0,-6.602048397064209,-0.00019574566171178808
129800,-0.0005576099501922727,2.1112551877422446e-06,-3.6885768830776215,5.4448844e-07,0.0,-6.602617263793945,-0.00024055597041336695
130000,-0.00021192301937844604,1.9861268157228553e-06,-3.6885828733444215,2.7686357e-07,0.0,-3.182199001312256,-0.00013849075074705562
130200,-0.0005335221067070961,2.0705389061959067e-06,-3.688582694530487,4.4375656e-07,0.0,-8.754053115844727,-0.0002199036223295092
130400,-0.0004530465230345726,2.0934848748765943e-06,-3.6885839700698853,3.1203032e-07,0.0,-11.302666664123535,-0.00017811178853821552
130600,-0.0005795707693323493,2.049167824225151e-06,-3.688577437400818,3.656745e-07,0.0,-8.741438865661621,-0.00017929042776614333
130800,-0.0003799752739723772,2.187028704270233e-06,-3.6885759949684145,4.2498112e-07,0.0,-6.9801740646362305,-0.00019074218597234794
131000,-0.00022250165056902915,1.9778857335950304e-06,-3.6885840356349946,2.5063753e-07,0.0,-11.382575988769531,-0.00013240489978763036
131200,-0.0005023505655117333,1.9276621259223248e-06,-3.6885878443717957,5.4597854e-07,0.0,-10.709550857543945,-0.0002447480574896854
131400,-0.0002562780282460153,1.8968130603980171e-06,-3.6885886907577516,3.5792593e-07,0.0,-6.599140167236328,-0.00015043022522467364
131600,-0.0003512197872623801,2.1606553644915038e-06,-3.688577079772949,3.758073e-07,0.0,-7.262990951538086,-0.00017129316887303235
131800,-0.0006063486798666418,2.055112804555392e-06,-3.6885881960391997,3.8534404e-07,0.0,-8.293417930603027,-0.00020778070321375575
132000,-0.0002692452981136739,1.9326326338386935e-06,-3.6885835945606233,3.8683416e-07,0.0,-8.796282768249512,-0.0001885536537599819
132200,-0.00038038293132558465,1.9070780723495773e-06,-3.6885761857032775,3.6478045e-07,0.0,-7.728075981140137,-0.00018747785782080584
132400,-0.00045619800221174955,1.9375130591470226e-06,-3.6885832071304323,3.0487777e-07,0.0,-11.379648208618164,-0.0001679026788978577
132600,-0.0003695129416882992,1.9034537842799183e-06,-3.6885860681533815,3.7521127e-07,0.0,-4.367452144622803,-0.00019703557998127508
132800,-0.0006542001501657069,2.1582106171536e-06,-3.6885900437831878,6.845594e-07,0.0,-9.923295021057129,-0.00027666753296933243
133000,-0.00030146399512887,2.117343328222887e-06,-3.688592052459717,6.106496e-07,0.0,-6.456190586090088,-0.00027932508363083807
133200,-0.0002800886577460915,1.8877200119504777e-06,-3.6886044323444365,4.3064352e-07,0.0,-12.154915809631348,-0.00022948132421742872
133400,-0.00029952795011922717,1.9970548095216145e-06,-3.688593739271164,4.2766334e-07,0.0,-8.520105361938477,-0.00017815406733097118
133600,-0.0006135280127637088,1.8965080741395468e-06,-3.688596326112747,5.248189e-07,0.0,-4.025325775146484,-0.0002407304412329836
133800,-0.00036149329389445484,2.0879030330434035e-06,-3.6885919868946075,4.7773125e-07,0.0,-13.478310585021973,-0.00020382318673903833
134000,-0.00031884718919172883,1.9337366950367143e-06,-3.68859144449234,3.3825637e-07,0.0,-8.369284629821777,-0.00015079976667835558
134200,-0.0003781586419790983,2.0638890617874495e-06,-3.6886013209819795,4.3958426e-07,0.0,-6.887944221496582,-0.0002342553126251312
134400,-0.0004461861390154809,2.0203716474043175e-06,-3.68860377073288,3.7789346e-07,0.0,-8.999855041503906,-0.00015948110874608457
134600,-0.0005792379379272461,1.934780365786537e-06,-3.68860547542572,3.9339068e-07,0.0,-6.973430156707764,-0.00019197955914899146
134800,-0.0003119285393040627,1.95518785517379e-06,-3.6886048793792723,4.2021276e-07,0.0,-10.461295127868652,-0.00018337498740588208
135000,-0.00040343738510273397,1.8738065762136102e-06,-3.6886072397232055,3.85046e-07,0.0,-10.117056846618652,-0.00019815929932986975
135200,-0.0005477741942740977,1.9046327537353136e-06,-3.6886039793491365,4.4047835e-07,0.0,-7.930394172668457,-0.0002042891671176328
135400,-0.0006027223425917327,1.8285118017047353e-06,-3.688609331846237,4.8607586e-07,0.0,-8.599288940429688,-0.00021938913980534824
135600,-0.0004341677122283727,1.94679790297414e-06,-3.688601702451706,5.9396024e-07,0.0,-8.93747615814209,-0.00023927864415236312
135800,-0.0003787597524933517,1.6903853861549578e-06,-3.688609743118286,2.7358533e-07,0.0,-5.948174476623535,-0.0001249797044292844
136000,-0.0005558126140385866,1.894920532663491e-06,-3.68859868645668,4.5120717e-07,0.0,-9.205065727233887,-0.00020101451816538772
136200,-0.0007255955715663731,1.931241939701067e-06,-3.688601279258728,6.0886146e-07,0.0,-4.9679436683654785,-0.0002513986981595107
136400,-0.0006296018254943192,2.0309946734187178e-06,-3.688599222898483,4.9024817e-07,0.0,-7.332541465759277,-0.00023916462199577993
136600,-0.0005892107146792114,1.980764568543236e-06,-3.6886030733585358,4.3302776e-07,0.0,-12.080471992492676,-0.00019985596817968522
136800,-0.0004254587402101606,1.8591853603311392e-06,-3.6886074364185335,3.7908552e-07,0.0,-13.672845840454102,-0.00020196892358990138
137000,-0.00043744605500251055,1.7750920704884265e-06,-3.6886103630065916,3.9815902e-07,0.0,-10.237610816955566,-0.00020699870511684538
137200,-0.0004186713194940239,2.031246702927092e-06,-3.6886148691177367,3.9845708e-07,0.0,-14.533407211303711,-0.0001789226391351817
137400,-0.0006218389607965946,1.6770730070447827e-06,-3.6886027097702025,5.5283306e-07,0.0,-4.191191673278809,-0.0002624188797501592
137600,-0.00034056935692206025,1.8900021757417561e-06,-3.68860787153244,3.8683416e-07,0.0,-9.004619598388672,-0.00018270042420431842
137800,-0.00041042754310183227,1.7810729673328751e-06,-3.6886120557785036,4.094839e-07,0.0,-9.433504104614258,-0.00020755889430734697
138000,-0.00036212991108186543,1.9095123263923598e-06,-3.688603085279465,4.4614077e-07,0.0,-7.153867721557617,-0.0002068764563664338
138200,-0.0005725903902202845,1.8622584832428401e-06,-3.688612139225006,4.5627354e-07,0.0,-7.786197662353516,-0.0002015613462888255
138400,-0.00041908930870704353,1.6762671521064477e-06,-3.688618838787079,4.4018032e-07,0.0,-13.224629402160645,-0.00021697592737341954
138600,-0.0006289812736213207,1.8958198722884844e-06,-3.6886123716831207,5.930662e-07,0.0,-6.603937149047852,-0.0002863147237828878
138800,-0.00043718283995985985,1.881246734569686e-06,-3.688613599538803,3.951788e-07,0.0,-9.592384338378906,-0.000184267819110584
139000,-0.00047247137990780175,1.919545607620421e-06,-3.688611900806427,4.0590763e-07,0.0,-9.06545639038086,-0.0001855599884547754
139200,-0.00033736220211721957,1.785699959100384e-06,-3.688610774278641,4.2527913e-07,0.0,-10.385293960571289,-0.00019072472982563095
139400,-0.0003679694782476872,1.8461845542105947e-06,-3.688604545593262,5.862117e-07,0.0,-6.807252407073975,-0.00020207069875795015
139600,-0.0004055207537021488,1.7752002662518863e-06,-3.6886172711849214,3.3080576e-07,0.0,-11.749794960021973,-0.00017013162303953778
139800,-0.00038737774593755603,1.82170580131924e-06,-3.688607430458069,3.6984682e-07,0.0,-8.4389009475708,-0.0001825627537709984
140000,-0.0004197930684313178,1.77135489138891e-06,-3.6886044919490812,2.9414892e-07,0.0,-7.167611122131348,-0.00013833845331112649
140200,-0.0007601836114190519,1.8576485246057927e-06,-3.6886010825634004,7.021427e-07,0.0,-5.02590274810791,-0.00029388761565298795
140400,-0.0003197799378540367,1.7451895899966984e-06,-3.6886179208755494,3.3199785e-07,0.0,-16.609874725341797,-0.0001767363251078624
140600,-0.00045090477215126157,1.6542116412665564e-06,-3.6886099755764006,6.058812e-07,0.0,-7.077563285827637,-0.000289307726897281
140800,-0.0005027857841923833,1.7594273458598763e-06,-3.688612186908722,4.3809413e-07,0.0,-4.5297393798828125,-0.00021201050434012104
141000,-0.0004982351092621684,1.9074359670412377e-06,-3.688612139225006,3.6895275e-07,0.0,-10.891895294189453,-0.00015917796379811834
141200,-0.0005065459408797324,1.7545558080200862e-06,-3.6886018991470335,4.205108e-07,0.0,-9.377908706665039,-0.00020108479290552593
141400,-0.0004749056533910334,1.7062706660908589e-06,-3.6886005878448485,4.4971705e-07,0.0,-9.05156421661377,-0.00021310226529214216
141600,-0.0003277867508586496,1.7355796416040902e-06,-3.688603276014328,2.7596948e-07,0.0,-9.137948036193848,-0.00014037852763477688
141800,-0.0005547981127165258,1.7609692491760142e-06,-3.688609266281128,3.9279462e-07,0.0,-7.140077590942383,-0.00018134653612629227
142000,-0.0005030209431424737,1.823583085069913e-06,-3.688613110780716,3.349781e-07,0.0,-6.932192802429199,-0.00018177236525480646
142200,-0.00043431291123852134,1.7576084445636297e-06,-3.68861363530159,3.8802625e-07,0.0,-8.23786449432373,-0.00018427127582039128
142400,-0.0005268119857646525,1.8724088789667804e-06,-3.6886106073856353,5.492568e-07,0.0,-8.877209663391113,-0.0002499205475937849
142600,-0.0005693636485375464,1.7564908006306723e-06,-3.6886121809482573,3.7550927e-07,0.0,-10.12768268585205,-0.0001791159122920938
142800,-0.0004115646588616073,1.6375620646158495e-06,-3.6886146664619446,4.5120717e-07,0.0,-11.102797508239746,-0.00021458718125528798
143000,-0.0003032242530025542,1.697649553022984e-06,-3.6886163890361785,3.0875205e-07,0.0,-7.171775817871094,-0.00015930543874944635
143200,-0.0004787190700881183,1.8078351132544412e-06,-3.688612049818039,5.7071446e-07,0.0,-6.74835205078125,-0.00024239279393087899
143400,-0.00040733636706136167,1.6513592555611467e-06,-3.6886195063591005,4.559755e-07,0.0,-4.797825813293457,-0.00022123076041156154
143600,-0.0004861028864979744,1.8319451868364923e-06,-3.6886340379714966,4.464388e-07,0.0,-17.172067642211914,-0.00021577479668075661
143800,-0.0004092601593583822,1.8727161233300648e-06,-3.6886282563209534,5.0127505e-07,0.0,-4.392817497253418,-0.00024461765519889767
144000,-0.0004124408005736768,1.6380719614517147e-06,-3.688635766506195,4.9889087e-07,0.0,-10.150774002075195,-0.00021453231565919938
144200,-0.0006709470762871206,1.8042574652099574e-06,-3.6886105716228483,5.7905913e-07,0.0,-7.117330551147461,-0.00024040438200041426
144400,-0.00043855104013346136,1.798493113369659e-06,-3.688613384962082,5.102157e-07,0.0,-8.74394702911377,-0.00020538050106257976
144600,-0.0004524437536019832,1.6789794329952202e-06,-3.6886137247085573,4.3213367e-07,0.0,-7.417720794677734,-0.00020979818712429932
144800,-0.00033923264709301293,1.6587094080477982e-06,-3.6886118769645693,2.0861626e-07,0.0,-7.7602033615112305,-0.00013535848251002846
145000,-0.0005101764691062272,1.7706261786543108e-06,-3.688608193397522,3.4630298e-07,0.0,-6.890814781188965,-0.00016355147812645575
145200,-0.00028211710741743445,1.7078015048355156e-06,-3.6886172115802767,3.4183265e-07,0.0,-9.453043937683105,-0.000163505331276248
145400,-0.0007709047058597207,1.6683672399153693e-06,-3.68861665725708,5.8501956e-07,0.0,-7.015053749084473,-0.00023661646285517702
145600,-0.00042879689135588706,1.6635747016380264e-06,-3.6886148035526274,4.607439e-07,0.0,-9.358742713928223,-0.00021489250730484245
145800,-0.0005774255841970444,1.7749208808481854e-06,-3.6886099934577943,4.49121e-07,0.0,-10.737019538879395,-0.00022103219904463512
146000,-0.0006117143202573061,1.609016729275936e-06,-3.6885927259922027,5.117059e-07,0.0,-6.945631504058838,-0.00021320921052970788
146200,-0.000460966257378459,1.642799591650146e-06,-3.6886033833026888,3.400445e-07,0.0,-5.653713703155518,-0.0001792551562698419
146400,-0.0005814795731566846,1.668320575731741e-06,-3.6886024594306948,3.1858684e-07,0.0,-9.592806816101074,-0.0001552839406151474
146600,-0.00048591275117360055,1.5382565692334538e-06,-3.6885967314243318,4.3421983e-07,0.0,-9.000577926635742,-0.000200312243421652
146800,-0.0006493746768683195,1.676581186416115e-06,-3.6885973453521728,6.4611436e-07,0.0,-6.37153434753418,-0.0002666535692301686
147000,-0.0004383532505016774,1.66026434271771e-06,-3.6885976612567903,3.8385392e-07,0.0,-12.378596305847168,-0.00018930632020601744
147200,-0.0004059223283547908,1.7326100646641863e-06,-3.6885970652103426,3.6627057e-07,0.0,-3.868906021118164,-0.00017868527829114633
147400,-0.0005314226727932692,1.7100428351568552e-06,-3.688599193096161,4.6163797e-07,0.0,-11.218934059143066,-0.00019823051363218047
147600,-0.00047066822298802435,1.5842227213624938e-06,-3.6886068880558014,4.4465065e-07,0.0,-7.223641395568848,-0.0002229440808541039
147800,-0.0005181345622986555,1.6671796714717857e-06,-3.6886141538619994,3.7461518e-07,0.0,-14.10725212097168,-0.00017228731406215836
148000,-0.00031248509185388684,1.4927241494433474e-06,-3.688606399297714,3.1769275e-07,0.0,-7.149120330810547,-0.0001495719848358057
148200,-0.000433794513810426,1.6734769104687074e-06,-3.6886030972003936,4.9799684e-07,0.0,-8.532209396362305,-0.00023437456624310072
148400,-0.0005608877982012928,1.5349563824429424e-06,-3.6886103630065916,3.951788e-07,0.0,-8.456920623779297,-0.0001945384425614094
148600,-0.0006075932178646326,1.5939824976385352e-06,-3.6886211335659027,4.056096e-07,0.0,-11.335325241088867,-0.00021857536924994037
148800,-0.0006829456542618573,1.565222888189055e-06,-3.6886175632476808,4.1484833e-07,0.0,-8.77157974243164,-0.00022283217166387814
149000,-0.0005510522169061005,1.6763681429665667e-06,-3.6886133670806887,4.518032e-07,0.0,-6.8952317237854,-0.0002226876190004612
149200,-0.0004572550533339381,1.5435159980370373e-06,-3.6886182487010957,3.9756299e-07,0.0,-7.475019454956055,-0.00017527893284139396
149400,-0.0002528935729060322,1.6777510552401508e-06,-3.688610726594925,3.6478042e-07,0.0,-8.620207786560059,-0.00017002519998312592
149600,-0.0004618185921572149,1.6050337364958978e-06,-3.6886160612106322,4.2617322e-07,0.0,-10.048800468444824,-0.00020833051236479605
149800,-0.0006016066763550043,1.4875217260623685e-06,-3.6886154115200043,4.786253e-07,0.0,-8.122179985046387,-0.00022124926752710162
150000,-0.0003931623650714755,1.5510062382873003e-06,-3.6886061429977417,3.3378603e-07,0.0,-11.047311782836914,-0.00016871061861616353
150200,-0.0005030644242651761,1.7033512477837576e-06,-3.6886091411113737,3.477931e-07,0.0,-3.837151050567627,-0.00018035571302863485
150400,-0.0007868132670409977,1.6695659837751008e-06,-3.688612639904022,4.5657157e-07,0.0,-7.8349199295043945,-0.0002195966236515634
150600,-0.0004724208847619593,1.5404181510803027e-06,-3.688616234064102,4.3541195e-07,0.0,-8.138727188110352,-0.00023027506467632186
150800,-0.00035334521089680493,1.609809362435044e-06,-3.6886114895343782,2.5093556e-07,0.0,-15.629716873168945,-0.00014219243882644949
151000,-0.0006506094359792769,1.6348375226016288e-06,-3.6886149823665617,5.754829e-07,0.0,-7.9607038497924805,-0.0002122846384003285
151200,-0.00042582713649608195,1.6575020481468527e-06,-3.6886057019233705,4.5329335e-07,0.0,-10.79166316986084,-0.00023064653403657154
151400,-0.0004918972845189273,1.5155832386426483e-06,-3.6886143565177916,5.239248e-07,0.0,-5.823363304138184,-0.00023008559510754312
151600,-0.0004311653901822865,1.6653682138212389e-06,-3.688621860742569,3.4183265e-07,0.0,-10.29416275024414,-0.00016886673777032345
151800,-0.00029037767671979964,1.5283001772559146e-06,-3.6886161625385285,4.0382145e-07,0.0,-9.856484413146973,-0.00019836459020268206
152000,-0.000339885416906327,1.5121416680585753e-06,-3.6886138916015625,4.5090914e-07,0.0,-4.2117767333984375,-0.0001943062537627327
152200,-0.000536069564986974,1.5862047405335033e-06,-3.6886271119117735,5.361438e-07,0.0,-13.556029319763184,-0.00023568141473675474
152400,-0.0003268797299824655,1.4994407791846242e-06,-3.688620811700821,3.7372115e-07,0.0,-9.005719184875488,-0.00017638625261213737
152600,-0.0006423632730729878,1.6309132234937352e-06,-3.688621997833252,5.447865e-07,0.0,-6.639851093292236,-0.00022927751388825967
152800,-0.000542995345313102,1.4770316170142905e-06,-3.6886232018470766,4.830956e-07,0.0,-4.498394966125488,-0.00024038392073815195
153000,-0.0003837795229628682,1.6886989328668279e-06,-3.6886237263679504,4.425645e-07,0.0,-13.429438591003418,-0.00021618218789090093
153200,-0.00024614142603240907,1.6437102658528602e-06,-3.688615673780441,3.1381845e-07,0.0,-7.194354057312012,-0.00014212397406794254
153400,-0.00044984108535572886,1.503264621760536e-06,-3.688621574640274,4.2706728e-07,0.0,-8.029885292053223,-0.00021188350217945517
153600,-0.0006759491516277194,1.4922563863706274e-06,-3.688625878095627,4.2170285e-07,0.0,-10.392365455627441,-0.0002064451410681123
153800,-0.00032460884540341794,1.5578143575112335e-06,-3.6886277735233306,4.8339365e-07,0.0,-11.808918952941895,-0.00024059996075584956
154000,-0.0003187904949299991,1.5416635221754404e-06,-3.6886267840862272,2.8043985e-07,0.0,-6.54098653793335,-0.0001425593936219993
154200,-0.0006475493428297341,1.5342240232030235e-06,-3.68862646818161,5.00977e-07,0.0,-8.067620277404785,-0.00024760782696613414
154400,-0.00021107879001647234,0.00020088705714442766,-3.688746964931488,1.9878149e-07,0.0,-3.509276866912842,-0.000131760910411316
154600,-0.0002996909024659544,7.820880837243749e-05,-3.6886680901050566,2.7894973e-07,0.0,-0.7924879789352417,-0.00014773505862919478
154800,-0.0004602729168254882,6.755914273526287e-05,-3.68862122297287,3.2812358e-07,0.0,-0.7574770450592041,-0.00016815803918017734
155000,-0.000404458143748343,2.1662350377482653e-05,-3.688622760772705,3.007054e-07,0.0,-0.46740150451660156,-0.00013355291034395923
155200,-0.0002040560939349234,2.0702852339127276e-05,-3.688623070716858,4.7117473e-07,0.0,-0.10191988945007324,-0.000204429582450949
155400,-0.00035743199987336993,3.059357736674428e-05,-3.6886292576789854,3.3259388e-07,0.0,-0.2346816062927246,-0.00015701323051722226
155600,-0.0005599164869636297,1.749704410940467e-05,-3.6886386215686797,4.6044588e-07,0.0,-0.20503699779510498,-0.0002126556194239182
155800,-0.0005583259044215083,1.4501471537187171e-05,-3.6886348187923432,5.2809713e-07,0.0,-0.16776049137115479,-0.00022175294197133156
156000,-0.0004566744901239872,1.8481688402971486e-05,-3.688627725839615,3.6358836e-07,0.0,-0.06127583980560303,-0.00017242160282375795
156200,-0.0003391278150957078,2.9349505075515482e-05,-3.688635915517807,3.6031005e-07,0.0,-0.030884385108947754,-0.00020245779955558875
156400,-0.0003807212633546442,2.5526136005282753e-05,-3.688642591238022,3.3825637e-07,0.0,-0.012992620468139648,-0.00015745870767285285
156600,-0.0003799026890192181,3.425821246310079e-05,-3.688642531633377,3.325939e-07,0.0,-0.0016322135925292969,-0.00016535426696533405
156800,-0.0003467537753749639,1.6606537451480106e-05,-3.688638228178024,5.5372715e-07,0.0,0.015776336193084717,-0.00023945629777175626
157000,-0.0005584810860455036,3.587849500945595e-05,-3.6886423528194427,5.096197e-07,0.0,0.037090957164764404,-0.00023954704685182903
157200,-0.0004121888487134129,3.5468149735606855e-05,-3.688645726442337,3.8772822e-07,0.0,0.010832726955413818,-0.00016356557928974834
157400,-0.0006464693578891456,1.1811823446805647e-05,-3.688643270730972,4.991889e-07,0.0,0.11009043455123901,-0.00024170813015302883
157600,-0.00035614368971437216,4.290866104383895e-05,-3.688631367683411,3.5136938e-07,0.0,0.03477311134338379,-0.00016794378982751824
157800,-0.0005750598502345383,6.77466544402705e-05,-3.6886379063129424,4.9829487e-07,0.0,0.005000054836273193,-0.000228062386139527
158000,-0.00044956273632124066,2.6067765588777547e-05,-3.688643842935562,3.2693148e-07,0.0,0.03149384260177612,-0.00017677729112188789
158200,-0.000568681163713336,1.625161817173648e-05,-3.6886384308338167,3.5822393e-07,0.0,0.038052141666412354,-0.0001617758568868366
158400,-0.0006241803057491779,2.206997146458889e-05,-3.6886377155780794,4.7832725e-07,0.0,0.06873124837875366,-0.0002290308039101685
158600,-0.0009232094744220376,2.2496295014207134e-05,-3.6886307418346407,7.340312e-07,0.0,0.08584767580032349,-0.0002794867010802671
158800,-0.0006445858743973076,2.6452581550984178e-05,-3.688622331619263,5.4985287e-07,0.0,0.021077275276184082,-0.0002454710315460074
159000,-0.00034663817496038973,2.012779209508153e-05,-3.6886199831962587,4.0590766e-07,0.0,0.0734783411026001,-0.00018602101391205217
159200,-0.0005533680669032037,1.395196954945277e-05,-3.6886260330677034,4.348159e-07,0.0,-0.06838834285736084,-0.0002166929709908061
159400,-0.0006755326758138835,1.3873209331904945e-05,-3.688627988100052,5.6654216e-07,0.0,0.11057084798812866,-0.00022892856640526204
159600,-0.0004885742673650384,2.585803381407459e-05,-3.688621813058853,5.4180623e-07,0.0,0.1238173246383667,-0.00021909716007519897
159800,-0.00028978954651392996,3.620130510171293e-05,-3.688608777523041,3.4779308e-07,0.0,0.04584908485412598,-0.00016973394200698878
160000,-0.0004401721525937319,2.4809415617710328e-05,-3.6886102318763734,3.4183265e-07,0.0,0.10900229215621948,-0.0001597642307531233
160200,-0.0007414755527861416,1.9796861852228177e-05,-3.688610780239105,4.5627354e-07,0.0,-0.16305172443389893,-0.00024207538226992398
160400,-0.000661867146845907,1.4418177283914701e-05,-3.6886024296283724,5.376339e-07,0.0,0.06029695272445679,-0.00025424793313915116
160600,-0.00032623173319734633,1.0413968641387328e-05,-3.6886042833328245,3.4838914e-07,0.0,-0.20900559425354004,-0.00016296509537276903
160800,-0.0006611081189475954,2.9503823543564068e-05,-3.688606548309326,5.424023e-07,0.0,0.12197220325469971,-0.00022264932057531884
161000,-0.000325233704643324,1.3215055332693737e-05,-3.688598769903183,4.6908855e-07,0.0,0.07762068510055542,-0.00021330048186465333
161200,-0.0007701346767134964,1.1233593954784738e-05,-3.688604789972305,4.923344e-07,0.0,0.06105685234069824,-0.0002568268205202451
161400,-0.00035263574682176113,2.702371152736305e-05,-3.688597393035889,3.2216312e-07,0.0,0.04112976789474487,-0.00014085540226234096
161600,-0.0007059472845867276,1.4213330882739682e-05,-3.6885995745658873,6.350875e-07,0.0,-0.02269613742828369,-0.0002793449543986526
161800,-0.00042516994290053844,1.8266848201164976e-05,-3.688595551252365,5.7041643e-07,0.0,0.021774232387542725,-0.00023526915148568416
162000,-0.00038761235191486776,1.8970472524415527e-05,-3.688600242137909,2.7626754e-07,0.0,0.1521092653274536,-0.00015049422551401958
162200,-0.0005341102951206267,3.129097740384168e-05,-3.6885935783386232,5.653501e-07,0.0,0.12325930595397949,-0.00022003713049787433
162400,-0.000595612043980509,1.6947477797657483e-05,-3.688593661785126,4.3332577e-07,0.0,0.08634638786315918,-0.00022281831620114546
162600,-0.0004959264770150185,1.3908543405705131e-05,-3.6885890781879427,5.1349406e-07,0.0,0.0846637487411499,-0.00021682679820866912
162800,-0.00044321268796920776,1.3663147910847329e-05,-3.688586586713791,5.5015084e-07,0.0,0.1435827612876892,-0.00021819394793988202
163000,-0.00037093099672347307,2.1248373468552017e-05,-3.688581037521362,4.10676e-07,0.0,0.0693812370300293,-0.00019285790552590055
163200,-0.0006047110655345023,5.1429958875814916e-05,-3.6885876953601837,5.6713816e-07,0.0,-0.029488801956176758,-0.0002291820809674494
163400,-0.0004788230871781707,3.7943318875477414e-05,-3.6885858714580535,4.3213367e-07,0.0,0.0646783709526062,-0.00021363642730061195
163600,-0.0004341062158346176,1.9584303709052618e-05,-3.6885982036590574,4.2706728e-07,0.0,0.010695874691009521,-0.0001938826902232904
163800,-0.0005580739234574139,8.910739984457905e-06,-3.6885822832584383,6.54161e-07,0.0,0.19208687543869019,-0.00023910374701938686
164000,-0.0006149151595309377,4.132806525376509e-05,-3.688604712486267,5.0485136e-07,0.0,0.13228076696395874,-0.0002321883447963913
164200,-0.0003227081324439496,2.1690284870601318e-05,-3.6885867059230804,3.9219856e-07,0.0,-0.19507133960723877,-0.00018866101717702756
164400,-0.00025284814182668924,2.2888991293257276e-05,-3.6885956108570097,5.0544736e-07,0.0,-0.1025158166885376,-0.00020106971378415218
164600,-0.0004818020388484001,8.721284734747314e-06,-3.688604176044464,4.8577783e-07,0.0,-0.03130757808685303,-0.00021972684563600353
164800,-0.0004440546326804906,3.156369389216707e-05,-3.688609689474106,5.018711e-07,0.0,0.00307542085647583,-0.00020382471310518291
165000,-0.0005726401577703655,5.292379064485431e-05,-3.6885987758636474,4.10378e-07,0.0,0.04551118612289429,-0.00019194039605201495
165200,-0.0003549571556504816,1.632379846796539e-05,-3.6885918200016024,3.5703184e-07,0.0,0.08105343580245972,-0.0001715373103547968
165400,-0.0003016847185790539,1.2037657279506675e-05,-3.688600331544876,2.5570392e-07,0.0,0.054863929748535156,-0.00013973157565509985
165600,-0.0002465536235831678,1.1332323947499389e-05,-3.6885969161987306,2.5659799e-07,0.0,-0.025371909141540527,-0.00012173317417716323
165800,-0.0002596541016828269,2.7866908931173383e-05,-3.688594251871109,3.9458274e-07,0.0,0.08952140808105469,-0.00017482695730706155
166000,-0.000512438069563359,1.7568934026712668e-05,-3.688597023487091,3.9726496e-07,0.0,0.03651851415634155,-0.000233886316158749
166200,-0.0006236233748495579,1.8485504938325903e-05,-3.6886062383651734,4.041195e-07,0.0,0.10541331768035889,-0.00020212451875245563
166400,-0.0004451700660865754,1.0264461673159531e-05,-3.6885940432548523,4.932284e-07,0.0,0.02141934633255005,-0.00023199903994823855
166600,-0.0003675893822219223,1.1960254903442547e-05,-3.6885935783386232,4.9322847e-07,0.0,0.10192739963531494,-0.00021801433364863066
166800,-0.0005627497448585927,2.263072317418846e-05,-3.688590383529663,4.553795e-07,0.0,-0.01594674587249756,-0.00023514005480209654
167000,-0.0006095052813179791,1.4979318711993983e-05,-3.6885838389396666,5.760789e-07,0.0,0.11297696828842163,-0.0002212491920402737
167200,-0.00027626665541902184,1.0931670328773179e-05,-3.6885679602622985,4.1514636e-07,0.0,0.08780241012573242,-0.00020804765614435006
167400,-0.00040324474684894085,3.7513443476200334e-05,-3.688583880662918,4.8339365e-07,0.0,0.12166339159011841,-0.00021954199641276427
167600,-0.0004373679112177342,1.7055155558409753e-05,-3.6885713756084444,3.71933e-07,0.0,-0.016606807708740234,-0.00016295847356224692
167800,-0.00047797217848710716,2.9101133418407698e-05,-3.6885707914829253,3.761053e-07,0.0,0.1167946457862854,-0.00017430307133986522
168000,-0.0004211027699057013,1.578301657900738e-05,-3.688585716485977,4.0799378e-07,0.0,0.19889956712722778,-0.0001997704058749883
168200,-0.00039788553840480745,1.952835150405008e-05,-3.688582348823547,4.4077635e-07,0.0,0.089832603931427,-0.00019366407468976443
168400,-0.0004100678488612175,2.5560792073520135e-05,-3.688570123910904,4.6074393e-07,0.0,0.09203696250915527,-0.0002291004371933969
168600,-0.00047360610915347934,9.132500463238102e-06,-3.688583159446716,9.2416997e-07,0.0,0.15979838371276855,-0.0002992231755561292
168800,-0.0005036965594626963,1.9732671717065386e-05,-3.6885846734046934,3.3974646e-07,0.0,-0.16889727115631104,-0.00015471567590759073
169000,-0.00034807896008715034,3.4188238487331546e-05,-3.6885705471038817,4.389882e-07,0.0,0.052388131618499756,-0.00021587084319867332
169200,-0.0005324598168954253,4.253597021488531e-05,-3.6885669410228727,4.839897e-07,0.0,0.0036128759384155273,-0.00023324461173939158
169400,-0.00029695179546251893,1.658850496824016e-05,-3.6885560750961304,6.1154367e-07,0.0,0.04502838850021362,-0.00027436103786833145
169600,-0.00035320903407409787,1.4952427659409295e-05,-3.688560789823532,4.416704e-07,0.0,0.04619157314300537,-0.0001753972252521052
169800,-0.00041867970139719546,1.2644111643567158e-05,-3.688560312986374,4.631281e-07,0.0,0.12036430835723877,-0.0002204918684213908
170000,-0.0003669605066534132,3.705325807459303e-05,-3.6885611712932587,3.4123659e-07,0.0,0.029936611652374268,-0.0001803388304406406
170200,-0.00041986655560322106,3.295068677289237e-05,-3.6885542988777162,3.59118e-07,0.0,0.0595250129699707,-0.00018714032386663026
170400,-0.0007165934657678008,4.06596976063156e-05,-3.688575214147568,5.862116e-07,0.0,0.07128351926803589,-0.0002561265620894426
170600,-0.0005726953968405724,2.607745254863403e-05,-3.688562273979187,4.0590763e-07,0.0,-0.09122622013092041,-0.00018887820474282612
170800,-0.000579044281039387,1.9857461325045733e-05,-3.6885640203952788,5.221367e-07,0.0,0.02872222661972046,-0.00023347471737463765
171000,-0.0003741316613741219,2.3190900537883864e-05,-3.6885750353336335,4.3421983e-07,0.0,0.08843797445297241,-0.00019295668538273913
171200,-0.0003124596260022372,2.3072312978911212e-05,-3.688570868968964,3.415346e-07,0.0,0.16302353143692017,-0.00018759674588477714
171400,-0.0005430889432318509,2.8373767918310477e-05,-3.688570100069046,4.3720007e-07,0.0,0.12214648723602295,-0.0002018952716173139
171600,-0.0005854974733665586,2.6973153535436722e-05,-3.6885631680488586,4.0382147e-07,0.0,0.09172308444976807,-0.0002081534868222601
171800,-0.0006881349836476147,1.2973473963029391e-05,-3.688574159145355,5.5104493e-07,0.0,-0.036441683769226074,-0.00023902785796610647
172000,-0.00035698991268873215,1.7451337043894455e-05,-3.6885599076747893,2.8938055e-07,0.0,0.09577405452728271,-0.00014638983177497344
172200,-0.0005649483064189553,3.176434320266708e-05,-3.688563120365143,4.6700237e-07,0.0,0.08871334791183472,-0.00022597783722199115
172400,-0.00045379961375147104,2.1547142955569144e-05,-3.688572663068771,3.8176773e-07,0.0,0.011486291885375977,-0.00017547546252212333
172600,-0.0005908908206038177,2.7815409430331785e-05,-3.6885483086109163,4.6193603e-07,0.0,-0.056937336921691895,-0.00022209048330490422
172800,-0.0005412779864855111,1.5595146101077263e-05,-3.6885705530643462,3.3617022e-07,0.0,-0.2793738842010498,-0.00019650079395444608
173000,-0.0005932536441832781,5.003517230761645e-05,-3.6885532677173614,4.6640633e-07,0.0,0.0664786696434021,-0.00022679186582421628
173200,-0.0003203554661013186,1.4136531672193086e-05,-3.688553363084793,3.2216312e-07,0.0,0.0326610803604126,-0.00014907039018661195
173400,-0.00041795289143919945,2.4321883802258527e-05,-3.6885639667510985,4.6670436e-07,0.0,0.013329923152923584,-0.0001991406002972873
173600,-0.00013448696699924767,8.526930814696243e-05,-3.688572198152542,3.8444998e-07,0.0,0.0250665545463562,-0.00018972729028883252
173800,-0.0006730174645781517,3.09904552068474e-05,-3.688569003343582,4.4018032e-07,0.0,0.17774134874343872,-0.00021583594561593866
174000,-0.0007623977726325393,1.6642507875985758e-05,-3.688559865951538,4.7028067e-07,0.0,-0.07307076454162598,-0.00023566500865292994
174200,-0.0005652933032251894,1.2554489103422384e-05,-3.6885650217533112,4.88162e-07,0.0,0.0598483681678772,-0.00021630905437506343
174400,-0.00019067975517828017,2.1705704284613603e-05,-3.6885416567325593,3.59118e-07,0.0,0.037621378898620605,-0.00015750718901847983
174600,-0.0003329573373775929,2.3510795745096403e-05,-3.6885473012924193,3.260374e-07,0.0,0.03453993797302246,-0.00016673970969458552
174800,-0.0003364252333994955,2.121486652413296e-05,-3.6885353863239287,3.683567e-07,0.0,0.21335846185684204,-0.00015357659944459368
175000,-0.0004570794990286231,3.913584264410019e-05,-3.6885522305965424,3.156066e-07,0.0,0.025475800037384033,-0.00016789274190522895
175200,-0.0007278306875377893,2.6020613813670934e-05,-3.688559091091156,4.6491618e-07,0.0,0.09981715679168701,-0.00021488942235270425
175400,-0.0007417377200908959,1.5217529789879335e-05,-3.688547945022583,5.736947e-07,0.0,-0.2032238245010376,-0.0002470889839945589
175600,-0.0005136251566000283,2.1976849893690087e-05,-3.688553786277771,4.3004752e-07,0.0,0.0833364725112915,-0.0002040518076607878
175800,-0.000557779218070209,2.9210573302407283e-05,-3.6885557591915132,4.0799378e-07,0.0,0.05185651779174805,-0.00019948558031877007
176000,-0.0004002434725407511,1.0710329718222056e-05,-3.6885695338249205,3.781915e-07,0.0,0.07694566249847412,-0.00016943332455459091
176200,-0.0004330607480369508,1.662900945120782e-05,-3.6885503053665163,3.8981437e-07,0.0,0.017725825309753418,-0.00018611959471035445
176400,-0.0004438256728462875,4.147338077018503e-05,-3.688558799028397,4.0322544e-07,0.0,0.1058465838432312,-0.0001973359729279256
176600,-0.0004418734461069107,2.7539019447431202e-05,-3.6885616362094877,2.5898217e-07,0.0,0.06005692481994629,-0.00013139617512059054
176800,-0.0003145292866975069,1.7888412230604445e-05,-3.6885712504386903,3.6507848e-07,0.0,0.09161961078643799,-0.0001662064416507847
177000,-0.00046261431998573244,2.2349761457007845e-05,-3.688555043935776,4.6014785e-07,0.0,-0.07748889923095703,-0.00020237708205133041
177200,-0.00031511709676124156,1.5210932292575308e-05,-3.6885665118694306,2.8431418e-07,0.0,-0.21597862243652344,-0.00016165222032804571
177400,-0.0003509814850986004,8.484609168135648e-06,-3.6885352194309236,4.5835975e-07,0.0,-0.12106764316558838,-0.0001839775641399255
177600,-0.0005413501057773829,1.6025350441850604e-05,-3.688552290201187,5.5879354e-07,0.0,0.09736663103103638,-0.00025868435226255037
177800,-0.0005507352761924267,2.6344639854869457e-05,-3.688534116744995,6.2167646e-07,0.0,0.04346597194671631,-0.0002373443092505534
178000,-0.0005077658570371568,1.5937680313982127e-05,-3.688549280166626,4.1097405e-07,0.0,0.1230766773223877,-0.00022007133917112398
178200,-0.00038368673995137215,1.9537151990789427e-05,-3.6885242223739625,3.8444995e-07,0.0,0.031869590282440186,-0.00016348190180224265
178400,-0.000712744309566915,1.5543782660643045e-05,-3.6885477900505066,5.1647424e-07,0.0,-0.04721498489379883,-0.0002236296998508358
178600,-0.0007496557664126158,1.2938789564032049e-05,-3.6885275304317475,5.2005055e-07,0.0,0.10796064138412476,-0.00024631212697476257
178800,-0.0006688357680104673,3.873693572131742e-05,-3.688520038127899,5.64754e-07,0.0,-0.03728687763214111,-0.00022993747120597096
179000,-0.0003371719503775239,2.5474766016486682e-05,-3.688524180650711,5.584955e-07,0.0,0.009093403816223145,-0.0002621376286318089
179200,-0.0003976347215939313,1.868552349151287e-05,-3.6885140776634215,3.8802625e-07,0.0,0.11500555276870728,-0.00016590861643445143
179400,-0.00032707740319892764,1.8559226828074315e-05,-3.688536506891251,3.671646e-07,0.0,0.014303803443908691,-0.00018691978119402818
179600,-0.0004360491002444178,2.360193821004941e-05,-3.6885190308094025,3.7640334e-07,0.0,0.0004496574401855469,-0.00018457585552797973
179800,-0.000493472209200263,3.017777112290787e-05,-3.6885375916957854,4.4137238e-07,0.0,-0.039545536041259766,-0.00021611169090931525
180000,-0.0004586686845868826,2.5117455788858933e-05,-3.6885277926921844,5.024672e-07,0.0,0.004219174385070801,-0.00020771186113710538
180200,-0.0005661382456310093,2.9629225855387632e-05,-3.688533753156662,3.9458274e-07,0.0,0.051276981830596924,-0.00019266739572298963
180400,-0.0007090133149176836,1.9564503645597142e-05,-3.6885270535945893,5.9336423e-07,0.0,-0.02648448944091797,-0.00024541141018625813
180600,-0.0004398742748890072,2.17552001686272e-05,-3.6885182559490204,3.8862228e-07,0.0,0.027646899223327637,-0.00019221326763863011
180800,-0.00039852052577771246,1.505823399838846e-05,-3.688534140586853,3.3587216e-07,0.0,0.12849271297454834,-0.00017017870981677062
181000,-0.0007148846634663641,3.665661402010301e-05,-3.6885288894176482,4.979968e-07,0.0,-0.03273320198059082,-0.00020294617085889755
181200,-0.000755876477342099,1.5024452500256302e-05,-3.688541966676712,5.5968763e-07,0.0,0.11686313152313232,-0.0002401579464820003
181400,-0.00043861352605745196,3.473112769825093e-05,-3.6885430753231048,3.7282706e-07,0.0,0.1423403024673462,-0.00018514829340714466
181600,-0.0005608903593383729,1.1477944622129143e-05,-3.6885360062122343,3.8921831e-07,0.0,-0.08566093444824219,-0.0002114043241620678
181800,-0.0006014361279085279,8.645504885862465e-06,-3.688531279563904,4.780293e-07,0.0,0.07353895902633667,-0.00020885136610284682
182000,-0.00048141658771783113,4.9923895312531384e-05,-3.6885150611400603,4.2587516e-07,0.0,-0.0041730403900146484,-0.0001724692437366393
182200,-0.00044140650425106287,1.8231283820568934e-05,-3.688496822118759,5.745888e-07,0.0,-0.2671126127243042,-0.00026602096837426983
182400,-0.0006304321577772498,2.946932640952582e-05,-3.6885134041309358,7.146597e-07,0.0,0.06075984239578247,-0.0003162581601372949
182600,-0.00035951141035184264,1.0958678092265473e-05,-3.6885112464427947,3.9458274e-07,0.0,-0.016733527183532715,-0.00018785929802969114
182800,-0.0007962076924741268,3.9855120530774005e-05,-3.6885101556777955,8.112192e-07,0.0,0.02005082368850708,-0.0003448633835100523
183000,-0.000408846972277388,2.7136250992043642e-05,-3.6885001838207243,2.7030705e-07,0.0,0.03185528516769409,-0.00014599549691820534
183200,-0.0003827057662419975,2.222016921678005e-05,-3.6884897530078886,2.720952e-07,0.0,0.012885630130767822,-0.00014694685866766254
183400,-0.000898407946806401,1.810883022699272e-05,-3.6885152578353884,5.3703786e-07,0.0,-0.056456923484802246,-0.00023530745562725386
183600,-0.0004715989052783698,2.402140553385834e-05,-3.6885013699531557,4.479289e-07,0.0,0.03061443567276001,-0.0002171085169678677
183800,-0.0006985901272855699,1.9315901204208787e-05,-3.6884934484958647,5.3703786e-07,0.0,0.09898322820663452,-0.00023298168240990514
184000,-0.000456874055089429,3.664268515422009e-05,-3.688489353656769,5.829334e-07,0.0,8.052587509155273e-05,-0.00025107310631278246
184200,-0.0005502320127561688,9.758385829172767e-06,-3.6885060131549836,5.120039e-07,0.0,-0.008833169937133789,-0.00021993542785527786
184400,-0.0004321699670981616,2.290489167080523e-05,-3.688504248857498,3.629923e-07,0.0,0.056423306465148926,-0.00015905466941581458
184600,-0.0006252137827686965,1.8491718878976827e-05,-3.6884950280189512,5.438924e-07,0.0,0.13836562633514404,-0.00025239561393539665
184800,-0.00042364574619568884,1.0187668078742717e-05,-3.688497269153595,4.094839e-07,0.0,0.20801997184753418,-0.0002055297496249331
185000,-0.0003611636348068714,3.3967799754464065e-05,-3.6885102152824403,3.516674e-07,0.0,0.11304652690887451,-0.00016797287684346962
185200,-0.000564581889193505,2.8465960031098803e-05,-3.6884836912155152,5.224347e-07,0.0,-0.14997327327728271,-0.00023726575215903266
185400,-0.0004169314634054899,1.8142855265068646e-05,-3.688493233919144,4.86672e-07,0.0,-0.08390438556671143,-0.000216656132917592
185600,-0.0005261003971099854,1.2291466930491879e-05,-3.6884808599948884,4.5984984e-07,0.0,-0.023276329040527344,-0.00023796065399759315
185800,-0.0004216413653921336,4.1400755981158e-05,-3.688498377799988,3.9875508e-07,0.0,0.009057879447937012,-0.00016985692232072137
186000,-0.0005379962385632098,2.1680480995200923e-05,-3.6884736001491545,4.7534704e-07,0.0,0.10376280546188354,-0.00018754582005999775
186200,-0.00046482624020427465,2.6372349748271517e-05,-3.68847593665123,5.576014e-07,0.0,0.0368613600730896,-0.00022559400664440288
186400,-0.000573862052988261,1.0111752408192842e-05,-3.6884763062000276,3.942847e-07,0.0,0.17245429754257202,-0.0001684257023029545
186600,-0.0005209018709138036,1.3881627683076659e-05,-3.688498204946518,6.991625e-07,0.0,0.11011743545532227,-0.0002730433794330134
186800,-0.00028689863393083215,2.3567026642012933e-05,-3.6884865403175353,5.0634145e-07,0.0,0.14932096004486084,-0.00021862368067764314
187000,-0.0005353085580281913,3.3291569798166166e-05,-3.6884965777397154,4.6133994e-07,0.0,0.00859379768371582,-0.00018636028584058107
187200,-0.0005026579601690173,2.4844983317962033e-05,-3.6884941816329957,6.79791e-07,0.0,0.08341026306152344,-0.00026290226173364406
187400,-0.00046589499106630683,1.6043834693846293e-05,-3.6884797275066377,5.6892634e-07,0.0,-0.02325737476348877,-0.00023530242699567605
187600,-0.00037253485061228275,3.017954768438358e-05,-3.688481867313385,4.0441753e-07,0.0,0.02586895227432251,-0.00017436830546762593
187800,-0.0003755571669898927,3.3844540439531556e-05,-3.6884825944900514,3.9875508e-07,0.0,-0.020299792289733887,-0.00018339814861543236
188000,-0.0005981139256618917,1.6181928504011012e-05,-3.688491475582123,5.930662e-07,0.0,0.11273914575576782,-0.00028400856143995235
188200,-0.0003414757957216352,1.6980910913844127e-05,-3.6884817719459533,2.884865e-07,0.0,0.05564570426940918,-0.0001500685881919761
188400,-0.0004738657153211534,2.6023105419881176e-05,-3.6885049045085907,4.5120714e-07,0.0,0.02803945541381836,-0.00020851732599567186
188600,-0.00027268496342003345,2.4222822230512974e-05,-3.6884961068630218,2.4855137e-07,0.0,0.013906538486480713,-0.00012522035766893147
188800,-0.0005199610604904592,3.72135527413775e-05,-3.688482630252838,5.060434e-07,0.0,-0.03992640972137451,-0.00024752892894746025
189000,-0.0005304382648319006,1.896926528388576e-05,-3.688494253158569,4.6283003e-07,0.0,0.09880101680755615,-0.0002394803771317955
189200,-0.0008705948130227625,2.454553502957424e-05,-3.688491290807724,5.51641e-07,0.0,0.03767615556716919,-0.00023089800006144135
189400,-0.000403691636165604,3.174196817781194e-05,-3.688489520549774,3.710389e-07,0.0,0.11522692441940308,-0.00019153144836110415
189600,-0.0002741607604548335,1.2775105028595135e-05,-3.688500148057938,4.196167e-07,0.0,0.11969488859176636,-0.00019508041340986492
189800,-0.0005872442270629108,1.798273783606419e-05,-3.688505744934082,3.5732984e-07,0.0,-0.014080047607421875,-0.00017917771861539756
190000,-0.00030378575320355594,3.805901128544065e-05,-3.68849755525589,3.3020973e-07,0.0,0.03971445560455322,-0.00016089945879411706
190200,-0.0005696981097571552,3.3023650757968426e-05,-3.6885062038898466,5.149841e-07,0.0,0.05775105953216553,-0.00022724908561937428
190400,-0.0005244590574875474,1.380312230594427e-05,-3.688486558198929,5.823374e-07,0.0,-0.0976552963256836,-0.00024898812405398373
190600,-0.0005234756390564144,1.957287176992395e-05,-3.6884993731975557,4.2468307e-07,0.0,0.05478161573410034,-0.00019573745028216293
190800,-0.0006578105385415256,2.017265201175178e-05,-3.688493800163269,5.2005055e-07,0.0,0.06914258003234863,-0.00024302163429046342
191000,-0.00040483599877916276,2.4622286082376378e-05,-3.6885071992874146,4.0590766e-07,0.0,0.05400663614273071,-0.00018276740579915575
191200,-0.0005231125396676362,4.087639972567558e-05,-3.688499188423157,4.4912102e-07,0.0,-0.0008653402328491211,-0.00017425447771359792
191400,-0.0005032807239331305,1.4894525770614564e-05,-3.688493525981903,5.90682e-07,0.0,0.20023584365844727,-0.00024196261438180766
191600,-0.0005632808315567672,2.971766716655111e-05,-3.688489592075348,6.458163e-07,0.0,-0.018161654472351074,-0.0002651345311446729
191800,-0.00037466370849870145,8.324810005433392e-06,-3.688495749235153,4.437566e-07,0.0,-0.0019330978393554688,-0.00022493109159213987
192000,-0.0005453731864690781,2.7750915796787014e-05,-3.6884861052036286,4.4822696e-07,0.0,-0.027583718299865723,-0.00020568092504567038
192200,-0.00036944265593774617,2.343587054838281e-05,-3.6885062158107758,4.905462e-07,0.0,-0.09142422676086426,-0.00023315480417067657
192400,-0.00046660759835503995,1.5699693494752865e-05,-3.688477945327759,5.236268e-07,0.0,0.0321270227432251,-0.00021798947920911304
192600,-0.0004037038597743958,9.974172621696198e-06,-3.688499999046326,3.8534404e-07,0.0,0.07412290573120117,-0.00018405082898267366
192800,-0.0006636923062615097,3.331937409711827e-05,-3.688484263420105,6.225705e-07,0.0,-0.022124886512756348,-0.00025803644885792344
193000,-0.000465898570837453,2.0920689917147683e-05,-3.6884995818138124,4.065037e-07,0.0,0.016517162322998047,-0.00019111654940058288
193200,-0.00044872492435388267,2.9949895906611346e-05,-3.6885097920894623,4.2945146e-07,0.0,0.1403878927230835,-0.00021429988760224283
193400,-0.00036758696660399437,3.066956905968254e-05,-3.6885169982910155,3.054738e-07,0.0,0.047737300395965576,-0.00015600360900087652
193600,-0.0005382861127145588,1.9923475656469235e-05,-3.688510525226593,4.3332577e-07,0.0,0.21373331546783447,-0.00021380650893212393
193800,-0.0005406778072938323,2.039587893705175e-05,-3.6884866833686827,4.786253e-07,0.0,-0.17871618270874023,-0.0002322103120732777
194000,-0.00045697021414525807,2.4526157221771428e-05,-3.688497596979141,5.2660704e-07,0.0,-0.04621756076812744,-0.0002635760829434064
194200,-0.0005944027216173708,3.63307558473025e-05,-3.6884976506233214,4.2557718e-07,0.0,-0.033097028732299805,-0.0002093997512109702
194400,-0.0004688167537096888,2.2638315590484127e-05,-3.688503807783127,3.570318e-07,0.0,0.14701104164123535,-0.00016589294310176417
194600,-0.0003325154248159379,1.3207193455855304e-05,-3.6884980499744415,2.935529e-07,0.0,-0.09915554523468018,-0.00012785033128679402
194800,-0.0003930431848857552,2.8649860905716195e-05,-3.688497942686081,4.4882296e-07,0.0,0.07185375690460205,-0.00023062923007433067
195000,-0.0004184601129963994,1.886015572836186e-05,-3.6885033369064333,7.3462724e-07,0.0,0.10371148586273193,-0.0002608229438960663
195200,-0.0006172940484248102,1.597623659108649e-05,-3.6884874582290648,7.376075e-07,0.0,0.058427631855010986,-0.0002948111599233805
195400,-0.0005654925480484962,4.444449878064916e-05,-3.688485288619995,5.608797e-07,0.0,0.02062058448791504,-0.00027177758890912785
195600,-0.0004888414987362921,2.497449736438284e-05,-3.6884844660758973,3.388524e-07,0.0,0.10336244106292725,-0.0001686013629637273
195800,-0.00043265637941658497,2.669550663085829e-05,-3.688469523191452,3.245473e-07,0.0,0.13007336854934692,-0.00014294859072390144
196000,-0.00038871137076057494,1.4747733666808927e-05,-3.6884776651859283,3.376603e-07,0.0,0.07208698987960815,-0.0001653731168484107
196200,-0.0005905622383579612,2.0721921850963553e-05,-3.6884857773780824,5.146861e-07,0.0,0.057096123695373535,-0.0002570037396336655
196400,-0.0003950613609049469,2.879735015994811e-05,-3.688493400812149,2.8789043e-07,0.0,-0.07072877883911133,-0.00016288180649657314
196600,-0.00044229571358300745,9.043114914675243e-06,-3.688502460718155,4.87268e-07,0.0,0.17117637395858765,-0.0002338307960882302
196800,-0.0005879458039999008,1.9662398858599773e-05,-3.6885089218616485,5.0395727e-07,0.0,0.146775484085083,-0.00020662103018196377
197000,-0.00046112920972518623,1.1541001026671437e-05,-3.688491052389145,3.3468007e-07,0.0,0.0073525309562683105,-0.00016631249311629403
197200,-0.0004994524642825127,2.7265231119599774e-05,-3.688487011194229,4.297495e-07,0.0,0.10837852954864502,-0.00018123570061840956
197400,-0.0005113697843626142,2.1325478974176805e-05,-3.688460463285446,6.1601406e-07,0.0,0.09553885459899902,-0.000256060317229867
197600,-0.0003718122898135334,2.8455085521272848e-05,-3.688468688726425,4.130602e-07,0.0,0.03470909595489502,-0.0001696919674139874
197800,-0.0004407783562783152,9.665491813848347e-06,-3.6884851515293122,3.4362077e-07,0.0,-0.20064544677734375,-0.000182642980644232
198000,-0.0006264707772061229,1.7399130410922225e-05,-3.688457375764847,4.339218e-07,0.0,0.137284517288208,-0.00019885044657370622
198200,-0.0007048978004604578,1.5305921374419994e-05,-3.6884666800498964,3.9875505e-07,0.0,-0.06332099437713623,-0.00020395702143436445
198400,-0.0004975717747583985,1.2833719790705799e-05,-3.6884876012802126,4.4971705e-07,0.0,0.04036080837249756,-0.00019773586217866068
198600,-0.0006052899407222867,1.765856973179325e-05,-3.6884705305099486,5.325675e-07,0.0,-0.005242466926574707,-0.00023181697003735736
198800,-0.000569710333365947,9.72315772287402e-06,-3.688454860448837,5.117059e-07,0.0,0.0009543895721435547,-0.00022166710869235827
199000,-0.0005750596756115556,1.8161188131671223e-05,-3.6884832680225372,4.723668e-07,0.0,0.14820683002471924,-0.0001918367003265864
199200,-0.0004105099360458553,1.471415901050932e-05,-3.6884826898574827,4.5359133e-07,0.0,-0.06555116176605225,-0.00021322389689988342
199400,-0.00025055668083950877,2.2778883362661873e-05,-3.68847741484642,3.671646e-07,0.0,0.11331778764724731,-0.00018711458019839977
199600,-0.0004896711907349527,2.499457036719832e-05,-3.6884812831878664,5.6564807e-07,0.0,0.07160216569900513,-0.00028158337563199964
199800,-0.0005970180500298738,2.09289226859255e-05,-3.68849116563797,5.954504e-07,0.0,0.0001398921012878418,-0.0002210815561381918
200000,-0.0005608752835541964,2.797379661387822e-05,-3.6884743750095366,4.830956e-07,0.0,0.025008201599121094,-0.00022700350721698291
