timestep,loss,value_loss,entropy_loss,approx_kl,clip_fraction,explained_variance,policy_gradient_loss
200,,,,,,,
400,0.012689524330198765,0.03318872582167387,-3.688876336812973,1.4692544e-07,0.0,-4.908604621887207,-0.00014465516770826304
600,0.014954592101275921,0.03121429760940373,-3.688875252008438,1.9818545e-07,0.0,-9.168608665466309,-0.00014266791972032954
800,0.01268092542886734,0.025251224264502527,-3.688873511552811,2.6047232e-07,0.0,-5.714922904968262,-0.00014192619883957036
1000,0.0075739361345767975,0.022166703827679157,-3.6888732314109802,3.3348798e-07,0.0,-5.516757011413574,-0.00015835814207287857
1200,0.009791480377316475,0.02182154986076057,-3.6888729631900787,2.8073788e-07,0.0,-5.2804460525512695,-0.000162731200073285
1400,0.009960726834833622,0.019103249860927464,-3.6888726949691772,3.1590463e-07,0.0,-3.276710033416748,-0.00018537193528560535
1600,0.010083194822072983,0.022744175279513,-3.6888723492622377,1.8626451e-07,0.0,-8.186165809631348,-0.00011329969708424592
1800,0.00775314774364233,0.015550478384830058,-3.6888710618019105,3.1143426e-07,0.0,-2.4307825565338135,-0.00017234360075268906
2000,0.010103736072778702,0.018765310337767006,-3.6888710081577303,2.5361777e-07,0.0,-9.765305519104004,-0.00015590980608735095
2200,0.00748306792229414,0.01762428376823664,-3.688870483636856,4.273653e-07,0.0,-5.303421497344971,-0.00019547232808496683
2400,0.007282642647624016,0.01625404928345233,-3.688869458436966,2.7656557e-07,0.0,-5.631977558135986,-0.0001501014530242317
2600,0.007044003810733557,0.014338185498490929,-3.688868933916092,1.9699335e-07,0.0,-5.649477481842041,-0.00012286376953150047
2800,0.006624577101320028,0.014778111781924962,-3.6888688921928408,2.4855137e-07,0.0,-7.233401298522949,-0.00015224754000435768
3000,0.006683377083390951,0.013298177160322666,-3.688868635892868,3.519654e-07,0.0,-9.46430778503418,-0.0001852394335728036
3200,0.006439632270485163,0.013776899199001491,-3.688868689537048,2.348423e-07,0.0,-8.24566650390625,-0.0001459111117205758
3400,0.005843133665621281,0.01365387300029397,-3.688868749141693,2.5391577e-07,0.0,-7.398358345031738,-0.00014853213606351722
3600,0.00518447533249855,0.010673499619588255,-3.6888684153556826,2.333522e-07,0.0,-5.410052299499512,-0.000123260076941345
3800,0.005158979911357164,0.014520015753805637,-3.6888685166835784,3.0577183e-07,0.0,-11.264238357543945,-0.0001758610385982129
4000,0.004805675242096186,0.01122766884509474,-3.6888677537441255,1.7791986e-07,0.0,-8.265064239501953,-9.831014242935864e-05
4200,0.003832352813333273,0.00887241936288774,-3.6888680934906004,1.9967555e-07,0.0,-6.172436237335205,-0.00011986842776199325
4400,0.004256941378116608,0.00920339891454205,-3.6888686954975127,2.744794e-07,0.0,-9.705177307128906,-0.0001560736748672298
4600,0.004769489634782076,0.010731363808736205,-3.688868486881256,2.7418136e-07,0.0,-4.474000453948975,-0.00015979446594727165
4800,0.003597815753892064,0.008963828370906413,-3.6888691246509553,1.8566847e-07,0.0,-10.271580696105957,-0.00012165294596915288
5000,0.0035114246420562267,0.006653977674432099,-3.688868761062622,2.7537345e-07,0.0,-5.576357364654541,-0.00016468057868908038
5200,0.004705125465989113,0.007935612450819463,-3.688867288827896,3.5136938e-07,0.0,-8.925375938415527,-0.00015947608009660996
5400,0.0028177076019346714,0.006869700434617698,-3.6888674557209016,1.9341707e-07,0.0,-10.38550853729248,-0.00010989400676862937
5600,0.003134808735921979,0.006135837780311704,-3.6888684034347534,3.308058e-07,0.0,-10.5149564743042,-0.00017990423657883724
5800,0.0015741785755380988,0.004838097456377,-3.6888677895069124,3.424287e-07,0.0,-9.586318969726562,-0.00015509186060875814
6000,0.0034715388901531696,0.0067724568652920425,-3.6888683915138243,1.6838312e-07,0.0,-8.860074043273926,-0.0001123854219101772
6200,0.003717880928888917,0.007052281266078353,-3.6888672411441803,2.6077032e-07,0.0,-4.656162261962891,-0.00015550994798267935
6400,0.00282638194039464,0.006149545719381422,-3.688867324590683,9.983778e-08,0.0,-11.540970802307129,-7.161198583977013e-05
6600,0.0021590746473520994,0.005657124117715284,-3.688866710662842,1.7464161e-07,0.0,-12.149442672729492,-0.00012519389362508626
6800,0.0027820204850286245,0.006156000273767859,-3.6888671219348907,2.8461216e-07,0.0,-11.073372840881348,-0.0001704551395620202
7000,0.001751936273649335,0.0057818927452899516,-3.688866877555847,1.8537045e-07,0.0,-5.912370681762695,-0.00012609872258599885
7200,0.002119055949151516,0.004081843991298228,-3.688867038488388,2.0742418e-07,0.0,-7.920356750488281,-0.00013107926066863174
7400,0.0015049789799377322,0.0037533447437454017,-3.688866305351257,2.1010638e-07,0.0,-6.429482460021973,-0.0001279960884715492
7600,0.0017617689445614815,0.005229622882325202,-3.6888649582862856,2.7000902e-07,0.0,-19.27981185913086,-0.0001348609140511492
7800,0.0018030413193628192,0.0038707799569237976,-3.6888653159141542,2.5928023e-07,0.0,-8.884620666503906,-0.00014973255920335826
8000,0.0009698404464870691,0.003107440599706024,-3.6888652563095095,2.3931267e-07,0.0,-11.647655487060547,-0.00013261702626403692
8200,0.0024428910110145807,0.0049226359173189845,-3.6888633966445923,1.8835068e-07,0.0,-17.418642044067383,-0.00011937358934304143
8400,0.0017386771505698562,0.00280932740715798,-3.688864380121231,1.5735627e-07,0.0,-9.34790325164795,-0.00012514280124640287
8600,0.0019220371032133698,0.0037220356171019375,-3.6888634979724886,1.3560057e-07,0.0,-2.7591264247894287,-0.00010024873926761657
8800,0.0020640201400965452,0.003708748923963867,-3.6888634264469147,1.5765428e-07,0.0,-10.419105529785156,-0.00011184387670390983
9000,0.0012591802515089512,0.0037314152927137912,-3.6888633370399475,2.4706125e-07,0.0,-16.959054946899414,-0.000161325910894905
9200,0.0015929338987916708,0.003946690174052492,-3.6888643383979796,1.7315149e-07,0.0,-24.913591384887695,-0.00010651488923907326
9400,0.0013336986303329468,0.0033479890844319016,-3.6888643980026243,1.5467405e-07,0.0,-16.108959197998047,-0.00010356184543399704
9600,0.0007174565689638257,0.0023390151502098886,-3.688863271474838,2.4586916e-07,0.0,-6.097081184387207,-0.00014349467742174048
9800,0.0009301835671067238,0.0026555088988970965,-3.688864541053772,2.5600195e-07,0.0,-10.163475036621094,-0.00013279514683626204
10000,0.0012647443218156695,0.0024261915648821743,-3.688862544298172,1.0877848e-07,0.0,-19.562713623046875,-7.93792373631863e-05
10200,0.0011208334472030401,0.003135457693133503,-3.688862818479538,1.3828279e-07,0.0,-28.519550323486328,-9.161210029173805e-05
10400,0.001175057957880199,0.0030069675762206317,-3.6888616621494292,2.0235777e-07,0.0,-3.0842127799987793,-0.00013609918166230807
10600,0.0012370949843898416,0.003060834953794256,-3.6888622462749483,2.3543835e-07,0.0,-32.3130989074707,-0.0001234633256794737
10800,0.0005592430243268609,0.002205398998921737,-3.6888625264167785,3.144145e-07,0.0,-2.1323277950286865,-0.00017055608388076847
11000,0.0013965379912406206,0.002681552755529992,-3.6888633906841277,2.2500753e-07,0.0,-23.732351303100586,-0.00014668713448866554
11200,0.0005485909641720355,0.002173671356285922,-3.6888620972633364,2.297759e-07,0.0,-10.332480430603027,-0.0001358523144317614
11400,0.0008739909389987588,0.001838593659340404,-3.688862806558609,1.4483929e-07,0.0,-12.99173641204834,-9.963425309535978e-05
11600,0.0011736566666513681,0.0027000346919521688,-3.688862752914429,2.9921534e-07,0.0,-36.7121696472168,-0.00015773963971548176
11800,0.000989382853731513,0.0022835277472040617,-3.6888629615306856,2.1755696e-07,0.0,-22.93314552307129,-0.00014412239124816928
12000,0.0003557406598702073,0.0011853411349875386,-3.6888629853725434,2.7686357e-07,0.0,-14.445741653442383,-0.00013674913317766047
12200,0.0005827363347634673,0.0022286002480541357,-3.6888627767562867,2.270937e-07,0.0,-20.873891830444336,-0.0001341679771569515
12400,0.00010875806037802249,0.0017122419041697868,-3.6888635993003844,1.874566e-07,0.0,-20.796188354492188,-0.00010939957269395784
12600,0.00021276879124343395,0.001993707541259937,-3.688863682746887,3.874302e-07,0.0,-2.9271717071533203,-0.0001830967076609902
12800,0.0003306682629045099,0.0014788216270972044,-3.688864153623581,1.7017126e-07,0.0,-15.25967025756836,-0.00010898809894115402
13000,0.0006357898819260299,0.0015826388480491005,-3.688864475488663,1.1444092e-07,0.0,-23.175674438476562,-8.45502764978967e-05
13200,0.00035217494587413967,0.0014232166242436506,-3.6888647794723513,1.2785196e-07,0.0,-19.734596252441406,-8.269639293940756e-05
13400,6.515372660942376e-05,0.0012518306684796698,-3.6888638556003572,2.911687e-07,0.0,-9.999248504638672,-0.00015363558503693752
13600,1.1597818229347467e-05,0.000742730101046618,-3.6888632476329803,1.8447636e-07,0.0,-3.8935608863830566,-0.00013448823277002476
13800,0.0003500798484310508,0.0013473682796757203,-3.688863915205002,2.4169682e-07,0.0,-15.9951171875,-0.0001309269671788904
14000,0.0002175103290937841,0.001034616331162397,-3.688863551616669,3.5583975e-07,0.0,-14.2742338180542,-0.00015493473397192313
14200,0.0005707070231437683,0.0013666616301634348,-3.688862156867981,1.5109778e-07,0.0,-15.619890213012695,-0.00011522206646744638
14400,0.00040932296542450786,0.0007295324088772759,-3.6888612270355225,1.8805265e-07,0.0,-9.190614700317383,-0.00012175612797404867
14600,2.9908260330557823e-05,0.0008825728960800916,-3.688859897851944,2.3275615e-07,0.0,-11.147360801696777,-0.00014645840552454103
14800,0.00016647382290102541,0.0009510375341051259,-3.688857787847519,1.8149615e-07,0.0,-11.069685935974121,-0.00011612031990990702
15000,0.0003419341519474983,0.0012697877849859652,-3.688857710361481,2.2768975e-07,0.0,-21.57301902770996,-0.00012576728349972255
15200,0.0002520509879104793,0.001044673596334178,-3.68885697722435,1.4066696e-07,0.0,-23.139781951904297,-0.0001024115083078314
15400,-3.634332097135484e-05,0.0005733356831115089,-3.6888555109500887,1.5854836e-07,0.0,-15.055509567260742,-0.00011153684176434808
15600,-0.00022228033049032092,0.0002774019331809541,-3.688855749368668,1.7940998e-07,0.0,-7.203543663024902,-0.00012572859273003446
15800,0.00024300426593981683,0.001048328289471101,-3.6888550579547883,1.4036894e-07,0.0,-3.2644786834716797,-9.711198549586797e-05
16000,-2.8835522243753076e-05,0.0006856119485746604,-3.688854044675827,1.9848346e-07,0.0,-8.246212005615234,-0.00013214201571520867
16200,3.1368748750537634e-05,0.0005734091784688645,-3.688854295015335,1.7464161e-07,0.0,-5.969560623168945,-0.00010326322930357402
16400,3.738192026503384e-05,0.0007635895599378273,-3.6888538539409637,3.0189753e-07,0.0,-12.074105262756348,-0.00013660243123740922
16600,9.708772995509207e-05,0.0005988957345834933,-3.688854056596756,2.3037195e-07,0.0,-9.723949432373047,-0.00013918831150534495
16800,-0.00011232575343456119,0.0004659271773562068,-3.6888534247875215,1.9550325e-07,0.0,-8.342791557312012,-0.00011493492109075909
17000,2.3750326363369823e-05,0.0005345082747226116,-3.688853681087494,1.9222499e-07,0.0,-11.689189910888672,-0.0001134735943339793
17200,-1.6041973140090704e-05,0.0006630542542552575,-3.6888551115989685,2.4020673e-07,0.0,-19.68140411376953,-0.00013085407024631123
17400,0.00010025873780250549,0.0007512013209634461,-3.688856053352356,1.6897916e-07,0.0,-3.168710231781006,-9.593281178467694e-05
17600,-0.00013800359738525003,0.000551499339781003,-3.6888561725616453,1.9937754e-07,0.0,-19.971261978149414,-0.00012743012606941662
17800,2.916417724918574e-05,0.0006451968249166385,-3.688855713605881,1.9580126e-07,0.0,-2.8458499908447266,-0.00011539231209973799
18000,-4.403806815389544e-05,0.000375559017265914,-3.688855546712875,1.9043684e-07,0.0,-9.946453094482422,-0.00011697869131443994
18200,-2.9716509743593633e-05,0.0005712241669243667,-3.6888553380966185,2.324581e-07,0.0,-4.924461841583252,-0.00014140722206028576
18400,-9.111830149777234e-05,0.00044886961695738136,-3.688855218887329,1.6361476e-07,0.0,-11.272055625915527,-0.00010153557398422108
18600,-8.503362914780155e-05,0.00029628985557792473,-3.6888551294803618,2.4229288e-07,0.0,-9.398886680603027,-0.00013449019271410956
18800,6.516951543744653e-05,0.0003672801380162127,-3.6888540923595428,2.7686357e-07,0.0,-4.387714862823486,-0.00014314842187548304
19000,-0.00029813579749315977,0.0002881225384044228,-3.6888549745082857,2.0980835e-07,0.0,-5.641755104064941,-0.00014426372912248464
19200,-6.2878432800062e-05,0.0002974130697111832,-3.6888534307479857,2.0027161e-07,0.0,-12.676467895507812,-9.948860807682536e-05
19400,7.5709831435233355e-06,0.000376958319611731,-3.6888511776924133,1.7583369e-07,0.0,-12.98300552368164,-9.85234967679105e-05
19600,-0.0001843995414674282,0.00022414301020035055,-3.6888516664505007,1.8775462e-07,0.0,-11.856746673583984,-0.00011157618389483482
19800,-8.69098148541525e-05,0.00029160242356738306,-3.688851183652878,1.92523e-07,0.0,-6.875048637390137,-0.00011574512003846849
20000,-0.0002637209836393595,0.00015764532872708514,-3.6888501405715943,2.0951032e-07,0.0,-4.731005668640137,-0.00010140830282944213
20200,-0.00030682762735523283,0.00023795823526597814,-3.6888502478599547,2.2530556e-07,0.0,-6.243338584899902,-0.00012569467629208741
20400,-3.7823119782842696e-05,0.0003586040871596197,-3.6888494372367857,2.8550625e-07,0.0,-4.93565034866333,-0.00015189947250133785
20600,-0.0001532179448986426,0.00025220057905244174,-3.6888482868671417,2.7686357e-07,0.0,-4.409070014953613,-0.00013771878260557813
20800,-0.00014948668831493706,0.00017791083537304074,-3.6888485074043276,1.6331671e-07,0.0,-3.995865821838379,-0.00010872942186379575
21000,-0.0001360198948532343,0.00021271898058330407,-3.6888491928577425,1.642108e-07,0.0,-7.434512138366699,-0.00011152499873561262
21200,-0.0003760776889976114,0.00022653375308436807,-3.6888465106487276,3.2514333e-07,0.0,-2.1851139068603516,-0.00015793185745565096
21400,-0.00017157789261545986,0.00020628857892006635,-3.6888448715209963,2.7775764e-07,0.0,-8.354033470153809,-0.00015598723339769194
21600,-0.0003286258433945477,0.000193926497377106,-3.688846045732498,2.4318695e-07,0.0,-2.6182971000671387,-0.0001401747614137916
21800,-0.0002929207985289395,0.00015675366230425425,-3.688847005367279,2.5779008e-07,0.0,-5.247458457946777,-0.00014969142403645775
22000,-0.0002599661238491535,0.00012136179175286088,-3.688846892118454,1.835823e-07,0.0,-2.395087957382202,-0.0001296691142256945
22200,-0.00028478907188400626,0.00015762298735353398,-3.68884636759758,2.5212765e-07,0.0,-5.296647071838379,-0.00013710732312759432
22400,-0.000210354890441522,7.494470028177603e-05,-3.6888446152210235,1.8715858e-07,0.0,-1.0321791172027588,-0.0001194426421487843
22600,-0.00013966544065624475,0.00014430960964091356,-3.6888451099395754,1.6093253e-07,0.0,-4.0727972984313965,-0.00010554265992319678
22800,-0.0002483964490238577,9.403464682691264e-05,-3.6888454496860503,2.4288892e-07,0.0,-3.2885284423828125,-0.00012128382957170558
23000,-0.00024765293346717954,9.623975875001633e-05,-3.6888455390930175,1.5348195e-07,0.0,-1.9861361980438232,-9.639502325444748e-05
23200,-0.0001632395724300295,7.001824260441936e-05,-3.6888472616672514,1.9192697e-07,0.0,-3.199732780456543,-0.00010359515230673466
23400,-0.00016299834533128887,6.454320327975438e-05,-3.6888459503650664,1.5497207e-07,0.0,-2.475757122039795,-0.00010530635672467703
23600,-0.00041269295616075397,5.8737967447086706e-05,-3.6888456761837007,4.3928623e-07,0.0,-0.7588708400726318,-0.00018793350506143836
23800,-0.00036427960731089115,6.510807943413966e-05,-3.6888426899909974,3.0398368e-07,0.0,-1.2763276100158691,-0.0001755718887270774
24000,-0.0005576369003392756,7.633570594407501e-05,-3.688843673467636,2.7567148e-07,0.0,-1.193695306777954,-0.000146756186924879
24200,-0.00033860941766761243,5.396186820689763e-05,-3.6888437628746034,2.7805567e-07,0.0,-1.0320143699645996,-0.00013921631801485645
24400,-9.891693480312824e-05,5.2102083691352165e-05,-3.6888435542583466,2.7924776e-07,0.0,-2.4108242988586426,-0.00016143844955194276
24600,-0.0002565532922744751,4.246801581757609e-05,-3.688843286037445,3.1530857e-07,0.0,-1.7220749855041504,-0.00016382283749596382
24800,-0.00013290619244799018,6.171100922074402e-05,-3.688843286037445,1.2993813e-07,0.0,-2.616708278656006,-0.00010328710003215669
25000,-0.0003301883989479393,5.9407831031421665e-05,-3.6888402462005616,3.33786e-07,0.0,-1.057396411895752,-0.00015219623595623676
25200,-0.00036184286000207067,4.48473574124364e-05,-3.688840925693512,2.7388336e-07,0.0,-1.3826966285705566,-0.00014627560980806642
25400,-0.0003326426667626947,3.344224351167213e-05,-3.6888373374938963,1.886487e-07,0.0,-1.4853832721710205,-0.00010926529760721949
25600,-0.0003278428048361093,3.061866545976955e-05,-3.6888380885124206,2.8192997e-07,0.0,-0.8122010231018066,-0.000142262116391062
25800,-0.0002886252186726779,3.0900478395778916e-05,-3.6888390302658083,2.9593707e-07,0.0,-0.45126914978027344,-0.0001600643552356118
26000,-0.0002479352115187794,3.0974116884863176e-05,-3.6888357400894165,2.1874904e-07,0.0,-1.007903814315796,-0.00010561941623268289
26200,-0.00033116890699602664,4.6743614302613426e-05,-3.68883855342865,3.731251e-07,0.0,-0.25514185428619385,-0.0001871105385762295
26400,-0.00028898759046569467,6.291904319368768e-05,-3.688838279247284,3.4302474e-07,0.0,-0.2544926404953003,-0.00016047099282763267
26600,-0.00017229269724339247,4.6928981737437427e-05,-3.688837593793869,2.4348498e-07,0.0,-0.35075855255126953,-0.00013898272767916
26800,-0.00021144231141079217,5.4486417911903115e-05,-3.688838028907776,3.427267e-07,0.0,-0.18784725666046143,-0.00017726649371343494
27000,-0.0004720360739156604,4.083988951606443e-05,-3.688836246728897,4.9859284e-07,0.0,-0.6144379377365112,-0.0002473613027695887
27200,-0.00012870648060925305,2.4448825570289046e-05,-3.688838320970535,1.9192696e-07,0.0,-0.4956226348876953,-0.0001162203115827598
27400,-0.000534510996658355,4.424302796905977e-05,-3.6888375639915467,4.1276218e-07,0.0,-0.13891518115997314,-0.0002116494879317088
27600,-0.0004840242909267545,2.2140026362649224e-05,-3.6888364791870116,2.5600195e-07,0.0,-0.19016456604003906,-0.00015013831741316207
27800,-0.0002686643274500966,1.9877481713592714e-05,-3.688836544752121,2.5957823e-07,0.0,-0.1627427339553833,-0.0001530813720252988
28000,-0.0006113894050940871,3.2962216164378336e-05,-3.6888355374336244,3.8325788e-07,0.0,-0.08459579944610596,-0.00018997137592299262
28200,-0.0005698513123206794,1.947016312442429e-05,-3.6888343513011934,5.748868e-07,0.0,0.007174849510192871,-0.00024066624631575718
28400,-0.0002970125060528517,3.232573599234456e-05,-3.6888362526893617,3.0308962e-07,0.0,-0.2642256021499634,-0.00015275076742569116
28600,-0.0003907147329300642,2.066379006464558e-05,-3.6888353168964385,2.2202728e-07,0.0,-0.10918653011322021,-0.00013654196280419307
28800,-0.00022003415506333113,3.600132745305018e-05,-3.6888362646102903,1.8119812e-07,0.0,0.011194944381713867,-0.0001194925006561709
29000,-0.0001651059719733894,2.1177068924771446e-05,-3.688837504386902,1.5556813e-07,0.0,-0.04354703426361084,-0.00010352311217030618
29200,-0.00043332064524292946,3.595876946747012e-05,-3.688837242126465,3.167987e-07,0.0,0.08232510089874268,-0.00017824269746278266
29400,-0.00025490086409263313,3.3663386921034545e-05,-3.6888371467590333,3.170967e-07,0.0,-0.031017422676086426,-0.00015328841555585228
29600,-0.000450191437266767,4.6957853464846265e-05,-3.688835936784744,2.9087067e-07,0.0,0.07810980081558228,-0.00015590322773784138
29800,-0.0002615056582726538,4.1141614156003924e-05,-3.6888410449028015,2.1249056e-07,0.0,0.02057546377182007,-0.00013614661992722432
30000,-0.0005324282101355493,4.976918521606422e-05,-3.6888394951820374,3.2305718e-07,0.0,0.029532968997955322,-0.00016616899598432267
30200,-0.0003654776082839817,2.884211230593792e-05,-3.68884100317955,3.3468007e-07,0.0,-0.009235978126525879,-0.00016169883194177003
30400,-0.00043360638665035367,3.2036660877565736e-05,-3.6888382375240325,3.1024217e-07,0.0,-0.037606120109558105,-0.00014714255955812218
30600,-0.000322001869790256,1.8035659877568833e-05,-3.688839852809906,2.640486e-07,0.0,0.16568875312805176,-0.00015733193981271043
30800,-0.00037985274684615433,2.2240642601900616e-05,-3.6888375341892243,3.004074e-07,0.0,-0.18876278400421143,-0.00015484841186479413
31000,-0.00047085396363399923,1.975498491901817e-05,-3.688837432861328,2.3365021e-07,0.0,-0.03737795352935791,-0.00013970366070497063
31200,-0.00035418529296293855,3.405643979021988e-05,-3.688838028907776,2.2143125e-07,0.0,-0.030949711799621582,-0.00013009785857671653
31400,-0.00037795069511048496,1.5373122573691943e-05,-3.688837456703186,2.6136638e-07,0.0,0.044847846031188965,-0.0001412588363771228
31600,-0.00024116983695421368,1.8617248633745477e-05,-3.688838189840317,2.6285647e-07,0.0,0.043318748474121094,-0.0001545596511916214
31800,-0.0002764521923381835,2.529705902816204e-05,-3.6888364493846892,4.3183564e-07,0.0,-0.10972368717193604,-0.0001936432862530424
32000,-0.0003751429030671716,2.9547064195867277e-05,-3.6888344526290893,4.1425227e-07,0.0,0.06337618827819824,-0.0002302851078473278
32200,-0.0004487315018195659,3.779128223868611e-05,-3.6888338387012483,2.8282406e-07,0.0,0.07385081052780151,-0.0001652901691782116
32400,-0.0003244246472604573,2.7079088954451436e-05,-3.6888338208198546,3.379583e-07,0.0,0.01548236608505249,-0.00015531407315302336
32600,-0.00037980900378897786,2.2696211090078577e-05,-3.6888308227062225,2.685189e-07,0.0,-0.13245344161987305,-0.0001360004698055972
32800,-0.00036800914676859975,2.977501267196203e-05,-3.688828778266907,2.4229288e-07,0.0,0.13253271579742432,-0.00014502320388606326
33000,-0.0003147571114823222,2.627354351716349e-05,-3.6888309955596923,2.5153162e-07,0.0,0.049272894859313965,-0.00015093833001240676
33200,-0.00039301460492424667,2.7854516338265968e-05,-3.688828003406525,2.5212762e-07,0.0,0.01164865493774414,-0.0001397568296198415
33400,-0.0004898610641248524,2.465957986714784e-05,-3.6888291239738464,3.2216312e-07,0.0,0.056717634201049805,-0.000181231089831968
33600,-0.00043478692532517016,2.029985107583343e-05,-3.6888281404972076,2.6643275e-07,0.0,0.031157255172729492,-0.00014900833441231499
33800,-0.00033593521220609546,2.1731904303123885e-05,-3.6888272166252136,3.248453e-07,0.0,-0.06208920478820801,-0.00017080559052055634
34000,-0.0006192030850797892,1.469072792588122e-05,-3.688827615976334,3.5941602e-07,0.0,0.002083718776702881,-0.00020413006785680032
34200,-0.0004284080641809851,2.331920045435254e-05,-3.6888290464878084,3.8266182e-07,0.0,0.06857818365097046,-0.0002089442909887218
34400,-0.00022046014782972634,2.2118712536212115e-05,-3.688828682899475,2.795458e-07,0.0,0.12573683261871338,-0.00015214741190983094
34600,-0.0002364429528824985,5.508856729647959e-05,-3.6888262808322905,2.0891427e-07,0.0,0.0627826452255249,-0.00011920802562941369
34800,-0.0004129029402974993,1.0975817610869854e-05,-3.688827896118164,2.5629998e-07,0.0,-0.39851534366607666,-0.00015952539401915545
35000,-0.0002952429058495909,1.7421501729586454e-05,-3.6888291418552397,3.5047532e-07,0.0,0.10066676139831543,-0.00018273605580030328
35200,-0.000253871432505548,2.7683932739819283e-05,-3.688827306032181,1.9818545e-07,0.0,0.09113788604736328,-0.00011893544302086224
35400,-0.00015438332047779113,2.6973915555572604e-05,-3.68882936835289,1.9907951e-07,0.0,-0.21427035331726074,-0.00013636661285032354
35600,-0.00038324345950968564,1.5160027510319196e-05,-3.688831067085266,3.2246112e-07,0.0,0.09504491090774536,-0.00017541534433966887
35800,-0.00042648272938095033,2.914767069341906e-05,-3.6888322234153748,2.1636487e-07,0.0,0.04649949073791504,-0.00013627570103857956
36000,-0.0006601773202419281,2.0405030181791516e-05,-3.6888304471969606,3.8832428e-07,0.0,0.06467950344085693,-0.0002101380378312312
36200,-0.0005776617908850312,1.682710724253411e-05,-3.688829892873764,4.249811e-07,0.0,-0.04524397850036621,-0.00020688086819246055
36400,-0.000320813269354403,1.1128205119348423e-05,-3.6888309121131897,3.683567e-07,0.0,0.18006819486618042,-0.00022566336365934526
36600,-0.0003737830265890807,3.103782596554083e-05,-3.6888284265995024,3.7699937e-07,0.0,0.04066908359527588,-0.00018009203061830625
36800,-0.0001427099050488323,2.5619944881327684e-05,-3.6888290286064147,2.682209e-07,0.0,-0.009304046630859375,-0.00014297339443700708
37000,-0.00027840357506647706,3.2370160033678987e-05,-3.6888272047042845,3.0010938e-07,0.0,0.002366006374359131,-0.00016768609066526442
37200,-0.0002988966880366206,1.4373323369909486e-05,-3.688827854394913,1.8984079e-07,0.0,-0.12816286087036133,-0.0001360552236947088
37400,-0.00021788656886201352,1.5278937485163625e-05,-3.6888261914253233,2.6881696e-07,0.0,0.14548587799072266,-0.00015511606668644484
37600,-0.00027541760937310755,1.594135587765777e-05,-3.688827246427536,2.2798777e-07,0.0,0.10159170627593994,-0.00013025165939026807
37800,-0.00025093380827456713,1.6410397734034632e-05,-3.6888254284858704,2.1606684e-07,0.0,-0.11684954166412354,-0.0001165401185895476
38000,-0.00031703285640105605,2.6801692683875444e-05,-3.6888248801231383,3.2037497e-07,0.0,-0.0411069393157959,-0.00017607256788187975
38200,-0.00031697694794274867,2.03772506210953e-05,-3.6888215959072115,3.4093856e-07,0.0,0.05104774236679077,-0.00017252400490610497
38400,-0.0001835931616369635,3.076583466281591e-05,-3.6888191938400268,2.9891729e-07,0.0,0.020857691764831543,-0.00014378572982223225
38600,-0.0004908856935799122,1.0181555683175248e-05,-3.6888198971748354,3.0219556e-07,0.0,-0.008692145347595215,-0.0001762040318094904
38800,-0.0004944483516737819,1.974084073026461e-05,-3.68881915807724,3.5822393e-07,0.0,-0.0431675910949707,-0.00016931380210121193
39000,-0.0006329445750452578,1.6712231104065723e-05,-3.688817638158798,3.8355589e-07,0.0,-0.04539597034454346,-0.0002025908079057004
39200,-0.00040156865725293756,1.1281531055828963e-05,-3.688816952705383,3.1024217e-07,0.0,-0.06146275997161865,-0.00014178450320065928
39400,-0.00038438159390352666,1.2449970927264076e-05,-3.6888173639774324,2.9921532e-07,0.0,-0.1440746784210205,-0.00017162531613799104
39600,-0.0002593327662907541,1.5169884363785968e-05,-3.68881579041481,2.6613475e-07,0.0,0.03984332084655762,-0.00014290639707383867
39800,-0.0003787192690651864,2.0960776055289898e-05,-3.688814032077789,2.5212765e-07,0.0,0.0761222243309021,-0.00014240265674603236
40000,-0.0002643089974299073,1.0131470378382802e-05,-3.6888152182102205,2.2321939e-07,0.0,-0.04229569435119629,-0.00013798464779077869
40200,-0.00032839609775692225,2.4433316502836534e-05,-3.6888130068778993,3.0875208e-07,0.0,0.05287158489227295,-0.00016491845167536655
40400,-0.0003978426393587142,2.934357044068747e-05,-3.6888122081756594,2.6673078e-07,0.0,0.0525551438331604,-0.0001600679390645787
40600,-0.00039945216849446297,3.0036795715204788e-05,-3.68880934715271,3.0249356e-07,0.0,-0.03423619270324707,-0.00017702004462239463
40800,-0.00036992045352235436,3.3578249258425785e-05,-3.6888099670410157,3.0159953e-07,0.0,0.053953588008880615,-0.00016767234543204612
41000,-0.0004835886647924781,1.66938789334381e-05,-3.688810521364212,3.1322242e-07,0.0,-0.09858369827270508,-0.0001847625969021438
41200,-0.000338388083036989,1.4656617327091227e-05,-3.688809996843338,3.2156706e-07,0.0,0.05990034341812134,-0.00015776044071085237
41400,-0.0001410914701409638,3.0139135878926028e-05,-3.6888099014759064,2.512336e-07,0.0,0.015377640724182129,-0.00013892102277841546
41600,-0.00014588647172786295,2.674914221643121e-05,-3.6888111770153045,1.9282103e-07,0.0,0.04422354698181152,-0.00013071672655814436
41800,-0.00028487766394391656,3.766496984098921e-05,-3.688809782266617,2.2619962e-07,0.0,0.017277896404266357,-0.00013886047937001768
42000,-0.0006010031211189926,2.001885698064143e-05,-3.688811534643173,3.2812358e-07,0.0,-0.1799074411392212,-0.00017341595823449908
42200,-0.00036363693652674556,2.029506745202525e-05,-3.688808858394623,3.543496e-07,0.0,0.0891907811164856,-0.00018984286600152168
42400,-0.00033988329232670367,1.4397819154510216e-05,-3.6888083696365355,3.1799078e-07,0.0,-0.11584293842315674,-0.0001652453089650896
42600,-0.0004436963063199073,1.4439788674280863e-05,-3.6888035595417024,3.4481286e-07,0.0,-0.5318191051483154,-0.00017879191930405546
42800,-0.000342183600878343,2.0527404080894486e-05,-3.6888069331645967,2.8908255e-07,0.0,-0.12283599376678467,-0.00015838849560327882
43000,-0.000613742449786514,3.1676693606641496e-05,-3.688805043697357,4.079938e-07,0.0,0.0615687370300293,-0.0002072493807089071
43200,-0.000285472662653774,1.8515420538278705e-05,-3.6888042390346527,2.7567148e-07,0.0,-0.10879099369049072,-0.0001387881857456197
43400,-0.00043503931374289095,2.216899843006104e-05,-3.6888022661209106,3.3110382e-07,0.0,0.07382559776306152,-0.00016446942855372627
43600,-0.00032295845448970795,2.0959303788004037e-05,-3.6888045132160188,4.9948693e-07,0.0,-0.09548509120941162,-0.0002203698599044568
43800,-0.00024472028599120677,1.2635834298180271e-05,-3.688805878162384,3.525615e-07,0.0,-0.17566299438476562,-0.00017671419662657062
44000,-0.00040069021633826196,2.1250715644782758e-05,-3.6888073801994326,2.8520822e-07,0.0,-0.03918778896331787,-0.00016841369875919554
44200,-0.0004172504413872957,1.2961548281964497e-05,-3.6888072788715363,2.4467707e-07,0.0,-0.1319117546081543,-0.0001492457531013569
44400,-0.0003641598450485617,2.139808104857366e-05,-3.6888098537921907,3.4153462e-07,0.0,0.0282973051071167,-0.00018027629036965198
44600,-0.00012540222087409347,2.126964691342437e-05,-3.6888090670108795,3.024936e-07,0.0,-0.06609177589416504,-0.00015561296049462214
44800,-0.0005588585627265275,1.5844926701902294e-05,-3.6888056695461273,4.5657157e-07,0.0,0.024371683597564697,-0.00020041614886383562
45000,-0.000500729656778276,1.2511072793586208e-05,-3.6888031482696535,4.2706728e-07,0.0,0.0545501708984375,-0.00020664614528458357
45200,-0.0003283294499851763,2.0159870223324107e-05,-3.68880290389061,2.4855137e-07,0.0,0.09384578466415405,-0.00013706013617843517
45400,-0.00038748770020902157,4.323984221628052e-05,-3.688804215192795,3.322959e-07,0.0,0.07037967443466187,-0.00018983243482262324
45600,-0.0004842611378990114,1.0821996022514213e-05,-3.6888037502765654,2.9444695e-07,0.0,-0.28605222702026367,-0.00017424661609273252
45800,-0.0004444569640327245,2.336761529022624e-05,-3.688802421092987,3.0010938e-07,0.0,0.03738415241241455,-0.00015821915972492607
46000,-0.0004762829630635679,1.1028667393020441e-05,-3.6887985289096834,3.1262636e-07,0.0,0.07231909036636353,-0.00017855686213712473
46200,-0.00026681472081691027,3.4664137228901384e-05,-3.68879913687706,2.7149918e-07,0.0,0.10422426462173462,-0.0001417287778229692
46400,-0.00016503632650710642,2.3748704825266033e-05,-3.688800686597824,2.5451183e-07,0.0,-0.05166888236999512,-0.00013693489109982692
46600,-0.0004882158827967942,8.659489503770601e-06,-3.6888014495372774,2.5898217e-07,0.0,-0.36602866649627686,-0.00015848270201170855
46800,-0.0003228780988138169,1.6103412781376393e-05,-3.688799947500229,3.8385392e-07,0.0,-0.16752755641937256,-0.00019249725406460526
47000,-0.0004289610660634935,1.5200691586869653e-05,-3.688801407814026,3.257394e-07,0.0,0.05801194906234741,-0.0001836688518847218
47200,-0.0005893979105167091,1.3947680213277635e-05,-3.6888000786304476,4.4494868e-07,0.0,-0.04057145118713379,-0.00023153510551976453
47400,-0.00029356946470215917,1.487638908201916e-05,-3.6888010144233703,3.1083823e-07,0.0,0.008462667465209961,-0.00015155568850127031
47600,-0.00038736488204449415,2.1056865875834774e-05,-3.6887988328933714,2.3573637e-07,0.0,-0.11623024940490723,-0.00013456536821125907
47800,-0.00041061113006435335,2.4310791513926232e-05,-3.688798701763153,3.6031008e-07,0.0,0.03106015920639038,-0.0001822774179569109
48000,-0.000278771563898772,3.444818753450818e-05,-3.68879856467247,3.4958123e-07,0.0,-0.021811366081237793,-0.0001758800895674817
48200,-0.0004964933032169938,1.5769756691952354e-05,-3.688794481754303,3.2752752e-07,0.0,0.06430673599243164,-0.00016019003947264076
48400,-0.0002799978537950665,3.815631748693704e-05,-3.6887960016727446,2.2858381e-07,0.0,-0.059175968170166016,-0.00013233810550150604
48600,-0.0001566139399074018,1.9663923148982575e-05,-3.6887975692749024,2.640486e-07,0.0,0.025835096836090088,-0.00015208112486058133
48800,-0.0001598200760781765,1.9616980034697916e-05,-3.6887928903102876,2.399087e-07,0.0,0.043423473834991455,-0.00016255572492673842
49000,-0.0005868269945494831,2.3194170671558824e-05,-3.6887939274311066,3.239512e-07,0.0,-0.015102982521057129,-0.00017261421029179935
49200,-0.000358086108462885,3.143582366647024e-05,-3.6887926697731017,3.260374e-07,0.0,-0.23234736919403076,-0.00016513679153193906
49400,-0.00037690476165153086,1.722774009067507e-05,-3.6887900948524477,2.6345253e-07,0.0,0.09448599815368652,-0.000151636497125085
49600,-0.0003128224634565413,3.150697525597934e-05,-3.6887862920761108,3.1322242e-07,0.0,-0.047339558601379395,-0.00016670836976857563
49800,-0.0005873810732737184,1.6896893657758483e-05,-3.6887870907783507,4.1514636e-07,0.0,-0.0900869369506836,-0.0002142278395934949
50000,-0.0002581748994998634,9.913681560647092e-06,-3.6887853026390074,2.2411346e-07,0.0,-0.003058910369873047,-0.00013191419425426787
50200,-0.00043375894892960787,2.0675058931374223e-05,-3.688784843683243,3.8594007e-07,0.0,0.1488688588142395,-0.00020099286604460253
50400,-0.00043058794108219445,1.9287903819531492e-05,-3.688784009218216,3.85046e-07,0.0,0.12642359733581543,-0.00018056384197000507
50600,-0.0002816577034536749,3.524476255734044e-05,-3.688785344362259,1.4454127e-07,0.0,0.08938127756118774,-8.847977301842391e-05
50800,-0.00020762758504133672,1.5405692397507665e-05,-3.6887837529182432,1.6093254e-07,0.0,-0.3722646236419678,-0.00010256294223223161
51000,-0.00040082057239487767,1.5496942387471792e-05,-3.6887841641902925,3.901124e-07,0.0,-0.15904724597930908,-0.00019485586455756377
51200,-0.00030002539278939366,2.4393041144321614e-05,-3.6887807309627534,2.4765728e-07,0.0,0.06587326526641846,-0.00013080201383661728
51400,-0.00022032042033970356,4.727726900455309e-05,-3.6887825608253477,2.3871658e-07,0.0,0.08347606658935547,-0.00013932152146747256
51600,-0.00033078185515478253,1.8787138128573132e-05,-3.688779491186142,2.1845102e-07,0.0,-0.04815256595611572,-0.0001315090946113706
51800,-0.0005972785293124616,2.2969155179453082e-05,-3.688781774044037,3.6150215e-07,0.0,-0.025245070457458496,-0.00016782813389988328
52000,-0.000276087608654052,3.5397980218476734e-05,-3.6887826323509216,2.2381545e-07,0.0,0.10763078927993774,-0.00013552398910912088
52200,-0.00034455148852430284,1.672739438163262e-05,-3.6887847781181335,1.4752149e-07,0.0,-0.17582333087921143,-0.00010159910457048227
52400,-0.00020406616386026144,2.3889832141321678e-05,-3.6887842416763306,2.5033953e-07,0.0,0.13056522607803345,-0.00013903242310426834
52600,-0.00036244167131371796,2.483542239133385e-05,-3.6887862384319305,2.95043e-07,0.0,0.058178842067718506,-0.00015198530313420555
52800,-0.0002570892684161663,1.6363241797989758e-05,-3.6887868344783783,1.5497207e-07,0.0,-0.3502248525619507,-0.00010234510853149859
53000,-0.0003165380039718002,1.6115569951580256e-05,-3.688787591457367,2.577901e-07,0.0,-0.08952558040618896,-0.00015949748487340543
53200,-0.0006025437032803893,4.1804713782767065e-05,-3.68878430724144,4.452467e-07,0.0,-0.005869865417480469,-0.00022741725199342254
53400,-0.0004109859000891447,2.4302612769133702e-05,-3.6887838006019593,3.6567448e-07,0.0,0.04018700122833252,-0.00019228429391398015
53600,-0.0006317650550045073,2.4181009803214692e-05,-3.688778907060623,3.8951634e-07,0.0,-0.06476795673370361,-0.00022720503845061746
53800,-0.0005827908171340823,9.034534878082923e-06,-3.688779044151306,2.464652e-07,0.0,-0.04819822311401367,-0.00014769664388265548
54000,-0.00032175707747228444,5.462313019961584e-05,-3.688778692483902,3.0070544e-07,0.0,0.06830263137817383,-0.0001615883260862816
54200,-0.0003166841925121844,3.712238285515923e-05,-3.6887793838977814,3.07858e-07,0.0,0.010131478309631348,-0.00016615433205693363
54400,-0.0003016662085428834,1.37343030928605e-05,-3.6887794613838194,2.2858381e-07,0.0,0.008957445621490479,-0.00013666257273481364
54600,-0.000312512886011973,1.1114864059891261e-05,-3.688777804374695,2.1517276e-07,0.0,-0.16517353057861328,-0.00014051350875536882
54800,-0.0003828298067674041,1.6229278253376832e-05,-3.6887791752815247,2.962351e-07,0.0,0.1690922975540161,-0.0001777571749761009
55000,-0.00040651325252838433,1.2934365940964199e-05,-3.688772565126419,2.4586916e-07,0.0,0.0675005316734314,-0.00013391414200825125
55200,-0.00024819225654937327,2.5158534640468133e-05,-3.6887718975543975,2.643466e-07,0.0,0.076291024684906,-0.00014957216915241213
55400,-0.00026452128076925874,2.7508328184921992e-05,-3.688775622844696,3.1769275e-07,0.0,-0.04645836353302002,-0.00016035497340635696
55600,-0.00035025455872528255,3.068246396651375e-05,-3.6887722074985505,2.9563904e-07,0.0,0.09896343946456909,-0.0001546004993429051
55800,-0.0002459858078509569,2.4916574784583644e-05,-3.688771480321884,2.3812055e-07,0.0,-0.04561889171600342,-0.00011960720937338465
56000,-0.00038867531111463904,2.822355954776867e-05,-3.6887711882591248,2.6375056e-07,0.0,-0.00043642520904541016,-0.00014986695422272155
56200,-0.0002916598168667406,4.4368554790708e-05,-3.6887736439704897,1.8805265e-07,0.0,0.07572603225708008,-0.00012858975662402016
56400,-0.000457085290690884,1.8882242989093358e-05,-3.688770067691803,3.7878752e-07,0.0,0.11957311630249023,-0.00018742196167511604
56600,-0.0004550002340693027,2.231497578577546e-05,-3.6887661039829256,3.015995e-07,0.0,0.09916245937347412,-0.0001580346744722183
56800,-0.00039824366103857756,2.4166438538486546e-05,-3.688761591911316,2.503395e-07,0.0,-0.062245845794677734,-0.00015271079609533445
57000,-0.0004431971174199134,1.785400988865149e-05,-3.688764053583145,3.501773e-07,0.0,0.0916910171508789,-0.00018761619166947076
57200,-0.0003388567711226642,1.4015782903697982e-05,-3.6887653946876524,2.3424624e-07,0.0,-0.02078413963317871,-0.00013581725872198193
57400,-0.0003863726160489023,3.1057601381689894e-05,-3.688764238357544,2.9951332e-07,0.0,0.1398516297340393,-0.00015811928240940797
57600,-0.00033787975553423166,2.0810721366615326e-05,-3.6887668788433077,2.7894973e-07,0.0,0.17659002542495728,-0.00016943039018502693
57800,-0.000281718181213364,3.06861078570364e-05,-3.6887676239013674,2.7477742e-07,0.0,0.05755257606506348,-0.00011669146358908033
58000,-0.00025911114062182605,4.467062221920059e-05,-3.6887694120407106,2.682209e-07,0.0,0.025655150413513184,-0.00016061001967360156
58200,-0.00029320333851501346,1.4183881989993097e-05,-3.68877112865448,2.9504298e-07,0.0,-0.02133643627166748,-0.00014837810518588678
58400,-0.00033668740070424974,3.146568415104412e-05,-3.6887723445892333,3.2931564e-07,0.0,0.1409893035888672,-0.00015234093339469012
58600,-0.0003680760273709893,3.052033016501809e-05,-3.688772529363632,3.388524e-07,0.0,0.1583215594291687,-0.00015872512827721507
58800,-0.0001938719069585204,2.613066717458423e-05,-3.6887716472148897,2.1457672e-07,0.0,0.0782964825630188,-0.00011886565449669151
59000,-0.0004991106688976288,1.3944335614723969e-05,-3.6887739837169646,2.872944e-07,0.0,-0.14067304134368896,-0.00017773003964697276
59200,-0.0003465391637291759,1.738871812904108e-05,-3.6887715578079225,3.1501054e-07,0.0,0.1028183102607727,-0.0001471213333162469
59400,-0.00020188320195302367,2.0136567604822632e-05,-3.688774710893631,1.7613173e-07,0.0,0.06601732969284058,-0.0001186329798741781
59600,-0.00025135703617706895,3.0700006800543636e-05,-3.6887783765792848,2.1785499e-07,0.0,0.057305872440338135,-0.00014309315312038828
59800,-0.0003391621576156467,1.907159155507543e-05,-3.6887774646282194,2.3394824e-07,0.0,-0.1663520336151123,-0.0001473494319329749
60000,-0.0005033877096138895,2.5772400204004952e-05,-3.688777393102646,2.8669834e-07,0.0,0.08929264545440674,-0.000156377673198671
60200,-0.00026552562485449016,2.30938231197797e-05,-3.688779282569885,2.6762487e-07,0.0,0.06261157989501953,-0.00015683654735978436
60400,-0.0001746632915455848,2.8686144287348724e-05,-3.688778352737427,1.591444e-07,0.0,-0.11547327041625977,-8.600762419721519e-05
60600,-0.0003248161228839308,1.4368288407240471e-05,-3.6887785136699676,2.551079e-07,0.0,0.16444885730743408,-0.00014957718446093616
60800,-0.0003708822769112885,1.951553908838832e-05,-3.6887793838977814,2.3901464e-07,0.0,0.0847930908203125,-0.000152154132965876
61000,-0.00045970053179189563,3.118423487649125e-05,-3.688778257369995,3.1024217e-07,0.0,0.13901406526565552,-0.00018079635551178087
61200,-0.00039021807606332004,1.98805408899716e-05,-3.6887775659561157,2.7418136e-07,0.0,-0.16877925395965576,-0.0001625821005481587
61400,-0.0002060070401057601,1.1861272355417896e-05,-3.6887790083885195,1.874566e-07,0.0,0.09047144651412964,-0.0001102976482586726
61600,-0.00037565978709608316,2.0953450825800245e-05,-3.688780438899994,2.9206277e-07,0.0,-0.02587449550628662,-0.00017521656972649958
61800,-0.0003154520527459681,2.152956724330579e-05,-3.688780552148819,3.105402e-07,0.0,0.0040662288665771484,-0.0001559641500721187
62000,-0.0003424381429795176,1.533782449314458e-05,-3.6887821435928343,2.670288e-07,0.0,-0.049971818923950195,-0.0001404304502537812
62200,-0.0005483790300786495,1.6717453581804877e-05,-3.688782739639282,3.7044288e-07,0.0,-0.03165113925933838,-0.00018514423062558903
62400,-0.0003813688235823065,2.8184511666040635e-05,-3.6887833535671235,2.8997658e-07,0.0,0.09182608127593994,-0.00016104136848571482
62600,-0.0001797940640244633,3.433748265706527e-05,-3.68878578543663,2.902746e-07,0.0,0.08423471450805664,-0.00016035766101236694
62800,-0.00016468079411424696,1.845728395437618e-05,-3.6887832939624787,1.5079975e-07,0.0,0.08880597352981567,-0.00010675811001306101
63000,-0.00021072194795124233,1.56593142037309e-05,-3.6887806832790373,2.0474197e-07,0.0,-0.033446311950683594,-0.00011182644965106459
63200,-0.000286918570054695,1.6125782281051215e-05,-3.6887834072113037,3.1083823e-07,0.0,-0.010031819343566895,-0.00018169619280308246
63400,-0.0006013389793224633,2.337044024898205e-05,-3.6887857019901276,5.3852796e-07,0.0,0.01127469539642334,-0.00023274073149597284
63600,-0.0005514007643796504,1.6527448656233902e-05,-3.6887892961502073,3.3318997e-07,0.0,-0.15069854259490967,-0.00019063960016728608
63800,-0.00030521879671141505,1.0648027000570437e-05,-3.68879229426384,2.1487475e-07,0.0,0.20374244451522827,-0.00012966971245393922
64000,-0.0004047396359965205,1.94067234360773e-05,-3.6887882173061373,4.2915343e-07,0.0,-0.2377021312713623,-0.00023419449217494394
64200,-0.0002766638353932649,1.6061724909377518e-05,-3.6887946307659147,2.3186206e-07,0.0,-0.016036033630371094,-0.0001237545912811555
64400,-0.0005156596889719367,1.4371276824931556e-05,-3.6887905597686768,2.834201e-07,0.0,-0.05988144874572754,-0.00015987403632244934
64600,-0.00025155144976451993,2.1540621628446387e-05,-3.6887874960899354,2.849102e-07,0.0,-0.02126157283782959,-0.00015181079567936351
64800,-0.00031449052039533854,1.930384644310834e-05,-3.688784050941467,3.9309265e-07,0.0,-0.17141175270080566,-0.00017819876962597015
65000,-0.000502609764225781,1.5068971606524428e-05,-3.6887836277484896,2.6941296e-07,0.0,-0.05488455295562744,-0.00016000062292829132
65200,-0.000390266184695065,2.7805579793493963e-05,-3.688781088590622,3.4153462e-07,0.0,-0.07717788219451904,-0.00018415609069852846
65400,-0.0002538008557166904,2.3549840511805088e-05,-3.6887794971466064,1.591444e-07,0.0,-0.04254603385925293,-8.628289318095561e-05
65600,-0.00039199963794089854,8.903225875656062e-06,-3.6887849390506746,3.004074e-07,0.0,0.21103119850158691,-0.00017238409069839645
65800,-0.00041241018334403634,2.3679340029048034e-05,-3.688783222436905,2.4557113e-07,0.0,0.07127529382705688,-0.0001573910119770927
66000,-0.00026872451417148113,3.720167032952304e-05,-3.6887836039066313,2.0503998e-07,0.0,-0.06081664562225342,-0.000118801232645116
66200,-0.0002698211173992604,1.552763853851502e-05,-3.688781374692917,2.1100044e-07,0.0,-0.19435274600982666,-0.00012996924002219856
66400,-0.0004323839966673404,5.874043126823381e-05,-3.6887829840183257,2.5629996e-07,0.0,0.08605349063873291,-0.00014024632397378057
66600,-0.00024821836268529296,2.242088835373579e-05,-3.6887862026691436,2.971292e-07,0.0,-0.14766430854797363,-0.00015231173455823032
66800,-0.0002154232352040708,2.6316213097743458e-05,-3.6887841165065764,2.3007394e-07,0.0,0.06379717588424683,-0.00010902680420006305
67000,-0.0005042461561970413,2.1393185170381913e-05,-3.6887845516204836,3.85046e-07,0.0,0.15851718187332153,-0.00020017948381769734
67200,-0.00034008739748969674,2.628366444241692e-05,-3.6887810707092283,2.2798775e-07,0.0,0.0820111632347107,-0.0001368346810496579
67400,-0.00039638939779251814,1.4669235474684683e-05,-3.6887804925441743,2.7924776e-07,0.0,-0.0647813081741333,-0.00016530448424282307
67600,-0.00014901210670359433,2.3909523315523983e-05,-3.6887798249721526,1.5854836e-07,0.0,0.07696551084518433,-0.00010682374192914069
67800,-0.00021596267470158637,4.812644360754348e-05,-3.688781875371933,1.8119812e-07,0.0,0.010200917720794678,-0.00011931801535567388
68000,-0.00029341940535232425,3.9138645388447915e-05,-3.688780164718628,2.6971102e-07,0.0,0.04727298021316528,-0.0001444141407153321
68200,-0.00041950351442210376,1.801485368559952e-05,-3.6887835085392,2.2798777e-07,0.0,-0.020461320877075195,-0.00013660454707404847
68400,-0.00029896385967731476,2.332714357180521e-05,-3.688778245449066,2.1964311e-07,0.0,-0.05191171169281006,-0.0001282134499817289
68600,-0.0004646476008929312,1.7746717480804365e-05,-3.6887797832489015,2.2262336e-07,0.0,-0.02015101909637451,-0.00013774751165258615
68800,-0.00030543713364750147,2.250899615319213e-05,-3.6887826204299925,1.9967555e-07,0.0,0.015174269676208496,-0.00013436439611975716
69000,-0.0004140706732869148,6.82050466821238e-05,-3.6887813091278074,3.2663348e-07,0.0,0.02406400442123413,-0.00018178355788971422
69200,-0.00041102507384493947,2.249985304842994e-05,-3.688783425092697,2.399087e-07,0.0,-0.17198729515075684,-0.00016327988303725948
69400,-0.0002137905830750242,1.1705230053848937e-05,-3.688782411813736,1.5437604e-07,0.0,-0.10140573978424072,-9.844994498315884e-05
69600,-0.0004931611474603415,1.2791341760021169e-05,-3.688779020309448,3.2931567e-07,0.0,0.008629024028778076,-0.00017566605481666997
69800,-0.0002785844262689352,2.659288647919311e-05,-3.6887781262397765,3.3617022e-07,0.0,0.017476141452789307,-0.00017773500759841188
70000,-0.00023065786808729172,1.899532289826311e-05,-3.688778781890869,2.0325184e-07,0.0,-0.4423164129257202,-0.00013089217648030172
70200,-0.00038765883073210716,8.71761043299557e-06,-3.688781702518463,2.82228e-07,0.0,-0.5971601009368896,-0.0001485670948461415
70400,-0.0003547753731254488,1.341935317213938e-05,-3.688778692483902,2.95341e-07,0.0,0.12239748239517212,-0.00015503329050603476
70600,-0.0003797146200668067,1.2750821178997285e-05,-3.688778358697891,2.1964311e-07,0.0,0.024349749088287354,-0.00013231076274484722
70800,-0.00028786505572497845,1.2984331692678098e-05,-3.6887755274772642,2.9414892e-07,0.0,0.052021801471710205,-0.00016672063743592425
71000,-0.00028975788154639304,1.691962174845685e-05,-3.6887777388095855,2.1755696e-07,0.0,-0.07083404064178467,-0.00012656225827296642
71200,-0.00022076508321333677,2.5219193366865512e-05,-3.688775211572647,1.7911196e-07,0.0,0.1093561053276062,-0.00011873617804356585
71400,-0.000402251782361418,9.195350412483094e-06,-3.6887758553028105,3.379583e-07,0.0,-0.5012569427490234,-0.0001764331819894105
71600,-0.00033380318200215697,1.2770112027737923e-05,-3.6887763679027556,3.1799078e-07,0.0,-0.017447471618652344,-0.00018905974977820872
71800,-0.00022340071154758334,1.3403014531832013e-05,-3.688773876428604,2.512336e-07,0.0,-0.028388500213623047,-0.0001344558746865787
72000,-0.0004570859600789845,1.5560118868052086e-05,-3.6887680768966673,3.8027764e-07,0.0,-0.07788050174713135,-0.00016758618452865636
72200,-0.0003297850489616394,2.454281052450824e-05,-3.688767945766449,4.0084123e-07,0.0,0.07535666227340698,-0.00018675477230407634
72400,-0.0003009169886354357,4.293801716812595e-05,-3.6887653291225435,2.8550625e-07,0.0,0.02625894546508789,-0.00015656972606201692
72600,-0.00035797280725091696,2.3623280708306992e-05,-3.6887650549411775,2.7239324e-07,0.0,-0.12139344215393066,-0.0001416571893166907
72800,-0.0004328477953094989,1.6765948498687066e-05,-3.688765877485275,2.592802e-07,0.0,0.005066037178039551,-0.0001657175276668532
73000,-0.00043563806684687734,1.79710765451091e-05,-3.688767009973526,3.221631e-07,0.0,0.07675975561141968,-0.00018240965204725513
73200,-0.0004570673918351531,2.424540098218131e-05,-3.688768893480301,2.7000902e-07,0.0,0.10522472858428955,-0.00017072938473543519
73400,-0.00040542890201322734,3.074236228712834e-05,-3.6887692630290987,2.884865e-07,0.0,0.09032994508743286,-0.00015454839038585576
73600,-0.0004394231073092669,2.4238770265583298e-05,-3.6887714087963106,2.9504298e-07,0.0,0.03827852010726929,-0.00018459487086193161
73800,-0.00022948271362110972,4.923195047012996e-05,-3.6887696385383606,1.5765428e-07,0.0,0.03986233472824097,-9.270834927201931e-05
74000,-0.00019344895554240793,2.10783804732273e-05,-3.688768148422241,1.8864871e-07,0.0,-0.13134288787841797,-0.00012630122870257443
74200,-0.000280590116744861,1.623175046461256e-05,-3.688765686750412,2.399087e-07,0.0,-0.10033369064331055,-0.00015750566845325055
74400,-0.00030352777685038745,1.5817720236555032e-05,-3.6887634634971618,1.7255545e-07,0.0,0.0853700041770935,-0.00010889489965619781
74600,-0.0004156504001002759,1.2434688960638595e-05,-3.688762938976288,2.1725893e-07,0.0,-0.09866273403167725,-0.00014182853731554702
74800,-0.0002746868412941694,1.3475269452101201e-05,-3.6887628555297853,2.220273e-07,0.0,0.05548655986785889,-0.00013810786218684256
75000,-0.00039702290087006986,1.801798066480842e-05,-3.688759982585907,3.6001205e-07,0.0,0.1539037823677063,-0.00019849143843044814
75200,-0.00022855217684991658,1.3541783573600696e-05,-3.6887575149536134,2.452731e-07,0.0,-0.20180809497833252,-0.00012023662002680346
75400,-0.0004162561090197414,3.687267753775814e-05,-3.688760381937027,2.8312206e-07,0.0,0.02581632137298584,-0.00016392651849126417
75600,-0.00037655216874554753,2.9549818736995804e-05,-3.6887614846229555,2.7120115e-07,0.0,0.13201218843460083,-0.00015474224064291331
75800,-0.0003081324975937605,3.674179947665834e-05,-3.6887611567974092,2.43783e-07,0.0,-0.010937213897705078,-0.0001392950850842567
76000,-0.0005881614633835852,1.2728528054140042e-05,-3.688756823539734,3.2871964e-07,0.0,0.007847070693969727,-0.00019075771824503818
76200,-0.0003560589684639126,1.2316259744693526e-05,-3.688756489753723,1.9192696e-07,0.0,-0.010496258735656738,-0.00012017632274936574
76400,-0.00011480182001832873,1.7172186971947667e-05,-3.688755625486374,1.6093254e-07,0.0,0.08135026693344116,-0.00010688674493644079
76600,-0.00033063223236240447,2.5417520760129264e-05,-3.688751590251923,2.6881696e-07,0.0,0.010361254215240479,-0.00016227272154338833
76800,-0.0003164966474287212,3.1243664261637603e-05,-3.6887534618377686,1.886487e-07,0.0,0.015085160732269287,-0.00011014577761760957
77000,-0.0004240740090608597,8.581999975376674e-06,-3.6887500047683717,3.054738e-07,0.0,-0.17998194694519043,-0.0001766270252187674
77200,-0.0003275731287430972,3.453130316302122e-05,-3.688751894235611,1.9431114e-07,0.0,0.08575683832168579,-0.00011171559949336718
77400,-0.00064232008298859,3.584894843697839e-05,-3.688742810487747,3.9428474e-07,0.0,0.027165591716766357,-0.00020605969604114982
77600,-0.0003348259488120675,2.552242153797124e-05,-3.6887465476989747,2.512336e-07,0.0,-0.10184812545776367,-0.0001411271242666323
77800,-0.00040809408528730273,2.213717068570986e-05,-3.6887404024600983,3.9815905e-07,0.0,0.022798776626586914,-0.00019368572641422776
78000,-0.00012853628140874207,2.728900808506296e-05,-3.6887405157089233,2.500415e-07,0.0,0.06421071290969849,-0.00013019761394412744
78200,-0.0001876221358543262,1.9799079154836363e-05,-3.688735157251358,1.2576581e-07,0.0,-0.08806562423706055,-8.675707861085513e-05
78400,-0.00030938765848986804,1.984682357942802e-05,-3.688735395669937,2.1100044e-07,0.0,0.08362358808517456,-0.00012150377173429927
78600,-0.00031368923373520374,1.6964318683676537e-05,-3.6887348175048826,4.3064352e-07,0.0,0.11852264404296875,-0.00019598643587960264
78800,-0.00046722087427042425,1.8289842068952565e-05,-3.6887348651885987,3.3974646e-07,0.0,0.17983102798461914,-0.00017004492843986085
79000,-0.0003163966757711023,1.904887833461544e-05,-3.6887351751327513,2.4825334e-07,0.0,-0.10794687271118164,-0.00013575220155118695
79200,-0.000586433510761708,1.6726250510146202e-05,-3.688736617565155,4.789233e-07,0.0,-0.25006961822509766,-0.0002217442543219317
79400,-0.00034048143425025046,1.9440670394033076e-05,-3.688730686903,3.0696393e-07,0.0,-0.310968279838562,-0.00015588876556625885
79600,-0.00034900958416983485,1.9374935845917207e-05,-3.688737827539444,2.5689602e-07,0.0,-0.06611573696136475,-0.0001526051841554965
79800,-0.00023617962142452598,2.1440743398670748e-05,-3.688729465007782,2.9295683e-07,0.0,0.0788201093673706,-0.000141056626819025
80000,-0.0004984618863090873,1.6072682524281844e-05,-3.6887286424636843,3.2573936e-07,0.0,-0.028420686721801758,-0.00018232377496361086
80200,-0.00021910955547355115,5.1750725015153874e-05,-3.6887344896793364,1.591444e-07,0.0,0.14185994863510132,-9.606571464972901e-05
80400,-0.0003000891883857548,1.9780869524765877e-05,-3.688729876279831,2.259016e-07,0.0,-0.13256967067718506,-0.00013860991419099579
80600,-0.00012064200564054772,7.807050860719755e-06,-3.688727992773056,1.15334984e-07,0.0,-0.7248107194900513,-7.16999629984727e-05
80800,-0.0003308594459667802,6.1923729020918475e-06,-3.6887342870235442,1.7344952e-07,0.0,-1.8418960571289062,-0.00011955894499209308
81000,-0.0005018647061660886,4.409650367165341e-06,-3.6887305617332458,3.1471254e-07,0.0,-0.34273552894592285,-0.00015448306521612665
81200,-0.0003487727080937475,3.679178840343411e-06,-3.688731837272644,2.6196244e-07,0.0,-0.909088134765625,-0.00014082476558088252
81400,-0.000253112317295745,3.1972779538591568e-06,-3.6887305974960327,3.3140182e-07,0.0,-1.0897598266601562,-0.00017431163745094125
81600,-0.0004299123538658023,2.7741835722849827e-06,-3.6887202978134157,2.6077032e-07,0.0,-3.567729949951172,-0.00014482475749773017
81800,-0.0003332780906930566,1.974842103891206e-06,-3.6887242436408996,2.3812056e-07,0.0,-3.452822208404541,-0.000139649049326529
82000,-0.000318382604746148,1.577902399674258e-06,-3.688717746734619,3.7431715e-07,0.0,-8.43993091583252,-0.00019157224844903453
82200,-0.00022386829368770123,1.689804258830918e-06,-3.6887184262275694,2.2798777e-07,0.0,-5.70125675201416,-0.00012854104496069497
82400,-0.00040384227759204805,1.2999354936482633e-06,-3.6887217819690705,2.9981135e-07,0.0,-3.9233641624450684,-0.00016877815112277262
82600,-0.00036702744546346366,1.0107485096000346e-06,-3.6887162387371064,2.9534104e-07,0.0,-5.042648792266846,-0.0001641468255495937
82800,-0.0003956685250159353,9.691122741628533e-07,-3.6887146830558777,1.4901161e-07,0.0,-2.0561795234680176,-9.228093859554587e-05
83000,-0.00050408358220011,7.146286307602167e-07,-3.688714009523392,2.9802322e-07,0.0,-1.8103089332580566,-0.00014581103552586684
83200,-0.0005155765102244914,1.001580994852702e-06,-3.6887101948261263,3.7521121e-07,0.0,-2.833925485610962,-0.00021286344508428812
83400,-0.00038214900996536016,6.232910287451432e-07,-3.688705235719681,3.1650066e-07,0.0,-5.466247081756592,-0.00015948221727821733
83600,-0.0004139880184084177,8.077481055579483e-07,-3.6887022972106935,3.296137e-07,0.0,-6.1763482093811035,-0.00017748693988295372
83800,-0.0007167111034505069,4.84655650723198e-07,-3.68871146440506,3.9815902e-07,0.0,-4.40938663482666,-0.00022139478451141948
84000,-0.00045350802247412503,7.525463026070156e-07,-3.688705599308014,3.2454727e-07,0.0,-9.356795310974121,-0.00015842755747106363
84200,-0.0004886267124675214,6.66801268778272e-07,-3.6887090504169464,2.861023e-07,0.0,-4.783862113952637,-0.00015106664632298373
84400,-0.00019025959772989154,9.202137974284596e-07,-3.688708633184433,2.0802023e-07,0.0,-7.2211408615112305,-0.0001049240091559156
84600,-0.00043413357343524694,4.6630267078739964e-07,-3.6887094736099244,4.7475098e-07,0.0,-2.9842026233673096,-0.00021957040737357046
84800,-0.0002386212581768632,4.465772590833694e-07,-3.6887061953544618,2.8580428e-07,0.0,-7.9902849197387695,-0.0001565809240273719
85000,-0.00017650490917731076,5.982802250059649e-07,-3.6887040793895722,1.5348196e-07,0.0,-3.5039119720458984,-9.082338192900608e-05
85200,-0.00034276916994713247,7.203407889733171e-07,-3.688697934150696,2.8550625e-07,0.0,-3.1291370391845703,-0.0001672874541011504
85400,-0.00025794876273721457,9.120467410639321e-07,-3.688701701164246,2.166629e-07,0.0,-2.843174695968628,-0.00011021538104487583
85600,-0.00034836045233532786,6.315667206990838e-07,-3.6887015879154204,2.7239324e-07,0.0,-3.469067096710205,-0.0001540489051354843
85800,-0.00023937513469718397,4.662776248665068e-07,-3.688698673248291,2.3752452e-07,0.0,-9.735662460327148,-0.00013188309849587743
86000,-0.0006922900793142617,5.252702969471556e-07,-3.6887022256851196,4.1484833e-07,0.0,-6.773338317871094,-0.00019368344429312456
86200,-0.0003891880623996258,9.924112589487777e-07,-3.6886979758739473,3.191829e-07,0.0,-5.781411647796631,-0.00016686187618939475
86400,-0.00018710148287937045,7.460132763981164e-07,-3.6887005150318144,2.5242568e-07,0.0,-2.529144525527954,-0.0001510783120333814
86600,-0.0005746202659793198,8.09639531951234e-07,-3.688695901632309,2.402067e-07,0.0,-7.7223310470581055,-0.00013182957473805156
86800,-0.0003464095061644912,7.554126966624608e-07,-3.688702869415283,2.3335218e-07,0.0,-5.034244060516357,-0.0001368676502611299
87000,-0.00047817619633860886,6.022230664370909e-07,-3.6887046873569487,3.4868717e-07,0.0,-7.356263160705566,-0.00015245965835948284
87200,-0.0005662509938701987,9.094890344840679e-07,-3.6887071549892427,5.674362e-07,0.0,-5.864582061767578,-0.00024418450922043534
87400,-0.00048783954116515815,5.420929134913876e-07,-3.6886989951133726,4.6342612e-07,0.0,-3.1407957077026367,-0.00021282123017249966
87600,-0.00046285573625937104,6.424173484731454e-07,-3.6887030720710756,3.5762787e-07,0.0,-4.74687385559082,-0.00017250873203033534
87800,-0.000312034972012043,4.1750080157498817e-07,-3.6887033462524412,2.5689602e-07,0.0,-5.378550052642822,-0.0001573258043182424
88000,-0.00031441543251276016,5.111295116932979e-07,-3.6887011885643006,2.118945e-07,0.0,-5.423351764678955,-0.0001376351116462615
88200,-0.0003659026697278023,6.371625154599769e-07,-3.688700222969055,3.5732984e-07,0.0,-3.789090156555176,-0.00018833438671599366
88400,-0.0004633533244486898,6.039663503543125e-07,-3.6886907279491425,3.501773e-07,0.0,-2.7941339015960693,-0.00017213772579185437
88600,-0.0005160466535016894,4.560775415995977e-07,-3.6886950075626372,2.9712916e-07,0.0,-5.548846244812012,-0.0001730191082280008
88800,-0.0003832942747976631,7.037629544015544e-07,-3.688691109418869,3.6656854e-07,0.0,-7.389248847961426,-0.0001653689666008873
89000,-0.00032301564351655543,3.045622250397173e-07,-3.688701492547989,2.717972e-07,0.0,-6.798633575439453,-0.00015072514125915592
89200,-0.0004034029261674732,5.542454552198705e-07,-3.6886993646621704,3.4928323e-07,0.0,-5.3080244064331055,-0.00015480035623613997
89400,-0.0003433845704421401,5.32273006115247e-07,-3.688698464632034,2.1666288e-07,0.0,-4.589808940887451,-0.00012122432787839977
89600,-0.0006553520797751844,5.380655281328472e-07,-3.6886971056461335,3.8594004e-07,0.0,-3.073324203491211,-0.00018432573886810743
89800,-0.0002509427722543478,5.544566953119556e-07,-3.68869771361351,2.9414895e-07,0.0,-7.57546329498291,-0.0001412208688350347
90000,-0.00045249355025589466,5.476590459352337e-07,-3.688697820901871,3.629923e-07,0.0,-7.7123823165893555,-0.0001874055421758225
90200,-0.0003841280995402485,3.571480039710195e-07,-3.6887035369873047,2.4855137e-07,0.0,-5.013850212097168,-0.00014474456003614743
90400,-0.0002633586700540036,4.216587178973441e-07,-3.688701796531677,2.0444392e-07,0.0,-0.1633394956588745,-0.00011443322886703911
90600,-0.0004623814020305872,7.708807672202056e-07,-3.688698744773865,3.2126906e-07,0.0,-3.421682834625244,-0.00016274056470808873
90800,-0.0003256786148995161,3.924232188978749e-07,-3.6886971592903137,2.1994113e-07,0.0,-8.168632507324219,-0.00012969703991074776
91000,-0.00037451842217706144,3.94920235180507e-07,-3.6887040436267853,2.8014182e-07,0.0,-6.7318010330200195,-0.00015406098982406746
91200,-0.0002730146225076169,6.668914764418333e-07,-3.688698500394821,2.2292137e-07,0.0,-5.9144511222839355,-0.00013145749154177543
91400,-0.0003505802305880934,5.153495770571225e-07,-3.6887052774429323,2.1457672e-07,0.0,-4.637385845184326,-0.00012021087037339395
91600,-0.0003765571746043861,4.525648201081367e-07,-3.6887051165103912,2.616644e-07,0.0,-5.188920021057129,-0.00016492840595434545
91800,-0.00016582926036790013,3.845887825093541e-07,-3.688704437017441,3.239512e-07,0.0,-5.233333110809326,-0.00017550465438944673
92000,-0.00038914644392207265,4.831312260478171e-07,-3.688711380958557,3.9607286e-07,0.0,-7.808223724365234,-0.00019451069932665543
92200,-0.00014946825103834271,5.114165631425748e-07,-3.6887125372886658,1.4990567e-07,0.0,-6.841152667999268,-0.00010094872102581754
92400,-0.0003076561260968447,3.1306823515819816e-07,-3.688715261220932,2.834201e-07,0.0,-6.984874725341797,-0.00015696900206034757
92600,-0.0005129994824528694,7.228640896528305e-07,-3.688698524236679,3.761053e-07,0.0,-4.779618740081787,-0.00017223747146579704
92800,-0.0003242593666072935,4.606481965652165e-07,-3.688709831237793,2.3126601e-07,0.0,-4.849386215209961,-0.0001513358953244559
93000,-0.0005865121493116021,3.338365008431765e-07,-3.68871551156044,4.0382147e-07,0.0,-6.584618091583252,-0.00019848132170647849
93200,-0.0003446086775511503,4.093002051064332e-07,-3.688715934753418,3.5911796e-07,0.0,-4.311500072479248,-0.0001743337815198087
93400,-0.0004076061013620347,4.2342674717588124e-07,-3.688721376657486,4.7564507e-07,0.0,-3.4895734786987305,-0.00021374669838047922
93600,-0.00024408800527453423,5.100479462782915e-07,-3.6887267887592317,2.4139882e-07,0.0,-3.721522331237793,-0.0001365559940592842
93800,-0.00042542911251075566,4.974554357772831e-07,-3.688725787401199,2.5779008e-07,0.0,-4.505284786224365,-0.0001534055166219961
94000,-0.00019453097775112838,4.3340558093518665e-07,-3.6887175023555754,2.8550625e-07,0.0,-3.840914726257324,-0.00014295053565911432
94200,-0.00038844996015541255,4.892024890068569e-07,-3.6887176811695097,2.8192997e-07,0.0,-3.8609204292297363,-0.00015385455578666995
94400,-0.00018546325736679137,2.497398622125502e-07,-3.6887231409549712,2.512336e-07,0.0,-1.1603410243988037,-0.00013787087033847455
94600,-0.00024431810015812516,4.515708042163169e-07,-3.688716995716095,2.5451183e-07,0.0,-4.976868629455566,-0.00013659197128430557
94800,-0.00031627353746443987,3.290102402075945e-07,-3.688720405101776,2.104044e-07,0.0,-4.547797203063965,-0.00014541886828971505
95000,-0.00044274667743593454,3.3208995731115465e-07,-3.688720905780792,3.4928323e-07,0.0,-0.955500602722168,-0.00018839062737514568
95200,-0.00029693057877011597,7.199608646146771e-07,-3.688718616962433,2.6434662e-07,0.0,-5.058653831481934,-0.0001399287050467102
95400,-0.0003555963921826333,2.866574259741128e-07,-3.6887260735034944,2.4557116e-07,0.0,-4.342499256134033,-0.00016224325498788162
95600,-0.0004244424926582724,4.541515870926105e-07,-3.688717967271805,5.39124e-07,0.0,-4.740298271179199,-0.00021386580172917392
95800,-0.0003530491376295686,4.0898550111023726e-07,-3.6887232303619384,2.4676325e-07,0.0,-3.388810157775879,-0.0001278767892866961
96000,-0.000492868188302964,4.056815775754785e-07,-3.688718008995056,5.018711e-07,0.0,-10.616423606872559,-0.00022018810941517585
96200,-0.0004144117410760373,5.750296047324355e-07,-3.688710647821426,3.6329033e-07,0.0,-4.883850574493408,-0.00020940066540289237
96400,-0.00032238391577266157,2.7374417719272517e-07,-3.688712900876999,3.749132e-07,0.0,-8.91917610168457,-0.00017335352641394407
96600,-0.0004240112320985645,4.370929325148154e-07,-3.688711756467819,4.7445297e-07,0.0,-4.217101097106934,-0.00021835812112578346
96800,-0.00025980776990763843,3.121786523507808e-07,-3.688711178302765,4.3511392e-07,0.0,-6.058974266052246,-0.0002102661135210182
97000,-0.00039285680395551026,2.7117350924754647e-07,-3.6887182891368866,2.297759e-07,0.0,-10.68580436706543,-0.00014092072843494564
97200,-0.00035793022834695876,3.8057949183212256e-07,-3.6887149095535277,2.1368265e-07,0.0,-7.3344526290893555,-0.00013571342813722964
97400,-0.0003488552465569228,5.109756763488349e-07,-3.688703495264053,2.723932e-07,0.0,-6.479075908660889,-0.0001396831122059794
97600,-0.0005258353776298463,3.465651897016642e-07,-3.6887063801288607,3.772974e-07,0.0,-6.844403266906738,-0.00018021804167744904
97800,-0.00029883463867008686,2.5699292010017417e-07,-3.688716119527817,2.387166e-07,0.0,-3.4610695838928223,-0.00013355687368039605
98000,-0.0004351038078311831,3.5773508280101394e-07,-3.688710814714432,3.3468007e-07,0.0,-5.06518030166626,-0.00015969678925409347
98200,-0.0002536087413318455,3.7567918056424785e-07,-3.688711643218994,2.5212765e-07,0.0,-3.560546398162842,-0.00014269306835672512
98400,-0.00036063598236069083,3.3548926481330454e-07,-3.6887076437473296,2.7894973e-07,0.0,-9.785512924194336,-0.00015109291663941704
98600,-0.0004445713711902499,2.9057285537703593e-07,-3.688708907365799,3.567338e-07,0.0,-6.280345439910889,-0.0001873454517625106
98800,-0.0003306800208520144,3.0288895374042114e-07,-3.688700294494629,2.783537e-07,0.0,-5.0363640785217285,-0.00015373873696031826
99000,-0.0004586308205034584,3.6112142609567854e-07,-3.6886950492858888,3.185868e-07,0.0,-8.22141170501709,-0.00015200094938352393
99200,-0.0004684004816226661,3.783060350315282e-07,-3.6886918365955355,3.5554172e-07,0.0,-4.310378074645996,-0.00016469383198282063
99400,-0.0003790798655245453,1.4078304495512838e-07,-3.688703167438507,3.1262638e-07,0.0,-12.110651969909668,-0.00017839465962490308
99600,-0.0003892152744811028,2.0624064234198158e-07,-3.688708317279816,2.810359e-07,0.0,-7.458731651306152,-0.00016243654443031107
99800,-0.000316210906021297,3.49167529734018e-07,-3.688700348138809,2.4080276e-07,0.0,-3.841078281402588,-0.00014415828451184166
100000,-0.0004536433261819184,3.466954929365329e-07,-3.6886993825435637,2.8878452e-07,0.0,-6.761998653411865,-0.00016377028031092645
100200,-0.00038903934182599187,3.831383047270265e-07,-3.688700544834137,2.5480986e-07,0.0,-2.548382043838501,-0.0001642497626639816
100400,-0.0005829113651998341,2.8050467122398003e-07,-3.68870330452919,3.4153462e-07,0.0,-11.186124801635742,-0.0002103292870347051
100600,-0.0006501817842945457,3.641212732219401e-07,-3.6886998534202577,3.659725e-07,0.0,-5.058253288269043,-0.0001702671613343254
100800,-0.0003939601010642946,3.5359417864810895e-07,-3.688699793815613,2.872944e-07,0.0,-7.775237083435059,-0.00016295126817542638
101000,-0.0004399461322464049,2.773019517121611e-07,-3.6887022137641905,3.3050776e-07,0.0,-3.9582648277282715,-0.00015624012785336872
101200,-0.00045702344505116343,2.4381907550719004e-07,-3.688696974515915,3.5524369e-07,0.0,-0.7264623641967773,-0.00017129445086379037
101400,-0.0005367519333958626,2.2839751459002856e-07,-3.6886971592903137,4.49121e-07,0.0,-13.661151885986328,-0.0002349885486921166
101600,-0.0005674914573319256,2.674582923134494e-07,-3.688690370321274,4.2527915e-07,0.0,-3.187464714050293,-0.00021993830746658283
101800,-0.00026121523114852607,2.630935966863035e-07,-3.6886881947517396,1.9967557e-07,0.0,-5.07719612121582,-0.00010109292651645507
102000,-0.00021661828213836998,2.604608923206797e-07,-3.6886954843997954,2.2202731e-07,0.0,-3.842782497406006,-0.00012887192587243134
102200,-0.00025069783441722393,3.0334503229312306e-07,-3.6886950016021727,2.4229288e-07,0.0,-3.016547203063965,-0.00015127970302318826
102400,-0.0003787611785810441,1.440851955081257e-07,-3.688696897029877,2.479553e-07,0.0,-2.291990041732788,-0.00013921888186542165
102600,-0.000734034285414964,1.9977783836111484e-07,-3.6886925280094145,4.3988229e-07,0.0,-6.615302085876465,-0.00023624337673893158
102800,-0.00047465498209930956,1.8624829394298105e-07,-3.6886901259422302,3.0577183e-07,0.0,-2.0342657566070557,-0.00015836662084529608
103000,-0.0004901223001070321,2.9001601724587546e-07,-3.6886810541152952,5.093217e-07,0.0,-6.786360263824463,-0.0001832856698320118
103200,-0.00037267181323841214,1.8555226812821957e-07,-3.688686269521713,2.479553e-07,0.0,-4.9846510887146,-0.00017197078416302246
103400,-0.00039438699604943395,2.0554868314093254e-07,-3.6886851370334623,2.0444392e-07,0.0,-9.66888427734375,-0.00012791968930895293
103600,-0.0002905277069658041,3.026932326122278e-07,-3.6886823654174803,2.491474e-07,0.0,-6.452538967132568,-0.00014124595846114473
103800,-0.00040451536187902093,2.2117650964048607e-07,-3.6886884331703187,4.2498112e-07,0.0,-0.6859349012374878,-0.00020117066679563588
104000,-0.0002800658985506743,3.4022786650211855e-07,-3.688697117567062,1.7464161e-07,0.0,-5.89052152633667,-0.0001155566496778171
104200,-0.0005515526863746345,1.3012895827557713e-07,-3.6887007296085357,3.3110382e-07,0.0,0.03319305181503296,-0.00019800090677290493
104400,-0.00040044711204245687,1.3282138713321956e-07,-3.6887012481689454,4.136562e-07,0.0,-7.31375789642334,-0.00019459410703230872
104600,-0.0004428192914929241,1.8560441450432563e-07,-3.6887009263038637,3.4332274e-07,0.0,-3.7765398025512695,-0.0001852487638241973
104800,-0.0005213927943259478,3.7075467105296413e-07,-3.688693994283676,3.1530857e-07,0.0,-9.106439590454102,-0.00017808417127149757
105000,-0.0004760843003168702,2.2227231717408812e-07,-3.6887028872966767,4.2289494e-07,0.0,-3.275083541870117,-0.00022767871698263774
105200,-0.0005659189773723483,2.4319307279085933e-07,-3.6886993050575256,4.661083e-07,0.0,-5.735958576202393,-0.00023861159147964273
105400,-0.00037044991040602326,1.7485461452082517e-07,-3.6887017607688906,2.6881693e-07,0.0,-0.07761335372924805,-0.00014504741876930627
105600,-0.00041477655759081244,3.7811002044918497e-07,-3.6886948585510253,3.3944846e-07,0.0,-8.066844940185547,-0.00018808590605072782
105800,-0.000507838383782655,1.4884847860940907e-07,-3.6887016773223875,3.2871964e-07,0.0,-4.2730512619018555,-0.00017800141857013952
106000,-0.0003219209611415863,7.650906352907327e-08,-3.688705563545227,3.513694e-07,0.0,-5.324221611022949,-0.00017615634221102017
106200,-0.00020152577781118453,2.3693749966469114e-07,-3.6886992037296293,2.717972e-07,0.0,-5.289023399353027,-0.0001585593661729945
106400,-0.0003142573987133801,1.416087943795219e-07,-3.688704115152359,1.835823e-07,0.0,-3.782738208770752,-9.841853401089118e-05
106600,-0.00029773128335364163,1.303226051518891e-07,-3.6887021541595457,2.2947788e-07,0.0,-7.4923906326293945,-0.00015061866430459147
106800,-0.0003482933097984642,2.1433279400184803e-07,-3.6887034475803375,2.7626754e-07,0.0,-1.3189918994903564,-0.0001574632222539174
107000,-0.00028269478934817016,2.0585989446431086e-07,-3.6887116849422457,2.297759e-07,0.0,-9.677046775817871,-0.00014016367485885639
107200,-0.0003554399008862674,1.5719431942784467e-07,-3.6887048721313476,2.3514033e-07,0.0,-6.81827449798584,-0.00012649927983239274
107400,-0.0003477600694168359,1.1621990374521829e-07,-3.688714748620987,2.5689602e-07,0.0,-2.5239081382751465,-0.00014896967549009598
107600,-0.0005319245392456651,1.7225538933018926e-07,-3.6887131869792937,2.4080276e-07,0.0,-3.903019905090332,-0.00015211010034827944
107800,-0.0001975102786673233,1.0150854752311034e-07,-3.688720190525055,3.0606984e-07,0.0,-1.2902274131774902,-0.00016364286960017792
108000,-0.0003657638153526932,3.3542945772069287e-07,-3.6887032806873323,1.4960767e-07,0.0,-5.460754871368408,-0.00011158345288732052
108200,-0.0005750201526097953,1.1786614901865278e-07,-3.6887109696865084,3.5494568e-07,0.0,-14.27924633026123,-0.00017622918523358956
108400,-0.00037272070767357945,1.961453882870501e-07,-3.688710409402847,3.308058e-07,0.0,-3.623619556427002,-0.00015650720216990875
108600,-0.00034618983045220375,1.41005263465388e-07,-3.688713377714157,3.6090614e-07,0.0,-10.201053619384766,-0.00016119086649006852
108800,-0.0004266592441126704,9.108165706095406e-08,-3.688721054792404,2.771616e-07,0.0,-7.3937835693359375,-0.00013521728468026683
109000,-0.000490690057631582,1.259081646054483e-07,-3.6887187123298646,3.9815902e-07,0.0,-7.835990905761719,-0.00019004723396267575
109200,-0.00018453615484759212,1.998744536990671e-07,-3.688716447353363,2.2232533e-07,0.0,-5.140996932983398,-0.00011324749876127083
109400,-0.0004344415501691401,1.3000188854306315e-07,-3.688714396953583,2.4706122e-07,0.0,-9.234075546264648,-0.0001354193016834371
109600,-0.0003203924570698291,1.139637710423358e-07,-3.688718569278717,2.387166e-07,0.0,-6.8277506828308105,-0.00012604137562299833
109800,-0.00022454628197010607,1.177652070083468e-07,-3.6887189507484437,2.9236077e-07,0.0,-3.8205361366271973,-0.00015951690698936538
110000,-0.0005172313540242612,1.4151631244629925e-07,-3.6887156546115873,2.604723e-07,0.0,-7.7322998046875,-0.00014858000681288174
110200,-0.0003209110291209072,1.5814346436826555e-07,-3.6887106895446777,1.9609928e-07,0.0,-6.741262435913086,-0.00011276738759944394
110400,-0.0002842718386091292,1.1523092222631703e-07,-3.68870929479599,2.4646522e-07,0.0,-5.5343403816223145,-0.00014591580603154908
110600,-0.00040231828461401165,1.312492743821281e-07,-3.6887077391147614,2.0056962e-07,0.0,-6.874125003814697,-0.00013559559040807745
110800,-0.0006183917284943163,1.365590675206363e-07,-3.6887086927890778,4.8935414e-07,0.0,-9.542962074279785,-0.00019938896697899722
111000,-0.0004857289604842663,1.2660827728439016e-07,-3.6887027621269226,3.0457974e-07,0.0,-5.23825740814209,-0.0001662820524809483
111200,-0.0004716987314168364,1.504987739764374e-07,-3.68870290517807,3.695488e-07,0.0,-4.178418159484863,-0.00018409948053088598
111400,-0.0005650352104566991,6.975322683899776e-08,-3.688708221912384,3.8653613e-07,0.0,-17.9216365814209,-0.00022623900459028956
111600,-0.00021771949832327664,1.3975528503351598e-07,-3.6887045204639435,2.515316e-07,0.0,-0.17073583602905273,-0.0001505172307074698
111800,-0.00027275437605567276,1.807269802256428e-07,-3.688707786798477,2.3305415e-07,0.0,-6.500919818878174,-0.00014004721466491786
112000,-0.0005199072184041142,6.343487557458616e-08,-3.688709396123886,3.063679e-07,0.0,-11.63581371307373,-0.00017621271745928979
112200,-0.00023500523820985109,1.1453653225856897e-07,-3.6886998414993286,2.2798777e-07,0.0,-8.855134963989258,-0.0001265106791594195
112400,-0.00040635166806168854,1.5691076580282015e-07,-3.688709259033203,3.4183265e-07,0.0,-6.677488803863525,-0.00017580804509362836
112600,-4.827036173082888e-05,9.596156562707847e-08,-3.688712054491043,2.4586916e-07,0.0,-8.18094539642334,-0.00014728505148766668
112800,-0.00027458593831397593,1.1827920012308369e-07,-3.688708359003067,2.7537345e-07,0.0,-4.482344627380371,-0.0001585752824019515
113000,-0.0004641162813641131,8.335291798999833e-08,-3.688705402612686,4.61638e-07,0.0,-0.5543786287307739,-0.00018688436621369097
113200,-0.0002927820314653218,1.4538016994691817e-07,-3.688702070713043,2.3126601e-07,0.0,-6.63625431060791,-0.00012612906134312762
113400,-0.0004528234130702913,9.939618639265291e-08,-3.688698923587799,2.7120115e-07,0.0,-13.292073249816895,-0.0001620966335649676
113600,-0.0003964902425650507,1.552329758069959e-07,-3.688696813583374,2.7745963e-07,0.0,-4.1113152503967285,-0.00014937044749376848
113800,-0.00042869223398156464,1.0625461221991372e-07,-3.6887075185775755,3.397465e-07,0.0,-6.772427082061768,-0.00019020973236156814
114000,-0.0005740613560192287,1.0556976182130029e-07,-3.6887005269527435,4.771352e-07,0.0,-6.745787143707275,-0.0002183480290641082
114200,-0.0003219290229026228,1.6592747567045763e-07,-3.688699406385422,2.3126601e-07,0.0,-4.5566558837890625,-0.00012591274109623462
114400,-0.0007106271805241704,9.180229758598557e-08,-3.6887037992477416,3.1381848e-07,0.0,-9.9934663772583,-0.0001734450723641201
114600,-0.0003965419309679419,8.430620574984005e-08,-3.6887031853199006,2.5242568e-07,0.0,-4.20112419128418,-0.0001442705616889528
114800,-0.000468753045424819,9.925232280494356e-08,-3.688707321882248,3.531575e-07,0.0,-8.55099105834961,-0.0002138787962029376
115000,-0.00023294893617276102,1.045190267667806e-07,-3.6887121140956878,2.6613475e-07,0.0,-5.1273956298828125,-0.00015263424875819887
115200,-0.0007018161122687161,9.539420000592714e-08,-3.6887090027332308,5.590916e-07,0.0,-3.1906118392944336,-0.0002641682903233633
115400,-0.0002094084193231538,8.29587993855796e-08,-3.688711792230606,2.7984382e-07,0.0,-9.229212760925293,-0.0001415420772295839
115600,-0.0002113873779308051,8.320747388879112e-08,-3.688710647821426,2.0086766e-07,0.0,-8.489348411560059,-0.00011336471109049117
115800,-0.0003222754457965493,1.1595443130119066e-07,-3.688709020614624,1.9967557e-07,0.0,-3.3051962852478027,-0.00011292302871854787
116000,-0.0005034387577325106,9.249763461838257e-08,-3.6887074947357177,3.3944843e-07,0.0,-2.8431990146636963,-0.00018813888692563728
116200,-0.0004073827003594488,6.832121721700445e-08,-3.688703548908234,3.2991173e-07,0.0,-8.268805503845215,-0.00019388870228063127
116400,-0.0003937116707675159,9.763492201386725e-08,-3.688697415590286,2.5182962e-07,0.0,-5.713253021240234,-0.00014338419725647977
116600,-0.0003426652983762324,8.820208963200571e-08,-3.688700866699219,2.8163194e-07,0.0,-2.944260835647583,-0.00015556715426874313
116800,-0.00012483385216910392,1.0744236504933724e-07,-3.6887003123760223,2.8818846e-07,0.0,-4.836071491241455,-0.00015438500087009422
117000,-0.00038745198980905116,8.486164109200444e-08,-3.6887035429477693,3.5971402e-07,0.0,-7.569324493408203,-0.00018479749584380812
117200,-0.00011465640272945166,7.321188739695117e-08,-3.688702380657196,1.5705824e-07,0.0,-3.7026238441467285,-8.512734708303605e-05
117400,-0.00031058077001944184,6.071674611973776e-08,-3.688704341650009,1.8149615e-07,0.0,-6.502765655517578,-0.00011740155525370443
117600,-0.00042039380059577525,1.0362055267165715e-07,-3.6886974334716798,2.413988e-07,0.0,-5.304299831390381,-0.00013110454405012016
117800,-0.0002538113621994853,6.60189884094109e-08,-3.6887097120285035,2.530217e-07,0.0,-4.647714138031006,-0.00015027345548466187
118000,-0.0006605618982575834,3.5267643117009585e-08,-3.688704866170883,2.7775764e-07,0.0,-10.27646255493164,-0.00015193933332426912
118200,-0.0002977819531224668,5.944454630757434e-08,-3.6887076437473296,3.063679e-07,0.0,-5.110214710235596,-0.00016221838478418514
118400,-0.000308933638734743,5.718171531832184e-08,-3.6887090623378755,2.3066998e-07,0.0,-4.535765171051025,-0.0001418153488543794
118600,-0.0006925231427885592,6.826291278905217e-08,-3.6886969983577726,3.197789e-07,0.0,-7.132281303405762,-0.00016498300470244587
118800,-0.0003038491413462907,5.029651588550621e-08,-3.688698887825012,3.1530857e-07,0.0,-8.315200805664062,-0.00016437925452059688
119000,-0.0005683156196027994,4.726847118163846e-08,-3.688699108362198,4.0739775e-07,0.0,-7.098291397094727,-0.00018624851024333643
119200,-0.0002475746441632509,5.7486069415801924e-08,-3.6886892914772034,2.4855137e-07,0.0,-2.8042960166931152,-0.0001445415798998484
119400,-0.0005025570862926543,8.230770074391102e-08,-3.6886850893497467,4.7147273e-07,0.0,-4.308124542236328,-0.0002316750848596616
119600,-0.00039825047133490443,9.753941121459775e-08,-3.688680636882782,2.0533801e-07,0.0,-4.089076042175293,-0.00010595416980379025
119800,-0.00030115267145447433,7.806108897057129e-08,-3.6886878848075866,2.8669834e-07,0.0,-5.48458194732666,-0.00015242914311759393
120000,-0.0004065821703989059,4.384331582230061e-08,-3.688688522577286,2.8520822e-07,0.0,-10.173544883728027,-0.000149713165488774
120200,-0.00040599750354886055,3.381802358148889e-08,-3.688691717386246,2.872944e-07,0.0,-21.74934959411621,-0.00014680373707744998
120400,-0.00043780813575722277,6.129572236446278e-08,-3.68869206905365,2.5868417e-07,0.0,-6.287688732147217,-0.00015249112167546873
120600,-0.0003674033214338124,5.234902102912997e-08,-3.688689261674881,2.8431415e-07,0.0,-9.317723274230957,-0.00015596443391840964
120800,-0.0003057836147490889,6.925496585097334e-08,-3.6886902987957,1.552701e-07,0.0,-3.9393186569213867,-9.704805530179606e-05
121000,-0.000376418320229277,6.073717226939834e-08,-3.6886980295181275,3.2365324e-07,0.0,-3.218290328979492,-0.00020218885205007807
121200,-0.00023313409474212676,1.0345862886396162e-07,-3.6886743903160095,2.041459e-07,0.0,-6.520296096801758,-0.000108314335504478
121400,-0.0003230032161809504,8.651045124707935e-08,-3.6886823892593386,2.5957823e-07,0.0,-6.776727676391602,-0.0001314876228328765
121600,-0.00042544008465483785,3.665808598896092e-08,-3.6886967718601227,2.6673078e-07,0.0,-10.419048309326172,-0.00014974676082344374
121800,-0.0004344612534623593,5.3269071287331825e-08,-3.688683193922043,3.5196544e-07,0.0,-4.567079067230225,-0.00017358808305953933
122000,-0.0003177964536007494,4.451915449621424e-08,-3.688682585954666,2.402067e-07,0.0,-7.591906547546387,-0.00012971551439187046
122200,-0.0003501532773952931,5.4825027717697596e-08,-3.6886826515197755,1.9580126e-07,0.0,-4.332056999206543,-0.00011974882265144426
122400,-0.00035899694194085896,3.5962729461047616e-08,-3.688685470819473,3.2424924e-07,0.0,-6.503658294677734,-0.00018761074566424617
122600,-0.0002612722455523908,2.7590977635938428e-08,-3.6886905074119567,1.6838312e-07,0.0,-16.331113815307617,-0.00011077534439980496
122800,-0.00024976852000690997,4.407648783733009e-08,-3.6886771380901338,2.9295683e-07,0.0,-4.77612829208374,-0.0001929924938794958
123000,-0.0003292469773441553,3.96206497832452e-08,-3.68867826461792,2.8431415e-07,0.0,-7.340373992919922,-0.0001712497259611645
123200,-0.0005010563181713223,7.962591448418266e-08,-3.688675105571747,2.9444695e-07,0.0,-4.093631267547607,-0.00016198995650689162
123400,-0.0002783432137221098,3.30221637145911e-08,-3.688681036233902,3.6269427e-07,0.0,-7.559484481811523,-0.00018168214011540229
123600,-0.0003489223017822951,6.07917108208511e-08,-3.6886757135391237,2.9176474e-07,0.0,-4.978858947753906,-0.0001564585265536156
123800,-0.000470231898361817,5.87194057821705e-08,-3.688674211502075,3.2812358e-07,0.0,-7.124152183532715,-0.00018806926842906968
124000,-0.00033257523318752646,8.73225361353036e-08,-3.6886770844459535,3.325939e-07,0.0,-2.8762712478637695,-0.0001738151033992441
124200,-0.0004329174698796123,4.107487066029591e-08,-3.6886821746826173,3.1352045e-07,0.0,-3.252261161804199,-0.000190224498910041
124400,-0.00026336152222938836,4.3390163595447005e-08,-3.6886791586875916,1.5050173e-07,0.0,-4.534849643707275,-9.361661945268551e-05
124600,-0.00030593163683079183,2.756757102595486e-08,-3.6886806547641755,2.9236077e-07,0.0,-12.119346618652344,-0.00014900103110984108
124800,-0.0005098894471302629,4.977068934763906e-08,-3.6886828243732452,2.926588e-07,0.0,-3.7119197845458984,-0.00015745599576439951
125000,-0.00016527861589565873,5.535369056453021e-08,-3.6886822402477266,2.3037197e-07,0.0,-4.096191883087158,-0.00014313648274082434
125200,-0.0002574596437625587,2.3508233759628183e-08,-3.688685256242752,2.1368265e-07,0.0,-11.361169815063477,-0.00011521938456291459
125400,-0.0007712487131357193,5.1019514835104474e-08,-3.688682794570923,4.74751e-07,0.0,-2.423926830291748,-0.00022356323203575612
125600,-0.00036002762499265373,4.0413717572462816e-08,-3.6886896431446075,2.43783e-07,0.0,-8.351284980773926,-0.00013431020476444288
125800,-0.00040636336780153215,5.472851825061298e-08,-3.688684570789337,2.7000905e-07,0.0,-4.698290824890137,-0.00014958255711065017
126000,-0.00023917034559417516,3.7315819367833567e-08,-3.688688176870346,1.9222497e-07,0.0,-4.620129108428955,-0.00011159442697681322
126200,-0.0005492186173796654,3.099044232346415e-08,-3.6886808216571807,2.1576882e-07,0.0,-10.758779525756836,-0.00013770141807503133
126400,-0.0005995950195938349,6.039097986132446e-08,-3.688686281442642,4.053116e-07,0.0,-3.9820175170898438,-0.00019007384856899455
126600,-0.0004703616432379931,6.711335061027058e-08,-3.6886740267276763,3.5613775e-07,0.0,-4.217518329620361,-0.0001701069564201241
126800,-0.0002655989374034107,3.773585155464332e-08,-3.6886834383010862,2.6524066e-07,0.0,-4.573724746704102,-0.00012597287825701908
127000,-0.0004944356624037027,4.572866409979781e-08,-3.688674348592758,4.0501357e-07,0.0,-5.048373699188232,-0.00022020422013862006
127200,-0.000426532729761675,3.675086128751559e-08,-3.688684207201004,3.1650066e-07,0.0,-5.453228950500488,-0.00018696410401934925
127400,-0.00026303125196136534,5.221781540498682e-08,-3.6886849224567415,2.0086766e-07,0.0,-3.4813175201416016,-0.00010437841679891146
127600,-0.0005601901793852448,3.147627176680601e-08,-3.6886856734752653,3.3706425e-07,0.0,-3.6624975204467773,-0.00016743202371167777
127800,-0.0003325353900436312,4.631533512267083e-08,-3.688677114248276,1.6868114e-07,0.0,-2.4502947330474854,-0.00010391250706858202
128000,-0.0003361706039868295,4.690646151495059e-08,-3.6886732399463655,1.8835068e-07,0.0,-3.296588897705078,-0.0001057681812586031
128200,-0.00046154556912370026,5.006966916631939e-08,-3.6886661529541014,3.9488077e-07,0.0,-3.2035608291625977,-0.00021915784352994906
128400,-0.0005246585351414979,2.9177571803096214e-08,-3.688678449392319,3.3408404e-07,0.0,-5.087385654449463,-0.0001661653549624109
128600,-0.00014110976189840585,1.7563473408976903e-08,-3.6886811792850493,1.4364718e-07,0.0,-21.517683029174805,-7.650210781331434e-05
128800,-0.00015896139666438103,1.4673836079559522e-08,-3.6886791706085207,1.168251e-07,0.0,-6.245853424072266,-9.017319953343871e-05
129000,-0.0003533705312293023,5.4809585314785636e-08,-3.688666522502899,3.013015e-07,0.0,-3.8022022247314453,-0.00017392626462082729
129200,-0.00022433206322602928,4.812978993129491e-08,-3.688673955202103,2.1249055e-07,0.0,-4.496771335601807,-0.00011671592954529686
129400,-0.0002067363093374297,2.308829420982761e-08,-3.688677978515625,1.4722347e-07,0.0,-15.576322555541992,-8.854030827205594e-05
129600,-0.0002754134184215218,2.671194228032192e-08,-3.688674992322922,2.1874904e-07,0.0,-2.4578616619110107,-0.00013769854511975766
129800,-0.0003309952444396913,3.7584139400692604e-08,-3.6886716723442077,2.1904707e-07,0.0,-4.155051231384277,-0.0001365326871640704
130000,-0.00041501689702272415,4.412578697987613e-08,-3.688667005300522,5.4597854e-07,0.0,-3.7339000701904297,-0.00024373919400068057
130200,-0.0003901268355548382,2.3786595337860207e-08,-3.6886808574199677,2.9444692e-07,0.0,-7.164949417114258,-0.00016672982268028935
130400,-0.0002788964775390923,3.847074054874611e-08,-3.688665747642517,2.6524066e-07,0.0,-1.5343046188354492,-0.00013961023188713284
130600,-0.0002212550025433302,2.8129868701043393e-08,-3.688677281141281,1.9133091e-07,0.0,-1.7782223224639893,-0.00011065583764753306
130800,-0.0004256307438481599,2.8599811985330347e-08,-3.6886834263801576,2.297759e-07,0.0,-3.7286295890808105,-0.00013535012292642534
131000,-0.00030116524430923164,3.7201371982931164e-08,-3.6886643528938294,3.385544e-07,0.0,-2.4402074813842773,-0.00015549291682930287
131200,-0.0003920862509403378,3.4401393711469554e-08,-3.688663989305496,3.6120414e-07,0.0,-2.391371250152588,-0.00018408409604102615
131400,-0.0004617736558429897,2.978496858041524e-08,-3.6886632442474365,3.3289194e-07,0.0,-5.163751602172852,-0.00016370889457129056
131600,-0.0002822535461746156,1.9520726812771727e-08,-3.68867449760437,2.8401612e-07,0.0,-1.671553611755371,-0.00014535548943026556
131800,-0.0004878378822468221,2.7496405108351495e-08,-3.68866770863533,3.8892034e-07,0.0,-3.9862899780273438,-0.00017492642127899804
132000,-0.00036630776594392955,3.1564236913084186e-08,-3.6886684775352476,3.054738e-07,0.0,-3.592139720916748,-0.00016205167773661878
132200,-0.0005346511024981737,3.5009284005127485e-08,-3.6886655509471895,3.910065e-07,0.0,-4.513443946838379,-0.00020473741682029977
132400,-0.00038032085285522044,4.633222911998303e-08,-3.6886495649814606,4.7296288e-07,0.0,-5.0009331703186035,-0.0001983023882904167
132600,-0.0004325131594669074,2.2485043915665416e-08,-3.688677358627319,2.6851893e-07,0.0,-4.704966068267822,-0.00016081607145645993
132800,-0.000291824690066278,3.6812132364616444e-08,-3.6886588513851164,3.8176773e-07,0.0,-4.298348426818848,-0.00018775251485383392
133000,-0.00047620682744309306,3.040632554629497e-08,-3.6886589229106903,2.6226044e-07,0.0,-5.981700897216797,-0.00016087828496597067
133200,-8.057240484049544e-05,2.9117789646093682e-08,-3.688657170534134,2.7507542e-07,0.0,-3.7634458541870117,-0.00014780227870619388
133400,-0.00036335704498924315,2.1568582253550517e-08,-3.6886742889881132,2.9683116e-07,0.0,-12.619058609008789,-0.00018107398639528595
133600,-0.00025461139739491045,3.2005005001778385e-08,-3.688664573431015,2.2768974e-07,0.0,-1.4549593925476074,-0.00013188842695830428
133800,-0.0005387478740885854,5.3634475882802234e-08,-3.688656061887741,4.196167e-07,0.0,-3.4926023483276367,-0.00019678427205813698
134000,-0.00011537395766936243,2.07887666636708e-08,-3.688670355081558,2.2888185e-07,0.0,-6.687353134155273,-0.00013715180214184385
134200,-0.000370460853446275,1.584174360580448e-08,-3.6886769771575927,2.8163197e-07,0.0,-9.545019149780273,-0.00016425282799599207
134400,-0.00033896625973284245,2.546157453764408e-08,-3.6886736273765566,3.4183262e-07,0.0,-6.616324424743652,-0.00017638951722074304
134600,-0.0003117641026619822,1.5593587243678542e-08,-3.688676190376282,2.2172927e-07,0.0,-4.660083770751953,-0.00014401888976105502
134800,-0.00034588301787152886,4.184114339444989e-08,-3.688665974140167,3.3408404e-07,0.0,-1.9359288215637207,-0.00016448835332607547
135000,-0.00040864228503778577,1.3105660201517821e-08,-3.6886771380901338,3.1411648e-07,0.0,-3.107548236846924,-0.0001606972598344525
135200,-0.0004707612097263336,3.009803180020754e-08,-3.6886704921722413,5.173683e-07,0.0,-3.1902942657470703,-0.0002490428049618298
135400,-0.0002839189546648413,1.761633712238364e-08,-3.688672864437103,2.8043985e-07,0.0,-0.749345064163208,-0.0001462073371360395
135600,-0.00026031790184788406,3.6004218673113544e-08,-3.6886738419532774,1.6897917e-07,0.0,-2.2093505859375,-9.369808424743997e-05
135800,-0.00026564241852611303,3.12119492251739e-08,-3.688677078485489,2.7656554e-07,0.0,-2.2192792892456055,-0.00016133284326320664
136000,-0.0003458517021499574,3.1790642607276706e-08,-3.688674658536911,2.4646522e-07,0.0,-3.348280906677246,-0.00013735637192440197
136200,-0.0003926450735889375,3.167818709570724e-08,-3.6886682569980622,3.218651e-07,0.0,-3.1920952796936035,-0.00016175647059029074
136400,-0.0001898262999020517,2.942587997711854e-08,-3.68867689371109,2.732873e-07,0.0,-2.437605619430542,-0.00015497094368206455
136600,-0.0002890673349611461,1.9655673599849876e-08,-3.6886669158935548,2.82526e-07,0.0,-1.9158046245574951,-0.00015401658472709024
136800,-0.00027626589871942997,3.7544494846386556e-08,-3.688666749000549,2.6255844e-07,0.0,-3.0958499908447266,-0.0001492753855370621
137000,-0.0004503991222009063,2.2852227776759548e-08,-3.6886667728424074,3.814697e-07,0.0,-4.271520137786865,-0.00022949873674611433
137200,-0.00017161210416816175,2.7499575505629537e-08,-3.688660132884979,2.0325184e-07,0.0,-0.02534186840057373,-0.00010192307795751088
137400,-0.00044535339111462235,4.519209859665807e-08,-3.688663065433502,3.20673e-07,0.0,-4.695247173309326,-0.0001768043499708938
137600,-0.0002071940543828532,2.6292167998320792e-08,-3.688665843009949,2.604723e-07,0.0,-2.1572909355163574,-0.00014493909500266078
137800,-0.0001947421842487529,3.31852592072579e-08,-3.6886516392230986,2.2292139e-07,0.0,-1.5356874465942383,-0.00011401234524124337
138000,-0.0005529210902750492,1.4740686693492933e-08,-3.6886564970016478,3.4421683e-07,0.0,-7.988645553588867,-0.00016792967881018583
138200,-0.0004674405208788812,1.5609938341931695e-08,-3.6886550545692445,2.6375054e-07,0.0,-3.9114513397216797,-0.00013532020297634116
138400,-0.0003178601909894496,2.2708059588261165e-08,-3.6886556923389433,2.1725893e-07,0.0,-3.6886520385742188,-0.00010970062134676439
138600,-0.0003224600222893059,2.3102447621603517e-08,-3.688652718067169,3.159046e-07,0.0,-7.4491071701049805,-0.00016324470339008635
138800,-0.00025191044551320374,2.8504815485774772e-08,-3.6886539101600646,2.4348498e-07,0.0,-2.9702372550964355,-0.00012775491638603587
139000,-0.0001992324396269396,1.888701433028217e-08,-3.6886632263660433,2.8461218e-07,0.0,-3.24495267868042,-0.0001449695367280235
139200,-0.0003572329005692154,2.1652835791030612e-08,-3.6886577665805818,2.3394823e-07,0.0,-1.868518590927124,-0.00014046003004855034
139400,-0.00023188377963379025,3.117857159118387e-08,-3.6886608362197877,2.1755696e-07,0.0,-3.6550612449645996,-0.00013318397107271452
139600,-0.0005404864787124097,2.0562580460570246e-08,-3.6886606335639955,2.3931264e-07,0.0,-3.545586585998535,-0.00014941440535676254
139800,-0.0003669933066703379,1.9270434692408855e-08,-3.6886624097824097,1.591444e-07,0.0,-2.372741222381592,-9.353429075300567e-05
140000,-0.0003680699155665934,1.6634142929738972e-08,-3.6886720418930055,2.0474197e-07,0.0,-6.80825138092041,-0.00011656434070959066
140200,-0.0003966793301515281,3.160176329508602e-08,-3.6886590003967283,2.1547078e-07,0.0,-1.7587504386901855,-0.00015931311274788306
140400,-0.0004657615500036627,3.302243092306867e-08,-3.6886516869068147,2.8669837e-07,0.0,-4.354877471923828,-0.00013452423998228102
140600,-0.00014567530888598412,1.4362144384882925e-08,-3.688658994436264,2.9206277e-07,0.0,-8.882789611816406,-0.0001534371521435429
140800,-0.000273499550530687,2.1842001562966117e-08,-3.688663500547409,1.5735625e-07,0.0,-2.8506834506988525,-0.00010510250954856026
141000,-0.000324978434946388,1.9619940694326486e-08,-3.688655364513397,2.2232531e-07,0.0,-0.841429591178894,-0.00011524956243567087
141200,-0.00027921111905016005,1.9969702069744243e-08,-3.688663649559021,2.7120115e-07,0.0,-0.9522122144699097,-0.00015970089902009877
141400,-0.00030413229251280427,2.1019816243139643e-08,-3.688651978969574,2.774596e-07,0.0,-3.3900465965270996,-0.00013517452185678457
141600,-0.00042573516839183867,2.694334240160856e-08,-3.688648134469986,2.6732684e-07,0.0,-2.834247589111328,-0.00014469595202424302
141800,-0.00041743050678633153,2.6894136606614437e-08,-3.68865219950676,2.539158e-07,0.0,-4.0712785720825195,-0.00015744666592549806
142000,-0.00047785125207155943,1.7869500834599705e-08,-3.6886552035808564,2.7477742e-07,0.0,-4.330072402954102,-0.00015080451254163575
142200,-0.00045989122008904815,1.7850271150088304e-08,-3.688643288612366,4.959106e-07,0.0,-3.6106677055358887,-0.00020603592691781358
142400,-0.00037187334964983165,2.3618449285223166e-08,-3.6886537432670594,3.147125e-07,0.0,-2.0824060440063477,-0.00017055156803877925
142600,-0.00017154237139038742,1.9866736233886685e-08,-3.6886544585227967,2.1487476e-07,0.0,-5.922621726989746,-0.00012378628652556233
142800,-0.00030948291532695293,1.9038107068602984e-08,-3.688646948337555,2.18153e-07,0.0,-2.625145435333252,-0.00011714798183333208
143000,-0.00044792675180360675,1.917844680843217e-08,-3.6886560797691343,2.3216009e-07,0.0,-4.992156982421875,-0.00014284198054621556
143200,-0.00033914248342625797,1.0924377991106126e-08,-3.6886614084243776,2.8580428e-07,0.0,-6.649624347686768,-0.00017657830420466646
143400,-0.0005046361475251615,2.06935490743021e-08,-3.6886441111564636,4.0352347e-07,0.0,-4.106546401977539,-0.00019959649786500667
143600,-0.00036515959072858095,2.043448190658381e-08,-3.688639444112778,3.1799078e-07,0.0,-2.9383795261383057,-0.00017212561738495503
143800,-0.00018801722035277635,1.9992726429940432e-08,-3.6886428534984588,2.3931264e-07,0.0,-4.4885663986206055,-0.00011975754887794121
144000,-0.0004490755673032254,1.5670826747360422e-08,-3.6886392772197723,2.8610228e-07,0.0,-5.992809772491455,-0.00015087241672340213
144200,-0.00043025470222346485,1.9222792047024483e-08,-3.6886399030685424,3.4481286e-07,0.0,-3.8217883110046387,-0.0001924797295934033
144400,-0.00041124841663986444,3.330048592431467e-08,-3.688624322414398,5.2839516e-07,0.0,-3.02667236328125,-0.00020603847913709395
144600,-0.0006081186002120376,2.2468524685237413e-08,-3.6886344075202944,3.2693148e-07,0.0,-7.308015823364258,-0.00015863800745163914
144800,-0.00037707414594478905,2.62514620708032e-08,-3.6886399745941163,2.5182962e-07,0.0,-1.1598811149597168,-0.00014738653716085405
145000,-0.0003686250711325556,8.396702755320007e-09,-3.6886476933956147,2.7030705e-07,0.0,-9.612210273742676,-0.00015411700846548193
145200,-0.00042471938650123775,9.197834460739074e-09,-3.6886413156986237,2.488494e-07,0.0,-7.949405670166016,-0.0001481213728328601
145400,-0.00043778575491160154,3.064995715007512e-08,-3.6886350929737093,3.1143426e-07,0.0,-1.5269720554351807,-0.00016765803903149302
145600,-0.0002684117353055626,1.791565864550648e-08,-3.6886418044567106,1.8388033e-07,0.0,-5.803879261016846,-0.00010773998464389534
145800,-0.00030856739613227546,2.1047788711925365e-08,-3.6886432468891144,3.1113626e-07,0.0,-5.348250389099121,-0.00016460800859290358
146000,-0.000448645674623549,1.3805333676231158e-08,-3.688650035858154,2.270937e-07,0.0,-1.369368076324463,-0.00012854863730580313
146200,-0.0002944169973488897,2.128629452702313e-08,-3.6886448681354524,2.1427869e-07,0.0,-5.8933491706848145,-0.00012389103390251233
146400,-0.00019887424423359334,2.403795416050514e-08,-3.688636076450348,2.3156403e-07,0.0,-5.5969767570495605,-0.00011982027196631995
146600,-0.0004677102842833847,2.3549638439313016e-08,-3.6886513233184814,2.923608e-07,0.0,-5.369051456451416,-0.00016138212296801235
146800,-0.0006543491035699844,1.4890194988126382e-08,-3.6886514902114866,3.749132e-07,0.0,-2.460984230041504,-0.0001934703613074462
147000,-0.0002430880267638713,2.151204054889888e-08,-3.6886443912982942,2.7626754e-07,0.0,-3.9227375984191895,-0.00013321748334510497
147200,-0.0005237327422946692,1.549333681349907e-08,-3.6886430621147155,4.3600798e-07,0.0,-1.706615686416626,-0.0002174699156330284
147400,-0.00037108652759343386,2.1770118441288843e-08,-3.688630598783493,3.3348798e-07,0.0,-3.5038671493530273,-0.00015395094506696073
147600,-0.0003126446099486202,1.3985737612465244e-08,-3.6886396527290346,1.9997358e-07,0.0,-3.909079074859619,-0.0001292613289564315
147800,-0.00047419723705388606,1.392816131318142e-08,-3.6886423587799073,3.9726498e-07,0.0,-4.9665703773498535,-0.00018667799311833933
148000,-0.0002719366748351604,1.0879018985665568e-08,-3.6886485040187837,3.0368565e-07,0.0,-2.5122058391571045,-0.00014149361163706686
148200,-0.00034226482966914773,2.8133020801845987e-08,-3.688640946149826,2.7567148e-07,0.0,-2.237349510192871,-0.00015708656484283434
148400,-0.00020260580640751868,1.6984296036248735e-08,-3.6886352360248567,2.0742416e-07,0.0,-5.050230503082275,-0.00014063363589479904
148600,-0.00028130877763032913,1.8344741237186212e-08,-3.6886415421962737,3.0308962e-07,0.0,-1.0806078910827637,-0.00013630478761741393
148800,-0.00017065134306903929,2.026444545499828e-08,-3.6886594712734224,2.3454427e-07,0.0,-1.6110217571258545,-0.00011225034256696631
149000,-0.0004929672577418387,1.610717190736466e-08,-3.6886513352394106,4.091859e-07,0.0,-3.3863091468811035,-0.00020314414031212812
149200,-0.00030796791543252766,2.3234139323591308e-08,-3.6886562764644624,2.4229288e-07,0.0,-2.3342931270599365,-0.0001455116869796491
149400,-0.00011456450738478452,2.298135091116649e-08,-3.68865185379982,2.0384789e-07,0.0,-1.1832249164581299,-0.00010970059059605131
149600,-0.0003385456220712513,1.5292982302739234e-08,-3.688665026426315,3.2305718e-07,0.0,-4.324540138244629,-0.00016904062483149573
149800,-0.00038183946162462234,1.5069252978783253e-08,-3.6886663734912872,2.6792287e-07,0.0,-8.198219299316406,-0.00014052805219278986
150000,-0.00043127473327331245,1.506852873589537e-08,-3.6886564791202545,3.85046e-07,0.0,-4.135505199432373,-0.0001963822837140028
150200,-0.00021805221331305802,1.810014276237837e-08,-3.6886517465114594,2.2828578e-07,0.0,-4.393847465515137,-0.00011517351881922267
150400,-0.0003215344331692904,2.2103052743638328e-08,-3.6886480152606964,3.430247e-07,0.0,-3.9084978103637695,-0.00017668670386092878
150600,-0.00032608117908239365,2.2369857477499976e-08,-3.688667058944702,2.8163197e-07,0.0,-4.9464111328125,-0.0001721071609460223
150800,-0.0003383404400665313,1.7451690026426548e-08,-3.6886691570281984,2.0563603e-07,0.0,-7.860954284667969,-0.00012642948366010655
151000,-0.0004260702698957175,1.725105469585486e-08,-3.6886719822883607,2.1666288e-07,0.0,-7.840398788452148,-0.00013872827929366504
151200,-0.00015033567615319043,2.9599523365675397e-08,-3.6886520087718964,2.3603441e-07,0.0,-2.839657783508301,-0.00014086157825795586
151400,-0.0005197125719860196,1.6972526561964684e-08,-3.688659352064133,3.2305718e-07,0.0,-1.2380576133728027,-0.00017984633193059984
151600,-0.00031512146233581007,1.8413588454002648e-08,-3.688653963804245,3.1083823e-07,0.0,-3.280061721801758,-0.00016080790704871007
151800,-0.00043826102046296,1.7732751067534024e-08,-3.688663512468338,3.3229588e-07,0.0,-8.454310417175293,-0.0001683109250858905
152000,-0.0003325234283693135,2.3210994792854933e-08,-3.6886521100997927,2.735853e-07,0.0,-3.4813356399536133,-0.00014413243526187892
152200,-0.00024230568669736385,1.9374037041330894e-08,-3.688671571016312,1.7493964e-07,0.0,-2.1981093883514404,-0.00010342775178107111
152400,-0.00034876909921877086,1.7009855102223524e-08,-3.688667666912079,3.376603e-07,0.0,-2.929630756378174,-0.0001917169223732973
152600,-0.00041469812276773155,1.9390911232264328e-08,-3.6886617958545687,2.9355286e-07,0.0,-5.3755083084106445,-0.00014409393820505879
152800,-0.0004146711726207286,1.6142246894723654e-08,-3.6886620700359343,3.4451483e-07,0.0,-6.482203006744385,-0.00016918936419505482
153000,-0.0002308309922227636,1.3146014321563371e-08,-3.6886613070964813,2.2083522e-07,0.0,-9.800312042236328,-0.0001333917971725107
153200,-0.0004667938919737935,2.2742417637999778e-08,-3.688659542798996,2.4139882e-07,0.0,-1.7098562717437744,-0.00013764375506561955
153400,-0.0005180934676900506,1.7210890490559905e-08,-3.6886768639087677,3.9190056e-07,0.0,-11.111120223999023,-0.00017830723791329995
153600,-0.0003190638090018183,1.2817205208293103e-08,-3.688679039478302,2.1278858e-07,0.0,-3.920647621154785,-0.00013061098851812057
153800,-0.0003825938911177218,2.2391946741251445e-08,-3.6886606335639955,3.20673e-07,0.0,-2.3891844749450684,-0.0001803780571558278
154000,-0.00024996415595524013,2.5945028614415833e-08,-3.688660717010498,2.8699634e-07,0.0,-1.508704662322998,-0.00016681167393621797
154200,-0.0004994035116396844,2.536883207948648e-08,-3.6886528611183165,3.1262636e-07,0.0,-1.2713098526000977,-0.00016582763350085904
154400,-0.00045230984687805176,2.3038295671184982e-08,-3.6886691808700562,2.1874904e-07,0.0,-2.4232382774353027,-0.00013958531652087381
154600,-0.0005746757378801703,2.3700913542867853e-08,-3.688656657934189,4.2319294e-07,0.0,-1.7414236068725586,-0.00020192921158025402
154800,-0.0005001645185984671,1.817681918314662e-08,-3.688664674758911,3.6448242e-07,0.0,-3.6863865852355957,-0.00019473585491470714
155000,-0.0003898753202520311,1.913853713286784e-08,-3.6886502742767333,2.9206277e-07,0.0,-4.2630815505981445,-0.0001461608777420853
155200,-0.00029854520107619464,2.3044787944570545e-08,-3.6886454224586487,3.0219556e-07,0.0,-3.0005979537963867,-0.00014872465644617528
155400,-0.0004852576239500195,1.1156215440344398e-08,-3.688645249605179,2.911687e-07,0.0,-8.170682907104492,-0.00015608668190543186
155600,-0.00031957626924850047,1.524274730879682e-08,-3.6886536478996277,1.9043684e-07,0.0,-6.067335605621338,-0.000109221399049364
155800,-0.00046470039524137974,1.8354566089229252e-08,-3.68867284655571,1.9818546e-07,0.0,-2.281737804412842,-0.00011810615719622386
156000,-0.00029801088385283947,1.5143139631135227e-08,-3.688660663366318,2.3961067e-07,0.0,-5.076879024505615,-0.00011822688540360504
156200,-0.0001209020265378058,3.1863817451238675e-08,-3.688655471801758,1.3053418e-07,0.0,-2.940342664718628,-8.676947663619484e-05
156400,-0.0001779036392690614,1.6334045316312996e-08,-3.688666343688965,1.7613172e-07,0.0,-2.680558919906616,-0.00010899475959758043
156600,-0.0004675522795878351,2.2817669109720383e-08,-3.6886697113513947,3.182888e-07,0.0,-3.5499048233032227,-0.0001718575811820333
156800,-0.0004017552419099957,1.3299641477004797e-08,-3.688660365343094,2.512336e-07,0.0,-4.496194362640381,-0.0001639299690011198
157000,-0.0001996343198698014,2.2300445512435373e-08,-3.688645547628403,1.4811755e-07,0.0,-3.9136953353881836,-8.687880999423414e-05
157200,-0.0006342605920508504,1.9553585084430836e-08,-3.6886401236057282,3.7252903e-07,0.0,-3.615975856781006,-0.00017721359352615985
157400,-0.00047646427992731333,1.9351845725879003e-08,-3.6886655032634734,3.2424927e-07,0.0,-3.1432175636291504,-0.00016095031904228563
157600,-0.0003750436007976532,1.493007157904458e-08,-3.6886680722236633,2.977252e-07,0.0,-4.062453746795654,-0.0001655102669246844
157800,-0.00031542350188829005,2.015517441833481e-08,-3.688654416799545,2.6524066e-07,0.0,-0.7984780073165894,-0.00014471766313886025
158000,-0.0003957166336476803,1.938332603312887e-08,-3.688657063245773,3.7014482e-07,0.0,-4.330896854400635,-0.00019335006944197762
158200,-0.0004997971118427813,2.3983103281111084e-08,-3.6886330127716063,2.3692847e-07,0.0,-1.6893417835235596,-0.00013380867152489316
158400,-0.0004114154144190252,2.4245293461788718e-08,-3.6886472165584565,2.0354986e-07,0.0,-3.407240867614746,-0.00012963401527579243
158600,-0.0002224404743174091,1.7966929677371012e-08,-3.688625329732895,2.8789043e-07,0.0,-16.31468391418457,-0.00016631279168695113
158800,-0.0002591910306364298,1.2136110827398739e-08,-3.688622695207596,1.9222497e-07,0.0,-3.2349095344543457,-0.00011115900423659397
159000,-0.00032766468939371407,1.3668192511140376e-08,-3.6886494755744934,2.7626754e-07,0.0,-2.8855276107788086,-0.00016702450110207546
159200,-0.0005068992613814771,2.3188583253563878e-08,-3.6886313617229463,3.7521124e-07,0.0,-4.700887680053711,-0.0001907830447315906
159400,-0.00047873472794890404,1.2042054131633506e-08,-3.6886530101299284,3.2007694e-07,0.0,-9.00432014465332,-0.00014538022264229956
159600,-0.00042826528078876436,2.65306594027237e-08,-3.688601541519165,3.540516e-07,0.0,-0.7334849834442139,-0.00020378719278930647
159800,-0.00047469072160311043,1.993681817413773e-08,-3.688616454601288,3.8534404e-07,0.0,-1.8571906089782715,-0.00018175486507826522
160000,-0.00045931042404845357,2.5953634885667044e-08,-3.688603675365448,4.273653e-07,0.0,-5.196352005004883,-0.00020768399677624229
160200,-0.00025472533889114857,1.6387778778437224e-08,-3.688598471879959,3.7044285e-07,0.0,-3.853557586669922,-0.00017266461877194495
160400,-0.0003275084018241614,1.969649718880362e-08,-3.6886201739311217,3.167987e-07,0.0,-5.888227462768555,-0.000157769307489386
160600,-0.0004966517444700003,1.9854797361773535e-08,-3.688606917858124,2.7149918e-07,0.0,-2.7593319416046143,-0.00014838504648881923
160800,-0.000254624814260751,1.5887131565861522e-08,-3.6886132836341856,2.3096798e-07,0.0,-2.8170883655548096,-0.0001328411993059664
161000,-0.000213457242352888,1.39274895838426e-08,-3.688599944114685,2.1755696e-07,0.0,-1.7819302082061768,-0.00011644755301210008
161200,-0.0003803821746259928,2.1286828966182725e-08,-3.688601392507553,3.59118e-07,0.0,-7.313562393188477,-0.00018034406691866956
161400,-0.0003495350538287312,1.9695635278260682e-08,-3.6885908603668214,3.308058e-07,0.0,-4.784477233886719,-0.00017348514444162077
161600,-0.0004961414379067719,2.358256376844281e-08,-3.688613259792328,3.9517883e-07,0.0,-1.6716983318328857,-0.00018347777527831787
161800,-0.0003726138675119728,1.7550267616961435e-08,-3.688596338033676,3.7968158e-07,0.0,-3.732293128967285,-0.0001795252566239469
162000,-0.00048372603487223387,1.498046089398741e-08,-3.6886137783527375,3.4928323e-07,0.0,-1.9492199420928955,-0.0001560263495252956
162200,-0.0005954655935056508,1.7615065006637565e-08,-3.6885912477970124,4.759431e-07,0.0,-1.673097848892212,-0.00022468853054511407
162400,-0.00025852269027382135,1.886884959390045e-08,-3.6886068642139436,2.1696091e-07,0.0,-1.432201623916626,-0.00011437745461351234
162600,-0.0005385747645050287,1.95864359620046e-08,-3.688600701093674,3.5732984e-07,0.0,-1.098926067352295,-0.00018540762460043104
162800,-0.0003200483333785087,2.2866421778289235e-08,-3.688602310419083,1.9788743e-07,0.0,-3.1163620948791504,-0.00011087708355170812
163000,-0.000427442166255787,1.2400756821406844e-08,-3.6886052012443544,2.551079e-07,0.0,-3.2130961418151855,-0.00013919773621382526
163200,-0.00025993905728682876,1.9283300911610012e-08,-3.688610339164734,2.118945e-07,0.0,-3.010873794555664,-0.00012173847831479235
163400,-0.0003701925161294639,1.9174852838865773e-08,-3.688600015640259,2.935529e-07,0.0,-2.0498032569885254,-0.00015554979405578705
163600,-0.00027574741397984326,1.5869136982260558e-08,-3.688598042726517,1.9341707e-07,0.0,-0.3341257572174072,-0.00011285938273613017
163800,-0.00038143497658893466,1.6668211966219815e-08,-3.6886223375797274,3.6150217e-07,0.0,-1.9660110473632812,-0.00018338191485781641
164000,-0.00043886323692277074,1.848542408033893e-08,-3.6885864317417143,3.677607e-07,0.0,-5.729844570159912,-0.00017002014850056035
164200,-0.0003864474128931761,1.682357162469117e-08,-3.6885854065418244,3.2007694e-07,0.0,-3.556957721710205,-0.0001591501390523664
164400,-0.00022491659910883754,0.0007046532151434804,-3.688773882389069,1.2546778e-07,0.0,0.47397834062576294,-0.0001071890038129908
164600,-0.00022657624504063278,0.0002765922574326396,-3.6886927247047425,1.7404557e-07,0.0,0.5034981966018677,-0.0001200480009302618
164800,-0.00036929085035808384,8.392358176934067e-05,-3.6886167883872987,3.7997964e-07,0.0,-10.890201568603516,-0.00018450510581806688
165000,-0.000322038889862597,4.432824161995086e-05,-3.6885871589183807,2.8938055e-07,0.0,-0.16176044940948486,-0.00014286468213207116
165200,-0.00035021084477193654,5.27792740285804e-05,-3.6886033177375794,2.7686357e-07,0.0,0.055589258670806885,-0.00014597645328917608
165400,-0.0003433473757468164,3.334289622216602e-05,-3.688579249382019,3.3348798e-07,0.0,-0.040795326232910156,-0.0001703061474136902
165600,-0.00045639483141712844,2.854706731341139e-05,-3.6886001348495485,3.784895e-07,0.0,-0.37402021884918213,-0.00018261188371222482
165800,-0.0002706757513806224,2.233864788649953e-05,-3.688632082939148,2.411008e-07,0.0,0.01434403657913208,-0.00012926062946450045
166000,-0.00038092650356702507,2.964026734844083e-05,-3.6885918021202087,3.5732984e-07,0.0,-0.4023153781890869,-0.00016713744483485283
166200,-0.0003426364273764193,2.938011698461196e-05,-3.688578701019287,2.926588e-07,0.0,-0.016255974769592285,-0.0001566046912773622
166400,-0.0007018136675469577,3.1996729558159134e-05,-3.6885803997516633,6.8813563e-07,0.0,-0.1038358211517334,-0.00028463132775846667
166600,-0.00028637651121243834,3.001153659170086e-05,-3.6886073887348174,2.4229286e-07,0.0,-0.05417168140411377,-0.0001335502626069296
166800,-0.00033474035444669425,2.2106711071501195e-05,-3.6885792315006256,4.0799378e-07,0.0,0.06079775094985962,-0.00017303623941504752
167000,-0.00034220636007376015,1.1962763983319746e-05,-3.688599544763565,4.482269e-07,0.0,-0.034639954566955566,-0.0002216412808258017
167200,-0.00049478595610708,3.258313281548908e-05,-3.6885692834854127,4.5001505e-07,0.0,-0.13412880897521973,-0.00019240558524584727
167400,-0.0002843351976480335,3.306521193735534e-05,-3.688551217317581,2.8073788e-07,0.0,0.003972768783569336,-0.00014458861624899733
167600,-0.00033718967461027205,2.55418678989372e-05,-3.6885583639144897,3.5136938e-07,0.0,0.0030589699745178223,-0.00018168644599767526
167800,-0.0007423004717566073,1.61076806989513e-05,-3.688567876815796,3.451109e-07,0.0,-0.024596571922302246,-0.0001503609262084815
168000,-0.0003584982769098133,2.3621779882887493e-05,-3.688565593957901,2.1845102e-07,0.0,-0.2129420042037964,-0.00011611048945271429
168200,-0.00044517431524582207,1.3684698728866351e-05,-3.6885639131069183,3.117323e-07,0.0,-0.0327984094619751,-0.00017029069266527586
168400,-0.0004819096066057682,3.3088145255533166e-05,-3.688575893640518,2.387166e-07,0.0,0.04497629404067993,-0.00012376621425103096
168600,-0.00028488136013038456,4.197334988020884e-05,-3.6885701537132265,1.9848346e-07,0.0,-0.08188045024871826,-0.00012730257286965862
168800,-0.000245359173277393,1.5988612381079294e-05,-3.6885613799095154,4.0680172e-07,0.0,-0.3465796709060669,-0.0002096787735124561
169000,-0.0005767018883489072,1.6450998896289092e-05,-3.688555645942688,4.3094155e-07,0.0,0.024500668048858643,-0.0002108579275025946
169200,-0.00043647384154610336,1.2612910018106049e-05,-3.6885507881641386,4.786253e-07,0.0,-0.039151549339294434,-0.00021294623674213974
169400,-0.000389732449548319,1.5039665936456003e-05,-3.688535124063492,4.044175e-07,0.0,-0.09740877151489258,-0.00017242092762790318
169600,-0.000421736593125388,1.2942133503202058e-05,-3.6885477006435394,2.270937e-07,0.0,0.10935389995574951,-0.00013920980651493942
169800,-0.00024137239961419255,6.340022682707058e-05,-3.6885530292987823,1.4811755e-07,0.0,0.0586509108543396,-0.00010163619406469148
170000,-0.00043704593554139137,4.971811927134695e-05,-3.688553547859192,3.3438207e-07,0.0,-0.03792715072631836,-0.00018996691912616105
170200,-0.0005113280494697392,1.5886592359493078e-05,-3.688573217391968,3.4183262e-07,0.0,-0.04580187797546387,-0.00017520645240880482
170400,-0.00042553088860586286,1.906307550143538e-05,-3.6885411560535433,4.976988e-07,0.0,0.04615241289138794,-0.00020764414149720967
170600,-0.0006628052797168493,1.3255422550173534e-05,-3.6885347247123716,5.6236985e-07,0.0,0.13703125715255737,-0.00025218495784748993
170800,-0.0005780136561952531,1.2012571960440255e-05,-3.6885500133037565,3.8921831e-07,0.0,-0.19105374813079834,-0.0001856660533223309
171000,-0.0005080024711787701,2.759762041932845e-05,-3.688568490743637,2.9683113e-07,0.0,-0.06837224960327148,-0.00016810977456795939
171200,-0.0005632524844259024,1.7321928953606403e-05,-3.6885448515415193,4.094839e-07,0.0,0.11972254514694214,-0.00021058084810148258
171400,-0.0004051753494422883,2.4486777147103566e-05,-3.6885411143302917,3.4451483e-07,0.0,-0.16832518577575684,-0.00017278081205927
171600,-0.000187916899449192,1.4252595519792521e-05,-3.6885604739189146,2.8789043e-07,0.0,0.11467701196670532,-0.0001371897755657159
171800,-0.0003576414310373366,2.0398755759742925e-05,-3.688541132211685,3.749132e-07,0.0,-0.07570946216583252,-0.0002071589525180606
172000,-0.000410425360314548,1.5599874859617558e-05,-3.6885379552841187,3.257394e-07,0.0,-0.13814330101013184,-0.0001574636541421315
172200,-0.00041543046245351434,3.376075651431165e-05,-3.6885479986667633,2.8967855e-07,0.0,0.05061995983123779,-0.0001792005358565607
172400,-0.00041396316373720765,1.9789906264122693e-05,-3.6885413765907287,3.731251e-07,0.0,-0.2073349952697754,-0.0001813320591324441
172600,-0.00028675832436420023,1.8835821015272815e-05,-3.6885289788246154,2.7716158e-07,0.0,-0.06931984424591064,-0.00014599511682149567
172800,-0.0004232859646435827,3.32176936808537e-05,-3.6885488033294678,3.0189753e-07,0.0,0.020812809467315674,-0.00016369242174698594
173000,-0.0006396876997314394,2.7382956795918288e-05,-3.68853018283844,3.4391883e-07,0.0,0.15183550119400024,-0.00016296049806991953
173200,-0.0004766449856106192,3.131913904326211e-05,-3.688532716035843,4.2438506e-07,0.0,0.07914727926254272,-0.00019243246965754411
173400,-0.0004114346229471266,1.9830081328109372e-05,-3.688551014661789,3.1799078e-07,0.0,-0.0791463851928711,-0.0001646078440117993
173600,-0.0003308916056994349,2.0694148315669735e-05,-3.6885460317134857,3.1113626e-07,0.0,0.062208473682403564,-0.00016682978011317573
173800,-0.0005235790158621967,3.540403399711067e-05,-3.6885524332523345,4.836917e-07,0.0,0.11213624477386475,-0.00021383805901620256
174000,-0.00029815148445777595,2.5056131835299312e-05,-3.6885609149932863,2.935529e-07,0.0,-0.04686141014099121,-0.00014654508336571227
174200,-0.00046774966176599264,4.0255808607980724e-05,-3.688521546125412,2.9832125e-07,0.0,0.11336296796798706,-0.00014820490124831665
174400,-0.0004712502413894981,2.338571343898366e-05,-3.6885465741157533,2.8818846e-07,0.0,-0.14038431644439697,-0.00015100570094030985
174600,-0.0005518082762137055,1.8966689458466136e-05,-3.6885190844535827,3.9219856e-07,0.0,-0.09175026416778564,-0.00017825159274638126
174800,-0.0005021296092309058,1.99021645812536e-05,-3.688527548313141,4.10378e-07,0.0,-0.14106011390686035,-0.00020437934817925109
175000,-0.0002788064011838287,6.275616087805246e-05,-3.6885257065296173,2.6255844e-07,0.0,0.04712498188018799,-0.00013596322443698572
175200,-0.0002948309702333063,1.8716210502134344e-05,-3.688551867008209,3.3408404e-07,0.0,-0.1031043529510498,-0.00018511383329329335
175400,-0.0002387159620411694,2.1136763757567677e-05,-3.688538533449173,2.554059e-07,0.0,-0.1259244680404663,-0.0001349432153834762
175600,-0.0003191156138200313,1.5546631902907394e-05,-3.688530957698822,3.4064053e-07,0.0,-0.05618023872375488,-0.00016953094265685919
175800,-0.0003839080745819956,1.897391252896341e-05,-3.688548040390015,2.619624e-07,0.0,0.01958566904067993,-0.00014137759114245528
176000,-0.0004481830692384392,2.4384683865719125e-05,-3.6885548532009125,3.1292439e-07,0.0,0.016114115715026855,-0.00016161464186661422
176200,-0.0005556329851970077,1.9123963966194424e-05,-3.6885270059108732,3.8683413e-07,0.0,-0.07407891750335693,-0.00016716812694772543
176400,-0.00041194987716153264,2.9930744631201378e-05,-3.688549941778183,3.170967e-07,0.0,0.03747767210006714,-0.00017947989024991173
176600,-0.00022667656594421715,2.0512961941676622e-05,-3.688519686460495,2.0205974e-07,0.0,0.03386741876602173,-0.00012045310410497833
176800,-0.0004936424666084349,2.562368383678404e-05,-3.6885204672813416,3.0994417e-07,0.0,0.055797040462493896,-0.00014664171717730933
177000,-0.00028405478224158287,3.4907844838016897e-05,-3.68856138586998,2.3841858e-07,0.0,0.13213354349136353,-0.0001293424889500905
177200,-0.0002569055650383234,3.02123662777376e-05,-3.6885339438915254,3.0249356e-07,0.0,-0.11301720142364502,-0.00014869819445904043
177400,-0.00041019765194505453,1.7597931537238766e-05,-3.688540554046631,3.7431715e-07,0.0,-0.09285330772399902,-0.0001942312040091654
177600,-0.0003044799086637795,2.5000060304591898e-05,-3.688532316684723,2.7209524e-07,0.0,0.07600408792495728,-0.00015955836820138458
177800,-0.0003922520554624498,2.602564700282528e-05,-3.6885351598262788,2.6583672e-07,0.0,-0.007537484169006348,-0.00012956000949202462
178000,-0.00041294278344139457,2.6423010194775997e-05,-3.6885466516017913,2.3573637e-07,0.0,0.023822307586669922,-0.0001210158013944973
178200,-0.0004179944226052612,3.994659400632372e-05,-3.6885480999946596,3.0457974e-07,0.0,0.11647385358810425,-0.00017640078101128777
178400,-0.0002584834292065352,2.762942435765581e-05,-3.688526076078415,4.3183564e-07,0.0,0.05011117458343506,-0.00020843168905162467
178600,-0.000524488219525665,3.2049900391939444e-05,-3.688534986972809,3.159046e-07,0.0,-0.049275755882263184,-0.00015045651695091422
178800,-0.0003754321951419115,2.818407974700676e-05,-3.6885567367076875,3.8385392e-07,0.0,0.014581561088562012,-0.00019911924074449415
179000,-0.00020210786897223443,2.641076825966593e-05,-3.688547158241272,2.1547079e-07,0.0,0.14170658588409424,-0.00013441386043302472
179200,-0.0003524597850628197,2.475411902196356e-05,-3.688561874628067,3.042817e-07,0.0,-0.034067749977111816,-0.00018159981025565042
179400,-0.0003903248580172658,1.4194214895724144e-05,-3.6885574996471404,3.734231e-07,0.0,0.18202781677246094,-0.00017801926888383335
179600,-0.00017733378626871854,1.874881368166825e-05,-3.6885581493377684,2.0921232e-07,0.0,-0.10373556613922119,-0.00011525217556735967
179800,-0.00023333086573984474,1.247687459908775e-05,-3.6885605692863463,3.6090614e-07,0.0,-0.06728899478912354,-0.00018263789914563233
180000,-0.0004476662434171885,1.872409188763413e-05,-3.688570475578308,2.6792287e-07,0.0,0.059700727462768555,-0.0001586400118582021
180200,-0.0003525512001942843,1.473777426781453e-05,-3.6885422468185425,2.3156406e-07,0.0,-0.18050658702850342,-0.00012886232159297072
180400,-0.0004977477365173399,4.58193155736808e-05,-3.6885359227657317,3.4958123e-07,0.0,0.003394782543182373,-0.00018761792695272118
180600,-0.0005535702803172171,2.6197066017630277e-05,-3.6885523915290834,3.0219556e-07,0.0,-0.23397839069366455,-0.0001757085923408397
180800,-0.00042166226194240153,2.761199862106878e-05,-3.6885227143764494,4.0739775e-07,0.0,0.16524463891983032,-0.00020123267266023426
181000,-0.0005285717197693884,4.680089568864787e-05,-3.688525599241257,3.9368868e-07,0.0,0.05646371841430664,-0.00018695674090474235
181200,-0.0003370091144461185,2.1351128179958322e-05,-3.68855157494545,3.2246115e-07,0.0,-0.10653173923492432,-0.0001849206722068897
181400,-0.0003366397286299616,1.4382532685885963e-05,-3.688550812005997,3.0338765e-07,0.0,-0.04834628105163574,-0.0001548195474799563
181600,-0.00046645052498206496,2.0547480903587712e-05,-3.688533288240433,3.144145e-07,0.0,-0.02382361888885498,-0.00015053625367507096
181800,-0.0006361225969158113,1.5152808941820695e-05,-3.6885142385959626,4.1097402e-07,0.0,0.06023150682449341,-0.00020616507450172962
182000,-0.0003912776301149279,2.4357736265301355e-05,-3.6885478377342222,3.6746263e-07,0.0,0.032037317752838135,-0.00018213610250557012
182200,-0.0002245383948320523,1.889349991870404e-05,-3.688546496629715,1.910329e-07,0.0,0.03550833463668823,-0.0001089322056592401
182400,-0.0003847902698908001,3.58539047283557e-05,-3.6885313272476195,3.004074e-07,0.0,0.030144572257995605,-0.00015777392472422492
182600,-0.00021430995548143983,3.468592030912987e-05,-3.688551050424576,2.9444692e-07,0.0,-0.05892956256866455,-0.0001357892457853005
182800,-0.0002643913612700999,1.6482607793477656e-05,-3.6885220408439636,3.609061e-07,0.0,0.046273231506347656,-0.00017902177742668002
183000,-0.0003554505528882146,2.9939113392174477e-05,-3.688508480787277,4.6521427e-07,0.0,0.1060590147972107,-0.00019682835195524717
183200,-0.0003313043562229723,1.420052510638925e-05,-3.6885365307331086,4.3451786e-07,0.0,-0.07490503787994385,-0.00020683904077987148
183400,-0.00028754552477039397,2.3115971680454094e-05,-3.688533753156662,2.6226044e-07,0.0,-0.00029730796813964844,-0.00015816052342705335
183600,-0.00045059475814923644,2.030999730777694e-05,-3.6885094165802004,4.0918587e-07,0.0,0.0672377347946167,-0.00019268478712899383
183800,-0.0003551390254870057,2.907673797380994e-05,-3.688530093431473,3.5881996e-07,0.0,-0.07570183277130127,-0.000170695095849549
184000,-0.0003256175550632179,1.7442034777559457e-05,-3.6885176837444305,3.5881996e-07,0.0,-0.07390689849853516,-0.00017418633400461124
184200,-0.0004455637536011636,2.4006967896639254e-05,-3.6885131895542145,3.2424927e-07,0.0,0.039956629276275635,-0.00019179454471425218
184400,-0.0003570776607375592,3.892020690727804e-05,-3.6885490298271177,2.3454427e-07,0.0,-0.07929587364196777,-0.0001367607261204329
184600,-0.0004890593700110912,2.710733556341438e-05,-3.6885282397270203,3.6120414e-07,0.0,-0.0428004264831543,-0.00018658086510270344
184800,-0.0004268572083674371,5.393391902543954e-05,-3.6885175466537476,2.652407e-07,0.0,-0.020240426063537598,-0.0001363625832841553
185000,-0.00037792196962982416,1.8865496690523288e-05,-3.6885387778282164,2.631545e-07,0.0,-0.1181955337524414,-0.00014159080362015076
185200,-0.00043862019083462656,5.193779488763539e-05,-3.688495260477066,3.9190056e-07,0.0,0.030963242053985596,-0.00018304675829616812
185400,-0.00047848603571765125,2.3159452166510163e-05,-3.688502961397171,3.734231e-07,0.0,0.14868885278701782,-0.0001906485567692684
185600,-0.0004806958604604006,2.046398353741097e-05,-3.6884976804256437,3.1590463e-07,0.0,0.03252768516540527,-0.000181744625917446
185800,-0.0002236307627754286,1.764550559073541e-05,-3.688523590564728,1.9520522e-07,0.0,-0.06450867652893066,-0.00011719848249684972
186000,-0.0004623816057574004,2.1721041889577464e-05,-3.688519960641861,3.3944846e-07,0.0,-0.009144067764282227,-0.00018958399696356043
186200,-0.00039246719097718596,1.658882385981997e-05,-3.6885014355182646,3.1501057e-07,0.0,-0.08797228336334229,-0.00018591691562721557
186400,-0.00020832916197832674,1.995375439491909e-05,-3.6884989142417908,2.7030705e-07,0.0,0.14786851406097412,-0.00015198830185645385
186600,-0.000406706181820482,2.3895585763966663e-05,-3.6885285496711733,4.2080876e-07,0.0,-0.0015653371810913086,-0.0002074150897838134
186800,-0.0004661126877181232,2.692239504540339e-05,-3.688521671295166,3.4064055e-07,0.0,0.12653124332427979,-0.00016832216049578186
187000,-0.0004823048075195402,1.5453818514288285e-05,-3.688484328985214,4.0411948e-07,0.0,-0.39341819286346436,-0.00021290838764662646
187200,-0.00030485025490634143,1.505400591668149e-05,-3.688493686914444,2.44081e-07,0.0,0.13033241033554077,-0.0001322786507284901
187400,-0.0005568175110965967,2.6493243012737366e-05,-3.688483679294586,3.2812358e-07,0.0,0.01090848445892334,-0.0001660425516120112
187600,-0.0003843714075628668,2.9972142010592505e-05,-3.6884860396385193,3.1262636e-07,0.0,0.08038491010665894,-0.00016886961372843955
187800,-0.0004128195287194103,2.983423955811304e-05,-3.688459151983261,3.823638e-07,0.0,0.046838343143463135,-0.00017765848349819978
188000,-0.00030258201877586544,2.2857682733956607e-05,-3.6884996950626374,3.2186506e-07,0.0,0.017827630043029785,-0.0001698582763293599
188200,-0.00043584778904914856,1.6787408071650134e-05,-3.688453322649002,2.8043985e-07,0.0,0.16237688064575195,-0.00014374589248098424
188400,-0.00020386309188324958,6.068503907954437e-05,-3.6884587466716767,3.2275912e-07,0.0,-0.009995818138122559,-0.00013941904867009747
188600,-0.00017709360690787435,1.609066641776735e-05,-3.6884639859199524,2.3841858e-07,0.0,-0.06819021701812744,-0.00012812881495778418
188800,-0.00035888233105652034,2.545189317970653e-05,-3.688483643531799,4.1484836e-07,0.0,0.08559870719909668,-0.00019897498123242486
189000,-0.0004008324758615345,3.1795556014913015e-05,-3.688489079475403,3.7044288e-07,0.0,-0.046872854232788086,-0.0001811290530986387
189200,-0.00048763450467959046,1.3328176760296628e-05,-3.688475561141968,3.3527613e-07,0.0,0.1448422074317932,-0.0001680076779719042
189400,-0.0004718890995718539,2.108298492657923e-05,-3.6884927988052367,3.3855437e-07,0.0,0.1183515191078186,-0.00017711538195261945
189600,-0.0005007393774576485,1.628341840387293e-05,-3.6884669363498688,5.0634145e-07,0.0,0.11440527439117432,-0.00020294465081438506
189800,-0.00037606744444929063,3.431040368013782e-05,-3.6884957194328307,3.063679e-07,0.0,0.056266188621520996,-0.00015191411907551356
190000,-0.0003965817450080067,3.120568062513485e-05,-3.6885051310062407,3.6180018e-07,0.0,-0.06543624401092529,-0.0001728835998562772
190200,-0.0003183158114552498,2.4118340070344858e-05,-3.6884962260723113,2.1487475e-07,0.0,-0.044281840324401855,-0.00011078689983214928
190400,-0.0004997790674678981,3.921679799532285e-05,-3.688482493162155,2.7269124e-07,0.0,-0.012533187866210938,-0.00016450351414368792
190600,-0.000488883990328759,2.5464605732850033e-05,-3.6884846091270447,4.583597e-07,0.0,-0.054287075996398926,-0.000222394375518431
190800,-0.000425398291554302,2.63358992015128e-05,-3.688445210456848,3.5345553e-07,0.0,0.08074480295181274,-0.00016564173926869596
191000,-0.0002623078762553632,2.640653451635444e-05,-3.6884711027145385,2.8818846e-07,0.0,0.02128159999847412,-0.00012951637925903147
191200,-0.0001812797854654491,1.8675396472644933e-05,-3.6884861409664156,2.169609e-07,0.0,0.006454885005950928,-0.0001211742080498901
191400,-0.0002774420427158475,1.2101302331757324e-05,-3.6884382724761964,2.783537e-07,0.0,-0.039821505546569824,-0.00015081436096040513
191600,-0.0002069637703243643,4.800859901479271e-05,-3.6884525656700133,3.3825634e-07,0.0,-0.03952372074127197,-0.00015852805872640374
191800,-0.00034818719723261893,1.5082637173691182e-05,-3.688472789525986,4.0441753e-07,0.0,-0.12430751323699951,-0.00018367464253730149
192000,-0.00037758119287900627,1.1835440875529458e-05,-3.6884489476680757,2.348423e-07,0.0,-0.013111352920532227,-0.0001343704607839058
192200,-0.0004364551859907806,2.1347705433072407e-05,-3.6884437203407288,3.3855437e-07,0.0,-0.006764650344848633,-0.00018649867266042896
192400,-0.00021573320555035025,1.3269207022403861e-05,-3.688418650627136,3.1679866e-07,0.0,-0.1722177267074585,-0.00016911030994208874
192600,-0.0002570562355685979,9.371336670938035e-06,-3.688470649719238,3.3527613e-07,0.0,-0.15122878551483154,-0.0001783417747590166
192800,-0.0002836170024238527,2.717394891078584e-05,-3.688446766138077,3.3736228e-07,0.0,-0.08940410614013672,-0.00015220022060993265
193000,-0.00028211213066242635,2.5575878112249484e-05,-3.6884685099124908,2.6464463e-07,0.0,0.006844878196716309,-0.000144198833698983
193200,-0.0003188698610756546,1.2314564162352327e-05,-3.6884863436222077,2.8908252e-07,0.0,-0.8512477874755859,-0.00014973266373128347
193400,-0.00037864065961912274,1.676201852660597e-05,-3.6884303212165834,3.0875208e-07,0.0,0.02737104892730713,-0.00013829994206822073
193600,-0.0005918698152527213,1.762552471973322e-05,-3.6884325087070464,4.5090914e-07,0.0,0.050613582134246826,-0.00018976501443399574
193800,-0.000373969494830817,2.970425080093264e-05,-3.688439780473709,3.424287e-07,0.0,-0.0010524988174438477,-0.00017054285925111046
194000,-0.0004044585512019694,2.8000523434457138e-05,-3.688500112295151,3.2633542e-07,0.0,-0.0391768217086792,-0.00015662759594823328
194200,-0.0004083365492988378,2.526302216665499e-05,-3.6884644389152528,3.513694e-07,0.0,-0.013044595718383789,-0.00019915870450564198
194400,-0.0002955207310151309,2.3163798937275713e-05,-3.688439506292343,2.759695e-07,0.0,0.05522608757019043,-0.00013676088441272327
194600,-0.00048688441165722907,2.251555806651595e-05,-3.6884580671787264,4.896521e-07,0.0,0.019473016262054443,-0.00020175626612441988
194800,-0.00041588160092942417,2.578348985480261e-05,-3.6884324491024016,3.117323e-07,0.0,-0.008066415786743164,-0.0001541986389077987
195000,-0.00044463330414146185,3.433141118875937e-05,-3.688433587551117,3.6835672e-07,0.0,0.19712954759597778,-0.0001814794238183648
195200,-0.0004220394475851208,1.913793607855041e-05,-3.6884556889533995,4.732609e-07,0.0,-0.1354612112045288,-0.0001990694766827783
195400,-0.0005190121592022479,1.3904865227232222e-05,-3.688420498371124,5.489588e-07,0.0,0.04881173372268677,-0.00023120768496203147
195600,-0.0004377139557618648,1.9034194065170595e-05,-3.688467252254486,3.3795834e-07,0.0,0.013459503650665283,-0.0001697793898910671
195800,-0.00026844910462386906,2.7341623717802576e-05,-3.6884528040885924,2.3841858e-07,0.0,-0.1478949785232544,-0.00012409420425172347
196000,-0.00033821421675384045,2.709950485950685e-05,-3.688386845588684,3.7163497e-07,0.0,-0.08218955993652344,-0.00016305447688831355
196200,-0.00031164876418188214,1.5317493671318515e-05,-3.6884474754333496,3.6418436e-07,0.0,-0.1607496738433838,-0.0001729264267710251
196400,-0.0004400022735353559,1.3541911869197065e-05,-3.68842089176178,2.6524066e-07,0.0,0.049961626529693604,-0.00011686935931879417
196600,-0.00022652457118965685,1.2452426381059922e-05,-3.6884648144245147,2.2649765e-07,0.0,-0.20490944385528564,-0.00012463315619442027
196800,-0.0006626392714679241,2.2275814512795477e-05,-3.6884562492370607,3.772974e-07,0.0,0.09463703632354736,-0.00018351393875777334
197000,-0.00038689194479957223,4.652350562537322e-05,-3.6884578347206114,2.3841858e-07,0.0,0.04857546091079712,-0.00012761078750818112
197200,-0.0002895607613027096,2.3164461026681238e-05,-3.6884203612804414,1.9639731e-07,0.0,-0.12629365921020508,-0.00010925214033390418
197400,-0.00045449522440321743,2.7031140962208156e-05,-3.688455033302307,3.6090614e-07,0.0,-0.005863308906555176,-0.0001888360682973378
197600,-0.0004335558332968503,2.5281359694417915e-05,-3.688400161266327,5.7011846e-07,0.0,0.05032241344451904,-0.00022273729225026352
197800,-0.0002855514467228204,1.5663471435800604e-05,-3.688451033830643,3.2454727e-07,0.0,-0.05208134651184082,-0.00016214053310674713
198000,-0.0004813965642824769,1.6990177437037345e-05,-3.6884267807006834,4.959106e-07,0.0,0.07861465215682983,-0.00024549044440549397
198200,-0.0004258733242750168,3.8670703179377594e-05,-3.6884247958660126,2.0891427e-07,0.0,-0.021650314331054688,-0.00013103461176244835
198400,-0.0004960831138305366,2.0557896255013476e-05,-3.688466560840607,4.1246415e-07,0.0,-0.024631977081298828,-0.00022226196753354354
198600,-0.0003279004886280745,3.0045064704609104e-05,-3.688408023118973,3.1590463e-07,0.0,0.07796663045883179,-0.00014780434281510546
198800,-0.000479008856927976,1.5779610612298713e-05,-3.6884247839450834,3.5464765e-07,0.0,-0.02699720859527588,-0.00018246534920935976
199000,-0.00039389770245179534,1.4509126845041465e-05,-3.6884494364261626,2.3066997e-07,0.0,0.09754472970962524,-0.00011021110516651333
199200,-0.00041675506508909166,1.671181269102817e-05,-3.6884356319904326,2.3126603e-07,0.0,0.12578988075256348,-0.00013127366459482205
199400,-0.00030027588945813477,2.0997341584916286e-05,-3.688447231054306,2.8938055e-07,0.0,0.007116734981536865,-0.00014678491558219874
199600,-0.00044464736129157245,1.952968821115064e-05,-3.688438880443573,3.2961367e-07,0.0,0.01376408338546753,-0.00018104449050304616
199800,-0.0003019424621015787,1.4777058208892412e-05,-3.6884499311447145,2.640486e-07,0.0,0.08779323101043701,-0.00013437167434358078
200000,-0.0004097663622815162,1.8060394177155102e-05,-3.688434970378876,3.731251e-07,0.0,0.08016002178192139,-0.00017247237248976254
