Using libsumo as traci as requested by environment variable.
=================================================================
  train_cologne_curriculum — cologne3 — PPO
  reward=wait-clip  seed=314  total_steps=500000
  Curriculum stages:
    Stage 1:  25% demand    75000 steps
    Stage 2:  50% demand   100000 steps
    Stage 3:  75% demand   125000 steps
    Stage 4: 100% demand   200000 steps
  save_dir: /workspace/rl-traffic/exp_cologne3_curr/ppo_wait-clip_s314
=================================================================
  [route] cologne3_25pct.rou.xml da co.
  [route] cologne3_50pct.rou.xml da co.
  [route] cologne3_75pct.rou.xml da co.

  n_agents=3 | obs=(7,) | act=Discrete(3)
Using cpu device

────────────────────────────────────────────────────────────
  Stage 1/4  25% demand  75000 steps  (cumulative -> 75000)
  Route: cologne3_25pct.rou.xml
────────────────────────────────────────────────────────────
-----------------------------
| time/              |      |
|    fps             | 872  |
|    iterations      | 1    |
|    time_elapsed    | 1    |
|    total_timesteps | 1536 |
-----------------------------
------------------------------------------
| time/                   |              |
|    fps                  | 655          |
|    iterations           | 2            |
|    time_elapsed         | 4            |
|    total_timesteps      | 3072         |
| train/                  |              |
|    approx_kl            | 0.0056660655 |
|    clip_fraction        | 0.0261       |
|    clip_range           | 0.2          |
|    entropy_loss         | -1.1         |
|    explained_variance   | 0.00173      |
|    learning_rate        | 0.0003       |
|    loss                 | 1.12         |
|    n_updates            | 10           |
|    policy_gradient_loss | -0.00733     |
|    value_loss           | 1.42         |
------------------------------------------
-----------------------------------------
| time/                   |             |
|    fps                  | 728         |
|    iterations           | 3           |
|    time_elapsed         | 6           |
|    total_timesteps      | 4608        |
| train/                  |             |
|    approx_kl            | 0.010858312 |
|    clip_fraction        | 0.0334      |
|    clip_range           | 0.2         |
|    entropy_loss         | -1.08       |
|    explained_variance   | 0.108       |
|    learning_rate        | 0.0003      |
|    loss                 | 0.393       |
|    n_updates            | 20          |
|    policy_gradient_loss | -0.00538    |
|    value_loss           | 0.938       |
-----------------------------------------
  step    5001/500000 (  1.0%)  mean_rew=-0.069
-----------------------------------------
| time/                   |             |
|    fps                  | 796         |
|    iterations           | 4           |
|    time_elapsed         | 7           |
|    total_timesteps      | 6144        |
| train/                  |             |
|    approx_kl            | 0.008655843 |
|    clip_fraction        | 0.0691      |
|    clip_range           | 0.2         |
|    entropy_loss         | -1.05       |
|    explained_variance   | 0.384       |
|    learning_rate        | 0.0003      |
|    loss                 | 0.115       |
|    n_updates            | 30          |
|    policy_gradient_loss | -0.0077     |
|    value_loss           | 0.257       |
-----------------------------------------
-----------------------------------------
| time/                   |             |
|    fps                  | 836         |
|    iterations           | 5           |
|    time_elapsed         | 9           |
|    total_timesteps      | 7680        |
| train/                  |             |
|    approx_kl            | 0.010169042 |
|    clip_fraction        | 0.0566      |
|    clip_range           | 0.2         |
|    entropy_loss         | -1.01       |
|    explained_variance   | 0.311       |
|    learning_rate        | 0.0003      |
|    loss                 | 0.189       |
|    n_updates            | 40          |
|    policy_gradient_loss | -0.00585    |
|    value_loss           | 0.355       |
-----------------------------------------
------------------------------------------
| time/                   |              |
|    fps                  | 868          |
|    iterations           | 6            |
|    time_elapsed         | 10           |
|    total_timesteps      | 9216         |
| train/                  |              |
|    approx_kl            | 0.0112454565 |
|    clip_fraction        | 0.0749       |
|    clip_range           | 0.2          |
|    entropy_loss         | -0.956       |
|    explained_variance   | 0.38         |
|    learning_rate        | 0.0003       |
|    loss                 | 0.201        |
|    n_updates            | 50           |
|    policy_gradient_loss | -0.0116      |
|    value_loss           | 0.42         |
------------------------------------------
  step   10002/500000 (  2.0%)  mean_rew=-0.006
-----------------------------------------
| time/                   |             |
|    fps                  | 896         |
|    iterations           | 7           |
|    time_elapsed         | 11          |
|    total_timesteps      | 10752       |
| train/                  |             |
|    approx_kl            | 0.011926518 |
|    clip_fraction        | 0.127       |
|    clip_range           | 0.2         |
|    entropy_loss         | -0.905      |
|    explained_variance   | 0.586       |
|    learning_rate        | 0.0003      |
|    loss                 | 0.104       |
|    n_updates            | 60          |
|    policy_gradient_loss | -0.0101     |
|    value_loss           | 0.184       |
-----------------------------------------
-----------------------------------------
| time/                   |             |
|    fps                  | 912         |
|    iterations           | 8           |
|    time_elapsed         | 13          |
|    total_timesteps      | 12288       |
| train/                  |             |
|    approx_kl            | 0.009488613 |
|    clip_fraction        | 0.114       |
|    clip_range           | 0.2         |
|    entropy_loss         | -0.803      |
|    explained_variance   | 0.902       |
|    learning_rate        | 0.0003      |
|    loss                 | -0.0086     |
|    n_updates            | 70          |
|    policy_gradient_loss | -0.00993    |
|    value_loss           | 0.0256      |
-----------------------------------------
-----------------------------------------
| time/                   |             |
|    fps                  | 926         |
|    iterations           | 9           |
|    time_elapsed         | 14          |
|    total_timesteps      | 13824       |
| train/                  |             |
|    approx_kl            | 0.008289461 |
|    clip_fraction        | 0.129       |
|    clip_range           | 0.2         |
|    entropy_loss         | -0.698      |
|    explained_variance   | 0.711       |
|    learning_rate        | 0.0003      |
|    loss                 | 0.0238      |
|    n_updates            | 80          |
|    policy_gradient_loss | -0.01       |
|    value_loss           | 0.0701      |
-----------------------------------------
  step   15003/500000 (  3.0%)  mean_rew=-0.005
-----------------------------------------
| time/                   |             |
|    fps                  | 940         |
|    iterations           | 10          |
|    time_elapsed         | 16          |
|    total_timesteps      | 15360       |
| train/                  |             |
|    approx_kl            | 0.005946702 |
|    clip_fraction        | 0.0839      |
|    clip_range           | 0.2         |
|    entropy_loss         | -0.61       |
|    explained_variance   | 0.759       |
|    learning_rate        | 0.0003      |
|    loss                 | 0.0338      |
|    n_updates            | 90          |
|    policy_gradient_loss | -0.00623    |
|    value_loss           | 0.0488      |
-----------------------------------------
-----------------------------------------
| time/                   |             |
|    fps                  | 952         |
|    iterations           | 11          |
|    time_elapsed         | 17          |
|    total_timesteps      | 16896       |
| train/                  |             |
|    approx_kl            | 0.003925663 |
|    clip_fraction        | 0.0557      |
|    clip_range           | 0.2         |
|    entropy_loss         | -0.567      |
|    explained_variance   | 0.807       |
|    learning_rate        | 0.0003      |
|    loss                 | 0.0149      |
|    n_updates            | 100         |
|    policy_gradient_loss | -0.00481    |
|    value_loss           | 0.0308      |
-----------------------------------------
------------------------------------------
| time/                   |              |
|    fps                  | 959          |
|    iterations           | 12           |
|    time_elapsed         | 19           |
|    total_timesteps      | 18432        |
| train/                  |              |
|    approx_kl            | 0.0058703744 |
|    clip_fraction        | 0.0873       |
|    clip_range           | 0.2          |
|    entropy_loss         | -0.482       |
|    explained_variance   | 0.76         |
|    learning_rate        | 0.0003       |
|    loss                 | 0.0263       |
|    n_updates            | 110          |
|    policy_gradient_loss | -0.00825     |
|    value_loss           | 0.0433       |
------------------------------------------
-----------------------------------------
| time/                   |             |
|    fps                  | 967         |
|    iterations           | 13          |
|    time_elapsed         | 20          |
|    total_timesteps      | 19968       |
| train/                  |             |
|    approx_kl            | 0.002971489 |
|    clip_fraction        | 0.0378      |
|    clip_range           | 0.2         |
|    entropy_loss         | -0.429      |
|    explained_variance   | 0.807       |
|    learning_rate        | 0.0003      |
|    loss                 | 0.000149    |
|    n_updates            | 120         |
|    policy_gradient_loss | -0.00334    |
|    value_loss           | 0.0274      |
-----------------------------------------
  step   20004/500000 (  4.0%)  mean_rew=-0.003
------------------------------------------
| time/                   |              |
|    fps                  | 975          |
|    iterations           | 14           |
|    time_elapsed         | 22           |
|    total_timesteps      | 21504        |
| train/                  |              |
|    approx_kl            | 0.0020461848 |
|    clip_fraction        | 0.0282       |
|    clip_range           | 0.2          |
|    entropy_loss         | -0.372       |
|    explained_variance   | 0.792        |
|    learning_rate        | 0.0003       |
|    loss                 | 0.00403      |
|    n_updates            | 130          |
|    policy_gradient_loss | -0.00208     |
|    value_loss           | 0.019        |
------------------------------------------
-----------------------------------------
| time/                   |             |
|    fps                  | 980         |
|    iterations           | 15          |
|    time_elapsed         | 23          |
|    total_timesteps      | 23040       |
| train/                  |             |
|    approx_kl            | 0.002779696 |
|    clip_fraction        | 0.061       |
|    clip_range           | 0.2         |
|    entropy_loss         | -0.342      |
|    explained_variance   | 0.924       |
|    learning_rate        | 0.0003      |
|    loss                 | 0.00212     |
|    n_updates            | 140         |
|    policy_gradient_loss | -0.00616    |
|    value_loss           | 0.00689     |
-----------------------------------------
------------------------------------------
| time/                   |              |
|    fps                  | 984          |
|    iterations           | 16           |
|    time_elapsed         | 24           |
|    total_timesteps      | 24576        |
| train/                  |              |
|    approx_kl            | 0.0015089875 |
|    clip_fraction        | 0.0308       |
|    clip_range           | 0.2          |
|    entropy_loss         | -0.305       |
|    explained_variance   | 0.838        |
|    learning_rate        | 0.0003       |
|    loss                 | 0.0039       |
|    n_updates            | 150          |
|    policy_gradient_loss | -0.00232     |
|    value_loss           | 0.0123       |
------------------------------------------
  step   25005/500000 (  5.0%)  mean_rew=-0.002
------------------------------------------
| time/                   |              |
|    fps                  | 989          |
|    iterations           | 17           |
|    time_elapsed         | 26           |
|    total_timesteps      | 26112        |
| train/                  |              |
|    approx_kl            | 0.0013808709 |
|    clip_fraction        | 0.0148       |
|    clip_range           | 0.2          |
|    entropy_loss         | -0.28        |
|    explained_variance   | 0.853        |
|    learning_rate        | 0.0003       |
|    loss                 | 0.00389      |
|    n_updates            | 160          |
|    policy_gradient_loss | -0.00139     |
|    value_loss           | 0.00941      |
------------------------------------------
------------------------------------------
| time/                   |              |
|    fps                  | 995          |
|    iterations           | 18           |
|    time_elapsed         | 27           |
|    total_timesteps      | 27648        |
| train/                  |              |
|    approx_kl            | 0.0018782448 |
|    clip_fraction        | 0.0423       |
|    clip_range           | 0.2          |
|    entropy_loss         | -0.229       |
|    explained_variance   | 0.865        |
|    learning_rate        | 0.0003       |
|    loss                 | 0.00147      |
|    n_updates            | 170          |
|    policy_gradient_loss | -0.00345     |
|    value_loss           | 0.00685      |
------------------------------------------
------------------------------------------
| time/                   |              |
|    fps                  | 997          |
|    iterations           | 19           |
|    time_elapsed         | 29           |
|    total_timesteps      | 29184        |
| train/                  |              |
|    approx_kl            | 0.0023463173 |
|    clip_fraction        | 0.0354       |
|    clip_range           | 0.2          |
|    entropy_loss         | -0.195       |
|    explained_variance   | 0.89         |
|    learning_rate        | 0.0003       |
|    loss                 | 0.00279      |
|    n_updates            | 180          |
|    policy_gradient_loss | -0.00615     |
|    value_loss           | 0.00611      |
------------------------------------------
  step   30006/500000 (  6.0%)  mean_rew=-0.003
------------------------------------------
| time/                   |              |
|    fps                  | 1001         |
|    iterations           | 20           |
|    time_elapsed         | 30           |
|    total_timesteps      | 30720        |
| train/                  |              |
|    approx_kl            | 0.0022030212 |
|    clip_fraction        | 0.0174       |
|    clip_range           | 0.2          |
|    entropy_loss         | -0.17        |
|    explained_variance   | 0.822        |
|    learning_rate        | 0.0003       |
|    loss                 | 0.0027       |
|    n_updates            | 190          |
|    policy_gradient_loss | -0.003       |
|    value_loss           | 0.0108       |
------------------------------------------
------------------------------------------
| time/                   |              |
|    fps                  | 1005         |
|    iterations           | 21           |
|    time_elapsed         | 32           |
|    total_timesteps      | 32256        |
| train/                  |              |
|    approx_kl            | 0.0010961042 |
|    clip_fraction        | 0.0185       |
|    clip_range           | 0.2          |
|    entropy_loss         | -0.149       |
|    explained_variance   | 0.867        |
|    learning_rate        | 0.0003       |
|    loss                 | 0.00207      |
|    n_updates            | 200          |
|    policy_gradient_loss | -0.00252     |
|    value_loss           | 0.00547      |
------------------------------------------
-----------------------------------------
| time/                   |             |
|    fps                  | 1007        |
|    iterations           | 22          |
|    time_elapsed         | 33          |
|    total_timesteps      | 33792       |
| train/                  |             |
|    approx_kl            | 0.000965221 |
|    clip_fraction        | 0.0182      |
|    clip_range           | 0.2         |
|    entropy_loss         | -0.131      |
|    explained_variance   | 0.951       |
|    learning_rate        | 0.0003      |
|    loss                 | -0.00403    |
|    n_updates            | 210         |
|    policy_gradient_loss | -0.00339    |
|    value_loss           | 0.00158     |
-----------------------------------------
  step   35007/500000 (  7.0%)  mean_rew=-0.002
------------------------------------------
| time/                   |              |
|    fps                  | 1009         |
|    iterations           | 23           |
|    time_elapsed         | 34           |
|    total_timesteps      | 35328        |
| train/                  |              |
|    approx_kl            | 0.0002594036 |
|    clip_fraction        | 0.00729      |
|    clip_range           | 0.2          |
|    entropy_loss         | -0.122       |
|    explained_variance   | 0.866        |
|    learning_rate        | 0.0003       |
|    loss                 | 0.00115      |
|    n_updates            | 220          |
|    policy_gradient_loss | -0.000845    |
|    value_loss           | 0.00451      |
------------------------------------------
------------------------------------------
| time/                   |              |
|    fps                  | 1012         |
|    iterations           | 24           |
|    time_elapsed         | 36           |
|    total_timesteps      | 36864        |
| train/                  |              |
|    approx_kl            | 0.0005112283 |
|    clip_fraction        | 0.00983      |
|    clip_range           | 0.2          |
|    entropy_loss         | -0.12        |
|    explained_variance   | 0.863        |
|    learning_rate        | 0.0003       |
|    loss                 | 0.000661     |
|    n_updates            | 230          |
|    policy_gradient_loss | -0.00126     |
|    value_loss           | 0.00366      |
------------------------------------------
------------------------------------------
| time/                   |              |
|    fps                  | 1015         |
|    iterations           | 25           |
|    time_elapsed         | 37           |
|    total_timesteps      | 38400        |
| train/                  |              |
|    approx_kl            | 0.0005079678 |
|    clip_fraction        | 0.00736      |
|    clip_range           | 0.2          |
|    entropy_loss         | -0.101       |
|    explained_variance   | 0.889        |
|    learning_rate        | 0.0003       |
|    loss                 | -0.00385     |
|    n_updates            | 240          |
|    policy_gradient_loss | -0.00102     |
|    value_loss           | 0.00239      |
------------------------------------------
-------------------------------------------
| time/                   |               |
|    fps                  | 1017          |
|    iterations           | 26            |
|    time_elapsed         | 39            |
|    total_timesteps      | 39936         |
| train/                  |               |
|    approx_kl            | 0.00041137132 |
|    clip_fraction        | 0.0071        |
|    clip_range           | 0.2           |
|    entropy_loss         | -0.0832       |
|    explained_variance   | 0.942         |
|    learning_rate        | 0.0003        |
|    loss                 | -0.000275     |
|    n_updates            | 250           |
|    policy_gradient_loss | -0.000928     |
|    value_loss           | 0.000986      |
-------------------------------------------
  step   40008/500000 (  8.0%)  mean_rew=-0.002
-------------------------------------------
| time/                   |               |
|    fps                  | 1019          |
|    iterations           | 27            |
|    time_elapsed         | 40            |
|    total_timesteps      | 41472         |
| train/                  |               |
|    approx_kl            | 0.00057851855 |
|    clip_fraction        | 0.0109        |
|    clip_range           | 0.2           |
|    entropy_loss         | -0.0734       |
|    explained_variance   | 0.861         |
|    learning_rate        | 0.0003        |
|    loss                 | 0.00204       |
|    n_updates            | 260           |
|    policy_gradient_loss | -0.00121      |
|    value_loss           | 0.00255       |
-------------------------------------------
-------------------------------------------
| time/                   |               |
|    fps                  | 1022          |
|    iterations           | 28            |
|    time_elapsed         | 42            |
|    total_timesteps      | 43008         |
| train/                  |               |
|    approx_kl            | 0.00039857838 |
|    clip_fraction        | 0.00488       |
|    clip_range           | 0.2           |
|    entropy_loss         | -0.0703       |
|    explained_variance   | 0.842         |
|    learning_rate        | 0.0003        |
|    loss                 | 0.0031        |
|    n_updates            | 270           |
|    policy_gradient_loss | -0.00103      |
|    value_loss           | 0.00219       |
-------------------------------------------
-------------------------------------------
| time/                   |               |
|    fps                  | 1021          |
|    iterations           | 29            |
|    time_elapsed         | 43            |
|    total_timesteps      | 44544         |
| train/                  |               |
|    approx_kl            | 0.00071394426 |
|    clip_fraction        | 0.00443       |
|    clip_range           | 0.2           |
|    entropy_loss         | -0.0611       |
|    explained_variance   | 0.913         |
|    learning_rate        | 0.0003        |
|    loss                 | -0.000158     |
|    n_updates            | 280           |
|    policy_gradient_loss | -0.000745     |
|    value_loss           | 0.0012        |
-------------------------------------------
  step   45009/500000 (  9.0%)  mean_rew=-0.001
-----------------------------------------
| time/                   |             |
|    fps                  | 1022        |
|    iterations           | 30          |
|    time_elapsed         | 45          |
|    total_timesteps      | 46080       |
| train/                  |             |
|    approx_kl            | 0.000325423 |
|    clip_fraction        | 0.00625     |
|    clip_range           | 0.2         |
|    entropy_loss         | -0.0479     |
|    explained_variance   | 0.824       |
|    learning_rate        | 0.0003      |
|    loss                 | 0.000876    |
|    n_updates            | 290         |
|    policy_gradient_loss | -0.00152    |
|    value_loss           | 0.00209     |
-----------------------------------------
-------------------------------------------
| time/                   |               |
|    fps                  | 1024          |
|    iterations           | 31            |
|    time_elapsed         | 46            |
|    total_timesteps      | 47616         |
| train/                  |               |
|    approx_kl            | 0.00064572337 |
|    clip_fraction        | 0.00729       |
|    clip_range           | 0.2           |
|    entropy_loss         | -0.0389       |
|    explained_variance   | 0.829         |
|    learning_rate        | 0.0003        |
|    loss                 | 0.00119       |
|    n_updates            | 300           |
|    policy_gradient_loss | -0.0015       |
|    value_loss           | 0.00196       |
-------------------------------------------
-------------------------------------------
| time/                   |               |
|    fps                  | 1026          |
|    iterations           | 32            |
|    time_elapsed         | 47            |
|    total_timesteps      | 49152         |
| train/                  |               |
|    approx_kl            | 0.00012491783 |
|    clip_fraction        | 0.00228       |
|    clip_range           | 0.2           |
|    entropy_loss         | -0.0346       |
|    explained_variance   | 0.872         |
|    learning_rate        | 0.0003        |
|    loss                 | 0.000698      |
|    n_updates            | 310           |
|    policy_gradient_loss | -0.000571     |
|    value_loss           | 0.00151       |
-------------------------------------------
  step   50010/500000 ( 10.0%)  mean_rew=-0.002
-------------------------------------------
| time/                   |               |
|    fps                  | 1027          |
|    iterations           | 33            |
|    time_elapsed         | 49            |
|    total_timesteps      | 50688         |
| train/                  |               |
|    approx_kl            | 0.00020972884 |
|    clip_fraction        | 0.00352       |
|    clip_range           | 0.2           |
|    entropy_loss         | -0.0318       |
|    explained_variance   | 0.939         |
|    learning_rate        | 0.0003        |
|    loss                 | 0.000169      |
|    n_updates            | 320           |
|    policy_gradient_loss | -0.00062      |
|    value_loss           | 0.000703      |
-------------------------------------------
-------------------------------------------
| time/                   |               |
|    fps                  | 1028          |
|    iterations           | 34            |
|    time_elapsed         | 50            |
|    total_timesteps      | 52224         |
| train/                  |               |
|    approx_kl            | 0.00014997022 |
|    clip_fraction        | 0.00495       |
|    clip_range           | 0.2           |
|    entropy_loss         | -0.0287       |
|    explained_variance   | 0.854         |
|    learning_rate        | 0.0003        |
|    loss                 | 0.000639      |
|    n_updates            | 330           |
|    policy_gradient_loss | -0.00136      |
|    value_loss           | 0.00187       |
-------------------------------------------
-------------------------------------------
| time/                   |               |
|    fps                  | 1029          |
|    iterations           | 35            |
|    time_elapsed         | 52            |
|    total_timesteps      | 53760         |
| train/                  |               |
|    approx_kl            | 0.00023349938 |
|    clip_fraction        | 0.00208       |
|    clip_range           | 0.2           |
|    entropy_loss         | -0.027        |
|    explained_variance   | 0.891         |
|    learning_rate        | 0.0003        |
|    loss                 | 0.00083       |
|    n_updates            | 340           |
|    policy_gradient_loss | -0.000288     |
|    value_loss           | 0.00115       |
-------------------------------------------
  step   55011/500000 ( 11.0%)  mean_rew=-0.003
-------------------------------------------
| time/                   |               |
|    fps                  | 1029          |
|    iterations           | 36            |
|    time_elapsed         | 53            |
|    total_timesteps      | 55296         |
| train/                  |               |
|    approx_kl            | 5.5957044e-05 |
|    clip_fraction        | 0.00026       |
|    clip_range           | 0.2           |
|    entropy_loss         | -0.0258       |
|    explained_variance   | 0.94          |
|    learning_rate        | 0.0003        |
|    loss                 | 0.000236      |
|    n_updates            | 350           |
|    policy_gradient_loss | -5.69e-05     |
|    value_loss           | 0.000587      |
-------------------------------------------
-------------------------------------------
| time/                   |               |
|    fps                  | 1030          |
|    iterations           | 37            |
|    time_elapsed         | 55            |
|    total_timesteps      | 56832         |
| train/                  |               |
|    approx_kl            | 0.00018042636 |
|    clip_fraction        | 0.00326       |
|    clip_range           | 0.2           |
|    entropy_loss         | -0.0246       |
|    explained_variance   | 0.862         |
|    learning_rate        | 0.0003        |
|    loss                 | 0.000453      |
|    n_updates            | 360           |
|    policy_gradient_loss | -0.000404     |
|    value_loss           | 0.00135       |
-------------------------------------------
------------------------------------------
| time/                   |              |
|    fps                  | 1031         |
|    iterations           | 38           |
|    time_elapsed         | 56           |
|    total_timesteps      | 58368        |
| train/                  |              |
|    approx_kl            | 4.683858e-05 |
|    clip_fraction        | 0.000391     |
|    clip_range           | 0.2          |
|    entropy_loss         | -0.0248      |
|    explained_variance   | 0.873        |
|    learning_rate        | 0.0003       |
|    loss                 | 0.000386     |
|    n_updates            | 370          |
|    policy_gradient_loss | -5.85e-05    |
|    value_loss           | 0.0011       |
------------------------------------------
------------------------------------------
| time/                   |              |
|    fps                  | 1033         |
|    iterations           | 39           |
|    time_elapsed         | 57           |
|    total_timesteps      | 59904        |
| train/                  |              |
|    approx_kl            | 9.025785e-05 |
|    clip_fraction        | 0.0013       |
|    clip_range           | 0.2          |
|    entropy_loss         | -0.0264      |
|    explained_variance   | 0.867        |
|    learning_rate        | 0.0003       |
|    loss                 | 0.000168     |
|    n_updates            | 380          |
|    policy_gradient_loss | -0.000139    |
|    value_loss           | 0.00116      |
------------------------------------------
  step   60012/500000 ( 12.0%)  mean_rew=-0.001
-------------------------------------------
| time/                   |               |
|    fps                  | 1033          |
|    iterations           | 40            |
|    time_elapsed         | 59            |
|    total_timesteps      | 61440         |
| train/                  |               |
|    approx_kl            | 0.00016752926 |
|    clip_fraction        | 0.00215       |
|    clip_range           | 0.2           |
|    entropy_loss         | -0.0282       |
|    explained_variance   | 0.887         |
|    learning_rate        | 0.0003        |
|    loss                 | 0.000459      |
|    n_updates            | 390           |
|    policy_gradient_loss | -0.000823     |
|    value_loss           | 0.000955      |
-------------------------------------------
------------------------------------------
| time/                   |              |
|    fps                  | 1034         |
|    iterations           | 41           |
|    time_elapsed         | 60           |
|    total_timesteps      | 62976        |
| train/                  |              |
|    approx_kl            | 8.504104e-05 |
|    clip_fraction        | 0.000846     |
|    clip_range           | 0.2          |
|    entropy_loss         | -0.03        |
|    explained_variance   | 0.786        |
|    learning_rate        | 0.0003       |
|    loss                 | 0.000711     |
|    n_updates            | 400          |
|    policy_gradient_loss | -8.44e-05    |
|    value_loss           | 0.00219      |
------------------------------------------
------------------------------------------
| time/                   |              |
|    fps                  | 1035         |
|    iterations           | 42           |
|    time_elapsed         | 62           |
|    total_timesteps      | 64512        |
| train/                  |              |
|    approx_kl            | 0.0008446088 |
|    clip_fraction        | 0.00391      |
|    clip_range           | 0.2          |
|    entropy_loss         | -0.024       |
|    explained_variance   | 0.871        |
|    learning_rate        | 0.0003       |
|    loss                 | -0.000223    |
|    n_updates            | 410          |
|    policy_gradient_loss | -0.00123     |
|    value_loss           | 0.00111      |
------------------------------------------
  step   65013/500000 ( 13.0%)  mean_rew=-0.003
-------------------------------------------
| time/                   |               |
|    fps                  | 1036          |
|    iterations           | 43            |
|    time_elapsed         | 63            |
|    total_timesteps      | 66048         |
| train/                  |               |
|    approx_kl            | 0.00011519346 |
|    clip_fraction        | 0.00247       |
|    clip_range           | 0.2           |
|    entropy_loss         | -0.0192       |
|    explained_variance   | 0.907         |
|    learning_rate        | 0.0003        |
|    loss                 | 0.000595      |
|    n_updates            | 420           |
|    policy_gradient_loss | -0.000433     |
|    value_loss           | 0.000863      |
-------------------------------------------
-------------------------------------------
| time/                   |               |
|    fps                  | 1037          |
|    iterations           | 44            |
|    time_elapsed         | 65            |
|    total_timesteps      | 67584         |
| train/                  |               |
|    approx_kl            | 3.2307504e-05 |
|    clip_fraction        | 0.000781      |
|    clip_range           | 0.2           |
|    entropy_loss         | -0.0184       |
|    explained_variance   | 0.846         |
|    learning_rate        | 0.0003        |
|    loss                 | 0.000741      |
|    n_updates            | 430           |
|    policy_gradient_loss | -4.93e-05     |
|    value_loss           | 0.00155       |
-------------------------------------------
-------------------------------------------
| time/                   |               |
|    fps                  | 1037          |
|    iterations           | 45            |
|    time_elapsed         | 66            |
|    total_timesteps      | 69120         |
| train/                  |               |
|    approx_kl            | 0.00028758092 |
|    clip_fraction        | 0.00358       |
|    clip_range           | 0.2           |
|    entropy_loss         | -0.0176       |
|    explained_variance   | 0.867         |
|    learning_rate        | 0.0003        |
|    loss                 | 0.00053       |
|    n_updates            | 440           |
|    policy_gradient_loss | -0.00104      |
|    value_loss           | 0.00126       |
-------------------------------------------
  step   70014/500000 ( 14.0%)  mean_rew=-0.003
-------------------------------------------
| time/                   |               |
|    fps                  | 1038          |
|    iterations           | 46            |
|    time_elapsed         | 68            |
|    total_timesteps      | 70656         |
| train/                  |               |
|    approx_kl            | 0.00015538016 |
|    clip_fraction        | 0.00247       |
|    clip_range           | 0.2           |
|    entropy_loss         | -0.0162       |
|    explained_variance   | 0.863         |
|    learning_rate        | 0.0003        |
|    loss                 | 0.000871      |
|    n_updates            | 450           |
|    policy_gradient_loss | -0.000435     |
|    value_loss           | 0.00142       |
-------------------------------------------
------------------------------------------
| time/                   |              |
|    fps                  | 1038         |
|    iterations           | 47           |
|    time_elapsed         | 69           |
|    total_timesteps      | 72192        |
| train/                  |              |
|    approx_kl            | 0.0006263536 |
|    clip_fraction        | 0.0028       |
|    clip_range           | 0.2          |
|    entropy_loss         | -0.0147      |
|    explained_variance   | 0.924        |
|    learning_rate        | 0.0003       |
|    loss                 | 0.000317     |
|    n_updates            | 460          |
|    policy_gradient_loss | -0.00115     |
|    value_loss           | 0.000706     |
------------------------------------------
-------------------------------------------
| time/                   |               |
|    fps                  | 1038          |
|    iterations           | 48            |
|    time_elapsed         | 70            |
|    total_timesteps      | 73728         |
| train/                  |               |
|    approx_kl            | 2.8863355e-05 |
|    clip_fraction        | 0.000391      |
|    clip_range           | 0.2           |
|    entropy_loss         | -0.0138       |
|    explained_variance   | 0.858         |
|    learning_rate        | 0.0003        |
|    loss                 | 0.000461      |
|    n_updates            | 470           |
|    policy_gradient_loss | -2.72e-05     |
|    value_loss           | 0.00132       |
-------------------------------------------
  step   75015/500000 ( 15.0%)  mean_rew=-0.001
-------------------------------------------
| time/                   |               |
|    fps                  | 1040          |
|    iterations           | 49            |
|    time_elapsed         | 72            |
|    total_timesteps      | 75264         |
| train/                  |               |
|    approx_kl            | 0.00019266181 |
|    clip_fraction        | 0.00247       |
|    clip_range           | 0.2           |
|    entropy_loss         | -0.0127       |
|    explained_variance   | 0.868         |
|    learning_rate        | 0.0003        |
|    loss                 | 0.000372      |
|    n_updates            | 480           |
|    policy_gradient_loss | -0.000621     |
|    value_loss           | 0.00108       |
-------------------------------------------
  Stage 1 saved -> cologne3_ppo_stage1_25pct.zip

────────────────────────────────────────────────────────────
  Stage 2/4  50% demand  100000 steps  (cumulative -> 175000)
  Route: cologne3_50pct.rou.xml
────────────────────────────────────────────────────────────
------------------------------
| time/              |       |
|    fps             | 1241  |
|    iterations      | 1     |
|    time_elapsed    | 1     |
|    total_timesteps | 76800 |
------------------------------
-------------------------------------------
| time/                   |               |
|    fps                  | 1044          |
|    iterations           | 2             |
|    time_elapsed         | 2             |
|    total_timesteps      | 78336         |
| train/                  |               |
|    approx_kl            | 1.2184803e-08 |
|    clip_fraction        | 0             |
|    clip_range           | 0.2           |
|    entropy_loss         | -0.0134       |
|    explained_variance   | 0.701         |
|    learning_rate        | 0.0003        |
|    loss                 | 0.00206       |
|    n_updates            | 500           |
|    policy_gradient_loss | -1.25e-05     |
|    value_loss           | 0.00441       |
-------------------------------------------
------------------------------------------
| time/                   |              |
|    fps                  | 1012         |
|    iterations           | 3            |
|    time_elapsed         | 4            |
|    total_timesteps      | 79872        |
| train/                  |              |
|    approx_kl            | 0.0002226107 |
|    clip_fraction        | 0.00326      |
|    clip_range           | 0.2          |
|    entropy_loss         | -0.0138      |
|    explained_variance   | 0.583        |
|    learning_rate        | 0.0003       |
|    loss                 | 0.00502      |
|    n_updates            | 510          |
|    policy_gradient_loss | -0.00073     |
|    value_loss           | 0.0122       |
------------------------------------------
  step   80016/500000 ( 16.0%)  mean_rew=-0.004
-------------------------------------------
| time/                   |               |
|    fps                  | 985           |
|    iterations           | 4             |
|    time_elapsed         | 6             |
|    total_timesteps      | 81408         |
| train/                  |               |
|    approx_kl            | 0.00032211165 |
|    clip_fraction        | 0.00124       |
|    clip_range           | 0.2           |
|    entropy_loss         | -0.0116       |
|    explained_variance   | 0.875         |
|    learning_rate        | 0.0003        |
|    loss                 | 0.00142       |
|    n_updates            | 520           |
|    policy_gradient_loss | -0.000479     |
|    value_loss           | 0.0028        |
-------------------------------------------
-------------------------------------------
| time/                   |               |
|    fps                  | 967           |
|    iterations           | 5             |
|    time_elapsed         | 7             |
|    total_timesteps      | 82944         |
| train/                  |               |
|    approx_kl            | 0.00017116901 |
|    clip_fraction        | 0.00286       |
|    clip_range           | 0.2           |
|    entropy_loss         | -0.0131       |
|    explained_variance   | 0.83          |
|    learning_rate        | 0.0003        |
|    loss                 | 0.00254       |
|    n_updates            | 530           |
|    policy_gradient_loss | -0.000142     |
|    value_loss           | 0.00486       |
-------------------------------------------
-------------------------------------------
| time/                   |               |
|    fps                  | 963           |
|    iterations           | 6             |
|    time_elapsed         | 9             |
|    total_timesteps      | 84480         |
| train/                  |               |
|    approx_kl            | 0.00016280869 |
|    clip_fraction        | 0.00286       |
|    clip_range           | 0.2           |
|    entropy_loss         | -0.0134       |
|    explained_variance   | 0.709         |
|    learning_rate        | 0.0003        |
|    loss                 | 0.00678       |
|    n_updates            | 540           |
|    policy_gradient_loss | -0.00019      |
|    value_loss           | 0.0127        |
-------------------------------------------
  step   85017/500000 ( 17.0%)  mean_rew=-0.002
-------------------------------------------
| time/                   |               |
|    fps                  | 961           |
|    iterations           | 7             |
|    time_elapsed         | 11            |
|    total_timesteps      | 86016         |
| train/                  |               |
|    approx_kl            | 0.00015971142 |
|    clip_fraction        | 0.00254       |
|    clip_range           | 0.2           |
|    entropy_loss         | -0.0106       |
|    explained_variance   | 0.883         |
|    learning_rate        | 0.0003        |
|    loss                 | 0.00199       |
|    n_updates            | 550           |
|    policy_gradient_loss | -0.000474     |
|    value_loss           | 0.00407       |
-------------------------------------------
------------------------------------------
| time/                   |              |
|    fps                  | 952          |
|    iterations           | 8            |
|    time_elapsed         | 12           |
|    total_timesteps      | 87552        |
| train/                  |              |
|    approx_kl            | 3.708868e-05 |
|    clip_fraction        | 0.000586     |
|    clip_range           | 0.2          |
|    entropy_loss         | -0.0109      |
|    explained_variance   | 0.799        |
|    learning_rate        | 0.0003       |
|    loss                 | 0.00379      |
|    n_updates            | 560          |
|    policy_gradient_loss | -0.00021     |
|    value_loss           | 0.00884      |
------------------------------------------
-------------------------------------------
| time/                   |               |
|    fps                  | 942           |
|    iterations           | 9             |
|    time_elapsed         | 14            |
|    total_timesteps      | 89088         |
| train/                  |               |
|    approx_kl            | 0.00043708133 |
|    clip_fraction        | 0.00234       |
|    clip_range           | 0.2           |
|    entropy_loss         | -0.00994      |
|    explained_variance   | 0.655         |
|    learning_rate        | 0.0003        |
|    loss                 | 0.0109        |
|    n_updates            | 570           |
|    policy_gradient_loss | -0.00039      |
|    value_loss           | 0.0244        |
-------------------------------------------
  step   90018/500000 ( 18.0%)  mean_rew=-0.002
-------------------------------------------
| time/                   |               |
|    fps                  | 944           |
|    iterations           | 10            |
|    time_elapsed         | 16            |
|    total_timesteps      | 90624         |
| train/                  |               |
|    approx_kl            | 0.00019155182 |
|    clip_fraction        | 0.00254       |
|    clip_range           | 0.2           |
|    entropy_loss         | -0.0107       |
|    explained_variance   | 0.864         |
|    learning_rate        | 0.0003        |
|    loss                 | 0.00618       |
|    n_updates            | 580           |
|    policy_gradient_loss | -0.000197     |
|    value_loss           | 0.0073        |
-------------------------------------------
-------------------------------------------
| time/                   |               |
|    fps                  | 944           |
|    iterations           | 11            |
|    time_elapsed         | 17            |
|    total_timesteps      | 92160         |
| train/                  |               |
|    approx_kl            | 0.00037939384 |
|    clip_fraction        | 0.00247       |
|    clip_range           | 0.2           |
|    entropy_loss         | -0.00879      |
|    explained_variance   | 0.922         |
|    learning_rate        | 0.0003        |
|    loss                 | -0.000602     |
|    n_updates            | 590           |
|    policy_gradient_loss | -0.000465     |
|    value_loss           | 0.00357       |
-------------------------------------------
--------------------------------------------
| time/                   |                |
|    fps                  | 940            |
|    iterations           | 12             |
|    time_elapsed         | 19             |
|    total_timesteps      | 93696          |
| train/                  |                |
|    approx_kl            | 0.000116607676 |
|    clip_fraction        | 0.00169        |
|    clip_range           | 0.2            |
|    entropy_loss         | -0.00763       |
|    explained_variance   | 0.91           |
|    learning_rate        | 0.0003         |
|    loss                 | 0.0021         |
|    n_updates            | 600            |
|    policy_gradient_loss | -0.000116      |
|    value_loss           | 0.00459        |
--------------------------------------------
  step   95019/500000 ( 19.0%)  mean_rew=-0.005
-------------------------------------------
| time/                   |               |
|    fps                  | 941           |
|    iterations           | 13            |
|    time_elapsed         | 21            |
|    total_timesteps      | 95232         |
| train/                  |               |
|    approx_kl            | 6.8486515e-05 |
|    clip_fraction        | 0.00117       |
|    clip_range           | 0.2           |
|    entropy_loss         | -0.00729      |
|    explained_variance   | 0.871         |
|    learning_rate        | 0.0003        |
|    loss                 | 0.00119       |
|    n_updates            | 610           |
|    policy_gradient_loss | -0.000311     |
|    value_loss           | 0.00664       |
-------------------------------------------
-------------------------------------------
| time/                   |               |
|    fps                  | 941           |
|    iterations           | 14            |
|    time_elapsed         | 22            |
|    total_timesteps      | 96768         |
| train/                  |               |
|    approx_kl            | 3.2890977e-05 |
|    clip_fraction        | 0.000391      |
|    clip_range           | 0.2           |
|    entropy_loss         | -0.00724      |
|    explained_variance   | 0.902         |
|    learning_rate        | 0.0003        |
|    loss                 | 0.00371       |
|    n_updates            | 620           |
|    policy_gradient_loss | -3.45e-05     |
|    value_loss           | 0.00404       |
-------------------------------------------
---------------------------------------
| time/                   |           |
|    fps                  | 938       |
|    iterations           | 15        |
|    time_elapsed         | 24        |
|    total_timesteps      | 98304     |
| train/                  |           |
|    approx_kl            | 0.0       |
|    clip_fraction        | 0         |
|    clip_range           | 0.2       |
|    entropy_loss         | -0.0074   |
|    explained_variance   | 0.913     |
|    learning_rate        | 0.0003    |
|    loss                 | 0.00265   |
|    n_updates            | 630       |
|    policy_gradient_loss | -5.11e-07 |
|    value_loss           | 0.00404   |
---------------------------------------
--------------------------------------------
| time/                   |                |
|    fps                  | 936            |
|    iterations           | 16             |
|    time_elapsed         | 26             |
|    total_timesteps      | 99840          |
| train/                  |                |
|    approx_kl            | 0.000101771824 |
|    clip_fraction        | 0.00163        |
|    clip_range           | 0.2            |
|    entropy_loss         | -0.00766       |
|    explained_variance   | 0.738          |
|    learning_rate        | 0.0003         |
|    loss                 | 0.00859        |
|    n_updates            | 640            |
|    policy_gradient_loss | -0.000102      |
|    value_loss           | 0.0173         |
--------------------------------------------
  step  100020/500000 ( 20.0%)  mean_rew=-0.003
-----------------------------------------
| time/                   |             |
|    fps                  | 936         |
|    iterations           | 17          |
|    time_elapsed         | 27          |
|    total_timesteps      | 101376      |
| train/                  |             |
|    approx_kl            | 2.84774e-05 |
|    clip_fraction        | 0.000326    |
|    clip_range           | 0.2         |
|    entropy_loss         | -0.00809    |
|    explained_variance   | 0.392       |
|    learning_rate        | 0.0003      |
|    loss                 | 0.0399      |
|    n_updates            | 650         |
|    policy_gradient_loss | -2.93e-05   |
|    value_loss           | 0.123       |
-----------------------------------------
------------------------------------------
| time/                   |              |
|    fps                  | 936          |
|    iterations           | 18           |
|    time_elapsed         | 29           |
|    total_timesteps      | 102912       |
| train/                  |              |
|    approx_kl            | 2.999662e-05 |
|    clip_fraction        | 0.000456     |
|    clip_range           | 0.2          |
|    entropy_loss         | -0.00843     |
|    explained_variance   | 0.92         |
|    learning_rate        | 0.0003       |
|    loss                 | 0.00127      |
|    n_updates            | 660          |
|    policy_gradient_loss | -5.36e-05    |
|    value_loss           | 0.00569      |
------------------------------------------
-------------------------------------------
| time/                   |               |
|    fps                  | 933           |
|    iterations           | 19            |
|    time_elapsed         | 31            |
|    total_timesteps      | 104448        |
| train/                  |               |
|    approx_kl            | 4.7163456e-05 |
|    clip_fraction        | 0.000586      |
|    clip_range           | 0.2           |
|    entropy_loss         | -0.00673      |
|    explained_variance   | 0.816         |
|    learning_rate        | 0.0003        |
|    loss                 | 0.00829       |
|    n_updates            | 670           |
|    policy_gradient_loss | -4.98e-05     |
|    value_loss           | 0.0175        |
-------------------------------------------
  step  105021/500000 ( 21.0%)  mean_rew=-0.002
---------------------------------------
| time/                   |           |
|    fps                  | 934       |
|    iterations           | 20        |
|    time_elapsed         | 32        |
|    total_timesteps      | 105984    |
| train/                  |           |
|    approx_kl            | 0.0       |
|    clip_fraction        | 0         |
|    clip_range           | 0.2       |
|    entropy_loss         | -0.00682  |
|    explained_variance   | 0.888     |
|    learning_rate        | 0.0003    |
|    loss                 | 0.00312   |
|    n_updates            | 680       |
|    policy_gradient_loss | -2.97e-06 |
|    value_loss           | 0.00854   |
---------------------------------------
-------------------------------------------
| time/                   |               |
|    fps                  | 934           |
|    iterations           | 21            |
|    time_elapsed         | 34            |
|    total_timesteps      | 107520        |
| train/                  |               |
|    approx_kl            | 2.7218912e-05 |
|    clip_fraction        | 0.00013       |
|    clip_range           | 0.2           |
|    entropy_loss         | -0.00794      |
|    explained_variance   | 0.907         |
|    learning_rate        | 0.0003        |
|    loss                 | 0.00123       |
|    n_updates            | 690           |
|    policy_gradient_loss | -1.2e-05      |
|    value_loss           | 0.00566       |
-------------------------------------------
-------------------------------------------
| time/                   |               |
|    fps                  | 933           |
|    iterations           | 22            |
|    time_elapsed         | 36            |
|    total_timesteps      | 109056        |
| train/                  |               |
|    approx_kl            | 0.00021828548 |
|    clip_fraction        | 0.00111       |
|    clip_range           | 0.2           |
|    entropy_loss         | -0.0077       |
|    explained_variance   | 0.774         |
|    learning_rate        | 0.0003        |
|    loss                 | 0.00871       |
|    n_updates            | 700           |
|    policy_gradient_loss | -0.000546     |
|    value_loss           | 0.0206        |
-------------------------------------------
  step  110022/500000 ( 22.0%)  mean_rew=-0.004
------------------------------------------
| time/                   |              |
|    fps                  | 931          |
|    iterations           | 23           |
|    time_elapsed         | 37           |
|    total_timesteps      | 110592       |
| train/                  |              |
|    approx_kl            | 5.331162e-05 |
|    clip_fraction        | 0.000977     |
|    clip_range           | 0.2          |
|    entropy_loss         | -0.00854     |
|    explained_variance   | 0.773        |
|    learning_rate        | 0.0003       |
|    loss                 | 0.00893      |
|    n_updates            | 710          |
|    policy_gradient_loss | -5.71e-05    |
|    value_loss           | 0.0211       |
------------------------------------------
-------------------------------------------
| time/                   |               |
|    fps                  | 932           |
|    iterations           | 24            |
|    time_elapsed         | 39            |
|    total_timesteps      | 112128        |
| train/                  |               |
|    approx_kl            | 0.00013992237 |
|    clip_fraction        | 0.00156       |
|    clip_range           | 0.2           |
|    entropy_loss         | -0.00961      |
|    explained_variance   | 0.804         |
|    learning_rate        | 0.0003        |
|    loss                 | 0.00752       |
|    n_updates            | 720           |
|    policy_gradient_loss | -0.000137     |
|    value_loss           | 0.0174        |
-------------------------------------------
-------------------------------------------
| time/                   |               |
|    fps                  | 932           |
|    iterations           | 25            |
|    time_elapsed         | 41            |
|    total_timesteps      | 113664        |
| train/                  |               |
|    approx_kl            | 2.8941238e-06 |
|    clip_fraction        | 0             |
|    clip_range           | 0.2           |
|    entropy_loss         | -0.0128       |
|    explained_variance   | 0.923         |
|    learning_rate        | 0.0003        |
|    loss                 | 0.00116       |
|    n_updates            | 730           |
|    policy_gradient_loss | -7.94e-05     |
|    value_loss           | 0.00468       |
-------------------------------------------
  step  115023/500000 ( 23.0%)  mean_rew=-0.012
--------------------------------------------
| time/                   |                |
|    fps                  | 931            |
|    iterations           | 26             |
|    time_elapsed         | 42             |
|    total_timesteps      | 115200         |
| train/                  |                |
|    approx_kl            | 0.000106416446 |
|    clip_fraction        | 0.000391       |
|    clip_range           | 0.2            |
|    entropy_loss         | -0.0186        |
|    explained_variance   | 0.826          |
|    learning_rate        | 0.0003         |
|    loss                 | 0.00677        |
|    n_updates            | 740            |
|    policy_gradient_loss | -0.000103      |
|    value_loss           | 0.0136         |
--------------------------------------------
-------------------------------------------
| time/                   |               |
|    fps                  | 932           |
|    iterations           | 27            |
|    time_elapsed         | 44            |
|    total_timesteps      | 116736        |
| train/                  |               |
|    approx_kl            | 1.3555594e-05 |
|    clip_fraction        | 0.00117       |
|    clip_range           | 0.2           |
|    entropy_loss         | -0.0139       |
|    explained_variance   | 0.795         |
|    learning_rate        | 0.0003        |
|    loss                 | 0.00894       |
|    n_updates            | 750           |
|    policy_gradient_loss | -2.22e-05     |
|    value_loss           | 0.0163        |
-------------------------------------------
------------------------------------------
| time/                   |              |
|    fps                  | 932          |
|    iterations           | 28           |
|    time_elapsed         | 46           |
|    total_timesteps      | 118272       |
| train/                  |              |
|    approx_kl            | 0.0005868837 |
|    clip_fraction        | 0.00241      |
|    clip_range           | 0.2          |
|    entropy_loss         | -0.00964     |
|    explained_variance   | 0.907        |
|    learning_rate        | 0.0003       |
|    loss                 | 0.000289     |
|    n_updates            | 760          |
|    policy_gradient_loss | -0.000362    |
|    value_loss           | 0.00509      |
------------------------------------------
-------------------------------------------
| time/                   |               |
|    fps                  | 930           |
|    iterations           | 29            |
|    time_elapsed         | 47            |
|    total_timesteps      | 119808        |
| train/                  |               |
|    approx_kl            | 0.00033787705 |
|    clip_fraction        | 0.00176       |
|    clip_range           | 0.2           |
|    entropy_loss         | -0.00777      |
|    explained_variance   | 0.906         |
|    learning_rate        | 0.0003        |
|    loss                 | 0.00239       |
|    n_updates            | 770           |
|    policy_gradient_loss | -0.000339     |
|    value_loss           | 0.00545       |
-------------------------------------------
  step  120024/500000 ( 24.0%)  mean_rew=-0.003
---------------------------------------
| time/                   |           |
|    fps                  | 929       |
|    iterations           | 30        |
|    time_elapsed         | 49        |
|    total_timesteps      | 121344    |
| train/                  |           |
|    approx_kl            | 0.0       |
|    clip_fraction        | 0         |
|    clip_range           | 0.2       |
|    entropy_loss         | -0.00693  |
|    explained_variance   | 0.866     |
|    learning_rate        | 0.0003    |
|    loss                 | 0.0039    |
|    n_updates            | 780       |
|    policy_gradient_loss | -6.02e-08 |
|    value_loss           | 0.00778   |
---------------------------------------
-------------------------------------------
| time/                   |               |
|    fps                  | 930           |
|    iterations           | 31            |
|    time_elapsed         | 51            |
|    total_timesteps      | 122880        |
| train/                  |               |
|    approx_kl            | 5.8244954e-05 |
|    clip_fraction        | 0.00111       |
|    clip_range           | 0.2           |
|    entropy_loss         | -0.00756      |
|    explained_variance   | 0.87          |
|    learning_rate        | 0.0003        |
|    loss                 | 0.00472       |
|    n_updates            | 790           |
|    policy_gradient_loss | -0.000206     |
|    value_loss           | 0.00763       |
-------------------------------------------
-------------------------------------------
| time/                   |               |
|    fps                  | 930           |
|    iterations           | 32            |
|    time_elapsed         | 52            |
|    total_timesteps      | 124416        |
| train/                  |               |
|    approx_kl            | 0.00040998586 |
|    clip_fraction        | 0.00169       |
|    clip_range           | 0.2           |
|    entropy_loss         | -0.00697      |
|    explained_variance   | 0.889         |
|    learning_rate        | 0.0003        |
|    loss                 | 0.00307       |
|    n_updates            | 800           |
|    policy_gradient_loss | -0.000646     |
|    value_loss           | 0.00533       |
-------------------------------------------
  step  125025/500000 ( 25.0%)  mean_rew=-0.004
-------------------------------------------
| time/                   |               |
|    fps                  | 929           |
|    iterations           | 33            |
|    time_elapsed         | 54            |
|    total_timesteps      | 125952        |
| train/                  |               |
|    approx_kl            | 5.5392582e-05 |
|    clip_fraction        | 0.000521      |
|    clip_range           | 0.2           |
|    entropy_loss         | -0.00809      |
|    explained_variance   | 0.906         |
|    learning_rate        | 0.0003        |
|    loss                 | 0.00292       |
|    n_updates            | 810           |
|    policy_gradient_loss | -4.91e-05     |
|    value_loss           | 0.00458       |
-------------------------------------------
--------------------------------------
| time/                   |          |
|    fps                  | 929      |
|    iterations           | 34       |
|    time_elapsed         | 56       |
|    total_timesteps      | 127488   |
| train/                  |          |
|    approx_kl            | 0.0      |
|    clip_fraction        | 0        |
|    clip_range           | 0.2      |
|    entropy_loss         | -0.00824 |
|    explained_variance   | 0.858    |
|    learning_rate        | 0.0003   |
|    loss                 | 0.00444  |
|    n_updates            | 820      |
|    policy_gradient_loss | 3.85e-08 |
|    value_loss           | 0.00743  |
--------------------------------------
------------------------------------------
| time/                   |              |
|    fps                  | 930          |
|    iterations           | 35           |
|    time_elapsed         | 57           |
|    total_timesteps      | 129024       |
| train/                  |              |
|    approx_kl            | 0.0001542382 |
|    clip_fraction        | 0.000586     |
|    clip_range           | 0.2          |
|    entropy_loss         | -0.00603     |
|    explained_variance   | 0.888        |
|    learning_rate        | 0.0003       |
|    loss                 | -0.000412    |
|    n_updates            | 830          |
|    policy_gradient_loss | -0.000129    |
|    value_loss           | 0.0049       |
------------------------------------------
  step  130026/500000 ( 26.0%)  mean_rew=-0.009
---------------------------------------
| time/                   |           |
|    fps                  | 929       |
|    iterations           | 36        |
|    time_elapsed         | 59        |
|    total_timesteps      | 130560    |
| train/                  |           |
|    approx_kl            | 0.0       |
|    clip_fraction        | 0         |
|    clip_range           | 0.2       |
|    entropy_loss         | -0.0059   |
|    explained_variance   | 0.908     |
|    learning_rate        | 0.0003    |
|    loss                 | 0.00327   |
|    n_updates            | 840       |
|    policy_gradient_loss | -4.67e-07 |
|    value_loss           | 0.00421   |
---------------------------------------
---------------------------------------
| time/                   |           |
|    fps                  | 928       |
|    iterations           | 37        |
|    time_elapsed         | 61        |
|    total_timesteps      | 132096    |
| train/                  |           |
|    approx_kl            | 0.0       |
|    clip_fraction        | 0         |
|    clip_range           | 0.2       |
|    entropy_loss         | -0.00611  |
|    explained_variance   | 0.832     |
|    learning_rate        | 0.0003    |
|    loss                 | 0.00361   |
|    n_updates            | 850       |
|    policy_gradient_loss | -2.45e-07 |
|    value_loss           | 0.00814   |
---------------------------------------
-------------------------------------------
| time/                   |               |
|    fps                  | 929           |
|    iterations           | 38            |
|    time_elapsed         | 62            |
|    total_timesteps      | 133632        |
| train/                  |               |
|    approx_kl            | 0.00014944914 |
|    clip_fraction        | 0.00143       |
|    clip_range           | 0.2           |
|    entropy_loss         | -0.00693      |
|    explained_variance   | 0.854         |
|    learning_rate        | 0.0003        |
|    loss                 | 0.00368       |
|    n_updates            | 860           |
|    policy_gradient_loss | -0.000159     |
|    value_loss           | 0.00708       |
-------------------------------------------
  step  135027/500000 ( 27.0%)  mean_rew=-0.004
-------------------------------------------
| time/                   |               |
|    fps                  | 929           |
|    iterations           | 39            |
|    time_elapsed         | 64            |
|    total_timesteps      | 135168        |
| train/                  |               |
|    approx_kl            | 3.2748987e-05 |
|    clip_fraction        | 0.000521      |
|    clip_range           | 0.2           |
|    entropy_loss         | -0.00704      |
|    explained_variance   | 0.803         |
|    learning_rate        | 0.0003        |
|    loss                 | 0.00264       |
|    n_updates            | 870           |
|    policy_gradient_loss | -7.74e-05     |
|    value_loss           | 0.0105        |
-------------------------------------------
------------------------------------------
| time/                   |              |
|    fps                  | 928          |
|    iterations           | 40           |
|    time_elapsed         | 66           |
|    total_timesteps      | 136704       |
| train/                  |              |
|    approx_kl            | 4.416642e-05 |
|    clip_fraction        | 0.000456     |
|    clip_range           | 0.2          |
|    entropy_loss         | -0.00635     |
|    explained_variance   | 0.903        |
|    learning_rate        | 0.0003       |
|    loss                 | 0.00198      |
|    n_updates            | 880          |
|    policy_gradient_loss | -5.35e-05    |
|    value_loss           | 0.00463      |
------------------------------------------
---------------------------------------
| time/                   |           |
|    fps                  | 929       |
|    iterations           | 41        |
|    time_elapsed         | 67        |
|    total_timesteps      | 138240    |
| train/                  |           |
|    approx_kl            | 0.0       |
|    clip_fraction        | 0         |
|    clip_range           | 0.2       |
|    entropy_loss         | -0.00595  |
|    explained_variance   | 0.841     |
|    learning_rate        | 0.0003    |
|    loss                 | 0.00274   |
|    n_updates            | 890       |
|    policy_gradient_loss | -1.09e-07 |
|    value_loss           | 0.00812   |
---------------------------------------
-------------------------------------------
| time/                   |               |
|    fps                  | 929           |
|    iterations           | 42            |
|    time_elapsed         | 69            |
|    total_timesteps      | 139776        |
| train/                  |               |
|    approx_kl            | 1.0306947e-05 |
|    clip_fraction        | 0.000326      |
|    clip_range           | 0.2           |
|    entropy_loss         | -0.00547      |
|    explained_variance   | 0.898         |
|    learning_rate        | 0.0003        |
|    loss                 | 0.00116       |
|    n_updates            | 900           |
|    policy_gradient_loss | -1.87e-05     |
|    value_loss           | 0.00454       |
-------------------------------------------
  step  140028/500000 ( 28.0%)  mean_rew=-0.004
-------------------------------------------
| time/                   |               |
|    fps                  | 928           |
|    iterations           | 43            |
|    time_elapsed         | 71            |
|    total_timesteps      | 141312        |
| train/                  |               |
|    approx_kl            | 0.00025848343 |
|    clip_fraction        | 0.00111       |
|    clip_range           | 0.2           |
|    entropy_loss         | -0.00451      |
|    explained_variance   | 0.809         |
|    learning_rate        | 0.0003        |
|    loss                 | 0.00502       |
|    n_updates            | 910           |
|    policy_gradient_loss | -0.000464     |
|    value_loss           | 0.0105        |
-------------------------------------------
---------------------------------------
| time/                   |           |
|    fps                  | 928       |
|    iterations           | 44        |
|    time_elapsed         | 72        |
|    total_timesteps      | 142848    |
| train/                  |           |
|    approx_kl            | 0.0       |
|    clip_fraction        | 0         |
|    clip_range           | 0.2       |
|    entropy_loss         | -0.00385  |
|    explained_variance   | 0.858     |
|    learning_rate        | 0.0003    |
|    loss                 | 0.0027    |
|    n_updates            | 920       |
|    policy_gradient_loss | -8.09e-07 |
|    value_loss           | 0.00741   |
---------------------------------------
-------------------------------------------
| time/                   |               |
|    fps                  | 928           |
|    iterations           | 45            |
|    time_elapsed         | 74            |
|    total_timesteps      | 144384        |
| train/                  |               |
|    approx_kl            | 6.1013114e-05 |
|    clip_fraction        | 0.000521      |
|    clip_range           | 0.2           |
|    entropy_loss         | -0.00366      |
|    explained_variance   | 0.901         |
|    learning_rate        | 0.0003        |
|    loss                 | 0.00222       |
|    n_updates            | 930           |
|    policy_gradient_loss | -6.52e-05     |
|    value_loss           | 0.00433       |
-------------------------------------------
  step  145029/500000 ( 29.0%)  mean_rew=-0.005
---------------------------------------
| time/                   |           |
|    fps                  | 928       |
|    iterations           | 46        |
|    time_elapsed         | 76        |
|    total_timesteps      | 145920    |
| train/                  |           |
|    approx_kl            | 0.0       |
|    clip_fraction        | 0         |
|    clip_range           | 0.2       |
|    entropy_loss         | -0.00354  |
|    explained_variance   | 0.86      |
|    learning_rate        | 0.0003    |
|    loss                 | 0.00399   |
|    n_updates            | 940       |
|    policy_gradient_loss | -1.51e-07 |
|    value_loss           | 0.00678   |
---------------------------------------
------------------------------------------
| time/                   |              |
|    fps                  | 927          |
|    iterations           | 47           |
|    time_elapsed         | 77           |
|    total_timesteps      | 147456       |
| train/                  |              |
|    approx_kl            | 0.0004985236 |
|    clip_fraction        | 0.00228      |
|    clip_range           | 0.2          |
|    entropy_loss         | -0.00253     |
|    explained_variance   | 0.788        |
|    learning_rate        | 0.0003       |
|    loss                 | 0.00256      |
|    n_updates            | 950          |
|    policy_gradient_loss | -0.000316    |
|    value_loss           | 0.0129       |
------------------------------------------
-------------------------------------------
| time/                   |               |
|    fps                  | 927           |
|    iterations           | 48            |
|    time_elapsed         | 79            |
|    total_timesteps      | 148992        |
| train/                  |               |
|    approx_kl            | 0.00029957737 |
|    clip_fraction        | 0.00117       |
|    clip_range           | 0.2           |
|    entropy_loss         | -0.00185      |
|    explained_variance   | 0.882         |
|    learning_rate        | 0.0003        |
|    loss                 | 0.00383       |
|    n_updates            | 960           |
|    policy_gradient_loss | -0.000397     |
|    value_loss           | 0.0064        |
-------------------------------------------
  step  150030/500000 ( 30.0%)  mean_rew=-0.004
--------------------------------------
| time/                   |          |
|    fps                  | 928      |
|    iterations           | 49       |
|    time_elapsed         | 81       |
|    total_timesteps      | 150528   |
| train/                  |          |
|    approx_kl            | 0.0      |
|    clip_fraction        | 0        |
|    clip_range           | 0.2      |
|    entropy_loss         | -0.00131 |
|    explained_variance   | 0.897    |
|    learning_rate        | 0.0003   |
|    loss                 | 0.00218  |
|    n_updates            | 970      |
|    policy_gradient_loss | -3.9e-08 |
|    value_loss           | 0.00469  |
--------------------------------------
---------------------------------------
| time/                   |           |
|    fps                  | 926       |
|    iterations           | 50        |
|    time_elapsed         | 82        |
|    total_timesteps      | 152064    |
| train/                  |           |
|    approx_kl            | 0.0       |
|    clip_fraction        | 0         |
|    clip_range           | 0.2       |
|    entropy_loss         | -0.00132  |
|    explained_variance   | 0.911     |
|    learning_rate        | 0.0003    |
|    loss                 | 0.00159   |
|    n_updates            | 980       |
|    policy_gradient_loss | -2.48e-08 |
|    value_loss           | 0.00426   |
---------------------------------------
---------------------------------------
| time/                   |           |
|    fps                  | 927       |
|    iterations           | 51        |
|    time_elapsed         | 84        |
|    total_timesteps      | 153600    |
| train/                  |           |
|    approx_kl            | 0.0       |
|    clip_fraction        | 0         |
|    clip_range           | 0.2       |
|    entropy_loss         | -0.00134  |
|    explained_variance   | 0.838     |
|    learning_rate        | 0.0003    |
|    loss                 | 0.00664   |
|    n_updates            | 990       |
|    policy_gradient_loss | -1.89e-07 |
|    value_loss           | 0.00803   |
---------------------------------------
  step  155031/500000 ( 31.0%)  mean_rew=-0.004
-------------------------------------------
| time/                   |               |
|    fps                  | 927           |
|    iterations           | 52            |
|    time_elapsed         | 86            |
|    total_timesteps      | 155136        |
| train/                  |               |
|    approx_kl            | 0.00011498431 |
|    clip_fraction        | 0.000716      |
|    clip_range           | 0.2           |
|    entropy_loss         | -0.00162      |
|    explained_variance   | 0.886         |
|    learning_rate        | 0.0003        |
|    loss                 | 0.00255       |
|    n_updates            | 1000          |
|    policy_gradient_loss | -9.32e-05     |
|    value_loss           | 0.00478       |
-------------------------------------------
--------------------------------------
| time/                   |          |
|    fps                  | 926      |
|    iterations           | 53       |
|    time_elapsed         | 87       |
|    total_timesteps      | 156672   |
| train/                  |          |
|    approx_kl            | 0.0      |
|    clip_fraction        | 0        |
|    clip_range           | 0.2      |
|    entropy_loss         | -0.00144 |
|    explained_variance   | 0.912    |
|    learning_rate        | 0.0003   |
|    loss                 | 0.0011   |
|    n_updates            | 1010     |
|    policy_gradient_loss | -7e-07   |
|    value_loss           | 0.00395  |
--------------------------------------
---------------------------------------
| time/                   |           |
|    fps                  | 926       |
|    iterations           | 54        |
|    time_elapsed         | 89        |
|    total_timesteps      | 158208    |
| train/                  |           |
|    approx_kl            | 0.0       |
|    clip_fraction        | 0         |
|    clip_range           | 0.2       |
|    entropy_loss         | -0.00151  |
|    explained_variance   | 0.851     |
|    learning_rate        | 0.0003    |
|    loss                 | 0.0015    |
|    n_updates            | 1020      |
|    policy_gradient_loss | -2.48e-08 |
|    value_loss           | 0.00726   |
---------------------------------------
---------------------------------------
| time/                   |           |
|    fps                  | 926       |
|    iterations           | 55        |
|    time_elapsed         | 91        |
|    total_timesteps      | 159744    |
| train/                  |           |
|    approx_kl            | 0.0       |
|    clip_fraction        | 0         |
|    clip_range           | 0.2       |
|    entropy_loss         | -0.00153  |
|    explained_variance   | 0.843     |
|    learning_rate        | 0.0003    |
|    loss                 | 0.0031    |
|    n_updates            | 1030      |
|    policy_gradient_loss | -1.68e-08 |
|    value_loss           | 0.00776   |
---------------------------------------
  step  160032/500000 ( 32.0%)  mean_rew=-0.004
---------------------------------------
| time/                   |           |
|    fps                  | 927       |
|    iterations           | 56        |
|    time_elapsed         | 92        |
|    total_timesteps      | 161280    |
| train/                  |           |
|    approx_kl            | 0.0       |
|    clip_fraction        | 0         |
|    clip_range           | 0.2       |
|    entropy_loss         | -0.00151  |
|    explained_variance   | 0.898     |
|    learning_rate        | 0.0003    |
|    loss                 | 0.00444   |
|    n_updates            | 1040      |
|    policy_gradient_loss | -3.06e-07 |
|    value_loss           | 0.00431   |
---------------------------------------
-------------------------------------------
| time/                   |               |
|    fps                  | 926           |
|    iterations           | 57            |
|    time_elapsed         | 94            |
|    total_timesteps      | 162816        |
| train/                  |               |
|    approx_kl            | 0.00039610712 |
|    clip_fraction        | 0.000586      |
|    clip_range           | 0.2           |
|    entropy_loss         | -0.00189      |
|    explained_variance   | 0.853         |
|    learning_rate        | 0.0003        |
|    loss                 | 0.00166       |
|    n_updates            | 1050          |
|    policy_gradient_loss | -0.000213     |
|    value_loss           | 0.00694       |
-------------------------------------------
--------------------------------------
| time/                   |          |
|    fps                  | 926      |
|    iterations           | 58       |
|    time_elapsed         | 96       |
|    total_timesteps      | 164352   |
| train/                  |          |
|    approx_kl            | 0.0      |
|    clip_fraction        | 0        |
|    clip_range           | 0.2      |
|    entropy_loss         | -0.00209 |
|    explained_variance   | 0.837    |
|    learning_rate        | 0.0003   |
|    loss                 | 0.002    |
|    n_updates            | 1060     |
|    policy_gradient_loss | 4.85e-09 |
|    value_loss           | 0.0077   |
--------------------------------------
  step  165033/500000 ( 33.0%)  mean_rew=-0.003
-------------------------------------------
| time/                   |               |
|    fps                  | 927           |
|    iterations           | 59            |
|    time_elapsed         | 97            |
|    total_timesteps      | 165888        |
| train/                  |               |
|    approx_kl            | 0.00035740712 |
|    clip_fraction        | 0.00176       |
|    clip_range           | 0.2           |
|    entropy_loss         | -0.00162      |
|    explained_variance   | 0.868         |
|    learning_rate        | 0.0003        |
|    loss                 | 0.00397       |
|    n_updates            | 1070          |
|    policy_gradient_loss | -0.000503     |
|    value_loss           | 0.00527       |
-------------------------------------------
---------------------------------------
| time/                   |           |
|    fps                  | 926       |
|    iterations           | 60        |
|    time_elapsed         | 99        |
|    total_timesteps      | 167424    |
| train/                  |           |
|    approx_kl            | 0.0       |
|    clip_fraction        | 0         |
|    clip_range           | 0.2       |
|    entropy_loss         | -0.00113  |
|    explained_variance   | 0.816     |
|    learning_rate        | 0.0003    |
|    loss                 | 0.00862   |
|    n_updates            | 1080      |
|    policy_gradient_loss | -6.81e-07 |
|    value_loss           | 0.00902   |
---------------------------------------
------------------------------------------
| time/                   |              |
|    fps                  | 925          |
|    iterations           | 61           |
|    time_elapsed         | 101          |
|    total_timesteps      | 168960       |
| train/                  |              |
|    approx_kl            | 0.0002245659 |
|    clip_fraction        | 0.000586     |
|    clip_range           | 0.2          |
|    entropy_loss         | -0.00154     |
|    explained_variance   | 0.826        |
|    learning_rate        | 0.0003       |
|    loss                 | 0.00615      |
|    n_updates            | 1090         |
|    policy_gradient_loss | -9.45e-05    |
|    value_loss           | 0.00787      |
------------------------------------------
  step  170034/500000 ( 34.0%)  mean_rew=-0.002
---------------------------------------
| time/                   |           |
|    fps                  | 926       |
|    iterations           | 62        |
|    time_elapsed         | 102       |
|    total_timesteps      | 170496    |
| train/                  |           |
|    approx_kl            | 0.0       |
|    clip_fraction        | 0         |
|    clip_range           | 0.2       |
|    entropy_loss         | -0.00158  |
|    explained_variance   | 0.838     |
|    learning_rate        | 0.0003    |
|    loss                 | 0.00359   |
|    n_updates            | 1100      |
|    policy_gradient_loss | -8.98e-07 |
|    value_loss           | 0.00763   |
---------------------------------------
---------------------------------------
| time/                   |           |
|    fps                  | 926       |
|    iterations           | 63        |
|    time_elapsed         | 104       |
|    total_timesteps      | 172032    |
| train/                  |           |
|    approx_kl            | 0.0       |
|    clip_fraction        | 0         |
|    clip_range           | 0.2       |
|    entropy_loss         | -0.00162  |
|    explained_variance   | 0.896     |
|    learning_rate        | 0.0003    |
|    loss                 | 0.00123   |
|    n_updates            | 1110      |
|    policy_gradient_loss | -1.08e-06 |
|    value_loss           | 0.00426   |
---------------------------------------
--------------------------------------
| time/                   |          |
|    fps                  | 925      |
|    iterations           | 64       |
|    time_elapsed         | 106      |
|    total_timesteps      | 173568   |
| train/                  |          |
|    approx_kl            | 0.0      |
|    clip_fraction        | 0        |
|    clip_range           | 0.2      |
|    entropy_loss         | -0.00145 |
|    explained_variance   | 0.895    |
|    learning_rate        | 0.0003   |
|    loss                 | 0.00257  |
|    n_updates            | 1120     |
|    policy_gradient_loss | 4.78e-08 |
|    value_loss           | 0.00442  |
--------------------------------------
  step  175035/500000 ( 35.0%)  mean_rew=-0.005
---------------------------------------
| time/                   |           |
|    fps                  | 925       |
|    iterations           | 65        |
|    time_elapsed         | 107       |
|    total_timesteps      | 175104    |
| train/                  |           |
|    approx_kl            | 0.0       |
|    clip_fraction        | 0         |
|    clip_range           | 0.2       |
|    entropy_loss         | -0.00143  |
|    explained_variance   | 0.826     |
|    learning_rate        | 0.0003    |
|    loss                 | 0.00337   |
|    n_updates            | 1130      |
|    policy_gradient_loss | -3.78e-08 |
|    value_loss           | 0.00795   |
---------------------------------------
------------------------------------------
| time/                   |              |
|    fps                  | 925          |
|    iterations           | 66           |
|    time_elapsed         | 109          |
|    total_timesteps      | 176640       |
| train/                  |              |
|    approx_kl            | 7.826912e-06 |
|    clip_fraction        | 0.000846     |
|    clip_range           | 0.2          |
|    entropy_loss         | -0.0011      |
|    explained_variance   | 0.852        |
|    learning_rate        | 0.0003       |
|    loss                 | 0.00377      |
|    n_updates            | 1140         |
|    policy_gradient_loss | 3.19e-05     |
|    value_loss           | 0.00654      |
------------------------------------------
  Stage 2 saved -> cologne3_ppo_stage2_50pct.zip

────────────────────────────────────────────────────────────
  Stage 3/4  75% demand  125000 steps  (cumulative -> 300000)
  Route: cologne3_75pct.rou.xml
────────────────────────────────────────────────────────────
-------------------------------
| time/              |        |
|    fps             | 1017   |
|    iterations      | 1      |
|    time_elapsed    | 1      |
|    total_timesteps | 178176 |
-------------------------------
------------------------------------------
| time/                   |              |
|    fps                  | 882          |
|    iterations           | 2            |
|    time_elapsed         | 3            |
|    total_timesteps      | 179712       |
| train/                  |              |
|    approx_kl            | 0.0043695215 |
|    clip_fraction        | 0.0738       |
|    clip_range           | 0.2          |
|    entropy_loss         | -0.086       |
|    explained_variance   | 0.402        |
|    learning_rate        | 0.0003       |
|    loss                 | 0.0978       |
|    n_updates            | 1160         |
|    policy_gradient_loss | -0.00999     |
|    value_loss           | 0.134        |
------------------------------------------
  step  180036/500000 ( 36.0%)  mean_rew=-0.007
-----------------------------------------
| time/                   |             |
|    fps                  | 860         |
|    iterations           | 3           |
|    time_elapsed         | 5           |
|    total_timesteps      | 181248      |
| train/                  |             |
|    approx_kl            | 0.002152805 |
|    clip_fraction        | 0.0238      |
|    clip_range           | 0.2         |
|    entropy_loss         | -0.101      |
|    explained_variance   | 0.562       |
|    learning_rate        | 0.0003      |
|    loss                 | 0.0234      |
|    n_updates            | 1170        |
|    policy_gradient_loss | -0.00173    |
|    value_loss           | 0.158       |
-----------------------------------------
------------------------------------------
| time/                   |              |
|    fps                  | 845          |
|    iterations           | 4            |
|    time_elapsed         | 7            |
|    total_timesteps      | 182784       |
| train/                  |              |
|    approx_kl            | 0.0009881662 |
|    clip_fraction        | 0.0245       |
|    clip_range           | 0.2          |
|    entropy_loss         | -0.0903      |
|    explained_variance   | 0.892        |
|    learning_rate        | 0.0003       |
|    loss                 | 0.0156       |
|    n_updates            | 1180         |
|    policy_gradient_loss | -0.00326     |
|    value_loss           | 0.0297       |
------------------------------------------
-----------------------------------------
| time/                   |             |
|    fps                  | 768         |
|    iterations           | 5           |
|    time_elapsed         | 9           |
|    total_timesteps      | 184320      |
| train/                  |             |
|    approx_kl            | 0.010779218 |
|    clip_fraction        | 0.0333      |
|    clip_range           | 0.2         |
|    entropy_loss         | -0.112      |
|    explained_variance   | 0.367       |
|    learning_rate        | 0.0003      |
|    loss                 | 0.299       |
|    n_updates            | 1190        |
|    policy_gradient_loss | -0.00195    |
|    value_loss           | 0.864       |
-----------------------------------------
  step  185037/500000 ( 37.0%)  mean_rew=-1.678
------------------------------------------
| time/                   |              |
|    fps                  | 608          |
|    iterations           | 6            |
|    time_elapsed         | 15           |
|    total_timesteps      | 185856       |
| train/                  |              |
|    approx_kl            | 0.0020916928 |
|    clip_fraction        | 0.00638      |
|    clip_range           | 0.2          |
|    entropy_loss         | -0.118       |
|    explained_variance   | 0.175        |
|    learning_rate        | 0.0003       |
|    loss                 | 296          |
|    n_updates            | 1200         |
|    policy_gradient_loss | -0.00265     |
|    value_loss           | 559          |
------------------------------------------
-------------------------------------------
| time/                   |               |
|    fps                  | 632           |
|    iterations           | 7             |
|    time_elapsed         | 17            |
|    total_timesteps      | 187392        |
| train/                  |               |
|    approx_kl            | 4.6702335e-05 |
|    clip_fraction        | 0             |
|    clip_range           | 0.2           |
|    entropy_loss         | -0.0937       |
|    explained_variance   | 0.319         |
|    learning_rate        | 0.0003        |
|    loss                 | 468           |
|    n_updates            | 1210          |
|    policy_gradient_loss | 1.98e-05      |
|    value_loss           | 1.35e+03      |
-------------------------------------------
------------------------------------------
| time/                   |              |
|    fps                  | 646          |
|    iterations           | 8            |
|    time_elapsed         | 19           |
|    total_timesteps      | 188928       |
| train/                  |              |
|    approx_kl            | 0.0056995875 |
|    clip_fraction        | 0.0276       |
|    clip_range           | 0.2          |
|    entropy_loss         | -0.0842      |
|    explained_variance   | 0.854        |
|    learning_rate        | 0.0003       |
|    loss                 | 0.536        |
|    n_updates            | 1220         |
|    policy_gradient_loss | -0.00211     |
|    value_loss           | 1.41         |
------------------------------------------
  step  190038/500000 ( 38.0%)  mean_rew=-0.010
------------------------------------------
| time/                   |              |
|    fps                  | 659          |
|    iterations           | 9            |
|    time_elapsed         | 20           |
|    total_timesteps      | 190464       |
| train/                  |              |
|    approx_kl            | 0.0004882576 |
|    clip_fraction        | 0.00384      |
|    clip_range           | 0.2          |
|    entropy_loss         | -0.0707      |
|    explained_variance   | 0.812        |
|    learning_rate        | 0.0003       |
|    loss                 | 0.324        |
|    n_updates            | 1230         |
|    policy_gradient_loss | -0.0002      |
|    value_loss           | 1.36         |
------------------------------------------
-------------------------------------------
| time/                   |               |
|    fps                  | 672           |
|    iterations           | 10            |
|    time_elapsed         | 22            |
|    total_timesteps      | 192000        |
| train/                  |               |
|    approx_kl            | 0.00038884857 |
|    clip_fraction        | 0.0113        |
|    clip_range           | 0.2           |
|    entropy_loss         | -0.0647       |
|    explained_variance   | 0.812         |
|    learning_rate        | 0.0003        |
|    loss                 | 0.47          |
|    n_updates            | 1240          |
|    policy_gradient_loss | 0.0012        |
|    value_loss           | 0.955         |
-------------------------------------------
-----------------------------------------
| time/                   |             |
|    fps                  | 683         |
|    iterations           | 11          |
|    time_elapsed         | 24          |
|    total_timesteps      | 193536      |
| train/                  |             |
|    approx_kl            | 0.001498643 |
|    clip_fraction        | 0.00885     |
|    clip_range           | 0.2         |
|    entropy_loss         | -0.0748     |
|    explained_variance   | 0.842       |
|    learning_rate        | 0.0003      |
|    loss                 | 0.174       |
|    n_updates            | 1250        |
|    policy_gradient_loss | 0.000329    |
|    value_loss           | 0.515       |
-----------------------------------------
  step  195039/500000 ( 39.0%)  mean_rew=-0.002
-------------------------------------------
| time/                   |               |
|    fps                  | 690           |
|    iterations           | 12            |
|    time_elapsed         | 26            |
|    total_timesteps      | 195072        |
| train/                  |               |
|    approx_kl            | 0.00024447564 |
|    clip_fraction        | 0.00234       |
|    clip_range           | 0.2           |
|    entropy_loss         | -0.0552       |
|    explained_variance   | 0.765         |
|    learning_rate        | 0.0003        |
|    loss                 | 0.438         |
|    n_updates            | 1260          |
|    policy_gradient_loss | 0.000118      |
|    value_loss           | 1.12          |
-------------------------------------------
------------------------------------------
| time/                   |              |
|    fps                  | 698          |
|    iterations           | 13           |
|    time_elapsed         | 28           |
|    total_timesteps      | 196608       |
| train/                  |              |
|    approx_kl            | 0.0001890066 |
|    clip_fraction        | 0.00768      |
|    clip_range           | 0.2          |
|    entropy_loss         | -0.0597      |
|    explained_variance   | 0.805        |
|    learning_rate        | 0.0003       |
|    loss                 | 0.371        |
|    n_updates            | 1270         |
|    policy_gradient_loss | 0.000343     |
|    value_loss           | 0.624        |
------------------------------------------
------------------------------------------
| time/                   |              |
|    fps                  | 706          |
|    iterations           | 14           |
|    time_elapsed         | 30           |
|    total_timesteps      | 198144       |
| train/                  |              |
|    approx_kl            | 0.0013931299 |
|    clip_fraction        | 0.0135       |
|    clip_range           | 0.2          |
|    entropy_loss         | -0.0371      |
|    explained_variance   | 0.847        |
|    learning_rate        | 0.0003       |
|    loss                 | 0.0842       |
|    n_updates            | 1280         |
|    policy_gradient_loss | -0.000801    |
|    value_loss           | 0.245        |
------------------------------------------
------------------------------------------
| time/                   |              |
|    fps                  | 708          |
|    iterations           | 15           |
|    time_elapsed         | 32           |
|    total_timesteps      | 199680       |
| train/                  |              |
|    approx_kl            | 0.0029847492 |
|    clip_fraction        | 0.00684      |
|    clip_range           | 0.2          |
|    entropy_loss         | -0.0237      |
|    explained_variance   | 0.909        |
|    learning_rate        | 0.0003       |
|    loss                 | 0.0493       |
|    n_updates            | 1290         |
|    policy_gradient_loss | -0.00116     |
|    value_loss           | 0.114        |
------------------------------------------
  step  200040/500000 ( 40.0%)  mean_rew=-0.499
------------------------------------------
| time/                   |              |
|    fps                  | 698          |
|    iterations           | 16           |
|    time_elapsed         | 35           |
|    total_timesteps      | 201216       |
| train/                  |              |
|    approx_kl            | 3.535223e-06 |
|    clip_fraction        | 0.00111      |
|    clip_range           | 0.2          |
|    entropy_loss         | -0.0198      |
|    explained_variance   | 0.785        |
|    learning_rate        | 0.0003       |
|    loss                 | 0.217        |
|    n_updates            | 1300         |
|    policy_gradient_loss | 2.26e-05     |
|    value_loss           | 0.391        |
------------------------------------------
-------------------------------------------
| time/                   |               |
|    fps                  | 705           |
|    iterations           | 17            |
|    time_elapsed         | 37            |
|    total_timesteps      | 202752        |
| train/                  |               |
|    approx_kl            | 6.7530978e-06 |
|    clip_fraction        | 0             |
|    clip_range           | 0.2           |
|    entropy_loss         | -0.0187       |
|    explained_variance   | 0.157         |
|    learning_rate        | 0.0003        |
|    loss                 | 214           |
|    n_updates            | 1310          |
|    policy_gradient_loss | -3.04e-05     |
|    value_loss           | 481           |
-------------------------------------------
------------------------------------------
| time/                   |              |
|    fps                  | 710          |
|    iterations           | 18           |
|    time_elapsed         | 38           |
|    total_timesteps      | 204288       |
| train/                  |              |
|    approx_kl            | 7.777428e-05 |
|    clip_fraction        | 0.000977     |
|    clip_range           | 0.2          |
|    entropy_loss         | -0.0157      |
|    explained_variance   | 0.743        |
|    learning_rate        | 0.0003       |
|    loss                 | 0.317        |
|    n_updates            | 1320         |
|    policy_gradient_loss | 7.45e-05     |
|    value_loss           | 0.79         |
------------------------------------------
  step  205041/500000 ( 41.0%)  mean_rew=-0.009
-------------------------------------------
| time/                   |               |
|    fps                  | 713           |
|    iterations           | 19            |
|    time_elapsed         | 40            |
|    total_timesteps      | 205824        |
| train/                  |               |
|    approx_kl            | 0.00091030233 |
|    clip_fraction        | 0.00208       |
|    clip_range           | 0.2           |
|    entropy_loss         | -0.0107       |
|    explained_variance   | 0.825         |
|    learning_rate        | 0.0003        |
|    loss                 | 0.133         |
|    n_updates            | 1330          |
|    policy_gradient_loss | -0.000622     |
|    value_loss           | 0.375         |
-------------------------------------------
------------------------------------------
| time/                   |              |
|    fps                  | 718          |
|    iterations           | 20           |
|    time_elapsed         | 42           |
|    total_timesteps      | 207360       |
| train/                  |              |
|    approx_kl            | 9.706088e-06 |
|    clip_fraction        | 0            |
|    clip_range           | 0.2          |
|    entropy_loss         | -0.00682     |
|    explained_variance   | 0.707        |
|    learning_rate        | 0.0003       |
|    loss                 | 0.283        |
|    n_updates            | 1340         |
|    policy_gradient_loss | -1.37e-05    |
|    value_loss           | 0.625        |
------------------------------------------
-------------------------------------------
| time/                   |               |
|    fps                  | 722           |
|    iterations           | 21            |
|    time_elapsed         | 44            |
|    total_timesteps      | 208896        |
| train/                  |               |
|    approx_kl            | 1.0011718e-06 |
|    clip_fraction        | 0             |
|    clip_range           | 0.2           |
|    entropy_loss         | -0.00642      |
|    explained_variance   | 0.751         |
|    learning_rate        | 0.0003        |
|    loss                 | 0.0975        |
|    n_updates            | 1350          |
|    policy_gradient_loss | 3.04e-06      |
|    value_loss           | 0.291         |
-------------------------------------------
  step  210042/500000 ( 42.0%)  mean_rew=-0.007
-------------------------------------------
| time/                   |               |
|    fps                  | 724           |
|    iterations           | 22            |
|    time_elapsed         | 46            |
|    total_timesteps      | 210432        |
| train/                  |               |
|    approx_kl            | 2.7580265e-05 |
|    clip_fraction        | 0.00026       |
|    clip_range           | 0.2           |
|    entropy_loss         | -0.00726      |
|    explained_variance   | 0.75          |
|    learning_rate        | 0.0003        |
|    loss                 | 0.1           |
|    n_updates            | 1360          |
|    policy_gradient_loss | -2.35e-05     |
|    value_loss           | 0.416         |
-------------------------------------------
------------------------------------------
| time/                   |              |
|    fps                  | 726          |
|    iterations           | 23           |
|    time_elapsed         | 48           |
|    total_timesteps      | 211968       |
| train/                  |              |
|    approx_kl            | 3.933282e-05 |
|    clip_fraction        | 0.000391     |
|    clip_range           | 0.2          |
|    entropy_loss         | -0.0104      |
|    explained_variance   | 0.703        |
|    learning_rate        | 0.0003       |
|    loss                 | 0.204        |
|    n_updates            | 1370         |
|    policy_gradient_loss | -8.16e-05    |
|    value_loss           | 0.399        |
------------------------------------------
-------------------------------------------
| time/                   |               |
|    fps                  | 730           |
|    iterations           | 24            |
|    time_elapsed         | 50            |
|    total_timesteps      | 213504        |
| train/                  |               |
|    approx_kl            | 1.4288584e-05 |
|    clip_fraction        | 0             |
|    clip_range           | 0.2           |
|    entropy_loss         | -0.0108       |
|    explained_variance   | 0.704         |
|    learning_rate        | 0.0003        |
|    loss                 | 0.21          |
|    n_updates            | 1380          |
|    policy_gradient_loss | -2.06e-06     |
|    value_loss           | 0.341         |
-------------------------------------------
-------------------------------------------
| time/                   |               |
|    fps                  | 733           |
|    iterations           | 25            |
|    time_elapsed         | 52            |
|    total_timesteps      | 215040        |
| train/                  |               |
|    approx_kl            | 2.5818357e-05 |
|    clip_fraction        | 6.51e-05      |
|    clip_range           | 0.2           |
|    entropy_loss         | -0.0129       |
|    explained_variance   | 0.791         |
|    learning_rate        | 0.0003        |
|    loss                 | 0.0633        |
|    n_updates            | 1390          |
|    policy_gradient_loss | 2.85e-05      |
|    value_loss           | 0.127         |
-------------------------------------------
  step  215043/500000 ( 43.0%)  mean_rew=-0.003
------------------------------------------
| time/                   |              |
|    fps                  | 735          |
|    iterations           | 26           |
|    time_elapsed         | 54           |
|    total_timesteps      | 216576       |
| train/                  |              |
|    approx_kl            | 9.845174e-05 |
|    clip_fraction        | 0.00273      |
|    clip_range           | 0.2          |
|    entropy_loss         | -0.0108      |
|    explained_variance   | 0.692        |
|    learning_rate        | 0.0003       |
|    loss                 | 0.375        |
|    n_updates            | 1400         |
|    policy_gradient_loss | -3.73e-05    |
|    value_loss           | 0.375        |
------------------------------------------
-------------------------------------------
| time/                   |               |
|    fps                  | 738           |
|    iterations           | 27            |
|    time_elapsed         | 56            |
|    total_timesteps      | 218112        |
| train/                  |               |
|    approx_kl            | 0.00036745248 |
|    clip_fraction        | 0.00384       |
|    clip_range           | 0.2           |
|    entropy_loss         | -0.0103       |
|    explained_variance   | 0.698         |
|    learning_rate        | 0.0003        |
|    loss                 | 0.071         |
|    n_updates            | 1410          |
|    policy_gradient_loss | -0.000273     |
|    value_loss           | 0.291         |
-------------------------------------------
-------------------------------------------
| time/                   |               |
|    fps                  | 741           |
|    iterations           | 28            |
|    time_elapsed         | 58            |
|    total_timesteps      | 219648        |
| train/                  |               |
|    approx_kl            | 0.00042517064 |
|    clip_fraction        | 0.000977      |
|    clip_range           | 0.2           |
|    entropy_loss         | -0.00677      |
|    explained_variance   | 0.809         |
|    learning_rate        | 0.0003        |
|    loss                 | 0.0537        |
|    n_updates            | 1420          |
|    policy_gradient_loss | -0.000168     |
|    value_loss           | 0.0844        |
-------------------------------------------
  step  220044/500000 ( 44.0%)  mean_rew=-0.011
-------------------------------------------
| time/                   |               |
|    fps                  | 742           |
|    iterations           | 29            |
|    time_elapsed         | 59            |
|    total_timesteps      | 221184        |
| train/                  |               |
|    approx_kl            | 2.1614445e-08 |
|    clip_fraction        | 0             |
|    clip_range           | 0.2           |
|    entropy_loss         | -0.00438      |
|    explained_variance   | 0.728         |
|    learning_rate        | 0.0003        |
|    loss                 | 0.164         |
|    n_updates            | 1430          |
|    policy_gradient_loss | -3.58e-06     |
|    value_loss           | 0.192         |
-------------------------------------------
------------------------------------------
| time/                   |              |
|    fps                  | 744          |
|    iterations           | 30           |
|    time_elapsed         | 61           |
|    total_timesteps      | 222720       |
| train/                  |              |
|    approx_kl            | 6.875888e-05 |
|    clip_fraction        | 0.00104      |
|    clip_range           | 0.2          |
|    entropy_loss         | -0.00382     |
|    explained_variance   | 0.687        |
|    learning_rate        | 0.0003       |
|    loss                 | 0.187        |
|    n_updates            | 1440         |
|    policy_gradient_loss | -6.68e-05    |
|    value_loss           | 0.225        |
------------------------------------------
-------------------------------------------
| time/                   |               |
|    fps                  | 746           |
|    iterations           | 31            |
|    time_elapsed         | 63            |
|    total_timesteps      | 224256        |
| train/                  |               |
|    approx_kl            | 2.0333877e-08 |
|    clip_fraction        | 0             |
|    clip_range           | 0.2           |
|    entropy_loss         | -0.00403      |
|    explained_variance   | 0.696         |
|    learning_rate        | 0.0003        |
|    loss                 | 0.11          |
|    n_updates            | 1450          |
|    policy_gradient_loss | -4.68e-06     |
|    value_loss           | 0.222         |
-------------------------------------------
  step  225045/500000 ( 45.0%)  mean_rew=-0.023
-------------------------------------------
| time/                   |               |
|    fps                  | 748           |
|    iterations           | 32            |
|    time_elapsed         | 65            |
|    total_timesteps      | 225792        |
| train/                  |               |
|    approx_kl            | 1.5793678e-07 |
|    clip_fraction        | 0             |
|    clip_range           | 0.2           |
|    entropy_loss         | -0.00342      |
|    explained_variance   | 0.853         |
|    learning_rate        | 0.0003        |
|    loss                 | 0.0203        |
|    n_updates            | 1460          |
|    policy_gradient_loss | -4.32e-05     |
|    value_loss           | 0.0514        |
-------------------------------------------
-------------------------------------------
| time/                   |               |
|    fps                  | 749           |
|    iterations           | 33            |
|    time_elapsed         | 67            |
|    total_timesteps      | 227328        |
| train/                  |               |
|    approx_kl            | 1.7852019e-05 |
|    clip_fraction        | 0.000586      |
|    clip_range           | 0.2           |
|    entropy_loss         | -0.00266      |
|    explained_variance   | 0.77          |
|    learning_rate        | 0.0003        |
|    loss                 | 0.0622        |
|    n_updates            | 1470          |
|    policy_gradient_loss | -6.12e-05     |
|    value_loss           | 0.122         |
-------------------------------------------
-------------------------------------------
| time/                   |               |
|    fps                  | 751           |
|    iterations           | 34            |
|    time_elapsed         | 69            |
|    total_timesteps      | 228864        |
| train/                  |               |
|    approx_kl            | 1.1641532e-10 |
|    clip_fraction        | 0             |
|    clip_range           | 0.2           |
|    entropy_loss         | -0.00237      |
|    explained_variance   | 0.698         |
|    learning_rate        | 0.0003        |
|    loss                 | 0.0907        |
|    n_updates            | 1480          |
|    policy_gradient_loss | -1.72e-06     |
|    value_loss           | 0.194         |
-------------------------------------------
  step  230046/500000 ( 46.0%)  mean_rew=-0.004
---------------------------------------
| time/                   |           |
|    fps                  | 753       |
|    iterations           | 35        |
|    time_elapsed         | 71        |
|    total_timesteps      | 230400    |
| train/                  |           |
|    approx_kl            | 0.0       |
|    clip_fraction        | 0         |
|    clip_range           | 0.2       |
|    entropy_loss         | -0.00233  |
|    explained_variance   | 0.876     |
|    learning_rate        | 0.0003    |
|    loss                 | 0.0289    |
|    n_updates            | 1490      |
|    policy_gradient_loss | -3.04e-06 |
|    value_loss           | 0.0406    |
---------------------------------------
------------------------------------------
| time/                   |              |
|    fps                  | 754          |
|    iterations           | 36           |
|    time_elapsed         | 73           |
|    total_timesteps      | 231936       |
| train/                  |              |
|    approx_kl            | 9.972912e-09 |
|    clip_fraction        | 0            |
|    clip_range           | 0.2          |
|    entropy_loss         | -0.0023      |
|    explained_variance   | 0.719        |
|    learning_rate        | 0.0003       |
|    loss                 | 0.0247       |
|    n_updates            | 1500         |
|    policy_gradient_loss | -3.44e-06    |
|    value_loss           | 0.159        |
------------------------------------------
-------------------------------------------
| time/                   |               |
|    fps                  | 755           |
|    iterations           | 37            |
|    time_elapsed         | 75            |
|    total_timesteps      | 233472        |
| train/                  |               |
|    approx_kl            | 1.0593794e-08 |
|    clip_fraction        | 0             |
|    clip_range           | 0.2           |
|    entropy_loss         | -0.00285      |
|    explained_variance   | 0.709         |
|    learning_rate        | 0.0003        |
|    loss                 | 0.113         |
|    n_updates            | 1510          |
|    policy_gradient_loss | -3.62e-06     |
|    value_loss           | 0.186         |
-------------------------------------------
------------------------------------------
| time/                   |              |
|    fps                  | 757          |
|    iterations           | 38           |
|    time_elapsed         | 77           |
|    total_timesteps      | 235008       |
| train/                  |              |
|    approx_kl            | 6.503736e-08 |
|    clip_fraction        | 0            |
|    clip_range           | 0.2          |
|    entropy_loss         | -0.00244     |
|    explained_variance   | 0.876        |
|    learning_rate        | 0.0003       |
|    loss                 | 0.0248       |
|    n_updates            | 1520         |
|    policy_gradient_loss | -2.82e-05    |
|    value_loss           | 0.042        |
------------------------------------------
  step  235047/500000 ( 47.0%)  mean_rew=-0.006
---------------------------------------
| time/                   |           |
|    fps                  | 758       |
|    iterations           | 39        |
|    time_elapsed         | 79        |
|    total_timesteps      | 236544    |
| train/                  |           |
|    approx_kl            | 0.0006164 |
|    clip_fraction        | 0.000586  |
|    clip_range           | 0.2       |
|    entropy_loss         | -0.00525  |
|    explained_variance   | 0.82      |
|    learning_rate        | 0.0003    |
|    loss                 | 0.0489    |
|    n_updates            | 1530      |
|    policy_gradient_loss | -0.000481 |
|    value_loss           | 0.0681    |
---------------------------------------
-------------------------------------------
| time/                   |               |
|    fps                  | 758           |
|    iterations           | 40            |
|    time_elapsed         | 81            |
|    total_timesteps      | 238080        |
| train/                  |               |
|    approx_kl            | 7.9200445e-06 |
|    clip_fraction        | 0             |
|    clip_range           | 0.2           |
|    entropy_loss         | -0.00734      |
|    explained_variance   | 0.709         |
|    learning_rate        | 0.0003        |
|    loss                 | 0.0785        |
|    n_updates            | 1540          |
|    policy_gradient_loss | -0.00012      |
|    value_loss           | 0.155         |
-------------------------------------------
----------------------------------------
| time/                   |            |
|    fps                  | 751        |
|    iterations           | 41         |
|    time_elapsed         | 83         |
|    total_timesteps      | 239616     |
| train/                  |            |
|    approx_kl            | 0.01578047 |
|    clip_fraction        | 0.0026     |
|    clip_range           | 0.2        |
|    entropy_loss         | -0.0322    |
|    explained_variance   | 0.658      |
|    learning_rate        | 0.0003     |
|    loss                 | 0.188      |
|    n_updates            | 1550       |
|    policy_gradient_loss | -0.000206  |
|    value_loss           | 0.245      |
----------------------------------------
  step  240048/500000 ( 48.0%)  mean_rew=-0.016
-------------------------------------------
| time/                   |               |
|    fps                  | 752           |
|    iterations           | 42            |
|    time_elapsed         | 85            |
|    total_timesteps      | 241152        |
| train/                  |               |
|    approx_kl            | 0.00028788243 |
|    clip_fraction        | 0.113         |
|    clip_range           | 0.2           |
|    entropy_loss         | -0.183        |
|    explained_variance   | 0.116         |
|    learning_rate        | 0.0003        |
|    loss                 | 373           |
|    n_updates            | 1560          |
|    policy_gradient_loss | 0.0109        |
|    value_loss           | 857           |
-------------------------------------------
------------------------------------------
| time/                   |              |
|    fps                  | 752          |
|    iterations           | 43           |
|    time_elapsed         | 87           |
|    total_timesteps      | 242688       |
| train/                  |              |
|    approx_kl            | 0.0131583065 |
|    clip_fraction        | 0.0337       |
|    clip_range           | 0.2          |
|    entropy_loss         | -0.0965      |
|    explained_variance   | 0.377        |
|    learning_rate        | 0.0003       |
|    loss                 | 0.187        |
|    n_updates            | 1570         |
|    policy_gradient_loss | 0.000169     |
|    value_loss           | 0.649        |
------------------------------------------
-------------------------------------------
| time/                   |               |
|    fps                  | 753           |
|    iterations           | 44            |
|    time_elapsed         | 89            |
|    total_timesteps      | 244224        |
| train/                  |               |
|    approx_kl            | 0.00040425497 |
|    clip_fraction        | 0.00853       |
|    clip_range           | 0.2           |
|    entropy_loss         | -0.059        |
|    explained_variance   | 0.63          |
|    learning_rate        | 0.0003        |
|    loss                 | 0.889         |
|    n_updates            | 1580          |
|    policy_gradient_loss | 0.000663      |
|    value_loss           | 1.84          |
-------------------------------------------
  step  245049/500000 ( 49.0%)  mean_rew=-0.007
-----------------------------------------
| time/                   |             |
|    fps                  | 755         |
|    iterations           | 45          |
|    time_elapsed         | 91          |
|    total_timesteps      | 245760      |
| train/                  |             |
|    approx_kl            | 0.015597851 |
|    clip_fraction        | 0.0133      |
|    clip_range           | 0.2         |
|    entropy_loss         | -0.0427     |
|    explained_variance   | 0.639       |
|    learning_rate        | 0.0003      |
|    loss                 | 0.368       |
|    n_updates            | 1590        |
|    policy_gradient_loss | -0.00112    |
|    value_loss           | 0.849       |
-----------------------------------------
-----------------------------------------
| time/                   |             |
|    fps                  | 755         |
|    iterations           | 46          |
|    time_elapsed         | 93          |
|    total_timesteps      | 247296      |
| train/                  |             |
|    approx_kl            | 0.001012314 |
|    clip_fraction        | 0.00208     |
|    clip_range           | 0.2         |
|    entropy_loss         | -0.00947    |
|    explained_variance   | 0.679       |
|    learning_rate        | 0.0003      |
|    loss                 | 0.319       |
|    n_updates            | 1600        |
|    policy_gradient_loss | -0.000375   |
|    value_loss           | 0.57        |
-----------------------------------------
-------------------------------------------
| time/                   |               |
|    fps                  | 756           |
|    iterations           | 47            |
|    time_elapsed         | 95            |
|    total_timesteps      | 248832        |
| train/                  |               |
|    approx_kl            | 6.6822395e-08 |
|    clip_fraction        | 0             |
|    clip_range           | 0.2           |
|    entropy_loss         | -0.00498      |
|    explained_variance   | 0.768         |
|    learning_rate        | 0.0003        |
|    loss                 | 0.11          |
|    n_updates            | 1610          |
|    policy_gradient_loss | -7.63e-06     |
|    value_loss           | 0.334         |
-------------------------------------------
  step  250050/500000 ( 50.0%)  mean_rew=-0.005
-------------------------------------------
| time/                   |               |
|    fps                  | 758           |
|    iterations           | 48            |
|    time_elapsed         | 97            |
|    total_timesteps      | 250368        |
| train/                  |               |
|    approx_kl            | 1.4068287e-05 |
|    clip_fraction        | 0             |
|    clip_range           | 0.2           |
|    entropy_loss         | -0.00437      |
|    explained_variance   | 0.68          |
|    learning_rate        | 0.0003        |
|    loss                 | 0.143         |
|    n_updates            | 1620          |
|    policy_gradient_loss | 1.39e-06      |
|    value_loss           | 0.441         |
-------------------------------------------
------------------------------------------
| time/                   |              |
|    fps                  | 758          |
|    iterations           | 49           |
|    time_elapsed         | 99           |
|    total_timesteps      | 251904       |
| train/                  |              |
|    approx_kl            | 6.791876e-05 |
|    clip_fraction        | 0.000391     |
|    clip_range           | 0.2          |
|    entropy_loss         | -0.00329     |
|    explained_variance   | 0.705        |
|    learning_rate        | 0.0003       |
|    loss                 | 0.137        |
|    n_updates            | 1630         |
|    policy_gradient_loss | -5.87e-05    |
|    value_loss           | 0.235        |
------------------------------------------
-------------------------------------------
| time/                   |               |
|    fps                  | 759           |
|    iterations           | 50            |
|    time_elapsed         | 101           |
|    total_timesteps      | 253440        |
| train/                  |               |
|    approx_kl            | 5.9710426e-05 |
|    clip_fraction        | 0.000586      |
|    clip_range           | 0.2           |
|    entropy_loss         | -0.00331      |
|    explained_variance   | 0.729         |
|    learning_rate        | 0.0003        |
|    loss                 | 0.0836        |
|    n_updates            | 1640          |
|    policy_gradient_loss | -7.3e-05      |
|    value_loss           | 0.242         |
-------------------------------------------
--------------------------------------
| time/                   |          |
|    fps                  | 760      |
|    iterations           | 51       |
|    time_elapsed         | 103      |
|    total_timesteps      | 254976   |
| train/                  |          |
|    approx_kl            | 0.0      |
|    clip_fraction        | 0        |
|    clip_range           | 0.2      |
|    entropy_loss         | -0.00377 |
|    explained_variance   | 0.669    |
|    learning_rate        | 0.0003   |
|    loss                 | 0.134    |
|    n_updates            | 1650     |
|    policy_gradient_loss | -5e-08   |
|    value_loss           | 0.328    |
--------------------------------------
  step  255051/500000 ( 51.0%)  mean_rew=-0.009
--------------------------------------------
| time/                   |                |
|    fps                  | 761            |
|    iterations           | 52             |
|    time_elapsed         | 104            |
|    total_timesteps      | 256512         |
| train/                  |                |
|    approx_kl            | 1.02755926e-07 |
|    clip_fraction        | 0              |
|    clip_range           | 0.2            |
|    entropy_loss         | -0.003         |
|    explained_variance   | 0.754          |
|    learning_rate        | 0.0003         |
|    loss                 | 0.0665         |
|    n_updates            | 1660           |
|    policy_gradient_loss | -3.1e-05       |
|    value_loss           | 0.129          |
--------------------------------------------
-------------------------------------------
| time/                   |               |
|    fps                  | 761           |
|    iterations           | 53            |
|    time_elapsed         | 106           |
|    total_timesteps      | 258048        |
| train/                  |               |
|    approx_kl            | 6.0172675e-05 |
|    clip_fraction        | 0.000456      |
|    clip_range           | 0.2           |
|    entropy_loss         | -0.00272      |
|    explained_variance   | 0.726         |
|    learning_rate        | 0.0003        |
|    loss                 | 0.0376        |
|    n_updates            | 1670          |
|    policy_gradient_loss | -3.26e-05     |
|    value_loss           | 0.182         |
-------------------------------------------
-----------------------------------------
| time/                   |             |
|    fps                  | 762         |
|    iterations           | 54          |
|    time_elapsed         | 108         |
|    total_timesteps      | 259584      |
| train/                  |             |
|    approx_kl            | 0.025186546 |
|    clip_fraction        | 0.015       |
|    clip_range           | 0.2         |
|    entropy_loss         | -0.0433     |
|    explained_variance   | 0.686       |
|    learning_rate        | 0.0003      |
|    loss                 | 0.206       |
|    n_updates            | 1680        |
|    policy_gradient_loss | -0.00188    |
|    value_loss           | 0.233       |
-----------------------------------------
  step  260052/500000 ( 52.0%)  mean_rew=-0.008
-----------------------------------------
| time/                   |             |
|    fps                  | 763         |
|    iterations           | 55          |
|    time_elapsed         | 110         |
|    total_timesteps      | 261120      |
| train/                  |             |
|    approx_kl            | 0.015401489 |
|    clip_fraction        | 0.0441      |
|    clip_range           | 0.2         |
|    entropy_loss         | -0.105      |
|    explained_variance   | 0.355       |
|    learning_rate        | 0.0003      |
|    loss                 | 0.448       |
|    n_updates            | 1690        |
|    policy_gradient_loss | -0.00737    |
|    value_loss           | 2.31        |
-----------------------------------------
-----------------------------------------
| time/                   |             |
|    fps                  | 764         |
|    iterations           | 56          |
|    time_elapsed         | 112         |
|    total_timesteps      | 262656      |
| train/                  |             |
|    approx_kl            | 0.009208758 |
|    clip_fraction        | 0.0438      |
|    clip_range           | 0.2         |
|    entropy_loss         | -0.0742     |
|    explained_variance   | 0.851       |
|    learning_rate        | 0.0003      |
|    loss                 | 0.0331      |
|    n_updates            | 1700        |
|    policy_gradient_loss | -0.00365    |
|    value_loss           | 0.119       |
-----------------------------------------
-----------------------------------------
| time/                   |             |
|    fps                  | 764         |
|    iterations           | 57          |
|    time_elapsed         | 114         |
|    total_timesteps      | 264192      |
| train/                  |             |
|    approx_kl            | 0.004529107 |
|    clip_fraction        | 0.0189      |
|    clip_range           | 0.2         |
|    entropy_loss         | -0.0372     |
|    explained_variance   | 0.813       |
|    learning_rate        | 0.0003      |
|    loss                 | 0.102       |
|    n_updates            | 1710        |
|    policy_gradient_loss | -7.78e-05   |
|    value_loss           | 0.152       |
-----------------------------------------
  step  265053/500000 ( 53.0%)  mean_rew=-0.008
------------------------------------------
| time/                   |              |
|    fps                  | 765          |
|    iterations           | 58           |
|    time_elapsed         | 116          |
|    total_timesteps      | 265728       |
| train/                  |              |
|    approx_kl            | 0.0006566932 |
|    clip_fraction        | 0.00521      |
|    clip_range           | 0.2          |
|    entropy_loss         | -0.0466      |
|    explained_variance   | 0.762        |
|    learning_rate        | 0.0003       |
|    loss                 | 0.0638       |
|    n_updates            | 1720         |
|    policy_gradient_loss | 0.000229     |
|    value_loss           | 0.223        |
------------------------------------------
-----------------------------------------
| time/                   |             |
|    fps                  | 766         |
|    iterations           | 59          |
|    time_elapsed         | 118         |
|    total_timesteps      | 267264      |
| train/                  |             |
|    approx_kl            | 0.011413079 |
|    clip_fraction        | 0.0119      |
|    clip_range           | 0.2         |
|    entropy_loss         | -0.0216     |
|    explained_variance   | 0.849       |
|    learning_rate        | 0.0003      |
|    loss                 | 0.0237      |
|    n_updates            | 1730        |
|    policy_gradient_loss | -0.00184    |
|    value_loss           | 0.0709      |
-----------------------------------------
-------------------------------------------
| time/                   |               |
|    fps                  | 766           |
|    iterations           | 60            |
|    time_elapsed         | 120           |
|    total_timesteps      | 268800        |
| train/                  |               |
|    approx_kl            | 2.6566365e-06 |
|    clip_fraction        | 0.000195      |
|    clip_range           | 0.2           |
|    entropy_loss         | -0.0138       |
|    explained_variance   | 0.913         |
|    learning_rate        | 0.0003        |
|    loss                 | 0.016         |
|    n_updates            | 1740          |
|    policy_gradient_loss | -1.7e-05      |
|    value_loss           | 0.0326        |
-------------------------------------------
  step  270054/500000 ( 54.0%)  mean_rew=-0.010
-------------------------------------------
| time/                   |               |
|    fps                  | 766           |
|    iterations           | 61            |
|    time_elapsed         | 122           |
|    total_timesteps      | 270336        |
| train/                  |               |
|    approx_kl            | 0.00026980703 |
|    clip_fraction        | 0.0015        |
|    clip_range           | 0.2           |
|    entropy_loss         | -0.0185       |
|    explained_variance   | 0.371         |
|    learning_rate        | 0.0003        |
|    loss                 | 0.47          |
|    n_updates            | 1750          |
|    policy_gradient_loss | -8.03e-06     |
|    value_loss           | 1.69          |
-------------------------------------------
-------------------------------------------
| time/                   |               |
|    fps                  | 767           |
|    iterations           | 62            |
|    time_elapsed         | 124           |
|    total_timesteps      | 271872        |
| train/                  |               |
|    approx_kl            | 1.1072261e-05 |
|    clip_fraction        | 0             |
|    clip_range           | 0.2           |
|    entropy_loss         | -0.0194       |
|    explained_variance   | 0.841         |
|    learning_rate        | 0.0003        |
|    loss                 | 0.0452        |
|    n_updates            | 1760          |
|    policy_gradient_loss | 2.26e-05      |
|    value_loss           | 0.148         |
-------------------------------------------
-------------------------------------------
| time/                   |               |
|    fps                  | 767           |
|    iterations           | 63            |
|    time_elapsed         | 126           |
|    total_timesteps      | 273408        |
| train/                  |               |
|    approx_kl            | 0.00016799453 |
|    clip_fraction        | 0.000911      |
|    clip_range           | 0.2           |
|    entropy_loss         | -0.0213       |
|    explained_variance   | 0.885         |
|    learning_rate        | 0.0003        |
|    loss                 | 0.0289        |
|    n_updates            | 1770          |
|    policy_gradient_loss | -0.00038      |
|    value_loss           | 0.062         |
-------------------------------------------
-----------------------------------------
| time/                   |             |
|    fps                  | 767         |
|    iterations           | 64          |
|    time_elapsed         | 128         |
|    total_timesteps      | 274944      |
| train/                  |             |
|    approx_kl            | 0.021351183 |
|    clip_fraction        | 0.00833     |
|    clip_range           | 0.2         |
|    entropy_loss         | -0.0501     |
|    explained_variance   | 0.422       |
|    learning_rate        | 0.0003      |
|    loss                 | 0.516       |
|    n_updates            | 1780        |
|    policy_gradient_loss | -0.00221    |
|    value_loss           | 1.79        |
-----------------------------------------
  step  275055/500000 ( 55.0%)  mean_rew=-0.005
-----------------------------------------
| time/                   |             |
|    fps                  | 768         |
|    iterations           | 65          |
|    time_elapsed         | 129         |
|    total_timesteps      | 276480      |
| train/                  |             |
|    approx_kl            | 0.013716068 |
|    clip_fraction        | 0.0412      |
|    clip_range           | 0.2         |
|    entropy_loss         | -0.0914     |
|    explained_variance   | 0.85        |
|    learning_rate        | 0.0003      |
|    loss                 | 0.0688      |
|    n_updates            | 1790        |
|    policy_gradient_loss | -0.00363    |
|    value_loss           | 0.165       |
-----------------------------------------
------------------------------------------
| time/                   |              |
|    fps                  | 769          |
|    iterations           | 66           |
|    time_elapsed         | 131          |
|    total_timesteps      | 278016       |
| train/                  |              |
|    approx_kl            | 0.0010499158 |
|    clip_fraction        | 0.0103       |
|    clip_range           | 0.2          |
|    entropy_loss         | -0.077       |
|    explained_variance   | 0.878        |
|    learning_rate        | 0.0003       |
|    loss                 | 0.0313       |
|    n_updates            | 1800         |
|    policy_gradient_loss | 0.000505     |
|    value_loss           | 0.0686       |
------------------------------------------
------------------------------------------
| time/                   |              |
|    fps                  | 769          |
|    iterations           | 67           |
|    time_elapsed         | 133          |
|    total_timesteps      | 279552       |
| train/                  |              |
|    approx_kl            | 8.562297e-05 |
|    clip_fraction        | 0.00378      |
|    clip_range           | 0.2          |
|    entropy_loss         | -0.0624      |
|    explained_variance   | 0.877        |
|    learning_rate        | 0.0003       |
|    loss                 | 0.0532       |
|    n_updates            | 1810         |
|    policy_gradient_loss | 0.000101     |
|    value_loss           | 0.0979       |
------------------------------------------
  step  280056/500000 ( 56.0%)  mean_rew=-0.005
-------------------------------------------
| time/                   |               |
|    fps                  | 769           |
|    iterations           | 68            |
|    time_elapsed         | 135           |
|    total_timesteps      | 281088        |
| train/                  |               |
|    approx_kl            | 0.00029787337 |
|    clip_fraction        | 0.00931       |
|    clip_range           | 0.2           |
|    entropy_loss         | -0.0521       |
|    explained_variance   | 0.756         |
|    learning_rate        | 0.0003        |
|    loss                 | 0.0189        |
|    n_updates            | 1820          |
|    policy_gradient_loss | -0.0013       |
|    value_loss           | 0.252         |
-------------------------------------------
------------------------------------------
| time/                   |              |
|    fps                  | 770          |
|    iterations           | 69           |
|    time_elapsed         | 137          |
|    total_timesteps      | 282624       |
| train/                  |              |
|    approx_kl            | 0.0004770699 |
|    clip_fraction        | 0.00632      |
|    clip_range           | 0.2          |
|    entropy_loss         | -0.0379      |
|    explained_variance   | 0.87         |
|    learning_rate        | 0.0003       |
|    loss                 | 0.0276       |
|    n_updates            | 1830         |
|    policy_gradient_loss | -0.00101     |
|    value_loss           | 0.0879       |
------------------------------------------
------------------------------------------
| time/                   |              |
|    fps                  | 770          |
|    iterations           | 70           |
|    time_elapsed         | 139          |
|    total_timesteps      | 284160       |
| train/                  |              |
|    approx_kl            | 0.0035369191 |
|    clip_fraction        | 0.00716      |
|    clip_range           | 0.2          |
|    entropy_loss         | -0.0227      |
|    explained_variance   | 0.897        |
|    learning_rate        | 0.0003       |
|    loss                 | 0.0125       |
|    n_updates            | 1840         |
|    policy_gradient_loss | -0.000574    |
|    value_loss           | 0.0384       |
------------------------------------------
  step  285057/500000 ( 57.0%)  mean_rew=-0.009
------------------------------------------
| time/                   |              |
|    fps                  | 770          |
|    iterations           | 71           |
|    time_elapsed         | 141          |
|    total_timesteps      | 285696       |
| train/                  |              |
|    approx_kl            | 0.0002782968 |
|    clip_fraction        | 0.0026       |
|    clip_range           | 0.2          |
|    entropy_loss         | -0.0137      |
|    explained_variance   | 0.517        |
|    learning_rate        | 0.0003       |
|    loss                 | 0.227        |
|    n_updates            | 1850         |
|    policy_gradient_loss | -0.000415    |
|    value_loss           | 0.664        |
------------------------------------------
-------------------------------------------
| time/                   |               |
|    fps                  | 771           |
|    iterations           | 72            |
|    time_elapsed         | 143           |
|    total_timesteps      | 287232        |
| train/                  |               |
|    approx_kl            | 7.5182215e-05 |
|    clip_fraction        | 0.000651      |
|    clip_range           | 0.2           |
|    entropy_loss         | -0.0141       |
|    explained_variance   | 0.271         |
|    learning_rate        | 0.0003        |
|    loss                 | 2.92          |
|    n_updates            | 1860          |
|    policy_gradient_loss | -0.000118     |
|    value_loss           | 6.33          |
-------------------------------------------
-------------------------------------------
| time/                   |               |
|    fps                  | 767           |
|    iterations           | 73            |
|    time_elapsed         | 146           |
|    total_timesteps      | 288768        |
| train/                  |               |
|    approx_kl            | 2.2425472e-06 |
|    clip_fraction        | 0.00117       |
|    clip_range           | 0.2           |
|    entropy_loss         | -0.0148       |
|    explained_variance   | 0.888         |
|    learning_rate        | 0.0003        |
|    loss                 | 0.0612        |
|    n_updates            | 1870          |
|    policy_gradient_loss | 0.000113      |
|    value_loss           | 0.109         |
-------------------------------------------
  step  290058/500000 ( 58.0%)  mean_rew=-0.003
-------------------------------------------
| time/                   |               |
|    fps                  | 766           |
|    iterations           | 74            |
|    time_elapsed         | 148           |
|    total_timesteps      | 290304        |
| train/                  |               |
|    approx_kl            | 8.2918246e-05 |
|    clip_fraction        | 0.00169       |
|    clip_range           | 0.2           |
|    entropy_loss         | -0.0125       |
|    explained_variance   | 0.162         |
|    learning_rate        | 0.0003        |
|    loss                 | 237           |
|    n_updates            | 1880          |
|    policy_gradient_loss | -1.16e-05     |
|    value_loss           | 653           |
-------------------------------------------
-------------------------------------------
| time/                   |               |
|    fps                  | 767           |
|    iterations           | 75            |
|    time_elapsed         | 150           |
|    total_timesteps      | 291840        |
| train/                  |               |
|    approx_kl            | 7.2745993e-06 |
|    clip_fraction        | 0             |
|    clip_range           | 0.2           |
|    entropy_loss         | -0.0126       |
|    explained_variance   | 0.457         |
|    learning_rate        | 0.0003        |
|    loss                 | 48.6          |
|    n_updates            | 1890          |
|    policy_gradient_loss | -1.29e-05     |
|    value_loss           | 129           |
-------------------------------------------
------------------------------------------
| time/                   |              |
|    fps                  | 767          |
|    iterations           | 76           |
|    time_elapsed         | 152          |
|    total_timesteps      | 293376       |
| train/                  |              |
|    approx_kl            | 0.0001289519 |
|    clip_fraction        | 0.00176      |
|    clip_range           | 0.2          |
|    entropy_loss         | -0.011       |
|    explained_variance   | 0.688        |
|    learning_rate        | 0.0003       |
|    loss                 | 1.38         |
|    n_updates            | 1900         |
|    policy_gradient_loss | -0.000352    |
|    value_loss           | 3.02         |
------------------------------------------
------------------------------------------
| time/                   |              |
|    fps                  | 768          |
|    iterations           | 77           |
|    time_elapsed         | 153          |
|    total_timesteps      | 294912       |
| train/                  |              |
|    approx_kl            | 4.315683e-05 |
|    clip_fraction        | 0.00104      |
|    clip_range           | 0.2          |
|    entropy_loss         | -0.0117      |
|    explained_variance   | 0.674        |
|    learning_rate        | 0.0003       |
|    loss                 | 0.516        |
|    n_updates            | 1910         |
|    policy_gradient_loss | -0.000193    |
|    value_loss           | 1.22         |
------------------------------------------
  step  295059/500000 ( 59.0%)  mean_rew=-0.003
------------------------------------------
| time/                   |              |
|    fps                  | 768          |
|    iterations           | 78           |
|    time_elapsed         | 155          |
|    total_timesteps      | 296448       |
| train/                  |              |
|    approx_kl            | 8.292295e-05 |
|    clip_fraction        | 0.00143      |
|    clip_range           | 0.2          |
|    entropy_loss         | -0.0136      |
|    explained_variance   | 0.666        |
|    learning_rate        | 0.0003       |
|    loss                 | 0.494        |
|    n_updates            | 1920         |
|    policy_gradient_loss | -0.000181    |
|    value_loss           | 0.955        |
------------------------------------------
-------------------------------------------
| time/                   |               |
|    fps                  | 769           |
|    iterations           | 79            |
|    time_elapsed         | 157           |
|    total_timesteps      | 297984        |
| train/                  |               |
|    approx_kl            | 4.1374005e-05 |
|    clip_fraction        | 0.00026       |
|    clip_range           | 0.2           |
|    entropy_loss         | -0.0122       |
|    explained_variance   | 0.645         |
|    learning_rate        | 0.0003        |
|    loss                 | 0.384         |
|    n_updates            | 1930          |
|    policy_gradient_loss | -0.00012      |
|    value_loss           | 0.965         |
-------------------------------------------
------------------------------------------
| time/                   |              |
|    fps                  | 769          |
|    iterations           | 80           |
|    time_elapsed         | 159          |
|    total_timesteps      | 299520       |
| train/                  |              |
|    approx_kl            | 5.873541e-07 |
|    clip_fraction        | 0            |
|    clip_range           | 0.2          |
|    entropy_loss         | -0.00886     |
|    explained_variance   | 0.71         |
|    learning_rate        | 0.0003       |
|    loss                 | 0.172        |
|    n_updates            | 1940         |
|    policy_gradient_loss | -5.58e-05    |
|    value_loss           | 0.431        |
------------------------------------------
  step  300060/500000 ( 60.0%)  mean_rew=-0.011
------------------------------------------
| time/                   |              |
|    fps                  | 769          |
|    iterations           | 81           |
|    time_elapsed         | 161          |
|    total_timesteps      | 301056       |
| train/                  |              |
|    approx_kl            | 0.0001883206 |
|    clip_fraction        | 0.00163      |
|    clip_range           | 0.2          |
|    entropy_loss         | -0.00588     |
|    explained_variance   | 0.737        |
|    learning_rate        | 0.0003       |
|    loss                 | 0.251        |
|    n_updates            | 1950         |
|    policy_gradient_loss | -0.000242    |
|    value_loss           | 0.347        |
------------------------------------------
-------------------------------------------
| time/                   |               |
|    fps                  | 769           |
|    iterations           | 82            |
|    time_elapsed         | 163           |
|    total_timesteps      | 302592        |
| train/                  |               |
|    approx_kl            | 1.9868216e-08 |
|    clip_fraction        | 0             |
|    clip_range           | 0.2           |
|    entropy_loss         | -0.00639      |
|    explained_variance   | 0.668         |
|    learning_rate        | 0.0003        |
|    loss                 | 0.273         |
|    n_updates            | 1960          |
|    policy_gradient_loss | -2.91e-07     |
|    value_loss           | 0.479         |
-------------------------------------------
  Stage 3 saved -> cologne3_ppo_stage3_75pct.zip

────────────────────────────────────────────────────────────
  Stage 4/4  100% demand  200000 steps  (cumulative -> 500000)
  Route: cologne3.rou.xml
────────────────────────────────────────────────────────────
-------------------------------
| time/              |        |
|    fps             | 841    |
|    iterations      | 1      |
|    time_elapsed    | 1      |
|    total_timesteps | 304128 |
-------------------------------
  step  305061/500000 ( 61.0%)  mean_rew=-0.013
-------------------------------------------
| time/                   |               |
|    fps                  | 740           |
|    iterations           | 2             |
|    time_elapsed         | 4             |
|    total_timesteps      | 305664        |
| train/                  |               |
|    approx_kl            | 1.3155746e-05 |
|    clip_fraction        | 0.00013       |
|    clip_range           | 0.2           |
|    entropy_loss         | -0.00329      |
|    explained_variance   | 0.69          |
|    learning_rate        | 0.0003        |
|    loss                 | 0.0976        |
|    n_updates            | 1980          |
|    policy_gradient_loss | -1.8e-05      |
|    value_loss           | 0.373         |
-------------------------------------------
-------------------------------------------
| time/                   |               |
|    fps                  | 742           |
|    iterations           | 3             |
|    time_elapsed         | 6             |
|    total_timesteps      | 307200        |
| train/                  |               |
|    approx_kl            | 1.6113394e-05 |
|    clip_fraction        | 0.00013       |
|    clip_range           | 0.2           |
|    entropy_loss         | -0.00335      |
|    explained_variance   | 0.662         |
|    learning_rate        | 0.0003        |
|    loss                 | 0.545         |
|    n_updates            | 1990          |
|    policy_gradient_loss | -1.22e-05     |
|    value_loss           | 0.686         |
-------------------------------------------
-------------------------------------------
| time/                   |               |
|    fps                  | 732           |
|    iterations           | 4             |
|    time_elapsed         | 8             |
|    total_timesteps      | 308736        |
| train/                  |               |
|    approx_kl            | 3.0656036e-08 |
|    clip_fraction        | 0             |
|    clip_range           | 0.2           |
|    entropy_loss         | -0.00329      |
|    explained_variance   | 0.825         |
|    learning_rate        | 0.0003        |
|    loss                 | 0.0453        |
|    n_updates            | 2000          |
|    policy_gradient_loss | -1.63e-05     |
|    value_loss           | 0.136         |
-------------------------------------------
  step  310062/500000 ( 62.0%)  mean_rew=-0.010
-------------------------------------------
| time/                   |               |
|    fps                  | 716           |
|    iterations           | 5             |
|    time_elapsed         | 10            |
|    total_timesteps      | 310272        |
| train/                  |               |
|    approx_kl            | 1.1253481e-09 |
|    clip_fraction        | 0             |
|    clip_range           | 0.2           |
|    entropy_loss         | -0.00295      |
|    explained_variance   | 0.754         |
|    learning_rate        | 0.0003        |
|    loss                 | 0.205         |
|    n_updates            | 2010          |
|    policy_gradient_loss | -3.24e-06     |
|    value_loss           | 0.29          |
-------------------------------------------
---------------------------------------
| time/                   |           |
|    fps                  | 716       |
|    iterations           | 6         |
|    time_elapsed         | 12        |
|    total_timesteps      | 311808    |
| train/                  |           |
|    approx_kl            | 0.0       |
|    clip_fraction        | 0         |
|    clip_range           | 0.2       |
|    entropy_loss         | -0.00322  |
|    explained_variance   | 0.725     |
|    learning_rate        | 0.0003    |
|    loss                 | 0.0726    |
|    n_updates            | 2020      |
|    policy_gradient_loss | -1.42e-07 |
|    value_loss           | 0.337     |
---------------------------------------
-------------------------------------------
| time/                   |               |
|    fps                  | 714           |
|    iterations           | 7             |
|    time_elapsed         | 15            |
|    total_timesteps      | 313344        |
| train/                  |               |
|    approx_kl            | 4.7563302e-05 |
|    clip_fraction        | 0.000456      |
|    clip_range           | 0.2           |
|    entropy_loss         | -0.00268      |
|    explained_variance   | 0.856         |
|    learning_rate        | 0.0003        |
|    loss                 | 0.077         |
|    n_updates            | 2030          |
|    policy_gradient_loss | -5.99e-05     |
|    value_loss           | 0.0941        |
-------------------------------------------
------------------------------------------
| time/                   |              |
|    fps                  | 707          |
|    iterations           | 8            |
|    time_elapsed         | 17           |
|    total_timesteps      | 314880       |
| train/                  |              |
|    approx_kl            | 7.884604e-05 |
|    clip_fraction        | 0.000456     |
|    clip_range           | 0.2          |
|    entropy_loss         | -0.003       |
|    explained_variance   | 0.776        |
|    learning_rate        | 0.0003       |
|    loss                 | 0.116        |
|    n_updates            | 2040         |
|    policy_gradient_loss | -3.49e-05    |
|    value_loss           | 0.23         |
------------------------------------------
  step  315063/500000 ( 63.0%)  mean_rew=-0.005
------------------------------------------
| time/                   |              |
|    fps                  | 703          |
|    iterations           | 9            |
|    time_elapsed         | 19           |
|    total_timesteps      | 316416       |
| train/                  |              |
|    approx_kl            | 6.131207e-08 |
|    clip_fraction        | 0            |
|    clip_range           | 0.2          |
|    entropy_loss         | -0.00398     |
|    explained_variance   | 0.751        |
|    learning_rate        | 0.0003       |
|    loss                 | 0.172        |
|    n_updates            | 2050         |
|    policy_gradient_loss | -1.14e-05    |
|    value_loss           | 0.275        |
------------------------------------------
-------------------------------------------
| time/                   |               |
|    fps                  | 663           |
|    iterations           | 10            |
|    time_elapsed         | 23            |
|    total_timesteps      | 317952        |
| train/                  |               |
|    approx_kl            | 2.1253829e-05 |
|    clip_fraction        | 0.00111       |
|    clip_range           | 0.2           |
|    entropy_loss         | -0.00622      |
|    explained_variance   | 0.835         |
|    learning_rate        | 0.0003        |
|    loss                 | 0.0573        |
|    n_updates            | 2060          |
|    policy_gradient_loss | -0.000144     |
|    value_loss           | 0.136         |
-------------------------------------------
------------------------------------------
| time/                   |              |
|    fps                  | 667          |
|    iterations           | 11           |
|    time_elapsed         | 25           |
|    total_timesteps      | 319488       |
| train/                  |              |
|    approx_kl            | 9.934108e-09 |
|    clip_fraction        | 0            |
|    clip_range           | 0.2          |
|    entropy_loss         | -0.00604     |
|    explained_variance   | 0.252        |
|    learning_rate        | 0.0003       |
|    loss                 | 368          |
|    n_updates            | 2070         |
|    policy_gradient_loss | 2.24e-05     |
|    value_loss           | 782          |
------------------------------------------
  step  320064/500000 ( 64.0%)  mean_rew=-0.013
-------------------------------------------
| time/                   |               |
|    fps                  | 667           |
|    iterations           | 12            |
|    time_elapsed         | 27            |
|    total_timesteps      | 321024        |
| train/                  |               |
|    approx_kl            | 2.6084794e-07 |
|    clip_fraction        | 0             |
|    clip_range           | 0.2           |
|    entropy_loss         | -0.00507      |
|    explained_variance   | 0.685         |
|    learning_rate        | 0.0003        |
|    loss                 | 0.298         |
|    n_updates            | 2080          |
|    policy_gradient_loss | -8.22e-05     |
|    value_loss           | 0.943         |
-------------------------------------------
-------------------------------------------
| time/                   |               |
|    fps                  | 672           |
|    iterations           | 13            |
|    time_elapsed         | 29            |
|    total_timesteps      | 322560        |
| train/                  |               |
|    approx_kl            | 2.5646024e-05 |
|    clip_fraction        | 0.00026       |
|    clip_range           | 0.2           |
|    entropy_loss         | -0.00414      |
|    explained_variance   | 0.667         |
|    learning_rate        | 0.0003        |
|    loss                 | 0.503         |
|    n_updates            | 2090          |
|    policy_gradient_loss | -2.63e-05     |
|    value_loss           | 0.975         |
-------------------------------------------
-------------------------------------------
| time/                   |               |
|    fps                  | 673           |
|    iterations           | 14            |
|    time_elapsed         | 31            |
|    total_timesteps      | 324096        |
| train/                  |               |
|    approx_kl            | 3.5163288e-05 |
|    clip_fraction        | 0.000716      |
|    clip_range           | 0.2           |
|    entropy_loss         | -0.00379      |
|    explained_variance   | 0.728         |
|    learning_rate        | 0.0003        |
|    loss                 | 0.193         |
|    n_updates            | 2100          |
|    policy_gradient_loss | -2.01e-05     |
|    value_loss           | 0.467         |
-------------------------------------------
  step  325065/500000 ( 65.0%)  mean_rew=-0.045
-------------------------------------------
| time/                   |               |
|    fps                  | 672           |
|    iterations           | 15            |
|    time_elapsed         | 34            |
|    total_timesteps      | 325632        |
| train/                  |               |
|    approx_kl            | 4.1897874e-07 |
|    clip_fraction        | 0             |
|    clip_range           | 0.2           |
|    entropy_loss         | -0.00529      |
|    explained_variance   | 0.72          |
|    learning_rate        | 0.0003        |
|    loss                 | 0.724         |
|    n_updates            | 2110          |
|    policy_gradient_loss | -4.45e-05     |
|    value_loss           | 0.837         |
-------------------------------------------
-------------------------------------------
| time/                   |               |
|    fps                  | 672           |
|    iterations           | 16            |
|    time_elapsed         | 36            |
|    total_timesteps      | 327168        |
| train/                  |               |
|    approx_kl            | 4.5401976e-09 |
|    clip_fraction        | 0             |
|    clip_range           | 0.2           |
|    entropy_loss         | -0.00704      |
|    explained_variance   | 0.73          |
|    learning_rate        | 0.0003        |
|    loss                 | 0.26          |
|    n_updates            | 2120          |
|    policy_gradient_loss | 1.45e-06      |
|    value_loss           | 0.591         |
-------------------------------------------
-------------------------------------------
| time/                   |               |
|    fps                  | 675           |
|    iterations           | 17            |
|    time_elapsed         | 38            |
|    total_timesteps      | 328704        |
| train/                  |               |
|    approx_kl            | 1.1556161e-07 |
|    clip_fraction        | 0             |
|    clip_range           | 0.2           |
|    entropy_loss         | -0.00623      |
|    explained_variance   | 0.731         |
|    learning_rate        | 0.0003        |
|    loss                 | 0.254         |
|    n_updates            | 2130          |
|    policy_gradient_loss | -1.43e-05     |
|    value_loss           | 0.523         |
-------------------------------------------
  step  330066/500000 ( 66.0%)  mean_rew=-0.010
------------------------------------------
| time/                   |              |
|    fps                  | 676          |
|    iterations           | 18           |
|    time_elapsed         | 40           |
|    total_timesteps      | 330240       |
| train/                  |              |
|    approx_kl            | 0.0005679493 |
|    clip_fraction        | 0.00111      |
|    clip_range           | 0.2          |
|    entropy_loss         | -0.00328     |
|    explained_variance   | 0.826        |
|    learning_rate        | 0.0003       |
|    loss                 | 0.117        |
|    n_updates            | 2140         |
|    policy_gradient_loss | -0.000252    |
|    value_loss           | 0.199        |
------------------------------------------
---------------------------------------
| time/                   |           |
|    fps                  | 675       |
|    iterations           | 19        |
|    time_elapsed         | 43        |
|    total_timesteps      | 331776    |
| train/                  |           |
|    approx_kl            | 0.0       |
|    clip_fraction        | 0         |
|    clip_range           | 0.2       |
|    entropy_loss         | -0.00241  |
|    explained_variance   | 0.799     |
|    learning_rate        | 0.0003    |
|    loss                 | 0.108     |
|    n_updates            | 2150      |
|    policy_gradient_loss | -3.76e-07 |
|    value_loss           | 0.286     |
---------------------------------------
---------------------------------------
| time/                   |           |
|    fps                  | 678       |
|    iterations           | 20        |
|    time_elapsed         | 45        |
|    total_timesteps      | 333312    |
| train/                  |           |
|    approx_kl            | 0.0       |
|    clip_fraction        | 0         |
|    clip_range           | 0.2       |
|    entropy_loss         | -0.00256  |
|    explained_variance   | 0.747     |
|    learning_rate        | 0.0003    |
|    loss                 | 0.207     |
|    n_updates            | 2160      |
|    policy_gradient_loss | -1.66e-08 |
|    value_loss           | 0.368     |
---------------------------------------
-------------------------------------------
| time/                   |               |
|    fps                  | 678           |
|    iterations           | 21            |
|    time_elapsed         | 47            |
|    total_timesteps      | 334848        |
| train/                  |               |
|    approx_kl            | 4.7718913e-05 |
|    clip_fraction        | 0.000326      |
|    clip_range           | 0.2           |
|    entropy_loss         | -0.00288      |
|    explained_variance   | 0.84          |
|    learning_rate        | 0.0003        |
|    loss                 | 0.0787        |
|    n_updates            | 2170          |
|    policy_gradient_loss | -5.11e-06     |
|    value_loss           | 0.119         |
-------------------------------------------
  step  335067/500000 ( 67.0%)  mean_rew=-0.007
------------------------------------------
| time/                   |              |
|    fps                  | 678          |
|    iterations           | 22           |
|    time_elapsed         | 49           |
|    total_timesteps      | 336384       |
| train/                  |              |
|    approx_kl            | 3.927077e-08 |
|    clip_fraction        | 0            |
|    clip_range           | 0.2          |
|    entropy_loss         | -0.00336     |
|    explained_variance   | 0.793        |
|    learning_rate        | 0.0003       |
|    loss                 | 0.134        |
|    n_updates            | 2180         |
|    policy_gradient_loss | -4.75e-06    |
|    value_loss           | 0.234        |
------------------------------------------
-------------------------------------------
| time/                   |               |
|    fps                  | 677           |
|    iterations           | 23            |
|    time_elapsed         | 52            |
|    total_timesteps      | 337920        |
| train/                  |               |
|    approx_kl            | 1.3035256e-05 |
|    clip_fraction        | 0.000195      |
|    clip_range           | 0.2           |
|    entropy_loss         | -0.00467      |
|    explained_variance   | 0.603         |
|    learning_rate        | 0.0003        |
|    loss                 | 0.684         |
|    n_updates            | 2190          |
|    policy_gradient_loss | 5.37e-06      |
|    value_loss           | 0.87          |
-------------------------------------------
------------------------------------------
| time/                   |              |
|    fps                  | 679          |
|    iterations           | 24           |
|    time_elapsed         | 54           |
|    total_timesteps      | 339456       |
| train/                  |              |
|    approx_kl            | 6.642891e-05 |
|    clip_fraction        | 0.00104      |
|    clip_range           | 0.2          |
|    entropy_loss         | -0.00394     |
|    explained_variance   | 0.792        |
|    learning_rate        | 0.0003       |
|    loss                 | 0.146        |
|    n_updates            | 2200         |
|    policy_gradient_loss | -8.46e-05    |
|    value_loss           | 0.332        |
------------------------------------------
  step  340068/500000 ( 68.0%)  mean_rew=-0.050
-------------------------------------------
| time/                   |               |
|    fps                  | 680           |
|    iterations           | 25            |
|    time_elapsed         | 56            |
|    total_timesteps      | 340992        |
| train/                  |               |
|    approx_kl            | 1.9030024e-07 |
|    clip_fraction        | 0             |
|    clip_range           | 0.2           |
|    entropy_loss         | -0.00252      |
|    explained_variance   | 0.88          |
|    learning_rate        | 0.0003        |
|    loss                 | 0.0548        |
|    n_updates            | 2210          |
|    policy_gradient_loss | -7.61e-05     |
|    value_loss           | 0.0978        |
-------------------------------------------
---------------------------------------
| time/                   |           |
|    fps                  | 679       |
|    iterations           | 26        |
|    time_elapsed         | 58        |
|    total_timesteps      | 342528    |
| train/                  |           |
|    approx_kl            | 0.0       |
|    clip_fraction        | 0         |
|    clip_range           | 0.2       |
|    entropy_loss         | -0.00169  |
|    explained_variance   | 0.806     |
|    learning_rate        | 0.0003    |
|    loss                 | 0.269     |
|    n_updates            | 2220      |
|    policy_gradient_loss | -1.05e-07 |
|    value_loss           | 0.237     |
---------------------------------------
---------------------------------------
| time/                   |           |
|    fps                  | 681       |
|    iterations           | 27        |
|    time_elapsed         | 60        |
|    total_timesteps      | 344064    |
| train/                  |           |
|    approx_kl            | 0.0       |
|    clip_fraction        | 0         |
|    clip_range           | 0.2       |
|    entropy_loss         | -0.00172  |
|    explained_variance   | 0.77      |
|    learning_rate        | 0.0003    |
|    loss                 | 0.151     |
|    n_updates            | 2230      |
|    policy_gradient_loss | -3.04e-07 |
|    value_loss           | 0.287     |
---------------------------------------
  step  345069/500000 ( 69.0%)  mean_rew=-0.012
-------------------------------------------
| time/                   |               |
|    fps                  | 680           |
|    iterations           | 28            |
|    time_elapsed         | 63            |
|    total_timesteps      | 345600        |
| train/                  |               |
|    approx_kl            | 0.00011887273 |
|    clip_fraction        | 0.000977      |
|    clip_range           | 0.2           |
|    entropy_loss         | -0.00232      |
|    explained_variance   | 0.885         |
|    learning_rate        | 0.0003        |
|    loss                 | 0.0293        |
|    n_updates            | 2240          |
|    policy_gradient_loss | -9.3e-05      |
|    value_loss           | 0.0776        |
-------------------------------------------
------------------------------------------
| time/                   |              |
|    fps                  | 680          |
|    iterations           | 29           |
|    time_elapsed         | 65           |
|    total_timesteps      | 347136       |
| train/                  |              |
|    approx_kl            | 9.934108e-09 |
|    clip_fraction        | 0            |
|    clip_range           | 0.2          |
|    entropy_loss         | -0.00197     |
|    explained_variance   | 0.8          |
|    learning_rate        | 0.0003       |
|    loss                 | 0.0277       |
|    n_updates            | 2250         |
|    policy_gradient_loss | -3.06e-06    |
|    value_loss           | 0.214        |
------------------------------------------
---------------------------------------
| time/                   |           |
|    fps                  | 680       |
|    iterations           | 30        |
|    time_elapsed         | 67        |
|    total_timesteps      | 348672    |
| train/                  |           |
|    approx_kl            | 0.0       |
|    clip_fraction        | 0         |
|    clip_range           | 0.2       |
|    entropy_loss         | -0.0024   |
|    explained_variance   | 0.765     |
|    learning_rate        | 0.0003    |
|    loss                 | 0.0818    |
|    n_updates            | 2260      |
|    policy_gradient_loss | -1.04e-07 |
|    value_loss           | 0.272     |
---------------------------------------
  step  350070/500000 ( 70.0%)  mean_rew=-0.008
------------------------------------------
| time/                   |              |
|    fps                  | 681          |
|    iterations           | 31           |
|    time_elapsed         | 69           |
|    total_timesteps      | 350208       |
| train/                  |              |
|    approx_kl            | 0.0002441687 |
|    clip_fraction        | 0.000521     |
|    clip_range           | 0.2          |
|    entropy_loss         | -0.00364     |
|    explained_variance   | 0.351        |
|    learning_rate        | 0.0003       |
|    loss                 | 2.23         |
|    n_updates            | 2270         |
|    policy_gradient_loss | -5.02e-05    |
|    value_loss           | 3.3          |
------------------------------------------
-------------------------------------------
| time/                   |               |
|    fps                  | 679           |
|    iterations           | 32            |
|    time_elapsed         | 72            |
|    total_timesteps      | 351744        |
| train/                  |               |
|    approx_kl            | 0.00033937293 |
|    clip_fraction        | 0.000521      |
|    clip_range           | 0.2           |
|    entropy_loss         | -0.00268      |
|    explained_variance   | 0.88          |
|    learning_rate        | 0.0003        |
|    loss                 | 0.0455        |
|    n_updates            | 2280          |
|    policy_gradient_loss | -9.77e-05     |
|    value_loss           | 0.125         |
-------------------------------------------
-------------------------------------------
| time/                   |               |
|    fps                  | 671           |
|    iterations           | 33            |
|    time_elapsed         | 75            |
|    total_timesteps      | 353280        |
| train/                  |               |
|    approx_kl            | 3.2238506e-06 |
|    clip_fraction        | 0             |
|    clip_range           | 0.2           |
|    entropy_loss         | -0.00186      |
|    explained_variance   | 0.0671        |
|    learning_rate        | 0.0003        |
|    loss                 | 47.3          |
|    n_updates            | 2290          |
|    policy_gradient_loss | -3.51e-06     |
|    value_loss           | 63.4          |
-------------------------------------------
-----------------------------------------
| time/                   |             |
|    fps                  | 664         |
|    iterations           | 34          |
|    time_elapsed         | 78          |
|    total_timesteps      | 354816      |
| train/                  |             |
|    approx_kl            | 4.31668e-07 |
|    clip_fraction        | 0           |
|    clip_range           | 0.2         |
|    entropy_loss         | -0.002      |
|    explained_variance   | 0.44        |
|    learning_rate        | 0.0003      |
|    loss                 | 220         |
|    n_updates            | 2300        |
|    policy_gradient_loss | -3.15e-06   |
|    value_loss           | 529         |
-----------------------------------------
  step  355071/500000 ( 71.0%)  mean_rew=-0.016
---------------------------------------
| time/                   |           |
|    fps                  | 665       |
|    iterations           | 35        |
|    time_elapsed         | 80        |
|    total_timesteps      | 356352    |
| train/                  |           |
|    approx_kl            | 0.0       |
|    clip_fraction        | 0         |
|    clip_range           | 0.2       |
|    entropy_loss         | -0.00203  |
|    explained_variance   | 0.5       |
|    learning_rate        | 0.0003    |
|    loss                 | 279       |
|    n_updates            | 2310      |
|    policy_gradient_loss | -1.69e-07 |
|    value_loss           | 693       |
---------------------------------------
---------------------------------------
| time/                   |           |
|    fps                  | 665       |
|    iterations           | 36        |
|    time_elapsed         | 83        |
|    total_timesteps      | 357888    |
| train/                  |           |
|    approx_kl            | 0.0       |
|    clip_fraction        | 0         |
|    clip_range           | 0.2       |
|    entropy_loss         | -0.00198  |
|    explained_variance   | 0.515     |
|    learning_rate        | 0.0003    |
|    loss                 | 0.844     |
|    n_updates            | 2320      |
|    policy_gradient_loss | -6.43e-07 |
|    value_loss           | 3.49      |
---------------------------------------
---------------------------------------
| time/                   |           |
|    fps                  | 666       |
|    iterations           | 37        |
|    time_elapsed         | 85        |
|    total_timesteps      | 359424    |
| train/                  |           |
|    approx_kl            | 0.0       |
|    clip_fraction        | 0         |
|    clip_range           | 0.2       |
|    entropy_loss         | -0.00188  |
|    explained_variance   | 0.487     |
|    learning_rate        | 0.0003    |
|    loss                 | 1.11      |
|    n_updates            | 2330      |
|    policy_gradient_loss | -7.11e-07 |
|    value_loss           | 2.71      |
---------------------------------------
  step  360072/500000 ( 72.0%)  mean_rew=-0.010
---------------------------------------
| time/                   |           |
|    fps                  | 667       |
|    iterations           | 38        |
|    time_elapsed         | 87        |
|    total_timesteps      | 360960    |
| train/                  |           |
|    approx_kl            | 0.0       |
|    clip_fraction        | 0         |
|    clip_range           | 0.2       |
|    entropy_loss         | -0.0017   |
|    explained_variance   | 0.626     |
|    learning_rate        | 0.0003    |
|    loss                 | 0.541     |
|    n_updates            | 2340      |
|    policy_gradient_loss | -2.79e-06 |
|    value_loss           | 1.04      |
---------------------------------------
------------------------------------------
| time/                   |              |
|    fps                  | 667          |
|    iterations           | 39           |
|    time_elapsed         | 89           |
|    total_timesteps      | 362496       |
| train/                  |              |
|    approx_kl            | 0.0001995891 |
|    clip_fraction        | 0.000586     |
|    clip_range           | 0.2          |
|    entropy_loss         | -0.000997    |
|    explained_variance   | 0.646        |
|    learning_rate        | 0.0003       |
|    loss                 | 0.266        |
|    n_updates            | 2350         |
|    policy_gradient_loss | -8.86e-05    |
|    value_loss           | 0.762        |
------------------------------------------
--------------------------------------
| time/                   |          |
|    fps                  | 667      |
|    iterations           | 40       |
|    time_elapsed         | 92       |
|    total_timesteps      | 364032   |
| train/                  |          |
|    approx_kl            | 0.0      |
|    clip_fraction        | 0        |
|    clip_range           | 0.2      |
|    entropy_loss         | -0.00088 |
|    explained_variance   | 0.732    |
|    learning_rate        | 0.0003   |
|    loss                 | 0.298    |
|    n_updates            | 2360     |
|    policy_gradient_loss | 5.08e-10 |
|    value_loss           | 0.509    |
--------------------------------------
  step  365073/500000 ( 73.0%)  mean_rew=-0.014
---------------------------------------
| time/                   |           |
|    fps                  | 668       |
|    iterations           | 41        |
|    time_elapsed         | 94        |
|    total_timesteps      | 365568    |
| train/                  |           |
|    approx_kl            | 0.0       |
|    clip_fraction        | 0         |
|    clip_range           | 0.2       |
|    entropy_loss         | -0.000886 |
|    explained_variance   | 0.674     |
|    learning_rate        | 0.0003    |
|    loss                 | 0.397     |
|    n_updates            | 2370      |
|    policy_gradient_loss | 1.26e-08  |
|    value_loss           | 0.609     |
---------------------------------------
---------------------------------------
| time/                   |           |
|    fps                  | 669       |
|    iterations           | 42        |
|    time_elapsed         | 96        |
|    total_timesteps      | 367104    |
| train/                  |           |
|    approx_kl            | 0.0       |
|    clip_fraction        | 0         |
|    clip_range           | 0.2       |
|    entropy_loss         | -0.000858 |
|    explained_variance   | 0.744     |
|    learning_rate        | 0.0003    |
|    loss                 | 0.118     |
|    n_updates            | 2380      |
|    policy_gradient_loss | -8.55e-07 |
|    value_loss           | 0.26      |
---------------------------------------
---------------------------------------
| time/                   |           |
|    fps                  | 669       |
|    iterations           | 43        |
|    time_elapsed         | 98        |
|    total_timesteps      | 368640    |
| train/                  |           |
|    approx_kl            | 0.0       |
|    clip_fraction        | 0         |
|    clip_range           | 0.2       |
|    entropy_loss         | -0.000847 |
|    explained_variance   | 0.763     |
|    learning_rate        | 0.0003    |
|    loss                 | 0.0659    |
|    n_updates            | 2390      |
|    policy_gradient_loss | -4.61e-07 |
|    value_loss           | 0.311     |
---------------------------------------
  step  370074/500000 ( 74.0%)  mean_rew=-0.012
---------------------------------------
| time/                   |           |
|    fps                  | 670       |
|    iterations           | 44        |
|    time_elapsed         | 100       |
|    total_timesteps      | 370176    |
| train/                  |           |
|    approx_kl            | 0.0       |
|    clip_fraction        | 0         |
|    clip_range           | 0.2       |
|    entropy_loss         | -0.000885 |
|    explained_variance   | 0.698     |
|    learning_rate        | 0.0003    |
|    loss                 | 0.262     |
|    n_updates            | 2400      |
|    policy_gradient_loss | -8.93e-11 |
|    value_loss           | 0.404     |
---------------------------------------
---------------------------------------
| time/                   |           |
|    fps                  | 670       |
|    iterations           | 45        |
|    time_elapsed         | 103       |
|    total_timesteps      | 371712    |
| train/                  |           |
|    approx_kl            | 0.0       |
|    clip_fraction        | 0         |
|    clip_range           | 0.2       |
|    entropy_loss         | -0.000838 |
|    explained_variance   | 0.793     |
|    learning_rate        | 0.0003    |
|    loss                 | 0.0994    |
|    n_updates            | 2410      |
|    policy_gradient_loss | -1.93e-06 |
|    value_loss           | 0.156     |
---------------------------------------
---------------------------------------
| time/                   |           |
|    fps                  | 671       |
|    iterations           | 46        |
|    time_elapsed         | 105       |
|    total_timesteps      | 373248    |
| train/                  |           |
|    approx_kl            | 0.0       |
|    clip_fraction        | 0         |
|    clip_range           | 0.2       |
|    entropy_loss         | -0.000787 |
|    explained_variance   | 0.713     |
|    learning_rate        | 0.0003    |
|    loss                 | 0.0551    |
|    n_updates            | 2420      |
|    policy_gradient_loss | 9.34e-09  |
|    value_loss           | 0.287     |
---------------------------------------
---------------------------------------
| time/                   |           |
|    fps                  | 671       |
|    iterations           | 47        |
|    time_elapsed         | 107       |
|    total_timesteps      | 374784    |
| train/                  |           |
|    approx_kl            | 0.0       |
|    clip_fraction        | 0         |
|    clip_range           | 0.2       |
|    entropy_loss         | -0.000825 |
|    explained_variance   | 0.757     |
|    learning_rate        | 0.0003    |
|    loss                 | 0.121     |
|    n_updates            | 2430      |
|    policy_gradient_loss | -1.37e-06 |
|    value_loss           | 0.244     |
---------------------------------------
  step  375075/500000 ( 75.0%)  mean_rew=-0.007
---------------------------------------
| time/                   |           |
|    fps                  | 672       |
|    iterations           | 48        |
|    time_elapsed         | 109       |
|    total_timesteps      | 376320    |
| train/                  |           |
|    approx_kl            | 0.0       |
|    clip_fraction        | 0         |
|    clip_range           | 0.2       |
|    entropy_loss         | -0.000893 |
|    explained_variance   | 0.717     |
|    learning_rate        | 0.0003    |
|    loss                 | 0.141     |
|    n_updates            | 2440      |
|    policy_gradient_loss | 3.1e-08   |
|    value_loss           | 0.307     |
---------------------------------------
---------------------------------------
| time/                   |           |
|    fps                  | 672       |
|    iterations           | 49        |
|    time_elapsed         | 111       |
|    total_timesteps      | 377856    |
| train/                  |           |
|    approx_kl            | 0.0       |
|    clip_fraction        | 0         |
|    clip_range           | 0.2       |
|    entropy_loss         | -0.000819 |
|    explained_variance   | 0.86      |
|    learning_rate        | 0.0003    |
|    loss                 | 0.0376    |
|    n_updates            | 2450      |
|    policy_gradient_loss | -3.51e-06 |
|    value_loss           | 0.0818    |
---------------------------------------
---------------------------------------
| time/                   |           |
|    fps                  | 672       |
|    iterations           | 50        |
|    time_elapsed         | 114       |
|    total_timesteps      | 379392    |
| train/                  |           |
|    approx_kl            | 0.0       |
|    clip_fraction        | 0         |
|    clip_range           | 0.2       |
|    entropy_loss         | -0.000774 |
|    explained_variance   | 0.76      |
|    learning_rate        | 0.0003    |
|    loss                 | 0.0664    |
|    n_updates            | 2460      |
|    policy_gradient_loss | -5.54e-07 |
|    value_loss           | 0.226     |
---------------------------------------
  step  380076/500000 ( 76.0%)  mean_rew=-0.007
---------------------------------------
| time/                   |           |
|    fps                  | 673       |
|    iterations           | 51        |
|    time_elapsed         | 116       |
|    total_timesteps      | 380928    |
| train/                  |           |
|    approx_kl            | 0.0       |
|    clip_fraction        | 0         |
|    clip_range           | 0.2       |
|    entropy_loss         | -0.000813 |
|    explained_variance   | 0.729     |
|    learning_rate        | 0.0003    |
|    loss                 | 0.111     |
|    n_updates            | 2470      |
|    policy_gradient_loss | -8.09e-10 |
|    value_loss           | 0.281     |
---------------------------------------
------------------------------------------
| time/                   |              |
|    fps                  | 673          |
|    iterations           | 52           |
|    time_elapsed         | 118          |
|    total_timesteps      | 382464       |
| train/                  |              |
|    approx_kl            | 7.297021e-05 |
|    clip_fraction        | 0.000586     |
|    clip_range           | 0.2          |
|    entropy_loss         | -0.00124     |
|    explained_variance   | 0.862        |
|    learning_rate        | 0.0003       |
|    loss                 | 0.0308       |
|    n_updates            | 2480         |
|    policy_gradient_loss | -2.29e-05    |
|    value_loss           | 0.0847       |
------------------------------------------
---------------------------------------
| time/                   |           |
|    fps                  | 673       |
|    iterations           | 53        |
|    time_elapsed         | 120       |
|    total_timesteps      | 384000    |
| train/                  |           |
|    approx_kl            | 0.0       |
|    clip_fraction        | 0         |
|    clip_range           | 0.2       |
|    entropy_loss         | -0.00105  |
|    explained_variance   | 0.38      |
|    learning_rate        | 0.0003    |
|    loss                 | 0.949     |
|    n_updates            | 2490      |
|    policy_gradient_loss | -1.66e-06 |
|    value_loss           | 2.68      |
---------------------------------------
  step  385077/500000 ( 77.0%)  mean_rew=-0.011
---------------------------------------
| time/                   |           |
|    fps                  | 672       |
|    iterations           | 54        |
|    time_elapsed         | 123       |
|    total_timesteps      | 385536    |
| train/                  |           |
|    approx_kl            | 0.0       |
|    clip_fraction        | 0         |
|    clip_range           | 0.2       |
|    entropy_loss         | -0.00113  |
|    explained_variance   | 0.793     |
|    learning_rate        | 0.0003    |
|    loss                 | 0.176     |
|    n_updates            | 2500      |
|    policy_gradient_loss | -1.74e-08 |
|    value_loss           | 0.341     |
---------------------------------------
---------------------------------------
| time/                   |           |
|    fps                  | 674       |
|    iterations           | 55        |
|    time_elapsed         | 125       |
|    total_timesteps      | 387072    |
| train/                  |           |
|    approx_kl            | 0.0       |
|    clip_fraction        | 0         |
|    clip_range           | 0.2       |
|    entropy_loss         | -0.00105  |
|    explained_variance   | 0.781     |
|    learning_rate        | 0.0003    |
|    loss                 | 0.129     |
|    n_updates            | 2510      |
|    policy_gradient_loss | -9.75e-07 |
|    value_loss           | 0.334     |
---------------------------------------
---------------------------------------
| time/                   |           |
|    fps                  | 674       |
|    iterations           | 56        |
|    time_elapsed         | 127       |
|    total_timesteps      | 388608    |
| train/                  |           |
|    approx_kl            | 0.0       |
|    clip_fraction        | 0         |
|    clip_range           | 0.2       |
|    entropy_loss         | -0.000871 |
|    explained_variance   | 0.873     |
|    learning_rate        | 0.0003    |
|    loss                 | 0.0688    |
|    n_updates            | 2520      |
|    policy_gradient_loss | -7.16e-06 |
|    value_loss           | 0.103     |
---------------------------------------
  step  390078/500000 ( 78.0%)  mean_rew=-0.007
---------------------------------------
| time/                   |           |
|    fps                  | 673       |
|    iterations           | 57        |
|    time_elapsed         | 129       |
|    total_timesteps      | 390144    |
| train/                  |           |
|    approx_kl            | 0.0       |
|    clip_fraction        | 0         |
|    clip_range           | 0.2       |
|    entropy_loss         | -0.00081  |
|    explained_variance   | 0.801     |
|    learning_rate        | 0.0003    |
|    loss                 | 0.137     |
|    n_updates            | 2530      |
|    policy_gradient_loss | -1.21e-07 |
|    value_loss           | 0.235     |
---------------------------------------
-------------------------------------------
| time/                   |               |
|    fps                  | 674           |
|    iterations           | 58            |
|    time_elapsed         | 132           |
|    total_timesteps      | 391680        |
| train/                  |               |
|    approx_kl            | 0.00037309225 |
|    clip_fraction        | 0.000586      |
|    clip_range           | 0.2           |
|    entropy_loss         | -0.000739     |
|    explained_variance   | 0.687         |
|    learning_rate        | 0.0003        |
|    loss                 | 0.21          |
|    n_updates            | 2540          |
|    policy_gradient_loss | -4.68e-05     |
|    value_loss           | 0.573         |
-------------------------------------------
---------------------------------------
| time/                   |           |
|    fps                  | 675       |
|    iterations           | 59        |
|    time_elapsed         | 134       |
|    total_timesteps      | 393216    |
| train/                  |           |
|    approx_kl            | 0.0       |
|    clip_fraction        | 0         |
|    clip_range           | 0.2       |
|    entropy_loss         | -0.000788 |
|    explained_variance   | 0.889     |
|    learning_rate        | 0.0003    |
|    loss                 | 0.0547    |
|    n_updates            | 2550      |
|    policy_gradient_loss | -2e-06    |
|    value_loss           | 0.0836    |
---------------------------------------
---------------------------------------
| time/                   |           |
|    fps                  | 675       |
|    iterations           | 60        |
|    time_elapsed         | 136       |
|    total_timesteps      | 394752    |
| train/                  |           |
|    approx_kl            | 0.0       |
|    clip_fraction        | 0         |
|    clip_range           | 0.2       |
|    entropy_loss         | -0.000889 |
|    explained_variance   | 0.809     |
|    learning_rate        | 0.0003    |
|    loss                 | 0.0723    |
|    n_updates            | 2560      |
|    policy_gradient_loss | -2.07e-07 |
|    value_loss           | 0.232     |
---------------------------------------
  step  395079/500000 ( 79.0%)  mean_rew=-0.004
---------------------------------------
| time/                   |           |
|    fps                  | 674       |
|    iterations           | 61        |
|    time_elapsed         | 138       |
|    total_timesteps      | 396288    |
| train/                  |           |
|    approx_kl            | 0.0       |
|    clip_fraction        | 0         |
|    clip_range           | 0.2       |
|    entropy_loss         | -0.000847 |
|    explained_variance   | 0.776     |
|    learning_rate        | 0.0003    |
|    loss                 | 0.153     |
|    n_updates            | 2570      |
|    policy_gradient_loss | -2.98e-08 |
|    value_loss           | 0.278     |
---------------------------------------
---------------------------------------
| time/                   |           |
|    fps                  | 675       |
|    iterations           | 62        |
|    time_elapsed         | 140       |
|    total_timesteps      | 397824    |
| train/                  |           |
|    approx_kl            | 0.0       |
|    clip_fraction        | 0         |
|    clip_range           | 0.2       |
|    entropy_loss         | -0.000891 |
|    explained_variance   | 0.778     |
|    learning_rate        | 0.0003    |
|    loss                 | 0.0775    |
|    n_updates            | 2580      |
|    policy_gradient_loss | -3.65e-08 |
|    value_loss           | 0.275     |
---------------------------------------
------------------------------------------
| time/                   |              |
|    fps                  | 676          |
|    iterations           | 63           |
|    time_elapsed         | 143          |
|    total_timesteps      | 399360       |
| train/                  |              |
|    approx_kl            | 7.761022e-11 |
|    clip_fraction        | 0            |
|    clip_range           | 0.2          |
|    entropy_loss         | -0.00116     |
|    explained_variance   | 0.901        |
|    learning_rate        | 0.0003       |
|    loss                 | 0.0348       |
|    n_updates            | 2590         |
|    policy_gradient_loss | -4.36e-06    |
|    value_loss           | 0.0669       |
------------------------------------------
  step  400080/500000 ( 80.0%)  mean_rew=-0.013
---------------------------------------
| time/                   |           |
|    fps                  | 676       |
|    iterations           | 64        |
|    time_elapsed         | 145       |
|    total_timesteps      | 400896    |
| train/                  |           |
|    approx_kl            | 0.0       |
|    clip_fraction        | 0         |
|    clip_range           | 0.2       |
|    entropy_loss         | -0.00154  |
|    explained_variance   | 0.795     |
|    learning_rate        | 0.0003    |
|    loss                 | 0.203     |
|    n_updates            | 2600      |
|    policy_gradient_loss | -6.34e-07 |
|    value_loss           | 0.216     |
---------------------------------------
---------------------------------------
| time/                   |           |
|    fps                  | 676       |
|    iterations           | 65        |
|    time_elapsed         | 147       |
|    total_timesteps      | 402432    |
| train/                  |           |
|    approx_kl            | 0.0       |
|    clip_fraction        | 0         |
|    clip_range           | 0.2       |
|    entropy_loss         | -0.00137  |
|    explained_variance   | 0.768     |
|    learning_rate        | 0.0003    |
|    loss                 | 0.23      |
|    n_updates            | 2610      |
|    policy_gradient_loss | -3.27e-08 |
|    value_loss           | 0.26      |
---------------------------------------
------------------------------------------
| time/                   |              |
|    fps                  | 671          |
|    iterations           | 66           |
|    time_elapsed         | 150          |
|    total_timesteps      | 403968       |
| train/                  |              |
|    approx_kl            | 0.0030875301 |
|    clip_fraction        | 0.00573      |
|    clip_range           | 0.2          |
|    entropy_loss         | -0.0137      |
|    explained_variance   | 0.894        |
|    learning_rate        | 0.0003       |
|    loss                 | 0.0606       |
|    n_updates            | 2620         |
|    policy_gradient_loss | -0.000472    |
|    value_loss           | 0.0622       |
------------------------------------------
  step  405081/500000 ( 81.0%)  mean_rew=-0.027
-----------------------------------------
| time/                   |             |
|    fps                  | 670         |
|    iterations           | 67          |
|    time_elapsed         | 153         |
|    total_timesteps      | 405504      |
| train/                  |             |
|    approx_kl            | 0.008648741 |
|    clip_fraction        | 0.0807      |
|    clip_range           | 0.2         |
|    entropy_loss         | -0.199      |
|    explained_variance   | 0.461       |
|    learning_rate        | 0.0003      |
|    loss                 | 266         |
|    n_updates            | 2630        |
|    policy_gradient_loss | 0.000198    |
|    value_loss           | 657         |
-----------------------------------------
-------------------------------------------
| time/                   |               |
|    fps                  | 670           |
|    iterations           | 68            |
|    time_elapsed         | 155           |
|    total_timesteps      | 407040        |
| train/                  |               |
|    approx_kl            | 0.00017392267 |
|    clip_fraction        | 0.0217        |
|    clip_range           | 0.2           |
|    entropy_loss         | -0.175        |
|    explained_variance   | 0.693         |
|    learning_rate        | 0.0003        |
|    loss                 | 27.5          |
|    n_updates            | 2640          |
|    policy_gradient_loss | 0.0024        |
|    value_loss           | 67.4          |
-------------------------------------------
-----------------------------------------
| time/                   |             |
|    fps                  | 663         |
|    iterations           | 69          |
|    time_elapsed         | 159         |
|    total_timesteps      | 408576      |
| train/                  |             |
|    approx_kl            | 0.001988278 |
|    clip_fraction        | 0.0261      |
|    clip_range           | 0.2         |
|    entropy_loss         | -0.172      |
|    explained_variance   | 0.352       |
|    learning_rate        | 0.0003      |
|    loss                 | 1.17        |
|    n_updates            | 2650        |
|    policy_gradient_loss | -0.000466   |
|    value_loss           | 9.43        |
-----------------------------------------
  step  410082/500000 ( 82.0%)  mean_rew=-0.014
------------------------------------------
| time/                   |              |
|    fps                  | 663          |
|    iterations           | 70           |
|    time_elapsed         | 162          |
|    total_timesteps      | 410112       |
| train/                  |              |
|    approx_kl            | 0.0009175136 |
|    clip_fraction        | 0.00026      |
|    clip_range           | 0.2          |
|    entropy_loss         | -0.173       |
|    explained_variance   | 0.584        |
|    learning_rate        | 0.0003       |
|    loss                 | 564          |
|    n_updates            | 2660         |
|    policy_gradient_loss | -0.000165    |
|    value_loss           | 1.18e+03     |
------------------------------------------
------------------------------------------
| time/                   |              |
|    fps                  | 663          |
|    iterations           | 71           |
|    time_elapsed         | 164          |
|    total_timesteps      | 411648       |
| train/                  |              |
|    approx_kl            | 0.0015202713 |
|    clip_fraction        | 0.0116       |
|    clip_range           | 0.2          |
|    entropy_loss         | -0.167       |
|    explained_variance   | 0.358        |
|    learning_rate        | 0.0003       |
|    loss                 | 2.35         |
|    n_updates            | 2670         |
|    policy_gradient_loss | 1.55e-05     |
|    value_loss           | 7.26         |
------------------------------------------
-------------------------------------------
| time/                   |               |
|    fps                  | 664           |
|    iterations           | 72            |
|    time_elapsed         | 166           |
|    total_timesteps      | 413184        |
| train/                  |               |
|    approx_kl            | 0.00062529923 |
|    clip_fraction        | 0.013         |
|    clip_range           | 0.2           |
|    entropy_loss         | -0.187        |
|    explained_variance   | 0.525         |
|    learning_rate        | 0.0003        |
|    loss                 | 1.46          |
|    n_updates            | 2680          |
|    policy_gradient_loss | 0.000181      |
|    value_loss           | 3.17          |
-------------------------------------------
------------------------------------------
| time/                   |              |
|    fps                  | 660          |
|    iterations           | 73           |
|    time_elapsed         | 169          |
|    total_timesteps      | 414720       |
| train/                  |              |
|    approx_kl            | 0.0026143028 |
|    clip_fraction        | 0.038        |
|    clip_range           | 0.2          |
|    entropy_loss         | -0.191       |
|    explained_variance   | 0.553        |
|    learning_rate        | 0.0003       |
|    loss                 | 0.604        |
|    n_updates            | 2690         |
|    policy_gradient_loss | -3.03e-05    |
|    value_loss           | 1.26         |
------------------------------------------
  step  415083/500000 ( 83.0%)  mean_rew=-0.264
-------------------------------------------
| time/                   |               |
|    fps                  | 659           |
|    iterations           | 74            |
|    time_elapsed         | 172           |
|    total_timesteps      | 416256        |
| train/                  |               |
|    approx_kl            | 0.00040073146 |
|    clip_fraction        | 0             |
|    clip_range           | 0.2           |
|    entropy_loss         | -0.148        |
|    explained_variance   | 0.601         |
|    learning_rate        | 0.0003        |
|    loss                 | 271           |
|    n_updates            | 2700          |
|    policy_gradient_loss | 0.000766      |
|    value_loss           | 678           |
-------------------------------------------
------------------------------------------
| time/                   |              |
|    fps                  | 659          |
|    iterations           | 75           |
|    time_elapsed         | 174          |
|    total_timesteps      | 417792       |
| train/                  |              |
|    approx_kl            | 0.0011670874 |
|    clip_fraction        | 0.00352      |
|    clip_range           | 0.2          |
|    entropy_loss         | -0.135       |
|    explained_variance   | 0.708        |
|    learning_rate        | 0.0003       |
|    loss                 | 22.4         |
|    n_updates            | 2710         |
|    policy_gradient_loss | -0.00122     |
|    value_loss           | 112          |
------------------------------------------
------------------------------------------
| time/                   |              |
|    fps                  | 659          |
|    iterations           | 76           |
|    time_elapsed         | 176          |
|    total_timesteps      | 419328       |
| train/                  |              |
|    approx_kl            | 0.0002974938 |
|    clip_fraction        | 0.000586     |
|    clip_range           | 0.2          |
|    entropy_loss         | -0.123       |
|    explained_variance   | 0.442        |
|    learning_rate        | 0.0003       |
|    loss                 | 3.46         |
|    n_updates            | 2720         |
|    policy_gradient_loss | -9.52e-05    |
|    value_loss           | 14.6         |
------------------------------------------
  step  420084/500000 ( 84.0%)  mean_rew=-0.066
------------------------------------------
| time/                   |              |
|    fps                  | 660          |
|    iterations           | 77           |
|    time_elapsed         | 179          |
|    total_timesteps      | 420864       |
| train/                  |              |
|    approx_kl            | 0.0019075741 |
|    clip_fraction        | 0.0203       |
|    clip_range           | 0.2          |
|    entropy_loss         | -0.11        |
|    explained_variance   | 0.367        |
|    learning_rate        | 0.0003       |
|    loss                 | 0.364        |
|    n_updates            | 2730         |
|    policy_gradient_loss | -0.00119     |
|    value_loss           | 2.19         |
------------------------------------------
-------------------------------------------
| time/                   |               |
|    fps                  | 660           |
|    iterations           | 78            |
|    time_elapsed         | 181           |
|    total_timesteps      | 422400        |
| train/                  |               |
|    approx_kl            | 0.00016623615 |
|    clip_fraction        | 0.00514       |
|    clip_range           | 0.2           |
|    entropy_loss         | -0.103        |
|    explained_variance   | 0.752         |
|    learning_rate        | 0.0003        |
|    loss                 | 0.483         |
|    n_updates            | 2740          |
|    policy_gradient_loss | -6.24e-05     |
|    value_loss           | 0.898         |
-------------------------------------------
-------------------------------------------
| time/                   |               |
|    fps                  | 660           |
|    iterations           | 79            |
|    time_elapsed         | 183           |
|    total_timesteps      | 423936        |
| train/                  |               |
|    approx_kl            | 0.00065076275 |
|    clip_fraction        | 0.0054        |
|    clip_range           | 0.2           |
|    entropy_loss         | -0.0998       |
|    explained_variance   | 0.47          |
|    learning_rate        | 0.0003        |
|    loss                 | 2.95          |
|    n_updates            | 2750          |
|    policy_gradient_loss | -0.000126     |
|    value_loss           | 7.43          |
-------------------------------------------
  step  425085/500000 ( 85.0%)  mean_rew=-1.437
-------------------------------------------
| time/                   |               |
|    fps                  | 658           |
|    iterations           | 80            |
|    time_elapsed         | 186           |
|    total_timesteps      | 425472        |
| train/                  |               |
|    approx_kl            | 0.00085675734 |
|    clip_fraction        | 0.0107        |
|    clip_range           | 0.2           |
|    entropy_loss         | -0.0956       |
|    explained_variance   | 0.728         |
|    learning_rate        | 0.0003        |
|    loss                 | 0.215         |
|    n_updates            | 2760          |
|    policy_gradient_loss | -0.000691     |
|    value_loss           | 0.753         |
-------------------------------------------
------------------------------------------
| time/                   |              |
|    fps                  | 656          |
|    iterations           | 81           |
|    time_elapsed         | 189          |
|    total_timesteps      | 427008       |
| train/                  |              |
|    approx_kl            | 0.0004442213 |
|    clip_fraction        | 0.00143      |
|    clip_range           | 0.2          |
|    entropy_loss         | -0.117       |
|    explained_variance   | 0.641        |
|    learning_rate        | 0.0003       |
|    loss                 | 375          |
|    n_updates            | 2770         |
|    policy_gradient_loss | -0.000183    |
|    value_loss           | 619          |
------------------------------------------
-------------------------------------------
| time/                   |               |
|    fps                  | 656           |
|    iterations           | 82            |
|    time_elapsed         | 191           |
|    total_timesteps      | 428544        |
| train/                  |               |
|    approx_kl            | 0.00023577355 |
|    clip_fraction        | 0             |
|    clip_range           | 0.2           |
|    entropy_loss         | -0.114        |
|    explained_variance   | 0.738         |
|    learning_rate        | 0.0003        |
|    loss                 | 57.4          |
|    n_updates            | 2780          |
|    policy_gradient_loss | -6.64e-05     |
|    value_loss           | 157           |
-------------------------------------------
-------------------------------------------
| time/                   |               |
|    fps                  | 657           |
|    iterations           | 83            |
|    time_elapsed         | 194           |
|    total_timesteps      | 430080        |
| train/                  |               |
|    approx_kl            | 2.6757518e-05 |
|    clip_fraction        | 0.011         |
|    clip_range           | 0.2           |
|    entropy_loss         | -0.0941       |
|    explained_variance   | 0.575         |
|    learning_rate        | 0.0003        |
|    loss                 | 0.84          |
|    n_updates            | 2790          |
|    policy_gradient_loss | -0.000533     |
|    value_loss           | 1.92          |
-------------------------------------------
  step  430086/500000 ( 86.0%)  mean_rew=-0.007
------------------------------------------
| time/                   |              |
|    fps                  | 657          |
|    iterations           | 84           |
|    time_elapsed         | 196          |
|    total_timesteps      | 431616       |
| train/                  |              |
|    approx_kl            | 0.0008694318 |
|    clip_fraction        | 0.0189       |
|    clip_range           | 0.2          |
|    entropy_loss         | -0.0926      |
|    explained_variance   | 0.646        |
|    learning_rate        | 0.0003       |
|    loss                 | 0.982        |
|    n_updates            | 2800         |
|    policy_gradient_loss | -0.000856    |
|    value_loss           | 2.71         |
------------------------------------------
-------------------------------------------
| time/                   |               |
|    fps                  | 657           |
|    iterations           | 85            |
|    time_elapsed         | 198           |
|    total_timesteps      | 433152        |
| train/                  |               |
|    approx_kl            | 0.00049532583 |
|    clip_fraction        | 0.00469       |
|    clip_range           | 0.2           |
|    entropy_loss         | -0.0839       |
|    explained_variance   | 0.588         |
|    learning_rate        | 0.0003        |
|    loss                 | 2.98          |
|    n_updates            | 2810          |
|    policy_gradient_loss | -1.37e-05     |
|    value_loss           | 4.82          |
-------------------------------------------
-------------------------------------------
| time/                   |               |
|    fps                  | 653           |
|    iterations           | 86            |
|    time_elapsed         | 202           |
|    total_timesteps      | 434688        |
| train/                  |               |
|    approx_kl            | 0.00023448611 |
|    clip_fraction        | 0.00645       |
|    clip_range           | 0.2           |
|    entropy_loss         | -0.0883       |
|    explained_variance   | 0.658         |
|    learning_rate        | 0.0003        |
|    loss                 | 0.764         |
|    n_updates            | 2820          |
|    policy_gradient_loss | -0.000541     |
|    value_loss           | 2.05          |
-------------------------------------------
  step  435087/500000 ( 87.0%)  mean_rew=-0.091
-------------------------------------------
| time/                   |               |
|    fps                  | 653           |
|    iterations           | 87            |
|    time_elapsed         | 204           |
|    total_timesteps      | 436224        |
| train/                  |               |
|    approx_kl            | 0.00020478382 |
|    clip_fraction        | 0             |
|    clip_range           | 0.2           |
|    entropy_loss         | -0.081        |
|    explained_variance   | 0.692         |
|    learning_rate        | 0.0003        |
|    loss                 | 391           |
|    n_updates            | 2830          |
|    policy_gradient_loss | -0.000486     |
|    value_loss           | 841           |
-------------------------------------------
------------------------------------------
| time/                   |              |
|    fps                  | 653          |
|    iterations           | 88           |
|    time_elapsed         | 206          |
|    total_timesteps      | 437760       |
| train/                  |              |
|    approx_kl            | 0.0005010245 |
|    clip_fraction        | 0.0026       |
|    clip_range           | 0.2          |
|    entropy_loss         | -0.0719      |
|    explained_variance   | 0.466        |
|    learning_rate        | 0.0003       |
|    loss                 | 1.71         |
|    n_updates            | 2840         |
|    policy_gradient_loss | -0.000305    |
|    value_loss           | 4.02         |
------------------------------------------
-------------------------------------------
| time/                   |               |
|    fps                  | 654           |
|    iterations           | 89            |
|    time_elapsed         | 209           |
|    total_timesteps      | 439296        |
| train/                  |               |
|    approx_kl            | 0.00043177663 |
|    clip_fraction        | 0.00872       |
|    clip_range           | 0.2           |
|    entropy_loss         | -0.0605       |
|    explained_variance   | 0.649         |
|    learning_rate        | 0.0003        |
|    loss                 | 0.497         |
|    n_updates            | 2850          |
|    policy_gradient_loss | -0.000631     |
|    value_loss           | 1.85          |
-------------------------------------------
  step  440088/500000 ( 88.0%)  mean_rew=-0.012
-------------------------------------------
| time/                   |               |
|    fps                  | 654           |
|    iterations           | 90            |
|    time_elapsed         | 211           |
|    total_timesteps      | 440832        |
| train/                  |               |
|    approx_kl            | 0.00015052718 |
|    clip_fraction        | 0.00501       |
|    clip_range           | 0.2           |
|    entropy_loss         | -0.0458       |
|    explained_variance   | 0.735         |
|    learning_rate        | 0.0003        |
|    loss                 | 0.229         |
|    n_updates            | 2860          |
|    policy_gradient_loss | -7.79e-05     |
|    value_loss           | 0.764         |
-------------------------------------------
-------------------------------------------
| time/                   |               |
|    fps                  | 654           |
|    iterations           | 91            |
|    time_elapsed         | 213           |
|    total_timesteps      | 442368        |
| train/                  |               |
|    approx_kl            | 0.00017145986 |
|    clip_fraction        | 0.00293       |
|    clip_range           | 0.2           |
|    entropy_loss         | -0.0373       |
|    explained_variance   | 0.714         |
|    learning_rate        | 0.0003        |
|    loss                 | 0.687         |
|    n_updates            | 2870          |
|    policy_gradient_loss | -0.000219     |
|    value_loss           | 1.08          |
-------------------------------------------
------------------------------------------
| time/                   |              |
|    fps                  | 654          |
|    iterations           | 92           |
|    time_elapsed         | 215          |
|    total_timesteps      | 443904       |
| train/                  |              |
|    approx_kl            | 0.0004409689 |
|    clip_fraction        | 0.00742      |
|    clip_range           | 0.2          |
|    entropy_loss         | -0.0283      |
|    explained_variance   | 0.441        |
|    learning_rate        | 0.0003       |
|    loss                 | 1.3          |
|    n_updates            | 2880         |
|    policy_gradient_loss | -0.00045     |
|    value_loss           | 5.58         |
------------------------------------------
  step  445089/500000 ( 89.0%)  mean_rew=-1.681
-------------------------------------------
| time/                   |               |
|    fps                  | 652           |
|    iterations           | 93            |
|    time_elapsed         | 218           |
|    total_timesteps      | 445440        |
| train/                  |               |
|    approx_kl            | 9.0159745e-05 |
|    clip_fraction        | 0.000456      |
|    clip_range           | 0.2           |
|    entropy_loss         | -0.0272       |
|    explained_variance   | 0.647         |
|    learning_rate        | 0.0003        |
|    loss                 | 0.814         |
|    n_updates            | 2890          |
|    policy_gradient_loss | -6.85e-05     |
|    value_loss           | 2.4           |
-------------------------------------------
------------------------------------------
| time/                   |              |
|    fps                  | 653          |
|    iterations           | 94           |
|    time_elapsed         | 220          |
|    total_timesteps      | 446976       |
| train/                  |              |
|    approx_kl            | 5.777304e-07 |
|    clip_fraction        | 0            |
|    clip_range           | 0.2          |
|    entropy_loss         | -0.023       |
|    explained_variance   | 0.618        |
|    learning_rate        | 0.0003       |
|    loss                 | 235          |
|    n_updates            | 2900         |
|    policy_gradient_loss | -1.11e-05    |
|    value_loss           | 609          |
------------------------------------------
-------------------------------------------
| time/                   |               |
|    fps                  | 653           |
|    iterations           | 95            |
|    time_elapsed         | 223           |
|    total_timesteps      | 448512        |
| train/                  |               |
|    approx_kl            | 0.00036138683 |
|    clip_fraction        | 0.000651      |
|    clip_range           | 0.2           |
|    entropy_loss         | -0.0281       |
|    explained_variance   | 0.34          |
|    learning_rate        | 0.0003        |
|    loss                 | 1.58          |
|    n_updates            | 2910          |
|    policy_gradient_loss | -0.000259     |
|    value_loss           | 4.49          |
-------------------------------------------
-------------------------------------------
| time/                   |               |
|    fps                  | 651           |
|    iterations           | 96            |
|    time_elapsed         | 226           |
|    total_timesteps      | 450048        |
| train/                  |               |
|    approx_kl            | 0.00028292413 |
|    clip_fraction        | 0.00358       |
|    clip_range           | 0.2           |
|    entropy_loss         | -0.0465       |
|    explained_variance   | 0.547         |
|    learning_rate        | 0.0003        |
|    loss                 | 0.83          |
|    n_updates            | 2920          |
|    policy_gradient_loss | -0.000318     |
|    value_loss           | 2.71          |
-------------------------------------------
  step  450090/500000 ( 90.0%)  mean_rew=-0.022
-------------------------------------------
| time/                   |               |
|    fps                  | 651           |
|    iterations           | 97            |
|    time_elapsed         | 228           |
|    total_timesteps      | 451584        |
| train/                  |               |
|    approx_kl            | 3.0722043e-05 |
|    clip_fraction        | 0             |
|    clip_range           | 0.2           |
|    entropy_loss         | -0.0447       |
|    explained_variance   | 0.674         |
|    learning_rate        | 0.0003        |
|    loss                 | 393           |
|    n_updates            | 2930          |
|    policy_gradient_loss | -3.19e-05     |
|    value_loss           | 703           |
-------------------------------------------
-------------------------------------------
| time/                   |               |
|    fps                  | 651           |
|    iterations           | 98            |
|    time_elapsed         | 231           |
|    total_timesteps      | 453120        |
| train/                  |               |
|    approx_kl            | 0.00086136814 |
|    clip_fraction        | 0.00436       |
|    clip_range           | 0.2           |
|    entropy_loss         | -0.0539       |
|    explained_variance   | 0.377         |
|    learning_rate        | 0.0003        |
|    loss                 | 1.52          |
|    n_updates            | 2940          |
|    policy_gradient_loss | -0.000136     |
|    value_loss           | 9.74          |
-------------------------------------------
-------------------------------------------
| time/                   |               |
|    fps                  | 649           |
|    iterations           | 99            |
|    time_elapsed         | 234           |
|    total_timesteps      | 454656        |
| train/                  |               |
|    approx_kl            | 0.00034575374 |
|    clip_fraction        | 0.00273       |
|    clip_range           | 0.2           |
|    entropy_loss         | -0.0609       |
|    explained_variance   | 0.598         |
|    learning_rate        | 0.0003        |
|    loss                 | 0.639         |
|    n_updates            | 2950          |
|    policy_gradient_loss | 0.000101      |
|    value_loss           | 2.49          |
-------------------------------------------
  step  455091/500000 ( 91.0%)  mean_rew=-0.009
-------------------------------------------
| time/                   |               |
|    fps                  | 650           |
|    iterations           | 100           |
|    time_elapsed         | 236           |
|    total_timesteps      | 456192        |
| train/                  |               |
|    approx_kl            | 1.0532482e-06 |
|    clip_fraction        | 0             |
|    clip_range           | 0.2           |
|    entropy_loss         | -0.0543       |
|    explained_variance   | 0.672         |
|    learning_rate        | 0.0003        |
|    loss                 | 266           |
|    n_updates            | 2960          |
|    policy_gradient_loss | 0.000108      |
|    value_loss           | 607           |
-------------------------------------------
-------------------------------------------
| time/                   |               |
|    fps                  | 650           |
|    iterations           | 101           |
|    time_elapsed         | 238           |
|    total_timesteps      | 457728        |
| train/                  |               |
|    approx_kl            | 0.00021035461 |
|    clip_fraction        | 0.00124       |
|    clip_range           | 0.2           |
|    entropy_loss         | -0.0601       |
|    explained_variance   | 0.583         |
|    learning_rate        | 0.0003        |
|    loss                 | 0.736         |
|    n_updates            | 2970          |
|    policy_gradient_loss | 4.21e-05      |
|    value_loss           | 2.51          |
-------------------------------------------
-----------------------------------------
| time/                   |             |
|    fps                  | 650         |
|    iterations           | 102         |
|    time_elapsed         | 240         |
|    total_timesteps      | 459264      |
| train/                  |             |
|    approx_kl            | 7.54173e-05 |
|    clip_fraction        | 0.00501     |
|    clip_range           | 0.2         |
|    entropy_loss         | -0.0561     |
|    explained_variance   | 0.665       |
|    learning_rate        | 0.0003      |
|    loss                 | 1.29        |
|    n_updates            | 2980        |
|    policy_gradient_loss | -0.000374   |
|    value_loss           | 2.49        |
-----------------------------------------
  step  460092/500000 ( 92.0%)  mean_rew=-0.016
-------------------------------------------
| time/                   |               |
|    fps                  | 651           |
|    iterations           | 103           |
|    time_elapsed         | 242           |
|    total_timesteps      | 460800        |
| train/                  |               |
|    approx_kl            | 0.00031706225 |
|    clip_fraction        | 0.00697       |
|    clip_range           | 0.2           |
|    entropy_loss         | -0.0461       |
|    explained_variance   | 0.723         |
|    learning_rate        | 0.0003        |
|    loss                 | 0.802         |
|    n_updates            | 2990          |
|    policy_gradient_loss | -0.000718     |
|    value_loss           | 1.33          |
-------------------------------------------
-------------------------------------------
| time/                   |               |
|    fps                  | 638           |
|    iterations           | 104           |
|    time_elapsed         | 249           |
|    total_timesteps      | 462336        |
| train/                  |               |
|    approx_kl            | 0.00024717514 |
|    clip_fraction        | 0.00345       |
|    clip_range           | 0.2           |
|    entropy_loss         | -0.047        |
|    explained_variance   | 0.776         |
|    learning_rate        | 0.0003        |
|    loss                 | 0.36          |
|    n_updates            | 3000          |
|    policy_gradient_loss | 0.000107      |
|    value_loss           | 0.697         |
-------------------------------------------
-------------------------------------------
| time/                   |               |
|    fps                  | 637           |
|    iterations           | 105           |
|    time_elapsed         | 253           |
|    total_timesteps      | 463872        |
| train/                  |               |
|    approx_kl            | 0.00089270715 |
|    clip_fraction        | 0.00553       |
|    clip_range           | 0.2           |
|    entropy_loss         | -0.0255       |
|    explained_variance   | 0.757         |
|    learning_rate        | 0.0003        |
|    loss                 | 796           |
|    n_updates            | 3010          |
|    policy_gradient_loss | 1.58e-05      |
|    value_loss           | 1.63e+03      |
-------------------------------------------
  step  465093/500000 ( 93.0%)  mean_rew=-0.009
------------------------------------------
| time/                   |              |
|    fps                  | 634          |
|    iterations           | 106          |
|    time_elapsed         | 256          |
|    total_timesteps      | 465408       |
| train/                  |              |
|    approx_kl            | 4.511113e-05 |
|    clip_fraction        | 0            |
|    clip_range           | 0.2          |
|    entropy_loss         | -0.0245      |
|    explained_variance   | 0.664        |
|    learning_rate        | 0.0003       |
|    loss                 | 66.5         |
|    n_updates            | 3020         |
|    policy_gradient_loss | -0.000176    |
|    value_loss           | 172          |
------------------------------------------
------------------------------------------
| time/                   |              |
|    fps                  | 632          |
|    iterations           | 107          |
|    time_elapsed         | 259          |
|    total_timesteps      | 466944       |
| train/                  |              |
|    approx_kl            | 4.078417e-08 |
|    clip_fraction        | 0            |
|    clip_range           | 0.2          |
|    entropy_loss         | -0.0207      |
|    explained_variance   | 0.774        |
|    learning_rate        | 0.0003       |
|    loss                 | 326          |
|    n_updates            | 3030         |
|    policy_gradient_loss | -7.73e-06    |
|    value_loss           | 625          |
------------------------------------------
-------------------------------------------
| time/                   |               |
|    fps                  | 633           |
|    iterations           | 108           |
|    time_elapsed         | 261           |
|    total_timesteps      | 468480        |
| train/                  |               |
|    approx_kl            | 1.1770366e-06 |
|    clip_fraction        | 0             |
|    clip_range           | 0.2           |
|    entropy_loss         | -0.0216       |
|    explained_variance   | 0.743         |
|    learning_rate        | 0.0003        |
|    loss                 | 285           |
|    n_updates            | 3040          |
|    policy_gradient_loss | -2.22e-05     |
|    value_loss           | 691           |
-------------------------------------------
------------------------------------------
| time/                   |              |
|    fps                  | 633          |
|    iterations           | 109          |
|    time_elapsed         | 264          |
|    total_timesteps      | 470016       |
| train/                  |              |
|    approx_kl            | 5.249555e-07 |
|    clip_fraction        | 0            |
|    clip_range           | 0.2          |
|    entropy_loss         | -0.0224      |
|    explained_variance   | 0.459        |
|    learning_rate        | 0.0003       |
|    loss                 | 9.68         |
|    n_updates            | 3050         |
|    policy_gradient_loss | -4.51e-07    |
|    value_loss           | 33.8         |
------------------------------------------
  step  470094/500000 ( 94.0%)  mean_rew=-0.005
-------------------------------------------
| time/                   |               |
|    fps                  | 632           |
|    iterations           | 110           |
|    time_elapsed         | 267           |
|    total_timesteps      | 471552        |
| train/                  |               |
|    approx_kl            | 2.9684976e-05 |
|    clip_fraction        | 0.00182       |
|    clip_range           | 0.2           |
|    entropy_loss         | -0.0259       |
|    explained_variance   | 0.294         |
|    learning_rate        | 0.0003        |
|    loss                 | 1.71          |
|    n_updates            | 3060          |
|    policy_gradient_loss | -9.08e-05     |
|    value_loss           | 6.24          |
-------------------------------------------
-------------------------------------------
| time/                   |               |
|    fps                  | 633           |
|    iterations           | 111           |
|    time_elapsed         | 269           |
|    total_timesteps      | 473088        |
| train/                  |               |
|    approx_kl            | 1.4703721e-05 |
|    clip_fraction        | 0             |
|    clip_range           | 0.2           |
|    entropy_loss         | -0.0258       |
|    explained_variance   | 0.749         |
|    learning_rate        | 0.0003        |
|    loss                 | 230           |
|    n_updates            | 3070          |
|    policy_gradient_loss | -6.3e-05      |
|    value_loss           | 595           |
-------------------------------------------
--------------------------------------------
| time/                   |                |
|    fps                  | 633            |
|    iterations           | 112            |
|    time_elapsed         | 271            |
|    total_timesteps      | 474624         |
| train/                  |                |
|    approx_kl            | 0.000114105875 |
|    clip_fraction        | 0.00117        |
|    clip_range           | 0.2            |
|    entropy_loss         | -0.025         |
|    explained_variance   | 0.273          |
|    learning_rate        | 0.0003         |
|    loss                 | 4.68           |
|    n_updates            | 3080           |
|    policy_gradient_loss | -0.000124      |
|    value_loss           | 14.7           |
--------------------------------------------
  step  475095/500000 ( 95.0%)  mean_rew=-0.005
------------------------------------------
| time/                   |              |
|    fps                  | 633          |
|    iterations           | 113          |
|    time_elapsed         | 273          |
|    total_timesteps      | 476160       |
| train/                  |              |
|    approx_kl            | 5.619484e-06 |
|    clip_fraction        | 0            |
|    clip_range           | 0.2          |
|    entropy_loss         | -0.0237      |
|    explained_variance   | 0.355        |
|    learning_rate        | 0.0003       |
|    loss                 | 7.1          |
|    n_updates            | 3090         |
|    policy_gradient_loss | -7.34e-06    |
|    value_loss           | 16.3         |
------------------------------------------
-------------------------------------------
| time/                   |               |
|    fps                  | 634           |
|    iterations           | 114           |
|    time_elapsed         | 275           |
|    total_timesteps      | 477696        |
| train/                  |               |
|    approx_kl            | 2.7939017e-05 |
|    clip_fraction        | 0.000716      |
|    clip_range           | 0.2           |
|    entropy_loss         | -0.0213       |
|    explained_variance   | 0.334         |
|    learning_rate        | 0.0003        |
|    loss                 | 5.18          |
|    n_updates            | 3100          |
|    policy_gradient_loss | -8.52e-05     |
|    value_loss           | 21.7          |
-------------------------------------------
-------------------------------------------
| time/                   |               |
|    fps                  | 635           |
|    iterations           | 115           |
|    time_elapsed         | 278           |
|    total_timesteps      | 479232        |
| train/                  |               |
|    approx_kl            | 5.1971332e-05 |
|    clip_fraction        | 0.000977      |
|    clip_range           | 0.2           |
|    entropy_loss         | -0.0189       |
|    explained_variance   | 0.764         |
|    learning_rate        | 0.0003        |
|    loss                 | 0.606         |
|    n_updates            | 3110          |
|    policy_gradient_loss | -0.000135     |
|    value_loss           | 1.47          |
-------------------------------------------
  step  480096/500000 ( 96.0%)  mean_rew=-0.012
-------------------------------------------
| time/                   |               |
|    fps                  | 635           |
|    iterations           | 116           |
|    time_elapsed         | 280           |
|    total_timesteps      | 480768        |
| train/                  |               |
|    approx_kl            | 1.0393172e-06 |
|    clip_fraction        | 0             |
|    clip_range           | 0.2           |
|    entropy_loss         | -0.0202       |
|    explained_variance   | 0.509         |
|    learning_rate        | 0.0003        |
|    loss                 | 1.12          |
|    n_updates            | 3120          |
|    policy_gradient_loss | 6.81e-06      |
|    value_loss           | 9.46          |
-------------------------------------------
-------------------------------------------
| time/                   |               |
|    fps                  | 636           |
|    iterations           | 117           |
|    time_elapsed         | 282           |
|    total_timesteps      | 482304        |
| train/                  |               |
|    approx_kl            | 6.0461578e-05 |
|    clip_fraction        | 0.000391      |
|    clip_range           | 0.2           |
|    entropy_loss         | -0.0196       |
|    explained_variance   | 0.717         |
|    learning_rate        | 0.0003        |
|    loss                 | 1.17          |
|    n_updates            | 3130          |
|    policy_gradient_loss | 2.05e-05      |
|    value_loss           | 2.12          |
-------------------------------------------
-------------------------------------------
| time/                   |               |
|    fps                  | 635           |
|    iterations           | 118           |
|    time_elapsed         | 285           |
|    total_timesteps      | 483840        |
| train/                  |               |
|    approx_kl            | 3.8353377e-05 |
|    clip_fraction        | 0.000716      |
|    clip_range           | 0.2           |
|    entropy_loss         | -0.0194       |
|    explained_variance   | 0.813         |
|    learning_rate        | 0.0003        |
|    loss                 | 0.141         |
|    n_updates            | 3140          |
|    policy_gradient_loss | -0.000127     |
|    value_loss           | 0.59          |
-------------------------------------------
  step  485097/500000 ( 97.0%)  mean_rew=-0.010
-----------------------------------------
| time/                   |             |
|    fps                  | 635         |
|    iterations           | 119         |
|    time_elapsed         | 287         |
|    total_timesteps      | 485376      |
| train/                  |             |
|    approx_kl            | 2.92263e-05 |
|    clip_fraction        | 0           |
|    clip_range           | 0.2         |
|    entropy_loss         | -0.017      |
|    explained_variance   | 0.698       |
|    learning_rate        | 0.0003      |
|    loss                 | 206         |
|    n_updates            | 3150        |
|    policy_gradient_loss | -9.47e-05   |
|    value_loss           | 501         |
-----------------------------------------
-------------------------------------------
| time/                   |               |
|    fps                  | 634           |
|    iterations           | 120           |
|    time_elapsed         | 290           |
|    total_timesteps      | 486912        |
| train/                  |               |
|    approx_kl            | 1.3444999e-05 |
|    clip_fraction        | 0             |
|    clip_range           | 0.2           |
|    entropy_loss         | -0.0166       |
|    explained_variance   | 0.796         |
|    learning_rate        | 0.0003        |
|    loss                 | 34.4          |
|    n_updates            | 3160          |
|    policy_gradient_loss | -2.09e-05     |
|    value_loss           | 130           |
-------------------------------------------
-------------------------------------------
| time/                   |               |
|    fps                  | 634           |
|    iterations           | 121           |
|    time_elapsed         | 292           |
|    total_timesteps      | 488448        |
| train/                  |               |
|    approx_kl            | 1.7428576e-05 |
|    clip_fraction        | 0             |
|    clip_range           | 0.2           |
|    entropy_loss         | -0.0148       |
|    explained_variance   | 0.748         |
|    learning_rate        | 0.0003        |
|    loss                 | 243           |
|    n_updates            | 3170          |
|    policy_gradient_loss | -0.000175     |
|    value_loss           | 693           |
-------------------------------------------
-------------------------------------------
| time/                   |               |
|    fps                  | 635           |
|    iterations           | 122           |
|    time_elapsed         | 294           |
|    total_timesteps      | 489984        |
| train/                  |               |
|    approx_kl            | 5.9075733e-06 |
|    clip_fraction        | 0             |
|    clip_range           | 0.2           |
|    entropy_loss         | -0.0153       |
|    explained_variance   | 0.112         |
|    learning_rate        | 0.0003        |
|    loss                 | 6.95          |
|    n_updates            | 3180          |
|    policy_gradient_loss | -1.19e-05     |
|    value_loss           | 25.3          |
-------------------------------------------
  step  490098/500000 ( 98.0%)  mean_rew=-0.005
-------------------------------------------
| time/                   |               |
|    fps                  | 635           |
|    iterations           | 123           |
|    time_elapsed         | 297           |
|    total_timesteps      | 491520        |
| train/                  |               |
|    approx_kl            | 3.2213477e-05 |
|    clip_fraction        | 0             |
|    clip_range           | 0.2           |
|    entropy_loss         | -0.0156       |
|    explained_variance   | 0.269         |
|    learning_rate        | 0.0003        |
|    loss                 | 6.63          |
|    n_updates            | 3190          |
|    policy_gradient_loss | -1.1e-05      |
|    value_loss           | 13.5          |
-------------------------------------------
-------------------------------------------
| time/                   |               |
|    fps                  | 636           |
|    iterations           | 124           |
|    time_elapsed         | 299           |
|    total_timesteps      | 493056        |
| train/                  |               |
|    approx_kl            | 7.0219474e-05 |
|    clip_fraction        | 0.000586      |
|    clip_range           | 0.2           |
|    entropy_loss         | -0.0129       |
|    explained_variance   | 0.382         |
|    learning_rate        | 0.0003        |
|    loss                 | 1.11          |
|    n_updates            | 3200          |
|    policy_gradient_loss | -5.12e-05     |
|    value_loss           | 22.2          |
-------------------------------------------
-------------------------------------------
| time/                   |               |
|    fps                  | 635           |
|    iterations           | 125           |
|    time_elapsed         | 302           |
|    total_timesteps      | 494592        |
| train/                  |               |
|    approx_kl            | 0.00014052591 |
|    clip_fraction        | 0.000326      |
|    clip_range           | 0.2           |
|    entropy_loss         | -0.0135       |
|    explained_variance   | 0.769         |
|    learning_rate        | 0.0003        |
|    loss                 | 0.606         |
|    n_updates            | 3210          |
|    policy_gradient_loss | -2.91e-05     |
|    value_loss           | 1.44          |
-------------------------------------------
  step  495099/500000 ( 99.0%)  mean_rew=-0.013
-------------------------------------------
| time/                   |               |
|    fps                  | 635           |
|    iterations           | 126           |
|    time_elapsed         | 304           |
|    total_timesteps      | 496128        |
| train/                  |               |
|    approx_kl            | 3.8821057e-05 |
|    clip_fraction        | 0             |
|    clip_range           | 0.2           |
|    entropy_loss         | -0.0189       |
|    explained_variance   | 0.781         |
|    learning_rate        | 0.0003        |
|    loss                 | 281           |
|    n_updates            | 3220          |
|    policy_gradient_loss | -9.66e-05     |
|    value_loss           | 572           |
-------------------------------------------
------------------------------------------
| time/                   |              |
|    fps                  | 635          |
|    iterations           | 127          |
|    time_elapsed         | 306          |
|    total_timesteps      | 497664       |
| train/                  |              |
|    approx_kl            | 1.860313e-05 |
|    clip_fraction        | 0            |
|    clip_range           | 0.2          |
|    entropy_loss         | -0.0215      |
|    explained_variance   | 0.838        |
|    learning_rate        | 0.0003       |
|    loss                 | 55.4         |
|    n_updates            | 3230         |
|    policy_gradient_loss | -2.64e-05    |
|    value_loss           | 144          |
------------------------------------------
-------------------------------------------
| time/                   |               |
|    fps                  | 636           |
|    iterations           | 128           |
|    time_elapsed         | 308           |
|    total_timesteps      | 499200        |
| train/                  |               |
|    approx_kl            | 1.4263981e-05 |
|    clip_fraction        | 0.00189       |
|    clip_range           | 0.2           |
|    entropy_loss         | -0.0296       |
|    explained_variance   | 0.735         |
|    learning_rate        | 0.0003        |
|    loss                 | 0.642         |
|    n_updates            | 3240          |
|    policy_gradient_loss | -0.0002       |
|    value_loss           | 1.77          |
-------------------------------------------
  step  500100/500000 (100.0%)  mean_rew=-0.019
-------------------------------------------
| time/                   |               |
|    fps                  | 636           |
|    iterations           | 129           |
|    time_elapsed         | 311           |
|    total_timesteps      | 500736        |
| train/                  |               |
|    approx_kl            | 0.00029500131 |
|    clip_fraction        | 0.00176       |
|    clip_range           | 0.2           |
|    entropy_loss         | -0.0305       |
|    explained_variance   | 0.412         |
|    learning_rate        | 0.0003        |
|    loss                 | 6.3           |
|    n_updates            | 3250          |
|    policy_gradient_loss | -6.11e-05     |
|    value_loss           | 6.87          |
-------------------------------------------
------------------------------------------
| time/                   |              |
|    fps                  | 636          |
|    iterations           | 130          |
|    time_elapsed         | 313          |
|    total_timesteps      | 502272       |
| train/                  |              |
|    approx_kl            | 9.231459e-05 |
|    clip_fraction        | 0.00286      |
|    clip_range           | 0.2          |
|    entropy_loss         | -0.0441      |
|    explained_variance   | 0.324        |
|    learning_rate        | 0.0003       |
|    loss                 | 15.3         |
|    n_updates            | 3260         |
|    policy_gradient_loss | -0.000116    |
|    value_loss           | 34.7         |
------------------------------------------
-------------------------------------------
| time/                   |               |
|    fps                  | 635           |
|    iterations           | 131           |
|    time_elapsed         | 316           |
|    total_timesteps      | 503808        |
| train/                  |               |
|    approx_kl            | 4.4286717e-06 |
|    clip_fraction        | 0             |
|    clip_range           | 0.2           |
|    entropy_loss         | -0.043        |
|    explained_variance   | 0.795         |
|    learning_rate        | 0.0003        |
|    loss                 | 236           |
|    n_updates            | 3270          |
|    policy_gradient_loss | -5.15e-05     |
|    value_loss           | 453           |
-------------------------------------------
  Stage 4 saved -> cologne3_ppo_stage4_100pct.zip

[cologne3-PPO] Curriculum done.
  Final model -> /workspace/rl-traffic/exp_cologne3_curr/ppo_wait-clip_s314/cologne3_ppo_final_model.zip
  Total steps : 500000
