Using libsumo as traci as requested by environment variable.
=================================================================
  train_cologne_curriculum — cologne3 — PPO
  reward=queue  seed=123  total_steps=500000
  Curriculum stages:
    Stage 1:  25% demand    75000 steps
    Stage 2:  50% demand   100000 steps
    Stage 3:  75% demand   125000 steps
    Stage 4: 100% demand   200000 steps
  save_dir: /workspace/rl-traffic/exp_cologne3_curr/ppo_queue_s123
=================================================================
  [route] cologne3_25pct.rou.xml da co.
  [route] cologne3_50pct.rou.xml da co.
  [route] cologne3_75pct.rou.xml da co.

  n_agents=3 | obs=(7,) | act=Discrete(3)
Using cpu device

────────────────────────────────────────────────────────────
  Stage 1/4  25% demand  75000 steps  (cumulative -> 75000)
  Route: cologne3_25pct.rou.xml
────────────────────────────────────────────────────────────
-----------------------------
| time/              |      |
|    fps             | 1491 |
|    iterations      | 1    |
|    time_elapsed    | 1    |
|    total_timesteps | 1536 |
-----------------------------
-----------------------------------------
| time/                   |             |
|    fps                  | 1169        |
|    iterations           | 2           |
|    time_elapsed         | 2           |
|    total_timesteps      | 3072        |
| train/                  |             |
|    approx_kl            | 0.008375127 |
|    clip_fraction        | 0.014       |
|    clip_range           | 0.2         |
|    entropy_loss         | -1.09       |
|    explained_variance   | -2.16       |
|    learning_rate        | 0.0003      |
|    loss                 | -0.00257    |
|    n_updates            | 10          |
|    policy_gradient_loss | -0.00443    |
|    value_loss           | 0.000403    |
-----------------------------------------
-----------------------------------------
| time/                   |             |
|    fps                  | 1131        |
|    iterations           | 3           |
|    time_elapsed         | 4           |
|    total_timesteps      | 4608        |
| train/                  |             |
|    approx_kl            | 0.010290219 |
|    clip_fraction        | 0.0685      |
|    clip_range           | 0.2         |
|    entropy_loss         | -1.09       |
|    explained_variance   | 0.754       |
|    learning_rate        | 0.0003      |
|    loss                 | -0.0168     |
|    n_updates            | 20          |
|    policy_gradient_loss | -0.00864    |
|    value_loss           | 0.000266    |
-----------------------------------------
  step    5001/500000 (  1.0%)  mean_rew=-0.001
-----------------------------------------
| time/                   |             |
|    fps                  | 1082        |
|    iterations           | 4           |
|    time_elapsed         | 5           |
|    total_timesteps      | 6144        |
| train/                  |             |
|    approx_kl            | 0.009983885 |
|    clip_fraction        | 0.0409      |
|    clip_range           | 0.2         |
|    entropy_loss         | -1.07       |
|    explained_variance   | 0.913       |
|    learning_rate        | 0.0003      |
|    loss                 | -0.00904    |
|    n_updates            | 30          |
|    policy_gradient_loss | -0.00554    |
|    value_loss           | 8.57e-05    |
-----------------------------------------
-----------------------------------------
| time/                   |             |
|    fps                  | 1070        |
|    iterations           | 5           |
|    time_elapsed         | 7           |
|    total_timesteps      | 7680        |
| train/                  |             |
|    approx_kl            | 0.010343031 |
|    clip_fraction        | 0.129       |
|    clip_range           | 0.2         |
|    entropy_loss         | -1.05       |
|    explained_variance   | 0.899       |
|    learning_rate        | 0.0003      |
|    loss                 | -0.0184     |
|    n_updates            | 40          |
|    policy_gradient_loss | -0.0121     |
|    value_loss           | 9.36e-05    |
-----------------------------------------
-----------------------------------------
| time/                   |             |
|    fps                  | 1069        |
|    iterations           | 6           |
|    time_elapsed         | 8           |
|    total_timesteps      | 9216        |
| train/                  |             |
|    approx_kl            | 0.009450062 |
|    clip_fraction        | 0.0773      |
|    clip_range           | 0.2         |
|    entropy_loss         | -1.02       |
|    explained_variance   | 0.903       |
|    learning_rate        | 0.0003      |
|    loss                 | -0.0266     |
|    n_updates            | 50          |
|    policy_gradient_loss | -0.0082     |
|    value_loss           | 7.92e-05    |
-----------------------------------------
  step   10002/500000 (  2.0%)  mean_rew=-0.001
-----------------------------------------
| time/                   |             |
|    fps                  | 1071        |
|    iterations           | 7           |
|    time_elapsed         | 10          |
|    total_timesteps      | 10752       |
| train/                  |             |
|    approx_kl            | 0.011085137 |
|    clip_fraction        | 0.0663      |
|    clip_range           | 0.2         |
|    entropy_loss         | -0.98       |
|    explained_variance   | 0.914       |
|    learning_rate        | 0.0003      |
|    loss                 | -0.000349   |
|    n_updates            | 60          |
|    policy_gradient_loss | -0.00784    |
|    value_loss           | 6.35e-05    |
-----------------------------------------
-----------------------------------------
| time/                   |             |
|    fps                  | 1056        |
|    iterations           | 8           |
|    time_elapsed         | 11          |
|    total_timesteps      | 12288       |
| train/                  |             |
|    approx_kl            | 0.010642094 |
|    clip_fraction        | 0.0827      |
|    clip_range           | 0.2         |
|    entropy_loss         | -0.937      |
|    explained_variance   | 0.938       |
|    learning_rate        | 0.0003      |
|    loss                 | -0.0246     |
|    n_updates            | 70          |
|    policy_gradient_loss | -0.00868    |
|    value_loss           | 4.62e-05    |
-----------------------------------------
-----------------------------------------
| time/                   |             |
|    fps                  | 1035        |
|    iterations           | 9           |
|    time_elapsed         | 13          |
|    total_timesteps      | 13824       |
| train/                  |             |
|    approx_kl            | 0.008009293 |
|    clip_fraction        | 0.0325      |
|    clip_range           | 0.2         |
|    entropy_loss         | -0.878      |
|    explained_variance   | 0.913       |
|    learning_rate        | 0.0003      |
|    loss                 | -0.00208    |
|    n_updates            | 80          |
|    policy_gradient_loss | -0.00356    |
|    value_loss           | 5.58e-05    |
-----------------------------------------
  step   15003/500000 (  3.0%)  mean_rew=-0.000
-----------------------------------------
| time/                   |             |
|    fps                  | 1041        |
|    iterations           | 10          |
|    time_elapsed         | 14          |
|    total_timesteps      | 15360       |
| train/                  |             |
|    approx_kl            | 0.005794046 |
|    clip_fraction        | 0.0118      |
|    clip_range           | 0.2         |
|    entropy_loss         | -0.854      |
|    explained_variance   | 0.932       |
|    learning_rate        | 0.0003      |
|    loss                 | -0.013      |
|    n_updates            | 90          |
|    policy_gradient_loss | -0.00206    |
|    value_loss           | 3.91e-05    |
-----------------------------------------
-----------------------------------------
| time/                   |             |
|    fps                  | 1047        |
|    iterations           | 11          |
|    time_elapsed         | 16          |
|    total_timesteps      | 16896       |
| train/                  |             |
|    approx_kl            | 0.010806151 |
|    clip_fraction        | 0.0697      |
|    clip_range           | 0.2         |
|    entropy_loss         | -0.824      |
|    explained_variance   | 0.919       |
|    learning_rate        | 0.0003      |
|    loss                 | -0.00778    |
|    n_updates            | 100         |
|    policy_gradient_loss | -0.00553    |
|    value_loss           | 4.27e-05    |
-----------------------------------------
----------------------------------------
| time/                   |            |
|    fps                  | 1049       |
|    iterations           | 12         |
|    time_elapsed         | 17         |
|    total_timesteps      | 18432      |
| train/                  |            |
|    approx_kl            | 0.01098355 |
|    clip_fraction        | 0.13       |
|    clip_range           | 0.2        |
|    entropy_loss         | -0.745     |
|    explained_variance   | 0.925      |
|    learning_rate        | 0.0003     |
|    loss                 | -0.0344    |
|    n_updates            | 110        |
|    policy_gradient_loss | -0.0135    |
|    value_loss           | 3.86e-05   |
----------------------------------------
-----------------------------------------
| time/                   |             |
|    fps                  | 1052        |
|    iterations           | 13          |
|    time_elapsed         | 18          |
|    total_timesteps      | 19968       |
| train/                  |             |
|    approx_kl            | 0.005999107 |
|    clip_fraction        | 0.0767      |
|    clip_range           | 0.2         |
|    entropy_loss         | -0.695      |
|    explained_variance   | 0.907       |
|    learning_rate        | 0.0003      |
|    loss                 | -0.0127     |
|    n_updates            | 120         |
|    policy_gradient_loss | -0.0056     |
|    value_loss           | 4.27e-05    |
-----------------------------------------
  step   20004/500000 (  4.0%)  mean_rew=-0.000
-----------------------------------------
| time/                   |             |
|    fps                  | 1056        |
|    iterations           | 14          |
|    time_elapsed         | 20          |
|    total_timesteps      | 21504       |
| train/                  |             |
|    approx_kl            | 0.005741417 |
|    clip_fraction        | 0.054       |
|    clip_range           | 0.2         |
|    entropy_loss         | -0.624      |
|    explained_variance   | 0.918       |
|    learning_rate        | 0.0003      |
|    loss                 | -0.0178     |
|    n_updates            | 130         |
|    policy_gradient_loss | -0.00457    |
|    value_loss           | 3.2e-05     |
-----------------------------------------
------------------------------------------
| time/                   |              |
|    fps                  | 1053         |
|    iterations           | 15           |
|    time_elapsed         | 21           |
|    total_timesteps      | 23040        |
| train/                  |              |
|    approx_kl            | 0.0022858272 |
|    clip_fraction        | 0.0162       |
|    clip_range           | 0.2          |
|    entropy_loss         | -0.585       |
|    explained_variance   | 0.962        |
|    learning_rate        | 0.0003       |
|    loss                 | -0.00157     |
|    n_updates            | 140          |
|    policy_gradient_loss | -0.00107     |
|    value_loss           | 1.41e-05     |
------------------------------------------
------------------------------------------
| time/                   |              |
|    fps                  | 1054         |
|    iterations           | 16           |
|    time_elapsed         | 23           |
|    total_timesteps      | 24576        |
| train/                  |              |
|    approx_kl            | 0.0048787757 |
|    clip_fraction        | 0.0689       |
|    clip_range           | 0.2          |
|    entropy_loss         | -0.513       |
|    explained_variance   | 0.909        |
|    learning_rate        | 0.0003       |
|    loss                 | -0.0015      |
|    n_updates            | 150          |
|    policy_gradient_loss | -0.00556     |
|    value_loss           | 3.55e-05     |
------------------------------------------
  step   25005/500000 (  5.0%)  mean_rew=-0.000
------------------------------------------
| time/                   |              |
|    fps                  | 1056         |
|    iterations           | 17           |
|    time_elapsed         | 24           |
|    total_timesteps      | 26112        |
| train/                  |              |
|    approx_kl            | 0.0014104258 |
|    clip_fraction        | 0.0145       |
|    clip_range           | 0.2          |
|    entropy_loss         | -0.494       |
|    explained_variance   | 0.897        |
|    learning_rate        | 0.0003       |
|    loss                 | -0.000774    |
|    n_updates            | 160          |
|    policy_gradient_loss | -0.00117     |
|    value_loss           | 3.5e-05      |
------------------------------------------
------------------------------------------
| time/                   |              |
|    fps                  | 1059         |
|    iterations           | 18           |
|    time_elapsed         | 26           |
|    total_timesteps      | 27648        |
| train/                  |              |
|    approx_kl            | 0.0022469424 |
|    clip_fraction        | 0.0351       |
|    clip_range           | 0.2          |
|    entropy_loss         | -0.462       |
|    explained_variance   | 0.921        |
|    learning_rate        | 0.0003       |
|    loss                 | 0.0016       |
|    n_updates            | 170          |
|    policy_gradient_loss | -0.00232     |
|    value_loss           | 2.3e-05      |
------------------------------------------
----------------------------------------
| time/                   |            |
|    fps                  | 1059       |
|    iterations           | 19         |
|    time_elapsed         | 27         |
|    total_timesteps      | 29184      |
| train/                  |            |
|    approx_kl            | 0.00175652 |
|    clip_fraction        | 0.0223     |
|    clip_range           | 0.2        |
|    entropy_loss         | -0.433     |
|    explained_variance   | 0.948      |
|    learning_rate        | 0.0003     |
|    loss                 | 0.00371    |
|    n_updates            | 180        |
|    policy_gradient_loss | -0.00137   |
|    value_loss           | 1.46e-05   |
----------------------------------------
  step   30006/500000 (  6.0%)  mean_rew=-0.000
------------------------------------------
| time/                   |              |
|    fps                  | 1061         |
|    iterations           | 20           |
|    time_elapsed         | 28           |
|    total_timesteps      | 30720        |
| train/                  |              |
|    approx_kl            | 0.0025169377 |
|    clip_fraction        | 0.0187       |
|    clip_range           | 0.2          |
|    entropy_loss         | -0.403       |
|    explained_variance   | 0.896        |
|    learning_rate        | 0.0003       |
|    loss                 | -0.00716     |
|    n_updates            | 190          |
|    policy_gradient_loss | -0.00205     |
|    value_loss           | 2.58e-05     |
------------------------------------------
------------------------------------------
| time/                   |              |
|    fps                  | 1063         |
|    iterations           | 21           |
|    time_elapsed         | 30           |
|    total_timesteps      | 32256        |
| train/                  |              |
|    approx_kl            | 0.0012770693 |
|    clip_fraction        | 0.0135       |
|    clip_range           | 0.2          |
|    entropy_loss         | -0.4         |
|    explained_variance   | 0.892        |
|    learning_rate        | 0.0003       |
|    loss                 | -0.000612    |
|    n_updates            | 200          |
|    policy_gradient_loss | -0.000935    |
|    value_loss           | 2.3e-05      |
------------------------------------------
------------------------------------------
| time/                   |              |
|    fps                  | 1063         |
|    iterations           | 22           |
|    time_elapsed         | 31           |
|    total_timesteps      | 33792        |
| train/                  |              |
|    approx_kl            | 0.0023210295 |
|    clip_fraction        | 0.0376       |
|    clip_range           | 0.2          |
|    entropy_loss         | -0.398       |
|    explained_variance   | 0.937        |
|    learning_rate        | 0.0003       |
|    loss                 | -0.00253     |
|    n_updates            | 210          |
|    policy_gradient_loss | -0.00469     |
|    value_loss           | 1.06e-05     |
------------------------------------------
  step   35007/500000 (  7.0%)  mean_rew=-0.000
-----------------------------------------
| time/                   |             |
|    fps                  | 1063        |
|    iterations           | 23          |
|    time_elapsed         | 33          |
|    total_timesteps      | 35328       |
| train/                  |             |
|    approx_kl            | 0.002167844 |
|    clip_fraction        | 0.019       |
|    clip_range           | 0.2         |
|    entropy_loss         | -0.375      |
|    explained_variance   | 0.876       |
|    learning_rate        | 0.0003      |
|    loss                 | 0.000581    |
|    n_updates            | 220         |
|    policy_gradient_loss | -0.00184    |
|    value_loss           | 2.33e-05    |
-----------------------------------------
-------------------------------------------
| time/                   |               |
|    fps                  | 1065          |
|    iterations           | 24            |
|    time_elapsed         | 34            |
|    total_timesteps      | 36864         |
| train/                  |               |
|    approx_kl            | 0.00089905784 |
|    clip_fraction        | 0.00664       |
|    clip_range           | 0.2           |
|    entropy_loss         | -0.357        |
|    explained_variance   | 0.878         |
|    learning_rate        | 0.0003        |
|    loss                 | -0.00197      |
|    n_updates            | 230           |
|    policy_gradient_loss | -0.000468     |
|    value_loss           | 1.91e-05      |
-------------------------------------------
------------------------------------------
| time/                   |              |
|    fps                  | 1066         |
|    iterations           | 25           |
|    time_elapsed         | 35           |
|    total_timesteps      | 38400        |
| train/                  |              |
|    approx_kl            | 0.0019035867 |
|    clip_fraction        | 0.0202       |
|    clip_range           | 0.2          |
|    entropy_loss         | -0.35        |
|    explained_variance   | 0.889        |
|    learning_rate        | 0.0003       |
|    loss                 | -0.00532     |
|    n_updates            | 240          |
|    policy_gradient_loss | -0.00164     |
|    value_loss           | 1.79e-05     |
------------------------------------------
------------------------------------------
| time/                   |              |
|    fps                  | 1066         |
|    iterations           | 26           |
|    time_elapsed         | 37           |
|    total_timesteps      | 39936        |
| train/                  |              |
|    approx_kl            | 0.0012808918 |
|    clip_fraction        | 0.0178       |
|    clip_range           | 0.2          |
|    entropy_loss         | -0.321       |
|    explained_variance   | 0.913        |
|    learning_rate        | 0.0003       |
|    loss                 | -0.000295    |
|    n_updates            | 250          |
|    policy_gradient_loss | -0.00222     |
|    value_loss           | 1.39e-05     |
------------------------------------------
  step   40008/500000 (  8.0%)  mean_rew=-0.000
-----------------------------------------
| time/                   |             |
|    fps                  | 1067        |
|    iterations           | 27          |
|    time_elapsed         | 38          |
|    total_timesteps      | 41472       |
| train/                  |             |
|    approx_kl            | 0.001980764 |
|    clip_fraction        | 0.0495      |
|    clip_range           | 0.2         |
|    entropy_loss         | -0.29       |
|    explained_variance   | 0.861       |
|    learning_rate        | 0.0003      |
|    loss                 | -0.00441    |
|    n_updates            | 260         |
|    policy_gradient_loss | -0.00434    |
|    value_loss           | 2.32e-05    |
-----------------------------------------
------------------------------------------
| time/                   |              |
|    fps                  | 1069         |
|    iterations           | 28           |
|    time_elapsed         | 40           |
|    total_timesteps      | 43008        |
| train/                  |              |
|    approx_kl            | 0.0010153571 |
|    clip_fraction        | 0.0187       |
|    clip_range           | 0.2          |
|    entropy_loss         | -0.269       |
|    explained_variance   | 0.883        |
|    learning_rate        | 0.0003       |
|    loss                 | 0.00196      |
|    n_updates            | 270          |
|    policy_gradient_loss | -0.00133     |
|    value_loss           | 1.86e-05     |
------------------------------------------
------------------------------------------
| time/                   |              |
|    fps                  | 1069         |
|    iterations           | 29           |
|    time_elapsed         | 41           |
|    total_timesteps      | 44544        |
| train/                  |              |
|    approx_kl            | 0.0014803658 |
|    clip_fraction        | 0.0189       |
|    clip_range           | 0.2          |
|    entropy_loss         | -0.26        |
|    explained_variance   | 0.919        |
|    learning_rate        | 0.0003       |
|    loss                 | 0.00297      |
|    n_updates            | 280          |
|    policy_gradient_loss | -0.00135     |
|    value_loss           | 1.13e-05     |
------------------------------------------
  step   45009/500000 (  9.0%)  mean_rew=-0.000
------------------------------------------
| time/                   |              |
|    fps                  | 1069         |
|    iterations           | 30           |
|    time_elapsed         | 43           |
|    total_timesteps      | 46080        |
| train/                  |              |
|    approx_kl            | 0.0010807249 |
|    clip_fraction        | 0.0225       |
|    clip_range           | 0.2          |
|    entropy_loss         | -0.246       |
|    explained_variance   | 0.843        |
|    learning_rate        | 0.0003       |
|    loss                 | -0.00562     |
|    n_updates            | 290          |
|    policy_gradient_loss | -0.00256     |
|    value_loss           | 2.75e-05     |
------------------------------------------
------------------------------------------
| time/                   |              |
|    fps                  | 1070         |
|    iterations           | 31           |
|    time_elapsed         | 44           |
|    total_timesteps      | 47616        |
| train/                  |              |
|    approx_kl            | 0.0008674264 |
|    clip_fraction        | 0.00501      |
|    clip_range           | 0.2          |
|    entropy_loss         | -0.227       |
|    explained_variance   | 0.874        |
|    learning_rate        | 0.0003       |
|    loss                 | 0.00314      |
|    n_updates            | 300          |
|    policy_gradient_loss | -0.000414    |
|    value_loss           | 1.94e-05     |
------------------------------------------
------------------------------------------
| time/                   |              |
|    fps                  | 1071         |
|    iterations           | 32           |
|    time_elapsed         | 45           |
|    total_timesteps      | 49152        |
| train/                  |              |
|    approx_kl            | 0.0011454412 |
|    clip_fraction        | 0.0146       |
|    clip_range           | 0.2          |
|    entropy_loss         | -0.204       |
|    explained_variance   | 0.893        |
|    learning_rate        | 0.0003       |
|    loss                 | -0.00679     |
|    n_updates            | 310          |
|    policy_gradient_loss | -0.00117     |
|    value_loss           | 1.65e-05     |
------------------------------------------
  step   50010/500000 ( 10.0%)  mean_rew=-0.000
------------------------------------------
| time/                   |              |
|    fps                  | 1071         |
|    iterations           | 33           |
|    time_elapsed         | 47           |
|    total_timesteps      | 50688        |
| train/                  |              |
|    approx_kl            | 0.0009931421 |
|    clip_fraction        | 0.0132       |
|    clip_range           | 0.2          |
|    entropy_loss         | -0.204       |
|    explained_variance   | 0.943        |
|    learning_rate        | 0.0003       |
|    loss                 | 0.00354      |
|    n_updates            | 320          |
|    policy_gradient_loss | -0.00109     |
|    value_loss           | 8.16e-06     |
------------------------------------------
-------------------------------------------
| time/                   |               |
|    fps                  | 1071          |
|    iterations           | 34            |
|    time_elapsed         | 48            |
|    total_timesteps      | 52224         |
| train/                  |               |
|    approx_kl            | 0.00097542553 |
|    clip_fraction        | 0.0163        |
|    clip_range           | 0.2           |
|    entropy_loss         | -0.191        |
|    explained_variance   | 0.871         |
|    learning_rate        | 0.0003        |
|    loss                 | -0.00252      |
|    n_updates            | 330           |
|    policy_gradient_loss | -0.002        |
|    value_loss           | 1.88e-05      |
-------------------------------------------
------------------------------------------
| time/                   |              |
|    fps                  | 1073         |
|    iterations           | 35           |
|    time_elapsed         | 50           |
|    total_timesteps      | 53760        |
| train/                  |              |
|    approx_kl            | 0.0010245155 |
|    clip_fraction        | 0.0131       |
|    clip_range           | 0.2          |
|    entropy_loss         | -0.16        |
|    explained_variance   | 0.883        |
|    learning_rate        | 0.0003       |
|    loss                 | -0.00459     |
|    n_updates            | 340          |
|    policy_gradient_loss | -0.00118     |
|    value_loss           | 1.75e-05     |
------------------------------------------
  step   55011/500000 ( 11.0%)  mean_rew=-0.000
-------------------------------------------
| time/                   |               |
|    fps                  | 1073          |
|    iterations           | 36            |
|    time_elapsed         | 51            |
|    total_timesteps      | 55296         |
| train/                  |               |
|    approx_kl            | 0.00058086705 |
|    clip_fraction        | 0.00898       |
|    clip_range           | 0.2           |
|    entropy_loss         | -0.145        |
|    explained_variance   | 0.929         |
|    learning_rate        | 0.0003        |
|    loss                 | -0.00192      |
|    n_updates            | 350           |
|    policy_gradient_loss | -0.000781     |
|    value_loss           | 1.03e-05      |
-------------------------------------------
-------------------------------------------
| time/                   |               |
|    fps                  | 1073          |
|    iterations           | 37            |
|    time_elapsed         | 52            |
|    total_timesteps      | 56832         |
| train/                  |               |
|    approx_kl            | 0.00036200986 |
|    clip_fraction        | 0.00827       |
|    clip_range           | 0.2           |
|    entropy_loss         | -0.14         |
|    explained_variance   | 0.867         |
|    learning_rate        | 0.0003        |
|    loss                 | -0.00144      |
|    n_updates            | 360           |
|    policy_gradient_loss | -0.000496     |
|    value_loss           | 1.8e-05       |
-------------------------------------------
------------------------------------------
| time/                   |              |
|    fps                  | 1073         |
|    iterations           | 38           |
|    time_elapsed         | 54           |
|    total_timesteps      | 58368        |
| train/                  |              |
|    approx_kl            | 0.0014275018 |
|    clip_fraction        | 0.0176       |
|    clip_range           | 0.2          |
|    entropy_loss         | -0.139       |
|    explained_variance   | 0.875        |
|    learning_rate        | 0.0003       |
|    loss                 | -0.00244     |
|    n_updates            | 370          |
|    policy_gradient_loss | -0.0014      |
|    value_loss           | 1.43e-05     |
------------------------------------------
------------------------------------------
| time/                   |              |
|    fps                  | 1074         |
|    iterations           | 39           |
|    time_elapsed         | 55           |
|    total_timesteps      | 59904        |
| train/                  |              |
|    approx_kl            | 0.0008122904 |
|    clip_fraction        | 0.0111       |
|    clip_range           | 0.2          |
|    entropy_loss         | -0.153       |
|    explained_variance   | 0.868        |
|    learning_rate        | 0.0003       |
|    loss                 | -0.00187     |
|    n_updates            | 380          |
|    policy_gradient_loss | -0.00123     |
|    value_loss           | 1.36e-05     |
------------------------------------------
  step   60012/500000 ( 12.0%)  mean_rew=-0.000
------------------------------------------
| time/                   |              |
|    fps                  | 1074         |
|    iterations           | 40           |
|    time_elapsed         | 57           |
|    total_timesteps      | 61440        |
| train/                  |              |
|    approx_kl            | 0.0006882364 |
|    clip_fraction        | 0.0136       |
|    clip_range           | 0.2          |
|    entropy_loss         | -0.155       |
|    explained_variance   | 0.906        |
|    learning_rate        | 0.0003       |
|    loss                 | -0.00751     |
|    n_updates            | 390          |
|    policy_gradient_loss | -0.000966    |
|    value_loss           | 1.1e-05      |
------------------------------------------
------------------------------------------
| time/                   |              |
|    fps                  | 1074         |
|    iterations           | 41           |
|    time_elapsed         | 58           |
|    total_timesteps      | 62976        |
| train/                  |              |
|    approx_kl            | 0.0006363694 |
|    clip_fraction        | 0.00469      |
|    clip_range           | 0.2          |
|    entropy_loss         | -0.143       |
|    explained_variance   | 0.87         |
|    learning_rate        | 0.0003       |
|    loss                 | 0.000414     |
|    n_updates            | 400          |
|    policy_gradient_loss | -0.000656    |
|    value_loss           | 1.72e-05     |
------------------------------------------
-------------------------------------------
| time/                   |               |
|    fps                  | 1075          |
|    iterations           | 42            |
|    time_elapsed         | 59            |
|    total_timesteps      | 64512         |
| train/                  |               |
|    approx_kl            | 0.00056577515 |
|    clip_fraction        | 0.00462       |
|    clip_range           | 0.2           |
|    entropy_loss         | -0.124        |
|    explained_variance   | 0.854         |
|    learning_rate        | 0.0003        |
|    loss                 | -0.00457      |
|    n_updates            | 410           |
|    policy_gradient_loss | -0.000823     |
|    value_loss           | 1.86e-05      |
-------------------------------------------
  step   65013/500000 ( 13.0%)  mean_rew=-0.000
-------------------------------------------
| time/                   |               |
|    fps                  | 1075          |
|    iterations           | 43            |
|    time_elapsed         | 61            |
|    total_timesteps      | 66048         |
| train/                  |               |
|    approx_kl            | 0.00037508327 |
|    clip_fraction        | 0.00273       |
|    clip_range           | 0.2           |
|    entropy_loss         | -0.12         |
|    explained_variance   | 0.932         |
|    learning_rate        | 0.0003        |
|    loss                 | -0.000684     |
|    n_updates            | 420           |
|    policy_gradient_loss | -0.000172     |
|    value_loss           | 8.18e-06      |
-------------------------------------------
------------------------------------------
| time/                   |              |
|    fps                  | 1075         |
|    iterations           | 44           |
|    time_elapsed         | 62           |
|    total_timesteps      | 67584        |
| train/                  |              |
|    approx_kl            | 0.0003142172 |
|    clip_fraction        | 0.00534      |
|    clip_range           | 0.2          |
|    entropy_loss         | -0.121       |
|    explained_variance   | 0.86         |
|    learning_rate        | 0.0003       |
|    loss                 | 0.000354     |
|    n_updates            | 430          |
|    policy_gradient_loss | -0.000519    |
|    value_loss           | 1.86e-05     |
------------------------------------------
-------------------------------------------
| time/                   |               |
|    fps                  | 1074          |
|    iterations           | 45            |
|    time_elapsed         | 64            |
|    total_timesteps      | 69120         |
| train/                  |               |
|    approx_kl            | 0.00047003382 |
|    clip_fraction        | 0.00586       |
|    clip_range           | 0.2           |
|    entropy_loss         | -0.108        |
|    explained_variance   | 0.881         |
|    learning_rate        | 0.0003        |
|    loss                 | -0.00359      |
|    n_updates            | 440           |
|    policy_gradient_loss | -0.00107      |
|    value_loss           | 1.48e-05      |
-------------------------------------------
  step   70014/500000 ( 14.0%)  mean_rew=-0.000
-------------------------------------------
| time/                   |               |
|    fps                  | 1075          |
|    iterations           | 46            |
|    time_elapsed         | 65            |
|    total_timesteps      | 70656         |
| train/                  |               |
|    approx_kl            | 0.00046966202 |
|    clip_fraction        | 0.0113        |
|    clip_range           | 0.2           |
|    entropy_loss         | -0.0891       |
|    explained_variance   | 0.874         |
|    learning_rate        | 0.0003        |
|    loss                 | 0.0011        |
|    n_updates            | 450           |
|    policy_gradient_loss | -0.00103      |
|    value_loss           | 1.6e-05       |
-------------------------------------------
------------------------------------------
| time/                   |              |
|    fps                  | 1074         |
|    iterations           | 47           |
|    time_elapsed         | 67           |
|    total_timesteps      | 72192        |
| train/                  |              |
|    approx_kl            | 0.0004226994 |
|    clip_fraction        | 0.00319      |
|    clip_range           | 0.2          |
|    entropy_loss         | -0.08        |
|    explained_variance   | 0.944        |
|    learning_rate        | 0.0003       |
|    loss                 | 0.00248      |
|    n_updates            | 460          |
|    policy_gradient_loss | -0.000578    |
|    value_loss           | 6.89e-06     |
------------------------------------------
-------------------------------------------
| time/                   |               |
|    fps                  | 1075          |
|    iterations           | 48            |
|    time_elapsed         | 68            |
|    total_timesteps      | 73728         |
| train/                  |               |
|    approx_kl            | 0.00022220907 |
|    clip_fraction        | 0.00469       |
|    clip_range           | 0.2           |
|    entropy_loss         | -0.0676       |
|    explained_variance   | 0.874         |
|    learning_rate        | 0.0003        |
|    loss                 | -0.000915     |
|    n_updates            | 470           |
|    policy_gradient_loss | -0.000495     |
|    value_loss           | 1.68e-05      |
-------------------------------------------
  step   75015/500000 ( 15.0%)  mean_rew=-0.000
-----------------------------------------
| time/                   |             |
|    fps                  | 1075        |
|    iterations           | 49          |
|    time_elapsed         | 69          |
|    total_timesteps      | 75264       |
| train/                  |             |
|    approx_kl            | 0.000692415 |
|    clip_fraction        | 0.00768     |
|    clip_range           | 0.2         |
|    entropy_loss         | -0.0674     |
|    explained_variance   | 0.88        |
|    learning_rate        | 0.0003      |
|    loss                 | 0.000643    |
|    n_updates            | 480         |
|    policy_gradient_loss | -0.000828   |
|    value_loss           | 1.44e-05    |
-----------------------------------------
  Stage 1 saved -> cologne3_ppo_stage1_25pct.zip

────────────────────────────────────────────────────────────
  Stage 2/4  50% demand  100000 steps  (cumulative -> 175000)
  Route: cologne3_50pct.rou.xml
────────────────────────────────────────────────────────────
------------------------------
| time/              |       |
|    fps             | 1258  |
|    iterations      | 1     |
|    time_elapsed    | 1     |
|    total_timesteps | 76800 |
------------------------------
------------------------------------------
| time/                   |              |
|    fps                  | 1039         |
|    iterations           | 2            |
|    time_elapsed         | 2            |
|    total_timesteps      | 78336        |
| train/                  |              |
|    approx_kl            | 0.0002826516 |
|    clip_fraction        | 0.00397      |
|    clip_range           | 0.2          |
|    entropy_loss         | -0.0483      |
|    explained_variance   | 0.832        |
|    learning_rate        | 0.0003       |
|    loss                 | -2.71e-05    |
|    n_updates            | 500          |
|    policy_gradient_loss | -0.000429    |
|    value_loss           | 2.81e-05     |
------------------------------------------
-------------------------------------------
| time/                   |               |
|    fps                  | 1011          |
|    iterations           | 3             |
|    time_elapsed         | 4             |
|    total_timesteps      | 79872         |
| train/                  |               |
|    approx_kl            | 0.00017772459 |
|    clip_fraction        | 0.00508       |
|    clip_range           | 0.2           |
|    entropy_loss         | -0.0514       |
|    explained_variance   | 0.731         |
|    learning_rate        | 0.0003        |
|    loss                 | -0.00109      |
|    n_updates            | 510           |
|    policy_gradient_loss | -0.00051      |
|    value_loss           | 6.52e-05      |
-------------------------------------------
  step   80016/500000 ( 16.0%)  mean_rew=-0.001
------------------------------------------
| time/                   |              |
|    fps                  | 999          |
|    iterations           | 4            |
|    time_elapsed         | 6            |
|    total_timesteps      | 81408        |
| train/                  |              |
|    approx_kl            | 0.0003609734 |
|    clip_fraction        | 0.00521      |
|    clip_range           | 0.2          |
|    entropy_loss         | -0.0559      |
|    explained_variance   | 0.849        |
|    learning_rate        | 0.0003       |
|    loss                 | 0.00179      |
|    n_updates            | 520          |
|    policy_gradient_loss | -0.000501    |
|    value_loss           | 4.02e-05     |
------------------------------------------
------------------------------------------
| time/                   |              |
|    fps                  | 980          |
|    iterations           | 5            |
|    time_elapsed         | 7            |
|    total_timesteps      | 82944        |
| train/                  |              |
|    approx_kl            | 0.0004028175 |
|    clip_fraction        | 0.00651      |
|    clip_range           | 0.2          |
|    entropy_loss         | -0.0516      |
|    explained_variance   | 0.919        |
|    learning_rate        | 0.0003       |
|    loss                 | -0.00315     |
|    n_updates            | 530          |
|    policy_gradient_loss | -0.00033     |
|    value_loss           | 2e-05        |
------------------------------------------
------------------------------------------
| time/                   |              |
|    fps                  | 976          |
|    iterations           | 6            |
|    time_elapsed         | 9            |
|    total_timesteps      | 84480        |
| train/                  |              |
|    approx_kl            | 0.0007068662 |
|    clip_fraction        | 0.00313      |
|    clip_range           | 0.2          |
|    entropy_loss         | -0.0428      |
|    explained_variance   | 0.823        |
|    learning_rate        | 0.0003       |
|    loss                 | -0.000805    |
|    n_updates            | 540          |
|    policy_gradient_loss | -0.000594    |
|    value_loss           | 5.06e-05     |
------------------------------------------
  step   85017/500000 ( 17.0%)  mean_rew=-0.000
-------------------------------------------
| time/                   |               |
|    fps                  | 973           |
|    iterations           | 7             |
|    time_elapsed         | 11            |
|    total_timesteps      | 86016         |
| train/                  |               |
|    approx_kl            | 1.1292907e-05 |
|    clip_fraction        | 0             |
|    clip_range           | 0.2           |
|    entropy_loss         | -0.0416       |
|    explained_variance   | 0.853         |
|    learning_rate        | 0.0003        |
|    loss                 | -5.24e-05     |
|    n_updates            | 550           |
|    policy_gradient_loss | -9.94e-07     |
|    value_loss           | 4.69e-05      |
-------------------------------------------
----------------------------------------
| time/                   |            |
|    fps                  | 965        |
|    iterations           | 8          |
|    time_elapsed         | 12         |
|    total_timesteps      | 87552      |
| train/                  |            |
|    approx_kl            | 0.07348531 |
|    clip_fraction        | 0.0289     |
|    clip_range           | 0.2        |
|    entropy_loss         | -0.0785    |
|    explained_variance   | 0.911      |
|    learning_rate        | 0.0003     |
|    loss                 | -0.022     |
|    n_updates            | 560        |
|    policy_gradient_loss | -0.00484   |
|    value_loss           | 2.48e-05   |
----------------------------------------
------------------------------------------
| time/                   |              |
|    fps                  | 959          |
|    iterations           | 9            |
|    time_elapsed         | 14           |
|    total_timesteps      | 89088        |
| train/                  |              |
|    approx_kl            | 0.0033451302 |
|    clip_fraction        | 0.0414       |
|    clip_range           | 0.2          |
|    entropy_loss         | -0.19        |
|    explained_variance   | 0.837        |
|    learning_rate        | 0.0003       |
|    loss                 | 0.000252     |
|    n_updates            | 570          |
|    policy_gradient_loss | -0.00326     |
|    value_loss           | 6.8e-05      |
------------------------------------------
  step   90018/500000 ( 18.0%)  mean_rew=-0.000
------------------------------------------
| time/                   |              |
|    fps                  | 961          |
|    iterations           | 10           |
|    time_elapsed         | 15           |
|    total_timesteps      | 90624        |
| train/                  |              |
|    approx_kl            | 0.0007819507 |
|    clip_fraction        | 0.00286      |
|    clip_range           | 0.2          |
|    entropy_loss         | -0.166       |
|    explained_variance   | 0.848        |
|    learning_rate        | 0.0003       |
|    loss                 | 0.00162      |
|    n_updates            | 580          |
|    policy_gradient_loss | 0.000372     |
|    value_loss           | 6.86e-05     |
------------------------------------------
------------------------------------------
| time/                   |              |
|    fps                  | 960          |
|    iterations           | 11           |
|    time_elapsed         | 17           |
|    total_timesteps      | 92160        |
| train/                  |              |
|    approx_kl            | 0.0009101808 |
|    clip_fraction        | 0.0313       |
|    clip_range           | 0.2          |
|    entropy_loss         | -0.133       |
|    explained_variance   | 0.88         |
|    learning_rate        | 0.0003       |
|    loss                 | -0.00256     |
|    n_updates            | 590          |
|    policy_gradient_loss | -0.0017      |
|    value_loss           | 5.29e-05     |
------------------------------------------
-------------------------------------------
| time/                   |               |
|    fps                  | 956           |
|    iterations           | 12            |
|    time_elapsed         | 19            |
|    total_timesteps      | 93696         |
| train/                  |               |
|    approx_kl            | 0.00092962413 |
|    clip_fraction        | 0.00495       |
|    clip_range           | 0.2           |
|    entropy_loss         | -0.121        |
|    explained_variance   | 0.927         |
|    learning_rate        | 0.0003        |
|    loss                 | 0.00551       |
|    n_updates            | 600           |
|    policy_gradient_loss | 9.85e-06      |
|    value_loss           | 3.25e-05      |
-------------------------------------------
  step   95019/500000 ( 19.0%)  mean_rew=-0.001
-------------------------------------------
| time/                   |               |
|    fps                  | 956           |
|    iterations           | 13            |
|    time_elapsed         | 20            |
|    total_timesteps      | 95232         |
| train/                  |               |
|    approx_kl            | 4.1224335e-05 |
|    clip_fraction        | 0.00156       |
|    clip_range           | 0.2           |
|    entropy_loss         | -0.111        |
|    explained_variance   | 0.868         |
|    learning_rate        | 0.0003        |
|    loss                 | -0.000487     |
|    n_updates            | 610           |
|    policy_gradient_loss | 0.000226      |
|    value_loss           | 6.26e-05      |
-------------------------------------------
------------------------------------------
| time/                   |              |
|    fps                  | 956          |
|    iterations           | 14           |
|    time_elapsed         | 22           |
|    total_timesteps      | 96768        |
| train/                  |              |
|    approx_kl            | 2.875858e-05 |
|    clip_fraction        | 0.00449      |
|    clip_range           | 0.2          |
|    entropy_loss         | -0.108       |
|    explained_variance   | 0.857        |
|    learning_rate        | 0.0003       |
|    loss                 | 0.000522     |
|    n_updates            | 620          |
|    policy_gradient_loss | -8.19e-05    |
|    value_loss           | 6.65e-05     |
------------------------------------------
------------------------------------------
| time/                   |              |
|    fps                  | 953          |
|    iterations           | 15           |
|    time_elapsed         | 24           |
|    total_timesteps      | 98304        |
| train/                  |              |
|    approx_kl            | 0.0013948862 |
|    clip_fraction        | 0.0243       |
|    clip_range           | 0.2          |
|    entropy_loss         | -0.0878      |
|    explained_variance   | 0.917        |
|    learning_rate        | 0.0003       |
|    loss                 | -0.0061      |
|    n_updates            | 630          |
|    policy_gradient_loss | -0.00243     |
|    value_loss           | 3.49e-05     |
------------------------------------------
-------------------------------------------
| time/                   |               |
|    fps                  | 951           |
|    iterations           | 16            |
|    time_elapsed         | 25            |
|    total_timesteps      | 99840         |
| train/                  |               |
|    approx_kl            | 0.00035772703 |
|    clip_fraction        | 0.0026        |
|    clip_range           | 0.2           |
|    entropy_loss         | -0.0857       |
|    explained_variance   | 0.801         |
|    learning_rate        | 0.0003        |
|    loss                 | 0.000123      |
|    n_updates            | 640           |
|    policy_gradient_loss | 0.000118      |
|    value_loss           | 0.000105      |
-------------------------------------------
  step  100020/500000 ( 20.0%)  mean_rew=-0.000
-----------------------------------------
| time/                   |             |
|    fps                  | 951         |
|    iterations           | 17          |
|    time_elapsed         | 27          |
|    total_timesteps      | 101376      |
| train/                  |             |
|    approx_kl            | 0.000270456 |
|    clip_fraction        | 0.00378     |
|    clip_range           | 0.2         |
|    entropy_loss         | -0.0764     |
|    explained_variance   | 0.859       |
|    learning_rate        | 0.0003      |
|    loss                 | -0.00117    |
|    n_updates            | 650         |
|    policy_gradient_loss | -0.000263   |
|    value_loss           | 7.04e-05    |
-----------------------------------------
-------------------------------------------
| time/                   |               |
|    fps                  | 951           |
|    iterations           | 18            |
|    time_elapsed         | 29            |
|    total_timesteps      | 102912        |
| train/                  |               |
|    approx_kl            | 0.00060339464 |
|    clip_fraction        | 0.012         |
|    clip_range           | 0.2           |
|    entropy_loss         | -0.0611       |
|    explained_variance   | 0.892         |
|    learning_rate        | 0.0003        |
|    loss                 | 0.00194       |
|    n_updates            | 660           |
|    policy_gradient_loss | -0.00117      |
|    value_loss           | 5.02e-05      |
-------------------------------------------
-------------------------------------------
| time/                   |               |
|    fps                  | 949           |
|    iterations           | 19            |
|    time_elapsed         | 30            |
|    total_timesteps      | 104448        |
| train/                  |               |
|    approx_kl            | 6.8541696e-05 |
|    clip_fraction        | 0.00651       |
|    clip_range           | 0.2           |
|    entropy_loss         | -0.0702       |
|    explained_variance   | 0.92          |
|    learning_rate        | 0.0003        |
|    loss                 | 0.000556      |
|    n_updates            | 670           |
|    policy_gradient_loss | -0.000403     |
|    value_loss           | 3.61e-05      |
-------------------------------------------
  step  105021/500000 ( 21.0%)  mean_rew=-0.000
-----------------------------------------
| time/                   |             |
|    fps                  | 949         |
|    iterations           | 20          |
|    time_elapsed         | 32          |
|    total_timesteps      | 105984      |
| train/                  |             |
|    approx_kl            | 0.000389507 |
|    clip_fraction        | 0.0122      |
|    clip_range           | 0.2         |
|    entropy_loss         | -0.0568     |
|    explained_variance   | 0.842       |
|    learning_rate        | 0.0003      |
|    loss                 | -0.000466   |
|    n_updates            | 680         |
|    policy_gradient_loss | -0.0011     |
|    value_loss           | 7.84e-05    |
-----------------------------------------
------------------------------------------
| time/                   |              |
|    fps                  | 950          |
|    iterations           | 21           |
|    time_elapsed         | 33           |
|    total_timesteps      | 107520       |
| train/                  |              |
|    approx_kl            | 0.0003340478 |
|    clip_fraction        | 0.00449      |
|    clip_range           | 0.2          |
|    entropy_loss         | -0.0511      |
|    explained_variance   | 0.898        |
|    learning_rate        | 0.0003       |
|    loss                 | -0.00296     |
|    n_updates            | 690          |
|    policy_gradient_loss | -0.000275    |
|    value_loss           | 4.63e-05     |
------------------------------------------
------------------------------------------
| time/                   |              |
|    fps                  | 948          |
|    iterations           | 22           |
|    time_elapsed         | 35           |
|    total_timesteps      | 109056       |
| train/                  |              |
|    approx_kl            | 0.0003034001 |
|    clip_fraction        | 0.00723      |
|    clip_range           | 0.2          |
|    entropy_loss         | -0.0428      |
|    explained_variance   | 0.912        |
|    learning_rate        | 0.0003       |
|    loss                 | -7.42e-05    |
|    n_updates            | 700          |
|    policy_gradient_loss | -0.0017      |
|    value_loss           | 4.16e-05     |
------------------------------------------
  step  110022/500000 ( 22.0%)  mean_rew=-0.001
-------------------------------------------
| time/                   |               |
|    fps                  | 947           |
|    iterations           | 23            |
|    time_elapsed         | 37            |
|    total_timesteps      | 110592        |
| train/                  |               |
|    approx_kl            | 0.00012229325 |
|    clip_fraction        | 0.00117       |
|    clip_range           | 0.2           |
|    entropy_loss         | -0.0389       |
|    explained_variance   | 0.868         |
|    learning_rate        | 0.0003        |
|    loss                 | 4.31e-05      |
|    n_updates            | 710           |
|    policy_gradient_loss | -0.000153     |
|    value_loss           | 6.5e-05       |
-------------------------------------------
-------------------------------------------
| time/                   |               |
|    fps                  | 947           |
|    iterations           | 24            |
|    time_elapsed         | 38            |
|    total_timesteps      | 112128        |
| train/                  |               |
|    approx_kl            | 0.00032858222 |
|    clip_fraction        | 0.00553       |
|    clip_range           | 0.2           |
|    entropy_loss         | -0.0414       |
|    explained_variance   | 0.849         |
|    learning_rate        | 0.0003        |
|    loss                 | 0.000179      |
|    n_updates            | 720           |
|    policy_gradient_loss | -0.000846     |
|    value_loss           | 7.59e-05      |
-------------------------------------------
------------------------------------------
| time/                   |              |
|    fps                  | 947          |
|    iterations           | 25           |
|    time_elapsed         | 40           |
|    total_timesteps      | 113664       |
| train/                  |              |
|    approx_kl            | 0.0015832455 |
|    clip_fraction        | 0.00723      |
|    clip_range           | 0.2          |
|    entropy_loss         | -0.031       |
|    explained_variance   | 0.88         |
|    learning_rate        | 0.0003       |
|    loss                 | -0.000453    |
|    n_updates            | 730          |
|    policy_gradient_loss | -0.000595    |
|    value_loss           | 5.37e-05     |
------------------------------------------
  step  115023/500000 ( 23.0%)  mean_rew=-0.001
-------------------------------------------
| time/                   |               |
|    fps                  | 946           |
|    iterations           | 26            |
|    time_elapsed         | 42            |
|    total_timesteps      | 115200        |
| train/                  |               |
|    approx_kl            | 0.00010519665 |
|    clip_fraction        | 0.00143       |
|    clip_range           | 0.2           |
|    entropy_loss         | -0.0244       |
|    explained_variance   | 0.918         |
|    learning_rate        | 0.0003        |
|    loss                 | 0.000835      |
|    n_updates            | 740           |
|    policy_gradient_loss | -0.000101     |
|    value_loss           | 3.39e-05      |
-------------------------------------------
-------------------------------------------
| time/                   |               |
|    fps                  | 929           |
|    iterations           | 27            |
|    time_elapsed         | 44            |
|    total_timesteps      | 116736        |
| train/                  |               |
|    approx_kl            | 1.5052229e-05 |
|    clip_fraction        | 0.00026       |
|    clip_range           | 0.2           |
|    entropy_loss         | -0.0246       |
|    explained_variance   | 0.852         |
|    learning_rate        | 0.0003        |
|    loss                 | 3.57e-05      |
|    n_updates            | 750           |
|    policy_gradient_loss | -5.05e-05     |
|    value_loss           | 6.95e-05      |
-------------------------------------------
-------------------------------------------
| time/                   |               |
|    fps                  | 930           |
|    iterations           | 28            |
|    time_elapsed         | 46            |
|    total_timesteps      | 118272        |
| train/                  |               |
|    approx_kl            | 0.00077924476 |
|    clip_fraction        | 0.00208       |
|    clip_range           | 0.2           |
|    entropy_loss         | -0.032        |
|    explained_variance   | 0.897         |
|    learning_rate        | 0.0003        |
|    loss                 | -0.000151     |
|    n_updates            | 760           |
|    policy_gradient_loss | -0.000307     |
|    value_loss           | 4.66e-05      |
-------------------------------------------
------------------------------------------
| time/                   |              |
|    fps                  | 929          |
|    iterations           | 29           |
|    time_elapsed         | 47           |
|    total_timesteps      | 119808       |
| train/                  |              |
|    approx_kl            | 4.945944e-05 |
|    clip_fraction        | 0.000391     |
|    clip_range           | 0.2          |
|    entropy_loss         | -0.0377      |
|    explained_variance   | 0.938        |
|    learning_rate        | 0.0003       |
|    loss                 | 7.45e-05     |
|    n_updates            | 770          |
|    policy_gradient_loss | 4.15e-05     |
|    value_loss           | 2.78e-05     |
------------------------------------------
  step  120024/500000 ( 24.0%)  mean_rew=-0.000
-------------------------------------------
| time/                   |               |
|    fps                  | 929           |
|    iterations           | 30            |
|    time_elapsed         | 49            |
|    total_timesteps      | 121344        |
| train/                  |               |
|    approx_kl            | 6.9683883e-06 |
|    clip_fraction        | 0.00176       |
|    clip_range           | 0.2           |
|    entropy_loss         | -0.038        |
|    explained_variance   | 0.866         |
|    learning_rate        | 0.0003        |
|    loss                 | 3.01e-05      |
|    n_updates            | 780           |
|    policy_gradient_loss | 0.000136      |
|    value_loss           | 6.57e-05      |
-------------------------------------------
------------------------------------------
| time/                   |              |
|    fps                  | 930          |
|    iterations           | 31           |
|    time_elapsed         | 51           |
|    total_timesteps      | 122880       |
| train/                  |              |
|    approx_kl            | 6.763738e-05 |
|    clip_fraction        | 0.00156      |
|    clip_range           | 0.2          |
|    entropy_loss         | -0.0394      |
|    explained_variance   | 0.834        |
|    learning_rate        | 0.0003       |
|    loss                 | 1.55e-05     |
|    n_updates            | 790          |
|    policy_gradient_loss | -0.000125    |
|    value_loss           | 8.54e-05     |
------------------------------------------
-------------------------------------------
| time/                   |               |
|    fps                  | 930           |
|    iterations           | 32            |
|    time_elapsed         | 52            |
|    total_timesteps      | 124416        |
| train/                  |               |
|    approx_kl            | 0.00017054011 |
|    clip_fraction        | 0.00247       |
|    clip_range           | 0.2           |
|    entropy_loss         | -0.0299       |
|    explained_variance   | 0.859         |
|    learning_rate        | 0.0003        |
|    loss                 | 0.000575      |
|    n_updates            | 800           |
|    policy_gradient_loss | -0.000422     |
|    value_loss           | 6.46e-05      |
-------------------------------------------
  step  125025/500000 ( 25.0%)  mean_rew=-0.000
------------------------------------------
| time/                   |              |
|    fps                  | 930          |
|    iterations           | 33           |
|    time_elapsed         | 54           |
|    total_timesteps      | 125952       |
| train/                  |              |
|    approx_kl            | 8.279923e-06 |
|    clip_fraction        | 0.00111      |
|    clip_range           | 0.2          |
|    entropy_loss         | -0.025       |
|    explained_variance   | 0.923        |
|    learning_rate        | 0.0003       |
|    loss                 | -2.44e-05    |
|    n_updates            | 810          |
|    policy_gradient_loss | 3.98e-05     |
|    value_loss           | 3.53e-05     |
------------------------------------------
------------------------------------------
| time/                   |              |
|    fps                  | 931          |
|    iterations           | 34           |
|    time_elapsed         | 56           |
|    total_timesteps      | 127488       |
| train/                  |              |
|    approx_kl            | 6.743299e-05 |
|    clip_fraction        | 0.00358      |
|    clip_range           | 0.2          |
|    entropy_loss         | -0.0324      |
|    explained_variance   | 0.856        |
|    learning_rate        | 0.0003       |
|    loss                 | 0.000123     |
|    n_updates            | 820          |
|    policy_gradient_loss | -0.000326    |
|    value_loss           | 6.47e-05     |
------------------------------------------
-------------------------------------------
| time/                   |               |
|    fps                  | 931           |
|    iterations           | 35            |
|    time_elapsed         | 57            |
|    total_timesteps      | 129024        |
| train/                  |               |
|    approx_kl            | 0.00019673002 |
|    clip_fraction        | 0.0026        |
|    clip_range           | 0.2           |
|    entropy_loss         | -0.0259       |
|    explained_variance   | 0.877         |
|    learning_rate        | 0.0003        |
|    loss                 | -0.000158     |
|    n_updates            | 830           |
|    policy_gradient_loss | -0.000332     |
|    value_loss           | 4.98e-05      |
-------------------------------------------
  step  130026/500000 ( 26.0%)  mean_rew=-0.001
------------------------------------------
| time/                   |              |
|    fps                  | 930          |
|    iterations           | 36           |
|    time_elapsed         | 59           |
|    total_timesteps      | 130560       |
| train/                  |              |
|    approx_kl            | 0.0006931165 |
|    clip_fraction        | 0.00286      |
|    clip_range           | 0.2          |
|    entropy_loss         | -0.0166      |
|    explained_variance   | 0.883        |
|    learning_rate        | 0.0003       |
|    loss                 | -0.00451     |
|    n_updates            | 840          |
|    policy_gradient_loss | -0.000561    |
|    value_loss           | 5.04e-05     |
------------------------------------------
-------------------------------------------
| time/                   |               |
|    fps                  | 921           |
|    iterations           | 37            |
|    time_elapsed         | 61            |
|    total_timesteps      | 132096        |
| train/                  |               |
|    approx_kl            | 5.6707067e-06 |
|    clip_fraction        | 0             |
|    clip_range           | 0.2           |
|    entropy_loss         | -0.0162       |
|    explained_variance   | 0.845         |
|    learning_rate        | 0.0003        |
|    loss                 | 0.000108      |
|    n_updates            | 850           |
|    policy_gradient_loss | -8.5e-06      |
|    value_loss           | 6.79e-05      |
-------------------------------------------
------------------------------------------
| time/                   |              |
|    fps                  | 922          |
|    iterations           | 38           |
|    time_elapsed         | 63           |
|    total_timesteps      | 133632       |
| train/                  |              |
|    approx_kl            | 4.372831e-06 |
|    clip_fraction        | 0            |
|    clip_range           | 0.2          |
|    entropy_loss         | -0.0167      |
|    explained_variance   | 0.859        |
|    learning_rate        | 0.0003       |
|    loss                 | 2.69e-05     |
|    n_updates            | 860          |
|    policy_gradient_loss | 2.78e-05     |
|    value_loss           | 5.94e-05     |
------------------------------------------
  step  135027/500000 ( 27.0%)  mean_rew=-0.001
-------------------------------------------
| time/                   |               |
|    fps                  | 923           |
|    iterations           | 39            |
|    time_elapsed         | 64            |
|    total_timesteps      | 135168        |
| train/                  |               |
|    approx_kl            | 0.00023651174 |
|    clip_fraction        | 0.00156       |
|    clip_range           | 0.2           |
|    entropy_loss         | -0.0139       |
|    explained_variance   | 0.864         |
|    learning_rate        | 0.0003        |
|    loss                 | -0.000187     |
|    n_updates            | 870           |
|    policy_gradient_loss | -0.00021      |
|    value_loss           | 5.24e-05      |
-------------------------------------------
------------------------------------------
| time/                   |              |
|    fps                  | 922          |
|    iterations           | 40           |
|    time_elapsed         | 66           |
|    total_timesteps      | 136704       |
| train/                  |              |
|    approx_kl            | 0.0001892915 |
|    clip_fraction        | 0.00137      |
|    clip_range           | 0.2          |
|    entropy_loss         | -0.0123      |
|    explained_variance   | 0.874        |
|    learning_rate        | 0.0003       |
|    loss                 | -0.000358    |
|    n_updates            | 880          |
|    policy_gradient_loss | -0.000172    |
|    value_loss           | 5.31e-05     |
------------------------------------------
-------------------------------------------
| time/                   |               |
|    fps                  | 914           |
|    iterations           | 41            |
|    time_elapsed         | 68            |
|    total_timesteps      | 138240        |
| train/                  |               |
|    approx_kl            | 4.5274228e-05 |
|    clip_fraction        | 0.000846      |
|    clip_range           | 0.2           |
|    entropy_loss         | -0.0123       |
|    explained_variance   | 0.838         |
|    learning_rate        | 0.0003        |
|    loss                 | 0.000105      |
|    n_updates            | 890           |
|    policy_gradient_loss | -0.000165     |
|    value_loss           | 7.39e-05      |
-------------------------------------------
-------------------------------------------
| time/                   |               |
|    fps                  | 914           |
|    iterations           | 42            |
|    time_elapsed         | 70            |
|    total_timesteps      | 139776        |
| train/                  |               |
|    approx_kl            | 0.00016218652 |
|    clip_fraction        | 0.000911      |
|    clip_range           | 0.2           |
|    entropy_loss         | -0.014        |
|    explained_variance   | 0.859         |
|    learning_rate        | 0.0003        |
|    loss                 | -0.000104     |
|    n_updates            | 900           |
|    policy_gradient_loss | -0.000124     |
|    value_loss           | 5.87e-05      |
-------------------------------------------
  step  140028/500000 ( 28.0%)  mean_rew=-0.000
------------------------------------------
| time/                   |              |
|    fps                  | 914          |
|    iterations           | 43           |
|    time_elapsed         | 72           |
|    total_timesteps      | 141312       |
| train/                  |              |
|    approx_kl            | 0.0004222486 |
|    clip_fraction        | 0.00423      |
|    clip_range           | 0.2          |
|    entropy_loss         | -0.015       |
|    explained_variance   | 0.939        |
|    learning_rate        | 0.0003       |
|    loss                 | 0.00144      |
|    n_updates            | 910          |
|    policy_gradient_loss | -0.000904    |
|    value_loss           | 2.53e-05     |
------------------------------------------
------------------------------------------
| time/                   |              |
|    fps                  | 915          |
|    iterations           | 44           |
|    time_elapsed         | 73           |
|    total_timesteps      | 142848       |
| train/                  |              |
|    approx_kl            | 0.0001527366 |
|    clip_fraction        | 0.00104      |
|    clip_range           | 0.2          |
|    entropy_loss         | -0.0124      |
|    explained_variance   | 0.827        |
|    learning_rate        | 0.0003       |
|    loss                 | 3.02e-05     |
|    n_updates            | 920          |
|    policy_gradient_loss | -0.000193    |
|    value_loss           | 8.28e-05     |
------------------------------------------
-----------------------------------------
| time/                   |             |
|    fps                  | 916         |
|    iterations           | 45          |
|    time_elapsed         | 75          |
|    total_timesteps      | 144384      |
| train/                  |             |
|    approx_kl            | 0.000160193 |
|    clip_fraction        | 0.00176     |
|    clip_range           | 0.2         |
|    entropy_loss         | -0.0121     |
|    explained_variance   | 0.859       |
|    learning_rate        | 0.0003      |
|    loss                 | -4.01e-05   |
|    n_updates            | 930         |
|    policy_gradient_loss | -0.000171   |
|    value_loss           | 5.99e-05    |
-----------------------------------------
  step  145029/500000 ( 29.0%)  mean_rew=-0.001
-----------------------------------------
| time/                   |             |
|    fps                  | 916         |
|    iterations           | 46          |
|    time_elapsed         | 77          |
|    total_timesteps      | 145920      |
| train/                  |             |
|    approx_kl            | 3.34871e-05 |
|    clip_fraction        | 0.000521    |
|    clip_range           | 0.2         |
|    entropy_loss         | -0.0109     |
|    explained_variance   | 0.865       |
|    learning_rate        | 0.0003      |
|    loss                 | 1.25e-05    |
|    n_updates            | 940         |
|    policy_gradient_loss | -0.000179   |
|    value_loss           | 5.81e-05    |
-----------------------------------------
-------------------------------------------
| time/                   |               |
|    fps                  | 915           |
|    iterations           | 47            |
|    time_elapsed         | 78            |
|    total_timesteps      | 147456        |
| train/                  |               |
|    approx_kl            | 2.6827329e-05 |
|    clip_fraction        | 0.000326      |
|    clip_range           | 0.2           |
|    entropy_loss         | -0.00991      |
|    explained_variance   | 0.909         |
|    learning_rate        | 0.0003        |
|    loss                 | -2.26e-05     |
|    n_updates            | 950           |
|    policy_gradient_loss | -3.55e-05     |
|    value_loss           | 4.01e-05      |
-------------------------------------------
-------------------------------------------
| time/                   |               |
|    fps                  | 908           |
|    iterations           | 48            |
|    time_elapsed         | 81            |
|    total_timesteps      | 148992        |
| train/                  |               |
|    approx_kl            | 3.8417056e-08 |
|    clip_fraction        | 0             |
|    clip_range           | 0.2           |
|    entropy_loss         | -0.00988      |
|    explained_variance   | 0.867         |
|    learning_rate        | 0.0003        |
|    loss                 | -8.42e-06     |
|    n_updates            | 960           |
|    policy_gradient_loss | -1.65e-05     |
|    value_loss           | 6.38e-05      |
-------------------------------------------
  step  150030/500000 ( 30.0%)  mean_rew=-0.000
-------------------------------------------
| time/                   |               |
|    fps                  | 905           |
|    iterations           | 49            |
|    time_elapsed         | 83            |
|    total_timesteps      | 150528        |
| train/                  |               |
|    approx_kl            | 1.0815954e-05 |
|    clip_fraction        | 0.00013       |
|    clip_range           | 0.2           |
|    entropy_loss         | -0.0098       |
|    explained_variance   | 0.877         |
|    learning_rate        | 0.0003        |
|    loss                 | 6.01e-05      |
|    n_updates            | 970           |
|    policy_gradient_loss | -1.52e-05     |
|    value_loss           | 5.31e-05      |
-------------------------------------------
-------------------------------------------
| time/                   |               |
|    fps                  | 902           |
|    iterations           | 50            |
|    time_elapsed         | 85            |
|    total_timesteps      | 152064        |
| train/                  |               |
|    approx_kl            | 2.0635818e-05 |
|    clip_fraction        | 0.00026       |
|    clip_range           | 0.2           |
|    entropy_loss         | -0.00986      |
|    explained_variance   | 0.936         |
|    learning_rate        | 0.0003        |
|    loss                 | 4.25e-05      |
|    n_updates            | 980           |
|    policy_gradient_loss | -3.42e-05     |
|    value_loss           | 2.61e-05      |
-------------------------------------------
------------------------------------------
| time/                   |              |
|    fps                  | 895          |
|    iterations           | 51           |
|    time_elapsed         | 87           |
|    total_timesteps      | 153600       |
| train/                  |              |
|    approx_kl            | 9.517026e-05 |
|    clip_fraction        | 0.000911     |
|    clip_range           | 0.2          |
|    entropy_loss         | -0.00977     |
|    explained_variance   | 0.845        |
|    learning_rate        | 0.0003       |
|    loss                 | 8.66e-05     |
|    n_updates            | 990          |
|    policy_gradient_loss | -0.000253    |
|    value_loss           | 7.09e-05     |
------------------------------------------
  step  155031/500000 ( 31.0%)  mean_rew=-0.000
-------------------------------------------
| time/                   |               |
|    fps                  | 889           |
|    iterations           | 52            |
|    time_elapsed         | 89            |
|    total_timesteps      | 155136        |
| train/                  |               |
|    approx_kl            | 3.9425988e-08 |
|    clip_fraction        | 0             |
|    clip_range           | 0.2           |
|    entropy_loss         | -0.00989      |
|    explained_variance   | 0.87          |
|    learning_rate        | 0.0003        |
|    loss                 | 1.7e-05       |
|    n_updates            | 1000          |
|    policy_gradient_loss | -6.49e-06     |
|    value_loss           | 5.82e-05      |
-------------------------------------------
------------------------------------------
| time/                   |              |
|    fps                  | 889          |
|    iterations           | 53           |
|    time_elapsed         | 91           |
|    total_timesteps      | 156672       |
| train/                  |              |
|    approx_kl            | 5.907321e-05 |
|    clip_fraction        | 0.000521     |
|    clip_range           | 0.2          |
|    entropy_loss         | -0.00902     |
|    explained_variance   | 0.944        |
|    learning_rate        | 0.0003       |
|    loss                 | 8.65e-05     |
|    n_updates            | 1010         |
|    policy_gradient_loss | -0.000118    |
|    value_loss           | 2.31e-05     |
------------------------------------------
------------------------------------------
| time/                   |              |
|    fps                  | 890          |
|    iterations           | 54           |
|    time_elapsed         | 93           |
|    total_timesteps      | 158208       |
| train/                  |              |
|    approx_kl            | 5.489231e-05 |
|    clip_fraction        | 0.00117      |
|    clip_range           | 0.2          |
|    entropy_loss         | -0.00787     |
|    explained_variance   | 0.867        |
|    learning_rate        | 0.0003       |
|    loss                 | 3.02e-05     |
|    n_updates            | 1020         |
|    policy_gradient_loss | -0.000192    |
|    value_loss           | 5.77e-05     |
------------------------------------------
-----------------------------------------
| time/                   |             |
|    fps                  | 884         |
|    iterations           | 55          |
|    time_elapsed         | 95          |
|    total_timesteps      | 159744      |
| train/                  |             |
|    approx_kl            | 3.87982e-05 |
|    clip_fraction        | 0.000521    |
|    clip_range           | 0.2         |
|    entropy_loss         | -0.00729    |
|    explained_variance   | 0.853       |
|    learning_rate        | 0.0003      |
|    loss                 | -0.000923   |
|    n_updates            | 1030        |
|    policy_gradient_loss | -7.66e-05   |
|    value_loss           | 6.75e-05    |
-----------------------------------------
  step  160032/500000 ( 32.0%)  mean_rew=-0.001
-------------------------------------------
| time/                   |               |
|    fps                  | 882           |
|    iterations           | 56            |
|    time_elapsed         | 97            |
|    total_timesteps      | 161280        |
| train/                  |               |
|    approx_kl            | 2.6152236e-05 |
|    clip_fraction        | 0.000326      |
|    clip_range           | 0.2           |
|    entropy_loss         | -0.00726      |
|    explained_variance   | 0.871         |
|    learning_rate        | 0.0003        |
|    loss                 | -4.3e-05      |
|    n_updates            | 1040          |
|    policy_gradient_loss | -2.47e-05     |
|    value_loss           | 5.57e-05      |
-------------------------------------------
-----------------------------------------
| time/                   |             |
|    fps                  | 879         |
|    iterations           | 57          |
|    time_elapsed         | 99          |
|    total_timesteps      | 162816      |
| train/                  |             |
|    approx_kl            | 0.000127483 |
|    clip_fraction        | 0.0015      |
|    clip_range           | 0.2         |
|    entropy_loss         | -0.00807    |
|    explained_variance   | 0.934       |
|    learning_rate        | 0.0003      |
|    loss                 | -0.00124    |
|    n_updates            | 1050        |
|    policy_gradient_loss | -0.000244   |
|    value_loss           | 2.87e-05    |
-----------------------------------------
-------------------------------------------
| time/                   |               |
|    fps                  | 874           |
|    iterations           | 58            |
|    time_elapsed         | 101           |
|    total_timesteps      | 164352        |
| train/                  |               |
|    approx_kl            | 7.1401396e-09 |
|    clip_fraction        | 0             |
|    clip_range           | 0.2           |
|    entropy_loss         | -0.00745      |
|    explained_variance   | 0.873         |
|    learning_rate        | 0.0003        |
|    loss                 | -1.5e-06      |
|    n_updates            | 1060          |
|    policy_gradient_loss | -6.27e-06     |
|    value_loss           | 5.88e-05      |
-------------------------------------------
  step  165033/500000 ( 33.0%)  mean_rew=-0.000
------------------------------------------
| time/                   |              |
|    fps                  | 875          |
|    iterations           | 59           |
|    time_elapsed         | 103          |
|    total_timesteps      | 165888       |
| train/                  |              |
|    approx_kl            | 2.751282e-08 |
|    clip_fraction        | 0            |
|    clip_range           | 0.2          |
|    entropy_loss         | -0.00758     |
|    explained_variance   | 0.87         |
|    learning_rate        | 0.0003       |
|    loss                 | 9.81e-05     |
|    n_updates            | 1070         |
|    policy_gradient_loss | -1.28e-05    |
|    value_loss           | 5.81e-05     |
------------------------------------------
------------------------------------------
| time/                   |              |
|    fps                  | 876          |
|    iterations           | 60           |
|    time_elapsed         | 105          |
|    total_timesteps      | 167424       |
| train/                  |              |
|    approx_kl            | 0.0001577194 |
|    clip_fraction        | 0.00156      |
|    clip_range           | 0.2          |
|    entropy_loss         | -0.00635     |
|    explained_variance   | 0.908        |
|    learning_rate        | 0.0003       |
|    loss                 | 2.34e-05     |
|    n_updates            | 1080         |
|    policy_gradient_loss | -0.000386    |
|    value_loss           | 4.15e-05     |
------------------------------------------
-------------------------------------------
| time/                   |               |
|    fps                  | 876           |
|    iterations           | 61            |
|    time_elapsed         | 106           |
|    total_timesteps      | 168960        |
| train/                  |               |
|    approx_kl            | 0.00040576255 |
|    clip_fraction        | 0.00117       |
|    clip_range           | 0.2           |
|    entropy_loss         | -0.00458      |
|    explained_variance   | 0.819         |
|    learning_rate        | 0.0003        |
|    loss                 | 4.92e-05      |
|    n_updates            | 1090          |
|    policy_gradient_loss | -0.000265     |
|    value_loss           | 9.62e-05      |
-------------------------------------------
  step  170034/500000 ( 34.0%)  mean_rew=-0.000
---------------------------------------
| time/                   |           |
|    fps                  | 871       |
|    iterations           | 62        |
|    time_elapsed         | 109       |
|    total_timesteps      | 170496    |
| train/                  |           |
|    approx_kl            | 0.0       |
|    clip_fraction        | 0         |
|    clip_range           | 0.2       |
|    entropy_loss         | -0.00456  |
|    explained_variance   | 0.877     |
|    learning_rate        | 0.0003    |
|    loss                 | 1.96e-05  |
|    n_updates            | 1100      |
|    policy_gradient_loss | -9.06e-07 |
|    value_loss           | 6.12e-05  |
---------------------------------------
-------------------------------------------
| time/                   |               |
|    fps                  | 873           |
|    iterations           | 63            |
|    time_elapsed         | 110           |
|    total_timesteps      | 172032        |
| train/                  |               |
|    approx_kl            | 0.00024075946 |
|    clip_fraction        | 0.000781      |
|    clip_range           | 0.2           |
|    entropy_loss         | -0.0038       |
|    explained_variance   | 0.875         |
|    learning_rate        | 0.0003        |
|    loss                 | -0.00063      |
|    n_updates            | 1110          |
|    policy_gradient_loss | -0.00027      |
|    value_loss           | 5.91e-05      |
-------------------------------------------
------------------------------------------
| time/                   |              |
|    fps                  | 873          |
|    iterations           | 64           |
|    time_elapsed         | 112          |
|    total_timesteps      | 173568       |
| train/                  |              |
|    approx_kl            | 0.0001287815 |
|    clip_fraction        | 0.000391     |
|    clip_range           | 0.2          |
|    entropy_loss         | -0.00332     |
|    explained_variance   | 0.922        |
|    learning_rate        | 0.0003       |
|    loss                 | 6.76e-06     |
|    n_updates            | 1120         |
|    policy_gradient_loss | -4.06e-05    |
|    value_loss           | 3.27e-05     |
------------------------------------------
  step  175035/500000 ( 35.0%)  mean_rew=-0.001
-----------------------------------------
| time/                   |             |
|    fps                  | 874         |
|    iterations           | 65          |
|    time_elapsed         | 114         |
|    total_timesteps      | 175104      |
| train/                  |             |
|    approx_kl            | 9.14922e-05 |
|    clip_fraction        | 0.000977    |
|    clip_range           | 0.2         |
|    entropy_loss         | -0.00315    |
|    explained_variance   | 0.859       |
|    learning_rate        | 0.0003      |
|    loss                 | 3.62e-05    |
|    n_updates            | 1130        |
|    policy_gradient_loss | -4.38e-05   |
|    value_loss           | 6.31e-05    |
-----------------------------------------
-------------------------------------------
| time/                   |               |
|    fps                  | 870           |
|    iterations           | 66            |
|    time_elapsed         | 116           |
|    total_timesteps      | 176640        |
| train/                  |               |
|    approx_kl            | 4.8666534e-05 |
|    clip_fraction        | 0.000521      |
|    clip_range           | 0.2           |
|    entropy_loss         | -0.00352      |
|    explained_variance   | 0.874         |
|    learning_rate        | 0.0003        |
|    loss                 | 4.15e-05      |
|    n_updates            | 1140          |
|    policy_gradient_loss | -5.37e-05     |
|    value_loss           | 5.55e-05      |
-------------------------------------------
  Stage 2 saved -> cologne3_ppo_stage2_50pct.zip

────────────────────────────────────────────────────────────
  Stage 3/4  75% demand  125000 steps  (cumulative -> 300000)
  Route: cologne3_75pct.rou.xml
────────────────────────────────────────────────────────────
-------------------------------
| time/              |        |
|    fps             | 1039   |
|    iterations      | 1      |
|    time_elapsed    | 1      |
|    total_timesteps | 178176 |
-------------------------------
-------------------------------------------
| time/                   |               |
|    fps                  | 904           |
|    iterations           | 2             |
|    time_elapsed         | 3             |
|    total_timesteps      | 179712        |
| train/                  |               |
|    approx_kl            | 1.2801804e-07 |
|    clip_fraction        | 0             |
|    clip_range           | 0.2           |
|    entropy_loss         | -0.00412      |
|    explained_variance   | 0.851         |
|    learning_rate        | 0.0003        |
|    loss                 | 6.55e-05      |
|    n_updates            | 1160          |
|    policy_gradient_loss | 6.68e-07      |
|    value_loss           | 8.03e-05      |
-------------------------------------------
  step  180036/500000 ( 36.0%)  mean_rew=-0.001
-------------------------------------------
| time/                   |               |
|    fps                  | 883           |
|    iterations           | 3             |
|    time_elapsed         | 5             |
|    total_timesteps      | 181248        |
| train/                  |               |
|    approx_kl            | 1.9790605e-08 |
|    clip_fraction        | 0             |
|    clip_range           | 0.2           |
|    entropy_loss         | -0.00351      |
|    explained_variance   | 0.798         |
|    learning_rate        | 0.0003        |
|    loss                 | 5.6e-05       |
|    n_updates            | 1170          |
|    policy_gradient_loss | -1.62e-05     |
|    value_loss           | 0.000135      |
-------------------------------------------
---------------------------------------
| time/                   |           |
|    fps                  | 868       |
|    iterations           | 4         |
|    time_elapsed         | 7         |
|    total_timesteps      | 182784    |
| train/                  |           |
|    approx_kl            | 0.0       |
|    clip_fraction        | 0         |
|    clip_range           | 0.2       |
|    entropy_loss         | -0.00303  |
|    explained_variance   | 0.863     |
|    learning_rate        | 0.0003    |
|    loss                 | -1.04e-06 |
|    n_updates            | 1180      |
|    policy_gradient_loss | -1.54e-05 |
|    value_loss           | 9.2e-05   |
---------------------------------------
------------------------------------------
| time/                   |              |
|    fps                  | 851          |
|    iterations           | 5            |
|    time_elapsed         | 9            |
|    total_timesteps      | 184320       |
| train/                  |              |
|    approx_kl            | 9.934108e-09 |
|    clip_fraction        | 0            |
|    clip_range           | 0.2          |
|    entropy_loss         | -0.00307     |
|    explained_variance   | 0.901        |
|    learning_rate        | 0.0003       |
|    loss                 | -2.44e-05    |
|    n_updates            | 1190         |
|    policy_gradient_loss | -1.27e-05    |
|    value_loss           | 7.4e-05      |
------------------------------------------
  step  185037/500000 ( 37.0%)  mean_rew=-0.001
-------------------------------------------
| time/                   |               |
|    fps                  | 849           |
|    iterations           | 6             |
|    time_elapsed         | 10            |
|    total_timesteps      | 185856        |
| train/                  |               |
|    approx_kl            | 1.2785585e-05 |
|    clip_fraction        | 0             |
|    clip_range           | 0.2           |
|    entropy_loss         | -0.00321      |
|    explained_variance   | 0.826         |
|    learning_rate        | 0.0003        |
|    loss                 | 9.27e-05      |
|    n_updates            | 1200          |
|    policy_gradient_loss | -1.39e-06     |
|    value_loss           | 0.000155      |
-------------------------------------------
------------------------------------------
| time/                   |              |
|    fps                  | 844          |
|    iterations           | 7            |
|    time_elapsed         | 12           |
|    total_timesteps      | 187392       |
| train/                  |              |
|    approx_kl            | 5.083469e-09 |
|    clip_fraction        | 0            |
|    clip_range           | 0.2          |
|    entropy_loss         | -0.00308     |
|    explained_variance   | 0.859        |
|    learning_rate        | 0.0003       |
|    loss                 | 4.2e-05      |
|    n_updates            | 1210         |
|    policy_gradient_loss | -5.18e-06    |
|    value_loss           | 0.000116     |
------------------------------------------
------------------------------------------
| time/                   |              |
|    fps                  | 837          |
|    iterations           | 8            |
|    time_elapsed         | 14           |
|    total_timesteps      | 188928       |
| train/                  |              |
|    approx_kl            | 0.0001267887 |
|    clip_fraction        | 0.000651     |
|    clip_range           | 0.2          |
|    entropy_loss         | -0.00475     |
|    explained_variance   | 0.929        |
|    learning_rate        | 0.0003       |
|    loss                 | -0.000154    |
|    n_updates            | 1220         |
|    policy_gradient_loss | -0.00012     |
|    value_loss           | 5.91e-05     |
------------------------------------------
  step  190038/500000 ( 38.0%)  mean_rew=-0.001
------------------------------------------
| time/                   |              |
|    fps                  | 833          |
|    iterations           | 9            |
|    time_elapsed         | 16           |
|    total_timesteps      | 190464       |
| train/                  |              |
|    approx_kl            | 9.020635e-07 |
|    clip_fraction        | 0.000521     |
|    clip_range           | 0.2          |
|    entropy_loss         | -0.00539     |
|    explained_variance   | 0.79         |
|    learning_rate        | 0.0003       |
|    loss                 | -8.64e-05    |
|    n_updates            | 1230         |
|    policy_gradient_loss | -3.73e-05    |
|    value_loss           | 0.000257     |
------------------------------------------
------------------------------------------
| time/                   |              |
|    fps                  | 835          |
|    iterations           | 10           |
|    time_elapsed         | 18           |
|    total_timesteps      | 192000       |
| train/                  |              |
|    approx_kl            | 0.0042204806 |
|    clip_fraction        | 0.000456     |
|    clip_range           | 0.2          |
|    entropy_loss         | -0.0149      |
|    explained_variance   | 0.844        |
|    learning_rate        | 0.0003       |
|    loss                 | -0.00145     |
|    n_updates            | 1240         |
|    policy_gradient_loss | -0.000161    |
|    value_loss           | 0.000183     |
------------------------------------------
------------------------------------------
| time/                   |              |
|    fps                  | 834          |
|    iterations           | 11           |
|    time_elapsed         | 20           |
|    total_timesteps      | 193536       |
| train/                  |              |
|    approx_kl            | 0.0004303739 |
|    clip_fraction        | 0.0126       |
|    clip_range           | 0.2          |
|    entropy_loss         | -0.0495      |
|    explained_variance   | 0.889        |
|    learning_rate        | 0.0003       |
|    loss                 | -0.000608    |
|    n_updates            | 1250         |
|    policy_gradient_loss | 0.000383     |
|    value_loss           | 0.00012      |
------------------------------------------
  step  195039/500000 ( 39.0%)  mean_rew=-0.000
-------------------------------------------
| time/                   |               |
|    fps                  | 829           |
|    iterations           | 12            |
|    time_elapsed         | 22            |
|    total_timesteps      | 195072        |
| train/                  |               |
|    approx_kl            | 0.00023607584 |
|    clip_fraction        | 0.0107        |
|    clip_range           | 0.2           |
|    entropy_loss         | -0.06         |
|    explained_variance   | 0.854         |
|    learning_rate        | 0.0003        |
|    loss                 | 0.000392      |
|    n_updates            | 1260          |
|    policy_gradient_loss | 0.000696      |
|    value_loss           | 0.00019       |
-------------------------------------------
------------------------------------------
| time/                   |              |
|    fps                  | 830          |
|    iterations           | 13           |
|    time_elapsed         | 24           |
|    total_timesteps      | 196608       |
| train/                  |              |
|    approx_kl            | 0.0005554613 |
|    clip_fraction        | 0.00794      |
|    clip_range           | 0.2          |
|    entropy_loss         | -0.0758      |
|    explained_variance   | 0.839        |
|    learning_rate        | 0.0003       |
|    loss                 | 0.000102     |
|    n_updates            | 1270         |
|    policy_gradient_loss | 4.6e-05      |
|    value_loss           | 0.000229     |
------------------------------------------
------------------------------------------
| time/                   |              |
|    fps                  | 809          |
|    iterations           | 14           |
|    time_elapsed         | 26           |
|    total_timesteps      | 198144       |
| train/                  |              |
|    approx_kl            | 0.0007719374 |
|    clip_fraction        | 0.0118       |
|    clip_range           | 0.2          |
|    entropy_loss         | -0.094       |
|    explained_variance   | 0.886        |
|    learning_rate        | 0.0003       |
|    loss                 | 0.00356      |
|    n_updates            | 1280         |
|    policy_gradient_loss | -0.00149     |
|    value_loss           | 0.000141     |
------------------------------------------
------------------------------------------
| time/                   |              |
|    fps                  | 803          |
|    iterations           | 15           |
|    time_elapsed         | 28           |
|    total_timesteps      | 199680       |
| train/                  |              |
|    approx_kl            | 0.0057182047 |
|    clip_fraction        | 0.0281       |
|    clip_range           | 0.2          |
|    entropy_loss         | -0.136       |
|    explained_variance   | 0.0947       |
|    learning_rate        | 0.0003       |
|    loss                 | 0.00509      |
|    n_updates            | 1290         |
|    policy_gradient_loss | -0.00782     |
|    value_loss           | 0.00808      |
------------------------------------------
  step  200040/500000 ( 40.0%)  mean_rew=-0.000
-------------------------------------------
| time/                   |               |
|    fps                  | 802           |
|    iterations           | 16            |
|    time_elapsed         | 30            |
|    total_timesteps      | 201216        |
| train/                  |               |
|    approx_kl            | 0.00033156315 |
|    clip_fraction        | 0.0123        |
|    clip_range           | 0.2           |
|    entropy_loss         | -0.141        |
|    explained_variance   | 0.776         |
|    learning_rate        | 0.0003        |
|    loss                 | 0.0064        |
|    n_updates            | 1300          |
|    policy_gradient_loss | 0.00162       |
|    value_loss           | 0.0041        |
-------------------------------------------
------------------------------------------
| time/                   |              |
|    fps                  | 774          |
|    iterations           | 17           |
|    time_elapsed         | 33           |
|    total_timesteps      | 202752       |
| train/                  |              |
|    approx_kl            | 0.0016456154 |
|    clip_fraction        | 0.0275       |
|    clip_range           | 0.2          |
|    entropy_loss         | -0.115       |
|    explained_variance   | 0.614        |
|    learning_rate        | 0.0003       |
|    loss                 | 0.00221      |
|    n_updates            | 1310         |
|    policy_gradient_loss | -0.00235     |
|    value_loss           | 0.000646     |
------------------------------------------
-------------------------------------------
| time/                   |               |
|    fps                  | 777           |
|    iterations           | 18            |
|    time_elapsed         | 35            |
|    total_timesteps      | 204288        |
| train/                  |               |
|    approx_kl            | 0.00042159937 |
|    clip_fraction        | 0.0168        |
|    clip_range           | 0.2           |
|    entropy_loss         | -0.171        |
|    explained_variance   | 0.731         |
|    learning_rate        | 0.0003        |
|    loss                 | 0.00828       |
|    n_updates            | 1320          |
|    policy_gradient_loss | -0.00174      |
|    value_loss           | 0.0232        |
-------------------------------------------
  step  205041/500000 ( 41.0%)  mean_rew=-0.001
-------------------------------------------
| time/                   |               |
|    fps                  | 777           |
|    iterations           | 19            |
|    time_elapsed         | 37            |
|    total_timesteps      | 205824        |
| train/                  |               |
|    approx_kl            | 0.00094055367 |
|    clip_fraction        | 0.0122        |
|    clip_range           | 0.2           |
|    entropy_loss         | -0.129        |
|    explained_variance   | 0.161         |
|    learning_rate        | 0.0003        |
|    loss                 | 0.00237       |
|    n_updates            | 1330          |
|    policy_gradient_loss | -0.000804     |
|    value_loss           | 0.000813      |
-------------------------------------------
-------------------------------------------
| time/                   |               |
|    fps                  | 780           |
|    iterations           | 20            |
|    time_elapsed         | 39            |
|    total_timesteps      | 207360        |
| train/                  |               |
|    approx_kl            | 0.00018910847 |
|    clip_fraction        | 0.00807       |
|    clip_range           | 0.2           |
|    entropy_loss         | -0.126        |
|    explained_variance   | 0.0822        |
|    learning_rate        | 0.0003        |
|    loss                 | 0.0014        |
|    n_updates            | 1340          |
|    policy_gradient_loss | 0.000892      |
|    value_loss           | 0.00111       |
-------------------------------------------
------------------------------------------
| time/                   |              |
|    fps                  | 770          |
|    iterations           | 21           |
|    time_elapsed         | 41           |
|    total_timesteps      | 208896       |
| train/                  |              |
|    approx_kl            | 0.0012366371 |
|    clip_fraction        | 0.0221       |
|    clip_range           | 0.2          |
|    entropy_loss         | -0.106       |
|    explained_variance   | 0.161        |
|    learning_rate        | 0.0003       |
|    loss                 | 0.00455      |
|    n_updates            | 1350         |
|    policy_gradient_loss | -0.00207     |
|    value_loss           | 0.000692     |
------------------------------------------
  step  210042/500000 ( 42.0%)  mean_rew=-0.001
------------------------------------------
| time/                   |              |
|    fps                  | 768          |
|    iterations           | 22           |
|    time_elapsed         | 43           |
|    total_timesteps      | 210432       |
| train/                  |              |
|    approx_kl            | 0.0008200383 |
|    clip_fraction        | 0.0154       |
|    clip_range           | 0.2          |
|    entropy_loss         | -0.128       |
|    explained_variance   | 0.771        |
|    learning_rate        | 0.0003       |
|    loss                 | 0.0124       |
|    n_updates            | 1360         |
|    policy_gradient_loss | -0.00149     |
|    value_loss           | 0.00984      |
------------------------------------------
-------------------------------------------
| time/                   |               |
|    fps                  | 769           |
|    iterations           | 23            |
|    time_elapsed         | 45            |
|    total_timesteps      | 211968        |
| train/                  |               |
|    approx_kl            | 0.00084599777 |
|    clip_fraction        | 0.0163        |
|    clip_range           | 0.2           |
|    entropy_loss         | -0.131        |
|    explained_variance   | 0.801         |
|    learning_rate        | 0.0003        |
|    loss                 | 0.00433       |
|    n_updates            | 1370          |
|    policy_gradient_loss | 0.000776      |
|    value_loss           | 0.0158        |
-------------------------------------------
-------------------------------------------
| time/                   |               |
|    fps                  | 756           |
|    iterations           | 24            |
|    time_elapsed         | 48            |
|    total_timesteps      | 213504        |
| train/                  |               |
|    approx_kl            | 4.5499066e-05 |
|    clip_fraction        | 0.00566       |
|    clip_range           | 0.2           |
|    entropy_loss         | -0.117        |
|    explained_variance   | 0.000956      |
|    learning_rate        | 0.0003        |
|    loss                 | 0.000787      |
|    n_updates            | 1380          |
|    policy_gradient_loss | 0.000244      |
|    value_loss           | 0.00129       |
-------------------------------------------
-----------------------------------------
| time/                   |             |
|    fps                  | 758         |
|    iterations           | 25          |
|    time_elapsed         | 50          |
|    total_timesteps      | 215040      |
| train/                  |             |
|    approx_kl            | 0.001555073 |
|    clip_fraction        | 0.0154      |
|    clip_range           | 0.2         |
|    entropy_loss         | -0.137      |
|    explained_variance   | 0.861       |
|    learning_rate        | 0.0003      |
|    loss                 | 0.0248      |
|    n_updates            | 1390        |
|    policy_gradient_loss | -0.00128    |
|    value_loss           | 0.0508      |
-----------------------------------------
  step  215043/500000 ( 43.0%)  mean_rew=-0.000
------------------------------------------
| time/                   |              |
|    fps                  | 759          |
|    iterations           | 26           |
|    time_elapsed         | 52           |
|    total_timesteps      | 216576       |
| train/                  |              |
|    approx_kl            | 0.0011584037 |
|    clip_fraction        | 0.0184       |
|    clip_range           | 0.2          |
|    entropy_loss         | -0.123       |
|    explained_variance   | 0.105        |
|    learning_rate        | 0.0003       |
|    loss                 | 0.000282     |
|    n_updates            | 1400         |
|    policy_gradient_loss | -0.000992    |
|    value_loss           | 0.00179      |
------------------------------------------
-------------------------------------------
| time/                   |               |
|    fps                  | 762           |
|    iterations           | 27            |
|    time_elapsed         | 54            |
|    total_timesteps      | 218112        |
| train/                  |               |
|    approx_kl            | 0.00027629698 |
|    clip_fraction        | 0.00788       |
|    clip_range           | 0.2           |
|    entropy_loss         | -0.129        |
|    explained_variance   | -0.0664       |
|    learning_rate        | 0.0003        |
|    loss                 | 0.000227      |
|    n_updates            | 1410          |
|    policy_gradient_loss | 0.000389      |
|    value_loss           | 0.00257       |
-------------------------------------------
-------------------------------------------
| time/                   |               |
|    fps                  | 765           |
|    iterations           | 28            |
|    time_elapsed         | 56            |
|    total_timesteps      | 219648        |
| train/                  |               |
|    approx_kl            | 0.00013071862 |
|    clip_fraction        | 0.00729       |
|    clip_range           | 0.2           |
|    entropy_loss         | -0.141        |
|    explained_variance   | -0.0305       |
|    learning_rate        | 0.0003        |
|    loss                 | 0.00385       |
|    n_updates            | 1420          |
|    policy_gradient_loss | 0.000111      |
|    value_loss           | 0.00132       |
-------------------------------------------
  step  220044/500000 ( 44.0%)  mean_rew=-0.001
-------------------------------------------
| time/                   |               |
|    fps                  | 765           |
|    iterations           | 29            |
|    time_elapsed         | 58            |
|    total_timesteps      | 221184        |
| train/                  |               |
|    approx_kl            | 0.00012225164 |
|    clip_fraction        | 0.00423       |
|    clip_range           | 0.2           |
|    entropy_loss         | -0.131        |
|    explained_variance   | 0.15          |
|    learning_rate        | 0.0003        |
|    loss                 | 0.00136       |
|    n_updates            | 1430          |
|    policy_gradient_loss | 0.00046       |
|    value_loss           | 0.00162       |
-------------------------------------------
-------------------------------------------
| time/                   |               |
|    fps                  | 766           |
|    iterations           | 30            |
|    time_elapsed         | 60            |
|    total_timesteps      | 222720        |
| train/                  |               |
|    approx_kl            | 0.00080928294 |
|    clip_fraction        | 0.0105        |
|    clip_range           | 0.2           |
|    entropy_loss         | -0.114        |
|    explained_variance   | 0.189         |
|    learning_rate        | 0.0003        |
|    loss                 | -0.00128      |
|    n_updates            | 1440          |
|    policy_gradient_loss | -0.000343     |
|    value_loss           | 0.00161       |
-------------------------------------------
-------------------------------------------
| time/                   |               |
|    fps                  | 769           |
|    iterations           | 31            |
|    time_elapsed         | 61            |
|    total_timesteps      | 224256        |
| train/                  |               |
|    approx_kl            | 0.00071599154 |
|    clip_fraction        | 0.0102        |
|    clip_range           | 0.2           |
|    entropy_loss         | -0.0938       |
|    explained_variance   | 0.435         |
|    learning_rate        | 0.0003        |
|    loss                 | -0.0015       |
|    n_updates            | 1450          |
|    policy_gradient_loss | -0.000859     |
|    value_loss           | 0.00108       |
-------------------------------------------
  step  225045/500000 ( 45.0%)  mean_rew=-0.002
-------------------------------------------
| time/                   |               |
|    fps                  | 770           |
|    iterations           | 32            |
|    time_elapsed         | 63            |
|    total_timesteps      | 225792        |
| train/                  |               |
|    approx_kl            | 0.00038375764 |
|    clip_fraction        | 0.0112        |
|    clip_range           | 0.2           |
|    entropy_loss         | -0.0771       |
|    explained_variance   | 0.395         |
|    learning_rate        | 0.0003        |
|    loss                 | -0.00117      |
|    n_updates            | 1460          |
|    policy_gradient_loss | -0.000634     |
|    value_loss           | 0.000728      |
-------------------------------------------
-------------------------------------------
| time/                   |               |
|    fps                  | 770           |
|    iterations           | 33            |
|    time_elapsed         | 65            |
|    total_timesteps      | 227328        |
| train/                  |               |
|    approx_kl            | 0.00044395003 |
|    clip_fraction        | 0.0104        |
|    clip_range           | 0.2           |
|    entropy_loss         | -0.0652       |
|    explained_variance   | 0.338         |
|    learning_rate        | 0.0003        |
|    loss                 | 0.00245       |
|    n_updates            | 1470          |
|    policy_gradient_loss | -0.00105      |
|    value_loss           | 0.000981      |
-------------------------------------------
------------------------------------------
| time/                   |              |
|    fps                  | 772          |
|    iterations           | 34           |
|    time_elapsed         | 67           |
|    total_timesteps      | 228864       |
| train/                  |              |
|    approx_kl            | 0.0002864595 |
|    clip_fraction        | 0.0041       |
|    clip_range           | 0.2          |
|    entropy_loss         | -0.0698      |
|    explained_variance   | 0.386        |
|    learning_rate        | 0.0003       |
|    loss                 | 0.00482      |
|    n_updates            | 1480         |
|    policy_gradient_loss | -0.000341    |
|    value_loss           | 0.000874     |
------------------------------------------
  step  230046/500000 ( 46.0%)  mean_rew=-0.000
------------------------------------------
| time/                   |              |
|    fps                  | 774          |
|    iterations           | 35           |
|    time_elapsed         | 69           |
|    total_timesteps      | 230400       |
| train/                  |              |
|    approx_kl            | 0.0005257859 |
|    clip_fraction        | 0.0148       |
|    clip_range           | 0.2          |
|    entropy_loss         | -0.0522      |
|    explained_variance   | 0.48         |
|    learning_rate        | 0.0003       |
|    loss                 | -0.00299     |
|    n_updates            | 1490         |
|    policy_gradient_loss | -0.00162     |
|    value_loss           | 0.000555     |
------------------------------------------
-----------------------------------------
| time/                   |             |
|    fps                  | 774         |
|    iterations           | 36          |
|    time_elapsed         | 71          |
|    total_timesteps      | 231936      |
| train/                  |             |
|    approx_kl            | 0.000294112 |
|    clip_fraction        | 0.00475     |
|    clip_range           | 0.2         |
|    entropy_loss         | -0.0669     |
|    explained_variance   | 0.495       |
|    learning_rate        | 0.0003      |
|    loss                 | 0.00121     |
|    n_updates            | 1500        |
|    policy_gradient_loss | -0.00034    |
|    value_loss           | 0.000715    |
-----------------------------------------
-------------------------------------------
| time/                   |               |
|    fps                  | 775           |
|    iterations           | 37            |
|    time_elapsed         | 73            |
|    total_timesteps      | 233472        |
| train/                  |               |
|    approx_kl            | 0.00030637972 |
|    clip_fraction        | 0.00892       |
|    clip_range           | 0.2           |
|    entropy_loss         | -0.0789       |
|    explained_variance   | 0.478         |
|    learning_rate        | 0.0003        |
|    loss                 | -0.00273      |
|    n_updates            | 1510          |
|    policy_gradient_loss | -0.00157      |
|    value_loss           | 0.000851      |
-------------------------------------------
-------------------------------------------
| time/                   |               |
|    fps                  | 777           |
|    iterations           | 38            |
|    time_elapsed         | 75            |
|    total_timesteps      | 235008        |
| train/                  |               |
|    approx_kl            | 0.00014278565 |
|    clip_fraction        | 0.0015        |
|    clip_range           | 0.2           |
|    entropy_loss         | -0.0749       |
|    explained_variance   | 0.553         |
|    learning_rate        | 0.0003        |
|    loss                 | 0.00102       |
|    n_updates            | 1520          |
|    policy_gradient_loss | 0.00023       |
|    value_loss           | 0.000594      |
-------------------------------------------
  step  235047/500000 ( 47.0%)  mean_rew=-0.000
-------------------------------------------
| time/                   |               |
|    fps                  | 777           |
|    iterations           | 39            |
|    time_elapsed         | 77            |
|    total_timesteps      | 236544        |
| train/                  |               |
|    approx_kl            | 0.00025049454 |
|    clip_fraction        | 0.000391      |
|    clip_range           | 0.2           |
|    entropy_loss         | -0.0681       |
|    explained_variance   | 0.628         |
|    learning_rate        | 0.0003        |
|    loss                 | -0.000771     |
|    n_updates            | 1530          |
|    policy_gradient_loss | 1.65e-05      |
|    value_loss           | 0.000461      |
-------------------------------------------
-------------------------------------------
| time/                   |               |
|    fps                  | 778           |
|    iterations           | 40            |
|    time_elapsed         | 78            |
|    total_timesteps      | 238080        |
| train/                  |               |
|    approx_kl            | 0.00055788225 |
|    clip_fraction        | 0.0102        |
|    clip_range           | 0.2           |
|    entropy_loss         | -0.0559       |
|    explained_variance   | 0.591         |
|    learning_rate        | 0.0003        |
|    loss                 | 0.000244      |
|    n_updates            | 1540          |
|    policy_gradient_loss | -0.000837     |
|    value_loss           | 0.000475      |
-------------------------------------------
-------------------------------------------
| time/                   |               |
|    fps                  | 772           |
|    iterations           | 41            |
|    time_elapsed         | 81            |
|    total_timesteps      | 239616        |
| train/                  |               |
|    approx_kl            | 0.00031773056 |
|    clip_fraction        | 0.00872       |
|    clip_range           | 0.2           |
|    entropy_loss         | -0.042        |
|    explained_variance   | 0.543         |
|    learning_rate        | 0.0003        |
|    loss                 | 0.000285      |
|    n_updates            | 1550          |
|    policy_gradient_loss | -0.000877     |
|    value_loss           | 0.000672      |
-------------------------------------------
  step  240048/500000 ( 48.0%)  mean_rew=-0.001
------------------------------------------
| time/                   |              |
|    fps                  | 773          |
|    iterations           | 42           |
|    time_elapsed         | 83           |
|    total_timesteps      | 241152       |
| train/                  |              |
|    approx_kl            | 0.0003439644 |
|    clip_fraction        | 0.00208      |
|    clip_range           | 0.2          |
|    entropy_loss         | -0.0555      |
|    explained_variance   | 0.716        |
|    learning_rate        | 0.0003       |
|    loss                 | 0.0091       |
|    n_updates            | 1560         |
|    policy_gradient_loss | 0.000314     |
|    value_loss           | 0.0192       |
------------------------------------------
------------------------------------------
| time/                   |              |
|    fps                  | 773          |
|    iterations           | 43           |
|    time_elapsed         | 85           |
|    total_timesteps      | 242688       |
| train/                  |              |
|    approx_kl            | 5.984446e-05 |
|    clip_fraction        | 0.00241      |
|    clip_range           | 0.2          |
|    entropy_loss         | -0.0445      |
|    explained_variance   | 0.00432      |
|    learning_rate        | 0.0003       |
|    loss                 | -5.79e-05    |
|    n_updates            | 1570         |
|    policy_gradient_loss | -2.65e-05    |
|    value_loss           | 0.000863     |
------------------------------------------
-------------------------------------------
| time/                   |               |
|    fps                  | 774           |
|    iterations           | 44            |
|    time_elapsed         | 87            |
|    total_timesteps      | 244224        |
| train/                  |               |
|    approx_kl            | 6.7061433e-06 |
|    clip_fraction        | 0             |
|    clip_range           | 0.2           |
|    entropy_loss         | -0.0426       |
|    explained_variance   | 0.0876        |
|    learning_rate        | 0.0003        |
|    loss                 | 0.000457      |
|    n_updates            | 1580          |
|    policy_gradient_loss | 1.68e-05      |
|    value_loss           | 0.0013        |
-------------------------------------------
  step  245049/500000 ( 49.0%)  mean_rew=-0.001
------------------------------------------
| time/                   |              |
|    fps                  | 764          |
|    iterations           | 45           |
|    time_elapsed         | 90           |
|    total_timesteps      | 245760       |
| train/                  |              |
|    approx_kl            | 0.0004986009 |
|    clip_fraction        | 0.00339      |
|    clip_range           | 0.2          |
|    entropy_loss         | -0.0362      |
|    explained_variance   | 0.104        |
|    learning_rate        | 0.0003       |
|    loss                 | 0.00104      |
|    n_updates            | 1590         |
|    policy_gradient_loss | -0.000255    |
|    value_loss           | 0.000626     |
------------------------------------------
-------------------------------------------
| time/                   |               |
|    fps                  | 765           |
|    iterations           | 46            |
|    time_elapsed         | 92            |
|    total_timesteps      | 247296        |
| train/                  |               |
|    approx_kl            | 0.00016348234 |
|    clip_fraction        | 0.00566       |
|    clip_range           | 0.2           |
|    entropy_loss         | -0.0603       |
|    explained_variance   | 0.823         |
|    learning_rate        | 0.0003        |
|    loss                 | 0.00245       |
|    n_updates            | 1600          |
|    policy_gradient_loss | 0.000926      |
|    value_loss           | 0.0309        |
-------------------------------------------
-------------------------------------------
| time/                   |               |
|    fps                  | 765           |
|    iterations           | 47            |
|    time_elapsed         | 94            |
|    total_timesteps      | 248832        |
| train/                  |               |
|    approx_kl            | 0.00011700601 |
|    clip_fraction        | 0.00423       |
|    clip_range           | 0.2           |
|    entropy_loss         | -0.0344       |
|    explained_variance   | -0.159        |
|    learning_rate        | 0.0003        |
|    loss                 | -0.00516      |
|    n_updates            | 1610          |
|    policy_gradient_loss | -0.000639     |
|    value_loss           | 0.00147       |
-------------------------------------------
  step  250050/500000 ( 50.0%)  mean_rew=-0.001
------------------------------------------
| time/                   |              |
|    fps                  | 767          |
|    iterations           | 48           |
|    time_elapsed         | 96           |
|    total_timesteps      | 250368       |
| train/                  |              |
|    approx_kl            | 6.595828e-05 |
|    clip_fraction        | 0.00208      |
|    clip_range           | 0.2          |
|    entropy_loss         | -0.0375      |
|    explained_variance   | -0.0946      |
|    learning_rate        | 0.0003       |
|    loss                 | 0.000535     |
|    n_updates            | 1620         |
|    policy_gradient_loss | -0.000357    |
|    value_loss           | 0.00165      |
------------------------------------------
-------------------------------------------
| time/                   |               |
|    fps                  | 768           |
|    iterations           | 49            |
|    time_elapsed         | 97            |
|    total_timesteps      | 251904        |
| train/                  |               |
|    approx_kl            | 0.00018181912 |
|    clip_fraction        | 0.00482       |
|    clip_range           | 0.2           |
|    entropy_loss         | -0.0332       |
|    explained_variance   | -0.034        |
|    learning_rate        | 0.0003        |
|    loss                 | -0.00243      |
|    n_updates            | 1630          |
|    policy_gradient_loss | -0.000486     |
|    value_loss           | 0.000724      |
-------------------------------------------
-------------------------------------------
| time/                   |               |
|    fps                  | 768           |
|    iterations           | 50            |
|    time_elapsed         | 99            |
|    total_timesteps      | 253440        |
| train/                  |               |
|    approx_kl            | 0.00014536253 |
|    clip_fraction        | 0.00215       |
|    clip_range           | 0.2           |
|    entropy_loss         | -0.0299       |
|    explained_variance   | 0.311         |
|    learning_rate        | 0.0003        |
|    loss                 | 0.000708      |
|    n_updates            | 1640          |
|    policy_gradient_loss | -0.000105     |
|    value_loss           | 0.00121       |
-------------------------------------------
-------------------------------------------
| time/                   |               |
|    fps                  | 769           |
|    iterations           | 51            |
|    time_elapsed         | 101           |
|    total_timesteps      | 254976        |
| train/                  |               |
|    approx_kl            | 0.00018738101 |
|    clip_fraction        | 0.00254       |
|    clip_range           | 0.2           |
|    entropy_loss         | -0.0333       |
|    explained_variance   | 0.0562        |
|    learning_rate        | 0.0003        |
|    loss                 | 0.000623      |
|    n_updates            | 1650          |
|    policy_gradient_loss | -0.000127     |
|    value_loss           | 0.00111       |
-------------------------------------------
  step  255051/500000 ( 51.0%)  mean_rew=-0.001
-------------------------------------------
| time/                   |               |
|    fps                  | 770           |
|    iterations           | 52            |
|    time_elapsed         | 103           |
|    total_timesteps      | 256512        |
| train/                  |               |
|    approx_kl            | 0.00022369465 |
|    clip_fraction        | 0.00332       |
|    clip_range           | 0.2           |
|    entropy_loss         | -0.0286       |
|    explained_variance   | 0.179         |
|    learning_rate        | 0.0003        |
|    loss                 | 0.000424      |
|    n_updates            | 1660          |
|    policy_gradient_loss | -0.000127     |
|    value_loss           | 0.000673      |
-------------------------------------------
-------------------------------------------
| time/                   |               |
|    fps                  | 768           |
|    iterations           | 53            |
|    time_elapsed         | 105           |
|    total_timesteps      | 258048        |
| train/                  |               |
|    approx_kl            | 4.7208934e-05 |
|    clip_fraction        | 0.00163       |
|    clip_range           | 0.2           |
|    entropy_loss         | -0.0316       |
|    explained_variance   | 0.401         |
|    learning_rate        | 0.0003        |
|    loss                 | 0.000352      |
|    n_updates            | 1670          |
|    policy_gradient_loss | -5.28e-05     |
|    value_loss           | 0.000525      |
-------------------------------------------
-------------------------------------------
| time/                   |               |
|    fps                  | 761           |
|    iterations           | 54            |
|    time_elapsed         | 108           |
|    total_timesteps      | 259584        |
| train/                  |               |
|    approx_kl            | 0.00018338645 |
|    clip_fraction        | 0.00221       |
|    clip_range           | 0.2           |
|    entropy_loss         | -0.0375       |
|    explained_variance   | 0.503         |
|    learning_rate        | 0.0003        |
|    loss                 | 3.47e-05      |
|    n_updates            | 1680          |
|    policy_gradient_loss | -0.00013      |
|    value_loss           | 0.00151       |
-------------------------------------------
  step  260052/500000 ( 52.0%)  mean_rew=-0.001
-------------------------------------------
| time/                   |               |
|    fps                  | 763           |
|    iterations           | 55            |
|    time_elapsed         | 110           |
|    total_timesteps      | 261120        |
| train/                  |               |
|    approx_kl            | 0.00078450114 |
|    clip_fraction        | 0.01          |
|    clip_range           | 0.2           |
|    entropy_loss         | -0.0618       |
|    explained_variance   | 0.819         |
|    learning_rate        | 0.0003        |
|    loss                 | 0.00985       |
|    n_updates            | 1690          |
|    policy_gradient_loss | -4.61e-06     |
|    value_loss           | 0.0309        |
-------------------------------------------
-------------------------------------------
| time/                   |               |
|    fps                  | 761           |
|    iterations           | 56            |
|    time_elapsed         | 112           |
|    total_timesteps      | 262656        |
| train/                  |               |
|    approx_kl            | 0.00019303562 |
|    clip_fraction        | 0.00195       |
|    clip_range           | 0.2           |
|    entropy_loss         | -0.0297       |
|    explained_variance   | -0.125        |
|    learning_rate        | 0.0003        |
|    loss                 | -0.00125      |
|    n_updates            | 1700          |
|    policy_gradient_loss | 0.0001        |
|    value_loss           | 0.000922      |
-------------------------------------------
-------------------------------------------
| time/                   |               |
|    fps                  | 759           |
|    iterations           | 57            |
|    time_elapsed         | 115           |
|    total_timesteps      | 264192        |
| train/                  |               |
|    approx_kl            | 0.00010987674 |
|    clip_fraction        | 0.000977      |
|    clip_range           | 0.2           |
|    entropy_loss         | -0.0277       |
|    explained_variance   | 0.362         |
|    learning_rate        | 0.0003        |
|    loss                 | 0.00108       |
|    n_updates            | 1710          |
|    policy_gradient_loss | -4.72e-05     |
|    value_loss           | 0.002         |
-------------------------------------------
  step  265053/500000 ( 53.0%)  mean_rew=-0.001
-------------------------------------------
| time/                   |               |
|    fps                  | 760           |
|    iterations           | 58            |
|    time_elapsed         | 117           |
|    total_timesteps      | 265728        |
| train/                  |               |
|    approx_kl            | 1.6228258e-05 |
|    clip_fraction        | 0.00267       |
|    clip_range           | 0.2           |
|    entropy_loss         | -0.0324       |
|    explained_variance   | 0.821         |
|    learning_rate        | 0.0003        |
|    loss                 | 0.00675       |
|    n_updates            | 1720          |
|    policy_gradient_loss | 0.000297      |
|    value_loss           | 0.0283        |
-------------------------------------------
-------------------------------------------
| time/                   |               |
|    fps                  | 761           |
|    iterations           | 59            |
|    time_elapsed         | 118           |
|    total_timesteps      | 267264        |
| train/                  |               |
|    approx_kl            | 4.7536527e-05 |
|    clip_fraction        | 0.000326      |
|    clip_range           | 0.2           |
|    entropy_loss         | -0.0242       |
|    explained_variance   | -0.301        |
|    learning_rate        | 0.0003        |
|    loss                 | 0.000762      |
|    n_updates            | 1730          |
|    policy_gradient_loss | -3.2e-05      |
|    value_loss           | 0.00128       |
-------------------------------------------
-------------------------------------------
| time/                   |               |
|    fps                  | 762           |
|    iterations           | 60            |
|    time_elapsed         | 120           |
|    total_timesteps      | 268800        |
| train/                  |               |
|    approx_kl            | 3.7992297e-05 |
|    clip_fraction        | 0.00156       |
|    clip_range           | 0.2           |
|    entropy_loss         | -0.0286       |
|    explained_variance   | -0.114        |
|    learning_rate        | 0.0003        |
|    loss                 | 0.000832      |
|    n_updates            | 1740          |
|    policy_gradient_loss | -0.000126     |
|    value_loss           | 0.00104       |
-------------------------------------------
  step  270054/500000 ( 54.0%)  mean_rew=-0.001
------------------------------------------
| time/                   |              |
|    fps                  | 762          |
|    iterations           | 61           |
|    time_elapsed         | 122          |
|    total_timesteps      | 270336       |
| train/                  |              |
|    approx_kl            | 8.654393e-05 |
|    clip_fraction        | 0.0028       |
|    clip_range           | 0.2          |
|    entropy_loss         | -0.0348      |
|    explained_variance   | -0.518       |
|    learning_rate        | 0.0003       |
|    loss                 | -0.00315     |
|    n_updates            | 1750         |
|    policy_gradient_loss | -0.000301    |
|    value_loss           | 0.00128      |
------------------------------------------
-------------------------------------------
| time/                   |               |
|    fps                  | 763           |
|    iterations           | 62            |
|    time_elapsed         | 124           |
|    total_timesteps      | 271872        |
| train/                  |               |
|    approx_kl            | 5.7235826e-05 |
|    clip_fraction        | 0.0015        |
|    clip_range           | 0.2           |
|    entropy_loss         | -0.0405       |
|    explained_variance   | 0.0445        |
|    learning_rate        | 0.0003        |
|    loss                 | 0.000515      |
|    n_updates            | 1760          |
|    policy_gradient_loss | -7.05e-05     |
|    value_loss           | 0.00161       |
-------------------------------------------
------------------------------------------
| time/                   |              |
|    fps                  | 764          |
|    iterations           | 63           |
|    time_elapsed         | 126          |
|    total_timesteps      | 273408       |
| train/                  |              |
|    approx_kl            | 0.0003245117 |
|    clip_fraction        | 0.00508      |
|    clip_range           | 0.2          |
|    entropy_loss         | -0.0475      |
|    explained_variance   | 0.00355      |
|    learning_rate        | 0.0003       |
|    loss                 | -0.00161     |
|    n_updates            | 1770         |
|    policy_gradient_loss | -8.62e-05    |
|    value_loss           | 0.000858     |
------------------------------------------
-------------------------------------------
| time/                   |               |
|    fps                  | 764           |
|    iterations           | 64            |
|    time_elapsed         | 128           |
|    total_timesteps      | 274944        |
| train/                  |               |
|    approx_kl            | 0.00019061209 |
|    clip_fraction        | 0.00417       |
|    clip_range           | 0.2           |
|    entropy_loss         | -0.0541       |
|    explained_variance   | 0.165         |
|    learning_rate        | 0.0003        |
|    loss                 | -0.000242     |
|    n_updates            | 1780          |
|    policy_gradient_loss | -8.99e-05     |
|    value_loss           | 0.000916      |
-------------------------------------------
  step  275055/500000 ( 55.0%)  mean_rew=-0.001
------------------------------------------
| time/                   |              |
|    fps                  | 765          |
|    iterations           | 65           |
|    time_elapsed         | 130          |
|    total_timesteps      | 276480       |
| train/                  |              |
|    approx_kl            | 7.710928e-05 |
|    clip_fraction        | 0.00514      |
|    clip_range           | 0.2          |
|    entropy_loss         | -0.067       |
|    explained_variance   | 0.131        |
|    learning_rate        | 0.0003       |
|    loss                 | 0.000379     |
|    n_updates            | 1790         |
|    policy_gradient_loss | -0.000461    |
|    value_loss           | 0.00109      |
------------------------------------------
------------------------------------------
| time/                   |              |
|    fps                  | 766          |
|    iterations           | 66           |
|    time_elapsed         | 132          |
|    total_timesteps      | 278016       |
| train/                  |              |
|    approx_kl            | 0.0004222399 |
|    clip_fraction        | 0.0116       |
|    clip_range           | 0.2          |
|    entropy_loss         | -0.0467      |
|    explained_variance   | 0.244        |
|    learning_rate        | 0.0003       |
|    loss                 | -0.000378    |
|    n_updates            | 1800         |
|    policy_gradient_loss | -0.00125     |
|    value_loss           | 0.000585     |
------------------------------------------
------------------------------------------
| time/                   |              |
|    fps                  | 766          |
|    iterations           | 67           |
|    time_elapsed         | 134          |
|    total_timesteps      | 279552       |
| train/                  |              |
|    approx_kl            | 0.0003252688 |
|    clip_fraction        | 0.00723      |
|    clip_range           | 0.2          |
|    entropy_loss         | -0.0373      |
|    explained_variance   | 0.455        |
|    learning_rate        | 0.0003       |
|    loss                 | -0.0074      |
|    n_updates            | 1810         |
|    policy_gradient_loss | -0.00205     |
|    value_loss           | 0.000924     |
------------------------------------------
  step  280056/500000 ( 56.0%)  mean_rew=-0.001
-------------------------------------------
| time/                   |               |
|    fps                  | 767           |
|    iterations           | 68            |
|    time_elapsed         | 136           |
|    total_timesteps      | 281088        |
| train/                  |               |
|    approx_kl            | 0.00015608051 |
|    clip_fraction        | 0.0026        |
|    clip_range           | 0.2           |
|    entropy_loss         | -0.0365       |
|    explained_variance   | 0.35          |
|    learning_rate        | 0.0003        |
|    loss                 | 0.00264       |
|    n_updates            | 1820          |
|    policy_gradient_loss | -0.0002       |
|    value_loss           | 0.000976      |
-------------------------------------------
-------------------------------------------
| time/                   |               |
|    fps                  | 768           |
|    iterations           | 69            |
|    time_elapsed         | 137           |
|    total_timesteps      | 282624        |
| train/                  |               |
|    approx_kl            | 0.00020345107 |
|    clip_fraction        | 0.00208       |
|    clip_range           | 0.2           |
|    entropy_loss         | -0.035        |
|    explained_variance   | 0.523         |
|    learning_rate        | 0.0003        |
|    loss                 | -0.00362      |
|    n_updates            | 1830          |
|    policy_gradient_loss | 0.000241      |
|    value_loss           | 0.00103       |
-------------------------------------------
-------------------------------------------
| time/                   |               |
|    fps                  | 768           |
|    iterations           | 70            |
|    time_elapsed         | 139           |
|    total_timesteps      | 284160        |
| train/                  |               |
|    approx_kl            | 0.00013471344 |
|    clip_fraction        | 0.00423       |
|    clip_range           | 0.2           |
|    entropy_loss         | -0.0286       |
|    explained_variance   | 0.607         |
|    learning_rate        | 0.0003        |
|    loss                 | -0.000166     |
|    n_updates            | 1840          |
|    policy_gradient_loss | -0.000344     |
|    value_loss           | 0.000459      |
-------------------------------------------
  step  285057/500000 ( 57.0%)  mean_rew=-0.001
-------------------------------------------
| time/                   |               |
|    fps                  | 769           |
|    iterations           | 71            |
|    time_elapsed         | 141           |
|    total_timesteps      | 285696        |
| train/                  |               |
|    approx_kl            | 5.3564243e-05 |
|    clip_fraction        | 0.00163       |
|    clip_range           | 0.2           |
|    entropy_loss         | -0.0231       |
|    explained_variance   | 0.541         |
|    learning_rate        | 0.0003        |
|    loss                 | 0.00076       |
|    n_updates            | 1850          |
|    policy_gradient_loss | -0.000139     |
|    value_loss           | 0.000686      |
-------------------------------------------
------------------------------------------
| time/                   |              |
|    fps                  | 770          |
|    iterations           | 72           |
|    time_elapsed         | 143          |
|    total_timesteps      | 287232       |
| train/                  |              |
|    approx_kl            | 8.881558e-05 |
|    clip_fraction        | 0.0013       |
|    clip_range           | 0.2          |
|    entropy_loss         | -0.0215      |
|    explained_variance   | 0.546        |
|    learning_rate        | 0.0003       |
|    loss                 | 0.000206     |
|    n_updates            | 1860         |
|    policy_gradient_loss | 9.58e-06     |
|    value_loss           | 0.000725     |
------------------------------------------
------------------------------------------
| time/                   |              |
|    fps                  | 766          |
|    iterations           | 73           |
|    time_elapsed         | 146          |
|    total_timesteps      | 288768       |
| train/                  |              |
|    approx_kl            | 0.0001496267 |
|    clip_fraction        | 0.00352      |
|    clip_range           | 0.2          |
|    entropy_loss         | -0.0164      |
|    explained_variance   | 0.624        |
|    learning_rate        | 0.0003       |
|    loss                 | -0.00076     |
|    n_updates            | 1870         |
|    policy_gradient_loss | -0.000445    |
|    value_loss           | 0.000445     |
------------------------------------------
  step  290058/500000 ( 58.0%)  mean_rew=-0.000
------------------------------------------
| time/                   |              |
|    fps                  | 765          |
|    iterations           | 74           |
|    time_elapsed         | 148          |
|    total_timesteps      | 290304       |
| train/                  |              |
|    approx_kl            | 0.0050825686 |
|    clip_fraction        | 0.00677      |
|    clip_range           | 0.2          |
|    entropy_loss         | -0.0404      |
|    explained_variance   | 0.773        |
|    learning_rate        | 0.0003       |
|    loss                 | -0.00192     |
|    n_updates            | 1880         |
|    policy_gradient_loss | 0.000573     |
|    value_loss           | 0.00801      |
------------------------------------------
------------------------------------------
| time/                   |              |
|    fps                  | 766          |
|    iterations           | 75           |
|    time_elapsed         | 150          |
|    total_timesteps      | 291840       |
| train/                  |              |
|    approx_kl            | 0.0010969139 |
|    clip_fraction        | 0.0097       |
|    clip_range           | 0.2          |
|    entropy_loss         | -0.0595      |
|    explained_variance   | 0.865        |
|    learning_rate        | 0.0003       |
|    loss                 | 0.0125       |
|    n_updates            | 1890         |
|    policy_gradient_loss | -0.00223     |
|    value_loss           | 0.0249       |
------------------------------------------
------------------------------------------
| time/                   |              |
|    fps                  | 767          |
|    iterations           | 76           |
|    time_elapsed         | 152          |
|    total_timesteps      | 293376       |
| train/                  |              |
|    approx_kl            | 0.0006342434 |
|    clip_fraction        | 0.00482      |
|    clip_range           | 0.2          |
|    entropy_loss         | -0.0427      |
|    explained_variance   | 0.307        |
|    learning_rate        | 0.0003       |
|    loss                 | 0.00119      |
|    n_updates            | 1900         |
|    policy_gradient_loss | -3.89e-05    |
|    value_loss           | 0.00163      |
------------------------------------------
-------------------------------------------
| time/                   |               |
|    fps                  | 767           |
|    iterations           | 77            |
|    time_elapsed         | 154           |
|    total_timesteps      | 294912        |
| train/                  |               |
|    approx_kl            | 0.00023660723 |
|    clip_fraction        | 0.00254       |
|    clip_range           | 0.2           |
|    entropy_loss         | -0.0433       |
|    explained_variance   | 0.151         |
|    learning_rate        | 0.0003        |
|    loss                 | -0.00278      |
|    n_updates            | 1910          |
|    policy_gradient_loss | -4.62e-05     |
|    value_loss           | 0.000843      |
-------------------------------------------
  step  295059/500000 ( 59.0%)  mean_rew=-0.000
-------------------------------------------
| time/                   |               |
|    fps                  | 767           |
|    iterations           | 78            |
|    time_elapsed         | 156           |
|    total_timesteps      | 296448        |
| train/                  |               |
|    approx_kl            | 0.00041521352 |
|    clip_fraction        | 0.00449       |
|    clip_range           | 0.2           |
|    entropy_loss         | -0.0471       |
|    explained_variance   | 0.208         |
|    learning_rate        | 0.0003        |
|    loss                 | -0.0059       |
|    n_updates            | 1920          |
|    policy_gradient_loss | -0.000228     |
|    value_loss           | 0.001         |
-------------------------------------------
------------------------------------------
| time/                   |              |
|    fps                  | 764          |
|    iterations           | 79           |
|    time_elapsed         | 158          |
|    total_timesteps      | 297984       |
| train/                  |              |
|    approx_kl            | 6.618685e-05 |
|    clip_fraction        | 0.00234      |
|    clip_range           | 0.2          |
|    entropy_loss         | -0.0526      |
|    explained_variance   | 0.376        |
|    learning_rate        | 0.0003       |
|    loss                 | 0.000233     |
|    n_updates            | 1930         |
|    policy_gradient_loss | -1.96e-05    |
|    value_loss           | 0.00104      |
------------------------------------------
------------------------------------------
| time/                   |              |
|    fps                  | 764          |
|    iterations           | 80           |
|    time_elapsed         | 160          |
|    total_timesteps      | 299520       |
| train/                  |              |
|    approx_kl            | 0.0035873696 |
|    clip_fraction        | 0.0183       |
|    clip_range           | 0.2          |
|    entropy_loss         | -0.0843      |
|    explained_variance   | 0.825        |
|    learning_rate        | 0.0003       |
|    loss                 | 0.0204       |
|    n_updates            | 1940         |
|    policy_gradient_loss | -0.000523    |
|    value_loss           | 0.0333       |
------------------------------------------
  step  300060/500000 ( 60.0%)  mean_rew=-0.001
------------------------------------------
| time/                   |              |
|    fps                  | 765          |
|    iterations           | 81           |
|    time_elapsed         | 162          |
|    total_timesteps      | 301056       |
| train/                  |              |
|    approx_kl            | 6.261453e-05 |
|    clip_fraction        | 0.00313      |
|    clip_range           | 0.2          |
|    entropy_loss         | -0.0524      |
|    explained_variance   | -0.165       |
|    learning_rate        | 0.0003       |
|    loss                 | 0.000606     |
|    n_updates            | 1950         |
|    policy_gradient_loss | 0.000119     |
|    value_loss           | 0.0013       |
------------------------------------------
-------------------------------------------
| time/                   |               |
|    fps                  | 765           |
|    iterations           | 82            |
|    time_elapsed         | 164           |
|    total_timesteps      | 302592        |
| train/                  |               |
|    approx_kl            | 0.00023362425 |
|    clip_fraction        | 0.00579       |
|    clip_range           | 0.2           |
|    entropy_loss         | -0.0624       |
|    explained_variance   | -0.0974       |
|    learning_rate        | 0.0003        |
|    loss                 | 0.000228      |
|    n_updates            | 1960          |
|    policy_gradient_loss | -0.000426     |
|    value_loss           | 0.0016        |
-------------------------------------------
  Stage 3 saved -> cologne3_ppo_stage3_75pct.zip

────────────────────────────────────────────────────────────
  Stage 4/4  100% demand  200000 steps  (cumulative -> 500000)
  Route: cologne3.rou.xml
────────────────────────────────────────────────────────────
-------------------------------
| time/              |        |
|    fps             | 834    |
|    iterations      | 1      |
|    time_elapsed    | 1      |
|    total_timesteps | 304128 |
-------------------------------
  step  305061/500000 ( 61.0%)  mean_rew=-0.001
-------------------------------------------
| time/                   |               |
|    fps                  | 747           |
|    iterations           | 2             |
|    time_elapsed         | 4             |
|    total_timesteps      | 305664        |
| train/                  |               |
|    approx_kl            | 1.0755728e-05 |
|    clip_fraction        | 0.000716      |
|    clip_range           | 0.2           |
|    entropy_loss         | -0.0483       |
|    explained_variance   | 0.19          |
|    learning_rate        | 0.0003        |
|    loss                 | 0.00164       |
|    n_updates            | 1980          |
|    policy_gradient_loss | 0.000271      |
|    value_loss           | 0.00262       |
-------------------------------------------
------------------------------------------
| time/                   |              |
|    fps                  | 427          |
|    iterations           | 3            |
|    time_elapsed         | 10           |
|    total_timesteps      | 307200       |
| train/                  |              |
|    approx_kl            | 0.0069270567 |
|    clip_fraction        | 0.0159       |
|    clip_range           | 0.2          |
|    entropy_loss         | -0.108       |
|    explained_variance   | 0.578        |
|    learning_rate        | 0.0003       |
|    loss                 | 0.0121       |
|    n_updates            | 1990         |
|    policy_gradient_loss | -0.0024      |
|    value_loss           | 0.00387      |
------------------------------------------
------------------------------------------
| time/                   |              |
|    fps                  | 357          |
|    iterations           | 4            |
|    time_elapsed         | 17           |
|    total_timesteps      | 308736       |
| train/                  |              |
|    approx_kl            | 0.0010327868 |
|    clip_fraction        | 0.00645      |
|    clip_range           | 0.2          |
|    entropy_loss         | -0.0665      |
|    explained_variance   | 0.89         |
|    learning_rate        | 0.0003       |
|    loss                 | 0.0454       |
|    n_updates            | 2000         |
|    policy_gradient_loss | -0.0011      |
|    value_loss           | 0.112        |
------------------------------------------
  step  310062/500000 ( 62.0%)  mean_rew=-0.001
-------------------------------------------
| time/                   |               |
|    fps                  | 361           |
|    iterations           | 5             |
|    time_elapsed         | 21            |
|    total_timesteps      | 310272        |
| train/                  |               |
|    approx_kl            | 2.9765573e-05 |
|    clip_fraction        | 0.00319       |
|    clip_range           | 0.2           |
|    entropy_loss         | -0.0541       |
|    explained_variance   | 0.947         |
|    learning_rate        | 0.0003        |
|    loss                 | 0.0122        |
|    n_updates            | 2010          |
|    policy_gradient_loss | 0.000462      |
|    value_loss           | 0.0463        |
-------------------------------------------
------------------------------------------
| time/                   |              |
|    fps                  | 394          |
|    iterations           | 6            |
|    time_elapsed         | 23           |
|    total_timesteps      | 311808       |
| train/                  |              |
|    approx_kl            | 0.0002263325 |
|    clip_fraction        | 0.0104       |
|    clip_range           | 0.2          |
|    entropy_loss         | -0.105       |
|    explained_variance   | 0.901        |
|    learning_rate        | 0.0003       |
|    loss                 | 0.155        |
|    n_updates            | 2020         |
|    policy_gradient_loss | -0.000547    |
|    value_loss           | 0.14         |
------------------------------------------
------------------------------------------
| time/                   |              |
|    fps                  | 421          |
|    iterations           | 7            |
|    time_elapsed         | 25           |
|    total_timesteps      | 313344       |
| train/                  |              |
|    approx_kl            | 0.0010697023 |
|    clip_fraction        | 0.0132       |
|    clip_range           | 0.2          |
|    entropy_loss         | -0.109       |
|    explained_variance   | 0.778        |
|    learning_rate        | 0.0003       |
|    loss                 | -0.00162     |
|    n_updates            | 2030         |
|    policy_gradient_loss | 0.000449     |
|    value_loss           | 0.00401      |
------------------------------------------
-----------------------------------------
| time/                   |             |
|    fps                  | 441         |
|    iterations           | 8           |
|    time_elapsed         | 27          |
|    total_timesteps      | 314880      |
| train/                  |             |
|    approx_kl            | 0.001907192 |
|    clip_fraction        | 0.0143      |
|    clip_range           | 0.2         |
|    entropy_loss         | -0.0979     |
|    explained_variance   | 0.792       |
|    learning_rate        | 0.0003      |
|    loss                 | 0.00202     |
|    n_updates            | 2040        |
|    policy_gradient_loss | 0.000175    |
|    value_loss           | 0.00389     |
-----------------------------------------
  step  315063/500000 ( 63.0%)  mean_rew=-0.001
-----------------------------------------
| time/                   |             |
|    fps                  | 459         |
|    iterations           | 9           |
|    time_elapsed         | 30          |
|    total_timesteps      | 316416      |
| train/                  |             |
|    approx_kl            | 0.001964832 |
|    clip_fraction        | 0.0124      |
|    clip_range           | 0.2         |
|    entropy_loss         | -0.0729     |
|    explained_variance   | 0.742       |
|    learning_rate        | 0.0003      |
|    loss                 | -0.00132    |
|    n_updates            | 2050        |
|    policy_gradient_loss | -0.000455   |
|    value_loss           | 0.00344     |
-----------------------------------------
-------------------------------------------
| time/                   |               |
|    fps                  | 463           |
|    iterations           | 10            |
|    time_elapsed         | 33            |
|    total_timesteps      | 317952        |
| train/                  |               |
|    approx_kl            | 0.00076944876 |
|    clip_fraction        | 0.00911       |
|    clip_range           | 0.2           |
|    entropy_loss         | -0.0565       |
|    explained_variance   | 0.717         |
|    learning_rate        | 0.0003        |
|    loss                 | -0.00146      |
|    n_updates            | 2060          |
|    policy_gradient_loss | -9.04e-05     |
|    value_loss           | 0.00348       |
-------------------------------------------
------------------------------------------
| time/                   |              |
|    fps                  | 473          |
|    iterations           | 11           |
|    time_elapsed         | 35           |
|    total_timesteps      | 319488       |
| train/                  |              |
|    approx_kl            | 0.0005594147 |
|    clip_fraction        | 0.00534      |
|    clip_range           | 0.2          |
|    entropy_loss         | -0.0705      |
|    explained_variance   | 0.864        |
|    learning_rate        | 0.0003       |
|    loss                 | 0.0991       |
|    n_updates            | 2070         |
|    policy_gradient_loss | -0.0016      |
|    value_loss           | 0.116        |
------------------------------------------
  step  320064/500000 ( 64.0%)  mean_rew=-0.003
-------------------------------------------
| time/                   |               |
|    fps                  | 477           |
|    iterations           | 12            |
|    time_elapsed         | 38            |
|    total_timesteps      | 321024        |
| train/                  |               |
|    approx_kl            | 2.1667336e-05 |
|    clip_fraction        | 0.00234       |
|    clip_range           | 0.2           |
|    entropy_loss         | -0.0643       |
|    explained_variance   | 0.866         |
|    learning_rate        | 0.0003        |
|    loss                 | 0.00593       |
|    n_updates            | 2080          |
|    policy_gradient_loss | 0.000195      |
|    value_loss           | 0.0141        |
-------------------------------------------
------------------------------------------
| time/                   |              |
|    fps                  | 477          |
|    iterations           | 13           |
|    time_elapsed         | 41           |
|    total_timesteps      | 322560       |
| train/                  |              |
|    approx_kl            | 0.0026232945 |
|    clip_fraction        | 0.0268       |
|    clip_range           | 0.2          |
|    entropy_loss         | -0.0633      |
|    explained_variance   | 0.89         |
|    learning_rate        | 0.0003       |
|    loss                 | 0.13         |
|    n_updates            | 2090         |
|    policy_gradient_loss | -0.00336     |
|    value_loss           | 0.137        |
------------------------------------------
-----------------------------------------
| time/                   |             |
|    fps                  | 488         |
|    iterations           | 14          |
|    time_elapsed         | 44          |
|    total_timesteps      | 324096      |
| train/                  |             |
|    approx_kl            | 0.001272438 |
|    clip_fraction        | 0.00671     |
|    clip_range           | 0.2         |
|    entropy_loss         | -0.0733     |
|    explained_variance   | 0.907       |
|    learning_rate        | 0.0003      |
|    loss                 | 0.0339      |
|    n_updates            | 2100        |
|    policy_gradient_loss | 1.06e-05    |
|    value_loss           | 0.145       |
-----------------------------------------
  step  325065/500000 ( 65.0%)  mean_rew=-0.002
-------------------------------------------
| time/                   |               |
|    fps                  | 496           |
|    iterations           | 15            |
|    time_elapsed         | 46            |
|    total_timesteps      | 325632        |
| train/                  |               |
|    approx_kl            | 0.00065941754 |
|    clip_fraction        | 0.00918       |
|    clip_range           | 0.2           |
|    entropy_loss         | -0.0319       |
|    explained_variance   | 0.245         |
|    learning_rate        | 0.0003        |
|    loss                 | 0.00775       |
|    n_updates            | 2110          |
|    policy_gradient_loss | -0.000667     |
|    value_loss           | 0.0115        |
-------------------------------------------
-------------------------------------------
| time/                   |               |
|    fps                  | 504           |
|    iterations           | 16            |
|    time_elapsed         | 48            |
|    total_timesteps      | 327168        |
| train/                  |               |
|    approx_kl            | 0.00011665494 |
|    clip_fraction        | 0.000846      |
|    clip_range           | 0.2           |
|    entropy_loss         | -0.0285       |
|    explained_variance   | 0.15          |
|    learning_rate        | 0.0003        |
|    loss                 | 0.00445       |
|    n_updates            | 2120          |
|    policy_gradient_loss | -7.52e-05     |
|    value_loss           | 0.00866       |
-------------------------------------------
-------------------------------------------
| time/                   |               |
|    fps                  | 514           |
|    iterations           | 17            |
|    time_elapsed         | 50            |
|    total_timesteps      | 328704        |
| train/                  |               |
|    approx_kl            | 9.1737915e-05 |
|    clip_fraction        | 0.000716      |
|    clip_range           | 0.2           |
|    entropy_loss         | -0.024        |
|    explained_variance   | 0.08          |
|    learning_rate        | 0.0003        |
|    loss                 | 0.00482       |
|    n_updates            | 2130          |
|    policy_gradient_loss | -6.19e-05     |
|    value_loss           | 0.00995       |
-------------------------------------------
  step  330066/500000 ( 66.0%)  mean_rew=-0.001
------------------------------------------
| time/                   |              |
|    fps                  | 518          |
|    iterations           | 18           |
|    time_elapsed         | 53           |
|    total_timesteps      | 330240       |
| train/                  |              |
|    approx_kl            | 8.104796e-05 |
|    clip_fraction        | 0.000651     |
|    clip_range           | 0.2          |
|    entropy_loss         | -0.0195      |
|    explained_variance   | 0.0711       |
|    learning_rate        | 0.0003       |
|    loss                 | -0.00134     |
|    n_updates            | 2140         |
|    policy_gradient_loss | -3.03e-05    |
|    value_loss           | 0.00391      |
------------------------------------------
------------------------------------------
| time/                   |              |
|    fps                  | 518          |
|    iterations           | 19           |
|    time_elapsed         | 56           |
|    total_timesteps      | 331776       |
| train/                  |              |
|    approx_kl            | 9.397798e-05 |
|    clip_fraction        | 0.00365      |
|    clip_range           | 0.2          |
|    entropy_loss         | -0.0246      |
|    explained_variance   | 0.838        |
|    learning_rate        | 0.0003       |
|    loss                 | 0.0053       |
|    n_updates            | 2150         |
|    policy_gradient_loss | -0.000411    |
|    value_loss           | 0.0145       |
------------------------------------------
-------------------------------------------
| time/                   |               |
|    fps                  | 516           |
|    iterations           | 20            |
|    time_elapsed         | 59            |
|    total_timesteps      | 333312        |
| train/                  |               |
|    approx_kl            | 0.00017080542 |
|    clip_fraction        | 0.00378       |
|    clip_range           | 0.2           |
|    entropy_loss         | -0.0598       |
|    explained_variance   | 0.901         |
|    learning_rate        | 0.0003        |
|    loss                 | 0.0272        |
|    n_updates            | 2160          |
|    policy_gradient_loss | 0.00047       |
|    value_loss           | 0.0996        |
-------------------------------------------
-------------------------------------------
| time/                   |               |
|    fps                  | 523           |
|    iterations           | 21            |
|    time_elapsed         | 61            |
|    total_timesteps      | 334848        |
| train/                  |               |
|    approx_kl            | 0.00026201748 |
|    clip_fraction        | 0.00417       |
|    clip_range           | 0.2           |
|    entropy_loss         | -0.0626       |
|    explained_variance   | 0.915         |
|    learning_rate        | 0.0003        |
|    loss                 | 0.0947        |
|    n_updates            | 2170          |
|    policy_gradient_loss | 0.000356      |
|    value_loss           | 0.116         |
-------------------------------------------
  step  335067/500000 ( 67.0%)  mean_rew=-0.001
-------------------------------------------
| time/                   |               |
|    fps                  | 527           |
|    iterations           | 22            |
|    time_elapsed         | 64            |
|    total_timesteps      | 336384        |
| train/                  |               |
|    approx_kl            | 0.00014242285 |
|    clip_fraction        | 0.00352       |
|    clip_range           | 0.2           |
|    entropy_loss         | -0.0289       |
|    explained_variance   | -0.0181       |
|    learning_rate        | 0.0003        |
|    loss                 | 0.00358       |
|    n_updates            | 2180          |
|    policy_gradient_loss | -0.000357     |
|    value_loss           | 0.0104        |
-------------------------------------------
-------------------------------------------
| time/                   |               |
|    fps                  | 533           |
|    iterations           | 23            |
|    time_elapsed         | 66            |
|    total_timesteps      | 337920        |
| train/                  |               |
|    approx_kl            | 0.00013159234 |
|    clip_fraction        | 0.00104       |
|    clip_range           | 0.2           |
|    entropy_loss         | -0.0241       |
|    explained_variance   | -0.113        |
|    learning_rate        | 0.0003        |
|    loss                 | 0.00596       |
|    n_updates            | 2190          |
|    policy_gradient_loss | -3.27e-05     |
|    value_loss           | 0.01          |
-------------------------------------------
------------------------------------------
| time/                   |              |
|    fps                  | 539          |
|    iterations           | 24           |
|    time_elapsed         | 68           |
|    total_timesteps      | 339456       |
| train/                  |              |
|    approx_kl            | 6.174343e-05 |
|    clip_fraction        | 0.00169      |
|    clip_range           | 0.2          |
|    entropy_loss         | -0.0272      |
|    explained_variance   | 0.0229       |
|    learning_rate        | 0.0003       |
|    loss                 | 0.00314      |
|    n_updates            | 2200         |
|    policy_gradient_loss | -0.000359    |
|    value_loss           | 0.00807      |
------------------------------------------
  step  340068/500000 ( 68.0%)  mean_rew=-0.003
-------------------------------------------
| time/                   |               |
|    fps                  | 544           |
|    iterations           | 25            |
|    time_elapsed         | 70            |
|    total_timesteps      | 340992        |
| train/                  |               |
|    approx_kl            | 5.3437543e-05 |
|    clip_fraction        | 0.000781      |
|    clip_range           | 0.2           |
|    entropy_loss         | -0.023        |
|    explained_variance   | -0.283        |
|    learning_rate        | 0.0003        |
|    loss                 | 0.0019        |
|    n_updates            | 2210          |
|    policy_gradient_loss | -0.000106     |
|    value_loss           | 0.00394       |
-------------------------------------------
-------------------------------------------
| time/                   |               |
|    fps                  | 548           |
|    iterations           | 26            |
|    time_elapsed         | 72            |
|    total_timesteps      | 342528        |
| train/                  |               |
|    approx_kl            | 0.00016698446 |
|    clip_fraction        | 0.00176       |
|    clip_range           | 0.2           |
|    entropy_loss         | -0.0249       |
|    explained_variance   | -0.0984       |
|    learning_rate        | 0.0003        |
|    loss                 | 0.00262       |
|    n_updates            | 2220          |
|    policy_gradient_loss | -8.94e-05     |
|    value_loss           | 0.00785       |
-------------------------------------------
------------------------------------------
| time/                   |              |
|    fps                  | 554          |
|    iterations           | 27           |
|    time_elapsed         | 74           |
|    total_timesteps      | 344064       |
| train/                  |              |
|    approx_kl            | 8.447608e-05 |
|    clip_fraction        | 0.00169      |
|    clip_range           | 0.2          |
|    entropy_loss         | -0.0216      |
|    explained_variance   | 0.0728       |
|    learning_rate        | 0.0003       |
|    loss                 | 0.00177      |
|    n_updates            | 2230         |
|    policy_gradient_loss | -9.38e-05    |
|    value_loss           | 0.00491      |
------------------------------------------
  step  345069/500000 ( 69.0%)  mean_rew=-0.001
-------------------------------------------
| time/                   |               |
|    fps                  | 558           |
|    iterations           | 28            |
|    time_elapsed         | 77            |
|    total_timesteps      | 345600        |
| train/                  |               |
|    approx_kl            | 3.4092187e-05 |
|    clip_fraction        | 0.000911      |
|    clip_range           | 0.2           |
|    entropy_loss         | -0.0172       |
|    explained_variance   | -0.0186       |
|    learning_rate        | 0.0003        |
|    loss                 | 0.000975      |
|    n_updates            | 2240          |
|    policy_gradient_loss | -0.000122     |
|    value_loss           | 0.00238       |
-------------------------------------------
-------------------------------------------
| time/                   |               |
|    fps                  | 560           |
|    iterations           | 29            |
|    time_elapsed         | 79            |
|    total_timesteps      | 347136        |
| train/                  |               |
|    approx_kl            | 0.00065497804 |
|    clip_fraction        | 0.00319       |
|    clip_range           | 0.2           |
|    entropy_loss         | -0.0128       |
|    explained_variance   | 0.197         |
|    learning_rate        | 0.0003        |
|    loss                 | 0.00152       |
|    n_updates            | 2250          |
|    policy_gradient_loss | -0.000474     |
|    value_loss           | 0.00562       |
-------------------------------------------
-------------------------------------------
| time/                   |               |
|    fps                  | 564           |
|    iterations           | 30            |
|    time_elapsed         | 81            |
|    total_timesteps      | 348672        |
| train/                  |               |
|    approx_kl            | 1.8989356e-05 |
|    clip_fraction        | 0.000716      |
|    clip_range           | 0.2           |
|    entropy_loss         | -0.0118       |
|    explained_variance   | 0.275         |
|    learning_rate        | 0.0003        |
|    loss                 | -0.00139      |
|    n_updates            | 2260          |
|    policy_gradient_loss | -0.000149     |
|    value_loss           | 0.00303       |
-------------------------------------------
  step  350070/500000 ( 70.0%)  mean_rew=-0.001
-------------------------------------------
| time/                   |               |
|    fps                  | 568           |
|    iterations           | 31            |
|    time_elapsed         | 83            |
|    total_timesteps      | 350208        |
| train/                  |               |
|    approx_kl            | 3.8586168e-05 |
|    clip_fraction        | 0.000456      |
|    clip_range           | 0.2           |
|    entropy_loss         | -0.0104       |
|    explained_variance   | 0.571         |
|    learning_rate        | 0.0003        |
|    loss                 | 0.00139       |
|    n_updates            | 2270          |
|    policy_gradient_loss | -6.99e-05     |
|    value_loss           | 0.00278       |
-------------------------------------------
------------------------------------------
| time/                   |              |
|    fps                  | 571          |
|    iterations           | 32           |
|    time_elapsed         | 85           |
|    total_timesteps      | 351744       |
| train/                  |              |
|    approx_kl            | 3.019507e-05 |
|    clip_fraction        | 0.000391     |
|    clip_range           | 0.2          |
|    entropy_loss         | -0.00853     |
|    explained_variance   | 0.52         |
|    learning_rate        | 0.0003       |
|    loss                 | 0.000698     |
|    n_updates            | 2280         |
|    policy_gradient_loss | -3.69e-05    |
|    value_loss           | 0.00159      |
------------------------------------------
-------------------------------------------
| time/                   |               |
|    fps                  | 574           |
|    iterations           | 33            |
|    time_elapsed         | 88            |
|    total_timesteps      | 353280        |
| train/                  |               |
|    approx_kl            | 5.5404653e-05 |
|    clip_fraction        | 0.000391      |
|    clip_range           | 0.2           |
|    entropy_loss         | -0.00902      |
|    explained_variance   | 0.611         |
|    learning_rate        | 0.0003        |
|    loss                 | 0.000691      |
|    n_updates            | 2290          |
|    policy_gradient_loss | -3.62e-05     |
|    value_loss           | 0.00211       |
-------------------------------------------
------------------------------------------
| time/                   |              |
|    fps                  | 577          |
|    iterations           | 34           |
|    time_elapsed         | 90           |
|    total_timesteps      | 354816       |
| train/                  |              |
|    approx_kl            | 4.672135e-08 |
|    clip_fraction        | 0            |
|    clip_range           | 0.2          |
|    entropy_loss         | -0.00911     |
|    explained_variance   | 0.65         |
|    learning_rate        | 0.0003       |
|    loss                 | 0.00126      |
|    n_updates            | 2300         |
|    policy_gradient_loss | -7.21e-06    |
|    value_loss           | 0.00198      |
------------------------------------------
  step  355071/500000 ( 71.0%)  mean_rew=-0.001
-------------------------------------------
| time/                   |               |
|    fps                  | 580           |
|    iterations           | 35            |
|    time_elapsed         | 92            |
|    total_timesteps      | 356352        |
| train/                  |               |
|    approx_kl            | 2.7956325e-05 |
|    clip_fraction        | 0.000391      |
|    clip_range           | 0.2           |
|    entropy_loss         | -0.00909      |
|    explained_variance   | 0.749         |
|    learning_rate        | 0.0003        |
|    loss                 | 0.000301      |
|    n_updates            | 2310          |
|    policy_gradient_loss | -1.71e-05     |
|    value_loss           | 0.000775      |
-------------------------------------------
-------------------------------------------
| time/                   |               |
|    fps                  | 582           |
|    iterations           | 36            |
|    time_elapsed         | 94            |
|    total_timesteps      | 357888        |
| train/                  |               |
|    approx_kl            | 0.00023255563 |
|    clip_fraction        | 0.00215       |
|    clip_range           | 0.2           |
|    entropy_loss         | -0.00827      |
|    explained_variance   | 0.769         |
|    learning_rate        | 0.0003        |
|    loss                 | 0.000383      |
|    n_updates            | 2320          |
|    policy_gradient_loss | -0.000456     |
|    value_loss           | 0.00092       |
-------------------------------------------
-------------------------------------------
| time/                   |               |
|    fps                  | 585           |
|    iterations           | 37            |
|    time_elapsed         | 97            |
|    total_timesteps      | 359424        |
| train/                  |               |
|    approx_kl            | 2.6309863e-08 |
|    clip_fraction        | 0             |
|    clip_range           | 0.2           |
|    entropy_loss         | -0.00923      |
|    explained_variance   | 0.747         |
|    learning_rate        | 0.0003        |
|    loss                 | 0.000462      |
|    n_updates            | 2330          |
|    policy_gradient_loss | -7.66e-07     |
|    value_loss           | 0.00141       |
-------------------------------------------
  step  360072/500000 ( 72.0%)  mean_rew=-0.001
-------------------------------------------
| time/                   |               |
|    fps                  | 588           |
|    iterations           | 38            |
|    time_elapsed         | 99            |
|    total_timesteps      | 360960        |
| train/                  |               |
|    approx_kl            | 2.2729393e-05 |
|    clip_fraction        | 0             |
|    clip_range           | 0.2           |
|    entropy_loss         | -0.00952      |
|    explained_variance   | 0.801         |
|    learning_rate        | 0.0003        |
|    loss                 | 0.000589      |
|    n_updates            | 2340          |
|    policy_gradient_loss | -2.2e-06      |
|    value_loss           | 0.000893      |
-------------------------------------------
-------------------------------------------
| time/                   |               |
|    fps                  | 589           |
|    iterations           | 39            |
|    time_elapsed         | 101           |
|    total_timesteps      | 362496        |
| train/                  |               |
|    approx_kl            | 0.00040948216 |
|    clip_fraction        | 0.00221       |
|    clip_range           | 0.2           |
|    entropy_loss         | -0.00724      |
|    explained_variance   | 0.832         |
|    learning_rate        | 0.0003        |
|    loss                 | 2.13e-05      |
|    n_updates            | 2350          |
|    policy_gradient_loss | -0.000378     |
|    value_loss           | 0.000589      |
-------------------------------------------
--------------------------------------------
| time/                   |                |
|    fps                  | 591            |
|    iterations           | 40             |
|    time_elapsed         | 103            |
|    total_timesteps      | 364032         |
| train/                  |                |
|    approx_kl            | 0.000109162764 |
|    clip_fraction        | 0.000456       |
|    clip_range           | 0.2            |
|    entropy_loss         | -0.00797       |
|    explained_variance   | 0.808          |
|    learning_rate        | 0.0003         |
|    loss                 | 0.000405       |
|    n_updates            | 2360           |
|    policy_gradient_loss | -6.61e-05      |
|    value_loss           | 0.00109        |
--------------------------------------------
  step  365073/500000 ( 73.0%)  mean_rew=-0.001
------------------------------------------
| time/                   |              |
|    fps                  | 594          |
|    iterations           | 41           |
|    time_elapsed         | 105          |
|    total_timesteps      | 365568       |
| train/                  |              |
|    approx_kl            | 7.082359e-05 |
|    clip_fraction        | 0.000521     |
|    clip_range           | 0.2          |
|    entropy_loss         | -0.00698     |
|    explained_variance   | 0.806        |
|    learning_rate        | 0.0003       |
|    loss                 | 0.000666     |
|    n_updates            | 2370         |
|    policy_gradient_loss | -0.000197    |
|    value_loss           | 0.00114      |
------------------------------------------
-------------------------------------------
| time/                   |               |
|    fps                  | 596           |
|    iterations           | 42            |
|    time_elapsed         | 108           |
|    total_timesteps      | 367104        |
| train/                  |               |
|    approx_kl            | 3.0782074e-05 |
|    clip_fraction        | 0.000716      |
|    clip_range           | 0.2           |
|    entropy_loss         | -0.00731      |
|    explained_variance   | 0.858         |
|    learning_rate        | 0.0003        |
|    loss                 | 0.000126      |
|    n_updates            | 2380          |
|    policy_gradient_loss | -0.000104     |
|    value_loss           | 0.000522      |
-------------------------------------------
------------------------------------------
| time/                   |              |
|    fps                  | 592          |
|    iterations           | 43           |
|    time_elapsed         | 111          |
|    total_timesteps      | 368640       |
| train/                  |              |
|    approx_kl            | 7.761022e-11 |
|    clip_fraction        | 0            |
|    clip_range           | 0.2          |
|    entropy_loss         | -0.0064      |
|    explained_variance   | 0.861        |
|    learning_rate        | 0.0003       |
|    loss                 | 0.00043      |
|    n_updates            | 2390         |
|    policy_gradient_loss | 4.56e-06     |
|    value_loss           | 0.000733     |
------------------------------------------
  step  370074/500000 ( 74.0%)  mean_rew=-0.001
------------------------------------------
| time/                   |              |
|    fps                  | 573          |
|    iterations           | 44           |
|    time_elapsed         | 117          |
|    total_timesteps      | 370176       |
| train/                  |              |
|    approx_kl            | 0.0032842783 |
|    clip_fraction        | 0.0226       |
|    clip_range           | 0.2          |
|    entropy_loss         | -0.0525      |
|    explained_variance   | 0.525        |
|    learning_rate        | 0.0003       |
|    loss                 | 0.0162       |
|    n_updates            | 2400         |
|    policy_gradient_loss | -0.00428     |
|    value_loss           | 0.0168       |
------------------------------------------
-------------------------------------------
| time/                   |               |
|    fps                  | 575           |
|    iterations           | 45            |
|    time_elapsed         | 120           |
|    total_timesteps      | 371712        |
| train/                  |               |
|    approx_kl            | 0.00020542282 |
|    clip_fraction        | 0.0312        |
|    clip_range           | 0.2           |
|    entropy_loss         | -0.111        |
|    explained_variance   | 0.821         |
|    learning_rate        | 0.0003        |
|    loss                 | 0.0295        |
|    n_updates            | 2410          |
|    policy_gradient_loss | 0.000673      |
|    value_loss           | 0.0673        |
-------------------------------------------
------------------------------------------
| time/                   |              |
|    fps                  | 577          |
|    iterations           | 46           |
|    time_elapsed         | 122          |
|    total_timesteps      | 373248       |
| train/                  |              |
|    approx_kl            | 7.195076e-05 |
|    clip_fraction        | 0.000977     |
|    clip_range           | 0.2          |
|    entropy_loss         | -0.0187      |
|    explained_variance   | 0.681        |
|    learning_rate        | 0.0003       |
|    loss                 | 0.00109      |
|    n_updates            | 2420         |
|    policy_gradient_loss | -0.000814    |
|    value_loss           | 0.00273      |
------------------------------------------
-------------------------------------------
| time/                   |               |
|    fps                  | 579           |
|    iterations           | 47            |
|    time_elapsed         | 124           |
|    total_timesteps      | 374784        |
| train/                  |               |
|    approx_kl            | 8.7214714e-05 |
|    clip_fraction        | 0.00156       |
|    clip_range           | 0.2           |
|    entropy_loss         | -0.0176       |
|    explained_variance   | 0.759         |
|    learning_rate        | 0.0003        |
|    loss                 | 0.000854      |
|    n_updates            | 2430          |
|    policy_gradient_loss | -0.000229     |
|    value_loss           | 0.00166       |
-------------------------------------------
  step  375075/500000 ( 75.0%)  mean_rew=-0.001
--------------------------------------------
| time/                   |                |
|    fps                  | 575            |
|    iterations           | 48             |
|    time_elapsed         | 128            |
|    total_timesteps      | 376320         |
| train/                  |                |
|    approx_kl            | 0.000105615276 |
|    clip_fraction        | 0.00208        |
|    clip_range           | 0.2            |
|    entropy_loss         | -0.0189        |
|    explained_variance   | 0.673          |
|    learning_rate        | 0.0003         |
|    loss                 | 0.00155        |
|    n_updates            | 2440           |
|    policy_gradient_loss | -0.000147      |
|    value_loss           | 0.00306        |
--------------------------------------------
-------------------------------------------
| time/                   |               |
|    fps                  | 577           |
|    iterations           | 49            |
|    time_elapsed         | 130           |
|    total_timesteps      | 377856        |
| train/                  |               |
|    approx_kl            | 0.00040567954 |
|    clip_fraction        | 0.00788       |
|    clip_range           | 0.2           |
|    entropy_loss         | -0.0646       |
|    explained_variance   | 0.822         |
|    learning_rate        | 0.0003        |
|    loss                 | 0.00494       |
|    n_updates            | 2450          |
|    policy_gradient_loss | -0.000733     |
|    value_loss           | 0.0616        |
-------------------------------------------
------------------------------------------
| time/                   |              |
|    fps                  | 578          |
|    iterations           | 50           |
|    time_elapsed         | 132          |
|    total_timesteps      | 379392       |
| train/                  |              |
|    approx_kl            | 6.228018e-05 |
|    clip_fraction        | 0.00189      |
|    clip_range           | 0.2          |
|    entropy_loss         | -0.0175      |
|    explained_variance   | 0.284        |
|    learning_rate        | 0.0003       |
|    loss                 | 0.00133      |
|    n_updates            | 2460         |
|    policy_gradient_loss | -0.000115    |
|    value_loss           | 0.00354      |
------------------------------------------
  step  380076/500000 ( 76.0%)  mean_rew=-0.016
-------------------------------------------
| time/                   |               |
|    fps                  | 576           |
|    iterations           | 51            |
|    time_elapsed         | 135           |
|    total_timesteps      | 380928        |
| train/                  |               |
|    approx_kl            | 5.3316664e-05 |
|    clip_fraction        | 0.000195      |
|    clip_range           | 0.2           |
|    entropy_loss         | -0.0169       |
|    explained_variance   | 0.42          |
|    learning_rate        | 0.0003        |
|    loss                 | 0.00394       |
|    n_updates            | 2470          |
|    policy_gradient_loss | -2.96e-05     |
|    value_loss           | 0.00429       |
-------------------------------------------
-------------------------------------------
| time/                   |               |
|    fps                  | 578           |
|    iterations           | 52            |
|    time_elapsed         | 137           |
|    total_timesteps      | 382464        |
| train/                  |               |
|    approx_kl            | 0.00015417812 |
|    clip_fraction        | 0.00182       |
|    clip_range           | 0.2           |
|    entropy_loss         | -0.0312       |
|    explained_variance   | 0.862         |
|    learning_rate        | 0.0003        |
|    loss                 | 0.0186        |
|    n_updates            | 2480          |
|    policy_gradient_loss | -0.000258     |
|    value_loss           | 0.0604        |
-------------------------------------------
-------------------------------------------
| time/                   |               |
|    fps                  | 580           |
|    iterations           | 53            |
|    time_elapsed         | 140           |
|    total_timesteps      | 384000        |
| train/                  |               |
|    approx_kl            | 1.6410137e-05 |
|    clip_fraction        | 0.000456      |
|    clip_range           | 0.2           |
|    entropy_loss         | -0.0194       |
|    explained_variance   | 0.231         |
|    learning_rate        | 0.0003        |
|    loss                 | 0.00228       |
|    n_updates            | 2490          |
|    policy_gradient_loss | -8.92e-05     |
|    value_loss           | 0.00682       |
-------------------------------------------
  step  385077/500000 ( 77.0%)  mean_rew=-0.001
------------------------------------------
| time/                   |              |
|    fps                  | 581          |
|    iterations           | 54           |
|    time_elapsed         | 142          |
|    total_timesteps      | 385536       |
| train/                  |              |
|    approx_kl            | 4.770925e-05 |
|    clip_fraction        | 0.00117      |
|    clip_range           | 0.2          |
|    entropy_loss         | -0.0178      |
|    explained_variance   | 0.0837       |
|    learning_rate        | 0.0003       |
|    loss                 | 0.00178      |
|    n_updates            | 2500         |
|    policy_gradient_loss | -0.000116    |
|    value_loss           | 0.00341      |
------------------------------------------
------------------------------------------
| time/                   |              |
|    fps                  | 580          |
|    iterations           | 55           |
|    time_elapsed         | 145          |
|    total_timesteps      | 387072       |
| train/                  |              |
|    approx_kl            | 7.918093e-05 |
|    clip_fraction        | 0.000846     |
|    clip_range           | 0.2          |
|    entropy_loss         | -0.0154      |
|    explained_variance   | 0.208        |
|    learning_rate        | 0.0003       |
|    loss                 | 0.00113      |
|    n_updates            | 2510         |
|    policy_gradient_loss | -0.000126    |
|    value_loss           | 0.00373      |
------------------------------------------
-------------------------------------------
| time/                   |               |
|    fps                  | 581           |
|    iterations           | 56            |
|    time_elapsed         | 147           |
|    total_timesteps      | 388608        |
| train/                  |               |
|    approx_kl            | 0.00050286035 |
|    clip_fraction        | 0.00384       |
|    clip_range           | 0.2           |
|    entropy_loss         | -0.0251       |
|    explained_variance   | 0.872         |
|    learning_rate        | 0.0003        |
|    loss                 | 0.0207        |
|    n_updates            | 2520          |
|    policy_gradient_loss | -0.00149      |
|    value_loss           | 0.0475        |
-------------------------------------------
  step  390078/500000 ( 78.0%)  mean_rew=-0.001
-------------------------------------------
| time/                   |               |
|    fps                  | 583           |
|    iterations           | 57            |
|    time_elapsed         | 150           |
|    total_timesteps      | 390144        |
| train/                  |               |
|    approx_kl            | 1.8029046e-05 |
|    clip_fraction        | 0.000521      |
|    clip_range           | 0.2           |
|    entropy_loss         | -0.0189       |
|    explained_variance   | 0.174         |
|    learning_rate        | 0.0003        |
|    loss                 | -0.00167      |
|    n_updates            | 2530          |
|    policy_gradient_loss | -0.000185     |
|    value_loss           | 0.00643       |
-------------------------------------------
-------------------------------------------
| time/                   |               |
|    fps                  | 585           |
|    iterations           | 58            |
|    time_elapsed         | 152           |
|    total_timesteps      | 391680        |
| train/                  |               |
|    approx_kl            | 2.3845583e-05 |
|    clip_fraction        | 0.000586      |
|    clip_range           | 0.2           |
|    entropy_loss         | -0.0192       |
|    explained_variance   | 0.226         |
|    learning_rate        | 0.0003        |
|    loss                 | 0.00227       |
|    n_updates            | 2540          |
|    policy_gradient_loss | -2e-05        |
|    value_loss           | 0.00517       |
-------------------------------------------
-------------------------------------------
| time/                   |               |
|    fps                  | 586           |
|    iterations           | 59            |
|    time_elapsed         | 154           |
|    total_timesteps      | 393216        |
| train/                  |               |
|    approx_kl            | 0.00014509812 |
|    clip_fraction        | 0.00169       |
|    clip_range           | 0.2           |
|    entropy_loss         | -0.0189       |
|    explained_variance   | 0.127         |
|    learning_rate        | 0.0003        |
|    loss                 | 0.00102       |
|    n_updates            | 2550          |
|    policy_gradient_loss | -0.000209     |
|    value_loss           | 0.00189       |
-------------------------------------------
-------------------------------------------
| time/                   |               |
|    fps                  | 587           |
|    iterations           | 60            |
|    time_elapsed         | 156           |
|    total_timesteps      | 394752        |
| train/                  |               |
|    approx_kl            | 0.00017410377 |
|    clip_fraction        | 0.00189       |
|    clip_range           | 0.2           |
|    entropy_loss         | -0.0229       |
|    explained_variance   | 0.487         |
|    learning_rate        | 0.0003        |
|    loss                 | 0.000863      |
|    n_updates            | 2560          |
|    policy_gradient_loss | -0.000178     |
|    value_loss           | 0.00304       |
-------------------------------------------
  step  395079/500000 ( 79.0%)  mean_rew=-0.001
------------------------------------------
| time/                   |              |
|    fps                  | 589          |
|    iterations           | 61           |
|    time_elapsed         | 159          |
|    total_timesteps      | 396288       |
| train/                  |              |
|    approx_kl            | 7.417848e-05 |
|    clip_fraction        | 0.000326     |
|    clip_range           | 0.2          |
|    entropy_loss         | -0.022       |
|    explained_variance   | 0.38         |
|    learning_rate        | 0.0003       |
|    loss                 | 0.00153      |
|    n_updates            | 2570         |
|    policy_gradient_loss | -2.43e-05    |
|    value_loss           | 0.00216      |
------------------------------------------
------------------------------------------
| time/                   |              |
|    fps                  | 591          |
|    iterations           | 62           |
|    time_elapsed         | 161          |
|    total_timesteps      | 397824       |
| train/                  |              |
|    approx_kl            | 6.643054e-05 |
|    clip_fraction        | 0.00176      |
|    clip_range           | 0.2          |
|    entropy_loss         | -0.0177      |
|    explained_variance   | 0.471        |
|    learning_rate        | 0.0003       |
|    loss                 | 0.000854     |
|    n_updates            | 2580         |
|    policy_gradient_loss | -0.000197    |
|    value_loss           | 0.00197      |
------------------------------------------
-------------------------------------------
| time/                   |               |
|    fps                  | 592           |
|    iterations           | 63            |
|    time_elapsed         | 163           |
|    total_timesteps      | 399360        |
| train/                  |               |
|    approx_kl            | 1.2019959e-05 |
|    clip_fraction        | 0             |
|    clip_range           | 0.2           |
|    entropy_loss         | -0.0165       |
|    explained_variance   | 0.631         |
|    learning_rate        | 0.0003        |
|    loss                 | 0.000436      |
|    n_updates            | 2590          |
|    policy_gradient_loss | -1.57e-05     |
|    value_loss           | 0.00092       |
-------------------------------------------
  step  400080/500000 ( 80.0%)  mean_rew=-0.002
-------------------------------------------
| time/                   |               |
|    fps                  | 588           |
|    iterations           | 64            |
|    time_elapsed         | 166           |
|    total_timesteps      | 400896        |
| train/                  |               |
|    approx_kl            | 4.3136806e-05 |
|    clip_fraction        | 0.00117       |
|    clip_range           | 0.2           |
|    entropy_loss         | -0.0173       |
|    explained_variance   | 0.666         |
|    learning_rate        | 0.0003        |
|    loss                 | 0.000602      |
|    n_updates            | 2600          |
|    policy_gradient_loss | -6.6e-05      |
|    value_loss           | 0.00129       |
-------------------------------------------
-------------------------------------------
| time/                   |               |
|    fps                  | 571           |
|    iterations           | 65            |
|    time_elapsed         | 174           |
|    total_timesteps      | 402432        |
| train/                  |               |
|    approx_kl            | 0.00089310174 |
|    clip_fraction        | 0.0122        |
|    clip_range           | 0.2           |
|    entropy_loss         | -0.0593       |
|    explained_variance   | 0.766         |
|    learning_rate        | 0.0003        |
|    loss                 | 0.00877       |
|    n_updates            | 2610          |
|    policy_gradient_loss | 0.000293      |
|    value_loss           | 0.022         |
-------------------------------------------
------------------------------------------
| time/                   |              |
|    fps                  | 570          |
|    iterations           | 66           |
|    time_elapsed         | 177          |
|    total_timesteps      | 403968       |
| train/                  |              |
|    approx_kl            | 0.0019274055 |
|    clip_fraction        | 0.00703      |
|    clip_range           | 0.2          |
|    entropy_loss         | -0.128       |
|    explained_variance   | 0.886        |
|    learning_rate        | 0.0003       |
|    loss                 | 0.0331       |
|    n_updates            | 2620         |
|    policy_gradient_loss | 0.000463     |
|    value_loss           | 0.105        |
------------------------------------------
  step  405081/500000 ( 81.0%)  mean_rew=-0.002
------------------------------------------
| time/                   |              |
|    fps                  | 571          |
|    iterations           | 67           |
|    time_elapsed         | 180          |
|    total_timesteps      | 405504       |
| train/                  |              |
|    approx_kl            | 0.0034619595 |
|    clip_fraction        | 0.00872      |
|    clip_range           | 0.2          |
|    entropy_loss         | -0.0556      |
|    explained_variance   | 0.909        |
|    learning_rate        | 0.0003       |
|    loss                 | 0.00706      |
|    n_updates            | 2630         |
|    policy_gradient_loss | -0.00273     |
|    value_loss           | 0.019        |
------------------------------------------
------------------------------------------
| time/                   |              |
|    fps                  | 572          |
|    iterations           | 68           |
|    time_elapsed         | 182          |
|    total_timesteps      | 407040       |
| train/                  |              |
|    approx_kl            | 0.0002330015 |
|    clip_fraction        | 0.00378      |
|    clip_range           | 0.2          |
|    entropy_loss         | -0.073       |
|    explained_variance   | 0.77         |
|    learning_rate        | 0.0003       |
|    loss                 | 0.027        |
|    n_updates            | 2640         |
|    policy_gradient_loss | 0.000152     |
|    value_loss           | 0.05         |
------------------------------------------
------------------------------------------
| time/                   |              |
|    fps                  | 574          |
|    iterations           | 69           |
|    time_elapsed         | 184          |
|    total_timesteps      | 408576       |
| train/                  |              |
|    approx_kl            | 0.0002567014 |
|    clip_fraction        | 0.00573      |
|    clip_range           | 0.2          |
|    entropy_loss         | -0.0644      |
|    explained_variance   | 0.308        |
|    learning_rate        | 0.0003       |
|    loss                 | 0.00418      |
|    n_updates            | 2650         |
|    policy_gradient_loss | -0.000345    |
|    value_loss           | 0.00818      |
------------------------------------------
  step  410082/500000 ( 82.0%)  mean_rew=-0.034
-------------------------------------------
| time/                   |               |
|    fps                  | 563           |
|    iterations           | 70            |
|    time_elapsed         | 190           |
|    total_timesteps      | 410112        |
| train/                  |               |
|    approx_kl            | 0.00023362429 |
|    clip_fraction        | 0.0103        |
|    clip_range           | 0.2           |
|    entropy_loss         | -0.0706       |
|    explained_variance   | 0.499         |
|    learning_rate        | 0.0003        |
|    loss                 | 0.000981      |
|    n_updates            | 2660          |
|    policy_gradient_loss | -0.000744     |
|    value_loss           | 0.00259       |
-------------------------------------------
-------------------------------------------
| time/                   |               |
|    fps                  | 557           |
|    iterations           | 71            |
|    time_elapsed         | 195           |
|    total_timesteps      | 411648        |
| train/                  |               |
|    approx_kl            | 0.00055339374 |
|    clip_fraction        | 0.00879       |
|    clip_range           | 0.2           |
|    entropy_loss         | -0.135        |
|    explained_variance   | 0.926         |
|    learning_rate        | 0.0003        |
|    loss                 | 0.00867       |
|    n_updates            | 2670          |
|    policy_gradient_loss | -0.000428     |
|    value_loss           | 0.0417        |
-------------------------------------------
------------------------------------------
| time/                   |              |
|    fps                  | 559          |
|    iterations           | 72           |
|    time_elapsed         | 197          |
|    total_timesteps      | 413184       |
| train/                  |              |
|    approx_kl            | 0.0005644763 |
|    clip_fraction        | 0.00879      |
|    clip_range           | 0.2          |
|    entropy_loss         | -0.146       |
|    explained_variance   | 0.907        |
|    learning_rate        | 0.0003       |
|    loss                 | 0.0536       |
|    n_updates            | 2680         |
|    policy_gradient_loss | 0.000606     |
|    value_loss           | 0.173        |
------------------------------------------
-------------------------------------------
| time/                   |               |
|    fps                  | 558           |
|    iterations           | 73            |
|    time_elapsed         | 200           |
|    total_timesteps      | 414720        |
| train/                  |               |
|    approx_kl            | 0.00060201617 |
|    clip_fraction        | 0.0117        |
|    clip_range           | 0.2           |
|    entropy_loss         | -0.0827       |
|    explained_variance   | 0.427         |
|    learning_rate        | 0.0003        |
|    loss                 | -0.0014       |
|    n_updates            | 2690          |
|    policy_gradient_loss | -0.000392     |
|    value_loss           | 0.007         |
-------------------------------------------
  step  415083/500000 ( 83.0%)  mean_rew=-0.005
-------------------------------------------
| time/                   |               |
|    fps                  | 554           |
|    iterations           | 74            |
|    time_elapsed         | 205           |
|    total_timesteps      | 416256        |
| train/                  |               |
|    approx_kl            | 0.00087829167 |
|    clip_fraction        | 0.0146        |
|    clip_range           | 0.2           |
|    entropy_loss         | -0.0845       |
|    explained_variance   | 0.938         |
|    learning_rate        | 0.0003        |
|    loss                 | 0.00406       |
|    n_updates            | 2700          |
|    policy_gradient_loss | -0.000881     |
|    value_loss           | 0.0238        |
-------------------------------------------
-------------------------------------------
| time/                   |               |
|    fps                  | 544           |
|    iterations           | 75            |
|    time_elapsed         | 211           |
|    total_timesteps      | 417792        |
| train/                  |               |
|    approx_kl            | 0.00082536467 |
|    clip_fraction        | 0.00697       |
|    clip_range           | 0.2           |
|    entropy_loss         | -0.14         |
|    explained_variance   | 0.94          |
|    learning_rate        | 0.0003        |
|    loss                 | 0.026         |
|    n_updates            | 2710          |
|    policy_gradient_loss | -0.000495     |
|    value_loss           | 0.165         |
-------------------------------------------
------------------------------------------
| time/                   |              |
|    fps                  | 546          |
|    iterations           | 76           |
|    time_elapsed         | 213          |
|    total_timesteps      | 419328       |
| train/                  |              |
|    approx_kl            | 0.0016754293 |
|    clip_fraction        | 0.025        |
|    clip_range           | 0.2          |
|    entropy_loss         | -0.144       |
|    explained_variance   | 0.922        |
|    learning_rate        | 0.0003       |
|    loss                 | 0.0681       |
|    n_updates            | 2720         |
|    policy_gradient_loss | -0.00112     |
|    value_loss           | 0.28         |
------------------------------------------
  step  420084/500000 ( 84.0%)  mean_rew=-0.002
-----------------------------------------
| time/                   |             |
|    fps                  | 548         |
|    iterations           | 77          |
|    time_elapsed         | 215         |
|    total_timesteps      | 420864      |
| train/                  |             |
|    approx_kl            | 0.000303581 |
|    clip_fraction        | 0.0043      |
|    clip_range           | 0.2         |
|    entropy_loss         | -0.0646     |
|    explained_variance   | 0.59        |
|    learning_rate        | 0.0003      |
|    loss                 | 0.00397     |
|    n_updates            | 2730        |
|    policy_gradient_loss | -0.000533   |
|    value_loss           | 0.0098      |
-----------------------------------------
------------------------------------------
| time/                   |              |
|    fps                  | 549          |
|    iterations           | 78           |
|    time_elapsed         | 218          |
|    total_timesteps      | 422400       |
| train/                  |              |
|    approx_kl            | 0.0005153052 |
|    clip_fraction        | 0.0111       |
|    clip_range           | 0.2          |
|    entropy_loss         | -0.0584      |
|    explained_variance   | 0.586        |
|    learning_rate        | 0.0003       |
|    loss                 | 0.0124       |
|    n_updates            | 2740         |
|    policy_gradient_loss | -0.000592    |
|    value_loss           | 0.00887      |
------------------------------------------
------------------------------------------
| time/                   |              |
|    fps                  | 551          |
|    iterations           | 79           |
|    time_elapsed         | 220          |
|    total_timesteps      | 423936       |
| train/                  |              |
|    approx_kl            | 0.0002310318 |
|    clip_fraction        | 0.000911     |
|    clip_range           | 0.2          |
|    entropy_loss         | -0.0546      |
|    explained_variance   | 0.454        |
|    learning_rate        | 0.0003       |
|    loss                 | 0.00272      |
|    n_updates            | 2750         |
|    policy_gradient_loss | -2.86e-05    |
|    value_loss           | 0.0114       |
------------------------------------------
  step  425085/500000 ( 85.0%)  mean_rew=-0.001
-------------------------------------------
| time/                   |               |
|    fps                  | 552           |
|    iterations           | 80            |
|    time_elapsed         | 222           |
|    total_timesteps      | 425472        |
| train/                  |               |
|    approx_kl            | 0.00026851075 |
|    clip_fraction        | 0.00566       |
|    clip_range           | 0.2           |
|    entropy_loss         | -0.0419       |
|    explained_variance   | 0.619         |
|    learning_rate        | 0.0003        |
|    loss                 | 0.00155       |
|    n_updates            | 2760          |
|    policy_gradient_loss | -0.000643     |
|    value_loss           | 0.00429       |
-------------------------------------------
-------------------------------------------
| time/                   |               |
|    fps                  | 554           |
|    iterations           | 81            |
|    time_elapsed         | 224           |
|    total_timesteps      | 427008        |
| train/                  |               |
|    approx_kl            | 0.00012656674 |
|    clip_fraction        | 0.000651      |
|    clip_range           | 0.2           |
|    entropy_loss         | -0.0435       |
|    explained_variance   | 0.543         |
|    learning_rate        | 0.0003        |
|    loss                 | 0.00341       |
|    n_updates            | 2770          |
|    policy_gradient_loss | 6.54e-06      |
|    value_loss           | 0.00778       |
-------------------------------------------
--------------------------------------------
| time/                   |                |
|    fps                  | 555            |
|    iterations           | 82             |
|    time_elapsed         | 226            |
|    total_timesteps      | 428544         |
| train/                  |                |
|    approx_kl            | 0.000120922305 |
|    clip_fraction        | 0.00345        |
|    clip_range           | 0.2            |
|    entropy_loss         | -0.0509        |
|    explained_variance   | 0.617          |
|    learning_rate        | 0.0003         |
|    loss                 | 0.00217        |
|    n_updates            | 2780           |
|    policy_gradient_loss | -0.000392      |
|    value_loss           | 0.00421        |
--------------------------------------------
------------------------------------------
| time/                   |              |
|    fps                  | 556          |
|    iterations           | 83           |
|    time_elapsed         | 228          |
|    total_timesteps      | 430080       |
| train/                  |              |
|    approx_kl            | 0.0006075149 |
|    clip_fraction        | 0.00326      |
|    clip_range           | 0.2          |
|    entropy_loss         | -0.0402      |
|    explained_variance   | 0.647        |
|    learning_rate        | 0.0003       |
|    loss                 | 0.000991     |
|    n_updates            | 2790         |
|    policy_gradient_loss | -0.000422    |
|    value_loss           | 0.00324      |
------------------------------------------
  step  430086/500000 ( 86.0%)  mean_rew=-0.001
------------------------------------------
| time/                   |              |
|    fps                  | 558          |
|    iterations           | 84           |
|    time_elapsed         | 231          |
|    total_timesteps      | 431616       |
| train/                  |              |
|    approx_kl            | 3.264802e-05 |
|    clip_fraction        | 0.000326     |
|    clip_range           | 0.2          |
|    entropy_loss         | -0.0319      |
|    explained_variance   | 0.512        |
|    learning_rate        | 0.0003       |
|    loss                 | 0.00136      |
|    n_updates            | 2800         |
|    policy_gradient_loss | 5.49e-05     |
|    value_loss           | 0.00435      |
------------------------------------------
-------------------------------------------
| time/                   |               |
|    fps                  | 559           |
|    iterations           | 85            |
|    time_elapsed         | 233           |
|    total_timesteps      | 433152        |
| train/                  |               |
|    approx_kl            | 0.00020710938 |
|    clip_fraction        | 0.00417       |
|    clip_range           | 0.2           |
|    entropy_loss         | -0.0362       |
|    explained_variance   | 0.713         |
|    learning_rate        | 0.0003        |
|    loss                 | 0.0038        |
|    n_updates            | 2810          |
|    policy_gradient_loss | -0.000626     |
|    value_loss           | 0.0022        |
-------------------------------------------
-------------------------------------------
| time/                   |               |
|    fps                  | 561           |
|    iterations           | 86            |
|    time_elapsed         | 235           |
|    total_timesteps      | 434688        |
| train/                  |               |
|    approx_kl            | 0.00016917703 |
|    clip_fraction        | 0.00443       |
|    clip_range           | 0.2           |
|    entropy_loss         | -0.0311       |
|    explained_variance   | 0.626         |
|    learning_rate        | 0.0003        |
|    loss                 | 0.000972      |
|    n_updates            | 2820          |
|    policy_gradient_loss | -0.000392     |
|    value_loss           | 0.00266       |
-------------------------------------------
  step  435087/500000 ( 87.0%)  mean_rew=-0.003
-------------------------------------------
| time/                   |               |
|    fps                  | 562           |
|    iterations           | 87            |
|    time_elapsed         | 237           |
|    total_timesteps      | 436224        |
| train/                  |               |
|    approx_kl            | 0.00027675912 |
|    clip_fraction        | 0.00234       |
|    clip_range           | 0.2           |
|    entropy_loss         | -0.0263       |
|    explained_variance   | 0.731         |
|    learning_rate        | 0.0003        |
|    loss                 | -0.000852     |
|    n_updates            | 2830          |
|    policy_gradient_loss | -0.000257     |
|    value_loss           | 0.00126       |
-------------------------------------------
-------------------------------------------
| time/                   |               |
|    fps                  | 563           |
|    iterations           | 88            |
|    time_elapsed         | 239           |
|    total_timesteps      | 437760        |
| train/                  |               |
|    approx_kl            | 0.00013776655 |
|    clip_fraction        | 0.00208       |
|    clip_range           | 0.2           |
|    entropy_loss         | -0.0217       |
|    explained_variance   | 0.7           |
|    learning_rate        | 0.0003        |
|    loss                 | 0.00113       |
|    n_updates            | 2840          |
|    policy_gradient_loss | -0.000313     |
|    value_loss           | 0.00217       |
-------------------------------------------
-------------------------------------------
| time/                   |               |
|    fps                  | 565           |
|    iterations           | 89            |
|    time_elapsed         | 241           |
|    total_timesteps      | 439296        |
| train/                  |               |
|    approx_kl            | 0.00011660279 |
|    clip_fraction        | 0.00254       |
|    clip_range           | 0.2           |
|    entropy_loss         | -0.0221       |
|    explained_variance   | 0.676         |
|    learning_rate        | 0.0003        |
|    loss                 | -0.00135      |
|    n_updates            | 2850          |
|    policy_gradient_loss | -0.000326     |
|    value_loss           | 0.00229       |
-------------------------------------------
  step  440088/500000 ( 88.0%)  mean_rew=-0.001
------------------------------------------
| time/                   |              |
|    fps                  | 566          |
|    iterations           | 90           |
|    time_elapsed         | 244          |
|    total_timesteps      | 440832       |
| train/                  |              |
|    approx_kl            | 7.609371e-06 |
|    clip_fraction        | 0            |
|    clip_range           | 0.2          |
|    entropy_loss         | -0.0202      |
|    explained_variance   | 0.756        |
|    learning_rate        | 0.0003       |
|    loss                 | 0.000201     |
|    n_updates            | 2860         |
|    policy_gradient_loss | -6.21e-05    |
|    value_loss           | 0.00113      |
------------------------------------------
------------------------------------------
| time/                   |              |
|    fps                  | 567          |
|    iterations           | 91           |
|    time_elapsed         | 246          |
|    total_timesteps      | 442368       |
| train/                  |              |
|    approx_kl            | 4.273851e-05 |
|    clip_fraction        | 0.000716     |
|    clip_range           | 0.2          |
|    entropy_loss         | -0.0198      |
|    explained_variance   | 0.768        |
|    learning_rate        | 0.0003       |
|    loss                 | 0.00114      |
|    n_updates            | 2870         |
|    policy_gradient_loss | -4.38e-05    |
|    value_loss           | 0.00117      |
------------------------------------------
-------------------------------------------
| time/                   |               |
|    fps                  | 568           |
|    iterations           | 92            |
|    time_elapsed         | 248           |
|    total_timesteps      | 443904        |
| train/                  |               |
|    approx_kl            | 7.8267185e-05 |
|    clip_fraction        | 0.0015        |
|    clip_range           | 0.2           |
|    entropy_loss         | -0.024        |
|    explained_variance   | 0.735         |
|    learning_rate        | 0.0003        |
|    loss                 | 0.00053       |
|    n_updates            | 2880          |
|    policy_gradient_loss | -0.00037      |
|    value_loss           | 0.00169       |
-------------------------------------------
  step  445089/500000 ( 89.0%)  mean_rew=-0.001
------------------------------------------
| time/                   |              |
|    fps                  | 570          |
|    iterations           | 93           |
|    time_elapsed         | 250          |
|    total_timesteps      | 445440       |
| train/                  |              |
|    approx_kl            | 6.703447e-05 |
|    clip_fraction        | 0.00169      |
|    clip_range           | 0.2          |
|    entropy_loss         | -0.0225      |
|    explained_variance   | 0.72         |
|    learning_rate        | 0.0003       |
|    loss                 | 0.000775     |
|    n_updates            | 2890         |
|    policy_gradient_loss | -0.000277    |
|    value_loss           | 0.00192      |
------------------------------------------
------------------------------------------
| time/                   |              |
|    fps                  | 571          |
|    iterations           | 94           |
|    time_elapsed         | 252          |
|    total_timesteps      | 446976       |
| train/                  |              |
|    approx_kl            | 0.0001285704 |
|    clip_fraction        | 0.00293      |
|    clip_range           | 0.2          |
|    entropy_loss         | -0.0265      |
|    explained_variance   | 0.816        |
|    learning_rate        | 0.0003       |
|    loss                 | 0.00063      |
|    n_updates            | 2900         |
|    policy_gradient_loss | -0.000476    |
|    value_loss           | 0.000765     |
------------------------------------------
-------------------------------------------
| time/                   |               |
|    fps                  | 572           |
|    iterations           | 95            |
|    time_elapsed         | 254           |
|    total_timesteps      | 448512        |
| train/                  |               |
|    approx_kl            | 0.00030655743 |
|    clip_fraction        | 0.00645       |
|    clip_range           | 0.2           |
|    entropy_loss         | -0.0227       |
|    explained_variance   | 0.765         |
|    learning_rate        | 0.0003        |
|    loss                 | 0.000801      |
|    n_updates            | 2910          |
|    policy_gradient_loss | -0.000868     |
|    value_loss           | 0.00142       |
-------------------------------------------
-------------------------------------------
| time/                   |               |
|    fps                  | 573           |
|    iterations           | 96            |
|    time_elapsed         | 257           |
|    total_timesteps      | 450048        |
| train/                  |               |
|    approx_kl            | 2.5425106e-05 |
|    clip_fraction        | 0.00117       |
|    clip_range           | 0.2           |
|    entropy_loss         | -0.0247       |
|    explained_variance   | 0.802         |
|    learning_rate        | 0.0003        |
|    loss                 | 0.000484      |
|    n_updates            | 2920          |
|    policy_gradient_loss | -0.000371     |
|    value_loss           | 0.00101       |
-------------------------------------------
  step  450090/500000 ( 90.0%)  mean_rew=-0.001
-----------------------------------------
| time/                   |             |
|    fps                  | 574         |
|    iterations           | 97          |
|    time_elapsed         | 259         |
|    total_timesteps      | 451584      |
| train/                  |             |
|    approx_kl            | 4.98322e-05 |
|    clip_fraction        | 0.00169     |
|    clip_range           | 0.2         |
|    entropy_loss         | -0.0265     |
|    explained_variance   | 0.821       |
|    learning_rate        | 0.0003      |
|    loss                 | 0.000266    |
|    n_updates            | 2930        |
|    policy_gradient_loss | -9.81e-05   |
|    value_loss           | 0.000691    |
-----------------------------------------
-------------------------------------------
| time/                   |               |
|    fps                  | 575           |
|    iterations           | 98            |
|    time_elapsed         | 261           |
|    total_timesteps      | 453120        |
| train/                  |               |
|    approx_kl            | 0.00025009902 |
|    clip_fraction        | 0.00378       |
|    clip_range           | 0.2           |
|    entropy_loss         | -0.0318       |
|    explained_variance   | 0.784         |
|    learning_rate        | 0.0003        |
|    loss                 | 0.000607      |
|    n_updates            | 2940          |
|    policy_gradient_loss | -0.00029      |
|    value_loss           | 0.00135       |
-------------------------------------------
-------------------------------------------
| time/                   |               |
|    fps                  | 576           |
|    iterations           | 99            |
|    time_elapsed         | 263           |
|    total_timesteps      | 454656        |
| train/                  |               |
|    approx_kl            | 3.6869507e-05 |
|    clip_fraction        | 0.00104       |
|    clip_range           | 0.2           |
|    entropy_loss         | -0.027        |
|    explained_variance   | 0.83          |
|    learning_rate        | 0.0003        |
|    loss                 | -0.000579     |
|    n_updates            | 2950          |
|    policy_gradient_loss | -0.000329     |
|    value_loss           | 0.000904      |
-------------------------------------------
  step  455091/500000 ( 91.0%)  mean_rew=-0.001
-------------------------------------------
| time/                   |               |
|    fps                  | 578           |
|    iterations           | 100           |
|    time_elapsed         | 265           |
|    total_timesteps      | 456192        |
| train/                  |               |
|    approx_kl            | 0.00013917545 |
|    clip_fraction        | 0.00143       |
|    clip_range           | 0.2           |
|    entropy_loss         | -0.0237       |
|    explained_variance   | 0.823         |
|    learning_rate        | 0.0003        |
|    loss                 | 6.98e-05      |
|    n_updates            | 2960          |
|    policy_gradient_loss | -4.17e-05     |
|    value_loss           | 0.000967      |
-------------------------------------------
-------------------------------------------
| time/                   |               |
|    fps                  | 579           |
|    iterations           | 101           |
|    time_elapsed         | 267           |
|    total_timesteps      | 457728        |
| train/                  |               |
|    approx_kl            | 8.2870865e-05 |
|    clip_fraction        | 0.00221       |
|    clip_range           | 0.2           |
|    entropy_loss         | -0.0258       |
|    explained_variance   | 0.861         |
|    learning_rate        | 0.0003        |
|    loss                 | 0.000533      |
|    n_updates            | 2970          |
|    policy_gradient_loss | -0.000433     |
|    value_loss           | 0.000565      |
-------------------------------------------
-------------------------------------------
| time/                   |               |
|    fps                  | 580           |
|    iterations           | 102           |
|    time_elapsed         | 270           |
|    total_timesteps      | 459264        |
| train/                  |               |
|    approx_kl            | 0.00029972882 |
|    clip_fraction        | 0.00286       |
|    clip_range           | 0.2           |
|    entropy_loss         | -0.0322       |
|    explained_variance   | 0.87          |
|    learning_rate        | 0.0003        |
|    loss                 | 0.000111      |
|    n_updates            | 2980          |
|    policy_gradient_loss | -0.000303     |
|    value_loss           | 0.000624      |
-------------------------------------------
  step  460092/500000 ( 92.0%)  mean_rew=-0.001
------------------------------------------
| time/                   |              |
|    fps                  | 581          |
|    iterations           | 103          |
|    time_elapsed         | 272          |
|    total_timesteps      | 460800       |
| train/                  |              |
|    approx_kl            | 8.953662e-05 |
|    clip_fraction        | 0.00215      |
|    clip_range           | 0.2          |
|    entropy_loss         | -0.0333      |
|    explained_variance   | 0.786        |
|    learning_rate        | 0.0003       |
|    loss                 | -0.000215    |
|    n_updates            | 2990         |
|    policy_gradient_loss | -0.000111    |
|    value_loss           | 0.00133      |
------------------------------------------
-------------------------------------------
| time/                   |               |
|    fps                  | 582           |
|    iterations           | 104           |
|    time_elapsed         | 274           |
|    total_timesteps      | 462336        |
| train/                  |               |
|    approx_kl            | 0.00011243714 |
|    clip_fraction        | 0.00215       |
|    clip_range           | 0.2           |
|    entropy_loss         | -0.0376       |
|    explained_variance   | 0.874         |
|    learning_rate        | 0.0003        |
|    loss                 | 0.000742      |
|    n_updates            | 3000          |
|    policy_gradient_loss | -0.000159     |
|    value_loss           | 0.000471      |
-------------------------------------------
-------------------------------------------
| time/                   |               |
|    fps                  | 583           |
|    iterations           | 105           |
|    time_elapsed         | 276           |
|    total_timesteps      | 463872        |
| train/                  |               |
|    approx_kl            | 9.1110356e-05 |
|    clip_fraction        | 0.00293       |
|    clip_range           | 0.2           |
|    entropy_loss         | -0.0361       |
|    explained_variance   | 0.888         |
|    learning_rate        | 0.0003        |
|    loss                 | 0.00196       |
|    n_updates            | 3010          |
|    policy_gradient_loss | -9.25e-05     |
|    value_loss           | 0.000472      |
-------------------------------------------
  step  465093/500000 ( 93.0%)  mean_rew=-0.001
------------------------------------------
| time/                   |              |
|    fps                  | 584          |
|    iterations           | 106          |
|    time_elapsed         | 278          |
|    total_timesteps      | 465408       |
| train/                  |              |
|    approx_kl            | 0.0001122716 |
|    clip_fraction        | 0.00254      |
|    clip_range           | 0.2          |
|    entropy_loss         | -0.0333      |
|    explained_variance   | 0.829        |
|    learning_rate        | 0.0003       |
|    loss                 | 0.000185     |
|    n_updates            | 3020         |
|    policy_gradient_loss | 4.56e-05     |
|    value_loss           | 0.000822     |
------------------------------------------
-------------------------------------------
| time/                   |               |
|    fps                  | 585           |
|    iterations           | 107           |
|    time_elapsed         | 280           |
|    total_timesteps      | 466944        |
| train/                  |               |
|    approx_kl            | 5.4128468e-05 |
|    clip_fraction        | 0.000911      |
|    clip_range           | 0.2           |
|    entropy_loss         | -0.0365       |
|    explained_variance   | 0.846         |
|    learning_rate        | 0.0003        |
|    loss                 | 0.000369      |
|    n_updates            | 3030          |
|    policy_gradient_loss | -5.71e-05     |
|    value_loss           | 0.000691      |
-------------------------------------------
-------------------------------------------
| time/                   |               |
|    fps                  | 586           |
|    iterations           | 108           |
|    time_elapsed         | 283           |
|    total_timesteps      | 468480        |
| train/                  |               |
|    approx_kl            | 0.00014938165 |
|    clip_fraction        | 0.00332       |
|    clip_range           | 0.2           |
|    entropy_loss         | -0.0447       |
|    explained_variance   | 0.877         |
|    learning_rate        | 0.0003        |
|    loss                 | -0.00241      |
|    n_updates            | 3040          |
|    policy_gradient_loss | -0.000239     |
|    value_loss           | 0.000432      |
-------------------------------------------
------------------------------------------
| time/                   |              |
|    fps                  | 585          |
|    iterations           | 109          |
|    time_elapsed         | 285          |
|    total_timesteps      | 470016       |
| train/                  |              |
|    approx_kl            | 0.0020882098 |
|    clip_fraction        | 0.00579      |
|    clip_range           | 0.2          |
|    entropy_loss         | -0.0616      |
|    explained_variance   | 0.591        |
|    learning_rate        | 0.0003       |
|    loss                 | 0.000424     |
|    n_updates            | 3050         |
|    policy_gradient_loss | -0.000718    |
|    value_loss           | 0.00377      |
------------------------------------------
  step  470094/500000 ( 94.0%)  mean_rew=-0.001
-------------------------------------------
| time/                   |               |
|    fps                  | 587           |
|    iterations           | 110           |
|    time_elapsed         | 287           |
|    total_timesteps      | 471552        |
| train/                  |               |
|    approx_kl            | 0.00058280583 |
|    clip_fraction        | 0.00475       |
|    clip_range           | 0.2           |
|    entropy_loss         | -0.086        |
|    explained_variance   | 0.805         |
|    learning_rate        | 0.0003        |
|    loss                 | 0.037         |
|    n_updates            | 3060          |
|    policy_gradient_loss | 0.000135      |
|    value_loss           | 0.0398        |
-------------------------------------------
------------------------------------------
| time/                   |              |
|    fps                  | 588          |
|    iterations           | 111          |
|    time_elapsed         | 289          |
|    total_timesteps      | 473088       |
| train/                  |              |
|    approx_kl            | 0.0007779049 |
|    clip_fraction        | 0.00677      |
|    clip_range           | 0.2          |
|    entropy_loss         | -0.0748      |
|    explained_variance   | 0.19         |
|    learning_rate        | 0.0003       |
|    loss                 | -0.00237     |
|    n_updates            | 3070         |
|    policy_gradient_loss | -0.000602    |
|    value_loss           | 0.00159      |
------------------------------------------
------------------------------------------
| time/                   |              |
|    fps                  | 589          |
|    iterations           | 112          |
|    time_elapsed         | 291          |
|    total_timesteps      | 474624       |
| train/                  |              |
|    approx_kl            | 0.0004001106 |
|    clip_fraction        | 0.00885      |
|    clip_range           | 0.2          |
|    entropy_loss         | -0.0908      |
|    explained_variance   | 0.447        |
|    learning_rate        | 0.0003       |
|    loss                 | 0.00241      |
|    n_updates            | 3080         |
|    policy_gradient_loss | -0.00141     |
|    value_loss           | 0.00154      |
------------------------------------------
  step  475095/500000 ( 95.0%)  mean_rew=-0.001
-------------------------------------------
| time/                   |               |
|    fps                  | 590           |
|    iterations           | 113           |
|    time_elapsed         | 294           |
|    total_timesteps      | 476160        |
| train/                  |               |
|    approx_kl            | 0.00048746122 |
|    clip_fraction        | 0.01          |
|    clip_range           | 0.2           |
|    entropy_loss         | -0.0734       |
|    explained_variance   | 0.556         |
|    learning_rate        | 0.0003        |
|    loss                 | 0.00826       |
|    n_updates            | 3090          |
|    policy_gradient_loss | -0.000818     |
|    value_loss           | 0.00144       |
-------------------------------------------
-------------------------------------------
| time/                   |               |
|    fps                  | 591           |
|    iterations           | 114           |
|    time_elapsed         | 296           |
|    total_timesteps      | 477696        |
| train/                  |               |
|    approx_kl            | 3.2313867e-05 |
|    clip_fraction        | 0.000521      |
|    clip_range           | 0.2           |
|    entropy_loss         | -0.0747       |
|    explained_variance   | 0.583         |
|    learning_rate        | 0.0003        |
|    loss                 | 0.00131       |
|    n_updates            | 3100          |
|    policy_gradient_loss | 0.000165      |
|    value_loss           | 0.00206       |
-------------------------------------------
------------------------------------------
| time/                   |              |
|    fps                  | 591          |
|    iterations           | 115          |
|    time_elapsed         | 298          |
|    total_timesteps      | 479232       |
| train/                  |              |
|    approx_kl            | 7.466638e-05 |
|    clip_fraction        | 0.00651      |
|    clip_range           | 0.2          |
|    entropy_loss         | -0.0865      |
|    explained_variance   | 0.748        |
|    learning_rate        | 0.0003       |
|    loss                 | 0.000441     |
|    n_updates            | 3110         |
|    policy_gradient_loss | -0.000475    |
|    value_loss           | 0.000737     |
------------------------------------------
  step  480096/500000 ( 96.0%)  mean_rew=-0.001
------------------------------------------
| time/                   |              |
|    fps                  | 591          |
|    iterations           | 116          |
|    time_elapsed         | 301          |
|    total_timesteps      | 480768       |
| train/                  |              |
|    approx_kl            | 0.0006706226 |
|    clip_fraction        | 0.00911      |
|    clip_range           | 0.2          |
|    entropy_loss         | -0.0681      |
|    explained_variance   | 0.69         |
|    learning_rate        | 0.0003       |
|    loss                 | -9.36e-05    |
|    n_updates            | 3120         |
|    policy_gradient_loss | -0.00106     |
|    value_loss           | 0.00399      |
------------------------------------------
-------------------------------------------
| time/                   |               |
|    fps                  | 592           |
|    iterations           | 117           |
|    time_elapsed         | 303           |
|    total_timesteps      | 482304        |
| train/                  |               |
|    approx_kl            | 0.00010702942 |
|    clip_fraction        | 0.00247       |
|    clip_range           | 0.2           |
|    entropy_loss         | -0.0819       |
|    explained_variance   | 0.852         |
|    learning_rate        | 0.0003        |
|    loss                 | 0.00672       |
|    n_updates            | 3130          |
|    policy_gradient_loss | 0.000318      |
|    value_loss           | 0.0373        |
-------------------------------------------
-------------------------------------------
| time/                   |               |
|    fps                  | 593           |
|    iterations           | 118           |
|    time_elapsed         | 305           |
|    total_timesteps      | 483840        |
| train/                  |               |
|    approx_kl            | 0.00025367175 |
|    clip_fraction        | 0.0013        |
|    clip_range           | 0.2           |
|    entropy_loss         | -0.0652       |
|    explained_variance   | 0.0333        |
|    learning_rate        | 0.0003        |
|    loss                 | 0.00092       |
|    n_updates            | 3140          |
|    policy_gradient_loss | -0.000435     |
|    value_loss           | 0.00194       |
-------------------------------------------
  step  485097/500000 ( 97.0%)  mean_rew=-0.001
-------------------------------------------
| time/                   |               |
|    fps                  | 594           |
|    iterations           | 119           |
|    time_elapsed         | 307           |
|    total_timesteps      | 485376        |
| train/                  |               |
|    approx_kl            | 0.00013826082 |
|    clip_fraction        | 0.00234       |
|    clip_range           | 0.2           |
|    entropy_loss         | -0.0611       |
|    explained_variance   | 0.368         |
|    learning_rate        | 0.0003        |
|    loss                 | 0.000585      |
|    n_updates            | 3150          |
|    policy_gradient_loss | -7.69e-05     |
|    value_loss           | 0.00155       |
-------------------------------------------
-------------------------------------------
| time/                   |               |
|    fps                  | 595           |
|    iterations           | 120           |
|    time_elapsed         | 309           |
|    total_timesteps      | 486912        |
| train/                  |               |
|    approx_kl            | 0.00037215417 |
|    clip_fraction        | 0.00508       |
|    clip_range           | 0.2           |
|    entropy_loss         | -0.0702       |
|    explained_variance   | 0.461         |
|    learning_rate        | 0.0003        |
|    loss                 | 0.00028       |
|    n_updates            | 3160          |
|    policy_gradient_loss | -0.00041      |
|    value_loss           | 0.00192       |
-------------------------------------------
------------------------------------------
| time/                   |              |
|    fps                  | 597          |
|    iterations           | 121          |
|    time_elapsed         | 311          |
|    total_timesteps      | 488448       |
| train/                  |              |
|    approx_kl            | 0.0004139753 |
|    clip_fraction        | 0.011        |
|    clip_range           | 0.2          |
|    entropy_loss         | -0.0802      |
|    explained_variance   | 0.654        |
|    learning_rate        | 0.0003       |
|    loss                 | 0.00255      |
|    n_updates            | 3170         |
|    policy_gradient_loss | -0.000366    |
|    value_loss           | 0.00178      |
------------------------------------------
-------------------------------------------
| time/                   |               |
|    fps                  | 598           |
|    iterations           | 122           |
|    time_elapsed         | 313           |
|    total_timesteps      | 489984        |
| train/                  |               |
|    approx_kl            | 7.7373385e-05 |
|    clip_fraction        | 0.00137       |
|    clip_range           | 0.2           |
|    entropy_loss         | -0.081        |
|    explained_variance   | 0.745         |
|    learning_rate        | 0.0003        |
|    loss                 | 0.000291      |
|    n_updates            | 3180          |
|    policy_gradient_loss | 3.59e-05      |
|    value_loss           | 0.000731      |
-------------------------------------------
  step  490098/500000 ( 98.0%)  mean_rew=-0.001
-------------------------------------------
| time/                   |               |
|    fps                  | 597           |
|    iterations           | 123           |
|    time_elapsed         | 316           |
|    total_timesteps      | 491520        |
| train/                  |               |
|    approx_kl            | 0.00034965982 |
|    clip_fraction        | 0.0108        |
|    clip_range           | 0.2           |
|    entropy_loss         | -0.0712       |
|    explained_variance   | 0.766         |
|    learning_rate        | 0.0003        |
|    loss                 | -0.00117      |
|    n_updates            | 3190          |
|    policy_gradient_loss | -0.000677     |
|    value_loss           | 0.00094       |
-------------------------------------------
------------------------------------------
| time/                   |              |
|    fps                  | 589          |
|    iterations           | 124          |
|    time_elapsed         | 323          |
|    total_timesteps      | 493056       |
| train/                  |              |
|    approx_kl            | 0.0032071264 |
|    clip_fraction        | 0.0161       |
|    clip_range           | 0.2          |
|    entropy_loss         | -0.101       |
|    explained_variance   | 0.845        |
|    learning_rate        | 0.0003       |
|    loss                 | 0.0492       |
|    n_updates            | 3200         |
|    policy_gradient_loss | 0.000419     |
|    value_loss           | 0.022        |
------------------------------------------
------------------------------------------
| time/                   |              |
|    fps                  | 590          |
|    iterations           | 125          |
|    time_elapsed         | 325          |
|    total_timesteps      | 494592       |
| train/                  |              |
|    approx_kl            | 0.0012957751 |
|    clip_fraction        | 0.0194       |
|    clip_range           | 0.2          |
|    entropy_loss         | -0.181       |
|    explained_variance   | 0.912        |
|    learning_rate        | 0.0003       |
|    loss                 | 0.0337       |
|    n_updates            | 3210         |
|    policy_gradient_loss | -0.00254     |
|    value_loss           | 0.132        |
------------------------------------------
  step  495099/500000 ( 99.0%)  mean_rew=-0.001
-------------------------------------------
| time/                   |               |
|    fps                  | 591           |
|    iterations           | 126           |
|    time_elapsed         | 327           |
|    total_timesteps      | 496128        |
| train/                  |               |
|    approx_kl            | 0.00012319104 |
|    clip_fraction        | 0.0056        |
|    clip_range           | 0.2           |
|    entropy_loss         | -0.0921       |
|    explained_variance   | 0.376         |
|    learning_rate        | 0.0003        |
|    loss                 | -0.00198      |
|    n_updates            | 3220          |
|    policy_gradient_loss | -0.000563     |
|    value_loss           | 0.00776       |
-------------------------------------------
-------------------------------------------
| time/                   |               |
|    fps                  | 592           |
|    iterations           | 127           |
|    time_elapsed         | 329           |
|    total_timesteps      | 497664        |
| train/                  |               |
|    approx_kl            | 0.00042407078 |
|    clip_fraction        | 0.00273       |
|    clip_range           | 0.2           |
|    entropy_loss         | -0.0966       |
|    explained_variance   | 0.386         |
|    learning_rate        | 0.0003        |
|    loss                 | 0.00217       |
|    n_updates            | 3230          |
|    policy_gradient_loss | 1.02e-05      |
|    value_loss           | 0.00535       |
-------------------------------------------
-------------------------------------------
| time/                   |               |
|    fps                  | 585           |
|    iterations           | 128           |
|    time_elapsed         | 335           |
|    total_timesteps      | 499200        |
| train/                  |               |
|    approx_kl            | 0.00044890912 |
|    clip_fraction        | 0.00365       |
|    clip_range           | 0.2           |
|    entropy_loss         | -0.111        |
|    explained_variance   | 0.725         |
|    learning_rate        | 0.0003        |
|    loss                 | 0.00671       |
|    n_updates            | 3240          |
|    policy_gradient_loss | 0.00017       |
|    value_loss           | 0.0208        |
-------------------------------------------
  step  500100/500000 (100.0%)  mean_rew=-0.001
------------------------------------------
| time/                   |              |
|    fps                  | 586          |
|    iterations           | 129          |
|    time_elapsed         | 337          |
|    total_timesteps      | 500736       |
| train/                  |              |
|    approx_kl            | 0.0012292763 |
|    clip_fraction        | 0.0107       |
|    clip_range           | 0.2          |
|    entropy_loss         | -0.216       |
|    explained_variance   | 0.934        |
|    learning_rate        | 0.0003       |
|    loss                 | 0.133        |
|    n_updates            | 3250         |
|    policy_gradient_loss | -0.00076     |
|    value_loss           | 0.178        |
------------------------------------------
-------------------------------------------
| time/                   |               |
|    fps                  | 587           |
|    iterations           | 130           |
|    time_elapsed         | 339           |
|    total_timesteps      | 502272        |
| train/                  |               |
|    approx_kl            | 0.00029036225 |
|    clip_fraction        | 0.00632       |
|    clip_range           | 0.2           |
|    entropy_loss         | -0.139        |
|    explained_variance   | 0.515         |
|    learning_rate        | 0.0003        |
|    loss                 | 0.00458       |
|    n_updates            | 3260          |
|    policy_gradient_loss | 0.000503      |
|    value_loss           | 0.00884       |
-------------------------------------------
-------------------------------------------
| time/                   |               |
|    fps                  | 587           |
|    iterations           | 131           |
|    time_elapsed         | 342           |
|    total_timesteps      | 503808        |
| train/                  |               |
|    approx_kl            | 0.00020312604 |
|    clip_fraction        | 0.0026        |
|    clip_range           | 0.2           |
|    entropy_loss         | -0.134        |
|    explained_variance   | 0.552         |
|    learning_rate        | 0.0003        |
|    loss                 | 0.00445       |
|    n_updates            | 3270          |
|    policy_gradient_loss | 0.000341      |
|    value_loss           | 0.00673       |
-------------------------------------------
  Stage 4 saved -> cologne3_ppo_stage4_100pct.zip

[cologne3-PPO] Curriculum done.
  Final model -> /workspace/rl-traffic/exp_cologne3_curr/ppo_queue_s123/cologne3_ppo_final_model.zip
  Total steps : 500000
