Using libsumo as traci as requested by environment variable.
=================================================================
  train_cologne_curriculum — cologne3 — PPO
  reward=queue  seed=2718  total_steps=500000
  Curriculum stages:
    Stage 1:  25% demand    75000 steps
    Stage 2:  50% demand   100000 steps
    Stage 3:  75% demand   125000 steps
    Stage 4: 100% demand   200000 steps
  save_dir: /workspace/rl-traffic/exp_cologne3_curr/ppo_queue_s2718
=================================================================
  [route] cologne3_25pct.rou.xml da co.
  [route] cologne3_50pct.rou.xml da co.
  [route] cologne3_75pct.rou.xml da co.

  n_agents=3 | obs=(7,) | act=Discrete(3)
Using cpu device

────────────────────────────────────────────────────────────
  Stage 1/4  25% demand  75000 steps  (cumulative -> 75000)
  Route: cologne3_25pct.rou.xml
────────────────────────────────────────────────────────────
-----------------------------
| time/              |      |
|    fps             | 1069 |
|    iterations      | 1    |
|    time_elapsed    | 1    |
|    total_timesteps | 1536 |
-----------------------------
------------------------------------------
| time/                   |              |
|    fps                  | 887          |
|    iterations           | 2            |
|    time_elapsed         | 3            |
|    total_timesteps      | 3072         |
| train/                  |              |
|    approx_kl            | 0.0112479925 |
|    clip_fraction        | 0.0174       |
|    clip_range           | 0.2          |
|    entropy_loss         | -1.09        |
|    explained_variance   | -0.994       |
|    learning_rate        | 0.0003       |
|    loss                 | 0.0175       |
|    n_updates            | 10           |
|    policy_gradient_loss | -0.00398     |
|    value_loss           | 0.000261     |
------------------------------------------
----------------------------------------
| time/                   |            |
|    fps                  | 921        |
|    iterations           | 3          |
|    time_elapsed         | 5          |
|    total_timesteps      | 4608       |
| train/                  |            |
|    approx_kl            | 0.01095309 |
|    clip_fraction        | 0.0691     |
|    clip_range           | 0.2        |
|    entropy_loss         | -1.07      |
|    explained_variance   | 0.364      |
|    learning_rate        | 0.0003     |
|    loss                 | 0.0197     |
|    n_updates            | 20         |
|    policy_gradient_loss | -0.00769   |
|    value_loss           | 0.000322   |
----------------------------------------
  step    5001/500000 (  1.0%)  mean_rew=-0.001
-----------------------------------------
| time/                   |             |
|    fps                  | 953         |
|    iterations           | 4           |
|    time_elapsed         | 6           |
|    total_timesteps      | 6144        |
| train/                  |             |
|    approx_kl            | 0.008474709 |
|    clip_fraction        | 0.016       |
|    clip_range           | 0.2         |
|    entropy_loss         | -1.05       |
|    explained_variance   | 0.382       |
|    learning_rate        | 0.0003      |
|    loss                 | -0.0138     |
|    n_updates            | 30          |
|    policy_gradient_loss | -0.00317    |
|    value_loss           | 9.05e-05    |
-----------------------------------------
-----------------------------------------
| time/                   |             |
|    fps                  | 965         |
|    iterations           | 5           |
|    time_elapsed         | 7           |
|    total_timesteps      | 7680        |
| train/                  |             |
|    approx_kl            | 0.014512181 |
|    clip_fraction        | 0.119       |
|    clip_range           | 0.2         |
|    entropy_loss         | -1.04       |
|    explained_variance   | 0.413       |
|    learning_rate        | 0.0003      |
|    loss                 | -0.0223     |
|    n_updates            | 40          |
|    policy_gradient_loss | -0.00835    |
|    value_loss           | 8.4e-05     |
-----------------------------------------
-----------------------------------------
| time/                   |             |
|    fps                  | 978         |
|    iterations           | 6           |
|    time_elapsed         | 9           |
|    total_timesteps      | 9216        |
| train/                  |             |
|    approx_kl            | 0.009994108 |
|    clip_fraction        | 0.07        |
|    clip_range           | 0.2         |
|    entropy_loss         | -1.02       |
|    explained_variance   | 0.356       |
|    learning_rate        | 0.0003      |
|    loss                 | -0.0338     |
|    n_updates            | 50          |
|    policy_gradient_loss | -0.00737    |
|    value_loss           | 0.00013     |
-----------------------------------------
  step   10002/500000 (  2.0%)  mean_rew=-0.000
-----------------------------------------
| time/                   |             |
|    fps                  | 991         |
|    iterations           | 7           |
|    time_elapsed         | 10          |
|    total_timesteps      | 10752       |
| train/                  |             |
|    approx_kl            | 0.012177896 |
|    clip_fraction        | 0.0291      |
|    clip_range           | 0.2         |
|    entropy_loss         | -0.98       |
|    explained_variance   | 0.588       |
|    learning_rate        | 0.0003      |
|    loss                 | -0.0125     |
|    n_updates            | 60          |
|    policy_gradient_loss | -0.00401    |
|    value_loss           | 8.35e-05    |
-----------------------------------------
-----------------------------------------
| time/                   |             |
|    fps                  | 996         |
|    iterations           | 8           |
|    time_elapsed         | 12          |
|    total_timesteps      | 12288       |
| train/                  |             |
|    approx_kl            | 0.012165189 |
|    clip_fraction        | 0.104       |
|    clip_range           | 0.2         |
|    entropy_loss         | -0.949      |
|    explained_variance   | 0.765       |
|    learning_rate        | 0.0003      |
|    loss                 | 0.00725     |
|    n_updates            | 70          |
|    policy_gradient_loss | -0.0087     |
|    value_loss           | 4.42e-05    |
-----------------------------------------
-----------------------------------------
| time/                   |             |
|    fps                  | 996         |
|    iterations           | 9           |
|    time_elapsed         | 13          |
|    total_timesteps      | 13824       |
| train/                  |             |
|    approx_kl            | 0.008329066 |
|    clip_fraction        | 0.0622      |
|    clip_range           | 0.2         |
|    entropy_loss         | -0.913      |
|    explained_variance   | 0.661       |
|    learning_rate        | 0.0003      |
|    loss                 | -0.0179     |
|    n_updates            | 80          |
|    policy_gradient_loss | -0.00822    |
|    value_loss           | 0.00011     |
-----------------------------------------
  step   15003/500000 (  3.0%)  mean_rew=-0.000
-----------------------------------------
| time/                   |             |
|    fps                  | 1003        |
|    iterations           | 10          |
|    time_elapsed         | 15          |
|    total_timesteps      | 15360       |
| train/                  |             |
|    approx_kl            | 0.014819575 |
|    clip_fraction        | 0.0985      |
|    clip_range           | 0.2         |
|    entropy_loss         | -0.86       |
|    explained_variance   | 0.755       |
|    learning_rate        | 0.0003      |
|    loss                 | -0.0252     |
|    n_updates            | 90          |
|    policy_gradient_loss | -0.00973    |
|    value_loss           | 7.93e-05    |
-----------------------------------------
------------------------------------------
| time/                   |              |
|    fps                  | 1010         |
|    iterations           | 11           |
|    time_elapsed         | 16           |
|    total_timesteps      | 16896        |
| train/                  |              |
|    approx_kl            | 0.0073440014 |
|    clip_fraction        | 0.0645       |
|    clip_range           | 0.2          |
|    entropy_loss         | -0.852       |
|    explained_variance   | 0.827        |
|    learning_rate        | 0.0003       |
|    loss                 | -0.00819     |
|    n_updates            | 100          |
|    policy_gradient_loss | -0.00509     |
|    value_loss           | 5.48e-05     |
------------------------------------------
-----------------------------------------
| time/                   |             |
|    fps                  | 1008        |
|    iterations           | 12          |
|    time_elapsed         | 18          |
|    total_timesteps      | 18432       |
| train/                  |             |
|    approx_kl            | 0.009088639 |
|    clip_fraction        | 0.0239      |
|    clip_range           | 0.2         |
|    entropy_loss         | -0.809      |
|    explained_variance   | 0.895       |
|    learning_rate        | 0.0003      |
|    loss                 | -0.00958    |
|    n_updates            | 110         |
|    policy_gradient_loss | -0.00475    |
|    value_loss           | 3.06e-05    |
-----------------------------------------
------------------------------------------
| time/                   |              |
|    fps                  | 1004         |
|    iterations           | 13           |
|    time_elapsed         | 19           |
|    total_timesteps      | 19968        |
| train/                  |              |
|    approx_kl            | 0.0055187843 |
|    clip_fraction        | 0.0406       |
|    clip_range           | 0.2          |
|    entropy_loss         | -0.722       |
|    explained_variance   | 0.849        |
|    learning_rate        | 0.0003       |
|    loss                 | -0.0143      |
|    n_updates            | 120          |
|    policy_gradient_loss | -0.00361     |
|    value_loss           | 5.25e-05     |
------------------------------------------
  step   20004/500000 (  4.0%)  mean_rew=-0.000
-----------------------------------------
| time/                   |             |
|    fps                  | 1007        |
|    iterations           | 14          |
|    time_elapsed         | 21          |
|    total_timesteps      | 21504       |
| train/                  |             |
|    approx_kl            | 0.005337872 |
|    clip_fraction        | 0.037       |
|    clip_range           | 0.2         |
|    entropy_loss         | -0.702      |
|    explained_variance   | 0.885       |
|    learning_rate        | 0.0003      |
|    loss                 | -0.00487    |
|    n_updates            | 130         |
|    policy_gradient_loss | -0.00282    |
|    value_loss           | 3.45e-05    |
-----------------------------------------
------------------------------------------
| time/                   |              |
|    fps                  | 1007         |
|    iterations           | 15           |
|    time_elapsed         | 22           |
|    total_timesteps      | 23040        |
| train/                  |              |
|    approx_kl            | 0.0059397407 |
|    clip_fraction        | 0.0645       |
|    clip_range           | 0.2          |
|    entropy_loss         | -0.665       |
|    explained_variance   | 0.939        |
|    learning_rate        | 0.0003       |
|    loss                 | -0.00704     |
|    n_updates            | 140          |
|    policy_gradient_loss | -0.0071      |
|    value_loss           | 1.72e-05     |
------------------------------------------
------------------------------------------
| time/                   |              |
|    fps                  | 1007         |
|    iterations           | 16           |
|    time_elapsed         | 24           |
|    total_timesteps      | 24576        |
| train/                  |              |
|    approx_kl            | 0.0049430444 |
|    clip_fraction        | 0.0432       |
|    clip_range           | 0.2          |
|    entropy_loss         | -0.584       |
|    explained_variance   | 0.862        |
|    learning_rate        | 0.0003       |
|    loss                 | -0.0175      |
|    n_updates            | 150          |
|    policy_gradient_loss | -0.00354     |
|    value_loss           | 4.25e-05     |
------------------------------------------
  step   25005/500000 (  5.0%)  mean_rew=-0.000
------------------------------------------
| time/                   |              |
|    fps                  | 1008         |
|    iterations           | 17           |
|    time_elapsed         | 25           |
|    total_timesteps      | 26112        |
| train/                  |              |
|    approx_kl            | 0.0055618905 |
|    clip_fraction        | 0.0535       |
|    clip_range           | 0.2          |
|    entropy_loss         | -0.515       |
|    explained_variance   | 0.875        |
|    learning_rate        | 0.0003       |
|    loss                 | -0.0079      |
|    n_updates            | 160          |
|    policy_gradient_loss | -0.00398     |
|    value_loss           | 3.44e-05     |
------------------------------------------
-----------------------------------------
| time/                   |             |
|    fps                  | 1010        |
|    iterations           | 18          |
|    time_elapsed         | 27          |
|    total_timesteps      | 27648       |
| train/                  |             |
|    approx_kl            | 0.004204275 |
|    clip_fraction        | 0.0801      |
|    clip_range           | 0.2         |
|    entropy_loss         | -0.478      |
|    explained_variance   | 0.874       |
|    learning_rate        | 0.0003      |
|    loss                 | -0.00224    |
|    n_updates            | 170         |
|    policy_gradient_loss | -0.00429    |
|    value_loss           | 2.67e-05    |
-----------------------------------------
------------------------------------------
| time/                   |              |
|    fps                  | 1010         |
|    iterations           | 19           |
|    time_elapsed         | 28           |
|    total_timesteps      | 29184        |
| train/                  |              |
|    approx_kl            | 0.0021104508 |
|    clip_fraction        | 0.0255       |
|    clip_range           | 0.2          |
|    entropy_loss         | -0.44        |
|    explained_variance   | 0.935        |
|    learning_rate        | 0.0003       |
|    loss                 | -0.00285     |
|    n_updates            | 180          |
|    policy_gradient_loss | -0.00314     |
|    value_loss           | 1.35e-05     |
------------------------------------------
  step   30006/500000 (  6.0%)  mean_rew=-0.000
------------------------------------------
| time/                   |              |
|    fps                  | 1012         |
|    iterations           | 20           |
|    time_elapsed         | 30           |
|    total_timesteps      | 30720        |
| train/                  |              |
|    approx_kl            | 0.0028664947 |
|    clip_fraction        | 0.0208       |
|    clip_range           | 0.2          |
|    entropy_loss         | -0.401       |
|    explained_variance   | 0.861        |
|    learning_rate        | 0.0003       |
|    loss                 | -0.00535     |
|    n_updates            | 190          |
|    policy_gradient_loss | -0.00267     |
|    value_loss           | 3.12e-05     |
------------------------------------------
------------------------------------------
| time/                   |              |
|    fps                  | 1014         |
|    iterations           | 21           |
|    time_elapsed         | 31           |
|    total_timesteps      | 32256        |
| train/                  |              |
|    approx_kl            | 0.0020546592 |
|    clip_fraction        | 0.0225       |
|    clip_range           | 0.2          |
|    entropy_loss         | -0.368       |
|    explained_variance   | 0.869        |
|    learning_rate        | 0.0003       |
|    loss                 | -0.00301     |
|    n_updates            | 200          |
|    policy_gradient_loss | -0.00256     |
|    value_loss           | 2.73e-05     |
------------------------------------------
------------------------------------------
| time/                   |              |
|    fps                  | 1014         |
|    iterations           | 22           |
|    time_elapsed         | 33           |
|    total_timesteps      | 33792        |
| train/                  |              |
|    approx_kl            | 0.0022712445 |
|    clip_fraction        | 0.0296       |
|    clip_range           | 0.2          |
|    entropy_loss         | -0.33        |
|    explained_variance   | 0.936        |
|    learning_rate        | 0.0003       |
|    loss                 | 0.00125      |
|    n_updates            | 210          |
|    policy_gradient_loss | -0.00227     |
|    value_loss           | 1.06e-05     |
------------------------------------------
  step   35007/500000 (  7.0%)  mean_rew=-0.000
------------------------------------------
| time/                   |              |
|    fps                  | 1013         |
|    iterations           | 23           |
|    time_elapsed         | 34           |
|    total_timesteps      | 35328        |
| train/                  |              |
|    approx_kl            | 0.0011393317 |
|    clip_fraction        | 0.0133       |
|    clip_range           | 0.2          |
|    entropy_loss         | -0.341       |
|    explained_variance   | 0.852        |
|    learning_rate        | 0.0003       |
|    loss                 | 0.00614      |
|    n_updates            | 220          |
|    policy_gradient_loss | -0.000611    |
|    value_loss           | 2.66e-05     |
------------------------------------------
------------------------------------------
| time/                   |              |
|    fps                  | 1013         |
|    iterations           | 24           |
|    time_elapsed         | 36           |
|    total_timesteps      | 36864        |
| train/                  |              |
|    approx_kl            | 0.0011366837 |
|    clip_fraction        | 0.0132       |
|    clip_range           | 0.2          |
|    entropy_loss         | -0.34        |
|    explained_variance   | 0.862        |
|    learning_rate        | 0.0003       |
|    loss                 | -0.00588     |
|    n_updates            | 230          |
|    policy_gradient_loss | -0.00118     |
|    value_loss           | 2.51e-05     |
------------------------------------------
------------------------------------------
| time/                   |              |
|    fps                  | 1014         |
|    iterations           | 25           |
|    time_elapsed         | 37           |
|    total_timesteps      | 38400        |
| train/                  |              |
|    approx_kl            | 0.0016705546 |
|    clip_fraction        | 0.0167       |
|    clip_range           | 0.2          |
|    entropy_loss         | -0.32        |
|    explained_variance   | 0.872        |
|    learning_rate        | 0.0003       |
|    loss                 | -0.00614     |
|    n_updates            | 240          |
|    policy_gradient_loss | -0.00141     |
|    value_loss           | 1.98e-05     |
------------------------------------------
------------------------------------------
| time/                   |              |
|    fps                  | 1014         |
|    iterations           | 26           |
|    time_elapsed         | 39           |
|    total_timesteps      | 39936        |
| train/                  |              |
|    approx_kl            | 0.0018672552 |
|    clip_fraction        | 0.0281       |
|    clip_range           | 0.2          |
|    entropy_loss         | -0.296       |
|    explained_variance   | 0.912        |
|    learning_rate        | 0.0003       |
|    loss                 | 0.00054      |
|    n_updates            | 250          |
|    policy_gradient_loss | -0.00291     |
|    value_loss           | 1.18e-05     |
------------------------------------------
  step   40008/500000 (  8.0%)  mean_rew=-0.000
------------------------------------------
| time/                   |              |
|    fps                  | 1015         |
|    iterations           | 27           |
|    time_elapsed         | 40           |
|    total_timesteps      | 41472        |
| train/                  |              |
|    approx_kl            | 0.0013905218 |
|    clip_fraction        | 0.026        |
|    clip_range           | 0.2          |
|    entropy_loss         | -0.278       |
|    explained_variance   | 0.813        |
|    learning_rate        | 0.0003       |
|    loss                 | 0.00651      |
|    n_updates            | 260          |
|    policy_gradient_loss | -0.00209     |
|    value_loss           | 2.97e-05     |
------------------------------------------
------------------------------------------
| time/                   |              |
|    fps                  | 1016         |
|    iterations           | 28           |
|    time_elapsed         | 42           |
|    total_timesteps      | 43008        |
| train/                  |              |
|    approx_kl            | 0.0011888486 |
|    clip_fraction        | 0.00599      |
|    clip_range           | 0.2          |
|    entropy_loss         | -0.263       |
|    explained_variance   | 0.878        |
|    learning_rate        | 0.0003       |
|    loss                 | -0.000122    |
|    n_updates            | 270          |
|    policy_gradient_loss | -0.00049     |
|    value_loss           | 1.66e-05     |
------------------------------------------
-------------------------------------------
| time/                   |               |
|    fps                  | 1016          |
|    iterations           | 29            |
|    time_elapsed         | 43            |
|    total_timesteps      | 44544         |
| train/                  |               |
|    approx_kl            | 0.00058781845 |
|    clip_fraction        | 0.00495       |
|    clip_range           | 0.2           |
|    entropy_loss         | -0.272        |
|    explained_variance   | 0.909         |
|    learning_rate        | 0.0003        |
|    loss                 | 0.00656       |
|    n_updates            | 280           |
|    policy_gradient_loss | -0.000395     |
|    value_loss           | 1.21e-05      |
-------------------------------------------
  step   45009/500000 (  9.0%)  mean_rew=-0.000
------------------------------------------
| time/                   |              |
|    fps                  | 1016         |
|    iterations           | 30           |
|    time_elapsed         | 45           |
|    total_timesteps      | 46080        |
| train/                  |              |
|    approx_kl            | 0.0010916124 |
|    clip_fraction        | 0.00215      |
|    clip_range           | 0.2          |
|    entropy_loss         | -0.272       |
|    explained_variance   | 0.848        |
|    learning_rate        | 0.0003       |
|    loss                 | -0.0077      |
|    n_updates            | 290          |
|    policy_gradient_loss | -7.74e-05    |
|    value_loss           | 2.28e-05     |
------------------------------------------
------------------------------------------
| time/                   |              |
|    fps                  | 1017         |
|    iterations           | 31           |
|    time_elapsed         | 46           |
|    total_timesteps      | 47616        |
| train/                  |              |
|    approx_kl            | 0.0013844337 |
|    clip_fraction        | 0.0149       |
|    clip_range           | 0.2          |
|    entropy_loss         | -0.245       |
|    explained_variance   | 0.85         |
|    learning_rate        | 0.0003       |
|    loss                 | -0.00356     |
|    n_updates            | 300          |
|    policy_gradient_loss | -0.00162     |
|    value_loss           | 2.11e-05     |
------------------------------------------
------------------------------------------
| time/                   |              |
|    fps                  | 1018         |
|    iterations           | 32           |
|    time_elapsed         | 48           |
|    total_timesteps      | 49152        |
| train/                  |              |
|    approx_kl            | 0.0014683058 |
|    clip_fraction        | 0.0145       |
|    clip_range           | 0.2          |
|    entropy_loss         | -0.218       |
|    explained_variance   | 0.867        |
|    learning_rate        | 0.0003       |
|    loss                 | -0.00268     |
|    n_updates            | 310          |
|    policy_gradient_loss | -0.00154     |
|    value_loss           | 1.59e-05     |
------------------------------------------
  step   50010/500000 ( 10.0%)  mean_rew=-0.000
------------------------------------------
| time/                   |              |
|    fps                  | 1017         |
|    iterations           | 33           |
|    time_elapsed         | 49           |
|    total_timesteps      | 50688        |
| train/                  |              |
|    approx_kl            | 0.0012788513 |
|    clip_fraction        | 0.0109       |
|    clip_range           | 0.2          |
|    entropy_loss         | -0.199       |
|    explained_variance   | 0.91         |
|    learning_rate        | 0.0003       |
|    loss                 | -0.000772    |
|    n_updates            | 320          |
|    policy_gradient_loss | -0.000978    |
|    value_loss           | 1.1e-05      |
------------------------------------------
-----------------------------------------
| time/                   |             |
|    fps                  | 1018        |
|    iterations           | 34          |
|    time_elapsed         | 51          |
|    total_timesteps      | 52224       |
| train/                  |             |
|    approx_kl            | 0.001044169 |
|    clip_fraction        | 0.0135      |
|    clip_range           | 0.2         |
|    entropy_loss         | -0.184      |
|    explained_variance   | 0.855       |
|    learning_rate        | 0.0003      |
|    loss                 | 0.00537     |
|    n_updates            | 330         |
|    policy_gradient_loss | -0.000724   |
|    value_loss           | 1.91e-05    |
-----------------------------------------
------------------------------------------
| time/                   |              |
|    fps                  | 1019         |
|    iterations           | 35           |
|    time_elapsed         | 52           |
|    total_timesteps      | 53760        |
| train/                  |              |
|    approx_kl            | 0.0006233459 |
|    clip_fraction        | 0.00898      |
|    clip_range           | 0.2          |
|    entropy_loss         | -0.173       |
|    explained_variance   | 0.843        |
|    learning_rate        | 0.0003       |
|    loss                 | 0.000327     |
|    n_updates            | 340          |
|    policy_gradient_loss | -0.000623    |
|    value_loss           | 2.04e-05     |
------------------------------------------
  step   55011/500000 ( 11.0%)  mean_rew=-0.000
------------------------------------------
| time/                   |              |
|    fps                  | 1018         |
|    iterations           | 36           |
|    time_elapsed         | 54           |
|    total_timesteps      | 55296        |
| train/                  |              |
|    approx_kl            | 0.0007260833 |
|    clip_fraction        | 0.00781      |
|    clip_range           | 0.2          |
|    entropy_loss         | -0.166       |
|    explained_variance   | 0.918        |
|    learning_rate        | 0.0003       |
|    loss                 | -9e-05       |
|    n_updates            | 350          |
|    policy_gradient_loss | -0.000692    |
|    value_loss           | 9.09e-06     |
------------------------------------------
------------------------------------------
| time/                   |              |
|    fps                  | 1018         |
|    iterations           | 37           |
|    time_elapsed         | 55           |
|    total_timesteps      | 56832        |
| train/                  |              |
|    approx_kl            | 0.0005172146 |
|    clip_fraction        | 0.01         |
|    clip_range           | 0.2          |
|    entropy_loss         | -0.147       |
|    explained_variance   | 0.831        |
|    learning_rate        | 0.0003       |
|    loss                 | 0.000317     |
|    n_updates            | 360          |
|    policy_gradient_loss | -0.00116     |
|    value_loss           | 2.11e-05     |
------------------------------------------
-------------------------------------------
| time/                   |               |
|    fps                  | 1018          |
|    iterations           | 38            |
|    time_elapsed         | 57            |
|    total_timesteps      | 58368         |
| train/                  |               |
|    approx_kl            | 0.00044109198 |
|    clip_fraction        | 0.00755       |
|    clip_range           | 0.2           |
|    entropy_loss         | -0.139        |
|    explained_variance   | 0.842         |
|    learning_rate        | 0.0003        |
|    loss                 | -0.000258     |
|    n_updates            | 370           |
|    policy_gradient_loss | -0.000995     |
|    value_loss           | 1.77e-05      |
-------------------------------------------
------------------------------------------
| time/                   |              |
|    fps                  | 1019         |
|    iterations           | 39           |
|    time_elapsed         | 58           |
|    total_timesteps      | 59904        |
| train/                  |              |
|    approx_kl            | 0.0007953479 |
|    clip_fraction        | 0.00749      |
|    clip_range           | 0.2          |
|    entropy_loss         | -0.126       |
|    explained_variance   | 0.84         |
|    learning_rate        | 0.0003       |
|    loss                 | -0.00116     |
|    n_updates            | 380          |
|    policy_gradient_loss | -0.000861    |
|    value_loss           | 1.65e-05     |
------------------------------------------
  step   60012/500000 ( 12.0%)  mean_rew=-0.000
-------------------------------------------
| time/                   |               |
|    fps                  | 1018          |
|    iterations           | 40            |
|    time_elapsed         | 60            |
|    total_timesteps      | 61440         |
| train/                  |               |
|    approx_kl            | 0.00039049194 |
|    clip_fraction        | 0.00846       |
|    clip_range           | 0.2           |
|    entropy_loss         | -0.115        |
|    explained_variance   | 0.906         |
|    learning_rate        | 0.0003        |
|    loss                 | 0.000668      |
|    n_updates            | 390           |
|    policy_gradient_loss | -0.000706     |
|    value_loss           | 1.03e-05      |
-------------------------------------------
------------------------------------------
| time/                   |              |
|    fps                  | 1019         |
|    iterations           | 41           |
|    time_elapsed         | 61           |
|    total_timesteps      | 62976        |
| train/                  |              |
|    approx_kl            | 0.0004115931 |
|    clip_fraction        | 0.00762      |
|    clip_range           | 0.2          |
|    entropy_loss         | -0.1         |
|    explained_variance   | 0.847        |
|    learning_rate        | 0.0003       |
|    loss                 | -0.000394    |
|    n_updates            | 400          |
|    policy_gradient_loss | -0.00122     |
|    value_loss           | 1.73e-05     |
------------------------------------------
------------------------------------------
| time/                   |              |
|    fps                  | 1020         |
|    iterations           | 42           |
|    time_elapsed         | 63           |
|    total_timesteps      | 64512        |
| train/                  |              |
|    approx_kl            | 4.370099e-05 |
|    clip_fraction        | 0            |
|    clip_range           | 0.2          |
|    entropy_loss         | -0.0931      |
|    explained_variance   | 0.834        |
|    learning_rate        | 0.0003       |
|    loss                 | 0.000485     |
|    n_updates            | 410          |
|    policy_gradient_loss | 3.55e-05     |
|    value_loss           | 1.85e-05     |
------------------------------------------
  step   65013/500000 ( 13.0%)  mean_rew=-0.000
-------------------------------------------
| time/                   |               |
|    fps                  | 1019          |
|    iterations           | 43            |
|    time_elapsed         | 64            |
|    total_timesteps      | 66048         |
| train/                  |               |
|    approx_kl            | 0.00034642298 |
|    clip_fraction        | 0.00365       |
|    clip_range           | 0.2           |
|    entropy_loss         | -0.0836       |
|    explained_variance   | 0.923         |
|    learning_rate        | 0.0003        |
|    loss                 | 0.000863      |
|    n_updates            | 420           |
|    policy_gradient_loss | -0.000519     |
|    value_loss           | 7.02e-06      |
-------------------------------------------
-------------------------------------------
| time/                   |               |
|    fps                  | 1019          |
|    iterations           | 44            |
|    time_elapsed         | 66            |
|    total_timesteps      | 67584         |
| train/                  |               |
|    approx_kl            | 0.00022057739 |
|    clip_fraction        | 0.00143       |
|    clip_range           | 0.2           |
|    entropy_loss         | -0.0694       |
|    explained_variance   | 0.835         |
|    learning_rate        | 0.0003        |
|    loss                 | -0.00177      |
|    n_updates            | 430           |
|    policy_gradient_loss | -0.000213     |
|    value_loss           | 2.05e-05      |
-------------------------------------------
-------------------------------------------
| time/                   |               |
|    fps                  | 1020          |
|    iterations           | 45            |
|    time_elapsed         | 67            |
|    total_timesteps      | 69120         |
| train/                  |               |
|    approx_kl            | 0.00027864493 |
|    clip_fraction        | 0.00612       |
|    clip_range           | 0.2           |
|    entropy_loss         | -0.0631       |
|    explained_variance   | 0.83          |
|    learning_rate        | 0.0003        |
|    loss                 | -0.00284      |
|    n_updates            | 440           |
|    policy_gradient_loss | -0.000573     |
|    value_loss           | 1.84e-05      |
-------------------------------------------
  step   70014/500000 ( 14.0%)  mean_rew=-0.000
-------------------------------------------
| time/                   |               |
|    fps                  | 1020          |
|    iterations           | 46            |
|    time_elapsed         | 69            |
|    total_timesteps      | 70656         |
| train/                  |               |
|    approx_kl            | 0.00019449317 |
|    clip_fraction        | 0.000911      |
|    clip_range           | 0.2           |
|    entropy_loss         | -0.0601       |
|    explained_variance   | 0.855         |
|    learning_rate        | 0.0003        |
|    loss                 | -0.000849     |
|    n_updates            | 450           |
|    policy_gradient_loss | -0.000214     |
|    value_loss           | 1.59e-05      |
-------------------------------------------
-------------------------------------------
| time/                   |               |
|    fps                  | 1020          |
|    iterations           | 47            |
|    time_elapsed         | 70            |
|    total_timesteps      | 72192         |
| train/                  |               |
|    approx_kl            | 0.00014820528 |
|    clip_fraction        | 0.000716      |
|    clip_range           | 0.2           |
|    entropy_loss         | -0.0582       |
|    explained_variance   | 0.907         |
|    learning_rate        | 0.0003        |
|    loss                 | -3.09e-05     |
|    n_updates            | 460           |
|    policy_gradient_loss | -0.000248     |
|    value_loss           | 9.54e-06      |
-------------------------------------------
-----------------------------------------
| time/                   |             |
|    fps                  | 1020        |
|    iterations           | 48          |
|    time_elapsed         | 72          |
|    total_timesteps      | 73728       |
| train/                  |             |
|    approx_kl            | 0.000417617 |
|    clip_fraction        | 0.0054      |
|    clip_range           | 0.2         |
|    entropy_loss         | -0.0692     |
|    explained_variance   | 0.826       |
|    learning_rate        | 0.0003      |
|    loss                 | 8.6e-05     |
|    n_updates            | 470         |
|    policy_gradient_loss | -0.000539   |
|    value_loss           | 2.35e-05    |
-----------------------------------------
  step   75015/500000 ( 15.0%)  mean_rew=-0.000
------------------------------------------
| time/                   |              |
|    fps                  | 1020         |
|    iterations           | 49           |
|    time_elapsed         | 73           |
|    total_timesteps      | 75264        |
| train/                  |              |
|    approx_kl            | 0.0004841068 |
|    clip_fraction        | 0.00703      |
|    clip_range           | 0.2          |
|    entropy_loss         | -0.0721      |
|    explained_variance   | 0.823        |
|    learning_rate        | 0.0003       |
|    loss                 | -0.000178    |
|    n_updates            | 480          |
|    policy_gradient_loss | -0.000536    |
|    value_loss           | 1.95e-05     |
------------------------------------------
  Stage 1 saved -> cologne3_ppo_stage1_25pct.zip

────────────────────────────────────────────────────────────
  Stage 2/4  50% demand  100000 steps  (cumulative -> 175000)
  Route: cologne3_50pct.rou.xml
────────────────────────────────────────────────────────────
------------------------------
| time/              |       |
|    fps             | 1178  |
|    iterations      | 1     |
|    time_elapsed    | 1     |
|    total_timesteps | 76800 |
------------------------------
-------------------------------------------
| time/                   |               |
|    fps                  | 999           |
|    iterations           | 2             |
|    time_elapsed         | 3             |
|    total_timesteps      | 78336         |
| train/                  |               |
|    approx_kl            | 0.00043355176 |
|    clip_fraction        | 0.00521       |
|    clip_range           | 0.2           |
|    entropy_loss         | -0.0815       |
|    explained_variance   | 0.789         |
|    learning_rate        | 0.0003        |
|    loss                 | 0.000459      |
|    n_updates            | 500           |
|    policy_gradient_loss | -0.000439     |
|    value_loss           | 3.46e-05      |
-------------------------------------------
------------------------------------------
| time/                   |              |
|    fps                  | 864          |
|    iterations           | 3            |
|    time_elapsed         | 5            |
|    total_timesteps      | 79872        |
| train/                  |              |
|    approx_kl            | 0.0005513611 |
|    clip_fraction        | 0.0056       |
|    clip_range           | 0.2          |
|    entropy_loss         | -0.0854      |
|    explained_variance   | 0.802        |
|    learning_rate        | 0.0003       |
|    loss                 | -3.29e-05    |
|    n_updates            | 510          |
|    policy_gradient_loss | -0.000449    |
|    value_loss           | 4.54e-05     |
------------------------------------------
  step   80016/500000 ( 16.0%)  mean_rew=-0.000
-------------------------------------------
| time/                   |               |
|    fps                  | 873           |
|    iterations           | 4             |
|    time_elapsed         | 7             |
|    total_timesteps      | 81408         |
| train/                  |               |
|    approx_kl            | 0.00042817454 |
|    clip_fraction        | 0.00469       |
|    clip_range           | 0.2           |
|    entropy_loss         | -0.0906       |
|    explained_variance   | 0.827         |
|    learning_rate        | 0.0003        |
|    loss                 | -0.00101      |
|    n_updates            | 520           |
|    policy_gradient_loss | -0.000603     |
|    value_loss           | 4.33e-05      |
-------------------------------------------
------------------------------------------
| time/                   |              |
|    fps                  | 867          |
|    iterations           | 5            |
|    time_elapsed         | 8            |
|    total_timesteps      | 82944        |
| train/                  |              |
|    approx_kl            | 0.0005737105 |
|    clip_fraction        | 0.00833      |
|    clip_range           | 0.2          |
|    entropy_loss         | -0.09        |
|    explained_variance   | 0.859        |
|    learning_rate        | 0.0003       |
|    loss                 | 4.14e-05     |
|    n_updates            | 530          |
|    policy_gradient_loss | -0.000518    |
|    value_loss           | 3.73e-05     |
------------------------------------------
------------------------------------------
| time/                   |              |
|    fps                  | 831          |
|    iterations           | 6            |
|    time_elapsed         | 11           |
|    total_timesteps      | 84480        |
| train/                  |              |
|    approx_kl            | 0.0003894876 |
|    clip_fraction        | 0.00885      |
|    clip_range           | 0.2          |
|    entropy_loss         | -0.0874      |
|    explained_variance   | 0.817        |
|    learning_rate        | 0.0003       |
|    loss                 | -0.00453     |
|    n_updates            | 540          |
|    policy_gradient_loss | -0.000982    |
|    value_loss           | 5.54e-05     |
------------------------------------------
  step   85017/500000 ( 17.0%)  mean_rew=-0.000
------------------------------------------
| time/                   |              |
|    fps                  | 842          |
|    iterations           | 7            |
|    time_elapsed         | 12           |
|    total_timesteps      | 86016        |
| train/                  |              |
|    approx_kl            | 0.0003510136 |
|    clip_fraction        | 0.00443      |
|    clip_range           | 0.2          |
|    entropy_loss         | -0.0736      |
|    explained_variance   | 0.832        |
|    learning_rate        | 0.0003       |
|    loss                 | 0.00141      |
|    n_updates            | 550          |
|    policy_gradient_loss | -0.000458    |
|    value_loss           | 4.96e-05     |
------------------------------------------
-------------------------------------------
| time/                   |               |
|    fps                  | 844           |
|    iterations           | 8             |
|    time_elapsed         | 14            |
|    total_timesteps      | 87552         |
| train/                  |               |
|    approx_kl            | 0.00037952556 |
|    clip_fraction        | 0.00547       |
|    clip_range           | 0.2           |
|    entropy_loss         | -0.0645       |
|    explained_variance   | 0.912         |
|    learning_rate        | 0.0003        |
|    loss                 | -0.00474      |
|    n_updates            | 560           |
|    policy_gradient_loss | -0.000485     |
|    value_loss           | 2.59e-05      |
-------------------------------------------
-----------------------------------------
| time/                   |             |
|    fps                  | 846         |
|    iterations           | 9           |
|    time_elapsed         | 16          |
|    total_timesteps      | 89088       |
| train/                  |             |
|    approx_kl            | 0.000927039 |
|    clip_fraction        | 0.00996     |
|    clip_range           | 0.2         |
|    entropy_loss         | -0.0686     |
|    explained_variance   | 0.842       |
|    learning_rate        | 0.0003      |
|    loss                 | -0.00196    |
|    n_updates            | 570         |
|    policy_gradient_loss | -0.00151    |
|    value_loss           | 5.9e-05     |
-----------------------------------------
  step   90018/500000 ( 18.0%)  mean_rew=-0.000
------------------------------------------
| time/                   |              |
|    fps                  | 853          |
|    iterations           | 10           |
|    time_elapsed         | 17           |
|    total_timesteps      | 90624        |
| train/                  |              |
|    approx_kl            | 0.0004278136 |
|    clip_fraction        | 0.00944      |
|    clip_range           | 0.2          |
|    entropy_loss         | -0.0706      |
|    explained_variance   | 0.814        |
|    learning_rate        | 0.0003       |
|    loss                 | -0.000332    |
|    n_updates            | 580          |
|    policy_gradient_loss | -0.000487    |
|    value_loss           | 7.24e-05     |
------------------------------------------
-----------------------------------------
| time/                   |             |
|    fps                  | 858         |
|    iterations           | 11          |
|    time_elapsed         | 19          |
|    total_timesteps      | 92160       |
| train/                  |             |
|    approx_kl            | 0.000506361 |
|    clip_fraction        | 0.0104      |
|    clip_range           | 0.2         |
|    entropy_loss         | -0.0587     |
|    explained_variance   | 0.858       |
|    learning_rate        | 0.0003      |
|    loss                 | -0.00229    |
|    n_updates            | 590         |
|    policy_gradient_loss | -0.0012     |
|    value_loss           | 5.13e-05    |
-----------------------------------------
-------------------------------------------
| time/                   |               |
|    fps                  | 859           |
|    iterations           | 12            |
|    time_elapsed         | 21            |
|    total_timesteps      | 93696         |
| train/                  |               |
|    approx_kl            | 0.00024746827 |
|    clip_fraction        | 0.0054        |
|    clip_range           | 0.2           |
|    entropy_loss         | -0.0527       |
|    explained_variance   | 0.922         |
|    learning_rate        | 0.0003        |
|    loss                 | -9.36e-05     |
|    n_updates            | 600           |
|    policy_gradient_loss | -0.000353     |
|    value_loss           | 2.67e-05      |
-------------------------------------------
  step   95019/500000 ( 19.0%)  mean_rew=-0.001
-------------------------------------------
| time/                   |               |
|    fps                  | 862           |
|    iterations           | 13            |
|    time_elapsed         | 23            |
|    total_timesteps      | 95232         |
| train/                  |               |
|    approx_kl            | 0.00023716858 |
|    clip_fraction        | 0.00618       |
|    clip_range           | 0.2           |
|    entropy_loss         | -0.0526       |
|    explained_variance   | 0.82          |
|    learning_rate        | 0.0003        |
|    loss                 | -0.000638     |
|    n_updates            | 610           |
|    policy_gradient_loss | -0.000493     |
|    value_loss           | 7.57e-05      |
-------------------------------------------
-------------------------------------------
| time/                   |               |
|    fps                  | 865           |
|    iterations           | 14            |
|    time_elapsed         | 24            |
|    total_timesteps      | 96768         |
| train/                  |               |
|    approx_kl            | 0.00022284314 |
|    clip_fraction        | 0.00228       |
|    clip_range           | 0.2           |
|    entropy_loss         | -0.0523       |
|    explained_variance   | 0.827         |
|    learning_rate        | 0.0003        |
|    loss                 | 3.5e-05       |
|    n_updates            | 620           |
|    policy_gradient_loss | -0.000305     |
|    value_loss           | 6.37e-05      |
-------------------------------------------
-------------------------------------------
| time/                   |               |
|    fps                  | 865           |
|    iterations           | 15            |
|    time_elapsed         | 26            |
|    total_timesteps      | 98304         |
| train/                  |               |
|    approx_kl            | 0.00018545026 |
|    clip_fraction        | 0.00195       |
|    clip_range           | 0.2           |
|    entropy_loss         | -0.0444       |
|    explained_variance   | 0.897         |
|    learning_rate        | 0.0003        |
|    loss                 | -7.89e-05     |
|    n_updates            | 630           |
|    policy_gradient_loss | -0.000197     |
|    value_loss           | 3.78e-05      |
-------------------------------------------
--------------------------------------------
| time/                   |                |
|    fps                  | 865            |
|    iterations           | 16             |
|    time_elapsed         | 28             |
|    total_timesteps      | 99840          |
| train/                  |                |
|    approx_kl            | 0.000116570736 |
|    clip_fraction        | 0.00117        |
|    clip_range           | 0.2            |
|    entropy_loss         | -0.0363        |
|    explained_variance   | 0.797          |
|    learning_rate        | 0.0003         |
|    loss                 | -0.00149       |
|    n_updates            | 640            |
|    policy_gradient_loss | -0.000174      |
|    value_loss           | 8.93e-05       |
--------------------------------------------
  step  100020/500000 ( 20.0%)  mean_rew=-0.000
-------------------------------------------
| time/                   |               |
|    fps                  | 867           |
|    iterations           | 17            |
|    time_elapsed         | 30            |
|    total_timesteps      | 101376        |
| train/                  |               |
|    approx_kl            | 0.00014049148 |
|    clip_fraction        | 0.00358       |
|    clip_range           | 0.2           |
|    entropy_loss         | -0.0318       |
|    explained_variance   | 0.803         |
|    learning_rate        | 0.0003        |
|    loss                 | 0.00326       |
|    n_updates            | 650           |
|    policy_gradient_loss | -0.000376     |
|    value_loss           | 8.77e-05      |
-------------------------------------------
------------------------------------------
| time/                   |              |
|    fps                  | 869          |
|    iterations           | 18           |
|    time_elapsed         | 31           |
|    total_timesteps      | 102912       |
| train/                  |              |
|    approx_kl            | 0.0005435101 |
|    clip_fraction        | 0.00456      |
|    clip_range           | 0.2          |
|    entropy_loss         | -0.0291      |
|    explained_variance   | 0.845        |
|    learning_rate        | 0.0003       |
|    loss                 | 0.000544     |
|    n_updates            | 660          |
|    policy_gradient_loss | -0.000673    |
|    value_loss           | 6.14e-05     |
------------------------------------------
-------------------------------------------
| time/                   |               |
|    fps                  | 869           |
|    iterations           | 19            |
|    time_elapsed         | 33            |
|    total_timesteps      | 104448        |
| train/                  |               |
|    approx_kl            | 2.0752079e-05 |
|    clip_fraction        | 0             |
|    clip_range           | 0.2           |
|    entropy_loss         | -0.0284       |
|    explained_variance   | 0.905         |
|    learning_rate        | 0.0003        |
|    loss                 | -1.56e-05     |
|    n_updates            | 670           |
|    policy_gradient_loss | -1.93e-05     |
|    value_loss           | 3.29e-05      |
-------------------------------------------
  step  105021/500000 ( 21.0%)  mean_rew=-0.000
-------------------------------------------
| time/                   |               |
|    fps                  | 871           |
|    iterations           | 20            |
|    time_elapsed         | 35            |
|    total_timesteps      | 105984        |
| train/                  |               |
|    approx_kl            | 0.00014260299 |
|    clip_fraction        | 0.00332       |
|    clip_range           | 0.2           |
|    entropy_loss         | -0.0289       |
|    explained_variance   | 0.807         |
|    learning_rate        | 0.0003        |
|    loss                 | 4.64e-05      |
|    n_updates            | 680           |
|    policy_gradient_loss | -0.000228     |
|    value_loss           | 8.23e-05      |
-------------------------------------------
-------------------------------------------
| time/                   |               |
|    fps                  | 862           |
|    iterations           | 21            |
|    time_elapsed         | 37            |
|    total_timesteps      | 107520        |
| train/                  |               |
|    approx_kl            | 0.00034254606 |
|    clip_fraction        | 0.00456       |
|    clip_range           | 0.2           |
|    entropy_loss         | -0.0243       |
|    explained_variance   | 0.859         |
|    learning_rate        | 0.0003        |
|    loss                 | 2.4e-05       |
|    n_updates            | 690           |
|    policy_gradient_loss | -0.000479     |
|    value_loss           | 5.22e-05      |
-------------------------------------------
------------------------------------------
| time/                   |              |
|    fps                  | 856          |
|    iterations           | 22           |
|    time_elapsed         | 39           |
|    total_timesteps      | 109056       |
| train/                  |              |
|    approx_kl            | 9.583818e-05 |
|    clip_fraction        | 0.00111      |
|    clip_range           | 0.2          |
|    entropy_loss         | -0.021       |
|    explained_variance   | 0.901        |
|    learning_rate        | 0.0003       |
|    loss                 | 6.36e-06     |
|    n_updates            | 700          |
|    policy_gradient_loss | -0.000237    |
|    value_loss           | 3.73e-05     |
------------------------------------------
  step  110022/500000 ( 22.0%)  mean_rew=-0.001
-------------------------------------------
| time/                   |               |
|    fps                  | 847           |
|    iterations           | 23            |
|    time_elapsed         | 41            |
|    total_timesteps      | 110592        |
| train/                  |               |
|    approx_kl            | 0.00021260534 |
|    clip_fraction        | 0.00449       |
|    clip_range           | 0.2           |
|    entropy_loss         | -0.0207       |
|    explained_variance   | 0.838         |
|    learning_rate        | 0.0003        |
|    loss                 | 7.08e-05      |
|    n_updates            | 710           |
|    policy_gradient_loss | -0.000323     |
|    value_loss           | 7.05e-05      |
-------------------------------------------
------------------------------------------
| time/                   |              |
|    fps                  | 849          |
|    iterations           | 24           |
|    time_elapsed         | 43           |
|    total_timesteps      | 112128       |
| train/                  |              |
|    approx_kl            | 8.722794e-05 |
|    clip_fraction        | 0.00169      |
|    clip_range           | 0.2          |
|    entropy_loss         | -0.018       |
|    explained_variance   | 0.825        |
|    learning_rate        | 0.0003       |
|    loss                 | 7.56e-05     |
|    n_updates            | 720          |
|    policy_gradient_loss | -0.000296    |
|    value_loss           | 8.18e-05     |
------------------------------------------
-------------------------------------------
| time/                   |               |
|    fps                  | 851           |
|    iterations           | 25            |
|    time_elapsed         | 45            |
|    total_timesteps      | 113664        |
| train/                  |               |
|    approx_kl            | 0.00015894142 |
|    clip_fraction        | 0.00208       |
|    clip_range           | 0.2           |
|    entropy_loss         | -0.016        |
|    explained_variance   | 0.867         |
|    learning_rate        | 0.0003        |
|    loss                 | 3.8e-05       |
|    n_updates            | 730           |
|    policy_gradient_loss | -0.000461     |
|    value_loss           | 4.94e-05      |
-------------------------------------------
  step  115023/500000 ( 23.0%)  mean_rew=-0.001
-------------------------------------------
| time/                   |               |
|    fps                  | 852           |
|    iterations           | 26            |
|    time_elapsed         | 46            |
|    total_timesteps      | 115200        |
| train/                  |               |
|    approx_kl            | 5.1471015e-05 |
|    clip_fraction        | 0.000521      |
|    clip_range           | 0.2           |
|    entropy_loss         | -0.0137       |
|    explained_variance   | 0.895         |
|    learning_rate        | 0.0003        |
|    loss                 | 7.56e-05      |
|    n_updates            | 740           |
|    policy_gradient_loss | -0.00021      |
|    value_loss           | 4e-05         |
-------------------------------------------
-------------------------------------------
| time/                   |               |
|    fps                  | 854           |
|    iterations           | 27            |
|    time_elapsed         | 48            |
|    total_timesteps      | 116736        |
| train/                  |               |
|    approx_kl            | 0.00010766112 |
|    clip_fraction        | 0.000586      |
|    clip_range           | 0.2           |
|    entropy_loss         | -0.0158       |
|    explained_variance   | 0.832         |
|    learning_rate        | 0.0003        |
|    loss                 | -0.000255     |
|    n_updates            | 750           |
|    policy_gradient_loss | -0.000113     |
|    value_loss           | 6.95e-05      |
-------------------------------------------
-------------------------------------------
| time/                   |               |
|    fps                  | 856           |
|    iterations           | 28            |
|    time_elapsed         | 50            |
|    total_timesteps      | 118272        |
| train/                  |               |
|    approx_kl            | 6.9359085e-05 |
|    clip_fraction        | 0.000326      |
|    clip_range           | 0.2           |
|    entropy_loss         | -0.0189       |
|    explained_variance   | 0.868         |
|    learning_rate        | 0.0003        |
|    loss                 | -7.08e-07     |
|    n_updates            | 760           |
|    policy_gradient_loss | -2.34e-05     |
|    value_loss           | 5.08e-05      |
-------------------------------------------
------------------------------------------
| time/                   |              |
|    fps                  | 855          |
|    iterations           | 29           |
|    time_elapsed         | 52           |
|    total_timesteps      | 119808       |
| train/                  |              |
|    approx_kl            | 3.106434e-05 |
|    clip_fraction        | 0.000846     |
|    clip_range           | 0.2          |
|    entropy_loss         | -0.0229      |
|    explained_variance   | 0.936        |
|    learning_rate        | 0.0003       |
|    loss                 | 6.99e-05     |
|    n_updates            | 770          |
|    policy_gradient_loss | -6.17e-05    |
|    value_loss           | 2.32e-05     |
------------------------------------------
  step  120024/500000 ( 24.0%)  mean_rew=-0.000
-------------------------------------------
| time/                   |               |
|    fps                  | 847           |
|    iterations           | 30            |
|    time_elapsed         | 54            |
|    total_timesteps      | 121344        |
| train/                  |               |
|    approx_kl            | 0.00026461532 |
|    clip_fraction        | 0.00319       |
|    clip_range           | 0.2           |
|    entropy_loss         | -0.021        |
|    explained_variance   | 0.838         |
|    learning_rate        | 0.0003        |
|    loss                 | 7.89e-05      |
|    n_updates            | 780           |
|    policy_gradient_loss | -0.000311     |
|    value_loss           | 6.74e-05      |
-------------------------------------------
-------------------------------------------
| time/                   |               |
|    fps                  | 849           |
|    iterations           | 31            |
|    time_elapsed         | 56            |
|    total_timesteps      | 122880        |
| train/                  |               |
|    approx_kl            | 0.00030074004 |
|    clip_fraction        | 0.00104       |
|    clip_range           | 0.2           |
|    entropy_loss         | -0.0156       |
|    explained_variance   | 0.818         |
|    learning_rate        | 0.0003        |
|    loss                 | -2.57e-05     |
|    n_updates            | 790           |
|    policy_gradient_loss | -0.000186     |
|    value_loss           | 8.03e-05      |
-------------------------------------------
-------------------------------------------
| time/                   |               |
|    fps                  | 851           |
|    iterations           | 32            |
|    time_elapsed         | 57            |
|    total_timesteps      | 124416        |
| train/                  |               |
|    approx_kl            | 0.00054963154 |
|    clip_fraction        | 0.00124       |
|    clip_range           | 0.2           |
|    entropy_loss         | -0.0179       |
|    explained_variance   | 0.854         |
|    learning_rate        | 0.0003        |
|    loss                 | -0.000809     |
|    n_updates            | 800           |
|    policy_gradient_loss | -0.000546     |
|    value_loss           | 5.96e-05      |
-------------------------------------------
  step  125025/500000 ( 25.0%)  mean_rew=-0.000
----------------------------------------
| time/                   |            |
|    fps                  | 851        |
|    iterations           | 33         |
|    time_elapsed         | 59         |
|    total_timesteps      | 125952     |
| train/                  |            |
|    approx_kl            | 8.4128e-05 |
|    clip_fraction        | 0.000781   |
|    clip_range           | 0.2        |
|    entropy_loss         | -0.0231    |
|    explained_variance   | 0.895      |
|    learning_rate        | 0.0003     |
|    loss                 | 0.001      |
|    n_updates            | 810        |
|    policy_gradient_loss | -2.29e-05  |
|    value_loss           | 4.5e-05    |
----------------------------------------
-------------------------------------------
| time/                   |               |
|    fps                  | 853           |
|    iterations           | 34            |
|    time_elapsed         | 61            |
|    total_timesteps      | 127488        |
| train/                  |               |
|    approx_kl            | 0.00027827386 |
|    clip_fraction        | 0.00286       |
|    clip_range           | 0.2           |
|    entropy_loss         | -0.0262       |
|    explained_variance   | 0.833         |
|    learning_rate        | 0.0003        |
|    loss                 | -0.00202      |
|    n_updates            | 820           |
|    policy_gradient_loss | -0.000256     |
|    value_loss           | 7.99e-05      |
-------------------------------------------
-------------------------------------------
| time/                   |               |
|    fps                  | 854           |
|    iterations           | 35            |
|    time_elapsed         | 62            |
|    total_timesteps      | 129024        |
| train/                  |               |
|    approx_kl            | 0.00048072185 |
|    clip_fraction        | 0.00332       |
|    clip_range           | 0.2           |
|    entropy_loss         | -0.0213       |
|    explained_variance   | 0.86          |
|    learning_rate        | 0.0003        |
|    loss                 | 0.000467      |
|    n_updates            | 830           |
|    policy_gradient_loss | -0.00048      |
|    value_loss           | 5.98e-05      |
-------------------------------------------
  step  130026/500000 ( 26.0%)  mean_rew=-0.001
------------------------------------------
| time/                   |              |
|    fps                  | 854          |
|    iterations           | 36           |
|    time_elapsed         | 64           |
|    total_timesteps      | 130560       |
| train/                  |              |
|    approx_kl            | 0.0012172993 |
|    clip_fraction        | 0.00514      |
|    clip_range           | 0.2          |
|    entropy_loss         | -0.0131      |
|    explained_variance   | 0.932        |
|    learning_rate        | 0.0003       |
|    loss                 | 5.81e-05     |
|    n_updates            | 840          |
|    policy_gradient_loss | -0.00153     |
|    value_loss           | 2.7e-05      |
------------------------------------------
-------------------------------------------
| time/                   |               |
|    fps                  | 855           |
|    iterations           | 37            |
|    time_elapsed         | 66            |
|    total_timesteps      | 132096        |
| train/                  |               |
|    approx_kl            | 0.00016273437 |
|    clip_fraction        | 0.00469       |
|    clip_range           | 0.2           |
|    entropy_loss         | -0.0145       |
|    explained_variance   | 0.834         |
|    learning_rate        | 0.0003        |
|    loss                 | 3.95e-05      |
|    n_updates            | 850           |
|    policy_gradient_loss | -0.00063      |
|    value_loss           | 7.66e-05      |
-------------------------------------------
------------------------------------------
| time/                   |              |
|    fps                  | 856          |
|    iterations           | 38           |
|    time_elapsed         | 68           |
|    total_timesteps      | 133632       |
| train/                  |              |
|    approx_kl            | 0.0001041798 |
|    clip_fraction        | 0.0026       |
|    clip_range           | 0.2          |
|    entropy_loss         | -0.0123      |
|    explained_variance   | 0.843        |
|    learning_rate        | 0.0003       |
|    loss                 | 0.000149     |
|    n_updates            | 860          |
|    policy_gradient_loss | -0.000366    |
|    value_loss           | 6.55e-05     |
------------------------------------------
  step  135027/500000 ( 27.0%)  mean_rew=-0.001
------------------------------------------
| time/                   |              |
|    fps                  | 855          |
|    iterations           | 39           |
|    time_elapsed         | 70           |
|    total_timesteps      | 135168       |
| train/                  |              |
|    approx_kl            | 7.278868e-05 |
|    clip_fraction        | 0.00104      |
|    clip_range           | 0.2          |
|    entropy_loss         | -0.0105      |
|    explained_variance   | 0.848        |
|    learning_rate        | 0.0003       |
|    loss                 | 2.48e-05     |
|    n_updates            | 870          |
|    policy_gradient_loss | -0.000145    |
|    value_loss           | 5.91e-05     |
------------------------------------------
-------------------------------------------
| time/                   |               |
|    fps                  | 850           |
|    iterations           | 40            |
|    time_elapsed         | 72            |
|    total_timesteps      | 136704        |
| train/                  |               |
|    approx_kl            | 9.4441384e-05 |
|    clip_fraction        | 0.000716      |
|    clip_range           | 0.2           |
|    entropy_loss         | -0.00935      |
|    explained_variance   | 0.894         |
|    learning_rate        | 0.0003        |
|    loss                 | 7.07e-05      |
|    n_updates            | 880           |
|    policy_gradient_loss | -0.000214     |
|    value_loss           | 4.26e-05      |
-------------------------------------------
-------------------------------------------
| time/                   |               |
|    fps                  | 845           |
|    iterations           | 41            |
|    time_elapsed         | 74            |
|    total_timesteps      | 138240        |
| train/                  |               |
|    approx_kl            | 8.8088644e-05 |
|    clip_fraction        | 0.000586      |
|    clip_range           | 0.2           |
|    entropy_loss         | -0.00966      |
|    explained_variance   | 0.819         |
|    learning_rate        | 0.0003        |
|    loss                 | 1.94e-06      |
|    n_updates            | 890           |
|    policy_gradient_loss | -0.000199     |
|    value_loss           | 8.2e-05       |
-------------------------------------------
-------------------------------------------
| time/                   |               |
|    fps                  | 842           |
|    iterations           | 42            |
|    time_elapsed         | 76            |
|    total_timesteps      | 139776        |
| train/                  |               |
|    approx_kl            | 2.0760732e-08 |
|    clip_fraction        | 0             |
|    clip_range           | 0.2           |
|    entropy_loss         | -0.00938      |
|    explained_variance   | 0.851         |
|    learning_rate        | 0.0003        |
|    loss                 | 8.23e-06      |
|    n_updates            | 900           |
|    policy_gradient_loss | -1.48e-05     |
|    value_loss           | 5.85e-05      |
-------------------------------------------
  step  140028/500000 ( 28.0%)  mean_rew=-0.000
------------------------------------------
| time/                   |              |
|    fps                  | 841          |
|    iterations           | 43           |
|    time_elapsed         | 78           |
|    total_timesteps      | 141312       |
| train/                  |              |
|    approx_kl            | 1.282858e-05 |
|    clip_fraction        | 0.000195     |
|    clip_range           | 0.2          |
|    entropy_loss         | -0.0089      |
|    explained_variance   | 0.899        |
|    learning_rate        | 0.0003       |
|    loss                 | 1.64e-05     |
|    n_updates            | 910          |
|    policy_gradient_loss | -1.29e-05    |
|    value_loss           | 3.97e-05     |
------------------------------------------
-------------------------------------------
| time/                   |               |
|    fps                  | 842           |
|    iterations           | 44            |
|    time_elapsed         | 80            |
|    total_timesteps      | 142848        |
| train/                  |               |
|    approx_kl            | 2.0127549e-05 |
|    clip_fraction        | 0.000326      |
|    clip_range           | 0.2           |
|    entropy_loss         | -0.01         |
|    explained_variance   | 0.844         |
|    learning_rate        | 0.0003        |
|    loss                 | 1.91e-05      |
|    n_updates            | 920           |
|    policy_gradient_loss | -3.06e-05     |
|    value_loss           | 6.92e-05      |
-------------------------------------------
-------------------------------------------
| time/                   |               |
|    fps                  | 836           |
|    iterations           | 45            |
|    time_elapsed         | 82            |
|    total_timesteps      | 144384        |
| train/                  |               |
|    approx_kl            | 1.1641532e-10 |
|    clip_fraction        | 0             |
|    clip_range           | 0.2           |
|    entropy_loss         | -0.00965      |
|    explained_variance   | 0.847         |
|    learning_rate        | 0.0003        |
|    loss                 | -1.46e-05     |
|    n_updates            | 930           |
|    policy_gradient_loss | -4.96e-06     |
|    value_loss           | 6.49e-05      |
-------------------------------------------
  step  145029/500000 ( 29.0%)  mean_rew=-0.000
-----------------------------------------
| time/                   |             |
|    fps                  | 837         |
|    iterations           | 46          |
|    time_elapsed         | 84          |
|    total_timesteps      | 145920      |
| train/                  |             |
|    approx_kl            | 6.24867e-05 |
|    clip_fraction        | 0.000716    |
|    clip_range           | 0.2         |
|    entropy_loss         | -0.0101     |
|    explained_variance   | 0.834       |
|    learning_rate        | 0.0003      |
|    loss                 | 3.56e-05    |
|    n_updates            | 940         |
|    policy_gradient_loss | -0.000177   |
|    value_loss           | 6.76e-05    |
-----------------------------------------
-------------------------------------------
| time/                   |               |
|    fps                  | 838           |
|    iterations           | 47            |
|    time_elapsed         | 86            |
|    total_timesteps      | 147456        |
| train/                  |               |
|    approx_kl            | 0.00010833625 |
|    clip_fraction        | 0.00137       |
|    clip_range           | 0.2           |
|    entropy_loss         | -0.00941      |
|    explained_variance   | 0.917         |
|    learning_rate        | 0.0003        |
|    loss                 | 4.36e-06      |
|    n_updates            | 950           |
|    policy_gradient_loss | -0.000263     |
|    value_loss           | 3.1e-05       |
-------------------------------------------
------------------------------------------
| time/                   |              |
|    fps                  | 839          |
|    iterations           | 48           |
|    time_elapsed         | 87           |
|    total_timesteps      | 148992       |
| train/                  |              |
|    approx_kl            | 2.948707e-05 |
|    clip_fraction        | 0.00026      |
|    clip_range           | 0.2          |
|    entropy_loss         | -0.00836     |
|    explained_variance   | 0.825        |
|    learning_rate        | 0.0003       |
|    loss                 | 4.17e-05     |
|    n_updates            | 960          |
|    policy_gradient_loss | -2.73e-05    |
|    value_loss           | 7.59e-05     |
------------------------------------------
  step  150030/500000 ( 30.0%)  mean_rew=-0.000
-------------------------------------------
| time/                   |               |
|    fps                  | 840           |
|    iterations           | 49            |
|    time_elapsed         | 89            |
|    total_timesteps      | 150528        |
| train/                  |               |
|    approx_kl            | 2.0084242e-05 |
|    clip_fraction        | 0.000456      |
|    clip_range           | 0.2           |
|    entropy_loss         | -0.00768      |
|    explained_variance   | 0.848         |
|    learning_rate        | 0.0003        |
|    loss                 | 2.92e-05      |
|    n_updates            | 970           |
|    policy_gradient_loss | -2.61e-05     |
|    value_loss           | 5.73e-05      |
-------------------------------------------
-------------------------------------------
| time/                   |               |
|    fps                  | 840           |
|    iterations           | 50            |
|    time_elapsed         | 91            |
|    total_timesteps      | 152064        |
| train/                  |               |
|    approx_kl            | 3.4229557e-05 |
|    clip_fraction        | 0.000521      |
|    clip_range           | 0.2           |
|    entropy_loss         | -0.00741      |
|    explained_variance   | 0.901         |
|    learning_rate        | 0.0003        |
|    loss                 | 2.53e-05      |
|    n_updates            | 980           |
|    policy_gradient_loss | -5.92e-05     |
|    value_loss           | 3.68e-05      |
-------------------------------------------
------------------------------------------
| time/                   |              |
|    fps                  | 834          |
|    iterations           | 51           |
|    time_elapsed         | 93           |
|    total_timesteps      | 153600       |
| train/                  |              |
|    approx_kl            | 6.022409e-05 |
|    clip_fraction        | 0.000651     |
|    clip_range           | 0.2          |
|    entropy_loss         | -0.00862     |
|    explained_variance   | 0.804        |
|    learning_rate        | 0.0003       |
|    loss                 | 4.61e-05     |
|    n_updates            | 990          |
|    policy_gradient_loss | -4.16e-05    |
|    value_loss           | 8.32e-05     |
------------------------------------------
  step  155031/500000 ( 31.0%)  mean_rew=-0.000
-------------------------------------------
| time/                   |               |
|    fps                  | 830           |
|    iterations           | 52            |
|    time_elapsed         | 96            |
|    total_timesteps      | 155136        |
| train/                  |               |
|    approx_kl            | 2.8353223e-05 |
|    clip_fraction        | 0.000846      |
|    clip_range           | 0.2           |
|    entropy_loss         | -0.0106       |
|    explained_variance   | 0.847         |
|    learning_rate        | 0.0003        |
|    loss                 | 4.22e-06      |
|    n_updates            | 1000          |
|    policy_gradient_loss | -5.16e-05     |
|    value_loss           | 5.64e-05      |
-------------------------------------------
-------------------------------------------
| time/                   |               |
|    fps                  | 830           |
|    iterations           | 53            |
|    time_elapsed         | 98            |
|    total_timesteps      | 156672        |
| train/                  |               |
|    approx_kl            | 2.9802322e-08 |
|    clip_fraction        | 0             |
|    clip_range           | 0.2           |
|    entropy_loss         | -0.0105       |
|    explained_variance   | 0.901         |
|    learning_rate        | 0.0003        |
|    loss                 | -8.22e-06     |
|    n_updates            | 1010          |
|    policy_gradient_loss | -3.5e-06      |
|    value_loss           | 3.61e-05      |
-------------------------------------------
-------------------------------------------
| time/                   |               |
|    fps                  | 831           |
|    iterations           | 54            |
|    time_elapsed         | 99            |
|    total_timesteps      | 158208        |
| train/                  |               |
|    approx_kl            | 0.00024914814 |
|    clip_fraction        | 0.00163       |
|    clip_range           | 0.2           |
|    entropy_loss         | -0.0119       |
|    explained_variance   | 0.833         |
|    learning_rate        | 0.0003        |
|    loss                 | 2.62e-05      |
|    n_updates            | 1020          |
|    policy_gradient_loss | -0.000363     |
|    value_loss           | 7.3e-05       |
-------------------------------------------
-----------------------------------------
| time/                   |             |
|    fps                  | 827         |
|    iterations           | 55          |
|    time_elapsed         | 102         |
|    total_timesteps      | 159744      |
| train/                  |             |
|    approx_kl            | 0.003662331 |
|    clip_fraction        | 0.00534     |
|    clip_range           | 0.2         |
|    entropy_loss         | -0.0351     |
|    explained_variance   | 0.812       |
|    learning_rate        | 0.0003      |
|    loss                 | 0.00348     |
|    n_updates            | 1030        |
|    policy_gradient_loss | -0.000613   |
|    value_loss           | 8.46e-05    |
-----------------------------------------
  step  160032/500000 ( 32.0%)  mean_rew=-0.001
------------------------------------------
| time/                   |              |
|    fps                  | 828          |
|    iterations           | 56           |
|    time_elapsed         | 103          |
|    total_timesteps      | 161280       |
| train/                  |              |
|    approx_kl            | 0.0032022388 |
|    clip_fraction        | 0.0465       |
|    clip_range           | 0.2          |
|    entropy_loss         | -0.211       |
|    explained_variance   | 0.874        |
|    learning_rate        | 0.0003       |
|    loss                 | -0.00428     |
|    n_updates            | 1040         |
|    policy_gradient_loss | -0.00233     |
|    value_loss           | 5.59e-05     |
------------------------------------------
------------------------------------------
| time/                   |              |
|    fps                  | 829          |
|    iterations           | 57           |
|    time_elapsed         | 105          |
|    total_timesteps      | 162816       |
| train/                  |              |
|    approx_kl            | 0.0019285198 |
|    clip_fraction        | 0.0344       |
|    clip_range           | 0.2          |
|    entropy_loss         | -0.182       |
|    explained_variance   | 0.889        |
|    learning_rate        | 0.0003       |
|    loss                 | 0.000592     |
|    n_updates            | 1050         |
|    policy_gradient_loss | -0.00269     |
|    value_loss           | 5.47e-05     |
------------------------------------------
-------------------------------------------
| time/                   |               |
|    fps                  | 830           |
|    iterations           | 58            |
|    time_elapsed         | 107           |
|    total_timesteps      | 164352        |
| train/                  |               |
|    approx_kl            | 0.00043874606 |
|    clip_fraction        | 0.0227        |
|    clip_range           | 0.2           |
|    entropy_loss         | -0.174        |
|    explained_variance   | 0.841         |
|    learning_rate        | 0.0003        |
|    loss                 | 0.00262       |
|    n_updates            | 1060          |
|    policy_gradient_loss | -0.000577     |
|    value_loss           | 8.91e-05      |
-------------------------------------------
  step  165033/500000 ( 33.0%)  mean_rew=-0.000
-------------------------------------------
| time/                   |               |
|    fps                  | 831           |
|    iterations           | 59            |
|    time_elapsed         | 108           |
|    total_timesteps      | 165888        |
| train/                  |               |
|    approx_kl            | 0.00060719956 |
|    clip_fraction        | 0.00547       |
|    clip_range           | 0.2           |
|    entropy_loss         | -0.167        |
|    explained_variance   | 0.877         |
|    learning_rate        | 0.0003        |
|    loss                 | 0.00162       |
|    n_updates            | 1070          |
|    policy_gradient_loss | -0.00012      |
|    value_loss           | 6.15e-05      |
-------------------------------------------
-------------------------------------------
| time/                   |               |
|    fps                  | 831           |
|    iterations           | 60            |
|    time_elapsed         | 110           |
|    total_timesteps      | 167424        |
| train/                  |               |
|    approx_kl            | 0.00046583646 |
|    clip_fraction        | 0.00671       |
|    clip_range           | 0.2           |
|    entropy_loss         | -0.162        |
|    explained_variance   | 0.912         |
|    learning_rate        | 0.0003        |
|    loss                 | -0.00132      |
|    n_updates            | 1080          |
|    policy_gradient_loss | 0.000242      |
|    value_loss           | 4.19e-05      |
-------------------------------------------
-------------------------------------------
| time/                   |               |
|    fps                  | 832           |
|    iterations           | 61            |
|    time_elapsed         | 112           |
|    total_timesteps      | 168960        |
| train/                  |               |
|    approx_kl            | 0.00071631797 |
|    clip_fraction        | 0.0133        |
|    clip_range           | 0.2           |
|    entropy_loss         | -0.182        |
|    explained_variance   | 0.841         |
|    learning_rate        | 0.0003        |
|    loss                 | -0.0015       |
|    n_updates            | 1090          |
|    policy_gradient_loss | -0.000616     |
|    value_loss           | 9.24e-05      |
-------------------------------------------
  step  170034/500000 ( 34.0%)  mean_rew=-0.000
------------------------------------------
| time/                   |              |
|    fps                  | 833          |
|    iterations           | 62           |
|    time_elapsed         | 114          |
|    total_timesteps      | 170496       |
| train/                  |              |
|    approx_kl            | 0.0012626899 |
|    clip_fraction        | 0.0342       |
|    clip_range           | 0.2          |
|    entropy_loss         | -0.153       |
|    explained_variance   | 0.829        |
|    learning_rate        | 0.0003       |
|    loss                 | -0.0024      |
|    n_updates            | 1100         |
|    policy_gradient_loss | -0.00366     |
|    value_loss           | 0.000103     |
------------------------------------------
-----------------------------------------
| time/                   |             |
|    fps                  | 832         |
|    iterations           | 63          |
|    time_elapsed         | 116         |
|    total_timesteps      | 172032      |
| train/                  |             |
|    approx_kl            | 0.001736184 |
|    clip_fraction        | 0.0397      |
|    clip_range           | 0.2         |
|    entropy_loss         | -0.136      |
|    explained_variance   | 0.896       |
|    learning_rate        | 0.0003      |
|    loss                 | 0.000799    |
|    n_updates            | 1110        |
|    policy_gradient_loss | -0.00293    |
|    value_loss           | 5.57e-05    |
-----------------------------------------
------------------------------------------
| time/                   |              |
|    fps                  | 830          |
|    iterations           | 64           |
|    time_elapsed         | 118          |
|    total_timesteps      | 173568       |
| train/                  |              |
|    approx_kl            | 0.0001166556 |
|    clip_fraction        | 0.00592      |
|    clip_range           | 0.2          |
|    entropy_loss         | -0.119       |
|    explained_variance   | 0.916        |
|    learning_rate        | 0.0003       |
|    loss                 | -0.000177    |
|    n_updates            | 1120         |
|    policy_gradient_loss | -0.000566    |
|    value_loss           | 4.44e-05     |
------------------------------------------
  step  175035/500000 ( 35.0%)  mean_rew=-0.001
-------------------------------------------
| time/                   |               |
|    fps                  | 831           |
|    iterations           | 65            |
|    time_elapsed         | 120           |
|    total_timesteps      | 175104        |
| train/                  |               |
|    approx_kl            | 0.00080557214 |
|    clip_fraction        | 0.014         |
|    clip_range           | 0.2           |
|    entropy_loss         | -0.112        |
|    explained_variance   | 0.841         |
|    learning_rate        | 0.0003        |
|    loss                 | -0.00958      |
|    n_updates            | 1130          |
|    policy_gradient_loss | -0.000704     |
|    value_loss           | 9.14e-05      |
-------------------------------------------
-----------------------------------------
| time/                   |             |
|    fps                  | 832         |
|    iterations           | 66          |
|    time_elapsed         | 121         |
|    total_timesteps      | 176640      |
| train/                  |             |
|    approx_kl            | 0.014880701 |
|    clip_fraction        | 0.0225      |
|    clip_range           | 0.2         |
|    entropy_loss         | -0.0603     |
|    explained_variance   | 0.854       |
|    learning_rate        | 0.0003      |
|    loss                 | 0.00232     |
|    n_updates            | 1140        |
|    policy_gradient_loss | -0.00254    |
|    value_loss           | 6.8e-05     |
-----------------------------------------
  Stage 2 saved -> cologne3_ppo_stage2_50pct.zip

────────────────────────────────────────────────────────────
  Stage 3/4  75% demand  125000 steps  (cumulative -> 300000)
  Route: cologne3_75pct.rou.xml
────────────────────────────────────────────────────────────
-------------------------------
| time/              |        |
|    fps             | 971    |
|    iterations      | 1      |
|    time_elapsed    | 1      |
|    total_timesteps | 178176 |
-------------------------------
-------------------------------------------
| time/                   |               |
|    fps                  | 847           |
|    iterations           | 2             |
|    time_elapsed         | 3             |
|    total_timesteps      | 179712        |
| train/                  |               |
|    approx_kl            | 0.00014307858 |
|    clip_fraction        | 0.00339       |
|    clip_range           | 0.2           |
|    entropy_loss         | -0.0393       |
|    explained_variance   | 0.782         |
|    learning_rate        | 0.0003        |
|    loss                 | 0.000956      |
|    n_updates            | 1160          |
|    policy_gradient_loss | -0.000222     |
|    value_loss           | 0.000151      |
-------------------------------------------
  step  180036/500000 ( 36.0%)  mean_rew=-0.001
-------------------------------------------
| time/                   |               |
|    fps                  | 836           |
|    iterations           | 3             |
|    time_elapsed         | 5             |
|    total_timesteps      | 181248        |
| train/                  |               |
|    approx_kl            | 0.00025951074 |
|    clip_fraction        | 0.00599       |
|    clip_range           | 0.2           |
|    entropy_loss         | -0.046        |
|    explained_variance   | 0.775         |
|    learning_rate        | 0.0003        |
|    loss                 | -0.000709     |
|    n_updates            | 1170          |
|    policy_gradient_loss | -0.000685     |
|    value_loss           | 0.000208      |
-------------------------------------------
-------------------------------------------
| time/                   |               |
|    fps                  | 823           |
|    iterations           | 4             |
|    time_elapsed         | 7             |
|    total_timesteps      | 182784        |
| train/                  |               |
|    approx_kl            | 0.00026039322 |
|    clip_fraction        | 0.0069        |
|    clip_range           | 0.2           |
|    entropy_loss         | -0.038        |
|    explained_variance   | 0.871         |
|    learning_rate        | 0.0003        |
|    loss                 | -0.00154      |
|    n_updates            | 1180          |
|    policy_gradient_loss | -0.000589     |
|    value_loss           | 0.000112      |
-------------------------------------------
------------------------------------------
| time/                   |              |
|    fps                  | 807          |
|    iterations           | 5            |
|    time_elapsed         | 9            |
|    total_timesteps      | 184320       |
| train/                  |              |
|    approx_kl            | 0.0050767264 |
|    clip_fraction        | 0.00599      |
|    clip_range           | 0.2          |
|    entropy_loss         | -0.0538      |
|    explained_variance   | 0.818        |
|    learning_rate        | 0.0003       |
|    loss                 | -0.00251     |
|    n_updates            | 1190         |
|    policy_gradient_loss | -0.000435    |
|    value_loss           | 0.000193     |
------------------------------------------
  step  185037/500000 ( 37.0%)  mean_rew=-0.001
------------------------------------------
| time/                   |              |
|    fps                  | 806          |
|    iterations           | 6            |
|    time_elapsed         | 11           |
|    total_timesteps      | 185856       |
| train/                  |              |
|    approx_kl            | 0.0014409447 |
|    clip_fraction        | 0.0159       |
|    clip_range           | 0.2          |
|    entropy_loss         | -0.0913      |
|    explained_variance   | 0.796        |
|    learning_rate        | 0.0003       |
|    loss                 | 0.00362      |
|    n_updates            | 1200         |
|    policy_gradient_loss | -0.000413    |
|    value_loss           | 0.000268     |
------------------------------------------
-------------------------------------------
| time/                   |               |
|    fps                  | 800           |
|    iterations           | 7             |
|    time_elapsed         | 13            |
|    total_timesteps      | 187392        |
| train/                  |               |
|    approx_kl            | 0.00083085155 |
|    clip_fraction        | 0.0195        |
|    clip_range           | 0.2           |
|    entropy_loss         | -0.0849       |
|    explained_variance   | 0.862         |
|    learning_rate        | 0.0003        |
|    loss                 | 0.00124       |
|    n_updates            | 1210          |
|    policy_gradient_loss | -0.00122      |
|    value_loss           | 0.00015       |
-------------------------------------------
-------------------------------------------
| time/                   |               |
|    fps                  | 784           |
|    iterations           | 8             |
|    time_elapsed         | 15            |
|    total_timesteps      | 188928        |
| train/                  |               |
|    approx_kl            | 2.2351896e-05 |
|    clip_fraction        | 0.0026        |
|    clip_range           | 0.2           |
|    entropy_loss         | -0.0964       |
|    explained_variance   | 0.897         |
|    learning_rate        | 0.0003        |
|    loss                 | 0.000162      |
|    n_updates            | 1220          |
|    policy_gradient_loss | 1.12e-05      |
|    value_loss           | 0.000127      |
-------------------------------------------
  step  190038/500000 ( 38.0%)  mean_rew=-0.001
-------------------------------------------
| time/                   |               |
|    fps                  | 751           |
|    iterations           | 9             |
|    time_elapsed         | 18            |
|    total_timesteps      | 190464        |
| train/                  |               |
|    approx_kl            | 0.00045190743 |
|    clip_fraction        | 0.00332       |
|    clip_range           | 0.2           |
|    entropy_loss         | -0.083        |
|    explained_variance   | 0.836         |
|    learning_rate        | 0.0003        |
|    loss                 | -0.00112      |
|    n_updates            | 1230          |
|    policy_gradient_loss | -7.19e-06     |
|    value_loss           | 0.000243      |
-------------------------------------------
------------------------------------------
| time/                   |              |
|    fps                  | 728          |
|    iterations           | 10           |
|    time_elapsed         | 21           |
|    total_timesteps      | 192000       |
| train/                  |              |
|    approx_kl            | 0.0012529413 |
|    clip_fraction        | 0.012        |
|    clip_range           | 0.2          |
|    entropy_loss         | -0.0939      |
|    explained_variance   | 0.155        |
|    learning_rate        | 0.0003       |
|    loss                 | 0.00521      |
|    n_updates            | 1240         |
|    policy_gradient_loss | -0.000312    |
|    value_loss           | 0.0109       |
------------------------------------------
-----------------------------------------
| time/                   |             |
|    fps                  | 733         |
|    iterations           | 11          |
|    time_elapsed         | 23          |
|    total_timesteps      | 193536      |
| train/                  |             |
|    approx_kl            | 0.013571712 |
|    clip_fraction        | 0.0257      |
|    clip_range           | 0.2         |
|    entropy_loss         | -0.15       |
|    explained_variance   | 0.71        |
|    learning_rate        | 0.0003      |
|    loss                 | -0.0138     |
|    n_updates            | 1250        |
|    policy_gradient_loss | -0.00569    |
|    value_loss           | 0.0187      |
-----------------------------------------
  step  195039/500000 ( 39.0%)  mean_rew=-0.000
-------------------------------------------
| time/                   |               |
|    fps                  | 734           |
|    iterations           | 12            |
|    time_elapsed         | 25            |
|    total_timesteps      | 195072        |
| train/                  |               |
|    approx_kl            | 0.00057791075 |
|    clip_fraction        | 0.0254        |
|    clip_range           | 0.2           |
|    entropy_loss         | -0.132        |
|    explained_variance   | 0.116         |
|    learning_rate        | 0.0003        |
|    loss                 | 0.00217       |
|    n_updates            | 1260          |
|    policy_gradient_loss | -0.00109      |
|    value_loss           | 0.000794      |
-------------------------------------------
-------------------------------------------
| time/                   |               |
|    fps                  | 738           |
|    iterations           | 13            |
|    time_elapsed         | 27            |
|    total_timesteps      | 196608        |
| train/                  |               |
|    approx_kl            | 0.00077920203 |
|    clip_fraction        | 0.0192        |
|    clip_range           | 0.2           |
|    entropy_loss         | -0.104        |
|    explained_variance   | 0.065         |
|    learning_rate        | 0.0003        |
|    loss                 | 0.00501       |
|    n_updates            | 1270          |
|    policy_gradient_loss | -0.00121      |
|    value_loss           | 0.00095       |
-------------------------------------------
------------------------------------------
| time/                   |              |
|    fps                  | 742          |
|    iterations           | 14           |
|    time_elapsed         | 28           |
|    total_timesteps      | 198144       |
| train/                  |              |
|    approx_kl            | 0.0003903684 |
|    clip_fraction        | 0.00924      |
|    clip_range           | 0.2          |
|    entropy_loss         | -0.0949      |
|    explained_variance   | 0.0675       |
|    learning_rate        | 0.0003       |
|    loss                 | 0.000759     |
|    n_updates            | 1280         |
|    policy_gradient_loss | -0.000326    |
|    value_loss           | 0.000686     |
------------------------------------------
------------------------------------------
| time/                   |              |
|    fps                  | 741          |
|    iterations           | 15           |
|    time_elapsed         | 31           |
|    total_timesteps      | 199680       |
| train/                  |              |
|    approx_kl            | 0.0006446316 |
|    clip_fraction        | 0.0117       |
|    clip_range           | 0.2          |
|    entropy_loss         | -0.08        |
|    explained_variance   | 0.412        |
|    learning_rate        | 0.0003       |
|    loss                 | 0.00053      |
|    n_updates            | 1290         |
|    policy_gradient_loss | -0.000885    |
|    value_loss           | 0.000603     |
------------------------------------------
  step  200040/500000 ( 40.0%)  mean_rew=-0.000
-------------------------------------------
| time/                   |               |
|    fps                  | 742           |
|    iterations           | 16            |
|    time_elapsed         | 33            |
|    total_timesteps      | 201216        |
| train/                  |               |
|    approx_kl            | 0.00026553895 |
|    clip_fraction        | 0.00755       |
|    clip_range           | 0.2           |
|    entropy_loss         | -0.0748       |
|    explained_variance   | 0.32          |
|    learning_rate        | 0.0003        |
|    loss                 | 0.000462      |
|    n_updates            | 1300          |
|    policy_gradient_loss | -0.000194     |
|    value_loss           | 0.00114       |
-------------------------------------------
-------------------------------------------
| time/                   |               |
|    fps                  | 745           |
|    iterations           | 17            |
|    time_elapsed         | 35            |
|    total_timesteps      | 202752        |
| train/                  |               |
|    approx_kl            | 0.00055625685 |
|    clip_fraction        | 0.00436       |
|    clip_range           | 0.2           |
|    entropy_loss         | -0.0678       |
|    explained_variance   | 0.46          |
|    learning_rate        | 0.0003        |
|    loss                 | 0.000349      |
|    n_updates            | 1310          |
|    policy_gradient_loss | -0.00014      |
|    value_loss           | 0.000698      |
-------------------------------------------
------------------------------------------
| time/                   |              |
|    fps                  | 747          |
|    iterations           | 18           |
|    time_elapsed         | 37           |
|    total_timesteps      | 204288       |
| train/                  |              |
|    approx_kl            | 0.0002437741 |
|    clip_fraction        | 0.000977     |
|    clip_range           | 0.2          |
|    entropy_loss         | -0.0579      |
|    explained_variance   | 0.557        |
|    learning_rate        | 0.0003       |
|    loss                 | 0.00104      |
|    n_updates            | 1320         |
|    policy_gradient_loss | 3.63e-05     |
|    value_loss           | 0.000388     |
------------------------------------------
  step  205041/500000 ( 41.0%)  mean_rew=-0.001
------------------------------------------
| time/                   |              |
|    fps                  | 747          |
|    iterations           | 19           |
|    time_elapsed         | 39           |
|    total_timesteps      | 205824       |
| train/                  |              |
|    approx_kl            | 9.714599e-05 |
|    clip_fraction        | 0            |
|    clip_range           | 0.2          |
|    entropy_loss         | -0.0521      |
|    explained_variance   | 0.536        |
|    learning_rate        | 0.0003       |
|    loss                 | 0.000175     |
|    n_updates            | 1330         |
|    policy_gradient_loss | 2.08e-05     |
|    value_loss           | 0.000574     |
------------------------------------------
-------------------------------------------
| time/                   |               |
|    fps                  | 750           |
|    iterations           | 20            |
|    time_elapsed         | 40            |
|    total_timesteps      | 207360        |
| train/                  |               |
|    approx_kl            | 0.00012943044 |
|    clip_fraction        | 0.00234       |
|    clip_range           | 0.2           |
|    entropy_loss         | -0.0506       |
|    explained_variance   | 0.526         |
|    learning_rate        | 0.0003        |
|    loss                 | 0.000301      |
|    n_updates            | 1340          |
|    policy_gradient_loss | -0.000218     |
|    value_loss           | 0.000713      |
-------------------------------------------
-------------------------------------------
| time/                   |               |
|    fps                  | 751           |
|    iterations           | 21            |
|    time_elapsed         | 42            |
|    total_timesteps      | 208896        |
| train/                  |               |
|    approx_kl            | 5.4432236e-05 |
|    clip_fraction        | 0.000911      |
|    clip_range           | 0.2           |
|    entropy_loss         | -0.0539       |
|    explained_variance   | 0.634         |
|    learning_rate        | 0.0003        |
|    loss                 | 0.00154       |
|    n_updates            | 1350          |
|    policy_gradient_loss | 0.000126      |
|    value_loss           | 0.00035       |
-------------------------------------------
  step  210042/500000 ( 42.0%)  mean_rew=-0.001
------------------------------------------
| time/                   |              |
|    fps                  | 750          |
|    iterations           | 22           |
|    time_elapsed         | 44           |
|    total_timesteps      | 210432       |
| train/                  |              |
|    approx_kl            | 0.0006400779 |
|    clip_fraction        | 0.00846      |
|    clip_range           | 0.2          |
|    entropy_loss         | -0.0486      |
|    explained_variance   | 0.734        |
|    learning_rate        | 0.0003       |
|    loss                 | 0.00242      |
|    n_updates            | 1360         |
|    policy_gradient_loss | -0.00092     |
|    value_loss           | 0.000329     |
------------------------------------------
------------------------------------------
| time/                   |              |
|    fps                  | 751          |
|    iterations           | 23           |
|    time_elapsed         | 47           |
|    total_timesteps      | 211968       |
| train/                  |              |
|    approx_kl            | 0.0004531122 |
|    clip_fraction        | 0.0043       |
|    clip_range           | 0.2          |
|    entropy_loss         | -0.0362      |
|    explained_variance   | 0.622        |
|    learning_rate        | 0.0003       |
|    loss                 | -0.000288    |
|    n_updates            | 1370         |
|    policy_gradient_loss | -0.000606    |
|    value_loss           | 0.000469     |
------------------------------------------
-------------------------------------------
| time/                   |               |
|    fps                  | 740           |
|    iterations           | 24            |
|    time_elapsed         | 49            |
|    total_timesteps      | 213504        |
| train/                  |               |
|    approx_kl            | 0.00022510842 |
|    clip_fraction        | 0.00736       |
|    clip_range           | 0.2           |
|    entropy_loss         | -0.0415       |
|    explained_variance   | 0.666         |
|    learning_rate        | 0.0003        |
|    loss                 | 0.000247      |
|    n_updates            | 1380          |
|    policy_gradient_loss | -0.000921     |
|    value_loss           | 0.000421      |
-------------------------------------------
-------------------------------------------
| time/                   |               |
|    fps                  | 742           |
|    iterations           | 25            |
|    time_elapsed         | 51            |
|    total_timesteps      | 215040        |
| train/                  |               |
|    approx_kl            | 7.5747295e-05 |
|    clip_fraction        | 0.000195      |
|    clip_range           | 0.2           |
|    entropy_loss         | -0.0411       |
|    explained_variance   | 0.648         |
|    learning_rate        | 0.0003        |
|    loss                 | 0.000249      |
|    n_updates            | 1390          |
|    policy_gradient_loss | 0.000101      |
|    value_loss           | 0.0164        |
-------------------------------------------
  step  215043/500000 ( 43.0%)  mean_rew=-0.000
-----------------------------------------
| time/                   |             |
|    fps                  | 742         |
|    iterations           | 26          |
|    time_elapsed         | 53          |
|    total_timesteps      | 216576      |
| train/                  |             |
|    approx_kl            | 7.01523e-05 |
|    clip_fraction        | 0.000846    |
|    clip_range           | 0.2         |
|    entropy_loss         | -0.0329     |
|    explained_variance   | 0.0277      |
|    learning_rate        | 0.0003      |
|    loss                 | 0.000426    |
|    n_updates            | 1400        |
|    policy_gradient_loss | -0.000217   |
|    value_loss           | 0.00068     |
-----------------------------------------
-------------------------------------------
| time/                   |               |
|    fps                  | 744           |
|    iterations           | 27            |
|    time_elapsed         | 55            |
|    total_timesteps      | 218112        |
| train/                  |               |
|    approx_kl            | 5.1808387e-05 |
|    clip_fraction        | 0.000586      |
|    clip_range           | 0.2           |
|    entropy_loss         | -0.0359       |
|    explained_variance   | 0.161         |
|    learning_rate        | 0.0003        |
|    loss                 | 0.000388      |
|    n_updates            | 1410          |
|    policy_gradient_loss | -2.42e-05     |
|    value_loss           | 0.000858      |
-------------------------------------------
-------------------------------------------
| time/                   |               |
|    fps                  | 745           |
|    iterations           | 28            |
|    time_elapsed         | 57            |
|    total_timesteps      | 219648        |
| train/                  |               |
|    approx_kl            | 0.00022577215 |
|    clip_fraction        | 0.0054        |
|    clip_range           | 0.2           |
|    entropy_loss         | -0.0314       |
|    explained_variance   | 0.276         |
|    learning_rate        | 0.0003        |
|    loss                 | -7.93e-05     |
|    n_updates            | 1420          |
|    policy_gradient_loss | -0.000395     |
|    value_loss           | 0.000484      |
-------------------------------------------
  step  220044/500000 ( 44.0%)  mean_rew=-0.001
------------------------------------------
| time/                   |              |
|    fps                  | 745          |
|    iterations           | 29           |
|    time_elapsed         | 59           |
|    total_timesteps      | 221184       |
| train/                  |              |
|    approx_kl            | 7.436945e-05 |
|    clip_fraction        | 0.00228      |
|    clip_range           | 0.2          |
|    entropy_loss         | -0.0257      |
|    explained_variance   | 0.434        |
|    learning_rate        | 0.0003       |
|    loss                 | -0.00258     |
|    n_updates            | 1430         |
|    policy_gradient_loss | -0.000338    |
|    value_loss           | 0.000966     |
------------------------------------------
-------------------------------------------
| time/                   |               |
|    fps                  | 745           |
|    iterations           | 30            |
|    time_elapsed         | 61            |
|    total_timesteps      | 222720        |
| train/                  |               |
|    approx_kl            | 0.00029399738 |
|    clip_fraction        | 0.00397       |
|    clip_range           | 0.2           |
|    entropy_loss         | -0.0188       |
|    explained_variance   | 0.448         |
|    learning_rate        | 0.0003        |
|    loss                 | 0.00044       |
|    n_updates            | 1440          |
|    policy_gradient_loss | -0.000594     |
|    value_loss           | 0.000785      |
-------------------------------------------
-------------------------------------------
| time/                   |               |
|    fps                  | 747           |
|    iterations           | 31            |
|    time_elapsed         | 63            |
|    total_timesteps      | 224256        |
| train/                  |               |
|    approx_kl            | 5.8428926e-05 |
|    clip_fraction        | 0.00137       |
|    clip_range           | 0.2           |
|    entropy_loss         | -0.0164       |
|    explained_variance   | 0.611         |
|    learning_rate        | 0.0003        |
|    loss                 | 0.000436      |
|    n_updates            | 1450          |
|    policy_gradient_loss | -0.000138     |
|    value_loss           | 0.000589      |
-------------------------------------------
  step  225045/500000 ( 45.0%)  mean_rew=-0.001
------------------------------------------
| time/                   |              |
|    fps                  | 748          |
|    iterations           | 32           |
|    time_elapsed         | 65           |
|    total_timesteps      | 225792       |
| train/                  |              |
|    approx_kl            | 8.860929e-05 |
|    clip_fraction        | 0.00163      |
|    clip_range           | 0.2          |
|    entropy_loss         | -0.0131      |
|    explained_variance   | 0.613        |
|    learning_rate        | 0.0003       |
|    loss                 | 0.000243     |
|    n_updates            | 1460         |
|    policy_gradient_loss | -0.000357    |
|    value_loss           | 0.00037      |
------------------------------------------
------------------------------------------
| time/                   |              |
|    fps                  | 748          |
|    iterations           | 33           |
|    time_elapsed         | 67           |
|    total_timesteps      | 227328       |
| train/                  |              |
|    approx_kl            | 7.022292e-05 |
|    clip_fraction        | 0.000521     |
|    clip_range           | 0.2          |
|    entropy_loss         | -0.00996     |
|    explained_variance   | 0.616        |
|    learning_rate        | 0.0003       |
|    loss                 | 0.000113     |
|    n_updates            | 1470         |
|    policy_gradient_loss | -0.000267    |
|    value_loss           | 0.00048      |
------------------------------------------
------------------------------------------
| time/                   |              |
|    fps                  | 750          |
|    iterations           | 34           |
|    time_elapsed         | 69           |
|    total_timesteps      | 228864       |
| train/                  |              |
|    approx_kl            | 6.983755e-06 |
|    clip_fraction        | 0            |
|    clip_range           | 0.2          |
|    entropy_loss         | -0.00867     |
|    explained_variance   | 0.636        |
|    learning_rate        | 0.0003       |
|    loss                 | 0.000213     |
|    n_updates            | 1480         |
|    policy_gradient_loss | -8.71e-06    |
|    value_loss           | 0.00043      |
------------------------------------------
  step  230046/500000 ( 46.0%)  mean_rew=-0.004
-------------------------------------------
| time/                   |               |
|    fps                  | 743           |
|    iterations           | 35            |
|    time_elapsed         | 72            |
|    total_timesteps      | 230400        |
| train/                  |               |
|    approx_kl            | 1.9971825e-05 |
|    clip_fraction        | 0.000391      |
|    clip_range           | 0.2           |
|    entropy_loss         | -0.009        |
|    explained_variance   | 0.684         |
|    learning_rate        | 0.0003        |
|    loss                 | 0.000166      |
|    n_updates            | 1490          |
|    policy_gradient_loss | -8.82e-05     |
|    value_loss           | 0.000328      |
-------------------------------------------
------------------------------------------
| time/                   |              |
|    fps                  | 739          |
|    iterations           | 36           |
|    time_elapsed         | 74           |
|    total_timesteps      | 231936       |
| train/                  |              |
|    approx_kl            | 0.0080754375 |
|    clip_fraction        | 0.00163      |
|    clip_range           | 0.2          |
|    entropy_loss         | -0.0209      |
|    explained_variance   | 0.733        |
|    learning_rate        | 0.0003       |
|    loss                 | 0.00145      |
|    n_updates            | 1500         |
|    policy_gradient_loss | -0.00115     |
|    value_loss           | 0.00732      |
------------------------------------------
------------------------------------------
| time/                   |              |
|    fps                  | 740          |
|    iterations           | 37           |
|    time_elapsed         | 76           |
|    total_timesteps      | 233472       |
| train/                  |              |
|    approx_kl            | 0.0005355803 |
|    clip_fraction        | 0.00859      |
|    clip_range           | 0.2          |
|    entropy_loss         | -0.0774      |
|    explained_variance   | 0.868        |
|    learning_rate        | 0.0003       |
|    loss                 | 0.00719      |
|    n_updates            | 1510         |
|    policy_gradient_loss | -0.000262    |
|    value_loss           | 0.0267       |
------------------------------------------
-------------------------------------------
| time/                   |               |
|    fps                  | 742           |
|    iterations           | 38            |
|    time_elapsed         | 78            |
|    total_timesteps      | 235008        |
| train/                  |               |
|    approx_kl            | 0.00016915674 |
|    clip_fraction        | 0.00501       |
|    clip_range           | 0.2           |
|    entropy_loss         | -0.0364       |
|    explained_variance   | 0.113         |
|    learning_rate        | 0.0003        |
|    loss                 | 7.31e-05      |
|    n_updates            | 1520          |
|    policy_gradient_loss | -0.000311     |
|    value_loss           | 0.00106       |
-------------------------------------------
  step  235047/500000 ( 47.0%)  mean_rew=-0.000
-------------------------------------------
| time/                   |               |
|    fps                  | 742           |
|    iterations           | 39            |
|    time_elapsed         | 80            |
|    total_timesteps      | 236544        |
| train/                  |               |
|    approx_kl            | 0.00010324918 |
|    clip_fraction        | 0.00313       |
|    clip_range           | 0.2           |
|    entropy_loss         | -0.0423       |
|    explained_variance   | 0.081         |
|    learning_rate        | 0.0003        |
|    loss                 | 0.000433      |
|    n_updates            | 1530          |
|    policy_gradient_loss | -0.000612     |
|    value_loss           | 0.000934      |
-------------------------------------------
-------------------------------------------
| time/                   |               |
|    fps                  | 742           |
|    iterations           | 40            |
|    time_elapsed         | 82            |
|    total_timesteps      | 238080        |
| train/                  |               |
|    approx_kl            | 0.00018752964 |
|    clip_fraction        | 0.0054        |
|    clip_range           | 0.2           |
|    entropy_loss         | -0.0337       |
|    explained_variance   | 0.0213        |
|    learning_rate        | 0.0003        |
|    loss                 | 0.000732      |
|    n_updates            | 1540          |
|    policy_gradient_loss | -0.000485     |
|    value_loss           | 0.000961      |
-------------------------------------------
-------------------------------------------
| time/                   |               |
|    fps                  | 744           |
|    iterations           | 41            |
|    time_elapsed         | 84            |
|    total_timesteps      | 239616        |
| train/                  |               |
|    approx_kl            | 0.00010849788 |
|    clip_fraction        | 0.00456       |
|    clip_range           | 0.2           |
|    entropy_loss         | -0.0277       |
|    explained_variance   | 0.14          |
|    learning_rate        | 0.0003        |
|    loss                 | 0.000309      |
|    n_updates            | 1550          |
|    policy_gradient_loss | -0.000277     |
|    value_loss           | 0.000973      |
-------------------------------------------
  step  240048/500000 ( 48.0%)  mean_rew=-0.002
------------------------------------------
| time/                   |              |
|    fps                  | 743          |
|    iterations           | 42           |
|    time_elapsed         | 86           |
|    total_timesteps      | 241152       |
| train/                  |              |
|    approx_kl            | 7.423902e-05 |
|    clip_fraction        | 0.0013       |
|    clip_range           | 0.2          |
|    entropy_loss         | -0.0311      |
|    explained_variance   | 0.337        |
|    learning_rate        | 0.0003       |
|    loss                 | 0.000333     |
|    n_updates            | 1560         |
|    policy_gradient_loss | -6.84e-05    |
|    value_loss           | 0.000582     |
------------------------------------------
-------------------------------------------
| time/                   |               |
|    fps                  | 743           |
|    iterations           | 43            |
|    time_elapsed         | 88            |
|    total_timesteps      | 242688        |
| train/                  |               |
|    approx_kl            | 0.00013830505 |
|    clip_fraction        | 0.00527       |
|    clip_range           | 0.2           |
|    entropy_loss         | -0.04         |
|    explained_variance   | 0.419         |
|    learning_rate        | 0.0003        |
|    loss                 | -0.00112      |
|    n_updates            | 1570          |
|    policy_gradient_loss | -0.000476     |
|    value_loss           | 0.00102       |
-------------------------------------------
-------------------------------------------
| time/                   |               |
|    fps                  | 744           |
|    iterations           | 44            |
|    time_elapsed         | 90            |
|    total_timesteps      | 244224        |
| train/                  |               |
|    approx_kl            | 2.9379968e-05 |
|    clip_fraction        | 0.00137       |
|    clip_range           | 0.2           |
|    entropy_loss         | -0.038        |
|    explained_variance   | 0.456         |
|    learning_rate        | 0.0003        |
|    loss                 | 0.000325      |
|    n_updates            | 1580          |
|    policy_gradient_loss | 2.11e-05      |
|    value_loss           | 0.000923      |
-------------------------------------------
  step  245049/500000 ( 49.0%)  mean_rew=-0.002
--------------------------------------------
| time/                   |                |
|    fps                  | 737            |
|    iterations           | 45             |
|    time_elapsed         | 93             |
|    total_timesteps      | 245760         |
| train/                  |                |
|    approx_kl            | 0.000106001426 |
|    clip_fraction        | 0.00319        |
|    clip_range           | 0.2            |
|    entropy_loss         | -0.0424        |
|    explained_variance   | 0.466          |
|    learning_rate        | 0.0003         |
|    loss                 | -7.54e-05      |
|    n_updates            | 1590           |
|    policy_gradient_loss | -0.000462      |
|    value_loss           | 0.000551       |
--------------------------------------------
-------------------------------------------
| time/                   |               |
|    fps                  | 737           |
|    iterations           | 46            |
|    time_elapsed         | 95            |
|    total_timesteps      | 247296        |
| train/                  |               |
|    approx_kl            | 0.00019853558 |
|    clip_fraction        | 0.00632       |
|    clip_range           | 0.2           |
|    entropy_loss         | -0.059        |
|    explained_variance   | 0.811         |
|    learning_rate        | 0.0003        |
|    loss                 | 0.00339       |
|    n_updates            | 1600          |
|    policy_gradient_loss | 0.000662      |
|    value_loss           | 0.0326        |
-------------------------------------------
------------------------------------------
| time/                   |              |
|    fps                  | 737          |
|    iterations           | 47           |
|    time_elapsed         | 97           |
|    total_timesteps      | 248832       |
| train/                  |              |
|    approx_kl            | 0.0012270833 |
|    clip_fraction        | 0.00352      |
|    clip_range           | 0.2          |
|    entropy_loss         | -0.0232      |
|    explained_variance   | -0.138       |
|    learning_rate        | 0.0003       |
|    loss                 | -0.000415    |
|    n_updates            | 1610         |
|    policy_gradient_loss | -0.000665    |
|    value_loss           | 0.00116      |
------------------------------------------
  step  250050/500000 ( 50.0%)  mean_rew=-0.000
------------------------------------------
| time/                   |              |
|    fps                  | 738          |
|    iterations           | 48           |
|    time_elapsed         | 99           |
|    total_timesteps      | 250368       |
| train/                  |              |
|    approx_kl            | 2.048797e-05 |
|    clip_fraction        | 0.000456     |
|    clip_range           | 0.2          |
|    entropy_loss         | -0.0172      |
|    explained_variance   | -0.00587     |
|    learning_rate        | 0.0003       |
|    loss                 | 0.000572     |
|    n_updates            | 1620         |
|    policy_gradient_loss | -9.46e-05    |
|    value_loss           | 0.00131      |
------------------------------------------
-------------------------------------------
| time/                   |               |
|    fps                  | 739           |
|    iterations           | 49            |
|    time_elapsed         | 101           |
|    total_timesteps      | 251904        |
| train/                  |               |
|    approx_kl            | 7.9225945e-05 |
|    clip_fraction        | 0.00195       |
|    clip_range           | 0.2           |
|    entropy_loss         | -0.015        |
|    explained_variance   | 0.088         |
|    learning_rate        | 0.0003        |
|    loss                 | 0.000288      |
|    n_updates            | 1630          |
|    policy_gradient_loss | -0.000214     |
|    value_loss           | 0.00063       |
-------------------------------------------
-------------------------------------------
| time/                   |               |
|    fps                  | 739           |
|    iterations           | 50            |
|    time_elapsed         | 103           |
|    total_timesteps      | 253440        |
| train/                  |               |
|    approx_kl            | 3.0922238e-06 |
|    clip_fraction        | 0             |
|    clip_range           | 0.2           |
|    entropy_loss         | -0.0136       |
|    explained_variance   | 0.0756        |
|    learning_rate        | 0.0003        |
|    loss                 | 0.000513      |
|    n_updates            | 1640          |
|    policy_gradient_loss | -3.47e-06     |
|    value_loss           | 0.00122       |
-------------------------------------------
------------------------------------------
| time/                   |              |
|    fps                  | 740          |
|    iterations           | 51           |
|    time_elapsed         | 105          |
|    total_timesteps      | 254976       |
| train/                  |              |
|    approx_kl            | 5.749846e-05 |
|    clip_fraction        | 0.000651     |
|    clip_range           | 0.2          |
|    entropy_loss         | -0.0148      |
|    explained_variance   | 0.229        |
|    learning_rate        | 0.0003       |
|    loss                 | 0.000255     |
|    n_updates            | 1650         |
|    policy_gradient_loss | -3.55e-05    |
|    value_loss           | 0.000792     |
------------------------------------------
  step  255051/500000 ( 51.0%)  mean_rew=-0.001
-------------------------------------------
| time/                   |               |
|    fps                  | 734           |
|    iterations           | 52            |
|    time_elapsed         | 108           |
|    total_timesteps      | 256512        |
| train/                  |               |
|    approx_kl            | 3.5108493e-05 |
|    clip_fraction        | 0.00124       |
|    clip_range           | 0.2           |
|    entropy_loss         | -0.0136       |
|    explained_variance   | 0.249         |
|    learning_rate        | 0.0003        |
|    loss                 | -9.26e-05     |
|    n_updates            | 1660          |
|    policy_gradient_loss | -3.73e-05     |
|    value_loss           | 0.000624      |
-------------------------------------------
------------------------------------------
| time/                   |              |
|    fps                  | 734          |
|    iterations           | 53           |
|    time_elapsed         | 110          |
|    total_timesteps      | 258048       |
| train/                  |              |
|    approx_kl            | 2.057245e-05 |
|    clip_fraction        | 0.00221      |
|    clip_range           | 0.2          |
|    entropy_loss         | -0.0245      |
|    explained_variance   | 0.855        |
|    learning_rate        | 0.0003       |
|    loss                 | 0.00291      |
|    n_updates            | 1670         |
|    policy_gradient_loss | 0.000669     |
|    value_loss           | 0.0112       |
------------------------------------------
-------------------------------------------
| time/                   |               |
|    fps                  | 734           |
|    iterations           | 54            |
|    time_elapsed         | 112           |
|    total_timesteps      | 259584        |
| train/                  |               |
|    approx_kl            | 0.00014040172 |
|    clip_fraction        | 0.00241       |
|    clip_range           | 0.2           |
|    entropy_loss         | -0.0192       |
|    explained_variance   | -0.508        |
|    learning_rate        | 0.0003        |
|    loss                 | 0.000432      |
|    n_updates            | 1680          |
|    policy_gradient_loss | -0.00335      |
|    value_loss           | 0.0101        |
-------------------------------------------
  step  260052/500000 ( 52.0%)  mean_rew=-0.001
-------------------------------------------
| time/                   |               |
|    fps                  | 735           |
|    iterations           | 55            |
|    time_elapsed         | 114           |
|    total_timesteps      | 261120        |
| train/                  |               |
|    approx_kl            | 1.6633654e-05 |
|    clip_fraction        | 0             |
|    clip_range           | 0.2           |
|    entropy_loss         | -0.0158       |
|    explained_variance   | 0.135         |
|    learning_rate        | 0.0003        |
|    loss                 | 0.000416      |
|    n_updates            | 1690          |
|    policy_gradient_loss | 5.4e-06       |
|    value_loss           | 0.000671      |
-------------------------------------------
-------------------------------------------
| time/                   |               |
|    fps                  | 736           |
|    iterations           | 56            |
|    time_elapsed         | 116           |
|    total_timesteps      | 262656        |
| train/                  |               |
|    approx_kl            | 2.9281053e-05 |
|    clip_fraction        | 0             |
|    clip_range           | 0.2           |
|    entropy_loss         | -0.0164       |
|    explained_variance   | 0.345         |
|    learning_rate        | 0.0003        |
|    loss                 | 0.000224      |
|    n_updates            | 1700          |
|    policy_gradient_loss | -7.2e-06      |
|    value_loss           | 0.000394      |
-------------------------------------------
-------------------------------------------
| time/                   |               |
|    fps                  | 736           |
|    iterations           | 57            |
|    time_elapsed         | 118           |
|    total_timesteps      | 264192        |
| train/                  |               |
|    approx_kl            | 0.00043413325 |
|    clip_fraction        | 0.00234       |
|    clip_range           | 0.2           |
|    entropy_loss         | -0.0119       |
|    explained_variance   | 0.403         |
|    learning_rate        | 0.0003        |
|    loss                 | -0.00714      |
|    n_updates            | 1710          |
|    policy_gradient_loss | -0.000772     |
|    value_loss           | 0.000637      |
-------------------------------------------
  step  265053/500000 ( 53.0%)  mean_rew=-0.001
-----------------------------------------
| time/                   |             |
|    fps                  | 737         |
|    iterations           | 58          |
|    time_elapsed         | 120         |
|    total_timesteps      | 265728      |
| train/                  |             |
|    approx_kl            | 2.06059e-05 |
|    clip_fraction        | 0.00137     |
|    clip_range           | 0.2         |
|    entropy_loss         | -0.0129     |
|    explained_variance   | 0.376       |
|    learning_rate        | 0.0003      |
|    loss                 | 0.000296    |
|    n_updates            | 1720        |
|    policy_gradient_loss | -0.000178   |
|    value_loss           | 0.000601    |
-----------------------------------------
------------------------------------------
| time/                   |              |
|    fps                  | 738          |
|    iterations           | 59           |
|    time_elapsed         | 122          |
|    total_timesteps      | 267264       |
| train/                  |              |
|    approx_kl            | 8.905943e-05 |
|    clip_fraction        | 0.000911     |
|    clip_range           | 0.2          |
|    entropy_loss         | -0.0106      |
|    explained_variance   | 0.426        |
|    learning_rate        | 0.0003       |
|    loss                 | 0.000132     |
|    n_updates            | 1730         |
|    policy_gradient_loss | -0.000169    |
|    value_loss           | 0.000405     |
------------------------------------------
-------------------------------------------
| time/                   |               |
|    fps                  | 737           |
|    iterations           | 60            |
|    time_elapsed         | 124           |
|    total_timesteps      | 268800        |
| train/                  |               |
|    approx_kl            | 1.9732242e-05 |
|    clip_fraction        | 0             |
|    clip_range           | 0.2           |
|    entropy_loss         | -0.0102       |
|    explained_variance   | 0.575         |
|    learning_rate        | 0.0003        |
|    loss                 | 0.000363      |
|    n_updates            | 1740          |
|    policy_gradient_loss | -5.48e-06     |
|    value_loss           | 0.000412      |
-------------------------------------------
  step  270054/500000 ( 54.0%)  mean_rew=-0.001
-------------------------------------------
| time/                   |               |
|    fps                  | 737           |
|    iterations           | 61            |
|    time_elapsed         | 126           |
|    total_timesteps      | 270336        |
| train/                  |               |
|    approx_kl            | 0.00010594438 |
|    clip_fraction        | 0.0013        |
|    clip_range           | 0.2           |
|    entropy_loss         | -0.0101       |
|    explained_variance   | 0.483         |
|    learning_rate        | 0.0003        |
|    loss                 | 0.00042       |
|    n_updates            | 1750          |
|    policy_gradient_loss | -0.000277     |
|    value_loss           | 0.000816      |
-------------------------------------------
-------------------------------------------
| time/                   |               |
|    fps                  | 738           |
|    iterations           | 62            |
|    time_elapsed         | 128           |
|    total_timesteps      | 271872        |
| train/                  |               |
|    approx_kl            | 3.9771083e-05 |
|    clip_fraction        | 0.000456      |
|    clip_range           | 0.2           |
|    entropy_loss         | -0.00789      |
|    explained_variance   | 0.577         |
|    learning_rate        | 0.0003        |
|    loss                 | 0.000318      |
|    n_updates            | 1760          |
|    policy_gradient_loss | -0.000111     |
|    value_loss           | 0.000507      |
-------------------------------------------
--------------------------------------
| time/                   |          |
|    fps                  | 739      |
|    iterations           | 63       |
|    time_elapsed         | 130      |
|    total_timesteps      | 273408   |
| train/                  |          |
|    approx_kl            | 0.0      |
|    clip_fraction        | 0        |
|    clip_range           | 0.2      |
|    entropy_loss         | -0.00719 |
|    explained_variance   | 0.664    |
|    learning_rate        | 0.0003   |
|    loss                 | 0.000123 |
|    n_updates            | 1770     |
|    policy_gradient_loss | -1.1e-06 |
|    value_loss           | 0.000323 |
--------------------------------------
-------------------------------------------
| time/                   |               |
|    fps                  | 739           |
|    iterations           | 64            |
|    time_elapsed         | 132           |
|    total_timesteps      | 274944        |
| train/                  |               |
|    approx_kl            | 3.4822617e-05 |
|    clip_fraction        | 0.000521      |
|    clip_range           | 0.2           |
|    entropy_loss         | -0.00699      |
|    explained_variance   | 0.66          |
|    learning_rate        | 0.0003        |
|    loss                 | -0.00158      |
|    n_updates            | 1780          |
|    policy_gradient_loss | -0.000157     |
|    value_loss           | 0.000417      |
-------------------------------------------
  step  275055/500000 ( 55.0%)  mean_rew=-0.001
---------------------------------------
| time/                   |           |
|    fps                  | 740       |
|    iterations           | 65        |
|    time_elapsed         | 134       |
|    total_timesteps      | 276480    |
| train/                  |           |
|    approx_kl            | 0.0       |
|    clip_fraction        | 0         |
|    clip_range           | 0.2       |
|    entropy_loss         | -0.00687  |
|    explained_variance   | 0.629     |
|    learning_rate        | 0.0003    |
|    loss                 | 0.000256  |
|    n_updates            | 1790      |
|    policy_gradient_loss | -1.27e-06 |
|    value_loss           | 0.000499  |
---------------------------------------
---------------------------------------
| time/                   |           |
|    fps                  | 741       |
|    iterations           | 66        |
|    time_elapsed         | 136       |
|    total_timesteps      | 278016    |
| train/                  |           |
|    approx_kl            | 0.0       |
|    clip_fraction        | 0         |
|    clip_range           | 0.2       |
|    entropy_loss         | -0.00666  |
|    explained_variance   | 0.672     |
|    learning_rate        | 0.0003    |
|    loss                 | 0.000154  |
|    n_updates            | 1800      |
|    policy_gradient_loss | -3.39e-08 |
|    value_loss           | 0.000322  |
---------------------------------------
-------------------------------------------
| time/                   |               |
|    fps                  | 741           |
|    iterations           | 67            |
|    time_elapsed         | 138           |
|    total_timesteps      | 279552        |
| train/                  |               |
|    approx_kl            | 0.00014148183 |
|    clip_fraction        | 0.00169       |
|    clip_range           | 0.2           |
|    entropy_loss         | -0.00797      |
|    explained_variance   | 0.744         |
|    learning_rate        | 0.0003        |
|    loss                 | -0.0018       |
|    n_updates            | 1810          |
|    policy_gradient_loss | -0.000303     |
|    value_loss           | 0.000314      |
-------------------------------------------
  step  280056/500000 ( 56.0%)  mean_rew=-0.001
------------------------------------------
| time/                   |              |
|    fps                  | 741          |
|    iterations           | 68           |
|    time_elapsed         | 140          |
|    total_timesteps      | 281088       |
| train/                  |              |
|    approx_kl            | 3.881438e-05 |
|    clip_fraction        | 0.000521     |
|    clip_range           | 0.2          |
|    entropy_loss         | -0.00618     |
|    explained_variance   | 0.623        |
|    learning_rate        | 0.0003       |
|    loss                 | 0.000373     |
|    n_updates            | 1820         |
|    policy_gradient_loss | -0.000119    |
|    value_loss           | 0.000588     |
------------------------------------------
---------------------------------------
| time/                   |           |
|    fps                  | 741       |
|    iterations           | 69        |
|    time_elapsed         | 142       |
|    total_timesteps      | 282624    |
| train/                  |           |
|    approx_kl            | 0.0       |
|    clip_fraction        | 0         |
|    clip_range           | 0.2       |
|    entropy_loss         | -0.00586  |
|    explained_variance   | 0.705     |
|    learning_rate        | 0.0003    |
|    loss                 | 0.000191  |
|    n_updates            | 1830      |
|    policy_gradient_loss | -9.88e-07 |
|    value_loss           | 0.000407  |
---------------------------------------
-------------------------------------------
| time/                   |               |
|    fps                  | 742           |
|    iterations           | 70            |
|    time_elapsed         | 144           |
|    total_timesteps      | 284160        |
| train/                  |               |
|    approx_kl            | 5.2778127e-05 |
|    clip_fraction        | 0.000521      |
|    clip_range           | 0.2           |
|    entropy_loss         | -0.00473      |
|    explained_variance   | 0.767         |
|    learning_rate        | 0.0003        |
|    loss                 | 5.01e-05      |
|    n_updates            | 1840          |
|    policy_gradient_loss | -0.000121     |
|    value_loss           | 0.000249      |
-------------------------------------------
  step  285057/500000 ( 57.0%)  mean_rew=-0.001
-------------------------------------------
| time/                   |               |
|    fps                  | 742           |
|    iterations           | 71            |
|    time_elapsed         | 146           |
|    total_timesteps      | 285696        |
| train/                  |               |
|    approx_kl            | 0.00060833624 |
|    clip_fraction        | 0.000521      |
|    clip_range           | 0.2           |
|    entropy_loss         | -0.00881      |
|    explained_variance   | 0.769         |
|    learning_rate        | 0.0003        |
|    loss                 | 0.000319      |
|    n_updates            | 1850          |
|    policy_gradient_loss | -0.000313     |
|    value_loss           | 0.000244      |
-------------------------------------------
------------------------------------------
| time/                   |              |
|    fps                  | 743          |
|    iterations           | 72           |
|    time_elapsed         | 148          |
|    total_timesteps      | 287232       |
| train/                  |              |
|    approx_kl            | 5.182686e-05 |
|    clip_fraction        | 0.000911     |
|    clip_range           | 0.2          |
|    entropy_loss         | -0.0111      |
|    explained_variance   | 0.7          |
|    learning_rate        | 0.0003       |
|    loss                 | 0.000121     |
|    n_updates            | 1860         |
|    policy_gradient_loss | -6.11e-05    |
|    value_loss           | 0.00037      |
------------------------------------------
-------------------------------------------
| time/                   |               |
|    fps                  | 743           |
|    iterations           | 73            |
|    time_elapsed         | 150           |
|    total_timesteps      | 288768        |
| train/                  |               |
|    approx_kl            | 6.2484214e-05 |
|    clip_fraction        | 0.00137       |
|    clip_range           | 0.2           |
|    entropy_loss         | -0.00952      |
|    explained_variance   | 0.76          |
|    learning_rate        | 0.0003        |
|    loss                 | 0.000121      |
|    n_updates            | 1870          |
|    policy_gradient_loss | -8.9e-05      |
|    value_loss           | 0.000239      |
-------------------------------------------
  step  290058/500000 ( 58.0%)  mean_rew=-0.000
-------------------------------------------
| time/                   |               |
|    fps                  | 743           |
|    iterations           | 74            |
|    time_elapsed         | 152           |
|    total_timesteps      | 290304        |
| train/                  |               |
|    approx_kl            | 0.00013612898 |
|    clip_fraction        | 0.00247       |
|    clip_range           | 0.2           |
|    entropy_loss         | -0.00749      |
|    explained_variance   | 0.745         |
|    learning_rate        | 0.0003        |
|    loss                 | 0.000141      |
|    n_updates            | 1880          |
|    policy_gradient_loss | -0.000263     |
|    value_loss           | 0.000429      |
-------------------------------------------
--------------------------------------------
| time/                   |                |
|    fps                  | 743            |
|    iterations           | 75             |
|    time_elapsed         | 154            |
|    total_timesteps      | 291840         |
| train/                  |                |
|    approx_kl            | 1.13233305e-07 |
|    clip_fraction        | 0              |
|    clip_range           | 0.2            |
|    entropy_loss         | -0.00745       |
|    explained_variance   | 0.739          |
|    learning_rate        | 0.0003         |
|    loss                 | 0.000174       |
|    n_updates            | 1890           |
|    policy_gradient_loss | 2.44e-07       |
|    value_loss           | 0.000382       |
--------------------------------------------
-------------------------------------------
| time/                   |               |
|    fps                  | 744           |
|    iterations           | 76            |
|    time_elapsed         | 156           |
|    total_timesteps      | 293376        |
| train/                  |               |
|    approx_kl            | 5.9918035e-05 |
|    clip_fraction        | 0.000521      |
|    clip_range           | 0.2           |
|    entropy_loss         | -0.00703      |
|    explained_variance   | 0.789         |
|    learning_rate        | 0.0003        |
|    loss                 | 0.000165      |
|    n_updates            | 1900          |
|    policy_gradient_loss | -6.51e-05     |
|    value_loss           | 0.00032       |
-------------------------------------------
--------------------------------------------
| time/                   |                |
|    fps                  | 744            |
|    iterations           | 77             |
|    time_elapsed         | 158            |
|    total_timesteps      | 294912         |
| train/                  |                |
|    approx_kl            | 0.000110271154 |
|    clip_fraction        | 0.000521       |
|    clip_range           | 0.2            |
|    entropy_loss         | -0.0085        |
|    explained_variance   | 0.812          |
|    learning_rate        | 0.0003         |
|    loss                 | 0.000178       |
|    n_updates            | 1910           |
|    policy_gradient_loss | -0.000108      |
|    value_loss           | 0.000211       |
--------------------------------------------
  step  295059/500000 ( 59.0%)  mean_rew=-0.000
-------------------------------------------
| time/                   |               |
|    fps                  | 744           |
|    iterations           | 78            |
|    time_elapsed         | 160           |
|    total_timesteps      | 296448        |
| train/                  |               |
|    approx_kl            | 0.00016169898 |
|    clip_fraction        | 0.00202       |
|    clip_range           | 0.2           |
|    entropy_loss         | -0.0107       |
|    explained_variance   | 0.814         |
|    learning_rate        | 0.0003        |
|    loss                 | 0.000218      |
|    n_updates            | 1920          |
|    policy_gradient_loss | -0.000195     |
|    value_loss           | 0.000241      |
-------------------------------------------
-------------------------------------------
| time/                   |               |
|    fps                  | 745           |
|    iterations           | 79            |
|    time_elapsed         | 162           |
|    total_timesteps      | 297984        |
| train/                  |               |
|    approx_kl            | 0.00014830595 |
|    clip_fraction        | 0.00319       |
|    clip_range           | 0.2           |
|    entropy_loss         | -0.00982      |
|    explained_variance   | 0.739         |
|    learning_rate        | 0.0003        |
|    loss                 | 0.000179      |
|    n_updates            | 1930          |
|    policy_gradient_loss | -0.00016      |
|    value_loss           | 0.000462      |
-------------------------------------------
-------------------------------------------
| time/                   |               |
|    fps                  | 745           |
|    iterations           | 80            |
|    time_elapsed         | 164           |
|    total_timesteps      | 299520        |
| train/                  |               |
|    approx_kl            | 9.3965326e-05 |
|    clip_fraction        | 0.000846      |
|    clip_range           | 0.2           |
|    entropy_loss         | -0.0122       |
|    explained_variance   | 0.833         |
|    learning_rate        | 0.0003        |
|    loss                 | 4.81e-05      |
|    n_updates            | 1940          |
|    policy_gradient_loss | -0.000108     |
|    value_loss           | 0.000204      |
-------------------------------------------
  step  300060/500000 ( 60.0%)  mean_rew=-0.001
------------------------------------------
| time/                   |              |
|    fps                  | 745          |
|    iterations           | 81           |
|    time_elapsed         | 166          |
|    total_timesteps      | 301056       |
| train/                  |              |
|    approx_kl            | 8.055568e-05 |
|    clip_fraction        | 0.00163      |
|    clip_range           | 0.2          |
|    entropy_loss         | -0.00979     |
|    explained_variance   | 0.831        |
|    learning_rate        | 0.0003       |
|    loss                 | -0.000321    |
|    n_updates            | 1950         |
|    policy_gradient_loss | -5.22e-05    |
|    value_loss           | 0.000229     |
------------------------------------------
-------------------------------------------
| time/                   |               |
|    fps                  | 745           |
|    iterations           | 82            |
|    time_elapsed         | 168           |
|    total_timesteps      | 302592        |
| train/                  |               |
|    approx_kl            | 2.2948409e-05 |
|    clip_fraction        | 0.000781      |
|    clip_range           | 0.2           |
|    entropy_loss         | -0.0111       |
|    explained_variance   | 0.767         |
|    learning_rate        | 0.0003        |
|    loss                 | 0.000227      |
|    n_updates            | 1960          |
|    policy_gradient_loss | -7.1e-05      |
|    value_loss           | 0.000334      |
-------------------------------------------
  Stage 3 saved -> cologne3_ppo_stage3_75pct.zip

────────────────────────────────────────────────────────────
  Stage 4/4  100% demand  200000 steps  (cumulative -> 500000)
  Route: cologne3.rou.xml
────────────────────────────────────────────────────────────
-------------------------------
| time/              |        |
|    fps             | 716    |
|    iterations      | 1      |
|    time_elapsed    | 2      |
|    total_timesteps | 304128 |
-------------------------------
  step  305061/500000 ( 61.0%)  mean_rew=-0.001
------------------------------------------
| time/                   |              |
|    fps                  | 563          |
|    iterations           | 2            |
|    time_elapsed         | 5            |
|    total_timesteps      | 305664       |
| train/                  |              |
|    approx_kl            | 0.0006158504 |
|    clip_fraction        | 0.00104      |
|    clip_range           | 0.2          |
|    entropy_loss         | -0.0133      |
|    explained_variance   | 0.633        |
|    learning_rate        | 0.0003       |
|    loss                 | 0.000404     |
|    n_updates            | 1980         |
|    policy_gradient_loss | -0.000157    |
|    value_loss           | 0.00104      |
------------------------------------------
------------------------------------------
| time/                   |              |
|    fps                  | 532          |
|    iterations           | 3            |
|    time_elapsed         | 8            |
|    total_timesteps      | 307200       |
| train/                  |              |
|    approx_kl            | 0.0008638804 |
|    clip_fraction        | 0.00703      |
|    clip_range           | 0.2          |
|    entropy_loss         | -0.0439      |
|    explained_variance   | 0.554        |
|    learning_rate        | 0.0003       |
|    loss                 | 0.00472      |
|    n_updates            | 1990         |
|    policy_gradient_loss | 0.00132      |
|    value_loss           | 0.0312       |
------------------------------------------
------------------------------------------
| time/                   |              |
|    fps                  | 536          |
|    iterations           | 4            |
|    time_elapsed         | 11           |
|    total_timesteps      | 308736       |
| train/                  |              |
|    approx_kl            | 0.0029048389 |
|    clip_fraction        | 0.0186       |
|    clip_range           | 0.2          |
|    entropy_loss         | -0.0719      |
|    explained_variance   | 0.803        |
|    learning_rate        | 0.0003       |
|    loss                 | 0.0197       |
|    n_updates            | 2000         |
|    policy_gradient_loss | -0.000709    |
|    value_loss           | 0.0503       |
------------------------------------------
  step  310062/500000 ( 62.0%)  mean_rew=-0.001
-------------------------------------------
| time/                   |               |
|    fps                  | 532           |
|    iterations           | 5             |
|    time_elapsed         | 14            |
|    total_timesteps      | 310272        |
| train/                  |               |
|    approx_kl            | 0.00018978534 |
|    clip_fraction        | 0.00169       |
|    clip_range           | 0.2           |
|    entropy_loss         | -0.0566       |
|    explained_variance   | 0.844         |
|    learning_rate        | 0.0003        |
|    loss                 | 0.00936       |
|    n_updates            | 2010          |
|    policy_gradient_loss | -4.35e-05     |
|    value_loss           | 0.0134        |
-------------------------------------------
-------------------------------------------
| time/                   |               |
|    fps                  | 553           |
|    iterations           | 6             |
|    time_elapsed         | 16            |
|    total_timesteps      | 311808        |
| train/                  |               |
|    approx_kl            | 0.00060394045 |
|    clip_fraction        | 0.0113        |
|    clip_range           | 0.2           |
|    entropy_loss         | -0.0759       |
|    explained_variance   | 0.891         |
|    learning_rate        | 0.0003        |
|    loss                 | 0.0221        |
|    n_updates            | 2020          |
|    policy_gradient_loss | -0.000318     |
|    value_loss           | 0.0618        |
-------------------------------------------
-------------------------------------------
| time/                   |               |
|    fps                  | 566           |
|    iterations           | 7             |
|    time_elapsed         | 18            |
|    total_timesteps      | 313344        |
| train/                  |               |
|    approx_kl            | 0.00025869592 |
|    clip_fraction        | 0.00449       |
|    clip_range           | 0.2           |
|    entropy_loss         | -0.0454       |
|    explained_variance   | 0.0563        |
|    learning_rate        | 0.0003        |
|    loss                 | 0.00102       |
|    n_updates            | 2030          |
|    policy_gradient_loss | -0.000474     |
|    value_loss           | 0.00225       |
-------------------------------------------
--------------------------------------------
| time/                   |                |
|    fps                  | 569            |
|    iterations           | 8              |
|    time_elapsed         | 21             |
|    total_timesteps      | 314880         |
| train/                  |                |
|    approx_kl            | 0.000107291504 |
|    clip_fraction        | 0.000651       |
|    clip_range           | 0.2            |
|    entropy_loss         | -0.0405        |
|    explained_variance   | 0.0885         |
|    learning_rate        | 0.0003         |
|    loss                 | 0.00154        |
|    n_updates            | 2040           |
|    policy_gradient_loss | -1.66e-05      |
|    value_loss           | 0.00308        |
--------------------------------------------
  step  315063/500000 ( 63.0%)  mean_rew=-0.004
-------------------------------------------
| time/                   |               |
|    fps                  | 556           |
|    iterations           | 9             |
|    time_elapsed         | 24            |
|    total_timesteps      | 316416        |
| train/                  |               |
|    approx_kl            | 3.1450763e-05 |
|    clip_fraction        | 0.0026        |
|    clip_range           | 0.2           |
|    entropy_loss         | -0.0347       |
|    explained_variance   | -0.0829       |
|    learning_rate        | 0.0003        |
|    loss                 | 0.000662      |
|    n_updates            | 2050          |
|    policy_gradient_loss | -9.55e-05     |
|    value_loss           | 0.00228       |
-------------------------------------------
------------------------------------------
| time/                   |              |
|    fps                  | 567          |
|    iterations           | 10           |
|    time_elapsed         | 27           |
|    total_timesteps      | 317952       |
| train/                  |              |
|    approx_kl            | 0.0005635409 |
|    clip_fraction        | 0.0122       |
|    clip_range           | 0.2          |
|    entropy_loss         | -0.058       |
|    explained_variance   | 0.869        |
|    learning_rate        | 0.0003       |
|    loss                 | 0.0122       |
|    n_updates            | 2060         |
|    policy_gradient_loss | -0.00425     |
|    value_loss           | 0.0812       |
------------------------------------------
-----------------------------------------
| time/                   |             |
|    fps                  | 575         |
|    iterations           | 11          |
|    time_elapsed         | 29          |
|    total_timesteps      | 319488      |
| train/                  |             |
|    approx_kl            | 8.22638e-05 |
|    clip_fraction        | 0.0013      |
|    clip_range           | 0.2         |
|    entropy_loss         | -0.0298     |
|    explained_variance   | 0.174       |
|    learning_rate        | 0.0003      |
|    loss                 | 0.000904    |
|    n_updates            | 2070        |
|    policy_gradient_loss | -0.00019    |
|    value_loss           | 0.00225     |
-----------------------------------------
  step  320064/500000 ( 64.0%)  mean_rew=-0.001
------------------------------------------
| time/                   |              |
|    fps                  | 579          |
|    iterations           | 12           |
|    time_elapsed         | 31           |
|    total_timesteps      | 321024       |
| train/                  |              |
|    approx_kl            | 6.178231e-05 |
|    clip_fraction        | 0.00026      |
|    clip_range           | 0.2          |
|    entropy_loss         | -0.03        |
|    explained_variance   | 0.131        |
|    learning_rate        | 0.0003       |
|    loss                 | 0.00254      |
|    n_updates            | 2080         |
|    policy_gradient_loss | -4.78e-05    |
|    value_loss           | 0.00362      |
------------------------------------------
------------------------------------------
| time/                   |              |
|    fps                  | 587          |
|    iterations           | 13           |
|    time_elapsed         | 33           |
|    total_timesteps      | 322560       |
| train/                  |              |
|    approx_kl            | 8.956479e-05 |
|    clip_fraction        | 0.00273      |
|    clip_range           | 0.2          |
|    entropy_loss         | -0.0344      |
|    explained_variance   | 0.103        |
|    learning_rate        | 0.0003       |
|    loss                 | 0.00393      |
|    n_updates            | 2090         |
|    policy_gradient_loss | -0.00102     |
|    value_loss           | 0.00433      |
------------------------------------------
------------------------------------------
| time/                   |              |
|    fps                  | 578          |
|    iterations           | 14           |
|    time_elapsed         | 37           |
|    total_timesteps      | 324096       |
| train/                  |              |
|    approx_kl            | 4.953472e-06 |
|    clip_fraction        | 0            |
|    clip_range           | 0.2          |
|    entropy_loss         | -0.0314      |
|    explained_variance   | -0.0905      |
|    learning_rate        | 0.0003       |
|    loss                 | 0.000698     |
|    n_updates            | 2100         |
|    policy_gradient_loss | 2.44e-05     |
|    value_loss           | 0.0018       |
------------------------------------------
  step  325065/500000 ( 65.0%)  mean_rew=-0.003
-------------------------------------------
| time/                   |               |
|    fps                  | 578           |
|    iterations           | 15            |
|    time_elapsed         | 39            |
|    total_timesteps      | 325632        |
| train/                  |               |
|    approx_kl            | 0.00026146497 |
|    clip_fraction        | 0.00449       |
|    clip_range           | 0.2           |
|    entropy_loss         | -0.0526       |
|    explained_variance   | 0.899         |
|    learning_rate        | 0.0003        |
|    loss                 | 0.0114        |
|    n_updates            | 2110          |
|    policy_gradient_loss | -0.000188     |
|    value_loss           | 0.0211        |
-------------------------------------------
-------------------------------------------
| time/                   |               |
|    fps                  | 581           |
|    iterations           | 16            |
|    time_elapsed         | 42            |
|    total_timesteps      | 327168        |
| train/                  |               |
|    approx_kl            | 0.00044300375 |
|    clip_fraction        | 0.00319       |
|    clip_range           | 0.2           |
|    entropy_loss         | -0.0372       |
|    explained_variance   | 0.551         |
|    learning_rate        | 0.0003        |
|    loss                 | 0.00811       |
|    n_updates            | 2120          |
|    policy_gradient_loss | 0.000852      |
|    value_loss           | 0.0352        |
-------------------------------------------
-------------------------------------------
| time/                   |               |
|    fps                  | 561           |
|    iterations           | 17            |
|    time_elapsed         | 46            |
|    total_timesteps      | 328704        |
| train/                  |               |
|    approx_kl            | 0.00014454953 |
|    clip_fraction        | 0.000521      |
|    clip_range           | 0.2           |
|    entropy_loss         | -0.0284       |
|    explained_variance   | 0.236         |
|    learning_rate        | 0.0003        |
|    loss                 | 0.00136       |
|    n_updates            | 2130          |
|    policy_gradient_loss | -3.74e-05     |
|    value_loss           | 0.0023        |
-------------------------------------------
  step  330066/500000 ( 66.0%)  mean_rew=-0.012
------------------------------------------
| time/                   |              |
|    fps                  | 558          |
|    iterations           | 18           |
|    time_elapsed         | 49           |
|    total_timesteps      | 330240       |
| train/                  |              |
|    approx_kl            | 0.0032691036 |
|    clip_fraction        | 0.023        |
|    clip_range           | 0.2          |
|    entropy_loss         | -0.0767      |
|    explained_variance   | 0.859        |
|    learning_rate        | 0.0003       |
|    loss                 | 0.0574       |
|    n_updates            | 2140         |
|    policy_gradient_loss | -0.00337     |
|    value_loss           | 0.115        |
------------------------------------------
-----------------------------------------
| time/                   |             |
|    fps                  | 553         |
|    iterations           | 19          |
|    time_elapsed         | 52          |
|    total_timesteps      | 331776      |
| train/                  |             |
|    approx_kl            | 0.003227372 |
|    clip_fraction        | 0.0145      |
|    clip_range           | 0.2         |
|    entropy_loss         | -0.0612     |
|    explained_variance   | 0.911       |
|    learning_rate        | 0.0003      |
|    loss                 | -0.00748    |
|    n_updates            | 2150        |
|    policy_gradient_loss | -0.00341    |
|    value_loss           | 0.0269      |
-----------------------------------------
------------------------------------------
| time/                   |              |
|    fps                  | 559          |
|    iterations           | 20           |
|    time_elapsed         | 54           |
|    total_timesteps      | 333312       |
| train/                  |              |
|    approx_kl            | 0.0010662974 |
|    clip_fraction        | 0.0126       |
|    clip_range           | 0.2          |
|    entropy_loss         | -0.0972      |
|    explained_variance   | 0.924        |
|    learning_rate        | 0.0003       |
|    loss                 | -0.00133     |
|    n_updates            | 2160         |
|    policy_gradient_loss | -0.000542    |
|    value_loss           | 0.119        |
------------------------------------------
-------------------------------------------
| time/                   |               |
|    fps                  | 563           |
|    iterations           | 21            |
|    time_elapsed         | 57            |
|    total_timesteps      | 334848        |
| train/                  |               |
|    approx_kl            | 0.00024088325 |
|    clip_fraction        | 0.00651       |
|    clip_range           | 0.2           |
|    entropy_loss         | -0.0466       |
|    explained_variance   | -0.113        |
|    learning_rate        | 0.0003        |
|    loss                 | -0.00229      |
|    n_updates            | 2170          |
|    policy_gradient_loss | -0.000681     |
|    value_loss           | 0.00416       |
-------------------------------------------
  step  335067/500000 ( 67.0%)  mean_rew=-0.001
------------------------------------------
| time/                   |              |
|    fps                  | 565          |
|    iterations           | 22           |
|    time_elapsed         | 59           |
|    total_timesteps      | 336384       |
| train/                  |              |
|    approx_kl            | 0.0001694385 |
|    clip_fraction        | 0.00404      |
|    clip_range           | 0.2          |
|    entropy_loss         | -0.0573      |
|    explained_variance   | -0.116       |
|    learning_rate        | 0.0003       |
|    loss                 | 0.00299      |
|    n_updates            | 2180         |
|    policy_gradient_loss | -0.000712    |
|    value_loss           | 0.00557      |
------------------------------------------
-------------------------------------------
| time/                   |               |
|    fps                  | 559           |
|    iterations           | 23            |
|    time_elapsed         | 63            |
|    total_timesteps      | 337920        |
| train/                  |               |
|    approx_kl            | 1.3962194e-05 |
|    clip_fraction        | 0.00104       |
|    clip_range           | 0.2           |
|    entropy_loss         | -0.0583       |
|    explained_variance   | -0.306        |
|    learning_rate        | 0.0003        |
|    loss                 | 0.00182       |
|    n_updates            | 2190          |
|    policy_gradient_loss | -3.97e-05     |
|    value_loss           | 0.00508       |
-------------------------------------------
------------------------------------------
| time/                   |              |
|    fps                  | 552          |
|    iterations           | 24           |
|    time_elapsed         | 66           |
|    total_timesteps      | 339456       |
| train/                  |              |
|    approx_kl            | 0.0014633347 |
|    clip_fraction        | 0.0223       |
|    clip_range           | 0.2          |
|    entropy_loss         | -0.103       |
|    explained_variance   | 0.887        |
|    learning_rate        | 0.0003       |
|    loss                 | 0.0577       |
|    n_updates            | 2200         |
|    policy_gradient_loss | -0.000254    |
|    value_loss           | 0.108        |
------------------------------------------
  step  340068/500000 ( 68.0%)  mean_rew=-0.003
-------------------------------------------
| time/                   |               |
|    fps                  | 553           |
|    iterations           | 25            |
|    time_elapsed         | 69            |
|    total_timesteps      | 340992        |
| train/                  |               |
|    approx_kl            | 0.00073532184 |
|    clip_fraction        | 0.00612       |
|    clip_range           | 0.2           |
|    entropy_loss         | -0.127        |
|    explained_variance   | 0.927         |
|    learning_rate        | 0.0003        |
|    loss                 | 0.0737        |
|    n_updates            | 2210          |
|    policy_gradient_loss | 0.000523      |
|    value_loss           | 0.144         |
-------------------------------------------
-------------------------------------------
| time/                   |               |
|    fps                  | 550           |
|    iterations           | 26            |
|    time_elapsed         | 72            |
|    total_timesteps      | 342528        |
| train/                  |               |
|    approx_kl            | 0.00043235344 |
|    clip_fraction        | 0.00723       |
|    clip_range           | 0.2           |
|    entropy_loss         | -0.0593       |
|    explained_variance   | 0.772         |
|    learning_rate        | 0.0003        |
|    loss                 | 0.0135        |
|    n_updates            | 2220          |
|    policy_gradient_loss | -0.00045      |
|    value_loss           | 0.0204        |
-------------------------------------------
-------------------------------------------
| time/                   |               |
|    fps                  | 554           |
|    iterations           | 27            |
|    time_elapsed         | 74            |
|    total_timesteps      | 344064        |
| train/                  |               |
|    approx_kl            | 9.1222966e-05 |
|    clip_fraction        | 0.00794       |
|    clip_range           | 0.2           |
|    entropy_loss         | -0.0839       |
|    explained_variance   | 0.895         |
|    learning_rate        | 0.0003        |
|    loss                 | 0.102         |
|    n_updates            | 2230          |
|    policy_gradient_loss | 0.000521      |
|    value_loss           | 0.136         |
-------------------------------------------
  step  345069/500000 ( 69.0%)  mean_rew=-0.001
-------------------------------------------
| time/                   |               |
|    fps                  | 557           |
|    iterations           | 28            |
|    time_elapsed         | 77            |
|    total_timesteps      | 345600        |
| train/                  |               |
|    approx_kl            | 0.00035605844 |
|    clip_fraction        | 0.0054        |
|    clip_range           | 0.2           |
|    entropy_loss         | -0.0479       |
|    explained_variance   | 0.397         |
|    learning_rate        | 0.0003        |
|    loss                 | 0.000834      |
|    n_updates            | 2240          |
|    policy_gradient_loss | -0.000557     |
|    value_loss           | 0.00588       |
-------------------------------------------
-------------------------------------------
| time/                   |               |
|    fps                  | 559           |
|    iterations           | 29            |
|    time_elapsed         | 79            |
|    total_timesteps      | 347136        |
| train/                  |               |
|    approx_kl            | 0.00016725327 |
|    clip_fraction        | 0.00299       |
|    clip_range           | 0.2           |
|    entropy_loss         | -0.0533       |
|    explained_variance   | 0.0981        |
|    learning_rate        | 0.0003        |
|    loss                 | 0.0032        |
|    n_updates            | 2250          |
|    policy_gradient_loss | -0.000183     |
|    value_loss           | 0.0095        |
-------------------------------------------
------------------------------------------
| time/                   |              |
|    fps                  | 562          |
|    iterations           | 30           |
|    time_elapsed         | 81           |
|    total_timesteps      | 348672       |
| train/                  |              |
|    approx_kl            | 0.0003959502 |
|    clip_fraction        | 0.00885      |
|    clip_range           | 0.2          |
|    entropy_loss         | -0.0456      |
|    explained_variance   | -0.0272      |
|    learning_rate        | 0.0003       |
|    loss                 | 0.00293      |
|    n_updates            | 2260         |
|    policy_gradient_loss | -0.000811    |
|    value_loss           | 0.00737      |
------------------------------------------
  step  350070/500000 ( 70.0%)  mean_rew=-0.001
-------------------------------------------
| time/                   |               |
|    fps                  | 565           |
|    iterations           | 31            |
|    time_elapsed         | 84            |
|    total_timesteps      | 350208        |
| train/                  |               |
|    approx_kl            | 0.00014736278 |
|    clip_fraction        | 0.00104       |
|    clip_range           | 0.2           |
|    entropy_loss         | -0.0415       |
|    explained_variance   | 0.287         |
|    learning_rate        | 0.0003        |
|    loss                 | 0.00213       |
|    n_updates            | 2270          |
|    policy_gradient_loss | -3.52e-05     |
|    value_loss           | 0.00486       |
-------------------------------------------
-------------------------------------------
| time/                   |               |
|    fps                  | 568           |
|    iterations           | 32            |
|    time_elapsed         | 86            |
|    total_timesteps      | 351744        |
| train/                  |               |
|    approx_kl            | 0.00013062102 |
|    clip_fraction        | 0.00247       |
|    clip_range           | 0.2           |
|    entropy_loss         | -0.0342       |
|    explained_variance   | -0.0754       |
|    learning_rate        | 0.0003        |
|    loss                 | 0.00178       |
|    n_updates            | 2280          |
|    policy_gradient_loss | -0.000139     |
|    value_loss           | 0.00376       |
-------------------------------------------
-------------------------------------------
| time/                   |               |
|    fps                  | 570           |
|    iterations           | 33            |
|    time_elapsed         | 88            |
|    total_timesteps      | 353280        |
| train/                  |               |
|    approx_kl            | 0.00013553449 |
|    clip_fraction        | 0.00221       |
|    clip_range           | 0.2           |
|    entropy_loss         | -0.0296       |
|    explained_variance   | -0.0383       |
|    learning_rate        | 0.0003        |
|    loss                 | 0.000805      |
|    n_updates            | 2290          |
|    policy_gradient_loss | -0.000203     |
|    value_loss           | 0.00416       |
-------------------------------------------
-------------------------------------------
| time/                   |               |
|    fps                  | 567           |
|    iterations           | 34            |
|    time_elapsed         | 92            |
|    total_timesteps      | 354816        |
| train/                  |               |
|    approx_kl            | 1.0073301e-05 |
|    clip_fraction        | 0             |
|    clip_range           | 0.2           |
|    entropy_loss         | -0.0287       |
|    explained_variance   | -0.0698       |
|    learning_rate        | 0.0003        |
|    loss                 | 0.00197       |
|    n_updates            | 2300          |
|    policy_gradient_loss | 2.46e-06      |
|    value_loss           | 0.00608       |
-------------------------------------------
  step  355071/500000 ( 71.0%)  mean_rew=-0.001
-----------------------------------------
| time/                   |             |
|    fps                  | 565         |
|    iterations           | 35          |
|    time_elapsed         | 95          |
|    total_timesteps      | 356352      |
| train/                  |             |
|    approx_kl            | 9.49341e-05 |
|    clip_fraction        | 0.00104     |
|    clip_range           | 0.2         |
|    entropy_loss         | -0.0482     |
|    explained_variance   | 0.884       |
|    learning_rate        | 0.0003      |
|    loss                 | 0.0161      |
|    n_updates            | 2310        |
|    policy_gradient_loss | 0.000409    |
|    value_loss           | 0.077       |
-----------------------------------------
-------------------------------------------
| time/                   |               |
|    fps                  | 564           |
|    iterations           | 36            |
|    time_elapsed         | 97            |
|    total_timesteps      | 357888        |
| train/                  |               |
|    approx_kl            | 0.00020236382 |
|    clip_fraction        | 0.0013        |
|    clip_range           | 0.2           |
|    entropy_loss         | -0.0379       |
|    explained_variance   | 0.928         |
|    learning_rate        | 0.0003        |
|    loss                 | 0.012         |
|    n_updates            | 2320          |
|    policy_gradient_loss | -0.000164     |
|    value_loss           | 0.0261        |
-------------------------------------------
------------------------------------------
| time/                   |              |
|    fps                  | 561          |
|    iterations           | 37           |
|    time_elapsed         | 101          |
|    total_timesteps      | 359424       |
| train/                  |              |
|    approx_kl            | 1.877294e-05 |
|    clip_fraction        | 0.00423      |
|    clip_range           | 0.2          |
|    entropy_loss         | -0.0401      |
|    explained_variance   | 0.875        |
|    learning_rate        | 0.0003       |
|    loss                 | 0.0231       |
|    n_updates            | 2330         |
|    policy_gradient_loss | 0.000864     |
|    value_loss           | 0.0855       |
------------------------------------------
  step  360072/500000 ( 72.0%)  mean_rew=-0.001
-------------------------------------------
| time/                   |               |
|    fps                  | 563           |
|    iterations           | 38            |
|    time_elapsed         | 103           |
|    total_timesteps      | 360960        |
| train/                  |               |
|    approx_kl            | 0.00024590676 |
|    clip_fraction        | 0.00475       |
|    clip_range           | 0.2           |
|    entropy_loss         | -0.0398       |
|    explained_variance   | 0.903         |
|    learning_rate        | 0.0003        |
|    loss                 | 0.0139        |
|    n_updates            | 2340          |
|    policy_gradient_loss | -0.000406     |
|    value_loss           | 0.102         |
-------------------------------------------
-------------------------------------------
| time/                   |               |
|    fps                  | 564           |
|    iterations           | 39            |
|    time_elapsed         | 106           |
|    total_timesteps      | 362496        |
| train/                  |               |
|    approx_kl            | 0.00038244063 |
|    clip_fraction        | 0.00339       |
|    clip_range           | 0.2           |
|    entropy_loss         | -0.0319       |
|    explained_variance   | -0.0861       |
|    learning_rate        | 0.0003        |
|    loss                 | 0.00388       |
|    n_updates            | 2350          |
|    policy_gradient_loss | -0.000716     |
|    value_loss           | 0.00961       |
-------------------------------------------
-------------------------------------------
| time/                   |               |
|    fps                  | 561           |
|    iterations           | 40            |
|    time_elapsed         | 109           |
|    total_timesteps      | 364032        |
| train/                  |               |
|    approx_kl            | 0.00018417144 |
|    clip_fraction        | 0.00273       |
|    clip_range           | 0.2           |
|    entropy_loss         | -0.0288       |
|    explained_variance   | 0.507         |
|    learning_rate        | 0.0003        |
|    loss                 | 0.00743       |
|    n_updates            | 2360          |
|    policy_gradient_loss | -0.000223     |
|    value_loss           | 0.0124        |
-------------------------------------------
  step  365073/500000 ( 73.0%)  mean_rew=-0.032
-------------------------------------------
| time/                   |               |
|    fps                  | 557           |
|    iterations           | 41            |
|    time_elapsed         | 112           |
|    total_timesteps      | 365568        |
| train/                  |               |
|    approx_kl            | 0.00046557412 |
|    clip_fraction        | 0.00365       |
|    clip_range           | 0.2           |
|    entropy_loss         | -0.0522       |
|    explained_variance   | 0.908         |
|    learning_rate        | 0.0003        |
|    loss                 | 0.0193        |
|    n_updates            | 2370          |
|    policy_gradient_loss | -0.000454     |
|    value_loss           | 0.0884        |
-------------------------------------------
------------------------------------------
| time/                   |              |
|    fps                  | 559          |
|    iterations           | 42           |
|    time_elapsed         | 115          |
|    total_timesteps      | 367104       |
| train/                  |              |
|    approx_kl            | 0.0005174404 |
|    clip_fraction        | 0.00326      |
|    clip_range           | 0.2          |
|    entropy_loss         | -0.0834      |
|    explained_variance   | 0.929        |
|    learning_rate        | 0.0003       |
|    loss                 | 0.104        |
|    n_updates            | 2380         |
|    policy_gradient_loss | 0.000575     |
|    value_loss           | 0.124        |
------------------------------------------
-------------------------------------------
| time/                   |               |
|    fps                  | 560           |
|    iterations           | 43            |
|    time_elapsed         | 117           |
|    total_timesteps      | 368640        |
| train/                  |               |
|    approx_kl            | 0.00018271361 |
|    clip_fraction        | 0.00208       |
|    clip_range           | 0.2           |
|    entropy_loss         | -0.029        |
|    explained_variance   | 0.203         |
|    learning_rate        | 0.0003        |
|    loss                 | 0.00481       |
|    n_updates            | 2390          |
|    policy_gradient_loss | -0.000142     |
|    value_loss           | 0.0112        |
-------------------------------------------
  step  370074/500000 ( 74.0%)  mean_rew=-0.001
-------------------------------------------
| time/                   |               |
|    fps                  | 563           |
|    iterations           | 44            |
|    time_elapsed         | 119           |
|    total_timesteps      | 370176        |
| train/                  |               |
|    approx_kl            | 7.4478565e-05 |
|    clip_fraction        | 0.00163       |
|    clip_range           | 0.2           |
|    entropy_loss         | -0.0346       |
|    explained_variance   | 0.0821        |
|    learning_rate        | 0.0003        |
|    loss                 | 0.00564       |
|    n_updates            | 2400          |
|    policy_gradient_loss | -0.000194     |
|    value_loss           | 0.0166        |
-------------------------------------------
-------------------------------------------
| time/                   |               |
|    fps                  | 565           |
|    iterations           | 45            |
|    time_elapsed         | 122           |
|    total_timesteps      | 371712        |
| train/                  |               |
|    approx_kl            | 8.2182465e-05 |
|    clip_fraction        | 0.000521      |
|    clip_range           | 0.2           |
|    entropy_loss         | -0.0332       |
|    explained_variance   | -0.0794       |
|    learning_rate        | 0.0003        |
|    loss                 | 0.00264       |
|    n_updates            | 2410          |
|    policy_gradient_loss | -0.000258     |
|    value_loss           | 0.00563       |
-------------------------------------------
-------------------------------------------
| time/                   |               |
|    fps                  | 566           |
|    iterations           | 46            |
|    time_elapsed         | 124           |
|    total_timesteps      | 373248        |
| train/                  |               |
|    approx_kl            | 4.7804515e-05 |
|    clip_fraction        | 0.00117       |
|    clip_range           | 0.2           |
|    entropy_loss         | -0.0342       |
|    explained_variance   | -0.0631       |
|    learning_rate        | 0.0003        |
|    loss                 | -1.16e-05     |
|    n_updates            | 2420          |
|    policy_gradient_loss | -5.83e-05     |
|    value_loss           | 0.00579       |
-------------------------------------------
-------------------------------------------
| time/                   |               |
|    fps                  | 568           |
|    iterations           | 47            |
|    time_elapsed         | 127           |
|    total_timesteps      | 374784        |
| train/                  |               |
|    approx_kl            | 0.00015619987 |
|    clip_fraction        | 0.00358       |
|    clip_range           | 0.2           |
|    entropy_loss         | -0.0309       |
|    explained_variance   | -0.274        |
|    learning_rate        | 0.0003        |
|    loss                 | 0.000111      |
|    n_updates            | 2430          |
|    policy_gradient_loss | -0.000285     |
|    value_loss           | 0.00952       |
-------------------------------------------
  step  375075/500000 ( 75.0%)  mean_rew=-0.001
------------------------------------------
| time/                   |              |
|    fps                  | 570          |
|    iterations           | 48           |
|    time_elapsed         | 129          |
|    total_timesteps      | 376320       |
| train/                  |              |
|    approx_kl            | 9.065288e-05 |
|    clip_fraction        | 0.00273      |
|    clip_range           | 0.2          |
|    entropy_loss         | -0.0334      |
|    explained_variance   | -0.174       |
|    learning_rate        | 0.0003       |
|    loss                 | 0.00261      |
|    n_updates            | 2440         |
|    policy_gradient_loss | -0.000284    |
|    value_loss           | 0.00598      |
------------------------------------------
-------------------------------------------
| time/                   |               |
|    fps                  | 572           |
|    iterations           | 49            |
|    time_elapsed         | 131           |
|    total_timesteps      | 377856        |
| train/                  |               |
|    approx_kl            | 4.2075175e-05 |
|    clip_fraction        | 0             |
|    clip_range           | 0.2           |
|    entropy_loss         | -0.0313       |
|    explained_variance   | -0.421        |
|    learning_rate        | 0.0003        |
|    loss                 | 0.00625       |
|    n_updates            | 2450          |
|    policy_gradient_loss | 9.63e-05      |
|    value_loss           | 0.00232       |
-------------------------------------------
------------------------------------------
| time/                   |              |
|    fps                  | 573          |
|    iterations           | 50           |
|    time_elapsed         | 133          |
|    total_timesteps      | 379392       |
| train/                  |              |
|    approx_kl            | 6.742962e-05 |
|    clip_fraction        | 0.000586     |
|    clip_range           | 0.2          |
|    entropy_loss         | -0.0308      |
|    explained_variance   | 0.128        |
|    learning_rate        | 0.0003       |
|    loss                 | 0.000302     |
|    n_updates            | 2460         |
|    policy_gradient_loss | -9.8e-05     |
|    value_loss           | 0.00436      |
------------------------------------------
  step  380076/500000 ( 76.0%)  mean_rew=-0.001
-------------------------------------------
| time/                   |               |
|    fps                  | 575           |
|    iterations           | 51            |
|    time_elapsed         | 136           |
|    total_timesteps      | 380928        |
| train/                  |               |
|    approx_kl            | 2.0209662e-05 |
|    clip_fraction        | 0             |
|    clip_range           | 0.2           |
|    entropy_loss         | -0.0315       |
|    explained_variance   | -0.013        |
|    learning_rate        | 0.0003        |
|    loss                 | 0.00163       |
|    n_updates            | 2470          |
|    policy_gradient_loss | 8.01e-06      |
|    value_loss           | 0.00298       |
-------------------------------------------
-------------------------------------------
| time/                   |               |
|    fps                  | 576           |
|    iterations           | 52            |
|    time_elapsed         | 138           |
|    total_timesteps      | 382464        |
| train/                  |               |
|    approx_kl            | 0.00016022525 |
|    clip_fraction        | 0.0028        |
|    clip_range           | 0.2           |
|    entropy_loss         | -0.0269       |
|    explained_variance   | -0.107        |
|    learning_rate        | 0.0003        |
|    loss                 | -0.000703     |
|    n_updates            | 2480          |
|    policy_gradient_loss | -0.000182     |
|    value_loss           | 0.0015        |
-------------------------------------------
-------------------------------------------
| time/                   |               |
|    fps                  | 577           |
|    iterations           | 53            |
|    time_elapsed         | 140           |
|    total_timesteps      | 384000        |
| train/                  |               |
|    approx_kl            | 0.00021379413 |
|    clip_fraction        | 0.00299       |
|    clip_range           | 0.2           |
|    entropy_loss         | -0.0224       |
|    explained_variance   | 0.309         |
|    learning_rate        | 0.0003        |
|    loss                 | -0.00069      |
|    n_updates            | 2490          |
|    policy_gradient_loss | -0.000243     |
|    value_loss           | 0.00159       |
-------------------------------------------
  step  385077/500000 ( 77.0%)  mean_rew=-0.001
-------------------------------------------
| time/                   |               |
|    fps                  | 578           |
|    iterations           | 54            |
|    time_elapsed         | 143           |
|    total_timesteps      | 385536        |
| train/                  |               |
|    approx_kl            | 6.7264926e-05 |
|    clip_fraction        | 0.00163       |
|    clip_range           | 0.2           |
|    entropy_loss         | -0.0252       |
|    explained_variance   | 0.244         |
|    learning_rate        | 0.0003        |
|    loss                 | 0.000962      |
|    n_updates            | 2500          |
|    policy_gradient_loss | -0.000202     |
|    value_loss           | 0.00278       |
-------------------------------------------
------------------------------------------
| time/                   |              |
|    fps                  | 580          |
|    iterations           | 55           |
|    time_elapsed         | 145          |
|    total_timesteps      | 387072       |
| train/                  |              |
|    approx_kl            | 3.770964e-06 |
|    clip_fraction        | 0            |
|    clip_range           | 0.2          |
|    entropy_loss         | -0.0258      |
|    explained_variance   | 0.354        |
|    learning_rate        | 0.0003       |
|    loss                 | 0.000555     |
|    n_updates            | 2510         |
|    policy_gradient_loss | 5.39e-05     |
|    value_loss           | 0.00164      |
------------------------------------------
-------------------------------------------
| time/                   |               |
|    fps                  | 578           |
|    iterations           | 56            |
|    time_elapsed         | 148           |
|    total_timesteps      | 388608        |
| train/                  |               |
|    approx_kl            | 0.00015258828 |
|    clip_fraction        | 0.0028        |
|    clip_range           | 0.2           |
|    entropy_loss         | -0.0203       |
|    explained_variance   | 0.493         |
|    learning_rate        | 0.0003        |
|    loss                 | 0.000566      |
|    n_updates            | 2520          |
|    policy_gradient_loss | -0.000358     |
|    value_loss           | 0.000808      |
-------------------------------------------
  step  390078/500000 ( 78.0%)  mean_rew=-0.001
-------------------------------------------
| time/                   |               |
|    fps                  | 576           |
|    iterations           | 57            |
|    time_elapsed         | 151           |
|    total_timesteps      | 390144        |
| train/                  |               |
|    approx_kl            | 6.3279374e-05 |
|    clip_fraction        | 0.000977      |
|    clip_range           | 0.2           |
|    entropy_loss         | -0.0274       |
|    explained_variance   | 0.77          |
|    learning_rate        | 0.0003        |
|    loss                 | 0.0054        |
|    n_updates            | 2530          |
|    policy_gradient_loss | 0.000119      |
|    value_loss           | 0.0162        |
-------------------------------------------
------------------------------------------
| time/                   |              |
|    fps                  | 578          |
|    iterations           | 58           |
|    time_elapsed         | 154          |
|    total_timesteps      | 391680       |
| train/                  |              |
|    approx_kl            | 0.0005986329 |
|    clip_fraction        | 0.00605      |
|    clip_range           | 0.2          |
|    entropy_loss         | -0.0427      |
|    explained_variance   | 0.866        |
|    learning_rate        | 0.0003       |
|    loss                 | 0.0556       |
|    n_updates            | 2540         |
|    policy_gradient_loss | 0.00114      |
|    value_loss           | 0.0549       |
------------------------------------------
-------------------------------------------
| time/                   |               |
|    fps                  | 575           |
|    iterations           | 59            |
|    time_elapsed         | 157           |
|    total_timesteps      | 393216        |
| train/                  |               |
|    approx_kl            | 1.4397859e-06 |
|    clip_fraction        | 0             |
|    clip_range           | 0.2           |
|    entropy_loss         | -0.0177       |
|    explained_variance   | -0.479        |
|    learning_rate        | 0.0003        |
|    loss                 | 0.00114       |
|    n_updates            | 2550          |
|    policy_gradient_loss | 2.47e-05      |
|    value_loss           | 0.00269       |
-------------------------------------------
-------------------------------------------
| time/                   |               |
|    fps                  | 576           |
|    iterations           | 60            |
|    time_elapsed         | 159           |
|    total_timesteps      | 394752        |
| train/                  |               |
|    approx_kl            | 0.00010722018 |
|    clip_fraction        | 0.00124       |
|    clip_range           | 0.2           |
|    entropy_loss         | -0.0301       |
|    explained_variance   | 0.923         |
|    learning_rate        | 0.0003        |
|    loss                 | 0.00858       |
|    n_updates            | 2560          |
|    policy_gradient_loss | 0.000252      |
|    value_loss           | 0.0196        |
-------------------------------------------
  step  395079/500000 ( 79.0%)  mean_rew=-0.000
------------------------------------------
| time/                   |              |
|    fps                  | 576          |
|    iterations           | 61           |
|    time_elapsed         | 162          |
|    total_timesteps      | 396288       |
| train/                  |              |
|    approx_kl            | 0.0011779884 |
|    clip_fraction        | 0.0041       |
|    clip_range           | 0.2          |
|    entropy_loss         | -0.015       |
|    explained_variance   | 0.549        |
|    learning_rate        | 0.0003       |
|    loss                 | 0.0571       |
|    n_updates            | 2570         |
|    policy_gradient_loss | -0.000549    |
|    value_loss           | 0.0357       |
------------------------------------------
------------------------------------------
| time/                   |              |
|    fps                  | 578          |
|    iterations           | 62           |
|    time_elapsed         | 164          |
|    total_timesteps      | 397824       |
| train/                  |              |
|    approx_kl            | 8.629883e-05 |
|    clip_fraction        | 0.000716     |
|    clip_range           | 0.2          |
|    entropy_loss         | -0.0103      |
|    explained_variance   | -0.0087      |
|    learning_rate        | 0.0003       |
|    loss                 | 0.00222      |
|    n_updates            | 2580         |
|    policy_gradient_loss | -0.000168    |
|    value_loss           | 0.00344      |
------------------------------------------
-------------------------------------------
| time/                   |               |
|    fps                  | 579           |
|    iterations           | 63            |
|    time_elapsed         | 166           |
|    total_timesteps      | 399360        |
| train/                  |               |
|    approx_kl            | 1.5983824e-06 |
|    clip_fraction        | 0             |
|    clip_range           | 0.2           |
|    entropy_loss         | -0.00901      |
|    explained_variance   | 0.00203       |
|    learning_rate        | 0.0003        |
|    loss                 | 0.000682      |
|    n_updates            | 2590          |
|    policy_gradient_loss | -3.17e-06     |
|    value_loss           | 0.00172       |
-------------------------------------------
  step  400080/500000 ( 80.0%)  mean_rew=-0.001
------------------------------------------
| time/                   |              |
|    fps                  | 580          |
|    iterations           | 64           |
|    time_elapsed         | 169          |
|    total_timesteps      | 400896       |
| train/                  |              |
|    approx_kl            | 8.792814e-05 |
|    clip_fraction        | 0.00143      |
|    clip_range           | 0.2          |
|    entropy_loss         | -0.0109      |
|    explained_variance   | 0.323        |
|    learning_rate        | 0.0003       |
|    loss                 | 0.00116      |
|    n_updates            | 2600         |
|    policy_gradient_loss | -0.0005      |
|    value_loss           | 0.00242      |
------------------------------------------
-------------------------------------------
| time/                   |               |
|    fps                  | 582           |
|    iterations           | 65            |
|    time_elapsed         | 171           |
|    total_timesteps      | 402432        |
| train/                  |               |
|    approx_kl            | 2.9245042e-05 |
|    clip_fraction        | 0.000391      |
|    clip_range           | 0.2           |
|    entropy_loss         | -0.0106       |
|    explained_variance   | 0.249         |
|    learning_rate        | 0.0003        |
|    loss                 | 0.00093       |
|    n_updates            | 2610          |
|    policy_gradient_loss | -0.000114     |
|    value_loss           | 0.00233       |
-------------------------------------------
-------------------------------------------
| time/                   |               |
|    fps                  | 583           |
|    iterations           | 66            |
|    time_elapsed         | 173           |
|    total_timesteps      | 403968        |
| train/                  |               |
|    approx_kl            | 0.00013716698 |
|    clip_fraction        | 0.00111       |
|    clip_range           | 0.2           |
|    entropy_loss         | -0.0125       |
|    explained_variance   | 0.197         |
|    learning_rate        | 0.0003        |
|    loss                 | 0.000797      |
|    n_updates            | 2620          |
|    policy_gradient_loss | -0.000408     |
|    value_loss           | 0.00131       |
-------------------------------------------
  step  405081/500000 ( 81.0%)  mean_rew=-0.001
-------------------------------------------
| time/                   |               |
|    fps                  | 583           |
|    iterations           | 67            |
|    time_elapsed         | 176           |
|    total_timesteps      | 405504        |
| train/                  |               |
|    approx_kl            | 0.00030336206 |
|    clip_fraction        | 0.00313       |
|    clip_range           | 0.2           |
|    entropy_loss         | -0.0159       |
|    explained_variance   | 0.555         |
|    learning_rate        | 0.0003        |
|    loss                 | 0.00119       |
|    n_updates            | 2630          |
|    policy_gradient_loss | -0.000916     |
|    value_loss           | 0.00187       |
-------------------------------------------
-------------------------------------------
| time/                   |               |
|    fps                  | 584           |
|    iterations           | 68            |
|    time_elapsed         | 178           |
|    total_timesteps      | 407040        |
| train/                  |               |
|    approx_kl            | 4.5967055e-05 |
|    clip_fraction        | 0.000391      |
|    clip_range           | 0.2           |
|    entropy_loss         | -0.0153       |
|    explained_variance   | 0.471         |
|    learning_rate        | 0.0003        |
|    loss                 | 0.00112       |
|    n_updates            | 2640          |
|    policy_gradient_loss | -8.31e-05     |
|    value_loss           | 0.00182       |
-------------------------------------------
-------------------------------------------
| time/                   |               |
|    fps                  | 585           |
|    iterations           | 69            |
|    time_elapsed         | 180           |
|    total_timesteps      | 408576        |
| train/                  |               |
|    approx_kl            | 1.9557192e-05 |
|    clip_fraction        | 0.000195      |
|    clip_range           | 0.2           |
|    entropy_loss         | -0.0137       |
|    explained_variance   | 0.625         |
|    learning_rate        | 0.0003        |
|    loss                 | 0.000674      |
|    n_updates            | 2650          |
|    policy_gradient_loss | -4.13e-05     |
|    value_loss           | 0.00154       |
-------------------------------------------
  step  410082/500000 ( 82.0%)  mean_rew=-0.001
------------------------------------------
| time/                   |              |
|    fps                  | 586          |
|    iterations           | 70           |
|    time_elapsed         | 183          |
|    total_timesteps      | 410112       |
| train/                  |              |
|    approx_kl            | 7.515393e-05 |
|    clip_fraction        | 0.000911     |
|    clip_range           | 0.2          |
|    entropy_loss         | -0.0134      |
|    explained_variance   | 0.678        |
|    learning_rate        | 0.0003       |
|    loss                 | 0.000383     |
|    n_updates            | 2660         |
|    policy_gradient_loss | -4.62e-05    |
|    value_loss           | 0.00074      |
------------------------------------------
------------------------------------------
| time/                   |              |
|    fps                  | 587          |
|    iterations           | 71           |
|    time_elapsed         | 185          |
|    total_timesteps      | 411648       |
| train/                  |              |
|    approx_kl            | 9.463906e-06 |
|    clip_fraction        | 0            |
|    clip_range           | 0.2          |
|    entropy_loss         | -0.0139      |
|    explained_variance   | 0.636        |
|    learning_rate        | 0.0003       |
|    loss                 | 0.000662     |
|    n_updates            | 2670         |
|    policy_gradient_loss | -4.52e-06    |
|    value_loss           | 0.00131      |
------------------------------------------
-------------------------------------------
| time/                   |               |
|    fps                  | 588           |
|    iterations           | 72            |
|    time_elapsed         | 187           |
|    total_timesteps      | 413184        |
| train/                  |               |
|    approx_kl            | 9.6764146e-05 |
|    clip_fraction        | 0.00208       |
|    clip_range           | 0.2           |
|    entropy_loss         | -0.0131       |
|    explained_variance   | 0.665         |
|    learning_rate        | 0.0003        |
|    loss                 | 0.00174       |
|    n_updates            | 2680          |
|    policy_gradient_loss | -0.000146     |
|    value_loss           | 0.00129       |
-------------------------------------------
-------------------------------------------
| time/                   |               |
|    fps                  | 589           |
|    iterations           | 73            |
|    time_elapsed         | 190           |
|    total_timesteps      | 414720        |
| train/                  |               |
|    approx_kl            | 0.00017426773 |
|    clip_fraction        | 0.00143       |
|    clip_range           | 0.2           |
|    entropy_loss         | -0.0109       |
|    explained_variance   | 0.758         |
|    learning_rate        | 0.0003        |
|    loss                 | 0.000247      |
|    n_updates            | 2690          |
|    policy_gradient_loss | -0.000191     |
|    value_loss           | 0.00057       |
-------------------------------------------
  step  415083/500000 ( 83.0%)  mean_rew=-0.001
-------------------------------------------
| time/                   |               |
|    fps                  | 590           |
|    iterations           | 74            |
|    time_elapsed         | 192           |
|    total_timesteps      | 416256        |
| train/                  |               |
|    approx_kl            | 6.4416477e-09 |
|    clip_fraction        | 0             |
|    clip_range           | 0.2           |
|    entropy_loss         | -0.0102       |
|    explained_variance   | 0.802         |
|    learning_rate        | 0.0003        |
|    loss                 | 0.00027       |
|    n_updates            | 2700          |
|    policy_gradient_loss | -3.83e-09     |
|    value_loss           | 0.000581      |
-------------------------------------------
------------------------------------------
| time/                   |              |
|    fps                  | 587          |
|    iterations           | 75           |
|    time_elapsed         | 195          |
|    total_timesteps      | 417792       |
| train/                  |              |
|    approx_kl            | 3.880511e-11 |
|    clip_fraction        | 0            |
|    clip_range           | 0.2          |
|    entropy_loss         | -0.0102      |
|    explained_variance   | 0.724        |
|    learning_rate        | 0.0003       |
|    loss                 | 0.000543     |
|    n_updates            | 2710         |
|    policy_gradient_loss | -1.43e-06    |
|    value_loss           | 0.00111      |
------------------------------------------
-------------------------------------------
| time/                   |               |
|    fps                  | 585           |
|    iterations           | 76            |
|    time_elapsed         | 199           |
|    total_timesteps      | 419328        |
| train/                  |               |
|    approx_kl            | 2.9984862e-05 |
|    clip_fraction        | 0.000326      |
|    clip_range           | 0.2           |
|    entropy_loss         | -0.0139       |
|    explained_variance   | 0.672         |
|    learning_rate        | 0.0003        |
|    loss                 | 0.00483       |
|    n_updates            | 2720          |
|    policy_gradient_loss | 4.8e-05       |
|    value_loss           | 0.029         |
-------------------------------------------
  step  420084/500000 ( 84.0%)  mean_rew=-0.003
------------------------------------------
| time/                   |              |
|    fps                  | 585          |
|    iterations           | 77           |
|    time_elapsed         | 201          |
|    total_timesteps      | 420864       |
| train/                  |              |
|    approx_kl            | 9.780012e-06 |
|    clip_fraction        | 0.000195     |
|    clip_range           | 0.2          |
|    entropy_loss         | -0.0115      |
|    explained_variance   | 0.849        |
|    learning_rate        | 0.0003       |
|    loss                 | 0.0208       |
|    n_updates            | 2730         |
|    policy_gradient_loss | -8.2e-06     |
|    value_loss           | 0.0453       |
------------------------------------------
------------------------------------------
| time/                   |              |
|    fps                  | 583          |
|    iterations           | 78           |
|    time_elapsed         | 205          |
|    total_timesteps      | 422400       |
| train/                  |              |
|    approx_kl            | 6.146034e-05 |
|    clip_fraction        | 0.000456     |
|    clip_range           | 0.2          |
|    entropy_loss         | -0.00877     |
|    explained_variance   | 0.833        |
|    learning_rate        | 0.0003       |
|    loss                 | 0.00719      |
|    n_updates            | 2740         |
|    policy_gradient_loss | -0.000111    |
|    value_loss           | 0.0158       |
------------------------------------------
------------------------------------------
| time/                   |              |
|    fps                  | 585          |
|    iterations           | 79           |
|    time_elapsed         | 207          |
|    total_timesteps      | 423936       |
| train/                  |              |
|    approx_kl            | 7.522498e-05 |
|    clip_fraction        | 0.00156      |
|    clip_range           | 0.2          |
|    entropy_loss         | -0.0114      |
|    explained_variance   | 0.913        |
|    learning_rate        | 0.0003       |
|    loss                 | 0.0708       |
|    n_updates            | 2750         |
|    policy_gradient_loss | -0.000267    |
|    value_loss           | 0.0707       |
------------------------------------------
  step  425085/500000 ( 85.0%)  mean_rew=-0.002
--------------------------------------
| time/                   |          |
|    fps                  | 584      |
|    iterations           | 80       |
|    time_elapsed         | 210      |
|    total_timesteps      | 425472   |
| train/                  |          |
|    approx_kl            | 0.0      |
|    clip_fraction        | 0        |
|    clip_range           | 0.2      |
|    entropy_loss         | -0.00828 |
|    explained_variance   | -0.244   |
|    learning_rate        | 0.0003   |
|    loss                 | 0.0021   |
|    n_updates            | 2760     |
|    policy_gradient_loss | 6.03e-07 |
|    value_loss           | 0.00432  |
--------------------------------------
-------------------------------------------
| time/                   |               |
|    fps                  | 583           |
|    iterations           | 81            |
|    time_elapsed         | 213           |
|    total_timesteps      | 427008        |
| train/                  |               |
|    approx_kl            | 2.1724185e-05 |
|    clip_fraction        | 0.000326      |
|    clip_range           | 0.2           |
|    entropy_loss         | -0.00848      |
|    explained_variance   | 0.938         |
|    learning_rate        | 0.0003        |
|    loss                 | 0.0101        |
|    n_updates            | 2770          |
|    policy_gradient_loss | -8.29e-05     |
|    value_loss           | 0.0263        |
-------------------------------------------
-----------------------------------------
| time/                   |             |
|    fps                  | 584         |
|    iterations           | 82          |
|    time_elapsed         | 215         |
|    total_timesteps      | 428544      |
| train/                  |             |
|    approx_kl            | 8.68598e-06 |
|    clip_fraction        | 0.000195    |
|    clip_range           | 0.2         |
|    entropy_loss         | -0.0102     |
|    explained_variance   | 0.874       |
|    learning_rate        | 0.0003      |
|    loss                 | 0.0551      |
|    n_updates            | 2780        |
|    policy_gradient_loss | -2.58e-05   |
|    value_loss           | 0.0728      |
-----------------------------------------
---------------------------------------
| time/                   |           |
|    fps                  | 583       |
|    iterations           | 83        |
|    time_elapsed         | 218       |
|    total_timesteps      | 430080    |
| train/                  |           |
|    approx_kl            | 0.0       |
|    clip_fraction        | 0         |
|    clip_range           | 0.2       |
|    entropy_loss         | -0.00822  |
|    explained_variance   | -0.2      |
|    learning_rate        | 0.0003    |
|    loss                 | 0.00179   |
|    n_updates            | 2790      |
|    policy_gradient_loss | -6.94e-08 |
|    value_loss           | 0.00366   |
---------------------------------------
  step  430086/500000 ( 86.0%)  mean_rew=-0.021
------------------------------------------
| time/                   |              |
|    fps                  | 582          |
|    iterations           | 84           |
|    time_elapsed         | 221          |
|    total_timesteps      | 431616       |
| train/                  |              |
|    approx_kl            | 0.0001664731 |
|    clip_fraction        | 0.00169      |
|    clip_range           | 0.2          |
|    entropy_loss         | -0.0102      |
|    explained_variance   | 0.915        |
|    learning_rate        | 0.0003       |
|    loss                 | 0.0094       |
|    n_updates            | 2800         |
|    policy_gradient_loss | -0.000267    |
|    value_loss           | 0.0855       |
------------------------------------------
-------------------------------------------
| time/                   |               |
|    fps                  | 580           |
|    iterations           | 85            |
|    time_elapsed         | 224           |
|    total_timesteps      | 433152        |
| train/                  |               |
|    approx_kl            | 4.5053737e-05 |
|    clip_fraction        | 0.000586      |
|    clip_range           | 0.2           |
|    entropy_loss         | -0.00758      |
|    explained_variance   | 0.919         |
|    learning_rate        | 0.0003        |
|    loss                 | 0.00981       |
|    n_updates            | 2810          |
|    policy_gradient_loss | -6.78e-05     |
|    value_loss           | 0.0361        |
-------------------------------------------
-----------------------------------------
| time/                   |             |
|    fps                  | 579         |
|    iterations           | 86          |
|    time_elapsed         | 228         |
|    total_timesteps      | 434688      |
| train/                  |             |
|    approx_kl            | 0.004485447 |
|    clip_fraction        | 0.024       |
|    clip_range           | 0.2         |
|    entropy_loss         | -0.0406     |
|    explained_variance   | 0.933       |
|    learning_rate        | 0.0003      |
|    loss                 | 0.0694      |
|    n_updates            | 2820        |
|    policy_gradient_loss | -0.00695    |
|    value_loss           | 0.111       |
-----------------------------------------
  step  435087/500000 ( 87.0%)  mean_rew=-0.002
-------------------------------------------
| time/                   |               |
|    fps                  | 580           |
|    iterations           | 87            |
|    time_elapsed         | 230           |
|    total_timesteps      | 436224        |
| train/                  |               |
|    approx_kl            | 0.00063968217 |
|    clip_fraction        | 0.00853       |
|    clip_range           | 0.2           |
|    entropy_loss         | -0.0326       |
|    explained_variance   | 0.921         |
|    learning_rate        | 0.0003        |
|    loss                 | 0.0594        |
|    n_updates            | 2830          |
|    policy_gradient_loss | -6.61e-05     |
|    value_loss           | 0.104         |
-------------------------------------------
-------------------------------------------
| time/                   |               |
|    fps                  | 580           |
|    iterations           | 88            |
|    time_elapsed         | 232           |
|    total_timesteps      | 437760        |
| train/                  |               |
|    approx_kl            | 2.8524857e-06 |
|    clip_fraction        | 0.000586      |
|    clip_range           | 0.2           |
|    entropy_loss         | -0.0241       |
|    explained_variance   | 0.0385        |
|    learning_rate        | 0.0003        |
|    loss                 | 0.00279       |
|    n_updates            | 2840          |
|    policy_gradient_loss | 4.73e-05      |
|    value_loss           | 0.00817       |
-------------------------------------------
------------------------------------------
| time/                   |              |
|    fps                  | 579          |
|    iterations           | 89           |
|    time_elapsed         | 235          |
|    total_timesteps      | 439296       |
| train/                  |              |
|    approx_kl            | 8.399346e-05 |
|    clip_fraction        | 0.000781     |
|    clip_range           | 0.2          |
|    entropy_loss         | -0.019       |
|    explained_variance   | -0.267       |
|    learning_rate        | 0.0003       |
|    loss                 | 0.00265      |
|    n_updates            | 2850         |
|    policy_gradient_loss | -4.47e-05    |
|    value_loss           | 0.00688      |
------------------------------------------
  step  440088/500000 ( 88.0%)  mean_rew=-0.001
------------------------------------------
| time/                   |              |
|    fps                  | 580          |
|    iterations           | 90           |
|    time_elapsed         | 238          |
|    total_timesteps      | 440832       |
| train/                  |              |
|    approx_kl            | 0.0018231906 |
|    clip_fraction        | 0.00391      |
|    clip_range           | 0.2          |
|    entropy_loss         | -0.0171      |
|    explained_variance   | 0.924        |
|    learning_rate        | 0.0003       |
|    loss                 | 0.0552       |
|    n_updates            | 2860         |
|    policy_gradient_loss | -0.00127     |
|    value_loss           | 0.0826       |
------------------------------------------
------------------------------------------
| time/                   |              |
|    fps                  | 580          |
|    iterations           | 91           |
|    time_elapsed         | 240          |
|    total_timesteps      | 442368       |
| train/                  |              |
|    approx_kl            | 2.195496e-05 |
|    clip_fraction        | 0.000391     |
|    clip_range           | 0.2          |
|    entropy_loss         | -0.00927     |
|    explained_variance   | -0.0385      |
|    learning_rate        | 0.0003       |
|    loss                 | 0.00251      |
|    n_updates            | 2870         |
|    policy_gradient_loss | -5.01e-05    |
|    value_loss           | 0.00686      |
------------------------------------------
-------------------------------------------
| time/                   |               |
|    fps                  | 578           |
|    iterations           | 92            |
|    time_elapsed         | 244           |
|    total_timesteps      | 443904        |
| train/                  |               |
|    approx_kl            | 0.00010742344 |
|    clip_fraction        | 0.000977      |
|    clip_range           | 0.2           |
|    entropy_loss         | -0.0108       |
|    explained_variance   | 0.902         |
|    learning_rate        | 0.0003        |
|    loss                 | 0.0101        |
|    n_updates            | 2880          |
|    policy_gradient_loss | -7.75e-05     |
|    value_loss           | 0.0342        |
-------------------------------------------
  step  445089/500000 ( 89.0%)  mean_rew=-0.001
-----------------------------------------
| time/                   |             |
|    fps                  | 579         |
|    iterations           | 93          |
|    time_elapsed         | 246         |
|    total_timesteps      | 445440      |
| train/                  |             |
|    approx_kl            | 0.007982339 |
|    clip_fraction        | 0.0192      |
|    clip_range           | 0.2         |
|    entropy_loss         | -0.0464     |
|    explained_variance   | 0.932       |
|    learning_rate        | 0.0003      |
|    loss                 | 0.00707     |
|    n_updates            | 2890        |
|    policy_gradient_loss | -0.0039     |
|    value_loss           | 0.0947      |
-----------------------------------------
------------------------------------------
| time/                   |              |
|    fps                  | 580          |
|    iterations           | 94           |
|    time_elapsed         | 248          |
|    total_timesteps      | 446976       |
| train/                  |              |
|    approx_kl            | 0.0002599122 |
|    clip_fraction        | 0.00273      |
|    clip_range           | 0.2          |
|    entropy_loss         | -0.0198      |
|    explained_variance   | 0.0233       |
|    learning_rate        | 0.0003       |
|    loss                 | 0.00135      |
|    n_updates            | 2900         |
|    policy_gradient_loss | -0.000213    |
|    value_loss           | 0.0029       |
------------------------------------------
------------------------------------------
| time/                   |              |
|    fps                  | 581          |
|    iterations           | 95           |
|    time_elapsed         | 250          |
|    total_timesteps      | 448512       |
| train/                  |              |
|    approx_kl            | 0.0002020774 |
|    clip_fraction        | 0.00547      |
|    clip_range           | 0.2          |
|    entropy_loss         | -0.0256      |
|    explained_variance   | 0.0145       |
|    learning_rate        | 0.0003       |
|    loss                 | 0.00138      |
|    n_updates            | 2910         |
|    policy_gradient_loss | -0.00106     |
|    value_loss           | 0.00379      |
------------------------------------------
-------------------------------------------
| time/                   |               |
|    fps                  | 582           |
|    iterations           | 96            |
|    time_elapsed         | 253           |
|    total_timesteps      | 450048        |
| train/                  |               |
|    approx_kl            | 0.00010360839 |
|    clip_fraction        | 0.00169       |
|    clip_range           | 0.2           |
|    entropy_loss         | -0.0205       |
|    explained_variance   | 0.0933        |
|    learning_rate        | 0.0003        |
|    loss                 | 0.00152       |
|    n_updates            | 2920          |
|    policy_gradient_loss | -0.000128     |
|    value_loss           | 0.00403       |
-------------------------------------------
  step  450090/500000 ( 90.0%)  mean_rew=-0.001
------------------------------------------
| time/                   |              |
|    fps                  | 583          |
|    iterations           | 97           |
|    time_elapsed         | 255          |
|    total_timesteps      | 451584       |
| train/                  |              |
|    approx_kl            | 6.856044e-05 |
|    clip_fraction        | 0.000846     |
|    clip_range           | 0.2          |
|    entropy_loss         | -0.0214      |
|    explained_variance   | 0.217        |
|    learning_rate        | 0.0003       |
|    loss                 | 6.42e-05     |
|    n_updates            | 2930         |
|    policy_gradient_loss | -2.1e-05     |
|    value_loss           | 0.00148      |
------------------------------------------
-------------------------------------------
| time/                   |               |
|    fps                  | 583           |
|    iterations           | 98            |
|    time_elapsed         | 258           |
|    total_timesteps      | 453120        |
| train/                  |               |
|    approx_kl            | 0.00014555435 |
|    clip_fraction        | 0.00176       |
|    clip_range           | 0.2           |
|    entropy_loss         | -0.0189       |
|    explained_variance   | 0.457         |
|    learning_rate        | 0.0003        |
|    loss                 | 0.00051       |
|    n_updates            | 2940          |
|    policy_gradient_loss | -8.14e-05     |
|    value_loss           | 0.00225       |
-------------------------------------------
---------------------------------------
| time/                   |           |
|    fps                  | 581       |
|    iterations           | 99        |
|    time_elapsed         | 261       |
|    total_timesteps      | 454656    |
| train/                  |           |
|    approx_kl            | 0.0048482 |
|    clip_fraction        | 0.00163   |
|    clip_range           | 0.2       |
|    entropy_loss         | -0.0328   |
|    explained_variance   | 0.814     |
|    learning_rate        | 0.0003    |
|    loss                 | 0.00134   |
|    n_updates            | 2950      |
|    policy_gradient_loss | -0.000691 |
|    value_loss           | 0.0216    |
---------------------------------------
  step  455091/500000 ( 91.0%)  mean_rew=-0.001
-------------------------------------------
| time/                   |               |
|    fps                  | 580           |
|    iterations           | 100           |
|    time_elapsed         | 264           |
|    total_timesteps      | 456192        |
| train/                  |               |
|    approx_kl            | 0.00033373688 |
|    clip_fraction        | 0.0122        |
|    clip_range           | 0.2           |
|    entropy_loss         | -0.129        |
|    explained_variance   | 0.937         |
|    learning_rate        | 0.0003        |
|    loss                 | 0.0282        |
|    n_updates            | 2960          |
|    policy_gradient_loss | 0.00155       |
|    value_loss           | 0.084         |
-------------------------------------------
-------------------------------------------
| time/                   |               |
|    fps                  | 581           |
|    iterations           | 101           |
|    time_elapsed         | 266           |
|    total_timesteps      | 457728        |
| train/                  |               |
|    approx_kl            | 0.00039574286 |
|    clip_fraction        | 0.0135        |
|    clip_range           | 0.2           |
|    entropy_loss         | -0.125        |
|    explained_variance   | 0.936         |
|    learning_rate        | 0.0003        |
|    loss                 | 0.0952        |
|    n_updates            | 2970          |
|    policy_gradient_loss | 0.000561      |
|    value_loss           | 0.115         |
-------------------------------------------
------------------------------------------
| time/                   |              |
|    fps                  | 581          |
|    iterations           | 102          |
|    time_elapsed         | 269          |
|    total_timesteps      | 459264       |
| train/                  |              |
|    approx_kl            | 0.0003193865 |
|    clip_fraction        | 0.00866      |
|    clip_range           | 0.2          |
|    entropy_loss         | -0.0513      |
|    explained_variance   | 0.0857       |
|    learning_rate        | 0.0003       |
|    loss                 | 0.00208      |
|    n_updates            | 2980         |
|    policy_gradient_loss | -0.000902    |
|    value_loss           | 0.00514      |
------------------------------------------
  step  460092/500000 ( 92.0%)  mean_rew=-0.025
-------------------------------------------
| time/                   |               |
|    fps                  | 580           |
|    iterations           | 103           |
|    time_elapsed         | 272           |
|    total_timesteps      | 460800        |
| train/                  |               |
|    approx_kl            | 0.00016838829 |
|    clip_fraction        | 0.00169       |
|    clip_range           | 0.2           |
|    entropy_loss         | -0.0578       |
|    explained_variance   | -0.134        |
|    learning_rate        | 0.0003        |
|    loss                 | 0.00107       |
|    n_updates            | 2990          |
|    policy_gradient_loss | -0.000247     |
|    value_loss           | 0.00432       |
-------------------------------------------
-----------------------------------------
| time/                   |             |
|    fps                  | 579         |
|    iterations           | 104         |
|    time_elapsed         | 275         |
|    total_timesteps      | 462336      |
| train/                  |             |
|    approx_kl            | 0.001816033 |
|    clip_fraction        | 0.0406      |
|    clip_range           | 0.2         |
|    entropy_loss         | -0.11       |
|    explained_variance   | 0.932       |
|    learning_rate        | 0.0003      |
|    loss                 | 0.072       |
|    n_updates            | 3000        |
|    policy_gradient_loss | -0.00666    |
|    value_loss           | 0.102       |
-----------------------------------------
------------------------------------------
| time/                   |              |
|    fps                  | 579          |
|    iterations           | 105          |
|    time_elapsed         | 278          |
|    total_timesteps      | 463872       |
| train/                  |              |
|    approx_kl            | 0.0041351956 |
|    clip_fraction        | 0.0415       |
|    clip_range           | 0.2          |
|    entropy_loss         | -0.123       |
|    explained_variance   | 0.957        |
|    learning_rate        | 0.0003       |
|    loss                 | 0.0284       |
|    n_updates            | 3010         |
|    policy_gradient_loss | -0.00411     |
|    value_loss           | 0.0577       |
------------------------------------------
  step  465093/500000 ( 93.0%)  mean_rew=-0.001
------------------------------------------
| time/                   |              |
|    fps                  | 578          |
|    iterations           | 106          |
|    time_elapsed         | 281          |
|    total_timesteps      | 465408       |
| train/                  |              |
|    approx_kl            | 0.0008394162 |
|    clip_fraction        | 0.0215       |
|    clip_range           | 0.2          |
|    entropy_loss         | -0.109       |
|    explained_variance   | 0.537        |
|    learning_rate        | 0.0003       |
|    loss                 | -0.00142     |
|    n_updates            | 3020         |
|    policy_gradient_loss | -0.0045      |
|    value_loss           | 0.0521       |
------------------------------------------
------------------------------------------
| time/                   |              |
|    fps                  | 577          |
|    iterations           | 107          |
|    time_elapsed         | 284          |
|    total_timesteps      | 466944       |
| train/                  |              |
|    approx_kl            | 7.066026e-05 |
|    clip_fraction        | 0.00208      |
|    clip_range           | 0.2          |
|    entropy_loss         | -0.126       |
|    explained_variance   | 0.937        |
|    learning_rate        | 0.0003       |
|    loss                 | 0.0215       |
|    n_updates            | 3030         |
|    policy_gradient_loss | 0.000301     |
|    value_loss           | 0.071        |
------------------------------------------
------------------------------------------
| time/                   |              |
|    fps                  | 577          |
|    iterations           | 108          |
|    time_elapsed         | 287          |
|    total_timesteps      | 468480       |
| train/                  |              |
|    approx_kl            | 0.0012189145 |
|    clip_fraction        | 0.0109       |
|    clip_range           | 0.2          |
|    entropy_loss         | -0.145       |
|    explained_variance   | 0.943        |
|    learning_rate        | 0.0003       |
|    loss                 | 0.0153       |
|    n_updates            | 3040         |
|    policy_gradient_loss | 6.75e-05     |
|    value_loss           | 0.0835       |
------------------------------------------
-------------------------------------------
| time/                   |               |
|    fps                  | 577           |
|    iterations           | 109           |
|    time_elapsed         | 290           |
|    total_timesteps      | 470016        |
| train/                  |               |
|    approx_kl            | 0.00074307545 |
|    clip_fraction        | 0.00827       |
|    clip_range           | 0.2           |
|    entropy_loss         | -0.129        |
|    explained_variance   | 0.937         |
|    learning_rate        | 0.0003        |
|    loss                 | 0.0203        |
|    n_updates            | 3050          |
|    policy_gradient_loss | -0.000137     |
|    value_loss           | 0.0457        |
-------------------------------------------
  step  470094/500000 ( 94.0%)  mean_rew=-0.001
------------------------------------------
| time/                   |              |
|    fps                  | 578          |
|    iterations           | 110          |
|    time_elapsed         | 292          |
|    total_timesteps      | 471552       |
| train/                  |              |
|    approx_kl            | 0.0006425333 |
|    clip_fraction        | 0.0259       |
|    clip_range           | 0.2          |
|    entropy_loss         | -0.134       |
|    explained_variance   | 0.917        |
|    learning_rate        | 0.0003       |
|    loss                 | 0.0246       |
|    n_updates            | 3060         |
|    policy_gradient_loss | -0.00239     |
|    value_loss           | 0.0838       |
------------------------------------------
-------------------------------------------
| time/                   |               |
|    fps                  | 578           |
|    iterations           | 111           |
|    time_elapsed         | 294           |
|    total_timesteps      | 473088        |
| train/                  |               |
|    approx_kl            | 0.00053211895 |
|    clip_fraction        | 0.0112        |
|    clip_range           | 0.2           |
|    entropy_loss         | -0.0835       |
|    explained_variance   | 0.507         |
|    learning_rate        | 0.0003        |
|    loss                 | 0.00321       |
|    n_updates            | 3070          |
|    policy_gradient_loss | -0.000839     |
|    value_loss           | 0.00302       |
-------------------------------------------
-------------------------------------------
| time/                   |               |
|    fps                  | 578           |
|    iterations           | 112           |
|    time_elapsed         | 297           |
|    total_timesteps      | 474624        |
| train/                  |               |
|    approx_kl            | 0.00092385476 |
|    clip_fraction        | 0.0257        |
|    clip_range           | 0.2           |
|    entropy_loss         | -0.121        |
|    explained_variance   | 0.972         |
|    learning_rate        | 0.0003        |
|    loss                 | 0.00588       |
|    n_updates            | 3080          |
|    policy_gradient_loss | -0.00156      |
|    value_loss           | 0.0186        |
-------------------------------------------
  step  475095/500000 ( 95.0%)  mean_rew=-0.019
-------------------------------------------
| time/                   |               |
|    fps                  | 577           |
|    iterations           | 113           |
|    time_elapsed         | 300           |
|    total_timesteps      | 476160        |
| train/                  |               |
|    approx_kl            | 0.00073944294 |
|    clip_fraction        | 0.0167        |
|    clip_range           | 0.2           |
|    entropy_loss         | -0.114        |
|    explained_variance   | 0.783         |
|    learning_rate        | 0.0003        |
|    loss                 | 0.000867      |
|    n_updates            | 3090          |
|    policy_gradient_loss | -0.000248     |
|    value_loss           | 0.0477        |
-------------------------------------------
------------------------------------------
| time/                   |              |
|    fps                  | 579          |
|    iterations           | 114          |
|    time_elapsed         | 302          |
|    total_timesteps      | 477696       |
| train/                  |              |
|    approx_kl            | 0.0017914871 |
|    clip_fraction        | 0.0125       |
|    clip_range           | 0.2          |
|    entropy_loss         | -0.117       |
|    explained_variance   | 0.942        |
|    learning_rate        | 0.0003       |
|    loss                 | 0.0377       |
|    n_updates            | 3100         |
|    policy_gradient_loss | -0.00171     |
|    value_loss           | 0.0729       |
------------------------------------------
-------------------------------------------
| time/                   |               |
|    fps                  | 579           |
|    iterations           | 115           |
|    time_elapsed         | 304           |
|    total_timesteps      | 479232        |
| train/                  |               |
|    approx_kl            | 0.00010996518 |
|    clip_fraction        | 0.00527       |
|    clip_range           | 0.2           |
|    entropy_loss         | -0.0651       |
|    explained_variance   | 0.564         |
|    learning_rate        | 0.0003        |
|    loss                 | 0.00181       |
|    n_updates            | 3110          |
|    policy_gradient_loss | -0.000757     |
|    value_loss           | 0.00347       |
-------------------------------------------
  step  480096/500000 ( 96.0%)  mean_rew=-0.001
------------------------------------------
| time/                   |              |
|    fps                  | 578          |
|    iterations           | 116          |
|    time_elapsed         | 307          |
|    total_timesteps      | 480768       |
| train/                  |              |
|    approx_kl            | 0.0012022746 |
|    clip_fraction        | 0.0177       |
|    clip_range           | 0.2          |
|    entropy_loss         | -0.103       |
|    explained_variance   | 0.951        |
|    learning_rate        | 0.0003       |
|    loss                 | 0.0114       |
|    n_updates            | 3120         |
|    policy_gradient_loss | -0.00116     |
|    value_loss           | 0.0369       |
------------------------------------------
------------------------------------------
| time/                   |              |
|    fps                  | 579          |
|    iterations           | 117          |
|    time_elapsed         | 309          |
|    total_timesteps      | 482304       |
| train/                  |              |
|    approx_kl            | 6.667955e-05 |
|    clip_fraction        | 0.00319      |
|    clip_range           | 0.2          |
|    entropy_loss         | -0.103       |
|    explained_variance   | 0.911        |
|    learning_rate        | 0.0003       |
|    loss                 | 0.0339       |
|    n_updates            | 3130         |
|    policy_gradient_loss | -0.000298    |
|    value_loss           | 0.0609       |
------------------------------------------
------------------------------------------
| time/                   |              |
|    fps                  | 579          |
|    iterations           | 118          |
|    time_elapsed         | 312          |
|    total_timesteps      | 483840       |
| train/                  |              |
|    approx_kl            | 0.0004214648 |
|    clip_fraction        | 0.00241      |
|    clip_range           | 0.2          |
|    entropy_loss         | -0.087       |
|    explained_variance   | 0.438        |
|    learning_rate        | 0.0003       |
|    loss                 | 0.00367      |
|    n_updates            | 3140         |
|    policy_gradient_loss | 8.71e-05     |
|    value_loss           | 0.00282      |
------------------------------------------
  step  485097/500000 ( 97.0%)  mean_rew=-0.001
-------------------------------------------
| time/                   |               |
|    fps                  | 579           |
|    iterations           | 119           |
|    time_elapsed         | 315           |
|    total_timesteps      | 485376        |
| train/                  |               |
|    approx_kl            | 0.00087497476 |
|    clip_fraction        | 0.0128        |
|    clip_range           | 0.2           |
|    entropy_loss         | -0.0868       |
|    explained_variance   | 0.973         |
|    learning_rate        | 0.0003        |
|    loss                 | 0.0142        |
|    n_updates            | 3150          |
|    policy_gradient_loss | -0.00211      |
|    value_loss           | 0.0206        |
-------------------------------------------
-------------------------------------------
| time/                   |               |
|    fps                  | 578           |
|    iterations           | 120           |
|    time_elapsed         | 318           |
|    total_timesteps      | 486912        |
| train/                  |               |
|    approx_kl            | 0.00029753553 |
|    clip_fraction        | 0.00697       |
|    clip_range           | 0.2           |
|    entropy_loss         | -0.0768       |
|    explained_variance   | 0.824         |
|    learning_rate        | 0.0003        |
|    loss                 | 0.0227        |
|    n_updates            | 3160          |
|    policy_gradient_loss | -0.000246     |
|    value_loss           | 0.0804        |
-------------------------------------------
------------------------------------------
| time/                   |              |
|    fps                  | 578          |
|    iterations           | 121          |
|    time_elapsed         | 321          |
|    total_timesteps      | 488448       |
| train/                  |              |
|    approx_kl            | 0.0016069645 |
|    clip_fraction        | 0.00423      |
|    clip_range           | 0.2          |
|    entropy_loss         | -0.0991      |
|    explained_variance   | 0.94         |
|    learning_rate        | 0.0003       |
|    loss                 | 0.0377       |
|    n_updates            | 3170         |
|    policy_gradient_loss | -0.000204    |
|    value_loss           | 0.0902       |
------------------------------------------
-----------------------------------------
| time/                   |             |
|    fps                  | 579         |
|    iterations           | 122         |
|    time_elapsed         | 323         |
|    total_timesteps      | 489984      |
| train/                  |             |
|    approx_kl            | 2.00298e-05 |
|    clip_fraction        | 0.00111     |
|    clip_range           | 0.2         |
|    entropy_loss         | -0.0878     |
|    explained_variance   | 0.939       |
|    learning_rate        | 0.0003      |
|    loss                 | 0.0304      |
|    n_updates            | 3180        |
|    policy_gradient_loss | 0.000108    |
|    value_loss           | 0.102       |
-----------------------------------------
  step  490098/500000 ( 98.0%)  mean_rew=-0.000
-----------------------------------------
| time/                   |             |
|    fps                  | 580         |
|    iterations           | 123         |
|    time_elapsed         | 325         |
|    total_timesteps      | 491520      |
| train/                  |             |
|    approx_kl            | 0.005428216 |
|    clip_fraction        | 0.0102      |
|    clip_range           | 0.2         |
|    entropy_loss         | -0.0316     |
|    explained_variance   | -0.243      |
|    learning_rate        | 0.0003      |
|    loss                 | 0.0129      |
|    n_updates            | 3190        |
|    policy_gradient_loss | -0.00203    |
|    value_loss           | 0.033       |
-----------------------------------------
-------------------------------------------
| time/                   |               |
|    fps                  | 581           |
|    iterations           | 124           |
|    time_elapsed         | 327           |
|    total_timesteps      | 493056        |
| train/                  |               |
|    approx_kl            | 0.00020178389 |
|    clip_fraction        | 0.00495       |
|    clip_range           | 0.2           |
|    entropy_loss         | -0.018        |
|    explained_variance   | 0.497         |
|    learning_rate        | 0.0003        |
|    loss                 | 0.000687      |
|    n_updates            | 3200          |
|    policy_gradient_loss | -0.000704     |
|    value_loss           | 0.002         |
-------------------------------------------
------------------------------------------
| time/                   |              |
|    fps                  | 582          |
|    iterations           | 125          |
|    time_elapsed         | 329          |
|    total_timesteps      | 494592       |
| train/                  |              |
|    approx_kl            | 8.159123e-06 |
|    clip_fraction        | 0            |
|    clip_range           | 0.2          |
|    entropy_loss         | -0.0183      |
|    explained_variance   | 0.6          |
|    learning_rate        | 0.0003       |
|    loss                 | 0.000493     |
|    n_updates            | 3210         |
|    policy_gradient_loss | 2.96e-06     |
|    value_loss           | 0.00117      |
------------------------------------------
  step  495099/500000 ( 99.0%)  mean_rew=-0.001
------------------------------------------
| time/                   |              |
|    fps                  | 584          |
|    iterations           | 126          |
|    time_elapsed         | 331          |
|    total_timesteps      | 496128       |
| train/                  |              |
|    approx_kl            | 8.428752e-05 |
|    clip_fraction        | 0.000977     |
|    clip_range           | 0.2          |
|    entropy_loss         | -0.0169      |
|    explained_variance   | 0.676        |
|    learning_rate        | 0.0003       |
|    loss                 | 0.000483     |
|    n_updates            | 3220         |
|    policy_gradient_loss | -0.000107    |
|    value_loss           | 0.00116      |
------------------------------------------
------------------------------------------
| time/                   |              |
|    fps                  | 585          |
|    iterations           | 127          |
|    time_elapsed         | 333          |
|    total_timesteps      | 497664       |
| train/                  |              |
|    approx_kl            | 7.188844e-05 |
|    clip_fraction        | 0.000846     |
|    clip_range           | 0.2          |
|    entropy_loss         | -0.0137      |
|    explained_variance   | 0.59         |
|    learning_rate        | 0.0003       |
|    loss                 | 0.00074      |
|    n_updates            | 3230         |
|    policy_gradient_loss | -5.36e-05    |
|    value_loss           | 0.00107      |
------------------------------------------
-----------------------------------------
| time/                   |             |
|    fps                  | 585         |
|    iterations           | 128         |
|    time_elapsed         | 336         |
|    total_timesteps      | 499200      |
| train/                  |             |
|    approx_kl            | 6.55589e-06 |
|    clip_fraction        | 0           |
|    clip_range           | 0.2         |
|    entropy_loss         | -0.0125     |
|    explained_variance   | 0.662       |
|    learning_rate        | 0.0003      |
|    loss                 | 0.000539    |
|    n_updates            | 3240        |
|    policy_gradient_loss | 7.23e-06    |
|    value_loss           | 0.000779    |
-----------------------------------------
  step  500100/500000 (100.0%)  mean_rew=-0.002
-------------------------------------------
| time/                   |               |
|    fps                  | 585           |
|    iterations           | 129           |
|    time_elapsed         | 338           |
|    total_timesteps      | 500736        |
| train/                  |               |
|    approx_kl            | 0.00025657236 |
|    clip_fraction        | 0.00436       |
|    clip_range           | 0.2           |
|    entropy_loss         | -0.0418       |
|    explained_variance   | 0.923         |
|    learning_rate        | 0.0003        |
|    loss                 | 0.0769        |
|    n_updates            | 3250          |
|    policy_gradient_loss | 0.00068       |
|    value_loss           | 0.0768        |
-------------------------------------------
-------------------------------------------
| time/                   |               |
|    fps                  | 586           |
|    iterations           | 130           |
|    time_elapsed         | 340           |
|    total_timesteps      | 502272        |
| train/                  |               |
|    approx_kl            | 3.1519525e-05 |
|    clip_fraction        | 0.000326      |
|    clip_range           | 0.2           |
|    entropy_loss         | -0.00869      |
|    explained_variance   | 0.572         |
|    learning_rate        | 0.0003        |
|    loss                 | 0.00337       |
|    n_updates            | 3260          |
|    policy_gradient_loss | -8.08e-05     |
|    value_loss           | 0.0103        |
-------------------------------------------
-------------------------------------------
| time/                   |               |
|    fps                  | 587           |
|    iterations           | 131           |
|    time_elapsed         | 342           |
|    total_timesteps      | 503808        |
| train/                  |               |
|    approx_kl            | 0.00016043887 |
|    clip_fraction        | 0.00299       |
|    clip_range           | 0.2           |
|    entropy_loss         | -0.0283       |
|    explained_variance   | 0.947         |
|    learning_rate        | 0.0003        |
|    loss                 | 0.0493        |
|    n_updates            | 3270          |
|    policy_gradient_loss | 0.000737      |
|    value_loss           | 0.0676        |
-------------------------------------------
  Stage 4 saved -> cologne3_ppo_stage4_100pct.zip

[cologne3-PPO] Curriculum done.
  Final model -> /workspace/rl-traffic/exp_cologne3_curr/ppo_queue_s2718/cologne3_ppo_final_model.zip
  Total steps : 500000
