timestep,loss,value_loss,entropy_loss,approx_kl,clip_fraction,explained_variance,policy_gradient_loss
200,,,,,,,
400,0.019994504749774933,0.04572165058925748,-3.6888764441013335,3.114343e-07,0.0,-3.239593982696533,-0.000243327693391171
600,0.02198856882750988,0.04736937275156379,-3.6888750553131104,2.0951033e-07,0.0,-5.349069595336914,-0.00015722987085114992
800,0.01887492649257183,0.040240737004205586,-3.688874238729477,4.4584277e-07,0.0,-6.548810005187988,-0.00025296375107517475
1000,0.013714202679693699,0.03149434733204544,-3.688872528076172,4.2170285e-07,0.0,-5.734846591949463,-0.00021277464902846877
1200,0.013277070596814156,0.02813854329288006,-3.6888735234737395,4.187226e-07,0.0,-3.184750556945801,-0.00021533836578112585
1400,0.014855622313916683,0.02621040209196508,-3.6888710796833037,4.1991473e-07,0.0,-3.0757198333740234,-0.0001956235615742763
1600,0.010563026182353497,0.022425421560183168,-3.688872456550598,2.5570392e-07,0.0,-3.542717933654785,-0.0001850111359788076
1800,0.0067415800876915455,0.01981876518111676,-3.6888711214065553,2.7775764e-07,0.0,-2.80489444732666,-0.00018244096704087554
2000,0.007312099914997816,0.01753067660611123,-3.688870918750763,5.5730345e-07,0.0,-3.9536795616149902,-0.000256208642788458
2200,0.005797956138849258,0.017309574456885458,-3.688870394229889,3.170967e-07,0.0,-7.533638954162598,-0.00017640545149570918
2400,0.004555769730359316,0.012911384389735759,-3.688871479034424,2.9861926e-07,0.0,-4.660249710083008,-0.00017164991735922895
2600,0.0052569955587387085,0.012531671836040915,-3.6888685286045075,4.1842463e-07,0.0,-6.953521728515625,-0.00019864846803390178
2800,0.0035884794779121876,0.010228171420749277,-3.6888692378997803,4.2110682e-07,0.0,-4.930828094482422,-0.00021131707677954915
3000,0.0030862402636557817,0.00931502296589315,-3.6888674437999724,4.23491e-07,0.0,-4.399697780609131,-0.00019833490188398973
3200,0.0031541092321276665,0.008142243477050216,-3.68886838555336,2.2113323e-07,0.0,-7.389182090759277,-0.0001447048476483026
3400,0.0019985055550932884,0.0062957483809441325,-3.688867229223251,4.133582e-07,0.0,-3.574852466583252,-0.00019947917735150256
3600,0.0025026765652000904,0.0056091428501531485,-3.688865977525711,3.0875205e-07,0.0,-4.623417854309082,-0.00016346454702556023
3800,0.0013774726539850235,0.004176539904437959,-3.6888660073280333,6.0290097e-07,0.0,-2.68245267868042,-0.0002587854871594519
4000,0.0014613538514822721,0.003826829750323668,-3.6888645231723785,3.46601e-07,0.0,-6.505299091339111,-0.00017254547722949097
4200,0.0009072402608580887,0.002993938745930791,-3.6888640999794005,3.629923e-07,0.0,-4.271087646484375,-0.00021579577209929202
4400,0.0008793211891315877,0.0028329583641607315,-3.688862907886505,3.1977893e-07,0.0,-5.4741363525390625,-0.00019269135664228275
4600,0.00019074545707553625,0.0023405747197102755,-3.688861781358719,5.352497e-07,0.0,-6.183138370513916,-0.0002311279389839438
4800,0.00048256153240799904,0.002024726357194595,-3.688859450817108,4.1544436e-07,0.0,-7.55267333984375,-0.00017906227810385867
5000,0.00022141012595966458,0.0015792423277162016,-3.6888587176799774,4.3809416e-07,0.0,-5.991519451141357,-0.00020181497981405783
5200,0.0002274874714203179,0.0014785161387408153,-3.6888607800006867,2.9772522e-07,0.0,-4.7260589599609375,-0.00018521436895935217
5400,3.0284340027719736e-05,0.0009347430357593111,-3.6888566970825196,4.4554474e-07,0.0,-5.656072616577148,-0.00020646592911579553
5600,0.00023600945132784545,0.0012280104507226496,-3.6888575077056887,2.4765728e-07,0.0,-9.92231559753418,-0.00013997968907051295
5800,-0.00015551879187114537,0.0006928380600584206,-3.688858962059021,3.0368565e-07,0.0,-5.840553283691406,-0.0001855885698165638
6000,-0.0002886249276343733,0.0007658781134523452,-3.6888596773147584,5.483628e-07,0.0,-19.793489456176758,-0.00022329482477649875
6200,-3.9927661418914795e-05,0.0005791763178422116,-3.6888569951057435,2.1487475e-07,0.0,-3.306640148162842,-0.0001204082067033596
6400,-6.808160105720162e-05,0.0006318396444839891,-3.6888539016246797,3.4570695e-07,0.0,-16.674156188964844,-0.00016119529520652875
6600,-0.00038602211861871183,0.0004160605923971161,-3.6888585686683655,3.579259e-07,0.0,-5.3495869636535645,-0.00018858684744759157
6800,-9.115568536799401e-05,0.0003432746281760046,-3.6888574779033663,1.8596648e-07,0.0,-5.692586421966553,-0.00010037261904249917
7000,4.6027518692426383e-05,0.0004700099547335412,-3.6888579607009886,1.2785196e-07,0.0,-2.7632195949554443,-7.690629398000581e-05
7200,-1.1388212442398071e-05,0.0004671441492973827,-3.6888556659221647,2.5361777e-07,0.0,-4.752130508422852,-0.00013581080903986021
7400,-0.00036541279405355453,0.00022131598871055758,-3.688853847980499,2.8759243e-07,0.0,-7.099485397338867,-0.00014609414257882314
7600,-0.00032661418663337827,0.00033567126702109816,-3.6888571977615356,2.193451e-07,0.0,-9.948250770568848,-0.0001450838600420612
7800,-0.00021655845921486616,0.0003464167773927329,-3.688854992389679,3.504753e-07,0.0,-8.160284042358398,-0.0001508971335684839
8000,-0.0002021843974944204,0.0003092908293183427,-3.6888547360897066,2.7388333e-07,0.0,-8.491999626159668,-0.0001400717293620346
8200,-0.000139258656417951,0.0004187848091532942,-3.6888568878173826,2.965331e-07,0.0,-5.013426303863525,-0.00016663160968484193
8400,-8.401066588703543e-05,0.0002556820954850991,-3.6888555347919465,1.373887e-07,0.0,-8.131131172180176,-8.714977660315704e-05
8600,-0.00018019726849161088,0.00034479823007131926,-3.688852107524872,2.05338e-07,0.0,-18.13547706604004,-0.00010299763194030476
8800,-0.00010896926687564701,0.00031592105733579956,-3.688851648569107,3.0606984e-07,0.0,-11.833269119262695,-0.00013302279993401278
9000,-0.00018332393665332347,0.0002523539960748167,-3.688853883743286,2.5451183e-07,0.0,-9.656816482543945,-0.00013693220894550606
9200,-6.341600965242833e-05,0.0003171266638673842,-3.688851606845856,2.449751e-07,0.0,-10.927009582519531,-0.00010714932588395953
9400,-6.544131611008197e-05,0.0003410687677387614,-3.688851851224899,2.7507542e-07,0.0,-16.180692672729492,-0.0001321411732532196
9600,-9.951222455129027e-05,0.0002583129138656659,-3.6888496577739716,3.1143426e-07,0.0,-11.583194732666016,-0.000145324461557661
9800,7.376441499218345e-05,0.0003897227386914892,-3.6888507425785066,1.8894673e-07,0.0,-6.506739616394043,-0.00010002236078081595
10000,-0.00016564659017603844,0.0002561520484960056,-3.6888513267040253,2.0861626e-07,0.0,-8.275874137878418,-0.00011167767719144628
10200,-5.2955932915210724e-05,0.00029190705681685357,-3.688848876953125,2.0563603e-07,0.0,-4.753232002258301,-0.00011235233819419931
10400,-0.00018629094120115042,0.0002911218620283762,-3.6888492941856383,2.5480986e-07,0.0,-11.03357219696045,-0.0001275056314016254
10600,-6.762195698684081e-05,0.0003036829079064773,-3.6888486206531526,1.6957522e-07,0.0,-10.349960327148438,-8.544334836289025e-05
10800,-0.00016713471268303692,0.00024762352059042313,-3.688850039243698,2.1219253e-07,0.0,-5.016146183013916,-0.00013277162154651245
11000,-4.4005850213579834e-05,0.00032816166713018903,-3.6888495326042174,2.1845102e-07,0.0,-8.230561256408691,-0.00011717076573041219
11200,-0.00035134764038957655,0.00014737574092578144,-3.6888482213020324,2.488494e-07,0.0,-5.244132995605469,-0.00012392981422215676
11400,-0.00031312747159972787,0.0003142294630379183,-3.6888461351394652,2.861023e-07,0.0,-1.4384381771087646,-0.00014195416679076977
11600,1.5869212802499533e-05,0.0003718574607773917,-3.688847517967224,2.7477742e-07,0.0,-3.9077463150024414,-0.00012319956831826628
11800,-5.108129698783159e-06,0.00035068840115854983,-3.688850998878479,1.6659499e-07,0.0,-12.446151733398438,-9.671021944223091e-05
12000,-0.00035663621383719146,0.00021485041579580866,-3.688845783472061,3.2812358e-07,0.0,-5.059201240539551,-0.0001577461065111585
12200,-0.0003874307149089873,0.00021558419921348105,-3.688844347000122,2.7626754e-07,0.0,-8.530193328857422,-0.00015596196751084258
12400,-0.00012719376536551863,0.00019975932082161307,-3.688846379518509,2.1755694e-07,0.0,-6.135438442230225,-0.00011198082593870673
12600,-0.0001010233536362648,0.0003402581962291151,-3.6888458371162414,3.7223103e-07,0.0,-2.183972120285034,-0.00019068754419890866
12800,-0.0002548513875808567,0.0003410711138712941,-3.68884534239769,2.914667e-07,0.0,-9.296433448791504,-0.00015304843338304064
13000,-0.00023504588170908391,0.0001998117988478043,-3.688843232393265,1.975894e-07,0.0,-13.860488891601562,-9.895843140625971e-05
13200,-0.00015299102233257145,0.0003803860137850279,-3.688842737674713,2.6375056e-07,0.0,-9.18309211730957,-0.00011874681766057548
13400,-0.00014665586058981717,0.0002788696365314536,-3.6888434827327727,1.8954276e-07,0.0,-7.770899772644043,-9.056651589134379e-05
13600,-0.00026280220481567085,0.00025669955211924387,-3.688839817047119,3.1381845e-07,0.0,-2.6112263202667236,-0.00014328263707011902
13800,-0.00010062826913781464,0.0002909317936428124,-3.6888440787792205,1.5497208e-07,0.0,-8.692947387695312,-8.175262833640674e-05
14000,-8.597361738793552e-05,0.00018274325702805072,-3.688839817047119,2.7030705e-07,0.0,-6.234304904937744,-0.00013301952084305847
14200,-0.0002923478023149073,0.00018402135938231368,-3.6888406455516813,2.5272368e-07,0.0,-5.218990802764893,-0.00012169261202654713
14400,-0.0002746768877841532,0.00021559942961175694,-3.688843148946762,2.080202e-07,0.0,-7.7027740478515625,-0.00011460696253151603
14600,-0.000149031839100644,0.00023763342360325624,-3.688842386007309,2.3782252e-07,0.0,-2.5398950576782227,-0.00010524624500443113
14800,-0.00026839179918169975,0.0002455798712617252,-3.688845580816269,3.7431718e-07,0.0,-0.9994621276855469,-0.00016183648196375078
15000,-6.671700975857675e-05,0.00027501220429257953,-3.688847279548645,1.8417835e-07,0.0,-10.122359275817871,-8.959425970842539e-05
15200,-0.00011424740660004318,0.0002014289031649241,-3.688841450214386,2.7686357e-07,0.0,-7.002902984619141,-0.00012828666047726145
15400,-0.00031964335357770324,0.0002018156546910177,-3.688839429616928,3.6537648e-07,0.0,-8.589420318603516,-0.00016038189764866484
15600,-7.667906174901873e-05,0.0002498823439964326,-3.688842570781708,2.3305417e-07,0.0,-10.005751609802246,-0.000119993806028873
15800,-0.00011308609100524336,0.00028437459404813127,-3.688840037584305,3.1352042e-07,0.0,-2.8636653423309326,-0.00013949692622236415
16000,-6.286190910032019e-05,0.00024373798696615269,-3.6888445198535917,2.3961067e-07,0.0,-2.567518711090088,-0.00010907860718976093
16200,-0.00024547564680688083,0.00019007064547622577,-3.688838356733322,2.5093556e-07,0.0,-3.733802318572998,-0.00010255222743644765
16400,-0.0002706447266973555,0.00021589028583548497,-3.688837414979935,2.810359e-07,0.0,-2.7443695068359375,-0.00012601921343207144
16600,-0.0001563174882903695,0.00017955482453544392,-3.688837391138077,2.4646522e-07,0.0,-6.274081707000732,-0.000126269415713387
16800,-0.00026429982972331345,0.0001779485544830095,-3.688840091228485,2.142787e-07,0.0,-12.531591415405273,-0.00011997061964830191
17000,-0.00014350851415656507,0.00032572756135778035,-3.688832950592041,3.5196544e-07,0.0,-4.422226428985596,-0.00014267007201334002
17200,-0.00015335297212004662,0.0001429160161933396,-3.688838368654251,1.9490719e-07,0.0,-6.604249954223633,-0.00010145600914495123
17400,-0.0002637370489537716,0.00016990464391710702,-3.6888289570808412,3.6478042e-07,0.0,-3.214183807373047,-0.00016342867613249322
17600,-0.00030466087628155947,0.00023436678566213232,-3.6888364970684053,2.5957823e-07,0.0,-8.170178413391113,-0.0001235909762803633
17800,-0.00013014767318964005,0.00019621721148723736,-3.6888289511203767,2.282858e-07,0.0,-4.948092460632324,-0.00011800704759291624
18000,-0.00031551727443002164,0.00018762952095130458,-3.6888352632522583,4.0382145e-07,0.0,-5.5034661293029785,-0.0001582253286462443
18200,-0.0002021129330387339,0.0002145416226994712,-3.6888306856155397,2.6077032e-07,0.0,-6.711859703063965,-0.0001381254775992602
18400,-0.00033147091744467616,0.00021974611299810932,-3.688831698894501,3.5613775e-07,0.0,-2.491844892501831,-0.00014959602032558195
18600,-0.00018021347932517529,0.00024248340778285638,-3.6888332843780516,3.0815602e-07,0.0,-8.331939697265625,-0.00016066589875456393
18800,-0.0001056767359841615,0.0001781700984793133,-3.688834035396576,1.886487e-07,0.0,-5.959158420562744,-9.281980952309254e-05
19000,-0.0003956021973863244,0.00014882189279887825,-3.6888335287570952,4.410744e-07,0.0,-4.289806365966797,-0.00016470158193158114
19200,-0.00016133938333950937,0.00019749332914216212,-3.6888284623622893,2.399087e-07,0.0,-4.70667028427124,-0.00011632079596131106
19400,-0.0002966449537780136,0.00023785729717928916,-3.688830757141113,3.811717e-07,0.0,-2.7276599407196045,-0.00017404921706963837
19600,-0.00034757438697852194,0.00013307518320289092,-3.6888264060020446,4.157424e-07,0.0,-3.4185104370117188,-0.00014398175481460384
19800,-0.0003630039864219725,0.00013229072392277884,-3.688823527097702,3.3915043e-07,0.0,-2.724693536758423,-0.00012740486866777979
20000,-0.00034281404805369675,0.00012633944361368777,-3.688830316066742,2.938509e-07,0.0,-7.317767143249512,-0.00014936158050398162
20200,-0.00022249914763960987,0.000139010166094522,-3.688827967643738,2.8222797e-07,0.0,-4.464407444000244,-0.0001241451810379879
20400,-0.0005072663770988584,0.0001170062219898682,-3.6888250589370726,4.273653e-07,0.0,-2.3199541568756104,-0.00016238558277177352
20600,-0.00021309667499735951,0.00017385304890922272,-3.6888274192810058,2.5182962e-07,0.0,-3.8196592330932617,-0.00010193091666450549
20800,-0.0003100891481153667,0.00014150353417790028,-3.6888256132602693,3.8355589e-07,0.0,-3.6306843757629395,-0.0001481873093649
21000,-0.00015383781283162534,0.0001166721521258296,-3.688822501897812,3.9905308e-07,0.0,-7.996527671813965,-0.00014738535139620091
21200,-0.00024323322577401996,0.00018094727711286395,-3.68882532119751,2.4318695e-07,0.0,-4.799647808074951,-0.00012154290020363056
21400,-0.00017787201795727015,0.00014335138475871645,-3.6888234436511995,4.4852496e-07,0.0,-3.9513425827026367,-0.00016863910815914095
21600,-0.0003888847422786057,0.00014387359778993413,-3.688819944858551,2.783537e-07,0.0,-7.401695251464844,-0.00012863933679705398
21800,-0.00021961132006254047,9.486223934800364e-05,-3.688824790716171,2.631545e-07,0.0,-4.995677947998047,-0.00011183403418000282
22000,-0.0003025577461812645,0.00014029355188540648,-3.688822603225708,2.4348498e-07,0.0,-3.663756847381592,-0.00011591957545044607
22200,-0.0002998234413098544,8.707617607797146e-05,-3.688828682899475,3.1203032e-07,0.0,-3.2161803245544434,-0.0001286562229307897
22400,-0.00020540380501188338,0.00014018018719070825,-3.6888298392295837,2.2917986e-07,0.0,-3.906895637512207,-0.00012078058717643892
22600,-0.0003956537984777242,0.00012491359830164584,-3.688821756839752,3.33488e-07,0.0,-1.4313557147979736,-0.00016091105305520158
22800,-8.048940799199045e-05,0.00011490729457364068,-3.6888185024261473,5.7578086e-07,0.0,-4.83264684677124,-0.00015681011997186188
23000,-0.0001327463542111218,9.31872203182138e-05,-3.6888180673122406,3.823638e-07,0.0,-1.3840115070343018,-0.0001416264033068715
23200,-0.00022201637329999357,0.00011509249143273336,-3.6888214588165282,2.8908252e-07,0.0,-3.889742851257324,-0.00010183097404705687
23400,-0.00025192677276208997,8.779512500041164e-05,-3.688820904493332,2.259016e-07,0.0,-3.560133457183838,-0.00010553093309466633
23600,-0.0002541949215810746,9.214072824761387e-05,-3.6888219594955443,2.217293e-07,0.0,-2.8446571826934814,-9.751209594823784e-05
23800,-4.9168465920956805e-05,7.157553618526435e-05,-3.688822305202484,3.3676622e-07,0.0,-3.282205104827881,-0.000124333769946805
24000,-0.0003245738917030394,9.792125601961743e-05,-3.688822340965271,3.7372112e-07,0.0,-3.5314106941223145,-0.00015334604034453748
24200,-0.00013188848970457911,9.753062349773244e-05,-3.688823628425598,2.2053719e-07,0.0,-2.637421131134033,-0.00010578262124774084
24400,-0.0001975800551008433,0.00010736241356426035,-3.6888203859329223,3.8832428e-07,0.0,-3.5646486282348633,-0.00014277201850312337
24600,-0.00031375576509162784,0.00011797404858953087,-3.6888206779956816,3.8266182e-07,0.0,-2.283135175704956,-0.00017182203415603282
24800,-0.0003104374627582729,9.446900876355357e-05,-3.688821631669998,2.6166438e-07,0.0,-2.1978251934051514,-0.0001371948607707063
25000,-0.00029477544012479484,4.884136815235252e-05,-3.6888102889060974,3.7699937e-07,0.0,-1.753692388534546,-0.0001367818277053068
25200,-0.00028127877158112824,0.00011582835904846433,-3.688823717832565,2.9206277e-07,0.0,-3.6478629112243652,-0.0001289985461227161
25400,-0.00020801860955543816,8.322445428348147e-05,-3.6888218939304354,1.8894671e-07,0.0,-3.9799909591674805,-8.914327660960452e-05
25600,-0.00020333818974904716,7.830229415048962e-05,-3.6888197898864745,2.795458e-07,0.0,-2.6314737796783447,-0.0001264737401625138
25800,-0.00021834022481925786,6.540455856338668e-05,-3.6888171076774596,1.7762184e-07,0.0,-2.7830069065093994,-8.694161468576489e-05
26000,-0.00021274462051223963,0.0001115660386858508,-3.6888170540332794,2.744794e-07,0.0,-1.2021307945251465,-0.00012996809891396843
26200,-0.00012743324623443186,9.07184490642976e-05,-3.688824415206909,1.4483929e-07,0.0,-2.481602668762207,-7.412411343057367e-05
26400,-0.00040100369369611144,5.513158553185349e-05,-3.688821941614151,3.632903e-07,0.0,-2.2743935585021973,-0.00014837917730414762
26600,-0.00038072012830525637,8.03067379820277e-05,-3.6888186275959014,2.2888185e-07,0.0,-2.793788433074951,-0.00013662077519120962
26800,-0.0002665366919245571,9.420417873116094e-05,-3.6888154268264772,2.1070241e-07,0.0,-1.1360013484954834,-0.0001061952527040777
27000,-0.00035726348869502544,7.11894957930781e-05,-3.6888100147247314,4.6789648e-07,0.0,-2.1210854053497314,-0.0001775948103427849
27200,-0.0002654424461070448,6.894254674989497e-05,-3.6888168334960936,3.0994414e-07,0.0,-2.211878538131714,-0.00013894727958176922
27400,-0.00026267976500093937,7.118305229596445e-05,-3.68881334066391,3.1352042e-07,0.0,-3.381234645843506,-0.00013468183569806947
27600,-0.00033519367570988834,4.9989068975264674e-05,-3.6888142704963682,2.554059e-07,0.0,-2.015272378921509,-0.00014083997233024225
27800,-0.0003253326576668769,9.393312393513042e-05,-3.6888170301914216,2.4855137e-07,0.0,-1.783890962600708,-0.00012336620596000713
28000,-0.0003060808521695435,6.685819716949482e-05,-3.6888231098651887,3.540516e-07,0.0,-1.8624987602233887,-0.00016047985027262124
28200,-0.00034177509951405227,3.9603920686204217e-05,-3.6888164818286895,3.8295985e-07,0.0,-1.9698169231414795,-0.00016537940625266923
28400,-0.00023007328854873776,5.875629317415587e-05,-3.688814973831177,3.093481e-07,0.0,-2.1361587047576904,-0.00015324595436629895
28600,-0.00017991423374041915,5.160565606274758e-05,-3.6888171911239622,2.8312206e-07,0.0,-1.1231873035430908,-0.00014337881390995565
28800,-0.0002560321590863168,6.999129745963729e-05,-3.688816577196121,2.2619963e-07,0.0,-2.413222551345825,-9.985151982165874e-05
29000,-0.0002266135415993631,6.912947055752739e-05,-3.6888194024562835,1.9639731e-07,0.0,-1.925652265548706,-0.00010218936205128593
29200,-0.0002379831566940993,6.310221901912882e-05,-3.688820707798004,2.4169685e-07,0.0,-1.3468036651611328,-0.00013683287659893573
29400,-0.0002935559896286577,4.5968041422383973e-05,-3.6888143479824067,3.322959e-07,0.0,-0.9787843227386475,-0.00014172995092340824
29600,-0.0003283275291323662,6.785800178477075e-05,-3.688814401626587,2.5629998e-07,0.0,-1.3800196647644043,-0.00013076282962879438
29800,-0.0006651202565990388,4.494512259043404e-05,-3.688810420036316,4.979968e-07,0.0,-0.3243941068649292,-0.00021357691011150148
30000,-0.0004983284743502736,8.053215478867059e-05,-3.6888138234615324,3.5047532e-07,0.0,-0.5553680658340454,-0.00015506996078269443
30200,-0.00037978289765305817,7.212912059912923e-05,-3.6888101398944855,3.6895275e-07,0.0,-0.8563716411590576,-0.00016938308669978142
30400,-0.0003853063390124589,4.719293201560504e-05,-3.688817358016968,3.376603e-07,0.0,-0.5786769390106201,-0.00017880081417149808
30600,-0.0003045185876544565,0.00011375961603334872,-3.688813728094101,5.632639e-07,0.0,-0.7427937984466553,-0.0001780362805850366
30800,-0.0005852047470398247,2.912963218477671e-05,-3.68881379365921,4.476309e-07,0.0,-0.5514485836029053,-0.00020763927591180842
31000,-0.000438879884313792,3.249685223636334e-05,-3.6888132214546205,3.516674e-07,0.0,-1.449404239654541,-0.00017558718755048553
31200,-0.0006250363076105714,6.265170522965491e-05,-3.688814115524292,4.6908855e-07,0.0,-0.7854238748550415,-0.00020993512033897765
31400,-0.00037964642979204655,3.873369450957398e-05,-3.6888155579566955,3.248453e-07,0.0,-0.8909072875976562,-0.0001542272286146229
31600,-0.00045066498569212854,5.2070728816033804e-05,-3.6888193249702455,3.1590463e-07,0.0,-0.6979392766952515,-0.00016792765305062574
31800,-0.00034885259810835123,5.3872108219366054e-05,-3.6888178288936615,2.5361777e-07,0.0,-0.8311334848403931,-0.00011751900918022251
32000,-0.00025197092327289283,3.541269888955867e-05,-3.6888105988502504,2.2947788e-07,0.0,-0.7045457363128662,-0.00011015304955253603
32200,-0.0005755150923505425,2.6170693672611378e-05,-3.688813239336014,3.287196e-07,0.0,-1.138803243637085,-0.00017759451290981775
32400,-0.0003865942417178303,5.75091552491358e-05,-3.6888073921203612,3.7044288e-07,0.0,-0.5446799993515015,-0.00017756922469243098
32600,-0.000141311960760504,2.6368647627350584e-05,-3.688819009065628,2.31266e-07,0.0,-0.8673665523529053,-0.00012628137336116453
32800,-0.00038514650077559054,2.8180145818623714e-05,-3.688817632198334,2.5331974e-07,0.0,-0.6548994779586792,-0.00013377895952715324
33000,-0.0002878234663512558,2.7774220666287874e-05,-3.688804966211319,4.7564507e-07,0.0,-0.9377850294113159,-0.00019290008335166587
33200,-0.0005966208991594613,4.696117621278972e-05,-3.6888064622879027,7.039309e-07,0.0,-0.2550421953201294,-0.0002481817046832813
33400,-0.0003567598178051412,3.294296961939835e-05,-3.688811892271042,4.1693448e-07,0.0,-0.24177777767181396,-0.00017535807320734342
33600,-0.000545538729056716,5.7573387675802226e-05,-3.688807249069214,4.091859e-07,0.0,-0.4554002285003662,-0.00021139196321246363
33800,-0.000401817262172699,2.8700112488877493e-05,-3.6888010442256927,3.734231e-07,0.0,-0.5205806493759155,-0.00018633828064912317
34000,-0.0004525420954450965,1.4200124951457838e-05,-3.6888011574745176,4.4733287e-07,0.0,-0.7046526670455933,-0.00020095828371982093
34200,-0.00034048769157379866,3.058558236261888e-05,-3.688811582326889,3.0696393e-07,0.0,-0.48733067512512207,-0.00016920971790170824
34400,-0.00018982929759658873,1.686345894995611e-05,-3.6888067185878755,3.108382e-07,0.0,-0.4692044258117676,-0.0001598906372501041
34600,-0.0003856237162835896,3.5309977420183714e-05,-3.688803881406784,3.0875205e-07,0.0,-0.16064226627349854,-0.00015471828023436718
34800,-0.00038430889253504574,4.230681670378544e-05,-3.688808333873749,4.211068e-07,0.0,-0.3086981773376465,-0.00019359646140246767
35000,-0.0004127123102080077,3.307722131467017e-05,-3.6888068199157713,3.898144e-07,0.0,-0.25608789920806885,-0.00016493591707580357
35200,-0.0004926978726871312,2.8383972994561192e-05,-3.6888120114803313,3.2544136e-07,0.0,-0.2583414316177368,-0.00016347987957374688
35400,-0.00048655978753231466,5.719010805478319e-05,-3.688807898759842,3.8057564e-07,0.0,-0.187430739402771,-0.00021860469734686917
35600,-0.000551706412807107,2.2860434205540515e-05,-3.68880780339241,5.805492e-07,0.0,-0.396335244178772,-0.0002468124760282575
35800,-0.0006830392521806061,3.7956027563268434e-05,-3.688794755935669,6.374717e-07,0.0,-0.15309810638427734,-0.00023174356682296172
36000,-0.0005359349306672812,3.423094858590048e-05,-3.6887916922569275,3.9190053e-07,0.0,-0.023227691650390625,-0.00016480290786602403
36200,-0.0002953483781311661,2.8640554683079243e-05,-3.6887904584407805,2.9653313e-07,0.0,-0.2721196413040161,-0.00011236449924865167
36400,-0.00027089728973805904,3.570029234651883e-05,-3.6888008058071136,1.9729137e-07,0.0,-0.14677834510803223,-0.00012065270625362112
36600,-0.00028298693359829485,1.9704586929947254e-05,-3.6888065695762635,2.8640034e-07,0.0,-0.20075416564941406,-0.00014191377110139847
36800,-0.0003651940787676722,3.91735528864956e-05,-3.6888070702552795,3.2961367e-07,0.0,-0.06716251373291016,-0.00016400867770136607
37000,-0.0005873128538951278,1.6183468824237933e-05,-3.688804882764816,3.8325783e-07,0.0,-0.14637422561645508,-0.00021075835819033272
37200,-0.0003276502247899771,2.8418650254025123e-05,-3.6887998402118685,2.8669834e-07,0.0,-0.15186285972595215,-0.00015852032556451512
37400,-0.0003029275394510478,4.89162379381014e-05,-3.688798803091049,3.3199785e-07,0.0,-0.06408190727233887,-0.00016850052788219827
37600,-0.0004346767673268914,1.7359032676722562e-05,-3.688802343606949,3.0636787e-07,0.0,-0.12100672721862793,-0.00016468178471020777
37800,-0.00042773375753313303,2.0421824547156576e-05,-3.6887957751750946,3.641844e-07,0.0,-0.29182934761047363,-0.00019932812488445694
38000,-0.0003481450257822871,1.0719304862050194e-05,-3.688792860507965,3.248453e-07,0.0,-0.17548143863677979,-0.00016867922228609445
38200,-0.0003051677194889635,3.0315601816255366e-05,-3.6887905061244965,2.7894976e-07,0.0,-0.18925845623016357,-0.0001432947731814238
38400,-0.0003478700527921319,4.298729027141235e-05,-3.6887987315654756,2.965331e-07,0.0,-0.0828409194946289,-0.00015957841989622246
38600,-0.0005750654963776469,2.0867133184765407e-05,-3.6887913167476656,5.447865e-07,0.0,-0.668820858001709,-0.00023148842148407178
38800,-0.000692500383593142,2.1951941380393692e-05,-3.6887842297554014,5.424023e-07,0.0,0.018616855144500732,-0.00025653843499913177
39000,-0.000347338238498196,2.1222479108473636e-05,-3.688793456554413,2.7298927e-07,0.0,-0.28527629375457764,-0.0001610605724745806
39200,-0.00046706476132385433,2.287499762587686e-05,-3.688771367073059,4.5925378e-07,0.0,-0.18212687969207764,-0.00020532532013270988
39400,-0.0004355216515250504,4.2211002255498895e-05,-3.688778007030487,3.6746266e-07,0.0,-0.11960399150848389,-0.00019766177208806467
39600,-0.00023134233197197318,2.431960965623148e-05,-3.6887731313705445,3.942847e-07,0.0,-0.06302869319915771,-0.00017104355207826495
39800,-0.0006096283905208111,7.142465865399572e-05,-3.6887766659259795,4.917383e-07,0.0,-0.05155539512634277,-0.0002397581930019932
40000,-0.0005215406999923289,2.7928282361244782e-05,-3.688788449764252,3.4749507e-07,0.0,-0.06850028038024902,-0.00018188846256521617
40200,-0.0004728074709419161,3.5863130278812605e-05,-3.688775235414505,5.158782e-07,0.0,0.028666138648986816,-0.0002090213889859971
40400,-0.00047986977733671665,2.5847101233011928e-05,-3.688790100812912,3.886223e-07,0.0,-0.09867191314697266,-0.00021590259786083977
40600,-0.0002982129226438701,3.253437339481025e-05,-3.6887877583503723,2.3514033e-07,0.0,-0.05070352554321289,-0.0001222727968129833
40800,-0.0003766822046600282,4.8476013307663377e-05,-3.6887870252132418,2.092123e-07,0.0,-0.009775638580322266,-0.00014103338452838842
41000,-0.00043390350765548646,1.9039177800550533e-05,-3.688777190446854,4.0650366e-07,0.0,-0.07781112194061279,-0.00021250084841886174
41200,-0.0004039813647978008,2.851675690180855e-05,-3.6887850761413574,3.308058e-07,0.0,0.07138729095458984,-0.0001844262254012019
41400,-0.00047111453022807837,3.379774998393259e-05,-3.6887708842754363,3.6895273e-07,0.0,-0.12646305561065674,-0.0002020112392354889
41600,-0.0002234842540929094,2.1924130783190777e-05,-3.6887771010398867,4.5984984e-07,0.0,0.0020508170127868652,-0.0002138990978886479
41800,-0.00045193792902864516,3.1545606407235025e-05,-3.6887814581394194,4.2796134e-07,0.0,-0.048659324645996094,-0.00020253215842021
42000,-0.00047319126315414906,1.586613907420542e-05,-3.6887829422950746,4.079938e-07,0.0,-0.13425254821777344,-0.0001952643326567749
42200,-0.00027793890330940485,2.9812971752107843e-05,-3.6887706220149994,2.8520822e-07,0.0,-0.06988263130187988,-0.0001406582600257389
42400,-0.0005877155927009881,1.4704434511259023e-05,-3.6887783348560332,4.968047e-07,0.0,-0.05933403968811035,-0.00020819957590239023
42600,-0.0006215405883267522,2.2459088700088615e-05,-3.6887786090373993,4.1902064e-07,0.0,0.0035976171493530273,-0.00018980644417445624
42800,-0.0003995803417637944,1.540981700145494e-05,-3.688775449991226,3.9339068e-07,0.0,-0.06033337116241455,-0.00020069978420315105
43000,-0.000589239236433059,1.7834164600571968e-05,-3.68878111243248,3.2156706e-07,0.0,-0.18992078304290771,-0.0001599706197766837
43200,-0.000425626989454031,1.760482932695595e-05,-3.688788777589798,2.3007394e-07,0.0,-0.06266677379608154,-0.00013505205513854036
43400,-0.0005551099893637002,2.4192993987526278e-05,-3.688768118619919,3.9458274e-07,0.0,-0.21607351303100586,-0.00021203807076812796
43600,-0.0006113973795436323,4.001128572781454e-05,-3.6887847244739533,3.865361e-07,0.0,-0.020955920219421387,-0.00021688302515048273
43800,-0.0003352242929395288,2.289370536345814e-05,-3.688779002428055,3.33786e-07,0.0,-0.07037532329559326,-0.00019558153939829291
44000,-0.00034566421527415514,2.5570452180545544e-05,-3.6887798488140104,2.5749205e-07,0.0,0.03442162275314331,-0.00012285001729366306
44200,-0.0004149454762227833,8.748751424718648e-05,-3.6887722671031953,2.5063753e-07,0.0,-3.2782554626464844e-05,-0.0001568909920897532
44400,-0.00041206437163054943,2.4952984244919207e-05,-3.6887755274772642,3.7431715e-07,0.0,-0.2526739835739136,-0.00020970627552174825
44600,-0.000446347490651533,2.3665145886297977e-05,-3.688759225606918,4.184246e-07,0.0,0.05875676870346069,-0.00019836837017647157
44800,-0.0001778577279765159,2.3162296429291018e-05,-3.6887681126594543,2.56598e-07,0.0,0.08801710605621338,-0.00012868311144194068
45000,-0.00044798071030527353,3.8028938297429705e-05,-3.688774424791336,2.861023e-07,0.0,-0.1282728910446167,-0.00016694158275551985
45200,-0.0003874589456245303,5.881923889319296e-05,-3.688774287700653,3.9249656e-07,0.0,-0.022921442985534668,-0.00019791218127807042
45400,-0.000375872477889061,2.667413718882017e-05,-3.6887649416923525,4.348159e-07,0.0,0.05344128608703613,-0.00020849153346262915
45600,-0.0003982872876804322,3.141400511594838e-05,-3.6887608468532562,4.2080882e-07,0.0,-0.12247753143310547,-0.00021142515486018975
45800,-0.0004120024386793375,3.357056489221577e-05,-3.688774859905243,3.1650066e-07,0.0,0.06900131702423096,-0.00017936382363892278
46000,-0.0005422718822956085,3.571480792743387e-05,-3.688763493299484,3.6686657e-07,0.0,0.06042313575744629,-0.00021470189172827502
46200,-0.00028414485859684646,1.552303324388049e-05,-3.6887725353240968,3.042817e-07,0.0,-0.055962324142456055,-0.00019628766265560315
46400,-0.0004151237371843308,1.5016705401649232e-05,-3.688747638463974,2.7567148e-07,0.0,-0.419314980506897,-0.0001388515239630017
46600,-0.0003799505066126585,2.33981472774758e-05,-3.688759392499924,2.6375056e-07,0.0,0.03163963556289673,-0.00015165365389662177
46800,-0.00035983347333967686,1.1006571480720594e-05,-3.6887471318244933,2.872944e-07,0.0,0.09005945920944214,-0.00015622516030657784
47000,-0.0002738331677392125,1.766092329944513e-05,-3.688751596212387,2.6077032e-07,0.0,-0.05682682991027832,-0.00014241144856674826
47200,-0.0001517989585408941,3.242354187023011e-05,-3.6887509286403657,2.8580428e-07,0.0,0.009849965572357178,-0.00016503700607755077
47400,-0.0003926351200789213,2.271442454002681e-05,-3.6887498557567597,3.9160253e-07,0.0,0.01949751377105713,-0.00020371024585813524
47600,-0.00025742975412867963,2.459688598719367e-05,-3.68875892162323,3.063679e-07,0.0,-0.050609588623046875,-0.00015948049643168538
47800,-0.0004130669985897839,7.440853423759108e-05,-3.688730686903,5.251169e-07,0.0,-0.06224632263183594,-0.0001903661744037777
48000,-0.0003722011169884354,2.9392131955319202e-05,-3.6887503564357758,3.1888484e-07,0.0,-0.07410526275634766,-0.00015888033535680358
48200,-0.00035654506064020097,8.408946478084544e-05,-3.688762092590332,4.1037796e-07,0.0,-0.027050495147705078,-0.00021083763419991187
48400,-0.0003724064154084772,9.677026025656232e-06,-3.6887673676013946,2.7239324e-07,0.0,-0.3541220426559448,-0.00017089612874863214
48600,-0.0004551462479867041,1.728702870877896e-05,-3.6887544333934783,2.8401612e-07,0.0,-0.2606288194656372,-0.00016254440555378834
48800,-0.0002484773867763579,3.586994985198544e-05,-3.688751292228699,3.4034252e-07,0.0,-0.04926455020904541,-0.00015768625144900738
49000,-0.00037619436625391245,1.2094102703485988e-05,-3.688753181695938,3.1530857e-07,0.0,-0.008524060249328613,-0.00016572334638257358
49200,-0.0003974350693169981,2.1788893332086445e-05,-3.6887611508369447,3.6358836e-07,0.0,-0.08677113056182861,-0.00018541543178559605
49400,-0.0003639509086497128,3.4909518990389185e-05,-3.6887443244457243,2.9176474e-07,0.0,-0.06240224838256836,-0.00015903604033586926
49600,-0.0005552002694457769,3.0212145020414027e-05,-3.688756561279297,3.2514333e-07,0.0,-0.03818702697753906,-0.00017714218636024625
49800,-0.00042942637810483575,2.2551329084308237e-05,-3.688753145933151,2.491474e-07,0.0,-0.1130681037902832,-0.00014072251398177248
50000,-0.00035666333860717714,2.0924185400872374e-05,-3.6887563467025757,1.9162893e-07,0.0,0.06269574165344238,-0.00012915240243546177
50200,-0.00031619853689335287,3.2132603746504176e-05,-3.6887423396110535,3.2544136e-07,0.0,0.048867106437683105,-0.00014753413934613934
50400,-0.0005060338298790157,3.553118408490263e-05,-3.6887488842010496,4.094839e-07,0.0,0.14834851026535034,-0.0001965840693781029
50600,-0.0005192958051338792,3.154888527205913e-05,-3.688747322559357,3.9786102e-07,0.0,-0.018203139305114746,-0.00021217382026497144
50800,-0.0004178800154477358,2.2706819254381117e-05,-3.688744509220123,2.3275615e-07,0.0,0.13442814350128174,-0.00015015143161780652
51000,-0.0003081324975937605,2.395864401023573e-05,-3.6887374103069304,2.849102e-07,0.0,-0.011908411979675293,-0.00014507704978268255
51200,-0.0002277246385347098,1.485263233007572e-05,-3.688743162155151,2.0980835e-07,0.0,0.08656132221221924,-0.0001265247761188526
51400,-0.0005615383270196617,3.9695478244539116e-05,-3.6887486219406127,3.1530857e-07,0.0,-0.09012424945831299,-0.00018244548972268237
51600,-0.0003745839057955891,4.812464594579069e-05,-3.688768070936203,2.8193e-07,0.0,-0.15919435024261475,-0.00016550697457204944
51800,-0.0003557718882802874,1.8013977523878566e-05,-3.688738989830017,3.1411645e-07,0.0,-0.3200192451477051,-0.00017833753617821913
52000,-0.0001546735584270209,1.609365008334862e-05,-3.6887458980083467,2.7567148e-07,0.0,-0.10655856132507324,-0.0001487401642766617
52200,-0.00033800143864937127,2.6013982687800307e-05,-3.688732296228409,3.34084e-07,0.0,0.11680281162261963,-0.00015023186911911068
52400,-0.00030725443502888083,2.31989792382592e-05,-3.688724935054779,3.775954e-07,0.0,-0.059201717376708984,-0.00016369830113103224
52600,-0.000686958315782249,3.7523236096603795e-05,-3.688729578256607,4.5925378e-07,0.0,-0.24566102027893066,-0.0002111384228521196
52800,-0.0003843533340841532,9.353506914067112e-06,-3.688748461008072,4.6670436e-07,0.0,-0.3543483018875122,-0.00020711374240458546
53000,-0.00036983322934247553,2.5485274636594114e-05,-3.6887432873249053,3.0338765e-07,0.0,0.05594146251678467,-0.00015379090142471076
53200,-0.0004362995969131589,3.795611942223331e-05,-3.688748872280121,4.541874e-07,0.0,-0.01729881763458252,-0.00022273236604792858
53400,-0.00048272512503899634,2.292228737132973e-05,-3.688760232925415,2.795458e-07,0.0,0.13796734809875488,-0.00016474428152242205
53600,-0.00023560402041766793,1.990342727822281e-05,-3.688737291097641,2.723932e-07,0.0,-0.23890089988708496,-0.00015671498334315359
53800,-0.0003961526963394135,1.9673394490382634e-05,-3.6887289226055144,3.8802625e-07,0.0,0.0855141282081604,-0.0001936373930334412
54000,-0.0004740687145385891,3.416387635297724e-05,-3.6887317657470704,3.8832425e-07,0.0,0.034199059009552,-0.000158222451312362
54200,-0.00039472992648370564,2.762397839433106e-05,-3.6887469410896303,3.567338e-07,0.0,-0.12493026256561279,-0.0001967236828011032
54400,-0.00023940586834214628,1.2549787220450525e-05,-3.688741898536682,2.4169685e-07,0.0,-0.017230510711669922,-0.00015007209836835899
54600,-0.0005239614401943982,1.5036807667456742e-05,-3.6887178301811216,4.887581e-07,0.0,0.014289140701293945,-0.00025457017200007924
54800,-0.00034244515700265765,1.4786833139623922e-05,-3.6887255251407622,3.0010938e-07,0.0,-0.10238337516784668,-0.0001659914396168416
55000,-0.00037195137701928616,4.8866600218389066e-05,-3.688712680339813,3.2216312e-07,0.0,-0.06166815757751465,-0.0001682743590164071
55200,-0.0003173772420268506,3.20472506700753e-05,-3.6887264013290406,2.7358533e-07,0.0,-0.04392659664154053,-0.00014259620053076462
55400,-0.0003809819754678756,1.6792776841612066e-05,-3.688724672794342,2.869964e-07,0.0,0.07269144058227539,-0.00016010978808544962
55600,-0.0003672593447845429,1.811367110349238e-05,-3.6887236535549164,3.4779308e-07,0.0,-0.06434321403503418,-0.00018133290771584764
55800,-0.00048516332753933966,1.7070238027372397e-05,-3.6887327551841738,4.8071144e-07,0.0,-0.12951231002807617,-0.00023077553608317203
56000,-0.00033381686080247164,1.535455282919429e-05,-3.688752371072769,2.2351742e-07,0.0,0.01924753189086914,-0.00013411054395886523
56200,-0.000485962547827512,1.9198803147446598e-05,-3.688750123977661,2.9146673e-07,0.0,-0.06883072853088379,-0.00016109923978910868
56400,-0.00036498374538496137,1.6788610173534836e-05,-3.6887301027774813,2.8640034e-07,0.0,-0.09060227870941162,-0.00015534865539121868
56600,-0.00044189527397975326,1.7106462632909824e-05,-3.688739317655563,2.7596948e-07,0.0,-0.12390506267547607,-0.00016822832724381343
56800,-0.00043647707207128406,2.582980323495576e-05,-3.6887408912181856,3.424287e-07,0.0,-0.009895920753479004,-0.0001874271479058276
57000,-0.0003401547728572041,1.1804479481725138e-05,-3.6887310266494753,2.6375054e-07,0.0,-0.04545426368713379,-0.00015208709096896643
57200,-0.00039109672070480883,1.936161372668721e-05,-3.688732701539993,4.816055e-07,0.0,-0.2052990198135376,-0.00022696550860290543
57400,-0.00024280461366288364,1.5775863016642688e-05,-3.6887554585933686,3.6656854e-07,0.0,-0.1100996732711792,-0.00018175524441175206
57600,-0.0004190513864159584,2.2158712590680806e-05,-3.6887344241142275,4.0709972e-07,0.0,0.02602618932723999,-0.00020872955070661003
57800,-0.0004953100578859448,4.205628843010345e-05,-3.6887245774269104,5.957484e-07,0.0,-0.09808993339538574,-0.000248020256309478
58000,-0.000506304728332907,1.793153498965694e-05,-3.6887229859828947,4.0382145e-07,0.0,-0.05027425289154053,-0.00017770730000212786
58200,-0.0003756964288186282,1.6505106987096952e-05,-3.6887329459190368,2.8431415e-07,0.0,0.05525857210159302,-0.00015452876637453983
58400,-0.00047654256923124194,1.828434785693389e-05,-3.6887520790100097,2.7358533e-07,0.0,-0.12057137489318848,-0.0001793715651564387
58600,-0.0005841815727762878,2.153068489860743e-05,-3.6887103796005247,4.0590763e-07,0.0,0.0029646754264831543,-0.00016938331017328777
58800,-0.00048245448851957917,2.982058699672052e-05,-3.6887391686439512,2.8252603e-07,0.0,0.08359521627426147,-0.00015939728813414434
59000,-0.00022912277199793607,5.0743647989293095e-05,-3.688736969232559,2.95341e-07,0.0,-0.0008435249328613281,-0.00014076896748065336
59200,-0.0004580967070069164,1.418850438312802e-05,-3.688701730966568,2.8014182e-07,0.0,-0.20863747596740723,-0.00014212560238915372
59400,-0.000345350184943527,1.6543174183425435e-05,-3.688712811470032,3.096461e-07,0.0,-0.01830112934112549,-0.0001615235360383771
59600,-0.00034030911047011614,3.6991003935327174e-05,-3.688706564903259,2.774596e-07,0.0,-0.005062222480773926,-0.00014958412132228815
59800,-0.00027709011919796467,2.9925413673481672e-05,-3.688748186826706,3.6448242e-07,0.0,-0.00013303756713867188,-0.00018952333059281125
60000,-0.0002029353636316955,2.884728164644912e-05,-3.688702917098999,2.6673078e-07,0.0,0.12710034847259521,-0.00013733976281704585
60200,-0.0004956838674843311,3.5303921413287755e-05,-3.6887340605258943,3.6746263e-07,0.0,0.07893699407577515,-0.00020112206312636883
60400,-0.00030913689988665283,1.2834645485781947e-05,-3.6887274384498596,2.9861928e-07,0.0,-0.14716506004333496,-0.0001335698585753775
60600,-0.0003430982178542763,3.802879214163113e-05,-3.688686192035675,3.1799078e-07,0.0,0.08807134628295898,-0.00014905904913917745
60800,-0.00037413963582366705,1.9167343043591246e-05,-3.688730549812317,4.011393e-07,0.0,-0.048397183418273926,-0.00019835426093770537
61000,-0.0003773051721509546,3.428608210924722e-05,-3.688710069656372,2.3633243e-07,0.0,0.039579033851623535,-0.00014392916855194838
61200,-0.0004857095191255212,3.35691259806481e-05,-3.688700819015503,4.0203332e-07,0.0,0.14402097463607788,-0.00022396889094693505
61400,-0.0004878866020590067,2.288683751885401e-05,-3.6887134432792665,3.1769275e-07,0.0,-0.4486302137374878,-0.00018410210391124339
61600,-0.0004841777845285833,1.519689176348038e-05,-3.6886929869651794,3.0517577e-07,0.0,-0.22599923610687256,-0.00017060644786557334
61800,-0.00028949652914889157,1.2033020107082848e-05,-3.6887268126010895,2.3514032e-07,0.0,0.08053785562515259,-0.00012866225800689524
62000,-0.00033040877315215766,4.689434417741723e-05,-3.6886878311634064,4.6014787e-07,0.0,-0.10413002967834473,-0.00020358740453445544
62200,-0.0002806706470437348,2.830264938893379e-05,-3.688711977005005,2.551079e-07,0.0,0.08102083206176758,-0.0001275620483476403
62400,-0.0006397508550435305,3.476898855296895e-05,-3.6886990666389465,4.416704e-07,0.0,0.10013788938522339,-0.0002099800000900487
62600,-0.0002838339423760772,4.964503013979993e-05,-3.688694339990616,2.8997658e-07,0.0,-0.19786059856414795,-0.00013724905184357982
62800,-0.0004874134319834411,3.005890516760701e-05,-3.68869309425354,3.5256147e-07,0.0,-0.009765267372131348,-0.0001945984367968556
63000,-0.0005197453428991139,1.1233870429805392e-05,-3.68869343996048,3.3915043e-07,0.0,-0.009407520294189453,-0.00018333762746514104
63200,-0.0005864128470420837,1.3811156486553955e-05,-3.6886906206607817,3.7133694e-07,0.0,0.060789525508880615,-0.00019291505163847588
63400,-0.00040879115113057196,1.4031332443664724e-05,-3.68869411945343,3.9428474e-07,0.0,0.1061934232711792,-0.00020091567847031478
63600,-0.0003074276610277593,2.6479221946829058e-05,-3.688680613040924,3.1590463e-07,0.0,-0.19374620914459229,-0.00016993271577780966
63800,-0.00049023941392079,3.827007212748867e-05,-3.688649034500122,5.8740375e-07,0.0,-0.061489105224609375,-0.00020667400903533472
64000,-0.0002867433649953455,1.6079867964435835e-05,-3.688680237531662,4.5567748e-07,0.0,-0.11095237731933594,-0.00019893802650980952
64200,-0.0003231684095226228,3.818418167611526e-05,-3.6886962771415712,2.2798775e-07,0.0,-0.047054171562194824,-0.00014815732804185355
64400,-0.00031824802863411605,2.9249548879306532e-05,-3.688708859682083,2.8193e-07,0.0,0.052954256534576416,-0.0001476819225167514
64600,-0.0004612276970874518,1.955716536485852e-05,-3.6886637270450593,3.924966e-07,0.0,0.0002364516258239746,-0.00020090744686138696
64800,-0.00047452462604269385,2.263308372221218e-05,-3.688673496246338,4.711747e-07,0.0,0.06129193305969238,-0.00021060306613795987
65000,-0.0006865346222184598,1.7377210974700573e-05,-3.688706636428833,3.8385394e-07,0.0,-0.16356325149536133,-0.0002245084871442593
65200,-0.0002940728736575693,3.552311586645374e-05,-3.688637560606003,3.8921834e-07,0.0,-0.043350934982299805,-0.00017733697206494535
65400,-0.00032887508859857917,2.0433128634067542e-05,-3.68868887424469,3.194809e-07,0.0,0.02435523271560669,-0.00013412007567512597
65600,-0.00044516281923279166,1.1239736227253162e-05,-3.6886829674243926,3.1918287e-07,0.0,0.07028615474700928,-0.0001758103952850032
65800,-0.0001973232429008931,1.697352081464487e-05,-3.6886646270751955,3.114343e-07,0.0,-0.10055088996887207,-0.00015142732797744364
66000,-0.0005215865094214678,2.0956736352673034e-05,-3.68869069814682,2.6881693e-07,0.0,-0.09083473682403564,-0.0001501412537453728
66200,-0.00031837463029660285,2.5726351714183694e-05,-3.688669967651367,3.439188e-07,0.0,0.04484975337982178,-0.0001728469576374847
66400,-0.0005241140024736524,1.9523626065165445e-05,-3.6886435449123383,4.902482e-07,0.0,0.08725720643997192,-0.00019495692797817378
66600,-0.0002841031237039715,2.5785313800952282e-05,-3.688680297136307,4.1842458e-07,0.0,-0.29972827434539795,-0.0001812841301846113
66800,-0.0004578073276206851,1.4425419499275449e-05,-3.6886905670166015,3.4689904e-07,0.0,0.13792157173156738,-0.00019532657369678575
67000,-0.00024982838658615947,2.2732671504854805e-05,-3.6886821031570434,3.8295985e-07,0.0,0.12389910221099854,-0.00018042598645455764
67200,-0.00018079894653055817,2.4763007809269765e-05,-3.688660180568695,2.5242568e-07,0.0,-0.15239155292510986,-0.0001374806319700994
67400,-0.000305286084767431,3.667376099656394e-05,-3.6886948585510253,3.0964614e-07,0.0,0.030627667903900146,-0.00019449494223300334
67600,-0.00034998482442460954,1.9110939160782436e-05,-3.6886907696723936,3.5345553e-07,0.0,-0.05671131610870361,-0.00018234214068466593
67800,-0.0002213356929132715,6.1917778566567e-05,-3.688672089576721,4.1484833e-07,0.0,-0.04773223400115967,-0.00018940406997212112
68000,-0.0008718028548173606,4.562502672342816e-05,-3.6886740207672117,9.7543e-07,0.0,0.003916442394256592,-0.00030482012127186486
68200,-0.00037392249214462936,2.9223163755887073e-05,-3.6886821508407595,2.6404857e-07,0.0,-0.21874582767486572,-0.00015457764156372454
68400,-0.0003043686447199434,3.6673530212283366e-05,-3.6886450231075285,4.3869022e-07,0.0,0.07147717475891113,-0.0001955055575012965
68600,-0.0004509112914092839,1.774530551301723e-05,-3.6886980891227723,3.2126903e-07,0.0,-0.2081238031387329,-0.00017005020267799598
68800,-0.0003748151066247374,3.096813170486712e-05,-3.688671147823334,3.0219553e-07,0.0,-0.039154052734375,-0.0001729341451416566
69000,-0.00022634203196503222,1.8862330648516945e-05,-3.6887111604213714,1.9043685e-07,0.0,0.04813927412033081,-0.00010929920529236802
69200,-0.0003761585394386202,1.7307270013589005e-05,-3.6886703968048096,3.5077335e-07,0.0,0.20024055242538452,-0.00017475014143111255
69400,-0.0004788363294210285,1.1583134846659959e-05,-3.6886745929718017,3.156066e-07,0.0,-0.07917904853820801,-0.0001536727253002912
69600,-0.00048500430420972407,2.3802187070032232e-05,-3.688664138317108,4.9889087e-07,0.0,-0.07212972640991211,-0.00022985936499777537
69800,-0.00014863687101751566,3.5419869436736914e-05,-3.688688188791275,2.9712916e-07,0.0,-0.0012958049774169922,-0.00016613104987972527
70000,-0.0003811684437096119,3.004557556778309e-05,-3.6887253344058992,3.2365324e-07,0.0,0.04149675369262695,-0.000172293678924873
70200,-0.0003733455669134855,2.0607754754564668e-05,-3.688648056983948,3.3050776e-07,0.0,-0.20056724548339844,-0.00017854261540488635
70400,-0.0004977210192009807,1.7235631639778147e-05,-3.6887066066265106,3.2275912e-07,0.0,0.12950164079666138,-0.00016169828117478245
70600,-0.00025064926012419164,2.830909443218843e-05,-3.6886779606342315,2.592802e-07,0.0,0.07514160871505737,-0.00014629083861903425
70800,-0.00028464815113693476,6.0615979691647226e-05,-3.6886899888515474,2.8878452e-07,0.0,-0.020976662635803223,-0.0001444732428495854
71000,-0.00034105099621228874,1.9360271949153685e-05,-3.6886898994445803,2.0861626e-07,0.0,0.08478027582168579,-0.00012436418187200537
71200,-0.0004956545308232307,1.6433470750598645e-05,-3.688675504922867,4.3869017e-07,0.0,0.17187410593032837,-0.0002173730600047774
71400,-0.0004503964155446738,7.434508756887226e-06,-3.6886886596679687,4.0411948e-07,0.0,-0.24978959560394287,-0.00020406171932526584
71600,-0.0002842846733983606,1.6757389789745503e-05,-3.6886688590049745,3.1352045e-07,0.0,-0.06916999816894531,-0.00013761070364702864
71800,-0.0005571640795096755,1.677579032275389e-05,-3.6886753380298614,4.1604042e-07,0.0,-0.08511817455291748,-0.00020413502922118633
72000,-0.00040305903530679643,1.5099533266038634e-05,-3.6886787533760073,3.0696393e-07,0.0,-0.0676724910736084,-0.00014511561333825363
72200,-0.00042522515286691487,5.9914999656029974e-05,-3.6886733293533327,3.8653613e-07,0.0,0.04488426446914673,-0.00017389429311323034
72400,-0.00020592274086084217,4.5242140640766595e-05,-3.688650345802307,3.2186506e-07,0.0,-0.13635671138763428,-0.0001246497108366107
72600,-0.0002121222496498376,2.5328077526864945e-05,-3.6886853158473967,3.680587e-07,0.0,0.019266963005065918,-0.00016491080807090608
72800,-0.0005063834832981229,3.145687119285867e-05,-3.688703340291977,2.4318695e-07,0.0,-0.16002106666564941,-0.00016931733464344844
73000,-0.00043745548464357853,2.7515910915099084e-05,-3.6886898279190063,4.5388936e-07,0.0,0.139418363571167,-0.00021264675210894702
73200,-0.0001965155970538035,1.9396930588300167e-05,-3.688680577278137,2.5808814e-07,0.0,-0.33045637607574463,-0.00013423345620000582
73400,-0.0005080519476905465,4.656752753362525e-05,-3.688668316602707,3.8862228e-07,0.0,-0.027244210243225098,-0.00016294909987575324
73600,-0.00030757577042095363,3.043809092559968e-05,-3.6886892139911653,2.8550625e-07,0.0,-0.07105469703674316,-0.00016561011957154647
73800,-0.00042178083094768226,1.3007244206164614e-05,-3.688687324523926,2.604723e-07,0.0,0.013559222221374512,-0.00015334910834301495
74000,-0.0005390297737903893,3.589023694985372e-05,-3.6886838912963866,4.4614077e-07,0.0,-0.019764304161071777,-0.00021928828909205665
74200,-0.000526119489222765,3.539139479471487e-05,-3.688673496246338,4.1306018e-07,0.0,-0.1290285587310791,-0.00023253431430418913
74400,-0.0004671321075875312,5.032622370890749e-05,-3.6886469304561613,4.6253206e-07,0.0,-0.0942462682723999,-0.00023423084776039716
74600,-0.00034041842445731163,2.701054618228227e-05,-3.6886487185955046,3.0249356e-07,0.0,0.1339094638824463,-0.0001467147476843067
74800,-0.0005579863209277391,3.455174569353403e-05,-3.688662403821945,4.0531157e-07,0.0,-0.00825965404510498,-0.00020338925742839907
75000,-0.000337671343004331,1.6431512358394683e-05,-3.6886834383010862,4.3541192e-07,0.0,0.11421412229537964,-0.00020644421648375878
75200,-0.00040508253732696176,5.565069013755419e-05,-3.6886418581008913,4.7147276e-07,0.0,-0.000873565673828125,-0.00017988614098012333
75400,-0.0004604628193192184,2.0461034068830486e-05,-3.6886689007282256,3.5881993e-07,0.0,-0.20338737964630127,-0.0002131928664786731
75600,-0.0005769645795226097,1.2320600990278763e-05,-3.6886803269386292,4.3600798e-07,0.0,0.1359516978263855,-0.00023012356556959546
75800,-0.0005443720147013664,4.5604715751323965e-05,-3.6886195600032807,3.427267e-07,0.0,-0.0965878963470459,-0.00018835165943391629
76000,-0.0004063403466716409,1.750354679188604e-05,-3.6886362433433533,2.8550625e-07,0.0,-0.11936259269714355,-0.00016000310387438433
76200,-0.00021188930259086192,4.18551121128985e-05,-3.6886551439762116,4.8875813e-07,0.0,0.04897338151931763,-0.00021239007865521132
76400,-0.0006677613127976656,4.082446689608332e-05,-3.688642477989197,5.891919e-07,0.0,-0.01771068572998047,-0.00024206528055481513
76600,-0.0005478117382153869,4.501729995354253e-05,-3.6886107981204987,4.452467e-07,0.0,-0.16423118114471436,-0.0001924778222110124
76800,-0.0004140964010730386,2.1515143566830373e-05,-3.688669556379318,2.6136638e-07,0.0,0.12507939338684082,-0.0001543152405052872
77000,-0.00028688559541478753,3.9650207145314195e-05,-3.688654899597168,2.837181e-07,0.0,-0.15804529190063477,-0.00016330971623284006
77200,-0.0005183145985938609,6.982388686083141e-05,-3.688647222518921,4.389882e-07,0.0,-0.0375140905380249,-0.00021882768242114102
77400,-0.0004562314716167748,3.667059850158694e-05,-3.688676208257675,4.053116e-07,0.0,-0.07281136512756348,-0.0001977542179270042
77600,-0.0002504370058886707,1.4542359826918982e-05,-3.688670980930328,2.9414895e-07,0.0,0.0494350790977478,-0.00017766352005992302
77800,-0.0005277491873130202,1.8671878478926374e-05,-3.6886199355125426,4.5001508e-07,0.0,0.010309576988220215,-0.00020289075284609658
78000,-0.00046204336103983223,1.1248096916460781e-05,-3.688629013299942,3.2991173e-07,0.0,-0.20537662506103516,-0.00018970571445967588
78200,-0.0003369609185028821,1.586364571721788e-05,-3.688655424118042,2.1636485e-07,0.0,-0.113075852394104,-0.00012106255435204716
78400,-0.0002761146752163768,1.788407903404732e-05,-3.6886447191238405,2.8461218e-07,0.0,0.038428306579589844,-0.0001430809946712408
78600,-0.0002603879838716239,2.9557335801655425e-05,-3.688677394390106,2.3514032e-07,0.0,0.002961099147796631,-0.00013685116600448133
78800,-0.0003519641177263111,2.337009691473213e-05,-3.688631349802017,3.1888484e-07,0.0,0.016782164573669434,-0.0001768048107073261
79000,-0.0004730827931780368,4.4470073817137745e-05,-3.6886688828468324,3.0010938e-07,0.0,-0.019625067710876465,-0.00016723094003028293
79200,-0.0006788704777136445,1.0320727085399994e-05,-3.6886500835418703,4.4882296e-07,0.0,-0.2499830722808838,-0.0002222121798008736
79400,-0.00042137844138778746,2.2245903301154614e-05,-3.688700407743454,2.9593707e-07,0.0,-0.09552156925201416,-0.00015433616202544797
79600,-0.0005217803991399705,1.827328444505838e-05,-3.688670891523361,3.7074088e-07,0.0,-0.10072898864746094,-0.00017998735623347972
79800,-0.00032142497366294265,4.585001588566229e-05,-3.688656747341156,4.1872264e-07,0.0,-0.013524293899536133,-0.00020314503162182084
80000,-0.0006272272439673543,1.9305609339426155e-05,-3.6886469662189483,6.0826545e-07,0.0,-0.0794152021408081,-0.00023969619722242764
80200,-0.00023190765932668,1.5165095192060107e-05,-3.688639670610428,3.6120414e-07,0.0,-0.1507093906402588,-0.00018336172341810731
80400,-0.0004176504153292626,1.6193524413665727e-05,-3.6886689722537995,2.679229e-07,0.0,0.031889259815216064,-0.00016656582006493447
80600,-0.0003451241645962,8.209794492586297e-06,-3.688640260696411,3.1113623e-07,0.0,-1.427126407623291,-0.00014224332202008582
80800,-0.00034694740315899253,5.478517272194949e-06,-3.6886499524116516,3.0577183e-07,0.0,-1.6902892589569092,-0.0001807857991428463
81000,-0.0007332268287427723,4.383359762982764e-06,-3.6886489391326904,4.7355894e-07,0.0,-0.1396726369857788,-0.00023536574852913716
81200,-0.0004644434084184468,3.4356859856643494e-06,-3.688681012392044,3.5792587e-07,0.0,-2.748958110809326,-0.0002081525321778077
81400,-0.0005106340977363288,2.665880953145461e-06,-3.6886377394199372,2.926588e-07,0.0,-0.9842911958694458,-0.00018336978516870773
81600,-0.00022612043539993465,2.180030982401604e-06,-3.6886386215686797,4.2498112e-07,0.0,0.13375335931777954,-0.00019694861001352538
81800,-0.0004265430907253176,1.8974350496137048e-06,-3.688643217086792,6.279349e-07,0.0,-2.9123318195343018,-0.00023311471902198733
82000,-0.0003830271016340703,1.6117257970904574e-06,-3.6886475324630736,3.9070844e-07,0.0,-8.03439712524414,-0.00017858649767390488
82200,-0.0003943601332139224,1.181120602922192e-06,-3.688643914461136,3.2871964e-07,0.0,-7.802239418029785,-0.0001684769094684846
82400,-0.00033909332705661654,9.366182332826156e-07,-3.6886158347129823,4.1186811e-07,0.0,-1.6665105819702148,-0.00019426529199018105
82600,-0.0003544191422406584,1.0497616202087557e-06,-3.6886571407318116,2.8312206e-07,0.0,-7.275064468383789,-0.0001518467374117094
82800,-0.00021553528495132923,7.000583828187246e-07,-3.6886644840240477,1.3679266e-07,0.0,-5.742367267608643,-8.85007829410256e-05
83000,-0.00036696999450214207,8.187433955697542e-07,-3.6886356294155123,3.248453e-07,0.0,-5.095525741577148,-0.00014772243051712762
83200,-0.00044245965545997024,5.80841774677765e-07,-3.688632124662399,5.581975e-07,0.0,-7.108448028564453,-0.0001986107675315374
83400,-0.0003978312888648361,1.0076115401602693e-06,-3.6886627793312075,2.9146673e-07,0.0,-1.6003987789154053,-0.0001506132782327363
83600,-0.0005396835040301085,6.741308496316378e-07,-3.6886659920215608,3.0845405e-07,0.0,-4.578357696533203,-0.00016252523520199347
83800,-0.0003515755233820528,6.740015813022638e-07,-3.6886024177074432,4.8011543e-07,0.0,-10.242133140563965,-0.0001893084347937002
84000,-0.0004018743638880551,8.447003452261015e-07,-3.68863930106163,3.7521124e-07,0.0,-10.32584285736084,-0.00017973259070602765
84200,-0.00036800751695409417,4.064607523446284e-07,-3.688632607460022,2.6226044e-07,0.0,-9.752798080444336,-0.00016327974091296938
84400,-0.00028968643164262176,5.130716807855151e-07,-3.688653069734573,2.8371812e-07,0.0,-11.20837688446045,-0.0001479733887545187
84600,-0.00032691159867681563,6.518655915499493e-07,-3.688631445169449,4.002452e-07,0.0,-4.249212741851807,-0.00019235304102280804
84800,-0.0005298419273458421,4.649592487027121e-07,-3.6886363089084626,3.0905008e-07,0.0,-8.118258476257324,-0.0001648472555814906
85000,-0.0005102804861962795,5.676003972610033e-07,-3.6886604487895966,3.7550925e-07,0.0,-5.367183208465576,-0.00020206435006686618
85200,-0.000343472755048424,5.957367719133799e-07,-3.688632309436798,2.7894976e-07,0.0,-6.7549238204956055,-0.0001428271087549504
85400,-0.00047389103565365076,6.342636361011955e-07,-3.6886567533016206,4.7385691e-07,0.0,-5.801900386810303,-0.00018312704507843501
85600,-0.0005011608591303229,5.68931412914253e-07,-3.688620150089264,3.4034252e-07,0.0,-5.576929092407227,-0.0001613891192716932
85800,-0.0004452818538993597,4.5918454247839693e-07,-3.6886739313602446,3.1650066e-07,0.0,-0.5104143619537354,-0.00015520705188714067
86000,-0.00042813271284103394,5.541192301450337e-07,-3.6886450588703155,2.8520822e-07,0.0,-10.196610450744629,-0.0001509233187416692
86200,-0.00035660984576679766,5.729830327538821e-07,-3.68864483833313,2.8669834e-07,0.0,-4.095405101776123,-0.00015406463974909634
86400,-0.00031172073795460165,4.158413922539239e-07,-3.6885858118534087,4.7981734e-07,0.0,-6.139420986175537,-0.00017994107471996923
86600,-0.00023795480956323445,3.774160383329672e-07,-3.6886587738990784,3.6895275e-07,0.0,-2.688265562057495,-0.00015062768061201436
86800,-0.00042266384116373956,5.834438056240287e-07,-3.6886817634105684,3.1530857e-07,0.0,-6.512165546417236,-0.00018358854140035352
87000,-0.00042985237087123096,1.940234511721428e-07,-3.688641482591629,4.273653e-07,0.0,-2.089996099472046,-0.00018392827685151936
87200,-0.0003341177653055638,4.75189612103577e-07,-3.688615643978119,4.413724e-07,0.0,-10.379952430725098,-0.00020073567229428324
87400,-0.0004779616429004818,3.93666346099053e-07,-3.688636964559555,3.5583972e-07,0.0,-8.23738956451416,-0.00016101610032226432
87600,-0.00037985772360116243,4.801302637247318e-07,-3.6886571824550627,4.2289497e-07,0.0,-3.399472713470459,-0.000191073462388891
87800,-0.0003581741766538471,3.2371110449957994e-07,-3.6886062622070312,3.656745e-07,0.0,-5.16919469833374,-0.00017304756514868735
88000,-0.00034772686194628477,5.318149760569213e-07,-3.688615971803665,3.0308962e-07,0.0,-8.10303020477295,-0.00013649719955106666
88200,-0.0005008844891563058,4.490920332500536e-07,-3.688625752925873,3.1113626e-07,0.0,-4.191867351531982,-0.00016491465342225454
88400,-0.00044312974205240607,4.1786752120742675e-07,-3.688606733083725,4.3720004e-07,0.0,-3.669931411743164,-0.00020550568466295437
88600,-0.00040825200267136097,3.0131075554606925e-07,-3.6886031329631805,4.1127205e-07,0.0,-3.0261197090148926,-0.0001962282060471665
88800,-0.00042535431566648185,3.3885778556452805e-07,-3.688640159368515,2.402067e-07,0.0,-3.7300987243652344,-0.00014122557655218415
89000,-0.00015628841356374323,6.283992910027792e-07,-3.688614934682846,3.3289194e-07,0.0,-5.791037082672119,-0.00016294485285754944
89200,-0.00032696532434783876,4.5803105308550585e-07,-3.6886341154575346,3.4928323e-07,0.0,-2.7013401985168457,-0.00018604029689157643
89400,-0.00034774711821228266,4.750118812069104e-07,-3.688626527786255,2.4944543e-07,0.0,-3.622786045074463,-0.00014007437084644357
89600,-0.0006249045254662633,6.321663306607661e-07,-3.6886080741882323,3.8534404e-07,0.0,-8.148759841918945,-0.0002037208974966287
89800,-0.00038876215694472194,5.595299434446588e-07,-3.6886248886585236,4.4703484e-07,0.0,-3.715134620666504,-0.0001958133275540952
90000,-0.00045153131941333413,3.387181962466457e-07,-3.688641744852066,3.182888e-07,0.0,-4.483469486236572,-0.00017736455193653188
90200,-0.0005062971031293273,5.460442025650991e-07,-3.6886277914047243,3.7789346e-07,0.0,-10.883896827697754,-0.00020303794718317113
90400,-0.000282344437437132,5.071487919394713e-07,-3.688640093803406,2.5540592e-07,0.0,-6.3816633224487305,-0.00013680417773094257
90600,-0.00034489374957047403,3.3928917844150417e-07,-3.688625228404999,3.2752754e-07,0.0,-3.4721970558166504,-0.00017388252855470298
90800,-0.0007525763940066099,3.4178581813648635e-07,-3.688592094182968,6.8813563e-07,0.0,-3.6474709510803223,-0.0002599897253171557
91000,-0.00027652873541228473,5.546311300008711e-07,-3.6886271238327026,2.5182962e-07,0.0,-3.643988609313965,-0.00014069847646531742
91200,-0.0002839236694853753,3.366248801484062e-07,-3.6885979950428007,3.436208e-07,0.0,-1.859623670578003,-0.00014606196500097646
91400,-0.0006415665266104043,5.56121563022316e-07,-3.6886022686958313,4.3064358e-07,0.0,-2.5016937255859375,-0.00019196894843309664
91600,-0.00027014859369955957,3.9902941679770264e-07,-3.6885806739330294,4.082918e-07,0.0,-3.7460732460021973,-0.0001850703509874152
91800,-0.0007142119575291872,3.8124813883655406e-07,-3.688619148731232,4.225969e-07,0.0,-1.7841541767120361,-0.00021476337394119583
92000,-0.0005157040432095528,4.461327691274164e-07,-3.688591068983078,4.4375656e-07,0.0,-6.2582502365112305,-0.0002164524352033348
92200,-0.00040539688779972494,5.772794096969847e-07,-3.688639235496521,2.95341e-07,0.0,-5.729186058044434,-0.00016139793454385541
92400,-0.0005407949211075902,2.9673783394912336e-07,-3.68861323595047,3.349781e-07,0.0,-1.8010571002960205,-0.0001573849923145243
92600,-0.00044508237624540925,5.901094375815319e-07,-3.6886161863803864,4.0203332e-07,0.0,-3.4002609252929688,-0.0001989370572894389
92800,-0.00043254700722172856,5.082420415192246e-07,-3.6886090278625487,3.609061e-07,0.0,-2.721057415008545,-0.00016464672182534557
93000,-0.00041273306123912334,2.967821970401019e-07,-3.6886132836341856,3.0487774e-07,0.0,-1.1178600788116455,-0.00016016431051872891
93200,-0.0003634829190559685,5.108835686939983e-07,-3.6885905265808105,3.731251e-07,0.0,-4.277672290802002,-0.00020705692493831475
93400,-0.00020113667414989322,4.0652656565498544e-07,-3.688625067472458,2.1189452e-07,0.0,-2.5963807106018066,-0.0001127006098686545
93600,-0.0005368940182961524,4.1055933905909117e-07,-3.6885986804962156,2.9802322e-07,0.0,-5.56463623046875,-0.0001382184620947191
93800,-0.0004180034447927028,4.523029197400774e-07,-3.6886260509490967,3.85046e-07,0.0,-5.652517318725586,-0.0001862054329015428
94000,-0.0004628582682926208,5.292354089192486e-07,-3.6886294901371004,3.1411648e-07,0.0,-4.842458248138428,-0.00018661788001816948
94200,-0.0004769069200847298,3.2692735842942964e-07,-3.6886105954647066,3.1918287e-07,0.0,-2.9294753074645996,-0.00015730583621313964
94400,-0.00030473482911475003,3.9577757817710333e-07,-3.68860804438591,4.774332e-07,0.0,-8.0545015335083,-0.00019795817017325134
94600,-0.0006665967521257699,3.172645740789903e-07,-3.688602954149246,5.069375e-07,0.0,-5.974864482879639,-0.0002194986475013483
94800,-0.0005355864996090531,4.582829625121576e-07,-3.688604015111923,4.2825937e-07,0.0,-4.511157989501953,-0.00020576410698458503
95000,-0.00019524956587702036,3.661142812916296e-07,-3.688610905408859,2.3365021e-07,0.0,-10.891080856323242,-0.0001336689201896002
95200,-0.0004968662979081273,3.9828934959018627e-07,-3.688618367910385,4.1514636e-07,0.0,-4.821009635925293,-0.00022618489031015488
95400,-0.00021506640769075602,3.4789302745252825e-07,-3.688612699508667,2.4944543e-07,0.0,-2.753944158554077,-0.00012186583804998374
95600,-0.00029478626674972475,3.4981748413542847e-07,-3.6886208236217497,3.6120414e-07,0.0,-3.476569652557373,-0.0002017158122873841
95800,-0.00026342144701629877,3.550476915137324e-07,-3.6886214554309844,3.108382e-07,0.0,-2.1157002449035645,-0.00014511251346105425
96000,-0.0005802862579002976,3.5665719053668e-07,-3.688596338033676,4.273653e-07,0.0,-1.4281487464904785,-0.0001877479564582174
96200,-0.0003004517056979239,5.252203749250839e-07,-3.688639360666275,2.6524066e-07,0.0,-4.1103997230529785,-0.00016602963221408197
96400,-0.00035302466130815446,3.8953072660774525e-07,-3.688638812303543,2.1904705e-07,0.0,-0.2869642972946167,-0.00013313245030781572
96600,-0.0004429043037816882,5.199226947638636e-07,-3.6886316895484925,2.2321939e-07,0.0,-7.154453277587891,-0.00013076397155451503
96800,-0.00040440692100673914,3.911477239881833e-07,-3.6886025726795197,5.5134296e-07,0.0,-2.993697166442871,-0.0002311165035968177
97000,-0.0005626755300909281,4.829823680552181e-07,-3.6886458456516267,2.9921532e-07,0.0,-5.5148091316223145,-0.0001864104574533565
97200,-0.00045105593744665384,3.559331602787097e-07,-3.6886016547679903,3.4719704e-07,0.0,-8.709135055541992,-0.00018171575683709751
97400,-0.00033940275898203254,3.876769476107711e-07,-3.688633990287781,3.3944846e-07,0.0,-3.6414570808410645,-0.00016286668259795077
97600,-0.0005224071792326868,4.4396452238970594e-07,-3.6885993838310243,3.5822393e-07,0.0,-9.198136329650879,-0.0001593101474636649
97800,-0.0004741362063214183,4.1920438533793456e-07,-3.688599097728729,4.3392183e-07,0.0,-4.8083815574646,-0.0002152331779612937
98000,-0.0006206183461472392,3.716961060717949e-07,-3.688633644580841,4.87566e-07,0.0,-3.5945992469787598,-0.0002488841560968957
98200,-0.00039942286093719304,3.081263024284908e-07,-3.6886189460754393,3.325939e-07,0.0,-4.653989315032959,-0.00019668134993970908
98400,-0.0004241851274855435,4.779735384374817e-07,-3.6886237978935243,2.783537e-07,0.0,-4.217826843261719,-0.00015297630356201353
98600,-0.0005362639203667641,3.0080000215093603e-07,-3.6886384427547454,4.4077635e-07,0.0,-4.035232067108154,-0.000192795067292989
98800,-0.0003141576307825744,4.685864951170515e-07,-3.688619464635849,3.322959e-07,0.0,-2.0446183681488037,-0.00015984343098196518
99000,-0.0004103831306565553,4.2891847229498126e-07,-3.6886587858200075,2.0444392e-07,0.0,-5.244874477386475,-0.00011085851799570445
99200,-0.00030943143065087497,5.459017266673527e-07,-3.6886066436767577,3.9100647e-07,0.0,-2.827676296234131,-0.00018667909537226635
99400,-0.0005613068933598697,3.435346943803097e-07,-3.688604587316513,4.3183564e-07,0.0,-2.385427236557007,-0.00018988144898726133
99600,-0.0006352950003929436,4.95977114667312e-07,-3.688585263490677,5.2154064e-07,0.0,-3.159290313720703,-0.00023036295067946355
99800,-0.000249313423410058,3.202215442144052e-07,-3.688591605424881,4.3720007e-07,0.0,-5.098778247833252,-0.0001803178022448726
100000,-0.0003447999188210815,4.316086432254451e-07,-3.688631480932236,2.655387e-07,0.0,-2.2377898693084717,-0.00014863726378575582
100200,-0.0004264494637027383,6.198276729207919e-07,-3.688614493608475,4.0143726e-07,0.0,-3.881230354309082,-0.00020321407946357616
100400,-0.0005440928507596254,6.603393259752011e-07,-3.688565897941589,3.8474798e-07,0.0,-6.256466388702393,-0.00019270616848041656
100600,-0.0005543315783143044,4.592164728478565e-07,-3.688581383228302,5.289912e-07,0.0,-2.6016528606414795,-0.00022169315939395416
100800,-0.0004301267326809466,5.766306450993852e-07,-3.68860884308815,3.4600495e-07,0.0,-5.664378643035889,-0.00018030261973501772
101000,-0.00033094233367592096,3.601783170381623e-07,-3.688648498058319,2.861023e-07,0.0,-4.4557204246521,-0.0001680403797428287
101200,-0.00041476075421087444,3.303590617065311e-07,-3.688585948944092,2.8580428e-07,0.0,-5.839961528778076,-0.00014638945562550632
101400,-0.00047250825446099043,5.301994079331962e-07,-3.6885896801948546,3.117323e-07,0.0,-4.387505054473877,-0.00016218002137224907
101600,-0.0003059048322029412,5.046197344427128e-07,-3.6886218428611754,2.461672e-07,0.0,-3.1065573692321777,-0.00014741982107466245
101800,-0.0003553793649189174,5.471158821990229e-07,-3.6886165142059326,3.093481e-07,0.0,-1.9527924060821533,-0.0001684116424004234
102000,-0.00047049313434399664,4.7233505711119507e-07,-3.6885963559150694,3.4838916e-07,0.0,-1.0715532302856445,-0.00017492307578930165
102200,-0.0004320505540817976,3.859816359863544e-07,-3.688613939285278,2.8014182e-07,0.0,-2.143282413482666,-0.0001599063884940577
102400,-0.0005809657159261405,4.412687999888476e-07,-3.6886110067367555,4.7594307e-07,0.0,-0.27193212509155273,-0.0002163035350640552
102600,-0.000508930126670748,4.549948997123465e-07,-3.6886050701141357,4.5448542e-07,0.0,-4.082357406616211,-0.0001850532740525157
102800,-0.00046215654583647847,4.782107573930717e-07,-3.688647025823593,3.8981437e-07,0.0,-2.675649404525757,-0.00020561211602276863
103000,-0.0004979802761226892,6.203747702215878e-07,-3.6886176764965057,5.1230194e-07,0.0,-2.643460750579834,-0.0002441859983080219
103200,-0.00042507052421569824,3.2679514809785816e-07,-3.6885873436927796,4.518032e-07,0.0,-2.2149407863616943,-0.00017466191969924826
103400,-0.00040308042662218213,3.039981702812611e-07,-3.6885896742343904,4.297495e-07,0.0,-4.046166896820068,-0.0001742810451673904
103600,-0.0004931853036396205,4.361306785938268e-07,-3.688564324378967,5.2243473e-07,0.0,-6.7329792976379395,-0.0002234495567363437
103800,-0.00036725771497003734,5.128081106420268e-07,-3.688626968860626,2.30968e-07,0.0,-6.696130752563477,-0.00014057840232799544
104000,-0.0004853395512327552,3.492110252523162e-07,-3.688600444793701,3.6478042e-07,0.0,-5.854389667510986,-0.00018187287455702085
104200,-0.0003801327256951481,3.9023670481697084e-07,-3.688607370853424,3.7163497e-07,0.0,-3.4568371772766113,-0.0001935811649233843
104400,-0.0004437680763658136,4.662502547603253e-07,-3.6886146903038024,3.0070544e-07,0.0,-3.183138370513916,-0.00015709874128835288
104600,-0.0004337949212640524,4.5401807540201845e-07,-3.688585889339447,3.093481e-07,0.0,-1.4773900508880615,-0.0001456920654891336
104800,-0.00029881647787988186,4.824868881314614e-07,-3.688615196943283,2.5063753e-07,0.0,-5.242125511169434,-0.0001269086894349236
105000,-0.0003594181325752288,2.8554808402248e-07,-3.6885718524456026,2.7567148e-07,0.0,-2.212719440460205,-0.00017574039940632113
105200,-0.0003442324814386666,5.415269676234402e-07,-3.6885805070400237,3.4600498e-07,0.0,-3.211500644683838,-0.00017280717134122715
105400,-0.0008039208478294313,4.6930063462014006e-07,-3.688594341278076,5.415082e-07,0.0,-1.9849884510040283,-0.00026786425818283723
105600,-0.0005523784784600139,3.7796502709852576e-07,-3.688579189777374,4.3451786e-07,0.0,-4.0058112144470215,-0.00019684645561097726
105800,-0.0004063848755322397,3.671184607867417e-07,-3.688594526052475,4.2289494e-07,0.0,-1.7763946056365967,-0.00017899226910835785
106000,-0.00040442304452881217,5.310509571643252e-07,-3.688591605424881,2.962351e-07,0.0,-3.328284740447998,-0.0001678030343439385
106200,-0.0005040058749727905,2.0859004621343046e-07,-3.6886266589164736,3.0696393e-07,0.0,0.5302204489707947,-0.00017827442304115814
106400,-0.0003982547204941511,3.8825902883843353e-07,-3.688584625720978,6.064773e-07,0.0,-6.791343688964844,-0.0002257687307578582
106600,-0.0002300844353158027,5.634232962847818e-07,-3.688601094484329,1.9699334e-07,0.0,-4.13550329208374,-0.00011519359800672424
106800,-0.0005922692362219095,3.0992585138278627e-07,-3.6885945200920105,3.6001205e-07,0.0,-2.539801836013794,-0.00020732959353073622
107000,-0.00031397835118696094,6.265015343842606e-07,-3.688620376586914,2.8699637e-07,0.0,-2.155655860900879,-0.00015157439634161385
107200,-0.0005028105224482715,4.0214059708887363e-07,-3.6886011183261873,3.054738e-07,0.0,-3.817537784576416,-0.00018357738859391403
107400,-0.00037630953011102974,3.861898100865346e-07,-3.6885594487190247,2.977252e-07,0.0,-6.597981929779053,-0.00015096777679650674
107600,-0.0002086702297674492,5.035504905492871e-07,-3.6886003017425537,3.620982e-07,0.0,-6.952615737915039,-0.00018448848986440947
107800,-0.000414298236137256,2.5541431369902057e-07,-3.6885736644268037,3.8325786e-07,0.0,-2.222899913787842,-0.00018398130071227702
108000,-0.0007471417775377631,3.820530274367684e-07,-3.688566642999649,8.791685e-07,0.0,-1.8046884536743164,-0.00026669119265445575
108200,-0.00044421348138712347,4.4125390488147784e-07,-3.688599169254303,3.9339065e-07,0.0,-4.148329734802246,-0.00020326986297365402
108400,-0.00044043289381079376,5.587782425209298e-07,-3.688602215051651,3.1501057e-07,0.0,-6.391776084899902,-0.0001629927761177985
108600,-0.00037757810787297785,4.390100066586911e-07,-3.6885614931583404,3.1948088e-07,0.0,-2.619809627532959,-0.0001547310798971413
108800,-0.0004995415802113712,3.977130443644228e-07,-3.6886242270469665,4.0709972e-07,0.0,-6.673685073852539,-0.00020107793871726454
109000,-0.000421146338339895,3.384314144483369e-07,-3.688590979576111,3.5643578e-07,0.0,-1.7729361057281494,-0.0001926549740235872
109200,-0.00034467040677554905,6.497737047084229e-07,-3.688585937023163,2.5361777e-07,0.0,-7.397747993469238,-0.0001349177955234482
109400,-0.00029039624496363103,2.8708943844435453e-07,-3.688598465919495,3.6090614e-07,0.0,-2.6665151119232178,-0.00019488306355706087
109600,-0.0003905009652953595,5.932330260804974e-07,-3.688573044538498,3.2037497e-07,0.0,-7.420139312744141,-0.0001773048030002
109800,-0.0003052304673474282,3.7860544352952277e-07,-3.6885727286338805,2.5779008e-07,0.0,-2.9350955486297607,-0.0001327279343104726
110000,-0.0005036428337916732,3.0455226962544657e-07,-3.688526713848114,3.3587216e-07,0.0,-6.854843616485596,-0.0001526658156606131
110200,-0.00024592288536950946,6.089804251985242e-07,-3.688595914840698,3.97861e-07,0.0,-4.640390396118164,-0.00019737945445666983
110400,-0.00028534643934108317,5.198066240552635e-07,-3.688565504550934,2.3096801e-07,0.0,-4.3895745277404785,-0.00012303921659060358
110600,-0.0002415243216091767,4.561876302489054e-07,-3.6885506868362428,2.1338464e-07,0.0,-1.2214899063110352,-0.00013566611618762714
110800,-0.00021850169287063181,6.061936559831338e-07,-3.6885835409164427,3.9130447e-07,0.0,-4.22491979598999,-0.0001665178399250622
111000,-0.0005723412614315748,4.5340833239038146e-07,-3.688571059703827,3.8892028e-07,0.0,-6.768078327178955,-0.0002066315877550462
111200,-0.0004886414972133934,4.366487587503798e-07,-3.6885372698307037,6.1273573e-07,0.0,-5.7723164558410645,-0.00027651838896658454
111400,-0.0004336578131187707,4.618637021280847e-07,-3.688564431667328,2.5212768e-07,0.0,-2.5848875045776367,-0.00014129163347592621
111600,-0.0003198241756763309,5.573312257922681e-07,-3.68857781291008,3.9756299e-07,0.0,-3.4869351387023926,-0.00017058604888666728
111800,-0.00021889789786655456,4.2440160612500223e-07,-3.6885711669921877,3.2812358e-07,0.0,-5.624663352966309,-0.00014997737941988554
112000,-0.0005425222334451973,1.9468840548597654e-07,-3.688530480861664,4.509091e-07,0.0,-3.675462245941162,-0.00020235970474731247
112200,-0.00029150102636776865,3.0875917040873445e-07,-3.688582295179367,2.512336e-07,0.0,-6.554070949554443,-0.00013530537583541502
112400,-0.0004392214468680322,3.5503999527009e-07,-3.688543528318405,4.2676925e-07,0.0,-5.525759696960449,-0.00018418141444703773
112600,-0.00040821166476234794,4.2620042179919436e-07,-3.6885115921497347,3.9458274e-07,0.0,-3.796525001525879,-0.0001654931859181863
112800,-0.00029233546229079366,3.129066929119517e-07,-3.688560789823532,3.0308962e-07,0.0,-5.1222968101501465,-0.0001631232362852897
113000,-0.00024851737543940544,5.37821114221515e-07,-3.68859041929245,2.7120115e-07,0.0,-6.445072174072266,-0.00013463130717650262
113200,-0.0006234555039554834,3.8903520831468087e-07,-3.6885080575942992,5.5521724e-07,0.0,-7.703317642211914,-0.00022090298046828494
113400,-0.00047480600187554955,5.030099373470876e-07,-3.688565331697464,2.8073788e-07,0.0,-6.558583736419678,-0.00015541912866843255
113600,-0.0006026866030879319,3.6623011325787045e-07,-3.6885292887687684,5.9425827e-07,0.0,-7.688364028930664,-0.0002731642415946922
113800,-0.00037480919854715466,5.46346068119874e-07,-3.6885402143001556,2.6613475e-07,0.0,-2.5471956729888916,-0.0001458758120179482
114000,-0.00027307719574309886,6.254525374060904e-07,-3.688576930761337,3.3944846e-07,0.0,-5.186240196228027,-0.00018905330158304202
114200,-0.000400384800741449,2.3550272416628103e-07,-3.6885223150253297,5.424023e-07,0.0,-3.9518532752990723,-0.000247319011374425
114400,-0.00018554007692728192,4.1697599044709933e-07,-3.68852042555809,4.336238e-07,0.0,-2.4369957447052,-0.00017859557436565864
114600,-0.0003863713354803622,5.0336107975113e-07,-3.6885291278362273,3.7252903e-07,0.0,-4.046231269836426,-0.0001424081308297076
114800,-0.00047745389747433364,5.475561451362409e-07,-3.688542342185974,3.2871964e-07,0.0,-1.6337475776672363,-0.00017503591586698342
115000,-0.0006309519521892071,2.6700645285870903e-07,-3.688548505306244,4.670024e-07,0.0,-2.635713815689087,-0.0002207582749809589
115200,-0.00045671776751987636,4.915320381826405e-07,-3.6885887503623964,4.7385694e-07,0.0,-7.57485294342041,-0.00023349498933395997
115400,-0.00036104462924413383,4.2317751507425784e-07,-3.688555437326431,3.960729e-07,0.0,-3.678765296936035,-0.0001782103932691237
115600,-0.0002819283399730921,4.846703696159693e-07,-3.688581198453903,2.2947788e-07,0.0,-3.6414523124694824,-0.0001386436681632297
115800,-0.000323093292536214,5.169719209163759e-07,-3.688553786277771,3.0189753e-07,0.0,-7.2424421310424805,-0.00016230805280601502
116000,-0.0006499939481727779,3.496992142970612e-07,-3.6885008990764616,6.771088e-07,0.0,-5.586556911468506,-0.00020609173279535488
116200,-0.00012428768968675286,5.979807212952437e-07,-3.6885446906089783,2.8818846e-07,0.0,-2.0913143157958984,-0.00014293500773896462
116400,-0.0003916624409612268,4.61313049271439e-07,-3.6885665237903593,2.554059e-07,0.0,-12.354228019714355,-0.00015140612311939083
116600,-0.0002804491959977895,5.299307517248053e-07,-3.688573884963989,2.7090312e-07,0.0,-4.391440391540527,-0.000141140460674527
116800,-0.0006803267169743776,3.1560113917805664e-07,-3.688532817363739,5.355477e-07,0.0,-1.881894826889038,-0.0002581292438678662
117000,-0.00041219996637664735,3.105593478380797e-07,-3.6885213434696196,3.287196e-07,0.0,-2.896556854248047,-0.00016179953578649987
117200,-0.00030506710754707456,3.4201547371992547e-07,-3.6885596394538878,3.6150217e-07,0.0,-4.826831817626953,-0.00020750299142366924
117400,-0.00014160838327370584,4.549653091601158e-07,-3.6884817242622376,3.7938355e-07,0.0,-4.6678643226623535,-0.00015587213545358302
117600,-0.0002890213509090245,5.493750037999235e-07,-3.6885239362716673,2.899766e-07,0.0,-6.5024094581604,-0.00014499528628655333
117800,-0.0003716890059877187,3.6727073080555785e-07,-3.6885156989097596,4.455447e-07,0.0,-4.487427711486816,-0.00020171001495927765
118000,-0.000534834573045373,4.0900598463622373e-07,-3.688553309440613,2.911687e-07,0.0,-3.065516471862793,-0.00013206876700844195
118200,-0.0006261261878535151,3.840153404155444e-07,-3.688497394323349,4.9710275e-07,0.0,-5.050872802734375,-0.00022806082728914489
118400,-0.000521122186910361,4.816904180415804e-07,-3.688483589887619,4.6283006e-07,0.0,-5.35754919052124,-0.0001843981014878815
118600,-0.0002800647635012865,3.328617815157031e-07,-3.688547080755234,2.7686357e-07,0.0,-1.672041893005371,-0.00014470720256997137
118800,-0.00036100749275647104,3.8261013699525395e-07,-3.6884844064712525,3.0487777e-07,0.0,-4.653120994567871,-0.0001399055865585974
119000,-0.0005220001912675798,3.728419034843e-07,-3.6885530769824983,4.0769578e-07,0.0,-4.877567768096924,-0.00018521796375825517
119200,-0.0004066617402713746,3.828909299841143e-07,-3.6884973287582397,4.1753054e-07,0.0,-4.824357032775879,-0.00018848059662164297
119400,-0.0002876362996175885,5.427710945582475e-07,-3.688573843240738,2.9236077e-07,0.0,-4.270329475402832,-0.00017358238364022504
119600,-0.0003271186142228544,4.365843196296737e-07,-3.6885207176208494,2.530217e-07,0.0,-4.399366855621338,-0.00014456430935991805
119800,-0.00029536194051615894,4.666687139831538e-07,-3.68850799202919,2.2500754e-07,0.0,-7.919589042663574,-0.0001409339747869387
120000,-0.0004193210625089705,3.567694186301651e-07,-3.6885556817054748,3.2037497e-07,0.0,-3.126586437225342,-0.00016534712727058753
120200,-0.0004491890431381762,5.538358465173587e-07,-3.688563823699951,2.43783e-07,0.0,-6.218998908996582,-0.00014950539189865776
120400,-0.0005908770253881812,6.051162806386401e-07,-3.6885381519794462,3.5852193e-07,0.0,-2.6429619789123535,-0.00018658694536362043
120600,-0.0006267812568694353,4.7616819855988977e-07,-3.688519537448883,3.489852e-07,0.0,-4.0509867668151855,-0.00019881548169105036
120800,-0.0002566880139056593,4.4739412530248046e-07,-3.688488084077835,3.8087367e-07,0.0,-2.4320411682128906,-0.00016636918503918353
121000,-0.0003850969660561532,5.071310205551071e-07,-3.6884929537773132,6.2048434e-07,0.0,-7.7699174880981445,-0.00022562322100609932
121200,-0.0003898416180163622,3.6918092867210816e-07,-3.688566416501999,2.6583672e-07,0.0,-4.076679706573486,-0.00014895832594413738
121400,-0.0006986178923398256,4.2081413518246793e-07,-3.6884750068187713,5.838275e-07,0.0,-2.8704638481140137,-0.00023409202577568956
121600,-0.00037805878673680127,4.1640785468644027e-07,-3.688518595695496,4.1007993e-07,0.0,-2.2049951553344727,-0.00019480508251672467
121800,-0.00046058185398578644,5.907698955809337e-07,-3.688457804918289,3.9845705e-07,0.0,-3.8498892784118652,-0.00017241185918237534
122000,-0.0002700306649785489,4.573752043768309e-07,-3.6885177552700044,3.167987e-07,0.0,-5.071076393127441,-0.000149737356032964
122200,-0.0003625129465945065,4.2780827556043734e-07,-3.688496100902557,3.2812358e-07,0.0,-9.5209321975708,-0.00014936545491979204
122400,-0.0006477288552559912,3.8954968246684983e-07,-3.6884860038757323,4.5835972e-07,0.0,-3.251119613647461,-0.00019621066822446133
122600,-0.0003843899758066982,2.877363975528624e-07,-3.6885435044765473,2.0563601e-07,0.0,-5.485004901885986,-0.00014561577106075863
122800,-0.0003032604872714728,4.957257843329898e-07,-3.6885025560855866,2.914667e-07,0.0,-2.5973663330078125,-0.00013960802434132003
123000,-0.000406984006986022,6.739376161135624e-07,-3.6885314285755157,4.4584274e-07,0.0,-2.9943618774414062,-0.0002215922487197597
123200,-0.0004058482882101089,2.5768435953921196e-07,-3.6885077476501467,2.6911496e-07,0.0,-3.724895477294922,-0.00014219071780861015
123400,-0.00032635859679430723,5.203437602574468e-07,-3.6885419726371764,1.8924473e-07,0.0,-4.504431247711182,-0.000128952308271435
123600,-0.0004155817732680589,2.491514845104348e-07,-3.6885224878787994,3.451109e-07,0.0,-4.087719440460205,-0.00017511385747408513
123800,-0.0002808889257721603,3.29017231592843e-07,-3.6884985625743867,3.1620263e-07,0.0,-3.6172146797180176,-0.00017102897938661154
124000,-0.00044272493687458336,4.2975073100137706e-07,-3.6885167717933656,3.6448242e-07,0.0,-7.425498008728027,-0.0001985034495011917
124200,-0.0004276200197637081,3.915087784633897e-07,-3.6885410487651824,3.1441454e-07,0.0,-4.684463024139404,-0.00019967076061863098
124400,-0.0003247319837100804,4.759037672386057e-07,-3.688547098636627,3.2693148e-07,0.0,-5.076122283935547,-0.00018142554053202087
124600,-0.0005460674874484539,2.6430061481619307e-07,-3.688566452264786,3.501773e-07,0.0,-2.993687629699707,-0.00017972432197188581
124800,-0.00047489316784776747,3.4862991356021665e-07,-3.6885523736476897,3.1232832e-07,0.0,-3.23226261138916,-0.00015740775984909305
125000,-0.0005584105383604765,4.661425087704174e-07,-3.68853560090065,4.3988226e-07,0.0,-5.865240097045898,-0.00021200861003660697
125200,-0.00034115000744350255,3.4235119379388833e-07,-3.688472491502762,4.6670436e-07,0.0,-2.1557366847991943,-0.00019958006563918217
125400,-0.00041004930972121656,4.423755825655462e-07,-3.6885156631469727,2.619624e-07,0.0,-3.9387950897216797,-0.0001420689672150033
125600,-0.00037784563028253615,4.7070053241782264e-07,-3.688519459962845,2.592802e-07,0.0,-4.486227989196777,-0.0001361302471274417
125800,-0.00042727519758045673,4.345242345493716e-07,-3.688462424278259,4.0650366e-07,0.0,-4.530350208282471,-0.00018581414174401178
126000,-0.0005769496783614159,3.4725079949282646e-07,-3.688460278511047,5.427003e-07,0.0,-5.99184513092041,-0.00019642032687878787
126200,-0.0003995787992607802,4.378707934904469e-07,-3.6885124027729033,3.1054017e-07,0.0,-3.41294527053833,-0.00013991336495338124
126400,-0.00019686539599206299,4.882619627721851e-07,-3.6885424613952638,2.6345253e-07,0.0,-6.654844284057617,-0.00012135313492769306
126600,-0.00039038879913277924,3.1864456708774467e-07,-3.6884663820266725,5.3197147e-07,0.0,-2.4731547832489014,-0.0002398928481968543
126800,-0.0003038396534975618,4.953996779022419e-07,-3.6885194063186644,2.8848646e-07,0.0,-5.253742694854736,-0.0001441427389492045
127000,-0.00022411270765587687,7.732793108061742e-07,-3.6885277569293975,1.9997358e-07,0.0,-2.683507204055786,-0.00011217416120323787
127200,-0.00043702879338525236,4.7167231471689773e-07,-3.6885442554950716,3.5375356e-07,0.0,-4.291739463806152,-0.00019949390188467309
127400,-0.0008067379822023213,3.186328161319807e-07,-3.6885124802589417,3.9547683e-07,0.0,-4.032829761505127,-0.00020631518872835653
127600,-0.0005062973941676319,3.642287641270059e-07,-3.6884884178638457,4.479289e-07,0.0,-0.6614693403244019,-0.00019685056815199609
127800,-0.00048397615319117904,4.3015495023723813e-07,-3.688507652282715,4.5776363e-07,0.0,-5.407984256744385,-0.00019775559866321845
128000,-0.00020663125906139612,2.758777689848557e-07,-3.6884906351566316,1.7940998e-07,0.0,-1.413316011428833,-0.00010602907791987804
128200,-0.0006437384290620685,4.848955349245898e-07,-3.6884816348552705,3.8653616e-07,0.0,-6.448997497558594,-0.00020611307087072816
128400,-0.000356570613803342,4.837666004675611e-07,-3.6885036706924437,3.7223103e-07,0.0,-5.229286193847656,-0.0001822280141914767
128600,-0.00033084131428040564,5.459880355829227e-07,-3.688543426990509,1.8417835e-07,0.0,-2.854607343673706,-0.00010626566417828442
128800,-0.000253465143032372,5.329109171725577e-07,-3.688496708869934,3.4153462e-07,0.0,-2.1935415267944336,-0.0001677826654354897
129000,-0.0002089027111651376,3.3838401272134886e-07,-3.6884832978248596,3.0517577e-07,0.0,-3.0827202796936035,-0.00014867465187331507
129200,-0.0004693848022725433,3.36299098080417e-07,-3.6885152041912077,3.7074088e-07,0.0,-2.627852201461792,-0.00019421414944140736
129400,-0.0006470966036431491,5.096028559137267e-07,-3.6884980738162993,5.227327e-07,0.0,-10.154909133911133,-0.00023550769635118928
129600,-0.0003874161629937589,3.508561810861011e-07,-3.68850240111351,4.348159e-07,0.0,-3.5733094215393066,-0.00015546758501816527
129800,-0.0004577520303428173,4.100919547056492e-07,-3.6884963691234587,2.9057264e-07,0.0,-3.639029026031494,-0.00014350767570054935
130000,-0.0003993785649072379,5.229386118799084e-07,-3.688518077135086,3.376603e-07,0.0,-2.901736259460449,-0.00015624176019903845
130200,-0.00034871019306592643,2.8128086313472524e-07,-3.688527601957321,2.8043985e-07,0.0,-3.604121208190918,-0.00015033915604985016
130400,-0.000413402245612815,3.4593367885804583e-07,-3.688465255498886,3.3557416e-07,0.0,-6.17359733581543,-0.0001583025450261122
130600,-0.00039894916699267924,4.5453940558104475e-07,-3.6885303497314452,3.1441448e-07,0.0,-2.7319047451019287,-0.00015521661984428393
130800,-0.0003259546065237373,4.2816620151597815e-07,-3.6885009706020355,3.1173232e-07,0.0,-2.510485887527466,-0.00016106236110933204
131000,-0.0002748913539107889,4.2609386596836885e-07,-3.688517338037491,2.0712613e-07,0.0,-6.785366535186768,-0.0001071290827528104
131200,-0.00036180371535010636,5.681323663964122e-07,-3.6885430216789246,3.2067297e-07,0.0,-7.231419563293457,-0.00017136526135270725
131400,-0.00034830631921067834,4.3208544830974915e-07,-3.68850953578949,3.5464763e-07,0.0,-2.131990671157837,-0.00017538286083493838
131600,-0.0003073248080909252,4.59731750979131e-07,-3.6884838819503782,2.810359e-07,0.0,-2.9659266471862793,-0.00015287343308668656
131800,-0.0007505048997700214,3.675814351566942e-07,-3.6884391725063326,7.2449444e-07,0.0,-2.0233335494995117,-0.00026575151095722396
132000,-0.0004373967822175473,4.6464173522053895e-07,-3.688503974676132,2.8967858e-07,0.0,-1.771167278289795,-0.00014212891459740583
132200,-0.0004407433734741062,3.2898495270217156e-07,-3.688470631837845,4.348159e-07,0.0,-1.816255807876587,-0.0002142816163249961
132400,-0.0002506340679246932,4.853738289511966e-07,-3.688535749912262,2.2113323e-07,0.0,-4.4465789794921875,-0.00012097249947100597
132600,-0.00043261481914669275,3.7119260731799386e-07,-3.6884368777275087,3.7521124e-07,0.0,-4.5767107009887695,-0.00018386427280094874
132800,-0.0003904793120454997,5.427418940939788e-07,-3.688540118932724,2.6255844e-07,0.0,-3.360412120819092,-0.00013405384822227085
133000,-0.0007101664086803794,3.851872676818857e-07,-3.6884280502796174,6.455183e-07,0.0,-5.709162712097168,-0.0002527640760372152
133200,-0.000356513075530529,4.5342220147404075e-07,-3.6884465992450712,3.8832425e-07,0.0,-5.733578205108643,-0.00016892538577715222
133400,-0.0003838186676148325,3.1308165944210485e-07,-3.6884533882141115,3.376603e-07,0.0,-5.938589572906494,-0.0001771813030120306
133600,-0.00020069474703632295,3.7321644086318884e-07,-3.6884875893592834,3.349781e-07,0.0,-5.582406044006348,-0.00012433396359472492
133800,-9.878377750283107e-05,3.665628234728047e-07,-3.6885052025318146,2.3424626e-07,0.0,-5.119319438934326,-0.00012107529558136321
134000,-0.0001757856662152335,4.960704856671328e-07,-3.6885040581226347,3.7252903e-07,0.0,-7.805717468261719,-0.0001877751671914285
134200,-0.0002965660241898149,5.440755643348894e-07,-3.688512992858887,2.9295683e-07,0.0,-4.027257442474365,-0.00016539156441444102
134400,-0.0002922499552369118,3.759639113809499e-07,-3.6884560525417327,2.9414892e-07,0.0,-2.0711371898651123,-0.00014766468101856667
134600,-0.00040730356704443693,4.5892454991758314e-07,-3.6884608566761017,3.1024217e-07,0.0,-9.353500366210938,-0.0001470676137559135
134800,-0.0002938748511951417,4.6080749669386025e-07,-3.688561648130417,2.810359e-07,0.0,-5.158721923828125,-0.00014694087113076293
135000,-0.0005504659493453801,3.311178730314168e-07,-3.6884354829788206,5.2839516e-07,0.0,-5.925689220428467,-0.000202570955490744
135200,-0.0007300260476768017,3.4263759118857706e-07,-3.688461112976074,5.8591365e-07,0.0,-1.097846508026123,-0.0002431780246347437
135400,-0.0006107666995376348,6.154074739583848e-07,-3.688501310348511,4.160404e-07,0.0,-5.408906936645508,-0.0001936445912278928
135600,-0.0005465926951728761,4.720187455120595e-07,-3.688441550731659,6.356836e-07,0.0,-2.406498432159424,-0.00025139963813660684
135800,-0.0005390221485868096,3.9982142752137406e-07,-3.6883904159069063,7.852912e-07,0.0,-5.696761608123779,-0.00029258716004916253
136000,-0.0002814653853420168,3.7654860918223676e-07,-3.6885009467601777,2.8193e-07,0.0,-0.9488977193832397,-0.00012736951644081173
136200,-0.00025440711760893464,4.2985608104118e-07,-3.688435423374176,4.2289494e-07,0.0,-5.350980281829834,-0.00018301641976607995
136400,-0.0004283911839593202,3.1577177246333575e-07,-3.6884024024009703,5.623698e-07,0.0,-8.067459106445312,-0.00019475891483056174
136600,-0.0007041345816105604,3.321693291979955e-07,-3.688429224491119,6.243587e-07,0.0,-3.55104923248291,-0.0002336800923893878
136800,-0.0002463261189404875,4.487201351821568e-07,-3.6884914696216584,1.6778706e-07,0.0,-7.3969879150390625,-0.00011118486527266214
137000,-0.000590949784964323,5.388236949954717e-07,-3.688478970527649,3.7372112e-07,0.0,-6.516762733459473,-0.00020464314458774614
137200,-0.0004923544474877417,3.3173996243363036e-07,-3.68844393491745,4.604459e-07,0.0,-2.540177822113037,-0.0002108133010094715
137400,-0.0004174312634859234,2.3459423452720786e-07,-3.6884742200374605,3.7163494e-07,0.0,-5.713960647583008,-0.0001889347731752089
137600,-0.0004898310289718211,2.6260300991509664e-07,-3.68843150138855,5.6058167e-07,0.0,-2.5576727390289307,-0.0002335107172720896
137800,-0.00032785499934107065,2.866335687912169e-07,-3.688470423221588,2.6732684e-07,0.0,-4.066545486450195,-0.00012807679139104078
138000,-0.0005906042060814798,4.5292058672430355e-07,-3.688450664281845,7.1913e-07,0.0,-1.3051419258117676,-0.00024885762362369945
138200,-0.00030057187541387975,4.2850065824495686e-07,-3.6884531557559965,4.452467e-07,0.0,-2.1917874813079834,-0.0002016398678147624
138400,-0.0004649027541745454,4.153950861507383e-07,-3.6884851694107055,2.759695e-07,0.0,-4.627447128295898,-0.00016073598027106507
138600,-0.0005004174308851361,2.4659064017384936e-07,-3.68845134973526,3.6031005e-07,0.0,-7.920694351196289,-0.0001793053301206715
138800,-0.00031376053811982274,4.7305394090813024e-07,-3.688484823703766,3.1739472e-07,0.0,-4.077629566192627,-0.00016592933341317285
139000,-0.000698175688739866,2.3335120218348494e-07,-3.688462483882904,6.148219e-07,0.0,-3.535243511199951,-0.00026220873892084383
139200,-0.0001865090016508475,5.572096299033546e-07,-3.688535374403,2.6524066e-07,0.0,-5.043053150177002,-0.00012893521760473092
139400,-0.00034435620182193816,4.3709224399890446e-07,-3.688520473241806,2.926588e-07,0.0,-5.487092018127441,-0.0001715815636261997
139600,-0.0005390862352214754,1.9150703565173898e-07,-3.6885072350502015,4.1097402e-07,0.0,-0.5680314302444458,-0.00020058899535791986
139800,-0.0002281580091221258,4.716756635048114e-07,-3.6884868264198305,1.8954276e-07,0.0,-5.286556243896484,-0.0001142825178071405
140000,-0.00027437956305220723,4.86639685703949e-07,-3.6885060906410216,2.69413e-07,0.0,-2.818023443222046,-0.00015660020033896326
140200,-0.0005562208825722337,3.638084088208871e-07,-3.6884328186511994,5.6326394e-07,0.0,-3.07855224609375,-0.00022271639195571292
140400,-0.0005051303305663168,4.735880274608917e-07,-3.6885280668735505,3.9070844e-07,0.0,-12.07802963256836,-0.00019456958942098979
140600,-0.00019321813306305557,4.3700919079014965e-07,-3.6885068714618683,3.4302474e-07,0.0,-0.913140058517456,-0.0001570280087031972
140800,-0.0005427275900729001,2.6338491565525146e-07,-3.6884883880615233,2.9683113e-07,0.0,-1.906646966934204,-0.00016423134524008455
141000,-0.00036583971814252436,4.881431799219626e-07,-3.6885092914104463,2.9861928e-07,0.0,-1.728299617767334,-0.0001513395495405856
141200,-0.00017512460181023926,3.552618657920448e-07,-3.6884957611560822,3.3706428e-07,0.0,-1.4604604244232178,-0.00018267007129315615
141400,-0.0005758574698120356,3.4716581822635815e-07,-3.688493752479553,3.9726496e-07,0.0,-4.380898952484131,-0.00021756769754168736
141600,-0.000296005659038201,3.8843687590883744e-07,-3.6885298609733583,2.5331974e-07,0.0,-1.7944493293762207,-0.00013074131253549838
141800,-0.0004630053590517491,3.1176500563390165e-07,-3.688446307182312,3.7372112e-07,0.0,-0.3395572900772095,-0.00016941183287890737
142000,-0.000443400553194806,6.047189202718073e-07,-3.688525176048279,3.823638e-07,0.0,-5.447844982147217,-0.00019461700335035025
142200,-0.0005637122085317969,5.059186385381054e-07,-3.6884607315063476,5.200505e-07,0.0,-3.705960750579834,-0.0002130874076090139
142400,-0.0003411238139960915,3.4172687861655505e-07,-3.68844850063324,3.20971e-07,0.0,-4.860565185546875,-0.00015361050566538027
142600,-0.00021721898519899696,3.9357473724521697e-07,-3.6884924352169035,2.8997658e-07,0.0,-6.5523223876953125,-0.00014007787683726348
142800,-0.00047147751320153475,4.1368108014694373e-07,-3.6884678184986113,3.1232835e-07,0.0,-4.459648132324219,-0.00018338082691203849
143000,-0.00043275035568512976,2.3175487875448653e-07,-3.6884869813919066,3.734231e-07,0.0,-6.072458267211914,-0.00020334076980974559
143200,-0.00048338447231799364,3.775308208275874e-07,-3.688469111919403,4.2498112e-07,0.0,-3.809551239013672,-0.0001922976001525356
143400,-0.000240434063016437,3.0588077812865324e-07,-3.6884821355342865,3.1977893e-07,0.0,-4.968009948730469,-0.0001836284997365878
143600,-0.0004640516999643296,3.846295861364979e-07,-3.6884291768074036,4.813075e-07,0.0,-0.7128086090087891,-0.00022576868591568379
143800,-0.0004439530603121966,5.419210410195774e-07,-3.6885093629360197,3.3527613e-07,0.0,-3.814525604248047,-0.00018692904827730673
144000,-0.000618749822024256,3.5006999077324963e-07,-3.688413506746292,4.7981734e-07,0.0,-1.1976542472839355,-0.00022303408924311262
144200,-0.0005769376875832677,2.8185489000520645e-07,-3.688470709323883,3.6776066e-07,0.0,-3.0007338523864746,-0.00016664698283330726
144400,-0.0003934386186301708,3.5035617926837406e-07,-3.6884424924850463,4.6014787e-07,0.0,-2.4747352600097656,-0.00022333508675831393
144600,-0.00039098694105632603,5.527970301955065e-07,-3.688473117351532,4.0978193e-07,0.0,-1.5643513202667236,-0.00020953989011081032
144800,-0.0002183640463044867,6.265544811867585e-07,-3.6885152459144592,2.783537e-07,0.0,-4.580211639404297,-0.00014710278012477484
145000,-0.0005025272257626057,4.0432960375369474e-07,-3.688491481542587,2.902746e-07,0.0,-2.9259986877441406,-0.00014988750225302104
145200,-0.0005873059271834791,4.962248397077928e-07,-3.6884355545043945,4.413724e-07,0.0,-5.35134744644165,-0.00020075649078195036
145400,-0.00045806163689121604,3.2058783858701647e-07,-3.6884779810905455,3.606081e-07,0.0,-6.875096797943115,-0.00018916153798897994
145600,-0.00035113649209961295,2.6548496556699774e-07,-3.688456469774246,3.6656857e-07,0.0,-4.185195446014404,-0.00019623602265448348
145800,-0.0005005571292713284,3.841603529508575e-07,-3.6884020149707792,5.596876e-07,0.0,-3.330195426940918,-0.0002368558115429076
146000,-0.0004441679047886282,3.405226841834974e-07,-3.6883985698223114,4.8130755e-07,0.0,-6.122056484222412,-0.00021358959288830803
146200,-0.00018885597819462419,4.7628332637827954e-07,-3.6884298741817476,2.9861928e-07,0.0,-5.022631645202637,-0.00015084739707207361
146400,-0.000409324566135183,4.849039953569445e-07,-3.6884971141815184,2.9325486e-07,0.0,-4.730147838592529,-0.00016321389361824147
146600,-0.00031065475195646286,2.5393256919414853e-07,-3.688374537229538,4.7236682e-07,0.0,-10.413806915283203,-0.00017846260678267
146800,-0.00030843683634884655,6.086653520753771e-07,-3.6884479224681854,3.1799078e-07,0.0,-2.816196918487549,-0.0001843481647670675
147000,-0.0006787747843191028,4.778445230613215e-07,-3.68843332529068,5.221367e-07,0.0,-2.392120838165283,-0.00024389015039469886
147200,-0.00032885547261685133,2.803565262610164e-07,-3.6884634613990785,3.2633542e-07,0.0,-3.8003196716308594,-0.00013286057137156803
147400,-0.0003571076085790992,3.772470918761428e-07,-3.6884449064731597,2.56598e-07,0.0,-4.918150901794434,-0.0001548645250760039
147600,-0.0007950031431391835,2.523035647072902e-07,-3.6883737325668333,9.36389e-07,0.0,-3.7457103729248047,-0.00034832118295594625
147800,-0.0006764270947314799,6.077113688718328e-07,-3.6884666264057158,7.0154664e-07,0.0,-4.087215900421143,-0.0003136658817092908
148000,-0.00039966401527635753,4.218843407954864e-07,-3.6884578347206114,3.2186506e-07,0.0,-9.02219295501709,-0.00018117672064908995
148200,-0.0005066609010100365,3.2534083835855656e-07,-3.688400560617447,4.610419e-07,0.0,-7.694798469543457,-0.00020666784127849614
148400,-0.0008148981141857803,4.469252640859622e-07,-3.688397008180618,6.723404e-07,0.0,-5.37986421585083,-0.00027736322375948586
148600,-0.0002203830808866769,3.3704945892054636e-07,-3.688405364751816,3.8295985e-07,0.0,-1.7852332592010498,-0.00015505409316745044
148800,-0.00027971898089163005,5.109697291061366e-07,-3.6884536743164062,3.5315753e-07,0.0,-5.558881759643555,-0.00017166994452986196
149000,-0.000693931826390326,4.580275707155579e-07,-3.6884017169475554,6.768107e-07,0.0,-3.7564773559570312,-0.00025264510415103916
149200,-0.0002586583432275802,5.198634852376927e-07,-3.688435012102127,2.5719405e-07,0.0,-4.97663688659668,-0.0001238769433198783
149400,-0.0004416003648657352,4.483258209120322e-07,-3.688455355167389,3.656745e-07,0.0,-8.025670051574707,-0.0001693800760884878
149600,-0.00048228693776763976,3.218021003448257e-07,-3.6884320199489595,4.2051073e-07,0.0,-2.848231554031372,-0.00018820996373791754
149800,-0.00034921025508083403,5.713114433092414e-07,-3.6884690165519713,2.8252603e-07,0.0,-4.856575012207031,-0.00015033146840369161
150000,-0.0005675967549905181,3.5572013601381514e-07,-3.688427007198334,3.9756296e-07,0.0,-7.124345779418945,-0.00019805229843771198
150200,-0.0004980373778380454,4.559082739774567e-07,-3.688403958082199,4.0292738e-07,0.0,-3.6124649047851562,-0.00021535858468644254
150400,-0.00045177951687946916,4.252858715858565e-07,-3.688395065069199,5.465746e-07,0.0,-1.0335023403167725,-0.00021060654294218216
150600,-0.00038438610499724746,5.345589080718582e-07,-3.6884575724601745,2.8938052e-07,0.0,-10.652945518493652,-0.0001480279559113118
150800,-0.00025011663092300296,4.270836420516844e-07,-3.6883610248565675,2.864003e-07,0.0,-5.053244590759277,-0.00014588177295355998
151000,-0.0005510153714567423,4.1540822337537975e-07,-3.688395047187805,5.015731e-07,0.0,-3.4867730140686035,-0.00020694993468319822
151200,-0.0005788349080830812,3.064109066031051e-07,-3.6884478509426115,4.4226647e-07,0.0,-5.577719688415527,-0.000230914101291102
151400,-0.0005316389724612236,4.2857629338755033e-07,-3.6883941769599913,4.553795e-07,0.0,-3.521711826324463,-0.00019661192269269102
151600,-0.00041528980364091694,4.51979777693623e-07,-3.688396954536438,5.4866075e-07,0.0,-11.297783851623535,-0.0002264074663798965
151800,-0.00043891568202525377,2.9005777157919965e-07,-3.6883461475372314,4.6670436e-07,0.0,-4.2849884033203125,-0.00018504816328388519
152000,-0.0005660188617184758,6.068947570270211e-07,-3.6884388267993926,3.769994e-07,0.0,-3.3835792541503906,-0.00020748592985539994
152200,-0.0002294656151207164,7.025715177633174e-07,-3.688428497314453,3.0577183e-07,0.0,-4.546777248382568,-0.00015362437675912056
152400,-0.0005917523521929979,3.386921331838266e-07,-3.6884098768234255,4.839897e-07,0.0,-3.46661376953125,-0.00023463660516176432
152600,-0.0003279737429693341,5.237928554890914e-07,-3.6885004699230195,3.0070544e-07,0.0,-4.3808794021606445,-0.00015888532243777398
152800,-0.0003329475875943899,3.2934655678218407e-07,-3.6884039759635927,5.2481886e-07,0.0,-1.761559009552002,-0.00024045409292714482
153000,-0.000360568257747218,5.53652194668075e-07,-3.6884162604808806,2.601743e-07,0.0,-3.394102096557617,-0.00012745638918227887
153200,-0.0004206574521958828,3.755111627867791e-07,-3.6884039461612703,3.7908552e-07,0.0,-7.662464141845703,-0.00016139352346595804
153400,-0.0005692645790986717,3.9958385471550174e-07,-3.6883962512016297,4.3243168e-07,0.0,-3.9987435340881348,-0.00019430020503476974
153600,-0.0008716164156794548,3.3695669614530744e-07,-3.688321602344513,1.1840463e-06,0.0,-2.2314343452453613,-0.0003527152350725427
153800,-0.000544543145224452,3.487608825736288e-07,-3.688372164964676,3.4719704e-07,0.0,-5.662067890167236,-0.00017078807849930656
154000,-0.0005532092764042318,4.3227481327789974e-07,-3.6884285509586334,4.2259694e-07,0.0,-7.575309753417969,-0.00018950335000715856
154200,-0.0005140185239724815,3.267811084839423e-07,-3.6883338749408723,4.7087673e-07,0.0,-3.9334840774536133,-0.0002161557689249749
154400,-0.00028341528377495706,5.154575219989965e-07,-3.6884022891521453,2.270937e-07,0.0,-3.612438201904297,-0.00012853036762544567
154600,-0.0004501740331761539,5.283205659623036e-07,-3.6883815586566926,3.0100344e-07,0.0,-4.833191394805908,-0.00015852448279389807
154800,-0.00043684133561328053,3.1138912284234264e-07,-3.6884309470653536,3.3199788e-07,0.0,-3.864834785461426,-0.00017239302595362105
155000,-0.000495129672344774,4.898159538413438e-07,-3.688366800546646,4.1306018e-07,0.0,-3.2702794075012207,-0.00020701654492176756
155200,-0.0004676613607443869,4.6105163207244006e-07,-3.6883350729942324,5.668402e-07,0.0,-4.237785816192627,-0.0002164472342367496
155400,-0.0005900379037484527,3.699210992635926e-07,-3.68836025595665,4.9322847e-07,0.0,-7.027503967285156,-0.00021532286751355656
155600,-0.0005139844724908471,4.238684653046221e-07,-3.68834587931633,4.7296285e-07,0.0,-4.515097618103027,-0.00020575469524692914
155800,-0.00037814374081790447,4.565882711915492e-07,-3.688430869579315,3.2663348e-07,0.0,-2.9675168991088867,-0.00018636032863850183
156000,-0.0005370739381760359,2.995234297031857e-07,-3.688398206233978,5.5789945e-07,0.0,-9.556743621826172,-0.00021050873344675703
156200,-0.0003298314695712179,4.2670153916901653e-07,-3.6884537518024443,3.8564204e-07,0.0,-3.819857120513916,-0.00016743902513214338
156400,-0.00046604551607742906,6.005354663329854e-07,-3.6883776426315307,4.4852493e-07,0.0,-7.895394325256348,-0.00018509190460029855
156600,-0.0003689889272209257,3.007822190426168e-07,-3.6883539736270903,5.4448844e-07,0.0,-3.103337287902832,-0.0001860024335328503
156800,-0.0005593271926045418,3.101954561657294e-07,-3.688346302509308,4.9352644e-07,0.0,-3.7751097679138184,-0.00022766643597866844
157000,-0.0007633111672475934,4.484821680250661e-07,-3.6882691383361816,7.4177984e-07,0.0,-10.212861061096191,-0.0002629475030886397
157200,-0.0004458366020116955,3.0964527404364616e-07,-3.6883229970932008,3.248453e-07,0.0,-5.081354141235352,-0.00016115468669837264
157400,-0.0003505057829897851,2.99674025328045e-07,-3.6884049236774445,1.6450882e-07,0.0,-2.636295795440674,-0.00010454836496598396
157600,-0.0004770494415424764,4.091220610291657e-07,-3.6884110391139986,4.145503e-07,0.0,-2.731943368911743,-0.00021146028824228224
157800,-0.0003990042896475643,3.270490143592042e-07,-3.6883339524269103,4.4733287e-07,0.0,-3.520092010498047,-0.00018824549442895134
158000,-0.0005025760619901121,3.626174326143428e-07,-3.688364291191101,3.156066e-07,0.0,-3.824479579925537,-0.00017638474436694197
158200,-0.00023117206001188606,3.6799218392502555e-07,-3.6882547795772553,4.4971705e-07,0.0,-7.052341461181641,-0.00017951156124274004
158400,-0.0002910125476773828,4.906439514229533e-07,-3.6883497834205627,3.069639e-07,0.0,-5.007394790649414,-0.00018700079693888537
158600,-0.00045939142000861466,3.697006263791991e-07,-3.688325583934784,4.9471856e-07,0.0,-2.198867082595825,-0.00022291851208621204
158800,-0.0004141475073993206,2.294213587106242e-07,-3.688330376148224,4.0888787e-07,0.0,-1.4029784202575684,-0.00018220183352599673
159000,-0.00043038983130827546,4.5975438496270725e-07,-3.688346290588379,4.1902064e-07,0.0,-3.4414539337158203,-0.00017350769080541894
159200,-0.0003528945380821824,5.116589704812214e-07,-3.6883769810199736,3.9219856e-07,0.0,-6.814235210418701,-0.00017792448430088427
159400,-0.0008686830988153815,3.420867333403521e-07,-3.688336592912674,5.5611133e-07,0.0,-4.245821475982666,-0.0002261418090112155
159600,-0.0003650469006970525,3.0865539493163394e-07,-3.6883829832077026,2.387166e-07,0.0,-5.770533084869385,-0.00014017624244790916
159800,-0.0005145024042576551,3.324575668983698e-07,-3.6883198082447053,4.571676e-07,0.0,-5.773545742034912,-0.0002278607330567839
160000,-0.0004703541344497353,2.1290669103279924e-07,-3.6883382141590118,4.2259694e-07,0.0,-7.278003692626953,-0.00020212410398481317
160200,-0.0005211804527789354,4.0870674169468655e-07,-3.688408023118973,3.501773e-07,0.0,-3.420637607574463,-0.00017469497054480864
160400,-0.00040484860073775053,4.010327529613278e-07,-3.6883668065071107,3.2931567e-07,0.0,-4.88021183013916,-0.00015998952865925453
160600,-0.0005179739673621953,3.2134773775283065e-07,-3.688209426403046,7.7724457e-07,0.0,-3.4989333152770996,-0.00022878018506515828
160800,-0.0004019243933726102,3.903349302447623e-07,-3.688382613658905,3.516674e-07,0.0,-5.6773362159729,-0.0001831314045602994
161000,-0.00030623420025222003,4.496406369014494e-07,-3.6882966816425324,4.568696e-07,0.0,-3.3364062309265137,-0.00018905241886164604
161200,-0.0006072094547562301,5.022004550880865e-07,-3.688386744260788,4.541874e-07,0.0,-2.915313720703125,-0.00021904887355095326
161400,-0.0007207613089121878,2.0336421009403692e-07,-3.6882697224617003,5.2273276e-07,0.0,-1.6650652885437012,-0.0002383812232435556
161600,-0.00036744459066540003,3.302278461347896e-07,-3.6882941842079164,4.2647122e-07,0.0,-2.117492437362671,-0.00019014294538399756
161800,-0.0003727078437805176,4.192091559218625e-07,-3.688307970762253,3.4332277e-07,0.0,-7.399328231811523,-0.00015672433340944148
162000,-0.0005191021482460201,3.478043709037593e-07,-3.688235890865326,4.2796134e-07,0.0,-5.61063814163208,-0.00019669569824452005
162200,-0.0005751202115789056,3.9690105850809233e-07,-3.6882491648197173,5.2511695e-07,0.0,-3.0373244285583496,-0.00023079843059927718
162400,-0.00032965769059956074,3.124006759946951e-07,-3.6882052659988402,4.157424e-07,0.0,-0.9116439819335938,-0.00016129106174367358
162600,-0.00041701775626279414,3.1248434240183087e-07,-3.688373202085495,2.8550625e-07,0.0,-1.944629430770874,-0.00017128688318199803
162800,-0.0006978795281611383,4.6904849426709916e-07,-3.688226544857025,4.7117473e-07,0.0,-2.376432180404663,-0.0002263720705799388
163000,-0.0004374342388473451,5.028270322782191e-07,-3.6883673429489137,2.8699637e-07,0.0,-6.665200233459473,-0.0001606803322006245
163200,-0.00041085033444687724,3.9025803602044105e-07,-3.6882259070873262,3.85046e-07,0.0,-2.696565866470337,-0.00017990583988556353
163400,-0.00047950143925845623,5.512115365036152e-07,-3.6882997512817384,4.1991473e-07,0.0,-6.784229278564453,-0.0001977107585733995
163600,-0.0003546791267581284,5.035684054632838e-07,-3.688385659456253,3.054738e-07,0.0,-5.348299980163574,-0.00016775734748500915
163800,-0.00024585187202319503,4.0979469702051573e-07,-3.688193941116333,3.6507845e-07,0.0,-5.332328796386719,-0.00015999227742005128
164000,-0.0003414991369936615,4.60889528142161e-07,-3.688241308927536,3.1501057e-07,0.0,-7.2951507568359375,-0.00015491027342386386
164200,-0.0004011343407910317,2.7155956665581017e-07,-3.688322067260742,2.771616e-07,0.0,-2.670311212539673,-0.00015882499437906982
164400,-0.0003260174416936934,0.0001596281297679525,-3.688639372587204,2.1219253e-07,0.0,-4.320246696472168,-0.00013674249968971265
164600,-0.0003564191283658147,0.000130333552351658,-3.6884804904460906,2.4259091e-07,0.0,-0.8352206945419312,-0.00012711219459724533
164800,-0.0005668002995662391,8.327088517035008e-05,-3.688307595252991,3.2544136e-07,0.0,-2.1701624393463135,-0.00018289509465034824
165000,-0.000556563725695014,2.8532896476463065e-05,-3.688243168592453,4.762411e-07,0.0,-0.026613950729370117,-0.0001819198124512589
165200,-0.0006483668694272637,2.9947968846499863e-05,-3.688187849521637,8.6367135e-07,0.0,-0.13328766822814941,-0.00023073984696027062
165400,-0.0004531567683443427,1.4133156673779012e-05,-3.6882718920707704,5.075335e-07,0.0,-0.06013822555541992,-0.0002419464143881722
165600,-0.00033855903893709183,1.1612980961217545e-05,-3.6881947219371796,3.7521124e-07,0.0,-0.08276736736297607,-0.00017402860448698654
165800,-0.0006630869465880096,2.112528247835144e-05,-3.6881716310977937,5.197525e-07,0.0,0.02959465980529785,-0.0002314468770837186
166000,-0.0004413023707456887,1.9119703938486055e-05,-3.6883519768714903,4.1365624e-07,0.0,-0.16036581993103027,-0.0001752109013149372
166200,-0.0004831090336665511,1.395061980247192e-05,-3.68831946849823,3.4123659e-07,0.0,-0.027332067489624023,-0.00018616704790566096
166400,-0.00035859268973581493,2.590141966720694e-05,-3.6881875813007357,5.6326394e-07,0.0,0.004159510135650635,-0.0002209444475218092
166600,-0.0004988285945728421,5.0926332414746865e-05,-3.688220274448395,3.9368868e-07,0.0,-0.0550076961517334,-0.00019719116473448928
166800,-0.00041024648817256093,2.272884560170496e-05,-3.6882467329502107,4.0709972e-07,0.0,0.17112863063812256,-0.00019672517446669424
167000,-0.0005976003594696522,2.3992570368136513e-05,-3.6882777869701386,5.0753357e-07,0.0,-0.1581178903579712,-0.00019298568430519135
167200,-0.00039885035948827863,4.866098529419105e-05,-3.688223880529404,3.9875508e-07,0.0,-0.009507298469543457,-0.00018954093728615896
167400,-0.0004366068751551211,4.229932569614903e-05,-3.6882533550262453,3.9547683e-07,0.0,0.031661152839660645,-0.0001943890303146123
167600,-0.0004016331513412297,2.5618183326514554e-05,-3.6882962703704836,3.7103894e-07,0.0,0.013265728950500488,-0.00018487230665540367
167800,-0.00036270738928578794,3.0743912657271724e-05,-3.688159704208374,3.618002e-07,0.0,0.055915772914886475,-0.00016747206497509383
168000,-0.00047511636512354016,1.2965650216756331e-05,-3.6882745563983916,4.780293e-07,0.0,0.01737922430038452,-0.00022400710006356128
168200,-0.0002913854259531945,4.245735294716724e-05,-3.6881957590579986,3.325939e-07,0.0,0.0508151650428772,-0.00014565505434086524
168400,-0.00035380173358134925,2.8785604672521004e-05,-3.68824702501297,5.2332877e-07,0.0,-0.12965595722198486,-0.00022494904276606497
168600,-0.000571496959310025,2.9711078877880936e-05,-3.688189649581909,5.1856046e-07,0.0,0.13034546375274658,-0.00022156951633723888
168800,-0.000462705414975062,1.6009820092222073e-05,-3.6882633745670317,4.0739775e-07,0.0,-0.3971332311630249,-0.00019397402599929947
169000,-0.0005553960800170898,2.471361294738017e-05,-3.6881704688072205,3.823638e-07,0.0,0.11168801784515381,-0.00017833773861655188
169200,-0.0003927444340661168,3.081002255385101e-05,-3.688201701641083,3.7044288e-07,0.0,0.060942113399505615,-0.00016806170390446518
169400,-0.0007135953637771308,1.9542589006960044e-05,-3.6882162034511565,5.2988526e-07,0.0,-0.24171936511993408,-0.00022826905557713495
169600,-0.00046106730587780476,1.4187748854510574e-05,-3.6882320404052735,3.5613775e-07,0.0,-0.0035010576248168945,-0.00017878170260381409
169800,-0.00034735348890535533,4.0464037329002164e-05,-3.688320392370224,3.671646e-07,0.0,-0.03963744640350342,-0.00018085944730017456
170000,-0.0004152560140937567,4.031659314023273e-05,-3.688273149728775,2.5629998e-07,0.0,0.10267668962478638,-0.0001313367638511309
170200,-0.0005429026205092669,5.363128248063731e-05,-3.6882593810558317,3.671646e-07,0.0,0.052508413791656494,-0.00019339988385582707
170400,-0.0004658185935113579,2.7267098948868808e-05,-3.688273769617081,3.054738e-07,0.0,-0.05901181697845459,-0.0001757976261137495
170600,-0.0004424815997481346,1.530909137272829e-05,-3.6882243275642397,3.9577483e-07,0.0,-0.16587960720062256,-0.0002035308089296528
170800,-0.0005881651886738837,3.0301505807983632e-05,-3.688143843412399,6.8366535e-07,0.0,0.04057645797729492,-0.0002994719897499998
171000,-0.00042970688082277775,4.62942970898439e-05,-3.688260143995285,4.75049e-07,0.0,-0.15967845916748047,-0.00018993942540330712
171200,-0.0003032639215234667,1.3475658670358826e-05,-3.6882173478603364,3.3825637e-07,0.0,-0.14456117153167725,-0.00014805678963001335
171400,-0.0008600243600085378,2.333495760922233e-05,-3.688294458389282,7.3969363e-07,0.0,0.16578304767608643,-0.00027016914108020097
171600,-0.0004980479716323316,1.798889140900428e-05,-3.688210207223892,6.902218e-07,0.0,0.12979578971862793,-0.00023250982831313216
171800,-0.00026323870406486094,2.298231656823191e-05,-3.688135474920273,2.3335218e-07,0.0,-0.13325214385986328,-0.00010011137302532447
172000,-0.00033741656807251275,5.157359519216698e-05,-3.688319319486618,3.400445e-07,0.0,-0.05765843391418457,-0.00015460499341912737
172200,-0.0005016701179556549,2.4493817636539462e-05,-3.6882022261619567,3.4093856e-07,0.0,0.12507128715515137,-0.00016831053680732566
172400,-0.0006942879990674555,1.0167822119910852e-05,-3.688257646560669,4.0382145e-07,0.0,0.11020588874816895,-0.00021379470734692597
172600,-0.0004117443459108472,1.8930956184703972e-05,-3.6882126688957215,3.4421683e-07,0.0,-0.0745687484741211,-0.00018047549656861062
172800,-0.000569312134757638,2.449824387440458e-05,-3.6881391942501067,5.7578086e-07,0.0,-0.09809458255767822,-0.00021416950214292463
173000,-0.0004677478573285043,1.740067414175428e-05,-3.6882198810577393,5.632639e-07,0.0,0.12053495645523071,-0.00020651511537284062
173200,-0.0003551830886863172,2.6557327987575264e-05,-3.688183677196503,6.4581627e-07,0.0,-0.12576615810394287,-0.0002747407254287459
173400,-0.0006446514162234962,3.548641047927959e-05,-3.6881506383419036,5.722046e-07,0.0,0.13232767581939697,-0.0002166979319723872
173600,-0.0003200054634362459,2.2759610510547644e-05,-3.6882094025611876,3.8594007e-07,0.0,-0.17004907131195068,-0.0001701379267728953
173800,-0.0003115101426374167,1.3422858751255263e-05,-3.6881639838218687,5.984306e-07,0.0,0.2727392315864563,-0.00023430237091455198
174000,-0.0005388610297814012,3.3389329064448245e-05,-3.688238227367401,4.6133994e-07,0.0,-0.07031679153442383,-0.00022083287092016234
174200,-0.0002543595037423074,2.0834832116634062e-05,-3.688091403245926,6.0468915e-07,0.0,0.006707668304443359,-0.00023719266841886187
174400,-0.0006272922619245946,1.762999149832467e-05,-3.688239812850952,4.2945146e-07,0.0,-0.09799528121948242,-0.00023741008279962728
174600,-0.00033637011074461043,1.1827422247279173e-05,-3.6881515860557554,3.0994414e-07,0.0,-0.5072354078292847,-0.00017273588416173437
174800,-0.0006477348506450653,9.040382383318502e-06,-3.688205009698868,4.9859284e-07,0.0,0.03806936740875244,-0.00024061813263642762
175000,-0.0004600958782248199,3.8492201110784666e-05,-3.6881455957889555,4.1157006e-07,0.0,0.04261988401412964,-0.0002074801769991641
175200,-0.0004739321884699166,1.2044693426105368e-05,-3.6881505072116854,3.8474798e-07,0.0,-0.04852020740509033,-0.00016587800600087466
175400,-0.0004901213105767965,2.425443287847884e-05,-3.6882530033588408,3.5762787e-07,0.0,0.0016748905181884766,-0.0001853272790303784
175600,-0.0003323859709780663,3.663269512799161e-05,-3.688213974237442,3.2663345e-07,0.0,0.1340193748474121,-0.00016885583127009273
175800,-0.0002453643537592143,2.964181694551371e-05,-3.6882255494594576,2.333522e-07,0.0,0.017552971839904785,-0.00012631170438699436
176000,-0.00043582916259765625,4.2435329942236424e-05,-3.688191771507263,2.8491021e-07,0.0,0.09450298547744751,-0.00013921455986303232
176200,-0.0007050224230624735,1.8379839070803426e-05,-3.688060235977173,5.027652e-07,0.0,-0.2666337490081787,-0.0001956758202469544
176400,-0.0005013308837078512,2.1342571017157752e-05,-3.688160163164139,2.9921532e-07,0.0,0.11563712358474731,-0.00016173328447446344
176600,-0.00028726758318953216,1.830295691434003e-05,-3.688158094882965,4.2200088e-07,0.0,-0.20204424858093262,-0.00019730418894829959
176800,-0.0003827082400675863,2.824997854986577e-05,-3.6881410121917724,4.649162e-07,0.0,0.1417253613471985,-0.00022426008543994236
177000,-0.0006968963425606489,3.2005951970859316e-05,-3.688202267885208,3.8117167e-07,0.0,0.040251195430755615,-0.0002138114400498825
177200,-0.0004927261034026742,1.5022731872704753e-05,-3.6881325781345367,5.4717066e-07,0.0,-0.15323853492736816,-0.00020503205049897665
177400,-0.00021049920178484172,3.0946800325182264e-05,-3.6881210923194887,2.1934508e-07,0.0,0.06489682197570801,-0.00010208854077400353
177600,-0.0003638457565102726,1.3670760836248519e-05,-3.688170599937439,3.9964914e-07,0.0,0.13573163747787476,-0.00017304389205516913
177800,-0.0005115557578392327,3.455140667938394e-05,-3.6881012856960296,3.9726496e-07,0.0,-0.09210705757141113,-0.0002148976634284816
178000,-0.0003711491299327463,2.6231198444293113e-05,-3.688069021701813,4.2200088e-07,0.0,-0.15875530242919922,-0.00019484087120941185
178200,-0.00048282244824804366,3.8050264492994756e-05,-3.688169252872467,3.3795834e-07,0.0,-0.11532115936279297,-0.00018234819075151342
178400,-0.0003870069340337068,3.3217385953321356e-05,-3.6880335092544554,5.307794e-07,0.0,-0.30026233196258545,-0.00019744280751444744
178600,-0.0007788652437739074,4.063709493493661e-05,-3.688067877292633,8.0525876e-07,0.0,0.10841429233551025,-0.0002685721513816963
178800,-0.00039515597745776176,2.1539083377319912e-05,-3.6881947040557863,5.5491927e-07,0.0,-0.11739027500152588,-0.0002308677018155292
179000,-0.0005064134020358324,1.8049490290650282e-05,-3.688168054819107,3.1799078e-07,0.0,0.06329941749572754,-0.00016751606825575748
179200,-0.00037728052120655775,3.5032743335250414e-05,-3.688185489177704,2.8371812e-07,0.0,-0.042974114418029785,-0.00016589975276155579
179400,-0.0005239184247329831,1.771796717093821e-05,-3.688066190481186,5.13494e-07,0.0,0.03548043966293335,-0.00020652454496383754
179600,-0.0005850782617926598,3.632414604908263e-05,-3.688105231523514,6.5356494e-07,0.0,0.021541595458984375,-0.00026386033277310815
179800,-0.00042554698302410543,1.76824866230163e-05,-3.688135212659836,2.8878452e-07,0.0,-0.2431015968322754,-0.0001566687518632204
180000,-0.00025677576195448637,3.593730443753884e-05,-3.688095837831497,5.0574545e-07,0.0,-0.0750131607055664,-0.00022398310759736973
180200,-0.0002065195149043575,2.080099313843675e-05,-3.6881624460220337,2.2828578e-07,0.0,-0.014506816864013672,-0.00013172962465173298
180400,-0.000650162692181766,1.619347242467484e-05,-3.6881618976593016,3.951788e-07,0.0,0.025506794452667236,-0.000176573171554939
180600,-0.00040562506183050573,2.1180227190598088e-05,-3.688142991065979,3.6627057e-07,0.0,-0.04892170429229736,-0.00019831794537474856
180800,-0.00045215769205242395,2.5591641565370084e-05,-3.6881729781627657,3.9994717e-07,0.0,-0.025049924850463867,-0.0001926194113366364
181000,-0.0003901238087564707,9.983672853195458e-05,-3.6881130635738373,3.5226347e-07,0.0,-0.06111001968383789,-0.00016642801438844225
181200,-0.0005318087642081082,4.382704660201853e-05,-3.688142603635788,5.0127505e-07,0.0,0.016671359539031982,-0.0002059609968969145
181400,-0.0003104180796071887,2.856427045117016e-05,-3.6881264805793763,4.2617322e-07,0.0,-0.03557288646697998,-0.00019271022178579678
181600,-0.0003670149599201977,1.6376407597817887e-05,-3.688063645362854,3.0994414e-07,0.0,0.003565371036529541,-0.00016444341513328632
181800,-0.00037196947960183024,1.3400515695138892e-05,-3.6881133019924164,3.299117e-07,0.0,0.007067859172821045,-0.0001574033044354828
182000,-0.000491358689032495,4.229838341416325e-05,-3.6881126284599306,5.465746e-07,0.0,-0.10923802852630615,-0.00025337414462405227
182200,-0.0005667866207659245,1.4826517303845322e-05,-3.688116878271103,4.0262935e-07,0.0,-0.04698824882507324,-0.00017674167427252918
182400,-0.0005565549363382161,9.132887089435827e-06,-3.688104438781738,5.149841e-07,0.0,-0.2157357931137085,-0.00021917282075314403
182600,-0.00020164223678875715,1.6539220268896315e-05,-3.688061034679413,3.862381e-07,0.0,0.03585505485534668,-0.00018225069798813998
182800,-0.0002631846582517028,1.992710147078469e-05,-3.688109290599823,3.9905308e-07,0.0,0.14452821016311646,-0.0001890141818133184
183000,-0.00041349101229570806,7.496270945921424e-05,-3.688118702173233,3.6925078e-07,0.0,0.024086058139801025,-0.00016965727493261084
183200,-0.00028706557350233197,1.7983666566578904e-05,-3.688148778676987,3.0457971e-07,0.0,0.056403279304504395,-0.00014835248855966655
183400,-0.00043778400868177414,3.712945253937505e-05,-3.6880540013313294,4.0382147e-07,0.0,0.015268981456756592,-0.0001994503282446658
183600,-0.0005281928461045027,1.7803349783207524e-05,-3.68806728720665,3.5762787e-07,0.0,-0.01004481315612793,-0.00017834110517522817
183800,-0.00034866994246840477,3.4852192220569124e-05,-3.6880648910999296,3.9339068e-07,0.0,0.044246792793273926,-0.00017494466978660306
184000,-0.000774871907196939,2.0649017596952034e-05,-3.688058626651764,6.440282e-07,0.0,-0.17208552360534668,-0.00022639842310059332
184200,-0.0002768143895082176,2.6099662954948143e-05,-3.6881078600883486,3.6507845e-07,0.0,-0.10037171840667725,-0.00017390877120606607
184400,-0.00032377272145822644,2.302939687979233e-05,-3.6880911886692047,3.5494566e-07,0.0,-0.034156203269958496,-0.00017238414311122608
184600,-0.00023077966761775315,2.0979357327632896e-05,-3.688073468208313,2.6166438e-07,0.0,-0.1451880931854248,-0.0001325008112599946
184800,-0.0006599082844331861,2.332011672478984e-05,-3.6880049645900725,3.9756296e-07,0.0,0.11396491527557373,-0.00020284020971983452
185000,-0.0006234200554899871,3.153698330606858e-05,-3.6880545198917387,4.1097405e-07,0.0,-0.0919485092163086,-0.0001841134124701993
185200,-0.0005171996308490634,1.590800773101364e-05,-3.6880992472171785,2.911687e-07,0.0,0.18590962886810303,-0.00016446909224896445
185400,-0.00040357629768550396,1.323506821790943e-05,-3.6880617260932924,5.5015084e-07,0.0,0.0030297040939331055,-0.0002287970319150623
185600,-0.0004652365460060537,1.726948735267797e-05,-3.688026177883148,6.565451e-07,0.0,-0.21090900897979736,-0.0002388888056473526
185800,-0.0005833413451910019,1.4854333085168036e-05,-3.6880713760852815,4.3958428e-07,0.0,0.13057786226272583,-0.00018907740001304906
186000,-0.000621125684119761,1.513244237685285e-05,-3.6879984557628633,4.979968e-07,0.0,0.25759410858154297,-0.00020986278421388782
186200,-0.0004845552612096071,3.0016239816177403e-05,-3.688062423467636,4.0084123e-07,0.0,0.053371965885162354,-0.0001903998419173547
186400,-0.0002620548184495419,2.206015283263696e-05,-3.6880528151988985,4.2438506e-07,0.0,-0.262273907661438,-0.00016986059444024093
186600,-0.0007135152700357139,1.6750250938457612e-05,-3.687952548265457,6.753206e-07,0.0,-0.1023557186126709,-0.00022620749554607688
186800,-0.0005371212610043585,2.22702295104682e-05,-3.6880208134651182,4.774332e-07,0.0,-0.06975030899047852,-0.0002058591772256424
187000,-0.0006813895888626575,2.7714860652849894e-05,-3.687936747074127,3.814697e-07,0.0,0.04563331604003906,-0.00018231894111626624
187200,-0.0005312230787239969,2.081178568005271e-05,-3.688014841079712,5.4359435e-07,0.0,-0.22119903564453125,-0.0002464256154340205
187400,-0.0004329010844230652,2.3045020111567282e-05,-3.6881260335445405,3.5941602e-07,0.0,-0.19821298122406006,-0.00018462798345217913
187600,-0.00034536002203822136,6.621915135838208e-05,-3.688039171695709,3.2275912e-07,0.0,-0.0965505838394165,-0.00017635829718711804
187800,-0.0006232121377252042,3.955712304559711e-05,-3.688085126876831,6.136298e-07,0.0,0.05298006534576416,-0.00026250305135819827
188000,-0.00035031879087910056,2.1856575540368794e-05,-3.6881150126457216,5.096197e-07,0.0,0.03329259157180786,-0.00022378179409394684
188200,-0.000318024744046852,3.222905957045441e-05,-3.6879993319511413,5.531311e-07,0.0,-0.059316277503967285,-0.00019546206938388932
188400,-0.0004326059715822339,2.938015809377248e-05,-3.6879802703857423,5.170703e-07,0.0,-0.12445151805877686,-0.0001997450815544255
188600,-0.0008231879910454154,4.4255142438487385e-05,-3.688019782304764,7.632375e-07,0.0,0.12398338317871094,-0.0003035611606217126
188800,-0.00024947995552793145,2.3752144352329195e-05,-3.6881087124347687,2.580881e-07,0.0,0.12391078472137451,-0.0001371269981175427
189000,-0.0004170736065134406,3.915652027899341e-05,-3.6879925191402436,5.245209e-07,0.0,-0.07100439071655273,-0.0002083478650644066
189200,-0.0004672094655688852,2.436415945794579e-05,-3.6880476415157317,3.5256147e-07,0.0,0.012253344058990479,-0.00018125578860803682
189400,-0.0005584208993241191,2.3177348634817462e-05,-3.687997913360596,6.0200693e-07,0.0,0.20715922117233276,-0.0002196706840551288
189600,-0.0004253302759025246,3.0029835397726855e-05,-3.6880528211593626,4.1931867e-07,0.0,-0.270940899848938,-0.00018100458417769083
189800,-0.0006054274272173643,3.141770362162788e-05,-3.6881037950515747,5.093217e-07,0.0,0.010891735553741455,-0.0002546476890521898
190000,-0.0004305756592657417,2.6283601982868277e-05,-3.6881514310836794,4.3272973e-07,0.0,-0.07989990711212158,-0.00019189008293141185
190200,-0.0006358946557156742,2.6440728561283322e-05,-3.687989372014999,6.428361e-07,0.0,0.02818363904953003,-0.0002597571598550896
190400,-0.0002062967250822112,3.290093673058436e-05,-3.68799090385437,3.170967e-07,0.0,0.11505770683288574,-0.00013699200006191958
190600,-0.00024134507111739367,3.4167257626904754e-05,-3.687968349456787,6.058812e-07,0.0,0.08024895191192627,-0.0001905577777661982
190800,-0.0007759921136312187,2.9599960907944477e-05,-3.6880043745040894,6.854534e-07,0.0,-0.09114551544189453,-0.00023754444879631187
191000,-0.0004544502298813313,1.3988065404646477e-05,-3.688049483299255,3.3825637e-07,0.0,0.023433327674865723,-0.00019208057281457913
191200,-0.00037368410266935825,2.082375769987266e-05,-3.6880148887634276,3.7163494e-07,0.0,0.122039794921875,-0.00018407877035611086
191400,-0.0004229772894177586,1.7119750350502726e-05,-3.6880845189094544,3.8325788e-07,0.0,-0.37479376792907715,-0.0001837321384066559
191600,-0.0007685446762479842,2.3629213751519272e-05,-3.688001185655594,5.725026e-07,0.0,-0.10804343223571777,-0.00022747924987900347
191800,-0.0005514080985449255,2.467037745645939e-05,-3.6879802346229553,4.3094155e-07,0.0,-0.02460932731628418,-0.00018171571327840752
192000,-0.0006241847295314074,4.3356403830330235e-05,-3.687923127412796,5.3077935e-07,0.0,-0.12561404705047607,-0.00019699837784263873
192200,-0.00013809045776724815,2.9228273615444777e-05,-3.6879142999649046,4.7653913e-07,0.0,0.10117429494857788,-0.00016645663806116317
192400,-0.0004971266025677323,2.2201608021532594e-05,-3.687947964668274,3.5911796e-07,0.0,-0.1627793312072754,-0.0001861600261979568
192600,-0.000567785813473165,1.1324074603180633e-05,-3.688039004802704,5.811453e-07,0.0,0.17276495695114136,-0.00025855058378434494
192800,-0.00025388417998328805,2.072814113489585e-05,-3.6878773510456084,4.696846e-07,0.0,-0.1452420949935913,-0.0001810903339845682
193000,-0.0005915898946113884,2.6631804530552472e-05,-3.6878889441490172,7.039308e-07,0.0,-0.029706478118896484,-0.0002855818105127028
193200,-0.0002894837234634906,2.2329012199406862e-05,-3.687967139482498,3.117323e-07,0.0,-0.011055946350097656,-0.00014588591436620613
193400,-0.00024933405802585185,1.183802705782e-05,-3.6880244612693787,4.5359138e-07,0.0,-0.07441747188568115,-0.00019670195972323334
193600,-0.0005919771501794457,1.3357659099710872e-05,-3.6879984736442566,3.951788e-07,0.0,0.07550311088562012,-0.00018285453865347635
193800,-0.0002690445980988443,2.1044328696007143e-05,-3.6879981100559234,5.289912e-07,0.0,0.23192435503005981,-0.00019239268561141998
194000,-0.0008973914664238691,1.899315341233887e-05,-3.6879967570304872,7.6860186e-07,0.0,-0.1502779722213745,-0.00031554986352375634
194200,-0.0006233713938854635,1.7290297409999767e-05,-3.687875306606293,6.0886146e-07,0.0,0.034146010875701904,-0.0001883136343258096
194400,-0.0004768462385982275,1.9095744710284636e-05,-3.6881096184253694,3.7610533e-07,0.0,-0.17486679553985596,-0.00018789577526365787
194600,-0.0003061315219383687,1.761661972068396e-05,-3.6879805624485016,5.313754e-07,0.0,0.01744025945663452,-0.00019545097636353148
194800,-0.0005408287979662418,2.0194250396343705e-05,-3.6879944086074827,4.374981e-07,0.0,0.05140054225921631,-0.00020564141761032496
195000,-0.0004361033788882196,3.545317763382627e-05,-3.688042092323303,4.029274e-07,0.0,-0.14364910125732422,-0.00019864426486577714
195200,-0.0004254402010701597,2.4657811218276036e-05,-3.6879092156887054,4.0382147e-07,0.0,-0.3286250829696655,-0.0001968952707827598
195400,-0.0003403735172469169,3.0908010739949535e-05,-3.688065826892853,2.5570392e-07,0.0,0.06451761722564697,-0.00015503719347091937
195600,-0.00043458028812892735,1.4833083787380019e-05,-3.6881201684474947,2.935529e-07,0.0,-0.2364271879196167,-0.00017753831968116973
195800,-0.000303772249026224,1.33292701548271e-05,-3.687913966178894,3.9100644e-07,0.0,-0.1265496015548706,-0.00016734188756504232
196000,-0.0004690097994171083,2.30321335948247e-05,-3.6880021512508394,2.783537e-07,0.0,-0.09437131881713867,-0.00015926052759129838
196200,-0.00047767159412615,3.8056415223763904e-05,-3.6879830956459045,6.097555e-07,0.0,0.043976545333862305,-0.00024898974737466164
196400,-0.0004572472826112062,1.4351475124385616e-05,-3.6879527509212493,5.1259997e-07,0.0,0.14520984888076782,-0.0002171002672723965
196600,-0.0005320252384990454,1.6131458505697082e-05,-3.6879753470420837,5.051494e-07,0.0,-0.10448825359344482,-0.00022050989066633165
196800,-0.0007054131710901856,1.8386842702966534e-05,-3.6879196882247927,5.9723857e-07,0.0,0.22021961212158203,-0.00022659309824325514
197000,-0.0005090685444884002,4.225207312629209e-05,-3.688052552938461,4.467368e-07,0.0,0.1071426272392273,-0.00017554269781772103
197200,-0.00036289088893681765,1.214092624195473e-05,-3.688020247220993,4.3362377e-07,0.0,-0.010884523391723633,-0.00021354022942750018
197400,-0.0006831827922724187,2.8146870181444684e-05,-3.687960517406464,6.4343214e-07,0.0,0.026668071746826172,-0.00024281406445876287
197600,-0.0003519285237416625,2.4734482349231256e-05,-3.687996059656143,4.23491e-07,0.0,0.009337007999420166,-0.0001865012792457321
197800,-0.0004539626825135201,3.669644520414295e-05,-3.688167095184326,4.4345853e-07,0.0,-0.13192760944366455,-0.0001855290153143896
198000,-0.0002985569299198687,1.7070255535145406e-05,-3.6880227506160734,2.759695e-07,0.0,-0.2565861940383911,-0.00013714232976864694
198200,-0.0006044443580321968,2.784208409138955e-05,-3.688039857149124,4.0471554e-07,0.0,-0.09425234794616699,-0.0002101718190543167
198400,-0.0005915737128816545,3.716728033396066e-05,-3.6880883395671846,5.379319e-07,0.0,-0.0019115209579467773,-0.00024008343030574865
198600,-0.0003950847021769732,3.1916223588268625e-05,-3.687916022539139,4.8339365e-07,0.0,-0.10712194442749023,-0.00018426922083927266
198800,-0.0005064898286946118,2.095017575811653e-05,-3.6881527245044707,4.2319297e-07,0.0,0.08536320924758911,-0.00022843640222844908
199000,-0.00040611749864183366,2.1484306512320472e-05,-3.6878850758075714,5.796552e-07,0.0,-0.021204113960266113,-0.00024918198385830425
199200,-0.0004956291522830725,2.247172342322301e-05,-3.688009262084961,4.6312812e-07,0.0,0.0012756586074829102,-0.00019605955638895
199400,-0.0005662563489750028,2.2162186223795288e-05,-3.6880523324012757,3.85046e-07,0.0,0.02117013931274414,-0.00019939667029962306
199600,-0.000619037717115134,1.656488450407778e-05,-3.6879585802555086,5.534291e-07,0.0,-0.15172410011291504,-0.00023003429078936045
199800,-0.000502144917845726,3.499586155157886e-05,-3.6880737960338594,4.6223403e-07,0.0,0.031964659690856934,-0.00022432423953802071
200000,-0.00035426885006017983,4.597760816977825e-05,-3.6879591405391694,3.9488077e-07,0.0,-0.035739898681640625,-0.00020959074282647094
