Using libsumo as traci as requested by environment variable.
=================================================================
  train_cologne_curriculum — cologne3 — PPO
  reward=pressure  seed=999  total_steps=500000
  Curriculum stages:
    Stage 1: 100% demand   500000 steps
  save_dir: /workspace/rl-traffic/exp_cologne3_direct/ppo_pressure_s999
=================================================================
  [rand] cologne3_rand_100pct.rou.xml

  n_agents=3 | obs=(7,) | act=Discrete(3)
Using cpu device

────────────────────────────────────────────────────────────
  Stage 1/4  100% demand  500000 steps  (cumulative -> 500000)
  Route: cologne3_rand_100pct.rou.xml
────────────────────────────────────────────────────────────
-----------------------------
| time/              |      |
|    fps             | 261  |
|    iterations      | 1    |
|    time_elapsed    | 5    |
|    total_timesteps | 1536 |
-----------------------------
-----------------------------------------
| time/                   |             |
|    fps                  | 208         |
|    iterations           | 2           |
|    time_elapsed         | 14          |
|    total_timesteps      | 3072        |
| train/                  |             |
|    approx_kl            | 0.005306011 |
|    clip_fraction        | 0.0184      |
|    clip_range           | 0.2         |
|    entropy_loss         | -1.1        |
|    explained_variance   | -0.031      |
|    learning_rate        | 0.0003      |
|    loss                 | 0.459       |
|    n_updates            | 10          |
|    policy_gradient_loss | -0.00306    |
|    value_loss           | 2.09        |
-----------------------------------------
-------------------------------------------
| time/                   |               |
|    fps                  | 172           |
|    iterations           | 3             |
|    time_elapsed         | 26            |
|    total_timesteps      | 4608          |
| train/                  |               |
|    approx_kl            | 0.00037700636 |
|    clip_fraction        | 0             |
|    clip_range           | 0.2           |
|    entropy_loss         | -1.09         |
|    explained_variance   | 0.462         |
|    learning_rate        | 0.0003        |
|    loss                 | 1.52          |
|    n_updates            | 20            |
|    policy_gradient_loss | 0.000212      |
|    value_loss           | 6.46          |
-------------------------------------------
  step    5001/500000 (  1.0%)  mean_rew=-0.042
-------------------------------------------
| time/                   |               |
|    fps                  | 182           |
|    iterations           | 4             |
|    time_elapsed         | 33            |
|    total_timesteps      | 6144          |
| train/                  |               |
|    approx_kl            | 0.00046587063 |
|    clip_fraction        | 0             |
|    clip_range           | 0.2           |
|    entropy_loss         | -1.09         |
|    explained_variance   | 0.624         |
|    learning_rate        | 0.0003        |
|    loss                 | 2.43          |
|    n_updates            | 30            |
|    policy_gradient_loss | -0.00028      |
|    value_loss           | 8.56          |
-------------------------------------------
-----------------------------------------
| time/                   |             |
|    fps                  | 192         |
|    iterations           | 5           |
|    time_elapsed         | 39          |
|    total_timesteps      | 7680        |
| train/                  |             |
|    approx_kl            | 0.007687919 |
|    clip_fraction        | 0.0439      |
|    clip_range           | 0.2         |
|    entropy_loss         | -1.09       |
|    explained_variance   | 0.9         |
|    learning_rate        | 0.0003      |
|    loss                 | 0.923       |
|    n_updates            | 40          |
|    policy_gradient_loss | -0.00315    |
|    value_loss           | 2.42        |
-----------------------------------------
-----------------------------------------
| time/                   |             |
|    fps                  | 185         |
|    iterations           | 6           |
|    time_elapsed         | 49          |
|    total_timesteps      | 9216        |
| train/                  |             |
|    approx_kl            | 0.007007129 |
|    clip_fraction        | 0.0109      |
|    clip_range           | 0.2         |
|    entropy_loss         | -1.07       |
|    explained_variance   | 0.849       |
|    learning_rate        | 0.0003      |
|    loss                 | 2.06        |
|    n_updates            | 50          |
|    policy_gradient_loss | -0.00297    |
|    value_loss           | 4.62        |
-----------------------------------------
  step   10002/500000 (  2.0%)  mean_rew=-0.335
-----------------------------------------
| time/                   |             |
|    fps                  | 168         |
|    iterations           | 7           |
|    time_elapsed         | 63          |
|    total_timesteps      | 10752       |
| train/                  |             |
|    approx_kl            | 0.011579965 |
|    clip_fraction        | 0.00807     |
|    clip_range           | 0.2         |
|    entropy_loss         | -1.06       |
|    explained_variance   | 0.829       |
|    learning_rate        | 0.0003      |
|    loss                 | 2.9         |
|    n_updates            | 60          |
|    policy_gradient_loss | -0.00168    |
|    value_loss           | 6.03        |
-----------------------------------------
------------------------------------------
| time/                   |              |
|    fps                  | 167          |
|    iterations           | 8            |
|    time_elapsed         | 73           |
|    total_timesteps      | 12288        |
| train/                  |              |
|    approx_kl            | 0.0013802227 |
|    clip_fraction        | 0            |
|    clip_range           | 0.2          |
|    entropy_loss         | -1.08        |
|    explained_variance   | 0.652        |
|    learning_rate        | 0.0003       |
|    loss                 | 2.31         |
|    n_updates            | 70           |
|    policy_gradient_loss | -0.000565    |
|    value_loss           | 7.35         |
------------------------------------------
------------------------------------------
| time/                   |              |
|    fps                  | 167          |
|    iterations           | 9            |
|    time_elapsed         | 82           |
|    total_timesteps      | 13824        |
| train/                  |              |
|    approx_kl            | 0.0069995304 |
|    clip_fraction        | 0.0101       |
|    clip_range           | 0.2          |
|    entropy_loss         | -1.1         |
|    explained_variance   | 0.89         |
|    learning_rate        | 0.0003       |
|    loss                 | 1.54         |
|    n_updates            | 80           |
|    policy_gradient_loss | -0.00212     |
|    value_loss           | 6.86         |
------------------------------------------
  step   15003/500000 (  3.0%)  mean_rew=-0.306
-----------------------------------------
| time/                   |             |
|    fps                  | 168         |
|    iterations           | 10          |
|    time_elapsed         | 91          |
|    total_timesteps      | 15360       |
| train/                  |             |
|    approx_kl            | 0.004595227 |
|    clip_fraction        | 0           |
|    clip_range           | 0.2         |
|    entropy_loss         | -1.09       |
|    explained_variance   | 0.883       |
|    learning_rate        | 0.0003      |
|    loss                 | 3.53        |
|    n_updates            | 90          |
|    policy_gradient_loss | -0.00277    |
|    value_loss           | 10.6        |
-----------------------------------------
-----------------------------------------
| time/                   |             |
|    fps                  | 163         |
|    iterations           | 11          |
|    time_elapsed         | 103         |
|    total_timesteps      | 16896       |
| train/                  |             |
|    approx_kl            | 0.008596461 |
|    clip_fraction        | 0.0296      |
|    clip_range           | 0.2         |
|    entropy_loss         | -1.08       |
|    explained_variance   | 0.905       |
|    learning_rate        | 0.0003      |
|    loss                 | 3.11        |
|    n_updates            | 100         |
|    policy_gradient_loss | -0.00459    |
|    value_loss           | 7.17        |
-----------------------------------------
-----------------------------------------
| time/                   |             |
|    fps                  | 162         |
|    iterations           | 12          |
|    time_elapsed         | 113         |
|    total_timesteps      | 18432       |
| train/                  |             |
|    approx_kl            | 0.002352006 |
|    clip_fraction        | 0           |
|    clip_range           | 0.2         |
|    entropy_loss         | -1.08       |
|    explained_variance   | 0.917       |
|    learning_rate        | 0.0003      |
|    loss                 | 1.83        |
|    n_updates            | 110         |
|    policy_gradient_loss | -0.000682   |
|    value_loss           | 4.27        |
-----------------------------------------
------------------------------------------
| time/                   |              |
|    fps                  | 159          |
|    iterations           | 13           |
|    time_elapsed         | 125          |
|    total_timesteps      | 19968        |
| train/                  |              |
|    approx_kl            | 0.0053588916 |
|    clip_fraction        | 0            |
|    clip_range           | 0.2          |
|    entropy_loss         | -1.08        |
|    explained_variance   | 0.877        |
|    learning_rate        | 0.0003       |
|    loss                 | 4.26         |
|    n_updates            | 120          |
|    policy_gradient_loss | -0.00157     |
|    value_loss           | 9.71         |
------------------------------------------
  step   20004/500000 (  4.0%)  mean_rew=-0.018
-----------------------------------------
| time/                   |             |
|    fps                  | 155         |
|    iterations           | 14          |
|    time_elapsed         | 138         |
|    total_timesteps      | 21504       |
| train/                  |             |
|    approx_kl            | 0.006920544 |
|    clip_fraction        | 0.023       |
|    clip_range           | 0.2         |
|    entropy_loss         | -1.06       |
|    explained_variance   | 0.877       |
|    learning_rate        | 0.0003      |
|    loss                 | 6.42        |
|    n_updates            | 130         |
|    policy_gradient_loss | -0.00307    |
|    value_loss           | 10.9        |
-----------------------------------------
-----------------------------------------
| time/                   |             |
|    fps                  | 155         |
|    iterations           | 15          |
|    time_elapsed         | 148         |
|    total_timesteps      | 23040       |
| train/                  |             |
|    approx_kl            | 0.008944842 |
|    clip_fraction        | 0.0191      |
|    clip_range           | 0.2         |
|    entropy_loss         | -1.02       |
|    explained_variance   | 0.899       |
|    learning_rate        | 0.0003      |
|    loss                 | 2.01        |
|    n_updates            | 140         |
|    policy_gradient_loss | -0.00278    |
|    value_loss           | 4.27        |
-----------------------------------------
------------------------------------------
| time/                   |              |
|    fps                  | 155          |
|    iterations           | 16           |
|    time_elapsed         | 157          |
|    total_timesteps      | 24576        |
| train/                  |              |
|    approx_kl            | 0.0038213904 |
|    clip_fraction        | 0.000781     |
|    clip_range           | 0.2          |
|    entropy_loss         | -1.01        |
|    explained_variance   | 0.881        |
|    learning_rate        | 0.0003       |
|    loss                 | 4.19         |
|    n_updates            | 150          |
|    policy_gradient_loss | -0.00109     |
|    value_loss           | 10.3         |
------------------------------------------
  step   25005/500000 (  5.0%)  mean_rew=-0.100
------------------------------------------
| time/                   |              |
|    fps                  | 155          |
|    iterations           | 17           |
|    time_elapsed         | 167          |
|    total_timesteps      | 26112        |
| train/                  |              |
|    approx_kl            | 0.0027230857 |
|    clip_fraction        | 0            |
|    clip_range           | 0.2          |
|    entropy_loss         | -1.03        |
|    explained_variance   | 0.866        |
|    learning_rate        | 0.0003       |
|    loss                 | 5.86         |
|    n_updates            | 160          |
|    policy_gradient_loss | -0.000555    |
|    value_loss           | 14.6         |
------------------------------------------
-----------------------------------------
| time/                   |             |
|    fps                  | 158         |
|    iterations           | 18          |
|    time_elapsed         | 174         |
|    total_timesteps      | 27648       |
| train/                  |             |
|    approx_kl            | 0.014598629 |
|    clip_fraction        | 0.0586      |
|    clip_range           | 0.2         |
|    entropy_loss         | -1.06       |
|    explained_variance   | 0.877       |
|    learning_rate        | 0.0003      |
|    loss                 | 3.31        |
|    n_updates            | 170         |
|    policy_gradient_loss | -0.00623    |
|    value_loss           | 10.4        |
-----------------------------------------
----------------------------------------
| time/                   |            |
|    fps                  | 158        |
|    iterations           | 19         |
|    time_elapsed         | 184        |
|    total_timesteps      | 29184      |
| train/                  |            |
|    approx_kl            | 0.00974116 |
|    clip_fraction        | 0.0258     |
|    clip_range           | 0.2        |
|    entropy_loss         | -1.06      |
|    explained_variance   | 0.963      |
|    learning_rate        | 0.0003     |
|    loss                 | 0.775      |
|    n_updates            | 180        |
|    policy_gradient_loss | -0.00363   |
|    value_loss           | 2.1        |
----------------------------------------
  step   30006/500000 (  6.0%)  mean_rew=-0.343
-----------------------------------------
| time/                   |             |
|    fps                  | 156         |
|    iterations           | 20          |
|    time_elapsed         | 196         |
|    total_timesteps      | 30720       |
| train/                  |             |
|    approx_kl            | 0.009527666 |
|    clip_fraction        | 0.0405      |
|    clip_range           | 0.2         |
|    entropy_loss         | -1.03       |
|    explained_variance   | 0.881       |
|    learning_rate        | 0.0003      |
|    loss                 | 6.44        |
|    n_updates            | 190         |
|    policy_gradient_loss | -0.00233    |
|    value_loss           | 9.58        |
-----------------------------------------
-----------------------------------------
| time/                   |             |
|    fps                  | 153         |
|    iterations           | 21          |
|    time_elapsed         | 209         |
|    total_timesteps      | 32256       |
| train/                  |             |
|    approx_kl            | 0.005470291 |
|    clip_fraction        | 0.018       |
|    clip_range           | 0.2         |
|    entropy_loss         | -1.02       |
|    explained_variance   | 0.887       |
|    learning_rate        | 0.0003      |
|    loss                 | 5.27        |
|    n_updates            | 200         |
|    policy_gradient_loss | -0.00251    |
|    value_loss           | 12          |
-----------------------------------------
-----------------------------------------
| time/                   |             |
|    fps                  | 156         |
|    iterations           | 22          |
|    time_elapsed         | 215         |
|    total_timesteps      | 33792       |
| train/                  |             |
|    approx_kl            | 0.006340672 |
|    clip_fraction        | 0.0119      |
|    clip_range           | 0.2         |
|    entropy_loss         | -1.01       |
|    explained_variance   | 0.952       |
|    learning_rate        | 0.0003      |
|    loss                 | 1.37        |
|    n_updates            | 210         |
|    policy_gradient_loss | -0.00126    |
|    value_loss           | 3.36        |
-----------------------------------------
  step   35007/500000 (  7.0%)  mean_rew=-0.033
------------------------------------------
| time/                   |              |
|    fps                  | 158          |
|    iterations           | 23           |
|    time_elapsed         | 223          |
|    total_timesteps      | 35328        |
| train/                  |              |
|    approx_kl            | 0.0074324496 |
|    clip_fraction        | 0.0203       |
|    clip_range           | 0.2          |
|    entropy_loss         | -1.03        |
|    explained_variance   | 0.837        |
|    learning_rate        | 0.0003       |
|    loss                 | 1.7          |
|    n_updates            | 220          |
|    policy_gradient_loss | -0.00252     |
|    value_loss           | 9.78         |
------------------------------------------
-----------------------------------------
| time/                   |             |
|    fps                  | 158         |
|    iterations           | 24          |
|    time_elapsed         | 232         |
|    total_timesteps      | 36864       |
| train/                  |             |
|    approx_kl            | 0.006629188 |
|    clip_fraction        | 0.0242      |
|    clip_range           | 0.2         |
|    entropy_loss         | -1.01       |
|    explained_variance   | 0.907       |
|    learning_rate        | 0.0003      |
|    loss                 | 4.33        |
|    n_updates            | 230         |
|    policy_gradient_loss | -0.00399    |
|    value_loss           | 8.55        |
-----------------------------------------
------------------------------------------
| time/                   |              |
|    fps                  | 157          |
|    iterations           | 25           |
|    time_elapsed         | 243          |
|    total_timesteps      | 38400        |
| train/                  |              |
|    approx_kl            | 0.0027828172 |
|    clip_fraction        | 0            |
|    clip_range           | 0.2          |
|    entropy_loss         | -0.991       |
|    explained_variance   | 0.904        |
|    learning_rate        | 0.0003       |
|    loss                 | 6.27         |
|    n_updates            | 240          |
|    policy_gradient_loss | -0.000761    |
|    value_loss           | 8.62         |
------------------------------------------
------------------------------------------
| time/                   |              |
|    fps                  | 158          |
|    iterations           | 26           |
|    time_elapsed         | 251          |
|    total_timesteps      | 39936        |
| train/                  |              |
|    approx_kl            | 0.0063912403 |
|    clip_fraction        | 0.0291       |
|    clip_range           | 0.2          |
|    entropy_loss         | -0.938       |
|    explained_variance   | 0.97         |
|    learning_rate        | 0.0003       |
|    loss                 | 0.693        |
|    n_updates            | 250          |
|    policy_gradient_loss | -0.00225     |
|    value_loss           | 2.29         |
------------------------------------------
  step   40008/500000 (  8.0%)  mean_rew=-0.094
-----------------------------------------
| time/                   |             |
|    fps                  | 159         |
|    iterations           | 27          |
|    time_elapsed         | 260         |
|    total_timesteps      | 41472       |
| train/                  |             |
|    approx_kl            | 0.003344424 |
|    clip_fraction        | 0.0122      |
|    clip_range           | 0.2         |
|    entropy_loss         | -0.933      |
|    explained_variance   | 0.881       |
|    learning_rate        | 0.0003      |
|    loss                 | 9.39        |
|    n_updates            | 260         |
|    policy_gradient_loss | -0.00239    |
|    value_loss           | 12.7        |
-----------------------------------------
-----------------------------------------
| time/                   |             |
|    fps                  | 159         |
|    iterations           | 28          |
|    time_elapsed         | 268         |
|    total_timesteps      | 43008       |
| train/                  |             |
|    approx_kl            | 0.001159053 |
|    clip_fraction        | 0           |
|    clip_range           | 0.2         |
|    entropy_loss         | -0.908      |
|    explained_variance   | 0.908       |
|    learning_rate        | 0.0003      |
|    loss                 | 10          |
|    n_updates            | 270         |
|    policy_gradient_loss | -0.00029    |
|    value_loss           | 10.6        |
-----------------------------------------
----------------------------------------
| time/                   |            |
|    fps                  | 159        |
|    iterations           | 29         |
|    time_elapsed         | 278        |
|    total_timesteps      | 44544      |
| train/                  |            |
|    approx_kl            | 0.01282578 |
|    clip_fraction        | 0.0566     |
|    clip_range           | 0.2        |
|    entropy_loss         | -0.914     |
|    explained_variance   | 0.972      |
|    learning_rate        | 0.0003     |
|    loss                 | 1.61       |
|    n_updates            | 280        |
|    policy_gradient_loss | -0.00377   |
|    value_loss           | 2.91       |
----------------------------------------
  step   45009/500000 (  9.0%)  mean_rew=-0.375
-----------------------------------------
| time/                   |             |
|    fps                  | 159         |
|    iterations           | 30          |
|    time_elapsed         | 288         |
|    total_timesteps      | 46080       |
| train/                  |             |
|    approx_kl            | 0.004051817 |
|    clip_fraction        | 0.023       |
|    clip_range           | 0.2         |
|    entropy_loss         | -0.873      |
|    explained_variance   | 0.908       |
|    learning_rate        | 0.0003      |
|    loss                 | 6.8         |
|    n_updates            | 290         |
|    policy_gradient_loss | -0.00142    |
|    value_loss           | 10.1        |
-----------------------------------------
-----------------------------------------
| time/                   |             |
|    fps                  | 159         |
|    iterations           | 31          |
|    time_elapsed         | 299         |
|    total_timesteps      | 47616       |
| train/                  |             |
|    approx_kl            | 0.006008376 |
|    clip_fraction        | 0.0285      |
|    clip_range           | 0.2         |
|    entropy_loss         | -0.886      |
|    explained_variance   | 0.914       |
|    learning_rate        | 0.0003      |
|    loss                 | 6.64        |
|    n_updates            | 300         |
|    policy_gradient_loss | -0.00251    |
|    value_loss           | 11.8        |
-----------------------------------------
------------------------------------------
| time/                   |              |
|    fps                  | 161          |
|    iterations           | 32           |
|    time_elapsed         | 304          |
|    total_timesteps      | 49152        |
| train/                  |              |
|    approx_kl            | 0.0035084067 |
|    clip_fraction        | 0.00189      |
|    clip_range           | 0.2          |
|    entropy_loss         | -0.858       |
|    explained_variance   | 0.898        |
|    learning_rate        | 0.0003       |
|    loss                 | 6.42         |
|    n_updates            | 310          |
|    policy_gradient_loss | -9.29e-05    |
|    value_loss           | 12.1         |
------------------------------------------
  step   50010/500000 ( 10.0%)  mean_rew=-0.019
------------------------------------------
| time/                   |              |
|    fps                  | 162          |
|    iterations           | 33           |
|    time_elapsed         | 311          |
|    total_timesteps      | 50688        |
| train/                  |              |
|    approx_kl            | 0.0090756165 |
|    clip_fraction        | 0.0383       |
|    clip_range           | 0.2          |
|    entropy_loss         | -0.964       |
|    explained_variance   | 0.983        |
|    learning_rate        | 0.0003       |
|    loss                 | 0.485        |
|    n_updates            | 320          |
|    policy_gradient_loss | -0.00308     |
|    value_loss           | 1.08         |
------------------------------------------
------------------------------------------
| time/                   |              |
|    fps                  | 162          |
|    iterations           | 34           |
|    time_elapsed         | 321          |
|    total_timesteps      | 52224        |
| train/                  |              |
|    approx_kl            | 0.0011632298 |
|    clip_fraction        | 0            |
|    clip_range           | 0.2          |
|    entropy_loss         | -0.951       |
|    explained_variance   | 0.91         |
|    learning_rate        | 0.0003       |
|    loss                 | 5.33         |
|    n_updates            | 330          |
|    policy_gradient_loss | -0.00076     |
|    value_loss           | 11.1         |
------------------------------------------
----------------------------------------
| time/                   |            |
|    fps                  | 161        |
|    iterations           | 35         |
|    time_elapsed         | 332        |
|    total_timesteps      | 53760      |
| train/                  |            |
|    approx_kl            | 0.00522132 |
|    clip_fraction        | 0.0015     |
|    clip_range           | 0.2        |
|    entropy_loss         | -0.965     |
|    explained_variance   | 0.908      |
|    learning_rate        | 0.0003     |
|    loss                 | 4.46       |
|    n_updates            | 340        |
|    policy_gradient_loss | -0.00136   |
|    value_loss           | 12.2       |
----------------------------------------
  step   55011/500000 ( 11.0%)  mean_rew=-0.131
-----------------------------------------
| time/                   |             |
|    fps                  | 162         |
|    iterations           | 36          |
|    time_elapsed         | 340         |
|    total_timesteps      | 55296       |
| train/                  |             |
|    approx_kl            | 0.013834468 |
|    clip_fraction        | 0.0831      |
|    clip_range           | 0.2         |
|    entropy_loss         | -0.984      |
|    explained_variance   | 0.978       |
|    learning_rate        | 0.0003      |
|    loss                 | 0.91        |
|    n_updates            | 350         |
|    policy_gradient_loss | -0.00562    |
|    value_loss           | 2.05        |
-----------------------------------------
-----------------------------------------
| time/                   |             |
|    fps                  | 162         |
|    iterations           | 37          |
|    time_elapsed         | 348         |
|    total_timesteps      | 56832       |
| train/                  |             |
|    approx_kl            | 0.009846617 |
|    clip_fraction        | 0.0245      |
|    clip_range           | 0.2         |
|    entropy_loss         | -0.94       |
|    explained_variance   | 0.899       |
|    learning_rate        | 0.0003      |
|    loss                 | 5.51        |
|    n_updates            | 360         |
|    policy_gradient_loss | -0.00305    |
|    value_loss           | 11.6        |
-----------------------------------------
-----------------------------------------
| time/                   |             |
|    fps                  | 163         |
|    iterations           | 38          |
|    time_elapsed         | 357         |
|    total_timesteps      | 58368       |
| train/                  |             |
|    approx_kl            | 0.009194103 |
|    clip_fraction        | 0.00547     |
|    clip_range           | 0.2         |
|    entropy_loss         | -0.961      |
|    explained_variance   | 0.925       |
|    learning_rate        | 0.0003      |
|    loss                 | 7.24        |
|    n_updates            | 370         |
|    policy_gradient_loss | -0.0022     |
|    value_loss           | 11.8        |
-----------------------------------------
------------------------------------------
| time/                   |              |
|    fps                  | 163          |
|    iterations           | 39           |
|    time_elapsed         | 365          |
|    total_timesteps      | 59904        |
| train/                  |              |
|    approx_kl            | 0.0027096972 |
|    clip_fraction        | 0            |
|    clip_range           | 0.2          |
|    entropy_loss         | -0.986       |
|    explained_variance   | 0.917        |
|    learning_rate        | 0.0003       |
|    loss                 | 5.21         |
|    n_updates            | 380          |
|    policy_gradient_loss | -0.00122     |
|    value_loss           | 10.4         |
------------------------------------------
  step   60012/500000 ( 12.0%)  mean_rew=-0.344
-----------------------------------------
| time/                   |             |
|    fps                  | 165         |
|    iterations           | 40          |
|    time_elapsed         | 372         |
|    total_timesteps      | 61440       |
| train/                  |             |
|    approx_kl            | 0.009755304 |
|    clip_fraction        | 0.0249      |
|    clip_range           | 0.2         |
|    entropy_loss         | -1.01       |
|    explained_variance   | 0.984       |
|    learning_rate        | 0.0003      |
|    loss                 | 0.867       |
|    n_updates            | 390         |
|    policy_gradient_loss | -0.00143    |
|    value_loss           | 1.75        |
-----------------------------------------
-----------------------------------------
| time/                   |             |
|    fps                  | 165         |
|    iterations           | 41          |
|    time_elapsed         | 379         |
|    total_timesteps      | 62976       |
| train/                  |             |
|    approx_kl            | 0.008305683 |
|    clip_fraction        | 0.0103      |
|    clip_range           | 0.2         |
|    entropy_loss         | -0.969      |
|    explained_variance   | 0.917       |
|    learning_rate        | 0.0003      |
|    loss                 | 8.45        |
|    n_updates            | 400         |
|    policy_gradient_loss | -0.00443    |
|    value_loss           | 11.4        |
-----------------------------------------
-----------------------------------------
| time/                   |             |
|    fps                  | 167         |
|    iterations           | 42          |
|    time_elapsed         | 386         |
|    total_timesteps      | 64512       |
| train/                  |             |
|    approx_kl            | 0.003331483 |
|    clip_fraction        | 0.0309      |
|    clip_range           | 0.2         |
|    entropy_loss         | -0.953      |
|    explained_variance   | 0.914       |
|    learning_rate        | 0.0003      |
|    loss                 | 9.3         |
|    n_updates            | 410         |
|    policy_gradient_loss | -0.00207    |
|    value_loss           | 10.7        |
-----------------------------------------
  step   65013/500000 ( 13.0%)  mean_rew=-0.016
-----------------------------------------
| time/                   |             |
|    fps                  | 167         |
|    iterations           | 43          |
|    time_elapsed         | 393         |
|    total_timesteps      | 66048       |
| train/                  |             |
|    approx_kl            | 0.006263903 |
|    clip_fraction        | 0.0255      |
|    clip_range           | 0.2         |
|    entropy_loss         | -0.971      |
|    explained_variance   | 0.986       |
|    learning_rate        | 0.0003      |
|    loss                 | 0.367       |
|    n_updates            | 420         |
|    policy_gradient_loss | -0.0023     |
|    value_loss           | 1.21        |
-----------------------------------------
------------------------------------------
| time/                   |              |
|    fps                  | 167          |
|    iterations           | 44           |
|    time_elapsed         | 402          |
|    total_timesteps      | 67584        |
| train/                  |              |
|    approx_kl            | 0.0056878836 |
|    clip_fraction        | 0.0143       |
|    clip_range           | 0.2          |
|    entropy_loss         | -0.985       |
|    explained_variance   | 0.903        |
|    learning_rate        | 0.0003       |
|    loss                 | 6.58         |
|    n_updates            | 430          |
|    policy_gradient_loss | -0.00227     |
|    value_loss           | 11           |
------------------------------------------
------------------------------------------
| time/                   |              |
|    fps                  | 166          |
|    iterations           | 45           |
|    time_elapsed         | 413          |
|    total_timesteps      | 69120        |
| train/                  |              |
|    approx_kl            | 0.0051091365 |
|    clip_fraction        | 0            |
|    clip_range           | 0.2          |
|    entropy_loss         | -0.969       |
|    explained_variance   | 0.915        |
|    learning_rate        | 0.0003       |
|    loss                 | 5.07         |
|    n_updates            | 440          |
|    policy_gradient_loss | -0.00139     |
|    value_loss           | 11.9         |
------------------------------------------
  step   70014/500000 ( 14.0%)  mean_rew=-0.011
------------------------------------------
| time/                   |              |
|    fps                  | 168          |
|    iterations           | 46           |
|    time_elapsed         | 418          |
|    total_timesteps      | 70656        |
| train/                  |              |
|    approx_kl            | 0.0005085909 |
|    clip_fraction        | 0            |
|    clip_range           | 0.2          |
|    entropy_loss         | -0.941       |
|    explained_variance   | 0.884        |
|    learning_rate        | 0.0003       |
|    loss                 | 2.37         |
|    n_updates            | 450          |
|    policy_gradient_loss | -3.32e-05    |
|    value_loss           | 12.1         |
------------------------------------------
-----------------------------------------
| time/                   |             |
|    fps                  | 170         |
|    iterations           | 47          |
|    time_elapsed         | 424         |
|    total_timesteps      | 72192       |
| train/                  |             |
|    approx_kl            | 0.005123395 |
|    clip_fraction        | 0.0584      |
|    clip_range           | 0.2         |
|    entropy_loss         | -0.972      |
|    explained_variance   | 0.972       |
|    learning_rate        | 0.0003      |
|    loss                 | 0.657       |
|    n_updates            | 460         |
|    policy_gradient_loss | -0.0051     |
|    value_loss           | 1.4         |
-----------------------------------------
-------------------------------------------
| time/                   |               |
|    fps                  | 170           |
|    iterations           | 48            |
|    time_elapsed         | 431           |
|    total_timesteps      | 73728         |
| train/                  |               |
|    approx_kl            | 0.00084785436 |
|    clip_fraction        | 0             |
|    clip_range           | 0.2           |
|    entropy_loss         | -0.976        |
|    explained_variance   | 0.912         |
|    learning_rate        | 0.0003        |
|    loss                 | 6.89          |
|    n_updates            | 470           |
|    policy_gradient_loss | 2.46e-05      |
|    value_loss           | 10.4          |
-------------------------------------------
  step   75015/500000 ( 15.0%)  mean_rew=-0.310
------------------------------------------
| time/                   |              |
|    fps                  | 171          |
|    iterations           | 49           |
|    time_elapsed         | 439          |
|    total_timesteps      | 75264        |
| train/                  |              |
|    approx_kl            | 0.0036067942 |
|    clip_fraction        | 0            |
|    clip_range           | 0.2          |
|    entropy_loss         | -0.977       |
|    explained_variance   | 0.915        |
|    learning_rate        | 0.0003       |
|    loss                 | 7.99         |
|    n_updates            | 480          |
|    policy_gradient_loss | -0.000771    |
|    value_loss           | 10.5         |
------------------------------------------
------------------------------------------
| time/                   |              |
|    fps                  | 172          |
|    iterations           | 50           |
|    time_elapsed         | 444          |
|    total_timesteps      | 76800        |
| train/                  |              |
|    approx_kl            | 0.0035081932 |
|    clip_fraction        | 0.0347       |
|    clip_range           | 0.2          |
|    entropy_loss         | -0.98        |
|    explained_variance   | 0.98         |
|    learning_rate        | 0.0003       |
|    loss                 | 1.17         |
|    n_updates            | 490          |
|    policy_gradient_loss | -0.00297     |
|    value_loss           | 2.24         |
------------------------------------------
------------------------------------------
| time/                   |              |
|    fps                  | 173          |
|    iterations           | 51           |
|    time_elapsed         | 450          |
|    total_timesteps      | 78336        |
| train/                  |              |
|    approx_kl            | 0.0043281685 |
|    clip_fraction        | 0.00488      |
|    clip_range           | 0.2          |
|    entropy_loss         | -0.982       |
|    explained_variance   | 0.873        |
|    learning_rate        | 0.0003       |
|    loss                 | 3.02         |
|    n_updates            | 500          |
|    policy_gradient_loss | -0.000879    |
|    value_loss           | 10.2         |
------------------------------------------
------------------------------------------
| time/                   |              |
|    fps                  | 173          |
|    iterations           | 52           |
|    time_elapsed         | 460          |
|    total_timesteps      | 79872        |
| train/                  |              |
|    approx_kl            | 0.0065767486 |
|    clip_fraction        | 0.0217       |
|    clip_range           | 0.2          |
|    entropy_loss         | -0.992       |
|    explained_variance   | 0.882        |
|    learning_rate        | 0.0003       |
|    loss                 | 2.44         |
|    n_updates            | 510          |
|    policy_gradient_loss | -0.00451     |
|    value_loss           | 9.58         |
------------------------------------------
  step   80016/500000 ( 16.0%)  mean_rew=-0.186
-----------------------------------------
| time/                   |             |
|    fps                  | 174         |
|    iterations           | 53          |
|    time_elapsed         | 467         |
|    total_timesteps      | 81408       |
| train/                  |             |
|    approx_kl            | 0.007992601 |
|    clip_fraction        | 0.0164      |
|    clip_range           | 0.2         |
|    entropy_loss         | -0.974      |
|    explained_variance   | 0.975       |
|    learning_rate        | 0.0003      |
|    loss                 | 0.573       |
|    n_updates            | 520         |
|    policy_gradient_loss | -0.000496   |
|    value_loss           | 1.82        |
-----------------------------------------
------------------------------------------
| time/                   |              |
|    fps                  | 174          |
|    iterations           | 54           |
|    time_elapsed         | 474          |
|    total_timesteps      | 82944        |
| train/                  |              |
|    approx_kl            | 0.0038331791 |
|    clip_fraction        | 0.0139       |
|    clip_range           | 0.2          |
|    entropy_loss         | -0.985       |
|    explained_variance   | 0.913        |
|    learning_rate        | 0.0003       |
|    loss                 | 2.92         |
|    n_updates            | 530          |
|    policy_gradient_loss | -0.00164     |
|    value_loss           | 8.94         |
------------------------------------------
------------------------------------------
| time/                   |              |
|    fps                  | 174          |
|    iterations           | 55           |
|    time_elapsed         | 484          |
|    total_timesteps      | 84480        |
| train/                  |              |
|    approx_kl            | 0.0069782976 |
|    clip_fraction        | 0.0286       |
|    clip_range           | 0.2          |
|    entropy_loss         | -0.976       |
|    explained_variance   | 0.919        |
|    learning_rate        | 0.0003       |
|    loss                 | 2.29         |
|    n_updates            | 540          |
|    policy_gradient_loss | -0.0043      |
|    value_loss           | 10.5         |
------------------------------------------
  step   85017/500000 ( 17.0%)  mean_rew=-0.047
------------------------------------------
| time/                   |              |
|    fps                  | 174          |
|    iterations           | 56           |
|    time_elapsed         | 492          |
|    total_timesteps      | 86016        |
| train/                  |              |
|    approx_kl            | 0.0044739875 |
|    clip_fraction        | 0.000456     |
|    clip_range           | 0.2          |
|    entropy_loss         | -0.986       |
|    explained_variance   | 0.912        |
|    learning_rate        | 0.0003       |
|    loss                 | 2.78         |
|    n_updates            | 550          |
|    policy_gradient_loss | -0.000846    |
|    value_loss           | 11           |
------------------------------------------
----------------------------------------
| time/                   |            |
|    fps                  | 175        |
|    iterations           | 57         |
|    time_elapsed         | 499        |
|    total_timesteps      | 87552      |
| train/                  |            |
|    approx_kl            | 0.00718903 |
|    clip_fraction        | 0.0221     |
|    clip_range           | 0.2        |
|    entropy_loss         | -0.967     |
|    explained_variance   | 0.983      |
|    learning_rate        | 0.0003     |
|    loss                 | 0.569      |
|    n_updates            | 560        |
|    policy_gradient_loss | -0.000504  |
|    value_loss           | 1.78       |
----------------------------------------
------------------------------------------
| time/                   |              |
|    fps                  | 175          |
|    iterations           | 58           |
|    time_elapsed         | 508          |
|    total_timesteps      | 89088        |
| train/                  |              |
|    approx_kl            | 0.0068557435 |
|    clip_fraction        | 0.00293      |
|    clip_range           | 0.2          |
|    entropy_loss         | -0.922       |
|    explained_variance   | 0.905        |
|    learning_rate        | 0.0003       |
|    loss                 | 7.48         |
|    n_updates            | 570          |
|    policy_gradient_loss | -0.00189     |
|    value_loss           | 11.3         |
------------------------------------------
  step   90018/500000 ( 18.0%)  mean_rew=-0.316
------------------------------------------
| time/                   |              |
|    fps                  | 174          |
|    iterations           | 59           |
|    time_elapsed         | 518          |
|    total_timesteps      | 90624        |
| train/                  |              |
|    approx_kl            | 0.0015749191 |
|    clip_fraction        | 0            |
|    clip_range           | 0.2          |
|    entropy_loss         | -0.907       |
|    explained_variance   | 0.925        |
|    learning_rate        | 0.0003       |
|    loss                 | 5.15         |
|    n_updates            | 580          |
|    policy_gradient_loss | 3.19e-05     |
|    value_loss           | 11.4         |
------------------------------------------
------------------------------------------
| time/                   |              |
|    fps                  | 174          |
|    iterations           | 60           |
|    time_elapsed         | 526          |
|    total_timesteps      | 92160        |
| train/                  |              |
|    approx_kl            | 0.0040692934 |
|    clip_fraction        | 0.0135       |
|    clip_range           | 0.2          |
|    entropy_loss         | -0.944       |
|    explained_variance   | 0.984        |
|    learning_rate        | 0.0003       |
|    loss                 | 0.584        |
|    n_updates            | 590          |
|    policy_gradient_loss | 3.97e-05     |
|    value_loss           | 1.71         |
------------------------------------------
-----------------------------------------
| time/                   |             |
|    fps                  | 175         |
|    iterations           | 61          |
|    time_elapsed         | 533         |
|    total_timesteps      | 93696       |
| train/                  |             |
|    approx_kl            | 0.009576035 |
|    clip_fraction        | 0.035       |
|    clip_range           | 0.2         |
|    entropy_loss         | -0.906      |
|    explained_variance   | 0.903       |
|    learning_rate        | 0.0003      |
|    loss                 | 3.48        |
|    n_updates            | 600         |
|    policy_gradient_loss | -0.00268    |
|    value_loss           | 11.8        |
-----------------------------------------
  step   95019/500000 ( 19.0%)  mean_rew=-0.318
-----------------------------------------
| time/                   |             |
|    fps                  | 175         |
|    iterations           | 62          |
|    time_elapsed         | 541         |
|    total_timesteps      | 95232       |
| train/                  |             |
|    approx_kl            | 0.003832285 |
|    clip_fraction        | 0.00293     |
|    clip_range           | 0.2         |
|    entropy_loss         | -0.862      |
|    explained_variance   | 0.93        |
|    learning_rate        | 0.0003      |
|    loss                 | 5.33        |
|    n_updates            | 610         |
|    policy_gradient_loss | -0.00132    |
|    value_loss           | 11.4        |
-----------------------------------------
------------------------------------------
| time/                   |              |
|    fps                  | 175          |
|    iterations           | 63           |
|    time_elapsed         | 550          |
|    total_timesteps      | 96768        |
| train/                  |              |
|    approx_kl            | 0.0036872644 |
|    clip_fraction        | 0.00254      |
|    clip_range           | 0.2          |
|    entropy_loss         | -0.829       |
|    explained_variance   | 0.915        |
|    learning_rate        | 0.0003       |
|    loss                 | 5.59         |
|    n_updates            | 620          |
|    policy_gradient_loss | -0.00126     |
|    value_loss           | 11.1         |
------------------------------------------
------------------------------------------
| time/                   |              |
|    fps                  | 176          |
|    iterations           | 64           |
|    time_elapsed         | 558          |
|    total_timesteps      | 98304        |
| train/                  |              |
|    approx_kl            | 0.0072009563 |
|    clip_fraction        | 0.0624       |
|    clip_range           | 0.2          |
|    entropy_loss         | -0.83        |
|    explained_variance   | 0.982        |
|    learning_rate        | 0.0003       |
|    loss                 | 0.611        |
|    n_updates            | 630          |
|    policy_gradient_loss | -0.00248     |
|    value_loss           | 2.05         |
------------------------------------------
------------------------------------------
| time/                   |              |
|    fps                  | 175          |
|    iterations           | 65           |
|    time_elapsed         | 567          |
|    total_timesteps      | 99840        |
| train/                  |              |
|    approx_kl            | 0.0031394956 |
|    clip_fraction        | 0.0103       |
|    clip_range           | 0.2          |
|    entropy_loss         | -0.857       |
|    explained_variance   | 0.909        |
|    learning_rate        | 0.0003       |
|    loss                 | 5.66         |
|    n_updates            | 640          |
|    policy_gradient_loss | -0.0022      |
|    value_loss           | 11.6         |
------------------------------------------
  step  100020/500000 ( 20.0%)  mean_rew=-0.035
-----------------------------------------
| time/                   |             |
|    fps                  | 175         |
|    iterations           | 66          |
|    time_elapsed         | 578         |
|    total_timesteps      | 101376      |
| train/                  |             |
|    approx_kl            | 0.004229181 |
|    clip_fraction        | 0           |
|    clip_range           | 0.2         |
|    entropy_loss         | -0.836      |
|    explained_variance   | 0.926       |
|    learning_rate        | 0.0003      |
|    loss                 | 2.14        |
|    n_updates            | 650         |
|    policy_gradient_loss | -0.000674   |
|    value_loss           | 12.3        |
-----------------------------------------
------------------------------------------
| time/                   |              |
|    fps                  | 175          |
|    iterations           | 67           |
|    time_elapsed         | 586          |
|    total_timesteps      | 102912       |
| train/                  |              |
|    approx_kl            | 0.0061986246 |
|    clip_fraction        | 0.0199       |
|    clip_range           | 0.2          |
|    entropy_loss         | -0.824       |
|    explained_variance   | 0.985        |
|    learning_rate        | 0.0003       |
|    loss                 | 0.776        |
|    n_updates            | 660          |
|    policy_gradient_loss | -0.000796    |
|    value_loss           | 1.62         |
------------------------------------------
------------------------------------------
| time/                   |              |
|    fps                  | 175          |
|    iterations           | 68           |
|    time_elapsed         | 595          |
|    total_timesteps      | 104448       |
| train/                  |              |
|    approx_kl            | 0.0063231587 |
|    clip_fraction        | 0.0389       |
|    clip_range           | 0.2          |
|    entropy_loss         | -0.779       |
|    explained_variance   | 0.904        |
|    learning_rate        | 0.0003       |
|    loss                 | 9.27         |
|    n_updates            | 670          |
|    policy_gradient_loss | -0.00573     |
|    value_loss           | 12.4         |
------------------------------------------
  step  105021/500000 ( 21.0%)  mean_rew=-0.280
------------------------------------------
| time/                   |              |
|    fps                  | 175          |
|    iterations           | 69           |
|    time_elapsed         | 605          |
|    total_timesteps      | 105984       |
| train/                  |              |
|    approx_kl            | 0.0031267975 |
|    clip_fraction        | 0            |
|    clip_range           | 0.2          |
|    entropy_loss         | -0.76        |
|    explained_variance   | 0.916        |
|    learning_rate        | 0.0003       |
|    loss                 | 9.88         |
|    n_updates            | 680          |
|    policy_gradient_loss | -6.73e-05    |
|    value_loss           | 13.6         |
------------------------------------------
-----------------------------------------
| time/                   |             |
|    fps                  | 175         |
|    iterations           | 70          |
|    time_elapsed         | 614         |
|    total_timesteps      | 107520      |
| train/                  |             |
|    approx_kl            | 0.005523255 |
|    clip_fraction        | 0.0109      |
|    clip_range           | 0.2         |
|    entropy_loss         | -0.724      |
|    explained_variance   | 0.906       |
|    learning_rate        | 0.0003      |
|    loss                 | 4.62        |
|    n_updates            | 690         |
|    policy_gradient_loss | -0.00102    |
|    value_loss           | 13.3        |
-----------------------------------------
------------------------------------------
| time/                   |              |
|    fps                  | 175          |
|    iterations           | 71           |
|    time_elapsed         | 619          |
|    total_timesteps      | 109056       |
| train/                  |              |
|    approx_kl            | 0.0025119928 |
|    clip_fraction        | 0.0107       |
|    clip_range           | 0.2          |
|    entropy_loss         | -0.73        |
|    explained_variance   | 0.988        |
|    learning_rate        | 0.0003       |
|    loss                 | 0.468        |
|    n_updates            | 700          |
|    policy_gradient_loss | -0.00254     |
|    value_loss           | 1.49         |
------------------------------------------
  step  110022/500000 ( 22.0%)  mean_rew=-0.255
------------------------------------------
| time/                   |              |
|    fps                  | 176          |
|    iterations           | 72           |
|    time_elapsed         | 627          |
|    total_timesteps      | 110592       |
| train/                  |              |
|    approx_kl            | 0.0038216775 |
|    clip_fraction        | 0.00547      |
|    clip_range           | 0.2          |
|    entropy_loss         | -0.79        |
|    explained_variance   | 0.909        |
|    learning_rate        | 0.0003       |
|    loss                 | 5.88         |
|    n_updates            | 710          |
|    policy_gradient_loss | -0.0018      |
|    value_loss           | 12           |
------------------------------------------
-----------------------------------------
| time/                   |             |
|    fps                  | 176         |
|    iterations           | 73          |
|    time_elapsed         | 636         |
|    total_timesteps      | 112128      |
| train/                  |             |
|    approx_kl            | 0.003323652 |
|    clip_fraction        | 0.0069      |
|    clip_range           | 0.2         |
|    entropy_loss         | -0.819      |
|    explained_variance   | 0.901       |
|    learning_rate        | 0.0003      |
|    loss                 | 7.8         |
|    n_updates            | 720         |
|    policy_gradient_loss | -0.0016     |
|    value_loss           | 11.9        |
-----------------------------------------
-----------------------------------------
| time/                   |             |
|    fps                  | 176         |
|    iterations           | 74          |
|    time_elapsed         | 642         |
|    total_timesteps      | 113664      |
| train/                  |             |
|    approx_kl            | 0.002066836 |
|    clip_fraction        | 0.0127      |
|    clip_range           | 0.2         |
|    entropy_loss         | -0.818      |
|    explained_variance   | 0.985       |
|    learning_rate        | 0.0003      |
|    loss                 | 0.642       |
|    n_updates            | 730         |
|    policy_gradient_loss | -0.00147    |
|    value_loss           | 1.68        |
-----------------------------------------
  step  115023/500000 ( 23.0%)  mean_rew=-0.014
-----------------------------------------
| time/                   |             |
|    fps                  | 177         |
|    iterations           | 75          |
|    time_elapsed         | 649         |
|    total_timesteps      | 115200      |
| train/                  |             |
|    approx_kl            | 0.008762959 |
|    clip_fraction        | 0.0582      |
|    clip_range           | 0.2         |
|    entropy_loss         | -0.799      |
|    explained_variance   | 0.887       |
|    learning_rate        | 0.0003      |
|    loss                 | 5.58        |
|    n_updates            | 740         |
|    policy_gradient_loss | -0.00211    |
|    value_loss           | 11.9        |
-----------------------------------------
------------------------------------------
| time/                   |              |
|    fps                  | 178          |
|    iterations           | 76           |
|    time_elapsed         | 654          |
|    total_timesteps      | 116736       |
| train/                  |              |
|    approx_kl            | 0.0007344309 |
|    clip_fraction        | 0            |
|    clip_range           | 0.2          |
|    entropy_loss         | -0.776       |
|    explained_variance   | 0.931        |
|    learning_rate        | 0.0003       |
|    loss                 | 11.3         |
|    n_updates            | 750          |
|    policy_gradient_loss | -0.000225    |
|    value_loss           | 10.9         |
------------------------------------------
-------------------------------------------
| time/                   |               |
|    fps                  | 178           |
|    iterations           | 77            |
|    time_elapsed         | 662           |
|    total_timesteps      | 118272        |
| train/                  |               |
|    approx_kl            | 0.00042655607 |
|    clip_fraction        | 0.0104        |
|    clip_range           | 0.2           |
|    entropy_loss         | -0.837        |
|    explained_variance   | 0.786         |
|    learning_rate        | 0.0003        |
|    loss                 | 1.51          |
|    n_updates            | 760           |
|    policy_gradient_loss | -0.000939     |
|    value_loss           | 5.04          |
-------------------------------------------
------------------------------------------
| time/                   |              |
|    fps                  | 178          |
|    iterations           | 78           |
|    time_elapsed         | 670          |
|    total_timesteps      | 119808       |
| train/                  |              |
|    approx_kl            | 0.0029054664 |
|    clip_fraction        | 0.0291       |
|    clip_range           | 0.2          |
|    entropy_loss         | -0.742       |
|    explained_variance   | 0.982        |
|    learning_rate        | 0.0003       |
|    loss                 | 0.529        |
|    n_updates            | 770          |
|    policy_gradient_loss | -0.00336     |
|    value_loss           | 1.13         |
------------------------------------------
  step  120024/500000 ( 24.0%)  mean_rew=-0.187
------------------------------------------
| time/                   |              |
|    fps                  | 178          |
|    iterations           | 79           |
|    time_elapsed         | 679          |
|    total_timesteps      | 121344       |
| train/                  |              |
|    approx_kl            | 0.0031012353 |
|    clip_fraction        | 0.0105       |
|    clip_range           | 0.2          |
|    entropy_loss         | -0.734       |
|    explained_variance   | 0.915        |
|    learning_rate        | 0.0003       |
|    loss                 | 2.06         |
|    n_updates            | 780          |
|    policy_gradient_loss | -0.000284    |
|    value_loss           | 9.69         |
------------------------------------------
------------------------------------------
| time/                   |              |
|    fps                  | 178          |
|    iterations           | 80           |
|    time_elapsed         | 689          |
|    total_timesteps      | 122880       |
| train/                  |              |
|    approx_kl            | 0.0046345214 |
|    clip_fraction        | 0.052        |
|    clip_range           | 0.2          |
|    entropy_loss         | -0.713       |
|    explained_variance   | 0.919        |
|    learning_rate        | 0.0003       |
|    loss                 | 4.46         |
|    n_updates            | 790          |
|    policy_gradient_loss | -0.00514     |
|    value_loss           | 10.6         |
------------------------------------------
------------------------------------------
| time/                   |              |
|    fps                  | 178          |
|    iterations           | 81           |
|    time_elapsed         | 697          |
|    total_timesteps      | 124416       |
| train/                  |              |
|    approx_kl            | 0.0036625715 |
|    clip_fraction        | 0.0107       |
|    clip_range           | 0.2          |
|    entropy_loss         | -0.699       |
|    explained_variance   | 0.98         |
|    learning_rate        | 0.0003       |
|    loss                 | 1.1          |
|    n_updates            | 800          |
|    policy_gradient_loss | -0.000334    |
|    value_loss           | 2.02         |
------------------------------------------
  step  125025/500000 ( 25.0%)  mean_rew=-0.347
------------------------------------------
| time/                   |              |
|    fps                  | 178          |
|    iterations           | 82           |
|    time_elapsed         | 706          |
|    total_timesteps      | 125952       |
| train/                  |              |
|    approx_kl            | 0.0033035164 |
|    clip_fraction        | 0.00885      |
|    clip_range           | 0.2          |
|    entropy_loss         | -0.7         |
|    explained_variance   | 0.9          |
|    learning_rate        | 0.0003       |
|    loss                 | 3.73         |
|    n_updates            | 810          |
|    policy_gradient_loss | -0.000244    |
|    value_loss           | 10.8         |
------------------------------------------
------------------------------------------
| time/                   |              |
|    fps                  | 177          |
|    iterations           | 83           |
|    time_elapsed         | 717          |
|    total_timesteps      | 127488       |
| train/                  |              |
|    approx_kl            | 0.0034070879 |
|    clip_fraction        | 0.0101       |
|    clip_range           | 0.2          |
|    entropy_loss         | -0.628       |
|    explained_variance   | 0.924        |
|    learning_rate        | 0.0003       |
|    loss                 | 2.12         |
|    n_updates            | 820          |
|    policy_gradient_loss | -0.000625    |
|    value_loss           | 11.4         |
------------------------------------------
-----------------------------------------
| time/                   |             |
|    fps                  | 177         |
|    iterations           | 84          |
|    time_elapsed         | 725         |
|    total_timesteps      | 129024      |
| train/                  |             |
|    approx_kl            | 0.002850201 |
|    clip_fraction        | 0.0126      |
|    clip_range           | 0.2         |
|    entropy_loss         | -0.53       |
|    explained_variance   | 0.904       |
|    learning_rate        | 0.0003      |
|    loss                 | 6.18        |
|    n_updates            | 830         |
|    policy_gradient_loss | -0.00132    |
|    value_loss           | 11.2        |
-----------------------------------------
  step  130026/500000 ( 26.0%)  mean_rew=-0.007
------------------------------------------
| time/                   |              |
|    fps                  | 177          |
|    iterations           | 85           |
|    time_elapsed         | 733          |
|    total_timesteps      | 130560       |
| train/                  |              |
|    approx_kl            | 0.0014703916 |
|    clip_fraction        | 0.00716      |
|    clip_range           | 0.2          |
|    entropy_loss         | -0.561       |
|    explained_variance   | 0.987        |
|    learning_rate        | 0.0003       |
|    loss                 | 0.54         |
|    n_updates            | 840          |
|    policy_gradient_loss | -0.00088     |
|    value_loss           | 1.42         |
------------------------------------------
------------------------------------------
| time/                   |              |
|    fps                  | 177          |
|    iterations           | 86           |
|    time_elapsed         | 743          |
|    total_timesteps      | 132096       |
| train/                  |              |
|    approx_kl            | 0.0023086574 |
|    clip_fraction        | 0.0145       |
|    clip_range           | 0.2          |
|    entropy_loss         | -0.605       |
|    explained_variance   | 0.913        |
|    learning_rate        | 0.0003       |
|    loss                 | 8.12         |
|    n_updates            | 850          |
|    policy_gradient_loss | -0.00131     |
|    value_loss           | 12.3         |
------------------------------------------
------------------------------------------
| time/                   |              |
|    fps                  | 177          |
|    iterations           | 87           |
|    time_elapsed         | 753          |
|    total_timesteps      | 133632       |
| train/                  |              |
|    approx_kl            | 0.0017168061 |
|    clip_fraction        | 0            |
|    clip_range           | 0.2          |
|    entropy_loss         | -0.539       |
|    explained_variance   | 0.929        |
|    learning_rate        | 0.0003       |
|    loss                 | 3.51         |
|    n_updates            | 860          |
|    policy_gradient_loss | -0.000855    |
|    value_loss           | 12.2         |
------------------------------------------
  step  135027/500000 ( 27.0%)  mean_rew=-0.200
------------------------------------------
| time/                   |              |
|    fps                  | 177          |
|    iterations           | 88           |
|    time_elapsed         | 761          |
|    total_timesteps      | 135168       |
| train/                  |              |
|    approx_kl            | 0.0012052647 |
|    clip_fraction        | 0.00508      |
|    clip_range           | 0.2          |
|    entropy_loss         | -0.488       |
|    explained_variance   | 0.982        |
|    learning_rate        | 0.0003       |
|    loss                 | 0.99         |
|    n_updates            | 870          |
|    policy_gradient_loss | -0.000926    |
|    value_loss           | 2.24         |
------------------------------------------
------------------------------------------
| time/                   |              |
|    fps                  | 177          |
|    iterations           | 89           |
|    time_elapsed         | 770          |
|    total_timesteps      | 136704       |
| train/                  |              |
|    approx_kl            | 0.0030782425 |
|    clip_fraction        | 0.0193       |
|    clip_range           | 0.2          |
|    entropy_loss         | -0.604       |
|    explained_variance   | 0.904        |
|    learning_rate        | 0.0003       |
|    loss                 | 9.19         |
|    n_updates            | 880          |
|    policy_gradient_loss | -0.00215     |
|    value_loss           | 12.6         |
------------------------------------------
------------------------------------------
| time/                   |              |
|    fps                  | 176          |
|    iterations           | 90           |
|    time_elapsed         | 782          |
|    total_timesteps      | 138240       |
| train/                  |              |
|    approx_kl            | 0.0021771188 |
|    clip_fraction        | 0.0167       |
|    clip_range           | 0.2          |
|    entropy_loss         | -0.556       |
|    explained_variance   | 0.925        |
|    learning_rate        | 0.0003       |
|    loss                 | 3.6          |
|    n_updates            | 890          |
|    policy_gradient_loss | -0.00162     |
|    value_loss           | 13           |
------------------------------------------
------------------------------------------
| time/                   |              |
|    fps                  | 176          |
|    iterations           | 91           |
|    time_elapsed         | 789          |
|    total_timesteps      | 139776       |
| train/                  |              |
|    approx_kl            | 0.0012357266 |
|    clip_fraction        | 0.0015       |
|    clip_range           | 0.2          |
|    entropy_loss         | -0.422       |
|    explained_variance   | 0.902        |
|    learning_rate        | 0.0003       |
|    loss                 | 10.5         |
|    n_updates            | 900          |
|    policy_gradient_loss | 6.32e-05     |
|    value_loss           | 12.9         |
------------------------------------------
  step  140028/500000 ( 28.0%)  mean_rew=-0.342
------------------------------------------
| time/                   |              |
|    fps                  | 177          |
|    iterations           | 92           |
|    time_elapsed         | 797          |
|    total_timesteps      | 141312       |
| train/                  |              |
|    approx_kl            | 0.0040487056 |
|    clip_fraction        | 0.0264       |
|    clip_range           | 0.2          |
|    entropy_loss         | -0.567       |
|    explained_variance   | 0.986        |
|    learning_rate        | 0.0003       |
|    loss                 | 1.04         |
|    n_updates            | 910          |
|    policy_gradient_loss | -0.000973    |
|    value_loss           | 1.59         |
------------------------------------------
------------------------------------------
| time/                   |              |
|    fps                  | 176          |
|    iterations           | 93           |
|    time_elapsed         | 807          |
|    total_timesteps      | 142848       |
| train/                  |              |
|    approx_kl            | 0.0020655543 |
|    clip_fraction        | 0.0101       |
|    clip_range           | 0.2          |
|    entropy_loss         | -0.557       |
|    explained_variance   | 0.919        |
|    learning_rate        | 0.0003       |
|    loss                 | 2.3          |
|    n_updates            | 920          |
|    policy_gradient_loss | -2.76e-05    |
|    value_loss           | 13.2         |
------------------------------------------
------------------------------------------
| time/                   |              |
|    fps                  | 177          |
|    iterations           | 94           |
|    time_elapsed         | 813          |
|    total_timesteps      | 144384       |
| train/                  |              |
|    approx_kl            | 0.0012796563 |
|    clip_fraction        | 0.0167       |
|    clip_range           | 0.2          |
|    entropy_loss         | -0.465       |
|    explained_variance   | 0.917        |
|    learning_rate        | 0.0003       |
|    loss                 | 5.32         |
|    n_updates            | 930          |
|    policy_gradient_loss | -0.00231     |
|    value_loss           | 12.6         |
------------------------------------------
  step  145029/500000 ( 29.0%)  mean_rew=-0.008
------------------------------------------
| time/                   |              |
|    fps                  | 177          |
|    iterations           | 95           |
|    time_elapsed         | 821          |
|    total_timesteps      | 145920       |
| train/                  |              |
|    approx_kl            | 0.0032394603 |
|    clip_fraction        | 0.027        |
|    clip_range           | 0.2          |
|    entropy_loss         | -0.58        |
|    explained_variance   | 0.986        |
|    learning_rate        | 0.0003       |
|    loss                 | 0.544        |
|    n_updates            | 940          |
|    policy_gradient_loss | -0.00156     |
|    value_loss           | 1.18         |
------------------------------------------
------------------------------------------
| time/                   |              |
|    fps                  | 177          |
|    iterations           | 96           |
|    time_elapsed         | 830          |
|    total_timesteps      | 147456       |
| train/                  |              |
|    approx_kl            | 0.0018732169 |
|    clip_fraction        | 0.000716     |
|    clip_range           | 0.2          |
|    entropy_loss         | -0.513       |
|    explained_variance   | 0.901        |
|    learning_rate        | 0.0003       |
|    loss                 | 7.55         |
|    n_updates            | 950          |
|    policy_gradient_loss | -0.000681    |
|    value_loss           | 11.5         |
------------------------------------------
------------------------------------------
| time/                   |              |
|    fps                  | 177          |
|    iterations           | 97           |
|    time_elapsed         | 841          |
|    total_timesteps      | 148992       |
| train/                  |              |
|    approx_kl            | 0.0023658094 |
|    clip_fraction        | 0.0135       |
|    clip_range           | 0.2          |
|    entropy_loss         | -0.49        |
|    explained_variance   | 0.926        |
|    learning_rate        | 0.0003       |
|    loss                 | 10.5         |
|    n_updates            | 960          |
|    policy_gradient_loss | -0.00169     |
|    value_loss           | 11.8         |
------------------------------------------
  step  150030/500000 ( 30.0%)  mean_rew=-0.151
-------------------------------------------
| time/                   |               |
|    fps                  | 177           |
|    iterations           | 98            |
|    time_elapsed         | 849           |
|    total_timesteps      | 150528        |
| train/                  |               |
|    approx_kl            | 0.00086262246 |
|    clip_fraction        | 0.0111        |
|    clip_range           | 0.2           |
|    entropy_loss         | -0.413        |
|    explained_variance   | 0.986         |
|    learning_rate        | 0.0003        |
|    loss                 | 0.519         |
|    n_updates            | 970           |
|    policy_gradient_loss | -0.00122      |
|    value_loss           | 1.29          |
-------------------------------------------
------------------------------------------
| time/                   |              |
|    fps                  | 177          |
|    iterations           | 99           |
|    time_elapsed         | 857          |
|    total_timesteps      | 152064       |
| train/                  |              |
|    approx_kl            | 0.0027629484 |
|    clip_fraction        | 0.0165       |
|    clip_range           | 0.2          |
|    entropy_loss         | -0.498       |
|    explained_variance   | 0.904        |
|    learning_rate        | 0.0003       |
|    loss                 | 0.75         |
|    n_updates            | 980          |
|    policy_gradient_loss | -0.000824    |
|    value_loss           | 11.8         |
------------------------------------------
------------------------------------------
| time/                   |              |
|    fps                  | 176          |
|    iterations           | 100          |
|    time_elapsed         | 868          |
|    total_timesteps      | 153600       |
| train/                  |              |
|    approx_kl            | 0.0017009514 |
|    clip_fraction        | 0.00788      |
|    clip_range           | 0.2          |
|    entropy_loss         | -0.46        |
|    explained_variance   | 0.914        |
|    learning_rate        | 0.0003       |
|    loss                 | 8.34         |
|    n_updates            | 990          |
|    policy_gradient_loss | -0.000934    |
|    value_loss           | 12.5         |
------------------------------------------
  step  155031/500000 ( 31.0%)  mean_rew=-0.323
-----------------------------------------
| time/                   |             |
|    fps                  | 176         |
|    iterations           | 101         |
|    time_elapsed         | 877         |
|    total_timesteps      | 155136      |
| train/                  |             |
|    approx_kl            | 0.001224864 |
|    clip_fraction        | 0.0106      |
|    clip_range           | 0.2         |
|    entropy_loss         | -0.354      |
|    explained_variance   | 0.923       |
|    learning_rate        | 0.0003      |
|    loss                 | 7.55        |
|    n_updates            | 1000        |
|    policy_gradient_loss | -0.00054    |
|    value_loss           | 12.6        |
-----------------------------------------
------------------------------------------
| time/                   |              |
|    fps                  | 176          |
|    iterations           | 102          |
|    time_elapsed         | 885          |
|    total_timesteps      | 156672       |
| train/                  |              |
|    approx_kl            | 0.0011920995 |
|    clip_fraction        | 0.0158       |
|    clip_range           | 0.2          |
|    entropy_loss         | -0.389       |
|    explained_variance   | 0.984        |
|    learning_rate        | 0.0003       |
|    loss                 | 1.06         |
|    n_updates            | 1010         |
|    policy_gradient_loss | -5.01e-05    |
|    value_loss           | 2.13         |
------------------------------------------
------------------------------------------
| time/                   |              |
|    fps                  | 176          |
|    iterations           | 103          |
|    time_elapsed         | 894          |
|    total_timesteps      | 158208       |
| train/                  |              |
|    approx_kl            | 0.0007006456 |
|    clip_fraction        | 0            |
|    clip_range           | 0.2          |
|    entropy_loss         | -0.443       |
|    explained_variance   | 0.899        |
|    learning_rate        | 0.0003       |
|    loss                 | 18.3         |
|    n_updates            | 1020         |
|    policy_gradient_loss | 5.99e-06     |
|    value_loss           | 12.9         |
------------------------------------------
------------------------------------------
| time/                   |              |
|    fps                  | 176          |
|    iterations           | 104          |
|    time_elapsed         | 904          |
|    total_timesteps      | 159744       |
| train/                  |              |
|    approx_kl            | 0.0038914625 |
|    clip_fraction        | 0.0197       |
|    clip_range           | 0.2          |
|    entropy_loss         | -0.384       |
|    explained_variance   | 0.931        |
|    learning_rate        | 0.0003       |
|    loss                 | 3.59         |
|    n_updates            | 1030         |
|    policy_gradient_loss | -0.0021      |
|    value_loss           | 12.5         |
------------------------------------------
  step  160032/500000 ( 32.0%)  mean_rew=-0.018
------------------------------------------
| time/                   |              |
|    fps                  | 176          |
|    iterations           | 105          |
|    time_elapsed         | 912          |
|    total_timesteps      | 161280       |
| train/                  |              |
|    approx_kl            | 0.0008279956 |
|    clip_fraction        | 0.00456      |
|    clip_range           | 0.2          |
|    entropy_loss         | -0.277       |
|    explained_variance   | 0.978        |
|    learning_rate        | 0.0003       |
|    loss                 | 1.41         |
|    n_updates            | 1040         |
|    policy_gradient_loss | -0.00068     |
|    value_loss           | 2.71         |
------------------------------------------
-------------------------------------------
| time/                   |               |
|    fps                  | 176           |
|    iterations           | 106           |
|    time_elapsed         | 921           |
|    total_timesteps      | 162816        |
| train/                  |               |
|    approx_kl            | 0.00022881606 |
|    clip_fraction        | 0.00241       |
|    clip_range           | 0.2           |
|    entropy_loss         | -0.412        |
|    explained_variance   | 0.902         |
|    learning_rate        | 0.0003        |
|    loss                 | 11.2          |
|    n_updates            | 1050          |
|    policy_gradient_loss | -0.00017      |
|    value_loss           | 12.9          |
-------------------------------------------
------------------------------------------
| time/                   |              |
|    fps                  | 176          |
|    iterations           | 107          |
|    time_elapsed         | 931          |
|    total_timesteps      | 164352       |
| train/                  |              |
|    approx_kl            | 0.0004919124 |
|    clip_fraction        | 0            |
|    clip_range           | 0.2          |
|    entropy_loss         | -0.38        |
|    explained_variance   | 0.916        |
|    learning_rate        | 0.0003       |
|    loss                 | 8.57         |
|    n_updates            | 1060         |
|    policy_gradient_loss | -0.000166    |
|    value_loss           | 13.1         |
------------------------------------------
  step  165033/500000 ( 33.0%)  mean_rew=-0.127
------------------------------------------
| time/                   |              |
|    fps                  | 176          |
|    iterations           | 108          |
|    time_elapsed         | 941          |
|    total_timesteps      | 165888       |
| train/                  |              |
|    approx_kl            | 0.0010643677 |
|    clip_fraction        | 0.000716     |
|    clip_range           | 0.2          |
|    entropy_loss         | -0.274       |
|    explained_variance   | 0.92         |
|    learning_rate        | 0.0003       |
|    loss                 | 6.08         |
|    n_updates            | 1070         |
|    policy_gradient_loss | -0.000121    |
|    value_loss           | 12.9         |
------------------------------------------
------------------------------------------
| time/                   |              |
|    fps                  | 176          |
|    iterations           | 109          |
|    time_elapsed         | 948          |
|    total_timesteps      | 167424       |
| train/                  |              |
|    approx_kl            | 0.0021795537 |
|    clip_fraction        | 0.028        |
|    clip_range           | 0.2          |
|    entropy_loss         | -0.321       |
|    explained_variance   | 0.986        |
|    learning_rate        | 0.0003       |
|    loss                 | 1.01         |
|    n_updates            | 1080         |
|    policy_gradient_loss | -0.00248     |
|    value_loss           | 1.99         |
------------------------------------------
-----------------------------------------
| time/                   |             |
|    fps                  | 176         |
|    iterations           | 110         |
|    time_elapsed         | 956         |
|    total_timesteps      | 168960      |
| train/                  |             |
|    approx_kl            | 0.006100185 |
|    clip_fraction        | 0.0157      |
|    clip_range           | 0.2         |
|    entropy_loss         | -0.426      |
|    explained_variance   | 0.909       |
|    learning_rate        | 0.0003      |
|    loss                 | 7.55        |
|    n_updates            | 1090        |
|    policy_gradient_loss | -0.000852   |
|    value_loss           | 13          |
-----------------------------------------
  step  170034/500000 ( 34.0%)  mean_rew=-0.294
-----------------------------------------
| time/                   |             |
|    fps                  | 176         |
|    iterations           | 111         |
|    time_elapsed         | 966         |
|    total_timesteps      | 170496      |
| train/                  |             |
|    approx_kl            | 0.001425149 |
|    clip_fraction        | 0.00977     |
|    clip_range           | 0.2         |
|    entropy_loss         | -0.327      |
|    explained_variance   | 0.929       |
|    learning_rate        | 0.0003      |
|    loss                 | 9.31        |
|    n_updates            | 1100        |
|    policy_gradient_loss | -0.000158   |
|    value_loss           | 12.8        |
-----------------------------------------
------------------------------------------
| time/                   |              |
|    fps                  | 176          |
|    iterations           | 112          |
|    time_elapsed         | 974          |
|    total_timesteps      | 172032       |
| train/                  |              |
|    approx_kl            | 0.0036382272 |
|    clip_fraction        | 0.00827      |
|    clip_range           | 0.2          |
|    entropy_loss         | -0.311       |
|    explained_variance   | 0.985        |
|    learning_rate        | 0.0003       |
|    loss                 | 0.667        |
|    n_updates            | 1110         |
|    policy_gradient_loss | -0.000276    |
|    value_loss           | 2.03         |
------------------------------------------
------------------------------------------
| time/                   |              |
|    fps                  | 176          |
|    iterations           | 113          |
|    time_elapsed         | 982          |
|    total_timesteps      | 173568       |
| train/                  |              |
|    approx_kl            | 0.0005416603 |
|    clip_fraction        | 0.00534      |
|    clip_range           | 0.2          |
|    entropy_loss         | -0.384       |
|    explained_variance   | 0.904        |
|    learning_rate        | 0.0003       |
|    loss                 | 7.79         |
|    n_updates            | 1120         |
|    policy_gradient_loss | -0.000553    |
|    value_loss           | 12.6         |
------------------------------------------
  step  175035/500000 ( 35.0%)  mean_rew=-0.214
-------------------------------------------
| time/                   |               |
|    fps                  | 176           |
|    iterations           | 114           |
|    time_elapsed         | 993           |
|    total_timesteps      | 175104        |
| train/                  |               |
|    approx_kl            | 0.00070969114 |
|    clip_fraction        | 0.00977       |
|    clip_range           | 0.2           |
|    entropy_loss         | -0.37         |
|    explained_variance   | 0.923         |
|    learning_rate        | 0.0003        |
|    loss                 | 5.31          |
|    n_updates            | 1130          |
|    policy_gradient_loss | -0.00135      |
|    value_loss           | 12.4          |
-------------------------------------------
------------------------------------------
| time/                   |              |
|    fps                  | 176          |
|    iterations           | 115          |
|    time_elapsed         | 1001         |
|    total_timesteps      | 176640       |
| train/                  |              |
|    approx_kl            | 0.0011083431 |
|    clip_fraction        | 0.0138       |
|    clip_range           | 0.2          |
|    entropy_loss         | -0.293       |
|    explained_variance   | 0.915        |
|    learning_rate        | 0.0003       |
|    loss                 | 9.84         |
|    n_updates            | 1140         |
|    policy_gradient_loss | -0.000822    |
|    value_loss           | 12.3         |
------------------------------------------
------------------------------------------
| time/                   |              |
|    fps                  | 176          |
|    iterations           | 116          |
|    time_elapsed         | 1008         |
|    total_timesteps      | 178176       |
| train/                  |              |
|    approx_kl            | 0.0014113592 |
|    clip_fraction        | 0.00918      |
|    clip_range           | 0.2          |
|    entropy_loss         | -0.41        |
|    explained_variance   | 0.988        |
|    learning_rate        | 0.0003       |
|    loss                 | 0.787        |
|    n_updates            | 1150         |
|    policy_gradient_loss | -0.000998    |
|    value_loss           | 1.61         |
------------------------------------------
-------------------------------------------
| time/                   |               |
|    fps                  | 176           |
|    iterations           | 117           |
|    time_elapsed         | 1017          |
|    total_timesteps      | 179712        |
| train/                  |               |
|    approx_kl            | 0.00089152716 |
|    clip_fraction        | 0.0069        |
|    clip_range           | 0.2           |
|    entropy_loss         | -0.482        |
|    explained_variance   | 0.913         |
|    learning_rate        | 0.0003        |
|    loss                 | 11            |
|    n_updates            | 1160          |
|    policy_gradient_loss | -0.000693     |
|    value_loss           | 12.8          |
-------------------------------------------
  step  180036/500000 ( 36.0%)  mean_rew=-0.098
-----------------------------------------
| time/                   |             |
|    fps                  | 176         |
|    iterations           | 118         |
|    time_elapsed         | 1028        |
|    total_timesteps      | 181248      |
| train/                  |             |
|    approx_kl            | 0.000787342 |
|    clip_fraction        | 0.00618     |
|    clip_range           | 0.2         |
|    entropy_loss         | -0.404      |
|    explained_variance   | 0.925       |
|    learning_rate        | 0.0003      |
|    loss                 | 9.32        |
|    n_updates            | 1170        |
|    policy_gradient_loss | -0.000511   |
|    value_loss           | 13          |
-----------------------------------------
-------------------------------------------
| time/                   |               |
|    fps                  | 176           |
|    iterations           | 119           |
|    time_elapsed         | 1035          |
|    total_timesteps      | 182784        |
| train/                  |               |
|    approx_kl            | 0.00096139405 |
|    clip_fraction        | 0.0107        |
|    clip_range           | 0.2           |
|    entropy_loss         | -0.362        |
|    explained_variance   | 0.986         |
|    learning_rate        | 0.0003        |
|    loss                 | 0.644         |
|    n_updates            | 1180          |
|    policy_gradient_loss | -0.000753     |
|    value_loss           | 1.75          |
-------------------------------------------
-----------------------------------------
| time/                   |             |
|    fps                  | 176         |
|    iterations           | 120         |
|    time_elapsed         | 1042        |
|    total_timesteps      | 184320      |
| train/                  |             |
|    approx_kl            | 0.001092625 |
|    clip_fraction        | 0.00697     |
|    clip_range           | 0.2         |
|    entropy_loss         | -0.53       |
|    explained_variance   | 0.897       |
|    learning_rate        | 0.0003      |
|    loss                 | 5.75        |
|    n_updates            | 1190        |
|    policy_gradient_loss | -0.000909   |
|    value_loss           | 12          |
-----------------------------------------
  step  185037/500000 ( 37.0%)  mean_rew=-0.110
------------------------------------------
| time/                   |              |
|    fps                  | 176          |
|    iterations           | 121          |
|    time_elapsed         | 1050         |
|    total_timesteps      | 185856       |
| train/                  |              |
|    approx_kl            | 0.0014274353 |
|    clip_fraction        | 0.000651     |
|    clip_range           | 0.2          |
|    entropy_loss         | -0.475       |
|    explained_variance   | 0.93         |
|    learning_rate        | 0.0003       |
|    loss                 | 3.97         |
|    n_updates            | 1200         |
|    policy_gradient_loss | -0.000153    |
|    value_loss           | 12           |
------------------------------------------
------------------------------------------
| time/                   |              |
|    fps                  | 176          |
|    iterations           | 122          |
|    time_elapsed         | 1059         |
|    total_timesteps      | 187392       |
| train/                  |              |
|    approx_kl            | 0.0038970297 |
|    clip_fraction        | 0.0318       |
|    clip_range           | 0.2          |
|    entropy_loss         | -0.423       |
|    explained_variance   | 0.909        |
|    learning_rate        | 0.0003       |
|    loss                 | 3.02         |
|    n_updates            | 1210         |
|    policy_gradient_loss | -0.00212     |
|    value_loss           | 11.4         |
------------------------------------------
------------------------------------------
| time/                   |              |
|    fps                  | 177          |
|    iterations           | 123          |
|    time_elapsed         | 1065         |
|    total_timesteps      | 188928       |
| train/                  |              |
|    approx_kl            | 0.0017967508 |
|    clip_fraction        | 0.0177       |
|    clip_range           | 0.2          |
|    entropy_loss         | -0.375       |
|    explained_variance   | 0.986        |
|    learning_rate        | 0.0003       |
|    loss                 | 0.648        |
|    n_updates            | 1220         |
|    policy_gradient_loss | -0.00276     |
|    value_loss           | 1.37         |
------------------------------------------
  step  190038/500000 ( 38.0%)  mean_rew=-0.297
-------------------------------------------
| time/                   |               |
|    fps                  | 177           |
|    iterations           | 124           |
|    time_elapsed         | 1073          |
|    total_timesteps      | 190464        |
| train/                  |               |
|    approx_kl            | 0.00083473726 |
|    clip_fraction        | 0.00423       |
|    clip_range           | 0.2           |
|    entropy_loss         | -0.508        |
|    explained_variance   | 0.918         |
|    learning_rate        | 0.0003        |
|    loss                 | 3.58          |
|    n_updates            | 1230          |
|    policy_gradient_loss | -0.00083      |
|    value_loss           | 11.2          |
-------------------------------------------
------------------------------------------
| time/                   |              |
|    fps                  | 177          |
|    iterations           | 125          |
|    time_elapsed         | 1084         |
|    total_timesteps      | 192000       |
| train/                  |              |
|    approx_kl            | 0.0012507306 |
|    clip_fraction        | 0.00833      |
|    clip_range           | 0.2          |
|    entropy_loss         | -0.388       |
|    explained_variance   | 0.901        |
|    learning_rate        | 0.0003       |
|    loss                 | 6.81         |
|    n_updates            | 1240         |
|    policy_gradient_loss | -0.000522    |
|    value_loss           | 10.9         |
------------------------------------------
-------------------------------------------
| time/                   |               |
|    fps                  | 177           |
|    iterations           | 126           |
|    time_elapsed         | 1092          |
|    total_timesteps      | 193536        |
| train/                  |               |
|    approx_kl            | 0.00088254333 |
|    clip_fraction        | 0.011         |
|    clip_range           | 0.2           |
|    entropy_loss         | -0.278        |
|    explained_variance   | 0.983         |
|    learning_rate        | 0.0003        |
|    loss                 | 0.508         |
|    n_updates            | 1250          |
|    policy_gradient_loss | 0.000272      |
|    value_loss           | 1.42          |
-------------------------------------------
  step  195039/500000 ( 39.0%)  mean_rew=-0.027
------------------------------------------
| time/                   |              |
|    fps                  | 177          |
|    iterations           | 127          |
|    time_elapsed         | 1100         |
|    total_timesteps      | 195072       |
| train/                  |              |
|    approx_kl            | 0.0003941802 |
|    clip_fraction        | 0.00846      |
|    clip_range           | 0.2          |
|    entropy_loss         | -0.399       |
|    explained_variance   | 0.907        |
|    learning_rate        | 0.0003       |
|    loss                 | 5.86         |
|    n_updates            | 1260         |
|    policy_gradient_loss | -0.000737    |
|    value_loss           | 10.9         |
------------------------------------------
-------------------------------------------
| time/                   |               |
|    fps                  | 176           |
|    iterations           | 128           |
|    time_elapsed         | 1111          |
|    total_timesteps      | 196608        |
| train/                  |               |
|    approx_kl            | 0.00087932433 |
|    clip_fraction        | 0.00475       |
|    clip_range           | 0.2           |
|    entropy_loss         | -0.37         |
|    explained_variance   | 0.928         |
|    learning_rate        | 0.0003        |
|    loss                 | 3.92          |
|    n_updates            | 1270          |
|    policy_gradient_loss | -0.000552     |
|    value_loss           | 11.3          |
-------------------------------------------
-------------------------------------------
| time/                   |               |
|    fps                  | 176           |
|    iterations           | 129           |
|    time_elapsed         | 1119          |
|    total_timesteps      | 198144        |
| train/                  |               |
|    approx_kl            | 0.00023556175 |
|    clip_fraction        | 0.00918       |
|    clip_range           | 0.2           |
|    entropy_loss         | -0.277        |
|    explained_variance   | 0.906         |
|    learning_rate        | 0.0003        |
|    loss                 | 6.05          |
|    n_updates            | 1280          |
|    policy_gradient_loss | -0.00113      |
|    value_loss           | 12.4          |
-------------------------------------------
------------------------------------------
| time/                   |              |
|    fps                  | 177          |
|    iterations           | 130          |
|    time_elapsed         | 1127         |
|    total_timesteps      | 199680       |
| train/                  |              |
|    approx_kl            | 0.0030155033 |
|    clip_fraction        | 0.0469       |
|    clip_range           | 0.2          |
|    entropy_loss         | -0.394       |
|    explained_variance   | 0.986        |
|    learning_rate        | 0.0003       |
|    loss                 | 0.926        |
|    n_updates            | 1290         |
|    policy_gradient_loss | -0.00315     |
|    value_loss           | 1.58         |
------------------------------------------
  step  200040/500000 ( 40.0%)  mean_rew=-0.208
------------------------------------------
| time/                   |              |
|    fps                  | 177          |
|    iterations           | 131          |
|    time_elapsed         | 1136         |
|    total_timesteps      | 201216       |
| train/                  |              |
|    approx_kl            | 0.0008037652 |
|    clip_fraction        | 0.00299      |
|    clip_range           | 0.2          |
|    entropy_loss         | -0.43        |
|    explained_variance   | 0.914        |
|    learning_rate        | 0.0003       |
|    loss                 | 3.48         |
|    n_updates            | 1300         |
|    policy_gradient_loss | -0.000637    |
|    value_loss           | 13           |
------------------------------------------
------------------------------------------
| time/                   |              |
|    fps                  | 176          |
|    iterations           | 132          |
|    time_elapsed         | 1145         |
|    total_timesteps      | 202752       |
| train/                  |              |
|    approx_kl            | 0.0013514118 |
|    clip_fraction        | 0.00306      |
|    clip_range           | 0.2          |
|    entropy_loss         | -0.307       |
|    explained_variance   | 0.924        |
|    learning_rate        | 0.0003       |
|    loss                 | 10.9         |
|    n_updates            | 1310         |
|    policy_gradient_loss | -0.000669    |
|    value_loss           | 12.7         |
------------------------------------------
------------------------------------------
| time/                   |              |
|    fps                  | 177          |
|    iterations           | 133          |
|    time_elapsed         | 1153         |
|    total_timesteps      | 204288       |
| train/                  |              |
|    approx_kl            | 0.0023768994 |
|    clip_fraction        | 0.018        |
|    clip_range           | 0.2          |
|    entropy_loss         | -0.344       |
|    explained_variance   | 0.985        |
|    learning_rate        | 0.0003       |
|    loss                 | 0.982        |
|    n_updates            | 1320         |
|    policy_gradient_loss | 0.000122     |
|    value_loss           | 1.84         |
------------------------------------------
  step  205041/500000 ( 41.0%)  mean_rew=-0.343
-------------------------------------------
| time/                   |               |
|    fps                  | 177           |
|    iterations           | 134           |
|    time_elapsed         | 1161          |
|    total_timesteps      | 205824        |
| train/                  |               |
|    approx_kl            | 0.00094159244 |
|    clip_fraction        | 0.00313       |
|    clip_range           | 0.2           |
|    entropy_loss         | -0.375        |
|    explained_variance   | 0.898         |
|    learning_rate        | 0.0003        |
|    loss                 | 6.06          |
|    n_updates            | 1330          |
|    policy_gradient_loss | -0.000761     |
|    value_loss           | 12.3          |
-------------------------------------------
-------------------------------------------
| time/                   |               |
|    fps                  | 176           |
|    iterations           | 135           |
|    time_elapsed         | 1172          |
|    total_timesteps      | 207360        |
| train/                  |               |
|    approx_kl            | 0.00090308796 |
|    clip_fraction        | 0.000521      |
|    clip_range           | 0.2           |
|    entropy_loss         | -0.318        |
|    explained_variance   | 0.933         |
|    learning_rate        | 0.0003        |
|    loss                 | 9.71          |
|    n_updates            | 1340          |
|    policy_gradient_loss | -1.24e-05     |
|    value_loss           | 12            |
-------------------------------------------
-------------------------------------------
| time/                   |               |
|    fps                  | 176           |
|    iterations           | 136           |
|    time_elapsed         | 1180          |
|    total_timesteps      | 208896        |
| train/                  |               |
|    approx_kl            | 0.00082207733 |
|    clip_fraction        | 0.0099        |
|    clip_range           | 0.2           |
|    entropy_loss         | -0.229        |
|    explained_variance   | 0.907         |
|    learning_rate        | 0.0003        |
|    loss                 | 10.7          |
|    n_updates            | 1350          |
|    policy_gradient_loss | -0.000165     |
|    value_loss           | 13            |
-------------------------------------------
  step  210042/500000 ( 42.0%)  mean_rew=-0.006
------------------------------------------
| time/                   |              |
|    fps                  | 177          |
|    iterations           | 137          |
|    time_elapsed         | 1188         |
|    total_timesteps      | 210432       |
| train/                  |              |
|    approx_kl            | 0.0025427765 |
|    clip_fraction        | 0.0196       |
|    clip_range           | 0.2          |
|    entropy_loss         | -0.377       |
|    explained_variance   | 0.989        |
|    learning_rate        | 0.0003       |
|    loss                 | 0.467        |
|    n_updates            | 1360         |
|    policy_gradient_loss | -0.0017      |
|    value_loss           | 1.23         |
------------------------------------------
-----------------------------------------
| time/                   |             |
|    fps                  | 176         |
|    iterations           | 138         |
|    time_elapsed         | 1197        |
|    total_timesteps      | 211968      |
| train/                  |             |
|    approx_kl            | 0.000611138 |
|    clip_fraction        | 0           |
|    clip_range           | 0.2         |
|    entropy_loss         | -0.42       |
|    explained_variance   | 0.923       |
|    learning_rate        | 0.0003      |
|    loss                 | 1.12        |
|    n_updates            | 1370        |
|    policy_gradient_loss | -0.00029    |
|    value_loss           | 12.7        |
-----------------------------------------
------------------------------------------
| time/                   |              |
|    fps                  | 176          |
|    iterations           | 139          |
|    time_elapsed         | 1206         |
|    total_timesteps      | 213504       |
| train/                  |              |
|    approx_kl            | 0.0022555487 |
|    clip_fraction        | 0.0126       |
|    clip_range           | 0.2          |
|    entropy_loss         | -0.286       |
|    explained_variance   | 0.924        |
|    learning_rate        | 0.0003       |
|    loss                 | 2.84         |
|    n_updates            | 1380         |
|    policy_gradient_loss | -0.00129     |
|    value_loss           | 13.4         |
------------------------------------------
------------------------------------------
| time/                   |              |
|    fps                  | 177          |
|    iterations           | 140          |
|    time_elapsed         | 1213         |
|    total_timesteps      | 215040       |
| train/                  |              |
|    approx_kl            | 0.0013201842 |
|    clip_fraction        | 0.0114       |
|    clip_range           | 0.2          |
|    entropy_loss         | -0.357       |
|    explained_variance   | 0.989        |
|    learning_rate        | 0.0003       |
|    loss                 | 1.39         |
|    n_updates            | 1390         |
|    policy_gradient_loss | -0.00104     |
|    value_loss           | 1.41         |
------------------------------------------
  step  215043/500000 ( 43.0%)  mean_rew=-0.167
------------------------------------------
| time/                   |              |
|    fps                  | 177          |
|    iterations           | 141          |
|    time_elapsed         | 1221         |
|    total_timesteps      | 216576       |
| train/                  |              |
|    approx_kl            | 0.0002749371 |
|    clip_fraction        | 0.00208      |
|    clip_range           | 0.2          |
|    entropy_loss         | -0.452       |
|    explained_variance   | 0.901        |
|    learning_rate        | 0.0003       |
|    loss                 | 11           |
|    n_updates            | 1400         |
|    policy_gradient_loss | -0.000528    |
|    value_loss           | 12.4         |
------------------------------------------
------------------------------------------
| time/                   |              |
|    fps                  | 177          |
|    iterations           | 142          |
|    time_elapsed         | 1231         |
|    total_timesteps      | 218112       |
| train/                  |              |
|    approx_kl            | 0.0006237275 |
|    clip_fraction        | 0            |
|    clip_range           | 0.2          |
|    entropy_loss         | -0.373       |
|    explained_variance   | 0.931        |
|    learning_rate        | 0.0003       |
|    loss                 | 8.41         |
|    n_updates            | 1410         |
|    policy_gradient_loss | -7.99e-05    |
|    value_loss           | 12.3         |
------------------------------------------
------------------------------------------
| time/                   |              |
|    fps                  | 177          |
|    iterations           | 143          |
|    time_elapsed         | 1239         |
|    total_timesteps      | 219648       |
| train/                  |              |
|    approx_kl            | 0.0016290952 |
|    clip_fraction        | 0.0124       |
|    clip_range           | 0.2          |
|    entropy_loss         | -0.336       |
|    explained_variance   | 0.987        |
|    learning_rate        | 0.0003       |
|    loss                 | 0.777        |
|    n_updates            | 1420         |
|    policy_gradient_loss | -0.0011      |
|    value_loss           | 1.64         |
------------------------------------------
  step  220044/500000 ( 44.0%)  mean_rew=-0.339
-----------------------------------------
| time/                   |             |
|    fps                  | 177         |
|    iterations           | 144         |
|    time_elapsed         | 1247        |
|    total_timesteps      | 221184      |
| train/                  |             |
|    approx_kl            | 0.003550874 |
|    clip_fraction        | 0.0197      |
|    clip_range           | 0.2         |
|    entropy_loss         | -0.451      |
|    explained_variance   | 0.903       |
|    learning_rate        | 0.0003      |
|    loss                 | 2.91        |
|    n_updates            | 1430        |
|    policy_gradient_loss | -0.00124    |
|    value_loss           | 12          |
-----------------------------------------
------------------------------------------
| time/                   |              |
|    fps                  | 177          |
|    iterations           | 145          |
|    time_elapsed         | 1257         |
|    total_timesteps      | 222720       |
| train/                  |              |
|    approx_kl            | 0.0020711303 |
|    clip_fraction        | 0.014        |
|    clip_range           | 0.2          |
|    entropy_loss         | -0.396       |
|    explained_variance   | 0.925        |
|    learning_rate        | 0.0003       |
|    loss                 | 7.35         |
|    n_updates            | 1440         |
|    policy_gradient_loss | -0.0011      |
|    value_loss           | 12.6         |
------------------------------------------
------------------------------------------
| time/                   |              |
|    fps                  | 177          |
|    iterations           | 146          |
|    time_elapsed         | 1265         |
|    total_timesteps      | 224256       |
| train/                  |              |
|    approx_kl            | 0.0003160092 |
|    clip_fraction        | 0.00208      |
|    clip_range           | 0.2          |
|    entropy_loss         | -0.32        |
|    explained_variance   | 0.921        |
|    learning_rate        | 0.0003       |
|    loss                 | 6.28         |
|    n_updates            | 1450         |
|    policy_gradient_loss | -0.000588    |
|    value_loss           | 12.6         |
------------------------------------------
  step  225045/500000 ( 45.0%)  mean_rew=-0.004
------------------------------------------
| time/                   |              |
|    fps                  | 177          |
|    iterations           | 147          |
|    time_elapsed         | 1273         |
|    total_timesteps      | 225792       |
| train/                  |              |
|    approx_kl            | 0.0018242747 |
|    clip_fraction        | 0.0191       |
|    clip_range           | 0.2          |
|    entropy_loss         | -0.375       |
|    explained_variance   | 0.986        |
|    learning_rate        | 0.0003       |
|    loss                 | 1.25         |
|    n_updates            | 1460         |
|    policy_gradient_loss | -0.00159     |
|    value_loss           | 1.72         |
------------------------------------------
------------------------------------------
| time/                   |              |
|    fps                  | 177          |
|    iterations           | 148          |
|    time_elapsed         | 1282         |
|    total_timesteps      | 227328       |
| train/                  |              |
|    approx_kl            | 0.0014258187 |
|    clip_fraction        | 0.00898      |
|    clip_range           | 0.2          |
|    entropy_loss         | -0.406       |
|    explained_variance   | 0.908        |
|    learning_rate        | 0.0003       |
|    loss                 | 12.1         |
|    n_updates            | 1470         |
|    policy_gradient_loss | -0.00062     |
|    value_loss           | 12.1         |
------------------------------------------
------------------------------------------
| time/                   |              |
|    fps                  | 177          |
|    iterations           | 149          |
|    time_elapsed         | 1292         |
|    total_timesteps      | 228864       |
| train/                  |              |
|    approx_kl            | 0.0018046919 |
|    clip_fraction        | 0.0275       |
|    clip_range           | 0.2          |
|    entropy_loss         | -0.302       |
|    explained_variance   | 0.929        |
|    learning_rate        | 0.0003       |
|    loss                 | 7.81         |
|    n_updates            | 1480         |
|    policy_gradient_loss | -0.00153     |
|    value_loss           | 12.3         |
------------------------------------------
  step  230046/500000 ( 46.0%)  mean_rew=-0.198
------------------------------------------
| time/                   |              |
|    fps                  | 177          |
|    iterations           | 150          |
|    time_elapsed         | 1301         |
|    total_timesteps      | 230400       |
| train/                  |              |
|    approx_kl            | 0.0026756038 |
|    clip_fraction        | 0.0134       |
|    clip_range           | 0.2          |
|    entropy_loss         | -0.251       |
|    explained_variance   | 0.983        |
|    learning_rate        | 0.0003       |
|    loss                 | 0.637        |
|    n_updates            | 1490         |
|    policy_gradient_loss | -0.000568    |
|    value_loss           | 1.92         |
------------------------------------------
------------------------------------------
| time/                   |              |
|    fps                  | 177          |
|    iterations           | 151          |
|    time_elapsed         | 1309         |
|    total_timesteps      | 231936       |
| train/                  |              |
|    approx_kl            | 0.0012153412 |
|    clip_fraction        | 0.00026      |
|    clip_range           | 0.2          |
|    entropy_loss         | -0.341       |
|    explained_variance   | 0.895        |
|    learning_rate        | 0.0003       |
|    loss                 | 4.58         |
|    n_updates            | 1500         |
|    policy_gradient_loss | -0.000364    |
|    value_loss           | 12.4         |
------------------------------------------
-------------------------------------------
| time/                   |               |
|    fps                  | 176           |
|    iterations           | 152           |
|    time_elapsed         | 1320          |
|    total_timesteps      | 233472        |
| train/                  |               |
|    approx_kl            | 0.00020281675 |
|    clip_fraction        | 0.00358       |
|    clip_range           | 0.2           |
|    entropy_loss         | -0.326        |
|    explained_variance   | 0.915         |
|    learning_rate        | 0.0003        |
|    loss                 | 4.69          |
|    n_updates            | 1510          |
|    policy_gradient_loss | 0.000135      |
|    value_loss           | 12.1          |
-------------------------------------------
------------------------------------------
| time/                   |              |
|    fps                  | 176          |
|    iterations           | 153          |
|    time_elapsed         | 1329         |
|    total_timesteps      | 235008       |
| train/                  |              |
|    approx_kl            | 0.0015815404 |
|    clip_fraction        | 0.0215       |
|    clip_range           | 0.2          |
|    entropy_loss         | -0.253       |
|    explained_variance   | 0.917        |
|    learning_rate        | 0.0003       |
|    loss                 | 3.95         |
|    n_updates            | 1520         |
|    policy_gradient_loss | -0.000232    |
|    value_loss           | 12.7         |
------------------------------------------
  step  235047/500000 ( 47.0%)  mean_rew=-0.356
------------------------------------------
| time/                   |              |
|    fps                  | 176          |
|    iterations           | 154          |
|    time_elapsed         | 1337         |
|    total_timesteps      | 236544       |
| train/                  |              |
|    approx_kl            | 0.0020779558 |
|    clip_fraction        | 0.0329       |
|    clip_range           | 0.2          |
|    entropy_loss         | -0.364       |
|    explained_variance   | 0.986        |
|    learning_rate        | 0.0003       |
|    loss                 | 0.714        |
|    n_updates            | 1530         |
|    policy_gradient_loss | -0.00312     |
|    value_loss           | 1.61         |
------------------------------------------
------------------------------------------
| time/                   |              |
|    fps                  | 176          |
|    iterations           | 155          |
|    time_elapsed         | 1345         |
|    total_timesteps      | 238080       |
| train/                  |              |
|    approx_kl            | 0.0024126992 |
|    clip_fraction        | 0.0247       |
|    clip_range           | 0.2          |
|    entropy_loss         | -0.376       |
|    explained_variance   | 0.905        |
|    learning_rate        | 0.0003       |
|    loss                 | 3.99         |
|    n_updates            | 1540         |
|    policy_gradient_loss | -0.00105     |
|    value_loss           | 12.9         |
------------------------------------------
-------------------------------------------
| time/                   |               |
|    fps                  | 177           |
|    iterations           | 156           |
|    time_elapsed         | 1352          |
|    total_timesteps      | 239616        |
| train/                  |               |
|    approx_kl            | 0.00039916116 |
|    clip_fraction        | 0.000781      |
|    clip_range           | 0.2           |
|    entropy_loss         | -0.32         |
|    explained_variance   | 0.932         |
|    learning_rate        | 0.0003        |
|    loss                 | 5.82          |
|    n_updates            | 1550          |
|    policy_gradient_loss | -0.000193     |
|    value_loss           | 12.5          |
-------------------------------------------
  step  240048/500000 ( 48.0%)  mean_rew=-0.006
------------------------------------------
| time/                   |              |
|    fps                  | 177          |
|    iterations           | 157          |
|    time_elapsed         | 1357         |
|    total_timesteps      | 241152       |
| train/                  |              |
|    approx_kl            | 0.0036429774 |
|    clip_fraction        | 0.024        |
|    clip_range           | 0.2          |
|    entropy_loss         | -0.372       |
|    explained_variance   | 0.989        |
|    learning_rate        | 0.0003       |
|    loss                 | 0.519        |
|    n_updates            | 1560         |
|    policy_gradient_loss | -0.000387    |
|    value_loss           | 1.2          |
------------------------------------------
-----------------------------------------
| time/                   |             |
|    fps                  | 177         |
|    iterations           | 158         |
|    time_elapsed         | 1363        |
|    total_timesteps      | 242688      |
| train/                  |             |
|    approx_kl            | 0.003110899 |
|    clip_fraction        | 0.0161      |
|    clip_range           | 0.2         |
|    entropy_loss         | -0.351      |
|    explained_variance   | 0.806       |
|    learning_rate        | 0.0003      |
|    loss                 | 3.07        |
|    n_updates            | 1570        |
|    policy_gradient_loss | -0.00158    |
|    value_loss           | 9.65        |
-----------------------------------------
------------------------------------------
| time/                   |              |
|    fps                  | 178          |
|    iterations           | 159          |
|    time_elapsed         | 1370         |
|    total_timesteps      | 244224       |
| train/                  |              |
|    approx_kl            | 0.0013589911 |
|    clip_fraction        | 0.0153       |
|    clip_range           | 0.2          |
|    entropy_loss         | -0.306       |
|    explained_variance   | 0.913        |
|    learning_rate        | 0.0003       |
|    loss                 | 1.89         |
|    n_updates            | 1580         |
|    policy_gradient_loss | -0.000721    |
|    value_loss           | 8.55         |
------------------------------------------
  step  245049/500000 ( 49.0%)  mean_rew=-0.138
------------------------------------------
| time/                   |              |
|    fps                  | 178          |
|    iterations           | 160          |
|    time_elapsed         | 1379         |
|    total_timesteps      | 245760       |
| train/                  |              |
|    approx_kl            | 0.0006568882 |
|    clip_fraction        | 0.00247      |
|    clip_range           | 0.2          |
|    entropy_loss         | -0.316       |
|    explained_variance   | 0.911        |
|    learning_rate        | 0.0003       |
|    loss                 | 2.44         |
|    n_updates            | 1590         |
|    policy_gradient_loss | -0.000259    |
|    value_loss           | 8.34         |
------------------------------------------
------------------------------------------
| time/                   |              |
|    fps                  | 178          |
|    iterations           | 161          |
|    time_elapsed         | 1387         |
|    total_timesteps      | 247296       |
| train/                  |              |
|    approx_kl            | 0.0017498253 |
|    clip_fraction        | 0.019        |
|    clip_range           | 0.2          |
|    entropy_loss         | -0.312       |
|    explained_variance   | 0.975        |
|    learning_rate        | 0.0003       |
|    loss                 | 0.827        |
|    n_updates            | 1600         |
|    policy_gradient_loss | -0.00185     |
|    value_loss           | 1.96         |
------------------------------------------
-------------------------------------------
| time/                   |               |
|    fps                  | 178           |
|    iterations           | 162           |
|    time_elapsed         | 1397          |
|    total_timesteps      | 248832        |
| train/                  |               |
|    approx_kl            | 0.00053399795 |
|    clip_fraction        | 0.00273       |
|    clip_range           | 0.2           |
|    entropy_loss         | -0.343        |
|    explained_variance   | 0.907         |
|    learning_rate        | 0.0003        |
|    loss                 | 2.16          |
|    n_updates            | 1610          |
|    policy_gradient_loss | -0.000226     |
|    value_loss           | 9.82          |
-------------------------------------------
  step  250050/500000 ( 50.0%)  mean_rew=-0.305
------------------------------------------
| time/                   |              |
|    fps                  | 178          |
|    iterations           | 163          |
|    time_elapsed         | 1406         |
|    total_timesteps      | 250368       |
| train/                  |              |
|    approx_kl            | 0.0010089537 |
|    clip_fraction        | 0.0111       |
|    clip_range           | 0.2          |
|    entropy_loss         | -0.255       |
|    explained_variance   | 0.928        |
|    learning_rate        | 0.0003       |
|    loss                 | 14.4         |
|    n_updates            | 1620         |
|    policy_gradient_loss | -0.000715    |
|    value_loss           | 10.5         |
------------------------------------------
------------------------------------------
| time/                   |              |
|    fps                  | 178          |
|    iterations           | 164          |
|    time_elapsed         | 1411         |
|    total_timesteps      | 251904       |
| train/                  |              |
|    approx_kl            | 0.0030246854 |
|    clip_fraction        | 0.0174       |
|    clip_range           | 0.2          |
|    entropy_loss         | -0.318       |
|    explained_variance   | 0.988        |
|    learning_rate        | 0.0003       |
|    loss                 | 0.835        |
|    n_updates            | 1630         |
|    policy_gradient_loss | -0.000438    |
|    value_loss           | 1.37         |
------------------------------------------
------------------------------------------
| time/                   |              |
|    fps                  | 178          |
|    iterations           | 165          |
|    time_elapsed         | 1418         |
|    total_timesteps      | 253440       |
| train/                  |              |
|    approx_kl            | 0.0019042157 |
|    clip_fraction        | 0.0145       |
|    clip_range           | 0.2          |
|    entropy_loss         | -0.36        |
|    explained_variance   | 0.871        |
|    learning_rate        | 0.0003       |
|    loss                 | 3.53         |
|    n_updates            | 1640         |
|    policy_gradient_loss | -0.00198     |
|    value_loss           | 9.03         |
------------------------------------------
------------------------------------------
| time/                   |              |
|    fps                  | 178          |
|    iterations           | 166          |
|    time_elapsed         | 1428         |
|    total_timesteps      | 254976       |
| train/                  |              |
|    approx_kl            | 0.0006208295 |
|    clip_fraction        | 0.0135       |
|    clip_range           | 0.2          |
|    entropy_loss         | -0.285       |
|    explained_variance   | 0.92         |
|    learning_rate        | 0.0003       |
|    loss                 | 8.76         |
|    n_updates            | 1650         |
|    policy_gradient_loss | -0.0009      |
|    value_loss           | 9.59         |
------------------------------------------
  step  255051/500000 ( 51.0%)  mean_rew=-0.055
-------------------------------------------
| time/                   |               |
|    fps                  | 178           |
|    iterations           | 167           |
|    time_elapsed         | 1437          |
|    total_timesteps      | 256512        |
| train/                  |               |
|    approx_kl            | 0.00034969937 |
|    clip_fraction        | 0.0102        |
|    clip_range           | 0.2           |
|    entropy_loss         | -0.255        |
|    explained_variance   | 0.911         |
|    learning_rate        | 0.0003        |
|    loss                 | 1.37          |
|    n_updates            | 1660          |
|    policy_gradient_loss | -0.000812     |
|    value_loss           | 10.3          |
-------------------------------------------
------------------------------------------
| time/                   |              |
|    fps                  | 178          |
|    iterations           | 168          |
|    time_elapsed         | 1445         |
|    total_timesteps      | 258048       |
| train/                  |              |
|    approx_kl            | 0.0012791816 |
|    clip_fraction        | 0.021        |
|    clip_range           | 0.2          |
|    entropy_loss         | -0.311       |
|    explained_variance   | 0.984        |
|    learning_rate        | 0.0003       |
|    loss                 | 1.09         |
|    n_updates            | 1670         |
|    policy_gradient_loss | 0.000188     |
|    value_loss           | 1.41         |
------------------------------------------
------------------------------------------
| time/                   |              |
|    fps                  | 178          |
|    iterations           | 169          |
|    time_elapsed         | 1455         |
|    total_timesteps      | 259584       |
| train/                  |              |
|    approx_kl            | 0.0016912891 |
|    clip_fraction        | 0.0115       |
|    clip_range           | 0.2          |
|    entropy_loss         | -0.301       |
|    explained_variance   | 0.91         |
|    learning_rate        | 0.0003       |
|    loss                 | 8.32         |
|    n_updates            | 1680         |
|    policy_gradient_loss | -0.000571    |
|    value_loss           | 12.2         |
------------------------------------------
  step  260052/500000 ( 52.0%)  mean_rew=-0.077
------------------------------------------
| time/                   |              |
|    fps                  | 178          |
|    iterations           | 170          |
|    time_elapsed         | 1464         |
|    total_timesteps      | 261120       |
| train/                  |              |
|    approx_kl            | 0.0011833695 |
|    clip_fraction        | 0.00482      |
|    clip_range           | 0.2          |
|    entropy_loss         | -0.248       |
|    explained_variance   | 0.931        |
|    learning_rate        | 0.0003       |
|    loss                 | 9.84         |
|    n_updates            | 1690         |
|    policy_gradient_loss | -0.000123    |
|    value_loss           | 11.7         |
------------------------------------------
------------------------------------------
| time/                   |              |
|    fps                  | 178          |
|    iterations           | 171          |
|    time_elapsed         | 1471         |
|    total_timesteps      | 262656       |
| train/                  |              |
|    approx_kl            | 0.0019845243 |
|    clip_fraction        | 0.032        |
|    clip_range           | 0.2          |
|    entropy_loss         | -0.265       |
|    explained_variance   | 0.983        |
|    learning_rate        | 0.0003       |
|    loss                 | 1.29         |
|    n_updates            | 1700         |
|    policy_gradient_loss | -0.00236     |
|    value_loss           | 1.99         |
------------------------------------------
------------------------------------------
| time/                   |              |
|    fps                  | 178          |
|    iterations           | 172          |
|    time_elapsed         | 1480         |
|    total_timesteps      | 264192       |
| train/                  |              |
|    approx_kl            | 0.0017428013 |
|    clip_fraction        | 0.024        |
|    clip_range           | 0.2          |
|    entropy_loss         | -0.279       |
|    explained_variance   | 0.908        |
|    learning_rate        | 0.0003       |
|    loss                 | 2.73         |
|    n_updates            | 1710         |
|    policy_gradient_loss | -0.000735    |
|    value_loss           | 11.7         |
------------------------------------------
  step  265053/500000 ( 53.0%)  mean_rew=-0.271
-------------------------------------------
| time/                   |               |
|    fps                  | 178           |
|    iterations           | 173           |
|    time_elapsed         | 1490          |
|    total_timesteps      | 265728        |
| train/                  |               |
|    approx_kl            | 0.00068028894 |
|    clip_fraction        | 0.00384       |
|    clip_range           | 0.2           |
|    entropy_loss         | -0.221        |
|    explained_variance   | 0.932         |
|    learning_rate        | 0.0003        |
|    loss                 | 4.06          |
|    n_updates            | 1720          |
|    policy_gradient_loss | -0.000605     |
|    value_loss           | 12            |
-------------------------------------------
------------------------------------------
| time/                   |              |
|    fps                  | 178          |
|    iterations           | 174          |
|    time_elapsed         | 1495         |
|    total_timesteps      | 267264       |
| train/                  |              |
|    approx_kl            | 0.0021871792 |
|    clip_fraction        | 0.0104       |
|    clip_range           | 0.2          |
|    entropy_loss         | -0.185       |
|    explained_variance   | 0.903        |
|    learning_rate        | 0.0003       |
|    loss                 | 9.12         |
|    n_updates            | 1730         |
|    policy_gradient_loss | -0.000483    |
|    value_loss           | 13           |
------------------------------------------
------------------------------------------
| time/                   |              |
|    fps                  | 178          |
|    iterations           | 175          |
|    time_elapsed         | 1502         |
|    total_timesteps      | 268800       |
| train/                  |              |
|    approx_kl            | 0.0023581134 |
|    clip_fraction        | 0.0199       |
|    clip_range           | 0.2          |
|    entropy_loss         | -0.358       |
|    explained_variance   | 0.982        |
|    learning_rate        | 0.0003       |
|    loss                 | 0.451        |
|    n_updates            | 1740         |
|    policy_gradient_loss | 8.1e-05      |
|    value_loss           | 0.902        |
------------------------------------------
  step  270054/500000 ( 54.0%)  mean_rew=-0.258
-------------------------------------------
| time/                   |               |
|    fps                  | 178           |
|    iterations           | 176           |
|    time_elapsed         | 1511          |
|    total_timesteps      | 270336        |
| train/                  |               |
|    approx_kl            | 0.00077063503 |
|    clip_fraction        | 0.00208       |
|    clip_range           | 0.2           |
|    entropy_loss         | -0.27         |
|    explained_variance   | 0.916         |
|    learning_rate        | 0.0003        |
|    loss                 | 5.73          |
|    n_updates            | 1750          |
|    policy_gradient_loss | -0.000111     |
|    value_loss           | 11.3          |
-------------------------------------------
------------------------------------------
| time/                   |              |
|    fps                  | 178          |
|    iterations           | 177          |
|    time_elapsed         | 1521         |
|    total_timesteps      | 271872       |
| train/                  |              |
|    approx_kl            | 0.0010151447 |
|    clip_fraction        | 0.00866      |
|    clip_range           | 0.2          |
|    entropy_loss         | -0.21        |
|    explained_variance   | 0.926        |
|    learning_rate        | 0.0003       |
|    loss                 | 4.05         |
|    n_updates            | 1760         |
|    policy_gradient_loss | -0.000185    |
|    value_loss           | 11.3         |
------------------------------------------
------------------------------------------
| time/                   |              |
|    fps                  | 178          |
|    iterations           | 178          |
|    time_elapsed         | 1528         |
|    total_timesteps      | 273408       |
| train/                  |              |
|    approx_kl            | 0.0017750288 |
|    clip_fraction        | 0.0138       |
|    clip_range           | 0.2          |
|    entropy_loss         | -0.212       |
|    explained_variance   | 0.984        |
|    learning_rate        | 0.0003       |
|    loss                 | 0.526        |
|    n_updates            | 1770         |
|    policy_gradient_loss | -0.00142     |
|    value_loss           | 1.56         |
------------------------------------------
------------------------------------------
| time/                   |              |
|    fps                  | 178          |
|    iterations           | 179          |
|    time_elapsed         | 1537         |
|    total_timesteps      | 274944       |
| train/                  |              |
|    approx_kl            | 0.0019179756 |
|    clip_fraction        | 0.0148       |
|    clip_range           | 0.2          |
|    entropy_loss         | -0.277       |
|    explained_variance   | 0.895        |
|    learning_rate        | 0.0003       |
|    loss                 | 5.78         |
|    n_updates            | 1780         |
|    policy_gradient_loss | -0.00118     |
|    value_loss           | 12.1         |
------------------------------------------
  step  275055/500000 ( 55.0%)  mean_rew=-0.030
-----------------------------------------
| time/                   |             |
|    fps                  | 178         |
|    iterations           | 180         |
|    time_elapsed         | 1548        |
|    total_timesteps      | 276480      |
| train/                  |             |
|    approx_kl            | 0.004760321 |
|    clip_fraction        | 0.0198      |
|    clip_range           | 0.2         |
|    entropy_loss         | -0.237      |
|    explained_variance   | 0.931       |
|    learning_rate        | 0.0003      |
|    loss                 | 9.8         |
|    n_updates            | 1790        |
|    policy_gradient_loss | 0.00118     |
|    value_loss           | 11.7        |
-----------------------------------------
------------------------------------------
| time/                   |              |
|    fps                  | 178          |
|    iterations           | 181          |
|    time_elapsed         | 1554         |
|    total_timesteps      | 278016       |
| train/                  |              |
|    approx_kl            | 0.0009647018 |
|    clip_fraction        | 0.0213       |
|    clip_range           | 0.2          |
|    entropy_loss         | -0.279       |
|    explained_variance   | 0.898        |
|    learning_rate        | 0.0003       |
|    loss                 | 5.96         |
|    n_updates            | 1800         |
|    policy_gradient_loss | -0.0015      |
|    value_loss           | 12.8         |
------------------------------------------
-----------------------------------------
| time/                   |             |
|    fps                  | 179         |
|    iterations           | 182         |
|    time_elapsed         | 1561        |
|    total_timesteps      | 279552      |
| train/                  |             |
|    approx_kl            | 0.003861675 |
|    clip_fraction        | 0.0327      |
|    clip_range           | 0.2         |
|    entropy_loss         | -0.342      |
|    explained_variance   | 0.985       |
|    learning_rate        | 0.0003      |
|    loss                 | 0.391       |
|    n_updates            | 1810        |
|    policy_gradient_loss | -0.002      |
|    value_loss           | 1.25        |
-----------------------------------------
  step  280056/500000 ( 56.0%)  mean_rew=-0.284
------------------------------------------
| time/                   |              |
|    fps                  | 178          |
|    iterations           | 183          |
|    time_elapsed         | 1571         |
|    total_timesteps      | 281088       |
| train/                  |              |
|    approx_kl            | 0.0011823457 |
|    clip_fraction        | 0.00462      |
|    clip_range           | 0.2          |
|    entropy_loss         | -0.34        |
|    explained_variance   | 0.921        |
|    learning_rate        | 0.0003       |
|    loss                 | 10.2         |
|    n_updates            | 1820         |
|    policy_gradient_loss | -0.0002      |
|    value_loss           | 11.3         |
------------------------------------------
------------------------------------------
| time/                   |              |
|    fps                  | 178          |
|    iterations           | 184          |
|    time_elapsed         | 1580         |
|    total_timesteps      | 282624       |
| train/                  |              |
|    approx_kl            | 0.0010253846 |
|    clip_fraction        | 0.033        |
|    clip_range           | 0.2          |
|    entropy_loss         | -0.375       |
|    explained_variance   | 0.922        |
|    learning_rate        | 0.0003       |
|    loss                 | 5.35         |
|    n_updates            | 1830         |
|    policy_gradient_loss | -0.00152     |
|    value_loss           | 12.3         |
------------------------------------------
------------------------------------------
| time/                   |              |
|    fps                  | 179          |
|    iterations           | 185          |
|    time_elapsed         | 1587         |
|    total_timesteps      | 284160       |
| train/                  |              |
|    approx_kl            | 0.0033345316 |
|    clip_fraction        | 0.025        |
|    clip_range           | 0.2          |
|    entropy_loss         | -0.368       |
|    explained_variance   | 0.982        |
|    learning_rate        | 0.0003       |
|    loss                 | 1.58         |
|    n_updates            | 1840         |
|    policy_gradient_loss | -0.00112     |
|    value_loss           | 2.04         |
------------------------------------------
  step  285057/500000 ( 57.0%)  mean_rew=-0.332
-------------------------------------------
| time/                   |               |
|    fps                  | 179           |
|    iterations           | 186           |
|    time_elapsed         | 1595          |
|    total_timesteps      | 285696        |
| train/                  |               |
|    approx_kl            | 0.00035999823 |
|    clip_fraction        | 0.00104       |
|    clip_range           | 0.2           |
|    entropy_loss         | -0.357        |
|    explained_variance   | 0.897         |
|    learning_rate        | 0.0003        |
|    loss                 | 7.76          |
|    n_updates            | 1850          |
|    policy_gradient_loss | 3.73e-05      |
|    value_loss           | 11.3          |
-------------------------------------------
------------------------------------------
| time/                   |              |
|    fps                  | 179          |
|    iterations           | 187          |
|    time_elapsed         | 1602         |
|    total_timesteps      | 287232       |
| train/                  |              |
|    approx_kl            | 0.0018327489 |
|    clip_fraction        | 0.0296       |
|    clip_range           | 0.2          |
|    entropy_loss         | -0.308       |
|    explained_variance   | 0.929        |
|    learning_rate        | 0.0003       |
|    loss                 | 4.08         |
|    n_updates            | 1860         |
|    policy_gradient_loss | -0.00228     |
|    value_loss           | 11.1         |
------------------------------------------
------------------------------------------
| time/                   |              |
|    fps                  | 179          |
|    iterations           | 188          |
|    time_elapsed         | 1609         |
|    total_timesteps      | 288768       |
| train/                  |              |
|    approx_kl            | 0.0009012262 |
|    clip_fraction        | 0.00716      |
|    clip_range           | 0.2          |
|    entropy_loss         | -0.359       |
|    explained_variance   | 0.988        |
|    learning_rate        | 0.0003       |
|    loss                 | 0.494        |
|    n_updates            | 1870         |
|    policy_gradient_loss | -0.000619    |
|    value_loss           | 1.38         |
------------------------------------------
  step  290058/500000 ( 58.0%)  mean_rew=-0.009
------------------------------------------
| time/                   |              |
|    fps                  | 179          |
|    iterations           | 189          |
|    time_elapsed         | 1616         |
|    total_timesteps      | 290304       |
| train/                  |              |
|    approx_kl            | 0.0044741738 |
|    clip_fraction        | 0.0712       |
|    clip_range           | 0.2          |
|    entropy_loss         | -0.352       |
|    explained_variance   | 0.904        |
|    learning_rate        | 0.0003       |
|    loss                 | 11.1         |
|    n_updates            | 1880         |
|    policy_gradient_loss | -0.000582    |
|    value_loss           | 11.1         |
------------------------------------------
-----------------------------------------
| time/                   |             |
|    fps                  | 179         |
|    iterations           | 190         |
|    time_elapsed         | 1626        |
|    total_timesteps      | 291840      |
| train/                  |             |
|    approx_kl            | 0.000242132 |
|    clip_fraction        | 0           |
|    clip_range           | 0.2         |
|    entropy_loss         | -0.331      |
|    explained_variance   | 0.924       |
|    learning_rate        | 0.0003      |
|    loss                 | 3.22        |
|    n_updates            | 1890        |
|    policy_gradient_loss | 9.92e-05    |
|    value_loss           | 11.5        |
-----------------------------------------
----------------------------------------
| time/                   |            |
|    fps                  | 179        |
|    iterations           | 191        |
|    time_elapsed         | 1636       |
|    total_timesteps      | 293376     |
| train/                  |            |
|    approx_kl            | 0.00260951 |
|    clip_fraction        | 0.0423     |
|    clip_range           | 0.2        |
|    entropy_loss         | -0.341     |
|    explained_variance   | 0.916      |
|    learning_rate        | 0.0003     |
|    loss                 | 7.48       |
|    n_updates            | 1900       |
|    policy_gradient_loss | -0.00148   |
|    value_loss           | 12.1       |
----------------------------------------
------------------------------------------
| time/                   |              |
|    fps                  | 179          |
|    iterations           | 192          |
|    time_elapsed         | 1643         |
|    total_timesteps      | 294912       |
| train/                  |              |
|    approx_kl            | 0.0019524721 |
|    clip_fraction        | 0.0285       |
|    clip_range           | 0.2          |
|    entropy_loss         | -0.373       |
|    explained_variance   | 0.988        |
|    learning_rate        | 0.0003       |
|    loss                 | 0.58         |
|    n_updates            | 1910         |
|    policy_gradient_loss | -0.00105     |
|    value_loss           | 1.23         |
------------------------------------------
  step  295059/500000 ( 59.0%)  mean_rew=-0.199
------------------------------------------
| time/                   |              |
|    fps                  | 179          |
|    iterations           | 193          |
|    time_elapsed         | 1651         |
|    total_timesteps      | 296448       |
| train/                  |              |
|    approx_kl            | 0.0020346732 |
|    clip_fraction        | 0.0113       |
|    clip_range           | 0.2          |
|    entropy_loss         | -0.35        |
|    explained_variance   | 0.91         |
|    learning_rate        | 0.0003       |
|    loss                 | 5.56         |
|    n_updates            | 1920         |
|    policy_gradient_loss | -0.000777    |
|    value_loss           | 11.9         |
------------------------------------------
------------------------------------------
| time/                   |              |
|    fps                  | 179          |
|    iterations           | 194          |
|    time_elapsed         | 1658         |
|    total_timesteps      | 297984       |
| train/                  |              |
|    approx_kl            | 0.0014321333 |
|    clip_fraction        | 0.0201       |
|    clip_range           | 0.2          |
|    entropy_loss         | -0.277       |
|    explained_variance   | 0.934        |
|    learning_rate        | 0.0003       |
|    loss                 | 9.17         |
|    n_updates            | 1930         |
|    policy_gradient_loss | -0.000317    |
|    value_loss           | 12           |
------------------------------------------
-------------------------------------------
| time/                   |               |
|    fps                  | 180           |
|    iterations           | 195           |
|    time_elapsed         | 1663          |
|    total_timesteps      | 299520        |
| train/                  |               |
|    approx_kl            | 0.00067522965 |
|    clip_fraction        | 0.0133        |
|    clip_range           | 0.2           |
|    entropy_loss         | -0.334        |
|    explained_variance   | 0.991         |
|    learning_rate        | 0.0003        |
|    loss                 | 0.604         |
|    n_updates            | 1940          |
|    policy_gradient_loss | -0.000583     |
|    value_loss           | 1.06          |
-------------------------------------------
  step  300060/500000 ( 60.0%)  mean_rew=-0.295
-----------------------------------------
| time/                   |             |
|    fps                  | 180         |
|    iterations           | 196         |
|    time_elapsed         | 1669        |
|    total_timesteps      | 301056      |
| train/                  |             |
|    approx_kl            | 0.002476938 |
|    clip_fraction        | 0.0104      |
|    clip_range           | 0.2         |
|    entropy_loss         | -0.347      |
|    explained_variance   | 0.788       |
|    learning_rate        | 0.0003      |
|    loss                 | 3.09        |
|    n_updates            | 1950        |
|    policy_gradient_loss | -0.0014     |
|    value_loss           | 8.77        |
-----------------------------------------
------------------------------------------
| time/                   |              |
|    fps                  | 180          |
|    iterations           | 197          |
|    time_elapsed         | 1678         |
|    total_timesteps      | 302592       |
| train/                  |              |
|    approx_kl            | 0.0016066212 |
|    clip_fraction        | 0.0215       |
|    clip_range           | 0.2          |
|    entropy_loss         | -0.286       |
|    explained_variance   | 0.922        |
|    learning_rate        | 0.0003       |
|    loss                 | 10.5         |
|    n_updates            | 1960         |
|    policy_gradient_loss | -0.00226     |
|    value_loss           | 7.88         |
------------------------------------------
------------------------------------------
| time/                   |              |
|    fps                  | 180          |
|    iterations           | 198          |
|    time_elapsed         | 1687         |
|    total_timesteps      | 304128       |
| train/                  |              |
|    approx_kl            | 0.0010346436 |
|    clip_fraction        | 0.0193       |
|    clip_range           | 0.2          |
|    entropy_loss         | -0.29        |
|    explained_variance   | 0.911        |
|    learning_rate        | 0.0003       |
|    loss                 | 1.98         |
|    n_updates            | 1970         |
|    policy_gradient_loss | -0.000753    |
|    value_loss           | 8.39         |
------------------------------------------
  step  305061/500000 ( 61.0%)  mean_rew=-0.012
------------------------------------------
| time/                   |              |
|    fps                  | 180          |
|    iterations           | 199          |
|    time_elapsed         | 1695         |
|    total_timesteps      | 305664       |
| train/                  |              |
|    approx_kl            | 0.0021329196 |
|    clip_fraction        | 0.0271       |
|    clip_range           | 0.2          |
|    entropy_loss         | -0.298       |
|    explained_variance   | 0.971        |
|    learning_rate        | 0.0003       |
|    loss                 | 0.94         |
|    n_updates            | 1980         |
|    policy_gradient_loss | -0.00208     |
|    value_loss           | 2.15         |
------------------------------------------
-------------------------------------------
| time/                   |               |
|    fps                  | 180           |
|    iterations           | 200           |
|    time_elapsed         | 1704          |
|    total_timesteps      | 307200        |
| train/                  |               |
|    approx_kl            | 0.00075257063 |
|    clip_fraction        | 0.00749       |
|    clip_range           | 0.2           |
|    entropy_loss         | -0.302        |
|    explained_variance   | 0.901         |
|    learning_rate        | 0.0003        |
|    loss                 | 9.81          |
|    n_updates            | 1990          |
|    policy_gradient_loss | -0.000532     |
|    value_loss           | 10            |
-------------------------------------------
------------------------------------------
| time/                   |              |
|    fps                  | 180          |
|    iterations           | 201          |
|    time_elapsed         | 1714         |
|    total_timesteps      | 308736       |
| train/                  |              |
|    approx_kl            | 0.0010124235 |
|    clip_fraction        | 0.0228       |
|    clip_range           | 0.2          |
|    entropy_loss         | -0.249       |
|    explained_variance   | 0.928        |
|    learning_rate        | 0.0003       |
|    loss                 | 9.83         |
|    n_updates            | 2000         |
|    policy_gradient_loss | -0.00175     |
|    value_loss           | 10.2         |
------------------------------------------
  step  310062/500000 ( 62.0%)  mean_rew=-0.241
------------------------------------------
| time/                   |              |
|    fps                  | 180          |
|    iterations           | 202          |
|    time_elapsed         | 1722         |
|    total_timesteps      | 310272       |
| train/                  |              |
|    approx_kl            | 0.0012758457 |
|    clip_fraction        | 0.0309       |
|    clip_range           | 0.2          |
|    entropy_loss         | -0.327       |
|    explained_variance   | 0.981        |
|    learning_rate        | 0.0003       |
|    loss                 | 1.75         |
|    n_updates            | 2010         |
|    policy_gradient_loss | -0.00131     |
|    value_loss           | 1.79         |
------------------------------------------
-----------------------------------------
| time/                   |             |
|    fps                  | 180         |
|    iterations           | 203         |
|    time_elapsed         | 1729        |
|    total_timesteps      | 311808      |
| train/                  |             |
|    approx_kl            | 0.002881063 |
|    clip_fraction        | 0.0225      |
|    clip_range           | 0.2         |
|    entropy_loss         | -0.287      |
|    explained_variance   | 0.905       |
|    learning_rate        | 0.0003      |
|    loss                 | 6.84        |
|    n_updates            | 2020        |
|    policy_gradient_loss | -0.00153    |
|    value_loss           | 11.1        |
-----------------------------------------
-------------------------------------------
| time/                   |               |
|    fps                  | 180           |
|    iterations           | 204           |
|    time_elapsed         | 1737          |
|    total_timesteps      | 313344        |
| train/                  |               |
|    approx_kl            | 0.00076678937 |
|    clip_fraction        | 0.00241       |
|    clip_range           | 0.2           |
|    entropy_loss         | -0.215        |
|    explained_variance   | 0.93          |
|    learning_rate        | 0.0003        |
|    loss                 | 4.92          |
|    n_updates            | 2030          |
|    policy_gradient_loss | -8.55e-05     |
|    value_loss           | 11.3          |
-------------------------------------------
------------------------------------------
| time/                   |              |
|    fps                  | 180          |
|    iterations           | 205          |
|    time_elapsed         | 1746         |
|    total_timesteps      | 314880       |
| train/                  |              |
|    approx_kl            | 0.0015023621 |
|    clip_fraction        | 0.0208       |
|    clip_range           | 0.2          |
|    entropy_loss         | -0.249       |
|    explained_variance   | 0.908        |
|    learning_rate        | 0.0003       |
|    loss                 | 5.57         |
|    n_updates            | 2040         |
|    policy_gradient_loss | -0.00111     |
|    value_loss           | 11.4         |
------------------------------------------
  step  315063/500000 ( 63.0%)  mean_rew=-0.339
------------------------------------------
| time/                   |              |
|    fps                  | 180          |
|    iterations           | 206          |
|    time_elapsed         | 1755         |
|    total_timesteps      | 316416       |
| train/                  |              |
|    approx_kl            | 0.0019067377 |
|    clip_fraction        | 0.0104       |
|    clip_range           | 0.2          |
|    entropy_loss         | -0.256       |
|    explained_variance   | 0.981        |
|    learning_rate        | 0.0003       |
|    loss                 | 0.825        |
|    n_updates            | 2050         |
|    policy_gradient_loss | -8.89e-05    |
|    value_loss           | 2            |
------------------------------------------
------------------------------------------
| time/                   |              |
|    fps                  | 180          |
|    iterations           | 207          |
|    time_elapsed         | 1764         |
|    total_timesteps      | 317952       |
| train/                  |              |
|    approx_kl            | 0.0025493714 |
|    clip_fraction        | 0.0182       |
|    clip_range           | 0.2          |
|    entropy_loss         | -0.249       |
|    explained_variance   | 0.906        |
|    learning_rate        | 0.0003       |
|    loss                 | 7.25         |
|    n_updates            | 2060         |
|    policy_gradient_loss | -0.00104     |
|    value_loss           | 11.8         |
------------------------------------------
------------------------------------------
| time/                   |              |
|    fps                  | 179          |
|    iterations           | 208          |
|    time_elapsed         | 1775         |
|    total_timesteps      | 319488       |
| train/                  |              |
|    approx_kl            | 0.0005442105 |
|    clip_fraction        | 0.000911     |
|    clip_range           | 0.2          |
|    entropy_loss         | -0.178       |
|    explained_variance   | 0.924        |
|    learning_rate        | 0.0003       |
|    loss                 | 7.22         |
|    n_updates            | 2070         |
|    policy_gradient_loss | -9.66e-05    |
|    value_loss           | 12.1         |
------------------------------------------
  step  320064/500000 ( 64.0%)  mean_rew=-0.005
------------------------------------------
| time/                   |              |
|    fps                  | 180          |
|    iterations           | 209          |
|    time_elapsed         | 1780         |
|    total_timesteps      | 321024       |
| train/                  |              |
|    approx_kl            | 0.0015515507 |
|    clip_fraction        | 0.0102       |
|    clip_range           | 0.2          |
|    entropy_loss         | -0.185       |
|    explained_variance   | 0.985        |
|    learning_rate        | 0.0003       |
|    loss                 | 0.416        |
|    n_updates            | 2080         |
|    policy_gradient_loss | -0.000731    |
|    value_loss           | 1.38         |
------------------------------------------
------------------------------------------
| time/                   |              |
|    fps                  | 180          |
|    iterations           | 210          |
|    time_elapsed         | 1788         |
|    total_timesteps      | 322560       |
| train/                  |              |
|    approx_kl            | 0.0004601579 |
|    clip_fraction        | 0.0165       |
|    clip_range           | 0.2          |
|    entropy_loss         | -0.232       |
|    explained_variance   | 0.864        |
|    learning_rate        | 0.0003       |
|    loss                 | 7.78         |
|    n_updates            | 2090         |
|    policy_gradient_loss | -0.00039     |
|    value_loss           | 10.3         |
------------------------------------------
------------------------------------------
| time/                   |              |
|    fps                  | 180          |
|    iterations           | 211          |
|    time_elapsed         | 1799         |
|    total_timesteps      | 324096       |
| train/                  |              |
|    approx_kl            | 0.0018854825 |
|    clip_fraction        | 0.00801      |
|    clip_range           | 0.2          |
|    entropy_loss         | -0.18        |
|    explained_variance   | 0.907        |
|    learning_rate        | 0.0003       |
|    loss                 | 7.8          |
|    n_updates            | 2100         |
|    policy_gradient_loss | -0.000286    |
|    value_loss           | 10.7         |
------------------------------------------
  step  325065/500000 ( 65.0%)  mean_rew=-0.165
-----------------------------------------
| time/                   |             |
|    fps                  | 180         |
|    iterations           | 212         |
|    time_elapsed         | 1808        |
|    total_timesteps      | 325632      |
| train/                  |             |
|    approx_kl            | 0.000671932 |
|    clip_fraction        | 0.0106      |
|    clip_range           | 0.2         |
|    entropy_loss         | -0.11       |
|    explained_variance   | 0.903       |
|    learning_rate        | 0.0003      |
|    loss                 | 6.69        |
|    n_updates            | 2110        |
|    policy_gradient_loss | -0.00079    |
|    value_loss           | 11.1        |
-----------------------------------------
------------------------------------------
| time/                   |              |
|    fps                  | 180          |
|    iterations           | 213          |
|    time_elapsed         | 1816         |
|    total_timesteps      | 327168       |
| train/                  |              |
|    approx_kl            | 0.0011340223 |
|    clip_fraction        | 0.00729      |
|    clip_range           | 0.2          |
|    entropy_loss         | -0.186       |
|    explained_variance   | 0.988        |
|    learning_rate        | 0.0003       |
|    loss                 | 0.567        |
|    n_updates            | 2120         |
|    policy_gradient_loss | -0.000552    |
|    value_loss           | 1.15         |
------------------------------------------
-------------------------------------------
| time/                   |               |
|    fps                  | 179           |
|    iterations           | 214           |
|    time_elapsed         | 1826          |
|    total_timesteps      | 328704        |
| train/                  |               |
|    approx_kl            | 0.00068523985 |
|    clip_fraction        | 0.00104       |
|    clip_range           | 0.2           |
|    entropy_loss         | -0.196        |
|    explained_variance   | 0.906         |
|    learning_rate        | 0.0003        |
|    loss                 | 9.97          |
|    n_updates            | 2130          |
|    policy_gradient_loss | -0.000269     |
|    value_loss           | 12.2          |
-------------------------------------------
  step  330066/500000 ( 66.0%)  mean_rew=-0.342
-------------------------------------------
| time/                   |               |
|    fps                  | 179           |
|    iterations           | 215           |
|    time_elapsed         | 1835          |
|    total_timesteps      | 330240        |
| train/                  |               |
|    approx_kl            | 6.0885952e-05 |
|    clip_fraction        | 0.000586      |
|    clip_range           | 0.2           |
|    entropy_loss         | -0.113        |
|    explained_variance   | 0.928         |
|    learning_rate        | 0.0003        |
|    loss                 | 5.93          |
|    n_updates            | 2140          |
|    policy_gradient_loss | -9.85e-05     |
|    value_loss           | 12.9          |
-------------------------------------------
------------------------------------------
| time/                   |              |
|    fps                  | 180          |
|    iterations           | 216          |
|    time_elapsed         | 1842         |
|    total_timesteps      | 331776       |
| train/                  |              |
|    approx_kl            | 0.0013683607 |
|    clip_fraction        | 0.00885      |
|    clip_range           | 0.2          |
|    entropy_loss         | -0.178       |
|    explained_variance   | 0.983        |
|    learning_rate        | 0.0003       |
|    loss                 | 0.736        |
|    n_updates            | 2150         |
|    policy_gradient_loss | -0.000708    |
|    value_loss           | 2.29         |
------------------------------------------
------------------------------------------
| time/                   |              |
|    fps                  | 180          |
|    iterations           | 217          |
|    time_elapsed         | 1851         |
|    total_timesteps      | 333312       |
| train/                  |              |
|    approx_kl            | 0.0021399728 |
|    clip_fraction        | 0.0268       |
|    clip_range           | 0.2          |
|    entropy_loss         | -0.18        |
|    explained_variance   | 0.897        |
|    learning_rate        | 0.0003       |
|    loss                 | 5.37         |
|    n_updates            | 2160         |
|    policy_gradient_loss | -0.00178     |
|    value_loss           | 12.2         |
------------------------------------------
-------------------------------------------
| time/                   |               |
|    fps                  | 179           |
|    iterations           | 218           |
|    time_elapsed         | 1861          |
|    total_timesteps      | 334848        |
| train/                  |               |
|    approx_kl            | 0.00016579921 |
|    clip_fraction        | 0.00306       |
|    clip_range           | 0.2           |
|    entropy_loss         | -0.145        |
|    explained_variance   | 0.932         |
|    learning_rate        | 0.0003        |
|    loss                 | 10.4          |
|    n_updates            | 2170          |
|    policy_gradient_loss | 0.000172      |
|    value_loss           | 12            |
-------------------------------------------
  step  335067/500000 ( 67.0%)  mean_rew=-0.005
-------------------------------------------
| time/                   |               |
|    fps                  | 179           |
|    iterations           | 219           |
|    time_elapsed         | 1869          |
|    total_timesteps      | 336384        |
| train/                  |               |
|    approx_kl            | 0.00048971135 |
|    clip_fraction        | 0.00104       |
|    clip_range           | 0.2           |
|    entropy_loss         | -0.142        |
|    explained_variance   | 0.897         |
|    learning_rate        | 0.0003        |
|    loss                 | 8.56          |
|    n_updates            | 2180          |
|    policy_gradient_loss | -0.00029      |
|    value_loss           | 13.2          |
-------------------------------------------
-------------------------------------------
| time/                   |               |
|    fps                  | 180           |
|    iterations           | 220           |
|    time_elapsed         | 1875          |
|    total_timesteps      | 337920        |
| train/                  |               |
|    approx_kl            | 0.00033602116 |
|    clip_fraction        | 0.0115        |
|    clip_range           | 0.2           |
|    entropy_loss         | -0.191        |
|    explained_variance   | 0.982         |
|    learning_rate        | 0.0003        |
|    loss                 | 0.943         |
|    n_updates            | 2190          |
|    policy_gradient_loss | -0.000479     |
|    value_loss           | 2.07          |
-------------------------------------------
------------------------------------------
| time/                   |              |
|    fps                  | 180          |
|    iterations           | 221          |
|    time_elapsed         | 1883         |
|    total_timesteps      | 339456       |
| train/                  |              |
|    approx_kl            | 0.0011406835 |
|    clip_fraction        | 0.00892      |
|    clip_range           | 0.2          |
|    entropy_loss         | -0.143       |
|    explained_variance   | 0.922        |
|    learning_rate        | 0.0003       |
|    loss                 | 5.84         |
|    n_updates            | 2200         |
|    policy_gradient_loss | -0.000179    |
|    value_loss           | 12.1         |
------------------------------------------
  step  340068/500000 ( 68.0%)  mean_rew=-0.058
-------------------------------------------
| time/                   |               |
|    fps                  | 180           |
|    iterations           | 222           |
|    time_elapsed         | 1889          |
|    total_timesteps      | 340992        |
| train/                  |               |
|    approx_kl            | 0.00076115225 |
|    clip_fraction        | 0.00384       |
|    clip_range           | 0.2           |
|    entropy_loss         | -0.159        |
|    explained_variance   | 0.91          |
|    learning_rate        | 0.0003        |
|    loss                 | 5.87          |
|    n_updates            | 2210          |
|    policy_gradient_loss | -0.000431     |
|    value_loss           | 12.2          |
-------------------------------------------
------------------------------------------
| time/                   |              |
|    fps                  | 180          |
|    iterations           | 223          |
|    time_elapsed         | 1893         |
|    total_timesteps      | 342528       |
| train/                  |              |
|    approx_kl            | 0.0003362746 |
|    clip_fraction        | 0.012        |
|    clip_range           | 0.2          |
|    entropy_loss         | -0.181       |
|    explained_variance   | 0.982        |
|    learning_rate        | 0.0003       |
|    loss                 | 0.675        |
|    n_updates            | 2220         |
|    policy_gradient_loss | 0.000144     |
|    value_loss           | 1.32         |
------------------------------------------
------------------------------------------
| time/                   |              |
|    fps                  | 181          |
|    iterations           | 224          |
|    time_elapsed         | 1900         |
|    total_timesteps      | 344064       |
| train/                  |              |
|    approx_kl            | 0.0012900037 |
|    clip_fraction        | 0.0125       |
|    clip_range           | 0.2          |
|    entropy_loss         | -0.168       |
|    explained_variance   | 0.855        |
|    learning_rate        | 0.0003       |
|    loss                 | 3.56         |
|    n_updates            | 2230         |
|    policy_gradient_loss | -0.000336    |
|    value_loss           | 9.57         |
------------------------------------------
  step  345069/500000 ( 69.0%)  mean_rew=-0.334
------------------------------------------
| time/                   |              |
|    fps                  | 180          |
|    iterations           | 225          |
|    time_elapsed         | 1911         |
|    total_timesteps      | 345600       |
| train/                  |              |
|    approx_kl            | 0.0023772924 |
|    clip_fraction        | 0.0109       |
|    clip_range           | 0.2          |
|    entropy_loss         | -0.163       |
|    explained_variance   | 0.909        |
|    learning_rate        | 0.0003       |
|    loss                 | 4.83         |
|    n_updates            | 2240         |
|    policy_gradient_loss | -0.000439    |
|    value_loss           | 8.31         |
------------------------------------------
------------------------------------------
| time/                   |              |
|    fps                  | 180          |
|    iterations           | 226          |
|    time_elapsed         | 1918         |
|    total_timesteps      | 347136       |
| train/                  |              |
|    approx_kl            | 0.0012294155 |
|    clip_fraction        | 0.0117       |
|    clip_range           | 0.2          |
|    entropy_loss         | -0.0997      |
|    explained_variance   | 0.89         |
|    learning_rate        | 0.0003       |
|    loss                 | 6.64         |
|    n_updates            | 2250         |
|    policy_gradient_loss | -0.000387    |
|    value_loss           | 9.52         |
------------------------------------------
------------------------------------------
| time/                   |              |
|    fps                  | 180          |
|    iterations           | 227          |
|    time_elapsed         | 1927         |
|    total_timesteps      | 348672       |
| train/                  |              |
|    approx_kl            | 0.0009775736 |
|    clip_fraction        | 0.00534      |
|    clip_range           | 0.2          |
|    entropy_loss         | -0.16        |
|    explained_variance   | 0.984        |
|    learning_rate        | 0.0003       |
|    loss                 | 0.531        |
|    n_updates            | 2260         |
|    policy_gradient_loss | -3.53e-05    |
|    value_loss           | 1.25         |
------------------------------------------
  step  350070/500000 ( 70.0%)  mean_rew=-0.085
-----------------------------------------
| time/                   |             |
|    fps                  | 180         |
|    iterations           | 228         |
|    time_elapsed         | 1937        |
|    total_timesteps      | 350208      |
| train/                  |             |
|    approx_kl            | 0.000819032 |
|    clip_fraction        | 0.0105      |
|    clip_range           | 0.2         |
|    entropy_loss         | -0.163      |
|    explained_variance   | 0.914       |
|    learning_rate        | 0.0003      |
|    loss                 | 4.11        |
|    n_updates            | 2270        |
|    policy_gradient_loss | -0.000252   |
|    value_loss           | 10.5        |
-----------------------------------------
-------------------------------------------
| time/                   |               |
|    fps                  | 181           |
|    iterations           | 229           |
|    time_elapsed         | 1940          |
|    total_timesteps      | 351744        |
| train/                  |               |
|    approx_kl            | 9.3835406e-05 |
|    clip_fraction        | 0.000846      |
|    clip_range           | 0.2           |
|    entropy_loss         | -0.0641       |
|    explained_variance   | 0.925         |
|    learning_rate        | 0.0003        |
|    loss                 | 5.69          |
|    n_updates            | 2280          |
|    policy_gradient_loss | -6.52e-05     |
|    value_loss           | 11.1          |
-------------------------------------------
------------------------------------------
| time/                   |              |
|    fps                  | 181          |
|    iterations           | 230          |
|    time_elapsed         | 1946         |
|    total_timesteps      | 353280       |
| train/                  |              |
|    approx_kl            | 0.0013926713 |
|    clip_fraction        | 0.0231       |
|    clip_range           | 0.2          |
|    entropy_loss         | -0.193       |
|    explained_variance   | 0.925        |
|    learning_rate        | 0.0003       |
|    loss                 | 0.635        |
|    n_updates            | 2290         |
|    policy_gradient_loss | 0.000586     |
|    value_loss           | 0.633        |
------------------------------------------
------------------------------------------
| time/                   |              |
|    fps                  | 181          |
|    iterations           | 231          |
|    time_elapsed         | 1955         |
|    total_timesteps      | 354816       |
| train/                  |              |
|    approx_kl            | 0.0014273017 |
|    clip_fraction        | 0.0224       |
|    clip_range           | 0.2          |
|    entropy_loss         | -0.2         |
|    explained_variance   | 0.913        |
|    learning_rate        | 0.0003       |
|    loss                 | 2.48         |
|    n_updates            | 2300         |
|    policy_gradient_loss | 0.00043      |
|    value_loss           | 6.95         |
------------------------------------------
  step  355071/500000 ( 71.0%)  mean_rew=-0.066
------------------------------------------
| time/                   |              |
|    fps                  | 181          |
|    iterations           | 232          |
|    time_elapsed         | 1965         |
|    total_timesteps      | 356352       |
| train/                  |              |
|    approx_kl            | 7.945482e-05 |
|    clip_fraction        | 6.51e-05     |
|    clip_range           | 0.2          |
|    entropy_loss         | -0.0871      |
|    explained_variance   | 0.933        |
|    learning_rate        | 0.0003       |
|    loss                 | 3.69         |
|    n_updates            | 2310         |
|    policy_gradient_loss | -0.000103    |
|    value_loss           | 11.4         |
------------------------------------------
------------------------------------------
| time/                   |              |
|    fps                  | 181          |
|    iterations           | 233          |
|    time_elapsed         | 1970         |
|    total_timesteps      | 357888       |
| train/                  |              |
|    approx_kl            | 0.0009943387 |
|    clip_fraction        | 0.015        |
|    clip_range           | 0.2          |
|    entropy_loss         | -0.0813      |
|    explained_variance   | 0.984        |
|    learning_rate        | 0.0003       |
|    loss                 | 0.617        |
|    n_updates            | 2320         |
|    policy_gradient_loss | -0.00183     |
|    value_loss           | 1.92         |
------------------------------------------
-------------------------------------------
| time/                   |               |
|    fps                  | 181           |
|    iterations           | 234           |
|    time_elapsed         | 1978          |
|    total_timesteps      | 359424        |
| train/                  |               |
|    approx_kl            | 6.0823706e-05 |
|    clip_fraction        | 0             |
|    clip_range           | 0.2           |
|    entropy_loss         | -0.155        |
|    explained_variance   | 0.818         |
|    learning_rate        | 0.0003        |
|    loss                 | 8.28          |
|    n_updates            | 2330          |
|    policy_gradient_loss | -1.95e-05     |
|    value_loss           | 9.23          |
-------------------------------------------
  step  360072/500000 ( 72.0%)  mean_rew=-0.323
------------------------------------------
| time/                   |              |
|    fps                  | 181          |
|    iterations           | 235          |
|    time_elapsed         | 1988         |
|    total_timesteps      | 360960       |
| train/                  |              |
|    approx_kl            | 0.0016175994 |
|    clip_fraction        | 0.0239       |
|    clip_range           | 0.2          |
|    entropy_loss         | -0.117       |
|    explained_variance   | 0.906        |
|    learning_rate        | 0.0003       |
|    loss                 | 3.09         |
|    n_updates            | 2340         |
|    policy_gradient_loss | -0.000996    |
|    value_loss           | 9.66         |
------------------------------------------
-------------------------------------------
| time/                   |               |
|    fps                  | 181           |
|    iterations           | 236           |
|    time_elapsed         | 1995          |
|    total_timesteps      | 362496        |
| train/                  |               |
|    approx_kl            | 3.6932295e-05 |
|    clip_fraction        | 0             |
|    clip_range           | 0.2           |
|    entropy_loss         | -0.0393       |
|    explained_variance   | 0.917         |
|    learning_rate        | 0.0003        |
|    loss                 | 5.05          |
|    n_updates            | 2350          |
|    policy_gradient_loss | -8.41e-05     |
|    value_loss           | 9.94          |
-------------------------------------------
-------------------------------------------
| time/                   |               |
|    fps                  | 181           |
|    iterations           | 237           |
|    time_elapsed         | 2000          |
|    total_timesteps      | 364032        |
| train/                  |               |
|    approx_kl            | 0.00013695117 |
|    clip_fraction        | 0.00313       |
|    clip_range           | 0.2           |
|    entropy_loss         | -0.118        |
|    explained_variance   | 0.983         |
|    learning_rate        | 0.0003        |
|    loss                 | 1.25          |
|    n_updates            | 2360          |
|    policy_gradient_loss | -0.000524     |
|    value_loss           | 1.58          |
-------------------------------------------
  step  365073/500000 ( 73.0%)  mean_rew=-0.210
------------------------------------------
| time/                   |              |
|    fps                  | 182          |
|    iterations           | 238          |
|    time_elapsed         | 2006         |
|    total_timesteps      | 365568       |
| train/                  |              |
|    approx_kl            | 0.0010354109 |
|    clip_fraction        | 0.00573      |
|    clip_range           | 0.2          |
|    entropy_loss         | -0.097       |
|    explained_variance   | 0.888        |
|    learning_rate        | 0.0003       |
|    loss                 | 2.65         |
|    n_updates            | 2370         |
|    policy_gradient_loss | -0.000521    |
|    value_loss           | 9.07         |
------------------------------------------
------------------------------------------
| time/                   |              |
|    fps                  | 182          |
|    iterations           | 239          |
|    time_elapsed         | 2017         |
|    total_timesteps      | 367104       |
| train/                  |              |
|    approx_kl            | 0.0010527599 |
|    clip_fraction        | 0.00703      |
|    clip_range           | 0.2          |
|    entropy_loss         | -0.13        |
|    explained_variance   | 0.881        |
|    learning_rate        | 0.0003       |
|    loss                 | 2.47         |
|    n_updates            | 2380         |
|    policy_gradient_loss | -0.000145    |
|    value_loss           | 8.66         |
------------------------------------------
------------------------------------------
| time/                   |              |
|    fps                  | 182          |
|    iterations           | 240          |
|    time_elapsed         | 2025         |
|    total_timesteps      | 368640       |
| train/                  |              |
|    approx_kl            | 0.0005770116 |
|    clip_fraction        | 0.00313      |
|    clip_range           | 0.2          |
|    entropy_loss         | -0.0841      |
|    explained_variance   | 0.973        |
|    learning_rate        | 0.0003       |
|    loss                 | 0.415        |
|    n_updates            | 2390         |
|    policy_gradient_loss | -0.000204    |
|    value_loss           | 1.6          |
------------------------------------------
  step  370074/500000 ( 74.0%)  mean_rew=-0.026
------------------------------------------
| time/                   |              |
|    fps                  | 182          |
|    iterations           | 241          |
|    time_elapsed         | 2032         |
|    total_timesteps      | 370176       |
| train/                  |              |
|    approx_kl            | 0.0018347861 |
|    clip_fraction        | 0.0212       |
|    clip_range           | 0.2          |
|    entropy_loss         | -0.116       |
|    explained_variance   | 0.907        |
|    learning_rate        | 0.0003       |
|    loss                 | 3.27         |
|    n_updates            | 2400         |
|    policy_gradient_loss | -0.000836    |
|    value_loss           | 9.3          |
------------------------------------------
-------------------------------------------
| time/                   |               |
|    fps                  | 181           |
|    iterations           | 242           |
|    time_elapsed         | 2042          |
|    total_timesteps      | 371712        |
| train/                  |               |
|    approx_kl            | 0.00084573595 |
|    clip_fraction        | 0.00462       |
|    clip_range           | 0.2           |
|    entropy_loss         | -0.107        |
|    explained_variance   | 0.922         |
|    learning_rate        | 0.0003        |
|    loss                 | 1.92          |
|    n_updates            | 2410          |
|    policy_gradient_loss | -0.000315     |
|    value_loss           | 9.72          |
-------------------------------------------
-------------------------------------------
| time/                   |               |
|    fps                  | 181           |
|    iterations           | 243           |
|    time_elapsed         | 2051          |
|    total_timesteps      | 373248        |
| train/                  |               |
|    approx_kl            | 0.00018865713 |
|    clip_fraction        | 0.00111       |
|    clip_range           | 0.2           |
|    entropy_loss         | -0.0663       |
|    explained_variance   | 0.916         |
|    learning_rate        | 0.0003        |
|    loss                 | 3.27          |
|    n_updates            | 2420          |
|    policy_gradient_loss | -0.000121     |
|    value_loss           | 9.85          |
-------------------------------------------
------------------------------------------
| time/                   |              |
|    fps                  | 182          |
|    iterations           | 244          |
|    time_elapsed         | 2058         |
|    total_timesteps      | 374784       |
| train/                  |              |
|    approx_kl            | 0.0014342502 |
|    clip_fraction        | 0.00521      |
|    clip_range           | 0.2          |
|    entropy_loss         | -0.111       |
|    explained_variance   | 0.983        |
|    learning_rate        | 0.0003       |
|    loss                 | 0.992        |
|    n_updates            | 2430         |
|    policy_gradient_loss | -0.000103    |
|    value_loss           | 1.86         |
------------------------------------------
  step  375075/500000 ( 75.0%)  mean_rew=-0.249
------------------------------------------
| time/                   |              |
|    fps                  | 182          |
|    iterations           | 245          |
|    time_elapsed         | 2067         |
|    total_timesteps      | 376320       |
| train/                  |              |
|    approx_kl            | 0.0006305362 |
|    clip_fraction        | 0.00156      |
|    clip_range           | 0.2          |
|    entropy_loss         | -0.119       |
|    explained_variance   | 0.916        |
|    learning_rate        | 0.0003       |
|    loss                 | 6.07         |
|    n_updates            | 2440         |
|    policy_gradient_loss | -0.000162    |
|    value_loss           | 10.9         |
------------------------------------------
-------------------------------------------
| time/                   |               |
|    fps                  | 181           |
|    iterations           | 246           |
|    time_elapsed         | 2077          |
|    total_timesteps      | 377856        |
| train/                  |               |
|    approx_kl            | 0.00033212418 |
|    clip_fraction        | 0.00104       |
|    clip_range           | 0.2           |
|    entropy_loss         | -0.0667       |
|    explained_variance   | 0.929         |
|    learning_rate        | 0.0003        |
|    loss                 | 6.87          |
|    n_updates            | 2450          |
|    policy_gradient_loss | -5.27e-05     |
|    value_loss           | 11.3          |
-------------------------------------------
-------------------------------------------
| time/                   |               |
|    fps                  | 182           |
|    iterations           | 247           |
|    time_elapsed         | 2084          |
|    total_timesteps      | 379392        |
| train/                  |               |
|    approx_kl            | 0.00046752047 |
|    clip_fraction        | 0.00313       |
|    clip_range           | 0.2           |
|    entropy_loss         | -0.0655       |
|    explained_variance   | 0.986         |
|    learning_rate        | 0.0003        |
|    loss                 | 0.597         |
|    n_updates            | 2460          |
|    policy_gradient_loss | -9.54e-05     |
|    value_loss           | 1.28          |
-------------------------------------------
  step  380076/500000 ( 76.0%)  mean_rew=-0.342
------------------------------------------
| time/                   |              |
|    fps                  | 182          |
|    iterations           | 248          |
|    time_elapsed         | 2092         |
|    total_timesteps      | 380928       |
| train/                  |              |
|    approx_kl            | 0.0002559879 |
|    clip_fraction        | 0.000977     |
|    clip_range           | 0.2          |
|    entropy_loss         | -0.135       |
|    explained_variance   | 0.899        |
|    learning_rate        | 0.0003       |
|    loss                 | 2.52         |
|    n_updates            | 2470         |
|    policy_gradient_loss | -0.00028     |
|    value_loss           | 11.3         |
------------------------------------------
------------------------------------------
| time/                   |              |
|    fps                  | 181          |
|    iterations           | 249          |
|    time_elapsed         | 2102         |
|    total_timesteps      | 382464       |
| train/                  |              |
|    approx_kl            | 0.0008038653 |
|    clip_fraction        | 0.00182      |
|    clip_range           | 0.2          |
|    entropy_loss         | -0.0981      |
|    explained_variance   | 0.927        |
|    learning_rate        | 0.0003       |
|    loss                 | 8.18         |
|    n_updates            | 2480         |
|    policy_gradient_loss | -2.9e-05     |
|    value_loss           | 11.1         |
------------------------------------------
-------------------------------------------
| time/                   |               |
|    fps                  | 181           |
|    iterations           | 250           |
|    time_elapsed         | 2111          |
|    total_timesteps      | 384000        |
| train/                  |               |
|    approx_kl            | 0.00016667166 |
|    clip_fraction        | 0.00013       |
|    clip_range           | 0.2           |
|    entropy_loss         | -0.0429       |
|    explained_variance   | 0.911         |
|    learning_rate        | 0.0003        |
|    loss                 | 4.16          |
|    n_updates            | 2490          |
|    policy_gradient_loss | -9.87e-05     |
|    value_loss           | 12.2          |
-------------------------------------------
  step  385077/500000 ( 77.0%)  mean_rew=-0.011
------------------------------------------
| time/                   |              |
|    fps                  | 181          |
|    iterations           | 251          |
|    time_elapsed         | 2118         |
|    total_timesteps      | 385536       |
| train/                  |              |
|    approx_kl            | 0.0006545996 |
|    clip_fraction        | 0.0101       |
|    clip_range           | 0.2          |
|    entropy_loss         | -0.0898      |
|    explained_variance   | 0.989        |
|    learning_rate        | 0.0003       |
|    loss                 | 0.424        |
|    n_updates            | 2500         |
|    policy_gradient_loss | -8.5e-05     |
|    value_loss           | 1.28         |
------------------------------------------
------------------------------------------
| time/                   |              |
|    fps                  | 181          |
|    iterations           | 252          |
|    time_elapsed         | 2127         |
|    total_timesteps      | 387072       |
| train/                  |              |
|    approx_kl            | 0.0011683599 |
|    clip_fraction        | 0.00723      |
|    clip_range           | 0.2          |
|    entropy_loss         | -0.117       |
|    explained_variance   | 0.915        |
|    learning_rate        | 0.0003       |
|    loss                 | 5.09         |
|    n_updates            | 2510         |
|    policy_gradient_loss | -0.000182    |
|    value_loss           | 12.2         |
------------------------------------------
------------------------------------------
| time/                   |              |
|    fps                  | 181          |
|    iterations           | 253          |
|    time_elapsed         | 2138         |
|    total_timesteps      | 388608       |
| train/                  |              |
|    approx_kl            | 0.0006987869 |
|    clip_fraction        | 0.00228      |
|    clip_range           | 0.2          |
|    entropy_loss         | -0.069       |
|    explained_variance   | 0.926        |
|    learning_rate        | 0.0003       |
|    loss                 | 5.58         |
|    n_updates            | 2520         |
|    policy_gradient_loss | -0.000169    |
|    value_loss           | 12.2         |
------------------------------------------
  step  390078/500000 ( 78.0%)  mean_rew=-0.208
------------------------------------------
| time/                   |              |
|    fps                  | 181          |
|    iterations           | 254          |
|    time_elapsed         | 2145         |
|    total_timesteps      | 390144       |
| train/                  |              |
|    approx_kl            | 0.0002537601 |
|    clip_fraction        | 0.00299      |
|    clip_range           | 0.2          |
|    entropy_loss         | -0.0429      |
|    explained_variance   | 0.988        |
|    learning_rate        | 0.0003       |
|    loss                 | 0.603        |
|    n_updates            | 2530         |
|    policy_gradient_loss | -0.000224    |
|    value_loss           | 1.34         |
------------------------------------------
-------------------------------------------
| time/                   |               |
|    fps                  | 181           |
|    iterations           | 255           |
|    time_elapsed         | 2153          |
|    total_timesteps      | 391680        |
| train/                  |               |
|    approx_kl            | 0.00063349673 |
|    clip_fraction        | 0.000326      |
|    clip_range           | 0.2           |
|    entropy_loss         | -0.103        |
|    explained_variance   | 0.899         |
|    learning_rate        | 0.0003        |
|    loss                 | 8.07          |
|    n_updates            | 2540          |
|    policy_gradient_loss | -6.17e-05     |
|    value_loss           | 11.9          |
-------------------------------------------
--------------------------------------------
| time/                   |                |
|    fps                  | 181            |
|    iterations           | 256            |
|    time_elapsed         | 2160           |
|    total_timesteps      | 393216         |
| train/                  |                |
|    approx_kl            | 1.20351715e-05 |
|    clip_fraction        | 0              |
|    clip_range           | 0.2            |
|    entropy_loss         | -0.0515        |
|    explained_variance   | 0.936          |
|    learning_rate        | 0.0003         |
|    loss                 | 2.78           |
|    n_updates            | 2550           |
|    policy_gradient_loss | -1.62e-06      |
|    value_loss           | 11.1           |
--------------------------------------------
-------------------------------------------
| time/                   |               |
|    fps                  | 181           |
|    iterations           | 257           |
|    time_elapsed         | 2169          |
|    total_timesteps      | 394752        |
| train/                  |               |
|    approx_kl            | 0.00065819203 |
|    clip_fraction        | 0.00371       |
|    clip_range           | 0.2           |
|    entropy_loss         | -0.0873       |
|    explained_variance   | 0.905         |
|    learning_rate        | 0.0003        |
|    loss                 | 8.31          |
|    n_updates            | 2560          |
|    policy_gradient_loss | -0.000598     |
|    value_loss           | 11.2          |
-------------------------------------------
  step  395079/500000 ( 79.0%)  mean_rew=-0.349
-------------------------------------------
| time/                   |               |
|    fps                  | 182           |
|    iterations           | 258           |
|    time_elapsed         | 2175          |
|    total_timesteps      | 396288        |
| train/                  |               |
|    approx_kl            | 0.00017263873 |
|    clip_fraction        | 0.0125        |
|    clip_range           | 0.2           |
|    entropy_loss         | -0.0914       |
|    explained_variance   | 0.987         |
|    learning_rate        | 0.0003        |
|    loss                 | 0.592         |
|    n_updates            | 2570          |
|    policy_gradient_loss | -0.000446     |
|    value_loss           | 1.34          |
-------------------------------------------
------------------------------------------
| time/                   |              |
|    fps                  | 182          |
|    iterations           | 259          |
|    time_elapsed         | 2182         |
|    total_timesteps      | 397824       |
| train/                  |              |
|    approx_kl            | 6.693819e-05 |
|    clip_fraction        | 0.00449      |
|    clip_range           | 0.2          |
|    entropy_loss         | -0.0728      |
|    explained_variance   | 0.92         |
|    learning_rate        | 0.0003       |
|    loss                 | 5.36         |
|    n_updates            | 2580         |
|    policy_gradient_loss | 6.9e-05      |
|    value_loss           | 11.3         |
------------------------------------------
------------------------------------------
| time/                   |              |
|    fps                  | 182          |
|    iterations           | 260          |
|    time_elapsed         | 2191         |
|    total_timesteps      | 399360       |
| train/                  |              |
|    approx_kl            | 0.0006474537 |
|    clip_fraction        | 0.00625      |
|    clip_range           | 0.2          |
|    entropy_loss         | -0.0818      |
|    explained_variance   | 0.907        |
|    learning_rate        | 0.0003       |
|    loss                 | 2.05         |
|    n_updates            | 2590         |
|    policy_gradient_loss | -0.000165    |
|    value_loss           | 10.6         |
------------------------------------------
  step  400080/500000 ( 80.0%)  mean_rew=-0.003
-----------------------------------------
| time/                   |             |
|    fps                  | 182         |
|    iterations           | 261         |
|    time_elapsed         | 2199        |
|    total_timesteps      | 400896      |
| train/                  |             |
|    approx_kl            | 0.001494342 |
|    clip_fraction        | 0.00534     |
|    clip_range           | 0.2         |
|    entropy_loss         | -0.0806     |
|    explained_variance   | 0.986       |
|    learning_rate        | 0.0003      |
|    loss                 | 0.743       |
|    n_updates            | 2600        |
|    policy_gradient_loss | 0.000134    |
|    value_loss           | 1.27        |
-----------------------------------------
------------------------------------------
| time/                   |              |
|    fps                  | 182          |
|    iterations           | 262          |
|    time_elapsed         | 2207         |
|    total_timesteps      | 402432       |
| train/                  |              |
|    approx_kl            | 0.0002958393 |
|    clip_fraction        | 0.00306      |
|    clip_range           | 0.2          |
|    entropy_loss         | -0.0985      |
|    explained_variance   | 0.903        |
|    learning_rate        | 0.0003       |
|    loss                 | 4.33         |
|    n_updates            | 2610         |
|    policy_gradient_loss | -3.03e-05    |
|    value_loss           | 10.1         |
------------------------------------------
-------------------------------------------
| time/                   |               |
|    fps                  | 182           |
|    iterations           | 263           |
|    time_elapsed         | 2217          |
|    total_timesteps      | 403968        |
| train/                  |               |
|    approx_kl            | 0.00029161575 |
|    clip_fraction        | 0.00195       |
|    clip_range           | 0.2           |
|    entropy_loss         | -0.0669       |
|    explained_variance   | 0.925         |
|    learning_rate        | 0.0003        |
|    loss                 | 1.76          |
|    n_updates            | 2620          |
|    policy_gradient_loss | -0.000174     |
|    value_loss           | 10.8          |
-------------------------------------------
  step  405081/500000 ( 81.0%)  mean_rew=-0.143
------------------------------------------
| time/                   |              |
|    fps                  | 182          |
|    iterations           | 264          |
|    time_elapsed         | 2224         |
|    total_timesteps      | 405504       |
| train/                  |              |
|    approx_kl            | 0.0013961304 |
|    clip_fraction        | 0.0121       |
|    clip_range           | 0.2          |
|    entropy_loss         | -0.0431      |
|    explained_variance   | 0.901        |
|    learning_rate        | 0.0003       |
|    loss                 | 8.84         |
|    n_updates            | 2630         |
|    policy_gradient_loss | -0.000602    |
|    value_loss           | 11           |
------------------------------------------
------------------------------------------
| time/                   |              |
|    fps                  | 182          |
|    iterations           | 265          |
|    time_elapsed         | 2231         |
|    total_timesteps      | 407040       |
| train/                  |              |
|    approx_kl            | 0.0017224508 |
|    clip_fraction        | 0.02         |
|    clip_range           | 0.2          |
|    entropy_loss         | -0.101       |
|    explained_variance   | 0.986        |
|    learning_rate        | 0.0003       |
|    loss                 | 0.83         |
|    n_updates            | 2640         |
|    policy_gradient_loss | -5.02e-05    |
|    value_loss           | 1.27         |
------------------------------------------
-------------------------------------------
| time/                   |               |
|    fps                  | 182           |
|    iterations           | 266           |
|    time_elapsed         | 2238          |
|    total_timesteps      | 408576        |
| train/                  |               |
|    approx_kl            | 0.00045627842 |
|    clip_fraction        | 0.00775       |
|    clip_range           | 0.2           |
|    entropy_loss         | -0.0592       |
|    explained_variance   | 0.924         |
|    learning_rate        | 0.0003        |
|    loss                 | 2.94          |
|    n_updates            | 2650          |
|    policy_gradient_loss | -4.44e-05     |
|    value_loss           | 10.7          |
-------------------------------------------
  step  410082/500000 ( 82.0%)  mean_rew=-0.333
------------------------------------------
| time/                   |              |
|    fps                  | 182          |
|    iterations           | 267          |
|    time_elapsed         | 2247         |
|    total_timesteps      | 410112       |
| train/                  |              |
|    approx_kl            | 0.0013039334 |
|    clip_fraction        | 0.0104       |
|    clip_range           | 0.2          |
|    entropy_loss         | -0.0725      |
|    explained_variance   | 0.91         |
|    learning_rate        | 0.0003       |
|    loss                 | 5.02         |
|    n_updates            | 2660         |
|    policy_gradient_loss | -0.000527    |
|    value_loss           | 10.3         |
------------------------------------------
-------------------------------------------
| time/                   |               |
|    fps                  | 182           |
|    iterations           | 268           |
|    time_elapsed         | 2255          |
|    total_timesteps      | 411648        |
| train/                  |               |
|    approx_kl            | 0.00023885106 |
|    clip_fraction        | 0.00215       |
|    clip_range           | 0.2           |
|    entropy_loss         | -0.0703       |
|    explained_variance   | 0.983         |
|    learning_rate        | 0.0003        |
|    loss                 | 0.556         |
|    n_updates            | 2670          |
|    policy_gradient_loss | 4.92e-05      |
|    value_loss           | 1.61          |
-------------------------------------------
-----------------------------------------
| time/                   |             |
|    fps                  | 182         |
|    iterations           | 269         |
|    time_elapsed         | 2264        |
|    total_timesteps      | 413184      |
| train/                  |             |
|    approx_kl            | 0.000561964 |
|    clip_fraction        | 0.00267     |
|    clip_range           | 0.2         |
|    entropy_loss         | -0.0768     |
|    explained_variance   | 0.903       |
|    learning_rate        | 0.0003      |
|    loss                 | 3.8         |
|    n_updates            | 2680        |
|    policy_gradient_loss | -0.000109   |
|    value_loss           | 11.3        |
-----------------------------------------
------------------------------------------
| time/                   |              |
|    fps                  | 182          |
|    iterations           | 270          |
|    time_elapsed         | 2275         |
|    total_timesteps      | 414720       |
| train/                  |              |
|    approx_kl            | 0.0003130835 |
|    clip_fraction        | 0.0015       |
|    clip_range           | 0.2          |
|    entropy_loss         | -0.0771      |
|    explained_variance   | 0.927        |
|    learning_rate        | 0.0003       |
|    loss                 | 1.78         |
|    n_updates            | 2690         |
|    policy_gradient_loss | -7.11e-05    |
|    value_loss           | 11.2         |
------------------------------------------
  step  415083/500000 ( 83.0%)  mean_rew=-0.005
------------------------------------------
| time/                   |              |
|    fps                  | 182          |
|    iterations           | 271          |
|    time_elapsed         | 2281         |
|    total_timesteps      | 416256       |
| train/                  |              |
|    approx_kl            | 0.0009340937 |
|    clip_fraction        | 0.0117       |
|    clip_range           | 0.2          |
|    entropy_loss         | -0.0313      |
|    explained_variance   | 0.892        |
|    learning_rate        | 0.0003       |
|    loss                 | 4.55         |
|    n_updates            | 2700         |
|    policy_gradient_loss | -0.000406    |
|    value_loss           | 11.9         |
------------------------------------------
------------------------------------------
| time/                   |              |
|    fps                  | 182          |
|    iterations           | 272          |
|    time_elapsed         | 2290         |
|    total_timesteps      | 417792       |
| train/                  |              |
|    approx_kl            | 0.0016201091 |
|    clip_fraction        | 0.00618      |
|    clip_range           | 0.2          |
|    entropy_loss         | -0.111       |
|    explained_variance   | 0.982        |
|    learning_rate        | 0.0003       |
|    loss                 | 0.727        |
|    n_updates            | 2710         |
|    policy_gradient_loss | 0.000406     |
|    value_loss           | 1.5          |
------------------------------------------
-------------------------------------------
| time/                   |               |
|    fps                  | 182           |
|    iterations           | 273           |
|    time_elapsed         | 2300          |
|    total_timesteps      | 419328        |
| train/                  |               |
|    approx_kl            | 0.00032008867 |
|    clip_fraction        | 0.00768       |
|    clip_range           | 0.2           |
|    entropy_loss         | -0.101        |
|    explained_variance   | 0.912         |
|    learning_rate        | 0.0003        |
|    loss                 | 8.94          |
|    n_updates            | 2720          |
|    policy_gradient_loss | -8.06e-05     |
|    value_loss           | 10.9          |
-------------------------------------------
  step  420084/500000 ( 84.0%)  mean_rew=-0.091
-------------------------------------------
| time/                   |               |
|    fps                  | 182           |
|    iterations           | 274           |
|    time_elapsed         | 2308          |
|    total_timesteps      | 420864        |
| train/                  |               |
|    approx_kl            | 1.1594423e-05 |
|    clip_fraction        | 0             |
|    clip_range           | 0.2           |
|    entropy_loss         | -0.028        |
|    explained_variance   | 0.923         |
|    learning_rate        | 0.0003        |
|    loss                 | 3.37          |
|    n_updates            | 2730          |
|    policy_gradient_loss | -9.56e-06     |
|    value_loss           | 11.7          |
-------------------------------------------
------------------------------------------
| time/                   |              |
|    fps                  | 182          |
|    iterations           | 275          |
|    time_elapsed         | 2316         |
|    total_timesteps      | 422400       |
| train/                  |              |
|    approx_kl            | 0.0015331847 |
|    clip_fraction        | 0.00924      |
|    clip_range           | 0.2          |
|    entropy_loss         | -0.0933      |
|    explained_variance   | 0.988        |
|    learning_rate        | 0.0003       |
|    loss                 | 0.74         |
|    n_updates            | 2740         |
|    policy_gradient_loss | -1.32e-05    |
|    value_loss           | 1.33         |
------------------------------------------
-------------------------------------------
| time/                   |               |
|    fps                  | 182           |
|    iterations           | 276           |
|    time_elapsed         | 2326          |
|    total_timesteps      | 423936        |
| train/                  |               |
|    approx_kl            | 0.00079978845 |
|    clip_fraction        | 0.0026        |
|    clip_range           | 0.2           |
|    entropy_loss         | -0.0814       |
|    explained_variance   | 0.907         |
|    learning_rate        | 0.0003        |
|    loss                 | 8.95          |
|    n_updates            | 2750          |
|    policy_gradient_loss | -8.18e-05     |
|    value_loss           | 12.1          |
-------------------------------------------
  step  425085/500000 ( 85.0%)  mean_rew=-0.346
-----------------------------------------
| time/                   |             |
|    fps                  | 182         |
|    iterations           | 277         |
|    time_elapsed         | 2337        |
|    total_timesteps      | 425472      |
| train/                  |             |
|    approx_kl            | 0.000419642 |
|    clip_fraction        | 0.00137     |
|    clip_range           | 0.2         |
|    entropy_loss         | -0.064      |
|    explained_variance   | 0.928       |
|    learning_rate        | 0.0003      |
|    loss                 | 1.85        |
|    n_updates            | 2760        |
|    policy_gradient_loss | -0.000142   |
|    value_loss           | 11.8        |
-----------------------------------------
-------------------------------------------
| time/                   |               |
|    fps                  | 182           |
|    iterations           | 278           |
|    time_elapsed         | 2345          |
|    total_timesteps      | 427008        |
| train/                  |               |
|    approx_kl            | 0.00012210784 |
|    clip_fraction        | 0.00273       |
|    clip_range           | 0.2           |
|    entropy_loss         | -0.026        |
|    explained_variance   | 0.986         |
|    learning_rate        | 0.0003        |
|    loss                 | 0.322         |
|    n_updates            | 2770          |
|    policy_gradient_loss | -0.000978     |
|    value_loss           | 1.3           |
-------------------------------------------
------------------------------------------
| time/                   |              |
|    fps                  | 182          |
|    iterations           | 279          |
|    time_elapsed         | 2353         |
|    total_timesteps      | 428544       |
| train/                  |              |
|    approx_kl            | 6.154447e-05 |
|    clip_fraction        | 0.000911     |
|    clip_range           | 0.2          |
|    entropy_loss         | -0.0782      |
|    explained_variance   | 0.9          |
|    learning_rate        | 0.0003       |
|    loss                 | 12.4         |
|    n_updates            | 2780         |
|    policy_gradient_loss | -7.2e-05     |
|    value_loss           | 11.8         |
------------------------------------------
------------------------------------------
| time/                   |              |
|    fps                  | 181          |
|    iterations           | 280          |
|    time_elapsed         | 2363         |
|    total_timesteps      | 430080       |
| train/                  |              |
|    approx_kl            | 0.0001479182 |
|    clip_fraction        | 0            |
|    clip_range           | 0.2          |
|    entropy_loss         | -0.0771      |
|    explained_variance   | 0.923        |
|    learning_rate        | 0.0003       |
|    loss                 | 6.03         |
|    n_updates            | 2790         |
|    policy_gradient_loss | -1.63e-05    |
|    value_loss           | 12.4         |
------------------------------------------
  step  430086/500000 ( 86.0%)  mean_rew=-0.004
-------------------------------------------
| time/                   |               |
|    fps                  | 181           |
|    iterations           | 281           |
|    time_elapsed         | 2371          |
|    total_timesteps      | 431616        |
| train/                  |               |
|    approx_kl            | 6.5527856e-05 |
|    clip_fraction        | 6.51e-05      |
|    clip_range           | 0.2           |
|    entropy_loss         | -0.0263       |
|    explained_variance   | 0.921         |
|    learning_rate        | 0.0003        |
|    loss                 | 1.93          |
|    n_updates            | 2800          |
|    policy_gradient_loss | -6.21e-05     |
|    value_loss           | 12.4          |
-------------------------------------------
------------------------------------------
| time/                   |              |
|    fps                  | 182          |
|    iterations           | 282          |
|    time_elapsed         | 2378         |
|    total_timesteps      | 433152       |
| train/                  |              |
|    approx_kl            | 0.0023172023 |
|    clip_fraction        | 0.0167       |
|    clip_range           | 0.2          |
|    entropy_loss         | -0.0695      |
|    explained_variance   | 0.986        |
|    learning_rate        | 0.0003       |
|    loss                 | 0.647        |
|    n_updates            | 2810         |
|    policy_gradient_loss | -0.00143     |
|    value_loss           | 1.91         |
------------------------------------------
-------------------------------------------
| time/                   |               |
|    fps                  | 182           |
|    iterations           | 283           |
|    time_elapsed         | 2387          |
|    total_timesteps      | 434688        |
| train/                  |               |
|    approx_kl            | 0.00019178684 |
|    clip_fraction        | 0             |
|    clip_range           | 0.2           |
|    entropy_loss         | -0.0804       |
|    explained_variance   | 0.908         |
|    learning_rate        | 0.0003        |
|    loss                 | 5.05          |
|    n_updates            | 2820          |
|    policy_gradient_loss | -3.28e-05     |
|    value_loss           | 12.2          |
-------------------------------------------
  step  435087/500000 ( 87.0%)  mean_rew=-0.090
-------------------------------------------
| time/                   |               |
|    fps                  | 181           |
|    iterations           | 284           |
|    time_elapsed         | 2396          |
|    total_timesteps      | 436224        |
| train/                  |               |
|    approx_kl            | 0.00039964868 |
|    clip_fraction        | 0.00352       |
|    clip_range           | 0.2           |
|    entropy_loss         | -0.0319       |
|    explained_variance   | 0.93          |
|    learning_rate        | 0.0003        |
|    loss                 | 8.52          |
|    n_updates            | 2830          |
|    policy_gradient_loss | -0.000196     |
|    value_loss           | 12.3          |
-------------------------------------------
------------------------------------------
| time/                   |              |
|    fps                  | 182          |
|    iterations           | 285          |
|    time_elapsed         | 2404         |
|    total_timesteps      | 437760       |
| train/                  |              |
|    approx_kl            | 0.0002907199 |
|    clip_fraction        | 0.0071       |
|    clip_range           | 0.2          |
|    entropy_loss         | -0.0415      |
|    explained_variance   | 0.982        |
|    learning_rate        | 0.0003       |
|    loss                 | 0.48         |
|    n_updates            | 2840         |
|    policy_gradient_loss | -0.000601    |
|    value_loss           | 2.29         |
------------------------------------------
-------------------------------------------
| time/                   |               |
|    fps                  | 182           |
|    iterations           | 286           |
|    time_elapsed         | 2413          |
|    total_timesteps      | 439296        |
| train/                  |               |
|    approx_kl            | 0.00094329636 |
|    clip_fraction        | 0.0117        |
|    clip_range           | 0.2           |
|    entropy_loss         | -0.0708       |
|    explained_variance   | 0.901         |
|    learning_rate        | 0.0003        |
|    loss                 | 2.89          |
|    n_updates            | 2850          |
|    policy_gradient_loss | -0.000231     |
|    value_loss           | 13.1          |
-------------------------------------------
  step  440088/500000 ( 88.0%)  mean_rew=-0.327
-------------------------------------------
| time/                   |               |
|    fps                  | 181           |
|    iterations           | 287           |
|    time_elapsed         | 2423          |
|    total_timesteps      | 440832        |
| train/                  |               |
|    approx_kl            | 0.00043635882 |
|    clip_fraction        | 0.00345       |
|    clip_range           | 0.2           |
|    entropy_loss         | -0.0632       |
|    explained_variance   | 0.925         |
|    learning_rate        | 0.0003        |
|    loss                 | 6.24          |
|    n_updates            | 2860          |
|    policy_gradient_loss | -8.77e-05     |
|    value_loss           | 12.8          |
-------------------------------------------
-------------------------------------------
| time/                   |               |
|    fps                  | 181           |
|    iterations           | 288           |
|    time_elapsed         | 2432          |
|    total_timesteps      | 442368        |
| train/                  |               |
|    approx_kl            | 2.6673815e-05 |
|    clip_fraction        | 0             |
|    clip_range           | 0.2           |
|    entropy_loss         | -0.0232       |
|    explained_variance   | 0.916         |
|    learning_rate        | 0.0003        |
|    loss                 | 7.15          |
|    n_updates            | 2870          |
|    policy_gradient_loss | -5.34e-05     |
|    value_loss           | 13.2          |
-------------------------------------------
-------------------------------------------
| time/                   |               |
|    fps                  | 181           |
|    iterations           | 289           |
|    time_elapsed         | 2439          |
|    total_timesteps      | 443904        |
| train/                  |               |
|    approx_kl            | 0.00040143798 |
|    clip_fraction        | 0.00755       |
|    clip_range           | 0.2           |
|    entropy_loss         | -0.0708       |
|    explained_variance   | 0.989         |
|    learning_rate        | 0.0003        |
|    loss                 | 0.508         |
|    n_updates            | 2880          |
|    policy_gradient_loss | 5.88e-05      |
|    value_loss           | 1.43          |
-------------------------------------------
  step  445089/500000 ( 89.0%)  mean_rew=-0.123
------------------------------------------
| time/                   |              |
|    fps                  | 181          |
|    iterations           | 290          |
|    time_elapsed         | 2448         |
|    total_timesteps      | 445440       |
| train/                  |              |
|    approx_kl            | 0.0007410958 |
|    clip_fraction        | 0.00111      |
|    clip_range           | 0.2          |
|    entropy_loss         | -0.0801      |
|    explained_variance   | 0.91         |
|    learning_rate        | 0.0003       |
|    loss                 | 6.88         |
|    n_updates            | 2890         |
|    policy_gradient_loss | -2.2e-05     |
|    value_loss           | 12.3         |
------------------------------------------
-------------------------------------------
| time/                   |               |
|    fps                  | 181           |
|    iterations           | 291           |
|    time_elapsed         | 2459          |
|    total_timesteps      | 446976        |
| train/                  |               |
|    approx_kl            | 0.00024999518 |
|    clip_fraction        | 0.00111       |
|    clip_range           | 0.2           |
|    entropy_loss         | -0.039        |
|    explained_variance   | 0.923         |
|    learning_rate        | 0.0003        |
|    loss                 | 4.88          |
|    n_updates            | 2900          |
|    policy_gradient_loss | -0.000349     |
|    value_loss           | 12.4          |
-------------------------------------------
-------------------------------------------
| time/                   |               |
|    fps                  | 181           |
|    iterations           | 292           |
|    time_elapsed         | 2466          |
|    total_timesteps      | 448512        |
| train/                  |               |
|    approx_kl            | 0.00017006851 |
|    clip_fraction        | 0.000846      |
|    clip_range           | 0.2           |
|    entropy_loss         | -0.0298       |
|    explained_variance   | 0.988         |
|    learning_rate        | 0.0003        |
|    loss                 | 0.267         |
|    n_updates            | 2910          |
|    policy_gradient_loss | -0.000121     |
|    value_loss           | 1.13          |
-------------------------------------------
-------------------------------------------
| time/                   |               |
|    fps                  | 181           |
|    iterations           | 293           |
|    time_elapsed         | 2474          |
|    total_timesteps      | 450048        |
| train/                  |               |
|    approx_kl            | 0.00037008617 |
|    clip_fraction        | 0.000326      |
|    clip_range           | 0.2           |
|    entropy_loss         | -0.0605       |
|    explained_variance   | 0.895         |
|    learning_rate        | 0.0003        |
|    loss                 | 6.21          |
|    n_updates            | 2920          |
|    policy_gradient_loss | -7.07e-05     |
|    value_loss           | 11.8          |
-------------------------------------------
  step  450090/500000 ( 90.0%)  mean_rew=-0.059
------------------------------------------
| time/                   |              |
|    fps                  | 181          |
|    iterations           | 294          |
|    time_elapsed         | 2483         |
|    total_timesteps      | 451584       |
| train/                  |              |
|    approx_kl            | 0.0003640057 |
|    clip_fraction        | 0.00286      |
|    clip_range           | 0.2          |
|    entropy_loss         | -0.041       |
|    explained_variance   | 0.928        |
|    learning_rate        | 0.0003       |
|    loss                 | 4.95         |
|    n_updates            | 2930         |
|    policy_gradient_loss | -0.000117    |
|    value_loss           | 11.7         |
------------------------------------------
------------------------------------------
| time/                   |              |
|    fps                  | 181          |
|    iterations           | 295          |
|    time_elapsed         | 2491         |
|    total_timesteps      | 453120       |
| train/                  |              |
|    approx_kl            | 0.0001823142 |
|    clip_fraction        | 0.0013       |
|    clip_range           | 0.2          |
|    entropy_loss         | -0.0287      |
|    explained_variance   | 0.91         |
|    learning_rate        | 0.0003       |
|    loss                 | 4.99         |
|    n_updates            | 2940         |
|    policy_gradient_loss | -0.000166    |
|    value_loss           | 11.9         |
------------------------------------------
------------------------------------------
| time/                   |              |
|    fps                  | 181          |
|    iterations           | 296          |
|    time_elapsed         | 2498         |
|    total_timesteps      | 454656       |
| train/                  |              |
|    approx_kl            | 0.0005402159 |
|    clip_fraction        | 0.00547      |
|    clip_range           | 0.2          |
|    entropy_loss         | -0.0724      |
|    explained_variance   | 0.986        |
|    learning_rate        | 0.0003       |
|    loss                 | 0.717        |
|    n_updates            | 2950         |
|    policy_gradient_loss | -0.000645    |
|    value_loss           | 1.63         |
------------------------------------------
  step  455091/500000 ( 91.0%)  mean_rew=-0.215
-------------------------------------------
| time/                   |               |
|    fps                  | 181           |
|    iterations           | 297           |
|    time_elapsed         | 2507          |
|    total_timesteps      | 456192        |
| train/                  |               |
|    approx_kl            | 0.00051979633 |
|    clip_fraction        | 0.0107        |
|    clip_range           | 0.2           |
|    entropy_loss         | -0.0691       |
|    explained_variance   | 0.916         |
|    learning_rate        | 0.0003        |
|    loss                 | 5.84          |
|    n_updates            | 2960          |
|    policy_gradient_loss | -0.000262     |
|    value_loss           | 11.6          |
-------------------------------------------
-------------------------------------------
| time/                   |               |
|    fps                  | 181           |
|    iterations           | 298           |
|    time_elapsed         | 2517          |
|    total_timesteps      | 457728        |
| train/                  |               |
|    approx_kl            | 0.00049263245 |
|    clip_fraction        | 0.00612       |
|    clip_range           | 0.2           |
|    entropy_loss         | -0.0495       |
|    explained_variance   | 0.922         |
|    learning_rate        | 0.0003        |
|    loss                 | 2.04          |
|    n_updates            | 2970          |
|    policy_gradient_loss | -0.000236     |
|    value_loss           | 11.7          |
-------------------------------------------
-------------------------------------------
| time/                   |               |
|    fps                  | 181           |
|    iterations           | 299           |
|    time_elapsed         | 2524          |
|    total_timesteps      | 459264        |
| train/                  |               |
|    approx_kl            | 0.00026597342 |
|    clip_fraction        | 0.00475       |
|    clip_range           | 0.2           |
|    entropy_loss         | -0.0415       |
|    explained_variance   | 0.985         |
|    learning_rate        | 0.0003        |
|    loss                 | 0.543         |
|    n_updates            | 2980          |
|    policy_gradient_loss | -0.00079      |
|    value_loss           | 1.64          |
-------------------------------------------
  step  460092/500000 ( 92.0%)  mean_rew=-0.310
-------------------------------------------
| time/                   |               |
|    fps                  | 181           |
|    iterations           | 300           |
|    time_elapsed         | 2532          |
|    total_timesteps      | 460800        |
| train/                  |               |
|    approx_kl            | 0.00084956456 |
|    clip_fraction        | 0.00638       |
|    clip_range           | 0.2           |
|    entropy_loss         | -0.0764       |
|    explained_variance   | 0.888         |
|    learning_rate        | 0.0003        |
|    loss                 | 8.31          |
|    n_updates            | 2990          |
|    policy_gradient_loss | 0.000193      |
|    value_loss           | 11.2          |
-------------------------------------------
-------------------------------------------
| time/                   |               |
|    fps                  | 181           |
|    iterations           | 301           |
|    time_elapsed         | 2542          |
|    total_timesteps      | 462336        |
| train/                  |               |
|    approx_kl            | 0.00027920667 |
|    clip_fraction        | 0.0056        |
|    clip_range           | 0.2           |
|    entropy_loss         | -0.0434       |
|    explained_variance   | 0.927         |
|    learning_rate        | 0.0003        |
|    loss                 | 2.21          |
|    n_updates            | 3000          |
|    policy_gradient_loss | -8.41e-05     |
|    value_loss           | 10.9          |
-------------------------------------------
-------------------------------------------
| time/                   |               |
|    fps                  | 181           |
|    iterations           | 302           |
|    time_elapsed         | 2550          |
|    total_timesteps      | 463872        |
| train/                  |               |
|    approx_kl            | 5.0664996e-05 |
|    clip_fraction        | 0.000326      |
|    clip_range           | 0.2           |
|    entropy_loss         | -0.0304       |
|    explained_variance   | 0.904         |
|    learning_rate        | 0.0003        |
|    loss                 | 2.58          |
|    n_updates            | 3010          |
|    policy_gradient_loss | 3.98e-05      |
|    value_loss           | 11.8          |
-------------------------------------------
  step  465093/500000 ( 93.0%)  mean_rew=-0.020
------------------------------------------
| time/                   |              |
|    fps                  | 181          |
|    iterations           | 303          |
|    time_elapsed         | 2557         |
|    total_timesteps      | 465408       |
| train/                  |              |
|    approx_kl            | 0.0010292726 |
|    clip_fraction        | 0.0117       |
|    clip_range           | 0.2          |
|    entropy_loss         | -0.0564      |
|    explained_variance   | 0.981        |
|    learning_rate        | 0.0003       |
|    loss                 | 0.878        |
|    n_updates            | 3020         |
|    policy_gradient_loss | -0.000759    |
|    value_loss           | 1.97         |
------------------------------------------
------------------------------------------
| time/                   |              |
|    fps                  | 181          |
|    iterations           | 304          |
|    time_elapsed         | 2566         |
|    total_timesteps      | 466944       |
| train/                  |              |
|    approx_kl            | 0.0008837099 |
|    clip_fraction        | 0.00475      |
|    clip_range           | 0.2          |
|    entropy_loss         | -0.0593      |
|    explained_variance   | 0.914        |
|    learning_rate        | 0.0003       |
|    loss                 | 5.99         |
|    n_updates            | 3030         |
|    policy_gradient_loss | -0.000128    |
|    value_loss           | 11.9         |
------------------------------------------
-------------------------------------------
| time/                   |               |
|    fps                  | 181           |
|    iterations           | 305           |
|    time_elapsed         | 2574          |
|    total_timesteps      | 468480        |
| train/                  |               |
|    approx_kl            | 2.3163118e-05 |
|    clip_fraction        | 0.000195      |
|    clip_range           | 0.2           |
|    entropy_loss         | -0.00897      |
|    explained_variance   | 0.926         |
|    learning_rate        | 0.0003        |
|    loss                 | 1.73          |
|    n_updates            | 3040          |
|    policy_gradient_loss | -1.14e-05     |
|    value_loss           | 12.4          |
-------------------------------------------
-------------------------------------------
| time/                   |               |
|    fps                  | 182           |
|    iterations           | 306           |
|    time_elapsed         | 2581          |
|    total_timesteps      | 470016        |
| train/                  |               |
|    approx_kl            | 0.00053338776 |
|    clip_fraction        | 0.00736       |
|    clip_range           | 0.2           |
|    entropy_loss         | -0.0534       |
|    explained_variance   | 0.985         |
|    learning_rate        | 0.0003        |
|    loss                 | 0.381         |
|    n_updates            | 3050          |
|    policy_gradient_loss | -0.000425     |
|    value_loss           | 1.91          |
-------------------------------------------
  step  470094/500000 ( 94.0%)  mean_rew=-0.273
-------------------------------------------
| time/                   |               |
|    fps                  | 182           |
|    iterations           | 307           |
|    time_elapsed         | 2589          |
|    total_timesteps      | 471552        |
| train/                  |               |
|    approx_kl            | 2.1409398e-05 |
|    clip_fraction        | 0.000911      |
|    clip_range           | 0.2           |
|    entropy_loss         | -0.0501       |
|    explained_variance   | 0.905         |
|    learning_rate        | 0.0003        |
|    loss                 | 5.63          |
|    n_updates            | 3060          |
|    policy_gradient_loss | 2.78e-05      |
|    value_loss           | 11.9          |
-------------------------------------------
-------------------------------------------
| time/                   |               |
|    fps                  | 182           |
|    iterations           | 308           |
|    time_elapsed         | 2598          |
|    total_timesteps      | 473088        |
| train/                  |               |
|    approx_kl            | 0.00066019496 |
|    clip_fraction        | 0.00436       |
|    clip_range           | 0.2           |
|    entropy_loss         | -0.0364       |
|    explained_variance   | 0.931         |
|    learning_rate        | 0.0003        |
|    loss                 | 7.59          |
|    n_updates            | 3070          |
|    policy_gradient_loss | -0.000258     |
|    value_loss           | 11.9          |
-------------------------------------------
-------------------------------------------
| time/                   |               |
|    fps                  | 182           |
|    iterations           | 309           |
|    time_elapsed         | 2604          |
|    total_timesteps      | 474624        |
| train/                  |               |
|    approx_kl            | 0.00019741121 |
|    clip_fraction        | 0.000456      |
|    clip_range           | 0.2           |
|    entropy_loss         | -0.0198       |
|    explained_variance   | 0.902         |
|    learning_rate        | 0.0003        |
|    loss                 | 7.17          |
|    n_updates            | 3080          |
|    policy_gradient_loss | -0.000108     |
|    value_loss           | 13.4          |
-------------------------------------------
  step  475095/500000 ( 95.0%)  mean_rew=-0.333
-------------------------------------------
| time/                   |               |
|    fps                  | 182           |
|    iterations           | 310           |
|    time_elapsed         | 2611          |
|    total_timesteps      | 476160        |
| train/                  |               |
|    approx_kl            | 0.00013054116 |
|    clip_fraction        | 0.00684       |
|    clip_range           | 0.2           |
|    entropy_loss         | -0.0528       |
|    explained_variance   | 0.984         |
|    learning_rate        | 0.0003        |
|    loss                 | 0.931         |
|    n_updates            | 3090          |
|    policy_gradient_loss | 0.000266      |
|    value_loss           | 1.92          |
-------------------------------------------
-------------------------------------------
| time/                   |               |
|    fps                  | 182           |
|    iterations           | 311           |
|    time_elapsed         | 2618          |
|    total_timesteps      | 477696        |
| train/                  |               |
|    approx_kl            | 5.1402447e-05 |
|    clip_fraction        | 0             |
|    clip_range           | 0.2           |
|    entropy_loss         | -0.0547       |
|    explained_variance   | 0.92          |
|    learning_rate        | 0.0003        |
|    loss                 | 4.57          |
|    n_updates            | 3100          |
|    policy_gradient_loss | -6.31e-06     |
|    value_loss           | 12.5          |
-------------------------------------------
-------------------------------------------
| time/                   |               |
|    fps                  | 182           |
|    iterations           | 312           |
|    time_elapsed         | 2626          |
|    total_timesteps      | 479232        |
| train/                  |               |
|    approx_kl            | 3.9261027e-05 |
|    clip_fraction        | 0.000391      |
|    clip_range           | 0.2           |
|    entropy_loss         | -0.0137       |
|    explained_variance   | 0.928         |
|    learning_rate        | 0.0003        |
|    loss                 | 7.86          |
|    n_updates            | 3110          |
|    policy_gradient_loss | -9.02e-05     |
|    value_loss           | 12.4          |
-------------------------------------------
  step  480096/500000 ( 96.0%)  mean_rew=-0.018
-------------------------------------------
| time/                   |               |
|    fps                  | 182           |
|    iterations           | 313           |
|    time_elapsed         | 2632          |
|    total_timesteps      | 480768        |
| train/                  |               |
|    approx_kl            | 0.00058949244 |
|    clip_fraction        | 0.0026        |
|    clip_range           | 0.2           |
|    entropy_loss         | -0.0558       |
|    explained_variance   | 0.989         |
|    learning_rate        | 0.0003        |
|    loss                 | 0.597         |
|    n_updates            | 3120          |
|    policy_gradient_loss | -0.000512     |
|    value_loss           | 1.41          |
-------------------------------------------
------------------------------------------
| time/                   |              |
|    fps                  | 182          |
|    iterations           | 314          |
|    time_elapsed         | 2639         |
|    total_timesteps      | 482304       |
| train/                  |              |
|    approx_kl            | 0.0011646192 |
|    clip_fraction        | 0.00879      |
|    clip_range           | 0.2          |
|    entropy_loss         | -0.0531      |
|    explained_variance   | 0.899        |
|    learning_rate        | 0.0003       |
|    loss                 | 7.49         |
|    n_updates            | 3130         |
|    policy_gradient_loss | -0.000527    |
|    value_loss           | 12.2         |
------------------------------------------
------------------------------------------
| time/                   |              |
|    fps                  | 182          |
|    iterations           | 315          |
|    time_elapsed         | 2648         |
|    total_timesteps      | 483840       |
| train/                  |              |
|    approx_kl            | 0.0007208262 |
|    clip_fraction        | 0.0082       |
|    clip_range           | 0.2          |
|    entropy_loss         | -0.0509      |
|    explained_variance   | 0.93         |
|    learning_rate        | 0.0003       |
|    loss                 | 7.95         |
|    n_updates            | 3140         |
|    policy_gradient_loss | -0.000137    |
|    value_loss           | 11.9         |
------------------------------------------
  step  485097/500000 ( 97.0%)  mean_rew=-0.175
------------------------------------------
| time/                   |              |
|    fps                  | 182          |
|    iterations           | 316          |
|    time_elapsed         | 2653         |
|    total_timesteps      | 485376       |
| train/                  |              |
|    approx_kl            | 0.0001861427 |
|    clip_fraction        | 0.00293      |
|    clip_range           | 0.2          |
|    entropy_loss         | -0.0315      |
|    explained_variance   | 0.9          |
|    learning_rate        | 0.0003       |
|    loss                 | 6.89         |
|    n_updates            | 3150         |
|    policy_gradient_loss | 9.45e-05     |
|    value_loss           | 13           |
------------------------------------------
------------------------------------------
| time/                   |              |
|    fps                  | 183          |
|    iterations           | 317          |
|    time_elapsed         | 2660         |
|    total_timesteps      | 486912       |
| train/                  |              |
|    approx_kl            | 0.0029673704 |
|    clip_fraction        | 0.0111       |
|    clip_range           | 0.2          |
|    entropy_loss         | -0.076       |
|    explained_variance   | 0.986        |
|    learning_rate        | 0.0003       |
|    loss                 | 0.658        |
|    n_updates            | 3160         |
|    policy_gradient_loss | -0.000257    |
|    value_loss           | 1.57         |
------------------------------------------
-------------------------------------------
| time/                   |               |
|    fps                  | 183           |
|    iterations           | 318           |
|    time_elapsed         | 2667          |
|    total_timesteps      | 488448        |
| train/                  |               |
|    approx_kl            | 0.00031688935 |
|    clip_fraction        | 0.0122        |
|    clip_range           | 0.2           |
|    entropy_loss         | -0.0709       |
|    explained_variance   | 0.922         |
|    learning_rate        | 0.0003        |
|    loss                 | 9.19          |
|    n_updates            | 3170          |
|    policy_gradient_loss | -1.15e-05     |
|    value_loss           | 12.8          |
-------------------------------------------
-------------------------------------------
| time/                   |               |
|    fps                  | 183           |
|    iterations           | 319           |
|    time_elapsed         | 2674          |
|    total_timesteps      | 489984        |
| train/                  |               |
|    approx_kl            | 4.3324468e-05 |
|    clip_fraction        | 0             |
|    clip_range           | 0.2           |
|    entropy_loss         | -0.0261       |
|    explained_variance   | 0.924         |
|    learning_rate        | 0.0003        |
|    loss                 | 4.44          |
|    n_updates            | 3180          |
|    policy_gradient_loss | -1.49e-05     |
|    value_loss           | 12.9          |
-------------------------------------------
  step  490098/500000 ( 98.0%)  mean_rew=-0.340
------------------------------------------
| time/                   |              |
|    fps                  | 183          |
|    iterations           | 320          |
|    time_elapsed         | 2680         |
|    total_timesteps      | 491520       |
| train/                  |              |
|    approx_kl            | 0.0012661744 |
|    clip_fraction        | 0.0178       |
|    clip_range           | 0.2          |
|    entropy_loss         | -0.0568      |
|    explained_variance   | 0.988        |
|    learning_rate        | 0.0003       |
|    loss                 | 0.994        |
|    n_updates            | 3190         |
|    policy_gradient_loss | -0.000905    |
|    value_loss           | 1.72         |
------------------------------------------
------------------------------------------
| time/                   |              |
|    fps                  | 183          |
|    iterations           | 321          |
|    time_elapsed         | 2686         |
|    total_timesteps      | 493056       |
| train/                  |              |
|    approx_kl            | 6.380476e-05 |
|    clip_fraction        | 0            |
|    clip_range           | 0.2          |
|    entropy_loss         | -0.0796      |
|    explained_variance   | 0.908        |
|    learning_rate        | 0.0003       |
|    loss                 | 4.64         |
|    n_updates            | 3200         |
|    policy_gradient_loss | -5.64e-05    |
|    value_loss           | 11.9         |
------------------------------------------
-----------------------------------------
| time/                   |             |
|    fps                  | 183         |
|    iterations           | 322         |
|    time_elapsed         | 2695        |
|    total_timesteps      | 494592      |
| train/                  |             |
|    approx_kl            | 0.001416352 |
|    clip_fraction        | 0.0112      |
|    clip_range           | 0.2         |
|    entropy_loss         | -0.0523     |
|    explained_variance   | 0.924       |
|    learning_rate        | 0.0003      |
|    loss                 | 4.92        |
|    n_updates            | 3210        |
|    policy_gradient_loss | -0.000351   |
|    value_loss           | 11.9        |
-----------------------------------------
  step  495099/500000 ( 99.0%)  mean_rew=-0.008
------------------------------------------
| time/                   |              |
|    fps                  | 183          |
|    iterations           | 323          |
|    time_elapsed         | 2698         |
|    total_timesteps      | 496128       |
| train/                  |              |
|    approx_kl            | 0.0026484225 |
|    clip_fraction        | 0.00651      |
|    clip_range           | 0.2          |
|    entropy_loss         | -0.0138      |
|    explained_variance   | 0.986        |
|    learning_rate        | 0.0003       |
|    loss                 | 0.435        |
|    n_updates            | 3220         |
|    policy_gradient_loss | -0.00112     |
|    value_loss           | 1.17         |
------------------------------------------
------------------------------------------
| time/                   |              |
|    fps                  | 183          |
|    iterations           | 324          |
|    time_elapsed         | 2704         |
|    total_timesteps      | 497664       |
| train/                  |              |
|    approx_kl            | 0.0004000679 |
|    clip_fraction        | 0.00241      |
|    clip_range           | 0.2          |
|    entropy_loss         | -0.115       |
|    explained_variance   | 0.815        |
|    learning_rate        | 0.0003       |
|    loss                 | 5.99         |
|    n_updates            | 3230         |
|    policy_gradient_loss | 4.35e-06     |
|    value_loss           | 9.1          |
------------------------------------------
-------------------------------------------
| time/                   |               |
|    fps                  | 184           |
|    iterations           | 325           |
|    time_elapsed         | 2712          |
|    total_timesteps      | 499200        |
| train/                  |               |
|    approx_kl            | 0.00035422193 |
|    clip_fraction        | 0.00013       |
|    clip_range           | 0.2           |
|    entropy_loss         | -0.0806       |
|    explained_variance   | 0.908         |
|    learning_rate        | 0.0003        |
|    loss                 | 5.27          |
|    n_updates            | 3240          |
|    policy_gradient_loss | 4.87e-05      |
|    value_loss           | 9.18          |
-------------------------------------------
  step  500100/500000 (100.0%)  mean_rew=-0.227
------------------------------------------
| time/                   |              |
|    fps                  | 184          |
|    iterations           | 326          |
|    time_elapsed         | 2719         |
|    total_timesteps      | 500736       |
| train/                  |              |
|    approx_kl            | 3.084486e-05 |
|    clip_fraction        | 0            |
|    clip_range           | 0.2          |
|    entropy_loss         | -0.0241      |
|    explained_variance   | 0.913        |
|    learning_rate        | 0.0003       |
|    loss                 | 2.47         |
|    n_updates            | 3250         |
|    policy_gradient_loss | -4.06e-05    |
|    value_loss           | 9.73         |
------------------------------------------
  Stage 1 saved -> cologne3_ppo_stage1_100pct.zip

[cologne3-PPO] Curriculum done.
  Final model -> /workspace/rl-traffic/exp_cologne3_direct/ppo_pressure_s999/cologne3_ppo_final_model.zip
  Total steps : 500000
