Using libsumo as traci as requested by environment variable.
=================================================================
  train_cologne_curriculum — cologne3 — PPO
  reward=pressure  seed=42  total_steps=500000
  Curriculum stages:
    Stage 1: 100% demand   500000 steps
  save_dir: /workspace/rl-traffic/exp_cologne3_direct/ppo_pressure_s42
=================================================================
  [rand] cologne3_rand_100pct.rou.xml

  n_agents=3 | obs=(7,) | act=Discrete(3)
Using cpu device

────────────────────────────────────────────────────────────
  Stage 1/4  100% demand  500000 steps  (cumulative -> 500000)
  Route: cologne3_rand_100pct.rou.xml
────────────────────────────────────────────────────────────
-----------------------------
| time/              |      |
|    fps             | 177  |
|    iterations      | 1    |
|    time_elapsed    | 8    |
|    total_timesteps | 1536 |
-----------------------------
-----------------------------------------
| time/                   |             |
|    fps                  | 163         |
|    iterations           | 2           |
|    time_elapsed         | 18          |
|    total_timesteps      | 3072        |
| train/                  |             |
|    approx_kl            | 0.008137825 |
|    clip_fraction        | 0.0171      |
|    clip_range           | 0.2         |
|    entropy_loss         | -1.09       |
|    explained_variance   | 0.0137      |
|    learning_rate        | 0.0003      |
|    loss                 | 2.21        |
|    n_updates            | 10          |
|    policy_gradient_loss | -0.00338    |
|    value_loss           | 7.27        |
-----------------------------------------
-----------------------------------------
| time/                   |             |
|    fps                  | 149         |
|    iterations           | 3           |
|    time_elapsed         | 30          |
|    total_timesteps      | 4608        |
| train/                  |             |
|    approx_kl            | 0.004542119 |
|    clip_fraction        | 0           |
|    clip_range           | 0.2         |
|    entropy_loss         | -1.08       |
|    explained_variance   | 0.4         |
|    learning_rate        | 0.0003      |
|    loss                 | 2.92        |
|    n_updates            | 20          |
|    policy_gradient_loss | -0.000624   |
|    value_loss           | 8.21        |
-----------------------------------------
  step    5001/500000 (  1.0%)  mean_rew=-0.037
------------------------------------------
| time/                   |              |
|    fps                  | 145          |
|    iterations           | 4            |
|    time_elapsed         | 42           |
|    total_timesteps      | 6144         |
| train/                  |              |
|    approx_kl            | 0.0006043949 |
|    clip_fraction        | 0            |
|    clip_range           | 0.2          |
|    entropy_loss         | -1.06        |
|    explained_variance   | 0.577        |
|    learning_rate        | 0.0003       |
|    loss                 | 3.45         |
|    n_updates            | 30           |
|    policy_gradient_loss | 3.03e-05     |
|    value_loss           | 10.6         |
------------------------------------------
------------------------------------------
| time/                   |              |
|    fps                  | 151          |
|    iterations           | 5            |
|    time_elapsed         | 50           |
|    total_timesteps      | 7680         |
| train/                  |              |
|    approx_kl            | 0.0124981515 |
|    clip_fraction        | 0.0498       |
|    clip_range           | 0.2          |
|    entropy_loss         | -1.05        |
|    explained_variance   | 0.709        |
|    learning_rate        | 0.0003       |
|    loss                 | 2.5          |
|    n_updates            | 40           |
|    policy_gradient_loss | -0.00388     |
|    value_loss           | 6.6          |
------------------------------------------
----------------------------------------
| time/                   |            |
|    fps                  | 151        |
|    iterations           | 6          |
|    time_elapsed         | 60         |
|    total_timesteps      | 9216       |
| train/                  |            |
|    approx_kl            | 0.01034603 |
|    clip_fraction        | 0.0312     |
|    clip_range           | 0.2        |
|    entropy_loss         | -1.07      |
|    explained_variance   | 0.843      |
|    learning_rate        | 0.0003     |
|    loss                 | 3.02       |
|    n_updates            | 50         |
|    policy_gradient_loss | -0.00233   |
|    value_loss           | 6.6        |
----------------------------------------
  step   10002/500000 (  2.0%)  mean_rew=-0.107
------------------------------------------
| time/                   |              |
|    fps                  | 153          |
|    iterations           | 7            |
|    time_elapsed         | 69           |
|    total_timesteps      | 10752        |
| train/                  |              |
|    approx_kl            | 0.0034813602 |
|    clip_fraction        | 0            |
|    clip_range           | 0.2          |
|    entropy_loss         | -1.08        |
|    explained_variance   | 0.824        |
|    learning_rate        | 0.0003       |
|    loss                 | 4.29         |
|    n_updates            | 60           |
|    policy_gradient_loss | -0.00105     |
|    value_loss           | 9.72         |
------------------------------------------
-----------------------------------------
| time/                   |             |
|    fps                  | 157         |
|    iterations           | 8           |
|    time_elapsed         | 78          |
|    total_timesteps      | 12288       |
| train/                  |             |
|    approx_kl            | 0.010073024 |
|    clip_fraction        | 0.0257      |
|    clip_range           | 0.2         |
|    entropy_loss         | -1.09       |
|    explained_variance   | 0.902       |
|    learning_rate        | 0.0003      |
|    loss                 | 1.71        |
|    n_updates            | 70          |
|    policy_gradient_loss | -0.00417    |
|    value_loss           | 4.73        |
-----------------------------------------
------------------------------------------
| time/                   |              |
|    fps                  | 160          |
|    iterations           | 9            |
|    time_elapsed         | 85           |
|    total_timesteps      | 13824        |
| train/                  |              |
|    approx_kl            | 0.0023445205 |
|    clip_fraction        | 0            |
|    clip_range           | 0.2          |
|    entropy_loss         | -1.09        |
|    explained_variance   | 0.894        |
|    learning_rate        | 0.0003       |
|    loss                 | 1.8          |
|    n_updates            | 80           |
|    policy_gradient_loss | -0.000633    |
|    value_loss           | 6.1          |
------------------------------------------
  step   15003/500000 (  3.0%)  mean_rew=-0.319
-----------------------------------------
| time/                   |             |
|    fps                  | 161         |
|    iterations           | 10          |
|    time_elapsed         | 94          |
|    total_timesteps      | 15360       |
| train/                  |             |
|    approx_kl            | 0.006443284 |
|    clip_fraction        | 0.0163      |
|    clip_range           | 0.2         |
|    entropy_loss         | -1.09       |
|    explained_variance   | 0.873       |
|    learning_rate        | 0.0003      |
|    loss                 | 6.62        |
|    n_updates            | 90          |
|    policy_gradient_loss | -0.00167    |
|    value_loss           | 9.99        |
-----------------------------------------
-----------------------------------------
| time/                   |             |
|    fps                  | 159         |
|    iterations           | 11          |
|    time_elapsed         | 106         |
|    total_timesteps      | 16896       |
| train/                  |             |
|    approx_kl            | 0.007075221 |
|    clip_fraction        | 0.00397     |
|    clip_range           | 0.2         |
|    entropy_loss         | -1.09       |
|    explained_variance   | 0.877       |
|    learning_rate        | 0.0003      |
|    loss                 | 3.21        |
|    n_updates            | 100         |
|    policy_gradient_loss | -0.00205    |
|    value_loss           | 7.82        |
-----------------------------------------
-----------------------------------------
| time/                   |             |
|    fps                  | 163         |
|    iterations           | 12          |
|    time_elapsed         | 112         |
|    total_timesteps      | 18432       |
| train/                  |             |
|    approx_kl            | 0.002715948 |
|    clip_fraction        | 0           |
|    clip_range           | 0.2         |
|    entropy_loss         | -1.09       |
|    explained_variance   | 0.909       |
|    learning_rate        | 0.0003      |
|    loss                 | 1.29        |
|    n_updates            | 110         |
|    policy_gradient_loss | -0.000788   |
|    value_loss           | 3.77        |
-----------------------------------------
-----------------------------------------
| time/                   |             |
|    fps                  | 164         |
|    iterations           | 13          |
|    time_elapsed         | 121         |
|    total_timesteps      | 19968       |
| train/                  |             |
|    approx_kl            | 0.010459985 |
|    clip_fraction        | 0.0414      |
|    clip_range           | 0.2         |
|    entropy_loss         | -1.07       |
|    explained_variance   | 0.838       |
|    learning_rate        | 0.0003      |
|    loss                 | 4.96        |
|    n_updates            | 120         |
|    policy_gradient_loss | -0.00424    |
|    value_loss           | 10.2        |
-----------------------------------------
  step   20004/500000 (  4.0%)  mean_rew=-0.014
-----------------------------------------
| time/                   |             |
|    fps                  | 161         |
|    iterations           | 14          |
|    time_elapsed         | 133         |
|    total_timesteps      | 21504       |
| train/                  |             |
|    approx_kl            | 0.006657505 |
|    clip_fraction        | 0.0174      |
|    clip_range           | 0.2         |
|    entropy_loss         | -1.06       |
|    explained_variance   | 0.891       |
|    learning_rate        | 0.0003      |
|    loss                 | 6.94        |
|    n_updates            | 130         |
|    policy_gradient_loss | -0.00257    |
|    value_loss           | 7.64        |
-----------------------------------------
-----------------------------------------
| time/                   |             |
|    fps                  | 161         |
|    iterations           | 15          |
|    time_elapsed         | 142         |
|    total_timesteps      | 23040       |
| train/                  |             |
|    approx_kl            | 0.008636341 |
|    clip_fraction        | 0.0376      |
|    clip_range           | 0.2         |
|    entropy_loss         | -1.05       |
|    explained_variance   | 0.94        |
|    learning_rate        | 0.0003      |
|    loss                 | 1.55        |
|    n_updates            | 140         |
|    policy_gradient_loss | -0.0036     |
|    value_loss           | 3.18        |
-----------------------------------------
----------------------------------------
| time/                   |            |
|    fps                  | 161        |
|    iterations           | 16         |
|    time_elapsed         | 151        |
|    total_timesteps      | 24576      |
| train/                  |            |
|    approx_kl            | 0.01002364 |
|    clip_fraction        | 0.00853    |
|    clip_range           | 0.2        |
|    entropy_loss         | -0.996     |
|    explained_variance   | 0.894      |
|    learning_rate        | 0.0003     |
|    loss                 | 6.43       |
|    n_updates            | 150        |
|    policy_gradient_loss | -0.00203   |
|    value_loss           | 9.04       |
----------------------------------------
  step   25005/500000 (  5.0%)  mean_rew=-0.048
------------------------------------------
| time/                   |              |
|    fps                  | 162          |
|    iterations           | 17           |
|    time_elapsed         | 160          |
|    total_timesteps      | 26112        |
| train/                  |              |
|    approx_kl            | 0.0090701245 |
|    clip_fraction        | 0.0111       |
|    clip_range           | 0.2          |
|    entropy_loss         | -0.989       |
|    explained_variance   | 0.906        |
|    learning_rate        | 0.0003       |
|    loss                 | 3.91         |
|    n_updates            | 160          |
|    policy_gradient_loss | -0.00203     |
|    value_loss           | 10.3         |
------------------------------------------
------------------------------------------
| time/                   |              |
|    fps                  | 165          |
|    iterations           | 18           |
|    time_elapsed         | 167          |
|    total_timesteps      | 27648        |
| train/                  |              |
|    approx_kl            | 0.0047333012 |
|    clip_fraction        | 0.00378      |
|    clip_range           | 0.2          |
|    entropy_loss         | -1.01        |
|    explained_variance   | 0.901        |
|    learning_rate        | 0.0003       |
|    loss                 | 2.85         |
|    n_updates            | 170          |
|    policy_gradient_loss | -0.000499    |
|    value_loss           | 9.43         |
------------------------------------------
------------------------------------------
| time/                   |              |
|    fps                  | 168          |
|    iterations           | 19           |
|    time_elapsed         | 173          |
|    total_timesteps      | 29184        |
| train/                  |              |
|    approx_kl            | 0.0007495137 |
|    clip_fraction        | 0            |
|    clip_range           | 0.2          |
|    entropy_loss         | -0.993       |
|    explained_variance   | 0.964        |
|    learning_rate        | 0.0003       |
|    loss                 | 1.45         |
|    n_updates            | 180          |
|    policy_gradient_loss | -0.000175    |
|    value_loss           | 2.94         |
------------------------------------------
  step   30006/500000 (  6.0%)  mean_rew=-0.241
------------------------------------------
| time/                   |              |
|    fps                  | 169          |
|    iterations           | 20           |
|    time_elapsed         | 181          |
|    total_timesteps      | 30720        |
| train/                  |              |
|    approx_kl            | 0.0032211058 |
|    clip_fraction        | 0.00775      |
|    clip_range           | 0.2          |
|    entropy_loss         | -0.983       |
|    explained_variance   | 0.891        |
|    learning_rate        | 0.0003       |
|    loss                 | 5.17         |
|    n_updates            | 190          |
|    policy_gradient_loss | -0.000932    |
|    value_loss           | 9.07         |
------------------------------------------
-------------------------------------------
| time/                   |               |
|    fps                  | 165           |
|    iterations           | 21            |
|    time_elapsed         | 194           |
|    total_timesteps      | 32256         |
| train/                  |               |
|    approx_kl            | 0.00041288533 |
|    clip_fraction        | 0             |
|    clip_range           | 0.2           |
|    entropy_loss         | -1.01         |
|    explained_variance   | 0.905         |
|    learning_rate        | 0.0003        |
|    loss                 | 2.94          |
|    n_updates            | 200           |
|    policy_gradient_loss | -0.000278     |
|    value_loss           | 8.76          |
-------------------------------------------
------------------------------------------
| time/                   |              |
|    fps                  | 165          |
|    iterations           | 22           |
|    time_elapsed         | 203          |
|    total_timesteps      | 33792        |
| train/                  |              |
|    approx_kl            | 0.0021471207 |
|    clip_fraction        | 0            |
|    clip_range           | 0.2          |
|    entropy_loss         | -1.06        |
|    explained_variance   | 0.939        |
|    learning_rate        | 0.0003       |
|    loss                 | 1.24         |
|    n_updates            | 210          |
|    policy_gradient_loss | -0.000581    |
|    value_loss           | 3.75         |
------------------------------------------
  step   35007/500000 (  7.0%)  mean_rew=-0.015
------------------------------------------
| time/                   |              |
|    fps                  | 165          |
|    iterations           | 23           |
|    time_elapsed         | 213          |
|    total_timesteps      | 35328        |
| train/                  |              |
|    approx_kl            | 0.0043902043 |
|    clip_fraction        | 0            |
|    clip_range           | 0.2          |
|    entropy_loss         | -1.02        |
|    explained_variance   | 0.9          |
|    learning_rate        | 0.0003       |
|    loss                 | 7.54         |
|    n_updates            | 220          |
|    policy_gradient_loss | -0.000539    |
|    value_loss           | 10.3         |
------------------------------------------
-----------------------------------------
| time/                   |             |
|    fps                  | 162         |
|    iterations           | 24          |
|    time_elapsed         | 226         |
|    total_timesteps      | 36864       |
| train/                  |             |
|    approx_kl            | 0.010244188 |
|    clip_fraction        | 0.0253      |
|    clip_range           | 0.2         |
|    entropy_loss         | -1.02       |
|    explained_variance   | 0.904       |
|    learning_rate        | 0.0003      |
|    loss                 | 2.8         |
|    n_updates            | 230         |
|    policy_gradient_loss | -0.00208    |
|    value_loss           | 11.6        |
-----------------------------------------
-----------------------------------------
| time/                   |             |
|    fps                  | 165         |
|    iterations           | 25          |
|    time_elapsed         | 232         |
|    total_timesteps      | 38400       |
| train/                  |             |
|    approx_kl            | 0.009220296 |
|    clip_fraction        | 0.01        |
|    clip_range           | 0.2         |
|    entropy_loss         | -1.05       |
|    explained_variance   | 0.881       |
|    learning_rate        | 0.0003      |
|    loss                 | 13.9        |
|    n_updates            | 240         |
|    policy_gradient_loss | -0.00177    |
|    value_loss           | 11.6        |
-----------------------------------------
-----------------------------------------
| time/                   |             |
|    fps                  | 166         |
|    iterations           | 26          |
|    time_elapsed         | 240         |
|    total_timesteps      | 39936       |
| train/                  |             |
|    approx_kl            | 0.006597917 |
|    clip_fraction        | 0.0253      |
|    clip_range           | 0.2         |
|    entropy_loss         | -1.01       |
|    explained_variance   | 0.982       |
|    learning_rate        | 0.0003      |
|    loss                 | 0.572       |
|    n_updates            | 250         |
|    policy_gradient_loss | -0.00288    |
|    value_loss           | 1.39        |
-----------------------------------------
  step   40008/500000 (  8.0%)  mean_rew=-0.122
-----------------------------------------
| time/                   |             |
|    fps                  | 165         |
|    iterations           | 27          |
|    time_elapsed         | 250         |
|    total_timesteps      | 41472       |
| train/                  |             |
|    approx_kl            | 0.002686078 |
|    clip_fraction        | 0           |
|    clip_range           | 0.2         |
|    entropy_loss         | -1.02       |
|    explained_variance   | 0.911       |
|    learning_rate        | 0.0003      |
|    loss                 | 2.47        |
|    n_updates            | 260         |
|    policy_gradient_loss | -0.000803   |
|    value_loss           | 10.7        |
-----------------------------------------
------------------------------------------
| time/                   |              |
|    fps                  | 166          |
|    iterations           | 28           |
|    time_elapsed         | 257          |
|    total_timesteps      | 43008        |
| train/                  |              |
|    approx_kl            | 0.0057983473 |
|    clip_fraction        | 0.00508      |
|    clip_range           | 0.2          |
|    entropy_loss         | -1.04        |
|    explained_variance   | 0.913        |
|    learning_rate        | 0.0003       |
|    loss                 | 6.69         |
|    n_updates            | 270          |
|    policy_gradient_loss | -0.00187     |
|    value_loss           | 11.1         |
------------------------------------------
------------------------------------------
| time/                   |              |
|    fps                  | 166          |
|    iterations           | 29           |
|    time_elapsed         | 267          |
|    total_timesteps      | 44544        |
| train/                  |              |
|    approx_kl            | 0.0045628143 |
|    clip_fraction        | 0            |
|    clip_range           | 0.2          |
|    entropy_loss         | -1.02        |
|    explained_variance   | 0.984        |
|    learning_rate        | 0.0003       |
|    loss                 | 0.859        |
|    n_updates            | 280          |
|    policy_gradient_loss | -0.0011      |
|    value_loss           | 1.73         |
------------------------------------------
  step   45009/500000 (  9.0%)  mean_rew=-0.358
-----------------------------------------
| time/                   |             |
|    fps                  | 166         |
|    iterations           | 30          |
|    time_elapsed         | 277         |
|    total_timesteps      | 46080       |
| train/                  |             |
|    approx_kl            | 0.004643691 |
|    clip_fraction        | 0           |
|    clip_range           | 0.2         |
|    entropy_loss         | -1.04       |
|    explained_variance   | 0.89        |
|    learning_rate        | 0.0003      |
|    loss                 | 5.13        |
|    n_updates            | 290         |
|    policy_gradient_loss | -0.00159    |
|    value_loss           | 11.6        |
-----------------------------------------
----------------------------------------
| time/                   |            |
|    fps                  | 164        |
|    iterations           | 31         |
|    time_elapsed         | 289        |
|    total_timesteps      | 47616      |
| train/                  |            |
|    approx_kl            | 0.00341087 |
|    clip_fraction        | 0.024      |
|    clip_range           | 0.2        |
|    entropy_loss         | -1.02      |
|    explained_variance   | 0.911      |
|    learning_rate        | 0.0003     |
|    loss                 | 5.28       |
|    n_updates            | 300        |
|    policy_gradient_loss | -0.00312   |
|    value_loss           | 12.8       |
----------------------------------------
------------------------------------------
| time/                   |              |
|    fps                  | 164          |
|    iterations           | 32           |
|    time_elapsed         | 298          |
|    total_timesteps      | 49152        |
| train/                  |              |
|    approx_kl            | 0.0046277656 |
|    clip_fraction        | 0.0105       |
|    clip_range           | 0.2          |
|    entropy_loss         | -1.02        |
|    explained_variance   | 0.893        |
|    learning_rate        | 0.0003       |
|    loss                 | 5.26         |
|    n_updates            | 310          |
|    policy_gradient_loss | -0.00201     |
|    value_loss           | 12.1         |
------------------------------------------
  step   50010/500000 ( 10.0%)  mean_rew=-0.010
-----------------------------------------
| time/                   |             |
|    fps                  | 165         |
|    iterations           | 33          |
|    time_elapsed         | 307         |
|    total_timesteps      | 50688       |
| train/                  |             |
|    approx_kl            | 0.005827608 |
|    clip_fraction        | 0.0244      |
|    clip_range           | 0.2         |
|    entropy_loss         | -1.03       |
|    explained_variance   | 0.981       |
|    learning_rate        | 0.0003      |
|    loss                 | 1.26        |
|    n_updates            | 320         |
|    policy_gradient_loss | -0.00231    |
|    value_loss           | 2.23        |
-----------------------------------------
----------------------------------------
| time/                   |            |
|    fps                  | 164        |
|    iterations           | 34         |
|    time_elapsed         | 316        |
|    total_timesteps      | 52224      |
| train/                  |            |
|    approx_kl            | 0.00938289 |
|    clip_fraction        | 0.0715     |
|    clip_range           | 0.2        |
|    entropy_loss         | -1.02      |
|    explained_variance   | 0.906      |
|    learning_rate        | 0.0003     |
|    loss                 | 12.5       |
|    n_updates            | 330        |
|    policy_gradient_loss | -0.00597   |
|    value_loss           | 12.2       |
----------------------------------------
-------------------------------------------
| time/                   |               |
|    fps                  | 166           |
|    iterations           | 35            |
|    time_elapsed         | 323           |
|    total_timesteps      | 53760         |
| train/                  |               |
|    approx_kl            | 0.00053678267 |
|    clip_fraction        | 0             |
|    clip_range           | 0.2           |
|    entropy_loss         | -1.01         |
|    explained_variance   | 0.918         |
|    learning_rate        | 0.0003        |
|    loss                 | 7.6           |
|    n_updates            | 340           |
|    policy_gradient_loss | 0.000139      |
|    value_loss           | 12.7          |
-------------------------------------------
  step   55011/500000 ( 11.0%)  mean_rew=-0.124
------------------------------------------
| time/                   |              |
|    fps                  | 167          |
|    iterations           | 36           |
|    time_elapsed         | 330          |
|    total_timesteps      | 55296        |
| train/                  |              |
|    approx_kl            | 0.0027360271 |
|    clip_fraction        | 0.0169       |
|    clip_range           | 0.2          |
|    entropy_loss         | -1.03        |
|    explained_variance   | 0.988        |
|    learning_rate        | 0.0003       |
|    loss                 | 0.352        |
|    n_updates            | 350          |
|    policy_gradient_loss | -0.000977    |
|    value_loss           | 1.4          |
------------------------------------------
------------------------------------------
| time/                   |              |
|    fps                  | 167          |
|    iterations           | 37           |
|    time_elapsed         | 338          |
|    total_timesteps      | 56832        |
| train/                  |              |
|    approx_kl            | 0.0073963194 |
|    clip_fraction        | 0.0372       |
|    clip_range           | 0.2          |
|    entropy_loss         | -1.04        |
|    explained_variance   | 0.891        |
|    learning_rate        | 0.0003       |
|    loss                 | 9.35         |
|    n_updates            | 360          |
|    policy_gradient_loss | -0.00758     |
|    value_loss           | 12.4         |
------------------------------------------
------------------------------------------
| time/                   |              |
|    fps                  | 170          |
|    iterations           | 38           |
|    time_elapsed         | 342          |
|    total_timesteps      | 58368        |
| train/                  |              |
|    approx_kl            | 0.0058529493 |
|    clip_fraction        | 0.0196       |
|    clip_range           | 0.2          |
|    entropy_loss         | -1.04        |
|    explained_variance   | 0.925        |
|    learning_rate        | 0.0003       |
|    loss                 | 2.68         |
|    n_updates            | 370          |
|    policy_gradient_loss | -0.00128     |
|    value_loss           | 12           |
------------------------------------------
------------------------------------------
| time/                   |              |
|    fps                  | 172          |
|    iterations           | 39           |
|    time_elapsed         | 346          |
|    total_timesteps      | 59904        |
| train/                  |              |
|    approx_kl            | 0.0051174914 |
|    clip_fraction        | 0.0144       |
|    clip_range           | 0.2          |
|    entropy_loss         | -0.986       |
|    explained_variance   | 0.772        |
|    learning_rate        | 0.0003       |
|    loss                 | 1.73         |
|    n_updates            | 380          |
|    policy_gradient_loss | -0.00288     |
|    value_loss           | 7.33         |
------------------------------------------
  step   60012/500000 ( 12.0%)  mean_rew=-0.188
-----------------------------------------
| time/                   |             |
|    fps                  | 173         |
|    iterations           | 40          |
|    time_elapsed         | 354         |
|    total_timesteps      | 61440       |
| train/                  |             |
|    approx_kl            | 0.008241438 |
|    clip_fraction        | 0.046       |
|    clip_range           | 0.2         |
|    entropy_loss         | -0.957      |
|    explained_variance   | 0.975       |
|    learning_rate        | 0.0003      |
|    loss                 | 0.528       |
|    n_updates            | 390         |
|    policy_gradient_loss | -0.00279    |
|    value_loss           | 1.32        |
-----------------------------------------
------------------------------------------
| time/                   |              |
|    fps                  | 173          |
|    iterations           | 41           |
|    time_elapsed         | 363          |
|    total_timesteps      | 62976        |
| train/                  |              |
|    approx_kl            | 0.0021546583 |
|    clip_fraction        | 0            |
|    clip_range           | 0.2          |
|    entropy_loss         | -0.989       |
|    explained_variance   | 0.921        |
|    learning_rate        | 0.0003       |
|    loss                 | 8.71         |
|    n_updates            | 400          |
|    policy_gradient_loss | -0.000638    |
|    value_loss           | 8.67         |
------------------------------------------
------------------------------------------
| time/                   |              |
|    fps                  | 175          |
|    iterations           | 42           |
|    time_elapsed         | 367          |
|    total_timesteps      | 64512        |
| train/                  |              |
|    approx_kl            | 0.0035177309 |
|    clip_fraction        | 0.0402       |
|    clip_range           | 0.2          |
|    entropy_loss         | -1.03        |
|    explained_variance   | 0.917        |
|    learning_rate        | 0.0003       |
|    loss                 | 2.56         |
|    n_updates            | 410          |
|    policy_gradient_loss | -0.00362     |
|    value_loss           | 9.82         |
------------------------------------------
  step   65013/500000 ( 13.0%)  mean_rew=-0.010
------------------------------------------
| time/                   |              |
|    fps                  | 177          |
|    iterations           | 43           |
|    time_elapsed         | 373          |
|    total_timesteps      | 66048        |
| train/                  |              |
|    approx_kl            | 0.0027115436 |
|    clip_fraction        | 0.00339      |
|    clip_range           | 0.2          |
|    entropy_loss         | -0.954       |
|    explained_variance   | 0.975        |
|    learning_rate        | 0.0003       |
|    loss                 | 0.715        |
|    n_updates            | 420          |
|    policy_gradient_loss | -2.25e-05    |
|    value_loss           | 1.31         |
------------------------------------------
------------------------------------------
| time/                   |              |
|    fps                  | 177          |
|    iterations           | 44           |
|    time_elapsed         | 380          |
|    total_timesteps      | 67584        |
| train/                  |              |
|    approx_kl            | 0.0074589364 |
|    clip_fraction        | 0.00937      |
|    clip_range           | 0.2          |
|    entropy_loss         | -0.951       |
|    explained_variance   | 0.862        |
|    learning_rate        | 0.0003       |
|    loss                 | 1.85         |
|    n_updates            | 430          |
|    policy_gradient_loss | -0.00236     |
|    value_loss           | 8.79         |
------------------------------------------
------------------------------------------
| time/                   |              |
|    fps                  | 177          |
|    iterations           | 45           |
|    time_elapsed         | 389          |
|    total_timesteps      | 69120        |
| train/                  |              |
|    approx_kl            | 0.0070419447 |
|    clip_fraction        | 0.0243       |
|    clip_range           | 0.2          |
|    entropy_loss         | -0.952       |
|    explained_variance   | 0.922        |
|    learning_rate        | 0.0003       |
|    loss                 | 2.69         |
|    n_updates            | 440          |
|    policy_gradient_loss | -0.00226     |
|    value_loss           | 8.18         |
------------------------------------------
  step   70014/500000 ( 14.0%)  mean_rew=-0.055
-----------------------------------------
| time/                   |             |
|    fps                  | 178         |
|    iterations           | 46          |
|    time_elapsed         | 396         |
|    total_timesteps      | 70656       |
| train/                  |             |
|    approx_kl            | 0.013538495 |
|    clip_fraction        | 0.0259      |
|    clip_range           | 0.2         |
|    entropy_loss         | -1.01       |
|    explained_variance   | 0.908       |
|    learning_rate        | 0.0003      |
|    loss                 | 7.47        |
|    n_updates            | 450         |
|    policy_gradient_loss | -0.00374    |
|    value_loss           | 9.98        |
-----------------------------------------
-----------------------------------------
| time/                   |             |
|    fps                  | 179         |
|    iterations           | 47          |
|    time_elapsed         | 402         |
|    total_timesteps      | 72192       |
| train/                  |             |
|    approx_kl            | 0.013796254 |
|    clip_fraction        | 0.0728      |
|    clip_range           | 0.2         |
|    entropy_loss         | -0.953      |
|    explained_variance   | 0.983       |
|    learning_rate        | 0.0003      |
|    loss                 | 0.383       |
|    n_updates            | 460         |
|    policy_gradient_loss | -0.0052     |
|    value_loss           | 1.69        |
-----------------------------------------
------------------------------------------
| time/                   |              |
|    fps                  | 179          |
|    iterations           | 48           |
|    time_elapsed         | 410          |
|    total_timesteps      | 73728        |
| train/                  |              |
|    approx_kl            | 0.0023563362 |
|    clip_fraction        | 0.000456     |
|    clip_range           | 0.2          |
|    entropy_loss         | -0.917       |
|    explained_variance   | 0.922        |
|    learning_rate        | 0.0003       |
|    loss                 | 6.05         |
|    n_updates            | 470          |
|    policy_gradient_loss | -0.00193     |
|    value_loss           | 10.3         |
------------------------------------------
  step   75015/500000 ( 15.0%)  mean_rew=-0.091
------------------------------------------
| time/                   |              |
|    fps                  | 181          |
|    iterations           | 49           |
|    time_elapsed         | 415          |
|    total_timesteps      | 75264        |
| train/                  |              |
|    approx_kl            | 0.0018568543 |
|    clip_fraction        | 0            |
|    clip_range           | 0.2          |
|    entropy_loss         | -0.968       |
|    explained_variance   | 0.922        |
|    learning_rate        | 0.0003       |
|    loss                 | 3.54         |
|    n_updates            | 480          |
|    policy_gradient_loss | -0.000795    |
|    value_loss           | 9.5          |
------------------------------------------
-----------------------------------------
| time/                   |             |
|    fps                  | 181         |
|    iterations           | 50          |
|    time_elapsed         | 422         |
|    total_timesteps      | 76800       |
| train/                  |             |
|    approx_kl            | 0.005512066 |
|    clip_fraction        | 0.0704      |
|    clip_range           | 0.2         |
|    entropy_loss         | -0.84       |
|    explained_variance   | 0.978       |
|    learning_rate        | 0.0003      |
|    loss                 | 0.624       |
|    n_updates            | 490         |
|    policy_gradient_loss | -0.00472    |
|    value_loss           | 1.23        |
-----------------------------------------
------------------------------------------
| time/                   |              |
|    fps                  | 181          |
|    iterations           | 51           |
|    time_elapsed         | 431          |
|    total_timesteps      | 78336        |
| train/                  |              |
|    approx_kl            | 0.0063039954 |
|    clip_fraction        | 0.0169       |
|    clip_range           | 0.2          |
|    entropy_loss         | -0.942       |
|    explained_variance   | 0.906        |
|    learning_rate        | 0.0003       |
|    loss                 | 6.74         |
|    n_updates            | 500          |
|    policy_gradient_loss | -0.00206     |
|    value_loss           | 9.95         |
------------------------------------------
------------------------------------------
| time/                   |              |
|    fps                  | 182          |
|    iterations           | 52           |
|    time_elapsed         | 438          |
|    total_timesteps      | 79872        |
| train/                  |              |
|    approx_kl            | 0.0058187754 |
|    clip_fraction        | 0.0579       |
|    clip_range           | 0.2          |
|    entropy_loss         | -0.954       |
|    explained_variance   | 0.927        |
|    learning_rate        | 0.0003       |
|    loss                 | 2.37         |
|    n_updates            | 510          |
|    policy_gradient_loss | -0.00332     |
|    value_loss           | 11           |
------------------------------------------
  step   80016/500000 ( 16.0%)  mean_rew=-0.170
------------------------------------------
| time/                   |              |
|    fps                  | 183          |
|    iterations           | 53           |
|    time_elapsed         | 443          |
|    total_timesteps      | 81408        |
| train/                  |              |
|    approx_kl            | 0.0069285673 |
|    clip_fraction        | 0.0208       |
|    clip_range           | 0.2          |
|    entropy_loss         | -0.921       |
|    explained_variance   | 0.99         |
|    learning_rate        | 0.0003       |
|    loss                 | 0.625        |
|    n_updates            | 520          |
|    policy_gradient_loss | -0.0012      |
|    value_loss           | 1.2          |
------------------------------------------
------------------------------------------
| time/                   |              |
|    fps                  | 184          |
|    iterations           | 54           |
|    time_elapsed         | 449          |
|    total_timesteps      | 82944        |
| train/                  |              |
|    approx_kl            | 0.0028843572 |
|    clip_fraction        | 0.0097       |
|    clip_range           | 0.2          |
|    entropy_loss         | -0.75        |
|    explained_variance   | 0.849        |
|    learning_rate        | 0.0003       |
|    loss                 | 1.76         |
|    n_updates            | 530          |
|    policy_gradient_loss | -0.00271     |
|    value_loss           | 8.46         |
------------------------------------------
------------------------------------------
| time/                   |              |
|    fps                  | 185          |
|    iterations           | 55           |
|    time_elapsed         | 456          |
|    total_timesteps      | 84480        |
| train/                  |              |
|    approx_kl            | 0.0052879057 |
|    clip_fraction        | 0.026        |
|    clip_range           | 0.2          |
|    entropy_loss         | -0.85        |
|    explained_variance   | 0.925        |
|    learning_rate        | 0.0003       |
|    loss                 | 3.81         |
|    n_updates            | 540          |
|    policy_gradient_loss | -0.00292     |
|    value_loss           | 8.32         |
------------------------------------------
  step   85017/500000 ( 17.0%)  mean_rew=-0.056
------------------------------------------
| time/                   |              |
|    fps                  | 184          |
|    iterations           | 56           |
|    time_elapsed         | 465          |
|    total_timesteps      | 86016        |
| train/                  |              |
|    approx_kl            | 0.0056114444 |
|    clip_fraction        | 0            |
|    clip_range           | 0.2          |
|    entropy_loss         | -0.948       |
|    explained_variance   | 0.918        |
|    learning_rate        | 0.0003       |
|    loss                 | 2.63         |
|    n_updates            | 550          |
|    policy_gradient_loss | -0.00275     |
|    value_loss           | 8.77         |
------------------------------------------
-----------------------------------------
| time/                   |             |
|    fps                  | 184         |
|    iterations           | 57          |
|    time_elapsed         | 473         |
|    total_timesteps      | 87552       |
| train/                  |             |
|    approx_kl            | 0.003298819 |
|    clip_fraction        | 0.00215     |
|    clip_range           | 0.2         |
|    entropy_loss         | -1.03       |
|    explained_variance   | 0.972       |
|    learning_rate        | 0.0003      |
|    loss                 | 1.16        |
|    n_updates            | 560         |
|    policy_gradient_loss | -0.00116    |
|    value_loss           | 2.53        |
-----------------------------------------
------------------------------------------
| time/                   |              |
|    fps                  | 184          |
|    iterations           | 58           |
|    time_elapsed         | 482          |
|    total_timesteps      | 89088        |
| train/                  |              |
|    approx_kl            | 0.0008289514 |
|    clip_fraction        | 0            |
|    clip_range           | 0.2          |
|    entropy_loss         | -0.983       |
|    explained_variance   | 0.911        |
|    learning_rate        | 0.0003       |
|    loss                 | 3.94         |
|    n_updates            | 570          |
|    policy_gradient_loss | -0.000271    |
|    value_loss           | 9.5          |
------------------------------------------
  step   90018/500000 ( 18.0%)  mean_rew=-0.347
------------------------------------------
| time/                   |              |
|    fps                  | 183          |
|    iterations           | 59           |
|    time_elapsed         | 493          |
|    total_timesteps      | 90624        |
| train/                  |              |
|    approx_kl            | 0.0012503633 |
|    clip_fraction        | 0            |
|    clip_range           | 0.2          |
|    entropy_loss         | -1           |
|    explained_variance   | 0.915        |
|    learning_rate        | 0.0003       |
|    loss                 | 11.8         |
|    n_updates            | 580          |
|    policy_gradient_loss | -0.000603    |
|    value_loss           | 11.4         |
------------------------------------------
-----------------------------------------
| time/                   |             |
|    fps                  | 184         |
|    iterations           | 60          |
|    time_elapsed         | 499         |
|    total_timesteps      | 92160       |
| train/                  |             |
|    approx_kl            | 0.012910499 |
|    clip_fraction        | 0.0277      |
|    clip_range           | 0.2         |
|    entropy_loss         | -1.04       |
|    explained_variance   | 0.976       |
|    learning_rate        | 0.0003      |
|    loss                 | 0.836       |
|    n_updates            | 590         |
|    policy_gradient_loss | -0.00241    |
|    value_loss           | 2.29        |
-----------------------------------------
-----------------------------------------
| time/                   |             |
|    fps                  | 184         |
|    iterations           | 61          |
|    time_elapsed         | 507         |
|    total_timesteps      | 93696       |
| train/                  |             |
|    approx_kl            | 0.006183903 |
|    clip_fraction        | 0.0331      |
|    clip_range           | 0.2         |
|    entropy_loss         | -0.901      |
|    explained_variance   | 0.908       |
|    learning_rate        | 0.0003      |
|    loss                 | 2.8         |
|    n_updates            | 600         |
|    policy_gradient_loss | -0.00243    |
|    value_loss           | 10.5        |
-----------------------------------------
  step   95019/500000 ( 19.0%)  mean_rew=-0.346
------------------------------------------
| time/                   |              |
|    fps                  | 184          |
|    iterations           | 62           |
|    time_elapsed         | 516          |
|    total_timesteps      | 95232        |
| train/                  |              |
|    approx_kl            | 0.0052317604 |
|    clip_fraction        | 0.015        |
|    clip_range           | 0.2          |
|    entropy_loss         | -0.899       |
|    explained_variance   | 0.916        |
|    learning_rate        | 0.0003       |
|    loss                 | 5.76         |
|    n_updates            | 610          |
|    policy_gradient_loss | -0.00244     |
|    value_loss           | 11.8         |
------------------------------------------
------------------------------------------
| time/                   |              |
|    fps                  | 185          |
|    iterations           | 63           |
|    time_elapsed         | 522          |
|    total_timesteps      | 96768        |
| train/                  |              |
|    approx_kl            | 0.0011086002 |
|    clip_fraction        | 0            |
|    clip_range           | 0.2          |
|    entropy_loss         | -0.941       |
|    explained_variance   | 0.911        |
|    learning_rate        | 0.0003       |
|    loss                 | 1.78         |
|    n_updates            | 620          |
|    policy_gradient_loss | 0.000135     |
|    value_loss           | 11.8         |
------------------------------------------
-----------------------------------------
| time/                   |             |
|    fps                  | 186         |
|    iterations           | 64          |
|    time_elapsed         | 527         |
|    total_timesteps      | 98304       |
| train/                  |             |
|    approx_kl            | 0.007231297 |
|    clip_fraction        | 0.079       |
|    clip_range           | 0.2         |
|    entropy_loss         | -0.848      |
|    explained_variance   | 0.985       |
|    learning_rate        | 0.0003      |
|    loss                 | 0.763       |
|    n_updates            | 630         |
|    policy_gradient_loss | -0.00389    |
|    value_loss           | 1.26        |
-----------------------------------------
-----------------------------------------
| time/                   |             |
|    fps                  | 186         |
|    iterations           | 65          |
|    time_elapsed         | 534         |
|    total_timesteps      | 99840       |
| train/                  |             |
|    approx_kl            | 0.003619972 |
|    clip_fraction        | 0.0467      |
|    clip_range           | 0.2         |
|    entropy_loss         | -0.812      |
|    explained_variance   | 0.901       |
|    learning_rate        | 0.0003      |
|    loss                 | 3.14        |
|    n_updates            | 640         |
|    policy_gradient_loss | -0.00469    |
|    value_loss           | 9.92        |
-----------------------------------------
  step  100020/500000 ( 20.0%)  mean_rew=-0.051
------------------------------------------
| time/                   |              |
|    fps                  | 185          |
|    iterations           | 66           |
|    time_elapsed         | 545          |
|    total_timesteps      | 101376       |
| train/                  |              |
|    approx_kl            | 0.0019876657 |
|    clip_fraction        | 0.022        |
|    clip_range           | 0.2          |
|    entropy_loss         | -0.912       |
|    explained_variance   | 0.913        |
|    learning_rate        | 0.0003       |
|    loss                 | 9.84         |
|    n_updates            | 650          |
|    policy_gradient_loss | -0.00295     |
|    value_loss           | 9.74         |
------------------------------------------
-----------------------------------------
| time/                   |             |
|    fps                  | 186         |
|    iterations           | 67          |
|    time_elapsed         | 552         |
|    total_timesteps      | 102912      |
| train/                  |             |
|    approx_kl            | 0.009115116 |
|    clip_fraction        | 0.0454      |
|    clip_range           | 0.2         |
|    entropy_loss         | -1.01       |
|    explained_variance   | 0.976       |
|    learning_rate        | 0.0003      |
|    loss                 | 0.777       |
|    n_updates            | 660         |
|    policy_gradient_loss | -0.00331    |
|    value_loss           | 2           |
-----------------------------------------
-----------------------------------------
| time/                   |             |
|    fps                  | 186         |
|    iterations           | 68          |
|    time_elapsed         | 560         |
|    total_timesteps      | 104448      |
| train/                  |             |
|    approx_kl            | 0.008944568 |
|    clip_fraction        | 0.0365      |
|    clip_range           | 0.2         |
|    entropy_loss         | -0.896      |
|    explained_variance   | 0.897       |
|    learning_rate        | 0.0003      |
|    loss                 | 5.48        |
|    n_updates            | 670         |
|    policy_gradient_loss | -0.00445    |
|    value_loss           | 9.93        |
-----------------------------------------
  step  105021/500000 ( 21.0%)  mean_rew=-0.314
------------------------------------------
| time/                   |              |
|    fps                  | 185          |
|    iterations           | 69           |
|    time_elapsed         | 570          |
|    total_timesteps      | 105984       |
| train/                  |              |
|    approx_kl            | 0.0042447518 |
|    clip_fraction        | 0.0294       |
|    clip_range           | 0.2          |
|    entropy_loss         | -0.891       |
|    explained_variance   | 0.913        |
|    learning_rate        | 0.0003       |
|    loss                 | 4.06         |
|    n_updates            | 680          |
|    policy_gradient_loss | -0.00354     |
|    value_loss           | 11           |
------------------------------------------
------------------------------------------
| time/                   |              |
|    fps                  | 185          |
|    iterations           | 70           |
|    time_elapsed         | 579          |
|    total_timesteps      | 107520       |
| train/                  |              |
|    approx_kl            | 0.0028511875 |
|    clip_fraction        | 0.00228      |
|    clip_range           | 0.2          |
|    entropy_loss         | -0.911       |
|    explained_variance   | 0.907        |
|    learning_rate        | 0.0003       |
|    loss                 | 4.73         |
|    n_updates            | 690          |
|    policy_gradient_loss | -0.00101     |
|    value_loss           | 11.8         |
------------------------------------------
-----------------------------------------
| time/                   |             |
|    fps                  | 186         |
|    iterations           | 71          |
|    time_elapsed         | 585         |
|    total_timesteps      | 109056      |
| train/                  |             |
|    approx_kl            | 0.008615803 |
|    clip_fraction        | 0.0277      |
|    clip_range           | 0.2         |
|    entropy_loss         | -0.845      |
|    explained_variance   | 0.982       |
|    learning_rate        | 0.0003      |
|    loss                 | 0.753       |
|    n_updates            | 700         |
|    policy_gradient_loss | -0.00248    |
|    value_loss           | 2.01        |
-----------------------------------------
  step  110022/500000 ( 22.0%)  mean_rew=-0.162
------------------------------------------
| time/                   |              |
|    fps                  | 187          |
|    iterations           | 72           |
|    time_elapsed         | 590          |
|    total_timesteps      | 110592       |
| train/                  |              |
|    approx_kl            | 0.0017455207 |
|    clip_fraction        | 6.51e-05     |
|    clip_range           | 0.2          |
|    entropy_loss         | -0.803       |
|    explained_variance   | 0.905        |
|    learning_rate        | 0.0003       |
|    loss                 | 7.99         |
|    n_updates            | 710          |
|    policy_gradient_loss | -0.000106    |
|    value_loss           | 11.4         |
------------------------------------------
-------------------------------------------
| time/                   |               |
|    fps                  | 186           |
|    iterations           | 73            |
|    time_elapsed         | 600           |
|    total_timesteps      | 112128        |
| train/                  |               |
|    approx_kl            | 0.00085686846 |
|    clip_fraction        | 0             |
|    clip_range           | 0.2           |
|    entropy_loss         | -0.818        |
|    explained_variance   | 0.872         |
|    learning_rate        | 0.0003        |
|    loss                 | 3.44          |
|    n_updates            | 720           |
|    policy_gradient_loss | -0.000285     |
|    value_loss           | 10.5          |
-------------------------------------------
------------------------------------------
| time/                   |              |
|    fps                  | 186          |
|    iterations           | 74           |
|    time_elapsed         | 607          |
|    total_timesteps      | 113664       |
| train/                  |              |
|    approx_kl            | 0.0036783041 |
|    clip_fraction        | 0.0229       |
|    clip_range           | 0.2          |
|    entropy_loss         | -0.826       |
|    explained_variance   | 0.976        |
|    learning_rate        | 0.0003       |
|    loss                 | 1.16         |
|    n_updates            | 730          |
|    policy_gradient_loss | -0.00139     |
|    value_loss           | 2.37         |
------------------------------------------
  step  115023/500000 ( 23.0%)  mean_rew=-0.021
-----------------------------------------
| time/                   |             |
|    fps                  | 187         |
|    iterations           | 75          |
|    time_elapsed         | 615         |
|    total_timesteps      | 115200      |
| train/                  |             |
|    approx_kl            | 0.005562767 |
|    clip_fraction        | 0.0359      |
|    clip_range           | 0.2         |
|    entropy_loss         | -0.811      |
|    explained_variance   | 0.91        |
|    learning_rate        | 0.0003      |
|    loss                 | 4.29        |
|    n_updates            | 740         |
|    policy_gradient_loss | -0.00126    |
|    value_loss           | 10.5        |
-----------------------------------------
------------------------------------------
| time/                   |              |
|    fps                  | 186          |
|    iterations           | 76           |
|    time_elapsed         | 625          |
|    total_timesteps      | 116736       |
| train/                  |              |
|    approx_kl            | 0.0021092633 |
|    clip_fraction        | 0.0156       |
|    clip_range           | 0.2          |
|    entropy_loss         | -0.782       |
|    explained_variance   | 0.923        |
|    learning_rate        | 0.0003       |
|    loss                 | 2.15         |
|    n_updates            | 750          |
|    policy_gradient_loss | -0.00282     |
|    value_loss           | 11.6         |
------------------------------------------
-----------------------------------------
| time/                   |             |
|    fps                  | 186         |
|    iterations           | 77          |
|    time_elapsed         | 633         |
|    total_timesteps      | 118272      |
| train/                  |             |
|    approx_kl            | 0.005348643 |
|    clip_fraction        | 0.0106      |
|    clip_range           | 0.2         |
|    entropy_loss         | -0.722      |
|    explained_variance   | 0.907       |
|    learning_rate        | 0.0003      |
|    loss                 | 3.79        |
|    n_updates            | 760         |
|    policy_gradient_loss | -0.000396   |
|    value_loss           | 11.8        |
-----------------------------------------
------------------------------------------
| time/                   |              |
|    fps                  | 186          |
|    iterations           | 78           |
|    time_elapsed         | 641          |
|    total_timesteps      | 119808       |
| train/                  |              |
|    approx_kl            | 0.0045135403 |
|    clip_fraction        | 0.0292       |
|    clip_range           | 0.2          |
|    entropy_loss         | -0.747       |
|    explained_variance   | 0.987        |
|    learning_rate        | 0.0003       |
|    loss                 | 0.817        |
|    n_updates            | 770          |
|    policy_gradient_loss | -0.00403     |
|    value_loss           | 1.57         |
------------------------------------------
  step  120024/500000 ( 24.0%)  mean_rew=-0.252
------------------------------------------
| time/                   |              |
|    fps                  | 186          |
|    iterations           | 79           |
|    time_elapsed         | 650          |
|    total_timesteps      | 121344       |
| train/                  |              |
|    approx_kl            | 0.0031416155 |
|    clip_fraction        | 0.00566      |
|    clip_range           | 0.2          |
|    entropy_loss         | -0.752       |
|    explained_variance   | 0.91         |
|    learning_rate        | 0.0003       |
|    loss                 | 6.13         |
|    n_updates            | 780          |
|    policy_gradient_loss | -0.00144     |
|    value_loss           | 12.7         |
------------------------------------------
-----------------------------------------
| time/                   |             |
|    fps                  | 186         |
|    iterations           | 80          |
|    time_elapsed         | 658         |
|    total_timesteps      | 122880      |
| train/                  |             |
|    approx_kl            | 0.004582188 |
|    clip_fraction        | 0.0645      |
|    clip_range           | 0.2         |
|    entropy_loss         | -0.682      |
|    explained_variance   | 0.929       |
|    learning_rate        | 0.0003      |
|    loss                 | 15.4        |
|    n_updates            | 790         |
|    policy_gradient_loss | -0.00597    |
|    value_loss           | 13          |
-----------------------------------------
-----------------------------------------
| time/                   |             |
|    fps                  | 186         |
|    iterations           | 81          |
|    time_elapsed         | 666         |
|    total_timesteps      | 124416      |
| train/                  |             |
|    approx_kl            | 0.005870145 |
|    clip_fraction        | 0.0536      |
|    clip_range           | 0.2         |
|    entropy_loss         | -0.736      |
|    explained_variance   | 0.983       |
|    learning_rate        | 0.0003      |
|    loss                 | 0.997       |
|    n_updates            | 800         |
|    policy_gradient_loss | -0.00343    |
|    value_loss           | 2.42        |
-----------------------------------------
  step  125025/500000 ( 25.0%)  mean_rew=-0.338
------------------------------------------
| time/                   |              |
|    fps                  | 186          |
|    iterations           | 82           |
|    time_elapsed         | 675          |
|    total_timesteps      | 125952       |
| train/                  |              |
|    approx_kl            | 0.0027830557 |
|    clip_fraction        | 0.00013      |
|    clip_range           | 0.2          |
|    entropy_loss         | -0.76        |
|    explained_variance   | 0.903        |
|    learning_rate        | 0.0003       |
|    loss                 | 2.49         |
|    n_updates            | 810          |
|    policy_gradient_loss | -0.000593    |
|    value_loss           | 12.5         |
------------------------------------------
-------------------------------------------
| time/                   |               |
|    fps                  | 185           |
|    iterations           | 83            |
|    time_elapsed         | 686           |
|    total_timesteps      | 127488        |
| train/                  |               |
|    approx_kl            | 0.00015016964 |
|    clip_fraction        | 0             |
|    clip_range           | 0.2           |
|    entropy_loss         | -0.731        |
|    explained_variance   | 0.921         |
|    learning_rate        | 0.0003        |
|    loss                 | 3.9           |
|    n_updates            | 820           |
|    policy_gradient_loss | -0.000238     |
|    value_loss           | 12.6          |
-------------------------------------------
------------------------------------------
| time/                   |              |
|    fps                  | 185          |
|    iterations           | 84           |
|    time_elapsed         | 694          |
|    total_timesteps      | 129024       |
| train/                  |              |
|    approx_kl            | 0.0027720623 |
|    clip_fraction        | 0.0236       |
|    clip_range           | 0.2          |
|    entropy_loss         | -0.732       |
|    explained_variance   | 0.903        |
|    learning_rate        | 0.0003       |
|    loss                 | 1.34         |
|    n_updates            | 830          |
|    policy_gradient_loss | -0.000995    |
|    value_loss           | 13           |
------------------------------------------
  step  130026/500000 ( 26.0%)  mean_rew=-0.005
------------------------------------------
| time/                   |              |
|    fps                  | 185          |
|    iterations           | 85           |
|    time_elapsed         | 702          |
|    total_timesteps      | 130560       |
| train/                  |              |
|    approx_kl            | 0.0033424525 |
|    clip_fraction        | 0.0268       |
|    clip_range           | 0.2          |
|    entropy_loss         | -0.747       |
|    explained_variance   | 0.985        |
|    learning_rate        | 0.0003       |
|    loss                 | 1.07         |
|    n_updates            | 840          |
|    policy_gradient_loss | -0.00255     |
|    value_loss           | 1.94         |
------------------------------------------
------------------------------------------
| time/                   |              |
|    fps                  | 185          |
|    iterations           | 86           |
|    time_elapsed         | 712          |
|    total_timesteps      | 132096       |
| train/                  |              |
|    approx_kl            | 0.0017740802 |
|    clip_fraction        | 0.00508      |
|    clip_range           | 0.2          |
|    entropy_loss         | -0.698       |
|    explained_variance   | 0.91         |
|    learning_rate        | 0.0003       |
|    loss                 | 8.87         |
|    n_updates            | 850          |
|    policy_gradient_loss | -0.0011      |
|    value_loss           | 13.7         |
------------------------------------------
-----------------------------------------
| time/                   |             |
|    fps                  | 185         |
|    iterations           | 87          |
|    time_elapsed         | 721         |
|    total_timesteps      | 133632      |
| train/                  |             |
|    approx_kl            | 0.006161824 |
|    clip_fraction        | 0.0432      |
|    clip_range           | 0.2         |
|    entropy_loss         | -0.713      |
|    explained_variance   | 0.926       |
|    learning_rate        | 0.0003      |
|    loss                 | 4.38        |
|    n_updates            | 860         |
|    policy_gradient_loss | -0.00281    |
|    value_loss           | 13.7        |
-----------------------------------------
  step  135027/500000 ( 27.0%)  mean_rew=-0.019
------------------------------------------
| time/                   |              |
|    fps                  | 186          |
|    iterations           | 88           |
|    time_elapsed         | 726          |
|    total_timesteps      | 135168       |
| train/                  |              |
|    approx_kl            | 0.0013760729 |
|    clip_fraction        | 0.021        |
|    clip_range           | 0.2          |
|    entropy_loss         | -0.773       |
|    explained_variance   | 0.987        |
|    learning_rate        | 0.0003       |
|    loss                 | 0.668        |
|    n_updates            | 870          |
|    policy_gradient_loss | -0.00103     |
|    value_loss           | 1.58         |
------------------------------------------
-----------------------------------------
| time/                   |             |
|    fps                  | 187         |
|    iterations           | 89          |
|    time_elapsed         | 729         |
|    total_timesteps      | 136704      |
| train/                  |             |
|    approx_kl            | 0.006331932 |
|    clip_fraction        | 0.0624      |
|    clip_range           | 0.2         |
|    entropy_loss         | -0.643      |
|    explained_variance   | 0.855       |
|    learning_rate        | 0.0003      |
|    loss                 | 6.39        |
|    n_updates            | 880         |
|    policy_gradient_loss | -0.0048     |
|    value_loss           | 10.8        |
-----------------------------------------
------------------------------------------
| time/                   |              |
|    fps                  | 186          |
|    iterations           | 90           |
|    time_elapsed         | 739          |
|    total_timesteps      | 138240       |
| train/                  |              |
|    approx_kl            | 0.0029738396 |
|    clip_fraction        | 0.0617       |
|    clip_range           | 0.2          |
|    entropy_loss         | -0.718       |
|    explained_variance   | 0.741        |
|    learning_rate        | 0.0003       |
|    loss                 | 0.745        |
|    n_updates            | 890          |
|    policy_gradient_loss | -0.00241     |
|    value_loss           | 2.27         |
------------------------------------------
------------------------------------------
| time/                   |              |
|    fps                  | 187          |
|    iterations           | 91           |
|    time_elapsed         | 747          |
|    total_timesteps      | 139776       |
| train/                  |              |
|    approx_kl            | 0.0042678295 |
|    clip_fraction        | 0.0187       |
|    clip_range           | 0.2          |
|    entropy_loss         | -0.866       |
|    explained_variance   | 0.91         |
|    learning_rate        | 0.0003       |
|    loss                 | 10.8         |
|    n_updates            | 900          |
|    policy_gradient_loss | -0.00334     |
|    value_loss           | 11.7         |
------------------------------------------
  step  140028/500000 ( 28.0%)  mean_rew=-0.348
------------------------------------------
| time/                   |              |
|    fps                  | 186          |
|    iterations           | 92           |
|    time_elapsed         | 755          |
|    total_timesteps      | 141312       |
| train/                  |              |
|    approx_kl            | 0.0077548637 |
|    clip_fraction        | 0.0604       |
|    clip_range           | 0.2          |
|    entropy_loss         | -0.818       |
|    explained_variance   | 0.986        |
|    learning_rate        | 0.0003       |
|    loss                 | 1.12         |
|    n_updates            | 910          |
|    policy_gradient_loss | -0.00452     |
|    value_loss           | 1.6          |
------------------------------------------
------------------------------------------
| time/                   |              |
|    fps                  | 186          |
|    iterations           | 93           |
|    time_elapsed         | 765          |
|    total_timesteps      | 142848       |
| train/                  |              |
|    approx_kl            | 0.0030052587 |
|    clip_fraction        | 0.0421       |
|    clip_range           | 0.2          |
|    entropy_loss         | -0.785       |
|    explained_variance   | 0.911        |
|    learning_rate        | 0.0003       |
|    loss                 | 3.27         |
|    n_updates            | 920          |
|    policy_gradient_loss | -0.00373     |
|    value_loss           | 12.4         |
------------------------------------------
------------------------------------------
| time/                   |              |
|    fps                  | 186          |
|    iterations           | 94           |
|    time_elapsed         | 774          |
|    total_timesteps      | 144384       |
| train/                  |              |
|    approx_kl            | 0.0040538297 |
|    clip_fraction        | 0.0516       |
|    clip_range           | 0.2          |
|    entropy_loss         | -0.81        |
|    explained_variance   | 0.927        |
|    learning_rate        | 0.0003       |
|    loss                 | 3            |
|    n_updates            | 930          |
|    policy_gradient_loss | -0.00416     |
|    value_loss           | 12.3         |
------------------------------------------
  step  145029/500000 ( 29.0%)  mean_rew=-0.021
------------------------------------------
| time/                   |              |
|    fps                  | 187          |
|    iterations           | 95           |
|    time_elapsed         | 779          |
|    total_timesteps      | 145920       |
| train/                  |              |
|    approx_kl            | 0.0033576153 |
|    clip_fraction        | 0.00651      |
|    clip_range           | 0.2          |
|    entropy_loss         | -0.828       |
|    explained_variance   | 0.984        |
|    learning_rate        | 0.0003       |
|    loss                 | 0.801        |
|    n_updates            | 940          |
|    policy_gradient_loss | -0.00163     |
|    value_loss           | 1.94         |
------------------------------------------
------------------------------------------
| time/                   |              |
|    fps                  | 187          |
|    iterations           | 96           |
|    time_elapsed         | 786          |
|    total_timesteps      | 147456       |
| train/                  |              |
|    approx_kl            | 0.0023495604 |
|    clip_fraction        | 0.0175       |
|    clip_range           | 0.2          |
|    entropy_loss         | -0.592       |
|    explained_variance   | 0.88         |
|    learning_rate        | 0.0003       |
|    loss                 | 16.4         |
|    n_updates            | 950          |
|    policy_gradient_loss | -0.003       |
|    value_loss           | 11           |
------------------------------------------
------------------------------------------
| time/                   |              |
|    fps                  | 187          |
|    iterations           | 97           |
|    time_elapsed         | 793          |
|    total_timesteps      | 148992       |
| train/                  |              |
|    approx_kl            | 0.0025539554 |
|    clip_fraction        | 0.00319      |
|    clip_range           | 0.2          |
|    entropy_loss         | -0.673       |
|    explained_variance   | 0.85         |
|    learning_rate        | 0.0003       |
|    loss                 | 3.56         |
|    n_updates            | 960          |
|    policy_gradient_loss | -0.00119     |
|    value_loss           | 10.1         |
------------------------------------------
  step  150030/500000 ( 30.0%)  mean_rew=-0.015
------------------------------------------
| time/                   |              |
|    fps                  | 189          |
|    iterations           | 98           |
|    time_elapsed         | 796          |
|    total_timesteps      | 150528       |
| train/                  |              |
|    approx_kl            | 0.0039336476 |
|    clip_fraction        | 0.0199       |
|    clip_range           | 0.2          |
|    entropy_loss         | -0.743       |
|    explained_variance   | 0.985        |
|    learning_rate        | 0.0003       |
|    loss                 | 0.246        |
|    n_updates            | 970          |
|    policy_gradient_loss | -0.00392     |
|    value_loss           | 0.872        |
------------------------------------------
-----------------------------------------
| time/                   |             |
|    fps                  | 189         |
|    iterations           | 99          |
|    time_elapsed         | 802         |
|    total_timesteps      | 152064      |
| train/                  |             |
|    approx_kl            | 0.003186674 |
|    clip_fraction        | 0.0521      |
|    clip_range           | 0.2         |
|    entropy_loss         | -0.622      |
|    explained_variance   | -1.61       |
|    learning_rate        | 0.0003      |
|    loss                 | 1.3         |
|    n_updates            | 980         |
|    policy_gradient_loss | -0.00407    |
|    value_loss           | 2.59        |
-----------------------------------------
-----------------------------------------
| time/                   |             |
|    fps                  | 189         |
|    iterations           | 100         |
|    time_elapsed         | 812         |
|    total_timesteps      | 153600      |
| train/                  |             |
|    approx_kl            | 0.004577615 |
|    clip_fraction        | 0.0548      |
|    clip_range           | 0.2         |
|    entropy_loss         | -0.748      |
|    explained_variance   | 0.813       |
|    learning_rate        | 0.0003      |
|    loss                 | 0.389       |
|    n_updates            | 990         |
|    policy_gradient_loss | -0.0027     |
|    value_loss           | 1.53        |
-----------------------------------------
  step  155031/500000 ( 31.0%)  mean_rew=-0.345
------------------------------------------
| time/                   |              |
|    fps                  | 188          |
|    iterations           | 101          |
|    time_elapsed         | 820          |
|    total_timesteps      | 155136       |
| train/                  |              |
|    approx_kl            | 0.0055779186 |
|    clip_fraction        | 0.0441       |
|    clip_range           | 0.2          |
|    entropy_loss         | -0.801       |
|    explained_variance   | 0.804        |
|    learning_rate        | 0.0003       |
|    loss                 | 0.696        |
|    n_updates            | 1000         |
|    policy_gradient_loss | -0.00401     |
|    value_loss           | 4.93         |
------------------------------------------
-----------------------------------------
| time/                   |             |
|    fps                  | 189         |
|    iterations           | 102         |
|    time_elapsed         | 828         |
|    total_timesteps      | 156672      |
| train/                  |             |
|    approx_kl            | 0.004475092 |
|    clip_fraction        | 0.00801     |
|    clip_range           | 0.2         |
|    entropy_loss         | -0.805      |
|    explained_variance   | 0.927       |
|    learning_rate        | 0.0003      |
|    loss                 | 0.54        |
|    n_updates            | 1010        |
|    policy_gradient_loss | -0.00122    |
|    value_loss           | 1.81        |
-----------------------------------------
-----------------------------------------
| time/                   |             |
|    fps                  | 188         |
|    iterations           | 103         |
|    time_elapsed         | 837         |
|    total_timesteps      | 158208      |
| train/                  |             |
|    approx_kl            | 0.008085963 |
|    clip_fraction        | 0.0264      |
|    clip_range           | 0.2         |
|    entropy_loss         | -0.784      |
|    explained_variance   | 0.9         |
|    learning_rate        | 0.0003      |
|    loss                 | 1.97        |
|    n_updates            | 1020        |
|    policy_gradient_loss | -0.00241    |
|    value_loss           | 6.17        |
-----------------------------------------
------------------------------------------
| time/                   |              |
|    fps                  | 188          |
|    iterations           | 104          |
|    time_elapsed         | 846          |
|    total_timesteps      | 159744       |
| train/                  |              |
|    approx_kl            | 0.0037471254 |
|    clip_fraction        | 0.0172       |
|    clip_range           | 0.2          |
|    entropy_loss         | -0.766       |
|    explained_variance   | 0.917        |
|    learning_rate        | 0.0003       |
|    loss                 | 3.21         |
|    n_updates            | 1030         |
|    policy_gradient_loss | -0.00201     |
|    value_loss           | 7.69         |
------------------------------------------
  step  160032/500000 ( 32.0%)  mean_rew=-0.026
----------------------------------------
| time/                   |            |
|    fps                  | 189        |
|    iterations           | 105        |
|    time_elapsed         | 851        |
|    total_timesteps      | 161280     |
| train/                  |            |
|    approx_kl            | 0.00667437 |
|    clip_fraction        | 0.0436     |
|    clip_range           | 0.2        |
|    entropy_loss         | -0.801     |
|    explained_variance   | 0.969      |
|    learning_rate        | 0.0003     |
|    loss                 | 1.92       |
|    n_updates            | 1040       |
|    policy_gradient_loss | -0.00198   |
|    value_loss           | 2.18       |
----------------------------------------
------------------------------------------
| time/                   |              |
|    fps                  | 189          |
|    iterations           | 106          |
|    time_elapsed         | 858          |
|    total_timesteps      | 162816       |
| train/                  |              |
|    approx_kl            | 0.0049834447 |
|    clip_fraction        | 0.00521      |
|    clip_range           | 0.2          |
|    entropy_loss         | -0.693       |
|    explained_variance   | 0.791        |
|    learning_rate        | 0.0003       |
|    loss                 | 4.16         |
|    n_updates            | 1050         |
|    policy_gradient_loss | -0.000728    |
|    value_loss           | 6.37         |
------------------------------------------
------------------------------------------
| time/                   |              |
|    fps                  | 189          |
|    iterations           | 107          |
|    time_elapsed         | 869          |
|    total_timesteps      | 164352       |
| train/                  |              |
|    approx_kl            | 0.0015229465 |
|    clip_fraction        | 0.0132       |
|    clip_range           | 0.2          |
|    entropy_loss         | -0.772       |
|    explained_variance   | 0.908        |
|    learning_rate        | 0.0003       |
|    loss                 | 8.79         |
|    n_updates            | 1060         |
|    policy_gradient_loss | -0.00131     |
|    value_loss           | 6.97         |
------------------------------------------
  step  165033/500000 ( 33.0%)  mean_rew=-0.042
------------------------------------------
| time/                   |              |
|    fps                  | 189          |
|    iterations           | 108          |
|    time_elapsed         | 876          |
|    total_timesteps      | 165888       |
| train/                  |              |
|    approx_kl            | 0.0048190258 |
|    clip_fraction        | 0.0419       |
|    clip_range           | 0.2          |
|    entropy_loss         | -0.766       |
|    explained_variance   | 0.892        |
|    learning_rate        | 0.0003       |
|    loss                 | 4.22         |
|    n_updates            | 1070         |
|    policy_gradient_loss | -0.0027      |
|    value_loss           | 9.07         |
------------------------------------------
------------------------------------------
| time/                   |              |
|    fps                  | 189          |
|    iterations           | 109          |
|    time_elapsed         | 884          |
|    total_timesteps      | 167424       |
| train/                  |              |
|    approx_kl            | 0.0045903972 |
|    clip_fraction        | 0.0223       |
|    clip_range           | 0.2          |
|    entropy_loss         | -0.754       |
|    explained_variance   | 0.98         |
|    learning_rate        | 0.0003       |
|    loss                 | 0.646        |
|    n_updates            | 1080         |
|    policy_gradient_loss | -0.00231     |
|    value_loss           | 1.44         |
------------------------------------------
------------------------------------------
| time/                   |              |
|    fps                  | 189          |
|    iterations           | 110          |
|    time_elapsed         | 893          |
|    total_timesteps      | 168960       |
| train/                  |              |
|    approx_kl            | 0.0020001198 |
|    clip_fraction        | 0            |
|    clip_range           | 0.2          |
|    entropy_loss         | -0.794       |
|    explained_variance   | 0.907        |
|    learning_rate        | 0.0003       |
|    loss                 | 3.36         |
|    n_updates            | 1090         |
|    policy_gradient_loss | -0.0014      |
|    value_loss           | 9.46         |
------------------------------------------
  step  170034/500000 ( 34.0%)  mean_rew=-0.303
------------------------------------------
| time/                   |              |
|    fps                  | 188          |
|    iterations           | 111          |
|    time_elapsed         | 902          |
|    total_timesteps      | 170496       |
| train/                  |              |
|    approx_kl            | 0.0060709342 |
|    clip_fraction        | 0.00885      |
|    clip_range           | 0.2          |
|    entropy_loss         | -0.817       |
|    explained_variance   | 0.923        |
|    learning_rate        | 0.0003       |
|    loss                 | 6.76         |
|    n_updates            | 1100         |
|    policy_gradient_loss | -0.00195     |
|    value_loss           | 10.4         |
------------------------------------------
------------------------------------------
| time/                   |              |
|    fps                  | 189          |
|    iterations           | 112          |
|    time_elapsed         | 909          |
|    total_timesteps      | 172032       |
| train/                  |              |
|    approx_kl            | 0.0064412747 |
|    clip_fraction        | 0.0281       |
|    clip_range           | 0.2          |
|    entropy_loss         | -0.847       |
|    explained_variance   | 0.977        |
|    learning_rate        | 0.0003       |
|    loss                 | 0.744        |
|    n_updates            | 1110         |
|    policy_gradient_loss | -0.00293     |
|    value_loss           | 2.25         |
------------------------------------------
------------------------------------------
| time/                   |              |
|    fps                  | 189          |
|    iterations           | 113          |
|    time_elapsed         | 916          |
|    total_timesteps      | 173568       |
| train/                  |              |
|    approx_kl            | 0.0013952745 |
|    clip_fraction        | 0.00911      |
|    clip_range           | 0.2          |
|    entropy_loss         | -0.814       |
|    explained_variance   | 0.9          |
|    learning_rate        | 0.0003       |
|    loss                 | 2.67         |
|    n_updates            | 1120         |
|    policy_gradient_loss | -0.000484    |
|    value_loss           | 9.9          |
------------------------------------------
  step  175035/500000 ( 35.0%)  mean_rew=-0.198
-----------------------------------------
| time/                   |             |
|    fps                  | 189         |
|    iterations           | 114         |
|    time_elapsed         | 923         |
|    total_timesteps      | 175104      |
| train/                  |             |
|    approx_kl            | 0.001395068 |
|    clip_fraction        | 0.0043      |
|    clip_range           | 0.2         |
|    entropy_loss         | -0.813      |
|    explained_variance   | 0.928       |
|    learning_rate        | 0.0003      |
|    loss                 | 13.9        |
|    n_updates            | 1130        |
|    policy_gradient_loss | -0.000738   |
|    value_loss           | 10.8        |
-----------------------------------------
------------------------------------------
| time/                   |              |
|    fps                  | 190          |
|    iterations           | 115          |
|    time_elapsed         | 928          |
|    total_timesteps      | 176640       |
| train/                  |              |
|    approx_kl            | 0.0014359296 |
|    clip_fraction        | 0.00228      |
|    clip_range           | 0.2          |
|    entropy_loss         | -0.833       |
|    explained_variance   | 0.903        |
|    learning_rate        | 0.0003       |
|    loss                 | 6.3          |
|    n_updates            | 1140         |
|    policy_gradient_loss | -0.00072     |
|    value_loss           | 10.7         |
------------------------------------------
-----------------------------------------
| time/                   |             |
|    fps                  | 190         |
|    iterations           | 116         |
|    time_elapsed         | 936         |
|    total_timesteps      | 178176      |
| train/                  |             |
|    approx_kl            | 0.005441176 |
|    clip_fraction        | 0.0346      |
|    clip_range           | 0.2         |
|    entropy_loss         | -0.804      |
|    explained_variance   | 0.982       |
|    learning_rate        | 0.0003      |
|    loss                 | 0.258       |
|    n_updates            | 1150        |
|    policy_gradient_loss | -0.00362    |
|    value_loss           | 1.04        |
-----------------------------------------
-----------------------------------------
| time/                   |             |
|    fps                  | 190         |
|    iterations           | 117         |
|    time_elapsed         | 945         |
|    total_timesteps      | 179712      |
| train/                  |             |
|    approx_kl            | 0.005397471 |
|    clip_fraction        | 0.0647      |
|    clip_range           | 0.2         |
|    entropy_loss         | -0.913      |
|    explained_variance   | 0.904       |
|    learning_rate        | 0.0003      |
|    loss                 | 2.41        |
|    n_updates            | 1160        |
|    policy_gradient_loss | -0.00844    |
|    value_loss           | 9.95        |
-----------------------------------------
  step  180036/500000 ( 36.0%)  mean_rew=-0.008
------------------------------------------
| time/                   |              |
|    fps                  | 190          |
|    iterations           | 118          |
|    time_elapsed         | 951          |
|    total_timesteps      | 181248       |
| train/                  |              |
|    approx_kl            | 0.0046802503 |
|    clip_fraction        | 0.0231       |
|    clip_range           | 0.2          |
|    entropy_loss         | -0.926       |
|    explained_variance   | 0.927        |
|    learning_rate        | 0.0003       |
|    loss                 | 6.83         |
|    n_updates            | 1170         |
|    policy_gradient_loss | -0.00206     |
|    value_loss           | 10.7         |
------------------------------------------
-----------------------------------------
| time/                   |             |
|    fps                  | 190         |
|    iterations           | 119         |
|    time_elapsed         | 959         |
|    total_timesteps      | 182784      |
| train/                  |             |
|    approx_kl            | 0.002134633 |
|    clip_fraction        | 0.00931     |
|    clip_range           | 0.2         |
|    entropy_loss         | -0.88       |
|    explained_variance   | 0.983       |
|    learning_rate        | 0.0003      |
|    loss                 | 1.39        |
|    n_updates            | 1180        |
|    policy_gradient_loss | -0.0016     |
|    value_loss           | 1.87        |
-----------------------------------------
------------------------------------------
| time/                   |              |
|    fps                  | 190          |
|    iterations           | 120          |
|    time_elapsed         | 967          |
|    total_timesteps      | 184320       |
| train/                  |              |
|    approx_kl            | 0.0020344218 |
|    clip_fraction        | 0.000391     |
|    clip_range           | 0.2          |
|    entropy_loss         | -0.927       |
|    explained_variance   | 0.904        |
|    learning_rate        | 0.0003       |
|    loss                 | 4.74         |
|    n_updates            | 1190         |
|    policy_gradient_loss | -0.00165     |
|    value_loss           | 11           |
------------------------------------------
  step  185037/500000 ( 37.0%)  mean_rew=-0.330
------------------------------------------
| time/                   |              |
|    fps                  | 190          |
|    iterations           | 121          |
|    time_elapsed         | 977          |
|    total_timesteps      | 185856       |
| train/                  |              |
|    approx_kl            | 0.0062487237 |
|    clip_fraction        | 0.0406       |
|    clip_range           | 0.2          |
|    entropy_loss         | -0.941       |
|    explained_variance   | 0.919        |
|    learning_rate        | 0.0003       |
|    loss                 | 9.73         |
|    n_updates            | 1200         |
|    policy_gradient_loss | -0.00475     |
|    value_loss           | 11.2         |
------------------------------------------
----------------------------------------
| time/                   |            |
|    fps                  | 189        |
|    iterations           | 122        |
|    time_elapsed         | 986        |
|    total_timesteps      | 187392     |
| train/                  |            |
|    approx_kl            | 0.00878738 |
|    clip_fraction        | 0.066      |
|    clip_range           | 0.2        |
|    entropy_loss         | -0.982     |
|    explained_variance   | 0.908      |
|    learning_rate        | 0.0003     |
|    loss                 | 3.04       |
|    n_updates            | 1210       |
|    policy_gradient_loss | -0.00359   |
|    value_loss           | 12         |
----------------------------------------
-----------------------------------------
| time/                   |             |
|    fps                  | 189         |
|    iterations           | 123         |
|    time_elapsed         | 994         |
|    total_timesteps      | 188928      |
| train/                  |             |
|    approx_kl            | 0.009453162 |
|    clip_fraction        | 0.0171      |
|    clip_range           | 0.2         |
|    entropy_loss         | -0.924      |
|    explained_variance   | 0.984       |
|    learning_rate        | 0.0003      |
|    loss                 | 0.601       |
|    n_updates            | 1220        |
|    policy_gradient_loss | -0.00308    |
|    value_loss           | 1.89        |
-----------------------------------------
  step  190038/500000 ( 38.0%)  mean_rew=-0.333
------------------------------------------
| time/                   |              |
|    fps                  | 189          |
|    iterations           | 124          |
|    time_elapsed         | 1003         |
|    total_timesteps      | 190464       |
| train/                  |              |
|    approx_kl            | 0.0026941367 |
|    clip_fraction        | 0.0187       |
|    clip_range           | 0.2          |
|    entropy_loss         | -0.901       |
|    explained_variance   | 0.91         |
|    learning_rate        | 0.0003       |
|    loss                 | 8.11         |
|    n_updates            | 1230         |
|    policy_gradient_loss | -0.0033      |
|    value_loss           | 12.7         |
------------------------------------------
------------------------------------------
| time/                   |              |
|    fps                  | 189          |
|    iterations           | 125          |
|    time_elapsed         | 1013         |
|    total_timesteps      | 192000       |
| train/                  |              |
|    approx_kl            | 0.0022676103 |
|    clip_fraction        | 0            |
|    clip_range           | 0.2          |
|    entropy_loss         | -0.927       |
|    explained_variance   | 0.931        |
|    learning_rate        | 0.0003       |
|    loss                 | 8.5          |
|    n_updates            | 1240         |
|    policy_gradient_loss | -0.000317    |
|    value_loss           | 12.9         |
------------------------------------------
------------------------------------------
| time/                   |              |
|    fps                  | 189          |
|    iterations           | 126          |
|    time_elapsed         | 1021         |
|    total_timesteps      | 193536       |
| train/                  |              |
|    approx_kl            | 0.0061047077 |
|    clip_fraction        | 0.027        |
|    clip_range           | 0.2          |
|    entropy_loss         | -0.939       |
|    explained_variance   | 0.984        |
|    learning_rate        | 0.0003       |
|    loss                 | 1.24         |
|    n_updates            | 1250         |
|    policy_gradient_loss | -0.00202     |
|    value_loss           | 2.07         |
------------------------------------------
  step  195039/500000 ( 39.0%)  mean_rew=-0.038
-----------------------------------------
| time/                   |             |
|    fps                  | 189         |
|    iterations           | 127         |
|    time_elapsed         | 1030        |
|    total_timesteps      | 195072      |
| train/                  |             |
|    approx_kl            | 0.007668097 |
|    clip_fraction        | 0.0335      |
|    clip_range           | 0.2         |
|    entropy_loss         | -0.913      |
|    explained_variance   | 0.908       |
|    learning_rate        | 0.0003      |
|    loss                 | 18.9        |
|    n_updates            | 1260        |
|    policy_gradient_loss | -0.00437    |
|    value_loss           | 13.3        |
-----------------------------------------
------------------------------------------
| time/                   |              |
|    fps                  | 188          |
|    iterations           | 128          |
|    time_elapsed         | 1040         |
|    total_timesteps      | 196608       |
| train/                  |              |
|    approx_kl            | 0.0046809386 |
|    clip_fraction        | 0.0147       |
|    clip_range           | 0.2          |
|    entropy_loss         | -0.922       |
|    explained_variance   | 0.923        |
|    learning_rate        | 0.0003       |
|    loss                 | 7.26         |
|    n_updates            | 1270         |
|    policy_gradient_loss | -0.00124     |
|    value_loss           | 14           |
------------------------------------------
-----------------------------------------
| time/                   |             |
|    fps                  | 188         |
|    iterations           | 129         |
|    time_elapsed         | 1048        |
|    total_timesteps      | 198144      |
| train/                  |             |
|    approx_kl            | 0.005908778 |
|    clip_fraction        | 0.000195    |
|    clip_range           | 0.2         |
|    entropy_loss         | -0.952      |
|    explained_variance   | 0.907       |
|    learning_rate        | 0.0003      |
|    loss                 | 4.03        |
|    n_updates            | 1280        |
|    policy_gradient_loss | -0.00174    |
|    value_loss           | 14          |
-----------------------------------------
-----------------------------------------
| time/                   |             |
|    fps                  | 189         |
|    iterations           | 130         |
|    time_elapsed         | 1055        |
|    total_timesteps      | 199680      |
| train/                  |             |
|    approx_kl            | 0.004564755 |
|    clip_fraction        | 0.0236      |
|    clip_range           | 0.2         |
|    entropy_loss         | -0.887      |
|    explained_variance   | 0.988       |
|    learning_rate        | 0.0003      |
|    loss                 | 1.02        |
|    n_updates            | 1290        |
|    policy_gradient_loss | -0.00223    |
|    value_loss           | 1.66        |
-----------------------------------------
  step  200040/500000 ( 40.0%)  mean_rew=-0.076
-----------------------------------------
| time/                   |             |
|    fps                  | 189         |
|    iterations           | 131         |
|    time_elapsed         | 1062        |
|    total_timesteps      | 201216      |
| train/                  |             |
|    approx_kl            | 0.006051194 |
|    clip_fraction        | 0.0138      |
|    clip_range           | 0.2         |
|    entropy_loss         | -0.828      |
|    explained_variance   | 0.921       |
|    learning_rate        | 0.0003      |
|    loss                 | 9.72        |
|    n_updates            | 1300        |
|    policy_gradient_loss | -0.00303    |
|    value_loss           | 13.2        |
-----------------------------------------
------------------------------------------
| time/                   |              |
|    fps                  | 189          |
|    iterations           | 132          |
|    time_elapsed         | 1072         |
|    total_timesteps      | 202752       |
| train/                  |              |
|    approx_kl            | 0.0021897855 |
|    clip_fraction        | 0.0135       |
|    clip_range           | 0.2          |
|    entropy_loss         | -0.849       |
|    explained_variance   | 0.898        |
|    learning_rate        | 0.0003       |
|    loss                 | 9.63         |
|    n_updates            | 1310         |
|    policy_gradient_loss | -0.00254     |
|    value_loss           | 13.5         |
------------------------------------------
-----------------------------------------
| time/                   |             |
|    fps                  | 189         |
|    iterations           | 133         |
|    time_elapsed         | 1080        |
|    total_timesteps      | 204288      |
| train/                  |             |
|    approx_kl            | 0.005049163 |
|    clip_fraction        | 0.0387      |
|    clip_range           | 0.2         |
|    entropy_loss         | -0.876      |
|    explained_variance   | 0.986       |
|    learning_rate        | 0.0003      |
|    loss                 | 1.17        |
|    n_updates            | 1320        |
|    policy_gradient_loss | -0.00337    |
|    value_loss           | 1.95        |
-----------------------------------------
  step  205041/500000 ( 41.0%)  mean_rew=-0.350
-----------------------------------------
| time/                   |             |
|    fps                  | 188         |
|    iterations           | 134         |
|    time_elapsed         | 1089        |
|    total_timesteps      | 205824      |
| train/                  |             |
|    approx_kl            | 0.004600858 |
|    clip_fraction        | 0.0213      |
|    clip_range           | 0.2         |
|    entropy_loss         | -0.858      |
|    explained_variance   | 0.909       |
|    learning_rate        | 0.0003      |
|    loss                 | 13.7        |
|    n_updates            | 1330        |
|    policy_gradient_loss | -0.00202    |
|    value_loss           | 12.4        |
-----------------------------------------
------------------------------------------
| time/                   |              |
|    fps                  | 188          |
|    iterations           | 135          |
|    time_elapsed         | 1099         |
|    total_timesteps      | 207360       |
| train/                  |              |
|    approx_kl            | 0.0075039663 |
|    clip_fraction        | 0.046        |
|    clip_range           | 0.2          |
|    entropy_loss         | -0.792       |
|    explained_variance   | 0.926        |
|    learning_rate        | 0.0003       |
|    loss                 | 7.24         |
|    n_updates            | 1340         |
|    policy_gradient_loss | -0.00337     |
|    value_loss           | 13.6         |
------------------------------------------
------------------------------------------
| time/                   |              |
|    fps                  | 188          |
|    iterations           | 136          |
|    time_elapsed         | 1107         |
|    total_timesteps      | 208896       |
| train/                  |              |
|    approx_kl            | 0.0028243354 |
|    clip_fraction        | 0.00957      |
|    clip_range           | 0.2          |
|    entropy_loss         | -0.782       |
|    explained_variance   | 0.902        |
|    learning_rate        | 0.0003       |
|    loss                 | 4.79         |
|    n_updates            | 1350         |
|    policy_gradient_loss | -0.0016      |
|    value_loss           | 14           |
------------------------------------------
  step  210042/500000 ( 42.0%)  mean_rew=-0.013
-----------------------------------------
| time/                   |             |
|    fps                  | 188         |
|    iterations           | 137         |
|    time_elapsed         | 1114        |
|    total_timesteps      | 210432      |
| train/                  |             |
|    approx_kl            | 0.008109055 |
|    clip_fraction        | 0.0202      |
|    clip_range           | 0.2         |
|    entropy_loss         | -0.772      |
|    explained_variance   | 0.989       |
|    learning_rate        | 0.0003      |
|    loss                 | 0.711       |
|    n_updates            | 1360        |
|    policy_gradient_loss | -0.00251    |
|    value_loss           | 1.51        |
-----------------------------------------
-----------------------------------------
| time/                   |             |
|    fps                  | 188         |
|    iterations           | 138         |
|    time_elapsed         | 1124        |
|    total_timesteps      | 211968      |
| train/                  |             |
|    approx_kl            | 0.004377318 |
|    clip_fraction        | 0.0167      |
|    clip_range           | 0.2         |
|    entropy_loss         | -0.764      |
|    explained_variance   | 0.919       |
|    learning_rate        | 0.0003      |
|    loss                 | 15.8        |
|    n_updates            | 1370        |
|    policy_gradient_loss | -0.00302    |
|    value_loss           | 14          |
-----------------------------------------
-----------------------------------------
| time/                   |             |
|    fps                  | 188         |
|    iterations           | 139         |
|    time_elapsed         | 1131        |
|    total_timesteps      | 213504      |
| train/                  |             |
|    approx_kl            | 0.007586354 |
|    clip_fraction        | 0.0632      |
|    clip_range           | 0.2         |
|    entropy_loss         | -0.709      |
|    explained_variance   | 0.915       |
|    learning_rate        | 0.0003      |
|    loss                 | 2.83        |
|    n_updates            | 1380        |
|    policy_gradient_loss | -0.00283    |
|    value_loss           | 14.7        |
-----------------------------------------
-----------------------------------------
| time/                   |             |
|    fps                  | 189         |
|    iterations           | 140         |
|    time_elapsed         | 1136        |
|    total_timesteps      | 215040      |
| train/                  |             |
|    approx_kl            | 0.004009726 |
|    clip_fraction        | 0.0633      |
|    clip_range           | 0.2         |
|    entropy_loss         | -0.739      |
|    explained_variance   | 0.983       |
|    learning_rate        | 0.0003      |
|    loss                 | 1.37        |
|    n_updates            | 1390        |
|    policy_gradient_loss | -0.0047     |
|    value_loss           | 2.57        |
-----------------------------------------
  step  215043/500000 ( 43.0%)  mean_rew=-0.031
-----------------------------------------
| time/                   |             |
|    fps                  | 189         |
|    iterations           | 141         |
|    time_elapsed         | 1144        |
|    total_timesteps      | 216576      |
| train/                  |             |
|    approx_kl            | 0.004946343 |
|    clip_fraction        | 0.0104      |
|    clip_range           | 0.2         |
|    entropy_loss         | -0.739      |
|    explained_variance   | 0.881       |
|    learning_rate        | 0.0003      |
|    loss                 | 6.85        |
|    n_updates            | 1400        |
|    policy_gradient_loss | -0.000848   |
|    value_loss           | 12.7        |
-----------------------------------------
------------------------------------------
| time/                   |              |
|    fps                  | 188          |
|    iterations           | 142          |
|    time_elapsed         | 1154         |
|    total_timesteps      | 218112       |
| train/                  |              |
|    approx_kl            | 0.0053787306 |
|    clip_fraction        | 0.0198       |
|    clip_range           | 0.2          |
|    entropy_loss         | -0.725       |
|    explained_variance   | 0.894        |
|    learning_rate        | 0.0003       |
|    loss                 | 6.07         |
|    n_updates            | 1410         |
|    policy_gradient_loss | -0.00185     |
|    value_loss           | 12           |
------------------------------------------
------------------------------------------
| time/                   |              |
|    fps                  | 189          |
|    iterations           | 143          |
|    time_elapsed         | 1159         |
|    total_timesteps      | 219648       |
| train/                  |              |
|    approx_kl            | 0.0032741271 |
|    clip_fraction        | 0.00807      |
|    clip_range           | 0.2          |
|    entropy_loss         | -0.629       |
|    explained_variance   | 0.982        |
|    learning_rate        | 0.0003       |
|    loss                 | 0.416        |
|    n_updates            | 1420         |
|    policy_gradient_loss | -0.000885    |
|    value_loss           | 1.49         |
------------------------------------------
  step  220044/500000 ( 44.0%)  mean_rew=-0.284
-----------------------------------------
| time/                   |             |
|    fps                  | 189         |
|    iterations           | 144         |
|    time_elapsed         | 1164        |
|    total_timesteps      | 221184      |
| train/                  |             |
|    approx_kl            | 0.001689077 |
|    clip_fraction        | 0.025       |
|    clip_range           | 0.2         |
|    entropy_loss         | -0.714      |
|    explained_variance   | 0.798       |
|    learning_rate        | 0.0003      |
|    loss                 | 7.14        |
|    n_updates            | 1430        |
|    policy_gradient_loss | -0.00259    |
|    value_loss           | 8.72        |
-----------------------------------------
------------------------------------------
| time/                   |              |
|    fps                  | 190          |
|    iterations           | 145          |
|    time_elapsed         | 1172         |
|    total_timesteps      | 222720       |
| train/                  |              |
|    approx_kl            | 0.0015155043 |
|    clip_fraction        | 0.0179       |
|    clip_range           | 0.2          |
|    entropy_loss         | -0.676       |
|    explained_variance   | 0.917        |
|    learning_rate        | 0.0003       |
|    loss                 | 1.77         |
|    n_updates            | 1440         |
|    policy_gradient_loss | -0.00114     |
|    value_loss           | 8.17         |
------------------------------------------
------------------------------------------
| time/                   |              |
|    fps                  | 189          |
|    iterations           | 146          |
|    time_elapsed         | 1181         |
|    total_timesteps      | 224256       |
| train/                  |              |
|    approx_kl            | 0.0031407431 |
|    clip_fraction        | 0.0459       |
|    clip_range           | 0.2          |
|    entropy_loss         | -0.715       |
|    explained_variance   | 0.9          |
|    learning_rate        | 0.0003       |
|    loss                 | 4.08         |
|    n_updates            | 1450         |
|    policy_gradient_loss | -0.0036      |
|    value_loss           | 8.64         |
------------------------------------------
  step  225045/500000 ( 45.0%)  mean_rew=-0.006
-----------------------------------------
| time/                   |             |
|    fps                  | 190         |
|    iterations           | 147         |
|    time_elapsed         | 1187        |
|    total_timesteps      | 225792      |
| train/                  |             |
|    approx_kl            | 0.007587839 |
|    clip_fraction        | 0.0352      |
|    clip_range           | 0.2         |
|    entropy_loss         | -0.696      |
|    explained_variance   | 0.971       |
|    learning_rate        | 0.0003      |
|    loss                 | 0.749       |
|    n_updates            | 1460        |
|    policy_gradient_loss | -0.00123    |
|    value_loss           | 1.6         |
-----------------------------------------
------------------------------------------
| time/                   |              |
|    fps                  | 190          |
|    iterations           | 148          |
|    time_elapsed         | 1195         |
|    total_timesteps      | 227328       |
| train/                  |              |
|    approx_kl            | 0.0026943255 |
|    clip_fraction        | 0.0202       |
|    clip_range           | 0.2          |
|    entropy_loss         | -0.725       |
|    explained_variance   | 0.898        |
|    learning_rate        | 0.0003       |
|    loss                 | 3.78         |
|    n_updates            | 1470         |
|    policy_gradient_loss | -0.00144     |
|    value_loss           | 9.53         |
------------------------------------------
------------------------------------------
| time/                   |              |
|    fps                  | 189          |
|    iterations           | 149          |
|    time_elapsed         | 1206         |
|    total_timesteps      | 228864       |
| train/                  |              |
|    approx_kl            | 0.0035402058 |
|    clip_fraction        | 0.00736      |
|    clip_range           | 0.2          |
|    entropy_loss         | -0.665       |
|    explained_variance   | 0.913        |
|    learning_rate        | 0.0003       |
|    loss                 | 2.43         |
|    n_updates            | 1480         |
|    policy_gradient_loss | -0.000534    |
|    value_loss           | 9.39         |
------------------------------------------
  step  230046/500000 ( 46.0%)  mean_rew=-0.193
------------------------------------------
| time/                   |              |
|    fps                  | 189          |
|    iterations           | 150          |
|    time_elapsed         | 1214         |
|    total_timesteps      | 230400       |
| train/                  |              |
|    approx_kl            | 0.0012366219 |
|    clip_fraction        | 0.0218       |
|    clip_range           | 0.2          |
|    entropy_loss         | -0.575       |
|    explained_variance   | 0.978        |
|    learning_rate        | 0.0003       |
|    loss                 | 0.362        |
|    n_updates            | 1490         |
|    policy_gradient_loss | -0.00116     |
|    value_loss           | 1.28         |
------------------------------------------
------------------------------------------
| time/                   |              |
|    fps                  | 189          |
|    iterations           | 151          |
|    time_elapsed         | 1223         |
|    total_timesteps      | 231936       |
| train/                  |              |
|    approx_kl            | 0.0035739813 |
|    clip_fraction        | 0.0284       |
|    clip_range           | 0.2          |
|    entropy_loss         | -0.663       |
|    explained_variance   | 0.9          |
|    learning_rate        | 0.0003       |
|    loss                 | 3.92         |
|    n_updates            | 1500         |
|    policy_gradient_loss | -0.00212     |
|    value_loss           | 11.2         |
------------------------------------------
-----------------------------------------
| time/                   |             |
|    fps                  | 189         |
|    iterations           | 152         |
|    time_elapsed         | 1233        |
|    total_timesteps      | 233472      |
| train/                  |             |
|    approx_kl            | 0.004025904 |
|    clip_fraction        | 0.035       |
|    clip_range           | 0.2         |
|    entropy_loss         | -0.665      |
|    explained_variance   | 0.915       |
|    learning_rate        | 0.0003      |
|    loss                 | 6.28        |
|    n_updates            | 1510        |
|    policy_gradient_loss | -0.00214    |
|    value_loss           | 12          |
-----------------------------------------
------------------------------------------
| time/                   |              |
|    fps                  | 189          |
|    iterations           | 153          |
|    time_elapsed         | 1237         |
|    total_timesteps      | 235008       |
| train/                  |              |
|    approx_kl            | 0.0026754255 |
|    clip_fraction        | 0            |
|    clip_range           | 0.2          |
|    entropy_loss         | -0.646       |
|    explained_variance   | 0.918        |
|    learning_rate        | 0.0003       |
|    loss                 | 6.83         |
|    n_updates            | 1520         |
|    policy_gradient_loss | -6.14e-05    |
|    value_loss           | 12.5         |
------------------------------------------
  step  235047/500000 ( 47.0%)  mean_rew=-0.097
-----------------------------------------
| time/                   |             |
|    fps                  | 190         |
|    iterations           | 154         |
|    time_elapsed         | 1243        |
|    total_timesteps      | 236544      |
| train/                  |             |
|    approx_kl            | 0.010518567 |
|    clip_fraction        | 0.0537      |
|    clip_range           | 0.2         |
|    entropy_loss         | -0.658      |
|    explained_variance   | 0.965       |
|    learning_rate        | 0.0003      |
|    loss                 | 0.362       |
|    n_updates            | 1530        |
|    policy_gradient_loss | -0.00104    |
|    value_loss           | 1.35        |
-----------------------------------------
------------------------------------------
| time/                   |              |
|    fps                  | 190          |
|    iterations           | 155          |
|    time_elapsed         | 1252         |
|    total_timesteps      | 238080       |
| train/                  |              |
|    approx_kl            | 0.0028268464 |
|    clip_fraction        | 0.00423      |
|    clip_range           | 0.2          |
|    entropy_loss         | -0.652       |
|    explained_variance   | 0.874        |
|    learning_rate        | 0.0003       |
|    loss                 | 2.5          |
|    n_updates            | 1540         |
|    policy_gradient_loss | -0.000654    |
|    value_loss           | 10.5         |
------------------------------------------
-----------------------------------------
| time/                   |             |
|    fps                  | 189         |
|    iterations           | 156         |
|    time_elapsed         | 1262        |
|    total_timesteps      | 239616      |
| train/                  |             |
|    approx_kl            | 0.008718099 |
|    clip_fraction        | 0.0504      |
|    clip_range           | 0.2         |
|    entropy_loss         | -0.666      |
|    explained_variance   | 0.92        |
|    learning_rate        | 0.0003      |
|    loss                 | 6.17        |
|    n_updates            | 1550        |
|    policy_gradient_loss | -0.00238    |
|    value_loss           | 11          |
-----------------------------------------
  step  240048/500000 ( 48.0%)  mean_rew=-0.012
----------------------------------------
| time/                   |            |
|    fps                  | 190        |
|    iterations           | 157        |
|    time_elapsed         | 1268       |
|    total_timesteps      | 241152     |
| train/                  |            |
|    approx_kl            | 0.00471665 |
|    clip_fraction        | 0.0125     |
|    clip_range           | 0.2        |
|    entropy_loss         | -0.68      |
|    explained_variance   | 0.98       |
|    learning_rate        | 0.0003     |
|    loss                 | 0.634      |
|    n_updates            | 1560       |
|    policy_gradient_loss | -0.000973  |
|    value_loss           | 1.75       |
----------------------------------------
------------------------------------------
| time/                   |              |
|    fps                  | 190          |
|    iterations           | 158          |
|    time_elapsed         | 1275         |
|    total_timesteps      | 242688       |
| train/                  |              |
|    approx_kl            | 0.0058457977 |
|    clip_fraction        | 0.0436       |
|    clip_range           | 0.2          |
|    entropy_loss         | -0.673       |
|    explained_variance   | 0.896        |
|    learning_rate        | 0.0003       |
|    loss                 | 3.06         |
|    n_updates            | 1570         |
|    policy_gradient_loss | -0.00448     |
|    value_loss           | 10.5         |
------------------------------------------
------------------------------------------
| time/                   |              |
|    fps                  | 190          |
|    iterations           | 159          |
|    time_elapsed         | 1283         |
|    total_timesteps      | 244224       |
| train/                  |              |
|    approx_kl            | 0.0021855196 |
|    clip_fraction        | 0.0126       |
|    clip_range           | 0.2          |
|    entropy_loss         | -0.611       |
|    explained_variance   | 0.926        |
|    learning_rate        | 0.0003       |
|    loss                 | 8.11         |
|    n_updates            | 1580         |
|    policy_gradient_loss | -0.00149     |
|    value_loss           | 10.7         |
------------------------------------------
  step  245049/500000 ( 49.0%)  mean_rew=-0.110
------------------------------------------
| time/                   |              |
|    fps                  | 190          |
|    iterations           | 160          |
|    time_elapsed         | 1290         |
|    total_timesteps      | 245760       |
| train/                  |              |
|    approx_kl            | 0.0009853737 |
|    clip_fraction        | 0            |
|    clip_range           | 0.2          |
|    entropy_loss         | -0.612       |
|    explained_variance   | 0.909        |
|    learning_rate        | 0.0003       |
|    loss                 | 5.18         |
|    n_updates            | 1590         |
|    policy_gradient_loss | 7.81e-05     |
|    value_loss           | 10.2         |
------------------------------------------
-----------------------------------------
| time/                   |             |
|    fps                  | 190         |
|    iterations           | 161         |
|    time_elapsed         | 1299        |
|    total_timesteps      | 247296      |
| train/                  |             |
|    approx_kl            | 0.005108211 |
|    clip_fraction        | 0.0375      |
|    clip_range           | 0.2         |
|    entropy_loss         | -0.595      |
|    explained_variance   | 0.982       |
|    learning_rate        | 0.0003      |
|    loss                 | 0.817       |
|    n_updates            | 1600        |
|    policy_gradient_loss | -0.00299    |
|    value_loss           | 1.65        |
-----------------------------------------
-------------------------------------------
| time/                   |               |
|    fps                  | 190           |
|    iterations           | 162           |
|    time_elapsed         | 1308          |
|    total_timesteps      | 248832        |
| train/                  |               |
|    approx_kl            | 0.00074437517 |
|    clip_fraction        | 0.0228        |
|    clip_range           | 0.2           |
|    entropy_loss         | -0.615        |
|    explained_variance   | 0.905         |
|    learning_rate        | 0.0003        |
|    loss                 | 7.04          |
|    n_updates            | 1610          |
|    policy_gradient_loss | -0.0015       |
|    value_loss           | 11.5          |
-------------------------------------------
  step  250050/500000 ( 50.0%)  mean_rew=-0.189
-----------------------------------------
| time/                   |             |
|    fps                  | 190         |
|    iterations           | 163         |
|    time_elapsed         | 1314        |
|    total_timesteps      | 250368      |
| train/                  |             |
|    approx_kl            | 0.004348706 |
|    clip_fraction        | 0.0314      |
|    clip_range           | 0.2         |
|    entropy_loss         | -0.55       |
|    explained_variance   | 0.93        |
|    learning_rate        | 0.0003      |
|    loss                 | 5.5         |
|    n_updates            | 1620        |
|    policy_gradient_loss | -0.00142    |
|    value_loss           | 11.7        |
-----------------------------------------
-----------------------------------------
| time/                   |             |
|    fps                  | 190         |
|    iterations           | 164         |
|    time_elapsed         | 1322        |
|    total_timesteps      | 251904      |
| train/                  |             |
|    approx_kl            | 0.003219377 |
|    clip_fraction        | 0.0392      |
|    clip_range           | 0.2         |
|    entropy_loss         | -0.617      |
|    explained_variance   | 0.989       |
|    learning_rate        | 0.0003      |
|    loss                 | 0.568       |
|    n_updates            | 1630        |
|    policy_gradient_loss | -0.00148    |
|    value_loss           | 1.12        |
-----------------------------------------
------------------------------------------
| time/                   |              |
|    fps                  | 190          |
|    iterations           | 165          |
|    time_elapsed         | 1329         |
|    total_timesteps      | 253440       |
| train/                  |              |
|    approx_kl            | 0.0024316213 |
|    clip_fraction        | 0.0229       |
|    clip_range           | 0.2          |
|    entropy_loss         | -0.637       |
|    explained_variance   | 0.907        |
|    learning_rate        | 0.0003       |
|    loss                 | 2.9          |
|    n_updates            | 1640         |
|    policy_gradient_loss | -0.000469    |
|    value_loss           | 12           |
------------------------------------------
------------------------------------------
| time/                   |              |
|    fps                  | 190          |
|    iterations           | 166          |
|    time_elapsed         | 1337         |
|    total_timesteps      | 254976       |
| train/                  |              |
|    approx_kl            | 0.0006608853 |
|    clip_fraction        | 0.0139       |
|    clip_range           | 0.2          |
|    entropy_loss         | -0.637       |
|    explained_variance   | 0.933        |
|    learning_rate        | 0.0003       |
|    loss                 | 9.75         |
|    n_updates            | 1650         |
|    policy_gradient_loss | -0.000899    |
|    value_loss           | 11.6         |
------------------------------------------
  step  255051/500000 ( 51.0%)  mean_rew=-0.050
------------------------------------------
| time/                   |              |
|    fps                  | 190          |
|    iterations           | 167          |
|    time_elapsed         | 1343         |
|    total_timesteps      | 256512       |
| train/                  |              |
|    approx_kl            | 0.0022908398 |
|    clip_fraction        | 0.0151       |
|    clip_range           | 0.2          |
|    entropy_loss         | -0.618       |
|    explained_variance   | 0.914        |
|    learning_rate        | 0.0003       |
|    loss                 | 7.24         |
|    n_updates            | 1660         |
|    policy_gradient_loss | -0.00125     |
|    value_loss           | 11.7         |
------------------------------------------
-----------------------------------------
| time/                   |             |
|    fps                  | 191         |
|    iterations           | 168         |
|    time_elapsed         | 1350        |
|    total_timesteps      | 258048      |
| train/                  |             |
|    approx_kl            | 0.007644133 |
|    clip_fraction        | 0.0421      |
|    clip_range           | 0.2         |
|    entropy_loss         | -0.6        |
|    explained_variance   | 0.986       |
|    learning_rate        | 0.0003      |
|    loss                 | 0.825       |
|    n_updates            | 1670        |
|    policy_gradient_loss | -0.00255    |
|    value_loss           | 1.7         |
-----------------------------------------
------------------------------------------
| time/                   |              |
|    fps                  | 190          |
|    iterations           | 169          |
|    time_elapsed         | 1359         |
|    total_timesteps      | 259584       |
| train/                  |              |
|    approx_kl            | 0.0014296192 |
|    clip_fraction        | 0            |
|    clip_range           | 0.2          |
|    entropy_loss         | -0.567       |
|    explained_variance   | 0.916        |
|    learning_rate        | 0.0003       |
|    loss                 | 12.1         |
|    n_updates            | 1680         |
|    policy_gradient_loss | -0.000228    |
|    value_loss           | 12.2         |
------------------------------------------
  step  260052/500000 ( 52.0%)  mean_rew=-0.097
------------------------------------------
| time/                   |              |
|    fps                  | 190          |
|    iterations           | 170          |
|    time_elapsed         | 1369         |
|    total_timesteps      | 261120       |
| train/                  |              |
|    approx_kl            | 0.0017810479 |
|    clip_fraction        | 0.00775      |
|    clip_range           | 0.2          |
|    entropy_loss         | -0.56        |
|    explained_variance   | 0.922        |
|    learning_rate        | 0.0003       |
|    loss                 | 7.73         |
|    n_updates            | 1690         |
|    policy_gradient_loss | -0.000592    |
|    value_loss           | 12.8         |
------------------------------------------
------------------------------------------
| time/                   |              |
|    fps                  | 191          |
|    iterations           | 171          |
|    time_elapsed         | 1374         |
|    total_timesteps      | 262656       |
| train/                  |              |
|    approx_kl            | 0.0032397725 |
|    clip_fraction        | 0.0349       |
|    clip_range           | 0.2          |
|    entropy_loss         | -0.531       |
|    explained_variance   | 0.982        |
|    learning_rate        | 0.0003       |
|    loss                 | 0.558        |
|    n_updates            | 1700         |
|    policy_gradient_loss | -0.00223     |
|    value_loss           | 1.93         |
------------------------------------------
------------------------------------------
| time/                   |              |
|    fps                  | 191          |
|    iterations           | 172          |
|    time_elapsed         | 1380         |
|    total_timesteps      | 264192       |
| train/                  |              |
|    approx_kl            | 0.0003748892 |
|    clip_fraction        | 0            |
|    clip_range           | 0.2          |
|    entropy_loss         | -0.584       |
|    explained_variance   | 0.836        |
|    learning_rate        | 0.0003       |
|    loss                 | 8.44         |
|    n_updates            | 1710         |
|    policy_gradient_loss | 5.94e-05     |
|    value_loss           | 10.8         |
------------------------------------------
  step  265053/500000 ( 53.0%)  mean_rew=-0.315
------------------------------------------
| time/                   |              |
|    fps                  | 191          |
|    iterations           | 173          |
|    time_elapsed         | 1390         |
|    total_timesteps      | 265728       |
| train/                  |              |
|    approx_kl            | 0.0006558723 |
|    clip_fraction        | 0.00508      |
|    clip_range           | 0.2          |
|    entropy_loss         | -0.584       |
|    explained_variance   | 0.9          |
|    learning_rate        | 0.0003       |
|    loss                 | 5.37         |
|    n_updates            | 1720         |
|    policy_gradient_loss | -0.000693    |
|    value_loss           | 9.24         |
------------------------------------------
-----------------------------------------
| time/                   |             |
|    fps                  | 191         |
|    iterations           | 174         |
|    time_elapsed         | 1398        |
|    total_timesteps      | 267264      |
| train/                  |             |
|    approx_kl            | 0.003096537 |
|    clip_fraction        | 0.0164      |
|    clip_range           | 0.2         |
|    entropy_loss         | -0.507      |
|    explained_variance   | 0.895       |
|    learning_rate        | 0.0003      |
|    loss                 | 8.97        |
|    n_updates            | 1730        |
|    policy_gradient_loss | -0.000716   |
|    value_loss           | 10.5        |
-----------------------------------------
-----------------------------------------
| time/                   |             |
|    fps                  | 191         |
|    iterations           | 175         |
|    time_elapsed         | 1406        |
|    total_timesteps      | 268800      |
| train/                  |             |
|    approx_kl            | 0.011764747 |
|    clip_fraction        | 0.0276      |
|    clip_range           | 0.2         |
|    entropy_loss         | -0.585      |
|    explained_variance   | 0.982       |
|    learning_rate        | 0.0003      |
|    loss                 | 0.615       |
|    n_updates            | 1740        |
|    policy_gradient_loss | -0.00272    |
|    value_loss           | 1.33        |
-----------------------------------------
  step  270054/500000 ( 54.0%)  mean_rew=-0.257
------------------------------------------
| time/                   |              |
|    fps                  | 190          |
|    iterations           | 176          |
|    time_elapsed         | 1416         |
|    total_timesteps      | 270336       |
| train/                  |              |
|    approx_kl            | 0.0024408589 |
|    clip_fraction        | 0.0314       |
|    clip_range           | 0.2          |
|    entropy_loss         | -0.647       |
|    explained_variance   | 0.91         |
|    learning_rate        | 0.0003       |
|    loss                 | 5.08         |
|    n_updates            | 1750         |
|    policy_gradient_loss | -0.00421     |
|    value_loss           | 11.3         |
------------------------------------------
------------------------------------------
| time/                   |              |
|    fps                  | 190          |
|    iterations           | 177          |
|    time_elapsed         | 1425         |
|    total_timesteps      | 271872       |
| train/                  |              |
|    approx_kl            | 0.0022362983 |
|    clip_fraction        | 0.0152       |
|    clip_range           | 0.2          |
|    entropy_loss         | -0.665       |
|    explained_variance   | 0.926        |
|    learning_rate        | 0.0003       |
|    loss                 | 4.75         |
|    n_updates            | 1760         |
|    policy_gradient_loss | -0.00167     |
|    value_loss           | 12.1         |
------------------------------------------
------------------------------------------
| time/                   |              |
|    fps                  | 190          |
|    iterations           | 178          |
|    time_elapsed         | 1433         |
|    total_timesteps      | 273408       |
| train/                  |              |
|    approx_kl            | 0.0017407321 |
|    clip_fraction        | 0.0186       |
|    clip_range           | 0.2          |
|    entropy_loss         | -0.674       |
|    explained_variance   | 0.984        |
|    learning_rate        | 0.0003       |
|    loss                 | 0.791        |
|    n_updates            | 1770         |
|    policy_gradient_loss | -0.000971    |
|    value_loss           | 2.03         |
------------------------------------------
------------------------------------------
| time/                   |              |
|    fps                  | 190          |
|    iterations           | 179          |
|    time_elapsed         | 1442         |
|    total_timesteps      | 274944       |
| train/                  |              |
|    approx_kl            | 0.0028523088 |
|    clip_fraction        | 0            |
|    clip_range           | 0.2          |
|    entropy_loss         | -0.664       |
|    explained_variance   | 0.905        |
|    learning_rate        | 0.0003       |
|    loss                 | 4.66         |
|    n_updates            | 1780         |
|    policy_gradient_loss | -0.000295    |
|    value_loss           | 12.3         |
------------------------------------------
  step  275055/500000 ( 55.0%)  mean_rew=-0.047
-----------------------------------------
| time/                   |             |
|    fps                  | 190         |
|    iterations           | 180         |
|    time_elapsed         | 1452        |
|    total_timesteps      | 276480      |
| train/                  |             |
|    approx_kl            | 0.006043362 |
|    clip_fraction        | 0.0398      |
|    clip_range           | 0.2         |
|    entropy_loss         | -0.623      |
|    explained_variance   | 0.923       |
|    learning_rate        | 0.0003      |
|    loss                 | 7.28        |
|    n_updates            | 1790        |
|    policy_gradient_loss | -0.00172    |
|    value_loss           | 13.4        |
-----------------------------------------
------------------------------------------
| time/                   |              |
|    fps                  | 190          |
|    iterations           | 181          |
|    time_elapsed         | 1459         |
|    total_timesteps      | 278016       |
| train/                  |              |
|    approx_kl            | 0.0017550937 |
|    clip_fraction        | 0.00781      |
|    clip_range           | 0.2          |
|    entropy_loss         | -0.626       |
|    explained_variance   | 0.902        |
|    learning_rate        | 0.0003       |
|    loss                 | 9.61         |
|    n_updates            | 1800         |
|    policy_gradient_loss | -0.00181     |
|    value_loss           | 13.3         |
------------------------------------------
-----------------------------------------
| time/                   |             |
|    fps                  | 190         |
|    iterations           | 182         |
|    time_elapsed         | 1467        |
|    total_timesteps      | 279552      |
| train/                  |             |
|    approx_kl            | 0.002948367 |
|    clip_fraction        | 0.0337      |
|    clip_range           | 0.2         |
|    entropy_loss         | -0.589      |
|    explained_variance   | 0.988       |
|    learning_rate        | 0.0003      |
|    loss                 | 0.819       |
|    n_updates            | 1810        |
|    policy_gradient_loss | -0.00283    |
|    value_loss           | 1.48        |
-----------------------------------------
  step  280056/500000 ( 56.0%)  mean_rew=-0.274
------------------------------------------
| time/                   |              |
|    fps                  | 190          |
|    iterations           | 183          |
|    time_elapsed         | 1476         |
|    total_timesteps      | 281088       |
| train/                  |              |
|    approx_kl            | 0.0030429352 |
|    clip_fraction        | 0.0238       |
|    clip_range           | 0.2          |
|    entropy_loss         | -0.583       |
|    explained_variance   | 0.922        |
|    learning_rate        | 0.0003       |
|    loss                 | 3.35         |
|    n_updates            | 1820         |
|    policy_gradient_loss | -0.00179     |
|    value_loss           | 13.4         |
------------------------------------------
------------------------------------------
| time/                   |              |
|    fps                  | 190          |
|    iterations           | 184          |
|    time_elapsed         | 1485         |
|    total_timesteps      | 282624       |
| train/                  |              |
|    approx_kl            | 0.0020448125 |
|    clip_fraction        | 0.0082       |
|    clip_range           | 0.2          |
|    entropy_loss         | -0.606       |
|    explained_variance   | 0.922        |
|    learning_rate        | 0.0003       |
|    loss                 | 4.37         |
|    n_updates            | 1830         |
|    policy_gradient_loss | -7.64e-05    |
|    value_loss           | 13.5         |
------------------------------------------
-----------------------------------------
| time/                   |             |
|    fps                  | 190         |
|    iterations           | 185         |
|    time_elapsed         | 1491        |
|    total_timesteps      | 284160      |
| train/                  |             |
|    approx_kl            | 0.003425339 |
|    clip_fraction        | 0.0287      |
|    clip_range           | 0.2         |
|    entropy_loss         | -0.56       |
|    explained_variance   | 0.984       |
|    learning_rate        | 0.0003      |
|    loss                 | 0.891       |
|    n_updates            | 1840        |
|    policy_gradient_loss | -0.00147    |
|    value_loss           | 1.97        |
-----------------------------------------
  step  285057/500000 ( 57.0%)  mean_rew=-0.347
------------------------------------------
| time/                   |              |
|    fps                  | 190          |
|    iterations           | 186          |
|    time_elapsed         | 1499         |
|    total_timesteps      | 285696       |
| train/                  |              |
|    approx_kl            | 0.0055396017 |
|    clip_fraction        | 0.0478       |
|    clip_range           | 0.2          |
|    entropy_loss         | -0.498       |
|    explained_variance   | 0.891        |
|    learning_rate        | 0.0003       |
|    loss                 | 7.86         |
|    n_updates            | 1850         |
|    policy_gradient_loss | -0.00438     |
|    value_loss           | 12.6         |
------------------------------------------
------------------------------------------
| time/                   |              |
|    fps                  | 190          |
|    iterations           | 187          |
|    time_elapsed         | 1509         |
|    total_timesteps      | 287232       |
| train/                  |              |
|    approx_kl            | 0.0016755095 |
|    clip_fraction        | 0.0144       |
|    clip_range           | 0.2          |
|    entropy_loss         | -0.404       |
|    explained_variance   | 0.92         |
|    learning_rate        | 0.0003       |
|    loss                 | 7.97         |
|    n_updates            | 1860         |
|    policy_gradient_loss | -0.000589    |
|    value_loss           | 12.9         |
------------------------------------------
-----------------------------------------
| time/                   |             |
|    fps                  | 190         |
|    iterations           | 188         |
|    time_elapsed         | 1516        |
|    total_timesteps      | 288768      |
| train/                  |             |
|    approx_kl            | 0.001175615 |
|    clip_fraction        | 0.0107      |
|    clip_range           | 0.2         |
|    entropy_loss         | -0.375      |
|    explained_variance   | 0.986       |
|    learning_rate        | 0.0003      |
|    loss                 | 0.596       |
|    n_updates            | 1870        |
|    policy_gradient_loss | -0.000878   |
|    value_loss           | 1.41        |
-----------------------------------------
  step  290058/500000 ( 58.0%)  mean_rew=-0.006
------------------------------------------
| time/                   |              |
|    fps                  | 190          |
|    iterations           | 189          |
|    time_elapsed         | 1523         |
|    total_timesteps      | 290304       |
| train/                  |              |
|    approx_kl            | 0.0016740691 |
|    clip_fraction        | 0.00195      |
|    clip_range           | 0.2          |
|    entropy_loss         | -0.442       |
|    explained_variance   | 0.896        |
|    learning_rate        | 0.0003       |
|    loss                 | 5.51         |
|    n_updates            | 1880         |
|    policy_gradient_loss | -0.000647    |
|    value_loss           | 13           |
------------------------------------------
------------------------------------------
| time/                   |              |
|    fps                  | 190          |
|    iterations           | 190          |
|    time_elapsed         | 1530         |
|    total_timesteps      | 291840       |
| train/                  |              |
|    approx_kl            | 0.0006929314 |
|    clip_fraction        | 0.00671      |
|    clip_range           | 0.2          |
|    entropy_loss         | -0.433       |
|    explained_variance   | 0.924        |
|    learning_rate        | 0.0003       |
|    loss                 | 7.4          |
|    n_updates            | 1890         |
|    policy_gradient_loss | -0.000271    |
|    value_loss           | 12.8         |
------------------------------------------
------------------------------------------
| time/                   |              |
|    fps                  | 190          |
|    iterations           | 191          |
|    time_elapsed         | 1538         |
|    total_timesteps      | 293376       |
| train/                  |              |
|    approx_kl            | 0.0028263729 |
|    clip_fraction        | 0.0186       |
|    clip_range           | 0.2          |
|    entropy_loss         | -0.434       |
|    explained_variance   | 0.905        |
|    learning_rate        | 0.0003       |
|    loss                 | 3.2          |
|    n_updates            | 1900         |
|    policy_gradient_loss | -0.000129    |
|    value_loss           | 11.9         |
------------------------------------------
------------------------------------------
| time/                   |              |
|    fps                  | 190          |
|    iterations           | 192          |
|    time_elapsed         | 1546         |
|    total_timesteps      | 294912       |
| train/                  |              |
|    approx_kl            | 0.0031668637 |
|    clip_fraction        | 0.0144       |
|    clip_range           | 0.2          |
|    entropy_loss         | -0.46        |
|    explained_variance   | 0.985        |
|    learning_rate        | 0.0003       |
|    loss                 | 1.03         |
|    n_updates            | 1910         |
|    policy_gradient_loss | -0.000548    |
|    value_loss           | 1.69         |
------------------------------------------
  step  295059/500000 ( 59.0%)  mean_rew=-0.283
------------------------------------------
| time/                   |              |
|    fps                  | 190          |
|    iterations           | 193          |
|    time_elapsed         | 1555         |
|    total_timesteps      | 296448       |
| train/                  |              |
|    approx_kl            | 0.0012130075 |
|    clip_fraction        | 0.00456      |
|    clip_range           | 0.2          |
|    entropy_loss         | -0.478       |
|    explained_variance   | 0.9          |
|    learning_rate        | 0.0003       |
|    loss                 | 3.04         |
|    n_updates            | 1920         |
|    policy_gradient_loss | -0.000222    |
|    value_loss           | 12.6         |
------------------------------------------
------------------------------------------
| time/                   |              |
|    fps                  | 190          |
|    iterations           | 194          |
|    time_elapsed         | 1565         |
|    total_timesteps      | 297984       |
| train/                  |              |
|    approx_kl            | 0.0036401975 |
|    clip_fraction        | 0.0255       |
|    clip_range           | 0.2          |
|    entropy_loss         | -0.451       |
|    explained_variance   | 0.931        |
|    learning_rate        | 0.0003       |
|    loss                 | 5.95         |
|    n_updates            | 1930         |
|    policy_gradient_loss | -0.00132     |
|    value_loss           | 12.6         |
------------------------------------------
----------------------------------------
| time/                   |            |
|    fps                  | 190        |
|    iterations           | 195        |
|    time_elapsed         | 1572       |
|    total_timesteps      | 299520     |
| train/                  |            |
|    approx_kl            | 0.00271322 |
|    clip_fraction        | 0.0253     |
|    clip_range           | 0.2        |
|    entropy_loss         | -0.458     |
|    explained_variance   | 0.986      |
|    learning_rate        | 0.0003     |
|    loss                 | 0.587      |
|    n_updates            | 1940       |
|    policy_gradient_loss | -0.000694  |
|    value_loss           | 1.49       |
----------------------------------------
  step  300060/500000 ( 60.0%)  mean_rew=-0.365
------------------------------------------
| time/                   |              |
|    fps                  | 190          |
|    iterations           | 196          |
|    time_elapsed         | 1580         |
|    total_timesteps      | 301056       |
| train/                  |              |
|    approx_kl            | 0.0036380205 |
|    clip_fraction        | 0.0498       |
|    clip_range           | 0.2          |
|    entropy_loss         | -0.468       |
|    explained_variance   | 0.902        |
|    learning_rate        | 0.0003       |
|    loss                 | 2.85         |
|    n_updates            | 1950         |
|    policy_gradient_loss | -0.00203     |
|    value_loss           | 13           |
------------------------------------------
------------------------------------------
| time/                   |              |
|    fps                  | 190          |
|    iterations           | 197          |
|    time_elapsed         | 1590         |
|    total_timesteps      | 302592       |
| train/                  |              |
|    approx_kl            | 0.0010696397 |
|    clip_fraction        | 0.00729      |
|    clip_range           | 0.2          |
|    entropy_loss         | -0.444       |
|    explained_variance   | 0.914        |
|    learning_rate        | 0.0003       |
|    loss                 | 4.9          |
|    n_updates            | 1960         |
|    policy_gradient_loss | -0.00022     |
|    value_loss           | 13           |
------------------------------------------
------------------------------------------
| time/                   |              |
|    fps                  | 190          |
|    iterations           | 198          |
|    time_elapsed         | 1595         |
|    total_timesteps      | 304128       |
| train/                  |              |
|    approx_kl            | 0.0025559561 |
|    clip_fraction        | 0.0299       |
|    clip_range           | 0.2          |
|    entropy_loss         | -0.369       |
|    explained_variance   | 0.92         |
|    learning_rate        | 0.0003       |
|    loss                 | 7.75         |
|    n_updates            | 1970         |
|    policy_gradient_loss | -0.0025      |
|    value_loss           | 13.2         |
------------------------------------------
  step  305061/500000 ( 61.0%)  mean_rew=-0.033
------------------------------------------
| time/                   |              |
|    fps                  | 190          |
|    iterations           | 199          |
|    time_elapsed         | 1603         |
|    total_timesteps      | 305664       |
| train/                  |              |
|    approx_kl            | 0.0018303992 |
|    clip_fraction        | 0.0156       |
|    clip_range           | 0.2          |
|    entropy_loss         | -0.422       |
|    explained_variance   | 0.984        |
|    learning_rate        | 0.0003       |
|    loss                 | 0.494        |
|    n_updates            | 1980         |
|    policy_gradient_loss | -0.00104     |
|    value_loss           | 1.11         |
------------------------------------------
------------------------------------------
| time/                   |              |
|    fps                  | 190          |
|    iterations           | 200          |
|    time_elapsed         | 1612         |
|    total_timesteps      | 307200       |
| train/                  |              |
|    approx_kl            | 0.0024632558 |
|    clip_fraction        | 0.0121       |
|    clip_range           | 0.2          |
|    entropy_loss         | -0.396       |
|    explained_variance   | 0.897        |
|    learning_rate        | 0.0003       |
|    loss                 | 6.87         |
|    n_updates            | 1990         |
|    policy_gradient_loss | -0.000183    |
|    value_loss           | 12.6         |
------------------------------------------
------------------------------------------
| time/                   |              |
|    fps                  | 190          |
|    iterations           | 201          |
|    time_elapsed         | 1623         |
|    total_timesteps      | 308736       |
| train/                  |              |
|    approx_kl            | 0.0012894158 |
|    clip_fraction        | 0.0115       |
|    clip_range           | 0.2          |
|    entropy_loss         | -0.352       |
|    explained_variance   | 0.931        |
|    learning_rate        | 0.0003       |
|    loss                 | 7.47         |
|    n_updates            | 2000         |
|    policy_gradient_loss | -0.000894    |
|    value_loss           | 12.6         |
------------------------------------------
  step  310062/500000 ( 62.0%)  mean_rew=-0.156
------------------------------------------
| time/                   |              |
|    fps                  | 190          |
|    iterations           | 202          |
|    time_elapsed         | 1630         |
|    total_timesteps      | 310272       |
| train/                  |              |
|    approx_kl            | 0.0019205171 |
|    clip_fraction        | 0.0303       |
|    clip_range           | 0.2          |
|    entropy_loss         | -0.367       |
|    explained_variance   | 0.987        |
|    learning_rate        | 0.0003       |
|    loss                 | 0.835        |
|    n_updates            | 2010         |
|    policy_gradient_loss | -0.00129     |
|    value_loss           | 1.3          |
------------------------------------------
------------------------------------------
| time/                   |              |
|    fps                  | 190          |
|    iterations           | 203          |
|    time_elapsed         | 1638         |
|    total_timesteps      | 311808       |
| train/                  |              |
|    approx_kl            | 0.0017257711 |
|    clip_fraction        | 0.033        |
|    clip_range           | 0.2          |
|    entropy_loss         | -0.43        |
|    explained_variance   | 0.886        |
|    learning_rate        | 0.0003       |
|    loss                 | 5.89         |
|    n_updates            | 2020         |
|    policy_gradient_loss | -0.00213     |
|    value_loss           | 13.3         |
------------------------------------------
------------------------------------------
| time/                   |              |
|    fps                  | 190          |
|    iterations           | 204          |
|    time_elapsed         | 1648         |
|    total_timesteps      | 313344       |
| train/                  |              |
|    approx_kl            | 0.0009532459 |
|    clip_fraction        | 0.00501      |
|    clip_range           | 0.2          |
|    entropy_loss         | -0.388       |
|    explained_variance   | 0.912        |
|    learning_rate        | 0.0003       |
|    loss                 | 4.63         |
|    n_updates            | 2030         |
|    policy_gradient_loss | -0.000337    |
|    value_loss           | 13.4         |
------------------------------------------
------------------------------------------
| time/                   |              |
|    fps                  | 190          |
|    iterations           | 205          |
|    time_elapsed         | 1655         |
|    total_timesteps      | 314880       |
| train/                  |              |
|    approx_kl            | 0.0008916689 |
|    clip_fraction        | 0.0245       |
|    clip_range           | 0.2          |
|    entropy_loss         | -0.385       |
|    explained_variance   | 0.91         |
|    learning_rate        | 0.0003       |
|    loss                 | 9.91         |
|    n_updates            | 2040         |
|    policy_gradient_loss | -0.000619    |
|    value_loss           | 13.3         |
------------------------------------------
  step  315063/500000 ( 63.0%)  mean_rew=-0.353
------------------------------------------
| time/                   |              |
|    fps                  | 190          |
|    iterations           | 206          |
|    time_elapsed         | 1663         |
|    total_timesteps      | 316416       |
| train/                  |              |
|    approx_kl            | 0.0065151006 |
|    clip_fraction        | 0.0247       |
|    clip_range           | 0.2          |
|    entropy_loss         | -0.428       |
|    explained_variance   | 0.988        |
|    learning_rate        | 0.0003       |
|    loss                 | 0.464        |
|    n_updates            | 2050         |
|    policy_gradient_loss | -0.000433    |
|    value_loss           | 1.59         |
------------------------------------------
-----------------------------------------
| time/                   |             |
|    fps                  | 190         |
|    iterations           | 207         |
|    time_elapsed         | 1672        |
|    total_timesteps      | 317952      |
| train/                  |             |
|    approx_kl            | 0.002164622 |
|    clip_fraction        | 0.0406      |
|    clip_range           | 0.2         |
|    entropy_loss         | -0.457      |
|    explained_variance   | 0.905       |
|    learning_rate        | 0.0003      |
|    loss                 | 4.98        |
|    n_updates            | 2060        |
|    policy_gradient_loss | -0.000974   |
|    value_loss           | 13.2        |
-----------------------------------------
-----------------------------------------
| time/                   |             |
|    fps                  | 189         |
|    iterations           | 208         |
|    time_elapsed         | 1681        |
|    total_timesteps      | 319488      |
| train/                  |             |
|    approx_kl            | 0.001005663 |
|    clip_fraction        | 0.00814     |
|    clip_range           | 0.2         |
|    entropy_loss         | -0.435      |
|    explained_variance   | 0.932       |
|    learning_rate        | 0.0003      |
|    loss                 | 6.29        |
|    n_updates            | 2070        |
|    policy_gradient_loss | -0.000472   |
|    value_loss           | 13.2        |
-----------------------------------------
  step  320064/500000 ( 64.0%)  mean_rew=-0.009
------------------------------------------
| time/                   |              |
|    fps                  | 190          |
|    iterations           | 209          |
|    time_elapsed         | 1689         |
|    total_timesteps      | 321024       |
| train/                  |              |
|    approx_kl            | 0.0050525214 |
|    clip_fraction        | 0.0654       |
|    clip_range           | 0.2          |
|    entropy_loss         | -0.499       |
|    explained_variance   | 0.983        |
|    learning_rate        | 0.0003       |
|    loss                 | 1.01         |
|    n_updates            | 2080         |
|    policy_gradient_loss | -0.00379     |
|    value_loss           | 2.24         |
------------------------------------------
------------------------------------------
| time/                   |              |
|    fps                  | 190          |
|    iterations           | 210          |
|    time_elapsed         | 1697         |
|    total_timesteps      | 322560       |
| train/                  |              |
|    approx_kl            | 0.0031489383 |
|    clip_fraction        | 0.0374       |
|    clip_range           | 0.2          |
|    entropy_loss         | -0.471       |
|    explained_variance   | 0.918        |
|    learning_rate        | 0.0003       |
|    loss                 | 1.38         |
|    n_updates            | 2090         |
|    policy_gradient_loss | -0.00185     |
|    value_loss           | 13           |
------------------------------------------
------------------------------------------
| time/                   |              |
|    fps                  | 189          |
|    iterations           | 211          |
|    time_elapsed         | 1706         |
|    total_timesteps      | 324096       |
| train/                  |              |
|    approx_kl            | 0.0008010478 |
|    clip_fraction        | 0.00501      |
|    clip_range           | 0.2          |
|    entropy_loss         | -0.429       |
|    explained_variance   | 0.931        |
|    learning_rate        | 0.0003       |
|    loss                 | 1.03         |
|    n_updates            | 2100         |
|    policy_gradient_loss | -4.83e-05    |
|    value_loss           | 13.6         |
------------------------------------------
  step  325065/500000 ( 65.0%)  mean_rew=-0.208
------------------------------------------
| time/                   |              |
|    fps                  | 189          |
|    iterations           | 212          |
|    time_elapsed         | 1715         |
|    total_timesteps      | 325632       |
| train/                  |              |
|    approx_kl            | 0.0045814184 |
|    clip_fraction        | 0.0411       |
|    clip_range           | 0.2          |
|    entropy_loss         | -0.432       |
|    explained_variance   | 0.908        |
|    learning_rate        | 0.0003       |
|    loss                 | 8.68         |
|    n_updates            | 2110         |
|    policy_gradient_loss | -0.00124     |
|    value_loss           | 14           |
------------------------------------------
------------------------------------------
| time/                   |              |
|    fps                  | 189          |
|    iterations           | 213          |
|    time_elapsed         | 1723         |
|    total_timesteps      | 327168       |
| train/                  |              |
|    approx_kl            | 0.0019686127 |
|    clip_fraction        | 0.016        |
|    clip_range           | 0.2          |
|    entropy_loss         | -0.402       |
|    explained_variance   | 0.988        |
|    learning_rate        | 0.0003       |
|    loss                 | 0.723        |
|    n_updates            | 2120         |
|    policy_gradient_loss | -0.000943    |
|    value_loss           | 1.63         |
------------------------------------------
-------------------------------------------
| time/                   |               |
|    fps                  | 189           |
|    iterations           | 214           |
|    time_elapsed         | 1732          |
|    total_timesteps      | 328704        |
| train/                  |               |
|    approx_kl            | 0.00079704326 |
|    clip_fraction        | 0.00996       |
|    clip_range           | 0.2           |
|    entropy_loss         | -0.413        |
|    explained_variance   | 0.904         |
|    learning_rate        | 0.0003        |
|    loss                 | 2.82          |
|    n_updates            | 2130          |
|    policy_gradient_loss | -0.00117      |
|    value_loss           | 14.3          |
-------------------------------------------
  step  330066/500000 ( 66.0%)  mean_rew=-0.359
------------------------------------------
| time/                   |              |
|    fps                  | 189          |
|    iterations           | 215          |
|    time_elapsed         | 1742         |
|    total_timesteps      | 330240       |
| train/                  |              |
|    approx_kl            | 0.0025913562 |
|    clip_fraction        | 0.0227       |
|    clip_range           | 0.2          |
|    entropy_loss         | -0.377       |
|    explained_variance   | 0.932        |
|    learning_rate        | 0.0003       |
|    loss                 | 2.94         |
|    n_updates            | 2140         |
|    policy_gradient_loss | -0.00087     |
|    value_loss           | 14.1         |
------------------------------------------
-----------------------------------------
| time/                   |             |
|    fps                  | 189         |
|    iterations           | 216         |
|    time_elapsed         | 1750        |
|    total_timesteps      | 331776      |
| train/                  |             |
|    approx_kl            | 0.001882663 |
|    clip_fraction        | 0.0187      |
|    clip_range           | 0.2         |
|    entropy_loss         | -0.355      |
|    explained_variance   | 0.988       |
|    learning_rate        | 0.0003      |
|    loss                 | 0.881       |
|    n_updates            | 2150        |
|    policy_gradient_loss | -0.00229    |
|    value_loss           | 1.57        |
-----------------------------------------
------------------------------------------
| time/                   |              |
|    fps                  | 189          |
|    iterations           | 217          |
|    time_elapsed         | 1758         |
|    total_timesteps      | 333312       |
| train/                  |              |
|    approx_kl            | 0.0012820874 |
|    clip_fraction        | 0.0223       |
|    clip_range           | 0.2          |
|    entropy_loss         | -0.323       |
|    explained_variance   | 0.897        |
|    learning_rate        | 0.0003       |
|    loss                 | 2.22         |
|    n_updates            | 2160         |
|    policy_gradient_loss | -0.00161     |
|    value_loss           | 13.5         |
------------------------------------------
------------------------------------------
| time/                   |              |
|    fps                  | 189          |
|    iterations           | 218          |
|    time_elapsed         | 1769         |
|    total_timesteps      | 334848       |
| train/                  |              |
|    approx_kl            | 0.0009576103 |
|    clip_fraction        | 0.0196       |
|    clip_range           | 0.2          |
|    entropy_loss         | -0.319       |
|    explained_variance   | 0.923        |
|    learning_rate        | 0.0003       |
|    loss                 | 7.98         |
|    n_updates            | 2170         |
|    policy_gradient_loss | -0.00289     |
|    value_loss           | 14.1         |
------------------------------------------
  step  335067/500000 ( 67.0%)  mean_rew=-0.007
------------------------------------------
| time/                   |              |
|    fps                  | 189          |
|    iterations           | 219          |
|    time_elapsed         | 1776         |
|    total_timesteps      | 336384       |
| train/                  |              |
|    approx_kl            | 0.0021714845 |
|    clip_fraction        | 0.0165       |
|    clip_range           | 0.2          |
|    entropy_loss         | -0.28        |
|    explained_variance   | 0.912        |
|    learning_rate        | 0.0003       |
|    loss                 | 5.93         |
|    n_updates            | 2180         |
|    policy_gradient_loss | -0.000352    |
|    value_loss           | 13.8         |
------------------------------------------
------------------------------------------
| time/                   |              |
|    fps                  | 189          |
|    iterations           | 220          |
|    time_elapsed         | 1783         |
|    total_timesteps      | 337920       |
| train/                  |              |
|    approx_kl            | 0.0015397671 |
|    clip_fraction        | 0.0192       |
|    clip_range           | 0.2          |
|    entropy_loss         | -0.291       |
|    explained_variance   | 0.982        |
|    learning_rate        | 0.0003       |
|    loss                 | 1.02         |
|    n_updates            | 2190         |
|    policy_gradient_loss | -0.00139     |
|    value_loss           | 2.63         |
------------------------------------------
------------------------------------------
| time/                   |              |
|    fps                  | 189          |
|    iterations           | 221          |
|    time_elapsed         | 1793         |
|    total_timesteps      | 339456       |
| train/                  |              |
|    approx_kl            | 0.0011879383 |
|    clip_fraction        | 0.00664      |
|    clip_range           | 0.2          |
|    entropy_loss         | -0.265       |
|    explained_variance   | 0.915        |
|    learning_rate        | 0.0003       |
|    loss                 | 10.4         |
|    n_updates            | 2200         |
|    policy_gradient_loss | -0.000422    |
|    value_loss           | 14.6         |
------------------------------------------
  step  340068/500000 ( 68.0%)  mean_rew=-0.125
------------------------------------------
| time/                   |              |
|    fps                  | 189          |
|    iterations           | 222          |
|    time_elapsed         | 1802         |
|    total_timesteps      | 340992       |
| train/                  |              |
|    approx_kl            | 0.0017840996 |
|    clip_fraction        | 0.0251       |
|    clip_range           | 0.2          |
|    entropy_loss         | -0.19        |
|    explained_variance   | 0.924        |
|    learning_rate        | 0.0003       |
|    loss                 | 8.61         |
|    n_updates            | 2210         |
|    policy_gradient_loss | -0.00125     |
|    value_loss           | 14.1         |
------------------------------------------
-------------------------------------------
| time/                   |               |
|    fps                  | 189           |
|    iterations           | 223           |
|    time_elapsed         | 1810          |
|    total_timesteps      | 342528        |
| train/                  |               |
|    approx_kl            | 0.00059504015 |
|    clip_fraction        | 0.00514       |
|    clip_range           | 0.2           |
|    entropy_loss         | -0.206        |
|    explained_variance   | 0.986         |
|    learning_rate        | 0.0003        |
|    loss                 | 0.619         |
|    n_updates            | 2220          |
|    policy_gradient_loss | -0.000576     |
|    value_loss           | 1.6           |
-------------------------------------------
------------------------------------------
| time/                   |              |
|    fps                  | 189          |
|    iterations           | 224          |
|    time_elapsed         | 1819         |
|    total_timesteps      | 344064       |
| train/                  |              |
|    approx_kl            | 0.0006654368 |
|    clip_fraction        | 0.00371      |
|    clip_range           | 0.2          |
|    entropy_loss         | -0.212       |
|    explained_variance   | 0.897        |
|    learning_rate        | 0.0003       |
|    loss                 | 5.94         |
|    n_updates            | 2230         |
|    policy_gradient_loss | -0.000438    |
|    value_loss           | 13.9         |
------------------------------------------
  step  345069/500000 ( 69.0%)  mean_rew=-0.355
------------------------------------------
| time/                   |              |
|    fps                  | 188          |
|    iterations           | 225          |
|    time_elapsed         | 1830         |
|    total_timesteps      | 345600       |
| train/                  |              |
|    approx_kl            | 0.0005309328 |
|    clip_fraction        | 0.0028       |
|    clip_range           | 0.2          |
|    entropy_loss         | -0.189       |
|    explained_variance   | 0.923        |
|    learning_rate        | 0.0003       |
|    loss                 | 4.55         |
|    n_updates            | 2240         |
|    policy_gradient_loss | -0.000108    |
|    value_loss           | 14           |
------------------------------------------
-------------------------------------------
| time/                   |               |
|    fps                  | 188           |
|    iterations           | 226           |
|    time_elapsed         | 1838          |
|    total_timesteps      | 347136        |
| train/                  |               |
|    approx_kl            | 0.00089948764 |
|    clip_fraction        | 0.00677       |
|    clip_range           | 0.2           |
|    entropy_loss         | -0.138        |
|    explained_variance   | 0.901         |
|    learning_rate        | 0.0003        |
|    loss                 | 10.8          |
|    n_updates            | 2250          |
|    policy_gradient_loss | -0.000573     |
|    value_loss           | 13.9          |
-------------------------------------------
------------------------------------------
| time/                   |              |
|    fps                  | 188          |
|    iterations           | 227          |
|    time_elapsed         | 1846         |
|    total_timesteps      | 348672       |
| train/                  |              |
|    approx_kl            | 0.0014652945 |
|    clip_fraction        | 0.0156       |
|    clip_range           | 0.2          |
|    entropy_loss         | -0.221       |
|    explained_variance   | 0.986        |
|    learning_rate        | 0.0003       |
|    loss                 | 1.47         |
|    n_updates            | 2260         |
|    policy_gradient_loss | -0.000358    |
|    value_loss           | 1.95         |
------------------------------------------
  step  350070/500000 ( 70.0%)  mean_rew=-0.097
------------------------------------------
| time/                   |              |
|    fps                  | 188          |
|    iterations           | 228          |
|    time_elapsed         | 1856         |
|    total_timesteps      | 350208       |
| train/                  |              |
|    approx_kl            | 0.0019518785 |
|    clip_fraction        | 0.0251       |
|    clip_range           | 0.2          |
|    entropy_loss         | -0.193       |
|    explained_variance   | 0.91         |
|    learning_rate        | 0.0003       |
|    loss                 | 3.26         |
|    n_updates            | 2270         |
|    policy_gradient_loss | -0.00184     |
|    value_loss           | 15.4         |
------------------------------------------
------------------------------------------
| time/                   |              |
|    fps                  | 188          |
|    iterations           | 229          |
|    time_elapsed         | 1864         |
|    total_timesteps      | 351744       |
| train/                  |              |
|    approx_kl            | 0.0002899679 |
|    clip_fraction        | 0.00026      |
|    clip_range           | 0.2          |
|    entropy_loss         | -0.13        |
|    explained_variance   | 0.93         |
|    learning_rate        | 0.0003       |
|    loss                 | 6.66         |
|    n_updates            | 2280         |
|    policy_gradient_loss | -0.00026     |
|    value_loss           | 13.9         |
------------------------------------------
------------------------------------------
| time/                   |              |
|    fps                  | 188          |
|    iterations           | 230          |
|    time_elapsed         | 1872         |
|    total_timesteps      | 353280       |
| train/                  |              |
|    approx_kl            | 0.0015887165 |
|    clip_fraction        | 0.0144       |
|    clip_range           | 0.2          |
|    entropy_loss         | -0.181       |
|    explained_variance   | 0.986        |
|    learning_rate        | 0.0003       |
|    loss                 | 1.05         |
|    n_updates            | 2290         |
|    policy_gradient_loss | -0.000961    |
|    value_loss           | 2.01         |
------------------------------------------
------------------------------------------
| time/                   |              |
|    fps                  | 188          |
|    iterations           | 231          |
|    time_elapsed         | 1881         |
|    total_timesteps      | 354816       |
| train/                  |              |
|    approx_kl            | 0.0035827998 |
|    clip_fraction        | 0.0138       |
|    clip_range           | 0.2          |
|    entropy_loss         | -0.217       |
|    explained_variance   | 0.894        |
|    learning_rate        | 0.0003       |
|    loss                 | 8.43         |
|    n_updates            | 2300         |
|    policy_gradient_loss | -0.000377    |
|    value_loss           | 14.5         |
------------------------------------------
  step  355071/500000 ( 71.0%)  mean_rew=-0.043
-------------------------------------------
| time/                   |               |
|    fps                  | 188           |
|    iterations           | 232           |
|    time_elapsed         | 1891          |
|    total_timesteps      | 356352        |
| train/                  |               |
|    approx_kl            | 0.00032304588 |
|    clip_fraction        | 0.00111       |
|    clip_range           | 0.2           |
|    entropy_loss         | -0.168        |
|    explained_variance   | 0.93          |
|    learning_rate        | 0.0003        |
|    loss                 | 8.16          |
|    n_updates            | 2310          |
|    policy_gradient_loss | -0.000248     |
|    value_loss           | 14.5          |
-------------------------------------------
------------------------------------------
| time/                   |              |
|    fps                  | 188          |
|    iterations           | 233          |
|    time_elapsed         | 1897         |
|    total_timesteps      | 357888       |
| train/                  |              |
|    approx_kl            | 0.0009479087 |
|    clip_fraction        | 0.00358      |
|    clip_range           | 0.2          |
|    entropy_loss         | -0.155       |
|    explained_variance   | 0.985        |
|    learning_rate        | 0.0003       |
|    loss                 | 0.861        |
|    n_updates            | 2320         |
|    policy_gradient_loss | -1.35e-06    |
|    value_loss           | 2.04         |
------------------------------------------
------------------------------------------
| time/                   |              |
|    fps                  | 188          |
|    iterations           | 234          |
|    time_elapsed         | 1904         |
|    total_timesteps      | 359424       |
| train/                  |              |
|    approx_kl            | 0.0005631728 |
|    clip_fraction        | 0.0188       |
|    clip_range           | 0.2          |
|    entropy_loss         | -0.223       |
|    explained_variance   | 0.908        |
|    learning_rate        | 0.0003       |
|    loss                 | 5.35         |
|    n_updates            | 2330         |
|    policy_gradient_loss | -0.00103     |
|    value_loss           | 12.8         |
------------------------------------------
  step  360072/500000 ( 72.0%)  mean_rew=-0.124
-----------------------------------------
| time/                   |             |
|    fps                  | 188         |
|    iterations           | 235         |
|    time_elapsed         | 1911        |
|    total_timesteps      | 360960      |
| train/                  |             |
|    approx_kl            | 0.000755148 |
|    clip_fraction        | 0.00352     |
|    clip_range           | 0.2         |
|    entropy_loss         | -0.203      |
|    explained_variance   | 0.928       |
|    learning_rate        | 0.0003      |
|    loss                 | 9.11        |
|    n_updates            | 2340        |
|    policy_gradient_loss | -0.000727   |
|    value_loss           | 13.5        |
-----------------------------------------
----------------------------------------
| time/                   |            |
|    fps                  | 188        |
|    iterations           | 236        |
|    time_elapsed         | 1919       |
|    total_timesteps      | 362496     |
| train/                  |            |
|    approx_kl            | 0.00169578 |
|    clip_fraction        | 0.0137     |
|    clip_range           | 0.2        |
|    entropy_loss         | -0.221     |
|    explained_variance   | 0.907      |
|    learning_rate        | 0.0003     |
|    loss                 | 3.03       |
|    n_updates            | 2350       |
|    policy_gradient_loss | -0.000149  |
|    value_loss           | 12.5       |
----------------------------------------
------------------------------------------
| time/                   |              |
|    fps                  | 188          |
|    iterations           | 237          |
|    time_elapsed         | 1926         |
|    total_timesteps      | 364032       |
| train/                  |              |
|    approx_kl            | 0.0010894454 |
|    clip_fraction        | 0.0174       |
|    clip_range           | 0.2          |
|    entropy_loss         | -0.237       |
|    explained_variance   | 0.987        |
|    learning_rate        | 0.0003       |
|    loss                 | 0.645        |
|    n_updates            | 2360         |
|    policy_gradient_loss | -0.000289    |
|    value_loss           | 1.33         |
------------------------------------------
  step  365073/500000 ( 73.0%)  mean_rew=-0.297
------------------------------------------
| time/                   |              |
|    fps                  | 188          |
|    iterations           | 238          |
|    time_elapsed         | 1935         |
|    total_timesteps      | 365568       |
| train/                  |              |
|    approx_kl            | 0.0010128283 |
|    clip_fraction        | 0.0285       |
|    clip_range           | 0.2          |
|    entropy_loss         | -0.202       |
|    explained_variance   | 0.904        |
|    learning_rate        | 0.0003       |
|    loss                 | 10.1         |
|    n_updates            | 2370         |
|    policy_gradient_loss | 8.85e-05     |
|    value_loss           | 12.9         |
------------------------------------------
-------------------------------------------
| time/                   |               |
|    fps                  | 188           |
|    iterations           | 239           |
|    time_elapsed         | 1945          |
|    total_timesteps      | 367104        |
| train/                  |               |
|    approx_kl            | 0.00044305914 |
|    clip_fraction        | 0.00169       |
|    clip_range           | 0.2           |
|    entropy_loss         | -0.165        |
|    explained_variance   | 0.926         |
|    learning_rate        | 0.0003        |
|    loss                 | 9.8           |
|    n_updates            | 2380          |
|    policy_gradient_loss | -0.000179     |
|    value_loss           | 13.5          |
-------------------------------------------
------------------------------------------
| time/                   |              |
|    fps                  | 188          |
|    iterations           | 240          |
|    time_elapsed         | 1953         |
|    total_timesteps      | 368640       |
| train/                  |              |
|    approx_kl            | 0.0003289349 |
|    clip_fraction        | 0.00482      |
|    clip_range           | 0.2          |
|    entropy_loss         | -0.134       |
|    explained_variance   | 0.986        |
|    learning_rate        | 0.0003       |
|    loss                 | 0.54         |
|    n_updates            | 2390         |
|    policy_gradient_loss | 0.000124     |
|    value_loss           | 1.52         |
------------------------------------------
  step  370074/500000 ( 74.0%)  mean_rew=-0.024
------------------------------------------
| time/                   |              |
|    fps                  | 188          |
|    iterations           | 241          |
|    time_elapsed         | 1961         |
|    total_timesteps      | 370176       |
| train/                  |              |
|    approx_kl            | 0.0020482924 |
|    clip_fraction        | 0.0289       |
|    clip_range           | 0.2          |
|    entropy_loss         | -0.204       |
|    explained_variance   | 0.898        |
|    learning_rate        | 0.0003       |
|    loss                 | 7.35         |
|    n_updates            | 2400         |
|    policy_gradient_loss | -0.00179     |
|    value_loss           | 14.2         |
------------------------------------------
------------------------------------------
| time/                   |              |
|    fps                  | 188          |
|    iterations           | 242          |
|    time_elapsed         | 1970         |
|    total_timesteps      | 371712       |
| train/                  |              |
|    approx_kl            | 0.0005136097 |
|    clip_fraction        | 0.0227       |
|    clip_range           | 0.2          |
|    entropy_loss         | -0.169       |
|    explained_variance   | 0.922        |
|    learning_rate        | 0.0003       |
|    loss                 | 9.25         |
|    n_updates            | 2410         |
|    policy_gradient_loss | -0.000516    |
|    value_loss           | 14.2         |
------------------------------------------
------------------------------------------
| time/                   |              |
|    fps                  | 188          |
|    iterations           | 243          |
|    time_elapsed         | 1978         |
|    total_timesteps      | 373248       |
| train/                  |              |
|    approx_kl            | 0.0025922412 |
|    clip_fraction        | 0.0165       |
|    clip_range           | 0.2          |
|    entropy_loss         | -0.148       |
|    explained_variance   | 0.911        |
|    learning_rate        | 0.0003       |
|    loss                 | 4.76         |
|    n_updates            | 2420         |
|    policy_gradient_loss | -0.00126     |
|    value_loss           | 14.2         |
------------------------------------------
-----------------------------------------
| time/                   |             |
|    fps                  | 188         |
|    iterations           | 244         |
|    time_elapsed         | 1986        |
|    total_timesteps      | 374784      |
| train/                  |             |
|    approx_kl            | 0.002683575 |
|    clip_fraction        | 0.0251      |
|    clip_range           | 0.2         |
|    entropy_loss         | -0.188      |
|    explained_variance   | 0.985       |
|    learning_rate        | 0.0003      |
|    loss                 | 1.48        |
|    n_updates            | 2430        |
|    policy_gradient_loss | -0.00178    |
|    value_loss           | 2.04        |
-----------------------------------------
  step  375075/500000 ( 75.0%)  mean_rew=-0.329
------------------------------------------
| time/                   |              |
|    fps                  | 188          |
|    iterations           | 245          |
|    time_elapsed         | 1995         |
|    total_timesteps      | 376320       |
| train/                  |              |
|    approx_kl            | 0.0014075312 |
|    clip_fraction        | 0.0152       |
|    clip_range           | 0.2          |
|    entropy_loss         | -0.198       |
|    explained_variance   | 0.903        |
|    learning_rate        | 0.0003       |
|    loss                 | 9.51         |
|    n_updates            | 2440         |
|    policy_gradient_loss | -0.000695    |
|    value_loss           | 14.5         |
------------------------------------------
-------------------------------------------
| time/                   |               |
|    fps                  | 188           |
|    iterations           | 246           |
|    time_elapsed         | 2005          |
|    total_timesteps      | 377856        |
| train/                  |               |
|    approx_kl            | 0.00035870075 |
|    clip_fraction        | 0.00866       |
|    clip_range           | 0.2           |
|    entropy_loss         | -0.14         |
|    explained_variance   | 0.93          |
|    learning_rate        | 0.0003        |
|    loss                 | 0.98          |
|    n_updates            | 2450          |
|    policy_gradient_loss | -3.93e-05     |
|    value_loss           | 13.9          |
-------------------------------------------
-------------------------------------------
| time/                   |               |
|    fps                  | 188           |
|    iterations           | 247           |
|    time_elapsed         | 2013          |
|    total_timesteps      | 379392        |
| train/                  |               |
|    approx_kl            | 0.00038704718 |
|    clip_fraction        | 0.00983       |
|    clip_range           | 0.2           |
|    entropy_loss         | -0.125        |
|    explained_variance   | 0.986         |
|    learning_rate        | 0.0003        |
|    loss                 | 0.506         |
|    n_updates            | 2460          |
|    policy_gradient_loss | 0.000477      |
|    value_loss           | 1.46          |
-------------------------------------------
  step  380076/500000 ( 76.0%)  mean_rew=-0.350
------------------------------------------
| time/                   |              |
|    fps                  | 188          |
|    iterations           | 248          |
|    time_elapsed         | 2022         |
|    total_timesteps      | 380928       |
| train/                  |              |
|    approx_kl            | 0.0025033804 |
|    clip_fraction        | 0.0288       |
|    clip_range           | 0.2          |
|    entropy_loss         | -0.209       |
|    explained_variance   | 0.897        |
|    learning_rate        | 0.0003       |
|    loss                 | 3.2          |
|    n_updates            | 2470         |
|    policy_gradient_loss | 0.000192     |
|    value_loss           | 14.4         |
------------------------------------------
-------------------------------------------
| time/                   |               |
|    fps                  | 188           |
|    iterations           | 249           |
|    time_elapsed         | 2032          |
|    total_timesteps      | 382464        |
| train/                  |               |
|    approx_kl            | 0.00047663445 |
|    clip_fraction        | 0.0113        |
|    clip_range           | 0.2           |
|    entropy_loss         | -0.194        |
|    explained_variance   | 0.919         |
|    learning_rate        | 0.0003        |
|    loss                 | 9.44          |
|    n_updates            | 2480          |
|    policy_gradient_loss | -0.000187     |
|    value_loss           | 14.3          |
-------------------------------------------
------------------------------------------
| time/                   |              |
|    fps                  | 188          |
|    iterations           | 250          |
|    time_elapsed         | 2041         |
|    total_timesteps      | 384000       |
| train/                  |              |
|    approx_kl            | 0.0018579859 |
|    clip_fraction        | 0.0163       |
|    clip_range           | 0.2          |
|    entropy_loss         | -0.139       |
|    explained_variance   | 0.918        |
|    learning_rate        | 0.0003       |
|    loss                 | 6.27         |
|    n_updates            | 2490         |
|    policy_gradient_loss | -3.21e-05    |
|    value_loss           | 14.3         |
------------------------------------------
  step  385077/500000 ( 77.0%)  mean_rew=-0.022
------------------------------------------
| time/                   |              |
|    fps                  | 188          |
|    iterations           | 251          |
|    time_elapsed         | 2049         |
|    total_timesteps      | 385536       |
| train/                  |              |
|    approx_kl            | 0.0018975461 |
|    clip_fraction        | 0.0117       |
|    clip_range           | 0.2          |
|    entropy_loss         | -0.211       |
|    explained_variance   | 0.985        |
|    learning_rate        | 0.0003       |
|    loss                 | 0.74         |
|    n_updates            | 2500         |
|    policy_gradient_loss | -0.000432    |
|    value_loss           | 2.04         |
------------------------------------------
-----------------------------------------
| time/                   |             |
|    fps                  | 188         |
|    iterations           | 252         |
|    time_elapsed         | 2058        |
|    total_timesteps      | 387072      |
| train/                  |             |
|    approx_kl            | 0.002180704 |
|    clip_fraction        | 0.0139      |
|    clip_range           | 0.2         |
|    entropy_loss         | -0.222      |
|    explained_variance   | 0.903       |
|    learning_rate        | 0.0003      |
|    loss                 | 4.26        |
|    n_updates            | 2510        |
|    policy_gradient_loss | -0.000336   |
|    value_loss           | 14.8        |
-----------------------------------------
-----------------------------------------
| time/                   |             |
|    fps                  | 187         |
|    iterations           | 253         |
|    time_elapsed         | 2068        |
|    total_timesteps      | 388608      |
| train/                  |             |
|    approx_kl            | 0.000189208 |
|    clip_fraction        | 0.00267     |
|    clip_range           | 0.2         |
|    entropy_loss         | -0.157      |
|    explained_variance   | 0.93        |
|    learning_rate        | 0.0003      |
|    loss                 | 4.52        |
|    n_updates            | 2520        |
|    policy_gradient_loss | -0.000659   |
|    value_loss           | 14.6        |
-----------------------------------------
  step  390078/500000 ( 78.0%)  mean_rew=-0.022
-------------------------------------------
| time/                   |               |
|    fps                  | 188           |
|    iterations           | 254           |
|    time_elapsed         | 2073          |
|    total_timesteps      | 390144        |
| train/                  |               |
|    approx_kl            | 0.00067237904 |
|    clip_fraction        | 0.0171        |
|    clip_range           | 0.2           |
|    entropy_loss         | -0.137        |
|    explained_variance   | 0.985         |
|    learning_rate        | 0.0003        |
|    loss                 | 0.821         |
|    n_updates            | 2530          |
|    policy_gradient_loss | 5.59e-05      |
|    value_loss           | 2.04          |
-------------------------------------------
-----------------------------------------
| time/                   |             |
|    fps                  | 188         |
|    iterations           | 255         |
|    time_elapsed         | 2080        |
|    total_timesteps      | 391680      |
| train/                  |             |
|    approx_kl            | 0.004638786 |
|    clip_fraction        | 0.0272      |
|    clip_range           | 0.2         |
|    entropy_loss         | -0.31       |
|    explained_variance   | 0.804       |
|    learning_rate        | 0.0003      |
|    loss                 | 8.06        |
|    n_updates            | 2540        |
|    policy_gradient_loss | -0.00133    |
|    value_loss           | 10.9        |
-----------------------------------------
-------------------------------------------
| time/                   |               |
|    fps                  | 188           |
|    iterations           | 256           |
|    time_elapsed         | 2089          |
|    total_timesteps      | 393216        |
| train/                  |               |
|    approx_kl            | 0.00050127466 |
|    clip_fraction        | 0.00534       |
|    clip_range           | 0.2           |
|    entropy_loss         | -0.259        |
|    explained_variance   | 0.907         |
|    learning_rate        | 0.0003        |
|    loss                 | 2.53          |
|    n_updates            | 2550          |
|    policy_gradient_loss | -0.000464     |
|    value_loss           | 10            |
-------------------------------------------
------------------------------------------
| time/                   |              |
|    fps                  | 188          |
|    iterations           | 257          |
|    time_elapsed         | 2097         |
|    total_timesteps      | 394752       |
| train/                  |              |
|    approx_kl            | 0.0018849024 |
|    clip_fraction        | 0.00879      |
|    clip_range           | 0.2          |
|    entropy_loss         | -0.174       |
|    explained_variance   | 0.899        |
|    learning_rate        | 0.0003       |
|    loss                 | 3.45         |
|    n_updates            | 2560         |
|    policy_gradient_loss | -0.00066     |
|    value_loss           | 11           |
------------------------------------------
  step  395079/500000 ( 79.0%)  mean_rew=-0.365
------------------------------------------
| time/                   |              |
|    fps                  | 188          |
|    iterations           | 258          |
|    time_elapsed         | 2105         |
|    total_timesteps      | 396288       |
| train/                  |              |
|    approx_kl            | 0.0007811375 |
|    clip_fraction        | 0.0188       |
|    clip_range           | 0.2          |
|    entropy_loss         | -0.235       |
|    explained_variance   | 0.986        |
|    learning_rate        | 0.0003       |
|    loss                 | 0.335        |
|    n_updates            | 2570         |
|    policy_gradient_loss | 0.000382     |
|    value_loss           | 1.09         |
------------------------------------------
------------------------------------------
| time/                   |              |
|    fps                  | 188          |
|    iterations           | 259          |
|    time_elapsed         | 2114         |
|    total_timesteps      | 397824       |
| train/                  |              |
|    approx_kl            | 0.0007027863 |
|    clip_fraction        | 0.00208      |
|    clip_range           | 0.2          |
|    entropy_loss         | -0.223       |
|    explained_variance   | 0.906        |
|    learning_rate        | 0.0003       |
|    loss                 | 4.93         |
|    n_updates            | 2580         |
|    policy_gradient_loss | -0.000298    |
|    value_loss           | 11.8         |
------------------------------------------
------------------------------------------
| time/                   |              |
|    fps                  | 187          |
|    iterations           | 260          |
|    time_elapsed         | 2124         |
|    total_timesteps      | 399360       |
| train/                  |              |
|    approx_kl            | 0.0015615621 |
|    clip_fraction        | 0.0178       |
|    clip_range           | 0.2          |
|    entropy_loss         | -0.148       |
|    explained_variance   | 0.926        |
|    learning_rate        | 0.0003       |
|    loss                 | 3.54         |
|    n_updates            | 2590         |
|    policy_gradient_loss | -0.000974    |
|    value_loss           | 12.1         |
------------------------------------------
  step  400080/500000 ( 80.0%)  mean_rew=-0.003
-------------------------------------------
| time/                   |               |
|    fps                  | 187           |
|    iterations           | 261           |
|    time_elapsed         | 2132          |
|    total_timesteps      | 400896        |
| train/                  |               |
|    approx_kl            | 0.00076521124 |
|    clip_fraction        | 0.012         |
|    clip_range           | 0.2           |
|    entropy_loss         | -0.152        |
|    explained_variance   | 0.983         |
|    learning_rate        | 0.0003        |
|    loss                 | 0.906         |
|    n_updates            | 2600          |
|    policy_gradient_loss | -5.35e-05     |
|    value_loss           | 1.8           |
-------------------------------------------
------------------------------------------
| time/                   |              |
|    fps                  | 188          |
|    iterations           | 262          |
|    time_elapsed         | 2140         |
|    total_timesteps      | 402432       |
| train/                  |              |
|    approx_kl            | 0.0005912865 |
|    clip_fraction        | 0.000326     |
|    clip_range           | 0.2          |
|    entropy_loss         | -0.204       |
|    explained_variance   | 0.909        |
|    learning_rate        | 0.0003       |
|    loss                 | 3.16         |
|    n_updates            | 2610         |
|    policy_gradient_loss | -0.000238    |
|    value_loss           | 12.5         |
------------------------------------------
-----------------------------------------
| time/                   |             |
|    fps                  | 187         |
|    iterations           | 263         |
|    time_elapsed         | 2149        |
|    total_timesteps      | 403968      |
| train/                  |             |
|    approx_kl            | 0.002739092 |
|    clip_fraction        | 0.0255      |
|    clip_range           | 0.2         |
|    entropy_loss         | -0.17       |
|    explained_variance   | 0.931       |
|    learning_rate        | 0.0003      |
|    loss                 | 9.3         |
|    n_updates            | 2620        |
|    policy_gradient_loss | -0.000665   |
|    value_loss           | 13          |
-----------------------------------------
  step  405081/500000 ( 81.0%)  mean_rew=-0.012
------------------------------------------
| time/                   |              |
|    fps                  | 188          |
|    iterations           | 264          |
|    time_elapsed         | 2154         |
|    total_timesteps      | 405504       |
| train/                  |              |
|    approx_kl            | 0.0002470018 |
|    clip_fraction        | 0.00592      |
|    clip_range           | 0.2          |
|    entropy_loss         | -0.133       |
|    explained_variance   | 0.909        |
|    learning_rate        | 0.0003       |
|    loss                 | 8.16         |
|    n_updates            | 2630         |
|    policy_gradient_loss | -7.6e-05     |
|    value_loss           | 12.9         |
------------------------------------------
------------------------------------------
| time/                   |              |
|    fps                  | 188          |
|    iterations           | 265          |
|    time_elapsed         | 2161         |
|    total_timesteps      | 407040       |
| train/                  |              |
|    approx_kl            | 0.0018716037 |
|    clip_fraction        | 0.0255       |
|    clip_range           | 0.2          |
|    entropy_loss         | -0.3         |
|    explained_variance   | 0.979        |
|    learning_rate        | 0.0003       |
|    loss                 | 0.497        |
|    n_updates            | 2640         |
|    policy_gradient_loss | 0.000392     |
|    value_loss           | 1.02         |
------------------------------------------
-----------------------------------------
| time/                   |             |
|    fps                  | 188         |
|    iterations           | 266         |
|    time_elapsed         | 2170        |
|    total_timesteps      | 408576      |
| train/                  |             |
|    approx_kl            | 0.002084988 |
|    clip_fraction        | 0.0028      |
|    clip_range           | 0.2         |
|    entropy_loss         | -0.225      |
|    explained_variance   | 0.914       |
|    learning_rate        | 0.0003      |
|    loss                 | 5.24        |
|    n_updates            | 2650        |
|    policy_gradient_loss | -0.000149   |
|    value_loss           | 12.8        |
-----------------------------------------
  step  410082/500000 ( 82.0%)  mean_rew=-0.361
------------------------------------------
| time/                   |              |
|    fps                  | 188          |
|    iterations           | 267          |
|    time_elapsed         | 2179         |
|    total_timesteps      | 410112       |
| train/                  |              |
|    approx_kl            | 0.0012598111 |
|    clip_fraction        | 0.0107       |
|    clip_range           | 0.2          |
|    entropy_loss         | -0.142       |
|    explained_variance   | 0.923        |
|    learning_rate        | 0.0003       |
|    loss                 | 4.9          |
|    n_updates            | 2660         |
|    policy_gradient_loss | -0.000398    |
|    value_loss           | 13.1         |
------------------------------------------
------------------------------------------
| time/                   |              |
|    fps                  | 188          |
|    iterations           | 268          |
|    time_elapsed         | 2186         |
|    total_timesteps      | 411648       |
| train/                  |              |
|    approx_kl            | 0.0005724846 |
|    clip_fraction        | 0.00703      |
|    clip_range           | 0.2          |
|    entropy_loss         | -0.124       |
|    explained_variance   | 0.985        |
|    learning_rate        | 0.0003       |
|    loss                 | 0.669        |
|    n_updates            | 2670         |
|    policy_gradient_loss | -0.00055     |
|    value_loss           | 1.65         |
------------------------------------------
-----------------------------------------
| time/                   |             |
|    fps                  | 188         |
|    iterations           | 269         |
|    time_elapsed         | 2194        |
|    total_timesteps      | 413184      |
| train/                  |             |
|    approx_kl            | 0.001072844 |
|    clip_fraction        | 0.0145      |
|    clip_range           | 0.2         |
|    entropy_loss         | -0.249      |
|    explained_variance   | 0.892       |
|    learning_rate        | 0.0003      |
|    loss                 | 4.73        |
|    n_updates            | 2680        |
|    policy_gradient_loss | -0.000837   |
|    value_loss           | 12.8        |
-----------------------------------------
------------------------------------------
| time/                   |              |
|    fps                  | 188          |
|    iterations           | 270          |
|    time_elapsed         | 2205         |
|    total_timesteps      | 414720       |
| train/                  |              |
|    approx_kl            | 0.0029658324 |
|    clip_fraction        | 0.0118       |
|    clip_range           | 0.2          |
|    entropy_loss         | -0.191       |
|    explained_variance   | 0.928        |
|    learning_rate        | 0.0003       |
|    loss                 | 6.57         |
|    n_updates            | 2690         |
|    policy_gradient_loss | -0.000256    |
|    value_loss           | 13.3         |
------------------------------------------
  step  415083/500000 ( 83.0%)  mean_rew=-0.010
-------------------------------------------
| time/                   |               |
|    fps                  | 188           |
|    iterations           | 271           |
|    time_elapsed         | 2212          |
|    total_timesteps      | 416256        |
| train/                  |               |
|    approx_kl            | 0.00014853668 |
|    clip_fraction        | 0.0167        |
|    clip_range           | 0.2           |
|    entropy_loss         | -0.178        |
|    explained_variance   | 0.9           |
|    learning_rate        | 0.0003        |
|    loss                 | 9.37          |
|    n_updates            | 2700          |
|    policy_gradient_loss | 5.38e-05      |
|    value_loss           | 13.8          |
-------------------------------------------
-----------------------------------------
| time/                   |             |
|    fps                  | 188         |
|    iterations           | 272         |
|    time_elapsed         | 2221        |
|    total_timesteps      | 417792      |
| train/                  |             |
|    approx_kl            | 0.000225103 |
|    clip_fraction        | 0.00566     |
|    clip_range           | 0.2         |
|    entropy_loss         | -0.24       |
|    explained_variance   | 0.989       |
|    learning_rate        | 0.0003      |
|    loss                 | 0.668       |
|    n_updates            | 2710        |
|    policy_gradient_loss | -0.00044    |
|    value_loss           | 1.36        |
-----------------------------------------
------------------------------------------
| time/                   |              |
|    fps                  | 187          |
|    iterations           | 273          |
|    time_elapsed         | 2230         |
|    total_timesteps      | 419328       |
| train/                  |              |
|    approx_kl            | 0.0016209526 |
|    clip_fraction        | 0.0124       |
|    clip_range           | 0.2          |
|    entropy_loss         | -0.237       |
|    explained_variance   | 0.915        |
|    learning_rate        | 0.0003       |
|    loss                 | 5.57         |
|    n_updates            | 2720         |
|    policy_gradient_loss | -0.00127     |
|    value_loss           | 14.1         |
------------------------------------------
  step  420084/500000 ( 84.0%)  mean_rew=-0.146
------------------------------------------
| time/                   |              |
|    fps                  | 187          |
|    iterations           | 274          |
|    time_elapsed         | 2239         |
|    total_timesteps      | 420864       |
| train/                  |              |
|    approx_kl            | 0.0002149586 |
|    clip_fraction        | 0.00111      |
|    clip_range           | 0.2          |
|    entropy_loss         | -0.203       |
|    explained_variance   | 0.919        |
|    learning_rate        | 0.0003       |
|    loss                 | 4.59         |
|    n_updates            | 2730         |
|    policy_gradient_loss | -0.000807    |
|    value_loss           | 15.3         |
------------------------------------------
-------------------------------------------
| time/                   |               |
|    fps                  | 187           |
|    iterations           | 275           |
|    time_elapsed         | 2247          |
|    total_timesteps      | 422400        |
| train/                  |               |
|    approx_kl            | 0.00030585172 |
|    clip_fraction        | 0.0069        |
|    clip_range           | 0.2           |
|    entropy_loss         | -0.244        |
|    explained_variance   | 0.985         |
|    learning_rate        | 0.0003        |
|    loss                 | 0.559         |
|    n_updates            | 2740          |
|    policy_gradient_loss | -0.000452     |
|    value_loss           | 2.04          |
-------------------------------------------
-------------------------------------------
| time/                   |               |
|    fps                  | 187           |
|    iterations           | 276           |
|    time_elapsed         | 2255          |
|    total_timesteps      | 423936        |
| train/                  |               |
|    approx_kl            | 0.00058152503 |
|    clip_fraction        | 0.00273       |
|    clip_range           | 0.2           |
|    entropy_loss         | -0.308        |
|    explained_variance   | 0.891         |
|    learning_rate        | 0.0003        |
|    loss                 | 2.7           |
|    n_updates            | 2750          |
|    policy_gradient_loss | -8.44e-05     |
|    value_loss           | 14.2          |
-------------------------------------------
  step  425085/500000 ( 85.0%)  mean_rew=-0.350
-------------------------------------------
| time/                   |               |
|    fps                  | 187           |
|    iterations           | 277           |
|    time_elapsed         | 2265          |
|    total_timesteps      | 425472        |
| train/                  |               |
|    approx_kl            | 0.00019101852 |
|    clip_fraction        | 0.00273       |
|    clip_range           | 0.2           |
|    entropy_loss         | -0.271        |
|    explained_variance   | 0.929         |
|    learning_rate        | 0.0003        |
|    loss                 | 10.7          |
|    n_updates            | 2760          |
|    policy_gradient_loss | -0.000364     |
|    value_loss           | 13.6          |
-------------------------------------------
------------------------------------------
| time/                   |              |
|    fps                  | 187          |
|    iterations           | 278          |
|    time_elapsed         | 2272         |
|    total_timesteps      | 427008       |
| train/                  |              |
|    approx_kl            | 0.0007573283 |
|    clip_fraction        | 0.0128       |
|    clip_range           | 0.2          |
|    entropy_loss         | -0.264       |
|    explained_variance   | 0.985        |
|    learning_rate        | 0.0003       |
|    loss                 | 0.746        |
|    n_updates            | 2770         |
|    policy_gradient_loss | 0.000232     |
|    value_loss           | 1.52         |
------------------------------------------
------------------------------------------
| time/                   |              |
|    fps                  | 187          |
|    iterations           | 279          |
|    time_elapsed         | 2280         |
|    total_timesteps      | 428544       |
| train/                  |              |
|    approx_kl            | 0.0020483208 |
|    clip_fraction        | 0.00456      |
|    clip_range           | 0.2          |
|    entropy_loss         | -0.265       |
|    explained_variance   | 0.909        |
|    learning_rate        | 0.0003       |
|    loss                 | 12.2         |
|    n_updates            | 2780         |
|    policy_gradient_loss | -0.00031     |
|    value_loss           | 13.1         |
------------------------------------------
------------------------------------------
| time/                   |              |
|    fps                  | 187          |
|    iterations           | 280          |
|    time_elapsed         | 2289         |
|    total_timesteps      | 430080       |
| train/                  |              |
|    approx_kl            | 0.0007096014 |
|    clip_fraction        | 0.0043       |
|    clip_range           | 0.2          |
|    entropy_loss         | -0.232       |
|    explained_variance   | 0.925        |
|    learning_rate        | 0.0003       |
|    loss                 | 1.85         |
|    n_updates            | 2790         |
|    policy_gradient_loss | -0.00054     |
|    value_loss           | 13.7         |
------------------------------------------
  step  430086/500000 ( 86.0%)  mean_rew=-0.004
----------------------------------------
| time/                   |            |
|    fps                  | 187        |
|    iterations           | 281        |
|    time_elapsed         | 2297       |
|    total_timesteps      | 431616     |
| train/                  |            |
|    approx_kl            | 0.00168646 |
|    clip_fraction        | 0.0137     |
|    clip_range           | 0.2        |
|    entropy_loss         | -0.207     |
|    explained_variance   | 0.92       |
|    learning_rate        | 0.0003     |
|    loss                 | 8.06       |
|    n_updates            | 2800       |
|    policy_gradient_loss | -0.00108   |
|    value_loss           | 13.1       |
----------------------------------------
------------------------------------------
| time/                   |              |
|    fps                  | 187          |
|    iterations           | 282          |
|    time_elapsed         | 2305         |
|    total_timesteps      | 433152       |
| train/                  |              |
|    approx_kl            | 0.0031833712 |
|    clip_fraction        | 0.0196       |
|    clip_range           | 0.2          |
|    entropy_loss         | -0.208       |
|    explained_variance   | 0.985        |
|    learning_rate        | 0.0003       |
|    loss                 | 0.75         |
|    n_updates            | 2810         |
|    policy_gradient_loss | -0.000511    |
|    value_loss           | 2.12         |
------------------------------------------
------------------------------------------
| time/                   |              |
|    fps                  | 187          |
|    iterations           | 283          |
|    time_elapsed         | 2313         |
|    total_timesteps      | 434688       |
| train/                  |              |
|    approx_kl            | 0.0019942923 |
|    clip_fraction        | 0.0391       |
|    clip_range           | 0.2          |
|    entropy_loss         | -0.235       |
|    explained_variance   | 0.901        |
|    learning_rate        | 0.0003       |
|    loss                 | 6.68         |
|    n_updates            | 2820         |
|    policy_gradient_loss | -0.00053     |
|    value_loss           | 13.6         |
------------------------------------------
  step  435087/500000 ( 87.0%)  mean_rew=-0.074
-------------------------------------------
| time/                   |               |
|    fps                  | 187           |
|    iterations           | 284           |
|    time_elapsed         | 2323          |
|    total_timesteps      | 436224        |
| train/                  |               |
|    approx_kl            | 0.00045132812 |
|    clip_fraction        | 0.00156       |
|    clip_range           | 0.2           |
|    entropy_loss         | -0.175        |
|    explained_variance   | 0.931         |
|    learning_rate        | 0.0003        |
|    loss                 | 6.89          |
|    n_updates            | 2830          |
|    policy_gradient_loss | -0.000267     |
|    value_loss           | 13.6          |
-------------------------------------------
-------------------------------------------
| time/                   |               |
|    fps                  | 187           |
|    iterations           | 285           |
|    time_elapsed         | 2331          |
|    total_timesteps      | 437760        |
| train/                  |               |
|    approx_kl            | 0.00075788953 |
|    clip_fraction        | 0.00638       |
|    clip_range           | 0.2           |
|    entropy_loss         | -0.208        |
|    explained_variance   | 0.988         |
|    learning_rate        | 0.0003        |
|    loss                 | 0.741         |
|    n_updates            | 2840          |
|    policy_gradient_loss | 0.000185      |
|    value_loss           | 1.48          |
-------------------------------------------
-------------------------------------------
| time/                   |               |
|    fps                  | 187           |
|    iterations           | 286           |
|    time_elapsed         | 2339          |
|    total_timesteps      | 439296        |
| train/                  |               |
|    approx_kl            | 0.00097104535 |
|    clip_fraction        | 0.0133        |
|    clip_range           | 0.2           |
|    entropy_loss         | -0.219        |
|    explained_variance   | 0.892         |
|    learning_rate        | 0.0003        |
|    loss                 | 7.8           |
|    n_updates            | 2850          |
|    policy_gradient_loss | -0.00039      |
|    value_loss           | 14            |
-------------------------------------------
  step  440088/500000 ( 88.0%)  mean_rew=-0.332
------------------------------------------
| time/                   |              |
|    fps                  | 187          |
|    iterations           | 287          |
|    time_elapsed         | 2349         |
|    total_timesteps      | 440832       |
| train/                  |              |
|    approx_kl            | 0.0005273488 |
|    clip_fraction        | 0.00501      |
|    clip_range           | 0.2          |
|    entropy_loss         | -0.233       |
|    explained_variance   | 0.922        |
|    learning_rate        | 0.0003       |
|    loss                 | 5.94         |
|    n_updates            | 2860         |
|    policy_gradient_loss | -0.000828    |
|    value_loss           | 13.6         |
------------------------------------------
------------------------------------------
| time/                   |              |
|    fps                  | 187          |
|    iterations           | 288          |
|    time_elapsed         | 2356         |
|    total_timesteps      | 442368       |
| train/                  |              |
|    approx_kl            | 0.0020459408 |
|    clip_fraction        | 0.0283       |
|    clip_range           | 0.2          |
|    entropy_loss         | -0.172       |
|    explained_variance   | 0.914        |
|    learning_rate        | 0.0003       |
|    loss                 | 3.89         |
|    n_updates            | 2870         |
|    policy_gradient_loss | -0.00115     |
|    value_loss           | 13.1         |
------------------------------------------
-----------------------------------------
| time/                   |             |
|    fps                  | 187         |
|    iterations           | 289         |
|    time_elapsed         | 2363        |
|    total_timesteps      | 443904      |
| train/                  |             |
|    approx_kl            | 0.002616444 |
|    clip_fraction        | 0.0186      |
|    clip_range           | 0.2         |
|    entropy_loss         | -0.231      |
|    explained_variance   | 0.984       |
|    learning_rate        | 0.0003      |
|    loss                 | 1.64        |
|    n_updates            | 2880        |
|    policy_gradient_loss | -0.00112    |
|    value_loss           | 2.13        |
-----------------------------------------
  step  445089/500000 ( 89.0%)  mean_rew=-0.131
------------------------------------------
| time/                   |              |
|    fps                  | 187          |
|    iterations           | 290          |
|    time_elapsed         | 2372         |
|    total_timesteps      | 445440       |
| train/                  |              |
|    approx_kl            | 0.0021148932 |
|    clip_fraction        | 0.0424       |
|    clip_range           | 0.2          |
|    entropy_loss         | -0.278       |
|    explained_variance   | 0.908        |
|    learning_rate        | 0.0003       |
|    loss                 | 6.86         |
|    n_updates            | 2890         |
|    policy_gradient_loss | -0.00079     |
|    value_loss           | 12.9         |
------------------------------------------
------------------------------------------
| time/                   |              |
|    fps                  | 187          |
|    iterations           | 291          |
|    time_elapsed         | 2381         |
|    total_timesteps      | 446976       |
| train/                  |              |
|    approx_kl            | 0.0007361369 |
|    clip_fraction        | 0.0183       |
|    clip_range           | 0.2          |
|    entropy_loss         | -0.258       |
|    explained_variance   | 0.928        |
|    learning_rate        | 0.0003       |
|    loss                 | 1.95         |
|    n_updates            | 2900         |
|    policy_gradient_loss | -0.000976    |
|    value_loss           | 13.3         |
------------------------------------------
------------------------------------------
| time/                   |              |
|    fps                  | 187          |
|    iterations           | 292          |
|    time_elapsed         | 2388         |
|    total_timesteps      | 448512       |
| train/                  |              |
|    approx_kl            | 0.0016122004 |
|    clip_fraction        | 0.018        |
|    clip_range           | 0.2          |
|    entropy_loss         | -0.247       |
|    explained_variance   | 0.98         |
|    learning_rate        | 0.0003       |
|    loss                 | 1.29         |
|    n_updates            | 2910         |
|    policy_gradient_loss | -0.000527    |
|    value_loss           | 2.65         |
------------------------------------------
------------------------------------------
| time/                   |              |
|    fps                  | 187          |
|    iterations           | 293          |
|    time_elapsed         | 2397         |
|    total_timesteps      | 450048       |
| train/                  |              |
|    approx_kl            | 0.0017697243 |
|    clip_fraction        | 0.0175       |
|    clip_range           | 0.2          |
|    entropy_loss         | -0.289       |
|    explained_variance   | 0.886        |
|    learning_rate        | 0.0003       |
|    loss                 | 9.24         |
|    n_updates            | 2920         |
|    policy_gradient_loss | -0.000129    |
|    value_loss           | 13.1         |
------------------------------------------
  step  450090/500000 ( 90.0%)  mean_rew=-0.072
------------------------------------------
| time/                   |              |
|    fps                  | 187          |
|    iterations           | 294          |
|    time_elapsed         | 2407         |
|    total_timesteps      | 451584       |
| train/                  |              |
|    approx_kl            | 0.0022673327 |
|    clip_fraction        | 0.00866      |
|    clip_range           | 0.2          |
|    entropy_loss         | -0.259       |
|    explained_variance   | 0.918        |
|    learning_rate        | 0.0003       |
|    loss                 | 3.97         |
|    n_updates            | 2930         |
|    policy_gradient_loss | -0.000769    |
|    value_loss           | 12.1         |
------------------------------------------
-----------------------------------------
| time/                   |             |
|    fps                  | 187         |
|    iterations           | 295         |
|    time_elapsed         | 2416        |
|    total_timesteps      | 453120      |
| train/                  |             |
|    approx_kl            | 0.008882058 |
|    clip_fraction        | 0.0157      |
|    clip_range           | 0.2         |
|    entropy_loss         | -0.276      |
|    explained_variance   | 0.91        |
|    learning_rate        | 0.0003      |
|    loss                 | 3.61        |
|    n_updates            | 2940        |
|    policy_gradient_loss | 0.000547    |
|    value_loss           | 13.1        |
-----------------------------------------
------------------------------------------
| time/                   |              |
|    fps                  | 187          |
|    iterations           | 296          |
|    time_elapsed         | 2424         |
|    total_timesteps      | 454656       |
| train/                  |              |
|    approx_kl            | 0.0010540484 |
|    clip_fraction        | 0.0296       |
|    clip_range           | 0.2          |
|    entropy_loss         | -0.317       |
|    explained_variance   | 0.985        |
|    learning_rate        | 0.0003       |
|    loss                 | 0.896        |
|    n_updates            | 2950         |
|    policy_gradient_loss | 0.000496     |
|    value_loss           | 1.78         |
------------------------------------------
  step  455091/500000 ( 91.0%)  mean_rew=-0.347
------------------------------------------
| time/                   |              |
|    fps                  | 187          |
|    iterations           | 297          |
|    time_elapsed         | 2433         |
|    total_timesteps      | 456192       |
| train/                  |              |
|    approx_kl            | 0.0021770599 |
|    clip_fraction        | 0.00645      |
|    clip_range           | 0.2          |
|    entropy_loss         | -0.333       |
|    explained_variance   | 0.905        |
|    learning_rate        | 0.0003       |
|    loss                 | 11.7         |
|    n_updates            | 2960         |
|    policy_gradient_loss | -0.000682    |
|    value_loss           | 13.3         |
------------------------------------------
------------------------------------------
| time/                   |              |
|    fps                  | 187          |
|    iterations           | 298          |
|    time_elapsed         | 2444         |
|    total_timesteps      | 457728       |
| train/                  |              |
|    approx_kl            | 0.0007492287 |
|    clip_fraction        | 0.00208      |
|    clip_range           | 0.2          |
|    entropy_loss         | -0.344       |
|    explained_variance   | 0.93         |
|    learning_rate        | 0.0003       |
|    loss                 | 4.74         |
|    n_updates            | 2970         |
|    policy_gradient_loss | 0.000164     |
|    value_loss           | 13.6         |
------------------------------------------
------------------------------------------
| time/                   |              |
|    fps                  | 187          |
|    iterations           | 299          |
|    time_elapsed         | 2450         |
|    total_timesteps      | 459264       |
| train/                  |              |
|    approx_kl            | 0.0014470945 |
|    clip_fraction        | 0.00951      |
|    clip_range           | 0.2          |
|    entropy_loss         | -0.328       |
|    explained_variance   | 0.987        |
|    learning_rate        | 0.0003       |
|    loss                 | 0.727        |
|    n_updates            | 2980         |
|    policy_gradient_loss | 0.000339     |
|    value_loss           | 1.75         |
------------------------------------------
  step  460092/500000 ( 92.0%)  mean_rew=-0.327
------------------------------------------
| time/                   |              |
|    fps                  | 187          |
|    iterations           | 300          |
|    time_elapsed         | 2459         |
|    total_timesteps      | 460800       |
| train/                  |              |
|    approx_kl            | 0.0027149746 |
|    clip_fraction        | 0.0115       |
|    clip_range           | 0.2          |
|    entropy_loss         | -0.341       |
|    explained_variance   | 0.885        |
|    learning_rate        | 0.0003       |
|    loss                 | 6.06         |
|    n_updates            | 2990         |
|    policy_gradient_loss | -0.000496    |
|    value_loss           | 13.7         |
------------------------------------------
------------------------------------------
| time/                   |              |
|    fps                  | 187          |
|    iterations           | 301          |
|    time_elapsed         | 2469         |
|    total_timesteps      | 462336       |
| train/                  |              |
|    approx_kl            | 0.0030141368 |
|    clip_fraction        | 0.0195       |
|    clip_range           | 0.2          |
|    entropy_loss         | -0.308       |
|    explained_variance   | 0.921        |
|    learning_rate        | 0.0003       |
|    loss                 | 2.33         |
|    n_updates            | 3000         |
|    policy_gradient_loss | -0.00128     |
|    value_loss           | 13.2         |
------------------------------------------
-------------------------------------------
| time/                   |               |
|    fps                  | 187           |
|    iterations           | 302           |
|    time_elapsed         | 2477          |
|    total_timesteps      | 463872        |
| train/                  |               |
|    approx_kl            | 0.00055586954 |
|    clip_fraction        | 0.023         |
|    clip_range           | 0.2           |
|    entropy_loss         | -0.306        |
|    explained_variance   | 0.911         |
|    learning_rate        | 0.0003        |
|    loss                 | 1.78          |
|    n_updates            | 3010          |
|    policy_gradient_loss | 0.000159      |
|    value_loss           | 13.3          |
-------------------------------------------
  step  465093/500000 ( 93.0%)  mean_rew=-0.016
-----------------------------------------
| time/                   |             |
|    fps                  | 187         |
|    iterations           | 303         |
|    time_elapsed         | 2484        |
|    total_timesteps      | 465408      |
| train/                  |             |
|    approx_kl            | 0.002717694 |
|    clip_fraction        | 0.0343      |
|    clip_range           | 0.2         |
|    entropy_loss         | -0.312      |
|    explained_variance   | 0.988       |
|    learning_rate        | 0.0003      |
|    loss                 | 0.577       |
|    n_updates            | 3020        |
|    policy_gradient_loss | -0.00155    |
|    value_loss           | 1.57        |
-----------------------------------------
-------------------------------------------
| time/                   |               |
|    fps                  | 187           |
|    iterations           | 304           |
|    time_elapsed         | 2493          |
|    total_timesteps      | 466944        |
| train/                  |               |
|    approx_kl            | 0.00040483355 |
|    clip_fraction        | 0.00215       |
|    clip_range           | 0.2           |
|    entropy_loss         | -0.32         |
|    explained_variance   | 0.916         |
|    learning_rate        | 0.0003        |
|    loss                 | 9.91          |
|    n_updates            | 3030          |
|    policy_gradient_loss | 0.000141      |
|    value_loss           | 13.3          |
-------------------------------------------
------------------------------------------
| time/                   |              |
|    fps                  | 187          |
|    iterations           | 305          |
|    time_elapsed         | 2502         |
|    total_timesteps      | 468480       |
| train/                  |              |
|    approx_kl            | 0.0022154187 |
|    clip_fraction        | 0.00625      |
|    clip_range           | 0.2          |
|    entropy_loss         | -0.339       |
|    explained_variance   | 0.923        |
|    learning_rate        | 0.0003       |
|    loss                 | 8.09         |
|    n_updates            | 3040         |
|    policy_gradient_loss | -0.000221    |
|    value_loss           | 13.6         |
------------------------------------------
-----------------------------------------
| time/                   |             |
|    fps                  | 187         |
|    iterations           | 306         |
|    time_elapsed         | 2508        |
|    total_timesteps      | 470016      |
| train/                  |             |
|    approx_kl            | 0.004257556 |
|    clip_fraction        | 0.0281      |
|    clip_range           | 0.2         |
|    entropy_loss         | -0.347      |
|    explained_variance   | 0.984       |
|    learning_rate        | 0.0003      |
|    loss                 | 0.503       |
|    n_updates            | 3050        |
|    policy_gradient_loss | -0.00154    |
|    value_loss           | 2.14        |
-----------------------------------------
  step  470094/500000 ( 94.0%)  mean_rew=-0.250
-----------------------------------------
| time/                   |             |
|    fps                  | 187         |
|    iterations           | 307         |
|    time_elapsed         | 2516        |
|    total_timesteps      | 471552      |
| train/                  |             |
|    approx_kl            | 0.003455673 |
|    clip_fraction        | 0.0166      |
|    clip_range           | 0.2         |
|    entropy_loss         | -0.361      |
|    explained_variance   | 0.892       |
|    learning_rate        | 0.0003      |
|    loss                 | 4.39        |
|    n_updates            | 3060        |
|    policy_gradient_loss | -0.00324    |
|    value_loss           | 12.5        |
-----------------------------------------
------------------------------------------
| time/                   |              |
|    fps                  | 187          |
|    iterations           | 308          |
|    time_elapsed         | 2527         |
|    total_timesteps      | 473088       |
| train/                  |              |
|    approx_kl            | 0.0020338465 |
|    clip_fraction        | 0.0176       |
|    clip_range           | 0.2          |
|    entropy_loss         | -0.366       |
|    explained_variance   | 0.925        |
|    learning_rate        | 0.0003       |
|    loss                 | 20.5         |
|    n_updates            | 3070         |
|    policy_gradient_loss | 0.000326     |
|    value_loss           | 12.8         |
------------------------------------------
------------------------------------------
| time/                   |              |
|    fps                  | 187          |
|    iterations           | 309          |
|    time_elapsed         | 2534         |
|    total_timesteps      | 474624       |
| train/                  |              |
|    approx_kl            | 0.0015872897 |
|    clip_fraction        | 0.0215       |
|    clip_range           | 0.2          |
|    entropy_loss         | -0.386       |
|    explained_variance   | 0.905        |
|    learning_rate        | 0.0003       |
|    loss                 | 9.22         |
|    n_updates            | 3080         |
|    policy_gradient_loss | -1.34e-05    |
|    value_loss           | 13.1         |
------------------------------------------
  step  475095/500000 ( 95.0%)  mean_rew=-0.356
-----------------------------------------
| time/                   |             |
|    fps                  | 187         |
|    iterations           | 310         |
|    time_elapsed         | 2542        |
|    total_timesteps      | 476160      |
| train/                  |             |
|    approx_kl            | 0.002515054 |
|    clip_fraction        | 0.0171      |
|    clip_range           | 0.2         |
|    entropy_loss         | -0.331      |
|    explained_variance   | 0.986       |
|    learning_rate        | 0.0003      |
|    loss                 | 1.2         |
|    n_updates            | 3090        |
|    policy_gradient_loss | -0.000538   |
|    value_loss           | 1.63        |
-----------------------------------------
-------------------------------------------
| time/                   |               |
|    fps                  | 187           |
|    iterations           | 311           |
|    time_elapsed         | 2551          |
|    total_timesteps      | 477696        |
| train/                  |               |
|    approx_kl            | 0.00036065932 |
|    clip_fraction        | 0.0132        |
|    clip_range           | 0.2           |
|    entropy_loss         | -0.293        |
|    explained_variance   | 0.909         |
|    learning_rate        | 0.0003        |
|    loss                 | 5.66          |
|    n_updates            | 3100          |
|    policy_gradient_loss | -0.000468     |
|    value_loss           | 14.1          |
-------------------------------------------
-----------------------------------------
| time/                   |             |
|    fps                  | 187         |
|    iterations           | 312         |
|    time_elapsed         | 2559        |
|    total_timesteps      | 479232      |
| train/                  |             |
|    approx_kl            | 0.004111576 |
|    clip_fraction        | 0.0356      |
|    clip_range           | 0.2         |
|    entropy_loss         | -0.301      |
|    explained_variance   | 0.933       |
|    learning_rate        | 0.0003      |
|    loss                 | 4.23        |
|    n_updates            | 3110        |
|    policy_gradient_loss | -0.0019     |
|    value_loss           | 13.5        |
-----------------------------------------
  step  480096/500000 ( 96.0%)  mean_rew=-0.023
------------------------------------------
| time/                   |              |
|    fps                  | 187          |
|    iterations           | 313          |
|    time_elapsed         | 2566         |
|    total_timesteps      | 480768       |
| train/                  |              |
|    approx_kl            | 0.0013078819 |
|    clip_fraction        | 0.0241       |
|    clip_range           | 0.2          |
|    entropy_loss         | -0.293       |
|    explained_variance   | 0.985        |
|    learning_rate        | 0.0003       |
|    loss                 | 0.897        |
|    n_updates            | 3120         |
|    policy_gradient_loss | -0.000533    |
|    value_loss           | 2.28         |
------------------------------------------
-----------------------------------------
| time/                   |             |
|    fps                  | 187         |
|    iterations           | 314         |
|    time_elapsed         | 2573        |
|    total_timesteps      | 482304      |
| train/                  |             |
|    approx_kl            | 0.004841684 |
|    clip_fraction        | 0.0431      |
|    clip_range           | 0.2         |
|    entropy_loss         | -0.3        |
|    explained_variance   | 0.899       |
|    learning_rate        | 0.0003      |
|    loss                 | 1.91        |
|    n_updates            | 3130        |
|    policy_gradient_loss | -0.000852   |
|    value_loss           | 13.5        |
-----------------------------------------
------------------------------------------
| time/                   |              |
|    fps                  | 187          |
|    iterations           | 315          |
|    time_elapsed         | 2579         |
|    total_timesteps      | 483840       |
| train/                  |              |
|    approx_kl            | 0.0012271922 |
|    clip_fraction        | 0.00495      |
|    clip_range           | 0.2          |
|    entropy_loss         | -0.316       |
|    explained_variance   | 0.939        |
|    learning_rate        | 0.0003       |
|    loss                 | 6.46         |
|    n_updates            | 3140         |
|    policy_gradient_loss | -5.55e-05    |
|    value_loss           | 12.9         |
------------------------------------------
  step  485097/500000 ( 97.0%)  mean_rew=-0.247
-----------------------------------------
| time/                   |             |
|    fps                  | 187         |
|    iterations           | 316         |
|    time_elapsed         | 2586        |
|    total_timesteps      | 485376      |
| train/                  |             |
|    approx_kl            | 0.006543962 |
|    clip_fraction        | 0.0433      |
|    clip_range           | 0.2         |
|    entropy_loss         | -0.325      |
|    explained_variance   | 0.904       |
|    learning_rate        | 0.0003      |
|    loss                 | 9.13        |
|    n_updates            | 3150        |
|    policy_gradient_loss | -0.00113    |
|    value_loss           | 12.7        |
-----------------------------------------
----------------------------------------
| time/                   |            |
|    fps                  | 187        |
|    iterations           | 317        |
|    time_elapsed         | 2591       |
|    total_timesteps      | 486912     |
| train/                  |            |
|    approx_kl            | 0.00108023 |
|    clip_fraction        | 0.0211     |
|    clip_range           | 0.2        |
|    entropy_loss         | -0.33      |
|    explained_variance   | 0.986      |
|    learning_rate        | 0.0003     |
|    loss                 | 0.888      |
|    n_updates            | 3160       |
|    policy_gradient_loss | -0.00063   |
|    value_loss           | 1.71       |
----------------------------------------
------------------------------------------
| time/                   |              |
|    fps                  | 187          |
|    iterations           | 318          |
|    time_elapsed         | 2598         |
|    total_timesteps      | 488448       |
| train/                  |              |
|    approx_kl            | 0.0042664316 |
|    clip_fraction        | 0.0348       |
|    clip_range           | 0.2          |
|    entropy_loss         | -0.394       |
|    explained_variance   | 0.928        |
|    learning_rate        | 0.0003       |
|    loss                 | 9.52         |
|    n_updates            | 3170         |
|    policy_gradient_loss | -0.000258    |
|    value_loss           | 12.6         |
------------------------------------------
-----------------------------------------
| time/                   |             |
|    fps                  | 188         |
|    iterations           | 319         |
|    time_elapsed         | 2606        |
|    total_timesteps      | 489984      |
| train/                  |             |
|    approx_kl            | 0.002462302 |
|    clip_fraction        | 0.00977     |
|    clip_range           | 0.2         |
|    entropy_loss         | -0.355      |
|    explained_variance   | 0.898       |
|    learning_rate        | 0.0003      |
|    loss                 | 5.78        |
|    n_updates            | 3180        |
|    policy_gradient_loss | -0.000903   |
|    value_loss           | 12.5        |
-----------------------------------------
  step  490098/500000 ( 98.0%)  mean_rew=-0.353
------------------------------------------
| time/                   |              |
|    fps                  | 188          |
|    iterations           | 320          |
|    time_elapsed         | 2612         |
|    total_timesteps      | 491520       |
| train/                  |              |
|    approx_kl            | 0.0011184365 |
|    clip_fraction        | 0.0234       |
|    clip_range           | 0.2          |
|    entropy_loss         | -0.36        |
|    explained_variance   | 0.981        |
|    learning_rate        | 0.0003       |
|    loss                 | 0.742        |
|    n_updates            | 3190         |
|    policy_gradient_loss | -0.000187    |
|    value_loss           | 1.9          |
------------------------------------------
-------------------------------------------
| time/                   |               |
|    fps                  | 188           |
|    iterations           | 321           |
|    time_elapsed         | 2620          |
|    total_timesteps      | 493056        |
| train/                  |               |
|    approx_kl            | 0.00075438386 |
|    clip_fraction        | 0.0111        |
|    clip_range           | 0.2           |
|    entropy_loss         | -0.351        |
|    explained_variance   | 0.901         |
|    learning_rate        | 0.0003        |
|    loss                 | 7.94          |
|    n_updates            | 3200          |
|    policy_gradient_loss | -0.000457     |
|    value_loss           | 12.8          |
-------------------------------------------
------------------------------------------
| time/                   |              |
|    fps                  | 188          |
|    iterations           | 322          |
|    time_elapsed         | 2628         |
|    total_timesteps      | 494592       |
| train/                  |              |
|    approx_kl            | 0.0013047266 |
|    clip_fraction        | 0.0264       |
|    clip_range           | 0.2          |
|    entropy_loss         | -0.372       |
|    explained_variance   | 0.927        |
|    learning_rate        | 0.0003       |
|    loss                 | 6.94         |
|    n_updates            | 3210         |
|    policy_gradient_loss | -0.000819    |
|    value_loss           | 12.9         |
------------------------------------------
  step  495099/500000 ( 99.0%)  mean_rew=-0.002
-----------------------------------------
| time/                   |             |
|    fps                  | 188         |
|    iterations           | 323         |
|    time_elapsed         | 2634        |
|    total_timesteps      | 496128      |
| train/                  |             |
|    approx_kl            | 0.001538186 |
|    clip_fraction        | 0.0245      |
|    clip_range           | 0.2         |
|    entropy_loss         | -0.364      |
|    explained_variance   | 0.985       |
|    learning_rate        | 0.0003      |
|    loss                 | 0.695       |
|    n_updates            | 3220        |
|    policy_gradient_loss | -0.000664   |
|    value_loss           | 1.87        |
-----------------------------------------
------------------------------------------
| time/                   |              |
|    fps                  | 188          |
|    iterations           | 324          |
|    time_elapsed         | 2640         |
|    total_timesteps      | 497664       |
| train/                  |              |
|    approx_kl            | 0.0011407362 |
|    clip_fraction        | 0.01         |
|    clip_range           | 0.2          |
|    entropy_loss         | -0.356       |
|    explained_variance   | 0.895        |
|    learning_rate        | 0.0003       |
|    loss                 | 4.22         |
|    n_updates            | 3230         |
|    policy_gradient_loss | 4.24e-05     |
|    value_loss           | 12           |
------------------------------------------
------------------------------------------
| time/                   |              |
|    fps                  | 188          |
|    iterations           | 325          |
|    time_elapsed         | 2648         |
|    total_timesteps      | 499200       |
| train/                  |              |
|    approx_kl            | 0.0038343295 |
|    clip_fraction        | 0.0618       |
|    clip_range           | 0.2          |
|    entropy_loss         | -0.4         |
|    explained_variance   | 0.912        |
|    learning_rate        | 0.0003       |
|    loss                 | 8.31         |
|    n_updates            | 3240         |
|    policy_gradient_loss | -0.00348     |
|    value_loss           | 13.3         |
------------------------------------------
  step  500100/500000 (100.0%)  mean_rew=-0.234
------------------------------------------
| time/                   |              |
|    fps                  | 188          |
|    iterations           | 326          |
|    time_elapsed         | 2656         |
|    total_timesteps      | 500736       |
| train/                  |              |
|    approx_kl            | 0.0011259937 |
|    clip_fraction        | 0.0194       |
|    clip_range           | 0.2          |
|    entropy_loss         | -0.414       |
|    explained_variance   | 0.913        |
|    learning_rate        | 0.0003       |
|    loss                 | 6.19         |
|    n_updates            | 3250         |
|    policy_gradient_loss | 0.000466     |
|    value_loss           | 13.2         |
------------------------------------------
  Stage 1 saved -> cologne3_ppo_stage1_100pct.zip

[cologne3-PPO] Curriculum done.
  Final model -> /workspace/rl-traffic/exp_cologne3_direct/ppo_pressure_s42/cologne3_ppo_final_model.zip
  Total steps : 500000
