Using libsumo as traci as requested by environment variable.
=================================================================
  train_cologne_curriculum — cologne8 — PPO
  reward=wait-clip  seed=42  total_steps=500000
  Curriculum stages:
    Stage 1:  25% demand    75000 steps
    Stage 2:  50% demand   100000 steps
    Stage 3:  75% demand   125000 steps
    Stage 4: 100% demand   200000 steps
  save_dir: /workspace/rl-traffic/exp_cologne8_rand_curr/ppo_wait-clip_s42
=================================================================
  [rand] cologne8_rand_25pct.rou.xml
  [rand] cologne8_rand_50pct.rou.xml
  [rand] cologne8_rand_75pct.rou.xml
  [rand] cologne8_rand_100pct.rou.xml

  n_agents=8 | obs=(7,) | act=Discrete(4)
Using cpu device

────────────────────────────────────────────────────────────
  Stage 1/4  25% demand  75000 steps  (cumulative -> 75000)
  Route: cologne8_rand_25pct.rou.xml
────────────────────────────────────────────────────────────
-----------------------------
| time/              |      |
|    fps             | 2387 |
|    iterations      | 1    |
|    time_elapsed    | 1    |
|    total_timesteps | 4096 |
-----------------------------
  step    5000/500000 (  1.0%)  mean_rew=-0.005
-----------------------------------------
| time/                   |             |
|    fps                  | 1909        |
|    iterations           | 2           |
|    time_elapsed         | 4           |
|    total_timesteps      | 8192        |
| train/                  |             |
|    approx_kl            | 0.006536999 |
|    clip_fraction        | 0.065       |
|    clip_range           | 0.2         |
|    entropy_loss         | -1.38       |
|    explained_variance   | 0.00208     |
|    learning_rate        | 0.0003      |
|    loss                 | 0.249       |
|    n_updates            | 10          |
|    policy_gradient_loss | -0.00629    |
|    value_loss           | 0.386       |
-----------------------------------------
  step   10000/500000 (  2.0%)  mean_rew=-0.014
-----------------------------------------
| time/                   |             |
|    fps                  | 1775        |
|    iterations           | 3           |
|    time_elapsed         | 6           |
|    total_timesteps      | 12288       |
| train/                  |             |
|    approx_kl            | 0.016076807 |
|    clip_fraction        | 0.119       |
|    clip_range           | 0.2         |
|    entropy_loss         | -1.37       |
|    explained_variance   | 0.0191      |
|    learning_rate        | 0.0003      |
|    loss                 | 1.1         |
|    n_updates            | 20          |
|    policy_gradient_loss | -0.00645    |
|    value_loss           | 1.03        |
-----------------------------------------
  step   15000/500000 (  3.0%)  mean_rew=-0.008
-----------------------------------------
| time/                   |             |
|    fps                  | 1718        |
|    iterations           | 4           |
|    time_elapsed         | 9           |
|    total_timesteps      | 16384       |
| train/                  |             |
|    approx_kl            | 0.013425425 |
|    clip_fraction        | 0.0963      |
|    clip_range           | 0.2         |
|    entropy_loss         | -1.33       |
|    explained_variance   | 0.448       |
|    learning_rate        | 0.0003      |
|    loss                 | 0.0271      |
|    n_updates            | 30          |
|    policy_gradient_loss | -0.0089     |
|    value_loss           | 0.063       |
-----------------------------------------
  step   20000/500000 (  4.0%)  mean_rew=-0.000
-----------------------------------------
| time/                   |             |
|    fps                  | 1677        |
|    iterations           | 5           |
|    time_elapsed         | 12          |
|    total_timesteps      | 20480       |
| train/                  |             |
|    approx_kl            | 0.010914745 |
|    clip_fraction        | 0.112       |
|    clip_range           | 0.2         |
|    entropy_loss         | -1.28       |
|    explained_variance   | 0.415       |
|    learning_rate        | 0.0003      |
|    loss                 | -0.00363    |
|    n_updates            | 40          |
|    policy_gradient_loss | -0.00851    |
|    value_loss           | 0.0654      |
-----------------------------------------
-----------------------------------------
| time/                   |             |
|    fps                  | 1648        |
|    iterations           | 6           |
|    time_elapsed         | 14          |
|    total_timesteps      | 24576       |
| train/                  |             |
|    approx_kl            | 0.009330932 |
|    clip_fraction        | 0.0531      |
|    clip_range           | 0.2         |
|    entropy_loss         | -1.22       |
|    explained_variance   | 0.315       |
|    learning_rate        | 0.0003      |
|    loss                 | 0.149       |
|    n_updates            | 50          |
|    policy_gradient_loss | -0.00571    |
|    value_loss           | 0.157       |
-----------------------------------------
  step   25000/500000 (  5.0%)  mean_rew=-0.004
-----------------------------------------
| time/                   |             |
|    fps                  | 1634        |
|    iterations           | 7           |
|    time_elapsed         | 17          |
|    total_timesteps      | 28672       |
| train/                  |             |
|    approx_kl            | 0.011671541 |
|    clip_fraction        | 0.0834      |
|    clip_range           | 0.2         |
|    entropy_loss         | -1.14       |
|    explained_variance   | 0.752       |
|    learning_rate        | 0.0003      |
|    loss                 | 0.0109      |
|    n_updates            | 60          |
|    policy_gradient_loss | -0.00332    |
|    value_loss           | 0.0191      |
-----------------------------------------
  step   30000/500000 (  6.0%)  mean_rew=-0.003
-----------------------------------------
| time/                   |             |
|    fps                  | 1618        |
|    iterations           | 8           |
|    time_elapsed         | 20          |
|    total_timesteps      | 32768       |
| train/                  |             |
|    approx_kl            | 0.009769865 |
|    clip_fraction        | 0.102       |
|    clip_range           | 0.2         |
|    entropy_loss         | -1.08       |
|    explained_variance   | 0.637       |
|    learning_rate        | 0.0003      |
|    loss                 | 0.0389      |
|    n_updates            | 70          |
|    policy_gradient_loss | -0.00801    |
|    value_loss           | 0.0504      |
-----------------------------------------
  step   35000/500000 (  7.0%)  mean_rew=-0.005
-----------------------------------------
| time/                   |             |
|    fps                  | 1604        |
|    iterations           | 9           |
|    time_elapsed         | 22          |
|    total_timesteps      | 36864       |
| train/                  |             |
|    approx_kl            | 0.008538708 |
|    clip_fraction        | 0.111       |
|    clip_range           | 0.2         |
|    entropy_loss         | -1          |
|    explained_variance   | 0.841       |
|    learning_rate        | 0.0003      |
|    loss                 | -0.00383    |
|    n_updates            | 80          |
|    policy_gradient_loss | -0.00422    |
|    value_loss           | 0.0182      |
-----------------------------------------
  step   40000/500000 (  8.0%)  mean_rew=-0.001
-----------------------------------------
| time/                   |             |
|    fps                  | 1593        |
|    iterations           | 10          |
|    time_elapsed         | 25          |
|    total_timesteps      | 40960       |
| train/                  |             |
|    approx_kl            | 0.009381108 |
|    clip_fraction        | 0.0527      |
|    clip_range           | 0.2         |
|    entropy_loss         | -0.929      |
|    explained_variance   | 0.862       |
|    learning_rate        | 0.0003      |
|    loss                 | -0.00471    |
|    n_updates            | 90          |
|    policy_gradient_loss | -0.00405    |
|    value_loss           | 0.0164      |
-----------------------------------------
  step   45000/500000 (  9.0%)  mean_rew=-0.001
------------------------------------------
| time/                   |              |
|    fps                  | 1588         |
|    iterations           | 11           |
|    time_elapsed         | 28           |
|    total_timesteps      | 45056        |
| train/                  |              |
|    approx_kl            | 0.0047725732 |
|    clip_fraction        | 0.0514       |
|    clip_range           | 0.2          |
|    entropy_loss         | -0.873       |
|    explained_variance   | 0.897        |
|    learning_rate        | 0.0003       |
|    loss                 | -0.0161      |
|    n_updates            | 100          |
|    policy_gradient_loss | -0.00232     |
|    value_loss           | 0.0107       |
------------------------------------------
-----------------------------------------
| time/                   |             |
|    fps                  | 1581        |
|    iterations           | 12          |
|    time_elapsed         | 31          |
|    total_timesteps      | 49152       |
| train/                  |             |
|    approx_kl            | 0.009966289 |
|    clip_fraction        | 0.099       |
|    clip_range           | 0.2         |
|    entropy_loss         | -0.841      |
|    explained_variance   | 0.894       |
|    learning_rate        | 0.0003      |
|    loss                 | -0.00164    |
|    n_updates            | 110         |
|    policy_gradient_loss | -0.008      |
|    value_loss           | 0.0114      |
-----------------------------------------
  step   50000/500000 ( 10.0%)  mean_rew=-0.000
-----------------------------------------
| time/                   |             |
|    fps                  | 1569        |
|    iterations           | 13          |
|    time_elapsed         | 33          |
|    total_timesteps      | 53248       |
| train/                  |             |
|    approx_kl            | 0.010469245 |
|    clip_fraction        | 0.0738      |
|    clip_range           | 0.2         |
|    entropy_loss         | -0.733      |
|    explained_variance   | 0.914       |
|    learning_rate        | 0.0003      |
|    loss                 | -0.0158     |
|    n_updates            | 120         |
|    policy_gradient_loss | -0.00562    |
|    value_loss           | 0.00828     |
-----------------------------------------
  step   55000/500000 ( 11.0%)  mean_rew=-0.001
------------------------------------------
| time/                   |              |
|    fps                  | 1567         |
|    iterations           | 14           |
|    time_elapsed         | 36           |
|    total_timesteps      | 57344        |
| train/                  |              |
|    approx_kl            | 0.0041438644 |
|    clip_fraction        | 0.0419       |
|    clip_range           | 0.2          |
|    entropy_loss         | -0.677       |
|    explained_variance   | 0.919        |
|    learning_rate        | 0.0003       |
|    loss                 | 0.00104      |
|    n_updates            | 130          |
|    policy_gradient_loss | -0.00341     |
|    value_loss           | 0.00469      |
------------------------------------------
  step   60000/500000 ( 12.0%)  mean_rew=-0.001
------------------------------------------
| time/                   |              |
|    fps                  | 1565         |
|    iterations           | 15           |
|    time_elapsed         | 39           |
|    total_timesteps      | 61440        |
| train/                  |              |
|    approx_kl            | 0.0030230223 |
|    clip_fraction        | 0.0244       |
|    clip_range           | 0.2          |
|    entropy_loss         | -0.635       |
|    explained_variance   | 0.949        |
|    learning_rate        | 0.0003       |
|    loss                 | 0.0137       |
|    n_updates            | 140          |
|    policy_gradient_loss | -0.00288     |
|    value_loss           | 0.00286      |
------------------------------------------
  step   65000/500000 ( 13.0%)  mean_rew=-0.001
------------------------------------------
| time/                   |              |
|    fps                  | 1562         |
|    iterations           | 16           |
|    time_elapsed         | 41           |
|    total_timesteps      | 65536        |
| train/                  |              |
|    approx_kl            | 0.0030895926 |
|    clip_fraction        | 0.0242       |
|    clip_range           | 0.2          |
|    entropy_loss         | -0.59        |
|    explained_variance   | 0.918        |
|    learning_rate        | 0.0003       |
|    loss                 | 0.00578      |
|    n_updates            | 150          |
|    policy_gradient_loss | -0.0012      |
|    value_loss           | 0.00354      |
------------------------------------------
-----------------------------------------
| time/                   |             |
|    fps                  | 1558        |
|    iterations           | 17          |
|    time_elapsed         | 44          |
|    total_timesteps      | 69632       |
| train/                  |             |
|    approx_kl            | 0.004352734 |
|    clip_fraction        | 0.0341      |
|    clip_range           | 0.2         |
|    entropy_loss         | -0.532      |
|    explained_variance   | 0.922       |
|    learning_rate        | 0.0003      |
|    loss                 | -0.0109     |
|    n_updates            | 160         |
|    policy_gradient_loss | -0.00397    |
|    value_loss           | 0.00314     |
-----------------------------------------
  step   70000/500000 ( 14.0%)  mean_rew=-0.001
------------------------------------------
| time/                   |              |
|    fps                  | 1558         |
|    iterations           | 18           |
|    time_elapsed         | 47           |
|    total_timesteps      | 73728        |
| train/                  |              |
|    approx_kl            | 0.0027243397 |
|    clip_fraction        | 0.0369       |
|    clip_range           | 0.2          |
|    entropy_loss         | -0.475       |
|    explained_variance   | 0.943        |
|    learning_rate        | 0.0003       |
|    loss                 | -0.0174      |
|    n_updates            | 170          |
|    policy_gradient_loss | -0.00273     |
|    value_loss           | 0.00194      |
------------------------------------------
  step   75000/500000 ( 15.0%)  mean_rew=-0.000
-----------------------------------------
| time/                   |             |
|    fps                  | 1556        |
|    iterations           | 19          |
|    time_elapsed         | 50          |
|    total_timesteps      | 77824       |
| train/                  |             |
|    approx_kl            | 0.002988833 |
|    clip_fraction        | 0.0213      |
|    clip_range           | 0.2         |
|    entropy_loss         | -0.437      |
|    explained_variance   | 0.962       |
|    learning_rate        | 0.0003      |
|    loss                 | -0.0128     |
|    n_updates            | 180         |
|    policy_gradient_loss | -0.00337    |
|    value_loss           | 0.00122     |
-----------------------------------------
  Stage 1 saved -> cologne8_ppo_stage1_25pct.zip

────────────────────────────────────────────────────────────
  Stage 2/4  50% demand  100000 steps  (cumulative -> 175000)
  Route: cologne8_rand_50pct.rou.xml
────────────────────────────────────────────────────────────
  step   80000/500000 ( 16.0%)  mean_rew=-0.002
------------------------------
| time/              |       |
|    fps             | 2462  |
|    iterations      | 1     |
|    time_elapsed    | 1     |
|    total_timesteps | 81920 |
------------------------------
  step   85000/500000 ( 17.0%)  mean_rew=-0.002
------------------------------------------
| time/                   |              |
|    fps                  | 1768         |
|    iterations           | 2            |
|    time_elapsed         | 4            |
|    total_timesteps      | 86016        |
| train/                  |              |
|    approx_kl            | 0.0034486959 |
|    clip_fraction        | 0.0282       |
|    clip_range           | 0.2          |
|    entropy_loss         | -0.363       |
|    explained_variance   | 0.945        |
|    learning_rate        | 0.0003       |
|    loss                 | -0.00443     |
|    n_updates            | 200          |
|    policy_gradient_loss | -0.00246     |
|    value_loss           | 0.00128      |
------------------------------------------
  step   90000/500000 ( 18.0%)  mean_rew=-0.003
------------------------------------------
| time/                   |              |
|    fps                  | 1607         |
|    iterations           | 3            |
|    time_elapsed         | 7            |
|    total_timesteps      | 90112        |
| train/                  |              |
|    approx_kl            | 0.0029194118 |
|    clip_fraction        | 0.0338       |
|    clip_range           | 0.2          |
|    entropy_loss         | -0.326       |
|    explained_variance   | 0.878        |
|    learning_rate        | 0.0003       |
|    loss                 | -0.0173      |
|    n_updates            | 210          |
|    policy_gradient_loss | -0.00373     |
|    value_loss           | 0.00322      |
------------------------------------------
------------------------------------------
| time/                   |              |
|    fps                  | 1536         |
|    iterations           | 4            |
|    time_elapsed         | 10           |
|    total_timesteps      | 94208        |
| train/                  |              |
|    approx_kl            | 0.0012352772 |
|    clip_fraction        | 0.0184       |
|    clip_range           | 0.2          |
|    entropy_loss         | -0.304       |
|    explained_variance   | 0.915        |
|    learning_rate        | 0.0003       |
|    loss                 | 0.0023       |
|    n_updates            | 220          |
|    policy_gradient_loss | -0.00193     |
|    value_loss           | 0.00201      |
------------------------------------------
  step   95000/500000 ( 19.0%)  mean_rew=-0.001
------------------------------------------
| time/                   |              |
|    fps                  | 1500         |
|    iterations           | 5            |
|    time_elapsed         | 13           |
|    total_timesteps      | 98304        |
| train/                  |              |
|    approx_kl            | 0.0019955067 |
|    clip_fraction        | 0.0218       |
|    clip_range           | 0.2          |
|    entropy_loss         | -0.273       |
|    explained_variance   | 0.952        |
|    learning_rate        | 0.0003       |
|    loss                 | -0.0115      |
|    n_updates            | 230          |
|    policy_gradient_loss | -0.00278     |
|    value_loss           | 0.000883     |
------------------------------------------
  step  100000/500000 ( 20.0%)  mean_rew=-0.001
-----------------------------------------
| time/                   |             |
|    fps                  | 1477        |
|    iterations           | 6           |
|    time_elapsed         | 16          |
|    total_timesteps      | 102400      |
| train/                  |             |
|    approx_kl            | 0.003359045 |
|    clip_fraction        | 0.0329      |
|    clip_range           | 0.2         |
|    entropy_loss         | -0.257      |
|    explained_variance   | 0.922       |
|    learning_rate        | 0.0003      |
|    loss                 | -0.00452    |
|    n_updates            | 240         |
|    policy_gradient_loss | -0.00196    |
|    value_loss           | 0.00127     |
-----------------------------------------
  step  105000/500000 ( 21.0%)  mean_rew=-0.002
------------------------------------------
| time/                   |              |
|    fps                  | 1463         |
|    iterations           | 7            |
|    time_elapsed         | 19           |
|    total_timesteps      | 106496       |
| train/                  |              |
|    approx_kl            | 0.0010248459 |
|    clip_fraction        | 0.0138       |
|    clip_range           | 0.2          |
|    entropy_loss         | -0.221       |
|    explained_variance   | 0.924        |
|    learning_rate        | 0.0003       |
|    loss                 | 0.00146      |
|    n_updates            | 250          |
|    policy_gradient_loss | -0.00134     |
|    value_loss           | 0.00124      |
------------------------------------------
  step  110000/500000 ( 22.0%)  mean_rew=-0.001
------------------------------------------
| time/                   |              |
|    fps                  | 1448         |
|    iterations           | 8            |
|    time_elapsed         | 22           |
|    total_timesteps      | 110592       |
| train/                  |              |
|    approx_kl            | 0.0024568555 |
|    clip_fraction        | 0.0149       |
|    clip_range           | 0.2          |
|    entropy_loss         | -0.209       |
|    explained_variance   | 0.96         |
|    learning_rate        | 0.0003       |
|    loss                 | -0.00236     |
|    n_updates            | 260          |
|    policy_gradient_loss | -0.00164     |
|    value_loss           | 0.000569     |
------------------------------------------
------------------------------------------
| time/                   |              |
|    fps                  | 1439         |
|    iterations           | 9            |
|    time_elapsed         | 25           |
|    total_timesteps      | 114688       |
| train/                  |              |
|    approx_kl            | 0.0010880328 |
|    clip_fraction        | 0.00894      |
|    clip_range           | 0.2          |
|    entropy_loss         | -0.203       |
|    explained_variance   | 0.905        |
|    learning_rate        | 0.0003       |
|    loss                 | 0.0159       |
|    n_updates            | 270          |
|    policy_gradient_loss | -0.000485    |
|    value_loss           | 0.00145      |
------------------------------------------
  step  115000/500000 ( 23.0%)  mean_rew=-0.002
-------------------------------------------
| time/                   |               |
|    fps                  | 1431          |
|    iterations           | 10            |
|    time_elapsed         | 28            |
|    total_timesteps      | 118784        |
| train/                  |               |
|    approx_kl            | 0.00051187916 |
|    clip_fraction        | 0.0133        |
|    clip_range           | 0.2           |
|    entropy_loss         | -0.2          |
|    explained_variance   | 0.92          |
|    learning_rate        | 0.0003        |
|    loss                 | -0.00445      |
|    n_updates            | 280           |
|    policy_gradient_loss | -0.00183      |
|    value_loss           | 0.00102       |
-------------------------------------------
  step  120000/500000 ( 24.0%)  mean_rew=-0.002
------------------------------------------
| time/                   |              |
|    fps                  | 1424         |
|    iterations           | 11           |
|    time_elapsed         | 31           |
|    total_timesteps      | 122880       |
| train/                  |              |
|    approx_kl            | 0.0010883613 |
|    clip_fraction        | 0.0135       |
|    clip_range           | 0.2          |
|    entropy_loss         | -0.196       |
|    explained_variance   | 0.92         |
|    learning_rate        | 0.0003       |
|    loss                 | -0.00704     |
|    n_updates            | 290          |
|    policy_gradient_loss | -0.00162     |
|    value_loss           | 0.000943     |
------------------------------------------
  step  125000/500000 ( 25.0%)  mean_rew=-0.002
------------------------------------------
| time/                   |              |
|    fps                  | 1418         |
|    iterations           | 12           |
|    time_elapsed         | 34           |
|    total_timesteps      | 126976       |
| train/                  |              |
|    approx_kl            | 0.0007902204 |
|    clip_fraction        | 0.0152       |
|    clip_range           | 0.2          |
|    entropy_loss         | -0.186       |
|    explained_variance   | 0.958        |
|    learning_rate        | 0.0003       |
|    loss                 | 0.00176      |
|    n_updates            | 300          |
|    policy_gradient_loss | -0.00083     |
|    value_loss           | 0.000439     |
------------------------------------------
  step  130000/500000 ( 26.0%)  mean_rew=-0.001
------------------------------------------
| time/                   |              |
|    fps                  | 1413         |
|    iterations           | 13           |
|    time_elapsed         | 37           |
|    total_timesteps      | 131072       |
| train/                  |              |
|    approx_kl            | 0.0012088438 |
|    clip_fraction        | 0.0118       |
|    clip_range           | 0.2          |
|    entropy_loss         | -0.169       |
|    explained_variance   | 0.91         |
|    learning_rate        | 0.0003       |
|    loss                 | -0.00186     |
|    n_updates            | 310          |
|    policy_gradient_loss | -0.0014      |
|    value_loss           | 0.00103      |
------------------------------------------
  step  135000/500000 ( 27.0%)  mean_rew=-0.001
------------------------------------------
| time/                   |              |
|    fps                  | 1409         |
|    iterations           | 14           |
|    time_elapsed         | 40           |
|    total_timesteps      | 135168       |
| train/                  |              |
|    approx_kl            | 0.0006687482 |
|    clip_fraction        | 0.0129       |
|    clip_range           | 0.2          |
|    entropy_loss         | -0.171       |
|    explained_variance   | 0.924        |
|    learning_rate        | 0.0003       |
|    loss                 | 0.00475      |
|    n_updates            | 320          |
|    policy_gradient_loss | -0.000912    |
|    value_loss           | 0.000806     |
------------------------------------------
------------------------------------------
| time/                   |              |
|    fps                  | 1406         |
|    iterations           | 15           |
|    time_elapsed         | 43           |
|    total_timesteps      | 139264       |
| train/                  |              |
|    approx_kl            | 0.0006852354 |
|    clip_fraction        | 0.0109       |
|    clip_range           | 0.2          |
|    entropy_loss         | -0.166       |
|    explained_variance   | 0.943        |
|    learning_rate        | 0.0003       |
|    loss                 | 0.000355     |
|    n_updates            | 330          |
|    policy_gradient_loss | -0.00129     |
|    value_loss           | 0.000549     |
------------------------------------------
  step  140000/500000 ( 28.0%)  mean_rew=-0.002
-----------------------------------------
| time/                   |             |
|    fps                  | 1404        |
|    iterations           | 16          |
|    time_elapsed         | 46          |
|    total_timesteps      | 143360      |
| train/                  |             |
|    approx_kl            | 0.001140045 |
|    clip_fraction        | 0.0171      |
|    clip_range           | 0.2         |
|    entropy_loss         | -0.156      |
|    explained_variance   | 0.919       |
|    learning_rate        | 0.0003      |
|    loss                 | 0.00283     |
|    n_updates            | 340         |
|    policy_gradient_loss | -0.00133    |
|    value_loss           | 0.000818    |
-----------------------------------------
  step  145000/500000 ( 29.0%)  mean_rew=-0.001
------------------------------------------
| time/                   |              |
|    fps                  | 1401         |
|    iterations           | 17           |
|    time_elapsed         | 49           |
|    total_timesteps      | 147456       |
| train/                  |              |
|    approx_kl            | 0.0010863338 |
|    clip_fraction        | 0.0157       |
|    clip_range           | 0.2          |
|    entropy_loss         | -0.142       |
|    explained_variance   | 0.89         |
|    learning_rate        | 0.0003       |
|    loss                 | 0.00346      |
|    n_updates            | 350          |
|    policy_gradient_loss | -0.00221     |
|    value_loss           | 0.00116      |
------------------------------------------
  step  150000/500000 ( 30.0%)  mean_rew=-0.001
------------------------------------------
| time/                   |              |
|    fps                  | 1400         |
|    iterations           | 18           |
|    time_elapsed         | 52           |
|    total_timesteps      | 151552       |
| train/                  |              |
|    approx_kl            | 0.0007315613 |
|    clip_fraction        | 0.00425      |
|    clip_range           | 0.2          |
|    entropy_loss         | -0.146       |
|    explained_variance   | 0.921        |
|    learning_rate        | 0.0003       |
|    loss                 | -0.000163    |
|    n_updates            | 360          |
|    policy_gradient_loss | -0.000263    |
|    value_loss           | 0.000723     |
------------------------------------------
  step  155000/500000 ( 31.0%)  mean_rew=-0.001
-------------------------------------------
| time/                   |               |
|    fps                  | 1397          |
|    iterations           | 19            |
|    time_elapsed         | 55            |
|    total_timesteps      | 155648        |
| train/                  |               |
|    approx_kl            | 0.00072445424 |
|    clip_fraction        | 0.0114        |
|    clip_range           | 0.2           |
|    entropy_loss         | -0.139        |
|    explained_variance   | 0.954         |
|    learning_rate        | 0.0003        |
|    loss                 | 0.00106       |
|    n_updates            | 370           |
|    policy_gradient_loss | -0.00124      |
|    value_loss           | 0.000405      |
-------------------------------------------
-------------------------------------------
| time/                   |               |
|    fps                  | 1395          |
|    iterations           | 20            |
|    time_elapsed         | 58            |
|    total_timesteps      | 159744        |
| train/                  |               |
|    approx_kl            | 0.00045108382 |
|    clip_fraction        | 0.00698       |
|    clip_range           | 0.2           |
|    entropy_loss         | -0.14         |
|    explained_variance   | 0.888         |
|    learning_rate        | 0.0003        |
|    loss                 | -0.00701      |
|    n_updates            | 380           |
|    policy_gradient_loss | -0.000632     |
|    value_loss           | 0.000936      |
-------------------------------------------
  step  160000/500000 ( 32.0%)  mean_rew=-0.002
-------------------------------------------
| time/                   |               |
|    fps                  | 1395          |
|    iterations           | 21            |
|    time_elapsed         | 61            |
|    total_timesteps      | 163840        |
| train/                  |               |
|    approx_kl            | 0.00077591697 |
|    clip_fraction        | 0.00999       |
|    clip_range           | 0.2           |
|    entropy_loss         | -0.128        |
|    explained_variance   | 0.879         |
|    learning_rate        | 0.0003        |
|    loss                 | -6.34e-05     |
|    n_updates            | 390           |
|    policy_gradient_loss | -0.00127      |
|    value_loss           | 0.00108       |
-------------------------------------------
  step  165000/500000 ( 33.0%)  mean_rew=-0.002
------------------------------------------
| time/                   |              |
|    fps                  | 1394         |
|    iterations           | 22           |
|    time_elapsed         | 64           |
|    total_timesteps      | 167936       |
| train/                  |              |
|    approx_kl            | 0.0047376156 |
|    clip_fraction        | 0.0226       |
|    clip_range           | 0.2          |
|    entropy_loss         | -0.132       |
|    explained_variance   | 0.959        |
|    learning_rate        | 0.0003       |
|    loss                 | 0.00189      |
|    n_updates            | 400          |
|    policy_gradient_loss | -0.00086     |
|    value_loss           | 0.000286     |
------------------------------------------
  step  170000/500000 ( 34.0%)  mean_rew=-0.001
------------------------------------------
| time/                   |              |
|    fps                  | 1393         |
|    iterations           | 23           |
|    time_elapsed         | 67           |
|    total_timesteps      | 172032       |
| train/                  |              |
|    approx_kl            | 0.0012789534 |
|    clip_fraction        | 0.0117       |
|    clip_range           | 0.2          |
|    entropy_loss         | -0.13        |
|    explained_variance   | 0.9          |
|    learning_rate        | 0.0003       |
|    loss                 | -0.00248     |
|    n_updates            | 410          |
|    policy_gradient_loss | -0.00126     |
|    value_loss           | 0.000856     |
------------------------------------------
  step  175000/500000 ( 35.0%)  mean_rew=-0.002
-------------------------------------------
| time/                   |               |
|    fps                  | 1393          |
|    iterations           | 24            |
|    time_elapsed         | 70            |
|    total_timesteps      | 176128        |
| train/                  |               |
|    approx_kl            | 0.00071481545 |
|    clip_fraction        | 0.00652       |
|    clip_range           | 0.2           |
|    entropy_loss         | -0.12         |
|    explained_variance   | 0.9           |
|    learning_rate        | 0.0003        |
|    loss                 | -0.00253      |
|    n_updates            | 420           |
|    policy_gradient_loss | -0.000374     |
|    value_loss           | 0.000894      |
-------------------------------------------
  step  180000/500000 ( 36.0%)  mean_rew=-0.001
-------------------------------------------
| time/                   |               |
|    fps                  | 1391          |
|    iterations           | 25            |
|    time_elapsed         | 73            |
|    total_timesteps      | 180224        |
| train/                  |               |
|    approx_kl            | 0.00056732947 |
|    clip_fraction        | 0.00808       |
|    clip_range           | 0.2           |
|    entropy_loss         | -0.12         |
|    explained_variance   | 0.908         |
|    learning_rate        | 0.0003        |
|    loss                 | 0.00186       |
|    n_updates            | 430           |
|    policy_gradient_loss | -0.000624     |
|    value_loss           | 0.000796      |
-------------------------------------------
  Stage 2 saved -> cologne8_ppo_stage2_50pct.zip

────────────────────────────────────────────────────────────
  Stage 3/4  75% demand  125000 steps  (cumulative -> 300000)
  Route: cologne8_rand_75pct.rou.xml
────────────────────────────────────────────────────────────
-------------------------------
| time/              |        |
|    fps             | 2048   |
|    iterations      | 1      |
|    time_elapsed    | 1      |
|    total_timesteps | 184320 |
-------------------------------
  step  185000/500000 ( 37.0%)  mean_rew=-0.003
-------------------------------------------
| time/                   |               |
|    fps                  | 1542          |
|    iterations           | 2             |
|    time_elapsed         | 5             |
|    total_timesteps      | 188416        |
| train/                  |               |
|    approx_kl            | 0.00044431805 |
|    clip_fraction        | 0.00234       |
|    clip_range           | 0.2           |
|    entropy_loss         | -0.115        |
|    explained_variance   | 0.925         |
|    learning_rate        | 0.0003        |
|    loss                 | 0.000341      |
|    n_updates            | 450           |
|    policy_gradient_loss | 0.00015       |
|    value_loss           | 0.000785      |
-------------------------------------------
  step  190000/500000 ( 38.0%)  mean_rew=-0.001
------------------------------------------
| time/                   |              |
|    fps                  | 1414         |
|    iterations           | 3            |
|    time_elapsed         | 8            |
|    total_timesteps      | 192512       |
| train/                  |              |
|    approx_kl            | 0.0008972706 |
|    clip_fraction        | 0.0112       |
|    clip_range           | 0.2          |
|    entropy_loss         | -0.125       |
|    explained_variance   | 0.913        |
|    learning_rate        | 0.0003       |
|    loss                 | 0.0079       |
|    n_updates            | 460          |
|    policy_gradient_loss | -0.000922    |
|    value_loss           | 0.00119      |
------------------------------------------
  step  195000/500000 ( 39.0%)  mean_rew=-0.002
-----------------------------------------
| time/                   |             |
|    fps                  | 1361        |
|    iterations           | 4           |
|    time_elapsed         | 12          |
|    total_timesteps      | 196608      |
| train/                  |             |
|    approx_kl            | 0.001193791 |
|    clip_fraction        | 0.0183      |
|    clip_range           | 0.2         |
|    entropy_loss         | -0.121      |
|    explained_variance   | 0.93        |
|    learning_rate        | 0.0003      |
|    loss                 | -0.00211    |
|    n_updates            | 470         |
|    policy_gradient_loss | -0.000933   |
|    value_loss           | 0.00111     |
-----------------------------------------
  step  200000/500000 ( 40.0%)  mean_rew=-0.002
-----------------------------------------
| time/                   |             |
|    fps                  | 1327        |
|    iterations           | 5           |
|    time_elapsed         | 15          |
|    total_timesteps      | 200704      |
| train/                  |             |
|    approx_kl            | 0.005096487 |
|    clip_fraction        | 0.0271      |
|    clip_range           | 0.2         |
|    entropy_loss         | -0.132      |
|    explained_variance   | 0.954       |
|    learning_rate        | 0.0003      |
|    loss                 | -0.00927    |
|    n_updates            | 480         |
|    policy_gradient_loss | -0.00304    |
|    value_loss           | 0.000766    |
-----------------------------------------
------------------------------------------
| time/                   |              |
|    fps                  | 1306         |
|    iterations           | 6            |
|    time_elapsed         | 18           |
|    total_timesteps      | 204800       |
| train/                  |              |
|    approx_kl            | 0.0011196383 |
|    clip_fraction        | 0.0107       |
|    clip_range           | 0.2          |
|    entropy_loss         | -0.134       |
|    explained_variance   | 0.932        |
|    learning_rate        | 0.0003       |
|    loss                 | 0.0132       |
|    n_updates            | 490          |
|    policy_gradient_loss | -0.00108     |
|    value_loss           | 0.00139      |
------------------------------------------
  step  205000/500000 ( 41.0%)  mean_rew=-0.001
------------------------------------------
| time/                   |              |
|    fps                  | 1294         |
|    iterations           | 7            |
|    time_elapsed         | 22           |
|    total_timesteps      | 208896       |
| train/                  |              |
|    approx_kl            | 0.0007153755 |
|    clip_fraction        | 0.00696      |
|    clip_range           | 0.2          |
|    entropy_loss         | -0.132       |
|    explained_variance   | 0.922        |
|    learning_rate        | 0.0003       |
|    loss                 | 0.00689      |
|    n_updates            | 500          |
|    policy_gradient_loss | -0.000464    |
|    value_loss           | 0.00172      |
------------------------------------------
  step  210000/500000 ( 42.0%)  mean_rew=-0.001
------------------------------------------
| time/                   |              |
|    fps                  | 1282         |
|    iterations           | 8            |
|    time_elapsed         | 25           |
|    total_timesteps      | 212992       |
| train/                  |              |
|    approx_kl            | 0.0009323825 |
|    clip_fraction        | 0.0104       |
|    clip_range           | 0.2          |
|    entropy_loss         | -0.124       |
|    explained_variance   | 0.957        |
|    learning_rate        | 0.0003       |
|    loss                 | 0.00194      |
|    n_updates            | 510          |
|    policy_gradient_loss | -0.00132     |
|    value_loss           | 0.000979     |
------------------------------------------
  step  215000/500000 ( 43.0%)  mean_rew=-0.002
------------------------------------------
| time/                   |              |
|    fps                  | 1276         |
|    iterations           | 9            |
|    time_elapsed         | 28           |
|    total_timesteps      | 217088       |
| train/                  |              |
|    approx_kl            | 0.0018346648 |
|    clip_fraction        | 0.0187       |
|    clip_range           | 0.2          |
|    entropy_loss         | -0.123       |
|    explained_variance   | 0.943        |
|    learning_rate        | 0.0003       |
|    loss                 | 0.00441      |
|    n_updates            | 520          |
|    policy_gradient_loss | -0.000802    |
|    value_loss           | 0.00142      |
------------------------------------------
  step  220000/500000 ( 44.0%)  mean_rew=-0.004
------------------------------------------
| time/                   |              |
|    fps                  | 1271         |
|    iterations           | 10           |
|    time_elapsed         | 32           |
|    total_timesteps      | 221184       |
| train/                  |              |
|    approx_kl            | 0.0013314058 |
|    clip_fraction        | 0.00857      |
|    clip_range           | 0.2          |
|    entropy_loss         | -0.116       |
|    explained_variance   | 0.918        |
|    learning_rate        | 0.0003       |
|    loss                 | 0.0073       |
|    n_updates            | 530          |
|    policy_gradient_loss | -0.000499    |
|    value_loss           | 0.00214      |
------------------------------------------
  step  225000/500000 ( 45.0%)  mean_rew=-0.001
-------------------------------------------
| time/                   |               |
|    fps                  | 1265          |
|    iterations           | 11            |
|    time_elapsed         | 35            |
|    total_timesteps      | 225280        |
| train/                  |               |
|    approx_kl            | 0.00088816206 |
|    clip_fraction        | 0.00635       |
|    clip_range           | 0.2           |
|    entropy_loss         | -0.11         |
|    explained_variance   | 0.929         |
|    learning_rate        | 0.0003        |
|    loss                 | -0.00649      |
|    n_updates            | 540           |
|    policy_gradient_loss | -0.000825     |
|    value_loss           | 0.00194       |
-------------------------------------------
------------------------------------------
| time/                   |              |
|    fps                  | 1260         |
|    iterations           | 12           |
|    time_elapsed         | 38           |
|    total_timesteps      | 229376       |
| train/                  |              |
|    approx_kl            | 0.0008729111 |
|    clip_fraction        | 0.00942      |
|    clip_range           | 0.2          |
|    entropy_loss         | -0.105       |
|    explained_variance   | 0.967        |
|    learning_rate        | 0.0003       |
|    loss                 | -0.00915     |
|    n_updates            | 550          |
|    policy_gradient_loss | -0.0016      |
|    value_loss           | 0.00091      |
------------------------------------------
  step  230000/500000 ( 46.0%)  mean_rew=-0.003
------------------------------------------
| time/                   |              |
|    fps                  | 1255         |
|    iterations           | 13           |
|    time_elapsed         | 42           |
|    total_timesteps      | 233472       |
| train/                  |              |
|    approx_kl            | 0.0005375332 |
|    clip_fraction        | 0.00566      |
|    clip_range           | 0.2          |
|    entropy_loss         | -0.103       |
|    explained_variance   | 0.94         |
|    learning_rate        | 0.0003       |
|    loss                 | -0.000421    |
|    n_updates            | 560          |
|    policy_gradient_loss | -0.000692    |
|    value_loss           | 0.00165      |
------------------------------------------
  step  235000/500000 ( 47.0%)  mean_rew=-0.002
------------------------------------------
| time/                   |              |
|    fps                  | 1251         |
|    iterations           | 14           |
|    time_elapsed         | 45           |
|    total_timesteps      | 237568       |
| train/                  |              |
|    approx_kl            | 0.0010135262 |
|    clip_fraction        | 0.00652      |
|    clip_range           | 0.2          |
|    entropy_loss         | -0.107       |
|    explained_variance   | 0.93         |
|    learning_rate        | 0.0003       |
|    loss                 | -0.00115     |
|    n_updates            | 570          |
|    policy_gradient_loss | -0.000346    |
|    value_loss           | 0.00192      |
------------------------------------------
  step  240000/500000 ( 48.0%)  mean_rew=-0.003
-----------------------------------------
| time/                   |             |
|    fps                  | 1247        |
|    iterations           | 15          |
|    time_elapsed         | 49          |
|    total_timesteps      | 241664      |
| train/                  |             |
|    approx_kl            | 0.013998959 |
|    clip_fraction        | 0.0169      |
|    clip_range           | 0.2         |
|    entropy_loss         | -0.125      |
|    explained_variance   | 0.973       |
|    learning_rate        | 0.0003      |
|    loss                 | -0.00307    |
|    n_updates            | 580         |
|    policy_gradient_loss | -0.00231    |
|    value_loss           | 0.000719    |
-----------------------------------------
  step  245000/500000 ( 49.0%)  mean_rew=-0.002
------------------------------------------
| time/                   |              |
|    fps                  | 1243         |
|    iterations           | 16           |
|    time_elapsed         | 52           |
|    total_timesteps      | 245760       |
| train/                  |              |
|    approx_kl            | 0.0013575822 |
|    clip_fraction        | 0.0116       |
|    clip_range           | 0.2          |
|    entropy_loss         | -0.128       |
|    explained_variance   | 0.894        |
|    learning_rate        | 0.0003       |
|    loss                 | 0.015        |
|    n_updates            | 590          |
|    policy_gradient_loss | -0.00209     |
|    value_loss           | 0.00341      |
------------------------------------------
------------------------------------------
| time/                   |              |
|    fps                  | 1240         |
|    iterations           | 17           |
|    time_elapsed         | 56           |
|    total_timesteps      | 249856       |
| train/                  |              |
|    approx_kl            | 0.0008115892 |
|    clip_fraction        | 0.0131       |
|    clip_range           | 0.2          |
|    entropy_loss         | -0.115       |
|    explained_variance   | 0.894        |
|    learning_rate        | 0.0003       |
|    loss                 | -0.00255     |
|    n_updates            | 600          |
|    policy_gradient_loss | -0.00276     |
|    value_loss           | 0.00476      |
------------------------------------------
  step  250000/500000 ( 50.0%)  mean_rew=-0.003
-------------------------------------------
| time/                   |               |
|    fps                  | 1240          |
|    iterations           | 18            |
|    time_elapsed         | 59            |
|    total_timesteps      | 253952        |
| train/                  |               |
|    approx_kl            | 0.00048534572 |
|    clip_fraction        | 0.00845       |
|    clip_range           | 0.2           |
|    entropy_loss         | -0.108        |
|    explained_variance   | 0.943         |
|    learning_rate        | 0.0003        |
|    loss                 | -0.00764      |
|    n_updates            | 610           |
|    policy_gradient_loss | -0.000958     |
|    value_loss           | 0.00287       |
-------------------------------------------
  step  255000/500000 ( 51.0%)  mean_rew=-0.004
-------------------------------------------
| time/                   |               |
|    fps                  | 1237          |
|    iterations           | 19            |
|    time_elapsed         | 62            |
|    total_timesteps      | 258048        |
| train/                  |               |
|    approx_kl            | 0.00093179283 |
|    clip_fraction        | 0.0106        |
|    clip_range           | 0.2           |
|    entropy_loss         | -0.095        |
|    explained_variance   | 0.972         |
|    learning_rate        | 0.0003        |
|    loss                 | -0.00247      |
|    n_updates            | 620           |
|    policy_gradient_loss | -0.00166      |
|    value_loss           | 0.00147       |
-------------------------------------------
  step  260000/500000 ( 52.0%)  mean_rew=-0.002
------------------------------------------
| time/                   |              |
|    fps                  | 1233         |
|    iterations           | 20           |
|    time_elapsed         | 66           |
|    total_timesteps      | 262144       |
| train/                  |              |
|    approx_kl            | 0.0004617484 |
|    clip_fraction        | 0.0053       |
|    clip_range           | 0.2          |
|    entropy_loss         | -0.0932      |
|    explained_variance   | 0.957        |
|    learning_rate        | 0.0003       |
|    loss                 | 0.00242      |
|    n_updates            | 630          |
|    policy_gradient_loss | -0.000302    |
|    value_loss           | 0.00233      |
------------------------------------------
  step  265000/500000 ( 53.0%)  mean_rew=-0.003
-------------------------------------------
| time/                   |               |
|    fps                  | 1231          |
|    iterations           | 21            |
|    time_elapsed         | 69            |
|    total_timesteps      | 266240        |
| train/                  |               |
|    approx_kl            | 0.00048829406 |
|    clip_fraction        | 0.0117        |
|    clip_range           | 0.2           |
|    entropy_loss         | -0.091        |
|    explained_variance   | 0.948         |
|    learning_rate        | 0.0003        |
|    loss                 | -0.00198      |
|    n_updates            | 640           |
|    policy_gradient_loss | -0.00213      |
|    value_loss           | 0.00299       |
-------------------------------------------
  step  270000/500000 ( 54.0%)  mean_rew=-0.002
------------------------------------------
| time/                   |              |
|    fps                  | 1228         |
|    iterations           | 22           |
|    time_elapsed         | 73           |
|    total_timesteps      | 270336       |
| train/                  |              |
|    approx_kl            | 0.0031669217 |
|    clip_fraction        | 0.0107       |
|    clip_range           | 0.2          |
|    entropy_loss         | -0.0801      |
|    explained_variance   | 0.986        |
|    learning_rate        | 0.0003       |
|    loss                 | -0.0061      |
|    n_updates            | 650          |
|    policy_gradient_loss | -0.00227     |
|    value_loss           | 0.000674     |
------------------------------------------
------------------------------------------
| time/                   |              |
|    fps                  | 1226         |
|    iterations           | 23           |
|    time_elapsed         | 76           |
|    total_timesteps      | 274432       |
| train/                  |              |
|    approx_kl            | 0.0012726287 |
|    clip_fraction        | 0.0146       |
|    clip_range           | 0.2          |
|    entropy_loss         | -0.0736      |
|    explained_variance   | 0.931        |
|    learning_rate        | 0.0003       |
|    loss                 | 0.00392      |
|    n_updates            | 660          |
|    policy_gradient_loss | -0.000484    |
|    value_loss           | 0.00287      |
------------------------------------------
  step  275000/500000 ( 55.0%)  mean_rew=-0.004
-------------------------------------------
| time/                   |               |
|    fps                  | 1226          |
|    iterations           | 24            |
|    time_elapsed         | 80            |
|    total_timesteps      | 278528        |
| train/                  |               |
|    approx_kl            | 0.00047904806 |
|    clip_fraction        | 0.00823       |
|    clip_range           | 0.2           |
|    entropy_loss         | -0.069        |
|    explained_variance   | 0.938         |
|    learning_rate        | 0.0003        |
|    loss                 | -2.93e-06     |
|    n_updates            | 670           |
|    policy_gradient_loss | -0.000896     |
|    value_loss           | 0.00264       |
-------------------------------------------
  step  280000/500000 ( 56.0%)  mean_rew=-0.002
------------------------------------------
| time/                   |              |
|    fps                  | 1224         |
|    iterations           | 25           |
|    time_elapsed         | 83           |
|    total_timesteps      | 282624       |
| train/                  |              |
|    approx_kl            | 0.0009774386 |
|    clip_fraction        | 0.00608      |
|    clip_range           | 0.2          |
|    entropy_loss         | -0.0694      |
|    explained_variance   | 0.947        |
|    learning_rate        | 0.0003       |
|    loss                 | 0.000655     |
|    n_updates            | 680          |
|    policy_gradient_loss | -0.000144    |
|    value_loss           | 0.00205      |
------------------------------------------
  step  285000/500000 ( 57.0%)  mean_rew=-0.002
-------------------------------------------
| time/                   |               |
|    fps                  | 1222          |
|    iterations           | 26            |
|    time_elapsed         | 87            |
|    total_timesteps      | 286720        |
| train/                  |               |
|    approx_kl            | 0.00034359444 |
|    clip_fraction        | 0.00464       |
|    clip_range           | 0.2           |
|    entropy_loss         | -0.0693       |
|    explained_variance   | 0.985         |
|    learning_rate        | 0.0003        |
|    loss                 | -0.00369      |
|    n_updates            | 690           |
|    policy_gradient_loss | -0.000176     |
|    value_loss           | 0.000575      |
-------------------------------------------
  step  290000/500000 ( 58.0%)  mean_rew=-0.002
------------------------------------------
| time/                   |              |
|    fps                  | 1219         |
|    iterations           | 27           |
|    time_elapsed         | 90           |
|    total_timesteps      | 290816       |
| train/                  |              |
|    approx_kl            | 0.0015684919 |
|    clip_fraction        | 0.0075       |
|    clip_range           | 0.2          |
|    entropy_loss         | -0.0715      |
|    explained_variance   | 0.947        |
|    learning_rate        | 0.0003       |
|    loss                 | -0.000739    |
|    n_updates            | 700          |
|    policy_gradient_loss | -0.000271    |
|    value_loss           | 0.00181      |
------------------------------------------
-------------------------------------------
| time/                   |               |
|    fps                  | 1218          |
|    iterations           | 28            |
|    time_elapsed         | 94            |
|    total_timesteps      | 294912        |
| train/                  |               |
|    approx_kl            | 0.00044603262 |
|    clip_fraction        | 0.0064        |
|    clip_range           | 0.2           |
|    entropy_loss         | -0.0769       |
|    explained_variance   | 0.938         |
|    learning_rate        | 0.0003        |
|    loss                 | 0.00397       |
|    n_updates            | 710           |
|    policy_gradient_loss | 2.87e-05      |
|    value_loss           | 0.00207       |
-------------------------------------------
  step  295000/500000 ( 59.0%)  mean_rew=-0.001
-----------------------------------------
| time/                   |             |
|    fps                  | 1216        |
|    iterations           | 29          |
|    time_elapsed         | 97          |
|    total_timesteps      | 299008      |
| train/                  |             |
|    approx_kl            | 0.000831611 |
|    clip_fraction        | 0.00615     |
|    clip_range           | 0.2         |
|    entropy_loss         | -0.0815     |
|    explained_variance   | 0.977       |
|    learning_rate        | 0.0003      |
|    loss                 | -0.00313    |
|    n_updates            | 720         |
|    policy_gradient_loss | -0.000778   |
|    value_loss           | 0.000686    |
-----------------------------------------
  step  300000/500000 ( 60.0%)  mean_rew=-0.003
-----------------------------------------
| time/                   |             |
|    fps                  | 1215        |
|    iterations           | 30          |
|    time_elapsed         | 101         |
|    total_timesteps      | 303104      |
| train/                  |             |
|    approx_kl            | 0.000306434 |
|    clip_fraction        | 0.00413     |
|    clip_range           | 0.2         |
|    entropy_loss         | -0.0848     |
|    explained_variance   | 0.939       |
|    learning_rate        | 0.0003      |
|    loss                 | 0.00066     |
|    n_updates            | 730         |
|    policy_gradient_loss | -0.000392   |
|    value_loss           | 0.00199     |
-----------------------------------------
  step  305000/500000 ( 61.0%)  mean_rew=-0.003
-------------------------------------------
| time/                   |               |
|    fps                  | 1214          |
|    iterations           | 31            |
|    time_elapsed         | 104           |
|    total_timesteps      | 307200        |
| train/                  |               |
|    approx_kl            | 0.00044622488 |
|    clip_fraction        | 0.00286       |
|    clip_range           | 0.2           |
|    entropy_loss         | -0.0805       |
|    explained_variance   | 0.941         |
|    learning_rate        | 0.0003        |
|    loss                 | 0.001         |
|    n_updates            | 740           |
|    policy_gradient_loss | 3.44e-05      |
|    value_loss           | 0.00176       |
-------------------------------------------
  Stage 3 saved -> cologne8_ppo_stage3_75pct.zip

────────────────────────────────────────────────────────────
  Stage 4/4  100% demand  200000 steps  (cumulative -> 500000)
  Route: cologne8_rand_100pct.rou.xml
────────────────────────────────────────────────────────────
  step  310000/500000 ( 62.0%)  mean_rew=-0.002
-------------------------------
| time/              |        |
|    fps             | 1731   |
|    iterations      | 1      |
|    time_elapsed    | 2      |
|    total_timesteps | 311296 |
-------------------------------
  step  315000/500000 ( 63.0%)  mean_rew=-0.002
-------------------------------------------
| time/                   |               |
|    fps                  | 1308          |
|    iterations           | 2             |
|    time_elapsed         | 6             |
|    total_timesteps      | 315392        |
| train/                  |               |
|    approx_kl            | 0.00045656378 |
|    clip_fraction        | 0.011         |
|    clip_range           | 0.2           |
|    entropy_loss         | -0.0765       |
|    explained_variance   | 0.965         |
|    learning_rate        | 0.0003        |
|    loss                 | -0.00193      |
|    n_updates            | 760           |
|    policy_gradient_loss | 4.98e-05      |
|    value_loss           | 0.000922      |
-------------------------------------------
-----------------------------------------
| time/                   |             |
|    fps                  | 1193        |
|    iterations           | 3           |
|    time_elapsed         | 10          |
|    total_timesteps      | 319488      |
| train/                  |             |
|    approx_kl            | 0.010138184 |
|    clip_fraction        | 0.0384      |
|    clip_range           | 0.2         |
|    entropy_loss         | -0.0782     |
|    explained_variance   | 0.932       |
|    learning_rate        | 0.0003      |
|    loss                 | -0.00445    |
|    n_updates            | 770         |
|    policy_gradient_loss | -0.00179    |
|    value_loss           | 0.00258     |
-----------------------------------------
  step  320000/500000 ( 64.0%)  mean_rew=-0.003
-------------------------------------------
| time/                   |               |
|    fps                  | 1164          |
|    iterations           | 4             |
|    time_elapsed         | 14            |
|    total_timesteps      | 323584        |
| train/                  |               |
|    approx_kl            | 0.00055511657 |
|    clip_fraction        | 0.00881       |
|    clip_range           | 0.2           |
|    entropy_loss         | -0.105        |
|    explained_variance   | 0.878         |
|    learning_rate        | 0.0003        |
|    loss                 | -9.97e-05     |
|    n_updates            | 780           |
|    policy_gradient_loss | -0.00182      |
|    value_loss           | 0.00589       |
-------------------------------------------
  step  325000/500000 ( 65.0%)  mean_rew=-0.002
-------------------------------------------
| time/                   |               |
|    fps                  | 1152          |
|    iterations           | 5             |
|    time_elapsed         | 17            |
|    total_timesteps      | 327680        |
| train/                  |               |
|    approx_kl            | 0.00049714226 |
|    clip_fraction        | 0.00693       |
|    clip_range           | 0.2           |
|    entropy_loss         | -0.0941       |
|    explained_variance   | 0.54          |
|    learning_rate        | 0.0003        |
|    loss                 | 0.0204        |
|    n_updates            | 790           |
|    policy_gradient_loss | -0.00051      |
|    value_loss           | 0.0564        |
-------------------------------------------
  step  330000/500000 ( 66.0%)  mean_rew=-0.004
-----------------------------------------
| time/                   |             |
|    fps                  | 1145        |
|    iterations           | 6           |
|    time_elapsed         | 21          |
|    total_timesteps      | 331776      |
| train/                  |             |
|    approx_kl            | 0.000742877 |
|    clip_fraction        | 0.00647     |
|    clip_range           | 0.2         |
|    entropy_loss         | -0.0847     |
|    explained_variance   | 0.926       |
|    learning_rate        | 0.0003      |
|    loss                 | 0.0189      |
|    n_updates            | 800         |
|    policy_gradient_loss | -0.000113   |
|    value_loss           | 0.00563     |
-----------------------------------------
  step  335000/500000 ( 67.0%)  mean_rew=-0.003
------------------------------------------
| time/                   |              |
|    fps                  | 1145         |
|    iterations           | 7            |
|    time_elapsed         | 25           |
|    total_timesteps      | 335872       |
| train/                  |              |
|    approx_kl            | 0.0007694004 |
|    clip_fraction        | 0.0126       |
|    clip_range           | 0.2          |
|    entropy_loss         | -0.0767      |
|    explained_variance   | 0.932        |
|    learning_rate        | 0.0003       |
|    loss                 | -0.002       |
|    n_updates            | 810          |
|    policy_gradient_loss | -0.00177     |
|    value_loss           | 0.00514      |
------------------------------------------
-------------------------------------------
| time/                   |               |
|    fps                  | 1139          |
|    iterations           | 8             |
|    time_elapsed         | 28            |
|    total_timesteps      | 339968        |
| train/                  |               |
|    approx_kl            | 0.00050024036 |
|    clip_fraction        | 0.00835       |
|    clip_range           | 0.2           |
|    entropy_loss         | -0.0728       |
|    explained_variance   | 0.585         |
|    learning_rate        | 0.0003        |
|    loss                 | -0.00889      |
|    n_updates            | 820           |
|    policy_gradient_loss | -0.00111      |
|    value_loss           | 0.0522        |
-------------------------------------------
  step  340000/500000 ( 68.0%)  mean_rew=-0.002
------------------------------------------
| time/                   |              |
|    fps                  | 1138         |
|    iterations           | 9            |
|    time_elapsed         | 32           |
|    total_timesteps      | 344064       |
| train/                  |              |
|    approx_kl            | 0.0004008638 |
|    clip_fraction        | 0.00527      |
|    clip_range           | 0.2          |
|    entropy_loss         | -0.0672      |
|    explained_variance   | 0.941        |
|    learning_rate        | 0.0003       |
|    loss                 | 0.004        |
|    n_updates            | 830          |
|    policy_gradient_loss | -0.00128     |
|    value_loss           | 0.00457      |
------------------------------------------
  step  345000/500000 ( 69.0%)  mean_rew=-0.001
------------------------------------------
| time/                   |              |
|    fps                  | 1136         |
|    iterations           | 10           |
|    time_elapsed         | 36           |
|    total_timesteps      | 348160       |
| train/                  |              |
|    approx_kl            | 0.0003590146 |
|    clip_fraction        | 0.00703      |
|    clip_range           | 0.2          |
|    entropy_loss         | -0.0653      |
|    explained_variance   | 0.927        |
|    learning_rate        | 0.0003       |
|    loss                 | 0.00349      |
|    n_updates            | 840          |
|    policy_gradient_loss | -0.000526    |
|    value_loss           | 0.00592      |
------------------------------------------
  step  350000/500000 ( 70.0%)  mean_rew=-0.003
-----------------------------------------
| time/                   |             |
|    fps                  | 1134        |
|    iterations           | 11          |
|    time_elapsed         | 39          |
|    total_timesteps      | 352256      |
| train/                  |             |
|    approx_kl            | 0.018492687 |
|    clip_fraction        | 0.0337      |
|    clip_range           | 0.2         |
|    entropy_loss         | -0.0913     |
|    explained_variance   | 0.95        |
|    learning_rate        | 0.0003      |
|    loss                 | -0.00911    |
|    n_updates            | 850         |
|    policy_gradient_loss | -0.00239    |
|    value_loss           | 0.0032      |
-----------------------------------------
  step  355000/500000 ( 71.0%)  mean_rew=-0.027
-----------------------------------------
| time/                   |             |
|    fps                  | 1131        |
|    iterations           | 12          |
|    time_elapsed         | 43          |
|    total_timesteps      | 356352      |
| train/                  |             |
|    approx_kl            | 0.002265105 |
|    clip_fraction        | 0.0181      |
|    clip_range           | 0.2         |
|    entropy_loss         | -0.0923     |
|    explained_variance   | 0.971       |
|    learning_rate        | 0.0003      |
|    loss                 | 0.00451     |
|    n_updates            | 860         |
|    policy_gradient_loss | -0.00101    |
|    value_loss           | 0.00206     |
-----------------------------------------
  step  360000/500000 ( 72.0%)  mean_rew=-0.005
-------------------------------------------
| time/                   |               |
|    fps                  | 1128          |
|    iterations           | 13            |
|    time_elapsed         | 47            |
|    total_timesteps      | 360448        |
| train/                  |               |
|    approx_kl            | 0.00011278356 |
|    clip_fraction        | 0.00457       |
|    clip_range           | 0.2           |
|    entropy_loss         | -0.0819       |
|    explained_variance   | 0.613         |
|    learning_rate        | 0.0003        |
|    loss                 | 0.0376        |
|    n_updates            | 870           |
|    policy_gradient_loss | -0.000133     |
|    value_loss           | 0.0466        |
-------------------------------------------
-------------------------------------------
| time/                   |               |
|    fps                  | 1126          |
|    iterations           | 14            |
|    time_elapsed         | 50            |
|    total_timesteps      | 364544        |
| train/                  |               |
|    approx_kl            | 0.00060740206 |
|    clip_fraction        | 0.00806       |
|    clip_range           | 0.2           |
|    entropy_loss         | -0.0753       |
|    explained_variance   | 0.937         |
|    learning_rate        | 0.0003        |
|    loss                 | 0.00375       |
|    n_updates            | 880           |
|    policy_gradient_loss | -0.000435     |
|    value_loss           | 0.00456       |
-------------------------------------------
  step  365000/500000 ( 73.0%)  mean_rew=-0.003
-------------------------------------------
| time/                   |               |
|    fps                  | 1103          |
|    iterations           | 15            |
|    time_elapsed         | 55            |
|    total_timesteps      | 368640        |
| train/                  |               |
|    approx_kl            | 0.00017345478 |
|    clip_fraction        | 0.0051        |
|    clip_range           | 0.2           |
|    entropy_loss         | -0.0766       |
|    explained_variance   | 0.869         |
|    learning_rate        | 0.0003        |
|    loss                 | -0.00187      |
|    n_updates            | 890           |
|    policy_gradient_loss | -0.000122     |
|    value_loss           | 0.011         |
-------------------------------------------
  step  370000/500000 ( 74.0%)  mean_rew=-0.003
------------------------------------------
| time/                   |              |
|    fps                  | 1054         |
|    iterations           | 16           |
|    time_elapsed         | 62           |
|    total_timesteps      | 372736       |
| train/                  |              |
|    approx_kl            | 0.0037131773 |
|    clip_fraction        | 0.0263       |
|    clip_range           | 0.2          |
|    entropy_loss         | -0.0874      |
|    explained_variance   | 0.94         |
|    learning_rate        | 0.0003       |
|    loss                 | -0.00375     |
|    n_updates            | 900          |
|    policy_gradient_loss | -0.000908    |
|    value_loss           | 0.00435      |
------------------------------------------
  step  375000/500000 ( 75.0%)  mean_rew=-0.003
------------------------------------------
| time/                   |              |
|    fps                  | 1013         |
|    iterations           | 17           |
|    time_elapsed         | 68           |
|    total_timesteps      | 376832       |
| train/                  |              |
|    approx_kl            | 0.0009649235 |
|    clip_fraction        | 0.0156       |
|    clip_range           | 0.2          |
|    entropy_loss         | -0.0926      |
|    explained_variance   | 0.948        |
|    learning_rate        | 0.0003       |
|    loss                 | -0.00104     |
|    n_updates            | 910          |
|    policy_gradient_loss | -0.0004      |
|    value_loss           | 0.00372      |
------------------------------------------
  step  380000/500000 ( 76.0%)  mean_rew=-0.002
-------------------------------------------
| time/                   |               |
|    fps                  | 979           |
|    iterations           | 18            |
|    time_elapsed         | 75            |
|    total_timesteps      | 380928        |
| train/                  |               |
|    approx_kl            | 0.00045244268 |
|    clip_fraction        | 0.00361       |
|    clip_range           | 0.2           |
|    entropy_loss         | -0.0942       |
|    explained_variance   | 0.933         |
|    learning_rate        | 0.0003        |
|    loss                 | 0.00325       |
|    n_updates            | 920           |
|    policy_gradient_loss | -0.000372     |
|    value_loss           | 0.00478       |
-------------------------------------------
  step  385000/500000 ( 77.0%)  mean_rew=-0.003
------------------------------------------
| time/                   |              |
|    fps                  | 949          |
|    iterations           | 19           |
|    time_elapsed         | 81           |
|    total_timesteps      | 385024       |
| train/                  |              |
|    approx_kl            | 0.0027574007 |
|    clip_fraction        | 0.0345       |
|    clip_range           | 0.2          |
|    entropy_loss         | -0.0884      |
|    explained_variance   | 0.394        |
|    learning_rate        | 0.0003       |
|    loss                 | 0.119        |
|    n_updates            | 930          |
|    policy_gradient_loss | -0.000178    |
|    value_loss           | 0.107        |
------------------------------------------
-------------------------------------------
| time/                   |               |
|    fps                  | 924           |
|    iterations           | 20            |
|    time_elapsed         | 88            |
|    total_timesteps      | 389120        |
| train/                  |               |
|    approx_kl            | 0.00010690636 |
|    clip_fraction        | 0.00474       |
|    clip_range           | 0.2           |
|    entropy_loss         | -0.0822       |
|    explained_variance   | 0.834         |
|    learning_rate        | 0.0003        |
|    loss                 | 0.00628       |
|    n_updates            | 940           |
|    policy_gradient_loss | -0.000118     |
|    value_loss           | 0.0144        |
-------------------------------------------
  step  390000/500000 ( 78.0%)  mean_rew=-0.003
------------------------------------------
| time/                   |              |
|    fps                  | 903          |
|    iterations           | 21           |
|    time_elapsed         | 95           |
|    total_timesteps      | 393216       |
| train/                  |              |
|    approx_kl            | 0.0007590683 |
|    clip_fraction        | 0.0143       |
|    clip_range           | 0.2          |
|    entropy_loss         | -0.0763      |
|    explained_variance   | 0.932        |
|    learning_rate        | 0.0003       |
|    loss                 | 0.00186      |
|    n_updates            | 950          |
|    policy_gradient_loss | -0.000414    |
|    value_loss           | 0.00499      |
------------------------------------------
  step  395000/500000 ( 79.0%)  mean_rew=-0.002
-----------------------------------------
| time/                   |             |
|    fps                  | 884         |
|    iterations           | 22          |
|    time_elapsed         | 101         |
|    total_timesteps      | 397312      |
| train/                  |             |
|    approx_kl            | 0.005123982 |
|    clip_fraction        | 0.0132      |
|    clip_range           | 0.2         |
|    entropy_loss         | -0.0763     |
|    explained_variance   | 0.976       |
|    learning_rate        | 0.0003      |
|    loss                 | -4.02e-05   |
|    n_updates            | 960         |
|    policy_gradient_loss | -0.000238   |
|    value_loss           | 0.00152     |
-----------------------------------------
  step  400000/500000 ( 80.0%)  mean_rew=-0.003
------------------------------------------
| time/                   |              |
|    fps                  | 868          |
|    iterations           | 23           |
|    time_elapsed         | 108          |
|    total_timesteps      | 401408       |
| train/                  |              |
|    approx_kl            | 0.0018208495 |
|    clip_fraction        | 0.0188       |
|    clip_range           | 0.2          |
|    entropy_loss         | -0.0861      |
|    explained_variance   | 0.939        |
|    learning_rate        | 0.0003       |
|    loss                 | -2.13e-05    |
|    n_updates            | 970          |
|    policy_gradient_loss | -0.000595    |
|    value_loss           | 0.00441      |
------------------------------------------
  step  405000/500000 ( 81.0%)  mean_rew=-0.003
------------------------------------------
| time/                   |              |
|    fps                  | 854          |
|    iterations           | 24           |
|    time_elapsed         | 115          |
|    total_timesteps      | 405504       |
| train/                  |              |
|    approx_kl            | 0.0008207415 |
|    clip_fraction        | 0.0125       |
|    clip_range           | 0.2          |
|    entropy_loss         | -0.0851      |
|    explained_variance   | 0.625        |
|    learning_rate        | 0.0003       |
|    loss                 | 0.00419      |
|    n_updates            | 980          |
|    policy_gradient_loss | -0.000374    |
|    value_loss           | 0.0426       |
------------------------------------------
------------------------------------------
| time/                   |              |
|    fps                  | 842          |
|    iterations           | 25           |
|    time_elapsed         | 121          |
|    total_timesteps      | 409600       |
| train/                  |              |
|    approx_kl            | 0.0031600264 |
|    clip_fraction        | 0.0306       |
|    clip_range           | 0.2          |
|    entropy_loss         | -0.0867      |
|    explained_variance   | 0.936        |
|    learning_rate        | 0.0003       |
|    loss                 | 0.00543      |
|    n_updates            | 990          |
|    policy_gradient_loss | -0.000936    |
|    value_loss           | 0.00403      |
------------------------------------------
  step  410000/500000 ( 82.0%)  mean_rew=-0.003
------------------------------------------
| time/                   |              |
|    fps                  | 831          |
|    iterations           | 26           |
|    time_elapsed         | 128          |
|    total_timesteps      | 413696       |
| train/                  |              |
|    approx_kl            | 0.0019478081 |
|    clip_fraction        | 0.0222       |
|    clip_range           | 0.2          |
|    entropy_loss         | -0.0866      |
|    explained_variance   | 0.982        |
|    learning_rate        | 0.0003       |
|    loss                 | -0.000913    |
|    n_updates            | 1000         |
|    policy_gradient_loss | -0.000537    |
|    value_loss           | 0.00116      |
------------------------------------------
  step  415000/500000 ( 83.0%)  mean_rew=-0.003
-------------------------------------------
| time/                   |               |
|    fps                  | 821           |
|    iterations           | 27            |
|    time_elapsed         | 134           |
|    total_timesteps      | 417792        |
| train/                  |               |
|    approx_kl            | 0.00080484455 |
|    clip_fraction        | 0.00437       |
|    clip_range           | 0.2           |
|    entropy_loss         | -0.0827       |
|    explained_variance   | 0.612         |
|    learning_rate        | 0.0003        |
|    loss                 | 0.0439        |
|    n_updates            | 1010          |
|    policy_gradient_loss | -0.000186     |
|    value_loss           | 0.0431        |
-------------------------------------------
  step  420000/500000 ( 84.0%)  mean_rew=-0.002
------------------------------------------
| time/                   |              |
|    fps                  | 813          |
|    iterations           | 28           |
|    time_elapsed         | 140          |
|    total_timesteps      | 421888       |
| train/                  |              |
|    approx_kl            | 0.0019677086 |
|    clip_fraction        | 0.0228       |
|    clip_range           | 0.2          |
|    entropy_loss         | -0.0853      |
|    explained_variance   | 0.931        |
|    learning_rate        | 0.0003       |
|    loss                 | 0.00264      |
|    n_updates            | 1020         |
|    policy_gradient_loss | -0.000841    |
|    value_loss           | 0.00439      |
------------------------------------------
  step  425000/500000 ( 85.0%)  mean_rew=-0.004
-------------------------------------------
| time/                   |               |
|    fps                  | 806           |
|    iterations           | 29            |
|    time_elapsed         | 147           |
|    total_timesteps      | 425984        |
| train/                  |               |
|    approx_kl            | 0.00027670868 |
|    clip_fraction        | 0.00432       |
|    clip_range           | 0.2           |
|    entropy_loss         | -0.0888       |
|    explained_variance   | 0.416         |
|    learning_rate        | 0.0003        |
|    loss                 | 0.0294        |
|    n_updates            | 1030          |
|    policy_gradient_loss | -2.39e-05     |
|    value_loss           | 0.0947        |
-------------------------------------------
  step  430000/500000 ( 86.0%)  mean_rew=-0.013
------------------------------------------
| time/                   |              |
|    fps                  | 799          |
|    iterations           | 30           |
|    time_elapsed         | 153          |
|    total_timesteps      | 430080       |
| train/                  |              |
|    approx_kl            | 0.0011063586 |
|    clip_fraction        | 0.0193       |
|    clip_range           | 0.2          |
|    entropy_loss         | -0.0864      |
|    explained_variance   | 0.619        |
|    learning_rate        | 0.0003       |
|    loss                 | 0.00647      |
|    n_updates            | 1040         |
|    policy_gradient_loss | -8.96e-05    |
|    value_loss           | 0.0454       |
------------------------------------------
------------------------------------------
| time/                   |              |
|    fps                  | 792          |
|    iterations           | 31           |
|    time_elapsed         | 160          |
|    total_timesteps      | 434176       |
| train/                  |              |
|    approx_kl            | 0.0008772956 |
|    clip_fraction        | 0.00708      |
|    clip_range           | 0.2          |
|    entropy_loss         | -0.0865      |
|    explained_variance   | 0.691        |
|    learning_rate        | 0.0003       |
|    loss                 | 0.00417      |
|    n_updates            | 1050         |
|    policy_gradient_loss | -0.000145    |
|    value_loss           | 0.0316       |
------------------------------------------
  step  435000/500000 ( 87.0%)  mean_rew=-0.003
-----------------------------------------
| time/                   |             |
|    fps                  | 787         |
|    iterations           | 32          |
|    time_elapsed         | 166         |
|    total_timesteps      | 438272      |
| train/                  |             |
|    approx_kl            | 0.009178687 |
|    clip_fraction        | 0.0437      |
|    clip_range           | 0.2         |
|    entropy_loss         | -0.104      |
|    explained_variance   | 0.937       |
|    learning_rate        | 0.0003      |
|    loss                 | -0.000148   |
|    n_updates            | 1060        |
|    policy_gradient_loss | -0.00291    |
|    value_loss           | 0.00391     |
-----------------------------------------
  step  440000/500000 ( 88.0%)  mean_rew=-0.003
-----------------------------------------
| time/                   |             |
|    fps                  | 781         |
|    iterations           | 33          |
|    time_elapsed         | 172         |
|    total_timesteps      | 442368      |
| train/                  |             |
|    approx_kl            | 0.001343446 |
|    clip_fraction        | 0.0183      |
|    clip_range           | 0.2         |
|    entropy_loss         | -0.152      |
|    explained_variance   | 0.946       |
|    learning_rate        | 0.0003      |
|    loss                 | 0.0026      |
|    n_updates            | 1070        |
|    policy_gradient_loss | 0.000242    |
|    value_loss           | 0.00361     |
-----------------------------------------
  step  445000/500000 ( 89.0%)  mean_rew=-0.002
------------------------------------------
| time/                   |              |
|    fps                  | 776          |
|    iterations           | 34           |
|    time_elapsed         | 179          |
|    total_timesteps      | 446464       |
| train/                  |              |
|    approx_kl            | 0.0023376718 |
|    clip_fraction        | 0.017        |
|    clip_range           | 0.2          |
|    entropy_loss         | -0.137       |
|    explained_variance   | 0.631        |
|    learning_rate        | 0.0003       |
|    loss                 | 0.00825      |
|    n_updates            | 1080         |
|    policy_gradient_loss | -0.00038     |
|    value_loss           | 0.0478       |
------------------------------------------
  step  450000/500000 ( 90.0%)  mean_rew=-0.004
-------------------------------------------
| time/                   |               |
|    fps                  | 772           |
|    iterations           | 35            |
|    time_elapsed         | 185           |
|    total_timesteps      | 450560        |
| train/                  |               |
|    approx_kl            | 0.00080746994 |
|    clip_fraction        | 0.0114        |
|    clip_range           | 0.2           |
|    entropy_loss         | -0.131        |
|    explained_variance   | 0.93          |
|    learning_rate        | 0.0003        |
|    loss                 | 0.0158        |
|    n_updates            | 1090          |
|    policy_gradient_loss | -0.00033      |
|    value_loss           | 0.00584       |
-------------------------------------------
------------------------------------------
| time/                   |              |
|    fps                  | 767          |
|    iterations           | 36           |
|    time_elapsed         | 192          |
|    total_timesteps      | 454656       |
| train/                  |              |
|    approx_kl            | 0.0019730795 |
|    clip_fraction        | 0.0147       |
|    clip_range           | 0.2          |
|    entropy_loss         | -0.135       |
|    explained_variance   | 0.98         |
|    learning_rate        | 0.0003       |
|    loss                 | 0.0013       |
|    n_updates            | 1100         |
|    policy_gradient_loss | -0.000985    |
|    value_loss           | 0.00143      |
------------------------------------------
  step  455000/500000 ( 91.0%)  mean_rew=-0.006
------------------------------------------
| time/                   |              |
|    fps                  | 768          |
|    iterations           | 37           |
|    time_elapsed         | 197          |
|    total_timesteps      | 458752       |
| train/                  |              |
|    approx_kl            | 0.0018124337 |
|    clip_fraction        | 0.0149       |
|    clip_range           | 0.2          |
|    entropy_loss         | -0.125       |
|    explained_variance   | 0.767        |
|    learning_rate        | 0.0003       |
|    loss                 | 0.03         |
|    n_updates            | 1110         |
|    policy_gradient_loss | -1.29e-05    |
|    value_loss           | 0.025        |
------------------------------------------
  step  460000/500000 ( 92.0%)  mean_rew=-0.005
-------------------------------------------
| time/                   |               |
|    fps                  | 774           |
|    iterations           | 38            |
|    time_elapsed         | 200           |
|    total_timesteps      | 462848        |
| train/                  |               |
|    approx_kl            | 0.00074983883 |
|    clip_fraction        | 0.00828       |
|    clip_range           | 0.2           |
|    entropy_loss         | -0.119        |
|    explained_variance   | 0.943         |
|    learning_rate        | 0.0003        |
|    loss                 | -0.000154     |
|    n_updates            | 1120          |
|    policy_gradient_loss | 0.00034       |
|    value_loss           | 0.00453       |
-------------------------------------------
  step  465000/500000 ( 93.0%)  mean_rew=-0.003
-------------------------------------------
| time/                   |               |
|    fps                  | 781           |
|    iterations           | 39            |
|    time_elapsed         | 204           |
|    total_timesteps      | 466944        |
| train/                  |               |
|    approx_kl            | 0.00088760315 |
|    clip_fraction        | 0.00281       |
|    clip_range           | 0.2           |
|    entropy_loss         | -0.116        |
|    explained_variance   | 0.939         |
|    learning_rate        | 0.0003        |
|    loss                 | 0.0041        |
|    n_updates            | 1130          |
|    policy_gradient_loss | 0.000214      |
|    value_loss           | 0.00464       |
-------------------------------------------
  step  470000/500000 ( 94.0%)  mean_rew=-0.003
------------------------------------------
| time/                   |              |
|    fps                  | 787          |
|    iterations           | 40           |
|    time_elapsed         | 208          |
|    total_timesteps      | 471040       |
| train/                  |              |
|    approx_kl            | 0.0012453481 |
|    clip_fraction        | 0.0195       |
|    clip_range           | 0.2          |
|    entropy_loss         | -0.102       |
|    explained_variance   | 0.981        |
|    learning_rate        | 0.0003       |
|    loss                 | 0.00386      |
|    n_updates            | 1140         |
|    policy_gradient_loss | -0.00103     |
|    value_loss           | 0.00138      |
------------------------------------------
  step  475000/500000 ( 95.0%)  mean_rew=-0.005
------------------------------------------
| time/                   |              |
|    fps                  | 792          |
|    iterations           | 41           |
|    time_elapsed         | 211          |
|    total_timesteps      | 475136       |
| train/                  |              |
|    approx_kl            | 0.0028213034 |
|    clip_fraction        | 0.0193       |
|    clip_range           | 0.2          |
|    entropy_loss         | -0.111       |
|    explained_variance   | 0.949        |
|    learning_rate        | 0.0003       |
|    loss                 | -0.00265     |
|    n_updates            | 1150         |
|    policy_gradient_loss | -0.000512    |
|    value_loss           | 0.00392      |
------------------------------------------
------------------------------------------
| time/                   |              |
|    fps                  | 798          |
|    iterations           | 42           |
|    time_elapsed         | 215          |
|    total_timesteps      | 479232       |
| train/                  |              |
|    approx_kl            | 0.0019053211 |
|    clip_fraction        | 0.0148       |
|    clip_range           | 0.2          |
|    entropy_loss         | -0.109       |
|    explained_variance   | 0.953        |
|    learning_rate        | 0.0003       |
|    loss                 | 0.00187      |
|    n_updates            | 1160         |
|    policy_gradient_loss | -0.00123     |
|    value_loss           | 0.00364      |
------------------------------------------
  step  480000/500000 ( 96.0%)  mean_rew=-0.004
-----------------------------------------
| time/                   |             |
|    fps                  | 804         |
|    iterations           | 43          |
|    time_elapsed         | 218         |
|    total_timesteps      | 483328      |
| train/                  |             |
|    approx_kl            | 0.001046961 |
|    clip_fraction        | 0.0117      |
|    clip_range           | 0.2         |
|    entropy_loss         | -0.104      |
|    explained_variance   | 0.987       |
|    learning_rate        | 0.0003      |
|    loss                 | 0.00055     |
|    n_updates            | 1170        |
|    policy_gradient_loss | 5.3e-05     |
|    value_loss           | 0.000975    |
-----------------------------------------
  step  485000/500000 ( 97.0%)  mean_rew=-0.003
------------------------------------------
| time/                   |              |
|    fps                  | 809          |
|    iterations           | 44           |
|    time_elapsed         | 222          |
|    total_timesteps      | 487424       |
| train/                  |              |
|    approx_kl            | 0.0059953383 |
|    clip_fraction        | 0.0219       |
|    clip_range           | 0.2          |
|    entropy_loss         | -0.105       |
|    explained_variance   | 0.954        |
|    learning_rate        | 0.0003       |
|    loss                 | -0.00356     |
|    n_updates            | 1180         |
|    policy_gradient_loss | -0.00116     |
|    value_loss           | 0.00344      |
------------------------------------------
  step  490000/500000 ( 98.0%)  mean_rew=-0.003
------------------------------------------
| time/                   |              |
|    fps                  | 815          |
|    iterations           | 45           |
|    time_elapsed         | 226          |
|    total_timesteps      | 491520       |
| train/                  |              |
|    approx_kl            | 0.0007105147 |
|    clip_fraction        | 0.0228       |
|    clip_range           | 0.2          |
|    entropy_loss         | -0.117       |
|    explained_variance   | 0.867        |
|    learning_rate        | 0.0003       |
|    loss                 | -0.00215     |
|    n_updates            | 1190         |
|    policy_gradient_loss | -0.000891    |
|    value_loss           | 0.0106       |
------------------------------------------
  step  495000/500000 ( 99.0%)  mean_rew=-0.003
-------------------------------------------
| time/                   |               |
|    fps                  | 820           |
|    iterations           | 46            |
|    time_elapsed         | 229           |
|    total_timesteps      | 495616        |
| train/                  |               |
|    approx_kl            | 0.00041182037 |
|    clip_fraction        | 0.00759       |
|    clip_range           | 0.2           |
|    entropy_loss         | -0.117        |
|    explained_variance   | 0.953         |
|    learning_rate        | 0.0003        |
|    loss                 | 0.00673       |
|    n_updates            | 1200          |
|    policy_gradient_loss | -5.33e-05     |
|    value_loss           | 0.00317       |
-------------------------------------------
-------------------------------------------
| time/                   |               |
|    fps                  | 825           |
|    iterations           | 47            |
|    time_elapsed         | 233           |
|    total_timesteps      | 499712        |
| train/                  |               |
|    approx_kl            | 0.00071839517 |
|    clip_fraction        | 0.00947       |
|    clip_range           | 0.2           |
|    entropy_loss         | -0.115        |
|    explained_variance   | 0.984         |
|    learning_rate        | 0.0003        |
|    loss                 | -0.00264      |
|    n_updates            | 1210          |
|    policy_gradient_loss | 1.23e-06      |
|    value_loss           | 0.00105       |
-------------------------------------------
  step  500000/500000 (100.0%)  mean_rew=-0.004
-----------------------------------------
| time/                   |             |
|    fps                  | 829         |
|    iterations           | 48          |
|    time_elapsed         | 236         |
|    total_timesteps      | 503808      |
| train/                  |             |
|    approx_kl            | 0.002157149 |
|    clip_fraction        | 0.017       |
|    clip_range           | 0.2         |
|    entropy_loss         | -0.11       |
|    explained_variance   | 0.948       |
|    learning_rate        | 0.0003      |
|    loss                 | 0.000421    |
|    n_updates            | 1220        |
|    policy_gradient_loss | -0.000298   |
|    value_loss           | 0.00378     |
-----------------------------------------
  step  505000/500000 (101.0%)  mean_rew=-0.003
-------------------------------------------
| time/                   |               |
|    fps                  | 834           |
|    iterations           | 49            |
|    time_elapsed         | 240           |
|    total_timesteps      | 507904        |
| train/                  |               |
|    approx_kl            | 0.00071921025 |
|    clip_fraction        | 0.0121        |
|    clip_range           | 0.2           |
|    entropy_loss         | -0.109        |
|    explained_variance   | 0.948         |
|    learning_rate        | 0.0003        |
|    loss                 | 0.000919      |
|    n_updates            | 1230          |
|    policy_gradient_loss | -9.4e-05      |
|    value_loss           | 0.00357       |
-------------------------------------------
  Stage 4 saved -> cologne8_ppo_stage4_100pct.zip

[cologne8-PPO] Curriculum done.
  Final model -> /workspace/rl-traffic/exp_cologne8_rand_curr/ppo_wait-clip_s42/cologne8_ppo_final_model.zip
  Total steps : 500000
