Using libsumo as traci as requested by environment variable.
=================================================================
  train_cologne_curriculum — cologne8 — PPO
  reward=pressure  seed=777  total_steps=500000
  Curriculum stages:
    Stage 1:  25% demand    75000 steps
    Stage 2:  50% demand   100000 steps
    Stage 3:  75% demand   125000 steps
    Stage 4: 100% demand   200000 steps
  save_dir: /workspace/rl-traffic/exp_cologne8_rand_curr/ppo_pressure_s777
=================================================================
  [rand] cologne8_rand_25pct.rou.xml
  [rand] cologne8_rand_50pct.rou.xml
  [rand] cologne8_rand_75pct.rou.xml
  [rand] cologne8_rand_100pct.rou.xml

  n_agents=8 | obs=(7,) | act=Discrete(4)
Using cpu device

────────────────────────────────────────────────────────────
  Stage 1/4  25% demand  75000 steps  (cumulative -> 75000)
  Route: cologne8_rand_25pct.rou.xml
────────────────────────────────────────────────────────────
-----------------------------
| time/              |      |
|    fps             | 1912 |
|    iterations      | 1    |
|    time_elapsed    | 2    |
|    total_timesteps | 4096 |
-----------------------------
  step    5000/500000 (  1.0%)  mean_rew=-0.003
-----------------------------------------
| time/                   |             |
|    fps                  | 954         |
|    iterations           | 2           |
|    time_elapsed         | 8           |
|    total_timesteps      | 8192        |
| train/                  |             |
|    approx_kl            | 0.010692539 |
|    clip_fraction        | 0.0713      |
|    clip_range           | 0.2         |
|    entropy_loss         | -1.38       |
|    explained_variance   | -2.44       |
|    learning_rate        | 0.0003      |
|    loss                 | -0.0092     |
|    n_updates            | 10          |
|    policy_gradient_loss | -0.00533    |
|    value_loss           | 0.00429     |
-----------------------------------------
  step   10000/500000 (  2.0%)  mean_rew=-0.002
-----------------------------------------
| time/                   |             |
|    fps                  | 935         |
|    iterations           | 3           |
|    time_elapsed         | 13          |
|    total_timesteps      | 12288       |
| train/                  |             |
|    approx_kl            | 0.014669122 |
|    clip_fraction        | 0.0734      |
|    clip_range           | 0.2         |
|    entropy_loss         | -1.36       |
|    explained_variance   | 0.132       |
|    learning_rate        | 0.0003      |
|    loss                 | 0.0108      |
|    n_updates            | 20          |
|    policy_gradient_loss | -0.00667    |
|    value_loss           | 0.00315     |
-----------------------------------------
  step   15000/500000 (  3.0%)  mean_rew=-0.002
-----------------------------------------
| time/                   |             |
|    fps                  | 931         |
|    iterations           | 4           |
|    time_elapsed         | 17          |
|    total_timesteps      | 16384       |
| train/                  |             |
|    approx_kl            | 0.011210021 |
|    clip_fraction        | 0.0252      |
|    clip_range           | 0.2         |
|    entropy_loss         | -1.36       |
|    explained_variance   | 0.295       |
|    learning_rate        | 0.0003      |
|    loss                 | -0.0222     |
|    n_updates            | 30          |
|    policy_gradient_loss | -0.0031     |
|    value_loss           | 0.00213     |
-----------------------------------------
  step   20000/500000 (  4.0%)  mean_rew=-0.000
------------------------------------------
| time/                   |              |
|    fps                  | 924          |
|    iterations           | 5            |
|    time_elapsed         | 22           |
|    total_timesteps      | 20480        |
| train/                  |              |
|    approx_kl            | 0.0085836835 |
|    clip_fraction        | 0.0952       |
|    clip_range           | 0.2          |
|    entropy_loss         | -1.33        |
|    explained_variance   | 0.558        |
|    learning_rate        | 0.0003       |
|    loss                 | -0.00504     |
|    n_updates            | 40           |
|    policy_gradient_loss | -0.00795     |
|    value_loss           | 0.00148      |
------------------------------------------
-----------------------------------------
| time/                   |             |
|    fps                  | 919         |
|    iterations           | 6           |
|    time_elapsed         | 26          |
|    total_timesteps      | 24576       |
| train/                  |             |
|    approx_kl            | 0.012926558 |
|    clip_fraction        | 0.0973      |
|    clip_range           | 0.2         |
|    entropy_loss         | -1.28       |
|    explained_variance   | 0.552       |
|    learning_rate        | 0.0003      |
|    loss                 | 0.0132      |
|    n_updates            | 50          |
|    policy_gradient_loss | -0.00709    |
|    value_loss           | 0.00192     |
-----------------------------------------
  step   25000/500000 (  5.0%)  mean_rew=-0.001
-----------------------------------------
| time/                   |             |
|    fps                  | 917         |
|    iterations           | 7           |
|    time_elapsed         | 31          |
|    total_timesteps      | 28672       |
| train/                  |             |
|    approx_kl            | 0.011843963 |
|    clip_fraction        | 0.0751      |
|    clip_range           | 0.2         |
|    entropy_loss         | -1.21       |
|    explained_variance   | 0.654       |
|    learning_rate        | 0.0003      |
|    loss                 | -0.017      |
|    n_updates            | 60          |
|    policy_gradient_loss | -0.00497    |
|    value_loss           | 0.00133     |
-----------------------------------------
  step   30000/500000 (  6.0%)  mean_rew=-0.001
-----------------------------------------
| time/                   |             |
|    fps                  | 915         |
|    iterations           | 8           |
|    time_elapsed         | 35          |
|    total_timesteps      | 32768       |
| train/                  |             |
|    approx_kl            | 0.010379264 |
|    clip_fraction        | 0.101       |
|    clip_range           | 0.2         |
|    entropy_loss         | -1.16       |
|    explained_variance   | 0.86        |
|    learning_rate        | 0.0003      |
|    loss                 | -0.0112     |
|    n_updates            | 70          |
|    policy_gradient_loss | -0.00747    |
|    value_loss           | 0.000451    |
-----------------------------------------
  step   35000/500000 (  7.0%)  mean_rew=-0.001
-----------------------------------------
| time/                   |             |
|    fps                  | 912         |
|    iterations           | 9           |
|    time_elapsed         | 40          |
|    total_timesteps      | 36864       |
| train/                  |             |
|    approx_kl            | 0.009141498 |
|    clip_fraction        | 0.0428      |
|    clip_range           | 0.2         |
|    entropy_loss         | -1.09       |
|    explained_variance   | 0.778       |
|    learning_rate        | 0.0003      |
|    loss                 | 0.0104      |
|    n_updates            | 80          |
|    policy_gradient_loss | -0.0035     |
|    value_loss           | 0.001       |
-----------------------------------------
  step   40000/500000 (  8.0%)  mean_rew=-0.002
-----------------------------------------
| time/                   |             |
|    fps                  | 910         |
|    iterations           | 10          |
|    time_elapsed         | 44          |
|    total_timesteps      | 40960       |
| train/                  |             |
|    approx_kl            | 0.008921871 |
|    clip_fraction        | 0.0903      |
|    clip_range           | 0.2         |
|    entropy_loss         | -1.03       |
|    explained_variance   | 0.818       |
|    learning_rate        | 0.0003      |
|    loss                 | -0.0183     |
|    n_updates            | 90          |
|    policy_gradient_loss | -0.00628    |
|    value_loss           | 0.000848    |
-----------------------------------------
  step   45000/500000 (  9.0%)  mean_rew=-0.001
-----------------------------------------
| time/                   |             |
|    fps                  | 911         |
|    iterations           | 11          |
|    time_elapsed         | 49          |
|    total_timesteps      | 45056       |
| train/                  |             |
|    approx_kl            | 0.008475406 |
|    clip_fraction        | 0.0582      |
|    clip_range           | 0.2         |
|    entropy_loss         | -0.953      |
|    explained_variance   | 0.861       |
|    learning_rate        | 0.0003      |
|    loss                 | -0.0074     |
|    n_updates            | 100         |
|    policy_gradient_loss | -0.00363    |
|    value_loss           | 0.000681    |
-----------------------------------------
----------------------------------------
| time/                   |            |
|    fps                  | 908        |
|    iterations           | 12         |
|    time_elapsed         | 54         |
|    total_timesteps      | 49152      |
| train/                  |            |
|    approx_kl            | 0.00789312 |
|    clip_fraction        | 0.0958     |
|    clip_range           | 0.2        |
|    entropy_loss         | -0.906     |
|    explained_variance   | 0.915      |
|    learning_rate        | 0.0003     |
|    loss                 | 0.0111     |
|    n_updates            | 110        |
|    policy_gradient_loss | -0.00505   |
|    value_loss           | 0.000386   |
----------------------------------------
  step   50000/500000 ( 10.0%)  mean_rew=-0.000
------------------------------------------
| time/                   |              |
|    fps                  | 907          |
|    iterations           | 13           |
|    time_elapsed         | 58           |
|    total_timesteps      | 53248        |
| train/                  |              |
|    approx_kl            | 0.0049754027 |
|    clip_fraction        | 0.0471       |
|    clip_range           | 0.2          |
|    entropy_loss         | -0.848       |
|    explained_variance   | 0.869        |
|    learning_rate        | 0.0003       |
|    loss                 | 0.0182       |
|    n_updates            | 120          |
|    policy_gradient_loss | -0.00358     |
|    value_loss           | 0.000765     |
------------------------------------------
  step   55000/500000 ( 11.0%)  mean_rew=-0.001
-----------------------------------------
| time/                   |             |
|    fps                  | 907         |
|    iterations           | 14          |
|    time_elapsed         | 63          |
|    total_timesteps      | 57344       |
| train/                  |             |
|    approx_kl            | 0.006285436 |
|    clip_fraction        | 0.0408      |
|    clip_range           | 0.2         |
|    entropy_loss         | -0.779      |
|    explained_variance   | 0.902       |
|    learning_rate        | 0.0003      |
|    loss                 | -0.014      |
|    n_updates            | 130         |
|    policy_gradient_loss | -0.0033     |
|    value_loss           | 0.000538    |
-----------------------------------------
  step   60000/500000 ( 12.0%)  mean_rew=-0.000
-----------------------------------------
| time/                   |             |
|    fps                  | 906         |
|    iterations           | 15          |
|    time_elapsed         | 67          |
|    total_timesteps      | 61440       |
| train/                  |             |
|    approx_kl            | 0.006495122 |
|    clip_fraction        | 0.0676      |
|    clip_range           | 0.2         |
|    entropy_loss         | -0.685      |
|    explained_variance   | 0.951       |
|    learning_rate        | 0.0003      |
|    loss                 | 0.0045      |
|    n_updates            | 140         |
|    policy_gradient_loss | -0.00557    |
|    value_loss           | 0.000267    |
-----------------------------------------
  step   65000/500000 ( 13.0%)  mean_rew=-0.001
------------------------------------------
| time/                   |              |
|    fps                  | 904          |
|    iterations           | 16           |
|    time_elapsed         | 72           |
|    total_timesteps      | 65536        |
| train/                  |              |
|    approx_kl            | 0.0030046299 |
|    clip_fraction        | 0.0292       |
|    clip_range           | 0.2          |
|    entropy_loss         | -0.656       |
|    explained_variance   | 0.929        |
|    learning_rate        | 0.0003       |
|    loss                 | 0.00895      |
|    n_updates            | 150          |
|    policy_gradient_loss | -0.00265     |
|    value_loss           | 0.000356     |
------------------------------------------
------------------------------------------
| time/                   |              |
|    fps                  | 903          |
|    iterations           | 17           |
|    time_elapsed         | 77           |
|    total_timesteps      | 69632        |
| train/                  |              |
|    approx_kl            | 0.0047508013 |
|    clip_fraction        | 0.0495       |
|    clip_range           | 0.2          |
|    entropy_loss         | -0.657       |
|    explained_variance   | 0.925        |
|    learning_rate        | 0.0003       |
|    loss                 | -0.0151      |
|    n_updates            | 160          |
|    policy_gradient_loss | -0.00502     |
|    value_loss           | 0.000352     |
------------------------------------------
  step   70000/500000 ( 14.0%)  mean_rew=-0.001
------------------------------------------
| time/                   |              |
|    fps                  | 904          |
|    iterations           | 18           |
|    time_elapsed         | 81           |
|    total_timesteps      | 73728        |
| train/                  |              |
|    approx_kl            | 0.0018840986 |
|    clip_fraction        | 0.0328       |
|    clip_range           | 0.2          |
|    entropy_loss         | -0.617       |
|    explained_variance   | 0.917        |
|    learning_rate        | 0.0003       |
|    loss                 | -0.00529     |
|    n_updates            | 170          |
|    policy_gradient_loss | -0.00312     |
|    value_loss           | 0.000347     |
------------------------------------------
  step   75000/500000 ( 15.0%)  mean_rew=-0.001
------------------------------------------
| time/                   |              |
|    fps                  | 903          |
|    iterations           | 19           |
|    time_elapsed         | 86           |
|    total_timesteps      | 77824        |
| train/                  |              |
|    approx_kl            | 0.0028279137 |
|    clip_fraction        | 0.0247       |
|    clip_range           | 0.2          |
|    entropy_loss         | -0.602       |
|    explained_variance   | 0.944        |
|    learning_rate        | 0.0003       |
|    loss                 | -0.00896     |
|    n_updates            | 180          |
|    policy_gradient_loss | -0.00224     |
|    value_loss           | 0.000206     |
------------------------------------------
  Stage 1 saved -> cologne8_ppo_stage1_25pct.zip

────────────────────────────────────────────────────────────
  Stage 2/4  50% demand  100000 steps  (cumulative -> 175000)
  Route: cologne8_rand_50pct.rou.xml
────────────────────────────────────────────────────────────
  step   80000/500000 ( 16.0%)  mean_rew=-0.002
------------------------------
| time/              |       |
|    fps             | 1430  |
|    iterations      | 1     |
|    time_elapsed    | 2     |
|    total_timesteps | 81920 |
------------------------------
  step   85000/500000 ( 17.0%)  mean_rew=-0.001
------------------------------------------
| time/                   |              |
|    fps                  | 1022         |
|    iterations           | 2            |
|    time_elapsed         | 8            |
|    total_timesteps      | 86016        |
| train/                  |              |
|    approx_kl            | 0.0042871153 |
|    clip_fraction        | 0.0418       |
|    clip_range           | 0.2          |
|    entropy_loss         | -0.509       |
|    explained_variance   | 0.88         |
|    learning_rate        | 0.0003       |
|    loss                 | -0.00275     |
|    n_updates            | 200          |
|    policy_gradient_loss | -0.00467     |
|    value_loss           | 0.000563     |
------------------------------------------
  step   90000/500000 ( 18.0%)  mean_rew=-0.002
------------------------------------------
| time/                   |              |
|    fps                  | 939          |
|    iterations           | 3            |
|    time_elapsed         | 13           |
|    total_timesteps      | 90112        |
| train/                  |              |
|    approx_kl            | 0.0018730809 |
|    clip_fraction        | 0.0167       |
|    clip_range           | 0.2          |
|    entropy_loss         | -0.472       |
|    explained_variance   | 0.893        |
|    learning_rate        | 0.0003       |
|    loss                 | 0.000695     |
|    n_updates            | 210          |
|    policy_gradient_loss | -0.00168     |
|    value_loss           | 0.000596     |
------------------------------------------
------------------------------------------
| time/                   |              |
|    fps                  | 904          |
|    iterations           | 4            |
|    time_elapsed         | 18           |
|    total_timesteps      | 94208        |
| train/                  |              |
|    approx_kl            | 0.0021804753 |
|    clip_fraction        | 0.0257       |
|    clip_range           | 0.2          |
|    entropy_loss         | -0.439       |
|    explained_variance   | 0.901        |
|    learning_rate        | 0.0003       |
|    loss                 | -0.00107     |
|    n_updates            | 220          |
|    policy_gradient_loss | -0.00286     |
|    value_loss           | 0.000652     |
------------------------------------------
  step   95000/500000 ( 19.0%)  mean_rew=-0.001
---------------------------------------
| time/                   |           |
|    fps                  | 880       |
|    iterations           | 5         |
|    time_elapsed         | 23        |
|    total_timesteps      | 98304     |
| train/                  |           |
|    approx_kl            | 0.0021973 |
|    clip_fraction        | 0.0287    |
|    clip_range           | 0.2       |
|    entropy_loss         | -0.413    |
|    explained_variance   | 0.966     |
|    learning_rate        | 0.0003    |
|    loss                 | -0.00814  |
|    n_updates            | 230       |
|    policy_gradient_loss | -0.00245  |
|    value_loss           | 0.000219  |
---------------------------------------
  step  100000/500000 ( 20.0%)  mean_rew=-0.001
-----------------------------------------
| time/                   |             |
|    fps                  | 865         |
|    iterations           | 6           |
|    time_elapsed         | 28          |
|    total_timesteps      | 102400      |
| train/                  |             |
|    approx_kl            | 0.002071352 |
|    clip_fraction        | 0.0259      |
|    clip_range           | 0.2         |
|    entropy_loss         | -0.398      |
|    explained_variance   | 0.915       |
|    learning_rate        | 0.0003      |
|    loss                 | 0.00229     |
|    n_updates            | 240         |
|    policy_gradient_loss | -0.00186    |
|    value_loss           | 0.000618    |
-----------------------------------------
  step  105000/500000 ( 21.0%)  mean_rew=-0.001
------------------------------------------
| time/                   |              |
|    fps                  | 857          |
|    iterations           | 7            |
|    time_elapsed         | 33           |
|    total_timesteps      | 106496       |
| train/                  |              |
|    approx_kl            | 0.0016883384 |
|    clip_fraction        | 0.0218       |
|    clip_range           | 0.2          |
|    entropy_loss         | -0.367       |
|    explained_variance   | 0.903        |
|    learning_rate        | 0.0003       |
|    loss                 | 0.00297      |
|    n_updates            | 250          |
|    policy_gradient_loss | -0.00275     |
|    value_loss           | 0.000751     |
------------------------------------------
  step  110000/500000 ( 22.0%)  mean_rew=-0.002
-----------------------------------------
| time/                   |             |
|    fps                  | 850         |
|    iterations           | 8           |
|    time_elapsed         | 38          |
|    total_timesteps      | 110592      |
| train/                  |             |
|    approx_kl            | 0.002218395 |
|    clip_fraction        | 0.0309      |
|    clip_range           | 0.2         |
|    entropy_loss         | -0.335      |
|    explained_variance   | 0.961       |
|    learning_rate        | 0.0003      |
|    loss                 | -0.00665    |
|    n_updates            | 260         |
|    policy_gradient_loss | -0.00337    |
|    value_loss           | 0.000273    |
-----------------------------------------
------------------------------------------
| time/                   |              |
|    fps                  | 844          |
|    iterations           | 9            |
|    time_elapsed         | 43           |
|    total_timesteps      | 114688       |
| train/                  |              |
|    approx_kl            | 0.0013261463 |
|    clip_fraction        | 0.0168       |
|    clip_range           | 0.2          |
|    entropy_loss         | -0.316       |
|    explained_variance   | 0.923        |
|    learning_rate        | 0.0003       |
|    loss                 | -0.0116      |
|    n_updates            | 270          |
|    policy_gradient_loss | -0.00212     |
|    value_loss           | 0.000574     |
------------------------------------------
  step  115000/500000 ( 23.0%)  mean_rew=-0.001
------------------------------------------
| time/                   |              |
|    fps                  | 844          |
|    iterations           | 10           |
|    time_elapsed         | 48           |
|    total_timesteps      | 118784       |
| train/                  |              |
|    approx_kl            | 0.0014309431 |
|    clip_fraction        | 0.0183       |
|    clip_range           | 0.2          |
|    entropy_loss         | -0.301       |
|    explained_variance   | 0.917        |
|    learning_rate        | 0.0003       |
|    loss                 | 0.00571      |
|    n_updates            | 280          |
|    policy_gradient_loss | -0.0015      |
|    value_loss           | 0.000587     |
------------------------------------------
  step  120000/500000 ( 24.0%)  mean_rew=-0.001
------------------------------------------
| time/                   |              |
|    fps                  | 846          |
|    iterations           | 11           |
|    time_elapsed         | 53           |
|    total_timesteps      | 122880       |
| train/                  |              |
|    approx_kl            | 0.0014666417 |
|    clip_fraction        | 0.0238       |
|    clip_range           | 0.2          |
|    entropy_loss         | -0.292       |
|    explained_variance   | 0.918        |
|    learning_rate        | 0.0003       |
|    loss                 | -0.00608     |
|    n_updates            | 290          |
|    policy_gradient_loss | -0.00218     |
|    value_loss           | 0.000607     |
------------------------------------------
  step  125000/500000 ( 25.0%)  mean_rew=-0.001
-----------------------------------------
| time/                   |             |
|    fps                  | 841         |
|    iterations           | 12          |
|    time_elapsed         | 58          |
|    total_timesteps      | 126976      |
| train/                  |             |
|    approx_kl            | 0.001218243 |
|    clip_fraction        | 0.0185      |
|    clip_range           | 0.2         |
|    entropy_loss         | -0.27       |
|    explained_variance   | 0.968       |
|    learning_rate        | 0.0003      |
|    loss                 | -0.00739    |
|    n_updates            | 300         |
|    policy_gradient_loss | -0.00171    |
|    value_loss           | 0.000214    |
-----------------------------------------
  step  130000/500000 ( 26.0%)  mean_rew=-0.001
-----------------------------------------
| time/                   |             |
|    fps                  | 836         |
|    iterations           | 13          |
|    time_elapsed         | 63          |
|    total_timesteps      | 131072      |
| train/                  |             |
|    approx_kl            | 0.001823853 |
|    clip_fraction        | 0.0144      |
|    clip_range           | 0.2         |
|    entropy_loss         | -0.242      |
|    explained_variance   | 0.916       |
|    learning_rate        | 0.0003      |
|    loss                 | -0.00674    |
|    n_updates            | 310         |
|    policy_gradient_loss | -0.00167    |
|    value_loss           | 0.000558    |
-----------------------------------------
  step  135000/500000 ( 27.0%)  mean_rew=-0.001
-------------------------------------------
| time/                   |               |
|    fps                  | 834           |
|    iterations           | 14            |
|    time_elapsed         | 68            |
|    total_timesteps      | 135168        |
| train/                  |               |
|    approx_kl            | 0.00081707945 |
|    clip_fraction        | 0.0101        |
|    clip_range           | 0.2           |
|    entropy_loss         | -0.226        |
|    explained_variance   | 0.914         |
|    learning_rate        | 0.0003        |
|    loss                 | -0.00227      |
|    n_updates            | 320           |
|    policy_gradient_loss | -0.00102      |
|    value_loss           | 0.000552      |
-------------------------------------------
------------------------------------------
| time/                   |              |
|    fps                  | 834          |
|    iterations           | 15           |
|    time_elapsed         | 73           |
|    total_timesteps      | 139264       |
| train/                  |              |
|    approx_kl            | 0.0035588043 |
|    clip_fraction        | 0.0219       |
|    clip_range           | 0.2          |
|    entropy_loss         | -0.231       |
|    explained_variance   | 0.968        |
|    learning_rate        | 0.0003       |
|    loss                 | -0.0126      |
|    n_updates            | 330          |
|    policy_gradient_loss | -0.00196     |
|    value_loss           | 0.000197     |
------------------------------------------
  step  140000/500000 ( 28.0%)  mean_rew=-0.001
------------------------------------------
| time/                   |              |
|    fps                  | 834          |
|    iterations           | 16           |
|    time_elapsed         | 78           |
|    total_timesteps      | 143360       |
| train/                  |              |
|    approx_kl            | 0.0011010681 |
|    clip_fraction        | 0.0122       |
|    clip_range           | 0.2          |
|    entropy_loss         | -0.23        |
|    explained_variance   | 0.918        |
|    learning_rate        | 0.0003       |
|    loss                 | -0.00259     |
|    n_updates            | 340          |
|    policy_gradient_loss | -0.00102     |
|    value_loss           | 0.000553     |
------------------------------------------
  step  145000/500000 ( 29.0%)  mean_rew=-0.001
------------------------------------------
| time/                   |              |
|    fps                  | 832          |
|    iterations           | 17           |
|    time_elapsed         | 83           |
|    total_timesteps      | 147456       |
| train/                  |              |
|    approx_kl            | 0.0009086693 |
|    clip_fraction        | 0.012        |
|    clip_range           | 0.2          |
|    entropy_loss         | -0.217       |
|    explained_variance   | 0.919        |
|    learning_rate        | 0.0003       |
|    loss                 | 0.000392     |
|    n_updates            | 350          |
|    policy_gradient_loss | -0.000883    |
|    value_loss           | 0.000574     |
------------------------------------------
  step  150000/500000 ( 30.0%)  mean_rew=-0.001
------------------------------------------
| time/                   |              |
|    fps                  | 831          |
|    iterations           | 18           |
|    time_elapsed         | 88           |
|    total_timesteps      | 151552       |
| train/                  |              |
|    approx_kl            | 0.0016218014 |
|    clip_fraction        | 0.0213       |
|    clip_range           | 0.2          |
|    entropy_loss         | -0.221       |
|    explained_variance   | 0.919        |
|    learning_rate        | 0.0003       |
|    loss                 | -0.00474     |
|    n_updates            | 360          |
|    policy_gradient_loss | -0.00188     |
|    value_loss           | 0.000526     |
------------------------------------------
  step  155000/500000 ( 31.0%)  mean_rew=-0.001
------------------------------------------
| time/                   |              |
|    fps                  | 831          |
|    iterations           | 19           |
|    time_elapsed         | 93           |
|    total_timesteps      | 155648       |
| train/                  |              |
|    approx_kl            | 0.0006535646 |
|    clip_fraction        | 0.0108       |
|    clip_range           | 0.2          |
|    entropy_loss         | -0.212       |
|    explained_variance   | 0.965        |
|    learning_rate        | 0.0003       |
|    loss                 | -0.00906     |
|    n_updates            | 370          |
|    policy_gradient_loss | -0.000942    |
|    value_loss           | 0.000229     |
------------------------------------------
-------------------------------------------
| time/                   |               |
|    fps                  | 831           |
|    iterations           | 20            |
|    time_elapsed         | 98            |
|    total_timesteps      | 159744        |
| train/                  |               |
|    approx_kl            | 0.00075952406 |
|    clip_fraction        | 0.00979       |
|    clip_range           | 0.2           |
|    entropy_loss         | -0.207        |
|    explained_variance   | 0.915         |
|    learning_rate        | 0.0003        |
|    loss                 | -0.00162      |
|    n_updates            | 380           |
|    policy_gradient_loss | -0.000389     |
|    value_loss           | 0.000574      |
-------------------------------------------
  step  160000/500000 ( 32.0%)  mean_rew=-0.001
------------------------------------------
| time/                   |              |
|    fps                  | 830          |
|    iterations           | 21           |
|    time_elapsed         | 103          |
|    total_timesteps      | 163840       |
| train/                  |              |
|    approx_kl            | 0.0015011833 |
|    clip_fraction        | 0.014        |
|    clip_range           | 0.2          |
|    entropy_loss         | -0.198       |
|    explained_variance   | 0.908        |
|    learning_rate        | 0.0003       |
|    loss                 | -0.00648     |
|    n_updates            | 390          |
|    policy_gradient_loss | -0.00117     |
|    value_loss           | 0.00059      |
------------------------------------------
  step  165000/500000 ( 33.0%)  mean_rew=-0.002
------------------------------------------
| time/                   |              |
|    fps                  | 828          |
|    iterations           | 22           |
|    time_elapsed         | 108          |
|    total_timesteps      | 167936       |
| train/                  |              |
|    approx_kl            | 0.0005132742 |
|    clip_fraction        | 0.0115       |
|    clip_range           | 0.2          |
|    entropy_loss         | -0.182       |
|    explained_variance   | 0.969        |
|    learning_rate        | 0.0003       |
|    loss                 | 0.00269      |
|    n_updates            | 400          |
|    policy_gradient_loss | -0.00167     |
|    value_loss           | 0.000175     |
------------------------------------------
  step  170000/500000 ( 34.0%)  mean_rew=-0.001
------------------------------------------
| time/                   |              |
|    fps                  | 825          |
|    iterations           | 23           |
|    time_elapsed         | 114          |
|    total_timesteps      | 172032       |
| train/                  |              |
|    approx_kl            | 0.0007071031 |
|    clip_fraction        | 0.00977      |
|    clip_range           | 0.2          |
|    entropy_loss         | -0.18        |
|    explained_variance   | 0.909        |
|    learning_rate        | 0.0003       |
|    loss                 | -0.00775     |
|    n_updates            | 410          |
|    policy_gradient_loss | -0.000984    |
|    value_loss           | 0.000514     |
------------------------------------------
  step  175000/500000 ( 35.0%)  mean_rew=-0.001
-------------------------------------------
| time/                   |               |
|    fps                  | 824           |
|    iterations           | 24            |
|    time_elapsed         | 119           |
|    total_timesteps      | 176128        |
| train/                  |               |
|    approx_kl            | 0.00086457125 |
|    clip_fraction        | 0.0102        |
|    clip_range           | 0.2           |
|    entropy_loss         | -0.166        |
|    explained_variance   | 0.906         |
|    learning_rate        | 0.0003        |
|    loss                 | 0.000553      |
|    n_updates            | 420           |
|    policy_gradient_loss | -0.000921     |
|    value_loss           | 0.00056       |
-------------------------------------------
  step  180000/500000 ( 36.0%)  mean_rew=-0.001
-------------------------------------------
| time/                   |               |
|    fps                  | 822           |
|    iterations           | 25            |
|    time_elapsed         | 124           |
|    total_timesteps      | 180224        |
| train/                  |               |
|    approx_kl            | 0.00028071261 |
|    clip_fraction        | 0.0072        |
|    clip_range           | 0.2           |
|    entropy_loss         | -0.151        |
|    explained_variance   | 0.921         |
|    learning_rate        | 0.0003        |
|    loss                 | 0.00125       |
|    n_updates            | 430           |
|    policy_gradient_loss | -0.000281     |
|    value_loss           | 0.000465      |
-------------------------------------------
  Stage 2 saved -> cologne8_ppo_stage2_50pct.zip

────────────────────────────────────────────────────────────
  Stage 3/4  75% demand  125000 steps  (cumulative -> 300000)
  Route: cologne8_rand_75pct.rou.xml
────────────────────────────────────────────────────────────
-------------------------------
| time/              |        |
|    fps             | 1159   |
|    iterations      | 1      |
|    time_elapsed    | 3      |
|    total_timesteps | 184320 |
-------------------------------
  step  185000/500000 ( 37.0%)  mean_rew=-0.001
------------------------------------------
| time/                   |              |
|    fps                  | 862          |
|    iterations           | 2            |
|    time_elapsed         | 9            |
|    total_timesteps      | 188416       |
| train/                  |              |
|    approx_kl            | 0.0008370164 |
|    clip_fraction        | 0.00498      |
|    clip_range           | 0.2          |
|    entropy_loss         | -0.141       |
|    explained_variance   | 0.921        |
|    learning_rate        | 0.0003       |
|    loss                 | -0.00178     |
|    n_updates            | 450          |
|    policy_gradient_loss | -0.000962    |
|    value_loss           | 0.000444     |
------------------------------------------
  step  190000/500000 ( 38.0%)  mean_rew=-0.001
-------------------------------------------
| time/                   |               |
|    fps                  | 796           |
|    iterations           | 3             |
|    time_elapsed         | 15            |
|    total_timesteps      | 192512        |
| train/                  |               |
|    approx_kl            | 0.00048685598 |
|    clip_fraction        | 0.00627       |
|    clip_range           | 0.2           |
|    entropy_loss         | -0.145        |
|    explained_variance   | 0.92          |
|    learning_rate        | 0.0003        |
|    loss                 | 0.000669      |
|    n_updates            | 460           |
|    policy_gradient_loss | -0.00092      |
|    value_loss           | 0.000678      |
-------------------------------------------
  step  195000/500000 ( 39.0%)  mean_rew=-0.003
------------------------------------------
| time/                   |              |
|    fps                  | 768          |
|    iterations           | 4            |
|    time_elapsed         | 21           |
|    total_timesteps      | 196608       |
| train/                  |              |
|    approx_kl            | 0.0008142775 |
|    clip_fraction        | 0.0133       |
|    clip_range           | 0.2          |
|    entropy_loss         | -0.138       |
|    explained_variance   | 0.919        |
|    learning_rate        | 0.0003       |
|    loss                 | -0.000282    |
|    n_updates            | 470          |
|    policy_gradient_loss | -0.00176     |
|    value_loss           | 0.000773     |
------------------------------------------
  step  200000/500000 ( 40.0%)  mean_rew=-0.001
------------------------------------------
| time/                   |              |
|    fps                  | 750          |
|    iterations           | 5            |
|    time_elapsed         | 27           |
|    total_timesteps      | 200704       |
| train/                  |              |
|    approx_kl            | 0.0015463438 |
|    clip_fraction        | 0.00762      |
|    clip_range           | 0.2          |
|    entropy_loss         | -0.13        |
|    explained_variance   | 0.958        |
|    learning_rate        | 0.0003       |
|    loss                 | -0.00548     |
|    n_updates            | 480          |
|    policy_gradient_loss | -0.00116     |
|    value_loss           | 0.000407     |
------------------------------------------
------------------------------------------
| time/                   |              |
|    fps                  | 739          |
|    iterations           | 6            |
|    time_elapsed         | 33           |
|    total_timesteps      | 204800       |
| train/                  |              |
|    approx_kl            | 0.0006426034 |
|    clip_fraction        | 0.00825      |
|    clip_range           | 0.2          |
|    entropy_loss         | -0.141       |
|    explained_variance   | 0.948        |
|    learning_rate        | 0.0003       |
|    loss                 | 0.000336     |
|    n_updates            | 490          |
|    policy_gradient_loss | -0.000424    |
|    value_loss           | 0.000601     |
------------------------------------------
  step  205000/500000 ( 41.0%)  mean_rew=-0.002
------------------------------------------
| time/                   |              |
|    fps                  | 741          |
|    iterations           | 7            |
|    time_elapsed         | 38           |
|    total_timesteps      | 208896       |
| train/                  |              |
|    approx_kl            | 0.0010218301 |
|    clip_fraction        | 0.0175       |
|    clip_range           | 0.2          |
|    entropy_loss         | -0.124       |
|    explained_variance   | 0.945        |
|    learning_rate        | 0.0003       |
|    loss                 | 0.00446      |
|    n_updates            | 500          |
|    policy_gradient_loss | -0.00155     |
|    value_loss           | 0.000678     |
------------------------------------------
  step  210000/500000 ( 42.0%)  mean_rew=-0.002
-------------------------------------------
| time/                   |               |
|    fps                  | 742           |
|    iterations           | 8             |
|    time_elapsed         | 44            |
|    total_timesteps      | 212992        |
| train/                  |               |
|    approx_kl            | 0.00045235245 |
|    clip_fraction        | 0.00903       |
|    clip_range           | 0.2           |
|    entropy_loss         | -0.122        |
|    explained_variance   | 0.978         |
|    learning_rate        | 0.0003        |
|    loss                 | 0.000647      |
|    n_updates            | 510           |
|    policy_gradient_loss | -0.00153      |
|    value_loss           | 0.000292      |
-------------------------------------------
  step  215000/500000 ( 43.0%)  mean_rew=-0.001
------------------------------------------
| time/                   |              |
|    fps                  | 736          |
|    iterations           | 9            |
|    time_elapsed         | 50           |
|    total_timesteps      | 217088       |
| train/                  |              |
|    approx_kl            | 0.0003770201 |
|    clip_fraction        | 0.00657      |
|    clip_range           | 0.2          |
|    entropy_loss         | -0.128       |
|    explained_variance   | 0.945        |
|    learning_rate        | 0.0003       |
|    loss                 | 0.00238      |
|    n_updates            | 520          |
|    policy_gradient_loss | -0.000784    |
|    value_loss           | 0.000854     |
------------------------------------------
  step  220000/500000 ( 44.0%)  mean_rew=-0.002
-------------------------------------------
| time/                   |               |
|    fps                  | 732           |
|    iterations           | 10            |
|    time_elapsed         | 55            |
|    total_timesteps      | 221184        |
| train/                  |               |
|    approx_kl            | 0.00042308355 |
|    clip_fraction        | 0.00562       |
|    clip_range           | 0.2           |
|    entropy_loss         | -0.126        |
|    explained_variance   | 0.93          |
|    learning_rate        | 0.0003        |
|    loss                 | 1.01e-06      |
|    n_updates            | 530           |
|    policy_gradient_loss | -0.00064      |
|    value_loss           | 0.00111       |
-------------------------------------------
  step  225000/500000 ( 45.0%)  mean_rew=-0.002
-----------------------------------------
| time/                   |             |
|    fps                  | 730         |
|    iterations           | 11          |
|    time_elapsed         | 61          |
|    total_timesteps      | 225280      |
| train/                  |             |
|    approx_kl            | 0.004454485 |
|    clip_fraction        | 0.0154      |
|    clip_range           | 0.2         |
|    entropy_loss         | -0.129      |
|    explained_variance   | 0.942       |
|    learning_rate        | 0.0003      |
|    loss                 | 0.000228    |
|    n_updates            | 540         |
|    policy_gradient_loss | -0.00153    |
|    value_loss           | 0.000893    |
-----------------------------------------
-------------------------------------------
| time/                   |               |
|    fps                  | 728           |
|    iterations           | 12            |
|    time_elapsed         | 67            |
|    total_timesteps      | 229376        |
| train/                  |               |
|    approx_kl            | 0.00039102393 |
|    clip_fraction        | 0.00784       |
|    clip_range           | 0.2           |
|    entropy_loss         | -0.136        |
|    explained_variance   | 0.978         |
|    learning_rate        | 0.0003        |
|    loss                 | -0.00145      |
|    n_updates            | 550           |
|    policy_gradient_loss | -0.00084      |
|    value_loss           | 0.00032       |
-------------------------------------------
  step  230000/500000 ( 46.0%)  mean_rew=-0.003
------------------------------------------
| time/                   |              |
|    fps                  | 727          |
|    iterations           | 13           |
|    time_elapsed         | 73           |
|    total_timesteps      | 233472       |
| train/                  |              |
|    approx_kl            | 0.0002677106 |
|    clip_fraction        | 0.00566      |
|    clip_range           | 0.2          |
|    entropy_loss         | -0.129       |
|    explained_variance   | 0.94         |
|    learning_rate        | 0.0003       |
|    loss                 | 0.000466     |
|    n_updates            | 560          |
|    policy_gradient_loss | -0.000565    |
|    value_loss           | 0.000874     |
------------------------------------------
  step  235000/500000 ( 47.0%)  mean_rew=-0.001
------------------------------------------
| time/                   |              |
|    fps                  | 728          |
|    iterations           | 14           |
|    time_elapsed         | 78           |
|    total_timesteps      | 237568       |
| train/                  |              |
|    approx_kl            | 0.0010300104 |
|    clip_fraction        | 0.0161       |
|    clip_range           | 0.2          |
|    entropy_loss         | -0.11        |
|    explained_variance   | 0.941        |
|    learning_rate        | 0.0003       |
|    loss                 | -0.000394    |
|    n_updates            | 570          |
|    policy_gradient_loss | -0.00123     |
|    value_loss           | 0.000881     |
------------------------------------------
  step  240000/500000 ( 48.0%)  mean_rew=-0.001
------------------------------------------
| time/                   |              |
|    fps                  | 726          |
|    iterations           | 15           |
|    time_elapsed         | 84           |
|    total_timesteps      | 241664       |
| train/                  |              |
|    approx_kl            | 0.0005021598 |
|    clip_fraction        | 0.00732      |
|    clip_range           | 0.2          |
|    entropy_loss         | -0.114       |
|    explained_variance   | 0.978        |
|    learning_rate        | 0.0003       |
|    loss                 | -0.00178     |
|    n_updates            | 580          |
|    policy_gradient_loss | -0.000795    |
|    value_loss           | 0.000326     |
------------------------------------------
  step  245000/500000 ( 49.0%)  mean_rew=-0.002
-------------------------------------------
| time/                   |               |
|    fps                  | 724           |
|    iterations           | 16            |
|    time_elapsed         | 90            |
|    total_timesteps      | 245760        |
| train/                  |               |
|    approx_kl            | 0.00062512234 |
|    clip_fraction        | 0.00845       |
|    clip_range           | 0.2           |
|    entropy_loss         | -0.105        |
|    explained_variance   | 0.936         |
|    learning_rate        | 0.0003        |
|    loss                 | -0.0121       |
|    n_updates            | 590           |
|    policy_gradient_loss | -0.000604     |
|    value_loss           | 0.000907      |
-------------------------------------------
-------------------------------------------
| time/                   |               |
|    fps                  | 723           |
|    iterations           | 17            |
|    time_elapsed         | 96            |
|    total_timesteps      | 249856        |
| train/                  |               |
|    approx_kl            | 0.00085904443 |
|    clip_fraction        | 0.0114        |
|    clip_range           | 0.2           |
|    entropy_loss         | -0.108        |
|    explained_variance   | 0.936         |
|    learning_rate        | 0.0003        |
|    loss                 | 0.00148       |
|    n_updates            | 600           |
|    policy_gradient_loss | 1.51e-05      |
|    value_loss           | 0.000925      |
-------------------------------------------
  step  250000/500000 ( 50.0%)  mean_rew=-0.002
-------------------------------------------
| time/                   |               |
|    fps                  | 725           |
|    iterations           | 18            |
|    time_elapsed         | 101           |
|    total_timesteps      | 253952        |
| train/                  |               |
|    approx_kl            | 0.00068858603 |
|    clip_fraction        | 0.0062        |
|    clip_range           | 0.2           |
|    entropy_loss         | -0.0948       |
|    explained_variance   | 0.943         |
|    learning_rate        | 0.0003        |
|    loss                 | 0.000568      |
|    n_updates            | 610           |
|    policy_gradient_loss | -0.000301     |
|    value_loss           | 0.000813      |
-------------------------------------------
  step  255000/500000 ( 51.0%)  mean_rew=-0.002
-------------------------------------------
| time/                   |               |
|    fps                  | 723           |
|    iterations           | 19            |
|    time_elapsed         | 107           |
|    total_timesteps      | 258048        |
| train/                  |               |
|    approx_kl            | 0.00031530304 |
|    clip_fraction        | 0.00427       |
|    clip_range           | 0.2           |
|    entropy_loss         | -0.0949       |
|    explained_variance   | 0.979         |
|    learning_rate        | 0.0003        |
|    loss                 | 0.00122       |
|    n_updates            | 620           |
|    policy_gradient_loss | -0.000196     |
|    value_loss           | 0.000302      |
-------------------------------------------
  step  260000/500000 ( 52.0%)  mean_rew=-0.002
-------------------------------------------
| time/                   |               |
|    fps                  | 722           |
|    iterations           | 20            |
|    time_elapsed         | 113           |
|    total_timesteps      | 262144        |
| train/                  |               |
|    approx_kl            | 0.00019890339 |
|    clip_fraction        | 0.00518       |
|    clip_range           | 0.2           |
|    entropy_loss         | -0.0826       |
|    explained_variance   | 0.933         |
|    learning_rate        | 0.0003        |
|    loss                 | 0.000109      |
|    n_updates            | 630           |
|    policy_gradient_loss | -0.000345     |
|    value_loss           | 0.000976      |
-------------------------------------------
  step  265000/500000 ( 53.0%)  mean_rew=-0.001
-------------------------------------------
| time/                   |               |
|    fps                  | 723           |
|    iterations           | 21            |
|    time_elapsed         | 118           |
|    total_timesteps      | 266240        |
| train/                  |               |
|    approx_kl            | 0.00045252728 |
|    clip_fraction        | 0.00425       |
|    clip_range           | 0.2           |
|    entropy_loss         | -0.0896       |
|    explained_variance   | 0.934         |
|    learning_rate        | 0.0003        |
|    loss                 | -0.000666     |
|    n_updates            | 640           |
|    policy_gradient_loss | -0.000553     |
|    value_loss           | 0.000992      |
-------------------------------------------
  step  270000/500000 ( 54.0%)  mean_rew=-0.002
-------------------------------------------
| time/                   |               |
|    fps                  | 724           |
|    iterations           | 22            |
|    time_elapsed         | 124           |
|    total_timesteps      | 270336        |
| train/                  |               |
|    approx_kl            | 0.00017448772 |
|    clip_fraction        | 0.00317       |
|    clip_range           | 0.2           |
|    entropy_loss         | -0.0861       |
|    explained_variance   | 0.98          |
|    learning_rate        | 0.0003        |
|    loss                 | 0.00117       |
|    n_updates            | 650           |
|    policy_gradient_loss | -0.000871     |
|    value_loss           | 0.000286      |
-------------------------------------------
-------------------------------------------
| time/                   |               |
|    fps                  | 724           |
|    iterations           | 23            |
|    time_elapsed         | 129           |
|    total_timesteps      | 274432        |
| train/                  |               |
|    approx_kl            | 0.00097362447 |
|    clip_fraction        | 0.00713       |
|    clip_range           | 0.2           |
|    entropy_loss         | -0.0841       |
|    explained_variance   | 0.945         |
|    learning_rate        | 0.0003        |
|    loss                 | 0.000694      |
|    n_updates            | 660           |
|    policy_gradient_loss | -0.000566     |
|    value_loss           | 0.000792      |
-------------------------------------------
  step  275000/500000 ( 55.0%)  mean_rew=-0.002
------------------------------------------
| time/                   |              |
|    fps                  | 723          |
|    iterations           | 24           |
|    time_elapsed         | 135          |
|    total_timesteps      | 278528       |
| train/                  |              |
|    approx_kl            | 0.0011637587 |
|    clip_fraction        | 0.00986      |
|    clip_range           | 0.2          |
|    entropy_loss         | -0.091       |
|    explained_variance   | 0.937        |
|    learning_rate        | 0.0003       |
|    loss                 | 0.00171      |
|    n_updates            | 670          |
|    policy_gradient_loss | -0.000379    |
|    value_loss           | 0.000893     |
------------------------------------------
  step  280000/500000 ( 56.0%)  mean_rew=-0.001
------------------------------------------
| time/                   |              |
|    fps                  | 722          |
|    iterations           | 25           |
|    time_elapsed         | 141          |
|    total_timesteps      | 282624       |
| train/                  |              |
|    approx_kl            | 0.0005226912 |
|    clip_fraction        | 0.0104       |
|    clip_range           | 0.2          |
|    entropy_loss         | -0.0974      |
|    explained_variance   | 0.935        |
|    learning_rate        | 0.0003       |
|    loss                 | 0.000635     |
|    n_updates            | 680          |
|    policy_gradient_loss | -0.000355    |
|    value_loss           | 0.000889     |
------------------------------------------
  step  285000/500000 ( 57.0%)  mean_rew=-0.002
-----------------------------------------
| time/                   |             |
|    fps                  | 720         |
|    iterations           | 26          |
|    time_elapsed         | 147         |
|    total_timesteps      | 286720      |
| train/                  |             |
|    approx_kl            | 0.001042815 |
|    clip_fraction        | 0.0107      |
|    clip_range           | 0.2         |
|    entropy_loss         | -0.103      |
|    explained_variance   | 0.978       |
|    learning_rate        | 0.0003      |
|    loss                 | 0.000257    |
|    n_updates            | 690         |
|    policy_gradient_loss | -0.000698   |
|    value_loss           | 0.0003      |
-----------------------------------------
  step  290000/500000 ( 58.0%)  mean_rew=-0.002
------------------------------------------
| time/                   |              |
|    fps                  | 719          |
|    iterations           | 27           |
|    time_elapsed         | 153          |
|    total_timesteps      | 290816       |
| train/                  |              |
|    approx_kl            | 0.0026106983 |
|    clip_fraction        | 0.026        |
|    clip_range           | 0.2          |
|    entropy_loss         | -0.114       |
|    explained_variance   | 0.942        |
|    learning_rate        | 0.0003       |
|    loss                 | -0.00438     |
|    n_updates            | 700          |
|    policy_gradient_loss | -0.00056     |
|    value_loss           | 0.000792     |
------------------------------------------
------------------------------------------
| time/                   |              |
|    fps                  | 718          |
|    iterations           | 28           |
|    time_elapsed         | 159          |
|    total_timesteps      | 294912       |
| train/                  |              |
|    approx_kl            | 0.0009538056 |
|    clip_fraction        | 0.00818      |
|    clip_range           | 0.2          |
|    entropy_loss         | -0.108       |
|    explained_variance   | 0.939        |
|    learning_rate        | 0.0003       |
|    loss                 | 0.00104      |
|    n_updates            | 710          |
|    policy_gradient_loss | -0.000625    |
|    value_loss           | 0.000807     |
------------------------------------------
  step  295000/500000 ( 59.0%)  mean_rew=-0.001
------------------------------------------
| time/                   |              |
|    fps                  | 717          |
|    iterations           | 29           |
|    time_elapsed         | 165          |
|    total_timesteps      | 299008       |
| train/                  |              |
|    approx_kl            | 0.0011443077 |
|    clip_fraction        | 0.0171       |
|    clip_range           | 0.2          |
|    entropy_loss         | -0.101       |
|    explained_variance   | 0.977        |
|    learning_rate        | 0.0003       |
|    loss                 | 0.00111      |
|    n_updates            | 720          |
|    policy_gradient_loss | -0.000468    |
|    value_loss           | 0.000299     |
------------------------------------------
  step  300000/500000 ( 60.0%)  mean_rew=-0.002
------------------------------------------
| time/                   |              |
|    fps                  | 718          |
|    iterations           | 30           |
|    time_elapsed         | 171          |
|    total_timesteps      | 303104       |
| train/                  |              |
|    approx_kl            | 0.0011424031 |
|    clip_fraction        | 0.014        |
|    clip_range           | 0.2          |
|    entropy_loss         | -0.0923      |
|    explained_variance   | 0.943        |
|    learning_rate        | 0.0003       |
|    loss                 | 0.000119     |
|    n_updates            | 730          |
|    policy_gradient_loss | -0.000552    |
|    value_loss           | 0.000776     |
------------------------------------------
  step  305000/500000 ( 61.0%)  mean_rew=-0.003
-------------------------------------------
| time/                   |               |
|    fps                  | 716           |
|    iterations           | 31            |
|    time_elapsed         | 177           |
|    total_timesteps      | 307200        |
| train/                  |               |
|    approx_kl            | 0.00088860234 |
|    clip_fraction        | 0.00635       |
|    clip_range           | 0.2           |
|    entropy_loss         | -0.0886       |
|    explained_variance   | 0.935         |
|    learning_rate        | 0.0003        |
|    loss                 | 0.000403      |
|    n_updates            | 740           |
|    policy_gradient_loss | -0.000275     |
|    value_loss           | 0.000853      |
-------------------------------------------
  Stage 3 saved -> cologne8_ppo_stage3_75pct.zip

────────────────────────────────────────────────────────────
  Stage 4/4  100% demand  200000 steps  (cumulative -> 500000)
  Route: cologne8_rand_100pct.rou.xml
────────────────────────────────────────────────────────────
  step  310000/500000 ( 62.0%)  mean_rew=-0.002
-------------------------------
| time/              |        |
|    fps             | 968    |
|    iterations      | 1      |
|    time_elapsed    | 4      |
|    total_timesteps | 311296 |
-------------------------------
  step  315000/500000 ( 63.0%)  mean_rew=-0.002
-----------------------------------------
| time/                   |             |
|    fps                  | 777         |
|    iterations           | 2           |
|    time_elapsed         | 10          |
|    total_timesteps      | 315392      |
| train/                  |             |
|    approx_kl            | 0.002232081 |
|    clip_fraction        | 0.0147      |
|    clip_range           | 0.2         |
|    entropy_loss         | -0.0619     |
|    explained_variance   | 0.94        |
|    learning_rate        | 0.0003      |
|    loss                 | 0.0012      |
|    n_updates            | 760         |
|    policy_gradient_loss | -0.00063    |
|    value_loss           | 0.000803    |
-----------------------------------------
------------------------------------------
| time/                   |              |
|    fps                  | 743          |
|    iterations           | 3            |
|    time_elapsed         | 16           |
|    total_timesteps      | 319488       |
| train/                  |              |
|    approx_kl            | 0.0003042688 |
|    clip_fraction        | 0.00415      |
|    clip_range           | 0.2          |
|    entropy_loss         | -0.0635      |
|    explained_variance   | 0.936        |
|    learning_rate        | 0.0003       |
|    loss                 | 0.000137     |
|    n_updates            | 770          |
|    policy_gradient_loss | -5.34e-05    |
|    value_loss           | 0.00111      |
------------------------------------------
  step  320000/500000 ( 64.0%)  mean_rew=-0.002
-------------------------------------------
| time/                   |               |
|    fps                  | 787           |
|    iterations           | 4             |
|    time_elapsed         | 20            |
|    total_timesteps      | 323584        |
| train/                  |               |
|    approx_kl            | 0.00047728312 |
|    clip_fraction        | 0.00537       |
|    clip_range           | 0.2           |
|    entropy_loss         | -0.0634       |
|    explained_variance   | 0.936         |
|    learning_rate        | 0.0003        |
|    loss                 | 2.49e-05      |
|    n_updates            | 780           |
|    policy_gradient_loss | -0.000117     |
|    value_loss           | 0.00122       |
-------------------------------------------
  step  325000/500000 ( 65.0%)  mean_rew=-0.003
-----------------------------------------
| time/                   |             |
|    fps                  | 837         |
|    iterations           | 5           |
|    time_elapsed         | 24          |
|    total_timesteps      | 327680      |
| train/                  |             |
|    approx_kl            | 0.008660366 |
|    clip_fraction        | 0.0182      |
|    clip_range           | 0.2         |
|    entropy_loss         | -0.088      |
|    explained_variance   | 0.968       |
|    learning_rate        | 0.0003      |
|    loss                 | -0.0136     |
|    n_updates            | 790         |
|    policy_gradient_loss | 0.00229     |
|    value_loss           | 0.000527    |
-----------------------------------------
  step  330000/500000 ( 66.0%)  mean_rew=-0.003
------------------------------------------
| time/                   |              |
|    fps                  | 872          |
|    iterations           | 6            |
|    time_elapsed         | 28           |
|    total_timesteps      | 331776       |
| train/                  |              |
|    approx_kl            | 0.0002416418 |
|    clip_fraction        | 0.00884      |
|    clip_range           | 0.2          |
|    entropy_loss         | -0.0893      |
|    explained_variance   | 0.932        |
|    learning_rate        | 0.0003       |
|    loss                 | -0.000807    |
|    n_updates            | 800          |
|    policy_gradient_loss | -0.000954    |
|    value_loss           | 0.00169      |
------------------------------------------
  step  335000/500000 ( 67.0%)  mean_rew=-0.002
-------------------------------------------
| time/                   |               |
|    fps                  | 900           |
|    iterations           | 7             |
|    time_elapsed         | 31            |
|    total_timesteps      | 335872        |
| train/                  |               |
|    approx_kl            | 0.00041148328 |
|    clip_fraction        | 0.0062        |
|    clip_range           | 0.2           |
|    entropy_loss         | -0.0754       |
|    explained_variance   | 0.938         |
|    learning_rate        | 0.0003        |
|    loss                 | -0.00409      |
|    n_updates            | 810           |
|    policy_gradient_loss | -0.000271     |
|    value_loss           | 0.00175       |
-------------------------------------------
-------------------------------------------
| time/                   |               |
|    fps                  | 919           |
|    iterations           | 8             |
|    time_elapsed         | 35            |
|    total_timesteps      | 339968        |
| train/                  |               |
|    approx_kl            | 0.00041285995 |
|    clip_fraction        | 0.00518       |
|    clip_range           | 0.2           |
|    entropy_loss         | -0.0692       |
|    explained_variance   | 0.98          |
|    learning_rate        | 0.0003        |
|    loss                 | 0.00115       |
|    n_updates            | 820           |
|    policy_gradient_loss | -0.000386     |
|    value_loss           | 0.000473      |
-------------------------------------------
  step  340000/500000 ( 68.0%)  mean_rew=-0.003
------------------------------------------
| time/                   |              |
|    fps                  | 940          |
|    iterations           | 9            |
|    time_elapsed         | 39           |
|    total_timesteps      | 344064       |
| train/                  |              |
|    approx_kl            | 0.0005464915 |
|    clip_fraction        | 0.00581      |
|    clip_range           | 0.2          |
|    entropy_loss         | -0.0665      |
|    explained_variance   | 0.951        |
|    learning_rate        | 0.0003       |
|    loss                 | 0.00178      |
|    n_updates            | 830          |
|    policy_gradient_loss | -0.000464    |
|    value_loss           | 0.00146      |
------------------------------------------
  step  345000/500000 ( 69.0%)  mean_rew=-0.002
-------------------------------------------
| time/                   |               |
|    fps                  | 955           |
|    iterations           | 10            |
|    time_elapsed         | 42            |
|    total_timesteps      | 348160        |
| train/                  |               |
|    approx_kl            | 0.00019022045 |
|    clip_fraction        | 0.00415       |
|    clip_range           | 0.2           |
|    entropy_loss         | -0.0633       |
|    explained_variance   | 0.945         |
|    learning_rate        | 0.0003        |
|    loss                 | 0.000918      |
|    n_updates            | 840           |
|    policy_gradient_loss | -0.000478     |
|    value_loss           | 0.00168       |
-------------------------------------------
  step  350000/500000 ( 70.0%)  mean_rew=-0.002
------------------------------------------
| time/                   |              |
|    fps                  | 969          |
|    iterations           | 11           |
|    time_elapsed         | 46           |
|    total_timesteps      | 352256       |
| train/                  |              |
|    approx_kl            | 0.0004925819 |
|    clip_fraction        | 0.00745      |
|    clip_range           | 0.2          |
|    entropy_loss         | -0.0588      |
|    explained_variance   | 0.941        |
|    learning_rate        | 0.0003       |
|    loss                 | 2.41e-05     |
|    n_updates            | 850          |
|    policy_gradient_loss | -0.00111     |
|    value_loss           | 0.00183      |
------------------------------------------
  step  355000/500000 ( 71.0%)  mean_rew=-0.003
------------------------------------------
| time/                   |              |
|    fps                  | 980          |
|    iterations           | 12           |
|    time_elapsed         | 50           |
|    total_timesteps      | 356352       |
| train/                  |              |
|    approx_kl            | 0.0006165907 |
|    clip_fraction        | 0.00398      |
|    clip_range           | 0.2          |
|    entropy_loss         | -0.0616      |
|    explained_variance   | 0.981        |
|    learning_rate        | 0.0003       |
|    loss                 | -0.000614    |
|    n_updates            | 860          |
|    policy_gradient_loss | -0.000502    |
|    value_loss           | 0.000557     |
------------------------------------------
  step  360000/500000 ( 72.0%)  mean_rew=-0.003
-------------------------------------------
| time/                   |               |
|    fps                  | 991           |
|    iterations           | 13            |
|    time_elapsed         | 53            |
|    total_timesteps      | 360448        |
| train/                  |               |
|    approx_kl            | 0.00086094276 |
|    clip_fraction        | 0.00637       |
|    clip_range           | 0.2           |
|    entropy_loss         | -0.0702       |
|    explained_variance   | 0.954         |
|    learning_rate        | 0.0003        |
|    loss                 | -5.13e-05     |
|    n_updates            | 870           |
|    policy_gradient_loss | -0.000311     |
|    value_loss           | 0.00158       |
-------------------------------------------
-------------------------------------------
| time/                   |               |
|    fps                  | 1000          |
|    iterations           | 14            |
|    time_elapsed         | 57            |
|    total_timesteps      | 364544        |
| train/                  |               |
|    approx_kl            | 0.00043127945 |
|    clip_fraction        | 0.00652       |
|    clip_range           | 0.2           |
|    entropy_loss         | -0.0752       |
|    explained_variance   | 0.954         |
|    learning_rate        | 0.0003        |
|    loss                 | 6.88e-05      |
|    n_updates            | 880           |
|    policy_gradient_loss | -0.000121     |
|    value_loss           | 0.00159       |
-------------------------------------------
  step  365000/500000 ( 73.0%)  mean_rew=-0.001
-------------------------------------------
| time/                   |               |
|    fps                  | 1007          |
|    iterations           | 15            |
|    time_elapsed         | 61            |
|    total_timesteps      | 368640        |
| train/                  |               |
|    approx_kl            | 0.00042704522 |
|    clip_fraction        | 0.00645       |
|    clip_range           | 0.2           |
|    entropy_loss         | -0.0771       |
|    explained_variance   | 0.984         |
|    learning_rate        | 0.0003        |
|    loss                 | 0.00286       |
|    n_updates            | 890           |
|    policy_gradient_loss | -0.000417     |
|    value_loss           | 0.000557      |
-------------------------------------------
  step  370000/500000 ( 74.0%)  mean_rew=-0.002
-------------------------------------------
| time/                   |               |
|    fps                  | 1014          |
|    iterations           | 16            |
|    time_elapsed         | 64            |
|    total_timesteps      | 372736        |
| train/                  |               |
|    approx_kl            | 0.00025042167 |
|    clip_fraction        | 0.00383       |
|    clip_range           | 0.2           |
|    entropy_loss         | -0.0734       |
|    explained_variance   | 0.951         |
|    learning_rate        | 0.0003        |
|    loss                 | 0.000902      |
|    n_updates            | 900           |
|    policy_gradient_loss | -3.14e-05     |
|    value_loss           | 0.00173       |
-------------------------------------------
  step  375000/500000 ( 75.0%)  mean_rew=-0.003
-------------------------------------------
| time/                   |               |
|    fps                  | 1021          |
|    iterations           | 17            |
|    time_elapsed         | 68            |
|    total_timesteps      | 376832        |
| train/                  |               |
|    approx_kl            | 0.00029320706 |
|    clip_fraction        | 0.00344       |
|    clip_range           | 0.2           |
|    entropy_loss         | -0.0686       |
|    explained_variance   | 0.946         |
|    learning_rate        | 0.0003        |
|    loss                 | -0.00036      |
|    n_updates            | 910           |
|    policy_gradient_loss | -0.000159     |
|    value_loss           | 0.00181       |
-------------------------------------------
  step  380000/500000 ( 76.0%)  mean_rew=-0.002
-----------------------------------------
| time/                   |             |
|    fps                  | 1028        |
|    iterations           | 18          |
|    time_elapsed         | 71          |
|    total_timesteps      | 380928      |
| train/                  |             |
|    approx_kl            | 0.001348116 |
|    clip_fraction        | 0.00706     |
|    clip_range           | 0.2         |
|    entropy_loss         | -0.0621     |
|    explained_variance   | 0.948       |
|    learning_rate        | 0.0003      |
|    loss                 | 0.00195     |
|    n_updates            | 920         |
|    policy_gradient_loss | -0.000513   |
|    value_loss           | 0.00163     |
-----------------------------------------
  step  385000/500000 ( 77.0%)  mean_rew=-0.002
------------------------------------------
| time/                   |              |
|    fps                  | 1033         |
|    iterations           | 19           |
|    time_elapsed         | 75           |
|    total_timesteps      | 385024       |
| train/                  |              |
|    approx_kl            | 0.0010318558 |
|    clip_fraction        | 0.00566      |
|    clip_range           | 0.2          |
|    entropy_loss         | -0.0613      |
|    explained_variance   | 0.977        |
|    learning_rate        | 0.0003       |
|    loss                 | 0.000897     |
|    n_updates            | 930          |
|    policy_gradient_loss | -0.000352    |
|    value_loss           | 0.000702     |
------------------------------------------
-------------------------------------------
| time/                   |               |
|    fps                  | 1037          |
|    iterations           | 20            |
|    time_elapsed         | 78            |
|    total_timesteps      | 389120        |
| train/                  |               |
|    approx_kl            | 0.00019281461 |
|    clip_fraction        | 0.00618       |
|    clip_range           | 0.2           |
|    entropy_loss         | -0.0582       |
|    explained_variance   | 0.943         |
|    learning_rate        | 0.0003        |
|    loss                 | -0.00145      |
|    n_updates            | 940           |
|    policy_gradient_loss | -0.000213     |
|    value_loss           | 0.00177       |
-------------------------------------------
  step  390000/500000 ( 78.0%)  mean_rew=-0.001
-------------------------------------------
| time/                   |               |
|    fps                  | 1041          |
|    iterations           | 21            |
|    time_elapsed         | 82            |
|    total_timesteps      | 393216        |
| train/                  |               |
|    approx_kl            | 0.00033973495 |
|    clip_fraction        | 0.00493       |
|    clip_range           | 0.2           |
|    entropy_loss         | -0.0539       |
|    explained_variance   | 0.944         |
|    learning_rate        | 0.0003        |
|    loss                 | -0.0013       |
|    n_updates            | 950           |
|    policy_gradient_loss | -0.00027      |
|    value_loss           | 0.00172       |
-------------------------------------------
  step  395000/500000 ( 79.0%)  mean_rew=-0.002
-------------------------------------------
| time/                   |               |
|    fps                  | 1046          |
|    iterations           | 22            |
|    time_elapsed         | 86            |
|    total_timesteps      | 397312        |
| train/                  |               |
|    approx_kl            | 0.00015930952 |
|    clip_fraction        | 0.00159       |
|    clip_range           | 0.2           |
|    entropy_loss         | -0.0557       |
|    explained_variance   | 0.979         |
|    learning_rate        | 0.0003        |
|    loss                 | 0.00111       |
|    n_updates            | 960           |
|    policy_gradient_loss | 0.000166      |
|    value_loss           | 0.000606      |
-------------------------------------------
  step  400000/500000 ( 80.0%)  mean_rew=-0.002
-------------------------------------------
| time/                   |               |
|    fps                  | 1050          |
|    iterations           | 23            |
|    time_elapsed         | 89            |
|    total_timesteps      | 401408        |
| train/                  |               |
|    approx_kl            | 0.00054641784 |
|    clip_fraction        | 0.00603       |
|    clip_range           | 0.2           |
|    entropy_loss         | -0.0455       |
|    explained_variance   | 0.946         |
|    learning_rate        | 0.0003        |
|    loss                 | 3.39e-05      |
|    n_updates            | 970           |
|    policy_gradient_loss | -0.000483     |
|    value_loss           | 0.00162       |
-------------------------------------------
  step  405000/500000 ( 81.0%)  mean_rew=-0.003
-------------------------------------------
| time/                   |               |
|    fps                  | 1054          |
|    iterations           | 24            |
|    time_elapsed         | 93            |
|    total_timesteps      | 405504        |
| train/                  |               |
|    approx_kl            | 0.00030577125 |
|    clip_fraction        | 0.00337       |
|    clip_range           | 0.2           |
|    entropy_loss         | -0.0392       |
|    explained_variance   | 0.943         |
|    learning_rate        | 0.0003        |
|    loss                 | 0.000338      |
|    n_updates            | 980           |
|    policy_gradient_loss | -0.000324     |
|    value_loss           | 0.00169       |
-------------------------------------------
------------------------------------------
| time/                   |              |
|    fps                  | 1057         |
|    iterations           | 25           |
|    time_elapsed         | 96           |
|    total_timesteps      | 409600       |
| train/                  |              |
|    approx_kl            | 0.0002292401 |
|    clip_fraction        | 0.00398      |
|    clip_range           | 0.2          |
|    entropy_loss         | -0.0371      |
|    explained_variance   | 0.948        |
|    learning_rate        | 0.0003       |
|    loss                 | 0.000911     |
|    n_updates            | 990          |
|    policy_gradient_loss | -0.00015     |
|    value_loss           | 0.00153      |
------------------------------------------
  step  410000/500000 ( 82.0%)  mean_rew=-0.002
------------------------------------------
| time/                   |              |
|    fps                  | 1059         |
|    iterations           | 26           |
|    time_elapsed         | 100          |
|    total_timesteps      | 413696       |
| train/                  |              |
|    approx_kl            | 0.0034121913 |
|    clip_fraction        | 0.0135       |
|    clip_range           | 0.2          |
|    entropy_loss         | -0.0506      |
|    explained_variance   | 0.973        |
|    learning_rate        | 0.0003       |
|    loss                 | -0.00489     |
|    n_updates            | 1000         |
|    policy_gradient_loss | -0.00161     |
|    value_loss           | 0.000796     |
------------------------------------------
  step  415000/500000 ( 83.0%)  mean_rew=-0.002
-------------------------------------------
| time/                   |               |
|    fps                  | 1063          |
|    iterations           | 27            |
|    time_elapsed         | 103           |
|    total_timesteps      | 417792        |
| train/                  |               |
|    approx_kl            | 0.00052158313 |
|    clip_fraction        | 0.00884       |
|    clip_range           | 0.2           |
|    entropy_loss         | -0.0679       |
|    explained_variance   | 0.949         |
|    learning_rate        | 0.0003        |
|    loss                 | -0.000345     |
|    n_updates            | 1010          |
|    policy_gradient_loss | -0.000344     |
|    value_loss           | 0.0016        |
-------------------------------------------
  step  420000/500000 ( 84.0%)  mean_rew=-0.002
------------------------------------------
| time/                   |              |
|    fps                  | 1065         |
|    iterations           | 28           |
|    time_elapsed         | 107          |
|    total_timesteps      | 421888       |
| train/                  |              |
|    approx_kl            | 0.0004622371 |
|    clip_fraction        | 0.00898      |
|    clip_range           | 0.2          |
|    entropy_loss         | -0.0582      |
|    explained_variance   | 0.947        |
|    learning_rate        | 0.0003       |
|    loss                 | 0.0055       |
|    n_updates            | 1020         |
|    policy_gradient_loss | -0.000596    |
|    value_loss           | 0.00168      |
------------------------------------------
  step  425000/500000 ( 85.0%)  mean_rew=-0.002
-------------------------------------------
| time/                   |               |
|    fps                  | 1068          |
|    iterations           | 29            |
|    time_elapsed         | 111           |
|    total_timesteps      | 425984        |
| train/                  |               |
|    approx_kl            | 0.00048088148 |
|    clip_fraction        | 0.00718       |
|    clip_range           | 0.2           |
|    entropy_loss         | -0.0545       |
|    explained_variance   | 0.986         |
|    learning_rate        | 0.0003        |
|    loss                 | -0.00171      |
|    n_updates            | 1030          |
|    policy_gradient_loss | -0.000737     |
|    value_loss           | 0.00044       |
-------------------------------------------
  step  430000/500000 ( 86.0%)  mean_rew=-0.004
------------------------------------------
| time/                   |              |
|    fps                  | 1070         |
|    iterations           | 30           |
|    time_elapsed         | 114          |
|    total_timesteps      | 430080       |
| train/                  |              |
|    approx_kl            | 0.0005530374 |
|    clip_fraction        | 0.00513      |
|    clip_range           | 0.2          |
|    entropy_loss         | -0.0597      |
|    explained_variance   | 0.952        |
|    learning_rate        | 0.0003       |
|    loss                 | -0.0004      |
|    n_updates            | 1040         |
|    policy_gradient_loss | -0.0005      |
|    value_loss           | 0.00161      |
------------------------------------------
------------------------------------------
| time/                   |              |
|    fps                  | 1071         |
|    iterations           | 31           |
|    time_elapsed         | 118          |
|    total_timesteps      | 434176       |
| train/                  |              |
|    approx_kl            | 0.0006917924 |
|    clip_fraction        | 0.00671      |
|    clip_range           | 0.2          |
|    entropy_loss         | -0.0593      |
|    explained_variance   | 0.95         |
|    learning_rate        | 0.0003       |
|    loss                 | -0.00536     |
|    n_updates            | 1050         |
|    policy_gradient_loss | -0.00128     |
|    value_loss           | 0.00176      |
------------------------------------------
  step  435000/500000 ( 87.0%)  mean_rew=-0.003
-------------------------------------------
| time/                   |               |
|    fps                  | 1073          |
|    iterations           | 32            |
|    time_elapsed         | 122           |
|    total_timesteps      | 438272        |
| train/                  |               |
|    approx_kl            | 0.00030024775 |
|    clip_fraction        | 0.00676       |
|    clip_range           | 0.2           |
|    entropy_loss         | -0.058        |
|    explained_variance   | 0.942         |
|    learning_rate        | 0.0003        |
|    loss                 | -0.00588      |
|    n_updates            | 1060          |
|    policy_gradient_loss | -0.00126      |
|    value_loss           | 0.00216       |
-------------------------------------------
  step  440000/500000 ( 88.0%)  mean_rew=-0.003
------------------------------------------
| time/                   |              |
|    fps                  | 1075         |
|    iterations           | 33           |
|    time_elapsed         | 125          |
|    total_timesteps      | 442368       |
| train/                  |              |
|    approx_kl            | 0.0003726671 |
|    clip_fraction        | 0.00496      |
|    clip_range           | 0.2          |
|    entropy_loss         | -0.0591      |
|    explained_variance   | 0.985        |
|    learning_rate        | 0.0003       |
|    loss                 | -0.00101     |
|    n_updates            | 1070         |
|    policy_gradient_loss | -0.000449    |
|    value_loss           | 0.000537     |
------------------------------------------
  step  445000/500000 ( 89.0%)  mean_rew=-0.003
------------------------------------------
| time/                   |              |
|    fps                  | 1077         |
|    iterations           | 34           |
|    time_elapsed         | 129          |
|    total_timesteps      | 446464       |
| train/                  |              |
|    approx_kl            | 0.0004566309 |
|    clip_fraction        | 0.00654      |
|    clip_range           | 0.2          |
|    entropy_loss         | -0.062       |
|    explained_variance   | 0.956        |
|    learning_rate        | 0.0003       |
|    loss                 | 0.00115      |
|    n_updates            | 1080         |
|    policy_gradient_loss | -0.000961    |
|    value_loss           | 0.00167      |
------------------------------------------
  step  450000/500000 ( 90.0%)  mean_rew=-0.002
------------------------------------------
| time/                   |              |
|    fps                  | 1079         |
|    iterations           | 35           |
|    time_elapsed         | 132          |
|    total_timesteps      | 450560       |
| train/                  |              |
|    approx_kl            | 0.0051982645 |
|    clip_fraction        | 0.0181       |
|    clip_range           | 0.2          |
|    entropy_loss         | -0.0688      |
|    explained_variance   | 0.946        |
|    learning_rate        | 0.0003       |
|    loss                 | -0.00215     |
|    n_updates            | 1090         |
|    policy_gradient_loss | -0.00321     |
|    value_loss           | 0.00211      |
------------------------------------------
-------------------------------------------
| time/                   |               |
|    fps                  | 1080          |
|    iterations           | 36            |
|    time_elapsed         | 136           |
|    total_timesteps      | 454656        |
| train/                  |               |
|    approx_kl            | 0.00042799587 |
|    clip_fraction        | 0.00723       |
|    clip_range           | 0.2           |
|    entropy_loss         | -0.0759       |
|    explained_variance   | 0.987         |
|    learning_rate        | 0.0003        |
|    loss                 | -0.00339      |
|    n_updates            | 1100          |
|    policy_gradient_loss | -0.000266     |
|    value_loss           | 0.000486      |
-------------------------------------------
  step  455000/500000 ( 91.0%)  mean_rew=-0.002
-------------------------------------------
| time/                   |               |
|    fps                  | 1082          |
|    iterations           | 37            |
|    time_elapsed         | 139           |
|    total_timesteps      | 458752        |
| train/                  |               |
|    approx_kl            | 0.00039463982 |
|    clip_fraction        | 0.00488       |
|    clip_range           | 0.2           |
|    entropy_loss         | -0.0733       |
|    explained_variance   | 0.949         |
|    learning_rate        | 0.0003        |
|    loss                 | 0.00196       |
|    n_updates            | 1110          |
|    policy_gradient_loss | -0.000188     |
|    value_loss           | 0.00203       |
-------------------------------------------
  step  460000/500000 ( 92.0%)  mean_rew=-0.002
-------------------------------------------
| time/                   |               |
|    fps                  | 1084          |
|    iterations           | 38            |
|    time_elapsed         | 143           |
|    total_timesteps      | 462848        |
| train/                  |               |
|    approx_kl            | 0.00091290195 |
|    clip_fraction        | 0.0155        |
|    clip_range           | 0.2           |
|    entropy_loss         | -0.0625       |
|    explained_variance   | 0.951         |
|    learning_rate        | 0.0003        |
|    loss                 | -0.000413     |
|    n_updates            | 1120          |
|    policy_gradient_loss | -0.00146      |
|    value_loss           | 0.00192       |
-------------------------------------------
  step  465000/500000 ( 93.0%)  mean_rew=-0.002
-------------------------------------------
| time/                   |               |
|    fps                  | 1086          |
|    iterations           | 39            |
|    time_elapsed         | 147           |
|    total_timesteps      | 466944        |
| train/                  |               |
|    approx_kl            | 0.00028392268 |
|    clip_fraction        | 0.00488       |
|    clip_range           | 0.2           |
|    entropy_loss         | -0.0517       |
|    explained_variance   | 0.951         |
|    learning_rate        | 0.0003        |
|    loss                 | -0.00255      |
|    n_updates            | 1130          |
|    policy_gradient_loss | -0.000549     |
|    value_loss           | 0.00167       |
-------------------------------------------
  step  470000/500000 ( 94.0%)  mean_rew=-0.002
------------------------------------------
| time/                   |              |
|    fps                  | 1087         |
|    iterations           | 40           |
|    time_elapsed         | 150          |
|    total_timesteps      | 471040       |
| train/                  |              |
|    approx_kl            | 0.0001370662 |
|    clip_fraction        | 0.002        |
|    clip_range           | 0.2          |
|    entropy_loss         | -0.0487      |
|    explained_variance   | 0.979        |
|    learning_rate        | 0.0003       |
|    loss                 | 0.00434      |
|    n_updates            | 1140         |
|    policy_gradient_loss | 0.000257     |
|    value_loss           | 0.000709     |
------------------------------------------
  step  475000/500000 ( 95.0%)  mean_rew=-0.003
-------------------------------------------
| time/                   |               |
|    fps                  | 1087          |
|    iterations           | 41            |
|    time_elapsed         | 154           |
|    total_timesteps      | 475136        |
| train/                  |               |
|    approx_kl            | 0.00037997332 |
|    clip_fraction        | 0.00417       |
|    clip_range           | 0.2           |
|    entropy_loss         | -0.0511       |
|    explained_variance   | 0.941         |
|    learning_rate        | 0.0003        |
|    loss                 | 0.00309       |
|    n_updates            | 1150          |
|    policy_gradient_loss | -0.000261     |
|    value_loss           | 0.00222       |
-------------------------------------------
-------------------------------------------
| time/                   |               |
|    fps                  | 1088          |
|    iterations           | 42            |
|    time_elapsed         | 158           |
|    total_timesteps      | 479232        |
| train/                  |               |
|    approx_kl            | 0.00041005178 |
|    clip_fraction        | 0.00559       |
|    clip_range           | 0.2           |
|    entropy_loss         | -0.0468       |
|    explained_variance   | 0.947         |
|    learning_rate        | 0.0003        |
|    loss                 | 0.00085       |
|    n_updates            | 1160          |
|    policy_gradient_loss | -0.000431     |
|    value_loss           | 0.00197       |
-------------------------------------------
  step  480000/500000 ( 96.0%)  mean_rew=-0.002
-------------------------------------------
| time/                   |               |
|    fps                  | 1089          |
|    iterations           | 43            |
|    time_elapsed         | 161           |
|    total_timesteps      | 483328        |
| train/                  |               |
|    approx_kl            | 0.00079546974 |
|    clip_fraction        | 0.00813       |
|    clip_range           | 0.2           |
|    entropy_loss         | -0.04         |
|    explained_variance   | 0.987         |
|    learning_rate        | 0.0003        |
|    loss                 | -0.00045      |
|    n_updates            | 1170          |
|    policy_gradient_loss | -0.00107      |
|    value_loss           | 0.000445      |
-------------------------------------------
  step  485000/500000 ( 97.0%)  mean_rew=-0.002
------------------------------------------
| time/                   |              |
|    fps                  | 1090         |
|    iterations           | 44           |
|    time_elapsed         | 165          |
|    total_timesteps      | 487424       |
| train/                  |              |
|    approx_kl            | 0.0003750315 |
|    clip_fraction        | 0.00273      |
|    clip_range           | 0.2          |
|    entropy_loss         | -0.0339      |
|    explained_variance   | 0.954        |
|    learning_rate        | 0.0003       |
|    loss                 | -0.000116    |
|    n_updates            | 1180         |
|    policy_gradient_loss | -0.00021     |
|    value_loss           | 0.0016       |
------------------------------------------
  step  490000/500000 ( 98.0%)  mean_rew=-0.002
--------------------------------------------
| time/                   |                |
|    fps                  | 1091           |
|    iterations           | 45             |
|    time_elapsed         | 168            |
|    total_timesteps      | 491520         |
| train/                  |                |
|    approx_kl            | 0.000107631524 |
|    clip_fraction        | 0.00129        |
|    clip_range           | 0.2            |
|    entropy_loss         | -0.032         |
|    explained_variance   | 0.945          |
|    learning_rate        | 0.0003         |
|    loss                 | 0.00119        |
|    n_updates            | 1190           |
|    policy_gradient_loss | 7.57e-05       |
|    value_loss           | 0.00176        |
--------------------------------------------
  step  495000/500000 ( 99.0%)  mean_rew=-0.004
-------------------------------------------
| time/                   |               |
|    fps                  | 1092          |
|    iterations           | 46            |
|    time_elapsed         | 172           |
|    total_timesteps      | 495616        |
| train/                  |               |
|    approx_kl            | 0.00016106789 |
|    clip_fraction        | 0.00134       |
|    clip_range           | 0.2           |
|    entropy_loss         | -0.0317       |
|    explained_variance   | 0.949         |
|    learning_rate        | 0.0003        |
|    loss                 | 0.000469      |
|    n_updates            | 1200          |
|    policy_gradient_loss | 9.64e-05      |
|    value_loss           | 0.00154       |
-------------------------------------------
------------------------------------------
| time/                   |              |
|    fps                  | 1093         |
|    iterations           | 47           |
|    time_elapsed         | 175          |
|    total_timesteps      | 499712       |
| train/                  |              |
|    approx_kl            | 0.0014607955 |
|    clip_fraction        | 0.00488      |
|    clip_range           | 0.2          |
|    entropy_loss         | -0.0352      |
|    explained_variance   | 0.979        |
|    learning_rate        | 0.0003       |
|    loss                 | -0.00556     |
|    n_updates            | 1210         |
|    policy_gradient_loss | -0.00121     |
|    value_loss           | 0.000625     |
------------------------------------------
  step  500000/500000 (100.0%)  mean_rew=-0.002
-------------------------------------------
| time/                   |               |
|    fps                  | 1095          |
|    iterations           | 48            |
|    time_elapsed         | 179           |
|    total_timesteps      | 503808        |
| train/                  |               |
|    approx_kl            | 0.00021344094 |
|    clip_fraction        | 0.00461       |
|    clip_range           | 0.2           |
|    entropy_loss         | -0.0442       |
|    explained_variance   | 0.947         |
|    learning_rate        | 0.0003        |
|    loss                 | -0.00122      |
|    n_updates            | 1220          |
|    policy_gradient_loss | -0.000614     |
|    value_loss           | 0.00164       |
-------------------------------------------
  step  505000/500000 (101.0%)  mean_rew=-0.002
-------------------------------------------
| time/                   |               |
|    fps                  | 1096          |
|    iterations           | 49            |
|    time_elapsed         | 183           |
|    total_timesteps      | 507904        |
| train/                  |               |
|    approx_kl            | 0.00041164813 |
|    clip_fraction        | 0.00176       |
|    clip_range           | 0.2           |
|    entropy_loss         | -0.0425       |
|    explained_variance   | 0.946         |
|    learning_rate        | 0.0003        |
|    loss                 | 0.000551      |
|    n_updates            | 1230          |
|    policy_gradient_loss | -0.00028      |
|    value_loss           | 0.00174       |
-------------------------------------------
  Stage 4 saved -> cologne8_ppo_stage4_100pct.zip

[cologne8-PPO] Curriculum done.
  Final model -> /workspace/rl-traffic/exp_cologne8_rand_curr/ppo_pressure_s777/cologne8_ppo_final_model.zip
  Total steps : 500000
