timestep,loss,value_loss,entropy_loss,approx_kl,clip_fraction,explained_variance,policy_gradient_loss
200,,,,,,,
400,59.99839401245117,116.39901390075684,-3.6888769447803496,1.1205674e-07,0.0,0.0550193190574646,-0.00013203377921833237
600,68.6373062133789,135.72009143829345,-3.688875949382782,2.0593406e-07,0.0,-0.07366287708282471,-0.00014266371127291677
800,62.51314926147461,127.0248598098755,-3.688875341415405,2.1487475e-07,0.0,0.09259229898452759,-0.0001326081015078806
1000,66.2537612915039,132.19375400543214,-3.688875067234039,3.0010938e-07,0.0,-0.06534838676452637,-0.0001646515723875197
1200,62.89552688598633,124.0598045349121,-3.6888744652271273,2.0682812e-07,0.0,0.0030231475830078125,-0.00012846282112874974
1400,54.60404968261719,108.72371692657471,-3.688874226808548,2.8163197e-07,0.0,-0.08916151523590088,-0.00015617548021467086
1600,58.233360290527344,111.76823501586914,-3.688874399662018,3.451109e-07,0.0,0.0639083981513977,-0.00018437314712826947
1800,71.2522964477539,137.33975353240967,-3.68887397646904,1.9401313e-07,0.0,-0.021768927574157715,-0.0001283686897775027
2000,52.98064422607422,98.0961462020874,-3.6888735413551332,1.9550323e-07,0.0,-0.05190587043762207,-0.0001291582889477283
2200,60.91926574707031,119.99899101257324,-3.6888736486434937,1.8984079e-07,0.0,-0.0035636425018310547,-0.00012041022657065526
2400,64.17648315429688,129.51995658874512,-3.688873839378357,9.8943715e-08,0.0,-0.08192074298858643,-8.095873905462625e-05
2600,59.838138580322266,113.61128578186035,-3.6888736844062806,1.9848346e-07,0.0,-0.006693124771118164,-0.0001307466340445984
2800,71.40625762939453,148.12870178222656,-3.688873416185379,2.3633243e-07,0.0,0.005497932434082031,-0.0001576947200927492
3000,67.98416900634766,132.5368553161621,-3.688873165845871,2.1755696e-07,0.0,0.09209877252578735,-0.0001273828069811911
3200,64.0096664428711,127.52875232696533,-3.6888725817203523,2.6166438e-07,0.0,-0.031290292739868164,-0.00014057025356617459
3400,48.156036376953125,89.88263568878173,-3.6888723611831664,4.336238e-07,0.0,0.04349994659423828,-0.0002198470385636142
3600,64.94120788574219,130.91775531768798,-3.6888722240924836,1.8596648e-07,0.0,-0.01712656021118164,-0.00011983049010595437
3800,63.14067077636719,128.45427398681642,-3.6888722479343414,2.0176172e-07,0.0,-0.122702956199646,-0.00011331376359180467
4000,64.80366516113281,132.61731700897218,-3.6888724625110627,2.3275612e-07,0.0,-0.09320783615112305,-0.0001606555888866268
4200,67.98970031738281,132.2433530807495,-3.6888720214366915,2.0176172e-07,0.0,-0.023794054985046387,-0.00011829078090883627
4400,75.91263580322266,151.21282730102538,-3.688871419429779,1.9907952e-07,0.0,0.028578221797943115,-0.00013663197213240608
4600,62.58131790161133,122.30087642669677,-3.6888707339763642,1.9043685e-07,0.0,0.06358188390731812,-0.00011610843268528015
4800,67.13072967529297,130.23402729034424,-3.688870245218277,1.3798476e-07,0.0,0.06659102439880371,-9.927523969963659e-05
5000,56.77555847167969,108.98322486877441,-3.6888700306415556,2.104044e-07,0.0,0.001502394676208496,-0.00013679236130030857
5200,55.14440155029297,110.83544044494629,-3.6888698041439056,2.0474195e-07,0.0,0.0261191725730896,-0.00011915087430374172
5400,72.28823852539062,132.81081256866455,-3.6888700306415556,1.6480685e-07,0.0,-0.105010986328125,-0.00011574153679356769
5600,57.255706787109375,119.08027992248535,-3.688870131969452,3.0100347e-07,0.0,-0.005250096321105957,-0.00017760841591325517
5800,63.901004791259766,137.98059177398682,-3.6888700783252717,2.6583672e-07,0.0,0.050953030586242676,-0.00016188075480663144
6000,73.7711410522461,145.43140716552733,-3.6888696908950807,1.4424323e-07,0.0,-0.07185447216033936,-0.00011263048686132038
6200,59.6046257019043,110.68382968902588,-3.6888691246509553,1.4781952e-07,0.0,-0.07471251487731934,-0.00011013755911335466
6400,73.34699249267578,143.57678604125977,-3.688869047164917,1.9669534e-07,0.0,-0.06497085094451904,-0.00014866376626869736
6600,71.57849884033203,145.72966270446778,-3.6888685643672945,1.8596648e-07,0.0,-0.06493568420410156,-0.00015046670960998653
6800,69.51353454589844,137.67405700683594,-3.688868534564972,2.7567148e-07,0.0,0.024635136127471924,-0.00018143965927066574
7000,62.4855842590332,125.03553352355956,-3.688867485523224,3.6805866e-07,0.0,0.002755403518676758,-0.00018725042767968602
7200,76.64949035644531,149.17015647888184,-3.688866299390793,2.154708e-07,0.0,-0.04806172847747803,-0.0001441089232558923
7400,62.44511413574219,124.00999279022217,-3.6888663351535795,2.3126601e-07,0.0,0.019154906272888184,-0.00013672468449783538
7600,61.294410705566406,112.30272598266602,-3.688867050409317,2.1845102e-07,0.0,-0.09233510494232178,-0.00013496599954052613
7800,68.35306549072266,131.52711811065674,-3.6888671875,1.3142824e-07,0.0,0.07004594802856445,-9.805335113208802e-05
8000,64.71200561523438,133.74867210388183,-3.688866889476776,3.5852196e-07,0.0,0.06162339448928833,-0.00019992896883564982
8200,55.72629165649414,117.30813865661621,-3.688865602016449,2.682209e-07,0.0,-0.06480395793914795,-0.00013519332673155303
8400,73.20671081542969,147.9521339416504,-3.6888649344444273,2.1308661e-07,0.0,0.0023190975189208984,-0.00012442572390511942
8600,68.85211181640625,129.855690574646,-3.6888647437095643,2.2023916e-07,0.0,0.03259611129760742,-0.00013257027370201514
8800,47.89433288574219,99.1202236175537,-3.688863974809647,3.5554172e-07,0.0,-0.13194358348846436,-0.0001792895563141883
9000,78.12919616699219,144.14700202941896,-3.6888636350631714,2.1994114e-07,0.0,-0.12295055389404297,-0.00014913521021782118
9200,62.73357009887695,130.6065942764282,-3.68886262178421,2.104044e-07,0.0,-0.010287165641784668,-0.0001202511188502342
9400,76.78739166259766,152.7709732055664,-3.6888625741004946,2.861023e-07,0.0,-0.10948669910430908,-0.00017456924839400755
9600,62.270896911621094,117.04425067901612,-3.6888618886470796,3.0070544e-07,0.0,0.04453331232070923,-0.0001514294303625263
9800,70.36996459960938,144.2798999786377,-3.6888603985309603,1.7106534e-07,0.0,-0.07952415943145752,-0.00011754197176045977
10000,65.65415954589844,135.54070816040038,-3.6888592183589934,2.2381545e-07,0.0,-0.12286174297332764,-0.00015545034875970033
10200,54.73062515258789,112.4740203857422,-3.6888591408729554,1.6003847e-07,0.0,0.022978484630584717,-9.939452292968553e-05
10400,62.064456939697266,126.37597522735595,-3.688857853412628,2.0354986e-07,0.0,0.06109899282455444,-0.00013797636212915522
10600,64.41088104248047,120.83645172119141,-3.688857412338257,1.5616416e-07,0.0,0.034738123416900635,-0.0001296538271933656
10800,68.38118743896484,139.73332290649415,-3.6888575136661528,1.785159e-07,0.0,-0.012705683708190918,-0.00011063969927889161
11000,59.4039306640625,119.4549404144287,-3.688857191801071,1.6927719e-07,0.0,0.05863964557647705,-0.00011383163955827058
11200,67.91459655761719,134.61127395629882,-3.688856440782547,3.1650066e-07,0.0,-0.05231738090515137,-0.0001645985975358144
11400,62.68919372558594,127.2593225479126,-3.6888558864593506,1.8715858e-07,0.0,-0.03607988357543945,-0.00012132440414713841
11600,60.935752868652344,116.66951751708984,-3.6888549864292144,2.0593404e-07,0.0,-0.08659899234771729,-0.00013179002596004353
11800,68.3221435546875,138.47942733764648,-3.688854879140854,1.9460917e-07,0.0,-0.04389750957489014,-0.00013609199205859567
12000,51.0156364440918,107.4342638015747,-3.6888554751873017,2.9861928e-07,0.0,0.07785475254058838,-0.00014279799116059255
12200,67.89586639404297,130.06852340698242,-3.6888545989990233,1.475215e-07,0.0,-0.010547280311584473,-8.945167079303929e-05
12400,68.56102752685547,141.6438850402832,-3.688853049278259,2.0653009e-07,0.0,-0.09259092807769775,-0.00012787245268768287
12600,61.22275924682617,127.90376663208008,-3.688852822780609,2.95341e-07,0.0,-0.002216815948486328,-0.0001444934453445512
12800,73.57906341552734,143.63264045715331,-3.688851165771484,2.259016e-07,0.0,-0.029506921768188477,-0.0001490833764425048
13000,68.3612060546875,133.85424270629883,-3.688851994276047,2.4855137e-07,0.0,0.005794525146484375,-0.000146743268444105
13200,54.43425369262695,112.2832368850708,-3.688853496313095,2.0116568e-07,0.0,-0.0019881725311279297,-0.00013771738724770443
13400,58.708316802978516,112.27118663787842,-3.688853472471237,2.348423e-07,0.0,-0.08379030227661133,-0.00014206543656820615
13600,64.3907699584961,125.29930896759033,-3.688853371143341,1.5467404e-07,0.0,-0.02142632007598877,-0.00011435098232155383
13800,53.46483612060547,105.81845531463622,-3.688853442668915,3.582239e-07,0.0,0.07286077737808228,-0.00015721909583099603
14000,60.79423141479492,130.7613540649414,-3.6888534247875215,2.527237e-07,0.0,-0.05097949504852295,-0.00016045519679863673
14200,59.42234802246094,114.10433731079101,-3.6888538122177126,2.5451186e-07,0.0,0.0354999303817749,-0.00014343752693934952
14400,49.72569274902344,95.8840898513794,-3.6888525605201723,2.5689602e-07,0.0,0.021039962768554688,-0.00014512334735279354
14600,69.89501953125,136.512713432312,-3.6888526558876036,3.2156703e-07,0.0,-0.030569911003112793,-0.00014675005483510972
14800,50.031646728515625,99.36891536712646,-3.68885400891304,2.3573637e-07,0.0,0.05029284954071045,-0.00015100833846588558
15000,63.37602615356445,129.11795711517334,-3.6888541758060454,1.5705824e-07,0.0,-0.058684349060058594,-0.00010964083605013997
15200,60.65697479248047,127.36734962463379,-3.6888533353805544,2.259016e-07,0.0,0.02231663465499878,-0.0001442968436180081
15400,71.51323699951172,139.36674041748046,-3.688853543996811,1.5854836e-07,0.0,-0.07745301723480225,-0.00011195716161935821
15600,61.72768783569336,125.27161254882813,-3.6888537228107454,1.2069941e-07,0.0,-0.0072536468505859375,-0.00010099162179528775
15800,64.8725814819336,126.0941177368164,-3.688852596282959,1.3738871e-07,0.0,0.04313004016876221,-0.00010277526054842667
16000,55.44020462036133,118.80917377471924,-3.6888524174690245,1.642108e-07,0.0,-0.057082176208496094,-0.00011492483291215549
16200,60.307796478271484,132.2584774017334,-3.688851135969162,2.1100045e-07,0.0,-0.09665179252624512,-0.00012680549902270853
16400,51.72001266479492,105.0027265548706,-3.68885138630867,2.989173e-07,0.0,-0.12643468379974365,-0.0001757691515880566
16600,56.23181915283203,102.39776248931885,-3.688852089643478,2.1159649e-07,0.0,-0.14778351783752441,-0.00011521294669254445
16800,84.364501953125,165.20511169433593,-3.688851368427277,2.530217e-07,0.0,-0.0768578052520752,-0.00015188727495711872
17000,66.42437744140625,125.63586177825928,-3.688851588964462,2.551079e-07,0.0,-0.03920269012451172,-0.00015906896533337544
17200,69.95248413085938,135.06369571685792,-3.6888507843017577,1.8686056e-07,0.0,-0.11013257503509521,-0.00012142234274534758
17400,70.11127471923828,142.8250717163086,-3.688850313425064,1.2904405e-07,0.0,0.04176461696624756,-8.573116291898941e-05
17600,63.82455062866211,122.73499450683593,-3.6888497531414033,2.1576881e-07,0.0,0.017140209674835205,-0.0001468972942184621
17800,63.94801712036133,135.1242021560669,-3.6888496696949007,2.8133394e-07,0.0,-0.04828941822052002,-0.00016481081738852765
18000,59.32819747924805,128.53947582244874,-3.6888492703437805,2.8192997e-07,0.0,0.027915537357330322,-0.00017454093643394232
18200,65.42388153076172,127.19327239990234,-3.6888485074043276,3.2812355e-07,0.0,0.07001477479934692,-0.00019058075548414877
18400,65.07532501220703,128.43973350524902,-3.688847851753235,1.8596648e-07,0.0,0.015214681625366211,-0.00011434627633590821
18600,63.7436408996582,131.28045864105223,-3.688848078250885,2.0533801e-07,0.0,0.010433971881866455,-0.00011768931814621908
18800,48.23939895629883,93.13106594085693,-3.688849014043808,3.1590463e-07,0.0,0.011088192462921143,-0.00016708861361687256
19000,67.7784423828125,136.83178787231446,-3.6888457953929903,1.2516975e-07,0.0,0.0023717284202575684,-9.649783757321728e-05
19200,63.444580078125,125.82784442901611,-3.688844692707062,1.5288592e-07,0.0,-0.016016721725463867,-0.0001229264286834564
19400,60.22928237915039,121.39793071746826,-3.6888442933559418,2.7507542e-07,0.0,-0.09968984127044678,-0.00017555202566814642
19600,61.92088317871094,121.74985275268554,-3.688844841718674,1.9699334e-07,0.0,-0.09833300113677979,-0.00013010662022274743
19800,59.58433151245117,120.71098499298095,-3.688844287395477,2.0891429e-07,0.0,0.026951253414154053,-0.00013349567392175742
20000,58.202392578125,121.88452091217042,-3.6888437032699586,2.1725893e-07,0.0,0.0012874603271484375,-0.0001463327180957208
20200,67.55412292480469,133.79696788787842,-3.68884391784668,2.0086766e-07,0.0,0.0033620595932006836,-0.0001362854533866198
20400,62.2777214050293,132.24249382019042,-3.6888434112071993,1.6897917e-07,0.0,0.05759793519973755,-0.0001035412696051452
20600,54.56243133544922,108.96711292266846,-3.6888430416584015,1.5795231e-07,0.0,0.017111599445343018,-0.00010440272092111513
20800,56.95574951171875,112.19631958007812,-3.6888416409492493,2.3126603e-07,0.0,-0.050667524337768555,-0.00014299911217356963
21000,66.92296600341797,125.26954441070556,-3.688842213153839,2.336502e-07,0.0,-0.02335834503173828,-0.00011868676471351591
21200,55.212974548339844,113.51793975830078,-3.6888425588607787,2.026558e-07,0.0,0.0641440749168396,-0.00012281374716565096
21400,52.22209548950195,109.44478664398193,-3.688841384649277,2.3663044e-07,0.0,0.013910472393035889,-0.0001488481765884231
21600,64.80374145507812,125.34699172973633,-3.688840126991272,1.7166137e-07,0.0,-0.07380056381225586,-0.00011209394820923534
21800,53.689884185791016,105.32952632904053,-3.6888399183750153,2.8878452e-07,0.0,-0.12583529949188232,-0.00015828959689017096
22000,70.20065307617188,149.24867897033693,-3.688841861486435,2.0861626e-07,0.0,-0.009969472885131836,-0.00012364442676862097
22200,64.7828369140625,125.01675109863281,-3.688841873407364,1.8030404e-07,0.0,-0.07348394393920898,-0.0001232376093357246
22400,49.492610931396484,91.28595790863037,-3.6888413071632384,3.069639e-07,0.0,0.0011272430419921875,-0.00015044711636669206
22600,54.49727249145508,120.0019474029541,-3.688840425014496,1.6301871e-07,0.0,-0.11675667762756348,-0.00012181414688363645
22800,72.12816619873047,138.03896617889404,-3.6888393223285676,1.257658e-07,0.0,-0.07601523399353027,-9.881051664599738e-05
23000,74.81349182128906,145.01269493103027,-3.6888396203517915,1.2397766e-07,0.0,0.017330706119537354,-9.86264642925505e-05
23200,50.348724365234375,113.47041721343994,-3.688839429616928,1.7553569e-07,0.0,-0.08404850959777832,-0.00010677228868516409
23400,74.23945617675781,146.4424907684326,-3.6888392329216004,1.5079975e-07,0.0,-0.07192802429199219,-0.00011297506019851689
23600,61.42478942871094,124.0799077987671,-3.688840514421463,2.3663043e-07,0.0,-0.10176742076873779,-0.0001490502661836146
23800,67.3083267211914,140.36829566955566,-3.6888404905796053,1.9490719e-07,0.0,0.004783809185028076,-0.00012826478448186852
24000,69.80795288085938,142.44052429199218,-3.688839828968048,1.7791987e-07,0.0,-0.05461740493774414,-0.00012644122548977066
24200,63.91316604614258,135.21309585571288,-3.6888401567935944,2.6285647e-07,0.0,-0.08808350563049316,-0.00016164130011446786
24400,72.63095092773438,147.65264396667482,-3.6888385891914366,1.218915e-07,0.0,0.04145330190658569,-8.451809788567743e-05
24600,66.9344482421875,129.40302619934081,-3.6888399600982664,2.1934508e-07,0.0,-0.0369722843170166,-0.00013312689935851552
24800,54.26597213745117,101.79218139648438,-3.688838893175125,1.6748905e-07,0.0,-0.14936459064483643,-0.0001197397255483068
25000,57.682655334472656,118.4845163345337,-3.688839477300644,1.1891126e-07,0.0,-0.013866305351257324,-8.850534587157011e-05
25200,38.476932525634766,84.93138732910157,-3.6888414204120634,3.0875205e-07,0.0,-0.04404091835021973,-0.00016950107228967947
25400,59.794219970703125,127.30130577087402,-3.6888400614261627,2.7239324e-07,0.0,-0.09252667427062988,-0.0001178183711346037
25600,51.92820739746094,108.74203128814698,-3.6888395607471467,2.461672e-07,0.0,-0.054329752922058105,-0.00013887700507926316
25800,72.5064468383789,141.449481010437,-3.6888385713100433,1.296401e-07,0.0,-0.04924511909484863,-0.00010612880406668523
26000,60.577919006347656,118.3917423248291,-3.6888361990451815,2.5570392e-07,0.0,-0.026442408561706543,-0.00014039881466771932
26200,61.71249008178711,125.33922576904297,-3.688836324214935,1.642108e-07,0.0,-0.07252359390258789,-0.00011822869707764916
26400,59.62063217163086,121.69151916503907,-3.6888367235660553,2.2411345e-07,0.0,-0.05923056602478027,-0.00014529339981947942
26600,65.33224487304688,131.64379539489747,-3.688838171958923,1.3828277e-07,0.0,-0.07952427864074707,-9.906922226150527e-05
26800,66.56175231933594,132.76271266937255,-3.6888379871845247,2.1994113e-07,0.0,-0.0849144458770752,-0.00016227785073534838
27000,59.68307876586914,112.79825057983399,-3.688838040828705,2.0116568e-07,0.0,-0.07088768482208252,-0.0001242802632877016
27200,61.754695892333984,116.2707368850708,-3.6888363301753997,2.4676325e-07,0.0,-0.03416037559509277,-0.00014490616276514602
27400,41.58192825317383,92.05036201477051,-3.6888378620147706,2.461672e-07,0.0,-0.02043938636779785,-0.0001297252924370884
27600,67.72213745117188,131.15500431060792,-3.688834422826767,1.9609928e-07,0.0,-0.0783536434173584,-0.0001259535775838927
27800,54.05061721801758,114.63792533874512,-3.6888342976570128,2.6881696e-07,0.0,-0.01640141010284424,-0.00012993960175577968
28000,60.75533676147461,122.55788173675538,-3.688834625482559,1.7553567e-07,0.0,-0.08258438110351562,-0.0001126577704635423
28200,66.80145263671875,135.8172821044922,-3.6888317346572874,1.9907952e-07,0.0,0.009369075298309326,-0.00014232541629690675
28400,65.9990234375,131.36174697875975,-3.6888321220874785,1.269579e-07,0.0,-0.08271896839141846,-0.00010165308803919971
28600,59.65742111206055,120.66280307769776,-3.6888310611248016,2.479553e-07,0.0,0.06761312484741211,-0.00016152245484409855
28800,59.14427185058594,115.69627323150635,-3.6888300120830535,2.4229288e-07,0.0,-0.07542872428894043,-0.00014025323127739853
29000,71.79796600341797,141.0745822906494,-3.6888320446014404,1.5974045e-07,0.0,0.010342419147491455,-0.0001287402956293704
29200,55.22063064575195,123.8931978225708,-3.688831681013107,2.411008e-07,0.0,0.07853436470031738,-0.00013596755261353622
29400,68.63788604736328,138.70821323394776,-3.688831275701523,1.4007091e-07,0.0,0.039598941802978516,-9.643624661244132e-05
29600,45.677833557128906,95.6128667831421,-3.6888324201107023,1.9222499e-07,0.0,0.04110187292098999,-0.00011239445161463913
29800,60.080867767333984,119.75625171661378,-3.6888320565223696,2.5987626e-07,0.0,-0.05396687984466553,-0.00015964528942120638
30000,43.77732849121094,88.08163089752198,-3.688832920789719,2.8669837e-07,0.0,0.021397829055786133,-0.00015616931856143879
30200,64.27632904052734,130.92374153137206,-3.688831263780594,1.4394521e-07,0.0,-0.09227335453033447,-0.00011147069906343176
30400,57.92744827270508,114.94792156219482,-3.6888289928436278,2.2292136e-07,0.0,-0.052986741065979004,-0.000148181767766431
30600,54.767662048339844,106.75474624633789,-3.6888266682624815,1.8298626e-07,0.0,0.029145538806915283,-0.00013692543650485335
30800,50.322933197021484,105.93612957000732,-3.6888287901878356,3.5434962e-07,0.0,-0.12249493598937988,-0.0001905373776470931
31000,61.803768157958984,128.48303604125977,-3.6888289153575897,1.4990567e-07,0.0,0.0022750496864318848,-0.00010501064413119821
31200,63.49394226074219,125.15583057403565,-3.688830482959747,1.8328427e-07,0.0,-0.0512387752532959,-0.00012443849415131326
31400,64.08537292480469,122.54234638214112,-3.6888320207595826,1.7374754e-07,0.0,-0.03358662128448486,-0.0001101938938798952
31600,52.047935485839844,100.73607635498047,-3.6888320207595826,2.0295381e-07,0.0,0.027255117893218994,-0.00014397749319012832
31800,59.157588958740234,113.57220706939697,-3.688830780982971,2.1636487e-07,0.0,-0.008727788925170898,-0.000124929755452996
32000,47.709083557128906,95.95773563385009,-3.6888309121131897,1.9013882e-07,0.0,0.06556332111358643,-0.00012065058161745413
32200,58.45911407470703,117.97370891571045,-3.688832288980484,2.4080276e-07,0.0,0.0014856457710266113,-0.00013540083227638888
32400,59.498809814453125,119.58054695129394,-3.688831013441086,1.41263e-07,0.0,-0.10084378719329834,-0.00010772236327092344
32600,56.533416748046875,110.57312488555908,-3.6888322949409487,2.902746e-07,0.0,-0.046413421630859375,-0.0001857018463651272
32800,61.517242431640625,123.10201892852783,-3.6888335287570952,1.9311905e-07,0.0,-0.07028424739837646,-0.00011692428455951642
33000,51.141273498535156,103.86124687194824,-3.688834637403488,1.6272068e-07,0.0,0.028283298015594482,-0.0001046873778264512
33200,53.55955505371094,106.0470724105835,-3.688831627368927,1.3142824e-07,0.0,0.024313032627105713,-9.850840288372353e-05
33400,59.28647994995117,115.98081169128417,-3.6888321697711945,2.5719405e-07,0.0,-0.10584115982055664,-0.00016175947345686836
33600,58.539894104003906,116.45852203369141,-3.6888315856456755,1.7285348e-07,0.0,-0.0055675506591796875,-0.00010376131458007531
33800,40.782352447509766,83.33390064239502,-3.688831681013107,1.758337e-07,0.0,0.009082376956939697,-0.00011474525823231829
34000,58.91521072387695,123.67895698547363,-3.688830626010895,2.595782e-07,0.0,-0.05912196636199951,-0.00016970618122051916
34200,57.20820999145508,118.42026023864746,-3.688828557729721,2.2053719e-07,0.0,-0.049893856048583984,-0.00012592779081517237
34400,63.93545913696289,123.30519390106201,-3.688830053806305,2.2679568e-07,0.0,0.030693531036376953,-0.0001471835066560345
34600,65.7002182006836,123.75639114379882,-3.6888279616832733,1.8537044e-07,0.0,0.033858418464660645,-0.00013319392437711742
34800,65.83639526367188,135.06706714630127,-3.6888268291950226,2.0325183e-07,0.0,0.012781381607055664,-0.00012427684664189086
35000,55.92735290527344,118.87393150329589,-3.6888289988040923,2.1070242e-07,0.0,-0.1253829002380371,-0.0001299534362949828
35200,64.85186767578125,123.59697570800782,-3.6888278007507322,1.9401313e-07,0.0,-0.005739808082580566,-0.00013266896594714693
35400,54.67975997924805,112.23902683258056,-3.6888267517089846,1.7136335e-07,0.0,0.028889715671539307,-0.00011915918465703612
35600,60.943172454833984,120.85109920501709,-3.6888271808624267,1.7404555e-07,0.0,0.08997142314910889,-0.00010356601983829705
35800,55.18491744995117,118.46358089447021,-3.6888241350650786,1.8775464e-07,0.0,-0.039894819259643555,-0.00013163440032524232
36000,55.71961975097656,116.05026149749756,-3.6888268411159517,1.6897916e-07,0.0,0.004887580871582031,-0.00011456763737136555
36200,55.767433166503906,106.50356578826904,-3.6888268172740935,2.1815299e-07,0.0,0.00437849760055542,-0.00013517543573300373
36400,65.59725952148438,128.0637752532959,-3.688824635744095,2.5451183e-07,0.0,-0.06630277633666992,-0.00018018753693667123
36600,63.12284851074219,118.29129753112792,-3.688823479413986,1.5735625e-07,0.0,0.059724390506744385,-0.00010654188652807761
36800,61.336151123046875,121.99906139373779,-3.6888240933418275,1.269579e-07,0.0,0.029130518436431885,-9.705227581306986e-05
37000,54.351295471191406,108.59115390777588,-3.688822013139725,2.6226044e-07,0.0,-0.001022934913635254,-0.0001493719586914466
37200,59.86711883544922,114.3571060180664,-3.688821738958359,2.7269124e-07,0.0,-0.013457536697387695,-0.00015694881891050727
37400,59.99905014038086,117.94316501617432,-3.688820832967758,1.8030403e-07,0.0,0.03884005546569824,-0.00010563257329607723
37600,60.8846321105957,123.4321699142456,-3.688821494579315,1.8924476e-07,0.0,-0.11721920967102051,-0.00013307479467492556
37800,57.267822265625,110.71455459594726,-3.6888203382492066,3.20971e-07,0.0,0.011365413665771484,-0.00016729027087656335
38000,62.261592864990234,125.37162590026855,-3.688820940256119,2.3782255e-07,0.0,0.0725056529045105,-0.00014490535855441467
38200,48.551570892333984,99.31303176879882,-3.688821071386337,1.9520522e-07,0.0,0.07842117547988892,-0.00013938395650896495
38400,61.11103820800781,121.98873481750488,-3.6888193428516387,1.6391277e-07,0.0,-0.0003343820571899414,-0.00011375840175582574
38600,61.657676696777344,130.840421295166,-3.688819909095764,1.5407801e-07,0.0,-0.014713287353515625,-0.00010964828818700312
38800,61.50347900390625,121.90231056213379,-3.6888221502304077,1.3947486e-07,0.0,0.04281646013259888,-9.417579367294593e-05
39000,70.81831359863281,138.97826042175294,-3.6888208091259003,1.2487173e-07,0.0,-0.01042163372039795,-0.00010489836292038035
39200,59.46849060058594,117.23717136383057,-3.6888206005096436,1.6331673e-07,0.0,0.03264492750167847,-0.00010836978303814248
39400,56.2087287902832,116.19138088226319,-3.6888197362422943,1.8775464e-07,0.0,0.08270227909088135,-0.00013869088903142312
39600,57.8856315612793,127.17732620239258,-3.688820892572403,1.9013882e-07,0.0,0.0043416619300842285,-0.0001356848926343801
39800,56.391719818115234,111.20121669769287,-3.688820856809616,2.0325183e-07,0.0,0.03567129373550415,-0.0001332845689141493
40000,54.22505569458008,107.1831283569336,-3.688819581270218,2.3961067e-07,0.0,-0.005533576011657715,-0.00014009553929978936
40200,52.4321174621582,106.69426918029785,-3.6888193488121033,2.2619963e-07,0.0,-0.0033534765243530273,-0.00014022511344637944
40400,54.75867462158203,109.07195453643799,-3.688819247484207,2.208352e-07,0.0,-0.06875395774841309,-0.00015707703050438226
40600,52.94850158691406,108.17568836212158,-3.6888201951980593,2.235174e-07,0.0,0.019977033138275146,-0.00015016775558160945
40800,64.53145599365234,122.65600719451905,-3.688819420337677,1.5825033e-07,0.0,-0.08033585548400879,-0.000109954095943543
41000,48.04027557373047,100.67525291442871,-3.6888179063796995,2.2113323e-07,0.0,0.02045726776123047,-0.00014110058633427515
41200,72.85721588134766,139.37669830322267,-3.6888175129890444,2.2739171e-07,0.0,-0.09000754356384277,-0.0001451529411838237
41400,60.976531982421875,121.67089347839355,-3.688819092512131,2.2560359e-07,0.0,-0.02272498607635498,-0.00015535025121025115
41600,51.540287017822266,106.33074893951417,-3.6888151466846466,2.539158e-07,0.0,-0.006113767623901367,-0.0001535856585537232
41800,66.57862091064453,126.66193866729736,-3.6888120830059052,1.7255545e-07,0.0,0.04205101728439331,-0.00014011377025582305
42000,58.54751968383789,111.88421745300293,-3.6888143479824067,1.6123056e-07,0.0,-0.041367292404174805,-0.00011281327804013586
42200,58.794212341308594,115.13897876739502,-3.6888153910636903,2.3543835e-07,0.0,0.041199564933776855,-0.00014146009115947322
42400,54.8075065612793,114.41431159973145,-3.688814842700958,2.7537345e-07,0.0,0.06113642454147339,-0.00015695909323731883
42600,60.31452178955078,120.30813179016113,-3.688811445236206,1.8417836e-07,0.0,-0.09309196472167969,-0.0001243407880171077
42800,52.426841735839844,105.51436519622803,-3.6888140201568604,1.8000603e-07,0.0,0.037687063217163086,-0.00011583696216659334
43000,57.888736724853516,120.8619556427002,-3.688814091682434,1.591444e-07,0.0,0.03284507989883423,-0.00011140432449372462
43200,60.27774429321289,114.05178852081299,-3.688813054561615,1.4007092e-07,0.0,0.04258209466934204,-0.00011316257002764729
43400,57.2486457824707,115.87355327606201,-3.6888146460056306,1.7344951e-07,0.0,0.043008506298065186,-0.00010067368286650335
43600,52.38533401489258,110.14686794281006,-3.6888144254684447,1.6599894e-07,0.0,0.03536111116409302,-0.00011285725183434181
43800,62.050193786621094,119.4237232208252,-3.688813728094101,1.4185906e-07,0.0,-0.09814023971557617,-0.0001099564127858832
44000,58.20912551879883,116.58272705078124,-3.688815397024155,1.8775464e-07,0.0,-0.035179853439331055,-0.0001454767210976371
44200,68.35480499267578,129.75392780303955,-3.6888160705566406,1.7911195e-07,0.0,-0.04862189292907715,-0.00011470381862324074
44400,60.482994079589844,116.17308254241944,-3.6888158142566683,1.3560056e-07,0.0,-0.11131322383880615,-9.412932927901351e-05
44600,61.577796936035156,122.84531345367432,-3.688814878463745,1.4841555e-07,0.0,-0.07941973209381104,-0.00011421712557275754
44800,76.21070098876953,148.927640914917,-3.6888156652450563,1.5258789e-07,0.0,-0.025273561477661133,-0.00011544737247781711
45000,51.762264251708984,101.53680191040038,-3.6888130784034727,2.5093556e-07,0.0,-0.018211722373962402,-0.00013771426806528098
45200,46.50484848022461,93.74861488342285,-3.6888138890266418,2.7298927e-07,0.0,-0.08270049095153809,-0.00014497343347166236
45400,56.083229064941406,118.40161590576172,-3.6888152599334716,1.8835068e-07,0.0,-0.014600157737731934,-0.00012206371186133103
45600,56.49259567260742,110.66808185577392,-3.6888154625892637,2.4050473e-07,0.0,-0.09481775760650635,-0.00014087068232484511
45800,65.01531219482422,132.63592777252197,-3.688815122842789,2.1666288e-07,0.0,0.0068697333335876465,-0.00015287488653825676
46000,69.0716323852539,135.47229957580566,-3.6888142049312593,1.3440847e-07,0.0,-0.010987997055053711,-0.000110550551870503
46200,57.329200744628906,111.47578010559081,-3.6888143122196198,1.8030406e-07,0.0,-0.06859540939331055,-0.00010924014519630987
46400,47.89767074584961,103.12049999237061,-3.688816028833389,1.9431116e-07,0.0,-0.031003832817077637,-0.00012712380348460782
46600,65.92153930664062,131.76560192108155,-3.6888140976428985,2.4735928e-07,0.0,0.017115473747253418,-0.0001699224183120407
46800,62.064369201660156,123.59090995788574,-3.688813692331314,1.8686058e-07,0.0,0.05306333303451538,-0.00012868379057495716
47000,66.55598449707031,127.7508451461792,-3.6888111889362336,1.3828279e-07,0.0,0.009250223636627197,-0.00011300543015551057
47200,51.94102096557617,103.74717330932617,-3.6888106882572176,1.9490719e-07,0.0,-0.046566009521484375,-0.00013067819930725477
47400,55.931522369384766,106.98481616973876,-3.688809812068939,1.9460916e-07,0.0,-0.038474321365356445,-0.00011841108325363336
47600,57.733253479003906,113.23746738433837,-3.6888080537319183,2.193451e-07,0.0,-0.05949115753173828,-0.00013742929603353105
47800,48.04741668701172,92.2666130065918,-3.688808983564377,3.1501054e-07,0.0,-0.15721988677978516,-0.00017714756083986316
48000,50.82841873168945,108.80383129119873,-3.6888103246688844,2.5212765e-07,0.0,-0.00011837482452392578,-0.00013535584375503617
48200,60.690006256103516,117.03114585876465,-3.688811242580414,2.0384789e-07,0.0,-0.005648612976074219,-0.00013785000874806387
48400,57.51537322998047,108.2862449645996,-3.688812017440796,1.820922e-07,0.0,-0.0024764537811279297,-0.000113334313304847
48600,57.406707763671875,112.41297931671143,-3.6888097524642944,2.1636485e-07,0.0,0.05073368549346924,-0.00013290413525410827
48800,55.971824645996094,110.25354766845703,-3.688808965682983,6.735325e-08,0.0,-0.017685890197753906,-7.045543186681157e-05
49000,54.19454574584961,108.08347301483154,-3.6888096928596497,1.0460615e-07,0.0,0.002512514591217041,-8.826358605653616e-05
49200,53.05963134765625,101.46080684661865,-3.688813102245331,3.6746263e-07,0.0,-0.011200189590454102,-0.00021039722310898235
49400,53.4947395324707,104.19143543243408,-3.6888138353824615,2.1249055e-07,0.0,-0.12152278423309326,-0.0001323478522557764
49600,64.64862823486328,124.50186805725097,-3.688815689086914,1.6242265e-07,0.0,-0.11715137958526611,-0.00012168778045271723
49800,53.29145050048828,108.43123207092285,-3.688814306259155,2.2917985e-07,0.0,-0.003553152084350586,-0.00013129860164280417
50000,65.64680480957031,124.49141235351563,-3.688815850019455,1.6629696e-07,0.0,-0.04396629333496094,-0.00010912147194090949
50200,54.49037170410156,109.17218475341797,-3.688815915584564,1.3828279e-07,0.0,0.010286450386047363,-9.599375627065144e-05
50400,70.09204864501953,135.16790237426758,-3.6888142824172974,1.5109777e-07,0.0,-0.1574157476425171,-0.00010409405852840337
50600,52.930633544921875,108.263991355896,-3.688812953233719,2.3663044e-07,0.0,0.08684533834457397,-0.000153828875542672
50800,61.810604095458984,117.166233253479,-3.688812917470932,1.8775464e-07,0.0,0.011583268642425537,-0.00012832753345950464
51000,61.70220184326172,127.34656734466553,-3.68881014585495,2.3335218e-07,0.0,-0.057968854904174805,-0.00016098171878438096
51200,64.14058685302734,128.6021656036377,-3.6888124465942385,1.1444091e-07,0.0,-0.011907339096069336,-8.694061679292986e-05
51400,61.718509674072266,125.61349849700927,-3.688808745145798,1.4454127e-07,0.0,0.0642160177230835,-0.00012117695412552364
51600,58.144020080566406,110.67327423095703,-3.688810038566589,1.7374755e-07,0.0,0.007272124290466309,-0.00012380914392284836
51800,52.52806091308594,104.05180339813232,-3.688808661699295,1.8298627e-07,0.0,-0.030182838439941406,-0.00012509751330416207
52000,48.80405807495117,101.42281475067139,-3.688809871673584,2.0235777e-07,0.0,-0.09084677696228027,-0.00011525762139612539
52200,44.58455276489258,93.01011009216309,-3.6888096272945403,3.096461e-07,0.0,-0.11876034736633301,-0.00017028022516392128
52400,64.8674087524414,130.45226554870607,-3.6888113021850586,1.04904174e-07,0.0,-0.0026710033416748047,-6.701108812663392e-05
52600,67.14032745361328,132.09753952026367,-3.6888133704662325,2.5451183e-07,0.0,0.027492403984069824,-0.00018123254893041008
52800,67.02400207519531,128.0080753326416,-3.688810271024704,1.552701e-07,0.0,0.0007654428482055664,-0.0001317717130824292
53000,47.132869720458984,103.33430995941163,-3.6888073801994326,3.0487777e-07,0.0,-0.03961360454559326,-0.00018814216683153971
53200,57.88939666748047,117.63332672119141,-3.6888090133666993,1.952052e-07,0.0,-0.019944429397583008,-0.00011880458891102563
53400,56.21492004394531,105.74443225860595,-3.6888080894947053,1.7017126e-07,0.0,-0.07013583183288574,-0.00011327248811774382
53600,54.46164321899414,112.6049940109253,-3.6888067960739135,1.6719103e-07,0.0,-0.09704089164733887,-0.00011867694463774114
53800,58.282779693603516,112.8883129119873,-3.6888035356998445,2.500415e-07,0.0,-0.10676288604736328,-0.000152565308553676
54000,50.186580657958984,103.13098220825195,-3.688806492090225,1.8239021e-07,0.0,-0.09140074253082275,-0.00013701069405644973
54200,60.78565216064453,120.77822704315186,-3.6888100266456605,2.7537345e-07,0.0,0.028692960739135742,-0.0001521530344383848
54400,50.44124984741211,98.44568176269532,-3.6888086259365083,3.1501054e-07,0.0,-0.07520759105682373,-0.00015970413448833652
54600,61.266845703125,126.7737413406372,-3.688807415962219,2.7477742e-07,0.0,0.011661529541015625,-0.00018122129245288222
54800,67.2451400756836,137.96922225952147,-3.6888050198554994,1.4841557e-07,0.0,-0.04295647144317627,-9.799171257753869e-05
55000,65.60332489013672,132.8297742843628,-3.688804233074188,2.2739172e-07,0.0,0.0040705204010009766,-0.00013863407105212388
55200,67.07756042480469,126.98315620422363,-3.6888061583042147,1.6063451e-07,0.0,-0.009195327758789062,-0.00010946724565696897
55400,54.189666748046875,109.96029148101806,-3.688804751634598,1.642108e-07,0.0,0.0985679030418396,-0.00012047890547961515
55600,54.647850036621094,110.2759002685547,-3.6888076305389403,1.8388032e-07,0.0,-0.04674673080444336,-0.00012747691118129013
55800,60.0598258972168,124.56275157928467,-3.688808810710907,2.1994114e-07,0.0,0.013881504535675049,-0.00014389283195712644
56000,47.305198669433594,95.29558124542237,-3.6888046860694885,2.3514033e-07,0.0,-0.04575836658477783,-0.000146315529599228
56200,53.14004898071289,99.59257469177246,-3.688805341720581,2.4050473e-07,0.0,-0.04750525951385498,-0.00014819869488871262
56400,54.38605499267578,114.50344581604004,-3.6888022124767303,1.8179418e-07,0.0,-0.0798875093460083,-0.0001354912224142524
56600,55.268001556396484,112.21343479156494,-3.6888066709041594,2.1845102e-07,0.0,-0.030399560928344727,-0.00013696894066974607
56800,60.5102424621582,121.94961795806884,-3.688805824518204,2.3812055e-07,0.0,-0.15331673622131348,-0.00016304247041425412
57000,61.652503967285156,116.09923553466797,-3.688808500766754,2.1487475e-07,0.0,-0.016665101051330566,-0.0001317535484830046
57200,54.5003662109375,114.82694702148437,-3.6888102650642396,4.2200088e-07,0.0,0.03916436433792114,-0.00020895001949865487
57400,56.529258728027344,118.00980415344239,-3.688807928562164,1.5974044e-07,0.0,0.03677833080291748,-0.0001224815925611411
57600,57.59563446044922,108.54411792755127,-3.6888077795505523,1.3589859e-07,0.0,0.018677473068237305,-9.456298348347048e-05
57800,55.35061264038086,111.31984882354736,-3.6888110041618347,1.9639731e-07,0.0,0.10109776258468628,-0.00010949361708156857
58000,60.386322021484375,116.58799266815186,-3.6888096153736116,2.336502e-07,0.0,-0.08600401878356934,-0.0001267205172471364
58200,54.49832534790039,110.39303569793701,-3.6888120651245115,2.8550625e-07,0.0,0.004220366477966309,-0.00017643334652355235
58400,54.25836944580078,105.17194919586181,-3.688808923959732,2.4288892e-07,0.0,-0.05028676986694336,-0.0001564417911046334
58600,59.784217834472656,119.84006729125977,-3.6888081431388855,1.373887e-07,0.0,-0.05789756774902344,-0.00011432746114650171
58800,53.73657989501953,113.53007106781006,-3.688807260990143,1.2516975e-07,0.0,0.006313920021057129,-9.425680373382761e-05
59000,65.93721008300781,129.79296531677247,-3.6888072311878206,1.1980534e-07,0.0,-0.03470194339752197,-9.285709182205171e-05
59200,45.2308349609375,95.90829505920411,-3.6888070523738863,1.2934208e-07,0.0,-0.09560048580169678,-9.450140977582678e-05
59400,69.72733306884766,134.84136028289794,-3.688807487487793,1.6242265e-07,0.0,0.014532029628753662,-0.00010154411208276314
59600,60.004337310791016,118.82259883880616,-3.6888064622879027,2.0086765e-07,0.0,0.059530019760131836,-0.00011982908916863266
59800,59.97226333618164,118.71473236083985,-3.688804990053177,1.5079975e-07,0.0,-0.057401061058044434,-0.0001206997030874124
60000,45.83961868286133,93.56617641448975,-3.688802719116211,2.95341e-07,0.0,0.028188705444335938,-0.00017036996203643185
60200,57.782657623291016,116.08204593658448,-3.68880380988121,1.9907952e-07,0.0,-0.02447330951690674,-0.00013351631214959526
60400,58.18476867675781,119.77222213745117,-3.6888048350811005,1.4454126e-07,0.0,0.02672046422958374,-0.0001104546926495864
60600,55.67247009277344,115.81363430023194,-3.688802969455719,2.9474498e-07,0.0,0.04107910394668579,-0.00016187180520930156
60800,52.70467758178711,110.12656688690186,-3.688803678750992,2.0563603e-07,0.0,-0.10956323146820068,-0.0001269114474386157
61000,53.65497970581055,109.0205135345459,-3.688802021741867,2.2411346e-07,0.0,-0.0017695426940917969,-0.00015849120899149582
61200,54.7819709777832,109.44553756713867,-3.6888001918792725,1.642108e-07,0.0,0.04043900966644287,-0.00012231364807178125
61400,53.716644287109375,111.62032470703124,-3.6887992918491364,1.5974044e-07,0.0,-0.06611871719360352,-0.00011103705903963146
61600,55.83377456665039,111.2486982345581,-3.6887967109680178,2.5212765e-07,0.0,-0.017058968544006348,-0.00014520930330261806
61800,50.59629821777344,107.37338275909424,-3.688793009519577,2.9951335e-07,0.0,-0.13250958919525146,-0.00014434965487524208
62000,55.5048828125,106.67794303894043,-3.6887962579727174,1.6689302e-07,0.0,-0.06619763374328613,-0.00012121969386598152
62200,52.875755310058594,100.25901985168457,-3.6887964606285095,1.6003847e-07,0.0,-0.06747817993164062,-0.00011963725125134772
62400,45.45627212524414,93.8533109664917,-3.688798952102661,1.8805265e-07,0.0,-0.0245894193649292,-0.00011082096412833309
62600,58.33660125732422,113.76129665374756,-3.688798242807388,1.5407801e-07,0.0,-0.04538869857788086,-0.00010566958740731991
62800,57.60839080810547,112.66231498718261,-3.6887978315353394,2.7477742e-07,0.0,-0.009776830673217773,-0.00015910969240469087
63000,50.71470260620117,101.71336345672607,-3.68879429101944,3.942847e-07,0.0,-0.05372631549835205,-0.00020309815656958108
63200,55.51119613647461,113.4898588180542,-3.6887946307659147,1.3738871e-07,0.0,-0.11722910404205322,-8.606949481766435e-05
63400,52.830078125,102.7686092376709,-3.688792014122009,2.884865e-07,0.0,-0.01282656192779541,-0.0001495681485138789
63600,53.15782928466797,108.49051933288574,-3.6887913942337036,2.762675e-07,0.0,0.02574080228805542,-0.00016346516897911557
63800,56.07579803466797,108.0482608795166,-3.6887903094291685,1.7315148e-07,0.0,-0.01945626735687256,-0.00011842732808773349
64000,54.10820770263672,102.37087535858154,-3.688790667057037,2.601743e-07,0.0,0.023550450801849365,-0.0001669200350481681
64200,61.55062484741211,119.88239994049073,-3.688791584968567,1.9550323e-07,0.0,-0.12609469890594482,-0.00011770149663732354
64400,48.44447708129883,109.17765445709229,-3.688792335987091,1.785159e-07,0.0,0.022287964820861816,-0.00012142007034015024
64600,53.35454559326172,101.21379356384277,-3.6887920081615446,2.4557113e-07,0.0,-0.10601437091827393,-0.00012465237167234023
64800,56.014251708984375,118.30941314697266,-3.688790088891983,1.2904405e-07,0.0,-0.05828046798706055,-0.00011076332577255598
65000,58.95844650268555,126.1982925415039,-3.6887948274612428,1.2993812e-07,0.0,0.020790040493011475,-0.00011154979427834278
65200,63.76742935180664,129.14762325286864,-3.6887923002243044,1.2576581e-07,0.0,-0.048835039138793945,-0.00010000662476130628
65400,54.088626861572266,107.7813060760498,-3.6887922823429107,1.451373e-07,0.0,-0.0639350414276123,-0.00010827046733163925
65600,57.03688430786133,118.25031032562256,-3.6887926518917085,1.9192696e-07,0.0,0.0180056095123291,-0.00013600547683516594
65800,53.61627960205078,107.11066017150878,-3.688793432712555,2.4318695e-07,0.0,0.04410123825073242,-0.00014703881049022983
66000,51.57577133178711,98.77223682403564,-3.6887916326522827,2.2411348e-07,0.0,-0.16508495807647705,-0.00012709352304547395
66200,47.40864181518555,92.81723403930664,-3.688794380426407,1.8000603e-07,0.0,0.0019379854202270508,-0.00010837922298225777
66400,58.836544036865234,119.19294967651368,-3.6887911915779115,1.5705824e-07,0.0,-0.03930175304412842,-9.875363087346045e-05
66600,55.685302734375,109.24893245697021,-3.6887903571128846,2.2679569e-07,0.0,0.027691662311553955,-0.00013334089402974313
66800,58.725929260253906,118.85542316436768,-3.688792496919632,1.8835067e-07,0.0,-0.013271927833557129,-0.0001301918031487048
67000,62.04238510131836,119.82874031066895,-3.6887909412384032,2.1815299e-07,0.0,-0.07599520683288574,-0.00014003878132298197
67200,40.00775146484375,84.23523998260498,-3.6887897074222566,1.3172627e-07,0.0,-0.04185044765472412,-8.805351705483133e-05
67400,52.997230529785156,111.00354976654053,-3.6887887716293335,1.2218952e-07,0.0,-0.03939235210418701,-9.582626789530479e-05
67600,55.20122146606445,106.56284408569336,-3.688786882162094,1.3351439e-07,0.0,-0.10917413234710693,-0.0001047700943850316
67800,51.552738189697266,107.06387310028076,-3.6887865900993346,1.4722347e-07,0.0,0.008431851863861084,-9.463029368177445e-05
68000,66.98980712890625,127.01941833496093,-3.6887870848178865,2.104044e-07,0.0,0.031174659729003906,-0.00013254392103689838
68200,53.038368225097656,105.73222141265869,-3.6887822568416597,1.3381242e-07,0.0,0.0018215775489807129,-0.00010801921188772213
68400,50.003482818603516,106.20137596130371,-3.6887839078903197,1.9967555e-07,0.0,0.030965685844421387,-0.00013858544782223702
68600,58.14775085449219,111.86955909729004,-3.6887825548648836,1.7106534e-07,0.0,0.03448730707168579,-0.00011518444204980938
68800,65.50279235839844,124.15684909820557,-3.6887839138507843,2.080202e-07,0.0,0.025055885314941406,-0.00014564518770168177
69000,50.96235275268555,102.43522624969482,-3.688779407739639,2.169609e-07,0.0,-0.0318378210067749,-0.00016169262739893498
69200,55.455482482910156,108.68169078826904,-3.6887791633605955,2.4646522e-07,0.0,-0.03146636486053467,-0.00015746022734361987
69400,52.653099060058594,107.7197052001953,-3.688780802488327,1.1473894e-07,0.0,-0.0980294942855835,-8.278408586122054e-05
69600,61.71079635620117,116.51687393188476,-3.6887796461582183,1.820922e-07,0.0,-0.018126726150512695,-0.00013637730460303032
69800,63.371891021728516,126.89829998016357,-3.688778167963028,2.8014185e-07,0.0,-0.0559309720993042,-0.00015881296960893466
70000,53.993038177490234,108.39615211486816,-3.6887790083885195,1.513958e-07,0.0,0.025931179523468018,-0.00010904478338655821
70200,57.13589859008789,119.09173011779785,-3.6887755930423736,1.5676022e-07,0.0,-0.01560962200164795,-0.00011185856110778048
70400,51.07394790649414,104.95425586700439,-3.688775485754013,1.218915e-07,0.0,-0.014570116996765137,-8.925034069022786e-05
70600,54.76856231689453,112.02118473052978,-3.6887729346752165,1.370907e-07,0.0,-0.006422162055969238,-0.00010892303295975125
70800,52.280086517333984,104.72401714324951,-3.6887723088264464,2.068281e-07,0.0,-0.05935239791870117,-0.00011371530514585615
71000,54.86790466308594,112.71236228942871,-3.688776594400406,2.041459e-07,0.0,-0.015002012252807617,-0.0001193936092242609
71200,51.525291442871094,102.86722183227539,-3.688777494430542,1.9878149e-07,0.0,-0.12477052211761475,-0.00012478489892728817
71400,63.02656555175781,122.97997188568115,-3.6887769222259523,2.2530556e-07,0.0,-0.12377142906188965,-0.00011433062043687547
71600,56.619388580322266,107.97011318206788,-3.688772976398468,2.5868417e-07,0.0,-0.05299389362335205,-0.0001755646409703715
71800,53.825748443603516,111.51845741271973,-3.6887753784656523,2.2560357e-07,0.0,-0.08746445178985596,-0.00013691693532535965
72000,49.39140701293945,100.05666217803955,-3.688777232170105,2.297759e-07,0.0,-0.11382222175598145,-0.0001542384022535259
72200,54.85080337524414,115.3335994720459,-3.6887737572193147,3.015995e-07,0.0,-0.0542299747467041,-0.0001332142819091331
72400,51.76694869995117,97.6143196105957,-3.688773739337921,2.6285647e-07,0.0,-0.005124330520629883,-0.00016940375421405917
72600,59.406742095947266,122.28700923919678,-3.6887729287147524,1.4215708e-07,0.0,0.017978250980377197,-0.00010042281454154533
72800,59.09061050415039,116.64847469329834,-3.6887753307819366,2.3156403e-07,0.0,-0.06498277187347412,-0.0001495223352526498
73000,52.126243591308594,98.76646862030029,-3.688773971796036,1.7017126e-07,0.0,-0.08887100219726562,-0.0001326419265166301
73200,48.7451286315918,96.39067039489746,-3.688771641254425,2.4348498e-07,0.0,0.0476343035697937,-0.00014406400956161746
73400,52.21373748779297,104.78867111206054,-3.6887733221054075,1.7762184e-07,0.0,0.06578689813613892,-0.00011399678843062588
73600,56.455745697021484,106.060231590271,-3.6887679219245912,2.041459e-07,0.0,-0.05768859386444092,-0.0001401191571762439
73800,54.83563995361328,108.57761859893799,-3.688768672943115,9.953976e-08,0.0,-0.10713756084442139,-7.007502019931166e-05
74000,46.80348587036133,104.85935268402099,-3.6887682020664214,2.026558e-07,0.0,-0.026314616203308105,-0.00013447205662133754
74200,48.3455810546875,98.74952011108398,-3.688765513896942,2.6255847e-07,0.0,-0.08938455581665039,-0.00015286181915161735
74400,49.903507232666016,101.79518775939941,-3.688769680261612,2.6226044e-07,0.0,-0.010508894920349121,-0.000172542662746622
74600,46.94287872314453,106.12766933441162,-3.688765639066696,2.0742416e-07,0.0,-0.019265174865722656,-0.00012308084951548893
74800,48.68379592895508,91.73512706756591,-3.6887611031532286,2.6285647e-07,0.0,0.032240092754364014,-0.00015752416233638655
75000,58.62582015991211,115.5971508026123,-3.6887641549110413,1.9013882e-07,0.0,-0.002527952194213867,-0.00011582810421244538
75200,53.930721282958984,103.73058471679687,-3.6887606263160704,1.4543534e-07,0.0,-0.03111422061920166,-0.00011121055502982813
75400,52.220741271972656,106.9180793762207,-3.688759613037109,1.9490719e-07,0.0,-0.06020247936248779,-0.00014033550820471418
75600,49.6505241394043,100.27804679870606,-3.6887572944164275,2.3275614e-07,0.0,0.03972816467285156,-0.00014738970992844713
75800,53.853763580322266,106.67061233520508,-3.6887591958045958,1.451373e-07,0.0,0.06025588512420654,-0.00011364785648098064
76000,50.63117218017578,107.33343276977538,-3.6887596905231477,2.2441148e-07,0.0,0.013358116149902344,-0.00012626942891351688
76200,50.78834533691406,97.12970294952393,-3.6887585282325746,2.0116568e-07,0.0,0.05488389730453491,-0.00013273957357959887
76400,52.406681060791016,100.2878360748291,-3.6887600898742674,3.1530857e-07,0.0,-0.11828410625457764,-0.00015372521504026794
76600,48.92354202270508,92.25322151184082,-3.6887588500976562,1.9103288e-07,0.0,-0.060251832008361816,-0.00012319775618863105
76800,48.36227798461914,100.27406330108643,-3.688759225606918,2.3543835e-07,0.0,-0.04356729984283447,-0.00013886004723175915
77000,52.44732666015625,105.17093830108642,-3.6887608766555786,1.6272068e-07,0.0,0.024640798568725586,-0.00011369405652423836
77200,48.021976470947266,99.81110801696778,-3.6887619316577913,1.5348196e-07,0.0,0.045472800731658936,-0.00011723927322790929
77400,57.5528678894043,105.04739952087402,-3.6887628376483916,1.1503697e-07,0.0,-0.08789467811584473,-8.182191846373144e-05
77600,57.85809326171875,113.66784534454345,-3.688762533664703,1.397729e-07,0.0,0.017443060874938965,-0.00011498580479082365
77800,50.2834358215332,100.96953105926514,-3.6887641489505767,1.9729137e-07,0.0,-0.06310176849365234,-0.00012448482248679228
78000,56.06983184814453,114.10842113494873,-3.6887630879879,1.9311905e-07,0.0,0.04521137475967407,-0.00012431041902232208
78200,50.77289581298828,106.378861618042,-3.688759458065033,2.5361777e-07,0.0,-0.017583727836608887,-0.00014251762669204027
78400,57.27677917480469,117.95212306976319,-3.688762980699539,1.16527076e-07,0.0,-0.12300753593444824,-8.850804004687519e-05
78600,59.98678207397461,119.90096492767334,-3.6887640714645387,2.259016e-07,0.0,-0.049132347106933594,-0.00015751325290338513
78800,54.999732971191406,107.26456832885742,-3.6887605011463167,1.7762184e-07,0.0,-0.021739840507507324,-0.00014809902827561672
79000,52.142982482910156,104.7012092590332,-3.6887563824653626,2.002716e-07,0.0,-0.04714787006378174,-0.0001283504074969244
79200,60.22916030883789,116.41174144744873,-3.6887546300888063,2.3037195e-07,0.0,0.000999748706817627,-0.00015072045744206618
79400,54.142757415771484,108.74922828674316,-3.688756537437439,1.5467404e-07,0.0,-0.09654736518859863,-0.00010885794159811723
79600,46.39055633544922,91.83554153442383,-3.688756746053696,3.913045e-07,0.0,0.02082216739654541,-0.00018727030459970707
79800,54.384151458740234,104.32650375366211,-3.6887593984603884,2.0772218e-07,0.0,0.0231512188911438,-0.0001210810092459269
80000,52.418087005615234,96.16513919830322,-3.6887603044509887,1.2785196e-07,0.0,0.014752209186553955,-9.59311435273058e-05
80200,62.18641662597656,128.8443166732788,-3.6887582898139955,1.5169381e-07,0.0,0.002852499485015869,-0.00011391672120497631
80400,91.75163269042969,186.98752365112304,-3.6887589633464812,1.3500453e-07,0.0,0.050480425357818604,-0.0001126349716159325
80600,101.23056030273438,216.95450973510742,-3.6887581050395966,7.212162e-08,0.0,0.026844322681427002,-8.334310304505265e-05
80800,109.97808074951172,216.95814247131347,-3.688758683204651,8.106232e-08,0.0,-0.028673887252807617,-7.99699276310406e-05
81000,106.08533477783203,217.993900680542,-3.6887606561183928,1.2099744e-07,0.0,-0.06467664241790771,-0.00010425691308508789
81200,107.3564453125,215.83245925903321,-3.6887597680091857,8.136034e-08,0.0,0.007398009300231934,-6.902825781229804e-05
81400,108.85648345947266,217.5564105987549,-3.6887612462043764,1.2248753e-07,0.0,-0.02091813087463379,-0.00012398487389617686
81600,106.00225830078125,216.22542610168458,-3.688760930299759,4.589558e-08,0.0,0.028485894203186035,-6.01786972335816e-05
81800,105.25094604492188,216.8231979370117,-3.6887610137462614,8.106232e-08,0.0,0.014280498027801514,-7.97516556811706e-05
82000,112.29946899414062,216.6212501525879,-3.6887610614299775,5.5432317e-08,0.0,0.0015761256217956543,-6.307682394428582e-05
82200,114.53433990478516,216.4780002593994,-3.6887609899044036,1.15633014e-07,0.0,-0.01725161075592041,-9.092912767201255e-05
82400,109.09790802001953,215.99419021606445,-3.6887636482715607,1.2665987e-07,0.0,-0.050031423568725586,-0.00010353025834319851
82600,109.62981414794922,216.66062278747557,-3.6887588620185854,9.6857555e-08,0.0,-0.01673436164855957,-8.231130223581573e-05
82800,102.8641586303711,216.78362617492675,-3.6887620627880096,1.1354685e-07,0.0,-0.020976781845092773,-0.0001065503057034789
83000,107.71430206298828,216.78655853271485,-3.6887648582458494,1.3411045e-07,0.0,0.0005546212196350098,-9.180922804290504e-05
83200,109.02737426757812,216.7578140258789,-3.688762205839157,1.0460615e-07,0.0,-0.024967551231384277,-9.157153968795129e-05
83400,106.85247039794922,215.5569107055664,-3.6887644231319427,8.791685e-08,0.0,-0.09764397144317627,-8.807963067454238e-05
83600,110.50407409667969,217.36669883728027,-3.6887623608112334,1.1473894e-07,0.0,-0.08175778388977051,-9.37687458716141e-05
83800,105.57530212402344,215.52874832153321,-3.6887621760368345,1.1444092e-07,0.0,-0.0026897192001342773,-0.00010614092706804357
84000,103.01664733886719,216.22026290893555,-3.688765549659729,1.7166138e-07,0.0,-0.0005725622177124023,-0.00012520054010871639
84200,108.31413269042969,215.3769729614258,-3.6887642323970793,1.0550022e-07,0.0,-0.021103620529174805,-9.693769151475351e-05
84400,102.61006164550781,215.8425807952881,-3.688767409324646,1.129508e-07,0.0,-0.008878469467163086,-9.43015221437804e-05
84600,109.86222839355469,216.050284576416,-3.688763529062271,1.5467404e-07,0.0,-0.027674436569213867,-0.00010620039793343138
84800,106.80602264404297,215.08399543762206,-3.688766598701477,1.2725592e-07,0.0,-0.04715001583099365,-0.00012023100336211456
85000,105.27253723144531,215.94326553344726,-3.6887643158435823,1.6391277e-07,0.0,-0.00918567180633545,-0.00013211289082981637
85200,108.81022644042969,215.57026481628418,-3.6887634336948394,1.4930963e-07,0.0,-0.03882026672363281,-9.215083732172502e-05
85400,107.57164764404297,216.23940162658693,-3.6887665927410125,8.970499e-08,0.0,-0.029825687408447266,-8.388437345132615e-05
85600,108.13945770263672,214.3926902770996,-3.688764101266861,1.8566847e-07,0.0,-0.011338472366333008,-0.00012990574683406918
85800,109.4378433227539,216.42446784973146,-3.688765424489975,8.434057e-08,0.0,-0.022606730461120605,-8.418157652343439e-05
86000,112.50475311279297,215.50429344177246,-3.688763254880905,1.3023615e-07,0.0,-0.03474867343902588,-0.00010535930164161656
86200,105.34640502929688,214.01120567321777,-3.6887597739696503,1.2546778e-07,0.0,0.023747920989990234,-0.00011244431090631223
86400,110.74654388427734,215.36096305847167,-3.6887600779533387,1.2010337e-07,0.0,-0.004549145698547363,-9.583506772559147e-05
86600,104.81096649169922,213.99687995910645,-3.688757538795471,1.2993812e-07,0.0,0.015173196792602539,-9.627771356406356e-05
86800,98.8403091430664,214.9256706237793,-3.6887585520744324,1.3500453e-07,0.0,0.013867795467376709,-0.00011466078363575605
87000,106.94146728515625,214.95687255859374,-3.6887548863887787,1.5646219e-07,0.0,-0.06450724601745605,-0.00014089135856707458
87200,107.40299224853516,214.80055541992186,-3.6887604236602782,1.3023615e-07,0.0,-0.0035834312438964844,-8.41751402990809e-05
87400,111.32306671142578,214.28743019104004,-3.6887538373470306,9.655953e-08,0.0,0.018467426300048828,-9.011909345133518e-05
87600,103.7149887084961,214.80954284667968,-3.6887559473514555,1.2338161e-07,0.0,-0.00896310806274414,-0.00010119991036035003
87800,102.64179992675781,214.68391304016114,-3.6887538492679597,2.6673078e-07,0.0,-0.028766751289367676,-0.00013709928154881368
88000,113.1034927368164,213.17586936950684,-3.688754063844681,2.0802023e-07,0.0,-0.0696871280670166,-0.0001379869579189119
88200,110.07991027832031,215.23549537658693,-3.688758021593094,1.102686e-07,0.0,0.005446970462799072,-9.128616839291226e-05
88400,105.67120361328125,213.67820434570314,-3.6887524247169496,1.3768673e-07,0.0,-0.0495377779006958,-9.466023738946561e-05
88600,114.66622924804688,214.48758659362792,-3.6887553691864015,8.225441e-08,0.0,-0.04544210433959961,-7.224051638061723e-05
88800,113.64485168457031,214.25478744506836,-3.688756400346756,1.3113022e-07,0.0,0.0028900504112243652,-0.00010178759733534549
89000,109.32433319091797,213.5671459197998,-3.6887564063072205,9.953976e-08,0.0,-0.007745862007141113,-8.101584006254825e-05
89200,107.16216278076172,212.9858242034912,-3.6887539684772492,1.8119812e-07,0.0,-0.024746060371398926,-0.00014102684036956247
89400,107.77322387695312,212.98666534423828,-3.6887576639652253,1.7732381e-07,0.0,0.006736159324645996,-0.00011745269662775116
89600,108.04810333251953,214.42527809143067,-3.6887547791004183,1.4245511e-07,0.0,-0.06648087501525879,-0.00010323712211910419
89800,104.57857513427734,214.2511241912842,-3.6887565076351168,1.2099743e-07,0.0,-0.01625204086303711,-0.0001030508424317178
90000,103.2818832397461,213.8617835998535,-3.6887561321258544,1.1503697e-07,0.0,-0.058690428733825684,-8.61263276444646e-05
90200,102.83678436279297,213.9876308441162,-3.688756453990936,9.000301e-08,0.0,0.011133074760437012,-7.889226837889395e-05
90400,106.21009826660156,213.07691955566406,-3.688754677772522,1.180172e-07,0.0,0.026394128799438477,-9.660190379223721e-05
90600,102.73072052001953,212.59177513122557,-3.68875567317009,1.0490418e-07,0.0,-0.017583489418029785,-9.148463549664143e-05
90800,103.57746887207031,213.24864921569824,-3.688756066560745,1.2755395e-07,0.0,-0.08754754066467285,-0.00010163730293442086
91000,111.14441680908203,213.53839416503905,-3.6887579262256622,7.718802e-08,0.0,-0.0027118921279907227,-6.68856948088603e-05
91200,100.14069366455078,213.19495658874513,-3.688754916191101,1.2904405e-07,0.0,-0.01820814609527588,-0.00011468373187994985
91400,109.94983673095703,213.22089004516602,-3.6887525260448455,1.4305115e-07,0.0,-0.07734525203704834,-0.00010348327442812887
91600,101.92053985595703,212.81608924865722,-3.688753145933151,1.5884638e-07,0.0,-0.008476853370666504,-0.00013217024640965747
91800,109.06025695800781,212.450842666626,-3.6887522757053377,9.1493135e-08,0.0,-3.7670135498046875e-05,-7.28066864311927e-05
92000,102.144775390625,213.59859657287598,-3.6887535989284514,1.6570092e-07,0.0,-0.03551936149597168,-0.0001364085967587414
92200,109.83306884765625,212.14540328979493,-3.688752365112305,1.5854836e-07,0.0,0.015708327293395996,-0.00010553918719935496
92400,110.9700927734375,212.3660430908203,-3.68875076174736,1.4275312e-07,0.0,0.007484555244445801,-0.00013358789719006837
92600,101.78569793701172,212.4015983581543,-3.6887471199035646,1.6123056e-07,0.0,-0.022895336151123047,-0.0001142472181115295
92800,107.23583984375,212.01666107177735,-3.6887513279914854,1.2665987e-07,0.0,0.01441967487335205,-0.00010326907063387125
93000,107.46881866455078,212.43368186950684,-3.6887532114982604,1.66893e-07,0.0,-0.007904410362243652,-0.00012256681975060247
93200,106.89277648925781,212.27915382385254,-3.6887503623962403,1.7046929e-07,0.0,-0.06230032444000244,-0.00013050289836371575
93400,108.89857482910156,212.24192657470704,-3.688751834630966,7.361173e-08,0.0,-0.015475153923034668,-7.088866075317668e-05
93600,106.70148468017578,211.2768970489502,-3.6887531697750093,1.7791986e-07,0.0,0.017642974853515625,-0.00011766824789205543
93800,105.64945983886719,212.13008804321288,-3.688749223947525,1.4960766e-07,0.0,-0.022274017333984375,-0.0001047047374630239
94000,110.64165496826172,211.5360481262207,-3.688752293586731,1.0311604e-07,0.0,0.013442814350128174,-9.314259914461331e-05
94200,107.89572143554688,211.9841480255127,-3.6887506425380705,1.3440848e-07,0.0,-0.01771724224090576,-9.396562560475275e-05
94400,109.65254974365234,212.48399620056153,-3.6887544989585876,1.1980534e-07,0.0,-0.0022144317626953125,-0.00010326600033199185
94600,106.65764617919922,211.8348388671875,-3.6887502014636993,2.861023e-07,0.0,-0.06902754306793213,-0.0001620579004320888
94800,109.14861297607422,212.45794982910155,-3.688752156496048,1.6361474e-07,0.0,-0.04236888885498047,-0.00011938639016122466
95000,109.41848754882812,211.02205009460448,-3.688750219345093,1.1056662e-07,0.0,0.004072606563568115,-8.976018406325892e-05
95200,104.5676498413086,210.95864715576172,-3.6887525081634522,1.7940997e-07,0.0,-0.03431046009063721,-0.00013582939721317188
95400,108.34544372558594,210.8865436553955,-3.688747227191925,1.0073185e-07,0.0,0.02921062707901001,-8.220846642696955e-05
95600,106.47310638427734,211.3896427154541,-3.688745892047882,2.0384789e-07,0.0,-0.05511784553527832,-0.00010946822160633474
95800,108.26402282714844,212.03056526184082,-3.688751894235611,1.8060206e-07,0.0,-0.06490516662597656,-0.00013233002196512135
96000,106.25593566894531,211.7908794403076,-3.688756662607193,1.8715859e-07,0.0,-0.024355769157409668,-0.000137421457863951
96200,101.61226654052734,211.12623596191406,-3.6887539684772492,1.5556813e-07,0.0,0.0005065798759460449,-0.00011062617664840957
96400,106.81016540527344,210.06671752929688,-3.6887534976005556,1.8835067e-07,0.0,0.01590496301651001,-0.00013842157897805407
96600,102.2456283569336,211.57831344604492,-3.6887605667114256,1.373887e-07,0.0,0.03354799747467041,-9.682342443113612e-05
96800,111.16045379638672,209.8407127380371,-3.688755363225937,1.14440915e-07,0.0,-0.03797280788421631,-9.141828806207286e-05
97000,108.72090148925781,210.46331748962402,-3.6887556850910186,2.297759e-07,0.0,-0.035061001777648926,-0.0001499468090128353
97200,102.61824798583984,209.93578071594237,-3.688757336139679,1.8894673e-07,0.0,-0.00018978118896484375,-0.0001267379294976223
97400,106.05936431884766,210.53464584350587,-3.6887547433376313,1.07884404e-07,0.0,0.0009093284606933594,-0.00010409331209650929
97600,110.20188903808594,210.391361618042,-3.6887568533420563,1.358986e-07,0.0,0.02339470386505127,-0.0001108593188149598
97800,107.01070404052734,210.8227169036865,-3.6887574195861816,1.2040138e-07,0.0,-0.00935053825378418,-8.509230600992624e-05
98000,107.61699676513672,211.13640518188475,-3.688753682374954,2.3037197e-07,0.0,-0.058014750480651855,-0.0001338279110555618
98200,105.18728637695312,211.11963920593263,-3.6887557983398436,2.336502e-07,0.0,-0.02943432331085205,-0.0001631679542478892
98400,102.60565185546875,211.0407657623291,-3.6887573421001436,1.7493963e-07,0.0,-0.03350412845611572,-0.00013952546721753833
98600,106.24359130859375,210.20559959411622,-3.6887589752674104,1.5497207e-07,0.0,0.030704498291015625,-9.259977221383053e-05
98800,104.45077514648438,209.43433074951173,-3.688759183883667,1.5705824e-07,0.0,-0.0006682872772216797,-0.000117709980320857
99000,109.60060119628906,210.61338424682617,-3.688758933544159,1.502037e-07,0.0,-0.0009372234344482422,-0.0001057252881793147
99200,109.35596466064453,208.86911735534667,-3.6887535572052004,1.5974045e-07,0.0,-0.05687272548675537,-0.00011381796002005729
99400,105.97105407714844,210.89162673950196,-3.688757461309433,1.0430813e-07,0.0,-0.035668373107910156,-8.685762435298728e-05
99600,105.51087951660156,209.84609718322753,-3.6887569069862365,1.2636184e-07,0.0,0.04286777973175049,-0.00010884107615822813
99800,107.32207489013672,209.4861888885498,-3.6887567043304443,1.6719103e-07,0.0,0.008202731609344482,-0.00011220060293197776
100000,105.924560546875,209.76009864807128,-3.6887589514255525,1.7613172e-07,0.0,0.012213826179504395,-0.0001385446499066134
100200,101.64640045166016,210.33440170288085,-3.688755762577057,9.0301036e-08,0.0,-0.027855634689331055,-6.871175698464072e-05
100400,98.08760833740234,208.93537673950195,-3.6887545943260194,1.0818243e-07,0.0,0.012274444103240967,-0.0001018381416232117
100600,109.15542602539062,208.69879646301268,-3.6887538909912108,1.6510486e-07,0.0,0.03325444459915161,-0.00012142369157244203
100800,95.25247192382812,209.19025077819825,-3.688754028081894,1.9192696e-07,0.0,-0.021848320960998535,-0.00013389219447788037
101000,109.84464263916016,209.62734146118163,-3.688755840063095,1.6927719e-07,0.0,0.002281665802001953,-0.0001390129773970905
101200,97.77483367919922,208.63278884887694,-3.6887528002262115,1.9133093e-07,0.0,-0.0374225378036499,-0.00013007108913729582
101400,110.28346252441406,210.2337631225586,-3.6887545466423033,1.1771917e-07,0.0,-0.06983006000518799,-9.449106409075148e-05
101600,105.02477264404297,209.51267852783204,-3.6887514352798463,1.79708e-07,0.0,-0.006175518035888672,-0.00011614318147259439
101800,106.76567077636719,208.70705871582032,-3.688752865791321,9.983778e-08,0.0,0.0010730624198913574,-8.03772957011617e-05
102000,96.19703674316406,209.02716751098632,-3.688748651742935,1.5228987e-07,0.0,-0.033731937408447266,-0.00011692123176594293
102200,103.37123107910156,208.9678409576416,-3.6887509524822235,1.8566845e-07,0.0,-0.02761387825012207,-0.00013244183365834772
102400,101.1054458618164,209.17335510253906,-3.6887497305870056,1.2159347e-07,0.0,-0.03392374515533447,-9.769216143702408e-05
102600,96.57830810546875,209.158602142334,-3.6887506365776064,2.7179718e-07,0.0,-0.05350291728973389,-0.00015632934892764183
102800,103.27893829345703,208.68890228271485,-3.6887487947940825,1.9550325e-07,0.0,-0.011387944221496582,-0.00012390558357378012
103000,104.77652740478516,208.43474960327148,-3.688747709989548,1.4305115e-07,0.0,0.013849854469299316,-9.189370314004464e-05
103200,103.16820526123047,208.50975646972657,-3.688750129938126,1.257658e-07,0.0,-0.0031703710556030273,-0.00010165090876734784
103400,101.53165435791016,208.8007781982422,-3.688753139972687,1.9609928e-07,0.0,0.02334010601043701,-0.00011725063655916301
103600,105.032958984375,207.93012390136718,-3.6887506008148194,1.7315149e-07,0.0,0.01404261589050293,-0.00010517277537083202
103800,108.50350189208984,208.33346786499024,-3.688752233982086,1.7315149e-07,0.0,-0.04074442386627197,-0.00011334010903514269
104000,108.88102722167969,208.87870674133302,-3.6887531518936156,1.7553567e-07,0.0,-0.028885602951049805,-0.00013213913925023136
104200,107.07575225830078,208.41748428344727,-3.6887549579143526,1.15633014e-07,0.0,-0.07457578182220459,-9.16776583054002e-05
104400,98.38817596435547,208.29221687316894,-3.6887579560279846,1.6570091e-07,0.0,0.017083168029785156,-0.00010414607059363589
104600,105.40452575683594,207.8970546722412,-3.6887552082538604,1.0848045e-07,0.0,0.0036557912826538086,-9.492164849698171e-05
104800,102.77165222167969,208.55941276550294,-3.688758784532547,1.3113021e-07,0.0,0.00901782512664795,-9.938712548205331e-05
105000,108.29829406738281,208.16770515441894,-3.688756376504898,1.9490719e-07,0.0,-0.004250645637512207,-0.00015023127183972919
105200,98.84373474121094,207.82045974731446,-3.6887587785720823,1.654029e-07,0.0,0.00030285120010375977,-0.00011451895573770799
105400,103.04889678955078,208.50068168640138,-3.6887569546699526,2.5987623e-07,0.0,-0.058301568031311035,-0.00017557239451235774
105600,94.9524917602539,207.2734344482422,-3.6887582659721376,1.5228987e-07,0.0,0.023121118545532227,-0.00011121276093002397
105800,107.27759552001953,207.78429107666017,-3.6887594640254973,1.0669231e-07,0.0,0.02192521095275879,-9.284748908608976e-05
106000,102.62178039550781,207.04708290100098,-3.6887544870376585,1.8447638e-07,0.0,0.012719273567199707,-0.00012736590182482743
106200,102.82902526855469,207.76870346069336,-3.6887597262859346,1.4185906e-07,0.0,-0.04506731033325195,-9.920258844076102e-05
106400,101.84230041503906,207.58350715637206,-3.6887580335140226,1.6093254e-07,0.0,0.007589221000671387,-0.00010991592808622386
106600,102.85099029541016,207.8821880340576,-3.6887553334236145,9.059906e-08,0.0,0.0107039213180542,-8.273866704513466e-05
106800,107.77335357666016,207.93532180786133,-3.688754105567932,2.0205974e-07,0.0,-0.010099291801452637,-0.00013003849992969662
107000,102.03569030761719,207.15133666992188,-3.688755977153778,2.0384789e-07,0.0,0.025962650775909424,-0.00011703021829774229
107200,99.85635375976562,207.64113960266113,-3.688751995563507,2.911687e-07,0.0,-0.015524864196777344,-0.0001912940573483013
107400,102.62787628173828,206.64534645080568,-3.6887537956237795,1.6957522e-07,0.0,-0.0349806547164917,-0.00010475759692631925
107600,105.80848693847656,207.21182861328126,-3.688751298189163,1.3649463e-07,0.0,-0.0070067644119262695,-0.0001037596461129664
107800,93.28457641601562,207.42718696594238,-3.6887492418289183,1.385808e-07,0.0,0.027185499668121338,-9.045298396586077e-05
108000,102.78509521484375,206.97450370788573,-3.688744932413101,1.5079975e-07,0.0,-0.031604766845703125,-0.00011228482307501508
108200,105.88813781738281,206.70143928527833,-3.688748890161514,1.3321639e-07,0.0,-0.011330842971801758,-8.954699412448975e-05
108400,104.10340881347656,207.06435623168946,-3.688746577501297,1.269579e-07,0.0,0.01643282175064087,-0.00010553964908055491
108600,104.7770004272461,206.92044410705566,-3.6887487411499023,1.12354755e-07,0.0,0.029303371906280518,-9.208637533770769e-05
108800,100.32247161865234,206.23192443847657,-3.688750320672989,1.0967255e-07,0.0,0.007338762283325195,-9.035935622776492e-05
109000,100.05184936523438,207.05314750671386,-3.688751345872879,1.2665987e-07,0.0,0.028344273567199707,-9.200496902863619e-05
109200,99.30159759521484,206.13479385375976,-3.688749796152115,1.5169383e-07,0.0,0.03094172477722168,-0.00011966975637509592
109400,103.85551452636719,206.39420280456542,-3.688751000165939,1.6748906e-07,0.0,0.004072010517120361,-9.585867903361134e-05
109600,102.39508056640625,206.54465370178224,-3.6887460887432098,1.8924476e-07,0.0,-0.048815369606018066,-0.00012447334774066122
109800,101.12470245361328,206.67956199645997,-3.6887465000152586,1.8566847e-07,0.0,-0.0006482601165771484,-0.00011798733495496094
110000,103.63868713378906,206.33852005004883,-3.688743996620178,8.7022784e-08,0.0,-0.01727437973022461,-7.304318339613758e-05
110200,105.80178833007812,206.60280532836913,-3.688745778799057,1.92523e-07,0.0,-0.01578354835510254,-0.00015038198164587512
110400,100.62049865722656,205.56554489135743,-3.6887449085712434,1.9013882e-07,0.0,0.01621389389038086,-0.00013004696355807256
110600,103.19329833984375,206.18817825317382,-3.688743990659714,1.3530254e-07,0.0,-0.03367781639099121,-0.00011037591001921143
110800,108.167236328125,206.09227294921874,-3.6887444376945497,1.8239021e-07,0.0,0.004688680171966553,-0.00014315012138261808
111000,96.49246978759766,205.75252151489258,-3.688739687204361,1.4185906e-07,0.0,0.024554133415222168,-0.00011264377569522032
111200,105.3007583618164,206.2765686035156,-3.6887399733066557,1.603365e-07,0.0,-0.0331646203994751,-0.0001058884855900999
111400,105.11202239990234,206.11481742858888,-3.688742530345917,1.15633014e-07,0.0,0.0018521547317504883,-9.634146147199373e-05
111600,102.94377899169922,206.25986137390137,-3.68874214887619,1.9669531e-07,0.0,-0.02193295955657959,-0.00014240087523058608
111800,105.14801025390625,205.93328857421875,-3.6887434780597688,1.758337e-07,0.0,-0.01011359691619873,-0.0001208736742380978
112000,100.1242446899414,205.15291213989258,-3.688742291927338,2.2679568e-07,0.0,-0.04667508602142334,-0.00014750954486295598
112200,102.26121520996094,205.07041091918944,-3.688741272687912,1.5169383e-07,0.0,-0.0017837285995483398,-0.00010999369609381305
112400,95.32359313964844,206.2124454498291,-3.688741832971573,2.0503997e-07,0.0,0.014017999172210693,-0.0001229484828328964
112600,109.33061218261719,205.93057403564453,-3.6887430250644684,1.1056662e-07,0.0,-0.044037818908691406,-9.193658832877816e-05
112800,108.45260620117188,205.32119941711426,-3.688738703727722,1.3619662e-07,0.0,-0.015225529670715332,-9.459534329465668e-05
113000,101.81333923339844,205.69096031188965,-3.6887400686740874,2.2798777e-07,0.0,-0.02376258373260498,-0.00014729176405836597
113200,109.42244720458984,205.81830215454102,-3.6887394964694975,2.0802021e-07,0.0,-0.015952467918395996,-0.0001142813939503995
113400,107.26817321777344,205.8393768310547,-3.688736951351166,1.3411045e-07,0.0,-0.05116724967956543,-9.805052050921858e-05
113600,101.30623626708984,205.55352516174315,-3.688734996318817,1.552701e-07,0.0,-0.043088555335998535,-0.00013788345461245298
113800,104.93667602539062,204.9482677459717,-3.688733458518982,1.296401e-07,0.0,-0.00414884090423584,-9.188900859697924e-05
114000,96.7113265991211,204.9670280456543,-3.688728165626526,2.2411348e-07,0.0,0.050184786319732666,-0.00014221394013418375
114200,92.68134307861328,203.82285270690917,-3.688725870847702,2.2500754e-07,0.0,-0.015448808670043945,-0.0001590715060075354
114400,104.91595458984375,204.10619316101074,-3.68872332572937,1.3530254e-07,0.0,-0.006310701370239258,-0.00010336263484553854
114600,102.76199340820312,205.15196418762207,-3.688725221157074,2.0354986e-07,0.0,0.0005562305450439453,-0.00013535212758997162
114800,100.8502426147461,204.74372634887695,-3.688720905780792,1.4215709e-07,0.0,-0.0061380863189697266,-0.00010224473436331039
115000,99.31962585449219,204.37333564758302,-3.688722628355026,1.2129546e-07,0.0,-0.05049598217010498,-9.47874267346549e-05
115200,102.46795654296875,205.18279533386232,-3.688725584745407,1.0758639e-07,0.0,-0.01570427417755127,-8.36140962724885e-05
115400,106.35610961914062,204.3876682281494,-3.6887178897857664,1.335144e-07,0.0,0.04662466049194336,-0.00010107393599980696
115600,102.52888488769531,204.21757774353028,-3.688718056678772,2.3275614e-07,0.0,-0.01858532428741455,-0.00014517258150021918
115800,103.38397979736328,204.71006813049317,-3.6887210071086884,1.2814999e-07,0.0,0.017825722694396973,-9.728025681488006e-05
116000,102.71499633789062,203.99472427368164,-3.68871750831604,1.9520522e-07,0.0,-0.006876707077026367,-0.00011964757795941416
116200,102.37824249267578,204.18825416564943,-3.688719171285629,9.1493135e-08,0.0,0.030185043811798096,-8.681070810112601e-05
116400,102.35111999511719,204.16331634521484,-3.688717895746231,2.0414592e-07,0.0,0.01194983720779419,-0.00013323347264222464
116600,94.70714569091797,204.8519329071045,-3.6887207984924317,1.3530254e-07,0.0,-0.04203009605407715,-0.00011091025227969454
116800,101.24551391601562,204.27374534606935,-3.6887190520763395,1.7821787e-07,0.0,-0.0367048978805542,-0.00015734072110404896
117000,106.82365417480469,204.07263946533203,-3.688719058036804,1.79708e-07,0.0,-0.01723802089691162,-9.377027932968573e-05
117200,107.51024627685547,203.695658493042,-3.6887186884880068,1.8507242e-07,0.0,0.008681893348693848,-0.00011353707247678813
117400,95.40843200683594,204.14686126708983,-3.688719302415848,1.1920928e-07,0.0,0.011795878410339355,-9.285517838506508e-05
117600,98.31404113769531,203.6597427368164,-3.688714075088501,1.3113022e-07,0.0,-0.024453401565551758,-9.965821355137905e-05
117800,101.01461029052734,203.81401519775392,-3.688714176416397,1.5646219e-07,0.0,-0.00024068355560302734,-0.00011191422575009823
118000,111.65139770507812,203.97270584106445,-3.688719707727432,2.7269124e-07,0.0,-0.04324960708618164,-0.00018504211273544512
118200,103.66546630859375,203.67898864746093,-3.6887214362621306,1.2934207e-07,0.0,0.019559144973754883,-9.718982866715464e-05
118400,100.09931182861328,203.81724586486817,-3.6887184977531433,1.320243e-07,0.0,-0.002098560333251953,-0.00011222779643347281
118600,101.12844848632812,203.79243392944335,-3.6887188017368318,1.3649463e-07,0.0,-0.00784158706665039,-9.763336210824036e-05
118800,103.12577819824219,203.9222141265869,-3.688717943429947,1.2904405e-07,0.0,-0.028964996337890625,-9.239098396409683e-05
119000,99.01409912109375,204.09390449523926,-3.6887223362922668,1.7911195e-07,0.0,-0.012273073196411133,-0.00012508027291389113
119200,102.3536148071289,203.30347938537597,-3.6887225449085235,1.14440915e-07,0.0,0.03321802616119385,-0.00010042647247998637
119400,104.8084945678711,203.12366256713867,-3.68871493935585,1.7076731e-07,0.0,0.005981087684631348,-0.0001073941885408658
119600,99.15814208984375,203.4210247039795,-3.688716381788254,1.6748905e-07,0.0,-0.007426619529724121,-0.00011197814369392489
119800,104.58476257324219,202.98567123413085,-3.6887126505374908,1.1086464e-07,0.0,0.001865088939666748,-8.49303530269907e-05
120000,97.0573501586914,203.28912811279298,-3.688715970516205,1.9729137e-07,0.0,0.0063852667808532715,-0.00014531737621048535
120200,102.5269775390625,202.94361381530763,-3.6887142062187195,2.2113323e-07,0.0,-0.02765977382659912,-0.00014533494452031447
120400,103.7772445678711,202.13822479248046,-3.6887154996395113,2.0503998e-07,0.0,0.013055801391601562,-0.00016050147946173877
120600,104.6351318359375,203.63855438232423,-3.6887243747711183,2.0861627e-07,0.0,-0.0451582670211792,-0.00013520196097154268
120800,102.0802993774414,203.07810325622557,-3.6887215435504914,1.8775462e-07,0.0,-0.02339315414428711,-0.00012126736305191343
121000,101.5848617553711,203.31722412109374,-3.6887227952480317,2.5033953e-07,0.0,-0.02408123016357422,-0.0001474565706669928
121200,102.06324768066406,202.85647430419922,-3.6887138724327087,1.6659499e-07,0.0,-0.017408370971679688,-0.00010897542515060365
121400,101.26896667480469,202.6991283416748,-3.688714104890823,1.8447638e-07,0.0,-0.030986428260803223,-0.00011922907865056232
121600,105.92173767089844,203.13015060424806,-3.6887170672416687,1.09374525e-07,0.0,-0.0336838960647583,-8.111162478670053e-05
121800,100.07473754882812,202.8168743133545,-3.688718342781067,1.6480683e-07,0.0,0.0013034343719482422,-0.00011799271443035941
122000,104.83423614501953,203.03015327453613,-3.688718843460083,1.4603137e-07,0.0,-0.03804051876068115,-0.00010502076177481001
122200,93.9871826171875,202.6361961364746,-3.688718634843826,1.09374525e-07,0.0,-0.003995299339294434,-9.836706515073957e-05
122400,101.45972442626953,201.8040557861328,-3.688716298341751,1.6391277e-07,0.0,-0.0051097869873046875,-0.0001307857937430157
122600,97.22541046142578,202.43670578002929,-3.6887195467948914,1.3679266e-07,0.0,0.0010196566581726074,-0.00010278640764429525
122800,101.0628890991211,202.34598846435546,-3.6887189626693724,1.7493964e-07,0.0,-0.005978822708129883,-0.0001396223602185387
123000,95.32801818847656,202.33213119506837,-3.6887200474739075,2.5779008e-07,0.0,-0.0005728006362915039,-0.00016986502697768913
123200,95.310302734375,201.80050239562988,-3.68871756196022,2.0623207e-07,0.0,0.032376885414123535,-0.00014160078747202932
123400,107.62464141845703,202.16998291015625,-3.6887175917625425,1.296401e-07,0.0,0.01201176643371582,-0.00010457733281228343
123600,104.44270324707031,202.3939296722412,-3.6887167036533355,1.3142824e-07,0.0,-0.01567256450653076,-0.00010753874504771943
123800,100.55510711669922,202.33004875183104,-3.688710457086563,1.5854836e-07,0.0,-0.014844298362731934,-0.00011079333790462443
124000,97.49189758300781,201.9033374786377,-3.688711029291153,2.3543835e-07,0.0,-0.003518223762512207,-0.00014171193651257852
124200,101.98741912841797,202.13507957458495,-3.6887076258659364,1.0699034e-07,0.0,0.007102549076080322,-8.393938654194244e-05
124400,102.94400024414062,202.17619209289552,-3.688713216781616,2.0444392e-07,0.0,-0.03888118267059326,-0.00013544581796622878
124600,99.22737884521484,202.03012466430664,-3.688712400197983,2.002716e-07,0.0,-0.009903907775878906,-0.00013376990034426052
124800,97.93848419189453,202.07434005737304,-3.6887062907218935,1.296401e-07,0.0,-0.02840745449066162,-0.00010329434330156318
125000,104.96476745605469,201.799857711792,-3.688706523180008,1.7225743e-07,0.0,-0.020017385482788086,-0.00011261817752257208
125200,95.19786071777344,201.99800872802734,-3.6887065172195435,1.7702578e-07,0.0,-0.012589216232299805,-0.00011585590265745793
125400,101.71309661865234,200.77990341186523,-3.6887042939662935,1.4394521e-07,0.0,0.0007447600364685059,-0.00010228657729456358
125600,102.19220733642578,201.91716537475585,-3.6887037456035614,1.7821789e-07,0.0,-0.012897968292236328,-0.00011460748340059723
125800,100.5217056274414,201.68999710083008,-3.6887042582035066,2.3335218e-07,0.0,-0.01572740077972412,-0.00013348853535717354
126000,96.89751434326172,200.59514541625975,-3.6887037336826323,2.3633243e-07,0.0,-0.017080068588256836,-0.00015221331948396256
126200,104.66413116455078,200.94744987487792,-3.6887037456035614,1.6748905e-07,0.0,-0.010017156600952148,-0.00011869032739326712
126400,99.42511749267578,201.54190521240236,-3.6886982679367066,1.02818014e-07,0.0,-0.006946563720703125,-9.267561188615047e-05
126600,103.24137878417969,200.45536041259766,-3.6886955082416533,6.884336e-08,0.0,-0.016525983810424805,-7.464881294652059e-05
126800,102.52804565429688,201.63640441894532,-3.68869748711586,1.6987323e-07,0.0,-0.03230094909667969,-0.00012094196737848506
127000,102.2767333984375,201.3084915161133,-3.6886944353580473,1.361966e-07,0.0,0.009328186511993408,-9.369026910803769e-05
127200,94.15264892578125,201.15292015075684,-3.688693755865097,1.9878149e-07,0.0,-0.016115546226501465,-0.00011674833357702141
127400,103.4915542602539,201.23831443786622,-3.6886920511722563,1.4811754e-07,0.0,-0.016248583793640137,-0.00013800049662648917
127600,104.92405700683594,201.1158760070801,-3.68869349360466,8.642674e-08,0.0,0.030315101146697998,-7.983513525813279e-05
127800,98.8414535522461,200.629723739624,-3.688686507940292,1.4007091e-07,0.0,0.0037186741828918457,-0.00011239393037314472
128000,99.32481384277344,201.10298233032228,-3.688688266277313,1.0579825e-07,0.0,-0.034130215644836426,-9.804976008176425e-05
128200,106.91793060302734,200.94430503845214,-3.688688337802887,1.66893e-07,0.0,-0.01974034309387207,-0.00011040058707187939
128400,102.9048843383789,200.10861320495604,-3.688684904575348,1.2129544e-07,0.0,-0.0025330781936645508,-9.690320504613936e-05
128600,96.194580078125,200.60751457214354,-3.688689571619034,1.1324882e-07,0.0,-0.020871520042419434,-8.552832908339524e-05
128800,99.05519104003906,200.37392807006836,-3.6886890292167664,1.7732381e-07,0.0,-0.022965312004089355,-0.00010471151665250033
129000,99.40528106689453,200.74547004699707,-3.68868807554245,1.3053416e-07,0.0,0.014530658721923828,-0.00010664507784952093
129200,102.02374267578125,200.32671852111815,-3.6886811017990113,1.6093254e-07,0.0,-0.01123964786529541,-0.0001139281538470982
129400,102.62629699707031,200.49049110412597,-3.688683009147644,1.4454127e-07,0.0,0.0018913745880126953,-0.00010438250016946427
129600,105.96874237060547,199.70300178527833,-3.6886880576610563,1.6719103e-07,0.0,0.005171418190002441,-0.00013925627631259375
129800,102.08463287353516,201.01672401428223,-3.688685190677643,1.7285346e-07,0.0,-0.023905277252197266,-0.00010566535558496071
130000,99.61978912353516,200.47075920104982,-3.688688838481903,1.2516976e-07,0.0,0.012575209140777588,-9.680907484579392e-05
130200,100.5189437866211,199.71911659240723,-3.688685578107834,1.9907952e-07,0.0,-0.022458791732788086,-0.00014160697267562306
130400,101.39842987060547,200.27896537780762,-3.688684397935867,1.7136335e-07,0.0,0.009143531322479248,-0.00012976456772477717
130600,104.9140396118164,200.45146293640136,-3.68868807554245,1.4841558e-07,0.0,-0.020497679710388184,-0.00012684626878751716
130800,105.42496490478516,200.52012634277344,-3.688687765598297,1.3172627e-07,0.0,-0.03226304054260254,-0.00010435139433750962
131000,98.91668701171875,200.2427028656006,-3.6886878490447996,1.7732381e-07,0.0,-0.0016819238662719727,-0.00012834292633172594
131200,101.49314880371094,200.14941902160643,-3.688689798116684,2.619624e-07,0.0,-0.02057933807373047,-0.00015979409166790858
131400,99.70841217041016,200.16759033203124,-3.688686043024063,2.3901464e-07,0.0,-0.018198847770690918,-0.00017615206483014844
131600,101.4901123046875,199.8585304260254,-3.6886829853057863,1.7553567e-07,0.0,0.028380095958709717,-0.00011708615675964928
131800,101.45502471923828,200.06748046875,-3.688688260316849,1.2129544e-07,0.0,0.020549118518829346,-9.123224049556455e-05
132000,100.19568634033203,199.62073974609376,-3.688687115907669,2.3156404e-07,0.0,0.008752584457397461,-0.00016153414578958802
132200,99.04316711425781,199.78315811157228,-3.6886828362941744,1.5050173e-07,0.0,-0.006183028221130371,-0.00010813631096056042
132400,95.26641082763672,199.4552993774414,-3.6886786580085755,1.2367964e-07,0.0,0.001585841178894043,-8.432422529951467e-05
132600,99.22280883789062,199.4246681213379,-3.6886775135993957,1.7076731e-07,0.0,0.01410752534866333,-9.426684969824351e-05
132800,97.03633880615234,199.7789619445801,-3.688680899143219,1.7017126e-07,0.0,-0.020915508270263672,-0.00012580029721167562
133000,104.77653503417969,199.60206871032716,-3.68867364525795,2.3037194e-07,0.0,-0.012722134590148926,-0.0001276211886917622
133200,94.3328628540039,199.7453098297119,-3.6886830568313598,1.347065e-07,0.0,0.009596526622772217,-0.00011378076642714064
133400,102.26323699951172,199.37045516967774,-3.6886741042137148,1.2844801e-07,0.0,0.015359818935394287,-0.00011190643862306615
133600,100.92707061767578,199.72447471618653,-3.6886721551418304,2.0235777e-07,0.0,-0.014220237731933594,-0.00013108031457989
133800,99.76167297363281,198.65716590881348,-3.6886729538440703,1.6361474e-07,0.0,-0.0041539669036865234,-0.00012276005732144712
134000,106.30668640136719,199.55233497619628,-3.6886723279953,1.8447638e-07,0.0,-0.015741825103759766,-0.00012935338075363844
134200,98.44938659667969,199.11124839782715,-3.688670003414154,1.01923945e-07,0.0,0.017105042934417725,-8.954875220084091e-05
134400,100.91879272460938,199.53255920410157,-3.6886734426021577,1.373887e-07,0.0,-0.014153599739074707,-9.887921088633789e-05
134600,102.433837890625,199.21756019592286,-3.688669902086258,2.324581e-07,0.0,-0.013236165046691895,-0.00016223064036555713
134800,97.29006958007812,199.32625312805175,-3.6886711716651917,2.092123e-07,0.0,-0.0021768808364868164,-0.0001133729658413074
135000,106.53054809570312,199.58915596008302,-3.688675320148468,1.7732381e-07,0.0,-0.027800679206848145,-0.00012080496607040914
135200,99.0322265625,199.08471717834473,-3.6886739075183868,1.8268824e-07,0.0,0.022952377796173096,-0.0001312722420955481
135400,96.98058319091797,198.64990577697753,-3.688671362400055,1.5974044e-07,0.0,-0.006523728370666504,-0.00012775674395495428
135600,102.14176177978516,198.82187271118164,-3.688670778274536,1.2725592e-07,0.0,0.018103480339050293,-9.834294058066461e-05
135800,100.27581024169922,198.49821815490722,-3.6886720776557924,1.13546854e-07,0.0,0.008792102336883545,-9.281933954810028e-05
136000,104.3707275390625,198.54109306335448,-3.6886657953262327,1.4811755e-07,0.0,0.004063665866851807,-9.89984791228693e-05
136200,101.40811920166016,198.876309967041,-3.6886780858039856,1.8000603e-07,0.0,-0.0026987791061401367,-0.00013403466446106904
136400,102.2104263305664,198.8067626953125,-3.6886759400367737,1.5735627e-07,0.0,0.003729581832885742,-0.00011966320832925703
136600,98.12824249267578,198.91850509643555,-3.6886760175228117,1.3768673e-07,0.0,-0.0361020565032959,-9.899087198661505e-05
136800,108.86270141601562,198.82268142700195,-3.6886775493621826,1.8060209e-07,0.0,-0.027828574180603027,-0.00012784621804087237
137000,99.3884506225586,198.68455085754394,-3.688678687810898,1.4305114e-07,0.0,-0.006660819053649902,-0.00011383699234350786
137200,101.30980682373047,198.43978691101074,-3.688672298192978,1.591444e-07,0.0,0.004281103610992432,-0.00014164373269736074
137400,98.6282730102539,198.76619338989258,-3.6886750519275666,1.5407801e-07,0.0,-0.015132308006286621,-0.00010005484447361823
137600,98.9825210571289,198.33972511291503,-3.6886731326580047,1.245737e-07,0.0,0.014202415943145752,-0.00010106834728778047
137800,100.07917022705078,197.935062789917,-3.6886715650558473,2.1576881e-07,0.0,-0.02677929401397705,-0.00013141973299113374
138000,103.1739273071289,198.7122360229492,-3.688672649860382,2.1398068e-07,0.0,-0.030078768730163574,-0.00016266213378912653
138200,101.22261810302734,198.17529220581054,-3.6886698365211488,1.5586615e-07,0.0,-0.0006449222564697266,-0.00011076304401598236
138400,101.26372528076172,198.32233161926268,-3.688671922683716,1.9758939e-07,0.0,-0.008647680282592773,-0.00015100480604317567
138600,92.69915008544922,198.08903541564942,-3.6886749863624573,1.2516975e-07,0.0,-0.0034089088439941406,-9.027714978415702e-05
138800,101.3930892944336,197.94785804748534,-3.688667470216751,1.6480685e-07,0.0,0.004777491092681885,-0.00010477760427107796
139000,101.29000091552734,197.41473770141602,-3.6886751770973207,1.2695789e-07,0.0,-0.018950223922729492,-9.707632584792237e-05
139200,101.71992492675781,198.05048866271972,-3.6886707484722137,1.8835067e-07,0.0,0.006607770919799805,-0.00014242102276682545
139400,97.21573638916016,197.79070892333985,-3.68866868019104,1.9401313e-07,0.0,0.016553282737731934,-0.00011825226261805711
139600,100.69631958007812,197.90925216674805,-3.6886677980422973,1.8417836e-07,0.0,-0.011629104614257812,-0.000122143820950793
139800,99.90887451171875,197.53204879760742,-3.688667839765549,1.8268824e-07,0.0,0.007269799709320068,-0.00010470759895024884
140000,94.82965087890625,197.81073722839355,-3.6886726200580595,9.9539754e-08,0.0,0.0006574392318725586,-7.581390496569362e-05
140200,93.63502502441406,197.84549865722656,-3.6886809825897218,1.8984079e-07,0.0,0.003333568572998047,-0.00013430756302525992
140400,98.32020568847656,197.65195579528807,-3.6886727631092073,9.149313e-08,0.0,0.01117795705795288,-8.114293173888676e-05
140600,96.99467468261719,197.84162254333495,-3.688675785064697,1.7046928e-07,0.0,-0.0004845857620239258,-0.0001135238115867132
140800,92.57933807373047,197.5853698730469,-3.6886740148067476,1.8328429e-07,0.0,0.013502240180969238,-0.00011400137482269202
141000,96.63622283935547,197.09307556152345,-3.6886760890483856,2.5838614e-07,0.0,0.03130686283111572,-0.00016121935740862626
141200,94.2247543334961,196.917244720459,-3.6886810183525087,2.324581e-07,0.0,-0.019869327545166016,-0.0001514143935700929
141400,97.5895767211914,197.5093521118164,-3.688681775331497,1.7553567e-07,0.0,-0.004202723503112793,-0.0001189824346177204
141600,95.98357391357422,197.1388324737549,-3.688675570487976,1.4990569e-07,0.0,0.013313651084899902,-0.00012299980223033912
141800,95.36793518066406,197.54020462036132,-3.688678777217865,1.874566e-07,0.0,-0.015856027603149414,-0.0001489000177180344
142000,97.8130874633789,197.2634250640869,-3.6886742174625398,1.3113021e-07,0.0,-0.01406240463256836,-9.05201887925422e-05
142200,100.4962158203125,197.29969787597656,-3.6886813044548035,1.1026859e-07,0.0,0.015808939933776855,-9.650240850902491e-05
142400,98.23036193847656,197.20330314636232,-3.688678205013275,1.16825106e-07,0.0,0.02286428213119507,-0.00010675895169676153
142600,98.7361068725586,196.9090263366699,-3.6886825621128083,1.6897917e-07,0.0,0.01697242259979248,-0.00012556910365257856
142800,100.6180648803711,197.41459884643555,-3.688679826259613,1.1175871e-07,0.0,-0.014847993850708008,-9.179658811542257e-05
143000,98.24528503417969,196.96977424621582,-3.688671922683716,1.3113021e-07,0.0,0.004579901695251465,-0.00010093417809518002
143200,103.32447814941406,197.17583808898925,-3.6886770009994505,1.2159347e-07,0.0,0.011747360229492188,-8.586946835542619e-05
143400,97.76917266845703,196.9972888946533,-3.6886777758598326,1.2159347e-07,0.0,0.003274202346801758,-9.617727987309976e-05
143600,94.42589569091797,196.94826393127443,-3.6886714577674864,2.2530556e-07,0.0,0.0013001561164855957,-0.00014300656362991048
143800,97.5636215209961,197.0831398010254,-3.6886804521083834,1.9788743e-07,0.0,-0.017606496810913086,-0.0001243302973250593
144000,103.33229064941406,196.9487621307373,-3.688681888580322,2.2083522e-07,0.0,0.005066812038421631,-0.00011146980452920729
144200,99.382568359375,196.7716449737549,-3.6886714100837708,1.528859e-07,0.0,0.0016709566116333008,-0.00012778514711122568
144400,91.64745330810547,196.13582344055175,-3.6886768996715547,1.7493963e-07,0.0,-0.004569411277770996,-0.00012552003471881789
144600,98.57183074951172,196.85610809326172,-3.6886784195899964,1.4483928e-07,0.0,0.0007035732269287109,-0.00011113253987034
144800,93.44134521484375,196.12846565246582,-3.6886774480342863,1.2755393e-07,0.0,-0.014481186866760254,-0.00011033318880038223
145000,101.63552856445312,196.80255279541015,-3.688675606250763,1.5348195e-07,0.0,-0.009846687316894531,-0.00010788418414904299
145200,97.00640869140625,196.30021705627442,-3.6886738359928133,1.0669232e-07,0.0,0.007473349571228027,-8.316727047930073e-05
145400,102.1862564086914,196.638338470459,-3.6886716067790983,2.1934508e-07,0.0,-0.022984981536865234,-0.00014885704230174212
145600,93.54793548583984,196.33261337280274,-3.688669329881668,1.5795231e-07,0.0,0.008226990699768066,-0.000126485601745685
145800,103.99573516845703,196.70850410461426,-3.6886775851249696,1.9401311e-07,0.0,-0.026586532592773438,-0.00012388523723743105
146000,100.23039245605469,196.01164474487305,-3.6886727929115297,2.7060509e-07,0.0,-0.002802729606628418,-0.0001517494778020989
146200,99.60591125488281,196.44847145080567,-3.68867364525795,1.6689302e-07,0.0,-0.017058253288269043,-0.00011632359044000395
146400,100.94544219970703,196.43303947448732,-3.688672697544098,1.874566e-07,0.0,0.000359952449798584,-0.00012219606320336142
146600,103.30046081542969,196.30755996704102,-3.6886712312698364,1.4662743e-07,0.0,-0.014398336410522461,-0.00010579638178782602
146800,98.25930786132812,195.94818878173828,-3.688670885562897,8.1658364e-08,0.0,0.009878277778625488,-6.470073756084104e-05
147000,100.0947036743164,196.24405403137206,-3.6886701583862305,1.4841557e-07,0.0,-0.007665157318115234,-0.00011496861323934127
147200,101.85553741455078,196.1752944946289,-3.6886762201786043,2.8699637e-07,0.0,-0.0059163570404052734,-0.00016680631511079014
147400,98.47216033935547,196.03320350646973,-3.6886729061603547,1.2099743e-07,0.0,-0.0034328699111938477,-8.148676827381962e-05
147600,98.31299591064453,196.02284393310546,-3.6886727094650267,1.6629696e-07,0.0,0.018078625202178955,-0.00011326257920103444
147800,90.93505859375,195.87001609802246,-3.6886723160743715,1.4960766e-07,0.0,-0.0020415782928466797,-0.00010209745097142787
148000,97.20526885986328,196.0226879119873,-3.6886735916137696,1.5079975e-07,0.0,0.02483421564102173,-9.607099018706932e-05
148200,99.40824127197266,195.7861297607422,-3.6886714100837708,9.804964e-08,0.0,0.024892747402191162,-8.237032585611814e-05
148400,97.53970336914062,195.83477668762208,-3.6886673867702484,1.385808e-07,0.0,-0.008202672004699707,-9.679442597350096e-05
148600,88.75321197509766,195.7909465789795,-3.688669592142105,1.8447638e-07,0.0,-0.01844048500061035,-0.0001228831266228525
148800,98.02075958251953,195.60756568908693,-3.688680100440979,1.2159347e-07,0.0,0.023116469383239746,-8.347302689699631e-05
149000,94.09614562988281,195.7392864227295,-3.6886699199676514,1.2010337e-07,0.0,-0.003728508949279785,-9.066239041255475e-05
149200,97.18310546875,195.45986671447753,-3.6886707723140715,2.2411346e-07,0.0,-0.004852175712585449,-0.00014604978269048275
149400,100.94294738769531,195.62321281433105,-3.688673609495163,2.065301e-07,0.0,0.0018732547760009766,-0.00013967964044283576
149600,99.7236328125,195.73537979125976,-3.688670253753662,1.5199184e-07,0.0,-0.022528886795043945,-0.0001055763816349753
149800,95.19686889648438,195.5026454925537,-3.6886739909648893,2.2739172e-07,0.0,-0.0023082494735717773,-0.00014542953679157477
150000,98.61590576171875,195.39093399047852,-3.6886652648448943,1.707673e-07,0.0,-0.0022243261337280273,-0.00011156374323348928
150200,99.68026733398438,195.47951622009276,-3.688669019937515,1.6510486e-07,0.0,-0.014458179473876953,-0.00011123536443022886
150400,97.912353515625,195.4827133178711,-3.6886723756790163,1.6331673e-07,0.0,-0.013294816017150879,-0.00011456082789713662
150600,99.83814239501953,195.32529945373534,-3.6886651873588563,1.2248753e-07,0.0,0.016584336757659912,-8.925072060570472e-05
150800,93.04800415039062,195.21385192871094,-3.6886642932891847,1.6093256e-07,0.0,0.007346153259277344,-0.00011689694242775773
151000,97.20003509521484,194.858243560791,-3.688667804002762,1.4811755e-07,0.0,-0.004132509231567383,-0.00012730847372637298
151200,99.02495574951172,195.38187561035156,-3.6886701583862305,1.2129544e-07,0.0,-0.004595398902893066,-0.00010455151745105695
151400,96.20394134521484,195.1897399902344,-3.6886626720428466,1.370907e-07,0.0,-0.016373395919799805,-0.00010643960524046037
151600,102.24134063720703,195.025231552124,-3.688659006357193,1.1205673e-07,0.0,0.001748800277709961,-8.495725711057389e-05
151800,96.50929260253906,195.2095748901367,-3.6886619210243223,1.2904405e-07,0.0,-0.012659549713134766,-9.163230558204561e-05
152000,98.73707580566406,195.21427116394042,-3.6886579275131224,1.4901161e-07,0.0,-0.006372690200805664,-0.00012004616906864385
152200,88.77212524414062,195.02212562561036,-3.6886557817459105,1.2904405e-07,0.0,-0.010346412658691406,-8.129219770083295e-05
152400,100.83426666259766,194.8477424621582,-3.6886528074741363,1.8984079e-07,0.0,-0.0117875337600708,-0.00011394815938245984
152600,99.19000244140625,194.84416160583496,-3.688656884431839,1.7344952e-07,0.0,0.0023911595344543457,-0.00012376107383218481
152800,98.87860107421875,194.74294166564943,-3.6886547327041628,1.3262033e-07,0.0,-0.0012655258178710938,-9.704233728480283e-05
153000,98.43536376953125,195.00317459106446,-3.6886597871780396,1.168251e-07,0.0,-0.005897164344787598,-9.076684327755658e-05
153200,93.22725677490234,194.6924156188965,-3.688656610250473,9.357929e-08,0.0,-0.013999104499816895,-7.797059400278527e-05
153400,94.29588317871094,194.2412368774414,-3.688656026124954,1.6838311e-07,0.0,-0.000728607177734375,-0.00010862246034464285
153600,94.71136474609375,195.05440940856934,-3.6886650741100313,1.2248753e-07,0.0,-0.02554309368133545,-9.862038409593765e-05
153800,91.76406860351562,194.34449348449706,-3.688655263185501,1.41263e-07,0.0,-0.014343023300170898,-0.00011251625413635224
154000,93.64600372314453,194.72726554870604,-3.6886573851108553,1.7404555e-07,0.0,-0.00846242904663086,-0.00011017882510202525
154200,97.8262939453125,194.7113914489746,-3.6886547923088076,1.12354755e-07,0.0,-0.021917223930358887,-8.840887142662624e-05
154400,99.37249755859375,194.69376182556152,-3.688654953241348,1.0579824e-07,0.0,-0.01406550407409668,-9.654033230930282e-05
154600,99.89920806884766,194.30240440368652,-3.688649648427963,1.4364718e-07,0.0,-0.008836507797241211,-8.28531980157532e-05
154800,98.01067352294922,194.4863655090332,-3.6886467397212983,1.5079975e-07,0.0,-0.00837099552154541,-0.00012351287859644345
155000,95.75066375732422,194.2926700592041,-3.6886551678180695,1.2844801e-07,0.0,0.008167028427124023,-0.00010278718552414468
155200,92.8330078125,194.29068717956542,-3.6886485159397124,1.8626451e-07,0.0,0.0005986690521240234,-0.0001532345404626767
155400,102.9413070678711,194.14829864501954,-3.6886477708816527,1.4930964e-07,0.0,0.016489148139953613,-0.00011427147678402249
155600,90.91510772705078,194.2416015625,-3.6886479675769808,1.5854835e-07,0.0,0.0031396150588989258,-0.00012037202723895746
155800,96.39144134521484,193.94540100097657,-3.688639688491821,1.2993813e-07,0.0,-0.0018099546432495117,-9.028799012185118e-05
156000,100.2942886352539,194.2210666656494,-3.688647896051407,1.7732381e-07,0.0,-0.0047833919525146484,-0.00013401517222995097
156200,96.3375015258789,194.24811096191405,-3.6886460185050964,3.0755996e-07,0.0,-0.022688627243041992,-0.00015939065898944448
156400,93.89818572998047,194.0507453918457,-3.6886369407176973,1.502037e-07,0.0,-0.011710882186889648,-0.00010384234793434644
156600,99.23696899414062,193.9757179260254,-3.6886409640312197,1.4543534e-07,0.0,0.007177174091339111,-0.00011536878399596163
156800,95.36428833007812,193.86103363037108,-3.688635790348053,1.4722349e-07,0.0,-0.012426376342773438,-0.00010205218160899143
157000,89.94227600097656,193.57819595336915,-3.688640856742859,1.525879e-07,0.0,-0.004054069519042969,-0.0001009141206450348
157200,99.32231903076172,193.96929473876952,-3.688641184568405,1.5228986e-07,0.0,0.020721375942230225,-0.00011333504315675924
157400,98.54483032226562,193.81956176757814,-3.688645976781845,1.3291836e-07,0.0,0.01590782403945923,-9.517367208251581e-05
157600,97.19591522216797,193.64258918762206,-3.6886461079120636,2.014637e-07,0.0,-0.00019419193267822266,-0.00013515455992383352
157800,94.53168487548828,193.84195823669432,-3.6886408507823942,1.502037e-07,0.0,-0.00456082820892334,-0.00011209701033934038
158000,103.3397216796875,193.6172245025635,-3.6886358559131622,1.7195941e-07,0.0,-0.005832791328430176,-0.00011056405325717832
158200,88.82715606689453,193.5966583251953,-3.6886400818824767,1.8894673e-07,0.0,0.004691600799560547,-0.0001408154891404223
158400,95.92826080322266,193.7172966003418,-3.688647484779358,1.9073487e-07,0.0,0.00545346736907959,-0.0001414396468572221
158600,104.1081771850586,193.6066822052002,-3.6886496245861053,1.2725592e-07,0.0,0.0056591033935546875,-0.00010002405944571357
158800,97.04544830322266,193.70843467712402,-3.6886446118354796,1.9490719e-07,0.0,-0.003756999969482422,-0.00014520268831503814
159000,94.40724182128906,193.08675384521484,-3.688642418384552,2.2381545e-07,0.0,-0.014420747756958008,-0.00014992727379663505
159200,94.08248138427734,193.47637710571288,-3.6886425077915193,1.758337e-07,0.0,0.01170337200164795,-0.00013975436082498406
159400,96.18682861328125,193.50939254760743,-3.6886439085006715,1.5437602e-07,0.0,-0.0008947849273681641,-0.00010991865489518027
159600,89.8931655883789,193.37873497009278,-3.68863959312439,1.5616418e-07,0.0,-0.0072956085205078125,-9.885078623064202e-05
159800,103.00270080566406,193.19630432128906,-3.68863924741745,2.1636485e-07,0.0,0.007133066654205322,-0.00014549449093888002
160000,102.45932006835938,193.33427467346192,-3.68864569067955,1.8835068e-07,0.0,-0.0156252384185791,-0.00014588791201468608
160200,91.39423370361328,193.3274368286133,-3.688643682003021,2.2321939e-07,0.0,-0.0037741661071777344,-0.0001282253415240575
160400,99.23655700683594,193.24281005859376,-3.6886468172073363,1.385808e-07,0.0,0.0021246671676635742,-0.00010044626950005409
160600,97.27357482910156,193.09056587219237,-3.688644617795944,1.9431113e-07,0.0,-0.011997461318969727,-0.0001227948636474352
160800,91.8260269165039,193.01872634887695,-3.688640058040619,1.06096266e-07,0.0,0.006251692771911621,-8.14471690286922e-05
161000,94.0028076171875,193.25349617004395,-3.6886495888233184,1.5377998e-07,0.0,-0.006609559059143066,-0.00010820233133230772
161200,96.9306869506836,193.01143684387208,-3.688638961315155,2.2500754e-07,0.0,-0.011874079704284668,-0.0001444883484502668
161400,102.04818725585938,192.98639602661132,-3.6886388957500458,1.11162656e-07,0.0,-0.009546041488647461,-8.5902840201868e-05
161600,89.43489837646484,193.17059516906738,-3.688651168346405,2.0235777e-07,0.0,-0.00612950325012207,-0.000137546689232515
161800,97.1582260131836,192.8519515991211,-3.688643145561218,1.0967254e-07,0.0,0.009112536907196045,-7.617509310122727e-05
162000,95.84181213378906,192.92664489746093,-3.6886375844478607,1.5735627e-07,0.0,-0.011152386665344238,-0.00011180780846800075
162200,96.2868423461914,192.81052360534667,-3.688634568452835,1.5169383e-07,0.0,-0.008426666259765625,-0.00012247233719122618
162400,101.43215942382812,192.67330780029297,-3.688629162311554,1.2993813e-07,0.0,0.009519457817077637,-8.78204261674398e-05
162600,92.15108489990234,192.68218383789062,-3.6886282324790955,1.0997057e-07,0.0,0.009086132049560547,-0.00010313164854096613
162800,94.67504119873047,192.81303901672362,-3.688638079166412,1.5944244e-07,0.0,-0.0039014816284179688,-0.0001230092011986983
163000,98.80809783935547,192.66975059509278,-3.68862566947937,2.0593404e-07,0.0,-0.011310458183288574,-0.00011559741145674706
163200,99.32136535644531,192.77139167785646,-3.688628542423248,1.347065e-07,0.0,-0.002047419548034668,-9.281177153166453e-05
163400,98.2381362915039,192.55866661071778,-3.6886258482933045,2.118945e-07,0.0,0.005534708499908447,-0.00014471785636986921
163600,97.92922973632812,192.60617294311524,-3.6886278986930847,1.1771917e-07,0.0,0.008344948291778564,-8.307903307127606e-05
163800,92.13211059570312,192.10468139648438,-3.688630908727646,1.6510486e-07,0.0,0.0007746219635009766,-0.00011838531399881447
164000,95.07428741455078,192.65727615356445,-3.688639748096466,2.0056962e-07,0.0,0.004859626293182373,-0.00014001929628690846
164200,94.59008026123047,192.35313262939454,-3.6886338233947753,1.7672777e-07,0.0,0.0010666251182556152,-0.00011859041424600036
164400,40.95511245727539,89.8573823928833,-3.6888006925582886,1.5765428e-07,0.0,-0.18469130992889404,-0.00012602145989291103
164600,52.44759750366211,104.35105400085449,-3.6886668384075163,2.8908252e-07,0.0,-0.036806583404541016,-0.00017421129288877068
164800,51.3045654296875,94.28782863616944,-3.6886212170124053,2.9981135e-07,0.0,-0.0068209171295166016,-0.00014123678155595343
165000,32.99620056152344,67.45960607528687,-3.6886325418949126,4.711747e-07,0.0,-7.152557373046875e-05,-0.00021083425329493366
165200,43.282936096191406,89.42941303253174,-3.6886273622512817,3.9756299e-07,0.0,-0.0014618635177612305,-0.00017442889474637014
165400,46.71641540527344,91.99776973724366,-3.6886304914951324,3.20673e-07,0.0,0.0017991065979003906,-0.00015165519595647937
165600,42.85384750366211,83.285693359375,-3.688634967803955,4.4971705e-07,0.0,-0.008896827697753906,-0.00020461840889325346
165800,42.13142776489258,81.44448986053467,-3.6886289060115813,3.1232832e-07,0.0,-0.009539604187011719,-0.00016155725936286557
166000,37.40841293334961,77.75856952667236,-3.6886390089988708,3.7938355e-07,0.0,0.005808353424072266,-0.00017476607811559575
166200,45.9460563659668,92.85490055084229,-3.6886323511600496,2.1457672e-07,0.0,-0.0035839080810546875,-0.00011677510223790932
166400,44.141597747802734,85.54436416625977,-3.6886396050453185,2.7865173e-07,0.0,-0.028160572052001953,-0.0001550898543943191
166600,42.57459259033203,83.03774509429931,-3.6886251330375672,2.4467707e-07,0.0,-0.007481575012207031,-0.00013407658066384444
166800,49.57917785644531,88.76084060668946,-3.688629996776581,3.1381845e-07,0.0,-0.00449681282043457,-0.00017365179896735583
167000,39.334495544433594,79.3367862701416,-3.6886239886283874,3.8355589e-07,0.0,0.0019091963768005371,-0.00017226469460780437
167200,37.18593978881836,73.17952919006348,-3.688624542951584,2.580881e-07,0.0,-0.0020225048065185547,-0.00015570525803738634
167400,32.98206329345703,70.40360679626465,-3.688620835542679,4.062057e-07,0.0,0.004833042621612549,-0.00017562513013373858
167600,38.23435592651367,73.75255794525147,-3.6886193573474886,4.333258e-07,0.0,-0.018188118934631348,-0.00020543821224094927
167800,32.847328186035156,62.09065580368042,-3.6886228024959564,3.1739472e-07,0.0,-0.00558316707611084,-0.0001523878863590511
168000,36.01569747924805,70.90036277770996,-3.688624584674835,2.0474195e-07,0.0,0.000758051872253418,-0.00011168949256115112
168200,31.727664947509766,64.91177444458008,-3.6886272192001344,4.2587516e-07,0.0,-0.005689501762390137,-0.0001911365710633106
168400,37.601627349853516,74.99200668334962,-3.6886230587959288,2.2828578e-07,0.0,-0.003967642784118652,-0.00013673628837516106
168600,38.97011184692383,77.3435157775879,-3.6886238515377046,1.3798476e-07,0.0,-0.02247905731201172,-9.195332955371782e-05
168800,37.10264587402344,75.25539360046386,-3.6886249840259553,2.8043985e-07,0.0,-0.007700204849243164,-0.0001763148162034156
169000,50.78582763671875,104.69495544433593,-3.6886271119117735,1.7523766e-07,0.0,-0.004611015319824219,-0.00011146527589609435
169200,39.70529556274414,80.59677009582519,-3.6886221766471863,2.0086766e-07,0.0,-8.690357208251953e-05,-0.00011932168913375563
169400,35.66376876831055,70.73326959609986,-3.6886295676231384,1.874566e-07,0.0,-0.012842297554016113,-0.0001007653772107986
169600,45.96493148803711,97.99545440673828,-3.688622307777405,2.7447936e-07,0.0,0.008853435516357422,-0.00016141155417770392
169800,44.99427032470703,90.75558338165283,-3.6886281609535216,1.9162893e-07,0.0,-0.0034786462783813477,-0.00012003658640296067
170000,46.75994873046875,97.13368530273438,-3.688629561662674,1.6123056e-07,0.0,0.004315018653869629,-0.00010143242829201427
170200,43.54205322265625,86.34962062835693,-3.688624292612076,1.6629697e-07,0.0,-0.003889322280883789,-0.00010621157313774887
170400,45.318946838378906,88.07012958526612,-3.6886376976966857,1.9282103e-07,0.0,-0.01194465160369873,-0.00011461757879445144
170600,55.05283737182617,107.42588882446289,-3.6886368811130525,1.5676022e-07,0.0,-0.007148146629333496,-0.00011652433863869049
170800,35.52346420288086,70.97938823699951,-3.6886329770088198,2.5272368e-07,0.0,-0.018693923950195312,-0.00014722408275531508
171000,44.66912078857422,86.20242443084717,-3.688639688491821,2.0384789e-07,0.0,0.0016376972198486328,-0.00011506030041736892
171200,52.04110336303711,100.82269687652588,-3.6886308610439302,1.2159347e-07,0.0,-0.009337067604064941,-9.50659961848288e-05
171400,39.90447998046875,81.39845447540283,-3.6886277735233306,8.523464e-08,0.0,-0.007560253143310547,-8.733293351461668e-05
171600,40.19901657104492,78.14151535034179,-3.6886408984661103,2.7269124e-07,0.0,-0.008252143859863281,-0.00015594851896949535
171800,38.56626510620117,71.2325366973877,-3.6886436223983763,2.902746e-07,0.0,0.004281282424926758,-0.00015231631679029077
172000,42.507266998291016,83.9353126525879,-3.6886380672454835,2.259016e-07,0.0,-0.009988903999328613,-0.00015321102791148177
172200,46.48527526855469,91.80125160217285,-3.688649243116379,2.3156404e-07,0.0,-0.006513714790344238,-0.00015436269280222348
172400,52.865501403808594,103.76234397888183,-3.6886377334594727,1.6927719e-07,0.0,-0.00523221492767334,-0.00010530430029049853
172600,40.7979736328125,83.24362754821777,-3.6886454641819,3.7401915e-07,0.0,-0.006751298904418945,-0.0002100877596987516
172800,40.63887023925781,90.25711803436279,-3.68863565325737,2.0146369e-07,0.0,0.00307464599609375,-0.00011952165046196228
173000,40.24881362915039,83.74260520935059,-3.6886319756507873,2.9206277e-07,0.0,0.006743252277374268,-0.0001641444274229187
173200,55.223388671875,112.33442783355713,-3.6886315822601317,1.17123136e-07,0.0,-0.010729312896728516,-9.987466076779583e-05
173400,50.845863342285156,97.79580078125,-3.688637173175812,1.3172627e-07,0.0,-0.01338958740234375,-9.03120044100092e-05
173600,51.5914421081543,101.94881896972656,-3.6886390447616577,1.7344952e-07,0.0,-0.003280043601989746,-0.00012000120418669269
173800,42.729984283447266,84.31509761810302,-3.688639849424362,1.9848346e-07,0.0,-0.00347745418548584,-0.00012647663104115026
174000,38.87619400024414,72.79866275787353,-3.6886501014232635,2.7567148e-07,0.0,-0.01102602481842041,-0.0001594130546873185
174200,40.19459533691406,88.72140522003174,-3.6886405825614927,2.6792287e-07,0.0,0.006689906120300293,-0.00016774968940396205
174400,47.85802459716797,90.34879550933837,-3.6886424720287323,1.9848346e-07,0.0,-0.015095949172973633,-0.00014093661303946626
174600,52.45143508911133,106.48004474639893,-3.688647949695587,1.2367964e-07,0.0,0.009596109390258789,-0.00010210695925083613
174800,43.531646728515625,87.39803009033203,-3.688647359609604,1.2218952e-07,0.0,-0.011510729789733887,-0.00010677814576052214
175000,48.47932434082031,96.78949451446533,-3.688636231422424,2.411008e-07,0.0,-0.0003255605697631836,-0.00013966134967091648
175200,42.72145080566406,84.51376056671143,-3.6886349976062776,2.3722649e-07,0.0,0.003707289695739746,-0.0001385132146737078
175400,37.31764221191406,75.12781944274903,-3.6886382520198824,1.9341707e-07,0.0,0.0057326555252075195,-0.00011772333797854806
175600,43.253360748291016,87.78066425323486,-3.688644289970398,2.2798777e-07,0.0,-0.0064536333084106445,-0.00014052951296896765
175800,48.48013687133789,96.22002601623535,-3.6886398613452913,2.297759e-07,0.0,0.005622565746307373,-0.00015441191095888485
176000,47.334617614746094,96.81372165679932,-3.6886429250240327,8.106232e-08,0.0,0.009856998920440674,-8.362076056851464e-05
176200,42.10079574584961,86.78148555755615,-3.6886437952518465,1.7434358e-07,0.0,0.004908382892608643,-0.0001311895837434296
176400,44.14409637451172,89.78009128570557,-3.688643056154251,2.2232533e-07,0.0,0.0025228261947631836,-0.0001254350237871904
176600,44.23651123046875,85.81429424285889,-3.68863240480423,1.5199186e-07,0.0,-0.006314396858215332,-9.180038437790472e-05
176800,46.67003631591797,92.15010013580323,-3.688639760017395,1.9788742e-07,0.0,-0.009354710578918457,-0.00012407118045985044
177000,45.720611572265625,91.31586818695068,-3.688633793592453,1.576543e-07,0.0,0.0034456849098205566,-9.775835197771699e-05
177200,44.29216384887695,84.92565727233887,-3.6886311948299406,2.3066997e-07,0.0,-0.007199406623840332,-0.00014038264737814554
177400,42.62241744995117,82.85512199401856,-3.6886310815811156,2.360344e-07,0.0,-0.0005571842193603516,-0.00015322053580710815
177600,50.92962646484375,99.95987586975097,-3.6886363506317137,1.6987323e-07,0.0,-0.005745410919189453,-0.00012027499657847329
177800,41.072689056396484,80.74109077453613,-3.6886354267597197,1.9341707e-07,0.0,-0.003244161605834961,-0.00010690932093702089
178000,42.22943878173828,81.26983661651612,-3.688634526729584,1.4692544e-07,0.0,-0.013359904289245605,-0.00010908050790092716
178200,43.786888122558594,93.01392478942871,-3.6886336147785186,1.1146069e-07,0.0,0.0008320212364196777,-8.292671653453709e-05
178400,41.335670471191406,82.19000911712646,-3.688636463880539,1.92523e-07,0.0,-0.008074402809143066,-0.00014395843435082155
178600,38.083641052246094,81.36340007781982,-3.6886317849159242,2.3692846e-07,0.0,-0.011822819709777832,-0.0001628470576491736
178800,37.75336837768555,78.0989652633667,-3.688635140657425,2.5987626e-07,0.0,-0.0021779537200927734,-0.00015070727294386188
179000,42.67152404785156,85.79125347137452,-3.6886258244514467,2.9981135e-07,0.0,0.005666494369506836,-0.00015843352521045518
179200,49.13723373413086,95.16023464202881,-3.688640886545181,2.1755696e-07,0.0,-0.013245940208435059,-0.00012563893950421346
179400,44.222354888916016,89.63607120513916,-3.688633215427399,1.01625915e-07,0.0,0.003144502639770508,-8.353601363957353e-05
179600,46.961090087890625,92.56188526153565,-3.6886338174343107,2.2888185e-07,0.0,-0.009300589561462402,-0.00014236041179191972
179800,47.679317474365234,95.80251712799073,-3.688636302947998,1.9460916e-07,0.0,-0.0035414695739746094,-0.00012391668568660917
180000,46.23534393310547,92.50818977355956,-3.688633394241333,1.8954277e-07,0.0,0.004146397113800049,-0.00013603476847894312
180200,43.262821197509766,89.31438579559327,-3.688623917102814,2.3812055e-07,0.0,0.008273541927337646,-0.0001482674629905034
180400,41.42904281616211,81.06568641662598,-3.688614159822464,1.552701e-07,0.0,-0.0030695199966430664,-0.00010755446575103634
180600,46.37564468383789,97.37152690887451,-3.6886149048805237,1.6599893e-07,0.0,-0.0040847063064575195,-0.00011520567594338615
180800,42.7231330871582,90.9735050201416,-3.6886133015155793,2.1994114e-07,0.0,0.005013883113861084,-0.00013499525876206064
181000,41.2709846496582,84.75418586730957,-3.688619166612625,1.7374755e-07,0.0,-0.006308197975158691,-0.00012015819554633822
181200,46.574119567871094,87.65295906066895,-3.6886069893836977,2.6643275e-07,0.0,0.006672024726867676,-0.000165535539792927
181400,43.512351989746094,89.571994972229,-3.6886237442493437,1.9282103e-07,0.0,0.010471522808074951,-0.00012553633615308701
181600,36.88037872314453,74.5936803817749,-3.6886140584945677,1.487136e-07,0.0,-0.003653883934020996,-0.00010373212434409141
181800,40.1283073425293,77.90432910919189,-3.6886128962039946,1.1622905e-07,0.0,-0.0024251937866210938,-0.00010334557316618031
182000,41.21328353881836,92.36431140899658,-3.688620853424072,2.542138e-07,0.0,-0.004860401153564453,-0.00017090382015769734
182200,40.060691833496094,78.20615253448486,-3.6886306583881376,2.2381545e-07,0.0,-0.0064122676849365234,-0.0001328385702736301
182400,41.6046142578125,85.3418083190918,-3.688627427816391,2.3841858e-07,0.0,-0.010935306549072266,-0.00016635889620495448
182600,46.70695114135742,89.8686767578125,-3.6886215269565583,1.9758939e-07,0.0,-0.001623988151550293,-0.0001357013742044444
182800,33.799991607666016,67.72124090194703,-3.688618838787079,2.673268e-07,0.0,-0.014874458312988281,-0.0001661172297829694
183000,42.42055130004883,77.88234634399414,-3.6886106848716738,1.4811755e-07,0.0,0.015119850635528564,-0.00010383479277997765
183200,38.2436637878418,73.28129692077637,-3.688622087240219,1.4990567e-07,0.0,-0.014627814292907715,-0.00010968351445157509
183400,48.685672760009766,95.73723945617675,-3.688614559173584,1.6361474e-07,0.0,-0.009505152702331543,-0.00012283472698229047
183600,48.235557556152344,93.6922420501709,-3.6885992646217347,1.8566847e-07,0.0,-0.009782552719116211,-0.0001302364625058061
183800,44.251007080078125,86.9849697113037,-3.6886149823665617,2.1338462e-07,0.0,0.0043035149574279785,-0.0001254418592914419
184000,42.28073501586914,80.36772384643555,-3.688609915971756,1.1622906e-07,0.0,-0.01385653018951416,-8.51420457664176e-05
184200,54.451942443847656,108.59671554565429,-3.6886048197746275,1.1831522e-07,0.0,-0.0022193193435668945,-9.542457760538525e-05
184400,44.19390106201172,90.50254516601562,-3.68860519528389,4.5806172e-07,0.0,-0.007074832916259766,-0.00023489972887098532
184600,43.2520751953125,92.86586322784424,-3.688606947660446,2.2560357e-07,0.0,-0.003551959991455078,-0.00014551682657351072
184800,41.90524673461914,82.74308528900147,-3.6886165738105774,2.962351e-07,0.0,-0.003662705421447754,-0.00015590305635260204
185000,47.151676177978516,90.3266700744629,-3.688604247570038,1.6331673e-07,0.0,6.753206253051758e-05,-9.515977661003205e-05
185200,43.492008209228516,87.98531513214111,-3.6886036157608033,2.2470951e-07,0.0,0.0006479620933532715,-0.00016902333665453907
185400,33.15996551513672,71.81555776596069,-3.6886120080947875,1.8656253e-07,0.0,0.003365159034729004,-0.0001213812461237751
185600,41.63097381591797,82.65581951141357,-3.68861283659935,2.4169685e-07,0.0,-0.005063891410827637,-0.00016030338376467058
185800,45.38322830200195,93.71572608947754,-3.688598799705505,1.3053418e-07,0.0,0.00444263219833374,-9.093928421304298e-05
186000,42.192840576171875,81.93358936309815,-3.6885977685451508,2.2739172e-07,0.0,-0.004709839820861816,-0.00013334365917643253
186200,36.286277770996094,77.01970634460449,-3.6886047542095186,2.4408104e-07,0.0,-0.002382636070251465,-0.000148358271614768
186400,36.629764556884766,76.42460060119629,-3.6885978102684023,1.7136335e-07,0.0,-0.0037994384765625,-9.785783273592585e-05
186600,36.34834671020508,70.70952053070069,-3.688597083091736,2.0831823e-07,0.0,-0.0089644193649292,-0.00014179971041770046
186800,46.414039611816406,91.37510604858399,-3.688596028089523,9.804964e-08,0.0,0.006812334060668945,-7.988126655646965e-05
187000,48.064754486083984,94.68235187530517,-3.6885818362236025,2.5182962e-07,0.0,-0.0054149627685546875,-0.0001583862016104831
187200,42.91283416748047,85.61696605682373,-3.68859184384346,1.835823e-07,0.0,-0.00029540061950683594,-0.00010779774209765947
187400,42.0633659362793,85.62870826721192,-3.688608157634735,1.2934208e-07,0.0,0.000847935676574707,-0.00010136348006426488
187600,37.74401092529297,75.1607479095459,-3.688603037595749,1.6868115e-07,0.0,-0.012255191802978516,-0.0001237981923392306
187800,40.029788970947266,73.15283699035645,-3.6885856330394744,2.0354986e-07,0.0,-0.0007818937301635742,-0.00012956606089371548
188000,47.50364303588867,95.76338386535645,-3.6886039853096007,2.0682813e-07,0.0,-0.005730986595153809,-0.00013461434783117453
188200,43.95083999633789,88.61722736358642,-3.6885887384414673,2.1249056e-07,0.0,-0.005715608596801758,-0.00014487177813613528
188400,45.096649169921875,86.6785234451294,-3.6886135399341584,1.8954277e-07,0.0,-0.00014650821685791016,-0.0001298388763334435
188600,41.48286819458008,86.8512716293335,-3.6885836482048036,2.5659799e-07,0.0,-0.0016818046569824219,-0.0001598301903491972
188800,40.592796325683594,83.02641334533692,-3.6885864078998565,1.591444e-07,0.0,-0.0008972883224487305,-9.635103514753496e-05
189000,40.029075622558594,73.98701648712158,-3.6885863840579987,2.7775766e-07,0.0,0.005338430404663086,-0.00016409376236197203
189200,48.88302230834961,94.81636810302734,-3.688608741760254,1.7225743e-07,0.0,-0.0021969079971313477,-0.00013459818071264172
189400,41.75299835205078,86.80930423736572,-3.6886042594909667,1.7940998e-07,0.0,-0.0033756494522094727,-0.00012440517494418656
189600,32.81431198120117,73.93254280090332,-3.6886121451854708,2.4199485e-07,0.0,0.0003216862678527832,-0.00014369223285983778
189800,42.102684020996094,86.35881900787354,-3.688606083393097,1.9907952e-07,0.0,-0.005100131034851074,-0.0001247003517370615
190000,44.47100067138672,87.90609779357911,-3.6885955691337586,1.230836e-07,0.0,-0.0035980939865112305,-9.016442235534327e-05
190200,49.73516082763672,101.56758708953858,-3.688610464334488,1.5109778e-07,0.0,0.0057083964347839355,-0.00010356934321364974
190400,45.221012115478516,88.79593162536621,-3.6886033833026888,2.4139882e-07,0.0,0.0018922090530395508,-0.00013756024147877356
190600,44.279075622558594,85.83874168395997,-3.688616621494293,1.9669532e-07,0.0,0.002981245517730713,-0.00011405950010399125
190800,35.19953155517578,75.80439586639405,-3.6886040687561037,2.3692847e-07,0.0,0.006693124771118164,-0.00013166713744965363
191000,41.13697052001953,88.45334663391114,-3.6886133015155793,1.8924474e-07,0.0,-0.0006265640258789062,-0.00011775436942382811
191200,40.930213928222656,75.35480899810791,-3.6886065781116484,2.5987626e-07,0.0,0.005187332630157471,-0.00014356842703762142
191400,39.80485153198242,79.80228099822997,-3.688600492477417,2.0205975e-07,0.0,-0.005964994430541992,-0.0001408067494690357
191600,39.39011001586914,82.81033859252929,-3.6886111974716185,1.7225743e-07,0.0,-0.005449771881103516,-0.00012251416680193473
191800,44.52949523925781,87.46334228515624,-3.6886185884475706,2.8371812e-07,0.0,-0.0060155391693115234,-0.0001720083239867165
192000,40.898616790771484,83.59501571655274,-3.6885965704917907,1.886487e-07,0.0,-0.005404233932495117,-0.00012247298628089708
192200,45.203739166259766,88.55526371002198,-3.6886055767536163,8.9108944e-08,0.0,-0.0088578462600708,-7.329528005186602e-05
192400,42.948387145996094,85.18659763336181,-3.688616394996643,1.9848346e-07,0.0,-0.006627440452575684,-0.00013850657643317278
192600,42.28718185424805,86.80438594818115,-3.688623321056366,1.92523e-07,0.0,0.0020848512649536133,-0.00011661271660621254
192800,50.966888427734375,97.99053020477295,-3.688609939813614,1.4483928e-07,0.0,-0.00677800178527832,-0.00011824250256466939
193000,41.4489860534668,83.4487699508667,-3.6886147379875185,1.7493963e-07,0.0,-0.0059735774993896484,-0.00012401403450872371
193200,44.264183044433594,91.47774677276611,-3.688609302043915,2.7239324e-07,0.0,-0.004843235015869141,-0.00014644789376703216
193400,36.0146369934082,78.50569229125976,-3.688613790273666,1.8924474e-07,0.0,-0.0007135868072509766,-0.00013404464750124134
193600,44.6626091003418,96.93686351776122,-3.688622975349426,2.297759e-07,0.0,-0.002062201499938965,-0.00014413487897257937
193800,37.14315414428711,73.95909023284912,-3.6886065661907197,2.0444395e-07,0.0,0.0034696459770202637,-0.00013146714869378685
194000,38.69873809814453,83.15614414215088,-3.6886157512664797,1.4066696e-07,0.0,-0.0029467344284057617,-0.000110444262595899
194200,45.017250061035156,91.46752986907958,-3.6886255502700807,1.5735627e-07,0.0,0.0028480887413024902,-0.00011432689384704986
194400,36.02951431274414,69.41731100082397,-3.6886252224445344,2.7358533e-07,0.0,-0.0011734962463378906,-0.00015540860534528632
194600,46.273681640625,93.18778896331787,-3.688615673780441,2.3692846e-07,0.0,-0.002809882164001465,-0.00015926324560737725
194800,38.696746826171875,76.05722846984864,-3.688617169857025,9.536743e-08,0.0,-0.005871295928955078,-7.926887305345076e-05
195000,39.50912857055664,84.47108173370361,-3.688615506887436,2.2351742e-07,0.0,-0.0033080577850341797,-0.00013512693384258866
195200,32.820472717285156,69.06509189605713,-3.6886057615280152,2.142787e-07,0.0,-0.0003256797790527344,-0.00012492580742069493
195400,44.872127532958984,89.66669254302978,-3.688610780239105,1.3113022e-07,0.0,0.0019012093544006348,-7.342854107719176e-05
195600,45.9825439453125,87.25564880371094,-3.6886029303073884,2.0384789e-07,0.0,-0.005191802978515625,-0.00014043071907039463
195800,36.068485260009766,78.33017501831054,-3.688604694604874,1.7911196e-07,0.0,-0.004137158393859863,-0.00012131702858440008
196000,40.925865173339844,86.02335681915284,-3.688615584373474,1.5705824e-07,0.0,0.0034592151641845703,-0.00010742851354210714
196200,37.51543045043945,82.36892414093018,-3.68860724568367,3.0338765e-07,0.0,0.003432035446166992,-0.0001781688780886359
196400,30.3445987701416,64.60925245285034,-3.688611423969269,1.2934208e-07,0.0,-0.004620194435119629,-8.171042061420054e-05
196600,44.06681823730469,90.68748817443847,-3.688601350784302,1.3113022e-07,0.0,-0.004783034324645996,-0.00010486367369892946
196800,49.2900505065918,101.06878490447998,-3.6885971426963806,9.7453594e-08,0.0,0.0037720203399658203,-9.275482515818112e-05
197000,44.64076232910156,84.21495971679687,-3.6885986268520354,1.397729e-07,0.0,-0.0031038522720336914,-0.0001050930618880841
197200,44.53457260131836,89.19324703216553,-3.6886033952236175,1.1503697e-07,0.0,-0.006140589714050293,-9.70887248426422e-05
197400,51.297279357910156,100.00460510253906,-3.6886064231395723,1.5825033e-07,0.0,-0.0006695985794067383,-0.00012023483142081792
197600,40.07394790649414,83.8347692489624,-3.6885919690132143,3.4809113e-07,0.0,-0.0040634870529174805,-0.00015840860788534082
197800,41.99658203125,83.10449104309082,-3.688598561286926,1.4096499e-07,0.0,-0.0018426179885864258,-0.00010051634968775148
198000,47.065982818603516,91.62879505157471,-3.6886047244071962,1.4871358e-07,0.0,0.0011734366416931152,-0.00010476932686813712
198200,41.03333282470703,88.62348804473876,-3.688597559928894,2.5987626e-07,0.0,-0.0009095668792724609,-0.00017312610048172416
198400,41.4288215637207,82.00472049713134,-3.6885919153690336,1.424551e-07,0.0,0.004162490367889404,-9.2071250115211e-05
198600,27.295215606689453,62.52955446243286,-3.6885877311229707,2.1845102e-07,0.0,-0.0012748241424560547,-0.00012157972270010475
198800,36.11163330078125,72.13920030593872,-3.688586086034775,2.324581e-07,0.0,0.0016950368881225586,-0.00015282284400051083
199000,50.194740295410156,97.12658214569092,-3.688589608669281,9.685755e-08,0.0,0.0007493495941162109,-6.833291823795661e-05
199200,41.94438552856445,83.61009902954102,-3.688579761981964,1.7732381e-07,0.0,-0.0012923479080200195,-0.00011914179453684782
199400,35.688194274902344,76.0011993408203,-3.6885853886604307,3.0964614e-07,0.0,-0.010349512100219727,-0.00018004064210259686
199600,41.94505310058594,86.80679893493652,-3.68857718706131,2.3305415e-07,0.0,-0.006759762763977051,-0.00014301101902409742
199800,43.235137939453125,89.71840953826904,-3.688576489686966,2.1547079e-07,0.0,0.0008711814880371094,-0.0001373248086821377
200000,32.906959533691406,70.47715034484864,-3.6885682344436646,2.5093556e-07,0.0,-0.0015321969985961914,-0.00016042727317078231
