timestep,loss,value_loss,entropy_loss,approx_kl,clip_fraction,explained_variance,policy_gradient_loss
200,,,,,,,
400,0.01820981502532959,0.03182885348796845,-3.6888765931129455,1.4007091e-07,0.0,-4.320426940917969,-0.00015666858693896835
600,0.015042370185256004,0.03363727810792625,-3.6888752937316895,2.0682812e-07,0.0,-11.405777931213379,-0.00014526414880949856
800,0.00957806222140789,0.023385836370289327,-3.6888733744621276,3.710389e-07,0.0,-10.156402587890625,-0.0002050256237206227
1000,0.006137598771601915,0.021523352107033135,-3.688872241973877,2.95341e-07,0.0,-1.8507225513458252,-0.00017069771857949334
1200,0.008669709786772728,0.022216106951236724,-3.6888717353343963,2.861023e-07,0.0,-2.0052883625030518,-0.0001606317224166265
1400,0.012907621450722218,0.02494326061569154,-3.6888711631298063,2.1249056e-07,0.0,-4.3231072425842285,-0.000138711221583554
1600,0.011050636880099773,0.024526865920051932,-3.688870483636856,2.4199485e-07,0.0,-6.888335704803467,-0.00014017485037034482
1800,0.0095686549320817,0.0214404821395874,-3.6888704717159273,2.348423e-07,0.0,-5.994729042053223,-0.0001471070651944073
2000,0.00878368690609932,0.019386598677374422,-3.688870596885681,2.7179718e-07,0.0,-3.5103554725646973,-0.00015364610723895834
2200,0.006503259297460318,0.015269412263296544,-3.6888702154159545,3.1441448e-07,0.0,-2.1933932304382324,-0.00014409415214959863
2400,0.010372073389589787,0.019383521936833858,-3.688870108127594,2.1934508e-07,0.0,-7.849551200866699,-0.0001296793828667986
2600,0.0070504359900951385,0.01674085562117398,-3.688868600130081,2.4676322e-07,0.0,-5.125730514526367,-0.00013737753037412203
2800,0.006055692210793495,0.01532151927240193,-3.688868361711502,1.7046929e-07,0.0,-8.095617294311523,-0.00012759818184400197
3000,0.008153870701789856,0.019253093004226684,-3.6888671636581423,4.288554e-07,0.0,-6.2737579345703125,-0.00019783234607593237
3200,0.004822811111807823,0.013504257658496499,-3.688867449760437,2.3692847e-07,0.0,-4.834630012512207,-0.00015103288031625972
3400,0.00674106040969491,0.016082468489184976,-3.6888660907745363,2.2798775e-07,0.0,-8.01821231842041,-0.00012928873261714991
3600,0.009158452972769737,0.0172672068933025,-3.6888655364513396,3.1262636e-07,0.0,-19.153766632080078,-0.00016193235037329501
3800,0.0065617854706943035,0.013141596526838838,-3.6888652801513673,2.580881e-07,0.0,-11.228154182434082,-0.00013743683764722014
4000,0.007364344317466021,0.013424950698390604,-3.6888642966747285,1.6450882e-07,0.0,-8.26703929901123,-0.0001250691568512874
4200,0.005512320902198553,0.012879086215980351,-3.6888656854629516,2.3156403e-07,0.0,-4.824298858642578,-0.00012393289950431984
4400,0.0037840933073312044,0.01025483077391982,-3.6888656198978422,3.376603e-07,0.0,-5.382829189300537,-0.00017531912094632674
4600,0.006762765347957611,0.013801243668422104,-3.688864940404892,1.8745662e-07,0.0,-12.890419006347656,-0.00012258780104641432
4800,0.002874267054721713,0.008454599615652114,-3.6888637483119964,2.1755696e-07,0.0,-5.891472339630127,-0.00014330726866091937
5000,0.00428433995693922,0.011199819413013757,-3.6888637125492094,3.0845405e-07,0.0,-12.212196350097656,-0.0001598037181887335
5200,0.006136232987046242,0.01357408866751939,-3.688862109184265,2.2441148e-07,0.0,-7.066431999206543,-0.00012614342584695847
5400,0.0036905002780258656,0.009301249962300062,-3.6888618171215057,3.3944846e-07,0.0,-13.98412799835205,-0.00018685439260410775
5600,0.0036172254476696253,0.00784722501412034,-3.688859540224075,2.0354987e-07,0.0,-9.42370319366455,-0.00011373428182501755
5800,0.005128046497702599,0.012659963173791765,-3.688858485221863,2.4318695e-07,0.0,-8.960721969604492,-0.00014597943402261393
6000,0.004648382309824228,0.009660576819442213,-3.688858133554459,2.1845102e-07,0.0,-5.033051490783691,-0.00013934643614694765
6200,0.0018251908477395773,0.007847633911296725,-3.688856619596481,3.030896e-07,0.0,-3.725569248199463,-0.00015197302426713799
6400,0.0028900981415063143,0.007448319019749761,-3.688856470584869,2.8312206e-07,0.0,-21.735198974609375,-0.0001627570745794227
6600,0.004213881678879261,0.008029476075898856,-3.688855141401291,1.7374754e-07,0.0,-12.041593551635742,-0.00010050478609651137
6800,0.002517965156584978,0.007147283712401986,-3.6888537228107454,3.2931567e-07,0.0,-18.16004753112793,-0.00018851776530641738
7000,0.003607027931138873,0.007184377044904977,-3.688853496313095,2.9563904e-07,0.0,-22.681331634521484,-0.00015922575602953515
7200,0.0033229540567845106,0.007194193103350699,-3.68885395526886,1.847744e-07,0.0,-15.67593002319336,-0.0001225304596857768
7400,0.0019654822535812855,0.005426692520268261,-3.688853460550308,2.9295683e-07,0.0,-11.319570541381836,-0.00016101402755794859
7600,0.003360839793458581,0.006578501884359866,-3.688852685689926,2.1755696e-07,0.0,-10.151847839355469,-0.0001282095425163554
7800,0.003296632319688797,0.0073993690079078075,-3.6888520538806917,2.926588e-07,0.0,-6.129814624786377,-0.00015929105765266627
8000,0.0037449889350682497,0.007705554505810142,-3.6888513028621674,2.452731e-07,0.0,-6.60390043258667,-0.0001382100366261074
8200,0.0013316405238583684,0.0046480461896862835,-3.6888506591320036,2.1994114e-07,0.0,-16.62650489807129,-0.0001291270034405434
8400,0.0017817583866417408,0.005654988856986165,-3.6888509035110473,1.7017126e-07,0.0,-20.27947998046875,-0.00011067716749375567
8600,0.0016566647682338953,0.004805428761756048,-3.6888501405715943,1.5765428e-07,0.0,-13.06470775604248,-0.00010323150451982955
8800,0.0014532282948493958,0.0047127264086157085,-3.688848888874054,3.814697e-07,0.0,-13.433637619018555,-0.00017633237644396616
9000,0.0011076756054535508,0.00385478193347808,-3.6888466477394104,1.4841555e-07,0.0,-13.321158409118652,-9.020262207423135e-05
9200,0.0023106334265321493,0.004497959045693278,-3.6888460516929626,2.1755694e-07,0.0,-18.160146713256836,-0.0001320433530989984
9400,0.0008569448837079108,0.0026246251683915032,-3.688845157623291,1.6212464e-07,0.0,-18.470935821533203,-0.00010997518952446939
9600,0.0008358228951692581,0.0034625812841113657,-3.6888447225093843,2.491474e-07,0.0,-18.215993881225586,-0.0001665426474601217
9800,0.0005895236390642822,0.002420537991565652,-3.688843834400177,2.2113323e-07,0.0,-8.302899360656738,-0.000125133618792006
10000,0.001843251520767808,0.002638497724547051,-3.688842248916626,2.1636484e-07,0.0,-23.863037109375,-0.0001310340450609182
10200,0.0011266616638749838,0.0037662441609427333,-3.6888421893119814,2.1964311e-07,0.0,-16.22959327697754,-0.00013119693078613714
10400,0.001303195720538497,0.0031616827443940567,-3.688842159509659,3.001094e-07,0.0,-16.341726303100586,-0.00016606295053827046
10600,0.002130044624209404,0.0033680275839287786,-3.6888433277606962,2.3066998e-07,0.0,-9.936410903930664,-0.0001350757049574991
10800,0.000702022691257298,0.0025226096680853517,-3.688841313123703,2.542138e-07,0.0,-11.913200378417969,-0.00012462311927435854
11000,0.0012754369527101517,0.002146068977890536,-3.688841480016708,1.5050173e-07,0.0,-12.836309432983398,-8.709912028308509e-05
11200,0.0010986531851813197,0.003173499694094062,-3.688841664791107,2.5659799e-07,0.0,-14.195928573608398,-0.0001257111278566647
11400,0.001400941051542759,0.003598349232925102,-3.6888418912887575,1.7881393e-07,0.0,-19.109039306640625,-0.0001028898069190598
11600,0.0013072667643427849,0.002800327475415543,-3.6888419091701508,2.619624e-07,0.0,-18.692808151245117,-0.00015538167967298343
11800,0.0009983258787542582,0.0025530938553856687,-3.688842326402664,2.4855137e-07,0.0,-15.637781143188477,-0.00014131569545117184
12000,0.001014541368931532,0.0016472153467475437,-3.688843142986298,1.5556813e-07,0.0,-9.855810165405273,-9.191632313013676e-05
12200,0.0013406302314251661,0.00308365748351207,-3.6888421773910522,2.0116568e-07,0.0,-26.824983596801758,-0.0001262887273441038
12400,0.0009100104216486216,0.0023267425727681256,-3.688842785358429,1.6927719e-07,0.0,-20.360355377197266,-0.00011525431359467042
12600,0.0014775915769860148,0.0034303961147088557,-3.6888422548770903,3.3557416e-07,0.0,-4.581540107727051,-0.00017611275617115396
12800,0.00041072533349506557,0.0010690258302929578,-3.68884419798851,2.0921232e-07,0.0,-10.773406028747559,-0.00012443848016845392
13000,0.0003611193969845772,0.0019894275712431407,-3.688842785358429,2.3901464e-07,0.0,-23.9055118560791,-0.00012554337105257217
13200,0.0004221532726660371,0.001476222185010556,-3.688843071460724,3.477931e-07,0.0,-13.547232627868652,-0.00016058717676843416
13400,0.0007236563833430409,0.002488644016557373,-3.688842111825943,1.6808511e-07,0.0,-26.19727325439453,-9.759658398778015e-05
13600,0.0009636789909563959,0.0019432681969192346,-3.6888407945632933,9.685755e-08,0.0,-17.243000030517578,-6.77670682708964e-05
13800,0.00035673819365911186,0.0020808666304219514,-3.6888401091098784,2.014637e-07,0.0,-13.82291316986084,-0.0001291463530437742
14000,0.0009619645425118506,0.0019410905166296288,-3.6888373672962187,1.9162894e-07,0.0,-22.66241455078125,-0.00012948515672530636
14200,0.00023004316608421504,0.0013957213348476216,-3.6888374984264374,3.5375353e-07,0.0,-12.325552940368652,-0.0001643743648715612
14400,0.0006730630993843079,0.00233569756092038,-3.688838243484497,3.9726496e-07,0.0,-4.510629177093506,-0.0001851279877655543
14600,0.0009620486525818706,0.002337468057521619,-3.6888398051261904,2.0623207e-07,0.0,-29.452266693115234,-0.00011180867673852291
14800,0.0005287440144456923,0.0013137893009115941,-3.688840848207474,2.3841858e-07,0.0,-18.661174774169922,-0.00013254919653409302
15000,8.405331755056977e-05,0.0014808325577178039,-3.6888412117958067,4.1633845e-07,0.0,-13.01024055480957,-0.0002138087028044966
15200,0.0005416095373220742,0.001310938441019971,-3.688840925693512,1.6272068e-07,0.0,-17.655492782592773,-9.643427371153201e-05
15400,0.00013654481153935194,0.0013321178543264979,-3.688839089870453,2.577901e-07,0.0,-24.780336380004883,-0.00014657467494518794
15600,0.0003161810745950788,0.0011621003242908046,-3.688839292526245,1.770258e-07,0.0,-10.469409942626953,-0.00011178009218337781
15800,0.000305731751723215,0.0014276300862547942,-3.6888396799564362,2.0384789e-07,0.0,-3.3677005767822266,-0.00012745726093918997
16000,0.0001926122058648616,0.0011683691365760752,-3.6888386487960814,2.1040438e-07,0.0,-13.524404525756836,-0.00012156444812272404
16200,0.00025944103254005313,0.0008478382595058064,-3.688838452100754,2.7507542e-07,0.0,-10.014161109924316,-0.0001440885975253048
16400,9.941737516783178e-05,0.0012952757344464772,-3.688836246728897,2.3305415e-07,0.0,-19.452539443969727,-0.00013322426331923153
16600,0.00019562095985747874,0.001287038065493107,-3.688837265968323,3.165007e-07,0.0,-23.063047409057617,-0.0001726963375431323
16800,0.0004041559004690498,0.001072053085954394,-3.688833510875702,1.8626451e-07,0.0,-15.141401290893555,-0.00012195441079017044
17000,0.0003770080511458218,0.0013631613255711272,-3.6888358175754545,2.2172927e-07,0.0,-4.3253173828125,-0.00012265348055371384
17200,-1.3278651749715209e-05,0.0008595577019150369,-3.6888370752334594,2.3156404e-07,0.0,-17.657493591308594,-0.00011300471449171567
17400,-8.8806904386729e-05,0.0009742073103552684,-3.688838118314743,2.539158e-07,0.0,-3.7215986251831055,-0.00013907411812645875
17600,-0.00011467759031802416,0.0010028126343968324,-3.6888366878032683,3.9875508e-07,0.0,-19.180273056030273,-0.00019278380245806303
17800,-0.00011863597319461405,0.0006594502352527343,-3.6888353407382963,3.0636787e-07,0.0,-14.494871139526367,-0.0001770194852364071
18000,0.00020288897212594748,0.000808237143792212,-3.688838058710098,2.2381543e-07,0.0,-17.300697326660156,-0.0001239860356717193
18200,-0.00013581954408437014,0.0005615297119220486,-3.6888340055942535,2.8938055e-07,0.0,-12.867350578308105,-0.0001457998758626955
18400,3.4976284950971603e-05,0.0007248863345012069,-3.688832920789719,2.3037195e-07,0.0,-22.5546817779541,-0.00011716390367815244
18600,5.6014658184722066e-05,0.001050485840823967,-3.6888341546058654,3.0249356e-07,0.0,-3.7805562019348145,-0.00015950980815433448
18800,-3.984422073699534e-05,0.0006244223950488959,-3.6888337552547457,2.2292139e-07,0.0,-9.618106842041016,-0.00012086123317101016
19000,-0.00034636323107406497,0.0003954351050197147,-3.6888330042362214,2.7686357e-07,0.0,-8.390462875366211,-0.0001643605379066493
19200,-1.589757448527962e-05,0.0004231227107084123,-3.6888334453105927,3.308058e-07,0.0,-7.333431243896484,-0.00015222725361900834
19400,-0.00023895592312328517,0.0004805909593414981,-3.6888302981853487,1.5109778e-07,0.0,-9.029338836669922,-0.00010952196233626754
19600,-2.2912281565368176e-05,0.0005358017151593231,-3.6888286650180815,1.9580125e-07,0.0,-17.95623207092285,-0.00011143290929189753
19800,9.644603414926678e-05,0.0006316059378150384,-3.688829076290131,2.926588e-07,0.0,-5.361250400543213,-0.00015880352255814856
20000,-0.00019339844584465027,0.0004123066315514734,-3.6888270318508147,2.744794e-07,0.0,-9.205041885375977,-0.00016090059594239258
20200,-0.00017394969472661614,0.000340684741968289,-3.688825559616089,4.4882296e-07,0.0,-11.473258018493652,-0.00020020492438113102
20400,-0.0001417913008481264,0.00034243281479575673,-3.688826769590378,3.013015e-07,0.0,-10.561338424682617,-0.00014567731415069396
20600,-0.00017788029799703509,0.0002981879184517311,-3.6888229131698607,3.0606986e-07,0.0,-10.428789138793945,-0.00019602388076578325
20800,-6.685766857117414e-05,0.0003157830557029229,-3.6888243436813353,1.8060207e-07,0.0,-11.339977264404297,-0.00011772680368016264
21000,-0.00013625984138343483,0.0003449771633313503,-3.6888217270374297,2.208352e-07,0.0,-4.194204807281494,-0.00012169681531899456
21200,-0.0003497893922030926,0.00033190630856552163,-3.6888198971748354,4.6133994e-07,0.0,-14.592069625854492,-0.00021603468162527671
21400,-0.0002139657735824585,0.0003526203774526948,-3.6888206779956816,2.7686357e-07,0.0,-7.917522430419922,-0.0001280481064366068
21600,-0.0002537060354370624,0.00016759694135544124,-3.6888199627399443,2.2023916e-07,0.0,-2.5506174564361572,-0.00010797220082543468
21800,-0.0002109991473844275,0.000229333153765765,-3.688819545507431,2.0623207e-07,0.0,-9.249971389770508,-0.00011667848199374831
22000,-0.00014818264753557742,0.00021499086633411935,-3.688816672563553,2.118945e-07,0.0,-6.337591171264648,-0.00011770646238926653
22200,-0.0001437578466720879,0.00027661803287628575,-3.6888184428215025,2.2441148e-07,0.0,-11.92591381072998,-0.00013307800852226936
22400,-0.0003318380913697183,0.00011111054909633822,-3.6888158440589907,2.9712916e-07,0.0,-1.4626271724700928,-0.00013766723108701306
22600,-0.0001301995653193444,0.0002341768338737893,-3.6888162195682526,2.6643278e-07,0.0,-6.758963584899902,-0.00013286917571901923
22800,-0.00027633365243673325,0.00026926695863949135,-3.6888138473033907,3.2663345e-07,0.0,-1.2677135467529297,-0.00016687173321336957
23000,-0.0005270500550977886,0.00013801144586977898,-3.6888132452964784,3.9786102e-07,0.0,-3.0612168312072754,-0.00020380531333898943
23200,-0.00022871416877023876,0.00019807392927759793,-3.6888131856918336,2.8342006e-07,0.0,-3.506107807159424,-0.00014187660899454003
23400,-0.0003119406464975327,0.0001691590961854672,-3.688812655210495,2.8431418e-07,0.0,-5.823899269104004,-0.00013898795765668882
23600,-0.00023876871273387223,0.00017939298159035387,-3.6888084590435026,3.20971e-07,0.0,-1.925652027130127,-0.0001661892238486784
23800,-0.00021360917889978737,0.00019866709899361013,-3.6888088405132295,3.3527613e-07,0.0,-2.1842308044433594,-0.00014862574652755312
24000,-0.00012726106797344983,0.0001573296320202644,-3.688804990053177,2.9951332e-07,0.0,-5.372695446014404,-0.00014579641941123712
24200,-0.0002914522192440927,9.095579853237722e-05,-3.688807117938995,2.82526e-07,0.0,-2.503776788711548,-0.00012260910911970901
24400,-0.0002475025539752096,0.00013509717346096294,-3.688810271024704,1.8000603e-07,0.0,-1.7424094676971436,-0.0001139925283500709
24600,-0.00030169126694090664,0.00010095686666318215,-3.688808822631836,2.9861928e-07,0.0,-3.5907793045043945,-0.00015165734298064337
24800,-0.00014342425856739283,0.00011651524491753661,-3.6888079702854157,1.6987325e-07,0.0,-2.867666244506836,-9.800824499670569e-05
25000,-0.00011091346095781773,9.597698281140765e-05,-3.6888053834438326,2.1755696e-07,0.0,-4.698034286499023,-0.00011715778746292926
25200,-0.0002278235333506018,0.00010442315078762476,-3.6888090133666993,2.1338464e-07,0.0,-4.276838302612305,-0.0001366372738596078
25400,-0.00045999453868716955,0.00012052448655595072,-3.6888090491294863,3.9845708e-07,0.0,-3.0908327102661133,-0.00019253726120773695
25600,-0.0003209617570973933,6.796843790652929e-05,-3.6888107538223265,3.7014485e-07,0.0,-1.2837252616882324,-0.00016998042288185466
25800,-0.00017475058848503977,6.352643872560293e-05,-3.6888111770153045,1.937151e-07,0.0,-2.3037312030792236,-0.00010655215410837471
26000,-0.0005040691467002034,8.415818274443154e-05,-3.688810932636261,3.7163497e-07,0.0,-3.1916284561157227,-0.00018387328805300474
26200,-0.00026341737248003483,9.761322626218316e-05,-3.68880894780159,2.5749205e-07,0.0,-1.062833309173584,-0.00011809590563427452
26400,-0.0002500344126019627,0.00010126261549885385,-3.6888107359409332,2.3782252e-07,0.0,-1.1255719661712646,-0.00014147759140810124
26600,-0.00040379620622843504,4.433895601323457e-05,-3.68880632519722,2.6732684e-07,0.0,-1.4481940269470215,-0.0001351213307426713
26800,-0.00016472639981657267,8.614399448561016e-05,-3.688807410001755,1.9848346e-07,0.0,-1.4289119243621826,-0.00010440978106265875
27000,-0.0003103249764535576,3.3980522357524026e-05,-3.6888103604316713,3.5256147e-07,0.0,-2.162114143371582,-0.00016825957511014123
27200,-0.0005612962413579226,3.86734597668692e-05,-3.6888092756271362,5.1915646e-07,0.0,-0.40807056427001953,-0.00022770272310856932
27400,-0.00046455362462438643,6.507087364298059e-05,-3.688807374238968,3.1620266e-07,0.0,-1.046375036239624,-0.0001471648651374835
27600,-0.00025192328030243516,5.221822320891079e-05,-3.688805902004242,3.5673378e-07,0.0,-0.214776873588562,-0.00017485534246981517
27800,-0.00033129871007986367,3.7981475043125104e-05,-3.688806116580963,2.0027161e-07,0.0,-2.025125741958618,-0.00012988829000826208
28000,-0.00031474092975258827,3.775929794755939e-05,-3.688808786869049,2.348423e-07,0.0,-1.6242480278015137,-0.00012257836715523496
28200,-0.0004539859655778855,3.233635147807945e-05,-3.688807737827301,3.6090614e-07,0.0,-0.9392200708389282,-0.00017951749287494767
28400,-0.0004038698098156601,2.489825542397739e-05,-3.688806051015854,4.3600798e-07,0.0,-0.42170047760009766,-0.0002118231963883055
28600,-0.0004714478272944689,2.764305095297459e-05,-3.6888022124767303,3.7908555e-07,0.0,-1.133552074432373,-0.00017762808537917784
28800,-0.00040595987229608,4.342902739153942e-05,-3.688801884651184,4.3958426e-07,0.0,-0.8115648031234741,-0.00021473012031480998
29000,-0.0005300840712152421,3.424169944992173e-05,-3.688799172639847,3.4838916e-07,0.0,-0.5126708745956421,-0.0001675280188176309
29200,-8.796088513918221e-05,6.077341395211988e-05,-3.688799875974655,2.142787e-07,0.0,-0.332645058631897,-0.00010724601172626969
29400,-0.00017898264923132956,3.6283651388657746e-05,-3.6887994527816774,3.7133694e-07,0.0,-0.4940747022628784,-0.00017513360127414113
29600,-0.00036993969115428627,3.51435942320677e-05,-3.68880380988121,3.0487774e-07,0.0,-0.30865633487701416,-0.00014341456466606672
29800,-0.000290075724478811,2.217615447079879e-05,-3.6888035774230956,3.6776066e-07,0.0,-0.3607628345489502,-0.00018190677376650477
30000,-9.705961565487087e-05,4.355981691333e-05,-3.6888053953647613,3.1769275e-07,0.0,-0.4148592948913574,-0.00014837838612924426
30200,-0.00033801147947087884,1.4586406905436888e-05,-3.6888067424297333,3.3408404e-07,0.0,-0.18021881580352783,-0.0001369905841985375
30400,-0.0004137367941439152,3.538802275215858e-05,-3.688802492618561,2.142787e-07,0.0,-0.41081833839416504,-0.00013613191665511336
30600,-0.0003507366345729679,1.8721534456744848e-05,-3.6888055860996247,4.0084123e-07,0.0,-0.26656806468963623,-0.00017666424751654474
30800,-0.0003272058966103941,5.473882979458722e-05,-3.6888009548187255,2.8580425e-07,0.0,-0.3266890048980713,-0.00014263927522211172
31000,-0.00038960203528404236,4.215721846776432e-05,-3.6888043820858,3.4123656e-07,0.0,-0.17598295211791992,-0.00017896311109097952
31200,-0.0003676355700008571,2.4797989181024604e-05,-3.6888058483600616,2.5004147e-07,0.0,-0.1811305284500122,-0.00010977091953394691
31400,-0.0001488011475885287,2.9871383503632387e-05,-3.6888026535511016,2.1278858e-07,0.0,-0.41083240509033203,-0.0001326690089945237
31600,-0.000354533432982862,4.567010141727223e-05,-3.688804590702057,2.2411348e-07,0.0,-0.12507295608520508,-0.00012420500718076654
31800,-0.0003114101127721369,1.5960115115376537e-05,-3.6888019919395445,2.7537345e-07,0.0,-0.28638994693756104,-0.00015435047350753628
32000,-0.00019562398665584624,1.8140410065825564e-05,-3.6888011395931244,1.9550323e-07,0.0,-0.21842610836029053,-9.998475808032925e-05
32200,-0.0006843576557002962,3.6822769197897286e-05,-3.6887982726097106,4.5508148e-07,0.0,-0.27467238903045654,-0.00020132218363253518
32400,-0.00029050017474219203,3.3631400538070014e-05,-3.6887969017028808,3.4987926e-07,0.0,-0.21409201622009277,-0.00015595787818938333
32600,-0.00036117699346505105,2.382686880082474e-05,-3.6887986302375793,2.5510786e-07,0.0,-0.14308440685272217,-0.00015402143484903873
32800,-0.0005309564876370132,1.0928828419309867e-05,-3.6887996315956117,3.6656857e-07,0.0,-0.60405433177948,-0.000159753681370578
33000,-0.0004498299094848335,2.323280050404719e-05,-3.6888012409210207,3.4093856e-07,0.0,-0.10593700408935547,-0.00017432236430761083
33200,-0.0005339884082786739,2.550063691160176e-05,-3.688802623748779,4.628301e-07,0.0,0.04221081733703613,-0.00020190128020907138
33400,-0.0006596924504265189,4.246518483341788e-05,-3.688795828819275,5.635619e-07,0.0,-0.3233358860015869,-0.0002386082553369029
33600,-0.000486759003251791,3.847613188554533e-05,-3.6887949287891386,4.440546e-07,0.0,0.003123939037322998,-0.00019322818642648621
33800,-0.0004220121190883219,2.460734149281052e-05,-3.688795083761215,4.1425227e-07,0.0,0.05006051063537598,-0.0001870562434800771
34000,-0.00032773634302429855,5.001503041057731e-05,-3.6887942254543304,2.6255844e-07,0.0,-0.10131287574768066,-0.00013813538801161763
34200,-0.0002411786699667573,2.138427607860649e-05,-3.6887931406497954,1.9818545e-07,0.0,-0.09765207767486572,-0.0001223197573588908
34400,-0.00042433489579707384,3.1814592375667416e-05,-3.688794082403183,3.9607286e-07,0.0,-0.2638087272644043,-0.00020269994121997482
34600,-0.00030786849674768746,5.959314121355419e-05,-3.68878972530365,2.643466e-07,0.0,-0.10918867588043213,-0.00014130758536898825
34800,-0.0004912306321784854,3.979108782914409e-05,-3.688789939880371,3.4034252e-07,0.0,-0.07330715656280518,-0.00018737936791535237
35000,-0.00041119244997389615,1.5600285678374348e-05,-3.6887933373451234,2.5212765e-07,0.0,-0.14246654510498047,-0.00015783035745244866
35200,-0.0003446252958383411,3.517751383697032e-05,-3.6887912511825562,2.2798777e-07,0.0,-0.19693386554718018,-0.00012274764504627278
35400,-0.00027555739507079124,2.090877105729305e-05,-3.6887907087802887,2.6077032e-07,0.0,-0.007254838943481445,-0.00015517737797767772
35600,-0.00037964459625072777,2.2992763615548028e-05,-3.6887957394123077,3.039837e-07,0.0,-0.09249377250671387,-0.00016048015641931813
35800,-0.0004789755621459335,4.08684744797938e-05,-3.6887944459915163,3.1501054e-07,0.0,-0.22439801692962646,-0.00019393826209817
36000,-0.00032465235562995076,2.6060184700327228e-05,-3.6887936115264894,2.0295381e-07,0.0,-0.03779268264770508,-0.0001206958594009433
36200,-0.00022797792917117476,2.4621821921755327e-05,-3.688798487186432,2.244115e-07,0.0,-0.15556931495666504,-0.00014086834380714342
36400,-0.00035181420389562845,2.887022014874674e-05,-3.6887928783893584,2.1964311e-07,0.0,-0.10415267944335938,-0.00012226305107401191
36600,-0.000436305912444368,1.825537528929999e-05,-3.688798838853836,2.3335218e-07,0.0,-0.22110366821289062,-0.00014071919092373264
36800,-0.00032699803705327213,5.8015385275211886e-05,-3.688792610168457,2.7924776e-07,0.0,-0.29303085803985596,-0.00013850165824966787
37000,-0.0001475160534027964,2.590841554592771e-05,-3.688791573047638,2.6226044e-07,0.0,0.08573317527770996,-0.00014750647472976385
37200,-0.0001458901388105005,2.1535735186262173e-05,-3.6887875139713286,3.0845402e-07,0.0,-0.06644558906555176,-0.00016809623011773133
37400,-0.00026472043828107417,2.973386817757273e-05,-3.6887860894203186,4.7177073e-07,0.0,-0.1257115602493286,-0.0001934175338706323
37600,-0.0003799563564825803,4.34607929946651e-05,-3.6887876987457275,2.7656554e-07,0.0,-0.05911457538604736,-0.0001379711646254611
37800,-0.0002561020664870739,1.6969165676528065e-05,-3.688788056373596,3.3825637e-07,0.0,-0.5276094675064087,-0.00015735329601453962
38000,-0.000290246942313388,3.701107179949758e-05,-3.6887879729270936,1.692772e-07,0.0,-0.016178131103515625,-0.00010400814568491956
38200,-0.0002695303992368281,2.4341970402019797e-05,-3.6887871980667115,2.5182962e-07,0.0,-0.031946539878845215,-0.00014934405736626298
38400,-0.0005225990316830575,4.06440825372556e-05,-3.6887893676757812,3.4451483e-07,0.0,0.06474733352661133,-0.00016997472336834906
38600,-0.0004429165564943105,1.4834561613952247e-05,-3.6887851417064668,3.2305718e-07,0.0,-0.00010013580322265625,-0.00016036833841335252
38800,-0.00015343654376920313,3.416994227336545e-05,-3.688782733678818,2.5689602e-07,0.0,-0.12057745456695557,-0.00014663799783567466
39000,-0.0004248092882335186,2.5570075240466395e-05,-3.6887843549251556,3.6120414e-07,0.0,-0.37518274784088135,-0.00019456092731207075
39200,-0.0004914921591989696,4.124442116335558e-05,-3.6887800335884093,4.965067e-07,0.0,-0.04794919490814209,-0.0002483363740463318
39400,-0.0003249219444114715,4.5062717254040764e-05,-3.6887811183929444,3.3289194e-07,0.0,-0.11701679229736328,-0.00016913026748011095
39600,-0.000252408382948488,2.2200686089490773e-05,-3.6887816905975344,2.0325184e-07,0.0,-0.21276521682739258,-0.0001160111271669928
39800,-0.0002436927316011861,2.4371837207581847e-05,-3.688782995939255,3.7580728e-07,0.0,0.07290613651275635,-0.0001927960287610997
40000,-0.00035526492865756154,2.4085959148578694e-05,-3.6887797892093657,2.2798777e-07,0.0,-0.36755120754241943,-0.0001283713876933934
40200,-0.00030725004035048187,4.674348697335518e-05,-3.6887817680835724,3.4749507e-07,0.0,-0.03752326965332031,-0.00015993269664966726
40400,-0.0003760127001442015,5.1003328826482176e-05,-3.6887793481349944,3.5703184e-07,0.0,-0.16471457481384277,-0.0001643063770077946
40600,-0.0004460577911231667,1.9245208477514097e-05,-3.688778418302536,2.7120115e-07,0.0,-0.25766515731811523,-0.00016160069508543983
40800,-0.00033831846667453647,2.8319500142970355e-05,-3.688781666755676,3.2275915e-07,0.0,-0.15492451190948486,-0.00017210546267483197
41000,-0.00023239424626808614,3.0069207969063428e-05,-3.688784581422806,2.8550625e-07,0.0,0.11696785688400269,-0.00015238798942300845
41200,-0.0003595205198507756,1.710398346403963e-05,-3.6887843787670134,3.6150217e-07,0.0,0.09829705953598022,-0.00017639202014980705
41400,-0.00017593450320418924,3.521665307744115e-05,-3.6887791454792023,2.3424626e-07,0.0,-0.2356351613998413,-0.00012472063377844123
41600,-0.00016816941206343472,2.7531876685316093e-05,-3.6887817561626433,2.4825334e-07,0.0,-0.2532784938812256,-0.00013363218292257174
41800,-0.0005121907452121377,4.4127482306066666e-05,-3.6887830197811127,4.2319297e-07,0.0,0.06354725360870361,-0.00022623827906602666
42000,-0.0002636393764987588,2.877460776744556e-05,-3.6887842297554014,2.1785499e-07,0.0,-0.0405195951461792,-0.00012336073678991254
42200,-0.00048499167314730585,1.350242225726106e-05,-3.688780093193054,3.9935114e-07,0.0,-0.1921781301498413,-0.00021996731991409392
42400,-0.0005696997977793217,2.6485770104045513e-05,-3.6887788474559784,3.7848952e-07,0.0,-0.17949223518371582,-0.00021157992749112897
42600,-0.0003674305626191199,1.288530470446858e-05,-3.688779729604721,5.0723554e-07,0.0,-0.3020358085632324,-0.0002114357486997953
42800,-0.00036877207458019257,3.0045400944800348e-05,-3.6887775897979735,2.3156404e-07,0.0,-0.20860397815704346,-0.00014293040308870352
43000,-0.00037127165705896914,3.53524549609574e-05,-3.688773536682129,2.1219253e-07,0.0,-0.13570642471313477,-0.00015262840674244992
43200,-0.0003706260467879474,4.139947604926419e-05,-3.688773101568222,2.5331974e-07,0.0,-0.18226206302642822,-0.00014855534628042122
43400,-0.00039211619878187776,1.858266919043672e-05,-3.6887722671031953,3.6388633e-07,0.0,-0.1780012845993042,-0.00018864090655625886
43600,-0.0001950858859345317,3.5497084309099594e-05,-3.688768994808197,3.0577183e-07,0.0,-0.013205289840698242,-0.00015866391336236685
43800,-0.0003367105673532933,1.940534984896658e-05,-3.688771593570709,2.1964311e-07,0.0,-0.09291410446166992,-0.00011708617259660325
44000,-0.0005225939676165581,1.003131767447485e-05,-3.688772279024124,3.3229588e-07,0.0,-0.2522357702255249,-0.00018720011745099185
44200,-0.00019194524793419987,3.995556517111254e-05,-3.688770192861557,3.1203032e-07,0.0,0.05140799283981323,-0.00017030421640171767
44400,-0.00016010984836611897,2.085710609662783e-05,-3.688774162530899,2.9146673e-07,0.0,-0.3123898506164551,-0.00015163739861141502
44600,-0.00022437692678067833,2.7679093545884825e-05,-3.6887696266174315,2.0235777e-07,0.0,-0.2839299440383911,-0.00011633343286781006
44800,-0.0003485887136776,3.1205575896819934e-05,-3.688765454292297,2.9414892e-07,0.0,-0.11946296691894531,-0.0001683849392062342
45000,-0.00045037269592285156,2.105151729665522e-05,-3.6887687861919405,2.8550625e-07,0.0,-0.03738582134246826,-0.0001542866527590725
45200,-0.0005965952877886593,1.2181457350379787e-05,-3.688767600059509,3.769994e-07,0.0,-0.09479236602783203,-0.0002051583607071139
45400,-0.00035314136766828597,3.67607683983806e-05,-3.6887670397758483,4.1157006e-07,0.0,0.08414435386657715,-0.00020698176337849983
45600,-0.000479645881569013,2.0014134884149824e-05,-3.6887665390968323,3.0636787e-07,0.0,0.06184244155883789,-0.00018884351987162872
45800,-0.0005426566931419075,4.486518605517631e-05,-3.6887646436691286,4.4375656e-07,0.0,-0.18096530437469482,-0.0002067121271463801
46000,-0.00038753950502723455,1.1890390510416182e-05,-3.6887628495693208,2.3037195e-07,0.0,-0.43984413146972656,-0.00015120271623585423
46200,-0.0004427353269420564,1.8299659063814034e-05,-3.688762503862381,3.346801e-07,0.0,-0.5964943170547485,-0.00018855695300667996
46400,-0.00033589883241802454,1.6311763170051562e-05,-3.6887632966041566,2.6792287e-07,0.0,-0.06709015369415283,-0.00012732161451167734
46600,-0.00017202869639731944,4.203627895549289e-05,-3.6887586772441865,1.8119812e-07,0.0,-0.14676916599273682,-0.00011365190155874228
46800,-0.00034144078381359577,2.4365013632632327e-05,-3.6887581944465637,4.5925378e-07,0.0,-0.062426090240478516,-0.00021514532078004134
47000,-0.00022008079395163804,1.0417524276817857e-05,-3.688763105869293,4.4167044e-07,0.0,-0.3152129650115967,-0.00019197928977868762
47200,-0.00034110594424419105,1.8874561646953225e-05,-3.6887622475624084,2.8014185e-07,0.0,-0.10079729557037354,-0.00014477208269574325
47400,-0.0003847954794764519,2.2498347561850096e-05,-3.688760834932327,2.1576881e-07,0.0,-0.005313396453857422,-0.00013234232399013114
47600,-0.0002172683016397059,2.12601977182203e-05,-3.688760441541672,1.6480683e-07,0.0,-0.1889866590499878,-0.00011387364602593042
47800,-0.0004401561163831502,1.4984717017796356e-05,-3.6887632310390472,4.065037e-07,0.0,-0.15497100353240967,-0.0001969910722779078
48000,-0.00019713716756086797,3.428975596762029e-05,-3.688761532306671,2.884865e-07,0.0,-0.12340092658996582,-0.00015011620516602875
48200,-0.00024054708774201572,4.622327228389622e-05,-3.688766473531723,3.6776063e-07,0.0,-0.058252573013305664,-0.00017527006530251298
48400,-0.00029769702814519405,1.903544334709295e-05,-3.68876656293869,2.4527313e-07,0.0,-0.04797184467315674,-0.0001382287450566677
48600,-0.000360732723493129,1.1259805205554585e-05,-3.688769054412842,1.6063451e-07,0.0,-0.14144372940063477,-0.00010094842268566495
48800,-0.0002959294361062348,4.182670390946441e-05,-3.6887687385082244,3.8623807e-07,0.0,-0.05005645751953125,-0.0001987850361851784
49000,-0.0004371109534986317,2.287309598614229e-05,-3.6887721598148344,2.9176474e-07,0.0,-0.1286008358001709,-0.00015545103064571464
49200,-0.00044968421570956707,3.294461362202128e-05,-3.688773435354233,4.428625e-07,0.0,-0.10853028297424316,-0.00022847478726304438
49400,-0.00048128157504834235,3.12467703679431e-05,-3.688771504163742,2.771616e-07,0.0,0.005190789699554443,-0.00015919084882960456
49600,-0.00029724324122071266,2.3026172084428253e-05,-3.6887672662734987,2.6226044e-07,0.0,-0.011163115501403809,-0.00015327999034019378
49800,-0.00043084489880129695,3.907061045538285e-05,-3.6887674212455748,2.56598e-07,0.0,-0.10353636741638184,-0.00015531884247059756
50000,-0.00046716773067601025,1.0474890450495877e-05,-3.6887649059295655,2.4318695e-07,0.0,-0.6654747724533081,-0.0001551371818056868
50200,-0.0004349463270045817,2.744027287917561e-05,-3.6887632250785827,3.6031008e-07,0.0,-0.14201927185058594,-0.00019367520594153475
50400,-0.0005406833370216191,1.6108073214127217e-05,-3.688759469985962,4.6551227e-07,0.0,-0.009277701377868652,-0.00020750966604634601
50600,-0.0003282475518062711,3.487257622509787e-05,-3.688762813806534,2.2619963e-07,0.0,-0.03005802631378174,-0.00013810356000947265
50800,-0.0002877359511330724,4.213433671793609e-05,-3.6887633860111237,2.8312206e-07,0.0,-0.06747317314147949,-0.00016085853390541694
51000,-0.0007383081247098744,1.362480270472588e-05,-3.68876336812973,5.015731e-07,0.0,-0.002821803092956543,-0.00022312545674687544
51200,-0.0003731871547643095,1.1981955981354987e-05,-3.6887623012065887,3.156066e-07,0.0,-0.13140404224395752,-0.00016418752075821885
51400,-0.0004321644955780357,2.7570561269385507e-05,-3.688765561580658,3.6448242e-07,0.0,0.04110997915267944,-0.00020264978090924756
51600,-0.0003839996352326125,3.2492955187990444e-05,-3.6887633979320524,2.7447936e-07,0.0,-0.15698540210723877,-0.00017055094325473807
51800,-0.0002626295026857406,1.7317737979283264e-05,-3.688762050867081,2.6077032e-07,0.0,0.00043964385986328125,-0.0001593724257988871
52000,-0.0004459214105736464,1.4283783002611017e-05,-3.6887580275535585,2.6971102e-07,0.0,-0.04277944564819336,-0.00015928532268714158
52200,-0.00012292021710891277,2.4290741839649856e-05,-3.688755089044571,1.3411045e-07,0.0,-0.463031530380249,-0.00010086418733566971
52400,-0.00029012328013777733,3.063555268454365e-05,-3.6887510120868683,2.244115e-07,0.0,-0.0771479606628418,-0.0001463428629995711
52600,-0.0005447951843962073,2.183928181693773e-05,-3.688755440711975,3.7640334e-07,0.0,-0.11756670475006104,-0.00018468433626003255
52800,-0.0004280185094103217,2.938427310255065e-05,-3.6887517988681795,3.1232835e-07,0.0,-0.0654987096786499,-0.00015733354588116645
53000,-0.0003950539685320109,1.844695254931139e-05,-3.6887504160404205,3.6567448e-07,0.0,-0.26210832595825195,-0.00016548940478946505
53200,-0.00039747776463627815,2.8338947595329954e-05,-3.6887486040592194,3.2395124e-07,0.0,-0.025662541389465332,-0.0001706984034833603
53400,-0.00038475566543638706,2.280372427776456e-05,-3.6887422502040863,3.346801e-07,0.0,-0.1730726957321167,-0.00019211891181578623
53600,-0.00028740946436300874,3.162955269999657e-05,-3.688745415210724,1.9073487e-07,0.0,-0.18269920349121094,-0.00011258956776547536
53800,-0.00022242689738050103,2.435014607726771e-05,-3.6887447416782377,1.8626453e-07,0.0,-0.10861265659332275,-0.00011233869112809991
54000,-0.0003829668276011944,2.3081334279595467e-05,-3.688745266199112,2.7894973e-07,0.0,-0.20327365398406982,-0.0001410693521249895
54200,-0.0004678167460951954,3.7726310210928204e-05,-3.688746392726898,2.375245e-07,0.0,-0.1697789430618286,-0.00015338002177363031
54400,-0.0004186425358057022,1.6235447174040018e-05,-3.6887466609477997,2.834201e-07,0.0,-0.00033283233642578125,-0.0001556159400532886
54600,-0.00017646864580456167,1.5972630694705004e-05,-3.6887429296970367,2.580881e-07,0.0,-0.1515122652053833,-0.00014388799780784556
54800,-0.0003510011883918196,1.5510057789924758e-05,-3.688741022348404,3.0338765e-07,0.0,-0.22485482692718506,-0.00016059346973573696
55000,-0.0005657882429659367,1.4007175582264609e-05,-3.6887439370155333,4.771352e-07,0.0,-0.24214696884155273,-0.0002363216122039713
55200,-0.0002765054232440889,4.1478247521808956e-05,-3.688744086027145,2.2917986e-07,0.0,-0.12209784984588623,-0.0001267785577982572
55400,-0.00024911388754844666,3.276295610703528e-05,-3.6887440919876098,3.0070544e-07,0.0,-0.11460423469543457,-0.000168524354248345
55600,-0.00029423923115246,2.1473514971148687e-05,-3.688748377561569,2.0593406e-07,0.0,-0.162123441696167,-0.00013071732183709273
55800,-0.0004724620084743947,5.091795737826033e-05,-3.688743072748184,2.759695e-07,0.0,-0.17299175262451172,-0.0001711116425552772
56000,-0.00044934285688214004,3.4687895686147384e-05,-3.6887418210506437,4.7773125e-07,0.0,-0.21834790706634521,-0.00020605687505756976
56200,-0.00027562910690903664,3.193263087268861e-05,-3.6887378633022307,2.989173e-07,0.0,-0.13659799098968506,-0.00015435040044522452
56400,-0.00024382630363106728,1.6829126457196254e-05,-3.6887333393096924,2.720952e-07,0.0,-0.3615633249282837,-0.00015467645203705028
56600,-0.0005122299771755934,4.79756175991497e-05,-3.6887283623218536,3.1381848e-07,0.0,-0.027410507202148438,-0.00018674863219644288
56800,-0.00043609293061308563,4.978139777449542e-05,-3.68872526884079,3.6358833e-07,0.0,0.14336657524108887,-0.00016131247929795922
57000,-0.0005200633313506842,1.768491547409212e-05,-3.688719379901886,4.8846005e-07,0.0,-0.5027588605880737,-0.00021933057713381389
57200,-0.0006221156218089163,2.5298320679212338e-05,-3.6887203633785246,3.7521124e-07,0.0,0.05593085289001465,-0.0001905743997850262
57400,-0.00042798271169885993,4.0392681239609376e-05,-3.68872075676918,3.3468007e-07,0.0,-0.07288694381713867,-0.00016571546717318862
57600,-0.0003589166153687984,2.5407904513485845e-05,-3.688718152046204,2.926588e-07,0.0,-0.18405139446258545,-0.00015052435532572072
57800,-0.0004955846816301346,3.275586764175387e-05,-3.688716447353363,4.118681e-07,0.0,-0.002572298049926758,-0.0002190833850290841
58000,-0.0001888094120658934,2.161393213100382e-05,-3.688719815015793,1.9162894e-07,0.0,-0.15130901336669922,-0.0001240258968546959
58200,-0.00021447431936394423,2.8453299364628037e-05,-3.6887193977832795,1.8358229e-07,0.0,-0.3137543201446533,-0.00011216981726467346
58400,-0.0003357867826707661,2.3149186336013373e-05,-3.6887211918830873,2.4735928e-07,0.0,-0.04073631763458252,-0.00015289523012563811
58600,-0.0004955995245836675,1.9206267938898237e-05,-3.6887182891368866,3.1769275e-07,0.0,-0.1593313217163086,-0.00017821455665445463
58800,-0.0005188346840441227,3.304298616058077e-05,-3.688710427284241,3.489852e-07,0.0,0.015483379364013672,-0.00018227462517075299
59000,-0.00013635448704008013,1.9478157946650752e-05,-3.688716381788254,3.0398368e-07,0.0,-0.05413377285003662,-0.00015484650386656806
59200,-0.00035477784695103765,3.045990624741535e-05,-3.6887142658233643,2.554059e-07,0.0,-0.2467665672302246,-0.00013324239944541018
59400,-0.00044379965402185917,2.0285068285375018e-05,-3.688710796833038,5.307794e-07,0.0,-0.08462512493133545,-0.00022134201174903723
59600,-0.0004874752776231617,1.257967694527906e-05,-3.6887144207954408,3.8325788e-07,0.0,-0.2506774663925171,-0.00019311876707741593
59800,-0.00026778082246892154,1.7381552106598973e-05,-3.6887179255485534,2.8908255e-07,0.0,-0.15093755722045898,-0.00015507593286405718
60000,-0.0003118900931440294,1.4898971198817889e-05,-3.688718503713608,2.1278858e-07,0.0,-0.11416685581207275,-0.00013417851912391753
60200,-0.00025105421082116663,1.3443674674817885e-05,-3.6887195646762847,1.8566845e-07,0.0,-0.08049941062927246,-0.000126881718663463
60400,-0.00039114803075790405,1.484529875597218e-05,-3.6887177884578706,2.601743e-07,0.0,-0.043695926666259766,-0.000149074859712639
60600,-0.0002049432077910751,5.840590793013689e-05,-3.6887110650539396,2.6136638e-07,0.0,-0.09449732303619385,-0.0001367042807837393
60800,-0.000488606165163219,3.9648455640417524e-05,-3.6887064397335054,2.9474498e-07,0.0,0.0792589783668518,-0.00016459816035636622
61000,-0.00018399168038740754,1.032579556294877e-05,-3.6887089610099792,2.8938052e-07,0.0,-0.014962315559387207,-0.0001570087861630487
61200,-0.0004077962366864085,3.37341055910656e-05,-3.688701808452606,2.4586916e-07,0.0,-0.1373305320739746,-0.00013054325425536638
61400,-0.0005722412024624646,2.1777852612103744e-05,-3.6887018859386442,3.6507845e-07,0.0,-0.14503741264343262,-0.00019209861079079183
61600,-0.00019929141853936017,3.829642841992609e-05,-3.6887059986591337,3.0010938e-07,0.0,0.0032939910888671875,-0.00014266382055347915
61800,-0.0004394778225105256,2.4089284988804138e-05,-3.6887046575546263,3.942847e-07,0.0,0.02981799840927124,-0.00020159620042000114
62000,-0.00027085666079074144,3.3166522825922584e-05,-3.688705724477768,2.2053717e-07,0.0,-0.030161142349243164,-0.00012115698708332623
62200,-0.0003097357985097915,2.8447509293982876e-05,-3.688706225156784,1.642108e-07,0.0,-0.016352295875549316,-9.806948195614228e-05
62400,-0.0003583278739824891,2.0119783835070847e-05,-3.6887043118476868,2.1964311e-07,0.0,0.06293874979019165,-0.0001412856580754962
62600,-0.0004924109671264887,4.060205978930753e-05,-3.688701903820038,2.810359e-07,0.0,-0.21158266067504883,-0.00015934771250041279
62800,-0.00044384878128767014,2.571202612671186e-05,-3.688708782196045,3.5047532e-07,0.0,-0.2703549861907959,-0.00018293422401070015
63000,-0.0004646786255761981,1.2465693930607814e-05,-3.6887068152427673,3.5047532e-07,0.0,-0.07054281234741211,-0.00018631228725194405
63200,-0.0003052405081689358,2.0071401672794308e-05,-3.68870632648468,4.2319297e-07,0.0,-0.21787941455841064,-0.00020031058966698544
63400,-0.0003294165071565658,1.2498846672315267e-05,-3.688707226514816,2.6971102e-07,0.0,-0.27271711826324463,-0.0001350195190565451
63600,-0.0002599687722977251,2.2879395146446768e-05,-3.6887046873569487,2.542138e-07,0.0,0.021443426609039307,-0.00015024053274987904
63800,-0.0004336015263106674,1.8718878141044116e-05,-3.6887045919895174,3.966689e-07,0.0,-0.22008264064788818,-0.00019649319951531297
64000,-0.00033618073211982846,1.9051383242185692e-05,-3.6887055695056916,3.4838916e-07,0.0,-0.2823047637939453,-0.00016067647311741596
64200,-0.0004785420896951109,3.1803643923922206e-05,-3.6887075424194338,3.474951e-07,0.0,-0.0010198354721069336,-0.00019117902224377036
64400,-0.00032658135751262307,3.4142468621212174e-05,-3.6887094497680666,2.5093556e-07,0.0,-0.09095120429992676,-0.00012787479153621994
64600,-0.00033772410824894905,6.519864064102876e-05,-3.6887087285518647,4.6491624e-07,0.0,-0.16065680980682373,-0.0002299342918094638
64800,-0.0004294718964956701,2.191604255585844e-05,-3.6887069642543793,4.327297e-07,0.0,-0.21039867401123047,-0.0002012921279649582
65000,-0.0002706281084101647,2.167348789043899e-05,-3.688701367378235,2.8043985e-07,0.0,-0.03057718276977539,-0.0001462514621719091
65200,-0.0004920763312838972,2.0404746783242446e-05,-3.6887000501155853,3.3199785e-07,0.0,-0.14009320735931396,-0.00018884515726881325
65400,-0.0004185047000646591,2.290447787345329e-05,-3.688703554868698,2.539158e-07,0.0,-0.06656229496002197,-0.00014814003959007227
65600,-0.00033155837445519865,1.5223722584778443e-05,-3.6887006521224976,2.771616e-07,0.0,-0.18112719058990479,-0.0001617356552037208
65800,-0.0003388345940038562,2.9286899507496856e-05,-3.688701355457306,2.208352e-07,0.0,-0.12256419658660889,-0.00013397251797062638
66000,-0.0003802949795499444,2.1836566997990303e-05,-3.68870233297348,2.82526e-07,0.0,-0.3255373239517212,-0.0001588635664634186
66200,-0.00046657060738652945,3.363963937772496e-05,-3.6887029886245726,2.6106835e-07,0.0,-0.1306232213973999,-0.00014731553682703069
66400,-0.0005623484030365944,2.9962456892462797e-05,-3.6887045979499815,3.9398668e-07,0.0,0.0974157452583313,-0.000203187570135821
66600,-0.00023595994571223855,3.2651345600243074e-05,-3.688704752922058,2.7239324e-07,0.0,-0.15165555477142334,-0.00013654176924933205
66800,-0.00039800931699573994,3.820716087830078e-05,-3.6887070775032043,3.3527613e-07,0.0,-0.02812016010284424,-0.0001836079295432391
67000,-0.00028832792304456234,1.2318382141529583e-05,-3.688704031705856,3.656745e-07,0.0,-0.21747541427612305,-0.00019762913916292478
67200,-0.0002212846593465656,1.9029773397960525e-05,-3.6886944651603697,3.1411648e-07,0.0,-0.08080089092254639,-0.00014412246605874924
67400,-0.00026502087712287903,3.83935787340306e-05,-3.68869389295578,2.8282403e-07,0.0,-0.08682000637054443,-0.00014499770077088802
67600,-0.0003525412757880986,2.8328076450634398e-05,-3.688696897029877,3.0070544e-07,0.0,-0.07217633724212646,-0.00014807635517593009
67800,-0.00041918770875781775,4.011231840195251e-05,-3.6886991441249846,2.9861928e-07,0.0,-0.18439841270446777,-0.0001582589512371335
68000,-0.000403455866035074,4.9785053033701845e-05,-3.6886975824832917,2.682209e-07,0.0,-0.05261397361755371,-0.0001424214434035731
68200,-0.0006493701948784292,2.0446562666620592e-05,-3.688699245452881,3.823638e-07,0.0,-0.1718428134918213,-0.00017861937077530144
68400,-0.00047026449465192854,3.316272986921831e-05,-3.6887012481689454,3.1113626e-07,0.0,-0.005602478981018066,-0.00016541051848866227
68600,-0.00040628682472743094,4.286174021217448e-05,-3.688707047700882,2.7537345e-07,0.0,-0.1018909215927124,-0.00016836130714347196
68800,-0.00023091484035830945,1.263519750409614e-05,-3.688705563545227,2.1487475e-07,0.0,-0.013948559761047363,-0.00013165362257918644
69000,-0.0005273341666907072,2.889061629502976e-05,-3.6886989414691924,2.9832125e-07,0.0,0.035495221614837646,-0.00017074502993490447
69200,-0.0003561235498636961,2.0233847521922144e-05,-3.6887065947055815,2.8014182e-07,0.0,0.11747336387634277,-0.00014981634341283413
69400,-0.00026598721160553396,1.705475642665988e-05,-3.68870649933815,3.519654e-07,0.0,-0.2709033489227295,-0.00016013598375552718
69600,-0.00036696490133181214,3.327956887915207e-05,-3.6887052774429323,2.6255844e-07,0.0,-0.168792724609375,-0.0001460530304738139
69800,-0.00042454872163943946,4.413234987623582e-05,-3.688705009222031,4.711747e-07,0.0,-0.04095256328582764,-0.00020639112040883313
70000,-0.00021206215023994446,2.7239871724304975e-05,-3.6887021601200103,2.6285647e-07,0.0,0.15089356899261475,-0.00012682137609885125
70200,-0.000417040049796924,2.2910478446647175e-05,-3.68870262503624,2.193451e-07,0.0,-0.18786585330963135,-0.00013631777462626006
70400,-0.00042105361353605986,2.7669237124428036e-05,-3.6887086808681486,4.470348e-07,0.0,-0.05619966983795166,-0.00020459419486428264
70600,-0.00034434281405992806,1.3484055489243475e-05,-3.688715761899948,2.4557113e-07,0.0,-0.12965476512908936,-0.000128202876318273
70800,-0.0001796298602130264,4.8399984916613906e-05,-3.6887108027935027,2.7298927e-07,0.0,0.10439103841781616,-0.00014613166435037961
71000,-0.00043878870201297104,3.538284859132546e-05,-3.6887161493301392,3.7163494e-07,0.0,-0.09026622772216797,-0.00019816140868081922
71200,-0.0003135079750791192,1.7289944867115992e-05,-3.6887192726135254,2.539158e-07,0.0,-0.06750798225402832,-0.00015988154799122521
71400,-0.0003190652932971716,1.5239827939694806e-05,-3.688718003034592,1.8566847e-07,0.0,-0.3310967683792114,-0.00012229090841229251
71600,-0.00013674168440047652,3.0188138862285995e-05,-3.688716012239456,2.0653009e-07,0.0,0.017375648021697998,-0.00012206354677573028
71800,-0.0001643304422032088,2.2372202533915696e-05,-3.6887112736701964,2.1547079e-07,0.0,-0.1276695728302002,-0.00012622982355731116
72000,-0.0003153820289298892,1.6026211051212157e-05,-3.688712841272354,2.9444692e-07,0.0,-0.004123806953430176,-0.00015282013332100773
72200,-0.0005214381963014603,2.752699901975575e-05,-3.688717949390411,3.680587e-07,0.0,0.0032972097396850586,-0.0001871273848910171
72400,-0.00037378203705884516,5.320293357726769e-05,-3.6887124359607695,2.849102e-07,0.0,-0.05578041076660156,-0.0001441298908389399
72600,-0.00039987059426493943,1.6618923768874084e-05,-3.6887110233306886,3.4809113e-07,0.0,0.028949737548828125,-0.0001793529170839747
72800,-0.00025261944392696023,4.094560554221971e-05,-3.6887088656425475,1.8507242e-07,0.0,0.004917144775390625,-9.948930850391945e-05
73000,-0.0003820998826995492,2.5002220309033873e-05,-3.688713848590851,2.3812055e-07,0.0,0.004288792610168457,-0.00014742688753324184
73200,-0.0002981953148264438,2.7778791854871086e-05,-3.6887206375598907,2.3633243e-07,0.0,0.026552557945251465,-0.00014872158355705434
73400,-0.0003388181794434786,2.9538616536228802e-05,-3.6887100398540498,2.6732684e-07,0.0,-0.09120655059814453,-0.00012969650300374003
73600,-0.00034137064358219504,3.698397817970544e-05,-3.688708108663559,3.0875205e-07,0.0,-0.031877994537353516,-0.00016084483357845514
73800,-0.0001914243766805157,4.014536143586156e-05,-3.688713848590851,2.3066997e-07,0.0,-0.1262422800064087,-0.0001354690049014895
74000,-0.0003665350377559662,3.376960412424523e-05,-3.688717246055603,2.810359e-07,0.0,-0.02749168872833252,-0.0001541182311862954
74200,-0.00021137838484719396,1.4489802811112896e-05,-3.6887136578559874,2.7894973e-07,0.0,-0.14487552642822266,-0.00014013790294260532
74400,-0.00041770143434405327,2.816641813296883e-05,-3.6887140333652497,2.44081e-07,0.0,0.15470266342163086,-0.00014460837448160846
74600,-0.0003520194732118398,3.238128424527531e-05,-3.688715749979019,3.8594007e-07,0.0,-0.017621636390686035,-0.00016748441822675986
74800,-0.00039821589598432183,2.6205261110590073e-05,-3.688714987039566,2.810359e-07,0.0,-0.02061164379119873,-0.00015821874076995534
75000,-0.0005635189008899033,2.8460788917072934e-05,-3.6887122690677643,2.9593707e-07,0.0,-0.13642311096191406,-0.00015229911838671173
75200,-0.00044596477528102696,2.1709476868636557e-05,-3.6887144327163695,3.2782555e-07,0.0,-0.08719491958618164,-0.00015063519101976564
75400,-0.0004391821566969156,3.416990430196165e-05,-3.688712531328201,3.0338765e-07,0.0,-0.10799729824066162,-0.00018106666244470658
75600,-0.00018142077897209674,2.3402906322189665e-05,-3.688707035779953,2.1964313e-07,0.0,-0.08085465431213379,-0.0001127445643339442
75800,-0.00022723793517798185,3.8330725283231e-05,-3.688712102174759,1.6242265e-07,0.0,0.0447087287902832,-0.00010674787952462683
76000,-0.0002665680949576199,3.7097912218087005e-05,-3.6887140214443206,2.2113322e-07,0.0,-0.14363408088684082,-0.00011437096541699887
76200,-0.0005668739322572947,2.8365422303977537e-05,-3.688704323768616,4.6044585e-07,0.0,-0.3102215528488159,-0.00021053761898905953
76400,-0.00022950710263103247,4.295450144127244e-05,-3.6887063086032867,4.6133994e-07,0.0,-0.028998494148254395,-0.00017108571160633356
76600,-0.00035141556872986257,3.408255001886573e-05,-3.6887021124362946,2.783537e-07,0.0,-0.15889382362365723,-0.00016148081456091035
76800,-0.00024536007549613714,2.2192093592821038e-05,-3.6887054443359375,2.6613475e-07,0.0,-0.2694413661956787,-0.00014539453457269592
77000,-0.0003335286455694586,2.471153529768344e-05,-3.6887069404125215,2.5689604e-07,0.0,-0.2190464735031128,-0.00014406634822898833
77200,-0.00033212045673280954,2.67261391854845e-05,-3.6886979222297667,2.0891429e-07,0.0,-0.08407831192016602,-0.0001205752341811639
77400,-0.000365321000572294,3.340507928442094e-05,-3.6887039124965666,2.452731e-07,0.0,-0.024735450744628906,-0.00015344629507070274
77600,-0.00032252800883725286,1.6794042380752217e-05,-3.6887064039707185,2.7388333e-07,0.0,-0.25124502182006836,-0.00016135574057438707
77800,-0.000280717242276296,2.247799814085738e-05,-3.6887076556682588,3.4034252e-07,0.0,-0.16672205924987793,-0.00017743405932559852
78000,-0.0003303547273389995,1.4283788914326578e-05,-3.6887038230895994,3.2782555e-07,0.0,-0.07908749580383301,-0.000165180602503856
78200,-0.0002901965635828674,3.209975852769276e-05,-3.6887087225914,3.20673e-07,0.0,-0.09680533409118652,-0.00016482684127919756
78400,-0.00025944632943719625,2.2823084464107524e-05,-3.6887076616287233,1.7076731e-07,0.0,-0.07052826881408691,-0.0001320107882806898
78600,-0.00033151349634863436,3.24585635553376e-05,-3.6887030243873595,2.9176476e-07,0.0,-0.09453773498535156,-0.0001494265784825366
78800,-0.00021850223129149526,1.77192251840097e-05,-3.6887029886245726,2.0503998e-07,0.0,-0.13975250720977783,-0.00011125291870831556
79000,-0.00018823525169864297,2.5517444737488403e-05,-3.688699197769165,2.425909e-07,0.0,-0.08115386962890625,-0.0001312609431154188
79200,-0.0004722148587461561,2.471825871452893e-05,-3.6887025773525237,3.5583975e-07,0.0,-0.0813678503036499,-0.00019804416685678116
79400,-0.00039206098881550133,3.629591360549966e-05,-3.6887007772922518,3.358722e-07,0.0,0.09800612926483154,-0.0001681937715558801
79600,-0.0004989492590539157,2.4891315024433425e-05,-3.6887020647525786,2.5779008e-07,0.0,-0.10226750373840332,-0.00014732018918834912
79800,-0.000356553791789338,5.109914545755601e-05,-3.6887040615081785,2.977252e-07,0.0,-0.09007740020751953,-0.0001692649875876695
80000,-0.0003120381152257323,2.629111413625651e-05,-3.688698869943619,3.0517577e-07,0.0,-0.03174006938934326,-0.0001553925761951458
80200,-0.0005324240773916245,2.8835278999395087e-05,-3.6886947572231295,3.4451483e-07,0.0,-0.03555703163146973,-0.0001722257370343705
80400,-0.0002578345302026719,1.8303366880445536e-05,-3.6886992752552032,3.9786102e-07,0.0,-0.18577027320861816,-0.00019008083835743151
80600,-0.0002858522639144212,7.7221457402743e-06,-3.6886973857879637,1.7821789e-07,0.0,-2.346766948699951,-0.00011140219953085229
80800,-0.00034537340980023146,5.804972072098735e-06,-3.6887012243270876,1.7732381e-07,0.0,-0.6751365661621094,-0.00012803630596551762
81000,-0.0005215206765569746,4.005955304364761e-06,-3.6886900544166563,4.082918e-07,0.0,-0.09757804870605469,-0.0001839359700504417
81200,-0.00026414429885335267,3.1981487907728478e-06,-3.688691717386246,2.8192997e-07,0.0,-0.7211378812789917,-0.00014928656804151784
81400,-0.0004022055072709918,2.3692208245051915e-06,-3.6886866986751556,5.272031e-07,0.0,-0.2505981922149658,-0.0002265728245319565
81600,-0.0002728268736973405,1.80534700575663e-06,-3.68868345618248,2.6643278e-07,0.0,-0.5053272247314453,-0.00014854250781155544
81800,-0.00034919436438940465,1.2568377616872794e-06,-3.6886789798736572,3.33786e-07,0.0,-0.21118807792663574,-0.000153418688765683
82000,-0.00015553504636045545,1.0326975171892628e-06,-3.6886869788169863,1.9818543e-07,0.0,-0.25824522972106934,-0.00010093003388540467
82200,-0.000532381352968514,7.844520192534787e-07,-3.6886856615543366,3.33786e-07,0.0,-1.524961233139038,-0.0001512514737967763
82400,-0.00015605136286467314,6.187959616710259e-07,-3.6886851370334623,1.8417835e-07,0.0,-1.6237664222717285,-0.00010954716048745538
82600,-0.00046718682278878987,4.126525464442921e-07,-3.6886784434318542,3.194809e-07,0.0,-0.3540855646133423,-0.0001752717061280773
82800,-0.00025139018543995917,4.3955734128076076e-07,-3.6886823117733,2.2381545e-07,0.0,-1.6076626777648926,-0.00011721256102639188
83000,-0.00034403151948936284,2.4077004443512353e-07,-3.688676816225052,2.6613475e-07,0.0,-1.2525362968444824,-0.00014363885562129752
83200,-0.0001778734877007082,2.438085008549251e-07,-3.688680350780487,1.9401313e-07,0.0,-3.9403295516967773,-0.00011120232949473064
83400,-0.00024173267593141645,1.4430045505164913e-07,-3.688680273294449,2.3067e-07,0.0,-0.35459184646606445,-0.00012186428967146945
83600,-0.00025058360188268125,1.507803550460096e-07,-3.688673365116119,1.7166137e-07,0.0,-4.439297199249268,-9.457437682121039e-05
83800,-0.00046151631977409124,1.2730778351510707e-07,-3.6886729300022125,4.3302776e-07,0.0,-1.2506515979766846,-0.00018779492395921694
84000,-0.00021639013721141964,7.453018140424205e-08,-3.6886790692806244,2.3186206e-07,0.0,-1.7261683940887451,-0.00012745495165518151
84200,-0.0002647817018441856,6.734172028899365e-08,-3.6886722922325133,3.9607286e-07,0.0,-2.124891757965088,-0.00017635184589064322
84400,-0.0006283891852945089,7.875431635717689e-08,-3.6886690497398376,4.5835975e-07,0.0,-9.12759780883789,-0.0002192156750130181
84600,-0.0003743733395822346,9.782554029058588e-08,-3.6886708319187163,2.6345253e-07,0.0,-6.266984462738037,-0.0001322453771489762
84800,-0.0004626290174201131,4.960467843151406e-08,-3.6886682152748107,3.218651e-07,0.0,-7.750051498413086,-0.00014663039331139772
85000,-0.00025903707137331367,5.520560359961735e-08,-3.6886713325977327,2.1576882e-07,0.0,-0.6751283407211304,-0.00011117577514403454
85200,-0.0004782565520144999,4.335954648659879e-08,-3.688674634695053,3.0905008e-07,0.0,-1.299020767211914,-0.00015265715092969146
85400,-0.0003108467790298164,7.960140084861677e-08,-3.6886772990226744,1.9848346e-07,0.0,-6.45158052444458,-0.00012680064300354398
85600,-0.00035724614281207323,3.5770924178279986e-08,-3.688675433397293,3.4838916e-07,0.0,-1.4780378341674805,-0.00016084901575652566
85800,-0.00027885838062502444,8.574820400397699e-08,-3.6886838912963866,2.104044e-07,0.0,-7.75797176361084,-0.0001123699469005146
86000,-0.0003774315118789673,5.970503629271206e-08,-3.6886829018592833,2.2292137e-07,0.0,-0.9040722846984863,-0.00012852688173530246
86200,-0.0004045942332595587,7.163419528666281e-08,-3.6886834144592284,4.1484833e-07,0.0,-4.814418315887451,-0.00019590878639603738
86400,-0.00016904136282391846,6.265813574657386e-08,-3.6886844456195833,2.5898217e-07,0.0,-6.913454055786133,-0.00014556187053540448
86600,-0.00017424709221813828,5.88112933908036e-08,-3.688682222366333,2.1129847e-07,0.0,-7.78358268737793,-0.00012116255574852186
86800,-0.0002057372621493414,4.4393197740078e-08,-3.688677042722702,2.0772218e-07,0.0,-3.7448763847351074,-0.0001163080186422305
87000,-0.00025940570048987865,9.033153354209844e-08,-3.6886857986450194,2.5063753e-07,0.0,-5.018039703369141,-0.0001520657842604578
87200,-0.00024771716562099755,4.7488043941612545e-08,-3.6886782944202423,2.861023e-07,0.0,-4.725858688354492,-0.00014019723223999137
87400,-0.0003004618047270924,3.049271719568481e-08,-3.688675266504288,2.0086765e-07,0.0,-3.3143467903137207,-0.00011804853391872427
87600,-0.000458965718280524,5.508490579231306e-08,-3.68867512345314,5.188584e-07,0.0,-0.539830207824707,-0.0002080995511323014
87800,-0.0005905100842937827,4.4902784068767686e-08,-3.688683444261551,4.425645e-07,0.0,-3.8722338676452637,-0.0002028459316329667
88000,-0.000427927152486518,4.331168503846072e-08,-3.6886861085891725,3.4391883e-07,0.0,-2.5158019065856934,-0.00016235931918209267
88200,-0.0004751883971039206,6.745618286174704e-08,-3.6886871099472045,3.990531e-07,0.0,-2.606996774673462,-0.00021521565307125456
88400,-0.00017139961710199714,5.947026553432266e-08,-3.6886859357357027,1.618266e-07,0.0,-11.434131622314453,-0.00010229866528423947
88600,-0.00028208130970597267,5.57727849237466e-08,-3.6886835753917695,2.3216009e-07,0.0,-7.587823867797852,-0.00014746755359940078
88800,-0.00042988406494259834,2.9670956802618775e-08,-3.688678282499313,4.1484833e-07,0.0,-2.025681734085083,-0.00020853488150240906
89000,-0.00027691209106706083,3.7514976058972136e-08,-3.688677728176117,3.1799078e-07,0.0,-2.9086616039276123,-0.0001622872955954424
89200,-0.00046472236863337457,6.7684697047099e-08,-3.688684511184692,2.861023e-07,0.0,-5.931847095489502,-0.00015344434981785505
89400,-0.0003262295504100621,7.185014583299676e-08,-3.688679015636444,3.33488e-07,0.0,-3.2192554473876953,-0.0001618496613136733
89600,-0.00045403317199088633,4.3764221402398104e-08,-3.688678342103958,2.7298927e-07,0.0,-4.440793514251709,-0.00014741237456994405
89800,-0.0002008185110753402,6.557349152558345e-08,-3.688677042722702,2.1487475e-07,0.0,-2.8388614654541016,-0.00011714418305337481
90000,-0.00048010883620008826,2.1822782081404313e-08,-3.6886786818504333,2.8908252e-07,0.0,-13.681031227111816,-0.00015047016007310176
90200,-0.0005701538757421076,4.736261973725675e-08,-3.688673400878906,2.9563904e-07,0.0,-5.5023112297058105,-0.00016479145861230115
90400,-0.0003595701709855348,4.424244512968301e-08,-3.6886773288249968,2.2262336e-07,0.0,-4.505953788757324,-0.00012384461851873142
90600,-0.00032281861058436334,6.224811190946867e-08,-3.6886789083480833,2.7567148e-07,0.0,-3.382232189178467,-0.00015896331480871328
90800,-0.0005239551537670195,4.904075190381718e-08,-3.688674193620682,3.3378603e-07,0.0,-1.9216969013214111,-0.00017720345814109528
91000,-0.0004828372912015766,2.7348689801698357e-08,-3.688679599761963,4.4733287e-07,0.0,-5.869174957275391,-0.00018782883663135408
91200,-0.00042199206654913723,3.710831228964651e-08,-3.6886775135993957,3.7848952e-07,0.0,-11.349270820617676,-0.00018085593126675458
91400,-0.00035624162410385907,2.218246810681279e-08,-3.688677954673767,2.8133394e-07,0.0,-1.4220302104949951,-0.00015171593531988493
91600,-0.00042798693175427616,3.673155752892399e-08,-3.6886786580085755,3.6507845e-07,0.0,-1.63950514793396,-0.00016486932452426385
91800,-0.000343680614605546,7.304110347661207e-08,-3.6886820018291475,2.9087067e-07,0.0,-4.352235317230225,-0.00014777743175489188
92000,-0.00035332684637978673,2.1488387336177085e-08,-3.688677799701691,3.0308962e-07,0.0,-0.37173032760620117,-0.00015816085038515836
92200,-0.00026532344054430723,5.230565944813748e-08,-3.688682621717453,1.9669534e-07,0.0,-9.458658218383789,-0.00012131968969923968
92400,-0.00024393333296757191,5.3449923198556346e-08,-3.688681846857071,2.1100043e-07,0.0,-10.88164234161377,-0.00012191733760141821
92600,-0.0002973702212329954,3.6934174918457076e-08,-3.6886769950389864,2.5212765e-07,0.0,-4.433624267578125,-0.0001322793284681545
92800,-0.0004074957105331123,3.313655629888501e-08,-3.6886769831180573,3.6120414e-07,0.0,-4.525110721588135,-0.00014771572436802493
93000,-0.00010433189163450152,6.047773073447616e-08,-3.688672250509262,1.7762183e-07,0.0,-0.8735935688018799,-0.00010114663814420055
93200,-0.0005289021064527333,4.1322536192822666e-08,-3.6886751651763916,4.822016e-07,0.0,-2.8753082752227783,-0.000203370409549275
93400,-0.00048100744606927037,1.731606253940754e-08,-3.688681721687317,4.5746566e-07,0.0,-4.781061172485352,-0.00020418735561071876
93600,-0.000376481213606894,3.797619654299922e-08,-3.688682097196579,2.6106835e-07,0.0,-21.65365219116211,-0.0001344795820731548
93800,-0.0003965076175518334,8.644051461281776e-08,-3.6886841297149657,1.9103288e-07,0.0,-7.116122245788574,-0.00012710983143613409
94000,-0.0003323059354443103,4.25498861034157e-08,-3.6886808454990385,2.4944543e-07,0.0,-6.5119547843933105,-0.0001280289369160581
94200,-0.0002100378624163568,5.1997085037669424e-08,-3.688685816526413,2.7239324e-07,0.0,-2.580294132232666,-0.00014403673893081947
94400,-0.0004115845949854702,4.2419835666329674e-08,-3.68868151307106,2.0593404e-07,0.0,-3.833702564239502,-0.00012266279719415075
94600,-0.00024309153377544135,8.061508927070804e-08,-3.688686376810074,1.525879e-07,0.0,-12.80716609954834,-9.336233854344567e-05
94800,-0.0003408504417166114,7.282860936541624e-08,-3.688684380054474,2.399087e-07,0.0,-0.8717986345291138,-0.0001453654918635694
95000,-0.00022437878942582756,5.433959620049222e-08,-3.6886810839176176,1.9848346e-07,0.0,-6.170968055725098,-0.00010507576219844771
95200,-0.0004577701911330223,6.64269825811914e-08,-3.6886783599853517,3.3318997e-07,0.0,-6.308875560760498,-0.0001911186278537036
95400,-0.0002711795677896589,3.2015503359517083e-08,-3.6886735618114472,3.913045e-07,0.0,-1.2100212574005127,-0.0001861978218906213
95600,-0.0001812360278563574,9.025591731770533e-08,-3.6886755406856535,2.539158e-07,0.0,-9.026951789855957,-0.0001483111085067268
95800,-0.000361744430847466,8.066656693728192e-08,-3.6886769950389864,1.9788742e-07,0.0,-7.767886161804199,-0.0001190966738806809
96000,-0.00040680423262529075,4.167272305011238e-08,-3.6886688232421876,2.8997658e-07,0.0,-2.6917781829833984,-0.00013421027463704217
96200,-0.00020267469517420977,4.893923524207366e-08,-3.6886667013168335,1.7553567e-07,0.0,-5.829331874847412,-9.986968612714086e-05
96400,-0.00045011891052126884,5.9011743491765856e-08,-3.6886663734912872,3.671646e-07,0.0,-3.794022560119629,-0.00017481181690834902
96600,-0.0003450930817052722,3.8413331915343465e-08,-3.6886686384677887,2.884865e-07,0.0,-12.55336856842041,-0.00013399982348459848
96800,-0.0003969986573792994,3.340611036684038e-08,-3.688666379451752,2.5957823e-07,0.0,-2.592057228088379,-0.00014342049496098852
97000,-0.00019624162814579904,5.519783066176842e-08,-3.6886683344841003,3.1858684e-07,0.0,-5.7147088050842285,-0.0001533800955265896
97200,-0.0004868785326834768,5.308034132234241e-08,-3.6886586964130403,4.5984984e-07,0.0,-3.9089250564575195,-0.0001888045752452827
97400,-0.00030196987790986896,2.9547864976997574e-08,-3.688664573431015,2.902746e-07,0.0,-7.385451316833496,-0.00014456976938799216
97600,-0.0003521138278301805,4.4980364366509204e-08,-3.68866965174675,2.7120115e-07,0.0,-5.947351455688477,-0.0001523095473401126
97800,-0.0004445143276825547,7.053645392218755e-08,-3.6886673629283906,4.3600798e-07,0.0,-2.8864166736602783,-0.0001856982787103334
98000,-0.00029921485111117363,4.732165503895658e-08,-3.6886667251586913,2.0444392e-07,0.0,-6.441822052001953,-8.77884099498294e-05
98200,-0.0005994170205667615,4.805172633126631e-08,-3.6886694550514223,3.8623807e-07,0.0,-2.3076817989349365,-0.00019505722520295475
98400,-0.0003239012439735234,7.72478369270857e-08,-3.688674235343933,2.512336e-07,0.0,-5.283139705657959,-0.00012306477487893374
98600,-0.00031520193442702293,4.859304780779894e-08,-3.688676196336746,3.5047532e-07,0.0,-4.018056869506836,-0.0001798160230597645
98800,-0.000334095791913569,4.892033484971137e-08,-3.6886762917041778,2.3245812e-07,0.0,-8.769962310791016,-0.00011289356630459491
99000,-0.00029275225824676454,7.91667543964536e-08,-3.6886771619319916,1.6331673e-07,0.0,-5.554173946380615,-0.00012351414224132107
99200,-0.0003447623166721314,6.977139159758394e-08,-3.688675433397293,2.577901e-07,0.0,-7.379451751708984,-0.00014815211945045091
99400,-0.00042087965994141996,4.790725764980408e-08,-3.6886743545532226,3.147125e-07,0.0,-1.902679681777954,-0.0001399195611618609
99600,-0.00044051470467820764,2.290917373581891e-08,-3.6886735916137696,2.7477742e-07,0.0,-5.774399280548096,-0.00014780992239851187
99800,-0.00047208802425302565,3.6310011930495986e-08,-3.6886667788028715,4.950166e-07,0.0,-3.519946575164795,-0.00021199806165963508
100000,-0.00043940424802713096,5.633713042740851e-08,-3.6886627435684205,2.720952e-07,0.0,-4.552153587341309,-0.00013463555310037068
100200,-0.00031841269810684025,2.2356180973126526e-08,-3.688666617870331,3.0457974e-07,0.0,-7.425838470458984,-0.00014887735160322712
100400,-0.0003205633256584406,4.410436047486144e-08,-3.6886647582054137,3.1530857e-07,0.0,-1.314035177230835,-0.00016506175641142206
100600,-0.0001869681291282177,5.0253460504023906e-08,-3.688658666610718,2.6613475e-07,0.0,-0.7650018930435181,-0.00013887561073394616
100800,-0.00045748022967018187,2.84371732828248e-08,-3.688664102554321,4.7594307e-07,0.0,-1.376723051071167,-0.00020528426738212203
101000,-0.00043514795834198594,7.760067015638583e-08,-3.6886691749095917,2.7269124e-07,0.0,-5.904211044311523,-0.00013276111403923708
101200,-0.0002660261816345155,7.503435099920352e-08,-3.6886730432510375,2.515316e-07,0.0,-11.211591720581055,-0.00014983936795331942
101400,-0.00026045020786114037,1.903512945045094e-08,-3.688672608137131,1.9907952e-07,0.0,-15.366100311279297,-0.00011841603354105779
101600,-0.00033853392233140767,1.1070310659277994e-07,-3.6886708736419678,1.8656253e-07,0.0,-6.50577974319458,-0.00011382765739269552
101800,-7.038260082481429e-05,3.921524092120876e-08,-3.688668167591095,3.7372112e-07,0.0,-2.9286153316497803,-0.00016143870728372312
102000,-0.0003908232320100069,7.555248848767349e-08,-3.688674294948578,2.82228e-07,0.0,-4.318414211273193,-0.00016488314357978595
102200,-0.00015332164184655994,4.340907469035926e-08,-3.688670349121094,3.1381842e-07,0.0,-7.324959754943848,-0.00015017444368594645
102400,-0.0001836253359215334,3.048348156120539e-08,-3.6886685132980346,2.5063753e-07,0.0,-3.0440244674682617,-0.00014489506252655105
102600,-0.00037834831164218485,4.668062159041142e-08,-3.6886627793312075,3.1828878e-07,0.0,-3.0911664962768555,-0.00016227505665005192
102800,-0.00023824624076951295,3.3819182276850765e-08,-3.688670688867569,2.2798775e-07,0.0,-3.876643657684326,-0.00010972815769889621
103000,-0.00026999678811989725,6.7687226756874e-08,-3.6886745035648345,1.7017126e-07,0.0,-12.993362426757812,-0.00011060163466560801
103200,-0.00019181928655598313,6.113168695698335e-08,-3.6886745572090147,1.8775464e-07,0.0,-7.80660343170166,-0.00011418574983053098
103400,-0.0005111065111123025,6.802033158948007e-08,-3.68866605758667,3.8832428e-07,0.0,-2.3633434772491455,-0.0001769094606036248
103600,-0.00022767158225178719,5.6532079550919435e-08,-3.6886669218540193,2.6911496e-07,0.0,-3.204014778137207,-0.00013062021151768465
103800,-0.0004040453059133142,2.3750606148453812e-08,-3.688667321205139,4.3421983e-07,0.0,-3.797287940979004,-0.0002013505704833829
104000,-0.0002849448937922716,2.0773503006665807e-08,-3.6886662423610685,3.8087367e-07,0.0,-3.430136203765869,-0.00015632151025510855
104200,-0.0005125378374941647,1.935274196451786e-08,-3.688662272691727,4.6610833e-07,0.0,-0.7402681112289429,-0.0001902296974372053
104400,-0.00043276805081404746,6.238282317383436e-08,-3.6886735260486603,2.3573637e-07,0.0,-20.068063735961914,-0.00014111866829897847
104600,-0.00022221043764147907,2.0862038474511736e-08,-3.6886617064476015,2.8908252e-07,0.0,-1.5605356693267822,-0.00014667597372182152
104800,-0.0003945984353777021,1.8781551403002085e-08,-3.688656377792358,3.4332277e-07,0.0,-7.681029319763184,-0.00016784135964917902
105000,-0.0004346650675870478,2.904088458599574e-08,-3.688651812076569,3.59416e-07,0.0,-0.5993783473968506,-0.0001704079490191468
105200,-0.0006272331229411066,3.186882082673037e-08,-3.6886548578739164,3.7461518e-07,0.0,-0.31031107902526855,-0.0001932921984697078
105400,-0.0006700511439703405,4.2558989754581945e-08,-3.688649469614029,5.096197e-07,0.0,-3.781053066253662,-0.00021671973457273452
105600,-0.0003727031871676445,4.939521596192264e-08,-3.688665282726288,2.5749205e-07,0.0,-14.179871559143066,-0.0001302983474749997
105800,-0.00031064925133250654,5.6736374132171365e-08,-3.6886580169200895,3.439188e-07,0.0,-4.039461612701416,-0.00015714270962330357
106000,-0.0003247757558710873,2.666396818895578e-08,-3.688653177022934,2.2232533e-07,0.0,-4.237325191497803,-0.0001244172712971503
106200,-0.0003069075755774975,4.484059104026272e-08,-3.6886558055877687,3.3199788e-07,0.0,-4.866360664367676,-0.00016121467953755797
106400,-0.0006107787485234439,6.765956177545717e-08,-3.688639062643051,5.117059e-07,0.0,-1.350947618484497,-0.00021239304692113325
106600,-0.000351380294887349,1.7026056009505908e-08,-3.6886531352996825,3.20673e-07,0.0,-2.5507113933563232,-0.00014503659998079676
106800,-0.00037367720506154,6.280749165199495e-08,-3.688647150993347,2.2292137e-07,0.0,-8.287687301635742,-0.00012341217677499516
107000,-0.0003092838451266289,6.974167057194336e-08,-3.688639783859253,3.1203032e-07,0.0,-1.3696231842041016,-0.00014772046302733433
107200,-0.00026420727954246104,3.031593691638079e-08,-3.688635617494583,3.0219556e-07,0.0,-5.773501396179199,-0.00013920594701106738
107400,-0.0004947762354277074,4.4412472055554984e-08,-3.688640093803406,3.5673378e-07,0.0,-3.877312660217285,-0.00016657755709001965
107600,-0.0002224694035248831,4.320561903803366e-08,-3.6886506617069243,2.5987626e-07,0.0,-4.665375709533691,-0.00014041259178951827
107800,-0.000379905424779281,7.056527477899976e-08,-3.6886473894119263,2.3812055e-07,0.0,-7.367189407348633,-0.0001485060416362316
108000,-0.00045368081191554666,2.8193809753496167e-08,-3.6886593222618105,3.1381848e-07,0.0,-8.755681037902832,-0.00016074284228219106
108200,-0.00032065529376268387,3.415214946400624e-08,-3.6886511564254763,2.0325183e-07,0.0,-9.157744407653809,-0.00011133930657010182
108400,-0.0003001665754709393,4.499340722219358e-08,-3.688644790649414,2.4408104e-07,0.0,-3.8759775161743164,-0.00012593495889250405
108600,-0.0002546189643908292,4.198978447167434e-08,-3.6886511027812956,1.9103288e-07,0.0,-5.543233871459961,-0.00011998722651651583
108800,-0.0003053241816814989,3.417776113234794e-08,-3.688649618625641,2.527237e-07,0.0,-12.747248649597168,-0.0001499023219064366
109000,-0.00038321083411574364,6.308938420573895e-08,-3.688657158613205,2.9087067e-07,0.0,-14.732526779174805,-0.00016504399588643804
109200,-0.00029676209669560194,5.876697359852301e-08,-3.6886461675167084,2.9474495e-07,0.0,-9.874485969543457,-0.00016264261301137672
109400,-0.0005544372834265232,3.3838014901199645e-08,-3.688630074262619,4.2021276e-07,0.0,-1.084474802017212,-0.00020596026791723786
109600,-0.0005155667895451188,5.566156344727347e-08,-3.6886305928230287,3.2752752e-07,0.0,-0.6573011875152588,-0.00015294736691084942
109800,-0.00043409940553829074,3.7617318149330004e-08,-3.6886357069015503,5.319714e-07,0.0,-2.185302495956421,-0.00021012203330927903
110000,-0.0001864940277300775,5.6235164880291676e-08,-3.688648545742035,2.4646522e-07,0.0,-6.8145294189453125,-0.0001341956558691848
110200,-0.0002930120681412518,5.344417957076075e-08,-3.6886378467082976,3.0905008e-07,0.0,-3.142700672149658,-0.00015506559633740035
110400,-0.0006717658834531903,6.470888918030937e-08,-3.6886387526988984,8.97944e-07,0.0,-3.4910993576049805,-0.0003116179097946814
110600,-0.0003848298511002213,3.1692554669504604e-08,-3.6886378109455107,3.874302e-07,0.0,-2.8076364994049072,-0.00016294328953017078
110800,-0.0002665899519342929,3.2831789775755735e-08,-3.6886438548564913,3.257394e-07,0.0,-5.89340877532959,-0.00015592571086129326
111000,-0.00045899912947788835,8.306522518708448e-08,-3.6886557579040526,3.427267e-07,0.0,-4.050854682922363,-0.00016658245039894438
111200,-0.0002251166442874819,4.613804316377923e-08,-3.688651382923126,2.5749205e-07,0.0,-4.0999674797058105,-0.00014534874274523267
111400,-0.00018100843590218574,8.298066624945478e-08,-3.6886555790901183,1.6570092e-07,0.0,-11.43801498413086,-9.622532050932442e-05
111600,-0.0007109728758223355,6.590057672895e-08,-3.6886438012123106,3.6656854e-07,0.0,-3.560865879058838,-0.00018098422514722934
111800,-0.0003463773464318365,3.519366806870039e-08,-3.6886210203170777,4.273653e-07,0.0,-2.087533712387085,-0.0001549938605774015
112000,-0.000389759341487661,3.960284638004907e-08,-3.6886431157588957,2.7269124e-07,0.0,-7.062177658081055,-0.0001495594978555559
112200,-0.00043099420145154,3.090169635733275e-08,-3.6886329770088198,3.4630298e-07,0.0,-2.7132949829101562,-0.00016128161611801418
112400,-0.0003323803248349577,3.871718412540304e-08,-3.688648533821106,3.2782555e-07,0.0,-5.448285102844238,-0.0001471317406283146
112600,-0.00029448478017002344,6.963768752754618e-08,-3.688646012544632,2.8371812e-07,0.0,-6.191859722137451,-0.00014574831688323185
112800,-0.0005192674580030143,5.002502625472971e-08,-3.688659691810608,3.3229588e-07,0.0,-2.111610174179077,-0.00018655480452265394
113000,-0.0004052843141835183,3.6223316257633086e-08,-3.6886538326740266,4.6133997e-07,0.0,-3.4109373092651367,-0.00019943573439058505
113200,-0.0003960463509429246,3.087108086941015e-08,-3.6886656045913697,3.9458274e-07,0.0,-9.902788162231445,-0.0001694502684108534
113400,-0.0005833015311509371,3.6328027563925504e-08,-3.6886478066444397,5.3703786e-07,0.0,-1.1046171188354492,-0.00023880912462881376
113600,-0.0001935776963364333,2.3718979536013764e-08,-3.6886488497257233,2.5957823e-07,0.0,-12.392596244812012,-0.00014316126053062205
113800,-0.0004503504605963826,2.4458346636890837e-08,-3.688658171892166,3.9696693e-07,0.0,-8.85629940032959,-0.0001843137806419426
114000,-0.0005027089500799775,5.7169773404197596e-08,-3.688654351234436,3.570318e-07,0.0,-10.272743225097656,-0.00017729163281637872
114200,-0.00011393559543648735,4.798302435382595e-08,-3.6886570036411284,1.7732381e-07,0.0,-11.344132423400879,-0.00011113765129221465
114400,-0.00045445485739037395,5.953367780975327e-08,-3.6886624097824097,2.080202e-07,0.0,-7.671422958374023,-0.00013140335631357526
114600,-0.00041194490040652454,3.1580276327325405e-08,-3.688644897937775,2.1427869e-07,0.0,-4.904365062713623,-0.00011209350908240046
114800,-0.0003455921832937747,2.9803094880875847e-08,-3.6886451184749602,2.5987626e-07,0.0,-2.427371025085449,-0.00013683469587748575
115000,-0.00038363682688213885,6.055555878958785e-08,-3.688646322488785,3.4093858e-07,0.0,-1.5509636402130127,-0.0001546255123609619
115200,-0.00037370497011579573,5.147041921560458e-08,-3.6886470556259154,2.783537e-07,0.0,-1.4931201934814453,-0.00015292891925173803
115400,-0.00010996525816153735,5.8641572975304254e-08,-3.6886560678482057,1.5854836e-07,0.0,-4.577388763427734,-9.487799523122398e-05
115600,-0.0005759438499808311,4.8487091364179945e-08,-3.6886611700057985,3.9577483e-07,0.0,-4.037743091583252,-0.00020270743895571818
115800,-0.0002758073969744146,5.565404421759013e-08,-3.6886626839637757,1.9311905e-07,0.0,-4.036742687225342,-0.00010394927047403524
116000,-0.00041676012915559113,4.159544833015616e-08,-3.688647675514221,3.042817e-07,0.0,-0.6037591695785522,-0.00017000044761585897
116200,-0.0003205864049959928,6.516366992670442e-08,-3.688648283481598,3.090501e-07,0.0,-6.221737861633301,-0.0001529417220703877
116400,-0.00030579036683775485,1.436119876352393e-08,-3.688650059700012,3.0755996e-07,0.0,-2.0957305431365967,-0.00014910583332163884
116600,-0.00037019781302660704,5.969051359855371e-08,-3.688644689321518,3.376603e-07,0.0,-2.228037118911743,-0.00014834859092593966
116800,-0.0004720462020486593,3.0730221789454505e-08,-3.688659429550171,3.311038e-07,0.0,-3.8481087684631348,-0.00016441197672327766
117000,-0.0003959212626796216,3.9660085926485064e-08,-3.688676726818085,2.0802023e-07,0.0,-17.92580795288086,-0.00011987011922098834
117200,-0.00023919968225527555,7.077665999943861e-08,-3.688665896654129,2.4348498e-07,0.0,-7.389548301696777,-0.00012923127346635698
117400,-0.00031412154203280807,3.203098097870338e-08,-3.688655251264572,2.4735928e-07,0.0,-4.272088050842285,-0.00012423611447952564
117600,-0.00043118689791299403,6.57376164614476e-08,-3.6886658012866973,3.197789e-07,0.0,-5.097855091094971,-0.0001679723704055558
117800,-0.0005084597505629063,4.300993556860533e-08,-3.6886486649513244,3.7461518e-07,0.0,-2.8516807556152344,-0.00014191789929338672
118000,-0.00038977860822342336,5.519565648981484e-08,-3.6886603951454164,2.8192997e-07,0.0,-4.154447555541992,-0.0001481985299444766
118200,-0.0003896217094734311,6.156218019803817e-08,-3.688664072751999,2.390146e-07,0.0,-3.922987461090088,-0.00012755513513922344
118400,-0.0003128477546852082,6.142673445452828e-08,-3.6886598229408265,2.9176474e-07,0.0,-7.447635650634766,-0.00012945718348693623
118600,-0.000365398358553648,2.9530710321523657e-08,-3.688660591840744,4.74751e-07,0.0,-6.531505107879639,-0.00018260271908356884
118800,-0.00036331929732114077,3.7992295753852545e-08,-3.688652527332306,3.951788e-07,0.0,-3.7307071685791016,-0.00018580320446788258
119000,-0.0003918700967915356,4.9470227070358416e-08,-3.6886551856994627,2.9683113e-07,0.0,-2.3560636043548584,-0.0001581355555854369
119200,-0.00046417798148468137,3.03588409966693e-08,-3.6886507868766785,4.467368e-07,0.0,-2.287701368331909,-0.00019691766769573958
119400,-0.0004309331125114113,6.129646212826856e-08,-3.6886511027812956,4.4733287e-07,0.0,-4.854274749755859,-0.00021068866957585364
119600,-0.00033352483296766877,5.1959727276340574e-08,-3.688662499189377,2.7537345e-07,0.0,-8.886911392211914,-0.00012868239031171846
119800,-0.0002945470914710313,5.6871622655663144e-08,-3.688660907745361,2.643466e-07,0.0,-13.207371711730957,-0.00014512338097143472
120000,-0.0003386006283108145,3.480712438275191e-08,-3.6886501908302307,4.506111e-07,0.0,-0.8366533517837524,-0.00018552252659242985
120200,-0.00034884613705798984,6.500372382589603e-08,-3.688659983873367,2.6524066e-07,0.0,-3.7382149696350098,-0.00014024467771486248
120400,-0.0005580269498750567,4.0556155056492574e-08,-3.688652765750885,5.841255e-07,0.0,-2.2623331546783447,-0.0002479193357080689
120600,-0.00023638214042875916,3.5525291997018374e-08,-3.6886587619781492,1.4275312e-07,0.0,-8.378392219543457,-7.637971675626965e-05
120800,-9.633722947910428e-05,3.078649921661736e-08,-3.6886451482772826,1.7225742e-07,0.0,-4.584339618682861,-8.836716423092917e-05
121000,-0.00014414594625122845,6.24947588789837e-08,-3.688653123378754,1.591444e-07,0.0,-7.200360298156738,-9.851964951743675e-05
121200,-0.000297876336844638,5.374062395091528e-08,-3.688651716709137,2.0444394e-07,0.0,-11.828618049621582,-0.00012388250183335004
121400,-0.0003126330266240984,4.248910556725605e-08,-3.6886468291282655,1.7762184e-07,0.0,-2.2708444595336914,-9.399723993634979e-05
121600,-0.0003435817488934845,4.619201918742988e-08,-3.6886585116386414,2.1755696e-07,0.0,-3.512868881225586,-0.0001273713555135614
121800,-0.0002999052812810987,3.0450348398325386e-08,-3.6886421382427215,3.1530854e-07,0.0,-7.162116050720215,-0.00018050442764376838
122000,-0.0002642194158397615,6.56367403983893e-08,-3.6886461973190308,1.7970801e-07,0.0,-1.0505878925323486,-0.00011530143035054508
122200,-0.00040148207335732877,3.458532855660224e-08,-3.688627141714096,3.308058e-07,0.0,-3.2542943954467773,-0.00013512414708349851
122400,-0.0002527278265915811,2.03478489613218e-08,-3.6886255025863646,3.4540892e-07,0.0,-3.538027286529541,-0.00017746950859760525
122600,-0.0005371625302359462,2.5187170726859166e-08,-3.6886344492435454,3.448129e-07,0.0,-4.84187126159668,-0.00018162736758089437
122800,-0.0003677110653370619,5.371622355809791e-08,-3.688644754886627,3.388524e-07,0.0,-6.382416248321533,-0.00017637692745926526
123000,-0.0004405468062032014,3.041940592751757e-08,-3.6886446297168733,3.6239624e-07,0.0,-4.064288139343262,-0.00017972815884115256
123200,-0.00018411240307614207,3.536996189268393e-08,-3.688643366098404,2.884865e-07,0.0,-3.85369873046875,-0.00014034108102252142
123400,-0.00029814132722094655,5.244327763165302e-08,-3.6886391282081603,2.4735925e-07,0.0,-4.9862751960754395,-0.00012162777732340757
123600,-0.00015656852337997407,5.051261684485553e-08,-3.688647562265396,1.8417835e-07,0.0,-1.672126293182373,-0.00010909130178322623
123800,-0.00041305003105662763,2.760071287077892e-08,-3.688629376888275,3.7640336e-07,0.0,-3.1328420639038086,-0.00017279718775842223
124000,-0.0003707005816977471,2.5062846886747538e-08,-3.6886385917663573,3.07858e-07,0.0,-4.31275749206543,-0.0001529078486667057
124200,-0.0003990992554463446,2.7232217303385654e-08,-3.688626503944397,3.6597254e-07,0.0,-1.357921838760376,-0.0001539106963149406
124400,-0.0002905094006564468,2.296761638653777e-08,-3.688632017374039,4.6402215e-07,0.0,-2.407660722732544,-0.00017851173884614324
124600,-0.0003765207948163152,7.482936688063546e-08,-3.6886469542980196,2.4557113e-07,0.0,-4.896987438201904,-0.0001235030227999312
124800,-0.00029796810122206807,3.5765889738748055e-08,-3.6886452198028565,2.118945e-07,0.0,-4.794064044952393,-0.00012941445432039788
125000,-0.00029167626053094864,4.41513210436284e-08,-3.688646215200424,3.4213068e-07,0.0,-1.504974603652954,-0.00015595127692040743
125200,-0.0003878121788147837,1.3362180906195676e-08,-3.6886271715164183,3.7252906e-07,0.0,-3.071213722229004,-0.00017593958907897723
125400,-0.00018812711641658098,6.097361935353262e-08,-3.688659977912903,2.1666287e-07,0.0,-3.2538557052612305,-0.00013320212814442732
125600,-0.00033412696211598814,2.6881065018358187e-08,-3.688648509979248,2.3752452e-07,0.0,-3.0592641830444336,-0.00012600558939142027
125800,-0.0002677924931049347,2.742415439183077e-08,-3.6886477947235106,2.0653009e-07,0.0,-5.411738395690918,-0.00011679559995878553
126000,-0.0005644149496220052,6.117283732898215e-08,-3.688659018278122,2.9206277e-07,0.0,-6.2820305824279785,-0.0001469918511766366
126200,-0.0004377799341455102,6.849812566045443e-08,-3.6886709451675417,2.7269124e-07,0.0,-3.95534610748291,-0.00016232084921409816
126400,-0.00042951980140060186,3.026227723967878e-08,-3.6886537790298464,3.451109e-07,0.0,-7.144268989562988,-0.00017369598877059467
126600,-0.00027845872682519257,1.9887988889077944e-08,-3.6886347770690917,1.5705824e-07,0.0,-7.307207107543945,-8.925871908223026e-05
126800,-0.0003561178164090961,7.580650764893449e-08,-3.6886607348918914,2.1338462e-07,0.0,-10.341438293457031,-0.00012526144831497276
127000,-0.0002623732143547386,7.114626265902757e-08,-3.688648283481598,2.6136635e-07,0.0,-2.6383862495422363,-0.00015081056927466197
127200,-0.00030434230575338006,6.928665507999199e-08,-3.688646936416626,3.0875205e-07,0.0,-4.858384132385254,-0.00015799463928503065
127400,-0.00031760212732478976,1.3149748623320079e-08,-3.6886213779449464,3.0875205e-07,0.0,-13.172986030578613,-0.00015251875585704512
127600,-0.00022405950585380197,5.8734901253743034e-08,-3.688645434379578,2.9206277e-07,0.0,-3.872014045715332,-0.00012630854616053623
127800,-0.0005445199785754085,6.948951156715565e-08,-3.688632643222809,4.3958426e-07,0.0,-1.863304615020752,-0.00021789277248513984
128000,-0.0003480349841993302,5.253334607324689e-08,-3.6886418581008913,4.3034555e-07,0.0,-1.9757697582244873,-0.00021026107589885434
128200,-0.0003748773888219148,9.244928911300576e-08,-3.688631612062454,3.3587216e-07,0.0,-2.0265965461730957,-0.00014175829263611827
128400,-0.00024560437304899096,5.303188785887869e-08,-3.688627701997757,2.2232533e-07,0.0,-2.58410906791687,-0.00011164084508714644
128600,-0.0003403733135201037,5.062236079211857e-08,-3.6886437594890595,3.054738e-07,0.0,-3.9233593940734863,-0.00015558175667576001
128800,-0.00030275018070824444,5.367181046267433e-08,-3.688639038801193,2.6255844e-07,0.0,-4.397175312042236,-0.0001488847878433619
129000,-0.00039531567017547786,4.8762662885337706e-08,-3.6886358976364138,3.3915043e-07,0.0,-4.655778408050537,-0.00016186698481379934
129200,-0.00025422501494176686,3.545583608932645e-08,-3.688643765449524,2.2739172e-07,0.0,-5.992598533630371,-0.00012781208816108335
129400,-0.0004188975435681641,4.3717658337882884e-08,-3.6886477530002595,2.8818846e-07,0.0,-4.6143364906311035,-0.00016382984692967507
129600,-0.00018766670837067068,5.9301009969203734e-08,-3.6886546075344087,1.3202428e-07,0.0,-17.285982131958008,-8.155949789951933e-05
129800,-0.00037955024163238704,4.645313702589249e-08,-3.6886266469955444,3.2931564e-07,0.0,-2.7965927124023438,-0.0001540253398236463
130000,-0.00030611371039412916,3.616423613905795e-08,-3.688635712862015,3.6031008e-07,0.0,-2.4866018295288086,-0.00015743529469318672
130200,-0.00022936945606488734,4.850601587058634e-08,-3.6886431515216827,1.7791987e-07,0.0,-8.179866790771484,-0.00010020772670076284
130400,-0.0004000130866188556,2.745134932702342e-08,-3.6886496245861053,2.589822e-07,0.0,-5.740784168243408,-0.0001371305139743928
130600,-0.0002974042436107993,7.316430039594479e-08,-3.6886404156684875,3.620982e-07,0.0,-3.9993033409118652,-0.00016030517910081699
130800,-0.00037415261613205075,3.27149334289345e-08,-3.6886323928833007,2.3365021e-07,0.0,-2.2013909816741943,-0.00013439252195865948
131000,-0.0003533732669893652,3.559040115952428e-08,-3.688633471727371,3.916025e-07,0.0,-4.336842060089111,-0.00020364487851360914
131200,-0.0002216293360106647,5.6828726036073364e-08,-3.6886375188827514,1.7166138e-07,0.0,-5.868063449859619,-0.00010932202624855947
131400,-0.00030279194470494986,3.864691593413738e-08,-3.6886420071125032,2.4139882e-07,0.0,-11.243955612182617,-0.000137131042729699
131600,-0.0003029328363481909,6.0328195017334e-08,-3.6886400043964387,2.2441148e-07,0.0,-5.705973148345947,-0.00012578366170851174
131800,-0.00045246086665429175,4.778790763104723e-08,-3.688644176721573,2.1457672e-07,0.0,-5.924017429351807,-0.00012282261292808627
132000,-0.0005875948118045926,3.195562117142003e-08,-3.6886353313922884,3.4540892e-07,0.0,-5.339689254760742,-0.00018007105762921639
132200,-0.00023536405933555216,4.366191534987962e-08,-3.688641220331192,1.8328429e-07,0.0,-7.593206405639648,-9.188405094016084e-05
132400,-0.0005051280022598803,4.9311911354266157e-08,-3.6886223435401915,4.1276218e-07,0.0,-2.7794857025146484,-0.00017091337629748793
132600,-0.00016878132009878755,6.904289975295797e-08,-3.688644552230835,1.6212464e-07,0.0,-9.586553573608398,-9.640138626823002e-05
132800,-0.000423997116740793,5.8271515923635776e-08,-3.688623082637787,2.8729437e-07,0.0,-2.3676984310150146,-0.00015643551156088175
133000,-0.0002634605916682631,3.04914607784923e-08,-3.6886311948299406,4.4107438e-07,0.0,-4.844974994659424,-0.000196241050518553
133200,-0.000572086893953383,3.046432441866642e-08,-3.6886243760585784,5.045533e-07,0.0,-2.0300283432006836,-0.00022435645123664028
133400,-0.0006199940107762814,3.618816961648008e-08,-3.6886311054229735,4.2289494e-07,0.0,-4.569559574127197,-0.00020368743286554026
133600,-0.0004228467878419906,3.7601571811762827e-08,-3.688627153635025,3.400445e-07,0.0,-11.115490913391113,-0.00016915567242588027
133800,-0.00021265289979055524,4.594805007585023e-08,-3.6886306047439574,2.1606684e-07,0.0,-2.634491443634033,-0.00012998779750925671
134000,-0.0003639494243543595,5.33527280133228e-08,-3.6886170983314512,3.570318e-07,0.0,-4.464215278625488,-0.0001748200697247626
134200,-0.0004491587169468403,5.367798494582132e-08,-3.68861386179924,3.0934808e-07,0.0,-1.873744010925293,-0.00015722796409954886
134400,-0.000447450001956895,2.4266206066769767e-08,-3.688609790802002,3.4153462e-07,0.0,-5.827855587005615,-0.000155150763202605
134600,-0.0002159118594136089,3.6510978240755776e-08,-3.688625770807266,2.0325183e-07,0.0,-2.8145995140075684,-0.00011052184528659303
134800,-0.00031526765087619424,2.597476425059142e-08,-3.6886223375797274,1.9103288e-07,0.0,-11.405055046081543,-0.0001194773476388411
135000,-0.00044618576066568494,2.8720133027348994e-08,-3.688609129190445,6.404519e-07,0.0,-6.094554901123047,-0.0002376656458982218
135200,-0.00035988056333735585,7.781925805971924e-08,-3.688643825054169,1.3560057e-07,0.0,-2.629582166671753,-9.562137655425574e-05
135400,-0.0006719474913552403,3.080330968074918e-08,-3.688620460033417,4.2885546e-07,0.0,-8.59227180480957,-0.000183180763923807
135600,-0.00029754466959275305,6.726044845528634e-08,-3.688635677099228,3.1501054e-07,0.0,-8.502422332763672,-0.0001798886253946641
135800,-0.0002498615358490497,3.30229966483131e-08,-3.6886322021484377,1.8715858e-07,0.0,-11.476773262023926,-0.0001146114473219495
136000,-0.000335858843754977,7.62030101242317e-08,-3.6886357367038727,2.512336e-07,0.0,-7.685190200805664,-0.00014037902630275044
136200,-0.0005884760757908225,3.837475572865401e-08,-3.6886108100414274,4.8935414e-07,0.0,-6.077312469482422,-0.0002016284772876187
136400,-0.0005437012878246605,2.798070966036903e-08,-3.688626217842102,3.233552e-07,0.0,-11.444696426391602,-0.0001698365809568281
136600,-0.0002640261373016983,4.6298731248839434e-08,-3.6886300563812258,1.9669532e-07,0.0,-1.9915635585784912,-0.0001203454588942332
136800,-0.0004727242048829794,5.613758338185448e-08,-3.688606894016266,3.644824e-07,0.0,-2.7718193531036377,-0.00016201702860189072
137000,-0.00045427627628669143,4.106616118271233e-08,-3.688608151674271,2.4288892e-07,0.0,-4.213057994842529,-0.0001319645179897855
137200,-0.00029057165374979377,4.455389227553397e-08,-3.688627243041992,1.9133091e-07,0.0,-11.142431259155273,-0.00011186471988731129
137400,-0.00019011725089512765,3.7350865800256375e-08,-3.68862561583519,3.4570695e-07,0.0,-9.901510238647461,-0.00016072712720107684
137600,-0.00042557864799164236,5.7619171123235445e-08,-3.6886288464069366,2.5510786e-07,0.0,-5.299927711486816,-0.00013580042901504275
137800,-0.000398399424739182,5.5982016977651486e-08,-3.688607025146484,4.1395427e-07,0.0,-4.584749698638916,-0.00020123074875497693
138000,-0.0003497148572932929,4.4274584354297984e-08,-3.688617104291916,3.346801e-07,0.0,-3.720829486846924,-0.00016939513268603433
138200,-0.00033733429154381156,4.5886529997929416e-08,-3.6886189460754393,3.3229588e-07,0.0,-4.110725402832031,-0.0001698377278873897
138400,-0.00025131579604931176,7.736664660029647e-08,-3.688624233007431,3.734231e-07,0.0,-6.026026725769043,-0.00016990293594207895
138600,-0.0004981788224540651,4.1415203755335026e-08,-3.6886284351348877,2.551079e-07,0.0,-5.324411869049072,-0.00014149043147153594
138800,-0.0003540937032084912,6.344759508891685e-08,-3.6886173367500303,2.5898217e-07,0.0,-2.4016900062561035,-0.00013350574700461416
139000,-0.0003573911089915782,2.6398211483424917e-08,-3.6886171638965606,2.2828578e-07,0.0,-10.853532791137695,-0.0001375936240560982
139200,-0.00019862189947161824,2.374866108212359e-08,-3.6885993659496306,3.308058e-07,0.0,-1.1985583305358887,-0.00015792562009599997
139400,-0.000428908911999315,3.302882256583928e-08,-3.6886156499385834,4.005432e-07,0.0,-1.8472201824188232,-0.00020737841778384336
139600,-0.0003858849813695997,3.031988249357909e-08,-3.688605159521103,4.5925378e-07,0.0,-2.5628092288970947,-0.00020080507810051884
139800,-0.00040027365321293473,2.6351889292897112e-08,-3.688611328601837,2.2053719e-07,0.0,-4.95783805847168,-0.00013997635194368808
140000,-0.00023440532095264643,5.0139153628947496e-08,-3.6886088490486144,2.411008e-07,0.0,-4.098422050476074,-0.00012400838173800554
140200,-0.00028131966246291995,1.6786671097612783e-08,-3.6885991632938384,2.923608e-07,0.0,-1.4853065013885498,-0.00015808257367426747
140400,-0.0004248393524903804,5.1102783249490356e-08,-3.6886132180690767,2.682209e-07,0.0,-4.736649036407471,-0.00013368776474136367
140600,-0.00036838764208368957,4.494274117305963e-08,-3.6886024713516234,2.4944546e-07,0.0,-2.037060260772705,-0.00013763390509979878
140800,-0.000241265312070027,9.479831524217275e-08,-3.688611751794815,1.7762184e-07,0.0,-7.658507347106934,-0.00011575365113216662
141000,-0.0006646366091445088,1.4737670483988551e-08,-3.688598245382309,4.0352344e-07,0.0,-11.923625946044922,-0.00020863971085613998
141200,-0.00040543312206864357,5.08338750648818e-08,-3.6886093080043794,2.411008e-07,0.0,-7.732797622680664,-0.0001472827793995768
141400,-0.0004871930577792227,3.8786510669908125e-08,-3.688608652353287,4.479289e-07,0.0,-11.482649803161621,-0.00019243536266093652
141600,-0.0004547624848783016,3.7357844595575784e-08,-3.688607579469681,3.9339065e-07,0.0,-2.816119432449341,-0.0001581448606360558
141800,-0.0003476959536783397,4.556892858609274e-08,-3.6886131286621096,3.5434962e-07,0.0,-5.735689640045166,-0.00016603896138167595
142000,-0.0003258968354202807,3.842632445572036e-08,-3.688602846860886,2.589822e-07,0.0,-2.917668104171753,-0.00013185050180757328
142200,-0.0005036793882027268,3.344990364695377e-08,-3.6886152625083923,2.8014182e-07,0.0,-2.1799492835998535,-0.00015801604009482161
142400,-0.00035681482404470444,2.3313760033616404e-08,-3.6886019945144652,3.97861e-07,0.0,-2.3773388862609863,-0.00019030346037949287
142600,-0.0004396278818603605,2.6693511845365947e-08,-3.6886166989803315,2.795458e-07,0.0,-9.945476531982422,-0.00014658286305073708
142800,-0.0004597237566486001,3.8368296650936884e-08,-3.688606297969818,3.683567e-07,0.0,-9.366931915283203,-0.00016264372269709783
143000,-0.00041348993545398116,5.028862601896833e-08,-3.6886219501495363,3.296137e-07,0.0,-7.123822212219238,-0.00016517448572077597
143200,-0.0004224749864079058,4.811607836607834e-08,-3.688592177629471,4.065037e-07,0.0,-1.6847562789916992,-0.00020132798593408552
143400,-0.0003601914213504642,3.0099599079846937e-08,-3.688595086336136,2.0116568e-07,0.0,-1.212223768234253,-0.00011244288912211075
143600,-0.0003848023770842701,6.836681940569633e-08,-3.6886186957359315,2.0235777e-07,0.0,-0.9886845350265503,-0.00012855254133294913
143800,-0.0003343920106999576,4.2543016220975005e-08,-3.6885810017585756,3.5971402e-07,0.0,-6.680097579956055,-0.00017124557389547324
144000,-0.0005325257661752403,2.9186844763273712e-08,-3.688594567775726,3.504753e-07,0.0,-4.661508083343506,-0.000161880124627789
144200,-0.0007434207363985479,6.051246916882747e-08,-3.6885937809944154,5.8412553e-07,0.0,-3.7495322227478027,-0.00024333268228498016
144400,-8.942870772443712e-05,3.1807007827566734e-08,-3.6886013090610503,1.5556812e-07,0.0,-4.607053279876709,-9.344842336576065e-05
144600,-0.0003283510450273752,2.0239160680723955e-08,-3.6885861337184904,2.744794e-07,0.0,-6.937763214111328,-0.00014617529550335905
144800,-0.00034851054078899324,3.6252183122087446e-08,-3.688593167066574,4.0203332e-07,0.0,-3.9690260887145996,-0.00018014619400037458
145000,-0.00040272949263453484,2.4552252120280116e-08,-3.688601291179657,3.042817e-07,0.0,-5.307516574859619,-0.00014841112456724924
145200,-0.00020283990306779742,3.1234995301332444e-08,-3.68859823346138,2.9474498e-07,0.0,-6.1247406005859375,-0.00016749808113876165
145400,-0.00045019775279797614,6.213193115556237e-08,-3.6886255860328676,2.5570392e-07,0.0,-8.06212329864502,-0.00014567532333878975
145600,-0.0004030161362607032,1.962620084228206e-08,-3.688602167367935,2.8699637e-07,0.0,-0.971662163734436,-0.0001516431708528998
145800,-0.000268202624283731,3.466786901995533e-08,-3.6885910272598266,2.9206277e-07,0.0,-2.456218719482422,-0.00014560357655590828
146000,-0.0001517351920483634,3.370512793310354e-08,-3.6885913729667665,3.093481e-07,0.0,-6.03737211227417,-0.0001485641377874103
146200,-0.000281899789115414,3.1193274940832795e-08,-3.688596987724304,1.8835068e-07,0.0,-7.434666633605957,-0.00010441885091631575
146400,-0.0005323725054040551,4.9166927951205254e-08,-3.688602751493454,3.5613775e-07,0.0,-4.266567230224609,-0.00019373781630043218
146600,-0.0004062012303620577,3.596181445963964e-08,-3.688593691587448,3.6507845e-07,0.0,-1.1483678817749023,-0.00018208532433185986
146800,-0.0003530496614985168,2.5664042424544677e-08,-3.6885718286037443,2.4855137e-07,0.0,-6.266096115112305,-0.00014550603888370263
147000,-0.0005295000737532973,3.638017602725085e-08,-3.688566714525223,5.802512e-07,0.0,-3.2712907791137695,-0.0002105354067448495
147200,-0.0003238191129639745,4.322490050334693e-08,-3.688581770658493,4.065037e-07,0.0,-1.8765883445739746,-0.000198840003261469
147400,-0.00023911851167213172,4.931666124363687e-08,-3.688557469844818,2.4467707e-07,0.0,-0.9684277772903442,-0.00011690828986052893
147600,-0.00032600414124317467,4.055583135986751e-08,-3.688566040992737,3.7938355e-07,0.0,-6.930002212524414,-0.00017690581100850977
147800,-0.00042234198190271854,4.893692500118618e-08,-3.688576602935791,2.4825334e-07,0.0,-6.801714897155762,-0.0001405075340542239
148000,-0.00037399903521873057,2.5649650980952286e-08,-3.6885525584220886,3.6507845e-07,0.0,-1.847641944885254,-0.0001839211640279892
148200,-0.0004882091307081282,5.138447902730547e-08,-3.6885626375675202,4.011393e-07,0.0,-3.712428092956543,-0.00020112119774196024
148400,-0.0004752703243866563,3.9275390273374455e-08,-3.6885643899440765,4.6551227e-07,0.0,-2.3638744354248047,-0.00018938495320441895
148600,-0.00048190203960984945,3.32747779108189e-08,-3.688560980558395,6.3598156e-07,0.0,-2.7595674991607666,-0.0002422239014474581
148800,-0.0003560931363608688,4.660204195872098e-08,-3.688599795103073,2.4646522e-07,0.0,-8.889199256896973,-0.00013118669308346265
149000,-0.00044675072422251105,3.227105898062632e-08,-3.6885635375976564,3.3020973e-07,0.0,-4.996746063232422,-0.00017532866495479916
149200,-0.0005002140533179045,2.816052731002827e-08,-3.6885758996009828,3.2782555e-07,0.0,-3.970432758331299,-0.00014262054856556405
149400,-0.000496476364787668,4.912213684704625e-08,-3.688569223880768,2.720952e-07,0.0,-2.697552442550659,-0.00014654485965195362
149600,-0.00030583629268221557,5.509736271669396e-08,-3.6885769069194794,3.4242868e-07,0.0,-4.920016765594482,-0.00017930342625596118
149800,-0.0003383321163710207,3.4527558456787234e-08,-3.6885829746723173,3.0785802e-07,0.0,-5.535064697265625,-0.00015349004072960913
150000,-0.00016823183977976441,3.87758541720018e-08,-3.6885714173316955,3.886223e-07,0.0,-3.0604381561279297,-0.0001712123066397897
150200,-0.0003031692176591605,3.1416638890391366e-08,-3.6885635375976564,2.530217e-07,0.0,-2.3796586990356445,-0.0001444920901353619
150400,-0.00040201423689723015,3.392469998253489e-08,-3.688573330640793,3.5971402e-07,0.0,-1.893376111984253,-0.0001713375980486931
150600,-0.0003276877396274358,3.778282864352889e-08,-3.688575100898743,2.6673078e-07,0.0,-3.5619850158691406,-0.00013287764011385983
150800,-0.00045683709322474897,2.9622446806598647e-08,-3.688557207584381,4.1872266e-07,0.0,-5.91151762008667,-0.00017958186593159954
151000,-0.00038164062425494194,4.685241723478839e-08,-3.6885602712631225,2.6941302e-07,0.0,-2.9440035820007324,-0.00014407625755006315
151200,-0.00031180359655991197,5.209225428792763e-08,-3.688565719127655,2.3394824e-07,0.0,-4.762470245361328,-0.00012799476479941063
151400,-0.00041234437958337367,5.666941937931824e-08,-3.688565653562546,2.7179718e-07,0.0,-2.3046209812164307,-0.00014311584766302232
151600,-0.00027708738343790174,5.70983921921453e-08,-3.6885876178741457,2.5153162e-07,0.0,-12.866393089294434,-0.00015047013795537189
151800,-7.316254050238058e-05,5.825650446489306e-08,-3.688583105802536,1.8656254e-07,0.0,-7.0894269943237305,-9.951819687104013e-05
152000,-0.0002250231191283092,4.886312252594394e-08,-3.6885781586170197,1.7881393e-07,0.0,-2.154980421066284,-0.0001137359806368643
152200,-0.0002813515020534396,3.34187943984432e-08,-3.6885506927967073,2.7775766e-07,0.0,-0.8643462657928467,-0.0001506691430856133
152400,-0.0004637346137315035,4.823314609936347e-08,-3.6885583341121673,4.6551224e-07,0.0,-2.40389084815979,-0.0002116905142317993
152600,-0.00027527447673492134,6.886905534742027e-08,-3.688602477312088,1.8388033e-07,0.0,-6.369571208953857,-0.0001212261029704731
152800,-0.0003798453544732183,5.233637043744466e-08,-3.688567852973938,2.9236077e-07,0.0,-2.6040306091308594,-0.00015638491093312724
153000,-0.0006023973110131919,1.5771534489505966e-08,-3.688577878475189,5.3852796e-07,0.0,-6.637838363647461,-0.00020472618061808667
153200,-0.00037082514609210193,4.826490358489366e-08,-3.688586562871933,3.8534404e-07,0.0,-2.6572208404541016,-0.00018239709709768625
153400,-0.0004629062896128744,1.703293781574189e-08,-3.688583731651306,4.0680172e-07,0.0,-3.4897103309631348,-0.00016852973021707073
153600,-0.00025175244081765413,5.561363538575392e-08,-3.688584303855896,2.4825334e-07,0.0,-5.666730880737305,-0.00014890317651452544
153800,-0.0005139600834809244,6.304977517856969e-08,-3.688578063249588,4.3302776e-07,0.0,-3.6696128845214844,-0.00019821819590788438
154000,-0.0002656462602317333,8.09037724813777e-08,-3.6885791420936584,2.8818846e-07,0.0,-2.75386118888855,-0.00011896356138876296
154200,-0.0004332664830144495,5.141847498890684e-08,-3.6885863065719606,3.2901767e-07,0.0,-5.879669189453125,-0.0001667330710744208
154400,-0.000561421038582921,2.0676620660076138e-08,-3.6885743141174316,3.5643578e-07,0.0,-2.7632896900177,-0.00018164797538429146
154600,-0.00027691267314366996,5.82154068951013e-08,-3.68859441280365,3.4064055e-07,0.0,-6.584831237792969,-0.00015854200811281637
154800,-0.0004153215850237757,1.1906276009554518e-08,-3.6885709702968597,3.6388633e-07,0.0,-10.764715194702148,-0.00017221147862971908
155000,-0.0003873225359711796,4.477566419858192e-08,-3.6885870337486266,3.0815602e-07,0.0,-3.355776786804199,-0.00016788014640235495
155200,-0.00043809021008200943,5.046721871515558e-08,-3.6886001944541933,2.0891429e-07,0.0,-2.463637113571167,-0.00011606107693592493
155400,-0.000463238189695403,4.109142386354847e-08,-3.6886053025722503,2.6255847e-07,0.0,-8.369681358337402,-0.00013647022024485534
155600,-0.00023630974465049803,2.34297516055193e-08,-3.688577967882156,1.9878149e-07,0.0,-4.312720775604248,-0.00010671733353138091
155800,-0.0003778425743803382,2.214316701110164e-08,-3.688591891527176,3.9607286e-07,0.0,-2.8995885848999023,-0.0001903111781662359
156000,-0.00029826146783307195,2.6735038671787948e-08,-3.688588923215866,2.914667e-07,0.0,-5.071007251739502,-0.00015305083665797525
156200,-0.00025855848798528314,7.809953030957218e-08,-3.688617932796478,3.015995e-07,0.0,-11.293828010559082,-0.0001348437435015004
156400,-0.00023573693761136383,6.079792038704568e-08,-3.688597446680069,1.9460916e-07,0.0,-4.446415424346924,-0.00011455060257429816
156600,-1.824156061047688e-05,4.9712139116309115e-08,-3.6885976791381836,2.9206277e-07,0.0,-5.281660556793213,-0.0001249503051718559
156800,-0.00042893894715234637,5.915854517368757e-08,-3.6885941684246064,4.2319297e-07,0.0,-2.7103946208953857,-0.00020516622039155053
157000,-0.00022618840739596635,3.4686240746317766e-08,-3.6885953187942504,2.5361777e-07,0.0,-7.242520332336426,-0.00014172016351204908
157200,-0.0005671816761605442,3.3796032905542003e-08,-3.688592791557312,3.5136938e-07,0.0,-1.3509125709533691,-0.00017048055989936638
157400,-5.328881888999604e-05,2.4495297212823176e-08,-3.6885913491249083,3.3110382e-07,0.0,-4.0055131912231445,-0.00013974650204329198
157600,-0.00016750453505665064,3.565211320610828e-08,-3.688599723577499,1.9580125e-07,0.0,-7.348872184753418,-0.0001226664400478472
157800,-0.00038774454151280224,7.165868005643006e-08,-3.6886032223701477,2.3961067e-07,0.0,-8.135558128356934,-0.00014555151674850998
158000,-0.0004093295137863606,2.42195942412593e-08,-3.6885919690132143,3.1083823e-07,0.0,-3.992342472076416,-0.0001685015347071467
158200,-0.00025586390984244645,3.6229021960210164e-08,-3.6885716021060944,2.425909e-07,0.0,-7.269545555114746,-0.00013163804260627466
158400,-0.0004593911289703101,2.5571050144002073e-08,-3.6885711550712585,2.834201e-07,0.0,-5.271091461181641,-0.0001472674471645341
158600,-0.00035374026629142463,3.488690398789629e-08,-3.688585323095322,3.632903e-07,0.0,-1.8056385517120361,-0.00017859268858296806
158800,-0.0005284732324071229,5.14581470767439e-08,-3.6885672092437742,4.1216612e-07,0.0,-7.254151344299316,-0.00019443815160458122
159000,-0.0003094313433393836,4.218464280114631e-08,-3.688554048538208,2.9206277e-07,0.0,-2.306309461593628,-0.0001356817939467847
159200,-0.0005086379824206233,2.2469806704172866e-08,-3.6885721683502197,4.5657154e-07,0.0,-2.5392208099365234,-0.00017840170026000023
159400,-0.0004765415214933455,2.9102192433683172e-08,-3.688557779788971,3.8623813e-07,0.0,-6.54496431350708,-0.00018219590174908262
159600,-0.0001898578484542668,6.983571676499878e-08,-3.688566952943802,2.7507542e-07,0.0,-2.538433313369751,-0.00014309636480596132
159800,-0.00031930499244481325,3.855927506180024e-08,-3.6885498642921446,3.4719704e-07,0.0,-6.308408260345459,-0.00017259675236096504
160000,-0.0004030394193250686,4.869945087193628e-08,-3.688554072380066,2.512336e-07,0.0,-3.624100685119629,-0.0001401423926019163
160200,-0.0003577296156436205,4.856497928251713e-08,-3.688565307855606,3.0577183e-07,0.0,-7.293012619018555,-0.0001663818875808687
160400,-0.00020425634284038097,3.335020419825696e-08,-3.6885491371154786,1.8507241e-07,0.0,0.14842623472213745,-9.388113710768753e-05
160600,-0.0003297973016742617,2.6384551854441442e-08,-3.688561588525772,2.1964311e-07,0.0,-19.212059020996094,-0.00012816225373819546
160800,-0.0005053082713857293,3.817797158411906e-08,-3.688554835319519,3.5613778e-07,0.0,-2.1933681964874268,-0.00016443054029764427
161000,-0.00026371056446805596,2.643485301767612e-08,-3.688560646772385,1.7374754e-07,0.0,-14.495230674743652,-9.115629589517837e-05
161200,-0.0003275155322626233,3.940949011571604e-08,-3.688561075925827,2.2053719e-07,0.0,-6.549221038818359,-0.00013583511221511025
161400,-0.0004191027255728841,8.850612220889786e-08,-3.688554173707962,2.6613475e-07,0.0,-5.02072286605835,-0.00014838437414503857
161600,-0.0002456495421938598,5.2691314911257334e-08,-3.6885539829730987,2.193451e-07,0.0,-1.3410968780517578,-0.00010301319809968845
161800,-0.00046870048390701413,5.367911692921723e-08,-3.6885796785354614,3.0368568e-07,0.0,-8.215497016906738,-0.0001538199160410647
162000,-0.0003217421763110906,4.540353990556412e-08,-3.6885635793209075,3.0636787e-07,0.0,-6.195184230804443,-0.00016828967622199985
162200,-0.00028259234386496246,2.6969629685069663e-08,-3.6885398983955384,2.9593707e-07,0.0,-6.3328118324279785,-0.00014381433961103697
162400,-0.00031641224632039666,2.5258739366762484e-08,-3.688511073589325,4.068017e-07,0.0,-3.090932846069336,-0.00016260531486540498
162600,-0.0003656461776699871,3.9982963251361527e-08,-3.6885490834712984,3.7461518e-07,0.0,-6.2909417152404785,-0.00016098600697111998
162800,-0.0003331564657855779,3.7595384494437666e-08,-3.688547742366791,2.95341e-07,0.0,-4.081925868988037,-0.00015566790018124444
163000,-0.0004213145875837654,5.155897557784783e-08,-3.6885160386562346,4.5657157e-07,0.0,-3.839451789855957,-0.00018417608784386806
163200,-0.0002637326542753726,3.243568613697789e-08,-3.6885385870933534,2.3007394e-07,0.0,-2.5485286712646484,-0.00012028246231929885
163400,-0.00025067126262001693,3.873077827343252e-08,-3.6885467290878298,2.9712913e-07,0.0,-7.615789413452148,-0.00014817542872341827
163600,-0.0004076077020727098,4.517383951352372e-08,-3.6885491788387297,3.7401915e-07,0.0,-3.0883264541625977,-0.00018738757152783058
163800,-0.0003159025509376079,4.186742268430521e-08,-3.688526284694672,2.7805567e-07,0.0,-7.548293113708496,-0.00013230601605278557
164000,-0.00031197138014249504,5.10413712184743e-08,-3.688554447889328,2.8491021e-07,0.0,-4.294410705566406,-0.00014609879342977194
164200,-0.00034503915230743587,2.8823510445086244e-08,-3.688532954454422,3.9190053e-07,0.0,-1.8852722644805908,-0.00018791619027167528
164400,-0.00019329552014824003,4.393330057155254e-05,-3.6887496531009676,1.0102987e-07,0.0,0.7436745166778564,-9.823051102504365e-05
164600,-0.00030055269598960876,2.6233449034407386e-05,-3.688640183210373,1.7344952e-07,0.0,0.8722078800201416,-0.00011626563973943238
164800,-0.0006670962902717292,5.572265918090125e-05,-3.6885514080524446,4.243851e-07,0.0,-0.16594016551971436,-0.00020919709744671167
165000,-0.0002846400602720678,4.6737055708945266e-05,-3.6885479629039764,2.5779008e-07,0.0,-0.06800580024719238,-0.0001293974507079909
165200,-0.0004995904746465385,2.327824754502217e-05,-3.688567280769348,3.4302474e-07,0.0,-0.14321660995483398,-0.00016635310835999562
165400,-0.0006674631731584668,2.7012171949536422e-05,-3.688552165031433,4.4018026e-07,0.0,-0.2153334617614746,-0.0002143101544063164
165600,-0.0002871572214644402,2.0562171152960217e-05,-3.6885547399520875,2.8938052e-07,0.0,-0.1370713710784912,-0.0001318577828340217
165800,-0.0005303276120685041,3.258423107581621e-05,-3.688547319173813,3.4689901e-07,0.0,0.06834030151367188,-0.0001665588031361409
166000,-0.0005089067271910608,1.613426341009472e-05,-3.688564497232437,4.923344e-07,0.0,-0.1907641887664795,-0.0001924259505015069
166200,-0.00039345709956251085,2.6102743049705168e-05,-3.6885332465171814,3.1501054e-07,0.0,-0.0037468671798706055,-0.0001605974596314397
166400,-0.00026530653121881187,3.6985478345741285e-05,-3.688530516624451,2.2679568e-07,0.0,0.09197384119033813,-0.00013177008933276113
166600,-0.00046631359145976603,1.9159137468705013e-05,-3.688491052389145,4.941225e-07,0.0,-0.2005016803741455,-0.00020653007145039483
166800,-0.00025897633167915046,2.7982877463728072e-05,-3.6885623812675474,2.7269124e-07,0.0,-0.1729416847229004,-0.00015125851271364789
167000,-0.00045949016930535436,2.0405777695486905e-05,-3.6885313987731934,3.159046e-07,0.0,-0.06550991535186768,-0.00016874715717188904
167200,-0.0004210724728181958,1.731958291202318e-05,-3.688527137041092,3.1948088e-07,0.0,0.02255803346633911,-0.00016246703256278527
167400,-0.00030013665673322976,5.5201571467478064e-05,-3.688515913486481,3.606081e-07,0.0,0.0653652548789978,-0.0001891245841807221
167600,-0.0004546576819848269,2.3237320829139207e-05,-3.6885030448436735,2.9832125e-07,0.0,0.059294819831848145,-0.00016124335010931913
167800,-0.0003927616053260863,1.302340499478305e-05,-3.688521760702133,3.218651e-07,0.0,-0.05497264862060547,-0.00016335727405807353
168000,-0.0005012627807445824,2.2490938158625794e-05,-3.6885018229484556,4.2140482e-07,0.0,0.08154618740081787,-0.00019787713897265747
168200,-0.000281243963399902,6.75205862535222e-05,-3.6885064125061033,3.8295985e-07,0.0,-0.023905396461486816,-0.000162205277620453
168400,-0.00025399314472451806,2.506778914721508e-05,-3.6885225415229796,2.3454427e-07,0.0,-0.10350966453552246,-0.00013599979739158384
168600,-0.00023900109226815403,3.24554994222126e-05,-3.6885127425193787,3.5107138e-07,0.0,-0.2436748743057251,-0.00014481048371413064
168800,-0.000214965853956528,3.3138103390228935e-05,-3.6885383665561675,2.8908252e-07,0.0,0.03303408622741699,-0.00015482781232049048
169000,-0.00027134513948112726,2.1987815944157774e-05,-3.688506603240967,4.6342612e-07,0.0,-0.45226192474365234,-0.00021317607034285758
169200,-0.00042888964526355267,1.5276015233212092e-05,-3.6884890496730804,3.916025e-07,0.0,-0.14602065086364746,-0.0001707122558314067
169400,-0.0002962899743579328,4.193408294668188e-05,-3.688494884967804,3.4958126e-07,0.0,-0.050274014472961426,-0.00014934731359868004
169600,-0.0002500023110769689,3.919074883924622e-05,-3.68849818110466,2.9087067e-07,0.0,-0.113067626953125,-0.00013100951937178307
169800,-0.00041812617564573884,1.622331346879946e-05,-3.688479018211365,3.6537645e-07,0.0,-0.04722857475280762,-0.00018081399066924853
170000,-0.0003165860543958843,3.943915667150577e-05,-3.6885275661945345,2.2679566e-07,0.0,-0.22454464435577393,-0.00011358794542121187
170200,-0.00043633097084239125,3.7706688772232155e-05,-3.6885132431983947,3.1322242e-07,0.0,0.043141067028045654,-0.0001750976007026006
170400,-0.00029645801987499,3.094921976298792e-05,-3.688478583097458,3.0606984e-07,0.0,-0.041002750396728516,-0.00016294388656523662
170600,-0.00042278660112060606,2.384537933721731e-05,-3.688549369573593,3.59118e-07,0.0,0.048519015312194824,-0.0001803178197125055
170800,-0.0004668902256526053,1.4765065429855895e-05,-3.6884865164756775,2.7388336e-07,0.0,-0.11863112449645996,-0.00015688329980236836
171000,-0.0003917072026524693,1.7709800408738376e-05,-3.6885030925273896,3.6805866e-07,0.0,-0.2839895486831665,-0.0001771227992413582
171200,-0.0005570623325183988,4.1890156353474595e-05,-3.6885183691978454,3.4153462e-07,0.0,0.1635112166404724,-0.00017913216471696636
171400,-0.00027859490364789963,3.516741080602515e-05,-3.688472044467926,2.8043985e-07,0.0,-0.06698918342590332,-0.00014999537206983327
171600,-0.00028391677187755704,1.4686024599086522e-05,-3.688510459661484,2.9414892e-07,0.0,-0.042522430419921875,-0.00016474256465812687
171800,-0.00037973214057274163,1.6918778760555143e-05,-3.6884950697422028,3.3557416e-07,0.0,0.08912432193756104,-0.0001753676074895516
172000,-0.00038537135696969926,3.927631414626376e-05,-3.6884763658046724,3.1590463e-07,0.0,0.0592535138130188,-0.0001710939400024314
172200,-0.0003807785105891526,3.735631539711903e-05,-3.688503438234329,4.2825934e-07,0.0,-0.01880335807800293,-0.00019100859730770137
172400,-0.0003004111931659281,1.7811996622185687e-05,-3.6884492218494414,2.479553e-07,0.0,-0.31175923347473145,-0.0001338198031272775
172600,-0.00041775841964408755,2.2494798849947982e-05,-3.688512349128723,3.8832428e-07,0.0,-0.051467061042785645,-0.0001830547385029524
172800,-0.0003849289787467569,3.5366367274036745e-05,-3.688486760854721,3.5822393e-07,0.0,-0.0544281005859375,-0.00015486781293794216
173000,-0.0003826825995929539,3.6073128512725816e-05,-3.6884845972061155,2.5987623e-07,0.0,-0.26093387603759766,-0.00014382694625623139
173200,-0.0003884869802277535,1.1436937211328767e-05,-3.688503932952881,2.619624e-07,0.0,-0.26218485832214355,-0.0001451532726613358
173400,-0.0005597628769464791,1.2315194021539356e-05,-3.6884369552135468,2.8520822e-07,0.0,-0.12222754955291748,-0.0001579384960018082
173600,-0.00019437383161857724,1.2808966187094483e-05,-3.688453274965286,2.732873e-07,0.0,-0.22451484203338623,-0.00012553964728527213
173800,-0.00036219789762981236,4.9740530539565955e-05,-3.688479018211365,2.8401615e-07,0.0,-0.03764963150024414,-0.00014064028125289064
174000,-0.00030520386644639075,2.8497981793407236e-05,-3.6885072112083437,2.4855137e-07,0.0,-0.07443058490753174,-0.00014378955920335557
174200,-0.0004234235966578126,1.6141365517796657e-05,-3.688511645793915,3.579259e-07,0.0,-0.2137584686279297,-0.00018353148958021314
174400,-0.00044228386832401156,2.546896612329874e-05,-3.688507604598999,3.9726496e-07,0.0,-0.0856558084487915,-0.0001913223874510095
174600,-0.00027432222850620747,3.118409713351866e-05,-3.6885152637958525,3.308058e-07,0.0,-0.09781324863433838,-0.00016779457094382444
174800,-0.0005773974116891623,4.635405634871859e-05,-3.688496249914169,4.503131e-07,0.0,-0.1870487928390503,-0.00020016297985678833
175000,-0.0002571665099821985,2.193164857544616e-05,-3.6885151505470275,3.4689901e-07,0.0,0.005357623100280762,-0.00017159850907613183
175200,-0.0005779612110927701,1.8728320787886334e-05,-3.6885097503662108,4.053116e-07,0.0,-0.0016341209411621094,-0.00020490619510749042
175400,-0.0003230024012736976,1.7397305759914163e-05,-3.6884869396686555,2.6971102e-07,0.0,-0.1562098264694214,-0.00013538450126315826
175600,-0.000379305420210585,2.1770671355625382e-05,-3.6884799540042876,2.8014185e-07,0.0,-0.06271803379058838,-0.00015285242467348857
175800,-0.0003217504417989403,3.854931969726749e-05,-3.688496541976929,2.9087067e-07,0.0,-0.15241777896881104,-0.00015530002223238527
176000,-0.000540677981916815,2.375352955823473e-05,-3.6884837567806246,4.4584274e-07,0.0,-0.06160891056060791,-0.00019849208783131455
176200,-0.00035077781649306417,1.2825750764022814e-05,-3.688520234823227,3.3736228e-07,0.0,-0.246590256690979,-0.00015492826668377367
176400,-0.0005005899001844227,2.4725441016926196e-05,-3.6885181605815887,3.0100344e-07,0.0,-0.06812810897827148,-0.00015860076210039153
176600,-0.0002886669244617224,1.092429284881291e-05,-3.6885007500648497,2.0354986e-07,0.0,-0.07705438137054443,-0.00011949432598301613
176800,-0.00034327199682593346,2.297152757364529e-05,-3.6885010480880736,3.2663343e-07,0.0,-0.015551090240478516,-0.00017483893644882899
177000,-0.0002638786390889436,1.861587379607954e-05,-3.6885182082653047,2.8371812e-07,0.0,-0.10746288299560547,-0.00015780403384377806
177200,-0.0005816114717163146,2.166134588605928e-05,-3.68852556347847,4.4733287e-07,0.0,-0.044693589210510254,-0.0002185019556686818
177400,-0.0005572877125814557,1.577958541929547e-05,-3.6884974539279938,4.6819451e-07,0.0,-0.20856869220733643,-0.0001923120246801746
177600,-0.000578653416596353,2.3386934844893404e-05,-3.688527399301529,3.1530857e-07,0.0,-0.1908121109008789,-0.00016936629895725197
177800,-0.00040378287667408586,4.228857942507602e-05,-3.6884958267211916,3.3438204e-07,0.0,-0.029690027236938477,-0.00015874454257238657
178000,-0.0003419501008465886,2.3563819627270278e-05,-3.6885188937187197,2.8967855e-07,0.0,-0.521591305732727,-0.0001561752572458719
178200,-0.00036029479815624654,2.4601825543868472e-05,-3.6884868860244753,2.4348498e-07,0.0,0.026135146617889404,-0.00013846290068721955
178400,-0.00029803632060065866,2.326864519091032e-05,-3.688499081134796,2.9444695e-07,0.0,-0.17903494834899902,-0.0001462515523131702
178600,-0.00028182464302517474,3.193661800651171e-05,-3.6885363280773165,1.654029e-07,0.0,0.02649056911468506,-0.00010057774177676392
178800,-0.00034421199234202504,5.3962297715770544e-05,-3.688515102863312,3.46303e-07,0.0,-0.03889799118041992,-0.00018926347884438144
179000,-0.0007504054228775203,3.832164165942231e-05,-3.6885011076927183,6.54459e-07,0.0,0.06794804334640503,-0.00023540550400071857
179200,-0.0006007648771628737,3.8197439425857735e-05,-3.6884548127651215,3.5107138e-07,0.0,-0.04402029514312744,-0.00015286479250107288
179400,-0.0005876730429008603,1.56955130478309e-05,-3.6885007858276366,4.816055e-07,0.0,-0.13264834880828857,-0.00019140312178977936
179600,-0.00047110446030274034,3.6033500873600135e-05,-3.6885065734386444,4.2706728e-07,0.0,-0.005662679672241211,-0.00022546300097292526
179800,-0.0005579673452302814,1.303072479004186e-05,-3.68850599527359,4.705787e-07,0.0,0.012229979038238525,-0.00021182890342887894
180000,-0.0002694202703423798,2.0310553463787073e-05,-3.688461518287659,2.3424624e-07,0.0,-0.07866013050079346,-0.00012625265110250973
180200,-0.0003703064867295325,2.6276330709151806e-05,-3.6885069608688354,3.0308962e-07,0.0,-0.17919015884399414,-0.00016046160458107472
180400,-0.0004939091159030795,4.7358101392092065e-05,-3.688536673784256,3.2097103e-07,0.0,-0.07907319068908691,-0.0001718418754416029
180600,-0.0003294658090453595,5.2227552896511045e-05,-3.6885100662708283,3.1530857e-07,0.0,0.01979517936706543,-0.00015887953386983789
180800,-0.0001563182013342157,2.328831124032149e-05,-3.6884879767894745,2.914667e-07,0.0,-0.14871370792388916,-0.00012630359771469423
181000,-0.0005382176605053246,2.4505608985236903e-05,-3.688485103845596,4.2766334e-07,0.0,-0.03367471694946289,-0.0002085179562043349
181200,-0.0003817220276687294,2.593225003693078e-05,-3.688525062799454,3.9815902e-07,0.0,-0.33818185329437256,-0.00019048439093466985
181400,-0.0004409655521158129,1.2729202444461407e-05,-3.688541126251221,3.2931564e-07,0.0,-0.10998272895812988,-0.0001860605914982827
181600,-0.0003147675306536257,1.2941326588133961e-05,-3.688519823551178,3.2901764e-07,0.0,0.005613148212432861,-0.00015804053680000264
181800,-0.0005394972977228463,1.6091433803921972e-05,-3.688530498743057,2.5570392e-07,0.0,-0.037772536277770996,-0.00012986916518831215
182000,-0.00047077483031898737,2.790488083519449e-05,-3.688521146774292,5.057454e-07,0.0,0.0015845894813537598,-0.0002378994216451158
182200,-0.0002772671286948025,3.475863768471754e-05,-3.6885484874248506,3.1471254e-07,0.0,-0.07255101203918457,-0.00018345363351910394
182400,-0.0004332078096922487,2.0326151707195093e-05,-3.6885278105735777,3.5464763e-07,0.0,-0.010578513145446777,-0.00018196135019978854
182600,-0.0003140040789730847,1.8629602436703863e-05,-3.6885348320007325,3.257394e-07,0.0,-0.29305410385131836,-0.0001727096736471534
182800,-0.0004570614837575704,1.864689613739756e-05,-3.6885151326656342,4.4465065e-07,0.0,0.013774991035461426,-0.0002205166665808278
183000,-0.0003530305693857372,3.769116792682325e-05,-3.6885138034820555,3.6537648e-07,0.0,-0.019671201705932617,-0.0001475705490358692
183200,-0.00030761267407797277,1.6024523415580915e-05,-3.688498890399933,2.69413e-07,0.0,-0.26732611656188965,-0.00013820066145031618
183400,-7.788827497279271e-05,2.6392132713226602e-05,-3.688522684574127,2.9623507e-07,0.0,-0.07146811485290527,-0.00015040785135504996
183600,-0.0002658166631590575,3.383838579793519e-05,-3.6885385632514955,3.0070544e-07,0.0,0.058360397815704346,-0.00015522301163878316
183800,-0.0005691399564966559,3.3248343788727654e-05,-3.688520020246506,5.280972e-07,0.0,-0.23285257816314697,-0.00024269862325425605
184000,-0.0002298290783073753,1.8411112478133873e-05,-3.6885300278663635,3.105402e-07,0.0,-0.03100442886352539,-0.0001737864612229245
184200,-0.0003650641592685133,1.434242033155897e-05,-3.688502925634384,3.8444998e-07,0.0,-0.293268084526062,-0.00017764376340845267
184400,-0.0003990128170698881,2.584014587228012e-05,-3.68848260641098,2.9653313e-07,0.0,-0.026461243629455566,-0.0001528849616761363
184600,-0.00046875543193891644,2.2016267575963865e-05,-3.6885184347629547,4.7326085e-07,0.0,-0.11215317249298096,-0.00018735659066646538
184800,-0.0005012829788029194,2.434316413655324e-05,-3.688482183218002,3.4570695e-07,0.0,-0.013207316398620605,-0.0001746033732067609
185000,-0.0003214259631931782,3.249100263928995e-05,-3.688515913486481,3.3378598e-07,0.0,-0.03583729267120361,-0.00016825409290800454
185200,-0.0004260385758243501,3.009916613336827e-05,-3.6885320365428926,2.9861928e-07,0.0,-0.04838299751281738,-0.00016666238022016165
185400,-0.0003369308833498508,1.254754602086905e-05,-3.688518315553665,2.0205974e-07,0.0,-0.10610735416412354,-0.0001140697748927444
185600,-0.00022881657059770077,2.6668191412682064e-05,-3.6885501742362976,2.6375056e-07,0.0,-0.04502439498901367,-0.0001421657508948293
185800,-0.0003206165274605155,1.635717935641878e-05,-3.6884969532489777,2.9861928e-07,0.0,-0.15287506580352783,-0.00014578904099107337
186000,-0.0005669150850735605,1.3226286273493316e-05,-3.6885469913482667,4.3451786e-07,0.0,-0.04856467247009277,-0.0002227839836213441
186200,-0.00042221398325636983,4.1454234906268536e-05,-3.6885007679462434,4.3272973e-07,0.0,0.022061944007873535,-0.00018141711447834387
186400,-0.00036530272336676717,4.489269958867226e-05,-3.688520038127899,3.3706425e-07,0.0,-0.024211525917053223,-0.00015334424383515178
186600,-0.000538606836926192,9.658206340645848e-06,-3.6885057747364045,3.4719707e-07,0.0,-0.047760844230651855,-0.000180063052758328
186800,-0.00042692868737503886,2.7153806877322494e-05,-3.688525062799454,4.5925378e-07,0.0,0.09882688522338867,-0.00021346842518799036
187000,-0.0004525200347416103,2.1896457064940476e-05,-3.68852499127388,4.2498112e-07,0.0,-0.1277257204055786,-0.00019091089461243939
187200,-0.0004316565755289048,3.085358607677335e-05,-3.6885319530963896,3.0517577e-07,0.0,-0.11538279056549072,-0.00016554067201036694
187400,-0.00017785432282835245,2.0534140821837356e-05,-3.688499903678894,3.1381848e-07,0.0,-0.1374197006225586,-0.0001504945753839637
187600,-0.0002735536254476756,3.313194197289704e-05,-3.6885059654712675,3.349781e-07,0.0,-0.07648098468780518,-0.00016434883752458607
187800,-0.00029265895136632025,3.645776487246621e-05,-3.68856765627861,3.215671e-07,0.0,-0.01371455192565918,-0.00016031923908030877
188000,-0.00034089392283931375,1.4228191548681935e-05,-3.6885402381420134,2.8073788e-07,0.0,-0.04510211944580078,-0.0001517113581008811
188200,-0.0003719473024830222,3.4903511414086096e-05,-3.6885361075401306,3.7968158e-07,0.0,-0.00728762149810791,-0.00019546376218955165
188400,-0.00032077819923870265,2.258168567550456e-05,-3.6885193049907685,2.3424624e-07,0.0,-0.05950736999511719,-0.0001337732074224274
188600,-0.0004999074153602123,2.5484522257102072e-05,-3.688543426990509,5.00083e-07,0.0,-0.03876841068267822,-0.0002342322903357452
188800,-0.00023186016187537462,1.9040428310290735e-05,-3.688527464866638,2.2500754e-07,0.0,-0.3016331195831299,-0.00012008956562021833
189000,-0.0001992329489439726,2.31257992254541e-05,-3.6884717285633086,5.599856e-07,0.0,0.10732871294021606,-0.0002430523195628309
189200,-0.00017692672554403543,1.4886935309732507e-05,-3.6885066449642183,2.8282403e-07,0.0,-0.8787109851837158,-0.00015191011146598044
189400,-0.00042011254117824137,4.634219235413184e-05,-3.6885403990745544,3.4749507e-07,0.0,0.01890808343887329,-0.00015501956453558562
189600,-0.00021394557552412152,3.198945387339336e-05,-3.688497257232666,3.004074e-07,0.0,0.023304462432861328,-0.00015127623880107355
189800,-0.00031618433422409,2.8962129226783874e-05,-3.6884960889816285,2.7000905e-07,0.0,0.04857790470123291,-0.00012446883284678023
190000,-0.0005085887969471514,2.3801400493539405e-05,-3.6885355591773985,4.2766334e-07,0.0,-0.005608797073364258,-0.00019134047721887094
190200,-0.0006638354971073568,5.050062191003235e-05,-3.6885452568531036,4.774332e-07,0.0,-0.02668452262878418,-0.00021087146497666964
190400,-0.00045647783554159105,3.4938355838676216e-05,-3.688529247045517,2.4288892e-07,0.0,0.010695099830627441,-0.00014896526966414747
190600,-0.00024067169579211622,1.155813605464573e-05,-3.6885215044021606,1.4305114e-07,0.0,0.04262900352478027,-8.708736351332735e-05
190800,-0.0003744237474165857,1.4124777453616844e-05,-3.68848711848259,2.6673078e-07,0.0,0.12382620573043823,-0.00014874215441158524
191000,-0.00042853725608438253,2.399012860223593e-05,-3.6884908854961393,3.6835672e-07,0.0,-0.03665482997894287,-0.00019018191017958764
191200,-0.0003086289798375219,3.8255348954407964e-05,-3.68849818110466,2.5272368e-07,0.0,-0.008381247520446777,-0.00013180041363876073
191400,-0.00036003312561661005,3.14539141527348e-05,-3.6885313510894777,2.9593704e-07,0.0,-0.14951848983764648,-0.0001497293118843057
191600,-0.0004231539205648005,1.7077454231184674e-05,-3.6885521352291106,2.3007394e-07,0.0,-0.42704498767852783,-0.00013402576859653515
191800,-0.0004294716927688569,2.4594572983005493e-05,-3.68849139213562,4.464388e-07,0.0,0.09220260381698608,-0.00020163866834352895
192000,-0.000387831823900342,4.207758993288735e-05,-3.688536357879639,3.1918287e-07,0.0,-0.23514795303344727,-0.00013991922202238882
192200,-0.0003148996620438993,2.4241247024292535e-05,-3.6885215640068054,4.288554e-07,0.0,-0.06056201457977295,-0.0001990866512142031
192400,-0.00028870991081930697,2.1985939952173794e-05,-3.688554102182388,3.7193297e-07,0.0,-0.005391120910644531,-0.0001882406697282235
192600,-0.00031071549165062606,1.5400501968088066e-05,-3.6885493755340577,3.2633545e-07,0.0,-0.13439404964447021,-0.00018070588147942602
192800,-0.000247343210503459,4.428238953551045e-05,-3.688510870933533,2.732873e-07,0.0,0.09823060035705566,-0.0001412843682060405
193000,-0.00029822459327988327,3.0967916063673326e-05,-3.6884750843048097,2.7418136e-07,0.0,0.0743454098701477,-0.00014086844065832604
193200,-0.0002911532064899802,2.3409121831718947e-05,-3.688565564155579,1.8239021e-07,0.0,-0.0011441707611083984,-0.00011282289076532947
193400,-0.0004883109941147268,1.9093979472017963e-05,-3.688511258363724,3.2454727e-07,0.0,-0.17552495002746582,-0.00017130214037160973
193600,-0.00040890276432037354,3.3492907732579624e-05,-3.6885205149650573,3.8236382e-07,0.0,-0.1439507007598877,-0.00017954604336636315
193800,-0.00021200801711529493,2.3397660015689326e-05,-3.6885059237480164,3.6001205e-07,0.0,0.04990279674530029,-0.00016293463160126364
194000,-0.0005947503377683461,2.2422645315600676e-05,-3.688496458530426,4.6133997e-07,0.0,0.013201475143432617,-0.00023065213842218268
194200,-0.0002885833091568202,2.366921876273409e-05,-3.6884953141212464,2.9951335e-07,0.0,0.09927284717559814,-0.00015860384632349067
194400,-0.00019802381575573236,2.8707730643873218e-05,-3.688539135456085,2.402067e-07,0.0,-0.039139509201049805,-0.00013300162651181947
194600,-0.00022747402545064688,1.3931365901953541e-05,-3.688509464263916,4.6014787e-07,0.0,0.09462690353393555,-0.0001983327801978074
194800,-0.0004670551570598036,2.532266034904751e-05,-3.6885158002376555,2.872944e-07,0.0,-0.14334464073181152,-0.00015876586091531086
195000,-0.0004433711583260447,1.3968133828257123e-05,-3.688548231124878,3.8117173e-07,0.0,0.023762106895446777,-0.00019893762352669598
195200,-0.00021868388284929097,1.144356600661922e-05,-3.6885106921195985,3.7044288e-07,0.0,-0.14898204803466797,-0.00017733451733015215
195400,-0.000253980077104643,1.2863561050835414e-05,-3.6885650038719175,2.9802322e-07,0.0,-0.11119139194488525,-0.0001485019998620274
195600,-0.0004405064391903579,2.0454994387364423e-05,-3.6884996354579926,3.72231e-07,0.0,-0.10324585437774658,-0.00018060825833856597
195800,-0.0001242715079570189,2.5504137829557295e-05,-3.688559627532959,2.8729437e-07,0.0,0.00546419620513916,-0.00015154811066295793
196000,-0.0006992262206040323,1.6439878436358413e-05,-3.6885495603084566,5.659461e-07,0.0,-0.18475019931793213,-0.00024176630301315783
196200,-0.0004265696043148637,1.5599917378494866e-05,-3.6885423064231873,2.6404857e-07,0.0,-0.08855509757995605,-0.00013175174511570464
196400,-0.0003022321034222841,1.5479662852158072e-05,-3.6885042786598206,3.1113623e-07,0.0,-0.05910444259643555,-0.00016458870633061505
196600,-0.00030077452538535,3.169852361679659e-05,-3.688571923971176,2.2053717e-07,0.0,0.009834229946136475,-0.00013688091875325715
196800,-0.00016145891277119517,1.3116300988258444e-05,-3.688532316684723,2.4259091e-07,0.0,0.05856901407241821,-0.0001172643903515791
197000,-0.00038054960896261036,1.9125858079860338e-05,-3.688576912879944,2.837181e-07,0.0,-0.14271461963653564,-0.00016592361832044045
197200,-0.0003377969260327518,1.442404304725642e-05,-3.688567590713501,3.1113626e-07,0.0,0.003968477249145508,-0.0001852046313640665
197400,-0.00034543609945103526,1.766487907843839e-05,-3.6885538399219513,4.6938658e-07,0.0,0.0013434290885925293,-0.00021432504446807776
197600,-0.0006606745300814509,1.497082444075204e-05,-3.6885455787181853,5.784631e-07,0.0,0.009619474411010742,-0.00023561146113024734
197800,-0.0005751471035182476,1.1838699379040918e-05,-3.6885997891426086,4.23789e-07,0.0,-0.1340632438659668,-0.0002153215866091962
198000,-0.0002678429882507771,3.0518181574734626e-05,-3.6885228991508483,2.6375056e-07,0.0,0.01257389783859253,-0.0001526470481068132
198200,-0.00026683599571697414,1.658601472627197e-05,-3.6885716378688813,3.7968158e-07,0.0,-0.192099928855896,-0.00020906956607400496
198400,-0.00027421340928412974,3.261097253925982e-05,-3.688523215055466,2.8192997e-07,0.0,0.051731884479522705,-0.0001478552261840349
198600,-0.0002122164733009413,4.2897799494312495e-05,-3.6885591447353363,2.4646522e-07,0.0,-0.19576811790466309,-0.00013303086124887286
198800,-0.00026966884615831077,2.2137073347039405e-05,-3.6885790526866913,2.002716e-07,0.0,-0.024551749229431152,-0.00011780188254078006
199000,-0.0002750007843133062,6.851127282061497e-05,-3.6885322988033296,3.8683413e-07,0.0,-0.1088721752166748,-0.00017550701674167167
199200,-0.00040185899706557393,1.4965543527978298e-05,-3.6885650515556336,3.1620263e-07,0.0,-0.03650057315826416,-0.00017700066356383105
199400,-0.0003150726843159646,1.5405596809614507e-05,-3.688535135984421,3.412366e-07,0.0,0.0898694396018982,-0.00014707151038662047
199600,-0.0004580754030030221,2.8812027767344262e-05,-3.6885628402233124,2.9236077e-07,0.0,-0.04408526420593262,-0.00018602492596868635
199800,-0.0003755071375053376,2.3638302127437783e-05,-3.6885730028152466,2.5451183e-07,0.0,0.006049752235412598,-0.0001579539615816028
200000,-0.0003183317603543401,1.462785025978519e-05,-3.688556319475174,3.400445e-07,0.0,0.012507379055023193,-0.00015787671582711548
