timestep,loss,value_loss,entropy_loss,approx_kl,clip_fraction,explained_variance,policy_gradient_loss
200,,,,,,,
400,0.07229498028755188,0.14182768110185862,-3.6888746857643127,4.6163797e-07,0.0,-3.0954055786132812,-0.00026002530683246763
600,0.07684514671564102,0.13625269159674644,-3.688874453306198,2.2739172e-07,0.0,-2.6626687049865723,-0.00017414089358958051
800,0.05919216200709343,0.11865846198052168,-3.6888730585575105,2.9385092e-07,0.0,-4.155139446258545,-0.00019700154626684508
1000,0.05799754709005356,0.12132684271782637,-3.688871866464615,2.9742716e-07,0.0,-6.362556457519531,-0.0001781782223356565
1200,0.061144597828388214,0.10852422136813403,-3.688872069120407,3.2126903e-07,0.0,-3.523439884185791,-0.00020127825761028227
1400,0.040859077125787735,0.08733082823455333,-3.6888726353645325,2.461672e-07,0.0,-3.0103225708007812,-0.00015569085837796592
1600,0.0379883237183094,0.09266439694911241,-3.6888715028762817,5.334616e-07,0.0,-4.865355014801025,-0.00027714134804613934
1800,0.045864004641771317,0.0952080462127924,-3.688870441913605,5.221367e-07,0.0,-4.4926300048828125,-0.000249474853394982
2000,0.033646054565906525,0.08708969336003065,-3.688870757818222,3.734231e-07,0.0,-7.447573661804199,-0.00022452819545452086
2200,0.03344729170203209,0.06894112024456263,-3.6888700842857363,3.1411648e-07,0.0,-2.2916359901428223,-0.00019344958574687431
2400,0.03403943404555321,0.07956875190138817,-3.6888676047325135,3.4481286e-07,0.0,-11.532821655273438,-0.00016353201774825797
2600,0.035562194883823395,0.06567806946113705,-3.688867783546448,6.508827e-07,0.0,-2.9674699306488037,-0.0002501462095351625
2800,0.03218257427215576,0.06941424291580915,-3.6888674437999724,3.2007694e-07,0.0,-7.363065719604492,-0.0001854457588014391
3000,0.029344802722334862,0.05983672384172678,-3.6888670444488527,3.9726496e-07,0.0,-5.774454116821289,-0.00023002660495226036
3200,0.03131561726331711,0.05783151062205434,-3.6888662219047545,6.9081784e-07,0.0,-10.16834831237793,-0.0002688023752156155
3400,0.02229866199195385,0.05276404339820147,-3.6888662815093993,4.631281e-07,0.0,-5.5260515213012695,-0.0002391178293739138
3600,0.022972004488110542,0.05037434054538607,-3.688865876197815,3.8444995e-07,0.0,-7.379974365234375,-0.00020139440874209492
3800,0.018545448780059814,0.03480385215952993,-3.688866597414017,7.048249e-07,0.0,-2.7693030834198,-0.000233683809769758
4000,0.012707378715276718,0.03382608504034579,-3.6888659298419952,6.2674286e-07,0.0,-2.2817766666412354,-0.00025985507768613305
4200,0.018019039183855057,0.03505464172922075,-3.6888658821582796,3.4630298e-07,0.0,-3.460150718688965,-0.00018070060122634679
4400,0.01616375707089901,0.029190883925184607,-3.6888648152351378,6.249547e-07,0.0,-6.791504383087158,-0.000268371297486969
4600,0.013489623554050922,0.02882250929251313,-3.6888643324375154,5.066395e-07,0.0,-8.518488883972168,-0.000246573805543715
4800,0.008264392614364624,0.021503261267207564,-3.6888637363910677,6.1392785e-07,0.0,-2.871251106262207,-0.00023453533556767604
5000,0.009678225964307785,0.020890956232324242,-3.68886222243309,4.068017e-07,0.0,-2.560520887374878,-0.00020864266164437594
5200,0.010167235508561134,0.022721491334959865,-3.688859897851944,5.3346156e-07,0.0,-9.32296371459961,-0.00024892813059830267
5400,0.006322761997580528,0.015512679237872362,-3.6888581573963166,5.9843063e-07,0.0,-2.4140310287475586,-0.00024133141199036423
5600,0.008391623385250568,0.017488248297013342,-3.6888572096824648,4.9293044e-07,0.0,-5.486666679382324,-0.00023032547522217062
5800,0.0045611681416630745,0.014118696050718426,-3.688858312368393,5.4985287e-07,0.0,-4.713971138000488,-0.00025194206823844214
6000,0.003927653655409813,0.010887133376672863,-3.6888592720031737,7.1436165e-07,0.0,-2.637735366821289,-0.0002929828314961469
6200,0.004642884712666273,0.012189619312994181,-3.688857078552246,5.4597854e-07,0.0,-7.792899131774902,-0.00023885205114538844
6400,0.003938719164580107,0.009857688308693468,-3.688855695724487,6.565451e-07,0.0,-5.484646320343018,-0.00025487741076291037
6600,0.003097148612141609,0.008212395769078285,-3.6888555109500887,2.8312206e-07,0.0,-6.794310092926025,-0.00015062239794572108
6800,0.0021755120251327753,0.006757140392437577,-3.688855177164078,6.1631204e-07,0.0,-4.707877159118652,-0.00023842641706885991
7000,0.0027630990371108055,0.006407620967365801,-3.6888544082641603,3.8266182e-07,0.0,-4.252547740936279,-0.00018949469758365866
7200,0.0013360998127609491,0.005538316967431456,-3.6888533413410185,3.3408404e-07,0.0,-6.895655155181885,-0.00017923348946826678
7400,0.0015710932202637196,0.0039527569781057535,-3.6888541877269745,4.5359135e-07,0.0,-2.5716371536254883,-0.00019415143196201967
7600,0.0007155031198635697,0.003848430747166276,-3.6888540208339693,8.162856e-07,0.0,-4.603323459625244,-0.0003102702494480969
7800,0.0007722981390543282,0.003085501486202702,-3.688854289054871,7.7784057e-07,0.0,-4.672210693359375,-0.0002767041842617779
8000,0.0006058103172108531,0.0030172202503308656,-3.688851737976074,7.668138e-07,0.0,-9.022750854492188,-0.00025916540789712174
8200,0.0004949517897330225,0.0023092267307220026,-3.6888530552387238,3.4540892e-07,0.0,-3.1533737182617188,-0.0001810984155058648
8400,0.00025722425198182464,0.0023083191859768703,-3.6888503611087797,4.4405462e-07,0.0,-7.113380432128906,-0.000184401913804777
8600,0.0003540182369761169,0.0017953843635041267,-3.688849985599518,4.002452e-07,0.0,-4.140318870544434,-0.0001943176391011825
8800,0.00013892361312173307,0.0015554519079159946,-3.6888510286808014,5.2750113e-07,0.0,-6.652698040008545,-0.00023466246474024288
9000,-0.00011334897135384381,0.0012958410530700347,-3.68884996175766,5.26011e-07,0.0,-7.673281669616699,-0.00021428026298853098
9200,-0.0001559268857818097,0.0011549689239473081,-3.688852292299271,3.4570695e-07,0.0,-3.9316983222961426,-0.00017178924233429704
9400,-1.9585713744163513e-06,0.0008989691516035237,-3.688851368427277,3.582239e-07,0.0,-13.493573188781738,-0.00017064686014469643
9600,-1.1442869435995817e-05,0.0008161207690136508,-3.68885201215744,3.939867e-07,0.0,-5.78583288192749,-0.00021056912716890252
9800,-0.0002845044946298003,0.0007689342703088187,-3.6888524651527406,5.838275e-07,0.0,-13.388795852661133,-0.00024671320827884813
10000,-0.00015547493239864707,0.000667631154647097,-3.688852047920227,3.865361e-07,0.0,-1.0706310272216797,-0.0001919630754493973
10200,-0.0003682591486722231,0.0005757035032729618,-3.688851022720337,4.1604042e-07,0.0,-1.5170600414276123,-0.0002187195878338599
10400,-0.00036007448215968907,0.00034021559076791164,-3.6888507127761843,4.4643883e-07,0.0,-3.465599536895752,-0.00022805904101226294
10600,-0.00045314442832022905,0.00037748861395812126,-3.6888518571853637,4.917383e-07,0.0,-0.41048169136047363,-0.0002315035893002193
10800,-0.0003261445672251284,0.0003753291355678812,-3.688853394985199,5.421042e-07,0.0,-1.5836007595062256,-0.00022590942611344644
11000,-0.0001979515509447083,0.0003673667168186512,-3.688850927352905,3.388524e-07,0.0,-1.359494924545288,-0.0001609516305247638
11200,-0.00037519392208196223,0.000390623630664777,-3.688851201534271,4.1157008e-07,0.0,-0.35491085052490234,-0.00022367636870690433
11400,-0.0003236178308725357,0.00024906220169214067,-3.68885098695755,4.467368e-07,0.0,-0.29616785049438477,-0.00020345197576574492
11600,-0.0003714693011716008,0.00040993920920300296,-3.6888519287109376,3.4481286e-07,0.0,0.019876480102539062,-0.00018338292190767103
11800,-0.0003870964574161917,0.0002499723337678006,-3.6888483464717865,4.610419e-07,0.0,-1.6786420345306396,-0.0002109184857571389
12000,-0.0005938903195783496,0.00017331594826828223,-3.688848447799683,5.3584574e-07,0.0,-1.5067691802978516,-0.00026287213092950344
12200,-0.0004139274242334068,0.00021896978651056998,-3.688846933841705,3.641844e-07,0.0,-0.5457807779312134,-0.00019151578858576102
12400,-0.0003519902238622308,0.00017761703493306412,-3.6888465166091917,4.2021276e-07,0.0,-0.7881406545639038,-0.0002093056586919273
12600,-0.00028178616776131094,0.00010737188986240654,-3.6888468503952025,2.3633243e-07,0.0,-0.4268970489501953,-0.0001410659627429256
12800,-0.000589771952945739,0.00011478202104626689,-3.688845145702362,4.771352e-07,0.0,-0.4226536750793457,-0.00025431543400351587
13000,-0.0004866720119025558,9.923705310939112e-05,-3.688845306634903,3.4749507e-07,0.0,0.130329430103302,-0.00018366845023911615
13200,-0.0007328118081204593,0.0001016484820866026,-3.688843685388565,5.3197147e-07,0.0,-0.07001781463623047,-0.00023984032759152285
13400,-0.00032917599310167134,0.0001943094357557129,-3.688837778568268,3.0875208e-07,0.0,-0.22074759006500244,-0.00015385194748329667
13600,-0.00032634485978633165,8.465684459224576e-05,-3.688839668035507,2.5689602e-07,0.0,-0.205957293510437,-0.00016465488157040297
13800,-0.00048275422886945307,6.314318889053539e-05,-3.6888389229774474,4.5210123e-07,0.0,0.04361414909362793,-0.00021111279583436727
14000,-0.00030790333403274417,6.757537721568951e-05,-3.688837504386902,2.3275612e-07,0.0,-0.026770472526550293,-0.00012635817220427726
14200,-0.00048773206071928144,0.00010399252623756183,-3.688838940858841,3.4213065e-07,0.0,0.10530281066894531,-0.00020690064691040178
14400,-0.00046478761942125857,0.00012701614577963482,-3.6888354778289796,4.9203635e-07,0.0,-0.05966377258300781,-0.0002405493716874929
14600,-0.00048133102245628834,5.478611064972938e-05,-3.688835155963898,3.9339065e-07,0.0,0.019692718982696533,-0.00018134923323636086
14800,-0.0004348766815382987,4.0929165334091525e-05,-3.688835287094116,3.1530857e-07,0.0,-0.18629229068756104,-0.0001806097781348104
15000,-0.0003250430745538324,8.175270622814423e-05,-3.68883016705513,3.501773e-07,0.0,0.03653186559677124,-0.0001829052394413111
15200,-0.0004194830544292927,2.7670278177538422e-05,-3.6888270914554595,6.207824e-07,0.0,0.09698790311813354,-0.00023452396332430682
15400,-0.0004065993125550449,2.9247371639939956e-05,-3.6888313949108125,3.1501057e-07,0.0,0.02648746967315674,-0.00016800479532603775
15600,-0.0006186640239320695,2.682191293388314e-05,-3.6888307929039,5.0395727e-07,0.0,0.1153683066368103,-0.00024574234306689035
15800,-0.00024408631725236773,6.747061852365732e-05,-3.6888335764408113,3.3169982e-07,0.0,0.0007678866386413574,-0.0001670176021755676
16000,-0.00042810363811440766,3.266198314122448e-05,-3.688831406831741,2.8997658e-07,0.0,0.0698699951171875,-0.0001491580053664343
16200,-0.000632247538305819,2.478635246916383e-05,-3.6888307213783262,3.7312506e-07,0.0,-0.11563074588775635,-0.0001851385534068828
16400,-0.0003280513919889927,7.251311508298386e-05,-3.688826489448547,2.7000902e-07,0.0,-0.038513779640197754,-0.00015886137560325864
16600,-0.000259167019976303,4.86189483126509e-05,-3.6888251304626465,3.8832425e-07,0.0,-0.18405663967132568,-0.00017307965452193486
16800,-0.00043189292773604393,2.2974621947469133e-05,-3.688824087381363,4.3302776e-07,0.0,-0.1618136167526245,-0.0001946854152062194
17000,-0.0002863408299162984,1.5294592412828933e-05,-3.688826268911362,3.6269424e-07,0.0,0.0921216607093811,-0.00018801430694459498
17200,-0.0003665457188617438,2.5806666735661564e-05,-3.6888204336166384,4.1991473e-07,0.0,0.08233672380447388,-0.00017095014365313687
17400,-0.0006123522180132568,3.0942532521294194e-05,-3.6888241469860077,3.8057567e-07,0.0,0.0027953386306762695,-0.00014473906301555318
17600,-0.0005356527981348336,1.5318526448027114e-05,-3.688820779323578,5.894899e-07,0.0,0.01931828260421753,-0.0002655208972993206
17800,-0.0003710306773427874,2.2816352361587634e-05,-3.688815212249756,3.257394e-07,0.0,-0.19970321655273438,-0.0001621695972659154
18000,-0.00040702728438191116,7.372027839664952e-05,-3.6888167917728425,3.7789346e-07,0.0,-0.0004228353500366211,-0.00018969328597331358
18200,-0.0003227257402613759,4.369926209619734e-05,-3.6888130009174347,2.6196244e-07,0.0,-0.18479442596435547,-0.0001252126247905494
18400,-0.0003506045904941857,3.46352644100989e-05,-3.6888181149959562,2.6673078e-07,0.0,0.0314868688583374,-0.00012550582545545197
18600,-0.0005300331977196038,1.3605315552922548e-05,-3.6888179779052734,4.3302774e-07,0.0,0.143604576587677,-0.0002061766386170838
18800,-0.0002807550481520593,1.6563175881856297e-05,-3.688822388648987,2.580881e-07,0.0,-0.2381148338317871,-0.00013813815241063842
19000,-0.00029360249754972756,2.6847147864828003e-05,-3.688817101716995,3.6031008e-07,0.0,0.2282489538192749,-0.00018394532898635685
19200,-0.00038922508247196674,2.677563084034773e-05,-3.688813203573227,5.111098e-07,0.0,-0.12221217155456543,-0.00019503346129863265
19400,-0.0003429712087381631,1.774867796484614e-05,-3.6888136982917787,3.6597254e-07,0.0,0.05325073003768921,-0.00017305199749148014
19600,-0.0003465297049842775,2.4525637786609878e-05,-3.68881099820137,2.9295683e-07,0.0,-0.028757452964782715,-0.00013831109913131634
19800,-0.0005920847179368138,3.6705414640891834e-05,-3.6888165175914764,4.184246e-07,0.0,-0.19851291179656982,-0.0002010441571494548
20000,-0.00047472701407969,2.7634485218186455e-05,-3.6888104498386385,4.917383e-07,0.0,-0.03228580951690674,-0.00023560381029619215
20200,-0.00032816582825034857,2.3113728911994257e-05,-3.6888121128082276,2.834201e-07,0.0,-0.08611249923706055,-0.00014887341139955269
20400,-0.000548829382751137,6.435672457882902e-05,-3.6888168454170227,4.526973e-07,0.0,0.06292712688446045,-0.00020906071270543336
20600,-0.00023719461751170456,1.8220085735265457e-05,-3.6888087511062624,2.8371812e-07,0.0,0.12310957908630371,-0.00013857320031382959
20800,-0.000305283087072894,8.521273093720083e-05,-3.6888081789016725,5.197525e-07,0.0,-0.089394211769104,-0.00023367197701122943
21000,-0.0002065938024315983,3.907633490598528e-05,-3.6888054966926576,2.5361777e-07,0.0,-0.15180814266204834,-0.00012859471129402777
21200,-0.0003529734385665506,2.0894121371384243e-05,-3.688799959421158,3.0905005e-07,0.0,-0.44032907485961914,-0.00015954887175384513
21400,-0.0003400970308575779,1.8081364532918088e-05,-3.688802492618561,2.3514033e-07,0.0,-0.5131593942642212,-0.00012219311635567332
21600,-0.0003504269116092473,1.6261827749985968e-05,-3.6888087153434754,3.20673e-07,0.0,-0.3728138208389282,-0.00017410166556572904
21800,-0.00017617705452721566,1.9084903760813178e-05,-3.6888097643852236,1.5556813e-07,0.0,-1.1070020198822021,-8.736750459297227e-05
22000,-0.0004687824985012412,1.3146911339845246e-05,-3.688806581497192,3.7819146e-07,0.0,0.0008488297462463379,-0.00019207401575647154
22200,-0.00017205656331498176,1.9899666926903593e-05,-3.6888083696365355,2.2411346e-07,0.0,-0.3151519298553467,-0.00012651441941458064
22400,-0.0003486511704977602,3.0266537123679882e-05,-3.6888051986694337,4.5716763e-07,0.0,-0.05168724060058594,-0.00020465399438194254
22600,-0.0003412980295252055,2.113299296979676e-05,-3.688806426525116,4.2676925e-07,0.0,0.1460951566696167,-0.00018657068657000896
22800,-0.0005097442772239447,1.663197922425752e-05,-3.6888075053691862,4.2140485e-07,0.0,-0.016335487365722656,-0.00019481444755410914
23000,-0.000716653885319829,3.405701422707352e-05,-3.6888054430484774,4.652142e-07,0.0,0.022694885730743408,-0.00022618040726958278
23200,-0.0004958468489348888,2.881562604670762e-05,-3.6888065576553344,2.592802e-07,0.0,-0.11115765571594238,-0.00013684773369396775
23400,-0.0002305100642843172,8.632883316295193e-06,-3.688810628652573,2.1934508e-07,0.0,-0.27033770084381104,-0.0001129662254507502
23600,-0.00046360681881196797,2.2838678546577285e-05,-3.688806879520416,3.5554172e-07,0.0,-0.10248875617980957,-0.00014493729193543192
23800,-0.0004546365817077458,3.519557585605071e-05,-3.6888048887252807,2.9385092e-07,0.0,0.03456759452819824,-0.00016450619733068272
24000,-0.0005056256777606905,2.1875878246646607e-05,-3.6888079047203064,4.2200088e-07,0.0,-0.09999191761016846,-0.00019246126789314034
24200,-0.0002713676658459008,1.9522732077348338e-05,-3.6888079762458803,2.491474e-07,0.0,-0.04167640209197998,-0.00014185681276464025
24400,-0.0004965689149685204,7.22718657925725e-05,-3.68880655169487,4.222989e-07,0.0,-0.12631988525390625,-0.00019797168643163055
24600,-0.00013830199895892292,1.313663940436527e-05,-3.688808208703995,2.0623207e-07,0.0,-0.07713186740875244,-0.00011254225727075351
24800,-0.00019747758051380515,5.77172334487841e-05,-3.6888104915618896,2.1785499e-07,0.0,-0.032297492027282715,-0.00011221121508855347
25000,-0.000514507875777781,3.883258459609351e-05,-3.68880290389061,5.1826237e-07,0.0,-0.21414518356323242,-0.00023450355345984165
25200,-0.0006185060483403504,4.2028591087728274e-05,-3.688807564973831,3.6150215e-07,0.0,0.004590749740600586,-0.00017539732250759776
25400,-0.00018499828001949936,3.693343423947226e-05,-3.6888030111789702,3.2931567e-07,0.0,-0.022746801376342773,-0.00016174578018079977
25600,-0.00030044731101952493,2.3152767653300543e-05,-3.68880695104599,2.3454427e-07,0.0,-0.03715825080871582,-0.00013036899260054913
25800,-0.00047615644871257246,3.334036227897741e-05,-3.6888057947158814,4.4494865e-07,0.0,0.034913599491119385,-0.00023099828542831878
26000,-0.00027939799474552274,2.7873885028384392e-05,-3.6888048529624937,2.7507542e-07,0.0,0.09529858827590942,-0.00014008200961677098
26200,-0.00041687372140586376,4.2883863125098286e-05,-3.688809496164322,3.257394e-07,0.0,-0.12065911293029785,-0.000173260629153138
26400,-0.00047587210428901017,3.458726805547485e-05,-3.688807898759842,3.1292439e-07,0.0,-0.05134427547454834,-0.0001511608059093561
26600,-0.0002885056019295007,2.883959555219917e-05,-3.6888005316257475,4.273653e-07,0.0,-0.08558082580566406,-0.0001815852370135651
26800,-0.00028564248350448906,1.7546826893521938e-05,-3.6888069033622743,3.027916e-07,0.0,0.01600062847137451,-0.00014659777369252502
27000,-0.00030075875110924244,1.848196104674571e-05,-3.6888015627861024,3.412366e-07,0.0,-0.05702626705169678,-0.0001736409662242977
27200,-0.0002825966803357005,1.7140006070803794e-05,-3.6888026714324953,2.1457673e-07,0.0,0.1999189853668213,-0.00012706175501728812
27400,-0.00044229149352759123,1.4960912972128427e-05,-3.6888036906719206,3.2961367e-07,0.0,-0.9520965814590454,-0.00013084853975224852
27600,-0.0005093619110994041,1.9631417603704904e-05,-3.688807761669159,3.659725e-07,0.0,-0.1590869426727295,-0.00016866198214633422
27800,-0.00030860083643347025,1.370939685330086e-05,-3.6888008594512938,3.8713216e-07,0.0,0.2416774034500122,-0.00015213662413884332
28000,-0.0006226119003258646,2.1006594329264773e-05,-3.6888080716133116,4.6670436e-07,0.0,-0.2545430660247803,-0.00023098766223035306
28200,-0.00023354335280600935,2.105946011852211e-05,-3.688809686899185,3.0338765e-07,0.0,0.14235949516296387,-0.00016255958377153767
28400,-0.0003686069685500115,1.793600313249044e-05,-3.6888043224811553,4.532933e-07,0.0,-0.39746594429016113,-0.00018363600954262037
28600,-0.0005127964541316032,1.8659864008441217e-05,-3.688803416490555,4.428625e-07,0.0,0.02370429039001465,-0.00021979474848090596
28800,-0.00039658320019952953,2.1732845721089688e-05,-3.6888032972812654,2.8640034e-07,0.0,-0.2653641700744629,-0.0001541880656390604
29000,-0.0002673443523235619,3.0661861092085016e-05,-3.688809555768967,2.6196244e-07,0.0,0.038504838943481445,-0.00013828173999422822
29200,-0.00039774778997525573,1.4791353282817e-05,-3.688804930448532,3.6925076e-07,0.0,-0.18584179878234863,-0.00017716676022221377
29400,-0.0006761762197129428,2.1698115187973598e-05,-3.688805562257767,5.704165e-07,0.0,0.0076102614402771,-0.00026349366062583535
29600,-0.000200260677956976,3.674027384477085e-05,-3.688801556825638,3.093481e-07,0.0,-0.1015322208404541,-0.00014284106546187946
29800,-0.00023187568876892328,2.2429532964451938e-05,-3.688806062936783,2.849102e-07,0.0,-0.11759364604949951,-0.00015019790809174262
30000,-0.0005947666941210628,2.770038240669237e-05,-3.688803970813751,4.6133997e-07,0.0,-0.07999539375305176,-0.00021602121311139477
30200,-0.0004022505017928779,1.9843105337713497e-05,-3.688804256916046,3.1828878e-07,0.0,-0.11197197437286377,-0.00017368190632942592
30400,-0.0005459730746224523,2.77859105153766e-05,-3.688802832365036,4.4286253e-07,0.0,-0.05797410011291504,-0.00017787957029975489
30600,-0.0005286269588395953,4.544198345683981e-05,-3.6888002812862397,4.720688e-07,0.0,-0.16765987873077393,-0.0002150877583135369
30800,-0.00034535329905338585,2.382199081694125e-05,-3.688792210817337,4.3094155e-07,0.0,0.17937737703323364,-0.00016177752668431467
31000,-0.00035018581547774374,1.6716335017008534e-05,-3.688797813653946,3.695488e-07,0.0,0.06955128908157349,-0.00016471156468576
31200,-0.0004940124345012009,2.4221651847256e-05,-3.6888024508953094,3.5762787e-07,0.0,-0.29527151584625244,-0.00019763019655458792
31400,-0.000424326048232615,1.4713589052917087e-05,-3.688806265592575,2.3752452e-07,0.0,0.22691065073013306,-0.00013803739699733142
31600,-0.0007221315172500908,3.796595324274676e-05,-3.6888046979904177,4.9471856e-07,0.0,0.05368691682815552,-0.0002360729638748449
31800,-0.00032344256760552526,3.193327888766362e-05,-3.688798075914383,2.6017426e-07,0.0,-0.1861046552658081,-0.00014811022672915896
32000,-0.0003839255659841001,1.2998442548450839e-05,-3.6888016283512117,3.3378603e-07,0.0,-0.4099539518356323,-0.00017768347342590475
32200,-0.0004392435366753489,3.727851903931878e-05,-3.6887985944747923,3.2901764e-07,0.0,0.03910863399505615,-0.00018689715948680963
32400,-0.0004353075346443802,1.8867200014938135e-05,-3.6887926876544954,2.0354986e-07,0.0,-0.006409406661987305,-0.00010447658654482162
32600,-0.00016965364920906723,3.186778099006915e-05,-3.6887947857379912,2.399087e-07,0.0,0.057652831077575684,-0.00014382104657002516
32800,-0.0006037913844920695,2.7198110183235257e-05,-3.688794505596161,5.277991e-07,0.0,0.2005276083946228,-0.00024151793041431445
33000,-0.0003625316312536597,3.53224218088144e-05,-3.6887956321239472,2.3216009e-07,0.0,-0.04231083393096924,-0.00013166677301361672
33200,-0.00034458370646461844,1.9224476636736655e-05,-3.6887924909591674,4.61936e-07,0.0,0.22881263494491577,-0.00022681227317513652
33400,-0.0003941755276173353,1.5620775775460062e-05,-3.6887856006622313,3.7074088e-07,0.0,-0.21530544757843018,-0.00016910925865900594
33600,-0.0003964770003221929,2.1994886856191444e-05,-3.6887871086597444,3.427267e-07,0.0,0.1711961030960083,-0.00017139145159537073
33800,-0.0006733862101100385,1.6001333915482973e-05,-3.6887823164463045,5.429983e-07,0.0,0.1354408860206604,-0.00021546300552790498
34000,-0.0002932304341811687,7.24195469388178e-06,-3.6887928664684297,2.6017426e-07,0.0,0.2147153615951538,-0.00014201317474817898
34200,-0.0005004705162718892,2.559757817834907e-05,-3.6887869417667387,3.9756299e-07,0.0,-0.04800546169281006,-0.0002048284101097364
34400,-0.0003663203679025173,1.5713804623374016e-05,-3.6887838304042817,4.082918e-07,0.0,0.13764464855194092,-0.00021231494864606403
34600,-0.00037629069993272424,3.447455328569049e-05,-3.6887805342674254,4.6670436e-07,0.0,0.06162607669830322,-0.0002073131956669805
34800,-0.0005206855712458491,5.373838012019405e-05,-3.6887879967689514,3.054738e-07,0.0,0.03558778762817383,-0.00017823798945948433
35000,-0.000614733318798244,1.686760242591845e-05,-3.6887892127037047,3.4004452e-07,0.0,0.05651587247848511,-0.00019702908394685358
35200,-0.00023582897847518325,1.1776566839216685e-05,-3.688779467344284,3.0338765e-07,0.0,0.043691158294677734,-0.00014128273850446682
35400,-0.00047200641711242497,2.981864990942995e-05,-3.6887800335884093,3.388524e-07,0.0,0.14602971076965332,-0.00017416667890837178
35600,-0.0004739728174172342,2.1130445452399728e-05,-3.6887824475765227,3.5077332e-07,0.0,0.10236102342605591,-0.00018084773401794152
35800,-0.0003601865319069475,2.283367475683917e-05,-3.688775396347046,3.1799078e-07,0.0,-0.08055949211120605,-0.00016277864528522202
36000,-0.0004305497568566352,2.8838078605986084e-05,-3.688782626390457,4.0590766e-07,0.0,0.17152607440948486,-0.0001913499537071095
36200,-0.0006696312339045107,3.5498064244166015e-05,-3.6887767612934113,4.4822696e-07,0.0,-0.1342097520828247,-0.00020443475135802913
36400,-0.00029148199246264994,2.5954356942747836e-05,-3.6887825310230253,3.0905008e-07,0.0,0.03864610195159912,-0.00015382523861897645
36600,-0.00014690640091430396,1.1222467583138495e-05,-3.688770067691803,4.3541195e-07,0.0,0.13832765817642212,-0.00014623464516505535
36800,-0.00025146204279735684,3.740181441571622e-05,-3.68877335190773,2.5361777e-07,0.0,0.042529404163360596,-0.00013649789915217702
37000,-0.0004534860490821302,8.586077012751047e-06,-3.6887741804122927,4.2140485e-07,0.0,0.19128566980361938,-0.00019730512864817306
37200,-0.0002610391238704324,1.6390438099733727e-05,-3.6887669563293457,3.361702e-07,0.0,0.23187720775604248,-0.00016945546946953716
37400,-0.00040441847522743046,1.6911086527215956e-05,-3.6887731313705445,4.953146e-07,0.0,0.13382351398468018,-0.000248677990763424
37600,-0.0005929771577939391,2.2307552717393266e-05,-3.6887587308883667,5.7578086e-07,0.0,0.03395968675613403,-0.00020749906521950746
37800,-0.00028032410773448646,2.0552426235553867e-05,-3.688768070936203,2.8431415e-07,0.0,-0.12639081478118896,-0.00012102393895658814
38000,-0.0005399815854616463,3.769859195017489e-05,-3.688772213459015,3.6656854e-07,0.0,-0.012773633003234863,-0.00019833026997062575
38200,-0.000463691889308393,1.6349851762242906e-05,-3.6887628853321077,3.746152e-07,0.0,-0.502429723739624,-0.00018984726014878995
38400,-0.0005158836138434708,1.6591901226092886e-05,-3.688764727115631,4.196167e-07,0.0,0.1260586977005005,-0.00019047671582381743
38600,-0.00015037939010653645,3.356842721586872e-05,-3.688766098022461,4.0799378e-07,0.0,0.08803379535675049,-0.00018837075472446507
38800,-0.00048491006600670516,2.164402089874784e-05,-3.6887759447097777,3.3289194e-07,0.0,-0.3429734706878662,-0.00018054452725948522
39000,-0.0005803508101962507,2.0264004592718266e-05,-3.68877854347229,5.0991775e-07,0.0,-0.09781813621520996,-0.0002476470578685608
39200,-0.00027846128796227276,1.4580687297893746e-05,-3.688775432109833,3.8623813e-07,0.0,0.022945046424865723,-0.00017648343810372502
39400,-0.00041803321801126003,4.690559799200855e-05,-3.6887724816799166,2.69711e-07,0.0,0.12554240226745605,-0.00014958464473728837
39600,-0.0004861046327278018,4.042107411805773e-05,-3.6887682735919953,3.257394e-07,0.0,-0.06995189189910889,-0.00015465809369350492
39800,-0.00031038769520819187,1.4351867730511002e-05,-3.6887602508068085,2.6613475e-07,0.0,-0.09776163101196289,-0.0001555551435324265
40000,-0.0005216808058321476,3.10710412577464e-05,-3.688774037361145,2.8908252e-07,0.0,0.049620628356933594,-0.00017012904708009203
40200,-0.0002894682402256876,4.0213104102804206e-05,-3.688744968175888,3.7461518e-07,0.0,-0.19730448722839355,-0.000153708861653179
40400,-0.00036756921326741576,2.556107988311851e-05,-3.688763219118118,4.6938655e-07,0.0,0.3162314295768738,-0.00019328863272667364
40600,-0.0002448701416142285,2.4927822869358353e-05,-3.688749521970749,2.9057264e-07,0.0,-0.1436319351196289,-0.00013999649758205112
40800,-0.0004035329620819539,3.2212547284871104e-05,-3.6887546300888063,3.2782555e-07,0.0,-0.05959296226501465,-0.00015134040920123938
41000,-0.0003916302521247417,1.7887937997329572e-05,-3.6887570321559906,2.655387e-07,0.0,0.04136240482330322,-0.00014115538567442963
41200,-0.00046081753680482507,2.3849790341046174e-05,-3.688751983642578,3.5643575e-07,0.0,-0.01905977725982666,-0.00020444875982503775
41400,-0.0003849712375085801,6.120898606241099e-05,-3.6887631893157957,2.0593404e-07,0.0,0.12276870012283325,-0.00013544326856553823
41600,-0.00032913932227529585,1.626630721602851e-05,-3.6887509703636168,3.8057567e-07,0.0,0.17244452238082886,-0.00021544612374304605
41800,-0.0004545519477687776,7.305989929591305e-05,-3.6887464225292206,3.954768e-07,0.0,-0.037218689918518066,-0.00016403520094727676
42000,-0.00017847178969532251,2.9548948714364087e-05,-3.6887360513210297,5.3673983e-07,0.0,0.024332106113433838,-0.00019888223820863082
42200,-0.00042951625073328614,9.057262002443166e-06,-3.688747578859329,4.1753054e-07,0.0,-0.21153104305267334,-0.00020452200541853927
42400,-0.00024521685554645956,1.0702234294512892e-05,-3.688761627674103,2.646446e-07,0.0,0.2451772689819336,-0.0001246654390919255
42600,-0.00042143085738644004,1.4445806687035657e-05,-3.6887597858905794,4.2557718e-07,0.0,0.012174248695373535,-0.0002185146859485565
42800,-0.0006376756937243044,2.3559255805594147e-05,-3.6887568652629854,4.848838e-07,0.0,0.14881807565689087,-0.00024548657134282337
43000,-0.0007937411428429186,1.3919783407345676e-05,-3.6887604534626006,7.3373315e-07,0.0,-0.06267321109771729,-0.00029111295214194753
43200,-0.0005376388435252011,2.0053346042914198e-05,-3.688750112056732,4.789233e-07,0.0,0.10243082046508789,-0.00019366948667949303
43400,-0.00031181826489046216,1.876823134807637e-05,-3.688775044679642,2.1666288e-07,0.0,0.1448681354522705,-0.00013186787788754817
43600,-0.0002206570643465966,3.383007961019757e-05,-3.6887493312358854,3.7461518e-07,0.0,0.1329277753829956,-0.00016015722709812608
43800,-0.0003413398517295718,1.378690258206916e-05,-3.688763988018036,1.6480685e-07,0.0,0.2870748043060303,-9.840796920170813e-05
44000,-0.000482858216855675,2.3978767785592936e-05,-3.6887482523918154,4.2945146e-07,0.0,0.007330715656280518,-0.00018460464444536306
44200,-0.00040726608131080866,1.4261690967032337e-05,-3.6887524127960205,3.388524e-07,0.0,0.008296608924865723,-0.00016462334970535064
44400,-0.00032323511550202966,2.481828905729344e-05,-3.688766378164291,3.2901767e-07,0.0,-0.03586173057556152,-0.00015038475288520203
44600,-0.00026038940995931625,1.902888725453522e-05,-3.688754254579544,3.942847e-07,0.0,0.01847386360168457,-0.0001920977974464222
44800,-0.000375049450667575,2.1865053759029253e-05,-3.6887618362903596,3.248453e-07,0.0,0.060809552669525146,-0.00015060107425552972
45000,-0.0004542788374237716,3.3310994876956104e-05,-3.688758486509323,3.358722e-07,0.0,0.12077975273132324,-0.0001638939830122421
45200,-0.000600716914050281,1.6132139671753974e-05,-3.6887568056583406,4.029274e-07,0.0,-0.14047646522521973,-0.00018994580161164621
45400,-0.0006090328679420054,2.041321049546241e-05,-3.6887564778327944,5.915761e-07,0.0,0.16013121604919434,-0.00023383590685739365
45600,-0.0006208213744685054,1.1716024175711937e-05,-3.688763028383255,4.9114226e-07,0.0,-0.0007501840591430664,-0.0002417828938355182
45800,-0.00021548743825405836,3.681608372971823e-05,-3.6887710630893706,3.1143426e-07,0.0,0.07739508152008057,-0.00014519074500600747
46000,-0.0004941565566696227,5.502733356479439e-05,-3.688775098323822,3.784895e-07,0.0,0.17340177297592163,-0.00021204494016449082
46200,-0.0006325319409370422,1.2685512058396852e-05,-3.6887592911720275,4.2647122e-07,0.0,-0.20373046398162842,-0.00021238520019708495
46400,-0.0003120476321782917,3.090801296821155e-05,-3.6887730062007904,3.0964614e-07,0.0,-0.02765524387359619,-0.00017156127059633208
46600,-0.00029612204525619745,2.232293761608162e-05,-3.688771206140518,1.5199184e-07,0.0,-0.14398694038391113,-8.866228223791683e-05
46800,-0.00047488915151916444,1.0624341973652917e-05,-3.688776409626007,2.7120115e-07,0.0,0.20481038093566895,-0.00015502428945819436
47000,-0.00029918935615569353,2.5120509167209094e-05,-3.688784259557724,2.449751e-07,0.0,0.12162613868713379,-0.0001369207813513462
47200,-0.00033487373730167747,2.3559203691547735e-05,-3.6887723088264464,3.6865472e-07,0.0,0.08367341756820679,-0.00019134877682085437
47400,-0.0005630773957818747,1.529164721887355e-05,-3.688773012161255,6.228685e-07,0.0,-0.03305315971374512,-0.00027009527577313006
47600,-0.0007366791251115501,2.558130611305387e-05,-3.6887721002101896,5.7578086e-07,0.0,0.0014654994010925293,-0.00024674509631813504
47800,-0.0003236379998270422,1.4611069559578027e-05,-3.688769042491913,3.0606986e-07,0.0,0.01539754867553711,-0.00013490197034973228
48000,-0.00048547028563916683,2.3902738985270843e-05,-3.6887771129608153,3.9339068e-07,0.0,0.11985945701599121,-0.00020291639142606678
48200,-0.00032973982160910964,3.1047784659676836e-05,-3.6887857973575593,3.4183265e-07,0.0,0.1059654951095581,-0.00016803935092140064
48400,-0.000414355774410069,2.0065585431439104e-05,-3.6887850046157835,3.579259e-07,0.0,0.06856751441955566,-0.00017304621824747456
48600,-0.00030991394305601716,1.508623927293229e-05,-3.6887670516967774,5.823374e-07,0.0,0.13087183237075806,-0.00021676275800643907
48800,-0.0005401538801379502,1.2591626637004083e-05,-3.6887709498405457,5.683303e-07,0.0,-0.19926631450653076,-0.00027709591302000903
49000,-0.0005123334121890366,3.35932955294993e-05,-3.6887558698654175,5.230308e-07,0.0,0.01717197895050049,-0.0002096784257223483
49200,-0.0005858433432877064,3.263797625550069e-05,-3.6887635469436644,5.117059e-07,0.0,-0.035449862480163574,-0.00024355207505686317
49400,-0.0005973594961687922,1.243171018359135e-05,-3.6887681603431703,5.2660704e-07,0.0,-0.3002218008041382,-0.00026425892806323235
49600,-0.00046864181058481336,1.6815478534226714e-05,-3.6887535989284514,3.913045e-07,0.0,0.1371840238571167,-0.00018414054419686466
49800,-0.0005324551602825522,1.98839597260303e-05,-3.688781863451004,4.568696e-07,0.0,0.20344030857086182,-0.00024367109536889143
50000,-0.000671659829095006,1.4048375555830717e-05,-3.6887592017650603,6.735325e-07,0.0,0.005810737609863281,-0.0002780748760301766
50200,-0.0005449671298265457,1.27494787420801e-05,-3.6887614369392394,4.7683716e-07,0.0,0.10174345970153809,-0.00022467055189214768
50400,-0.0005121646681800485,2.086422912270791e-05,-3.6887505054473877,3.936887e-07,0.0,-0.06022202968597412,-0.0001791790721257236
50600,-0.0004785600758623332,2.086502809106605e-05,-3.6887591898441316,3.6925078e-07,0.0,0.099201500415802,-0.0001873843213559212
50800,-0.0004637697711586952,2.4895750493669765e-05,-3.6887540578842164,4.991889e-07,0.0,0.03869771957397461,-0.00021244006570668715
51000,-0.0004645727458409965,2.3345045701717026e-05,-3.6887583792209626,4.348159e-07,0.0,0.10197198390960693,-0.00022340058842309495
51200,-0.00026187318144366145,2.003071244871535e-05,-3.6887573540210723,3.910065e-07,0.0,0.11156976222991943,-0.0001859227343284253
51400,-0.000422048382461071,1.3653724465712003e-05,-3.688742274045944,3.3050776e-07,0.0,-0.002396821975708008,-0.00018031679151078172
51600,-0.00025037198793143034,2.7109584652862396e-05,-3.688749462366104,2.7686357e-07,0.0,0.1720128059387207,-0.0001558852928775334
51800,-0.0004354656848590821,2.6165134795519406e-05,-3.6887547791004183,2.3573637e-07,0.0,-0.0350266695022583,-0.00014830555085492135
52000,-0.0004360881575848907,4.451376194083423e-05,-3.688750374317169,3.7819146e-07,0.0,0.14107871055603027,-0.00017941135596468704
52200,-0.00027222081553190947,1.7080676229852543e-05,-3.6887337028980256,3.2246112e-07,0.0,-0.11508989334106445,-0.0001409167781916354
52400,-0.000731685955543071,1.6098035871436878e-05,-3.6887411415576934,4.8995014e-07,0.0,0.0043128132820129395,-0.00022246164025228055
52600,-0.00032675452530384064,1.3790063599117275e-05,-3.6887476205825807,2.9563904e-07,0.0,0.06223028898239136,-0.00014967456376917542
52800,-0.0004974707262590528,1.1530594269970606e-05,-3.6887493789196015,4.184246e-07,0.0,0.018110454082489014,-0.00022172102284274687
53000,-0.00023034853802528232,1.9970684570580487e-05,-3.688743931055069,1.92523e-07,0.0,0.05449122190475464,-0.00010098211400562107
53200,-0.00023559023975394666,6.332215516522411e-05,-3.688757508993149,3.1381845e-07,0.0,0.06355249881744385,-0.00016562277102809552
53400,-0.0004519886279013008,3.69916136151005e-05,-3.688740438222885,4.0739775e-07,0.0,-0.08125603199005127,-0.00017801927226837044
53600,-0.00037383398739621043,4.315111318646814e-05,-3.688732463121414,3.9607286e-07,0.0,0.040859222412109375,-0.0001784779429978123
53800,-0.0004186009173281491,2.7324195980327203e-05,-3.688723826408386,4.673004e-07,0.0,0.13909482955932617,-0.00021526665992723792
54000,-0.00024949212092906237,2.985874111800513e-05,-3.6887493193149568,3.0606984e-07,0.0,-0.06790101528167725,-0.00015355857350005664
54200,-0.00047737627755850554,2.1915261686444865e-05,-3.6887317836284637,3.731251e-07,0.0,0.20295166969299316,-0.00022014852158438458
54400,-0.00046186393592506647,1.5075152737153985e-05,-3.6887454628944396,3.5613775e-07,0.0,0.016009509563446045,-0.00017542475499703335
54600,-0.00045551525545306504,1.664532169343147e-05,-3.688749039173126,2.8014182e-07,0.0,0.12828689813613892,-0.00015566038984218266
54800,-0.0005263117491267622,2.3606926129104976e-05,-3.6887400448322296,6.303191e-07,0.0,0.1295049786567688,-0.0002727087739271994
55000,-0.0007113156607374549,2.0082006540178553e-05,-3.6887393951416017,6.2018637e-07,0.0,0.11340051889419556,-0.0002741357219875895
55200,-0.00039286038372665644,2.5696675697872708e-05,-3.68872674703598,5.838275e-07,0.0,0.027950584888458252,-0.00023667873309987097
55400,-0.0005032607004977763,1.99363850242662e-05,-3.68875772356987,3.1590463e-07,0.0,0.22397971153259277,-0.00017386697182348866
55600,-0.00027535727713257074,1.4886649887557724e-05,-3.688740795850754,3.07858e-07,0.0,-0.12163937091827393,-0.0001851756428309259
55800,-0.0005870658787898719,3.317612181490404e-05,-3.6887245535850526,4.1633842e-07,0.0,0.01909160614013672,-0.00020158033127359865
56000,-0.000574050354771316,2.993348575728305e-05,-3.6887252748012545,4.8846005e-07,0.0,0.13809853792190552,-0.00021692338109426945
56200,-0.0004324442124925554,0.0001206748012918979,-3.688745564222336,3.5852196e-07,0.0,-8.952617645263672e-05,-0.00016763383919906615
56400,-0.0004252621438354254,2.5887491574394517e-05,-3.6887227058410645,3.6031008e-07,0.0,-0.217035174369812,-0.00020902720177786715
56600,-0.0003372992214281112,2.0040005824739638e-05,-3.6887051463127136,4.2915346e-07,0.0,0.02400338649749756,-0.0001792103499289155
56800,-0.0003482614702079445,1.5318468354053038e-05,-3.6887114107608796,3.4749507e-07,0.0,-0.06274402141571045,-0.00015914870800508573
57000,-0.0004992697504349053,1.9424822539804154e-05,-3.6887080013751983,5.2511695e-07,0.0,0.13410699367523193,-0.0002410814885679402
57200,-0.0004426026716828346,1.4885177051837672e-05,-3.6887010097503663,5.686283e-07,0.0,-0.03069901466369629,-0.00022701316268651793
57400,-0.0007827726076357067,1.2894509757188643e-05,-3.688696563243866,6.559491e-07,0.0,0.11673903465270996,-0.00026092645672513013
57600,-0.00036380154779180884,1.2312180285789508e-05,-3.6887020647525786,3.5345553e-07,0.0,-0.24683678150177002,-0.00015702323599269262
57800,-0.00045572739327326417,6.811002350559647e-06,-3.68871613740921,3.5583972e-07,0.0,-0.09295785427093506,-0.00016281069833983252
58000,-0.0005180176813155413,2.9106088368280326e-05,-3.6886909902095795,4.4941902e-07,0.0,0.08171308040618896,-0.00021200603393491945
58200,-0.0005111921345815063,1.8114599993168667e-05,-3.688688522577286,2.5689602e-07,0.0,0.1525665521621704,-0.00012929543446182912
58400,-0.0004009243566542864,1.8576154707261595e-05,-3.6887001395225525,3.6448242e-07,0.0,0.02763187885284424,-0.0001701114509286339
58600,-0.0003132235142402351,1.721126852771704e-05,-3.6886963188648223,5.0216914e-07,0.0,0.0863226056098938,-0.00020029863652730738
58800,-0.0002837070496752858,2.07700347118589e-05,-3.6887019872665405,7.0869925e-07,0.0,0.1037217378616333,-0.00028152917236456965
59000,-0.0005222841282375157,3.276673910477257e-05,-3.6887023866176607,6.353855e-07,0.0,0.1720241904258728,-0.0002281068132581665
59200,-0.00022178268409334123,1.393692396050028e-05,-3.688735765218735,3.0606986e-07,0.0,-0.024997353553771973,-0.00016113712625114295
59400,-0.00036318012280389667,2.0415508424775906e-05,-3.6887014865875245,3.5911796e-07,0.0,0.12134575843811035,-0.00019941820086553098
59600,-0.00011340803757775575,1.2169941260253837e-05,-3.6886747062206267,4.5776366e-07,0.0,0.0037240982055664062,-0.0001877390635775189
59800,-0.0003666511329356581,1.996905643864011e-05,-3.6887005984783174,5.4985287e-07,0.0,0.12761789560317993,-0.00020805997133197806
60000,-0.00045622725156135857,1.882243107047543e-05,-3.6886995434761047,5.447865e-07,0.0,0.02344334125518799,-0.00023857280010725068
60200,-0.0004324024775996804,1.610916842764709e-05,-3.688688850402832,3.8534404e-07,0.0,0.12243831157684326,-0.00015634177578625064
60400,-0.0004451773129403591,1.875950954399741e-05,-3.688701331615448,4.6074388e-07,0.0,0.11619836091995239,-0.00018187975383352484
60600,-0.0003176566679030657,3.263996304667671e-05,-3.6887240946292876,2.977252e-07,0.0,0.06428635120391846,-0.00017888406002697366
60800,-0.0003274796181358397,1.2990336745133391e-05,-3.688717836141586,2.5182962e-07,0.0,-0.12082314491271973,-0.0001378204265885863
61000,-0.0004088733985554427,1.817547479276982e-05,-3.688684344291687,4.7683716e-07,0.0,0.019191861152648926,-0.000221845893956929
61200,-0.00021952411043457687,1.3813668738293928e-05,-3.6887170135974885,3.7044285e-07,0.0,0.020703673362731934,-0.00016229426812924412
61400,-0.00044314126716926694,1.2925009582431812e-05,-3.688692981004715,3.5136938e-07,0.0,0.18758034706115723,-0.00016487600563808158
61600,-0.0004524366231635213,2.8271494556975085e-05,-3.6887105226516725,4.3302776e-07,0.0,-0.11471641063690186,-0.00020986060890990644
61800,-0.0005203764303587377,1.1595622891036327e-05,-3.6887292921543122,4.568696e-07,0.0,0.15583282709121704,-0.00024160154285221002
62000,-0.00016372301615774632,2.4009456365092773e-05,-3.6887069046497345,2.6166438e-07,0.0,0.13072246313095093,-0.00014281541178355893
62200,-0.0005124482559040189,1.0692255216326885e-05,-3.6887059807777405,3.1024217e-07,0.0,0.21455204486846924,-0.0001514721513274253
62400,-0.00040192317101173103,2.7754446546168764e-05,-3.6887080311775207,3.576279e-07,0.0,-0.06955420970916748,-0.0001791027786410826
62600,-0.00037643834366463125,1.5574371491311468e-05,-3.6887036681175234,3.9994717e-07,0.0,0.060587942600250244,-0.00020230013115183355
62800,-0.00026821097708307207,6.42463392978243e-05,-3.688706523180008,3.373623e-07,0.0,0.07980245351791382,-0.00013954028493625703
63000,-0.0003871299559250474,2.3041910662868758e-05,-3.688723307847977,2.1278859e-07,0.0,0.04181259870529175,-0.00013236577062571974
63200,-0.00040859414730221033,1.9350978209331516e-05,-3.688722825050354,3.2126903e-07,0.0,0.09100878238677979,-0.00017832016907698423
63400,-0.0006759879179298878,2.5884801334541408e-05,-3.688691830635071,6.4164396e-07,0.0,-0.039603233337402344,-0.00022826223120682166
63600,-0.0003706711286213249,1.9734263196369285e-05,-3.6887049436569215,3.764033e-07,0.0,-0.05178940296173096,-0.0001716232149844954
63800,-0.0003229442809242755,1.8808771324074768e-05,-3.6886891663074493,3.707409e-07,0.0,0.03513896465301514,-0.0001925876137206295
64000,-0.0003515497373882681,1.8451185223966603e-05,-3.6886861085891725,3.4630298e-07,0.0,0.0007876157760620117,-0.00017131592327359612
64200,-0.0005129610653966665,4.432579835338402e-05,-3.688699758052826,3.2007694e-07,0.0,0.08853864669799805,-0.0001619644753359406
64400,-0.00038104187115095556,2.0949717554685777e-05,-3.6886765897274016,4.628301e-07,0.0,-0.08170104026794434,-0.00018712620596199602
64600,-0.0004361478495411575,1.303137569266255e-05,-3.6886674523353578,4.4018032e-07,0.0,0.0866667628288269,-0.00017588000796855407
64800,-0.0004915844183415174,1.3437563666229835e-05,-3.688677555322647,3.8444998e-07,0.0,-0.010465860366821289,-0.0001938997944248566
65000,-0.0006067428039386868,2.6605622451825184e-05,-3.6886782884597777,3.629923e-07,0.0,-0.0008454322814941406,-0.00018343477028838208
65200,-0.0004012824210803956,1.7680129326436143e-05,-3.688669741153717,4.10378e-07,0.0,0.17687422037124634,-0.00020273050788306436
65400,-0.0004509509599301964,3.200193978045718e-05,-3.688670778274536,6.1392785e-07,0.0,0.020019233226776123,-0.00025796456481940177
65600,-0.00043135310988873243,1.2559564493130892e-05,-3.6887109339237214,2.6971102e-07,0.0,0.07740861177444458,-0.00015984661987555882
65800,-0.0004192408814560622,2.0767031651303113e-05,-3.688671904802322,4.5627357e-07,0.0,0.04997783899307251,-0.00016604629163590178
66000,-0.0006597726605832577,1.7470144075559802e-05,-3.688687711954117,5.555153e-07,0.0,0.18748480081558228,-0.00023708541926330539
66200,-0.000440298521425575,2.2875237027619734e-05,-3.688673573732376,3.7938355e-07,0.0,0.1322096586227417,-0.00017070640607066422
66400,-0.0005565350875258446,1.734722181936377e-05,-3.688654839992523,6.785989e-07,0.0,-0.11927175521850586,-0.00023362457745381703
66600,-0.00020243151811882854,6.843456931164838e-05,-3.688695478439331,2.208352e-07,0.0,-0.021663308143615723,-0.00011499282723258508
66800,-0.00037657583015970886,2.782715482680942e-05,-3.688664197921753,5.748868e-07,0.0,0.1160549521446228,-0.00020718278663844902
67000,-0.00030996784335002303,1.7631686978347717e-05,-3.688671809434891,2.7984382e-07,0.0,0.00875556468963623,-0.00014034093913459778
67200,-0.0004859918844886124,1.7776899812815828e-05,-3.6886667370796205,3.7431715e-07,0.0,0.14902907609939575,-0.00019062785714316633
67400,-0.00042286101961508393,1.2368385318950459e-05,-3.6886796832084654,4.091859e-07,0.0,0.14462822675704956,-0.0001787841625460862
67600,-0.0006607035757042468,2.785766737360973e-05,-3.688651841878891,3.8951634e-07,0.0,0.17417913675308228,-0.00018791431228035727
67800,-0.00046947464579716325,4.203690646136238e-05,-3.6886680126190186,5.7756904e-07,0.0,-0.0058019161224365234,-0.00022832253552302896
68000,-0.00030981568852439523,3.1364975211545246e-05,-3.6886740803718565,2.7686357e-07,0.0,0.11516481637954712,-0.00014259969426597686
68200,-0.000579743180423975,4.613154324033531e-05,-3.688678950071335,5.5462124e-07,0.0,0.11315000057220459,-0.00024027310779456968
68400,-0.0003055670822504908,1.658130574924144e-05,-3.68869389295578,3.167987e-07,0.0,0.16844260692596436,-0.00016799895507391138
68600,-0.00028513302095234394,1.636885911011632e-05,-3.688678926229477,2.4616716e-07,0.0,-0.09293234348297119,-0.00013682187979315862
68800,-0.0002681284677237272,1.3973493014418637e-05,-3.6887041211128233,2.5242568e-07,0.0,-0.033398985862731934,-0.00014478272586291308
69000,-0.0003705431008711457,1.8329422277929553e-05,-3.68866651058197,3.7252903e-07,0.0,0.04837232828140259,-0.00017173847543361376
69200,-0.0004152870096731931,2.4090141937449517e-05,-3.6886735200881957,3.772974e-07,0.0,0.09707826375961304,-0.00017334586306425593
69400,-0.00044227164471521974,2.09914093147745e-05,-3.6886677384376525,3.0100344e-07,0.0,-0.03876805305480957,-0.00014999338968981756
69600,-0.000424672121880576,1.767799885783461e-05,-3.6886455059051513,5.9187414e-07,0.0,-0.0075414180755615234,-0.0002487622508311915
69800,-0.0004019697953481227,2.561482704095397e-05,-3.6886930644512175,2.4169682e-07,0.0,-0.04843294620513916,-0.00013101883215562715
70000,-0.00040965413791127503,4.2785426103364443e-05,-3.6886875212192534,2.8163197e-07,0.0,0.09724217653274536,-0.00015930405224393596
70200,-0.0007709057535976171,1.624956573778036e-05,-3.688663125038147,6.9856645e-07,0.0,-0.06264972686767578,-0.0002525125138971518
70400,-0.00032050543813966215,2.3749811725792823e-05,-3.6886719465255737,3.4719704e-07,0.0,0.16820144653320312,-0.00016840100199602137
70600,-0.0004442908684723079,1.0363243893607432e-05,-3.688682699203491,3.3229588e-07,0.0,-0.07248342037200928,-0.00017353146604290326
70800,-0.000447917846031487,2.3308105687647186e-05,-3.6887103259563445,3.4540892e-07,0.0,0.09271794557571411,-0.00018351916095391552
71000,-0.00040593455196358263,1.2465798477023782e-05,-3.6886652410030365,3.388524e-07,0.0,-0.060251712799072266,-0.00016667762279505284
71200,-0.00039767587441019714,3.289607434453501e-05,-3.688641977310181,6.2048434e-07,0.0,0.025529682636260986,-0.00023583571614846922
71400,-0.0004906926769763231,1.49663713159498e-05,-3.6886810541152952,4.848838e-07,0.0,-0.023499250411987305,-0.00020683196252525572
71600,-0.0003773151838686317,1.8504461172597077e-05,-3.688648921251297,4.759431e-07,0.0,0.04517650604248047,-0.00019735682020161072
71800,-0.0004102635139133781,1.3356337922232342e-05,-3.688654971122742,4.923344e-07,0.0,0.09164273738861084,-0.00020503197474806001
72000,-0.00032345933141186833,4.37277300079586e-05,-3.688639152050018,3.859401e-07,0.0,0.07714962959289551,-0.00016459703369082758
72200,-0.00030432804487645626,4.2074170778505504e-05,-3.688675594329834,4.0560963e-07,0.0,0.06316912174224854,-0.00019967544730734588
72400,-0.0004281396104488522,6.0683123774651906e-05,-3.6886458694934845,4.2617322e-07,0.0,0.06136852502822876,-0.00018684651044527102
72600,-0.00037319905823096633,1.5256470055646787e-05,-3.688688611984253,4.377961e-07,0.0,-0.2932918071746826,-0.00024610549009782543
72800,-0.0006924736662767828,3.442293691477971e-05,-3.688651216030121,4.7236682e-07,0.0,0.012762486934661865,-0.00024073416830925343
73000,-0.00043177721090614796,1.2097752642148406e-05,-3.688648360967636,3.641844e-07,0.0,0.0829724669456482,-0.00017197258075341004
73200,-0.0006441580480895936,2.1528007869164868e-05,-3.688647985458374,6.5892937e-07,0.0,0.21782273054122925,-0.00024634367260045753
73400,-0.0004072831361554563,1.345777448023e-05,-3.6886641085147858,3.939867e-07,0.0,0.12156015634536743,-0.00019477677458961117
73600,-0.0003843519079964608,1.312225622314145e-05,-3.68866086602211,3.2514333e-07,0.0,-0.008505940437316895,-0.00016583429373973058
73800,-0.0005545716849155724,1.2099742059490382e-05,-3.6886975347995756,3.784895e-07,0.0,0.0816914439201355,-0.00019689361721138
74000,-0.00023702584439888597,1.5708859461938118e-05,-3.6886960923671723,3.5107138e-07,0.0,-0.054569244384765625,-0.00015482059882128142
74200,-0.00026029578293673694,1.8952343862110865e-05,-3.688676345348358,2.7269124e-07,0.0,-0.0010442733764648438,-0.00014289632381734308
74400,-0.0002621271414682269,2.248936302748916e-05,-3.688647377490997,3.9070844e-07,0.0,0.05406719446182251,-0.00018749687078749576
74600,-0.0005716704181395471,1.769947571119701e-05,-3.688638323545456,5.0634145e-07,0.0,0.039923906326293945,-0.0002054046161459877
74800,-0.0004038760089315474,3.2672019369783814e-05,-3.6886601209640504,4.2676925e-07,0.0,0.02676260471343994,-0.00022159503548937475
75000,-0.0003988373791798949,1.1584857895741152e-05,-3.6886759221553804,2.7477742e-07,0.0,-0.08210432529449463,-0.00014654347303020288
75200,-0.0003663483075797558,1.4482021083495055e-05,-3.688643103837967,3.5494566e-07,0.0,-0.07918262481689453,-0.00014420971179096576
75400,-0.0005656591383740306,1.985446140224667e-05,-3.6886874437332153,3.0070544e-07,0.0,0.08958232402801514,-0.00019875693482643842
75600,-0.000553836754988879,2.934893686870055e-05,-3.6886622428894045,4.4465065e-07,0.0,0.0599328875541687,-0.00019286993212370708
75800,-0.0002703385835047811,1.1988510505034355e-05,-3.6886403024196626,3.7282706e-07,0.0,0.12986451387405396,-0.0001619080899758707
76000,-0.0005090609774924815,2.9380346040852602e-05,-3.688655990362167,3.489852e-07,0.0,-0.0023659467697143555,-0.0001858323826048558
76200,-0.0005826426786370575,1.885915899038082e-05,-3.6886946141719816,2.8729437e-07,0.0,0.11108261346817017,-0.00015223951621252675
76400,-0.0004666332097258419,2.3526159202447162e-05,-3.688624322414398,3.9607286e-07,0.0,-0.08214735984802246,-0.00018849119437072125
76600,-0.00018796295626088977,1.6814356513350504e-05,-3.68868550658226,2.4169685e-07,0.0,-0.09476268291473389,-0.00013596691179840192
76800,-0.0006102861370891333,2.488923910277663e-05,-3.688632845878601,5.763769e-07,0.0,0.09959197044372559,-0.0002354974593230086
77000,-0.0003284018603153527,1.3290623951434099e-05,-3.6886536478996277,3.0875205e-07,0.0,0.05640745162963867,-0.0001473408417901556
77200,-0.0004929409478791058,1.761164996878506e-05,-3.688657212257385,5.322695e-07,0.0,0.0326998233795166,-0.00018758285151818655
77400,-0.0006006333278492093,1.8586937017062155e-05,-3.6886981248855593,3.9726496e-07,0.0,0.08064216375350952,-0.0001947949404809579
77600,-0.00045152835082262754,2.1338107649171435e-05,-3.6886846363544463,4.208088e-07,0.0,0.057265639305114746,-0.00020176049370572712
77800,-0.0005006773862987757,2.7813768792839255e-05,-3.688662350177765,4.1306018e-07,0.0,0.1879655122756958,-0.00019826481094327165
78000,-9.575208969181404e-05,1.4127098893368384e-05,-3.6886722266674044,3.2693148e-07,0.0,0.0628008246421814,-0.00015160297613585615
78200,-0.0003330048348288983,1.1703746258717728e-05,-3.6886836886405945,2.9891729e-07,0.0,0.007570087909698486,-0.00015117379317475255
78400,-0.00042196412687189877,1.193873379179422e-05,-3.6886683106422424,6.869435e-07,0.0,0.08713877201080322,-0.00024359662008848203
78600,-0.0005310223787091672,8.8605430505595e-06,-3.688654583692551,5.8084726e-07,0.0,0.17372483015060425,-0.0002261065913016891
78800,-0.0005709115066565573,1.121290052878976e-05,-3.688687413930893,3.6925076e-07,0.0,-0.0013827085494995117,-0.00019992885005066797
79000,-0.0004666504974011332,2.6881760231844964e-05,-3.6886678099632264,4.4614075e-07,0.0,0.0991445779800415,-0.00020678638716775666
79200,-0.0003821227583102882,1.3568055737778196e-05,-3.68866086602211,5.421042e-07,0.0,0.09602153301239014,-0.00021230074801223964
79400,-0.0003348864847794175,3.7291598937372326e-05,-3.688630300760269,5.1289794e-07,0.0,-0.05264604091644287,-0.00019638648591921993
79600,-0.00037827304913662374,3.6582440952770415e-05,-3.68868066072464,5.111098e-07,0.0,0.06928867101669312,-0.0002292350824768641
79800,-0.00042372915777377784,3.240619057578442e-05,-3.688624161481857,4.798174e-07,0.0,0.1111745834350586,-0.00021207235842803928
80000,-0.0005830369773320854,5.7398033277422655e-05,-3.6886753678321837,4.4018032e-07,0.0,0.02781224250793457,-0.0002333550464776124
80200,-0.0004521542286965996,2.1956432556180515e-05,-3.6886666834354402,3.799796e-07,0.0,0.13705366849899292,-0.000172982260286747
80400,-0.00038675186806358397,2.657370146152971e-05,-3.6886520981788635,3.2275915e-07,0.0,0.01208716630935669,-0.0001727153195611564
80600,-0.0002698348253034055,1.0485495653256294e-05,-3.6886517286300657,4.2915346e-07,0.0,-0.9274649620056152,-0.00019385686423092351
80800,-0.0004322277382016182,6.795046027718854e-06,-3.6886453866958617,2.5212765e-07,0.0,-1.8588831424713135,-0.00013947628415422741
81000,-0.0006824605516158044,5.129587370333865e-06,-3.6886788606643677,4.786253e-07,0.0,-0.294813871383667,-0.00021801029162418217
81200,-0.0005305063677951694,3.857167423859664e-06,-3.688649904727936,4.9054626e-07,0.0,-0.1615537405014038,-0.0001867495486067128
81400,-0.0004611755721271038,2.4987242333907033e-06,-3.6886654436588286,4.8011543e-07,0.0,-1.613318920135498,-0.00020634128838210587
81600,-0.0006086653447709978,1.8749885931867994e-06,-3.688638466596603,3.7789346e-07,0.0,-0.231084942817688,-0.00020101748614933523
81800,-0.0006393324583768845,1.231632638365454e-06,-3.6886675894260406,4.0411948e-07,0.0,-1.1210107803344727,-0.00020200225701074714
82000,-0.00026855088071897626,9.54730094449019e-07,-3.688662564754486,2.7477742e-07,0.0,-0.7244565486907959,-0.00015913487894541055
82200,-0.0004121270321775228,7.068360950768238e-07,-3.6886646270751955,3.0577183e-07,0.0,-0.2823035717010498,-0.00013560378501735747
82400,-0.0003136740706395358,6.256936043058658e-07,-3.688648575544357,2.6613472e-07,0.0,-1.310736894607544,-0.00014751037839448865
82600,-0.00023102627892512828,4.7649695815721317e-07,-3.6886671423912047,1.5437602e-07,0.0,-4.724574089050293,-9.541207525760597e-05
82800,-0.0002944250882137567,3.6402458167827947e-07,-3.6886567950248716,2.9474495e-07,0.0,-1.6508631706237793,-0.00015476597926777913
83000,-0.0003114862192887813,3.619786614450504e-07,-3.688657873868942,1.8924476e-07,0.0,-7.091819763183594,-0.00011364211275157742
83200,-0.00017475800996180624,2.731618392814994e-07,-3.68866423368454,2.774596e-07,0.0,-5.552877902984619,-0.00011664511299755987
83400,-0.00037721905391663313,2.5096068725360963e-07,-3.6886736392974853,2.3841858e-07,0.0,-4.274471759796143,-0.0001249179544017931
83600,-0.000417965988162905,1.88983221072192e-07,-3.688666599988937,3.3199788e-07,0.0,-3.5540671348571777,-0.00016682278478316048
83800,-0.000244266091613099,2.2593557780226092e-07,-3.6886835277080534,2.580881e-07,0.0,-10.345935821533203,-0.00010071197133014742
84000,-0.0002531838836148381,1.9002583293570296e-07,-3.68871266245842,1.7076731e-07,0.0,-22.760587692260742,-0.000111749239156822
84200,-0.00034156470792368054,1.300082169919392e-07,-3.688653361797333,3.618002e-07,0.0,-19.97444725036621,-0.0001434552889763907
84400,-0.00027346250135451555,1.367066889912394e-07,-3.688667523860931,1.770258e-07,0.0,-18.6937313079834,-7.731489772834221e-05
84600,-0.00014047190779820085,7.489610469590957e-08,-3.68863131403923,1.7553569e-07,0.0,-12.374786376953125,-8.792818990279727e-05
84800,-0.00017372253932990134,1.468898961576315e-07,-3.6886783123016356,1.9043684e-07,0.0,-18.821500778198242,-9.304863207919567e-05
85000,-0.00035007670521736145,9.310102067061621e-08,-3.688642370700836,2.2023917e-07,0.0,-20.771718978881836,-0.00010759621799083519
85200,-0.00012057296407874674,5.3593851712108175e-08,-3.6886817872524262,1.7464161e-07,0.0,-6.686473846435547,-0.00010471584637614662
85400,-0.00018703854584600776,9.623658190349715e-08,-3.6886826515197755,1.3262033e-07,0.0,-14.219862937927246,-6.966936541084046e-05
85600,-0.00011792938312282786,6.668355458927522e-08,-3.688667219877243,1.654029e-07,0.0,-9.906883239746094,-8.68978498630213e-05
85800,-0.00024467395269311965,7.826398773502774e-08,-3.6886786222457886,2.041459e-07,0.0,-20.636934280395508,-9.563153163041349e-05
86000,-0.00020791594579350203,5.303260557365519e-08,-3.688660371303558,1.4692546e-07,0.0,-7.952157020568848,-8.258844108701701e-05
86200,-0.0004001040942966938,5.888703191736511e-08,-3.688640147447586,6.4224e-07,0.0,-2.231191396713257,-0.0001776606534011016
86400,-0.00028418487636372447,5.031134842070628e-08,-3.688626968860626,2.1070242e-07,0.0,-13.088475227355957,-8.926118417011964e-05
86600,-0.00026720354799181223,2.5748443555073663e-08,-3.6886688470840454,2.1547078e-07,0.0,-10.741331100463867,-0.00010872338635206091
86800,-0.0003844717575702816,2.43341144123832e-08,-3.6886649906635283,2.7507542e-07,0.0,-7.344509124755859,-0.00013144800078248586
87000,-0.00038323417538776994,5.9388856765707485e-08,-3.688678872585297,3.4451486e-07,0.0,-6.824155330657959,-0.00013912246786209614
87200,-0.0006207097903825343,1.9487116376115664e-08,-3.688653641939163,6.4015387e-07,0.0,-9.81079387664795,-0.0001951274028094918
87400,-0.0003448756178840995,5.2173564313307e-08,-3.688698470592499,2.810359e-07,0.0,-13.317399024963379,-0.0001141506810752202
87600,-0.0003418366250116378,1.0149909640544407e-08,-3.6886610865592955,3.889203e-07,0.0,-14.857993125915527,-0.0001720190117375786
87800,-0.00014541760901920497,2.884238070599565e-08,-3.6886593461036683,1.6778708e-07,0.0,-14.8120756149292,-7.815295041848635e-05
88000,-0.00047023218940012157,1.2017459916080497e-08,-3.6886488497257233,4.7922134e-07,0.0,-6.691144943237305,-0.00019370597729682082
88200,-0.0002607656642794609,1.4232506284628244e-08,-3.688620740175247,2.9593704e-07,0.0,-10.559389114379883,-0.00011396616312391306
88400,-0.00027698121266439557,2.0293861213716013e-08,-3.688649410009384,4.5150517e-07,0.0,-5.583601474761963,-0.00016509556744079835
88600,-0.0004727757186628878,8.373985260767824e-09,-3.688651609420776,4.0143726e-07,0.0,-10.295099258422852,-0.0001716977731018865
88800,-0.0003126333758700639,1.8824387426619183e-08,-3.6886549949645997,2.834201e-07,0.0,-13.423930168151855,-0.00011056768023527397
89000,-0.0002737606118898839,1.0992741017457064e-08,-3.688680553436279,5.3852796e-07,0.0,-3.4442334175109863,-0.00016339798300770702
89200,-0.0002669745881576091,1.95542877001742e-08,-3.688671439886093,2.0354986e-07,0.0,-11.550131797790527,-0.00010585226171513362
89400,-0.0002863051777239889,1.1964601454028667e-08,-3.6886875152587892,2.6404857e-07,0.0,-5.548974990844727,-0.00013597783413075716
89600,-0.0003800981503445655,8.320519334636955e-09,-3.688633519411087,3.299117e-07,0.0,-3.9811315536499023,-0.00013789306626350585
89800,-0.00021775931236334145,1.1698557489392413e-08,-3.688675808906555,2.0474197e-07,0.0,-6.2169060707092285,-0.00010229766387328531
90000,-0.00041461701039224863,1.0415662710094865e-08,-3.6886848151683806,3.6269427e-07,0.0,-5.210622310638428,-0.00018967899589881766
90200,-0.0004174731147941202,1.0005955808356504e-08,-3.6886563420295717,3.8176773e-07,0.0,-3.7906923294067383,-0.00015420627640803098
90400,-0.00045011984184384346,1.0796614158259388e-08,-3.688666033744812,3.2961367e-07,0.0,-4.349723815917969,-0.0001351242075679604
90600,-0.00013376071001403034,1.2275004557249503e-08,-3.6886407256126406,4.3153764e-07,0.0,-6.226422309875488,-0.00013391394947319667
90800,-0.0003690789744723588,7.012441261000646e-09,-3.6886306524276735,5.707145e-07,0.0,-5.301853656768799,-0.00019708716802187
91000,-0.0004000734188593924,5.970201771843265e-09,-3.6886881053447724,3.3676622e-07,0.0,-3.6140241622924805,-0.00015642984285875184
91200,-0.0003234349424019456,8.096686376912743e-09,-3.6886781632900236,2.256036e-07,0.0,-3.4286794662475586,-0.00010295441827457008
91400,-0.0004855463048443198,7.44208038527816e-09,-3.688673973083496,4.452467e-07,0.0,-3.1116156578063965,-0.00020870041750356005
91600,-0.00044186937157064676,1.0014570572813852e-08,-3.6887041509151457,2.6583672e-07,0.0,-8.559049606323242,-0.0001558743263124107
91800,-0.00028234111960045993,1.000385604355003e-08,-3.688700383901596,3.7968158e-07,0.0,-1.5789539813995361,-0.00016273724816278645
92000,-0.00030036497628316283,8.663049366752773e-09,-3.6886724472045898,4.4047835e-07,0.0,-2.9132118225097656,-0.00016243263970547873
92200,-0.00041021412471309304,8.038706189594792e-09,-3.6886433184146883,6.470084e-07,0.0,-6.714236736297607,-0.00019701088721424398
92400,-0.0002923814463429153,8.278959107155259e-09,-3.688703691959381,3.1143426e-07,0.0,-8.791158676147461,-0.00014344595406425852
92600,-0.00033305009128525853,6.746097436227671e-09,-3.688697725534439,2.872944e-07,0.0,-9.793625831604004,-0.0001303799755885793
92800,-0.0005202358588576317,1.3276352472946228e-08,-3.688628965616226,4.6998264e-07,0.0,-4.672855377197266,-0.00015189082948745546
93000,-0.0005534251104108989,1.143418705273902e-08,-3.6886649668216704,3.9339065e-07,0.0,-7.620718002319336,-0.00015883357809513
93200,-0.0004224813892506063,8.921890781721231e-09,-3.688678377866745,2.8640034e-07,0.0,-1.9208948612213135,-0.00014194441744606046
93400,-0.00027073975070379674,7.0267232255005755e-09,-3.6886834859848023,2.208352e-07,0.0,-6.921130657196045,-0.0001203941691098942
93600,-0.0003427269693929702,6.650781497752334e-09,-3.688688391447067,2.9861928e-07,0.0,-6.5848069190979,-0.00014348228205380843
93800,-0.0004380846512503922,1.1529528409770507e-08,-3.688648444414139,4.059076e-07,0.0,-2.764910936355591,-0.00015726133462976578
94000,-0.0003493666590657085,3.99053050603726e-09,-3.6886916518211366,2.4646522e-07,0.0,-11.674697875976562,-0.00013197213498590267
94200,-0.000386644882382825,5.398911595566602e-09,-3.688661479949951,3.20673e-07,0.0,-4.233698844909668,-0.00013594880688585497
94400,-0.00039125067996792495,7.471784657653302e-09,-3.6886789560317994,2.82526e-07,0.0,-1.2288274765014648,-0.0001319025309273858
94600,-0.0006472000968642533,7.887551567442585e-09,-3.6886428773403166,8.1777574e-07,0.0,-7.236473083496094,-0.00029076046224350003
94800,-0.0004050456627737731,4.926932933857486e-09,-3.6886630952358246,4.6133997e-07,0.0,-4.517850875854492,-0.00017673619145104348
95000,-0.000302349217236042,7.42260278796536e-09,-3.6887000024318697,1.9103288e-07,0.0,-3.0744729042053223,-9.911592359930221e-05
95200,-0.00027890020282939076,4.923416324631447e-09,-3.688671237230301,3.3229588e-07,0.0,-10.735228538513184,-0.0001566969097551163
95400,-0.00042591593228280544,7.94256751479594e-09,-3.6886572360992433,3.1888484e-07,0.0,-7.819487571716309,-0.0001408298010685538
95600,-0.0002967646287288517,6.4927709653161966e-09,-3.6886577248573302,3.6209823e-07,0.0,-2.6780197620391846,-0.00014773960392533425
95800,-0.0002070708869723603,7.800125328971674e-09,-3.6886676490306853,1.5079975e-07,0.0,-5.297077655792236,-7.692424930474395e-05
96000,-0.000522026268299669,6.051585588195963e-09,-3.688644617795944,5.2005055e-07,0.0,-6.656460285186768,-0.00018066573300052903
96200,-0.00035229898639954627,6.876194336147279e-09,-3.6886411011219025,4.4792893e-07,0.0,-6.095747470855713,-0.00015037507614158453
96400,-0.00046645099064335227,8.790834904459643e-09,-3.6886420845985413,5.0008293e-07,0.0,-4.145763874053955,-0.0002121316786443561
96600,-0.0006062242900952697,3.9516620642388036e-09,-3.688633161783218,5.036593e-07,0.0,-6.323310852050781,-0.00019638868398896836
96800,-0.0009314063936471939,7.824995396088497e-09,-3.688625603914261,8.2343814e-07,0.0,-4.172851085662842,-0.00025601908540258124
97000,-0.00031723681604489684,6.668242746865616e-09,-3.688657647371292,3.3736228e-07,0.0,-5.113743782043457,-0.00011466184147502778
97200,-0.00042262690840288997,4.65663101967273e-09,-3.6886466205120088,3.361702e-07,0.0,-4.757243633270264,-0.00014545277089578757
97400,-0.00045131033402867615,7.885509284433211e-09,-3.688652700185776,3.0726196e-07,0.0,-5.748425006866455,-0.00014067074557044812
97600,-0.00038578291423618793,6.690336312731304e-09,-3.6886231899261475,3.859401e-07,0.0,-8.496906280517578,-0.00016663150579439013
97800,-0.0003978728491347283,9.104957376937506e-09,-3.68863804936409,4.4852496e-07,0.0,-1.9049022197723389,-0.00018701964217058276
98000,-0.00042074304656125605,6.572302369001193e-09,-3.688654828071594,3.5077332e-07,0.0,-5.271701335906982,-0.00014326228736808445
98200,-0.0003370287304278463,7.52613415477832e-09,-3.6886427640914916,3.1292439e-07,0.0,-9.202462196350098,-0.00014857770449885343
98400,-0.000544337963219732,8.841421272887117e-09,-3.6886334359645843,6.106496e-07,0.0,-5.28131628036499,-0.00017184871861559704
98600,-0.00018128188094124198,7.711430322077107e-09,-3.6886466562747957,2.8520822e-07,0.0,-3.0685057640075684,-0.0001349151516137681
98800,-0.00044416417949832976,4.502725936550434e-09,-3.6886327862739563,2.5629998e-07,0.0,-7.73892879486084,-0.00010515791866891889
99000,-0.00043319450924173,4.656501889632736e-09,-3.688653314113617,3.0875208e-07,0.0,-0.6796720027923584,-0.00014935572453351754
99200,-0.0005685348878614604,5.3851620884781685e-09,-3.688654416799545,4.3720007e-07,0.0,-10.812167167663574,-0.00019304830680084707
99400,-0.00043817301047965884,7.395183326819321e-09,-3.6886658906936645,4.044175e-07,0.0,-10.661347389221191,-0.00016869965777516205
99600,-0.0003543988277669996,7.575870075715585e-09,-3.6886416554450987,3.284216e-07,0.0,-5.01523494720459,-0.00014107382259589407
99800,-0.0004241340502630919,8.786948568761942e-09,-3.688671487569809,2.4735928e-07,0.0,-10.08193302154541,-0.0001293893904195542
100000,-0.000427844759542495,7.122373368861901e-09,-3.688658136129379,4.1097402e-07,0.0,-4.2833333015441895,-0.00015955803617315745
100200,-0.00033692430588416755,6.881660619129093e-09,-3.6886560559272765,2.8192994e-07,0.0,-5.600879669189453,-0.0001278783165300945
100400,-0.0002490714832674712,1.1115364739744393e-08,-3.688658994436264,2.220273e-07,0.0,-9.232473373413086,-0.00010643030747701233
100600,-0.0005478575476445258,6.634967464336228e-09,-3.688622111082077,6.4104796e-07,0.0,-2.4531149864196777,-0.00020775213098227495
100800,-0.0007638937677256763,5.73264621328562e-09,-3.6886554598808288,8.2999463e-07,0.0,-5.878659248352051,-0.0002742783266906024
101000,-0.0004283329762984067,7.772440724362894e-09,-3.6886399507522585,5.245209e-07,0.0,-5.090029716491699,-0.0001806718109839789
101200,-0.0005527932662516832,4.842669704130387e-09,-3.688671177625656,4.3123958e-07,0.0,-3.3178133964538574,-0.00017700005917786754
101400,-0.0005083517171442509,6.06675655268063e-09,-3.688657259941101,3.147125e-07,0.0,-6.435269832611084,-0.00015717675433521983
101600,-0.0004991511232219636,6.0064901219458734e-09,-3.6886455357074737,4.041195e-07,0.0,-4.7877655029296875,-0.00018332655814538024
101800,-0.0002613792894408107,4.326068508975211e-09,-3.688654839992523,3.695488e-07,0.0,-10.017243385314941,-0.00012907673815476528
102000,-0.000259624415775761,7.02024699483772e-09,-3.6886573672294616,2.4318697e-07,0.0,-3.2459607124328613,-0.00013061286401478968
102200,-0.0003693746111821383,6.117427658880459e-09,-3.688645988702774,3.1888484e-07,0.0,-3.631107807159424,-0.00012932886218641748
102400,-0.0004937906051054597,5.9414128839030415e-09,-3.6886597633361817,2.8640034e-07,0.0,-3.364089012145996,-0.00014040015777156968
102600,-0.0006103746127337217,8.797802808491185e-09,-3.6886399030685424,4.6759843e-07,0.0,-4.28082275390625,-0.00019872303293280157
102800,-0.00028647275757975876,7.975688354200372e-09,-3.688616931438446,4.6223403e-07,0.0,-8.056111335754395,-0.0001685925720091852
103000,-0.0004716880212072283,7.545313418511058e-09,-3.6886613070964813,4.1931867e-07,0.0,-9.002644538879395,-0.00015300219903293665
103200,-0.0005797151825390756,7.217389647040662e-09,-3.6886687994003298,3.257394e-07,0.0,-7.193849563598633,-0.00014615483404043506
103400,-0.0003476706915535033,7.868010065692489e-09,-3.688662326335907,3.6567448e-07,0.0,-6.245255947113037,-0.00014590732843440258
103600,-0.00026211977819912136,8.043425803183624e-09,-3.688659745454788,3.004074e-07,0.0,-5.529406547546387,-0.00013969379633853584
103800,-0.00018821386038325727,6.411943642703477e-09,-3.6886740267276763,2.2172928e-07,0.0,-3.8051657676696777,-0.0001043240421420899
104000,-0.0005096637760289013,6.9029281068999636e-09,-3.6886485874652863,8.180737e-07,0.0,-4.979090690612793,-0.00025513262298435533
104200,-0.000333277799654752,8.846160748365861e-09,-3.68867250084877,2.9951337e-07,0.0,-5.526013374328613,-0.00012865285613044007
104400,-0.0004992184694856405,4.9833661364129256e-09,-3.688637983798981,6.410479e-07,0.0,-10.465239524841309,-0.0002563515656639925
104600,-0.0003477886493783444,5.2857837884445754e-09,-3.6886681497097014,3.5256147e-07,0.0,-8.070869445800781,-0.00017153696567373533
104800,-0.0001944852847373113,9.38308870601645e-09,-3.6886403381824495,4.1395427e-07,0.0,-6.36094331741333,-0.00015243223394612038
105000,-0.0003878887218888849,7.79303847009416e-09,-3.6886427760124207,3.6120414e-07,0.0,-3.3233590126037598,-0.00013596451266393306
105200,-0.0003849851491395384,1.0254648630247942e-08,-3.688626837730408,4.053116e-07,0.0,-6.033276557922363,-0.0001518344581113551
105400,-0.0003530437243171036,1.0887767476486231e-08,-3.688653862476349,3.385544e-07,0.0,-6.900665760040283,-0.00015442578952145069
105600,-0.0003118138702120632,8.89604443443659e-09,-3.6886162877082826,4.3541195e-07,0.0,-9.253634452819824,-0.00015845591643208755
105800,-0.0007522935047745705,5.494282495632774e-09,-3.6886217653751374,7.3105093e-07,0.0,-4.751448631286621,-0.00023078890840189104
106000,-0.00030812929617241025,6.6126154218970615e-09,-3.688633108139038,3.5971402e-07,0.0,-6.6997222900390625,-0.00015975447828351364
106200,-0.0001372470724163577,5.550487519601077e-09,-3.6886487901210785,2.2560359e-07,0.0,-4.089866638183594,-9.666049417882406e-05
106400,-0.0005240789032541215,7.501271259702236e-09,-3.68860918879509,4.0769578e-07,0.0,-4.7591938972473145,-0.00015690723809188566
106600,-0.0006319205276668072,5.112728096445807e-09,-3.688606822490692,6.0409303e-07,0.0,-5.8048787117004395,-0.00021714029998440854
106800,-0.00047940094373188913,5.1902799558245505e-09,-3.6886201024055483,4.526973e-07,0.0,-7.894167900085449,-0.0001722430902832417
107000,-0.00022331367654260248,7.0783139072272405e-09,-3.688590717315674,4.87268e-07,0.0,-2.818807363510132,-0.00015395556447614923
107200,-0.0001583205012138933,8.292708786328263e-09,-3.6886400163173674,2.977252e-07,0.0,-4.53706169128418,-0.0001275333881294749
107400,-0.00040692032780498266,6.205151648064344e-09,-3.68864888548851,3.8295985e-07,0.0,-1.6139779090881348,-0.0001845262183095997
107600,-0.0004042997898068279,8.749081026326876e-09,-3.68861545920372,2.8938055e-07,0.0,-4.822872161865234,-0.00014278618177650525
107800,-0.0002994129608850926,6.9246498646258205e-09,-3.688598948717117,3.9219856e-07,0.0,-1.5249741077423096,-0.00014757557166762968
108000,-0.00022087986872065812,8.939029405574672e-09,-3.6885982155799866,2.9057264e-07,0.0,-3.0040721893310547,-9.631622654455718e-05
108200,-0.0002768586855381727,5.945096132053962e-09,-3.6886036157608033,4.7266485e-07,0.0,-5.994728088378906,-0.00018016155781310771
108400,-0.0004420087207108736,9.696718017426775e-09,-3.688592392206192,4.2408706e-07,0.0,-5.918298244476318,-0.0001451758074856535
108600,-0.0002884506538975984,5.713722767142216e-09,-3.6886330366134645,2.1815299e-07,0.0,-3.8091788291931152,-0.00011310411978162626
108800,-0.0004052269796375185,5.354127791123986e-09,-3.6886272609233854,3.9458274e-07,0.0,-7.505908012390137,-0.00015948552019028338
109000,-0.000595482240896672,5.306333439314415e-09,-3.6886427879333494,4.503131e-07,0.0,-5.527711391448975,-0.00019309769512347862
109200,-0.00022206980793271214,8.738654067030894e-09,-3.688630664348602,3.668666e-07,0.0,-3.9142227172851562,-0.00013663423030152444
109400,-0.00041386164957657456,7.63848380103127e-09,-3.6886497914791105,3.9279462e-07,0.0,-5.219690799713135,-0.00016292094469736452
109600,-0.00017710299289319664,8.443851001738168e-09,-3.6886463284492494,2.0444394e-07,0.0,-6.585470199584961,-0.00010400949403333026
109800,-0.0002853756886906922,7.17674101813337e-09,-3.6886552929878236,2.1785496e-07,0.0,-4.680656909942627,-0.00011459226819341418
110000,-0.0003694277838803828,5.673400871319956e-09,-3.6886605858802795,2.2679568e-07,0.0,-8.038914680480957,-0.00010960208537038607
110200,-0.00027360167587175965,5.711977135725022e-09,-3.6886511743068695,2.7686357e-07,0.0,-3.1891913414001465,-0.00011691922023249202
110400,-0.0002521843707654625,9.616601970297011e-09,-3.6885987401008604,2.3752452e-07,0.0,-11.0656156539917,-0.00010657439358283672
110600,-0.0005129664787091315,9.568716141661327e-09,-3.6886271059513094,4.7385691e-07,0.0,-3.298224449157715,-0.00020340337774757967
110800,-0.00015028176130726933,7.279229125023434e-09,-3.6886395633220674,2.682209e-07,0.0,-5.403445720672607,-0.00010551159193279424
111000,-0.00017248670337721705,1.037849907126187e-08,-3.688628089427948,5.0306323e-07,0.0,-3.0945305824279785,-0.00021018072876559656
111200,-0.0005538854165934026,7.649240374441036e-09,-3.6886072218418122,4.5627357e-07,0.0,-8.1964693069458,-0.0001453470806283441
111400,-0.0003557118761818856,9.96862080659966e-09,-3.688683295249939,2.3126603e-07,0.0,-6.463777542114258,-0.00012839568372815524
111600,-0.0004279581771697849,7.506918664468288e-09,-3.688649207353592,2.8908252e-07,0.0,-5.947038650512695,-0.00013706750437887384
111800,-0.0003897344577126205,8.762527425876243e-09,-3.6886604964733123,2.6136638e-07,0.0,-0.06278252601623535,-0.00014727905123246288
112000,-0.0004450278647709638,1.1193584359414644e-08,-3.688671922683716,3.4064055e-07,0.0,-11.76705265045166,-0.00015958079647543922
112200,-0.00043019867734983563,5.561655741503913e-09,-3.6886275947093963,5.2928925e-07,0.0,-4.181454181671143,-0.00018589349038597991
112400,-0.0004445035301614553,9.224720987077717e-09,-3.688655972480774,3.260374e-07,0.0,-4.373912811279297,-0.00015257886837334312
112600,-0.0002878109517041594,6.653008932655524e-09,-3.6886297702789306,3.6120414e-07,0.0,-0.39766693115234375,-0.00014209353320848717
112800,-0.0003370970662217587,6.957086040593197e-09,-3.6886579990386963,2.887845e-07,0.0,-3.4786834716796875,-0.0001500208896337174
113000,-0.0003513224655762315,8.617098024021886e-09,-3.6886342108249663,4.154444e-07,0.0,-4.347050189971924,-0.0001570006604393992
113200,-0.00025506262318231165,6.837264165948654e-09,-3.6886596977710724,2.5331974e-07,0.0,-3.178464412689209,-0.00010791195156691912
113400,-0.0002518643450457603,8.30548437802392e-09,-3.6886692464351656,3.239512e-07,0.0,-3.5320992469787598,-0.0001321808708709682
113600,-0.0003864071622956544,6.596718060691842e-09,-3.6886446297168733,4.2200088e-07,0.0,-4.029795169830322,-0.00018605427523856743
113800,-0.00026053452165797353,9.814082480019693e-09,-3.6886267721652986,2.8699634e-07,0.0,-5.525670051574707,-0.00011547425372646636
114000,-0.00038146739825606346,8.895808489839396e-09,-3.688614284992218,3.921986e-07,0.0,-4.25866174697876,-0.00014212222390324046
114200,-0.00041697215056046844,7.3603113937004135e-09,-3.688615769147873,4.4077635e-07,0.0,-3.4199156761169434,-0.00014614391368725777
114400,-0.0004055272729601711,6.583818606964442e-09,-3.6886288821697235,3.4630298e-07,0.0,-4.8228068351745605,-0.00015919999772489034
114600,-0.00031576750916428864,7.150367825614623e-09,-3.688627815246582,3.5047532e-07,0.0,-3.2293319702148438,-0.00016206401612361976
114800,-0.00023190557840280235,1.0784031378996418e-08,-3.6886382520198824,3.236532e-07,0.0,-5.362455368041992,-0.00012445137617442815
115000,-0.000331115850713104,6.159214305245797e-09,-3.68865881562233,3.6507845e-07,0.0,-4.636602401733398,-0.00016751159851093877
115200,-0.0003643060917966068,5.49428412766062e-09,-3.688654565811157,2.9295683e-07,0.0,-10.087173461914062,-0.00014310805489459177
115400,-0.0005144001916050911,1.0166083808105242e-08,-3.6886399567127226,6.064773e-07,0.0,-0.15168046951293945,-0.0002178162486182078
115600,-0.00013443805801216513,1.1789602161194068e-08,-3.6886507153511046,1.5050172e-07,0.0,-7.251068115234375,-7.484035181880566e-05
115800,-0.0003162100911140442,8.355717340258195e-09,-3.6886477708816527,4.1753054e-07,0.0,-10.049402236938477,-0.0001665556729240958
116000,-0.00034413361572660506,5.859685164866235e-09,-3.6886312901973723,4.6908855e-07,0.0,-5.2978620529174805,-0.00016387132653057358
116200,-0.00046172624570317566,1.0208156275837154e-08,-3.6886545777320863,4.7653913e-07,0.0,-3.4048666954040527,-0.00018117887461510662
116400,-0.0002758707560133189,5.1477567597491005e-09,-3.6886593103408813,3.1530857e-07,0.0,-5.617717742919922,-0.00014619301291804999
116600,-0.0002490025362931192,5.957520482491318e-09,-3.6886568784713747,2.9832123e-07,0.0,-3.187715530395508,-0.00013140168159999632
116800,-0.0005255225114524364,7.789476869080048e-09,-3.688668417930603,3.349781e-07,0.0,-5.223031520843506,-0.00016810157840541073
117000,-0.0003220656653866172,5.803373775981058e-09,-3.6886826515197755,2.977252e-07,0.0,-1.1785352230072021,-0.00013070068577678562
117200,-0.0003071975661441684,1.33542574554113e-08,-3.688652056455612,3.2126903e-07,0.0,-5.186092376708984,-0.00013406761698331326
117400,-0.0003574540023691952,6.787211409564619e-09,-3.6886390924453734,6.896257e-07,0.0,-4.5594482421875,-0.00024025181686555542
117600,-0.0003145572845824063,5.516980489117529e-09,-3.6886603057384493,4.2378903e-07,0.0,-6.1996355056762695,-0.00015884598341244782
117800,-0.0005235266289673746,7.59207747780266e-09,-3.688629949092865,4.3213367e-07,0.0,-4.475078105926514,-0.00016841736427568587
118000,-0.0003750422038137913,6.247328954156473e-09,-3.6886363089084626,4.1306018e-07,0.0,-5.356688976287842,-0.00017999882937358436
118200,-0.00034664382110349834,7.237984345209725e-09,-3.688628429174423,4.172325e-07,0.0,-5.83390998840332,-0.0001551673720011415
118400,-0.00038783616037108004,6.32195340521946e-09,-3.6886530041694643,4.2945146e-07,0.0,-4.064047813415527,-0.00019789588472756136
118600,-0.0004349297087173909,5.4058629295195e-09,-3.688622218370438,6.15418e-07,0.0,-4.5861897468566895,-0.0002078502329298959
118800,-0.0004244461306370795,7.287699105296142e-09,-3.6886243999004362,4.1127208e-07,0.0,-3.6516246795654297,-0.00016083997565667917
119000,-0.0005720927729271352,1.1033454938580433e-08,-3.6886503636837005,3.5345556e-07,0.0,-3.9679250717163086,-0.00014712505497539442
119200,-0.0005299163749441504,7.671689594701547e-09,-3.6886173367500303,6.5565104e-07,0.0,-5.631784439086914,-0.00021707022262682508
119400,-0.0003180034982506186,7.281683733761923e-09,-3.688608717918396,2.6524066e-07,0.0,-6.767667293548584,-8.83873851491912e-05
119600,-0.0004969584406353533,1.0898859970076558e-08,-3.6886138021945953,3.4630298e-07,0.0,-1.6794915199279785,-0.00013468019691356136
119800,-0.000529746524989605,8.309158894270751e-09,-3.6886605978012086,3.2097103e-07,0.0,-6.7935333251953125,-0.0001551298879435281
120000,-0.00047878670739009976,4.950779169954345e-09,-3.6886188805103304,5.480647e-07,0.0,-5.057524681091309,-0.00018782359411029237
120200,-0.0004366562352515757,8.235936244105346e-09,-3.688625866174698,6.309152e-07,0.0,-4.567605972290039,-0.00020463798973946457
120400,-0.00028731056954711676,5.390341151212396e-09,-3.688655763864517,2.5898217e-07,0.0,-11.11972713470459,-0.00013282336288937823
120600,-0.0003138662432320416,5.6055163899504376e-09,-3.6886596202850344,3.004074e-07,0.0,-6.818717956542969,-0.00015148530999029575
120800,-0.0002563936577644199,6.894622356368174e-09,-3.688657361268997,2.7000902e-07,0.0,-6.301877975463867,-0.0001272904437523703
121000,-0.0004068112757522613,5.3767039986940546e-09,-3.6886506617069243,2.8431418e-07,0.0,-4.70552396774292,-0.0001522029506991096
121200,-0.00028788161580450833,8.701190057358587e-09,-3.688630795478821,6.2257055e-07,0.0,-6.905326843261719,-0.00017071503456061454
121400,-0.0002755352179519832,8.409480911630851e-09,-3.6886343002319335,2.3037194e-07,0.0,-6.822729587554932,-0.00011159975792383037
121600,-0.0006083354237489402,8.153669717181344e-09,-3.6886577546596526,4.2587516e-07,0.0,-4.12084436416626,-0.00019389882615765685
121800,-0.00033973396057263017,6.757473525187407e-09,-3.6886452972888946,2.2411345e-07,0.0,-6.424338340759277,-0.00010527460985065851
122000,-0.00026428469573147595,5.767277050372499e-09,-3.688669830560684,2.208352e-07,0.0,-6.556599140167236,-0.00010329404530204923
122200,-0.00031912128906697035,4.288625488069186e-09,-3.6886377692222596,3.5732984e-07,0.0,-2.6558852195739746,-0.00016062118011461735
122400,-0.00031228584703058004,5.875980219061105e-09,-3.688629871606827,3.781915e-07,0.0,-10.007304191589355,-0.00016731847059339166
122600,-0.00030660591437481344,1.06451676917807e-08,-3.6886700630187987,2.503395e-07,0.0,-9.828840255737305,-0.00011823430708099992
122800,-0.0004424354119691998,1.0051333820815245e-08,-3.688590407371521,4.4822693e-07,0.0,-4.78874397277832,-0.00017514219918962626
123000,-0.0003219272766727954,3.96216737752475e-09,-3.68868168592453,2.6673078e-07,0.0,-6.484337329864502,-0.0001422358257087808
123200,-0.0003911259409505874,9.20191807196602e-09,-3.6886368095874786,3.8772822e-07,0.0,-2.1066598892211914,-0.00018346284300552185
123400,-0.0004619550600182265,7.155580250550742e-09,-3.6886457979679106,4.4107435e-07,0.0,-5.943072319030762,-0.0001878240003662768
123600,-0.00022135835024528205,1.0357279467410053e-08,-3.6886421382427215,2.1338462e-07,0.0,-5.454761981964111,-8.915379638181342e-05
123800,-0.0003731612814590335,5.601312480507659e-09,-3.6886266350746153,4.130602e-07,0.0,-4.294631481170654,-0.00017273136289870373
124000,-0.0004120905068702996,8.441332172148818e-09,-3.688638889789581,4.8577783e-07,0.0,-3.343090057373047,-0.00021476211093087726
124200,-0.0004218924150336534,7.884220387666119e-09,-3.6886315166950228,3.814697e-07,0.0,-5.213337421417236,-0.00016009168348887214
124400,-0.000660680525470525,5.910051104063285e-09,-3.6885855555534364,5.310774e-07,0.0,-3.4487171173095703,-0.0001882768094103149
124600,-0.00026879869983531535,8.224639808096512e-09,-3.6886286616325377,2.3812056e-07,0.0,-9.334028244018555,-0.0001227139891656126
124800,-0.00046990098780952394,5.7160098876352095e-09,-3.68862127661705,3.376603e-07,0.0,-2.6350772380828857,-0.00016934602013178867
125000,-0.00038281644810922444,5.894962790131686e-09,-3.688613420724869,5.2720304e-07,0.0,-6.462784767150879,-0.0002264502363266363
125200,-0.0006649738643318415,9.700316994099012e-09,-3.688581907749176,6.2048434e-07,0.0,-7.919532775878906,-0.0001906518363663956
125400,-0.00031886695069260895,7.75098891181436e-09,-3.688593566417694,3.2454727e-07,0.0,-4.2062788009643555,-0.00011131320541983847
125600,-0.00039093728992156684,7.053158462833053e-09,-3.68860267996788,3.07858e-07,0.0,-8.252341270446777,-0.00013358511354049084
125800,-0.0004409052198752761,4.446002932478876e-09,-3.688603037595749,6.610155e-07,0.0,-0.18308758735656738,-0.0002557836619735632
126000,-0.00021004182053729892,1.0751684953458352e-08,-3.6885969579219817,4.6730042e-07,0.0,-5.0941972732543945,-0.00013845377436019212
126200,-0.00032135320361703634,7.500616183708786e-09,-3.688612776994705,2.682209e-07,0.0,-6.858087062835693,-0.00013305788521285057
126400,-0.000336323631927371,5.2512876602683886e-09,-3.6886284172534944,3.5881996e-07,0.0,-12.853385925292969,-0.00014826326059858008
126600,-0.00030146812787279487,5.137168263003033e-09,-3.6886100232601167,3.245473e-07,0.0,-7.908480644226074,-0.0001366609033600419
126800,-0.0005647395155392587,4.581462414998683e-09,-3.6886110842227935,6.774068e-07,0.0,-7.360587120056152,-0.00024725748528759973
127000,-0.0004523978859651834,3.849372637310111e-09,-3.6886187136173247,5.578995e-07,0.0,-5.413071632385254,-0.00019085179197191325
127200,-0.00032548484159633517,7.613678409956748e-09,-3.688657933473587,2.1934511e-07,0.0,-6.758526802062988,-0.00010530620050135387
127400,-0.0004231990606058389,7.806475277316593e-09,-3.688621735572815,2.601743e-07,0.0,-9.62037467956543,-0.00013661272781451128
127600,-0.0001901550276670605,7.998318246604797e-09,-3.6886469542980196,1.7076732e-07,0.0,-7.197902679443359,-9.305224207745155e-05
127800,-0.0004383065097499639,5.188294438518426e-09,-3.6886254966259004,3.287196e-07,0.0,-3.163300037384033,-0.00013663742318850147
128000,-0.00027966767083853483,8.309111448889795e-09,-3.688623362779617,3.6656857e-07,0.0,-3.452448844909668,-0.00014136663129691308
128200,-0.00044666751637123525,9.820435670215843e-09,-3.6886136174201964,3.7044288e-07,0.0,-5.122544288635254,-0.00015842732845985363
128400,-0.0007868289249017835,7.440512478362749e-09,-3.6885893046855927,7.05719e-07,0.0,-13.156993865966797,-0.0002456768835903844
128600,-0.0004312552628107369,7.182261074767382e-09,-3.688640904426575,2.6911496e-07,0.0,-5.970271587371826,-0.00013082514689863878
128800,-0.00038690288783982396,6.961662490923004e-09,-3.6885960936546325,3.2126906e-07,0.0,-4.860191345214844,-0.0001393033861385229
129000,-0.00016323542513418943,6.400335805789581e-09,-3.688639920949936,2.6255847e-07,0.0,-5.280755043029785,-0.00012883813701864978
129200,-0.00021566517534665763,6.415961112393731e-09,-3.6885785520076753,2.7775764e-07,0.0,-0.6530150175094604,-0.00012584875419525688
129400,-0.00043245364213362336,8.253271843727816e-09,-3.6886378645896913,3.108382e-07,0.0,-3.5111517906188965,-0.00013529330394375095
129600,-0.00036316507612355053,6.7774564738165564e-09,-3.688586723804474,4.5061114e-07,0.0,-3.811260223388672,-0.00017729413417510997
129800,-0.00023025476548355073,6.928296525376964e-09,-3.6885876178741457,4.959106e-07,0.0,-8.394826889038086,-0.0001795862343379584
130000,-0.0004301880544517189,8.454249045275475e-09,-3.688581919670105,4.2200088e-07,0.0,-5.536924839019775,-0.0001566724553162757
130200,-0.00035717422724701464,1.0644043602070496e-08,-3.688563084602356,4.1782857e-07,0.0,-2.9156432151794434,-0.00014958161331515284
130400,-0.00044831130071543157,7.314530847679634e-09,-3.688589608669281,5.7816504e-07,0.0,-4.119494438171387,-0.00019789665176914717
130600,-0.0002625664055813104,7.1562330783425665e-09,-3.6886308610439302,2.783537e-07,0.0,-8.39080810546875,-0.00014360801769823793
130800,-0.000637223303783685,5.557793375521314e-09,-3.688566106557846,7.0691107e-07,0.0,-8.23366928100586,-0.00022156563532587102
131000,-0.0003773097414523363,5.3270625466339535e-09,-3.6885940730571747,4.389882e-07,0.0,-7.865757942199707,-0.0001499889949591271
131200,-0.00041026697726920247,7.825372039249601e-09,-3.688601589202881,2.8818846e-07,0.0,-1.4690656661987305,-0.00015530080340158124
131400,-0.00020161332213319838,6.860500700867078e-09,-3.688639932870865,2.0056963e-07,0.0,-5.592570781707764,-0.00011007000064082728
131600,-0.0003369905462022871,4.337367415230275e-09,-3.6885811626911162,3.8713216e-07,0.0,-5.03884220123291,-0.00016780753392822145
131800,-0.0003558257012628019,5.915255829602728e-09,-3.688581144809723,2.9504298e-07,0.0,-5.5208330154418945,-0.00012896014728625005
132000,-0.00017039837257470936,4.358596178422047e-09,-3.6886272370815276,2.652407e-07,0.0,-7.83914852142334,-0.00012227963660746966
132200,-0.0002924850850831717,6.114773609677826e-09,-3.688628393411636,3.108382e-07,0.0,-3.9761481285095215,-0.00012927074707380637
132400,-0.00045724993105977774,8.699068754225436e-09,-3.6885891020298005,4.816055e-07,0.0,-3.7245731353759766,-0.00018651255842252467
132600,-0.00037015925045125186,4.71657345402221e-09,-3.6885748982429503,4.9442053e-07,0.0,-6.792934417724609,-0.00018848356680933875
132800,-0.0004826968943234533,8.640822857231001e-09,-3.6885872423648833,4.3839216e-07,0.0,-1.4454641342163086,-0.00019588316973950803
133000,-0.00034320828854106367,9.026582492577261e-09,-3.68861004114151,3.7193303e-07,0.0,-4.3372802734375,-0.00014055678983311283
133200,-0.00017644283070694655,8.825560576797287e-09,-3.6885567009449005,4.3392183e-07,0.0,-3.535149574279785,-0.0001534366456781955
133400,-0.0007025763625279069,6.93844899313234e-09,-3.6885398089885713,8.112192e-07,0.0,-2.3616459369659424,-0.00024107149134889873
133600,-0.0005373586318455637,7.839823867872298e-09,-3.688609218597412,4.118681e-07,0.0,-3.2626233100891113,-0.00019367020566835036
133800,-0.00030108768260106444,5.3549054745971604e-09,-3.6885743916034697,3.695488e-07,0.0,-1.1777024269104004,-0.00016195441720352478
134000,-0.00019522402726579458,7.918381972338296e-09,-3.688599246740341,3.361702e-07,0.0,-4.168298721313477,-0.0001430958658600101
134200,-0.00013073603622615337,8.084774572036935e-09,-3.6886297166347504,1.3887882e-07,0.0,-8.186971664428711,-8.231495317305715e-05
134400,-0.00027493949164636433,6.546821740283093e-09,-3.6885989367961884,2.6047232e-07,0.0,-4.022490501403809,-0.00012684044251889403
134600,-0.00021663449297193438,6.448530365243954e-09,-3.6885899722576143,2.0802021e-07,0.0,-12.70621109008789,-0.0001077599064220669
134800,-0.0005214867414906621,3.985946378515237e-09,-3.6885831534862517,6.8575144e-07,0.0,-4.591558456420898,-0.00022655679070906486
135000,-0.0003882035962305963,6.891229392680387e-09,-3.6885963797569277,4.23789e-07,0.0,-5.531846523284912,-0.0001594058646987806
135200,-0.00019423921185079962,8.020395669827707e-09,-3.6886465728282927,1.9133091e-07,0.0,-5.479028701782227,-0.000104227110524846
135400,-0.00069880933733657,8.70712875133961e-09,-3.6885593831539154,5.7339673e-07,0.0,-6.761501312255859,-0.00020882584230238476
135600,-0.0001762808533385396,5.1365855902041345e-09,-3.68860610127449,2.413988e-07,0.0,-9.065013885498047,-0.00010655991775569973
135800,-0.00034000439336523414,8.049026756218325e-09,-3.6886142194271088,2.4050473e-07,0.0,-2.8859851360321045,-0.0001318884039330781
136000,-0.0004658859397750348,5.51418796734815e-09,-3.688557153940201,6.1810016e-07,0.0,-4.277105808258057,-0.00018034254403118677
136200,-0.00023048710136208683,5.939843317204207e-09,-3.6886077523231506,2.989173e-07,0.0,-6.7849955558776855,-0.0001196350757650233
136400,-0.0005467052105814219,6.529071977512402e-09,-3.688603973388672,6.3598156e-07,0.0,-3.065169334411621,-0.0001843103931032708
136600,-0.00030798069201409817,9.386011823320218e-09,-3.688607406616211,3.7550927e-07,0.0,-3.072697639465332,-0.0001578425016402929
136800,-0.00044827116653323174,5.320806617525875e-09,-3.6886187970638273,3.4540892e-07,0.0,-4.849050521850586,-0.0001601475927659468
137000,-0.0003350707411300391,5.376223027875326e-09,-3.6885890781879427,3.5315753e-07,0.0,-4.042811870574951,-0.00013808664702741336
137200,-0.0004832590348087251,6.608350078263214e-09,-3.6885851204395292,4.3302774e-07,0.0,-9.94166374206543,-0.00015968015640526189
137400,-0.0005109090125188231,5.1324653138618e-09,-3.688617217540741,4.8428774e-07,0.0,-8.893427848815918,-0.00021067463716645252
137600,-0.00030094548128545284,1.0068573474963927e-08,-3.6885728180408477,3.901124e-07,0.0,-6.791286945343018,-0.0001518979365805695
137800,-0.00041090071317739785,7.000798518674856e-09,-3.688605862855911,2.9325486e-07,0.0,-4.3916850090026855,-0.00013547491230224694
138000,-0.0001256889954674989,7.76632110843778e-09,-3.6885916948318482,2.1785497e-07,0.0,-5.58128547668457,-7.634744025974971e-05
138200,-0.00023198913550004363,6.222052562065983e-09,-3.688611406087875,4.0739775e-07,0.0,-6.405900001525879,-0.000159067244047284
138400,-0.000646044674795121,7.953080749523167e-09,-3.688587564229965,5.862117e-07,0.0,-3.598353862762451,-0.0001695055364407394
138600,-0.00039354866021312773,7.377642702310894e-09,-3.6886036872863768,3.4481286e-07,0.0,-1.0884027481079102,-0.00013210096987941177
138800,-0.00037834601243957877,4.7310354189811225e-09,-3.6885966062545776,4.795194e-07,0.0,-6.834279537200928,-0.00019493463665112287
139000,-0.0001891711144708097,7.996515782870972e-09,-3.688632297515869,2.4974347e-07,0.0,-6.276067733764648,-0.00013137798153468606
139200,-0.0003212498559150845,8.591310091121684e-09,-3.688583290576935,2.8550625e-07,0.0,-3.5625686645507812,-0.00011189746775799314
139400,-0.0001260109420400113,5.024997212776938e-09,-3.6886278688907623,2.2619962e-07,0.0,-3.225358009338379,-0.00011134246287940464
139600,-0.00032735319109633565,6.713743355701851e-09,-3.6886177361011505,4.2051073e-07,0.0,-5.34214973449707,-0.00017699235727226538
139800,-0.0005712131969630718,4.745110160353505e-09,-3.6885830044746397,6.255508e-07,0.0,-10.214437484741211,-0.00022174711376199419
140000,-0.0005113962106406689,7.077437025326816e-09,-3.6885915398597717,4.6014785e-07,0.0,-5.691052436828613,-0.00018317280755286713
140200,-0.0003822389990091324,7.89346825680326e-09,-3.6885785520076753,2.9861928e-07,0.0,-7.225096702575684,-0.0001278789341973674
140400,-0.0004903253284282982,5.811376885267449e-09,-3.6885633766651154,6.6787004e-07,0.0,-5.880931854248047,-0.00022080327354256912
140600,-0.0005963442963548005,4.6414904419922465e-09,-3.688583326339722,6.270409e-07,0.0,-2.8430869579315186,-0.0002720020943121515
140800,-0.0003186301328241825,4.067973519150669e-09,-3.6885936975479128,2.6673078e-07,0.0,-8.029824256896973,-0.00012020548338655956
141000,-0.00034328686888329685,5.423802729165317e-09,-3.6885973274707795,3.2037497e-07,0.0,-3.7660999298095703,-0.00016327843705079558
141200,-0.0004661769198719412,5.271358011205152e-09,-3.6886051118373873,4.1574242e-07,0.0,0.1810585856437683,-0.0001878207787095576
141400,-0.0001635098597034812,6.791830137187205e-09,-3.688602501153946,3.34084e-07,0.0,-7.543890953063965,-0.00013411129326608152
141600,-0.00017465681594330817,9.915700671658812e-09,-3.688627964258194,2.977252e-07,0.0,-4.453792572021484,-0.00014596883318631625
141800,-8.607545896666124e-05,1.0328424221439647e-08,-3.6886083841323853,2.3335218e-07,0.0,-7.122379302978516,-0.00010489703657934335
142000,-0.0001982068788493052,6.802753355072966e-09,-3.68857302069664,3.093481e-07,0.0,-3.4998269081115723,-0.0001248443867538085
142200,-0.00027667940594255924,8.832265668834438e-09,-3.688627415895462,1.6927719e-07,0.0,-8.675968170166016,-8.94024664408688e-05
142400,-0.00041842847713269293,9.319385774197996e-09,-3.688628226518631,3.2812358e-07,0.0,-2.2868404388427734,-0.00014901310230257535
142600,-0.00023778218019288033,9.939992129393005e-09,-3.6886533439159392,1.8268824e-07,0.0,-2.319892168045044,-9.990325639637198e-05
142800,-0.00017473414482083172,6.154780485267964e-09,-3.688582593202591,2.5182962e-07,0.0,-1.4726588726043701,-0.00012490098180490962
143000,-0.0005814742762595415,9.175516424431152e-09,-3.688609319925308,4.6432018e-07,0.0,-3.724696159362793,-0.00019945925450826074
143200,-0.0002460886025801301,6.7583226293077555e-09,-3.688620722293854,2.783537e-07,0.0,-10.088171005249023,-0.00011754976218583124
143400,-0.000539891014341265,6.295159515889992e-09,-3.688548928499222,8.1866983e-07,0.0,-2.9473249912261963,-0.0002549976269254239
143600,-0.0003569570544641465,5.917067305571955e-09,-3.688599294424057,2.9921532e-07,0.0,-5.7789130210876465,-0.00013081289831777808
143800,-0.00020797249453607947,7.236790133813287e-09,-3.6886120796203614,2.5153162e-07,0.0,-5.41567850112915,-0.00011987500319943223
144000,-0.0006940914317965508,4.802260555880622e-09,-3.68859179019928,5.7905913e-07,0.0,-2.1423211097717285,-0.00018882520450720365
144200,-0.0002774507156573236,1.0067268502167436e-08,-3.6885962784290314,3.0130147e-07,0.0,-2.8704843521118164,-0.00013527792742848988
144400,-0.0005012860638089478,1.0586908361087665e-08,-3.688558703660965,6.219745e-07,0.0,-5.894616603851318,-0.00019673810897922195
144600,-0.00033378208172507584,5.730688434901765e-09,-3.6885876953601837,3.1977893e-07,0.0,-10.05307674407959,-0.00012041726035931788
144800,-0.0003336674708407372,8.063836653970924e-09,-3.6885802268981935,3.85344e-07,0.0,-5.201347827911377,-0.0001414080322769351
145000,-0.0005112548242323101,6.292985704758891e-09,-3.688594311475754,5.7071446e-07,0.0,-6.206960201263428,-0.00021863776143663527
145200,-0.0004033906734548509,6.338812297279617e-09,-3.6886042654514313,3.632903e-07,0.0,-4.204258918762207,-0.0001572181802992123
145400,-0.000314544013235718,8.785126187627057e-09,-3.6885664463043213,4.61936e-07,0.0,-12.307548522949219,-0.00017433607141277286
145600,-0.0006108756642788649,4.899004041325483e-09,-3.6885562241077423,9.0301035e-07,0.0,-6.435791492462158,-0.00029191970975398494
145800,-0.0004004216461908072,6.010225167552008e-09,-3.6886133909225465,3.2275915e-07,0.0,-7.503530502319336,-0.0001460263731924094
146000,-0.0007271633949130774,3.188663832975891e-09,-3.6885951340198515,7.0065255e-07,0.0,-7.656517028808594,-0.00031393304295432853
146200,-0.0003984184004366398,5.638500916171907e-09,-3.68855938911438,6.052852e-07,0.0,-6.098059177398682,-0.00019239474815548884
146400,-0.0003707885043695569,1.0302955194552154e-08,-3.6886190533638,4.974008e-07,0.0,-8.16038703918457,-0.0001589823466420004
146600,-0.000190923543414101,6.572872290888654e-09,-3.6886189579963684,1.7970802e-07,0.0,-7.458144187927246,-9.274981863613974e-05
146800,-0.00077185028931126,4.905424877410524e-09,-3.6885740876197817,5.25713e-07,0.0,-5.54412841796875,-0.00020707693605062082
147000,-0.00042706698877736926,6.7074815257583966e-09,-3.6885738551616667,3.7282706e-07,0.0,-5.357738971710205,-0.00015892917570294873
147200,-0.00029741632170043886,3.9528441686531576e-09,-3.6885737001895906,3.784895e-07,0.0,-12.046467781066895,-0.00016841118163477554
147400,-0.0005807764828205109,6.238586541806867e-09,-3.688582867383957,4.154444e-07,0.0,-5.676018238067627,-0.00018144534532331668
147600,-0.0003984050126746297,3.6892616128714194e-09,-3.6886120200157166,3.731251e-07,0.0,-6.79690408706665,-0.0001603252436038982
147800,-0.00024028799089137465,6.368670779632879e-09,-3.6886150240898132,2.8908252e-07,0.0,-2.9951086044311523,-0.00011159455724498723
148000,-0.00026323931524530053,6.894117182687509e-09,-3.688608229160309,2.592802e-07,0.0,-5.942622661590576,-0.00010671989513356683
148200,-0.0002988583000842482,4.11049987936174e-09,-3.688602328300476,2.9057264e-07,0.0,-4.364704608917236,-0.00012864795358725757
148400,-0.0005385722615756094,4.960584309987581e-09,-3.6886041700839995,4.327297e-07,0.0,-5.651299953460693,-0.0001792032476541916
148600,-0.00023477933427784592,3.069685339252004e-09,-3.6886269450187683,2.2292139e-07,0.0,-12.105559349060059,-0.00011135302489471144
148800,-0.00017354411829728633,9.29546025707495e-09,-3.6886102199554442,2.7656554e-07,0.0,-6.818274974822998,-0.00013988858473965582
149000,-0.00041474122554063797,5.190724383652423e-09,-3.688568812608719,3.4183265e-07,0.0,-5.867034912109375,-0.00015183503934121934
149200,-0.0003207084955647588,6.527801332811833e-09,-3.6885872900485994,3.8415195e-07,0.0,-0.1330646276473999,-0.00016925960655078676
149400,-0.00023517296358477324,6.986985484624953e-09,-3.68859806060791,2.118945e-07,0.0,-2.2477612495422363,-0.00010963785221820287
149600,-0.0002609988150652498,6.298714394503691e-09,-3.6885986328125,2.6106835e-07,0.0,-4.327475070953369,-0.00012877125992667439
149800,-0.00023526944278273731,7.781409111506931e-09,-3.6885866284370423,3.924966e-07,0.0,-6.761920928955078,-0.00013862007056903992
150000,-0.0004214537621010095,8.092378944724032e-09,-3.6885603785514833,4.863739e-07,0.0,-4.890157699584961,-0.00016093260793217378
150200,-0.000444280740339309,6.5385903358361475e-09,-3.6885677099227907,6.9141385e-07,0.0,-10.83104419708252,-0.0002324904803732597
150400,-0.00039377203211188316,6.980303313142144e-09,-3.6885827362537382,3.167987e-07,0.0,-10.806140899658203,-0.0001264443705677465
150600,-0.00023496827634517103,5.543968212284867e-09,-3.688578850030899,2.5451183e-07,0.0,-4.783956527709961,-0.00011127716307000047
150800,-0.00030025947489775717,6.2696056013500366e-09,-3.688562262058258,2.4169685e-07,0.0,-4.546950340270996,-0.00011668326769429527
151000,-0.0003927499055862427,4.41466142531155e-09,-3.688598483800888,4.8011543e-07,0.0,-8.465420722961426,-0.00018500945584611905
151200,-0.0004064630775246769,6.327624862967341e-09,-3.688577800989151,3.4749507e-07,0.0,-7.129800796508789,-0.00014758346214267527
151400,-0.00028629679582081735,9.075742246622553e-09,-3.688577377796173,4.4941902e-07,0.0,-5.689908027648926,-0.00016544270505982616
151600,-0.0005654661217704415,4.977581363752037e-09,-3.6885513722896577,5.7041643e-07,0.0,-4.4981303215026855,-0.00022186896178295613
151800,-0.0004101582453586161,6.839895738686152e-09,-3.6885607659816744,4.577637e-07,0.0,-1.3720934391021729,-0.00017340710658629853
152000,-0.00022955230087973177,4.780892431943684e-09,-3.688554549217224,3.9190053e-07,0.0,-5.467406749725342,-0.00016638442859822077
152200,-0.0003063748008571565,5.780593678728075e-09,-3.688572520017624,5.2422286e-07,0.0,-6.352348804473877,-0.000197537258671443
152400,-0.0004800280730705708,9.1608268304455e-09,-3.688629335165024,3.927946e-07,0.0,-0.7615718841552734,-0.00016631749261113437
152600,-0.00019062157662119716,6.837245186686047e-09,-3.688606822490692,2.69115e-07,0.0,-11.487421989440918,-0.00010965231885737837
152800,-0.00032196883694268763,5.778661843480748e-09,-3.688591992855072,2.682209e-07,0.0,-3.9119324684143066,-0.00014702223906510882
153000,-0.0002210407837992534,5.486551596378675e-09,-3.6886255860328676,2.0354985e-07,0.0,-8.213111877441406,-0.00011322043807483473
153200,-0.0005249228561297059,7.606611118760043e-09,-3.6885703444480895,3.6329033e-07,0.0,-5.242752552032471,-0.00016215746857408674
153400,-0.00026247568894177675,6.859497270195192e-09,-3.688589358329773,1.7970801e-07,0.0,-5.400291919708252,-9.428530319466333e-05
153600,-0.0002713605936150998,6.526549578556029e-09,-3.6885724008083343,2.6434662e-07,0.0,-5.010766983032227,-0.00012266706749448631
153800,-0.00034083175705745816,4.958467914040199e-09,-3.6886147797107696,2.4706125e-07,0.0,-8.337906837463379,-0.00013245164701412016
154000,-0.0004757680871989578,7.97614857495077e-09,-3.688560938835144,3.7938358e-07,0.0,-2.0526201725006104,-0.00015011052858289188
154200,-0.00042877026135101914,4.486134153047772e-09,-3.688567006587982,3.4928323e-07,0.0,-4.527407169342041,-0.00013778252828740013
154400,-0.00036107367486692965,9.178222298844574e-09,-3.6885673820972444,3.2424927e-07,0.0,-6.896921634674072,-0.00013900655516192463
154600,-0.0002879125240724534,5.609149617002984e-09,-3.6885469377040865,4.23491e-07,0.0,-3.2573466300964355,-0.00016965600815183057
154800,-0.0004390987742226571,7.215182701303391e-09,-3.6885595440864565,3.358722e-07,0.0,-5.850430011749268,-0.0001500340921104737
155000,-0.00022615343914367259,1.044329192012583e-08,-3.6885379195213317,3.233552e-07,0.0,-6.272773742675781,-0.00010899727018517103
155200,-0.00046313420170918107,6.752958509048668e-09,-3.688560497760773,4.3928623e-07,0.0,-5.7771501541137695,-0.00019947293271826982
155400,-0.00023950741160660982,5.7340698134122904e-09,-3.688553422689438,2.0742416e-07,0.0,-9.435791015625,-0.00010199670886663625
155600,-0.00023481043172068894,8.97262684707023e-09,-3.6885913729667665,1.9699335e-07,0.0,-10.055602073669434,-0.00010297985344207561
155800,-0.00038379576290026307,8.921255267857475e-09,-3.6885427057743074,4.798174e-07,0.0,-2.6391804218292236,-0.00014699213188733572
156000,-0.00032879997161217034,6.0144006053253206e-09,-3.688565343618393,2.9295683e-07,0.0,-5.63821268081665,-0.0001292736375799075
156200,-0.0003015751135535538,7.384601291571258e-09,-3.6885526835918427,2.2798778e-07,0.0,-5.848929405212402,-0.00010895098685805848
156400,-0.00029196144896559417,6.541804714599308e-09,-3.68857336640358,3.5911796e-07,0.0,-13.901520729064941,-0.000159578411989858
156600,-0.0002040127437794581,4.8427252319349636e-09,-3.6885552227497103,3.4183265e-07,0.0,-8.558364868164062,-0.00012623018035724521
156800,-0.0003995875595137477,4.859989277683496e-09,-3.6885465323925017,3.8176773e-07,0.0,-4.275279521942139,-0.0001535425263393897
157000,-0.00040709602762944996,3.894758271449916e-09,-3.6885544896125793,3.248453e-07,0.0,-3.2225937843322754,-0.0001240311035647146
157200,-0.00021123922488186508,4.651010959699775e-09,-3.6885308146476747,3.641844e-07,0.0,-12.368207931518555,-0.0001338842286253361
157400,-0.0005373965832404792,6.537264501949025e-09,-3.6885229647159576,5.65052e-07,0.0,-7.843238830566406,-0.000209088520666878
157600,-0.0004913629381917417,5.923384671646659e-09,-3.688574677705765,3.7074088e-07,0.0,-9.716387748718262,-0.00015999959431742817
157800,-0.0005888669402338564,5.641349681839713e-09,-3.6885407090187075,4.5657157e-07,0.0,-6.26503324508667,-0.0001804737887596275
158000,-0.0006801726995036006,8.125246298007483e-09,-3.68851500749588,4.577637e-07,0.0,-7.886544227600098,-0.0001483462016519832
158200,-0.00032920046942308545,8.547222096755291e-09,-3.688513845205307,3.8832428e-07,0.0,-6.1576690673828125,-0.00014921425182010673
158400,-0.00026633855304680765,7.55368135818557e-09,-3.6885252475738524,4.1991473e-07,0.0,-9.473666191101074,-0.00015623143142464712
158600,-0.00032237687264569104,6.877564501239775e-09,-3.688579595088959,2.884865e-07,0.0,-5.4679718017578125,-0.00014812509823038943
158800,-0.0006469037034548819,3.4198250620232074e-09,-3.6885412335395813,5.3018334e-07,0.0,-2.7526464462280273,-0.00022133652275351244
159000,-0.00046759095857851207,3.815967189457759e-09,-3.688555806875229,4.935265e-07,0.0,-8.085296630859375,-0.00016192451032552845
159200,-0.00048201371100731194,3.6158502192407125e-09,-3.688542503118515,4.941225e-07,0.0,-2.6845149993896484,-0.00020365086146920675
159400,-0.00027507904451340437,9.119169208648969e-09,-3.688578712940216,2.5629998e-07,0.0,-9.325089454650879,-0.00011799828714345039
159600,-0.0003003594174515456,7.153584596908402e-09,-3.688573682308197,3.1471254e-07,0.0,-1.3744800090789795,-0.00013906858729888504
159800,-0.00025947243557311594,7.549319908095598e-09,-3.688569408655167,2.1219253e-07,0.0,-8.309041976928711,-0.00011077811091029233
160000,-0.00023817495093680918,6.737024321745722e-09,-3.688576465845108,2.2113323e-07,0.0,-6.349457263946533,-0.00010076443815920655
160200,-0.0002628632355481386,7.499190446402792e-09,-3.68854278922081,2.7716158e-07,0.0,-7.568953514099121,-0.0001360575703753253
160400,-0.00031895466963760555,6.970656118987506e-09,-3.688548356294632,3.105402e-07,0.0,-7.584710121154785,-0.00014293270609130326
160600,-0.0003550455439835787,8.353764063828706e-09,-3.6885618209838866,2.9385092e-07,0.0,-4.351072311401367,-0.00015222018951326354
160800,-0.0002899078535847366,3.94100408418474e-09,-3.6885232508182524,3.3825637e-07,0.0,-7.470560073852539,-0.00012786349763127536
161000,-0.00021035780082456768,6.57789006597298e-09,-3.6885510623455047,4.2706725e-07,0.0,-4.600748062133789,-0.00015728037079923985
161200,-0.0009694590116851032,4.548500592838067e-09,-3.688515043258667,9.608268e-07,0.0,-3.4628853797912598,-0.00030853237144743415
161400,-0.00023192842490971088,6.84543139395366e-09,-3.688535451889038,4.661083e-07,0.0,-5.853227138519287,-0.00019854833234376202
161600,-0.0003207587287761271,7.594715850656187e-09,-3.6885672509670258,2.1219253e-07,0.0,-4.6961164474487305,-8.929447803840418e-05
161800,-0.00023850884463172406,5.2820366858163935e-09,-3.688511371612549,5.787611e-07,0.0,-4.936576843261719,-0.00017633891186068506
162000,-0.0002981704892590642,6.253987866466915e-09,-3.6885659277439116,2.0086765e-07,0.0,-5.465636730194092,-9.123098838301758e-05
162200,-0.0004104162217117846,6.004251881797096e-09,-3.688513481616974,5.5789945e-07,0.0,-2.982159376144409,-0.00019126579152315415
162400,-0.000357367709511891,7.174290261868776e-09,-3.6885354042053224,4.7445297e-07,0.0,-0.6441240310668945,-0.00017920863085396643
162600,-0.0002778641355689615,7.012665242944749e-09,-3.688535511493683,5.0902366e-07,0.0,-9.335124015808105,-0.00019514402821096954
162800,-0.00026181951398029923,4.73426001179611e-09,-3.6885440826416014,2.6792287e-07,0.0,-10.787686347961426,-0.00011205229835669073
163000,-0.0003204965323675424,5.348049553210999e-09,-3.688533532619476,5.415082e-07,0.0,-8.065361022949219,-0.00020314931555933668
163200,-0.0002494041109457612,8.186076339011806e-09,-3.688534474372864,2.3037195e-07,0.0,-5.283092498779297,-8.657561229756805e-05
163400,-0.0003012550878338516,5.315093057345344e-09,-3.6885747253894805,2.795458e-07,0.0,-13.158226013183594,-0.00013103300354515567
163600,-0.00044518354116007686,2.4806093568141563e-09,-3.688558357954025,4.5329332e-07,0.0,-3.623563289642334,-0.00018985053193945056
163800,-0.0009139515459537506,5.662198609979186e-09,-3.688516968488693,6.836653e-07,0.0,-6.4569411277771,-0.00023352011750015221
164000,-0.0007162824040278792,2.5156930982817016e-09,-3.6885414719581604,5.570054e-07,0.0,-5.464174270629883,-0.00025229375218851493
164200,-0.0004358286678325385,1.1224332840953367e-08,-3.6885112047195436,4.810095e-07,0.0,-7.16851806640625,-0.0001461858596225163
164400,-0.0006105748470872641,0.00015863052922213683,-3.688634580373764,4.899502e-07,0.0,-1.5039527416229248,-0.00020350630604917263
164600,-0.0004665044543799013,5.794117842015112e-05,-3.688632678985596,4.7594307e-07,0.0,0.3520643711090088,-0.0002272367595230973
164800,-0.000809514313004911,4.3243387335678565e-05,-3.688528573513031,9.164214e-07,0.0,-5.40103006362915,-0.00028868958394174805
165000,-0.0004215624067001045,2.3901210738586087e-05,-3.6885531842708588,4.890561e-07,0.0,0.06919783353805542,-0.00019997985697308706
165200,-0.0005094361840747297,2.4314734605468403e-05,-3.6885698795318604,5.2690507e-07,0.0,0.2089627981185913,-0.00024324429033626416
165400,-0.00046299590030685067,3.739863286682521e-05,-3.688516193628311,4.5210123e-07,0.0,0.04911226034164429,-0.0001781150121273667
165600,-0.0005303246434777975,4.187753315818554e-05,-3.6885084450244903,4.9293044e-07,0.0,-0.06551039218902588,-0.00023744807988137495
165800,-0.0005707937525585294,2.6434636424710334e-05,-3.6885357975959776,4.807115e-07,0.0,0.14834433794021606,-0.00020096813739032272
166000,-0.0005948382313363254,2.757854758783651e-05,-3.688536298274994,6.091595e-07,0.0,-0.027093052864074707,-0.0002521304074553754
166200,-0.00041737972060218453,3.708255831043061e-05,-3.6885457634925842,3.293157e-07,0.0,0.051108598709106445,-0.00015914680132695925
166400,-0.0006143339560367167,2.4670275479365955e-05,-3.6885000824928285,5.3733584e-07,0.0,0.00964266061782837,-0.00020531648271893133
166600,-0.0005530272028408945,2.4261223916255404e-05,-3.6885119020938872,5.3584574e-07,0.0,-0.1596837043762207,-0.0002487167715687466
166800,-0.0003062181349378079,1.3047897709839162e-05,-3.688565784692764,2.6345253e-07,0.0,0.1447000503540039,-0.00012861315974032616
167000,-0.0003005521430168301,2.3232095009007027e-05,-3.688501811027527,4.607439e-07,0.0,-0.26864540576934814,-0.000180545881445604
167200,-0.00030220908229239285,2.8459410668801865e-05,-3.6885256469249725,3.8921834e-07,0.0,0.07291078567504883,-0.00014833289947047135
167400,-0.00033950910437852144,3.681826019601431e-05,-3.6885296583175657,3.8325786e-07,0.0,0.04733389616012573,-0.00016681437280965383
167600,-0.0006316463695839047,1.8178304571847548e-05,-3.6885025441646575,4.4465065e-07,0.0,0.03302955627441406,-0.00020354425025188584
167800,-0.0003966309886891395,1.9994970307379846e-05,-3.6885332643985747,5.739927e-07,0.0,0.1315402388572693,-0.00025480879704213865
168000,-0.0006335655343718827,2.8747849955834682e-05,-3.688523441553116,6.559492e-07,0.0,-0.10884177684783936,-0.0002463960745700433
168200,-0.00032113533234223723,5.92108401178848e-05,-3.6885194301605226,2.7239324e-07,0.0,-0.05586361885070801,-0.00016916724828741625
168400,-0.0003325037541799247,2.7847093770105856e-05,-3.688550704717636,2.9087067e-07,0.0,-0.030222535133361816,-0.00014904880400719024
168600,-0.00037583630182780325,2.6039459589810578e-05,-3.6885276615619658,4.0292738e-07,0.0,0.08453214168548584,-0.0001956261988886876
168800,-0.0007247283356264234,2.775805819510424e-05,-3.6885380685329436,6.9528824e-07,0.0,0.14626812934875488,-0.0002950710800846856
169000,-0.0008372159209102392,2.740679128692136e-05,-3.688488870859146,8.815527e-07,0.0,-0.1961069107055664,-0.00025651648927920155
169200,-0.0006068813381716609,2.5483681429250283e-05,-3.6885763704776764,5.236268e-07,0.0,0.006738185882568359,-0.0002084445998199236
169400,-0.00044360070023685694,1.0436685818149271e-05,-3.68854683637619,4.7832725e-07,0.0,0.09493398666381836,-0.00022824816950781646
169600,-0.0006262060487642884,1.5596688922414614e-05,-3.6885252714157106,4.4435262e-07,0.0,-0.019739747047424316,-0.00018966039963212998
169800,-0.0004241479036863893,3.137796843475371e-05,-3.6884663105010986,6.1303376e-07,0.0,0.28611254692077637,-0.00019431661664112143
170000,-0.0006030727527104318,1.9344546035426902e-05,-3.688522547483444,6.1154367e-07,0.0,-0.179856538772583,-0.00024594732995302236
170200,-0.00037723159766756,2.1055600950603547e-05,-3.688516157865524,4.807115e-07,0.0,0.09387415647506714,-0.00022799816600880263
170400,-0.0003706541028805077,2.0449355383789224e-05,-3.688471668958664,5.4270026e-07,0.0,-0.032921791076660156,-0.00020393197456605172
170600,-0.0011486285366117954,1.694138284165092e-05,-3.688469648361206,9.560586e-07,0.0,0.025618553161621094,-0.00031075787610387873
170800,-0.0005025503924116492,2.9443458424793788e-05,-3.6884709179401396,5.206466e-07,0.0,-0.16615617275238037,-0.00023565207504945286
171000,-0.0005286745727062225,2.0794607485186135e-05,-3.6885004341602325,3.9309262e-07,0.0,-0.06910920143127441,-0.00019986337386708187
171200,-0.0003089780220761895,1.69606527833821e-05,-3.6885574996471404,3.5405156e-07,0.0,0.1791306734085083,-0.0001821017267759517
171400,-0.0006304794223979115,1.223032372763555e-05,-3.6884818017482757,7.089973e-07,0.0,0.01698124408721924,-0.00025772172088414094
171600,-0.0003905438061337918,2.2303579066829114e-05,-3.68847541809082,4.1693448e-07,0.0,-0.08493399620056152,-0.0002064220258384708
171800,-0.0004982437822036445,2.0789489872186097e-05,-3.688488692045212,3.7908552e-07,0.0,0.16051149368286133,-0.00016822877655386925
172000,-0.000406267965445295,2.5387412165400747e-05,-3.688510221242905,5.865097e-07,0.0,0.03441101312637329,-0.00025399442033826605
172200,-0.000548800453543663,2.4291490717587294e-05,-3.688490015268326,4.3630604e-07,0.0,0.00961613655090332,-0.00022436447348397336
172400,-0.00023923511616885662,1.3727564851251373e-05,-3.688535434007645,3.9160253e-07,0.0,-0.07748198509216309,-0.00019842777992424844
172600,-0.0003230880247429013,1.3162042296244181e-05,-3.6884618580341337,3.5047532e-07,0.0,0.09425246715545654,-0.00014580402447772478
172800,-0.0005337456241250038,4.1423088987357914e-05,-3.688486260175705,3.5226344e-07,0.0,0.18865251541137695,-0.00016198203086355002
173000,-0.00048385144327767193,4.251402106092428e-05,-3.688485825061798,7.641315e-07,0.0,-0.05407154560089111,-0.00025504534448534956
173200,-0.0003443987516220659,1.6602482469352252e-05,-3.6885212421417237,2.3186207e-07,0.0,0.16616249084472656,-0.00011816311228619591
173400,-0.0003736040380317718,1.5047641977616876e-05,-3.6885549902915953,3.5375356e-07,0.0,-0.07523572444915771,-0.00019507894134322966
173600,-0.0005459637613967061,2.1943289993942017e-05,-3.6885027468204497,3.758073e-07,0.0,-0.06301355361938477,-0.00016192814837869828
173800,-0.000394006579881534,2.6633331026459926e-05,-3.6884904384613035,3.388524e-07,0.0,-0.02703070640563965,-0.00014025863191932108
174000,-0.0004642399726435542,1.443964933969255e-05,-3.688489204645157,2.5689602e-07,0.0,0.06973886489868164,-0.00013585685090754528
174200,-0.0009204117814078927,1.059508216485483e-05,-3.6884848833084107,6.490946e-07,0.0,0.0842016339302063,-0.0002646503004624545
174400,-0.00036212109262123704,1.7417726689927802e-05,-3.6885082721710205,4.9114226e-07,0.0,-0.04529869556427002,-0.00019770330779357305
174600,-0.0006181666976772249,1.429081758033135e-05,-3.6885490357875823,3.4600498e-07,0.0,0.13470524549484253,-0.000196336718141199
174800,-0.000602159125264734,3.0336882400661124e-05,-3.6884819626808167,5.2243473e-07,0.0,-0.02306830883026123,-0.00026023161574193485
175000,-0.0002993253292515874,1.5019540001048881e-05,-3.6884473323822022,4.2349097e-07,0.0,0.15861821174621582,-0.00014470587716635118
175200,-0.00045612864778377116,2.205146017786319e-05,-3.6885064005851746,4.5359133e-07,0.0,0.09789019823074341,-0.00024183206246517486
175400,-0.0007349277148023248,3.238585836697894e-05,-3.688439464569092,6.4015387e-07,0.0,0.02404242753982544,-0.0002509697089708385
175600,-0.00044767025974579155,1.628538068416674e-05,-3.68853075504303,3.9398668e-07,0.0,-0.1133584976196289,-0.00018114431340219284
175800,-0.000395838578697294,1.732935163545335e-05,-3.6885358870029448,3.5256147e-07,0.0,0.13266700506210327,-0.00017064162277915517
176000,-0.0005511222407221794,1.7106828840951495e-05,-3.6884788274765015,4.577637e-07,0.0,0.023445844650268555,-0.0002175467912377327
176200,-0.00029741108301095665,1.5360096676886313e-05,-3.6884778261184694,2.2053719e-07,0.0,0.18910306692123413,-0.00011708648422468216
176400,-0.00036651192931458354,1.881065979887353e-05,-3.6884320855140684,2.8520822e-07,0.0,-0.01973724365234375,-0.00012099534226024389
176600,-0.00048128413618542254,1.4116697025201575e-05,-3.688498377799988,3.7401912e-07,0.0,-0.045262694358825684,-0.0002031175671238561
176800,-0.00027641968335956335,1.8070929263558357e-05,-3.6884502470493317,2.8580428e-07,0.0,-0.01774740219116211,-0.0001442185198588408
177000,-0.0006685933913104236,1.8615331828186755e-05,-3.6884919464588166,4.670024e-07,0.0,0.050216615200042725,-0.000218060238229556
177200,-0.00041394340223632753,1.4367808171300567e-05,-3.688485234975815,2.3931264e-07,0.0,0.15985256433486938,-0.0001247171498948596
177400,-0.0004562896501738578,2.6449343204149044e-05,-3.6884701430797575,2.8401612e-07,0.0,0.0990152359008789,-0.00014526092925450928
177600,-0.0007238227990455925,2.638323769588169e-05,-3.6884040772914886,6.9618227e-07,0.0,0.06374514102935791,-0.0002655395471590549
177800,-0.0003617385227698833,2.6002517438428184e-05,-3.6883949100971223,4.6998264e-07,0.0,0.047131121158599854,-0.0001556276230235687
178000,-0.0004479738709051162,2.7753684116760267e-05,-3.6884686589241027,2.989173e-07,0.0,0.08892565965652466,-0.00016283214074515052
178200,-0.00047168138553388417,1.8454690689395647e-05,-3.688458228111267,5.8680774e-07,0.0,0.16407710313796997,-0.0002253500610383874
178400,-0.0005451369215734303,9.341852501165704e-05,-3.688459891080856,4.2617324e-07,0.0,0.09462898969650269,-0.0001926835757657841
178600,-0.00042030418990179896,5.635726497530413e-05,-3.6884467244148254,3.9666892e-07,0.0,-0.0014487504959106445,-0.00019643856648006165
178800,-0.00015949911903589964,3.910993536919705e-05,-3.688485163450241,2.7805567e-07,0.0,0.08859103918075562,-0.00013232734764496713
179000,-0.00043480435851961374,2.3583444317409885e-05,-3.6885123789310454,4.0471554e-07,0.0,0.11530137062072754,-0.0002320053992688753
179200,-0.0006454023532569408,2.217662413386279e-05,-3.6884276926517487,4.932284e-07,0.0,-0.045794010162353516,-0.00020621392093858048
179400,-0.0005910122417844832,2.037352644492785e-05,-3.6884125053882597,4.518032e-07,0.0,0.025060653686523438,-0.00023072785233728687
179600,-0.0006527070654556155,1.2195634963063639e-05,-3.688490128517151,5.4866075e-07,0.0,-0.2878437042236328,-0.0002402748478665284
179800,-0.00044458816410042346,1.3741482075602107e-05,-3.6883998811244965,5.65052e-07,0.0,0.04192066192626953,-0.00022897954122185203
180000,-0.0005098083056509495,1.8501251793168195e-05,-3.688464123010635,4.2289494e-07,0.0,-0.037902235984802246,-0.0002195160976725674
180200,-0.000502539798617363,2.03549361003752e-05,-3.6884458899497985,4.7445297e-07,0.0,0.179887592792511,-0.00020411920574906484
180400,-2.3753918867441826e-05,3.0880692384016585e-05,-3.6884263694286346,3.117323e-07,0.0,0.10099953413009644,-0.0001487086576439811
180600,-0.00027262387447990477,2.2454996724263765e-05,-3.6884864568710327,2.4706125e-07,0.0,-0.061997413635253906,-0.0001419350793132601
180800,-0.00028969135018996894,1.1797978106642405e-05,-3.688442748785019,3.1083823e-07,0.0,-0.06697797775268555,-0.00016075689960382
181000,-0.0004704704915639013,1.84772655757115e-05,-3.68849196434021,3.0726196e-07,0.0,0.1400662660598755,-0.0001648589907026654
181200,-0.0005126784089952707,2.2078864208197047e-05,-3.6884440183639526,3.1411648e-07,0.0,0.05140197277069092,-0.00014840350384033308
181400,-0.000484419462736696,3.809334984907764e-05,-3.6883911371231077,4.49419e-07,0.0,0.005024909973144531,-0.00020051724469458688
181600,-0.0003206712717656046,1.5957356868057105e-05,-3.6885003745555878,2.6136635e-07,0.0,-0.09140515327453613,-0.0001514819862397765
181800,-0.0003860197903122753,1.3938420124759432e-05,-3.6884181976318358,4.5210123e-07,0.0,-0.09823966026306152,-0.00021984297000881002
182000,-0.0007371064275503159,3.846679642265372e-05,-3.6884519875049593,5.468726e-07,0.0,-0.008448362350463867,-0.0002339543111339548
182200,-0.0004425891675055027,2.1724693033320365e-05,-3.688516968488693,2.9385092e-07,0.0,0.15148288011550903,-0.00013599925409044645
182400,-0.000620572769548744,1.7613638419788913e-05,-3.68843691945076,5.0485136e-07,0.0,-0.05734395980834961,-0.0002181825500946477
182600,-0.00039023952558636665,2.1356530396587914e-05,-3.6884137988090515,3.9458274e-07,0.0,0.08710187673568726,-0.00017118790760332626
182800,-0.0002457939845044166,2.284745066845062e-05,-3.688437634706497,3.0845405e-07,0.0,-0.2000495195388794,-0.0001405757659824758
183000,-0.0005598878487944603,3.591147165025177e-05,-3.688452398777008,7.715821e-07,0.0,0.020618915557861328,-0.0002976865109344584
183200,-0.0004029509436804801,1.1839588160000858e-05,-3.6883997440338137,3.2633542e-07,0.0,0.17041200399398804,-0.00016564556914544504
183400,-0.0003613920125644654,2.638655460032169e-05,-3.688470184803009,3.6239624e-07,0.0,0.08382904529571533,-0.00018099868272072328
183600,-0.000349444686435163,1.561029735057673e-05,-3.688439041376114,4.684925e-07,0.0,0.012758731842041016,-0.00018839871952849307
183800,-0.00026115227956324816,3.068014984819456e-05,-3.6885310053825378,3.245473e-07,0.0,0.03402823209762573,-0.0001669850053425126
184000,-0.0006666534463874996,1.9680368018271112e-05,-3.688449555635452,4.7415494e-07,0.0,0.04365760087966919,-0.00023027223911729067
184200,-0.0006393348448909819,2.1323909618331526e-05,-3.6884665310382845,4.1663648e-07,0.0,0.14540016651153564,-0.0002213044326666136
184400,-0.00036714444286189973,2.0487218012021913e-05,-3.6884504675865175,4.2140488e-07,0.0,-0.05459773540496826,-0.00019019445155947777
184600,-0.0003965859941672534,1.2062607288498839e-05,-3.688477349281311,3.2901764e-07,0.0,0.21908468008041382,-0.00017104233709321903
184800,-0.0008075704681687057,1.4287112617239472e-05,-3.688417613506317,5.209446e-07,0.0,-0.29528939723968506,-0.00024492682342067693
185000,-0.000663171464111656,1.1944653078899136e-05,-3.6883149087429046,7.915497e-07,0.0,0.06951630115509033,-0.000249198495212799
185200,-0.00037919252645224333,2.3697883170825663e-05,-3.6883622288703917,4.0709972e-07,0.0,0.10545319318771362,-0.00017775244385020983
185400,-0.0001892428263090551,6.594641774881893e-06,-3.688414454460144,3.1262636e-07,0.0,0.23173117637634277,-0.00015498128479527474
185600,-0.0004227285971865058,1.7648008838477836e-05,-3.6884686768054964,2.732873e-07,0.0,0.12799876928329468,-0.0001541373729198714
185800,-0.0003504937922116369,1.0041498740065435e-05,-3.6884176075458526,2.6643278e-07,0.0,-0.17110776901245117,-0.00015644158372094542
186000,-0.00044935132609680295,1.22914886333092e-05,-3.688357764482498,3.3885237e-07,0.0,0.09365290403366089,-0.00016058145260093858
186200,-0.0003503244952298701,1.804217395147134e-05,-3.6883331775665282,4.2200088e-07,0.0,-0.003325819969177246,-0.00015229580483557825
186400,-0.0004986214335076511,2.143178712685767e-05,-3.6884132862091064,3.3855437e-07,0.0,-0.0009049177169799805,-0.00018953013177847033
186600,-0.0006703647086396813,2.387106096648495e-05,-3.688378620147705,5.1736833e-07,0.0,-0.03617250919342041,-0.00020382898976629705
186800,-0.0003221189836040139,1.712819880594907e-05,-3.688378316164017,3.4719707e-07,0.0,0.08536261320114136,-0.00016572043492946165
187000,-0.00042093536467291415,3.265365680817922e-05,-3.688459950685501,3.1590463e-07,0.0,0.07765376567840576,-0.00018202459871803357
187200,-0.0002816154155880213,2.031196504503896e-05,-3.688431167602539,3.376603e-07,0.0,-0.015097260475158691,-0.00016867759726197918
187400,-0.0005180897423997521,4.852049123655888e-05,-3.6882764220237734,6.124377e-07,0.0,0.0582960844039917,-0.000251615400599059
187600,-0.0005817005294375122,2.2847369291412178e-05,-3.688322180509567,5.310774e-07,0.0,0.021738708019256592,-0.00022224612577932402
187800,-0.0004909917479380965,1.5800282812961087e-05,-3.6883088111877442,5.143881e-07,0.0,-0.07961297035217285,-0.00020891622702925438
188000,-0.0006587450043298304,1.4775591557736334e-05,-3.688328927755356,5.733967e-07,0.0,0.0438615083694458,-0.00023793732244326016
188200,-0.0005439003580249846,1.7052977750608988e-05,-3.6883100807666778,4.5895575e-07,0.0,0.11921089887619019,-0.0001752172258945528
188400,-0.0004897888284176588,3.427553638175595e-05,-3.6884308099746703,3.567338e-07,0.0,-0.018618345260620117,-0.0001959487054432607
188600,-0.0003648608981166035,2.1799784371978602e-05,-3.6883401930332185,3.7193297e-07,0.0,0.006938278675079346,-0.00016474605920606676
188800,-0.0006429548375308514,2.1446733853736077e-05,-3.688391941785812,5.26309e-07,0.0,-0.07382166385650635,-0.00022587544448899878
189000,-0.0007705756579525769,2.0997607975914434e-05,-3.6883213579654694,7.44164e-07,0.0,0.03074854612350464,-0.00023150429387019944
189200,-0.00031373315141536295,1.3177232449379517e-05,-3.6883777141571046,2.6136638e-07,0.0,-0.023995161056518555,-0.00012846793202629935
189400,-0.00045917805982753634,4.676952080444608e-05,-3.688383251428604,4.2647122e-07,0.0,0.06894469261169434,-0.00018232079211468743
189600,-0.0004796308057848364,2.5133973849733593e-05,-3.688330888748169,5.2660704e-07,0.0,-0.026202082633972168,-0.00020325736584800858
189800,-0.0004305270267650485,1.3608407039100712e-05,-3.688433516025543,2.4467707e-07,0.0,0.008176028728485107,-0.00013494397600375408
190000,-0.0005265959771350026,1.9865780609507054e-05,-3.6883452236652374,4.7981734e-07,0.0,0.12690919637680054,-0.00018384000730757853
190200,-0.0005548631306737661,2.7815280327558865e-05,-3.688284879922867,4.4643878e-07,0.0,-0.005434751510620117,-0.000189309371577151
190400,-0.0004631967458408326,1.9137700951432636e-05,-3.688437581062317,3.0338765e-07,0.0,-0.07236933708190918,-0.0001636760824999417
190600,-0.0005343355005607009,2.3136699860515363e-05,-3.688361293077469,6.9648024e-07,0.0,0.08951449394226074,-0.000259684874624555
190800,-0.0004258271655999124,2.747213593465858e-05,-3.6884098052978516,3.4451483e-07,0.0,0.14262837171554565,-0.00019712522233498732
191000,-0.0005244179628789425,1.3557808711084362e-05,-3.6883836448192597,5.3554777e-07,0.0,-0.013406872749328613,-0.0002445786116276327
191200,-0.00042490975465625525,2.975425750264549e-05,-3.6884396612644195,3.1590463e-07,0.0,0.07914578914642334,-0.00016951455237972367
191400,-0.0004463570658117533,2.1185252330724323e-05,-3.6883560836315157,3.5464763e-07,0.0,-0.09508752822875977,-0.00017773599930388518
191600,-0.0002297881292179227,1.1073368955294428e-05,-3.6884065508842467,2.7745963e-07,0.0,0.13861209154129028,-0.00013915469546816884
191800,-0.00035254235262982547,1.642669728880719e-05,-3.6883913815021514,4.1544436e-07,0.0,0.03560370206832886,-0.00018492358737027815
192000,-0.00042509371996857226,1.080366774885988e-05,-3.688374960422516,3.5226344e-07,0.0,0.08822083473205566,-0.00017214471151305588
192200,-0.0009976922301575541,7.905290249254904e-06,-3.688376224040985,6.7204235e-07,0.0,0.07074552774429321,-0.0003072588589628111
192400,-0.00037951150443404913,1.3743050135417435e-05,-3.688366508483887,4.5806172e-07,0.0,0.0035172104835510254,-0.00019434732308480917
192600,-0.000271009310381487,1.8739958636615484e-05,-3.68833612203598,4.336238e-07,0.0,-0.011155009269714355,-0.00018809958916330416
192800,-0.00028033522539772093,3.653350036074699e-05,-3.6883334517478943,3.8355589e-07,0.0,0.05908149480819702,-0.00014837724076395277
193000,-0.000759633257985115,2.1777868641947862e-05,-3.6884636700153353,5.450845e-07,0.0,0.021988511085510254,-0.00026621262878756546
193200,-0.0004333881370257586,1.24166544082982e-05,-3.688456600904465,3.1501054e-07,0.0,0.10934031009674072,-0.0001723232942858477
193400,-0.0003274129703640938,1.1404232020595373e-05,-3.688416528701782,3.248453e-07,0.0,0.1585952639579773,-0.00016634042578129727
193600,-0.0004078343918081373,2.014245465034037e-05,-3.688334560394287,3.2931567e-07,0.0,0.07337677478790283,-0.00015357400488926753
193800,-0.00032802295754663646,1.9227620805395416e-05,-3.6883544325828552,3.582239e-07,0.0,0.03695690631866455,-0.0001830540296396066
194000,-0.00032088803709484637,3.071286710110144e-05,-3.688392871618271,3.066659e-07,0.0,0.06322342157363892,-0.00015413505209402878
194200,-0.0005622329190373421,1.2816651815228396e-05,-3.688362294435501,3.695488e-07,0.0,0.017686665058135986,-0.00020319116953761984
194400,-0.00042150073568336666,2.0937546901222957e-05,-3.688338828086853,5.435944e-07,0.0,0.03318756818771362,-0.00021413919436987782
194600,-0.00026510018506087363,6.572806805706932e-05,-3.688420456647873,4.094839e-07,0.0,0.08132141828536987,-0.00018532028020934455
194800,-0.00018657921464182436,2.8869732386738178e-05,-3.6883657038211823,4.798174e-07,0.0,0.15298378467559814,-0.00016883327461190146
195000,-0.00022324333258438855,1.1980974909420183e-05,-3.68832106590271,3.9219856e-07,0.0,0.017225146293640137,-0.0001659863544931528
195200,-0.00025700018159113824,2.22184347194343e-05,-3.6884710013866426,4.923344e-07,0.0,0.0020726919174194336,-0.00021577770955014675
195400,-0.00037985772360116243,1.37677998509389e-05,-3.6883107125759125,4.1574242e-07,0.0,-0.015424609184265137,-0.00016039583443608896
195600,-0.0004156034265179187,2.0286126095925282e-05,-3.6883795261383057,4.6044588e-07,0.0,0.09916722774505615,-0.00020380123770677994
195800,-0.0007174317725002766,1.590095323535934e-05,-3.6883765935897825,5.713105e-07,0.0,0.057180702686309814,-0.00025842060777856444
196000,-0.00018949410878121853,1.3891987691749819e-05,-3.68840754032135,4.4733287e-07,0.0,0.016406238079071045,-0.000194725028760101
196200,-0.0004310942895244807,2.1351205077735358e-05,-3.6883891344070436,3.9458274e-07,0.0,0.020741581916809082,-0.00017628186880784823
196400,-0.0006930565577931702,2.5394686963409187e-05,-3.6884156823158265,4.8518183e-07,0.0,-0.005720734596252441,-0.00019938211217778167
196600,-0.0004297787672840059,1.1648026679722534e-05,-3.6884496927261354,3.6418436e-07,0.0,0.12595289945602417,-0.00018363791580389144
196800,-0.0004948263522237539,1.9040953520743643e-05,-3.68841267824173,4.4316056e-07,0.0,0.061330199241638184,-0.00020205050781657574
197000,-0.0005334531888365746,3.205037724001159e-05,-3.6884106755256654,4.902482e-07,0.0,-0.07399439811706543,-0.0002459055550541933
197200,-0.00037803425220772624,2.1458083506331604e-05,-3.688396567106247,3.808737e-07,0.0,0.11252129077911377,-0.00017962025536624182
197400,-0.0004217004752717912,2.068334902105562e-05,-3.688440853357315,3.865361e-07,0.0,0.12240856885910034,-0.00017963590404803664
197600,-0.000631658302154392,1.7675163053354482e-05,-3.6883920073509215,4.87864e-07,0.0,0.10470765829086304,-0.00020895226411425937
197800,-0.0004840311303269118,2.7298092345517943e-05,-3.6884577095508577,5.203485e-07,0.0,0.08600467443466187,-0.0002785087780523554
198000,-0.0004151324974372983,2.1253465729387244e-05,-3.68849863409996,3.236532e-07,0.0,0.025649666786193848,-0.00016222546927769922
198200,-0.0004297018167562783,2.6795744179253234e-05,-3.6883989930152894,5.7399274e-07,0.0,0.13605070114135742,-0.00023720079610076717
198400,-0.00039243450737558305,3.822509979727329e-05,-3.6884269773960114,5.77569e-07,0.0,0.07664638757705688,-0.00022932994318540788
198600,-0.0008111805655062199,1.7315669697381964e-05,-3.688452810049057,5.891919e-07,0.0,0.1076996922492981,-0.00026608508495700177
198800,-0.0006203890079632401,1.606526157047483e-05,-3.688472878932953,3.924966e-07,0.0,0.14519822597503662,-0.00019188210146399155
199000,-0.0003862635639961809,3.321060103189666e-05,-3.688525694608688,2.580881e-07,0.0,-0.06466400623321533,-0.00015545775713166066
199200,-0.00041810088441707194,9.699835277388048e-06,-3.6884543895721436,2.142787e-07,0.0,-0.024098873138427734,-0.0001398001536825344
199400,-0.0005541964201256633,2.383205537626054e-05,-3.688474935293198,5.2303074e-07,0.0,0.0164758563041687,-0.00025050351745085073
199600,-0.0005006805877201259,1.3544574585466762e-05,-3.688475650548935,6.5267085e-07,0.0,0.09910750389099121,-0.00023713785467429637
199800,-0.0003557432792149484,1.1958814593526767e-05,-3.688444697856903,2.9295683e-07,0.0,-0.03688371181488037,-0.00014513766762018764
200000,-0.00038703621248714626,1.9475994281492604e-05,-3.688418221473694,4.7236682e-07,0.0,0.13749724626541138,-0.00018643246729903583
