timestep,loss,value_loss,entropy_loss,approx_kl,clip_fraction,explained_variance,policy_gradient_loss
200,,,,,,,
400,0.017779432237148285,0.05097655337303877,-3.68887637257576,1.66893e-07,0.0,-1.7054579257965088,-0.00014005041167655107
600,0.06437893211841583,0.08399613983929158,-3.6888752698898317,2.2470951e-07,0.0,-0.8571442365646362,-0.00015069034701866712
800,0.028440209105610847,0.06351790307089686,-3.6888734817504885,2.7239324e-07,0.0,-1.0550541877746582,-0.0001479431618415461
1000,0.02111927792429924,0.04562760735861957,-3.6888730227947235,2.8461218e-07,0.0,-1.1384882926940918,-0.00013518353565995512
1200,0.022587822750210762,0.055871785059571265,-3.6888725459575653,3.3140182e-07,0.0,-0.975216269493103,-0.00015557327809869736
1400,0.014756930992007256,0.026654040766879918,-3.6888717889785765,3.7789346e-07,0.0,-0.7973546981811523,-0.00021584005453405551
1600,0.022175151854753494,0.04834728022105992,-3.6888713598251344,2.4169685e-07,0.0,-0.9562697410583496,-0.00012300894104020355
1800,0.07911816984415054,0.11645978130400181,-3.688869649171829,2.1666287e-07,0.0,-0.1275634765625,-0.00011585418848301387
2000,0.0437251552939415,0.05405352110974491,-3.688869720697403,2.4259091e-07,0.0,-0.4913361072540283,-0.0001417007593278008
2200,0.04534886032342911,0.10472615510225296,-3.6888694524765016,3.4213065e-07,0.0,-0.34382593631744385,-0.00017341462494870896
2400,0.028706252574920654,0.08695620838552713,-3.6888689041137694,3.707409e-07,0.0,-0.33005285263061523,-0.00016704124277224785
2600,0.0811457559466362,0.19922325406223534,-3.688868075609207,1.9073487e-07,0.0,-0.2360858917236328,-0.00012961609558646004
2800,0.014193639159202576,0.03566108620725572,-3.688867825269699,2.1636487e-07,0.0,-0.9598008394241333,-0.00013692211732063697
3000,0.0159596037119627,0.041588696138933304,-3.6888675510883333,2.512336e-07,0.0,-0.8308876752853394,-0.00013604281896113514
3200,0.016301456838846207,0.03349285656586289,-3.688867652416229,2.104044e-07,0.0,-0.7138051986694336,-0.0001278551148841456
3400,0.03796356916427612,0.07674581846222281,-3.688867747783661,1.4960766e-07,0.0,-0.6893328428268433,-0.00012192691888666119
3600,0.014879495836794376,0.03814669051207602,-3.6888673424720766,2.2500754e-07,0.0,-0.2546248435974121,-0.00012640610404446306
3800,0.01390398945659399,0.03166051111184061,-3.6888672590255736,3.0875205e-07,0.0,-1.6549949645996094,-0.00016398607892551543
4000,0.0212812852114439,0.049901719717308876,-3.6888664960861206,2.2798775e-07,0.0,-0.4855368137359619,-0.0001142880201459695
4200,0.04750990867614746,0.08140967432409525,-3.688866025209427,3.477931e-07,0.0,-0.27955853939056396,-0.00016412039003843581
4400,0.011640460230410099,0.022020885068923236,-3.6888656318187714,2.351403e-07,0.0,-0.4870166778564453,-0.00014515165947557307
4600,0.016431502997875214,0.04362274408340454,-3.688865876197815,2.9981135e-07,0.0,-0.5834342241287231,-0.00016988454796327269
4800,0.016675230115652084,0.040618252102285625,-3.6888653934001923,2.1219253e-07,0.0,-0.8028879165649414,-0.00013034517331402817
5000,0.01750735193490982,0.029267087019979952,-3.688865178823471,2.592802e-07,0.0,-0.9061764478683472,-0.0001373294283951054
5200,0.009647178463637829,0.024726541293784977,-3.6888653934001923,4.804134e-07,0.0,-1.5342755317687988,-0.00018788534182225813
5400,0.009197882376611233,0.021580793731845915,-3.688865435123444,3.027916e-07,0.0,-1.2711877822875977,-0.00017328663853741766
5600,0.030087443068623543,0.08043486615642906,-3.6888654112815855,1.7523766e-07,0.0,-0.19698035717010498,-0.0001217086170089976
5800,0.03155677765607834,0.052544896490871906,-3.6888642489910124,2.4408104e-07,0.0,-0.24091839790344238,-0.00013833162633920538
6000,0.02413276955485344,0.046837574103847146,-3.688863092660904,2.744794e-07,0.0,-0.5556313991546631,-0.0001426797502731447
6200,0.01648716628551483,0.022851271205581725,-3.6888623893260957,2.220273e-07,0.0,-1.0513887405395508,-0.00014860595100850692
6400,0.028751900419592857,0.06519803977571428,-3.6888619482517244,1.5348196e-07,0.0,-0.3036435842514038,-0.0001064541347220227
6600,0.016021886840462685,0.0254095999058336,-3.688861036300659,2.720952e-07,0.0,-0.9246673583984375,-0.00016375718150254403
6800,0.02923309989273548,0.051194309210404756,-3.6888615906238558,2.6643275e-07,0.0,-0.39642465114593506,-0.00015424770052573366
7000,0.009099354036152363,0.02521492699161172,-3.688860982656479,2.2619963e-07,0.0,-0.5531001091003418,-0.00014613918982195884
7200,0.008069579489529133,0.023984967009164394,-3.688860386610031,2.1368265e-07,0.0,-0.208967924118042,-0.00013394272374154249
7400,0.04183526337146759,0.06522196629084646,-3.6888600647449494,2.2053719e-07,0.0,-0.20541667938232422,-0.00013125684246599877
7600,0.03121468424797058,0.04726159381680191,-3.6888594567775725,2.7507542e-07,0.0,-0.46380627155303955,-0.0001710336056434558
7800,0.013796783052384853,0.027250812249258162,-3.6888595283031465,3.2007694e-07,0.0,-0.1862022876739502,-0.00016973997691957233
8000,0.017949210479855537,0.025946267135441303,-3.688859832286835,4.5746566e-07,0.0,-0.1647721529006958,-0.0002098393960781375
8200,0.03615417331457138,0.12049375521019101,-3.68885977268219,3.042817e-07,0.0,-0.03962600231170654,-0.00016488112658248345
8400,0.010360960848629475,0.03108367370441556,-3.6888598203659058,2.0861626e-07,0.0,-0.23010218143463135,-0.00012147636712001031
8600,0.0470275841653347,0.07783698560670019,-3.6888600647449494,2.259016e-07,0.0,-0.1666179895401001,-0.00012159787150812784
8800,0.018379760906100273,0.03383021606132388,-3.688860183954239,3.1650066e-07,0.0,-0.21366417407989502,-0.00017390520101683292
9000,0.012218163348734379,0.04564057616516948,-3.6888593077659606,1.7255545e-07,0.0,-0.2892322540283203,-0.00012460060486068069
9200,0.006083473563194275,0.012455932586453855,-3.688859987258911,1.5705825e-07,0.0,-0.7309629917144775,-9.85933714765963e-05
9400,0.008801627904176712,0.02057150306645781,-3.688860058784485,2.1100044e-07,0.0,-0.3044470548629761,-0.0001262527843268746
9600,0.05668022483587265,0.09718563817441464,-3.688859593868256,2.3305415e-07,0.0,-0.1616349220275879,-0.00014971104218386433
9800,0.04585370793938637,0.10501520903781056,-3.6888601958751677,3.054738e-07,0.0,-0.11128771305084229,-0.00015268959745660116
10000,0.05160127207636833,0.07251752577722073,-3.6888587892055513,1.874566e-07,0.0,-0.15134572982788086,-9.81149973296791e-05
10200,0.03035137802362442,0.03823848511092365,-3.688858950138092,1.7464161e-07,0.0,-0.12151265144348145,-0.00010039092732991862
10400,0.019190272316336632,0.03324375068768859,-3.688857173919678,2.7149918e-07,0.0,-0.12502193450927734,-0.0001691518285136695
10600,0.039953555911779404,0.05664233691059053,-3.688856637477875,1.552701e-07,0.0,-0.2635878324508667,-0.00010794929413577847
10800,0.020067790523171425,0.038565375236794354,-3.6888564825057983,3.4153464e-07,0.0,-0.11989986896514893,-0.00018535748247630046
11000,0.012466945685446262,0.01962219290435314,-3.688856601715088,2.0891429e-07,0.0,-0.4169095754623413,-0.00013298787092685949
11200,0.05243005231022835,0.0943109393119812,-3.6888546466827394,2.4020673e-07,0.0,-0.07280111312866211,-0.00014177493065687942
11400,0.00785679742693901,0.014002827403601259,-3.6888536870479585,1.269579e-07,0.0,-0.5709326267242432,-9.509599213833875e-05
11600,0.01205546222627163,0.03094575540162623,-3.688853198289871,2.911687e-07,0.0,-0.3422623872756958,-0.00016427326239067951
11800,0.022109709680080414,0.06232306626625359,-3.688852679729462,2.798438e-07,0.0,-0.008428454399108887,-0.00017231933879862104
12000,0.020040880888700485,0.045308355567976834,-3.688852679729462,3.2782555e-07,0.0,-0.06069505214691162,-0.00017195010495711925
12200,0.0033181258477270603,0.008451108844019473,-3.688852345943451,2.4050473e-07,0.0,-0.2513047456741333,-0.00014051760806559342
12400,0.009103499352931976,0.041176119539886716,-3.688852107524872,2.884865e-07,0.0,-0.05374574661254883,-0.00014998037219602356
12600,0.014288385398685932,0.04164616661146283,-3.6888520777225495,3.4183262e-07,0.0,-0.053044915199279785,-0.00018832015937504388
12800,0.023780379444360733,0.03497029640711844,-3.6888523936271667,1.886487e-07,0.0,-0.15231645107269287,-0.00010831995235458525
13000,0.010176671668887138,0.02092401166446507,-3.688851463794708,1.758337e-07,0.0,-0.34119153022766113,-0.00012249389239247233
13200,0.006478989962488413,0.04197936716955155,-3.6888518214225767,2.0444392e-07,0.0,-0.12025845050811768,-0.00012648413684563932
13400,0.012188037857413292,0.027384430402889848,-3.688852292299271,3.4451483e-07,0.0,-0.1350722312927246,-0.00015966072628998963
13600,0.056660257279872894,0.10126620489172637,-3.688852494955063,1.9282103e-07,0.0,-0.03527545928955078,-0.00012618872473768583
13800,0.029781866818666458,0.04392817341722548,-3.6888526916503905,3.3855437e-07,0.0,-0.12788116931915283,-0.00016378201601883192
14000,0.028353214263916016,0.03961791931651533,-3.6888507664203645,3.2961367e-07,0.0,-0.0704871416091919,-0.00018854260462388694
14200,0.043426476418972015,0.05788138411007822,-3.6888496339321137,2.3812055e-07,0.0,-0.08514809608459473,-0.00015690808095565335
14400,0.009740490466356277,0.019775023753754794,-3.6888485312461854,2.1010636e-07,0.0,-0.10144340991973877,-0.00013272610954828679
14600,0.007954848930239677,0.015041133691556751,-3.6888483107089995,2.8282403e-07,0.0,-0.1353762149810791,-0.00013640380033406175
14800,0.05278633534908295,0.0795668687671423,-3.6888474822044373,2.5600195e-07,0.0,-0.006450057029724121,-0.0001507365341044009
15000,0.006131123751401901,0.01237324281828478,-3.688846743106842,3.3020973e-07,0.0,-0.24820935726165771,-0.00015379280541805151
15200,0.02754872292280197,0.05693323342129588,-3.6888456523418425,1.9818545e-07,0.0,-0.07671058177947998,-0.0001367011383103911
15400,0.01652281917631626,0.042622104031033815,-3.688845455646515,2.0563603e-07,0.0,-0.06154322624206543,-0.00013889403544076195
15600,0.008605553768575191,0.015135854645632208,-3.688844895362854,1.7255545e-07,0.0,0.0018060803413391113,-0.00011207498634306923
15800,0.009756512939929962,0.020316507341340183,-3.6888461291790007,1.5676022e-07,0.0,-0.1307739019393921,-0.00010793457756864134
16000,0.002402522135525942,0.010182829143013805,-3.6888457119464872,2.682209e-07,0.0,-0.10461270809173584,-0.00014569139482896177
16200,0.004255990032106638,0.02014729008078575,-3.688844847679138,3.8892034e-07,0.0,-0.11661767959594727,-0.00020169104182822252
16400,0.0178997740149498,0.05505819604732096,-3.6888465881347656,3.3587216e-07,0.0,-0.0604248046875,-0.00016195678684350901
16600,0.04514477029442787,0.05270963469520211,-3.6888456106185914,2.7120112e-07,0.0,-0.06573164463043213,-0.0001518547990417396
16800,0.01467615645378828,0.033100069221109155,-3.6888461649417876,1.7017126e-07,0.0,-0.06417477130889893,-0.00010849502761569595
17000,0.02360655553638935,0.044808645034208894,-3.6888461828231813,1.3142824e-07,0.0,-0.06864273548126221,-9.746155908603171e-05
17200,0.028918486088514328,0.06602167068049311,-3.688845282793045,3.9190053e-07,0.0,-0.015996575355529785,-0.00020489251880502214
17400,0.018145520240068436,0.04163966211490333,-3.688845032453537,2.9921532e-07,0.0,-0.0331341028213501,-0.00014890736401582672
17600,0.0025030532851815224,0.006744403258198872,-3.6888433694839478,3.3795834e-07,0.0,-0.09460866451263428,-0.00016065388868962137
17800,0.0023920447565615177,0.00752695988630876,-3.688843286037445,2.3841858e-07,0.0,-0.01830136775970459,-0.0001387555371735516
18000,0.017618361860513687,0.04249297706410289,-3.6888428211212156,3.2305718e-07,0.0,-0.034601569175720215,-0.00018033258655121288
18200,0.00763601204380393,0.01718390902969986,-3.6888408720493318,3.415346e-07,0.0,-0.0664820671081543,-0.00015290939757400812
18400,0.005888510961085558,0.010752568882890046,-3.688840365409851,3.0696393e-07,0.0,-0.044776320457458496,-0.00013519862234319114
18600,0.004946318455040455,0.00923894951120019,-3.6888401567935944,2.500415e-07,0.0,-0.08774745464324951,-0.0001454896929692584
18800,0.010076465085148811,0.01886188113130629,-3.6888400852680205,3.1501054e-07,0.0,-0.027194499969482422,-0.00018265913281139133
19000,0.0037603694945573807,0.010105544829275458,-3.688839095830917,3.7640334e-07,0.0,-0.001002669334411621,-0.00021612952648275563
19200,0.004216167144477367,0.00857896254165098,-3.688839542865753,3.6388636e-07,0.0,-0.04846072196960449,-0.00019526707967270073
19400,0.00794389471411705,0.02397499333601445,-3.688838446140289,2.512336e-07,0.0,-0.009234905242919922,-0.00013182420242130455
19600,0.013217601925134659,0.0208607328357175,-3.688839691877365,3.0964614e-07,0.0,-0.007865428924560547,-0.00015544301293877183
19800,0.01887739636003971,0.026829106360673906,-3.6888421714305877,3.8683416e-07,0.0,0.0011819005012512207,-0.0001853933785184836
20000,0.011368370614945889,0.01611910673091188,-3.68884334564209,3.7789346e-07,0.0,-0.009551763534545898,-0.00016920843474406145
20200,0.008715905249118805,0.037436154950410125,-3.688844305276871,2.8997658e-07,0.0,0.0032588839530944824,-0.0001585335295187673
20400,0.04156842455267906,0.08709276346489787,-3.6888425409793855,2.837181e-07,0.0,0.006032407283782959,-0.00016707383082207317
20600,0.024096833541989326,0.05830403752624989,-3.6888396620750425,3.0457971e-07,0.0,0.012983560562133789,-0.00018166781576240966
20800,0.012053373269736767,0.030755117209628223,-3.6888381958007814,2.4855137e-07,0.0,0.0031594038009643555,-0.00014735925150239916
21000,0.005567412357777357,0.013512792577967048,-3.688837522268295,2.118945e-07,0.0,-0.02147531509399414,-0.00012902560795146066
21200,0.015066619962453842,0.030070028314366937,-3.6888352632522583,2.8371812e-07,0.0,-0.015106678009033203,-0.00015807797531524058
21400,0.0011747970711439848,0.01790152394969482,-3.688834381103516,2.1517278e-07,0.0,0.03206360340118408,-0.0001258627817337321
21600,0.017518924549221992,0.045261832000687716,-3.68883376121521,2.2232533e-07,0.0,0.0177994966506958,-0.00011492129410251017
21800,0.022741714492440224,0.027165341097861527,-3.688832926750183,1.5258789e-07,0.0,0.018839716911315918,-0.00011185374482809429
22000,0.018152032047510147,0.026337123662233352,-3.6888301968574524,2.4974347e-07,0.0,0.026121854782104492,-0.0001508822079275607
22200,0.008319986052811146,0.020830900268629195,-3.688830780982971,3.3944843e-07,0.0,0.047981441020965576,-0.00019797094038551677
22400,0.018278244882822037,0.038848114246502516,-3.688828927278519,2.3365021e-07,0.0,0.021449744701385498,-0.00014125504962181346
22600,0.01919209584593773,0.06599971619434655,-3.688830667734146,1.7285346e-07,0.0,0.030060172080993652,-0.00011955544393518202
22800,0.0034820782020688057,0.015025244851130992,-3.688829255104065,1.9967557e-07,0.0,0.06357789039611816,-0.00012166704697396114
23000,0.007468936499208212,0.03472390531096607,-3.688829642534256,1.5288592e-07,0.0,0.028728842735290527,-0.00011353366905146878
23200,0.01916143298149109,0.038337806891649964,-3.6888299763202665,2.5987623e-07,0.0,0.05527043342590332,-0.00015143852024244176
23400,0.01692155934870243,0.03020287349354476,-3.6888281524181368,4.1812658e-07,0.0,0.02671581506729126,-0.0001896720781755956
23600,0.017341170459985733,0.03837606068700552,-3.6888274908065797,1.463294e-07,0.0,0.05561619997024536,-9.967739860465841e-05
23800,0.03441329300403595,0.04692914590705186,-3.688828355073929,2.026558e-07,0.0,0.03975570201873779,-0.00013672457236577618
24000,0.019819321110844612,0.031908143986947836,-3.6888259768486025,2.1517276e-07,0.0,0.05484384298324585,-0.00015313735669342243
24200,0.02580234780907631,0.03999988986179233,-3.688824200630188,3.0994414e-07,0.0,0.06490057706832886,-0.0001557744360821456
24400,0.011923110112547874,0.025864971010014413,-3.6888237059116364,2.2649765e-07,0.0,0.024333178997039795,-0.00013965892830458682
24600,0.009890533052384853,0.03697490259073675,-3.688824027776718,2.2917986e-07,0.0,0.05520200729370117,-0.00014581481306151777
24800,0.009296081960201263,0.022832041955552995,-3.6888229191303252,3.913045e-07,0.0,0.07209008932113647,-0.00020611295792059004
25000,0.006262681446969509,0.01883693297859281,-3.68882132768631,3.7461518e-07,0.0,0.0343930721282959,-0.00018043284148618887
25200,0.004086115397512913,0.00725816396297887,-3.688819819688797,3.1143426e-07,0.0,0.058827877044677734,-0.0001703627031302002
25400,0.003464150009676814,0.011394517775624991,-3.6888210773468018,2.6673078e-07,0.0,0.13518363237380981,-0.00015863051971655163
25600,0.009785830974578857,0.01723490490112454,-3.6888201594352723,1.7732381e-07,0.0,0.008548140525817871,-0.00011031030000574482
25800,0.009858740493655205,0.02156320814974606,-3.688820368051529,3.0696393e-07,0.0,0.07575297355651855,-0.00015318344455931833
26000,0.003940064460039139,0.02141060687135905,-3.6888177156448365,3.5613775e-07,0.0,0.040248990058898926,-0.00017284861220747682
26200,0.009293126873672009,0.02204674147069454,-3.688817572593689,2.69413e-07,0.0,0.04855984449386597,-0.00015849311695910196
26400,0.06130954250693321,0.07437673714011908,-3.688819098472595,1.9311905e-07,0.0,0.05739104747772217,-0.00011950182600770632
26600,0.011996599845588207,0.02712102811783552,-3.6888169229030607,2.4706125e-07,0.0,0.07762807607650757,-0.0001390868869693751
26800,0.018319938331842422,0.04544222974218428,-3.688815486431122,2.4437904e-07,0.0,0.07919204235076904,-0.00014434364451094696
27000,0.011736533604562283,0.02100745653733611,-3.688814181089401,2.554059e-07,0.0,0.07580322027206421,-0.00016045224673111314
27200,0.018186671659350395,0.04303284306079149,-3.6888142943382265,3.1083823e-07,0.0,0.06146138906478882,-0.00016255743863388127
27400,0.010510352440178394,0.027682869019918142,-3.688812804222107,2.551079e-07,0.0,0.07755988836288452,-0.0001570570319386233
27600,0.03831970691680908,0.07108621606603265,-3.6888128221035004,1.2755395e-07,0.0,0.0697484016418457,-9.592642595850908e-05
27800,0.010525493882596493,0.02638200595974922,-3.6888147354125977,1.6480683e-07,0.0,0.12774920463562012,-0.00012908993597340323
28000,0.02076690085232258,0.034015018679201606,-3.6888131976127623,2.771616e-07,0.0,0.024829864501953125,-0.0001430528841757539
28200,0.026795731857419014,0.047385215666145085,-3.688808888196945,2.1934508e-07,0.0,-0.008890628814697266,-0.00013057766854809305
28400,0.027706965804100037,0.06368365599773824,-3.688809424638748,1.4662743e-07,0.0,0.053856730461120605,-9.508047244639606e-05
28600,0.00414559431374073,0.010028950159903616,-3.6888099193572996,2.3752452e-07,0.0,0.08129185438156128,-0.00013864831607097728
28800,0.011785521171987057,0.025785211310721933,-3.6888108611106873,1.218915e-07,0.0,0.13581466674804688,-8.798404476308974e-05
29000,0.020723558962345123,0.033080469630658624,-3.6888125360012056,2.8669837e-07,0.0,0.04897308349609375,-0.00015436546409772767
29200,0.03290289267897606,0.05242920806631446,-3.688813257217407,1.8388033e-07,0.0,0.10035061836242676,-0.00010651556368526104
29400,0.011641783639788628,0.03663880235981196,-3.688813155889511,2.6464463e-07,0.0,0.07585275173187256,-0.00014908851657104982
29600,0.016485316678881645,0.04233503700233996,-3.6888128101825712,2.8073788e-07,0.0,0.07396847009658813,-0.00016914603865945122
29800,0.00891967210918665,0.02565376877319068,-3.6888129711151123,2.8014182e-07,0.0,0.125186026096344,-0.00016921304182142548
30000,0.0022643848787993193,0.005961116554681211,-3.6888107001781463,3.2663343e-07,0.0,0.020229101181030273,-0.0001611414731576666
30200,0.005868237931281328,0.014310524216853082,-3.6888112485408784,2.8550625e-07,0.0,0.16033905744552612,-0.00014586666270186566
30400,0.020678959786891937,0.06374597195535898,-3.688808184862137,2.8789043e-07,0.0,0.10172140598297119,-0.00014932849997841834
30600,0.03167866915464401,0.05124332630075514,-3.688809722661972,2.6404857e-07,0.0,0.08155059814453125,-0.00015788293586413982
30800,0.017656095325946808,0.037137775728479025,-3.6888054847717284,3.349781e-07,0.0,0.04603093862533569,-0.00017710336217582334
31000,0.04292388632893562,0.10305825043469667,-3.6888044476509094,1.9103288e-07,0.0,0.06462341547012329,-0.00012899915960928876
31200,0.05114307627081871,0.07675967356190086,-3.6888009309768677,3.1024217e-07,0.0,0.0884174108505249,-0.00016592854392180612
31400,0.004140447825193405,0.012123743584379554,-3.6888005316257475,3.054738e-07,0.0,0.0964234471321106,-0.00015791755821681353
31600,0.004775468725711107,0.014274931023828685,-3.688799333572388,2.6255844e-07,0.0,0.13696211576461792,-0.0001491387181114745
31800,0.017914004623889923,0.035952956741675736,-3.6887992918491364,4.577637e-07,0.0,0.1322568655014038,-0.00020563238835437093
32000,0.012699244543910027,0.05634882394224405,-3.6887969613075255,2.3633241e-07,0.0,0.0964059829711914,-0.00011113552669045901
32200,0.0015364016871899366,0.003776901983655989,-3.6887971580028536,2.4676325e-07,0.0,0.09437638521194458,-0.00013751561887609398
32400,0.008907638490200043,0.025533092487603427,-3.688802409172058,2.6017426e-07,0.0,0.10492312908172607,-0.00015017922208402368
32600,0.01004558801651001,0.023638237593695523,-3.6887997448444367,2.9802322e-07,0.0,0.07682901620864868,-0.00014734884505502867
32800,0.01896136812865734,0.03226729668676853,-3.6887979924678804,2.7894973e-07,0.0,0.12926799058914185,-0.0001581315097621605
33000,0.03285672515630722,0.060797233739867805,-3.6887988805770875,2.0414592e-07,0.0,0.07740575075149536,-0.00011811279559474919
33200,0.02824479714035988,0.0395643477793783,-3.68879719376564,3.4093858e-07,0.0,0.14854854345321655,-0.00014865994483841404
33400,0.013793030753731728,0.023582623852416874,-3.6887938916683196,2.503395e-07,0.0,0.10381078720092773,-0.00014499861058743236
33600,0.00847967155277729,0.015205835620872677,-3.688797354698181,3.5882e-07,0.0,0.15054923295974731,-0.00020227036624350658
33800,0.01128520630300045,0.03307130290195346,-3.688798040151596,1.963973e-07,0.0,0.06620866060256958,-0.0001192102889062685
34000,0.008379115723073483,0.016508801490999758,-3.688796454668045,2.9176474e-07,0.0,0.10962426662445068,-0.00016919037721372377
34200,0.01224594097584486,0.02059132754802704,-3.6887971460819244,2.864003e-07,0.0,0.22725576162338257,-0.00015604808210478716
34400,0.012258081696927547,0.033066124212928115,-3.6887993812561035,2.5570392e-07,0.0,0.12774747610092163,-0.00014764829723592498
34600,0.0345037467777729,0.08907101163640618,-3.688799959421158,2.297759e-07,0.0,-0.010189175605773926,-0.0001257704531155923
34800,0.0012736371718347073,0.004525511403335259,-3.688801383972168,4.0471554e-07,0.0,0.21597570180892944,-0.00020886687947495596
35000,0.003928984981030226,0.009510432649403811,-3.688799726963043,3.8564207e-07,0.0,0.23221522569656372,-0.0002151630348835143
35200,0.00918343011289835,0.023761867615394294,-3.6887984931468965,2.604723e-07,0.0,0.19569706916809082,-0.00013977294485174597
35400,0.009628668427467346,0.025327682052738963,-3.688799875974655,2.7984382e-07,0.0,0.04868817329406738,-0.0001743656095300139
35600,0.015585853718221188,0.03177214893512428,-3.68880056142807,3.4064055e-07,0.0,0.10358190536499023,-0.00020032334602171353
35800,0.006552582606673241,0.01642528458032757,-3.6888021528720856,2.8669834e-07,0.0,0.16872245073318481,-0.00017392118245025402
36000,0.005957016255706549,0.016407223814167083,-3.6888019502162934,2.2262336e-07,0.0,0.15214794874191284,-0.00013531597049132316
36200,0.006417789030820131,0.019022336672060193,-3.6887994170188905,3.835559e-07,0.0,0.06425124406814575,-0.00018478618524992997
36400,0.05410196632146835,0.053163213981315495,-3.6887981712818148,2.3692846e-07,0.0,0.0776892900466919,-0.0001505365889848176
36600,0.018450170755386353,0.037262176326476035,-3.688793885707855,2.1159649e-07,0.0,0.13308203220367432,-0.00011731417242253351
36800,0.011386161670088768,0.02323899413459003,-3.6887903690338133,1.7404557e-07,0.0,0.07367569208145142,-0.0001241450758998841
37000,0.017520012333989143,0.03670304981060326,-3.688789743185043,2.0205975e-07,0.0,0.1441022753715515,-0.0001322695012463182
37200,0.0041783773340284824,0.013556273456197232,-3.6887884974479674,2.1040441e-07,0.0,0.1891748309135437,-0.00012293965317189404
37400,0.014416900463402271,0.02854395811446011,-3.688791799545288,2.8371812e-07,0.0,0.052156686782836914,-0.00014621414115234543
37600,0.015247847884893417,0.03374700332060456,-3.6887895226478578,3.0606986e-07,0.0,0.02713114023208618,-0.00016867277118148838
37800,0.005300492979586124,0.011709994939155876,-3.688790798187256,2.3216009e-07,0.0,0.2146228551864624,-0.00014785164533224205
38000,0.026072677224874496,0.05351671651005745,-3.688791561126709,2.3335218e-07,0.0,0.02623838186264038,-0.00014135906152159538
38200,0.021568946540355682,0.05706384270451963,-3.68878835439682,2.479553e-07,0.0,0.11605465412139893,-0.00015416168489803538
38400,0.014953283593058586,0.04412106145173311,-3.688787800073624,2.6404857e-07,0.0,0.06154024600982666,-0.00013579180075737885
38600,0.019801676273345947,0.04086604709737003,-3.688791036605835,2.95341e-07,0.0,0.12883538007736206,-0.0001597019294098334
38800,0.029253533110022545,0.04623273885808885,-3.6887875378131865,2.5182962e-07,0.0,0.04873710870742798,-0.00014376124701692694
39000,0.007533512078225613,0.016262246808037163,-3.688788813352585,1.9729137e-07,0.0,0.11701458692550659,-0.00013170997811791097
39200,0.006251650396734476,0.012486687151249499,-3.6887902319431305,3.784895e-07,0.0,0.09985393285751343,-0.00018204564560608816
39400,0.032826799899339676,0.07199941268190742,-3.6887949109077454,2.4914743e-07,0.0,0.10658210515975952,-0.00014268814737965484
39600,0.005808384157717228,0.016854140628129243,-3.688793182373047,2.616644e-07,0.0,0.12410950660705566,-0.00014415548699866498
39800,0.01049919705837965,0.020820814848411827,-3.6887907445430757,3.165007e-07,0.0,0.14042818546295166,-0.00018478766018023007
40000,0.0022733306977897882,0.005681099940557033,-3.6887847065925596,3.0100347e-07,0.0,-0.01776754856109619,-0.0001772869524053533
40200,0.009879379533231258,0.0392143540084362,-3.6887834131717683,2.6494263e-07,0.0,0.1677146553993225,-0.00015304437714793728
40400,0.03795107454061508,0.09523724652826786,-3.688783985376358,2.0742416e-07,0.0,0.08858412504196167,-0.0001269298201763913
40600,0.015115234069526196,0.02809497332200408,-3.6887817800045015,3.5256147e-07,0.0,0.10163599252700806,-0.00018207112697532501
40800,0.03328024968504906,0.053253602748736736,-3.6887809216976164,2.5779008e-07,0.0,0.12650275230407715,-0.00012271447469038854
41000,0.008691811002790928,0.0162982429144904,-3.6887793123722075,3.439188e-07,0.0,-0.041995882987976074,-0.00020247073377981372
41200,0.011994518339633942,0.02558522401377559,-3.68877974152565,3.0487774e-07,0.0,-0.06850230693817139,-0.00014154301635653787
41400,0.025180747732520103,0.07052238453179598,-3.688780814409256,3.0994417e-07,0.0,0.07049202919006348,-0.00016337575020544114
41600,0.004141638521105051,0.009054232970811427,-3.688783270120621,2.8520822e-07,0.0,0.07538938522338867,-0.00013975300582340922
41800,0.011846066452562809,0.020238331565633417,-3.6887834548950194,2.30968e-07,0.0,0.06748366355895996,-0.00014001328505635068
42000,0.019542768597602844,0.03779790294356644,-3.6887817680835724,2.3961067e-07,0.0,0.10330367088317871,-0.0001361402274481005
42200,0.019374538213014603,0.06323133902624249,-3.688777869939804,2.4139882e-07,0.0,0.08174115419387817,-0.00014392270428869035
42400,0.001923339907079935,0.005800619145156815,-3.6887768685817717,1.9669532e-07,0.0,0.10625612735748291,-0.00010632148519666984
42600,0.010712707415223122,0.025963523657992482,-3.688776135444641,3.296137e-07,0.0,0.10574901103973389,-0.00016866822501437895
42800,0.026287486776709557,0.03898056675679982,-3.6887761294841765,2.9683113e-07,0.0,0.058479905128479004,-0.00015450145393396396
43000,0.009800519794225693,0.018110001063905656,-3.6887747764587404,2.5749205e-07,0.0,-0.0200117826461792,-0.00014842721306842498
43200,0.010994907468557358,0.021163492207415403,-3.688772660493851,2.512336e-07,0.0,0.06708943843841553,-0.00012403986695017077
43400,0.017578061670064926,0.02556513713207096,-3.688770216703415,3.1739472e-07,0.0,0.03638070821762085,-0.00016901542347369514
43600,0.023955607786774635,0.04743979969061911,-3.688773453235626,2.6226044e-07,0.0,0.1593952178955078,-0.00012927793841379097
43800,0.006520851049572229,0.021472558355890216,-3.688774299621582,2.771616e-07,0.0,0.10988003015518188,-0.00014185704268583345
44000,0.008799543604254723,0.01943075393792242,-3.6887747168540956,2.5659799e-07,0.0,0.13488584756851196,-0.00014860498801680944
44200,0.0221880953758955,0.04363530538976192,-3.6887726545333863,3.436208e-07,0.0,0.05997335910797119,-0.00018380911780142563
44400,0.006197040434926748,0.015477486024610698,-3.688775819540024,2.965331e-07,0.0,0.17254501581192017,-0.0001695645999429729
44600,0.07978369295597076,0.08908953703939915,-3.6887755274772642,2.6404857e-07,0.0,-0.04135322570800781,-0.0001402679316911959
44800,0.013016884215176105,0.022013739380054177,-3.6887719333171844,3.567338e-07,0.0,0.057155728340148926,-0.00017224150041057485
45000,0.008334299549460411,0.02104131949599832,-3.6887750387191773,3.671646e-07,0.0,0.009340465068817139,-0.00020598050583577887
45200,0.027796173468232155,0.04083218027371913,-3.688773787021637,1.6987325e-07,0.0,0.156305193901062,-0.0001187025342492154
45400,0.02083105407655239,0.040684488136321306,-3.6887749075889587,1.5676022e-07,0.0,0.17070412635803223,-9.917765884182028e-05
45600,0.030419128015637398,0.07337337210774422,-3.688774347305298,2.0325184e-07,0.0,0.09030371904373169,-0.00012480796858662657
45800,0.016840554773807526,0.03029027732554823,-3.6887741148471833,2.2679568e-07,0.0,0.13803082704544067,-0.00013477860363309002
46000,0.01704963482916355,0.030725072231143714,-3.6887736558914184,2.1159649e-07,0.0,0.12420564889907837,-0.00013931339863657577
46200,0.015512174926698208,0.018502385774627327,-3.688773286342621,3.20673e-07,0.0,0.19184476137161255,-0.0001441194710066096
46400,0.00274070561863482,0.006510705640539527,-3.688775807619095,2.2888185e-07,0.0,0.09639006853103638,-0.00014344102842613892
46600,0.002318269107490778,0.006932695733848959,-3.688776361942291,1.910329e-07,0.0,0.007461845874786377,-0.0001102551430210541
46800,0.00583623955026269,0.011902691959403456,-3.6887730777263643,2.077222e-07,0.0,-0.11640584468841553,-0.00013741978245387365
47000,0.004414034076035023,0.01421271397266537,-3.688772404193878,3.489852e-07,0.0,0.19928550720214844,-0.00020084094941434926
47200,0.008367609232664108,0.023039295570924878,-3.688771915435791,3.960729e-07,0.0,0.06350284814834595,-0.0001953814020042688
47400,0.005296148359775543,0.009377117129042744,-3.6887738168239594,4.3928623e-07,0.0,0.1418587565422058,-0.0002124048777357057
47600,0.013907620683312416,0.02483713554684073,-3.688772368431091,3.1262636e-07,0.0,0.08085435628890991,-0.0001491500961388975
47800,0.007511597126722336,0.013790565822273494,-3.6887741804122927,2.503395e-07,0.0,0.02340829372406006,-0.00012091638143942873
48000,0.017863912507891655,0.029469511145725845,-3.688772660493851,2.2470951e-07,0.0,0.17225366830825806,-0.00013668343380512926
48200,0.01046384871006012,0.019683652301318945,-3.6887704908847807,2.9802322e-07,0.0,0.15771722793579102,-0.00018784223453712778
48400,0.01699216663837433,0.05817326265387237,-3.6887716174125673,2.4706125e-07,0.0,0.11455744504928589,-0.00014177305263853856
48600,0.018509913235902786,0.030696636717766523,-3.688774400949478,3.063679e-07,0.0,0.07657992839813232,-0.00016607497717280317
48800,0.002631449606269598,0.006121640070341527,-3.6887686491012572,2.2262336e-07,0.0,0.3569639325141907,-0.00015204621828251996
49000,0.014623119495809078,0.024243617430329323,-3.688773113489151,4.133582e-07,0.0,0.023460090160369873,-0.00020087933417050062
49200,0.010978655889630318,0.03186450385255739,-3.6887743353843687,1.8835068e-07,0.0,0.11116933822631836,-0.00011986611025835981
49400,0.0029040744993835688,0.007779132085852325,-3.688774120807648,3.8981437e-07,0.0,0.22836726903915405,-0.00018909052737137166
49600,0.012674666941165924,0.028334435634315015,-3.688769608736038,2.2619963e-07,0.0,0.08729308843612671,-0.00012716693510855803
49800,0.06499890238046646,0.06808028272353113,-3.6887721002101896,1.5318393e-07,0.0,0.1400132179260254,-9.919843151013907e-05
50000,0.009836127050220966,0.02351602849084884,-3.688771438598633,2.2321939e-07,0.0,0.12176138162612915,-0.00013175205891213793
50200,0.040301449596881866,0.07788485852070152,-3.6887675166130065,3.0577183e-07,0.0,0.14149612188339233,-0.00016159807918316726
50400,0.006294206716120243,0.013759140786714853,-3.68877295255661,3.7282706e-07,0.0,0.18400335311889648,-0.00019975000571084144
50600,0.02519935928285122,0.047260044561699036,-3.6887690901756285,3.004074e-07,0.0,0.10647791624069214,-0.00016466322442694193
50800,0.004582988563925028,0.015330217918381095,-3.6887692153453826,4.181266e-07,0.0,-0.01529836654663086,-0.00020061369461859546
51000,0.022606592625379562,0.05996152721345425,-3.688767725229263,2.3722649e-07,0.0,0.11527425050735474,-0.00013198129337570473
51200,0.02176240272819996,0.06944078039377928,-3.688766801357269,2.0056962e-07,0.0,0.0767318606376648,-0.00011804874179430769
51400,0.040896810591220856,0.07114214180037379,-3.688765686750412,2.9236077e-07,0.0,0.09803169965744019,-0.00015067002831268273
51600,0.01914575882256031,0.02885591934900731,-3.6887654781341555,3.0994414e-07,0.0,0.1690717339515686,-0.00014287103777950173
51800,0.011859070509672165,0.0456303427927196,-3.6887686491012572,2.1070242e-07,0.0,0.04454463720321655,-0.00013000003961488593
52000,0.016890285536646843,0.04774642805568874,-3.6887651801109316,3.7372112e-07,0.0,0.15716677904129028,-0.00016422148180175177
52200,0.007437024265527725,0.012725983164273202,-3.6887643218040465,2.2798778e-07,0.0,0.028114914894104004,-0.00014522291845497914
52400,0.0053703151643276215,0.010339368460699916,-3.6887610077857973,2.30968e-07,0.0,0.19759440422058105,-0.000139940693741325
52600,0.009795078076422215,0.016609583504032344,-3.6887648463249207,2.2172928e-07,0.0,0.13464957475662231,-0.00014795625258954282
52800,0.005667249672114849,0.011773879255633802,-3.6887608647346495,2.1845102e-07,0.0,0.16163629293441772,-0.00014277741310320113
53000,0.008450345136225224,0.017369897151365877,-3.688760221004486,2.7000902e-07,0.0,0.12395232915878296,-0.00015515774496792644
53200,0.008590257726609707,0.022085399483330548,-3.6887598276138305,2.771616e-07,0.0,0.07776838541030884,-0.00014750273582602168
53400,0.014594828709959984,0.02135949949733913,-3.688755828142166,2.9206277e-07,0.0,-0.0340651273727417,-0.00018228119448711056
53600,0.007200885098427534,0.028837084560655056,-3.688756388425827,2.1368265e-07,0.0,0.05996847152709961,-0.00013041141654910327
53800,0.004021609667688608,0.013243930914904922,-3.688760644197464,1.5109778e-07,0.0,0.2826589345932007,-0.00012247523696351514
54000,0.00896205473691225,0.01575623988173902,-3.6887615740299227,2.3722649e-07,0.0,0.2211654782295227,-0.00013803485221446364
54200,0.012631881982088089,0.02738691575359553,-3.688761514425278,3.0755996e-07,0.0,0.12146532535552979,-0.00017601487203091625
54400,0.005628413055092096,0.010845148004591465,-3.6887564778327944,3.117323e-07,0.0,-0.15390527248382568,-0.0001616054360897401
54600,0.027158215641975403,0.05254625659435987,-3.6887613773345946,2.4527313e-07,0.0,0.11767494678497314,-0.00014201642643785206
54800,0.00460710609331727,0.010178552439901978,-3.6887574553489686,3.1739472e-07,0.0,-0.04215431213378906,-0.00018198224787737693
55000,0.008124534040689468,0.022306298767216504,-3.6887582361698152,2.0712615e-07,0.0,0.010640561580657959,-0.00010684451489213486
55200,0.009743825532495975,0.01933137800078839,-3.6887583255767824,3.2752752e-07,0.0,0.11035364866256714,-0.00016331380594913902
55400,0.0028184354305267334,0.011429695505648851,-3.6887590289115906,1.7344952e-07,0.0,-0.18438720703125,-0.00012484654030462395
55600,0.01331509929150343,0.03576259519904852,-3.6887587785720823,2.1815299e-07,0.0,0.04989731311798096,-0.00013431184075352043
55800,0.016950521618127823,0.024147065752185882,-3.6887609124183656,1.7046929e-07,0.0,0.11839985847473145,-0.0001265808790241074
56000,0.02238236740231514,0.04078420903533697,-3.688755464553833,2.402067e-07,0.0,0.16317355632781982,-0.00013849380056998317
56200,0.02287972904741764,0.03337999964132905,-3.6887557983398436,3.3825637e-07,0.0,0.17243409156799316,-0.00019996333867106642
56400,0.001592986285686493,0.004209386580623686,-3.6887568473815917,1.3440847e-07,0.0,-0.16298818588256836,-0.00010639204116250634
56600,0.013402954675257206,0.03603853159584105,-3.6887561321258544,1.66893e-07,0.0,0.1380482316017151,-0.00011424329527827126
56800,0.024347171187400818,0.044086036877706646,-3.6887561798095705,2.2262336e-07,0.0,0.1050872802734375,-0.00012799203424773697
57000,0.010552245192229748,0.031478592497296634,-3.688757848739624,2.8908252e-07,0.0,0.024607300758361816,-0.0001575852501046082
57200,0.01660318486392498,0.03737208363600075,-3.688757616281509,3.0338765e-07,0.0,0.015444636344909668,-0.00016995199737266376
57400,0.0026820898056030273,0.00934011465869844,-3.6887606263160704,2.7000905e-07,0.0,0.08326548337936401,-0.0001468163602193151
57600,0.02472624182701111,0.04573937729001045,-3.6887607157230375,2.7388333e-07,0.0,0.0980798602104187,-0.00016258165150639936
57800,0.015788322314620018,0.04864682569168508,-3.688761407136917,3.2693148e-07,0.0,0.12922370433807373,-0.00017321692506581666
58000,0.005972855258733034,0.011191443062853069,-3.6887591183185577,2.7775764e-07,0.0,-0.12838244438171387,-0.00014641944366098337
58200,0.006638559978455305,0.009126217931043356,-3.6887592494487764,2.6762484e-07,0.0,0.3681713938713074,-0.0001537052689370766
58400,0.02400730364024639,0.034463998023420574,-3.688752627372742,3.2246112e-07,0.0,0.1851956844329834,-0.0001719117611687526
58600,0.004013997036963701,0.01721596238203347,-3.688754516839981,2.1308661e-07,0.0,0.23291265964508057,-0.00014172281227784467
58800,0.00583810405805707,0.014161369064822793,-3.6887568831443787,4.4733287e-07,0.0,0.17994391918182373,-0.0002222484067524233
59000,0.006381027400493622,0.01035946513293311,-3.6887511551380157,3.1381845e-07,0.0,0.24670696258544922,-0.0001801458588343019
59200,0.01325120311230421,0.023024296876974402,-3.6887515425682067,4.0382145e-07,0.0,-0.05547130107879639,-0.00015746873015647366
59400,0.014773743227124214,0.043322723777964714,-3.6887535214424134,1.859665e-07,0.0,0.08987802267074585,-0.00012336546114704027
59600,0.0063697174191474915,0.016777058108709754,-3.6887489795684814,2.8073788e-07,0.0,0.13558822870254517,-0.00014950610090385118
59800,0.01781770959496498,0.0357582887634635,-3.6887537777423858,3.59118e-07,0.0,0.066891610622406,-0.0001754598923862538
60000,0.015268681570887566,0.02994907139800489,-3.688750904798508,3.874302e-07,0.0,0.201288104057312,-0.0002229222642279094
60200,0.016580717638134956,0.036783530563116076,-3.688752830028534,2.7567148e-07,0.0,0.039428532123565674,-0.00012465466170032968
60400,0.006415458861738443,0.020455147442407905,-3.68875270485878,2.3007394e-07,0.0,-0.0019097328186035156,-0.00011490632605568596
60600,0.005034107249230146,0.010175582207739352,-3.688754987716675,2.2381543e-07,0.0,-0.1353754997253418,-0.00012015689812017172
60800,0.007593590300530195,0.021152180223725735,-3.6887586653232574,2.3126603e-07,0.0,-0.00242459774017334,-0.0001388756419996806
61000,0.02182820625603199,0.03997101746499539,-3.688757395744324,4.3302774e-07,0.0,0.18147742748260498,-0.00021492875408957168
61200,0.0247015580534935,0.05975379189476371,-3.6887557804584503,1.9997358e-07,0.0,0.10861378908157349,-0.0001080372751413261
61400,0.00749813811853528,0.01497142146108672,-3.688755828142166,2.282858e-07,0.0,-0.1123647689819336,-0.00014141436753083435
61600,0.011019987985491753,0.016475592262577266,-3.688750123977661,2.413988e-07,0.0,0.0253792405128479,-0.00012834556279130993
61800,0.00433330237865448,0.008847477193921805,-3.688756048679352,2.6494266e-07,0.0,-0.07239091396331787,-0.00016878307064081
62000,0.006639841012656689,0.008856384735554456,-3.688755524158478,2.643466e-07,0.0,0.24175149202346802,-0.00014792317216119066
62200,0.017939487472176552,0.033886849670670925,-3.6887537240982056,3.3527613e-07,0.0,0.09025061130523682,-0.0001667301737416027
62400,0.016467060893774033,0.04183792476542294,-3.688756102323532,2.1994114e-07,0.0,0.12331581115722656,-0.00014129804074582418
62600,0.006381494924426079,0.01572943269275129,-3.688753867149353,2.6911496e-07,0.0,0.1947803497314453,-0.00015522260940301625
62800,0.015266741625964642,0.07696802061982452,-3.6887591183185577,2.2381545e-07,0.0,0.07378166913986206,-0.00013552524138185084
63000,0.01098550669848919,0.017508244968485086,-3.688759082555771,2.7030705e-07,0.0,0.267084002494812,-0.0001486182990064977
63200,0.03678536415100098,0.10219589667394757,-3.6887574970722197,2.3007391e-07,0.0,0.09270793199539185,-0.000148713818152979
63400,0.04345357045531273,0.08786186426877976,-3.6887592136859895,2.3722649e-07,0.0,0.09786564111709595,-0.00014826693966671912
63600,0.011420128867030144,0.022218765690922737,-3.6887578070163727,3.054738e-07,0.0,0.11560457944869995,-0.0001544329153188695
63800,0.013103318400681019,0.023699669167399406,-3.6887586653232574,3.1471254e-07,0.0,0.14954102039337158,-0.0001565710607022819
64000,0.01657874882221222,0.02811140662524849,-3.6887563705444335,4.0471554e-07,0.0,-0.11772394180297852,-0.0001912703510886793
64200,0.014010079205036163,0.03214953113347292,-3.688752454519272,2.6613475e-07,0.0,0.16828423738479614,-0.00016548465183370277
64400,0.018005739897489548,0.036451869364827874,-3.688749748468399,3.0934808e-07,0.0,0.07635211944580078,-0.00015127446572948955
64600,0.007824325002729893,0.020225035818293692,-3.688745045661926,4.3720007e-07,0.0,0.11261755228042603,-0.00018806408422897825
64800,0.05173594132065773,0.08286720244213938,-3.6887483298778534,3.2633542e-07,0.0,0.06614434719085693,-0.00016979686980590493
65000,0.016128960996866226,0.021098478208296002,-3.6887511074543,2.452731e-07,0.0,0.15227097272872925,-0.00016608636168325975
65200,0.012834644876420498,0.0348953349981457,-3.68874968290329,1.373887e-07,0.0,0.18697291612625122,-0.00010045120199575486
65400,0.019959425553679466,0.06135433977469802,-3.6887441754341124,3.361702e-07,0.0,0.09088295698165894,-0.00019192189070507126
65600,0.008437982760369778,0.02282834881916642,-3.6887480676174165,3.3020973e-07,0.0,0.1594436764717102,-0.00016858243121200544
65800,0.007183847017586231,0.014067731495015324,-3.6887412428855897,2.8192997e-07,0.0,0.21675962209701538,-0.00016646423069943683
66000,0.0048785824328660965,0.023071148619055747,-3.6887395799160005,2.643466e-07,0.0,0.013978362083435059,-0.0001557312458937865
66200,0.01580437645316124,0.03280592793598771,-3.688739538192749,1.5944242e-07,0.0,0.1737784743309021,-0.00011242978457460251
66400,0.037536412477493286,0.1499512636102736,-3.688740241527557,2.3394824e-07,0.0,0.061999738216400146,-0.0001595654152142689
66600,0.003410118632018566,0.014241973555181175,-3.68874614238739,3.1113623e-07,0.0,0.13287287950515747,-0.00015653721964224986
66800,0.009555989876389503,0.02191434120759368,-3.688741958141327,3.159046e-07,0.0,0.10440570116043091,-0.00014961093651479906
67000,0.005950826220214367,0.018596935644745828,-3.6887427449226378,1.8984079e-07,0.0,0.029724955558776855,-0.00012260897554949857
67200,0.008407843299210072,0.01893093993421644,-3.6887376070022584,3.4242868e-07,0.0,0.05070549249649048,-0.00018386136107142458
67400,0.013233347795903683,0.0267885590903461,-3.6887336373329163,2.0086765e-07,0.0,0.13688981533050537,-0.00012630256957661955
67600,0.008214575238525867,0.019263320602476597,-3.688733822107315,3.7401915e-07,0.0,0.10957193374633789,-0.00018324137463112677
67800,0.08342815935611725,0.12088526785373688,-3.6887354433536528,2.2232533e-07,0.0,0.08959084749221802,-0.00013906865545305626
68000,0.01600068062543869,0.034235142963007094,-3.68873770236969,2.6524066e-07,0.0,0.06127572059631348,-0.0001655445325004834
68200,0.023706629872322083,0.04593217079527676,-3.6887356758117678,2.1725893e-07,0.0,0.09929102659225464,-0.00012823302187712216
68400,0.004093112889677286,0.007887300534639508,-3.688737279176712,2.026558e-07,0.0,0.08256834745407104,-0.0001271052661715788
68600,0.031473029404878616,0.06096536535769701,-3.6887359380722047,2.9414892e-07,0.0,0.04604482650756836,-0.00014659226803541702
68800,0.0027800430543720722,0.007538112008478493,-3.68873787522316,1.6123057e-07,0.0,0.22142452001571655,-0.0001143668208874793
69000,0.018783919513225555,0.035008056578226386,-3.6887432813644407,3.1530857e-07,0.0,-0.04885756969451904,-0.0001771631399114959
69200,0.028648588806390762,0.08587478464469314,-3.688742309808731,3.4719704e-07,0.0,0.04337632656097412,-0.00017941468903495127
69400,0.00568893039599061,0.021702385565731674,-3.6887453615665438,2.9951335e-07,0.0,0.14513427019119263,-0.00019854967913914833
69600,0.0072711920365691185,0.015061287221033125,-3.6887400448322296,3.245473e-07,0.0,0.2354303002357483,-0.0001809152272792325
69800,0.015734750777482986,0.04041091452818364,-3.6887403249740602,3.749132e-07,0.0,0.05925792455673218,-0.0001884128813044339
70000,0.00350289698690176,0.008945907128509133,-3.6887376844882964,2.5779008e-07,0.0,0.17671644687652588,-0.00015579219157894065
70200,0.0011825647670775652,0.002631545552867465,-3.6887423634529113,2.1576882e-07,0.0,-0.7323693037033081,-0.00012598948170339241
70400,0.008212784305214882,0.027111865556798877,-3.688738167285919,1.8894673e-07,0.0,0.18899750709533691,-0.00010431068797334131
70600,0.0049325707368552685,0.012819889280945063,-3.688741797208786,2.2381545e-07,0.0,0.1695178747177124,-0.00012512855262265533
70800,0.006768969818949699,0.013939375209156423,-3.688737118244171,3.144145e-07,0.0,0.14932525157928467,-0.00016818383324789242
71000,0.003115558298304677,0.011255562282167375,-3.6887397706508636,2.8431415e-07,0.0,0.163241446018219,-0.00017004822171817757
71200,0.018143929541110992,0.03761275466531515,-3.688738560676575,2.1636487e-07,0.0,0.05432695150375366,-0.0001295133381300051
71400,0.0011984222801402211,0.004484079667599871,-3.6887309670448305,4.0471554e-07,0.0,0.15842366218566895,-0.00020961058003763356
71600,0.018379241228103638,0.04020219566300511,-3.6887331008911133,2.977252e-07,0.0,-0.03820693492889404,-0.00016133236866493482
71800,0.008314091712236404,0.017349450290203093,-3.6887374997138975,2.065301e-07,0.0,0.12460863590240479,-0.00012173462009468228
72000,0.02695595845580101,0.043447254411876204,-3.68873473405838,4.1633845e-07,0.0,0.18407469987869263,-0.00019645774196209165
72200,0.005988724995404482,0.014589756669010967,-3.688737142086029,2.3216009e-07,0.0,0.14892274141311646,-0.00016552376687735127
72400,0.014553295448422432,0.0382587839383632,-3.6887401163578035,2.6792287e-07,0.0,0.11089456081390381,-0.0001564243928567688
72600,0.0022097991313785315,0.006289125990588218,-3.688732647895813,1.7642975e-07,0.0,-0.3977091312408447,-0.00011008466791929683
72800,0.011441565118730068,0.024154301267117262,-3.6887377202510834,2.3216009e-07,0.0,0.11654478311538696,-0.00012545400071803937
73000,0.016624631360173225,0.02060598393436521,-3.6887412488460543,1.9818545e-07,0.0,0.08515119552612305,-0.00012196657383532483
73200,0.003076778491958976,0.006271875463426113,-3.688732421398163,2.3424624e-07,0.0,0.0700874924659729,-0.0001545059104242963
73400,0.011021261103451252,0.025810123304836452,-3.688735640048981,3.0606984e-07,0.0,0.009886085987091064,-0.00016931553290902012
73600,0.01691638119518757,0.03567236810922623,-3.688740921020508,3.1322242e-07,0.0,0.19476205110549927,-0.0001590722835532965
73800,0.018406111747026443,0.023480898467823863,-3.6887365102767946,3.0577183e-07,0.0,0.19599014520645142,-0.00014422134942453367
74000,0.00911079440265894,0.016087867482565344,-3.688734048604965,3.5494566e-07,0.0,0.1901644468307495,-0.0001804127776688591
74200,0.0188155435025692,0.029180073738098146,-3.688728541135788,2.2858381e-07,0.0,0.1800546646118164,-0.00015695997313991406
74400,0.006771367508918047,0.017350410216022284,-3.6887297570705413,3.218651e-07,0.0,0.13931965827941895,-0.00016133092362682344
74600,0.0043669193983078,0.00976517159724608,-3.6887290477752686,3.0487774e-07,0.0,0.1738184690475464,-0.00015557645977493095
74800,0.004026900045573711,0.01064620038960129,-3.6887323439121245,1.7136335e-07,0.0,-0.17564785480499268,-0.00011334145907420101
75000,0.004595119971781969,0.01078154577407986,-3.6887326180934905,2.8908255e-07,0.0,-0.13896167278289795,-0.00015288410681091325
75200,0.02273774892091751,0.059846823243424295,-3.6887316048145293,3.1113623e-07,0.0,-0.007850408554077148,-0.00018283499013471705
75400,0.009821781888604164,0.023157276515848934,-3.6887351334095,3.3140182e-07,0.0,0.0590021014213562,-0.00017950265221679528
75600,0.010450600646436214,0.03956820671446622,-3.6887408971786497,2.3126603e-07,0.0,0.18496078252792358,-0.00012955504563478827
75800,0.0184674933552742,0.031360902125015855,-3.6887370705604554,2.3394824e-07,0.0,-0.09366953372955322,-0.00011889593282825573
76000,0.00871594063937664,0.013019403233192861,-3.6887397348880766,2.6017426e-07,0.0,0.2773861885070801,-0.00014034330880412503
76200,0.010188675485551357,0.02911328277550638,-3.688740408420563,2.6375056e-07,0.0,0.24213826656341553,-0.00013503940208933196
76400,0.010353938676416874,0.022144357883371414,-3.6887367188930513,2.7447936e-07,0.0,0.19874393939971924,-0.00014926495399003592
76600,0.0051664141938090324,0.027678475622087716,-3.6887391030788423,2.297759e-07,0.0,0.16505736112594604,-0.0001326488623500488
76800,0.01749376393854618,0.03548104581423104,-3.688742882013321,3.156066e-07,0.0,0.14123284816741943,-0.00015131426600065723
77000,0.016387339681386948,0.02507441700436175,-3.6887424767017363,5.096197e-07,0.0,0.029665231704711914,-0.00022062793991564078
77200,0.03505543991923332,0.06587113412097097,-3.6887449860572814,4.0829184e-07,0.0,0.08785754442214966,-0.00018836974198170874
77400,0.0043493956327438354,0.010805133834946901,-3.68874232172966,2.411008e-07,0.0,-0.02962791919708252,-0.00014603100910335343
77600,0.009174871258437634,0.03547536625992507,-3.6887434005737303,1.746416e-07,0.0,0.13055914640426636,-0.00010475648950861727
77800,0.006355788093060255,0.02495592562481761,-3.68874414563179,2.6851893e-07,0.0,0.19630277156829834,-0.00013592827416497588
78000,0.0026530874893069267,0.009395251178648322,-3.6887368500232696,3.4153462e-07,0.0,-0.003568887710571289,-0.00019325833091601296
78200,0.011979076080024242,0.02157198777422309,-3.6887387216091154,2.5659799e-07,0.0,0.14107447862625122,-0.00014461368336906588
78400,0.009351899847388268,0.018613012810237705,-3.6887365758419035,4.7564507e-07,0.0,0.01427394151687622,-0.0002192094460858718
78600,0.02792336605489254,0.06708045732229947,-3.6887415051460266,3.2663345e-07,0.0,0.04517477750778198,-0.0001602067191824874
78800,0.006392477545887232,0.029417715780436993,-3.688744157552719,2.1785497e-07,0.0,0.21432828903198242,-0.00012360338112261672
79000,0.0080979373306036,0.04282767218537629,-3.6887426018714904,2.5153162e-07,0.0,0.0278053879737854,-0.00014948584285434663
79200,0.009972507134079933,0.02228759848512709,-3.688742291927338,2.9951335e-07,0.0,0.11627942323684692,-0.00016643193373759856
79400,0.021155647933483124,0.035158460354432465,-3.6887373328208923,2.449751e-07,0.0,0.14569324254989624,-0.00013523030199964482
79600,0.010270366445183754,0.01428778653498739,-3.688739502429962,3.6031008e-07,0.0,0.23588263988494873,-0.00019166678888473676
79800,0.013733981177210808,0.02398001926485449,-3.6887310266494753,2.297759e-07,0.0,0.13940471410751343,-0.00013652905866251563
80000,0.09955573827028275,0.11033930783160031,-3.688730853796005,4.2021273e-07,0.0,0.0643729567527771,-0.00017616433620584182
80200,0.03139479085803032,0.05772084062919021,-3.6887311816215513,1.8388033e-07,0.0,0.12201946973800659,-0.00012074293289466853
80400,0.009141472168266773,0.018346662120893597,-3.688728618621826,1.5109777e-07,0.0,-0.10498881340026855,-0.00011041296278306856
80600,0.0015332219190895557,0.0035026738565647974,-3.6887345373630525,2.026558e-07,0.0,-29.973899841308594,-0.00012586554943732063
80800,0.0007710817153565586,0.0026196445600362495,-3.6887303471565245,2.1845102e-07,0.0,-21.366283416748047,-0.00012488946254620714
81000,0.001006356324069202,0.003242245430010371,-3.6887294173240663,1.4394521e-07,0.0,-28.079938888549805,-0.00010447265134450046
81200,0.00047836152953095734,0.0021151362161617726,-3.6887262642383574,1.12354755e-07,0.0,-27.901912689208984,-9.097692384012479e-05
81400,0.0012598929461091757,0.002674344976549037,-3.6887266933918,2.1457673e-07,0.0,-25.38005828857422,-0.00013107532359630804
81600,0.0014229449443519115,0.002901488880161196,-3.688733285665512,1.8924474e-07,0.0,-19.754070281982422,-0.0001265753053729668
81800,0.0005081280833110213,0.0019232925442338455,-3.688722735643387,1.7553569e-07,0.0,-27.051912307739258,-0.00011206185915563216
82000,0.0010542422533035278,0.00213514783536084,-3.6887230217456817,1.9162894e-07,0.0,-26.816808700561523,-0.00011830939315178312
82200,0.0012019287096336484,0.0022401203750632703,-3.688726383447647,1.4692544e-07,0.0,-25.387264251708984,-8.880667396089503e-05
82400,0.000878264894708991,0.0025124557199887932,-3.6887314319610596,3.540516e-07,0.0,-3.425766944885254,-0.000177480653228157
82600,0.0005276725860312581,0.0019131086140987464,-3.688729065656662,2.6464463e-07,0.0,-20.556474685668945,-0.00014642661699417747
82800,0.00045938981929793954,0.0017198925066622905,-3.688730186223984,2.0474195e-07,0.0,-24.09674072265625,-0.00011894811684103335
83000,0.0008042249828577042,0.001770027171005495,-3.6887284100055693,1.2874602e-07,0.0,-17.925086975097656,-7.795229508786861e-05
83200,0.0006428785854950547,0.0024412419967120512,-3.6887317061424256,1.5765428e-07,0.0,-5.3393144607543945,-9.834875156946587e-05
83400,0.0007639032555744052,0.0017648263397859409,-3.6887310683727264,1.8417835e-07,0.0,-31.945606231689453,-0.00012585978265131637
83600,0.0005814330652356148,0.0013337972719455137,-3.6887305319309234,1.3768673e-07,0.0,-24.60902976989746,-9.770643695060644e-05
83800,0.000467989913886413,0.0020026568468892946,-3.6887372374534606,1.7553569e-07,0.0,-33.283451080322266,-9.800949000542403e-05
84000,8.102352148853242e-05,0.0011459487803222145,-3.6887308835983275,2.5749208e-07,0.0,-26.99057388305664,-0.0001519052247667463
84200,0.0004576105566229671,0.0013763422379270197,-3.688733220100403,1.0341405e-07,0.0,-23.21531105041504,-6.701284605208358e-05
84400,0.0003621772339101881,0.0010488523890671785,-3.6887342989444734,1.3679266e-07,0.0,-36.77030563354492,-0.00010981611937583846
84600,7.912256114650518e-05,0.0010742673701315652,-3.6887321174144745,1.7613173e-07,0.0,-27.119163513183594,-0.00011217332582600382
84800,0.00024420328554697335,0.0013665003403730224,-3.688736629486084,1.758337e-07,0.0,-24.544038772583008,-0.00010557103095507614
85000,0.0004614756617229432,0.0014767733970074914,-3.688739222288132,2.0116569e-07,0.0,-34.267879486083984,-0.00011222240233359493
85200,0.00010614015627652407,0.0008497171707858797,-3.6887329459190368,2.1785497e-07,0.0,-20.19101333618164,-0.00012120249941598438
85400,-3.843297599814832e-05,0.0010480266813829076,-3.6887336015701293,2.270937e-07,0.0,-31.73493194580078,-0.00012515474940368864
85600,0.0002650231763254851,0.0011223483466892502,-3.6887315273284913,2.1904708e-07,0.0,-35.61402130126953,-0.00011993408269064254
85800,0.00021418766118586063,0.0008164627382939216,-3.6887292146682737,2.0891427e-07,0.0,-25.04273796081543,-0.00011978167362756143
86000,0.00022441129840444773,0.0008729016903089359,-3.688732200860977,1.6868114e-07,0.0,-29.49521255493164,-9.946584671410852e-05
86200,0.0002717380120884627,0.0011038284515962004,-3.688731479644775,2.3216009e-07,0.0,-34.684417724609375,-0.00012144996245004869
86400,9.507063077762723e-05,0.0009803815541090445,-3.6887327253818514,2.5868417e-07,0.0,-26.148555755615234,-0.00013473678372089015
86600,6.296607898548245e-05,0.0006355663612339413,-3.6887302815914156,2.5749208e-07,0.0,-19.039447784423828,-0.00014552796662412604
86800,-6.124968058429658e-05,0.0007291596513823607,-3.688727593421936,1.9639731e-07,0.0,-21.078954696655273,-0.00011358228281619365
87000,-7.796999125275761e-05,0.000613771720600198,-3.688728767633438,1.3947486e-07,0.0,-18.72018051147461,-7.184612750747999e-05
87200,5.471394979394972e-05,0.0004954935004207073,-3.6887284219264984,2.118945e-07,0.0,-23.681997299194336,-0.00011979113647686557
87400,2.9099814128130674e-05,0.0005584714999713469,-3.6887299835681917,2.1934511e-07,0.0,-18.297605514526367,-0.0001320984287639493
87600,7.460231427103281e-05,0.000912869512103498,-3.6887302100658417,2.3573637e-07,0.0,-25.4016170501709,-0.00011752297044449466
87800,0.0001311754749622196,0.0007209362112917006,-3.688729387521744,2.014637e-07,0.0,-28.50181770324707,-0.00011634863858751565
88000,4.720321157947183e-06,0.0005281538476992864,-3.6887284338474275,2.5093556e-07,0.0,-15.615659713745117,-0.00013479147869623897
88200,9.4824586994946e-05,0.000716462564014364,-3.688729017972946,2.8550625e-07,0.0,-33.22579574584961,-0.00014642968644568155
88400,-0.00016997719649225473,0.00048769780623842963,-3.6887232661247253,4.5895575e-07,0.0,-2.4909369945526123,-0.00017822617417073694
88600,-6.165250670164824e-05,0.0004927879250317347,-3.6887265145778656,2.104044e-07,0.0,-31.717323303222656,-0.00010376421965432314
88800,-0.00017482419207226485,0.000419792284083087,-3.688716948032379,2.2917986e-07,0.0,-2.0832154750823975,-0.0001292676629815137
89000,-9.379786206409335e-06,0.0004914444798487239,-3.688723123073578,1.8805265e-07,0.0,-23.010459899902344,-0.00010074689239831791
89200,-0.00019882079504895955,0.00036081699217902494,-3.688722640275955,2.3275614e-07,0.0,-21.222858428955078,-0.00011700478237486323
89400,-6.673671305179596e-05,0.0004788336475030519,-3.6887240052223205,2.3961067e-07,0.0,-30.709177017211914,-0.00011842404227777604
89600,-0.00012710322334896773,0.0005380947837693384,-3.6887227058410645,2.810359e-07,0.0,-30.494070053100586,-0.00014226682420757087
89800,0.00012196588795632124,0.0004390598722238792,-3.68872252702713,2.5600195e-07,0.0,-21.162118911743164,-0.0001352544432164704
90000,-0.00010125100379809737,0.00037537948719545966,-3.688723200559616,2.6494266e-07,0.0,-22.568056106567383,-0.00013769867936241909
90200,-0.00014357728650793433,0.0003548736611264758,-3.688729077577591,2.2917985e-07,0.0,-29.2319278717041,-0.00014927445266961216
90400,-0.0002176314010284841,0.0002820342886479921,-3.6887267351150514,2.3901464e-07,0.0,-19.31226348876953,-0.00013795604846813525
90600,-9.26250359043479e-05,0.00045474452890630345,-3.6887217462062836,2.4318695e-07,0.0,-6.295635223388672,-0.0001353159920586211
90800,-0.00016308034537360072,0.0003124544124148088,-3.6887208938598635,2.6851893e-07,0.0,-16.61885643005371,-0.00012649124866197513
91000,-0.00028113118605688214,0.00033436728845117616,-3.688723456859589,2.580881e-07,0.0,-33.5470085144043,-0.0001367579913791106
91200,-0.00010342095629312098,0.00029469254877767526,-3.6887146890163423,1.8388033e-07,0.0,-18.33272361755371,-0.00010990129442323138
91400,-0.00012695978512056172,0.0002515893289455562,-3.6887220680713653,2.5659799e-07,0.0,-17.41101837158203,-0.0001482778785352634
91600,-0.00048061879351735115,0.00028198636973684186,-3.6887228190898895,3.0487774e-07,0.0,-3.8997159004211426,-0.00014693708702711306
91800,-0.0001900269417092204,0.00023558085340482648,-3.6887204349040985,1.7762184e-07,0.0,-16.642505645751953,-0.00011619652922604252
92000,-0.0002322908549103886,0.00020807655855605844,-3.68872749209404,1.785159e-07,0.0,-16.400575637817383,-9.947772347513872e-05
92200,-0.00013203665730543435,0.0002015000569372205,-3.6887233734130858,2.4229286e-07,0.0,-25.05795669555664,-0.0001423758871620745
92400,-0.00020579104602802545,0.00020535229614324635,-3.6887268483638764,2.5004147e-07,0.0,-16.91120719909668,-0.0001345843445410333
92600,-0.0003340441035106778,0.0001144707766798092,-3.688709419965744,2.1845102e-07,0.0,-8.870941162109375,-0.00011546848775605412
92800,-0.00015175523003563285,0.0001838865875470219,-3.6887182354927064,1.8715858e-07,0.0,-13.350557327270508,-0.00010065403666998929
93000,-0.000255072140134871,0.00015339069850597297,-3.688720977306366,2.5242565e-07,0.0,-33.415733337402344,-0.00013950374672617728
93200,-0.0003753705241251737,0.00012524090980150503,-3.688720387220383,2.9355286e-07,0.0,-20.13324737548828,-0.00016084259728472717
93400,-0.00035774600110016763,0.00015221370722429128,-3.688719689846039,3.156066e-07,0.0,-13.092445373535156,-0.000168990847633288
93600,-0.00020630640210583806,0.00012194908968012896,-3.6887193441390993,2.2858381e-07,0.0,-20.0781307220459,-0.0001245523682396943
93800,-0.0002314027224201709,0.00014303652933449483,-3.6887187719345094,1.579523e-07,0.0,-15.773807525634766,-9.27987390952012e-05
94000,-7.587150321342051e-05,0.0001070234979124507,-3.6887161314487455,2.0056964e-07,0.0,-12.763567924499512,-0.00010185220812448658
94200,-0.00013607688015326858,0.00012405730467435205,-3.6887188613414765,1.4543534e-07,0.0,-8.449779510498047,-7.524202804807257e-05
94400,-0.0003591560816857964,9.305238399974769e-05,-3.6887178122997284,2.8640034e-07,0.0,-19.997652053833008,-0.00016512732079212444
94600,-0.00030320658697746694,7.934935247249087e-05,-3.6887160539627075,3.3706425e-07,0.0,-21.824920654296875,-0.00016215906935889145
94800,-0.00016003452765289694,0.00010446748547110474,-3.68871910572052,2.0027161e-07,0.0,-37.8330078125,-0.00012438593760748516
95000,-0.00022448247182182968,9.416242219231207e-05,-3.6887134850025176,1.9669532e-07,0.0,-5.839339733123779,-0.00011425885598124186
95200,-0.00013409309030976146,8.312427039527392e-05,-3.6887129604816438,2.2292137e-07,0.0,-8.554790496826172,-0.00012545690027626621
95400,-0.00022698513930663466,7.592513420604519e-05,-3.688714176416397,1.859665e-07,0.0,-15.667886734008789,-0.00010879132153762683
95600,-0.0001734649413265288,7.191065424194676e-05,-3.688711482286453,3.0308962e-07,0.0,-1.8138303756713867,-0.00014057052942111347
95800,-0.00029762476333417,9.037349482241553e-05,-3.688710743188858,2.7269127e-07,0.0,-8.828621864318848,-0.00013637268494863796
96000,-0.00039978232234716415,8.046962011576397e-05,-3.6887089133262636,4.437566e-07,0.0,-13.941841125488281,-0.00017738615058828788
96200,-0.0005245903157629073,7.504630211769836e-05,-3.688714790344238,4.2706728e-07,0.0,-12.12839412689209,-0.00021040886783771918
96400,-0.00032376471790485084,4.616942874235974e-05,-3.6887073814868927,2.69413e-07,0.0,-8.10490608215332,-0.00012776468712663024
96600,-0.00043841192382387817,5.404771809480735e-05,-3.688705837726593,4.9889087e-07,0.0,-10.916842460632324,-0.00020898987448232377
96800,-0.0002411932364339009,4.365672712083324e-05,-3.688709110021591,2.9712913e-07,0.0,-6.728896617889404,-0.00015201865132861148
97000,-0.00048363886890001595,4.502232090999314e-05,-3.6887000024318697,3.027916e-07,0.0,-11.479681015014648,-0.0001600579843989536
97200,-0.000418683368479833,6.0199276595085395e-05,-3.6887025415897368,3.105402e-07,0.0,-11.350436210632324,-0.00016713930638549978
97400,-0.00031360622961074114,5.843769758939743e-05,-3.688708472251892,2.7358533e-07,0.0,-1.5841505527496338,-0.00013586319314811134
97600,-0.0005336240283213556,4.8472825710632605e-05,-3.6887000441551208,3.1799078e-07,0.0,-9.222860336303711,-0.0001631805371600903
97800,-0.0003751740441657603,3.762514825211838e-05,-3.688700234889984,2.9504298e-07,0.0,-4.9096808433532715,-0.00014649376214083133
98000,-0.00038786305231042206,4.695388242907939e-05,-3.688696038722992,3.0577183e-07,0.0,-8.939017295837402,-0.00014022690790582715
98200,-0.000326494307955727,3.888754313265963e-05,-3.6887013494968413,3.0875205e-07,0.0,-5.329289436340332,-0.0001668903381480291
98400,-0.00046056858263909817,4.241956071382447e-05,-3.6886933147907257,3.33786e-07,0.0,-11.165515899658203,-0.00016648334299462775
98600,-0.0003299218078609556,3.617480547291052e-05,-3.6886800587177277,3.182888e-07,0.0,-7.686773300170898,-0.00016398436530380424
98800,-0.0002802312665153295,3.789704414884909e-05,-3.688682121038437,3.042817e-07,0.0,-5.666417121887207,-0.0001523183502345038
99000,-0.00036355937481857836,3.540773659551633e-05,-3.6886846363544463,3.749132e-07,0.0,-9.183830261230469,-0.00016954728310702993
99200,-0.0004918011836707592,4.453543451745645e-05,-3.6886881589889526,3.7342306e-07,0.0,-6.107903957366943,-0.00016787760691420184
99400,-0.00033003633143380284,1.8685492227632496e-05,-3.688683545589447,3.287196e-07,0.0,-10.319305419921875,-0.00016421533945418788
99600,-0.00044294155668467283,2.483615617165924e-05,-3.6886843919754027,3.1232832e-07,0.0,-5.070826053619385,-0.0001715096681727868
99800,-0.00035907598794437945,2.917214815170155e-05,-3.688687354326248,2.9265883e-07,0.0,-7.12055778503418,-0.00015484367940694633
100000,-0.00048738360055722296,3.520020004543767e-05,-3.688683784008026,3.3736228e-07,0.0,-8.099748611450195,-0.00018413951218008152
100200,-0.0005031629116274416,3.758998145713122e-05,-3.6886802196502684,2.682209e-07,0.0,-2.964805841445923,-0.00016618636237581975
100400,-0.0003121732152067125,4.55300796602387e-05,-3.68868088722229,2.902746e-07,0.0,-4.668449878692627,-0.00016021561588037693
100600,-0.00019747494661714882,3.380980688234558e-05,-3.6886822462081907,2.8580428e-07,0.0,-4.240870475769043,-0.0001422850194030101
100800,-0.00043109687976539135,3.670779074127495e-05,-3.68867604136467,3.1292436e-07,0.0,-3.4650774002075195,-0.0001770560300027535
101000,-0.0004719789430964738,3.169833439642389e-05,-3.6886886060237885,3.2931567e-07,0.0,-1.734975814819336,-0.00014737140418255023
101200,-0.0004891405696980655,3.691086749313399e-05,-3.688685119152069,3.796816e-07,0.0,-1.8913238048553467,-0.00018256340758968648
101400,-0.0006059474544599652,2.515855494493735e-05,-3.6886911511421205,5.719066e-07,0.0,-13.431916236877441,-0.00028137040771184505
101600,-0.0005853874026797712,2.5960669881897046e-05,-3.6886818587779997,5.549192e-07,0.0,-2.577681541442871,-0.000260069057379031
101800,-0.00028633486363105476,3.67554253898561e-05,-3.6886783301830293,1.9222497e-07,0.0,-3.976485252380371,-9.57759324861085e-05
102000,-0.000152459237142466,2.829325412676553e-05,-3.6886810541152952,2.1487475e-07,0.0,-2.6712241172790527,-0.00012817622711287503
102200,-0.00046213812311179936,4.064345262122515e-05,-3.68867809176445,4.1753054e-07,0.0,-4.16129207611084,-0.00019209375822286655
102400,-0.0003186325484421104,3.0866667066220545e-05,-3.6886748671531677,2.9951337e-07,0.0,-3.8538970947265625,-0.0001449961662136623
102600,-0.0003678280918393284,3.938609088436351e-05,-3.6886822640895844,2.8520822e-07,0.0,-9.844196319580078,-0.00012747955300402848
102800,-0.00037599625647999346,2.6939091185340658e-05,-3.6886805951595307,2.3812055e-07,0.0,-5.253119945526123,-0.00013407608798643444
103000,-0.0005408879369497299,2.2039708323973172e-05,-3.6886843860149385,3.916025e-07,0.0,-2.88865065574646,-0.00018147934979628744
103200,-0.00025456389994360507,2.189922413435852e-05,-3.688685929775238,2.8580428e-07,0.0,-1.7361345291137695,-0.00015781872083335812
103400,-0.0003819180419668555,2.3803207477612885e-05,-3.688688892126083,4.1663645e-07,0.0,-6.022462844848633,-0.0002026561177216335
103600,-0.00021083198953419924,2.9512880610127466e-05,-3.688678228855133,2.5153162e-07,0.0,-5.230798721313477,-0.0001267877530086725
103800,-0.00021704554092139006,2.986399672408879e-05,-3.688680511713028,3.0845405e-07,0.0,-0.6474539041519165,-0.00015996934050459543
104000,-0.0003588722029235214,4.187891495348595e-05,-3.688685268163681,2.2768974e-07,0.0,-7.101152420043945,-0.00014931268877603764
104200,-0.0005888586165383458,1.9792182570199657e-05,-3.6886902868747713,3.1501054e-07,0.0,-0.28931117057800293,-0.00017489015966293264
104400,-0.00027825808501802385,1.932651300649013e-05,-3.688693869113922,3.3438207e-07,0.0,-0.3182133436203003,-0.00016756381059623848
104600,-0.00020089400641154498,3.264403244429559e-05,-3.6886934340000153,2.4408104e-07,0.0,-8.66243839263916,-0.00011932151018374526
104800,-0.0002485545410308987,3.202371149200189e-05,-3.6886862218379974,2.95043e-07,0.0,-5.423727035522461,-0.00015900572178439987
105000,-5.97568359808065e-05,2.1885556634515524e-05,-3.688692736625671,2.1934508e-07,0.0,-3.5647635459899902,-0.000114485964637423
105200,-0.00030080764554440975,3.555520188456285e-05,-3.6886897146701814,3.0398368e-07,0.0,-4.192559242248535,-0.00013664478269497237
105400,-0.00042323162779212,3.127976247014885e-05,-3.6886855483055117,3.7908555e-07,0.0,-3.9478530883789062,-0.00019320213869513658
105600,-0.00026169655029661953,2.2125858959043398e-05,-3.688686728477478,2.1308662e-07,0.0,-7.525337219238281,-0.00014126662811713152
105800,-0.00021603325149044394,2.2455333396464994e-05,-3.6886912524700164,2.8282403e-07,0.0,-7.980928421020508,-0.000139671876801456
106000,-0.00023212976520881057,2.7694272739609004e-05,-3.688675671815872,3.427267e-07,0.0,-1.8834657669067383,-0.00015613776446517236
106200,-0.0005644362536258996,1.6453471880595315e-05,-3.6886774718761446,3.117323e-07,0.0,-4.667816638946533,-0.00016980497561758234
106400,-0.00021565938368439674,1.8142370777241013e-05,-3.688679128885269,1.9162893e-07,0.0,-3.420168399810791,-0.00010217422223011142
106600,-0.00025532644940540195,2.0841715490860223e-05,-3.688677650690079,2.4169685e-07,0.0,-8.516023635864258,-0.00015314120058178559
106800,-0.00029042098321951926,2.9579290185210994e-05,-3.6886786043643953,2.8431415e-07,0.0,-2.5849790573120117,-0.00016062590575185442
107000,-0.00018848157196771353,3.5255832744951474e-05,-3.6886824011802672,2.5093556e-07,0.0,-6.004875183105469,-0.00013739323632124822
107200,-0.0003739925450645387,2.459442753206531e-05,-3.688673436641693,2.5689602e-07,0.0,-6.812216758728027,-0.00013529910122325183
107400,-0.0009423267329111695,2.5366409386151644e-05,-3.6886796832084654,6.9350006e-07,0.0,-0.7545411586761475,-0.00030013473515326793
107600,-0.00037087121745571494,3.609887012316904e-05,-3.688681435585022,2.5242565e-07,0.0,-5.462309837341309,-0.0001371352139141191
107800,-0.00035509440931491554,1.6053296849349864e-05,-3.688679814338684,2.592802e-07,0.0,-7.5240678787231445,-0.00014735521374689142
108000,-0.0004013321886304766,3.5579991299528045e-05,-3.688674068450928,3.1113623e-07,0.0,-3.9829859733581543,-0.00016416177097982042
108200,-0.00037803954910486937,2.1041949889877287e-05,-3.688676804304123,3.0696393e-07,0.0,-3.2548975944519043,-0.00015928322062279675
108400,-0.0004210846091154963,3.385212175999186e-05,-3.688673037290573,3.4213065e-07,0.0,-6.534125328063965,-0.00017855010269229865
108600,-0.0002939688565675169,2.8027862845192432e-05,-3.688671898841858,2.3990867e-07,0.0,-5.417476177215576,-0.00013561686846186305
108800,-0.0005638992879539728,3.08706660689495e-05,-3.6886741518974304,4.3302774e-07,0.0,-1.4327354431152344,-0.00021688422650081307
109000,-0.00036476211971603334,3.434720129007474e-05,-3.688677990436554,3.9041043e-07,0.0,-1.406357765197754,-0.00016322332471041534
109200,-0.0001761438325047493,3.875786496791989e-05,-3.6886780977249147,3.3825637e-07,0.0,-7.2284955978393555,-0.00015980730197463766
109400,-0.0002585562178865075,2.536704619160446e-05,-3.688681572675705,1.5437602e-07,0.0,-8.320878028869629,-0.00010459708376293619
109600,-0.0002347376139368862,2.462803577145678e-05,-3.688678079843521,2.604723e-07,0.0,-6.61871862411499,-0.00011990705051112549
109800,-0.0003067914512939751,3.4224780392833054e-05,-3.688672924041748,2.488494e-07,0.0,-2.268639087677002,-0.00014284062457385892
110000,-0.0005484303110279143,3.821930936283024e-05,-3.6886751294136046,4.0978193e-07,0.0,-2.8029046058654785,-0.00019063383246895605
110200,-0.0005274803843349218,3.1486106217926134e-05,-3.6886736512184144,4.3570995e-07,0.0,-4.098344326019287,-0.0002084786512561998
110400,-0.0002675731957424432,2.4901511119423957e-05,-3.688668292760849,3.20673e-07,0.0,-4.041865825653076,-0.00015878807010927254
110600,-0.0004016986640635878,3.14545954552159e-05,-3.6886664509773253,3.1143426e-07,0.0,-6.211746692657471,-0.00016661722927557854
110800,-0.000381881050998345,2.0128910841776813e-05,-3.6886732816696166,2.8073788e-07,0.0,-4.363417625427246,-0.0001687186957839204
111000,-0.0005859117954969406,3.2967701872621544e-05,-3.688669669628143,3.644824e-07,0.0,-5.637956142425537,-0.00018474733688516042
111200,-0.0005615561967715621,2.6965377264787095e-05,-3.6886736333370207,3.799796e-07,0.0,-8.254670143127441,-0.00020250840630342548
111400,-0.0002943746803794056,1.5036681122637675e-05,-3.6886764824390412,5.304813e-07,0.0,-6.207232475280762,-0.00021965197635485101
111600,-0.0008114813826978207,1.913199303089641e-05,-3.688675057888031,5.0485136e-07,0.0,-4.903018951416016,-0.00024911769072013536
111800,-0.00020821414364036173,2.8607827380255914e-05,-3.6886727094650267,2.9534104e-07,0.0,-9.43367862701416,-0.00014700657817513508
112000,-0.0002861206012312323,2.334067037281784e-05,-3.6886748731136323,1.8417835e-07,0.0,-9.208033561706543,-0.00012052807803536458
112200,-0.0003783894353546202,2.0607632541214117e-05,-3.688677501678467,4.428625e-07,0.0,-2.102855920791626,-0.00022216717834032672
112400,-0.0002687058295123279,3.257377720728982e-05,-3.688673657178879,3.4600498e-07,0.0,-1.3309640884399414,-0.00017130796174946727
112600,-0.0005022248369641602,3.360081550454197e-05,-3.68867626786232,2.589822e-07,0.0,-3.1296892166137695,-0.00016240235752252308
112800,-0.0004256174142938107,2.468923039486981e-05,-3.688674771785736,2.8789043e-07,0.0,-3.733196258544922,-0.00016439074354424044
113000,-0.00038180334377102554,1.9601790472734138e-05,-3.6886750221252442,2.3245812e-07,0.0,-7.100552558898926,-0.000138472095045028
113200,-0.00012278810027055442,2.555489886617579e-05,-3.6886768698692323,1.7523766e-07,0.0,-4.6293535232543945,-0.00010792336569496186
113400,-0.00024096149718388915,2.7095200084659155e-05,-3.6886769115924833,1.9401311e-07,0.0,-4.855296611785889,-0.00012055125734320438
113600,-0.0004380847094580531,2.8058190537194605e-05,-3.6886796832084654,5.012751e-07,0.0,-2.892306327819824,-0.00022428962591498626
113800,-0.0003497044672258198,2.3960110274856562e-05,-3.688677132129669,3.2246112e-07,0.0,-6.622142791748047,-0.00015368882540185426
114000,-0.0003231929731555283,2.178264071517333e-05,-3.688681411743164,2.3245812e-07,0.0,-8.439218521118164,-0.0001257753815482321
114200,-0.0002819996152538806,2.6174350114160917e-05,-3.6886810541152952,2.9981135e-07,0.0,-4.982178211212158,-0.0001706576054886
114400,-0.0005564123275689781,2.114584508490225e-05,-3.688683199882507,4.3541195e-07,0.0,-6.2302045822143555,-0.00022112393280053765
114600,-0.000291458738502115,2.4243346979346823e-05,-3.6886804819107057,2.4706125e-07,0.0,-0.5464894771575928,-0.00014502936608424833
114800,-0.00030933163361623883,2.9010733123868702e-05,-3.6886840164661407,3.5852193e-07,0.0,-5.532478332519531,-0.0002032294129405754
115000,-0.0004497426562011242,2.436702734485152e-05,-3.688687890768051,2.6583672e-07,0.0,-3.6486287117004395,-0.00015087182850981318
115200,-0.0006088978843763471,1.5300401832973877e-05,-3.6886927783489227,2.7894973e-07,0.0,-1.5215318202972412,-0.00017226414471713803
115400,-0.00040377528057433665,1.974202032215544e-05,-3.688686740398407,2.3335218e-07,0.0,-7.825588226318359,-0.00014016647585299858
115600,-0.00029529843595810235,1.5893061663518894e-05,-3.6886875867843627,2.3782253e-07,0.0,-5.629036903381348,-0.00013165554422425174
115800,-0.0003038857539650053,1.9309656227051165e-05,-3.6886885523796082,2.6851893e-07,0.0,-5.49835729598999,-0.00015593606233563762
116000,-0.0003136307350359857,1.6156142692125286e-05,-3.6886889398097993,2.1278859e-07,0.0,-6.130013465881348,-0.00013201045978825655
116200,-0.00039097288390621543,1.5147949352467548e-05,-3.6886877536773683,2.6375056e-07,0.0,-3.647815227508545,-0.00015927219735538677
116400,-0.0004617613449227065,2.2628201600127794e-05,-3.688681149482727,3.3140182e-07,0.0,-6.233162879943848,-0.00017043607024715967
116600,-0.00031943677458912134,2.1833064852216922e-05,-3.688678777217865,4.3720007e-07,0.0,-7.495561599731445,-0.00020578404611937273
116800,-0.0003528372326400131,2.6152013197133785e-05,-3.6886745274066923,3.349781e-07,0.0,-8.136102676391602,-0.00017257249461635204
117000,-0.0002736543829087168,2.0890374048576633e-05,-3.688679987192154,2.834201e-07,0.0,-3.777768611907959,-0.00013485153017733786
117200,-0.0003692385507747531,1.8150754112866706e-05,-3.6886755406856535,2.3454427e-07,0.0,-1.8329479694366455,-0.00013939693505062855
117400,-0.0003527381632011384,2.540646792112966e-05,-3.6886759459972382,3.0606986e-07,0.0,-4.61242151260376,-0.00016599679141244829
117600,-0.00039789616130292416,1.228158425874426e-05,-3.68867774605751,3.2007694e-07,0.0,-0.26682615280151367,-0.00017301405807268466
117800,-0.000378102355170995,1.9729242035282367e-05,-3.6886791944503785,2.2172928e-07,0.0,-6.550041675567627,-0.000125733733789124
118000,-0.0002800534712150693,2.6670784563975758e-05,-3.6886785447597505,1.603365e-07,0.0,-4.983011722564697,-0.00012084683026785115
118200,-0.00034230033634230494,1.8983954373652522e-05,-3.688678926229477,3.0726193e-07,0.0,-0.4957709312438965,-0.00017342642576565482
118400,-0.0003331127227284014,3.117435835520155e-05,-3.688674879074097,2.82228e-07,0.0,-4.065309524536133,-0.00015622520545548467
118600,-0.00033352806349284947,2.4765884609223578e-05,-3.6886697888374327,2.4050473e-07,0.0,-6.344140529632568,-0.00013890258271822553
118800,-0.0006778729730285704,2.3445910733244092e-05,-3.6886718332767487,5.2839516e-07,0.0,-4.264678478240967,-0.00023747948585635116
119000,-0.00034323876025155187,1.722106269426149e-05,-3.688668632507324,2.9951332e-07,0.0,-2.778512477874756,-0.00016175779704037386
119200,-0.00038195247179828584,1.7447637742407095e-05,-3.688666069507599,2.3305417e-07,0.0,-7.6584014892578125,-0.0001466763319911024
119400,-0.00021277567429933697,2.4172410076062078e-05,-3.688664269447327,2.0235777e-07,0.0,-2.3040711879730225,-0.00012546557212386177
119600,-0.0005837148055434227,3.544646451700828e-05,-3.6886578619480135,3.2037497e-07,0.0,-4.485779762268066,-0.00018821584017979508
119800,-0.00041326042264699936,2.0453784554774756e-05,-3.6886618971824645,2.5272368e-07,0.0,-5.99556827545166,-0.00016313812057995315
120000,-0.0003945523058064282,1.971765507278178e-05,-3.6886564433574676,2.0861626e-07,0.0,-4.638078212738037,-0.00012583392081841894
120200,-0.00037322455318644643,1.8801770170284727e-05,-3.688658744096756,3.4838916e-07,0.0,-7.592782974243164,-0.00020063616093854986
120400,-0.000232963910093531,2.3105127911549062e-05,-3.68865727186203,2.5480986e-07,0.0,-5.314547061920166,-0.00013178802995432725
120600,-0.00033485909807495773,1.6129735672620882e-05,-3.6886584997177123,2.0653009e-07,0.0,-4.722453594207764,-0.00012806224823951328
120800,-0.0003941799805033952,1.606448565780738e-05,-3.688655507564545,2.744794e-07,0.0,-3.9276304244995117,-0.00015149936070036897
121000,-0.0002161864103982225,1.8974599220200618e-05,-3.6886609196662903,2.0623207e-07,0.0,-2.3143503665924072,-0.00013438864920345961
121200,-0.00022902933415025473,2.2514079091706662e-05,-3.6886496901512147,2.1547078e-07,0.0,-2.8226819038391113,-0.00012149065836295492
121400,-0.00031622315873391926,2.9698328762606253e-05,-3.688655513525009,3.0338765e-07,0.0,-7.406377792358398,-0.00014578913850634423
121600,-0.00022652985353488475,2.308207617716107e-05,-3.6886632204055787,3.284216e-07,0.0,-4.564910888671875,-0.00016310137522805302
121800,-0.00034762758878059685,1.4784285031055334e-05,-3.6886605978012086,2.7775764e-07,0.0,-1.7304184436798096,-0.00014519432376266516
122000,-0.00020968669559806585,1.468657790155703e-05,-3.6886594355106355,3.4123659e-07,0.0,-3.5472326278686523,-0.00017046077624030542
122200,-0.0004006246745120734,1.9825771482828712e-05,-3.6886574268341064,2.8073788e-07,0.0,-7.22701358795166,-0.00015189337844594418
122400,-0.00047563508269377053,1.2622107442439301e-05,-3.6886550307273867,3.9160253e-07,0.0,-6.185004234313965,-0.00018632169129955133
122600,-0.0003108875534962863,2.075723546113295e-05,-3.688652312755585,4.0233135e-07,0.0,-2.2675628662109375,-0.00019083894289568805
122800,-0.0004886402166448534,1.2481304952416395e-05,-3.6886596381664276,3.3885243e-07,0.0,-3.3329596519470215,-0.00017483779792371035
123000,-0.0001743936591083184,1.5650285808987975e-05,-3.688652378320694,3.6239626e-07,0.0,-6.015628814697266,-0.0001511218169393702
123200,-0.00036588317016139627,2.0892637121505685e-05,-3.688646638393402,3.117323e-07,0.0,-10.149538040161133,-0.00016956821846445536
123400,-0.00020267462241463363,1.8317769786335703e-05,-3.688652455806732,2.5659799e-07,0.0,-7.902314186096191,-0.00014199928928970706
123600,-0.0006434817332774401,1.2542726153697004e-05,-3.6886490762233732,4.377961e-07,0.0,-4.18588399887085,-0.00022497460129171641
123800,-0.00028652188484556973,1.7165888289127905e-05,-3.6886435389518737,2.2113323e-07,0.0,-5.47945499420166,-0.00011967883174248683
124000,-0.0004910234129056334,1.4689833733427804e-05,-3.688647377490997,2.9295683e-07,0.0,-7.406696319580078,-0.00015507525775455556
124200,-0.0005472695920616388,1.5886223059169426e-05,-3.688642221689224,4.4047835e-07,0.0,-3.826664924621582,-0.00022476956346855203
124400,-0.00034298200625926256,2.14798927117954e-05,-3.6886379957199096,3.7074088e-07,0.0,-8.908574104309082,-0.0001941771801584391
124600,-0.0003015895781572908,2.4153358936018776e-05,-3.688637948036194,4.5388938e-07,0.0,-5.44986629486084,-0.00021396686231491823
124800,-0.00036422000266611576,1.698559867691074e-05,-3.688637363910675,3.3825637e-07,0.0,-10.71299934387207,-0.00017886544869520903
125000,-0.00038101832615211606,1.796223659766838e-05,-3.6886256873607635,3.9786102e-07,0.0,-7.994129180908203,-0.00017813803285444686
125200,-0.00047379822353832424,1.4721644834025938e-05,-3.688623034954071,3.5494568e-07,0.0,-5.605421543121338,-0.0001760948225266956
125400,-0.00044284184696152806,1.9691124816745286e-05,-3.6886256277561187,3.2812358e-07,0.0,-8.994330406188965,-0.00016425085030156162
125600,-0.00035890008439309895,1.5821397619220078e-05,-3.688627314567566,3.4600495e-07,0.0,-2.614994764328003,-0.0001682326646524679
125800,-0.00047310476657003164,1.930012936099956e-05,-3.688627451658249,3.4600495e-07,0.0,-4.787470817565918,-0.0001823475074034242
126000,-0.00035252023371867836,1.6246572749878395e-05,-3.6886324286460876,1.8835067e-07,0.0,-1.6029443740844727,-0.00010916624861510016
126200,-0.00030950093059800565,1.689746227384603e-05,-3.6886287152767183,2.682209e-07,0.0,-4.002203464508057,-0.00015590836114047767
126400,-0.0005935391527600586,9.51005800970961e-06,-3.6886327862739563,3.4868717e-07,0.0,-4.809548854827881,-0.00020672917464752415
126600,-0.0001944617397384718,1.2205557982269966e-05,-3.68863268494606,1.654029e-07,0.0,-1.8849265575408936,-0.00011733700458718132
126800,-0.00046991105773486197,1.7028816932906922e-05,-3.6886389791965484,3.0189753e-07,0.0,-4.086921215057373,-0.00015712937630201206
127000,-0.00027265219250693917,1.374756084260298e-05,-3.6886346995830537,2.4467707e-07,0.0,-7.249689102172852,-0.0001499497002892092
127200,-0.0003123157366644591,1.2825840258301469e-05,-3.6886363089084626,1.8656253e-07,0.0,-0.46494340896606445,-0.00012366747856029647
127400,-0.00027636319282464683,1.9744848259506398e-05,-3.6886372566223145,3.0964614e-07,0.0,-8.66247844696045,-0.00016719476824871292
127600,-0.0003372154023963958,2.226615972631407e-05,-3.6886345863342287,3.3408404e-07,0.0,-5.969267845153809,-0.000150528207027234
127800,-0.000506617478094995,1.66237731491492e-05,-3.6886421144008636,2.849102e-07,0.0,-6.005013942718506,-0.00014544660556088386
128000,-0.0004752397653646767,1.3982611096707843e-05,-3.688642257452011,2.9653313e-07,0.0,-2.7919771671295166,-0.00015397662531340116
128200,-0.00031931811827234924,1.5653439436391637e-05,-3.68864763379097,2.7298927e-07,0.0,-4.472691535949707,-0.000171723695576248
128400,-0.00021375900541897863,1.107397733903781e-05,-3.6886462926864625,2.4944543e-07,0.0,-8.496170997619629,-0.00013853168532045322
128600,-0.0002766745164990425,8.177679876553157e-06,-3.6886475682258606,2.0563601e-07,0.0,-5.088752746582031,-0.00013048914122726352
128800,-0.0003040307783521712,6.275046951031982e-06,-3.688650554418564,2.2917985e-07,0.0,-5.032166957855225,-0.0001337326758032109
129000,-0.00038366400985978544,1.646099210574903e-05,-3.688645303249359,3.415346e-07,0.0,-5.808513164520264,-0.00018198574389026722
129200,-0.0004026892129331827,1.651189215863269e-05,-3.688642090559006,2.926588e-07,0.0,-5.816062927246094,-0.00016380771975494924
129400,-0.0003185991372447461,1.09616179315708e-05,-3.6886434316635133,2.6017426e-07,0.0,-3.5040173530578613,-0.00014369207760047686
129600,-0.00035816352465189993,1.2588816866809794e-05,-3.688640695810318,3.7968158e-07,0.0,-4.117772579193115,-0.00020370365704116544
129800,-0.00034916517324745655,1.4161830426928645e-05,-3.6886440336704256,2.208352e-07,0.0,-5.685910224914551,-0.00013369895559753875
130000,-0.0003899689472746104,1.3010592510909191e-05,-3.6886387050151823,4.5210123e-07,0.0,-1.8423573970794678,-0.00021630002643855395
130200,-0.0002719055046327412,1.3407091387307446e-05,-3.6886366844177245,3.2424927e-07,0.0,-8.221264839172363,-0.00016184845626423527
130400,-0.00020380981732159853,1.277937815302721e-05,-3.6886363685131074,2.3692847e-07,0.0,-2.905158042907715,-0.0001377452328013895
130600,-0.0002608522481750697,1.5786209269208483e-05,-3.688629186153412,2.3990867e-07,0.0,-4.449186325073242,-0.00012130917624135762
130800,-0.00021551104146055877,1.2229200456204125e-05,-3.688630199432373,2.360344e-07,0.0,-7.561089515686035,-0.00012998010188760566
131000,-0.00039105062023736537,1.5538856087005114e-05,-3.6886278986930847,3.07858e-07,0.0,-3.6724162101745605,-0.0001370242543563549
131200,-0.0003102409827988595,1.3680989127351495e-05,-3.6886224687099456,2.744794e-07,0.0,-0.603769063949585,-0.00015109769213621503
131400,-0.00042029915493912995,1.354247556264454e-05,-3.6886289000511168,3.0815602e-07,0.0,-8.92820930480957,-0.00016243205939223682
131600,-0.00023023840913083404,1.8992818354490737e-05,-3.6886191844940184,3.2871964e-07,0.0,-5.079887390136719,-0.0001463500030431053
131800,-0.0004692325019277632,1.0464285855960042e-05,-3.688629961013794,2.3961067e-07,0.0,-4.879713535308838,-0.00013344861544655194
132000,-0.00032318299054168165,1.1671104243760055e-05,-3.688637435436249,2.2530557e-07,0.0,-2.0992159843444824,-0.00011772404685235216
132200,-0.0005013028858229518,1.102926448766084e-05,-3.6886299431324003,3.8594007e-07,0.0,-6.862998008728027,-0.00020572176585591516
132400,-0.0003664808173198253,1.3687707701137697e-05,-3.688625919818878,3.606081e-07,0.0,-7.631125450134277,-0.00016815413514171819
132600,-0.0003152905555907637,9.64413820270238e-06,-3.6886306524276735,2.7388333e-07,0.0,-3.7686471939086914,-0.0001432172952922528
132800,-0.0004795396525878459,1.3468929751070391e-05,-3.6886247396469116,4.386902e-07,0.0,-2.097543954849243,-0.00020760720867349925
133000,-0.0002916067314799875,1.6757800494815456e-05,-3.688631010055542,1.9848348e-07,0.0,-4.638194561004639,-0.00013199228079201485
133200,-0.0002728016406763345,1.1620114560173533e-05,-3.6886255204677583,3.1203032e-07,0.0,-5.750856399536133,-0.00017046981962232088
133400,-0.0003379731788299978,2.0874962910966132e-05,-3.6886196613311766,4.10378e-07,0.0,-10.018806457519531,-0.0002107763587216649
133600,-0.00034640036756172776,1.4865335447211692e-05,-3.6886307179927824,2.6375056e-07,0.0,-1.7893633842468262,-0.00013784651511969948
133800,-0.0004674621159210801,1.59364179125987e-05,-3.688627153635025,2.911687e-07,0.0,-4.264217376708984,-0.00015527844558089755
134000,-0.00029259189614094794,1.0147104774205218e-05,-3.688625919818878,2.6017426e-07,0.0,-5.180332183837891,-0.0001483494640743599
134200,-0.0004524101095739752,1.100281417620863e-05,-3.6886340618133544,3.6865472e-07,0.0,-9.309358596801758,-0.0001548438358265791
134400,-0.0004706755862571299,1.1777569420701184e-05,-3.688627463579178,3.5047532e-07,0.0,-5.72109317779541,-0.00018180535880480965
134600,-0.0004485672398004681,1.325181247011642e-05,-3.688625955581665,2.926588e-07,0.0,-4.106631278991699,-0.0001470418662864459
134800,-0.0004607690207194537,1.3379809843172552e-05,-3.6886206328868867,3.6656854e-07,0.0,-5.415410995483398,-0.00019829498300030223
135000,-0.0005566541221924126,1.2376456538731873e-05,-3.6886250019073485,3.2424927e-07,0.0,-5.622539043426514,-0.00018536511570402814
135200,-0.0003354440850671381,9.789068474219676e-06,-3.688631761074066,3.1888484e-07,0.0,-5.091544151306152,-0.0001623899783997018
135400,-0.00038128046435303986,6.0068092238907415e-06,-3.6886371850967405,2.2381545e-07,0.0,-6.349240779876709,-0.00014019186051075216
135600,-0.0005790316499769688,1.4382837571247365e-05,-3.6886286437511444,3.7401912e-07,0.0,-8.271345138549805,-0.0001931660032153726
135800,-0.00015150036779232323,1.0886485802075185e-05,-3.688630145788193,3.1381845e-07,0.0,-4.66939115524292,-0.00014496383110036427
136000,-0.0004680874408222735,9.317328601810004e-06,-3.688629466295242,3.117323e-07,0.0,-0.2246173620223999,-0.0001621093810463048
136200,-0.0005255058058537543,1.4296745803221711e-05,-3.68863068819046,4.1484833e-07,0.0,-4.291138648986816,-0.00018112552058346942
136400,-0.00031430143280886114,1.5682798152738543e-05,-3.6886323511600496,1.8447636e-07,0.0,-6.63462495803833,-0.00011711698727038256
136600,-0.00032248481875285506,1.3794809660794272e-05,-3.6886349081993104,2.5570392e-07,0.0,-8.111162185668945,-0.00013183619047956173
136800,-0.0003336935769766569,9.2878839950572e-06,-3.6886332750320436,2.554059e-07,0.0,-4.427244663238525,-0.00013588181205732576
137000,-0.0003789863840211183,9.339479879599821e-06,-3.6886286199092866,2.3752452e-07,0.0,-6.638337135314941,-0.00013273874060655279
137200,-0.00048309058183804154,1.2395107478369028e-05,-3.6886275172233582,3.8772822e-07,0.0,-3.391289234161377,-0.00020061513075559924
137400,-0.00033423848799429834,1.5002340364844714e-05,-3.6886292815208437,2.4259091e-07,0.0,-7.664943695068359,-0.0001469884822313361
137600,-0.0004571312456391752,1.2111342311982298e-05,-3.688629174232483,3.8683416e-07,0.0,-13.033645629882812,-0.0002107119115862588
137800,-0.0004345679481048137,8.949248513090425e-06,-3.68863023519516,2.9385092e-07,0.0,-3.6464085578918457,-0.0001621013808377203
138000,-0.00026626684120856225,9.523198377792141e-06,-3.6886265516281127,2.5212765e-07,0.0,-3.9398341178894043,-0.00014567184390192888
138200,-0.00023624686582479626,8.430419165961212e-06,-3.6886287152767183,2.8520824e-07,0.0,-3.4696478843688965,-0.0001497689485540743
138400,-0.0002978676639031619,9.377094636420225e-06,-3.6886278688907623,3.2842158e-07,0.0,-9.982701301574707,-0.00016678532970348936
138600,-0.000367605040082708,1.0554789821526355e-05,-3.68862344622612,2.7120115e-07,0.0,-5.339414596557617,-0.00015753744458755215
138800,-0.00030584854539483786,1.0836656565516023e-05,-3.6886160135269166,2.0891429e-07,0.0,-3.141324996948242,-0.00012023965250067548
139000,-0.00013278817641548812,8.474708056382952e-06,-3.688621300458908,1.3321637e-07,0.0,-2.492781162261963,-8.06614454236243e-05
139200,-0.00040480183088220656,1.3482601252690074e-05,-3.6886196076869964,3.015995e-07,0.0,-5.470219612121582,-0.00015897047667892127
139400,-0.0004455947782844305,8.350532300482883e-06,-3.6886224687099456,2.5838614e-07,0.0,-3.061826705932617,-0.00013657713747057266
139600,-0.00042235260480083525,7.92018453239507e-06,-3.688616305589676,3.570318e-07,0.0,-4.099636554718018,-0.00017381949787136363
139800,-0.0005637093563564122,9.12344007701904e-06,-3.6886086225509644,3.5762787e-07,0.0,-5.292536735534668,-0.00018747732096199287
140000,-0.000359295925591141,5.54767626681496e-06,-3.6886181116104124,2.530217e-07,0.0,-2.539830207824707,-0.00015612673733995664
140200,-0.0004229919577483088,1.110345888264419e-05,-3.6886144161224363,4.157424e-07,0.0,-6.785755157470703,-0.00023383197110794508
140400,-0.0004201354749966413,9.164669324945863e-06,-3.688626801967621,3.1799078e-07,0.0,-3.0376601219177246,-0.00015462026059913646
140600,-0.00038198806578293443,6.24442743628606e-06,-3.6886165857315065,2.9116867e-07,0.0,-6.773666858673096,-0.0001431386033067472
140800,-0.0005483858985826373,9.992065690767049e-06,-3.688621127605438,3.5822393e-07,0.0,-2.9318413734436035,-0.0001851144430498941
141000,-0.0004664342850446701,1.0796760830089624e-05,-3.6886153519153595,2.9087067e-07,0.0,-3.312088966369629,-0.0001367940682938551
141200,-0.0003668524441309273,1.0256831728838733e-05,-3.6886182487010957,2.6673078e-07,0.0,-6.967250347137451,-0.00014918988064016592
141400,-0.00032559363171458244,7.476207679246727e-06,-3.6886186957359315,2.6255847e-07,0.0,-4.724093914031982,-0.00012834486273470834
141600,-0.00060472876066342,1.0664502963209088e-05,-3.688625782728195,4.7922134e-07,0.0,-3.5827746391296387,-0.0002252596692168929
141800,-0.00037471597897820175,1.162502339866478e-05,-3.688618677854538,3.015995e-07,0.0,-6.1257758140563965,-0.0001782575995280311
142000,-0.0003478891449049115,6.601553252494341e-06,-3.6886239767074587,3.4302474e-07,0.0,-4.784482479095459,-0.00017495029327709854
142200,-0.00030622835038229823,6.580742746109536e-06,-3.6886165499687196,4.3094155e-07,0.0,-2.3146960735321045,-0.00018755284674680793
142400,-0.00031267321901395917,1.1700657159963157e-05,-3.688606637716293,2.4199485e-07,0.0,-6.779450416564941,-0.00013964950901819152
142600,-0.00048410758608952165,7.596270245358028e-06,-3.6886106371879577,3.686547e-07,0.0,-3.268998622894287,-0.0001837929640429392
142800,-0.00029531290056183934,7.026309356206184e-06,-3.6886187374591826,4.1723249e-07,0.0,-3.038538932800293,-0.00019015395708450457
143000,-0.00042265612864866853,6.587701375337929e-06,-3.688617116212845,2.7269124e-07,0.0,-4.295999526977539,-0.00016485827471660608
143200,-0.00048116015386767685,5.270442983373869e-06,-3.6886187851428986,4.1157006e-07,0.0,-5.024836540222168,-0.0002125135879128992
143400,-0.0005037206574343145,4.624445006129463e-06,-3.688612478971481,3.07858e-07,0.0,-6.746666431427002,-0.00014582139270000738
143600,-9.885164035949856e-05,8.447623974916496e-06,-3.6886168003082274,2.5779008e-07,0.0,-1.5972795486450195,-0.00014249321934760583
143800,-0.0003660315996967256,1.0493027832580993e-05,-3.6886074781417846,2.387166e-07,0.0,-7.001982688903809,-0.00013451038200544828
144000,-0.0003414912207517773,6.191071190642106e-06,-3.688615047931671,2.5838614e-07,0.0,-7.153276443481445,-0.00015039213737571
144200,-0.0002188808430219069,6.691707210393361e-06,-3.688615208864212,2.461672e-07,0.0,-2.5250072479248047,-0.00015540840791243847
144400,-0.0003397743566893041,8.281441330382222e-06,-3.6886143505573274,2.9861928e-07,0.0,-3.9884490966796875,-0.00016066527421947362
144600,-0.0003888097999151796,7.810407487340853e-06,-3.6886180222034453,3.492832e-07,0.0,-4.5004143714904785,-0.00017341901426868312
144800,-0.00034259704989381135,1.0887958433158929e-05,-3.688607484102249,3.5315753e-07,0.0,-4.952203750610352,-0.00019132451781374017
145000,-0.0001228152250405401,3.6109946449869313e-06,-3.688623255491257,2.4437904e-07,0.0,-5.928404808044434,-0.00014897444867630893
145200,-0.0004763672477565706,4.305702032070258e-06,-3.6886092007160185,3.147125e-07,0.0,-7.8241987228393555,-0.00016378183746064147
145400,-0.0005075804656371474,9.845745080383494e-06,-3.6886056840419768,3.3706425e-07,0.0,-3.7603278160095215,-0.00017640875219615548
145600,-0.00045702827628701925,5.109714510354024e-06,-3.688618242740631,2.5242565e-07,0.0,-5.2188029289245605,-0.00015403613486171254
145800,-0.00031053274869918823,6.356823371334031e-06,-3.688620185852051,2.1964313e-07,0.0,-1.698242425918579,-0.00013883341154707907
146000,-0.00038107100408524275,6.8751444928238925e-06,-3.6886189460754393,2.3782252e-07,0.0,-4.129106521606445,-0.0001393741124685488
146200,-0.00040838203858584166,7.112719447377458e-06,-3.6886181831359863,3.066659e-07,0.0,-1.8170738220214844,-0.00015683944674407257
146400,-0.0003591105923987925,7.622801626894216e-06,-3.68861203789711,3.5673378e-07,0.0,-8.173446655273438,-0.00016400158397278375
146600,-0.0005053546628914773,7.67399249070877e-06,-3.6886048555374145,3.4332274e-07,0.0,-4.177628517150879,-0.00017029809962747499
146800,-0.0005424904520623386,5.402015955269235e-06,-3.6886111736297607,3.2365324e-07,0.0,-2.2511439323425293,-0.00016921302575774179
147000,-0.0002723362995311618,6.222053400506411e-06,-3.6886113703250887,1.7553567e-07,0.0,-7.460543632507324,-0.0001095305753833209
147200,-0.0003979862667620182,9.131346382673656e-06,-3.688597482442856,2.539158e-07,0.0,-5.54958438873291,-0.00013224157678450865
147400,-0.0004868012329097837,8.489500226005476e-06,-3.6885985851287844,3.4928323e-07,0.0,-6.07236385345459,-0.00016860284766901935
147600,-0.00044066301779821515,6.848540328974195e-06,-3.6886021971702574,3.20673e-07,0.0,-5.463852405548096,-0.00015862151917112044
147800,-0.00021796509099658579,4.445282115739246e-06,-3.68860787153244,1.9818545e-07,0.0,-2.6693649291992188,-0.00010671871151179957
148000,-0.00036120362346991897,6.476586594317268e-06,-3.688614213466644,3.0577183e-07,0.0,-3.6900625228881836,-0.00013794079834572592
148200,-0.0004092083254363388,6.135522198746912e-06,-3.688612002134323,3.641844e-07,0.0,-10.195389747619629,-0.00019829063112672963
148400,-0.0006334800855256617,8.103562311134738e-06,-3.6886026501655578,4.881621e-07,0.0,-3.224013328552246,-0.00020274317112765062
148600,-0.0003881543525494635,7.65374583124867e-06,-3.688601642847061,4.336238e-07,0.0,-10.693034172058105,-0.00019168165972434094
148800,-0.00029757898300886154,9.97161773739208e-06,-3.6886059761047365,3.1352045e-07,0.0,-7.515880584716797,-0.00015740288790044854
149000,-0.00031595531618222594,5.9612199947878254e-06,-3.6886032819747925,3.2514333e-07,0.0,-3.8472390174865723,-0.00017857049459275577
149200,-0.00023758885799907148,6.024630397405417e-06,-3.688606917858124,2.5957823e-07,0.0,-7.504721641540527,-0.0001430145795064952
149400,-0.00047448911936953664,7.948822064918204e-06,-3.6886015057563784,3.6537645e-07,0.0,-4.1456146240234375,-0.00018349470380644162
149600,-0.00036334365722723305,4.917604235288308e-06,-3.6886048197746275,3.5881996e-07,0.0,-4.117668628692627,-0.0001646414028459775
149800,-0.0001916679902933538,3.685874702341607e-06,-3.6886085093021395,2.7030705e-07,0.0,-4.978706359863281,-0.00015811218326422516
150000,-0.00021528199431486428,4.594108975197741e-06,-3.688595187664032,2.30968e-07,0.0,-1.2409887313842773,-0.00012325309259253459
150200,-0.00023871382290963084,6.593567701429493e-06,-3.688590347766876,2.1576882e-07,0.0,-2.724856376647949,-0.00012769529221849928
150400,-0.00013492201105691493,6.39123247765383e-06,-3.688590770959854,3.3766028e-07,0.0,-4.237664222717285,-0.00016885710459779713
150600,-0.00026773064746521413,5.8949976505573435e-06,-3.688585901260376,2.1994114e-07,0.0,-6.256666660308838,-0.00011800767598515449
150800,-0.00031407715869136155,5.556024888164757e-06,-3.688587498664856,2.1547079e-07,0.0,-2.3141942024230957,-0.0001355013549880324
151000,-0.00036576055572368205,4.993654010831961e-06,-3.688591057062149,3.117323e-07,0.0,-6.4693217277526855,-0.00016174468313057133
151200,-0.00015200860798358917,7.475690370029042e-06,-3.68858922123909,3.257394e-07,0.0,-6.3719868659973145,-0.00017967903641795678
151400,-0.0004111532471142709,5.712562938242627e-06,-3.6885871052742005,2.5719405e-07,0.0,-6.682929992675781,-0.0001594372686292811
151600,-0.0003854733076877892,7.773131267185818e-06,-3.6885786592960357,4.464388e-07,0.0,-5.95214319229126,-0.0001937875584187676
151800,-0.0006544083589687943,6.2222957694757495e-06,-3.688584452867508,5.310774e-07,0.0,-3.8304176330566406,-0.00024385963449862212
152000,-0.0002631204260978848,4.683178372033581e-06,-3.688581866025925,2.5004147e-07,0.0,-2.76521372795105,-0.00013953795247800826
152200,-0.000463386153569445,5.4818945159240686e-06,-3.6885794937610625,2.7567148e-07,0.0,-4.345441818237305,-0.00014621326327875493
152400,-0.0004275619285181165,4.4331267588404446e-06,-3.6885776221752167,3.6150217e-07,0.0,-2.538735866546631,-0.00020898695421132097
152600,-0.0003059161244891584,4.632410218619043e-06,-3.6885777354240417,3.0070544e-07,0.0,-6.666840553283691,-0.00015906448609646074
152800,-0.00047871097922325134,5.0190549302442374e-06,-3.6885802924633024,4.8518183e-07,0.0,-5.5150628089904785,-0.00025001051765594084
153000,-0.00035977468360215425,4.891080027391581e-06,-3.688570165634155,3.8057564e-07,0.0,-8.017766952514648,-0.00018164813526131419
153200,-0.0003792518109548837,3.687160477738871e-06,-3.6885710775852205,2.8699637e-07,0.0,-10.7210693359375,-0.00015113204747478902
153400,-0.00036827681469731033,6.349723548737529e-06,-3.6885660171508787,2.282858e-07,0.0,-5.40937614440918,-0.00011951832535919693
153600,-0.00019418772717472166,5.902069688090705e-06,-3.688567268848419,2.1040441e-07,0.0,-7.580084800720215,-0.0001344939762916608
153800,-0.00030594092095270753,4.296468858910885e-06,-3.688568890094757,2.7149918e-07,0.0,-5.159286022186279,-0.00012048977491168067
154000,-0.0003343701537232846,4.292283335871616e-06,-3.6885711431503294,2.643466e-07,0.0,-8.272871971130371,-0.00013706976094716162
154200,-0.0003609097038861364,3.413637733729047e-06,-3.6885762214660645,3.8623813e-07,0.0,-6.59542179107666,-0.00018952982192672608
154400,-0.0003736682701855898,5.827445761497074e-06,-3.688559979200363,2.6375054e-07,0.0,-7.063411712646484,-0.00014920248020779958
154600,-0.0003618260961957276,4.863682607947339e-06,-3.688564842939377,3.042817e-07,0.0,-4.325280666351318,-0.00016169485391297477
154800,-0.00028879105229862034,4.136853738145873e-06,-3.688569736480713,3.153086e-07,0.0,-1.0657010078430176,-0.00015776914321530278
155000,-0.0003372104838490486,4.670042278576147e-06,-3.6885667741298676,2.6762484e-07,0.0,-3.3226351737976074,-0.00014286050861391785
155200,-0.0003161337226629257,4.597947287265924e-06,-3.688557839393616,3.618002e-07,0.0,-8.13887882232666,-0.00017219580678329294
155400,-0.00028892362024635077,4.564249081795424e-06,-3.688556897640228,2.7000902e-07,0.0,-5.712823390960693,-0.00014390324769717467
155600,-0.00023957405937835574,3.6563899527664033e-06,-3.6885535538196565,2.7388336e-07,0.0,-8.212911605834961,-0.00014499269484553602
155800,-0.0004599531530402601,5.115145967238277e-06,-3.688552474975586,5.2303074e-07,0.0,-9.907663345336914,-0.00025759340747981695
156000,-0.00016482261708006263,4.760334530828914e-06,-3.6885572969913483,2.6464463e-07,0.0,-5.508875370025635,-0.00013582640114561116
156200,-0.00014779032790102065,4.491930650374343e-06,-3.6885568380355833,2.4557113e-07,0.0,-6.218925952911377,-0.0001323843600982588
156400,-0.00016389503434766084,3.757175147711678e-06,-3.688570040464401,3.0219556e-07,0.0,-0.8966227769851685,-0.00016355582322464813
156600,-0.00037156473263166845,4.9951004086778996e-06,-3.688571834564209,2.7805567e-07,0.0,-2.3202037811279297,-0.0001329857938821677
156800,-0.0003228630230296403,3.388759427025434e-06,-3.6885656893253325,2.95043e-07,0.0,-2.653918504714966,-0.0001486663963775059
157000,-0.00021661339269485325,3.5461880429465962e-06,-3.6885631144046784,1.6748905e-07,0.0,-2.139333963394165,-0.00010120515496137017
157200,-0.000547305156942457,4.798253752369419e-06,-3.6885579347610475,3.9100644e-07,0.0,-4.461569309234619,-0.00018379868308449065
157400,-0.00019567219715099782,4.660303420678247e-06,-3.6885550558567046,3.489852e-07,0.0,-5.665452480316162,-0.00016506485106035918
157600,-0.00016265436715912074,2.6587277289991108e-06,-3.688556444644928,3.0994414e-07,0.0,-4.529259204864502,-0.0001626179438230846
157800,-0.0004413830756675452,4.9665990729863555e-06,-3.6885515332221983,2.872944e-07,0.0,-2.9740402698516846,-0.00015344615323225063
158000,-0.0004878266772720963,2.8445856770531465e-06,-3.688554883003235,3.2514333e-07,0.0,-5.485090732574463,-0.00018406756308058102
158200,-0.00030703507945872843,5.1465562137309465e-06,-3.6885418236255645,5.239248e-07,0.0,-4.746113300323486,-0.00019467966944808346
158400,-0.0005468446179293096,3.4229789605433327e-06,-3.6885518193244935,3.325939e-07,0.0,-2.5168819427490234,-0.00018063759764754827
158600,-0.00041458115447312593,4.590544176608091e-06,-3.688543140888214,2.6643278e-07,0.0,-6.017019271850586,-0.0001182053766373592
158800,-0.0004434817819856107,4.603593077945334e-06,-3.688551831245422,2.9832125e-07,0.0,-8.191240310668945,-0.0001637239009610325
159000,-0.0004494462627917528,3.1334620871348307e-06,-3.68855157494545,3.004074e-07,0.0,-3.2418975830078125,-0.00016409903632580436
159200,-0.00026680860901251435,3.318602404078774e-06,-3.6885660886764526,3.1143426e-07,0.0,-2.6082732677459717,-0.00016182823410395563
159400,-0.0005562154110521078,4.239611411094302e-06,-3.688557654619217,4.6491624e-07,0.0,-3.3164281845092773,-0.00018033513493684872
159600,-0.00047652580542489886,3.1914552096168334e-06,-3.6885590851306915,5.009771e-07,0.0,-8.246588706970215,-0.00024536672205073274
159800,-0.00034282307024113834,4.357106070074223e-06,-3.6885499536991118,3.5315753e-07,0.0,-4.928687572479248,-0.00020262487163882347
160000,-0.0005442069959826767,3.582699628168484e-06,-3.688553899526596,5.2154064e-07,0.0,-4.591733932495117,-0.00023310881736575694
160200,-0.00037997509934939444,3.1812557665489292e-06,-3.6885474979877473,3.221631e-07,0.0,-4.238325595855713,-0.00015883001779275484
160400,-0.0005634448025375605,5.373233318550774e-06,-3.688534677028656,5.6385994e-07,0.0,-5.1611409187316895,-0.00022633033989540862
160600,-0.0002882036496885121,4.1151824461849175e-06,-3.688535434007645,2.6881696e-07,0.0,-3.1870317459106445,-0.00012801569754925524
160800,-0.00028252016636542976,3.276254727779815e-06,-3.6885441124439238,2.041459e-07,0.0,-4.205056190490723,-0.00012518198773370237
161000,-0.00034852433600462973,2.996179472347649e-06,-3.688561487197876,2.464652e-07,0.0,-3.2794575691223145,-0.00014539210425099647
161200,-0.0002700539189390838,3.6955159600893238e-06,-3.6885461091995237,3.0666592e-07,0.0,-5.8020339012146,-0.0001622295977327326
161400,-0.00044045201502740383,3.5763933453836217e-06,-3.688535761833191,3.85046e-07,0.0,-8.16854476928711,-0.00019679813073639752
161600,-0.00028215505881235003,5.466856657676545e-06,-3.6885294914245605,3.6507845e-07,0.0,-4.705104351043701,-0.0001973024469214213
161800,-0.000497598375659436,3.5824690655772427e-06,-3.6885425090789794,4.595518e-07,0.0,-3.0507259368896484,-0.00023195405314879736
162000,-0.00038227756158448756,2.9836664538152037e-06,-3.6885282576084135,3.9845705e-07,0.0,-3.4263973236083984,-0.00017790494916538612
162200,-0.0006054175901226699,3.86866765893501e-06,-3.688528436422348,4.139543e-07,0.0,-2.9216227531433105,-0.00020958029495501406
162400,-0.00027638368192128837,3.3997080890912914e-06,-3.6885356485843657,2.9474498e-07,0.0,-6.485057830810547,-0.0001566641780459399
162600,-0.0007947953999973834,3.489479917107019e-06,-3.6885220766067506,4.813075e-07,0.0,-1.8966948986053467,-0.00024571764436713827
162800,-0.00034091531415469944,5.002472505566402e-06,-3.688518542051315,3.182888e-07,0.0,-6.380559921264648,-0.00014084884548490884
163000,-0.00038231402868404984,2.286282290242525e-06,-3.6885342836380004,3.1411648e-07,0.0,-6.657387733459473,-0.00014246903352599372
163200,-0.00021288696734700352,2.8614332734377967e-06,-3.6885272026062013,2.9295683e-07,0.0,-1.8755407333374023,-0.00014013582538239256
163400,-0.0004728313651867211,3.148932600538501e-06,-3.688516926765442,3.117323e-07,0.0,-5.432586193084717,-0.00015518374802485634
163600,-0.00026384752709418535,3.1239538429872484e-06,-3.6885184824466704,2.7716158e-07,0.0,-1.3169903755187988,-0.00015494521766230563
163800,-0.0002853713813237846,3.3200700443103414e-06,-3.688521367311478,3.3706425e-07,0.0,-4.1936354637146,-0.00016528591398531355
164000,-0.000323939515510574,4.636567803117942e-06,-3.6885192334651946,2.798438e-07,0.0,-7.401971817016602,-0.00015027889638441483
164200,-0.00044020148925483227,3.5201617379243546e-06,-3.688514542579651,2.193451e-07,0.0,-5.096043109893799,-0.00011329667954544931
164400,0.028206717222929,0.07661827364936472,-3.6887383460998535,1.707673e-07,0.0,-0.01315462589263916,-0.00013333299687030565
164600,0.014556976966559887,0.02540089057292789,-3.688617193698883,1.320243e-07,0.0,0.05632483959197998,-9.695209588749254e-05
164800,0.001744388253428042,0.004183659370755777,-3.688532829284668,4.4852493e-07,0.0,-0.006555080413818359,-0.0001973426794090294
165000,0.009911775588989258,0.028606732049956916,-3.6885274231433867,2.3633243e-07,0.0,0.04123634099960327,-0.00011863619095396349
165200,0.04128524288535118,0.057787866331636906,-3.6885277211666105,3.7521124e-07,0.0,0.03582894802093506,-0.00017128346783557014
165400,0.040100328624248505,0.06765251238830387,-3.6885261654853823,3.6001205e-07,0.0,0.02198868989944458,-0.00017365771540449603
165600,0.008291935548186302,0.02590778626035899,-3.688527750968933,4.2676925e-07,0.0,0.014964282512664795,-0.00019687612958203539
165800,0.013455153442919254,0.021306594461202623,-3.6885381758213045,1.8090009e-07,0.0,0.09619265794754028,-0.00010896964397597576
166000,0.009413408115506172,0.03109922199510038,-3.6885300517082213,1.8924474e-07,0.0,0.04853332042694092,-0.00011428302553140313
166200,0.03715914860367775,0.03998136832378805,-3.6885199725627897,3.2305718e-07,0.0,0.05683654546737671,-0.00016594886591474455
166400,0.05064457654953003,0.1369506658986211,-3.688527637720108,3.618002e-07,0.0,0.01841491460800171,-0.00018786373011563383
166600,0.017464732751250267,0.051023173658177254,-3.6885444462299346,3.2633545e-07,0.0,0.059596121311187744,-0.00016945683829450164
166800,0.01360450778156519,0.0400688614230603,-3.6885305523872374,3.668666e-07,0.0,0.05265313386917114,-0.0001525485671354465
167000,0.010603353381156921,0.04085270189680159,-3.6885444462299346,2.577901e-07,0.0,0.0760076642036438,-0.00014958181677717785
167200,0.014805772341787815,0.03325917408801615,-3.6885396420955656,2.3245812e-07,0.0,0.042760610580444336,-0.00012844510326919244
167400,0.03880206495523453,0.07537052845582366,-3.6885381937026978,3.5732984e-07,0.0,0.02734929323196411,-0.00017824659522091
167600,0.009311043657362461,0.027834400488063692,-3.6885312259197236,2.4825334e-07,0.0,0.0698959231376648,-0.00014625643858083847
167800,0.0073861656710505486,0.01645485209301114,-3.6885303378105165,3.8385392e-07,0.0,0.08902019262313843,-0.00015961484608942588
168000,0.021337401121854782,0.05849322862923145,-3.6885284960269926,1.7732381e-07,0.0,0.0784040093421936,-0.00010433282032411562
168200,0.043036770075559616,0.07803373406641186,-3.6885305523872374,2.9593707e-07,0.0,0.04938000440597534,-0.00015716192066281832
168400,0.008872256614267826,0.018609795859083532,-3.688528949022293,3.0219556e-07,0.0,0.20050853490829468,-0.00017208303984196373
168600,0.016496701166033745,0.023184516304172575,-3.68853445649147,3.20673e-07,0.0,0.0980679988861084,-0.00017512460671516018
168800,0.008302612230181694,0.01759811833035201,-3.6885321915149687,1.9848348e-07,0.0,0.1094924807548523,-0.00010832448258497606
169000,0.006515581626445055,0.013792585371993482,-3.688524717092514,5.4448844e-07,0.0,0.021618783473968506,-0.00023938313058180505
169200,0.020380182191729546,0.05637884945608675,-3.6885217845439913,4.1007996e-07,0.0,0.04369109869003296,-0.0001879282444169794
169400,0.010224247351288795,0.050390012376010415,-3.688523328304291,3.838539e-07,0.0,0.00620877742767334,-0.00018277428987287792
169600,0.004155246075242758,0.014539068005979061,-3.6885306179523467,3.1709672e-07,0.0,0.14765053987503052,-0.00015199518082783525
169800,0.022780736908316612,0.048553477064706384,-3.6885440707206727,3.9875508e-07,0.0,0.08478492498397827,-0.00014769459568140242
170000,0.012525038793683052,0.02967931623570621,-3.688529205322266,3.4332277e-07,0.0,0.06327486038208008,-0.0001446235634941173
170200,0.0058953226543962955,0.010130264773033559,-3.6885354936122896,3.7968158e-07,0.0,0.02680790424346924,-0.00015854448791028375
170400,0.0035543348640203476,0.008022430952405558,-3.688531219959259,3.3974646e-07,0.0,0.21788012981414795,-0.00016165392893310315
170600,0.006810005754232407,0.015709966095164417,-3.6885339498519896,4.145503e-07,0.0,0.02278602123260498,-0.00017590665845479414
170800,0.010366654023528099,0.016576261271256953,-3.688542538881302,3.2007694e-07,0.0,0.17190641164779663,-0.00016848404625340317
171000,0.024954719468951225,0.0504793846514076,-3.6885310649871825,2.655387e-07,0.0,0.06599223613739014,-0.00013619360198551255
171200,0.005968158598989248,0.010301458311732858,-3.688550591468811,3.5524369e-07,0.0,0.013518571853637695,-0.00017690688834204327
171400,0.018094204366207123,0.03986429357901215,-3.6885428011417387,2.1368265e-07,0.0,0.09081804752349854,-0.00012039285006446577
171600,0.021849093958735466,0.07956956019625068,-3.6885292291641236,3.4183267e-07,0.0,0.039020836353302,-0.0001829460263479632
171800,0.02602631039917469,0.051827636826783416,-3.6885276317596434,3.6478042e-07,0.0,0.12093961238861084,-0.0001823320675470086
172000,0.018142256885766983,0.027287510060705244,-3.688527363538742,2.169609e-07,0.0,0.1670873761177063,-0.00012420815451874567
172200,0.04285229369997978,0.08526579802855849,-3.6885223507881166,3.2246112e-07,0.0,0.02673172950744629,-0.00017968167402944158
172400,0.0006673233001492918,0.0020024236757308243,-3.688533228635788,2.3961067e-07,0.0,0.16025608777999878,-0.0001292525533778788
172600,0.020061790943145752,0.06357520474120974,-3.6885161817073824,4.261732e-07,0.0,0.08603304624557495,-0.000207164438276497
172800,0.0063126119785010815,0.014216059213504195,-3.6885250985622404,4.1961673e-07,0.0,0.09376627206802368,-0.00018565202835089112
173000,0.005494445096701384,0.016436545143369584,-3.688519847393036,3.1918285e-07,0.0,0.0845954418182373,-0.00016538631859703835
173200,0.0003657552588265389,0.003302025797893293,-3.6885221898555756,6.267428e-07,0.0,-0.5697393417358398,-0.00026489046963695806
173400,0.010059710592031479,0.01656745234504342,-3.6885243892669677,2.4735928e-07,0.0,0.20454055070877075,-0.00012474390905579114
173600,0.03611148148775101,0.031520850548986346,-3.6885347187519075,3.5345553e-07,0.0,-0.027085065841674805,-0.00018012763683861177
173800,0.010149559006094933,0.016831278475001453,-3.6885343194007874,3.746152e-07,0.0,0.20456010103225708,-0.00017661979125005445
174000,0.019732650369405746,0.04706503697670996,-3.6885249972343446,3.027916e-07,0.0,0.08145606517791748,-0.00015236518477879102
174200,0.01550009474158287,0.027675039297901095,-3.688544899225235,2.0265578e-07,0.0,0.12736409902572632,-0.0001123134046180807
174400,0.003260504687204957,0.007818378088995815,-3.688543176651001,2.783537e-07,0.0,-0.11030066013336182,-0.00014361493409353887
174600,0.01941845938563347,0.019905251322779805,-3.6885384559631347,2.8818846e-07,0.0,0.019079983234405518,-0.00015281631728156775
174800,0.0028246615547686815,0.009599448030348868,-3.6885461807250977,2.965331e-07,0.0,0.09430152177810669,-0.0001733072616321163
175000,0.007050786167383194,0.012916829891037197,-3.688559019565582,2.2292139e-07,0.0,0.18571943044662476,-0.00012532514983036868
175200,0.01526318397372961,0.023406615247949958,-3.6885387897491455,3.7133694e-07,0.0,0.001309037208557129,-0.0002073180180414802
175400,0.005737123545259237,0.012287777638994158,-3.6885568499565125,2.9742716e-07,0.0,0.19476968050003052,-0.00014830878469430654
175600,0.009495427832007408,0.025137548171915113,-3.688544911146164,1.7762184e-07,0.0,0.07660800218582153,-0.00010309454011165897
175800,0.003628451842814684,0.00706232925876975,-3.688541454076767,4.3302776e-07,0.0,0.022330522537231445,-0.0002308870405045127
176000,0.02544291317462921,0.049059385107830165,-3.6885315239429475,2.8222797e-07,0.0,-0.020400404930114746,-0.0001641651475099426
176200,0.03624401614069939,0.08037082338705659,-3.688541918992996,2.1904708e-07,0.0,0.05605590343475342,-0.00012223337650452137
176400,0.012411572970449924,0.04476061819586903,-3.688548630475998,2.884865e-07,0.0,0.1360175609588623,-0.00017335464151160273
176600,0.01007873099297285,0.022922524902969598,-3.6885398209095,2.2679566e-07,0.0,0.16699320077896118,-0.00012247994402603268
176800,0.008025812916457653,0.026901287329383194,-3.6885341346263885,3.2514333e-07,0.0,0.18469905853271484,-0.00016400710561436104
177000,0.019289350137114525,0.04369996152818203,-3.6885606408119203,1.7315149e-07,0.0,0.13238131999969482,-9.834892308004938e-05
177200,0.015644395723938942,0.028680157940834762,-3.688560223579407,2.6464463e-07,0.0,0.09159255027770996,-0.00014051008292388368
177400,0.026356447488069534,0.04546960843726992,-3.6885575890541076,2.6285647e-07,0.0,0.09820157289505005,-0.0001391637393338918
177600,0.016489868983626366,0.036998981470242144,-3.6885420083999634,3.4600498e-07,0.0,0.16772675514221191,-0.00017693138941559105
177800,0.01995272934436798,0.041857897816225884,-3.6885344862937925,4.4971705e-07,0.0,0.1919289231300354,-0.0002003989302013398
178000,0.020330050960183144,0.03522824118845165,-3.6885326862335206,4.902482e-07,0.0,0.10135704278945923,-0.00021323881073146423
178200,0.0074987453408539295,0.027545970818027853,-3.6885354936122896,3.7282706e-07,0.0,0.13342058658599854,-0.00016108818267548397
178400,0.0037035176064819098,0.009719635988585652,-3.6885393857955933,2.813339e-07,0.0,0.22074121236801147,-0.0001683801559785314
178600,0.01775830239057541,0.05049132159911096,-3.6885315239429475,2.3484229e-07,0.0,0.16897666454315186,-0.00014211252232794181
178800,0.019621316343545914,0.05219071619212627,-3.6885372698307037,2.9802322e-07,0.0,0.012311339378356934,-0.00017239936508222086
179000,0.009196939878165722,0.020041098166257144,-3.688534492254257,2.5451183e-07,0.0,0.16274571418762207,-0.00014606172669737739
179200,0.02028486505150795,0.02812715501058847,-3.6885362386703493,2.589822e-07,0.0,0.09779852628707886,-0.0001469123644696424
179400,0.00381564162671566,0.01629976851399988,-3.6885346710681914,3.6925078e-07,0.0,0.184192955493927,-0.00016202425919642494
179600,0.004535389598459005,0.015842665382660926,-3.6885441720485685,2.3961067e-07,0.0,-0.05539405345916748,-0.00012325487647899536
179800,0.002461107913404703,0.00798903571558185,-3.688542830944061,4.556775e-07,0.0,-0.054096341133117676,-0.0002285762593315921
180000,0.007139654830098152,0.015354941342957317,-3.6885579764842986,2.1249056e-07,0.0,0.18558365106582642,-0.0001152294124019626
180200,0.007719260174781084,0.018500462407246232,-3.688549816608429,3.7074088e-07,0.0,0.14017874002456665,-0.00017848910529891793
180400,0.04254669323563576,0.06919075064361095,-3.688541305065155,4.1007996e-07,0.0,0.0968676209449768,-0.0001958905224837437
180600,0.010106291621923447,0.023867217544466256,-3.6885433912277223,3.5196544e-07,0.0,0.13985896110534668,-0.00018198836511291728
180800,0.021749360486865044,0.030747905373573303,-3.688558888435364,3.2275915e-07,0.0,0.1898747682571411,-0.00014766892989706015
181000,0.004445032216608524,0.010445986781269312,-3.6885571241378785,2.8818846e-07,0.0,0.13091158866882324,-0.00015158614382773105
181200,0.0033974330872297287,0.010713696398306638,-3.6885533392429353,2.899766e-07,0.0,-0.054596781730651855,-0.00014421735714438278
181400,0.0050739264115691185,0.008476669667288661,-3.688574331998825,2.8729437e-07,0.0,0.006204724311828613,-0.0001801319131836898
181600,0.00921691581606865,0.023713630437850953,-3.688573789596558,3.042817e-07,0.0,0.16785496473312378,-0.00015823445351328402
181800,0.002031326526775956,0.0031319170113420112,-3.6885688841342925,1.7911196e-07,0.0,-0.1318124532699585,-0.00010861013756078287
182000,0.020874129608273506,0.045315868128091095,-3.68858026266098,3.8385392e-07,0.0,0.03392016887664795,-0.00018440583311107872
182200,0.006389935500919819,0.008519357570912689,-3.688576418161392,2.2321939e-07,0.0,0.03958922624588013,-0.0001273731605404116
182400,0.013142788782715797,0.017160168243572117,-3.688568580150604,2.9951335e-07,0.0,0.14458346366882324,-0.00016037392667271887
182600,0.0031806076876819134,0.011471940379124135,-3.6885882198810576,1.7732381e-07,0.0,0.23151534795761108,-0.00010309848961332912
182800,0.009409714490175247,0.02092543978942558,-3.688571447134018,3.570318e-07,0.0,0.037976741790771484,-0.00018296810284330612
183000,0.004127344116568565,0.011512354959268122,-3.6885798931121827,2.7179718e-07,0.0,0.06291186809539795,-0.00015613204972169114
183200,0.03204843029379845,0.05811068397015333,-3.688583421707153,2.2470951e-07,0.0,0.06681984663009644,-0.0001350694743630143
183400,0.006494875997304916,0.015611016331240535,-3.6885628402233124,5.0783154e-07,0.0,0.1728319525718689,-0.00023924365727490127
183600,0.017435060814023018,0.036836948804557325,-3.6885756134986876,2.6285647e-07,0.0,0.0714920163154602,-0.00012891581504934635
183800,0.07201607525348663,0.11427556481212378,-3.6885693073272705,4.1961673e-07,0.0,0.020687997341156006,-0.0002104951230821772
184000,0.025418581441044807,0.049185291910544035,-3.688584786653519,1.7642974e-07,0.0,0.12530672550201416,-0.0001249282023283671
184200,0.00751495873555541,0.021694659092463552,-3.68856680393219,3.3199785e-07,0.0,0.15613549947738647,-0.00017287884625000194
184400,0.003533526323735714,0.015076823101844638,-3.6885665237903593,2.3394824e-07,0.0,0.19669437408447266,-0.00013805389438870664
184600,0.007199638988822699,0.013354025420267136,-3.6885540306568148,3.1501057e-07,0.0,-0.12749111652374268,-0.00017834402620156009
184800,0.010497585870325565,0.020162381208501758,-3.6885618448257445,3.6537648e-07,0.0,0.13287973403930664,-0.00015242259863412766
185000,0.025357026606798172,0.03890159851871431,-3.688575249910355,4.1037796e-07,0.0,0.11601006984710693,-0.0002206242816115478
185200,0.00671393284574151,0.019207705883309244,-3.688564968109131,3.2544136e-07,0.0,0.16075700521469116,-0.0001623692669600274
185400,0.001980939181521535,0.004748397693037987,-3.68857598900795,2.7865173e-07,0.0,0.1627628207206726,-0.0001473705166042727
185600,0.00878261961042881,0.015742108318954708,-3.688573306798935,4.0113923e-07,0.0,0.21854311227798462,-0.00017533556998592382
185800,0.011361598037183285,0.02481487503973767,-3.6885765135288238,2.2679568e-07,0.0,0.17185574769973755,-0.00012079550399990424
186000,0.008811759762465954,0.020963748916983604,-3.688588172197342,3.3438207e-07,0.0,0.13741153478622437,-0.000183755164828181
186200,0.002887444104999304,0.0065973958116956055,-3.6885730981826783,2.4288892e-07,0.0,0.04683464765548706,-0.00013663671110517584
186400,0.010698623955249786,0.022274664603173733,-3.6885713934898376,4.0769578e-07,0.0,0.24451971054077148,-0.00020440426565584424
186600,0.007197357248514891,0.017187072010710836,-3.688579946756363,4.5478345e-07,0.0,0.04109591245651245,-0.00019339691683964988
186800,0.009821872226893902,0.025521718617528676,-3.6885729372501372,2.8938055e-07,0.0,0.16718053817749023,-0.0001643225487364397
187000,0.008758876472711563,0.016685780754778536,-3.688559412956238,3.1203032e-07,0.0,0.059098124504089355,-0.00016612354585140431
187200,0.006596831604838371,0.010405475064180792,-3.6885695815086366,3.0636787e-07,0.0,-0.06701648235321045,-0.00016445675503016233
187400,0.007731247693300247,0.0168839372927323,-3.6885638177394866,2.720952e-07,0.0,0.10828548669815063,-0.00014208149181058616
187600,0.02324177883565426,0.05943523603491485,-3.6885602176189423,3.799796e-07,0.0,-0.022044658660888672,-0.0001758791796146575
187800,0.006807262077927589,0.020942050369922072,-3.688558739423752,4.4047832e-07,0.0,-0.06883692741394043,-0.00020792374439542182
188000,0.008472932502627373,0.034235753724351524,-3.6885589241981505,3.3080576e-07,0.0,-0.011160016059875488,-0.0001489935366859152
188200,0.013440304435789585,0.024689266388304532,-3.6885454952716827,2.9563904e-07,0.0,0.10608285665512085,-0.00016359831418890635
188400,0.03363928198814392,0.1046047548763454,-3.688539260625839,3.7014485e-07,0.0,0.07913392782211304,-0.00019097897516018314
188600,0.001074289670214057,0.0031023498479044063,-3.6885369062423705,4.7475098e-07,0.0,0.1881675124168396,-0.00022328791057726338
188800,0.012581463903188705,0.05715695326216519,-3.688530218601227,3.2335518e-07,0.0,0.08503079414367676,-0.0001601982496790777
189000,0.00489080511033535,0.009693290025461465,-3.688540184497833,2.6375056e-07,0.0,0.06697791814804077,-0.0001508882053129268
189200,0.009907525964081287,0.017536151339299977,-3.6885458409786223,2.9593707e-07,0.0,0.21777981519699097,-0.00015416704854231966
189400,0.03431188315153122,0.06443297378718853,-3.688524866104126,2.2470951e-07,0.0,0.07534825801849365,-0.00011937315703687279
189600,0.004719799850136042,0.01408803155645728,-3.6885318219661714,5.567074e-07,0.0,-0.02859055995941162,-0.0002387615073221383
189800,0.01476916391402483,0.028702866937965154,-3.688532257080078,2.8431415e-07,0.0,0.10141760110855103,-0.00014708048111273798
190000,0.013393106870353222,0.02315542984288186,-3.688521307706833,3.236532e-07,0.0,-0.07104122638702393,-0.00015131480259356067
190200,0.010104194283485413,0.02352551547810435,-3.6885239720344543,1.9460916e-07,0.0,0.1266874074935913,-0.00010205911838188087
190400,0.005235766991972923,0.022243088914547116,-3.6885129690170286,2.387166e-07,0.0,0.22885310649871826,-0.0001522102357864652
190600,0.007446267642080784,0.01659223308088258,-3.688518249988556,4.6342612e-07,0.0,0.14087074995040894,-0.00025149255298995143
190800,0.023975886404514313,0.05331380907446146,-3.688539946079254,2.759695e-07,0.0,0.17418360710144043,-0.000146566934213066
191000,0.0012371981283649802,0.0028826845053117724,-3.688517487049103,3.0994414e-07,0.0,0.20284324884414673,-0.000135102183466973
191200,0.016495071351528168,0.028782230382785202,-3.6885351300239564,4.2289497e-07,0.0,-0.0035010576248168945,-0.00019137576882461983
191400,0.004874886944890022,0.010392043122556061,-3.6885287165641785,2.0384789e-07,0.0,0.14843010902404785,-0.00012009714556686646
191600,0.03531269729137421,0.06170332012698054,-3.6885456442832947,2.1785497e-07,0.0,0.1160326600074768,-0.0001217410105701866
191800,0.006577379535883665,0.016398840909823777,-3.688540685176849,2.1457673e-07,0.0,0.06256043910980225,-0.00011361593743669518
192000,0.044092122465372086,0.08784150835126639,-3.6885415494441984,2.1278859e-07,0.0,0.11293971538543701,-0.00013542160374524492
192200,0.019747450947761536,0.03470303840003908,-3.6885423600673675,3.8027764e-07,0.0,0.13915860652923584,-0.00019282159252461127
192400,0.008378838188946247,0.02644138690084219,-3.6885586798191072,2.5957823e-07,0.0,-0.009812355041503906,-0.00013499201851390196
192600,0.01653730683028698,0.021821453841403125,-3.688537073135376,2.8282403e-07,0.0,0.21969926357269287,-0.000155779488447072
192800,0.00814724713563919,0.02904702676460147,-3.68855015039444,4.2945146e-07,0.0,0.0018039941787719727,-0.00017719810434941864
193000,0.007887161336839199,0.017690734704956412,-3.688542014360428,2.8043985e-07,0.0,0.1681254506111145,-0.0001802284135074217
193200,0.009727992117404938,0.025402702554129065,-3.6885443687438966,2.810359e-07,0.0,0.1725749969482422,-0.00014349730927767367
193400,0.004997489508241415,0.010682796139735728,-3.6885384738445284,3.7968158e-07,0.0,0.09378737211227417,-0.00017705099180170825
193600,0.014788612723350525,0.04175931778736412,-3.688549244403839,3.1024217e-07,0.0,0.11402559280395508,-0.00017324320928673308
193800,0.014982429333031178,0.04923979148734361,-3.6885391891002657,2.5182965e-07,0.0,0.059608399868011475,-0.00014817042745542963
194000,0.008617820218205452,0.0405079074203968,-3.688532143831253,3.9905308e-07,0.0,0.0569835901260376,-0.0001803031557870427
194200,0.008238032460212708,0.01932586352340877,-3.688543236255646,3.7819146e-07,0.0,-0.0056421756744384766,-0.0001819304072231853
194400,0.037143953144550323,0.06873942106030881,-3.688530665636063,3.3706428e-07,0.0,0.06601846218109131,-0.00016890536211326966
194600,0.01398523524403572,0.02286594600882381,-3.688539057970047,2.631545e-07,0.0,0.20607835054397583,-0.0001365540170265911
194800,0.021032165735960007,0.044939615717157724,-3.688532841205597,2.244115e-07,0.0,0.07132631540298462,-0.00012560612679839432
195000,0.027258342131972313,0.05904668034054339,-3.6885265111923218,3.4868717e-07,0.0,0.07869070768356323,-0.00014687395228109025
195200,0.012417290359735489,0.021515272185206415,-3.688535100221634,2.9087067e-07,0.0,0.13234388828277588,-0.00015022890276441547
195400,0.006616169586777687,0.011895150889176875,-3.6885474562644958,3.1352045e-07,0.0,0.24243700504302979,-0.0001571370068726985
195600,0.010967464186251163,0.017700678249821068,-3.6885430216789246,2.3275614e-07,0.0,0.09578859806060791,-0.00013810034149310812
195800,0.0037324721924960613,0.013677694578655064,-3.6885386168956757,2.4944543e-07,0.0,0.04364675283432007,-0.00015032083194932433
196000,0.005775514990091324,0.020593394874595106,-3.6885584115982057,1.9162893e-07,0.0,0.21442502737045288,-0.00011571793933308205
196200,0.008108437061309814,0.012964860035572201,-3.688545048236847,1.8060207e-07,0.0,0.11316484212875366,-0.00012073548856210703
196400,0.02354440465569496,0.052077963436022404,-3.688545298576355,2.9832125e-07,0.0,0.12364834547042847,-0.00014121481865348172
196600,0.013285648077726364,0.03603910612873733,-3.6885374903678896,4.1782857e-07,0.0,-0.034743428230285645,-0.00019402971781978806
196800,0.01194827165454626,0.019591788412071764,-3.688537120819092,3.1620263e-07,0.0,0.2062128186225891,-0.00015018991445026053
197000,0.014577798545360565,0.03470987039618194,-3.688528060913086,2.1517278e-07,0.0,0.10916054248809814,-0.00015167479480850953
197200,0.00589977391064167,0.01055628745816648,-3.6885428369045257,2.491474e-07,0.0,0.2046189308166504,-0.00015469612757357254
197400,0.012750902213156223,0.02632885440252721,-3.6885371446609496,3.516674e-07,0.0,-0.024307608604431152,-0.0001955615581382464
197600,0.015912624076008797,0.040141865843907,-3.6885418236255645,3.7521124e-07,0.0,0.12928414344787598,-0.0001789353642579927
197800,0.01012969110161066,0.01732355260755867,-3.6885352551937105,3.5613772e-07,0.0,0.0003037452697753906,-0.00017095500235506656
198000,0.010291289538145065,0.024334758671466263,-3.6885510444641114,3.5762787e-07,0.0,-0.012954950332641602,-0.00018679606958107997
198200,0.008042290806770325,0.01771532300626859,-3.6885482251644133,2.5093556e-07,0.0,-0.09110641479492188,-0.00013933758372826067
198400,0.023216014727950096,0.0337336715310812,-3.6885444641113283,4.0352344e-07,0.0,0.08376091718673706,-0.00021119793522206276
198600,0.011547129601240158,0.01914819860830903,-3.6885463118553163,2.5749205e-07,0.0,0.11672842502593994,-0.00011573612672144407
198800,0.01203104481101036,0.020751464436762034,-3.6885470330715178,3.5077335e-07,0.0,0.1313776969909668,-0.0001807260295917157
199000,0.019317802041769028,0.030469484999775885,-3.6885547995567323,3.1501054e-07,0.0,0.13808375597000122,-0.00015525992120801746
199200,0.015624560415744781,0.02797750581521541,-3.6885725438594816,3.1113626e-07,0.0,-0.004325509071350098,-0.0001604241136990314
199400,0.0064733936451375484,0.013263061991892755,-3.6885656893253325,3.0457974e-07,0.0,0.24341744184494019,-0.00014477805589785397
199600,0.0133191654458642,0.047162969084456566,-3.6885620176792147,2.795458e-07,0.0,0.16138696670532227,-0.0001646365213400669
199800,0.008677116595208645,0.012352511729113757,-3.688570314645767,3.388524e-07,0.0,-0.10478472709655762,-0.00015788118966741926
200000,0.010497765615582466,0.020012458460405468,-3.6885631024837493,3.5077332e-07,0.0,0.044824182987213135,-0.00019133476972126305
