timestep,loss,value_loss,entropy_loss,approx_kl,clip_fraction,explained_variance,policy_gradient_loss
200,,,,,,,
400,-0.00015898917627055198,0.0002608618753583869,-3.688875550031662,1.6719103e-07,0.0,0.24427908658981323,-0.00011856144572583994
600,-6.268234574235976e-05,0.00042060970517923126,-3.68887522816658,2.0712615e-07,0.0,-0.4689747095108032,-0.000124813787027378
800,-4.908503615297377e-05,0.00042751695182232654,-3.688874077796936,1.6897916e-07,0.0,-3.0628795623779297,-0.00010987643132125413
1000,-0.00018099693988915533,0.00043456886560306885,-3.688873988389969,1.719594e-07,0.0,-1.9530270099639893,-9.614926612311336e-05
1200,-0.0002603967732284218,0.00038378697536245454,-3.688873201608658,2.3663043e-07,0.0,-0.9769014120101929,-0.00012814423365838933
1400,-2.2919935872778296e-05,0.0004540551162790507,-3.6888741135597227,1.6301871e-07,0.0,-1.9263279438018799,-0.0001010707319966997
1600,-0.0002708209212869406,0.00022554988627234706,-3.688873219490051,2.1725893e-07,0.0,-2.0495107173919678,-0.0001179594174843146
1800,-3.632625157479197e-05,0.0003511709212034475,-3.688872927427292,2.4944543e-07,0.0,-0.5563347339630127,-0.0001251301472739108
2000,-0.00019713622168637812,0.00023491506963182473,-3.6888731122016907,1.8715858e-07,0.0,-0.6982423067092896,-9.643042047109418e-05
2200,-0.00020350993145257235,0.00020543152350001038,-3.6888731181621552,1.9788743e-07,0.0,-0.8748646974563599,-0.00011868922526798442
2400,-0.0004465176025405526,0.00017678698732197516,-3.6888720273971556,3.4302474e-07,0.0,-0.6201459169387817,-0.00018798133056598942
2600,-0.0003539400640875101,0.0001330282344497391,-3.6888724505901336,3.2782555e-07,0.0,-1.299015760421753,-0.00017959594665626356
2800,-0.00020329623657744378,0.0001303873894357821,-3.6888712763786318,1.2785196e-07,0.0,-0.5654641389846802,-0.00010260329300137983
3000,-0.0004305426264181733,0.00011041814395866823,-3.688870573043823,2.8163194e-07,0.0,-0.5798201560974121,-0.00015291524690441705
3200,-0.00014693682896904647,0.0001757092421030393,-3.6888700425624847,3.3617022e-07,0.0,-0.15358495712280273,-0.00015768720544659943
3400,-0.0003809862828347832,0.00010254153039568337,-3.688868647813797,3.9726496e-07,0.0,-0.0691612958908081,-0.00016779950162728596
3600,-0.00022564367100130767,0.00014635700099461247,-3.688869571685791,2.9832125e-07,0.0,-0.0037589073181152344,-0.00015712916043719716
3800,-0.000472960586193949,5.101055867271498e-05,-3.6888697683811187,5.8323144e-07,0.0,-0.7814929485321045,-0.0002542929470126909
4000,-0.0002655476564541459,6.8332208229549e-05,-3.6888711392879485,2.530217e-07,0.0,-0.4707481861114502,-0.0001373320666482325
4200,-0.00037845972110517323,6.024209315000917e-05,-3.6888708412647246,2.080202e-07,0.0,0.010202348232269287,-0.00013383149315677746
4400,-0.00030624866485595703,2.03325827669687e-05,-3.688868981599808,2.363324e-07,0.0,0.08298450708389282,-0.00014826647898864566
4600,-0.00029078280203975737,5.2582113221433245e-05,-3.6888690054416657,1.8447638e-07,0.0,0.008624494075775146,-0.00012177647581541606
4800,-0.0003607893595471978,3.058484617213253e-05,-3.68886775970459,4.032254e-07,0.0,0.07019788026809692,-0.0001756970956464432
5000,-0.00020724479691125453,3.0691968549945156e-05,-3.68886803984642,2.0980835e-07,0.0,-0.42686927318573,-0.00013145266476537464
5200,-0.00025682529667392373,5.3906459743302546e-05,-3.688866513967514,2.1487475e-07,0.0,0.0757455825805664,-0.00012248156923488907
5400,-0.0003961112815886736,2.7047335061070042e-05,-3.688867223262787,2.7269127e-07,0.0,-0.2578798532485962,-0.0001407392548917308
5600,-0.000243793532717973,4.677912843362719e-05,-3.688867175579071,1.7613172e-07,0.0,-0.05444920063018799,-8.86012244928125e-05
5800,-0.0002872602199204266,4.443270536285127e-05,-3.6888655483722688,3.7193297e-07,0.0,-0.1351689100265503,-0.0001694450308105111
6000,-0.00034062593476846814,3.404130998205801e-05,-3.688867861032486,2.0831823e-07,0.0,-0.1027299165725708,-0.0001451290997438459
6200,-0.00010914569429587573,1.155078358578976e-05,-3.688866454362869,1.4603138e-07,0.0,-0.20860004425048828,-8.642648191403701e-05
6400,-0.00038265332113951445,2.0179131388431416e-05,-3.6888651490211486,3.0815602e-07,0.0,0.18227630853652954,-0.00016014488181612663
6600,-0.00016985315596684813,1.8495506560611828e-05,-3.6888649642467497,1.7315149e-07,0.0,-0.19133567810058594,-0.00010669079088052592
6800,-0.0003814680385403335,3.517038571771991e-05,-3.688864904642105,1.9937754e-07,0.0,0.25323164463043213,-0.0001436698289626115
7000,-0.00026006854022853076,2.3688007377131726e-05,-3.6888656854629516,2.375245e-07,0.0,-0.14186811447143555,-0.0001391462612708949
7200,-0.00028097222093492746,2.192617052969581e-05,-3.6888652443885803,2.2411348e-07,0.0,-0.11380743980407715,-0.0001396996075563095
7400,-0.0004045098030474037,1.6578374447817625e-05,-3.6888644278049467,2.2143126e-07,0.0,-0.3577173948287964,-0.00010995711320697376
7600,-0.00046261714305728674,1.783841726137325e-05,-3.6888657808303833,1.9192696e-07,0.0,-0.026959538459777832,-0.00012422183979903244
7800,-0.0001570233580423519,3.0974617084211785e-05,-3.6888640463352202,2.7060509e-07,0.0,-0.047165632247924805,-0.00013348238209780482
8000,-0.00041075830813497305,2.2660629565507406e-05,-3.6888631939888,2.56598e-07,0.0,-0.01093590259552002,-0.00013715189670802098
8200,-0.00025399390142410994,0.00012091135904483963,-3.6888613641262054,3.1769275e-07,0.0,0.11829942464828491,-0.0001441789529659232
8400,-0.00040974721196107566,1.7756312331584923e-05,-3.6888609647750856,6.428361e-07,0.0,-0.9734023809432983,-0.00023167157273662475
8600,-0.00029760057805106044,2.2184526051205468e-05,-3.688863331079483,2.336502e-07,0.0,-0.06863200664520264,-0.00014398063837215425
8800,-0.00031446144566871226,2.7911039933314896e-05,-3.688864600658417,1.6599894e-07,0.0,-0.02938258647918701,-0.00012580917833133755
9000,-0.000395120499888435,2.5481593047516073e-05,-3.688863551616669,2.3633243e-07,0.0,-0.23483848571777344,-0.00016329015759422027
9200,-0.000231492129387334,1.467391634832893e-05,-3.6888584971427916,2.0593404e-07,0.0,-0.3928109407424927,-0.00010758675618056656
9400,-0.00025610244483686984,2.2107673612481448e-05,-3.688863456249237,1.41263e-07,0.0,0.043936967849731445,-0.00010253646888210843
9600,-0.0002874355996027589,2.7069058842243975e-05,-3.6888613283634184,1.7434358e-07,0.0,-0.32122349739074707,-0.00012017088416096388
9800,-0.00016183512343559414,2.29326484941339e-05,-3.688857877254486,2.2500753e-07,0.0,-0.07304716110229492,-0.000128696531109318
10000,-0.00030561169842258096,3.047135724045802e-05,-3.6888531506061555,4.133582e-07,0.0,-0.25323307514190674,-0.0001608276360186678
10200,-0.00021330235176719725,4.2406929378557837e-05,-3.6888567388057707,2.2888185e-07,0.0,0.07228434085845947,-0.00013696661045339286
10400,-0.0004612201591953635,2.6163499251197207e-05,-3.688853305578232,3.5941602e-07,0.0,-0.40023791790008545,-0.0001409368507380826
10600,-0.0002471411426085979,1.0179500736740011e-05,-3.6888569593429565,1.0967254e-07,0.0,0.06006133556365967,-7.578751412964379e-05
10800,-0.00026461706147529185,2.9234668272692942e-05,-3.6888573944568632,1.6331673e-07,0.0,0.23176676034927368,-0.00011732846479026727
11000,-0.00020396891341079026,3.437484051573847e-05,-3.688854640722275,1.8954276e-07,0.0,0.08303666114807129,-0.00011294198002396172
11200,-0.0006504923803731799,2.1978208701511902e-05,-3.688849759101868,4.085898e-07,0.0,-0.07767844200134277,-0.0001823677422480019
11400,-0.0002594527031760663,1.792636005575332e-05,-3.688854455947876,1.9907951e-07,0.0,-0.4453730583190918,-0.00014302816245277407
11600,-0.0004783360636793077,3.8062781823100525e-05,-3.688849073648453,4.10378e-07,0.0,0.10447651147842407,-0.00017832783608076052
11800,-0.0003979191242251545,2.648513504937e-05,-3.688854467868805,2.8938055e-07,0.0,0.04859989881515503,-0.00015959719590205034
12000,-0.0005299366894178092,2.730509522734792e-05,-3.6888503432273865,3.5732984e-07,0.0,-0.030512213706970215,-0.00016373537443417074
12200,-0.00043511876720003784,1.4374014745044405e-05,-3.6888534486293794,2.6911496e-07,0.0,0.09388303756713867,-0.00012658363586988132
12400,-0.00019309463095851243,1.2812089403269056e-05,-3.6888537764549256,1.5765428e-07,0.0,-0.20176923274993896,-0.00011758262706327294
12600,-0.0003336155496072024,1.8152428810935817e-05,-3.6888516664505007,2.1189452e-07,0.0,-0.263508677482605,-0.0001264226652920808
12800,-0.00023187274928204715,2.3941239351188415e-05,-3.6888542115688323,2.4974347e-07,0.0,-0.11033070087432861,-0.0001504987410273717
13000,-0.00029870597063563764,1.2101615925530496e-05,-3.688849371671677,2.1845102e-07,0.0,-0.03739297389984131,-0.00013588420340548968
13200,-0.00026775948936119676,3.580614120437531e-05,-3.6888501703739167,1.835823e-07,0.0,-0.03362119197845459,-0.00012390388595787672
13400,-0.0003025634214282036,2.3276245906345137e-05,-3.6888487100601197,2.9623507e-07,0.0,0.11538267135620117,-0.00014241056203356806
13600,-0.0002550261851865798,2.9106353258612218e-05,-3.688844645023346,2.989173e-07,0.0,-0.08941400051116943,-0.00014033669204034372
13800,-0.00023980923288036138,2.846670208782598e-05,-3.688845580816269,2.0921232e-07,0.0,-0.09529900550842285,-0.00010817269942524632
14000,-0.00028497251332737505,2.5806504072534154e-05,-3.68884859085083,1.3768673e-07,0.0,-0.05370211601257324,-0.00010328065644500395
14200,-0.0002348145644646138,4.3433527707748e-05,-3.6888511002063753,2.0682812e-07,0.0,0.07746082544326782,-0.00014382593354593797
14400,-0.0002530519268475473,8.320844763147761e-05,-3.688844382762909,3.1769275e-07,0.0,0.11992406845092773,-0.00015957059713926912
14600,-0.0003278647782281041,1.723061513985158e-05,-3.6888510942459107,2.1368264e-07,0.0,-0.181382417678833,-0.00013330643011189025
14800,-0.00019625932327471673,2.5881500550895e-05,-3.688849848508835,1.4275312e-07,0.0,-0.07597959041595459,-0.00010065806000381095
15000,-0.000278271094430238,2.1096359932926135e-05,-3.6888481438159944,1.8239021e-07,0.0,-0.25599372386932373,-0.00012658488656995813
15200,-0.0003233249008189887,2.973318792101054e-05,-3.6888454437255858,2.747774e-07,0.0,0.06452083587646484,-0.00013828572740299806
15400,-0.00026454540784470737,1.6403946301579708e-05,-3.6888478994369507,2.4348498e-07,0.0,-0.11965763568878174,-0.00013339004002319577
15600,-0.0001547347055748105,1.6763781786721665e-05,-3.6888423025608064,1.9729137e-07,0.0,-0.4493147134780884,-9.676994399159256e-05
15800,-0.00031536404276266694,1.3533093101614213e-05,-3.6888434290885925,1.8239021e-07,0.0,-0.01182401180267334,-0.00010515673419615456
16000,-0.0003468046779744327,2.3128302109398648e-05,-3.6888458013534544,2.259016e-07,0.0,-0.10911369323730469,-0.00012087574603648898
16200,-0.0003944934287574142,1.5766382944093493e-05,-3.6888493239879607,1.5377998e-07,0.0,0.09339344501495361,-0.00012009312282161844
16400,-0.0004474235756788403,2.0419758175194148e-05,-3.6888412117958067,3.0905008e-07,0.0,-0.35915613174438477,-0.00016290676621508738
16600,-0.00017157952242996544,1.3769651263828565e-05,-3.6888459444046022,1.8179416e-07,0.0,-0.20231497287750244,-0.00011332271913582215
16800,-0.00028743225266225636,1.4365562105922435e-05,-3.6888418078422545,3.451109e-07,0.0,0.06072443723678589,-0.00017587584225911
17000,-0.00018747786816675216,2.0859672304140986e-05,-3.688841289281845,1.4275312e-07,0.0,0.11456161737442017,-9.939216027452514e-05
17200,-0.00036348437424749136,1.3653278915626289e-05,-3.6888380706310273,3.4093858e-07,0.0,0.10392886400222778,-0.00014758998269921443
17400,-0.0002155698894057423,2.8382888785927207e-05,-3.6888354539871218,3.7997958e-07,0.0,0.01324242353439331,-0.0001560513078467718
17600,-0.00025406916392967105,1.4961982219574566e-05,-3.6888377547264097,2.7179718e-07,0.0,-0.00032019615173339844,-0.00015020239281371417
17800,-0.0003144351067021489,1.2799094884030638e-05,-3.6888403832912444,1.7285348e-07,0.0,-0.09610915184020996,-0.00011067311529444623
18000,-0.00018860312411561608,1.6218480709540017e-05,-3.6888388276100157,2.1010636e-07,0.0,0.09911662340164185,-0.00011361327770896823
18200,-0.0006393302464857697,2.1849171298526925e-05,-3.688839375972748,5.212426e-07,0.0,0.13887083530426025,-0.00021177677934633988
18400,-0.0003424104943405837,2.5535083523209323e-05,-3.688841038942337,2.965331e-07,0.0,-0.04652738571166992,-0.00015243068517656333
18600,-0.00021830594050697982,3.615407867982867e-05,-3.6888353407382963,1.9192694e-07,0.0,-0.03373610973358154,-0.00011862465744680862
18800,-0.0002998182608280331,1.578365593104536e-05,-3.688846105337143,1.4007091e-07,0.0,0.05046355724334717,-0.00012002188767752386
19000,-0.0002555809624027461,4.573018359224079e-05,-3.6888400256633758,2.7924776e-07,0.0,0.03897625207901001,-0.00017782199322231574
19200,-0.0004205951699987054,1.1972136371696252e-05,-3.6888401210308075,3.3646822e-07,0.0,-0.24851584434509277,-0.00017899220867501064
19400,-0.0003682615060824901,1.7105201823142125e-05,-3.6888412714004515,2.1249056e-07,0.0,0.06553894281387329,-0.00012718349678204622
19600,-0.0003756896185223013,2.6417408298584634e-05,-3.6888411223888395,3.5107135e-07,0.0,0.07659107446670532,-0.00016848903924853164
19800,-0.0003980274486821145,1.604179697096697e-05,-3.688837319612503,3.2812358e-07,0.0,0.2506215572357178,-0.0001688772737113986
20000,-0.00034111057175323367,1.9843667200802883e-05,-3.6888401448726653,2.4080276e-07,0.0,0.02212238311767578,-0.00014777448185637754
20200,-0.00031368626514449716,1.6919617087296503e-05,-3.6888367891311646,2.0176171e-07,0.0,-0.17668747901916504,-0.00012901094509403243
20400,-0.00012718809011857957,2.6921233006760305e-05,-3.6888351261615755,2.849102e-07,0.0,-0.048200130462646484,-0.00013383801188152634
20600,-0.00010483392543392256,3.371959592186613e-05,-3.6888374507427217,1.1920929e-07,0.0,0.03835254907608032,-9.684798235083391e-05
20800,-0.0004599030362442136,1.4797037306379934e-05,-3.6888289034366606,3.609061e-07,0.0,0.15727382898330688,-0.00017559898399257534
21000,-0.0005431438912637532,1.9744216547223915e-05,-3.68882874250412,4.1455033e-07,0.0,0.23096001148223877,-0.0001703956867938894
21200,-0.00017852583550848067,2.705719566620246e-05,-3.688831925392151,2.962351e-07,0.0,0.10587167739868164,-0.0001420460782979971
21400,-0.00041809529648162425,2.3615063491888576e-05,-3.6888384580612184,1.8805264e-07,0.0,0.03116631507873535,-0.00011413745653543472
21600,-0.0007157917134463787,2.1187675338296684e-05,-3.688836133480072,6.6846604e-07,0.0,0.02928239107131958,-0.0002303046881129589
21800,-0.0005736367893405259,2.2207170422916535e-05,-3.688829320669174,4.938245e-07,0.0,0.0770464539527893,-0.0001670691965467874
22000,-0.0003462668100837618,3.7303555973267064e-05,-3.688836616277695,3.2424924e-07,0.0,0.0833505392074585,-0.00017607823085359354
22200,-0.00029886545962654054,3.21934165640414e-05,-3.6888426721096037,1.4215708e-07,0.0,-0.18157339096069336,-0.00010982212463227503
22400,-0.0002532955550123006,2.436005916024442e-05,-3.68883758187294,2.2023917e-07,0.0,0.10281455516815186,-0.00016004449214106485
22600,-0.00016637271619401872,1.4529668055729416e-05,-3.6888396620750425,1.9967555e-07,0.0,0.22409552335739136,-0.00011592821817780763
22800,-0.0004622873675543815,1.6409961131103045e-05,-3.688832151889801,4.196167e-07,0.0,-0.19841670989990234,-0.0001837203484399197
23000,-0.0002042546693701297,1.8965017829941644e-05,-3.6888404488563538,1.9639731e-07,0.0,-0.09567582607269287,-0.00014059622951879125
23200,-0.00032483137329109013,3.275270019003074e-05,-3.6888381600379945,2.220273e-07,0.0,-0.12428092956542969,-0.00013065296469214616
23400,-0.0003035356057807803,4.030449067613517e-05,-3.6888380467891695,4.2647122e-07,0.0,-0.08340346813201904,-0.000205964423918803
23600,-0.00016446832159999758,1.493522767077593e-05,-3.688836431503296,2.2351742e-07,0.0,0.18039315938949585,-0.00014754588760286237
23800,-0.00029866545810364187,1.595930596067774e-05,-3.6888357043266295,2.8222797e-07,0.0,0.15130627155303955,-0.00013749342825146725
24000,-0.0001833274873206392,1.1258717483997316e-05,-3.6888394176959993,1.5169383e-07,0.0,0.2200118899345398,-9.285312228346498e-05
24200,-0.0001891128340503201,2.0456121387724124e-05,-3.688837248086929,2.783537e-07,0.0,0.14311379194259644,-0.00015550255802714296
24400,-0.00026740258908830583,1.7009195198625092e-05,-3.688835024833679,3.2514336e-07,0.0,0.17157459259033203,-0.00018255634653164266
24600,-0.00029102127882651985,1.8066173561237518e-05,-3.6888374209403993,3.0696393e-07,0.0,-0.15171003341674805,-0.00017774009651905232
24800,-6.282786489464343e-05,3.0293210966192418e-05,-3.6888311564922334,2.2053717e-07,0.0,0.06273925304412842,-0.00012009328652315965
25000,-0.00033249802072532475,2.1169285673749982e-05,-3.688830542564392,1.9788742e-07,0.0,-0.05796205997467041,-0.00010892070763977025
25200,-0.00031189501169137657,1.434031971712102e-05,-3.6888346552848814,1.9311904e-07,0.0,0.1880999207496643,-0.0001193105579404774
25400,-0.0002035073994193226,3.4595473152876366e-05,-3.688836228847504,2.3841858e-07,0.0,0.08493179082870483,-0.00014887105627963136
25600,-0.00021381227998062968,2.927750460912648e-05,-3.6888351440429688,1.3411045e-07,0.0,0.10569262504577637,-0.00011254049745206274
25800,-0.0003884794423356652,2.50034196596971e-05,-3.6888323068618774,2.080202e-07,0.0,-0.029397010803222656,-0.00013740326484787957
26000,-0.00039982632733881474,2.383252290201199e-05,-3.6888321459293367,4.4852496e-07,0.0,0.055544137954711914,-0.0002261782744815255
26200,-0.0006280442466959357,4.754465953737963e-05,-3.6888308763504027,4.506111e-07,0.0,0.017683327198028564,-0.0002084317793701329
26400,-0.0002849853481166065,1.5300952213692653e-05,-3.688828408718109,2.3454427e-07,0.0,-0.04850304126739502,-0.00010906081039947501
26600,-0.0004291702061891556,2.0091146416234552e-05,-3.6888295114040375,4.3183564e-07,0.0,0.17413032054901123,-0.00020583869396588738
26800,-0.00014338742766994983,1.870952230547118e-05,-3.6888321101665498,2.1278858e-07,0.0,0.2266637682914734,-0.00010989785183732615
27000,-0.0004898622864857316,3.641764351414167e-05,-3.688833850622177,2.864003e-07,0.0,-0.09952008724212646,-0.00017161908749550037
27200,-0.0003331265179440379,1.4753490131624857e-05,-3.688829267024994,3.257394e-07,0.0,-0.061278581619262695,-0.00015638962364277197
27400,-0.00023086245346348733,1.2736976896121632e-05,-3.688830190896988,2.065301e-07,0.0,-0.09833860397338867,-0.00011397492945866005
27600,-0.00016829495143610984,1.8469338692739255e-05,-3.688832026720047,1.6093254e-07,0.0,-0.05888962745666504,-0.00010949459696438791
27800,-0.00048359285574406385,4.7133153020695315e-05,-3.6888251483440397,3.3795834e-07,0.0,0.07439976930618286,-0.00015848381151801761
28000,-0.00028245392604731023,2.1582682711596136e-05,-3.6888314545154572,1.5437602e-07,0.0,-0.0003960132598876953,-0.00010200904235064811
28200,-0.0004750716907437891,1.7432219010515837e-05,-3.688826870918274,3.4213065e-07,0.0,-0.052086472511291504,-0.0001904937773048232
28400,-0.0004840832843910903,1.0258919633088227e-05,-3.6888307094573975,2.673268e-07,0.0,0.14878976345062256,-0.00016717198397685483
28600,-0.00015738469664938748,1.636358067571564e-05,-3.688833272457123,2.0176171e-07,0.0,0.09500396251678467,-9.951396256515643e-05
28800,-0.0001144751367974095,2.518885607969423e-05,-3.688840168714523,1.552701e-07,0.0,-0.007591843605041504,-9.805469285355528e-05
29000,-0.0002857016515918076,1.497320509997735e-05,-3.688836747407913,1.4573337e-07,0.0,0.12066316604614258,-0.00011330683471715286
29200,-0.0003344853757880628,1.5052902313072991e-05,-3.688836324214935,2.6494266e-07,0.0,0.17876315116882324,-0.00015686699613102207
29400,-0.00029380180058069527,1.178723864541098e-05,-3.68883221745491,1.7941e-07,0.0,0.09844350814819336,-0.00012235144578516267
29600,-0.00014652971003670245,2.1109717181388987e-05,-3.688837265968323,1.4781952e-07,0.0,0.1356772780418396,-0.00011502622496062376
29800,-0.0002687833912204951,2.8756219171555132e-05,-3.6888294339179994,2.4080276e-07,0.0,0.05457669496536255,-0.00015002414615241654
30000,-0.00035791692789644003,1.1599762353853294e-05,-3.68883438706398,2.0384789e-07,0.0,0.1011580228805542,-0.00013112457136241762
30200,-0.00045182096073403955,8.794146469881526e-06,-3.688828635215759,2.7924776e-07,0.0,0.2162145972251892,-0.00014504142088700434
30400,-0.00034243089612573385,1.6412250920438966e-05,-3.6888302505016326,2.220273e-07,0.0,-0.05164659023284912,-0.00013632680495425653
30600,-0.0002242933405796066,2.411095313163969e-05,-3.6888308465480804,1.910329e-07,0.0,-0.029368996620178223,-0.0001446813483103382
30800,-0.00036246434319764376,3.2224358210442e-05,-3.688835322856903,1.9967555e-07,0.0,0.07895219326019287,-0.00012629323406088133
31000,-0.00041532449540682137,2.2049300469006994e-05,-3.6888343691825867,2.1547079e-07,0.0,-0.013400912284851074,-0.00014503040956995728
31200,-0.00037657638313248754,1.917117367611354e-05,-3.688828468322754,2.8252603e-07,0.0,0.13169944286346436,-0.00016182360194823
31400,-0.0003742767730727792,1.0715808173245023e-05,-3.688834995031357,2.3722649e-07,0.0,-0.2583380937576294,-0.0001454328008454464
31600,-0.00017672665126156062,1.2111162789096852e-05,-3.6888298094272614,2.82228e-07,0.0,0.17906910181045532,-0.00014213048001172625
31800,-0.0006416541873477399,1.4597488461731701e-05,-3.688837319612503,3.2931567e-07,0.0,-0.16608595848083496,-0.0002154438488557897
32000,-0.0005137330153957009,1.643706389131694e-05,-3.688826787471771,2.8043988e-07,0.0,-0.00164794921875,-0.00014136144495363045
32200,-0.00024241283244919032,1.9555665585357928e-05,-3.68883358836174,1.6152859e-07,0.0,0.07216542959213257,-0.0001205063473136092
32400,-0.00026744056958705187,3.083005326516286e-05,-3.688829296827316,3.3527613e-07,0.0,0.05715763568878174,-0.00015830942863295227
32600,-0.00022803670435678214,2.8228343899172616e-05,-3.6888309180736543,1.6927719e-07,0.0,0.13751530647277832,-0.00011919108744438134
32800,-0.0002979746204800904,1.5629866561539528e-05,-3.688835418224335,1.5050173e-07,0.0,0.1881946325302124,-0.00011002991410431484
33000,-0.00040002792957238853,2.3642898668185808e-05,-3.6888311564922334,1.424551e-07,0.0,0.09983879327774048,-0.00011229740097356
33200,7.901008757471573e-06,2.578356966296269e-05,-3.6888291954994203,3.5107135e-07,0.0,0.10269874334335327,-0.0001927635076868661
33400,-0.0004341325256973505,2.6599740021993056e-05,-3.688837969303131,2.193451e-07,0.0,0.026419520378112793,-0.0001309400204118072
33600,-0.0001950978476088494,1.827462876917707e-05,-3.6888393819332124,1.963973e-07,0.0,0.13967961072921753,-0.00013107768810050602
33800,-0.00029824808007106185,2.6303813410777365e-05,-3.6888387560844422,1.5228986e-07,0.0,-0.12996411323547363,-0.0001234614177467286
34000,-0.0001928042620420456,4.510730177571531e-05,-3.688831812143326,1.9311906e-07,0.0,0.08422333002090454,-0.00012196139991009769
34200,-0.00039287153049372137,1.077484105280746e-05,-3.6888365149497986,1.6719102e-07,0.0,-0.04744231700897217,-0.00011039457387416186
34400,-0.000474603904876858,2.529292009967321e-05,-3.6888368368148803,2.8401612e-07,0.0,0.07216691970825195,-0.00016721235057756134
34600,-0.0003546806692611426,2.4279618719447173e-05,-3.6888372361660005,2.270937e-07,0.0,-0.14153563976287842,-0.0001297758860014042
34800,-0.0003439790743868798,2.968341477753711e-05,-3.6888360381126404,1.7911195e-07,0.0,0.08578932285308838,-0.0001256231066729452
35000,-0.0004372572584543377,4.2569224888211465e-05,-3.6888374507427217,1.8417836e-07,0.0,-0.0936436653137207,-0.00012083750958016281
35200,-0.0003201381186954677,1.2014726530651388e-05,-3.6888310492038725,3.5345553e-07,0.0,0.03680533170700073,-0.0001808729164686218
35400,-0.0002714091388043016,3.5270164744360955e-05,-3.688833177089691,2.1815299e-07,0.0,0.06692677736282349,-0.00012361317800455574
35600,-0.00028884506900794804,1.480029432059382e-05,-3.6888322114944456,1.9073487e-07,0.0,0.15576285123825073,-0.00012181208997918969
35800,-0.00026535987854003906,2.446373491693521e-05,-3.6888315081596375,1.5020372e-07,0.0,0.08151227235794067,-0.00011198565378016667
36000,-0.0003574805159587413,2.510619797249092e-05,-3.688834089040756,2.461672e-07,0.0,0.15285295248031616,-0.0001430420434556101
36200,-0.00019979957141913474,3.465892291387718e-05,-3.6888234078884126,2.2739171e-07,0.0,-0.03966200351715088,-0.00012702260981494183
36400,-0.00028720812406390905,1.665822110226145e-05,-3.6888308107852934,2.923608e-07,0.0,0.17752057313919067,-0.0001633289759663592
36600,-0.0004609845927916467,2.1592031816908275e-05,-3.688826721906662,3.272295e-07,0.0,-0.07253921031951904,-0.00015289560713551697
36800,-0.00030519277788698673,2.391419689047325e-05,-3.688831406831741,2.2172928e-07,0.0,0.09071379899978638,-0.00014542506666566092
37000,-0.00015296558558475226,1.972756112991192e-05,-3.688828355073929,2.6643278e-07,0.0,0.06405621767044067,-0.00014952282647326954
37200,-0.0003336806839797646,1.0145577539333317e-05,-3.6888318181037905,1.785159e-07,0.0,0.2431349754333496,-0.00011582848388789203
37400,-0.0002795150794554502,1.093288183255936e-05,-3.688831251859665,3.33786e-07,0.0,0.11999070644378662,-0.00017272170538773501
37600,-0.0003746144357137382,1.5099174743227194e-05,-3.68883159160614,2.902746e-07,0.0,0.03220856189727783,-0.000149091695962289
37800,-0.00029860425274819136,1.498107399129367e-05,-3.6888336420059202,1.2338161e-07,0.0,0.06864374876022339,-0.00010704883552907774
38000,-0.00039774348260834813,1.4331813304124807e-05,-3.688827270269394,2.9325486e-07,0.0,0.10284960269927979,-0.00016146001298498192
38200,-0.0004334301920607686,2.0110383366045427e-05,-3.688831466436386,1.642108e-07,0.0,-0.04797041416168213,-0.00010668806652489594
38400,-0.00044869567500427365,2.6809832161234225e-05,-3.688826721906662,2.9087067e-07,0.0,0.05296468734741211,-0.00016664725383424005
38600,-0.00029585312586277723,1.2801725358713156e-05,-3.6888287484645845,2.914667e-07,0.0,-0.026200294494628906,-0.00015357390882990706
38800,-0.00039758061757311225,1.9289153124191215e-05,-3.6888307094573975,3.7789346e-07,0.0,0.12060606479644775,-0.0001850759674291602
39000,-0.00020634938846342266,1.5653937157367182e-05,-3.688830190896988,1.9490719e-07,0.0,0.041559815406799316,-0.00012442532280179108
39200,-0.00026378585607744753,3.571556139831955e-05,-3.688829690217972,1.9937752e-07,0.0,-0.005564332008361816,-0.00011543625563863458
39400,-0.0002154238027287647,2.2000307785674524e-05,-3.6888314485549927,1.4990567e-07,0.0,0.11302727460861206,-0.00010320948128106355
39600,-0.0003607269609346986,1.705871634385403e-05,-3.6888335227966307,1.8686055e-07,0.0,0.14599192142486572,-0.0001220149846126617
39800,-0.00010023642971646041,3.876536745792691e-05,-3.688831126689911,2.1725893e-07,0.0,-0.0357891321182251,-0.00012147089835474744
40000,-0.0003717669751495123,1.7613980435271515e-05,-3.68882902264595,1.8924476e-07,0.0,0.04877114295959473,-0.00014312766452748705
40200,-0.00014592362276744097,1.5252758134920442e-05,-3.688828259706497,3.3587216e-07,0.0,0.13983118534088135,-0.00015618196102638038
40400,-0.00015970636741258204,3.187944025739853e-05,-3.6888329923152923,1.1950732e-07,0.0,0.15452414751052856,-8.762481066946216e-05
40600,-0.0002894469944294542,2.2353997201207677e-05,-3.6888216495513917,2.9772522e-07,0.0,-0.004389762878417969,-0.00016226006895612156
40800,-0.0003837391850538552,5.058512924733804e-05,-3.688823163509369,4.1395424e-07,0.0,0.10213619470596313,-0.00018796828800797804
41000,-0.0001994831400224939,2.5920344478436162e-05,-3.6888255417346953,2.2411348e-07,0.0,-0.22975027561187744,-0.00013149271915890992
41200,-0.00042363451211713254,1.6980044165393338e-05,-3.688824141025543,3.6805866e-07,0.0,-0.0798332691192627,-0.00019097545846991082
41400,-0.0004142964899074286,4.6025700430618596e-05,-3.688821351528168,2.3961067e-07,0.0,0.039620935916900635,-0.00013353899135166715
41600,-0.00036496942630037665,1.2145278697062168e-05,-3.6888253331184386,2.43783e-07,0.0,-0.06486320495605469,-0.0001564981343405325
41800,-0.00030472222715616226,4.8257122671202524e-05,-3.6888299882411957,2.0384788e-07,0.0,0.015167593955993652,-0.00013333791426348718
42000,-0.0004244916490279138,2.5599503760531662e-05,-3.688812458515167,3.8683413e-07,0.0,-0.0334625244140625,-0.00018135069327405163
42200,-0.00044242970761843026,2.5017096686497097e-05,-3.688810223340988,3.299117e-07,0.0,0.04199028015136719,-0.0001642264582044417
42400,-0.00040038215229287744,1.4629138172495005e-05,-3.6888169229030607,3.2752752e-07,0.0,0.04929846525192261,-0.00015901975931035262
42600,-0.00048577316920273006,1.3161964216124033e-05,-3.688812863826752,4.5478345e-07,0.0,0.12677395343780518,-0.0002268091971155961
42800,-0.00029152724891901016,9.952944969882082e-06,-3.688817489147186,1.9907951e-07,0.0,-0.4749867916107178,-0.00011857253659899313
43000,-0.0002789073623716831,1.4181141887092963e-05,-3.6888174653053283,4.3421983e-07,0.0,0.038096725940704346,-0.00021410796086582807
43200,-0.0003036942216567695,1.4671002827526535e-05,-3.688816076517105,2.2023914e-07,0.0,0.0061019062995910645,-0.0001365329180878394
43400,-0.00023592615616507828,1.428398038569867e-05,-3.688812053203583,1.7702578e-07,0.0,0.045939087867736816,-0.00010726680045331505
43600,-0.00033357241773046553,1.0829201266915334e-05,-3.688808810710907,2.6255847e-07,0.0,-0.0195772647857666,-0.00013327339373885304
43800,-0.0005298786563798785,1.6625157741145813e-05,-3.6888200283050536,2.5600195e-07,0.0,0.11042279005050659,-0.00017913373235729503
44000,-0.0002966343308798969,2.817132617565221e-05,-3.6888146460056306,3.1203032e-07,0.0,0.1008448600769043,-0.00016977482286284484
44200,-0.00024362646217923611,1.820873330871109e-05,-3.688808500766754,1.9401311e-07,0.0,0.12524253129959106,-0.00011945982212160366
44400,-0.0002068384492304176,1.4767406014470907e-05,-3.6888160169124604,2.0474195e-07,0.0,0.1303296685218811,-0.0001403569571611918
44600,-0.0001777482102625072,4.788294058926113e-05,-3.6888086259365083,1.2785196e-07,0.0,0.07277733087539673,-0.00010208405919367446
44800,-0.00021408619068097323,1.847607375111693e-05,-3.6888102650642396,2.476573e-07,0.0,0.0752331018447876,-0.00013965953867671742
45000,-0.000265936745563522,3.539010563144984e-05,-3.688817000389099,2.735853e-07,0.0,0.035625994205474854,-0.00014232868624297623
45200,-0.00037354519008658826,2.697601203180966e-05,-3.688817948102951,2.1994114e-07,0.0,0.05901193618774414,-0.00011959996823804886
45400,-0.00035340816248208284,3.637017607616144e-05,-3.6888037085533143,3.6478042e-07,0.0,0.015241742134094238,-0.00018200851886580606
45600,-0.00018161439220421016,2.09294218393552e-05,-3.6888056337833404,3.0577183e-07,0.0,0.013940155506134033,-0.00015778965622574858
45800,-0.00027245940873399377,1.0462535249189386e-05,-3.6888113975524903,1.719594e-07,0.0,0.12366002798080444,-0.00012273340572708236
46000,-0.00021271206787787378,4.4836130655312445e-05,-3.688811695575714,1.6003847e-07,0.0,0.023335158824920654,-0.00010631933788158854
46200,-0.0002780480426736176,4.034124440295272e-05,-3.6888068556785583,3.5464763e-07,0.0,0.047793805599212646,-0.0001784309149168273
46400,-0.00041201806743629277,2.4360219185837195e-05,-3.6888110458850862,3.7401912e-07,0.0,0.03579294681549072,-0.0001937582634461421
46600,-0.00025850243400782347,2.186764161251631e-05,-3.688818043470383,1.7940998e-07,0.0,-0.17482984066009521,-0.00011837664274039206
46800,-0.00030868584872223437,1.5083773587321047e-05,-3.6887990832328796,2.5451183e-07,0.0,-0.1885969638824463,-0.00015128627330545096
47000,-0.0002825337869580835,2.3040365749693593e-05,-3.6887999057769774,2.0325184e-07,0.0,-0.035228848457336426,-0.0001258190877315435
47200,-0.0005718405009247363,2.7535979734238934e-05,-3.6887963116168976,3.8802622e-07,0.0,0.02179807424545288,-0.00017413789186031535
47400,-0.0004096916236449033,1.3607394157588714e-05,-3.6888070344924926,2.1666287e-07,0.0,0.127393901348114,-0.00012258824779127765
47600,-0.00032435712637379766,2.906446752604097e-05,-3.688801348209381,3.1352042e-07,0.0,0.06311863660812378,-0.00016789357007085393
47800,-0.0004668351903092116,3.821153982244141e-05,-3.688815152645111,1.5288592e-07,0.0,0.021474182605743408,-0.00011922758487026286
48000,-0.0002637666475493461,3.008018084074138e-05,-3.6888119995594026,1.6838312e-07,0.0,0.08943909406661987,-0.00011391937823088672
48200,-0.00047973886830732226,1.3854688381798041e-05,-3.688808959722519,2.8938055e-07,0.0,0.2783544063568115,-0.00016309876031601612
48400,-0.00038512347964569926,3.150380912302353e-05,-3.688803070783615,2.2917985e-07,0.0,0.1455255150794983,-0.00013051640694947687
48600,-0.0001439958723494783,1.366107168223607e-05,-3.68881516456604,1.6510486e-07,0.0,0.36854952573776245,-0.00010152399569198777
48800,-0.0004112014430575073,2.2143990736367414e-05,-3.6887990474700927,3.2812358e-07,0.0,-0.19588589668273926,-0.00018517309609791254
49000,-0.00024683374795131385,1.529912913156295e-05,-3.6887977838516237,1.8775464e-07,0.0,0.09485876560211182,-0.00012078047507420031
49200,-0.00027895194943994284,2.9400264656942456e-05,-3.688795840740204,2.682209e-07,0.0,-0.03328204154968262,-0.00014894353542194982
49400,-0.0003168524126522243,1.9629638154583516e-05,-3.6887931764125823,2.3931267e-07,0.0,0.047264039516448975,-0.00012289219338277313
49600,-0.0003575327282305807,1.6168262754945316e-05,-3.688794857263565,1.5854835e-07,0.0,0.07286190986633301,-0.00010020475065219969
49800,-0.0004250933707226068,1.3586497982487344e-05,-3.688793474435806,2.7030705e-07,0.0,-0.008728742599487305,-0.0001423606279866263
50000,-0.0002663907944224775,1.6853267720762232e-05,-3.688802182674408,3.0100347e-07,0.0,-0.09248685836791992,-0.00017829370935122933
50200,-0.00037015738780610263,5.914415551160346e-05,-3.688793194293976,4.1991473e-07,0.0,0.03459453582763672,-0.0001771982913678638
50400,-0.00021492074301932007,2.0250050306458432e-05,-3.6887864887714388,3.7163497e-07,0.0,-0.038567304611206055,-0.00013939640076410242
50600,-0.00034831324592232704,4.480851675907616e-05,-3.6888092398643493,1.8566848e-07,0.0,0.09683912992477417,-0.00012790364160522038
50800,-0.0004442723002284765,3.161922418257745e-05,-3.6888010621070864,3.4689901e-07,0.0,-0.06472957134246826,-0.00017557050359560123
51000,-0.00038316173595376313,8.895001417386084e-06,-3.6887896716594697,2.7179718e-07,0.0,-0.00885152816772461,-0.00012985591904008943
51200,-0.0004602822009474039,1.883391541923629e-05,-3.68880575299263,2.589822e-07,0.0,0.039920270442962646,-0.00013944847978160092
51400,-0.00032701369491405785,3.660781158032478e-05,-3.688805854320526,1.9967555e-07,0.0,0.11011987924575806,-0.0001364780301876145
51600,-0.0003623542725108564,4.021887898488785e-05,-3.6887989163398744,3.3140185e-07,0.0,-0.007134556770324707,-0.00016901470828747378
51800,-0.00035207849578000605,2.1287717709128627e-05,-3.688795679807663,3.167987e-07,0.0,0.07364159822463989,-0.000157126665413454
52000,-0.0004818445013370365,2.8164047671452862e-05,-3.688783872127533,3.9428474e-07,0.0,0.16740387678146362,-0.0002016582930304489
52200,-0.00019195002096239477,2.822015890160401e-05,-3.6887936174869536,1.7732381e-07,0.0,-0.04829728603363037,-0.00010354362506445058
52400,-0.0005146391922608018,1.5036090303510719e-05,-3.688793420791626,3.9756299e-07,0.0,0.019337058067321777,-0.00019867153408839044
52600,-0.0002820748195517808,2.4791303530946607e-05,-3.688788449764252,2.4169685e-07,0.0,-0.04412841796875,-0.0001335881791477478
52800,-0.0002884062414523214,1.0323589026484115e-05,-3.6887859046459197,2.503395e-07,0.0,0.10934662818908691,-0.00013498807093244026
53000,-0.00020144118752796203,1.7852370183391032e-05,-3.688798522949219,1.8835068e-07,0.0,0.029982686042785645,-0.00013186074844950824
53200,-0.00037722394336014986,1.7823236225922302e-05,-3.6887932300567625,2.6732684e-07,0.0,0.1144942045211792,-0.00016336639306873123
53400,-0.00023658282589167356,1.0217244027899142e-05,-3.6887831807136537,2.1368264e-07,0.0,-0.15241944789886475,-0.00012495999098268706
53600,-0.000607157766353339,1.517463158506871e-05,-3.6887991070747375,3.0487774e-07,0.0,-0.0936352014541626,-0.00018197885826578552
53800,-0.00033371278550475836,5.436452556750737e-05,-3.6888001024723054,1.9729137e-07,0.0,0.08647388219833374,-0.0001281030030264363
54000,-0.00040855194674804807,2.1276773463796416e-05,-3.688798099756241,2.0712613e-07,0.0,0.2084473967552185,-0.00012114717880860049
54200,-0.0003403246228117496,3.5198519481127735e-05,-3.6887836158275604,2.348423e-07,0.0,-0.00870048999786377,-0.00014014990539452655
54400,-0.0002397199859842658,2.5945154675355298e-05,-3.6887969017028808,2.9563904e-07,0.0,0.16990602016448975,-0.00015918378401243993
54600,-0.0005268539534881711,2.7812667804028023e-05,-3.6887849092483522,4.7147273e-07,0.0,0.062366604804992676,-0.00021434065383210132
54800,-0.0003262600221205503,2.1555193825406604e-05,-3.6887871503829954,2.7775764e-07,0.0,0.10657638311386108,-0.0001623669556511942
55000,-0.00026227766647934914,2.133695888915099e-05,-3.6887696981430054,3.6090614e-07,0.0,-0.0840991735458374,-0.00014691370735409048
55200,-0.0004426168161444366,3.27587372794369e-05,-3.6887951850891114,2.911687e-07,0.0,0.05173712968826294,-0.0001755174422723993
55400,-0.0002149298379663378,4.170174133832916e-05,-3.6887915551662447,1.6927719e-07,0.0,-0.0010112524032592773,-0.00011190336863124984
55600,-0.0003946702054236084,2.3952600304255612e-05,-3.688778454065323,2.8014185e-07,0.0,0.07394903898239136,-0.00015264053621080186
55800,-0.0002516616368666291,1.8660562932382164e-05,-3.6887943387031554,2.2530557e-07,0.0,0.11626464128494263,-0.00013152867609980134
56000,-0.00016237128875218332,4.3879556187675917e-05,-3.6887810111045836,2.0444394e-07,0.0,0.09212207794189453,-0.00012091429559362155
56200,-0.00024993857368826866,2.477585605902277e-05,-3.6887735247612,3.1232832e-07,0.0,-0.03254711627960205,-0.00014770716370318126
56400,-0.00020389887504279613,1.748772617702343e-05,-3.6887673139572144,2.0056964e-07,0.0,-0.03761446475982666,-0.00011847761269905277
56600,-0.00022951661958359182,2.6877182335738325e-05,-3.6887832939624787,1.5556812e-07,0.0,0.021368026733398438,-9.36337564185763e-05
56800,-0.00018884048040490597,4.2532772067716e-05,-3.688767224550247,1.2099743e-07,0.0,0.0530012845993042,-6.649759414911749e-05
57000,-0.0002954463707283139,8.032978769278998e-06,-3.688775098323822,2.387166e-07,0.0,0.24564898014068604,-0.000129431829768345
57200,-0.0003106825170107186,1.4711175481352257e-05,-3.688796579837799,1.4692546e-07,0.0,0.05611008405685425,-0.00010935474930147126
57400,-0.0002982977021019906,1.806470829706086e-05,-3.6887784779071806,2.363324e-07,0.0,-0.09934866428375244,-0.00013317964967187734
57600,-0.0004826414806302637,3.0106421991149546e-05,-3.688778060674667,2.217293e-07,0.0,0.07194662094116211,-0.00015833802593079316
57800,-0.0003754267527256161,1.1446000803516653e-05,-3.6887819707393645,2.539158e-07,0.0,0.09963691234588623,-0.0001457242675873438
58000,-0.00021916351397521794,2.9749177156190853e-05,-3.688756436109543,4.4226647e-07,0.0,0.03430318832397461,-0.00014625346726950816
58200,-0.0004867512616328895,1.6058140431596257e-05,-3.688773435354233,3.2097103e-07,0.0,-0.009044289588928223,-0.0001692514645099008
58400,-0.00021110419766046107,1.3190275944907626e-05,-3.688777834177017,2.9981135e-07,0.0,-0.016507387161254883,-0.00014931836736855608
58600,-0.00042220138129778206,1.556769038870698e-05,-3.6887681066989897,2.3066998e-07,0.0,-0.0956721305847168,-0.00015597577309154343
58800,-0.00036236821324564517,2.999529770022491e-05,-3.6887721359729766,3.0875208e-07,0.0,0.005580604076385498,-0.00017284979316540828
59000,-0.0002989571657963097,2.5256811022700275e-05,-3.688760536909103,3.144145e-07,0.0,0.06657147407531738,-0.00015887306586250815
59200,-0.00041658387635834515,1.3829684849042679e-05,-3.688762032985687,3.7759543e-07,0.0,0.03694117069244385,-0.00017331657550629932
59400,-0.00015845698362682015,5.629574825434247e-05,-3.6887645721435547,1.9967555e-07,0.0,-0.011511564254760742,-0.00011523345367390193
59600,-0.0001773004187270999,2.4659452810738004e-05,-3.6887837171554567,1.3351442e-07,0.0,0.04327893257141113,-9.079964448757138e-05
59800,-0.00038446648977696896,1.6058112191785767e-05,-3.688754975795746,3.296137e-07,0.0,-0.09572374820709229,-0.00015263754734835545
60000,-0.00030563498148694634,3.5610356917459285e-05,-3.6887715220451356,2.3394824e-07,0.0,0.0580592155456543,-0.00015777717415881297
60200,-0.00027712114388123155,1.7820773359744634e-05,-3.6887480497360228,2.720952e-07,0.0,0.0470239520072937,-0.00012392714643669756
60400,-0.0004369223606772721,9.134501601693045e-06,-3.688770908117294,3.1590463e-07,0.0,0.249658465385437,-0.0001880034954583998
60600,-0.00030746805714443326,3.340293178553111e-05,-3.688756448030472,2.899766e-07,0.0,0.03210008144378662,-0.00014721782124229587
60800,-0.0005581558798439801,1.2976641176010163e-05,-3.6887403249740602,3.570318e-07,0.0,-0.047677040100097656,-0.0001724432855710445
61000,-0.00020024449622724205,1.8458086128703143e-05,-3.6887581050395966,3.8355589e-07,0.0,0.07575744390487671,-0.00017330621099560518
61200,-0.0003596216265577823,3.0599934507336e-05,-3.6887461602687837,3.5136938e-07,0.0,0.08508974313735962,-0.0001597940327071612
61400,-0.00027021937421523035,1.281622081705791e-05,-3.688758873939514,2.2411345e-07,0.0,-0.10256028175354004,-0.00011631860230316704
61600,-0.000355470780050382,2.5216309586539866e-05,-3.6887481987476347,3.8802622e-07,0.0,0.0013355612754821777,-0.00018038209310146104
61800,-0.00024657146423123777,2.2473796229860453e-05,-3.6887521743774414,1.8596648e-07,0.0,-0.04417014122009277,-0.0001363931442194488
62000,-0.00025932962307706475,3.986223514402809e-05,-3.6887674748897554,3.015995e-07,0.0,0.03617215156555176,-0.00016708243146950074
62200,-0.000266147602815181,3.2062991385828356e-05,-3.688739722967148,1.92523e-07,0.0,0.12547153234481812,-0.00012065899352498577
62400,-0.00031755329109728336,1.5392800219160562e-05,-3.6887651801109316,2.4169685e-07,0.0,0.05041378736495972,-0.00014910051243897105
62600,-0.00014923722483217716,2.8683152140729363e-05,-3.688759070634842,2.3394821e-07,0.0,0.03366804122924805,-0.00014331632860704603
62800,-0.000291454722173512,3.7256510677252666e-05,-3.688760721683502,2.0384789e-07,0.0,0.056124329566955566,-0.00014448070584216488
63000,-0.00032139147515408695,1.6845087179717667e-05,-3.6887390315532684,2.464652e-07,0.0,0.1363644003868103,-0.0001544568343245345
63200,-0.0003475144039839506,2.073914631637308e-05,-3.6887310087680816,3.0875205e-07,0.0,-0.05349230766296387,-0.00014943432864606977
63400,-0.0003163473738823086,2.5433873520341877e-05,-3.6887371599674226,2.2143125e-07,0.0,-0.017084598541259766,-0.00012792557373360048
63600,-0.00040882398025132716,2.8520166233647613e-05,-3.6887576460838316,2.7120115e-07,0.0,-0.011027932167053223,-0.0001673333502300034
63800,-0.00029380834894254804,2.6377651920483913e-05,-3.6887418389320374,2.1874905e-07,0.0,0.037560462951660156,-0.00011242450752106947
64000,-0.00029388038092292845,3.0515184425894405e-05,-3.6887365877628326,3.8266182e-07,0.0,0.08930158615112305,-0.0001782838566689704
64200,-0.0007037282339297235,3.221695460524643e-05,-3.6887321949005125,5.6535004e-07,0.0,0.0718071460723877,-0.00022975860491425415
64400,-0.0003652878222055733,2.1465907616402545e-05,-3.68876376748085,2.3216009e-07,0.0,-0.159653902053833,-0.00013484638246858972
64600,-0.0003971049445681274,1.373947688989574e-05,-3.688743507862091,3.3617016e-07,0.0,0.11397993564605713,-0.0001803456103109724
64800,-0.00027855116059072316,2.023244117026479e-05,-3.6887465476989747,2.2947788e-07,0.0,0.01166468858718872,-0.00011677326149424072
65000,-0.0001934001047629863,1.2279041084184427e-05,-3.6887647211551666,2.3663044e-07,0.0,-0.08056914806365967,-0.00012636255488143177
65200,-0.0007393912528641522,8.940189172790269e-06,-3.688729202747345,5.26607e-07,0.0,0.09911739826202393,-0.00021265135602428488
65400,-0.0006833312218077481,2.5121630733337953e-05,-3.6887554705142973,5.170703e-07,0.0,0.08224344253540039,-0.0002524498105239026
65600,-0.0002927177120000124,8.587045601871069e-06,-3.688744914531708,1.7255545e-07,0.0,0.11271798610687256,-0.00010638576714203652
65800,-0.00029957902734167874,2.9012164759478765e-05,-3.6887633204460144,2.43783e-07,0.0,-0.06323075294494629,-0.00015545587415919382
66000,-0.0003804431762546301,1.6976674896795884e-05,-3.6887199103832247,4.5418741e-07,0.0,0.09484320878982544,-0.00018246954637017864
66200,-0.00030937668634578586,2.939898508884653e-05,-3.6887600839138033,2.360344e-07,0.0,0.06297612190246582,-0.00016352972378421703
66400,-9.800736734177917e-05,4.528426616161596e-05,-3.6887379467487333,8.553266e-08,0.0,0.054571449756622314,-6.653960012663607e-05
66600,-0.00045700022019445896,2.223028250227799e-05,-3.6887345790863035,3.4332277e-07,0.0,0.08091813325881958,-0.00017717481802603796
66800,-0.000363739236490801,2.1747446135123026e-05,-3.688731920719147,2.551079e-07,0.0,0.029798567295074463,-0.00013849543092414596
67000,-0.00027167334337718785,1.326178212366358e-05,-3.688758558034897,1.8835067e-07,0.0,0.13853108882904053,-0.00013326995839828547
67200,-0.0003829077468253672,3.7095256675456764e-05,-3.688748669624329,3.2186506e-07,0.0,0.06072819232940674,-0.00018866866800226756
67400,-0.00025603428366594017,1.9937089905397443e-05,-3.688745599985123,2.2530556e-07,0.0,0.11076956987380981,-0.0001268543784661902
67600,-0.00015401111159007996,2.1116892730788096e-05,-3.688729864358902,1.8924476e-07,0.0,0.13542437553405762,-0.00011883531516279077
67800,-0.00031052491976879537,2.1831170147379454e-05,-3.688718909025192,1.9043685e-07,0.0,0.04147547483444214,-0.0001169412055361807
68000,-0.000289110466837883,1.804916005312407e-05,-3.688725304603577,2.9683113e-07,0.0,0.0287284255027771,-0.0001503502418660041
68200,-0.00019766313198488206,3.680309609990218e-05,-3.6887285351753234,1.8209218e-07,0.0,0.11993944644927979,-9.475515329427365e-05
68400,-0.00038439215859398246,1.4557955773852882e-05,-3.6887437105178833,2.9295683e-07,0.0,0.04990655183792114,-0.00015468309155972638
68600,-0.0002230984391644597,1.2855688760282647e-05,-3.6887300312519073,3.4451486e-07,0.0,0.03142660856246948,-0.0001787744608487074
68800,-0.00041774805868044496,1.4152380617815653e-05,-3.6887397944927214,3.015995e-07,0.0,-0.12650048732757568,-0.00017383822753671562
69000,-0.0003344342112541199,2.91675216431031e-05,-3.6887571632862093,2.8371812e-07,0.0,0.14122092723846436,-0.0001562995608168194
69200,-0.0004879154439549893,4.116253753636556e-05,-3.688711154460907,5.9872866e-07,0.0,0.03173905611038208,-0.00023237303864016569
69400,-0.00012896527186967432,2.2027389013601352e-05,-3.688738113641739,3.1888487e-07,0.0,-0.03739726543426514,-0.00014646254521016866
69600,-0.0001827286760089919,1.392041285726009e-05,-3.688754254579544,2.7149915e-07,0.0,0.10240352153778076,-0.0001346006552746637
69800,-0.00027566429344005883,3.4209049545097514e-05,-3.688755512237549,2.5391577e-07,0.0,0.1477041244506836,-0.00016376571437675124
70000,-0.00039295278838835657,2.0719486337839042e-05,-3.6887416660785677,3.167987e-07,0.0,-0.006626129150390625,-0.00017815619040684183
70200,-0.0003612003638409078,1.9404512045184674e-05,-3.6887407124042513,2.3633241e-07,0.0,0.04693657159805298,-0.00012910301939825786
70400,-0.0005442672409117222,1.5330345513575593e-05,-3.688739061355591,4.5865775e-07,0.0,0.10967421531677246,-0.0002106831890635874
70600,-0.00043501166510395706,1.537401037694508e-05,-3.6887249886989593,4.184246e-07,0.0,0.10096311569213867,-0.00018470315558207772
70800,-0.0002624994667712599,8.13017568361829e-05,-3.6887298226356506,3.6418436e-07,0.0,0.14109283685684204,-0.00015429244999918268
71000,-0.0006257323548197746,2.33032753385487e-05,-3.68873330950737,4.881621e-07,0.0,-0.19591355323791504,-0.00022866603787303764
71200,-0.0004244839947205037,2.9130258690202025e-05,-3.68872532248497,3.0130147e-07,0.0,0.08506172895431519,-0.00014468482136540395
71400,-0.0005326325190253556,2.7980257846138558e-05,-3.6887146174907683,3.4600495e-07,0.0,-0.033931732177734375,-0.0001522685128516166
71600,-0.0005204650806263089,1.6901859498830164e-05,-3.688735419511795,3.4332277e-07,0.0,-0.09200394153594971,-0.00018145025210736243
71800,-0.0004377762379590422,1.8575948229226923e-05,-3.6887353360652924,3.1411648e-07,0.0,-0.009046435356140137,-0.00017067776605995678
72000,-0.00035177019890397787,1.1588210384161357e-05,-3.6887430906295777,1.3381242e-07,0.0,0.14957183599472046,-0.00011300184119726886
72200,-0.0001711046352284029,1.8821981871042227e-05,-3.6887288868427275,2.3633241e-07,0.0,0.05444425344467163,-0.00012191718726222156
72400,-0.0002521015703678131,1.609477062629594e-05,-3.6887531876564026,2.05338e-07,0.0,0.06440615653991699,-0.00013986507115897328
72600,-0.0003453661338426173,2.097882322686928e-05,-3.688751590251923,2.1994113e-07,0.0,0.0815039873123169,-0.00013191714929428056
72800,-0.0004061132203787565,1.9550523757061455e-05,-3.6887142777442934,4.1365624e-07,0.0,-0.07719635963439941,-0.00020059302569256922
73000,-0.00014241274038795382,2.789533637042041e-05,-3.688745641708374,1.269579e-07,0.0,0.08565640449523926,-8.806930114872991e-05
73200,-0.0004583268892019987,2.6280575639248127e-05,-3.688724821805954,2.5063753e-07,0.0,0.018577158451080322,-0.00013631305062882236
73400,-0.0002961086865980178,1.462853322209412e-05,-3.688753366470337,2.3245812e-07,0.0,0.02887701988220215,-0.00013855858218334572
73600,-0.00032827755785547197,2.6184611260759994e-05,-3.688740485906601,2.3990867e-07,0.0,0.02644282579421997,-0.00013897371356326184
73800,-0.0006193835870362818,1.859660530953988e-05,-3.688704490661621,4.154444e-07,0.0,0.1055140495300293,-0.00018240177665100886
74000,-0.0003361854760441929,2.7008436518372037e-05,-3.688746100664139,1.5258789e-07,0.0,-0.060365915298461914,-0.00012578856259484183
74200,-0.00029026277479715645,1.4487091107184824e-05,-3.688749557733536,2.0444392e-07,0.0,0.20480787754058838,-0.00013882197519592409
74400,-0.0003172873693984002,2.6891565084952163e-05,-3.688750374317169,2.3722649e-07,0.0,-0.058937788009643555,-0.0001504160755343431
74600,-0.0003326738078612834,3.013308946719917e-05,-3.688723647594452,2.5719407e-07,0.0,0.010902702808380127,-0.00013826432813526245
74800,-0.00029100608662702143,4.250247820891673e-05,-3.6887621879577637,2.9176474e-07,0.0,0.132640540599823,-0.00013024002328667627
75000,-0.00024139009474311024,1.790204280496255e-05,-3.688747262954712,1.7493963e-07,0.0,-0.009757280349731445,-0.00010506022725582653
75200,-0.000369012588635087,2.237699352463096e-05,-3.6887376606464386,2.2441148e-07,0.0,0.06317460536956787,-0.00013175720743976437
75400,-0.0001582433469593525,2.5669383217064023e-05,-3.6887427091598513,2.7358533e-07,0.0,0.05937802791595459,-0.00014216108639333313
75600,-0.00024310167646035552,1.0829918244326108e-05,-3.688756710290909,1.4424324e-07,0.0,0.09637212753295898,-0.00010181970815734687
75800,-0.0001388298987876624,3.5480113183439244e-05,-3.688742583990097,3.4719704e-07,0.0,-0.0032525062561035156,-0.0001900146497108013
76000,-0.0001344918564427644,1.7721865765452095e-05,-3.6887252628803253,1.385808e-07,0.0,-0.017514705657958984,-8.627945232477784e-05
76200,-0.0002832896134350449,2.845729832188226e-05,-3.68873473405838,1.6272068e-07,0.0,-0.02228260040283203,-0.00011408710506028985
76400,-0.00021169247338548303,3.919506798411021e-05,-3.6887317299842834,3.4570695e-07,0.0,0.12438797950744629,-0.00015568518623818584
76600,-0.0002711139095481485,1.179081845066321e-05,-3.6887398064136505,2.2947789e-07,0.0,0.17422187328338623,-0.0001206720770392522
76800,-0.0002329655981156975,3.409571709198644e-05,-3.6887257516384127,2.9623507e-07,0.0,0.06909102201461792,-0.00014105229177550083
77000,-0.00029257871210575104,6.563668339367723e-05,-3.68874568939209,2.5779008e-07,0.0,0.05613398551940918,-0.00015130560811122963
77200,-0.0002535597304813564,2.4950798842837684e-05,-3.688747596740723,1.5705824e-07,0.0,0.13223248720169067,-0.0001275792643936069
77400,-0.0002837959909811616,2.6145602350879927e-05,-3.688744580745697,2.1457673e-07,0.0,0.06748449802398682,-0.00013471956518196215
77600,-0.00015793957572896034,1.2903129982078098e-05,-3.688741481304169,1.3321637e-07,0.0,0.06323873996734619,-9.845291870829165e-05
77800,-0.00042725447565317154,1.619776446659671e-05,-3.6887551069259645,3.2663345e-07,0.0,0.14367425441741943,-0.00015494048459787634
78000,-0.0003796766104642302,3.377854231985111e-05,-3.6887095510959624,5.3018334e-07,0.0,0.1598658561706543,-0.00021162633617438642
78200,-0.0004266608157195151,4.0361654328080476e-05,-3.6887353539466856,4.4882296e-07,0.0,-0.09149825572967529,-0.00019609905709770946
78400,-0.0005921080592088401,1.1293403179024609e-05,-3.688728314638138,4.2080882e-07,0.0,0.251913845539093,-0.00020878665131329743
78600,-0.0003060143790207803,1.4063885146242683e-05,-3.6887129664421083,2.604723e-07,0.0,-0.007108807563781738,-0.00012868425229495273
78800,-0.00033823683043010533,1.797517238628643e-05,-3.688718581199646,2.1606685e-07,0.0,-0.028101086616516113,-0.00013269595801901346
79000,-0.00025947950780391693,1.074724092404722e-05,-3.688738542795181,2.3245812e-07,0.0,0.020422697067260742,-0.00013310673813413665
79200,-0.00036152315442450345,2.1969311592329178e-05,-3.6887105762958527,4.0709972e-07,0.0,0.02247697114944458,-0.00018424275423160053
79400,-0.0003210663562640548,1.4919654336154054e-05,-3.68871728181839,3.114343e-07,0.0,0.18474912643432617,-0.0001536949916676633
79600,-0.00023590211640112102,1.3256186321086716e-05,-3.6887206077575683,1.7553567e-07,0.0,-0.0818331241607666,-0.0001079065268299928
79800,-0.00045170632074587047,7.852331521007727e-06,-3.688724011182785,3.5375356e-07,0.0,0.11377918720245361,-0.0001439400540919955
80000,-0.0003780842525884509,2.1119759799148598e-05,-3.688696873188019,2.2381545e-07,0.0,-0.060307860374450684,-0.00012162291650225088
80200,-0.0004605282738339156,5.706811225536512e-05,-3.688702976703644,3.990531e-07,0.0,0.029368817806243896,-0.0001951135013152694
80400,-0.00020262025645934045,1.719204690289189e-05,-3.688748389482498,2.0772217e-07,0.0,-0.2372368574142456,-0.00013124734062621712
80600,-0.000327228510286659,1.0256241532147215e-05,-3.68872064948082,1.3560057e-07,0.0,-0.4918398857116699,-0.00011631039463362302
80800,-0.0003454677644185722,6.184374324647024e-06,-3.6887242674827574,3.951788e-07,0.0,-0.14810514450073242,-0.0001792742761729471
81000,-0.0003314083442091942,4.2626318318639275e-06,-3.6887144565582277,2.9385092e-07,0.0,-0.6052951812744141,-0.0001643707746501022
81200,-0.0002161793818231672,2.992953221081507e-06,-3.6887200653553007,1.5407801e-07,0.0,-1.4552109241485596,-0.00011739926046067106
81400,-0.00019425655773375183,2.3624611060313326e-06,-3.688731825351715,1.04010105e-07,0.0,-1.573530673980713,-8.326635550943706e-05
81600,-0.00020274889538995922,1.943653948899282e-06,-3.68870952129364,8.8214875e-08,0.0,-4.875453948974609,-7.136740547792897e-05
81800,-0.00019906036322936416,1.4759793849350444e-06,-3.688724410533905,1.0430813e-07,0.0,-3.627763271331787,-9.02473926940317e-05
82000,-0.0001889712002594024,1.5898409657211233e-06,-3.688710755109787,1.3321637e-07,0.0,-7.878170013427734,-5.795279155700328e-05
82200,-0.00013471390411723405,1.1221014680984354e-06,-3.6887249410152436,5.0365923e-08,0.0,-11.904796600341797,-4.187338054926215e-05
82400,-0.00012530207459349185,1.1179147890061358e-06,-3.6887419283390046,9.1195105e-08,0.0,-12.50787353515625,-6.929013870847767e-05
82600,-0.0001373276609228924,1.2419643013572568e-06,-3.688715487718582,1.1056662e-07,0.0,-13.943662643432617,-6.031879798555906e-05
82800,-0.0001150934913312085,1.1754664186014452e-06,-3.6887221217155455,1.0877848e-07,0.0,-22.04261589050293,-5.545115853173854e-05
83000,-7.369507511612028e-05,6.962767351126331e-07,-3.6887148678302766,9.23872e-08,0.0,-20.61666488647461,-5.888105979359182e-05
83200,-0.0001343821204500273,5.275758919509599e-07,-3.6887217342853544,5.4240225e-08,0.0,-21.06334114074707,-5.660439998873556e-05
83400,-0.00014578051923308522,8.28869664104559e-07,-3.688706946372986,9.477138e-08,0.0,-14.440878868103027,-5.8292269662940656e-05
83600,-0.00012422996223904192,6.216683736681716e-07,-3.688720554113388,1.02818014e-07,0.0,-12.410863876342773,-5.228818969840177e-05
83800,-0.00016680252156220376,6.277472614613089e-07,-3.6886938571929933,1.1324883e-07,0.0,-16.906164169311523,-6.102503051497177e-05
84000,-0.0001620313269086182,6.778738029566967e-07,-3.6887183606624605,8.016825e-08,0.0,-24.34227180480957,-4.831542017571522e-05
84200,-0.00011066030128858984,1.0020604946703315e-06,-3.6887075006961823,8.7916845e-08,0.0,-39.41228485107422,-5.806276167414914e-05
84400,-0.00014534573710989207,7.728277765295388e-07,-3.6887333393096924,1.18613244e-07,0.0,-25.162012100219727,-6.114387546904965e-05
84600,-0.000139178431709297,6.884523685357635e-07,-3.68872994184494,1.245737e-07,0.0,-26.176050186157227,-7.674078647734728e-05
84800,-0.00010290042700944468,5.723029637749733e-07,-3.6887367725372315,7.748604e-08,0.0,-33.35547637939453,-5.6237578434426005e-05
85000,-0.00013624712300952524,5.413701320122755e-07,-3.688705736398697,1.645088e-07,0.0,-28.09821891784668,-6.391322581845715e-05
85200,-0.00012571297702379525,3.3371769880830016e-07,-3.6887070775032043,1.1593103e-07,0.0,-21.52279281616211,-6.440392131850104e-05
85400,-0.00025177732459269464,3.3586481080760676e-07,-3.688707023859024,1.5497207e-07,0.0,-22.434520721435547,-7.612820715245938e-05
85600,-0.00010279997513862327,3.4153216112997595e-07,-3.68870467543602,1.13546854e-07,0.0,-23.735246658325195,-5.969092296891354e-05
85800,-0.0003293399640824646,3.3220037281012084e-07,-3.688718008995056,3.1709672e-07,0.0,-2.3501458168029785,-0.00014090426955868374
86000,-0.00013342357124201953,2.2803982400176892e-07,-3.688688910007477,1.9431114e-07,0.0,-26.591291427612305,-7.800681950884681e-05
86200,-0.00030913454247638583,2.3165982803163844e-07,-3.6887124598026277,1.719594e-07,0.0,-19.16629409790039,-9.314276301435332e-05
86400,-0.00018805696163326502,2.1357822674872295e-07,-3.6887214481830597,1.16825106e-07,0.0,-37.782249450683594,-6.62764607059163e-05
86600,-0.00012572463310789317,1.7181276064093253e-07,-3.6887174963951113,1.7225743e-07,0.0,-28.626537322998047,-7.933236635613295e-05
86800,-9.863718878477812e-05,1.2996038032397905e-07,-3.6887043118476868,9.1195105e-08,0.0,-19.976947784423828,-5.810765977867227e-05
87000,-0.00019299931591376662,1.1637848915668769e-07,-3.688717085123062,2.0742416e-07,0.0,-28.237770080566406,-8.929838186355621e-05
87200,-0.0001654216757742688,6.480025507293874e-08,-3.6886940777301787,2.0295381e-07,0.0,-22.60186195373535,-8.694464681666681e-05
87400,-0.00022334062668960541,4.8827373255733164e-08,-3.6887179613113403,1.7881393e-07,0.0,-16.988779067993164,-8.959035632292168e-05
87600,-0.00035937619395554066,9.096724200574613e-08,-3.6887139976024628,2.82228e-07,0.0,-30.57775115966797,-0.00013134962316030396
87800,-0.0002556973195169121,5.7856453805626987e-08,-3.6887054324150084,2.3633243e-07,0.0,-18.584802627563477,-0.00011544127758815748
88000,-0.0002996890980284661,7.510385553466392e-08,-3.6887462854385378,2.2292137e-07,0.0,-22.562145233154297,-0.00011861732681972548
88200,-4.878828258370049e-05,5.681468735474482e-08,-3.6887136578559874,6.884336e-08,0.0,-29.778697967529297,-5.2237630037876845e-05
88400,-0.00029869534773752093,4.69734750652151e-08,-3.68873353600502,1.7642975e-07,0.0,-19.103721618652344,-0.00010585748421860774
88600,-0.0001308179780608043,3.888275315055978e-08,-3.688691085577011,2.7000902e-07,0.0,-17.79532814025879,-9.683857826647824e-05
88800,-0.00025384093169122934,4.4718718061886875e-08,-3.688689815998077,2.6255847e-07,0.0,-6.683896064758301,-0.00010806379142684897
89000,-0.00018956174608319998,3.6829449490127786e-08,-3.688690996170044,3.311038e-07,0.0,-40.742313385009766,-0.00011764781917487089
89200,-0.00033655084553174675,2.097232543185612e-08,-3.6887164771556855,3.8623807e-07,0.0,-5.689087390899658,-0.0001627745164298644
89400,-0.0002683480270206928,2.398011580417858e-08,-3.688715326786041,2.3216009e-07,0.0,-30.720577239990234,-9.584449281363483e-05
89600,-0.000206436263397336,2.5378327350722428e-08,-3.6887408196926117,2.1576882e-07,0.0,-11.543851852416992,-0.00011791974294300122
89800,-0.00046224280958995223,1.7164882182285623e-08,-3.6886932373046877,8.666516e-07,0.0,-16.445341110229492,-0.0002796304546852646
90000,-0.0007020781049504876,1.4214622967578806e-08,-3.688700544834137,7.456541e-07,0.0,-26.826154708862305,-0.0002338261129925634
90200,-0.00011415075277909636,1.3220129468916042e-08,-3.6887038230895994,3.2603742e-07,0.0,-19.001455307006836,-0.00012595097614371832
90400,-0.00049304572166875,1.3855445801791432e-08,-3.6886938214302063,3.3646825e-07,0.0,-11.679253578186035,-0.000149329900947448
90600,-0.00011435408669058233,1.6573209804526812e-08,-3.688693606853485,3.1769275e-07,0.0,-25.701108932495117,-0.00011827126890102679
90800,-0.0004952015005983412,1.2064760568364364e-08,-3.688676232099533,5.3167344e-07,0.0,-19.81835174560547,-0.00017866930357963718
91000,-0.0005985586321912706,9.757734253934558e-09,-3.6887005269527435,6.124377e-07,0.0,-9.957054138183594,-0.00019672131113850354
91200,-0.0003916990535799414,6.592009621497752e-09,-3.6887068927288054,3.5315753e-07,0.0,-39.145591735839844,-0.0001504149647821418
91400,-0.0007344098994508386,8.260561568107505e-09,-3.688683789968491,7.3939566e-07,0.0,-5.517313003540039,-0.00026293263662870994
91600,-0.0007303542806766927,1.0655468107856337e-08,-3.6886701226234435,6.7353244e-07,0.0,-7.119301795959473,-0.0002591507665752113
91800,-0.0004312581440899521,6.071874480984007e-09,-3.688671123981476,6.1213973e-07,0.0,-13.602107048034668,-0.00020764763561647025
92000,-0.00048747530672699213,6.764332582953614e-09,-3.688678902387619,5.489588e-07,0.0,-16.368778228759766,-0.00019823238074471173
92200,-0.0005059466348029673,8.350690838820895e-09,-3.688687300682068,6.9648024e-07,0.0,-15.905139923095703,-0.00025538651749774656
92400,-0.00020948232850059867,4.228894154301166e-09,-3.6887146890163423,2.449751e-07,0.0,-15.148786544799805,-0.00011994820777490034
92600,-0.0006118810852058232,2.0145714846320216e-09,-3.688699996471405,4.056096e-07,0.0,-14.119583129882812,-0.00019657938077535241
92800,-0.000554300204385072,7.147431146936611e-09,-3.688690310716629,4.0411948e-07,0.0,-7.764389991760254,-0.00017986111205168243
93000,-0.0003931460378225893,4.714883933276681e-09,-3.6886898636817933,4.0113923e-07,0.0,-16.256683349609375,-0.0001931468158377303
93200,-0.00047730456572026014,9.074800588759756e-09,-3.6886863708496094,4.833937e-07,0.0,-3.664064407348633,-0.00019057332464740285
93400,-0.00031807427876628935,8.201740592239659e-09,-3.688709819316864,1.975894e-07,0.0,-6.522109031677246,-0.00011158534837596434
93600,-0.0005114325904287398,1.0001973382856022e-08,-3.6886674582958223,3.5107135e-07,0.0,-9.553484916687012,-0.0001440548454456847
93800,-0.0004630826588254422,6.146618941604842e-09,-3.68868950009346,5.26011e-07,0.0,-4.713527679443359,-0.00022863056865372045
94000,-0.0002163295866921544,4.360999183994352e-09,-3.6887061953544618,2.2441148e-07,0.0,-16.61050796508789,-0.00012902544450632547
94200,-0.00020797770412173122,1.119362654788958e-08,-3.6886816322803497,3.8325788e-07,0.0,-3.270143985748291,-0.00016590789011132755
94400,-0.00026531453477218747,9.675441292600339e-09,-3.6886742234230043,4.890561e-07,0.0,-12.715787887573242,-0.00021723049052730926
94600,-0.0005817766068503261,5.759236959557157e-09,-3.688699018955231,3.993511e-07,0.0,-3.4411463737487793,-0.00020780856870055152
94800,-0.000966479245107621,5.774752143139495e-09,-3.6886844396591187,6.1064964e-07,0.0,-9.67341136932373,-0.00027766685308274754
95000,-0.00047271285438910127,9.139172607586233e-09,-3.688665986061096,5.856156e-07,0.0,-8.56406307220459,-0.00017925200590160895
95200,-0.0003619154740590602,6.456016787836916e-09,-3.688654601573944,4.3034552e-07,0.0,-5.887478828430176,-0.00021095958428567484
95400,-0.0004248260229360312,1.2248567649031373e-08,-3.6886511743068695,3.376603e-07,0.0,-10.475476264953613,-0.00015095661712758446
95600,-0.0001699814310995862,2.472042096024474e-09,-3.6886931896209716,2.4676325e-07,0.0,-18.800626754760742,-0.00013676092060768696
95800,-0.00018303909746464342,3.7128865926217005e-09,-3.688703054189682,1.6510486e-07,0.0,-19.88882064819336,-0.00010460641232384882
96000,-0.00033162572071887553,3.097536291352121e-09,-3.6886966824531555,1.886487e-07,0.0,-6.339086532592773,-0.00011695124193522588
96200,-0.0003427748160902411,5.724472462720343e-09,-3.6886926710605623,2.488494e-07,0.0,-8.583338737487793,-0.00016755346042645057
96400,-0.00048211432294920087,4.782750592791097e-09,-3.688699406385422,3.6209823e-07,0.0,-8.237369537353516,-0.00019071398566574693
96600,-0.0005948655307292938,1.0513867920725061e-08,-3.688647210597992,4.658103e-07,0.0,-4.928886890411377,-0.00019541326128571512
96800,-0.00011793237354140729,5.998540586471534e-09,-3.6887030959129334,3.147125e-07,0.0,-3.995856285095215,-0.00015410342085397932
97000,-0.0004994928603991866,5.980051398513098e-09,-3.6886844992637635,2.813339e-07,0.0,-10.213102340698242,-0.00013313851496947194
97200,-0.00038365687942132354,9.967599412519235e-09,-3.6886801064014434,2.902746e-07,0.0,-8.436361312866211,-0.00017354386233061624
97400,-0.00047899410128593445,6.666595658844088e-09,-3.6886944830417634,2.5779008e-07,0.0,-6.861204147338867,-0.00014176228669969814
97600,-0.00029936182545498013,7.345016178605945e-09,-3.6886667370796205,3.7461518e-07,0.0,-12.00857925415039,-0.0001690031449014695
97800,-0.0005262184422463179,9.29008617811533e-09,-3.688667219877243,4.7296288e-07,0.0,-4.522173881530762,-0.00021350402832238659
98000,-0.0007601946708746254,5.3300574009984555e-09,-3.688688963651657,5.0902366e-07,0.0,-7.410078048706055,-0.00022945573153629884
98200,-0.00043725839350372553,8.542870277850056e-09,-3.6886940002441406,4.053116e-07,0.0,-9.9661283493042,-0.00019315644440076607
98400,-5.149039134266786e-05,7.974937821231265e-09,-3.6886888802051545,4.056096e-07,0.0,-3.3857202529907227,-0.0002305989031380573
98600,-0.0003080711467191577,6.4976787561565885e-09,-3.6886819899082184,3.1739475e-07,0.0,-1.4677455425262451,-0.00015642637126108693
98800,-0.00016521976795047522,1.1074713768266519e-08,-3.6886971056461335,3.361702e-07,0.0,-15.245223999023438,-0.00017598593620062885
99000,-0.00048598676221445203,3.491051359105768e-09,-3.6886847615242004,3.606081e-07,0.0,-12.027909278869629,-0.00017842045369047542
99200,-0.00036395920324139297,1.0194922395179163e-08,-3.6886742532253267,2.8192997e-07,0.0,-5.504189968109131,-0.00016023553271931056
99400,-0.00031859680893830955,7.365344822929387e-09,-3.688664400577545,3.2216312e-07,0.0,-3.221193790435791,-0.0001559832454154364
99600,-0.0002374180476181209,7.56080518193869e-09,-3.688676917552948,2.0533801e-07,0.0,-8.490865707397461,-0.00012076877192430668
99800,-0.0002947476750705391,7.333278617682737e-09,-3.68864169716835,2.9891729e-07,0.0,-6.094882965087891,-0.00013100822294109804
100000,-0.00030910727218724787,9.024619795905409e-09,-3.6886521577835083,3.9458274e-07,0.0,-10.2372407913208,-0.00019448954743053192
100200,-0.00027616822626441717,5.108794282060458e-09,-3.688678115606308,2.208352e-07,0.0,-7.071835517883301,-0.0001058446688913417
100400,-0.00036093464586883783,1.1958590606653275e-08,-3.6886158525943755,3.2246112e-07,0.0,-13.430865287780762,-0.00015014971720586078
100600,-0.0004217743407934904,1.4600795661401378e-08,-3.6886004328727724,3.042817e-07,0.0,-12.064661026000977,-0.00014479801835522998
100800,-0.00041931902524083853,3.269437964803501e-09,-3.68867609500885,4.0918587e-07,0.0,-8.653071403503418,-0.00020835623225810008
101000,-0.00044651798089034855,1.0568550468104122e-08,-3.6886631906032563,2.920628e-07,0.0,-5.4176926612854,-0.00016756199312952801
101200,-0.00024451917852275074,6.007476266445266e-09,-3.688674181699753,1.9192694e-07,0.0,-6.280969619750977,-0.0001140918504397792
101400,-0.00038632898940704763,4.280496779252019e-09,-3.688655811548233,3.7133697e-07,0.0,0.3519333600997925,-0.00017236975661762965
101600,-0.0004428022657521069,5.693201193812669e-09,-3.6887041509151457,2.2113323e-07,0.0,-35.1500358581543,-0.0001715516230983205
101800,-0.00040541350608691573,5.618359089076818e-09,-3.688672089576721,2.4467707e-07,0.0,-10.575005531311035,-0.00014450629043771812
102000,-0.00039628136437386274,7.492163689448717e-09,-3.688650703430176,3.0517577e-07,0.0,-8.915733337402344,-0.00017460465465521935
102200,-0.00021473353262990713,7.45765810217236e-09,-3.6886362969875335,2.1785496e-07,0.0,-11.160244941711426,-0.00011782776620448133
102400,-0.00031191279413178563,1.0255982085816129e-08,-3.6886194467544557,3.758073e-07,0.0,-6.475925922393799,-0.00019352642537182608
102600,-0.00019191857427358627,7.374515342828403e-09,-3.688635468482971,2.6017426e-07,0.0,-13.414009094238281,-0.00013328635563594204
102800,-0.00027290184516459703,3.95805540565064e-09,-3.688669979572296,3.397465e-07,0.0,-14.74001693725586,-0.00019808311882376639
103000,-0.0005535268574021757,6.1607763335302934e-09,-3.6886177003383636,3.1143426e-07,0.0,-9.760619163513184,-0.0001563935406581951
103200,-0.00039328786078840494,6.11141157125239e-09,-3.688640135526657,3.5166738e-07,0.0,-7.7594804763793945,-0.00017062643392433684
103400,-0.00047865122905932367,4.486077415100098e-09,-3.688634467124939,2.5540592e-07,0.0,-9.125463485717773,-0.00015741239508928472
103600,-0.000323189829941839,2.7312896694331455e-09,-3.6886743783950804,3.9577486e-07,0.0,-10.865547180175781,-0.00020490555699803625
103800,-0.0003697063366416842,8.141020402252509e-09,-3.6886279046535493,2.9861928e-07,0.0,-3.8515801429748535,-0.00013733200653492927
104000,-0.0003762388078030199,1.0208680245593626e-08,-3.6886220574378967,4.3869022e-07,0.0,-5.004516124725342,-0.00021324658479073832
104200,-0.0005450544413179159,2.9533760464994783e-09,-3.688651919364929,3.287196e-07,0.0,-15.246318817138672,-0.00019246944831756706
104400,-0.0005421311361715198,6.424973403307277e-09,-3.688648098707199,3.5643578e-07,0.0,-13.555724143981934,-0.00019018621952477944
104600,-0.00032847977126948535,6.7260482794484485e-09,-3.6886197924613953,2.723932e-07,0.0,-11.401348114013672,-0.00011720330990865336
104800,-0.00022811803501099348,8.011796359674861e-09,-3.688596361875534,2.9087067e-07,0.0,-7.210859298706055,-0.000158131139993678
105000,-0.0005050027393735945,1.163382936653079e-08,-3.6886240780353545,3.629923e-07,0.0,-4.912899494171143,-0.0001867522601685323
105200,-0.0006694266339763999,1.086153703644399e-08,-3.688622015714645,4.8190356e-07,0.0,-5.596716403961182,-0.00024152680133658898
105400,-0.0004760426818393171,5.986096796029017e-09,-3.6886389911174775,3.746152e-07,0.0,-9.742169380187988,-0.0002048623502623137
105600,-0.00026186092873103917,5.658956547804906e-09,-3.6886255025863646,2.9087064e-07,0.0,-1.9934239387512207,-0.0001343773160354722
105800,-0.00026212443481199443,5.557572674286249e-09,-3.6886510133743284,2.8431415e-07,0.0,-0.886070728302002,-0.0001504289554662197
106000,-0.0003446553891990334,1.1136918165455256e-08,-3.688669812679291,3.1083823e-07,0.0,-13.75393009185791,-0.00018781178505662411
106200,-0.00037978371256031096,6.719057138449003e-09,-3.6886248350143434,5.024672e-07,0.0,-5.021383285522461,-0.00023998302208383393
106400,-0.00041010434506461024,7.469699658813056e-09,-3.688645726442337,3.3587216e-07,0.0,-9.225263595581055,-0.00017797271881447863
106600,-0.00025054087745957077,1.2024466933269195e-08,-3.688619691133499,2.2977589e-07,0.0,-6.041528224945068,-0.00011631131154923313
106800,-0.00024644879158586264,8.46765750850409e-09,-3.6886253654956818,2.4288892e-07,0.0,-15.995277404785156,-0.00010743686192140611
107000,-0.0002327777328900993,8.912484483758475e-09,-3.6886507272720337,2.6762484e-07,0.0,-3.704909324645996,-0.00016712953568577272
107200,-0.0003743976994883269,8.68800510422929e-09,-3.6886115312576293,3.5583972e-07,0.0,-3.017716407775879,-0.000167878821140377
107400,-0.00035565224243327975,1.1897233254121176e-08,-3.6886436700820924,2.2947788e-07,0.0,-7.992005348205566,-0.00012679342491406231
107600,-0.0002401276578893885,5.702814143138113e-09,-3.6886520266532896,3.0606984e-07,0.0,-3.986933708190918,-0.0001767506005170283
107800,-0.0003845429455395788,1.0523730853417846e-08,-3.6885718643665313,3.823638e-07,0.0,-18.167829513549805,-0.00017330901344143613
108000,-0.000543369329534471,1.3288933597976893e-08,-3.688585215806961,5.7905913e-07,0.0,-10.459126472473145,-0.00021619507553782835
108200,-0.00019338731362950057,4.644762996441898e-09,-3.6886544942855837,1.9162894e-07,0.0,-6.548562526702881,-0.00010686869537579469
108400,-0.00038489728467538953,7.42323197910899e-09,-3.688623172044754,3.1590463e-07,0.0,-5.458247661590576,-0.0001790666964488985
108600,-0.00038314989069476724,1.0910577818989964e-08,-3.688622397184372,2.3216009e-07,0.0,-12.90946102142334,-0.0001362007853625835
108800,-0.00044745171908289194,3.479952581653123e-09,-3.688630747795105,2.938509e-07,0.0,-11.087634086608887,-0.0001508193318386475
109000,-0.0004524569376371801,6.234974175844954e-09,-3.688618761301041,4.8458577e-07,0.0,-9.488082885742188,-0.00017519374962371437
109200,-0.00042222332558594644,9.486972285532858e-09,-3.688594877719879,3.2603742e-07,0.0,-1.1068344116210938,-0.00015615048165047442
109400,-0.00030575465643778443,7.104023352910716e-09,-3.6886612474918365,2.488494e-07,0.0,-12.331113815307617,-0.000138589783784826
109600,-0.00033222409547306597,5.302397887430032e-09,-3.688648855686188,3.1262636e-07,0.0,-9.342220306396484,-0.00015793246703914575
109800,-0.0002066880842903629,9.217860363897046e-09,-3.6886261880397795,2.4646522e-07,0.0,-5.154199123382568,-0.00012375434534921402
110000,-0.0004558342625387013,7.146337682728543e-09,-3.688644254207611,3.1769275e-07,0.0,-8.274943351745605,-0.00015901200523993353
110200,-0.0003420966095291078,5.831465521577428e-09,-3.6886293947696687,3.9130447e-07,0.0,-6.937074661254883,-0.0001767342163205954
110400,-0.0004701962461695075,4.437620351738225e-09,-3.688685542345047,2.8580428e-07,0.0,-10.74387264251709,-0.00015182785658511832
110600,-0.00036993264802731574,6.735318824890868e-09,-3.6886594712734224,3.042817e-07,0.0,-6.761078834533691,-0.00016786452377415273
110800,-0.0005720627959817648,5.923307111466158e-09,-3.688631534576416,4.5537945e-07,0.0,-10.17906379699707,-0.00020263811614089632
111000,-0.0004570805176626891,3.1937383349056604e-09,-3.688673597574234,2.5451186e-07,0.0,-2.902103900909424,-0.00015263687081983334
111200,-0.0007095364853739738,9.173262172090802e-09,-3.6886008262634276,5.3286556e-07,0.0,-6.485012054443359,-0.0001982025064905857
111400,-0.0002620461455080658,6.875623886903881e-09,-3.68867774605751,2.9563904e-07,0.0,-13.202007293701172,-0.0001443048641724065
111600,-0.0006662012310698628,6.08788944256311e-09,-3.688641905784607,4.377961e-07,0.0,-4.872135639190674,-0.00020471593085131802
111800,-0.00012013722880510613,6.681851960621543e-09,-3.6886706411838532,1.3560056e-07,0.0,-4.8430399894714355,-9.819740525855991e-05
112000,-0.0003768503956962377,2.2570916302644407e-09,-3.688675916194916,2.1994114e-07,0.0,-15.030517578125,-0.0001562760029479193
112200,-0.0001617765228729695,3.6623567845062156e-09,-3.6886378943920137,3.7044285e-07,0.0,-5.053818225860596,-0.00017504627188200673
112400,-0.0004328841750975698,6.402579505460082e-09,-3.6886539041996,4.8190356e-07,0.0,-3.037053108215332,-0.00022089050703581747
112600,-0.00031311693601310253,5.980389083948268e-09,-3.688618057966232,2.2798777e-07,0.0,-6.211450099945068,-0.00010182240520071329
112800,-0.00036138910218141973,2.1461528748600855e-09,-3.688677102327347,1.66893e-07,0.0,-17.29140853881836,-0.00012919768612096316
113000,-0.0002959809498861432,4.207106968356911e-09,-3.6886511564254763,3.993511e-07,0.0,-7.453679084777832,-0.00020660115754616014
113200,-0.0006057315040379763,6.941422836526101e-09,-3.68863388299942,3.0219553e-07,0.0,-8.25196647644043,-0.00016687166564359756
113400,-0.0004698110278695822,7.133064561237745e-09,-3.6886226415634153,3.2156706e-07,0.0,-3.5735855102539062,-0.00016858908631434133
113600,-0.0005087297759018838,1.1402378607971996e-08,-3.6885873794555666,5.123019e-07,0.0,-5.235127925872803,-0.0002382364138136084
113800,-0.000234350620303303,8.309607191225865e-09,-3.6885727405548097,2.962351e-07,0.0,-6.527943134307861,-0.00012916229747883534
114000,-0.00043254176853224635,7.996739836979571e-09,-3.6886132776737215,2.5957823e-07,0.0,-5.450929641723633,-0.0001317188026310312
114200,-0.0002763582451734692,1.0143288975417165e-08,-3.68860610127449,3.5941602e-07,0.0,-12.098219871520996,-0.00017143145091655932
114400,-0.0006398308905772865,6.77179532448946e-09,-3.6885755717754365,4.3451786e-07,0.0,-6.025785446166992,-0.00018324122850128522
114600,-0.0005237190052866936,6.800344509727552e-09,-3.6886050760746003,2.759695e-07,0.0,-6.009435176849365,-0.00015004697356699737
114800,-0.0001266893232241273,7.322958162081505e-09,-3.688604384660721,2.643466e-07,0.0,-4.079893112182617,-0.0001389719865062533
115000,-0.00030246123787947,7.52944094850605e-09,-3.68861848115921,1.9073485e-07,0.0,-3.639005661010742,-0.00012632814072865983
115200,-0.00018110580276697874,7.2873317491506386e-09,-3.68860410451889,1.9699335e-07,0.0,-1.790236473083496,-0.00011387712956019147
115400,-8.886987052392215e-05,7.885697073106712e-09,-3.688622957468033,2.7090312e-07,0.0,-3.9494948387145996,-0.00014746131070342283
115600,-0.0002569646167103201,6.850870004626586e-09,-3.6885877907276154,1.9490719e-07,0.0,-4.772625923156738,-0.00011890235920100078
115800,-0.0002004418201977387,4.0489722741288144e-09,-3.6886075019836424,2.0414592e-07,0.0,-16.715797424316406,-0.00012645413034015896
116000,-0.00025552092120051384,3.2138759459288123e-09,-3.688623994588852,2.9683113e-07,0.0,-8.991809844970703,-0.00018608326240774354
116200,-0.00015396482194773853,6.8285004706236664e-09,-3.6885928392410277,2.5570392e-07,0.0,-5.720617294311523,-0.00013177174963334702
116400,-0.0004894127487204969,8.732664463773076e-09,-3.6886126160621644,4.1425227e-07,0.0,-6.859219074249268,-0.00023575135968485484
116600,-0.0002504668082110584,2.73733157807321e-09,-3.688640224933624,1.6152859e-07,0.0,-6.455322742462158,-0.00011622662714829701
116800,-0.00038896893966011703,6.658259588121495e-09,-3.688612365722656,1.9520522e-07,0.0,-12.0660400390625,-9.743267266935086e-05
117000,-0.0004521939263213426,7.300727883352565e-09,-3.68865162730217,2.8192997e-07,0.0,-2.8866424560546875,-0.00018014990681092247
117200,-0.00039456653757952154,6.143564040828054e-09,-3.6885894656181337,4.3064352e-07,0.0,-7.983145713806152,-0.0002036235697965072
117400,-0.00046552790445275605,6.3372374514703015e-09,-3.6886010468006134,5.692243e-07,0.0,-9.792190551757812,-0.00024776852907096856
117600,-0.00023121689446270466,9.112033960700927e-09,-3.6885799705982207,2.3901464e-07,0.0,-9.893111228942871,-0.00011904481080171614
117800,-0.0003521272446960211,5.831104882281224e-09,-3.6885826885700226,3.1441448e-07,0.0,-5.986584663391113,-0.00016538736242002194
118000,-0.00022099730267655104,5.713207573698753e-09,-3.6886146306991576,1.6599893e-07,0.0,-6.999542236328125,-9.75420845298114e-05
118200,-0.0003157433238811791,9.339281648035325e-09,-3.688540881872177,5.310774e-07,0.0,-3.7897934913635254,-0.00024062754255282925
118400,-0.00024622477940283716,9.613722473655884e-09,-3.688608819246292,3.4689904e-07,0.0,-8.113810539245605,-0.00020525459313648354
118600,-0.0002004958369070664,6.55696590912136e-09,-3.6886114895343782,2.8282406e-07,0.0,-7.6372175216674805,-0.00014549391890716912
118800,-0.0004985372652299702,9.553674729101403e-09,-3.688583993911743,3.501773e-07,0.0,-11.626713752746582,-0.00016892598132767223
119000,-0.0003719140077009797,3.790449165652632e-09,-3.6885991036891936,3.0100347e-07,0.0,-7.099847793579102,-0.0001657152943528306
119200,-0.00023876072373241186,4.0129100598029765e-09,-3.688605564832687,3.287196e-07,0.0,-2.07326602935791,-0.00020957936362697716
119400,-0.0003428656200412661,1.5617114867971794e-08,-3.6885726511478425,3.1948088e-07,0.0,-7.953767776489258,-0.00015437266279685335
119600,-0.0005990396603010595,9.4009853512933e-09,-3.68856161236763,3.7372112e-07,0.0,-10.96502685546875,-0.00018398389221249145
119800,-0.0001860579795902595,9.782454923890072e-09,-3.6885723769664764,2.7388336e-07,0.0,-16.003419876098633,-0.00014058138039007017
120000,-0.000397636613342911,9.028365288710204e-09,-3.6886054039001466,3.0726196e-07,0.0,-4.935349941253662,-0.0001932262626652914
120200,-0.0003744476707652211,7.714105676459582e-09,-3.6886082530021667,2.479553e-07,0.0,-7.226367950439453,-0.0001470976478728958
120400,-0.0002627334906719625,6.234739374777476e-09,-3.688618987798691,2.551079e-07,0.0,-4.345664024353027,-0.0001435653428784489
120600,-0.0002883270208258182,5.252124135601832e-09,-3.6886165857315065,2.1964311e-07,0.0,-8.08570671081543,-0.00013088359713839815
120800,-0.0002684475330170244,5.761030119622035e-09,-3.6885983109474183,2.849102e-07,0.0,-6.809768199920654,-0.00016235700342930314
121000,-0.0002345360699109733,6.720017936556743e-09,-3.6886093616485596,1.8984079e-07,0.0,-10.78386116027832,-0.00011035412495187246
121200,-0.0004030339478049427,5.29748804822816e-09,-3.6885834515094755,3.260374e-07,0.0,-10.006624221801758,-0.00017166117938995917
121400,-0.0003557002928573638,4.524084540324935e-09,-3.688625955581665,3.1232835e-07,0.0,-5.212916851043701,-0.00017315651336271553
121600,-0.00030637712916359305,1.0804506955786053e-08,-3.6885360419750213,3.489852e-07,0.0,-15.31065559387207,-0.00017308250008207793
121800,-0.0003001404111273587,4.711624734810016e-09,-3.6886209309101106,2.6285647e-07,0.0,-6.7047953605651855,-0.0001297598487590701
122000,-0.0002111687499564141,7.41088701516901e-09,-3.6885791182518006,2.077222e-07,0.0,-7.588712692260742,-0.00011551120868524833
122200,-0.00041674505337141454,2.080736288823104e-09,-3.68866326212883,1.5616416e-07,0.0,-22.429874420166016,-0.00010227075449023015
122400,-0.0004488396516535431,6.083632470010869e-09,-3.688636565208435,2.8252603e-07,0.0,-3.2693209648132324,-0.000205160736749066
122600,-0.000493865052703768,5.024459187596974e-09,-3.688629138469696,3.004074e-07,0.0,-5.404364585876465,-0.00018540165382608943
122800,-0.0002248699456686154,8.010159679994188e-09,-3.6885908126831053,3.349781e-07,0.0,-6.93877649307251,-0.0001675111569216403
123000,-0.00039716745959594846,8.053995642631761e-09,-3.688620835542679,3.4004452e-07,0.0,-9.229569435119629,-0.00019421766482468071
123200,-0.0005218171281740069,1.1556245638200124e-08,-3.6885563313961027,4.3153761e-07,0.0,-2.2229576110839844,-0.0001802626692043896
123400,-0.0003632575972005725,1.1385277598474631e-08,-3.688591855764389,3.2156706e-07,0.0,-8.278678894042969,-0.0001742775284583331
123600,-0.00027305036201141775,6.201939872774176e-09,-3.6886067748069764,3.3795834e-07,0.0,-2.0659995079040527,-0.00016868502665898789
123800,-0.0005928144091740251,5.472087527547132e-09,-3.6885972797870634,3.811717e-07,0.0,-10.886852264404297,-0.00023028457242140198
124000,-0.00021083783940412104,1.200367709675021e-08,-3.6885809361934663,3.0934808e-07,0.0,-16.552339553833008,-0.00012804697400294884
124200,-0.0003358495596330613,1.9231548548104273e-09,-3.688630872964859,3.0636787e-07,0.0,-19.964797973632812,-0.00017402595117542717
124400,-0.00047035361058078706,3.8368377752728834e-09,-3.688638871908188,2.512336e-07,0.0,-7.7488813400268555,-0.0001611889671096378
124600,-0.00040815852116793394,7.181842398562566e-09,-3.6885873079299927,5.668402e-07,0.0,-5.632724285125732,-0.0002369706626841328
124800,-0.0005290142144076526,9.333589401361309e-09,-3.688550925254822,5.424023e-07,0.0,-12.819396018981934,-0.00023946830087696603
125000,-0.000361215032171458,8.439272003446519e-09,-3.688622570037842,2.0265578e-07,0.0,-16.021299362182617,-0.00011636229277610655
125200,-0.0006498607690446079,5.423264659576432e-09,-3.6885820984840394,5.25415e-07,0.0,-5.225339889526367,-0.00021435034219292605
125400,-0.000338132114848122,4.260202490780074e-09,-3.6885929644107818,2.6136638e-07,0.0,-33.7659797668457,-0.00014156892925416554
125600,-0.00045952442451380193,7.791426592795858e-09,-3.6886287331581116,2.4080276e-07,0.0,-11.760397911071777,-0.00012510959757576766
125800,-0.00024474429665133357,6.098191840386846e-09,-3.68858083486557,2.5093556e-07,0.0,-13.882851600646973,-0.00014836924682861685
126000,-0.0001360682799713686,5.156896931701738e-09,-3.688542425632477,1.9878149e-07,0.0,-12.4243803024292,-0.00010799122982256826
126200,-0.0002730348496697843,5.965704075183708e-09,-3.6886299014091493,2.5719405e-07,0.0,-9.852781295776367,-0.00015778750209596292
126400,-0.00048047196469269693,5.359402638349664e-09,-3.6886241316795347,2.5391577e-07,0.0,-7.461941719055176,-0.0001245324726224961
126600,-0.0003493753611110151,4.583969126503717e-09,-3.6885722815990447,2.2292137e-07,0.0,-0.7558445930480957,-0.00012220765580195359
126800,-0.0003534457937348634,9.462552930106228e-09,-3.688575971126556,2.297759e-07,0.0,-4.857054710388184,-0.00011934032972078512
127000,-0.0003562773927114904,2.1901137847724073e-09,-3.6886630296707152,2.6226044e-07,0.0,-5.9015631675720215,-0.0001720339279554617
127200,-0.0006760346586816013,1.3809380339235844e-08,-3.6885215520858763,7.286668e-07,0.0,-8.27685260772705,-0.00023413898800834777
127400,-0.0004159306990914047,7.685008018842865e-09,-3.688555359840393,3.2961367e-07,0.0,-4.499706745147705,-0.0001802802508990453
127600,-0.00040494371205568314,8.684012697823818e-09,-3.688563424348831,2.461672e-07,0.0,-4.8615875244140625,-0.00014857296615362615
127800,-0.0001672326325206086,7.369816190649914e-09,-3.68853245973587,2.810359e-07,0.0,-7.876116752624512,-0.0001532664219931812
128000,-0.00042169986409135163,9.25933776318999e-09,-3.688552713394165,2.5212762e-07,0.0,-6.800582408905029,-0.00014731816317259394
128200,-0.0006248268764466047,8.127286910131203e-09,-3.688572734594345,2.8938055e-07,0.0,-4.765459060668945,-0.00016946683714991195
128400,-0.000491357350256294,8.945056773068672e-09,-3.6885341346263885,2.9832125e-07,0.0,-5.8427839279174805,-0.0001744195524440606
128600,-0.0003597888571675867,9.701058367728166e-09,-3.688519537448883,3.6686657e-07,0.0,-8.267924308776855,-0.00017548851676434384
128800,-0.0006532986299134791,9.582073301483973e-09,-3.688576430082321,3.8802625e-07,0.0,-11.877603530883789,-0.0002231223354104195
129000,-0.0003604339435696602,5.617689680104121e-09,-3.6885474026203156,4.3213367e-07,0.0,-10.483704566955566,-0.0001854380808758993
129200,-0.0006970165413804352,9.899830372139817e-09,-3.6885413467884063,3.8862228e-07,0.0,-10.891216278076172,-0.00017417706427229617
129400,-0.0005601004231721163,7.82814512101382e-09,-3.6885432422161104,4.8756596e-07,0.0,-5.938259601593018,-0.00021277861430371025
129600,-0.00024927890626713634,3.745072765792834e-09,-3.688627392053604,2.5779008e-07,0.0,-13.332442283630371,-0.000157484838680233
129800,-0.000738702598027885,8.146132390862703e-09,-3.688500040769577,4.9710275e-07,0.0,-0.9585216045379639,-0.0002342259168446992
130000,-0.0005861289682798088,1.1776268216134866e-08,-3.688549739122391,5.8025125e-07,0.0,-8.754656791687012,-0.00023064492637763222
130200,-0.00034574486198835075,9.491108776682467e-09,-3.6884816229343413,5.2839516e-07,0.0,-6.1599345207214355,-0.00014132834926158244
130400,-0.0004357017169240862,1.1252673559614124e-08,-3.6885478377342222,2.4348498e-07,0.0,-8.523822784423828,-0.00013457805710425096
130600,-0.000624207139480859,8.43742805622938e-09,-3.6885164976119995,4.4852496e-07,0.0,-15.270389556884766,-0.00020188985815137173
130800,-0.0006881494773551822,6.351522580105851e-09,-3.6885645270347593,6.058812e-07,0.0,-13.121597290039062,-0.00026554435202650326
131000,-0.0004627151938620955,6.386954637394026e-09,-3.6885572493076326,3.8325786e-07,0.0,-4.399172306060791,-0.0001876960398676575
131200,-0.00022982904920354486,7.342460789372396e-09,-3.688538020849228,3.6507845e-07,0.0,-6.7305755615234375,-0.00018753716453863146
131400,-0.00022547580010723323,3.0569324377394124e-09,-3.688599008321762,1.576543e-07,0.0,-31.227378845214844,-0.00012088240967161878
131600,-0.0005193028482608497,4.601547504146097e-09,-3.6885641694068907,4.145503e-07,0.0,-15.594228744506836,-0.00021915002246861715
131800,-0.00019161959062330425,6.7535255887651856e-09,-3.6885443449020388,3.570318e-07,0.0,-10.805811882019043,-0.00016899535873742265
132000,-0.0004308695497456938,3.3950696393114656e-09,-3.688599240779877,2.0563601e-07,0.0,-7.478446006774902,-0.00013999878551816946
132200,-0.0004618873936124146,6.775162286754011e-09,-3.6885256707668304,5.146861e-07,0.0,-7.674853324890137,-0.00024321535769074033
132400,-0.00036662432830780745,5.544721315420276e-09,-3.688558501005173,2.8401615e-07,0.0,-6.033547401428223,-0.00015994238775030034
132600,-0.0003316260117571801,1.2067887922295738e-08,-3.688470035791397,3.769994e-07,0.0,-10.090872764587402,-0.0001529849254063409
132800,-0.0006297059007920325,9.395844424719969e-09,-3.6885319650173187,4.1872264e-07,0.0,-17.80347442626953,-0.00018200462174262634
133000,-0.00010640330583555624,8.235515591703547e-09,-3.6885063111782075,1.4692544e-07,0.0,-7.6537933349609375,-7.051633081163189e-05
133200,-0.00021643214859068394,3.6174979400893648e-09,-3.688571172952652,2.670288e-07,0.0,-22.24622917175293,-0.00011405853897197282
133400,-0.00034350540954619646,1.6015568571337015e-08,-3.6885484039783476,3.516674e-07,0.0,-10.915225982666016,-0.00017936343727837923
133600,-0.0004225964657962322,8.516136640324134e-09,-3.688538521528244,3.5464763e-07,0.0,-15.83028793334961,-0.000171614289511135
133800,-0.00039812465547583997,8.251247451962485e-09,-3.6885367333889008,2.8043985e-07,0.0,-6.983729839324951,-0.00016149732453127897
134000,-0.0006197766633704305,8.700596798583149e-09,-3.688567543029785,1.8298627e-07,0.0,-7.844181060791016,-0.0001325278808108177
134200,-0.000349533831467852,5.170494588035979e-09,-3.6885699808597563,2.8401612e-07,0.0,-4.546245574951172,-0.0001931617855377654
134400,-0.0003654795582406223,4.756819221851671e-09,-3.688524228334427,3.489852e-07,0.0,-3.9032812118530273,-0.0001805573039991959
134600,-0.0004175158101134002,7.372189991805556e-09,-3.6885280907154083,4.2319297e-07,0.0,-7.8233642578125,-0.00019562122822263105
134800,-0.0002807836572173983,9.12385224038914e-09,-3.6885487616062163,3.4034252e-07,0.0,-8.707709312438965,-0.00015299494583635996
135000,-0.00023276622232515365,4.5060514097805536e-09,-3.688518989086151,3.042817e-07,0.0,-11.16403579711914,-0.00014036049019865436
135200,-0.0006536241853609681,4.567654432463542e-09,-3.6885229885578155,3.2961367e-07,0.0,-3.457202434539795,-0.00016940425384768255
135400,-0.0004834887804463506,9.496280273246781e-09,-3.68855202794075,3.1113623e-07,0.0,-11.226910591125488,-0.0001889650223040107
135600,-0.000502082344610244,7.022023928993093e-09,-3.6885382354259493,3.218651e-07,0.0,-6.500739574432373,-0.0001468384257170108
135800,-0.0002323917142348364,4.787114832316419e-09,-3.6885499954223633,2.1964311e-07,0.0,-1.536522626876831,-0.00013121805047457968
136000,-0.0005240545142441988,1.4104229562050818e-08,-3.6884371519088743,4.87566e-07,0.0,-7.343629837036133,-0.00017969222457042688
136200,-0.00027412132476456463,6.589531476031141e-09,-3.6885406970977783,6.9767236e-07,0.0,-9.105179786682129,-0.0002816944273718036
136400,-0.0005720682092942297,1.1109253961194554e-08,-3.6885185301303864,4.1484833e-07,0.0,-5.992194175720215,-0.00021310286869811735
136600,-0.0006538868183270097,7.512417954380624e-09,-3.6884971797466277,4.3451786e-07,0.0,-10.924883842468262,-0.00018104271169385732
136800,-0.00041254443931393325,8.348550095682583e-09,-3.6885413229465485,3.6835672e-07,0.0,-6.893190860748291,-0.00019327797364252497
137000,-0.00013491444406099617,5.18100236601704e-09,-3.688554525375366,1.7791987e-07,0.0,-27.957561492919922,-9.74173994955141e-05
137200,-0.000734371948055923,5.4040349306561096e-09,-3.6885471880435943,4.1127205e-07,0.0,-10.036395072937012,-0.00019927225463880482
137400,-0.00040357757825404406,8.120419303647708e-09,-3.6885268092155457,3.1352045e-07,0.0,-13.19101619720459,-0.00015503056306016562
137600,-0.00030391293694265187,4.829978100806542e-09,-3.6885581016540527,1.630187e-07,0.0,-6.759285926818848,-0.00012770617346404833
137800,-0.0004369910166133195,3.920593333317513e-09,-3.688580173254013,2.43783e-07,0.0,-8.04519271850586,-0.00016196605730494084
138000,-0.0004078869242221117,8.266838369408448e-09,-3.6885211944580076,2.2351742e-07,0.0,-3.638540267944336,-0.00011884702667179781
138200,-0.0003763303975574672,9.533875366951605e-09,-3.6884782135486605,3.1590463e-07,0.0,-0.6496562957763672,-0.00014959928330449124
138400,-0.0005685662617906928,6.43120271481834e-09,-3.6885340332984926,3.9309262e-07,0.0,-0.9391264915466309,-0.0002214934246192346
138600,-0.00046081707114353776,8.395221540169473e-09,-3.6884835422039033,3.990531e-07,0.0,-1.9736542701721191,-0.00018753617991289494
138800,-0.0002402894606348127,1.1620687367930315e-08,-3.6884454071521757,4.9471856e-07,0.0,-7.705196380615234,-0.00020481306540608423
139000,-0.0005379620706662536,2.8188412631857674e-09,-3.6885526835918427,3.4689904e-07,0.0,-0.2499074935913086,-0.0002033500192069382
139200,-0.0003846606705337763,7.609859453694413e-09,-3.688541567325592,2.0563603e-07,0.0,-9.210188865661621,-0.0001331090488497999
139400,-0.00033616108703427017,7.684479114145048e-09,-3.688538593053818,3.4064055e-07,0.0,-3.5496530532836914,-0.00015175924438812772
139600,-0.00019652830087579787,2.7849409056646122e-09,-3.6885607719421385,1.5944242e-07,0.0,-2.6510984897613525,-8.944574201472655e-05
139800,-0.00014455409836955369,1.2401807025774758e-08,-3.688514006137848,3.8802625e-07,0.0,-5.657668113708496,-0.00017280500461642757
140000,-0.0004116026102565229,5.279617426579008e-09,-3.6885005593299867,2.7894976e-07,0.0,-18.889753341674805,-0.00014443797690568693
140200,-0.0004865607770625502,6.458739054693297e-09,-3.688499939441681,3.4898517e-07,0.0,-9.463003158569336,-0.0001867449216649719
140400,-0.0004480778006836772,4.826703831062318e-09,-3.6884915113449095,3.004074e-07,0.0,-4.044000148773193,-0.0001513002220258297
140600,-0.0002895110519602895,2.244016952812622e-09,-3.688605785369873,1.8775464e-07,0.0,-21.459590911865234,-0.00013750727907949623
140800,-0.0005244124331511557,9.793521210665901e-09,-3.688493251800537,4.3690204e-07,0.0,-1.4208545684814453,-0.00023620645775461745
141000,-0.00026354522560723126,1.6488172716044858e-08,-3.6884413838386534,5.5640936e-07,0.0,-2.554656744003296,-0.0001766223770127695
141200,-0.00021021600696258247,6.954198034092585e-09,-3.6885295689105986,2.5153162e-07,0.0,-1.42342209815979,-0.00012292357578507217
141400,-0.000311568146571517,8.998852729646955e-09,-3.688481068611145,1.9192696e-07,0.0,-10.046910285949707,-0.00010513579889410707
141600,-0.0005883426638320088,4.737886816208459e-09,-3.6884940803050994,3.1739472e-07,0.0,-1.0400726795196533,-0.00020965672542061498
141800,-0.0005274293362163007,1.2035684404665403e-08,-3.688476872444153,4.950166e-07,0.0,-0.2831639051437378,-0.00022730559147046136
142000,-0.00030027973116375506,1.0374733305784644e-08,-3.6884664595127106,2.2917985e-07,0.0,-13.654448509216309,-0.00012731167669530752
142200,-0.000503378571011126,6.580318878679492e-09,-3.6884711921215056,5.766749e-07,0.0,-10.269401550292969,-0.00022085446945299125
142400,-0.0002825842530000955,5.882265063927861e-09,-3.688522446155548,2.8133394e-07,0.0,-11.428863525390625,-0.0001708926315558301
142600,-0.000764478521887213,1.2049145403647543e-08,-3.68845539689064,3.7580728e-07,0.0,-5.945822715759277,-0.0001920401160526497
142800,-0.00012856365356128663,3.5907656265044e-09,-3.688591402769089,1.6152859e-07,0.0,-7.928510665893555,-0.00011038072303681812
143000,-0.0007319579599425197,5.927554208584596e-09,-3.688507068157196,6.6548586e-07,0.0,-10.057231903076172,-0.00029266213856882217
143200,-0.00024117987777572125,7.387541312020574e-09,-3.688502091169357,4.172325e-07,0.0,-21.295236587524414,-0.00019660424575806967
143400,-0.0006805725279264152,7.368511351080187e-09,-3.6885027050971986,6.0439106e-07,0.0,-10.583965301513672,-0.00025060479523040244
143600,-0.0005850830930285156,6.52563888481339e-09,-3.6884925603866576,4.476309e-07,0.0,-11.81271743774414,-0.00022976519923600947
143800,-0.0004513516614679247,6.003542829535746e-09,-3.688529002666473,5.2571295e-07,0.0,-6.3824052810668945,-0.00020225512713500926
144000,-0.00019631045870482922,3.7135993308234916e-09,-3.6885529696941375,2.4735925e-07,0.0,-11.843160629272461,-0.00013753821354820506
144200,-0.00029511735192500055,9.507235121386514e-09,-3.68850337266922,2.875924e-07,0.0,-3.668870449066162,-0.00015441505578643876
144400,-0.0004540156223811209,3.220682504023742e-09,-3.6885626792907713,1.7970801e-07,0.0,-8.376606941223145,-0.00011626813645762012
144600,-0.000303312815958634,6.734187318890861e-09,-3.6884813845157622,3.6120414e-07,0.0,-3.7758541107177734,-0.00020759492978688064
144800,-0.0002931102062575519,6.542137348519716e-09,-3.6885296285152434,2.3573637e-07,0.0,-1.615325927734375,-0.000145184396898701
145000,-0.0004618074744939804,7.674546836922147e-09,-3.6885202884674073,1.9758939e-07,0.0,-13.17959976196289,-0.00013439450362024986
145200,-0.0004174312634859234,2.602432652709652e-09,-3.6885671854019164,2.7060509e-07,0.0,-12.776082038879395,-0.00016129234549384642
145400,-0.0010463487124070525,8.115883010084702e-09,-3.688471019268036,6.2137843e-07,0.0,-5.012908935546875,-0.00027776996644370835
145600,-0.00023742223856970668,2.828672182597636e-09,-3.688591939210892,2.0712613e-07,0.0,-12.515129089355469,-0.0001320541363338812
145800,-0.00017936112999450415,2.4752652205695115e-09,-3.688568902015686,2.3543835e-07,0.0,-17.777769088745117,-0.00013337064236088603
146000,-0.0004909368581138551,1.1183708181761176e-08,-3.688475412130356,5.915761e-07,0.0,-12.772873878479004,-0.00023045122534564032
146200,-0.0002339719358133152,6.75040317532627e-09,-3.6885620832443236,2.092123e-07,0.0,-3.7714314460754395,-0.0001342560382060043
146400,-0.0003232556628063321,9.842735726461883e-09,-3.6884642422199247,3.33488e-07,0.0,-6.7762131690979,-0.0001648485568382263
146600,-0.0003019509604200721,7.570846116689012e-09,-3.6885589361190796,2.5480986e-07,0.0,-5.100938320159912,-0.00013125416658068544
146800,-0.0004227760073263198,9.325108885072097e-09,-3.688469833135605,4.2527915e-07,0.0,-7.254354476928711,-0.00017931973979739
147000,-0.0004680307174567133,3.250407626387286e-09,-3.688555860519409,3.1858684e-07,0.0,-11.030579566955566,-0.00018820401314769696
147200,-0.000793213490396738,1.4079210086670457e-08,-3.6884442389011385,3.9309262e-07,0.0,-7.549461364746094,-0.00018979570122383825
147400,-0.0004823812050744891,4.280391713296083e-09,-3.6885378301143645,3.8832428e-07,0.0,-19.259923934936523,-0.00014185709142964243
147600,-0.0002548665215726942,7.543929519959746e-09,-3.6885027647018434,3.054738e-07,0.0,-8.655601501464844,-0.0001740267124540562
147800,-0.0005992945516481996,7.285981118432261e-09,-3.6885117530822753,2.631545e-07,0.0,-8.187416076660156,-0.00014302776634462778
148000,-0.0004297256236895919,1.2514980807232234e-08,-3.688453567028046,7.5519085e-07,0.0,-7.829026222229004,-0.00021313188165095198
148200,-0.0007244552252814174,5.777098444070816e-09,-3.6884804904460906,6.222725e-07,0.0,-6.195706367492676,-0.00026697942007649635
148400,-0.0003058244183193892,8.172247512039377e-09,-3.688468021154404,4.4077635e-07,0.0,-7.906628608703613,-0.0001536313298770464
148600,-0.000337559322360903,5.084621323980798e-09,-3.688501352071762,2.1606682e-07,0.0,-8.942662239074707,-0.00012073590591319406
148800,-0.0005034885252825916,2.540165849884701e-09,-3.6885595500469206,2.2172928e-07,0.0,-10.393826484680176,-0.00015042591081970702
149000,-0.00045551781659014523,9.395310951454405e-09,-3.688475161790848,3.9845705e-07,0.0,-5.151789665222168,-0.0001837501335095304
149200,-0.0005531389615498483,9.860430405517207e-09,-3.6884239971637727,6.03497e-07,0.0,-4.288932800292969,-0.00022330618863222184
149400,-0.0003329955507069826,6.421966330938389e-09,-3.688438183069229,4.1544436e-07,0.0,-7.780423164367676,-0.00016124700027848605
149600,-0.00048575972323305905,3.396803230359957e-09,-3.6885577201843263,2.8669834e-07,0.0,-5.454721450805664,-0.0001452948461493353
149800,-0.00036872297641821206,8.331145773254889e-09,-3.688485598564148,3.6150217e-07,0.0,-4.352136135101318,-0.0001974027021091729
150000,-0.0005650478415191174,1.0546988327142515e-08,-3.688449412584305,5.7578086e-07,0.0,-5.618866443634033,-0.00025171480029906323
150200,-0.0003795697120949626,6.479330338926559e-09,-3.6884802281856537,3.7044288e-07,0.0,-10.31987190246582,-0.0002123108213411329
150400,-0.0002471327316015959,8.068691426110775e-09,-3.6884769558906556,3.1620263e-07,0.0,-14.2074556350708,-0.00014500938505943584
150600,-0.0007417902234010398,4.073303380702775e-09,-3.6885057747364045,3.5911796e-07,0.0,-9.067562103271484,-0.00020826795689288247
150800,-0.0004637568781618029,8.802322926104722e-09,-3.6884625971317293,2.834201e-07,0.0,-9.164827346801758,-0.00017379220714019983
151000,-0.00037764172884635627,6.666280516487433e-09,-3.6884918391704558,2.601743e-07,0.0,-10.42702579498291,-0.000145258969871076
151200,-9.679982031229883e-05,7.903021537192246e-09,-3.6884552776813506,2.259016e-07,0.0,-8.671466827392578,-0.00011886371596050437
151400,-0.00036037262179888785,4.3245615422016215e-09,-3.68845494389534,3.492832e-07,0.0,-15.403335571289062,-0.0001716945920218871
151600,-0.00042442549602128565,1.0313727416555452e-08,-3.6884060382843016,3.5464763e-07,0.0,-5.638631343841553,-0.00015137435425414126
151800,-0.00023916941427160054,6.617538450548466e-09,-3.688471096754074,4.0113926e-07,0.0,-4.410292625427246,-0.0002042979219193164
152000,-0.0004017395549453795,1.1263522836646445e-08,-3.6883720457553864,2.8997658e-07,0.0,-10.478453636169434,-0.00011282862724306674
152200,-0.0005540908314287663,8.377306182083544e-09,-3.6884388983249665,4.3749807e-07,0.0,-8.63011360168457,-0.0002356686005591635
152400,-0.00033384127891622484,4.3686089801209246e-09,-3.6884793758392336,2.1308661e-07,0.0,-8.336653709411621,-0.00010711492688992852
152600,-6.2275466916617e-05,3.1573063191681072e-09,-3.688548046350479,1.1980534e-07,0.0,-16.707679748535156,-9.749219416783639e-05
152800,-0.000613406824413687,2.8401667351296566e-09,-3.6885341227054598,4.87268e-07,0.0,-20.56487464904785,-0.0002443195278406085
153000,-0.00035665856557898223,7.14156508374586e-09,-3.6884789884090425,2.5242565e-07,0.0,-3.2862353324890137,-0.00012352220679394675
153200,-0.0005428330623544753,6.937535879103507e-09,-3.688466799259186,4.032254e-07,0.0,-6.183180332183838,-0.00022899292046212326
153400,-0.00024969535297714174,1.0644485215483001e-08,-3.688394320011139,3.9756299e-07,0.0,-4.243380069732666,-0.00017589454982680497
153600,-0.00021929058129899204,4.69427984262083e-09,-3.6884933948516845,2.69413e-07,0.0,-9.317481994628906,-0.00015608499985098057
153800,-0.00011924120190087706,4.245847301520555e-09,-3.6885024070739747,4.6759843e-07,0.0,-2.612656593322754,-0.00022079106197725462
154000,-0.00040760671254247427,6.795372059498206e-09,-3.6884314119815826,4.7832725e-07,0.0,-7.563061714172363,-0.00020930530217559972
154200,-0.0004860223561991006,8.543548202233353e-09,-3.6883895337581634,3.5166738e-07,0.0,-5.46348762512207,-0.00016803806998677562
154400,-0.0007001177873462439,8.376257865094771e-09,-3.688474875688553,6.124377e-07,0.0,-7.313894271850586,-0.0002356973685185615
154600,-0.0006436948315240443,1.2543565142131285e-08,-3.6883360266685488,5.7429077e-07,0.0,-5.025904655456543,-0.00021369443636241048
154800,-0.000586454349104315,6.242130601297191e-09,-3.6884202778339388,4.0620566e-07,0.0,-14.482041358947754,-0.00018167960774326808
155000,-0.00028613494941964746,8.106090598758442e-09,-3.6884076297283173,4.4226647e-07,0.0,-5.838008880615234,-0.00017641435610404876
155200,-0.0004816572181880474,1.1417256728929459e-08,-3.6884634733200072,2.9474498e-07,0.0,-10.228203773498535,-0.00014147711340479764
155400,-0.0004295465478207916,1.3347952221298698e-08,-3.688443112373352,5.6713816e-07,0.0,-13.514832496643066,-0.00025666278734561845
155600,-0.00022757773695047945,6.889581816160728e-09,-3.6884395480155945,2.7537348e-07,0.0,-4.397960662841797,-0.00013997785132868756
155800,-0.0006507448269985616,8.871861489900823e-09,-3.6883662343025208,5.13494e-07,0.0,-8.118966102600098,-0.00023228377859396687
156000,-0.00042797980131581426,1.0541033890199002e-08,-3.688349002599716,6.148219e-07,0.0,-7.401050567626953,-0.00020620741159427247
156200,-0.00048029530444182456,6.3716285803039344e-09,-3.6884888410568237,2.6106835e-07,0.0,-3.9785685539245605,-0.00015243830957755166
156400,-0.0005372021696530282,8.98360658085906e-09,-3.6883942902088167,4.2825937e-07,0.0,-8.825121879577637,-0.0001991314528679622
156600,-0.0006269820150919259,6.242734329475752e-09,-3.6884408056735993,5.8948996e-07,0.0,-18.28606414794922,-0.00026369547999864905
156800,-7.677904068259522e-05,1.1849069025959836e-08,-3.6883845686912538,2.1904707e-07,0.0,-5.422293663024902,-9.218531872390301e-05
157000,-0.0002796959306579083,7.069404572845883e-09,-3.6883847177028657,3.1501054e-07,0.0,-13.82012939453125,-0.00016058648740249203
157200,-0.000534702034201473,4.046777057897799e-09,-3.688439464569092,5.4568056e-07,0.0,-8.548629760742188,-0.0002495715662891973
157400,-0.00027941903681494296,1.219982221911664e-08,-3.688424986600876,2.4974347e-07,0.0,-14.39881420135498,-0.00010394282589252236
157600,-0.00021621421910822392,3.099562752295615e-09,-3.688564717769623,1.9341707e-07,0.0,-8.868287086486816,-0.00013219388518201925
157800,-0.0005794352036900818,5.147604731359223e-09,-3.688423329591751,3.5405162e-07,0.0,-5.335750102996826,-0.0002072287806522688
158000,-0.00048237742157652974,7.41856316377465e-09,-3.6883999943733214,5.558133e-07,0.0,-6.549201488494873,-0.00022273293225476553
158200,-0.00026088388403877616,5.71043091146528e-09,-3.6883946478366854,4.1335824e-07,0.0,-9.235323905944824,-0.00018151165665398206
158400,-0.0004601268155965954,3.605543236195885e-09,-3.6884662926197054,2.4318695e-07,0.0,-22.306699752807617,-0.0001460796749621629
158600,-0.00019763542513828725,8.251101080158918e-09,-3.6883920192718507,2.720952e-07,0.0,-4.618498802185059,-0.0001357232003238007
158800,-0.0006340498221106827,3.527540717862543e-09,-3.688442128896713,4.49121e-07,0.0,-1.9061505794525146,-0.00020376424552419613
159000,-0.0002782153314910829,1.238217306465117e-08,-3.6884017050266267,3.096461e-07,0.0,-4.766725063323975,-0.0001682117529089089
159200,-0.00021943898173049092,3.734762732410246e-09,-3.6884196043014525,4.3451786e-07,0.0,-8.708477973937988,-0.00020709097361533147
159400,-0.0006941520841792226,5.176886253011048e-09,-3.6884351789951326,2.2619963e-07,0.0,-5.803070545196533,-0.00012442863075556865
159600,-0.0002483805001247674,4.168891837297295e-09,-3.688482904434204,2.0802021e-07,0.0,-2.829602003097534,-0.00013397258507317212
159800,-0.00021627738897223026,8.266823375846499e-09,-3.6883858919143675,4.011393e-07,0.0,-4.9178266525268555,-0.0001989556103244361
160000,-0.0005909999599680305,1.0568103570030018e-08,-3.6883941769599913,4.2140488e-07,0.0,-6.218008518218994,-0.000231913339626999
160200,-0.0003237402706872672,9.03533564633463e-09,-3.688350373506546,3.3557416e-07,0.0,-9.45849895477295,-0.0001559968437361503
160400,-0.000266498071141541,3.3200132087962686e-09,-3.6884256541728973,3.6478042e-07,0.0,-16.968238830566406,-0.00018338669991646572
160600,-0.0006535460706800222,1.092326051832515e-08,-3.6883205652236937,4.005432e-07,0.0,-7.0008039474487305,-0.0001847502893922437
160800,-0.00046358731924556196,7.31553692068232e-09,-3.688386881351471,3.504753e-07,0.0,-9.97035026550293,-0.00016271990532454872
161000,-0.00040641301893629134,4.7916286272098315e-09,-3.688393938541412,3.772974e-07,0.0,-25.28072738647461,-0.00017607860350246085
161200,-0.0004240121634211391,2.663024831206506e-09,-3.688438868522644,3.9964914e-07,0.0,-14.411886215209961,-0.00023248340711119476
161400,-0.0002608646755106747,1.3314617008930441e-08,-3.688394170999527,2.1785499e-07,0.0,-6.75761604309082,-0.00013360599439921073
161600,-0.0003939928428735584,8.25679244420563e-09,-3.688388043642044,3.9398668e-07,0.0,-7.485222816467285,-0.00019360141290549748
161800,-0.00030478561529889703,4.641950962502861e-09,-3.68845853805542,3.5822393e-07,0.0,-9.123396873474121,-0.00020722965579591523
162000,-0.00039238925091922283,1.2759423462238572e-09,-3.6885589122772218,2.3454427e-07,0.0,-11.609343528747559,-0.0001615849277029624
162200,-0.00018541811732575297,2.263515411216055e-09,-3.6885316491127016,1.9490719e-07,0.0,-5.740995407104492,-0.0001413690898439679
162400,-0.0004178507369942963,9.138316514611944e-09,-3.688387906551361,4.1157008e-07,0.0,-6.016657829284668,-0.0001885025658764361
162600,-0.0007393771084025502,7.098299820151866e-09,-3.6883869886398317,5.3584574e-07,0.0,-6.055449962615967,-0.00024472846940125635
162800,-0.0004621893458534032,6.83080515484491e-09,-3.6884399235248564,5.236268e-07,0.0,-11.28073501586914,-0.00015879084094696516
163000,-0.0001386739022564143,5.239229211584373e-09,-3.6884747624397276,3.820658e-07,0.0,-17.843650817871094,-0.00019294037749046923
163200,-0.00025628460571169853,9.075371176781033e-09,-3.688346493244171,3.0338762e-07,0.0,-1.7473194599151611,-0.00012653864848788388
163400,-0.00040821239235810935,6.01697897617548e-09,-3.68850040435791,1.6748905e-07,0.0,-16.088037490844727,-0.00013195399210133018
163600,-0.0005225103814154863,9.884365503864955e-09,-3.688428944349289,3.0845405e-07,0.0,-7.183066368103027,-0.00016540864911620545
163800,-0.0003662577655632049,1.5380201903725244e-09,-3.6885085701942444,2.2500754e-07,0.0,-13.458810806274414,-0.00013692314247999439
164000,-0.00036013484350405633,2.969237500316524e-09,-3.688462120294571,2.065301e-07,0.0,-29.823150634765625,-0.00011183221557189426
164200,-0.0003912678512278944,7.451527839208438e-09,-3.688418537378311,3.3020973e-07,0.0,-12.7166166305542,-0.00015698960419876506
164400,-0.00013446090451907367,1.9214578423998317e-05,-3.688488519191742,1.2725592e-07,0.0,-0.011604547500610352,-7.202859185968524e-05
164600,-0.00037596517358906567,7.0791285565974246e-06,-3.6884868681430816,1.746416e-07,0.0,0.7961917519569397,-0.00012088870909315319
164800,-0.0004189218452665955,2.9227280424493075e-05,-3.688474100828171,2.3514032e-07,0.0,-0.15228760242462158,-0.00016113951878833077
165000,-0.0001700962893664837,2.6229731247440213e-05,-3.6884668171405792,2.4795534e-07,0.0,0.020959913730621338,-0.00014860168155177432
165200,-0.0002497648820281029,2.1474999402926188e-05,-3.6885446190834044,2.2053717e-07,0.0,-0.008757233619689941,-0.0001653439298157977
165400,-0.00037951936246827245,2.137527965260233e-05,-3.6883783042430878,3.272295e-07,0.0,-0.0532153844833374,-0.00017101324995794087
165600,-0.0005370560102164745,2.3830001919122878e-05,-3.688366162776947,5.2005055e-07,0.0,0.04726064205169678,-0.000218170615059754
165800,-0.0003333012864459306,2.009236038702511e-05,-3.688431817293167,2.399087e-07,0.0,0.04988056421279907,-0.0001384480003334687
166000,-0.00038425892125815153,1.7059678953046387e-05,-3.6884051859378815,2.643466e-07,0.0,-0.005192279815673828,-0.00013388780472589623
166200,-0.00033237860770896077,2.4528882204322144e-05,-3.6884339809417725,2.3901464e-07,0.0,0.02201932668685913,-0.00015351077843595018
166400,-0.00012757789227180183,4.089564376954513e-05,-3.688357043266296,2.3245812e-07,0.0,-0.04753696918487549,-0.00011220088676111573
166600,-0.0003107920929323882,2.3591379567733382e-05,-3.688519525527954,2.2143126e-07,0.0,0.1131049394607544,-0.00013300997794269965
166800,-0.00018044296302832663,1.8997195684278268e-05,-3.6884523689746858,2.2828578e-07,0.0,-0.03267467021942139,-0.00013347636069598322
167000,-0.0002954201481770724,4.0678602817934004e-05,-3.6884399116039277,2.8401612e-07,0.0,0.04653066396713257,-0.00015014275861129355
167200,-0.00022777155390940607,2.826038848979806e-05,-3.688446068763733,2.5600195e-07,0.0,0.030984461307525635,-0.00014591006925127604
167400,-0.00047808256931602955,3.22278192925296e-05,-3.688469076156616,4.2170285e-07,0.0,0.1245734691619873,-0.00021931336872151874
167600,-0.0002315175224794075,3.654370784715866e-05,-3.688463592529297,2.500415e-07,0.0,0.05193889141082764,-0.00012447223015532582
167800,-0.0003306341532152146,1.9681452840814018e-05,-3.688335472345352,3.3676625e-07,0.0,0.08309924602508545,-0.00017158134223325128
168000,-0.0003583949583116919,2.0072997494935406e-05,-3.6884601175785066,2.539158e-07,0.0,-0.2462087869644165,-0.00014212137510298816
168200,-0.00023432107991538942,3.457502984929306e-05,-3.6883030235767365,2.977252e-07,0.0,0.04788196086883545,-0.00015325009957802837
168400,-0.0002230801183031872,4.3076249812656894e-05,-3.688427996635437,2.0921232e-07,0.0,-0.14352965354919434,-0.0001342927669702565
168600,-0.0003189092385582626,5.479706260302919e-05,-3.6884047210216524,1.9431114e-07,0.0,0.049002110958099365,-0.0001278568058470597
168800,-0.0005609747022390366,2.0045908695465186e-05,-3.688378256559372,4.8011543e-07,0.0,-0.13530731201171875,-0.0001763897383311841
169000,-0.00029342950438149273,1.2007326836283027e-05,-3.6884780406951903,1.487136e-07,0.0,-0.1514519453048706,-0.00010621285511014378
169200,-0.00037113504367880523,1.7273581579502207e-05,-3.688434475660324,2.580881e-07,0.0,0.20903503894805908,-0.00014758439292936743
169400,-0.0003577402385417372,2.18765542285837e-05,-3.688498729467392,1.7404557e-07,0.0,0.0389477014541626,-0.00012786778752080786
169600,-0.0003971243859268725,1.1555557762221724e-05,-3.688419771194458,2.7358533e-07,0.0,-0.2327669858932495,-0.00013409115343592236
169800,-0.0002385390835115686,2.3307863375521266e-05,-3.688538831472397,2.0563601e-07,0.0,0.26180166006088257,-0.00013189218798493886
170000,-0.0003468839859124273,3.049936649404117e-05,-3.688308668136597,3.874302e-07,0.0,-0.046572208404541016,-0.0001958484518842951
170200,-0.00024069828214123845,1.612220119113772e-05,-3.6884741246700288,1.4841557e-07,0.0,-0.24169278144836426,-0.00011605737410320671
170400,-0.00029191028443165123,1.2703245647571749e-05,-3.688447391986847,1.758337e-07,0.0,0.047181129455566406,-0.00011700897677489053
170600,-0.0002869766321964562,1.5134830664464972e-05,-3.6884066820144654,2.5361777e-07,0.0,0.16857308149337769,-0.00012528040604007363
170800,-0.0003321028780192137,1.6105697727653024e-05,-3.6884092450141908,2.530217e-07,0.0,0.11821156740188599,-0.00013897857668281332
171000,-0.00040585536044090986,1.987707742046041e-05,-3.6883549869060515,3.027916e-07,0.0,0.015029311180114746,-0.00015268513431920816
171200,-0.00020811038848478347,1.5728942548776105e-05,-3.6883393704891203,2.05338e-07,0.0,-0.08829057216644287,-0.00011184624513802533
171400,-0.00041304240585304797,1.8592642936710037e-05,-3.6882753372192383,3.784895e-07,0.0,0.11178064346313477,-0.0001520384699502997
171600,-0.0002936405944637954,1.7137249142251675e-05,-3.6884795248508455,2.5451183e-07,0.0,0.04476797580718994,-0.0001405697911407655
171800,-0.0002851400931831449,1.085494684502919e-05,-3.688467985391617,2.580881e-07,0.0,0.2033640742301941,-0.0001617476422509867
172000,-0.00042838804074563086,1.6598021511526893e-05,-3.688445472717285,2.476573e-07,0.0,0.029041945934295654,-0.00015371383696003438
172200,-0.00024329181178472936,3.263710691499e-05,-3.6883404076099398,3.731251e-07,0.0,-0.05503547191619873,-0.0001681591637205937
172400,-0.00023857821361161768,1.313683949319966e-05,-3.688425761461258,2.4139882e-07,0.0,-0.03661048412322998,-0.00013550370946950884
172600,-7.035969247226603e-06,2.7799675308415317e-05,-3.6883518576622008,2.3245812e-07,0.0,0.1658632755279541,-0.00010020442354670145
172800,-0.0003483349864836782,3.1771183057571764e-05,-3.688446319103241,3.46303e-07,0.0,0.030879437923431396,-0.00018691521136497967
173000,-0.00033202397753484547,1.589156502177502e-05,-3.6884530007839205,2.4199485e-07,0.0,0.08797693252563477,-0.0001513454908465217
173200,-0.0002834926708601415,2.2871043756822474e-05,-3.6884034156799315,2.0951033e-07,0.0,-0.008857250213623047,-0.00011949706155225392
173400,-0.0004189029277767986,1.2183598823867214e-05,-3.68843652009964,2.5123356e-07,0.0,-0.04317891597747803,-0.00015373691299553905
173600,-0.00033822027035057545,2.5718770439198123e-05,-3.688357412815094,3.8385392e-07,0.0,0.1118086576461792,-0.00016082938059173158
173800,-0.0003478153084870428,1.4628303756580862e-05,-3.6884210407733917,3.8176776e-07,0.0,0.17996710538864136,-0.0001702472471742933
174000,-0.00037805919419042766,1.9579143190640026e-05,-3.688319593667984,3.0100347e-07,0.0,-0.06277167797088623,-0.00015873757771465158
174200,-0.00040566231473349035,2.945949427157757e-05,-3.6884320974349976,3.5464763e-07,0.0,0.08944869041442871,-0.00017815241334435684
174400,-0.0005324883386492729,2.0470469553401927e-05,-3.6885183990001678,3.1292439e-07,0.0,-0.06566643714904785,-0.00019001169571163378
174600,-0.0005174784455448389,1.1208659589101445e-05,-3.6884047389030457,3.290176e-07,0.0,-0.12791705131530762,-0.00016010504824084392
174800,-0.00027488722116686404,1.7743907824296913e-05,-3.6884382545948027,2.1040438e-07,0.0,0.06916922330856323,-0.00012324100620277889
175000,-0.0003250245936214924,1.2734863003061036e-05,-3.6883515417575836,3.3199788e-07,0.0,0.10073238611221313,-0.00014770434392801234
175200,-0.00036502780858427286,2.793922840282903e-05,-3.688387429714203,3.1352045e-07,0.0,-0.06464672088623047,-0.00015904979420753307
175400,-0.0002573267265688628,1.7983471161642227e-05,-3.688400238752365,2.4974347e-07,0.0,-0.023763656616210938,-0.00012940293553771466
175600,-0.0005131075740791857,1.689771227120218e-05,-3.688306611776352,4.8339365e-07,0.0,-0.06314575672149658,-0.00022069477762534095
175800,-0.0004808455996681005,5.091388302389532e-05,-3.6883881270885466,3.442168e-07,0.0,-0.04881143569946289,-0.00018120954682077084
176000,-0.0002949133049696684,2.5265740259783342e-05,-3.688404357433319,2.5331974e-07,0.0,0.05497729778289795,-0.0001333080376525686
176200,-9.627164399717003e-05,2.6401757713756525e-05,-3.6883787512779236,1.9997358e-07,0.0,0.009568631649017334,-0.00010924875689659608
176400,-0.00035144382854923606,1.660354369050765e-05,-3.6883499681949616,3.477931e-07,0.0,0.0773630142211914,-0.00017596568086597486
176600,-0.00042122937156818807,2.0776155497514993e-05,-3.6883475482463837,6.014109e-07,0.0,0.17460060119628906,-0.00025049862825095027
176800,-0.00012057692947564647,2.1328812636056682e-05,-3.6884490728378294,1.937151e-07,0.0,-0.06101083755493164,-0.00010957163446254637
177000,-0.0004461944627109915,2.1929636750428473e-05,-3.688300150632858,3.913045e-07,0.0,0.06535714864730835,-0.00018337151336539348
177200,-0.00044258570414967835,2.41272065522935e-05,-3.688370132446289,3.6269427e-07,0.0,0.09117007255554199,-0.00016380648386984386
177400,-0.00036307290429249406,3.5746711409956335e-05,-3.6883162915706635,5.382299e-07,0.0,0.09115362167358398,-0.000211013092725576
177600,-0.0003952076949644834,4.052045451317099e-05,-3.688337516784668,2.7000902e-07,0.0,0.01193147897720337,-0.00012990713141389776
177800,-0.00027989959926344454,2.9815318157488946e-05,-3.688311141729355,3.349781e-07,0.0,0.11069852113723755,-0.00015933635840041925
178000,-0.0004762436728924513,1.335089016265556e-05,-3.6883938670158387,3.4511092e-07,0.0,0.07304811477661133,-0.0001884801948043524
178200,-0.00032242073211818933,1.716087406293809e-05,-3.6883470714092255,3.2752754e-07,0.0,0.060050904750823975,-0.00015345834223827736
178400,-0.0002311392454430461,4.475060759432381e-05,-3.688365215063095,2.3066997e-07,0.0,-0.017757773399353027,-0.00011996310190278691
178600,-0.0003669267753139138,3.077585752180312e-05,-3.688400012254715,2.3663044e-07,0.0,0.0541190505027771,-0.00013266342944220355
178800,-0.00043944179196842015,2.6214325998807908e-05,-3.68834810256958,3.105402e-07,0.0,0.14847415685653687,-0.00013087406813911963
179000,-0.0006126536172814667,1.632571547816042e-05,-3.6883494377136232,4.0411948e-07,0.0,0.2405604124069214,-0.00018959635579915424
179200,-0.0002636263961903751,1.541060253202886e-05,-3.688440889120102,1.7017126e-07,0.0,-0.10934174060821533,-0.0001259729481366101
179400,-0.0005689645768143237,3.321806652820669e-05,-3.6883448660373688,4.4643878e-07,0.0,-0.160483717918396,-0.0002196002967966626
179600,-0.0005063923890702426,2.480353525697865e-05,-3.6883716762065886,3.910065e-07,0.0,0.005151689052581787,-0.00019152165843805413
179800,-0.00030781442183069885,1.0729392522534909e-05,-3.688463121652603,1.758337e-07,0.0,-0.12155282497406006,-0.00011967971920960885
180000,-0.000470357685117051,2.1745597655353778e-05,-3.688314473628998,5.871058e-07,0.0,-0.02522885799407959,-0.00023758786719030311
180200,-0.00027811460313387215,1.8017064758169e-05,-3.6883664429187775,3.5941602e-07,0.0,-0.026057958602905273,-0.00016193803516579842
180400,-0.00033879323746077716,1.971036067516252e-05,-3.6884525060653686,2.795458e-07,0.0,0.1497088074684143,-0.00015508754639306232
180600,-0.0001525756815681234,6.911274749654694e-05,-3.6883197665214538,1.7851592e-07,0.0,0.015184879302978516,-0.0001011391953256613
180800,-0.0007993719773367047,2.2833257344245794e-05,-3.6883106529712677,1.2093783e-06,0.0,0.061211585998535156,-0.00035805216348567815
181000,-0.000413755071349442,1.1239054447287345e-05,-3.6883460342884065,3.361702e-07,0.0,0.08487457036972046,-0.00015115925477422466
181200,-0.0002713238645810634,1.8395645224700274e-05,-3.6884349286556244,2.834201e-07,0.0,-0.13315296173095703,-0.0001414319419572152
181400,-0.0004021930508315563,9.137355368693533e-06,-3.6884595572948458,2.0325183e-07,0.0,0.17793232202529907,-0.00012124703760676425
181600,-0.00024927809135988355,1.2255972342245513e-05,-3.6884154856204985,2.4199485e-07,0.0,-0.1872462034225464,-0.00014362905211589004
181800,-0.0004500517388805747,1.231732783253392e-05,-3.6883450210094453,4.991889e-07,0.0,0.11355435848236084,-0.00020896850524989574
182000,-0.0005203158943913877,4.027560780741624e-05,-3.688366252183914,3.6925076e-07,0.0,0.008881449699401855,-0.0002093876167837072
182200,-0.0003324119024910033,1.2777875076608325e-05,-3.6882834494113923,5.340576e-07,0.0,0.14701390266418457,-0.00018973828206207964
182400,-0.00023703362967353314,2.0446056896616938e-05,-3.688353967666626,2.9921532e-07,0.0,0.09057927131652832,-0.0001321810932718215
182600,-0.0003967493830714375,1.0513584538784925e-05,-3.6883976221084596,2.3365021e-07,0.0,0.10265529155731201,-0.00015434702563537072
182800,-0.0003043108736164868,4.268851266715501e-05,-3.6883782386779784,2.798438e-07,0.0,0.015055239200592041,-0.00016192089136133348
183000,-0.00043433779501356184,1.7018590415318614e-05,-3.6883313059806824,4.4643878e-07,0.0,0.13291263580322266,-0.00020512949090860654
183200,-0.00042404630221426487,2.4857230391717168e-05,-3.688399523496628,1.9431113e-07,0.0,0.09946256875991821,-0.00011273180635274216
183400,-0.00033546434133313596,1.766349148510926e-05,-3.6882438898086547,3.3289194e-07,0.0,0.16649413108825684,-0.0001512136457624713
183600,-0.00035112336627207696,2.684103928913828e-05,-3.688448876142502,2.3037194e-07,0.0,0.11536288261413574,-0.00013690049289578622
183800,-0.0002849274897016585,1.917993722599931e-05,-3.6883792698383333,2.7447942e-07,0.0,0.06538385152816772,-0.0001605722893739392
184000,-0.0003348577592987567,3.090688524025609e-05,-3.688343584537506,3.2275915e-07,0.0,0.11244320869445801,-0.00017191481626464
184200,-0.0002981088764499873,1.7101599678426282e-05,-3.68836225271225,2.4408104e-07,0.0,0.14866584539413452,-0.00013782393937583626
184400,-0.00018473219824954867,4.529100679064868e-05,-3.6883222818374635,3.0189753e-07,0.0,0.029111385345458984,-0.00014044203143548373
184600,-0.0005901650292798877,2.3562141177535522e-05,-3.6883249044418336,5.1647424e-07,0.0,0.045430660247802734,-0.0001954850032225508
184800,-0.0002556570980232209,4.231505190546159e-05,-3.688389891386032,2.2530557e-07,0.0,0.07615679502487183,-0.00012504726693123301
185000,-0.00047620831173844635,2.4089623047984786e-05,-3.688241738080978,3.6776066e-07,0.0,-0.13050472736358643,-0.0001627898208967693
185200,-0.0004323130997363478,2.952398399429512e-05,-3.6882871270179747,5.3167344e-07,0.0,0.09639859199523926,-0.00021110737202634233
185400,-0.0005984946037642658,1.782061156063719e-05,-3.6882814347743986,4.8935414e-07,0.0,0.21600157022476196,-0.00022724142684502625
185600,-0.000219423120142892,1.1918488291939866e-05,-3.6882996380329134,4.145503e-07,0.0,-0.32828736305236816,-0.00015576780990680383
185800,-0.00026890597655437887,2.608062700346636e-05,-3.688294792175293,4.482269e-07,0.0,0.04493057727813721,-0.0002259925204809887
186000,-0.00048635213170200586,1.8591100547382668e-05,-3.688296729326248,3.3527613e-07,0.0,-0.016123652458190918,-0.00014236044976672634
186200,-0.0002507894823793322,1.9661686178551462e-05,-3.6883319139480593,2.744794e-07,0.0,0.09565889835357666,-0.00012974248794830334
186400,-0.000478117901366204,1.1632986820586666e-05,-3.688209080696106,5.891919e-07,0.0,-0.13154780864715576,-0.00023413512684502535
186600,-0.0004960074438713491,9.067180360489147e-06,-3.6882864773273467,2.7358533e-07,0.0,0.10960328578948975,-0.00012485282884598935
186800,-0.0004727404739242047,2.5665183102319133e-05,-3.6882869064807893,4.1663645e-07,0.0,0.10135602951049805,-0.00019861684689885805
187000,-0.0004481708456296474,2.9097735114191893e-05,-3.688200205564499,3.3974646e-07,0.0,0.04227280616760254,-0.00014739240722758674
187200,-0.00019868290110025555,2.2152460496727143e-05,-3.6882825791835785,2.4318695e-07,0.0,0.11129122972488403,-0.0001286796031926052
187400,-0.0002705240622162819,4.9355036890119666e-05,-3.688301795721054,2.4169685e-07,0.0,0.05836045742034912,-0.00012719295846039814
187600,-0.0004965484258718789,2.273694954055827e-05,-3.6883033394813536,2.9087067e-07,0.0,-0.1566692590713501,-0.00015893615741440214
187800,-0.00022570061264559627,1.4196549659573066e-05,-3.6883412539958953,3.1292439e-07,0.0,0.08066248893737793,-0.00014760318315394373
188000,-0.00040562544018030167,2.533001670599333e-05,-3.6882769405841827,5.254149e-07,0.0,-0.00022411346435546875,-0.0001977929179897586
188200,-0.00029950065072625875,1.27072115901683e-05,-3.6883155941963195,4.9203635e-07,0.0,0.08352017402648926,-0.00020999786310937907
188400,-0.00019950620480813086,1.5358333052972738e-05,-3.6882446229457857,2.2411348e-07,0.0,0.14214342832565308,-0.0001099298292151385
188600,-0.000356545700924471,1.7570009663359088e-05,-3.688292360305786,2.8669834e-07,0.0,0.0610010027885437,-0.0001531549301651225
188800,-0.0006509327795356512,1.445078266897326e-05,-3.6882529318332673,5.3852796e-07,0.0,-0.11536633968353271,-0.00023277443641038785
189000,-0.0006303828558884561,1.620852428914077e-05,-3.6881820023059846,6.03497e-07,0.0,0.14260917901992798,-0.00023263770460788536
189200,-0.00044457754120230675,2.748685969891085e-05,-3.688308823108673,2.8699637e-07,0.0,0.054326772689819336,-0.00015564082477477205
189400,-0.0002768942795228213,1.3894692813209986e-05,-3.6883216559886933,2.9712913e-07,0.0,0.04204791784286499,-0.0001725956804047968
189600,-0.00030650568078272045,2.2367239375853386e-05,-3.6884500205516817,2.8401615e-07,0.0,0.15095752477645874,-0.0001594168724079914
189800,-0.00047801691107451916,2.0488724294409623e-05,-3.688290071487427,3.5047532e-07,0.0,-0.04186594486236572,-0.0001568067903654491
190000,-0.000429130217526108,2.9824813464074395e-05,-3.6882816195487975,4.914403e-07,0.0,-0.04409325122833252,-0.00023127168994687696
190200,-0.0002464167191646993,3.3106490081991066e-05,-3.6883681416511536,2.5928023e-07,0.0,0.06110042333602905,-0.00014036362537650504
190400,-0.00034489165409468114,2.1783382021567376e-05,-3.6882565140724184,3.4749507e-07,0.0,0.14416861534118652,-0.0001556485589762735
190600,-0.000458317284937948,2.8871252015960636e-05,-3.688388353586197,2.43783e-07,0.0,0.19111484289169312,-0.00013081931227486575
190800,-0.0002682237245608121,4.898213001069962e-05,-3.6882408916950227,3.5047532e-07,0.0,-0.11337733268737793,-0.00015400846260718026
191000,-0.0003023382159881294,4.994295159121975e-05,-3.6882777094841,2.5451183e-07,0.0,-0.07971370220184326,-0.00012803158879206577
191200,-0.0003402063448447734,2.2683016777591546e-05,-3.6883888840675354,2.9176474e-07,0.0,0.2312886118888855,-0.00014635320677824915
191400,-0.0003730374446604401,2.3211809366330272e-05,-3.6883492827415467,2.4199485e-07,0.0,0.03630417585372925,-0.0001556187269181386
191600,-0.00016291311476379633,2.482127551957092e-05,-3.68837965130806,2.0176172e-07,0.0,-0.018639802932739258,-0.00011542315868098285
191800,-0.0003054486296605319,1.8747605463431682e-05,-3.688376861810684,3.170967e-07,0.0,0.05633014440536499,-0.00017095494374164133
192000,-0.00021965894848108292,4.614799922819657e-05,-3.688371056318283,1.8388033e-07,0.0,-0.030468344688415527,-0.00010420011758665027
192200,-0.0003647797857411206,1.4633858836532453e-05,-3.688361221551895,2.9832125e-07,0.0,-0.20244574546813965,-0.00017608291716744162
192400,-0.000501184375025332,1.3343595162496058e-05,-3.68821125626564,5.4210426e-07,0.0,-0.016856670379638672,-0.00023893394984999538
192600,-0.0002628851216286421,1.8688044406189874e-05,-3.688291150331497,5.581975e-07,0.0,0.04890012741088867,-0.00023653110706789438
192800,-0.0005017578369006515,1.8827055919246048e-05,-3.688354641199112,2.2262334e-07,0.0,0.031819164752960205,-0.00013787868598318375
193000,-0.00019430065003689378,2.651528297974437e-05,-3.6883866250514985,2.2202731e-07,0.0,0.13424301147460938,-0.00013149073018210445
193200,-0.00028876608121208847,2.007864977713325e-05,-3.6883421719074247,1.9729139e-07,0.0,0.14193856716156006,-0.00013542772860011265
193400,-0.00035511763417162,1.4581796540369396e-05,-3.6881859838962554,2.899766e-07,0.0,-0.08480954170227051,-0.00016548007782364317
193600,-0.0004726068291347474,3.574000629669172e-05,-3.6882540941238404,3.3706428e-07,0.0,0.11969858407974243,-0.00016473679343458335
193800,-0.0002022206608671695,3.298546637324762e-05,-3.6883659422397614,1.3768673e-07,0.0,0.006178915500640869,-8.904999447418848e-05
194000,-0.00034178077476099133,4.4306776817393254e-05,-3.6882532238960266,2.9236077e-07,0.0,0.052736878395080566,-0.00015318284815490912
194200,-0.00035036224289797246,2.1116622383487994e-05,-3.6882780849933625,3.3557413e-07,0.0,0.09115225076675415,-0.000159303114587539
194400,-9.494777623331174e-05,6.595074100914644e-05,-3.688354516029358,1.8388033e-07,0.0,0.037392497062683105,-0.00010110551110029676
194600,-0.00026165397139266133,7.128889847081154e-05,-3.6882965922355653,1.9073487e-07,0.0,0.03190922737121582,-9.495025872814366e-05
194800,-0.00031470373505726457,1.7006589791890293e-05,-3.6882960855960847,2.923608e-07,0.0,0.1978551745414734,-0.00016676756741139663
195000,-0.0004827100201509893,1.6744419190217742e-05,-3.68821639418602,4.428625e-07,0.0,-0.11635160446166992,-0.00019265565999457835
195200,-0.0003316239162813872,2.895490333685302e-05,-3.6882722079753876,3.8683413e-07,0.0,0.006914377212524414,-0.00018258435885634138
195400,-0.00024910634965635836,3.934447618121339e-05,-3.6882244348526,4.330277e-07,0.0,0.06835520267486572,-0.0001749233501809222
195600,-0.0003769395116250962,2.0203763847348454e-05,-3.6883646607398988,2.220273e-07,0.0,0.05073225498199463,-0.0001233940737320749
195800,-0.0005023948033340275,2.9545440293077262e-05,-3.6882273316383363,5.51641e-07,0.0,0.013606607913970947,-0.00025227585597655813
196000,-0.00016982438683044165,2.0819143560402154e-05,-3.688176268339157,4.1931867e-07,0.0,-0.035016655921936035,-0.00016185410779079312
196200,-0.00027125916676595807,1.8259271905662898e-05,-3.6883387923240663,1.9788743e-07,0.0,-0.02870488166809082,-0.00012470853550530236
196400,-0.0007007729145698249,7.4954937872462326e-06,-3.6882450938224793,3.543496e-07,0.0,0.09423995018005371,-0.00017529185140139348
196600,-0.0005551706999540329,8.93485142796635e-06,-3.6881525039672853,6.628037e-07,0.0,0.02285867929458618,-0.0002149548234901655
196800,-0.00031162184313870966,1.571916836837772e-05,-3.6883461236953736,2.4437904e-07,0.0,0.019001543521881104,-0.00011700182769323054
197000,-0.00033451069612056017,4.191488419564848e-05,-3.6883492827415467,2.1994114e-07,0.0,0.04598945379257202,-0.00014128458561731282
197200,-0.00046795685193501413,1.2744615185056319e-05,-3.6882224082946777,4.0262938e-07,0.0,-0.062459588050842285,-0.00019392828712614386
197400,-0.00028423898038454354,1.564952287935739e-05,-3.688340723514557,2.1636485e-07,0.0,0.18143922090530396,-0.00012003868823058372
197600,-0.0003397503460291773,2.083619165205164e-05,-3.688207560777664,3.913045e-07,0.0,-0.13027715682983398,-0.00017775823897046017
197800,-0.00028965334058739245,1.762073666213837e-05,-3.6882610976696015,3.4034252e-07,0.0,0.1636255383491516,-0.00015395688962662745
198000,-0.0004036732134409249,1.5849316923777224e-05,-3.688283795118332,3.46303e-07,0.0,0.26647162437438965,-0.00015956520292070842
198200,-0.000507146178279072,3.4000250161625444e-05,-3.68821382522583,3.966689e-07,0.0,0.1101718544960022,-0.00016117992895624543
198400,-0.0005772252334281802,2.5281185526182525e-05,-3.6882657587528227,3.59416e-07,0.0,0.1160385012626648,-0.0001731871517877126
198600,-0.00046767154708504677,5.762406417488819e-05,-3.688200306892395,4.3362377e-07,0.0,0.032252728939056396,-0.0002013804169116451
198800,-0.0002899877727031708,1.9199471375941356e-05,-3.688366115093231,1.8715859e-07,0.0,-0.08731448650360107,-0.00011647485861887574
199000,-0.0003808684996329248,4.625006222340744e-05,-3.6882791817188263,2.5689602e-07,0.0,0.005737006664276123,-0.0001282434673026467
199200,-0.0006320017273537815,1.678887215348368e-05,-3.688145798444748,6.0290097e-07,0.0,0.06406843662261963,-0.00022755065729826996
199400,-0.00048364856047555804,2.551254706304462e-05,-3.688312882184982,3.8802625e-07,0.0,0.11756837368011475,-0.00017745222212415258
199600,-0.00041281149606220424,1.1224040213164698e-05,-3.6882208585739136,4.2915343e-07,0.0,0.2382083535194397,-0.00017005290093886628
199800,-0.00029759775497950613,2.134422932158486e-05,-3.6883608996868134,2.3275612e-07,0.0,-0.21762561798095703,-0.00014853079539989267
200000,-0.00012958234583493322,4.05425490498601e-05,-3.6882763743400573,1.5109777e-07,0.0,0.14425575733184814,-0.00010177914854767601
