timestep,loss,value_loss,entropy_loss,approx_kl,clip_fraction,explained_variance,policy_gradient_loss
200,,,,,,,
400,0.033200472593307495,0.07296837391331792,-3.688873553276062,2.5451183e-07,0.0,-4.368967533111572,-0.0001600714473601883
600,0.032997503876686096,0.06020940020680428,-3.688871073722839,3.7789343e-07,0.0,-6.152256488800049,-0.00020477512483644267
800,0.025200465694069862,0.05611983742564917,-3.688868969678879,6.3568353e-07,0.0,-5.190753936767578,-0.0003067014538096657
1000,0.023121852427721024,0.046044610906392336,-3.6888679921627046,6.455183e-07,0.0,-5.319953441619873,-0.0002847730233154433
1200,0.014932778663933277,0.03515596534125507,-3.688868063688278,7.0005655e-07,0.0,-1.9545629024505615,-0.0002990375590968597
1400,0.014060231857001781,0.034067836496979,-3.6888669431209564,6.9499015e-07,0.0,-4.356996059417725,-0.00025650906670544594
1600,0.012904146686196327,0.028946494590491055,-3.6888653934001923,6.556511e-07,0.0,-3.738354206085205,-0.0002779821313833919
1800,0.01111515611410141,0.024211789853870867,-3.688865214586258,6.142259e-07,0.0,-5.486225605010986,-0.00026789963223410317
2000,0.0074070352129638195,0.020977445505559446,-3.6888642966747285,4.917383e-07,0.0,-5.074367046356201,-0.00020092096966652928
2200,0.006720272358506918,0.017012663069181144,-3.6888630092144012,6.625056e-07,0.0,-3.020028591156006,-0.00028722800272453777
2400,0.004587322007864714,0.013407160737551748,-3.6888625979423524,6.580352e-07,0.0,-5.3849992752075195,-0.00024409283692161665
2600,0.003532500471919775,0.010397343197837472,-3.6888610303401945,5.5462124e-07,0.0,-5.890465259552002,-0.00022272388721900072
2800,0.003589822445064783,0.008771133353002369,-3.6888586282730103,4.2915346e-07,0.0,-2.5504510402679443,-0.000176951058685626
3000,0.002577444538474083,0.007359794899821281,-3.688857525587082,8.174777e-07,0.0,-4.094443321228027,-0.0003077058775690977
3200,0.0015049248468130827,0.0049188202014192935,-3.6888569414615633,7.0512294e-07,0.0,-1.9991858005523682,-0.000291655549212011
3400,0.001152608310803771,0.003988036018563434,-3.6888561129570006,5.492568e-07,0.0,-3.8421812057495117,-0.00024056251356250336
3600,0.0012631855206564069,0.003685274161398411,-3.688853305578232,5.51939e-07,0.0,-5.460619926452637,-0.00020667805590619538
3800,0.0002863474073819816,0.0024546855711378157,-3.6888530552387238,7.2211026e-07,0.0,-8.18691635131836,-0.00032826948210367134
4000,0.0004087691195309162,0.001724950803327374,-3.688850909471512,5.194545e-07,0.0,-4.492270469665527,-0.00023044021379701186
4200,5.2960822358727455e-05,0.0013810954580549151,-3.6888493955135346,5.805492e-07,0.0,-9.700338363647461,-0.00027950292668434964
4400,-0.000185319222509861,0.0008982574232504703,-3.6888491451740264,4.2945146e-07,0.0,-4.4974775314331055,-0.00021644182404587654
4600,-4.817398439627141e-05,0.0006234568478248548,-3.688847744464874,3.9756299e-07,0.0,-2.378908395767212,-0.00019210660389932244
4800,-0.000367803149856627,0.0005163369751244318,-3.6888482928276063,5.9336423e-07,0.0,-3.1838607788085938,-0.0002308207754760705
5000,-0.00032509173615835607,0.0004227426186844241,-3.6888470590114593,7.05421e-07,0.0,-13.862460136413574,-0.00027157722461588205
5200,-0.0004751769301947206,0.00024868060354492626,-3.688846617937088,4.4494868e-07,0.0,-2.356574773788452,-0.00020010980943112598
5400,-0.0003659637877717614,0.00016437320482509676,-3.688848227262497,3.9428474e-07,0.0,-2.5082356929779053,-0.000175347181117802
5600,-0.0005362911615520716,0.00014874226799292954,-3.6888480603694918,4.87566e-07,0.0,-2.1774845123291016,-0.00021711597619045175
5800,-0.0005394671461544931,0.0001237678619872895,-3.688846969604492,8.8363885e-07,0.0,-1.7609436511993408,-0.0003079421829113471
6000,-0.000431805761763826,0.0001324214921623934,-3.6888449609279634,4.4584274e-07,0.0,-1.4556844234466553,-0.0002092405080450277
6200,-0.0007222248241305351,4.551274059849675e-05,-3.6888464033603667,4.991889e-07,0.0,-2.9632728099823,-0.0002221660316597429
6400,-0.0003073792904615402,8.927762683015316e-05,-3.688846546411514,3.0189753e-07,0.0,-1.99857759475708,-0.00015487733431669427
6600,-0.0004711067012976855,5.142898780832184e-05,-3.6888450562953947,5.5849546e-07,0.0,-0.5885668992996216,-0.00023815643065909774
6800,-0.0004464703961275518,4.09130454499973e-05,-3.688845294713974,4.6879052e-07,0.0,-1.1108100414276123,-0.00021625375642042588
7000,-0.00048780767247080803,4.869818694714922e-05,-3.688843536376953,6.8724154e-07,0.0,-0.748026967048645,-0.0002890593711542877
7200,-0.0004057761107105762,7.277203585545066e-05,-3.6888389229774474,5.0127505e-07,0.0,-1.5221433639526367,-0.00020435309296154002
7400,-0.00045071233762428164,5.5255473307624924e-05,-3.6888402462005616,3.2901764e-07,0.0,-2.132120370864868,-0.00013248394391928152
7600,-0.0005595220718532801,4.023589408461703e-05,-3.6888388872146605,4.431605e-07,0.0,-1.7757072448730469,-0.00019206694371178834
7800,-0.0005764247034676373,4.388192514852563e-05,-3.68883940577507,5.3852796e-07,0.0,-0.3077141046524048,-0.00021730800126942284
8000,-0.0009106533252634108,4.364166761661181e-05,-3.688839131593704,6.5028667e-07,0.0,-1.1974174976348877,-0.0002860327404960117
8200,-0.0003355490043759346,4.5569753547169965e-05,-3.688838559389114,4.953146e-07,0.0,-0.589727520942688,-0.0002342615863253794
8400,-0.0002283561188960448,4.148252510276507e-05,-3.6888367176055907,3.4719704e-07,0.0,-2.1743838787078857,-0.0001597476451023594
8600,-0.0006050055962987244,4.086762064616778e-05,-3.6888372719287874,6.186962e-07,0.0,-1.032543420791626,-0.00023605742916883444
8800,-0.00035416590981185436,5.535745394809055e-05,-3.688834345340729,5.1379203e-07,0.0,-0.7732336521148682,-0.0002211824339296453
9000,-0.00039757564081810415,4.839602252104669e-05,-3.6888333678245546,4.2587519e-07,0.0,-0.8457434177398682,-0.00018353855703299172
9200,-0.00021329063747543842,4.4322341955194135e-05,-3.688834661245346,4.5597554e-07,0.0,-1.0089001655578613,-0.00017203471117928083
9400,-0.00045724192750640213,3.9809002373658586e-05,-3.688831162452698,3.4481286e-07,0.0,-0.5784381628036499,-0.00013630534743060973
9600,-0.0002413259062450379,4.020890874016914e-05,-3.6888328015804293,3.144145e-07,0.0,-1.0588080883026123,-0.00014805565872393344
9800,-0.00045022115227766335,7.896371880633524e-05,-3.688829982280731,3.5971402e-07,0.0,-0.8085894584655762,-0.0002085458477561808
10000,-0.0004668700275942683,7.836181948732701e-05,-3.6888284265995024,5.2571295e-07,0.0,-0.5958236455917358,-0.00023245873557038444
10200,-0.000372180191334337,6.260667901187844e-05,-3.688827133178711,6.395578e-07,0.0,-0.5696181058883667,-0.0002546145902611041
10400,-0.00028248297167010605,2.9171357186896785e-05,-3.68883073925972,4.3064355e-07,0.0,-1.061692714691162,-0.00018371478275049923
10600,-0.00040626266854815185,4.3384374248489624e-05,-3.6888264238834383,4.509091e-07,0.0,-0.9987400770187378,-0.00020112620191299336
10800,-0.00037151595461182296,6.234070906430134e-05,-3.6888292014598845,4.413724e-07,0.0,-0.6267669200897217,-0.00021118091812057926
11000,-0.0006082914769649506,5.7968065630120694e-05,-3.6888243675231935,6.574393e-07,0.0,-0.3587648868560791,-0.0002518739106416312
11200,-0.00044363996130414307,3.340310445310024e-05,-3.688828194141388,4.8547986e-07,0.0,-0.791067361831665,-0.00021385193094578537
11400,-0.0005409711156971753,2.406599205642124e-05,-3.688825082778931,4.914403e-07,0.0,-0.8942606449127197,-0.00020131979706525805
11600,-0.00046451474190689623,6.525641210828326e-05,-3.6888249218463898,3.749132e-07,0.0,-0.4014800786972046,-0.00017720624162724795
11800,-0.0005645567434839904,3.789208776652231e-05,-3.6888223946094514,5.1140785e-07,0.0,-0.8477705717086792,-0.0001993719030037866
12000,-0.0004546715645119548,6.727744312229333e-05,-3.6888224124908446,4.5031308e-07,0.0,-0.3540886640548706,-0.0002030488778102635
12200,-0.0003008970816154033,2.6404384198031038e-05,-3.6888211488723757,3.570318e-07,0.0,-0.4290752410888672,-0.00017153167034786865
12400,-0.0005948083125986159,3.457030866229616e-05,-3.688820111751556,5.26309e-07,0.0,-0.6649547815322876,-0.00017856713446109395
12600,-0.0004706323961727321,2.52220273068815e-05,-3.6888181567192078,4.3988229e-07,0.0,-0.6219027042388916,-0.0001873664401365438
12800,-0.00022065539087634534,5.281685798763647e-05,-3.688811844587326,5.2571295e-07,0.0,-0.19747531414031982,-0.0002221575146374999
13000,-0.0006499252049252391,2.1535699352170924e-05,-3.6888099014759064,5.7041643e-07,0.0,-0.3776404857635498,-0.0002464869018958815
13200,-0.0004952098242938519,2.4956844117696165e-05,-3.6888134241104127,4.1484833e-07,0.0,-0.6277273893356323,-0.00017341622593676221
13400,-0.0004495116590987891,1.60341776563655e-05,-3.6888145089149473,4.3451786e-07,0.0,-0.4188563823699951,-0.0002030186514927035
13600,-0.00035065310657955706,5.014118032704573e-05,-3.688811808824539,3.236532e-07,0.0,-0.37382376194000244,-0.00014634195054741284
13800,-0.0005681808688677847,2.0499035554166766e-05,-3.6888074696063997,5.5909163e-07,0.0,-0.2011486291885376,-0.000263175607819055
14000,-0.000432846398325637,3.305098716737121e-05,-3.6888104021549224,5.760789e-07,0.0,-0.5234395265579224,-0.00024288066173039358
14200,-0.0005241375765763223,2.783245881801122e-05,-3.6888084411621094,4.6163797e-07,0.0,-0.4612138271331787,-0.00020533107131996963
14400,-0.00033508919295854867,3.924303709936794e-05,-3.688810396194458,3.746152e-07,0.0,-0.3427615165710449,-0.0001852071279923706
14600,-0.0007420976180583239,2.0099392077099765e-05,-3.6888111233711243,6.151199e-07,0.0,-0.19208812713623047,-0.0002551940600078684
14800,-0.0005018871743232012,2.9689753773709526e-05,-3.68880609869957,4.4018032e-07,0.0,-0.4343310594558716,-0.00018943479546684738
15000,-0.0005575265386141837,2.3241426652020893e-05,-3.6888006687164308,6.255508e-07,0.0,-0.2106262445449829,-0.0002388891868658982
15200,-0.0004662988940253854,3.6110086966800736e-05,-3.688806712627411,4.3690204e-07,0.0,-0.4216930866241455,-0.00020341069265321642
15400,-0.0007582949474453926,2.781059574772371e-05,-3.688803654909134,4.8935414e-07,0.0,-0.17112183570861816,-0.00023234915038619074
15600,-0.0005010818131268024,3.2678119350748605e-05,-3.6888070583343504,5.871058e-07,0.0,-0.20777475833892822,-0.0002546387175127229
15800,-0.0006691929884254932,4.04776928917272e-05,-3.688806825876236,5.5789945e-07,0.0,-0.27490413188934326,-0.0002347227934101248
16000,-0.00044312223326414824,3.111886444457923e-05,-3.6887999951839445,4.285574e-07,0.0,-0.22316396236419678,-0.0002159363942979553
16200,-0.0003222006489522755,5.5156772941700186e-05,-3.688805139064789,4.088879e-07,0.0,-0.13056516647338867,-0.0001983203905922437
16400,-0.0006358566461130977,2.0206023987157095e-05,-3.688802349567413,5.4866075e-07,0.0,-0.279529333114624,-0.00024911843409753943
16600,-0.0003525596112012863,3.223898620490218e-05,-3.6888047099113463,4.4822693e-07,0.0,-0.1362086534500122,-0.0002049785846137464
16800,-0.00040210707811638713,5.089375699753873e-05,-3.6888027608394625,3.8087367e-07,0.0,-0.21848773956298828,-0.0001713406590944988
17000,-0.000323907210258767,5.8070450450031785e-05,-3.688799947500229,5.7756904e-07,0.0,-0.10098803043365479,-0.00023819005450422814
17200,-0.00045800808584317565,3.8265838657025594e-05,-3.6888013184070587,3.7640334e-07,0.0,-0.2363208532333374,-0.00017866323149768882
17400,-0.0006080156890675426,3.141638012493786e-05,-3.688797152042389,6.29425e-07,0.0,-0.045424818992614746,-0.00024670009330285403
17600,-0.0006447959458455443,4.4046526090824047e-05,-3.6888022243976595,5.581975e-07,0.0,-0.1436905860900879,-0.00022610936475155884
17800,-0.000447657861514017,2.0442516893126593e-05,-3.6888065576553344,4.74751e-07,0.0,-0.09441900253295898,-0.00021792001927269932
18000,-0.00028329124324955046,3.567680819287489e-05,-3.688803231716156,3.358722e-07,0.0,-0.1841334104537964,-0.0001595570685377856
18200,-0.0007878337637521327,1.1132532517876825e-05,-3.688802295923233,4.9948693e-07,0.0,0.006624042987823486,-0.0002281552687068089
18400,-0.0005240279133431613,2.815113671204017e-05,-3.6888013601303102,4.899502e-07,0.0,-0.11867952346801758,-0.00022795395412085196
18600,-0.00043606574763543904,3.435113876548712e-05,-3.688799339532852,3.2007694e-07,0.0,-0.12771964073181152,-0.00015367403689765525
18800,-0.0005273391725495458,2.3625261655979556e-05,-3.6887978613376617,4.199147e-07,0.0,-0.11548793315887451,-0.0001920194196143865
19000,-0.0006467400817200541,1.2024786269648757e-05,-3.688794869184494,5.409122e-07,0.0,-0.14827430248260498,-0.0002350803528365475
19200,-0.0005871107568964362,2.7821170351671754e-05,-3.688797676563263,5.4985287e-07,0.0,-0.0443648099899292,-0.00021410215954755784
19400,-0.00036886188900098205,1.9020055037799467e-05,-3.6887972235679625,5.489588e-07,0.0,0.014784276485443115,-0.0002242781508423164
19600,-0.0005352748557925224,1.1701790106144471e-05,-3.688795828819275,4.49121e-07,0.0,0.036527037620544434,-0.0002318136094743295
19800,-0.0005626491038128734,1.188603800983401e-05,-3.6887987673282625,4.923344e-07,0.0,0.059129416942596436,-0.00022528810844051338
20000,-0.0004685550229623914,3.9790313485355e-05,-3.6887980103492737,4.848838e-07,0.0,0.04701590538024902,-0.00019877964100782907
20200,-0.0008579338318668306,1.6109944681375055e-05,-3.688801032304764,7.644296e-07,0.0,-0.4010777473449707,-0.0002792122065772507
20400,-0.000692586472723633,1.8868727102017148e-05,-3.6888005554676058,6.8336726e-07,0.0,-0.1205223798751831,-0.0002642746553171982
20600,-0.000496175023727119,1.4490388093690853e-05,-3.6888017058372498,4.205108e-07,0.0,0.007499337196350098,-0.00018799407699314762
20800,-0.0003564361250028014,1.7396373641531683e-05,-3.6888027429580688,4.965067e-07,0.0,-0.059876322746276855,-0.0002091426843112476
21000,-0.0002649604866746813,7.24118322978029e-05,-3.688803035020828,3.361702e-07,0.0,0.00039756298065185547,-0.00017322002241151324
21200,-0.0005807317793369293,2.18426507899494e-05,-3.6888025641441344,4.6730042e-07,0.0,-0.06992065906524658,-0.0002114006884427866
21400,-0.00044455984607338905,1.100813950642987e-05,-3.6888000071048737,4.3302774e-07,0.0,0.07061934471130371,-0.0001912315267825093
21600,-0.0005115078529343009,1.32234352577143e-05,-3.6887996912002565,5.272031e-07,0.0,0.08078610897064209,-0.0002318564626408448
21800,-0.00034898429294116795,2.8983829133721882e-05,-3.6887981712818148,5.1498415e-07,0.0,0.055766284465789795,-0.00020939046271495343
22000,-0.0004542273236438632,3.918396910194133e-05,-3.688796031475067,5.489588e-07,0.0,0.01685631275177002,-0.00025674695515062187
22200,-0.00044029223499819636,1.715217979381123e-05,-3.688794821500778,5.0485136e-07,0.0,-0.0019364356994628906,-0.00019263998438576735
22400,-0.0003874750400427729,1.8463899164089525e-05,-3.6887963712215424,4.1365624e-07,0.0,0.12168926000595093,-0.00018546569702038163
22600,-0.0006708338623866439,2.7405242099121098e-05,-3.6887960016727446,3.8862228e-07,0.0,-0.05657780170440674,-0.00019862213229089322
22800,-0.0005092733190394938,1.3557126862906443e-05,-3.6887939035892487,5.2928925e-07,0.0,0.11435174942016602,-0.0002291555669058365
23000,-0.0004403027123771608,1.9823399588858594e-05,-3.6887967348098756,4.3869017e-07,0.0,0.025342583656311035,-0.0002061899863806449
23200,-0.0003536342701409012,2.2125843929643452e-05,-3.688795876502991,4.7415494e-07,0.0,0.08807152509689331,-0.00021824044207010562
23400,-0.00048326037358492613,3.7468015807462504e-05,-3.688793921470642,3.3557416e-07,0.0,-0.007986903190612793,-0.00017237800262144277
23600,-0.0004240310227032751,3.381155224815302e-05,-3.6887947738170626,4.3153761e-07,0.0,0.048919856548309326,-0.00018627512431761416
23800,-0.0002932534262072295,1.4844747261122393e-05,-3.6887946665287017,3.8892028e-07,0.0,-0.0694969892501831,-0.0001707041113336305
24000,-0.0007173119229264557,1.6602385585429147e-05,-3.6887953758239744,5.084276e-07,0.0,-0.24183762073516846,-0.0002609782734918964
24200,-0.00045059516560286283,1.5718316967650024e-05,-3.688792848587036,3.7282706e-07,0.0,-0.05153048038482666,-0.00016306325766435315
24400,-0.0006135206203907728,3.519756510286243e-05,-3.688794434070587,6.079674e-07,0.0,0.03458219766616821,-0.0002595757389431075
24600,-0.0004124089318793267,1.5252871867232897e-05,-3.6887934923172,5.3852796e-07,0.0,-0.2823892831802368,-0.00023345557047524946
24800,-0.0005603056051768363,2.275257893415983e-05,-3.6887952983379364,5.00977e-07,0.0,0.010063767433166504,-0.00022431917594485374
25000,-0.0005523171275854111,1.740119764690462e-05,-3.6887932777404786,6.955862e-07,0.0,0.014852643013000488,-0.00027861824711123974
25200,-0.0005370739381760359,1.9564627518775523e-05,-3.6887933194637297,4.6640633e-07,0.0,-0.029375076293945312,-0.00021148626418198145
25400,-0.0005621477030217648,2.331469265755004e-05,-3.688792848587036,5.2332877e-07,0.0,-0.15928173065185547,-0.0002610102145299553
25600,-0.0005064528668299317,2.257271080452483e-05,-3.688791346549988,5.125999e-07,0.0,-0.1872868537902832,-0.0002223858078309604
25800,-0.000539524364285171,2.4111230686685303e-05,-3.6887934684753416,3.8921831e-07,0.0,0.06425034999847412,-0.00019228181956481015
26000,-0.0005509550683200359,1.930729818013788e-05,-3.6887910068035126,4.604459e-07,0.0,0.101223886013031,-0.00021957890715533778
26200,-0.0005466996226459742,1.7589759886504906e-05,-3.6887894809246062,7.107854e-07,0.0,-0.23807823657989502,-0.000263655834819021
26400,-0.0003823775623459369,3.209629408047476e-05,-3.688789486885071,3.4183262e-07,0.0,-0.012524127960205078,-0.00016002175999687562
26600,-0.0004578098014462739,1.0657557129434281e-05,-3.6887878358364103,5.146861e-07,0.0,-0.07636666297912598,-0.00024372112799539992
26800,-0.0007705182651989162,2.021384816544014e-05,-3.6887884199619294,5.4627657e-07,0.0,0.029258668422698975,-0.0002308199264677402
27000,-0.0003916776040568948,2.2090946140451705e-05,-3.688782036304474,3.004074e-07,0.0,-0.18367934226989746,-0.00013653432812579246
27200,-0.0005124072777107358,2.5920026200765278e-05,-3.688783723115921,3.6269427e-07,0.0,0.006737709045410156,-0.0001831633160217283
27400,-0.000552881567273289,1.6462382200188584e-05,-3.6887814581394194,4.2885543e-07,0.0,0.06718456745147705,-0.0002019378240484926
27600,-0.0003362222632858902,2.951989954453893e-05,-3.6887812972068788,4.2319297e-07,0.0,-0.11179351806640625,-0.00018841567574052754
27800,-0.0005313132423907518,1.8544762065175745e-05,-3.688779652118683,4.4703484e-07,0.0,-0.1396620273590088,-0.00019435271575094504
28000,-0.0005273177521303296,3.952560839479702e-05,-3.6887789368629456,4.6133994e-07,0.0,-0.0063964128494262695,-0.0002259638823267185
28200,-0.0004383942286949605,7.732109372682316e-06,-3.6887801766395567,6.2167646e-07,0.0,-0.02135777473449707,-0.0002515963019412926
28400,-0.00044258980778977275,4.00625916881836e-05,-3.68877968788147,5.057454e-07,0.0,-0.013576269149780273,-0.0002333824860477396
28600,-0.0005563574959523976,3.0990713139544826e-05,-3.6887736201286314,5.981326e-07,0.0,0.09925395250320435,-0.00025063847234740866
28800,-0.0005453293561004102,5.8660205741034585e-05,-3.688773250579834,4.4852493e-07,0.0,-0.13197755813598633,-0.00018990917431406794
29000,-0.00039557102718390524,4.8400685318483736e-05,-3.688771998882294,3.6746263e-07,0.0,0.041922032833099365,-0.00017445847480224153
29200,-0.0005330555723048747,2.013989042097819e-05,-3.6887708246707915,5.272031e-07,0.0,0.053352952003479004,-0.00022064451781416138
29400,-0.00043614619062282145,2.959793073387118e-05,-3.688768631219864,5.620718e-07,0.0,0.06531786918640137,-0.00024709770642892257
29600,-0.00046644231770187616,1.5204003807411936e-05,-3.688769406080246,4.87566e-07,0.0,-0.09750640392303467,-0.00022172697357808469
29800,-0.00034891560790129006,4.020862970719463e-05,-3.6887692749500274,4.0411948e-07,0.0,-0.11738443374633789,-0.00019604518846825237
30000,-0.0004324802721384913,1.781162266070169e-05,-3.6887698829174043,6.6429374e-07,0.0,0.1467997431755066,-0.00024864261518087183
30200,-0.0004959754878655076,2.1058725928924103e-05,-3.68876571059227,3.5077335e-07,0.0,-0.15544474124908447,-0.0001675728257239939
30400,-0.0007677295943722129,2.3525046572103747e-05,-3.688765376806259,5.8084726e-07,0.0,-0.2671523094177246,-0.0002501993761871324
30600,-0.0004811926046386361,2.166571127872885e-05,-3.6887607634067536,5.5700536e-07,0.0,0.03137326240539551,-0.0002329020222791911
30800,-0.0004805527860298753,3.320197492939769e-05,-3.688755565881729,4.172325e-07,0.0,-0.06325125694274902,-0.00018641701316211013
31000,-0.0005426351563073695,2.809734196489444e-05,-3.6887562036514283,5.364418e-07,0.0,0.0288848876953125,-0.00022766152072773994
31200,-0.0005945768789388239,1.4989325086389726e-05,-3.688757622241974,5.120039e-07,0.0,-0.3291654586791992,-0.00024691936432190696
31400,-0.0006217985646799207,2.522215741009859e-05,-3.6887560307979586,6.0796737e-07,0.0,0.0026602745056152344,-0.0002826938185110595
31600,-0.0007868848624639213,1.6509404395037565e-05,-3.6887521922588347,5.254149e-07,0.0,0.177202045917511,-0.00025590273685929257
31800,-0.0006277053034864366,1.5530445193689956e-05,-3.6887543916702272,4.10378e-07,0.0,-0.10832345485687256,-0.00020859247502733603
32000,-0.0006627941620536149,1.0408349078261381e-05,-3.6887520611286164,5.593896e-07,0.0,-0.20630216598510742,-0.00022286628067718083
32200,-0.0006805840530432761,3.413553604332264e-05,-3.6887519538402556,4.9978496e-07,0.0,-0.05605185031890869,-0.00019761912446074613
32400,-0.0005593325477093458,4.173104093752045e-05,-3.688752055168152,5.152822e-07,0.0,-0.04341471195220947,-0.00021272665135891878
32600,-0.0004067900008521974,2.4268337938337936e-05,-3.6887509703636168,3.951788e-07,0.0,0.0008957386016845703,-0.00018721541623654137
32800,-0.00037835969123989344,2.0255803519830806e-05,-3.6887432515621184,5.429983e-07,0.0,-0.06837570667266846,-0.0002506440126766929
33000,-0.0006262122187763453,2.9783322224830046e-05,-3.688748437166214,6.109476e-07,0.0,-0.1003803014755249,-0.0002749886299127979
33200,-0.0005933167994953692,3.415012979530729e-05,-3.6887447476387023,5.90384e-07,0.0,0.15164023637771606,-0.0002719221807815142
33400,-0.0007357442518696189,1.7465293717577877e-05,-3.6887400150299072,5.51939e-07,0.0,-0.16721630096435547,-0.00024545560870423697
33600,-0.0002637695288285613,2.9928854610261622e-05,-3.6887445986270904,4.1246415e-07,0.0,0.036679625511169434,-0.00020624280183619836
33800,-0.0004543281393125653,2.195670306264219e-05,-3.688743782043457,4.529953e-07,0.0,-0.07075142860412598,-0.00018466629107889433
34000,-0.0004076239129062742,1.8141178406949622e-05,-3.6887416362762453,4.75049e-07,0.0,-0.05288684368133545,-0.0002088819788163665
34200,-0.0006675371550954878,1.4344282726597158e-05,-3.6887429654598236,6.0528515e-07,0.0,-0.3320188522338867,-0.00027223206923576715
34400,-0.0003512436232995242,3.163726105412934e-05,-3.688744056224823,4.0352344e-07,0.0,0.040369629859924316,-0.00020657474097245386
34600,-0.0003383953880984336,3.0602124161305257e-05,-3.6887476980686187,4.1037796e-07,0.0,-0.07776260375976562,-0.00018438593987635254
34800,-0.0009207673138007522,2.8861213058917202e-05,-3.6887437224388124,6.219745e-07,0.0,0.0226861834526062,-0.00029187528314436053
35000,-0.00041627150494605303,2.055881329852127e-05,-3.688741058111191,4.2140485e-07,0.0,-0.10162627696990967,-0.00021388851027882017
35200,-0.00045851696631871164,1.59931418920678e-05,-3.6887387931346893,7.2568656e-07,0.0,0.021109461784362793,-0.0002902122361748971
35400,-0.0008073003846220672,2.8901046061946544e-05,-3.688731074333191,7.1108343e-07,0.0,-0.05333101749420166,-0.0003062688409299352
35600,-0.0005090060294605792,2.044034290520358e-05,-3.6887304484844208,4.7355888e-07,0.0,0.05658382177352905,-0.00020717203738285228
35800,-0.0006339942920021713,3.303135540591029e-05,-3.688724535703659,5.590916e-07,0.0,0.010643839836120605,-0.0002098532306906681
36000,-0.0005274080904200673,2.5190740211655792e-05,-3.6887323379516603,5.2154064e-07,0.0,-0.04198026657104492,-0.00024730589244983394
36200,-0.0005878494121134281,2.9658654602826574e-05,-3.688725048303604,5.8948996e-07,0.0,-0.00709688663482666,-0.00023757781740840755
36400,-0.0003995264123659581,2.725691315390577e-05,-3.6887158393859862,5.5640936e-07,0.0,-0.01790904998779297,-0.00022296330231581508
36600,-0.0005352225853130221,2.1534185907512438e-05,-3.688712841272354,5.0216914e-07,0.0,0.023156404495239258,-0.00021414227758302927
36800,-0.0006060329615138471,2.6262297319590287e-05,-3.6887222468852996,5.2273276e-07,0.0,-0.10997426509857178,-0.000218754558258194
37000,-0.0007994710467755795,2.1569535897469903e-05,-3.68872412443161,5.5968763e-07,0.0,-0.22850704193115234,-0.00022092491591694242
37200,-0.0003328584134578705,1.7255918760383792e-05,-3.6887219667434694,2.5779008e-07,0.0,0.16276663541793823,-0.00011138038292244357
37400,-0.00023984388099052012,2.0199111122565228e-05,-3.6887219309806825,3.8206576e-07,0.0,0.07316690683364868,-0.00018012686160420732
37600,-0.0005179530708119273,2.7670152849168517e-05,-3.688713103532791,4.2915346e-07,0.0,0.018427670001983643,-0.00018978424338493837
37800,-0.0007415792206302285,1.728113047647639e-05,-3.6887118816375732,4.795194e-07,0.0,-0.13305425643920898,-0.0002186429069463536
38000,-0.0004958770587109029,4.1165482207361494e-05,-3.6887036979198458,5.3703786e-07,0.0,-0.10177838802337646,-0.0002283204426932972
38200,-0.0004192884371150285,2.406248636361852e-05,-3.688705575466156,4.8339365e-07,0.0,-0.0748140811920166,-0.00018754337110806762
38400,-0.00044006144162267447,3.385792520020914e-05,-3.688712292909622,3.609061e-07,0.0,-0.006722450256347656,-0.00016863580082309148
38600,-0.00037747746682725847,3.581434639272629e-05,-3.6887053906917573,3.7372115e-07,0.0,-0.042212486267089844,-0.00017298147107533968
38800,-0.0003402720612939447,6.321765222310205e-05,-3.6887099504470826,5.152821e-07,0.0,0.032140374183654785,-0.00022852879612220712
39000,-0.0002535384555812925,1.336620471192873e-05,-3.688710457086563,4.0858984e-07,0.0,-0.2501060962677002,-0.0002165085453652793
39200,-0.0007744358736090362,1.4464592140939203e-05,-3.68870125412941,5.77569e-07,0.0,-0.15025866031646729,-0.0002308552259354002
39400,-0.0005693981074728072,2.2700566432831693e-05,-3.6886986434459685,5.143881e-07,0.0,0.019978225231170654,-0.00025235829380556576
39600,-0.0006193246226757765,3.1069890201251835e-05,-3.688701701164246,5.2988526e-07,0.0,-0.03772997856140137,-0.00023749779744894895
39800,-0.0004637394449673593,2.8333654609014047e-05,-3.688704216480255,5.7309865e-07,0.0,0.10701024532318115,-0.00022891689991624275
40000,-0.0005591419176198542,2.8667959463746227e-05,-3.68870649933815,4.404783e-07,0.0,-0.04200887680053711,-0.00020731295678069194
40200,-0.000653499155305326,1.38531087031879e-05,-3.6886999726295473,5.26309e-07,0.0,0.19475364685058594,-0.00022329446819990828
40400,-0.0008813689928501844,4.607088699231099e-05,-3.6886938333511354,8.2194805e-07,0.0,-0.13575124740600586,-0.0003118102994894678
40600,-0.0006043387111276388,2.5154947161354356e-05,-3.688697451353073,4.917383e-07,0.0,-0.1531381607055664,-0.00019762295180083544
40800,-0.0005182374734431505,3.897439573847805e-05,-3.688691335916519,5.3852796e-07,0.0,-0.020027756690979004,-0.00024122914724467037
41000,-0.00036239493056200445,4.0717862520978085e-05,-3.688692104816437,4.6342612e-07,0.0,-0.011384844779968262,-0.00020298269306437967
41200,-0.00040557573083788157,1.32912785602457e-05,-3.6886933982372283,5.152821e-07,0.0,-0.08832871913909912,-0.0002464545978596355
41400,-0.000813236809335649,3.634938352661266e-05,-3.6886930763721466,6.353855e-07,0.0,-0.033672451972961426,-0.0002338746126595126
41600,-0.0005515133962035179,4.019021271233214e-05,-3.6886915624141694,7.1793795e-07,0.0,0.01106792688369751,-0.00027232898838867035
41800,-0.0006311034667305648,1.2855983811732585e-05,-3.688685542345047,4.813075e-07,0.0,-0.17100179195404053,-0.00019269438148485917
42000,-0.00045835343189537525,1.9704026476574656e-05,-3.688678950071335,4.7415494e-07,0.0,-0.05494570732116699,-0.0002299640774057643
42200,-0.0002977403055410832,1.4016885597811778e-05,-3.6886835753917695,4.300475e-07,0.0,-0.2045457363128662,-0.00018378716741802582
42400,-0.0003408042248338461,2.7201199918636122e-05,-3.688683348894119,5.891919e-07,0.0,-0.04899752140045166,-0.00022093585019993255
42600,-0.000823786249384284,1.80824521521572e-05,-3.6886834263801576,6.911159e-07,0.0,0.016591906547546387,-0.00028485610953223885
42800,-0.0006152348360046744,1.613317626834032e-05,-3.688677632808685,5.811453e-07,0.0,0.11875903606414795,-0.00026781503821711184
43000,-0.000436697737313807,2.0524699743873497e-05,-3.6886756300926207,5.0306323e-07,0.0,0.09668856859207153,-0.00024615184336109765
43200,-0.000392282527172938,4.1822761340881696e-05,-3.688676083087921,4.2140485e-07,0.0,-0.19538438320159912,-0.0002183703022183181
43400,-0.000597946927882731,1.2814360013635451e-05,-3.688675755262375,5.581975e-07,0.0,0.08127361536026001,-0.00022957984383014106
43600,-0.0006607187679037452,3.3451845229137686e-05,-3.688669490814209,5.2273276e-07,0.0,0.13762444257736206,-0.0002284184780589893
43800,-0.00036462402204051614,3.4317925656068835e-05,-3.6886670351028443,5.3942205e-07,0.0,0.1037360429763794,-0.00025058697911428673
44000,-0.0005918352981097996,1.5339091191890475e-05,-3.6886716306209566,4.723668e-07,0.0,0.18546456098556519,-0.00021393944319010317
44200,-0.0003437103296164423,3.218745519006916e-05,-3.6886705636978148,3.6537645e-07,0.0,-0.19864892959594727,-0.00015212482821584937
44400,-0.0006402177968993783,1.711243405679852e-05,-3.6886763751506804,6.651878e-07,0.0,0.15019536018371582,-0.00030377873776110675
44600,-0.0005528628244064748,2.8790970964109876e-05,-3.6886653304100037,5.4746863e-07,0.0,-0.05785095691680908,-0.00023697758453158357
44800,-0.0005076859379187226,1.0866812181120622e-05,-3.688656884431839,4.3183564e-07,0.0,0.053761065006256104,-0.00020349584450558568
45000,-0.0007173267076723278,2.4848904195096112e-05,-3.6886591017246246,5.489588e-07,0.0,-0.09381890296936035,-0.00023451332832837845
45200,-0.0006150335539132357,1.76024178017542e-05,-3.6886567533016206,5.790591e-07,0.0,0.08557075262069702,-0.000233775674726977
45400,-0.0006101063918322325,2.336319332698622e-05,-3.688649022579193,5.617738e-07,0.0,0.05587190389633179,-0.0002336893007467311
45600,-0.00020506455621216446,1.5451188232873392e-05,-3.6886454105377195,2.1308661e-07,0.0,0.16078221797943115,-0.0001055384734085063
45800,-0.0006507975049316883,1.95815190409121e-05,-3.688644069433212,4.2945146e-07,0.0,-0.1041942834854126,-0.0002151343963869401
46000,-0.000609568611253053,1.3782268274553644e-05,-3.6886424243450167,5.0991775e-07,0.0,-0.0183640718460083,-0.00023670454123589924
46200,-0.0007746067130938172,9.958912050933577e-06,-3.688648921251297,6.6488985e-07,0.0,0.18135231733322144,-0.0003281435181352155
46400,-0.0005566075560636818,3.0259609911809093e-05,-3.6886458337306975,5.146861e-07,0.0,-0.022562861442565918,-0.00023210796576131898
46600,-0.0005809015710838139,1.3285117984196403e-05,-3.688642281293869,5.534291e-07,0.0,0.12010437250137329,-0.00025162609755713383
46800,-0.0007386407814919949,3.407836493352079e-05,-3.688649356365204,7.995963e-07,0.0,0.08909863233566284,-0.0003241173603418801
47000,-0.0005570630892179906,1.7430583034183657e-05,-3.6886418521404267,4.6521427e-07,0.0,-0.5939645767211914,-0.00020452779358173245
47200,-0.0006149595719762146,7.665758801067568e-06,-3.6886475682258606,6.5118076e-07,0.0,0.014615952968597412,-0.0002756236642493387
47400,-0.0005903493147343397,1.8987245812240872e-05,-3.6886454105377195,4.8786404e-07,0.0,0.06808227300643921,-0.00023270751517949772
47600,-0.0004348146903794259,1.0699783695145016e-05,-3.688631755113602,5.7309865e-07,0.0,-0.413124680519104,-0.00023601454669779364
47800,-0.00031214754562824965,4.8076862731250004e-05,-3.6886435389518737,5.733967e-07,0.0,-0.01342463493347168,-0.00023177232490547705
48000,-0.0005714689614251256,2.2272412843449273e-05,-3.688637501001358,8.4251167e-07,0.0,0.06299716234207153,-0.0003127934943988775
48200,-0.00039257126627489924,3.0423526777667575e-05,-3.68863605260849,5.5551527e-07,0.0,-0.05256307125091553,-0.0002162655027746041
48400,-0.000492771272547543,2.5908927227646927e-05,-3.6886238932609556,4.631281e-07,0.0,0.08240479230880737,-0.00019780085751807118
48600,-0.0006318052182905376,1.3343196405912749e-05,-3.688639235496521,4.8011543e-07,0.0,-0.3739556074142456,-0.0001951976960965607
48800,-0.0005838687065988779,2.811367808135401e-05,-3.688639056682587,5.0842766e-07,0.0,-0.054190754890441895,-0.00023586855798793938
49000,-0.0006468555075116456,3.5605322591436564e-05,-3.6886374056339264,4.7087667e-07,0.0,0.021506667137145996,-0.00021945910179943517
49200,-0.0005919899558648467,1.4801422639720841e-05,-3.688641679286957,5.081296e-07,0.0,-0.0540010929107666,-0.00024341815811679268
49400,-0.0004178767849225551,3.0826795045868495e-05,-3.6886279582977295,4.6908855e-07,0.0,-0.07132446765899658,-0.00021997008015819385
49600,-0.00041251356014981866,2.0081774005120677e-05,-3.6886197566986083,5.6028364e-07,0.0,-0.04154348373413086,-0.0002144854433761445
49800,-0.000497890287078917,3.1394526558869984e-05,-3.688622164726257,7.0005655e-07,0.0,0.06593793630599976,-0.0002691980879561129
50000,-0.0005228439113125205,2.0626934815481946e-05,-3.6886298596858977,6.7919495e-07,0.0,-0.3341374397277832,-0.00024586117969233046
50200,-0.0005804665270261467,4.6684182098033486e-05,-3.6886128723621368,5.802512e-07,0.0,-0.026295185089111328,-0.0002676394428966944
50400,-0.00025632104370743036,1.0941878929315863e-05,-3.688626396656036,3.1143426e-07,0.0,-0.2158445119857788,-0.00014937325998038987
50600,-0.000694626709446311,1.914072186082194e-05,-3.6886090517044066,5.108118e-07,0.0,0.06218922138214111,-0.0002238906031909682
50800,-0.00037343151052482426,1.9572858036553953e-05,-3.688618630170822,8.663535e-07,0.0,-0.15857505798339844,-0.00027822962906292047
51000,-0.0005542876897379756,1.4096543554842356e-05,-3.688616245985031,6.055832e-07,0.0,-0.05022871494293213,-0.00024379266987508696
51200,-0.0006540708127431571,2.128080752754613e-05,-3.6886170983314512,8.019805e-07,0.0,0.017785727977752686,-0.0002629045834501298
51400,-0.0005709102842956781,2.597214559045824e-05,-3.688594949245453,4.914403e-07,0.0,-0.14234042167663574,-0.00021481537818852648
51600,-0.0003333830973133445,3.53604194970103e-05,-3.6886179864406587,3.993511e-07,0.0,-0.01933002471923828,-0.0001689745477342519
51800,-0.0006486420752480626,3.0326389151014155e-05,-3.6886142909526827,6.583333e-07,0.0,-0.04802119731903076,-0.00024502193641682266
52000,-0.0004473770968616009,4.3510354589670894e-05,-3.6886125981807707,5.954504e-07,0.0,0.02900940179824829,-0.00023672407171351217
52200,-0.0005275264848023653,2.512641510747926e-05,-3.6886232435703277,4.4107435e-07,0.0,0.111957848072052,-0.00019436867568383142
52400,-0.0005880001117475331,2.460419700582861e-05,-3.6885950028896333,4.9054626e-07,0.0,-0.09116482734680176,-0.0002387544210498582
52600,-0.0005111526697874069,1.3982008181301352e-05,-3.688617378473282,6.991625e-07,0.0,-0.03949713706970215,-0.0002562196720016452
52800,-0.0006846303003840148,1.1094851686266338e-05,-3.688615196943283,5.3852796e-07,0.0,0.11010110378265381,-0.00024391211468071105
53000,-0.0005445909919217229,1.4456931239692494e-05,-3.6886138558387755,7.006526e-07,0.0,-0.22212600708007812,-0.0002696991279744987
53200,-0.0008244732161983848,3.9919399387144947e-05,-3.6886068880558014,7.224083e-07,0.0,0.03423011302947998,-0.00031199990419512603
53400,-0.00046775076771155,3.122497341792041e-05,-3.6886080622673036,5.549192e-07,0.0,-0.13137102127075195,-0.00023255796896730628
53600,-0.000565900350920856,4.4745097329723646e-05,-3.6886152029037476,4.6789646e-07,0.0,-0.0034047365188598633,-0.00022343118606067415
53800,-0.0006687311106361449,1.9212574397897696e-05,-3.6886056661605835,6.5475706e-07,0.0,0.01992487907409668,-0.0002603338575477121
54000,-0.0005262793274596334,1.1592613100219751e-05,-3.6886228382587434,5.4180623e-07,0.0,-0.010424256324768066,-0.0002364558892522517
54200,-0.0006738165393471718,1.59075403416864e-05,-3.6886159598827364,6.341934e-07,0.0,-0.20989441871643066,-0.0002468244753304205
54400,-0.00013646156003233045,2.8745633790094872e-05,-3.688609319925308,5.5104493e-07,0.0,-0.023670077323913574,-0.0002158499642691769
54600,-0.0005331614520400763,3.696881644827954e-05,-3.688617467880249,4.208088e-07,0.0,0.02228778600692749,-0.00019073593601024453
54800,-0.00045238572056405246,2.7668405141412223e-05,-3.6886148691177367,3.59416e-07,0.0,0.07523679733276367,-0.00018187691281323914
55000,-0.0006996534066274762,1.1675224061491463e-05,-3.6886088073253633,6.6012143e-07,0.0,0.016431987285614014,-0.00025240845984946246
55200,-0.0004734132962767035,2.0538688704618836e-05,-3.6886218190193176,4.628301e-07,0.0,0.1167648434638977,-0.0002023765224744345
55400,-0.00045088495244272053,3.0739889280084756e-05,-3.6886039435863496,4.2498112e-07,0.0,-0.0760735273361206,-0.00018715527857298686
55600,-0.0006876622210256755,2.0423643400135914e-05,-3.6886013209819795,5.39124e-07,0.0,-0.21447420120239258,-0.00024226724980007662
55800,-0.0003207279951311648,1.0443727671827218e-05,-3.6886085867881775,4.655123e-07,0.0,0.1407705545425415,-0.00024424698148117763
56000,-0.0007043502992019057,8.41772985040734e-06,-3.688622272014618,5.4121017e-07,0.0,-0.05738675594329834,-0.000250255452874093
56200,-0.00042454482172615826,1.7139141732513963e-05,-3.688605535030365,5.9962275e-07,0.0,0.05361199378967285,-0.0002484496306486506
56400,-0.0004944227985106409,2.173467753436853e-05,-3.688593107461929,4.8100947e-07,0.0,-0.07673966884613037,-0.00022263045812449534
56600,-0.0004681696882471442,2.0318031943133974e-05,-3.688592553138733,4.3809416e-07,0.0,0.022717833518981934,-0.00015380434773146768
56800,-0.00045839036465622485,3.034463406947907e-05,-3.688604313135147,5.4627657e-07,0.0,-0.20495808124542236,-0.00022592766550086907
57000,-0.0005393025348894298,4.1924809420379463e-05,-3.6885912001132963,8.288026e-07,0.0,-0.011187434196472168,-0.0003232842388898316
57200,-0.00045563041931018233,2.1943966839899075e-05,-3.6886008977890015,4.5508145e-07,0.0,-0.11286759376525879,-0.00021019082438606952
57400,-0.0002724842925090343,1.577026837367157e-05,-3.6885990619659426,4.1007996e-07,0.0,-0.06121993064880371,-0.00018814072059397668
57600,-0.00041860310011543334,4.496606889006216e-05,-3.688588762283325,6.008148e-07,0.0,-0.06358575820922852,-0.00023357323873642865
57800,-0.00043098797323182225,2.8382692698869504e-05,-3.688592845201492,4.208088e-07,0.0,0.0026091337203979492,-0.00019410814466833682
58000,-0.0006600425695069134,2.9531509835578617e-05,-3.6885836601257322,5.531311e-07,0.0,0.0036780238151550293,-0.0002455409553192567
58200,-0.00014914658095221967,9.090424248370254e-06,-3.688585376739502,3.8355589e-07,0.0,-0.008748650550842285,-0.00015624806292224847
58400,-0.00025484486832283437,2.4578574766564998e-05,-3.688592165708542,5.507469e-07,0.0,-0.07702577114105225,-0.00023065866705855863
58600,-0.0004627197631634772,2.574280138105678e-05,-3.6885974287986754,4.3958426e-07,0.0,-0.040416836738586426,-0.00019379895936642023
58800,-0.00041681097354739904,1.0720572299760534e-05,-3.6886071383953096,5.802512e-07,0.0,-0.019741177558898926,-0.0002349091101225387
59000,-0.0004610240866895765,1.7380784493070676e-05,-3.688600319623947,6.7651274e-07,0.0,0.05021524429321289,-0.00024584037720694064
59200,-0.00033482935396023095,8.545460264031136e-06,-3.688597869873047,3.4719704e-07,0.0,0.01548856496810913,-0.00017569564242330137
59400,-0.0005941918934695423,1.005646255407555e-05,-3.6885981023311616,5.3256747e-07,0.0,0.10406482219696045,-0.00022576549784232293
59600,-0.0007923840312287211,1.9868665276590036e-05,-3.688596475124359,6.8634745e-07,0.0,0.07581686973571777,-0.0002984965943708229
59800,-0.00037829604116268456,2.0515957066891134e-05,-3.688600426912308,5.280972e-07,0.0,-0.03470206260681152,-0.00021614340120528207
60000,-0.0005830245208926499,1.7483639317106282e-05,-3.6885985136032104,5.289912e-07,0.0,0.022641003131866455,-0.00023488285204495974
60200,-0.0005483801942318678,2.5921084625224466e-05,-3.6885854423046114,5.3435565e-07,0.0,-0.17221689224243164,-0.00024140384762472156
60400,-0.00046457527787424624,1.9172129645994575e-05,-3.688602787256241,3.7819146e-07,0.0,-0.18591928482055664,-0.00018421646989259522
60600,-0.0005864924169145525,2.9238825572974746e-05,-3.6886062145233156,4.789233e-07,0.0,0.09369593858718872,-0.000209061012113132
60800,-0.0003791985218413174,2.647809656082245e-05,-3.6886043429374693,3.7699937e-07,0.0,0.02433645725250244,-0.0001671060923824852
61000,-0.0005355779430828989,6.708596820317325e-05,-3.68860023021698,4.2885543e-07,0.0,-0.04975581169128418,-0.00016531172690803508
61200,-0.0004917136393487453,2.204171692028467e-05,-3.6886033356189727,4.9203635e-07,0.0,0.016062498092651367,-0.0002252248212639696
61400,-0.0005316358292475343,1.344183576748037e-05,-3.6886115431785584,5.626679e-07,0.0,-0.21536028385162354,-0.0002823864244214658
61600,-0.0004770807281602174,2.9399178492894863e-05,-3.6886093258857726,6.2048434e-07,0.0,0.020807981491088867,-0.00024845844292304965
61800,-0.00047177905798889697,1.8181330915467697e-05,-3.688602256774902,5.948543e-07,0.0,-0.12128341197967529,-0.000221612855726816
62000,-0.0005773359443992376,9.299472912971396e-06,-3.688606983423233,5.0395727e-07,0.0,0.13922655582427979,-0.00023146662788100513
62200,-0.000453503686003387,2.166590711567551e-05,-3.688618874549866,5.820394e-07,0.0,0.03269374370574951,-0.00020553669251784922
62400,-0.0006215934990905225,1.7313109810856987e-05,-3.6886095106601715,7.6949595e-07,0.0,0.12405598163604736,-0.000322142924054325
62600,-0.0005810754955746233,2.8754293998645154e-05,-3.6886191964149475,4.6938658e-07,0.0,0.10321712493896484,-0.00020486144736704405
62800,-0.0003833977098111063,2.4778029683147906e-05,-3.688603675365448,4.1306018e-07,0.0,-0.039957284927368164,-0.00020004636073869264
63000,-0.0006780700641684234,5.1707962757063794e-05,-3.6885912835597994,5.733967e-07,0.0,-0.13052010536193848,-0.0002241301167429155
63200,-0.00047007849207147956,2.4721511749703495e-05,-3.688612425327301,3.814697e-07,0.0,-0.060976266860961914,-0.00017416086759318715
63400,-0.0008742043282836676,2.1915778256698103e-05,-3.6886178255081177,6.094575e-07,0.0,-0.22748029232025146,-0.00026010933574980297
63600,-0.00039777165511623025,2.0456275251490297e-05,-3.688619297742844,6.249547e-07,0.0,-0.033203840255737305,-0.0002522821573182732
63800,-0.0006559913163073361,1.3726728116125742e-05,-3.688625466823578,6.2674286e-07,0.0,0.04773813486099243,-0.00026301029410795705
64000,-0.0005669345846399665,2.4267427670565665e-05,-3.688613325357437,7.236004e-07,0.0,0.06592100858688354,-0.00027636737404213854
64200,-0.00031589186983183026,2.234815422070824e-05,-3.68860684633255,5.441904e-07,0.0,-0.040572524070739746,-0.00021025364147737592
64400,-0.0005375745240598917,2.3297740563066326e-05,-3.688613748550415,5.0306323e-07,0.0,0.08086365461349487,-0.0002073168152720628
64600,-0.000442224700236693,2.804525033752725e-05,-3.6886169970035554,3.6925078e-07,0.0,-0.03624546527862549,-0.00015740221462425818
64800,-0.0007081990479491651,2.8545412942548864e-05,-3.688609832525253,5.891919e-07,0.0,-0.02190721035003662,-0.00026283539974836234
65000,-0.0006025095353834331,8.65400048724041e-06,-3.6886093616485596,4.839897e-07,0.0,0.1601945161819458,-0.00021177878935390025
65200,-0.0006686028209514916,1.399305301674758e-05,-3.6886146426200868,5.549192e-07,0.0,-0.019718050956726074,-0.0002470103023209935
65400,-0.0006087945075705647,3.0322032716867398e-05,-3.688633215427399,4.4316053e-07,0.0,-0.012758255004882812,-0.00017740440280293867
65600,-0.00043332623317837715,2.5811247201090737e-05,-3.688615173101425,4.87268e-07,0.0,-0.0205535888671875,-0.0002016961429233799
65800,-0.0005201250896789134,1.969746515442239e-05,-3.6886223673820497,4.2289497e-07,0.0,0.14778637886047363,-0.00021259863472731234
66000,-0.00040906431968323886,3.4184193282271735e-05,-3.688616490364075,5.8859587e-07,0.0,-0.04109048843383789,-0.0002567459186220811
66200,-0.0004312026430852711,2.423968635412166e-05,-3.688606631755829,3.7908552e-07,0.0,0.02136462926864624,-0.00017401199101914068
66400,-0.0003350110782776028,2.92845491458138e-05,-3.6886002838611605,3.311038e-07,0.0,-0.2435847520828247,-0.00016058417433020277
66600,-0.00032464152900502086,1.5570887285321078e-05,-3.688603377342224,5.1826237e-07,0.0,0.03313511610031128,-0.000224844261316548
66800,-0.0007272081566043198,2.554494838022947e-05,-3.688598281145096,5.9872866e-07,0.0,-0.06056571006774902,-0.00021796934982809546
67000,-0.00010739881690824404,6.658712459284289e-06,-3.6886043012142182,3.6180018e-07,0.0,0.017628014087677002,-0.00017206550505544094
67200,-0.0005156536935828626,1.1169210119987838e-05,-3.688583517074585,5.480647e-07,0.0,0.07314753532409668,-0.00021966282270131644
67400,-0.0005647882935591042,5.057507269157213e-05,-3.688601690530777,4.4524668e-07,0.0,0.006201744079589844,-0.00019750818723398566
67600,-0.0004336216952651739,1.6005123916329468e-05,-3.6885984182357787,4.479289e-07,0.0,-0.007112622261047363,-0.00021465549329651167
67800,-0.00044054610771127045,2.0415990502442582e-05,-3.688605272769928,4.4465065e-07,0.0,-7.43865966796875e-05,-0.000193646669892944
68000,-0.0005878595402464271,3.427666697461973e-05,-3.688588160276413,4.0292738e-07,0.0,0.045640528202056885,-0.00019316766453640887
68200,-0.0004040994681417942,1.2058117863489316e-05,-3.6885750353336335,6.231666e-07,0.0,-0.09294211864471436,-0.00023735633514569975
68400,-0.0004968101857230067,2.558290589149692e-05,-3.688583290576935,6.082654e-07,0.0,-0.008039236068725586,-0.0002363666433461864
68600,-0.00048788395361043513,5.7211644889321175e-05,-3.6885816872119905,6.225705e-07,0.0,-0.021390795707702637,-0.0002490404854298744
68800,-0.0005200044834055007,1.684023093275755e-05,-3.6885736286640167,4.6789646e-07,0.0,-0.24694883823394775,-0.00024357436444506498
69000,-0.0004420841869432479,3.024708958037081e-05,-3.688594567775726,4.8339365e-07,0.0,-0.03858184814453125,-0.00021305378595093405
69200,-0.0007713661761954427,2.4538075899727117e-05,-3.688571035861969,6.8217514e-07,0.0,-0.10670506954193115,-0.00024196659135951039
69400,-0.00014396966435015202,1.6146103735081852e-05,-3.688568425178528,5.1379203e-07,0.0,-0.21582412719726562,-0.00020900975146038726
69600,-0.00029310761601664126,1.4834670560048835e-05,-3.6885689795017242,4.4703484e-07,0.0,-0.054659247398376465,-0.0001774908903977357
69800,-0.0004130318993702531,2.1797660429001554e-05,-3.688581371307373,3.2037497e-07,0.0,-0.038672685623168945,-0.00014666493965376226
70000,-0.0005869399174116552,2.0783488275810667e-05,-3.6885753512382506,6.657839e-07,0.0,-0.10157561302185059,-0.0002830161743963888
70200,-0.00047108830767683685,1.5532082602476294e-05,-3.6885891556739807,6.186962e-07,0.0,0.016363203525543213,-0.0002429695503360474
70400,-0.000516168714966625,1.4670460086563252e-05,-3.6885734260082246,6.0319906e-07,0.0,-0.02905750274658203,-0.00027906067779059907
70600,-0.00041543503175489604,1.9168632024957333e-05,-3.6885674595832825,5.808473e-07,0.0,-0.05889618396759033,-0.0002471569448853295
70800,-0.0005819950019940734,3.3352019818266855e-05,-3.688559430837631,5.179644e-07,0.0,-0.0056906938552856445,-0.0002313283696021351
71000,-0.0005895320209674537,2.105921585098258e-05,-3.688554936647415,6.607175e-07,0.0,-0.005013465881347656,-0.0002710809294910632
71200,-0.0005562775768339634,1.8382651182946576e-05,-3.688585579395294,4.902482e-07,0.0,0.08590900897979736,-0.00021057878466910208
71400,-0.0006071394891478121,2.9884344212405266e-05,-3.6885765910148622,5.7399274e-07,0.0,0.03161245584487915,-0.0002216607016407024
71600,-0.0006438563577830791,3.740984211617615e-05,-3.6885481595993044,4.7236682e-07,0.0,-0.1765984296798706,-0.00020943121786126673
71800,-0.0003429474891163409,2.1718093125855376e-05,-3.6885704934597014,6.2644483e-07,0.0,-0.03989255428314209,-0.00020417859553230057
72000,-0.0005886249127797782,6.575883307959884e-05,-3.688564747571945,4.6640633e-07,0.0,0.06717991828918457,-0.00019829369339254831
72200,-0.0005144026945345104,2.6684822796596563e-05,-3.688553291559219,6.520748e-07,0.0,-0.013601303100585938,-0.0002740581771325856
72400,-0.0006043880712240934,1.3499343208422942e-05,-3.688548690080643,4.6610836e-07,0.0,-0.05733942985534668,-0.00020813764578520022
72600,-0.0005668619414791465,1.659720830957667e-05,-3.688548666238785,6.2316656e-07,0.0,0.07834810018539429,-0.00023323176872895867
72800,-0.0004882197827100754,1.625857735234604e-05,-3.6885577499866486,4.9442053e-07,0.0,0.008906960487365723,-0.00021020054609288685
73000,-0.00041112874168902636,4.41273009073484e-05,-3.6885433375835417,4.720688e-07,0.0,0.08272045850753784,-0.00022660045961674368
73200,-0.00032934293267317116,2.0961975951649948e-05,-3.6885431706905365,4.759431e-07,0.0,-0.01658761501312256,-0.00020696625276475089
73400,-0.0006810516933910549,3.2753135474195e-05,-3.6885414481163026,4.1007996e-07,0.0,-0.10316944122314453,-0.0001716197296101285
73600,-0.00038340690662153065,4.333442552706401e-05,-3.6885397672653197,4.759431e-07,0.0,0.047317564487457275,-0.00020620881012902714
73800,-0.0005333273438736796,1.997701074287761e-05,-3.6885321915149687,5.969405e-07,0.0,-0.016463279724121094,-0.000212894158216681
74000,-0.00038954903720878065,1.7592445510672404e-05,-3.688538295030594,4.833937e-07,0.0,-0.11865437030792236,-0.00021130320430438055
74200,-0.0003889478393830359,2.2469326700047533e-05,-3.6885417699813843,4.0799378e-07,0.0,-0.08648073673248291,-0.00018700666822997204
74400,-0.0005570669309236109,2.625964762046351e-05,-3.6885441720485685,6.41346e-07,0.0,-0.1205366849899292,-0.00026207397767179507
74600,-0.0006447359919548035,1.801154903660063e-05,-3.688543313741684,5.683303e-07,0.0,-0.1024174690246582,-0.0002470093661951944
74800,-0.00031302051502279937,3.032273093594995e-05,-3.6885420083999634,4.74751e-07,0.0,-0.09862411022186279,-0.00018987259340712547
75000,-0.0006550626712851226,1.0844935798104415e-05,-3.688548815250397,6.2167646e-07,0.0,0.010491251945495605,-0.0002556308369194071
75200,-0.0003534923598635942,2.1793893165522604e-05,-3.6885471284389495,3.9815902e-07,0.0,-0.027021408081054688,-0.0001773450222576578
75400,-0.00027995434356853366,3.983699671152863e-05,-3.688548046350479,4.2647122e-07,0.0,0.03269660472869873,-0.00019875244910192436
75600,-0.0006163145299069583,1.749404600559501e-05,-3.688538706302643,6.0200693e-07,0.0,0.0006425976753234863,-0.00025139823856216157
75800,-0.0006769831525161862,2.5695484418974955e-05,-3.6885472893714906,5.51641e-07,0.0,0.07206881046295166,-0.00026223499735467115
76000,-0.0005055643268860877,2.0313735421950697e-05,-3.6885441720485685,5.0812963e-07,0.0,0.09196430444717407,-0.0002070869208100845
76200,-0.0005605602054856718,1.2888361015939154e-05,-3.6885413765907287,6.54161e-07,0.0,0.009263932704925537,-0.0002681409119452471
76400,-0.0007157912477850914,1.2822558210245915e-05,-3.688537949323654,8.487702e-07,0.0,0.016927778720855713,-0.0003190326689272993
76600,-0.00046088662929832935,2.16941981079799e-05,-3.688536411523819,3.7640336e-07,0.0,-0.10477638244628906,-0.00019068711373251279
76800,-0.0004596408689394593,2.080663111883041e-05,-3.688533955812454,4.845857e-07,0.0,0.1611422896385193,-0.00017057853141977386
77000,-0.0004893665318377316,2.6160413017350948e-05,-3.6885362029075623,4.49121e-07,0.0,-0.06468427181243896,-0.00021121468505714837
77200,-0.0006412334041669965,2.3032083799989777e-05,-3.688537281751633,4.771352e-07,0.0,0.055251121520996094,-0.00020675147731954446
77400,-0.0003010555519722402,3.411226316529792e-05,-3.688525456190109,4.1931867e-07,0.0,-0.010162711143493652,-0.00018607049354113503
77600,-0.0005195720586925745,2.797608235596272e-05,-3.688541865348816,6.183982e-07,0.0,0.05214053392410278,-0.00027315865578296793
77800,-0.0007599765085615218,1.3828998567078088e-05,-3.68854358792305,7.084012e-07,0.0,0.06811225414276123,-0.0002748432765799835
78000,-0.0004424053186085075,1.3533204219129403e-05,-3.6885298371315,4.7832725e-07,0.0,-0.1258234977722168,-0.00021678626748598552
78200,-0.0004281701403670013,5.2531321307469626e-05,-3.6885415971279145,3.8057567e-07,0.0,0.0160599946975708,-0.0001725509154060223
78400,-0.0005367764970287681,1.7378147913404973e-05,-3.6885516703128816,4.5955179e-07,0.0,0.10333478450775146,-0.0002226987940088687
78600,-0.00045776681508868933,1.0200141218774661e-05,-3.6885411381721496,4.5508148e-07,0.0,0.12738126516342163,-0.000190797314587432
78800,-0.0003751869953703135,2.80314164228912e-05,-3.6885454297065734,5.811453e-07,0.0,0.02111518383026123,-0.00022504076300469133
79000,-0.00038086946005932987,3.126951110061782e-05,-3.6885269820690154,5.7548283e-07,0.0,0.0046173930168151855,-0.0002594060358410477
79200,-0.0006754454225301743,1.2034266705995834e-05,-3.688545101881027,5.3524974e-07,0.0,0.10119938850402832,-0.00024361798113152754
79400,-0.0008294928702525795,2.074835015264398e-05,-3.688540852069855,5.659461e-07,0.0,-0.07124221324920654,-0.00022876673843370555
79600,-0.0006954672280699015,3.59094386567449e-05,-3.688533937931061,7.1793795e-07,0.0,-0.004306316375732422,-0.00026588993498579685
79800,-0.00041867754771374166,1.7888326510728803e-05,-3.6885378777980806,5.248189e-07,0.0,-0.15525245666503906,-0.0002096891601387263
80000,-0.00044769360101781785,4.0864505945137355e-05,-3.6885095119476317,4.759431e-07,0.0,-0.0070732831954956055,-0.00020489288071612322
80200,-0.00020541316189337522,5.64826259505935e-05,-3.688521534204483,6.967783e-07,0.0,0.018443644046783447,-0.00026930452133102636
80400,-0.0004756420967169106,1.4157965244976367e-05,-3.6885119676589966,4.887581e-07,0.0,-0.06197500228881836,-0.00019332890254624145
80600,-0.00039426659350283444,8.278892823909701e-06,-3.6885179460048674,5.2660704e-07,0.0,-1.7971217632293701,-0.00020869896929802677
80800,-0.0005907326703891158,5.628628935028246e-06,-3.688515251874924,4.982948e-07,0.0,-1.041252613067627,-0.00021781295652090193
81000,-0.0004227490571793169,4.353141824253725e-06,-3.6884986996650695,4.4643878e-07,0.0,-9.937399864196777,-0.00014801308471561468
81200,-0.000524539384059608,3.1538047124968216e-06,-3.6884987533092497,5.015731e-07,0.0,-1.5139334201812744,-0.00020045965098907103
81400,-0.00044841718045063317,2.3799282757863693e-06,-3.688491904735565,4.816055e-07,0.0,-8.014966011047363,-0.0001940834225582
81600,-0.0004545493284240365,1.6110611682051968e-06,-3.688505607843399,6.93202e-07,0.0,-1.5768187046051025,-0.00026708606867487106
81800,-0.00042003471753560007,1.1898814630484368e-06,-3.6884986460208893,4.377961e-07,0.0,-0.5173642635345459,-0.00022086211271705737
82000,-0.0004114763287361711,9.074765603855894e-07,-3.6885085463523866,4.2676925e-07,0.0,-2.2333152294158936,-0.00019667225903390316
82200,-0.0005166365299373865,7.673193081814134e-07,-3.68852441906929,3.1322242e-07,0.0,-0.9810851812362671,-0.00017976705576430163
82400,-0.0004685030144173652,7.814068048617173e-07,-3.688524234294891,6.5863134e-07,0.0,-1.065643548965454,-0.0002688559005423974
82600,-0.0005538177792914212,5.52898686834169e-07,-3.6885268688201904,5.0544736e-07,0.0,-0.734046220779419,-0.0002141345402900896
82800,-0.000417867413489148,3.625692890807386e-07,-3.6885258555412292,5.5223705e-07,0.0,-3.796389102935791,-0.00020235737433296208
83000,-0.0004197584348730743,3.5453578739463865e-07,-3.688526064157486,4.7653916e-07,0.0,-0.535621166229248,-0.0002132459211306781
83200,-0.0005243810010142624,2.3447362025308393e-07,-3.6885263562202453,4.5120717e-07,0.0,-2.653262138366699,-0.00020656479868961242
83400,-0.0005815773620270193,2.119503054842653e-07,-3.688516968488693,5.3256747e-07,0.0,-0.9912556409835815,-0.00023645728079024764
83600,-0.0008952228236012161,1.900791662734491e-07,-3.6885163486003876,8.0823895e-07,0.0,-0.33391034603118896,-0.0003143717273699664
83800,-0.00042753072921186686,2.0845498642785288e-07,-3.6885424196720122,5.5611133e-07,0.0,-2.571876287460327,-0.00023229708417993322
84000,-0.0005084224976599216,3.0052624246934554e-07,-3.688533955812454,3.671646e-07,0.0,-5.112515449523926,-0.00015119556937022162
84200,-0.00047178284148685634,2.0244604108654586e-07,-3.6885316967964172,3.8087367e-07,0.0,-2.6604082584381104,-0.00015758862367363236
84400,-0.0005106420139782131,1.4268430241770603e-07,-3.688538891077042,3.4630298e-07,0.0,-0.43256115913391113,-0.00017027141182053286
84600,-0.000584938155952841,1.780004243556732e-07,-3.688546139001846,6.28531e-07,0.0,-1.0472488403320312,-0.0002266160983191323
84800,-0.0008135096868500113,2.2953526475077978e-07,-3.6885397732257843,7.6025725e-07,0.0,-3.0648465156555176,-0.0002461607448526637
85000,-0.0005666805664077401,1.8622298867398967e-07,-3.6885569751262666,4.184246e-07,0.0,-8.269767761230469,-0.00018024329910668602
85200,-0.0007085695979185402,1.5437701250675673e-07,-3.6885417819023134,5.427003e-07,0.0,-1.7769975662231445,-0.0002345271111046099
85400,-0.0007084586541168392,2.949141624242202e-07,-3.688547432422638,6.651878e-07,0.0,-3.502784252166748,-0.00027325492274883346
85600,-0.0005006323335692286,1.9335369803030744e-07,-3.688534879684448,4.6283006e-07,0.0,-1.1781299114227295,-0.0002097500950408282
85800,-0.0007389122038148344,1.650205646797076e-07,-3.688535523414612,5.2571295e-07,0.0,-4.375104904174805,-0.00024179256031762187
86000,-0.0004903454682789743,2.3570395235594788e-07,-3.6885301172733307,4.935265e-07,0.0,-3.2719688415527344,-0.00021475930363341612
86200,-0.00048637008876539767,1.795383347769075e-07,-3.6885407626628877,4.5537948e-07,0.0,-4.545222759246826,-0.00018917840624095296
86400,-0.0004628011374734342,2.7087896761202044e-07,-3.6885221004486084,4.5925378e-07,0.0,-3.9750094413757324,-0.00020452910542292368
86600,-0.0005341401556506753,2.03145385313519e-07,-3.68854244351387,4.923344e-07,0.0,-2.192037343978882,-0.0002186140852300067
86800,-0.0004083156818524003,1.7870021906674083e-07,-3.6885375320911407,3.814697e-07,0.0,-2.9688315391540527,-0.00017773459804629744
87000,-0.0003951279795728624,1.513140922781986e-07,-3.6885427057743074,5.5998566e-07,0.0,-4.566998481750488,-0.00021404318659802303
87200,-0.00053559330990538,1.1496297362967311e-07,-3.6885367035865784,4.6223403e-07,0.0,-1.407916784286499,-0.00021362538618381334
87400,-0.00024161755573004484,1.1382830162887103e-07,-3.6885399878025056,5.2422286e-07,0.0,-3.121861457824707,-0.00022883700171738575
87600,-0.0007284167222678661,1.0450292480257417e-07,-3.6885377705097198,5.847216e-07,0.0,-3.373664379119873,-0.00025125030148624993
87800,-0.00039089255733415484,1.4440494062739616e-07,-3.6885433197021484,4.3720007e-07,0.0,-3.234158992767334,-0.00018634675446627114
88000,-0.0004398672026582062,1.6360318042529797e-07,-3.6885362029075623,4.6074388e-07,0.0,-8.789586067199707,-0.0001819940428208655
88200,-0.0007425560033880174,1.6601489960521576e-07,-3.6885426938533783,9.140372e-07,0.0,-3.9475016593933105,-0.00032811082169130755
88400,-0.000584065041039139,1.5383670159963003e-07,-3.6885299384593964,6.601215e-07,0.0,-1.284604787826538,-0.0002476337377586346
88600,-0.00047275095130316913,2.2969913082704352e-07,-3.6885107815265656,4.339218e-07,0.0,-2.4848690032958984,-0.0002180253410796862
88800,-0.00038368190871551633,1.5480002950596373e-07,-3.6885123372077944,3.2693148e-07,0.0,-2.0802996158599854,-0.00014263371493008492
89000,-0.0006689977599307895,1.9674167575089996e-07,-3.6885206639766692,5.3852796e-07,0.0,-3.4222025871276855,-0.0002351384767637188
89200,-0.000548638345208019,1.5422414563204255e-07,-3.688524007797241,5.763769e-07,0.0,-1.2200613021850586,-0.0002491491268896251
89400,-0.0005869773449376225,2.1334442337206383e-07,-3.6885084092617033,5.045533e-07,0.0,-8.285796165466309,-0.00021015155192298794
89600,-0.0003582527569960803,1.8792117462140823e-07,-3.688527059555054,3.2931567e-07,0.0,-2.2896745204925537,-0.0001396448457226196
89800,-0.00048640480963513255,2.012521497007924e-07,-3.688505786657333,4.583597e-07,0.0,-4.668150424957275,-0.00018884832999253032
90000,-0.0006136815645731986,1.525390372236757e-07,-3.6885066449642183,6.520748e-07,0.0,-2.2826828956604004,-0.0002428333173186248
90200,-0.0006439379067160189,1.8744245569024543e-07,-3.6884985148906706,5.683303e-07,0.0,-3.3841018676757812,-0.0002475462833639419
90400,-0.0005656431312672794,1.7527043638665418e-07,-3.6885178208351137,4.091859e-07,0.0,-2.528815269470215,-0.00018076480834054997
90600,-0.0005045097204856575,1.971187835181354e-07,-3.688510888814926,4.8846005e-07,0.0,-6.311550617218018,-0.0002305104183073059
90800,-0.00035683572059497237,1.572669694027695e-07,-3.6884985506534576,3.9368868e-07,0.0,-2.089661121368408,-0.00016824977009144426
91000,-0.00034036970464512706,1.3663500357807835e-07,-3.688512754440308,4.8786404e-07,0.0,-6.451132774353027,-0.00019860979190560178
91200,-0.0005354447639547288,1.586236347606018e-07,-3.688518542051315,4.914403e-07,0.0,-1.5257132053375244,-0.00022352796580924484
91400,-0.0008093315409496427,1.2391508583675658e-07,-3.6885137796401977,7.3224305e-07,0.0,-3.1999030113220215,-0.00028686145033998136
91600,-0.00036928735789842904,1.6396331918855368e-07,-3.6885105788707735,4.1633842e-07,0.0,-2.5522496700286865,-0.00017789973974142726
91800,-0.0005817823694087565,2.0019344546540196e-07,-3.68849658370018,5.361438e-07,0.0,-1.8174338340759277,-0.00018350058774751487
92000,-0.0005108375335112214,1.3519055013233584e-07,-3.6885072886943817,3.9756299e-07,0.0,-2.85957932472229,-0.00018551614171619102
92200,-0.0004337820573709905,2.0223732537516527e-07,-3.688493770360947,2.6643275e-07,0.0,-2.49772572517395,-0.00013062677572905912
92400,-0.00044977551442570984,1.5102991373083797e-07,-3.688531130552292,5.352497e-07,0.0,-3.457451343536377,-0.00024150777023761448
92600,-0.0004361894680187106,1.3017891511424296e-07,-3.6884946823120117,4.6402215e-07,0.0,-3.011280059814453,-0.00019181616713161986
92800,-0.0005084385629743338,1.7005390589019954e-07,-3.6884911477565767,5.415082e-07,0.0,-2.423637628555298,-0.0002184155015352296
93000,-0.0004354318662080914,1.612462197542186e-07,-3.6884881138801573,5.698204e-07,0.0,-2.435584783554077,-0.00025141667268031577
93200,-0.0004168292216490954,1.0799777614423078e-07,-3.688500761985779,6.0707333e-07,0.0,-26.75795555114746,-0.00026609709593010676
93400,-0.0005214366246946156,2.1237955358799354e-07,-3.688474678993225,5.7429077e-07,0.0,-1.5800161361694336,-0.00020633056720122944
93600,-0.0006166028324514627,2.788706673584329e-07,-3.6884788811206817,4.9859284e-07,0.0,-2.9709768295288086,-0.00023504827230453885
93800,-0.0004186084552202374,1.8467092726126567e-07,-3.6884643137454987,5.0425535e-07,0.0,-1.3475260734558105,-0.00018692528394126384
94000,-0.0006347265443764627,1.2164997862385007e-07,-3.688489842414856,4.5567754e-07,0.0,-1.4341623783111572,-0.0002499716322276857
94200,-0.00037645615520887077,1.947796043566541e-07,-3.6884882509708405,4.4345856e-07,0.0,-2.866722822189331,-0.00018734943504794543
94400,-0.0002625247579999268,1.34003692231488e-07,-3.6884919881820677,3.0100347e-07,0.0,-7.138645172119141,-0.0001462676674955199
94600,-0.0004950193106196821,1.6304629220087462e-07,-3.6884723544120788,3.901124e-07,0.0,-2.356471538543701,-0.00018229515832830502
94800,-0.00047805975191295147,4.0623417829621645e-08,-3.688494563102722,3.6150217e-07,0.0,-2.8796331882476807,-0.0001934872104267349
95000,-0.00038140782271511853,1.6106313029951025e-07,-3.6884746491909026,4.196167e-07,0.0,-1.4067258834838867,-0.00017106898753047606
95200,-0.0004947371780872345,9.305030843620443e-08,-3.6884692430496218,5.2839516e-07,0.0,-4.8607378005981445,-0.0002217921616831986
95400,-0.0005668667145073414,1.7370947498207555e-07,-3.6884976089000703,5.7071446e-07,0.0,-10.139143943786621,-0.0002239723709412722
95600,-0.0005260028410702944,1.4064670734725836e-07,-3.688486820459366,5.483628e-07,0.0,-2.5425310134887695,-0.00022634545711934794
95800,-0.0003828170010820031,1.9092118677122017e-07,-3.688474428653717,4.3421983e-07,0.0,-4.645597457885742,-0.00017888246581060363
96000,-0.0006409006309695542,1.5802493606997815e-07,-3.688490700721741,5.450845e-07,0.0,-7.71875,-0.0002208219244568932
96200,-0.0003181869687978178,1.2846899464236116e-07,-3.688490653038025,5.2809713e-07,0.0,-4.104160308837891,-0.00022424712749080644
96400,-0.000465984019683674,9.811714978269492e-08,-3.6884687781333922,5.4091214e-07,0.0,-2.681980848312378,-0.0002118121540588658
96600,-0.0005176333943381906,1.555214948822936e-07,-3.6884607076644897,6.505847e-07,0.0,-3.6664958000183105,-0.00023918087116989729
96800,-0.00040605568210594356,1.1379505613362539e-07,-3.6884683847427366,4.6521427e-07,0.0,-10.861320495605469,-0.00021599891735810673
97000,-0.0007280127028934658,1.396574475620582e-07,-3.6884402096271516,8.353591e-07,0.0,-10.50554370880127,-0.00027320113610460604
97200,-0.0003521030303090811,1.7235324509812244e-07,-3.6884470701217653,6.324053e-07,0.0,-2.5276925563812256,-0.00020865467027775253
97400,-0.0006249321158975363,2.2578222260705161e-07,-3.6884623408317565,7.274747e-07,0.0,-4.472894191741943,-0.0002336968164627251
97600,-0.00084606499876827,1.6953945607411925e-07,-3.6884705901145933,6.124377e-07,0.0,-3.588080883026123,-0.00027646776235958905
97800,-0.00038546306313946843,1.2457541274102368e-07,-3.6884658336639404,4.881621e-07,0.0,-2.2300655841827393,-0.00019811762088011163
98000,-0.0003860373399220407,1.1951227207873671e-07,-3.6884768843650817,4.2498112e-07,0.0,-2.580615758895874,-0.000176832051049014
98200,-0.00040598184568807483,1.7678088894967914e-07,-3.688482958078384,5.596876e-07,0.0,-1.6480481624603271,-0.0002174312762754038
98400,-0.0003421567671466619,1.5416495813269648e-07,-3.6884371817111967,4.029274e-07,0.0,-4.524811744689941,-0.0001788725198495822
98600,-0.0002357748307986185,1.9179214962861125e-07,-3.6884762167930605,3.477931e-07,0.0,-8.997612953186035,-0.00014967944365935627
98800,-0.0003802365390583873,1.9900648808857114e-07,-3.6884440064430235,5.0276515e-07,0.0,-2.518972635269165,-0.0002227014530492344
99000,-0.0006002780864946544,6.999522135231473e-08,-3.688477873802185,5.3018334e-07,0.0,-0.597797155380249,-0.0002450140477874285
99200,-0.00034430131199769676,9.075345177578243e-08,-3.688464653491974,4.699826e-07,0.0,-4.692880153656006,-0.00018690243178685063
99400,-0.0003662133531179279,1.2952711330171952e-07,-3.688462108373642,5.683303e-07,0.0,-2.1952743530273438,-0.0002144211106423155
99600,-0.0006823905277997255,1.4377794395059594e-07,-3.688466709852219,7.3492527e-07,0.0,-4.691455841064453,-0.000270649223321473
99800,-0.0004976511118002236,1.9490742548811112e-07,-3.68844850063324,5.1140785e-07,0.0,-4.129404067993164,-0.00019143276646185203
100000,-0.0004580925451591611,1.2417040302636905e-07,-3.688416928052902,4.976988e-07,0.0,-4.299389839172363,-0.00019318529869223334
100200,-0.000385163351893425,1.3567317544982415e-07,-3.6884539246559145,3.8057567e-07,0.0,-4.073118686676025,-0.00018312665761421876
100400,-0.00036483880830928683,2.8520967596534776e-07,-3.688448590040207,5.3673983e-07,0.0,-4.741374492645264,-0.00019453363311559003
100600,-0.0008558440604247153,1.374972320888901e-07,-3.6884399473667147,6.7412856e-07,0.0,-2.9126029014587402,-0.00026273677943944307
100800,-0.0004185863072052598,1.4023199579327184e-07,-3.6884272277355192,4.7326088e-07,0.0,-6.605129241943359,-0.00019548949642285153
101000,-0.00044413786963559687,1.689941630189651e-07,-3.688401514291763,5.495548e-07,0.0,-3.0291967391967773,-0.0001901910752085012
101200,-0.0007199372630566359,1.5445820942261434e-07,-3.688437741994858,5.4001805e-07,0.0,-2.1193642616271973,-0.00021204177388427502
101400,-0.0006747659062966704,2.0708640100508546e-07,-3.6884097039699553,5.397201e-07,0.0,-1.9335851669311523,-0.00022086605227832344
101600,-0.0007056837785057724,1.9293808861675643e-07,-3.688414764404297,4.8696995e-07,0.0,-1.6374928951263428,-0.00020233234654392084
101800,-0.0004582979599945247,1.2432505354098565e-07,-3.688430869579315,5.0991775e-07,0.0,-4.735941410064697,-0.00021309925027457322
102000,-0.00044987330329604447,1.0623777662033262e-07,-3.6884588420391085,4.982948e-07,0.0,-0.9929903745651245,-0.00022009748321658585
102200,-0.0005282255006022751,1.0423851151131203e-07,-3.6884526908397675,4.7028067e-07,0.0,-7.131067276000977,-0.0002112879905084908
102400,-0.00045212573604658246,1.2689504025331644e-07,-3.6884178936481478,4.1097405e-07,0.0,-8.017952919006348,-0.000162476756088048
102600,-0.00047650549095124006,9.83759449901811e-08,-3.688432377576828,4.2557718e-07,0.0,-1.3347723484039307,-0.0001719812452768199
102800,-0.0003267554857302457,1.0934296312825609e-07,-3.6884685158729553,4.553795e-07,0.0,-8.376612663269043,-0.00020699910385468812
103000,-0.0005661432514898479,1.0424588801072331e-07,-3.6884734451770784,4.2498112e-07,0.0,-4.569176197052002,-0.00016867160122717716
103200,-0.0004726258630398661,1.3463063543994736e-07,-3.6884608924388886,4.2021276e-07,0.0,-1.0388288497924805,-0.00019973383812854628
103400,-0.0004714705573860556,1.4074838432520665e-07,-3.688462460041046,6.487966e-07,0.0,-1.807276725769043,-0.0002629592120856561
103600,-0.0007201220723800361,1.5053284361243868e-07,-3.6884386241436005,8.308888e-07,0.0,-6.771395206451416,-0.0002989507326428331
103800,-0.00040780860581435263,1.4414284805752685e-07,-3.6884094059467314,3.9607286e-07,0.0,-3.721378803253174,-0.00017023210624165787
104000,-0.0004266455944161862,1.4170105018251887e-07,-3.6884465277194978,4.577637e-07,0.0,-2.407000780105591,-0.000201464318570288
104200,-0.0003588182444218546,2.248815254901615e-07,-3.6884384393692016,4.348159e-07,0.0,-6.609375476837158,-0.00018499222367234224
104400,-0.00039616250433027744,9.827296301168076e-08,-3.6884128630161284,7.3820354e-07,0.0,-1.4559757709503174,-0.00026105841927210883
104600,-0.0004075164906680584,2.3607004990822132e-07,-3.688407135009766,7.748604e-07,0.0,-3.405543327331543,-0.00026823676510889793
104800,-0.00044620587141253054,2.2938472845623892e-07,-3.6884285748004912,4.014373e-07,0.0,-4.415530204772949,-0.00017250096742917886
105000,-0.0005419217050075531,2.3434571261304882e-07,-3.688379555940628,4.6491624e-07,0.0,-0.9786038398742676,-0.00019467428323032275
105200,-0.0005898862145841122,1.8882169250389325e-07,-3.688406193256378,5.573034e-07,0.0,-1.3326303958892822,-0.00022698231233124754
105400,-0.0005120130372233689,2.6906087242650755e-07,-3.688385909795761,5.1975246e-07,0.0,-3.3621110916137695,-0.00020460411031240078
105600,-0.0003526541986502707,2.220688411824767e-07,-3.6883760750293733,6.0766934e-07,0.0,-2.994877338409424,-0.00023093173911581388
105800,-0.0004410438414197415,1.4166398027981585e-07,-3.688389313220978,5.620718e-07,0.0,-8.698593139648438,-0.00021023929956816013
106000,-0.0004445208760444075,1.5132490496228002e-07,-3.6883702337741853,4.929304e-07,0.0,-7.125984191894531,-0.00017073268224381265
106200,-0.0007328054052777588,1.3572783110760157e-07,-3.6883964598178864,5.7816504e-07,0.0,-2.8973002433776855,-0.00025207870388979094
106400,-0.0004271887301001698,1.5419247869630227e-07,-3.6883883237838746,5.248189e-07,0.0,-2.6347146034240723,-0.000199747025394581
106600,-0.00042593677062541246,1.1154198897855849e-07,-3.688417512178421,4.23491e-07,0.0,-5.264512062072754,-0.00017239285259671445
106800,-0.00035252110683359206,1.131806785181766e-07,-3.688368082046509,5.52535e-07,0.0,-3.9809365272521973,-0.00019804567165079278
107000,-0.0009658965282142162,1.7320844971635552e-07,-3.6883535027503966,7.5936316e-07,0.0,-4.193028926849365,-0.0002764014181877883
107200,-0.000576365040615201,1.0220234569757736e-07,-3.6883476614952087,4.813075e-07,0.0,-6.770599842071533,-0.0001846842244651814
107400,-0.0005655577406287193,2.2409297475434187e-07,-3.68835272192955,7.641315e-07,0.0,-5.3484673500061035,-0.0002978016586861365
107600,-0.0008640169398859143,9.4853934307082e-08,-3.688385045528412,5.6147576e-07,0.0,-6.07917594909668,-0.0002342103649007221
107800,-0.0008551449864171445,1.2905466064694338e-07,-3.688397115468979,6.565451e-07,0.0,-5.5747904777526855,-0.00028314360800965334
108000,-0.0004898083279840648,1.841043332007075e-07,-3.6883962213993073,4.6133994e-07,0.0,-11.745258331298828,-0.0001829858044212429
108200,-0.0002975070965476334,1.3578336224284727e-07,-3.6883888244628906,6.29425e-07,0.0,-12.242697715759277,-0.00022624554637240557
108400,-0.0006224171374924481,2.0351497909132377e-07,-3.6883125483989714,8.1509353e-07,0.0,-2.1329944133758545,-0.00027919427048481713
108600,-0.00046451177331618965,1.950207698442341e-07,-3.688370072841644,4.386902e-07,0.0,-8.462594985961914,-0.00015212892715907867
108800,-0.0004741282027680427,1.1243285289452842e-07,-3.688372528553009,4.631281e-07,0.0,-1.7448513507843018,-0.00020890469949916835
109000,-0.0004487746045924723,1.160361300378554e-07,-3.688373398780823,5.5551527e-07,0.0,-5.694982528686523,-0.00021292740214425842
109200,-0.0005823223036713898,1.9259068295696125e-07,-3.6883653461933137,5.170703e-07,0.0,-11.396306991577148,-0.00019900206456622272
109400,-0.00041599044925533235,1.9391578423011425e-07,-3.688364493846893,4.720688e-07,0.0,-2.944070816040039,-0.00017394261098555575
109600,-0.00034311405033804476,1.751753821110924e-07,-3.6884405612945557,3.9577486e-07,0.0,-1.079519510269165,-0.00016691256229478535
109800,-0.00045684739598073065,1.7509437029161744e-07,-3.688366287946701,3.4511086e-07,0.0,-2.4309561252593994,-0.0001476705976683701
110000,-0.0005838595679961145,1.7316943718981291e-07,-3.6883358895778655,6.902218e-07,0.0,-2.562498092651367,-0.00023744594910279915
110200,-0.00040183367673307657,1.9459082025719e-07,-3.6883089423179625,6.514788e-07,0.0,-3.4592838287353516,-0.0002180103969056546
110400,-0.0006030689692124724,1.398503332694645e-07,-3.688364213705063,5.0306323e-07,0.0,-3.775271415710449,-0.00022773147529437933
110600,-0.00037590766442008317,1.8923667717274383e-07,-3.6883021235466003,6.267428e-07,0.0,-4.692784786224365,-0.00020420877642056688
110800,-0.0005404826952144504,9.308368769112007e-08,-3.688406264781952,4.8965217e-07,0.0,-1.7509214878082275,-0.00018865279476244502
111000,-0.0004904306842945516,2.032009435382065e-07,-3.6883829116821287,5.3435565e-07,0.0,-2.229036331176758,-0.00022223074853241486
111200,-0.0007586794090457261,1.308992263915343e-07,-3.6883739590644837,6.7144634e-07,0.0,-3.24454402923584,-0.00025809646455718924
111400,-0.0004231320635881275,7.586599588549348e-08,-3.6884008049964905,3.9875505e-07,0.0,-6.298928260803223,-0.00015923125927725935
111600,-0.00048599671572446823,2.0342422821784111e-07,-3.688362044095993,4.4554469e-07,0.0,-6.542947292327881,-0.00017858835892377024
111800,-0.0005488565075211227,1.730634485497262e-07,-3.68835853934288,4.4345853e-07,0.0,-0.5298334360122681,-0.00018911957850263893
112000,-0.00040273438207805157,2.0543956118501684e-07,-3.6883858144283295,5.713105e-07,0.0,-2.9569995403289795,-0.0002470528108713177
112200,-0.0005869439919479191,1.2064939785005891e-07,-3.6883190274238586,4.923344e-07,0.0,-0.6266366243362427,-0.00018197697341362228
112400,-0.00042713212314993143,1.6272156795338332e-07,-3.6883988320827483,5.570054e-07,0.0,-2.7331199645996094,-0.00023033246265833363
112600,-0.00044319339212961495,1.2263613022867048e-07,-3.6883486926555635,5.167723e-07,0.0,-3.967897891998291,-0.00020558153692387115
112800,-0.0003685882838908583,1.274442383625285e-07,-3.688398551940918,3.8981437e-07,0.0,-10.749650955200195,-0.00017151945871747288
113000,-0.0004060416540596634,2.214841103409526e-07,-3.688321661949158,5.981326e-07,0.0,-1.8149831295013428,-0.0002545759808872283
113200,-0.0005757341277785599,1.5853210850735876e-07,-3.6883328676223757,6.5058475e-07,0.0,-1.5349740982055664,-0.00023315224063709118
113400,-0.00048470456385985017,1.4016708362873942e-07,-3.688356465101242,5.4657454e-07,0.0,-2.492246627807617,-0.00020301151302988264
113600,-0.0005905775469727814,1.4067649800608706e-07,-3.688332086801529,5.382299e-07,0.0,-4.103176593780518,-0.00020489755825235932
113800,-0.0006095543503761292,1.3397976745821437e-07,-3.688367134332657,5.868077e-07,0.0,-0.7441885471343994,-0.000238159203518995
114000,-0.00047336146235466003,1.5321489392761124e-07,-3.688360649347305,5.349517e-07,0.0,-3.832613945007324,-0.0001962542839676229
114200,-0.000572122517041862,8.31318722305241e-08,-3.688409799337387,4.6402215e-07,0.0,-18.762866973876953,-0.0001862363195964889
114400,-0.0003789816692005843,2.2036578855022527e-07,-3.688331741094589,4.7355888e-07,0.0,-2.1313986778259277,-0.0002118151176946359
114600,-0.0004915283643640578,1.75516985123636e-07,-3.688354730606079,6.9856645e-07,0.0,-3.5758519172668457,-0.00024174959210720992
114800,-0.0006028967909514904,1.562325962822797e-07,-3.688338989019394,5.432963e-07,0.0,-2.64980149269104,-0.0002130797970525622
115000,-0.0004999198717996478,1.6838387875139916e-07,-3.6883467733860016,4.4316056e-07,0.0,-3.482161045074463,-0.0002044884326097396
115200,-0.000475307839224115,1.659813774423924e-07,-3.688317823410034,5.120039e-07,0.0,-0.9582079648971558,-0.000221498652722385
115400,-0.00040023145265877247,1.0128568135314709e-07,-3.6883324563503264,4.056096e-07,0.0,-3.9875974655151367,-0.00017869062602926533
115600,-0.000581851345486939,1.189927633760135e-07,-3.688338178396225,7.003546e-07,0.0,-2.401909589767456,-0.00026369196292017614
115800,-0.0004182425618637353,2.0042904989026055e-07,-3.688318222761154,5.0514933e-07,0.0,-1.5566227436065674,-0.00022757285772103674
116000,-0.0004327518690843135,2.2875218057549774e-07,-3.6882844388484957,4.7028067e-07,0.0,-4.442329406738281,-0.0001964066765513195
116200,-0.0004997722571715713,1.5351174678102098e-07,-3.6883609354496003,6.684661e-07,0.0,-1.5966355800628662,-0.0002395475830405447
116400,-0.0005398702342063189,2.310267651850495e-07,-3.6883224844932556,5.51045e-07,0.0,-1.442363977432251,-0.00019547647297144533
116600,-0.0007238778052851558,1.9732736546984598e-07,-3.6883232057094575,7.936359e-07,0.0,-0.8986843824386597,-0.0003015279975097762
116800,-0.0004303713794797659,2.416627502555002e-07,-3.688334953784943,5.0276515e-07,0.0,-1.2675797939300537,-0.00017337688885572523
117000,-0.00046361153363250196,1.5340367003346956e-07,-3.688348960876465,4.941225e-07,0.0,-3.2340011596679688,-0.00021756202696225911
117200,-0.0005355612956918776,1.2652272811664035e-07,-3.688348001241684,6.362796e-07,0.0,-3.047452449798584,-0.00020044137482910784
117400,-0.0006564929499290884,1.1628163081311982e-07,-3.688375473022461,5.856157e-07,0.0,-6.318056583404541,-0.0002229275700535549
117600,-0.0008579271379858255,2.1345842746711696e-07,-3.688387656211853,6.988645e-07,0.0,-8.01792049407959,-0.00027672749787415184
117800,-0.00046182447113096714,1.5320500210691534e-07,-3.6883412897586823,4.2200088e-07,0.0,-3.2716732025146484,-0.00017074275805429863
118000,-0.0008002193062566221,1.1647973252593147e-07,-3.688368821144104,5.680323e-07,0.0,-25.061975479125977,-0.0002256568986383378
118200,-0.00037802703445777297,1.736870105517596e-07,-3.688345855474472,4.684925e-07,0.0,-9.049288749694824,-0.00018353925501286562
118400,-0.000325277098454535,1.348315464611005e-07,-3.688356006145477,5.736947e-07,0.0,-1.887885332107544,-0.00020637775864088548
118600,-0.0007113778265193105,1.62319797070154e-07,-3.6883005619049074,8.189678e-07,0.0,-3.6306543350219727,-0.00029904955742944274
118800,-0.0007559286314062774,9.546785211256292e-08,-3.6883293449878694,6.991625e-07,0.0,-2.1896984577178955,-0.000253233238379269
119000,-0.00046159038902260363,1.3937175662448454e-07,-3.688322389125824,7.3462724e-07,0.0,-2.1822657585144043,-0.0002236647470672093
119200,-0.0005096985260024667,1.751943182526361e-07,-3.6882938027381895,4.6432018e-07,0.0,-2.6976161003112793,-0.00021697085762730772
119400,-0.0004972462193109095,1.8036780371488704e-07,-3.6883021235466003,5.3077935e-07,0.0,-4.3845109939575195,-0.0002304252233643389
119600,-0.0006818535039201379,1.7535224685616413e-07,-3.68831267952919,6.565451e-07,0.0,-5.061672687530518,-0.00027053673698901326
119800,-0.00047387523227371275,1.7280695345789355e-07,-3.688268059492111,8.994341e-07,0.0,-4.8519134521484375,-0.0002526369457131583
120000,-0.0003828966582659632,2.3845087504525964e-07,-3.6882293224334717,6.225705e-07,0.0,-4.598336219787598,-0.0002075735795906475
120200,-0.0003951587132178247,1.8732647646402257e-07,-3.6883152186870576,3.2961367e-07,0.0,-6.420613765716553,-0.000165860204910806
120400,-0.00046856256085447967,1.1264106145603136e-07,-3.6883334815502167,4.881621e-07,0.0,-1.6553826332092285,-0.00018875658671460016
120600,-0.0005800891085527837,1.123272610037418e-07,-3.6883335173130036,6.201863e-07,0.0,-3.709765911102295,-0.0002453234010155236
120800,-0.00021664331143256277,1.0627675584018448e-07,-3.688373792171478,3.7401918e-07,0.0,-3.8626747131347656,-0.0001464904698984526
121000,-0.00016519406926818192,1.1668671877629322e-07,-3.6882832050323486,6.1720607e-07,0.0,-1.7489464282989502,-0.00023162132424090487
121200,-0.000660699384752661,1.4077851631100203e-07,-3.6883232414722444,6.499887e-07,0.0,-2.400907278060913,-0.0002856831263522874
121400,-0.0005326187238097191,1.2862227425358696e-07,-3.6882161617279055,5.5223705e-07,0.0,-2.664238452911377,-0.00022980247167749823
121600,-0.0007666042074561119,1.8224824849255583e-07,-3.688194292783737,8.7052587e-07,0.0,-6.430424690246582,-0.0002766803878350821
121800,-0.000525421230122447,2.526283402914942e-07,-3.6883201241493224,4.4167044e-07,0.0,-5.803406238555908,-0.00019033976599369673
122000,-0.0005647626239806414,1.7269211287640475e-07,-3.6882221579551695,6.8992375e-07,0.0,-3.6227335929870605,-0.00023224469939304716
122200,-0.0006972560659050941,1.2151289361383987e-07,-3.688257431983948,5.26011e-07,0.0,-0.5834399461746216,-0.00022813415531400816
122400,-0.0004148109583184123,1.6762288446159346e-07,-3.688248324394226,5.206466e-07,0.0,-6.379072189331055,-0.00019451037022877316
122600,-0.00038114681956358254,1.377517977019238e-07,-3.6882295489311216,5.105138e-07,0.0,-2.586642265319824,-0.00019113968953528017
122800,-0.00026320700999349356,1.4277165316656237e-07,-3.6883364617824554,4.5984984e-07,0.0,-3.9720349311828613,-0.00019212869449938274
123000,-0.00040109726251102984,1.5140681526304433e-07,-3.6882074594497682,6.5594907e-07,0.0,-0.9729088544845581,-0.00024189840932138386
123200,-0.0006001589936204255,1.552694000039878e-07,-3.688208043575287,5.611777e-07,0.0,-2.8464622497558594,-0.00021898484763891446
123400,-0.0007187313167378306,2.1971743713322667e-07,-3.6882875740528105,6.070733e-07,0.0,-6.133206367492676,-0.00022896165245143152
123600,-0.0003016884729731828,1.132172635642803e-07,-3.6883611500263216,6.136298e-07,0.0,-4.126266956329346,-0.000228699401486665
123800,-0.0005030625034123659,1.3196979438134803e-07,-3.6882743418216704,4.4375656e-07,0.0,-3.1022558212280273,-0.0002082991033822701
124000,-0.0004451617714948952,1.0757044019982231e-07,-3.688272112607956,7.1227555e-07,0.0,-8.4366455078125,-0.00024465501193003946
124200,-0.0007196173537522554,1.976679694593031e-07,-3.6881876468658445,6.896257e-07,0.0,-0.7742470502853394,-0.00022078709016262187
124400,-0.0005658228765241802,1.3958876285968813e-07,-3.6883160769939423,7.379055e-07,0.0,-2.1740331649780273,-0.00026578811503350506
124600,-0.0009961762698367238,9.269185872184948e-08,-3.6882403194904327,5.6892634e-07,0.0,-4.607614994049072,-0.00022701262595545835
124800,-0.0006565515650436282,1.093367568927306e-07,-3.6881941676139833,6.5803533e-07,0.0,-3.8717031478881836,-0.00026823937979969514
125000,-0.0003117758606094867,2.0254043757717e-07,-3.6882103025913238,5.233288e-07,0.0,-1.981787919998169,-0.00019329749042935608
125200,-0.0003024230245500803,1.7123604667546033e-07,-3.688298296928406,4.482269e-07,0.0,-5.529791831970215,-0.00020580257573805661
125400,-0.0008006786811165512,1.364716430529711e-07,-3.6882803082466125,8.4340576e-07,0.0,-3.381458282470703,-0.0003017334338287547
125600,-0.0004192287742625922,1.9827634893943015e-07,-3.6882526993751528,5.7399274e-07,0.0,-3.995197296142578,-0.00022201587392554068
125800,-0.0004278493288438767,1.5758524751774416e-07,-3.6883043527603148,3.7848952e-07,0.0,-5.087594509124756,-0.00016833387456038906
126000,-0.00034511819831095636,1.1183428370031833e-07,-3.6882366120815275,3.3050776e-07,0.0,-1.416886568069458,-0.00014444941124360788
126200,-0.00029318660381250083,1.2522319736696375e-07,-3.6883521497249605,3.686547e-07,0.0,-13.502832412719727,-0.00017345361291122298
126400,-0.0006255478365346789,1.2769795310063614e-07,-3.6883110761642457,5.871058e-07,0.0,-2.0057995319366455,-0.00023651036556269212
126600,-0.0002909617905970663,2.2065063909337823e-07,-3.6881725788116455,5.9098005e-07,0.0,-3.7234573364257812,-0.0001928385577742553
126800,-0.0004927513073198497,9.988085558632065e-08,-3.688307023048401,4.2676925e-07,0.0,-9.696600914001465,-0.0001687206935211183
127000,-0.0005411712336353958,1.9276451475036537e-07,-3.6881809413433073,4.3600798e-07,0.0,-3.948686122894287,-0.00018962091227150423
127200,-0.0003774390497710556,1.2662799075968678e-07,-3.6882879972457885,6.097555e-07,0.0,-2.141383171081543,-0.00021592368079563772
127400,-0.0005277263699099422,1.2635088353363244e-07,-3.688223719596863,6.717444e-07,0.0,-3.410578727722168,-0.0002197063354465012
127600,-0.0006386219174601138,1.4423827323639671e-07,-3.6882079422473906,9.655953e-07,0.0,-1.2677230834960938,-0.00030282709996618527
127800,-0.000575876678340137,1.2183234812113142e-07,-3.6883381605148315,4.0888787e-07,0.0,-2.423597812652588,-0.00019962654187155593
128000,-0.0006999489269219339,1.2813761234298228e-07,-3.6882554233074187,7.116795e-07,0.0,-0.3099062442779541,-0.00025416183887319035
128200,-0.0005461316322907805,1.689721797148991e-07,-3.688268464803696,6.7502265e-07,0.0,-6.571446418762207,-0.0002765392270368927
128400,-0.0006543389172293246,1.149743139805537e-07,-3.688288676738739,3.656745e-07,0.0,-4.946840763092041,-0.000164773315650546
128600,-0.0002347759873373434,1.7747158604919376e-07,-3.6883043229579924,4.6521427e-07,0.0,-2.54435396194458,-0.0001825624288187555
128800,-0.0003375700325705111,1.3632557607223817e-07,-3.6883049428462984,4.339218e-07,0.0,-2.6421749591827393,-0.0001956900397719785
129000,-0.00040447336505167186,1.3113515260343433e-07,-3.688326621055603,3.609061e-07,0.0,-7.766798973083496,-0.00016557420710585635
129200,-0.0005171038210391998,1.7502052269691147e-07,-3.6882408916950227,7.1942804e-07,0.0,-4.642800331115723,-0.0002882449766337558
129400,-0.0004790513776242733,1.484305663268515e-07,-3.6882720828056335,5.581975e-07,0.0,-2.5707645416259766,-0.0002178098558806907
129600,-0.0006815182277932763,1.3076594722605251e-07,-3.688276416063309,6.0737136e-07,0.0,-2.5754616260528564,-0.0002585991328948989
129800,-0.0003182522195857018,1.4842015492178006e-07,-3.6883454084396363,3.6507845e-07,0.0,-2.9692740440368652,-0.0001613625937980645
130000,-0.0006971907569095492,1.0783594461827306e-07,-3.6883041322231294,5.8770183e-07,0.0,-6.538311004638672,-0.0002508490903440075
130200,-0.0005486310692504048,1.905536493040927e-07,-3.6883605897426603,4.851818e-07,0.0,-3.476992607116699,-0.00018855183483085236
130400,-0.0003044070617761463,1.63900375405035e-07,-3.6882798850536345,4.7087667e-07,0.0,-1.719144582748413,-0.00018673949656831113
130600,-0.00043222226668149233,1.8494797657808703e-07,-3.6883028149604797,5.319714e-07,0.0,-2.4434726238250732,-0.000209640658687138
130800,-0.00028734043007716537,9.776571161523861e-08,-3.6882712662220003,4.0233135e-07,0.0,-9.771541595458984,-0.00015673385591368215
131000,-0.0005566212348639965,1.34945526752972e-07,-3.6883437395095826,4.5478345e-07,0.0,-2.0427610874176025,-0.00019327415519222735
131200,-0.0005316478782333434,1.1325857069977019e-07,-3.6883282601833343,3.9488077e-07,0.0,-3.739671230316162,-0.00019281767315930675
131400,-0.0009451908990740776,1.2670053060048758e-07,-3.688215285539627,6.720424e-07,0.0,-4.78501558303833,-0.00019754893996921653
131600,-0.0006162933423183858,1.5759394056402698e-07,-3.6882764041423797,6.437302e-07,0.0,-2.08237624168396,-0.00026379130843724453
131800,-0.0005689563695341349,1.8209414776038102e-07,-3.6883324444293977,4.4822696e-07,0.0,-8.468351364135742,-0.00021383608211931194
132000,-0.0004575663770083338,1.0459345958224731e-07,-3.6883572697639466,3.8594004e-07,0.0,-3.486842632293701,-0.0001812696454421725
132200,-0.000317255879053846,1.5606907997067764e-07,-3.688260954618454,3.9279462e-07,0.0,-2.6476263999938965,-0.00014682130338962706
132400,-0.00047822316992096603,1.4218478856520277e-07,-3.6883884966373444,4.795194e-07,0.0,-4.475740909576416,-0.0001999981976664511
132600,-0.0001301477459492162,1.2279107313162286e-07,-3.688346767425537,4.646182e-07,0.0,-3.809952735900879,-0.0001887846371942059
132800,-0.0005348422564566135,1.544333120051533e-07,-3.6882573425769807,4.628301e-07,0.0,-4.879655361175537,-0.00020035858603386635
133000,-0.0003413705271668732,1.84531736024951e-07,-3.688307225704193,6.4522027e-07,0.0,-7.975107192993164,-0.00026626889203691385
133200,-0.00012857577530667186,1.1754674655861663e-07,-3.6883387088775637,4.2408703e-07,0.0,-6.154801845550537,-0.00018362037981944912
133400,-0.0004644115106202662,1.3070448652285903e-07,-3.6883330166339876,5.218387e-07,0.0,-3.970494270324707,-0.0002035264596387698
133600,-0.0007400935282930732,1.2081789861895232e-07,-3.688295567035675,6.8753957e-07,0.0,-6.551662921905518,-0.0002698928113081811
133800,-0.0005880411481484771,1.0470326667899599e-07,-3.6883278489112854,8.395314e-07,0.0,-2.6567957401275635,-0.00026387892442016894
134000,-0.0002733660221565515,1.7202141400218807e-07,-3.6882305562496187,4.959106e-07,0.0,-1.7290589809417725,-0.000177731260031172
134200,-0.000240521170780994,7.877680712198298e-08,-3.688305127620697,4.848838e-07,0.0,-0.9582297801971436,-0.00021677097732277772
134400,-0.0004789094964507967,1.911184929426213e-07,-3.688273000717163,6.6459177e-07,0.0,-2.669597864151001,-0.00024051082834546377
134600,-0.00044004415394738317,4.856113262619033e-08,-3.688290166854858,4.211068e-07,0.0,-10.851521492004395,-0.00016571292724090191
134800,-0.0005387731362134218,1.434018036761131e-07,-3.6882869482040403,4.5597554e-07,0.0,-6.567113876342773,-0.0002019024778651346
135000,-0.0006769653991796076,1.271514458167644e-07,-3.688278889656067,6.8336726e-07,0.0,-3.343982219696045,-0.00028262036743013084
135200,-0.0005091988714411855,6.537507877268922e-08,-3.6883114755153654,6.2912704e-07,0.0,-5.809489727020264,-0.0002465077351907874
135400,-0.0006243039388209581,1.1428679016489696e-07,-3.6882381081581115,4.5508145e-07,0.0,-4.6222429275512695,-0.00019253531096774523
135600,-0.000608571688644588,1.5183091512938062e-07,-3.6882659614086153,4.9829487e-07,0.0,-3.1959595680236816,-0.0002259110074173787
135800,-0.00021890652715228498,1.076452742054812e-07,-3.6882370114326477,4.2289497e-07,0.0,-4.391754150390625,-0.00016840228492949195
136000,-0.0004933965392410755,1.320449969810511e-07,-3.6882391810417174,4.813075e-07,0.0,-2.86470365524292,-0.0002153399431649605
136200,-0.0005329140112735331,1.5612648667229224e-07,-3.6883267998695373,7.3075296e-07,0.0,-1.6873037815093994,-0.00022942209267826641
136400,-0.0006682533421553671,1.864624717740071e-07,-3.6882773101329804,5.8084726e-07,0.0,-2.5343410968780518,-0.00022988287118522744
136600,-0.0004998052027076483,1.523937205760717e-07,-3.6881749510765074,6.6727404e-07,0.0,-2.7284767627716064,-0.0002739748506555784
136800,-0.0004738263669423759,1.785789002894944e-07,-3.688253653049469,5.146861e-07,0.0,-3.1855411529541016,-0.00018469765036264186
137000,-0.0007161660469137132,1.4652153890182262e-07,-3.688195836544037,8.0257655e-07,0.0,-1.631000280380249,-0.0003078337994193214
137200,-0.00039820175152271986,1.5649768272396614e-07,-3.688228589296341,3.629923e-07,0.0,-5.049415111541748,-0.00015064839166711863
137400,-0.0006086486391723156,1.075479129752921e-07,-3.6882620632648466,4.5597554e-07,0.0,-3.593050003051758,-0.00020608617342918745
137600,-0.000550543365534395,1.0662101566083492e-07,-3.688190448284149,6.6637995e-07,0.0,-2.1780619621276855,-0.0002508745043651395
137800,-0.00035356826265342534,7.836794502225075e-08,-3.688274270296097,6.7800283e-07,0.0,-4.096989154815674,-0.00017608761791141348
138000,-0.00034449680242687464,1.443818939961261e-07,-3.688315486907959,4.914403e-07,0.0,-2.1675989627838135,-0.00021073251205097065
138200,-0.000705153972376138,9.496963775390554e-08,-3.688272535800934,6.1035155e-07,0.0,-4.264039993286133,-0.0002518717653261948
138400,-0.0007686670869588852,1.5324745898936954e-07,-3.6881446123123167,7.9661606e-07,0.0,-2.825284719467163,-0.0002989451572478874
138600,-0.0005512861534953117,2.5065878581642666e-07,-3.6881123542785645,8.0496073e-07,0.0,-2.632843255996704,-0.0002429241966459994
138800,-0.0006077230791561306,1.186798421315416e-07,-3.6883076548576357,5.143881e-07,0.0,-0.48301875591278076,-0.0001993975933369363
139000,-0.0003723782720044255,1.683236391158971e-07,-3.6881444990634917,6.014109e-07,0.0,-0.45031440258026123,-0.0002393281465292496
139200,-0.0007677343091927469,1.7519757093964473e-07,-3.6881634116172792,6.5445903e-07,0.0,-3.2109875679016113,-0.0002305360127231759
139400,-0.0006035425467416644,6.973349329086886e-08,-3.6881835639476774,4.6908855e-07,0.0,-5.661391735076904,-0.0001896530726137158
139600,-0.00022102102229837328,7.514799928998173e-08,-3.6882432460784913,4.1216612e-07,0.0,-1.6596813201904297,-0.00016853693833809302
139800,-0.0004185006255283952,1.5307481788795484e-07,-3.6881744980812075,6.0021875e-07,0.0,-3.129258632659912,-0.00019749549818908195
140000,-0.0005187205388210714,1.8318719465781897e-07,-3.688124734163284,8.1449747e-07,0.0,-8.069087028503418,-0.00026720228728915885
140200,-0.0005832268507219851,1.0633112346170037e-07,-3.688246190547943,6.324053e-07,0.0,-3.657593250274658,-0.0002548011705090225
140400,-0.000564956630114466,1.5225418934505796e-07,-3.6882306814193724,5.620718e-07,0.0,-3.2147183418273926,-0.0002300741586516164
140600,-0.0006575449951924384,1.6202539647736104e-07,-3.688219851255417,7.477403e-07,0.0,-4.439445972442627,-0.0002710703180880403
140800,-0.0005033641355112195,8.435169140952326e-08,-3.688252890110016,4.902482e-07,0.0,-2.1094162464141846,-0.00021797862662140677
141000,-0.00040079609607346356,8.556437176565624e-08,-3.688184005022049,4.7832725e-07,0.0,-5.2906599044799805,-0.0001801739851793105
141200,-0.0004011801502201706,1.0528902016915254e-07,-3.688212734460831,5.77867e-07,0.0,-5.103895664215088,-0.00021339321083542196
141400,-0.00043782757711596787,1.55899829579198e-07,-3.6881925463676453,5.465746e-07,0.0,-2.088122606277466,-0.00020402090663498295
141600,-0.0003409121127333492,1.366881487996352e-07,-3.6881470799446108,5.1975246e-07,0.0,-6.718419551849365,-0.00020978481949147644
141800,-0.0005407865974120796,1.9960031529819844e-07,-3.6882022261619567,6.657839e-07,0.0,-6.808313369750977,-0.00024879494499271406
142000,-0.0004894552985206246,1.0414370983369281e-07,-3.6882279098033903,4.908443e-07,0.0,-2.1598329544067383,-0.00017589384664949969
142200,-0.0005461019463837147,1.735159383287055e-07,-3.6881706178188325,3.874302e-07,0.0,-5.017475128173828,-0.00017286928103339428
142400,-0.000602566811721772,8.78896633693671e-08,-3.688307988643646,4.7236682e-07,0.0,-15.488241195678711,-0.00021221219594802498
142600,-0.00039633005508221686,1.0203057216884304e-07,-3.6882870495319366,4.905462e-07,0.0,-7.43366813659668,-0.00020071300318602603
142800,-0.0003323224082123488,1.5354244364829128e-07,-3.688225346803665,8.505583e-07,0.0,-3.5757737159729004,-0.0002851316864738385
143000,-0.0005189569783397019,1.0452221230750069e-07,-3.6882699549198152,5.304813e-07,0.0,-2.404282569885254,-0.0002264238973766597
143200,-0.0010363272158429027,2.2382467257386907e-07,-3.688221436738968,1.0424853e-06,0.0,-5.554394721984863,-0.000359952003677555
143400,-0.0006753987399861217,1.696271784368264e-07,-3.6882384121418,5.5104493e-07,0.0,-4.873007774353027,-0.0002477613224742825
143600,-0.0005104002775624394,1.018887109793809e-07,-3.688186877965927,6.4700845e-07,0.0,-1.0627479553222656,-0.00023510900243106647
143800,-0.0005491521442309022,1.6804757478894318e-07,-3.688222771883011,4.285574e-07,0.0,-4.453787803649902,-0.00018368811794946537
144000,-0.0007222835556603968,1.802701527608974e-07,-3.688170075416565,7.608533e-07,0.0,-3.7689833641052246,-0.00026898126909259413
144200,-0.0005903769051656127,8.095542245456499e-08,-3.688262438774109,6.66976e-07,0.0,-5.305957317352295,-0.00025373741233760685
144400,-0.0007246046443469822,8.430555729077582e-08,-3.68828746676445,6.7234043e-07,0.0,-3.605881690979004,-0.0002521502775070905
144600,-0.00034722196869552135,1.173596485770645e-07,-3.688239073753357,4.6521427e-07,0.0,-0.33059561252593994,-0.00020216161655196575
144800,-0.0004110839799977839,2.0026840257258983e-07,-3.688166952133179,3.6925076e-07,0.0,-4.272380828857422,-0.000161740764213536
145000,-0.00037521793274208903,1.800048790912001e-07,-3.688258558511734,4.923344e-07,0.0,-8.367112159729004,-0.0001925480673353519
145200,-0.0005382075905799866,1.768145175162772e-07,-3.688204687833786,4.273653e-07,0.0,-4.741150856018066,-0.0001993881341477377
145400,-0.0005958966794423759,1.834986290916163e-07,-3.6882001042366026,6.3180926e-07,0.0,-1.2210266590118408,-0.00021550419904432517
145600,-0.0005660580936819315,7.83149572747277e-08,-3.6882593989372254,5.581975e-07,0.0,-1.9270191192626953,-0.0002246845517233864
145800,-0.0005183987668715417,1.2920048462206068e-07,-3.6882362008094787,4.1425227e-07,0.0,-4.455655097961426,-0.00020223519166959747
146000,-0.0004756671842187643,1.2595466198916937e-07,-3.688184356689453,6.610155e-07,0.0,-4.036413192749023,-0.00021814114004747864
146200,-0.0007293708040378988,2.0079624079016868e-07,-3.688176602125168,6.914139e-07,0.0,-3.8121752738952637,-0.0002464709565211054
146400,-0.00022427079966291785,2.2220142632534133e-07,-3.6881532192230226,4.5865772e-07,0.0,-4.221279144287109,-0.00015194541212553147
146600,-0.0004134122282266617,1.5272796574095083e-07,-3.6881938338279725,6.470084e-07,0.0,-3.5094757080078125,-0.00020968899716073964
146800,-0.0005679155001416802,1.4323589443421269e-07,-3.688268983364105,5.728006e-07,0.0,-1.8327703475952148,-0.00023416528757342904
147000,-0.0006620307685807347,1.4217769042090823e-07,-3.6882224678993225,6.559491e-07,0.0,-4.699641227722168,-0.0002841338531081927
147200,-0.000523437571246177,7.30902811163503e-08,-3.6882646441459657,5.567074e-07,0.0,-1.485213041305542,-0.00020462364687148237
147400,-0.0002360094804316759,7.930799563737879e-08,-3.6882647931575776,3.3229588e-07,0.0,-1.218763828277588,-0.00013422323883258703
147600,-0.0003210715367458761,1.3951738662143497e-07,-3.6882468938827513,3.2305718e-07,0.0,-2.8717715740203857,-0.00014508953600467223
147800,-0.0003937739529646933,7.552078544748042e-08,-3.6882649779319765,5.0485136e-07,0.0,-1.2928271293640137,-0.00018540190211877028
148000,-0.00046290396130643785,1.1354401223684363e-07,-3.688273102045059,3.7789346e-07,0.0,-1.2662925720214844,-0.00015206458472256658
148200,-0.0006265200790949166,8.696284723441749e-08,-3.68830486536026,4.7087667e-07,0.0,-8.892740249633789,-0.0002220449077259934
148400,-0.0004107384302187711,1.213375803388317e-07,-3.6881697297096254,5.149841e-07,0.0,-3.3104376792907715,-0.00017962627516778795
148600,-0.000831202429253608,1.278374812230254e-07,-3.688321977853775,7.602573e-07,0.0,-4.438684463500977,-0.0002825146760804476
148800,-0.0004991435562260449,7.56232560128467e-08,-3.68826784491539,3.7252903e-07,0.0,-5.311064720153809,-0.000179998428551853
149000,-0.00025346901384182274,7.633644907301119e-08,-3.6882311344146728,5.066395e-07,0.0,-1.408468246459961,-0.00017229601775796687
149200,-0.0006695677875541151,8.573114049781338e-08,-3.688240760564804,5.698204e-07,0.0,-1.6542115211486816,-0.00021853797114941288
149400,-0.0004857276799157262,1.763108643970668e-07,-3.6881533682346346,7.2360035e-07,0.0,-3.9320082664489746,-0.00022923122606789416
149600,-0.0003493381664156914,1.1751510111679409e-07,-3.6882350742816925,3.3676625e-07,0.0,-2.5098073482513428,-0.00013461524242325273
149800,-0.0005914320354349911,1.5250448246462155e-07,-3.688267093896866,6.1750416e-07,0.0,-4.028921604156494,-0.0002536175397494844
150000,-0.0004737388517241925,1.2036913172863705e-07,-3.688236951828003,5.957484e-07,0.0,-4.699021339416504,-0.0002207719661096341
150200,-0.0005268835811875761,1.1066908163215317e-07,-3.688230758905411,5.7399274e-07,0.0,-0.9034661054611206,-0.00022572811051702057
150400,-0.0005029214662499726,1.390805479672963e-07,-3.688223785161972,5.111098e-07,0.0,-6.163741588592529,-0.0001956033036132787
150600,-0.0007265980821102858,1.2347717746052921e-07,-3.6882252633571624,6.0290097e-07,0.0,-1.1337428092956543,-0.0002418673029692453
150800,-0.0006943679763935506,1.4970755106702428e-07,-3.688179260492325,6.2048434e-07,0.0,-0.6309182643890381,-0.00022780486682222323
151000,-0.0007001595222391188,1.0297166461725737e-07,-3.688162457942963,6.383657e-07,0.0,-6.290191173553467,-0.00023174849241490713
151200,-0.00046583276707679033,1.6508811224724694e-07,-3.688203901052475,5.605817e-07,0.0,-1.2023367881774902,-0.0002304310950294153
151400,-0.0007173073827289045,1.3465537751500278e-07,-3.6881666660308836,6.353855e-07,0.0,-2.589277505874634,-0.00027173370018998
151600,-0.0005694409483112395,9.964984517552012e-08,-3.688160002231598,5.212426e-07,0.0,-3.316427707672119,-0.00020216348810220275
151800,-0.0009854279924184084,1.642469676710334e-07,-3.6881118774414063,9.325147e-07,0.0,-4.897343635559082,-0.0003095148284136151
152000,-0.0003738844534382224,1.5462687947831454e-07,-3.6881664514541628,6.0707333e-07,0.0,-6.306976318359375,-0.00020500608146949427
152200,-0.0008269467507489026,1.4808156514334315e-07,-3.688212102651596,6.979704e-07,0.0,-1.3820934295654297,-0.000248381281132426
152400,-0.0006520592723973095,1.4857328505257784e-07,-3.6881672918796538,6.917119e-07,0.0,-1.78934645652771,-0.0002795682782264053
152600,-0.0008128812769427896,4.9768712351294654e-08,-3.6882200717926024,8.442998e-07,0.0,-8.763065338134766,-0.00029274631540330274
152800,-0.0004381941689644009,1.6480454068101835e-07,-3.688259655237198,3.8504598e-07,0.0,-9.233291625976562,-0.00017864110904565743
153000,-0.0004932156298309565,9.14843393928777e-08,-3.6881606936454774,4.9471856e-07,0.0,-2.251295566558838,-0.00017462299676673787
153200,-0.0005363567033782601,1.342136819459938e-07,-3.688237953186035,6.0707333e-07,0.0,-12.298112869262695,-0.00022286395506421197
153400,-0.00045906228478997946,1.0310893943099586e-07,-3.6881169974803925,6.0617924e-07,0.0,-9.952579498291016,-0.0002654623164343173
153600,-0.0005873363115824759,1.0968680594913848e-07,-3.6881421744823455,6.997585e-07,0.0,-2.236738681793213,-0.00023122327756641692
153800,-0.00038983728154562414,1.3346695411087238e-07,-3.6880880892276764,6.7830086e-07,0.0,-4.635894298553467,-0.0002561840270440152
154000,-0.0005436577484942973,1.290056657055061e-07,-3.6881428718566895,7.885695e-07,0.0,-6.141702651977539,-0.000248431861437215
154200,-0.0005520751001313329,1.0771736445036594e-07,-3.6881844997406006,6.067753e-07,0.0,-1.9913437366485596,-0.0002575156408154311
154400,-0.000553903344552964,1.0693580598797325e-07,-3.688146948814392,4.0739775e-07,0.0,-2.3817965984344482,-0.00017677383169689698
154600,-0.0006286329007707536,1.91024403406459e-07,-3.6881360471248628,6.2674286e-07,0.0,-2.9081454277038574,-0.00021723651108329634
154800,-0.0008539079572074115,1.322952069671146e-07,-3.6881546318531035,5.8472153e-07,0.0,-3.420384407043457,-0.0002439187866896231
155000,-0.00033853010972961783,1.255517036113929e-07,-3.6882125198841096,3.3229588e-07,0.0,-7.694559097290039,-0.00012380955320123732
155200,-0.0004039593040943146,1.686572295156452e-07,-3.6880991995334624,3.9547683e-07,0.0,-5.496345043182373,-0.0001516775183332264
155400,-0.00047225545858964324,1.5206068031403676e-07,-3.688167876005173,4.8458577e-07,0.0,-3.7566375732421875,-0.00017784553809527815
155600,-0.000516601197887212,9.080914864512124e-08,-3.6882015109062194,4.941225e-07,0.0,-3.5512890815734863,-0.00023076195944282674
155800,-0.00037814429379068315,1.4094735671932314e-07,-3.6882038533687593,5.593896e-07,0.0,-4.502099514007568,-0.00021388493435983146
156000,-0.00044299178989604115,4.2236348773982967e-08,-3.6882018625736235,6.3419344e-07,0.0,-4.245530128479004,-0.0002419042517275316
156200,-0.00045780293294228613,6.696246086512758e-08,-3.688180524110794,6.222725e-07,0.0,-2.3879711627960205,-0.00023331747844985707
156400,-0.0004653071810025722,1.41634772532484e-07,-3.6882132411003115,5.337596e-07,0.0,-0.28138017654418945,-0.0001958292118170668
156600,-0.000701057375408709,8.901536965311153e-08,-3.6881967782974243,5.576014e-07,0.0,-10.88331127166748,-0.0002282066044384745
156800,-0.0006352713098749518,2.0323767380148183e-07,-3.6881755232810973,4.7415497e-07,0.0,-1.6869349479675293,-0.00020878772545596114
157000,-0.00020148049225099385,1.0894061794886056e-07,-3.6882957220077515,5.3077935e-07,0.0,-2.5646862983703613,-0.00021985738850722748
157200,-0.0005875722854398191,1.8314963927679174e-07,-3.6882105231285096,4.518032e-07,0.0,-7.765654563903809,-0.00019444859753732225
157400,-0.0005531810456886888,7.802246777544042e-08,-3.688208872079849,5.2839516e-07,0.0,-7.571535110473633,-0.0001947305219373474
157600,-0.0006571286357939243,7.312197061182247e-08,-3.68825324177742,5.6058167e-07,0.0,-4.491689205169678,-0.00022499232812902003
157800,-0.0006280415691435337,1.7159207192918303e-07,-3.688149470090866,5.757809e-07,0.0,-3.462373733520508,-0.00021686683614614567
158000,-0.00038417932228185236,1.391802624262084e-07,-3.6882261514663695,4.0918587e-07,0.0,-6.909815788269043,-0.00015702140765143645
158200,-0.00033420376712456346,1.6094147436973572e-07,-3.6881137609481813,6.040931e-07,0.0,-2.2784202098846436,-0.00021344241588334701
158400,-0.00022224831627681851,1.481906776845676e-07,-3.688252305984497,3.325939e-07,0.0,-2.498142719268799,-0.0001525038473001894
158600,-0.0005157554987818003,9.060121559656409e-08,-3.6881761610507966,9.1850757e-07,0.0,-5.258247375488281,-0.00030012427563024245
158800,-0.0006760662072338164,4.758798750614801e-08,-3.688254851102829,5.865097e-07,0.0,-0.6980676651000977,-0.0002704201317941024
159000,-0.0004710277426056564,1.664194488881776e-07,-3.6881992161273955,4.881621e-07,0.0,-1.1838319301605225,-0.0001984560798207413
159200,-0.0004393857961986214,1.400517113836486e-07,-3.6882393956184387,4.4196844e-07,0.0,-2.4079208374023438,-0.00019029892973503325
159400,-0.0005361184012144804,1.6865788960984672e-07,-3.6881080150604246,6.8157914e-07,0.0,-2.763073205947876,-0.00021478341527801924
159600,-0.0004816047439817339,7.590793451583978e-08,-3.6882409036159514,3.6507845e-07,0.0,-5.477609634399414,-0.0001671936209802438
159800,-0.0003600624040700495,1.1420672461071035e-07,-3.688189482688904,5.289912e-07,0.0,-2.1025004386901855,-0.0001915888656140119
160000,-0.0005344512755982578,1.331423991501879e-07,-3.6881528377532957,7.686019e-07,0.0,-3.7024407386779785,-0.00025915756791698995
160200,-0.0006948361988179386,9.056669041385134e-08,-3.6881624460220337,7.495284e-07,0.0,-1.577280044555664,-0.0002883965459280491
160400,-0.0003663149836938828,1.8307467257727695e-07,-3.6881402373313903,5.38826e-07,0.0,-5.947690010070801,-0.0002049286379940618
160600,-0.00038413243601098657,5.8202638797411056e-08,-3.6882180690765383,4.3541192e-07,0.0,-1.9669620990753174,-0.00017863122402603793
160800,-0.0005077875684946775,7.399194945634235e-08,-3.6881795465946197,4.908443e-07,0.0,-2.664762258529663,-0.00021639532691597463
161000,-0.00033684162190183997,1.6047971822530372e-07,-3.688242906332016,3.7282706e-07,0.0,-4.400904655456543,-0.00015640426956076148
161200,-0.0004672366485465318,1.2337181551913545e-07,-3.6882480561733244,4.7832725e-07,0.0,-4.51054573059082,-0.0001943436081601302
161400,-0.00022628725855611265,1.1909174428836877e-07,-3.688202369213104,5.492568e-07,0.0,-7.307509422302246,-0.0002107694195012666
161600,-0.0005989078199490905,9.715537423460318e-08,-3.6881518602371215,6.139278e-07,0.0,-5.535737037658691,-0.00021182184335337694
161800,-0.0003672134189400822,1.1512257307444429e-07,-3.6880953907966614,4.7534704e-07,0.0,-0.41464996337890625,-0.00016821255504231302
162000,-0.0007529683643952012,1.0190463921588843e-07,-3.6882100641727447,7.581711e-07,0.0,-3.226027488708496,-0.0003032353080116401
162200,-0.0004138149961363524,1.4964175942822067e-07,-3.6881573140621184,6.5058475e-07,0.0,-1.3357484340667725,-0.0002362208514614217
162400,-0.0007342948811128736,8.82425538861753e-08,-3.688127279281616,5.13494e-07,0.0,-1.3911256790161133,-0.00019027533433109146
162600,-0.00039788789581507444,1.1402730875076372e-07,-3.6882187485694886,5.2511695e-07,0.0,-2.071284294128418,-0.0001936162262022645
162800,-0.0003043560718651861,1.1181217072220306e-07,-3.688196176290512,2.6255847e-07,0.0,-1.172670841217041,-0.000116636714927143
163000,-0.00039521398139186203,1.3226248647413285e-07,-3.688288998603821,5.2332877e-07,0.0,-1.8280353546142578,-0.00023969991524301902
163200,-0.0003197386977262795,1.1454906836405599e-07,-3.6882676124572753,2.95341e-07,0.0,-8.632485389709473,-0.0001390158232927874
163400,-0.0006412832881323993,1.5861095796765313e-07,-3.6881824016571043,4.4137238e-07,0.0,-8.58874797821045,-0.0001883354326821518
163600,-0.0007543881074525416,1.980752138308617e-07,-3.6881525099277495,6.777048e-07,0.0,-1.626338243484497,-0.00022622975674801982
163800,-0.0007462301291525364,1.4897147853076832e-07,-3.688146007061005,7.0512294e-07,0.0,-3.163926601409912,-0.00026501442452786517
164000,-0.0006237493362277746,9.471729756072023e-08,-3.6880739986896516,7.995963e-07,0.0,-1.6107916831970215,-0.00026879435158448927
164200,-0.0007086566183716059,1.0772556500171503e-07,-3.688119000196457,5.456805e-07,0.0,-1.720325231552124,-0.0002213165365149594
164400,-0.0003398905391804874,0.0003621415271481965,-3.6885252594947815,3.6329033e-07,0.0,-2.0144147872924805,-0.00019627979396545924
164600,-0.0005685046780854464,0.0001882684744487051,-3.6882925152778627,6.54757e-07,0.0,-2.155752182006836,-0.000256482838245109
164800,-0.00041470309952273965,5.0373590283925296e-05,-3.6882010638713836,5.051494e-07,0.0,-1.2172744274139404,-0.00021740946192334577
165000,-0.0006211994914337993,1.9916142468900945e-05,-3.6881987273693086,5.763769e-07,0.0,0.025447309017181396,-0.00022773405781437717
165200,-0.0003624155360739678,1.8714335988079255e-05,-3.6881953954696653,6.425381e-07,0.0,0.06133079528808594,-0.00025332959074830796
165400,-0.0007918516057543457,1.118444308758626e-05,-3.6881373167037963,6.7800283e-07,0.0,0.1356905698776245,-0.0002490876620206528
165600,-0.0007330903317779303,1.764509004260617e-05,-3.688142305612564,6.5863134e-07,0.0,0.08383393287658691,-0.00023519766984492207
165800,-0.0007858872995711863,2.668218889994023e-05,-3.688114809989929,7.1525574e-07,0.0,-0.035454630851745605,-0.00027512966157088313
166000,-0.00046363400178961456,1.9522604975463765e-05,-3.688122069835663,5.805492e-07,0.0,-0.12546086311340332,-0.00022652661933603158
166200,-0.0005738631007261574,2.9522538170567714e-05,-3.6882470726966856,5.8352947e-07,0.0,-0.12577080726623535,-0.00023370496922261452
166400,-0.0005165550392121077,1.826504840209964e-05,-3.688115954399109,5.766749e-07,0.0,0.0030738115310668945,-0.00020274555647887827
166600,-0.00021829719480592757,3.750274318008451e-05,-3.688238787651062,7.793307e-07,0.0,0.053628504276275635,-0.0002465966798528063
166800,-0.0008531139465048909,2.776182100205915e-05,-3.6882239520549773,7.2628256e-07,0.0,0.15713953971862793,-0.00027918030280278395
167000,-0.0006264387629926205,4.5890072669863e-05,-3.6881914675235747,7.6681374e-07,0.0,0.05031156539916992,-0.00027999484753649106
167200,-0.0006753524066880345,1.2935215977449843e-05,-3.688063496351242,6.350875e-07,0.0,-0.09530174732208252,-0.0002662015108003679
167400,-0.0006154539296403527,6.927648710188805e-05,-3.6881518423557282,8.08239e-07,0.0,-0.003102540969848633,-0.00026662173218210404
167600,-0.0007883182261139154,2.5088097845582525e-05,-3.688120257854462,8.293987e-07,0.0,0.05961638689041138,-0.0003032432215859471
167800,-0.0006239672075025737,3.791049375649891e-05,-3.6880911231040954,7.468462e-07,0.0,0.008925437927246094,-0.00025635131732770766
168000,-0.00042624081834219396,1.4524299001550389e-05,-3.688136857748032,5.5372715e-07,0.0,-0.06685411930084229,-0.00021927503639957991
168200,-0.0006462351302616298,2.6405305015941848e-05,-3.688122922182083,7.5757504e-07,0.0,0.04930388927459717,-0.00031409679540730375
168400,-0.0006715874769724905,1.777135712472955e-05,-3.688102424144745,5.7935716e-07,0.0,-0.00826418399810791,-0.00025937858228770595
168600,-0.0006752999033778906,1.2318021572355064e-05,-3.6881327092647553,6.1780213e-07,0.0,-0.05372726917266846,-0.00024290037063616764
168800,-0.0004433851281646639,1.863952536496072e-05,-3.688210189342499,3.8415192e-07,0.0,-0.18051493167877197,-0.00015664370265882076
169000,-0.0005409084842540324,1.2665201961681304e-05,-3.6882488906383513,4.699826e-07,0.0,-0.11294281482696533,-0.00021781489547265665
169200,-0.0003757834492716938,1.605978277439135e-05,-3.6881408512592317,5.9932466e-07,0.0,-0.14186382293701172,-0.0002306482782435948
169400,-0.0008496721857227385,3.0596993337894676e-05,-3.6881321012973785,7.241964e-07,0.0,-0.01694178581237793,-0.00023864422009229892
169600,-0.0006394419469870627,4.2713584116427226e-05,-3.6881362438201903,7.510185e-07,0.0,-0.04089069366455078,-0.0003102646921762986
169800,-0.0005073712090961635,1.6414682045251537e-05,-3.6881971538066862,5.7309865e-07,0.0,-0.10482966899871826,-0.00020074886061995922
170000,-0.0005946562741883099,1.758488006089465e-05,-3.6881149649620055,7.060171e-07,0.0,-0.0435718297958374,-0.000269225359329317
170200,-0.0007107093115337193,1.4589526676900277e-05,-3.6881801068782805,6.7472456e-07,0.0,-0.03190255165100098,-0.00028414007942683116
170400,-0.0004601948312483728,2.5848121504168374e-05,-3.688196915388107,5.838275e-07,0.0,-0.00043642520904541016,-0.0002238505484313036
170600,-0.0007676859968341887,1.3725655207963428e-05,-3.688069450855255,7.379055e-07,0.0,-0.2501333951950073,-0.00028687609477060503
170800,-0.0005849603330716491,1.3992932599649066e-05,-3.688092291355133,5.3673983e-07,0.0,-0.018135547637939453,-0.00024030146121845064
171000,-0.00038945197593420744,3.729924260369444e-05,-3.687980794906616,5.236268e-07,0.0,-0.029186725616455078,-0.0001817128355171338
171200,-0.0004927357076667249,2.1600168906843464e-05,-3.6880924999713898,6.4224e-07,0.0,-0.10111367702484131,-0.00023827145965902297
171400,-0.0002482364943716675,1.6476205132676114e-05,-3.688135838508606,4.1812658e-07,0.0,-0.031510233879089355,-0.000174319626108288
171600,-0.0007831155671738088,2.0770233322764398e-05,-3.6881264805793763,6.03199e-07,0.0,0.027676641941070557,-0.00025324553522780845
171800,-0.00035517019568942487,2.2756572434445843e-05,-3.68809517621994,3.710389e-07,0.0,-0.01063835620880127,-0.00015662039016710593
172000,-0.0007413992425426841,2.4225434481195406e-05,-3.688076239824295,8.115172e-07,0.0,0.062462449073791504,-0.0003156019602722715
172200,-0.00028726240270771086,2.6977273046213666e-05,-3.6880927681922913,3.5345556e-07,0.0,0.10985779762268066,-0.00015610930316547477
172400,-0.0005120871355757117,1.9647044018711314e-05,-3.688103938102722,5.915761e-07,0.0,0.025102555751800537,-0.0002385752181569778
172600,-0.0005868563312105834,1.9292487900202103e-05,-3.6879771947860718,7.3969363e-07,0.0,-0.09954893589019775,-0.00030741775859315367
172800,-0.00010433771240059286,2.1895326153753557e-05,-3.688104635477066,5.3167344e-07,0.0,-0.05455958843231201,-0.00018925052216036686
173000,-0.00040047004586085677,2.479592112649698e-05,-3.6880640029907226,6.237626e-07,0.0,0.08793061971664429,-0.00023386052272235115
173200,-0.00036524285678751767,1.3357616433040676e-05,-3.6881328344345095,5.194545e-07,0.0,-0.04263424873352051,-0.0002332548501803755
173400,-0.00039198697777464986,3.579840249585686e-05,-3.6879413545131685,4.994869e-07,0.0,0.015857040882110596,-0.00017654110413829472
173600,-0.00045580623554997146,1.969074035059748e-05,-3.6880230247974395,6.222725e-07,0.0,0.10377287864685059,-0.00021568860364526988
173800,-0.0006517555448226631,3.046691786039446e-05,-3.6880946695804595,6.1899425e-07,0.0,-0.024074673652648926,-0.00023382823172903854
174000,-0.0004904741072095931,1.6324098191944357e-05,-3.68808519244194,5.64158e-07,0.0,0.10872769355773926,-0.00022383801645984303
174200,-0.0004418125899974257,4.676053081311693e-05,-3.688069558143616,3.2156706e-07,0.0,-0.02932584285736084,-0.00015151889547793118
174400,-0.0004905204987153411,2.2259313459471743e-05,-3.688132792711258,6.946922e-07,0.0,0.020210206508636475,-0.0002898220120526429
174600,-0.000659822253510356,1.4854765811378457e-05,-3.688076114654541,5.760789e-07,0.0,-0.11574840545654297,-0.00022068336587084404
174800,-0.0005540888523682952,2.5229096399925767e-05,-3.6881262004375457,7.56979e-07,0.0,0.08415043354034424,-0.0002690371815551984
175000,-0.0005140124703757465,2.7887537589776913e-05,-3.6881127297878264,4.1306018e-07,0.0,0.0185089111328125,-0.00016774408568149824
175200,-0.00048580282600596547,2.3179113418336784e-05,-3.688090991973877,4.3869022e-07,0.0,-0.06169843673706055,-0.00017619232838201883
175400,-0.00037882663309574127,7.09673279288836e-06,-3.6880158364772795,4.4971705e-07,0.0,0.015721261501312256,-0.0001806299225983299
175600,-0.00039368378929793835,1.858951220583549e-05,-3.688111263513565,7.3611733e-07,0.0,0.0076792240142822266,-0.0002769044614368887
175800,-0.0005234790733084083,1.640050631976919e-05,-3.688147932291031,5.996227e-07,0.0,-0.04327559471130371,-0.00026682618393572
176000,-0.00047194850048981607,2.2294816380963313e-05,-3.688137710094452,4.762411e-07,0.0,-0.22081315517425537,-0.00020361556133968728
176200,-0.0007235288503579795,2.192964593632496e-05,-3.688142549991608,6.970763e-07,0.0,0.01654273271560669,-0.000316739526353782
176400,-0.0002179709990741685,2.7213551038585138e-05,-3.6882981300354003,5.7011846e-07,0.0,-0.026316165924072266,-0.00020757974693879077
176600,-0.0005947613390162587,2.5251178976759546e-05,-3.6881048023700713,5.0306323e-07,0.0,-0.12734556198120117,-0.00025044484497087626
176800,-0.000720057578291744,1.6560023493639164e-05,-3.68809894323349,6.8247317e-07,0.0,0.02485257387161255,-0.0002813098434018002
177000,-0.0006547897937707603,9.977882325529207e-06,-3.688121575117111,8.031726e-07,0.0,0.2174552083015442,-0.00028573554483912744
177200,-0.0006637941114604473,3.7118640284461436e-05,-3.6880737245082855,6.28531e-07,0.0,-0.049300432205200195,-0.00023440784260913005
177400,-0.0003021814627572894,2.7421229970059357e-05,-3.6881337821483613,4.938245e-07,0.0,-0.13664960861206055,-0.00021754405746583495
177600,-0.0007087694248184562,2.484621190887992e-05,-3.688076305389404,6.8247317e-07,0.0,0.025018692016601562,-0.0002623498732245988
177800,-0.0005493880016729236,2.3088936654858116e-05,-3.688172483444214,5.203485e-07,0.0,-0.09796106815338135,-0.00020110219712097255
178000,-0.0006242427625693381,2.8986984261791804e-05,-3.6880773425102236,6.2823295e-07,0.0,-0.031068086624145508,-0.0002837382400910582
178200,-0.0005198481376282871,1.3004160882701398e-05,-3.6881861448287965,6.344914e-07,0.0,-0.23736584186553955,-0.00021712271145997165
178400,-0.0008306833915412426,2.6674966011341895e-05,-3.6880681037902834,6.684661e-07,0.0,-0.02558159828186035,-0.00025143033969871054
178600,-0.0007373773260042071,2.919327416748274e-05,-3.688083291053772,7.3939566e-07,0.0,-0.03982377052307129,-0.0002700877998620399
178800,-0.0006269997102208436,2.082539451748744e-05,-3.68802849650383,5.540252e-07,0.0,-0.012090325355529785,-0.00023517991661692328
179000,-0.0003742131229955703,1.7196998692270425e-05,-3.688226509094238,5.429983e-07,0.0,0.05870026350021362,-0.00022071206657843235
179200,-0.0005880532553419471,2.077069827919331e-05,-3.6880611717700957,3.9577486e-07,0.0,-0.021390914916992188,-0.00018453431156824075
179400,-0.00034527963725849986,1.55824717012365e-05,-3.688180661201477,5.3673983e-07,0.0,0.14192718267440796,-0.00021883848331412105
179600,-0.0007412630948238075,2.1798886677970586e-05,-3.6881242215633394,5.9843063e-07,0.0,0.11059379577636719,-0.000245025388582909
179800,-0.0005781525396741927,1.5189076225397003e-05,-3.6881476998329163,6.514788e-07,0.0,0.04876208305358887,-0.00023769201024055332
180000,-0.0006880645523779094,2.1734496317549202e-05,-3.688004952669144,5.871058e-07,0.0,-0.10923242568969727,-0.0002454430605247637
180200,-0.00039252627175301313,1.4904601607668156e-05,-3.6880956649780274,5.033612e-07,0.0,0.1336212158203125,-0.00019988006375524226
180400,-0.0005030921311117709,4.41476248397521e-05,-3.6881069362163545,6.058812e-07,0.0,0.11023563146591187,-0.00021414272394313372
180600,-0.0003777909150812775,3.451932734606089e-05,-3.6881642401218415,5.4597854e-07,0.0,-0.05090892314910889,-0.00022830104859705713
180800,-0.00045867744483985007,1.4308572417576215e-05,-3.6880811512470246,5.185604e-07,0.0,0.06009775400161743,-0.0002330382093870931
181000,-0.000408993277233094,2.8959806741113425e-05,-3.688079595565796,4.932284e-07,0.0,0.048272013664245605,-0.00021462327205270526
181200,-0.0004312715318519622,1.952702846210741e-05,-3.6881096243858336,3.9637087e-07,0.0,-0.017205357551574707,-0.00016346432283580458
181400,-0.0006135199218988419,3.303134317320655e-05,-3.688178825378418,6.470084e-07,0.0,-0.09374856948852539,-0.00026533282603475873
181600,-0.00011351529974490404,3.310465417598607e-05,-3.6880600571632387,4.3451786e-07,0.0,-0.03262662887573242,-0.00018046793105064296
181800,-0.0005469053285196424,1.6936689075919275e-05,-3.6881731033325194,7.793308e-07,0.0,0.12499350309371948,-0.0002851526102510604
182000,-0.0004842695780098438,2.9226485776234767e-05,-3.688150352239609,5.033612e-07,0.0,-0.02326667308807373,-0.000184862122711138
182200,-0.0007389122038148344,2.1415743640318395e-05,-3.6880669236183166,7.462502e-07,0.0,0.05771118402481079,-0.0002641609616007345
182400,-0.0005299936747178435,2.4398287609983527e-05,-3.68804794549942,5.447865e-07,0.0,-0.046244025230407715,-0.0002046205376943222
182600,-0.0006789453327655792,3.702256117321667e-05,-3.688156533241272,7.548929e-07,0.0,0.07990890741348267,-0.0002808827154244575
182800,-0.00035102476249448955,2.0244647498657286e-05,-3.688102626800537,5.069375e-07,0.0,-0.13732755184173584,-0.00020512816259543598
183000,-0.0004891828284598887,2.5055914602489792e-05,-3.6881152868270872,6.270409e-07,0.0,-0.09537267684936523,-0.00026951060424653674
183200,-0.0004947296110913157,1.710545113837725e-05,-3.6881691575050355,4.4345856e-07,0.0,0.031295061111450195,-0.00017202788758603483
183400,-0.0005241915350779891,2.3098190217751836e-05,-3.6882237136363982,5.498528e-07,0.0,0.023652613162994385,-0.00022463537902959186
183600,-0.000471842591650784,4.442971685421071e-05,-3.68809289932251,5.3018334e-07,0.0,-0.016998767852783203,-0.0002344694828130045
183800,-0.0006940242019481957,2.5848799532468546e-05,-3.68797248005867,7.0720915e-07,0.0,0.07288950681686401,-0.0002706906617559124
184000,-0.0004133628972340375,2.68785349362588e-05,-3.688079059123993,6.41644e-07,0.0,-0.19472813606262207,-0.00022093474720747964
184200,-0.0007489179261028767,1.9915961547667394e-05,-3.6880309641361237,8.4936624e-07,0.0,0.07761269807815552,-0.00032305768385845204
184400,-0.0006060498999431729,4.0733782543611594e-05,-3.688105881214142,6.5028667e-07,0.0,0.04309612512588501,-0.0002558337774280162
184600,-0.0005338684422895312,5.306718321662629e-05,-3.6881178319454193,6.264448e-07,0.0,0.15133512020111084,-0.00025746988549508744
184800,-0.0005175413680262864,1.5029739165584033e-05,-3.6879862785339355,5.3852796e-07,0.0,-0.338647723197937,-0.00021479417417196166
185000,-0.0007172524346970022,3.258592041675001e-05,-3.6881546318531035,6.458164e-07,0.0,0.05090188980102539,-0.0002910193800852223
185200,-0.0005159773863852024,3.397207383386558e-05,-3.688064616918564,6.3896175e-07,0.0,0.008564174175262451,-0.00023812097394317888
185400,-0.0004418643075041473,1.6257987931567185e-05,-3.688029009103775,5.450845e-07,0.0,0.09978377819061279,-0.00022337257951079436
185600,-0.0006553723360411823,1.6190167207241758e-05,-3.688066232204437,5.969405e-07,0.0,-0.165474534034729,-0.0002533355204231036
185800,-0.0005032093613408506,1.3002030186726188e-05,-3.6882395088672637,7.3075296e-07,0.0,-0.08858323097229004,-0.0002509264653926868
186000,-0.0002803388051688671,1.7241882437701862e-05,-3.687929689884186,7.2777266e-07,0.0,0.05992501974105835,-0.00024598360327785505
186200,-0.000535924918949604,2.356436580157606e-05,-3.6880977392196654,4.6074388e-07,0.0,-0.11668252944946289,-0.0001857552978849486
186400,-0.0011561322025954723,1.643692833113164e-05,-3.6879908740520477,7.7098605e-07,0.0,0.02747511863708496,-0.00029068997096464154
186600,-0.0003941578324884176,1.665440272518026e-05,-3.6881472527980805,4.4345856e-07,0.0,-0.14672434329986572,-0.00018059901055922367
186800,-0.0004851092817261815,1.657236700793874e-05,-3.68806249499321,5.084276e-07,0.0,0.020018160343170166,-0.0001902016838668086
187000,-0.0004123756953049451,1.6778853182586318e-05,-3.688043439388275,4.9829487e-07,0.0,0.01875448226928711,-0.0002112904782197944
187200,-0.0006152565474621952,1.8128383749171918e-05,-3.6879430294036863,6.7889687e-07,0.0,0.13294470310211182,-0.0002429235853580902
187400,-0.0005906699225306511,3.08082890114747e-05,-3.6879376769065857,5.5819754e-07,0.0,0.04240900278091431,-0.00022608585683552284
187600,-0.0006089354283176363,4.23509065512917e-05,-3.6881071090698243,4.0888784e-07,0.0,-0.18847596645355225,-0.00017457093239054978
187800,-0.0006059624720364809,2.3737805167911575e-05,-3.6881082475185396,6.4492224e-07,0.0,0.025812625885009766,-0.00024109819581814574
188000,-0.0006168574909679592,1.6675247752573342e-05,-3.688001787662506,6.979704e-07,0.0,-0.03654217720031738,-0.0002808052615050682
188200,-0.0008115556556731462,1.4327084215892683e-05,-3.6880809009075164,6.717444e-07,0.0,0.1128275990486145,-0.0002707680541614854
188400,-0.000395418144762516,3.480557338662038e-05,-3.687924975156784,5.0723554e-07,0.0,-0.04370284080505371,-0.00021681837814514494
188600,-0.00043712605838663876,1.4962581076360948e-05,-3.688092941045761,5.611778e-07,0.0,-0.0855410099029541,-0.00020848700432112287
188800,-0.0003762177948374301,9.632582907670439e-06,-3.688137447834015,4.082918e-07,0.0,0.014134883880615234,-0.00016750124405040534
189000,-0.0006290703313425183,1.4602525607187999e-05,-3.6881764113903044,8.073449e-07,0.0,0.0449332594871521,-0.00027624848557092905
189200,-0.0006158873438835144,1.637941240915097e-05,-3.6881286919116976,5.719066e-07,0.0,-0.006528496742248535,-0.00020870923919209529
189400,-0.00024544226471334696,4.0587845296613524e-05,-3.6880946516990663,3.761053e-07,0.0,-0.0173417329788208,-0.00017188058064744328
189600,-0.0007207244634628296,3.000189185513591e-05,-3.6879368364810943,9.3013045e-07,0.0,-0.007028937339782715,-0.00031508979164427406
189800,-0.0006129066459834576,2.8570497124746908e-05,-3.6880102515220643,5.8174135e-07,0.0,-0.024715185165405273,-0.0002387458021666067
190000,-0.0006184395169839263,6.15001912592561e-05,-3.688045310974121,4.6253203e-07,0.0,-0.08568096160888672,-0.00019626561724817027
190200,-0.0005278903408907354,2.7560860644371132e-05,-3.6880467891693116,5.501509e-07,0.0,0.027849793434143066,-0.00023526453849569416
190400,-0.0006091520772315562,4.529039097178611e-05,-3.688014143705368,5.38826e-07,0.0,-0.0028765201568603516,-0.00025021680674524037
190600,-0.00045533341472037137,2.3968483151293186e-05,-3.6879771530628203,4.2170285e-07,0.0,-0.031132221221923828,-0.0001521806352683952
190800,-0.0003779230173677206,1.822822518988687e-05,-3.6879889488220217,4.6521427e-07,0.0,0.07770228385925293,-0.00017890528613238033
191000,-0.0006637511542066932,1.54011199128945e-05,-3.6880714774131773,6.2495474e-07,0.0,0.039958655834198,-0.0002624082357535862
191200,-0.0006049005896784365,1.1783182969793415e-05,-3.688020032644272,6.368756e-07,0.0,0.1598149538040161,-0.0002449193965312624
191400,-0.0006026072660461068,2.651196609804174e-05,-3.687944155931473,5.716085e-07,0.0,-0.019424915313720703,-0.00022248620455362912
191600,-0.0006985808722674847,1.8553809491095306e-05,-3.6880404472351076,5.978346e-07,0.0,0.11117696762084961,-0.00023011457949757564
191800,-0.000683524354826659,2.7576190677791602e-05,-3.6880734741687773,7.3403123e-07,0.0,-0.004665970802307129,-0.00029957799637099215
192000,-0.00023758658790029585,2.5541179456922692e-05,-3.6879611790180205,5.9783457e-07,0.0,0.013446509838104248,-0.00022330226719349255
192200,-0.0005639365408569574,1.9979987132501265e-05,-3.688093662261963,6.1213973e-07,0.0,-0.052781105041503906,-0.000287120848097544
192400,-0.0006724440027028322,2.1961975380691002e-05,-3.6880504310131075,6.371737e-07,0.0,0.02172112464904785,-0.0002554996013655053
192600,-0.0004925840185023844,3.638261950982269e-05,-3.6880539476871492,5.6058167e-07,0.0,0.07245153188705444,-0.00024125236238292658
192800,-0.00047761862515471876,4.715125260190689e-05,-3.688005131483078,7.06017e-07,0.0,0.003316164016723633,-0.0002644738340631614
193000,-0.0003340519324410707,3.699452076943999e-05,-3.6879825055599214,7.590652e-07,0.0,0.028736412525177002,-0.00028963180644172584
193200,-0.0005909753381274641,1.1625979198015557e-05,-3.688005566596985,5.802512e-07,0.0,0.13917481899261475,-0.0002257315640390556
193400,-0.000647735025268048,1.7873096521725528e-05,-3.687981587648392,7.7217817e-07,0.0,-0.0857464075088501,-0.0002871025845643249
193600,-0.00046126835513859987,2.245954874524614e-05,-3.6880682587623594,6.3925984e-07,0.0,0.026198208332061768,-0.00026803814916229185
193800,-0.00038868546835146844,1.0700495431592572e-05,-3.6880511701107026,5.8859587e-07,0.0,0.11483681201934814,-0.0002110174205338322
194000,-0.0006919971783645451,1.5350120361290464e-05,-3.6880015969276427,6.887317e-07,0.0,0.11679786443710327,-0.00025790080563399266
194200,-0.0009242742089554667,1.6691632617948925e-05,-3.6879998564720156,7.8469515e-07,0.0,-0.13086044788360596,-0.0002920492680368092
194400,-0.0003543820639606565,3.879908908857033e-05,-3.68803613781929,5.6475403e-07,0.0,-0.0467371940612793,-0.00024974479252102275
194600,-0.0005849097506143153,3.641354628598492e-05,-3.6879506587982176,6.616116e-07,0.0,0.07170760631561279,-0.00024898462846767444
194800,-0.0007920601638033986,1.746070645367581e-05,-3.6880953669548036,7.420778e-07,0.0,-0.0909879207611084,-0.00027597825475822457
195000,-0.00046643440145999193,2.7788979832621407e-05,-3.6880816161632537,4.9442053e-07,0.0,0.09628582000732422,-0.00020506392372019456
195200,-0.00045331791625358164,2.7827017311210513e-05,-3.688072222471237,8.1002713e-07,0.0,-0.027346014976501465,-0.0002916453781486528
195400,-0.0007228387403301895,4.473293611226836e-05,-3.6880225837230682,6.330013e-07,0.0,0.03762459754943848,-0.00025480657936475246
195600,-0.0006120941252447665,1.7788253353501203e-05,-3.6880984544754027,7.149577e-07,0.0,-0.24046683311462402,-0.0002816184522484999
195800,-0.000520549772772938,2.497844889148837e-05,-3.687961035966873,4.118681e-07,0.0,0.006348609924316406,-0.00015669192835195966
196000,-0.00048827999853529036,1.9109458094135334e-05,-3.688097244501114,6.6548586e-07,0.0,-0.04769444465637207,-0.00024182239981049847
196200,-0.0004693749942816794,2.5933697725122328e-05,-3.6879813075065613,5.4985287e-07,0.0,-0.04933059215545654,-0.0002158295504788299
196400,-0.00041097315261140466,4.159847248956794e-05,-3.688085198402405,6.237626e-07,0.0,0.03350728750228882,-0.00023508980828896854
196600,-0.0008296757587231696,2.1484959438566877e-05,-3.687959772348404,9.194016e-07,0.0,0.16115200519561768,-0.00037270543159140246
196800,-0.0005421831156127155,1.65063578151603e-05,-3.6879606664180757,6.237626e-07,0.0,0.05058962106704712,-0.00025433009898323533
197000,-0.0006657789344899356,3.9858628497313475e-05,-3.6880442082881926,8.5651874e-07,0.0,-0.19266140460968018,-0.0003055133073332827
197200,-0.0005073623615317047,4.0478044684277845e-05,-3.6881125926971436,6.100535e-07,0.0,0.12988406419754028,-0.00023571746200921063
197400,-0.0007257541292347014,2.980117142215022e-05,-3.688035321235657,4.762411e-07,0.0,-0.08402431011199951,-0.00020718126010297322
197600,-0.00036714362795464694,1.3637853908221586e-05,-3.6880123794078825,4.3511392e-07,0.0,0.20402401685714722,-0.00019776296758386991
197800,-0.0004896683967672288,1.4700739734507806e-05,-3.6880442678928373,4.804134e-07,0.0,0.08754605054855347,-0.000221035034277417
198000,-0.0005019864765927196,1.4323522896120266e-05,-3.6879919946193693,6.4939263e-07,0.0,-0.08294522762298584,-0.00022580249530936846
198200,-0.00019750419596675783,2.8489656824604025e-05,-3.6880991458892822,4.118681e-07,0.0,0.07996588945388794,-0.00016946373970494477
198400,-0.0004976573400199413,2.6584800684759104e-05,-3.687999552488327,6.1303376e-07,0.0,0.13800513744354248,-0.0002512305638171286
198600,-0.0006769251194782555,1.5523274464612767e-05,-3.6878789186477663,5.212426e-07,0.0,-0.18302226066589355,-0.00020314907981162645
198800,-0.0004041738575324416,2.416615525362431e-05,-3.6880341947078703,5.5879354e-07,0.0,-0.020948290824890137,-0.00023997999819835858
199000,-0.0005323998630046844,2.588593656582816e-05,-3.687984561920166,5.027652e-07,0.0,0.08138322830200195,-0.0002221913178370727
199200,-0.00036322695086710155,1.5244266955960484e-05,-3.6880364656448363,3.346801e-07,0.0,-0.06515049934387207,-0.00014896240837709574
199400,-0.0002374793402850628,1.7651493044468226e-05,-3.6880171418190004,5.051494e-07,0.0,0.04894489049911499,-0.0002056186032611984
199600,-0.0005469715688377619,2.6637521659722552e-05,-3.687932139635086,7.8737736e-07,0.0,0.0690765380859375,-0.0002405183925450416
199800,-0.0006318695959635079,9.947539274435257e-06,-3.688021904230118,5.850196e-07,0.0,0.21021664142608643,-0.00026334518163650955
200000,-0.00042410261812619865,2.8016167698297066e-05,-3.687964516878128,6.2704083e-07,0.0,-0.09842896461486816,-0.00024755903376911804
