Using libsumo as traci as requested by environment variable.
=================================================================
  train_cologne_curriculum — cologne8 — PPO
  reward=pressure  seed=123  total_steps=500000
  Curriculum stages:
    Stage 1: 100% demand   500000 steps
  save_dir: /workspace/rl-traffic/exp_cologne8_direct/ppo_pressure_s123
=================================================================
  [rand] cologne8_rand_100pct.rou.xml

  n_agents=8 | obs=(7,) | act=Discrete(4)
Using cpu device

────────────────────────────────────────────────────────────
  Stage 1/4  100% demand  500000 steps  (cumulative -> 500000)
  Route: cologne8_rand_100pct.rou.xml
────────────────────────────────────────────────────────────
-----------------------------
| time/              |      |
|    fps             | 1860 |
|    iterations      | 1    |
|    time_elapsed    | 2    |
|    total_timesteps | 4096 |
-----------------------------
  step    5000/500000 (  1.0%)  mean_rew=-0.025
-----------------------------------------
| time/                   |             |
|    fps                  | 1168        |
|    iterations           | 2           |
|    time_elapsed         | 7           |
|    total_timesteps      | 8192        |
| train/                  |             |
|    approx_kl            | 0.012833958 |
|    clip_fraction        | 0.0704      |
|    clip_range           | 0.2         |
|    entropy_loss         | -1.38       |
|    explained_variance   | -0.00217    |
|    learning_rate        | 0.0003      |
|    loss                 | -0.00889    |
|    n_updates            | 10          |
|    policy_gradient_loss | -0.00638    |
|    value_loss           | 0.0471      |
-----------------------------------------
  step   10000/500000 (  2.0%)  mean_rew=-0.012
------------------------------------------
| time/                   |              |
|    fps                  | 1134         |
|    iterations           | 3            |
|    time_elapsed         | 10           |
|    total_timesteps      | 12288        |
| train/                  |              |
|    approx_kl            | 0.0062101115 |
|    clip_fraction        | 0.0317       |
|    clip_range           | 0.2          |
|    entropy_loss         | -1.37        |
|    explained_variance   | 0.56         |
|    learning_rate        | 0.0003       |
|    loss                 | 0.0581       |
|    n_updates            | 20           |
|    policy_gradient_loss | -0.00249     |
|    value_loss           | 0.154        |
------------------------------------------
  step   15000/500000 (  3.0%)  mean_rew=-0.007
----------------------------------------
| time/                   |            |
|    fps                  | 1139       |
|    iterations           | 4          |
|    time_elapsed         | 14         |
|    total_timesteps      | 16384      |
| train/                  |            |
|    approx_kl            | 0.01126813 |
|    clip_fraction        | 0.0972     |
|    clip_range           | 0.2        |
|    entropy_loss         | -1.34      |
|    explained_variance   | 0.65       |
|    learning_rate        | 0.0003     |
|    loss                 | 0.0139     |
|    n_updates            | 30         |
|    policy_gradient_loss | -0.0111    |
|    value_loss           | 0.0469     |
----------------------------------------
  step   20000/500000 (  4.0%)  mean_rew=-0.010
-----------------------------------------
| time/                   |             |
|    fps                  | 1134        |
|    iterations           | 5           |
|    time_elapsed         | 18          |
|    total_timesteps      | 20480       |
| train/                  |             |
|    approx_kl            | 0.011607752 |
|    clip_fraction        | 0.0954      |
|    clip_range           | 0.2         |
|    entropy_loss         | -1.31       |
|    explained_variance   | 0.796       |
|    learning_rate        | 0.0003      |
|    loss                 | -0.00728    |
|    n_updates            | 40          |
|    policy_gradient_loss | -0.00938    |
|    value_loss           | 0.0289      |
-----------------------------------------
------------------------------------------
| time/                   |              |
|    fps                  | 1127         |
|    iterations           | 6            |
|    time_elapsed         | 21           |
|    total_timesteps      | 24576        |
| train/                  |              |
|    approx_kl            | 0.0145327095 |
|    clip_fraction        | 0.1          |
|    clip_range           | 0.2          |
|    entropy_loss         | -1.27        |
|    explained_variance   | 0.8          |
|    learning_rate        | 0.0003       |
|    loss                 | -0.00166     |
|    n_updates            | 50           |
|    policy_gradient_loss | -0.0119      |
|    value_loss           | 0.0383       |
------------------------------------------
  step   25000/500000 (  5.0%)  mean_rew=-0.005
-----------------------------------------
| time/                   |             |
|    fps                  | 1124        |
|    iterations           | 7           |
|    time_elapsed         | 25          |
|    total_timesteps      | 28672       |
| train/                  |             |
|    approx_kl            | 0.013542834 |
|    clip_fraction        | 0.174       |
|    clip_range           | 0.2         |
|    entropy_loss         | -1.2        |
|    explained_variance   | 0.872       |
|    learning_rate        | 0.0003      |
|    loss                 | 0.00218     |
|    n_updates            | 60          |
|    policy_gradient_loss | -0.0111     |
|    value_loss           | 0.0235      |
-----------------------------------------
  step   30000/500000 (  6.0%)  mean_rew=-0.005
-----------------------------------------
| time/                   |             |
|    fps                  | 1124        |
|    iterations           | 8           |
|    time_elapsed         | 29          |
|    total_timesteps      | 32768       |
| train/                  |             |
|    approx_kl            | 0.015258664 |
|    clip_fraction        | 0.172       |
|    clip_range           | 0.2         |
|    entropy_loss         | -1.11       |
|    explained_variance   | 0.959       |
|    learning_rate        | 0.0003      |
|    loss                 | -0.0209     |
|    n_updates            | 70          |
|    policy_gradient_loss | -0.0134     |
|    value_loss           | 0.00674     |
-----------------------------------------
  step   35000/500000 (  7.0%)  mean_rew=-0.004
-----------------------------------------
| time/                   |             |
|    fps                  | 1121        |
|    iterations           | 9           |
|    time_elapsed         | 32          |
|    total_timesteps      | 36864       |
| train/                  |             |
|    approx_kl            | 0.009046905 |
|    clip_fraction        | 0.0894      |
|    clip_range           | 0.2         |
|    entropy_loss         | -1.03       |
|    explained_variance   | 0.933       |
|    learning_rate        | 0.0003      |
|    loss                 | 0.0137      |
|    n_updates            | 80          |
|    policy_gradient_loss | -0.00499    |
|    value_loss           | 0.0115      |
-----------------------------------------
  step   40000/500000 (  8.0%)  mean_rew=-0.007
-----------------------------------------
| time/                   |             |
|    fps                  | 1120        |
|    iterations           | 10          |
|    time_elapsed         | 36          |
|    total_timesteps      | 40960       |
| train/                  |             |
|    approx_kl            | 0.007503194 |
|    clip_fraction        | 0.0781      |
|    clip_range           | 0.2         |
|    entropy_loss         | -0.985      |
|    explained_variance   | 0.94        |
|    learning_rate        | 0.0003      |
|    loss                 | -0.0112     |
|    n_updates            | 90          |
|    policy_gradient_loss | -0.00482    |
|    value_loss           | 0.0102      |
-----------------------------------------
  step   45000/500000 (  9.0%)  mean_rew=-0.004
----------------------------------------
| time/                   |            |
|    fps                  | 1123       |
|    iterations           | 11         |
|    time_elapsed         | 40         |
|    total_timesteps      | 45056      |
| train/                  |            |
|    approx_kl            | 0.00758187 |
|    clip_fraction        | 0.0555     |
|    clip_range           | 0.2        |
|    entropy_loss         | -0.933     |
|    explained_variance   | 0.932      |
|    learning_rate        | 0.0003     |
|    loss                 | 0.00187    |
|    n_updates            | 100        |
|    policy_gradient_loss | -0.0052    |
|    value_loss           | 0.0104     |
----------------------------------------
----------------------------------------
| time/                   |            |
|    fps                  | 1122       |
|    iterations           | 12         |
|    time_elapsed         | 43         |
|    total_timesteps      | 49152      |
| train/                  |            |
|    approx_kl            | 0.00882293 |
|    clip_fraction        | 0.102      |
|    clip_range           | 0.2        |
|    entropy_loss         | -0.832     |
|    explained_variance   | 0.981      |
|    learning_rate        | 0.0003     |
|    loss                 | 0.00072    |
|    n_updates            | 110        |
|    policy_gradient_loss | -0.00933   |
|    value_loss           | 0.00287    |
----------------------------------------
  step   50000/500000 ( 10.0%)  mean_rew=-0.004
------------------------------------------
| time/                   |              |
|    fps                  | 1120         |
|    iterations           | 13           |
|    time_elapsed         | 47           |
|    total_timesteps      | 53248        |
| train/                  |              |
|    approx_kl            | 0.0062127626 |
|    clip_fraction        | 0.0772       |
|    clip_range           | 0.2          |
|    entropy_loss         | -0.779       |
|    explained_variance   | 0.949        |
|    learning_rate        | 0.0003       |
|    loss                 | -0.0168      |
|    n_updates            | 120          |
|    policy_gradient_loss | -0.00486     |
|    value_loss           | 0.00693      |
------------------------------------------
  step   55000/500000 ( 11.0%)  mean_rew=-0.002
-----------------------------------------
| time/                   |             |
|    fps                  | 1123        |
|    iterations           | 14          |
|    time_elapsed         | 51          |
|    total_timesteps      | 57344       |
| train/                  |             |
|    approx_kl            | 0.004603616 |
|    clip_fraction        | 0.0447      |
|    clip_range           | 0.2         |
|    entropy_loss         | -0.735      |
|    explained_variance   | 0.942       |
|    learning_rate        | 0.0003      |
|    loss                 | 0.000255    |
|    n_updates            | 130         |
|    policy_gradient_loss | -0.00393    |
|    value_loss           | 0.00761     |
-----------------------------------------
  step   60000/500000 ( 12.0%)  mean_rew=-0.004
-----------------------------------------
| time/                   |             |
|    fps                  | 1122        |
|    iterations           | 15          |
|    time_elapsed         | 54          |
|    total_timesteps      | 61440       |
| train/                  |             |
|    approx_kl            | 0.006331036 |
|    clip_fraction        | 0.0847      |
|    clip_range           | 0.2         |
|    entropy_loss         | -0.641      |
|    explained_variance   | 0.988       |
|    learning_rate        | 0.0003      |
|    loss                 | 0.000693    |
|    n_updates            | 140         |
|    policy_gradient_loss | -0.0081     |
|    value_loss           | 0.00123     |
-----------------------------------------
  step   65000/500000 ( 13.0%)  mean_rew=-0.003
-----------------------------------------
| time/                   |             |
|    fps                  | 1123        |
|    iterations           | 16          |
|    time_elapsed         | 58          |
|    total_timesteps      | 65536       |
| train/                  |             |
|    approx_kl            | 0.004847965 |
|    clip_fraction        | 0.0369      |
|    clip_range           | 0.2         |
|    entropy_loss         | -0.655      |
|    explained_variance   | 0.849       |
|    learning_rate        | 0.0003      |
|    loss                 | -0.0016     |
|    n_updates            | 150         |
|    policy_gradient_loss | -0.0023     |
|    value_loss           | 0.0155      |
-----------------------------------------
-----------------------------------------
| time/                   |             |
|    fps                  | 1124        |
|    iterations           | 17          |
|    time_elapsed         | 61          |
|    total_timesteps      | 69632       |
| train/                  |             |
|    approx_kl            | 0.003479212 |
|    clip_fraction        | 0.0478      |
|    clip_range           | 0.2         |
|    entropy_loss         | -0.618      |
|    explained_variance   | 0.935       |
|    learning_rate        | 0.0003      |
|    loss                 | -0.0022     |
|    n_updates            | 160         |
|    policy_gradient_loss | -0.00402    |
|    value_loss           | 0.00628     |
-----------------------------------------
  step   70000/500000 ( 14.0%)  mean_rew=-0.005
-----------------------------------------
| time/                   |             |
|    fps                  | 1124        |
|    iterations           | 18          |
|    time_elapsed         | 65          |
|    total_timesteps      | 73728       |
| train/                  |             |
|    approx_kl            | 0.003180594 |
|    clip_fraction        | 0.0329      |
|    clip_range           | 0.2         |
|    entropy_loss         | -0.561      |
|    explained_variance   | 0.94        |
|    learning_rate        | 0.0003      |
|    loss                 | 0.0148      |
|    n_updates            | 170         |
|    policy_gradient_loss | -0.00184    |
|    value_loss           | 0.00484     |
-----------------------------------------
  step   75000/500000 ( 15.0%)  mean_rew=-0.003
-----------------------------------------
| time/                   |             |
|    fps                  | 1123        |
|    iterations           | 19          |
|    time_elapsed         | 69          |
|    total_timesteps      | 77824       |
| train/                  |             |
|    approx_kl            | 0.002859441 |
|    clip_fraction        | 0.0394      |
|    clip_range           | 0.2         |
|    entropy_loss         | -0.519      |
|    explained_variance   | 0.982       |
|    learning_rate        | 0.0003      |
|    loss                 | 0.0141      |
|    n_updates            | 180         |
|    policy_gradient_loss | -0.00373    |
|    value_loss           | 0.00146     |
-----------------------------------------
  step   80000/500000 ( 16.0%)  mean_rew=-0.002
------------------------------------------
| time/                   |              |
|    fps                  | 1124         |
|    iterations           | 20           |
|    time_elapsed         | 72           |
|    total_timesteps      | 81920        |
| train/                  |              |
|    approx_kl            | 0.0023035924 |
|    clip_fraction        | 0.0279       |
|    clip_range           | 0.2          |
|    entropy_loss         | -0.481       |
|    explained_variance   | 0.952        |
|    learning_rate        | 0.0003       |
|    loss                 | -0.00324     |
|    n_updates            | 190          |
|    policy_gradient_loss | -0.00231     |
|    value_loss           | 0.0037       |
------------------------------------------
  step   85000/500000 ( 17.0%)  mean_rew=-0.004
------------------------------------------
| time/                   |              |
|    fps                  | 1124         |
|    iterations           | 21           |
|    time_elapsed         | 76           |
|    total_timesteps      | 86016        |
| train/                  |              |
|    approx_kl            | 0.0031289454 |
|    clip_fraction        | 0.0329       |
|    clip_range           | 0.2          |
|    entropy_loss         | -0.458       |
|    explained_variance   | 0.947        |
|    learning_rate        | 0.0003       |
|    loss                 | -0.00331     |
|    n_updates            | 200          |
|    policy_gradient_loss | -0.00234     |
|    value_loss           | 0.00383      |
------------------------------------------
  step   90000/500000 ( 18.0%)  mean_rew=-0.003
------------------------------------------
| time/                   |              |
|    fps                  | 1123         |
|    iterations           | 22           |
|    time_elapsed         | 80           |
|    total_timesteps      | 90112        |
| train/                  |              |
|    approx_kl            | 0.0027672043 |
|    clip_fraction        | 0.0332       |
|    clip_range           | 0.2          |
|    entropy_loss         | -0.416       |
|    explained_variance   | 0.984        |
|    learning_rate        | 0.0003       |
|    loss                 | -0.0128      |
|    n_updates            | 210          |
|    policy_gradient_loss | -0.00368     |
|    value_loss           | 0.00109      |
------------------------------------------
------------------------------------------
| time/                   |              |
|    fps                  | 1123         |
|    iterations           | 23           |
|    time_elapsed         | 83           |
|    total_timesteps      | 94208        |
| train/                  |              |
|    approx_kl            | 0.0024853433 |
|    clip_fraction        | 0.0357       |
|    clip_range           | 0.2          |
|    entropy_loss         | -0.388       |
|    explained_variance   | 0.957        |
|    learning_rate        | 0.0003       |
|    loss                 | 0.00608      |
|    n_updates            | 220          |
|    policy_gradient_loss | -0.00187     |
|    value_loss           | 0.0027       |
------------------------------------------
  step   95000/500000 ( 19.0%)  mean_rew=-0.003
------------------------------------------
| time/                   |              |
|    fps                  | 1124         |
|    iterations           | 24           |
|    time_elapsed         | 87           |
|    total_timesteps      | 98304        |
| train/                  |              |
|    approx_kl            | 0.0015402478 |
|    clip_fraction        | 0.00862      |
|    clip_range           | 0.2          |
|    entropy_loss         | -0.367       |
|    explained_variance   | 0.956        |
|    learning_rate        | 0.0003       |
|    loss                 | -0.00719     |
|    n_updates            | 230          |
|    policy_gradient_loss | -0.00044     |
|    value_loss           | 0.00258      |
------------------------------------------
  step  100000/500000 ( 20.0%)  mean_rew=-0.003
------------------------------------------
| time/                   |              |
|    fps                  | 1123         |
|    iterations           | 25           |
|    time_elapsed         | 91           |
|    total_timesteps      | 102400       |
| train/                  |              |
|    approx_kl            | 0.0014355402 |
|    clip_fraction        | 0.0164       |
|    clip_range           | 0.2          |
|    entropy_loss         | -0.342       |
|    explained_variance   | 0.95         |
|    learning_rate        | 0.0003       |
|    loss                 | -0.00265     |
|    n_updates            | 240          |
|    policy_gradient_loss | -0.002       |
|    value_loss           | 0.0028       |
------------------------------------------
  step  105000/500000 ( 21.0%)  mean_rew=-0.002
------------------------------------------
| time/                   |              |
|    fps                  | 1123         |
|    iterations           | 26           |
|    time_elapsed         | 94           |
|    total_timesteps      | 106496       |
| train/                  |              |
|    approx_kl            | 0.0023195434 |
|    clip_fraction        | 0.0257       |
|    clip_range           | 0.2          |
|    entropy_loss         | -0.308       |
|    explained_variance   | 0.985        |
|    learning_rate        | 0.0003       |
|    loss                 | -0.00724     |
|    n_updates            | 250          |
|    policy_gradient_loss | -0.00293     |
|    value_loss           | 0.000813     |
------------------------------------------
  step  110000/500000 ( 22.0%)  mean_rew=-0.003
-----------------------------------------
| time/                   |             |
|    fps                  | 1122        |
|    iterations           | 27          |
|    time_elapsed         | 98          |
|    total_timesteps      | 110592      |
| train/                  |             |
|    approx_kl            | 0.003196543 |
|    clip_fraction        | 0.0261      |
|    clip_range           | 0.2         |
|    entropy_loss         | -0.29       |
|    explained_variance   | 0.948       |
|    learning_rate        | 0.0003      |
|    loss                 | -0.00942    |
|    n_updates            | 260         |
|    policy_gradient_loss | -0.00226    |
|    value_loss           | 0.00253     |
-----------------------------------------
------------------------------------------
| time/                   |              |
|    fps                  | 1122         |
|    iterations           | 28           |
|    time_elapsed         | 102          |
|    total_timesteps      | 114688       |
| train/                  |              |
|    approx_kl            | 0.0014941045 |
|    clip_fraction        | 0.0131       |
|    clip_range           | 0.2          |
|    entropy_loss         | -0.28        |
|    explained_variance   | 0.949        |
|    learning_rate        | 0.0003       |
|    loss                 | -0.00112     |
|    n_updates            | 270          |
|    policy_gradient_loss | -0.00138     |
|    value_loss           | 0.00242      |
------------------------------------------
  step  115000/500000 ( 23.0%)  mean_rew=-0.004
------------------------------------------
| time/                   |              |
|    fps                  | 1122         |
|    iterations           | 29           |
|    time_elapsed         | 105          |
|    total_timesteps      | 118784       |
| train/                  |              |
|    approx_kl            | 0.0010512681 |
|    clip_fraction        | 0.015        |
|    clip_range           | 0.2          |
|    entropy_loss         | -0.271       |
|    explained_variance   | 0.983        |
|    learning_rate        | 0.0003       |
|    loss                 | -0.00773     |
|    n_updates            | 280          |
|    policy_gradient_loss | -0.00243     |
|    value_loss           | 0.000609     |
------------------------------------------
  step  120000/500000 ( 24.0%)  mean_rew=-0.003
------------------------------------------
| time/                   |              |
|    fps                  | 1121         |
|    iterations           | 30           |
|    time_elapsed         | 109          |
|    total_timesteps      | 122880       |
| train/                  |              |
|    approx_kl            | 0.0015313448 |
|    clip_fraction        | 0.012        |
|    clip_range           | 0.2          |
|    entropy_loss         | -0.262       |
|    explained_variance   | 0.95         |
|    learning_rate        | 0.0003       |
|    loss                 | 0.00113      |
|    n_updates            | 290          |
|    policy_gradient_loss | -0.00122     |
|    value_loss           | 0.00206      |
------------------------------------------
  step  125000/500000 ( 25.0%)  mean_rew=-0.002
------------------------------------------
| time/                   |              |
|    fps                  | 1121         |
|    iterations           | 31           |
|    time_elapsed         | 113          |
|    total_timesteps      | 126976       |
| train/                  |              |
|    approx_kl            | 0.0008316565 |
|    clip_fraction        | 0.00466      |
|    clip_range           | 0.2          |
|    entropy_loss         | -0.262       |
|    explained_variance   | 0.948        |
|    learning_rate        | 0.0003       |
|    loss                 | -0.00101     |
|    n_updates            | 300          |
|    policy_gradient_loss | -0.000139    |
|    value_loss           | 0.0021       |
------------------------------------------
  step  130000/500000 ( 26.0%)  mean_rew=-0.003
------------------------------------------
| time/                   |              |
|    fps                  | 1121         |
|    iterations           | 32           |
|    time_elapsed         | 116          |
|    total_timesteps      | 131072       |
| train/                  |              |
|    approx_kl            | 0.0015188853 |
|    clip_fraction        | 0.0217       |
|    clip_range           | 0.2          |
|    entropy_loss         | -0.258       |
|    explained_variance   | 0.944        |
|    learning_rate        | 0.0003       |
|    loss                 | -0.00603     |
|    n_updates            | 310          |
|    policy_gradient_loss | -0.00136     |
|    value_loss           | 0.00211      |
------------------------------------------
  step  135000/500000 ( 27.0%)  mean_rew=-0.003
------------------------------------------
| time/                   |              |
|    fps                  | 1119         |
|    iterations           | 33           |
|    time_elapsed         | 120          |
|    total_timesteps      | 135168       |
| train/                  |              |
|    approx_kl            | 0.0021571638 |
|    clip_fraction        | 0.0182       |
|    clip_range           | 0.2          |
|    entropy_loss         | -0.245       |
|    explained_variance   | 0.985        |
|    learning_rate        | 0.0003       |
|    loss                 | 0.0054       |
|    n_updates            | 320          |
|    policy_gradient_loss | -0.00134     |
|    value_loss           | 0.000521     |
------------------------------------------
------------------------------------------
| time/                   |              |
|    fps                  | 1119         |
|    iterations           | 34           |
|    time_elapsed         | 124          |
|    total_timesteps      | 139264       |
| train/                  |              |
|    approx_kl            | 0.0005997904 |
|    clip_fraction        | 0.0032       |
|    clip_range           | 0.2          |
|    entropy_loss         | -0.243       |
|    explained_variance   | 0.95         |
|    learning_rate        | 0.0003       |
|    loss                 | -0.00517     |
|    n_updates            | 330          |
|    policy_gradient_loss | -8.22e-05    |
|    value_loss           | 0.00196      |
------------------------------------------
  step  140000/500000 ( 28.0%)  mean_rew=-0.002
------------------------------------------
| time/                   |              |
|    fps                  | 1119         |
|    iterations           | 35           |
|    time_elapsed         | 128          |
|    total_timesteps      | 143360       |
| train/                  |              |
|    approx_kl            | 0.0010237128 |
|    clip_fraction        | 0.0075       |
|    clip_range           | 0.2          |
|    entropy_loss         | -0.228       |
|    explained_variance   | 0.946        |
|    learning_rate        | 0.0003       |
|    loss                 | -0.000702    |
|    n_updates            | 340          |
|    policy_gradient_loss | -0.000292    |
|    value_loss           | 0.00192      |
------------------------------------------
  step  145000/500000 ( 29.0%)  mean_rew=-0.003
------------------------------------------
| time/                   |              |
|    fps                  | 1119         |
|    iterations           | 36           |
|    time_elapsed         | 131          |
|    total_timesteps      | 147456       |
| train/                  |              |
|    approx_kl            | 0.0017821457 |
|    clip_fraction        | 0.0178       |
|    clip_range           | 0.2          |
|    entropy_loss         | -0.198       |
|    explained_variance   | 0.985        |
|    learning_rate        | 0.0003       |
|    loss                 | -0.012       |
|    n_updates            | 350          |
|    policy_gradient_loss | -0.00148     |
|    value_loss           | 0.000488     |
------------------------------------------
  step  150000/500000 ( 30.0%)  mean_rew=-0.002
------------------------------------------
| time/                   |              |
|    fps                  | 1118         |
|    iterations           | 37           |
|    time_elapsed         | 135          |
|    total_timesteps      | 151552       |
| train/                  |              |
|    approx_kl            | 0.0011260469 |
|    clip_fraction        | 0.00864      |
|    clip_range           | 0.2          |
|    entropy_loss         | -0.178       |
|    explained_variance   | 0.952        |
|    learning_rate        | 0.0003       |
|    loss                 | 0.0058       |
|    n_updates            | 360          |
|    policy_gradient_loss | -0.000505    |
|    value_loss           | 0.00158      |
------------------------------------------
  step  155000/500000 ( 31.0%)  mean_rew=-0.002
------------------------------------------
| time/                   |              |
|    fps                  | 1118         |
|    iterations           | 38           |
|    time_elapsed         | 139          |
|    total_timesteps      | 155648       |
| train/                  |              |
|    approx_kl            | 0.0010542199 |
|    clip_fraction        | 0.0175       |
|    clip_range           | 0.2          |
|    entropy_loss         | -0.18        |
|    explained_variance   | 0.94         |
|    learning_rate        | 0.0003       |
|    loss                 | 0.00455      |
|    n_updates            | 370          |
|    policy_gradient_loss | -0.00116     |
|    value_loss           | 0.00187      |
------------------------------------------
------------------------------------------
| time/                   |              |
|    fps                  | 1119         |
|    iterations           | 39           |
|    time_elapsed         | 142          |
|    total_timesteps      | 159744       |
| train/                  |              |
|    approx_kl            | 0.0009870944 |
|    clip_fraction        | 0.0141       |
|    clip_range           | 0.2          |
|    entropy_loss         | -0.184       |
|    explained_variance   | 0.941        |
|    learning_rate        | 0.0003       |
|    loss                 | 0.000165     |
|    n_updates            | 380          |
|    policy_gradient_loss | -0.000525    |
|    value_loss           | 0.00182      |
------------------------------------------
  step  160000/500000 ( 32.0%)  mean_rew=-0.004
------------------------------------------
| time/                   |              |
|    fps                  | 1119         |
|    iterations           | 40           |
|    time_elapsed         | 146          |
|    total_timesteps      | 163840       |
| train/                  |              |
|    approx_kl            | 0.0012878731 |
|    clip_fraction        | 0.0227       |
|    clip_range           | 0.2          |
|    entropy_loss         | -0.175       |
|    explained_variance   | 0.984        |
|    learning_rate        | 0.0003       |
|    loss                 | 0.00257      |
|    n_updates            | 390          |
|    policy_gradient_loss | -0.00117     |
|    value_loss           | 0.000474     |
------------------------------------------
  step  165000/500000 ( 33.0%)  mean_rew=-0.003
-----------------------------------------
| time/                   |             |
|    fps                  | 1118        |
|    iterations           | 41          |
|    time_elapsed         | 150         |
|    total_timesteps      | 167936      |
| train/                  |             |
|    approx_kl            | 0.001596093 |
|    clip_fraction        | 0.00991     |
|    clip_range           | 0.2         |
|    entropy_loss         | -0.171      |
|    explained_variance   | 0.94        |
|    learning_rate        | 0.0003      |
|    loss                 | 0.0045      |
|    n_updates            | 400         |
|    policy_gradient_loss | -0.00058    |
|    value_loss           | 0.0019      |
-----------------------------------------
  step  170000/500000 ( 34.0%)  mean_rew=-0.003
------------------------------------------
| time/                   |              |
|    fps                  | 1119         |
|    iterations           | 42           |
|    time_elapsed         | 153          |
|    total_timesteps      | 172032       |
| train/                  |              |
|    approx_kl            | 0.0014754939 |
|    clip_fraction        | 0.0186       |
|    clip_range           | 0.2          |
|    entropy_loss         | -0.147       |
|    explained_variance   | 0.948        |
|    learning_rate        | 0.0003       |
|    loss                 | 0.00536      |
|    n_updates            | 410          |
|    policy_gradient_loss | -0.00166     |
|    value_loss           | 0.00155      |
------------------------------------------
  step  175000/500000 ( 35.0%)  mean_rew=-0.002
-------------------------------------------
| time/                   |               |
|    fps                  | 1118          |
|    iterations           | 43            |
|    time_elapsed         | 157           |
|    total_timesteps      | 176128        |
| train/                  |               |
|    approx_kl            | 0.00087738957 |
|    clip_fraction        | 0.0123        |
|    clip_range           | 0.2           |
|    entropy_loss         | -0.136        |
|    explained_variance   | 0.982         |
|    learning_rate        | 0.0003        |
|    loss                 | -0.00217      |
|    n_updates            | 420           |
|    policy_gradient_loss | -0.00133      |
|    value_loss           | 0.000521      |
-------------------------------------------
  step  180000/500000 ( 36.0%)  mean_rew=-0.002
------------------------------------------
| time/                   |              |
|    fps                  | 1118         |
|    iterations           | 44           |
|    time_elapsed         | 161          |
|    total_timesteps      | 180224       |
| train/                  |              |
|    approx_kl            | 0.0009782321 |
|    clip_fraction        | 0.0142       |
|    clip_range           | 0.2          |
|    entropy_loss         | -0.146       |
|    explained_variance   | 0.941        |
|    learning_rate        | 0.0003       |
|    loss                 | -0.000397    |
|    n_updates            | 430          |
|    policy_gradient_loss | -0.000908    |
|    value_loss           | 0.00176      |
------------------------------------------
------------------------------------------
| time/                   |              |
|    fps                  | 1118         |
|    iterations           | 45           |
|    time_elapsed         | 164          |
|    total_timesteps      | 184320       |
| train/                  |              |
|    approx_kl            | 0.0007187022 |
|    clip_fraction        | 0.00505      |
|    clip_range           | 0.2          |
|    entropy_loss         | -0.136       |
|    explained_variance   | 0.94         |
|    learning_rate        | 0.0003       |
|    loss                 | 0.00387      |
|    n_updates            | 440          |
|    policy_gradient_loss | -0.000473    |
|    value_loss           | 0.00163      |
------------------------------------------
  step  185000/500000 ( 37.0%)  mean_rew=-0.003
------------------------------------------
| time/                   |              |
|    fps                  | 1118         |
|    iterations           | 46           |
|    time_elapsed         | 168          |
|    total_timesteps      | 188416       |
| train/                  |              |
|    approx_kl            | 0.0010557586 |
|    clip_fraction        | 0.0116       |
|    clip_range           | 0.2          |
|    entropy_loss         | -0.119       |
|    explained_variance   | 0.946        |
|    learning_rate        | 0.0003       |
|    loss                 | -0.000364    |
|    n_updates            | 450          |
|    policy_gradient_loss | -0.00115     |
|    value_loss           | 0.00156      |
------------------------------------------
  step  190000/500000 ( 38.0%)  mean_rew=-0.002
-------------------------------------------
| time/                   |               |
|    fps                  | 1118          |
|    iterations           | 47            |
|    time_elapsed         | 172           |
|    total_timesteps      | 192512        |
| train/                  |               |
|    approx_kl            | 0.00070635235 |
|    clip_fraction        | 0.00554       |
|    clip_range           | 0.2           |
|    entropy_loss         | -0.114        |
|    explained_variance   | 0.981         |
|    learning_rate        | 0.0003        |
|    loss                 | -0.00142      |
|    n_updates            | 460           |
|    policy_gradient_loss | -0.00064      |
|    value_loss           | 0.000537      |
-------------------------------------------
  step  195000/500000 ( 39.0%)  mean_rew=-0.003
-----------------------------------------
| time/                   |             |
|    fps                  | 1117        |
|    iterations           | 48          |
|    time_elapsed         | 175         |
|    total_timesteps      | 196608      |
| train/                  |             |
|    approx_kl            | 0.013460703 |
|    clip_fraction        | 0.0257      |
|    clip_range           | 0.2         |
|    entropy_loss         | -0.139      |
|    explained_variance   | 0.951       |
|    learning_rate        | 0.0003      |
|    loss                 | -0.00451    |
|    n_updates            | 470         |
|    policy_gradient_loss | -0.00153    |
|    value_loss           | 0.00141     |
-----------------------------------------
  step  200000/500000 ( 40.0%)  mean_rew=-0.002
------------------------------------------
| time/                   |              |
|    fps                  | 1117         |
|    iterations           | 49           |
|    time_elapsed         | 179          |
|    total_timesteps      | 200704       |
| train/                  |              |
|    approx_kl            | 0.0012398696 |
|    clip_fraction        | 0.0141       |
|    clip_range           | 0.2          |
|    entropy_loss         | -0.157       |
|    explained_variance   | 0.943        |
|    learning_rate        | 0.0003       |
|    loss                 | -0.00177     |
|    n_updates            | 480          |
|    policy_gradient_loss | -0.000427    |
|    value_loss           | 0.00166      |
------------------------------------------
-----------------------------------------
| time/                   |             |
|    fps                  | 1117        |
|    iterations           | 50          |
|    time_elapsed         | 183         |
|    total_timesteps      | 204800      |
| train/                  |             |
|    approx_kl            | 0.003865644 |
|    clip_fraction        | 0.0312      |
|    clip_range           | 0.2         |
|    entropy_loss         | -0.14       |
|    explained_variance   | 0.979       |
|    learning_rate        | 0.0003      |
|    loss                 | 0.0119      |
|    n_updates            | 490         |
|    policy_gradient_loss | -0.0012     |
|    value_loss           | 0.000592    |
-----------------------------------------
  step  205000/500000 ( 41.0%)  mean_rew=-0.001
------------------------------------------
| time/                   |              |
|    fps                  | 1116         |
|    iterations           | 51           |
|    time_elapsed         | 187          |
|    total_timesteps      | 208896       |
| train/                  |              |
|    approx_kl            | 0.0010493621 |
|    clip_fraction        | 0.00496      |
|    clip_range           | 0.2          |
|    entropy_loss         | -0.143       |
|    explained_variance   | 0.946        |
|    learning_rate        | 0.0003       |
|    loss                 | 0.00166      |
|    n_updates            | 500          |
|    policy_gradient_loss | -0.000369    |
|    value_loss           | 0.00148      |
------------------------------------------
  step  210000/500000 ( 42.0%)  mean_rew=-0.003
------------------------------------------
| time/                   |              |
|    fps                  | 1117         |
|    iterations           | 52           |
|    time_elapsed         | 190          |
|    total_timesteps      | 212992       |
| train/                  |              |
|    approx_kl            | 0.0012169974 |
|    clip_fraction        | 0.013        |
|    clip_range           | 0.2          |
|    entropy_loss         | -0.134       |
|    explained_variance   | 0.938        |
|    learning_rate        | 0.0003       |
|    loss                 | -0.00417     |
|    n_updates            | 510          |
|    policy_gradient_loss | -0.0014      |
|    value_loss           | 0.00172      |
------------------------------------------
  step  215000/500000 ( 43.0%)  mean_rew=-0.003
------------------------------------------
| time/                   |              |
|    fps                  | 1116         |
|    iterations           | 53           |
|    time_elapsed         | 194          |
|    total_timesteps      | 217088       |
| train/                  |              |
|    approx_kl            | 0.0011435673 |
|    clip_fraction        | 0.0135       |
|    clip_range           | 0.2          |
|    entropy_loss         | -0.124       |
|    explained_variance   | 0.98         |
|    learning_rate        | 0.0003       |
|    loss                 | -0.00304     |
|    n_updates            | 520          |
|    policy_gradient_loss | -0.000426    |
|    value_loss           | 0.000514     |
------------------------------------------
  step  220000/500000 ( 44.0%)  mean_rew=-0.001
-------------------------------------------
| time/                   |               |
|    fps                  | 1117          |
|    iterations           | 54            |
|    time_elapsed         | 198           |
|    total_timesteps      | 221184        |
| train/                  |               |
|    approx_kl            | 0.00054595503 |
|    clip_fraction        | 0.0084        |
|    clip_range           | 0.2           |
|    entropy_loss         | -0.131        |
|    explained_variance   | 0.952         |
|    learning_rate        | 0.0003        |
|    loss                 | -0.00373      |
|    n_updates            | 530           |
|    policy_gradient_loss | -0.00107      |
|    value_loss           | 0.00145       |
-------------------------------------------
  step  225000/500000 ( 45.0%)  mean_rew=-0.002
------------------------------------------
| time/                   |              |
|    fps                  | 1116         |
|    iterations           | 55           |
|    time_elapsed         | 201          |
|    total_timesteps      | 225280       |
| train/                  |              |
|    approx_kl            | 0.0010762693 |
|    clip_fraction        | 0.0174       |
|    clip_range           | 0.2          |
|    entropy_loss         | -0.121       |
|    explained_variance   | 0.953        |
|    learning_rate        | 0.0003       |
|    loss                 | -0.0072      |
|    n_updates            | 540          |
|    policy_gradient_loss | -0.00105     |
|    value_loss           | 0.00136      |
------------------------------------------
-----------------------------------------
| time/                   |             |
|    fps                  | 1117        |
|    iterations           | 56          |
|    time_elapsed         | 205         |
|    total_timesteps      | 229376      |
| train/                  |             |
|    approx_kl            | 0.000791668 |
|    clip_fraction        | 0.0033      |
|    clip_range           | 0.2         |
|    entropy_loss         | -0.113      |
|    explained_variance   | 0.947       |
|    learning_rate        | 0.0003      |
|    loss                 | 0.00449     |
|    n_updates            | 550         |
|    policy_gradient_loss | -0.00046    |
|    value_loss           | 0.00154     |
-----------------------------------------
  step  230000/500000 ( 46.0%)  mean_rew=-0.003
------------------------------------------
| time/                   |              |
|    fps                  | 1117         |
|    iterations           | 57           |
|    time_elapsed         | 209          |
|    total_timesteps      | 233472       |
| train/                  |              |
|    approx_kl            | 0.0005222573 |
|    clip_fraction        | 0.00508      |
|    clip_range           | 0.2          |
|    entropy_loss         | -0.109       |
|    explained_variance   | 0.978        |
|    learning_rate        | 0.0003       |
|    loss                 | 0.0014       |
|    n_updates            | 560          |
|    policy_gradient_loss | -0.000922    |
|    value_loss           | 0.000613     |
------------------------------------------
  step  235000/500000 ( 47.0%)  mean_rew=-0.002
------------------------------------------
| time/                   |              |
|    fps                  | 1117         |
|    iterations           | 58           |
|    time_elapsed         | 212          |
|    total_timesteps      | 237568       |
| train/                  |              |
|    approx_kl            | 0.0011403472 |
|    clip_fraction        | 0.0117       |
|    clip_range           | 0.2          |
|    entropy_loss         | -0.0972      |
|    explained_variance   | 0.947        |
|    learning_rate        | 0.0003       |
|    loss                 | -0.00595     |
|    n_updates            | 570          |
|    policy_gradient_loss | -0.000727    |
|    value_loss           | 0.0015       |
------------------------------------------
  step  240000/500000 ( 48.0%)  mean_rew=-0.003
------------------------------------------
| time/                   |              |
|    fps                  | 1117         |
|    iterations           | 59           |
|    time_elapsed         | 216          |
|    total_timesteps      | 241664       |
| train/                  |              |
|    approx_kl            | 0.0007765528 |
|    clip_fraction        | 0.0116       |
|    clip_range           | 0.2          |
|    entropy_loss         | -0.0953      |
|    explained_variance   | 0.94         |
|    learning_rate        | 0.0003       |
|    loss                 | -0.00097     |
|    n_updates            | 580          |
|    policy_gradient_loss | -0.000871    |
|    value_loss           | 0.00173      |
------------------------------------------
  step  245000/500000 ( 49.0%)  mean_rew=-0.002
-------------------------------------------
| time/                   |               |
|    fps                  | 1117          |
|    iterations           | 60            |
|    time_elapsed         | 220           |
|    total_timesteps      | 245760        |
| train/                  |               |
|    approx_kl            | 0.00024330676 |
|    clip_fraction        | 0.00469       |
|    clip_range           | 0.2           |
|    entropy_loss         | -0.0929       |
|    explained_variance   | 0.985         |
|    learning_rate        | 0.0003        |
|    loss                 | 0.00128       |
|    n_updates            | 590           |
|    policy_gradient_loss | -1.6e-05      |
|    value_loss           | 0.000425      |
-------------------------------------------
-------------------------------------------
| time/                   |               |
|    fps                  | 1117          |
|    iterations           | 61            |
|    time_elapsed         | 223           |
|    total_timesteps      | 249856        |
| train/                  |               |
|    approx_kl            | 0.00024665642 |
|    clip_fraction        | 0.00374       |
|    clip_range           | 0.2           |
|    entropy_loss         | -0.095        |
|    explained_variance   | 0.951         |
|    learning_rate        | 0.0003        |
|    loss                 | -3.1e-05      |
|    n_updates            | 600           |
|    policy_gradient_loss | -9.42e-05     |
|    value_loss           | 0.00153       |
-------------------------------------------
  step  250000/500000 ( 50.0%)  mean_rew=-0.003
-------------------------------------------
| time/                   |               |
|    fps                  | 1117          |
|    iterations           | 62            |
|    time_elapsed         | 227           |
|    total_timesteps      | 253952        |
| train/                  |               |
|    approx_kl            | 0.00056193117 |
|    clip_fraction        | 0.00469       |
|    clip_range           | 0.2           |
|    entropy_loss         | -0.0897       |
|    explained_variance   | 0.951         |
|    learning_rate        | 0.0003        |
|    loss                 | 0.00313       |
|    n_updates            | 610           |
|    policy_gradient_loss | -0.000339     |
|    value_loss           | 0.00146       |
-------------------------------------------
  step  255000/500000 ( 51.0%)  mean_rew=-0.002
------------------------------------------
| time/                   |              |
|    fps                  | 1116         |
|    iterations           | 63           |
|    time_elapsed         | 231          |
|    total_timesteps      | 258048       |
| train/                  |              |
|    approx_kl            | 0.0004896248 |
|    clip_fraction        | 0.00513      |
|    clip_range           | 0.2          |
|    entropy_loss         | -0.0848      |
|    explained_variance   | 0.949        |
|    learning_rate        | 0.0003       |
|    loss                 | 0.00546      |
|    n_updates            | 620          |
|    policy_gradient_loss | -0.000182    |
|    value_loss           | 0.00148      |
------------------------------------------
  step  260000/500000 ( 52.0%)  mean_rew=-0.004
-------------------------------------------
| time/                   |               |
|    fps                  | 1116          |
|    iterations           | 64            |
|    time_elapsed         | 234           |
|    total_timesteps      | 262144        |
| train/                  |               |
|    approx_kl            | 0.00027786958 |
|    clip_fraction        | 0.00603       |
|    clip_range           | 0.2           |
|    entropy_loss         | -0.082        |
|    explained_variance   | 0.983         |
|    learning_rate        | 0.0003        |
|    loss                 | -0.00196      |
|    n_updates            | 630           |
|    policy_gradient_loss | -0.000354     |
|    value_loss           | 0.000471      |
-------------------------------------------
  step  265000/500000 ( 53.0%)  mean_rew=-0.002
-------------------------------------------
| time/                   |               |
|    fps                  | 1116          |
|    iterations           | 65            |
|    time_elapsed         | 238           |
|    total_timesteps      | 266240        |
| train/                  |               |
|    approx_kl            | 0.00045130964 |
|    clip_fraction        | 0.00498       |
|    clip_range           | 0.2           |
|    entropy_loss         | -0.083        |
|    explained_variance   | 0.947         |
|    learning_rate        | 0.0003        |
|    loss                 | -0.0102       |
|    n_updates            | 640           |
|    policy_gradient_loss | -0.000198     |
|    value_loss           | 0.00155       |
-------------------------------------------
  step  270000/500000 ( 54.0%)  mean_rew=-0.002
------------------------------------------
| time/                   |              |
|    fps                  | 1116         |
|    iterations           | 66           |
|    time_elapsed         | 242          |
|    total_timesteps      | 270336       |
| train/                  |              |
|    approx_kl            | 0.0004223038 |
|    clip_fraction        | 0.0075       |
|    clip_range           | 0.2          |
|    entropy_loss         | -0.0817      |
|    explained_variance   | 0.95         |
|    learning_rate        | 0.0003       |
|    loss                 | -0.000628    |
|    n_updates            | 650          |
|    policy_gradient_loss | -0.000351    |
|    value_loss           | 0.0015       |
------------------------------------------
-------------------------------------------
| time/                   |               |
|    fps                  | 1116          |
|    iterations           | 67            |
|    time_elapsed         | 245           |
|    total_timesteps      | 274432        |
| train/                  |               |
|    approx_kl            | 0.00070816185 |
|    clip_fraction        | 0.00635       |
|    clip_range           | 0.2           |
|    entropy_loss         | -0.0811       |
|    explained_variance   | 0.98          |
|    learning_rate        | 0.0003        |
|    loss                 | -0.00362      |
|    n_updates            | 660           |
|    policy_gradient_loss | -0.000434     |
|    value_loss           | 0.00058       |
-------------------------------------------
  step  275000/500000 ( 55.0%)  mean_rew=-0.003
-------------------------------------------
| time/                   |               |
|    fps                  | 1116          |
|    iterations           | 68            |
|    time_elapsed         | 249           |
|    total_timesteps      | 278528        |
| train/                  |               |
|    approx_kl            | 0.00023272815 |
|    clip_fraction        | 0.00464       |
|    clip_range           | 0.2           |
|    entropy_loss         | -0.0768       |
|    explained_variance   | 0.953         |
|    learning_rate        | 0.0003        |
|    loss                 | 0.00191       |
|    n_updates            | 670           |
|    policy_gradient_loss | -0.000181     |
|    value_loss           | 0.00139       |
-------------------------------------------
  step  280000/500000 ( 56.0%)  mean_rew=-0.002
------------------------------------------
| time/                   |              |
|    fps                  | 1116         |
|    iterations           | 69           |
|    time_elapsed         | 253          |
|    total_timesteps      | 282624       |
| train/                  |              |
|    approx_kl            | 0.0008390718 |
|    clip_fraction        | 0.00747      |
|    clip_range           | 0.2          |
|    entropy_loss         | -0.0831      |
|    explained_variance   | 0.952        |
|    learning_rate        | 0.0003       |
|    loss                 | -0.00187     |
|    n_updates            | 680          |
|    policy_gradient_loss | -0.00021     |
|    value_loss           | 0.00136      |
------------------------------------------
  step  285000/500000 ( 57.0%)  mean_rew=-0.002
------------------------------------------
| time/                   |              |
|    fps                  | 1116         |
|    iterations           | 70           |
|    time_elapsed         | 256          |
|    total_timesteps      | 286720       |
| train/                  |              |
|    approx_kl            | 0.0006105484 |
|    clip_fraction        | 0.0105       |
|    clip_range           | 0.2          |
|    entropy_loss         | -0.0847      |
|    explained_variance   | 0.953        |
|    learning_rate        | 0.0003       |
|    loss                 | -0.00349     |
|    n_updates            | 690          |
|    policy_gradient_loss | -0.00105     |
|    value_loss           | 0.00135      |
------------------------------------------
  step  290000/500000 ( 58.0%)  mean_rew=-0.002
------------------------------------------
| time/                   |              |
|    fps                  | 1116         |
|    iterations           | 71           |
|    time_elapsed         | 260          |
|    total_timesteps      | 290816       |
| train/                  |              |
|    approx_kl            | 0.0037802723 |
|    clip_fraction        | 0.0171       |
|    clip_range           | 0.2          |
|    entropy_loss         | -0.091       |
|    explained_variance   | 0.986        |
|    learning_rate        | 0.0003       |
|    loss                 | 0.00374      |
|    n_updates            | 700          |
|    policy_gradient_loss | -0.00259     |
|    value_loss           | 0.000387     |
------------------------------------------
------------------------------------------
| time/                   |              |
|    fps                  | 1116         |
|    iterations           | 72           |
|    time_elapsed         | 264          |
|    total_timesteps      | 294912       |
| train/                  |              |
|    approx_kl            | 0.0011388084 |
|    clip_fraction        | 0.011        |
|    clip_range           | 0.2          |
|    entropy_loss         | -0.11        |
|    explained_variance   | 0.944        |
|    learning_rate        | 0.0003       |
|    loss                 | 0.000126     |
|    n_updates            | 710          |
|    policy_gradient_loss | -0.00197     |
|    value_loss           | 0.00176      |
------------------------------------------
  step  295000/500000 ( 59.0%)  mean_rew=-0.002
------------------------------------------
| time/                   |              |
|    fps                  | 1117         |
|    iterations           | 73           |
|    time_elapsed         | 267          |
|    total_timesteps      | 299008       |
| train/                  |              |
|    approx_kl            | 0.0005727441 |
|    clip_fraction        | 0.00762      |
|    clip_range           | 0.2          |
|    entropy_loss         | -0.0981      |
|    explained_variance   | 0.938        |
|    learning_rate        | 0.0003       |
|    loss                 | 0.00553      |
|    n_updates            | 720          |
|    policy_gradient_loss | -0.00146     |
|    value_loss           | 0.00201      |
------------------------------------------
  step  300000/500000 ( 60.0%)  mean_rew=-0.002
------------------------------------------
| time/                   |              |
|    fps                  | 1116         |
|    iterations           | 74           |
|    time_elapsed         | 271          |
|    total_timesteps      | 303104       |
| train/                  |              |
|    approx_kl            | 0.0012909737 |
|    clip_fraction        | 0.015        |
|    clip_range           | 0.2          |
|    entropy_loss         | -0.0914      |
|    explained_variance   | 0.98         |
|    learning_rate        | 0.0003       |
|    loss                 | 0.00468      |
|    n_updates            | 730          |
|    policy_gradient_loss | -0.00136     |
|    value_loss           | 0.000654     |
------------------------------------------
  step  305000/500000 ( 61.0%)  mean_rew=-0.003
-------------------------------------------
| time/                   |               |
|    fps                  | 1117          |
|    iterations           | 75            |
|    time_elapsed         | 275           |
|    total_timesteps      | 307200        |
| train/                  |               |
|    approx_kl            | 0.00086898985 |
|    clip_fraction        | 0.0112        |
|    clip_range           | 0.2           |
|    entropy_loss         | -0.0973       |
|    explained_variance   | 0.954         |
|    learning_rate        | 0.0003        |
|    loss                 | -0.00494      |
|    n_updates            | 740           |
|    policy_gradient_loss | -0.000822     |
|    value_loss           | 0.00156       |
-------------------------------------------
  step  310000/500000 ( 62.0%)  mean_rew=-0.002
------------------------------------------
| time/                   |              |
|    fps                  | 1117         |
|    iterations           | 76           |
|    time_elapsed         | 278          |
|    total_timesteps      | 311296       |
| train/                  |              |
|    approx_kl            | 0.0010397984 |
|    clip_fraction        | 0.0127       |
|    clip_range           | 0.2          |
|    entropy_loss         | -0.0994      |
|    explained_variance   | 0.947        |
|    learning_rate        | 0.0003       |
|    loss                 | -0.00137     |
|    n_updates            | 750          |
|    policy_gradient_loss | -0.00114     |
|    value_loss           | 0.00176      |
------------------------------------------
  step  315000/500000 ( 63.0%)  mean_rew=-0.002
-------------------------------------------
| time/                   |               |
|    fps                  | 1117          |
|    iterations           | 77            |
|    time_elapsed         | 282           |
|    total_timesteps      | 315392        |
| train/                  |               |
|    approx_kl            | 0.00084463984 |
|    clip_fraction        | 0.0107        |
|    clip_range           | 0.2           |
|    entropy_loss         | -0.0949       |
|    explained_variance   | 0.94          |
|    learning_rate        | 0.0003        |
|    loss                 | -0.00903      |
|    n_updates            | 760           |
|    policy_gradient_loss | -0.000469     |
|    value_loss           | 0.00183       |
-------------------------------------------
-------------------------------------------
| time/                   |               |
|    fps                  | 1117          |
|    iterations           | 78            |
|    time_elapsed         | 285           |
|    total_timesteps      | 319488        |
| train/                  |               |
|    approx_kl            | 0.00063020346 |
|    clip_fraction        | 0.0109        |
|    clip_range           | 0.2           |
|    entropy_loss         | -0.0934       |
|    explained_variance   | 0.983         |
|    learning_rate        | 0.0003        |
|    loss                 | -0.00249      |
|    n_updates            | 770           |
|    policy_gradient_loss | -0.00156      |
|    value_loss           | 0.000518      |
-------------------------------------------
  step  320000/500000 ( 64.0%)  mean_rew=-0.002
-----------------------------------------
| time/                   |             |
|    fps                  | 1117        |
|    iterations           | 79          |
|    time_elapsed         | 289         |
|    total_timesteps      | 323584      |
| train/                  |             |
|    approx_kl            | 0.000553949 |
|    clip_fraction        | 0.00701     |
|    clip_range           | 0.2         |
|    entropy_loss         | -0.0933     |
|    explained_variance   | 0.95        |
|    learning_rate        | 0.0003      |
|    loss                 | 0.000644    |
|    n_updates            | 780         |
|    policy_gradient_loss | -0.000295   |
|    value_loss           | 0.00154     |
-----------------------------------------
  step  325000/500000 ( 65.0%)  mean_rew=-0.002
-------------------------------------------
| time/                   |               |
|    fps                  | 1118          |
|    iterations           | 80            |
|    time_elapsed         | 292           |
|    total_timesteps      | 327680        |
| train/                  |               |
|    approx_kl            | 0.00045912788 |
|    clip_fraction        | 0.00803       |
|    clip_range           | 0.2           |
|    entropy_loss         | -0.096        |
|    explained_variance   | 0.95          |
|    learning_rate        | 0.0003        |
|    loss                 | 0.000569      |
|    n_updates            | 790           |
|    policy_gradient_loss | -0.000305     |
|    value_loss           | 0.00156       |
-------------------------------------------
  step  330000/500000 ( 66.0%)  mean_rew=-0.003
-------------------------------------------
| time/                   |               |
|    fps                  | 1119          |
|    iterations           | 81            |
|    time_elapsed         | 296           |
|    total_timesteps      | 331776        |
| train/                  |               |
|    approx_kl            | 0.00044786645 |
|    clip_fraction        | 0.0103        |
|    clip_range           | 0.2           |
|    entropy_loss         | -0.101        |
|    explained_variance   | 0.987         |
|    learning_rate        | 0.0003        |
|    loss                 | 0.000592      |
|    n_updates            | 800           |
|    policy_gradient_loss | -0.00106      |
|    value_loss           | 0.000394      |
-------------------------------------------
  step  335000/500000 ( 67.0%)  mean_rew=-0.005
------------------------------------------
| time/                   |              |
|    fps                  | 1120         |
|    iterations           | 82           |
|    time_elapsed         | 299          |
|    total_timesteps      | 335872       |
| train/                  |              |
|    approx_kl            | 0.0006627436 |
|    clip_fraction        | 0.01         |
|    clip_range           | 0.2          |
|    entropy_loss         | -0.0925      |
|    explained_variance   | 0.951        |
|    learning_rate        | 0.0003       |
|    loss                 | 0.00116      |
|    n_updates            | 810          |
|    policy_gradient_loss | -0.000262    |
|    value_loss           | 0.00157      |
------------------------------------------
-------------------------------------------
| time/                   |               |
|    fps                  | 1122          |
|    iterations           | 83            |
|    time_elapsed         | 302           |
|    total_timesteps      | 339968        |
| train/                  |               |
|    approx_kl            | 0.00055682997 |
|    clip_fraction        | 0.00608       |
|    clip_range           | 0.2           |
|    entropy_loss         | -0.0883       |
|    explained_variance   | 0.939         |
|    learning_rate        | 0.0003        |
|    loss                 | -2.47e-05     |
|    n_updates            | 820           |
|    policy_gradient_loss | -0.000459     |
|    value_loss           | 0.002         |
-------------------------------------------
  step  340000/500000 ( 68.0%)  mean_rew=-0.002
------------------------------------------
| time/                   |              |
|    fps                  | 1123         |
|    iterations           | 84           |
|    time_elapsed         | 306          |
|    total_timesteps      | 344064       |
| train/                  |              |
|    approx_kl            | 0.0004636407 |
|    clip_fraction        | 0.00278      |
|    clip_range           | 0.2          |
|    entropy_loss         | -0.0834      |
|    explained_variance   | 0.943        |
|    learning_rate        | 0.0003       |
|    loss                 | 0.000743     |
|    n_updates            | 830          |
|    policy_gradient_loss | -0.000213    |
|    value_loss           | 0.00187      |
------------------------------------------
  step  345000/500000 ( 69.0%)  mean_rew=-0.002
------------------------------------------
| time/                   |              |
|    fps                  | 1124         |
|    iterations           | 85           |
|    time_elapsed         | 309          |
|    total_timesteps      | 348160       |
| train/                  |              |
|    approx_kl            | 0.0005629305 |
|    clip_fraction        | 0.00583      |
|    clip_range           | 0.2          |
|    entropy_loss         | -0.0728      |
|    explained_variance   | 0.984        |
|    learning_rate        | 0.0003       |
|    loss                 | -0.00193     |
|    n_updates            | 840          |
|    policy_gradient_loss | -0.000152    |
|    value_loss           | 0.000498     |
------------------------------------------
  step  350000/500000 ( 70.0%)  mean_rew=-0.003
-----------------------------------------
| time/                   |             |
|    fps                  | 1125        |
|    iterations           | 86          |
|    time_elapsed         | 313         |
|    total_timesteps      | 352256      |
| train/                  |             |
|    approx_kl            | 0.010143599 |
|    clip_fraction        | 0.0441      |
|    clip_range           | 0.2         |
|    entropy_loss         | -0.109      |
|    explained_variance   | 0.946       |
|    learning_rate        | 0.0003      |
|    loss                 | 0.00509     |
|    n_updates            | 850         |
|    policy_gradient_loss | -0.00202    |
|    value_loss           | 0.00169     |
-----------------------------------------
  step  355000/500000 ( 71.0%)  mean_rew=-0.002
-----------------------------------------
| time/                   |             |
|    fps                  | 1126        |
|    iterations           | 87          |
|    time_elapsed         | 316         |
|    total_timesteps      | 356352      |
| train/                  |             |
|    approx_kl            | 0.007550349 |
|    clip_fraction        | 0.038       |
|    clip_range           | 0.2         |
|    entropy_loss         | -0.138      |
|    explained_variance   | 0.948       |
|    learning_rate        | 0.0003      |
|    loss                 | -0.00235    |
|    n_updates            | 860         |
|    policy_gradient_loss | -0.00137    |
|    value_loss           | 0.00154     |
-----------------------------------------
  step  360000/500000 ( 72.0%)  mean_rew=-0.002
------------------------------------------
| time/                   |              |
|    fps                  | 1127         |
|    iterations           | 88           |
|    time_elapsed         | 319          |
|    total_timesteps      | 360448       |
| train/                  |              |
|    approx_kl            | 0.0009662756 |
|    clip_fraction        | 0.0118       |
|    clip_range           | 0.2          |
|    entropy_loss         | -0.141       |
|    explained_variance   | 0.982        |
|    learning_rate        | 0.0003       |
|    loss                 | 0.00205      |
|    n_updates            | 870          |
|    policy_gradient_loss | -0.000439    |
|    value_loss           | 0.000505     |
------------------------------------------
------------------------------------------
| time/                   |              |
|    fps                  | 1127         |
|    iterations           | 89           |
|    time_elapsed         | 323          |
|    total_timesteps      | 364544       |
| train/                  |              |
|    approx_kl            | 0.0010455498 |
|    clip_fraction        | 0.0084       |
|    clip_range           | 0.2          |
|    entropy_loss         | -0.128       |
|    explained_variance   | 0.948        |
|    learning_rate        | 0.0003       |
|    loss                 | 0.00285      |
|    n_updates            | 880          |
|    policy_gradient_loss | -0.000252    |
|    value_loss           | 0.0015       |
------------------------------------------
  step  365000/500000 ( 73.0%)  mean_rew=-0.002
------------------------------------------
| time/                   |              |
|    fps                  | 1128         |
|    iterations           | 90           |
|    time_elapsed         | 326          |
|    total_timesteps      | 368640       |
| train/                  |              |
|    approx_kl            | 0.0013338311 |
|    clip_fraction        | 0.0146       |
|    clip_range           | 0.2          |
|    entropy_loss         | -0.122       |
|    explained_variance   | 0.946        |
|    learning_rate        | 0.0003       |
|    loss                 | 0.00184      |
|    n_updates            | 890          |
|    policy_gradient_loss | -0.000264    |
|    value_loss           | 0.00154      |
------------------------------------------
  step  370000/500000 ( 74.0%)  mean_rew=-0.002
------------------------------------------
| time/                   |              |
|    fps                  | 1129         |
|    iterations           | 91           |
|    time_elapsed         | 329          |
|    total_timesteps      | 372736       |
| train/                  |              |
|    approx_kl            | 0.0008773228 |
|    clip_fraction        | 0.00754      |
|    clip_range           | 0.2          |
|    entropy_loss         | -0.126       |
|    explained_variance   | 0.944        |
|    learning_rate        | 0.0003       |
|    loss                 | 0.000313     |
|    n_updates            | 900          |
|    policy_gradient_loss | -0.00025     |
|    value_loss           | 0.00158      |
------------------------------------------
  step  375000/500000 ( 75.0%)  mean_rew=-0.002
------------------------------------------
| time/                   |              |
|    fps                  | 1130         |
|    iterations           | 92           |
|    time_elapsed         | 333          |
|    total_timesteps      | 376832       |
| train/                  |              |
|    approx_kl            | 0.0012334371 |
|    clip_fraction        | 0.019        |
|    clip_range           | 0.2          |
|    entropy_loss         | -0.119       |
|    explained_variance   | 0.981        |
|    learning_rate        | 0.0003       |
|    loss                 | -0.00331     |
|    n_updates            | 910          |
|    policy_gradient_loss | -0.000943    |
|    value_loss           | 0.000518     |
------------------------------------------
  step  380000/500000 ( 76.0%)  mean_rew=-0.003
------------------------------------------
| time/                   |              |
|    fps                  | 1131         |
|    iterations           | 93           |
|    time_elapsed         | 336          |
|    total_timesteps      | 380928       |
| train/                  |              |
|    approx_kl            | 0.0011571634 |
|    clip_fraction        | 0.00991      |
|    clip_range           | 0.2          |
|    entropy_loss         | -0.107       |
|    explained_variance   | 0.945        |
|    learning_rate        | 0.0003       |
|    loss                 | -0.000413    |
|    n_updates            | 920          |
|    policy_gradient_loss | -0.000709    |
|    value_loss           | 0.00155      |
------------------------------------------
  step  385000/500000 ( 77.0%)  mean_rew=-0.003
------------------------------------------
| time/                   |              |
|    fps                  | 1132         |
|    iterations           | 94           |
|    time_elapsed         | 339          |
|    total_timesteps      | 385024       |
| train/                  |              |
|    approx_kl            | 0.0006911907 |
|    clip_fraction        | 0.0101       |
|    clip_range           | 0.2          |
|    entropy_loss         | -0.105       |
|    explained_variance   | 0.95         |
|    learning_rate        | 0.0003       |
|    loss                 | 3e-05        |
|    n_updates            | 930          |
|    policy_gradient_loss | -0.00027     |
|    value_loss           | 0.00134      |
------------------------------------------
------------------------------------------
| time/                   |              |
|    fps                  | 1133         |
|    iterations           | 95           |
|    time_elapsed         | 343          |
|    total_timesteps      | 389120       |
| train/                  |              |
|    approx_kl            | 0.0006939332 |
|    clip_fraction        | 0.0122       |
|    clip_range           | 0.2          |
|    entropy_loss         | -0.0914      |
|    explained_variance   | 0.979        |
|    learning_rate        | 0.0003       |
|    loss                 | -0.00118     |
|    n_updates            | 940          |
|    policy_gradient_loss | -0.000759    |
|    value_loss           | 0.000539     |
------------------------------------------
  step  390000/500000 ( 78.0%)  mean_rew=-0.002
------------------------------------------
| time/                   |              |
|    fps                  | 1134         |
|    iterations           | 96           |
|    time_elapsed         | 346          |
|    total_timesteps      | 393216       |
| train/                  |              |
|    approx_kl            | 0.0006054432 |
|    clip_fraction        | 0.0105       |
|    clip_range           | 0.2          |
|    entropy_loss         | -0.0799      |
|    explained_variance   | 0.953        |
|    learning_rate        | 0.0003       |
|    loss                 | -0.00127     |
|    n_updates            | 950          |
|    policy_gradient_loss | -0.000504    |
|    value_loss           | 0.00131      |
------------------------------------------
  step  395000/500000 ( 79.0%)  mean_rew=-0.002
-------------------------------------------
| time/                   |               |
|    fps                  | 1135          |
|    iterations           | 97            |
|    time_elapsed         | 349           |
|    total_timesteps      | 397312        |
| train/                  |               |
|    approx_kl            | 0.00031367166 |
|    clip_fraction        | 0.00466       |
|    clip_range           | 0.2           |
|    entropy_loss         | -0.0922       |
|    explained_variance   | 0.939         |
|    learning_rate        | 0.0003        |
|    loss                 | 0.00115       |
|    n_updates            | 960           |
|    policy_gradient_loss | -0.000125     |
|    value_loss           | 0.00145       |
-------------------------------------------
  step  400000/500000 ( 80.0%)  mean_rew=-0.004
------------------------------------------
| time/                   |              |
|    fps                  | 1136         |
|    iterations           | 98           |
|    time_elapsed         | 353          |
|    total_timesteps      | 401408       |
| train/                  |              |
|    approx_kl            | 0.0012555881 |
|    clip_fraction        | 0.0174       |
|    clip_range           | 0.2          |
|    entropy_loss         | -0.0805      |
|    explained_variance   | 0.976        |
|    learning_rate        | 0.0003       |
|    loss                 | -0.00244     |
|    n_updates            | 970          |
|    policy_gradient_loss | -0.000698    |
|    value_loss           | 0.000563     |
------------------------------------------
  step  405000/500000 ( 81.0%)  mean_rew=-0.002
------------------------------------------
| time/                   |              |
|    fps                  | 1136         |
|    iterations           | 99           |
|    time_elapsed         | 356          |
|    total_timesteps      | 405504       |
| train/                  |              |
|    approx_kl            | 0.0015613443 |
|    clip_fraction        | 0.0155       |
|    clip_range           | 0.2          |
|    entropy_loss         | -0.0719      |
|    explained_variance   | 0.947        |
|    learning_rate        | 0.0003       |
|    loss                 | 0.000688     |
|    n_updates            | 980          |
|    policy_gradient_loss | -0.000493    |
|    value_loss           | 0.0015       |
------------------------------------------
------------------------------------------
| time/                   |              |
|    fps                  | 1137         |
|    iterations           | 100          |
|    time_elapsed         | 360          |
|    total_timesteps      | 409600       |
| train/                  |              |
|    approx_kl            | 0.0004054309 |
|    clip_fraction        | 0.00728      |
|    clip_range           | 0.2          |
|    entropy_loss         | -0.0637      |
|    explained_variance   | 0.939        |
|    learning_rate        | 0.0003       |
|    loss                 | -0.00222     |
|    n_updates            | 990          |
|    policy_gradient_loss | -0.000347    |
|    value_loss           | 0.00183      |
------------------------------------------
  step  410000/500000 ( 82.0%)  mean_rew=-0.003
------------------------------------------
| time/                   |              |
|    fps                  | 1138         |
|    iterations           | 101          |
|    time_elapsed         | 363          |
|    total_timesteps      | 413696       |
| train/                  |              |
|    approx_kl            | 0.0003541081 |
|    clip_fraction        | 0.00452      |
|    clip_range           | 0.2          |
|    entropy_loss         | -0.0564      |
|    explained_variance   | 0.943        |
|    learning_rate        | 0.0003       |
|    loss                 | 0.000826     |
|    n_updates            | 1000         |
|    policy_gradient_loss | -0.000403    |
|    value_loss           | 0.00164      |
------------------------------------------
  step  415000/500000 ( 83.0%)  mean_rew=-0.002
-------------------------------------------
| time/                   |               |
|    fps                  | 1139          |
|    iterations           | 102           |
|    time_elapsed         | 366           |
|    total_timesteps      | 417792        |
| train/                  |               |
|    approx_kl            | 0.00030844277 |
|    clip_fraction        | 0.00605       |
|    clip_range           | 0.2           |
|    entropy_loss         | -0.0557       |
|    explained_variance   | 0.981         |
|    learning_rate        | 0.0003        |
|    loss                 | 0.000372      |
|    n_updates            | 1010          |
|    policy_gradient_loss | -0.000304     |
|    value_loss           | 0.000545      |
-------------------------------------------
  step  420000/500000 ( 84.0%)  mean_rew=-0.002
-------------------------------------------
| time/                   |               |
|    fps                  | 1140          |
|    iterations           | 103           |
|    time_elapsed         | 370           |
|    total_timesteps      | 421888        |
| train/                  |               |
|    approx_kl            | 0.00042511098 |
|    clip_fraction        | 0.00427       |
|    clip_range           | 0.2           |
|    entropy_loss         | -0.0546       |
|    explained_variance   | 0.942         |
|    learning_rate        | 0.0003        |
|    loss                 | 0.00227       |
|    n_updates            | 1020          |
|    policy_gradient_loss | -0.000347     |
|    value_loss           | 0.00163       |
-------------------------------------------
  step  425000/500000 ( 85.0%)  mean_rew=-0.003
-----------------------------------------
| time/                   |             |
|    fps                  | 1141        |
|    iterations           | 104         |
|    time_elapsed         | 373         |
|    total_timesteps      | 425984      |
| train/                  |             |
|    approx_kl            | 0.012352789 |
|    clip_fraction        | 0.0488      |
|    clip_range           | 0.2         |
|    entropy_loss         | -0.1        |
|    explained_variance   | 0.946       |
|    learning_rate        | 0.0003      |
|    loss                 | -0.00344    |
|    n_updates            | 1030        |
|    policy_gradient_loss | -0.00249    |
|    value_loss           | 0.00139     |
-----------------------------------------
  step  430000/500000 ( 86.0%)  mean_rew=-0.003
-------------------------------------------
| time/                   |               |
|    fps                  | 1141          |
|    iterations           | 105           |
|    time_elapsed         | 376           |
|    total_timesteps      | 430080        |
| train/                  |               |
|    approx_kl            | 0.00028633847 |
|    clip_fraction        | 0.00583       |
|    clip_range           | 0.2           |
|    entropy_loss         | -0.124        |
|    explained_variance   | 0.981         |
|    learning_rate        | 0.0003        |
|    loss                 | 0.00173       |
|    n_updates            | 1040          |
|    policy_gradient_loss | -0.000189     |
|    value_loss           | 0.000482      |
-------------------------------------------
------------------------------------------
| time/                   |              |
|    fps                  | 1142         |
|    iterations           | 106          |
|    time_elapsed         | 379          |
|    total_timesteps      | 434176       |
| train/                  |              |
|    approx_kl            | 0.0014222474 |
|    clip_fraction        | 0.016        |
|    clip_range           | 0.2          |
|    entropy_loss         | -0.137       |
|    explained_variance   | 0.946        |
|    learning_rate        | 0.0003       |
|    loss                 | -0.000846    |
|    n_updates            | 1050         |
|    policy_gradient_loss | -0.000935    |
|    value_loss           | 0.00159      |
------------------------------------------
  step  435000/500000 ( 87.0%)  mean_rew=-0.002
------------------------------------------
| time/                   |              |
|    fps                  | 1143         |
|    iterations           | 107          |
|    time_elapsed         | 383          |
|    total_timesteps      | 438272       |
| train/                  |              |
|    approx_kl            | 0.0009438716 |
|    clip_fraction        | 0.0199       |
|    clip_range           | 0.2          |
|    entropy_loss         | -0.147       |
|    explained_variance   | 0.948        |
|    learning_rate        | 0.0003       |
|    loss                 | -0.00268     |
|    n_updates            | 1060         |
|    policy_gradient_loss | -0.000694    |
|    value_loss           | 0.00145      |
------------------------------------------
  step  440000/500000 ( 88.0%)  mean_rew=-0.002
------------------------------------------
| time/                   |              |
|    fps                  | 1144         |
|    iterations           | 108          |
|    time_elapsed         | 386          |
|    total_timesteps      | 442368       |
| train/                  |              |
|    approx_kl            | 0.0016227056 |
|    clip_fraction        | 0.0165       |
|    clip_range           | 0.2          |
|    entropy_loss         | -0.144       |
|    explained_variance   | 0.942        |
|    learning_rate        | 0.0003       |
|    loss                 | 0.000387     |
|    n_updates            | 1070         |
|    policy_gradient_loss | -0.000698    |
|    value_loss           | 0.00156      |
------------------------------------------
  step  445000/500000 ( 89.0%)  mean_rew=-0.002
-------------------------------------------
| time/                   |               |
|    fps                  | 1144          |
|    iterations           | 109           |
|    time_elapsed         | 389           |
|    total_timesteps      | 446464        |
| train/                  |               |
|    approx_kl            | 0.00034970598 |
|    clip_fraction        | 0.0083        |
|    clip_range           | 0.2           |
|    entropy_loss         | -0.139        |
|    explained_variance   | 0.979         |
|    learning_rate        | 0.0003        |
|    loss                 | -9.84e-05     |
|    n_updates            | 1080          |
|    policy_gradient_loss | -0.000374     |
|    value_loss           | 0.00055       |
-------------------------------------------
  step  450000/500000 ( 90.0%)  mean_rew=-0.003
------------------------------------------
| time/                   |              |
|    fps                  | 1145         |
|    iterations           | 110          |
|    time_elapsed         | 393          |
|    total_timesteps      | 450560       |
| train/                  |              |
|    approx_kl            | 0.0013673567 |
|    clip_fraction        | 0.0139       |
|    clip_range           | 0.2          |
|    entropy_loss         | -0.131       |
|    explained_variance   | 0.933        |
|    learning_rate        | 0.0003       |
|    loss                 | 0.00019      |
|    n_updates            | 1090         |
|    policy_gradient_loss | -0.000702    |
|    value_loss           | 0.00179      |
------------------------------------------
-------------------------------------------
| time/                   |               |
|    fps                  | 1146          |
|    iterations           | 111           |
|    time_elapsed         | 396           |
|    total_timesteps      | 454656        |
| train/                  |               |
|    approx_kl            | 0.00096445857 |
|    clip_fraction        | 0.00923       |
|    clip_range           | 0.2           |
|    entropy_loss         | -0.123        |
|    explained_variance   | 0.938         |
|    learning_rate        | 0.0003        |
|    loss                 | 0.000607      |
|    n_updates            | 1100          |
|    policy_gradient_loss | -0.000103     |
|    value_loss           | 0.00162       |
-------------------------------------------
  step  455000/500000 ( 91.0%)  mean_rew=-0.003
-------------------------------------------
| time/                   |               |
|    fps                  | 1146          |
|    iterations           | 112           |
|    time_elapsed         | 400           |
|    total_timesteps      | 458752        |
| train/                  |               |
|    approx_kl            | 0.00083748915 |
|    clip_fraction        | 0.00962       |
|    clip_range           | 0.2           |
|    entropy_loss         | -0.125        |
|    explained_variance   | 0.971         |
|    learning_rate        | 0.0003        |
|    loss                 | 0.00264       |
|    n_updates            | 1110          |
|    policy_gradient_loss | -0.000427     |
|    value_loss           | 0.000714      |
-------------------------------------------
  step  460000/500000 ( 92.0%)  mean_rew=-0.003
------------------------------------------
| time/                   |              |
|    fps                  | 1147         |
|    iterations           | 113          |
|    time_elapsed         | 403          |
|    total_timesteps      | 462848       |
| train/                  |              |
|    approx_kl            | 0.0013378602 |
|    clip_fraction        | 0.0156       |
|    clip_range           | 0.2          |
|    entropy_loss         | -0.137       |
|    explained_variance   | 0.934        |
|    learning_rate        | 0.0003       |
|    loss                 | 0.000949     |
|    n_updates            | 1120         |
|    policy_gradient_loss | -0.000786    |
|    value_loss           | 0.00178      |
------------------------------------------
  step  465000/500000 ( 93.0%)  mean_rew=-0.002
-------------------------------------------
| time/                   |               |
|    fps                  | 1148          |
|    iterations           | 114           |
|    time_elapsed         | 406           |
|    total_timesteps      | 466944        |
| train/                  |               |
|    approx_kl            | 0.00069791934 |
|    clip_fraction        | 0.0112        |
|    clip_range           | 0.2           |
|    entropy_loss         | -0.127        |
|    explained_variance   | 0.941         |
|    learning_rate        | 0.0003        |
|    loss                 | 4.78e-05      |
|    n_updates            | 1130          |
|    policy_gradient_loss | -0.000213     |
|    value_loss           | 0.00155       |
-------------------------------------------
  step  470000/500000 ( 94.0%)  mean_rew=-0.002
------------------------------------------
| time/                   |              |
|    fps                  | 1148         |
|    iterations           | 115          |
|    time_elapsed         | 410          |
|    total_timesteps      | 471040       |
| train/                  |              |
|    approx_kl            | 0.0006361796 |
|    clip_fraction        | 0.00642      |
|    clip_range           | 0.2          |
|    entropy_loss         | -0.115       |
|    explained_variance   | 0.934        |
|    learning_rate        | 0.0003       |
|    loss                 | 0.00305      |
|    n_updates            | 1140         |
|    policy_gradient_loss | -0.000232    |
|    value_loss           | 0.00175      |
------------------------------------------
  step  475000/500000 ( 95.0%)  mean_rew=-0.002
-----------------------------------------
| time/                   |             |
|    fps                  | 1149        |
|    iterations           | 116         |
|    time_elapsed         | 413         |
|    total_timesteps      | 475136      |
| train/                  |             |
|    approx_kl            | 0.005038904 |
|    clip_fraction        | 0.0318      |
|    clip_range           | 0.2         |
|    entropy_loss         | -0.0925     |
|    explained_variance   | 0.978       |
|    learning_rate        | 0.0003      |
|    loss                 | 0.00383     |
|    n_updates            | 1150        |
|    policy_gradient_loss | -0.000764   |
|    value_loss           | 0.000567    |
-----------------------------------------
------------------------------------------
| time/                   |              |
|    fps                  | 1150         |
|    iterations           | 117          |
|    time_elapsed         | 416          |
|    total_timesteps      | 479232       |
| train/                  |              |
|    approx_kl            | 0.0014009057 |
|    clip_fraction        | 0.0122       |
|    clip_range           | 0.2          |
|    entropy_loss         | -0.0981      |
|    explained_variance   | 0.943        |
|    learning_rate        | 0.0003       |
|    loss                 | -0.000651    |
|    n_updates            | 1160         |
|    policy_gradient_loss | -0.000352    |
|    value_loss           | 0.00158      |
------------------------------------------
  step  480000/500000 ( 96.0%)  mean_rew=-0.003
------------------------------------------
| time/                   |              |
|    fps                  | 1150         |
|    iterations           | 118          |
|    time_elapsed         | 419          |
|    total_timesteps      | 483328       |
| train/                  |              |
|    approx_kl            | 0.0005487611 |
|    clip_fraction        | 0.00623      |
|    clip_range           | 0.2          |
|    entropy_loss         | -0.0936      |
|    explained_variance   | 0.941        |
|    learning_rate        | 0.0003       |
|    loss                 | -0.000286    |
|    n_updates            | 1170         |
|    policy_gradient_loss | -0.000184    |
|    value_loss           | 0.00165      |
------------------------------------------
  step  485000/500000 ( 97.0%)  mean_rew=-0.002
-----------------------------------------
| time/                   |             |
|    fps                  | 1151        |
|    iterations           | 119         |
|    time_elapsed         | 423         |
|    total_timesteps      | 487424      |
| train/                  |             |
|    approx_kl            | 0.008584268 |
|    clip_fraction        | 0.0346      |
|    clip_range           | 0.2         |
|    entropy_loss         | -0.111      |
|    explained_variance   | 0.984       |
|    learning_rate        | 0.0003      |
|    loss                 | -0.0158     |
|    n_updates            | 1180        |
|    policy_gradient_loss | -0.00475    |
|    value_loss           | 0.000417    |
-----------------------------------------
  step  490000/500000 ( 98.0%)  mean_rew=-0.002
-------------------------------------------
| time/                   |               |
|    fps                  | 1152          |
|    iterations           | 120           |
|    time_elapsed         | 426           |
|    total_timesteps      | 491520        |
| train/                  |               |
|    approx_kl            | 0.00031708932 |
|    clip_fraction        | 0.0084        |
|    clip_range           | 0.2           |
|    entropy_loss         | -0.125        |
|    explained_variance   | 0.945         |
|    learning_rate        | 0.0003        |
|    loss                 | -0.000122     |
|    n_updates            | 1190          |
|    policy_gradient_loss | -0.000333     |
|    value_loss           | 0.00167       |
-------------------------------------------
  step  495000/500000 ( 99.0%)  mean_rew=-0.002
------------------------------------------
| time/                   |              |
|    fps                  | 1152         |
|    iterations           | 121          |
|    time_elapsed         | 429          |
|    total_timesteps      | 495616       |
| train/                  |              |
|    approx_kl            | 0.0023115233 |
|    clip_fraction        | 0.0236       |
|    clip_range           | 0.2          |
|    entropy_loss         | -0.125       |
|    explained_variance   | 0.952        |
|    learning_rate        | 0.0003       |
|    loss                 | 0.00106      |
|    n_updates            | 1200         |
|    policy_gradient_loss | -0.00043     |
|    value_loss           | 0.00145      |
------------------------------------------
------------------------------------------
| time/                   |              |
|    fps                  | 1153         |
|    iterations           | 122          |
|    time_elapsed         | 433          |
|    total_timesteps      | 499712       |
| train/                  |              |
|    approx_kl            | 0.0007604454 |
|    clip_fraction        | 0.0104       |
|    clip_range           | 0.2          |
|    entropy_loss         | -0.122       |
|    explained_variance   | 0.948        |
|    learning_rate        | 0.0003       |
|    loss                 | -0.00118     |
|    n_updates            | 1210         |
|    policy_gradient_loss | -0.000961    |
|    value_loss           | 0.0016       |
------------------------------------------
  step  500000/500000 (100.0%)  mean_rew=-0.002
-----------------------------------------
| time/                   |             |
|    fps                  | 1154        |
|    iterations           | 123         |
|    time_elapsed         | 436         |
|    total_timesteps      | 503808      |
| train/                  |             |
|    approx_kl            | 0.004833833 |
|    clip_fraction        | 0.0307      |
|    clip_range           | 0.2         |
|    entropy_loss         | -0.105      |
|    explained_variance   | 0.984       |
|    learning_rate        | 0.0003      |
|    loss                 | 0.000851    |
|    n_updates            | 1220        |
|    policy_gradient_loss | -0.000249   |
|    value_loss           | 0.000473    |
-----------------------------------------
  Stage 1 saved -> cologne8_ppo_stage1_100pct.zip

[cologne8-PPO] Curriculum done.
  Final model -> /workspace/rl-traffic/exp_cologne8_direct/ppo_pressure_s123/cologne8_ppo_final_model.zip
  Total steps : 500000
