timestep,loss,value_loss,entropy_loss,approx_kl,clip_fraction,explained_variance,policy_gradient_loss
200,,,,,,,
400,0.016604522243142128,0.04375239973887801,-3.688873916864395,4.8279765e-07,0.0,-2.55857253074646,-0.00026617560618520387
600,0.02685275301337242,0.052710100170224906,-3.688872754573822,1.9818543e-07,0.0,-4.557064056396484,-0.00014105327462270444
800,0.02292884700000286,0.04458663295954466,-3.6888722240924836,3.015995e-07,0.0,-3.6442923545837402,-0.0001911677636794673
1000,0.022236833348870277,0.04271901929751039,-3.6888708770275116,2.875924e-07,0.0,-5.784728527069092,-0.00017038984450437055
1200,0.013917905278503895,0.035685571888461706,-3.6888701796531675,3.7938358e-07,0.0,-3.282288074493408,-0.00019716845563666485
1400,0.012278769165277481,0.030616950802505018,-3.688870185613632,3.144145e-07,0.0,-2.602282762527466,-0.00019630599129483173
1600,0.011758723296225071,0.026385167567059397,-3.6888699889183045,4.0739775e-07,0.0,-2.999006748199463,-0.00021276299465022852
1800,0.010009204037487507,0.022573920944705606,-3.688868373632431,4.5090914e-07,0.0,-3.398043632507324,-0.00020779007770874714
2000,0.010051838122308254,0.02227178211323917,-3.688867896795273,3.9547683e-07,0.0,-4.761192321777344,-0.00020160730259982662
2200,0.008193526417016983,0.016393610928207635,-3.688866376876831,5.176663e-07,0.0,-2.301596164703369,-0.00021082965935739217
2400,0.007531914860010147,0.016109778685495256,-3.688865232467651,6.008148e-07,0.0,-6.016090393066406,-0.00025612252744244834
2600,0.006322197616100311,0.014321551145985722,-3.688864654302597,4.9084423e-07,0.0,-9.398090362548828,-0.00023518133338447101
2800,0.0038531003519892693,0.009648703970015049,-3.688866764307022,3.927946e-07,0.0,-7.7859697341918945,-0.00022907689285918132
3000,0.0033861487172544003,0.009291080420371144,-3.6888638556003572,4.0084123e-07,0.0,-6.046131610870361,-0.00021076849200847293
3200,0.0032006176188588142,0.0073873541783541444,-3.6888598203659058,4.950166e-07,0.0,-5.630577087402344,-0.00021745947184765858
3400,0.002931569702923298,0.00625779825495556,-3.688859683275223,4.670024e-07,0.0,-7.605831146240234,-0.00023922623715044722
3600,0.0018399065593257546,0.00544988649780862,-3.688858711719513,3.1650066e-07,0.0,-6.49402379989624,-0.00017076286687278674
3800,0.0009879455901682377,0.004009303951170296,-3.6888590157032013,7.0363285e-07,0.0,-2.5330162048339844,-0.000269884482650351
4000,0.0012506113853305578,0.004090544808423147,-3.6888600468635557,5.9753654e-07,0.0,-6.159813404083252,-0.0002344040284201543
4200,0.0013436444569379091,0.003337324975291267,-3.6888607144355774,4.902482e-07,0.0,-11.473299980163574,-0.00021820260532696701
4400,0.0010654821526259184,0.0032359853037633004,-3.6888606369495394,4.002452e-07,0.0,-5.801266670227051,-0.0001735693221768031
4600,0.0010460306657478213,0.0031497734482400118,-3.688858813047409,4.1633842e-07,0.0,-7.543750762939453,-0.000174607112634928
4800,0.0007527186535298824,0.0020907726546283813,-3.6888583183288572,3.4660104e-07,0.0,-2.3592476844787598,-0.00017638163254469764
5000,0.0005817886558361351,0.0022487820853712035,-3.6888553857803346,5.7131047e-07,0.0,-13.838356971740723,-0.00021159143627591526
5200,0.0006254591280594468,0.0015172968574916012,-3.688856542110443,2.336502e-07,0.0,-10.40326976776123,-0.0001235128423054288
5400,-8.495053043588996e-05,0.001070390509266872,-3.6888556480407715,2.3722649e-07,0.0,-9.077680587768555,-0.0001464885031753127
5600,0.0003940406604669988,0.001784203613351565,-3.688856440782547,2.539158e-07,0.0,-24.766986846923828,-0.00012553191934103758
5800,0.0004250248894095421,0.001853142838808708,-3.6888602316379546,1.7732381e-07,0.0,-33.4186897277832,-0.00010953403323266109
6000,0.0004704269231297076,0.001080301594629418,-3.6888581097126005,1.883507e-07,0.0,-9.66910457611084,-0.00011254260660251703
6200,0.00021018843108322471,0.0019331241346662864,-3.6888595283031465,2.2828578e-07,0.0,-27.49469566345215,-0.00011317487177973096
6400,0.00027123308973386884,0.001381384905835148,-3.688857614994049,1.975894e-07,0.0,-18.29570960998535,-0.00011477674432341933
6600,0.0004125762789044529,0.0012460890284273773,-3.6888551354408263,2.2917986e-07,0.0,-15.499687194824219,-0.00012091568192322822
6800,0.00028876049327664077,0.001255580968427239,-3.6888556122779845,2.0831823e-07,0.0,-22.898679733276367,-0.00011420872790153247
7000,0.0001489504793426022,0.0011355138340150006,-3.6888573110103606,2.2798775e-07,0.0,-2.0257372856140137,-0.0001290663709826223
7200,0.0006347649032250047,0.0014327428943943232,-3.688855546712875,2.2053719e-07,0.0,-22.77098846435547,-0.0001237189026336516
7400,0.0003942039329558611,0.001441852591233328,-3.6888583302497864,3.2395124e-07,0.0,-29.314119338989258,-0.00016745213551074833
7600,0.0008673631818965077,0.0017926343949511646,-3.6888576328754423,2.1487475e-07,0.0,-4.887030601501465,-0.00011735922119304742
7800,0.0004978432552888989,0.001325429219286889,-3.68885595202446,2.0056962e-07,0.0,-22.528091430664062,-0.00011652797536925164
8000,0.00032939581433311105,0.0015237495405017397,-3.688856279850006,1.5676022e-07,0.0,-23.961334228515625,-0.00010287451780293111
8200,0.0002622691390570253,0.0014211256057024002,-3.6888536870479585,3.0547378e-07,0.0,-4.154505252838135,-0.00013083231447523768
8400,0.0002604887413326651,0.0016802901605842634,-3.6888599693775177,1.7672777e-07,0.0,-5.353881359100342,-0.00011149951755282662
8600,0.00024595335707999766,0.0009015540028485703,-3.6888549387454987,2.0384788e-07,0.0,-13.592662811279297,-0.0001182539454705367
8800,0.00031099061015993357,0.0009293621260439977,-3.6888536632061006,1.9818543e-07,0.0,-16.414505004882812,-9.49043494200108e-05
9000,0.00010995732736773789,0.000998288178925577,-3.6888581216335297,3.105402e-07,0.0,-9.300786018371582,-0.0001503001901939971
9200,0.00033918849658221006,0.0009595722556696273,-3.688853865861893,2.2768974e-07,0.0,-12.492280006408691,-0.0001034746247994267
9400,0.00023796327877789736,0.0009603350743418559,-3.6888533234596252,1.3262033e-07,0.0,-22.807886123657227,-8.50963740136823e-05
9600,0.00012425973545759916,0.0007638910643436248,-3.688852125406265,1.835823e-07,0.0,-13.693621635437012,-0.00010153125239940053
9800,7.46535079088062e-05,0.0010217953953542747,-3.688854432106018,3.4987926e-07,0.0,-17.240489959716797,-0.0001452782611937653
10000,0.000297324062557891,0.001060703345865477,-3.6888570904731752,2.1576881e-07,0.0,-22.467243194580078,-0.00011623379656797717
10200,0.00014348377590067685,0.0007422464550472796,-3.6888535380363465,1.7821787e-07,0.0,-14.03447437286377,-0.00011175073641358501
10400,0.00021681531507056206,0.0009132262828643433,-3.6888526380062103,2.3424627e-07,0.0,-16.179794311523438,-0.0001237926932453226
10600,-9.947011130861938e-05,0.000556845878236345,-3.6888488054275514,2.2500754e-07,0.0,-15.204708099365234,-0.00013008416604609607
10800,0.0001444074441678822,0.000985924230189994,-3.688848775625229,2.0384788e-07,0.0,-17.343772888183594,-0.00011802941632678143
11000,4.409928806126118e-06,0.0007187224611698185,-3.688847744464874,4.3034552e-07,0.0,-9.426566123962402,-0.00016650467967862514
11200,8.212961256504059e-05,0.0007232136034872383,-3.688844311237335,2.82526e-07,0.0,-11.570252418518066,-0.00013037076512920632
11400,-2.443010453134775e-05,0.0009537076381093357,-3.688852345943451,2.1666288e-07,0.0,-18.604881286621094,-0.0001102947893143913
11600,0.0005270251422189176,0.0009448944045288953,-3.6888522505760193,1.7315148e-07,0.0,-18.847103118896484,-0.00010608373637546186
11800,7.038295734673738e-05,0.0010238237256999128,-3.6888520777225495,2.7000902e-07,0.0,-3.580099582672119,-0.0001307897198278507
12000,-3.697389911394566e-05,0.000700516903452808,-3.688850277662277,2.6166438e-07,0.0,-17.620798110961914,-0.00014167615784719257
12200,2.0471838070079684e-05,0.0008625722170108929,-3.688848203420639,3.0517577e-07,0.0,-24.336570739746094,-0.00014623397505664215
12400,0.0002886831935029477,0.0009350225664093159,-3.6888500332832335,2.1636485e-07,0.0,-17.58675193786621,-0.0001112035726656857
12600,3.969414683524519e-05,0.0005955211774562486,-3.6888487219810484,2.8580428e-07,0.0,-11.228206634521484,-0.0001521868710007368
12800,0.000131855602376163,0.0005616633905447088,-3.688844233751297,2.0682812e-07,0.0,-17.129669189453125,-9.867668236882566e-05
13000,-6.17357436567545e-05,0.00045831872976123125,-3.6888418197631836,2.6762484e-07,0.0,-8.861929893493652,-0.0001222307688895974
13200,0.00010673468932509422,0.0008224890305427834,-3.68884716629982,1.6689299e-07,0.0,-14.912580490112305,-0.00010508172962745422
13400,9.035936091095209e-05,0.0005364399858081015,-3.6888436794281008,2.169609e-07,0.0,-11.282722473144531,-0.00010007793600630977
13600,0.0001946454431163147,0.0007549764472059905,-3.688847744464874,2.6255844e-07,0.0,-10.99690055847168,-0.00013931073152990693
13800,-0.00014460794045589864,0.0004802274150279118,-3.6888430178165437,3.2216312e-07,0.0,-6.725242614746094,-0.0001354986722556184
14000,0.00015794363571330905,0.0007394062798994127,-3.688845360279083,2.8014182e-07,0.0,-21.244413375854492,-0.00013269858225977148
14200,-2.0915482309646904e-05,0.00035636245029309067,-3.6888449847698213,1.463294e-07,0.0,-10.006182670593262,-8.383016998501635e-05
14400,8.890643948689103e-05,0.0007067709768307396,-3.688847178220749,1.7344952e-07,0.0,-16.373350143432617,-0.00010011997866821165
14600,8.41562869027257e-05,0.0006134489856776781,-3.6888510644435883,1.9848348e-07,0.0,-12.027131080627441,-0.00012176048751928459
14800,-0.0001306606427533552,0.00037845955848752054,-3.688843309879303,1.7374754e-07,0.0,-8.801835060119629,-9.803282469846852e-05
15000,-0.00011423855903558433,0.00040985699342854787,-3.688845527172089,2.554059e-07,0.0,-10.538596153259277,-0.00014175616875047314
15200,-1.257855910807848e-05,0.000613904729107162,-3.6888486802577973,2.4676322e-07,0.0,-16.003488540649414,-0.00012926532377421918
15400,-2.650704118423164e-05,0.0005259011362795718,-3.68884100317955,3.007054e-07,0.0,-13.771825790405273,-0.00012380283685768932
15600,-0.00019053487631026655,0.00034479581299819986,-3.6888455033302305,1.975894e-07,0.0,-10.15323257446289,-0.00011458785800231298
15800,-6.490082887466997e-05,0.00039841989528213164,-3.688846915960312,1.9550323e-07,0.0,-15.697765350341797,-0.00010643255712774468
16000,-0.00016646695439703763,0.0004499167866015341,-3.6888442993164063,4.0918587e-07,0.0,-3.5648841857910156,-0.00017895528716542762
16200,7.558829383924603e-05,0.000486149346397724,-3.6888493597507477,1.5556813e-07,0.0,-12.94693660736084,-0.00010566435730461344
16400,-5.6378921726718545e-05,0.0005216925324930344,-3.6888408064842224,4.5657157e-07,0.0,-3.5708107948303223,-0.00016651044049922347
16600,-0.00012170651461929083,0.0005485448797116988,-3.6888468503952025,3.8951634e-07,0.0,-10.776067733764648,-0.00015444315944108667
16800,-8.088292088359594e-05,0.0002876277636460145,-3.6888391852378843,3.8146973e-07,0.0,-6.239836692810059,-0.0001341171636055405
17000,-0.0001674713275860995,0.0003896068999893032,-3.6888491332530977,1.9997358e-07,0.0,-18.71453285217285,-0.00013100628586555364
17200,-0.0003188037662766874,0.00036204111820552497,-3.688843858242035,2.1547078e-07,0.0,-6.504608154296875,-0.00011152286756680452
17400,-0.00023514920030720532,0.00018015979749179677,-3.6888393461704254,2.1129847e-07,0.0,-4.132168292999268,-0.00010779482940284079
17600,-0.00022963806986808777,0.00038841710484120994,-3.688846755027771,2.452731e-07,0.0,-12.716955184936523,-0.00013690456666197725
17800,-0.00016970444994512945,0.00024746736326051175,-3.688838356733322,2.515316e-07,0.0,-16.156736373901367,-0.0001291034374553579
18000,-0.00017333790310658514,0.00033285690369666554,-3.68883992433548,2.1338462e-07,0.0,-7.456488609313965,-0.00011560021402465815
18200,-0.00010222377022728324,0.0003423000187467551,-3.6888399720191956,3.9458274e-07,0.0,-2.347740888595581,-0.000157580356953968
18400,-0.00011884587001986802,0.0002515085907361936,-3.688841050863266,2.1994114e-07,0.0,-10.76259994506836,-0.00011069974288369089
18600,-0.0001984539849217981,0.0003062320978642674,-3.6888425290584563,3.245473e-07,0.0,-9.302125930786133,-0.00015963842201320854
18800,-0.00018489717331249267,0.0002910971539677121,-3.688841474056244,3.567338e-07,0.0,-10.290282249450684,-0.00015153644948997513
19000,-0.00031725302687846124,0.00021461841297423234,-3.688837003707886,3.3855437e-07,0.0,-4.928326606750488,-0.00015754358445565497
19200,-0.0001575401984155178,0.00017564313220645998,-3.688837093114853,1.5914439e-07,0.0,-8.661812782287598,-9.485241475897244e-05
19400,-3.7764941225759685e-05,0.0001766870489518624,-3.688835155963898,2.3514032e-07,0.0,-8.792535781860352,-0.00011925964070984563
19600,-0.00019035629520658404,0.00016067130327428457,-3.6888296484947203,3.2603742e-07,0.0,-4.1347246170043945,-0.00012709357617490813
19800,-0.000148513208841905,0.0001903315465824562,-3.6888370513916016,1.5825034e-07,0.0,-4.93678617477417,-9.000572552781971e-05
20000,-0.0002168921782867983,0.00022179620100359898,-3.6888373851776124,2.2143126e-07,0.0,-4.753511905670166,-0.00011870106992502016
20200,-0.0002108419721480459,0.0002167773691326147,-3.688831037282944,2.4169682e-07,0.0,-4.408414363861084,-0.00012691344321479335
20400,-0.0001941817463375628,8.753601468924899e-05,-3.6888262212276457,3.3199785e-07,0.0,-2.805351734161377,-0.0001369970829643963
20600,-0.00019992628949694335,0.00023986168671399354,-3.6888298451900483,3.3020973e-07,0.0,-4.8447394371032715,-0.00014781656840341385
20800,-0.0002666359068825841,0.00015178767098404932,-3.688820743560791,4.5150517e-07,0.0,-6.194608688354492,-0.00014173461494237927
21000,-0.00022918684408068657,9.424735408174456e-05,-3.6888368308544157,3.165007e-07,0.0,-4.415736198425293,-0.0001372895842154165
21200,-0.0002833239268511534,9.478234787820838e-05,-3.6888315618038177,3.9696693e-07,0.0,-2.146221160888672,-0.00018130007465413378
21400,-0.00021911443036515266,0.00011931391281905235,-3.6888268530368804,3.7014485e-07,0.0,-4.581201076507568,-0.00011518081852819328
21600,-0.00026688718935474753,0.00014699274997838075,-3.688822203874588,3.1888484e-07,0.0,-1.889909029006958,-0.00016465735364159517
21800,-0.00028538049082271755,0.00015451326544280164,-3.688832288980484,3.5971402e-07,0.0,-2.264233350753784,-0.00016794565357591829
22000,-0.00039192455005832016,0.00014111011259956285,-3.688822275400162,3.8564204e-07,0.0,-6.803637504577637,-0.00016115963487561835
22200,-0.00044440891360864043,8.457173134956975e-05,-3.688830405473709,3.3974646e-07,0.0,-1.05953049659729,-0.0001601228551831646
22400,-0.0005322518409229815,0.00011108089838671731,-3.688823425769806,3.7878752e-07,0.0,-1.9103424549102783,-0.0001631526497221758
22600,-0.00022064929362386465,0.00013972443102829856,-3.6888279974460603,2.0682812e-07,0.0,-4.118083477020264,-0.00011839831034719528
22800,-0.00014714627468492836,0.0001113073886699567,-3.6888307332992554,3.2454727e-07,0.0,-3.3301753997802734,-0.00014457874063942278
23000,-0.0002444620768073946,9.429042283954913e-05,-3.688822239637375,4.3362377e-07,0.0,-2.202333688735962,-0.00015009798295295695
23200,-0.00029469156288541853,0.00014368038919201353,-3.6888265371322633,3.8444995e-07,0.0,-1.7129786014556885,-0.00015663404807935154
23400,-0.00027720164507627487,5.4686484600097177e-05,-3.6888271987438204,3.5732984e-07,0.0,-1.177718162536621,-0.00015134581956394166
23600,-0.00027071614749729633,6.690522809549293e-05,-3.6888284564018248,2.3573637e-07,0.0,-3.59987211227417,-0.00012119774203496192
23800,-0.00047753279795870185,8.884902499630697e-05,-3.688819074630737,5.590916e-07,0.0,-0.9898213148117065,-0.00018665401800910253
24000,-0.0003079668094869703,6.298360563050664e-05,-3.6888302981853487,2.8699637e-07,0.0,-3.03336763381958,-0.00012116791317087205
24200,-0.000233636746997945,6.819563041062792e-05,-3.6888296246528625,2.9474495e-07,0.0,-2.4090445041656494,-0.0001423819077120969
24400,-0.0004987703869119287,7.96578821791627e-05,-3.688822442293167,7.3373315e-07,0.0,-0.6627496480941772,-0.0002252119400268371
24600,-0.0005168003845028579,5.651316555486119e-05,-3.6888282239437102,3.4213065e-07,0.0,-2.671555519104004,-0.00015390122854137546
24800,-0.0002868904557544738,6.0243490770517384e-05,-3.688828408718109,2.9087067e-07,0.0,-1.0592446327209473,-0.00015088145450908863
25000,-0.0005228873924352229,5.22736073435226e-05,-3.688809925317764,5.728006e-07,0.0,-0.7145411968231201,-0.00018066148489901402
25200,-0.000362658582162112,3.866444453706208e-05,-3.6888161838054656,3.1113626e-07,0.0,-2.3010525703430176,-0.00013265019622963337
25400,-0.00038081465754657984,5.182978338780231e-05,-3.68882297873497,3.632903e-07,0.0,-1.049581527709961,-0.0001731039132135237
25600,-0.0003206453984603286,3.141755519209255e-05,-3.6888170301914216,4.4584277e-07,0.0,-0.6395699977874756,-0.0001755243908649451
25800,-0.0006589371478185058,2.850696992027224e-05,-3.688812780380249,5.4299835e-07,0.0,-0.5196558237075806,-0.0002212971827874499
26000,-0.0006176586030051112,4.774186563736293e-05,-3.688822340965271,5.635619e-07,0.0,-0.918115496635437,-0.00022886346985773187
26200,-0.0004733357345685363,4.188327129668323e-05,-3.6888216853141786,5.7548283e-07,0.0,-0.690964937210083,-0.00021368463373283575
26400,-0.0001716951373964548,5.0848787668655857e-05,-3.688827121257782,2.4557113e-07,0.0,-0.5578255653381348,-0.00010815885554598115
26600,-0.0004162024415563792,3.7321591025829545e-05,-3.688823878765106,4.2349103e-07,0.0,-0.7564581632614136,-0.00019455572021124246
26800,-0.00030869527836330235,6.0316994904496823e-05,-3.688816046714783,2.9712913e-07,0.0,-0.31208789348602295,-0.00016355420667082398
27000,-0.0004388631787151098,4.99499243687751e-05,-3.6888119161128996,4.0501357e-07,0.0,-0.3627358675003052,-0.00021495986819073388
27200,-0.00024650205159559846,4.014314708911115e-05,-3.6888165533542634,4.041195e-07,0.0,-0.5330686569213867,-0.00017363755426023087
27400,-0.0006224054959602654,2.693222877496737e-05,-3.6888167321681977,3.501773e-07,0.0,-0.31019842624664307,-0.00016452231064565393
27600,-0.0004977948265150189,2.8974493807254477e-05,-3.688817524909973,3.916025e-07,0.0,-0.4993022680282593,-0.00017581531436450248
27800,-0.0003420159046072513,1.706751154415542e-05,-3.6888171195983888,3.7521124e-07,0.0,-0.5975958108901978,-0.0001668681962055496
28000,-0.000719947915058583,4.229996980029682e-05,-3.6888163864612578,5.0723554e-07,0.0,-0.3089638948440552,-0.00022362899804602155
28200,-0.00045140835572965443,3.7731184647782356e-05,-3.688815599679947,4.7504903e-07,0.0,-0.5474228858947754,-0.00019627987030914617
28400,-0.0003638211346697062,3.604313351388555e-05,-3.688818669319153,4.786253e-07,0.0,-0.29861414432525635,-0.00021671987466413966
28600,-0.000394790549762547,1.8080527638630883e-05,-3.6888114333152773,4.4763087e-07,0.0,-0.3560185432434082,-0.00019942691969943027
28800,-0.00045746093383058906,4.638422201423964e-05,-3.688804495334625,6.6637995e-07,0.0,-0.17621612548828125,-0.00018496043991138577
29000,-0.0004225707962177694,3.841682528218371e-05,-3.6888145983219145,3.2395124e-07,0.0,-0.1912747621536255,-0.00017325922893232092
29200,-0.00030919606797397137,2.625348281526385e-05,-3.6888130843639373,4.923344e-07,0.0,-0.07769536972045898,-0.000173009593066209
29400,-0.0004864140646532178,2.953699399768084e-05,-3.6888026118278505,4.118681e-07,0.0,-0.07484567165374756,-0.00017666920423481391
29600,-0.0005888129817321897,3.321837984913145e-05,-3.688816863298416,4.7177076e-07,0.0,-0.1158761978149414,-0.0002049458796913095
29800,-0.0003408254706300795,1.2446275195543422e-05,-3.688809263706207,5.0216914e-07,0.0,-0.09397399425506592,-0.00023989933530998986
30000,-0.0001586848811712116,4.01055591282784e-05,-3.6888067722320557,2.5153162e-07,0.0,-0.049072265625,-0.00012542840766215367
30200,-0.00048381424858234823,1.8103837237504195e-05,-3.688798815011978,4.8696995e-07,0.0,-0.10078847408294678,-0.00022815016388335607
30400,-0.00033418487873859704,1.9572914766285976e-05,-3.688795989751816,2.8580428e-07,0.0,-0.13900542259216309,-0.000146547779686218
30600,-0.0005367447738535702,2.48679350988823e-05,-3.6887909829616548,5.254149e-07,0.0,-0.1392214298248291,-0.00018692028444479148
30800,-0.0004173176712356508,2.0775946882167774e-05,-3.6888069570064546,2.9951337e-07,0.0,-0.002018570899963379,-0.0001458602484133875
31000,-0.0002650620590429753,1.890581118004775e-05,-3.688808137178421,2.8967855e-07,0.0,-0.06493425369262695,-0.00015708452391023365
31200,-0.00044871048885397613,2.5981702947319718e-05,-3.688799089193344,4.607439e-07,0.0,-0.04287445545196533,-0.0001947677360310429
31400,-0.0002656292635947466,3.7664541059712066e-05,-3.6887983441352845,2.6643275e-07,0.0,0.01649796962738037,-0.00011892079663198274
31600,-0.0006066279020160437,2.8530938584481193e-05,-3.6887955367565155,7.236004e-07,0.0,-0.04172837734222412,-0.00024866685319804296
31800,-0.00043885642662644386,3.668244198706816e-05,-3.6888075053691862,4.6640636e-07,0.0,-0.04914724826812744,-0.00021372333092086748
32000,-0.0002524107985664159,1.464663328079041e-05,-3.688820260763168,1.9431113e-07,0.0,-0.05791449546813965,-0.00011721990983990516
32200,-0.0004426306113600731,1.5192385887985438e-05,-3.688794231414795,5.5015084e-07,0.0,-0.17859649658203125,-0.00020347699589293722
32400,-0.00040291823097504675,2.290365919179749e-05,-3.6888032257556915,2.8431415e-07,0.0,0.11999326944351196,-0.00016024544783765915
32600,-0.00048196519492194057,1.9287331952000386e-05,-3.688808226585388,3.6239624e-07,0.0,-0.09235966205596924,-0.00017888659090772307
32800,-0.0007159848464652896,1.598694168478687e-05,-3.688794994354248,8.800626e-07,0.0,0.04451906681060791,-0.00028761415372473563
33000,-0.0004720759461633861,4.147724962422217e-05,-3.688808000087738,3.018975e-07,0.0,-0.0587468147277832,-0.0001575616087031273
33200,-0.0004423406207934022,4.870628595199378e-05,-3.6887979805469513,3.063679e-07,0.0,-0.12132799625396729,-0.00014754601613504726
33400,-0.00039428393938578665,1.9319816260576772e-05,-3.688802480697632,3.4749507e-07,0.0,-0.002870917320251465,-0.00016747586025527282
33600,-0.0004639425314962864,1.8653523716238853e-05,-3.688811457157135,3.0606986e-07,0.0,-0.026925325393676758,-0.00017716296819507703
33800,-0.0003628323320299387,4.423539257913944e-05,-3.688792806863785,3.489852e-07,0.0,-0.0592041015625,-0.0001633244773121323
34000,-0.00032783320057205856,2.3146231728787826e-05,-3.688792461156845,3.6120414e-07,0.0,0.023576796054840088,-0.00015137317697031528
34200,-0.0005279494216665626,1.6948156576290786e-05,-3.6887977719306946,5.1975246e-07,0.0,-0.3153502941131592,-0.00021948997694876127
34400,-0.00031572874286212027,2.176657383188285e-05,-3.6888061285018923,2.8967855e-07,0.0,0.053593575954437256,-0.0001511523279104754
34600,-0.0004283652815502137,1.2136900181758392e-05,-3.688788950443268,3.5524369e-07,0.0,-0.22740721702575684,-0.00018247208851457364
34800,-0.0005323780351318419,2.3984052791092837e-05,-3.6888063848018646,4.4375656e-07,0.0,0.13984328508377075,-0.00022993905821477867
35000,-0.0005797725170850754,1.7634435630498045e-05,-3.6888071596622467,4.8190356e-07,0.0,0.10686147212982178,-0.00021624670898132692
35200,-0.0005246010259725153,1.296227366083258e-05,-3.688787204027176,6.6399576e-07,0.0,-0.005102872848510742,-0.000286286643804945
35400,-0.00041736147250048816,2.4561348391216596e-05,-3.688796317577362,2.1904707e-07,0.0,0.009251773357391357,-0.00012931113785135117
35600,-0.00031612213933840394,1.961543891866313e-05,-3.68879981637001,2.2321939e-07,0.0,-0.053276658058166504,-0.00012556611080960511
35800,-0.00032124522840604186,2.4630253210489173e-05,-3.6887932121753693,3.6746263e-07,0.0,0.05927169322967529,-0.000179663028558541
36000,-0.0002151111839339137,2.1063526878606355e-05,-3.6888016879558565,3.0606986e-07,0.0,0.09204703569412231,-0.00016973239936248773
36200,-0.00027209019754081964,2.8085178564651868e-05,-3.6888083279132844,2.9444695e-07,0.0,0.17877376079559326,-0.00016719073107296367
36400,-0.0002844828995876014,2.3197158520815718e-05,-3.688807117938995,2.9891729e-07,0.0,0.05223655700683594,-0.00015663795190596909
36600,-0.00044595461804419756,3.613747203417006e-05,-3.6888014316558837,3.543496e-07,0.0,-0.021597862243652344,-0.00017688797356139042
36800,-0.0005545992171391845,1.8426835504214976e-05,-3.6887986600399016,3.248453e-07,0.0,0.01403874158859253,-0.0001730392797246516
37000,-0.0004799773159902543,1.6621695181129326e-05,-3.6887930154800417,3.0428174e-07,0.0,0.1282956600189209,-0.00016729176412049184
37200,-0.0004001146007794887,8.874107743395144e-06,-3.6887871861457824,4.3928623e-07,0.0,0.16675066947937012,-0.00016689608327606907
37400,-0.0003390305791981518,2.8261052898415072e-05,-3.6887763381004333,3.8713216e-07,0.0,-0.12709581851959229,-0.00015384121270178852
37600,-0.0002962790313176811,1.4773905763831863e-05,-3.6887979745864867,2.375245e-07,0.0,-0.2636241912841797,-0.00015401081839763186
37800,-0.0004060648789163679,8.448241987935035e-06,-3.6887868285179137,2.7239324e-07,0.0,-0.08392715454101562,-0.00017351959614346767
38000,-0.00033920895657502115,2.9243794415378943e-05,-3.688784122467041,2.837181e-07,0.0,-0.01628410816192627,-0.00015584040939984334
38200,-0.00041413598228245974,2.7051393135479885e-05,-3.688792794942856,3.1411648e-07,0.0,-0.02018916606903076,-0.0001633594969980834
38400,-0.0006748990854248405,4.217070772938314e-05,-3.688770663738251,9.834766e-07,0.0,0.04985994100570679,-0.0003090424246097401
38600,-0.000363988772733137,2.557794377935352e-05,-3.688778805732727,4.324317e-07,0.0,-0.14862287044525146,-0.00016670346326419505
38800,-0.0005552578950300813,1.6709380929569306e-05,-3.6887762188911437,4.9322847e-07,0.0,0.16421854496002197,-0.0002085665163234607
39000,-0.000553059799131006,1.2915016736769757e-05,-3.6887786746025086,3.5047532e-07,0.0,0.17158138751983643,-0.00016890699936038532
39200,-0.0003264856932219118,2.099663699937082e-05,-3.688785672187805,2.6136635e-07,0.0,-0.07113206386566162,-0.0001555154246544621
39400,-0.0003834079543594271,4.2320468719481144e-05,-3.688803404569626,2.1725893e-07,0.0,0.12286418676376343,-0.00014408149514903988
39600,-0.00029282228206284344,1.9134697640765808e-05,-3.6887808561325075,4.3272973e-07,0.0,-0.39301466941833496,-0.00020428863553809685
39800,-0.0004700603021774441,1.6937389182203334e-05,-3.6887816905975344,2.9712913e-07,0.0,-0.12776315212249756,-0.00014811654843285282
40000,-0.00036343056126497686,3.274618597970402e-05,-3.688783812522888,3.811717e-07,0.0,0.04486119747161865,-0.00019354477527128156
40200,-0.00034140420029871166,1.6509836950717726e-05,-3.6887807607650758,2.7656554e-07,0.0,-0.041246771812438965,-0.00014498534936242536
40400,-0.00031737054814584553,2.43867488734395e-05,-3.6887751638889315,2.399087e-07,0.0,0.025139331817626953,-0.00012881276016242228
40600,-0.00033204781357198954,1.9106322406514663e-05,-3.6887741148471833,3.0010938e-07,0.0,-0.18562841415405273,-0.00015516071867147652
40800,-0.00046779229887761176,1.3149849621640897e-05,-3.6887695133686065,3.8802625e-07,0.0,0.05943429470062256,-0.0001896026870017664
41000,-0.00036236425512470305,3.102651999142836e-05,-3.6887827277183534,3.528595e-07,0.0,-0.06683754920959473,-0.0001811377828548677
41200,-0.0003241871891077608,3.3927038430192624e-05,-3.688781440258026,2.786517e-07,0.0,-0.10795891284942627,-0.00013746589444014746
41400,-0.0003831120557151735,3.5602995467343135e-05,-3.6887698471546173,3.910065e-07,0.0,0.02175462245941162,-0.00017601688174534447
41600,-0.0002534695086069405,4.0450733968100395e-05,-3.688768780231476,4.1425227e-07,0.0,-0.04733169078826904,-0.00018160824493782535
41800,-0.0005627762875519693,5.0691210162767675e-05,-3.688768410682678,4.518032e-07,0.0,0.04225718975067139,-0.00020749583050838627
42000,-0.0004225654120091349,1.4308136064755672e-05,-3.688766670227051,4.3869017e-07,0.0,-0.002544403076171875,-0.0002068724709762382
42200,-0.0003016777045559138,1.1926607862733363e-05,-3.6887630999088286,3.963709e-07,0.0,-0.10810554027557373,-0.00021080397722101908
42400,-0.0003472602111287415,2.3901193071651505e-05,-3.6887601375579835,4.6133994e-07,0.0,-0.05891907215118408,-0.00020068714002695608
42600,-0.00037527165841311216,1.849369687079161e-05,-3.688778293132782,2.720952e-07,0.0,0.11148661375045776,-0.00016590817737528464
42800,-0.0004821493639610708,1.7104690073210804e-05,-3.6887689590454102,3.7997958e-07,0.0,0.1254063844680786,-0.00019755947930137906
43000,-0.0002769327547866851,3.2098571455208e-05,-3.68877317905426,2.491474e-07,0.0,-0.04475998878479004,-0.00014446590238277325
43200,-0.0004311738593969494,2.1515160392482356e-05,-3.688777726888657,5.0008293e-07,0.0,0.1668568253517151,-0.00021280347432139912
43400,-0.0005698907189071178,2.0847635732934576e-05,-3.688774561882019,4.130602e-07,0.0,0.03448987007141113,-0.00022556286235491106
43600,-0.00043390633072704077,1.3019936886848882e-05,-3.6887866079807283,3.33786e-07,0.0,-0.16860651969909668,-0.00020060460221316134
43800,-0.0005100591224618256,3.542979961821402e-05,-3.688770991563797,4.303455e-07,0.0,0.11256343126296997,-0.00021799430300859513
44000,-0.000467999983811751,3.5008255417778854e-05,-3.6887601375579835,3.641844e-07,0.0,-0.13465571403503418,-0.0001514429381765936
44200,-0.0003768274618778378,2.284170473103586e-05,-3.6887823700904847,2.616644e-07,0.0,0.07570213079452515,-0.00016401833475830906
44400,-0.0003430707729421556,2.4790794986984112e-05,-3.6887796580791474,3.1322242e-07,0.0,0.018726885318756104,-0.0001951293206327698
44600,-0.0003562753554433584,5.015920746700431e-05,-3.68876057267189,3.2991173e-07,0.0,-0.01298511028289795,-0.00017555696138924493
44800,-0.00018812411872204393,1.447664465104026e-05,-3.6887691497802733,4.8458577e-07,0.0,-0.12229049205780029,-0.0002102114266564925
45000,-0.0005502075073309243,1.9263391959611908e-05,-3.688740211725235,4.8458577e-07,0.0,0.07252556085586548,-0.0002332057669499399
45200,-0.00041222345316782594,5.818637346237665e-05,-3.6887355029582976,4.208088e-07,0.0,0.21574467420578003,-0.00016592449671359866
45400,-0.0005287479725666344,2.791439708289545e-05,-3.6887706220149994,3.3289194e-07,0.0,-0.7090765237808228,-0.00020296615260355643
45600,-0.00044915280886925757,1.959020701178815e-05,-3.6887583136558533,5.325675e-07,0.0,0.05697190761566162,-0.00023185536987968547
45800,-0.000546502647921443,1.535971875910036e-05,-3.6887727677822113,4.932284e-07,0.0,-0.06867802143096924,-0.00024381937088033823
46000,-0.00035527325235307217,2.5200843174388866e-05,-3.688785803318024,3.9815902e-07,0.0,-0.07283675670623779,-0.00022204019327614065
46200,-0.0004577900399453938,1.8816512420016806e-05,-3.6887722492218016,2.884865e-07,0.0,0.19325488805770874,-0.0001682779407321755
46400,-0.0003458785358816385,8.776599520388117e-06,-3.688772040605545,3.254414e-07,0.0,-0.6796349287033081,-0.00017269416260488058
46600,-0.00044361132313497365,2.1103462654536997e-05,-3.688786745071411,4.5984984e-07,0.0,-0.10504508018493652,-0.0002007146180410757
46800,-0.000549850519746542,1.7611902580938477e-05,-3.6887585878372193,4.1097405e-07,0.0,-0.004723310470581055,-0.000199999715231014
47000,-0.0005751308635808527,1.6673507138875722e-05,-3.688760054111481,6.0290097e-07,0.0,-0.09306228160858154,-0.00021554058637331951
47200,-0.0004919596831314266,5.673675957496016e-06,-3.6887523412704466,4.5746563e-07,0.0,0.07696288824081421,-0.00019730249179086278
47400,-0.0006353013450279832,3.2721833122195676e-05,-3.688762331008911,3.1769275e-07,0.0,-0.057898879051208496,-0.00018274153717596776
47600,-0.000656856456771493,2.775281932372309e-05,-3.6887585639953615,3.442168e-07,0.0,-0.08949935436248779,-0.00018554212196841835
47800,-0.00016245408914983273,1.925010901686619e-05,-3.688770759105682,2.9712916e-07,0.0,0.00237429141998291,-0.0001507397593462745
48000,-0.0004834094434045255,1.6094602869998198e-05,-3.688764142990112,2.9146673e-07,0.0,0.03426879644393921,-0.00017564827412037688
48200,-0.0003447383060120046,3.067287266276253e-05,-3.6887580513954163,3.1411648e-07,0.0,0.08381456136703491,-0.00013989748039273665
48400,-0.0004628863534890115,1.4921082129149e-05,-3.68875966668129,5.9843063e-07,0.0,-0.04622995853424072,-0.00023213979645400062
48600,-0.0005080916453152895,1.9159506905452872e-05,-3.688765066862106,3.5494566e-07,0.0,-0.07505059242248535,-0.0001701896044542295
48800,-0.00032062444370239973,3.543177385836316e-05,-3.6887692272663117,2.130866e-07,0.0,-0.02587282657623291,-0.00012475988223917823
49000,-0.0002861448156181723,3.367257290847192e-05,-3.688769543170929,1.8835068e-07,0.0,0.059518516063690186,-0.0001112208656973035
49200,-0.0003579285694286227,2.1957585317977646e-05,-3.6887701511383058,2.9861926e-07,0.0,-0.199318528175354,-0.00016359458885404355
49400,-0.0004841636400669813,5.174059933779063e-05,-3.6887596011161805,3.6388633e-07,0.0,-0.006393909454345703,-0.00018148589283084604
49600,-0.0005830557201988995,1.8370870452599775e-05,-3.6887621521949767,5.105138e-07,0.0,0.08110302686691284,-0.00022617613661797266
49800,-0.0004389558744151145,1.7972484602069017e-05,-3.688746619224548,2.834201e-07,0.0,0.015339195728302002,-0.00010818312377131045
50000,-0.0001375381398247555,1.819452254494536e-05,-3.6887642800807954,2.1338462e-07,0.0,-0.2970743179321289,-0.00012483294370637665
50200,-0.0003930059901904315,3.557267023097665e-05,-3.688757336139679,2.3573638e-07,0.0,0.06475770473480225,-0.00014951743087845414
50400,-0.00042970283539034426,2.5891091536323074e-05,-3.6887508988380433,4.4375656e-07,0.0,0.04078662395477295,-0.0001846298511193112
50600,-0.00033325754338875413,1.1646535767795285e-05,-3.6887807667255403,4.5746566e-07,0.0,0.07592380046844482,-0.00017444369122647795
50800,-0.0003066587378270924,2.542609317970346e-05,-3.688770079612732,2.1368265e-07,0.0,-0.17402350902557373,-0.00012651587869640934
51000,-0.00029616046231240034,2.5122029364865738e-05,-3.6887605845928193,2.941489e-07,0.0,0.11989670991897583,-0.0001613351767241422
51200,-0.00044497541966848075,2.856827677533147e-05,-3.688753128051758,4.041195e-07,0.0,-0.048261165618896484,-0.0001823925971973672
51400,-0.0004981919191777706,2.8989672000534483e-05,-3.6887600421905518,3.9875505e-07,0.0,-0.008020877838134766,-0.00018538275208426213
51600,-0.0004950380534864962,1.943091897373961e-05,-3.688754540681839,4.4703484e-07,0.0,-0.06084108352661133,-0.00021352747210972022
51800,-0.00022240860562305897,2.6926360942525206e-05,-3.6887819528579713,1.9669534e-07,0.0,-0.020439982414245605,-0.00012133328542791588
52000,-0.0006478637224063277,1.542002507903817e-05,-3.6887692272663117,5.078316e-07,0.0,0.051222801208496094,-0.0002446216348147345
52200,-0.0004442814097274095,2.9859001961085597e-05,-3.688766610622406,3.093481e-07,0.0,-0.2333049774169922,-0.00015901299534255565
52400,-0.00043150849523954093,3.381772862667276e-05,-3.6887431740760803,4.884601e-07,0.0,-0.13862371444702148,-0.00019464045733998958
52600,-0.00032170763006433845,3.382507038622862e-05,-3.6887558698654175,2.6941302e-07,0.0,-0.008450865745544434,-0.00015233425866938432
52800,-0.0006932989927008748,1.310469037889561e-05,-3.688766658306122,5.8084726e-07,0.0,-0.012775421142578125,-0.0002496288998929508
53000,-0.00047295933472923934,1.3405539448285708e-05,-3.6887645959854125,3.8802622e-07,0.0,-0.041832923889160156,-0.0001922097391817701
53200,-0.0006416706019081175,2.9170924244681372e-05,-3.6887569546699526,2.9981135e-07,0.0,-0.048470139503479004,-0.00017829692646760266
53400,-0.000356607255525887,2.8104976968279517e-05,-3.688770282268524,3.308058e-07,0.0,0.09295302629470825,-0.00018518999111667435
53600,-0.0006465534097515047,1.8074124795930402e-05,-3.6887367188930513,5.4359435e-07,0.0,-0.00021946430206298828,-0.0002145512153268747
53800,-0.00019619880185928196,2.322011034721072e-05,-3.6887474358081818,2.813339e-07,0.0,0.013765275478363037,-0.00014460335644611577
54000,-0.00027062170556746423,2.4821659962981357e-05,-3.6887670516967774,1.9282102e-07,0.0,0.13782918453216553,-0.0001173990153526816
54200,-0.0002755600435193628,2.9993356838531328e-05,-3.688771814107895,2.1994114e-07,0.0,-0.05545008182525635,-0.00013024206400404914
54400,-0.0004426239465828985,2.1406320252026488e-05,-3.68874728679657,3.2603742e-07,0.0,-0.02718043327331543,-0.00017378348920287222
54600,-0.00032162046409212053,1.940444403771835e-05,-3.6887627959251406,2.6106835e-07,0.0,0.043439269065856934,-0.00012766683024375557
54800,-0.00022508013353217393,3.836379628410214e-05,-3.6887452483177183,2.1845102e-07,0.0,0.058389246463775635,-0.00013343693336731466
55000,-0.0004679637495428324,1.800165937311249e-05,-3.6887624144554136,3.6865472e-07,0.0,0.2516005039215088,-0.00020748038577300676
55200,-0.0004165864083915949,2.6316587582186913e-05,-3.688761579990387,4.4435262e-07,0.0,0.06486046314239502,-0.00022343611158475162
55400,-0.0003249959845561534,1.7471870273766398e-05,-3.688774657249451,2.2619963e-07,0.0,0.14017152786254883,-0.00014278510280347768
55600,-0.00044409537804313004,2.7200781823921714e-05,-3.688761019706726,3.3736228e-07,0.0,-0.025027155876159668,-0.00020670369328352757
55800,-0.0004062298685312271,6.251781605897122e-05,-3.6887500047683717,4.976988e-07,0.0,-0.030360817909240723,-0.0001967047523673049
56000,-0.0002219200978288427,1.8391486423752213e-05,-3.6887548208236693,3.7699937e-07,0.0,0.08108222484588623,-0.00017481288487282144
56200,-0.00034574855817481875,3.5680148039318736e-05,-3.6887567579746245,3.629923e-07,0.0,0.0018963217735290527,-0.00018226489419612135
56400,-0.0002526714524719864,2.9506291139114182e-05,-3.6887485146522523,2.7805567e-07,0.0,0.06467306613922119,-0.00015373629506099107
56600,-0.0004060179344378412,3.0411199622903952e-05,-3.6887337386608126,4.7534704e-07,0.0,-0.09303426742553711,-0.00018266958048531733
56800,-0.00039476450183428824,2.2463782897830242e-05,-3.688742858171463,3.105402e-07,0.0,0.082694411277771,-0.00016202087692205325
57000,-0.00026935283676721156,2.2872203999213525e-05,-3.6887672543525696,2.2679568e-07,0.0,-0.06667256355285645,-0.00012763087451928
57200,-0.0005630305968225002,2.5703153232825572e-05,-3.688753765821457,3.641844e-07,0.0,-0.010339736938476562,-0.00019927647857000962
57400,-0.0006908204522915184,1.7142832689387433e-05,-3.6887641191482543,4.6908855e-07,0.0,-0.10243713855743408,-0.00022729547346544976
57600,-0.0003050527011509985,1.9696088816090197e-05,-3.688752770423889,3.3169985e-07,0.0,-0.08654379844665527,-0.0001735270743818518
57800,-0.00041708225035108626,1.2953549526173446e-05,-3.688750743865967,3.2305718e-07,0.0,-0.20232534408569336,-0.00016715056112506232
58000,-0.00045030686305835843,2.176565230911365e-05,-3.688747596740723,3.889203e-07,0.0,-0.017084717750549316,-0.00021070936977184428
58200,-0.0004022108914796263,2.2932447654966383e-05,-3.688748079538345,2.4646522e-07,0.0,-0.12363970279693604,-0.00011988350733918018
58400,-0.00021686984109692276,2.4943074640759734e-05,-3.68874015212059,3.2186506e-07,0.0,0.04168403148651123,-0.00014864050589113997
58600,-0.0002236053696833551,2.524742681089265e-05,-3.6887583792209626,2.1904707e-07,0.0,-0.0006184577941894531,-0.0001381179467601079
58800,-0.00040720924152992666,2.431549673929112e-05,-3.688760483264923,3.9309262e-07,0.0,-0.014340400695800781,-0.00020723516319529067
59000,-0.0006006123730912805,3.8984208322290216e-05,-3.688745582103729,6.3478944e-07,0.0,0.026747167110443115,-0.00026904088428043594
59200,-0.0003852817171718925,1.7268137912651583e-05,-3.688780701160431,2.6583672e-07,0.0,0.29348671436309814,-0.00014364138375526635
59400,-0.0003491124662104994,1.706891987396375e-05,-3.6887188851833344,5.635619e-07,0.0,-0.2821667194366455,-0.00019437957989634213
59600,-0.00035865610698238015,6.775196300168318e-06,-3.6887629866600036,3.8146973e-07,0.0,-0.0779259204864502,-0.00021513844882417032
59800,-0.000691476627252996,1.3743079648520506e-05,-3.688757932186127,5.576015e-07,0.0,0.02636241912841797,-0.00023944495656609278
60000,-0.000178205082193017,1.5708420164628478e-05,-3.688753443956375,1.9192696e-07,0.0,0.11861467361450195,-0.00011280071763444254
60200,-0.000417584553360939,1.0435409319597965e-05,-3.6887636303901674,3.4302474e-07,0.0,0.004201173782348633,-0.00017432844583380457
60400,-0.00039224099600687623,3.2802439727674936e-05,-3.6887590527534484,3.1739472e-07,0.0,-0.18278086185455322,-0.00017024117342332446
60600,-0.0003939251764677465,3.50883512510336e-05,-3.6887652695178987,2.744794e-07,0.0,0.024191737174987793,-0.0001536834829491962
60800,-0.0004165508726146072,1.6695347835593565e-05,-3.6887645959854125,3.3289194e-07,0.0,0.05656713247299194,-0.00017705340706779537
61000,-0.00028871683753095567,2.7529623184818775e-05,-3.6887497544288634,3.1083823e-07,0.0,-0.08754420280456543,-0.00015473275697042155
61200,-0.0006389030022546649,2.0534761188173433e-05,-3.6887553095817567,4.5448542e-07,0.0,0.06412732601165771,-0.00022278623560714194
61400,-0.0001602529955562204,1.0777107240755867e-05,-3.6887562036514283,4.1514636e-07,0.0,0.02964538335800171,-0.00019454234033098317
61600,-0.0007272600196301937,1.7517386231702405e-05,-3.6887539863586425,4.1484833e-07,0.0,0.0012077093124389648,-0.00017809799247379133
61800,-0.0005442477995529771,1.233677082836948e-05,-3.688762831687927,3.8921831e-07,0.0,-0.016276240348815918,-0.00016583554629976405
62000,-0.0005272786365821958,2.2440264297074462e-05,-3.6887198448181153,6.598234e-07,0.0,-0.023302793502807617,-0.000214370292051691
62200,-0.0002643618790898472,2.709333662096469e-05,-3.6887358725070953,3.0517577e-07,0.0,-0.04578447341918945,-0.00015646913621503167
62400,-0.00036895499215461314,2.9103363885951694e-05,-3.6887406587600706,4.7028067e-07,0.0,-0.015666961669921875,-0.00020140054819737241
62600,-0.0004343898908700794,4.159362260907074e-05,-3.6887548565864563,2.8014182e-07,0.0,-0.03287827968597412,-0.00014637013664486886
62800,-0.0005631958483718336,2.0249185286047578e-05,-3.688758355379105,3.1203032e-07,0.0,-0.027553796768188477,-0.00017252364696935808
63000,-0.0003420193097554147,2.5918641176758685e-05,-3.688731223344803,3.8176773e-07,0.0,0.08133482933044434,-0.00018470799902730038
63200,-0.00042030407348647714,3.267411261731468e-05,-3.688739150762558,3.9279462e-07,0.0,-0.0219573974609375,-0.00018349421203596173
63400,-0.00047769147204235196,1.7581494307705726e-05,-3.6887391209602356,3.8146973e-07,0.0,0.008833885192871094,-0.00018175675386418179
63600,-0.0005415174528025091,2.195396552906459e-05,-3.688749760389328,5.5134296e-07,0.0,0.028093457221984863,-0.00022377741469609136
63800,-0.0005634099361486733,3.168517787344172e-05,-3.688750630617142,4.610419e-07,0.0,-0.1396728754043579,-0.00021333931387510497
64000,-0.000402847450459376,1.3543332647714123e-05,-3.6887372970581054,2.7924776e-07,0.0,-0.15567541122436523,-0.0001391450464425348
64200,-0.0003964628267567605,2.9363280782490618e-05,-3.68874973654747,3.165007e-07,0.0,0.0430721640586853,-0.0001725320073729275
64400,-0.0004402163322083652,2.7641571296044277e-05,-3.6887677669525147,4.2766334e-07,0.0,0.0806572437286377,-0.00020254700490434096
64600,-0.0005289906985126436,2.4802413372526642e-05,-3.6887639999389648,2.8014182e-07,0.0,0.15353554487228394,-0.00016028908034253496
64800,-0.000522682152222842,1.0727830533596716e-05,-3.6887449443340303,3.7997958e-07,0.0,0.15755313634872437,-0.00017608523224552642
65000,-0.00044107099529355764,1.4154648329167686e-05,-3.688745605945587,4.6670436e-07,0.0,0.011803030967712402,-0.00020194842581595652
65200,-0.0003775129735004157,3.936424454877852e-05,-3.6887414276599886,2.9116867e-07,0.0,0.03822672367095947,-0.00017302679909426134
65400,-0.00017764668154995888,3.949206629840774e-05,-3.688765233755112,1.8000603e-07,0.0,-0.009744882583618164,-0.00010907033895899421
65600,-0.00032007897971197963,9.493427933193744e-06,-3.688756304979324,2.4706125e-07,0.0,0.16739875078201294,-0.00015177050334103104
65800,-0.0005306681268848479,1.3710929283661245e-05,-3.688744294643402,4.49121e-07,0.0,-0.19042706489562988,-0.00023352241456313648
66000,-0.00041217979742214084,1.111399441242611e-05,-3.6887437760829926,2.9712913e-07,0.0,-0.24058866500854492,-0.0001260718774832359
66200,-0.00027644343208521605,3.46696524957224e-05,-3.6887442827224732,1.5377998e-07,0.0,2.2292137145996094e-05,-0.00010295795604542413
66400,-0.0003351990890223533,2.867803018489212e-05,-3.68875447511673,2.5779008e-07,0.0,0.073883056640625,-0.0001703706015860007
66600,-0.00025931798154488206,4.06663219564507e-05,-3.688744235038757,3.477931e-07,0.0,-0.03904569149017334,-0.00017620701927125725
66800,-0.0004414706490933895,4.05299394060421e-05,-3.6887474715709687,3.9190053e-07,0.0,0.00769275426864624,-0.00017466176973313097
67000,-0.0005304435617290437,1.8073866363010894e-05,-3.688736194372177,4.184246e-07,0.0,-0.07423257827758789,-0.0001840403971440807
67200,-0.0003191853757016361,2.0009423656119908e-05,-3.688756388425827,2.1785499e-07,0.0,0.025969743728637695,-0.00014951253703459065
67400,-0.00035596912493929267,5.0294547145313116e-05,-3.6887479066848754,3.8176776e-07,0.0,0.05357778072357178,-0.00019962200647984928
67600,-0.00032360124168917537,2.142133600955276e-05,-3.688749235868454,2.2619962e-07,0.0,0.09960991144180298,-0.00012441194821497526
67800,-0.0008092421921901405,2.5551962926329e-05,-3.688719040155411,6.80089e-07,0.0,-0.19427645206451416,-0.0002686551670365134
68000,-0.00047609457396902144,2.6393044390715658e-05,-3.6887458860874176,4.6104194e-07,0.0,-0.07234048843383789,-0.0002405384987689052
68200,-0.0004898932529613376,2.777386366688006e-05,-3.6887351512908935,4.6342612e-07,0.0,0.04747462272644043,-0.00018444974565929862
68400,-0.00027400878025218844,4.007873158116126e-05,-3.688712406158447,4.324317e-07,0.0,-0.08634936809539795,-0.00019526432515819535
68600,-0.0004794553678948432,1.229313850217295e-05,-3.688723176717758,3.0517577e-07,0.0,0.19230324029922485,-0.00015957269921118566
68800,-0.0004218565591145307,2.545930010455777e-05,-3.6887328684329987,5.209446e-07,0.0,0.1548478603363037,-0.00023305126820923893
69000,-0.00041012471774592996,1.890821781671548e-05,-3.6887307345867155,5.814433e-07,0.0,0.08152079582214355,-0.0002467530116969208
69200,-0.00045756844338029623,2.8129125257692068e-05,-3.6887269854545592,3.2007696e-07,0.0,0.12608379125595093,-0.0001584821336210851
69400,-0.000440383271779865,1.2702219692073413e-05,-3.688714897632599,5.540252e-07,0.0,-0.2736499309539795,-0.0002167510671620132
69600,-0.00038457257323898375,1.4341396354211611e-05,-3.6887207210063933,4.5150517e-07,0.0,-0.22486114501953125,-0.00017658615030138324
69800,-0.0006607358809560537,3.3749483191058974e-05,-3.688696563243866,6.580353e-07,0.0,0.03216540813446045,-0.00022634062368029895
70000,-0.0005015609785914421,2.3666587367188185e-05,-3.688708221912384,4.4435262e-07,0.0,-0.041718363761901855,-0.00018441772369710564
70200,-0.00031498976750299335,1.3313431350070459e-05,-3.6887308597564696,2.9087064e-07,0.0,-0.1794360876083374,-0.0001430765382764765
70400,-0.00029663529130630195,3.118351537523267e-05,-3.6887105226516725,4.312396e-07,0.0,0.013465404510498047,-0.0001874427953698632
70600,-0.0004188811290077865,3.0447706512859442e-05,-3.6887120068073274,6.2614674e-07,0.0,-0.04767608642578125,-0.0002192960201762073
70800,-0.0005627432256005704,2.914705587500066e-05,-3.688720244169235,3.170967e-07,0.0,0.013494014739990234,-0.00015937608460063756
71000,-0.0004174214554950595,1.372523897771316e-05,-3.6887142062187195,3.9368868e-07,0.0,-0.21780824661254883,-0.00020628485006195517
71200,-0.00029646127950400114,3.2339788504032185e-05,-3.688725012540817,1.8417836e-07,0.0,0.06678551435470581,-0.00012297263817526716
71400,-0.0007165028364397585,3.701657774399791e-05,-3.688711416721344,5.9247014e-07,0.0,-0.14506173133850098,-0.0002520118212885336
71600,-0.00048741843784227967,2.527749147702707e-05,-3.68871591091156,4.3451786e-07,0.0,-0.11298048496246338,-0.0001878139365901421
71800,-0.0005495443474501371,1.5543894733127672e-05,-3.688728529214859,3.6239624e-07,0.0,-0.027976155281066895,-0.00020979361005628582
72000,-0.0004107843560632318,1.173404480141471e-05,-3.6887228548526765,4.1633842e-07,0.0,0.05752474069595337,-0.00016117110889322107
72200,-0.00035352594568394125,2.6576683376333675e-05,-3.688730722665787,3.9190053e-07,0.0,0.10967254638671875,-0.00017794199212652905
72400,-0.00044231562060303986,4.886639189862763e-05,-3.688720965385437,4.416704e-07,0.0,-0.023474931716918945,-0.0002243205321722064
72600,-0.0005218273145146668,2.822116052811907e-05,-3.688720536231995,3.7312506e-07,0.0,0.10604023933410645,-0.00018872551631239355
72800,-0.0004997498472221196,5.099768522995873e-05,-3.688726282119751,4.88162e-07,0.0,0.033832430839538574,-0.0002073645724395834
73000,-0.0008072021300904453,1.8120960453416048e-05,-3.68872007727623,6.172061e-07,0.0,-0.027394890785217285,-0.00026838028500746346
73200,-0.00045921269338577986,3.119535376754357e-05,-3.688725250959396,3.2424927e-07,0.0,-0.060559749603271484,-0.00018031150181376798
73400,-0.00038989351014606655,2.494329096407455e-05,-3.6887293636798857,2.7060509e-07,0.0,0.018141508102416992,-0.00016602018140398077
73600,-0.00021567447402048856,7.052762512103073e-05,-3.6887362480163572,2.080202e-07,0.0,-0.017634272575378418,-0.00013095972005998656
73800,-0.0005174449179321527,2.926469046542479e-05,-3.68874431848526,3.1918285e-07,0.0,0.12794989347457886,-0.0002021823539477108
74000,-0.0005664650234393775,2.603929547149164e-05,-3.6887030780315397,4.6133994e-07,0.0,0.11686241626739502,-0.00020082157910155106
74200,-0.00036387311411090195,2.6203307879768544e-05,-3.688719630241394,3.3348798e-07,0.0,-0.02977907657623291,-0.00017099738784759344
74400,-0.00037990801502019167,1.9301083193568046e-05,-3.6887009859085085,5.272031e-07,0.0,-0.24776101112365723,-0.00020624221693652523
74600,-0.0004213881038594991,3.8990716348052956e-05,-3.6887045741081237,4.1365624e-07,0.0,0.03619199991226196,-0.0001984440303147039
74800,-0.0004117149510420859,1.2318875087657944e-05,-3.688708984851837,3.579259e-07,0.0,-0.15968823432922363,-0.00017133732341996223
75000,-0.0005460644606500864,2.5400068170711166e-05,-3.688712251186371,5.206466e-07,0.0,-0.11022472381591797,-0.00021687409165156436
75200,-0.00019719309057109058,2.4699949699424904e-05,-3.688737940788269,1.913309e-07,0.0,-0.030123591423034668,-0.00012158900529584127
75400,-0.000609736714977771,2.2387593662642758e-05,-3.6886891961097716,4.118681e-07,0.0,-0.13754355907440186,-0.0002024433314068652
75600,-0.00043524804641492665,1.6177498559954982e-05,-3.6887061059474946,4.1276218e-07,0.0,0.05479896068572998,-0.00020964574183744976
75800,-0.000594709359575063,2.3096259246813135e-05,-3.6887101769447326,5.2064655e-07,0.0,0.14457464218139648,-0.000241887482971781
76000,-0.00022331677610054612,4.164925094300998e-05,-3.6887100398540498,3.5554172e-07,0.0,0.02657771110534668,-0.00015356673321615945
76200,-0.0004052202857565135,5.234712953097187e-05,-3.6887069940567017,4.3511392e-07,0.0,0.0880391001701355,-0.00021415370006570012
76400,-0.000259921740507707,1.0130953523912466e-05,-3.688701891899109,4.4345853e-07,0.0,-0.4351823329925537,-0.00016202211467271078
76600,-0.0005466893780976534,2.3998608958208935e-05,-3.6887025356292726,4.389882e-07,0.0,-0.14815378189086914,-0.00022429637590619665
76800,-0.00030444219009950757,3.965164301007462e-05,-3.688716560602188,3.5226344e-07,0.0,0.0607723593711853,-0.00018080586207498418
77000,-0.0004715312388725579,2.2067423742555548e-05,-3.6887001276016234,3.0726196e-07,0.0,0.0009235143661499023,-0.00016641427422494636
77200,-0.00037480663741007447,1.3118827178004722e-05,-3.688722920417786,5.5730345e-07,0.0,0.06244468688964844,-0.00021221372483681833
77400,-0.0003808057517744601,2.351904136048688e-05,-3.688712978363037,3.477931e-07,0.0,0.052979350090026855,-0.00016810905935336074
77600,-0.0005022569675929844,2.6817275920620886e-05,-3.688736802339554,2.9563904e-07,0.0,0.10403609275817871,-0.0001948772957232503
77800,-0.00040732300840318203,1.82323339231516e-05,-3.688687002658844,5.5044893e-07,0.0,0.04498046636581421,-0.0002291181685519561
78000,-0.0003388242330402136,2.2774289618610055e-05,-3.6887241423130037,3.197789e-07,0.0,-0.05892491340637207,-0.00018473750323277915
78200,-0.00046740795369260013,1.1525858940331091e-05,-3.6887069642543793,4.0113926e-07,0.0,0.14157801866531372,-0.0001838855214253865
78400,-0.00028220421518199146,2.800882693918538e-05,-3.688697725534439,3.6567448e-07,0.0,-0.023606181144714355,-0.0001722953257994986
78600,-0.00035073424805887043,1.1875625568791293e-05,-3.6887092888355255,4.696846e-07,0.0,0.17747080326080322,-0.0001987986633619876
78800,-0.0004436265444383025,2.068329724806972e-05,-3.688710445165634,2.6285647e-07,0.0,0.03168696165084839,-0.00013492099343137554
79000,-0.000319190148729831,2.61230859450734e-05,-3.688700294494629,3.7550927e-07,0.0,-0.05903041362762451,-0.00018192490849708865
79200,-0.0006320286192931235,1.8684102064980836e-05,-3.688696503639221,5.319714e-07,0.0,-0.2588719129562378,-0.0002035603817489573
79400,-0.0004292089433874935,1.6439371120213763e-05,-3.6887136697769165,3.245473e-07,0.0,-0.03596949577331543,-0.00017315986741233135
79600,-0.00024128331278916448,1.0307637376172352e-05,-3.6887232303619384,3.042817e-07,0.0,-0.0049980878829956055,-0.00015032130353949126
79800,-0.00029849165002815425,3.8660988366245874e-05,-3.6887203633785246,2.9087067e-07,0.0,0.055518269538879395,-0.000179531894508278
80000,-0.0007087078993208706,2.2411976488001528e-05,-3.6887068271636965,5.733967e-07,0.0,-0.01731574535369873,-0.00023989650315696663
80200,-0.000612126023042947,5.412528880697209e-05,-3.688704192638397,4.4554474e-07,0.0,-0.09432148933410645,-0.00017304671676696693
80400,-0.00025744314189068973,1.0435273100029008e-05,-3.688729453086853,3.308058e-07,0.0,-0.08991515636444092,-0.0001920118622566136
80600,-0.0006340696127153933,7.048204335546871e-06,-3.68869349360466,4.7087667e-07,0.0,-0.11233758926391602,-0.00023014533654830416
80800,-0.0003280300588812679,5.380640102714551e-06,-3.6887272119522097,2.5600195e-07,0.0,-0.5434156656265259,-0.00014664287113603792
81000,-0.00042337484774179757,3.826389256289531e-06,-3.688706338405609,3.5285947e-07,0.0,-0.46876955032348633,-0.00016647669324925117
81200,-0.0005426555289886892,2.8114657460776015e-06,-3.6887264788150786,3.8057564e-07,0.0,-0.5465365648269653,-0.00020052638628627052
81400,-0.00045341902296058834,2.1716414615013944e-06,-3.688703578710556,5.0783154e-07,0.0,-0.4007056951522827,-0.00019306018960776327
81600,-0.00042915059020742774,1.5532520798444693e-06,-3.6887109696865084,3.147125e-07,0.0,-4.014553546905518,-0.00014972392517478283
81800,-0.0004987422726117074,1.168878593205136e-06,-3.6887088775634767,4.23491e-07,0.0,-0.4096630811691284,-0.00018824005458455416
82000,-0.0005721983034163713,8.644382802458495e-07,-3.6886942803859712,6.2227247e-07,0.0,-2.557943344116211,-0.00022401545351904417
82200,-0.0007197289378382266,8.015454561416391e-07,-3.6886900424957276,6.118417e-07,0.0,-4.250859260559082,-0.0002603931572066287
82400,-0.00045467360178008676,5.900681344428449e-07,-3.6887061536312102,3.8355589e-07,0.0,-3.038142204284668,-0.00019815699739194058
82600,-0.0005876393988728523,5.051142906609129e-07,-3.68870233297348,5.64158e-07,0.0,-4.207729339599609,-0.00023143538634080586
82800,-0.0002514973166398704,4.481676079137742e-07,-3.6887084543704987,4.1395427e-07,0.0,-5.429676055908203,-0.00020728142444852437
83000,-0.0004246603057254106,3.6243777152833444e-07,-3.688709092140198,3.2693148e-07,0.0,-1.6035468578338623,-0.00016938687110652496
83200,-0.00026728399097919464,3.723340562089561e-07,-3.688708686828613,3.0606986e-07,0.0,-4.918735980987549,-0.0001428988275579357
83400,-0.0004225596785545349,2.1073014533357082e-07,-3.6886990785598757,3.1203032e-07,0.0,-8.670524597167969,-0.0001682984818007327
83600,-0.00035205340827815235,1.870764672062819e-07,-3.688706946372986,3.9577483e-07,0.0,-7.037494659423828,-0.00020292550258140806
83800,-0.0002682750055100769,1.4222026667454202e-07,-3.688715273141861,3.093481e-07,0.0,-5.801070690155029,-0.00014912011066687826
84000,-0.0006799030234105885,1.245360650159455e-07,-3.688720351457596,3.6090614e-07,0.0,0.5974327325820923,-0.00019249477124718694
84200,-0.00032482630922459066,2.599143098080958e-07,-3.6887259900569918,3.0756e-07,0.0,-10.742401123046875,-0.00016270316419321197
84400,-0.0005738154286518693,1.964998880055191e-07,-3.6887081921100617,5.292892e-07,0.0,-4.3767828941345215,-0.0002409532156715244
84600,-0.000460026174550876,2.8827474451986745e-07,-3.688695728778839,3.9964914e-07,0.0,-6.176990032196045,-0.0001743770691810198
84800,-0.0004214468935970217,2.22556587203826e-07,-3.6886858224868773,4.9829487e-07,0.0,-7.042871475219727,-0.00021329182234648415
85000,-0.0005897436640225351,1.3561025866692943e-07,-3.6887214839458466,3.2424927e-07,0.0,-8.285470962524414,-0.00017702293377404034
85200,-0.0005451820907182992,2.0410937295878284e-07,-3.688719379901886,3.5613772e-07,0.0,-3.069514274597168,-0.0002069512380350025
85400,-0.0006028462667018175,2.718356316933068e-07,-3.6886955738067626,5.0902366e-07,0.0,-4.225177764892578,-0.00022976326525494528
85600,-0.00027464961749501526,1.3802785190364374e-07,-3.6886994898319245,3.9041043e-07,0.0,-2.359046220779419,-0.0001726046803709691
85800,-0.0004526949778664857,2.650504104195761e-07,-3.688715398311615,2.82526e-07,0.0,-6.4009480476379395,-0.00016187822666560158
86000,-0.0005273460992611945,1.9508631545761546e-07,-3.688706398010254,4.1663645e-07,0.0,-5.053168773651123,-0.0001881748881808143
86200,-0.00041924999095499516,2.350791259431162e-07,-3.68870729804039,4.339218e-07,0.0,-3.143130302429199,-0.00020013189902396978
86400,-0.0006713061011396348,2.093399171343435e-07,-3.6886949479579925,7.596612e-07,0.0,-5.530169486999512,-0.00028312833660231184
86600,-0.0002168074279325083,2.8149942039590313e-07,-3.688694477081299,5.3554777e-07,0.0,-2.4041645526885986,-0.00020021770210223444
86800,-0.00037367199547588825,2.666992880762109e-07,-3.688697397708893,4.1812658e-07,0.0,-5.862220764160156,-0.00020270940957585194
87000,-0.0006589131662622094,2.3716042676369398e-07,-3.688698577880859,5.64158e-07,0.0,-3.5525293350219727,-0.00021722052529906665
87200,-0.0005800638464279473,1.942598874649093e-07,-3.688719916343689,4.4822696e-07,0.0,-4.069552421569824,-0.00020651571543099933
87400,-0.00043493948760442436,1.0251353739221259e-07,-3.68872691988945,3.5315753e-07,0.0,-0.7295178174972534,-0.00020614460310683925
87600,-0.0005721219349652529,1.0991851375763418e-07,-3.688715672492981,3.567338e-07,0.0,-2.113032341003418,-0.00019787698861113424
87800,-0.0004469990963116288,1.5960565349359968e-07,-3.68870649933815,3.4570695e-07,0.0,-4.8255534172058105,-0.00016015122830794759
88000,-0.00032952468609437346,1.4374092405233796e-07,-3.6887059092521666,3.0219553e-07,0.0,-3.863753318786621,-0.00015589410889123024
88200,-0.0005643439362756908,2.3568334022172622e-07,-3.688699197769165,4.10378e-07,0.0,-4.125010013580322,-0.0001890701512242021
88400,-0.0004859142645727843,1.9082568414319212e-07,-3.688710927963257,4.3421983e-07,0.0,-3.842540740966797,-0.00020725107961969692
88600,-0.0007843925850465894,2.781651851080369e-07,-3.688697075843811,6.988645e-07,0.0,-4.063328266143799,-0.00024925585034130116
88800,-0.0002667818043846637,1.9121758327855786e-07,-3.6887052178382875,3.501773e-07,0.0,-5.94044303894043,-0.00016322497935359337
89000,-0.0005822384264320135,1.1916007167656061e-07,-3.6887123703956606,6.785989e-07,0.0,-2.0934700965881348,-0.00026615016104099
89200,-0.0003850675711873919,2.1026678496127715e-07,-3.6887159526348112,4.1663648e-07,0.0,-5.894364356994629,-0.00017821361077097198
89400,-0.00017792046128306538,1.783870358096351e-07,-3.6887185156345366,3.7103888e-07,0.0,-3.4634299278259277,-0.00015215644187072108
89600,-0.0004997130017727613,1.2644744398215835e-07,-3.68871933221817,3.9786102e-07,0.0,-1.6177253723144531,-0.00018654914100193487
89800,-0.0003487732610665262,1.403722457382628e-07,-3.6887286365032197,3.4689904e-07,0.0,-11.599624633789062,-0.00018579526327493489
90000,-0.00038708295323885977,2.7079655744444154e-07,-3.688702094554901,3.9607286e-07,0.0,-1.8362138271331787,-0.00017231444766707682
90200,-0.00037498908932320774,1.791281871277306e-07,-3.6887225687503813,3.1292439e-07,0.0,-5.55698299407959,-0.00017509478407795598
90400,-0.00040697207441553473,1.7309767166295842e-07,-3.6887386441230774,2.3335218e-07,0.0,-2.6902213096618652,-0.0001555862731402402
90600,-0.0006172492867335677,9.837768679687998e-08,-3.688724023103714,3.7431715e-07,0.0,-5.6343674659729,-0.00018183188145155517
90800,-0.0005795497563667595,1.956180195605839e-07,-3.688728016614914,3.2037497e-07,0.0,-3.446235179901123,-0.0001933761463985828
91000,-0.0006166848470456898,1.933240511675649e-07,-3.688709795475006,5.924702e-07,0.0,-6.3674235343933105,-0.0002629376210961709
91200,-0.0005772808217443526,1.439717440376853e-07,-3.688729667663574,3.4332277e-07,0.0,-1.896484613418579,-0.0001881142864797347
91400,-0.0006854460225440562,2.6093641203317475e-07,-3.6887041211128233,3.2693146e-07,0.0,-5.289325714111328,-0.00015686131949728123
91600,-0.00040442755562253296,2.2080601489449236e-07,-3.688714474439621,5.0127505e-07,0.0,-2.1989457607269287,-0.00021208891329842493
91800,-0.0006738281808793545,1.4677825497244612e-07,-3.6887200236320496,4.3064352e-07,0.0,-4.849045753479004,-0.00021241027262840494
92000,-0.0006333694327622652,2.421739704772108e-07,-3.6887129485607146,6.0796737e-07,0.0,-1.4784789085388184,-0.00023972600852539827
92200,-0.00046756325173191726,2.169693344100665e-07,-3.6887244403362276,4.044175e-07,0.0,-4.63031530380249,-0.00018259993184874813
92400,-0.0002472152700647712,2.875677196811921e-07,-3.6887070894241334,2.8192997e-07,0.0,-7.551719665527344,-0.00013353893061295307
92600,-0.0004626779118552804,1.595567502121753e-07,-3.688718456029892,2.8669834e-07,0.0,-3.8114919662475586,-0.00016457057685013155
92800,-0.00039787834975868464,2.8415070474352433e-07,-3.68871448636055,3.8683413e-07,0.0,-5.34753942489624,-0.00019584575063618103
93000,-0.00011886154970852658,2.9164000814319024e-07,-3.6887018978595734,3.257394e-07,0.0,-3.850128173828125,-0.00016241542231512084
93200,-0.00026489535230211914,1.6793288271088613e-07,-3.68873530626297,2.2619963e-07,0.0,-1.809368371963501,-0.00012662594030552477
93400,-0.0004504669923335314,1.3563985339359875e-07,-3.688730865716934,3.3944846e-07,0.0,-2.832998275756836,-0.0001881906797872368
93600,-0.0003648673591669649,2.1309319286899608e-07,-3.6887140810489654,3.451109e-07,0.0,-2.035686731338501,-0.00017602660135163095
93800,-0.0006237418274395168,2.3248375775608564e-07,-3.688710480928421,5.340576e-07,0.0,-4.293893814086914,-0.00024820160236278533
94000,-0.00040592922596260905,1.8967635995181809e-07,-3.6887018203735353,3.993511e-07,0.0,-3.8137574195861816,-0.00018360389748068863
94200,-0.000762781361117959,2.550435649339988e-07,-3.6887121379375456,4.4345856e-07,0.0,-3.0404343605041504,-0.00021468144623890684
94400,-0.00046995957382023335,2.055358587327305e-07,-3.6886998534202577,4.5478347e-07,0.0,-3.582273006439209,-0.00020275996000307384
94600,-0.0004276653053238988,2.9753847989866246e-07,-3.688701981306076,3.629923e-07,0.0,-6.8580217361450195,-0.00017323911164033313
94800,-0.0002987415064126253,1.9346032935629865e-07,-3.6887067437171934,2.6106835e-07,0.0,-2.4328391551971436,-0.00013709779108559417
95000,-0.00014268986706156284,1.1501784289436045e-07,-3.688703399896622,3.486872e-07,0.0,-5.830140590667725,-0.00017632052902785133
95200,-0.0004971129819750786,1.8794803899879752e-07,-3.6886845350265505,4.0352344e-07,0.0,-6.917097568511963,-0.0001966913180741603
95400,-0.0006968067027628422,2.9269879675553057e-07,-3.6886849880218504,8.058548e-07,0.0,-7.771764755249023,-0.0002879842523898279
95600,-0.0001689522177912295,1.5751522468576696e-07,-3.6887048363685606,3.6329033e-07,0.0,-3.734428882598877,-0.00016315783498813686
95800,-0.000568815041333437,2.1828230707399142e-07,-3.688688164949417,3.5345556e-07,0.0,-6.3528337478637695,-0.00018385251675656633
96000,-0.00018806883599609137,1.6635208979209893e-07,-3.68870330452919,3.4689904e-07,0.0,-3.0705456733703613,-0.00015968540469066817
96200,-0.000646571337711066,1.742752944622339e-07,-3.688695466518402,7.2062016e-07,0.0,-2.630096912384033,-0.00029647107386552294
96400,-0.00036750457365997136,2.590747790520709e-07,-3.688679486513138,3.33786e-07,0.0,-3.080824375152588,-0.00014313882617291717
96600,-0.0006318992236629128,2.0012954067283316e-07,-3.6886734783649446,4.5895578e-07,0.0,-3.6220946311950684,-0.00019650563529585163
96800,-0.00046090001706033945,1.812042636828437e-07,-3.6887045741081237,5.045533e-07,0.0,-3.4346981048583984,-0.0002408284271390837
97000,-0.0004320723528508097,3.0612151000752876e-07,-3.688650703430176,5.64456e-07,0.0,-7.1680402755737305,-0.00022883739425285654
97200,-0.00041730632074177265,2.2252135138955965e-07,-3.688665175437927,8.073449e-07,0.0,-4.235195159912109,-0.00030439110157975957
97400,-0.0004781047464348376,2.077991876348051e-07,-3.6886918544769287,3.85344e-07,0.0,-5.534722328186035,-0.00019694820043105742
97600,-0.0004632592899724841,1.5430322992671107e-07,-3.6886989653110502,2.875924e-07,0.0,-1.6431670188903809,-0.00016028836324278873
97800,-0.00042680048500187695,2.660403801257871e-07,-3.6886504530906676,4.10378e-07,0.0,-4.147000789642334,-0.00021420293301690485
98000,-0.00036332974559627473,3.9701008276438187e-07,-3.688650053739548,4.5001508e-07,0.0,-1.8152577877044678,-0.0001912520144342178
98200,-0.0005208903457969427,2.1186334002720742e-07,-3.6886711537837984,3.808737e-07,0.0,-3.8260669708251953,-0.00020294618647889173
98400,-0.0005488069145940244,1.9052751412118596e-07,-3.688683533668518,6.1601406e-07,0.0,-4.939864158630371,-0.0002605113160297545
98600,-0.00023704259365331382,2.443865634305098e-07,-3.688669264316559,2.4735928e-07,0.0,-2.7712419033050537,-0.00011940471847969869
98800,-0.00032236825791187584,2.420051274043544e-07,-3.6886736690998077,4.9531457e-07,0.0,-5.008785247802734,-0.00022553494377484107
99000,-0.0006946891662664711,2.1185143239677018e-07,-3.6886597752571104,6.3210723e-07,0.0,-3.6985273361206055,-0.0002421281623837812
99200,-4.717538831755519e-05,2.5908660319373664e-07,-3.68866885304451,4.3392183e-07,0.0,-4.03938102722168,-0.00015934585739796336
99400,-0.0005645829369314015,2.191257333805652e-07,-3.6886844456195833,2.795458e-07,0.0,-5.783770561218262,-0.00016162192820570186
99600,-0.00035235259565524757,2.1635064086922285e-07,-3.688675510883331,3.823638e-07,0.0,-2.384702205657959,-0.00016323713180156353
99800,-0.0005066924495622516,1.7665639440167524e-07,-3.6886693120002745,3.6835672e-07,0.0,-7.099370002746582,-0.00019981417019776515
100000,-0.00041289726505056024,1.5218357969359885e-07,-3.6886894941329955,3.5583972e-07,0.0,-0.34607577323913574,-0.0001870908955162065
100200,-0.0005399574292823672,2.2864212603224133e-07,-3.6886556684970855,4.130602e-07,0.0,-6.775542259216309,-0.00020404441492387625
100400,-0.0005692007835023105,2.546285696070072e-07,-3.6886497676372527,5.623698e-07,0.0,-1.8252286911010742,-0.00022639735007283778
100600,-0.0004672071954701096,2.238228947959442e-07,-3.688662427663803,4.3511392e-07,0.0,-4.042739391326904,-0.00016624228657223793
100800,-0.00040217582136392593,3.1615749236379996e-07,-3.6886482656002046,4.6551227e-07,0.0,-3.7584800720214844,-0.0002010014790000736
101000,-0.0006248218705877662,1.5720669797048003e-07,-3.6886640787124634,4.6640633e-07,0.0,-8.69112491607666,-0.00021547086532542893
101200,-0.00021963081962894648,2.542419728968071e-07,-3.6886424481868745,2.2649765e-07,0.0,-4.779806613922119,-0.00011754099311065414
101400,-0.0005986103788018227,2.501666454435281e-07,-3.688643491268158,5.751848e-07,0.0,-3.332571029663086,-0.00023551364141471964
101600,-0.0006386860623024404,2.297648695304133e-07,-3.688666135072708,4.49121e-07,0.0,-5.819994926452637,-0.00023706573281561115
101800,-0.00048209461965598166,1.5175421683721879e-07,-3.6886624455451966,5.2243473e-07,0.0,-7.361567497253418,-0.0002429104011381522
102000,-0.00041528354631736875,1.3226380382036496e-07,-3.6886704683303835,2.9712916e-07,0.0,-4.232950687408447,-0.0001342929898042966
102200,-0.00041202935972251,2.4404090162022383e-07,-3.6886477947235106,4.3451786e-07,0.0,-4.487287998199463,-0.00017989003013338945
102400,-0.0006323326961137354,1.9412026546206108e-07,-3.688667905330658,5.120039e-07,0.0,-6.2118730545043945,-0.00024686992732836366
102600,-0.0003109392710030079,2.2543990034762374e-07,-3.6886437833309174,2.5570392e-07,0.0,-0.03044438362121582,-0.00013202907148528452
102800,-0.0002078174875350669,1.7391230766605759e-07,-3.6886735558509827,2.1696091e-07,0.0,-4.302070140838623,-0.00013531185651869393
103000,-0.0004533838073257357,2.2399801622441373e-07,-3.6886547327041628,3.4481286e-07,0.0,-4.062194347381592,-0.00017082659157836578
103200,-0.0003361476119607687,3.911143757306945e-07,-3.6886375486850738,5.0216914e-07,0.0,-2.910738945007324,-0.00020653907223391332
103400,-0.000294291356112808,1.9884869519870563e-07,-3.688667815923691,2.589822e-07,0.0,-3.5361266136169434,-0.00013240833534928776
103600,-0.0004254341183695942,2.3952448735542475e-07,-3.688638973236084,4.681945e-07,0.0,-4.632875919342041,-0.00020437943984639162
103800,-0.00045858530211262405,1.6031594114451763e-07,-3.6886629462242126,2.965331e-07,0.0,-2.8646018505096436,-0.00014693822821150172
104000,-0.00025178593932650983,1.7560058882537532e-07,-3.6886682748794555,2.0295383e-07,0.0,-3.1150851249694824,-0.00012361475868450934
104200,-0.0003982952330261469,1.2478003981186702e-07,-3.6886878967285157,3.182888e-07,0.0,-5.975769996643066,-0.0001916147158331105
104400,-0.0005690646939910948,2.8393174211771566e-07,-3.6886138379573823,4.6193597e-07,0.0,-7.217720031738281,-0.00019321162875257647
104600,-0.0004658250545617193,3.1757793017561653e-07,-3.688643729686737,5.054474e-07,0.0,-5.141897201538086,-0.00022988586908310183
104800,-0.00022768248163629323,1.5227127860839574e-07,-3.6886599600315093,3.3527613e-07,0.0,-2.6460373401641846,-0.00015553465420585776
105000,-0.0004059587372466922,2.971284345676395e-07,-3.6886206924915315,5.796552e-07,0.0,-2.456312894821167,-0.00019969901516017074
105200,-0.0006041728775016963,3.1224027026155453e-07,-3.6886367440223693,5.379319e-07,0.0,-6.650315284729004,-0.0002442000512949072
105400,-0.000476434885058552,1.6730364418293676e-07,-3.6886716723442077,3.924966e-07,0.0,-3.477116584777832,-0.00020439854355971398
105600,-0.00031969082192517817,1.422115918359168e-07,-3.6886673986911775,3.7908555e-07,0.0,-2.265873432159424,-0.00017654063239229688
105800,-0.00022335995163302869,1.855024866159738e-07,-3.688637101650238,3.528595e-07,0.0,-10.276700019836426,-0.0001519267564352944
106000,-0.00040575239108875394,2.1272698624841269e-07,-3.6886573851108553,3.874302e-07,0.0,-1.6265068054199219,-0.00020301966535203332
106200,-0.0005253827548585832,2.528406238155867e-07,-3.6886497020721434,3.430247e-07,0.0,-3.937668800354004,-0.00017226655644537737
106400,-0.0005153811071068048,1.4104021843763804e-07,-3.688640069961548,6.428361e-07,0.0,-1.605240821838379,-0.00023101456234553286
106600,-0.0002754543675109744,2.1227417619229526e-07,-3.68863645195961,5.00977e-07,0.0,-3.5197997093200684,-0.00024305540719837815
106800,-0.0004257438122294843,1.9456019906272104e-07,-3.6886247754096986,4.4971705e-07,0.0,-2.7657270431518555,-0.0001990073835222539
107000,-0.00087896385230124,2.0858728433381657e-07,-3.6886100351810454,5.578995e-07,0.0,-7.348175048828125,-0.00022592604272392292
107200,-0.00041484678513370454,2.145385664675814e-07,-3.6886425077915193,3.2901767e-07,0.0,-2.5811941623687744,-0.00014755353380724312
107400,-0.0003144291404169053,2.559780948985235e-07,-3.688594716787338,5.066395e-07,0.0,-5.509568691253662,-0.00021424040378770215
107600,-0.0006970870308578014,1.801934994105636e-07,-3.688597184419632,6.902218e-07,0.0,-9.638869285583496,-0.0002569561599725656
107800,-0.0006855661631561816,1.9492798806197697e-07,-3.688611477613449,5.4121017e-07,0.0,-5.07112979888916,-0.0002445391926349905
108000,-0.0003617316542658955,1.6989233557751505e-07,-3.6886216938495635,4.2587519e-07,0.0,-3.176175594329834,-0.00019830429512461832
108200,-0.0007138736546039581,1.8378599637713932e-07,-3.688628786802292,6.082654e-07,0.0,-2.799652576446533,-0.00031427095813660875
108400,-0.0004258352564647794,1.944318061219974e-07,-3.688618618249893,4.044175e-07,0.0,-2.5235040187835693,-0.00019852748720995407
108600,-0.0004047745605930686,2.0983268171903547e-07,-3.6886159002780916,3.9786102e-07,0.0,-5.049385070800781,-0.00017949849369205406
108800,-0.000559468986466527,2.762076650952849e-07,-3.688590955734253,5.152822e-07,0.0,-5.428791046142578,-0.0002056153039502573
109000,-0.00024402057169936597,1.9286170065413445e-07,-3.688593381643295,2.9563904e-07,0.0,-6.979201793670654,-0.000147151737671658
109200,-0.00039600374293513596,2.0360494197291245e-07,-3.688608783483505,2.9593707e-07,0.0,-9.904555320739746,-0.00014938640550541394
109400,-0.00028366109472699463,1.1995203674786126e-07,-3.6886451482772826,4.7653913e-07,0.0,-5.795397758483887,-0.00022587144798262847
109600,-0.0006639499915763736,1.9603577854354627e-07,-3.6886400520801543,4.872679e-07,0.0,-3.3592538833618164,-0.0002543162707151492
109800,-0.00045113966916687787,2.2671015784681003e-07,-3.6886470198631285,3.3438204e-07,0.0,-3.1844773292541504,-0.00016381373205787142
110000,-0.0007119507645256817,1.7709814290611802e-07,-3.688634121417999,4.062057e-07,0.0,-0.08905947208404541,-0.00021109834370589554
110200,-0.0005052454653196037,3.2916029368834643e-07,-3.6886029660701753,4.6432018e-07,0.0,-5.311638832092285,-0.00015576159870227534
110400,-0.000674306123983115,2.1202588271762579e-07,-3.6886274337768556,3.3974646e-07,0.0,-2.174808979034424,-0.0001795846960388592
110600,-0.00022204984270501882,1.7851879885455446e-07,-3.68866286277771,1.847744e-07,0.0,-3.08882474899292,-0.0001050588417074283
110800,-0.0005176962004043162,2.0601508339268547e-07,-3.6886164784431457,4.5895575e-07,0.0,-1.2356908321380615,-0.0001941595983940836
111000,-0.0007282781298272312,2.003740675604604e-07,-3.6886173248291017,6.186962e-07,0.0,-4.347086429595947,-0.0002517512608149031
111200,-0.0006434291717596352,1.0516638635493791e-07,-3.6886594414711,4.2408706e-07,0.0,-5.599817276000977,-0.0001925260717187016
111400,-0.0005589077481999993,3.267446984978051e-07,-3.6886131942272185,3.7550925e-07,0.0,-7.707005500793457,-0.0001985407625628488
111600,-0.00046084460336714983,2.1624925530261408e-07,-3.6885873854160307,2.69413e-07,0.0,-4.368480682373047,-0.00011436218000042686
111800,-0.0003374585066922009,1.0402460102199029e-07,-3.688661217689514,3.1590463e-07,0.0,-5.117246150970459,-0.0001650341594724658
112000,-0.0007499857456423342,2.799183171475761e-07,-3.688601291179657,5.4508445e-07,0.0,-4.91154146194458,-0.00023149873205192685
112200,-0.0005493712378665805,2.0850250628257073e-07,-3.688626801967621,4.2349103e-07,0.0,-3.470426559448242,-0.00019723454942527363
112400,-0.0008482651319354773,2.340319895210996e-07,-3.6885858833789826,8.07941e-07,0.0,-14.433300971984863,-0.000272039064526719
112600,-0.0005408510332927108,2.404755438334405e-07,-3.6885977387428284,5.558133e-07,0.0,-3.8264975547790527,-0.0002428724449173414
112800,-0.0003909994848072529,1.6125824888746366e-07,-3.6886019825935366,4.2170285e-07,0.0,-2.0449936389923096,-0.00021492308206506606
113000,-0.00022507371613755822,2.036459097354282e-07,-3.68861186504364,3.781915e-07,0.0,-3.5788440704345703,-0.0001549531451926267
113200,-0.00042670551920309663,2.573313157228085e-07,-3.68857878446579,4.938245e-07,0.0,-5.209465503692627,-0.00021414026655470765
113400,-0.0005522826104424894,2.0995139031754207e-07,-3.6885858118534087,4.5210123e-07,0.0,-4.899986267089844,-0.00022058552643932082
113600,-0.0002608111244626343,1.6235513768947385e-07,-3.6886084616184234,2.43783e-07,0.0,-4.335418701171875,-0.00012601285901259196
113800,-0.0005327256512828171,1.6165103104981427e-07,-3.6886185348033904,3.7908555e-07,0.0,-10.733118057250977,-0.0001820998040028776
114000,-0.00046869280049577355,2.0552097055315243e-07,-3.6886103332042692,4.774332e-07,0.0,-3.8919296264648438,-0.000204183443641337
114200,-0.0003157822065986693,2.1726201033800406e-07,-3.688598507642746,4.3779613e-07,0.0,-4.69245719909668,-0.00020666505495370302
114400,-0.0004779614682774991,2.632494727095036e-07,-3.688585352897644,3.144145e-07,0.0,-1.9645006656646729,-0.0001485168929691305
114600,-0.0004416982701513916,2.3133520414830856e-07,-3.6886062026023865,3.8206576e-07,0.0,-1.7776813507080078,-0.0001907173152063124
114800,-0.00036588500370271504,1.9816119607440895e-07,-3.688613843917847,2.9712916e-07,0.0,-7.969671249389648,-0.00015239931580004473
115000,-0.0003695125342346728,2.254636703113988e-07,-3.688605374097824,3.182888e-07,0.0,-1.4253349304199219,-0.00015286536522086114
115200,-0.0005450482713058591,1.823295729508345e-07,-3.6886064648628234,4.6163797e-07,0.0,-4.489828586578369,-0.0001886298652769236
115400,-0.0005791980656795204,1.8177111460460083e-07,-3.6886050939559936,5.164743e-07,0.0,-0.979644775390625,-0.0002112813080438869
115600,-0.0005905807483941317,3.373285508700974e-07,-3.6885538339614867,3.9130452e-07,0.0,-10.965991020202637,-0.00015905745384277027
115800,-0.0007131488528102636,2.672808324888365e-07,-3.6885639071464538,3.9368865e-07,0.0,-3.872852325439453,-0.00017486902329082453
116000,-0.0005460043903440237,2.35187713926166e-07,-3.688617479801178,4.196167e-07,0.0,-1.6858010292053223,-0.0002072584698231683
116200,-0.0006224067183211446,2.3993000155542175e-07,-3.688613533973694,6.303191e-07,0.0,-9.054518699645996,-0.0002241265310547025
116400,-0.0005808151327073574,1.726855387573778e-07,-3.6886335968971253,3.877282e-07,0.0,-6.703543663024902,-0.00020335946997205313
116600,-0.0006010358920320868,1.8683260130103463e-07,-3.6886106133461,4.6670436e-07,0.0,-2.3052456378936768,-0.00018953696129004883
116800,-0.0004291679069865495,2.28695814286084e-07,-3.688603913784027,3.322959e-07,0.0,-7.418674468994141,-0.00016405680731264028
117000,-0.0007029564585536718,2.0333390153837173e-07,-3.6886090636253357,3.5524369e-07,0.0,-6.547450065612793,-0.00018320795817464708
117200,-0.00037551551940850914,1.9980812631104073e-07,-3.688624972105026,2.9891729e-07,0.0,-1.3828809261322021,-0.00015572835414472407
117400,-0.0008318257168866694,2.2250110127686184e-07,-3.6886283695697784,5.6326394e-07,0.0,-4.271922588348389,-0.00025777726624482967
117600,-0.0004408917739056051,1.7657418709404739e-07,-3.6886436581611632,2.8699637e-07,0.0,-4.0546369552612305,-0.00017253378043298185
117800,-0.0006380348349921405,2.559905830423759e-07,-3.688610053062439,3.8146973e-07,0.0,-7.481243133544922,-0.00019287247963848398
118000,-0.00017729392857290804,2.2288564629491248e-07,-3.68860901594162,3.6656857e-07,0.0,-5.609064102172852,-0.0001812984199514256
118200,-0.0008477194351144135,1.4775849201953407e-07,-3.6886360943317413,5.13494e-07,0.0,-6.884538650512695,-0.0002261126037789829
118400,-0.00035199467674829066,2.460542496862672e-07,-3.6885899364948274,3.0606986e-07,0.0,-3.146428108215332,-0.00012974955805611366
118600,-0.000331850751535967,2.3737036443094438e-07,-3.6885945320129396,3.7640334e-07,0.0,-7.3885393142700195,-0.00018547250241858216
118800,-0.00023682719620410353,2.7080855389272076e-07,-3.688574331998825,3.2693148e-07,0.0,-1.8864283561706543,-0.00015278005660177563
119000,-0.0006665715482085943,3.5870768293477796e-07,-3.6886087477207186,5.406141e-07,0.0,-4.101633071899414,-0.00020203788825587932
119200,-0.00044005020754411817,2.0347591913605357e-07,-3.6885955810546873,3.8921831e-07,0.0,-4.803036689758301,-0.0001795086874081475
119400,-0.0005167175550013781,2.4626538710492694e-07,-3.6885838985443113,5.7995317e-07,0.0,-8.631133079528809,-0.00023103684262695267
119600,-0.0004499387869145721,1.8236397778537138e-07,-3.6885947585105896,3.117323e-07,0.0,-3.6884212493896484,-0.00015248173488572326
119800,-0.0005434945342130959,2.0844515233875426e-07,-3.6886320531368257,2.7060509e-07,0.0,-3.2822113037109375,-0.00016707967294269377
120000,-0.0004128077707719058,1.5706953444549753e-07,-3.6886078357696532,4.1037796e-07,0.0,-3.553943157196045,-0.00019585294909495453
120200,-0.0005369936698116362,2.474282663200711e-07,-3.6885831892490386,3.3438207e-07,0.0,-4.103981971740723,-0.00015697725926862028
120400,-0.00033204417559318244,1.9290300734553512e-07,-3.6886167764663695,2.44081e-07,0.0,-4.144627094268799,-0.00013728514471806897
120600,-0.0005219287122599781,2.0980736348263918e-07,-3.688594180345535,3.8117167e-07,0.0,-3.6675376892089844,-0.0001880727648393865
120800,-0.0006126084481365979,2.779075899184136e-07,-3.688573479652405,6.0886146e-07,0.0,-6.470740795135498,-0.0002729418573636622
121000,-0.0002815883490256965,2.558583503287082e-07,-3.6885936141014097,3.8862228e-07,0.0,-3.7841944694519043,-0.00017425064018505854
121200,-0.0004733133828267455,1.959276723084713e-07,-3.6886047184467317,5.4717066e-07,0.0,-3.7963685989379883,-0.00023570406495980744
121400,-0.0003981765767093748,2.196176929203375e-07,-3.68860102891922,4.833937e-07,0.0,-2.9999284744262695,-0.00021498662845806927
121600,-0.00025131984148174524,1.432158324377042e-07,-3.6886333525180817,2.2500753e-07,0.0,-4.1783528327941895,-0.00014798301516384394
121800,-0.00038829821278341115,1.4144862792164759e-07,-3.688621461391449,3.412366e-07,0.0,-6.408456802368164,-0.00018821532278230358
122000,-0.00023760556359775364,2.369153840220406e-07,-3.688597697019577,3.4242868e-07,0.0,-3.001330852508545,-0.0001586151416613113
122200,-0.00027262652292847633,1.441942304225563e-07,-3.6886622488498686,2.1576882e-07,0.0,-3.5156025886535645,-0.00013881115582967674
122400,-0.0002912741038016975,2.174111678243662e-07,-3.688549554347992,7.233024e-07,0.0,-4.154494285583496,-0.0002478648648311044
122600,-0.0003361150447744876,2.2146029259317858e-07,-3.688607841730118,3.492832e-07,0.0,-2.2137703895568848,-0.00019064117038261052
122800,-0.0004949527210555971,2.2383885038834707e-07,-3.68860045671463,4.631281e-07,0.0,-3.2157702445983887,-0.00022023998076816653
123000,-0.0003737496444955468,2.3763721337388689e-07,-3.688572961091995,3.0398368e-07,0.0,-3.682544231414795,-0.00013308639811839828
123200,-0.00040035901474766433,2.2575523637158312e-07,-3.688574695587158,4.6938658e-07,0.0,-7.1875,-0.00019695860808293108
123400,-0.0003552457201294601,2.0982714250550315e-07,-3.6885953068733217,3.096461e-07,0.0,-2.4492392539978027,-0.00013678701275920968
123600,-0.0006800552946515381,2.2541884696636317e-07,-3.688584840297699,5.1259997e-07,0.0,-6.309669017791748,-0.00019788492979344596
123800,-0.0006825732998549938,1.9407148421635156e-07,-3.6885977149009705,4.5925378e-07,0.0,-2.9185643196105957,-0.00022657311972136275
124000,-0.000574532721657306,2.2519041920077143e-07,-3.6885604202747344,4.87864e-07,0.0,-4.6868767738342285,-0.00021081051011833106
124200,-0.0006961030885577202,2.1276814390347454e-07,-3.6885827481746674,4.658103e-07,0.0,-4.187561511993408,-0.00020940983145868454
124400,-0.00016093335580080748,2.113934442604659e-07,-3.6886058330535887,2.1338462e-07,0.0,-5.31848669052124,-0.00011256288079790622
124600,-0.0003637278568930924,2.3373631030665365e-07,-3.6885571122169494,4.4614075e-07,0.0,-3.739555835723877,-0.00017660060032858582
124800,-0.0004160974931437522,1.6054426215106333e-07,-3.6886163532733915,4.1097402e-07,0.0,-5.212149620056152,-0.0001733283850230638
125000,-0.0006093893316574395,1.532055014408229e-07,-3.6885766088962555,3.3169985e-07,0.0,-2.2708966732025146,-0.00018407647360119128
125200,-0.0007078184280544519,2.224649030324599e-07,-3.688573545217514,4.0799378e-07,0.0,-3.035114288330078,-0.00020963931142432558
125400,-0.0005414362531155348,1.8743892375994166e-07,-3.688593643903732,3.7878752e-07,0.0,-5.380491256713867,-0.00021175532096524564
125600,-0.0006653242162428796,1.7699148777694517e-07,-3.68865168094635,3.501773e-07,0.0,-3.999579429626465,-0.0002138317588000982
125800,-0.0003969915269408375,2.214990114879356e-07,-3.688559728860855,4.3392183e-07,0.0,-3.920640468597412,-0.00019651649912157953
126000,-0.0007434903527610004,2.3082065929713736e-07,-3.688534313440323,6.5892937e-07,0.0,-6.353838920593262,-0.00023360285177864704
126200,-0.0004999007796868682,1.7071907922883157e-07,-3.688573557138443,5.4955484e-07,0.0,-4.389243125915527,-0.0002301651829516249
126400,-0.000536033941898495,2.1954852762462452e-07,-3.688541316986084,5.7667495e-07,0.0,-10.65578842163086,-0.00020939817959856333
126600,-0.0002838131913449615,1.9339366286175164e-07,-3.688566964864731,5.659461e-07,0.0,-2.9723873138427734,-0.00022836127851627586
126800,-0.0004178920353297144,1.6706396266386037e-07,-3.688592493534088,3.6835672e-07,0.0,-4.430715560913086,-0.00016507105523300147
127000,-0.0004436402814462781,1.8379122685985293e-07,-3.688528871536255,3.5375356e-07,0.0,-7.23129940032959,-0.0001779892135772343
127200,-0.0002025153225986287,1.4024475074592148e-07,-3.6885999917984007,2.1725893e-07,0.0,-0.6452734470367432,-0.00013042133384993937
127400,-0.0002479982504155487,1.5679278391189656e-07,-3.6886315405368806,2.9444692e-07,0.0,-3.3753838539123535,-0.00015626379989550632
127600,-0.0005327449762262404,1.1746235308862652e-07,-3.688591355085373,3.2395124e-07,0.0,-8.433794975280762,-0.00020424471695861256
127800,-0.0005962286377325654,2.633684587749485e-07,-3.688533890247345,3.9488077e-07,0.0,-1.4737014770507812,-0.00017843918621446297
128000,-0.0005440387758426368,2.130049731263739e-07,-3.688557970523834,3.4600498e-07,0.0,-7.634490013122559,-0.00018545363107755897
128200,-0.0003569140681065619,1.5407389692967398e-07,-3.6886066854000092,2.592802e-07,0.0,-3.7934627532958984,-0.00012873743425871885
128400,-0.0003517061413731426,1.8888535304739663e-07,-3.6885585129261016,3.5464763e-07,0.0,-5.40541410446167,-0.00016794592092866933
128600,-0.0004345059860497713,9.363886048774361e-08,-3.688590180873871,2.6732684e-07,0.0,-7.654104232788086,-0.00015076437525691767
128800,-0.0002712777932174504,2.1062108004343827e-07,-3.6886140644550323,2.5123356e-07,0.0,-3.2126526832580566,-0.0001419851548757345
129000,-0.00035972113255411386,1.660447622953143e-07,-3.6885664463043213,2.8282403e-07,0.0,-4.514979839324951,-0.0001538565752063903
129200,-0.0006900004227645695,2.1352751886638543e-07,-3.6885657787322996,3.5732984e-07,0.0,-2.9156298637390137,-0.00019375121600295753
129400,-0.000498309382237494,1.83280355869897e-07,-3.6885912656784057,3.8444995e-07,0.0,-3.265174388885498,-0.00016093816633414582
129600,-0.0003805339219979942,1.9332379945780077e-07,-3.6885845363140106,3.7044288e-07,0.0,-2.852550506591797,-0.00016848169999823527
129800,-0.00030011936905793846,1.8243772004211678e-07,-3.688562494516373,4.3839216e-07,0.0,-2.1138246059417725,-0.00018076791256405045
130000,-0.0006717234500683844,1.4535765817669245e-07,-3.6885779559612275,4.9829487e-07,0.0,-5.396240711212158,-0.0001800269925025244
130200,-0.0004555411287583411,2.4935270808157385e-07,-3.6885458052158357,5.540252e-07,0.0,-4.576129913330078,-0.00021170304798238116
130400,-0.00042086507892236114,2.249565163481293e-07,-3.688552498817444,4.9054626e-07,0.0,-2.5871012210845947,-0.0001770028409259883
130600,-0.000574590521864593,2.405999200760789e-07,-3.688550519943237,7.83503e-07,0.0,-2.4662113189697266,-0.00029684143223425165
130800,-0.0008358076447620988,2.4835191858585404e-07,-3.688505321741104,5.626679e-07,0.0,-0.9236340522766113,-0.00025366867944489615
131000,-0.0006604156806133687,2.2163674948671996e-07,-3.6885846972465517,4.1514636e-07,0.0,-3.009469985961914,-0.0001909926390958383
131200,-0.00020010439038742334,1.4341020495578505e-07,-3.688543576002121,2.5361777e-07,0.0,-6.330417633056641,-0.00012614907256391916
131400,-0.00032519263913854957,9.461932624077462e-08,-3.688627028465271,3.0010938e-07,0.0,-1.7137572765350342,-0.0001821946907169858
131600,-0.00045779129141010344,2.3051546911290187e-07,-3.6885121524333955,4.1365624e-07,0.0,-5.534404277801514,-0.00017405813920220447
131800,-0.0006395041127689183,1.6318486757427307e-07,-3.6885668992996217,5.069375e-07,0.0,-5.13733434677124,-0.00020681550296013372
132000,-0.0003655243490356952,1.6508784721480653e-07,-3.6885905504226684,2.43783e-07,0.0,-3.423642635345459,-0.00013927812855610844
132200,-0.0004131910391151905,1.2481387248186593e-07,-3.688579446077347,3.930926e-07,0.0,-5.892241954803467,-0.00021159645898626288
132400,-0.000766836863476783,2.1696112249003363e-07,-3.6885351121425627,6.514788e-07,0.0,-5.762595176696777,-0.00024104098817756547
132600,-0.000513294420670718,9.881424976043717e-08,-3.688539135456085,4.3809416e-07,0.0,-6.349470138549805,-0.0001986267560318833
132800,-0.00029759135213680565,1.2668568754037325e-07,-3.688611751794815,2.3931264e-07,0.0,-6.577397346496582,-0.00014777992003598417
133000,-0.0004752162203658372,3.31612511317303e-07,-3.6884712874889374,5.432963e-07,0.0,-4.499073028564453,-0.000205528612169692
133200,-0.00034304038854315877,2.133537568838051e-07,-3.688508677482605,3.9100647e-07,0.0,-5.187382698059082,-0.0001840137247945961
133400,-0.00032327487133443356,8.617286750833841e-08,-3.688611054420471,2.1874904e-07,0.0,-5.074596881866455,-0.0001391579389598885
133600,-0.00024630269035696983,2.1362919078171672e-07,-3.6885199368000032,3.7699937e-07,0.0,-6.622087478637695,-0.00019544853394790618
133800,-0.0006842441507615149,2.0945883676404265e-07,-3.688519126176834,7.417798e-07,0.0,-2.6449615955352783,-0.00023555677538502628
134000,-0.000275527301710099,1.232322556887766e-07,-3.6885779976844786,2.6196238e-07,0.0,-6.986591815948486,-0.00014611519900542547
134200,-0.0006163265206851065,3.590615108350903e-07,-3.6884602427482607,5.620718e-07,0.0,-1.8439881801605225,-0.00021270194632045937
134400,-0.0004883841029368341,1.941139903038902e-07,-3.6886021554470063,2.9981135e-07,0.0,-4.049134731292725,-0.0001973705884164012
134600,-0.0005276500014588237,1.6337880559547102e-07,-3.688528484106064,4.36306e-07,0.0,-3.501824378967285,-0.000210329621225136
134800,-0.0004327359201852232,1.4448648375520178e-07,-3.6885220289230345,3.862381e-07,0.0,-2.4342238903045654,-0.00019645059900130768
135000,-0.0005723722861148417,1.9394656085580665e-07,-3.688508301973343,5.218387e-07,0.0,-2.191889762878418,-0.00021662016362000713
135200,-0.00048088200856000185,2.45640685037074e-07,-3.6885569870471953,3.579259e-07,0.0,-4.9449591636657715,-0.00020536290766788313
135400,-0.00040052804979495704,2.1644700218814705e-07,-3.6884786546230317,4.7177076e-07,0.0,-3.1731252670288086,-0.00019879522220720425
135600,-0.0007166112191043794,2.8944283698706385e-07,-3.6884659945964815,5.930662e-07,0.0,-3.431633472442627,-0.00023315602473310547
135800,-0.00046472492977045476,1.7616708110068656e-07,-3.6885091245174406,4.7504903e-07,0.0,-2.345677614212036,-0.00021327418052544678
136000,-0.0004231105267535895,2.449953168337515e-07,-3.688486361503601,3.451109e-07,0.0,-2.907203435897827,-0.0001426929691823897
136200,-0.00041580514516681433,2.566970238149224e-07,-3.688497942686081,3.6776066e-07,0.0,-5.46661376953125,-0.00017100245948882266
136400,-0.0005533222574740648,1.7576946795827552e-07,-3.6885104537010194,4.246831e-07,0.0,-4.455994606018066,-0.0001902128453423302
136600,-0.00025237593217752874,2.493329429142932e-07,-3.6884733974933623,3.629923e-07,0.0,-3.3280162811279297,-0.00015509550913611614
136800,-0.00021562253823503852,2.2243105775032744e-07,-3.688511770963669,2.938509e-07,0.0,-1.8530666828155518,-0.00017260122396214327
137000,-0.00030232107383199036,1.7766447051315027e-07,-3.68853999376297,3.6507845e-07,0.0,-6.575797080993652,-0.00017461608273481867
137200,-0.0005203142063692212,1.4476546574826444e-07,-3.688497042655945,4.160404e-07,0.0,-0.33200204372406006,-0.00018707264003081647
137400,-0.000440559204434976,1.8173322189340979e-07,-3.688515043258667,5.7578086e-07,0.0,-8.17723274230957,-0.0002446359453156299
137600,-0.0004762002208735794,1.198883682107521e-07,-3.6884888648986816,5.2750113e-07,0.0,-4.7039475440979,-0.0002084089656377741
137800,-0.00037273758789524436,2.0509702345350433e-07,-3.6885077357292175,2.6404857e-07,0.0,-3.6708836555480957,-0.00013487939637144564
138000,-0.0003659985668491572,2.2362603271375293e-07,-3.6884834229946137,3.8444995e-07,0.0,-2.9054205417633057,-0.0001781271994731215
138200,-0.00032990347244776785,2.710606999301035e-07,-3.688453644514084,4.0173532e-07,0.0,-2.826714277267456,-0.0001761775465399129
138400,-0.0006450160290114582,2.507482179225917e-07,-3.6884584963321685,7.665157e-07,0.0,-1.766549825668335,-0.00024979498904429407
138600,-0.0005662810290232301,2.1148205391341436e-07,-3.6884679734706878,4.774332e-07,0.0,-5.091084957122803,-0.00020864650525254103
138800,-0.000526862742844969,1.0030217811873854e-07,-3.688569355010986,2.9057264e-07,0.0,-5.714932918548584,-0.00017409938572736648
139000,-0.00027193903224542737,1.1002427289241722e-07,-3.6885466992855074,2.6881693e-07,0.0,-2.619048595428467,-0.00014416839237636482
139200,-0.00038877324550412595,2.242602885615952e-07,-3.6884851336479185,5.00083e-07,0.0,-4.00213098526001,-0.00017459192771838162
139400,-0.0004496870969887823,2.3023001531896626e-07,-3.6884234070777895,7.608533e-07,0.0,-4.864599704742432,-0.00025632873197398707
139600,-0.0006930731469765306,1.7242212138057767e-07,-3.688501626253128,5.6803225e-07,0.0,-2.9044954776763916,-0.00025341683142006134
139800,-0.0005518731195479631,1.6790025672008824e-07,-3.6884477972984313,3.799796e-07,0.0,-2.9888033866882324,-0.00015225185576355215
140000,-0.0005919043906033039,2.262284827025951e-07,-3.68843874335289,7.2866675e-07,0.0,-5.101720333099365,-0.0002720753400752951
140200,-0.0005248120869509876,2.3092837242444375e-07,-3.688457953929901,5.608797e-07,0.0,-4.034730911254883,-0.00023849847963913762
140400,-0.0005014832713641226,2.1855973102447025e-07,-3.6884434163570403,4.9352644e-07,0.0,-2.0649118423461914,-0.00022260124989088582
140600,-0.00036690165870822966,2.2725211437091276e-07,-3.688428336381912,3.913045e-07,0.0,-4.5630106925964355,-0.0001542939999214843
140800,-0.0003425800532568246,1.734741264414197e-07,-3.688448566198349,4.6104194e-07,0.0,-5.759932994842529,-0.00018084152085311443
141000,-0.00036917554098181427,1.5543601499246052e-07,-3.6885457217693327,2.0951033e-07,0.0,-1.5482439994812012,-0.00013896714168915025
141200,-0.00043807513429783285,1.374280358845681e-07,-3.688545215129852,3.0726193e-07,0.0,-2.700855016708374,-0.00018174090934780507
141400,-0.000641175196506083,2.268317446763035e-07,-3.6884451687335966,5.665421e-07,0.0,-3.968217372894287,-0.00021222732953811717
141600,-0.0002007415023399517,1.4642728380920288e-07,-3.6884967982769012,3.257394e-07,0.0,-2.7129435539245605,-0.00014790520892089544
141800,-0.0003874989051837474,1.361615433737029e-07,-3.688436138629913,6.1273573e-07,0.0,-6.126655101776123,-0.00021618536227454576
142000,-0.0007362232427112758,1.9411597964591465e-07,-3.688449764251709,9.602309e-07,0.0,-7.838886260986328,-0.0003076338882319618
142200,-0.0006949605303816497,2.6193498925408676e-07,-3.6884752094745634,4.7504903e-07,0.0,-3.3210816383361816,-0.00018843508701129607
142400,-0.00020800858328584582,3.005188588645069e-07,-3.6884187281131746,5.6385994e-07,0.0,-3.9880847930908203,-0.00019668170932640727
142600,-0.0004626717127393931,2.963275548495403e-07,-3.688383424282074,4.658103e-07,0.0,-8.450887680053711,-0.00016743506585665814
142800,-0.0007217393140308559,2.1254789963620624e-07,-3.688431841135025,6.3896175e-07,0.0,-3.937211036682129,-0.00026237581768489003
143000,-0.00023015767510514706,2.1383710375744157e-07,-3.6884437680244444,4.5567754e-07,0.0,-2.8795764446258545,-0.00018864291706668367
143200,-0.0004901679349131882,2.14619190685994e-07,-3.6884704709053038,4.5388936e-07,0.0,-1.5069708824157715,-0.0002178568974448458
143400,-0.00023364630760625005,2.016946492489069e-07,-3.688476377725601,6.5952537e-07,0.0,-6.249423027038574,-0.0002298595314049301
143600,-0.0005522161955013871,2.6944708260145943e-07,-3.688446706533432,5.811453e-07,0.0,-3.6994051933288574,-0.00022361382855824453
143800,-0.0004855156294070184,2.45453687597319e-07,-3.688473588228226,4.118681e-07,0.0,-4.302312850952148,-0.00015520704517557604
144000,-0.0004986132262274623,2.4200744199731614e-07,-3.6884172737598417,4.0262938e-07,0.0,-2.7789716720581055,-0.00018176409247234738
144200,-0.0003807199536822736,2.5153256792975754e-07,-3.688394236564636,5.9515236e-07,0.0,-4.203173637390137,-0.00020859843428344682
144400,-0.00034407497150823474,1.5810754216971645e-07,-3.6885510265827177,3.1113626e-07,0.0,-8.215559005737305,-0.0001567151832657654
144600,-0.0004453515284694731,2.454089610637311e-07,-3.688427573442459,6.0021875e-07,0.0,-6.510801315307617,-0.0002464365196164664
144800,-0.0006217756890691817,1.7305968622594036e-07,-3.688554936647415,3.8683416e-07,0.0,-3.891706943511963,-0.0001867855897330628
145000,-0.00029637126135639846,1.5288722483575156e-07,-3.688492101430893,2.9176474e-07,0.0,-3.183419704437256,-0.0001463912790729993
145200,-0.0006336356746032834,1.7022676921385482e-07,-3.6884683966636658,5.6296585e-07,0.0,-2.7847800254821777,-0.0002461113556064376
145400,-0.00035775595461018384,1.3069885866912047e-07,-3.688539218902588,4.002452e-07,0.0,-6.63267707824707,-0.00018382269863786993
145600,-0.0006869419594295323,1.328599235961292e-07,-3.688525253534317,4.848838e-07,0.0,-6.273789405822754,-0.00022144311798921734
145800,-0.0004382469051051885,3.4007715470352197e-07,-3.6883753716945646,4.5388936e-07,0.0,-1.7742149829864502,-0.00018216863771653992
146000,-0.0005436792853288352,2.66029590889616e-07,-3.688477170467377,5.5104493e-07,0.0,-5.369813919067383,-0.00023240460728507495
146200,-0.000703035737387836,2.2380020894274822e-07,-3.6884504437446592,5.677342e-07,0.0,-4.250287055969238,-0.0002247826446634904
146400,-0.0003014977846760303,2.2236995818047943e-07,-3.68848397731781,3.5643578e-07,0.0,-2.1689274311065674,-0.00016620749154765412
146600,-0.0002600592270027846,1.2877987476400676e-07,-3.6885423600673675,2.4020673e-07,0.0,-5.941208362579346,-0.00015209294121769633
146800,-0.0003542328777257353,1.6145563943581465e-07,-3.6884726881980896,2.9683113e-07,0.0,-2.0043740272521973,-0.00016290713732871608
147000,-0.00019545799295883626,2.2633028073926198e-07,-3.688435435295105,4.4971705e-07,0.0,-2.5226783752441406,-0.0001857838635824116
147200,-0.00031217990908771753,1.2889384191083763e-07,-3.6885139524936674,3.9100647e-07,0.0,-5.942039966583252,-0.00018478676267577043
147400,-0.0006158910691738129,1.771575593778607e-07,-3.688460022211075,5.161762e-07,0.0,-2.2941055297851562,-0.00022948804505369403
147600,-0.0004600959946401417,2.614329680739047e-07,-3.6884406745433806,5.2660704e-07,0.0,-6.568207263946533,-0.00022704756967459883
147800,-0.000302663363981992,1.418914855833009e-07,-3.6884656488895415,3.5613778e-07,0.0,-4.881506443023682,-0.00015338851487127768
148000,-0.0006059901788830757,1.4139985946570732e-07,-3.6885502994060517,4.863739e-07,0.0,-4.72872257232666,-0.0002238228982990309
148200,-0.00038961117388680577,1.3878000633127384e-07,-3.6884528160095216,4.208088e-07,0.0,0.3110232949256897,-0.0001804593275906541
148400,-0.0004260413988959044,2.308246362048294e-07,-3.6884559988975525,8.046627e-07,0.0,-7.174289703369141,-0.00023896826695016805
148600,-0.00043896952411159873,1.600214773134212e-07,-3.6885243892669677,4.1216612e-07,0.0,-7.772442817687988,-0.0002007899307518546
148800,-0.0006881678127683699,1.9674397666591403e-07,-3.6884496748447417,5.245209e-07,0.0,-3.835905075073242,-0.00019925452511733167
149000,-0.0004432013665791601,1.4221273652026413e-07,-3.6884751677513123,6.0200693e-07,0.0,-0.512482762336731,-0.0002881835905131913
149200,-0.00036683943471871316,2.2723735799701216e-07,-3.68851922750473,3.901124e-07,0.0,-4.955870628356934,-0.00020465122132139467
149400,-0.0008064495050348341,3.0929116370259633e-07,-3.6883399188518524,8.752942e-07,0.0,-2.2529454231262207,-0.0002656822778166923
149600,-0.00048822362441569567,2.183803122335348e-07,-3.688463109731674,5.829334e-07,0.0,-2.0816779136657715,-0.00023468257292926786
149800,-0.00038356208824552596,1.860800288966402e-07,-3.6884065866470337,3.85046e-07,0.0,-6.888208389282227,-0.00016555161930037476
150000,-0.00032614683732390404,2.2505467640598907e-07,-3.688376474380493,3.6120417e-07,0.0,-3.193279266357422,-0.00015525956518991357
150200,-0.00019397414871491492,1.9308800141004668e-07,-3.6884483337402343,2.6881696e-07,0.0,-5.606216907501221,-0.0001442232588003689
150400,-0.00039449642645195127,2.094197729007874e-07,-3.688460445404053,3.4987926e-07,0.0,-3.3817529678344727,-0.000182608351334812
150600,-0.00020720837346743792,3.3525312481685887e-07,-3.688374012708664,7.0482497e-07,0.0,-2.8524463176727295,-0.00023872892590230953
150800,-0.0007074828608892858,2.414857515731228e-07,-3.6884350717067718,5.576014e-07,0.0,-7.359621047973633,-0.00022383396391321143
151000,-0.0006633797893300653,1.724077186793238e-07,-3.6884302735328673,3.415346e-07,0.0,-2.8086681365966797,-0.00017669305208153351
151200,-0.00032704591285437346,2.9782171644399115e-07,-3.6884202003479003,2.592802e-07,0.0,-4.682628631591797,-0.00013922589306276657
151400,-0.00027169493841938674,2.0837243592808362e-07,-3.6884711563587187,3.2126906e-07,0.0,-6.374410152435303,-0.000190556302662781
151600,-0.0004390591930132359,2.2353077255843345e-07,-3.688423937559128,5.871058e-07,0.0,-2.218093156814575,-0.0002152981305734991
151800,-0.0005846832063980401,1.8255552340917803e-07,-3.688439267873764,5.033612e-07,0.0,-4.445508003234863,-0.00022826102217982092
152000,-0.00042214442510157824,1.60865503850971e-07,-3.68844279050827,4.6342615e-07,0.0,-4.444150447845459,-0.00021572061673964528
152200,-0.0003982627531513572,1.1661726659895066e-07,-3.6884328722953796,5.668402e-07,0.0,-3.452849864959717,-0.0002434512817362622
152400,-0.0003753363562282175,1.36613417822673e-07,-3.6884907126426696,3.0338765e-07,0.0,-2.9760751724243164,-0.0001663794220373882
152600,-0.00021970260422676802,2.2899027776190906e-07,-3.6883615016937257,5.3316353e-07,0.0,-5.2511138916015625,-0.00019877775005907594
152800,-0.0006378040416166186,1.170050092369479e-07,-3.688464325666428,3.5554172e-07,0.0,-2.9516940116882324,-0.00019033731416311371
153000,-0.0003328200546093285,1.9189904953975656e-07,-3.6884765923023224,4.568696e-07,0.0,-3.77744722366333,-0.00020874920406783738
153200,-0.0003413195663597435,2.409104755685121e-07,-3.688453269004822,3.772974e-07,0.0,-1.5172739028930664,-0.0001982774208133309
153400,-0.00040302591514773667,9.992724674390274e-08,-3.6884574413299562,3.477931e-07,0.0,-3.7684197425842285,-0.00017691120592324693
153600,-0.00042030925396829844,1.1264585939585458e-07,-3.6885659754276277,3.0457971e-07,0.0,-3.832777976989746,-0.00015891629358328886
153800,-0.0008584897732362151,2.2205784837581178e-07,-3.6884095907211303,6.5207485e-07,0.0,-5.049827575683594,-0.00027274590640735674
154000,-0.0003333945060148835,2.3200934506917292e-07,-3.688422626256943,5.728007e-07,0.0,-4.781349182128906,-0.00020601569119902408
154200,-0.00026709199300967157,2.387824389771254e-07,-3.6884299635887148,2.864003e-07,0.0,-2.3448171615600586,-0.0001383100004059612
154400,-0.0005622560274787247,1.2004709439850104e-07,-3.6884559214115145,5.0872563e-07,0.0,-7.299450874328613,-0.00021912367459071548
154600,-0.0006449617212638259,1.8277815794220942e-07,-3.688369929790497,4.87268e-07,0.0,-8.472685813903809,-0.00021788336170494027
154800,-0.0006043110624887049,2.781484280234281e-07,-3.688427668809891,4.526973e-07,0.0,-4.529082775115967,-0.00020188137733760935
155000,-0.0003792456118389964,1.698459948684672e-07,-3.6884828209877014,2.7984382e-07,0.0,-4.506869792938232,-0.00014436000557203066
155200,-0.00048160707228817046,1.2839399072817058e-07,-3.6885100483894346,3.9994717e-07,0.0,-3.2032341957092285,-0.00018093183610790042
155400,-0.000789291865658015,2.8016222017868133e-07,-3.688423240184784,4.556775e-07,0.0,-3.2356810569763184,-0.00021504703222232635
155600,-0.00031662589753977954,2.1773252321111158e-07,-3.688463419675827,2.6702884e-07,0.0,-1.6208140850067139,-0.0001433751583365339
155800,-0.00028460417524911463,1.866289352392414e-07,-3.688507068157196,3.6507845e-07,0.0,-4.6926469802856445,-0.00018756294341211178
156000,-0.00040083727799355984,2.293729490787655e-07,-3.6884494721889496,3.0070544e-07,0.0,-3.4056949615478516,-0.00015368043038082034
156200,-0.0002836826315615326,1.3142441517288718e-07,-3.688462328910828,3.2573936e-07,0.0,-2.123978614807129,-0.00017299719439143325
156400,-0.0004189638129901141,2.6580300058753894e-07,-3.688392925262451,4.10676e-07,0.0,-6.101781845092773,-0.00018153771897414517
156600,-0.00020356012100819498,1.8546982953893122e-07,-3.6884363532066344,3.400445e-07,0.0,-2.8086459636688232,-0.00016806645753058013
156800,-0.0004697306430898607,2.1763886728365379e-07,-3.688440626859665,3.3080576e-07,0.0,-4.070553302764893,-0.00014277336066754743
157000,-0.0004691331123467535,1.328085707186233e-07,-3.688484936952591,4.4286253e-07,0.0,-5.47916316986084,-0.00022673101668986285
157200,-0.000440198986325413,1.3587057114961e-07,-3.688557136058807,3.9845705e-07,0.0,-8.30953311920166,-0.00019641530262333174
157400,-0.00043704756535589695,2.099831775126404e-07,-3.688396471738815,4.976988e-07,0.0,-7.600403785705566,-0.000194061852018379
157600,-0.0005204442422837019,1.9010999920965333e-07,-3.688474345207214,4.041195e-07,0.0,-2.282515525817871,-0.0002029878057248524
157800,-0.0007491281721740961,1.9366561829770034e-07,-3.6884856045246126,4.962087e-07,0.0,-8.975029945373535,-0.0002429058423429109
158000,-0.0003588576219044626,1.758899554005211e-07,-3.6884870707988737,3.7580728e-07,0.0,-0.8493481874465942,-0.00019249310359397142
158200,-0.00024778826627880335,1.0752112009626557e-07,-3.688514310121536,2.744794e-07,0.0,-1.6505062580108643,-0.0001542271522088079
158400,-0.0005793675663881004,1.7515127765932447e-07,-3.6884299874305726,4.2140482e-07,0.0,-8.403400421142578,-0.0001753122668146645
158600,-0.0004774570988956839,1.1660473866470512e-07,-3.6884265780448913,4.4047835e-07,0.0,-2.9176623821258545,-0.00019993357981222814
158800,-0.0004913731245324016,2.3437885445787288e-07,-3.6883967220783234,4.8100947e-07,0.0,-2.954601526260376,-0.00021761800684191312
159000,-0.0005970293423160911,1.961654035653737e-07,-3.688423663377762,6.625056e-07,0.0,-1.7456741333007812,-0.0002598787530857849
159200,-0.0006674198084510863,2.022109029553576e-07,-3.6884647369384767,6.148219e-07,0.0,-8.731080055236816,-0.00025599008913308464
159400,-0.0006944744382053614,1.489091943085441e-07,-3.6884737730026247,3.9786102e-07,0.0,-3.9099607467651367,-0.0002200748174089995
159600,-0.0003064648190047592,1.502808359532537e-07,-3.688491368293762,3.5315753e-07,0.0,-6.59773588180542,-0.00017185689436314267
159800,-0.0004815567808691412,2.4134862286473435e-07,-3.688462960720062,5.236268e-07,0.0,-1.5243356227874756,-0.0002444439393284537
160000,-0.00041293640970252454,2.5916401860115455e-07,-3.688443672657013,3.7878755e-07,0.0,-4.361639022827148,-0.0001764085741630339
160200,-0.00046115877921693027,1.6296970848372893e-07,-3.68850924372673,5.3435565e-07,0.0,-6.307648658752441,-0.00023417152453055756
160400,-0.0007605121354572475,1.8925174547490541e-07,-3.6884184777736664,6.699562e-07,0.0,-5.473514080047607,-0.00026184964089315255
160600,-0.0005714888102374971,2.5882142900002237e-07,-3.688457375764847,7.227063e-07,0.0,-4.429981231689453,-0.0002618658774022231
160800,-0.000543240166734904,1.8339189189475746e-07,-3.688447964191437,6.499887e-07,0.0,-7.1326093673706055,-0.0002580395497500332
161000,-0.0004181956173852086,3.6184144676099094e-07,-3.6883275270462037,6.0379506e-07,0.0,-4.366020679473877,-0.00020409558537743956
161200,-0.0003926980134565383,1.5196514606685697e-07,-3.6884765923023224,3.519654e-07,0.0,-4.0328874588012695,-0.00016861753085755103
161400,-0.0004234521184116602,1.69111661385557e-07,-3.68848837018013,2.8699637e-07,0.0,-3.811753749847412,-0.00016062432490369095
161600,-0.0003766297595575452,1.7472518472061437e-07,-3.6883508205413817,4.2378903e-07,0.0,-6.842069149017334,-0.00018462543257946606
161800,-0.0006624457892030478,2.1200286983713568e-07,-3.688380998373032,5.447864e-07,0.0,-6.1559977531433105,-0.00024447046253861515
162000,-0.000535672705154866,2.436392005478183e-07,-3.688392788171768,5.221367e-07,0.0,-5.659430980682373,-0.00018855921840668088
162200,-0.00037619462818838656,2.2530802681330898e-07,-3.68846390247345,4.4256444e-07,0.0,-5.847718715667725,-0.00019614268811083413
162400,-0.0007518486236222088,2.0653479424481702e-07,-3.6884043216705322,6.8664554e-07,0.0,-5.617727279663086,-0.00028311926146221687
162600,-0.0007562119862996042,2.0357612058319318e-07,-3.688479095697403,5.045533e-07,0.0,-4.799736499786377,-0.00021163965811399343
162800,-0.0005661887698806822,2.847328541832894e-07,-3.688383936882019,5.6803225e-07,0.0,-4.487069606781006,-0.00020849664430806493
163000,-0.0002675018913578242,1.464527311867414e-07,-3.6885336875915526,2.3126601e-07,0.0,-3.1007351875305176,-0.0001406655096293452
163200,-0.00020035300985909998,2.8925021382519845e-07,-3.6883963346481323,4.816056e-07,0.0,-3.618441581726074,-0.00022798699058603766
163400,-0.0003630818973761052,2.2771311023461748e-07,-3.688430380821228,4.002452e-07,0.0,-6.485596179962158,-0.0002149125492580728
163600,-0.000524673901963979,1.6832079126061216e-07,-3.6883992731571196,5.236268e-07,0.0,-1.1792786121368408,-0.00020970739541752436
163800,-0.00036067457403987646,1.453854366673113e-07,-3.6884911119937898,3.8892028e-07,0.0,-2.861283779144287,-0.000166497282296163
164000,-0.0004812448751181364,1.7538663534821808e-07,-3.688485062122345,5.033612e-07,0.0,-3.3364105224609375,-0.0002001853529573161
164200,-0.0007625367143191397,1.9614409261237142e-07,-3.6884040415287016,5.64158e-07,0.0,-3.1960911750793457,-0.00021173545228203583
164400,-0.00026838062331080437,7.697886221649241e-05,-3.688595801591873,2.884865e-07,0.0,-2.815373420715332,-0.00017659629807291742
164600,-0.00022033836285118014,0.00011378193557902705,-3.6884399592876433,3.0100344e-07,0.0,-0.29605913162231445,-0.00013228970387288986
164800,-0.0006995032308623195,2.261883289520483e-05,-3.6883725225925446,4.6044588e-07,0.0,-0.26799511909484863,-0.0002075863469719774
165000,-0.00041370734106749296,2.3796527784725185e-05,-3.6883988976478577,7.4654815e-07,0.0,0.17739969491958618,-0.00027336861835580706
165200,-0.0002780659415293485,3.994739804511482e-05,-3.688566452264786,2.3573637e-07,0.0,0.07726699113845825,-0.00013814554336635254
165400,-0.00054528983309865,2.769851150787872e-05,-3.6884290158748625,5.0723554e-07,0.0,0.15589159727096558,-0.00019256564123453223
165600,-0.0004236988606862724,2.3711356811872973e-05,-3.6884248733520506,3.0547383e-07,0.0,-0.35709917545318604,-0.0001683308498216185
165800,-0.00039994454709813,2.647684777912218e-05,-3.6884653329849244,5.3197147e-07,0.0,0.1557031273841858,-0.00022030742523344583
166000,-0.0005952527862973511,2.765631750207831e-05,-3.6883789002895355,5.605817e-07,0.0,-0.04470658302307129,-0.00021503671912642686
166200,-0.00047923269448801875,4.580680160870543e-05,-3.688522630929947,4.890561e-07,0.0,-0.06759452819824219,-0.0002141108135269132
166400,-0.0004953921306878328,3.054134244848683e-05,-3.688488382101059,4.312396e-07,0.0,-0.3741292953491211,-0.00021272681669803895
166600,-0.0005397850763984025,1.526608486983605e-05,-3.688393384218216,5.635619e-07,0.0,0.15603137016296387,-0.00023565900300752672
166800,-0.00025028319214470685,2.0160597637186582e-05,-3.688460999727249,1.5884638e-07,0.0,-0.18258190155029297,-0.00011608617660909814
167000,-0.00025592290330678225,2.0963225870218595e-05,-3.6883813083171844,4.1365624e-07,0.0,-0.03598582744598389,-0.0002063259341002821
167200,-0.00028746385942213237,2.2579555343327228e-05,-3.6884339451789856,3.5166738e-07,0.0,-0.017279744148254395,-0.0001814053222268519
167400,-0.00018899317365139723,1.0040555230261816e-05,-3.6884472727775575,3.769994e-07,0.0,0.06638431549072266,-0.00018532267154292015
167600,-0.00039994381950236857,7.063824523356743e-05,-3.688420855998993,4.5269726e-07,0.0,0.031794190406799316,-0.00019709263598178818
167800,-0.00045092462096363306,2.7339665166437044e-05,-3.6884151875972746,2.8222797e-07,0.0,0.14887964725494385,-0.00016236919131029092
168000,-0.00036258119507692754,4.925767316308338e-05,-3.6883172512054445,5.9098005e-07,0.0,-0.04437053203582764,-0.00019976261011773745
168200,-0.0004959588404744864,1.774069476141449e-05,-3.68847171664238,4.5508148e-07,0.0,0.015035629272460938,-0.00020914122486022092
168400,-0.0005042568081989884,1.57932204615463e-05,-3.688392859697342,5.361438e-07,0.0,-0.16843032836914062,-0.00021866877328460265
168600,-0.0004252727667335421,3.5193414942114035e-05,-3.688459777832031,5.248189e-07,0.0,-0.0715782642364502,-0.0002437923767130812
168800,-0.0005513870855793357,7.657293332385962e-06,-3.688436359167099,3.2663348e-07,0.0,0.12598979473114014,-0.00020573736747380166
169000,-0.00019276008242741227,1.405234897902119e-05,-3.688454747200012,3.0845405e-07,0.0,0.0599820613861084,-0.00015864667356595418
169200,-0.000457982619991526,2.212335091371642e-05,-3.688438218832016,3.85046e-07,0.0,0.0993269681930542,-0.00018342865340882365
169400,-0.0004792149120476097,2.412344967979152e-05,-3.688410925865173,3.4689904e-07,0.0,-0.125213623046875,-0.00018053368456503183
169600,-0.0003176163590978831,3.284637969045434e-05,-3.688395267724991,3.5732984e-07,0.0,0.035541534423828125,-0.0001656772495455261
169800,-0.0005391057929955423,5.897892833672813e-05,-3.688360553979874,3.9994717e-07,0.0,0.018277645111083984,-0.00019858121083116131
170000,-0.0003654540632851422,5.8395804444444366e-05,-3.6883853673934937,5.543232e-07,0.0,-0.03657245635986328,-0.00020423232360211596
170200,-0.00032037743949331343,5.2124976718914695e-05,-3.688353568315506,5.5640936e-07,0.0,0.0164487361907959,-0.0002113287280506082
170400,-0.0004943392123095691,2.4808406305965035e-05,-3.6884067952632904,3.2305718e-07,0.0,-0.16063761711120605,-0.00016914561421947915
170600,-0.0003150274569634348,2.7793379285867558e-05,-3.6884425461292265,2.5629998e-07,0.0,-0.026701688766479492,-0.0001568281861607401
170800,-0.0003464771725703031,1.7877717527881033e-05,-3.6884557247161864,4.1604042e-07,0.0,-0.1575068235397339,-0.0002030086808479048
171000,-0.00034627283457666636,1.6774973914834845e-05,-3.6885120928287507,3.4689904e-07,0.0,0.031707763671875,-0.0002099945474406173
171200,-0.0002673481067176908,3.518323244406929e-05,-3.6884326100349427,2.7745963e-07,0.0,-0.03807699680328369,-0.00016641527427596058
171400,-0.00072189123602584,2.9879087651352166e-05,-3.6884269416332245,5.8263544e-07,0.0,0.05998706817626953,-0.00025703034641810785
171600,-0.0005662853363901377,1.2962483378942124e-05,-3.6883438766002654,4.6253206e-07,0.0,-0.25302064418792725,-0.00016012111495919968
171800,-0.00036585854832082987,1.263143201413186e-05,-3.6884537756443025,2.729893e-07,0.0,-0.06300365924835205,-0.0001555734499747774
172000,-0.0003600214549805969,2.8486614019129776e-05,-3.6883814692497254,3.814697e-07,0.0,0.10511869192123413,-0.00017292658841618901
172200,-0.0002564653113950044,1.7034101870194717e-05,-3.6884011387825013,3.391504e-07,0.0,0.03389942646026611,-0.00017458207963880757
172400,-0.000481709954328835,1.4100660314397828e-05,-3.68844758272171,4.324317e-07,0.0,0.02525496482849121,-0.00019120241411298977
172600,-0.0005368857528083026,3.0235841040848755e-05,-3.6884774923324586,5.5283306e-07,0.0,-0.10611832141876221,-0.0002465086875190536
172800,-0.0004620084073394537,2.2755222062187386e-05,-3.6885084748268127,3.823638e-07,0.0,0.023633182048797607,-0.00018394253465952025
173000,-0.000508753873873502,2.828712081281992e-05,-3.688372051715851,4.041195e-07,0.0,0.08632713556289673,-0.00019610783460684013
173200,-0.000506997515913099,1.7806625351113325e-05,-3.688427573442459,4.6849252e-07,0.0,-0.4103139638900757,-0.00022158669099496818
173400,-0.0003658966161310673,2.126601702912012e-05,-3.688405233621597,2.551079e-07,0.0,-0.10090386867523193,-0.00014319710336684331
173600,-0.0002716320159379393,2.194175517615804e-05,-3.688406193256378,4.881621e-07,0.0,0.027904212474822998,-0.00020285194873941314
173800,-0.0005134199745953083,1.9052829566135186e-05,-3.6883628904819488,5.1230194e-07,0.0,-0.007759571075439453,-0.00022841103255134555
174000,-0.00022439636813942343,1.5033255317575822e-05,-3.6883481323719023,4.4226647e-07,0.0,0.11769628524780273,-0.00018195408556231918
174200,-0.00033253655419684947,4.429914924912737e-05,-3.6884259819984435,4.6879052e-07,0.0,0.03466600179672241,-0.0002369210606456562
174400,-0.00046767533058300614,1.2946586184625631e-05,-3.688488185405731,5.698204e-07,0.0,-0.10329902172088623,-0.00024035666956834234
174600,-0.0007384355994872749,2.703786117308482e-05,-3.688386845588684,7.4505806e-07,0.0,0.04165536165237427,-0.00024875880689707587
174800,-0.0002362280065426603,3.201304707545205e-05,-3.6883717238903047,5.0425535e-07,0.0,0.11886096000671387,-0.00018135516317903112
175000,-0.00036828636075370014,3.1660177774028854e-05,-3.688373386859894,4.0769578e-07,0.0,-0.10290873050689697,-0.00018791937725950447
175200,-0.00026100079412572086,3.103380827269575e-05,-3.6885136485099794,2.0712615e-07,0.0,-0.07670438289642334,-0.00012187664253213715
175400,-0.0003952568513341248,1.4683158497064142e-05,-3.688343274593353,5.233288e-07,0.0,0.09521996974945068,-0.00021882376120743174
175600,-0.00046156937605701387,2.3734136630082502e-05,-3.688306337594986,5.364418e-07,0.0,0.045560240745544434,-0.00020548670035749338
175800,-0.0007316197152249515,2.493073404821189e-05,-3.688487094640732,5.364418e-07,0.0,-0.2253972291946411,-0.00023227383253630052
176000,-0.00039382019895128906,2.4882062052711263e-05,-3.688341182470322,4.6014787e-07,0.0,0.021968543529510498,-0.00019716206188018502
176200,-0.00026443818933330476,1.2352683734206949e-05,-3.6883802115917206,3.620982e-07,0.0,0.1356503963470459,-0.00014583559323240182
176400,-0.000702145101968199,3.0751533495276816e-05,-3.6883772790431975,4.2140488e-07,0.0,-0.027724266052246094,-0.00020065790413497097
176600,-0.0002825242409016937,2.1584095634352707e-05,-3.6883294761180876,3.2037497e-07,0.0,0.11621880531311035,-0.00016754803204150904
176800,-0.00044260540744289756,2.2177139680934487e-05,-3.688330405950546,4.5478342e-07,0.0,-0.11355912685394287,-0.0001912003899360082
177000,-0.00032247568015009165,7.727108970811969e-06,-3.6884791016578675,2.5898217e-07,0.0,0.12066340446472168,-0.0001519413733781061
177200,-0.00033571801031939685,1.9574003999878187e-05,-3.688361120223999,2.6345253e-07,0.0,-0.046909332275390625,-0.00012810017080795434
177400,-0.000785068201366812,1.9413050404182285e-05,-3.688405054807663,5.7429077e-07,0.0,-0.03805410861968994,-0.0002804861653153523
177600,-0.00036335832555778325,2.4303257578139893e-05,-3.688435637950897,3.5524369e-07,0.0,0.16299080848693848,-0.00017159271109288277
177800,-0.00039579966687597334,1.546211465210945e-05,-3.6884227991104126,3.8087367e-07,0.0,-0.14819872379302979,-0.0001653423530793896
178000,-0.0003633945598267019,2.2716449848303455e-05,-3.688391184806824,4.0590763e-07,0.0,0.008264482021331787,-0.0001758506923347447
178200,-0.00044095172779634595,1.1565610395791737e-05,-3.6883792340755464,4.389882e-07,0.0,0.16037911176681519,-0.00022643598879366068
178400,-0.0006516527500934899,2.082667217564449e-05,-3.688386249542236,6.79791e-07,0.0,0.01039808988571167,-0.00024593841180036157
178600,-0.0003432786907069385,3.1577251138514836e-05,-3.688446122407913,2.7567148e-07,0.0,0.03602570295333862,-0.00015810459807827915
178800,-0.00024284036771859974,3.287173231001361e-05,-3.68839892745018,2.7894973e-07,0.0,-0.016193151473999023,-0.00014609380128525196
179000,-0.0005114218220114708,2.770566602521285e-05,-3.688276952505112,6.7561865e-07,0.0,0.05927145481109619,-0.0002191473380817155
179200,-0.0006461901357397437,2.8014792997055336e-05,-3.6883385241031648,5.7429077e-07,0.0,-0.04771065711975098,-0.00023620505622896638
179400,-0.0006985244690440595,1.4181583776462502e-05,-3.688427323102951,4.3511392e-07,0.0,0.03175276517868042,-0.00021423577464587673
179600,-0.0005707605741918087,2.6411719113639263e-05,-3.688364291191101,5.573034e-07,0.0,-0.08261501789093018,-0.00021888575039974434
179800,-0.0002840211382135749,2.8645527481785394e-05,-3.688322639465332,3.7908555e-07,0.0,-0.08255887031555176,-0.00015017619709292162
180000,-0.0004069390124641359,7.039604824967682e-05,-3.6883344531059263,5.6385994e-07,0.0,-0.07822012901306152,-0.00022209864846615135
180200,-0.00044436947791837156,3.444924113864545e-05,-3.6883535981178284,3.966689e-07,0.0,-0.02968418598175049,-0.00018198917772473954
180400,-0.0003752688644453883,4.074302737535618e-05,-3.688401621580124,2.810359e-07,0.0,-0.06646907329559326,-0.00013405329754959672
180600,-0.00034728003083728254,3.0468137083516922e-05,-3.6884167969226835,3.2603742e-07,0.0,-0.017276644706726074,-0.00017367918042578978
180800,-0.0005710483528673649,2.5021240162459435e-05,-3.6883019149303435,5.328655e-07,0.0,-0.03102278709411621,-0.00022918068050330475
181000,-0.0008637902210466564,1.246114495643269e-05,-3.688312751054764,7.259846e-07,0.0,-0.0014206171035766602,-0.000247959642829465
181200,-0.0004007375391665846,2.924250038631726e-05,-3.688445347547531,5.400181e-07,0.0,0.0173187255859375,-0.00024094024245981948
181400,-0.00038327393122017384,2.6835429889615624e-05,-3.6884286522865297,3.296137e-07,0.0,-0.16652178764343262,-0.0001636140048291268
181600,-0.0003838023403659463,1.6173840276678674e-05,-3.6883930921554566,6.008148e-07,0.0,0.039794921875,-0.0002104880946590004
181800,-0.0004097074852325022,1.9000758152287743e-05,-3.688373017311096,6.860495e-07,0.0,-0.028443336486816406,-0.0002077024131072136
182000,-0.0008319486514665186,1.5063440037010878e-05,-3.688341963291168,4.7177076e-07,0.0,0.0801054835319519,-0.00021770926466342378
182200,-0.0008615686092525721,3.3440613970014964e-05,-3.688297361135483,8.1002713e-07,0.0,-0.11529910564422607,-0.00029689367315333115
182400,-0.00047407689271494746,1.4894245373398007e-05,-3.688418596982956,5.3942205e-07,0.0,0.12214553356170654,-0.00022905875689867018
182600,-0.00038095106719993055,1.2801451975974488e-05,-3.6883712828159334,3.3348798e-07,0.0,0.08321154117584229,-0.00017881236056909166
182800,-0.0006645651301369071,4.010091361124068e-05,-3.688303291797638,6.6012143e-07,0.0,0.046656012535095215,-0.00025685681303724286
183000,-0.00031496299197897315,2.1297107878126553e-05,-3.6882443606853483,5.295873e-07,0.0,0.08285623788833618,-0.00020395313084236032
183200,-0.00015358629752881825,1.830749213240779e-05,-3.6883988797664644,3.8057564e-07,0.0,-0.2605530023574829,-0.00019696081276401322
183400,-0.0005630319938063622,2.2675985314890566e-05,-3.688345229625702,3.6388636e-07,0.0,0.03591275215148926,-0.00016017714542886362
183600,-0.0005741053028032184,3.0264289534898126e-05,-3.6883608996868134,4.830956e-07,0.0,0.07822972536087036,-0.00021443098780364877
183800,-0.0005146232433617115,1.9035227046515503e-05,-3.68828027844429,5.0991775e-07,0.0,-0.11855721473693848,-0.00022062651167960025
184000,-0.0002838590298779309,3.063841340917861e-05,-3.6883088767528536,3.108382e-07,0.0,0.13695895671844482,-0.0001556669925345311
184200,-0.000682193145621568,1.4661162435913865e-05,-3.6883950889110566,4.6670436e-07,0.0,-0.13377642631530762,-0.00024189101059710617
184400,-0.000373613293049857,2.6681541930884124e-05,-3.6882798194885256,2.5779008e-07,0.0,-0.01617252826690674,-0.00012670705448917242
184600,-0.0004964638501405716,7.74261411606858e-05,-3.688311570882797,3.966689e-07,0.0,0.04930984973907471,-0.00020206270512244107
184800,-0.000789342331700027,3.44130660778319e-05,-3.688208830356598,7.5519085e-07,0.0,-0.20961523056030273,-0.000244837869935477
185000,-0.0006061581079848111,4.009966278317734e-05,-3.6882906317710877,6.2048434e-07,0.0,0.12710028886795044,-0.0002446916422634171
185200,-0.000582311418838799,2.7666322739605676e-05,-3.688274919986725,4.556775e-07,0.0,-0.06369781494140625,-0.00017691966808399683
185400,-0.0005491084302775562,1.27244949908345e-05,-3.6883448660373688,5.7429077e-07,0.0,-0.2058424949645996,-0.0002374869271072555
185600,-0.0005094861844554543,2.7113617852592144e-05,-3.688328832387924,5.2601104e-07,0.0,-0.12350118160247803,-0.00022679126293747575
185800,-0.0004572145699057728,1.8165449182561134e-05,-3.6882955372333526,3.3557416e-07,0.0,-0.06397902965545654,-0.0001702118294631294
186000,-0.000577022903598845,1.8243499494019488e-05,-3.6883619248867037,5.3763387e-07,0.0,-0.0012067556381225586,-0.00024902764930159196
186200,-0.0005354632739908993,4.2983890762116064e-05,-3.688273322582245,4.5061114e-07,0.0,-0.03621649742126465,-0.00019227813351359037
186400,-0.0005448158481158316,2.4011399568735213e-05,-3.688274997472763,6.2257055e-07,0.0,-0.08999574184417725,-0.00024482241188179544
186600,-0.00047116755740717053,3.277233963672188e-05,-3.6884421348571776,3.2782555e-07,0.0,-0.11492300033569336,-0.00017422835507852064
186800,-0.0005141671863384545,2.4867309957699035e-05,-3.688385546207428,3.6776066e-07,0.0,0.02047419548034668,-0.00019332943060090813
187000,-0.0002544322342146188,3.690239718707744e-05,-3.6883640825748443,7.149577e-07,0.0,0.0023291707038879395,-0.0002370892671890501
187200,-0.0007438762695528567,1.563837438425253e-05,-3.688204687833786,8.2135205e-07,0.0,0.021379590034484863,-0.0002526020705698073
187400,-0.0005462378030642867,2.943175363725459e-05,-3.6882140219211577,6.0111284e-07,0.0,-0.011915087699890137,-0.00018732640239846888
187600,-0.00041842987411655486,2.0786564641639414e-05,-3.6883263170719145,4.443526e-07,0.0,0.081448495388031,-0.00020644915171306178
187800,-0.00045142025919631124,3.084571990257246e-05,-3.68832842707634,5.146861e-07,0.0,-0.02385401725769043,-0.0002107587022628643
188000,-0.00048248140956275165,3.424108076615085e-05,-3.6883630752563477,4.3392183e-07,0.0,-0.12668251991271973,-0.0002027044593043925
188200,-0.0004672342329286039,1.2720737731797272e-05,-3.6882820785045625,5.0842766e-07,0.0,0.010115087032318115,-0.00020999395634131447
188400,-0.00031607458367943764,2.3749371734993474e-05,-3.6883492529392243,4.87566e-07,0.0,-0.014352560043334961,-0.00021151723130379273
188600,-0.00038525171112269163,3.844600000775244e-05,-3.6883111000061035,2.9832125e-07,0.0,0.08133262395858765,-0.00016286306854476073
188800,-0.0003292420587968081,3.421781034376181e-05,-3.688441014289856,2.834201e-07,0.0,0.012742757797241211,-0.00016799222782265533
189000,-0.00023501974646933377,3.574538868633681e-05,-3.6882560551166534,3.8325788e-07,0.0,-0.10676980018615723,-0.0001706354709053892
189200,-0.0004619394603651017,1.5551487535958586e-05,-3.6882387161254884,4.860759e-07,0.0,0.044940173625946045,-0.0001514760193882747
189400,-0.0004774059634655714,3.311388227302814e-05,-3.688352519273758,3.403425e-07,0.0,-0.004122138023376465,-0.00016824200821070613
189600,-0.0005700416513718665,2.3744369036649006e-05,-3.688297784328461,3.233552e-07,0.0,0.13287299871444702,-0.00016266786243370745
189800,-0.0004707132757175714,3.561774115041771e-05,-3.688371354341507,4.3928623e-07,0.0,-0.029020309448242188,-0.00021438999501117718
190000,-0.0005437882500700653,5.308469853844144e-05,-3.6882389545440675,6.3061714e-07,0.0,-0.17379188537597656,-0.00022943190639199696
190200,-0.0003590863780118525,2.497178093108232e-05,-3.688289910554886,4.1097402e-07,0.0,-0.06262052059173584,-0.0001861799213880966
190400,-0.0003415239916648716,1.9073070188824203e-05,-3.6883240878582,3.7699937e-07,0.0,-0.09675347805023193,-0.00018830731452419426
190600,-0.0004694288654718548,4.5483564645110167e-05,-3.6884146213531492,2.9474495e-07,0.0,0.037756264209747314,-0.0001770668143856513
190800,-0.0006543032359331846,2.8827796450059394e-05,-3.6883231163024903,3.5136938e-07,0.0,0.0783153772354126,-0.00018754060449748254
191000,-0.0006680279038846493,1.55222536477595e-05,-3.6882873833179475,4.372001e-07,0.0,0.05688244104385376,-0.00021832001191719464
191200,-0.0002448043960612267,1.785497886430676e-05,-3.688269352912903,6.169081e-07,0.0,-0.17308032512664795,-0.00024659565141815776
191400,-0.0005702164489775896,2.7702748911906384e-05,-3.688293367624283,4.5806172e-07,0.0,-0.03226757049560547,-0.00019552239444862174
191600,-0.0003216193290427327,1.6601425681983528e-05,-3.688293480873108,3.5643578e-07,0.0,0.09093600511550903,-0.0001700474250425188
191800,-0.001077157910913229,2.568364143371582e-05,-3.6881743907928466,1.1351705e-06,0.0,-0.12398910522460938,-0.00036411343068880607
192000,-0.0006023990572430193,2.307160341388226e-05,-3.688315188884735,3.5703184e-07,0.0,-0.12549424171447754,-0.00017754101682019297
192200,-0.0007273342343978584,1.9761867565648573e-05,-3.6882989406585693,6.631017e-07,0.0,-0.002363443374633789,-0.0002734211843319345
192400,-0.0005098179681226611,1.9720294812941574e-05,-3.688222187757492,5.5193897e-07,0.0,-0.0746380090713501,-0.0002113983631120364
192600,-0.00021778044174425304,1.6553190334889223e-05,-3.6881749451160433,4.2408703e-07,0.0,-0.02544403076171875,-0.00015548339503128615
192800,-0.00030318042263388634,4.6483132609864694e-05,-3.6882482945919035,4.1395427e-07,0.0,0.0098915696144104,-0.0001792080030004417
193000,-0.000521469337400049,3.526961977513565e-05,-3.688236677646637,5.823374e-07,0.0,0.10040789842605591,-0.00022206117120935343
193200,-0.00036243084468878806,5.543375959859986e-05,-3.6882157385349275,5.853176e-07,0.0,-0.0941312313079834,-0.0002031672590351974
193400,-0.000388604705221951,2.4630954294480033e-05,-3.68830845952034,3.5822393e-07,0.0,0.00611954927444458,-0.00017957916917237248
193600,-0.0002877242222893983,2.7547358104129672e-05,-3.6883228003978727,3.0845405e-07,0.0,0.05049651861190796,-0.00018494084542535204
193800,-0.0005556188407354057,1.294810726903961e-05,-3.688271141052246,4.595518e-07,0.0,0.054678499698638916,-0.00021591439726251772
194000,-0.0006831786595284939,3.6515917963697574e-05,-3.6882935404777526,4.8607586e-07,0.0,0.06708681583404541,-0.00021729046175982257
194200,-0.0006033391691744328,1.304170255025383e-05,-3.688253253698349,5.0008293e-07,0.0,-0.08810698986053467,-0.00023500947605556988
194400,-0.00018261629156768322,1.871324764124438e-05,-3.688274449110031,2.4676322e-07,0.0,0.1134498119354248,-0.00011562756457075273
194600,-0.00033232365967705846,1.6101642063404143e-05,-3.6883296072483063,3.6031008e-07,0.0,0.14003276824951172,-0.00017803955105826218
194800,-0.00040068497764877975,1.9726401296793485e-05,-3.6882139563560488,5.4210426e-07,0.0,0.06139558553695679,-0.0002257390915531232
195000,-0.0003648805432021618,2.7595581696004955e-05,-3.68825227022171,4.6253203e-07,0.0,0.12216275930404663,-0.00020361600231535437
195200,-0.00039094488602131605,5.4847471074026546e-05,-3.6882482767105103,5.313754e-07,0.0,0.11224877834320068,-0.00023868188499284181
195400,-0.0005055099027231336,1.612374439901032e-05,-3.688302183151245,3.632903e-07,0.0,0.028445422649383545,-0.0001794317884164176
195600,-0.0005900889518670738,2.01456972718006e-05,-3.6882446229457857,8.282065e-07,0.0,-0.2924661636352539,-0.0002768649890208863
195800,-0.00030088331550359726,2.3635903562535532e-05,-3.6882425010204316,3.1322242e-07,0.0,-0.07851874828338623,-0.00014606340189269318
196000,-0.0004905981477349997,1.9847301950903783e-05,-3.6882794857025147,3.489852e-07,0.0,0.10838627815246582,-0.0001583836680380868
196200,-0.00038575378130190074,3.487928929644113e-05,-3.6882530629634855,2.9504298e-07,0.0,0.0541573166847229,-0.0001537643683791945
196400,-0.0007783041801303625,1.5700421658948472e-05,-3.688089209794998,9.483099e-07,0.0,-0.16262662410736084,-0.0002696490565766707
196600,-0.00029191479552537203,2.1091255280225597e-05,-3.6883705973625185,3.5077335e-07,0.0,-0.2436535358428955,-0.0001561436656666082
196800,-0.0003053304099012166,3.139045938951313e-05,-3.6882794976234434,2.530217e-07,0.0,0.09587997198104858,-0.00014353620990459337
197000,-0.0002382474922342226,4.876879952462332e-05,-3.6881873190402983,3.671646e-07,0.0,0.013860523700714111,-0.00016262064807472942
197200,-0.00044811388943344355,1.5715678682681754e-05,-3.6881544053554536,4.789233e-07,0.0,-0.11776542663574219,-0.00017336460996419945
197400,-0.0007009333930909634,1.4225430550141028e-05,-3.68819300532341,8.332729e-07,0.0,0.06876462697982788,-0.0002770770313609283
197600,-0.00025218495284207165,2.154862174847949e-05,-3.6882407665252686,3.8683416e-07,0.0,-0.1245260238647461,-0.00016442020806453072
197800,-0.0004761839809361845,3.302220029581804e-05,-3.6882443487644196,6.067753e-07,0.0,0.05414682626724243,-0.000261205704524059
198000,-0.0006261635571718216,2.270523907554889e-05,-3.68811811208725,5.2928925e-07,0.0,0.09076666831970215,-0.00020637078615610706
198200,-0.00043570387060754,1.6241924981841294e-05,-3.6882735192775726,4.541874e-07,0.0,-0.10468590259552002,-0.00020232744475525699
198400,-0.00047004088992252946,3.828337230515899e-05,-3.6880662739276886,6.106496e-07,0.0,-0.0054819583892822266,-0.0002209279838696787
198600,-0.0007459324551746249,2.1202357402216876e-05,-3.6880599915981294,5.8472153e-07,0.0,0.11444014310836792,-0.00020306274237738008
198800,-0.00026610755594447255,3.0032138374735952e-05,-3.688224893808365,2.1785496e-07,0.0,-0.02961897850036621,-0.00013515281614697727
199000,-0.0004264655290171504,2.951563565147808e-05,-3.6883517265319825,3.7580728e-07,0.0,-0.06118977069854736,-0.0001894651063303443
199200,-0.0004838384047616273,1.57021745280872e-05,-3.6882468104362487,3.3676625e-07,0.0,0.0795905590057373,-0.0001785487536317465
199400,-0.0003044404147658497,2.9797514298479654e-05,-3.6881793081760406,4.6879052e-07,0.0,-0.10914480686187744,-0.00017016556934881243
199600,-0.0004276116087567061,2.7655323447106638e-05,-3.6882000088691713,4.917383e-07,0.0,0.02294766902923584,-0.00022504462481729438
199800,-0.0005755756283178926,2.057013239209482e-05,-3.68826544880867,4.6014787e-07,0.0,-0.05889475345611572,-0.00019153005759613427
200000,-0.0005219815648160875,2.9336918851186054e-05,-3.688153791427612,5.1558015e-07,0.0,-0.10472595691680908,-0.00022131508547009737
