timestep,loss,value_loss,entropy_loss,approx_kl,clip_fraction,explained_variance,policy_gradient_loss
200,,,,,,,
400,0.0008693989366292953,0.0021342773135984315,-3.68887580037117,2.5600195e-07,0.0,-0.1878732442855835,-0.00017370919857579993
600,0.00018470649956725538,0.0017262599285459146,-3.6888750374317167,1.7017126e-07,0.0,-0.22461342811584473,-9.767504011732875e-05
800,0.0003583745565265417,0.001203223312040791,-3.6888743340969086,1.6659499e-07,0.0,-7.787635803222656,-9.260924853042863e-05
1000,9.458098793402314e-05,0.0009848669520579278,-3.688874530792236,1.743436e-07,0.0,-17.580326080322266,-0.00010653248026537554
1200,0.0002650230599101633,0.0009652300490415655,-3.688874238729477,3.2752752e-07,0.0,-7.899932861328125,-0.00014343387337556468
1400,0.00019188628357369453,0.0010712569201132283,-3.6888734817504885,1.7136335e-07,0.0,-2.2676448822021484,-0.0001016055351071854
1600,0.00022903560602571815,0.0009559239391819574,-3.6888734340667724,1.16527076e-07,0.0,-2.7508974075317383,-7.356292972473532e-05
1800,0.0001875913585536182,0.0008474318310618401,-3.6888734340667724,1.257658e-07,0.0,-8.56110668182373,-8.899122563298112e-05
2000,0.00017130281776189804,0.001037892409658525,-3.6888727724552153,1.8805265e-07,0.0,-4.088236331939697,-0.000100637108807633
2200,0.0001856198941823095,0.000830803160351934,-3.688874089717865,1.3589859e-07,0.0,-14.025435447692871,-8.619330110990476e-05
2400,0.00032890186412259936,0.0007507263828301803,-3.688873606920242,1.5556813e-07,0.0,-10.285606384277344,-8.923085093579531e-05
2600,6.338203093037009e-06,0.0005757412785897031,-3.688872826099396,1.6421079e-07,0.0,-6.470124244689941,-7.582892519764073e-05
2800,-1.867332321126014e-05,0.0005596068098384421,-3.6888731777668,1.0401011e-07,0.0,-8.433028221130371,-7.500716986612588e-05
3000,0.00021636730525642633,0.0007391867286060006,-3.6888720035552978,2.4944543e-07,0.0,-10.499462127685547,-8.513072854503534e-05
3200,0.0001435281737940386,0.0006240357346541714,-3.6888737261295317,1.7166138e-07,0.0,-12.578697204589844,-8.842970453599719e-05
3400,0.00020141690038144588,0.0007810673603671602,-3.688872504234314,1.17719175e-07,0.0,-11.426031112670898,-7.53038222671254e-05
3600,0.0003191281866747886,0.0010115395751199685,-3.688873428106308,1.6063451e-07,0.0,-19.613821029663086,-0.00010237282551548433
3800,8.884399721864611e-05,0.000787517371645663,-3.688871520757675,1.8060209e-07,0.0,-11.017008781433105,-7.959136335660144e-05
4000,4.616592195816338e-05,0.0006197460788825992,-3.6888695299625396,1.4901161e-07,0.0,-9.308077812194824,-7.088753967523508e-05
4200,0.0001254449161933735,0.0007836868731828872,-3.6888717830181124,1.4692546e-07,0.0,-13.559025764465332,-8.139347935969266e-05
4400,-6.236828630790114e-05,0.0003538394183124183,-3.688869994878769,2.580881e-07,0.0,-6.485108852386475,-0.00010481076047619275
4600,0.00017177769041154534,0.0008327604082296602,-3.6888700306415556,1.4930963e-07,0.0,-3.639613628387451,-8.616655973412435e-05
4800,2.65768903773278e-05,0.0004893540659395512,-3.6888693809509276,1.6987323e-07,0.0,-6.395261764526367,-9.355653785400042e-05
5000,2.2067571990191936e-05,0.0007807984802639112,-3.688870096206665,3.2037497e-07,0.0,-4.546652317047119,-0.00012526052405041898
5200,0.0001799510937416926,0.0006279951609030832,-3.688869261741638,1.5646219e-07,0.0,-10.327195167541504,-6.81923999500622e-05
5400,0.00014726984954904765,0.0005426201460068114,-3.6888695538043974,2.2798775e-07,0.0,-8.628547668457031,-9.902457851881374e-05
5600,-7.43745913496241e-05,0.0004687511933298083,-3.688870108127594,1.4662743e-07,0.0,-6.6063079833984375,-9.360493642538437e-05
5800,1.6445323126390576e-05,0.0007401943425065838,-3.6888673663139344,3.0457974e-07,0.0,-2.851388454437256,-0.00013312607402309328
6000,6.741415563737974e-05,0.0004258266368196928,-3.6888649463653564,2.795458e-07,0.0,-1.9293527603149414,-0.00010870973836780706
6200,0.00011149304191349074,0.0006090583621698898,-3.6888676643371583,9.417534e-08,0.0,-22.611125946044922,-5.687256910948957e-05
6400,-1.391698606312275e-05,0.00047345200546260456,-3.6888658821582796,2.0563603e-07,0.0,-10.302597045898438,-9.098599533092777e-05
6600,0.00019251744379289448,0.0006062640466552693,-3.688866150379181,3.4064055e-07,0.0,-11.530702590942383,-0.00010075873078643215
6800,8.629375952295959e-05,0.00042349655268481,-3.6888674557209016,1.5288592e-07,0.0,-11.819052696228027,-7.462537343827513e-05
7000,0.00011815474135801196,0.00038062790772528385,-3.688867151737213,1.5705825e-07,0.0,-5.502178192138672,-7.912737139877945e-05
7200,-7.714361709076911e-05,0.0003866213595756562,-3.6888672709465027,1.6242265e-07,0.0,-7.615205764770508,-8.212342810502982e-05
7400,-0.0001410264812875539,0.0002747963877482107,-3.6888665556907654,2.914667e-07,0.0,-7.8532609939575195,-0.00011421456230482629
7600,8.116159733617678e-05,0.00024270763642562088,-3.688866341114044,2.1100044e-07,0.0,-7.336356163024902,-7.258598875179434e-05
7800,-3.851285146083683e-05,0.00024632548393128674,-3.68886598944664,2.488494e-07,0.0,-6.786032676696777,-9.404303876925924e-05
8000,-4.376932338345796e-05,0.00042033273639390244,-3.688866990804672,1.7911196e-07,0.0,-13.227190017700195,-7.99695255611077e-05
8200,0.0001154524798039347,0.0003255426432588138,-3.6888654470443725,1.3828277e-07,0.0,-12.310517311096191,-6.535745482194599e-05
8400,0.00011241703759878874,0.0005167065028217621,-3.6888658106327057,1.847744e-07,0.0,-9.844003677368164,-8.635900867286495e-05
8600,3.9367281715385616e-05,0.0004016059941932326,-3.6888627290725706,1.1324882e-07,0.0,-9.619630813598633,-6.259916727460179e-05
8800,-7.360086601693183e-05,0.00025657846927060743,-3.6888639271259307,1.5765428e-07,0.0,-7.058952331542969,-9.907500468151476e-05
9000,-0.00011553846707101911,0.0003355559783813078,-3.688864231109619,2.2321939e-07,0.0,-6.683836936950684,-0.00011881997858038673
9200,-6.375975499395281e-05,0.00032410052153863944,-3.688865178823471,1.9818543e-07,0.0,-8.934956550598145,-8.602023127286529e-05
9400,-1.930550206452608e-05,0.00032297453690262047,-3.6888651251792908,1.6510486e-07,0.0,-13.834251403808594,-9.033161413003476e-05
9600,-2.7759931981563568e-05,0.0003542479578754865,-3.688863617181778,2.0027161e-07,0.0,-5.2933807373046875,-0.00010654503088235457
9800,-0.00018738897051662207,0.00027461276804388037,-3.6888626873493195,3.4064055e-07,0.0,-4.24799919128418,-0.0001227452548816954
10000,-5.167779454495758e-05,0.00015089298231032444,-3.6888623178005218,1.2338161e-07,0.0,-3.4163923263549805,-6.071735856891802e-05
10200,-9.360988042317331e-05,0.0003133357604383491,-3.688864403963089,1.7732381e-07,0.0,-12.579977989196777,-8.537244812492072e-05
10400,-9.536098514217883e-05,0.000250484082789626,-3.688863956928253,1.9341707e-07,0.0,-2.5660147666931152,-0.00011249895395735177
10600,-6.467335333582014e-05,0.00034815626713680103,-3.688861775398254,1.6391277e-07,0.0,-14.270963668823242,-7.951605293450292e-05
10800,-3.946493234252557e-05,0.00023501609593949978,-3.6888621151447296,1.6093254e-07,0.0,-14.403178215026855,-7.787375197774172e-05
11000,-0.0002827048010658473,0.00012940631295350614,-3.688859277963638,2.142787e-07,0.0,-1.882446527481079,-9.353588963034731e-05
11200,-7.984468538779765e-05,0.00033336436899844557,-3.6888624310493467,3.042817e-07,0.0,-1.5947766304016113,-0.00012574241379050832
11400,-6.053395918570459e-05,0.00032335928081010933,-3.688863825798035,1.5616418e-07,0.0,-6.349987983703613,-8.858092079586655e-05
11600,-0.00026213389355689287,0.00021702254398405784,-3.6888613641262054,3.299117e-07,0.0,-3.065042018890381,-0.0001121368001647971
11800,-0.00012966901704203337,0.00034027230467472693,-3.688860446214676,3.5881996e-07,0.0,-1.6236402988433838,-0.00015880244400932054
12000,-0.00010028175165643916,0.00021690101038984722,-3.6888603568077087,2.259016e-07,0.0,-3.503803253173828,-8.805325620224736e-05
12200,-5.8463396271690726e-05,0.0002797467721393332,-3.6888595044612886,2.0235777e-07,0.0,-5.206981658935547,-9.080085150150463e-05
12400,-6.615029997192323e-05,0.00021222669492999558,-3.688857102394104,1.4662743e-07,0.0,-7.222789764404297,-8.081023375143826e-05
12600,-0.00022658571833744645,0.000227657066352549,-3.6888607800006867,2.0176172e-07,0.0,-5.534801483154297,-0.00010669914004375336
12800,-1.9055194570682943e-05,0.00020188584603602066,-3.6888558685779573,2.5451183e-07,0.0,-5.626328468322754,-0.00010815364872678313
13000,-8.917228842619807e-05,0.00016014397888284294,-3.6888564348220827,1.8388032e-07,0.0,-5.027178764343262,-8.414667819931499e-05
13200,-0.00025492324493825436,0.00016621483919152525,-3.688855081796646,3.3736228e-07,0.0,-2.319765329360962,-0.000120222367261702
13400,-0.0002500572591088712,0.00024346922364202329,-3.6888545870780947,3.2842158e-07,0.0,-1.879288911819458,-0.00012887647305341864
13600,-4.934921889798716e-05,0.00019743513093999353,-3.6888535022735596,1.2606382e-07,0.0,-4.444818496704102,-6.383077822227356e-05
13800,-0.00010122673120349646,0.0002107012227497762,-3.6888538181781767,1.8507242e-07,0.0,-5.319852828979492,-9.252082523787397e-05
14000,-0.00021441624267026782,0.0001931747397975414,-3.6888538002967834,1.9997358e-07,0.0,-2.858973979949951,-0.00010076391698068398
14200,-0.00013012648560106754,0.000109021355274308,-3.6888517260551454,1.296401e-07,0.0,-3.7832374572753906,-7.425266522800288e-05
14400,-0.00027066044276580215,0.00018677403440960915,-3.688852959871292,2.5898217e-07,0.0,-2.9162774085998535,-0.00012895467962403817
14600,-0.00014317782188300043,0.0002838252577930689,-3.6888528525829316,1.8030406e-07,0.0,-4.768451690673828,-8.62773857834287e-05
14800,-0.00014731497503817081,0.0001770886137819616,-3.688850003480911,1.4573335e-07,0.0,-4.887397766113281,-8.274034437204536e-05
15000,-0.00020851116278208792,0.00015473731145903001,-3.688848465681076,2.6524066e-07,0.0,-4.5288825035095215,-0.00011596621544438524
15200,-8.147618791554123e-05,0.00016349435736628948,-3.6888493061065675,1.6212462e-07,0.0,-3.534111499786377,-8.075617258969103e-05
15400,-0.00016726498142816126,0.00017687596209725598,-3.688854968547821,1.7434358e-07,0.0,-5.066511154174805,-8.575278485523086e-05
15600,-0.00027318575303070247,0.00015626106160198104,-3.6888482093811037,2.640486e-07,0.0,-2.659442186355591,-0.00010588372436814986
15800,-0.0002758124319370836,0.00017417006001778644,-3.6888486564159395,3.3646825e-07,0.0,-1.611388921737671,-0.00013265329627278887
16000,-0.0003009281645063311,0.00017058562170859659,-3.688846546411514,2.7358533e-07,0.0,-3.2415738105773926,-0.00011232773175389177
16200,-0.00014565214223694056,0.00014172127357596763,-3.688845080137253,1.785159e-07,0.0,-5.550450801849365,-8.074197182335041e-05
16400,-0.00020833879534620792,0.00012858239306297038,-3.688852035999298,2.1249056e-07,0.0,-3.103360176086426,-0.00010226051121275948
16600,-0.00020462236716412008,0.00014769034842174734,-3.688847762346268,2.9593707e-07,0.0,-2.85516357421875,-0.00013288751881055383
16800,-8.773130684858188e-05,0.0001861578575699241,-3.6888508915901186,1.618266e-07,0.0,-1.8514602184295654,-8.401679964009645e-05
17000,-0.00015826454909984022,0.0001054870128427865,-3.6888509809970857,1.5407801e-07,0.0,-3.472515106201172,-8.827374893652929e-05
17200,-0.0002887843584176153,0.00011282341329206247,-3.6888466656208037,2.530217e-07,0.0,-3.206969738006592,-0.0001252641750140282
17400,-0.00011427990102674812,0.00011980245508311783,-3.688841497898102,1.8090012e-07,0.0,-7.417361259460449,-8.013707412692916e-05
17600,-0.0004104413092136383,9.089329219023057e-05,-3.6888420403003694,3.4183265e-07,0.0,-2.22114896774292,-0.0001466275902942238
17800,-0.0002308739785803482,0.00010841667026397772,-3.688845020532608,2.0802021e-07,0.0,-4.310243606567383,-0.00010214488190467552
18000,-0.00017987735918723047,0.00012201410427223892,-3.6888427138328552,2.0265578e-07,0.0,-1.8988866806030273,-9.291502848554067e-05
18200,-0.0001802896149456501,0.00010268226824337035,-3.6888444840908052,2.0086765e-07,0.0,-3.2754883766174316,-0.00010052780786216076
18400,-0.00019840795721393079,0.00010994853000738658,-3.688843661546707,2.6911496e-07,0.0,-1.0018072128295898,-0.00013136833908715672
18600,-0.00032025499967858195,0.00012297744724492076,-3.6888430297374724,2.938509e-07,0.0,-2.0593559741973877,-0.00013048420679560025
18800,-0.00016488284745719284,7.520021008531331e-05,-3.68884055018425,1.9401313e-07,0.0,-4.931204319000244,-8.424362543393293e-05
19000,-0.0003428718482609838,0.00011667318094623624,-3.6888464629650115,3.3825637e-07,0.0,-1.8139393329620361,-0.000149094704677033
19200,-0.00020176164980512112,5.658792588292272e-05,-3.6888354122638702,2.4318695e-07,0.0,-1.4832475185394287,-9.258738207966744e-05
19400,-0.00011562627332750708,6.319503809208982e-05,-3.6888432025909426,1.8030406e-07,0.0,-1.4901998043060303,-9.231314827127247e-05
19600,-0.00013559569197241217,9.936940004990902e-05,-3.688840901851654,2.8640034e-07,0.0,-1.7550547122955322,-0.00012565773776316292
19800,-0.0002981465368065983,8.251496492448496e-05,-3.688842159509659,3.731251e-07,0.0,-1.8567557334899902,-0.00015204532496966295
20000,-0.000295958889182657,6.84891012042499e-05,-3.688834249973297,2.1100044e-07,0.0,-3.7883191108703613,-0.00010639082627874607
20200,-0.0002898745588026941,6.380442910085549e-05,-3.688836544752121,1.9192696e-07,0.0,-3.6550488471984863,-0.00010600635364486078
20400,-0.0006266127456910908,4.570780683934572e-05,-3.6888396203517915,4.136562e-07,0.0,-0.5132954120635986,-0.00018304783792588708
20600,-0.0005080071859993041,8.058650973907788e-05,-3.688832366466522,3.8176773e-07,0.0,-0.48501837253570557,-0.00018155428727428813
20800,-0.00019649580644909292,5.136849913469632e-05,-3.6888372123241426,1.9580125e-07,0.0,-1.2632200717926025,-0.00011188130105677097
21000,-0.00026175432140007615,5.7899127841665174e-05,-3.6888296604156494,3.6448242e-07,0.0,-0.839134931564331,-0.00014961168060096953
21200,-0.000402815145207569,7.0775754738861e-05,-3.688827657699585,4.1246412e-07,0.0,-0.5214881896972656,-0.00016777596592896238
21400,-0.00038136422517709434,5.47291228940594e-05,-3.6888225972652435,5.0634145e-07,0.0,-1.7166473865509033,-0.00015044069354610556
21600,-0.00021040142746642232,3.835049374174559e-05,-3.6888259291648864,2.4259091e-07,0.0,-0.38938093185424805,-0.00012916068055233155
21800,-0.00023108447203412652,5.436691080831224e-05,-3.6888269782066345,2.7418136e-07,0.0,-0.31484317779541016,-0.00014351329194890462
22000,-0.00037796187098138034,4.0138837039194184e-05,-3.688819742202759,3.248453e-07,0.0,-0.835834264755249,-0.00014849034724491726
22200,-0.0003253469767514616,7.811081204636138e-05,-3.688828098773956,1.8268824e-07,0.0,-1.3417482376098633,-0.00010592216260056908
22400,-0.00041594289359636605,6.451871840909006e-05,-3.6888256907463073,2.7567148e-07,0.0,-0.44161438941955566,-0.0001303922378597111
22600,-0.00024980492889881134,6.897178791405167e-05,-3.6888215065002443,2.1785497e-07,0.0,-0.18518602848052979,-0.00011609085691999255
22800,-0.00019291299395263195,4.760353017445596e-05,-3.688823068141937,1.4394521e-07,0.0,-2.3460915088653564,-8.539079869722688e-05
23000,-0.000312136864522472,2.6226713043797644e-05,-3.6888184666633608,3.004074e-07,0.0,-0.3923499584197998,-0.00014112643921104784
23200,-0.00038661930011585355,4.605157246260205e-05,-3.688823664188385,3.5107135e-07,0.0,-0.27259576320648193,-0.00017341076593825334
23400,-0.00037570149288512766,2.807754608511459e-05,-3.6888120412826537,4.7922134e-07,0.0,-0.26219797134399414,-0.00017873335514969057
23600,-0.0001916451146826148,3.709259976858448e-05,-3.6888089299201967,1.9341708e-07,0.0,-0.783288836479187,-9.14600079804373e-05
23800,-0.00029217448900453746,3.199484622200544e-05,-3.688819706439972,2.8401612e-07,0.0,-0.8463082313537598,-0.000125033468446345
24000,-0.0003624929522629827,4.116690115552046e-05,-3.6888241171836853,2.2739172e-07,0.0,-0.37665534019470215,-0.00012923955134760411
24200,-0.0003299721865914762,4.403270768307266e-05,-3.6888203382492066,2.643466e-07,0.0,-0.30652153491973877,-0.00012438946895689806
24400,-0.00027395563665777445,4.60465614196437e-05,-3.688816154003143,3.1650066e-07,0.0,-0.2882213592529297,-0.00014347177764504338
24600,-0.00026414176682010293,3.999033847321698e-05,-3.6888178169727324,1.9133091e-07,0.0,-1.6902644634246826,-0.0001101565686327577
24800,-0.0005530985072255135,3.60552193797048e-05,-3.6888159811496735,6.496906e-07,0.0,-0.059371113777160645,-0.00021432605371209945
25000,-0.00010622544505167753,2.897005338127201e-05,-3.6888298988342285,1.8239021e-07,0.0,-0.7164902687072754,-0.00012361028087479742
25200,-0.00044121150858700275,2.929853148998518e-05,-3.688817912340164,3.182888e-07,0.0,-0.5197696685791016,-0.00015469399083087865
25400,-0.000264553731540218,4.037623398289725e-05,-3.6888164043426515,1.9520522e-07,0.0,-0.4598308801651001,-0.00011841492398025898
25600,-0.0003540207981131971,4.368106829133467e-05,-3.6888144314289093,2.3514033e-07,0.0,-0.436448335647583,-0.0001391062073829108
25800,-0.0002206951758125797,2.7698037683876464e-05,-3.6888132274150847,3.2752752e-07,0.0,-0.5500311851501465,-0.00015894144090002892
26000,-0.00018459543935023248,3.181386668984487e-05,-3.6888060927391053,3.1083823e-07,0.0,-0.10782182216644287,-0.00012294720168717354
26200,-0.00038356409640982747,2.9514387551898836e-05,-3.688818168640137,2.7179718e-07,0.0,-1.0360107421875,-0.0001405534591668256
26400,-0.00022472675482276827,6.102475372244953e-05,-3.68881641626358,2.1606684e-07,0.0,0.10619556903839111,-0.00014407292018148166
26600,-0.0003696911153383553,2.8983628180867526e-05,-3.6888045191764833,3.5732984e-07,0.0,-0.24432194232940674,-0.0001277151933695597
26800,-0.0001428186660632491,4.108196694687649e-05,-3.688815546035767,1.8984079e-07,0.0,-0.17005550861358643,-0.00011314684048844282
27000,-0.00023533529019914567,2.5684056572572446e-05,-3.688816511631012,2.8014182e-07,0.0,-0.4902315139770508,-0.00012620325100622942
27200,-0.0004219557740725577,2.6156580634051352e-05,-3.6888030529022218,3.501773e-07,0.0,-0.055092692375183105,-0.00016184541657946472
27400,-0.0003764946886803955,2.8990509281356936e-05,-3.6888085842132567,4.336238e-07,0.0,0.11607086658477783,-0.00021298603590196307
27600,-0.00026170097407884896,3.909364691025985e-05,-3.6888055086135862,3.9279462e-07,0.0,0.05478167533874512,-0.0001800013331785477
27800,-0.0004233276122249663,1.6601783636360777e-05,-3.6888115286827086,3.823638e-07,0.0,-0.833484411239624,-0.00017929767882083337
28000,-0.00039970470243133605,3.4065391673721024e-05,-3.6888100147247314,3.4362077e-07,0.0,-0.07440531253814697,-0.00016946943164015683
28200,-0.00021461615688167512,2.0615987659766687e-05,-3.6888089060783384,1.79708e-07,0.0,-0.2916574478149414,-0.000100343770899336
28400,-0.00039672484854236245,2.1527345143113053e-05,-3.6887988448143005,2.8192997e-07,0.0,-0.005864739418029785,-0.00014678817940150246
28600,-0.00034806132316589355,1.6026086348119863e-05,-3.6888173043727877,2.1904705e-07,0.0,-0.5867682695388794,-0.00014249214617234607
28800,-0.00022591580636799335,3.894038345606532e-05,-3.6888088643550874,2.9206274e-07,0.0,-0.0022253990173339844,-0.00012666373003229482
29000,-0.00026005241670645773,1.7817931598074212e-05,-3.6888145089149473,2.2172928e-07,0.0,-0.2748032808303833,-0.00012652431413973098
29200,-0.00031860353192314506,3.2456970893690594e-05,-3.6887943744659424,4.4792893e-07,0.0,0.14183783531188965,-0.00019299958567284837
29400,-0.0003267097636125982,1.068808902573437e-05,-3.6888102412223818,2.4735928e-07,0.0,-0.022041797637939453,-0.00015766806196063632
29600,-0.00048116216203197837,1.4646030649601016e-05,-3.6887980818748476,2.539158e-07,0.0,-0.7274032831192017,-0.0001486050742057987
29800,-0.00046398129779845476,3.003513979820127e-05,-3.688811886310577,2.5600195e-07,0.0,0.05579864978790283,-0.00015333342568375486
30000,-0.00017063901759684086,2.1168350849620764e-05,-3.688810074329376,1.2338162e-07,0.0,-0.16171658039093018,-8.716455008304092e-05
30200,-0.0003289045998826623,2.7296860935166478e-05,-3.6887905418872835,4.032254e-07,0.0,-0.2826586961746216,-0.00017057244374036885
30400,-0.00024516487610526383,2.93995162792271e-05,-3.6888147413730623,1.6778706e-07,0.0,0.06448739767074585,-0.00010950548921186964
30600,-0.00031967033282853663,2.0759863650710032e-05,-3.6888000905513763,2.6106835e-07,0.0,-0.26503288745880127,-0.00014914717137076705
30800,-0.00037431917735375464,3.3756579432520085e-05,-3.6888017475605013,2.8818846e-07,0.0,-0.07209503650665283,-0.0001658317002211307
31000,-0.0002932908246293664,2.5252066211578495e-05,-3.6887921392917633,2.297759e-07,0.0,-0.3736211061477661,-0.00011876437527909011
31200,-0.00013706884055864066,5.227030769674457e-05,-3.6887894690036775,2.9563904e-07,0.0,0.06278425455093384,-0.00013651284695521127
31400,-0.0002822193200699985,1.4109248331806156e-05,-3.688801884651184,2.2262336e-07,0.0,-0.1456984281539917,-0.00012101599523832718
31600,-0.00036381997051648796,2.4509861395927147e-05,-3.688805437088013,1.6778708e-07,0.0,0.15263372659683228,-0.0001163691571715697
31800,-0.0002042160340351984,4.90647484184592e-05,-3.6887868523597716,3.8117173e-07,0.0,-0.020701289176940918,-0.00014811190096657433
32000,-0.00017378240590915084,1.9308159380670986e-05,-3.688790613412857,2.3037195e-07,0.0,-0.16544437408447266,-0.00013435006100577241
32200,-0.0002713075082283467,1.9877184013239457e-05,-3.688797277212143,1.8686056e-07,0.0,-0.03053426742553711,-0.00010846760160960755
32400,-0.00031941139604896307,5.2062499071325875e-05,-3.688793104887009,2.1487475e-07,0.0,-0.021363258361816406,-0.00012847644087355948
32600,-0.0003500763850752264,2.8748917975462974e-05,-3.688807153701782,1.8835068e-07,0.0,-0.08663177490234375,-0.00011461560444452346
32800,-0.00036482387804426253,1.2727949729196552e-05,-3.6887891411781313,2.3126603e-07,0.0,-0.04980790615081787,-0.0001361599200772723
33000,-0.0004348785150796175,2.849441134458175e-05,-3.68877170085907,4.5508148e-07,0.0,0.11300128698348999,-0.0001829178030547496
33200,-0.0003254088223911822,1.7732427158989596e-05,-3.688774752616882,2.759695e-07,0.0,0.2837473750114441,-0.00012124674087454768
33400,-0.0003850120701827109,2.5944730441551656e-05,-3.6887823700904847,3.656745e-07,0.0,-0.019040822982788086,-0.0001775944382131911
33600,-0.00042232932173646986,3.342696500112652e-05,-3.6888004660606386,2.3335218e-07,0.0,0.0021581053733825684,-0.00014691494573622067
33800,-0.0005326969549059868,2.862014034690219e-05,-3.6887665927410125,3.9964917e-07,0.0,0.003577589988708496,-0.00017668370970533865
34000,-0.0002786014520097524,1.6477781559842698e-05,-3.6887686371803285,2.2619963e-07,0.0,-0.24584627151489258,-0.00011816550383541014
34200,-0.0003899952571373433,2.1802382616442628e-05,-3.6887922465801237,2.3216009e-07,0.0,0.03038865327835083,-0.00015341117991283238
34400,-0.0003333855711389333,9.153014968887873e-06,-3.6887849092483522,1.6659499e-07,0.0,0.18485289812088013,-0.00010959139743420554
34600,-0.00023356718884315342,2.7092896652902708e-05,-3.6887902319431305,1.6301871e-07,0.0,0.15535175800323486,-0.0001135313056631837
34800,-0.00042733055306598544,1.4119470051809913e-05,-3.6887939393520357,2.965331e-07,0.0,0.05038684606552124,-0.00016487473118891315
35000,-6.863092858111486e-05,8.738830558741029e-06,-3.688779240846634,1.9967555e-07,0.0,0.19133144617080688,-0.0001134577542346693
35200,-0.00040503210038878024,2.644326964400534e-05,-3.6887802839279176,2.9057264e-07,0.0,0.00522536039352417,-0.00016808865813162656
35400,-0.00027198600582778454,1.8698031158237428e-05,-3.6887923896312715,1.5556813e-07,0.0,-0.12188172340393066,-9.09829885692215e-05
35600,-0.000531038676854223,1.8171569172409364e-05,-3.688792532682419,2.7716158e-07,0.0,0.09428250789642334,-0.00014736978625746745
35800,-0.00011122119030915201,1.4206629748514387e-05,-3.688783872127533,1.8686056e-07,0.0,0.040272653102874756,-0.00010932323333729954
36000,-0.00033035752130672336,2.2462804554379546e-05,-3.6887769877910612,3.284216e-07,0.0,0.011423766613006592,-0.00017661625212440636
36200,-0.0003134889411740005,1.2351606665106374e-05,-3.688781148195267,3.1322242e-07,0.0,-0.04552435874938965,-0.0001628607511147795
36400,-0.0005904767313040793,1.5510213529523753e-05,-3.688774400949478,3.761053e-07,0.0,-0.03973126411437988,-0.00019624134970825936
36600,-0.00035914190812036395,1.1761831910916953e-05,-3.688781577348709,2.0951032e-07,0.0,0.14063405990600586,-0.00011499936856820269
36800,-0.0001284763857256621,1.3151728444427135e-05,-3.688770908117294,2.2679568e-07,0.0,0.11274927854537964,-0.00012741545554582068
37000,-0.0002195659908466041,1.5716008215349574e-05,-3.688783472776413,2.4348498e-07,0.0,0.04329198598861694,-0.00013999388368626242
37200,-0.00024583766935393214,2.319209331744787e-05,-3.688769644498825,3.3229588e-07,0.0,0.04343312978744507,-0.0001623757772571288
37400,-0.00028133144951425493,2.7142443650518543e-05,-3.688777321577072,3.5822393e-07,0.0,0.047100186347961426,-0.00017617630926543005
37600,-0.00035656828549690545,1.829262705541623e-05,-3.6887581169605257,2.4974347e-07,0.0,-0.05866050720214844,-0.00012974099860443288
37800,-0.00030761968810111284,1.5076450108608696e-05,-3.6887775719165803,2.9325486e-07,0.0,-0.08958947658538818,-0.00015729917582398833
38000,-0.0005797695484943688,3.546516509231878e-05,-3.6887568652629854,4.789233e-07,0.0,0.07650196552276611,-0.000202409348875765
38200,-0.0003268021682742983,2.705115548451431e-05,-3.6887774527072907,4.014373e-07,0.0,0.03498142957687378,-0.00019984940710009446
38400,-0.0003411743091419339,1.1177357089309226e-05,-3.688778418302536,3.0219556e-07,0.0,-0.23458147048950195,-0.0001708714803879907
38600,-0.00021198540343903005,1.2748493952585705e-05,-3.6887654423713685,2.3066997e-07,0.0,0.049977898597717285,-0.00012570742486923137
38800,-0.0003748305607587099,1.4435042726290703e-05,-3.688751143217087,2.8997658e-07,0.0,0.044181108474731445,-0.00016676335422380895
39000,-0.0003632298030424863,1.8200132672063773e-05,-3.6887721717357635,2.652407e-07,0.0,-0.20869994163513184,-0.00016003286793329075
39200,-0.0005099363625049591,2.8362013608784764e-05,-3.6887597858905794,4.4077635e-07,0.0,0.07696127891540527,-0.00020819620746299617
39400,-0.0002731693093664944,4.064989852849976e-05,-3.688761520385742,2.8133394e-07,0.0,0.0617680549621582,-0.00014047931209337783
39600,-0.00022443753550760448,1.0411810785626585e-05,-3.688751643896103,3.680587e-07,0.0,0.11216956377029419,-0.0001539658615949735
39800,-0.00026321361656300724,1.2924774989642173e-05,-3.68876855969429,1.8090009e-07,0.0,0.015072107315063477,-0.00010907156819230934
40000,-0.0004200745897833258,2.047655848400609e-05,-3.6887503921985627,2.813339e-07,0.0,0.10529559850692749,-0.00015087689122017522
40200,-0.0007075286121107638,2.408797249700001e-05,-3.688752216100693,4.1425227e-07,0.0,-0.12037312984466553,-0.00019528739147289809
40400,-0.0002946931344922632,9.730250167194753e-06,-3.6887509346008303,2.7418136e-07,0.0,0.20675116777420044,-0.00013347042034910216
40600,-0.00038397041498683393,1.722930978758086e-05,-3.6887668490409853,2.864003e-07,0.0,0.0033833980560302734,-0.0001392708408604726
40800,-0.00022981941583566368,2.333498491680075e-05,-3.6887444615364076,2.1010638e-07,0.0,0.16801047325134277,-0.00011816596975051663
41000,-0.0003792269853875041,3.1476102367378187e-05,-3.6887672007083894,2.7060509e-07,0.0,-0.07854175567626953,-0.00015395323162890052
41200,-0.0002863936824724078,1.4465576123257052e-05,-3.688749998807907,2.1189452e-07,0.0,-0.4408376216888428,-0.00013707393533911593
41400,-0.0002770161663647741,2.7119660944663338e-05,-3.688752943277359,3.093481e-07,0.0,0.04973745346069336,-0.00014301006479147115
41600,-0.00012672104639932513,3.7118595082574755e-05,-3.6887541890144346,1.809001e-07,0.0,0.05563247203826904,-0.00010784953103950556
41800,-0.00034028777736239135,3.7506985245272516e-05,-3.688744366168976,3.668666e-07,0.0,-0.07328450679779053,-0.0001871574367679596
42000,-0.00027183041675016284,1.1981321165421832e-05,-3.688759797811508,2.3692846e-07,0.0,-0.34668517112731934,-0.0001456844956339909
42200,-0.00041056907502934337,2.4095630465126305e-05,-3.6887659430503845,2.1278859e-07,0.0,-0.08185696601867676,-0.00013199725648522788
42400,-0.00017049736925400794,1.3997087876305159e-05,-3.688752317428589,3.7878755e-07,0.0,-0.0027408599853515625,-0.00016714155060002512
42600,-0.0003676546912174672,1.5580680292259784e-05,-3.68874072432518,2.4557113e-07,0.0,0.08166450262069702,-0.0001435438697421909
42800,-0.00027371980831958354,1.9549912144611882e-05,-3.688742828369141,1.6450882e-07,0.0,0.08717375993728638,-8.267442934677405e-05
43000,-0.0003218571364413947,1.472985929922288e-05,-3.6887515425682067,3.314018e-07,0.0,0.08624464273452759,-0.00017735999865180484
43200,-0.0002806886623147875,3.16285103053815e-05,-3.688756537437439,2.1636485e-07,0.0,0.1009863018989563,-0.00013620406305481225
43400,-0.00026004333631135523,1.6104041651487933e-05,-3.688758057355881,2.977252e-07,0.0,-0.02140021324157715,-0.00016497132072436084
43600,-0.0002463276614435017,2.4033828731262473e-05,-3.6887468218803408,2.9295683e-07,0.0,0.11184960603713989,-0.00014536030791967303
43800,-0.0003613382868934423,7.334987907370305e-06,-3.688763475418091,2.6047232e-07,0.0,-0.15168964862823486,-0.0001598086931515752
44000,-0.0005301969358697534,1.4575483692169656e-05,-3.688743990659714,2.926588e-07,0.0,0.1459057331085205,-0.00018525016925230453
44200,-0.00030870630871504545,2.893472469622793e-05,-3.68875447511673,2.4586916e-07,0.0,0.13246583938598633,-0.00016264449020537698
44400,-0.00050731236115098,1.640623909224814e-05,-3.6887656271457674,3.5524369e-07,0.0,0.04702723026275635,-0.00019042288406228569
44600,-0.00024734073667787015,9.238597090188706e-06,-3.6887573182582853,2.5719405e-07,0.0,0.050935447216033936,-0.00012684164388649944
44800,-0.0002888038579840213,8.906911176609356e-06,-3.688766086101532,1.5646219e-07,0.0,-0.07395648956298828,-0.00010681390014148917
45000,-0.00032587655005045235,1.3707061293644074e-05,-3.6887652575969696,2.682209e-07,0.0,0.02827584743499756,-0.00013680995961203867
45200,-0.0003573391295503825,1.3835523031957563e-05,-3.6887610852718353,1.5378e-07,0.0,0.04349249601364136,-0.00011762431365069936
45400,-0.00025426025968044996,2.8010052596982858e-05,-3.688763457536697,2.0205974e-07,0.0,0.0380898118019104,-0.00012228226680115472
45600,-0.0004774434491991997,1.2378800659007538e-05,-3.6887570142745973,3.257394e-07,0.0,0.058324456214904785,-0.00018540207896899918
45800,-0.00021748141443822533,2.9222164721431908e-05,-3.688750123977661,2.2888185e-07,0.0,0.023301899433135986,-0.0001368662279796151
46000,-0.00030360606615431607,1.6406503164034802e-05,-3.6887673318386076,1.5646219e-07,0.0,0.0007147789001464844,-0.000120866432002531
46200,-0.0005220869788900018,2.719515750868595e-05,-3.6887455940246583,3.9219856e-07,0.0,-0.015284538269042969,-0.0001999159524170846
46400,-0.0003624320961534977,1.9724537128240627e-05,-3.6887471795082094,3.5971402e-07,0.0,0.09529566764831543,-0.00014553599754134615
46600,-0.00036502396687865257,2.5829485366557492e-05,-3.688753193616867,1.8984079e-07,0.0,0.07542526721954346,-9.955547758124794e-05
46800,-0.00033969711512327194,1.9684415701703983e-05,-3.6887670397758483,2.1457672e-07,0.0,0.003962874412536621,-0.0001294900921486708
47000,-0.0004012125136796385,1.1549663486221107e-05,-3.6887481212615967,2.774596e-07,0.0,0.058722853660583496,-0.00015367002730632963
47200,-0.00024754198966547847,1.6281225998682203e-05,-3.6887564778327944,2.9116867e-07,0.0,0.053042590618133545,-0.0001555741135460309
47400,-0.0004922940279357135,4.015273780169082e-05,-3.6887430965900423,2.8043985e-07,0.0,0.017277836799621582,-0.00015159397590442937
47600,-0.000477023160783574,2.0538487524390804e-05,-3.688751882314682,3.6895275e-07,0.0,-0.010228991508483887,-0.0001944246703764696
47800,-0.00028225392452441156,2.1631066783811547e-05,-3.688756412267685,1.7940997e-07,0.0,-0.06608033180236816,-0.00012143640184535398
48000,-0.00020039521041326225,2.0045748397024e-05,-3.688764601945877,1.7881393e-07,0.0,0.06706464290618896,-0.00011507795649290387
48200,-0.00028070766711607575,2.1397065643213865e-05,-3.688762938976288,2.5153162e-07,0.0,0.15278708934783936,-0.00015063452726802318
48400,-0.00046188454143702984,2.434417283438961e-05,-3.6887429296970367,2.747774e-07,0.0,0.01997363567352295,-0.00015669828665625384
48600,-0.000351703871274367,1.3991163405080442e-05,-3.6887558817863466,2.9385092e-07,0.0,0.13573449850082397,-0.00016235357417042627
48800,-0.00033545659971423447,4.816641571778746e-05,-3.688775008916855,1.618266e-07,0.0,0.04977011680603027,-0.00010491429309666955
49000,-0.000416042807046324,2.0689744064839034e-05,-3.6887264013290406,4.196167e-07,0.0,-0.01716625690460205,-0.00017897014372967313
49200,-0.00021982569887768477,3.2803891190269494e-05,-3.688734656572342,2.732873e-07,0.0,0.08816474676132202,-0.00012653205886032915
49400,-0.0002444444107823074,6.229094469745178e-05,-3.688736176490784,1.8000603e-07,0.0,0.06980741024017334,-0.0001152397396623428
49600,-0.0004716009134426713,2.5254327192669733e-05,-3.6887391567230225,3.0130147e-07,0.0,0.04840207099914551,-0.00016874577007501833
49800,-0.00022721894492860883,2.5227950845874148e-05,-3.6887264430522917,2.065301e-07,0.0,-0.1210179328918457,-9.318985133432989e-05
50000,-0.00041779677849262953,1.0511488619613374e-05,-3.688738751411438,2.1517278e-07,0.0,-0.08225083351135254,-0.00013512744055450555
50200,-0.000385307619580999,2.898042116612487e-05,-3.6887385547161102,4.7057864e-07,0.0,0.01256030797958374,-0.00022247096857701542
50400,-0.00018552245455794036,1.976837563688605e-05,-3.6887569189071656,1.3738871e-07,0.0,-0.07110059261322021,-0.00011467481477576147
50600,-0.00043983740033581853,2.304276240465697e-05,-3.6887175142765045,4.1842463e-07,0.0,0.03502547740936279,-0.00017452089487957068
50800,-0.00032296276185661554,1.9369619553799567e-05,-3.688736766576767,3.1918285e-07,0.0,0.11596310138702393,-0.00018246102277910125
51000,-0.00046220229705795646,9.371250087042426e-06,-3.68874449133873,2.8699637e-07,0.0,-0.04307746887207031,-0.00015753138036667114
51200,-0.0002865041606128216,2.27710343324361e-05,-3.688742595911026,1.8417835e-07,0.0,0.02080214023590088,-0.00012746680507410568
51400,-0.000528296222910285,2.8020852187182755e-05,-3.6887276828289033,3.0726193e-07,0.0,0.13787496089935303,-0.00014537600382709127
51600,-0.0002461217809468508,3.528619281496503e-05,-3.6887379586696625,2.554059e-07,0.0,0.15695035457611084,-0.00014340583861132127
51800,-0.00025080254999920726,2.8315714735072107e-05,-3.6887341320514677,2.6762484e-07,0.0,-0.059897780418395996,-0.00015086545085114534
52000,-0.0002849387237802148,2.507915430669527e-05,-3.6887236833572388,3.3527613e-07,0.0,-0.017343878746032715,-0.00015157744699212383
52200,-0.0002991435758303851,2.126568799667439e-05,-3.688748222589493,2.1994114e-07,0.0,0.06092476844787598,-0.00012743538613904092
52400,-0.00020889175357297063,2.076756725273299e-05,-3.6887726724147796,1.040101e-07,0.0,0.292311429977417,-7.826115147508972e-05
52600,-0.0003405178140383214,2.0025247545163437e-05,-3.6887276649475096,2.2143125e-07,0.0,-0.14578914642333984,-0.0001546817584282989
52800,-0.0002927419845946133,1.2774121637448843e-05,-3.688745194673538,1.9103288e-07,0.0,0.015398681163787842,-0.0001181758940606903
53000,-0.00024075583496596664,8.69239552230283e-06,-3.68875595331192,1.5109778e-07,0.0,-0.0413060188293457,-0.00011551559011735435
53200,-0.0003671232843771577,2.082250066450797e-05,-3.6887355148792267,3.0577183e-07,0.0,0.05207306146621704,-0.00013164957027065328
53400,-0.00015730354061815888,1.5288036979654863e-05,-3.6887377083301542,2.4348498e-07,0.0,-0.0029298067092895508,-0.0001539963178736281
53600,-0.00037978129694238305,3.3424450839447674e-05,-3.6887673497200013,2.8967858e-07,0.0,0.11589884757995605,-0.00017528678356768524
53800,-0.00016149089788086712,2.2535891775987694e-05,-3.6887422859668733,1.4722347e-07,0.0,0.050382792949676514,-9.296759990906622e-05
54000,-0.0002453227061778307,1.926743827880273e-05,-3.688742959499359,1.487136e-07,0.0,0.03747981786727905,-0.00010084436838588839
54200,-0.0003616940521169454,1.1429334642798495e-05,-3.6887451350688933,1.6361476e-07,0.0,0.11374187469482422,-0.00010211907232587913
54400,-0.0003428932395763695,2.5489827476121717e-05,-3.6887543916702272,1.937151e-07,0.0,0.09666073322296143,-0.00012439452157393948
54600,-0.0004832430277019739,2.4030958206822108e-05,-3.6887199103832247,3.799796e-07,0.0,-0.11483073234558105,-0.00015937963191561266
54800,-0.0005105584277771413,3.289053743174009e-05,-3.6887229442596436,3.9488077e-07,0.0,0.030555307865142822,-0.00020042646821116783
55000,-0.0003423751040827483,1.5276870681191212e-05,-3.688719320297241,4.482269e-07,0.0,0.019916534423828125,-0.00018693002987562045
55200,-0.0002682876365724951,2.374484492975171e-05,-3.68873673081398,2.3365021e-07,0.0,-0.02915370464324951,-0.00011794739969434032
55400,-0.0002471158222761005,2.3836612399463775e-05,-3.6887396395206453,1.3649463e-07,0.0,0.011286258697509766,-0.00010636539841284432
55600,-0.00027960893930867314,1.8459008606441786e-05,-3.6887380361557005,1.5825033e-07,0.0,0.011645674705505371,-0.00011759170974983136
55800,-0.00039918991387821734,1.970428977529082e-05,-3.688749361038208,2.169609e-07,0.0,-0.01034390926361084,-0.0001368244523483497
56000,-0.00022474690922535956,4.413865226524649e-05,-3.6887171387672426,1.7017126e-07,0.0,0.021066725254058838,-0.00011049101441207299
56200,-0.00017140957061201334,1.5346353325185192e-05,-3.6887302100658417,1.2814998e-07,0.0,0.13730114698410034,-9.159079965614936e-05
56400,-0.000291533418931067,4.3202381493756545e-05,-3.688733434677124,2.0802021e-07,0.0,0.09847420454025269,-0.00013640064824338438
56600,-0.00031065393704921007,1.8363993876846508e-05,-3.6887400269508364,2.9504298e-07,0.0,0.09736424684524536,-0.00018205806238962284
56800,-0.0002649319067131728,5.201245985517744e-05,-3.6887378633022307,2.169609e-07,0.0,0.08986032009124756,-0.00013911604194207782
57000,-0.00014378409832715988,2.6348246638008278e-05,-3.688742309808731,2.7269124e-07,0.0,-0.08120429515838623,-0.00014702160704569423
57200,-0.0003556571900844574,1.0671671918771609e-05,-3.6887197256088258,3.2007694e-07,0.0,0.2996448278427124,-0.00015964582648075876
57400,-0.00015383449499495327,2.0653331216635706e-05,-3.68873325586319,2.884865e-07,0.0,0.17647403478622437,-0.00015195874824529553
57600,-0.0003118039749097079,2.1366671035139007e-05,-3.688728553056717,2.6136638e-07,0.0,-0.28842949867248535,-0.00014662288891451603
57800,-0.0004029564734082669,3.7458030328707535e-05,-3.688730078935623,3.671646e-07,0.0,0.07505136728286743,-0.00018333985451182144
58000,-0.00017467018915340304,1.7785756267585384e-05,-3.688739562034607,2.115965e-07,0.0,0.08607327938079834,-0.00012740993503825848
58200,-0.00015683623496443033,1.3324354767974e-05,-3.68872891664505,1.5586613e-07,0.0,0.1470370888710022,-0.00011116162006539199
58400,-0.00019583931134548038,2.1666531665687216e-05,-3.6887461245059967,1.4841557e-07,0.0,0.02652674913406372,-0.0001074505513708246
58600,-0.00016356889682356268,3.3130724068541896e-05,-3.688738024234772,1.8298627e-07,0.0,-0.0066471099853515625,-0.00011732614022572641
58800,-0.0004315768019296229,1.7051737768269958e-05,-3.6886954426765444,3.8683416e-07,0.0,-0.1303575038909912,-0.00016757270057654594
59000,-0.0003067769284825772,1.8664913500288095e-05,-3.6887621343135835,1.9460917e-07,0.0,-0.041647911071777344,-0.00014361242972666944
59200,-0.0004713173257187009,3.152752115056501e-05,-3.688721215724945,2.449751e-07,0.0,0.0069078803062438965,-0.00015331348000426903
59400,-0.00018886254110839218,1.726496936953481e-05,-3.688727194070816,1.8119812e-07,0.0,0.12281531095504761,-0.00012104638649588218
59600,-7.354013359872624e-05,2.5079800593630353e-05,-3.688745456933975,1.4424324e-07,0.0,0.08512371778488159,-9.961689992388223e-05
59800,-0.00021053006639704108,1.2591121617333556e-05,-3.6887406587600706,1.7672778e-07,0.0,0.17012417316436768,-0.00011805547011154439
60000,-0.00039577289135195315,1.8821994194695436e-05,-3.688713103532791,2.5749208e-07,0.0,-0.08940994739532471,-0.00014993904547155879
60200,-0.0004667612083721906,2.334249675186584e-05,-3.6887344241142275,4.261732e-07,0.0,0.03183645009994507,-0.00020837725811293507
60400,-0.00027744483668357134,1.7619449158701174e-05,-3.6887333929538726,2.810359e-07,0.0,0.1238781213760376,-0.00013158539731796814
60600,-0.000404395570512861,1.4897909386490937e-05,-3.688735318183899,2.7686357e-07,0.0,-0.016843676567077637,-0.00014607961535442193
60800,-0.00038873619632795453,2.374440798575961e-05,-3.6887338638305662,4.1127203e-07,0.0,0.04703700542449951,-0.00020225454857514258
61000,-0.00019818403234239668,1.5542991377515136e-05,-3.688724535703659,1.820922e-07,0.0,-0.019425630569458008,-9.60842471203982e-05
61200,-0.000699035357683897,1.7521326890346244e-05,-3.6887222230434418,4.053116e-07,0.0,0.030322492122650146,-0.00020257964766254855
61400,-0.000363358500180766,1.073824055310979e-05,-3.6887483298778534,2.7865173e-07,0.0,-0.05802512168884277,-0.0001709529587729186
61600,-0.0003367606259416789,2.4104662270474363e-05,-3.688715714216232,2.1636487e-07,0.0,0.057854652404785156,-0.0001246171083017611
61800,-0.00046690748422406614,1.2178218162262055e-05,-3.6887239813804626,2.2262334e-07,0.0,0.06101757287979126,-0.00014024796482123847
62000,-0.00012220915232319385,8.472251613511616e-06,-3.6887288987636566,2.3096801e-07,0.0,-0.01259756088256836,-0.00011871082944208134
62200,-0.000338401849148795,1.918160915010958e-05,-3.6887462377548217,1.6570091e-07,0.0,0.06767362356185913,-0.00010397094519258854
62400,-0.0004610286559909582,1.498452791111049e-05,-3.6887281477451324,3.7133697e-07,0.0,0.10241013765335083,-0.0001760587731513219
62600,-0.0002558603882789612,2.2603617662753094e-05,-3.688707596063614,3.8325788e-07,0.0,-0.03367900848388672,-0.00017900557400767346
62800,-0.00030579499434679747,2.0243394646968228e-05,-3.688720244169235,2.7358533e-07,0.0,0.023244202136993408,-0.00013719712191799792
63000,-0.00046309674507938325,2.1741500768257537e-05,-3.688731336593628,4.1633845e-07,0.0,0.13762599229812622,-0.0001909865737004579
63200,-0.0002904694410972297,2.7184972577742882e-05,-3.688727670907974,2.3424626e-07,0.0,-0.05483901500701904,-0.0001455508769648839
63400,-0.0005092403735034168,1.3356861973079504e-05,-3.688713735342026,3.5256147e-07,0.0,0.14401882886886597,-0.00018465226191073382
63600,-0.0005845493287779391,1.6314997810695787e-05,-3.6887388646602632,3.3557416e-07,0.0,0.021109342575073242,-0.0001858673251488252
63800,-0.00047372517292387784,1.840600575633289e-05,-3.6887027740478517,3.781915e-07,0.0,-0.01139974594116211,-0.00017258221328202427
64000,-0.00036381446989253163,1.2750811652040284e-05,-3.688712102174759,2.9355286e-07,0.0,0.19554966688156128,-0.00014153911131589147
64200,-0.0004692880902439356,2.0913872231176355e-05,-3.6887279868125917,3.513694e-07,0.0,0.09456241130828857,-0.00018121096470371522
64400,-0.0002078073739539832,4.168645350546285e-05,-3.6887129962444307,2.3126601e-07,0.0,0.007699310779571533,-0.00013865277575959568
64600,-0.00030760554363951087,1.3702613136956643e-05,-3.688700932264328,2.69115e-07,0.0,-0.07234859466552734,-0.00013706494824122784
64800,-0.0002862396650016308,2.821367966134858e-05,-3.6887275338172913,2.2113323e-07,0.0,0.08147811889648438,-0.00013777521189695108
65000,-0.0003182496293447912,2.593229810372577e-05,-3.688719058036804,2.5361777e-07,0.0,0.11893248558044434,-0.0001551758951019444
65200,-0.0005137920961715281,2.7358028728485805e-05,-3.6887358665466308,3.7401912e-07,0.0,0.03366619348526001,-0.0002056093350367938
65400,-0.000318427657475695,4.064980621478753e-05,-3.6887163877487184,2.4974347e-07,0.0,0.07366049289703369,-0.00013388404321915682
65600,-0.0002644224732648581,1.1994800581760501e-05,-3.688739013671875,1.4215708e-07,0.0,-0.08159482479095459,-0.00011363760640623611
65800,-0.00036940601421520114,1.7382509577146264e-05,-3.688691294193268,2.974272e-07,0.0,0.1257442831993103,-0.00015702919642228695
66000,-0.00022388246725313365,1.8695805670176925e-05,-3.688697326183319,1.785159e-07,0.0,0.03129899501800537,-0.00011005642950141503
66200,-9.947265789378434e-05,1.655119854149234e-05,-3.688713622093201,2.682209e-07,0.0,0.05599695444107056,-0.00014154839542364074
66400,-0.0004321690939832479,1.8885393160417152e-05,-3.6887102842330934,3.2275915e-07,0.0,-0.029529809951782227,-0.00014630754629116894
66600,-0.0003398919652681798,2.8654512061621062e-05,-3.6886981248855593,2.8431418e-07,0.0,0.0776587724685669,-0.00015815563655579011
66800,-0.00048311735736206174,2.8348225032459596e-05,-3.688729989528656,3.516674e-07,0.0,0.017332255840301514,-0.0001730518642539147
67000,-0.00033035475644282997,7.491630356071255e-06,-3.688725304603577,2.2560359e-07,0.0,0.08261626958847046,-0.0001315471081018593
67200,-0.00037401646841317415,3.025097082627326e-05,-3.6887203216552735,2.5212765e-07,0.0,0.11836367845535278,-0.00014299170645102333
67400,-0.0002700394834391773,2.2727677446710004e-05,-3.688720291852951,1.9103288e-07,0.0,-0.01670658588409424,-0.00012193294198743487
67600,-0.0004680208512581885,2.1374785274019813e-05,-3.688691335916519,3.85046e-07,0.0,-0.16759049892425537,-0.0001614867435523415
67800,-0.0002836330095306039,9.986966906581075e-05,-3.6887148022651672,2.580881e-07,0.0,0.01133185625076294,-0.0001616026839846185
68000,-0.0003200907667633146,2.2139707357382577e-05,-3.688691586256027,2.7298927e-07,0.0,-0.08954310417175293,-0.00014247537679694665
68200,-0.0002273611753480509,3.8782721503594075e-05,-3.688711482286453,3.042817e-07,0.0,0.024831771850585938,-0.0001494537272821894
68400,-0.0004182947741355747,1.6404769667133223e-05,-3.6887303709983827,2.95341e-07,0.0,-0.04221463203430176,-0.00017864936661555754
68600,-0.0004960264777764678,1.2545303866318136e-05,-3.6886976182460787,4.4077635e-07,0.0,0.07946997880935669,-0.00021153026681304256
68800,-0.0004514868196565658,4.274037291907007e-05,-3.6886901259422302,2.7894973e-07,0.0,0.029816746711730957,-0.0001458379914829333
69000,-9.973206033464521e-05,3.522828151290014e-05,-3.688707184791565,3.0636787e-07,0.0,0.041506171226501465,-0.0001549106832941849
69200,-0.000265480310190469,1.5233937619996141e-05,-3.6886973679065704,2.9176474e-07,0.0,0.1295374631881714,-0.00014447034290747672
69400,-0.00033669520053081214,1.307374006955797e-05,-3.6887000024318697,2.7656557e-07,0.0,-0.0343245267868042,-0.00015277766312387086
69600,-0.0002326942194486037,7.686866626954725e-06,-3.6887042760849,2.3603438e-07,0.0,-0.4152129888534546,-0.0001433456394590138
69800,-0.0002546455943956971,2.352977905957232e-05,-3.6887137472629545,1.5467405e-07,0.0,0.10744422674179077,-9.837998407914439e-05
70000,-0.0003282282850705087,3.379624649824109e-05,-3.688728278875351,2.1070241e-07,0.0,0.11857473850250244,-0.00014371904645966717
70200,-0.000272727629635483,2.5371151787112466e-05,-3.688722610473633,2.3186206e-07,0.0,-0.03993666172027588,-0.00013260484535635442
70400,-0.00036743085365742445,3.978456024924526e-05,-3.6887313306331633,2.902746e-07,0.0,0.027647435665130615,-0.0001660349068938638
70600,-0.00031678585219196975,5.685043817038604e-06,-3.6887199580669403,3.066659e-07,0.0,0.08702301979064941,-0.00015871989752067606
70800,-0.0005806214176118374,2.4477197894157143e-05,-3.6887412905693053,2.8491021e-07,0.0,0.08605968952178955,-0.00015456361998316125
71000,-0.00033354535116814077,1.1844676259897824e-05,-3.688745301961899,1.847744e-07,0.0,-0.1044461727142334,-0.000126680329055473
71200,-0.00036324429675005376,2.005115015890624e-05,-3.68870495557785,3.5941602e-07,0.0,-0.02756500244140625,-0.00018392473554087462
71400,-0.0003235226613469422,1.904436114728014e-05,-3.6887334525585174,1.92523e-07,0.0,0.08978575468063354,-0.00013609707234695233
71600,-0.00048302626237273216,3.06314951103559e-05,-3.6886858701705934,4.9442053e-07,0.0,0.06507837772369385,-0.0002016801825111436
71800,-0.00039920632843859494,2.390201143498416e-05,-3.6887114107608796,3.1977893e-07,0.0,-0.03391432762145996,-0.0001375336208693678
72000,-0.0003186528047081083,2.2909580411578646e-05,-3.6886953890323637,2.4586916e-07,0.0,0.1399301290512085,-0.0001267054080972274
72200,-0.00021974947594571859,1.777238285285421e-05,-3.6887165307998657,1.7076731e-07,0.0,0.07006865739822388,-0.00011364809295092427
72400,-0.0004924576496705413,1.5249357147695264e-05,-3.6886856079101564,2.5361777e-07,0.0,0.03726226091384888,-0.00013719621381986792
72600,-0.0001395628205500543,2.167633062981622e-05,-3.6887018859386442,1.08778465e-07,0.0,0.04244345426559448,-8.080884747987404e-05
72800,-0.00026437913766130805,2.7135962909596856e-05,-3.6887052237987517,2.685189e-07,0.0,0.033422887325286865,-0.00016797682721905182
73000,-0.0003479782026261091,5.0491991169110405e-05,-3.688695156574249,2.5570392e-07,0.0,0.02469271421432495,-0.00013580478797621255
73200,-0.0003791488998103887,3.512255352688953e-05,-3.6886778593063356,2.9891729e-07,0.0,-0.014635801315307617,-0.00013800724652197617
73400,-0.00046574644511565566,1.3611222061626905e-05,-3.688717782497406,5.0395727e-07,0.0,0.0453680157661438,-0.0002383939928708889
73600,-0.0005405963747762144,1.8772880866890774e-05,-3.688692432641983,3.0606986e-07,0.0,0.06647223234176636,-0.0001581116166696983
73800,-0.00012760536628775299,1.4155327562548337e-05,-3.688686895370483,1.6003847e-07,0.0,0.05559056997299194,-9.270708298318997e-05
74000,-0.0004908217815682292,2.9323789294721792e-05,-3.688669812679291,3.105402e-07,0.0,-0.013409614562988281,-0.00016849544737396194
74200,-0.00017955392831936479,2.235413705875544e-05,-3.688702714443207,2.232194e-07,0.0,0.10145801305770874,-0.00013571910612388826
74400,-0.00025954737793654203,4.453543047020503e-05,-3.6886983036994936,1.7166137e-07,0.0,0.10748696327209473,-0.00012143450918529197
74600,-0.00020762741041835397,1.0020423974310689e-05,-3.6887067914009095,2.3692846e-07,0.0,0.05108606815338135,-0.000130298783232341
74800,-0.00034163164673373103,3.24492300478596e-05,-3.6886998414993286,1.835823e-07,0.0,0.09645295143127441,-0.00012053732582781863
75000,-0.00023217279522214085,2.0867881630692864e-05,-3.6887217700481414,1.9669534e-07,0.0,0.16380828619003296,-0.00012515604440591633
75200,-0.00046066235518082976,3.456337485658878e-05,-3.6886600255966187,3.5911796e-07,0.0,-0.3393838405609131,-0.00015281970721128246
75400,-0.00027560058515518904,1.6684282786627592e-05,-3.688671612739563,3.4034252e-07,0.0,-0.06047487258911133,-0.00016228052851292586
75600,-0.00032774070859886706,1.2655313685172587e-05,-3.688687264919281,3.311038e-07,0.0,0.012880027294158936,-0.0001540461328652043
75800,-8.99389197002165e-05,1.5785085315656035e-05,-3.6886762380599976,2.0265578e-07,0.0,0.01336449384689331,-0.00011111509886774229
76000,-0.0004490099963732064,1.2777278345765809e-05,-3.688674032688141,2.935529e-07,0.0,0.1600092053413391,-0.00017655338296935775
76200,-0.0004437342577148229,1.3754284418610041e-05,-3.6887175500392915,2.7656554e-07,0.0,-0.11975908279418945,-0.0001553207711687321
76400,-0.00035743528860621154,1.6370745584026736e-05,-3.6887067556381226,1.8417836e-07,0.0,0.11564302444458008,-0.0001166391367377173
76600,-0.0004838822060264647,1.3778369316241879e-05,-3.6886991262435913,2.6077032e-07,0.0,0.23954421281814575,-0.0001753994042059226
76800,-0.0002810568257700652,2.9194814010224947e-05,-3.688709717988968,2.7418136e-07,0.0,0.10955488681793213,-0.00016333004706848843
77000,-0.0004776267451234162,1.9020328477381553e-05,-3.688672423362732,2.5868417e-07,0.0,-0.08261501789093018,-0.0001337090288477949
77200,-0.0003437283157836646,1.3046002891314856e-05,-3.6886784017086027,2.4020673e-07,0.0,0.11186009645462036,-0.00015076428777192064
77400,-0.00029872695449739695,2.2264317249209852e-05,-3.6886902511119843,1.8388033e-07,0.0,0.04558229446411133,-0.00012551685375328248
77600,-0.0003782174317166209,3.4219533426949055e-05,-3.6886784195899964,4.2378906e-07,0.0,0.03602254390716553,-0.00019787402441191483
77800,-0.0005320924683474004,1.3625910105474759e-05,-3.6887020647525786,3.2603742e-07,0.0,0.10613685846328735,-0.0001866613617151902
78000,-0.00028264604043215513,9.554658663546434e-06,-3.6886919736862183,1.8507242e-07,0.0,0.1732412576675415,-0.00012198992446226243
78200,-0.00032160431146621704,2.515923797545838e-05,-3.688668596744537,2.259016e-07,0.0,0.029718220233917236,-0.0001408208754044682
78400,-0.00041521177627146244,2.570313574778993e-05,-3.6887079656124113,3.2514333e-07,0.0,0.04138815402984619,-0.00017950770253174486
78600,-0.0003355959488544613,2.5849681424006122e-05,-3.688647282123566,4.5746566e-07,0.0,0.06340128183364868,-0.0002055796463678039
78800,-0.00020823458908125758,1.8470934151082474e-05,-3.6886663675308227,2.8431418e-07,0.0,0.07468700408935547,-0.00014673079444695868
79000,-0.0002558045380283147,2.6136277392652117e-05,-3.6886522829532624,3.8176773e-07,0.0,-0.016231775283813477,-0.0001275113748274048
79200,-0.0004105837142560631,1.4330054841593665e-05,-3.688694876432419,2.619624e-07,0.0,-0.03425002098083496,-0.00015172795266698013
79400,-0.0003924141637980938,1.1546838288722938e-05,-3.6886612713336944,2.8073788e-07,0.0,-0.12055528163909912,-0.00016622596910758068
79600,-0.00030992922256700695,1.634646921502281e-05,-3.688666898012161,2.1636487e-07,0.0,0.047509074211120605,-0.00013136970963996132
79800,-0.0004118401266168803,1.794763832094759e-05,-3.688642978668213,2.9623507e-07,0.0,0.15164631605148315,-0.00016186846844172819
80000,-0.0002644497435539961,2.138703139280551e-05,-3.6886636674404145,2.5779008e-07,0.0,0.12467324733734131,-0.00015919028430818049
80200,-0.00014133439981378615,2.0360095118121534e-05,-3.688664364814758,2.0027161e-07,0.0,0.08064484596252441,-0.00012188386893488001
80400,-0.000264621339738369,2.5589104689061058e-05,-3.6886676073074343,2.5272368e-07,0.0,0.04668492078781128,-0.00015171524838342165
80600,-0.00020604379824362695,9.354231744396202e-06,-3.68870130777359,1.963973e-07,0.0,-2.713979721069336,-0.00011799754202788116
80800,-0.00021239292982500046,6.546939069096425e-06,-3.6886431872844696,2.1785496e-07,0.0,-0.5883673429489136,-0.00010997532399906751
81000,-0.000599714636337012,4.220954936329236e-06,-3.688687926530838,4.273653e-07,0.0,0.1260729432106018,-0.0002191441898299118
81200,-0.00024928650236688554,3.1797126851529356e-06,-3.6886797666549684,2.2560359e-07,0.0,-0.10075974464416504,-0.00013223367953436594
81400,-0.00012355732906144112,2.2298846907631286e-06,-3.688671588897705,1.1473894e-07,0.0,-0.98158860206604,-9.05908047108106e-05
81600,-0.0003582163481041789,1.7386819777698292e-06,-3.6886765122413636,2.0235777e-07,0.0,-1.1334667205810547,-0.00011879532694010208
81800,-0.00022743163572158664,1.352889353967157e-06,-3.6886537969112396,1.6301871e-07,0.0,-4.59445333480835,-8.834686915442092e-05
82000,-0.00014226649363990873,1.1807453446976978e-06,-3.6886549592018127,8.5234646e-08,0.0,-7.328798294067383,-5.767940773289126e-05
82200,-0.00016186425636988133,1.2216072448723026e-06,-3.6886538445949553,8.523464e-08,0.0,-9.629572868347168,-5.2054956265146224e-05
82400,-0.00013409719394985586,1.550351412049622e-06,-3.688662421703339,8.016825e-08,0.0,-24.34328842163086,-7.241034530220958e-05
82600,-0.00011853347677970305,1.1042381117931655e-06,-3.688659590482712,9.6559525e-08,0.0,-16.5861873626709,-6.340381538920692e-05
82800,-7.799236482242122e-05,1.2346234356641617e-06,-3.688631200790405,8.136034e-08,0.0,-26.044517517089844,-4.8067197262113835e-05
83000,-6.10704009886831e-05,8.492213090960376e-07,-3.6886730551719666,5.1259995e-08,0.0,-17.78297996520996,-5.22700548867272e-05
83200,-0.00019043940119445324,9.869979258780858e-07,-3.6886584043502806,1.1622906e-07,0.0,-27.29875373840332,-7.343187118289408e-05
83400,-0.0001870247069746256,9.787757768719985e-07,-3.688642317056656,1.4960767e-07,0.0,-19.655372619628906,-6.8427533535953e-05
83600,-9.507988579571247e-05,6.829102119354502e-07,-3.688640367984772,6.4969065e-08,0.0,-24.94635581970215,-4.893128562999394e-05
83800,-0.00016257748939096928,5.900753972554184e-07,-3.6886040389537813,1.4930964e-07,0.0,-19.26641845703125,-5.9308290068771366e-05
84000,-0.00011290352267678827,9.63279357790725e-07,-3.6886648416519163,1.2874602e-07,0.0,-30.740278244018555,-7.842398449704468e-05
84200,-0.00023367087123915553,8.215014567269918e-07,-3.6886621713638306,1.09374525e-07,0.0,-29.180057525634766,-8.58312250946458e-05
84400,-0.00022155989427119493,4.859912024812729e-07,-3.6886225044727325,1.3440848e-07,0.0,-19.445390701293945,-6.610897565277885e-05
84600,-0.0001800880127120763,3.4080355284515915e-07,-3.6885943353176116,8.732081e-08,0.0,-29.910974502563477,-5.192901206019229e-05
84800,-9.53370108618401e-05,4.958033990476451e-07,-3.6886146664619446,1.4066697e-07,0.0,-29.220563888549805,-6.591491389105198e-05
85000,-0.00011749300028895959,2.9151919294090335e-07,-3.6886323392391205,1.06394296e-07,0.0,-20.48069190979004,-5.493813023877969e-05
85200,-0.00018499110592529178,4.693244629372373e-07,-3.6886458456516267,1.2725592e-07,0.0,-20.553340911865234,-6.858042634962924e-05
85400,-0.0002282943605678156,3.03353567332465e-07,-3.688625466823578,2.30968e-07,0.0,-19.956558227539062,-7.757836567443555e-05
85600,-0.00022719462867826223,2.53531021554565e-07,-3.688652014732361,1.8715858e-07,0.0,-16.931560516357422,-7.680630726110138e-05
85800,-0.00020348129328340292,3.4570359268570884e-07,-3.688661295175552,1.14440915e-07,0.0,-24.94200897216797,-7.463735370074608e-05
86000,-0.00021761107200291008,3.1057376190801735e-07,-3.6886495649814606,2.0205975e-07,0.0,-26.66075897216797,-9.848077486919182e-05
86200,-0.00013374205445870757,2.9145764024463006e-07,-3.6886607825756075,7.7486035e-08,0.0,-26.70479965209961,-4.7836840097770227e-05
86400,-0.0002595041587483138,2.1557843190578297e-07,-3.688654452562332,2.4318695e-07,0.0,-15.949024200439453,-8.594633644229966e-05
86600,-0.0001350242382613942,1.5325776843155835e-07,-3.6886256515979765,1.6897917e-07,0.0,-22.264888763427734,-7.01727201371849e-05
86800,-0.0001593500201124698,2.1467732693736253e-07,-3.688644230365753,1.0758638e-07,0.0,-20.699026107788086,-6.504994619798144e-05
87000,-0.00016097279149107635,1.5623970881506465e-07,-3.688673120737076,8.6724754e-08,0.0,-29.964365005493164,-5.7442068970203765e-05
87200,-0.0001514922914793715,1.6874793704602097e-07,-3.688670241832733,1.0877848e-07,0.0,-27.486631393432617,-7.109810382656123e-05
87400,-0.00032927372376434505,1.3621659764595506e-07,-3.688659393787384,1.8417836e-07,0.0,-34.37013626098633,-9.292603974000446e-05
87600,-0.0002136704424628988,6.948831750008822e-08,-3.6886347830295563,1.7255545e-07,0.0,-19.83858871459961,-7.158900834974835e-05
87800,-0.00019032758427783847,9.943324315031532e-08,-3.6886403441429136,1.0371208e-07,0.0,-44.032230377197266,-5.0618887072362284e-05
88000,-0.00021054071839898825,7.023812562678699e-08,-3.688647073507309,1.7583369e-07,0.0,-34.8972053527832,-9.163001145027217e-05
88200,-0.0001420082844560966,5.29572268481715e-08,-3.6886357188224794,1.01923945e-07,0.0,-22.19354248046875,-5.0092696867998224e-05
88400,-0.00019502390932757407,6.08626433695747e-08,-3.6886319756507873,2.0951032e-07,0.0,-32.404388427734375,-8.777347294781634e-05
88600,-0.0002629535156302154,6.252370940984519e-08,-3.688657134771347,1.385808e-07,0.0,-34.37382507324219,-7.91924751403661e-05
88800,-8.878079825080931e-05,3.7404916963801325e-08,-3.6886561810970306,1.3947488e-07,0.0,-31.93154525756836,-5.6025863043540625e-05
89000,-0.00034911936381831765,3.7066491831438955e-08,-3.68859116435051,4.4316053e-07,0.0,-0.6226989030838013,-0.0001405477828130941
89200,-0.00015031745715532452,3.539092632287577e-08,-3.688683348894119,1.3381243e-07,0.0,-17.36075210571289,-5.927855111331759e-05
89400,-0.00027288758428767323,1.7961880716121924e-08,-3.6886298775672914,2.0951032e-07,0.0,-20.369544982910156,-8.342507460668003e-05
89600,-0.0002632466785144061,1.2091709555850371e-08,-3.6886245369911195,2.2023917e-07,0.0,-29.71794319152832,-0.00010482269565752489
89800,-0.00015959840675350279,1.2403028859520049e-08,-3.688644367456436,1.1473894e-07,0.0,-19.053171157836914,-6.130798191161801e-05
90000,-0.00032591039780527353,2.46492226407824e-08,-3.6886322855949403,2.142787e-07,0.0,-29.18035125732422,-8.842811019675878e-05
90200,-0.00022921447816770524,2.2199604621242484e-08,-3.688660830259323,1.5109778e-07,0.0,-27.3763370513916,-8.537283494023385e-05
90400,-0.00020923178817611188,1.826547325611827e-08,-3.6886357367038727,1.6957522e-07,0.0,-19.34757423400879,-8.516057583769498e-05
90600,-0.000259082909906283,9.953880253377178e-09,-3.688652294874191,2.092123e-07,0.0,-14.146360397338867,-9.588491989120929e-05
90800,-0.00021660042693838477,8.751038060861305e-09,-3.6886122167110442,2.6524066e-07,0.0,-13.294291496276855,-0.00010600496884063392
91000,-0.00025697294040583074,9.298102177091039e-09,-3.6886516928672792,3.391504e-07,0.0,-1.0020020008087158,-0.0001431806989824036
91200,-0.00017261698667425662,6.862757212511283e-09,-3.688622570037842,2.2500754e-07,0.0,-6.879169940948486,-9.041671405567442e-05
91400,-0.00028439692687243223,9.049513727266145e-09,-3.688660794496536,2.527237e-07,0.0,-14.1245756149292,-0.00012100251704043608
91600,-0.00013336438860278577,6.828559878657714e-09,-3.688652312755585,1.835823e-07,0.0,-12.617618560791016,-9.47074587622776e-05
91800,-0.0004155190254095942,2.7534826085862107e-09,-3.688585728406906,7.2062016e-07,0.0,-17.489965438842773,-0.0002184062473168158
92000,-0.00010847017983905971,8.349854585532057e-09,-3.6886429309844972,2.2888183e-07,0.0,-12.186666488647461,-9.68302633621132e-05
92200,-0.00028060388285666704,7.854618039315753e-09,-3.6886509358882904,3.3408404e-07,0.0,-0.47389018535614014,-0.00015201509665307977
92400,-0.00024116878921631724,6.009405528750733e-09,-3.688606524467468,2.795458e-07,0.0,-13.860060691833496,-0.00011124649614062676
92600,-0.00021586572984233499,5.746022740948931e-09,-3.688603472709656,2.115965e-07,0.0,-10.187053680419922,-9.70701061788759e-05
92800,-0.0004900966305285692,2.5250393970166486e-09,-3.6885837256908416,6.6936013e-07,0.0,-6.980288028717041,-0.00024377480105157722
93000,-0.00039170970558188856,6.1887145130778975e-09,-3.6886118173599245,2.6196244e-07,0.0,-8.292996406555176,-0.00010672175949277829
93200,-0.0002702332567423582,9.327844241457939e-09,-3.68860582113266,2.0861626e-07,0.0,-10.827314376831055,-0.00010162591918678743
93400,-0.00021612181444652379,4.282001048183659e-09,-3.688619863986969,2.69413e-07,0.0,-8.204212188720703,-0.00010769450616034958
93600,-0.00032935856143012643,5.926925472632405e-09,-3.688613939285278,2.4348498e-07,0.0,-4.661138534545898,-0.00013409316520153204
93800,-0.0002574710815679282,9.1257011503032e-09,-3.6885974764823914,3.0517577e-07,0.0,-3.092855453491211,-0.0001240510499231906
94000,-0.0001914457097882405,7.376378680090667e-09,-3.6886315405368806,1.4364718e-07,0.0,-11.137325286865234,-7.266902855713741e-05
94200,-0.00017554318765178323,5.873316544224849e-09,-3.688612276315689,1.6361476e-07,0.0,-6.875243663787842,-8.730757539433531e-05
94400,-0.00024022407887969166,6.92725892204038e-09,-3.688589113950729,2.5689602e-07,0.0,-2.040853500366211,-0.00010692724503900131
94600,-0.00019197490473743528,7.060673706815735e-09,-3.6886181354522707,1.9490719e-07,0.0,-8.959178924560547,-9.644001710569227e-05
94800,-0.00030580730526708066,4.327841007789601e-09,-3.6886176824569703,3.3676622e-07,0.0,-0.27734947204589844,-0.00014215790496069358
95000,-0.0002736177702900022,4.223299657213353e-09,-3.6885993421077727,2.9921532e-07,0.0,-16.96159553527832,-0.0001143111055851076
95200,-0.00028355693211779,6.666050567094573e-09,-3.6886138916015625,1.9460916e-07,0.0,-9.792186737060547,-9.953679512795244e-05
95400,-0.00023620191495865583,6.483106967936081e-09,-3.688655287027359,1.9133091e-07,0.0,-2.43098783493042,-0.00011249371497865646
95600,-0.0002228520024800673,4.905271164257208e-09,-3.6886171460151673,1.8149613e-07,0.0,-4.777096271514893,-9.486858613740878e-05
95800,-0.00022300939599517733,5.938319136422621e-09,-3.6885903060436247,2.0891429e-07,0.0,-6.835522174835205,-8.544590310552991e-05
96000,-0.00015689566498622298,7.2072497303565795e-09,-3.688621687889099,1.6093253e-07,0.0,-6.484013080596924,-7.598231005199186e-05
96200,-0.0002740447234828025,4.302315992354977e-09,-3.68861403465271,2.0712613e-07,0.0,-3.920602798461914,-0.00010779137134733218
96400,-0.0004891183925792575,3.7969472233001514e-09,-3.6885857045650483,3.8981437e-07,0.0,-4.487717628479004,-0.00014535758662570508
96600,-0.00033864722354337573,6.528297635810532e-09,-3.6886132061481476,3.451109e-07,0.0,-6.344766616821289,-0.00012409132006818702
96800,-0.0002910934272222221,3.5528336134182935e-09,-3.688586187362671,3.07858e-07,0.0,-9.48426628112793,-0.00013001452438902162
97000,-0.00019231531769037247,6.241280914309754e-09,-3.688629275560379,2.5361777e-07,0.0,-10.553421974182129,-0.00012778833531617017
97200,-0.000195363987586461,5.826202420511351e-09,-3.688614785671234,3.4153462e-07,0.0,-9.267064094543457,-0.000143143249909361
97400,-0.00018902534793596715,5.59288311496875e-09,-3.6886008620262145,2.3335218e-07,0.0,-10.922340393066406,-8.844586453515824e-05
97600,-0.00059364119078964,4.472777337394263e-09,-3.6885758519172667,7.2538853e-07,0.0,-8.62260913848877,-0.0002467510124057437
97800,-0.00039839884266257286,5.607731662360394e-09,-3.6885882556438445,2.9683113e-07,0.0,-9.116280555725098,-9.512432625298217e-05
98000,-0.00019999107462354004,4.6596413422195225e-09,-3.688595086336136,4.839897e-07,0.0,-3.1987476348876953,-0.00016711453685407384
98200,-0.0002734519075602293,5.775760497650495e-09,-3.6886346101760865,1.859665e-07,0.0,-9.610818862915039,-0.00010945269586093431
98400,-0.0005369039718061686,4.002044839968022e-09,-3.688578152656555,5.3435565e-07,0.0,-6.416930198669434,-0.0002130428165061815
98600,-0.000420166936237365,6.940888008788448e-09,-3.688591516017914,4.5508148e-07,0.0,-2.377542018890381,-0.00015706870703047215
98800,-0.000305035850033164,4.6031349398845124e-09,-3.6886344850063324,3.3318994e-07,0.0,-11.038249969482422,-0.00011931216676385193
99000,-0.0003708598669618368,4.233010492127321e-09,-3.6886274218559265,2.6524066e-07,0.0,-2.826561689376831,-0.0001273738664310131
99200,-4.324018664192408e-05,4.632855671315994e-09,-3.6886406362056734,2.8461218e-07,0.0,-7.504581451416016,-0.00011026536660080355
99400,-0.00025672183255665004,4.612776371981653e-09,-3.6886110663414002,1.6659499e-07,0.0,-5.677842140197754,-9.527025393536448e-05
99600,-0.00020753094577230513,5.12172493305485e-09,-3.6886197328567505,1.2785196e-07,0.0,-5.171172618865967,-8.79040888300986e-05
99800,-0.00020555091032292694,4.0251448452099934e-09,-3.6886147379875185,2.092123e-07,0.0,-8.359933853149414,-0.00011257936053248319
100000,-0.00026975778746418655,6.466199509169712e-09,-3.6885981142520903,2.2083522e-07,0.0,-5.706967830657959,-9.186051733252043e-05
100200,-0.00032534770434722304,5.22908925049137e-09,-3.688614046573639,3.3229588e-07,0.0,-6.167643070220947,-0.0001392724209809959
100400,-0.00014389544958248734,4.062720365682893e-09,-3.688628816604614,1.9311905e-07,0.0,-12.787483215332031,-9.973798653324372e-05
100600,-0.00027786026475951076,6.701414284604468e-09,-3.6886115312576293,2.7626754e-07,0.0,-10.487846374511719,-0.00011405089495963305
100800,-0.0004213582433294505,5.264532043636194e-09,-3.688597911596298,3.8206576e-07,0.0,-5.455167293548584,-0.00012682179387990544
101000,-0.00025109172565862536,4.5596422026950025e-09,-3.688619667291641,2.1785499e-07,0.0,-3.444833755493164,-0.00010396434406403365
101200,-0.0002347093977732584,6.39011998870842e-09,-3.68863388299942,2.0563601e-07,0.0,-5.826268196105957,-0.00010460464081725185
101400,-0.0002653083356563002,5.621075155337607e-09,-3.688640260696411,1.5437604e-07,0.0,-6.781473159790039,-7.250227081079252e-05
101600,-0.00018950895173475146,8.533637230190295e-09,-3.688645935058594,1.16527076e-07,0.0,-7.569196701049805,-8.09812402084109e-05
101800,-0.00028426494100131094,3.1315555315547526e-09,-3.6885995984077455,2.9742716e-07,0.0,-7.665367126464844,-0.0001408744346464319
102000,-8.537385292584077e-05,6.621264186934539e-09,-3.6886156380176542,1.6510486e-07,0.0,-6.054605960845947,-8.590986582305559e-05
102200,-0.0002679608587641269,5.259186564021689e-09,-3.6886097371578215,1.7464161e-07,0.0,-8.163166999816895,-7.659145860474669e-05
102400,-0.0003692330210469663,2.9723688232952128e-09,-3.688618528842926,2.783537e-07,0.0,-1.1579549312591553,-0.00016253315686480806
102600,-0.00020563470025081187,7.120016720651989e-09,-3.6886068105697634,2.2828578e-07,0.0,-7.110440254211426,-0.00011915650848517422
102800,-0.0005641753086820245,6.475849145815005e-09,-3.688603127002716,4.5210123e-07,0.0,-0.07416176795959473,-0.00021762051632712165
103000,-0.00023147440515458584,9.608268358718419e-09,-3.688618391752243,1.9669534e-07,0.0,-6.421526908874512,-9.801572557284199e-05
103200,-0.0002430881722830236,7.914181965329448e-09,-3.6886222660541534,1.424551e-07,0.0,-8.1011323928833,-8.314637812361081e-05
103400,-0.00025590427685528994,7.4470131894432965e-09,-3.688589960336685,3.4719707e-07,0.0,-1.2874958515167236,-0.00011816801111046438
103600,-0.0003028013161383569,1.072149337089101e-08,-3.6886378645896913,1.9401311e-07,0.0,-3.012240409851074,-0.00011110477217533
103800,-0.00047142471885308623,5.196961105902176e-09,-3.6885859251022337,3.519654e-07,0.0,-7.136791229248047,-0.000142658259348305
104000,-0.00032235003891400993,5.616064441271718e-09,-3.6885663986206056,4.2051073e-07,0.0,-5.862951278686523,-0.00012209129373910165
104200,-0.0003873853129334748,6.228893950632753e-09,-3.6886047244071962,3.659725e-07,0.0,-7.634677886962891,-0.00015896572151181677
104400,-0.00028525557718239725,4.774379563921016e-09,-3.6885908246040344,3.7759543e-07,0.0,-7.984409332275391,-0.00014886970018470613
104600,-0.0004246733442414552,3.887170690886066e-09,-3.688606733083725,3.6120414e-07,0.0,-1.0832347869873047,-0.00017135014475377908
104800,-0.00031716973171569407,4.631568101265415e-09,-3.6885852098464964,2.3335218e-07,0.0,-8.931918144226074,-0.00011567730274431032
105000,-0.00015970969980116934,5.184969026350572e-09,-3.6886253476142885,1.6152859e-07,0.0,-8.980063438415527,-9.160218463009074e-05
105200,-0.0005987313925288618,4.611897791440001e-09,-3.6886014521121977,5.310774e-07,0.0,-8.188735961914062,-0.00021226648967624938
105400,-0.000339021731633693,8.541664475725242e-09,-3.688592916727066,2.4050473e-07,0.0,-7.596774101257324,-0.00011983676138744847
105600,-0.0001802423212211579,6.0539164348227816e-09,-3.68860125541687,2.0921232e-07,0.0,-4.876656532287598,-9.599652896156164e-05
105800,-0.0003071572573389858,4.92607942215173e-09,-3.6885929882526396,3.8087367e-07,0.0,-12.343250274658203,-0.00013405747702222026
106000,-0.0004073571471963078,8.117642141813874e-09,-3.688579499721527,2.402067e-07,0.0,-2.4252853393554688,-0.00011412598974805955
106200,-0.0002945868473034352,5.9066057156442754e-09,-3.6886175215244292,2.2143125e-07,0.0,-6.76530122756958,-0.00011498552491298192
106400,-0.0003374795778654516,4.549214566162973e-09,-3.688582956790924,3.680587e-07,0.0,-7.537221908569336,-0.0001274882841876046
106600,-0.0002931195485871285,2.9017826475019604e-09,-3.688592845201492,1.9967555e-07,0.0,-5.340648651123047,-0.00010738076274758867
106800,-0.0002445806167088449,7.030248355688329e-09,-3.6885750949382783,2.7090312e-07,0.0,-5.332282066345215,-0.00010292641780198508
107000,-0.00020934831991326064,4.5776017032483905e-09,-3.68858460187912,2.6971102e-07,0.0,-9.318497657775879,-0.00011518020135656837
107200,-0.00011705954239005223,4.399595382453825e-09,-3.68858118057251,2.1487475e-07,0.0,-7.442193031311035,-0.00010704071785596624
107400,-0.0002270634868182242,6.029998739220943e-09,-3.688551652431488,3.1650066e-07,0.0,-2.2633068561553955,-0.00013943693755765762
107600,-0.00019600345694925636,6.581260619809015e-09,-3.6886129558086393,2.7030705e-07,0.0,-12.376046180725098,-0.00010761901091833614
107800,-0.00034635019255802035,4.967616618056781e-09,-3.6886102199554442,2.399087e-07,0.0,-11.627741813659668,-0.00013598342576814915
108000,-0.0002009835880016908,9.327727579222512e-09,-3.6886095285415648,1.4334917e-07,0.0,-9.286457061767578,-8.218170675826642e-05
108200,-0.00032487683347426355,2.796064577093027e-09,-3.6886225283145904,2.4050473e-07,0.0,-4.376935958862305,-0.0001324739157137822
108400,-0.0004214162763673812,6.748755548846575e-09,-3.6885710418224336,4.094839e-07,0.0,-3.6310367584228516,-0.00016447051624984832
108600,-0.000300873740343377,5.680761039350557e-09,-3.688604313135147,3.4302474e-07,0.0,-5.616635799407959,-0.00013901261944226917
108800,-0.0003636581532191485,2.651695346633787e-09,-3.6885980486869814,3.1888484e-07,0.0,-10.471126556396484,-0.00013999916644649168
109000,-0.00024839441175572574,6.8366549921261566e-09,-3.6886512458324434,1.2755395e-07,0.0,-8.408851623535156,-7.613173566662912e-05
109200,-0.00023745214275550097,6.26839971040738e-09,-3.6885981500148772,1.2964011e-07,0.0,-5.203908443450928,-6.8558559083709e-05
109400,-0.00039678963366895914,6.164737803571185e-09,-3.688583755493164,2.744794e-07,0.0,-7.516905784606934,-0.0001411675366036702
109600,-0.00021607619419228286,4.517211904531138e-09,-3.688595300912857,1.630187e-07,0.0,-4.758186340332031,-7.014521872747981e-05
109800,-0.000272341218078509,6.8235672334715506e-09,-3.688591533899307,1.8507242e-07,0.0,-6.338522911071777,-9.680177332187512e-05
110000,-0.0002494633081369102,6.076413872069253e-09,-3.688604384660721,2.4467707e-07,0.0,-6.3179168701171875,-0.00010987329485043774
110200,-0.00035807330277748406,6.021008286394292e-09,-3.688590776920319,2.5898217e-07,0.0,-14.191594123840332,-0.00013821553353068338
110400,-0.00023570751363877207,5.320566709432484e-09,-3.6885887384414673,3.8623813e-07,0.0,-6.821892261505127,-0.00012774005257214504
110600,-0.0002626974310260266,5.6224558842021825e-09,-3.688605862855911,2.8520822e-07,0.0,-10.773054122924805,-0.00012957768223682554
110800,-0.0005041941185481846,4.203217265907888e-09,-3.6885911762714385,5.7548283e-07,0.0,-2.674452304840088,-0.00014967594188999289
111000,-0.00017199321882799268,9.467323536238581e-09,-3.688611376285553,1.2338161e-07,0.0,-7.29427433013916,-6.28678201229027e-05
111200,-0.00028721493436023593,6.39005302560669e-09,-3.6886147379875185,2.0921232e-07,0.0,-6.852361679077148,-0.00011557714660170859
111400,-0.0002595400146674365,8.142518831411038e-09,-3.688653272390366,1.2755395e-07,0.0,-9.898219108581543,-7.733897080097751e-05
111600,-0.00027206691447645426,4.186711533016307e-09,-3.6886016368865966,2.3007392e-07,0.0,-1.088737964630127,-0.00011137768599294162
111800,-0.0003749484312720597,5.263162711210967e-09,-3.6885915637016295,2.8312206e-07,0.0,-3.2206525802612305,-0.00013127272641406674
112000,-0.0004133063484914601,5.4142337557738784e-09,-3.6885845363140106,4.1007996e-07,0.0,-7.451482772827148,-0.00015334967456421823
112200,-0.00026042680838145316,5.527970148300199e-09,-3.6885920464992523,2.2858381e-07,0.0,-5.749599933624268,-0.00010983632583514425
112400,-0.00040851885569281876,3.3184603120961498e-09,-3.6886145889759065,2.3305415e-07,0.0,-5.367477893829346,-0.00011779195044556712
112600,-0.00023744802456349134,5.6430260741979765e-09,-3.6885998249053955,2.1606684e-07,0.0,-6.017647743225098,-0.00010622704066360899
112800,-0.00015045875625219196,5.847467282604768e-09,-3.688597398996353,1.9788742e-07,0.0,-10.237045288085938,-0.00010756435996147617
113000,-0.00033289691782556474,3.7023613064235406e-09,-3.6885981380939485,3.20971e-07,0.0,-7.912435531616211,-0.00013927684013754772
113200,-0.00019587826682254672,5.598229119163633e-09,-3.6885935962200165,2.026558e-07,0.0,-6.623088836669922,-9.51267780114895e-05
113400,-0.000376512500224635,5.313130674311495e-09,-3.6886012613773347,2.4586916e-07,0.0,-6.168820381164551,-0.00013667845646699595
113600,-0.00034285816946066916,6.784682260452257e-09,-3.6885807037353517,2.8401612e-07,0.0,-4.079659461975098,-0.00012594646227239714
113800,-0.00027804309502243996,6.613662423271549e-09,-3.6885798990726473,3.248453e-07,0.0,-6.879361152648926,-0.00014131168286963814
114000,-0.0001628805766813457,5.7125520536160936e-09,-3.68859885931015,2.6792287e-07,0.0,-2.9055635929107666,-0.00011991074322270645
114200,-0.000235899438848719,7.305557936376772e-09,-3.6885933756828306,2.5957823e-07,0.0,-8.408945083618164,-0.00011982042695695139
114400,-0.0005517176468856633,4.236685136049801e-09,-3.6885865688323975,5.450845e-07,0.0,-10.665780067443848,-0.000153209131872023
114600,-0.00025822725729085505,9.29026916507425e-09,-3.6886174857616423,3.233552e-07,0.0,-8.202627182006836,-0.000123180776566878
114800,-0.00041596853407099843,5.304046496457104e-09,-3.6885808050632476,4.1276215e-07,0.0,-8.358190536499023,-0.0001531158322782389
115000,-0.0005534728989005089,3.171660653555897e-09,-3.68855157494545,5.424023e-07,0.0,-1.6876440048217773,-0.0001734796898746227
115200,-0.0003221816150471568,6.531861895808788e-09,-3.6886083602905275,2.6673078e-07,0.0,-9.699459075927734,-0.00011091610815334718
115400,-0.00023076316574588418,5.4973781971057175e-09,-3.6885826766490935,1.4692544e-07,0.0,-7.285199165344238,-8.51757305391665e-05
115600,-0.00027351928292773664,4.811030335227784e-09,-3.68856463432312,1.8656254e-07,0.0,-7.843941688537598,-8.520145735022578e-05
115800,-0.00023661732848268002,6.380915257286901e-09,-3.6886052787303925,2.5838614e-07,0.0,-0.8586380481719971,-0.00012716460259389883
116000,-0.00025111515424214303,6.31571836495759e-09,-3.6885543048381804,2.1904708e-07,0.0,-1.7033779621124268,-0.00010373224719757434
116200,-0.00029201272991485894,6.437074168141876e-09,-3.688584589958191,2.673268e-07,0.0,-8.228180885314941,-0.00012187057773167531
116400,-0.00035896082408726215,4.333533748512864e-09,-3.6885843336582185,2.628565e-07,0.0,-3.154693126678467,-0.00012410281686405788
116600,-0.00019452163542155176,5.64179542528187e-09,-3.6885862767696382,2.0742416e-07,0.0,-13.222979545593262,-9.46263823148108e-05
116800,-0.0003772779309656471,3.3105090890828137e-09,-3.688572871685028,2.115965e-07,0.0,-9.792044639587402,-0.00011371595489571008
117000,-0.00013309322821442038,5.415002013453574e-09,-3.688600468635559,1.129508e-07,0.0,-4.488995552062988,-6.518857133801515e-05
117200,-0.00014490696776192635,1.0706425990214541e-08,-3.6886100232601167,1.8566847e-07,0.0,-2.7989299297332764,-9.000010399518033e-05
117400,-0.00017816363833844662,4.620823657042194e-09,-3.6885774612426756,2.387166e-07,0.0,-2.040823221206665,-0.00010948030610933302
117600,-0.0003895304398611188,5.577097561548783e-09,-3.6885764420032503,2.5898217e-07,0.0,-10.802918434143066,-0.00012254971202216858
117800,-0.0003199062484782189,4.149521659613242e-09,-3.6886022984981537,2.2470952e-07,0.0,-7.724138259887695,-0.00011644973714952656
118000,-0.00018655536405276507,7.195046131114324e-09,-3.6886051833629607,2.542138e-07,0.0,-7.957490921020508,-0.00010608972622889734
118200,-0.0002007441216846928,9.39507627251146e-09,-3.6885804414749144,1.4305115e-07,0.0,-5.954835891723633,-7.383246702243884e-05
118400,-0.00023013268946669996,6.9947247549606574e-09,-3.688590669631958,2.2560357e-07,0.0,-5.662343978881836,-0.00012897565911691445
118600,-0.000540698179975152,4.733481945295992e-09,-3.6885513424873353,5.5730345e-07,0.0,-1.973146915435791,-0.0001859851024332837
118800,-0.000490910722874105,4.4641297325398455e-09,-3.6885925769805907,3.9547683e-07,0.0,-4.1994547843933105,-0.00016043611576923577
119000,-0.0003866797487717122,4.1742182543824665e-09,-3.6885398030281067,3.772974e-07,0.0,-7.984753608703613,-0.00014085446339278106
119200,-0.00015581402112729847,4.291109567677864e-09,-3.6885931551456452,1.2874602e-07,0.0,-16.34850311279297,-5.94470537236047e-05
119400,-0.00022882228950038552,4.3727295284679e-09,-3.6885478138923644,2.5957823e-07,0.0,-2.514101505279541,-0.00011170929005088759
119600,-0.00027833235799334943,6.689266829340568e-09,-3.6885230243206024,1.9907952e-07,0.0,-10.302623748779297,-9.466938721389707e-05
119800,-0.0002487400488462299,5.268185238049838e-09,-3.6885453701019286,4.053116e-07,0.0,-10.540977478027344,-0.00013404952679785254
120000,-0.00025027929223142564,5.281619211428001e-09,-3.6885163724422454,2.1755696e-07,0.0,-11.087413787841797,-9.989874050582159e-05
120200,-0.0002257639862364158,5.432042066155773e-09,-3.6885597467422486,1.7821789e-07,0.0,-9.106464385986328,-0.00010305269046013698
120400,-0.00024705228861421347,4.1847334930622536e-09,-3.6885583698749542,1.9341707e-07,0.0,-3.776772975921631,-0.0001011680214895172
120600,-0.0005529583431780338,3.167672271708888e-09,-3.688588488101959,3.4689901e-07,0.0,-11.906269073486328,-0.00014393746525831475
120800,-0.00023531162878498435,6.141422381755746e-09,-3.6885453343391417,2.1070241e-07,0.0,-2.5149176120758057,-0.0001078089024497686
121000,-0.0006026169285178185,4.449186474797529e-09,-3.6885023295879362,5.218387e-07,0.0,-2.3209455013275146,-0.00018692318367914408
121200,-0.0002015962527366355,4.640800982391724e-09,-3.688569110631943,1.6242265e-07,0.0,-7.380430221557617,-7.429183963025832e-05
121400,-0.00024570306413806975,6.731631102541158e-09,-3.6885770082473757,2.1457673e-07,0.0,-11.384321212768555,-0.00012012337140534512
121600,-0.00028575886972248554,4.06849201550763e-09,-3.688521534204483,5.4121017e-07,0.0,-3.5995683670043945,-0.00014084548504016413
121800,-0.0002186599449487403,6.718374290226592e-09,-3.6885496258735655,1.17719175e-07,0.0,-9.127538681030273,-6.76263270723787e-05
122000,-0.0002715335867833346,5.012380216440349e-09,-3.688542681932449,2.554059e-07,0.0,-6.077937602996826,-0.00010844761171187045
122200,-0.00027481705183163285,6.137995245403261e-09,-3.6885310292243956,3.2424927e-07,0.0,-6.89484167098999,-0.00011697490515221176
122400,-0.0001946146658156067,4.6730911973380526e-09,-3.6884786427021026,2.6971102e-07,0.0,-4.700036525726318,-9.740427224335102e-05
122600,-0.0002777600893750787,4.922921503780486e-09,-3.688555747270584,1.952052e-07,0.0,-8.56043815612793,-0.00011034477188767155
122800,-0.000334993441356346,5.767457567085188e-09,-3.688560265302658,2.2619963e-07,0.0,-3.2171616554260254,-0.00013623195727501257
123000,-0.0003007204213645309,7.369994464712093e-09,-3.688575750589371,2.30968e-07,0.0,-9.537540435791016,-0.00012072175795452278
123200,-0.00045098442933522165,3.451232533091542e-09,-3.6884966850280763,5.480647e-07,0.0,-5.352836608886719,-0.00019378255409669977
123400,-0.00037751946365460753,6.661593848766856e-09,-3.6885183990001678,3.2156703e-07,0.0,-9.247222900390625,-0.00012617553764449063
123600,-0.00030271074501797557,4.927701158230491e-09,-3.6885296165943147,5.298853e-07,0.0,-8.69779109954834,-0.00015149804192589046
123800,-0.00019634980708360672,4.928275526561165e-09,-3.6885430037975313,2.8401615e-07,0.0,-4.9936203956604,-0.0001179400496719829
124000,-0.00052083027549088,5.051289980739782e-09,-3.6885767817497253,4.0620566e-07,0.0,-7.379830360412598,-0.00018938293966084264
124200,-0.00025457065203227103,5.757479404344679e-09,-3.6885500967502596,1.6689302e-07,0.0,-6.762894630432129,-0.00011061956783753324
124400,-0.00034001911990344524,5.428964316989138e-09,-3.6885715663433074,2.7656554e-07,0.0,-5.071776866912842,-0.00013309719438308053
124600,-0.0003969018580392003,5.700942351527516e-09,-3.688519275188446,3.117323e-07,0.0,-4.6549296379089355,-0.00012959434855930319
124800,-0.00023150148626882583,7.777125476948754e-09,-3.6885085105895996,2.646446e-07,0.0,-6.982717990875244,-0.00010271792154346038
125000,-0.00025540063506923616,6.933437068923354e-09,-3.68852379322052,1.8775464e-07,0.0,-8.054678916931152,-8.825737226159092e-05
125200,-0.000337918201694265,4.362223365861339e-09,-3.6885550677776338,2.2649765e-07,0.0,-6.116650104522705,-0.00013265676743321465
125400,-0.00029893091414123774,5.9315152095562595e-09,-3.6885514676570894,2.026558e-07,0.0,-2.5997836589813232,-9.612359057382669e-05
125600,-0.000257871113717556,5.846195888503658e-09,-3.688550370931625,2.0354986e-07,0.0,-2.28971266746521,-0.00011219436964484685
125800,-0.0001289581268792972,4.593698960109194e-09,-3.688525992631912,2.3394821e-07,0.0,-4.256272315979004,-8.933983729333405e-05
126000,-0.0002662820043042302,5.762405019815731e-09,-3.688524729013443,2.4467704e-07,0.0,-3.5645928382873535,-8.702689437165568e-05
126200,-0.0001568227307870984,4.625093580346018e-09,-3.6885204017162323,2.7298927e-07,0.0,-7.6268510818481445,-0.00010610446757942648
126400,-0.00021896697580814362,5.476845327256896e-09,-3.688552808761597,2.4259091e-07,0.0,-6.586970329284668,-0.00011331958797597964
126600,-0.00021509872749447823,5.462618174467693e-09,-3.6885420739650727,1.5228986e-07,0.0,-7.110872268676758,-7.77855370457381e-05
126800,-0.0001661639689700678,6.77400268100925e-09,-3.688533490896225,2.1368265e-07,0.0,-8.45156192779541,-0.00010524028210545655
127000,-0.00025680396356619895,4.179451029706627e-09,-3.688527935743332,2.5719405e-07,0.0,-10.132513046264648,-0.0001304454350978812
127200,-0.0005080816918052733,3.20425864730467e-09,-3.6885267376899717,4.4703484e-07,0.0,-9.833298683166504,-0.00020704120282164507
127400,-0.0004507523844949901,4.595058133993746e-09,-3.6885327339172362,3.0368565e-07,0.0,-7.470491409301758,-0.000139855995084881
127600,-0.00016331854567397386,8.183906441416866e-09,-3.6885112285614015,2.7686357e-07,0.0,-5.355265140533447,-0.00010128593483784697
127800,-0.00010227377060800791,6.909654787223829e-09,-3.688549244403839,1.758337e-07,0.0,-7.785223960876465,-8.550716924929925e-05
128000,-0.00019976787734776735,6.199249374949645e-09,-3.6885427832603455,1.832843e-07,0.0,-7.170061111450195,-7.894711180626013e-05
128200,-0.00019246042938902974,5.746184189581172e-09,-3.6885471105575562,1.4811755e-07,0.0,-9.115204811096191,-9.14766930549149e-05
128400,-0.0002420791279291734,5.5581599045506636e-09,-3.688520538806915,2.9593707e-07,0.0,-8.195606231689453,-9.965970352834307e-05
128600,-0.0002906281442847103,7.823218683977728e-09,-3.688565284013748,1.6391277e-07,0.0,-7.576190948486328,-8.116248206556654e-05
128800,-0.00032885224209167063,4.1829551267191786e-09,-3.688532108068466,2.1427871e-07,0.0,-9.24445915222168,-0.00010581865892339559
129000,-0.00018388302123639733,6.325044177302175e-09,-3.688572698831558,1.0311604e-07,0.0,-5.227585792541504,-5.5931478975534965e-05
129200,-0.0003835800162050873,4.706656131503451e-09,-3.6885273158550262,4.2408703e-07,0.0,-8.939163208007812,-0.00014969489639939936
129400,-0.00039245703374035656,6.43570823855022e-09,-3.6885622560977938,2.861023e-07,0.0,-1.9832637310028076,-0.00011968037507503748
129600,-0.00027026302996091545,6.700483495825083e-09,-3.688569223880768,2.5957823e-07,0.0,-13.94873332977295,-0.0001148135658564975
129800,-0.0003377849352546036,4.1885732604551865e-09,-3.688514935970306,3.540516e-07,0.0,-7.457788467407227,-0.00013114186444602717
130000,-0.00013934420712757856,4.6159195299377845e-09,-3.688526713848114,2.3812056e-07,0.0,-2.91536021232605,-0.00010019780667249733
130200,-0.0002854719932656735,6.938152719015989e-09,-3.688571035861969,1.8954277e-07,0.0,-8.20635986328125,-0.00011368893175245365
130400,-0.00035965334973298013,2.5702644873559777e-09,-3.6885537445545196,3.659725e-07,0.0,-6.636468887329102,-0.0001405335589458545
130600,-0.00023390314891003072,8.295375175659813e-09,-3.688542526960373,2.3573638e-07,0.0,-6.6263861656188965,-9.633184201962575e-05
130800,-0.00021007293253205717,6.1175622401155035e-09,-3.688564342260361,2.411008e-07,0.0,-5.508986473083496,-0.00011807513968733473
131000,-0.00014528223255183548,5.903404270979351e-09,-3.688525778055191,1.8835068e-07,0.0,-13.955305099487305,-8.508035531060721e-05
131200,-0.0002359065692871809,5.866233121487596e-09,-3.6885477721691133,1.7464161e-07,0.0,-8.516508102416992,-9.91543764007563e-05
131400,-0.00029640618595294654,6.543841474249134e-09,-3.6885483503341674,1.5348198e-07,0.0,-5.454535961151123,-8.378021444432893e-05
131600,-0.000273645156994462,4.56610523835721e-09,-3.6885451436042787,3.3468007e-07,0.0,-2.9871227741241455,-0.00013173495275422553
131800,-0.0003549196699168533,5.388013157858751e-09,-3.6885371923446657,3.4987926e-07,0.0,-1.8440320491790771,-0.00013603738623407802
132000,-0.0003207736590411514,6.434560734236427e-09,-3.6885529339313505,3.1024217e-07,0.0,-9.684460639953613,-0.00012911560008683766
132200,-0.000189104481250979,4.572785838874438e-09,-3.6885318994522094,3.3229588e-07,0.0,-2.538728952407837,-0.00013771335753247626
132400,-0.00025058077881112695,7.996077155958404e-09,-3.6885959684848784,2.0712615e-07,0.0,-9.534805297851562,-0.00011790430216001014
132600,-0.0002990157518070191,9.028236824804026e-09,-3.6885757386684417,1.8894673e-07,0.0,-1.8893036842346191,-0.00010064517329124168
132800,-0.00016729856724850833,7.319215666878875e-09,-3.688550281524658,1.16825106e-07,0.0,-4.230545997619629,-7.108747242954295e-05
133000,-0.000352929113432765,6.851176193034547e-09,-3.6885153889656066,2.69115e-07,0.0,-5.631424903869629,-0.00012583470361478
133200,-0.0001644430885789916,5.56383208394351e-09,-3.688509315252304,2.0593404e-07,0.0,-2.565493583679199,-7.882820027691473e-05
133400,-0.0004847510135732591,5.600006786066203e-09,-3.6885346353054045,2.9206274e-07,0.0,-8.044025421142578,-0.00014772388179142836
133600,-0.00039813757757656276,7.820724901019815e-09,-3.6885122120380402,2.911687e-07,0.0,-2.6400058269500732,-0.00011470913106039759
133800,-0.0003541212063282728,5.9501007787510215e-09,-3.688518685102463,2.4974347e-07,0.0,-4.990509510040283,-0.00013005071894712784
134000,-0.0002201716270064935,6.036073019188848e-09,-3.6885211944580076,2.0712613e-07,0.0,-9.84514045715332,-9.58240403762245e-05
134200,-0.0006694601033814251,3.87296822945693e-09,-3.688469189405441,6.6399576e-07,0.0,-7.573826789855957,-0.0002109301681341602
134400,-0.00028861674945801497,4.6616094984131e-09,-3.688506227731705,2.7984382e-07,0.0,-1.8333451747894287,-0.00011077649860442573
134600,-0.00039965013274922967,7.0156845000113325e-09,-3.68851352930069,3.0308962e-07,0.0,-6.9681572914123535,-0.00015706887751349986
134800,-0.00030817766673862934,7.446817801293193e-09,-3.6885143280029298,1.9520522e-07,0.0,-7.34844970703125,-0.00010291162139939303
135000,-0.00014834298053756356,6.018198395185692e-09,-3.6885245561599733,1.5199184e-07,0.0,-7.776934623718262,-7.915975921674034e-05
135200,-0.00022208027075976133,4.65093275558992e-09,-3.688521409034729,2.9504298e-07,0.0,-2.447871685028076,-0.0001168259977175401
135400,-0.00030824897112324834,4.83517765270669e-09,-3.6885290145874023,2.7418136e-07,0.0,-6.324789047241211,-0.000133692369116023
135600,-0.00037582506774924695,5.373099265515436e-09,-3.6885047376155855,4.36306e-07,0.0,-4.1517534255981445,-0.000168143489990602
135800,-0.00021508247300516814,6.721431927703136e-09,-3.688499093055725,2.1070241e-07,0.0,-6.8321051597595215,-8.00455512437459e-05
136000,-0.0003215008764527738,4.034620407211697e-09,-3.6884874999523163,3.579259e-07,0.0,-2.7653095722198486,-0.0001252411459081726
136200,-0.0005586118786595762,4.864882452437769e-09,-3.6885046899318694,4.455447e-07,0.0,-11.634688377380371,-0.00020012019325621466
136400,-0.00019617864745669067,5.34953855657605e-09,-3.6885300993919374,1.8417835e-07,0.0,-5.460662841796875,-0.00010144057120123895
136600,-0.00024270972062367946,4.697106575912713e-09,-3.688486212491989,2.4974344e-07,0.0,-5.969231605529785,-9.636094378024928e-05
136800,-0.0002635974669829011,6.430933535694905e-09,-3.688530665636063,2.476573e-07,0.0,-8.516582489013672,-0.00012334372830231645
137000,-0.00038886803667992353,5.120297180694067e-09,-3.6885078310966493,2.9444695e-07,0.0,-7.583284378051758,-0.00014491633965869611
137200,-0.00021224321972113103,4.788100665953365e-09,-3.688507628440857,2.0235777e-07,0.0,-8.096397399902344,-9.746545585613831e-05
137400,-0.00014638205175288022,4.717695356593055e-09,-3.688514029979706,1.4811755e-07,0.0,-9.465569496154785,-7.038708727318266e-05
137600,-0.00023905483249109238,4.428121197497248e-09,-3.6884470701217653,3.0219556e-07,0.0,-5.474115371704102,-9.840864026768869e-05
137800,-0.0004688716435339302,5.266283353844159e-09,-3.688501214981079,3.361702e-07,0.0,-3.711456775665283,-0.0001458641249548087
138000,-0.00036776353954337537,3.706514678514239e-09,-3.688497930765152,3.913045e-07,0.0,-4.056323051452637,-0.00016312097049797636
138200,-0.00022068388352636248,5.9764299287223824e-09,-3.68852504491806,1.2010335e-07,0.0,-7.917535781860352,-7.874181171575456e-05
138400,-0.00026390800485387444,5.517161166812557e-09,-3.6885424971580507,2.6404857e-07,0.0,-11.42166519165039,-0.00013486221431691092
138600,-0.00035253449459560215,6.7285741423006584e-09,-3.6885263562202453,2.1874905e-07,0.0,-8.74044418334961,-0.00010450739080408722
138800,-0.0001476645702496171,7.063419449337971e-09,-3.6885482132434846,1.6570091e-07,0.0,-7.71939754486084,-9.528175778825699e-05
139000,-0.0005170382792130113,5.496710769881119e-09,-3.68847713470459,5.6385994e-07,0.0,-3.8957905769348145,-0.00020418871896001888
139200,-0.00033446410088799894,2.727327436113924e-09,-3.6885057032108306,3.6001205e-07,0.0,-4.535734176635742,-0.00014332857457624026
139400,-0.00039287639083340764,2.5508810619356836e-09,-3.6885029077529907,6.759167e-07,0.0,-7.883191108703613,-0.00021536890536884014
139600,-0.00026890935259871185,4.625769350896647e-09,-3.6885054230690004,3.2454727e-07,0.0,-7.013324737548828,-0.00013244781316474886
139800,-0.0004016142920590937,4.005086268188407e-09,-3.688499981164932,4.4852493e-07,0.0,-8.152776718139648,-0.00017911359662401428
140000,-0.0003338494570925832,4.047717622190916e-09,-3.688540834188461,2.7090312e-07,0.0,-11.359086036682129,-0.00015050391912296845
140200,-0.0003268662840127945,6.656325846066125e-09,-3.6884351134300233,4.2557718e-07,0.0,-9.349871635437012,-0.0001337172089777683
140400,-0.0004123551188968122,7.529605294820385e-09,-3.6885358333587646,3.1888487e-07,0.0,-5.995133876800537,-0.000148580781394686
140600,-0.0003147202078253031,3.541786036675987e-09,-3.688480532169342,2.285838e-07,0.0,-4.39137077331543,-0.00011175450643661766
140800,-0.00027687789406627417,7.431958248815817e-09,-3.688533586263657,2.1785499e-07,0.0,-10.99476146697998,-0.0001145833398557894
141000,-0.00016154460899997503,6.908405603134326e-09,-3.6884760797023772,3.6180018e-07,0.0,-6.438144683837891,-0.00011346970435166526
141200,-0.00022404745686799288,5.620235449255162e-09,-3.688479709625244,3.5554172e-07,0.0,-10.179152488708496,-0.0001453706320820647
141400,-0.0003612609289120883,5.641240663489811e-09,-3.6884979963302613,2.7388336e-07,0.0,-6.080848693847656,-0.00013040216300903574
141600,-0.0004542596871033311,3.553013316892617e-09,-3.6884604811668398,5.349517e-07,0.0,-9.717411994934082,-0.0001777030673765667
141800,-0.00037247256841510534,8.078379559739445e-09,-3.6885117292404175,3.695488e-07,0.0,-2.326275587081909,-0.00016294100800176014
142000,-0.00019710355263669044,6.624784837372388e-09,-3.688467192649841,4.0739775e-07,0.0,-2.7738702297210693,-0.00015737375562872025
142200,-9.175066952593625e-05,4.860907243386947e-09,-3.6885120570659637,1.7642975e-07,0.0,-4.829222202301025,-9.43388935227496e-05
142400,-0.00021844163711648434,3.3030942564460375e-09,-3.6884873270988465,2.3007391e-07,0.0,-8.937838554382324,-0.00011180965633617035
142600,-0.00031102000502869487,3.5517768143256136e-09,-3.6884656488895415,4.4703484e-07,0.0,-5.854065895080566,-0.0001738152496656431
142800,-0.00029713992262259126,4.302508965770002e-09,-3.68852459192276,2.935529e-07,0.0,-1.5446820259094238,-0.0001560457430447304
143000,-0.00033989635994657874,6.245214212441396e-09,-3.6884858429431917,2.4974347e-07,0.0,-7.109556198120117,-0.00010464468686854911
143200,-0.0002367623965255916,5.487122284320023e-09,-3.688472294807434,1.5735627e-07,0.0,-9.061083793640137,-8.499123141509912e-05
143400,-0.000484632037114352,3.910922252714499e-09,-3.688498479127884,4.4107435e-07,0.0,-11.275501251220703,-0.0001578496547944841
143600,-0.00025474122958257794,6.203379315783408e-09,-3.688503974676132,2.142787e-07,0.0,-7.641648292541504,-0.00011428707865808185
143800,-0.00013086294347885996,5.073257447474333e-09,-3.6884462237358093,1.5556813e-07,0.0,-9.175540924072266,-6.331456461738938e-05
144000,-0.0001673001970630139,5.9366997318122115e-09,-3.688475692272186,2.193451e-07,0.0,-7.798791885375977,-9.858310175498985e-05
144200,-0.00033033269573934376,7.408159730104557e-09,-3.6885079443454742,3.6090614e-07,0.0,-7.96585750579834,-0.0001286088534220964
144400,-0.0001776685967342928,5.109973438832683e-09,-3.6885208547115327,9.089709e-08,0.0,-6.948863506317139,-6.731209489578838e-05
144600,-0.00015662336954846978,7.815319497117557e-09,-3.6884865880012514,2.1904707e-07,0.0,-5.96187162399292,-0.00011137514609140808
144800,-0.00024175085127353668,6.201395363891749e-09,-3.6884671986103057,1.552701e-07,0.0,-4.552863121032715,-7.898804466999199e-05
145000,-0.0003102283808402717,4.406208997664862e-09,-3.688417357206345,2.3961067e-07,0.0,-9.968438148498535,-0.00012008905355243016
145200,-0.0002081851998809725,2.87110415442271e-09,-3.688479793071747,2.7984382e-07,0.0,-7.2223052978515625,-0.0001282541152631822
145400,-0.0002916643279604614,7.907629173686814e-09,-3.6884990274906158,2.7567148e-07,0.0,-6.889106750488281,-0.0001309921891504473
145600,-0.00020928126468788832,7.175777888557278e-09,-3.688496154546738,2.0533798e-07,0.0,-9.469529151916504,-8.68449881265887e-05
145800,-0.00011923053534701467,4.785379242866483e-09,-3.688427287340164,2.1040441e-07,0.0,-4.883703231811523,-8.417791169699207e-05
146000,-0.0002464943390805274,4.122035401898927e-09,-3.6884470224380492,4.1604042e-07,0.0,-9.011198043823242,-0.00013813617892435292
146200,-0.00031138857593759894,7.431297316395913e-09,-3.68848574757576,3.606081e-07,0.0,-7.198580741882324,-0.00012736873345988998
146400,-0.0003566042287275195,2.5842958162325404e-09,-3.688450413942337,4.9263235e-07,0.0,-4.184820652008057,-0.00017342959279558756
146600,-0.0003655342443380505,4.597887259816247e-09,-3.688436496257782,3.8653613e-07,0.0,-8.434269905090332,-0.00014958618721857552
146800,-0.00016128110291901976,7.491883619037409e-09,-3.6885264456272124,1.1980534e-07,0.0,-7.643193244934082,-6.451463712204287e-05
147000,-0.00047271460061892867,4.488904614685651e-09,-3.6884336888790132,7.1436165e-07,0.0,-8.861416816711426,-0.00025178891608583774
147200,-0.00017389387357980013,7.442855365358269e-09,-3.6884595096111297,2.5510786e-07,0.0,-1.594489336013794,-0.00010446915080297714
147400,-0.000308320828480646,7.704824200871485e-09,-3.688500648736954,3.1650066e-07,0.0,-4.977266311645508,-0.00011440922329779557
147600,-0.00029488891595974565,5.505782402215331e-09,-3.688481402397156,3.1799078e-07,0.0,-1.6138393878936768,-0.00016943039082502055
147800,-0.0003125200455542654,7.195338824761421e-09,-3.688458186388016,2.220273e-07,0.0,-9.332565307617188,-0.00010381365541389798
148000,-0.0002861997054424137,5.728044288888512e-09,-3.688488966226578,2.3812055e-07,0.0,-5.670314311981201,-0.00011524999894039212
148200,-0.0002576969563961029,6.61263050427685e-09,-3.688522660732269,2.8789043e-07,0.0,-7.452948570251465,-0.00014907056068955705
148400,-0.00033939004060812294,5.406987191314272e-09,-3.6885065257549288,3.096461e-07,0.0,-4.45181941986084,-0.00014574992617917283
148600,-0.00029051705496385694,1.8259526959885085e-09,-3.688501352071762,2.324581e-07,0.0,-2.661309242248535,-0.000109157599815779
148800,-0.00034082579077221453,5.410600156796619e-09,-3.6884457051753996,5.209446e-07,0.0,-10.123831748962402,-0.000141203083340824
149000,-0.0002795241598505527,4.081471538519565e-09,-3.688522017002106,1.5735625e-07,0.0,-7.064142227172852,-9.852114351480701e-05
149200,-0.00044550671009346843,5.147422399431889e-09,-3.6884956538677214,3.3676625e-07,0.0,-4.663671970367432,-0.0001441526570406415
149400,-0.0002238112356280908,4.575136219875375e-09,-3.6885399222373962,1.8715859e-07,0.0,-10.464577674865723,-0.00010232030652883584
149600,-0.00021720980294048786,3.8315397243859906e-09,-3.6885132491588593,2.8818843e-07,0.0,-12.863061904907227,-0.00012344653877107702
149800,-0.0003878412826452404,3.185211278067257e-09,-3.6885107696056365,2.3633243e-07,0.0,-2.337350845336914,-0.00011936568807595638
150000,-0.00016673993377480656,7.3528610367024075e-09,-3.6885691225528716,1.1920929e-07,0.0,-7.850823402404785,-7.579638076424811e-05
150200,-0.00010076990292873234,5.1717632287839875e-09,-3.6885253190994263,1.1503697e-07,0.0,-7.507035255432129,-6.654247597714935e-05
150400,-0.00016191649774555117,7.162557269513314e-09,-3.6884712278842926,1.9699337e-07,0.0,-6.248647212982178,-8.252608236574144e-05
150600,-0.00019450458057690412,4.435171019334661e-09,-3.6885299265384672,2.4706125e-07,0.0,-4.365044116973877,-0.00013715376018188507
150800,-0.0003378112451173365,7.666081514035028e-09,-3.6885723054409025,2.1010638e-07,0.0,-6.886101245880127,-0.00011893461681293793
151000,-0.00015436871035490185,6.334683877451397e-09,-3.6885271966457367,1.9401313e-07,0.0,-8.684507369995117,-8.757350994388346e-05
151200,-0.00019704250735230744,3.698466705115422e-09,-3.6884596049785614,5.00679e-07,0.0,-7.127696990966797,-0.00015389903652618386
151400,-0.0003521117032505572,5.331148872356195e-09,-3.688532346487045,2.3961067e-07,0.0,-9.38723087310791,-0.00013444976646774797
151600,-0.0002763515221886337,5.858976509509617e-09,-3.6885266602039337,1.361966e-07,0.0,-7.96529483795166,-6.560320423683041e-05
151800,-0.0002849031297955662,7.52038472606742e-09,-3.688549041748047,2.1666288e-07,0.0,-6.080459117889404,-0.00011532015319586364
152000,-0.00023293467529583722,7.1353649988559195e-09,-3.688516044616699,2.476573e-07,0.0,-5.757580280303955,-0.00010468206512497247
152200,-0.00013265370216686279,7.869741047716872e-09,-3.6885207891464233,1.8715858e-07,0.0,-6.848541736602783,-9.316215663531801e-05
152400,-0.00026484805857762694,3.699066880580304e-09,-3.6885318040847777,3.3438207e-07,0.0,-9.124448776245117,-0.00015569276401483645
152600,-0.00019928233814425766,4.7956878829191755e-09,-3.6884858548641204,2.360344e-07,0.0,-5.940916061401367,-0.00010912162115901402
152800,-0.00013853612472303212,7.057138062815938e-09,-3.688502311706543,3.8981437e-07,0.0,-6.235971927642822,-0.00012542324576951812
153000,-0.00012935440463479608,5.4460838005976345e-09,-3.6885072767734526,1.9907951e-07,0.0,-8.098628997802734,-7.647015924283629e-05
153200,-0.00026838944177143276,5.5107908514262505e-09,-3.6885096549987795,2.8431415e-07,0.0,-8.320549011230469,-0.00013090271489750726
153400,-0.0002492987841833383,2.9555102587508487e-09,-3.6885221779346464,1.770258e-07,0.0,-8.587017059326172,-8.683818526691311e-05
153600,-0.00030778019572608173,5.6057553377009125e-09,-3.6885362327098847,2.7269124e-07,0.0,-8.652755737304688,-0.00010498918573119687
153800,-0.00032582288258709013,6.078673553400193e-09,-3.6885112285614015,4.196167e-07,0.0,-3.870530605316162,-0.00016612458214759762
154000,-0.00013827637303620577,1.1109668618392022e-08,-3.6885340094566343,2.1517278e-07,0.0,-5.833503723144531,-0.00010238616219726548
154200,-0.0005289148539304733,5.302038375010199e-09,-3.688485825061798,4.2051076e-07,0.0,-8.806828498840332,-0.00015560010057646956
154400,-0.0003157694882247597,4.755219679131173e-09,-3.6884684562683105,2.9325486e-07,0.0,-7.78938102722168,-0.00011042350632379793
154600,-0.00015693028399255127,3.885971250339182e-09,-3.6884857416152954,2.8282403e-07,0.0,-4.69085168838501,-0.00010387538212068837
154800,-0.00015041652659419924,4.6844636919507465e-09,-3.688512754440308,2.1755694e-07,0.0,-14.298476219177246,-9.585932676576814e-05
155000,-0.00028224935522302985,5.569878103184322e-09,-3.688547557592392,1.6659499e-07,0.0,-6.215030193328857,-8.292148971585921e-05
155200,-0.00020081787079107016,3.5455773428338945e-09,-3.6885177433490752,2.3514033e-07,0.0,-13.126543045043945,-0.00012481146586242886
155400,-0.00023990232148207724,4.06556622811749e-09,-3.6885303974151613,2.30968e-07,0.0,-4.054235935211182,-9.91034880819086e-05
155600,-0.0003625037206802517,4.94629505132238e-09,-3.688498431444168,3.3944843e-07,0.0,-8.691704750061035,-0.00016379381723630182
155800,-0.00036363015533424914,3.378598317782533e-09,-3.688529962301254,2.9057264e-07,0.0,-6.819441795349121,-0.0001387365694856646
156000,-0.00012757907097693533,7.461190776325566e-09,-3.6885347604751586,2.0563603e-07,0.0,-9.357911109924316,-0.00011329056303156504
156200,-0.0003661257214844227,3.6193614466606407e-09,-3.6884615659713744,3.5226344e-07,0.0,-8.074058532714844,-0.0001461289221792894
156400,-0.0002736726601142436,6.747763392489503e-09,-3.688485312461853,1.9222497e-07,0.0,-3.1317553520202637,-7.271567056363893e-05
156600,-0.00020846699771936983,4.869658171147151e-09,-3.68852881193161,1.8447638e-07,0.0,-9.758289337158203,-7.651716462055979e-05
156800,-0.000234713195823133,4.709463413687942e-09,-3.6885234653949737,3.4987926e-07,0.0,-9.44896411895752,-0.00013587452461250038
157000,-0.00026346053346060216,3.836935277834464e-09,-3.688488405942917,2.3633241e-07,0.0,-8.100013732910156,-0.00010251505759737434
157200,-0.0002440075622871518,7.034568078045922e-09,-3.688551586866379,1.8954277e-07,0.0,-7.9197540283203125,-0.0001153434216112359
157400,-0.00020073897030670196,7.007940028280757e-09,-3.688508629798889,1.4454126e-07,0.0,-6.589949131011963,-6.99413274930949e-05
157600,-0.0005944385775364935,4.742190345963238e-09,-3.688454586267471,5.635619e-07,0.0,-0.9659425020217896,-0.00020931705610696127
157800,-0.00030089670326560736,4.087851795953057e-09,-3.688548666238785,1.7315149e-07,0.0,-9.996384620666504,-8.865298357523255e-05
158000,-0.00030486329342238605,4.437954409519662e-09,-3.688452386856079,2.5093556e-07,0.0,-7.145977020263672,-0.00010694043353268735
158200,-0.00020926994329784065,6.3558136864649836e-09,-3.6885161340236663,2.0444392e-07,0.0,-8.775154113769531,-0.00010611630878406552
158400,-0.00044905178947374225,4.429748667877931e-09,-3.688510590791702,3.1292439e-07,0.0,-5.049887180328369,-0.00013882436585674896
158600,-0.0001739638828439638,7.50023309015191e-09,-3.6885427117347716,1.2367964e-07,0.0,-7.657331466674805,-7.289166756594412e-05
158800,-0.0005782851949334145,3.2567974928010556e-09,-3.688501936197281,4.0501357e-07,0.0,-8.155701637268066,-0.00016917267337226427
159000,-0.0002493142965249717,7.1456036976336176e-09,-3.688528048992157,2.5779008e-07,0.0,-6.21319055557251,-9.73399500882044e-05
159200,-0.00033665396040305495,7.007226104915887e-09,-3.688494598865509,2.771616e-07,0.0,-8.768052101135254,-0.00010753548199318174
159400,-0.0004179700626991689,4.664683528332603e-09,-3.6884944796562196,4.3720007e-07,0.0,-12.607462882995605,-0.00013679098332368688
159600,-0.0003704892878886312,5.1612906115661165e-09,-3.6885054767131806,3.9964917e-07,0.0,-0.7356019020080566,-0.00018057552024675072
159800,-0.00011263010674156249,7.234444698855924e-09,-3.6885085821151735,1.5377998e-07,0.0,-6.712186336517334,-7.419657703473525e-05
160000,-0.00038961198879405856,4.00974503045326e-09,-3.6885364949703217,3.1232832e-07,0.0,-12.342188835144043,-0.00014060836259977005
160200,-0.00022652806364931166,7.12189950347053e-09,-3.6885306596755982,2.5510786e-07,0.0,-3.3568930625915527,-0.00011465553240554981
160400,-0.00035811957786791027,7.684701419652385e-09,-3.688509833812714,2.9981135e-07,0.0,-2.9014904499053955,-0.000139918957731644
160600,-0.00034686466096900403,4.4854536307425976e-09,-3.6884813487529753,3.2365324e-07,0.0,-6.7221221923828125,-0.00012907269559729871
160800,-0.00020025599224027246,4.943351128439133e-09,-3.6885013818740844,2.0027161e-07,0.0,-7.324014663696289,-0.00010334868712584822
161000,-0.00023308154777623713,4.7759711574446586e-09,-3.688467937707901,1.9043685e-07,0.0,-9.638472557067871,-9.886373568295248e-05
161200,-0.00041383091593161225,4.083440374724745e-09,-3.688489156961441,3.4183262e-07,0.0,-7.742450714111328,-0.0001517152782124498
161400,-0.00024036156537476927,6.9585108508629645e-09,-3.688468796014786,2.875924e-07,0.0,-6.481816291809082,-0.00011369794578204306
161600,-0.0002437335642753169,6.4636626107006375e-09,-3.6885215878486632,2.3037194e-07,0.0,-7.165511131286621,-0.00010631141017398704
161800,-0.00019604459521360695,5.431876287653736e-09,-3.68851033449173,3.6269427e-07,0.0,-8.733736991882324,-0.00015440537733275584
162000,-0.0004405782383400947,5.811774245190193e-09,-3.6884829461574555,3.2782555e-07,0.0,-11.225942611694336,-0.0001447961337094017
162200,-0.0002500411937944591,7.403861784771593e-09,-3.6884884238243103,1.6808511e-07,0.0,-7.399114608764648,-9.999304348582428e-05
162400,-0.0003739050298463553,3.611215992904704e-09,-3.6884615540504457,3.859401e-07,0.0,-6.793161869049072,-0.00017599260677956253
162600,-0.00032119001843966544,3.7098185690087605e-09,-3.688443493843079,6.1333185e-07,0.0,-9.99667739868164,-0.00018152756171119222
162800,-0.00024693342857062817,4.460080083035223e-09,-3.6884796917438507,5.277991e-07,0.0,-10.751605033874512,-0.0001695543745265482
163000,-0.0004017129831481725,7.182402167460467e-09,-3.688493913412094,2.744794e-07,0.0,-8.403562545776367,-0.00011898586115650644
163200,-0.0003305222780909389,7.381774103087935e-09,-3.688496232032776,2.169609e-07,0.0,-4.589823246002197,-0.0001099599372099469
163400,-0.0003386383759789169,4.527102254181514e-09,-3.6884772777557373,2.864003e-07,0.0,-2.9461538791656494,-0.00011894983044927754
163600,-0.00014148959598969668,6.415487924238405e-09,-3.6885034799575807,2.1129846e-07,0.0,-5.49374532699585,-0.00010590629311514054
163800,-0.0006493267719633877,4.00921619791994e-09,-3.688454955816269,8.037686e-07,0.0,-3.143634796142578,-0.00024185602047426257
164000,-0.00018395004735793918,6.143715300388486e-09,-3.6884319603443148,2.9683113e-07,0.0,-8.747960090637207,-0.0001237511593040974
164200,-0.0003526955842971802,4.87853738517785e-09,-3.6884264230728148,3.0249356e-07,0.0,-3.32462215423584,-0.00010744346732221022
164400,-0.00014158198609948158,5.338261998986127e-05,-3.688488858938217,2.2768975e-07,0.0,-0.41638267040252686,-0.00011042559068030755
164600,-0.0003266208223067224,2.9861332313885215e-05,-3.6885065913200377,3.1113623e-07,0.0,0.18658435344696045,-0.00013678061807880225
164800,-0.0006215222529135644,1.6189128086807613e-05,-3.68845596909523,6.2763695e-07,0.0,0.003382444381713867,-0.00024101878031475011
165000,-0.00044826979865320027,6.08223956078291e-05,-3.6885010242462157,7.092953e-07,0.0,-6.973743438720703e-05,-0.00027208609745610346
165200,-0.00042040226981043816,3.0165694442985114e-05,-3.6884424924850463,3.579259e-07,0.0,0.06136876344680786,-0.00015882173281783762
165400,-0.0004912727745249867,2.226024735136889e-05,-3.688492077589035,4.3570995e-07,0.0,0.0670735239982605,-0.0001733163008130312
165600,-0.0003763305430766195,1.7806082360039e-05,-3.6884871780872346,4.3541195e-07,0.0,0.1669653058052063,-0.0001893979822907621
165800,-0.00011164118768647313,2.4807219188005546e-05,-3.6884641528129576,2.4348498e-07,0.0,0.08646762371063232,-0.00013163198503844952
166000,-0.0005272646667435765,1.6615165918665298e-05,-3.6884830355644227,4.002452e-07,0.0,-0.004971146583557129,-0.00019196067857921718
166200,-0.0004869045515079051,1.8246141576128138e-05,-3.688424903154373,6.66678e-07,0.0,0.1513303518295288,-0.0002305349043359328
166400,-0.0002290206030011177,3.4290868461539505e-05,-3.6884586691856383,4.4107438e-07,0.0,0.06200695037841797,-0.0001967716156214827
166600,-0.00048727839021012187,4.645544959203107e-05,-3.6884421706199646,6.073713e-07,0.0,0.14016211032867432,-0.0002038127095532527
166800,-0.0005655985441990197,3.165696339237911e-05,-3.688460034132004,5.1826237e-07,0.0,0.07428097724914551,-0.0002035296784709928
167000,-0.00015357928350567818,3.141768056593719e-05,-3.688402509689331,6.210804e-07,0.0,0.05486106872558594,-0.0001892590369473035
167200,-0.0006906415219418705,2.1282983357195918e-05,-3.688448590040207,4.5090914e-07,0.0,-0.2685612440109253,-0.0002307235744583469
167400,-0.0005116568063385785,1.730213996324892e-05,-3.688431841135025,4.1484833e-07,0.0,-0.03812277317047119,-0.00018187630154291589
167600,-0.0005156690604053438,2.5551170938342694e-05,-3.6884005784988405,4.029274e-07,0.0,0.08090728521347046,-0.00018792616520346694
167800,-0.0004912095027975738,2.2175481967678933e-05,-3.6884932458400725,2.9951335e-07,0.0,-0.21639323234558105,-0.00015106544645449027
168000,-0.00045147130731493235,1.9471782115942916e-05,-3.688382053375244,5.438924e-07,0.0,0.21046948432922363,-0.00021649111687676025
168200,-0.00033825213904492557,2.6685889224609127e-05,-3.6884221911430357,5.26309e-07,0.0,0.014974057674407959,-0.00022299875234965683
168400,-0.0004984337720088661,1.537394934985059e-05,-3.6884292483329775,2.95341e-07,0.0,0.001568615436553955,-0.00016430151461142018
168600,-0.0002850856981240213,1.6614914807178137e-05,-3.68846315741539,2.7298927e-07,0.0,-0.06390893459320068,-0.00013048422329270948
168800,-0.00045784845133312047,1.734780430524552e-05,-3.688421183824539,3.501773e-07,0.0,0.16515904664993286,-0.0001919747491652579
169000,-0.0006914971163496375,3.036864127352601e-05,-3.6884328961372375,6.017089e-07,0.0,0.026676476001739502,-0.00023273037295166166
169200,-0.0003486961650196463,2.2103774017523393e-05,-3.688425624370575,2.6255847e-07,0.0,0.034115374088287354,-0.000115693717275267
169400,-0.0005740601918660104,4.637628571799723e-05,-3.688416224718094,3.916025e-07,0.0,-0.0179595947265625,-0.0001774898696992322
169600,-0.0005197441787458956,1.3306974710758369e-05,-3.6884201943874357,3.7342312e-07,0.0,-0.07125818729400635,-0.00017339126776985125
169800,-0.0004582360852509737,3.5325816497788765e-05,-3.6884412348270414,2.965331e-07,0.0,0.007068455219268799,-0.0001537276451440528
170000,-0.00041963494732044637,2.9042328105788328e-05,-3.6884403109550474,3.218651e-07,0.0,-0.017119169235229492,-0.00016323280533447893
170200,-0.00016932538710534573,3.2553956680203554e-05,-3.6884119153022765,2.1070242e-07,0.0,0.06569457054138184,-0.0001132550267130883
170400,-4.425975930644199e-05,2.3428675331160775e-05,-3.6884641349315643,2.1129847e-07,0.0,-0.018463730812072754,-0.00011403136621517263
170600,-0.00036115298280492425,1.2174269659226412e-05,-3.688497763872147,2.9712916e-07,0.0,0.09320765733718872,-0.00016129985352599796
170800,-0.000625270651653409,1.7431680134905037e-05,-3.6884549975395204,6.431341e-07,0.0,-0.07075536251068115,-0.0002771202038276188
171000,-0.000207279619644396,2.215429651641898e-05,-3.688499867916107,2.527237e-07,0.0,0.036516666412353516,-0.0001320760182420777
171200,-0.00029962894041091204,6.630803886764624e-06,-3.6885076582431795,2.530217e-07,0.0,0.16894179582595825,-0.00013983736827842818
171400,-0.0004001960624009371,1.685307840944006e-05,-3.6884639978408815,3.746152e-07,0.0,0.06453114748001099,-0.00016607980398236633
171600,-0.000484249962028116,2.066495801500423e-05,-3.688466954231262,3.167987e-07,0.0,-0.028480052947998047,-0.00015292663907167102
171800,-0.0004115472547709942,2.261368504150596e-05,-3.688460624217987,3.027916e-07,0.0,0.08235728740692139,-0.000172103971312243
172000,-0.0004185282741673291,2.7979020751445204e-05,-3.688468950986862,2.5182965e-07,0.0,0.0115889310836792,-0.00013951629407449317
172200,-0.00042626861250028014,5.239438596618129e-05,-3.6884766936302187,3.9368868e-07,0.0,0.05836385488510132,-0.00020543909930461623
172400,-0.0003386024618521333,1.0091788385580003e-05,-3.6884779930114746,2.7149915e-07,0.0,0.12459152936935425,-0.0001603364207592328
172600,-0.00037582742515951395,2.564868314038904e-05,-3.6884676218032837,2.6911496e-07,0.0,0.029047131538391113,-0.00015447420585907868
172800,-0.0003020022704731673,5.548925046241493e-05,-3.688469183444977,1.9699335e-07,0.0,0.07198649644851685,-0.00011970484259453684
173000,-0.0002601283194962889,2.3569319023408752e-05,-3.6884528517723085,2.4259091e-07,0.0,-0.0713353157043457,-0.00014214931409424204
173200,-0.0005980430287308991,1.4247716399040655e-05,-3.6884275138378144,4.374981e-07,0.0,-0.10543429851531982,-0.0002004175189790569
173400,-0.0003654144238680601,2.0733867813760298e-05,-3.68840092420578,4.87268e-07,0.0,0.025595664978027344,-0.00018328803074423304
173600,-0.0003632960724644363,1.6192545899684774e-05,-3.688390791416168,5.76973e-07,0.0,-0.05879771709442139,-0.00024481690147011294
173800,-0.00024653677246533334,1.0952191155411129e-05,-3.6884299635887148,2.7984382e-07,0.0,0.16759276390075684,-0.00011421075392741287
174000,-0.0002931065100710839,1.8109593543158554e-05,-3.6884738206863403,2.4974347e-07,0.0,-0.07260465621948242,-0.00012910574774989137
174200,-0.00019895020523108542,1.8423890696794843e-05,-3.6884582936763763,1.7911196e-07,0.0,0.11058461666107178,-0.00011280637987263198
174400,-0.0002677349839359522,1.6787051981737024e-05,-3.688467079401016,2.4139882e-07,0.0,-0.0821218490600586,-0.000151686131699158
174600,-0.00039849753375165164,1.2283423257031244e-05,-3.688455957174301,3.8057567e-07,0.0,0.05560022592544556,-0.00017305254843580364
174800,-0.00038626010064035654,2.515848514121899e-05,-3.688429224491119,3.3795834e-07,0.0,0.04432469606399536,-0.00016036125625311647
175000,-0.00034205662086606026,1.0645882161952613e-05,-3.688392901420593,3.939867e-07,0.0,0.03144103288650513,-0.0001903053526405074
175200,-0.00045852790935896337,2.0304357985878595e-05,-3.6884030222892763,3.0010938e-07,0.0,-0.05785846710205078,-0.0001527017011746512
175400,-0.00038561271503567696,1.7390659058946768e-05,-3.6883815348148348,3.1232832e-07,0.0,-0.15516650676727295,-0.00015983936607653071
175600,-0.00034221011446788907,1.5396394678646176e-05,-3.688358801603317,2.4229288e-07,0.0,-0.05375945568084717,-0.000129971250686034
175800,-0.0005284607177600265,1.675109963343857e-05,-3.6884365022182464,3.5822393e-07,0.0,0.037149667739868164,-0.0001855500672213406
176000,-0.0003335272485855967,5.0451016295482984e-05,-3.6883907079696656,2.902746e-07,0.0,0.025791466236114502,-0.00013880932223184761
176200,-0.0004054078890476376,1.1154993239870237e-05,-3.688398814201355,4.0680172e-07,0.0,0.1398037075996399,-0.00017241719308020987
176400,-0.00039493400254286826,1.7263208906115324e-05,-3.6883936643600466,2.8371812e-07,0.0,0.11661630868911743,-0.00012045203899406776
176600,-0.0003355478693265468,1.0810320077325741e-05,-3.6884108603000643,2.6583672e-07,0.0,-0.026828885078430176,-0.00015842734337601083
176800,-0.0005824946565553546,2.3547640648757805e-05,-3.6883855044841765,5.856156e-07,0.0,0.13882207870483398,-0.00024818469670686574
177000,-0.0003941326285712421,3.7032571526651736e-05,-3.6884009540081024,3.5822393e-07,0.0,0.0037125349044799805,-0.00015863012875139137
177200,-0.0005030695465393364,1.5118787996470928e-05,-3.688401538133621,4.1753054e-07,0.0,0.03971290588378906,-0.00018123726491415805
177400,-0.00028674895293079317,1.53102462491006e-05,-3.688389891386032,2.899766e-07,0.0,0.028784334659576416,-0.0001329026136899114
177600,-0.00035612465580925345,1.3216203751653665e-05,-3.6883607029914858,3.1203032e-07,0.0,0.11378693580627441,-0.00015106470091934
177800,-0.00030140503076836467,4.696286205216893e-05,-3.6883413910865785,3.6418436e-07,0.0,0.04693692922592163,-0.00016991987789969354
178000,-0.0005728687974624336,1.4665467642771545e-05,-3.688393360376358,3.656745e-07,0.0,0.08365750312805176,-0.00016859701210256568
178200,-0.0003751975018531084,2.0172922904748703e-05,-3.68843731880188,2.2858381e-07,0.0,0.07150810956954956,-0.0001261638331579995
178400,-0.0003657204797491431,4.130680558773747e-05,-3.6883238673210146,2.935529e-07,0.0,0.08478456735610962,-0.00012192288145279617
178600,-0.0004954158794134855,3.1900429166853425e-05,-3.6883995652198793,2.6643278e-07,0.0,-0.09144365787506104,-0.00014921459461242904
178800,-0.000383039063308388,3.6359791693030274e-05,-3.688372951745987,4.4733287e-07,0.0,0.06927490234375,-0.00020828381791313522
179000,-0.0003580011834856123,1.6032124426601514e-05,-3.6884294152259827,1.8179416e-07,0.0,0.2579836845397949,-0.0001333946441923306
179200,-0.0003996056620962918,1.1317578469061118e-05,-3.6883445382118225,3.156066e-07,0.0,0.013298511505126953,-0.000143381028814904
179400,-0.00042534811655059457,1.5589288773298902e-05,-3.6883330285549163,4.4316053e-07,0.0,0.0007860660552978516,-0.00016807769287208174
179600,-0.0005135934916324914,1.0862192959848472e-05,-3.688412237167358,4.413724e-07,0.0,-0.07164645195007324,-0.00022633588235021485
179800,-0.00019851859542541206,1.0816640531174926e-05,-3.688412290811539,1.9788742e-07,0.0,-0.1373434066772461,-0.0001330478337244312
180000,-0.00023606863396707922,2.2984214729149245e-05,-3.688415789604187,2.6762484e-07,0.0,-0.07120001316070557,-0.00013999725919759952
180200,-0.00020921557734254748,2.5503741653665202e-05,-3.688377875089645,2.9683113e-07,0.0,0.13430333137512207,-0.0001384692203289406
180400,-0.0002357275370741263,2.8433644865799577e-05,-3.6884070694446565,3.5613778e-07,0.0,0.10467487573623657,-0.00016134717236778728
180600,-0.00041777259320952,1.2818197888009308e-05,-3.68835706114769,3.606081e-07,0.0,0.2130102515220642,-0.00017927931239682948
180800,-0.00022331098443828523,1.3115397075580404e-05,-3.688390004634857,2.0205974e-07,0.0,-0.15496540069580078,-0.00011268706733815747
181000,-0.0004448018444236368,3.908285393663391e-05,-3.6883753180503844,4.929304e-07,0.0,0.03239631652832031,-0.00021747288232765172
181200,-0.0005406354903243482,1.6416985931755335e-05,-3.688424456119537,2.7507542e-07,0.0,0.059841036796569824,-0.00015491972798713504
181400,-0.0002028286107815802,1.483005096361012e-05,-3.688373512029648,3.07858e-07,0.0,-0.030362844467163086,-0.000155244289932166
181600,-0.00041675433749333024,1.569330056554463e-05,-3.688390439748764,2.1547079e-07,0.0,0.1649777889251709,-0.00012281985517512695
181800,-0.00044876508763991296,2.7588830516833695e-05,-3.6883761167526243,2.9176474e-07,0.0,0.11224037408828735,-0.00013529929585089917
182000,-0.0002698047901503742,1.9842881670228962e-05,-3.688416397571564,1.7225743e-07,0.0,-0.0015288591384887695,-0.00010568769251264598
182200,-0.0004520599322859198,5.718157954106573e-05,-3.6883736729621885,2.795458e-07,0.0,0.05093371868133545,-0.0001704449650728801
182400,-0.000594559998717159,1.5996350771274593e-05,-3.688380163908005,3.3408404e-07,0.0,0.018264949321746826,-0.0001914715836264791
182600,-0.00034339414560236037,2.7921864875679604e-05,-3.6883852779865265,3.799796e-07,0.0,0.11704480648040771,-0.00017540368571031806
182800,-0.00018956148414872587,1.3854358553544443e-05,-3.6883003175258637,3.6925078e-07,0.0,0.14138299226760864,-0.0001439933334118848
183000,-0.0004621202533598989,1.630165475035028e-05,-3.688379204273224,4.87864e-07,0.0,-0.018129825592041016,-0.00023072130156469582
183200,-0.0005002670222893357,1.521427443549328e-05,-3.6883705139160154,4.4345856e-07,0.0,0.1191720962524414,-0.00020542222177399871
183400,-0.0003242267412133515,1.977870037990215e-05,-3.6884045004844666,2.2560357e-07,0.0,0.046684980392456055,-0.00014137594408465405
183600,-0.0004332690732553601,2.2062562106839322e-05,-3.688385170698166,3.5226344e-07,0.0,0.06215482950210571,-0.00020684185551118618
183800,-0.0004583550035022199,3.799574592449062e-05,-3.688331437110901,3.5852196e-07,0.0,0.028619587421417236,-0.00016969910068156401
184000,-0.0004431789566297084,1.3219759148341837e-05,-3.688350075483322,2.667308e-07,0.0,0.1607028841972351,-0.00014553181792842373
184200,-0.00028025874053128064,1.8772566841107617e-05,-3.6883575558662414,2.7567148e-07,0.0,0.08703666925430298,-0.00014841288313472423
184400,-0.00027767205028794706,2.456422703289718e-05,-3.6884127497673034,2.2500754e-07,0.0,-0.08207869529724121,-0.0001298943916501649
184600,-0.00036982426536269486,4.302089778320806e-05,-3.688337469100952,3.2514333e-07,0.0,0.008531630039215088,-0.0001532861241121175
184800,-0.0002541581925470382,2.0544188669191498e-05,-3.6883880317211153,2.1129847e-07,0.0,0.0015807747840881348,-0.00013782762765774948
185000,-0.0003478846338111907,3.333528579787526e-05,-3.6883830189704896,2.399087e-07,0.0,-0.012410879135131836,-0.00013192093313771914
185200,-0.0004506638797465712,2.4056679603745578e-05,-3.6884099900722505,2.1666288e-07,0.0,0.027290821075439453,-0.00012473522196594368
185400,-0.0004258937551639974,1.2751259453125385e-05,-3.688366723060608,2.911687e-07,0.0,0.031687021255493164,-0.00016421793457608303
185600,-0.0004830478283111006,1.5233083854582218e-05,-3.688343858718872,3.1501057e-07,0.0,0.07959073781967163,-0.00016231959530639274
185800,-0.0002942767459899187,9.062402421022853e-06,-3.688329577445984,3.4451486e-07,0.0,-0.014989733695983887,-0.00013451379511844052
186000,-0.0002718637988436967,3.270061029070348e-05,-3.6884084045886993,1.6659499e-07,0.0,-0.0474851131439209,-0.00011198377594178189
186200,-0.0004986792919225991,1.1253822890466836e-05,-3.688343346118927,3.9279462e-07,0.0,-0.013316035270690918,-0.00018828369810057753
186400,-0.00017067593580577523,3.847735879389802e-05,-3.6883711516857147,2.2292136e-07,0.0,-0.045787692070007324,-0.00012148227272961165
186600,-0.00032624503364786506,3.439134716245462e-05,-3.688321727514267,2.4616716e-07,0.0,0.005744814872741699,-0.00014037310426098237
186800,-0.00038482947275042534,1.867127352852549e-05,-3.688349485397339,3.951788e-07,0.0,-0.1774359941482544,-0.0001798116111596304
187000,-0.0004030074633192271,1.83958635034287e-05,-3.6884334206581117,2.8997658e-07,0.0,0.03205782175064087,-0.00016408695378746784
187200,-0.0003283056430518627,3.88219278647739e-05,-3.68837366104126,4.3869017e-07,0.0,-0.011445403099060059,-0.00018598239085492184
187400,-0.0003563373174984008,2.517034899938153e-05,-3.688353103399277,2.6464463e-07,0.0,0.022784888744354248,-0.000140396221366923
187600,-0.0002412628527963534,4.054847813677043e-05,-3.688351345062256,2.1725893e-07,0.0,0.05685454607009888,-0.00012072473373154757
187800,-0.0004352051764726639,2.9323130320335622e-05,-3.6883318960666656,4.4703484e-07,0.0,0.02698338031768799,-0.0002120951341005206
188000,-0.000386661384254694,1.9862933731928935e-05,-3.688363307714462,3.707409e-07,0.0,-0.31544792652130127,-0.0001626042866064381
188200,-0.0008586866315454245,1.3034972107561771e-05,-3.688289391994476,6.639957e-07,0.0,0.029954910278320312,-0.00025614448850124204
188400,-0.00020299057359807193,1.5400693973788294e-05,-3.6883376777172088,3.1381845e-07,0.0,0.22165316343307495,-0.00014234258247736165
188600,-0.0003300420939922333,2.5054408615687863e-05,-3.6883081018924715,2.9921532e-07,0.0,-0.06776702404022217,-0.00014786628553105087
188800,-0.00026999192778021097,1.6452599629701582e-05,-3.6883478701114654,1.8507242e-07,0.0,0.08151471614837646,-0.00011048030100619943
189000,-0.00041993061313405633,1.446682731511828e-05,-3.6883178651332855,3.3169985e-07,0.0,-0.00529932975769043,-0.00015279680570154942
189200,-0.00039284690865315497,2.2368892177837552e-05,-3.688375270366669,3.2544136e-07,0.0,0.04094165563583374,-0.0001468151512503013
189400,-0.0003990915429312736,2.2995193626229592e-05,-3.6883199870586396,3.0934808e-07,0.0,0.07346135377883911,-0.00014870733114520364
189600,-0.000524280359968543,2.5104988753810176e-05,-3.688317561149597,5.6803225e-07,0.0,0.022694110870361328,-0.00021346298053912527
189800,-0.0006151473498903215,2.1472114440257428e-05,-3.6883400321006774,4.0590763e-07,0.0,0.03721654415130615,-0.00020318096227361915
190000,-6.233021849766374e-05,5.0187339365947994e-05,-3.6883087038993834,3.5494566e-07,0.0,0.05346637964248657,-0.00016945117321620073
190200,-0.00025536344037391245,5.641563311655773e-05,-3.6883204996585848,1.8358232e-07,0.0,0.06931859254837036,-0.00010548274535917556
190400,-0.00036248285323381424,1.6314108484039026e-05,-3.688363474607468,2.8461216e-07,0.0,0.024737894535064697,-0.0001642993760110567
190600,-0.00011228941002627835,3.2450512117065954e-05,-3.688326835632324,2.6404857e-07,0.0,0.007469475269317627,-0.00012076025422187442
190800,-0.0004985824925825,2.3307653850679345e-05,-3.688304269313812,3.8474798e-07,0.0,-0.04391813278198242,-0.00017719575860087323
191000,-0.0005843654507771134,1.8362571813668184e-05,-3.6882806003093718,5.799532e-07,0.0,0.0661504864692688,-0.00022561468212097812
191200,-0.00029190341592766345,8.700932528427075e-06,-3.6883458614349367,2.1725893e-07,0.0,0.041684091091156006,-0.00011883578415607942
191400,-0.00029107622685842216,1.9468848495307612e-05,-3.6883845567703246,2.2768974e-07,0.0,-0.1370556354522705,-0.00011598178831322415
191600,-0.00025969589478336275,1.3652055940838181e-05,-3.688374626636505,1.820922e-07,0.0,0.19679594039916992,-0.00011819191226037917
191800,-0.00038152572233229876,8.612772353444597e-06,-3.6883527874946593,3.3050776e-07,0.0,0.1928349733352661,-0.00015680091091985204
192000,-0.0003305052814539522,1.4380107927536301e-05,-3.6883405268192293,2.2947789e-07,0.0,0.17701870203018188,-0.00010949379119642443
192200,-0.0003696449857670814,2.3636045170860598e-05,-3.688371467590332,2.3722647e-07,0.0,0.06942170858383179,-0.00013171814338783783
192400,-0.00042417904478497803,3.7045178214611954e-05,-3.6883285701274873,2.3901464e-07,0.0,0.025686264038085938,-0.00014182249459235852
192600,-0.00038624973967671394,1.792150496839895e-05,-3.688286691904068,4.312396e-07,0.0,0.14986389875411987,-0.00018635290832405004
192800,-0.00029731725226156414,3.341451583764865e-05,-3.6883154690265654,2.6464463e-07,0.0,0.05670666694641113,-0.00014984345489867933
193000,-0.0004670737835112959,9.707932565561351e-06,-3.688380181789398,3.1501054e-07,0.0,0.10176867246627808,-0.00017319870723149223
193200,-0.0003101772163063288,2.9920897623014754e-05,-3.688282996416092,2.0414592e-07,0.0,-0.020154118537902832,-0.00012094932927062541
193400,-4.661175262299366e-05,3.459122131062031e-05,-3.6883054971694946,3.0875208e-07,0.0,-0.04465377330780029,-0.0001632222304842834
193600,-0.00035320830647833645,2.5539308740007983e-05,-3.6883589923381805,2.2023916e-07,0.0,0.07415872812271118,-0.0001418619743621896
193800,-0.0003261832462158054,1.2974344758731605e-05,-3.6883297204971313,2.4467707e-07,0.0,0.18210738897323608,-0.0001360041499771092
194000,-0.00047333381371572614,3.4903762070825906e-05,-3.6882634699344634,4.968047e-07,0.0,-0.024647951126098633,-0.0002159845236265223
194200,-0.0007104899268597364,1.8686557655200887e-05,-3.6882990896701813,5.143881e-07,0.0,0.022122085094451904,-0.0002353299870960335
194400,-0.0004423899808898568,1.870872872586915e-05,-3.688295006752014,3.9041043e-07,0.0,0.06043046712875366,-0.00017934768702070335
194600,-0.00048453197814524174,1.0791856152536638e-05,-3.6882900834083556,3.5822393e-07,0.0,0.11977261304855347,-0.00018143025473569275
194800,-0.0003917599970009178,1.4684864004266273e-05,-3.6883270025253294,2.2739172e-07,0.0,0.19029450416564941,-0.00015871947133201393
195000,-0.00028002780163660645,1.4152772507713962e-05,-3.688317984342575,1.8835068e-07,0.0,0.025566458702087402,-0.00011971455770640738
195200,-0.00014515375369228423,5.470403193612583e-05,-3.6882703602313995,3.287196e-07,0.0,-0.06369507312774658,-0.0001506471045751412
195400,-0.00019036326557397842,1.264436327801377e-05,-3.68836869597435,1.5228987e-07,0.0,0.1338597536087036,-0.00010114705544923552
195600,-0.0002606669731903821,2.1343893354242028e-05,-3.6882949650287626,1.4424324e-07,0.0,-0.03544747829437256,-9.919962290347862e-05
195800,-0.00016252131899818778,2.5866163696264266e-05,-3.688333523273468,2.3186206e-07,0.0,0.11239200830459595,-0.0001275489034194166
196000,-0.0003792809438891709,2.3767769312144084e-05,-3.6882308542728426,3.7044288e-07,0.0,0.11917233467102051,-0.0001636749343893129
196200,-0.0003992227138951421,1.8179008202423573e-05,-3.688263976573944,3.9726496e-07,0.0,0.041594862937927246,-0.00016548721306053338
196400,-0.0005782797816209495,2.6557032242635614e-05,-3.68829745054245,4.74751e-07,0.0,0.1279647946357727,-0.00017563077772388968
196600,-0.00041883563972078264,2.741890748438891e-05,-3.6882935583591463,2.2590162e-07,0.0,0.00423663854598999,-0.00013139353677933397
196800,-0.00027955599944107234,2.4612871493445708e-05,-3.6883044958114626,2.2828578e-07,0.0,-0.044645071029663086,-0.00013208851948964817
197000,-0.00046378138358704746,3.420113557695004e-05,-3.6882935404777526,2.9891729e-07,0.0,0.16140884160995483,-0.0001484616473302336
197200,-0.0002462966658640653,2.1076790517327026e-05,-3.688346618413925,2.0861626e-07,0.0,0.03830796480178833,-0.00011784903783589318
197400,-0.0005342201329767704,1.8994277911588143e-05,-3.6882728159427645,4.6223403e-07,0.0,-0.017098665237426758,-0.00022933207666735455
197600,-0.0003037668066099286,2.9898892034907475e-05,-3.6882573306560515,2.3782253e-07,0.0,-0.07859182357788086,-0.00012229301060666663
197800,-0.0004644576401915401,1.0992208331117581e-05,-3.6882903814315795,3.6805866e-07,0.0,0.09681689739227295,-0.00017716510613317027
198000,-0.000174326662090607,1.7509854137642834e-05,-3.6882129311561584,2.1874905e-07,0.0,0.07391577959060669,-0.00012300239099318765
198200,-0.0005541083519347012,2.3795598099241034e-05,-3.688241320848465,3.734231e-07,0.0,-0.0465695858001709,-0.00017395635772027296
198400,-0.00017819443019106984,2.670223043423903e-05,-3.688322347402573,1.7911196e-07,0.0,0.0051628947257995605,-0.00010860585348448915
198600,-0.00041321624303236604,1.939555177159491e-05,-3.688273900747299,2.8491021e-07,0.0,-0.0065460205078125,-0.00014327987320847946
198800,-0.0003690868616104126,1.1640466141216166e-05,-3.6882823944091796,2.3961067e-07,0.0,0.17193472385406494,-0.00014578931911457538
199000,-0.0007206504233181477,1.7129504999502388e-05,-3.688275730609894,3.8444995e-07,0.0,0.14437836408615112,-0.00017698730436416232
199200,-0.00045489848707802594,2.296088368893834e-05,-3.68820543885231,4.1276218e-07,0.0,-0.24168431758880615,-0.00018105686424338963
199400,-0.00039291928987950087,6.165720224089455e-05,-3.6882773637771606,2.1129847e-07,0.0,0.017217934131622314,-0.000130096584852879
199600,-0.0003273978363722563,1.787265337043209e-05,-3.6882883250713348,2.1249056e-07,0.0,0.09228682518005371,-0.0001347299681156322
199800,-0.0003679693618323654,1.726325958770758e-05,-3.6882189929485323,3.2663345e-07,0.0,-0.24913644790649414,-0.00015280017352881648
200000,-0.00023307543597184122,1.724535338780697e-05,-3.6882403969764708,3.20673e-07,0.0,0.01935267448425293,-0.00015983553278373642
