timestep,loss,value_loss,entropy_loss,approx_kl,clip_fraction,explained_variance,policy_gradient_loss
200,,,,,,,
400,0.006194970104843378,0.014569066022522748,-3.6888765156269074,2.4676322e-07,0.0,-4.381420612335205,-0.0001830990029520585
600,0.00464762095361948,0.011172850662842394,-3.6888763666152955,1.886487e-07,0.0,-10.522936820983887,-0.00016532961399502445
800,0.003142214147374034,0.007363641285337508,-3.688875597715378,2.3186207e-07,0.0,-4.735805511474609,-0.0001841143063887163
1000,0.0018806210719048977,0.00600433893268928,-3.6888749063014985,2.3275614e-07,0.0,-2.79692006111145,-0.0001636168066490029
1200,0.0014564503217115998,0.00492785696987994,-3.688875764608383,1.9401313e-07,0.0,-3.569005012512207,-0.00015310675604655045
1400,0.0010029682889580727,0.004191842000000179,-3.688874626159668,2.9563904e-07,0.0,-3.2468228340148926,-0.0001686378794274468
1600,0.0012403979199007154,0.0036619850783608855,-3.6888737261295317,2.2888185e-07,0.0,-3.677043914794922,-0.00014554414968142025
1800,0.0007628349703736603,0.0029270375438500197,-3.6888742208480836,2.449751e-07,0.0,-4.9624247550964355,-0.00015992243661844263
2000,0.0007249591872096062,0.0021543901617405935,-3.68887403011322,1.397729e-07,0.0,-5.9451704025268555,-0.00012743021590863046
2200,0.00032311840914189816,0.0016952403559116647,-3.6888742327690123,1.5586615e-07,0.0,-10.3632230758667,-0.00014366161782133346
2400,0.0004405532672535628,0.0013075161870801822,-3.6888731181621552,1.5348196e-07,0.0,-3.1337785720825195,-0.00010078451042239145
2600,0.00025935732992365956,0.0010949480565614067,-3.68887277841568,1.6361476e-07,0.0,-1.5802290439605713,-0.00012292642904632167
2800,2.8942071367055178e-05,0.0009111373074119911,-3.6888731360435485,2.9683113e-07,0.0,-5.916318416595459,-0.0001597965512119104
3000,0.0001500366342952475,0.0006966510074562394,-3.6888725638389586,2.1159649e-07,0.0,-6.286475658416748,-0.0001350020483198655
3200,4.851006087847054e-05,0.000580490490392549,-3.68887260556221,2.1994114e-07,0.0,-3.1644859313964844,-0.0001480478048043743
3400,-0.0001866116072051227,0.0005103983858134598,-3.688872402906418,2.1994114e-07,0.0,-2.1075267791748047,-0.00016793087685665898
3600,-4.72363899461925e-05,0.000381636869860813,-3.68887175321579,1.4543534e-07,0.0,-2.4524431228637695,-9.94389955418562e-05
3800,-9.22711769817397e-05,0.0004020854335976765,-3.688871455192566,2.3484229e-07,0.0,-2.365112066268921,-9.761680677360385e-05
4000,-0.00022574304603040218,0.0002548269956605509,-3.6888716220855713,2.8014182e-07,0.0,-4.10391092300415,-0.00015259582496671698
4200,-0.00024091605155263096,0.0002852428035112098,-3.688870424032211,2.1517276e-07,0.0,-1.190526008605957,-0.00012077623467998677
4400,-0.00027378281811252236,0.0001700715291008237,-3.688870739936829,2.4586916e-07,0.0,-2.977850914001465,-0.00016536394545418887
4600,-0.00010510981519473717,0.00022512642353831325,-3.6888716876506806,1.7732381e-07,0.0,-4.989617347717285,-0.0001258083731932036
4800,-0.00021322313114069402,0.0001333482960035326,-3.688869923353195,2.0653009e-07,0.0,-1.849637746810913,-0.00010781304592408781
5000,-0.00010440336336614564,0.00017407688255843823,-3.688870596885681,1.0550022e-07,0.0,-5.52515172958374,-7.49251850908017e-05
5200,-0.00026253217947669327,0.00019374217481527012,-3.68886975646019,1.4215708e-07,0.0,-2.2318131923675537,-9.444317130258284e-05
5400,-0.00010720792488427833,0.0001719425346891512,-3.6888697922229765,1.1056662e-07,0.0,-4.834506988525391,-7.011495534801072e-05
5600,-6.746879080310464e-05,0.00012732244686048945,-3.688870316743851,8.046627e-08,0.0,-4.57256555557251,-7.28685184955058e-05
5800,2.084793959511444e-05,0.00014662984995084116,-3.6888702869415284,6.556511e-08,0.0,-3.990042209625244,-5.936560028869664e-05
6000,-0.00016310816863551736,0.0001179070810394478,-3.688868689537048,9.298324e-08,0.0,-1.5885698795318604,-6.478424371532121e-05
6200,-4.9488320655655116e-05,0.00010873248629650334,-3.6888695061206818,8.7916845e-08,0.0,-4.607341766357422,-6.639796498865147e-05
6400,-7.776459824526682e-05,0.00012043019005432143,-3.688869047164917,1.0460615e-07,0.0,-5.095224380493164,-6.29956425235445e-05
6600,-6.519248563563451e-05,0.0001603800159500679,-3.6888692736625672,1.0699034e-07,0.0,-3.8254451751708984,-7.975738444567781e-05
6800,-0.0001345354539807886,0.00010913062951658503,-3.6888690531253814,9.3281265e-08,0.0,-3.771986961364746,-8.324090407580697e-05
7000,-0.00013297426630742848,0.00014609356348955772,-3.688869905471802,1.3589859e-07,0.0,-2.2103142738342285,-9.922099195034396e-05
7200,-0.00015490822261199355,0.00012172731794635183,-3.688870143890381,1.4722346e-07,0.0,-4.23762845993042,-9.1980122155777e-05
7400,-0.0002532696526031941,0.00014261305714171612,-3.688869720697403,1.513958e-07,0.0,-1.2058944702148438,-9.905658644389081e-05
7600,-0.00010548330465098843,0.000149219540253398,-3.6888696789741515,2.3365021e-07,0.0,-4.43113899230957,-0.00010596360156207573
7800,-0.00019311541109345853,0.00010322644011466764,-3.688870060443878,1.8119812e-07,0.0,-2.9862215518951416,-8.89588892047044e-05
8000,-0.00020729636889882386,0.00015379152573586908,-3.688868981599808,2.0384788e-07,0.0,-3.408445358276367,-8.185086433332156e-05
8200,-9.63214406510815e-05,0.00011206919643882429,-3.688869297504425,1.591444e-07,0.0,-2.7155632972717285,-9.905597592057003e-05
8400,-0.0001975814811885357,0.00010756332512755762,-3.6888686239719393,1.5288592e-07,0.0,-2.379729747772217,-9.695845859791774e-05
8600,-0.00020104923169128597,0.00012293335066715372,-3.6888700842857363,1.129508e-07,0.0,-3.595337390899658,-8.271962467438776e-05
8800,-0.00024219474289566278,0.00010382772416051012,-3.688869136571884,1.9788743e-07,0.0,-2.309046506881714,-0.00010779515709169463
9000,-0.0001749571820255369,0.00013751127480645663,-3.688870298862457,1.3679266e-07,0.0,-2.842487335205078,-9.472674919674962e-05
9200,-0.00011333580187056214,8.448673961538588e-05,-3.6888699173927306,7.361174e-08,0.0,-4.647575855255127,-6.447812911187789e-05
9400,-0.00023400103964377195,0.00011095945119450334,-3.688869649171829,1.9997358e-07,0.0,-4.036861419677734,-9.759802298456855e-05
9600,-0.00012238961062394083,0.00011785460201281239,-3.6888677775859833,1.2993812e-07,0.0,-2.2118842601776123,-7.555215027787998e-05
9800,-0.00019206831348128617,0.00011481644651212264,-3.688868987560272,1.2278556e-07,0.0,-1.6103813648223877,-9.091197020603126e-05
10000,-0.00013447884703055024,0.0001701397539363825,-3.6888693988323213,1.2993813e-07,0.0,-0.8065458536148071,-9.176841442655181e-05
10200,-5.1823204557877034e-05,0.00014551386502716923,-3.6888698875904082,6.7055225e-08,0.0,-6.279769420623779,-5.7396143648591466e-05
10400,-0.0001966814452316612,0.00010526610540182447,-3.6888691008090975,1.591444e-07,0.0,-3.0117082595825195,-0.00010425077424554008
10600,-0.00016539388161618263,9.413084162588348e-05,-3.6888697028160093,1.4871358e-07,0.0,-2.9061408042907715,-0.00010347813447282306
10800,-6.074953853385523e-05,0.0001090835826289549,-3.6888670146465303,1.00731846e-07,0.0,-2.914297103881836,-5.155582730760333e-05
11000,-0.00012616353342309594,0.00015879276379564543,-3.688866984844208,1.9192696e-07,0.0,-2.400869131088257,-0.00010673719761660206
11200,-0.00015787535812705755,0.00015751319533592324,-3.6888680279254915,2.0116568e-07,0.0,-3.430832862854004,-0.0001034437561844459
11400,-3.545384242897853e-05,0.0001232292646818678,-3.6888671457767486,8.672476e-08,0.0,-4.772932052612305,-5.2623688586095343e-05
11600,-4.9730733735486865e-05,0.00020632230116461868,-3.688867896795273,1.642108e-07,0.0,-0.7264931201934814,-0.00010689781656924025
11800,-0.00014118399121798575,0.00014761821530555607,-3.6888670086860658,1.5556813e-07,0.0,-4.212950706481934,-9.24628010790629e-05
12000,-0.0001754134864313528,7.919848517303762e-05,-3.688867688179016,2.30968e-07,0.0,-1.391465425491333,-0.00010438666335299551
12200,-0.00019927659013774246,0.00011289890971966088,-3.6888657212257385,1.347065e-07,0.0,-3.7042226791381836,-8.570100376459333e-05
12400,-0.00012137714657001197,0.0001117699745009304,-3.6888653457164766,1.6599894e-07,0.0,-2.6332266330718994,-8.02663483245869e-05
12600,-0.0002415093476884067,0.000120749920461094,-3.688865965604782,2.500415e-07,0.0,-2.5533275604248047,-0.00012518085484076736
12800,-0.00025966629618778825,9.351305507152575e-05,-3.688866728544235,3.2544136e-07,0.0,-4.018622875213623,-0.00011292967016300892
13000,-0.00019720589625649154,0.00010155771078643739,-3.688865250349045,1.5288592e-07,0.0,-2.127549886703491,-8.479847800242357e-05
13200,-0.00025289240875281394,9.516813870504847e-05,-3.688865965604782,1.8239021e-07,0.0,-2.237677574157715,-9.25912262323525e-05
13400,-0.0001991590397665277,9.731702966746525e-05,-3.6888662815093993,1.385808e-07,0.0,-3.5895771980285645,-8.333126458131002e-05
13600,-0.0003073775733355433,6.545044393533317e-05,-3.688863641023636,2.8908252e-07,0.0,-0.5385152101516724,-0.0001317792988230093
13800,-0.00022027012892067432,0.0001335123435637797,-3.6888677179813385,1.5228987e-07,0.0,-2.1262784004211426,-9.734739315874208e-05
14000,-9.588581451680511e-05,0.00010761249141069129,-3.6888662934303285,9.268523e-08,0.0,-3.9211020469665527,-6.6727891929097e-05
14200,-0.00023608912306372076,8.61750851981924e-05,-3.688863843679428,1.6003847e-07,0.0,-3.051084041595459,-8.78200829726783e-05
14400,-0.0001866712118498981,9.06689080693468e-05,-3.6888660311698915,1.3768673e-07,0.0,-2.753634214401245,-8.38601590502308e-05
14600,-0.00020088882592972368,0.00013267777758301235,-3.6888662397861482,1.2904405e-07,0.0,-4.415592193603516,-8.912827795888311e-05
14800,-0.00015911564696580172,7.497117276216159e-05,-3.6888636469841005,1.2338161e-07,0.0,-3.4106335639953613,-6.702887233052124e-05
15000,-0.00016209812019951642,9.015709320010501e-05,-3.688863831758499,1.4394521e-07,0.0,-6.632081985473633,-6.73698786160859e-05
15200,-0.0004886717069894075,8.633453589936834e-05,-3.6888642847537993,3.2961367e-07,0.0,-0.7106075286865234,-0.00017460840873702034
15400,-0.0001634934451431036,7.570435091110994e-05,-3.6888643860816956,1.0967254e-07,0.0,-5.273754596710205,-6.457772137496987e-05
15600,-0.00033151707611978054,4.925211796944495e-05,-3.68885994553566,3.644824e-07,0.0,-0.6860955953598022,-0.0001687915489782199
15800,-0.00033644511131569743,5.79849122914311e-05,-3.6888590514659882,2.8580428e-07,0.0,-1.8750486373901367,-0.0001328823862167816
16000,-0.00019125285325571895,7.682012455916265e-05,-3.6888598024845125,1.9490719e-07,0.0,-4.216745376586914,-0.00011052839616701449
16200,-0.00019337947014719248,4.672682034652098e-05,-3.688856989145279,2.0474195e-07,0.0,-0.5083693265914917,-0.00011333322505100441
16400,-0.00017058062076102942,7.042003508104245e-05,-3.6888599157333375,1.591444e-07,0.0,-2.6502792835235596,-8.776472488224441e-05
16600,-0.0003298463998362422,6.893631889397512e-05,-3.6888574421405793,2.3186206e-07,0.0,-0.8392374515533447,-0.00011904470570326398
16800,-0.00020795487216673791,5.5894597971928305e-05,-3.688860058784485,1.6629696e-07,0.0,-4.158216953277588,-9.288380330363388e-05
17000,-0.0002844513801392168,7.47851036976499e-05,-3.6888593077659606,2.8550625e-07,0.0,-0.28557634353637695,-0.000142225526462747
17200,-0.00011210407683392987,4.638792029254546e-05,-3.688857364654541,1.770258e-07,0.0,-1.2020964622497559,-9.931704424024357e-05
17400,-6.553181447088718e-05,9.096588200918632e-05,-3.6888553142547607,2.3454427e-07,0.0,-4.324112415313721,-9.329725735085503e-05
17600,-0.00010220725380349904,7.52690326407901e-05,-3.6888574421405793,1.3291836e-07,0.0,-3.178309917449951,-8.516889770777691e-05
17800,-0.00015674109454266727,7.592813035444124e-05,-3.688856154680252,1.9699334e-07,0.0,-1.6149873733520508,-0.00010539929582642493
18000,-0.00018306482525076717,3.954365224672074e-05,-3.6888554453849793,2.2023917e-07,0.0,-0.6653271913528442,-0.00011251419795410555
18200,-0.00019716026145033538,7.342379567489842e-05,-3.688859087228775,1.937151e-07,0.0,-0.8502380847930908,-0.00011139705180616133
18400,-0.00020027229038532823,6.297180561887217e-05,-3.688860011100769,1.552701e-07,0.0,-1.346677303314209,-0.00010240681492427739
18600,-0.000261518667684868,6.854608573121368e-05,-3.6888573467731476,1.6212464e-07,0.0,-0.7659386396408081,-0.00010984578806016998
18800,-0.00024264230160042644,6.602058674616273e-05,-3.6888565599918364,1.7404557e-07,0.0,-0.9806582927703857,-9.867976706452452e-05
19000,-0.00019994541071355343,5.2598509546442075e-05,-3.6888524770736693,4.0769575e-07,0.0,-0.34485185146331787,-0.0001567728627640985
19200,-0.00015056697884574533,6.807214303989894e-05,-3.6888538777828215,1.3530254e-07,0.0,-1.6085748672485352,-8.421519374053332e-05
19400,-0.00014316881424747407,8.170469445758499e-05,-3.688857877254486,1.0758638e-07,0.0,-1.5076930522918701,-7.691128200875142e-05
19600,-0.00025140889920294285,5.417323282017605e-05,-3.6888533771038055,2.0444394e-07,0.0,-1.010500192642212,-0.00011722739020398887
19800,-0.00027276822947897017,3.392765738681191e-05,-3.6888512909412383,2.5779008e-07,0.0,-0.5472104549407959,-0.00013367676306592636
20000,-0.00035125252907164395,4.9320963125865094e-05,-3.6888523995876312,2.9295683e-07,0.0,-1.1610441207885742,-0.00013851270227542843
20200,-0.00017295507132075727,5.105940440444101e-05,-3.688850474357605,1.5109778e-07,0.0,-2.1380791664123535,-7.163787666479849e-05
20400,-0.00018717150669544935,5.7429270191278194e-05,-3.6888561308383943,1.4841557e-07,0.0,-3.1393027305603027,-0.00010216280844690395
20600,-0.000376589858205989,6.16791139691486e-05,-3.688851946592331,1.7136335e-07,0.0,-1.2820916175842285,-9.630030346846619e-05
20800,-0.00026154640363529325,5.465419594656851e-05,-3.688849002122879,2.2262336e-07,0.0,-1.904904842376709,-0.00011708648440054148
21000,-0.00023004066315479577,5.0222006984768085e-05,-3.6888479709625246,2.9325486e-07,0.0,-0.5321519374847412,-0.0001394052667350265
21200,-0.00023388206318486482,4.28889879003691e-05,-3.688849204778671,2.1606684e-07,0.0,-1.152350902557373,-0.0001109105047491954
21400,-0.0001619328249944374,5.752216811742983e-05,-3.6888507664203645,1.552701e-07,0.0,-3.1636571884155273,-9.866295820870619e-05
21600,-0.00030657672323286533,4.994197988708038e-05,-3.688854932785034,1.7642975e-07,0.0,-1.4800989627838135,-0.00012180781376094351
21800,-0.00030667849932797253,7.047588142086169e-05,-3.6888486981391906,2.1129847e-07,0.0,-0.4356260299682617,-0.00012517662319679878
22000,-0.0001853563153417781,3.569897489796858e-05,-3.688851124048233,1.4275312e-07,0.0,-0.927869439125061,-8.830039241913834e-05
22200,-0.00020614881941583008,4.889882548013702e-05,-3.688850700855255,1.5705824e-07,0.0,-0.45791828632354736,-0.00011004444939373137
22400,-0.0002638279984239489,5.4986899431241906e-05,-3.688851946592331,1.4901161e-07,0.0,-0.9282630681991577,-0.00011180339630012526
22600,-0.00030139656155370176,3.447456160756701e-05,-3.688848078250885,2.8640034e-07,0.0,-0.7088247537612915,-0.000132847413522974
22800,-0.00015570683171972632,4.263267346686917e-05,-3.6888471245765686,2.1576882e-07,0.0,-1.0384588241577148,-9.8605975958721e-05
23000,-0.00042267117532901466,4.635707609850215e-05,-3.6888450980186462,2.5898217e-07,0.0,-0.5004551410675049,-0.00012648458769364267
23200,-8.929564501158893e-05,5.356021620173124e-05,-3.68884699344635,1.8328427e-07,0.0,-0.4683849811553955,-8.670432147982466e-05
23400,-0.00025768709019757807,5.102307150082197e-05,-3.688846689462662,1.8924473e-07,0.0,-1.0041604042053223,-0.00011566638967566156
23600,-0.00013252747885417193,4.9365573704562846e-05,-3.6888444662094115,2.9474495e-07,0.0,-0.3163076639175415,-0.00013788958010314546
23800,-0.0004685493477154523,4.036100754092331e-05,-3.6888482213020324,2.554059e-07,0.0,-0.40782594680786133,-0.00015372890269635953
24000,-0.0002444448182359338,4.240770294927643e-05,-3.688847762346268,2.6524066e-07,0.0,-1.3541979789733887,-0.00012971666462544552
24200,-0.00010963900422211736,3.1413181272910154e-05,-3.6888400614261627,2.104044e-07,0.0,-0.8620251417160034,-8.826772834202856e-05
24400,-0.0005010293680243194,5.090112763355137e-05,-3.688843363523483,3.2812355e-07,0.0,-0.3065110445022583,-0.00015228939113285379
24600,-0.0002243776834802702,3.5785920090347645e-05,-3.6888455152511597,3.0636787e-07,0.0,0.03237098455429077,-0.00015349942045332908
24800,-0.0002827464195434004,5.561761427088641e-05,-3.6888429164886474,2.488494e-07,0.0,-0.20346605777740479,-0.00012254659061978758
25000,-0.0004123402468394488,4.41610775396839e-05,-3.6888467133045197,2.5629998e-07,0.0,-0.2252359390258789,-0.0001429571471340818
25200,-0.0002947385364677757,3.596429123717826e-05,-3.688844734430313,2.1070241e-07,0.0,-0.8270852565765381,-0.00012296885308137328
25400,-0.0003517016302794218,3.38784856012353e-05,-3.688843250274658,1.8328427e-07,0.0,-1.0034925937652588,-9.349731714022313e-05
25600,-0.0003539158497005701,4.254220793882268e-05,-3.6888424694538116,2.3663044e-07,0.0,-0.08070969581604004,-0.00012902986297935737
25800,-0.0003155777812935412,2.989327617797244e-05,-3.6888426542282104,2.7447942e-07,0.0,-1.2667248249053955,-0.0001371826153930389
26000,-0.0002697786840144545,2.857960112123692e-05,-3.6888483703136443,3.308058e-07,0.0,-0.14412999153137207,-0.00018986526002868765
26200,-0.00022062816424295306,2.679775575415988e-05,-3.6888452529907227,1.6748905e-07,0.0,-0.3434051275253296,-0.00011253923180338798
26400,-0.00020476315694395453,5.925602545175934e-05,-3.688846468925476,1.7762184e-07,0.0,-0.31679022312164307,-0.0001014677660402974
26600,-0.00024211445997934788,2.953865441668313e-05,-3.6888473272323608,2.0474195e-07,0.0,-0.5489469766616821,-0.00014063146691967177
26800,-0.00023599158157594502,5.2569766603483e-05,-3.688835883140564,1.9222499e-07,0.0,0.11508160829544067,-0.00011563734706272477
27000,-0.00026395797613076866,2.6478884842617843e-05,-3.688848227262497,1.3619662e-07,0.0,-1.0086748600006104,-0.00010022297596929963
27200,-0.0002766244870144874,2.3598036477778805e-05,-3.688841462135315,2.1845102e-07,0.0,-0.8526949882507324,-0.00012963495996372033
27400,-0.0006380961276590824,4.944314587191911e-05,-3.6888372182846068,4.74453e-07,0.0,-0.019144415855407715,-0.00022100563439113595
27600,-0.0002713746507652104,2.2800321721661022e-05,-3.6888322949409487,3.272295e-07,0.0,0.06301414966583252,-0.00014143413326654918
27800,-0.0003798932011704892,3.7322378830140224e-05,-3.6888308763504027,3.7968158e-07,0.0,-0.2497715950012207,-0.00017306490253485852
28000,-0.0004819633031729609,2.1053254931757694e-05,-3.688832640647888,3.0100344e-07,0.0,0.016547739505767822,-0.00014889369878481328
28200,-0.0005949349724687636,3.390016879620816e-05,-3.688836455345154,5.146861e-07,0.0,0.05911970138549805,-0.00021342558998616035
28400,-0.0001829034008551389,2.474314642313402e-05,-3.6888378977775576,1.7374754e-07,0.0,-0.10877537727355957,-0.00012582559105447366
28600,-0.0003042781900148839,2.2919098569218477e-05,-3.688834148645401,1.6361474e-07,0.0,-1.2804467678070068,-0.00011473107195106858
28800,-0.0002506379096303135,2.771962040242215e-05,-3.688841152191162,2.7000902e-07,0.0,-0.2920801639556885,-0.00017223465498239499
29000,-0.00032654209644533694,1.716502658837271e-05,-3.688834536075592,2.0056963e-07,0.0,-0.08995139598846436,-0.0001156860067315968
29200,-0.00027405773289501667,4.360985831226571e-05,-3.6888371109962463,2.7209518e-07,0.0,0.17086046934127808,-0.00015512567794075948
29400,-0.00033417914528399706,2.3429730208590627e-05,-3.6888402879238127,2.551079e-07,0.0,-0.07967889308929443,-0.00014360597708980017
29600,-0.0002654579875525087,3.500959619486821e-05,-3.6888477206230164,1.2636184e-07,0.0,-0.18391764163970947,-8.60822789999105e-05
29800,-0.0002844007685780525,3.540716093084484e-05,-3.688843870162964,2.026558e-07,0.0,0.2476879358291626,-0.0001374868119468742
30000,-0.0002754110028035939,4.3886601815756876e-05,-3.688840752840042,1.4752149e-07,0.0,-0.24217581748962402,-0.00010813389699683151
30200,-0.00022617065405938774,1.884945424990292e-05,-3.688835096359253,1.952052e-07,0.0,-0.9230779409408569,-0.0001112973994933597
30400,-0.00043214179459027946,3.634269523900002e-05,-3.688837248086929,2.643466e-07,0.0,-0.047928810119628906,-0.00016543342088133351
30600,-0.00022201010142453015,2.669127948138339e-05,-3.688830089569092,2.5480986e-07,0.0,0.10015338659286499,-0.00013485119588679817
30800,-0.00027560751186683774,1.6334605561496574e-05,-3.6888303101062774,2.4437904e-07,0.0,-0.6620646715164185,-0.00012668892742373483
31000,-0.0002246277581434697,2.7343467309037806e-05,-3.6888331174850464,1.7434358e-07,0.0,0.0071184635162353516,-0.00010851658898415328
31200,-0.0002480768598616123,1.5814714242878835e-05,-3.6888314485549927,3.2275915e-07,0.0,0.07470285892486572,-0.00015845642213658807
31400,-0.00015585910296067595,1.6701757476766944e-05,-3.6888305068016054,1.7851592e-07,0.0,0.06656783819198608,-0.00012163045188149369
31600,-0.000414189969887957,1.3151962366464432e-05,-3.688833844661713,2.7179718e-07,0.0,-0.1759629249572754,-0.0001453269281197933
31800,-0.00028822323656640947,2.0248765872565853e-05,-3.6888348937034605,2.643466e-07,0.0,0.016061723232269287,-0.00015670909056639815
32000,-0.0002984166203532368,1.946694253547321e-05,-3.6888386011123657,2.2202732e-07,0.0,-0.061541080474853516,-0.0001396240960103823
32200,-0.00025205110432580113,5.475567959365435e-05,-3.6888393640518187,1.847744e-07,0.0,0.05878716707229614,-0.00012923541696387985
32400,-0.0003511213872116059,2.4840674473125546e-05,-3.688828486204147,4.3034555e-07,0.0,-0.004465222358703613,-0.00016797150685465834
32600,-0.000402838340960443,2.467894241817703e-05,-3.688837891817093,2.208352e-07,0.0,0.03999727964401245,-0.00014969408413834095
32800,-0.00030214752769097686,1.3947030402050586e-05,-3.6888347566127777,1.4334917e-07,0.0,-0.09955847263336182,-0.00010486169090502262
33000,-0.0003796482924371958,1.8578075014374917e-05,-3.688831424713135,3.6537645e-07,0.0,0.2713179588317871,-0.0001946063795867481
33200,-0.00048498084652237594,2.410315946690389e-05,-3.6888356149196624,4.4822693e-07,0.0,0.08924812078475952,-0.00020636845043748854
33400,-0.0001574857597006485,1.3134522805557936e-05,-3.6888369262218474,1.3500453e-07,0.0,-0.10606122016906738,-8.553230774497323e-05
33600,-0.00031939311884343624,3.674831264106615e-05,-3.688829058408737,2.9295683e-07,0.0,-0.2445007562637329,-0.00016028015287785635
33800,-0.0003658900677692145,3.042332673430792e-05,-3.688833850622177,2.0712613e-07,0.0,0.18567752838134766,-0.00014748198501690624
34000,-0.0005470914766192436,2.641429282448371e-05,-3.688832074403763,4.0978193e-07,0.0,-0.0019981861114501953,-0.0002260832331248741
34200,-0.00019692811474669725,3.506800144350564e-05,-3.6888321697711945,1.4871358e-07,0.0,-0.12143969535827637,-9.255258655537224e-05
34400,-0.00030511434306390584,2.0260293604223988e-05,-3.6888288795948028,3.4034255e-07,0.0,0.0713309645652771,-0.0001877325158034182
34600,-0.00041528602014295757,1.7220740642187592e-05,-3.688825762271881,4.324317e-07,0.0,-0.09987413883209229,-0.0002060068834600748
34800,-0.0002468728052917868,2.3050468780638766e-05,-3.688833975791931,2.18153e-07,0.0,0.03147017955780029,-0.00013100738850768678
35000,-0.0004379914025776088,2.260604885577777e-05,-3.688828206062317,1.9967555e-07,0.0,0.016486048698425293,-0.00013084739482758235
35200,-0.0003532584523782134,1.8238551297145024e-05,-3.6888355255126952,2.1338462e-07,0.0,-0.16670513153076172,-0.0001394044527113447
35400,-0.0004445149388629943,3.011746953234251e-05,-3.6888351798057557,1.937151e-07,0.0,-0.07140541076660156,-0.0001314978219046914
35600,-0.0003307813312858343,1.965932226539735e-05,-3.688834083080292,2.5093556e-07,0.0,0.10914510488510132,-0.00014543364863888185
35800,-0.00022103420633357018,2.0127849165874067e-05,-3.688831257820129,2.7716158e-07,0.0,-0.08850955963134766,-0.0001499959978031429
36000,-0.00016422985936515033,1.5756267998767726e-05,-3.6888343334197997,9.208918e-08,0.0,0.02249157428741455,-7.378508135422735e-05
36200,-0.0002866756112780422,4.4642212515100255e-05,-3.688838630914688,2.2113323e-07,0.0,-0.01491236686706543,-0.00013965976285748027
36400,-0.0004216122906655073,3.219167419956648e-05,-3.6888317823410035,2.655387e-07,0.0,0.05394136905670166,-0.0001675242191813031
36600,-0.00024052376102190465,1.9032801719731652e-05,-3.6888311386108397,1.7523766e-07,0.0,0.16728049516677856,-0.00011608026965221896
36800,-0.0002329705166630447,1.396602765453281e-05,-3.6888351678848266,1.8239021e-07,0.0,0.0005317926406860352,-0.00010876918184381524
37000,-0.00018512079259380698,3.513294263939315e-05,-3.6888266086578367,2.6404857e-07,0.0,0.03421163558959961,-0.00012910600783879733
37200,-0.00040430546505376697,2.6028715319625916e-05,-3.688827693462372,3.0845405e-07,0.0,0.11577481031417847,-0.00019688321736611726
37400,-0.0004025781527161598,2.578919420557213e-05,-3.6888340532779695,2.82526e-07,0.0,0.08548134565353394,-0.00018128533625070276
37600,-0.0002432061592116952,1.636388722090487e-05,-3.688836616277695,2.2113323e-07,0.0,-0.10099267959594727,-0.0001264405925614831
37800,-0.0003593172295950353,1.0143157214770327e-05,-3.688829404115677,2.0116568e-07,0.0,-0.061687588691711426,-0.00013193982794130755
38000,-0.00043150532292202115,1.2932472668580885e-05,-3.6888346791267397,2.1070242e-07,0.0,0.16467708349227905,-0.00014767015053154253
38200,-0.00021227655815891922,8.465851203709463e-06,-3.688834768533707,1.7702578e-07,0.0,0.09814721345901489,-0.00012136218118086184
38400,-0.00030987701029516757,2.4510469529559487e-05,-3.6888351321220396,1.4990569e-07,0.0,0.1574486494064331,-0.0001084745083207217
38600,-0.00030852603958919644,1.4697270239594218e-05,-3.6888306617736815,2.5600195e-07,0.0,-0.05222725868225098,-0.00014943958863580242
38800,-0.00033426875597797334,2.0214815413055477e-05,-3.68883593082428,1.6301871e-07,0.0,0.1351361870765686,-0.00012981976254651252
39000,-0.0004087513661943376,2.57463270372682e-05,-3.688823699951172,2.95341e-07,0.0,-0.07597923278808594,-0.00015077695215870435
39200,-0.00034219303051941097,3.442061133682728e-05,-3.6888357579708098,1.7553569e-07,0.0,-0.07996666431427002,-0.00013309067563149757
39400,-0.00039296166505664587,1.4799497535022965e-05,-3.688824552297592,2.580881e-07,0.0,-0.24969565868377686,-0.00013568943822397372
39600,-0.00032899228972382843,1.0479160528120701e-05,-3.6888285636901856,1.6808511e-07,0.0,0.12449270486831665,-0.00012395192797738376
39800,-0.00038276665145531297,1.5713105676695703e-05,-3.6888225436210633,3.3348798e-07,0.0,0.05729961395263672,-0.00019313929151041354
40000,-0.00021814607316628098,1.4992017463555385e-05,-3.688831388950348,1.5109777e-07,0.0,0.1294705867767334,-0.00010665073978810558
40200,-0.00024454770027659833,6.279710332819377e-05,-3.6888318598270415,1.4960766e-07,0.0,0.09892326593399048,-0.0001239874806794994
40400,-0.00029623950831592083,2.0092353383915907e-05,-3.6888298213481905,1.6629696e-07,0.0,0.03247249126434326,-0.000123065212105522
40600,-0.0003444064350333065,2.324028371276654e-05,-3.6888201892375947,2.8967858e-07,0.0,-0.23907482624053955,-0.00016986966869945164
40800,-0.00036334976903162897,4.0289911930813103e-05,-3.6888222634792327,2.619624e-07,0.0,0.06666713953018188,-0.00014381925852433586
41000,-0.0002714651927817613,2.982676496685599e-05,-3.688826596736908,1.9192696e-07,0.0,-0.03181147575378418,-0.00014188507641907933
41200,-0.000590519339311868,1.4098477072366222e-05,-3.688822013139725,3.1143426e-07,0.0,-0.32531702518463135,-0.00011621341060878976
41400,-0.00029010433354415,2.203446501880535e-05,-3.6888319313526154,2.6583672e-07,0.0,0.06842714548110962,-0.0001357222036288963
41600,-0.0004696718533523381,2.8473644943005638e-05,-3.688829576969147,3.1590463e-07,0.0,-0.0023671388626098633,-0.0001700502633120604
41800,-0.00035116044455207884,1.8866387654270512e-05,-3.6888328313827516,2.130866e-07,0.0,0.10743516683578491,-0.0001209316847557318
42000,-0.00034678986412473023,2.2092644371696224e-05,-3.688836228847504,1.5199186e-07,0.0,-0.03476715087890625,-0.0001347752508282063
42200,-0.00035239788121543825,1.164206900057252e-05,-3.6888284564018248,3.057718e-07,0.0,-0.35313689708709717,-0.00014013484282511258
42400,-0.00026835507014766335,2.3653170364923427e-05,-3.688839066028595,1.8119812e-07,0.0,-0.08909451961517334,-0.00013082945277549386
42600,-0.0002914749493356794,1.8147366290577338e-05,-3.688833850622177,1.6003847e-07,0.0,0.08607238531112671,-0.0001267056198883676
42800,-0.00026227007037959993,1.5462701071555784e-05,-3.688829320669174,1.7732383e-07,0.0,0.07328975200653076,-0.00012404683784689174
43000,-0.00022878854360897094,5.452112145576393e-06,-3.688830077648163,1.4483928e-07,0.0,0.038409531116485596,-9.292526448405614e-05
43200,-0.0005483182612806559,2.5338719296996715e-05,-3.688824248313904,3.0130147e-07,0.0,-0.07857775688171387,-0.00019228745391046685
43400,-0.00027351375319994986,2.4878945305317755e-05,-3.688823813199997,3.2395127e-07,0.0,-0.0280306339263916,-0.00016921916623436896
43600,-0.0003451542870607227,3.0355740409504506e-05,-3.688825875520706,2.1785497e-07,0.0,0.1503944993019104,-0.00012547966854277172
43800,-0.0003069286758545786,9.636058359774325e-06,-3.6888335287570952,1.4483929e-07,0.0,0.1258416771888733,-0.00011197403802567507
44000,-9.108393714996055e-05,1.8929923407995374e-05,-3.6888267755508424,1.5854835e-07,0.0,0.10797035694122314,-0.00010925599873667924
44200,-0.00021493321401067078,1.7346743788948515e-05,-3.6888353705406187,1.5169383e-07,0.0,0.051840126514434814,-0.00012077202759286365
44400,-0.0002398644428467378,1.2324842930411251e-05,-3.6888290345668793,1.8805265e-07,0.0,0.1215217113494873,-0.00012893337432111628
44600,-0.00019957675249315798,3.481171556813933e-05,-3.688831102848053,1.6480683e-07,0.0,0.0125504732131958,-0.00013856350689991359
44800,-0.0002342683874303475,1.62864677804464e-05,-3.6888323068618774,2.0623207e-07,0.0,0.060205698013305664,-0.0001110229946715613
45000,-0.0003555825387593359,2.7778676212619757e-05,-3.6888273775577547,1.5676022e-07,0.0,0.05627530813217163,-0.00013042063722230602
45200,-0.00026172545040026307,1.0749411057986435e-05,-3.688828241825104,1.7136335e-07,0.0,-0.2505873441696167,-0.0001139410736081814
45400,-0.00031376074184663594,1.1068788057855273e-05,-3.6888357937335967,1.8686056e-07,0.0,0.04497551918029785,-0.00012772972181611663
45600,-0.00024557849974371493,2.9142350285837892e-05,-3.688825762271881,1.8626451e-07,0.0,0.004371702671051025,-0.00012223781744991058
45800,-0.0003100497415289283,2.136493267244077e-05,-3.688831651210785,2.0354987e-07,0.0,0.0015257596969604492,-0.0001389569929659107
46000,-0.0001674261875450611,4.8483802038390424e-05,-3.68882560133934,1.9878148e-07,0.0,0.025183796882629395,-0.00012462468492366874
46200,-0.0002778000198304653,2.4206807074733662e-05,-3.688832014799118,2.9087064e-07,0.0,0.049021244049072266,-0.0001451888670615076
46400,-0.0003244319523219019,1.521645319826348e-05,-3.6888292849063875,2.7418136e-07,0.0,0.08886188268661499,-0.0001494100343106375
46600,-0.00031450390815734863,2.1789784796055756e-05,-3.6888324201107023,1.7523766e-07,0.0,-0.022332072257995605,-0.00011524981184561911
46800,-0.0003231162845622748,1.7604256709091714e-05,-3.6888305485248565,2.7805567e-07,0.0,0.07821875810623169,-0.00015078431314805019
47000,-0.00030471524223685265,1.829118505156657e-05,-3.688829243183136,3.1083823e-07,0.0,0.12002891302108765,-0.0001650871265878817
47200,-0.0003813601506408304,3.6675625096904696e-05,-3.6888365387916564,1.8686056e-07,0.0,0.021850407123565674,-0.0001485182563506715
47400,-0.0004992194008082151,1.4897844243932922e-05,-3.6888328313827516,3.6805866e-07,0.0,0.1253095269203186,-0.00018895622404477841
47600,-0.00018032986554317176,3.2019661421145426e-05,-3.6888300120830535,1.5914439e-07,0.0,0.044505536556243896,-0.00010537104238520501
47800,-0.00040958597674034536,1.7006063762892155e-05,-3.6888336896896363,3.8027764e-07,0.0,0.09981101751327515,-0.0002132971586040533
48000,-0.0006810901104472578,2.7593886625254526e-05,-3.6888300597667696,4.3630598e-07,0.0,0.052230894565582275,-0.0002338144917607643
48200,-0.0004068956186529249,6.121448814155883e-05,-3.6888301730155946,2.5093556e-07,0.0,0.0347101092338562,-0.00014303338510943676
48400,-0.0003698060172609985,4.1409504046896475e-05,-3.6888290643692017,2.4825334e-07,0.0,0.06180572509765625,-0.0001439459922431663
48600,-0.000328817346598953,1.1018243287708174e-05,-3.6888320565223696,2.1338462e-07,0.0,0.08457475900650024,-0.0001599037793171165
48800,-0.00031691102776676416,1.2674448021243733e-05,-3.6888262152671816,2.9176474e-07,0.0,-0.20916569232940674,-0.00015012146494726154
49000,-0.0003122941998299211,2.121165507560363e-05,-3.6888277769088744,1.5079975e-07,0.0,0.07916855812072754,-0.00010016817261160327
49200,-0.00038024125387892127,3.343672105984297e-05,-3.68882817029953,2.2381545e-07,0.0,-0.05304431915283203,-0.00015104496574278592
49400,-0.0002678754390217364,1.5716284588052075e-05,-3.6888293087482453,2.077222e-07,0.0,0.11724722385406494,-0.00012301202056530514
49600,-0.00019753928063437343,1.1473779102288972e-05,-3.6888306200504304,1.180172e-07,0.0,0.10008734464645386,-9.562616730161012e-05
49800,-0.00022537197219207883,2.6914037380265655e-05,-3.688827222585678,1.41263e-07,0.0,0.10887730121612549,-9.530875850475296e-05
50000,-0.00023667326604481786,1.0016591238581895e-05,-3.688825786113739,1.9788743e-07,0.0,-0.15564024448394775,-0.00013422365358621845
50200,-0.0003306119469925761,4.174280693405308e-05,-3.6888278841972353,1.5288592e-07,0.0,0.09654182195663452,-0.00012338900526405184
50400,-0.0003954687563236803,2.035032225649047e-05,-3.688827210664749,2.2947788e-07,0.0,0.04503387212753296,-0.00017811947999013533
50600,-0.0001863116049207747,2.977509443553572e-05,-3.6888314962387083,1.4811755e-07,0.0,-0.038871169090270996,-0.0001239705467409147
50800,-0.00015992029511835426,1.5035592514323071e-05,-3.6888306558132173,1.2129544e-07,0.0,0.13551735877990723,-9.355805824879937e-05
51000,-0.0005144512979313731,4.4727261547450324e-05,-3.688817912340164,3.3736228e-07,0.0,-0.06025660037994385,-0.0001739027359058287
51200,-0.00028088639373891056,2.0883754677925027e-05,-3.6888198614120484,3.0845405e-07,0.0,0.06738734245300293,-0.00018989358308205695
51400,-0.0004357060824986547,5.650640405292506e-05,-3.6888149976730347,2.8669834e-07,0.0,0.1427401304244995,-0.00014905844621357912
51600,-0.00023297627922147512,3.995811493950896e-05,-3.6888176023960115,2.3961067e-07,0.0,0.034703969955444336,-0.0001522875276177782
51800,-0.0001486048277001828,1.52608759094619e-05,-3.6888216733932495,1.5079974e-07,0.0,-0.23481595516204834,-9.410921492083446e-05
52000,-0.00047857780009508133,1.3818487536809698e-05,-3.688823026418686,2.7894976e-07,0.0,0.10314321517944336,-0.00020253147838573683
52200,-0.00032033646130003035,1.8477886237633355e-05,-3.6888079226016997,2.402067e-07,0.0,0.09993362426757812,-0.0001342004011107456
52400,-0.0003651973092928529,1.4645664452928032e-05,-3.688819497823715,1.5437602e-07,0.0,-0.05290496349334717,-0.00010972759823300038
52600,-0.0003395460662432015,1.3109547580825165e-05,-3.6888201951980593,1.5437604e-07,0.0,0.09885555505752563,-0.00011143016047254761
52800,-0.00026520571555010974,8.742593752231188e-06,-3.6888172745704653,2.3692847e-07,0.0,0.056361496448516846,-0.00014041781465579106
53000,-0.00024069202481769025,1.8154980193685332e-05,-3.6888206899166107,1.1533499e-07,0.0,0.0674208402633667,-9.694072627484119e-05
53200,-0.0003481993335299194,6.942003719814238e-05,-3.688816338777542,3.874302e-07,0.0,-0.08166050910949707,-0.00021310240297585105
53400,-0.0002374777541263029,1.4996327922744968e-05,-3.6888188421726227,1.5825034e-07,0.0,-0.14075970649719238,-0.00011328616684589399
53600,-0.00021869526244699955,2.0346347560007418e-05,-3.6888195872306824,1.6778708e-07,0.0,0.08378201723098755,-0.0001238094195310069
53800,-0.0002312934520887211,1.1797825891335378e-05,-3.6888121545314787,1.9460916e-07,0.0,-0.0617755651473999,-0.0001319086106524203
54000,-0.0002115203969879076,2.0720093630188785e-05,-3.6888164281845093,1.9997358e-07,0.0,0.08131211996078491,-0.00012109196903726804
54200,-0.00040389675996266305,3.721591606336006e-05,-3.688808023929596,2.0653007e-07,0.0,-0.0021631717681884766,-0.0001266766783487583
54400,-0.00030070068896748126,1.4335046580526978e-05,-3.688813400268555,3.5703184e-07,0.0,0.09228533506393433,-0.00018434077522782032
54600,-0.00020559548283927143,3.711555650625087e-05,-3.6888142228126526,2.530217e-07,0.0,-0.08693158626556396,-0.00013565340652945678
54800,-0.00043259240919724107,2.964437089758576e-05,-3.688807398080826,2.7239324e-07,0.0,-0.04024040699005127,-0.00015245745112634211
55000,-0.0001791272370610386,1.5434103647749e-05,-3.688814330101013,2.065301e-07,0.0,0.2042369842529297,-0.00013126653439325952
55200,-0.000176213143276982,1.3071821194898803e-05,-3.6888061285018923,2.396107e-07,0.0,-0.29985177516937256,-0.00013858640101285235
55400,-0.0003999658802058548,9.960295972177847e-06,-3.6888057351112367,2.1219253e-07,0.0,0.09870266914367676,-0.00013907420700935979
55600,-0.00023710944515187293,2.423682938115235e-05,-3.6888134479522705,1.2725592e-07,0.0,0.05395907163619995,-0.00011007194996817126
55800,-0.0002523741277400404,1.9484240260680964e-05,-3.6888114154338836,1.9341707e-07,0.0,0.05676305294036865,-0.00012402888261933142
56000,-0.0003216227050870657,1.5000109192442323e-05,-3.688803243637085,3.2007694e-07,0.0,0.15145939588546753,-0.00016978424780709212
56200,-0.0003251296002417803,5.657589290422038e-05,-3.6888036906719206,1.6659499e-07,0.0,0.07592350244522095,-0.00011010898609375985
56400,-0.0005509626353159547,1.9573513486648154e-05,-3.6888135373592377,2.8043985e-07,0.0,0.03862875699996948,-0.00018049043545373956
56600,-0.0003253921458963305,2.4306838531629184e-05,-3.688804340362549,3.8385392e-07,0.0,-0.11802434921264648,-0.00018969173378651226
56800,-0.0004118387296330184,1.7589367325854254e-05,-3.6888081967830657,2.1755696e-07,0.0,0.035858213901519775,-0.00015455909772197352
57000,-0.0003577824681997299,3.979302191510214e-05,-3.6888145327568056,2.5600195e-07,0.0,-0.048279523849487305,-0.00015137064456774985
57200,-0.00026178036932833493,1.5685043808844058e-05,-3.6888045847415922,2.0295381e-07,0.0,0.03812670707702637,-0.00013667909111080289
57400,-0.0005891661276109517,2.9818410621373914e-05,-3.688814568519592,2.670288e-07,0.0,0.05837726593017578,-0.00016960828285164097
57600,-0.00021698989439755678,1.5904189581306127e-05,-3.688809949159622,1.6629696e-07,0.0,0.00012934207916259766,-0.00010752737473924689
57800,-0.00022943505609873682,2.216530651821813e-05,-3.688807022571564,2.3275614e-07,0.0,0.1519823670387268,-0.00013259658150712727
58000,-0.00026210275245830417,2.7985311680822635e-05,-3.6888095140457153,1.3798476e-07,0.0,0.02401423454284668,-9.979831442663567e-05
58200,-0.00019383705512154847,2.6268916940352938e-05,-3.688805401325226,2.1517278e-07,0.0,0.04350537061691284,-0.0001498501161866006
58400,-0.00028355413815006614,4.2791039504663786e-05,-3.6887985944747923,1.9937754e-07,0.0,0.14784348011016846,-0.0001102391195549668
58600,-0.00016880425391718745,2.5019044096552533e-05,-3.688812053203583,1.2844802e-07,0.0,-0.20847129821777344,-0.00011259852246987556
58800,-0.00034966538078151643,1.382619479954883e-05,-3.6888094425201414,1.7493963e-07,0.0,0.13653254508972168,-0.00014035300904788884
59000,-0.00015167875972110778,1.0557007556144526e-05,-3.688809210062027,1.1920929e-07,0.0,0.08489781618118286,-9.898578387126377e-05
59200,-0.0003460835141595453,1.558072506213648e-05,-3.6887962579727174,2.1547078e-07,0.0,0.10301327705383301,-0.0001227617704871342
59400,-0.00037137529579922557,2.2594943629883346e-05,-3.6888081967830657,2.220273e-07,0.0,0.06837570667266846,-0.00016797494951328317
59600,-0.0004203733988106251,1.925002095504169e-05,-3.688804715871811,1.7374754e-07,0.0,0.12238764762878418,-0.0001381391731587245
59800,-0.0004040829953737557,2.1470535716616724e-05,-3.688810294866562,2.4288892e-07,0.0,-0.05287599563598633,-0.0001508679902072485
60000,-0.00023328050156123936,2.690932719815464e-05,-3.6888009369373322,2.2947789e-07,0.0,0.17890936136245728,-0.0001257731608918622
60200,-0.0003094042476732284,1.308371258801344e-05,-3.688804405927658,1.7017126e-07,0.0,-0.062183260917663574,-0.00012128130345452348
60400,-0.0003207813133485615,1.8403618037154955e-05,-3.6888007819652557,1.7166138e-07,0.0,0.09123516082763672,-9.960859216444629e-05
60600,-0.0003138708707410842,1.6164861835932243e-05,-3.6888067543506624,2.0593404e-07,0.0,0.010038197040557861,-0.00013182812871559424
60800,-0.0002870476746466011,1.3814909425491351e-05,-3.6888091266155243,1.591444e-07,0.0,-0.02412259578704834,-0.00010920360764401504
61000,-0.00031093406141735613,3.723797040038335e-05,-3.688812977075577,2.3812055e-07,0.0,0.08783811330795288,-0.00014394157596244738
61200,-0.0002956618554890156,9.39454166655196e-06,-3.688809025287628,2.1606684e-07,0.0,0.18426084518432617,-0.00013608979580839175
61400,-0.00025621234090067446,1.5270510152731732e-05,-3.6888149261474608,1.2785196e-07,0.0,-0.19195890426635742,-0.00011032943406847906
61600,-0.00022465184156317264,9.295652591845283e-06,-3.6888041496276855,1.6391277e-07,0.0,-0.012421727180480957,-9.885066733170689e-05
61800,-0.00025018819724209607,2.501275444046769e-05,-3.688802444934845,1.642108e-07,0.0,-0.01993739604949951,-0.00011869979492260541
62000,-0.00044090120354667306,1.030029692401513e-05,-3.6888046741485594,2.887845e-07,0.0,0.09215235710144043,-0.00019585148927296902
62200,-0.0005025076679885387,1.3048590699327178e-05,-3.6887953519821166,3.2424924e-07,0.0,-0.01211845874786377,-0.00018414443920509172
62400,-0.0003584295336622745,1.6027224046410992e-05,-3.688804829120636,2.6077032e-07,0.0,0.1291881799697876,-0.00014689935010774312
62600,-0.00022195480414666235,1.5671386722715398e-05,-3.6887996077537535,2.0325183e-07,0.0,-0.25465643405914307,-0.00012786687881021218
62800,-0.00034199756919406354,2.9354852449614556e-05,-3.688800722360611,3.1381848e-07,0.0,0.0412290096282959,-0.00016693611498117545
63000,-0.00030410077306441963,2.1301505648807505e-05,-3.688800925016403,2.1517276e-07,0.0,0.0281982421875,-0.0001322493105906375
63200,-0.00036836013896390796,1.7654661655797098e-05,-3.688799560070038,3.0070544e-07,0.0,0.08100855350494385,-0.00017825335301404065
63400,-0.00024458582629449666,5.508940230356529e-05,-3.6887899458408357,3.2603742e-07,0.0,0.056385576725006104,-0.00016809242927044997
63600,-0.00019185560813639313,3.007222458109027e-05,-3.6888062834739683,1.08182434e-07,0.0,0.14549511671066284,-9.301346544434707e-05
63800,-0.00027086352929472923,3.285269413026981e-05,-3.688803219795227,2.4080276e-07,0.0,-0.14153432846069336,-0.00013602331190949447
64000,-0.00024442386347800493,1.2766278518938635e-05,-3.688800173997879,1.9699335e-07,0.0,-0.03484165668487549,-0.0001431448167115157
64200,-0.0002512637584004551,2.854624758583668e-05,-3.6888160526752474,1.358986e-07,0.0,-0.10896408557891846,-9.644722918324966e-05
64400,-0.00039607504731975496,2.018511504502385e-05,-3.688798391819,2.452731e-07,0.0,-0.0942845344543457,-0.00015627391985784111
64600,-0.00015592813724651933,2.0579818215082924e-05,-3.688793408870697,3.5852193e-07,0.0,0.00937497615814209,-0.00013222632515885735
64800,-0.0003764636639971286,1.2353413740129327e-05,-3.6888076663017273,1.370907e-07,0.0,0.08777487277984619,-0.00010661791993675785
65000,-0.0004976601339876652,2.0194411854390636e-05,-3.688797855377197,2.8431415e-07,0.0,0.0148237943649292,-0.00016489393992831226
65200,-0.0002409667504252866,9.998038444791746e-06,-3.688807559013367,1.7136335e-07,0.0,0.14125663042068481,-0.00011936486508177247
65400,-0.00039563298923894763,2.5594008639018286e-05,-3.688795781135559,2.4348498e-07,0.0,0.031046748161315918,-0.00014971579685050252
65600,-0.0004660462436731905,3.849989361697226e-05,-3.68880073428154,4.2110685e-07,0.0,0.06003910303115845,-0.00020770672018080027
65800,-0.000243881979258731,5.24072636380879e-05,-3.6888101160526277,1.6987323e-07,0.0,0.05724591016769409,-0.00012187874346158978
66000,-0.0002789376303553581,4.898352358395641e-05,-3.68879776597023,2.8073788e-07,0.0,-0.04515540599822998,-0.0001730127550534144
66200,-0.00029247754719108343,2.0493135320975852e-05,-3.688802659511566,1.8626451e-07,0.0,0.05031031370162964,-0.0001154526247123977
66400,-0.00045054475776851177,2.4628552955618944e-05,-3.688801634311676,3.0815602e-07,0.0,-0.04776406288146973,-0.00017887142403401058
66600,-0.0002220728638349101,3.5651519283419475e-05,-3.68881157040596,1.9133091e-07,0.0,0.09276461601257324,-0.0001433572037258246
66800,-0.00013978923379909247,1.739708272907592e-05,-3.6888060688972475,2.43783e-07,0.0,0.09129518270492554,-0.00015489504049939206
67000,-0.0002946968888863921,2.5025863806149573e-05,-3.688808333873749,1.3649463e-07,0.0,-0.05324959754943848,-0.00010335315779171628
67200,-0.0002690388064365834,1.9619588715613646e-05,-3.6888119697570803,1.129508e-07,0.0,0.13629919290542603,-9.026334850246177e-05
67400,-0.00034167751437053084,2.2972429815126815e-05,-3.688808935880661,2.5689604e-07,0.0,0.04971969127655029,-0.000145407133068165
67600,-0.0002331180003238842,1.4647395551037334e-05,-3.688807410001755,2.810359e-07,0.0,-0.26943182945251465,-0.00015392351145460115
67800,-0.00036528470809571445,2.0810882188015966e-05,-3.6887944757938387,4.0829178e-07,0.0,0.05969172716140747,-0.00019413825804095452
68000,-0.00028538150945678353,5.397155346145155e-05,-3.6888132333755492,1.7940998e-07,0.0,-0.016577482223510742,-0.00012713870416778406
68200,-0.0002480467373970896,0.00011976178448094287,-3.6888106882572176,2.360344e-07,0.0,-0.007058382034301758,-0.00014564044900930995
68400,-0.0004005228402093053,3.221057440896402e-05,-3.6888030588626863,2.3722649e-07,0.0,0.034500062465667725,-0.00015253613995896975
68600,-0.0002753322769422084,3.2566805384703915e-05,-3.6888042807579042,1.5884638e-07,0.0,-0.009698987007141113,-9.62394324396043e-05
68800,-0.00032987300073727965,2.178651534450182e-05,-3.6888025760650636,2.8401612e-07,0.0,-0.013431906700134277,-0.00017285710599628245
69000,-0.000430815591244027,2.1911330441071188e-05,-3.6888089001178743,2.3186206e-07,0.0,0.08783131837844849,-0.00015342303029570737
69200,-8.50174474180676e-05,5.1262528177176134e-05,-3.6888118267059324,1.6629696e-07,0.0,0.05822700262069702,-0.00011557748846295901
69400,-0.00035563044366426766,2.1943665160506498e-05,-3.6888089776039124,2.1725893e-07,0.0,-0.16515719890594482,-0.00014386457991281132
69600,-0.00022007770894560963,2.3305820445784774e-05,-3.68880832195282,2.1249055e-07,0.0,-0.040502190589904785,-0.00014699398820612332
69800,-0.000488907506223768,2.522025113194104e-05,-3.6887985110282897,4.3720007e-07,0.0,-0.04154360294342041,-0.00020814739269809924
70000,-0.000174090891960077,4.2292730131521236e-05,-3.6888021349906923,1.8566847e-07,0.0,-0.02310967445373535,-0.00011172465960390676
70200,-0.00036980301956646144,1.91938523812496e-05,-3.688802719116211,2.1338462e-07,0.0,0.05772370100021362,-0.0001336672834759689
70400,-0.00027189849060960114,1.2620293966847385e-05,-3.6888118147850038,1.8209218e-07,0.0,0.047750890254974365,-0.00011827444985794689
70600,-0.0002703922800719738,1.8458153567735282e-05,-3.688809370994568,1.8894671e-07,0.0,0.038561224937438965,-0.00011629307266693977
70800,-0.0002726367092691362,1.4401155840459979e-05,-3.6888048350811005,1.5616416e-07,0.0,0.08527439832687378,-0.00011313860117070362
71000,-0.00023999065160751343,2.743264326454664e-05,-3.688808596134186,1.5884638e-07,0.0,0.030855655670166016,-0.0001146935965224416
71200,-0.0004469116684049368,4.067267864229507e-05,-3.6888042092323303,1.9639731e-07,0.0,0.10916608572006226,-0.0001407101452403525
71400,-0.00022963900119066238,2.440164744257345e-05,-3.688805913925171,1.6719103e-07,0.0,-0.11107242107391357,-0.00010297764909512619
71600,-0.0005066809826530516,1.4149762569104496e-05,-3.68879970908165,3.6925078e-07,0.0,0.18455815315246582,-0.0001712860751581502
71800,-0.00040838762652128935,1.880031127257098e-05,-3.688803416490555,2.0474195e-07,0.0,-0.23297536373138428,-0.00014353632944832384
72000,-0.00020203426538500935,3.415201031202742e-05,-3.6888045251369475,1.8805267e-07,0.0,0.04611790180206299,-0.00012464888688592523
72200,-0.0002716283779591322,3.748244835151126e-05,-3.688812106847763,1.6599894e-07,0.0,-0.015145182609558105,-0.00011389253581682857
72400,-0.00018474250100553036,1.4636860612426972e-05,-3.6887991964817046,1.4603138e-07,0.0,-0.07847893238067627,-0.00010412888204998083
72600,-0.00019513237930368632,1.5940606886033493e-05,-3.6888008773326875,1.3381242e-07,0.0,-0.04714095592498779,-0.00010378608114605114
72800,-0.00019218292436562479,4.405158360896166e-05,-3.688800793886185,1.6331673e-07,0.0,0.01927006244659424,-0.00013342392436412886
73000,-0.00012991914991289377,2.4670427796991136e-05,-3.6887992322444916,2.4855137e-07,0.0,0.08027666807174683,-0.00013367968675583874
73200,-0.00024889735504984856,2.861462098735501e-05,-3.688797038793564,2.0742416e-07,0.0,-0.08402097225189209,-0.00011510705953861055
73400,-0.00022762174194213003,2.6307620305487945e-05,-3.6888038337230684,1.8686056e-07,0.0,0.11528509855270386,-0.0001309496600451876
73600,-0.0002700135810300708,2.5041476851583867e-05,-3.6887990295886994,1.7136335e-07,0.0,-0.04382979869842529,-0.0001021470131127078
73800,-0.00040428817737847567,2.2284517990556195e-05,-3.6888057351112367,1.6182662e-07,0.0,0.09996461868286133,-0.00011623065891774864
74000,-0.0002612098469398916,1.871825347734557e-05,-3.688803720474243,1.92523e-07,0.0,0.08691269159317017,-0.00012769731904911376
74200,-0.00042803262476809323,2.3539722997156785e-05,-3.688797080516815,2.2619963e-07,0.0,0.03337889909744263,-0.00014573550292578118
74400,-0.00042139599099755287,1.8548078901403642e-05,-3.6888023257255553,3.0308962e-07,0.0,0.042990028858184814,-0.00015814057630541555
74600,-0.00045444536954164505,3.1551835945720086e-05,-3.68880609869957,2.682209e-07,0.0,0.013377368450164795,-0.00016591592092481954
74800,-8.641968452138826e-05,2.220426076746662e-05,-3.688790851831436,1.809001e-07,0.0,-0.031656861305236816,-0.0001261167113078443
75000,-0.00023480027448385954,1.701292662801279e-05,-3.6887963593006132,1.0430813e-07,0.0,0.0627242922782898,-8.299438666177217e-05
75200,-0.0003862744488287717,1.1555281537312112e-05,-3.6887967705726625,2.849102e-07,0.0,0.04790729284286499,-0.00017055599338504645
75400,-0.00026092317420989275,4.989843050680065e-05,-3.6887912273406984,2.5510786e-07,0.0,0.012095749378204346,-0.00015011404384921435
75600,-0.00026400404749438167,8.429371052898205e-06,-3.6887922883033752,2.5361777e-07,0.0,0.20682328939437866,-0.00014890336931703275
75800,-0.000317752972478047,1.818988305331004e-05,-3.688793843984604,2.5153162e-07,0.0,0.12889796495437622,-0.00012866481457938229
76000,-0.00024346959253307432,4.773387545355945e-05,-3.6887973725795744,1.9282102e-07,0.0,0.020645499229431152,-0.0001273613228753412
76200,-0.000313684344291687,2.6837054701900342e-05,-3.68880575299263,1.487136e-07,0.0,0.03015965223312378,-0.00011323562352574256
76400,-0.00028025617939420044,2.9859172309443237e-05,-3.6887959122657774,2.3782253e-07,0.0,0.1031961441040039,-0.00014593393062183323
76600,-0.0002457497757859528,1.846161508183286e-05,-3.688796800374985,1.8298627e-07,0.0,0.08326160907745361,-0.00010224178427177266
76800,-0.00040462013566866517,6.639248194915127e-05,-3.688801074028015,2.104044e-07,0.0,0.05649632215499878,-0.00014989209050115805
77000,-0.0005437732907012105,4.3410787839093246e-05,-3.688789814710617,2.3722649e-07,0.0,-0.1237483024597168,-0.00013601453621991944
77200,-0.00026897998759523034,3.7150511252548314e-05,-3.688794994354248,2.0503998e-07,0.0,-0.10860872268676758,-0.00013743763327227486
77400,-0.000311091891489923,1.5025054221950995e-05,-3.688780981302261,2.4586916e-07,0.0,-0.11953508853912354,-0.00015026146103833682
77600,-0.00033402381814084947,1.6329899426636985e-05,-3.688802009820938,1.4215708e-07,0.0,-0.09755480289459229,-0.00010742646443037129
77800,-0.0004006435628980398,2.075667259759939e-05,-3.6887923061847685,3.6090614e-07,0.0,-0.1846402883529663,-0.00018518680471588667
78000,-0.0003479558799881488,1.2115140543755843e-05,-3.6888000667095184,1.7076731e-07,0.0,0.17564237117767334,-0.00011319245383878407
78200,-0.0003721234097611159,2.626595976380486e-05,-3.688802194595337,2.1129847e-07,0.0,-0.06901943683624268,-0.00015731900857525184
78400,-0.00019729934865608811,1.0716208350913803e-05,-3.6887991309165953,1.7434358e-07,0.0,0.15732377767562866,-0.00012097235051304889
78600,-0.00024888402549549937,2.0261561780898772e-05,-3.6887877106666567,2.479553e-07,0.0,-0.08185708522796631,-0.00014513300480110126
78800,-0.00030715292086824775,2.697138970688684e-05,-3.688789403438568,3.632903e-07,0.0,0.086234450340271,-0.00020483447376654085
79000,-0.0002885804860852659,3.1644394402974287e-05,-3.6887857556343078,2.476573e-07,0.0,0.007853925228118896,-0.0001380430705289648
79200,-0.0002505838347133249,2.019751418629312e-05,-3.6887861251831056,1.218915e-07,0.0,-0.33832383155822754,-0.00010526178016418974
79400,-0.0003584778169170022,2.9084872880957847e-05,-3.688788563013077,2.2649766e-07,0.0,-0.056954145431518555,-0.00013765296656902403
79600,-0.00030761369271203876,1.861538326011214e-05,-3.688787078857422,2.6226041e-07,0.0,0.05485337972640991,-0.0001590696405102121
79800,-0.00033907394390553236,1.3833470711688279e-05,-3.6887910187244417,1.7732381e-07,0.0,0.009863317012786865,-0.00012028678494522272
80000,-0.0004566758871078491,1.868997885594581e-05,-3.688780415058136,2.1547079e-07,0.0,0.08951818943023682,-0.00012813162821601054
80200,-0.00033326787524856627,2.9494578802768957e-05,-3.6887778103351594,1.9937754e-07,0.0,0.08198124170303345,-0.00011772403872725156
80400,-0.00023032473109196872,3.199862255769404e-05,-3.688778781890869,3.0010938e-07,0.0,0.11523216962814331,-0.00014697921241451083
80600,-0.00018900111899711192,1.022224190023735e-05,-3.688779664039612,1.2576581e-07,0.0,-1.1337041854858398,-8.222444434844434e-05
80800,-0.00023379352933261544,6.16126002199735e-06,-3.6887933552265166,2.4080276e-07,0.0,-2.3137195110321045,-0.00015178486163662795
81000,-0.0005701190675608814,4.530966973703699e-06,-3.6887801229953765,6.943941e-07,0.0,0.07666528224945068,-0.00030080193053381164
81200,-0.00022175350750330836,3.1597754301060378e-06,-3.6887971699237823,2.142787e-07,0.0,-0.9765045642852783,-0.00012995614114608145
81400,-0.00023395959578920156,2.600019378462548e-06,-3.688784271478653,1.3917685e-07,0.0,-1.0662400722503662,-9.324888863613268e-05
81600,-0.00016732010408304632,1.9527107781414086e-06,-3.688792812824249,6.9141386e-08,0.0,-4.119864463806152,-7.72175564356159e-05
81800,-0.00027838340611197054,1.4125686472965527e-06,-3.6887766838073732,1.6301871e-07,0.0,-2.391645908355713,-0.00010291454202437933
82000,-0.00011704833013936877,1.4089400636407846e-06,-3.688781613111496,5.3048133e-08,0.0,-13.871298789978027,-4.187284404602032e-05
82200,-0.00017963311984203756,1.3945971929274491e-06,-3.688782829046249,8.404255e-08,0.0,-10.88877010345459,-6.132349304701634e-05
82400,-0.00016311279614455998,1.5249887411528106e-06,-3.688784098625183,7.092953e-08,0.0,-23.234418869018555,-5.123899906234186e-05
82600,-6.628424307564273e-05,1.2990175747518152e-06,-3.6887808620929716,6.1690805e-08,0.0,-24.53714942932129,-5.376343483538548e-05
82800,-0.0001238380209542811,1.3851103673800934e-06,-3.6887818217277526,5.5134294e-08,0.0,-31.947330474853516,-4.623156755281244e-05
83000,-0.00017174056847579777,1.001206516093589e-06,-3.688767981529236,8.195639e-08,0.0,-26.938079833984375,-5.066475321156005e-05
83200,-0.0001982551475521177,1.3063582571248844e-06,-3.6887910068035126,8.046627e-08,0.0,-38.89885330200195,-7.740508012350489e-05
83400,-0.00018536392599344254,9.8648257988998e-07,-3.688782101869583,1.0758639e-07,0.0,-34.2099494934082,-6.613852109547125e-05
83600,-7.462940993718803e-05,8.16075923637527e-07,-3.6887904345989226,3.904104e-08,0.0,-29.895137786865234,-4.060710947009216e-05
83800,-0.00013257279351819307,9.766061751292908e-07,-3.68877774477005,1.630187e-07,0.0,-3.4882326126098633,-8.595620130753545e-05
84000,-0.00013976891932543367,6.657111015329065e-07,-3.6887787103652956,8.016825e-08,0.0,-23.00149917602539,-5.742096892423776e-05
84200,-0.00012571421393658966,4.940692019061998e-07,-3.6887705504894255,7.212162e-08,0.0,-18.69744110107422,-5.396783346480749e-05
84400,-0.00017530220793560147,7.531795642279349e-07,-3.688773441314697,8.523464e-08,0.0,-38.92599868774414,-5.262823415375095e-05
84600,-0.00017683097394183278,6.187020566983392e-07,-3.688781076669693,1.18315214e-07,0.0,-38.58191680908203,-7.456755587837982e-05
84800,-0.00013196319923736155,4.223328698316209e-07,-3.68878288269043,7.95722e-08,0.0,-27.321929931640625,-5.6439175987144094e-05
85000,-0.0001294611720368266,4.5749671464534456e-07,-3.6887720584869386,6.854534e-08,0.0,-34.53904724121094,-5.266961415226756e-05
85200,-0.0001891639403766021,4.995214389680314e-07,-3.688787877559662,6.735325e-08,0.0,-5.007150173187256,-6.734637935637e-05
85400,-0.00018129775708075613,3.010338524234157e-07,-3.688786208629608,1.06394296e-07,0.0,-27.047441482543945,-6.389637686350369e-05
85600,-0.00012938879081048071,2.50518926847576e-07,-3.6887704014778135,1.0043383e-07,0.0,-29.261640548706055,-5.2731439474429376e-05
85800,-0.00019618988153524697,2.1500530760221183e-07,-3.6887883961200716,9.149313e-08,0.0,-21.518131256103516,-6.0280755374675365e-05
86000,-0.0002101532300002873,2.028587609004262e-07,-3.6887772381305695,1.01923945e-07,0.0,-29.899141311645508,-5.932538268824672e-05
86200,-0.00022988513228483498,1.9221987059836466e-07,-3.688778728246689,1.1354685e-07,0.0,-26.128271102905273,-6.980170309731638e-05
86400,-0.00013950081483926624,1.7472017059816381e-07,-3.6887706398963926,7.301569e-08,0.0,-43.52225112915039,-3.978435677212122e-05
86600,-0.00014720704348292202,1.2554648680662696e-07,-3.688764727115631,1.3917685e-07,0.0,-2.855841875076294,-8.242152818711545e-05
86800,-9.776650404091924e-05,1.2001969675878855e-07,-3.6887762606143952,7.420778e-08,0.0,-25.533689498901367,-4.158304658006262e-05
87000,-0.00018296076450496912,7.355966742395026e-08,-3.6887693762779237,1.0192394e-07,0.0,-18.092426300048828,-5.828396997605845e-05
87200,-0.00018270722648594528,1.0136095678348056e-07,-3.6887733697891236,3.0606986e-07,0.0,-3.1152148246765137,-0.00010707446579976132
87400,-0.00015319662634283304,6.946804336216416e-08,-3.6887788832187653,1.3679266e-07,0.0,-25.737689971923828,-8.454312447893075e-05
87600,-0.00015297402569558471,5.3658720844396155e-08,-3.688773292303085,1.1712312e-07,0.0,-12.062932968139648,-7.912833993906077e-05
87800,-0.00019688272732309997,6.552748281762888e-08,-3.6887801826000213,1.269579e-07,0.0,-35.75074768066406,-6.713229381887232e-05
88000,-0.0001987128925975412,3.033626919668464e-08,-3.6887718796730042,1.8715859e-07,0.0,-10.40432357788086,-7.684418615050426e-05
88200,-0.00015723469550721347,4.660584356219743e-08,-3.688787341117859,1.8328427e-07,0.0,-30.757112503051758,-9.597706811019791e-05
88400,-0.00013624777784571052,3.220392699176955e-08,-3.6887804865837097,1.3172627e-07,0.0,-20.86240577697754,-7.793572529222193e-05
88600,-0.00010789961379487067,2.9233538034745266e-08,-3.688767147064209,1.4364718e-07,0.0,-33.29435729980469,-8.088628898996752e-05
88800,-0.0003540963225532323,1.2211634270453686e-08,-3.688776510953903,3.3318994e-07,0.0,-15.390148162841797,-0.00012257009754950142
89000,-0.00017814796592574567,1.955895749805592e-08,-3.6887723565101624,1.4096499e-07,0.0,-12.431183815002441,-6.357105825571807e-05
89200,-0.00017140127602033317,1.514428234483667e-08,-3.6887740015983583,3.4958123e-07,0.0,-24.185489654541016,-0.00013009443112435015
89400,-0.00015964751946739852,2.480681255967454e-08,-3.688788378238678,7.718801e-08,0.0,-24.194122314453125,-5.999189591594511e-05
89600,-0.00023439081269316375,2.5994996954992188e-08,-3.6887934148311614,1.8924474e-07,0.0,-31.10003662109375,-0.00011868774844424612
89800,-0.00017295745783485472,1.8916302590987754e-08,-3.688777947425842,1.4901161e-07,0.0,-22.900362014770508,-0.00010703191204357587
90000,-0.00021800142712891102,1.5678445197675473e-08,-3.688762003183365,1.6838311e-07,0.0,-5.516019821166992,-7.046362779647986e-05
90200,-0.0004416927113197744,1.2666640236691507e-08,-3.6887771427631377,3.5226344e-07,0.0,-21.778596878051758,-0.00015920230656957246
90400,-0.0003495833952911198,7.223751380402987e-09,-3.688765448331833,2.8580428e-07,0.0,-9.8253173828125,-0.00012766709902987117
90600,-0.00024621852207928896,1.776476836745644e-08,-3.6887835264205933,1.7523766e-07,0.0,-0.7209852933883667,-0.00010117293961142693
90800,-0.00023967486049514264,1.3262378351086568e-08,-3.6887790143489836,1.5109777e-07,0.0,-22.923931121826172,-7.226861924951589e-05
91000,-0.0002781319199129939,5.318591272951423e-09,-3.6887736558914184,2.4676322e-07,0.0,-10.743966102600098,-0.00013081903736305022
91200,-0.0001996630453504622,6.715805100920847e-09,-3.688788515329361,1.4930964e-07,0.0,-10.767457008361816,-9.321847580532339e-05
91400,-0.0002964076120406389,8.21010232021635e-09,-3.688775110244751,2.1547079e-07,0.0,-8.250309944152832,-0.00010427516622264487
91600,-0.0005767926922999322,3.940142245806299e-09,-3.688768184185028,7.250905e-07,0.0,-6.161611557006836,-0.00029954343152165385
91800,-0.00023219059221446514,5.937234198727382e-09,-3.688784730434418,1.6450882e-07,0.0,-8.969033241271973,-8.349808972880623e-05
92000,-0.0004031894204672426,6.903701410543306e-09,-3.6887685477733614,3.0159953e-07,0.0,-13.118331909179688,-0.0001302028446784842
92200,-0.00016586198762524873,7.898861908994802e-09,-3.6887627065181734,2.4229288e-07,0.0,-2.6297340393066406,-0.00010904474511368445
92400,-8.069280011113733e-05,5.212125353537545e-09,-3.6887705504894255,1.7315148e-07,0.0,-2.2914652824401855,-0.00010033942264226492
92600,-0.0001426370145054534,6.552016157401752e-09,-3.688777780532837,2.5242568e-07,0.0,-7.8213043212890625,-0.0001207802442947603
92800,-0.00027960180887021124,6.466109103708817e-09,-3.6887833416461944,1.6003847e-07,0.0,-4.249207019805908,-9.93949021990903e-05
93000,-0.0005806662957184017,4.756968208230461e-09,-3.688770568370819,4.0739775e-07,0.0,-3.036247730255127,-0.00020173950478590273
93200,-0.00044370602699927986,3.3676725741393908e-09,-3.688762503862381,3.877282e-07,0.0,-4.7471604347229,-0.00018888354257979857
93400,-0.0003069515514653176,6.010373812537217e-09,-3.6887759923934937,3.9577486e-07,0.0,-11.048344612121582,-0.00018418964128636973
93600,-0.0003829318447969854,3.4661421344228673e-09,-3.688765174150467,3.8653613e-07,0.0,-2.6672472953796387,-0.00018322359124312015
93800,-0.00019689204054884613,4.2702127056593046e-09,-3.688767272233963,3.6925078e-07,0.0,-14.00377082824707,-0.0001492800412793871
94000,-0.00045063794823363423,2.8203041235741465e-09,-3.6887603223323824,3.501773e-07,0.0,-2.9579458236694336,-0.00017041015589507323
94200,-0.00032565713627263904,7.259521095370758e-09,-3.6887421011924744,2.9504298e-07,0.0,-7.613565444946289,-0.00012727570631227426
94400,-0.0004318295104894787,4.1066312350679365e-09,-3.688757824897766,3.8295983e-07,0.0,-4.835381031036377,-0.000201850361699929
94600,-0.0003967207740060985,2.8307097027502336e-09,-3.6887572705745697,4.565716e-07,0.0,-10.461297035217285,-0.00016777737367101864
94800,-0.0003356961242388934,5.030809813177939e-09,-3.688774311542511,2.2292137e-07,0.0,-7.5102434158325195,-0.00011791080207537163
95000,-0.0002817754866555333,4.1713825282840846e-09,-3.688771438598633,1.7642975e-07,0.0,-12.733516693115234,-0.00011238408037581583
95200,-0.00014910443860571831,6.9442228078919754e-09,-3.688758170604706,2.8163194e-07,0.0,-8.17080020904541,-0.00014010109161470828
95400,-0.00039183389162644744,4.0146077295855065e-09,-3.688774299621582,2.554059e-07,0.0,-2.3200440406799316,-0.00013506773025414586
95600,-0.00033070702920667827,5.803498248635464e-09,-3.688765901327133,5.26309e-07,0.0,-3.879143714904785,-0.00019217452523343504
95800,-0.00011071895278291777,5.947318648669153e-09,-3.6887681424617766,1.5825033e-07,0.0,-9.56357479095459,-8.84383313829229e-05
96000,-0.00030703636002726853,7.665467338657806e-09,-3.688780754804611,1.6748906e-07,0.0,-13.029474258422852,-0.00011415814812198999
96200,-0.0002887304581236094,6.889035197854554e-09,-3.6887579917907716,3.4183262e-07,0.0,-2.7568130493164062,-0.00016395804350484157
96400,-0.00026826135581359267,5.855287510403428e-09,-3.688765358924866,3.2633545e-07,0.0,-2.4300906658172607,-0.00014323711426027507
96600,-0.0004361847823020071,3.270325005244601e-09,-3.6887619376182554,3.2961367e-07,0.0,-4.848398208618164,-0.00015007077108868393
96800,-0.0003857716510538012,4.75058437587883e-09,-3.6887616991996763,4.091859e-07,0.0,-5.334746837615967,-0.0001731904917479543
97000,-0.00015407870523631573,6.4930397142282105e-09,-3.6887712240219117,1.3291836e-07,0.0,-14.095046997070312,-9.674346397548495e-05
97200,-0.00024870980996638536,6.200842139758578e-09,-3.688767045736313,1.0699034e-07,0.0,-5.324704170227051,-7.386795423054426e-05
97400,-0.00023298636369872838,7.176670557829113e-09,-3.688758611679077,2.7894973e-07,0.0,-7.941205978393555,-0.0001354176918163974
97600,-0.0002762407239060849,3.6853217033616657e-09,-3.6887660682201386,2.5004147e-07,0.0,-4.211269378662109,-0.00015339548874919727
97800,-0.00022202178661245853,7.211258679085119e-09,-3.6887733042240143,1.2636184e-07,0.0,-7.993618011474609,-8.358617141255298e-05
98000,-0.0002796054177451879,5.1650093257915584e-09,-3.6887699842453,2.2679566e-07,0.0,-4.624500274658203,-0.00012923122174430813
98200,-0.00028899722383357584,6.335979374494372e-09,-3.6887641549110413,2.1249056e-07,0.0,-4.466691017150879,-0.00011273559873802297
98400,-0.000244635040871799,5.984988438179073e-09,-3.688757264614105,2.7924773e-07,0.0,-7.1832075119018555,-0.00012433773253678337
98600,-0.0003612255968619138,5.508052897118532e-09,-3.688780057430267,1.8626451e-07,0.0,-5.739533424377441,-0.00013123173959614932
98800,-0.00025936844758689404,6.578674216495273e-09,-3.688775897026062,1.7911195e-07,0.0,-5.4513750076293945,-0.0001135995244967436
99000,-0.00010163974366150796,5.720406792697474e-09,-3.6887496769428254,2.7418136e-07,0.0,-6.88468074798584,-0.00012396147908693144
99200,-0.00018792375340126455,5.949063819343792e-09,-3.6887471139431,2.8550625e-07,0.0,-6.247772216796875,-0.0001204811328805011
99400,-0.0002873931953217834,2.249597760850541e-09,-3.6887729585170748,2.4825334e-07,0.0,-11.624637603759766,-0.0001396746201019372
99600,-0.00023177590628620237,7.29616237982178e-09,-3.6887855410575865,8.314848e-08,0.0,-14.628081321716309,-8.27156459207501e-05
99800,-0.0005268632667139173,6.008276376423538e-09,-3.68874968290329,3.7968158e-07,0.0,-3.3266115188598633,-0.0001833253426568149
100000,-0.00040579799679107964,6.997755830351338e-09,-3.688756841421127,2.4944543e-07,0.0,-4.498119354248047,-0.00011628752926082787
100200,-0.00045977337867952883,4.9768827392604464e-09,-3.688755339384079,3.257394e-07,0.0,-4.338494300842285,-0.00017101971773652024
100400,-0.0004522743111010641,7.829327242081519e-09,-3.6887784004211426,2.5123356e-07,0.0,-7.890374183654785,-0.0001439541417230572
100600,-0.0003277996147517115,3.885128940783744e-09,-3.6887703835964203,3.248453e-07,0.0,-4.417205810546875,-0.00015899076415428758
100800,-0.0002249641256639734,6.453731998812273e-09,-3.688760095834732,2.8133394e-07,0.0,-4.202092170715332,-0.00012849784296746768
101000,-0.00015324806736316532,6.240508165777925e-09,-3.6887736141681673,2.744794e-07,0.0,-6.659666538238525,-0.00010904631141533949
101200,-0.0002209179219789803,5.914905265580472e-09,-3.6887833297252657,1.3589859e-07,0.0,-6.2304582595825195,-0.0001036642714922209
101400,-0.00039927236502990127,4.301262040984355e-09,-3.688769632577896,6.058812e-07,0.0,-7.928362846374512,-0.00023911616156020444
101600,-0.00040349288610741496,5.335541458650894e-09,-3.6887744545936583,3.2663345e-07,0.0,-2.9928948879241943,-0.00016558402757738122
101800,-0.0004307630006223917,6.289887971577812e-09,-3.6887717127799986,1.8268824e-07,0.0,-8.805834770202637,-0.00010037267135829531
102000,-0.0003535865980666131,4.011170540163533e-09,-3.6887750387191773,2.220273e-07,0.0,-5.601748943328857,-0.00012202347886318688
102200,-0.00017776143795344979,6.197934898644064e-09,-3.6887774765491486,2.2679568e-07,0.0,-2.6756227016448975,-0.00011085554885595928
102400,-0.0002954800729639828,3.995439840087656e-09,-3.6887819528579713,1.15633014e-07,0.0,-4.479485034942627,-9.306300362778019e-05
102600,-0.0005171482334844768,4.196725744698426e-09,-3.68877569437027,2.4944543e-07,0.0,-10.619524955749512,-0.00015139763140428197
102800,-0.00013710767962038517,4.3393037219008335e-09,-3.688778132200241,2.7477742e-07,0.0,-5.296065807342529,-0.00014721192475897205
103000,-0.00012362268171273172,4.6917220275499714e-09,-3.6887723922729494,2.5242568e-07,0.0,-5.150183200836182,-0.0001329854810380171
103200,-0.00036282333894632757,3.796595171579043e-09,-3.68876428604126,2.4467707e-07,0.0,-5.933975696563721,-0.0001412439795973164
103400,-0.00021019508130848408,7.048152800281926e-09,-3.6887822806835175,8.314848e-08,0.0,-6.145761489868164,-6.712869546321443e-05
103600,-0.00045359975774772465,2.480811311933451e-09,-3.688768517971039,2.8669834e-07,0.0,-10.91004467010498,-0.00013322062830547487
103800,-0.00018383210408501327,4.9290703352244945e-09,-3.6887666285037994,2.7775764e-07,0.0,-4.735585689544678,-0.00013501678284311147
104000,-0.00021512070088647306,4.438666600936614e-09,-3.688773387670517,1.6510486e-07,0.0,-6.03914213180542,-9.496953391021634e-05
104200,-0.00046023502363823354,5.773951405885213e-09,-3.6887683629989625,2.3931264e-07,0.0,-5.556453704833984,-0.00012834468434994584
104400,-0.00021008029580116272,5.427310634242843e-09,-3.688787668943405,1.0997057e-07,0.0,-11.394241333007812,-7.406012281194752e-05
104600,-0.00047850384726189077,4.499987155126562e-09,-3.68876451253891,2.7716158e-07,0.0,-3.920930862426758,-0.00014237198926434492
104800,-0.00036609271774068475,7.293537052088794e-09,-3.6887774527072907,2.4825337e-07,0.0,-6.151400089263916,-0.00011461377916055504
105000,-0.00037701422115787864,3.687725591561275e-09,-3.688773673772812,2.8669834e-07,0.0,-6.983246326446533,-0.00013536577763297863
105200,-0.0003286531718913466,3.537914600171277e-09,-3.688766860961914,2.810359e-07,0.0,-6.6390814781188965,-0.0001433807457328129
105400,-0.0002229266829090193,8.593142186708037e-09,-3.688770389556885,2.2917988e-07,0.0,-4.861407279968262,-0.00012721473606507326
105600,-0.000305650697555393,4.450418034096515e-09,-3.688770169019699,2.6494263e-07,0.0,-0.03132915496826172,-0.00014451006692386414
105800,-0.00025311921490356326,7.65274318359488e-09,-3.688778269290924,2.3305415e-07,0.0,-8.493901252746582,-0.00010626858528195449
106000,-0.00022005812206771225,5.5858999203906025e-09,-3.688788187503815,1.6391277e-07,0.0,-8.297772407531738,-0.00010363540711368912
106200,-0.0005046924343332648,4.3568735758059415e-09,-3.6887763917446135,3.8564204e-07,0.0,-4.465758323669434,-0.00017787876063475317
106400,-0.0001228006003657356,4.0588846728084604e-09,-3.688789027929306,1.4364718e-07,0.0,-12.361474990844727,-8.780945128170626e-05
106600,-0.0001470218994654715,3.477846860500122e-09,-3.6887876093387604,1.7344952e-07,0.0,-3.611703872680664,-9.732134515054725e-05
106800,-0.0005109526682645082,4.4278472388636915e-09,-3.6887794017791746,3.2395124e-07,0.0,-2.5818369388580322,-0.00017347986998652586
107000,-0.00023908396542537957,5.168612710049203e-09,-3.688789051771164,1.9282103e-07,0.0,-6.816490650177002,-9.924736618018847e-05
107200,-0.00034269329626113176,5.079696119292265e-09,-3.688784825801849,2.1874905e-07,0.0,-3.6948118209838867,-0.00011968420595451779
107400,-0.00035242363810539246,4.782666851443906e-09,-3.6887810051441194,4.5448542e-07,0.0,-11.314657211303711,-0.00020909246027236427
107600,-0.0002680677571333945,4.9095272458554716e-09,-3.688780802488327,2.0951032e-07,0.0,-6.163815498352051,-0.0001268676361672716
107800,-0.0003996090672444552,3.4258430148259576e-09,-3.688779854774475,3.0457971e-07,0.0,-4.648555278778076,-0.0001482101605515762
108000,-0.0002924735308624804,5.651162088282647e-09,-3.688781279325485,2.8192997e-07,0.0,-4.74176549911499,-0.0001484157744048531
108200,-0.00045795185724273324,5.0523370154209605e-09,-3.6887631595134733,3.2782555e-07,0.0,-1.9017670154571533,-0.00014563333917294585
108400,-0.00042207969818264246,2.875893712062094e-09,-3.6887771129608153,2.7030705e-07,0.0,-15.270898818969727,-0.00012928429920386897
108600,-0.00019273036741651595,7.621560071946476e-09,-3.6887789368629456,1.3679266e-07,0.0,-1.6560566425323486,-9.144453704004185e-05
108800,-0.000370428548194468,5.451542228751549e-09,-3.688766694068909,2.5629998e-07,0.0,-3.386840343475342,-0.00013632527114577632
109000,-0.00036962187732569873,5.4027121609845355e-09,-3.688770663738251,2.1278859e-07,0.0,-7.923826217651367,-0.00011191437371542712
109200,-0.00026362150674685836,4.604414516329314e-09,-3.688761430978775,2.4586916e-07,0.0,-14.50088119506836,-0.00013237403299171113
109400,-0.0004274754610378295,3.7224647586597826e-09,-3.6887617468833924,2.864003e-07,0.0,-8.957473754882812,-0.000163049429597395
109600,-0.00020997124374844134,4.30491952640999e-09,-3.6887793481349944,1.2874604e-07,0.0,-7.662169456481934,-8.290562005450753e-05
109800,-0.00021602981723845005,4.87844631358314e-09,-3.6887681663036345,1.8239021e-07,0.0,-4.849551677703857,-0.00010306885058445348
110000,-0.00015682143566664308,5.72736429949039e-09,-3.688775843381882,1.2904405e-07,0.0,-7.267189979553223,-9.57862440035262e-05
110200,-0.00047845509834587574,4.92549869779424e-09,-3.6887537002563477,6.5445903e-07,0.0,-1.2297961711883545,-0.00025705246608811463
110400,-0.0002560551802162081,3.870328835198222e-09,-3.6887537121772764,2.7120115e-07,0.0,-7.022536277770996,-0.00013631120291019984
110600,-0.00042891985503956676,5.901694527521428e-09,-3.6887538611888884,2.8699637e-07,0.0,-7.103623390197754,-0.00014547820413146617
110800,-0.00059034168953076,3.5666715580973117e-09,-3.688761258125305,3.004074e-07,0.0,-5.741426467895508,-0.00016449190625698052
111000,-0.0003721762041095644,4.076243312334249e-09,-3.688767659664154,2.8014182e-07,0.0,-2.716914415359497,-0.00018204586980641313
111200,-0.000289223127765581,4.425137684060943e-09,-3.688761669397354,2.1249055e-07,0.0,-4.6492719650268555,-0.0001146437591476035
111400,-0.00032366125378757715,5.28905940155866e-09,-3.6887650072574614,2.2739171e-07,0.0,-5.117037296295166,-0.0001169601647350138
111600,-0.00023716736177448183,3.6020550819859666e-09,-3.6887635588645935,1.6301871e-07,0.0,-8.465524673461914,-0.00011085863437043097
111800,-0.00027226185193285346,6.307493727319979e-09,-3.6887419164180755,2.3066997e-07,0.0,-7.766619682312012,-0.00011256728395511172
112000,-0.00021441711578518152,2.731805071043425e-09,-3.6887705087661744,1.513958e-07,0.0,-3.1308770179748535,-9.714041692365782e-05
112200,-0.0003422053123358637,4.250935636829211e-09,-3.688763827085495,2.810359e-07,0.0,-8.073246002197266,-0.00015962991105622493
112400,-0.0002224751515313983,6.043829142710067e-09,-3.688777559995651,1.5079975e-07,0.0,-5.960107803344727,-0.00010460382716519501
112600,-0.0002620405575726181,4.680893572750478e-09,-3.6887686789035796,1.6242267e-07,0.0,-6.028476715087891,-0.00011039922393683011
112800,-0.00040693095070309937,3.337934686986621e-09,-3.688778895139694,1.8626451e-07,0.0,-6.796015739440918,-0.00013155882413684594
113000,-0.00014520305558107793,5.341131753544559e-09,-3.688777726888657,1.7762184e-07,0.0,-4.957005023956299,-0.00010189529490230997
113200,-0.0002742656506597996,4.501838762882571e-09,-3.688766074180603,2.4199485e-07,0.0,-2.349287509918213,-0.0001434956807056631
113400,-0.00012889162462670356,8.257914940745792e-09,-3.688765412569046,1.5079976e-07,0.0,-3.8848118782043457,-8.944049457939584e-05
113600,-0.00021036913676653057,4.4123328046818955e-09,-3.68876256942749,3.501773e-07,0.0,-12.03934097290039,-0.00016301470184567623
113800,-0.00033259144402109087,5.04214328067576e-09,-3.6887736916542053,2.4825334e-07,0.0,-5.714633941650391,-0.00013224621531811033
114000,-6.359672988764942e-05,9.270395895377703e-09,-3.68878413438797,1.5228986e-07,0.0,-9.77998161315918,-8.817928259383657e-05
114200,-0.0003630786086432636,5.814515902091699e-09,-3.68876656293869,2.3692847e-07,0.0,-4.67393684387207,-0.00013516172967356077
114400,-0.0005531906499527395,3.5324222935617654e-09,-3.6887786090373993,3.492832e-07,0.0,-9.38501262664795,-0.0001934784639130438
114600,-0.00036194545100443065,6.445861511217288e-09,-3.6887747049331665,2.3722647e-07,0.0,-2.331031560897827,-0.0001421081136745217
114800,-0.0003847281914204359,5.3023425261589095e-09,-3.688762050867081,4.518032e-07,0.0,-10.866362571716309,-0.0002122778204970921
115000,-0.000270296965027228,6.01044998216338e-09,-3.688781034946442,1.5467405e-07,0.0,-10.066609382629395,-9.887310142380201e-05
115200,-0.0002772487932816148,7.229416909559916e-09,-3.6887757062911986,1.8417835e-07,0.0,-5.3167009353637695,-0.00010100413915905548
115400,-0.00032894909963943064,4.2657269327950335e-09,-3.688776445388794,3.07858e-07,0.0,-2.0032382011413574,-0.00015468200271135936
115600,-0.00016829658125061542,7.307385019306167e-09,-3.6887734711170195,1.6272068e-07,0.0,-8.453333854675293,-0.00010139132302526832
115800,-0.00021545207710005343,4.924355634372546e-09,-3.6887640058994293,2.5063753e-07,0.0,-5.797091484069824,-0.00014786429104941546
116000,-0.00034326163586229086,4.022771565859173e-09,-3.6887710094451904,2.080202e-07,0.0,-7.3438262939453125,-0.00013617537792658395
116200,-0.0004672515788115561,3.13770318061124e-09,-3.6887563467025757,2.9146673e-07,0.0,-11.263267517089844,-0.0001521476658483678
116400,-0.00036916081444360316,2.9936962631094133e-09,-3.6887627840042114,2.0027161e-07,0.0,-6.542374610900879,-0.00011699738443110563
116600,-0.0003607779217418283,4.249589713456458e-09,-3.688756161928177,2.887845e-07,0.0,-5.659450531005859,-0.00013935623325642688
116800,-0.0001541943638585508,5.769548394596313e-09,-3.688779979944229,1.269579e-07,0.0,-7.95584774017334,-7.813284891342587e-05
117000,-0.00016635190695524216,5.029108224308132e-09,-3.688760769367218,1.8149613e-07,0.0,-5.235777378082275,-0.00011367217552555875
117200,-0.0002657609584275633,4.430328565119268e-09,-3.6887791991233825,1.2397766e-07,0.0,-9.434735298156738,-0.00011090794201311649
117400,-0.0002251978439744562,5.091100513388014e-09,-3.688760495185852,1.9282103e-07,0.0,-8.05572509765625,-0.00012924441765336248
117600,-0.00030116268317215145,4.719170221267888e-09,-3.6887508928775787,1.9580126e-07,0.0,-5.228934288024902,-0.00012600667754009143
117800,-0.0002319451596122235,6.378871031387234e-09,-3.688749647140503,1.4424324e-07,0.0,-6.840704917907715,-0.00010119341265610871
118000,-0.0002361726074013859,5.04150152180749e-09,-3.688743603229523,2.2768974e-07,0.0,-2.3910930156707764,-0.00011006730137103071
118200,-0.00024597818264737725,5.355025567421734e-09,-3.688756227493286,1.937151e-07,0.0,-4.995136737823486,-0.00011951902374031098
118400,-0.0003418049600441009,6.0264988721581146e-09,-3.6887389540672304,4.4733287e-07,0.0,-6.464740753173828,-0.00019385013770292225
118600,-0.0004825978248845786,4.777622969465156e-09,-3.6887510895729063,4.902482e-07,0.0,-7.801082611083984,-0.00023120690668547715
118800,-0.00022263976279646158,3.995131059308932e-09,-3.688741761445999,3.1918287e-07,0.0,-5.019512176513672,-0.00014034180353393876
119000,-0.00014956419181544334,5.004996816992957e-09,-3.688759046792984,1.4573335e-07,0.0,-4.844322681427002,-0.00010180231154390817
119200,-0.0003751966869458556,2.5339065512497427e-09,-3.688754051923752,2.1070241e-07,0.0,-18.39036750793457,-0.00013677065899286855
119400,-0.00025676083168946207,5.5319954173072006e-09,-3.6887560188770294,1.5825034e-07,0.0,-2.69240140914917,-0.00010540353480728015
119600,-0.00020405568648129702,4.806650610866825e-09,-3.6887688636779785,1.0430813e-07,0.0,-9.702831268310547,-8.707853743117333e-05
119800,-0.0002456621150486171,7.370122728778128e-09,-3.6887720823287964,1.12354755e-07,0.0,-7.105888366699219,-8.632315686680769e-05
120000,-0.0005166796036064625,3.7225927951300975e-09,-3.6887495100498198,4.4196847e-07,0.0,-2.5628345012664795,-0.0002017335772306339
120200,-0.00035359221510589123,5.011004433619348e-09,-3.6887497425079347,2.8192997e-07,0.0,-5.023248195648193,-0.0001474517659546537
120400,-0.00028256254154257476,3.273837584361061e-09,-3.6887432754039766,2.2888185e-07,0.0,-7.10849666595459,-0.0001232502163223792
120600,-0.000373232236597687,2.879098914831957e-09,-3.688759058713913,1.7911196e-07,0.0,-5.886783123016357,-0.00011395443890023227
120800,-0.00021209089027252048,5.481182319133637e-09,-3.6887569427490234,1.5377998e-07,0.0,-5.777538776397705,-0.00010405351255613482
121000,-0.00023630836221855134,5.075197040405044e-09,-3.6887538850307466,1.5318395e-07,0.0,-6.545102119445801,-9.677678353494645e-05
121200,-0.00022360231378115714,2.5290311456149794e-09,-3.6887420237064363,2.631545e-07,0.0,-7.590919494628906,-0.0001426731652436508
121400,-0.00020674009283538908,4.161056466056579e-09,-3.688750445842743,1.3798476e-07,0.0,-12.078568458557129,-9.823780923563507e-05
121600,-0.0001790096575859934,5.013204390502679e-09,-3.688756161928177,1.9311904e-07,0.0,-9.912145614624023,-0.00010938210739936949
121800,-0.000246108858846128,2.333843662771784e-09,-3.6887500107288362,1.618266e-07,0.0,-12.100593566894531,-9.12864808858327e-05
122000,-0.00025569123681634665,5.061220920143938e-09,-3.688754051923752,1.1593103e-07,0.0,-9.075814247131348,-7.825861060335448e-05
122200,-0.0002042607666226104,3.6248744506028884e-09,-3.6887536108493806,1.7046929e-07,0.0,-8.423606872558594,-9.801158290907441e-05
122400,-0.00014716688019689173,3.542451104676658e-09,-3.6887490093708037,1.7732381e-07,0.0,-4.385932922363281,-0.00010944480441128501
122600,-0.0002345173415960744,5.856072626819753e-09,-3.6887564420700074,1.731515e-07,0.0,-0.6828057765960693,-0.00012494179624580326
122800,-0.0002201863972004503,8.743437773794938e-09,-3.6887438893318176,1.6301871e-07,0.0,-11.97590446472168,-8.514551757127787e-05
123000,-0.00016570636944379658,3.6569928973939624e-09,-3.6887474238872526,2.5570392e-07,0.0,-6.708224773406982,-0.0001591406550506269
123200,-0.00022915148292668164,3.590638242290112e-09,-3.688743656873703,3.620982e-07,0.0,-11.611381530761719,-0.0001738672998326418
123400,-0.0005003067199140787,3.92252985648156e-09,-3.6887490332126616,2.080202e-07,0.0,-4.832544326782227,-0.00014023409024687127
123600,-0.00024015526287257671,5.7248533413822855e-09,-3.6887407839298247,1.3321637e-07,0.0,-6.813643455505371,-8.3995297185524e-05
123800,-0.00044063772656954825,6.8707017963909324e-09,-3.6887567758560182,2.4408104e-07,0.0,-5.333683013916016,-0.0001381704068821765
124000,-0.0005678530433215201,4.0532944667326374e-09,-3.6887372016906737,3.4600495e-07,0.0,-2.6634836196899414,-0.0001811465565158432
124200,-0.0001517497148597613,5.933581104233809e-09,-3.68876057267189,1.8477441e-07,0.0,-8.528432846069336,-0.0001036819377679743
124400,-0.00031807072809897363,3.5856935143296908e-09,-3.6887407839298247,1.6897917e-07,0.0,-11.810251235961914,-0.0001215217936371804
124600,-0.00033094818354584277,4.524841179520678e-09,-3.6887326180934905,2.0921232e-07,0.0,-6.464205265045166,-0.00012633617249764307
124800,-0.0003061212773900479,2.6410254094777487e-09,-3.6887313663959502,3.629923e-07,0.0,-2.7102601528167725,-0.00017000757233358587
125000,-0.0003853444359265268,2.763566125940642e-09,-3.68873171210289,2.449751e-07,0.0,-6.492105484008789,-0.0001322202233655645
125200,-0.000202894167159684,5.5221239803060485e-09,-3.6887483298778534,1.1265278e-07,0.0,-11.619878768920898,-8.04415797593272e-05
125400,-0.00045032359776087105,3.825591227135661e-09,-3.6887335658073424,2.9474498e-07,0.0,-3.9350409507751465,-0.00013278374079312983
125600,-0.00021638184261973947,4.086573068828869e-09,-3.68872275352478,3.629923e-07,0.0,-3.511418342590332,-0.00016515573787501125
125800,-0.0003756829828489572,6.968068633206315e-09,-3.68873610496521,1.4156103e-07,0.0,-6.792143821716309,-8.822278705906683e-05
126000,-0.00020736320584546775,8.268932927268935e-09,-3.688747155666351,1.0758639e-07,0.0,-2.305616617202759,-7.161501076666799e-05
126200,-0.00019897236779797822,5.0487370562013466e-09,-3.6887270629405977,3.3557416e-07,0.0,-6.072505950927734,-0.00014453119108059909
126400,-0.00015316209464799613,5.14538101015205e-09,-3.6887490689754485,9.804964e-08,0.0,-8.881113052368164,-6.58867807924679e-05
126600,-0.0002329311246285215,4.9546313607429225e-09,-3.6887171149253843,3.9488077e-07,0.0,-1.9790244102478027,-0.00017987575410938206
126800,-0.0006048078066669405,5.07895783208312e-09,-3.6887365102767946,5.52535e-07,0.0,-4.658693313598633,-0.0002050183195446087
127000,-0.00030715277534909546,4.474136428012087e-09,-3.6887298703193663,1.9580125e-07,0.0,-1.0338406562805176,-0.00010410592727372325
127200,-0.000169747305335477,8.982728227913128e-09,-3.688749688863754,1.5735625e-07,0.0,-11.524471282958984,-0.00011757875300475452
127400,-0.0005018700030632317,3.3296632423462922e-09,-3.6887324512004853,3.6746263e-07,0.0,-12.441876411437988,-0.00020282759014799144
127600,-0.0004497792979236692,5.145932363559424e-09,-3.6887039065361025,5.2690507e-07,0.0,-1.8939735889434814,-0.00021346972905553763
127800,-0.00023950044123921543,6.270813412978526e-09,-3.6887173771858217,1.7404557e-07,0.0,-2.44134521484375,-9.751918940130722e-05
128000,-0.0003810396883636713,4.054022045840711e-09,-3.688707035779953,2.8878452e-07,0.0,-4.358267307281494,-0.0001377500293049172
128200,-0.00040471405372954905,3.3907469526583967e-09,-3.6887254118919373,2.4497507e-07,0.0,-8.151485443115234,-0.000132148772921159
128400,-0.0004987934371456504,3.7053462353942025e-09,-3.6887178659439086,3.3140182e-07,0.0,-5.206296920776367,-0.00017627442631966693
128600,-0.0002320540079381317,3.491970684832424e-09,-3.688736009597778,1.4156103e-07,0.0,-8.468888282775879,-9.826690696319584e-05
128800,-0.0004025794332846999,4.332583691812886e-09,-3.6887253403663633,3.516674e-07,0.0,-10.536018371582031,-0.00014243327103471425
129000,-0.00020762243366334587,4.2977494674190094e-09,-3.6887410998344423,1.0371208e-07,0.0,-7.941943168640137,-7.783301019776978e-05
129200,-0.00021899741841480136,6.975271521492133e-09,-3.688746702671051,1.1831523e-07,0.0,-8.848179817199707,-8.792120995479991e-05
129400,-0.0003710702294483781,4.342511722432718e-09,-3.688711142539978,4.348159e-07,0.0,-2.2197463512420654,-0.00020892720066569836
129600,-0.0003256342897657305,5.759450083520079e-09,-3.6887089610099792,3.582239e-07,0.0,-3.5037693977355957,-0.0001555172348578715
129800,-0.00027528495411388576,4.470827885683093e-09,-3.68874129652977,1.0550022e-07,0.0,-9.060513496398926,-9.010809674685483e-05
130000,-0.0003922494361177087,3.5452996371976297e-09,-3.688736855983734,2.5331974e-07,0.0,-4.421744346618652,-0.0001261942380708092
130200,-0.00028990439022891223,5.806827096943579e-09,-3.6887325942516327,1.3917685e-07,0.0,-6.506113529205322,-8.641661749266837e-05
130400,-0.00018545050988905132,2.50788522171419e-09,-3.688731235265732,2.7120115e-07,0.0,-4.116293430328369,-0.00014411334350781236
130600,-0.00041053351014852524,4.871314002174998e-09,-3.6887175917625425,3.013015e-07,0.0,-9.332269668579102,-0.00014985124819282268
130800,-0.0004603767883963883,4.164609973544842e-09,-3.6887203097343444,2.6494263e-07,0.0,-2.0710482597351074,-0.00013334066415966462
131000,-0.00044874419108964503,4.603446723816518e-09,-3.688701516389847,5.2183873e-07,0.0,-2.34391188621521,-0.00019074247341608342
131200,-0.0002555282262619585,7.3025291480455225e-09,-3.6887221455574037,2.3573638e-07,0.0,-6.449398517608643,-0.00012466596061895264
131400,-0.00017701428441796452,5.980451711629087e-09,-3.688715845346451,3.0219553e-07,0.0,-8.547389030456543,-0.0001452754886010599
131600,-0.0003109651443082839,2.9925911970707374e-09,-3.6887270152568816,2.4437904e-07,0.0,-3.337712287902832,-0.00014536789007507656
131800,-0.00022949963749852031,4.288264399132657e-09,-3.688714301586151,3.0010938e-07,0.0,-8.323755264282227,-0.0001548027258522766
132000,-0.00019279647676739842,9.316752735966105e-09,-3.6887314319610596,1.2546778e-07,0.0,-8.847248077392578,-6.881232585804753e-05
132200,-0.0003649982390925288,6.143223241217299e-09,-3.6887208998203276,1.9460916e-07,0.0,-4.986596584320068,-0.00011751386533376262
132400,-0.0005233927513472736,4.367800460203241e-09,-3.6887113988399505,4.1246415e-07,0.0,-6.204137325286865,-0.00016959725376772817
132600,-0.00020059024973306805,5.295004140704052e-09,-3.6887191593647004,1.4245511e-07,0.0,-4.971218109130859,-9.82940867682025e-05
132800,-0.00021150235261302441,4.304921003006612e-09,-3.688720089197159,1.8239021e-07,0.0,-6.368927478790283,-0.00011533473446476706
133000,-0.00045535829849541187,5.016651943856587e-09,-3.6887222588062287,2.0295383e-07,0.0,-6.63195276260376,-0.00013727603116562293
133200,-0.00021626270608976483,5.4732127774403946e-09,-3.688721406459808,2.2262334e-07,0.0,-8.045083999633789,-0.00013426657028663412
133400,-0.00041081960080191493,6.267638763546302e-09,-3.6886963129043577,3.8415192e-07,0.0,-5.3766021728515625,-0.00017145261101757513
133600,-0.00034723710268735886,4.7409997261382845e-09,-3.688712877035141,4.065037e-07,0.0,-6.4387102127075195,-0.00019557301854638553
133800,-0.0003144437214359641,3.735359710432818e-09,-3.6887250423431395,1.7344952e-07,0.0,-7.801194190979004,-9.499575210520916e-05
134000,-0.0003018914139829576,3.0107467241524686e-09,-3.6887125611305236,1.6778708e-07,0.0,-6.052753448486328,-0.00011126880367761105
134200,-0.00018350679602008313,6.699491933437329e-09,-3.688724136352539,1.1384488e-07,0.0,-8.150601387023926,-8.26393438236428e-05
134400,-0.00019705991144292057,5.962116567115316e-09,-3.68871910572052,1.2606382e-07,0.0,-7.227622985839844,-9.337198745515974e-05
134600,-0.0005395302432589233,2.805214380230403e-09,-3.6887107133865356,3.2931567e-07,0.0,-7.473902702331543,-0.00016318613986552322
134800,-0.00044739420991390944,5.302134176154993e-09,-3.6887022733688353,2.667308e-07,0.0,-4.211084365844727,-0.00013543733999414885
135000,-0.0004796732682734728,5.3766096297369614e-09,-3.688715124130249,2.512336e-07,0.0,-4.371582508087158,-0.00014514283808306772
135200,-0.00022154286853037775,5.6029720030270624e-09,-3.688729375600815,1.1086464e-07,0.0,-6.899360656738281,-7.658784114352723e-05
135400,-0.00045368066639639437,3.035251949778939e-09,-3.688711965084076,3.4093856e-07,0.0,-9.671477317810059,-0.00018928792989028053
135600,-0.00021006182942073792,7.466117946108852e-09,-3.6887312471866607,1.2636185e-07,0.0,-12.687498092651367,-9.82460600243984e-05
135800,-0.00020717659208457917,6.730952173406024e-09,-3.688723051548004,2.0891429e-07,0.0,-5.309535503387451,-0.00011375845250318761
136000,-0.00037384615279734135,5.14634017068083e-09,-3.688721215724945,2.2441148e-07,0.0,-8.474567413330078,-0.00011866124070550877
136200,-0.00040127441752702,4.1141451023740675e-09,-3.688717597723007,2.43783e-07,0.0,-5.320400714874268,-0.00013945580422409788
136400,-0.00012015808169962838,8.190133216068318e-09,-3.6887172162532806,1.2099744e-07,0.0,-4.181620121002197,-7.83587286893983e-05
136600,-0.00034826825140044093,4.474675568966191e-09,-3.688712793588638,2.7447942e-07,0.0,-5.784512996673584,-0.00015162096919436597
136800,-0.0004591057950165123,4.085405480580562e-09,-3.6887202084064485,1.9073487e-07,0.0,-12.710014343261719,-0.0001248779931370958
137000,-0.0003463198081590235,4.758846255947802e-09,-3.6887083292007445,2.5361777e-07,0.0,-6.485199928283691,-0.00012517970152057246
137200,-0.00017988268518820405,5.5068549664749614e-09,-3.688720536231995,1.8149615e-07,0.0,-7.558102607727051,-0.00011122219203207884
137400,-0.0004059768689330667,4.560059752023448e-09,-3.688713139295578,4.068017e-07,0.0,-6.6982245445251465,-0.00019410334603844336
137600,-0.0004530097357928753,5.548106146724407e-09,-3.6887217462062836,2.7716158e-07,0.0,-4.070174694061279,-0.00013172172618847178
137800,-0.0009569866233505309,3.813141580266688e-09,-3.6886990129947663,8.070469e-07,0.0,-6.050464153289795,-0.00023557594331736765
138000,-0.0002229552046628669,5.615022224958466e-09,-3.6887167394161224,1.9520522e-07,0.0,-7.6071062088012695,-0.00010729975933816416
138200,-0.00011953077046200633,4.227198391326681e-09,-3.6887181103229523,1.3887882e-07,0.0,-4.869329929351807,-9.11329980755049e-05
138400,-0.0004133610345888883,4.119190777363002e-09,-3.688705652952194,2.7179718e-07,0.0,-4.057861328125,-0.00015215723237695932
138600,-0.0003423276066314429,5.060888103036731e-09,-3.688706064224243,2.104044e-07,0.0,-9.768671989440918,-0.00012800039277136577
138800,-0.00023688605870120227,9.286507141048617e-09,-3.6887100517749785,1.8984079e-07,0.0,-7.01154899597168,-0.00011029049852364636
139000,-0.00022645347053185105,3.0447546317535766e-09,-3.6887101352214815,1.2159347e-07,0.0,-3.6230764389038086,-7.983935622959403e-05
139200,-9.213203156832606e-05,6.002860275522437e-09,-3.688712167739868,1.16527076e-07,0.0,-4.176301956176758,-7.901211814418386e-05
139400,-0.00023752117704134434,2.322870193416371e-09,-3.6887098014354707,2.0891427e-07,0.0,-10.470170021057129,-0.00012876945816180373
139600,-0.0004089446156285703,2.70704432481228e-09,-3.688717985153198,2.7000902e-07,0.0,-10.97907543182373,-0.0001529527910670847
139800,-0.00026170621276833117,5.1157762082088e-09,-3.6887188374996187,2.6792287e-07,0.0,-14.481221199035645,-0.0001206867020107083
140000,-0.00023687577049713582,5.406847003452952e-09,-3.6887207865715026,1.7821789e-07,0.0,-8.593901634216309,-0.0001054267586732216
140200,-0.0002743702498264611,3.7119084361769693e-09,-3.6887079775333405,3.397465e-07,0.0,-6.208189964294434,-0.00015817153423847152
140400,-0.000285967777017504,4.985544477253967e-09,-3.688701516389847,2.902746e-07,0.0,-5.853412628173828,-0.0001283790457938583
140600,-0.0002117425319738686,4.006501952424912e-09,-3.6887052595615386,2.9414892e-07,0.0,-7.635309219360352,-0.00013278903229547724
140800,-0.00022671418264508247,6.9912149958106795e-09,-3.68869463801384,3.4958126e-07,0.0,-2.4160878658294678,-0.00015126660439919172
141000,-0.0005431478493846953,4.917398044312904e-09,-3.688700443506241,3.5464763e-07,0.0,-2.1535627841949463,-0.00015891639096650146
141200,-0.0003413927333895117,7.064453000360515e-09,-3.6887074172496797,1.8537044e-07,0.0,-8.798906326293945,-9.973928352473571e-05
141400,-0.0002003036206588149,3.6546644044399557e-09,-3.6886966049671175,1.8030406e-07,0.0,-5.265050411224365,-0.0001091409623228401
141600,-0.00019072327995672822,5.205263819973993e-09,-3.6887101411819456,2.348423e-07,0.0,-5.0690131187438965,-0.00013748346220836537
141800,-0.0002588235947769135,5.945801029305642e-09,-3.688702738285065,2.5629998e-07,0.0,-10.016383171081543,-0.00012590053647247855
142000,-0.0005536327953450382,5.3789493525968625e-09,-3.688716244697571,3.7580728e-07,0.0,-7.730923652648926,-0.00018537569232075503
142200,-0.0002908969181589782,5.709657990848882e-09,-3.6887204110622407,1.6450882e-07,0.0,-10.409001350402832,-9.032314592922752e-05
142400,-0.00033687357790768147,4.5917778912496486e-09,-3.6887065947055815,2.4229286e-07,0.0,-13.931774139404297,-0.00012670733122146504
142600,-0.00023461821547243744,5.8339542974295e-09,-3.6887109160423277,1.4573335e-07,0.0,-3.1857571601867676,-9.015507310654036e-05
142800,-0.00031705675064586103,4.271985326598226e-09,-3.6887114346027374,2.923608e-07,0.0,-7.121176719665527,-0.00013187870447950445
143000,-0.00020258237782400101,4.1978613696258545e-09,-3.6887075126171114,2.2947788e-07,0.0,-4.593557834625244,-0.00013710962848620945
143200,-0.00024951828527264297,2.2991811093886483e-09,-3.688696712255478,2.7537345e-07,0.0,-4.6303205490112305,-0.00014670148469793088
143400,-0.00043037786963395774,3.7657576335004e-09,-3.688709419965744,2.4169682e-07,0.0,-6.076339244842529,-0.00012048311524984201
143600,-0.000336365366820246,4.0617018387534286e-09,-3.6886999130249025,2.1606685e-07,0.0,-5.556159019470215,-0.00011729294771138932
143800,-0.00038310367381200194,4.011294529870924e-09,-3.688688051700592,2.965331e-07,0.0,-4.4859299659729,-0.00015835074313003128
144000,-0.00041778929880820215,2.8744055052820627e-09,-3.688689202070236,2.8580428e-07,0.0,-7.567657470703125,-0.00013020695566785535
144200,-0.00016945914831012487,3.7158084664756785e-09,-3.688705438375473,2.515316e-07,0.0,-8.410086631774902,-0.00015057989918410009
144400,-0.00036900219856761396,5.18349960176856e-09,-3.688685232400894,2.9712913e-07,0.0,-10.87171745300293,-0.0001383311589680636
144600,-0.00036303504020906985,5.155249505062187e-09,-3.688695973157883,4.6372415e-07,0.0,-5.841458797454834,-0.00016661016526962059
144800,-0.0003014449030160904,6.505991423377822e-09,-3.6886873483657836,1.5676022e-07,0.0,-3.560720920562744,-0.0001070115265738636
145000,-0.0001839389296947047,3.9311512434192505e-09,-3.688717967271805,8.732081e-08,0.0,-8.671855926513672,-6.703662371728702e-05
145200,-0.0003371744533069432,5.258357616000353e-09,-3.6886864244937896,2.0772218e-07,0.0,-6.883591651916504,-0.00010523994281466109
145400,-0.0003976331208832562,3.579013524435126e-09,-3.688677030801773,3.8027764e-07,0.0,-12.318207740783691,-0.0001834049673603344
145600,-0.00034744999720714986,4.913057810584931e-09,-3.6886737942695618,2.503395e-07,0.0,-3.784965991973877,-0.0001185624748495595
145800,-0.00015068282664287835,7.193752948886356e-09,-3.6886985659599305,3.680587e-07,0.0,-6.996397972106934,-0.00013941550059781704
146000,-0.0003918531001545489,3.0212918306071755e-09,-3.6886861860752105,2.488494e-07,0.0,-7.157341957092285,-0.0001313153216104812
146200,-0.0001223075232701376,3.879688911800905e-09,-3.6887115597724915,1.3321639e-07,0.0,-8.793524742126465,-9.223391132456848e-05
146400,-0.00029637679108418524,3.764879069612093e-09,-3.688684582710266,3.6507845e-07,0.0,-7.1364336013793945,-0.00018597367327390923
146600,-0.00022020569304004312,8.126297457167198e-09,-3.6887002170085905,2.3245812e-07,0.0,-8.682990074157715,-0.00012641563914406184
146800,-0.0003680488152895123,4.218538779410253e-09,-3.688701069355011,2.5689602e-07,0.0,-2.5325632095336914,-0.00015615732198761556
147000,-0.0002557237748987973,5.979453482352071e-09,-3.688713067770004,1.335144e-07,0.0,-14.5072021484375,-8.962045965090759e-05
147200,-0.0003962171031162143,7.2337948520129204e-09,-3.688683182001114,3.233552e-07,0.0,-6.376838207244873,-0.00013124101588170013
147400,-0.0003140907210763544,5.035216826820843e-09,-3.6886940598487854,1.8835068e-07,0.0,-6.93474006652832,-0.00011461570110666841
147600,-0.0002776317414827645,3.0879539647532537e-09,-3.6886795282363893,2.6762487e-07,0.0,-14.850852012634277,-0.0001315511981787587
147800,-0.00023045128909870982,2.7648461825569017e-09,-3.688687026500702,2.3186207e-07,0.0,-6.002076625823975,-0.0001115132269462693
148000,-0.00017711392138153315,3.968512357621634e-09,-3.6887030780315397,1.129508e-07,0.0,-11.63179874420166,-8.033466363643882e-05
148200,-0.0002372668677708134,5.33365200894309e-09,-3.688666522502899,3.886223e-07,0.0,-4.855651378631592,-0.00017544391783086422
148400,-0.0004372353432700038,4.996054686623452e-09,-3.6886918962001802,2.1576881e-07,0.0,-12.290227890014648,-0.0001257100248568621
148600,-0.0003774598881136626,6.045990388892086e-09,-3.688680374622345,1.9013882e-07,0.0,-13.81893253326416,-0.00012075752724229893
148800,-0.0006486554048024118,4.265629760524803e-09,-3.6886787354946136,4.6163797e-07,0.0,-3.9901928901672363,-0.000203377990555742
149000,-0.0003085083735641092,5.672741965057071e-09,-3.688684958219528,2.2679566e-07,0.0,-9.326323509216309,-0.00010365204502273961
149200,-0.00030540942680090666,6.96809455691394e-09,-3.688671588897705,2.9742716e-07,0.0,-3.781001091003418,-0.00013601858918786957
149400,-0.00015891210932750255,3.078451654703329e-09,-3.6886698782444,1.9133091e-07,0.0,-7.947914123535156,-9.562657791473139e-05
149600,-0.0004051455471199006,4.317158591726766e-09,-3.688682234287262,4.2498112e-07,0.0,-5.343597412109375,-0.00017184785123141032
149800,-0.00023882697860244662,3.2997742815954466e-09,-3.6886867821216582,1.7344951e-07,0.0,-4.664624214172363,-0.00010907088196718262
150000,-0.0004569909651763737,4.665625047417521e-09,-3.6887070000171662,2.9206274e-07,0.0,-8.480216979980469,-0.0001662471456494119
150200,-0.0001899303897516802,7.040972727079264e-09,-3.6886987745761872,1.2606382e-07,0.0,-11.817469596862793,-7.779949876726144e-05
150400,-0.0006085314089432359,5.696219357309573e-09,-3.688667219877243,4.7326088e-07,0.0,-4.547707557678223,-0.00019527222200992344
150600,-0.00033825080026872456,4.671961600921648e-09,-3.6886670351028443,2.4139882e-07,0.0,-7.66689395904541,-0.00012814638792484344
150800,-0.00032144083525054157,6.121897377919794e-09,-3.6886994898319245,1.3738871e-07,0.0,-15.50177001953125,-0.00010162256600096953
151000,-0.0001793216506484896,4.848173718041693e-09,-3.688694977760315,1.218915e-07,0.0,-9.459427833557129,-9.548804240369079e-05
151200,-0.0003897355927620083,5.868806463027454e-09,-3.6886821031570434,2.3216009e-07,0.0,-3.159878730773926,-0.00012874835793834637
151400,-0.000519652443472296,4.108279594294828e-09,-3.6886527717113493,4.6879052e-07,0.0,-5.259626865386963,-0.00020794335126765872
151600,-0.00024620984913781285,4.593870078783979e-09,-3.6886879563331605,2.6673078e-07,0.0,-7.686880111694336,-0.00015200056090156622
151800,-0.00044653331860899925,5.716363477015207e-09,-3.6886861264705657,2.8043985e-07,0.0,-9.552857398986816,-0.00016665075059929535
152000,-0.0004496591864153743,5.040294870362061e-09,-3.688679939508438,2.1427871e-07,0.0,-2.18502140045166,-0.00014580504772083726
152200,-0.00025242011179216206,6.54130613564341e-09,-3.6886840581893923,1.2993813e-07,0.0,-4.216436862945557,-7.75818825246688e-05
152400,-0.00023625008179806173,6.245609690536114e-09,-3.688693618774414,1.8417836e-07,0.0,-9.123299598693848,-0.00011289423681604127
152600,-0.00016463502834085375,5.272838454750684e-09,-3.6886905133724213,1.1473894e-07,0.0,-6.736677169799805,-8.436050964431008e-05
152800,-0.00026725392672233284,3.0312225091089218e-09,-3.6886598646640776,3.5852193e-07,0.0,-5.176243782043457,-0.00016151550413053827
153000,-0.00019402151519898325,5.951691101069301e-09,-3.688697987794876,1.1593104e-07,0.0,-9.792914390563965,-8.841645692403421e-05
153200,-0.0005674532731063664,3.5719557145430516e-09,-3.688651889562607,3.2514333e-07,0.0,-0.1751631498336792,-0.00016353993167008695
153400,-0.0001895111199701205,8.360450709510304e-09,-3.688695567846298,1.1444092e-07,0.0,-10.581266403198242,-5.973669867558318e-05
153600,-0.00033957805135287344,5.093287258617352e-09,-3.688669723272324,3.5196544e-07,0.0,-5.554594039916992,-0.00019235755546037625
153800,-0.00022988981800153852,5.082378706777746e-09,-3.688674068450928,1.5705824e-07,0.0,-6.411609649658203,-9.02289748637486e-05
154000,-0.00027429283363744617,5.492753674118944e-09,-3.68867312669754,1.7046929e-07,0.0,-2.6103506088256836,-0.00011270229553099753
154200,-0.00033354994957335293,4.676060022523743e-09,-3.6886567175388336,2.8520822e-07,0.0,-6.003951549530029,-0.0001485249116442433
154400,-0.0003088460653088987,4.310060369716595e-09,-3.6886557042598724,2.5063753e-07,0.0,-5.997716426849365,-0.00011078162408630909
154600,-0.0003457191924098879,4.4783774799661554e-09,-3.68866166472435,2.3454427e-07,0.0,-4.80715799331665,-0.00011741688874278289
154800,-0.0001543060498079285,5.1810075674119105e-09,-3.688682270050049,9.5367426e-08,0.0,-13.42311954498291,-6.307524420896548e-05
155000,-0.0002614283876027912,5.536516245463474e-09,-3.688672459125519,1.6123056e-07,0.0,-1.9824748039245605,-0.00011146418770582311
155200,-0.0005314508453011513,4.02485884065662e-09,-3.6886440575122834,3.4570692e-07,0.0,-9.185766220092773,-0.0001693259320675211
155400,-0.00026248718495480716,3.7318129642027745e-09,-3.6886592388153074,3.641844e-07,0.0,-5.283953666687012,-0.0001395217768233037
155600,-0.0002601508458610624,3.959339045511712e-09,-3.6886815249919893,1.3738871e-07,0.0,-4.338878631591797,-0.00010043384862388205
155800,-0.0003225311520509422,4.410586501579772e-09,-3.6886598229408265,2.6494266e-07,0.0,-24.386962890625,-0.00015240416060147144
156000,-0.0002587110211607069,5.0283959496244535e-09,-3.688645762205124,2.387166e-07,0.0,-5.633665084838867,-0.0001114017959820135
156200,-0.00022983069356996566,4.287038690709011e-09,-3.6886655032634734,1.06096266e-07,0.0,-5.317273139953613,-7.46036771487324e-05
156400,-0.0001872783323051408,3.974654133598321e-09,-3.6886743009090424,1.12354755e-07,0.0,-8.438370704650879,-8.708184950831921e-05
156600,-0.00029875332256779075,6.635501670348987e-09,-3.6886435031890867,3.7789346e-07,0.0,-5.3565778732299805,-0.00015693619401002668
156800,-0.00031733771902509034,4.247081814012787e-09,-3.688675284385681,1.6301871e-07,0.0,-3.390880584716797,-0.00010211539346142163
157000,-0.00017137473332695663,6.1214418201061e-09,-3.688678926229477,8.195639e-08,0.0,-10.36834716796875,-5.9554442656706286e-05
157200,-0.0001822159974835813,7.179124311695872e-09,-3.688690274953842,9.357929e-08,0.0,-9.987785339355469,-7.116626993683984e-05
157400,-0.00026198086561635137,5.4307588315261056e-09,-3.68863667845726,2.6106835e-07,0.0,-5.79545259475708,-0.0001251971266807539
157600,-0.00026136080850847065,5.332178093508943e-09,-3.688668781518936,1.7672777e-07,0.0,-4.815718650817871,-0.00010389319010926102
157800,-0.000287465110886842,5.681704257076703e-09,-3.688679093122482,2.4467707e-07,0.0,-9.509323120117188,-0.00013920286240255985
158000,-0.0001939359790412709,5.277033265915776e-09,-3.6886814057826998,1.7523764e-07,0.0,-10.066868782043457,-0.00010342957840794308
158200,-0.0005080286646261811,8.219315350554978e-09,-3.6886540353298187,3.7282706e-07,0.0,-3.0012288093566895,-0.00014739062652489033
158400,-0.0002697385789360851,5.439332079193449e-09,-3.688656085729599,3.4600498e-07,0.0,-2.6723990440368652,-0.00012754420842564507
158600,-0.00018451335199642926,3.794157565906176e-09,-3.6886386036872865,2.43783e-07,0.0,-3.2105655670166016,-0.000117720252932918
158800,-0.0003000612778123468,6.409447916855271e-09,-3.6886758148670196,3.2454727e-07,0.0,-3.817582607269287,-0.00020404268873148724
159000,-0.0001429574767826125,6.828277132608918e-09,-3.688674634695053,1.8507242e-07,0.0,-1.6232974529266357,-0.00010409632360866005
159200,-0.00030688673723489046,5.53727979024643e-09,-3.6886691749095917,2.0474195e-07,0.0,-4.461920738220215,-0.00014214691487506314
159400,-0.0003010807267855853,3.152010746854117e-09,-3.6886762976646423,2.1725893e-07,0.0,-5.068249702453613,-0.00012146659098630219
159600,-0.00039526907494291663,5.2311583509379035e-09,-3.688647907972336,2.7805567e-07,0.0,-4.465895652770996,-0.00015634202876526614
159800,-0.0002845545532181859,4.953845644806165e-09,-3.6886693120002745,2.3782252e-07,0.0,-7.036959648132324,-0.00013237280970948006
160000,-0.0002452610060572624,5.552324172652945e-09,-3.688647049665451,2.8222797e-07,0.0,-9.079594612121582,-0.00014303058429196991
160200,-0.0003788183385040611,4.44931234078183e-09,-3.688668113946915,1.92523e-07,0.0,-1.6068212985992432,-0.00011490856166653795
160400,-0.0002854714111890644,6.203337715726676e-09,-3.6886700987815857,2.256036e-07,0.0,-14.126978874206543,-0.00013624084837804418
160600,-0.0002505041193217039,5.5291504319487926e-09,-3.688644456863403,3.2156706e-07,0.0,-3.60538911819458,-0.00012495970772219422
160800,-0.00031212539761327207,5.210035874947394e-09,-3.688652056455612,1.5586613e-07,0.0,-7.037981033325195,-0.00010250362809609559
161000,-0.00021007486793678254,6.266412672095711e-09,-3.688664662837982,1.5377998e-07,0.0,-1.468017339706421,-0.00010475388170831934
161200,-0.00034349883208051324,4.458805930029897e-09,-3.688667672872543,2.5480986e-07,0.0,-5.115420818328857,-0.00012983190888236074
161400,-0.0005002963007427752,2.9916137594954152e-09,-3.6886521220207213,3.3050776e-07,0.0,-1.2034838199615479,-0.0001971603114886866
161600,-0.000254763406701386,7.591541695273208e-09,-3.6886662006378175,3.9964914e-07,0.0,-5.467297077178955,-0.0002016391452343669
161800,-0.00023612655058968812,5.859346735581638e-09,-3.688660001754761,1.6450882e-07,0.0,-6.754133224487305,-0.00010106321432794552
162000,-0.00022665405413135886,5.32413796938691e-09,-3.688679015636444,1.3589859e-07,0.0,-8.277558326721191,-9.116333751406636e-05
162200,-0.0004675746604334563,4.854941465515239e-09,-3.688648211956024,3.2395124e-07,0.0,-8.839286804199219,-0.000164344146276596
162400,-0.00025199601077474654,5.2996282196016155e-09,-3.6886427342891692,3.287196e-07,0.0,-6.309780120849609,-0.0001429860442871078
162600,-0.00030354716000147164,6.287945553129504e-09,-3.6886451661586763,2.9504298e-07,0.0,-5.6050615310668945,-0.00013677133596734503
162800,-0.0002553571539465338,5.876708142338316e-09,-3.688651216030121,1.7493963e-07,0.0,-3.7783913612365723,-0.00010838008022631129
163000,-0.000403927726438269,3.39429224172072e-09,-3.6886488437652587,2.3037197e-07,0.0,-10.5847806930542,-0.00012681654000199494
163200,-0.00033388659358024597,4.459299451919918e-09,-3.6886423230171204,2.4348498e-07,0.0,-6.945298671722412,-9.787791311988148e-05
163400,-0.00023555390362162143,4.513484347379304e-09,-3.6886536300182344,1.9818546e-07,0.0,-5.245805740356445,-9.987758108138678e-05
163600,-0.00016812089597806334,3.871131115662507e-09,-3.6886625826358794,1.15334984e-07,0.0,-10.900321960449219,-7.866975638974872e-05
163800,-0.0007399224559776485,3.2562085527931828e-09,-3.6886485636234285,4.5210123e-07,0.0,-4.425087928771973,-0.00018331900250267985
164000,-0.00025813118554651737,6.548665898442607e-09,-3.6886585474014284,2.2560357e-07,0.0,-7.674454689025879,-0.0001236744303593662
164200,-0.0004895689198747277,4.697462663294516e-09,-3.6886207163333893,5.605817e-07,0.0,-9.73069953918457,-0.00021831798336660046
164400,-0.00011604749306570739,0.00019195780969312183,-3.688701111078262,2.0503998e-07,0.0,-4.289122104644775,-9.88170803857269e-05
164600,-0.00022013178386259824,8.238009140768555e-05,-3.688680624961853,1.4871358e-07,0.0,-0.7325468063354492,-0.00010127115231055584
164800,-0.0005204397602938116,5.929374524384912e-05,-3.6886496424674986,3.7968158e-07,0.0,-0.9701889753341675,-0.00017545426626544013
165000,-0.0002983224403578788,1.8038857479041327e-05,-3.688687664270401,1.9013882e-07,0.0,-0.17930352687835693,-0.00011708660375733259
165200,-0.00020460829546209425,4.056106340613042e-05,-3.6886633157730104,1.9639731e-07,0.0,-0.11128950119018555,-0.00012703608018131972
165400,-0.0002341983636142686,3.408527663850691e-05,-3.6886799216270445,1.9907952e-07,0.0,0.0052130818367004395,-0.0001265566502969051
165600,-0.000568120158277452,1.785842594017595e-05,-3.6886389553546906,4.1514636e-07,0.0,-0.02541065216064453,-0.0001681969392736793
165800,-0.00042028981260955334,1.5228052757265686e-05,-3.6886680662631988,2.9325486e-07,0.0,0.023910224437713623,-0.0001907768477787064
166000,-0.00027870433405041695,2.422765405754035e-05,-3.6886546134948732,1.8000603e-07,0.0,0.07186746597290039,-0.0001196734981671721
166200,-0.00034242108813486993,1.451821303817269e-05,-3.6886421740055084,2.3692846e-07,0.0,0.05697697401046753,-0.0001141934253179322
166400,-0.0003080175956711173,2.6348428536948632e-05,-3.6886551856994627,3.358722e-07,0.0,0.06222265958786011,-0.00017814511154682356
166600,-0.00023168313782662153,4.2123828279727604e-05,-3.6886446952819822,2.7149915e-07,0.0,0.08755457401275635,-0.00014554484604769601
166800,-0.0003787419991567731,3.157166811433854e-05,-3.688653141260147,2.759695e-07,0.0,0.00612717866897583,-0.00016186483833751096
167000,-0.00031038542510941625,2.893718706218351e-05,-3.688669019937515,2.7060509e-07,0.0,0.023714721202850342,-0.00014981131895129286
167200,-0.0005754295270889997,2.399026229795709e-05,-3.688647431135178,3.4540892e-07,0.0,-0.2769232988357544,-0.0001672329602206535
167400,-0.0005887911538593471,1.306640390339453e-05,-3.6886518597602844,3.4719707e-07,0.0,0.10500162839889526,-0.00018222961649825287
167600,-0.0002731292333919555,4.337670106906444e-05,-3.6886555016040803,3.2633542e-07,0.0,0.05256962776184082,-0.0001845002165563381
167800,-0.0002045903675025329,1.910113658141199e-05,-3.6886535346508027,2.643466e-07,0.0,-0.14292371273040771,-0.00016361414574828093
168000,-0.0003974004357587546,2.8156882308394415e-05,-3.688646697998047,3.8802625e-07,0.0,0.16334694623947144,-0.00017138296449865643
168200,-0.0005830966983921826,1.3367087649385213e-05,-3.68865681886673,3.9219856e-07,0.0,0.06859076023101807,-0.00018688070809860235
168400,-0.0002464762073941529,4.260879386492888e-05,-3.688655489683151,2.0146369e-07,0.0,0.09637731313705444,-0.00011758458653581272
168600,-0.00019551404693629593,1.8250250332130235e-05,-3.6886455595493315,1.5228987e-07,0.0,0.22167998552322388,-0.00010120399410591396
168800,-0.0004975187475793064,2.274546432090574e-05,-3.6886323153972627,3.3795834e-07,0.0,-0.12921059131622314,-0.00019476418288149054
169000,-0.0005371238803490996,2.6053987767227227e-05,-3.6886300444602966,4.559755e-07,0.0,0.054557204246520996,-0.00023494072344782958
169200,-0.0005087403114885092,2.0455793901419383e-05,-3.6886245012283325,4.941225e-07,0.0,0.17869120836257935,-0.00020431208584847926
169400,-0.0003156182065140456,1.7629864532864304e-05,-3.6886508464813232,2.360344e-07,0.0,-0.08749163150787354,-0.00014461728200876323
169600,-0.0005829331930726767,4.686867873715528e-05,-3.6886218786239624,4.4912102e-07,0.0,0.07853692770004272,-0.000230165309732
169800,-0.000260542961768806,1.9301731776977248e-05,-3.6886647224426268,1.9729139e-07,0.0,0.15434515476226807,-0.00012528289904009115
170000,-0.0004955847980454564,2.936109858637792e-05,-3.6886514723300934,3.167987e-07,0.0,0.033904314041137695,-0.00017516446102166516
170200,-0.0002879509702324867,4.0744308307694155e-05,-3.6886755168437957,2.4706125e-07,0.0,0.06672042608261108,-0.0001656878227822123
170400,-0.00025214016204699874,2.3473006740459824e-05,-3.6886342585086824,3.8951637e-07,0.0,-0.26285064220428467,-0.0001616677042733272
170600,-0.00042079685954377055,2.200653741510905e-05,-3.688645988702774,3.4421683e-07,0.0,-0.01122748851776123,-0.00016814079072613453
170800,-0.0002934104122687131,1.087442648213255e-05,-3.6886377394199372,2.494454e-07,0.0,-0.24118006229400635,-0.00014580757998396975
171000,-0.0003633373707998544,1.4174273178468866e-05,-3.688616919517517,3.6597248e-07,0.0,-0.0933072566986084,-0.00017612507906503705
171200,-0.00037713689380325377,1.4335088485495362e-05,-3.6886383473873137,2.5749205e-07,0.0,0.06402403116226196,-0.00014854645665707267
171400,-0.0003429426869843155,1.4271977647695167e-05,-3.6886222839355467,2.7120115e-07,0.0,0.1462758183479309,-0.00014201392939041657
171600,-0.0002191669773310423,3.5257673334854187e-05,-3.6886031866073608,2.7090312e-07,0.0,0.05979585647583008,-0.0001575801365607532
171800,-0.00045695234439335763,1.2339528620941564e-05,-3.688630574941635,3.4600495e-07,0.0,-0.08556103706359863,-0.0001689678506358927
172000,-0.00013902064529247582,3.37350269091985e-05,-3.688641893863678,1.4811755e-07,0.0,0.028587043285369873,-9.62182880269058e-05
172200,-0.0004217635141685605,3.548550703271758e-05,-3.6886550724506377,2.0086765e-07,0.0,0.04473710060119629,-0.0001485737405161558
172400,-0.00017348707478959113,1.786149077815935e-05,-3.6886459231376647,1.5377998e-07,0.0,0.0355798602104187,-0.0001041504590183706
172600,-0.00036941468715667725,4.0060142373476994e-05,-3.6886200428009035,3.3795834e-07,0.0,-0.046750664710998535,-0.00018477025798779856
172800,-0.0002682670601643622,2.7132656941830647e-05,-3.688669967651367,1.5079975e-07,0.0,-0.10205817222595215,-0.00011333723587458877
173000,-0.0004369232919998467,2.8920222803208162e-05,-3.68864084482193,2.6077032e-07,0.0,0.0991743803024292,-0.00015031130616423028
173200,-0.000531172554474324,2.0822866440539654e-05,-3.6886321902275085,3.3795834e-07,0.0,0.08520370721817017,-0.000200140867303622
173400,-0.0004883877118118107,1.4041198414815882e-05,-3.688646638393402,2.4288892e-07,0.0,0.023876607418060303,-0.00014341758241540604
173600,-0.0003162308712489903,1.1418559665798966e-05,-3.6886675894260406,2.3782253e-07,0.0,-0.1182410717010498,-0.0001497210111645497
173800,-0.00043513538548722863,4.060972678416874e-05,-3.6886375844478607,3.156066e-07,0.0,0.04255104064941406,-0.0001682161327480891
174000,-0.00024245392705779523,3.1105891275728935e-05,-3.6886563181877134,2.732873e-07,0.0,0.05779606103897095,-0.00015818613830245187
174200,-0.0005463108536787331,3.0153676379995887e-05,-3.6886175096035005,4.6432018e-07,0.0,-0.19981002807617188,-0.00020548982188837162
174400,-0.0004752141539938748,2.3979235584192794e-05,-3.688633555173874,2.554059e-07,0.0,0.07763177156448364,-0.00016045200092695833
174600,-0.00020403078815434128,1.7732938636072505e-05,-3.688667672872543,2.0176174e-07,0.0,0.04417604207992554,-0.00013437308264518943
174800,-0.00038944065454415977,2.8988417034270243e-05,-3.6886423110961912,3.3974646e-07,0.0,0.08228999376296997,-0.00017097485051272286
175000,-0.0001283080200664699,3.36207819145784e-05,-3.6886513411998747,1.4305114e-07,0.0,-0.10964846611022949,-0.00010043178558480915
175200,-0.00048314183368347585,1.7894535903906218e-05,-3.688626730442047,4.5090917e-07,0.0,0.06361395120620728,-0.0002107468173451199
175400,-0.0003489661612547934,1.2770303419529227e-05,-3.6886147141456602,4.4614077e-07,0.0,-0.015614748001098633,-0.00020053584200194763
175600,-0.00042414586641825736,2.636906970110431e-05,-3.688626563549042,2.902746e-07,0.0,0.040068745613098145,-0.000148406327100703
175800,-0.00022522738436236978,1.8100643319485244e-05,-3.6886198043823244,1.8298626e-07,0.0,0.0014101266860961914,-0.00011195732700479688
176000,-0.0002406651619821787,3.5247658934167704e-05,-3.6886533856391908,1.6301871e-07,0.0,-0.038921356201171875,-0.00011181017767535329
176200,-0.0002874016936402768,1.3870692828277243e-05,-3.688633930683136,2.4288892e-07,0.0,0.05642974376678467,-0.00012070420005230175
176400,-0.00015255101607181132,3.231479086025501e-05,-3.68862726688385,2.1904707e-07,0.0,0.08836215734481812,-0.000131544637087444
176600,-0.0004598168598022312,1.9113337020826294e-05,-3.6886357069015503,3.4838914e-07,0.0,-0.026388168334960938,-0.00017256814525712372
176800,-0.00031142422812990844,1.714164939130569e-05,-3.6886033058166503,2.7477742e-07,0.0,0.06198853254318237,-0.0001525095610692695
177000,-0.000245915463892743,1.8010930534728687e-05,-3.6886571288108825,1.910329e-07,0.0,0.1375940442085266,-0.0001277958906813481
177200,-0.000498966546729207,1.9057464965044345e-05,-3.688656783103943,2.5510786e-07,0.0,0.0953974723815918,-0.00017687718517898077
177400,-0.00020405194663908333,3.608677398005966e-05,-3.6886648714542387,1.4990569e-07,0.0,0.06066405773162842,-0.000111523275219505
177600,-0.0002015085337916389,6.442165204134653e-05,-3.68861722946167,2.4467707e-07,0.0,0.08842462301254272,-0.00014257943697362218
177800,-0.0001887015823740512,2.0371255936879605e-05,-3.6886162042617796,2.1547079e-07,0.0,0.22462189197540283,-0.00011057238369538425
178000,-0.00024150496756192297,1.9806890281870438e-05,-3.688614922761917,2.461672e-07,0.0,0.06626427173614502,-0.00015066359227416948
178200,-0.00042613939149305224,1.3746243280365888e-05,-3.688608092069626,2.7775764e-07,0.0,0.18272078037261963,-0.00014362855255685149
178400,-0.00024960574228316545,2.5882742102112387e-05,-3.6886453449726107,1.9162894e-07,0.0,0.09173327684402466,-0.000134804562407681
178600,-0.0005202375468797982,3.999149371338717e-05,-3.688622587919235,3.8266182e-07,0.0,0.04679369926452637,-0.00020282749659945588
178800,-0.0003157621540594846,2.471669649821706e-05,-3.688623720407486,2.1696091e-07,0.0,0.12677311897277832,-0.0001473910734760553
179000,-0.00033499085111543536,4.0828996043273945e-05,-3.688619911670685,3.772974e-07,0.0,0.0981479287147522,-0.00019242978900466668
179200,-0.00027318429783917964,1.8331215505895672e-05,-3.6886102318763734,2.9176474e-07,0.0,0.12616020441055298,-0.00018060803256689795
179400,-0.000565077643841505,1.3802899411530234e-05,-3.6886232018470766,3.182888e-07,0.0,-0.02396237850189209,-0.000156945599820002
179600,-0.00028386933263391256,1.8869256064135697e-05,-3.688626450300217,3.6120414e-07,0.0,-0.028750300407409668,-0.0001446627812882184
179800,-0.00016676922678016126,2.2947587353883137e-05,-3.6886229395866392,2.592802e-07,0.0,0.03474235534667969,-0.0001410916807728313
180000,-0.00022616962087340653,1.146848088637853e-05,-3.6886093497276304,1.820922e-07,0.0,0.0398067831993103,-9.848486005585855e-05
180200,-0.0004421480989549309,2.029808761108143e-05,-3.6886318266391753,2.914667e-07,0.0,0.026429355144500732,-0.00014239098175505838
180400,-0.00024142600886989385,3.7016277201473716e-05,-3.6885993421077727,2.4199485e-07,0.0,0.05805569887161255,-0.00013841158250169628
180600,-0.0003342590935062617,3.1108966504689305e-05,-3.6885938167572023,1.92523e-07,0.0,0.05002850294113159,-0.00012205447191604435
180800,-0.0003473130345810205,2.0954732758582394e-05,-3.6886246860027314,2.5361777e-07,0.0,-0.0036635398864746094,-0.00014988559487381093
181000,-0.00041104861884377897,2.634078609844437e-05,-3.68863063454628,1.9401311e-07,0.0,0.051360487937927246,-0.00013432538538786786
181200,-0.00027148917433805764,2.3358463249678606e-05,-3.6886097848415376,1.7821789e-07,0.0,0.15548330545425415,-0.00011368263563644731
181400,-0.00023014837643131614,2.5200486697940504e-05,-3.688622182607651,1.8537045e-07,0.0,0.018598616123199463,-0.00012829356712087402
181600,-0.00022280833218246698,1.8462166167410032e-05,-3.688633716106415,1.7732383e-07,0.0,0.1265755295753479,-0.00013512165809466127
181800,-0.0002620283339638263,1.051915168091e-05,-3.6886168360710143,2.4646522e-07,0.0,-0.05816018581390381,-0.00013056953168200103
182000,-0.0004672097566071898,2.751311162683123e-05,-3.688632923364639,2.5689602e-07,0.0,0.050286173820495605,-0.00015576415556473044
182200,-0.00045018448145128787,1.8171508986597474e-05,-3.6886463820934297,2.732873e-07,0.0,0.024633467197418213,-0.00016690567172747973
182400,-0.0002578659914433956,2.7207333278056468e-05,-3.6886181354522707,2.4676325e-07,0.0,0.1261608600616455,-0.00014521180041811023
182600,-0.00022462307242676616,3.0984017848822985e-05,-3.688626879453659,2.1100044e-07,0.0,0.0685809850692749,-0.00012378894602671497
182800,-0.00014301427290774882,1.371669399077291e-05,-3.6886161088943483,2.220273e-07,0.0,-0.008824348449707031,-0.0001467592998068312
183000,-0.0003040393639821559,3.474181667115772e-05,-3.6886247873306273,1.4990567e-07,0.0,-0.0024374723434448242,-0.00010865860326143561
183200,-0.00022861117031425238,1.9289481656414864e-05,-3.6885996758937836,1.963973e-07,0.0,0.03801095485687256,-0.00012710899086734173
183400,-0.00041946989949792624,4.1878641104631244e-05,-3.688614511489868,2.8669834e-07,0.0,0.007899820804595947,-0.0001584239690075151
183600,-0.0003452611272223294,8.534442042673617e-06,-3.6885945975780485,2.2619963e-07,0.0,0.28003889322280884,-0.00014745182635245158
183800,-0.00012161530321463943,2.8528428902063752e-05,-3.6886089742183685,2.786517e-07,0.0,0.015324771404266357,-0.0001448726053876692
184000,-0.0002930962364189327,3.13119822749286e-05,-3.6886178493499755,3.501773e-07,0.0,0.10622286796569824,-0.00019303709271900615
184200,-0.00042118565761484206,1.9140402582706883e-05,-3.688595974445343,2.5957823e-07,0.0,-0.11658167839050293,-0.0001549518706902564
184400,-0.00025370382354594767,2.5003299106174383e-05,-3.688625419139862,1.7106532e-07,0.0,0.018900036811828613,-0.0001119194185916994
184600,-0.0002562796580605209,6.154269913167809e-05,-3.6886226296424867,3.3736228e-07,0.0,0.05433225631713867,-0.00015828898561895955
184800,-0.00035782341728918254,1.914005520120554e-05,-3.688615620136261,2.9355286e-07,0.0,0.030319631099700928,-0.00014774333603526646
185000,-0.0005187525530345738,3.03044704196509e-05,-3.688599157333374,3.9309265e-07,0.0,-0.023697853088378906,-0.00018774058700335994
185200,-0.0005316194146871567,2.818211082740163e-05,-3.688591778278351,3.2126903e-07,0.0,0.05859255790710449,-0.00015303932269603582
185400,-0.000156964102643542,1.6878210544746253e-05,-3.6886418998241424,1.1712313e-07,0.0,-0.1458650827407837,-9.58227955165425e-05
185600,-0.000344170635798946,3.0766885492994335e-05,-3.6885937333106993,2.5987626e-07,0.0,0.0017848610877990723,-0.00013185764207457318
185800,-0.00034391338704153895,9.8523307542564e-06,-3.688600558042526,2.360344e-07,0.0,-0.05862021446228027,-0.00015341625330496101
186000,-0.00039455259684473276,2.076813204894279e-05,-3.688625878095627,3.156066e-07,0.0,0.14401304721832275,-0.00017731617416267832
186200,-0.00022809125948697329,2.75892313766235e-05,-3.6886034548282622,1.7136335e-07,0.0,-0.009888768196105957,-0.0001118826265651518
186400,-0.0004633328935597092,1.2650882399611874e-05,-3.6886199831962587,3.0457974e-07,0.0,0.16735470294952393,-0.00017764179386254854
186600,-0.0001500239159213379,1.593866813891509e-05,-3.68862047791481,2.0980835e-07,0.0,0.0664830207824707,-0.00011084152757552257
186800,-0.0005116155371069908,2.464745803081314e-05,-3.6886135280132293,2.8431415e-07,0.0,0.09395146369934082,-0.00018583771658091662
187000,-0.0003669551806524396,2.314219404979667e-05,-3.6885912835597994,2.5540592e-07,0.0,0.04152888059616089,-0.00015671877555365477
187200,-0.00042122791637666523,3.074133433074166e-05,-3.688611590862274,2.6226044e-07,0.0,0.07409578561782837,-0.00014737658298478174
187400,-0.00036727043334394693,1.827869982662378e-05,-3.6885698795318604,3.749132e-07,0.0,0.04771846532821655,-0.00018358177039334844
187600,-0.0003379352856427431,2.2311107341010938e-05,-3.6886170864105225,1.9788743e-07,0.0,0.012851953506469727,-0.0001251987818648992
187800,-0.00041844299994409084,3.380496686986589e-05,-3.6885869920253755,3.424287e-07,0.0,0.0018615126609802246,-0.0001813609457782639
188000,-0.0005474117933772504,2.7130569424116403e-05,-3.688606023788452,2.673268e-07,0.0,0.0887911319732666,-0.00015818149295259153
188200,-0.00019882188644260168,1.883131471913657e-05,-3.688612198829651,1.4722346e-07,0.0,0.10252892971038818,-9.748229470800674e-05
188400,-0.00029262021416798234,2.8975569330214056e-05,-3.6885986804962156,2.002716e-07,0.0,-0.056229352951049805,-0.0001252421591944941
188600,-0.0004791145911440253,1.785792155715171e-05,-3.6885763466358186,5.0783154e-07,0.0,0.00883263349533081,-0.00020175663525989762
188800,-0.00030795129714533687,3.2777572459963264e-05,-3.688616132736206,3.1113623e-07,0.0,0.06439083814620972,-0.00015754216880972116
189000,-0.000201155329705216,3.815125510300277e-05,-3.688627749681473,2.0384789e-07,0.0,0.01593315601348877,-0.00012294727523146643
189200,-0.0004236412642057985,8.93702778057559e-06,-3.688596934080124,1.9967557e-07,0.0,0.06715774536132812,-0.00011524677244638682
189400,-0.0003706332645379007,2.7136135213368106e-05,-3.6886295437812806,1.6748905e-07,0.0,0.0210111141204834,-0.00014190128415725312
189600,-0.0003645569086074829,1.2979076404917578e-05,-3.6886061906814573,1.3530254e-07,0.0,-0.18716716766357422,-9.195560237547084e-05
189800,-0.0004153199552092701,1.6755938577261987e-05,-3.6886015713214872,2.4676322e-07,0.0,0.010823726654052734,-0.00014071196373390826
190000,-0.00044758786680176854,1.5185257348093728e-05,-3.6886432230472566,2.1100044e-07,0.0,-0.07771444320678711,-0.0001510746694648346
190200,-0.00011326857202220708,1.945935641742835e-05,-3.6886085748672484,1.9073487e-07,0.0,0.09325194358825684,-0.00012167985636279965
190400,-0.0004305885813664645,4.8333855829696404e-05,-3.6886173844337464,2.7567148e-07,0.0,-0.01034235954284668,-0.00015338619086122663
190600,-0.00036327081033959985,3.0308441864690394e-05,-3.6886135041713715,2.4229288e-07,0.0,0.08347070217132568,-0.00015815402422003633
190800,-0.000457088666735217,1.733778660764074e-05,-3.688602942228317,2.8938052e-07,0.0,0.0153922438621521,-0.0001647831474716588
191000,-0.00041697887354530394,8.061380810886476e-06,-3.688622218370438,2.9295683e-07,0.0,0.11951887607574463,-0.00016030324933629102
191200,-0.00034649460576474667,1.5642623793610255e-05,-3.6885970294475556,3.311038e-07,0.0,0.06657618284225464,-0.00016516953554686077
191400,-0.00012956646969541907,1.3708105200294085e-05,-3.6885992288589478,2.8938055e-07,0.0,-0.029131174087524414,-0.00016838981148019626
191600,-0.00028086965903639793,1.6876661879905443e-05,-3.6886080622673036,1.963973e-07,0.0,0.07653164863586426,-0.00011935391923252325
191800,-0.00024315134214702994,1.4093204458731635e-05,-3.6886182963848113,3.0457971e-07,0.0,-0.015567302703857422,-0.0001748145520792832
192000,-0.0002037921512965113,2.9226560718598195e-05,-3.6886076271533965,1.2338161e-07,0.0,-0.05218970775604248,-9.687170769359099e-05
192200,-0.0003052726970054209,2.965057078654354e-05,-3.688624769449234,1.9848348e-07,0.0,0.09310311079025269,-0.0001368750928941176
192400,-0.00023068327573128045,2.0947027337570034e-05,-3.6886310517787932,1.5854836e-07,0.0,0.07186996936798096,-0.00012233375001347024
192600,-0.0003111925907433033,1.3813251803185267e-05,-3.688589817285538,2.670288e-07,0.0,0.0771338939666748,-0.00013967913387471497
192800,-0.0004100098740309477,2.019020901116164e-05,-3.6886027812957765,2.861023e-07,0.0,0.12690776586532593,-0.00017178464111919923
193000,-0.00038500825758092105,1.4393150263458664e-05,-3.688616394996643,1.8239021e-07,0.0,0.10268718004226685,-0.00011872190252710801
193200,-0.00024030101485550404,4.4952678717891106e-05,-3.6886231899261475,1.7255545e-07,0.0,0.07925355434417725,-0.00010640925202984875
193400,-0.0004239322151988745,1.9762162060033007e-05,-3.6886177599430083,3.3378603e-07,0.0,-0.0947110652923584,-0.000176479429652332
193600,-0.00039929072954691947,2.0395813658069527e-05,-3.6885842442512513,3.656745e-07,0.0,-0.04516792297363281,-0.00015333501268366412
193800,-0.0001906847464852035,3.0049637507545414e-05,-3.688620835542679,2.0742416e-07,0.0,-0.0018907785415649414,-0.00013192781847688463
194000,-0.00020126414892729372,1.3587246553470322e-05,-3.6886387407779693,1.6629697e-07,0.0,-0.13067591190338135,-0.00012023371398650617
194200,-0.00014597510744351894,2.7408991491029157e-05,-3.6886223435401915,1.8268824e-07,0.0,-0.02167212963104248,-0.00013461999651211975
194400,-0.0002515474916435778,1.735781502247846e-05,-3.6886275112628937,1.8388033e-07,0.0,0.08053535223007202,-0.00013710015354445604
194600,-0.00046667183050885797,3.101489783148281e-05,-3.6886099934577943,3.820658e-07,0.0,0.0752139687538147,-0.00017026925118579506
194800,-0.00032151438063010573,3.047561917810526e-05,-3.6886056065559387,2.5838614e-07,0.0,0.057852327823638916,-0.00015948159797085637
195000,-0.0003208934504073113,1.5689342581026723e-05,-3.6886105835437775,2.3931264e-07,0.0,0.006926059722900391,-0.00014263947169093071
195200,-0.00022999868087936193,2.2142907414490765e-05,-3.6886026501655578,1.8149615e-07,0.0,0.02805793285369873,-0.0001223578757574728
195400,-0.0005148173659108579,2.4653013838360494e-05,-3.6886098086833954,2.6762484e-07,0.0,0.05505168437957764,-0.00017263881055665787
195600,-0.00027389300521463156,1.6539494527023636e-05,-3.688617593050003,1.7046929e-07,0.0,0.07868421077728271,-0.0001156094224843418
195800,-0.00042439240496605635,2.9270836057548878e-05,-3.688627505302429,2.5749205e-07,0.0,0.08464956283569336,-0.0001428537955819209
196000,-0.0002005903807003051,1.889212705918908e-05,-3.688643938302994,1.3709068e-07,0.0,-0.16321229934692383,-9.911593778770822e-05
196200,-0.00018478912534192204,2.8231873238837578e-05,-3.6886289954185485,1.4930964e-07,0.0,0.07679098844528198,-9.762948735954069e-05
196400,-0.0001556265924591571,2.6731494835985357e-05,-3.688601738214493,2.6524066e-07,0.0,0.008863627910614014,-0.00014323607169592912
196600,-0.00027285984833724797,1.7195699456351576e-05,-3.688616228103638,1.835823e-07,0.0,0.17407101392745972,-0.00012133088722089402
196800,-0.00030120741575956345,2.014137292007945e-05,-3.6886069059371946,2.491474e-07,0.0,0.05755347013473511,-0.00015771403836639664
197000,-0.0004047241236548871,2.5002568872878327e-05,-3.688589060306549,2.0503998e-07,0.0,0.09579867124557495,-0.00012036619988116115
197200,-0.00025770600768737495,2.0721860437333817e-05,-3.688605409860611,1.8686055e-07,0.0,0.009808659553527832,-0.00011911915932223404
197400,-0.000381236633984372,1.5689226620452247e-05,-3.6886198103427885,2.914667e-07,0.0,0.005854249000549316,-0.00017140216800004549
197600,-0.0006386564928106964,1.5349090017480193e-05,-3.6886150181293487,2.9206274e-07,0.0,0.034210026264190674,-0.0001664131887802789
197800,-0.0004894903977401555,1.4262258810049389e-05,-3.6885979771614075,3.3855437e-07,0.0,0.10889065265655518,-0.00018326044280101428
198000,-0.0002467228623572737,1.5545264955107995e-05,-3.688618314266205,2.4467707e-07,0.0,0.04421091079711914,-0.00012745459403913363
198200,-0.0004334865661803633,3.0441324088315014e-05,-3.688633477687836,2.1547078e-07,0.0,0.0021257996559143066,-0.00016768241652505013
198400,-0.00041940403752960265,1.0468492541804153e-05,-3.6885930359363557,2.9683113e-07,0.0,0.09965991973876953,-0.0001520849469640151
198600,-0.000426053797127679,1.5326850552810355e-05,-3.6885996997356414,2.0861626e-07,0.0,0.0658600926399231,-0.0001318047348419338
198800,-0.0002900224062614143,2.0813260789509513e-05,-3.688601475954056,3.236532e-07,0.0,0.049927353858947754,-0.00014575330823634046
199000,-0.00041032713488675654,2.305505154254206e-05,-3.688619065284729,2.4825334e-07,0.0,-0.02057039737701416,-0.00014617505774549566
199200,-0.00042280362686142325,2.5643364187999397e-05,-3.688611501455307,3.1113626e-07,0.0,0.05731695890426636,-0.00017391651838272182
199400,-0.000379471224732697,3.202657167094003e-05,-3.6885845959186554,4.0411948e-07,0.0,0.08518368005752563,-0.00020072670271424896
199600,-0.0003870211075991392,2.1738228429057927e-05,-3.6885886669158934,5.2005055e-07,0.0,-0.030106067657470703,-0.00023521361538336727
199800,-0.0002608737559057772,1.0919279998233832e-05,-3.6886377394199372,1.7881393e-07,0.0,-0.1974419355392456,-0.00011990898861995447
200000,-0.000246205716393888,1.638646963328938e-05,-3.688614559173584,1.8447638e-07,0.0,0.09514850378036499,-0.00013494293377803724
