timestep,loss,value_loss,entropy_loss,approx_kl,clip_fraction,explained_variance,policy_gradient_loss
200,,,,,,,
400,0.0002839365042746067,0.0015418522190884687,-3.688874590396881,2.8550625e-07,0.0,-6.730404376983643,-0.0001824995437100796
600,0.0005850366433151066,0.0019442831049673258,-3.688873511552811,2.9861928e-07,0.0,-9.359622955322266,-0.0001719840335564493
800,4.6144123189151287e-07,0.0009502691740635782,-3.688871330022812,4.5508145e-07,0.0,-2.945789337158203,-0.00020353253352776158
1000,-0.0003254361799918115,0.0005651701940223575,-3.688870018720627,5.6207176e-07,0.0,-1.9710803031921387,-0.00022257421796074707
1200,-0.00018490153888706118,0.000686784972640453,-3.6888688802719116,3.7521124e-07,0.0,-4.8064093589782715,-0.00015302734164241994
1400,-0.0003604117373470217,0.0004878509738773573,-3.688868409395218,4.7326085e-07,0.0,-1.1140170097351074,-0.00025207533508888604
1600,-0.0004693427763413638,0.0006044803485565353,-3.6888680815696717,3.796816e-07,0.0,-10.224855422973633,-0.0001868594282026459
1800,-0.00010531939915381372,0.0004459850544662913,-3.688866674900055,4.4971705e-07,0.0,-9.509917259216309,-0.0002110185034712053
2000,-4.8507063183933496e-05,0.0005653699776303256,-3.6888661324977874,2.2023916e-07,0.0,-11.335477828979492,-0.00010449156190563968
2200,-0.00013614678755402565,0.0004979978117262363,-3.6888647615909576,2.1278858e-07,0.0,-8.19902229309082,-0.00011505131462508089
2400,-0.00026523444103077054,0.00040983772596518974,-3.6888645946979524,3.8206576e-07,0.0,-4.600607872009277,-0.0001639417080744554
2600,-0.00014604267198592424,0.00030671686909045093,-3.6888633549213408,4.4941902e-07,0.0,-2.683635950088501,-0.0002069426815858977
2800,-0.0001222440623678267,0.0003439406351390062,-3.688862603902817,4.23789e-07,0.0,-13.702619552612305,-0.00017169827182597074
3000,-0.0002866717695724219,0.0002726465441810433,-3.688862007856369,4.193187e-07,0.0,-7.237978935241699,-0.00015332902223395007
3200,-0.00021035646204836667,0.00038266494957497346,-3.6888613164424897,3.427267e-07,0.0,-9.947453498840332,-0.0001437035005750431
3400,-0.0003261214878875762,0.00034987581784662325,-3.6888616740703584,3.7699937e-07,0.0,-5.749465465545654,-0.00014993780866762174
3600,-0.0002465773723088205,0.00024023521655180957,-3.6888601899147035,3.8057567e-07,0.0,-4.702053070068359,-0.0001468898498158122
3800,-0.0003606414538808167,0.00043680699964170343,-3.688860332965851,5.203486e-07,0.0,-21.920761108398438,-0.0002173246524058259
4000,-0.0003404292219784111,0.00021550681412918493,-3.6888598263263703,4.2676925e-07,0.0,-6.104736804962158,-0.00018087339561900784
4200,-0.0005697864689864218,0.00018775119297060884,-3.6888583064079286,5.990267e-07,0.0,-1.586639165878296,-0.00020427104445399635
4400,-0.0003672323655337095,0.00013883029077987885,-3.688855928182602,4.1157006e-07,0.0,-4.743280410766602,-0.00019177032009380922
4600,-0.0003738225786946714,0.0002850937657058239,-3.6888548970222472,5.89788e-07,0.0,-11.534725189208984,-0.00021600171207154518
4800,-0.00037759364931844175,0.0002899878632888431,-3.6888552010059357,3.5971402e-07,0.0,-2.263059377670288,-0.000157268776919417
5000,-0.00010907690011663362,0.00020653966785175726,-3.6888526678085327,2.8431415e-07,0.0,-11.461862564086914,-0.00012197081804550258
5200,-0.0004218572867102921,0.00021723226855101528,-3.68885115981102,3.787875e-07,0.0,-6.66996431350708,-0.00015999031023739008
5400,-0.0003608986153267324,0.0002926500172179658,-3.688850086927414,4.9620866e-07,0.0,-14.701417922973633,-0.00021813398725714083
5600,-0.00021875837410334498,0.00021622853091685101,-3.688846170902252,4.208088e-07,0.0,-1.5044240951538086,-0.0001321833761690039
5800,-0.0002731434360612184,0.00020681319256254937,-3.688847762346268,3.3974646e-07,0.0,-3.073615074157715,-0.0001493680337716796
6000,-0.0003651378210633993,0.0001643790442358295,-3.6888479232788085,3.6478042e-07,0.0,-7.444419860839844,-0.0001598696420469503
6200,-0.0004038688784930855,0.00015887889749137684,-3.6888463616371157,3.9547683e-07,0.0,-2.1503639221191406,-0.00020782278503905793
6400,-0.00039315360481850803,0.0001671220828939113,-3.6888461649417876,4.6133997e-07,0.0,-3.6502108573913574,-0.00021841587109747707
6600,-0.0004526181728579104,0.00011829150371340802,-3.6888480603694918,4.1157006e-07,0.0,-3.2732510566711426,-0.00018458965286791696
6800,-0.0004138656659051776,0.0001746784359056619,-3.6888483822345735,4.297495e-07,0.0,-8.381309509277344,-0.00018641641846319778
7000,-0.0003444785252213478,0.00014966286107664928,-3.688848543167114,3.8921834e-07,0.0,-1.9112069606781006,-0.00018331464359584438
7200,-0.0004202855925541371,0.00013798206000501523,-3.688849264383316,4.1663648e-07,0.0,-4.987498760223389,-0.00018335411873433572
7400,-0.00026709274970926344,9.29010467189073e-05,-3.6888501048088074,3.606081e-07,0.0,-2.759009838104248,-0.00015437418198700482
7600,-0.0004803211195394397,0.00011645390877674799,-3.688849985599518,4.7624113e-07,0.0,-3.6136221885681152,-0.00018437513519711234
7800,-0.0004909875569865108,0.00012934300484630513,-3.68884796500206,5.304813e-07,0.0,-3.0394821166992188,-0.00020135971991499523
8000,-0.00027536426205188036,9.094704255403485e-05,-3.688847815990448,2.0503998e-07,0.0,-7.170585632324219,-9.770944599305498e-05
8200,-0.0003857746778521687,0.00012914495328004706,-3.6888462126255037,3.9160253e-07,0.0,-0.8197486400604248,-0.0001721934817085713
8400,-0.00019248372700531036,0.0001118800142648979,-3.6888459980487824,4.1425227e-07,0.0,-2.321805238723755,-0.00017723235517883574
8600,-0.00044123458792455494,9.771857712621567e-05,-3.688844805955887,4.696846e-07,0.0,-2.7484676837921143,-0.0001808413420790078
8800,-0.0006637703627347946,5.84664499911014e-05,-3.688844072818756,6.2137843e-07,0.0,-1.435544490814209,-0.0002290338885749199
9000,-0.00020351968123577535,0.00010753639317044872,-3.6888426661491396,3.4332277e-07,0.0,-1.716904640197754,-0.0001793361900874757
9200,-0.0004526715201791376,5.987439735690714e-05,-3.6888411402702332,4.0650366e-07,0.0,-2.831027030944824,-0.0001744714284918736
9400,-0.0003730553144123405,7.109150901669636e-05,-3.6888405621051787,3.3140182e-07,0.0,-1.1147089004516602,-0.00012129886464004035
9600,-0.0005141203873790801,5.584037662629271e-05,-3.6888392865657806,4.4435262e-07,0.0,-0.8638043403625488,-0.00020885878968264217
9800,-0.0005083743017166853,9.489094272794319e-05,-3.6888379514217378,4.7683716e-07,0.0,-0.3851151466369629,-0.00022837516146614333
10000,-0.000494172505568713,6.344143530441215e-05,-3.68883530497551,7.110834e-07,0.0,-0.7275147438049316,-0.0002602648452458167
10200,-0.0003613399458117783,8.013048964130575e-05,-3.6888339459896087,3.6060808e-07,0.0,-1.3555002212524414,-0.000167155354882631
10400,-0.0006922954926267266,6.942225118109491e-05,-3.6888315796852114,7.483363e-07,0.0,-0.8503559827804565,-0.00030168819421239057
10600,-0.00034306460293009877,4.560724473776645e-05,-3.6888296246528625,5.2839516e-07,0.0,-3.1404619216918945,-0.00018134546971333433
10800,-0.00038943422259762883,3.719200326486316e-05,-3.6888293743133547,4.9859284e-07,0.0,-0.9419384002685547,-0.00020925545378014387
11000,-0.00047656448441557586,4.5303470415092306e-05,-3.6888294398784636,4.208088e-07,0.0,-0.48234474658966064,-0.0001831261138290796
11200,-0.000703334400895983,3.6048285164724805e-05,-3.688829082250595,5.850196e-07,0.0,-0.9118071794509888,-0.00023923228452338297
11400,-0.0002508146862965077,2.9036507430646453e-05,-3.688827854394913,2.4586916e-07,0.0,-0.9906927347183228,-0.00012240600621216124
11600,-0.0003392107901163399,4.789252388945897e-05,-3.6888264656066894,3.6507845e-07,0.0,-0.9624341726303101,-0.0001674547066514265
11800,-0.0005912142223678529,3.4455070590411196e-05,-3.688823801279068,5.495548e-07,0.0,-0.24924373626708984,-0.00021943237562982443
12000,-0.0002332997100893408,3.733415228452941e-05,-3.688822454214096,4.208088e-07,0.0,-0.35520827770233154,-0.00019308391222310205
12200,-0.00037877997965551913,3.763964300560474e-05,-3.6888216137886047,4.1246415e-07,0.0,-1.685828685760498,-0.00017358466962695828
12400,-0.0005840720841661096,3.4619442112671094e-05,-3.6888195276260376,5.6564807e-07,0.0,-0.21923816204071045,-0.0002426974192415443
12600,-0.0002815490879584104,3.73315000160801e-05,-3.6888173878192902,5.5223705e-07,0.0,-0.2238631248474121,-0.0002313399238332736
12800,-0.0005627702921628952,2.430102040307247e-05,-3.688816452026367,5.450845e-07,0.0,-0.14739322662353516,-0.00021969255675755584
13000,-0.0007123028626665473,2.835857399077213e-05,-3.6888179779052734,5.5521724e-07,0.0,-0.13389301300048828,-0.00024646073568188596
13200,-0.00047648270265199244,2.714228899094451e-05,-3.6888181149959562,4.4107438e-07,0.0,-0.06612801551818848,-0.00018930605068221418
13400,-0.00035368363023735583,3.312732446829614e-05,-3.6888193070888518,4.4345856e-07,0.0,0.007183194160461426,-0.00018338465683888084
13600,-0.0005920687108300626,4.171014265921258e-05,-3.6888187289237977,5.221367e-07,0.0,-0.2535686492919922,-0.00021931394824568074
13800,-0.00040339463157579303,1.67488516353842e-05,-3.688816547393799,6.225705e-07,0.0,-0.12070608139038086,-0.000256758218953923
14000,-0.0008897658553905785,2.063746442217962e-05,-3.688814699649811,8.901954e-07,0.0,-0.6801613569259644,-0.0002556825558978515
14200,-0.000865571666508913,1.6368358819818242e-05,-3.688813215494156,6.3836575e-07,0.0,0.172407865524292,-0.00027259288407845974
14400,-0.0005213074036873877,3.0421039173234022e-05,-3.688812905550003,5.9843063e-07,0.0,0.07742124795913696,-0.0002782823675414603
14600,-0.00044223706936463714,2.9600921470773757e-05,-3.6888134360313414,5.620718e-07,0.0,-0.3825458288192749,-0.00021429994104437132
14800,-0.00043152255238965154,2.5873269714793422e-05,-3.6888112664222716,3.236532e-07,0.0,-0.03771817684173584,-0.00014477311110829837
15000,-0.00040016885031946003,1.4185780946718296e-05,-3.688811844587326,4.1365624e-07,0.0,-0.09364807605743408,-0.00020805391686542495
15200,-0.0005197845166549087,9.552293374781583e-06,-3.688811206817627,3.9130447e-07,0.0,-0.17259252071380615,-0.0001790932866885031
15400,-0.0006355383084155619,2.3624662890142645e-05,-3.6888120830059052,4.559755e-07,0.0,0.11457616090774536,-0.00021548859700439848
15600,-0.000227545082452707,1.1479856038931757e-05,-3.688810759782791,3.513694e-07,0.0,-0.20961213111877441,-0.00015497568075990565
15800,-0.0006695165066048503,1.3821585025652893e-05,-3.688809484243393,3.585219e-07,0.0,-0.13530516624450684,-0.00018062571484859236
16000,-0.00042596226558089256,1.941049727065547e-05,-3.688807541131973,3.6269427e-07,0.0,0.09239482879638672,-0.00018784905205917468
16200,-0.0001714761892799288,4.22435224209039e-05,-3.688803553581238,3.802776e-07,0.0,0.1411968469619751,-0.0001650541276341677
16400,-0.00047189457109197974,5.907558670514845e-05,-3.688804215192795,5.060434e-07,0.0,-0.09676516056060791,-0.00023887789184562358
16600,-0.00031811496592126787,3.5356990520085676e-05,-3.6888030588626863,3.671646e-07,0.0,0.049741506576538086,-0.00017211572948299113
16800,-0.00042274079169146717,2.418048788968008e-05,-3.688802707195282,7.1138146e-07,0.0,0.005417943000793457,-0.0002594033560341158
17000,-0.00029978295788168907,2.2970497320784487e-05,-3.68880295753479,3.7163497e-07,0.0,0.2596169114112854,-0.00019267850973971878
17200,-0.0006268505821935833,2.847844771167729e-05,-3.6888032078742983,5.6058167e-07,0.0,0.06309431791305542,-0.0002476329059585947
17400,-0.0004391074471641332,1.637172265418485e-05,-3.688805437088013,4.2527913e-07,0.0,0.16134434938430786,-0.00019722224846234758
17600,-0.0005665846983902156,1.890532591914962e-05,-3.6888046979904177,4.5508148e-07,0.0,-0.2177339792251587,-0.00018038111760894094
17800,-0.0005695099825970829,1.4221661399460572e-05,-3.688806003332138,4.9024817e-07,0.0,-0.028220653533935547,-0.00023450822848645192
18000,-0.0005468000308610499,1.8290071261617412e-05,-3.688808059692383,5.0067905e-07,0.0,0.21192055940628052,-0.0002291258643920213
18200,-0.0002783466479741037,1.2249254359630868e-05,-3.6888054430484774,3.913045e-07,0.0,0.19658303260803223,-0.0001769277876849218
18400,-0.00045301023055799305,1.1965792566570599e-05,-3.688802707195282,3.8087364e-07,0.0,0.07430839538574219,-0.00018272416335229913
18600,-0.0006467210478149354,1.1522394584062567e-05,-3.6888022661209106,6.2376256e-07,0.0,0.14470618963241577,-0.0002886914179279998
18800,-0.0004170635365881026,1.287621023493557e-05,-3.6888010025024416,3.144145e-07,0.0,0.13459151983261108,-0.00016459153701202655
19000,-0.0002908374008256942,1.2356466936580545e-05,-3.688798952102661,3.7401915e-07,0.0,-0.02802741527557373,-0.000191858381115928
19200,-0.0006091671530157328,1.3616735213872743e-05,-3.688796561956406,5.2571295e-07,0.0,0.025357842445373535,-0.00023233164840545938
19400,-0.0002853859041351825,1.3416028627943888e-05,-3.6887960553169252,3.430247e-07,0.0,0.08810508251190186,-0.00014658639559570475
19600,-0.0005664762575179338,2.6487730860935698e-05,-3.6887935757637025,3.3706425e-07,0.0,-0.12806487083435059,-0.00016398979810059445
19800,-0.0005233193514868617,2.524923720557126e-05,-3.688793236017227,4.5329332e-07,0.0,0.0811547040939331,-0.00020714654096378737
20000,-0.00025316327810287476,2.5940584191630477e-05,-3.6887878239154817,3.0964614e-07,0.0,0.06099295616149902,-0.00014370106220451263
20200,-0.00033027122844941914,1.668399140726251e-05,-3.6887908816337585,5.52237e-07,0.0,0.08270376920700073,-0.00023792949468202096
20400,-0.0004213435749989003,2.024974801315693e-05,-3.6887935757637025,3.6835672e-07,0.0,0.1419016718864441,-0.00017787386405871964
20600,-0.0002152973465854302,4.7917276424414014e-05,-3.6887875139713286,4.2796134e-07,0.0,0.09611976146697998,-0.00019808533902390124
20800,-0.00046241708332672715,2.6013246679212897e-05,-3.688781851530075,4.0590763e-07,0.0,0.006869256496429443,-0.00015899430148658134
21000,-0.0005925619625486434,2.3927021629788214e-05,-3.688786143064499,4.7355888e-07,0.0,0.11753368377685547,-0.00020619243220836302
21200,-0.00043327227467671037,1.67736169487398e-05,-3.688783997297287,3.7729743e-07,0.0,0.12368762493133545,-0.0001825129974568185
21400,-0.00032122404081746936,2.2363173707162785e-05,-3.6887782156467437,4.1663645e-07,0.0,0.0030940771102905273,-0.000173827780895075
21600,-0.000673204951453954,1.4784478935325751e-05,-3.6887801349163056,4.854798e-07,0.0,0.05704087018966675,-0.00022115270906352124
21800,-0.0005553247756324708,1.3443862394524331e-05,-3.688780277967453,3.97861e-07,0.0,-0.1450403928756714,-0.00018130638765716521
22000,-0.0003454972174949944,1.8606058074510656e-05,-3.688781213760376,4.568696e-07,0.0,-0.0338284969329834,-0.00020992252176779135
22200,-0.0006351665360853076,1.9619492877609446e-05,-3.6887803852558134,4.7147273e-07,0.0,0.1802927851676941,-0.00021699416537548366
22400,-0.0004883598885498941,2.2544779858435505e-05,-3.68878316283226,4.9978496e-07,0.0,0.06713461875915527,-0.00022311900474634161
22600,-0.00039169471710920334,2.060897074898094e-05,-3.6887807965278627,3.7252903e-07,0.0,0.09376126527786255,-0.00017092789803676566
22800,-0.0004372297553345561,1.7852697465059463e-05,-3.688775885105133,4.3451786e-07,0.0,0.13146263360977173,-0.00017675158413658077
23000,-0.00033473788062110543,2.3549841625936096e-05,-3.6887819170951843,4.4077632e-07,0.0,0.07468986511230469,-0.0001971257925199532
23200,-0.00043772152275778353,1.1318575832319767e-05,-3.6887818455696104,6.133318e-07,0.0,0.06392103433609009,-0.0002706055419757547
23400,-0.0004669527115765959,3.3737099465724894e-05,-3.688783419132233,4.756451e-07,0.0,0.051219046115875244,-0.00016757887914304882
23600,-0.0003926518256776035,2.7987522935291052e-05,-3.6887775540351866,3.963709e-07,0.0,0.10558146238327026,-0.00018969773817184565
23800,-0.0003356521774549037,2.9191203793743625e-05,-3.6887785315513613,3.4779308e-07,0.0,0.018325090408325195,-0.00017311589576842756
24000,-0.00045002056867815554,1.8525038262851014e-05,-3.68877711892128,3.8683416e-07,0.0,0.01713484525680542,-0.00020862308093524406
24200,-0.000547679141163826,1.1663863188005052e-05,-3.6887764155864717,4.7326085e-07,0.0,0.083621084690094,-0.00021553516912706794
24400,-0.0005538069526664913,1.852680964020692e-05,-3.688772749900818,4.2289497e-07,0.0,-2.5153160095214844e-05,-0.0002031690781882367
24600,-0.00042195714195258915,2.3364034950645875e-05,-3.6887737035751345,3.8564207e-07,0.0,0.08448714017868042,-0.00018198644357836358
24800,-0.0006518568843603134,2.177989697429439e-05,-3.6887719810009,6.1810016e-07,0.0,0.17077034711837769,-0.00026118832721131466
25000,-0.0003643179079517722,1.6723805856599938e-05,-3.688774573802948,5.319715e-07,0.0,0.1380988359451294,-0.00022019787086309251
25200,-0.0003038648283109069,1.3907834613746672e-05,-3.688776123523712,5.6296585e-07,0.0,0.04733973741531372,-0.0002389212455973677
25400,-0.0005227088113315403,3.6898947655572556e-05,-3.688773065805435,6.3836575e-07,0.0,0.025657355785369873,-0.00025103284351555286
25600,-0.0005255416035652161,2.4134983050316805e-05,-3.688770389556885,5.4627657e-07,0.0,0.0021828413009643555,-0.0002471345826622784
25800,-0.0005340410280041397,1.2300799369313609e-05,-3.688771116733551,7.900595e-07,0.0,0.05572175979614258,-0.00029200959017020576
26000,-0.00025638254010118544,1.6531462733837543e-05,-3.6887655735015867,3.9875508e-07,0.0,-0.0030808448791503906,-0.00016098515750422314
26200,-0.0006614036974497139,1.7273723824473563e-05,-3.6887681543827058,6.0737136e-07,0.0,0.09676986932754517,-0.00025505320622869475
26400,-0.0006520029273815453,3.2909636274780496e-05,-3.6887691736221315,5.286932e-07,0.0,0.13894683122634888,-0.0002104595522490871
26600,-0.00042888158350251615,2.7565785057959146e-05,-3.688767969608307,4.5865775e-07,0.0,0.01599287986755371,-0.0002101385599861505
26800,-0.0005136251566000283,2.3716310624877224e-05,-3.6887665390968323,3.480911e-07,0.0,0.17201942205429077,-0.0001805327812223867
27000,-0.0003399057313799858,1.5685170933465997e-05,-3.6887645423412323,3.72231e-07,0.0,-0.026142001152038574,-0.0001989516470383812
27200,-0.0002616115380078554,5.018905139877461e-05,-3.6887649476528166,4.2200088e-07,0.0,0.10162901878356934,-0.0001898171011662342
27400,-0.0004805472563020885,2.5921762880898313e-05,-3.688760221004486,5.361438e-07,0.0,0.14905589818954468,-0.00021778659402160727
27600,-0.0007886046660132706,3.0307187989819796e-05,-3.688761383295059,6.651878e-07,0.0,0.05479776859283447,-0.000250039443029193
27800,-0.0004164785786997527,1.3953783377473882e-05,-3.688762527704239,2.884865e-07,0.0,0.03625452518463135,-0.0001451107642128413
28000,-0.00043294442002661526,2.541986991673184e-05,-3.6887625992298125,5.066395e-07,0.0,0.09012496471405029,-0.00021208210250225345
28200,-0.0006717764190398157,1.2544028356842318e-05,-3.6887591421604156,4.8428774e-07,0.0,-0.06169617176055908,-0.00022094763875974978
28400,-0.0005157225532457232,1.649999792334711e-05,-3.6887549579143526,4.884601e-07,0.0,0.17098850011825562,-0.00021336904749555963
28600,-0.0006095196586102247,1.4788073076488218e-05,-3.6887523889541627,5.6922437e-07,0.0,-0.01124870777130127,-0.0002529914376093956
28800,-0.0007993971812538803,1.8654800078365953e-05,-3.6887491106987,5.1647424e-07,0.0,0.06396973133087158,-0.0002245103418463179
29000,-0.0006184621015563607,2.2748459969079704e-05,-3.6887437880039213,4.36306e-07,0.0,0.09600257873535156,-0.00020048880572267613
29200,-0.000432369124609977,1.9002710769200348e-05,-3.6887431144714355,4.2527913e-07,0.0,0.1296808123588562,-0.00022950873478535527
29400,-0.0006241907831281424,9.897873951558722e-06,-3.688741219043732,4.2527915e-07,0.0,0.14656966924667358,-0.00020447736208609735
29600,-0.0005539037520065904,4.188470534245425e-05,-3.6887399017810822,4.556775e-07,0.0,0.0828324556350708,-0.0002291864000317112
29800,-0.00046907051000744104,2.8872472921648295e-05,-3.6887380838394166,3.063679e-07,0.0,-0.007589459419250488,-0.0001619070841841097
30000,-0.00027656310703605413,1.7041386968230654e-05,-3.688735395669937,4.3541195e-07,0.0,-0.1316828727722168,-0.00021572229286619392
30200,-0.0004927727277390659,3.4921915676022765e-05,-3.688738024234772,5.480647e-07,0.0,0.07819145917892456,-0.00023941841395842546
30400,-0.00034405046608299017,2.7371040960133542e-05,-3.688738316297531,4.8190356e-07,0.0,0.0003789067268371582,-0.00019856533046109793
30600,-0.000472862011520192,1.7910843212121108e-05,-3.6887383639812468,4.5448542e-07,0.0,0.05386167764663696,-0.00022006294284596662
30800,-0.0007796762511134148,2.4075588589766995e-05,-3.688737213611603,6.735325e-07,0.0,0.048330068588256836,-0.00029112175727776803
31000,-0.0006537141161970794,1.8518442630011123e-05,-3.6887369751930237,4.9859284e-07,0.0,0.07960504293441772,-0.00023362439875667106
31200,-0.0004607763548847288,3.401574051622447e-05,-3.6887385845184326,4.246831e-07,0.0,0.07854616641998291,-0.0002001940042379191
31400,-0.0005060198600403965,1.253494474440231e-05,-3.688742917776108,5.552173e-07,0.0,0.15620779991149902,-0.00022906804124045443
31600,-0.0002932254283223301,1.536696158837003e-05,-3.688747602701187,3.4570692e-07,0.0,0.22922158241271973,-0.00017917571136808475
31800,-0.0004025954694952816,2.4404636133112944e-05,-3.6887481033802034,6.29127e-07,0.0,-0.12891554832458496,-0.00023286120448391402
32000,-0.0004466658865567297,2.7656403744913405e-05,-3.688749796152115,5.39124e-07,0.0,0.09504115581512451,-0.00026279270692839416
32200,-0.0005613691755570471,3.648699644145381e-05,-3.6887500047683717,4.3362382e-07,0.0,0.09707289934158325,-0.0002007354651339055
32400,-0.00033219982287846506,2.654505231021176e-05,-3.6887488305568694,4.273653e-07,0.0,0.09582942724227905,-0.00016966798867623645
32600,-0.0005801051156595349,2.218182698925375e-05,-3.6887485861778258,4.580617e-07,0.0,-0.051375389099121094,-0.0002024667149128745
32800,-0.0006382011924870312,2.66544876012631e-05,-3.6887428760528564,5.2660704e-07,0.0,0.16009116172790527,-0.00023653168912165511
33000,-0.00046679278602823615,2.7267108498563176e-05,-3.688737452030182,4.2170288e-07,0.0,-0.06716084480285645,-0.00020883381409679823
33200,-0.0005879639065824449,1.9458894576018794e-05,-3.6887368083000185,6.023049e-07,0.0,0.03140747547149658,-0.0002558237160264987
33400,-0.0005026371218264103,2.4205746058214572e-05,-3.68873787522316,5.683303e-07,0.0,0.05904775857925415,-0.0002211712131800603
33600,-0.00018402771092951298,1.1971234221164195e-05,-3.6887434244155886,3.1590463e-07,0.0,0.060869812965393066,-0.00013396483213399258
33800,-0.0006419472047127783,1.795541024876002e-05,-3.68874272108078,4.8518183e-07,0.0,-0.11788463592529297,-0.00023130719467507889
34000,-0.0004995110211893916,3.871167205033998e-05,-3.688741809129715,4.1157008e-07,0.0,0.03787267208099365,-0.00019842551655566699
34200,-0.00038254278479143977,1.0685190090953256e-05,-3.688743507862091,4.1902064e-07,0.0,0.110676109790802,-0.0002155376742680293
34400,-0.0005664807977154851,2.1834008771293155e-05,-3.6887436330318453,6.055832e-07,0.0,0.1637745499610901,-0.000266342586236501
34600,-0.0004461447533685714,2.4944781148406037e-05,-3.688738834857941,5.2839516e-07,0.0,0.08293050527572632,-0.00022327256203755753
34800,-0.0004923202795907855,1.7673161664788495e-05,-3.6887380957603453,4.521012e-07,0.0,0.17300981283187866,-0.00020982038183803287
35000,-0.0004979480290785432,2.0751951069541974e-05,-3.688740313053131,4.1335824e-07,0.0,0.07269752025604248,-0.00016987773729466583
35200,-0.0004930007271468639,2.6743246826299584e-05,-3.688735622167587,5.12898e-07,0.0,0.0577884316444397,-0.00021709601543602465
35400,-0.0004928603884764016,2.6199629337497755e-05,-3.688736993074417,5.152821e-07,0.0,0.13687539100646973,-0.00021022136563475513
35600,-0.0003362175775691867,1.7125918793681195e-05,-3.6887356519699095,4.2647127e-07,0.0,-0.16200780868530273,-0.00020400644990195004
35800,-0.000589862815104425,1.1645676886473666e-05,-3.6887354075908663,4.211068e-07,0.0,0.17044514417648315,-0.00021819232444300062
36000,-0.00041996713844127953,1.9045025169361907e-05,-3.688732784986496,5.7309865e-07,0.0,0.051513493061065674,-0.0002094097806066175
36200,-0.0006231557345017791,2.2499320039059967e-05,-3.6887345731258394,3.97861e-07,0.0,0.09326052665710449,-0.000179962186829008
36400,-0.0008608466014266014,3.051179646718083e-05,-3.6887350261211393,5.805492e-07,0.0,0.006604909896850586,-0.0002635281749983065
36600,-0.00041257173870690167,1.0689351506698586e-05,-3.6887351870536804,3.2275915e-07,0.0,0.191480815410614,-0.00014589427323059568
36800,-0.00029604826704598963,1.3866311110177777e-05,-3.6887345552444457,3.516674e-07,0.0,0.08216619491577148,-0.00017873115251552664
37000,-0.0005268934182822704,1.1709750538102526e-05,-3.688733583688736,4.6640636e-07,0.0,0.058115482330322266,-0.00019240078348752298
37200,-0.0004770083469338715,1.0214081987669487e-05,-3.688733786344528,4.297495e-07,0.0,0.05005902051925659,-0.0002231187006654034
37400,-0.0006233557942323387,1.6824775593704543e-05,-3.688734567165375,4.872679e-07,0.0,0.05984240770339966,-0.00024098722565759622
37600,-0.0005775377503596246,2.6912237308351906e-05,-3.6887372612953184,4.5508148e-07,0.0,0.09307128190994263,-0.00020504708612634204
37800,-0.000535071361809969,1.2654050328819721e-05,-3.688735854625702,4.4316053e-07,0.0,0.02526193857192993,-0.0001941185817021296
38000,-0.00042802811367437243,3.816801940956793e-05,-3.6887329638004305,3.1262636e-07,0.0,0.0919906497001648,-0.00015632367016711336
38200,-0.0004108430293854326,1.8232138313578616e-05,-3.6887343525886536,4.911423e-07,0.0,0.1200055480003357,-0.000242452678814975
38400,-0.0005957144312560558,2.576861149918841e-05,-3.6887335598468782,4.5329332e-07,0.0,0.04682600498199463,-0.00020337130229415302
38600,-0.0004569122684188187,4.57630199889536e-05,-3.688734436035156,3.4064055e-07,0.0,0.02018296718597412,-0.00018253489553918812
38800,-0.0004925467655993998,1.7138585349130153e-05,-3.68873193860054,3.8266182e-07,0.0,0.14761298894882202,-0.0001866970944350843
39000,-0.0003638876951299608,1.532291373678163e-05,-3.688732922077179,4.5210123e-07,0.0,0.1872989535331726,-0.00019776391526478144
39200,-0.000497570144943893,1.3661139291798463e-05,-3.688729006052017,4.351139e-07,0.0,0.028106510639190674,-0.00020363365046756067
39400,-0.0006459979340434074,3.745104618246842e-05,-3.688730251789093,4.7922134e-07,0.0,0.015332818031311035,-0.0002175022056053466
39600,-0.0003816874814219773,1.2467768328860984e-05,-3.688733232021332,3.7521124e-07,0.0,0.09174299240112305,-0.00018477036092487965
39800,-0.00038375871372409165,2.1502096524272928e-05,-3.688734394311905,4.9769875e-07,0.0,0.12160414457321167,-0.0002128256326658029
40000,-0.0003079403250012547,1.743313609949837e-05,-3.688732850551605,3.7789346e-07,0.0,0.06625151634216309,-0.0001768573383316152
40200,-0.0005446407594718039,2.3241469216372933e-05,-3.688739114999771,4.9769875e-07,0.0,0.05601304769515991,-0.0002097546764378011
40400,-0.000556222046725452,3.0165511816448998e-05,-3.688736855983734,5.382299e-07,0.0,0.059325337409973145,-0.0002127332906955992
40600,-0.0004845999355893582,2.5946837240553577e-05,-3.6887390494346617,7.086993e-07,0.0,0.17954742908477783,-0.00029088193046460374
40800,-0.0003938247391488403,2.9894942599639762e-05,-3.6887423157691956,4.5478345e-07,0.0,0.04962742328643799,-0.00020661069490733873
41000,-0.0004667669127229601,4.303006471673143e-05,-3.6887386441230774,4.646182e-07,0.0,0.04715275764465332,-0.00021795258023087348
41200,-0.000552085810340941,1.833433573210641e-05,-3.688741314411163,4.005432e-07,0.0,-0.28009188175201416,-0.00021626852550356014
41400,-0.000756532303057611,2.158212128051673e-05,-3.6887354791164397,4.6998264e-07,0.0,0.03485530614852905,-0.00021045700355694087
41600,-0.0004584987764246762,3.960579610975401e-05,-3.6887376070022584,4.0709975e-07,0.0,-0.08547472953796387,-0.00017452435735947346
41800,-0.00030733871972188354,3.1700901536169114e-05,-3.6887362122535707,4.786253e-07,0.0,0.09023356437683105,-0.000179436714033665
42000,-0.0005328719271346927,1.592452613294881e-05,-3.688737565279007,4.3034555e-07,0.0,0.10873174667358398,-0.0001916542061110249
42200,-0.0003471491509117186,1.661823940821705e-05,-3.6887354612350465,3.1471254e-07,0.0,0.022714972496032715,-0.00014501553154220304
42400,-0.00034542588400654495,1.7386497688676172e-05,-3.688736301660538,3.2901764e-07,0.0,0.09945249557495117,-0.00015657334072307627
42600,-0.0003498773439787328,2.3973716224645614e-05,-3.6887350261211393,6.002188e-07,0.0,0.10146510601043701,-0.0002594174893954415
42800,-0.0005313589354045689,1.4728901942362426e-05,-3.688731074333191,5.2154064e-07,0.0,0.15476351976394653,-0.00018140411509353082
43000,-0.0005694406572729349,2.6934568722936092e-05,-3.6887229442596436,4.890561e-07,0.0,0.12287372350692749,-0.0002020904881812946
43200,-0.0005436923820525408,2.53642130701337e-05,-3.6887212991714478,4.386902e-07,0.0,0.038673579692840576,-0.00019156484270024254
43400,-0.0004964203108102083,2.840928332261683e-05,-3.6887186586856844,4.929304e-07,0.0,0.013457000255584717,-0.00019022502147185704
43600,-0.0002869776217266917,1.8888106137637805e-05,-3.688716930150986,4.6759845e-07,0.0,0.12334221601486206,-0.00020957914932330236
43800,-0.0005837249918840826,1.6352313423340092e-05,-3.6887164950370788,5.51641e-07,0.0,0.04323530197143555,-0.00022996016968717113
44000,-0.0004309395735617727,2.3210291601571953e-05,-3.688721072673798,4.902482e-07,0.0,0.08068108558654785,-0.00022595278546486686
44200,-0.0006159509066492319,1.5418643579323542e-05,-3.6887217223644257,4.7326085e-07,0.0,-0.09929227828979492,-0.00022599315699242117
44400,-0.0003967564844060689,2.1261884558043676e-05,-3.6887245178222656,4.8875813e-07,0.0,0.08663070201873779,-0.0002203310159593741
44600,-0.00021606715745292604,2.5637141152401455e-05,-3.6887251675128936,5.2422286e-07,0.0,-0.032831788063049316,-0.0002361913856423037
44800,-0.0007404681527987123,1.539492752726801e-05,-3.688718670606613,6.398559e-07,0.0,0.04892998933792114,-0.0002525768291015973
45000,-0.0006006995099596679,1.0721865055529634e-05,-3.688721179962158,6.4998864e-07,0.0,0.12939929962158203,-0.0002630194934939656
45200,-0.0003443396417424083,1.8454461815053948e-05,-3.688718432188034,5.024672e-07,0.0,0.15591472387313843,-0.0002139570423258075
45400,-0.0005252436967566609,3.774415699808742e-05,-3.688720589876175,6.225705e-07,0.0,0.12149190902709961,-0.00027794993742462636
45600,-0.0005146620678715408,1.3495220082404558e-05,-3.688720053434372,4.3541195e-07,0.0,-0.07005453109741211,-0.00021197700452864067
45800,-0.0004841499903704971,2.2690206833431148e-05,-3.6887131452560427,5.1558015e-07,0.0,0.10618549585342407,-0.00020615225148326032
46000,-0.0005718717002309859,9.678221044850942e-06,-3.6887111127376557,4.4643878e-07,0.0,0.17388153076171875,-0.00020628765531895965
46200,-0.00033955287653952837,3.594607123886817e-05,-3.6887081265449524,4.2796137e-07,0.0,0.08705174922943115,-0.00016754661663895832
46400,-0.0003089360543526709,2.3273667557077717e-05,-3.6887132823467255,4.6044585e-07,0.0,0.06418544054031372,-0.00020374846446928884
46600,-0.00051929394248873,2.7357888120604913e-05,-3.6887130081653594,4.4584274e-07,0.0,-0.18327605724334717,-0.00020407812262042136
46800,-0.0006009226199239492,1.4939984521333826e-05,-3.6887137293815613,5.751848e-07,0.0,-0.04645586013793945,-0.00023091117297473484
47000,-0.0005710755940526724,1.3784990892418137e-05,-3.6887123942375184,5.710125e-07,0.0,0.22541719675064087,-0.00023993158392272563
47200,-0.0005679418100044131,1.4662763805972646e-05,-3.688713848590851,4.717708e-07,0.0,0.11175328493118286,-0.00025390488001585386
47400,-0.0004599807725753635,1.4368264282893506e-05,-3.688716733455658,3.4064055e-07,0.0,0.08511698246002197,-0.00019150799718681277
47600,-0.0005704671493731439,4.168736832070863e-05,-3.6887191832065582,4.0292738e-07,0.0,0.020762741565704346,-0.00019640833273524284
47800,-0.00039107020711526275,1.5062067427606962e-05,-3.6887201249599455,4.0620566e-07,0.0,-0.037355780601501465,-0.00017105685880549614
48000,-0.0005173879908397794,3.8597583761657005e-05,-3.6887212574481962,5.853176e-07,0.0,0.016472935676574707,-0.0002468083950238231
48200,-0.00048636540304869413,1.9324979825796616e-05,-3.6887164175510407,5.9723857e-07,0.0,0.0735323429107666,-0.00026536615860777156
48400,-0.00042427616426721215,2.3190542106021893e-05,-3.6887168765068052,3.0726196e-07,0.0,0.04562497138977051,-0.00014750808441021945
48600,-0.0002362879313295707,7.812850424215866e-06,-3.6887149810791016,4.0858984e-07,0.0,0.03837001323699951,-0.0001853971925956932
48800,-0.00046142141218297184,3.1766783649800345e-05,-3.6887168288230896,4.872679e-07,0.0,0.06540709733963013,-0.00023225072204673402
49000,-0.00045401963870972395,2.786881550491671e-05,-3.6887180864810944,3.772974e-07,0.0,0.11509555578231812,-0.0001750091307472168
49200,-0.0005195059929974377,1.817266177113197e-05,-3.6887124955654143,4.854798e-07,0.0,0.1052061915397644,-0.00021604211659530524
49400,-0.0004834898572880775,3.842192868432903e-05,-3.688710409402847,4.091859e-07,0.0,0.02092534303665161,-0.00019659748655742604
49600,-0.0006663970998488367,2.2700822728438653e-05,-3.6887116014957426,5.871058e-07,0.0,-0.029036521911621094,-0.0002556523891420248
49800,-0.0005238083540461957,1.1228744494928832e-05,-3.6887129485607146,5.7399274e-07,0.0,0.041927218437194824,-0.00024385804020972125
50000,-0.000574934936594218,8.222035535254691e-06,-3.688712275028229,3.9726496e-07,0.0,0.16651129722595215,-0.0001882208052280676
50200,-0.00042220434988848865,1.9201849295313877e-05,-3.688709157705307,5.3435565e-07,0.0,0.16178655624389648,-0.00023535245574493046
50400,-0.0005922206910327077,2.1507394808395475e-05,-3.688704341650009,6.6131355e-07,0.0,0.15530145168304443,-0.0002525665723617454
50600,-0.0004253551596775651,3.243245705562003e-05,-3.6887031316757204,2.7090312e-07,0.0,0.11822408437728882,-0.00013406462928786667
50800,-0.0004214224172756076,1.6754323041823227e-05,-3.6887026607990263,3.5852196e-07,0.0,-0.2479095458984375,-0.0001695557679461057
51000,-0.00046561058843508363,1.1255626088768621e-05,-3.6887001574039457,5.8412553e-07,0.0,0.007362008094787598,-0.00022555249721813996
51200,-0.0002552973455749452,2.29537962241011e-05,-3.688693767786026,3.6627057e-07,0.0,0.08267003297805786,-0.0001732700996707859
51400,-0.0006037269486114383,2.2307510857899614e-05,-3.688692736625671,4.300475e-07,0.0,0.09158045053482056,-0.00021252764428072445
51600,-0.0005248063243925571,1.7803015543904623e-05,-3.6886912167072294,4.7862534e-07,0.0,0.10035282373428345,-0.00022181163736809673
51800,-0.00033619452733546495,1.6972344405985494e-05,-3.688691759109497,4.0858984e-07,0.0,0.043409883975982666,-0.00019226519045529856
52000,-0.0003104476199951023,1.904901303078077e-05,-3.6886936008930205,4.0709972e-07,0.0,0.09809911251068115,-0.00017088593618925786
52200,-0.0005948775797151029,1.380431340294308e-05,-3.6886913239955903,4.6551224e-07,0.0,0.1270967721939087,-0.0002216870674475846
52400,-0.0004975951742380857,1.2873540913460602e-05,-3.6886846840381624,3.4213065e-07,0.0,0.195964515209198,-0.00016578871463905908
52600,-0.0005530850612558424,7.2144347086577906e-06,-3.68868602514267,4.6402218e-07,0.0,-0.040805935859680176,-0.0002316227267554094
52800,-0.0004879367188550532,8.599852787938288e-06,-3.6886885344982145,3.5613775e-07,0.0,0.07816731929779053,-0.00018741706202778373
53000,-0.00014062199625186622,1.724921114600875e-05,-3.688690173625946,3.6627054e-07,0.0,0.023961246013641357,-0.00016198097032691373
53200,-0.00038087385473772883,3.431959639783599e-05,-3.6886904537677765,2.9206277e-07,0.0,0.09858757257461548,-0.0001401750461536011
53400,-0.000874898920301348,2.291653654538095e-05,-3.688692659139633,5.3435565e-07,0.0,0.06409251689910889,-0.00023935398446632837
53600,-0.0007159722154028714,3.0747118671570206e-05,-3.68869064450264,3.823638e-07,0.0,0.07004088163375854,-0.00020568379056215002
53800,-0.0005003156256861985,1.8194374183622132e-05,-3.6886930108070373,4.7415494e-07,0.0,0.06367892026901245,-0.00021535968010062413
54000,-0.0002970444329548627,2.0135170279900196e-05,-3.6886948704719544,4.4912102e-07,0.0,0.016953766345977783,-0.00020416526524011936
54200,-0.0004215036169625819,1.7043093794200104e-05,-3.688695728778839,5.0336126e-07,0.0,-0.014392852783203125,-0.0002223384815574825
54400,-0.0003559197939466685,1.7211582417075988e-05,-3.6886948883533477,3.0606986e-07,0.0,0.12994050979614258,-0.00014026078522761943
54600,-0.0004476309404708445,1.5043029134176322e-05,-3.6886914372444153,4.187226e-07,0.0,0.1777881383895874,-0.00020233227355538342
54800,-0.0006023283931426704,1.673229111247565e-05,-3.6886889576911925,4.1395427e-07,0.0,0.1835031509399414,-0.00020873811748611804
55000,-0.0003329759347252548,2.1525505144381895e-05,-3.6886903584003448,3.8087367e-07,0.0,0.1761707067489624,-0.00017896118562190643
55200,-0.0005807012785226107,1.2784256705344888e-05,-3.6886837422847747,6.1720607e-07,0.0,-0.07373535633087158,-0.00026557920259489
55400,-0.0003002682060468942,1.598778474090068e-05,-3.6886817634105684,3.4034252e-07,0.0,-0.061121344566345215,-0.00016557845499871605
55600,-0.0003726028953678906,1.6327979096786294e-05,-3.6886863052845,3.1113626e-07,0.0,0.007216215133666992,-0.00016531166459143876
55800,-0.000571501674130559,1.7622207701606384e-05,-3.6886880695819855,5.2094464e-07,0.0,0.10456180572509766,-0.00024025083211052234
56000,-0.0005355917382985353,2.1939556950201224e-05,-3.6886890828609467,3.7938358e-07,0.0,0.20481044054031372,-0.00016337839410427435
56200,-0.0007246465538628399,3.346951161802281e-05,-3.6886873126029966,5.76973e-07,0.0,0.1278601884841919,-0.00029349480023745935
56400,-0.0006610036361962557,1.1402657628423185e-05,-3.6886907637119295,6.118417e-07,0.0,0.13987547159194946,-0.00024778100957920655
56600,-0.000645938329398632,2.0552731780298927e-05,-3.688690996170044,5.805492e-07,0.0,0.13128209114074707,-0.00025194609225511757
56800,-0.000467936071800068,2.0397140360728372e-05,-3.688685196638107,4.1157006e-07,0.0,0.05636322498321533,-0.0002014421272547029
57000,-0.0005914911744184792,1.6667949989823682e-05,-3.6886816799640654,5.668402e-07,0.0,0.10113310813903809,-0.0002531582269116317
57200,-0.0004054321616422385,1.5150351032389153e-05,-3.6886826038360594,4.374981e-07,0.0,0.09194988012313843,-0.00019178387602911685
57400,-0.00043490820098668337,2.9691257350350497e-05,-3.6886790573596953,5.331636e-07,0.0,0.08276015520095825,-0.00020685277303869042
57600,-0.0004608481249306351,1.6712026013010473e-05,-3.688677632808685,5.1230194e-07,0.0,0.21490204334259033,-0.0002229684106168861
57800,-0.00037100110785104334,2.855889397324063e-05,-3.6886708617210386,3.8981437e-07,0.0,0.02597975730895996,-0.00015257633463381659
58000,-0.00032760697649791837,3.933241700906365e-05,-3.6886672616004943,3.9219856e-07,0.0,0.049405813217163086,-0.00019954070454355488
58200,-0.0006357203237712383,1.596757210791111e-05,-3.688665735721588,3.8802625e-07,0.0,-0.00681304931640625,-0.00021053914013720033
58400,-0.0004867703537456691,1.3678165453256952e-05,-3.688663601875305,4.0590763e-07,0.0,0.10218501091003418,-0.00018652767000513216
58600,-0.000699334021192044,2.0626473042284487e-05,-3.6886663138866425,7.0780516e-07,0.0,0.0009112358093261719,-0.0002492272841383869
58800,-0.0002922195999417454,1.6475759571221717e-05,-3.6886692881584167,3.5345553e-07,0.0,-0.07443702220916748,-0.00015924867861021318
59000,-0.0002812083112075925,1.5788901168889425e-05,-3.6886666059494018,3.7640334e-07,0.0,-0.10849189758300781,-0.00017695722774664359
59200,-0.0008380452054552734,1.7388634591952724e-05,-3.688664448261261,7.587671e-07,0.0,0.12274378538131714,-0.0002787354649713025
59400,-0.000440715259173885,2.0653124852287875e-05,-3.6886638164520265,5.8501956e-07,0.0,0.08453196287155151,-0.0002536938575331105
59600,-0.0005737415049225092,2.433132453916187e-05,-3.688659942150116,5.89788e-07,0.0,0.062017619609832764,-0.00023635433561151054
59800,-0.00047995345084927976,1.5154060065469821e-05,-3.68865607380867,5.424023e-07,0.0,0.11889517307281494,-0.000207643837857141
60000,-0.0005136115360073745,2.7148828803547075e-05,-3.6886557042598724,4.0233135e-07,0.0,0.037828028202056885,-0.00017626480723675897
60200,-0.0003706102434080094,1.1572384210012387e-05,-3.688657361268997,3.916025e-07,0.0,-0.022422432899475098,-0.00018870562449198048
60400,-0.0004647471068892628,9.862074398370168e-06,-3.688658970594406,6.2227247e-07,0.0,0.1821388602256775,-0.0002471764974379731
60600,-0.0005718247848562896,1.545120796890842e-05,-3.688654953241348,4.3570995e-07,0.0,0.10166031122207642,-0.00021993255671910462
60800,-0.0004943329258821905,1.92220632925455e-05,-3.6886500775814057,3.5822393e-07,0.0,-0.030977249145507812,-0.00016703017916723794
61000,-0.0004727073246613145,3.7987275482009865e-05,-3.688647735118866,4.798174e-07,0.0,0.13886690139770508,-0.00020989444810219914
61200,-0.000556526705622673,3.274400914961006e-05,-3.688643014431,5.346536e-07,0.0,0.016624629497528076,-0.00023187905867962932
61400,-0.00032468076096847653,2.088202015784191e-05,-3.6886458098888397,4.848838e-07,0.0,0.055303990840911865,-0.00019889165864663826
61600,-0.0003521587641444057,1.3301742524163273e-05,-3.6886409640312197,4.5776363e-07,0.0,0.0673864483833313,-0.00018187233138640125
61800,-0.000607510912232101,1.366541082461481e-05,-3.6886403381824495,4.056096e-07,0.0,0.13854914903640747,-0.00022717958806584004
62000,-0.000709056097548455,2.033895812019182e-05,-3.688635450601578,6.4611436e-07,0.0,0.06667149066925049,-0.00022558346823564612
62200,-0.0005099823465570807,1.4836401396678411e-05,-3.6886260747909545,4.932284e-07,0.0,0.07861876487731934,-0.00018364252866558405
62400,-0.0006297173094935715,4.468984052437008e-05,-3.6886214673519135,5.9455635e-07,0.0,0.01775658130645752,-0.00027729511094252144
62600,-0.00041567074367776513,2.6515362287682363e-05,-3.688621002435684,9.334087e-07,0.0,-0.090118408203125,-0.00030108421312013967
62800,-0.0007309644133783877,3.7421860224640116e-05,-3.6886195123195646,7.1614977e-07,0.0,0.09724289178848267,-0.0003034178786613051
63000,-0.000513431616127491,1.3394754148521315e-05,-3.688619464635849,6.1213973e-07,0.0,0.16863340139389038,-0.00023736751194928797
63200,-0.00048249660176225007,1.4676374598820985e-05,-3.688620609045029,2.1606684e-07,0.0,0.07032829523086548,-0.00010237550691249986
63400,-0.0006028008065186441,2.389663040958112e-05,-3.6886178493499755,6.353855e-07,0.0,-0.013857007026672363,-0.0002555898129271594
63600,-0.0005469747702591121,2.179432892717159e-05,-3.6886206328868867,5.319714e-07,0.0,0.08645784854888916,-0.00018473567733570117
63800,-0.0006073603872209787,1.4733045236425824e-05,-3.6886215090751646,5.2690507e-07,0.0,0.18464350700378418,-0.00020041014897280717
64000,-0.00037758881808258593,1.901665661989682e-05,-3.6886165499687196,4.065037e-07,0.0,0.141818106174469,-0.00022436416161577543
64200,-0.00036709601408801973,1.2542804438453458e-05,-3.6886162757873535,4.9710275e-07,0.0,0.12955540418624878,-0.00022014512549139997
64400,-0.000705104845110327,1.7238206510228338e-05,-3.688616693019867,7.2628256e-07,0.0,0.009603142738342285,-0.0002759631198845147
64600,-0.0005750895361416042,1.4877731973683695e-05,-3.688616818189621,4.887581e-07,0.0,0.0707930326461792,-0.0002403751768390805
64800,-0.00019125279504805803,2.9184358618294935e-05,-3.6886101245880125,3.698468e-07,0.0,0.09584599733352661,-0.0001659436076892451
65000,-0.0007531250012107193,1.5211098411782586e-05,-3.6886097729206084,5.6147576e-07,0.0,0.14337944984436035,-0.00026504239456586197
65200,-0.0003218147321604192,2.9519032750613405e-05,-3.688614511489868,4.6610836e-07,0.0,0.12147897481918335,-0.00021849070948030125
65400,-0.00040819900459609926,4.3416917105787436e-05,-3.6886052072048185,4.3958426e-07,0.0,0.08382046222686768,-0.00019674518662622377
65600,-0.0006907263887114823,2.1719334768022236e-05,-3.688606411218643,4.6223403e-07,0.0,0.06726837158203125,-0.00021100755879670529
65800,-0.0007417596061713994,3.753301125470898e-05,-3.6886018812656403,6.2614674e-07,0.0,0.09059017896652222,-0.00023622761403929715
66000,-0.0005215646815486252,2.765125768746657e-05,-3.688600260019302,4.324317e-07,0.0,0.23286902904510498,-0.00020088626727865488
66200,-0.0002456815564073622,2.6603216929288466e-05,-3.688604950904846,2.9623507e-07,0.0,0.22508466243743896,-0.0001398807014240888
66400,-0.0005511294584721327,3.1191599464364114e-05,-3.6886059999465943,4.6879055e-07,0.0,-0.010436654090881348,-0.00020176637210023163
66600,-0.0006292024627327919,2.4008449872781058e-05,-3.6886123597621916,5.301833e-07,0.0,-0.03212308883666992,-0.00023996795749683386
66800,-0.00027702117222361267,1.667261853981472e-05,-3.688614958524704,3.963709e-07,0.0,0.08384525775909424,-0.0001751811928476066
67000,-0.00033190191606990993,2.0588580650837684e-05,-3.6886091589927674,3.489852e-07,0.0,0.07019400596618652,-0.00015938149925807666
67200,-0.00037791221984662116,2.191243083871086e-05,-3.6886130928993226,3.2752752e-07,0.0,-0.006608366966247559,-0.00016527657829630283
67400,-0.0004842015041504055,1.4837464277661638e-05,-3.6886115431785584,4.786253e-07,0.0,0.03600949048995972,-0.00020249894102528088
67600,-0.00026641052681952715,1.7789232242648722e-05,-3.6886108756065368,4.0739778e-07,0.0,0.10954868793487549,-0.0001849396532051073
67800,-0.00032469339203089476,5.619555040539126e-05,-3.6886074900627137,3.284216e-07,0.0,0.0010505318641662598,-0.000178990320752348
68000,-0.0003580514166969806,2.133276211679913e-05,-3.68860604763031,3.9815905e-07,0.0,0.09700310230255127,-0.00020969481107453448
68200,-0.0005906071746721864,2.1447674362207182e-05,-3.688606506586075,5.1140785e-07,0.0,0.1707720160484314,-0.0002240302168299957
68400,-0.0005071183550171554,3.014055646417546e-05,-3.688603866100311,5.0395727e-07,0.0,0.07347840070724487,-0.00020997512331155654
68600,-0.0002612910757306963,1.928667184074584e-05,-3.688600039482117,3.9279462e-07,0.0,0.0050103068351745605,-0.00018330442907288358
68800,-0.0006252243183553219,2.7962283547822152e-05,-3.6886067271232603,5.6564807e-07,0.0,0.1404438614845276,-0.0002276440791082912
69000,-0.0006417881813831627,3.808020837823278e-05,-3.688603138923645,5.489588e-07,0.0,-0.020259499549865723,-0.0002367298766832615
69200,-0.00032429530983790755,1.3923316441832866e-05,-3.688593012094498,5.728007e-07,0.0,-0.06327056884765625,-0.00024545500440420476
69400,-0.0007458226173184812,2.3242230940923037e-05,-3.6885938227176664,6.5922734e-07,0.0,0.11703485250473022,-0.0002463497232436218
69600,-0.0006086689536459744,2.3188487784864264e-05,-3.6885897397994993,5.465746e-07,0.0,0.11150234937667847,-0.000238207378468136
69800,-0.000562521570827812,2.1145870937289148e-05,-3.6885765373706816,5.7309865e-07,0.0,0.026153385639190674,-0.00021252434073926185
70000,-0.0005178569117560983,4.342355127846531e-05,-3.688582968711853,5.698204e-07,0.0,-0.004053711891174316,-0.0002417640991267289
70200,-0.0002740303170867264,3.245368293391948e-05,-3.688579225540161,5.5313114e-07,0.0,0.07579010725021362,-0.00020233018055977326
70400,-0.0003893417597282678,1.8262298021909372e-05,-3.688585579395294,4.792214e-07,0.0,0.2060588002204895,-0.0002107302040110115
70600,-0.0005804071552120149,3.19042660521518e-05,-3.6885744750499727,4.7236682e-07,0.0,0.09330499172210693,-0.00019810329577261144
70800,-0.00020780136401299387,8.15400579767811e-06,-3.688564932346344,3.451109e-07,0.0,0.20783478021621704,-0.00016488660788582798
71000,-0.0005180932930670679,1.9685470124386484e-05,-3.688570719957352,4.9203635e-07,0.0,0.11511862277984619,-0.000196819708780821
71200,-0.00043409160571172833,2.9971932008265867e-05,-3.688560050725937,4.795194e-07,0.0,0.05041009187698364,-0.0002098051134321377
71400,-0.0006455991533584893,1.7602683010409236e-05,-3.688559687137604,5.036593e-07,0.0,0.1495690941810608,-0.00023333455544821135
71600,-0.0005662966868840158,1.8178787172473676e-05,-3.688553237915039,5.245209e-07,0.0,-0.014795064926147461,-0.00022634175409768086
71800,-0.0003984861250501126,1.7543569515510172e-05,-3.688561129570007,3.9339068e-07,0.0,0.17556637525558472,-0.00017932506151510096
72000,-0.0008644286426715553,1.2203566586777016e-05,-3.6885475695133207,8.0138443e-07,0.0,0.07460564374923706,-0.00025572426195447084
72200,-0.0006614900776185095,2.0608730960702814e-05,-3.6885517954826357,5.8174135e-07,0.0,0.07931220531463623,-0.00026060381357979054
72400,-0.00027683022199198604,2.5439823866690857e-05,-3.68854141831398,5.0008293e-07,0.0,0.07069361209869385,-0.00022758578012416208
72600,-0.0006291952449828386,1.0167624805035302e-05,-3.6885505855083465,6.580353e-07,0.0,0.08701616525650024,-0.0002676777438239242
72800,-0.0003028279752470553,3.266717953920306e-05,-3.688528436422348,4.1484833e-07,0.0,0.06276792287826538,-0.0002102914245234899
73000,-0.0002821274392772466,2.356278562274383e-05,-3.68852858543396,5.6475403e-07,0.0,0.09568709135055542,-0.00024016796131820506
73200,-0.00040289864409714937,1.5057664131745697e-05,-3.6885409235954283,3.671646e-07,0.0,0.03096693754196167,-0.00016987548792100072
73400,-0.0003120918700005859,3.832405895991542e-05,-3.688545358181,5.549192e-07,0.0,0.018324851989746094,-0.00022632899208014924
73600,-0.0005786768742837012,3.079565804000595e-05,-3.6885471045970917,5.736947e-07,0.0,0.08113127946853638,-0.00021478867692967807
73800,-0.0005390827427618206,3.1222006555253756e-05,-3.6885422229766847,3.7372112e-07,0.0,0.13876628875732422,-0.00015781682818101218
74000,-0.0003628416161518544,2.16302995568185e-05,-3.688529944419861,7.70092e-07,0.0,-0.0063942670822143555,-0.00026274458967041615
74200,-0.0004592559998854995,2.4044451083682362e-05,-3.688521373271942,4.4673683e-07,0.0,0.2595445513725281,-0.00017546920745381556
74400,-0.0007016989984549582,1.9598947460508498e-05,-3.6885333120822907,5.280972e-07,0.0,0.15029394626617432,-0.00023676941535994979
74600,-0.0002817863132804632,1.886986713088845e-05,-3.688535153865814,6.3180926e-07,0.0,0.08835357427597046,-0.00026358491111864166
74800,-0.0006443416350521147,2.0695154807981454e-05,-3.688539558649063,5.593896e-07,0.0,0.09269332885742188,-0.00025302408540324174
75000,-0.0003534273710101843,1.460787098039873e-05,-3.6885445594787596,4.1186811e-07,0.0,0.13124465942382812,-0.00020026641893422514
75200,-0.0005317270988598466,1.3432087644105196e-05,-3.688551050424576,6.327033e-07,0.0,0.14044064283370972,-0.0002488943405949184
75400,-0.0005115541280247271,1.5183678760877228e-05,-3.6885587096214296,5.853176e-07,0.0,-0.0386965274810791,-0.00025116148702952756
75600,-0.000656630378216505,3.097548501500569e-05,-3.6885532259941103,5.176663e-07,0.0,0.11008703708648682,-0.00024686074159259165
75800,-0.0003258052165620029,3.949164033656416e-05,-3.6885407984256746,3.781915e-07,0.0,0.03655099868774414,-0.00015891377455101718
76000,-0.0007240977138280869,4.1682125583974994e-05,-3.6885377168655396,7.334352e-07,0.0,0.019803881645202637,-0.0002884466415844167
76200,-0.0002708424290176481,1.837029790294764e-05,-3.6885411381721496,2.6226044e-07,0.0,0.03630232810974121,-0.000135853289283272
76400,-0.00031840315205045044,9.687405486147327e-06,-3.6885575473308565,4.7206876e-07,0.0,0.08984655141830444,-0.00021098867006548173
76600,-0.0006073607946746051,1.8255856093674084e-05,-3.6885400235652925,6.791949e-07,0.0,0.07983189821243286,-0.00027734109907076034
76800,-0.0006468509091064334,3.550559872564918e-05,-3.688536727428436,6.7561865e-07,0.0,0.03980141878128052,-0.00026378588488786827
77000,-0.0006739548989571631,3.4321880684728966e-05,-3.688541531562805,6.100536e-07,0.0,0.16377568244934082,-0.00022444203487759218
77200,-0.00043387862388044596,4.25212108893902e-05,-3.688544309139252,3.7521124e-07,0.0,0.1274644136428833,-0.00018507733997850107
77400,-0.0006732063484378159,2.4743995345488658e-05,-3.6885231912136076,6.631017e-07,0.0,-0.18874359130859375,-0.0002626829285861554
77600,-0.0003964066272601485,2.5393378064109128e-05,-3.6885285556316374,3.0249356e-07,0.0,0.12666672468185425,-0.00015919420153091002
77800,-0.0004921553772874177,3.054866592719918e-05,-3.688516402244568,6.476045e-07,0.0,0.11703121662139893,-0.00026488238466776946
78000,-0.0005834640469402075,2.3902655607344057e-05,-3.6885341823101045,7.8588727e-07,0.0,0.019975721836090088,-0.00026484609526096216
78200,-0.00043048447696492076,2.2354509519573183e-05,-3.6885314643383027,4.914403e-07,0.0,0.12634921073913574,-0.00022909711319709646
78400,-0.0007079046336002648,2.5090383724091224e-05,-3.6885293543338777,5.117059e-07,0.0,0.10398238897323608,-0.0002020648429470473
78600,-0.00046960049076005816,1.8582777761366744e-05,-3.6885270953178404,8.0525876e-07,0.0,0.08185029029846191,-0.00030522187111865496
78800,-0.0004482123476918787,1.0050729497379506e-05,-3.688526672124863,4.2766334e-07,0.0,0.14965897798538208,-0.0001598053130093202
79000,-0.000352817791281268,1.5598067807331973e-05,-3.688521218299866,4.4703484e-07,0.0,0.03321355581283569,-0.00020180046510336335
79200,-0.0006105859647504985,1.6492061718054174e-05,-3.6885390102863314,5.00083e-07,0.0,0.16132205724716187,-0.0001987787892487658
79400,-0.00023956477525644004,1.718179714771395e-05,-3.6885046482086183,4.9561265e-07,0.0,-0.015544772148132324,-0.0001909728815435052
79600,-0.000606826797593385,1.2235325209530857e-05,-3.688523405790329,5.2839516e-07,0.0,0.06459170579910278,-0.00025022227908486625
79800,-0.0004410371766425669,1.1891016083609429e-05,-3.6885203659534453,4.926324e-07,0.0,0.10363948345184326,-0.00017445656500558737
80000,-0.0004998487420380116,1.1600844186432368e-05,-3.6885226249694822,3.5971402e-07,0.0,0.1636996865272522,-0.0001780387003714079
80200,-0.00040421015000902116,2.444329052195826e-05,-3.688522732257843,5.149841e-07,0.0,0.1927049160003662,-0.00019876052359426576
80400,-0.0006677464116364717,4.421054195518082e-05,-3.688523989915848,4.7564507e-07,0.0,-0.004398226737976074,-0.0002072578523494739
80600,-0.0002921851701103151,8.400999786317697e-06,-3.68853018283844,4.48823e-07,0.0,-1.9243037700653076,-0.00017031057208303225
80800,-0.0006347448215819895,5.081111015670103e-06,-3.6885185718536375,5.90384e-07,0.0,-1.1067171096801758,-0.00023655369001982507
81000,-0.0005457953666336834,3.888547760766415e-06,-3.6885100603103638,4.9084423e-07,0.0,-1.7298035621643066,-0.00020328996940817136
81200,-0.0002747010439634323,2.840379488588951e-06,-3.688520681858063,4.6730045e-07,0.0,-1.3821442127227783,-0.00017506385529131308
81400,-0.0004414730938151479,2.1509293617327785e-06,-3.6885038375854493,5.13494e-07,0.0,-1.2446932792663574,-0.00020360638013094956
81600,-0.00038494315231218934,1.641428184484539e-06,-3.688524121046066,4.7326088e-07,0.0,-1.6720223426818848,-0.0001959766476819169
81800,-0.00043105267104692757,1.2344107449990815e-06,-3.688503158092499,4.2021276e-07,0.0,-1.247880458831787,-0.00018404257216282361
82000,-0.0005596894770860672,9.675258432650935e-07,-3.6885097444057466,4.7653913e-07,0.0,-2.51658034324646,-0.00021359156180764672
82200,-0.00035412234137766063,8.031363499583222e-07,-3.6885098040103914,4.7683716e-07,0.0,-1.4164035320281982,-0.00019881500279321783
82400,-0.0004833364218939096,4.92766339021955e-07,-3.688530373573303,4.5090917e-07,0.0,-17.13475799560547,-0.00016814477737936429
82600,-0.0006890961667522788,3.8521161336291245e-07,-3.688505011796951,6.687641e-07,0.0,-1.4421637058258057,-0.0002901959573739177
82800,-0.0006553648854605854,3.168165417122282e-07,-3.6885056495666504,4.5210123e-07,0.0,-3.0092668533325195,-0.0002197025712562528
83000,-0.0004624850698746741,2.9386980635592865e-07,-3.6885000646114348,4.979968e-07,0.0,-2.5951478481292725,-0.0001859230783484378
83200,-0.0004604506539180875,2.6746850032566274e-07,-3.688507151603699,3.913045e-07,0.0,-3.488953113555908,-0.0001782457230895318
83400,-0.0004238600085955113,1.7577574453753187e-07,-3.6885087728500365,4.6133997e-07,0.0,-4.368976593017578,-0.00019797562001837575
83600,-0.000389779539545998,1.916608576735257e-07,-3.688505989313126,4.4494868e-07,0.0,-3.006012439727783,-0.00020050440085377373
83800,-0.0010380097664892673,1.4389122373614783e-07,-3.6885060369968414,8.559227e-07,0.0,-3.6316566467285156,-0.00032150669826620516
84000,-0.0005244596395641565,1.7888720265091252e-07,-3.688497579097748,4.518032e-07,0.0,-4.678585529327393,-0.00015901480586706375
84200,-0.0005531081696972251,2.0371385609507797e-07,-3.6885014832019807,3.6716463e-07,0.0,-3.415640354156494,-0.00017287078561807335
84400,-0.0006359342951327562,2.722646787134408e-07,-3.6885074198246004,5.364418e-07,0.0,-4.44923210144043,-0.00020274600371452677
84600,-0.000359396799467504,1.6315960706947408e-07,-3.6884956896305083,3.6269427e-07,0.0,-4.634884834289551,-0.00014477284984286686
84800,-0.0005605710903182626,1.1814906937246406e-07,-3.688502472639084,4.866719e-07,0.0,-2.781693935394287,-0.0002182630146571718
85000,-0.0005550709320232272,1.783466096583197e-07,-3.6885058879852295,5.382299e-07,0.0,-2.9457292556762695,-0.0001969931131502456
85200,-0.0002564085298217833,2.2174331810731472e-07,-3.68850057721138,3.8981437e-07,0.0,-5.165914058685303,-0.00018335345896389744
85400,-0.0004755716654472053,2.2162878359210937e-07,-3.6884954512119292,3.6835672e-07,0.0,-2.06007981300354,-0.00018483713335606388
85600,-0.00029395270394161344,1.9489405591599507e-07,-3.688505756855011,4.6879052e-07,0.0,-6.157209873199463,-0.00019886593628166694
85800,-0.000611462804954499,1.6047257904716617e-07,-3.688492035865784,5.722046e-07,0.0,-2.234525442123413,-0.00021793873445066225
86000,-0.0007256378885358572,2.0772228168652873e-07,-3.6885022938251497,5.811453e-07,0.0,-3.8962631225585938,-0.0002486970581184744
86200,-0.0003620381176006049,1.559582624821587e-07,-3.6884904563426972,3.400445e-07,0.0,-7.051668167114258,-0.00016629138518464703
86400,-0.00017516508523840457,1.7460415442371867e-07,-3.688495099544525,4.2110682e-07,0.0,-2.0978777408599854,-0.00019567702782683494
86600,-0.0006302865804173052,1.384559196182522e-07,-3.6884849429130555,4.1633845e-07,0.0,-8.754380226135254,-0.0001929883058573889
86800,-0.0003583547077141702,2.329131106648674e-07,-3.688498783111572,3.9041043e-07,0.0,-4.314199924468994,-0.0001818403165569915
87000,-0.0007163581321947277,1.5318382189377645e-07,-3.688493365049362,6.3896175e-07,0.0,-7.149203300476074,-0.0002559693915970884
87200,-0.0006046252674423158,1.3051078813219873e-07,-3.688492554426193,6.613135e-07,0.0,-2.2348997592926025,-0.00024298788130705518
87400,-0.0004014566948171705,9.06201615080704e-08,-3.6884988069534304,4.2080882e-07,0.0,-4.224069118499756,-0.00017276215545880547
87600,-0.0003706177813000977,1.6378215139667418e-07,-3.688508874177933,4.4465065e-07,0.0,-2.648796796798706,-0.00018048852797902804
87800,-0.0004405984072946012,8.309494772262838e-08,-3.6884889006614685,7.0869925e-07,0.0,-2.7646145820617676,-0.0002831052422283209
88000,-0.0004879935004282743,1.5296670223818866e-07,-3.6885056853294373,3.6656857e-07,0.0,-6.549625873565674,-0.00016414759959317848
88200,-0.000526656920555979,1.8383885453943093e-07,-3.688500738143921,4.87864e-07,0.0,-3.460171699523926,-0.00022865484704175375
88400,-0.0003819162957370281,1.0095194173942445e-07,-3.6885042548179627,4.8100947e-07,0.0,-5.213052749633789,-0.0001789136525003565
88600,-0.0005165531765669584,1.8759877615792674e-07,-3.68849977850914,3.579259e-07,0.0,-5.836285591125488,-0.00019400151932242872
88800,-0.00039538188138976693,1.4363850358023457e-07,-3.6885028779506683,3.5107132e-07,0.0,-8.925579071044922,-0.0001543761938478383
89000,-0.0005325100501067936,1.845036162961833e-07,-3.688501614332199,3.59118e-07,0.0,-6.064761638641357,-0.00017587717955188932
89200,-0.0006394480005837977,1.7348786442994424e-07,-3.688496398925781,6.4492224e-07,0.0,-2.8454666137695312,-0.00023486815513797942
89400,-0.00027497048722580075,1.0182326155572241e-07,-3.68849373459816,4.3034552e-07,0.0,-7.28151798248291,-0.0001899943492980949
89600,-0.000741687894333154,8.589004121262179e-08,-3.6884957611560822,6.595254e-07,0.0,-3.3755369186401367,-0.000254663741448935
89800,-0.00027242195210419595,2.0590152765009863e-07,-3.6885078489780425,3.5583975e-07,0.0,-4.77001953125,-0.00015498332095518209
90000,-0.0006133237620815635,1.5130410098151969e-07,-3.6885063886642455,5.5998566e-07,0.0,-5.561367034912109,-0.00022730400936223915
90200,-0.0005901249242015183,1.4511412587125961e-07,-3.6885121762752533,4.2200088e-07,0.0,-3.812645435333252,-0.00019893513126589824
90400,-0.000254603975918144,1.4532805101552526e-07,-3.688509130477905,3.004074e-07,0.0,-2.2383904457092285,-0.00012499487136397036
90600,-0.0005090605700388551,1.3093233768302072e-07,-3.6885059416294097,5.352497e-07,0.0,-1.9185831546783447,-0.00022793012097858112
90800,-0.0003297196526546031,1.235368197072262e-07,-3.6885064244270325,3.707409e-07,0.0,-6.361949443817139,-0.00017475440984752178
91000,-0.00041307153878733516,1.3046265596727834e-07,-3.688506418466568,5.5104493e-07,0.0,-5.920478343963623,-0.0002439658304051573
91200,-0.0004066088586114347,8.754108300479402e-08,-3.688492852449417,4.4792893e-07,0.0,-7.9231719970703125,-0.00018856412379255615
91400,-0.0008232042891904712,8.295816762426967e-08,-3.688492238521576,4.9442053e-07,0.0,-0.25376009941101074,-0.00023162747949487806
91600,-0.0002582122397143394,2.1799714566839157e-07,-3.6885050237178802,3.451109e-07,0.0,-4.993351459503174,-0.00014425504127189016
91800,-0.0005899759707972407,7.866071216611203e-08,-3.688506692647934,5.608797e-07,0.0,-2.9144792556762695,-0.00024134246967559835
92000,-0.0004033644509036094,9.863113907826459e-08,-3.6884983479976654,5.161762e-07,0.0,-15.185312271118164,-0.00020197048751855463
92200,-0.0005802914965897799,1.6275172303181763e-07,-3.6884936809539797,4.6610836e-07,0.0,-3.2286338806152344,-0.00022182780301180927
92400,-0.0005052250344306231,7.227862797165585e-08,-3.6885059118270873,5.3167344e-07,0.0,-6.8093085289001465,-0.0001979843349839694
92600,-0.0006244147662073374,1.4228495324175582e-07,-3.6885049998760224,4.6163797e-07,0.0,-6.605462551116943,-0.0002249361061244626
92800,-0.0003436642000451684,1.80162418850216e-07,-3.6885059595108034,5.313754e-07,0.0,-7.253876686096191,-0.00020565260988520962
93000,-0.0005083043361082673,1.0244321853036809e-07,-3.6884984016418456,5.9753654e-07,0.0,-5.631038665771484,-0.00023597915353774647
93200,-0.0005621599266305566,6.858681080856855e-08,-3.6884880363941193,6.1035155e-07,0.0,-4.9488348960876465,-0.00021480627463126288
93400,-0.0005472637130878866,1.0309416209608457e-07,-3.688499855995178,5.060434e-07,0.0,-1.8832242488861084,-0.00020453190092437624
93600,-0.00045130890794098377,1.712670394837801e-07,-3.6884980261325837,3.4213065e-07,0.0,-2.7108826637268066,-0.00015719576171460136
93800,-0.0008286630036309361,1.1305951961304572e-07,-3.688501363992691,5.2064655e-07,0.0,-6.921512126922607,-0.00022114922783429415
94000,-0.00040336826350539923,1.268350782623884e-07,-3.688493770360947,4.199147e-07,0.0,-11.511013984680176,-0.00018124143702027417
94200,-0.0006239197682589293,1.5406025575259718e-07,-3.6885019063949587,4.571676e-07,0.0,-3.105069160461426,-0.00021071898821669599
94400,-0.0003910052473656833,2.239509463208833e-07,-3.6884908437728883,4.7683716e-07,0.0,-5.446749210357666,-0.00022208452171570414
94600,-0.0004036807513330132,1.204633004903144e-07,-3.688485950231552,4.205108e-07,0.0,-5.402271747589111,-0.00015480951276849452
94800,-0.0004825562355108559,1.2610664725798416e-07,-3.6884933352470397,4.312396e-07,0.0,-4.564075946807861,-0.00019615405891653114
95000,-0.000496173684950918,1.7156334379819783e-07,-3.688491153717041,4.5865778e-07,0.0,-3.789126396179199,-0.0001978996258513277
95200,-0.00041118747321888804,1.6768232988795261e-07,-3.6884825348854067,3.8355589e-07,0.0,-6.125594139099121,-0.000178854242110571
95400,-0.0005538240075111389,1.7441378030724763e-07,-3.6884915709495543,5.1826237e-07,0.0,-3.1443843841552734,-0.0002467495205237258
95600,-0.0005233045667409897,1.6046466928543167e-07,-3.688481217622757,5.722046e-07,0.0,-3.510657787322998,-0.00026052861615157854
95800,-0.0004182150005362928,1.8891286064359746e-07,-3.688485509157181,4.068017e-07,0.0,-1.3873176574707031,-0.00017649710215159598
96000,-0.0005899692187085748,2.0401628404442816e-07,-3.6884816586971283,9.1016295e-07,0.0,-4.410379409790039,-0.0003083083166355305
96200,-0.0010943296365439892,1.426637718182633e-07,-3.688472771644592,7.44164e-07,0.0,-4.211557388305664,-0.00032778726138644744
96400,-0.0005174418911337852,1.400370621240654e-07,-3.6884782373905183,4.2736528e-07,0.0,-3.9401679039001465,-0.0001778524010117133
96600,-0.00048437039367854595,1.8461985114015532e-07,-3.6884750962257384,6.1124564e-07,0.0,-4.396921157836914,-0.00022101120036994716
96800,-0.00045617306022904813,1.2628068404296756e-07,-3.688471329212189,6.5773725e-07,0.0,-3.7196550369262695,-0.0002647771429544199
97000,-0.0004980096709914505,1.7532937146569338e-07,-3.6884750962257384,4.1395424e-07,0.0,-5.205780982971191,-0.00018071709631546363
97200,-0.000509902834892273,2.1787597077604913e-07,-3.688468945026398,4.3153761e-07,0.0,-4.889096260070801,-0.00021590814076488662
97400,-0.0006369160255417228,1.3295152676562338e-07,-3.6884589552879334,4.9889087e-07,0.0,-3.8310928344726562,-0.0002311211680447567
97600,-0.0007165335700847208,2.0679010503954487e-07,-3.6884559869766234,5.7458874e-07,0.0,-4.819831371307373,-0.00021685147186638608
97800,-0.00045436847722157836,1.8170023246000256e-07,-3.688458186388016,5.289912e-07,0.0,-2.472621202468872,-0.00020205075901685854
98000,-0.0006604844238609076,1.5972501312688792e-07,-3.688458961248398,4.932284e-07,0.0,-5.250603199005127,-0.0002135276788003626
98200,-0.0004788109508808702,1.4698786419131693e-07,-3.68846310377121,5.456805e-07,0.0,-4.224067687988281,-0.00022388748774870848
98400,-0.00024769193259999156,1.491748941262472e-07,-3.688461774587631,4.4465065e-07,0.0,-5.32529354095459,-0.00019607083390491554
98600,-0.0004927502013742924,2.452253152540607e-07,-3.6884574770927427,5.221367e-07,0.0,-4.694809436798096,-0.00023280389439666037
98800,-0.0004829282988794148,2.3073807504658815e-07,-3.6884522676467895,5.0365924e-07,0.0,-4.244975566864014,-0.0002134766563439694
99000,-0.0005561801954172552,1.500642438756472e-07,-3.6884496927261354,5.5551527e-07,0.0,-6.206012725830078,-0.00022657661156517684
99200,-0.0005607085186056793,1.308313088088653e-07,-3.6884479880332948,4.6044585e-07,0.0,-8.657151222229004,-0.00016870403206022954
99400,-0.00045055634109303355,8.8762362437933e-08,-3.6884507060050966,5.361438e-07,0.0,-9.548345565795898,-0.00021096340307718008
99600,-0.0005216128774918616,1.8838333435411414e-07,-3.688452649116516,4.509091e-07,0.0,-3.6833109855651855,-0.0002004990977872989
99800,-0.000715195550583303,1.8974267987914572e-07,-3.6884482741355895,5.26309e-07,0.0,-4.567367076873779,-0.00023192796163175046
100000,-0.000498576438985765,1.4997123489735032e-07,-3.688445657491684,4.7445297e-07,0.0,-6.6914286613464355,-0.0002171002024732638
100200,-0.00026777773746289313,1.2639718072193773e-07,-3.688447278738022,4.0322544e-07,0.0,-9.229307174682617,-0.00020118343871271537
100400,-0.0005229572998359799,1.4579314520091202e-07,-3.688448452949524,5.26309e-07,0.0,-3.722935676574707,-0.00022227896062805287
100600,-0.0005771532887592912,1.2565062750269363e-07,-3.6884386420249937,6.958842e-07,0.0,-6.627864837646484,-0.00023561221153137746
100800,-0.0009116081637330353,1.5529645729372988e-07,-3.6884267807006834,6.5892937e-07,0.0,-11.437705993652344,-0.00031866538441931435
101000,-0.0004720693686977029,1.1571588416359191e-07,-3.688420695066452,6.616116e-07,0.0,-6.718008995056152,-0.0002633082555389632
101200,-0.000570321804843843,1.3623138972462812e-07,-3.688413417339325,5.3673983e-07,0.0,-0.7894489765167236,-0.00020240755352309847
101400,-0.0006831690552644432,1.2168340557394686e-07,-3.688406711816788,7.1525574e-07,0.0,-14.535183906555176,-0.00028514756230461625
101600,-0.0006321701221168041,1.869525977582498e-07,-3.68840269446373,6.997585e-07,0.0,-3.127957344055176,-0.00028394427972988634
101800,-0.00038479012437164783,1.5617505457754533e-07,-3.6883988261222838,3.1441448e-07,0.0,-2.9234516620635986,-0.00012830865505737422
102000,-0.00033499940764158964,1.6247951588610477e-07,-3.688404828310013,3.2186506e-07,0.0,-3.316669464111328,-0.00015008526290829493
102200,-0.0002468597376719117,1.9604111862747685e-07,-3.688404303789139,4.1633845e-07,0.0,-2.8936378955841064,-0.00017761216349025942
102400,-0.00047909194836393,8.047070112482402e-08,-3.6884035170078278,4.8011543e-07,0.0,-1.8655953407287598,-0.00017507715835685111
102600,-0.0009466481278650463,1.3865677086499773e-07,-3.6884042739868166,7.1018934e-07,0.0,-4.132297992706299,-0.0003000548036607098
102800,-0.0005401940434239805,1.2009457286410453e-07,-3.6884006679058077,4.4435262e-07,0.0,-1.587399959564209,-0.00018283134057854865
103000,-0.0006433938979171216,1.8753390129688796e-07,-3.6883949398994447,7.361174e-07,0.0,-6.1738715171813965,-0.0002299201350615565
103200,-0.0004127963038627058,1.2579597878925598e-07,-3.6884004354476927,3.606081e-07,0.0,-3.3941988945007324,-0.00019556163084326615
103400,-0.0005446664290502667,1.255608395922536e-07,-3.6883971810340883,4.0382147e-07,0.0,-9.437009811401367,-0.0001895439324135273
103600,-0.0004090499714948237,2.2205682697062913e-07,-3.6883928298950197,5.146861e-07,0.0,-5.270659446716309,-0.00021062458219160972
103800,-0.0004329981456976384,1.5374617543528756e-07,-3.6883994698524476,5.754829e-07,0.0,-0.16345667839050293,-0.00024375729920632637
104000,-0.00036256632301956415,2.2200416083251184e-07,-3.688406932353973,3.2484533e-07,0.0,-5.910119533538818,-0.00015563310606330204
104200,-0.00047835629084147513,8.692190629489005e-08,-3.6884114503860475,5.4359435e-07,0.0,0.0641564130783081,-0.0002451612806653403
104400,-0.00043318531243130565,1.0062416722078638e-07,-3.6884121537208556,3.8266182e-07,0.0,-3.36155366897583,-0.00017104937284329047
104600,-0.000525675539392978,1.0406058450485035e-07,-3.6884123384952545,4.4733287e-07,0.0,-6.597170829772949,-0.0001954868717859881
104800,-0.0003307207953184843,2.394497666813322e-07,-3.6884096682071688,4.3421983e-07,0.0,-4.191204071044922,-0.00018214334486833518
105000,-7.835607539163902e-05,8.652510503637245e-08,-3.688414680957794,3.0457974e-07,0.0,-3.47505521774292,-0.00013634454454845014
105200,-0.0005805524415336549,1.3759618440190023e-07,-3.6884124338626862,5.5164094e-07,0.0,-4.647292613983154,-0.00018517121719718865
105400,-0.000669211964122951,1.778014015130225e-07,-3.6884054124355314,6.562471e-07,0.0,-3.054136276245117,-0.00026684251995054973
105600,-0.00036168747465126216,1.030029796567078e-07,-3.688398909568787,4.4524668e-07,0.0,-10.533702850341797,-0.00016796827305256556
105800,-0.00043370353523641825,9.14373510241262e-08,-3.6884044647216796,4.0709972e-07,0.0,-7.006237030029297,-0.00016739082400931692
106000,-0.00084323511691764,1.5346563220219878e-07,-3.6883930444717405,7.539988e-07,0.0,-2.9594919681549072,-0.00030652985703794045
106200,-0.0004854238359257579,1.6829121101125112e-07,-3.6883678138256073,4.822016e-07,0.0,-8.499266624450684,-0.00018421658811407227
106400,-0.0006479887524619699,7.491935987147258e-08,-3.688377720117569,6.7055225e-07,0.0,-2.376922845840454,-0.0002267280009361383
106600,-0.0004937280900776386,1.5231665280168726e-07,-3.688361954689026,4.6133994e-07,0.0,-2.144012451171875,-0.00020416018316178343
106800,-0.0005270498804748058,2.4734796006953274e-07,-3.688332259654999,4.440546e-07,0.0,-2.4762654304504395,-0.0001658438525842243
107000,-0.000777622452005744,1.5483921735892637e-07,-3.6883522987365724,6.049871e-07,0.0,-4.669940948486328,-0.0002601551532125046
107200,-0.000620995182543993,1.4612036753902656e-07,-3.6883547425270082,3.9339065e-07,0.0,-1.8219616413116455,-0.0001921940072566075
107400,-0.0004996635252609849,1.1910522115243794e-07,-3.688345956802368,4.4405462e-07,0.0,-6.304644584655762,-0.00016549456884673575
107600,-0.00044562749098986387,1.1505186687799096e-07,-3.688351845741272,6.106496e-07,0.0,-5.8926849365234375,-0.0002336214469295328
107800,-0.0002592159144114703,1.707268312500787e-07,-3.6883544623851776,4.4912102e-07,0.0,-3.1161913871765137,-0.00019395701559119516
108000,-0.0005227402434684336,1.209655634326623e-07,-3.6883684277534483,5.3823e-07,0.0,-6.573014259338379,-0.0002161656982248239
108200,-0.00041515607153996825,1.0634696749889372e-07,-3.6883650422096252,4.798174e-07,0.0,-8.731039047241211,-0.00019841884034690337
108400,-0.0004798960580956191,1.7080777219291577e-07,-3.688350796699524,4.431605e-07,0.0,-4.825011253356934,-0.0001948669053500218
108600,-0.0005642988835461438,8.2390603228788e-08,-3.6883753061294557,4.348159e-07,0.0,-3.1664319038391113,-0.00019525791671848314
108800,-0.0007228077156469226,2.447784652304108e-07,-3.688348352909088,5.680323e-07,0.0,-5.334616661071777,-0.00022896586350429904
109000,-0.0004221108101774007,1.9579195296159923e-07,-3.6883408665657043,4.374981e-07,0.0,-4.094871520996094,-0.00017494908671049635
109200,-0.0005011077155359089,1.591924316812765e-07,-3.688366729021072,4.994869e-07,0.0,-2.7476558685302734,-0.00023585201765308206
109400,-0.00029398707556538284,1.1438804232710709e-07,-3.6883560478687287,2.6971102e-07,0.0,-6.42849588394165,-0.00012467718922936076
109600,-0.0005899443640373647,1.385982056234525e-07,-3.688351774215698,4.628301e-07,0.0,-4.652703762054443,-0.00019159221147242999
109800,-0.0005095352535136044,6.720422982553486e-08,-3.6883568704128264,4.3064355e-07,0.0,-5.874518394470215,-0.00018571895399368543
110000,-0.0006924598128534853,1.5258641088422565e-07,-3.6883660793304442,7.0154664e-07,0.0,-2.369227647781372,-0.00029194035244701767
110200,-0.0006193979643285275,1.618925635327173e-07,-3.6883481204509736,5.2750113e-07,0.0,-3.1587510108947754,-0.00022048099113203268
110400,-0.0006421321304515004,1.3206329789738903e-07,-3.6883534371852873,5.373359e-07,0.0,-4.166158199310303,-0.00023407038415315106
110600,-0.0006057041464373469,1.5130171977517647e-07,-3.6883479058742523,4.273653e-07,0.0,-3.7263903617858887,-0.00019385166567349456
110800,-0.0009345734142698348,1.1566579871669092e-07,-3.6883544445037844,9.989739e-07,0.0,-10.134013175964355,-0.00030342888589984796
111000,-0.0007724491297267377,1.293028144999653e-07,-3.6883399188518524,6.097555e-07,0.0,-4.325379371643066,-0.0002366827093995827
111200,-0.0006104049389250576,1.076120510035139e-07,-3.688362240791321,5.4091214e-07,0.0,-5.489665985107422,-0.00019487384686158737
111400,-0.0005497963284142315,9.431717380437022e-08,-3.688344085216522,7.9333785e-07,0.0,-4.965765476226807,-0.0002826464472674983
111600,-0.0008419030928052962,6.786097772604194e-08,-3.6883596420288085,7.1436165e-07,0.0,-4.121562957763672,-0.0002455478921604026
111800,-0.0002943731378763914,1.6650320286970554e-07,-3.688341462612152,3.8832428e-07,0.0,-8.126219749450684,-0.0001469090423925068
112000,-0.00023895138292573392,1.1355831306403274e-07,-3.6883406043052673,3.5524369e-07,0.0,-7.724416732788086,-0.00016090155635981596
112200,-0.0004822621413040906,1.3371799720829358e-07,-3.688329929113388,6.3449147e-07,0.0,-1.6578648090362549,-0.00026177130517361923
112400,-0.0006129817338660359,1.8451619148152077e-07,-3.6883464992046355,5.805492e-07,0.0,-0.2783252000808716,-0.00023452843616382778
112600,-0.000505794829223305,1.9485494728854746e-07,-3.6883553743362425,4.416704e-07,0.0,-5.097193241119385,-0.000190813497913922
112800,-0.0006491345120593905,1.0453073384653067e-07,-3.688356173038483,6.014109e-07,0.0,-5.288022041320801,-0.0002546078394091378
113000,-0.0005673148552887142,9.993638796501614e-08,-3.688347989320755,5.2928925e-07,0.0,-10.04321002960205,-0.00020297170379575126
113200,-0.0002389454748481512,1.7593342924726584e-07,-3.6883375704288484,3.0756e-07,0.0,-3.664630889892578,-0.00015043718441303254
113400,-0.0003718942462000996,1.5548299749923445e-07,-3.6883316814899443,4.2617322e-07,0.0,-3.7658472061157227,-0.00019251015009069672
113600,-0.0003879845899064094,1.3594696159913156e-07,-3.688336569070816,5.212426e-07,0.0,-6.227118968963623,-0.00019743749411440525
113800,-0.0004839812754653394,1.7290149330051462e-07,-3.6883162379264833,6.145239e-07,0.0,-6.521928310394287,-0.0002460134939142322
114000,-0.00036358620855025947,1.772270099564821e-07,-3.688323998451233,4.553795e-07,0.0,-6.2303290367126465,-0.00016115990895926302
114200,-0.0005824725376442075,1.4703675095262269e-07,-3.688347864151001,4.49121e-07,0.0,-3.430034637451172,-0.00020520470055043205
114400,-0.0007388823432847857,1.6987463844486683e-07,-3.6883303999900816,6.0111284e-07,0.0,-6.682164192199707,-0.00024193312252964727
114600,-0.0005520415725186467,1.314865807344745e-07,-3.6883419513702393,5.3256747e-07,0.0,-3.044243335723877,-0.00022862409120136818
114800,-0.0004615690268110484,1.3854335314533728e-07,-3.6883452773094176,4.8011543e-07,0.0,-6.955877780914307,-0.00021335202196546277
115000,-0.0008921485859900713,1.3653716308681395e-07,-3.688343620300293,5.3018334e-07,0.0,-2.9780688285827637,-0.0002539006088025042
115200,-0.0007299738936126232,1.7053941796518758e-07,-3.688341861963272,5.6028364e-07,0.0,-5.204967975616455,-0.00024409805050686905
115400,-0.0005715953884646297,2.0123862967125206e-07,-3.688342070579529,5.2332877e-07,0.0,-3.527282238006592,-0.0002069117876262627
115600,-0.0005138569977134466,1.784270381222086e-07,-3.6883357167243958,5.093217e-07,0.0,-3.7928266525268555,-0.00021652199376900327
115800,-0.00023773216526024044,1.514703088290048e-07,-3.688326692581177,7.2985887e-07,0.0,-4.222235202789307,-0.0002801835367276961
116000,-0.0002696628507692367,1.6056818274989837e-07,-3.688326025009155,6.708503e-07,0.0,-2.581312894821167,-0.00024307630740647568
116200,-0.0004557107458822429,1.1853847308174181e-07,-3.6883087873458864,6.899238e-07,0.0,-8.138113975524902,-0.00028260639431858524
116400,-0.0003732109034899622,1.2227698746869465e-07,-3.6883147597312926,4.6938658e-07,0.0,-5.2099432945251465,-0.00017215870180962157
116600,-0.0003137181920465082,1.1801554498092059e-07,-3.68833013176918,5.879998e-07,0.0,-3.7263307571411133,-0.00026682576570875584
116800,-0.0006025363691151142,7.966342581156028e-08,-3.6883303463459014,5.38826e-07,0.0,-4.339870929718018,-0.00020208788473157212
117000,-0.00040136356255970895,7.414623404145004e-08,-3.6883177161216736,4.6998264e-07,0.0,-4.614039421081543,-0.00018652089028929896
117200,-0.0003617616603150964,1.2458715179519685e-07,-3.688299947977066,4.6908858e-07,0.0,-8.382105827331543,-0.00018962259393231484
117400,-0.000622195890173316,1.32736694347102e-07,-3.6882964372634888,3.8325786e-07,0.0,-4.493011474609375,-0.00018968747586558531
117600,-0.0005096434033475816,1.548817333940633e-07,-3.6883027255535126,5.212426e-07,0.0,-2.220815420150757,-0.00021890204294982006
117800,-0.0006619682535529137,1.503898729993125e-07,-3.688300406932831,3.9488077e-07,0.0,-5.606612682342529,-0.00015789498356389431
118000,-0.0002882361877709627,2.0131354290242597e-07,-3.6882944822311403,3.9488077e-07,0.0,-4.440903663635254,-0.0001947535193743466
118200,-0.0007840616744942963,1.0239140717516193e-07,-3.6883102655410767,6.210804e-07,0.0,-2.2083394527435303,-0.000253408035700009
118400,-0.0007199647952802479,1.893918225803759e-07,-3.6883067429065703,6.1392785e-07,0.0,-4.051185607910156,-0.0002618890395974738
118600,-0.0006715800845995545,2.1968815033801548e-07,-3.6883032381534577,6.237626e-07,0.0,-6.324429512023926,-0.0002325529520953662
118800,-0.0005800327053293586,1.1730568569845445e-07,-3.6883009135723115,5.0395727e-07,0.0,-6.24819278717041,-0.00019377138817162632
119000,-0.0003231847076676786,1.303838498500909e-07,-3.6883019149303435,4.7087667e-07,0.0,-5.983327388763428,-0.00017409990901655624
119200,-0.0006309350719675422,4.886995781383519e-08,-3.688296914100647,6.428361e-07,0.0,-12.80573558807373,-0.00024195614380526643
119400,-0.0006405559834092855,1.8295120973732537e-07,-3.688284134864807,5.871058e-07,0.0,-2.499370574951172,-0.00023180390806192274
119600,-0.0007228589383885264,7.838857492004081e-08,-3.688284379243851,5.751848e-07,0.0,-9.487346649169922,-0.0002361456282559793
119800,-0.00041797140147536993,1.2918341685264068e-07,-3.6882853746414184,4.3928623e-07,0.0,-4.632061958312988,-0.00019490658032133011
120000,-9.448577475268394e-05,1.5604272949332198e-07,-3.6882745206356047,2.2947788e-07,0.0,-2.402651071548462,-0.00011322186100665155
120200,-0.0006295524071902037,1.5511389417355304e-07,-3.6882772922515867,5.4180623e-07,0.0,-8.377574920654297,-0.0002460357979177541
120400,-0.0005631418898701668,7.148146448088255e-08,-3.688290703296661,5.033612e-07,0.0,-1.259091854095459,-0.00022089093262366298
120600,-0.0006045750342309475,1.1834866997517679e-07,-3.6882852375507356,4.348159e-07,0.0,-4.912293910980225,-0.00020141741640173906
120800,-0.0006822472787462175,1.134728984553135e-07,-3.688283860683441,5.7518486e-07,0.0,-5.42441463470459,-0.0002663589564156132
121000,-0.0003689417790155858,1.2432422842323375e-07,-3.6882908225059508,4.7057867e-07,0.0,-2.624933958053589,-0.0002149193225041035
121200,-0.00025139391073025763,2.0983209765290666e-07,-3.6882791340351107,3.2454727e-07,0.0,-2.9166648387908936,-0.00014205864012234448
121400,-0.0003770486218854785,2.456727536070957e-07,-3.688288223743439,4.6938658e-07,0.0,-6.029029369354248,-0.00018295631413565162
121600,-0.0005229871021583676,8.80535486302847e-08,-3.688297837972641,5.176663e-07,0.0,-3.5094356536865234,-0.00018878187163542392
121800,-0.0005387601559050381,1.1968190776201483e-07,-3.688287627696991,5.096197e-07,0.0,-2.8538269996643066,-0.00020035556466961867
122000,-0.0005827154964208603,9.46000493051713e-08,-3.688301205635071,6.1541795e-07,0.0,-1.4118168354034424,-0.00024277894074543617
122200,-0.0005454917554743588,8.661233428242098e-08,-3.688304936885834,3.954768e-07,0.0,-4.6745500564575195,-0.00018800026477903132
122400,-0.0003663933603093028,1.6931569231104503e-07,-3.688291883468628,4.1007996e-07,0.0,-3.0383200645446777,-0.0001403148773519547
122600,-0.0005576472030952573,1.9056804951844696e-07,-3.6883014738559723,5.4150826e-07,0.0,-4.52979850769043,-0.0002447915309730875
122800,-0.00044683623127639294,1.7476889748735403e-07,-3.6883048117160797,6.228685e-07,0.0,-0.8487643003463745,-0.00023288765409912315
123000,-0.0003389705962035805,1.6126374404734634e-07,-3.688310569524765,5.879998e-07,0.0,-5.675262928009033,-0.0002794047040620251
123200,-0.0004796677967533469,7.848696359502583e-08,-3.688311767578125,4.670024e-07,0.0,-9.067795753479004,-0.00018744982609473216
123400,-0.0007669813930988312,1.456699605384415e-07,-3.6883080542087554,5.8442356e-07,0.0,-4.3247294425964355,-0.0002217747858226149
123600,-0.001004303921945393,1.2540463796284483e-07,-3.6883135437965393,9.611249e-07,0.0,-1.77392578125,-0.0003491777190572476
123800,-0.0003472318348940462,1.5548770146978085e-07,-3.6883123397827147,3.59416e-07,0.0,-2.4572935104370117,-0.00017685728607188533
124000,-0.0005594374379143119,1.5761402245573207e-07,-3.6883039653301237,5.5372715e-07,0.0,-3.1730856895446777,-0.00022786255896960482
124200,-0.0005029087769798934,1.664079526619844e-07,-3.6883005023002626,5.558133e-07,0.0,-6.411346435546875,-0.0002308199927970378
124400,-0.0003641694493126124,1.036558227696105e-07,-3.6882999181747436,4.631281e-07,0.0,-2.5858702659606934,-0.00019969245948825431
124600,-0.000845516799017787,8.573205443340725e-08,-3.6882966995239257,6.195903e-07,0.0,-2.164332151412964,-0.00026640827912842723
124800,-0.0006685571861453354,1.0681713220606071e-07,-3.6882932662963865,8.3297493e-07,0.0,-3.7398014068603516,-0.000320000053351599
125000,-0.00033972522942349315,1.1654220841705864e-07,-3.6882985830307007,3.004074e-07,0.0,-4.594566345214844,-0.00011914528881493692
125200,-0.0005181982996873558,9.339806794628203e-08,-3.688299745321274,5.879998e-07,0.0,-1.7027192115783691,-0.0002559432376754156
125400,-0.0008019090164452791,1.261906666272239e-07,-3.6882984220981596,5.2511695e-07,0.0,-6.014791011810303,-0.0002089734370665397
125600,-0.0006882037268951535,1.3533755591765839e-07,-3.6882988631725313,5.927682e-07,0.0,-4.288142681121826,-0.0002589174462457322
125800,-0.0005384592805057764,1.2058506673184866e-07,-3.688296538591385,3.641844e-07,0.0,-4.19981575012207,-0.0001829766105061026
126000,-0.0005497249658219516,5.334569150861057e-08,-3.688296675682068,4.9978496e-07,0.0,-9.78402042388916,-0.00020944608177346779
126200,-0.00048483931459486485,1.1273388160759623e-07,-3.688289189338684,3.1024217e-07,0.0,-6.9886884689331055,-0.00014267317122902413
126400,-0.0004216252127662301,2.0961032198840712e-07,-3.6882958710193634,4.1484833e-07,0.0,-3.452910900115967,-0.00017027511517015982
126600,-0.0006432508234865963,9.322656246979477e-08,-3.688293331861496,7.319451e-07,0.0,-3.617709159851074,-0.00023541486337443906
126800,-0.0008641253225505352,1.2750908755521096e-07,-3.688302528858185,5.6922437e-07,0.0,-3.4490928649902344,-0.00021707189184507757
127000,-0.00044190569315105677,1.4201638780519944e-07,-3.688300150632858,5.7071446e-07,0.0,-4.470280647277832,-0.0002664278029612888
127200,-0.00043400065624155104,1.9900024934571546e-07,-3.6883016526699066,3.9100647e-07,0.0,-1.6759581565856934,-0.0001497797007230073
127400,-0.0002849742886610329,1.1985795467239768e-07,-3.6883048593997954,4.2021276e-07,0.0,-6.243946075439453,-0.00017884091994642138
127600,-0.00040703927516005933,6.625285369210587e-08,-3.688295578956604,6.949902e-07,0.0,-4.311348915100098,-0.0002604537836122134
127800,-0.0006405210006050766,1.1287013652605538e-07,-3.688288390636444,5.146861e-07,0.0,-5.29465913772583,-0.00020477195187675878
128000,-0.0006012701778672636,7.872331169167523e-08,-3.6882898688316343,4.1097402e-07,0.0,-8.723882675170898,-0.0001686013261542052
128200,-0.0004992464673705399,1.9799138577525356e-07,-3.688282871246338,5.829334e-07,0.0,-6.550088405609131,-0.00023760016747331747
128400,-0.0004457580507732928,1.257136322152519e-07,-3.6882820546627046,6.952882e-07,0.0,-5.91709566116333,-0.0002549065374902959
128600,-0.00027883652364835143,1.1319772070805812e-07,-3.6882837891578673,4.762411e-07,0.0,-4.044045448303223,-0.00020833858108608715
128800,-0.00039261949132196605,7.665904986353666e-08,-3.688280713558197,3.71635e-07,0.0,-8.17043685913086,-0.00015945626777698064
129000,-0.00038139038952067494,1.0011158417810861e-07,-3.688279724121094,4.3451786e-07,0.0,-2.2653021812438965,-0.0001997108900028466
129200,-0.00017568220209795982,1.1614155619454891e-07,-3.688281226158142,4.294515e-07,0.0,-1.9010145664215088,-0.00018463454466666196
129400,-0.00041123328264802694,9.1063860363505e-08,-3.6882837891578673,3.5881996e-07,0.0,-4.623143672943115,-0.00016013797476328585
129600,-0.000629643676802516,9.472222952666698e-08,-3.6882793247699737,6.514788e-07,0.0,-5.613956451416016,-0.00027666738413474335
129800,-0.0004775642300955951,1.4866397322066404e-07,-3.6882804691791535,4.646182e-07,0.0,-5.530065059661865,-0.00019758121773080228
130000,-0.000720399315468967,1.20546553894485e-07,-3.688281625509262,6.970763e-07,0.0,-6.28603458404541,-0.0002958598446184624
130200,-0.000583093729801476,1.3262332991814675e-07,-3.688287341594696,5.4180623e-07,0.0,-4.974567413330078,-0.0002075414057110425
130400,-0.00034225796116515994,9.140092629422725e-08,-3.688289797306061,5.239248e-07,0.0,-5.399077892303467,-0.000228638232519196
130600,-0.0007779573206789792,9.255178650136031e-08,-3.688301169872284,8.7082384e-07,0.0,-6.303190231323242,-0.00030338314032735125
130800,-0.000549559888895601,6.116181898718764e-08,-3.6882929742336272,6.243587e-07,0.0,-15.664117813110352,-0.00023799503766031016
131000,-0.00041714232065714896,9.818296646812996e-08,-3.688283199071884,6.5505503e-07,0.0,-3.793306350708008,-0.00022350604929739505
131200,-0.0005822619423270226,2.346990569890295e-07,-3.6882823050022124,4.3809413e-07,0.0,-5.164531707763672,-0.00019267448767752439
131400,-0.0005573580274358392,9.07451387810454e-08,-3.6882834494113923,5.379319e-07,0.0,-5.27975606918335,-0.00021941182653719692
131600,-0.0006459212745539844,1.0910761556459647e-07,-3.688278877735138,6.040931e-07,0.0,-4.772667407989502,-0.0002445916974104012
131800,-0.0005077287787571549,9.962098079796533e-08,-3.6882743716239927,3.6925076e-07,0.0,-5.677021503448486,-0.00016308443385097958
132000,-0.0003545249637681991,2.1409047192832987e-07,-3.6882613778114317,3.8862228e-07,0.0,-1.6832480430603027,-0.00012627232438762736
132200,-0.0004950705333612859,1.1213345754157445e-07,-3.68827201128006,3.874302e-07,0.0,-8.291187286376953,-0.00018436559214254355
132400,-0.00027596266590990126,1.458794901765259e-07,-3.688264620304108,3.096461e-07,0.0,-4.263542652130127,-0.00013325104885506534
132600,-0.0005312834982760251,1.3932174116604302e-07,-3.688264387845993,3.257394e-07,0.0,-4.531514644622803,-0.00015798671535400822
132800,-0.0006428444175980985,1.1613563337675714e-07,-3.68826140165329,7.2807075e-07,0.0,-0.7876272201538086,-0.0002729918736354087
133000,-0.000548637006431818,1.8945195261466098e-07,-3.6882516622543333,3.8444998e-07,0.0,-6.6631693840026855,-0.00017683636389391743
133200,-0.0003667835262604058,1.2343591375696407e-07,-3.688255470991135,4.1007993e-07,0.0,-4.460285663604736,-0.0001755701394516751
133400,-0.0005866499268449843,1.7046753075788956e-07,-3.688261741399765,6.1482194e-07,0.0,-6.896027088165283,-0.00027016630052187904
133600,-0.0004060572828166187,7.503264667363397e-08,-3.6882626950740813,5.188584e-07,0.0,-5.673854351043701,-0.0002047585021966336
133800,-0.00041632953798398376,1.0761681874527085e-07,-3.688260316848755,3.9815902e-07,0.0,-2.571338653564453,-0.00017687579514680252
134000,-0.00048393820179626346,1.4128203407182127e-07,-3.6882670283317567,3.7431715e-07,0.0,-2.2879090309143066,-0.00017617686125923627
134200,-0.000650467467494309,1.625956116413363e-07,-3.688254344463348,7.1942804e-07,0.0,-7.76052188873291,-0.00023706355735009232
134400,-0.00032349867979064584,1.1904018251129856e-07,-3.6882555186748505,5.1587824e-07,0.0,-1.5050222873687744,-0.00022129833921651353
134600,-0.00047100981464609504,8.029722442515208e-08,-3.6882732927799227,5.289912e-07,0.0,-3.8072543144226074,-0.00019890659084262908
134800,-0.0006920684827491641,1.5625845666278338e-07,-3.6882604002952575,5.8740375e-07,0.0,-2.619593381881714,-0.0002499452826591586
135000,-0.000893641437869519,1.4644296282284585e-07,-3.6882652640342712,5.8770183e-07,0.0,-4.14982795715332,-0.00027315805028109706
135200,-0.0003670637379400432,7.084331956619395e-08,-3.6882795631885528,5.534291e-07,0.0,-4.4482526779174805,-0.00019858805548622627
135400,-0.0004823671479243785,5.545860126687785e-08,-3.6882869780063627,3.7670137e-07,0.0,-7.567473411560059,-0.0001875962906587869
135600,-0.0006172191933728755,1.1679952596210797e-07,-3.6882827162742613,4.8279765e-07,0.0,-8.915704727172852,-0.00019947710775567452
135800,-0.0003086832875851542,1.5846172747302488e-07,-3.688286745548248,5.8531765e-07,0.0,-4.13838005065918,-0.00021284134747885376
136000,-0.0006951740360818803,1.3182614910789425e-07,-3.688292366266251,4.5299527e-07,0.0,0.05324244499206543,-0.00021384850813592758
136200,-0.0006101318867877126,1.6516601757388117e-07,-3.6882968306541444,4.9144035e-07,0.0,-5.960229396820068,-0.000213295027347149
136400,-0.00038192261126823723,1.5903255565774543e-07,-3.688299524784088,3.3736228e-07,0.0,-6.592495918273926,-0.0001539109952885198
136600,-0.00034686984145082533,1.176239068811924e-07,-3.6883014857769014,4.7326088e-07,0.0,-7.6223649978637695,-0.00020436252557316515
136800,-0.0006193607696332037,8.752343862994394e-08,-3.688299572467804,5.2839516e-07,0.0,-5.4507575035095215,-0.00021488859532698968
137000,-0.0005239042220637202,1.163156024830414e-07,-3.68830224275589,4.5657157e-07,0.0,-6.944762706756592,-0.00018477572069293126
137200,-0.000517547654453665,1.738727309685828e-07,-3.6882996380329134,5.5104493e-07,0.0,-5.825628757476807,-0.00024035456550826063
137400,-0.0005760669591836631,1.8399689221126892e-07,-3.688306897878647,5.093217e-07,0.0,-3.3317346572875977,-0.00023168509709359242
137600,-0.0005996745894663036,1.4454158439036747e-07,-3.6883082151412965,5.9247014e-07,0.0,-12.199966430664062,-0.00024687168207468966
137800,-0.0004900832427665591,1.1284547110079757e-07,-3.6883071064949036,5.590916e-07,0.0,-4.170029640197754,-0.00022476139880835965
138000,-0.00041266140760853887,1.441507793131791e-07,-3.6883141040802,5.349517e-07,0.0,-5.0792107582092285,-0.00021233154763842244
138200,-0.0006663625244982541,5.873859691973848e-08,-3.6883320093154905,7.2866675e-07,0.0,-0.8094546794891357,-0.00023579050438820025
138400,-0.0002071314083877951,1.4611128271724282e-07,-3.688323640823364,3.0905008e-07,0.0,-0.5344058275222778,-0.0001549809581169903
138600,-0.0005039913230575621,1.1899430543138579e-07,-3.6883372008800506,3.4958126e-07,0.0,-13.067763328552246,-0.00015787599838039678
138800,-0.000591260613873601,7.047560615092153e-08,-3.688340109586716,4.476309e-07,0.0,-3.8004307746887207,-0.0002058244223692274
139000,-0.0005176286795176566,9.940198602009786e-08,-3.6883450388908385,4.044175e-07,0.0,-1.6050934791564941,-0.00019158324644150682
139200,-0.0004581702232826501,1.1626304274869881e-07,-3.6883491694927217,3.5047532e-07,0.0,-5.887697696685791,-0.0001644555705393014
139400,-0.0005572796217165887,7.832957313880228e-08,-3.688356739282608,4.649162e-07,0.0,-5.644383907318115,-0.00018063099772621104
139600,-0.0005605530459433794,1.0139222279548221e-07,-3.688345915079117,5.1826237e-07,0.0,-5.179285526275635,-0.00020014072811078699
139800,-0.0006374826189130545,1.1692739345647852e-07,-3.688336604833603,4.0352347e-07,0.0,-4.819779396057129,-0.00019985018777606556
140000,-0.0004379407037049532,1.4027237291713845e-07,-3.6883327424526215,3.4302474e-07,0.0,-3.6261167526245117,-0.00017044583412744173
140200,-0.0005020610406063497,1.2312309625173156e-07,-3.6883460581302643,6.9856645e-07,0.0,-10.612317085266113,-0.0002590409437443597
140400,-0.00040375260869041085,8.49575860328855e-08,-3.6883427619934084,4.130602e-07,0.0,-5.790462017059326,-0.00017259036027303943
140600,-0.0006174158770591021,8.35164789769749e-08,-3.688327258825302,5.742907e-07,0.0,-3.0686545372009277,-0.00021906989970398304
140800,-0.0006587969255633652,1.7017397517804512e-07,-3.6883146107196807,5.745888e-07,0.0,-5.4337005615234375,-0.0002516949979799232
141000,-0.0003460805455688387,9.862455083720078e-08,-3.6883212089538575,5.00083e-07,0.0,-1.8727521896362305,-0.0001674603750931869
141200,-0.0006453750538639724,1.2137062288530842e-07,-3.6883105993270875,5.877018e-07,0.0,-3.227616786956787,-0.0002565312782749074
141400,-0.0003091629478149116,1.4092366651397015e-07,-3.688303118944168,3.0308962e-07,0.0,-6.135006427764893,-0.00012041988257465164
141600,-0.0007511228905059397,1.3859999317133998e-07,-3.688301795721054,5.754829e-07,0.0,-6.520277500152588,-0.0002528792533616986
141800,-0.0003589137049857527,1.964900329554098e-07,-3.6883000910282133,4.079938e-07,0.0,-4.9324116706848145,-0.00017230647169607093
142000,-0.00041547283763065934,1.0026215253589044e-07,-3.688307386636734,4.276633e-07,0.0,-6.48769474029541,-0.0001704963356510214
142200,-0.0004828121163882315,1.0864846782254744e-07,-3.688299649953842,3.8027764e-07,0.0,-5.68773078918457,-0.00017927210082433476
142400,-0.0004826178774237633,1.4116635078664784e-07,-3.6882973432540895,3.7014485e-07,0.0,-3.4872117042541504,-0.00019509181460600767
142600,-0.0003834214003290981,9.805747556157484e-08,-3.6883095800876617,4.6253206e-07,0.0,-7.209210395812988,-0.00019114339492594113
142800,-0.0008202726021409035,1.1077898189881808e-07,-3.688303405046463,6.869435e-07,0.0,-3.6486306190490723,-0.00026517119795501645
143000,-0.0004124868137296289,1.5393156633791704e-07,-3.688296431303024,4.9531457e-07,0.0,-6.505074977874756,-0.00021757864904285994
143200,-0.0006858069100417197,5.759060712762221e-08,-3.688305652141571,6.5445903e-07,0.0,-8.821880340576172,-0.0002608370412606753
143400,-0.0005921125994063914,1.3325324825785857e-07,-3.688298350572586,4.002452e-07,0.0,-7.289782524108887,-0.0001912019929030784
143600,-0.00043846439803019166,1.7823219664592215e-07,-3.6883025109767913,4.7087667e-07,0.0,-3.5130348205566406,-0.00019527850352432096
143800,-0.0008958211401477456,1.643169724729887e-07,-3.6883053481578827,8.60393e-07,0.0,-3.3683528900146484,-0.00028588055055842607
144000,-0.000457469723187387,8.080592124315445e-08,-3.6883220195770265,5.9217217e-07,0.0,-6.180487155914307,-0.00020228603586764927
144200,-0.0003710887976922095,1.2481914595241507e-07,-3.688302844762802,5.5730345e-07,0.0,-6.074235439300537,-0.0002356345647654079
144400,-0.0005527852335944772,7.677756501678345e-08,-3.688323563337326,5.143881e-07,0.0,-4.639651775360107,-0.00022474833070282863
144600,-0.0003914710832759738,1.1987520398548668e-07,-3.6883118033409117,4.5210123e-07,0.0,-5.251553535461426,-0.00019807560631397437
144800,-0.0006518530426546931,6.808003716329836e-08,-3.6883126974105833,5.5015084e-07,0.0,-5.744833469390869,-0.00020908264833826573
145000,-0.0008588642231188715,1.2467515899672322e-07,-3.688309007883072,6.67274e-07,0.0,-3.4483280181884766,-0.0002683819991548209
145200,-0.000706877326592803,1.1556480012941961e-07,-3.6882887065410612,6.2137843e-07,0.0,-4.552688121795654,-0.00026007420166000993
145400,-0.0007266283500939608,1.735717122031133e-07,-3.688276731967926,5.277991e-07,0.0,-5.877284049987793,-0.00020476616897484589
145600,-0.00032946275314316154,1.0784574300259919e-07,-3.6883000254631044,5.435944e-07,0.0,-6.612308502197266,-0.00023718053380986648
145800,-0.0002999755088239908,1.4235082943514498e-07,-3.6882859110832213,4.014373e-07,0.0,-6.253857612609863,-0.00018638553729715123
146000,-0.0003527479129843414,6.334025206555794e-08,-3.6882954478263854,4.5388936e-07,0.0,-5.430811882019043,-0.00021155639192569354
146200,-0.00043058881419710815,6.021141709666722e-08,-3.688306897878647,4.4673683e-07,0.0,-4.010063171386719,-0.00020151612262373498
146400,-0.0004151203320361674,1.2875279882251788e-07,-3.688300371170044,4.7862534e-07,0.0,-8.889701843261719,-0.00022587192049359218
146600,-0.0004251512582413852,1.248516507956765e-07,-3.6883055090904238,5.280972e-07,0.0,-6.476157188415527,-0.0002320782983874725
146800,-0.0006046018679626286,6.240265086887575e-08,-3.6883085131645204,5.76973e-07,0.0,-2.754115581512451,-0.00023656648485212984
147000,-0.0004097976488992572,8.912937454752523e-08,-3.6883132100105285,4.3928623e-07,0.0,-11.470955848693848,-0.00018186053629443144
147200,-0.0005658495356328785,1.8078436934132469e-07,-3.688283634185791,4.532933e-07,0.0,-4.8292555809021,-0.00019068256223180312
147400,-0.0006132868002168834,9.601493253796888e-08,-3.688286316394806,4.762411e-07,0.0,-3.9975967407226562,-0.00021774083438774738
147600,-0.0004957273486070335,8.057340004086199e-08,-3.688300907611847,3.993511e-07,0.0,-7.827300071716309,-0.00019207494755097977
147800,-0.00047854194417595863,8.195293474955178e-08,-3.688303405046463,4.068017e-07,0.0,-7.792223930358887,-0.0001735260488617385
148000,-0.00020819285418838263,6.318116509973493e-08,-3.6883031606674193,4.479289e-07,0.0,-2.7815754413604736,-0.00016962283873180883
148200,-0.0006899145664647222,1.3374760463591428e-07,-3.6882862210273744,5.2332877e-07,0.0,-4.990496635437012,-0.00024499586168702514
148400,-0.0005421206587925553,1.4009549911264685e-07,-3.6882748544216155,6.070733e-07,0.0,-6.753677845001221,-0.00024572684584471814
148600,-0.00044945080298930407,9.870522656996173e-08,-3.688276916742325,4.5657157e-07,0.0,-3.5186543464660645,-0.0002235690952170466
148800,-0.00047771300887688994,1.1786109848088699e-07,-3.688271236419678,5.927682e-07,0.0,-3.928494930267334,-0.00020870109056203567
149000,-0.0004417503369040787,1.0881451455446722e-07,-3.688275492191315,4.2319294e-07,0.0,-11.579326629638672,-0.00021561704542794047
149200,-0.0005542878643609583,1.1432689372981031e-07,-3.688286179304123,5.677343e-07,0.0,-2.0772719383239746,-0.0002404068497737555
149400,-0.0004920274950563908,7.50847043207159e-08,-3.688310778141022,4.7057867e-07,0.0,-4.887798309326172,-0.00017973628972797195
149600,-0.0006584002985619009,4.540903661975904e-08,-3.6883110761642457,6.8753957e-07,0.0,-6.90070915222168,-0.0002495903571216318
149800,-0.0006932686665095389,1.263318059052665e-07,-3.6882844805717467,8.830428e-07,0.0,-3.616206169128418,-0.00029714315081807996
150000,-0.00039097704575397074,1.1400094885871681e-07,-3.6882543504238128,5.3763387e-07,0.0,-1.4447250366210938,-0.00020259150875465704
150200,-0.000599501421675086,9.639032620967214e-08,-3.688289350271225,5.3256747e-07,0.0,-2.949812412261963,-0.00021284112203124873
150400,-0.00047083006938919425,7.567030433364152e-08,-3.688278305530548,5.3286556e-07,0.0,-5.481511116027832,-0.00020887908359122908
150600,-0.0003782054118346423,6.09047246413752e-08,-3.6882742285728454,5.081296e-07,0.0,-8.52396297454834,-0.0001877067013579925
150800,-0.0002864179841708392,1.7276236174978976e-07,-3.688237816095352,4.464388e-07,0.0,-2.7189629077911377,-0.00020936830393933903
151000,-0.00048196708667092025,1.0829220000729834e-07,-3.688264173269272,5.12898e-07,0.0,-0.2814537286758423,-0.00021552611934945177
151200,-0.0008116557146422565,9.651981436320511e-08,-3.688280373811722,5.7041643e-07,0.0,-11.655232429504395,-0.00025879417463101626
151400,-0.00038503651740029454,1.389951057362282e-07,-3.6882487177848815,3.8444995e-07,0.0,-5.348047256469727,-0.0001637174180904033
151600,-0.0004376379947643727,9.320311367133627e-08,-3.688253086805344,4.1067602e-07,0.0,-7.328861236572266,-0.00017329728998043413
151800,-0.0005492952768690884,1.1123887375674712e-07,-3.6882555782794952,5.4091214e-07,0.0,-8.06278133392334,-0.00022820402492471637
152000,-0.00034183060051873326,4.585537798362793e-08,-3.6882664978504183,5.018711e-07,0.0,-6.0692033767700195,-0.00020169204466249368
152200,-0.0005075837252661586,5.8783519207850074e-08,-3.6882817149162292,7.823109e-07,0.0,-7.285792350769043,-0.00025826306720051485
152400,-0.000296661484753713,1.2179878101648e-07,-3.6882664263248444,5.248189e-07,0.0,-3.016371726989746,-0.00024038381486979343
152600,-0.0005781068466603756,1.2278545771238215e-07,-3.6882646441459657,5.1498415e-07,0.0,-3.3436665534973145,-0.00019964972390323354
152800,-0.0005874356720596552,1.2236017488120865e-07,-3.688269782066345,5.3703786e-07,0.0,-3.046133518218994,-0.0002106565157444118
153000,-0.0003665883559733629,1.5815643177319317e-07,-3.6882622063159944,3.8444995e-07,0.0,-3.593947410583496,-0.00018377611020161665
153200,-0.0003462181193754077,8.815781562532266e-08,-3.688263642787933,5.066395e-07,0.0,-3.418060779571533,-0.0001983321972236274
153400,-0.0005509554175660014,1.0759297612850105e-07,-3.6882742822170256,4.1902064e-07,0.0,-3.973769187927246,-0.0001922799884114923
153600,-0.00023141049314290285,1.2366542012642867e-07,-3.6882641077041627,4.464388e-07,0.0,-1.9404048919677734,-0.0001935488262918117
153800,-0.0005412381142377853,8.047751274276038e-08,-3.6882691204547884,6.327033e-07,0.0,-6.166453838348389,-0.00027607406685206117
154000,-0.00029650729265995324,1.1196681590774915e-07,-3.688243716955185,6.338954e-07,0.0,-2.175508737564087,-0.00021712024503792727
154200,-0.0004993934417143464,1.1139807405413649e-07,-3.6882514357566833,3.6239624e-07,0.0,-1.9465150833129883,-0.00016101026588399847
154400,-0.0007016229792498052,7.992563793024487e-08,-3.688265007734299,4.923344e-07,0.0,-4.0946550369262695,-0.00021929599658188081
154600,-0.00022429786622524261,1.1309651188895487e-07,-3.688273948431015,3.5643578e-07,0.0,-3.437303066253662,-0.00017359260413343235
154800,-0.00023466587299481034,1.5568064899440514e-07,-3.688237750530243,4.9084423e-07,0.0,-6.754858016967773,-0.00022475506528065736
155000,-0.0005532850627787411,8.315778190493007e-08,-3.68827046751976,6.4015387e-07,0.0,-4.507599830627441,-0.00026473928014001947
155200,-0.0005986781325191259,9.423138980224621e-08,-3.6882730066776275,6.28829e-07,0.0,-4.65664529800415,-0.00024590034610122435
155400,-0.00058092171093449,1.1277062954562211e-07,-3.6882698774337768,5.319714e-07,0.0,-2.6437482833862305,-0.000229382188912719
155600,-0.000656113144941628,7.809113391488154e-08,-3.688269871473312,5.3167344e-07,0.0,-3.6137161254882812,-0.0002340984189584061
155800,-0.0005658972077071667,1.8514296957761188e-07,-3.6882404506206514,4.9859284e-07,0.0,-5.693599700927734,-0.0001840558046914964
156000,-0.0005150550859980285,1.2907936000061682e-07,-3.6882513523101808,3.4034252e-07,0.0,-3.0210680961608887,-0.00015941981995979405
156200,-0.000256203900789842,1.5650506330899815e-07,-3.6882525205612184,3.349781e-07,0.0,-3.2617897987365723,-0.00015970756078491631
156400,-0.0006125795771367848,9.82161002305304e-08,-3.688284456729889,7.390976e-07,0.0,-3.85111665725708,-0.0002359643716017601
156600,-0.0006509618833661079,1.0981326514780676e-07,-3.6882725954055786,5.820393e-07,0.0,-6.388325214385986,-0.00024967951362118155
156800,-0.00041718556894920766,5.371288427369336e-08,-3.6882814347743986,3.8772822e-07,0.0,-2.756965160369873,-0.00017493140490767444
157000,-0.0003803969011642039,1.0154525540428949e-07,-3.6882704138755797,3.6835672e-07,0.0,-4.091681003570557,-0.00017432722306205407
157200,-0.0004900472122244537,8.370734603246887e-08,-3.688267856836319,5.838275e-07,0.0,-5.440950870513916,-0.0002617473391417047
157400,-0.0006060897139832377,1.2912294380384993e-07,-3.6882542729377747,4.810095e-07,0.0,-3.370129108428955,-0.00020009191362762023
157600,-0.000353963696397841,1.0470680731344827e-07,-3.6882745265960692,3.7461518e-07,0.0,-3.5591907501220703,-0.0001427610376082411
157800,-0.0005782282096333802,1.5423417849547149e-07,-3.6882324039936067,5.1796434e-07,0.0,-4.518678188323975,-0.00019144210999153533
158000,-0.00023463083198294044,1.0021677105953586e-07,-3.688250494003296,4.670024e-07,0.0,-7.139643669128418,-0.00017388927059132088
158200,-0.0004528355784714222,1.2919641525499515e-07,-3.6882402420043947,5.8472153e-07,0.0,-2.4297614097595215,-0.00022669616484460864
158400,-0.0003664713294710964,1.6742003783321024e-07,-3.6882419526576995,3.9488077e-07,0.0,-6.727916717529297,-0.00018330033020719227
158600,-0.0004362189501989633,6.13039714103536e-08,-3.6882661819458007,7.364154e-07,0.0,-11.603673934936523,-0.0002749804410878909
158800,-0.0006152677233330905,1.0189100017043983e-07,-3.6882642686367033,4.6491624e-07,0.0,-4.3452229499816895,-0.00021291779150258705
159000,-0.00045844330452382565,1.164025258404422e-07,-3.688243591785431,4.1574242e-07,0.0,-2.249553680419922,-0.00020133034883668133
159200,-0.00047392878332175314,1.5071299213076373e-07,-3.688235676288605,3.6865472e-07,0.0,-4.627401828765869,-0.00018316642782179038
159400,-0.0006904952460899949,1.395433393724943e-07,-3.688241219520569,5.784631e-07,0.0,-4.591606616973877,-0.00022891682556664962
159600,-0.0002751010179053992,5.3751527406831204e-08,-3.6882699728012085,3.8444998e-07,0.0,-5.467665195465088,-0.0001604990507298787
159800,-0.000746543169952929,1.395974884133011e-07,-3.6882570385932922,3.6358836e-07,0.0,-5.204308032989502,-0.0002031467290666944
160000,-0.0007325561600737274,1.2672202540642274e-07,-3.68822323679924,8.139014e-07,0.0,-2.44265079498291,-0.00030181542193343793
160200,-0.00045473582576960325,7.844761906738995e-08,-3.688265073299408,5.617738e-07,0.0,-4.233254909515381,-0.0002027007007072701
160400,-0.00037838058779016137,1.655860833338352e-07,-3.6882195711135863,4.3958426e-07,0.0,-3.2219228744506836,-0.00019095638499559974
160600,-0.000750766892451793,1.4116659734497717e-07,-3.688231360912323,7.4595215e-07,0.0,-4.927380084991455,-0.0003052357434912611
160800,-0.000288186885882169,8.819030234974435e-08,-3.6882323205471037,6.312132e-07,0.0,-2.22991681098938,-0.00023583520836268913
161000,-0.000653524068184197,9.992732987740283e-08,-3.688240998983383,5.593896e-07,0.0,-8.019377708435059,-0.00020540675517395358
161200,-0.00038230777136050165,1.5273059190690218e-07,-3.6882398962974547,3.7044288e-07,0.0,-3.1972455978393555,-0.00016662222176977437
161400,-0.00035115235368721187,9.741035640331575e-08,-3.6882455110549928,3.9160253e-07,0.0,-1.9617397785186768,-0.00017729856045900494
161600,-0.0003391251666471362,8.703100160545318e-08,-3.6882340371608735,3.8355589e-07,0.0,-7.079840660095215,-0.00015980057539638493
161800,-0.0003198280755896121,8.02549267042707e-08,-3.6882310807704926,7.539988e-07,0.0,-7.764884948730469,-0.0002839573468638612
162000,-0.0002638500591274351,6.712189772883904e-08,-3.6882159411907196,4.3928623e-07,0.0,-3.716186046600342,-0.00017060203958272347
162200,-0.00041379581671208143,1.31977534145733e-07,-3.688188362121582,4.956126e-07,0.0,-3.2241015434265137,-0.00020684555129535376
162400,-0.000310710835037753,1.0524166267344981e-07,-3.688224786520004,4.2796137e-07,0.0,-7.564508438110352,-0.0001747307332830239
162600,-0.0005666764336638153,1.1274878151112943e-07,-3.6881967186927795,5.248189e-07,0.0,-0.5528371334075928,-0.00022861537346567927
162800,-0.0004441646742634475,1.5671756532498192e-07,-3.688186228275299,4.1872266e-07,0.0,-7.021580696105957,-0.00018296538219657598
163000,-0.0003264272818341851,1.3651754215970868e-07,-3.6881954073905945,5.2750113e-07,0.0,-3.6588897705078125,-0.0001760253563951597
163200,-0.0005309970583766699,9.884351914735134e-08,-3.6882204711437225,4.5865772e-07,0.0,-3.1305556297302246,-0.0002029927140899862
163400,-0.0006207489059306681,8.927853007989484e-08,-3.688215833902359,5.1498415e-07,0.0,-3.0973830223083496,-0.00023928363731158254
163600,-0.0003224047541152686,1.216877786092141e-07,-3.6881997287273407,5.9723857e-07,0.0,-4.945278644561768,-0.0002488519622600105
163800,-0.0006870815996080637,1.0432137571569911e-07,-3.688212913274765,5.38826e-07,0.0,-1.2604305744171143,-0.000189860278559828
164000,-0.0005599750438705087,1.391517526982966e-07,-3.6882023870944978,5.1826237e-07,0.0,-6.113983154296875,-0.00022062142031540333
164200,-0.0005654762499034405,8.79178799984004e-08,-3.688214290142059,4.789233e-07,0.0,-6.410511016845703,-0.00018516972030037105
164400,-0.0004845702205784619,0.0003160545449645724,-3.6885440349578857,3.3646822e-07,0.0,-0.2585408687591553,-0.00017859373977473502
164600,-0.00046433552051894367,9.535968911222881e-05,-3.6883520066738127,4.7773125e-07,0.0,-2.7035598754882812,-0.00022259254849572586
164800,-0.0006067739450372756,1.6688446407897572e-05,-3.6882275342941284,6.7442653e-07,0.0,-2.9708194732666016,-0.00025864012317176053
165000,-0.00048115773824974895,4.929296210320899e-05,-3.688202428817749,4.9531457e-07,0.0,-0.06805670261383057,-0.0001866539422149982
165200,-0.0006711295573040843,5.496299909282243e-05,-3.688226717710495,7.5846907e-07,0.0,-0.013857841491699219,-0.0002720399055133438
165400,-0.0006879850989207625,2.7365779078536435e-05,-3.688210189342499,6.6339965e-07,0.0,0.00039643049240112305,-0.00024787555761562885
165600,-0.0004740945005323738,3.5104388985018886e-05,-3.688216543197632,6.54459e-07,0.0,0.038508057594299316,-0.00025889924055354506
165800,-0.0003052086103707552,1.8645667501004938e-05,-3.6882261276245116,5.6743625e-07,0.0,0.1499055027961731,-0.0002364580932248117
166000,-0.000538290070835501,2.38968258145178e-05,-3.688204514980316,6.195903e-07,0.0,0.008749902248382568,-0.0002683056639125603
166200,-0.000524517148733139,2.47454308464512e-05,-3.6882077634334562,4.1484833e-07,0.0,0.006387650966644287,-0.00017410741800700792
166400,-0.0006339766550809145,2.9115313918737228e-05,-3.688209408521652,6.6995625e-07,0.0,0.01747053861618042,-0.00026002287991282457
166600,-0.0005355863831937313,2.6062059396281258e-05,-3.688202428817749,5.045533e-07,0.0,0.13203668594360352,-0.00021038478628088164
166800,-0.0006733570480719209,2.5022148111020216e-05,-3.6881834268569946,6.777048e-07,0.0,0.03205198049545288,-0.00026959684438430107
167000,-0.00034602233790792525,2.7705405045708176e-05,-3.688191294670105,5.8084726e-07,0.0,0.09895884990692139,-0.00021612511630078046
167200,-0.000702399353031069,1.4341303062792576e-05,-3.68819779753685,7.8558924e-07,0.0,0.022679448127746582,-0.000273656442714687
167400,-0.0006035314290784299,1.4704407817589527e-05,-3.688182306289673,9.453297e-07,0.0,0.08600658178329468,-0.00030777305213769424
167600,-0.0006098861340433359,1.5135154433210118e-05,-3.6881905794143677,5.7429077e-07,0.0,0.08292680978775024,-0.0002443555596753466
167800,-0.0006253820029087365,2.1514598483918234e-05,-3.688169848918915,4.9978496e-07,0.0,0.09565877914428711,-0.00022113552804845505
168000,-0.0005546218017116189,1.466026583329949e-05,-3.6881598830223083,5.710125e-07,0.0,-0.1289151906967163,-0.00022169001476810558
168200,-0.00017629703506827354,1.3743129034082813e-05,-3.688176465034485,3.9875505e-07,0.0,0.1295498013496399,-0.00017526644527834367
168400,-0.0006380550330504775,1.7953117094293702e-05,-3.6881882190704345,5.567074e-07,0.0,0.0795164704322815,-0.00020603728963499712
168600,-0.0005743124056607485,2.1820285655849148e-05,-3.688149929046631,6.431341e-07,0.0,-0.06625235080718994,-0.00029042486978534396
168800,-0.0005321906646713614,4.585947599480278e-05,-3.688161152601242,4.87268e-07,0.0,0.037233948707580566,-0.0002149126973371107
169000,-0.0005764483357779682,1.4781934896745953e-05,-3.6881548404693603,6.3568353e-07,0.0,0.06959640979766846,-0.00027273110117613796
169200,-0.0007850119727663696,4.146002487459554e-06,-3.688163071870804,7.05719e-07,0.0,-0.11442303657531738,-0.00024181399053055941
169400,-0.0005839450168423355,1.1099261701019714e-05,-3.6881679356098176,6.5028667e-07,0.0,0.05564415454864502,-0.00023624209971712107
169600,-0.0006775127840228379,2.6969236478180393e-05,-3.6881838381290435,7.233024e-07,0.0,0.14208436012268066,-0.0002590893795382243
169800,-0.0005763918161392212,2.1675982361557543e-05,-3.688167667388916,5.3584574e-07,0.0,0.07030123472213745,-0.00021102684759410906
170000,-0.0005450371536426246,2.1380454882091726e-05,-3.6881577730178834,6.4343214e-07,0.0,0.028456032276153564,-0.00025026425718703836
170200,-0.0004269760684110224,3.434598156673019e-05,-3.6881685972213747,4.4494868e-07,0.0,0.0790567398071289,-0.00019284358650792922
170400,-0.0005636007990688086,9.98978825919039e-06,-3.688157397508621,7.4088575e-07,0.0,-0.0871584415435791,-0.00027683915282363805
170600,-0.0006172736757434905,2.53354157848662e-05,-3.688145285844803,6.520748e-07,0.0,0.02420330047607422,-0.00024475209484102755
170800,-0.000515110557898879,1.0320700209831556e-05,-3.688102823495865,5.9872866e-07,0.0,-0.19460153579711914,-0.00024070723342113355
171000,-0.0006622810615226626,2.9498997446353314e-05,-3.688114565610886,6.41346e-07,0.0,0.15280336141586304,-0.00023701728948959387
171200,-0.00039567469502799213,1.8830177782547253e-05,-3.688152366876602,4.8190356e-07,0.0,0.19137680530548096,-0.00020013183308946746
171400,-0.00046874236431904137,1.6379976523239746e-05,-3.688128596544266,4.9352644e-07,0.0,0.1232219934463501,-0.00021834472595037014
171600,-0.0007493863231502473,1.7234114125130873e-05,-3.688133430480957,5.9753654e-07,0.0,-0.10840225219726562,-0.00025413295789030734
171800,-0.0003970164980273694,2.343526989534439e-05,-3.688136565685272,6.458163e-07,0.0,0.02760535478591919,-0.00026647823335872455
172000,-0.0005988465854898095,1.4600905001316277e-05,-3.688132381439209,8.389354e-07,0.0,0.05139648914337158,-0.0002939597763152779
172200,-0.000408362626330927,3.774547626562707e-05,-3.6881220817565916,4.4226647e-07,0.0,0.05717194080352783,-0.0001862007690196954
172400,-0.0005435659550130367,1.3322190034159575e-05,-3.688156712055206,4.3421983e-07,0.0,0.1249883770942688,-0.00018281020134360836
172600,-0.0005026280996389687,2.1453075328281555e-05,-3.6881718695163728,6.0379506e-07,0.0,0.07256096601486206,-0.00022463636136387243
172800,-0.0004882165230810642,2.8390804345690412e-05,-3.6881598591804505,4.8875813e-07,0.0,0.0849345326423645,-0.00022837710217147312
173000,-0.0006857248372398317,1.607288932063966e-05,-3.688166415691376,4.5299527e-07,0.0,0.08076947927474976,-0.00019632322212321808
173200,-0.0004548694705590606,1.4877253101985844e-05,-3.6881488084793093,5.963444e-07,0.0,0.06444007158279419,-0.00022293776260262632
173400,-0.0005775839672423899,1.749008772549132e-05,-3.6881586253643035,7.528066e-07,0.0,0.18368405103683472,-0.00028871869983038145
173600,-0.0004262072325218469,1.5885404286564155e-05,-3.6881622850894926,6.651878e-07,0.0,0.16889524459838867,-0.0002793500571112828
173800,-0.0006530719110742211,1.079691406857819e-05,-3.688174086809158,6.946921e-07,0.0,0.1559070348739624,-0.00026931189686525415
174000,-0.000392712012398988,3.447026538196951e-05,-3.6881586849689483,4.1812658e-07,0.0,0.1347150206565857,-0.00018869326875483594
174200,-0.0005622656899504364,2.781030602818646e-05,-3.688155859708786,5.1289794e-07,0.0,-0.00757288932800293,-0.00022193618258019575
174400,-0.0005164295434951782,1.3633895969178412e-05,-3.6881691038608553,5.7905913e-07,0.0,0.02093338966369629,-0.00022253627545547604
174600,-0.0008201613673008978,1.1498235585349903e-05,-3.6881768226623537,7.092953e-07,0.0,-0.059713006019592285,-0.00025274284082945633
174800,-0.0005883143749088049,2.8175567331345518e-05,-3.688154065608978,4.905462e-07,0.0,0.051869213581085205,-0.00019806401294513164
175000,-0.0003254524781368673,4.177513487775286e-05,-3.688166356086731,5.966425e-07,0.0,0.04188817739486694,-0.000251393533587807
175200,-0.0004244936862960458,9.301214822698966e-06,-3.6881390511989594,4.6461818e-07,0.0,-0.11859822273254395,-0.00021186615478152593
175400,-0.0005691022961400449,1.4133633976598503e-05,-3.688130033016205,5.152822e-07,0.0,0.024710893630981445,-0.0002189542358115304
175600,-0.000481704919366166,1.6814029800116258e-05,-3.6881470382213593,6.261468e-07,0.0,0.17769980430603027,-0.00022504437060435478
175800,-0.000665404659230262,1.706323315602276e-05,-3.688167077302933,5.8442356e-07,0.0,-0.0031032562255859375,-0.0002511039373821411
176000,-0.0005995924584567547,1.8803942907652527e-05,-3.688168263435364,5.534291e-07,0.0,0.07081562280654907,-0.00023594594625460098
176200,-0.0005500628612935543,2.0316955874477573e-05,-3.6881484031677245,4.136562e-07,0.0,-0.05628311634063721,-0.00018509937057029636
176400,-0.00046081517939455807,2.4047284045991547e-05,-3.6881408214569094,5.701184e-07,0.0,0.03757435083389282,-0.00024032083184465368
176600,-0.00031506005325354636,2.0732930624944857e-05,-3.688154947757721,3.2812358e-07,0.0,-0.03411257266998291,-0.00014000995576286536
176800,-0.0006295093335211277,1.2907455561617098e-05,-3.688156098127365,6.5684316e-07,0.0,0.016257643699645996,-0.0002571502142645787
177000,-0.0007259679841808975,2.3313872179642204e-05,-3.688128650188446,6.464124e-07,0.0,0.08064848184585571,-0.00022804127673418663
177200,-0.00041015123133547604,3.97975476062129e-05,-3.6881436884403227,5.5015084e-07,0.0,0.09601116180419922,-0.0002132469558006278
177400,-0.0005875504575669765,1.4966915341574349e-05,-3.6881617665290833,7.206201e-07,0.0,0.2745875120162964,-0.0002750536049964225
177600,-0.0005008470616303384,2.4804181794024772e-05,-3.688122981786728,7.256865e-07,0.0,-0.04338240623474121,-0.00026696017370424484
177800,-0.0005856587667949498,2.814820168168808e-05,-3.6881391286849974,5.0544736e-07,0.0,0.06959909200668335,-0.0002034067305148657
178000,-0.0005069462931714952,2.4640664423714043e-05,-3.6881491780281066,3.6239626e-07,0.0,0.11749494075775146,-0.00015394407747408855
178200,-0.0005796517361886799,3.276867100794334e-05,-3.688151055574417,5.719066e-07,0.0,0.16444647312164307,-0.00025883290058672517
178400,-0.00037082048947922885,2.8748600561812056e-05,-3.688126665353775,6.4998864e-07,0.0,0.10752356052398682,-0.00024089014513672957
178600,-0.0007448027026839554,2.1545437425629645e-05,-3.6881379067897795,5.033612e-07,0.0,-0.009563207626342773,-0.00019608238334880567
178800,-0.000606770918238908,2.2114586136012805e-05,-3.6881614327430725,6.6399576e-07,0.0,0.08685070276260376,-0.0002952720521221863
179000,-0.0005420834058895707,1.7386356830684235e-05,-3.6881524085998536,5.677342e-07,0.0,0.0701441764831543,-0.00022921200134713439
179200,-0.0004693588416557759,1.4436716196541965e-05,-3.688143312931061,3.9160253e-07,0.0,0.19330984354019165,-0.00017844896122263255
179400,-0.0007368280785158277,1.0828942561147414e-05,-3.688154524564743,6.473065e-07,0.0,-0.025141239166259766,-0.0002715703116050072
179600,-0.0005492152413353324,3.686849704536144e-05,-3.688175892829895,6.210804e-07,0.0,0.12675392627716064,-0.00022137086162477004
179800,-0.000599898339714855,2.1166680699025165e-05,-3.688174456357956,5.945563e-07,0.0,-0.3759119510650635,-0.00022217415332783652
180000,-0.0005955654778517783,2.3994674211280654e-05,-3.6881456434726716,6.9707636e-07,0.0,-0.039546847343444824,-0.00025646653818331975
180200,-0.0007787026697769761,2.3427973201251006e-05,-3.6881552219390867,7.6442956e-07,0.0,0.08363795280456543,-0.00031229269575109295
180400,-0.0002908339083660394,1.730124763525964e-05,-3.6881820142269133,8.136034e-07,0.0,0.0656435489654541,-0.0002733041365615918
180600,-0.000274547201115638,2.868167930500931e-05,-3.688169652223587,2.8222797e-07,0.0,0.004462480545043945,-0.0001514166903783032
180800,-0.0006169130792841315,1.1252854301346816e-05,-3.688153737783432,5.751848e-07,0.0,0.19111794233322144,-0.00022246785477371135
181000,-0.0005947660538367927,1.3199550880926836e-05,-3.6881641149520874,4.87864e-07,0.0,0.09555619955062866,-0.0002066915869459507
181200,-0.000617925834376365,1.2274184405214328e-05,-3.688171297311783,5.429983e-07,0.0,0.1641935110092163,-0.00023960703865499866
181400,-0.00044667263864539564,9.38681304205602e-06,-3.6881593108177184,4.7832725e-07,0.0,0.05768001079559326,-0.0002161290505073299
181600,-0.000568628660403192,1.2607338521775092e-05,-3.688150054216385,5.152822e-07,0.0,0.2199549674987793,-0.00020611073063907525
181800,-0.0005750257987529039,1.2732866184705927e-05,-3.688139098882675,5.4210426e-07,0.0,0.17235654592514038,-0.00021893510965422802
182000,-0.000829627737402916,3.746548309209174e-05,-3.688159650564194,7.233024e-07,0.0,0.06698685884475708,-0.00028721143423284803
182200,-0.0004419674805831164,1.4033445290806413e-05,-3.688122868537903,4.9620866e-07,0.0,0.09704744815826416,-0.00020198703597271717
182400,-0.0005645279306918383,1.6886334014998285e-05,-3.6881380915641784,4.425645e-07,0.0,0.13568198680877686,-0.00018745255555905339
182600,-0.0005422092508524656,1.0392794160907215e-05,-3.6881479740142824,4.7355888e-07,0.0,0.10044455528259277,-0.00019705092217496556
182800,-0.0004940704675391316,2.191785215472919e-05,-3.6881392121315004,5.6743625e-07,0.0,0.040402352809906006,-0.00023438322671887057
183000,-0.0003740471147466451,2.096017624353408e-05,-3.688137650489807,7.081032e-07,0.0,0.165053129196167,-0.0002472670280867506
183200,-0.0005238829762674868,1.7095897533181414e-05,-3.688122308254242,5.367398e-07,0.0,0.120414137840271,-0.00021108481411533653
183400,-0.000567439419683069,1.5408939634653507e-05,-3.6881347715854647,5.77867e-07,0.0,-0.4563232660293579,-0.00022044875686808574
183600,-0.0003064755874220282,1.6623271540083807e-05,-3.688144028186798,3.8176776e-07,0.0,0.12639856338500977,-0.00017112748276768564
183800,-0.0005094129010103643,2.1265032728479127e-05,-3.6881651043891908,9.74536e-07,0.0,0.16102933883666992,-0.0002929348196025972
184000,-0.0005037527298554778,9.596661413979746e-06,-3.6881383895874023,5.483627e-07,0.0,-0.05960214138031006,-0.00022486332042785938
184200,-0.0006889231153763831,1.4587118312192614e-05,-3.688127601146698,6.055832e-07,0.0,0.004742980003356934,-0.0002401361746920294
184400,-0.00042334094177931547,1.9235928812122437e-05,-3.688134288787842,5.1409006e-07,0.0,-0.03225839138031006,-0.00020965290141305992
184600,-0.000495544052682817,1.2355006447251071e-05,-3.6881521463394167,4.184246e-07,0.0,0.06727039813995361,-0.00017115719575189203
184800,-0.0005302320350892842,1.5080537627909507e-05,-3.688151603937149,7.197261e-07,0.0,0.1383000612258911,-0.00028574696204257676
185000,-0.00034391734516248107,1.9606007549555214e-05,-3.688158631324768,4.6640636e-07,0.0,-0.05805540084838867,-0.00017439857964882677
185200,-0.00043027778156101704,2.2386196178558748e-05,-3.688150405883789,7.334352e-07,0.0,-0.006152033805847168,-0.00027357748035945485
185400,-0.0006517909350804985,1.3581572534349107e-05,-3.688170701265335,4.413724e-07,0.0,0.06763237714767456,-0.00019901176365664242
185600,-0.0005311098648235202,1.3236122299531417e-05,-3.688158082962036,4.130602e-07,0.0,0.09018981456756592,-0.00019450003759948764
185800,-0.0006056128186173737,2.8879161618533544e-05,-3.6881622672080994,4.339218e-07,0.0,0.15169239044189453,-0.00019251117258488603
186000,-0.00038146364386193454,2.5638504484959413e-05,-3.6881578147411345,4.3809413e-07,0.0,0.09308624267578125,-0.00019900411294306863
186200,-0.0005900395917706192,1.1559488564216736e-05,-3.688154548406601,4.440546e-07,0.0,0.014883041381835938,-0.00019204658126501518
186400,-0.0005875627393834293,3.173376403537986e-05,-3.6881818532943726,4.5925378e-07,0.0,0.028500497341156006,-0.00021517208800583276
186600,-0.0007137543288990855,2.898312859542784e-05,-3.688177990913391,9.551645e-07,0.0,0.053192138671875,-0.000316127016425527
186800,-0.0007114639738574624,2.5351625481562223e-05,-3.6881395518779754,8.547306e-07,0.0,0.05862140655517578,-0.0003225239667063784
187000,-0.00031066848896443844,2.2561116043107177e-05,-3.6881769955158235,5.248189e-07,0.0,-0.012524604797363281,-0.00022343932298395374
187200,-0.0006741099059581757,2.000589934141317e-05,-3.688168412446976,6.2048434e-07,0.0,0.15906202793121338,-0.0002864450137621155
187400,-0.00046876241685822606,4.4122481358499496e-05,-3.688143438100815,5.3823e-07,0.0,0.09497255086898804,-0.00022821208375489732
187600,-0.0006526452489197254,3.1000277522252874e-05,-3.688167554140091,6.3091517e-07,0.0,0.030132293701171875,-0.0002618493655279552
187800,-0.0003976335283368826,1.859949047684495e-05,-3.6881554782390595,5.748868e-07,0.0,-0.05493772029876709,-0.00021524021005303595
188000,-0.0005477946251630783,1.8666264099920227e-05,-3.6881208419799805,6.2137843e-07,0.0,0.02415412664413452,-0.0002638797310591023
188200,-0.00027976170531474054,2.7133297862746986e-05,-3.688184940814972,4.6432018e-07,0.0,0.018837451934814453,-0.0001919027418878727
188400,-0.00046281953109428287,2.8757840527759982e-05,-3.688130122423172,5.90384e-07,0.0,0.05655401945114136,-0.00024403579666750774
188600,-0.000440689706010744,2.548356137594965e-05,-3.6881415963172914,4.926324e-07,0.0,0.1003345251083374,-0.00016510497050177265
188800,-0.0007096960907801986,2.183576298193657e-05,-3.6881330609321594,6.613135e-07,0.0,-0.11414027214050293,-0.0002552543849322353
189000,-0.0004464985686354339,1.6746719575166934e-05,-3.6881202816963197,4.789233e-07,0.0,-0.0032057762145996094,-0.00021224415262564023
189200,-0.00042780148214660585,1.2734227925648157e-05,-3.6881279349327087,5.120039e-07,0.0,0.19674956798553467,-0.00021628783854510392
189400,-0.00040898844599723816,1.3027472493831738e-05,-3.688105458021164,5.39124e-07,0.0,0.14678621292114258,-0.0002010627765998807
189600,-0.0007086110417731106,2.0156497953394137e-05,-3.6881272435188293,5.8352947e-07,0.0,0.1433534026145935,-0.00023304349989666795
189800,-0.0005855848430655897,1.5159661847974348e-05,-3.68811417222023,4.968047e-07,0.0,0.024188756942749023,-0.0002158036532034835
190000,-0.0007755671394988894,2.9177713440731167e-05,-3.6880843460559847,8.1121914e-07,0.0,-0.004410982131958008,-0.0003149671871847115
190200,-0.0005948757170699537,1.345705477433512e-05,-3.6881341874599456,4.670024e-07,0.0,-0.39475786685943604,-0.000199156330429906
190400,-0.00046761526027694345,1.5478367686228012e-05,-3.6881271958351136,4.6759845e-07,0.0,0.07896345853805542,-0.00020310759055801596
190600,-0.0006457219715230167,1.5510799698859046e-05,-3.688135838508606,5.477667e-07,0.0,0.06694221496582031,-0.00023386244493850405
190800,-0.0005620036972686648,1.3227691749762015e-05,-3.688118040561676,5.853176e-07,0.0,0.15744531154632568,-0.000258024630389575
191000,-0.0006536896689794958,1.5811966204637428e-05,-3.688113844394684,5.251169e-07,0.0,0.06448018550872803,-0.00021984117306945717
191200,-0.0002226165815955028,1.4133688364381668e-05,-3.6881242990493774,4.4941902e-07,0.0,0.1409650444984436,-0.00016522555965128304
191400,-0.00032845791429281235,3.06736543734587e-05,-3.688112795352936,4.7624113e-07,0.0,0.055991411209106445,-0.00022231814043913723
191600,-0.00033934818929992616,2.5390216342202622e-05,-3.6881065249443052,6.431341e-07,0.0,0.004587948322296143,-0.00024226854014524067
191800,-0.00026163188158534467,1.512533444838482e-05,-3.6881226360797883,4.6819451e-07,0.0,-0.020893096923828125,-0.0001656638165681734
192000,-0.000416891387430951,3.139089012620389e-05,-3.6881324112415315,2.7954576e-07,0.0,0.060490190982818604,-0.00013174637946781199
192200,-0.0008399466169066727,3.563186819519615e-05,-3.688126713037491,6.181002e-07,0.0,0.036949872970581055,-0.0002646230325595411
192400,-0.0005887937732040882,2.2016861635165696e-05,-3.6881269752979278,7.4476003e-07,0.0,0.049298107624053955,-0.0002524769563292173
192600,-0.0005443462869152427,1.297119326864049e-05,-3.688131558895111,5.695224e-07,0.0,-0.0191495418548584,-0.00022304116288935917
192800,-0.0006041965680196881,2.928330341092078e-05,-3.688117516040802,5.4210426e-07,0.0,0.03806668519973755,-0.00021100265456635013
193000,-0.0005699715693481266,3.660743500404351e-05,-3.688127648830414,7.0959334e-07,0.0,0.03711444139480591,-0.00024133861203057272
193200,-0.0005594809772446752,1.3778807397102354e-05,-3.6881290853023527,4.968047e-07,0.0,-0.5971909761428833,-0.00024408315083288557
193400,-0.0008347044931724668,1.1333804468449671e-05,-3.6881083130836485,8.3565715e-07,0.0,0.02201378345489502,-0.00029010694318143404
193600,-0.0005903249839320779,3.076064253946242e-05,-3.6881229639053346,4.723668e-07,0.0,0.007544875144958496,-0.0002096973142874936
193800,-0.0004686751344706863,1.960520769443974e-05,-3.6881241261959077,4.3839216e-07,0.0,0.05870133638381958,-0.00019522103499332034
194000,-0.00044171573244966567,3.798355919570895e-05,-3.688128113746643,5.823374e-07,0.0,0.023878633975982666,-0.00022037260224716526
194200,-0.0003363257856108248,1.6482926025673805e-05,-3.6881306529045106,5.096197e-07,0.0,0.16383051872253418,-0.00024395339996319265
194400,-0.0007331263041123748,2.058943366591848e-05,-3.6881296813488005,6.0617924e-07,0.0,-0.051267027854919434,-0.00026915691745192926
194600,-0.0006964696221984923,2.0255390131751484e-05,-3.6880945444107054,6.169081e-07,0.0,-0.1714998483657837,-0.0002452888118525731
194800,-0.0006701917736791074,1.9334284706928885e-05,-3.6880843698978425,5.9336423e-07,0.0,0.08843618631362915,-0.00024858361500434967
195000,-0.0004198621027171612,2.932971847258159e-05,-3.688087451457977,5.13494e-07,0.0,0.08950012922286987,-0.00022738601204492782
195200,-0.0006765148136764765,2.8371161624818343e-05,-3.6880850553512574,6.8187717e-07,0.0,0.08643513917922974,-0.0002919497053869069
195400,-0.0004130678717046976,2.0731494282699713e-05,-3.688093000650406,5.7667495e-07,0.0,-0.0010508298873901367,-0.0002360263304331034
195600,-0.0003866428160108626,1.5700606513746607e-05,-3.688087111711502,4.771352e-07,0.0,0.016060471534729004,-0.0001904257087230743
195800,-0.0002701867197174579,1.8240590316054293e-05,-3.688075542449951,4.044175e-07,0.0,0.04882550239562988,-0.00017556818618549296
196000,-0.0004906160174869001,1.3892580318497494e-05,-3.6880913019180297,5.277991e-07,0.0,0.09194350242614746,-0.0002049693405624442
196200,-0.000577954517211765,2.3496625044572283e-05,-3.6880771219730377,4.4107435e-07,0.0,0.07653683423995972,-0.00020385610682298604
196400,-0.0007219029939733446,2.8135793672845467e-05,-3.688076776266098,6.109476e-07,0.0,0.1355387568473816,-0.00025608149183518056
196600,-0.0005409371806308627,1.641831074721267e-05,-3.688078612089157,4.181266e-07,0.0,0.0005995631217956543,-0.00017231773550008267
196800,-0.0005967223551124334,1.7541227816764148e-05,-3.6880750477313997,5.3405756e-07,0.0,0.08962810039520264,-0.0002103338820849121
197000,-0.0006561105255968869,1.6974142999970355e-05,-3.688086378574371,7.048249e-07,0.0,0.26563549041748047,-0.000268397004766463
197200,-0.0006139414035715163,1.8992491550307023e-05,-3.6880810260772705,7.0631506e-07,0.0,-0.230759859085083,-0.0002808758594230687
197400,-0.0004879708285443485,1.4204435115061641e-05,-3.6880566775798798,4.61936e-07,0.0,0.22290050983428955,-0.00018851241478481384
197600,-0.0004884150112047791,3.0403402206502506e-05,-3.688073253631592,4.735589e-07,0.0,0.15375089645385742,-0.00020997308190020547
197800,-0.0005814106552861631,1.3252360122351093e-05,-3.688055860996246,5.7816504e-07,0.0,0.16198688745498657,-0.0002676086967335234
198000,-0.0007574357441626489,1.937359527346416e-05,-3.6880565881729126,7.2926287e-07,0.0,-0.002685070037841797,-0.0002833570634963922
198200,-0.0005414225161075592,1.851209442520485e-05,-3.688053858280182,5.39124e-07,0.0,0.05318343639373779,-0.00023720347879276903
198400,-0.00042847139411605895,1.4784682821300522e-05,-3.688048708438873,4.1753052e-07,0.0,0.025835692882537842,-0.00019288881893499976
198600,-0.00033090083161368966,1.193072527030381e-05,-3.688045471906662,7.31051e-07,0.0,0.09303492307662964,-0.00027157300574796037
198800,-0.00027683275402523577,9.53131108190064e-06,-3.688025730848312,4.6789646e-07,0.0,-0.004314899444580078,-0.00017606749507290687
199000,-0.0006270031444728374,2.7705751199391672e-05,-3.6880243897438048,4.3153761e-07,0.0,0.14503604173660278,-0.00019669217040743092
199200,-0.0007962780073285103,2.9228273433545837e-05,-3.688015431165695,7.802248e-07,0.0,-0.055673837661743164,-0.00030755081078717164
199400,-0.0006466658669523895,2.254747596452944e-05,-3.6880260705947876,3.8474798e-07,0.0,0.01368170976638794,-0.0001743450339288355
199600,-0.0006034149555489421,1.716951819616952e-05,-3.68802495598793,6.094575e-07,0.0,0.002087414264678955,-0.00026720736931605814
199800,-0.00047746230848133564,2.0811259673791938e-05,-3.688063234090805,4.4733287e-07,0.0,0.10773622989654541,-0.00018561642673011746
200000,-0.0005960530834272504,1.554899745315197e-05,-3.688054823875427,7.545948e-07,0.0,0.13404643535614014,-0.00026528328409778366
