timestep,loss,value_loss,entropy_loss,approx_kl,clip_fraction,explained_variance,policy_gradient_loss
200,,,,,,,
400,14.433673858642578,26.37841901779175,-3.688876324892044,1.0609627e-07,0.0,-0.010691165924072266,-0.00012187576262006062
600,9.372762680053711,23.816308283805846,-3.6888751804828646,2.0831823e-07,0.0,0.006740093231201172,-0.00014290716355560562
800,21.93395233154297,41.75095620155334,-3.6888734698295593,1.6957522e-07,0.0,0.010262489318847656,-0.00011432360710581513
1000,8.71550464630127,19.282481694221495,-3.6888733565807343,2.604723e-07,0.0,-0.004502415657043457,-0.00016489878271652714
1200,7.178408145904541,13.921446371078492,-3.6888734221458437,2.6881696e-07,0.0,-0.017756104469299316,-0.0001501896978769679
1400,15.764179229736328,27.60453395843506,-3.688873165845871,1.6987325e-07,0.0,-0.005737900733947754,-0.00013796188699446432
1600,4.302943229675293,7.852683043479919,-3.6888726890087127,1.5464425e-06,0.0,-0.021095991134643555,-0.0004327459911378284
1800,3.9486660957336426,7.452286648750305,-3.6888708233833314,3.34084e-07,0.0,0.001730501651763916,-0.00016008431496858933
2000,5.941595077514648,13.337125396728515,-3.688870596885681,4.2885543e-07,0.0,0.01687300205230713,-0.00021240680863798822
2200,4.939906120300293,9.23488119840622,-3.688869905471802,5.8025125e-07,0.0,0.026305198669433594,-0.0002163999890415158
2400,15.028018951416016,30.809930324554443,-3.6888690292835236,6.4671035e-08,0.0,0.004986882209777832,-5.3456381210437164e-05
2600,9.535090446472168,25.287729120254518,-3.6888689160346986,3.8444995e-08,0.0,-0.011927962303161621,-5.980206323374926e-05
2800,9.352012634277344,17.49783852100372,-3.6888689756393434,6.347895e-08,0.0,0.0013680458068847656,-6.773156702368776e-05
3000,1.907773733139038,4.097405177354813,-3.6888686060905456,5.766749e-07,0.0,-0.02684152126312256,-0.0002236504844062237
3200,4.984714031219482,10.036108875274659,-3.688867998123169,3.7133694e-07,0.0,-0.018508434295654297,-0.00016836563396727122
3400,5.100463390350342,13.586525011062623,-3.6888667583465575,2.18153e-07,0.0,0.02052861452102661,-0.00012334965967264466
3600,4.20383882522583,7.4740173578262326,-3.6888658165931703,1.9520522e-07,0.0,0.0010387897491455078,-0.00011527597178027094
3800,1.2051554918289185,2.333099380135536,-3.6888648152351378,2.2688507e-06,0.0,-0.03826403617858887,-0.0005215885620394545
4000,21.2376708984375,44.76018552780151,-3.6888610303401945,9.4175334e-08,0.0,0.006206810474395752,-1.0973758979559988e-05
4200,15.61790943145752,29.983615255355836,-3.6888610064983367,6.556511e-09,0.0,0.01607489585876465,-3.2046429934329265e-05
4400,13.941815376281738,23.12208342552185,-3.6888612687587736,1.40070915e-08,0.0,-0.042438507080078125,-4.121817842912545e-05
4600,7.439406394958496,17.381006264686583,-3.688862055540085,5.8710576e-08,0.0,-0.006424665451049805,-7.726155233340748e-05
4800,7.240855693817139,13.693448042869568,-3.6888610124588013,5.8710572e-08,0.0,0.024514973163604736,-6.722994468668641e-05
5000,7.222566604614258,16.93194169998169,-3.6888614654541017,3.069639e-08,0.0,-0.038201332092285156,-5.457197137026526e-05
5200,13.231989860534668,29.045935535430907,-3.6888610303401945,8.0466265e-09,0.0,0.015945374965667725,-3.182668979810899e-05
5400,7.287394046783447,16.07402060031891,-3.6888613164424897,3.9339064e-08,0.0,0.02013307809829712,-5.997568389628505e-05
5600,7.504853248596191,13.996985936164856,-3.688862091302872,1.1187792e-06,0.0,-0.0022699832916259766,-0.00030072317007581175
5800,22.000205993652344,34.68875212669373,-3.688859909772873,6.28829e-08,0.0,-0.009725689888000488,-8.249342701915907e-06
6000,4.144461631774902,10.338841652870178,-3.6888583302497864,8.5264446e-07,0.0,-0.009893298149108887,-0.00029672433529248643
6200,9.267884254455566,15.74964680671692,-3.6888566076755525,8.970499e-08,0.0,-0.0005793571472167969,-6.237581369603618e-05
6400,9.895400047302246,22.900810217857362,-3.6888568997383118,6.556511e-09,0.0,0.022710859775543213,-3.7204586125194615e-05
6600,13.001060485839844,26.522372198104858,-3.6888567388057707,7.1525577e-09,0.0,0.0014199614524841309,-4.257935643914301e-05
6800,3.5686559677124023,8.019980251789093,-3.6888575851917267,4.6789644e-08,0.0,0.0026909708976745605,-7.204660018920173e-05
7000,9.648578643798828,18.60415461063385,-3.6888568997383118,2.4139881e-08,0.0,-0.010600805282592773,-5.3804188980421944e-05
7200,6.66323709487915,14.808160710334779,-3.688856726884842,5.722046e-08,0.0,-0.030506014823913574,-7.453836498416688e-05
7400,3.132049798965454,6.604109108448029,-3.6888562083244323,1.2725593e-07,0.0,0.021099507808685303,-0.00012264925295619734
7600,11.781087875366211,28.57400221824646,-3.6888564229011536,1.6391278e-08,0.0,0.006926178932189941,-3.971327443217376e-05
7800,6.920024394989014,14.336424469947815,-3.688856381177902,2.1457671e-08,0.0,0.003257453441619873,-5.362147073704193e-05
8000,9.970667839050293,18.380048823356628,-3.688856440782547,1.7583371e-08,0.0,-0.034352779388427734,-4.7371994465067455e-05
8200,6.388347625732422,17.308687996864318,-3.6888553857803346,1.2159347e-06,0.0,-0.00152587890625,-0.00032329414837404256
8400,11.85029411315918,28.115164375305177,-3.6888536393642424,7.212162e-08,0.0,-0.007071137428283691,-4.505230473617061e-05
8600,4.925359725952148,9.38740245103836,-3.6888529896736144,3.5464765e-08,0.0,-0.052567124366760254,-6.363732340630701e-05
8800,16.48973846435547,26.86697220802307,-3.6888534665107726,2.682209e-09,0.0,0.0036534667015075684,-2.7904376442955403e-05
9000,21.374317169189453,30.72886481285095,-3.6888530611991883,2.0861624e-09,0.0,-0.010504603385925293,-2.6074074030502104e-05
9200,10.292716979980469,20.51555914878845,-3.6888539254665376,8.046627e-09,0.0,-0.008894085884094238,-4.1114121355034786e-05
9400,15.480411529541016,27.656091499328614,-3.6888539791107178,4.380941e-08,0.0,-0.0015372037887573242,-6.842897870580344e-05
9600,2.096794605255127,4.141829401254654,-3.6888536691665648,1.6957522e-07,0.0,-0.003289461135864258,-0.00013184514775206325
9800,1.2214336395263672,3.4139901995658875,-3.688855063915253,2.4229288e-07,0.0,-0.07917988300323486,-0.00015497486293956087
10000,8.928749084472656,14.722180247306824,-3.688854068517685,2.1964311e-07,0.0,0.02013307809829712,-0.0001274304611822652
10200,5.727057456970215,9.400075805187225,-3.688855081796646,6.7055225e-08,0.0,0.004445791244506836,-7.281525433402435e-05
10400,7.926735877990723,15.603240895271302,-3.688854032754898,3.695488e-08,0.0,0.012516975402832031,-6.461533926636066e-05
10600,7.406319618225098,17.17265841960907,-3.688854914903641,2.682209e-08,0.0,-0.031195640563964844,-5.985020844576638e-05
10800,7.849520206451416,15.44165530204773,-3.6888538539409637,1.7583371e-08,0.0,0.011315464973449707,-4.860873519980657e-05
11000,12.814557075500488,23.250340628623963,-3.688854932785034,7.301569e-08,0.0,-0.006989717483520508,-8.72421341574281e-05
11200,5.366686820983887,10.743600344657898,-3.6888535916805267,3.8743018e-08,0.0,-0.02916848659515381,-6.778220809647851e-05
11400,17.20844841003418,33.32528533935547,-3.6888536393642424,1.07288365e-08,0.0,0.0020868778228759766,-4.0006056709152026e-05
11600,11.170228958129883,22.327341985702514,-3.6888540267944334,1.4305114e-08,0.0,-0.0029108524322509766,-4.1988719837249275e-05
11800,3.2089595794677734,6.344189167022705,-3.6888542652130125,1.4930964e-07,0.0,-0.030058741569519043,-0.00012339475757805474
12000,7.545327186584473,14.727143669128418,-3.6888535618782043,1.7285346e-08,0.0,0.027486681938171387,-3.1979579376084645e-05
12200,15.720331192016602,29.940216302871704,-3.688855159282684,4.7683715e-09,0.0,-0.004984140396118164,-2.8303556036068934e-05
12400,35.641273498535156,55.640990829467775,-3.688854396343231,1.490116e-09,0.0,-0.0069732666015625,-2.841584389590146e-05
12600,6.5005598068237305,11.790442419052123,-3.6888541698455812,3.874302e-08,0.0,-0.022419333457946777,-6.474578424215948e-05
12800,15.240615844726562,37.70484805107117,-3.688854318857193,1.7583371e-08,0.0,0.009789228439331055,-4.3041646780928033e-05
13000,5.714659214019775,10.345556640625,-3.688854318857193,1.5616416e-07,0.0,-0.008517861366271973,-0.00012956227315873424
13200,11.771459579467773,22.953727054595948,-3.688854217529297,5.066395e-08,0.0,-9.632110595703125e-05,-6.289666908911861e-05
13400,8.674649238586426,18.846058082580566,-3.6888542771339417,6.318092e-08,0.0,0.0013887882232666016,-6.275763334455675e-05
13600,12.822965621948242,25.142937469482423,-3.688853681087494,3.3974647e-08,0.0,-0.02316129207611084,-5.1239982122114336e-05
13800,7.652872085571289,15.421505975723267,-3.6888540267944334,3.3825634e-07,0.0,0.004863142967224121,-0.0001645778380935159
14000,6.55048131942749,15.309142780303954,-3.6888558745384215,8.46386e-08,0.0,0.010791480541229248,-6.969443681995591e-05
14200,10.840617179870605,23.053840684890748,-3.6888542652130125,4.4703484e-08,0.0,-0.007397174835205078,-6.920544805497642e-05
14400,8.690682411193848,14.806882882118225,-3.688854378461838,3.3080575e-08,0.0,0.037266671657562256,-5.727067602356861e-05
14600,7.926554203033447,14.044892978668212,-3.6888538718223574,3.924966e-07,0.0,0.008567333221435547,-0.00021700180351613696
14800,15.66511344909668,26.20227360725403,-3.6888529658317566,7.259846e-07,0.0,-0.0038182735443115234,-0.0002456393379842492
15000,9.469391822814941,18.264489483833312,-3.6888514280319216,1.0013581e-07,0.0,0.004487097263336182,-6.782024001745768e-05
15200,4.205545902252197,8.151944756507874,-3.688849848508835,1.8328427e-07,0.0,-0.01415097713470459,-0.0001415344621650938
15400,6.952876567840576,15.829610776901244,-3.6888495206832888,1.9818545e-07,0.0,0.012154340744018555,-0.00014099587388711755
15600,10.025102615356445,18.382599925994874,-3.6888497173786163,5.015731e-07,0.0,-0.018125057220458984,-0.00021118339803103404
15800,13.05020523071289,24.769389200210572,-3.6888509511947634,4.0531155e-08,0.0,-0.0010857582092285156,-4.922529297863853e-05
16000,16.497455596923828,30.228054332733155,-3.6888517677783965,1.66893e-08,0.0,0.00206834077835083,-4.331688584571225e-05
16200,3.0040268898010254,7.653770458698273,-3.6888502478599547,3.0249356e-07,0.0,-0.015231847763061523,-0.00014306819722711416
16400,9.782720565795898,20.03826947212219,-3.6888492345809936,4.2617323e-08,0.0,-0.014256834983825684,-5.766957977209053e-05
16600,15.898638725280762,32.15569667816162,-3.6888484597206115,6.8545343e-09,0.0,-0.009360909461975098,-3.775280711142415e-05
16800,15.759282112121582,29.53726472854614,-3.6888497531414033,8.046627e-09,0.0,0.0055144429206848145,-4.212848847604533e-05
17000,6.063286781311035,12.66654736995697,-3.688850408792496,4.2021274e-08,0.0,0.005040407180786133,-6.796015811723066e-05
17200,5.844147205352783,10.488991522789002,-3.6888490438461305,3.579259e-07,0.0,-0.019399642944335938,-0.00018498612927511093
17400,9.637476921081543,20.32992753982544,-3.6888488113880156,3.6656857e-08,0.0,-0.0003986358642578125,-4.795549826219769e-05
17600,8.322955131530762,15.067021536827088,-3.688848799467087,1.8194318e-06,0.0,-0.003980517387390137,-0.00038380925806758004
17800,2.9405572414398193,5.159511089324951,-3.6888472855091097,2.813339e-07,0.0,0.044081032276153564,-0.00010001337601761584
18000,10.384732246398926,19.385323905944823,-3.688847702741623,3.486872e-08,0.0,-0.009970784187316895,-5.5486097628831835e-05
18200,2.8284788131713867,5.5824583053588865,-3.688847726583481,1.8417835e-07,0.0,-0.007844209671020508,-0.00013747864394133557
18400,2.9413604736328125,5.952323532104492,-3.6888468980789186,3.5613778e-07,0.0,-0.014758110046386719,-0.00016447979183968896
18600,9.722372055053711,23.956735801696777,-3.6888469457626343,2.5331973e-08,0.0,0.005764365196228027,-4.374294694651226e-05
18800,4.314387321472168,14.105778193473816,-3.6888471484184264,2.7120114e-08,0.0,-0.021469712257385254,-5.1199354312458925e-05
19000,8.370203971862793,15.30044128894806,-3.6888459980487824,6.7055225e-08,0.0,0.002735137939453125,-8.527993087796837e-05
19200,5.107067584991455,9.638303279876709,-3.688847374916077,2.9504298e-08,0.0,-0.016527891159057617,-5.5139094809497637e-05
19400,7.867906093597412,13.401620984077454,-3.688847118616104,6.4969065e-08,0.0,0.0066509246826171875,-8.25868257056328e-05
19600,10.739214897155762,21.389580821990968,-3.688847041130066,7.06315e-08,0.0,0.013557076454162598,-8.48370198808901e-05
19800,10.498802185058594,22.026266479492186,-3.6888479769229887,6.139278e-08,0.0,0.001209557056427002,-8.45041872527652e-05
20000,22.553203582763672,41.18057117462158,-3.688847506046295,1.3113022e-08,0.0,-0.0018802881240844727,-4.185087973311852e-05
20200,11.490588188171387,22.329014945030213,-3.68884756565094,2.3543834e-08,0.0,0.005569636821746826,-5.05247788407992e-05
20400,6.237334251403809,9.846904611587524,-3.6888483107089995,8.642674e-08,0.0,-0.00106048583984375,-8.996988836895703e-05
20600,7.172565460205078,12.370779347419738,-3.6888474345207216,9.1493135e-08,0.0,0.031403541564941406,-9.579732244482386e-05
20800,4.267615795135498,8.318382382392883,-3.6888487637043,1.2925268e-06,0.0,-0.0015895366668701172,-0.00033725312122941944
21000,5.627690315246582,14.152636551856995,-3.688848316669464,1.2755393e-07,0.0,-0.008078455924987793,-6.645797231517037e-05
21200,8.151725769042969,14.382279562950135,-3.6888510167598723,4.711747e-07,0.0,-0.013321399688720703,-0.00019566869526255193
21400,17.549055099487305,43.34768934249878,-3.6888506948947906,5.0365923e-08,0.0,-0.003279447555541992,-3.9365961906945304e-05
21600,6.134490013122559,15.63383138179779,-3.68885138630867,6.347894e-08,0.0,-0.017084360122680664,-9.057711154631942e-05
21800,8.3954496383667,15.903500151634216,-3.6888509511947634,5.9306622e-08,0.0,0.0014418959617614746,-7.60381072695937e-05
22000,3.973254442214966,9.476517915725708,-3.6888507544994353,8.2850455e-08,0.0,-0.001918196678161621,-7.472482734307561e-05
22200,3.830075263977051,7.01615731716156,-3.6888481438159944,5.9336423e-07,0.0,0.0057950615882873535,-0.00022327330617128994
22400,8.582866668701172,16.393613266944886,-3.6888491094112394,1.2993812e-07,0.0,0.002104341983795166,-0.00010373167478110457
22600,7.6231513023376465,12.602211809158325,-3.688848477602005,1.052022e-07,0.0,0.0017960667610168457,-9.66718384771692e-05
22800,5.81742000579834,9.860090398788453,-3.6888470709323884,1.502037e-07,0.0,0.003659844398498535,-0.00010456505038733966
23000,3.994394540786743,8.303814613819123,-3.6888481199741365,2.4080276e-07,0.0,-0.007175087928771973,-0.00015846449524361538
23200,2.2485501766204834,4.694172072410583,-3.688848006725311,9.837746e-07,0.0,-0.00882863998413086,-0.0003122297681132924
23400,11.651293754577637,22.561529397964478,-3.6888475835323336,4.0233136e-08,0.0,0.007238209247589111,-2.3324526724266548e-05
23600,7.90080451965332,17.371251010894774,-3.688847303390503,1.5437604e-07,0.0,0.0021073222160339355,-0.00010704896718808366
23800,13.928058624267578,28.357830810546876,-3.6888471484184264,1.1026859e-08,0.0,0.0009043216705322266,-8.165389265624157e-06
24000,6.968743324279785,15.318192386627198,-3.688847416639328,1.9788742e-07,0.0,-0.00719296932220459,-0.00013141302940493648
24200,6.134026050567627,13.168983268737794,-3.6888465762138365,5.2452087e-08,0.0,-0.0016876459121704102,-6.132707020416462e-05
24400,7.208906650543213,14.01971595287323,-3.688847017288208,3.7252903e-08,0.0,-0.0025284290313720703,-5.608588526757885e-05
24600,9.643108367919922,19.249228477478027,-3.688846671581268,1.07288365e-08,0.0,-0.017946243286132812,-3.596271560832864e-05
24800,9.09024429321289,15.41753921508789,-3.688846743106842,1.7598272e-06,0.0,0.0028197169303894043,-0.00044509087982350646
25000,7.884392738342285,17.31413927078247,-3.688841760158539,2.1725893e-07,0.0,0.0008640289306640625,-7.175625857840373e-05
25200,9.400531768798828,21.845224928855895,-3.688843446969986,2.4437906e-08,0.0,-0.0024187564849853516,-5.2540898338548916e-05
25400,7.882966995239258,15.23975920677185,-3.6888406455516813,1.7881394e-08,0.0,-0.0033800601959228516,-4.4798016842406695e-05
25600,5.575899124145508,13.06555917263031,-3.688841241598129,7.042289e-07,0.0,-0.004524827003479004,-0.0002753396358402771
25800,6.0388264656066895,12.675455594062806,-3.6888417482376097,4.2021277e-08,0.0,-0.00702977180480957,-2.4090714871838335e-05
26000,5.047593116760254,10.548236143589019,-3.688839942216873,3.1590464e-08,0.0,0.005809009075164795,-5.144935812753104e-05
26200,12.753107070922852,24.744362831115723,-3.688840591907501,9.23872e-09,0.0,-0.0006982088088989258,-3.4820929314349766e-05
26400,5.59757137298584,10.006529319286347,-3.688841927051544,8.106232e-08,0.0,0.009159564971923828,-9.326103254996277e-05
26600,10.887699127197266,18.735197877883913,-3.6888418316841127,1.1324882e-08,0.0,0.01697087287902832,-3.9332061784591585e-05
26800,21.49147605895996,47.51683163642883,-3.688841390609741,1.7881393e-09,0.0,-0.00816810131072998,-2.368074653364971e-05
27000,6.202658176422119,12.96727237701416,-3.688840651512146,3.480911e-07,0.0,0.008509397506713867,-0.0001701732570893899
27200,11.536213874816895,21.623363375663757,-3.6888410449028015,7.390976e-08,0.0,0.002632737159729004,-8.200359315360117e-05
27400,5.300026893615723,10.925946056842804,-3.6888391852378843,1.4230609e-06,0.0,0.0019870996475219727,-0.0003616709382104011
27600,17.366086959838867,32.79043793678284,-3.68883855342865,1.2129546e-07,0.0,0.005464076995849609,-3.4888804028909703e-05
27800,12.134178161621094,25.29354190826416,-3.688838964700699,1.2516976e-08,0.0,-0.004385471343994141,-3.9855107928810085e-05
28000,7.879438400268555,19.675975561141968,-3.688839113712311,6.109476e-08,0.0,0.0023869872093200684,-7.793575228367544e-05
28200,2.7728211879730225,5.886076563596726,-3.6888373494148254,1.7225742e-07,0.0,0.024406731128692627,-0.00011556442057401029
28400,6.064126968383789,12.361598801612853,-3.688839989900589,5.364418e-08,0.0,0.020882487297058105,-7.528454065122147e-05
28600,7.009296417236328,16.167602849006652,-3.688837558031082,1.4603138e-08,0.0,0.000775456428527832,-4.362656152115951e-05
28800,6.968064785003662,12.43415925502777,-3.688838404417038,5.7488677e-07,0.0,0.004433274269104004,-0.0002373978604755189
29000,5.137327194213867,10.875895237922668,-3.688838005065918,5.8412553e-08,0.0,-0.005306601524353027,-3.545202347030596e-05
29200,17.950345993041992,43.69629397392273,-3.6888377964496613,0.0,0.0,0.0053594112396240234,-2.067893748076699e-05
29400,11.448053359985352,23.943658971786498,-3.6888378620147706,8.434057e-08,0.0,0.004611849784851074,-9.312215440240301e-05
29600,8.587568283081055,18.499416971206664,-3.688837397098541,4.2915342e-08,0.0,0.0035742521286010742,-5.963012579508486e-05
29800,6.08353853225708,11.58468281030655,-3.688838255405426,4.798174e-08,0.0,-0.01921260356903076,-7.209591529342419e-05
30000,2.995668649673462,5.883690756559372,-3.6888364255428314,2.0840764e-06,0.0,0.0005207061767578125,-0.0004951124935163254
30200,6.303550720214844,12.56668679714203,-3.688832300901413,8.3714724e-07,0.0,-0.005181670188903809,-0.0002459604744674326
30400,19.856884002685547,37.07397208213806,-3.6888288140296934,5.364418e-08,0.0,0.011611998081207275,-1.7197817381786606e-05
30600,6.446857929229736,11.047214031219482,-3.6888284146785737,3.9488074e-07,0.0,-0.0069473981857299805,-0.00019331120033592165
30800,7.302006721496582,15.03191556930542,-3.688824361562729,4.351139e-08,0.0,0.008679032325744629,-3.3675022241919093e-05
31000,1.412634015083313,3.147232937812805,-3.688825023174286,3.8385392e-07,0.0,0.01462489366531372,-0.00019476279511358995
31200,4.2295403480529785,8.192990112304688,-3.6888252794742584,9.6559525e-08,0.0,0.01407700777053833,-8.22854792400518e-05
31400,8.638941764831543,15.018056631088257,-3.688823568820953,2.6524066e-08,0.0,-0.004565119743347168,-4.181407406402826e-05
31600,9.5798978805542,18.533325672149658,-3.6888241827487946,2.980232e-09,0.0,-0.007343888282775879,-2.9959022649350686e-05
31800,20.852001190185547,40.656990098953244,-3.688824790716171,3.8743018e-09,0.0,0.0076392292976379395,-2.777615178986004e-05
32000,3.7357561588287354,7.758998537063599,-3.688825011253357,3.218651e-08,0.0,-0.0012320280075073242,-5.745516763019376e-05
32200,6.366840362548828,14.477155256271363,-3.6888263404369352,2.5689604e-07,0.0,0.0003287196159362793,-0.00013991203181313862
32400,2.7628490924835205,5.445345163345337,-3.688826543092728,4.4941902e-07,0.0,-0.0009350776672363281,-0.00022024449838773386
32600,8.234898567199707,13.82598352432251,-3.6888250708580017,9.506941e-08,0.0,-0.0012469291687011719,-7.793589721245553e-05
32800,3.45578670501709,7.190504544973374,-3.6888255894184114,1.013279e-07,0.0,-0.00011706352233886719,-0.00010236652232471499
33000,6.832927227020264,15.45957670211792,-3.688825434446335,2.1457671e-08,0.0,-0.0012753009796142578,-5.115833857729513e-05
33200,13.980117797851562,29.255957317352294,-3.6888252019882204,1.1920929e-08,0.0,-0.004172563552856445,-4.1699737499456546e-05
33400,5.8105878829956055,13.759953236579895,-3.688824415206909,7.152557e-09,0.0,-0.011426568031311035,-2.5994732977707713e-05
33600,4.013430118560791,7.867758095264435,-3.6888263046741487,4.1484833e-07,0.0,-0.00805807113647461,-0.0001984868785184446
33800,5.977566242218018,10.376759099960328,-3.688825082778931,3.5107138e-07,0.0,0.0011159181594848633,-0.0001779700086643743
34000,12.395702362060547,23.62551109790802,-3.6888240039348603,3.069639e-08,0.0,-0.0005737543106079102,-4.744237689102704e-05
34200,3.3370089530944824,6.826375114917755,-3.688824492692947,6.109476e-08,0.0,-0.019651055335998535,-8.110959859273237e-05
34400,12.3953275680542,27.743200302124023,-3.6888234615325928,1.1622905e-08,0.0,-0.005401968955993652,-3.667847771549049e-05
34600,10.214340209960938,17.07687289714813,-3.6888229310512544,3.5762788e-09,0.0,0.00028514862060546875,-2.9471285605708886e-05
34800,10.030563354492188,20.950231885910036,-3.688824105262756,5.364418e-09,0.0,0.006009936332702637,-3.7257328611062236e-05
35000,9.601888656616211,19.937401008605956,-3.688825249671936,2.05636e-08,0.0,0.008800923824310303,-4.040119420194444e-05
35200,3.0706634521484375,6.8915934562683105,-3.688823711872101,1.9967555e-07,0.0,0.006596922874450684,-0.0001286811990536041
35400,4.463047981262207,9.050014114379882,-3.6888248443603517,1.2099743e-07,0.0,0.002918720245361328,-0.00010204504431383654
35600,4.194561004638672,8.978974282741547,-3.688825935125351,5.2869325e-07,0.0,-0.009302854537963867,-0.00023045284112344078
35800,7.220438480377197,17.390484142303468,-3.688825064897537,8.8214875e-08,0.0,-0.009639978408813477,-8.070629734691082e-05
36000,14.485108375549316,22.54519464969635,-3.6888260543346405,1.0728836e-08,0.0,0.005955517292022705,-3.365308024250169e-05
36200,4.61857271194458,9.89899572134018,-3.6888249039649965,6.526709e-08,0.0,0.01001650094985962,-7.748830279483699e-05
36400,6.639321327209473,14.129410576820373,-3.6888243913650514,1.7881394e-08,0.0,0.0071566104888916016,-4.540574567890587e-05
36600,4.0849714279174805,6.7855543971061705,-3.6888252973556517,9.167195e-07,0.0,-0.005391240119934082,-0.0002857756995782612
36800,9.358386039733887,17.048864793777465,-3.6888254463672636,9.1195105e-08,0.0,0.003740549087524414,-3.3574313291495625e-05
37000,9.966517448425293,20.476684355735777,-3.688824850320816,2.682209e-08,0.0,-0.0007812976837158203,-5.895632564414388e-05
37200,8.136116981506348,20.33502938747406,-3.688825196027756,8.0466265e-09,0.0,-0.0012938976287841797,-3.145320715054467e-05
37400,13.031340599060059,20.045750737190247,-3.68882502913475,1.66893e-08,0.0,0.000636756420135498,-4.5655705314473495e-05
37600,9.291003227233887,17.51150550842285,-3.688823276758194,7.718801e-08,0.0,0.00027060508728027344,-8.739367143677512e-05
37800,3.4102017879486084,6.9548300981521605,-3.6888249814510345,1.09374525e-07,0.0,0.000725090503692627,-0.00010166239703359725
38000,8.844121932983398,14.978846526145935,-3.688826984167099,5.6922435e-08,0.0,9.226799011230469e-05,-6.572125138757379e-05
38200,4.795137405395508,9.348580706119538,-3.688824850320816,1.5407801e-07,0.0,7.522106170654297e-05,-0.0001118077973318865
38400,9.755267143249512,16.7810418844223,-3.6888262569904327,2.7656554e-07,0.0,-0.0057059526443481445,-0.00016487087124812395
38600,9.857284545898438,21.335823726654052,-3.6888266682624815,3.6060808e-08,0.0,0.0005781650543212891,-4.930630352042442e-05
38800,8.342866897583008,16.536801362037657,-3.6888245344161987,1.1622905e-08,0.0,0.004740118980407715,-4.1953116972237583e-05
39000,3.723482131958008,7.413193166255951,-3.688825082778931,2.1773576e-06,0.0,0.002974271774291992,-0.0004706907602194832
39200,5.44292688369751,9.697428512573243,-3.688822901248932,1.9460917e-07,0.0,0.005594074726104736,-0.00011181181975052911
39400,15.611628532409668,31.48661379814148,-3.6888250708580017,5.066395e-09,0.0,0.0002943277359008789,-2.7102798048161957e-05
39600,9.804174423217773,22.52319688796997,-3.6888248801231383,3.5464765e-08,0.0,0.0034582018852233887,-6.503590977944285e-05
39800,2.7668867111206055,6.132351839542389,-3.6888251900672913,4.7087667e-08,0.0,-0.0056765079498291016,-6.831631737238552e-05
40000,8.888415336608887,18.695244884490968,-3.6888242244720457,1.6987324e-08,0.0,0.0022358298301696777,-4.502615348496164e-05
40200,11.808075904846191,24.568199157714844,-3.688824737071991,5.662441e-09,0.0,0.00959104299545288,-3.2322928266736996e-05
40400,11.702897071838379,23.07395234107971,-3.688823640346527,3.576279e-08,0.0,0.003988146781921387,-6.500191087976948e-05
40600,3.256434440612793,6.447900581359863,-3.6888266146183013,1.6838311e-07,0.0,-0.00010192394256591797,-0.00013007827824491615
40800,17.520736694335938,28.856002044677734,-3.6888258159160614,1.6093255e-08,0.0,-0.0009075403213500977,-3.2843962345574516e-05
41000,3.5266809463500977,9.10035834312439,-3.688823163509369,9.1493135e-08,0.0,0.008835196495056152,-8.503635896084383e-05
41200,22.279247283935547,43.98683624267578,-3.6888234436511995,4.172325e-09,0.0,-0.0051686763763427734,-2.3783564290447146e-05
41400,6.646329879760742,11.37241725921631,-3.6888235032558443,1.6987325e-07,0.0,0.00017577409744262695,-0.00012299146461171583
41600,7.275442123413086,13.8949223279953,-3.688824677467346,5.3346156e-08,0.0,-0.005236148834228516,-5.666026504620447e-05
41800,9.098031997680664,22.40982792377472,-3.688824915885925,9.834766e-09,0.0,0.011907815933227539,-3.2737307377117555e-05
42000,11.974712371826172,23.49425597190857,-3.688821887969971,1.4901161e-08,0.0,0.0010662674903869629,-4.400254792185088e-05
42200,3.590878486633301,6.822857630252838,-3.688826560974121,3.942847e-07,0.0,-0.0067555904388427734,-0.00018745717363559676
42400,4.663139343261719,9.15779800415039,-3.688823276758194,2.6792287e-07,0.0,0.008325695991516113,-0.0001551206572058872
42600,11.66293716430664,28.026167821884155,-3.688824087381363,2.8014183e-08,0.0,0.006601810455322266,-5.528935078520369e-05
42800,2.4312477111816406,6.38573853969574,-3.688825708627701,5.683303e-07,0.0,-0.004862546920776367,-0.00021700149716525897
43000,8.426162719726562,14.42596414089203,-3.688821870088577,1.6391277e-07,0.0,0.007568418979644775,-0.00011898281451316883
43200,12.02658748626709,29.24124436378479,-3.688820868730545,1.1324882e-08,0.0,0.0048601627349853516,-3.069486433382451e-05
43400,10.752155303955078,22.60625605583191,-3.6888207674026487,3.4570697e-08,0.0,0.0031897425651550293,-5.820784726209283e-05
43600,3.4049153327941895,8.285861587524414,-3.6888256430625916,2.6583672e-07,0.0,0.008791446685791016,-0.00016682531537122182
43800,6.67038106918335,14.725526881217956,-3.6888231098651887,1.0639429e-07,0.0,0.0009886622428894043,-8.17508098279962e-05
44000,7.146221160888672,15.147856140136719,-3.6888232588768006,6.2584874e-08,0.0,0.00147247314453125,-6.500603284305128e-05
44200,5.520719051361084,10.493884348869324,-3.688823288679123,9.179115e-08,0.0,-0.0011681318283081055,-9.800553308032533e-05
44400,5.962008953094482,13.226207625865936,-3.6888249278068543,1.7374755e-07,0.0,0.010554850101470947,-0.00012945649069933117
44600,2.1536829471588135,3.69739910364151,-3.688823163509369,1.7255545e-07,0.0,-0.004203319549560547,-0.00012287444042518024
44800,11.34794807434082,25.429891777038574,-3.688822704553604,1.758337e-08,0.0,0.013877689838409424,-2.8725050604749836e-05
45000,7.361556529998779,18.013784098625184,-3.6888209998607637,2.2947788e-08,0.0,0.009027242660522461,-5.445998843607302e-05
45200,5.428132057189941,12.806692552566528,-3.688819485902786,1.0466575e-06,0.0,-0.006113529205322266,-0.00034307206816235335
45400,7.53873872756958,14.591090106964112,-3.6888187766075133,1.591444e-07,0.0,0.007695198059082031,-9.208460130343266e-05
45600,7.722168922424316,14.922112774848937,-3.6888158679008485,5.364418e-08,0.0,0.002434968948364258,-6.596118192594424e-05
45800,4.907035827636719,10.58960999250412,-3.688817763328552,7.0035455e-08,0.0,-0.013616323471069336,-8.146620484525969e-05
46000,4.809080123901367,9.044889080524445,-3.688816726207733,3.7759543e-07,0.0,0.006995975971221924,-0.00020226946527713842
46200,14.255510330200195,30.03229217529297,-3.688821280002594,5.3048137e-08,0.0,0.00040924549102783203,-5.086854244986672e-05
46400,5.832655429840088,12.593959069252014,-3.688818371295929,2.8014183e-08,0.0,0.0013102293014526367,-5.8078706664543846e-05
46600,3.0686259269714355,5.183874803781509,-3.688817912340164,1.8647313e-06,0.0,-7.808208465576172e-05,-0.0004139787123685901
46800,2.280257225036621,4.404233932495117,-3.6888073086738586,2.3892521e-06,0.0,-0.006739616394042969,-0.0005626126603921033
47000,8.790242195129395,18.36652543544769,-3.688803905248642,9.417534e-08,0.0,0.0036304593086242676,-8.44830244517425e-06
47200,13.252967834472656,25.129820537567138,-3.688808923959732,1.1920929e-09,0.0,0.0013782382011413574,-2.626665304648057e-05
47400,1.9996193647384644,4.664638781547547,-3.688804405927658,1.07884404e-07,0.0,0.011148273944854736,-0.00010017181174830636
47600,8.885273933410645,17.536316633224487,-3.6888036131858826,8.642673e-09,0.0,0.010746419429779053,-3.776165820887911e-05
47800,15.210073471069336,26.885327100753784,-3.688807559013367,1.1920929e-09,0.0,-9.930133819580078e-05,-2.154550703030722e-05
48000,12.420514106750488,20.167531657218934,-3.6888035356998445,4.172325e-08,0.0,0.009928345680236816,-6.804770258110882e-05
48200,5.738875389099121,13.33518373966217,-3.688804638385773,9.4920404e-07,0.0,-0.0026388168334960938,-0.0003329084889487577
48400,8.634568214416504,18.29813642501831,-3.688800686597824,7.152558e-08,0.0,0.0016875863075256348,-2.4014741231104254e-05
48600,7.263207912445068,16.188376116752625,-3.688806104660034,6.556511e-09,0.0,0.0027688145637512207,-3.314235084470596e-05
48800,6.412007808685303,16.21288957595825,-3.6887978434562685,9.834766e-09,0.0,-0.005322098731994629,-3.145021229506994e-05
49000,7.0399675369262695,26.34405734539032,-3.68880432844162,0.0,0.0,-0.005359649658203125,-2.5990746886606077e-05
49200,14.174551010131836,27.431025409698485,-3.688802683353424,2.1755694e-08,0.0,0.0038147568702697754,-5.4838307379534436e-05
49400,12.920561790466309,23.94498038291931,-3.6888041853904725,3.5762788e-09,0.0,-0.001930832862854004,-2.5436609876638983e-05
49600,4.957360744476318,10.18921273946762,-3.68880358338356,2.980232e-09,0.0,-0.0018233060836791992,-3.243465722260197e-05
49800,10.46434211730957,17.97537229061127,-3.6888033032417296,2.7418136e-07,0.0,0.001522660255432129,-0.00017122189580418557
50000,2.6124820709228516,4.599241507053375,-3.6888092339038847,7.548929e-07,0.0,0.0005968809127807617,-0.0002638562043139503
50200,23.524803161621094,44.23065843582153,-3.688808810710907,7.212162e-08,0.0,-0.003381490707397461,-2.5566361699169705e-05
50400,11.434423446655273,21.57954547405243,-3.688810724020004,1.490116e-09,0.0,0.004913449287414551,-3.1252011764992814e-05
50600,4.280389785766602,8.03271234035492,-3.6888086795806885,1.3411045e-08,0.0,-0.0014297962188720703,-4.731407766414009e-05
50800,7.978328704833984,15.56023998260498,-3.68880552649498,3.764033e-07,0.0,0.0086592435836792,-0.0001852294964719503
51000,10.160093307495117,18.44307997226715,-3.688803958892822,3.8146972e-08,0.0,0.004801809787750244,-2.0392596895746352e-05
51200,4.697328567504883,9.585089635848998,-3.6888060748577116,5.9604645e-08,0.0,-0.003908872604370117,-7.183746984273931e-05
51400,9.760987281799316,20.828365778923036,-3.6888059794902803,2.3841857e-09,0.0,0.0034109950065612793,-1.8219113133355334e-05
51600,10.634587287902832,17.968410539627076,-3.6888024628162386,8.34465e-09,0.0,0.0004240274429321289,-3.83939148207002e-05
51800,8.569437980651855,16.736335349082946,-3.688806879520416,5.2332877e-07,0.0,0.012272477149963379,-0.0002050933983939518
52000,4.396700382232666,7.4462299823760985,-3.6888082683086396,6.616116e-08,0.0,0.0036177635192871094,-5.194473264178434e-05
52200,5.807124614715576,13.918360161781312,-3.6888090908527373,6.258488e-09,0.0,-0.002278923988342285,-3.516945961750118e-05
52400,3.3657937049865723,7.696332955360413,-3.688805121183395,6.5773725e-07,0.0,-0.003815174102783203,-0.00022707713984414512
52600,4.767065048217773,9.893378233909607,-3.6888045728206635,6.604195e-07,0.0,0.003809988498687744,-0.0002519044059062114
52800,3.6363778114318848,6.687589061260224,-3.6888029873371124,2.1845104e-07,0.0,0.010349929332733154,-0.00013463626908545302
53000,8.16160774230957,19.48041489124298,-3.688804841041565,1.7881394e-08,0.0,-0.01648581027984619,-4.30585141386608e-05
53200,7.766902446746826,16.97262349128723,-3.6888022661209106,5.662441e-09,0.0,0.006829500198364258,-2.9377326448809526e-05
53400,8.668006896972656,18.25877449512482,-3.688805913925171,5.3644182e-09,0.0,-0.0005261898040771484,-3.299508971466025e-05
53600,3.054502010345459,6.978707563877106,-3.6888072907924654,1.9371509e-08,0.0,-0.0036919116973876953,-5.3631752675709074e-05
53800,20.14204216003418,34.61170802116394,-3.688804119825363,3.5762786e-09,0.0,-0.0025305747985839844,-2.8170853662512484e-05
54000,9.64725399017334,20.580551409721373,-3.6888046622276307,3.069639e-08,0.0,0.005483031272888184,-5.8724202725990436e-05
54200,3.345644950866699,9.911438286304474,-3.6888077199459075,1.6093255e-08,0.0,0.006966769695281982,-3.6243945142722114e-05
54400,5.076283931732178,11.340617716312408,-3.688803106546402,2.0861625e-08,0.0,-0.0007243156433105469,-4.649385778718873e-05
54600,5.361005783081055,9.957583808898926,-3.688807213306427,1.8179417e-08,0.0,0.0016494393348693848,-4.985843605425089e-05
54800,9.514280319213867,24.50010766983032,-3.6888023793697355,2.0861626e-09,0.0,0.0068343281745910645,-2.702249564272563e-05
55000,6.809171676635742,11.062211084365845,-3.688801056146622,1.2218951e-08,0.0,0.009749412536621094,-4.9842260907317915e-05
55200,4.045552730560303,7.78962870836258,-3.6888013005256655,6.3449147e-07,0.0,0.0051299333572387695,-0.00021309849579482788
55400,5.639542102813721,9.112687051296234,-3.688805067539215,9.864569e-08,0.0,-0.006487727165222168,-7.303281130415229e-05
55600,7.560980796813965,14.691399383544923,-3.6888037860393523,2.1159648e-08,0.0,-0.006884455680847168,-4.833690069858676e-05
55800,6.994934558868408,13.929482913017273,-3.688801074028015,1.3500453e-07,0.0,0.01159125566482544,-0.00010902711842027402
56000,3.827953338623047,7.8321363687515255,-3.6888010501861572,4.321337e-08,0.0,-0.003298044204711914,-6.192243093474658e-05
56200,4.062600135803223,8.483310401439667,-3.688798874616623,1.0177494e-06,0.0,-0.00040221214294433594,-0.0003069929339854172
56400,3.908684015274048,7.184564411640167,-3.6888000905513763,1.18613244e-07,0.0,0.030515849590301514,-3.392019103003463e-05
56600,6.9396820068359375,17.408639192581177,-3.688799262046814,1.1920929e-08,0.0,0.013103246688842773,-4.447811095860121e-05
56800,6.396047592163086,12.454842495918275,-3.6887989342212677,1.8179417e-08,0.0,0.003012239933013916,-5.311497289355316e-05
57000,9.506200790405273,18.240617060661314,-3.688799524307251,1.07288365e-08,0.0,0.002595365047454834,-3.717160193588143e-05
57200,10.900290489196777,20.917996311187743,-3.688798612356186,9.536743e-09,0.0,0.0040746331214904785,-4.28714453255985e-05
57400,8.362042427062988,22.677290153503417,-3.6888018786907195,1.2814999e-08,0.0,2.664327621459961e-05,-3.405891385632742e-05
57600,13.349407196044922,28.181568956375123,-3.6888003170490267,0.0,0.0,-0.0014753341674804688,-2.2038519501244026e-05
57800,5.988821983337402,12.006384491920471,-3.688802206516266,2.4944543e-07,0.0,0.0031014084815979004,-0.0001517062705269634
58000,2.4257984161376953,8.74443953037262,-3.688797873258591,5.8114527e-08,0.0,-0.0029103755950927734,-5.5275328490855816e-05
58200,5.885221004486084,13.55628035068512,-3.6888009309768677,1.9967556e-08,0.0,0.007631540298461914,-5.3698435553761745e-05
58400,10.302543640136719,17.05882623195648,-3.6887970328330995,1.7106532e-07,0.0,0.0023914575576782227,-0.00012701287871823562
58600,6.013661861419678,13.092023825645446,-3.688797342777252,4.61936e-08,0.0,-0.0006004571914672852,-5.23617863754211e-05
58800,11.165467262268066,24.699626159667968,-3.6888002932071684,5.9604643e-10,0.0,0.007907629013061523,-1.7737388689997858e-05
59000,6.998752117156982,18.153980708122255,-3.688794267177582,1.0028482e-06,0.0,0.004315495491027832,-0.00031499983088860705
59200,6.957005023956299,15.251686024665833,-3.6887953639030457,9.179115e-08,0.0,0.012515425682067871,-6.264519674967773e-05
59400,5.871757507324219,11.435062479972839,-3.688803869485855,8.046627e-09,0.0,-0.006877541542053223,-4.280978438009342e-05
59600,9.020553588867188,16.991209292411803,-3.688796305656433,1.7881392e-09,0.0,0.004399657249450684,-2.6499606581165124e-05
59800,17.409605026245117,34.97980003356933,-3.688802146911621,6.8545343e-09,0.0,0.002168416976928711,-2.838873856201296e-05
60000,6.865394592285156,13.930683422088624,-3.688795179128647,7.7217817e-07,0.0,0.013559520244598389,-0.00029947000990321326
60200,7.383519649505615,16.16504373550415,-3.68880033493042,5.811453e-08,0.0,0.009425938129425049,-5.2894532940239715e-05
60400,8.252531051635742,16.811310362815856,-3.688792806863785,2.9802323e-09,0.0,-0.01168525218963623,-2.0948409993248875e-05
60600,12.851361274719238,24.707634377479554,-3.6887971997261046,2.9802322e-10,0.0,0.006066560745239258,-2.2710099574174692e-05
60800,3.796645164489746,8.018316209316254,-3.6887991786003114,1.0430813e-08,0.0,0.018701672554016113,-3.621345734607928e-05
61000,9.031062126159668,16.248475217819212,-3.688791757822037,1.4007091e-08,0.0,0.01385575532913208,-3.663524962371767e-05
61200,4.886760234832764,7.958068299293518,-3.6887946903705595,1.17719175e-07,0.0,0.010890841484069824,-0.00011589811737331424
61400,6.44839334487915,9.718597829341888,-3.688791662454605,7.498264e-07,0.0,0.008971691131591797,-0.00021877921479813712
61600,2.0856730937957764,5.378497171401977,-3.6887884855270388,8.72314e-07,0.0,0.008338868618011475,-0.0002745475916146933
61800,14.202990531921387,26.49545121192932,-3.688791036605835,4.738569e-08,0.0,0.009150087833404541,-6.44788294335008e-05
62000,5.888129711151123,11.31744921207428,-3.6887901067733764,1.4901161e-08,0.0,0.012115836143493652,-3.5464001561891226e-05
62200,4.512094020843506,11.538550615310669,-3.6887896835803984,2.0861625e-08,0.0,0.011183619499206543,-5.1253021599784175e-05
62400,13.038434028625488,20.829194736480712,-3.68879120349884,5.662441e-09,0.0,-0.015921592712402344,-3.29626889689294e-05
62600,7.350431442260742,16.629596853256224,-3.6887830793857574,3.567338e-07,0.0,-0.01041257381439209,-0.00015953024739165934
62800,18.774538040161133,37.38781065940857,-3.6887922644615174,1.8179417e-08,0.0,-0.002081155776977539,-1.0023452290175427e-05
63000,6.014866352081299,12.389144217967987,-3.6887922525405883,2.6226044e-08,0.0,0.013065874576568604,-5.364084265824243e-05
63200,5.930306911468506,10.394348549842835,-3.6887923002243044,8.85129e-08,0.0,0.0018482208251953125,-0.00010333599614869016
63400,5.803699493408203,15.332299971580506,-3.6887883245944977,2.6226044e-08,0.0,0.009873032569885254,-4.892872243151824e-05
63600,4.942747592926025,9.334205889701844,-3.6887876808643343,4.6789648e-08,0.0,0.02628403902053833,-7.49291776118044e-05
63800,1.4506577253341675,3.2638299405574798,-3.6887845635414123,5.313754e-07,0.0,-0.06208539009094238,-0.0002552873358226293
64000,9.17791748046875,13.540779161453248,-3.688789188861847,6.020069e-08,0.0,0.005682408809661865,-5.043235431445581e-05
64200,5.219820022583008,10.111150705814362,-3.688789075613022,2.3692846e-07,0.0,0.017737090587615967,-0.0001365893933763518
64400,6.015955924987793,11.131724238395691,-3.688788968324661,1.0579824e-07,0.0,-0.003084897994995117,-8.49856878969657e-05
64600,6.4386115074157715,13.770157265663148,-3.688785010576248,1.8179417e-08,0.0,0.010538637638092041,-4.5405574208134955e-05
64800,9.50646686553955,18.549613499641417,-3.688792014122009,1.7881393e-09,0.0,0.02078324556350708,-2.0768537936888266e-05
65000,1.628212332725525,3.4178331673145292,-3.688783401250839,1.6698241e-06,0.0,0.028268814086914062,-0.0003876716275790226
65200,6.916255950927734,12.897841262817384,-3.6887794196605683,1.5467405e-07,0.0,-0.0048247575759887695,-6.265363074249297e-05
65400,11.590761184692383,23.08359215259552,-3.688782125711441,6.258488e-09,0.0,0.014522850513458252,-3.273677816935105e-05
65600,2.9261820316314697,6.4040882229805,-3.6887770295143127,1.1444092e-07,0.0,0.012529611587524414,-0.00010400234146947795
65800,5.359680652618408,9.669673371315003,-3.688776969909668,3.85046e-07,0.0,0.024779081344604492,-0.00018863786968470464
66000,7.5766706466674805,16.05644598007202,-3.6887816071510313,3.695488e-08,0.0,-0.011748790740966797,-1.9652195165287266e-05
66200,10.504844665527344,19.147531199455262,-3.688782161474228,1.1920928e-08,0.0,-0.0035516023635864258,-4.468478249957109e-05
66400,3.813927412033081,8.269169318675996,-3.688783013820648,3.0368568e-07,0.0,0.0049307942390441895,-0.0001716454031170822
66600,14.100088119506836,25.129769039154052,-3.6887834906578063,1.9371509e-08,0.0,0.011776566505432129,-2.950544650239806e-05
66800,11.180935859680176,22.952466821670534,-3.6887825787067414,7.1525577e-09,0.0,0.011061787605285645,-3.367835308194511e-05
67000,9.129948616027832,15.766808319091798,-3.68878179192543,4.4107438e-08,0.0,0.010209918022155762,-6.170412869530573e-05
67200,6.017397403717041,11.988696122169495,-3.688778632879257,1.6689299e-08,0.0,0.001983165740966797,-4.217257343248626e-05
67400,8.109859466552734,14.83129279613495,-3.6887857913970947,6.1690805e-08,0.0,0.008327901363372803,-7.979512248308396e-05
67600,7.702528476715088,13.013647627830505,-3.6887793004512788,1.2251735e-06,0.0,0.0020461678504943848,-0.0003606190656779029
67800,5.463534355163574,8.835406804084778,-3.6887777745723724,1.4978647e-06,0.0,0.0044779181480407715,-0.00034275249599591273
68000,2.652785539627075,5.552174395322799,-3.68878133893013,6.1661007e-07,0.0,0.01891690492630005,-0.00023673693855402744
68200,3.4159183502197266,7.516648066043854,-3.6887697279453278,6.645918e-08,0.0,0.015336692333221436,-4.770114994361308e-05
68400,10.870615005493164,28.170363903045654,-3.6887722253799438,1.1622905e-08,0.0,0.010257899761199951,-3.845980774563884e-05
68600,5.452202796936035,10.627907001972199,-3.688779944181442,1.5199186e-08,0.0,-0.014570116996765137,-5.2036046498571406e-05
68800,7.283243179321289,12.163008427619934,-3.688775968551636,6.297231e-07,0.0,0.0003865361213684082,-0.0002482192676866335
69000,11.026069641113281,25.78592128753662,-3.688777780532837,2.95043e-08,0.0,0.006171822547912598,-2.4047806757376834e-05
69200,13.004705429077148,34.25392460823059,-3.6887821793556212,2.980232e-09,0.0,-0.0004937648773193359,-3.0475109799343868e-05
69400,10.168697357177734,19.2663907289505,-3.6887794971466064,4.172325e-09,0.0,-0.004499912261962891,-2.6754230506398357e-05
69600,8.454882621765137,18.97547867298126,-3.688775360584259,8.046627e-09,0.0,0.01007622480392456,-3.5748768559330094e-05
69800,5.856185436248779,12.44126662015915,-3.6887712597846987,6.616115e-08,0.0,0.0003370046615600586,-7.754138140274592e-05
70000,25.069198608398438,51.22309894561768,-3.688777393102646,8.9406965e-10,0.0,-0.0037959814071655273,-1.1536791911836985e-05
70200,4.770304203033447,10.569555377960205,-3.6887775301933288,7.176399e-07,0.0,0.010480999946594238,-0.00027458014930039634
70400,3.922217845916748,8.721104216575622,-3.6887777030467985,1.6987325e-07,0.0,0.006379365921020508,-8.90765408207983e-05
70600,3.809765338897705,11.517935395240784,-3.6887759804725646,2.3245812e-07,0.0,0.010291516780853271,-0.00012157101264449466
70800,2.8310811519622803,4.462972235679627,-3.688776248693466,2.6494263e-07,0.0,0.016827940940856934,-0.00015603635811838322
71000,4.445128917694092,10.502948367595673,-3.6887734830379486,2.193451e-07,0.0,0.002794921398162842,-0.00011104972633262378
71200,2.696849822998047,5.117669713497162,-3.6887729346752165,7.152558e-08,0.0,-0.029338955879211426,-6.667311097918738e-05
71400,14.104177474975586,29.100434827804566,-3.688771605491638,2.682209e-08,0.0,0.003941059112548828,-5.18239880287652e-05
71600,3.6843464374542236,7.311103200912475,-3.688772863149643,1.5616418e-07,0.0,-0.023702383041381836,-0.00012165627655842392
71800,8.057656288146973,16.20901310443878,-3.688771665096283,8.34465e-09,0.0,0.009193599224090576,-3.308755163691224e-05
72000,6.588008880615234,13.03768436908722,-3.6887669801712035,4.23193e-08,0.0,-0.00430452823638916,-6.765355170128551e-05
72200,7.290546894073486,13.165068459510803,-3.6887707889080046,4.5448544e-07,0.0,0.0007506012916564941,-0.00021139536755150347
72400,8.087151527404785,16.39528660774231,-3.6887628376483916,5.155802e-08,0.0,0.006493091583251953,-5.1844537020873104e-05
72600,5.319219589233398,11.87842276096344,-3.6887696981430054,3.165007e-07,0.0,-0.0003390312194824219,-0.00015435957035105918
72800,13.800251007080078,31.879998016357423,-3.6887678027153017,1.2814999e-08,0.0,0.022078514099121094,-1.474575682589574e-05
73000,3.843904495239258,7.3111871719360355,-3.6887728571891785,4.2319297e-08,0.0,-0.00768435001373291,-7.223552499475705e-05
73200,14.182036399841309,27.92890410423279,-3.6887610137462614,2.980232e-09,0.0,0.0038730502128601074,-2.4441309449585448e-05
73400,8.682140350341797,18.98251929283142,-3.68876433968544,1.490116e-09,0.0,-0.01721036434173584,-2.8108462674936164e-05
73600,13.408208847045898,25.43460268974304,-3.6887703478336333,0.0,0.0,0.011316537857055664,-1.9533768409729645e-05
73800,14.299689292907715,18.115522658824922,-3.688764822483063,9.23872e-09,0.0,-0.0023012161254882812,-5.207757301004534e-05
74000,3.7244927883148193,6.988716208934784,-3.688766986131668,6.1690805e-08,0.0,0.0021507740020751953,-8.691571651973096e-05
74200,10.180560111999512,21.14597668647766,-3.6887664973735808,5.662441e-09,0.0,0.0032108426094055176,-3.186102180370298e-05
74400,9.621499061584473,25.644814491271973,-3.6887672662734987,0.0,0.0,0.0206262469291687,-1.7269808724940104e-05
74600,12.263551712036133,27.421511077880858,-3.6887662291526793,0.0,0.0,0.01390928030014038,-2.0463347342403182e-05
74800,2.981518507003784,6.820845234394073,-3.688764125108719,6.884336e-08,0.0,-0.0032460689544677734,-7.767981310897731e-05
75000,6.14255428314209,14.19810733795166,-3.688765650987625,3.1232832e-07,0.0,0.010657072067260742,-0.00015114456510287866
75200,16.33449935913086,33.680107259750365,-3.6887608230113984,1.6093255e-08,0.0,0.027161836624145508,-1.3244986291027772e-05
75400,6.900662422180176,18.617507576942444,-3.6887618601322174,2.9504298e-08,0.0,0.00027436017990112305,-5.3043737748303955e-05
75600,14.00220012664795,25.047780799865723,-3.688764065504074,2.0861626e-09,0.0,0.006223022937774658,-2.2278249332763345e-05
75800,25.643531799316406,50.023519897460936,-3.6887690365314483,0.0,0.0,0.006673336029052734,-1.9772462588951712e-05
76000,3.849287986755371,8.8608713388443,-3.6887645959854125,2.3663043e-07,0.0,0.014790117740631104,-0.00016368092616263484
76200,4.917990684509277,9.925835442543029,-3.6887662589550017,3.6001205e-07,0.0,0.0029645562171936035,-0.00016919699212145645
76400,8.30596923828125,17.413007426261903,-3.6887602627277376,1.692772e-07,0.0,0.018961787223815918,-0.00011917813835051749
76600,4.973808288574219,7.564105463027954,-3.6887652456760405,9.983778e-08,0.0,-0.010424017906188965,-0.00010238061801146615
76800,11.873129844665527,20.91222240924835,-3.688771277666092,2.026558e-08,0.0,0.009016990661621094,-3.5211861470685334e-05
77000,3.4724459648132324,10.512919664382935,-3.6887627124786375,5.364418e-08,0.0,0.02654653787612915,-6.674902142886908e-05
77200,9.499970436096191,20.24629111289978,-3.688764774799347,3.8743018e-09,0.0,0.03003096580505371,-3.1393170317173257e-05
77400,9.386425971984863,18.73044295310974,-3.688762629032135,5.3644182e-09,0.0,-0.028449535369873047,-3.147987281719722e-05
77600,12.960077285766602,27.243273496627808,-3.6887719511985777,8.940697e-09,0.0,0.01424640417098999,-3.476282930092722e-05
77800,3.735964059829712,8.672375643253327,-3.688770890235901,8.3327296e-07,0.0,0.0025364160537719727,-0.0002909881774137535
78000,4.535886764526367,7.4792650699615475,-3.688763678073883,7.659197e-08,0.0,0.025118529796600342,-6.662454422086128e-05
78200,6.349528789520264,14.798102402687073,-3.6887603044509887,5.9306622e-08,0.0,0.006109297275543213,-7.574054667593976e-05
78400,21.267061233520508,37.34615321159363,-3.6887638747692106,1.40070915e-08,0.0,-0.00859832763671875,-3.94755157634652e-05
78600,5.815958499908447,10.611571514606476,-3.68876428604126,2.4735927e-08,0.0,0.031358957290649414,-5.035499472638705e-05
78800,16.827651977539062,33.662621068954465,-3.6887651860713957,8.9406965e-10,0.0,0.028834164142608643,-1.925427458548956e-05
79000,8.553351402282715,16.18280963897705,-3.6887673258781435,6.556511e-09,0.0,-0.008182764053344727,-4.2077541084761805e-05
79200,9.02785873413086,17.739819383621217,-3.6887611508369447,4.1425228e-08,0.0,-0.008544445037841797,-6.93160896759526e-05
79400,2.741738796234131,6.02143177986145,-3.688768756389618,1.1387467e-06,0.0,-0.0035583972930908203,-0.00029149026976562633
79600,11.543205261230469,20.946443796157837,-3.6887688636779785,7.0929524e-08,0.0,0.004616081714630127,-4.329344623823506e-05
79800,9.097208976745605,14.521854639053345,-3.6887658417224882,4.4435262e-07,0.0,0.004170060157775879,-0.00018175612851463186
80000,3.7994909286499023,5.917412638664246,-3.6887615859508514,1.2505054e-06,0.0,-0.012450218200683594,-0.00038487952376078385
80200,6.272876262664795,13.60408411026001,-3.688756102323532,1.8507242e-07,0.0,0.0074394941329956055,-0.00011752472045631901
80400,2.6579513549804688,5.370220249891281,-3.68874848484993,1.8775463e-08,0.0,0.015504717826843262,-3.0371636370674084e-05
80600,0.339417427778244,0.6694772124290467,-3.6887562036514283,1.09970564e-07,0.0,-0.8153843879699707,-9.421326161032084e-05
80800,0.33489951491355896,0.6820409014821053,-3.688761442899704,9.477138e-08,0.0,-1.663550853729248,-8.947852202094708e-05
81000,0.3402324914932251,0.6998417735099792,-3.6887601256370544,7.718801e-08,0.0,-1.9532177448272705,-7.21590664877425e-05
81200,0.3570602834224701,0.7206551402807235,-3.6887544214725496,1.7791986e-07,0.0,-6.457009315490723,-0.0001376044468777593
81400,0.3438177704811096,0.65469691157341,-3.6887565433979033,1.3142824e-07,0.0,-0.9158216714859009,-9.204471175792151e-05
81600,0.3494827449321747,0.707280957698822,-3.688749748468399,1.3560057e-07,0.0,-2.974116086959839,-0.00010432976450340803
81800,0.31750068068504333,0.6647634536027909,-3.6887474715709687,1.2665987e-07,0.0,-1.9187636375427246,-0.0001089992681812646
82000,0.3363051116466522,0.6545697808265686,-3.688747006654739,1.2069941e-07,0.0,-1.316328525543213,-0.00010267171266065134
82200,0.3224545419216156,0.6502903506159783,-3.688753718137741,2.1219253e-07,0.0,-1.4185385704040527,-0.00014135411982340028
82400,0.32841503620147705,0.6513130322098732,-3.688756746053696,1.4156103e-07,0.0,-1.8151013851165771,-0.00010185766308108412
82600,0.31768518686294556,0.6416051432490348,-3.688756603002548,1.4156103e-07,0.0,-1.4525318145751953,-0.00011695186858604601
82800,0.29757407307624817,0.636004239320755,-3.6887579560279846,1.3053418e-07,0.0,-1.2831225395202637,-9.409141467529026e-05
83000,0.3054148554801941,0.6330622151494026,-3.688761109113693,1.2159347e-07,0.0,-1.9799401760101318,-8.83924811986958e-05
83200,0.3620256781578064,0.6619397521018981,-3.6887567698955537,1.3768673e-07,0.0,-5.242196083068848,-0.00010886226528423748
83400,0.30217424035072327,0.6217832803726197,-3.6887516558170317,1.0043383e-07,0.0,-1.8049826622009277,-9.933206454615373e-05
83600,0.2986817955970764,0.6182156786322593,-3.6887487828731538,1.0043383e-07,0.0,-0.9020930528640747,-7.412701962863366e-05
83800,0.31926193833351135,0.6126060456037521,-3.6887565314769746,1.5944242e-07,0.0,-1.9016072750091553,-0.00012170550196350937
84000,0.3085426092147827,0.6022325351834297,-3.6887540400028227,2.9325486e-07,0.0,-0.3642314672470093,-0.00018747918532380226
84200,0.33256980776786804,0.6430532291531563,-3.688760060071945,1.5258789e-07,0.0,-3.2049899101257324,-0.00011102543785757035
84400,0.2653945982456207,0.5676402077078819,-3.688768285512924,1.1146069e-07,0.0,-0.7917784452438354,-8.0362811932444e-05
84600,0.27373623847961426,0.5894338920712471,-3.688759034872055,1.5586615e-07,0.0,-0.7918028831481934,-0.00010174441265147216
84800,0.29280948638916016,0.5832545951008796,-3.688757961988449,2.82526e-07,0.0,-1.0295677185058594,-0.00017285713440600147
85000,0.2972818911075592,0.5931565091013908,-3.6887637257575987,2.115965e-07,0.0,-1.6691844463348389,-0.0001403706589622189
85200,0.2679840326309204,0.5851678609848022,-3.6887585401535032,1.3083219e-07,0.0,-1.6270384788513184,-0.00011050342789431511
85400,0.3143564462661743,0.5860959410667419,-3.688757616281509,2.3573637e-07,0.0,-1.519059658050537,-0.00014532167216572134
85600,0.28991907835006714,0.5968982875347137,-3.688764435052872,1.4781952e-07,0.0,-2.1045243740081787,-0.00010048896084111636
85800,0.27277082204818726,0.5572931669652462,-3.6887617468833924,1.9878148e-07,0.0,-1.3635051250457764,-0.00012566677902761114
86000,0.28006699681282043,0.5591489680111408,-3.688763326406479,9.179115e-08,0.0,-1.2337379455566406,-7.636995658764079e-05
86200,0.2778833210468292,0.5553698733448982,-3.6887623965740204,2.375245e-07,0.0,-1.4592092037200928,-0.00014977571343628427
86400,0.25225210189819336,0.5505947321653366,-3.6887618005275726,2.2321939e-07,0.0,-1.2476515769958496,-0.00015548205438591366
86600,0.2966923713684082,0.5771770253777504,-3.688757228851318,2.0712613e-07,0.0,-4.380311012268066,-0.0001242953990349349
86800,0.26276636123657227,0.5429777123034001,-3.6887632071971894,2.4676322e-07,0.0,-1.3243610858917236,-0.00014544436399841488
87000,0.26006343960762024,0.5437913030385971,-3.688760679960251,2.4199488e-07,0.0,-1.7086718082427979,-0.00012806335814072867
87200,0.2795500159263611,0.5524214543402195,-3.6887550234794615,2.0235777e-07,0.0,-1.7332217693328857,-0.00011786694776354523
87400,0.2516869902610779,0.5466786317527295,-3.6887606620788573,1.5676022e-07,0.0,-1.9324524402618408,-9.859406981411744e-05
87600,0.2753249704837799,0.5304588079452515,-3.6887574434280395,2.9325486e-07,0.0,-0.8847438097000122,-0.00017575292828873046
87800,0.21975135803222656,0.5056944251060486,-3.6887689590454102,2.4884937e-07,0.0,-0.69414222240448,-0.00014272113125457508
88000,0.24087175726890564,0.5170377917587757,-3.688760894536972,3.182888e-07,0.0,-1.5320305824279785,-0.00017481098982425892
88200,0.2646867632865906,0.5121543139219285,-3.6887554585933686,3.7282706e-07,0.0,-0.855944037437439,-0.00020093053599410383
88400,0.22334088385105133,0.5060538373887539,-3.6887529492378235,2.169609e-07,0.0,-1.4137544631958008,-0.00012427759850517362
88600,0.23078425228595734,0.4950566075742245,-3.688750129938126,1.886487e-07,0.0,-0.8065872192382812,-0.0001200421315608935
88800,0.22566311061382294,0.5008635632693768,-3.68874254822731,2.8312206e-07,0.0,-1.1994359493255615,-0.0001652525056890397
89000,0.26241499185562134,0.5040038518607617,-3.688739377260208,2.5510786e-07,0.0,-1.7614164352416992,-0.00014011596253136194
89200,0.26210635900497437,0.5319403007626533,-3.6887379705905916,2.4765728e-07,0.0,-3.1626338958740234,-0.0001423742856186294
89400,0.208548441529274,0.47445630133152006,-3.6887423276901243,2.9921532e-07,0.0,-0.7320921421051025,-0.00015524530705963714
89600,0.2386871874332428,0.46862480491399766,-3.6887476980686187,1.92523e-07,0.0,-0.32885169982910156,-0.00010653786285743649
89800,0.24070461094379425,0.4943044647574425,-3.688741022348404,3.6358833e-07,0.0,-1.148388147354126,-0.000186490504345338
90000,0.2240877002477646,0.4599519245326519,-3.6887498795986176,3.9309265e-07,0.0,-0.2342461347579956,-0.00017627069324710476
90200,0.23759058117866516,0.4668038934469223,-3.688741886615753,3.147125e-07,0.0,-0.4803190231323242,-0.0001766200518147798
90400,0.24178433418273926,0.48008386567234995,-3.6887475728988646,2.4586916e-07,0.0,-1.267420768737793,-0.00014475149766752794
90600,0.22272814810276031,0.4890363149344921,-3.6887527108192444,2.2292136e-07,0.0,-4.802990913391113,-0.00013150875348699742
90800,0.21394550800323486,0.44545371979475024,-3.6887510418891907,2.7269124e-07,0.0,-0.9678839445114136,-0.00014194676395025142
91000,0.23059140145778656,0.4632013663649559,-3.6887421667575837,2.8878452e-07,0.0,-1.1458430290222168,-0.00015249801817365238
91200,0.2144244909286499,0.44271785765886307,-3.688747251033783,2.3514032e-07,0.0,-0.7486848831176758,-0.00012315006551126827
91400,0.22771012783050537,0.4530393876135349,-3.6887434244155886,2.6345253e-07,0.0,-0.6815046072006226,-0.00015285240207298933
91600,0.2421731799840927,0.46448534205555914,-3.688743668794632,2.6166438e-07,0.0,-3.5130600929260254,-0.00015505226678662608
91800,0.2139122188091278,0.4203642450273037,-3.6887462735176086,2.479553e-07,0.0,-0.7256975173950195,-0.00014442464631123642
92000,0.21118441224098206,0.4405016578733921,-3.688730162382126,2.977252e-07,0.0,-1.080592155456543,-0.0001501701552392376
92200,0.19430644810199738,0.4297871008515358,-3.6887367844581602,4.5090914e-07,0.0,-0.5779851675033569,-0.00023477983942558068
92400,0.20427387952804565,0.4296690717339516,-3.688739466667175,3.257394e-07,0.0,-0.9201123714447021,-0.00015839766675682654
92600,0.17908188700675964,0.4187860295176506,-3.688743162155151,3.6865472e-07,0.0,-0.7717567682266235,-0.00016382539985144718
92800,0.1890440732240677,0.41732539534568786,-3.688740664720535,3.4183262e-07,0.0,-0.48764216899871826,-0.00016373126920257163
93000,0.19246448576450348,0.4205512247979641,-3.6887390673160554,2.6881696e-07,0.0,-1.6159684658050537,-0.00013799408043162486
93200,0.20705392956733704,0.41142034754157064,-3.6887343525886536,3.2991173e-07,0.0,-0.9544718265533447,-0.00016916357084912904
93400,0.19837841391563416,0.40507499128580093,-3.688742834329605,5.13494e-07,0.0,-0.7249473333358765,-0.0002437954466103731
93600,0.20321854948997498,0.40978237614035606,-3.68873792886734,2.4557113e-07,0.0,-1.153796911239624,-0.00014500066777838326
93800,0.19568032026290894,0.4108993075788021,-3.6887387335300446,3.027916e-07,0.0,-1.662580966949463,-0.00016487762222605618
94000,0.19471165537834167,0.3920155636966228,-3.688731449842453,2.977252e-07,0.0,-0.30167973041534424,-0.0001686696157534584
94200,0.20000310242176056,0.4030550315976143,-3.688732123374939,2.6494266e-07,0.0,-2.1764442920684814,-0.00013338730511884832
94400,0.19296690821647644,0.37704303562641145,-3.6887408077716826,2.723932e-07,0.0,-0.46657633781433105,-0.00015802648556402233
94600,0.18668799102306366,0.3956062890589237,-3.688730651140213,2.884865e-07,0.0,-2.021064281463623,-0.00013049049827085213
94800,0.17971087992191315,0.38287473246455195,-3.688738238811493,1.9401313e-07,0.0,-1.1740686893463135,-0.00011525874127684687
95000,0.18972697854042053,0.368272653222084,-3.6887388467788695,2.297759e-07,0.0,-0.19157743453979492,-0.00013926294109545267
95200,0.18541836738586426,0.37389146238565446,-3.688729923963547,3.799796e-07,0.0,-0.9823473691940308,-0.00016636337197084572
95400,0.18739423155784607,0.37659334763884544,-3.6887365758419035,3.6358833e-07,0.0,-0.9116278886795044,-0.0001646568262085424
95600,0.19800160825252533,0.3903935179114342,-3.688721460103989,4.2080882e-07,0.0,-4.110334873199463,-0.0001996498858101603
95800,0.18136626482009888,0.3665985196828842,-3.688729006052017,2.2619963e-07,0.0,-1.3669719696044922,-0.00013752824032629008
96000,0.18752358853816986,0.36237433925271034,-3.6887241303920746,2.9325486e-07,0.0,-1.4482243061065674,-0.0001567324111778845
96200,0.1707262247800827,0.3646355129778385,-3.688714623451233,3.424287e-07,0.0,-1.7105109691619873,-0.00016700886025446948
96400,0.16744886338710785,0.35917956829071046,-3.6887219071388246,2.220273e-07,0.0,-1.8021461963653564,-0.00011364718066353419
96600,0.17460475862026215,0.34962592646479607,-3.6887241184711455,2.8222797e-07,0.0,-1.4421749114990234,-0.00014679150285843435
96800,0.17905700206756592,0.35025275871157646,-3.6887235939502716,5.2869325e-07,0.0,-0.9070361852645874,-0.00021026384230111718
97000,0.151253804564476,0.3435949504375458,-3.6887310326099394,2.3305415e-07,0.0,-0.7530230283737183,-0.00013567443126429878
97200,0.15956498682498932,0.33944301679730415,-3.6887270629405977,2.3007394e-07,0.0,-0.5856215953826904,-0.00013461963863914406
97400,0.17438820004463196,0.3630449093878269,-3.688714545965195,2.479553e-07,0.0,-1.691701889038086,-0.0001298093206450357
97600,0.16343355178833008,0.3232796885073185,-3.6887212693691254,3.951788e-07,0.0,-0.8693709373474121,-0.0001785806128189904
97800,0.15026772022247314,0.32713927775621415,-3.688731497526169,2.4467707e-07,0.0,-0.972354531288147,-0.0001525406726386791
98000,0.15190930664539337,0.3339548945426941,-3.6887226521968843,3.5047532e-07,0.0,-1.2594826221466064,-0.00016919565666153601
98200,0.16782155632972717,0.32887145057320594,-3.6887208461761474,2.2232533e-07,0.0,-1.5902161598205566,-0.00011233529441714296
98400,0.15140973031520844,0.32390434443950655,-3.6887205243110657,3.0726193e-07,0.0,-1.690781593322754,-0.0001674180104615175
98600,0.1430715173482895,0.31347390115261076,-3.6887307703495025,3.823638e-07,0.0,-1.0800683498382568,-0.00017920440572787298
98800,0.1358322650194168,0.3060947686433792,-3.688724231719971,3.695488e-07,0.0,-0.42006802558898926,-0.00019496118172774858
99000,0.14160558581352234,0.30856009647250177,-3.6887194395065306,3.8206576e-07,0.0,-0.5978727340698242,-0.00015696787148513635
99200,0.15021035075187683,0.311161407828331,-3.6887124359607695,5.611777e-07,0.0,-1.300551176071167,-0.0002457281791853561
99400,0.14119014143943787,0.30798071101307867,-3.688724398612976,2.2053719e-07,0.0,-1.6716773509979248,-0.00011869075979973332
99600,0.15098676085472107,0.3084954470396042,-3.688727593421936,3.8087367e-07,0.0,-2.1890931129455566,-0.00019444181061420985
99800,0.149251326918602,0.2844982907176018,-3.68871813416481,4.0233135e-07,0.0,-0.5079396963119507,-0.0001668801158403177
100000,0.14503486454486847,0.29970334768295287,-3.688720703125,2.9087067e-07,0.0,-1.5233466625213623,-0.00013903123138199193
100200,0.1373671442270279,0.28731888979673387,-3.6887199521064757,3.0457974e-07,0.0,-0.9778530597686768,-0.00015153418527162897
100400,0.13511784374713898,0.28526577204465864,-3.688724684715271,3.2812358e-07,0.0,-0.9285693168640137,-0.00015052303543896527
100600,0.13150031864643097,0.28749371096491816,-3.6887189209461213,2.2023917e-07,0.0,-1.186075210571289,-0.00011581750156537396
100800,0.13652122020721436,0.28017316162586214,-3.688728564977646,3.4868717e-07,0.0,-1.3003501892089844,-0.00017315679559999354
101000,0.1315271556377411,0.27415910065174104,-3.6887084543704987,3.1411648e-07,0.0,-0.23925352096557617,-0.00014510822353130948
101200,0.1280737668275833,0.278517147153616,-3.688727009296417,2.1159649e-07,0.0,-1.393836498260498,-0.0001143571132573129
101400,0.13478757441043854,0.2750223748385906,-3.6887251496315003,3.2961367e-07,0.0,-1.4503798484802246,-0.0001606297189262307
101600,0.12467502802610397,0.2569530546665192,-3.6887350916862487,3.0815602e-07,0.0,-0.47200286388397217,-0.00016051416235711712
101800,0.12985707819461823,0.2821291580796242,-3.688717728853226,4.3183564e-07,0.0,-2.2969627380371094,-0.00019169768557496524
102000,0.1262480914592743,0.25356941260397436,-3.6887309312820435,2.9951335e-07,0.0,-0.7862329483032227,-0.00016037584754613476
102200,0.13478928804397583,0.26667858734726907,-3.6887287199497223,3.027916e-07,0.0,-1.4800631999969482,-0.00016939006083482866
102400,0.12314119935035706,0.26890525333583354,-3.688721466064453,3.063679e-07,0.0,-1.7060065269470215,-0.00015211960015033555
102600,0.11937806755304337,0.2502615209668875,-3.688731241226196,4.1663645e-07,0.0,-1.1869843006134033,-0.00021076867020053403
102800,0.11684370040893555,0.24811382293701173,-3.688727283477783,2.270937e-07,0.0,-0.9014037847518921,-0.00012052793790635618
103000,0.113972969353199,0.2506522510200739,-3.6887229561805723,1.8268824e-07,0.0,-1.2657191753387451,-0.00011226149618499548
103200,0.11528129875659943,0.24638160988688468,-3.688729691505432,2.9474498e-07,0.0,-1.860403060913086,-0.0001440915668553089
103400,0.11281073093414307,0.24503378458321096,-3.6887193441390993,3.9219856e-07,0.0,-0.5935790538787842,-0.00020032165789620748
103600,0.12053094059228897,0.23382457494735717,-3.6887314438819887,3.325939e-07,0.0,-1.131476879119873,-0.00016433438682346148
103800,0.11849677562713623,0.24065618626773358,-3.6887106895446777,4.4226647e-07,0.0,-1.065232515335083,-0.00018696911563331753
104000,0.11870315670967102,0.23566713370382786,-3.6887160897254945,4.0471554e-07,0.0,-0.35925281047821045,-0.00017707735277501248
104200,0.11587946116924286,0.23314076140522957,-3.6887161791324616,3.6358833e-07,0.0,-1.6894304752349854,-0.0001804371839563501
104400,0.10213776677846909,0.226133905723691,-3.6887100517749785,3.257394e-07,0.0,-0.8654909133911133,-0.00016302217561543487
104600,0.10451170802116394,0.22424619123339654,-3.688712787628174,2.7149918e-07,0.0,-1.589573860168457,-0.00015515258625953265
104800,0.10594433546066284,0.22438551001250745,-3.6887107133865356,3.114343e-07,0.0,-1.1844456195831299,-0.00015789230724632118
105000,0.09337439388036728,0.21790547035634517,-3.68870729804039,4.8428774e-07,0.0,-0.5940133333206177,-0.0001954556107392591
105200,0.11173556745052338,0.21972497254610063,-3.6887034296989443,5.7309865e-07,0.0,-1.029630422592163,-0.00022156163693196618
105400,0.1023532822728157,0.2097041614353657,-3.688718765974045,4.899502e-07,0.0,-0.6439028978347778,-0.0002251833089061961
105600,0.10991333425045013,0.21540207229554653,-3.6887021958827972,1.8984079e-07,0.0,-0.9646878242492676,-0.00012106674905538739
105800,0.09399666637182236,0.20651944912970066,-3.6887052416801454,5.0783154e-07,0.0,-0.5944751501083374,-0.00019246508291104192
106000,0.10828056931495667,0.21723642908036708,-3.6886984527111055,2.8252603e-07,0.0,-1.8494770526885986,-0.00014383317643202887
106200,0.08955062180757523,0.20525954328477383,-3.688711386919022,2.7179718e-07,0.0,-1.4750728607177734,-0.00015751868537972058
106400,0.10024616867303848,0.19904971979558467,-3.688708621263504,2.0831823e-07,0.0,-1.3405375480651855,-0.00012476850302789444
106600,0.09656652808189392,0.2000760305672884,-3.6887030482292174,3.7014485e-07,0.0,-0.739753246307373,-0.00017382414509075071
106800,0.08785063028335571,0.19404442198574542,-3.6887056052684786,3.9100647e-07,0.0,-0.9994133710861206,-0.00019538459236994042
107000,0.08911668509244919,0.1916689831763506,-3.688697075843811,3.0249356e-07,0.0,-0.8192137479782104,-0.0001468664921162599
107200,0.09727292507886887,0.19120342656970024,-3.6886995434761047,4.7564507e-07,0.0,-0.45002079010009766,-0.00020755045074434265
107400,0.08879382163286209,0.18218789771199226,-3.68869611620903,3.4838916e-07,0.0,-0.2106539011001587,-0.00017544134026437064
107600,0.09125802665948868,0.1837386503815651,-3.6886885941028593,4.580617e-07,0.0,-0.519416093826294,-0.00018178175414753638
107800,0.08072882145643234,0.1779154535382986,-3.6886928498744966,4.2587519e-07,0.0,-0.5492032766342163,-0.00016982230509929864
108000,0.09376969933509827,0.18115710653364658,-3.688682973384857,3.4570692e-07,0.0,-0.5494844913482666,-0.00014971111793791181
108200,0.08528005331754684,0.18828147314488888,-3.6886830806732176,2.9712916e-07,0.0,-3.2877840995788574,-0.00014886832508551607
108400,0.08345777541399002,0.17646329626441,-3.688682681322098,3.7014485e-07,0.0,-0.8977580070495605,-0.00015898046723576974
108600,0.07367826998233795,0.17183982208371162,-3.6886878073215486,3.9756299e-07,0.0,-0.8547149896621704,-0.00016233332479771435
108800,0.07803025841712952,0.1700437616556883,-3.6886869847774504,4.774332e-07,0.0,-1.1948623657226562,-0.0001832322914893325
109000,0.082006074488163,0.16783155947923661,-3.688669914007187,4.1127205e-07,0.0,-0.0955590009689331,-0.00017735122878406173
109200,0.0768555998802185,0.1641745984554291,-3.688682872056961,5.0395727e-07,0.0,-0.8097683191299438,-0.00018919646652122425
109400,0.07408773899078369,0.16380120627582073,-3.6886793315410613,4.3094158e-07,0.0,-1.0562114715576172,-0.00021237643905642757
109600,0.07751655578613281,0.1592768833041191,-3.6886726796627043,3.820658e-07,0.0,-0.48108649253845215,-0.0001577755364213118
109800,0.07099760323762894,0.1541170861572027,-3.6886776268482206,2.5957823e-07,0.0,-0.19068288803100586,-0.00014485496135066
110000,0.07622550427913666,0.1553362738341093,-3.6886728286743162,5.692243e-07,0.0,-0.4036548137664795,-0.00025177247718080056
110200,0.06922025233507156,0.15361009053885938,-3.6886690318584443,3.3736228e-07,0.0,-0.43876612186431885,-0.00014153584785763228
110400,0.07138386368751526,0.14946871362626551,-3.6886665403842924,3.4898522e-07,0.0,-0.6754944324493408,-0.0001774798106116471
110600,0.07292374223470688,0.15188938491046428,-3.6886766612529756,4.6521427e-07,0.0,-0.8581351041793823,-0.00022442193395235676
110800,0.06952062994241714,0.1455071046948433,-3.6886781454086304,2.7388333e-07,0.0,-0.7269078493118286,-0.00014751889641431148
111000,0.06904013454914093,0.1436374645680189,-3.6886696219444275,2.7060509e-07,0.0,-0.7226083278656006,-0.000128952711230923
111200,0.06658662110567093,0.14646888822317122,-3.688668704032898,2.887845e-07,0.0,-1.2428901195526123,-0.00015863426017954653
111400,0.06421148031949997,0.13940343223512172,-3.68867369890213,2.9683113e-07,0.0,-0.6906876564025879,-0.00013978898520221604
111600,0.06853222101926804,0.1340587204322219,-3.688667917251587,6.6459177e-07,0.0,-0.021065831184387207,-0.0002339627004616318
111800,0.06067045032978058,0.13541646711528302,-3.6886716961860655,3.156066e-07,0.0,-0.905051589012146,-0.00013506692026155065
112000,0.06498810648918152,0.13187797777354718,-3.6886760115623476,2.8699634e-07,0.0,-0.42919373512268066,-0.00014340340192546818
112200,0.060833971947431564,0.1335415793582797,-3.6886638581752775,4.4703484e-07,0.0,-0.867111325263977,-0.00021126541394309584
112400,0.06385709345340729,0.12943893652409316,-3.688673186302185,2.8371812e-07,0.0,-0.826309084892273,-0.00015451090176981096
112600,0.05867287144064903,0.12603250276297331,-3.688673955202103,4.9620866e-07,0.0,-0.5226625204086304,-0.0001977977909040085
112800,0.05570879578590393,0.12167767435312271,-3.688674634695053,4.4047835e-07,0.0,-0.17327368259429932,-0.00018731626929806565
113000,0.0531199686229229,0.11933677829802036,-3.6886733055114744,6.4760445e-07,0.0,-0.05657196044921875,-0.00026264208361919116
113200,0.05163021758198738,0.1189552566036582,-3.6886713445186614,3.7997958e-07,0.0,-0.14080047607421875,-0.00015514054917318277
113400,0.05879160761833191,0.11729766950011253,-3.6886717319488525,4.1037796e-07,0.0,-0.257068395614624,-0.0001950297015316238
113600,0.054368723183870316,0.11615766678005457,-3.6886716306209566,3.8832428e-07,0.0,-0.6119676828384399,-0.0001944897476761298
113800,0.05659565329551697,0.11412823870778084,-3.6886807918548583,2.7298927e-07,0.0,-0.752914309501648,-0.00014053781311922363
114000,0.054140735417604446,0.11531860940158367,-3.6886762917041778,3.3140182e-07,0.0,-0.5739426612854004,-0.0001793356470283669
114200,0.05358141288161278,0.11436485480517149,-3.6886738181114196,3.0905008e-07,0.0,-0.7169488668441772,-0.0001439611610514646
114400,0.05077825486660004,0.10685214772820473,-3.6886814534664154,2.813339e-07,0.0,-0.027676939964294434,-0.00014879289254210448
114600,0.050436411052942276,0.106511146761477,-3.6886822640895844,4.7177076e-07,0.0,-0.4482903480529785,-0.00021431620054457312
114800,0.051681503653526306,0.10535152330994606,-3.688678079843521,3.2424927e-07,0.0,-0.4242889881134033,-0.00015648885028400893
115000,0.04713179171085358,0.1032696820795536,-3.68868425488472,3.963709e-07,0.0,-0.10500109195709229,-0.0001622234179105675
115200,0.05022114887833595,0.10457576122134923,-3.6886792480945587,5.760789e-07,0.0,-0.859576940536499,-0.00023688796498184673
115400,0.04431479796767235,0.10020224303007126,-3.688674235343933,3.7342312e-07,0.0,-0.5770549774169922,-0.0001790711432953618
115600,0.04597580432891846,0.09914167802780867,-3.6886742889881132,2.3722649e-07,0.0,-0.5997568368911743,-0.00013196553239405162
115800,0.0412021242082119,0.09510949645191431,-3.6886726796627043,2.926588e-07,0.0,-0.23221027851104736,-0.00016208739603764676
116000,0.04735592007637024,0.09324285667389631,-3.688677555322647,5.64158e-07,0.0,-0.1137094497680664,-0.00025549215064728513
116200,0.04718773066997528,0.0931997885927558,-3.6886752963066103,5.00679e-07,0.0,-0.5092340707778931,-0.00023422815038856015
116400,0.04340938851237297,0.09047454949468374,-3.6886827528476713,2.8610228e-07,0.0,-0.6995110511779785,-0.00012922775716361912
116600,0.04256496578454971,0.08810646925121546,-3.688675308227539,3.9488077e-07,0.0,0.023285984992980957,-0.000177538305901237
116800,0.03518602252006531,0.08686584159731865,-3.6886803269386292,2.4944543e-07,0.0,-0.19920361042022705,-0.00013014203352450514
117000,0.04175341874361038,0.08426879029721021,-3.6886745929718017,2.8133394e-07,0.0,-0.08113503456115723,-0.00013551290371864865
117200,0.03864508494734764,0.08369567077606917,-3.6886717200279238,3.5852196e-07,0.0,0.102597177028656,-0.00017629601154212082
117400,0.037751320749521255,0.08210583217442036,-3.6886750876903536,3.9011238e-07,0.0,-0.22937655448913574,-0.00017141641636548856
117600,0.04030736908316612,0.08148812595754862,-3.6886710047721865,4.5001505e-07,0.0,-0.0020599365234375,-0.00020247310410965725
117800,0.03472556546330452,0.0783320577815175,-3.68868083357811,3.3915043e-07,0.0,-0.2336292266845703,-0.00017646295484468054
118000,0.03735877200961113,0.07658807933330536,-3.688679027557373,3.6865472e-07,0.0,-0.32930421829223633,-0.0001654376149334169
118200,0.03458113223314285,0.07476728968322277,-3.6886684358119965,5.2273276e-07,0.0,0.07314640283584595,-0.000253276750686382
118400,0.0355796217918396,0.0743261506780982,-3.6886672616004943,2.902746e-07,0.0,-0.21796250343322754,-0.0001290174282600809
118600,0.03297730162739754,0.07118356637656689,-3.688667541742325,3.9458274e-07,0.0,0.06508755683898926,-0.00018835607093876662
118800,0.033619027584791183,0.07059282250702381,-3.688666617870331,3.5196544e-07,0.0,-0.06183004379272461,-0.0001756817100371677
119000,0.03341853991150856,0.06972232712432742,-3.6886709094047547,4.7683716e-07,0.0,-0.16910159587860107,-0.00020466204019129464
119200,0.031034549698233604,0.06847513290122151,-3.6886724531650543,3.1292439e-07,0.0,-0.3190232515335083,-0.00017313627814630195
119400,0.030127372592687607,0.06678142976015806,-3.688671797513962,3.4689904e-07,0.0,-0.07862591743469238,-0.00015803322991416734
119600,0.028500959277153015,0.06531406855210661,-3.6886713445186614,4.3332577e-07,0.0,-0.1319664716720581,-0.0001860044827495244
119800,0.029775554314255714,0.06432672813534737,-3.6886732280254364,3.960729e-07,0.0,-0.1853264570236206,-0.00020067037261330966
120000,0.030926870182156563,0.062475298158824445,-3.6886806964874266,4.932284e-07,0.0,-0.1173546314239502,-0.0001859866977746094
120200,0.029174664989113808,0.06101944101974368,-3.688686543703079,2.6613475e-07,0.0,-0.010127544403076172,-0.00014063789320601928
120400,0.0259697362780571,0.05963442251086235,-3.688686501979828,4.258752e-07,0.0,-0.13440489768981934,-0.00021875733080740646
120600,0.027803294360637665,0.058570110611617564,-3.6886793613433837,4.8011543e-07,0.0,0.037278950214385986,-0.00020794933883596655
120800,0.025204023346304893,0.0568628047592938,-3.6886756300926207,3.120303e-07,0.0,-0.24962472915649414,-0.00015233352184864656
121000,0.025220977142453194,0.056380997877568007,-3.6886810779571535,3.2305718e-07,0.0,-0.16643822193145752,-0.00018770183592007328
121200,0.025139398872852325,0.05395441176369786,-3.688677054643631,4.7832725e-07,0.0,0.10768729448318481,-0.00020578500793675403
121400,0.023959124460816383,0.05318350931629538,-3.6886783123016356,3.2305718e-07,0.0,-0.08804214000701904,-0.00017859985616546225
121600,0.023298602551221848,0.05187149466946721,-3.688681423664093,5.5283306e-07,0.0,-0.07131373882293701,-0.0002339757818129229
121800,0.02367134392261505,0.0505742896348238,-3.688678336143494,6.1303376e-07,0.0,-0.02479088306427002,-0.0002714087439287027
122000,0.023198241367936134,0.049795061070472005,-3.6886695623397827,3.6180018e-07,0.0,0.08393138647079468,-0.0001629519601777929
122200,0.022588670253753662,0.04779195450246334,-3.688680636882782,3.871322e-07,0.0,-0.006886959075927734,-0.00017842286736318157
122400,0.02223624847829342,0.04755655126646161,-3.6886696577072144,3.1232832e-07,0.0,-0.014162778854370117,-0.00015103509939775605
122600,0.020115463063120842,0.04561565844342112,-3.688661915063858,3.7938355e-07,0.0,0.08235520124435425,-0.00017407667507729485
122800,0.020699340850114822,0.04476465191692114,-3.6886614501476287,4.5776366e-07,0.0,-0.05549180507659912,-0.0002450043254697221
123000,0.020265527069568634,0.043859810847789046,-3.688655799627304,5.2154064e-07,0.0,0.0080147385597229,-0.0001937600390512273
123200,0.0191273745149374,0.042408323660492894,-3.688651978969574,3.4689904e-07,0.0,-0.003833770751953125,-0.00015416308308715542
123400,0.019477149471640587,0.041752147302031514,-3.6886598467826843,5.429983e-07,0.0,-0.10179150104522705,-0.00021416826505351593
123600,0.017736176028847694,0.04005527030676603,-3.688646727800369,5.0008293e-07,0.0,-0.026879310607910156,-0.00018732942609638313
123800,0.017618456855416298,0.039112274255603555,-3.688637751340866,3.656745e-07,0.0,-0.04431486129760742,-0.0001465632545965434
124000,0.016907835379242897,0.03853103518486023,-3.688643676042557,4.3421983e-07,0.0,-0.10413479804992676,-0.00017798090084610862
124200,0.0173508170992136,0.03742386503145099,-3.6886596977710724,3.6835672e-07,0.0,-0.10336792469024658,-0.00017741033404092832
124400,0.015665607526898384,0.03610529522411525,-3.6886389195919036,3.46601e-07,0.0,-0.14250338077545166,-0.00017503531884166534
124600,0.017091592773795128,0.03570940331555903,-3.6886453211307524,4.7177076e-07,0.0,-0.17896628379821777,-0.00023916968577086806
124800,0.015513631515204906,0.03445044946856797,-3.688647538423538,4.786253e-07,0.0,-0.06354546546936035,-0.00021026988301073857
125000,0.01388347428292036,0.03321547522209585,-3.688640385866165,3.6269427e-07,0.0,-0.016001582145690918,-0.00015133452451756568
125200,0.016042277216911316,0.03238744749687612,-3.6886386454105375,6.005168e-07,0.0,-0.014549732208251953,-0.0002199164930186015
125400,0.014260958880186081,0.03160750214010477,-3.688626581430435,6.625056e-07,0.0,-0.25084972381591797,-0.00024332214134332731
125600,0.014183295890688896,0.030790849309414624,-3.688640666007996,4.1931867e-07,0.0,-0.25474584102630615,-0.00015690900402951514
125800,0.012520871125161648,0.029720795853063465,-3.6886372029781342,5.13494e-07,0.0,-0.20417940616607666,-0.00021746862283897884
126000,0.012503871694207191,0.02939796061255038,-3.68863907456398,3.3438204e-07,0.0,-0.5820014476776123,-0.00016562370926465064
126200,0.01329029817134142,0.028451315034180878,-3.6886391818523405,3.7819146e-07,0.0,-0.5769162178039551,-0.00018699857825250633
126400,0.01127566397190094,0.027640952588990332,-3.6886412143707275,5.4001805e-07,0.0,-0.2935978174209595,-0.00022358151311792086
126600,0.010707526467740536,0.02626432552933693,-3.6886281430721284,4.130602e-07,0.0,-0.3213444948196411,-0.00016947813366778862
126800,0.011503471061587334,0.025594489136710762,-3.6886269569396974,4.4643878e-07,0.0,-0.42584288120269775,-0.00019022015527276893
127000,0.01012229360640049,0.024807355646044017,-3.6886270105838777,3.7938355e-07,0.0,-0.5673773288726807,-0.00016629041019875502
127200,0.009768716990947723,0.023939736280590297,-3.688616842031479,4.336238e-07,0.0,-0.6537683010101318,-0.0001981836945130766
127400,0.009563540108501911,0.024296719674021007,-3.688637501001358,4.833937e-07,0.0,-0.9411234855651855,-0.00020175957562892365
127600,0.007767027243971825,0.02265276568941772,-3.688610517978668,5.045533e-07,0.0,-0.9396551847457886,-0.00020899927668551754
127800,0.009422059170901775,0.02166955848224461,-3.688612675666809,6.353855e-07,0.0,-0.48969388008117676,-0.00025601296269280873
128000,0.009429733268916607,0.021075532725080847,-3.6886122584342957,2.9951335e-07,0.0,-0.7580533027648926,-0.000133566529049034
128200,0.008535748347640038,0.02068749824538827,-3.688620775938034,4.8696995e-07,0.0,-1.2287318706512451,-0.00023595441735366763
128400,0.007983352988958359,0.019273160910233855,-3.6886130034923554,3.7699937e-07,0.0,-0.5238204002380371,-0.00014077530050755628
128600,0.009204871952533722,0.020085583813488482,-3.68861438035965,3.0666587e-07,0.0,-1.3697381019592285,-0.0001568622856893853
128800,0.0072644054889678955,0.018844378413632512,-3.688613826036453,4.6402215e-07,0.0,-1.0263991355895996,-0.00020095738609668957
129000,0.007241628598421812,0.01892707124352455,-3.6886043310165406,4.938245e-07,0.0,-1.3041622638702393,-0.00022531196375403796
129200,0.008137120865285397,0.017130325152538716,-3.6886038064956663,5.668402e-07,0.0,-0.6066994667053223,-0.00023703165439883377
129400,0.006491486448794603,0.018124176538549364,-3.688605809211731,6.303191e-07,0.0,-2.155970811843872,-0.00025117118657576044
129600,0.007516905199736357,0.01648842296563089,-3.688603174686432,3.170967e-07,0.0,-1.8313839435577393,-0.0001439107488625524
129800,0.006304170470684767,0.01630715555511415,-3.688612425327301,4.670024e-07,0.0,-2.016714334487915,-0.00018877945166613231
130000,0.007523612584918737,0.015700992406345905,-3.688610339164734,3.8295985e-07,0.0,-3.93789005279541,-0.00018164868670265122
130200,0.006209240294992924,0.015524082235060632,-3.6886141121387483,5.2809713e-07,0.0,-3.5314550399780273,-0.0002277373295294538
130400,0.004787996876984835,0.014219302474521101,-3.6886206448078154,4.5239926e-07,0.0,-2.4008216857910156,-0.000180872304831059
130600,0.005685608368366957,0.013620548928156496,-3.688604974746704,3.9339065e-07,0.0,-1.0688796043395996,-0.00016892617925963195
130800,0.00518536614254117,0.014086521486751736,-3.68860405087471,5.2303074e-07,0.0,-2.8662757873535156,-0.00020988640198105202
131000,0.004155321512371302,0.012974148173816502,-3.688612014055252,3.501773e-07,0.0,-2.943312644958496,-0.0001758055980790374
131200,0.0049286577850580215,0.012618083646520973,-3.688606232404709,4.2855737e-07,0.0,-5.7434186935424805,-0.00016404842472113047
131400,0.005851403344422579,0.01276100049726665,-3.688612562417984,3.4630298e-07,0.0,-4.923929691314697,-0.00016808824955809597
131600,0.0032797616440802813,0.010535771457944066,-3.6885908424854277,4.6551227e-07,0.0,-0.8366047143936157,-0.00019605304461003392
131800,0.005708471406251192,0.012623671488836408,-3.6886123597621916,3.0010938e-07,0.0,-6.748050212860107,-0.000145932874707122
132000,0.004520727321505547,0.010212667181622236,-3.6886022806167604,5.197525e-07,0.0,-0.6579796075820923,-0.00019473749012917098
132200,0.005707480013370514,0.012062730046454816,-3.688606595993042,2.3007394e-07,0.0,-8.882317543029785,-0.00012071496251035985
132400,0.0037504490464925766,0.009800724172964691,-3.688594973087311,3.2752752e-07,0.0,-7.274724960327148,-0.00017277804110271688
132600,0.003936829511076212,0.009807053895201534,-3.6885994613170623,4.1604042e-07,0.0,-6.977256774902344,-0.00017854306074269744
132800,0.004219613969326019,0.008933841774705797,-3.6885991275310515,4.6521427e-07,0.0,-3.6216378211975098,-0.0001625679151008086
133000,0.0042277490720152855,0.008788342005573213,-3.6886026501655578,3.8653616e-07,0.0,-4.2068095207214355,-0.0001727341476457589
133200,0.003916418179869652,0.008485143654979765,-3.6886002898216246,4.7355888e-07,0.0,-6.205715179443359,-0.00019171964412862953
133400,0.0030086988117545843,0.008779845491517335,-3.688600313663483,6.92904e-07,0.0,-1.4068994522094727,-0.00029340255240730697
133600,0.0035887029953300953,0.00905764305498451,-3.688612049818039,3.2961367e-07,0.0,-4.385869979858398,-0.00015400396928239856
133800,0.004558124579489231,0.008927382994443178,-3.688611912727356,3.4928323e-07,0.0,-6.756389617919922,-0.00016322533967345622
134000,0.0022943555377423763,0.008458310225978493,-3.688612699508667,1.9192696e-07,0.0,-15.465341567993164,-0.00010595409533911137
134200,0.003122612601146102,0.009064645424950868,-3.6886209428310393,3.0100347e-07,0.0,-15.432991027832031,-0.00014379745649719666
134400,0.002073555253446102,0.00633524747681804,-3.6886038780212402,2.208352e-07,0.0,-13.209031105041504,-0.00012951642208145487
134600,0.0018382890848442912,0.005892422888427973,-3.68860924243927,3.117323e-07,0.0,-4.276666164398193,-0.00014767791332019885
134800,0.002509061247110367,0.008668793295510114,-3.6886179387569427,3.042817e-07,0.0,-27.618907928466797,-0.00014582112396128722
135000,0.0022945718374103308,0.006974602909758687,-3.688618874549866,1.9401313e-07,0.0,-13.745705604553223,-0.00011732967154101103
135200,0.002178423572331667,0.007433647196739912,-3.688625854253769,3.2275915e-07,0.0,-18.116355895996094,-0.00015487781206093842
135400,0.0038020526990294456,0.00798608351033181,-3.68861500620842,3.6120412e-07,0.0,-2.556785821914673,-0.00016211035796867
135600,0.003546820254996419,0.008376242697704584,-3.6886105954647066,3.427267e-07,0.0,-10.038546562194824,-0.0001541353683264468
135800,0.0029157274402678013,0.006552779639605433,-3.6886092126369476,3.3229588e-07,0.0,-17.206512451171875,-0.00014814436573984402
136000,0.0028379024006426334,0.0062105869175866244,-3.688607174158096,4.7415494e-07,0.0,-1.440612554550171,-0.00022527141726715882
136200,0.003982442431151867,0.006447234668303281,-3.688609004020691,3.0815602e-07,0.0,-12.313126564025879,-0.00014654269736649183
136400,0.0006929832161404192,0.0034825992304831745,-3.6885899901390076,4.5150517e-07,0.0,-6.904468536376953,-0.0001982667223334289
136600,0.0028592287562787533,0.006375162582844496,-3.688603103160858,2.9951335e-07,0.0,-24.895166397094727,-0.0001425995825195425
136800,0.0021081003360450268,0.006039793114177882,-3.688604897260666,2.6166438e-07,0.0,-17.878293991088867,-0.00012338606932238427
137000,0.0014221149031072855,0.004077278729528189,-3.6885998845100403,1.7136335e-07,0.0,-9.865737915039062,-0.00010502431225840602
137200,0.002053649630397558,0.005980179843027145,-3.6886076033115387,2.6226041e-07,0.0,-20.61393165588379,-0.00013262945279617354
137400,0.0015104375779628754,0.0052321497787488624,-3.688601863384247,1.949072e-07,0.0,-24.282062530517578,-0.00011069467734863281
137600,0.003031346248462796,0.007496389059815556,-3.6886104345321655,3.0070544e-07,0.0,-3.8317184448242188,-0.00013801167853033647
137800,0.0021597566083073616,0.006226658215746283,-3.6886100590229036,2.6643275e-07,0.0,-26.20008659362793,-0.00012509346144939926
138000,0.002833277452737093,0.0047401074814843016,-3.6885991394519806,3.3020973e-07,0.0,-14.896679878234863,-0.00015374107572974083
138200,0.0028116139583289623,0.006788414437323809,-3.688609981536865,2.4974344e-07,0.0,-19.606727600097656,-0.00013257966150259648
138400,0.0016634291969239712,0.005906834144843743,-3.6885983407497407,4.7028064e-07,0.0,-2.713041305541992,-0.00018669247504763398
138600,0.0018768943846225739,0.005147334566572681,-3.6885974764823914,2.1785497e-07,0.0,-18.94990348815918,-0.00010982507541781316
138800,0.0004358186852186918,0.0036461766983848067,-3.6885905861854553,1.3887882e-07,0.0,-9.531380653381348,-8.645431683738103e-05
139000,0.002818543929606676,0.006180051097180695,-3.6886038780212402,2.5749205e-07,0.0,-29.690677642822266,-0.0001342029571131942
139200,0.0009616004535928369,0.0045540007820818575,-3.6886008620262145,2.4080276e-07,0.0,-12.698427200317383,-0.0001306688028817504
139400,0.0017983221914619207,0.006234214064897969,-3.6886106729507446,2.360344e-07,0.0,-24.847063064575195,-0.00010732869775655906
139600,0.001927193719893694,0.004721504790359177,-3.688599705696106,2.8461216e-07,0.0,-35.1191520690918,-0.00013629406013291324
139800,0.0011502966517582536,0.0034736907575279473,-3.688592290878296,2.452731e-07,0.0,-17.511981964111328,-0.00014485321192214684
140000,0.004177218768745661,0.005624231090769172,-3.6886051058769227,2.9236077e-07,0.0,-30.291175842285156,-0.00013987553211114445
140200,0.001643933355808258,0.004513830126961693,-3.688613098859787,3.4302474e-07,0.0,-34.943023681640625,-0.00017460312792874077
140400,0.0032695892732590437,0.0055995828472077845,-3.6886159479618073,3.7074088e-07,0.0,-34.77783203125,-0.00017194597485374884
140600,0.002773983869701624,0.005439391609979793,-3.6886163294315337,2.3901464e-07,0.0,-29.5189151763916,-0.00013562422910240457
140800,0.001947318552993238,0.00468298927298747,-3.688612198829651,2.1666287e-07,0.0,-26.63745880126953,-0.0001264760931838804
141000,0.000945870007853955,0.0040610478434246035,-3.6886015713214872,3.0755996e-07,0.0,-1.7114737033843994,-0.00014816936924795244
141200,0.0021383108105510473,0.004792309564072639,-3.6886105060577394,1.7404557e-07,0.0,-35.468143463134766,-9.025971569589508e-05
141400,0.000665880914311856,0.003617552497598808,-3.688600879907608,1.7523767e-07,0.0,-22.628618240356445,-0.00010984887224525508
141600,0.002308853901922703,0.004048225225415081,-3.6886007130146026,2.3216009e-07,0.0,-23.6075439453125,-0.00011847509359483866
141800,0.0010746549814939499,0.00282716022193199,-3.6885976791381836,2.1159647e-07,0.0,-17.94706916809082,-0.00010799644112489127
142000,0.0032422789372503757,0.005043047515209764,-3.688611763715744,2.8938055e-07,0.0,-30.816024780273438,-0.0001385701594516675
142200,0.0023589383345097303,0.003816416667541489,-3.688609701395035,3.7968158e-07,0.0,-20.939414978027344,-0.00018716529060531785
142400,0.0011131728533655405,0.003776084436685778,-3.6886097609996797,3.5196544e-07,0.0,-29.521533966064453,-0.00018475702554692218
142600,0.001258554751984775,0.0047442490176763386,-3.6886103332042692,2.7924776e-07,0.0,-18.151142120361328,-0.00014257764091167856
142800,0.0016946553951129317,0.005405236547812819,-3.688611960411072,2.542138e-07,0.0,-3.8351969718933105,-0.00012661496875272517
143000,0.0017893551848828793,0.004139312184997834,-3.688614362478256,2.452731e-07,0.0,-22.754159927368164,-0.00014823833966346456
143200,0.0006582743371836841,0.0039403644506819544,-3.688615971803665,2.3394824e-07,0.0,-16.730710983276367,-0.00013161449850827012
143400,0.002877399791032076,0.004881286161253229,-3.688618320226669,2.3126603e-07,0.0,-39.05353546142578,-0.0001313347220897265
143600,0.00082172523252666,0.003299629158573225,-3.688608521223068,3.3259394e-07,0.0,-13.996469497680664,-0.00014137274473602357
143800,0.0008594207465648651,0.002891973627265543,-3.688603287935257,2.0653009e-07,0.0,-19.869844436645508,-0.00011369968124137486
144000,0.0008622603490948677,0.0033006720332195982,-3.6886099755764006,3.3885243e-07,0.0,-26.501678466796875,-0.0001821878551331757
144200,0.0016971832374110818,0.003181567350111436,-3.688606917858124,2.732873e-07,0.0,-13.641518592834473,-0.0001386864342721006
144400,0.0016325898468494415,0.0038087553519289942,-3.688608169555664,3.2514333e-07,0.0,-3.3221945762634277,-0.00015063653099258722
144600,0.0007765026530250907,0.003994151478400454,-3.6886174201965334,2.619624e-07,0.0,-32.53732681274414,-0.00011881236715009791
144800,0.0010356613202020526,0.0026396294369988027,-3.6886070668697357,1.5348196e-07,0.0,-28.665578842163086,-9.604380306837967e-05
145000,0.0009558115270920098,0.004611721489345655,-3.6886216044425963,2.9206274e-07,0.0,-32.54401779174805,-0.00016000883369939877
145200,0.000884361332282424,0.002019910421950044,-3.688607710599899,2.4020673e-07,0.0,-23.557920455932617,-0.00013731770861094005
145400,0.0005834553739987314,0.0015857997874263673,-3.688598430156708,5.1558015e-07,0.0,-0.5616294145584106,-0.00022602535489317787
145600,0.0014168397756293416,0.0033023355033947157,-3.6886088728904722,2.324581e-07,0.0,-27.850786209106445,-0.00012073284403163465
145800,0.0017442737007513642,0.0036194428714225067,-3.6886071443557737,1.4483928e-07,0.0,-3.490598201751709,-8.338472645164074e-05
146000,0.0015340987592935562,0.003554552511195652,-3.688612109422684,1.8984079e-07,0.0,-34.8446044921875,-0.00011245176209602192
146200,0.0009945847559720278,0.002968351566232741,-3.68860667347908,3.1262638e-07,0.0,-20.08020782470703,-0.00016583943355543695
146400,0.0008653125260025263,0.0021906631664023735,-3.6885988056659698,2.479553e-07,0.0,-19.755674362182617,-0.00011396089181539004
146600,0.0006689706933684647,0.0021546352494624444,-3.6885980010032653,1.5407801e-07,0.0,-22.437164306640625,-8.114360258741904e-05
146800,0.0014166629407554865,0.0038589679228607566,-3.6886037468910216,5.3256747e-07,0.0,-4.164895534515381,-0.0002080088331907204
147000,0.0014854432083666325,0.003415709614637308,-3.6886056900024413,1.5437602e-07,0.0,-35.200984954833984,-8.399087166084395e-05
147200,0.0003285080601926893,0.0019335706325364298,-3.6885954558849336,3.346801e-07,0.0,-15.345144271850586,-0.00016290402566072616
147400,0.0012823096476495266,0.0022794219927163794,-3.6885974228382112,1.9580128e-07,0.0,-23.544921875,-0.00010199731917748256
147600,0.0003159379120916128,0.0029043412185274066,-3.6885996639728544,1.8060207e-07,0.0,-44.90724563598633,-0.00010049650157821777
147800,0.0007570331217721105,0.002486881605000235,-3.688595736026764,2.6166438e-07,0.0,-36.72309875488281,-0.00013035294399525997
148000,0.0007705003954470158,0.002359805259038694,-3.688600468635559,2.3066997e-07,0.0,-17.22751808166504,-0.00011742763188395954
148200,0.0001422962814103812,0.001777217637572903,-3.6886010468006134,2.527237e-07,0.0,-28.693635940551758,-0.00013822092125748142
148400,0.0007393480045720935,0.00228031471488066,-3.688604611158371,2.30968e-07,0.0,-2.6427063941955566,-0.0001279495094530625
148600,0.0005689254030585289,0.0022494368051411582,-3.6886063516139984,2.69115e-07,0.0,-2.968153715133667,-0.0001436808172785464
148800,0.0010543246753513813,0.0019015435987967066,-3.6886059820652006,5.3167344e-07,0.0,-32.498069763183594,-0.00019855742052663495
149000,0.00014468785957433283,0.0015268532006302848,-3.6885997474193575,2.5153162e-07,0.0,-21.682510375976562,-0.00014487935604312607
149200,0.0002952350478153676,0.0017851813609013334,-3.688604336977005,1.7076732e-07,0.0,-20.71291160583496,-0.00010322311521258066
149400,0.0010146608110517263,0.0022270386325544678,-3.6886116325855256,2.2172927e-07,0.0,-32.83872985839844,-0.0001287392972673107
149600,0.0008359882049262524,0.0023615502286702394,-3.68861328959465,3.4540892e-07,0.0,-27.7276668548584,-0.0001580240867170346
149800,0.0008448328007943928,0.0018325478682527318,-3.6886059820652006,2.0623206e-07,0.0,-22.825096130371094,-9.419645418198285e-05
150000,0.0005685038631781936,0.0020557778887450697,-3.6885995149612425,3.0219553e-07,0.0,-3.6760144233703613,-0.00015677316529340014
150200,0.000712247914634645,0.0021404170416644774,-3.688599908351898,3.4451486e-07,0.0,-4.224828243255615,-0.0001679313334714383
150400,0.0009654922760091722,0.0019819713139440863,-3.6886038064956663,3.6090614e-07,0.0,-23.49481773376465,-0.00016601225001841024
150600,0.0002172677923226729,0.0006798295915359631,-3.688591557741165,2.6613475e-07,0.0,-11.936544418334961,-0.00013903590996955373
150800,0.0006249822909012437,0.0017157450143713503,-3.6886048018932343,2.077222e-07,0.0,-29.356231689453125,-0.00012083433570482249
151000,0.0004457723698578775,0.0018147420807508752,-3.6886061787605287,3.3795834e-07,0.0,-21.54558563232422,-0.00017064218367996987
151200,0.0004168002342339605,0.0013620154641103,-3.688601332902908,2.56598e-07,0.0,-17.898117065429688,-0.00013314216575561756
151400,-0.0001692461664788425,0.000815913228871068,-3.688591700792313,2.4825334e-07,0.0,-19.392192840576172,-0.0001230290543882795
151600,9.8161690402776e-06,0.0009679236070951446,-3.688594180345535,3.2663348e-07,0.0,-23.934642791748047,-0.00017195539113004087
151800,0.0001614475913811475,0.0009478444284468423,-3.6885951578617098,2.0951032e-07,0.0,-21.41710090637207,-0.0001221044066080701
152000,-1.6009289538487792e-05,0.001088817858908442,-3.6885943710803986,2.077222e-07,0.0,-20.560720443725586,-0.00012970043839539703
152200,0.0002375094045419246,0.001356015530473087,-3.688597673177719,2.0802021e-07,0.0,-32.536155700683594,-0.0001143585153007276
152400,-2.3314059944823384e-05,0.0009923684077875806,-3.688592529296875,2.9593707e-07,0.0,-36.732879638671875,-0.0001478055707248238
152600,7.498159538954496e-05,0.0009528315145871602,-3.6885919272899628,2.0503998e-07,0.0,-23.08849334716797,-9.82157965936481e-05
152800,0.0003004734462592751,0.0010745789186330512,-3.6885976254940034,2.4408104e-07,0.0,-34.46016311645508,-0.00012684856995974768
153000,0.0002232101105619222,0.0012506232640589587,-3.688606083393097,2.7894976e-07,0.0,-33.39122772216797,-0.0001416924904077632
153200,-3.5249104257673025e-05,0.0009382285425090231,-3.6886003017425537,3.4064055e-07,0.0,-17.287874221801758,-0.00016723027987737283
153400,-0.0003952100232709199,0.0007786592106640456,-3.6885938823223112,5.406141e-07,0.0,-22.251310348510742,-0.00023475380958757342
153600,0.00012011019862256944,0.0007555490345112048,-3.688593703508377,2.2858381e-07,0.0,-23.687824249267578,-0.00011073255497615064
153800,5.466077709570527e-05,0.0009259567901608534,-3.6886003494262694,3.2961367e-07,0.0,-30.24773597717285,-0.00014609256524598103
154000,0.0002518039254937321,0.0008859120374836493,-3.688595545291901,2.1159649e-07,0.0,-3.502779483795166,-0.00010989530227651922
154200,0.0001303013414144516,0.0008928971597924829,-3.688606655597687,1.8119812e-07,0.0,-33.18080520629883,-0.00010776024321057509
154400,0.00022214019554667175,0.0007693163090152666,-3.6886025726795197,1.8775462e-07,0.0,-22.727306365966797,-0.00011131505679407017
154600,-5.485257133841515e-06,0.0005560312150919344,-3.688595640659332,2.4080276e-07,0.0,-16.241493225097656,-0.00012359380755113669
154800,-3.716540231835097e-05,0.0006210693238244858,-3.688597875833511,2.2143126e-07,0.0,-18.856481552124023,-0.00013407163223986274
155000,-7.311931403819472e-05,0.000409416342881741,-3.688593190908432,2.1040441e-07,0.0,-12.62893009185791,-0.00010850207534595646
155200,-0.0003108229720965028,0.00040244645824714096,-3.688593018054962,2.9593707e-07,0.0,-12.581494331359863,-0.0001468196219079787
155400,-0.00015196164895314723,0.0006162503188534175,-3.688593238592148,3.296137e-07,0.0,-4.026518821716309,-0.00016786675677900044
155600,2.1949876099824905e-05,0.0004344791599578457,-3.6885935187339784,1.8626451e-07,0.0,-28.368896484375,-9.999316916509127e-05
155800,-0.0001386721123708412,0.00034352858456259127,-3.6885863125324247,2.7656554e-07,0.0,-28.460439682006836,-0.00013191115050346092
156000,-0.0003370557678863406,0.00034372006957710254,-3.6885817289352416,2.0325183e-07,0.0,-18.688215255737305,-0.000122394949254101
156200,-0.00011179214925505221,0.0004378948848170694,-3.688578897714615,2.1636487e-07,0.0,-2.613781690597534,-0.0001184705050208068
156400,-6.779207615181804e-05,0.0005197767990466673,-3.68859001994133,2.3961067e-07,0.0,-25.86478614807129,-0.00012555655798620612
156600,-0.00012408182374201715,0.00022301976605376694,-3.6885791957378387,1.8447636e-07,0.0,-18.902931213378906,-0.00010660291059725325
156800,-0.00016993466124404222,0.00031672564582549965,-3.688589185476303,2.8461218e-07,0.0,-24.241992950439453,-0.00014015199240327014
157000,-0.00017616557306610048,0.00034387951127428095,-3.688596820831299,2.774596e-07,0.0,-29.575960159301758,-0.000149420679043466
157200,-4.969185101799667e-05,0.000408379997315933,-3.68860177397728,2.44081e-07,0.0,-30.343170166015625,-0.00010178269523088978
157400,-0.00017916332581080496,0.00030173910654411883,-3.688597095012665,2.5361777e-07,0.0,-18.847551345825195,-0.00011665370933169327
157600,-0.00020445258996915072,0.00031192376027320277,-3.6885994911193847,2.1517278e-07,0.0,-18.592260360717773,-0.00011764437037447007
157800,-0.00014274782733991742,0.00025908516217896247,-3.6885958850383758,1.7136335e-07,0.0,-24.569238662719727,-9.262824014180104e-05
158000,-0.0001078494533430785,0.00024004226706892952,-3.6885976433753966,1.5169383e-07,0.0,-18.56389045715332,-9.267165494262209e-05
158200,-0.00031601457158103585,0.00014166873570502502,-3.6885928928852083,3.1083823e-07,0.0,-17.773956298828125,-0.0001266986503538292
158400,-0.00042220973409712315,0.00018593186905491166,-3.6885978639125825,3.5375356e-07,0.0,-35.39845275878906,-0.00017572901754716596
158600,-0.00015849921328481287,0.00012088842631783337,-3.6885912835597994,2.2113323e-07,0.0,-12.003609657287598,-0.00011668052346704982
158800,-0.00032783750793896616,0.00014293266231106826,-3.6885953843593597,2.259016e-07,0.0,-11.29751968383789,-0.0001284914323430364
159000,-0.0003713477635756135,0.00023094630996638442,-3.6886048436164858,3.1530857e-07,0.0,-25.301362991333008,-0.00014366287055120886
159200,-0.00022201475803740323,8.303053957661177e-05,-3.6885892391204833,2.491474e-07,0.0,-13.496940612792969,-0.00012453749789301805
159400,-5.767119364463724e-05,0.00014237464592952164,-3.6885957419872284,2.974272e-07,0.0,-23.852624893188477,-0.00013563579395790005
159600,-0.0003489853406790644,0.00011996057855867548,-3.6885871589183807,2.6792287e-07,0.0,-10.066463470458984,-0.0001247258633933379
159800,-0.00028983503580093384,0.00013686020447494228,-3.688587433099747,2.554059e-07,0.0,-15.77780532836914,-0.00013749865430418007
160000,-0.00040370345232076943,0.00011124779211968416,-3.68858260512352,3.8087367e-07,0.0,-20.062746047973633,-0.00016930582341716515
160200,-0.00032535873469896615,0.00010344343772885622,-3.688575291633606,2.9027464e-07,0.0,-27.28505516052246,-0.00015174750252515689
160400,-0.0002444417623337358,9.204081711686741e-05,-3.6885754466056824,2.9563904e-07,0.0,-21.390539169311523,-0.00013973857570546145
160600,-0.000282563065411523,0.0001153875690761197,-3.6885800778865816,3.1083823e-07,0.0,-18.255102157592773,-0.00015029370793491205
160800,-0.0002685407525859773,7.912734026831459e-05,-3.6885700941085817,2.9355286e-07,0.0,-9.306319236755371,-0.00013064096824826342
161000,-0.0004368639492895454,5.1359710619180986e-05,-3.688559538125992,4.011393e-07,0.0,-11.539162635803223,-0.00016478352367369498
161200,-0.00024220997875090688,5.0840224980674974e-05,-3.6885578334331512,2.8043985e-07,0.0,-6.761926651000977,-0.0001282319134624288
161400,-0.00040571094723418355,0.00010150646121473983,-3.68856857419014,3.5613778e-07,0.0,-4.2739644050598145,-0.00016506577939781052
161600,-0.00025264170835725963,5.465618432936026e-05,-3.6885679066181183,2.4229288e-07,0.0,-12.239259719848633,-0.00011290581577889647
161800,-0.0004889023257419467,5.5071839051379355e-05,-3.688567358255386,2.3812056e-07,0.0,-24.9700927734375,-0.0001505122948624482
162000,-0.00029395153978839517,4.1924596780518185e-05,-3.68856463432312,2.5272368e-07,0.0,-10.606758117675781,-0.00011995518182765786
162200,-0.00044043976231478155,6.299817641775007e-05,-3.688572120666504,3.3438204e-07,0.0,-2.5803282260894775,-0.0001626602569940072
162400,-0.0002756457543000579,5.074209057056578e-05,-3.688573044538498,2.4646522e-07,0.0,-18.43907356262207,-0.00011796692041055046
162600,-0.00041239545680582523,2.472705041327572e-05,-3.68855904340744,3.027916e-07,0.0,-7.096419334411621,-0.00014390717411253974
162800,-0.00026260141748934984,2.49568562139757e-05,-3.688558930158615,2.4259091e-07,0.0,-8.69094467163086,-0.00011368687487753882
163000,-0.0002537289110478014,4.525099475358729e-05,-3.6885750234127044,3.349781e-07,0.0,-19.887479782104492,-0.00015780408227783482
163200,-0.00030608606175519526,4.506002646849083e-05,-3.688572335243225,3.1650066e-07,0.0,-3.065946578979492,-0.0001379800139429843
163400,-0.00016726522881072015,2.47810580276564e-05,-3.688564896583557,1.4305114e-07,0.0,-13.321487426757812,-9.455686058855717e-05
163600,-0.00024178034800570458,2.5051679676835194e-05,-3.688568276166916,2.6106832e-07,0.0,-4.9955034255981445,-0.00011976228537491362
163800,-0.00031193747418001294,3.16479414323112e-05,-3.6885738551616667,3.3676625e-07,0.0,-10.637673377990723,-0.0001606786108195646
164000,-0.00041782131302170455,2.0933310088366853e-05,-3.688573056459427,2.6017426e-07,0.0,-15.433719635009766,-0.00013505370885280588
164200,-0.0003729870659299195,1.879562735211948e-05,-3.688568615913391,2.2560359e-07,0.0,-15.423164367675781,-0.00011079574311703144
164400,16.115869522094727,32.977705240249634,-3.6887489438056944,1.7881393e-09,0.0,-0.011567115783691406,-1.2256354303907814e-06
164600,6.433305740356445,13.004908061027527,-3.688641482591629,2.9802322e-10,0.0,-0.006243109703063965,-2.3543923936220068e-05
164800,11.490817070007324,18.513846898078917,-3.688572973012924,0.0,0.0,0.002556443214416504,-9.135466086362954e-06
165000,14.47411823272705,27.63028130531311,-3.6885705173015593,0.0,0.0,-7.152557373046875e-05,-5.1024258233667295e-06
165200,5.1667046546936035,15.633596110343934,-3.688567006587982,0.0,0.0,-0.0032334327697753906,-1.2341320573661108e-05
165400,20.3259334564209,44.60135974884033,-3.68856737613678,0.0,0.0,0.0021541714668273926,-8.779466212871512e-06
165600,2.5451998710632324,4.583361703157425,-3.6885623753070833,3.069639e-08,0.0,0.0012066960334777832,-6.521102761791742e-05
165800,7.422735214233398,14.28666365146637,-3.6885714292526246,0.0,0.0,0.001656174659729004,-9.202614457004544e-06
166000,5.902186393737793,10.00673303604126,-3.6885660111904146,7.7486035e-09,0.0,0.0055582523345947266,-3.383642429501954e-05
166200,8.415464401245117,15.998903679847718,-3.688568252325058,0.0,0.0,6.008148193359375e-05,-9.721338754564712e-06
166400,12.396157264709473,23.719651985168458,-3.6885606586933135,0.0,0.0,0.001042187213897705,-1.0790147008066243e-05
166600,5.022039890289307,11.011601150035858,-3.688570809364319,1.1324882e-08,0.0,0.0015167593955993652,-4.568478440423185e-05
166800,10.255084037780762,26.62714276313782,-3.6885632157325743,0.0,0.0,-0.0031758546829223633,-1.8146633740556694e-06
167000,5.761625289916992,12.190233373641968,-3.6885750114917757,0.0,0.0,0.002411067485809326,-1.1131092884753002e-05
167200,8.70993423461914,15.847197127342223,-3.6885706305503847,7.7486035e-09,0.0,0.00048089027404785156,-4.3162569100663185e-05
167400,2.21625018119812,8.68709647655487,-3.6885683834552765,3.1888487e-08,0.0,-0.003752470016479492,-5.8371752347641245e-05
167600,6.198283672332764,13.284112453460693,-3.688558065891266,5.9604643e-10,0.0,-0.0015586614608764648,-1.7782472264737947e-05
167800,6.584344387054443,16.162299585342407,-3.688562333583832,2.6822087e-09,0.0,0.0019304156303405762,-3.310868144046353e-05
168000,17.162433624267578,36.45695400238037,-3.6885641753673553,0.0,0.0,0.008465051651000977,-5.076169984974399e-06
168200,16.657346725463867,35.93178567886353,-3.688567668199539,0.0,0.0,0.0033327341079711914,-4.702955469682024e-06
168400,8.998414039611816,19.329892992973328,-3.6885663151741026,0.0,0.0,-3.3736228942871094e-05,-1.2504771247767722e-05
168600,4.554794788360596,8.469224655628205,-3.688569849729538,0.0,0.0,-0.0024085044860839844,-2.339889097822123e-05
168800,15.030970573425293,28.48097882270813,-3.688565182685852,0.0,0.0,0.002405405044555664,-1.336330174710465e-05
169000,10.496451377868652,20.42449951171875,-3.68856143951416,0.0,0.0,-0.0011992454528808594,-9.277120220474444e-06
169200,15.961195945739746,30.944584369659424,-3.688556492328644,0.0,0.0,-2.491474151611328e-05,-8.41817259893407e-06
169400,15.36186695098877,25.590143585205077,-3.68856104016304,0.0,0.0,0.0022205710411071777,-1.5146628008588792e-05
169600,9.330865859985352,23.577512121200563,-3.688561886548996,4.470348e-09,0.0,0.001231551170349121,-3.834823501049911e-05
169800,21.286062240600586,42.07840738296509,-3.688565361499786,0.0,0.0,-0.0013240575790405273,-9.490668696265914e-06
170000,5.973201751708984,9.235953903198242,-3.688562399148941,5.0961972e-08,0.0,-3.612041473388672e-05,-6.895439332508247e-05
170200,7.712728500366211,14.757466733455658,-3.6885647058486937,5.9604643e-10,0.0,0.003953754901885986,-1.3449996734271607e-05
170400,8.254569053649902,18.21842896938324,-3.6885656237602236,0.0,0.0,-0.004968881607055664,-2.0499247861716084e-05
170600,3.0202856063842773,6.891480398178101,-3.688564544916153,6.616116e-08,0.0,0.005738675594329834,-8.017513182942971e-05
170800,6.908688068389893,12.186909794807434,-3.6885719895362854,2.0861624e-09,0.0,0.0057253241539001465,-1.61158739008016e-05
171000,16.182743072509766,25.934596061706543,-3.688561427593231,0.0,0.0,-0.0014647245407104492,-1.8658839090379688e-05
171200,9.408012390136719,15.574499440193176,-3.688573431968689,1.0699034e-07,0.0,0.00499647855758667,-0.0001041237711673304
171400,6.207550048828125,12.453236055374145,-3.6885699689388276,1.490116e-09,0.0,0.0018329024314880371,-2.3053780259019163e-05
171600,13.560935020446777,27.983290195465088,-3.688563656806946,0.0,0.0,-0.0008008480072021484,-1.754942538383375e-05
171800,11.74314022064209,21.165296125411988,-3.6885665476322176,0.0,0.0,0.0065642595291137695,-1.440959427583266e-05
172000,11.474213600158691,26.018669223785402,-3.688566929101944,0.0,0.0,0.0023208260536193848,-1.422256233087893e-05
172200,14.015443801879883,25.332518672943117,-3.688566106557846,3.8146972e-08,0.0,0.0028368234634399414,-6.256604164722734e-05
172400,6.82743501663208,13.429862523078919,-3.6885725557804108,5.9604643e-10,0.0,0.009873509407043457,-9.004697318371057e-06
172600,4.500585556030273,11.512003326416016,-3.6885616362094877,5.9604643e-10,0.0,0.007425367832183838,-2.4632990676176636e-05
172800,14.664728164672852,33.4860921382904,-3.6885671854019164,0.0,0.0,-0.006710529327392578,-1.3435348926460478e-05
173000,20.9932918548584,39.201132726669314,-3.688563972711563,0.0,0.0,0.007138431072235107,-1.1362075776188974e-05
173200,10.007086753845215,19.364419913291933,-3.6885665476322176,0.0,0.0,0.0019617676734924316,-2.0604267584145574e-05
173400,7.802740573883057,19.31436393260956,-3.688571411371231,9.298324e-08,0.0,0.00216752290725708,-9.58331382646005e-05
173600,3.6616909503936768,9.108756411075593,-3.688568949699402,1.0430813e-08,0.0,0.013974905014038086,-3.501451786771526e-05
173800,4.143457889556885,9.633832049369811,-3.688569802045822,6.556511e-09,0.0,0.004737138748168945,-3.8496438692536825e-05
174000,10.250234603881836,19.069711446762085,-3.6885660111904146,8.046627e-09,0.0,0.004055321216583252,-3.881628818205307e-05
174200,8.166860580444336,15.888914394378663,-3.6885629296302795,5.9604643e-10,0.0,0.0012489557266235352,-2.4884633875821292e-05
174400,4.092239856719971,7.805609965324402,-3.6885641157627105,5.364418e-09,0.0,-0.011257767677307129,-3.0055731509914806e-05
174600,6.748108386993408,15.190717363357544,-3.688555634021759,0.0,0.0,0.0032799839973449707,-1.9843027167176785e-05
174800,7.593753814697266,14.343562626838684,-3.6885661840438844,2.0861624e-09,0.0,0.002991318702697754,-3.11010517553445e-05
175000,9.374048233032227,21.773923110961913,-3.6885666847229004,3.2782554e-09,0.0,0.0031570792198181152,-3.306026783906901e-05
175200,9.523983001708984,16.69208707809448,-3.688566726446152,0.0,0.0,-0.00034427642822265625,-2.6047732531164768e-05
175400,24.273134231567383,42.89704780578613,-3.6885582506656647,0.0,0.0,-0.00045430660247802734,-1.4451839058837734e-05
175600,9.461831092834473,21.64279646873474,-3.6885678470134735,0.0,0.0,0.014378964900970459,-1.4898665214602148e-05
175800,4.0420427322387695,10.426029396057128,-3.6885657489299772,2.3841857e-09,0.0,0.001949906349182129,-2.4792671685069932e-05
176000,20.046764373779297,35.551739072799684,-3.688570362329483,0.0,0.0,0.006940364837646484,-1.742656540950627e-05
176200,15.30031967163086,29.109837102890015,-3.688571739196777,0.0,0.0,-0.001507878303527832,-1.6171745880144694e-05
176400,17.125015258789062,38.84383883476257,-3.6885681986808776,0.0,0.0,-0.0008310079574584961,-1.1439934313450805e-05
176600,7.590203285217285,14.042170548439026,-3.6885606944561005,2.9802322e-10,0.0,0.004283547401428223,-2.3769207333579344e-05
176800,11.439866065979004,22.05862226486206,-3.688566130399704,3.2782554e-09,0.0,0.004165828227996826,-3.756803655572405e-05
177000,8.710294723510742,23.706081676483155,-3.6885761976242066,8.9406965e-10,0.0,0.010357260704040527,-2.8175167626187657e-05
177200,4.3787713050842285,10.19032883644104,-3.6885682880878448,2.8312204e-08,0.0,-0.0022764205932617188,-5.6352119088742826e-05
177400,13.335588455200195,21.17671844959259,-3.6885799705982207,2.1159648e-08,0.0,0.0044779181480407715,-5.5323071899948674e-05
177600,21.18926239013672,57.88063516616821,-3.688562750816345,1.1920929e-09,0.0,0.001128852367401123,-2.4075709279447467e-05
177800,9.537027359008789,19.26099078655243,-3.6885659873485563,0.0,0.0,0.0032625794410705566,-2.7938663908599892e-05
178000,3.264944314956665,6.125352132320404,-3.6885581493377684,3.9935113e-08,0.0,0.006680488586425781,-6.667312219157395e-05
178200,14.53575611114502,24.218955421447752,-3.6885693669319153,3.2782554e-09,0.0,0.0016878247261047363,-2.6532143293511723e-05
178400,4.178874492645264,9.362228667736053,-3.6885687172412873,9.5665456e-08,0.0,0.002358853816986084,-9.010709126462401e-05
178600,5.124600410461426,12.17440972328186,-3.688556319475174,1.1920929e-07,0.0,-0.002749919891357422,-0.00011208445564427904
178800,13.340081214904785,23.402077436447144,-3.6885630965232847,5.185604e-08,0.0,0.0014253854751586914,-6.995660032034223e-05
179000,7.9768290519714355,14.44897701740265,-3.6885664105415343,9.626151e-08,0.0,0.01144486665725708,-0.00010658720816612011
179200,5.463582992553711,12.717317461967468,-3.6885661125183105,2.2947788e-08,0.0,-0.005334734916687012,-5.717164988077173e-05
179400,5.006239891052246,11.47854050397873,-3.6885643720626833,9.536743e-09,0.0,0.012697935104370117,-3.600691258496269e-05
179600,5.43989372253418,12.505960130691529,-3.6885752975940704,6.845594e-07,0.0,-0.00564265251159668,-0.00025722637609941755
179800,15.2803316116333,29.781077337265014,-3.6885672986507414,3.5166742e-08,0.0,0.01103067398071289,2.8585344271192524e-06
180000,14.477628707885742,30.35828094482422,-3.688578027486801,0.0,0.0,-0.0021227598190307617,-1.6872137704382338e-05
180200,6.917166233062744,12.019211316108704,-3.688568723201752,9.834767e-09,0.0,0.01179128885269165,-3.8988277246598814e-05
180400,12.946324348449707,27.663519430160523,-3.6885721504688265,0.0,0.0,0.0018767714500427246,-1.4160707474530909e-05
180600,11.626714706420898,24.643917560577393,-3.6885676980018616,8.9406965e-10,0.0,-0.0031110048294067383,-2.5176562410678115e-05
180800,20.04558563232422,41.35773811340332,-3.6885698199272157,8.9406965e-10,0.0,0.00495380163192749,-2.7645185550539964e-05
181000,5.215174674987793,10.158930253982543,-3.688567501306534,3.668666e-07,0.0,-0.008588194847106934,-0.0002162533122977317
181200,5.794671535491943,11.892720353603362,-3.6885664999485015,3.695488e-08,0.0,-0.002962350845336914,-2.897138113029385e-05
181400,4.297416687011719,8.630835247039794,-3.688573831319809,9.2387204e-08,0.0,0.012023568153381348,-9.960070368828511e-05
181600,2.0244951248168945,5.89479912519455,-3.688567316532135,5.352497e-07,0.0,-0.008380651473999023,-0.00022129719756449617
181800,6.264629364013672,12.641324639320374,-3.6885689973831175,1.0311604e-07,0.0,0.011345744132995605,-7.70689098226307e-05
182000,27.138877868652344,44.648512506484984,-3.6885712504386903,1.7881393e-09,0.0,0.005705475807189941,-3.065146499174887e-05
182200,9.690165519714355,26.29479866027832,-3.6885636270046236,1.37090685e-08,0.0,0.004102110862731934,-3.9298318634273245e-05
182400,4.673005104064941,10.337708747386932,-3.6885690927505492,1.2010337e-07,0.0,-0.011211991310119629,-0.00010717985041379663
182600,7.565975666046143,13.297473454475403,-3.6885741293430327,1.1622905e-08,0.0,0.009306073188781738,-2.6412248551466176e-05
182800,10.14682674407959,18.834781289100647,-3.688559913635254,3.9339067e-08,0.0,-0.0017323493957519531,-6.261991637854792e-05
183000,5.120118618011475,14.662461948394775,-3.688562899827957,1.1920928e-08,0.0,0.014050960540771484,-3.693572408030033e-05
183200,1.1662392616271973,2.7792369723320007,-3.688564974069595,1.859665e-07,0.0,0.006861090660095215,-0.00014060915954194897
183400,6.797384738922119,11.8416073679924,-3.688568592071533,3.3974647e-08,0.0,0.008444428443908691,-4.445050686312513e-05
183600,7.296384334564209,15.590221190452576,-3.6885742783546447,2.771616e-08,0.0,0.003371596336364746,-5.248706048996965e-05
183800,9.804981231689453,16.886903500556947,-3.6885702192783354,1.2516976e-08,0.0,0.013063013553619385,-4.285483837058734e-05
184000,28.581296920776367,56.88021802902222,-3.688568490743637,0.0,0.0,-0.0006862878799438477,-1.642686127247828e-05
184200,17.865537643432617,22.854760575294495,-3.688565891981125,2.5033952e-08,0.0,-0.004181027412414551,-5.13093622124261e-05
184400,10.338102340698242,20.952611446380615,-3.6885627925395967,1.07288365e-08,0.0,-0.017548441886901855,-3.2129578473316656e-05
184600,7.620379447937012,19.160077238082884,-3.688564109802246,6.8545343e-09,0.0,0.0018991827964782715,-3.1816378037285986e-05
184800,5.440039157867432,10.377906477451324,-3.688571661710739,4.2915342e-08,0.0,-0.0005638599395751953,-6.471632428304286e-05
185000,10.564266204833984,23.729535007476805,-3.688577103614807,8.34465e-09,0.0,0.014983057975769043,-2.9745403820768956e-05
185200,9.703234672546387,21.564835214614867,-3.6885580718517303,6.347895e-08,0.0,0.0013211965560913086,-7.664388631700714e-05
185400,25.802188873291016,43.9469295501709,-3.6885609209537504,9.834766e-09,0.0,-0.004135727882385254,-3.358605508818613e-05
185600,3.603865385055542,6.805248713493347,-3.6885573625564576,4.0531155e-08,0.0,0.002409040927886963,-6.163229039364282e-05
185800,14.297931671142578,23.066069459915163,-3.6885613977909086,1.07288365e-08,0.0,0.009282350540161133,-3.989918567866013e-05
186000,10.874296188354492,18.17798047065735,-3.688570886850357,9.23872e-09,0.0,-0.004987359046936035,-4.070432489360343e-05
186200,2.190641403198242,6.608346438407898,-3.6885604858398438,9.006262e-07,0.0,0.0036318302154541016,-0.0002832216786173403
186400,8.655288696289062,15.921677565574646,-3.6885506570339204,6.318092e-08,0.0,-0.0031745433807373047,-3.6333643107688826e-05
186600,4.455836296081543,10.734537160396576,-3.6885623395442964,5.275011e-08,0.0,0.01962745189666748,-7.433260946925202e-05
186800,6.950834274291992,13.0806067943573,-3.6885558366775513,6.4074996e-08,0.0,-0.0033903121948242188,-9.507316389243404e-05
187000,2.21781587600708,4.178749233484268,-3.688564270734787,1.9788742e-07,0.0,0.0010819435119628906,-0.00012504599961591368
187200,1.9693769216537476,5.182921457290649,-3.688559830188751,8.791685e-08,0.0,0.010543525218963623,-8.242746451081473e-05
187400,16.329891204833984,35.618620777130126,-3.6885604679584505,8.0466265e-09,0.0,0.0030759572982788086,-3.6881402187383117e-05
187600,6.806002140045166,11.330252265930175,-3.688564133644104,2.0861625e-08,0.0,0.010629892349243164,-4.841649572209228e-05
187800,12.08427619934082,22.250858879089357,-3.68855859041214,4.7683715e-09,0.0,0.013300895690917969,-3.2108008838704906e-05
188000,2.5838279724121094,6.925903749465943,-3.6885591626167296,1.3381243e-07,0.0,0.012632250785827637,-0.00012356314063568518
188200,4.6402153968811035,10.270475804805756,-3.6885502696037293,1.013279e-07,0.0,0.004687309265136719,-0.00010197378700356196
188400,3.3245503902435303,7.973520171642304,-3.688552814722061,3.1709672e-07,0.0,0.001625359058380127,-0.00017560464155751409
188600,6.724137783050537,12.552125024795533,-3.6885426521301268,4.6193602e-08,0.0,-0.0032383203506469727,-6.72226917890928e-05
188800,2.791227102279663,8.946235501766205,-3.6885583221912386,1.9580126e-07,0.0,0.016391992568969727,-0.00012332221842474843
189000,6.1357598304748535,13.056988334655761,-3.688554382324219,1.08182434e-07,0.0,-0.017133235931396484,-0.0001015010259318494
189200,18.597049713134766,36.59027237892151,-3.688557040691376,3.8743018e-09,0.0,0.008349895477294922,-2.4757653595541828e-05
189400,8.546065330505371,17.168733716011047,-3.6885578870773315,3.576279e-08,0.0,-0.007712841033935547,-5.96838672370481e-05
189600,3.440927505493164,6.344253599643707,-3.6885539293289185,1.53929e-06,0.0,0.007564842700958252,-0.00040523204048250607
189800,3.5652942657470703,7.531570565700531,-3.6885567009449005,1.3321639e-07,0.0,-0.009236574172973633,-6.86149672987968e-05
190000,5.158078670501709,7.986118829250335,-3.6885467886924745,5.364418e-08,0.0,0.007293581962585449,-6.785017215111821e-05
190200,9.814906120300293,16.54861226081848,-3.688546347618103,3.606081e-08,0.0,0.002831876277923584,-5.814645072481639e-05
190400,3.614370346069336,8.088380813598633,-3.6885464072227476,4.2617322e-07,0.0,-0.007064342498779297,-0.00020621941247966902
190600,3.087623119354248,5.7944565415382385,-3.6885513186454775,1.2516975e-07,0.0,0.017416656017303467,-0.00011364982205486207
190800,23.71756935119629,55.10623645782471,-3.6885462284088133,5.662441e-09,0.0,0.006504952907562256,-2.4277791431659423e-05
191000,3.278210163116455,6.736833488941192,-3.688541966676712,1.3801455e-06,0.0,0.023049592971801758,-0.0004207057946921555
191200,11.42522144317627,20.674286460876466,-3.6885528564453125,9.6559525e-08,0.0,0.018186330795288086,9.028792230481032e-06
191400,4.746392250061035,8.720291101932526,-3.6885496020317077,6.505847e-07,0.0,-0.006303906440734863,-0.00022939172479627957
191600,4.226770877838135,8.73752533197403,-3.6885622084140777,2.3841858e-07,0.0,0.02509129047393799,-0.00013293407787119406
191800,5.888096332550049,10.924844563007355,-3.688557559251785,3.516674e-08,0.0,-0.02281630039215088,-5.647158285491116e-05
192000,18.82599449157715,33.09400467872619,-3.688554060459137,1.013279e-08,0.0,0.007049262523651123,-3.819381440424152e-05
192200,13.674488067626953,23.802116060256957,-3.688553196191788,1.7881394e-09,0.0,0.0030432939529418945,-2.6034392336860003e-05
192400,6.791627883911133,13.06286084651947,-3.6885568380355833,1.4901161e-08,0.0,0.002957761287689209,-4.727977532281713e-05
192600,9.461076736450195,17.465591764450075,-3.688548505306244,9.536743e-09,0.0,0.01892375946044922,-3.9237603657227284e-05
192800,6.3621745109558105,11.324561071395873,-3.6885509550571443,6.7949294e-08,0.0,0.0171663761138916,-8.169578038654812e-05
193000,8.72602367401123,18.0479633808136,-3.6885529100894927,1.9669534e-08,0.0,0.018339097499847412,-4.2941465598200776e-05
193200,20.85430145263672,42.91275901794434,-3.688553863763809,2.6822091e-09,0.0,-0.009992480278015137,-2.9492121047169916e-05
193400,5.978990077972412,9.640916836261749,-3.6885565280914308,3.9011238e-07,0.0,0.01748788356781006,-0.00018053129266593082
193600,5.8963623046875,11.048539805412293,-3.6885534107685087,2.1606684e-07,0.0,-0.014325141906738281,-0.00013898321324234963
193800,6.103475093841553,10.476595830917358,-3.6885520219802856,6.079674e-08,0.0,0.0016968250274658203,-5.3743809357009734e-05
194000,4.2558979988098145,11.409656047821045,-3.688558119535446,4.3094155e-07,0.0,0.005003929138183594,-0.00016697159332528243
194200,11.58411693572998,19.194731330871583,-3.6885541796684267,2.9295683e-07,0.0,0.016391634941101074,-0.0001392021553462186
194400,6.341742038726807,12.85586576461792,-3.6885492503643036,2.5033952e-08,0.0,-0.01127326488494873,-2.8156950908808654e-05
194600,3.590130567550659,7.518521881103515,-3.6885441482067107,8.9734795e-07,0.0,-0.003282308578491211,-0.0002320956737288604
194800,12.665889739990234,20.318822693824767,-3.688545686006546,1.7195939e-07,0.0,0.007863402366638184,-0.00010115686781296262
195000,3.206092596054077,7.544909346103668,-3.688552641868591,1.4606119e-06,0.0,-0.0036771297454833984,-0.00034682360305813285
195200,7.529313564300537,14.701885461807251,-3.688553434610367,1.9729137e-07,0.0,-0.008388757705688477,-5.448694500480578e-05
195400,6.57105016708374,11.393167567253112,-3.6885560870170595,3.9339064e-08,0.0,0.015880942344665527,-5.1761656799831354e-05
195600,13.332852363586426,27.441579627990723,-3.688547056913376,2.3841857e-09,0.0,-0.006031394004821777,-3.4240067111346303e-05
195800,8.702625274658203,19.56603600978851,-3.68856076002121,9.834767e-09,0.0,0.014823436737060547,-4.2933814194956454e-05
196000,5.9886627197265625,11.694782710075378,-3.6885455191135406,8.940697e-09,0.0,0.007405698299407959,-3.085929142301325e-05
196200,7.259002208709717,12.936813879013062,-3.6885539829730987,6.0230497e-07,0.0,-0.012566566467285156,-0.00023168039474077417
196400,3.8686227798461914,7.437081277370453,-3.6885476112365723,1.6301871e-07,0.0,-0.0032192468643188477,-0.00013316547857131767
196600,8.241161346435547,18.581555366516113,-3.6885582447052,3.4868716e-08,0.0,-0.0037920475006103516,-4.859088156949909e-05
196800,4.931260108947754,13.291214942932129,-3.6885578453540804,3.4868716e-08,0.0,0.02137833833694458,-6.398215934408925e-05
197000,8.55189323425293,14.356162047386169,-3.6885557174682617,2.6822091e-08,0.0,-0.009570002555847168,-5.347090937242171e-05
197200,13.099211692810059,24.69779963493347,-3.688555097579956,2.9802323e-09,0.0,0.004005789756774902,-2.6344925065657777e-05
197400,4.817034721374512,9.654790675640106,-3.688564032316208,1.1980534e-07,0.0,0.012642860412597656,-0.00012367641211823431
197600,3.389390468597412,7.2441705703735355,-3.688554382324219,7.301569e-08,0.0,-0.0011348724365234375,-7.17995163016738e-05
197800,2.8105087280273438,6.984780645370483,-3.6885525584220886,1.16527076e-07,0.0,0.015819549560546875,-9.168940785482249e-05
198000,9.578587532043457,20.857804346084595,-3.6885588228702546,9.536743e-09,0.0,0.005560755729675293,-3.5048738504706024e-05
198200,6.67816162109375,16.992729783058167,-3.6885539054870606,2.9206277e-08,0.0,0.004155576229095459,-6.333990405109624e-05
198400,8.175195693969727,15.216337537765503,-3.6885558664798737,1.4603138e-08,0.0,-0.0110856294631958,-4.051063955596845e-05
198600,20.101295471191406,36.93927083015442,-3.6885485708713532,0.0,0.0,0.006135880947113037,-1.9422121256784664e-05
198800,10.028457641601562,20.949537563323975,-3.6885532677173614,2.682209e-09,0.0,-0.02538275718688965,-2.6700295564019428e-05
199000,5.838133335113525,11.721933245658875,-3.6885579884052277,5.617738e-07,0.0,-0.02236640453338623,-0.0002216884788278195
199200,6.232908725738525,9.376551032066345,-3.68855556845665,7.152558e-08,0.0,-0.0030150413513183594,-4.922827357827231e-05
199400,3.2326855659484863,5.813132655620575,-3.688560390472412,7.748604e-08,0.0,-0.030375123023986816,-8.299437961136746e-05
199600,6.825746059417725,14.192794632911681,-3.6885561883449554,1.1828542e-06,0.0,0.0038433074951171875,-0.00033086004774758316
199800,5.593981742858887,13.00307788848877,-3.6885565161705016,9.924173e-08,0.0,-0.025754809379577637,-5.779014558218165e-05
200000,4.436363220214844,10.514587020874023,-3.6885497510433196,4.3809415e-08,0.0,-0.010605096817016602,-6.475158035095241e-05
