Using libsumo as traci as requested by environment variable.
=================================================================
  train_cologne_curriculum — cologne3 — PPO
  reward=wait-clip  seed=314  total_steps=500000
  Curriculum stages:
    Stage 1:  25% demand    75000 steps
    Stage 2:  50% demand   100000 steps
    Stage 3:  75% demand   125000 steps
    Stage 4: 100% demand   200000 steps
  save_dir: /workspace/rl-traffic/exp_cologne3_rand_curr/ppo_wait-clip_s314
=================================================================
  [rand] cologne3_rand_25pct.rou.xml
  [rand] cologne3_rand_50pct.rou.xml
  [rand] cologne3_rand_75pct.rou.xml
  [rand] cologne3_rand_100pct.rou.xml

  n_agents=3 | obs=(7,) | act=Discrete(3)
Using cpu device

────────────────────────────────────────────────────────────
  Stage 1/4  25% demand  75000 steps  (cumulative -> 75000)
  Route: cologne3_rand_25pct.rou.xml
────────────────────────────────────────────────────────────
-----------------------------
| time/              |      |
|    fps             | 874  |
|    iterations      | 1    |
|    time_elapsed    | 1    |
|    total_timesteps | 1536 |
-----------------------------
-----------------------------------------
| time/                   |             |
|    fps                  | 862         |
|    iterations           | 2           |
|    time_elapsed         | 3           |
|    total_timesteps      | 3072        |
| train/                  |             |
|    approx_kl            | 0.010919322 |
|    clip_fraction        | 0.122       |
|    clip_range           | 0.2         |
|    entropy_loss         | -1.09       |
|    explained_variance   | 0.00308     |
|    learning_rate        | 0.0003      |
|    loss                 | 0.526       |
|    n_updates            | 10          |
|    policy_gradient_loss | -0.0101     |
|    value_loss           | 4.04        |
-----------------------------------------
------------------------------------------
| time/                   |              |
|    fps                  | 819          |
|    iterations           | 3            |
|    time_elapsed         | 5            |
|    total_timesteps      | 4608         |
| train/                  |              |
|    approx_kl            | 0.0074611306 |
|    clip_fraction        | 0.0792       |
|    clip_range           | 0.2          |
|    entropy_loss         | -1.06        |
|    explained_variance   | 0.00084      |
|    learning_rate        | 0.0003       |
|    loss                 | 0.235        |
|    n_updates            | 20           |
|    policy_gradient_loss | -0.00917     |
|    value_loss           | 0.858        |
------------------------------------------
  step    5001/500000 (  1.0%)  mean_rew=-0.010
-----------------------------------------
| time/                   |             |
|    fps                  | 750         |
|    iterations           | 4           |
|    time_elapsed         | 8           |
|    total_timesteps      | 6144        |
| train/                  |             |
|    approx_kl            | 0.010370091 |
|    clip_fraction        | 0.104       |
|    clip_range           | 0.2         |
|    entropy_loss         | -1.04       |
|    explained_variance   | 0.0466      |
|    learning_rate        | 0.0003      |
|    loss                 | 0.871       |
|    n_updates            | 30          |
|    policy_gradient_loss | -0.00853    |
|    value_loss           | 1.63        |
-----------------------------------------
------------------------------------------
| time/                   |              |
|    fps                  | 711          |
|    iterations           | 5            |
|    time_elapsed         | 10           |
|    total_timesteps      | 7680         |
| train/                  |              |
|    approx_kl            | 0.0091981245 |
|    clip_fraction        | 0.108        |
|    clip_range           | 0.2          |
|    entropy_loss         | -1.01        |
|    explained_variance   | 0.267        |
|    learning_rate        | 0.0003       |
|    loss                 | 0.105        |
|    n_updates            | 40           |
|    policy_gradient_loss | -0.0103      |
|    value_loss           | 0.196        |
------------------------------------------
------------------------------------------
| time/                   |              |
|    fps                  | 685          |
|    iterations           | 6            |
|    time_elapsed         | 13           |
|    total_timesteps      | 9216         |
| train/                  |              |
|    approx_kl            | 0.0098477965 |
|    clip_fraction        | 0.114        |
|    clip_range           | 0.2          |
|    entropy_loss         | -0.966       |
|    explained_variance   | 0.304        |
|    learning_rate        | 0.0003       |
|    loss                 | 0.0543       |
|    n_updates            | 50           |
|    policy_gradient_loss | -0.0112      |
|    value_loss           | 0.14         |
------------------------------------------
  step   10002/500000 (  2.0%)  mean_rew=-0.013
-----------------------------------------
| time/                   |             |
|    fps                  | 670         |
|    iterations           | 7           |
|    time_elapsed         | 16          |
|    total_timesteps      | 10752       |
| train/                  |             |
|    approx_kl            | 0.009623197 |
|    clip_fraction        | 0.0861      |
|    clip_range           | 0.2         |
|    entropy_loss         | -0.916      |
|    explained_variance   | 0.303       |
|    learning_rate        | 0.0003      |
|    loss                 | 0.108       |
|    n_updates            | 60          |
|    policy_gradient_loss | -0.00759    |
|    value_loss           | 0.171       |
-----------------------------------------
-----------------------------------------
| time/                   |             |
|    fps                  | 658         |
|    iterations           | 8           |
|    time_elapsed         | 18          |
|    total_timesteps      | 12288       |
| train/                  |             |
|    approx_kl            | 0.011761904 |
|    clip_fraction        | 0.11        |
|    clip_range           | 0.2         |
|    entropy_loss         | -0.833      |
|    explained_variance   | 0.792       |
|    learning_rate        | 0.0003      |
|    loss                 | -0.0285     |
|    n_updates            | 70          |
|    policy_gradient_loss | -0.0146     |
|    value_loss           | 0.0218      |
-----------------------------------------
-----------------------------------------
| time/                   |             |
|    fps                  | 648         |
|    iterations           | 9           |
|    time_elapsed         | 21          |
|    total_timesteps      | 13824       |
| train/                  |             |
|    approx_kl            | 0.006837687 |
|    clip_fraction        | 0.0651      |
|    clip_range           | 0.2         |
|    entropy_loss         | -0.746      |
|    explained_variance   | 0.54        |
|    learning_rate        | 0.0003      |
|    loss                 | 0.00194     |
|    n_updates            | 80          |
|    policy_gradient_loss | -0.00547    |
|    value_loss           | 0.0519      |
-----------------------------------------
  step   15003/500000 (  3.0%)  mean_rew=-0.003
-----------------------------------------
| time/                   |             |
|    fps                  | 641         |
|    iterations           | 10          |
|    time_elapsed         | 23          |
|    total_timesteps      | 15360       |
| train/                  |             |
|    approx_kl            | 0.007802406 |
|    clip_fraction        | 0.0937      |
|    clip_range           | 0.2         |
|    entropy_loss         | -0.655      |
|    explained_variance   | 0.496       |
|    learning_rate        | 0.0003      |
|    loss                 | 0.0127      |
|    n_updates            | 90          |
|    policy_gradient_loss | -0.00761    |
|    value_loss           | 0.049       |
-----------------------------------------
------------------------------------------
| time/                   |              |
|    fps                  | 637          |
|    iterations           | 11           |
|    time_elapsed         | 26           |
|    total_timesteps      | 16896        |
| train/                  |              |
|    approx_kl            | 0.0037178423 |
|    clip_fraction        | 0.0396       |
|    clip_range           | 0.2          |
|    entropy_loss         | -0.569       |
|    explained_variance   | 0.605        |
|    learning_rate        | 0.0003       |
|    loss                 | 0.00324      |
|    n_updates            | 100          |
|    policy_gradient_loss | -0.00342     |
|    value_loss           | 0.0317       |
------------------------------------------
------------------------------------------
| time/                   |              |
|    fps                  | 632          |
|    iterations           | 12           |
|    time_elapsed         | 29           |
|    total_timesteps      | 18432        |
| train/                  |              |
|    approx_kl            | 0.0042923884 |
|    clip_fraction        | 0.0599       |
|    clip_range           | 0.2          |
|    entropy_loss         | -0.521       |
|    explained_variance   | 0.888        |
|    learning_rate        | 0.0003       |
|    loss                 | -0.0171      |
|    n_updates            | 110          |
|    policy_gradient_loss | -0.00815     |
|    value_loss           | 0.00495      |
------------------------------------------
------------------------------------------
| time/                   |              |
|    fps                  | 627          |
|    iterations           | 13           |
|    time_elapsed         | 31           |
|    total_timesteps      | 19968        |
| train/                  |              |
|    approx_kl            | 0.0032388717 |
|    clip_fraction        | 0.0515       |
|    clip_range           | 0.2          |
|    entropy_loss         | -0.509       |
|    explained_variance   | 0.681        |
|    learning_rate        | 0.0003       |
|    loss                 | 0.0144       |
|    n_updates            | 120          |
|    policy_gradient_loss | -0.00383     |
|    value_loss           | 0.0197       |
------------------------------------------
  step   20004/500000 (  4.0%)  mean_rew=-0.003
------------------------------------------
| time/                   |              |
|    fps                  | 625          |
|    iterations           | 14           |
|    time_elapsed         | 34           |
|    total_timesteps      | 21504        |
| train/                  |              |
|    approx_kl            | 0.0038976825 |
|    clip_fraction        | 0.0589       |
|    clip_range           | 0.2          |
|    entropy_loss         | -0.492       |
|    explained_variance   | 0.694        |
|    learning_rate        | 0.0003       |
|    loss                 | -0.00426     |
|    n_updates            | 130          |
|    policy_gradient_loss | -0.00393     |
|    value_loss           | 0.0151       |
------------------------------------------
----------------------------------------
| time/                   |            |
|    fps                  | 622        |
|    iterations           | 15         |
|    time_elapsed         | 37         |
|    total_timesteps      | 23040      |
| train/                  |            |
|    approx_kl            | 0.00437115 |
|    clip_fraction        | 0.0529     |
|    clip_range           | 0.2        |
|    entropy_loss         | -0.452     |
|    explained_variance   | 0.86       |
|    learning_rate        | 0.0003     |
|    loss                 | -0.00265   |
|    n_updates            | 140        |
|    policy_gradient_loss | -0.00878   |
|    value_loss           | 0.00578    |
----------------------------------------
------------------------------------------
| time/                   |              |
|    fps                  | 619          |
|    iterations           | 16           |
|    time_elapsed         | 39           |
|    total_timesteps      | 24576        |
| train/                  |              |
|    approx_kl            | 0.0041752807 |
|    clip_fraction        | 0.0545       |
|    clip_range           | 0.2          |
|    entropy_loss         | -0.384       |
|    explained_variance   | 0.719        |
|    learning_rate        | 0.0003       |
|    loss                 | 0.000159     |
|    n_updates            | 150          |
|    policy_gradient_loss | -0.00435     |
|    value_loss           | 0.0105       |
------------------------------------------
  step   25005/500000 (  5.0%)  mean_rew=-0.002
------------------------------------------
| time/                   |              |
|    fps                  | 617          |
|    iterations           | 17           |
|    time_elapsed         | 42           |
|    total_timesteps      | 26112        |
| train/                  |              |
|    approx_kl            | 0.0028288078 |
|    clip_fraction        | 0.0468       |
|    clip_range           | 0.2          |
|    entropy_loss         | -0.326       |
|    explained_variance   | 0.652        |
|    learning_rate        | 0.0003       |
|    loss                 | 0.000673     |
|    n_updates            | 160          |
|    policy_gradient_loss | -0.00361     |
|    value_loss           | 0.015        |
------------------------------------------
------------------------------------------
| time/                   |              |
|    fps                  | 616          |
|    iterations           | 18           |
|    time_elapsed         | 44           |
|    total_timesteps      | 27648        |
| train/                  |              |
|    approx_kl            | 0.0023305286 |
|    clip_fraction        | 0.029        |
|    clip_range           | 0.2          |
|    entropy_loss         | -0.276       |
|    explained_variance   | 0.77         |
|    learning_rate        | 0.0003       |
|    loss                 | 0.0135       |
|    n_updates            | 170          |
|    policy_gradient_loss | -0.00217     |
|    value_loss           | 0.00718      |
------------------------------------------
------------------------------------------
| time/                   |              |
|    fps                  | 615          |
|    iterations           | 19           |
|    time_elapsed         | 47           |
|    total_timesteps      | 29184        |
| train/                  |              |
|    approx_kl            | 0.0014585607 |
|    clip_fraction        | 0.0271       |
|    clip_range           | 0.2          |
|    entropy_loss         | -0.268       |
|    explained_variance   | 0.936        |
|    learning_rate        | 0.0003       |
|    loss                 | -0.00232     |
|    n_updates            | 180          |
|    policy_gradient_loss | -0.00226     |
|    value_loss           | 0.00153      |
------------------------------------------
  step   30006/500000 (  6.0%)  mean_rew=-0.002
----------------------------------------
| time/                   |            |
|    fps                  | 613        |
|    iterations           | 20         |
|    time_elapsed         | 50         |
|    total_timesteps      | 30720      |
| train/                  |            |
|    approx_kl            | 0.00211933 |
|    clip_fraction        | 0.038      |
|    clip_range           | 0.2        |
|    entropy_loss         | -0.248     |
|    explained_variance   | 0.816      |
|    learning_rate        | 0.0003     |
|    loss                 | 0.00421    |
|    n_updates            | 190        |
|    policy_gradient_loss | -0.00297   |
|    value_loss           | 0.00473    |
----------------------------------------
------------------------------------------
| time/                   |              |
|    fps                  | 612          |
|    iterations           | 21           |
|    time_elapsed         | 52           |
|    total_timesteps      | 32256        |
| train/                  |              |
|    approx_kl            | 0.0024997045 |
|    clip_fraction        | 0.0224       |
|    clip_range           | 0.2          |
|    entropy_loss         | -0.216       |
|    explained_variance   | 0.825        |
|    learning_rate        | 0.0003       |
|    loss                 | -0.00116     |
|    n_updates            | 200          |
|    policy_gradient_loss | -0.00236     |
|    value_loss           | 0.00394      |
------------------------------------------
------------------------------------------
| time/                   |              |
|    fps                  | 611          |
|    iterations           | 22           |
|    time_elapsed         | 55           |
|    total_timesteps      | 33792        |
| train/                  |              |
|    approx_kl            | 0.0009529253 |
|    clip_fraction        | 0.0158       |
|    clip_range           | 0.2          |
|    entropy_loss         | -0.18        |
|    explained_variance   | 0.904        |
|    learning_rate        | 0.0003       |
|    loss                 | -0.00651     |
|    n_updates            | 210          |
|    policy_gradient_loss | -0.00266     |
|    value_loss           | 0.00202      |
------------------------------------------
  step   35007/500000 (  7.0%)  mean_rew=-0.002
------------------------------------------
| time/                   |              |
|    fps                  | 610          |
|    iterations           | 23           |
|    time_elapsed         | 57           |
|    total_timesteps      | 35328        |
| train/                  |              |
|    approx_kl            | 0.0007105265 |
|    clip_fraction        | 0.0134       |
|    clip_range           | 0.2          |
|    entropy_loss         | -0.192       |
|    explained_variance   | 0.828        |
|    learning_rate        | 0.0003       |
|    loss                 | -0.000779    |
|    n_updates            | 220          |
|    policy_gradient_loss | -0.000885    |
|    value_loss           | 0.00333      |
------------------------------------------
------------------------------------------
| time/                   |              |
|    fps                  | 609          |
|    iterations           | 24           |
|    time_elapsed         | 60           |
|    total_timesteps      | 36864        |
| train/                  |              |
|    approx_kl            | 0.0008084236 |
|    clip_fraction        | 0.0167       |
|    clip_range           | 0.2          |
|    entropy_loss         | -0.214       |
|    explained_variance   | 0.862        |
|    learning_rate        | 0.0003       |
|    loss                 | 0.00323      |
|    n_updates            | 230          |
|    policy_gradient_loss | -0.00116     |
|    value_loss           | 0.00259      |
------------------------------------------
------------------------------------------
| time/                   |              |
|    fps                  | 608          |
|    iterations           | 25           |
|    time_elapsed         | 63           |
|    total_timesteps      | 38400        |
| train/                  |              |
|    approx_kl            | 0.0018136526 |
|    clip_fraction        | 0.0336       |
|    clip_range           | 0.2          |
|    entropy_loss         | -0.185       |
|    explained_variance   | 0.817        |
|    learning_rate        | 0.0003       |
|    loss                 | -0.00613     |
|    n_updates            | 240          |
|    policy_gradient_loss | -0.00371     |
|    value_loss           | 0.0033       |
------------------------------------------
------------------------------------------
| time/                   |              |
|    fps                  | 607          |
|    iterations           | 26           |
|    time_elapsed         | 65           |
|    total_timesteps      | 39936        |
| train/                  |              |
|    approx_kl            | 0.0012571602 |
|    clip_fraction        | 0.0104       |
|    clip_range           | 0.2          |
|    entropy_loss         | -0.161       |
|    explained_variance   | 0.952        |
|    learning_rate        | 0.0003       |
|    loss                 | 0.00161      |
|    n_updates            | 250          |
|    policy_gradient_loss | -0.00141     |
|    value_loss           | 0.000627     |
------------------------------------------
  step   40008/500000 (  8.0%)  mean_rew=-0.002
-------------------------------------------
| time/                   |               |
|    fps                  | 606           |
|    iterations           | 27            |
|    time_elapsed         | 68            |
|    total_timesteps      | 41472         |
| train/                  |               |
|    approx_kl            | 0.00027726046 |
|    clip_fraction        | 0.00853       |
|    clip_range           | 0.2           |
|    entropy_loss         | -0.16         |
|    explained_variance   | 0.862         |
|    learning_rate        | 0.0003        |
|    loss                 | -0.00555      |
|    n_updates            | 260           |
|    policy_gradient_loss | -0.000922     |
|    value_loss           | 0.00183       |
-------------------------------------------
------------------------------------------
| time/                   |              |
|    fps                  | 606          |
|    iterations           | 28           |
|    time_elapsed         | 70           |
|    total_timesteps      | 43008        |
| train/                  |              |
|    approx_kl            | 0.0004992999 |
|    clip_fraction        | 0.00586      |
|    clip_range           | 0.2          |
|    entropy_loss         | -0.156       |
|    explained_variance   | 0.851        |
|    learning_rate        | 0.0003       |
|    loss                 | 0.00306      |
|    n_updates            | 270          |
|    policy_gradient_loss | -0.000629    |
|    value_loss           | 0.00215      |
------------------------------------------
-------------------------------------------
| time/                   |               |
|    fps                  | 605           |
|    iterations           | 29            |
|    time_elapsed         | 73            |
|    total_timesteps      | 44544         |
| train/                  |               |
|    approx_kl            | 0.00085170596 |
|    clip_fraction        | 0.0151        |
|    clip_range           | 0.2           |
|    entropy_loss         | -0.125        |
|    explained_variance   | 0.917         |
|    learning_rate        | 0.0003        |
|    loss                 | 0.00243       |
|    n_updates            | 280           |
|    policy_gradient_loss | -0.00166      |
|    value_loss           | 0.00106       |
-------------------------------------------
  step   45009/500000 (  9.0%)  mean_rew=-0.002
------------------------------------------
| time/                   |              |
|    fps                  | 605          |
|    iterations           | 30           |
|    time_elapsed         | 76           |
|    total_timesteps      | 46080        |
| train/                  |              |
|    approx_kl            | 0.0003423073 |
|    clip_fraction        | 0.00742      |
|    clip_range           | 0.2          |
|    entropy_loss         | -0.13        |
|    explained_variance   | 0.855        |
|    learning_rate        | 0.0003       |
|    loss                 | 0.000944     |
|    n_updates            | 290          |
|    policy_gradient_loss | -0.000701    |
|    value_loss           | 0.00171      |
------------------------------------------
------------------------------------------
| time/                   |              |
|    fps                  | 604          |
|    iterations           | 31           |
|    time_elapsed         | 78           |
|    total_timesteps      | 47616        |
| train/                  |              |
|    approx_kl            | 0.0005554178 |
|    clip_fraction        | 0.0137       |
|    clip_range           | 0.2          |
|    entropy_loss         | -0.125       |
|    explained_variance   | 0.772        |
|    learning_rate        | 0.0003       |
|    loss                 | 0.000946     |
|    n_updates            | 300          |
|    policy_gradient_loss | -0.00224     |
|    value_loss           | 0.00323      |
------------------------------------------
------------------------------------------
| time/                   |              |
|    fps                  | 603          |
|    iterations           | 32           |
|    time_elapsed         | 81           |
|    total_timesteps      | 49152        |
| train/                  |              |
|    approx_kl            | 0.0006724804 |
|    clip_fraction        | 0.0142       |
|    clip_range           | 0.2          |
|    entropy_loss         | -0.127       |
|    explained_variance   | 0.869        |
|    learning_rate        | 0.0003       |
|    loss                 | -0.00261     |
|    n_updates            | 310          |
|    policy_gradient_loss | -0.00149     |
|    value_loss           | 0.0015       |
------------------------------------------
  step   50010/500000 ( 10.0%)  mean_rew=-0.002
-------------------------------------------
| time/                   |               |
|    fps                  | 603           |
|    iterations           | 33            |
|    time_elapsed         | 84            |
|    total_timesteps      | 50688         |
| train/                  |               |
|    approx_kl            | 0.00067214714 |
|    clip_fraction        | 0.0155        |
|    clip_range           | 0.2           |
|    entropy_loss         | -0.137        |
|    explained_variance   | 0.849         |
|    learning_rate        | 0.0003        |
|    loss                 | -0.00447      |
|    n_updates            | 320           |
|    policy_gradient_loss | -0.00155      |
|    value_loss           | 0.00186       |
-------------------------------------------
-------------------------------------------
| time/                   |               |
|    fps                  | 602           |
|    iterations           | 34            |
|    time_elapsed         | 86            |
|    total_timesteps      | 52224         |
| train/                  |               |
|    approx_kl            | 0.00088017975 |
|    clip_fraction        | 0.0214        |
|    clip_range           | 0.2           |
|    entropy_loss         | -0.118        |
|    explained_variance   | 0.832         |
|    learning_rate        | 0.0003        |
|    loss                 | -0.00168      |
|    n_updates            | 330           |
|    policy_gradient_loss | -0.00225      |
|    value_loss           | 0.00175       |
-------------------------------------------
-------------------------------------------
| time/                   |               |
|    fps                  | 602           |
|    iterations           | 35            |
|    time_elapsed         | 89            |
|    total_timesteps      | 53760         |
| train/                  |               |
|    approx_kl            | 0.00045849045 |
|    clip_fraction        | 0.00749       |
|    clip_range           | 0.2           |
|    entropy_loss         | -0.104        |
|    explained_variance   | 0.872         |
|    learning_rate        | 0.0003        |
|    loss                 | -0.00143      |
|    n_updates            | 340           |
|    policy_gradient_loss | -0.000695     |
|    value_loss           | 0.0013        |
-------------------------------------------
  step   55011/500000 ( 11.0%)  mean_rew=-0.002
------------------------------------------
| time/                   |              |
|    fps                  | 601          |
|    iterations           | 36           |
|    time_elapsed         | 91           |
|    total_timesteps      | 55296        |
| train/                  |              |
|    approx_kl            | 0.0005020408 |
|    clip_fraction        | 0.0123       |
|    clip_range           | 0.2          |
|    entropy_loss         | -0.087       |
|    explained_variance   | 0.922        |
|    learning_rate        | 0.0003       |
|    loss                 | -0.00192     |
|    n_updates            | 350          |
|    policy_gradient_loss | -0.00162     |
|    value_loss           | 0.000704     |
------------------------------------------
-------------------------------------------
| time/                   |               |
|    fps                  | 601           |
|    iterations           | 37            |
|    time_elapsed         | 94            |
|    total_timesteps      | 56832         |
| train/                  |               |
|    approx_kl            | 0.00026383574 |
|    clip_fraction        | 0.00247       |
|    clip_range           | 0.2           |
|    entropy_loss         | -0.0852       |
|    explained_variance   | 0.862         |
|    learning_rate        | 0.0003        |
|    loss                 | -0.00275      |
|    n_updates            | 360           |
|    policy_gradient_loss | -0.000372     |
|    value_loss           | 0.00138       |
-------------------------------------------
-------------------------------------------
| time/                   |               |
|    fps                  | 600           |
|    iterations           | 38            |
|    time_elapsed         | 97            |
|    total_timesteps      | 58368         |
| train/                  |               |
|    approx_kl            | 0.00047491316 |
|    clip_fraction        | 0.00469       |
|    clip_range           | 0.2           |
|    entropy_loss         | -0.0983       |
|    explained_variance   | 0.854         |
|    learning_rate        | 0.0003        |
|    loss                 | -0.00287      |
|    n_updates            | 370           |
|    policy_gradient_loss | -0.00045      |
|    value_loss           | 0.00129       |
-------------------------------------------
-------------------------------------------
| time/                   |               |
|    fps                  | 600           |
|    iterations           | 39            |
|    time_elapsed         | 99            |
|    total_timesteps      | 59904         |
| train/                  |               |
|    approx_kl            | 0.00029200592 |
|    clip_fraction        | 0.00221       |
|    clip_range           | 0.2           |
|    entropy_loss         | -0.114        |
|    explained_variance   | 0.846         |
|    learning_rate        | 0.0003        |
|    loss                 | 0.00148       |
|    n_updates            | 380           |
|    policy_gradient_loss | -0.000292     |
|    value_loss           | 0.00128       |
-------------------------------------------
  step   60012/500000 ( 12.0%)  mean_rew=-0.001
-------------------------------------------
| time/                   |               |
|    fps                  | 599           |
|    iterations           | 40            |
|    time_elapsed         | 102           |
|    total_timesteps      | 61440         |
| train/                  |               |
|    approx_kl            | 0.00076660607 |
|    clip_fraction        | 0.0119        |
|    clip_range           | 0.2           |
|    entropy_loss         | -0.104        |
|    explained_variance   | 0.921         |
|    learning_rate        | 0.0003        |
|    loss                 | -0.00515      |
|    n_updates            | 390           |
|    policy_gradient_loss | -0.00204      |
|    value_loss           | 0.0007        |
-------------------------------------------
------------------------------------------
| time/                   |              |
|    fps                  | 598          |
|    iterations           | 41           |
|    time_elapsed         | 105          |
|    total_timesteps      | 62976        |
| train/                  |              |
|    approx_kl            | 0.0006898572 |
|    clip_fraction        | 0.0105       |
|    clip_range           | 0.2          |
|    entropy_loss         | -0.0912      |
|    explained_variance   | 0.88         |
|    learning_rate        | 0.0003       |
|    loss                 | -0.00383     |
|    n_updates            | 400          |
|    policy_gradient_loss | -0.0013      |
|    value_loss           | 0.000925     |
------------------------------------------
-------------------------------------------
| time/                   |               |
|    fps                  | 598           |
|    iterations           | 42            |
|    time_elapsed         | 107           |
|    total_timesteps      | 64512         |
| train/                  |               |
|    approx_kl            | 0.00029193074 |
|    clip_fraction        | 0.00807       |
|    clip_range           | 0.2           |
|    entropy_loss         | -0.0788       |
|    explained_variance   | 0.854         |
|    learning_rate        | 0.0003        |
|    loss                 | 0.0025        |
|    n_updates            | 410           |
|    policy_gradient_loss | -0.000368     |
|    value_loss           | 0.00139       |
-------------------------------------------
  step   65013/500000 ( 13.0%)  mean_rew=-0.001
-------------------------------------------
| time/                   |               |
|    fps                  | 598           |
|    iterations           | 43            |
|    time_elapsed         | 110           |
|    total_timesteps      | 66048         |
| train/                  |               |
|    approx_kl            | 0.00037977894 |
|    clip_fraction        | 0.0041        |
|    clip_range           | 0.2           |
|    entropy_loss         | -0.0849       |
|    explained_variance   | 0.946         |
|    learning_rate        | 0.0003        |
|    loss                 | 0.000537      |
|    n_updates            | 420           |
|    policy_gradient_loss | -0.000231     |
|    value_loss           | 0.000437      |
-------------------------------------------
------------------------------------------
| time/                   |              |
|    fps                  | 597          |
|    iterations           | 44           |
|    time_elapsed         | 113          |
|    total_timesteps      | 67584        |
| train/                  |              |
|    approx_kl            | 0.0006609669 |
|    clip_fraction        | 0.0107       |
|    clip_range           | 0.2          |
|    entropy_loss         | -0.0796      |
|    explained_variance   | 0.848        |
|    learning_rate        | 0.0003       |
|    loss                 | 0.0014       |
|    n_updates            | 430          |
|    policy_gradient_loss | -0.001       |
|    value_loss           | 0.00127      |
------------------------------------------
-------------------------------------------
| time/                   |               |
|    fps                  | 597           |
|    iterations           | 45            |
|    time_elapsed         | 115           |
|    total_timesteps      | 69120         |
| train/                  |               |
|    approx_kl            | 0.00014043374 |
|    clip_fraction        | 0.00521       |
|    clip_range           | 0.2           |
|    entropy_loss         | -0.07         |
|    explained_variance   | 0.884         |
|    learning_rate        | 0.0003        |
|    loss                 | 0.000216      |
|    n_updates            | 440           |
|    policy_gradient_loss | -0.000231     |
|    value_loss           | 0.00095       |
-------------------------------------------
  step   70014/500000 ( 14.0%)  mean_rew=-0.003
-------------------------------------------
| time/                   |               |
|    fps                  | 597           |
|    iterations           | 46            |
|    time_elapsed         | 118           |
|    total_timesteps      | 70656         |
| train/                  |               |
|    approx_kl            | 0.00022978285 |
|    clip_fraction        | 0.00508       |
|    clip_range           | 0.2           |
|    entropy_loss         | -0.0738       |
|    explained_variance   | 0.87          |
|    learning_rate        | 0.0003        |
|    loss                 | 0.000357      |
|    n_updates            | 450           |
|    policy_gradient_loss | -3.3e-05      |
|    value_loss           | 0.00107       |
-------------------------------------------
-------------------------------------------
| time/                   |               |
|    fps                  | 597           |
|    iterations           | 47            |
|    time_elapsed         | 120           |
|    total_timesteps      | 72192         |
| train/                  |               |
|    approx_kl            | 0.00055092917 |
|    clip_fraction        | 0.00977       |
|    clip_range           | 0.2           |
|    entropy_loss         | -0.0645       |
|    explained_variance   | 0.923         |
|    learning_rate        | 0.0003        |
|    loss                 | 0.00611       |
|    n_updates            | 460           |
|    policy_gradient_loss | -0.00121      |
|    value_loss           | 0.000575      |
-------------------------------------------
------------------------------------------
| time/                   |              |
|    fps                  | 597          |
|    iterations           | 48           |
|    time_elapsed         | 123          |
|    total_timesteps      | 73728        |
| train/                  |              |
|    approx_kl            | 0.0002551099 |
|    clip_fraction        | 0.00684      |
|    clip_range           | 0.2          |
|    entropy_loss         | -0.0703      |
|    explained_variance   | 0.867        |
|    learning_rate        | 0.0003       |
|    loss                 | -0.00135     |
|    n_updates            | 470          |
|    policy_gradient_loss | -0.000647    |
|    value_loss           | 0.00118      |
------------------------------------------
  step   75015/500000 ( 15.0%)  mean_rew=-0.003
-------------------------------------------
| time/                   |               |
|    fps                  | 596           |
|    iterations           | 49            |
|    time_elapsed         | 126           |
|    total_timesteps      | 75264         |
| train/                  |               |
|    approx_kl            | 0.00028468238 |
|    clip_fraction        | 0.00417       |
|    clip_range           | 0.2           |
|    entropy_loss         | -0.0604       |
|    explained_variance   | 0.896         |
|    learning_rate        | 0.0003        |
|    loss                 | 0.000543      |
|    n_updates            | 480           |
|    policy_gradient_loss | -0.000379     |
|    value_loss           | 0.000968      |
-------------------------------------------
  Stage 1 saved -> cologne3_ppo_stage1_25pct.zip

────────────────────────────────────────────────────────────
  Stage 2/4  50% demand  100000 steps  (cumulative -> 175000)
  Route: cologne3_rand_50pct.rou.xml
────────────────────────────────────────────────────────────
------------------------------
| time/              |       |
|    fps             | 638   |
|    iterations      | 1     |
|    time_elapsed    | 2     |
|    total_timesteps | 76800 |
------------------------------
-------------------------------------------
| time/                   |               |
|    fps                  | 544           |
|    iterations           | 2             |
|    time_elapsed         | 5             |
|    total_timesteps      | 78336         |
| train/                  |               |
|    approx_kl            | 0.00012926834 |
|    clip_fraction        | 0.00293       |
|    clip_range           | 0.2           |
|    entropy_loss         | -0.0543       |
|    explained_variance   | 0.84          |
|    learning_rate        | 0.0003        |
|    loss                 | -0.00126      |
|    n_updates            | 500           |
|    policy_gradient_loss | -0.000667     |
|    value_loss           | 0.00208       |
-------------------------------------------
-------------------------------------------
| time/                   |               |
|    fps                  | 523           |
|    iterations           | 3             |
|    time_elapsed         | 8             |
|    total_timesteps      | 79872         |
| train/                  |               |
|    approx_kl            | 0.00023462526 |
|    clip_fraction        | 0.00488       |
|    clip_range           | 0.2           |
|    entropy_loss         | -0.0594       |
|    explained_variance   | 0.811         |
|    learning_rate        | 0.0003        |
|    loss                 | 0.000791      |
|    n_updates            | 510           |
|    policy_gradient_loss | -0.000476     |
|    value_loss           | 0.00326       |
-------------------------------------------
  step   80016/500000 ( 16.0%)  mean_rew=-0.004
-------------------------------------------
| time/                   |               |
|    fps                  | 519           |
|    iterations           | 4             |
|    time_elapsed         | 11            |
|    total_timesteps      | 81408         |
| train/                  |               |
|    approx_kl            | 0.00031525895 |
|    clip_fraction        | 0.00697       |
|    clip_range           | 0.2           |
|    entropy_loss         | -0.0512       |
|    explained_variance   | 0.741         |
|    learning_rate        | 0.0003        |
|    loss                 | 0.00233       |
|    n_updates            | 520           |
|    policy_gradient_loss | -0.000754     |
|    value_loss           | 0.00617       |
-------------------------------------------
-------------------------------------------
| time/                   |               |
|    fps                  | 509           |
|    iterations           | 5             |
|    time_elapsed         | 15            |
|    total_timesteps      | 82944         |
| train/                  |               |
|    approx_kl            | 1.5996242e-05 |
|    clip_fraction        | 0.00326       |
|    clip_range           | 0.2           |
|    entropy_loss         | -0.054        |
|    explained_variance   | 0.947         |
|    learning_rate        | 0.0003        |
|    loss                 | 0.000596      |
|    n_updates            | 530           |
|    policy_gradient_loss | -4.8e-05      |
|    value_loss           | 0.000974      |
-------------------------------------------
-------------------------------------------
| time/                   |               |
|    fps                  | 504           |
|    iterations           | 6             |
|    time_elapsed         | 18            |
|    total_timesteps      | 84480         |
| train/                  |               |
|    approx_kl            | 0.00013251505 |
|    clip_fraction        | 0.00195       |
|    clip_range           | 0.2           |
|    entropy_loss         | -0.0452       |
|    explained_variance   | 0.807         |
|    learning_rate        | 0.0003        |
|    loss                 | 0.00141       |
|    n_updates            | 540           |
|    policy_gradient_loss | -0.000133     |
|    value_loss           | 0.005         |
-------------------------------------------
  step   85017/500000 ( 17.0%)  mean_rew=-0.003
--------------------------------------------
| time/                   |                |
|    fps                  | 505            |
|    iterations           | 7              |
|    time_elapsed         | 21             |
|    total_timesteps      | 86016          |
| train/                  |                |
|    approx_kl            | 0.000121167475 |
|    clip_fraction        | 0.00339        |
|    clip_range           | 0.2            |
|    entropy_loss         | -0.038         |
|    explained_variance   | 0.826          |
|    learning_rate        | 0.0003         |
|    loss                 | -0.000858      |
|    n_updates            | 550            |
|    policy_gradient_loss | -0.000496      |
|    value_loss           | 0.00504        |
--------------------------------------------
-------------------------------------------
| time/                   |               |
|    fps                  | 505           |
|    iterations           | 8             |
|    time_elapsed         | 24            |
|    total_timesteps      | 87552         |
| train/                  |               |
|    approx_kl            | 0.00015393505 |
|    clip_fraction        | 0.00339       |
|    clip_range           | 0.2           |
|    entropy_loss         | -0.0363       |
|    explained_variance   | 0.923         |
|    learning_rate        | 0.0003        |
|    loss                 | -4.91e-05     |
|    n_updates            | 560           |
|    policy_gradient_loss | -0.000376     |
|    value_loss           | 0.00217       |
-------------------------------------------
-------------------------------------------
| time/                   |               |
|    fps                  | 505           |
|    iterations           | 9             |
|    time_elapsed         | 27            |
|    total_timesteps      | 89088         |
| train/                  |               |
|    approx_kl            | 0.00013823404 |
|    clip_fraction        | 0.000781      |
|    clip_range           | 0.2           |
|    entropy_loss         | -0.0326       |
|    explained_variance   | 0.861         |
|    learning_rate        | 0.0003        |
|    loss                 | 0.0031        |
|    n_updates            | 570           |
|    policy_gradient_loss | -5.9e-05      |
|    value_loss           | 0.00439       |
-------------------------------------------
  step   90018/500000 ( 18.0%)  mean_rew=-0.006
-------------------------------------------
| time/                   |               |
|    fps                  | 505           |
|    iterations           | 10            |
|    time_elapsed         | 30            |
|    total_timesteps      | 90624         |
| train/                  |               |
|    approx_kl            | 0.00026191204 |
|    clip_fraction        | 0.0026        |
|    clip_range           | 0.2           |
|    entropy_loss         | -0.0325       |
|    explained_variance   | 0.813         |
|    learning_rate        | 0.0003        |
|    loss                 | 0.00359       |
|    n_updates            | 580           |
|    policy_gradient_loss | -0.000209     |
|    value_loss           | 0.00679       |
-------------------------------------------
-------------------------------------------
| time/                   |               |
|    fps                  | 506           |
|    iterations           | 11            |
|    time_elapsed         | 33            |
|    total_timesteps      | 92160         |
| train/                  |               |
|    approx_kl            | 0.00045087372 |
|    clip_fraction        | 0.00781       |
|    clip_range           | 0.2           |
|    entropy_loss         | -0.0266       |
|    explained_variance   | 0.864         |
|    learning_rate        | 0.0003        |
|    loss                 | 0.00224       |
|    n_updates            | 590           |
|    policy_gradient_loss | -0.000639     |
|    value_loss           | 0.00425       |
-------------------------------------------
-------------------------------------------
| time/                   |               |
|    fps                  | 504           |
|    iterations           | 12            |
|    time_elapsed         | 36            |
|    total_timesteps      | 93696         |
| train/                  |               |
|    approx_kl            | 0.00022162835 |
|    clip_fraction        | 0.00234       |
|    clip_range           | 0.2           |
|    entropy_loss         | -0.0206       |
|    explained_variance   | 0.93          |
|    learning_rate        | 0.0003        |
|    loss                 | 0.000838      |
|    n_updates            | 600           |
|    policy_gradient_loss | -0.00104      |
|    value_loss           | 0.00206       |
-------------------------------------------
  step   95019/500000 ( 19.0%)  mean_rew=-0.005
-------------------------------------------
| time/                   |               |
|    fps                  | 499           |
|    iterations           | 13            |
|    time_elapsed         | 39            |
|    total_timesteps      | 95232         |
| train/                  |               |
|    approx_kl            | 4.2065163e-05 |
|    clip_fraction        | 0.00111       |
|    clip_range           | 0.2           |
|    entropy_loss         | -0.0171       |
|    explained_variance   | 0.859         |
|    learning_rate        | 0.0003        |
|    loss                 | 0.00326       |
|    n_updates            | 610           |
|    policy_gradient_loss | -9.66e-05     |
|    value_loss           | 0.00544       |
-------------------------------------------
------------------------------------------
| time/                   |              |
|    fps                  | 498          |
|    iterations           | 14           |
|    time_elapsed         | 43           |
|    total_timesteps      | 96768        |
| train/                  |              |
|    approx_kl            | 9.182119e-05 |
|    clip_fraction        | 0.000781     |
|    clip_range           | 0.2          |
|    entropy_loss         | -0.0153      |
|    explained_variance   | 0.845        |
|    learning_rate        | 0.0003       |
|    loss                 | 0.00504      |
|    n_updates            | 620          |
|    policy_gradient_loss | -1.09e-05    |
|    value_loss           | 0.00598      |
------------------------------------------
-------------------------------------------
| time/                   |               |
|    fps                  | 496           |
|    iterations           | 15            |
|    time_elapsed         | 46            |
|    total_timesteps      | 98304         |
| train/                  |               |
|    approx_kl            | 4.8796453e-05 |
|    clip_fraction        | 0.000586      |
|    clip_range           | 0.2           |
|    entropy_loss         | -0.0133       |
|    explained_variance   | 0.933         |
|    learning_rate        | 0.0003        |
|    loss                 | 0.00148       |
|    n_updates            | 630           |
|    policy_gradient_loss | -0.000341     |
|    value_loss           | 0.00199       |
-------------------------------------------
------------------------------------------
| time/                   |              |
|    fps                  | 493          |
|    iterations           | 16           |
|    time_elapsed         | 49           |
|    total_timesteps      | 99840        |
| train/                  |              |
|    approx_kl            | 2.715787e-05 |
|    clip_fraction        | 0.000586     |
|    clip_range           | 0.2          |
|    entropy_loss         | -0.0111      |
|    explained_variance   | 0.871        |
|    learning_rate        | 0.0003       |
|    loss                 | -0.000465    |
|    n_updates            | 640          |
|    policy_gradient_loss | -0.000188    |
|    value_loss           | 0.00436      |
------------------------------------------
  step  100020/500000 ( 20.0%)  mean_rew=-0.003
-------------------------------------------
| time/                   |               |
|    fps                  | 492           |
|    iterations           | 17            |
|    time_elapsed         | 53            |
|    total_timesteps      | 101376        |
| train/                  |               |
|    approx_kl            | 0.00013960998 |
|    clip_fraction        | 0.00195       |
|    clip_range           | 0.2           |
|    entropy_loss         | -0.0117       |
|    explained_variance   | 0.857         |
|    learning_rate        | 0.0003        |
|    loss                 | 0.00255       |
|    n_updates            | 650           |
|    policy_gradient_loss | -7.31e-05     |
|    value_loss           | 0.00475       |
-------------------------------------------
------------------------------------------
| time/                   |              |
|    fps                  | 492          |
|    iterations           | 18           |
|    time_elapsed         | 56           |
|    total_timesteps      | 102912       |
| train/                  |              |
|    approx_kl            | 3.343087e-05 |
|    clip_fraction        | 0.000391     |
|    clip_range           | 0.2          |
|    entropy_loss         | -0.0129      |
|    explained_variance   | 0.855        |
|    learning_rate        | 0.0003       |
|    loss                 | 0.00188      |
|    n_updates            | 660          |
|    policy_gradient_loss | -6.18e-05    |
|    value_loss           | 0.00482      |
------------------------------------------
-------------------------------------------
| time/                   |               |
|    fps                  | 492           |
|    iterations           | 19            |
|    time_elapsed         | 59            |
|    total_timesteps      | 104448        |
| train/                  |               |
|    approx_kl            | 0.00026979393 |
|    clip_fraction        | 0.00111       |
|    clip_range           | 0.2           |
|    entropy_loss         | -0.015        |
|    explained_variance   | 0.958         |
|    learning_rate        | 0.0003        |
|    loss                 | -0.001        |
|    n_updates            | 670           |
|    policy_gradient_loss | -0.00037      |
|    value_loss           | 0.00125       |
-------------------------------------------
  step  105021/500000 ( 21.0%)  mean_rew=-0.005
------------------------------------------
| time/                   |              |
|    fps                  | 492          |
|    iterations           | 20           |
|    time_elapsed         | 62           |
|    total_timesteps      | 105984       |
| train/                  |              |
|    approx_kl            | 6.819272e-05 |
|    clip_fraction        | 0.000977     |
|    clip_range           | 0.2          |
|    entropy_loss         | -0.0137      |
|    explained_variance   | 0.86         |
|    learning_rate        | 0.0003       |
|    loss                 | 0.00132      |
|    n_updates            | 680          |
|    policy_gradient_loss | -0.000134    |
|    value_loss           | 0.00492      |
------------------------------------------
------------------------------------------
| time/                   |              |
|    fps                  | 493          |
|    iterations           | 21           |
|    time_elapsed         | 65           |
|    total_timesteps      | 107520       |
| train/                  |              |
|    approx_kl            | 4.062425e-05 |
|    clip_fraction        | 0.00111      |
|    clip_range           | 0.2          |
|    entropy_loss         | -0.0143      |
|    explained_variance   | 0.834        |
|    learning_rate        | 0.0003       |
|    loss                 | 0.00266      |
|    n_updates            | 690          |
|    policy_gradient_loss | -0.000106    |
|    value_loss           | 0.00543      |
------------------------------------------
-------------------------------------------
| time/                   |               |
|    fps                  | 493           |
|    iterations           | 22            |
|    time_elapsed         | 68            |
|    total_timesteps      | 109056        |
| train/                  |               |
|    approx_kl            | 1.7100325e-05 |
|    clip_fraction        | 0             |
|    clip_range           | 0.2           |
|    entropy_loss         | -0.0123       |
|    explained_variance   | 0.906         |
|    learning_rate        | 0.0003        |
|    loss                 | 0.00152       |
|    n_updates            | 700           |
|    policy_gradient_loss | -1.49e-06     |
|    value_loss           | 0.00288       |
-------------------------------------------
  step  110022/500000 ( 22.0%)  mean_rew=-0.005
---------------------------------------
| time/                   |           |
|    fps                  | 492       |
|    iterations           | 23        |
|    time_elapsed         | 71        |
|    total_timesteps      | 110592    |
| train/                  |           |
|    approx_kl            | 0.0       |
|    clip_fraction        | 0         |
|    clip_range           | 0.2       |
|    entropy_loss         | -0.0115   |
|    explained_variance   | 0.861     |
|    learning_rate        | 0.0003    |
|    loss                 | 0.00207   |
|    n_updates            | 710       |
|    policy_gradient_loss | -9.53e-07 |
|    value_loss           | 0.0042    |
---------------------------------------
------------------------------------------
| time/                   |              |
|    fps                  | 490          |
|    iterations           | 24           |
|    time_elapsed         | 75           |
|    total_timesteps      | 112128       |
| train/                  |              |
|    approx_kl            | 6.878562e-05 |
|    clip_fraction        | 0.00104      |
|    clip_range           | 0.2          |
|    entropy_loss         | -0.0103      |
|    explained_variance   | 0.841        |
|    learning_rate        | 0.0003       |
|    loss                 | 0.00269      |
|    n_updates            | 720          |
|    policy_gradient_loss | -8.44e-05    |
|    value_loss           | 0.00502      |
------------------------------------------
-------------------------------------------
| time/                   |               |
|    fps                  | 490           |
|    iterations           | 25            |
|    time_elapsed         | 78            |
|    total_timesteps      | 113664        |
| train/                  |               |
|    approx_kl            | 1.4745941e-09 |
|    clip_fraction        | 0             |
|    clip_range           | 0.2           |
|    entropy_loss         | -0.00939      |
|    explained_variance   | 0.818         |
|    learning_rate        | 0.0003        |
|    loss                 | 0.00206       |
|    n_updates            | 730           |
|    policy_gradient_loss | -3.72e-06     |
|    value_loss           | 0.00565       |
-------------------------------------------
  step  115023/500000 ( 23.0%)  mean_rew=-0.004
-------------------------------------------
| time/                   |               |
|    fps                  | 489           |
|    iterations           | 26            |
|    time_elapsed         | 81            |
|    total_timesteps      | 115200        |
| train/                  |               |
|    approx_kl            | 4.3486012e-05 |
|    clip_fraction        | 0.000456      |
|    clip_range           | 0.2           |
|    entropy_loss         | -0.00825      |
|    explained_variance   | 0.934         |
|    learning_rate        | 0.0003        |
|    loss                 | 0.000857      |
|    n_updates            | 740           |
|    policy_gradient_loss | -0.000117     |
|    value_loss           | 0.00176       |
-------------------------------------------
-------------------------------------------
| time/                   |               |
|    fps                  | 488           |
|    iterations           | 27            |
|    time_elapsed         | 84            |
|    total_timesteps      | 116736        |
| train/                  |               |
|    approx_kl            | 2.1947819e-05 |
|    clip_fraction        | 0.000326      |
|    clip_range           | 0.2           |
|    entropy_loss         | -0.00789      |
|    explained_variance   | 0.831         |
|    learning_rate        | 0.0003        |
|    loss                 | 0.00222       |
|    n_updates            | 750           |
|    policy_gradient_loss | -3.97e-05     |
|    value_loss           | 0.00523       |
-------------------------------------------
------------------------------------------
| time/                   |              |
|    fps                  | 488          |
|    iterations           | 28           |
|    time_elapsed         | 87           |
|    total_timesteps      | 118272       |
| train/                  |              |
|    approx_kl            | 7.289159e-05 |
|    clip_fraction        | 0.000911     |
|    clip_range           | 0.2          |
|    entropy_loss         | -0.0071      |
|    explained_variance   | 0.805        |
|    learning_rate        | 0.0003       |
|    loss                 | 0.00164      |
|    n_updates            | 760          |
|    policy_gradient_loss | -7.57e-05    |
|    value_loss           | 0.00629      |
------------------------------------------
------------------------------------------
| time/                   |              |
|    fps                  | 488          |
|    iterations           | 29           |
|    time_elapsed         | 91           |
|    total_timesteps      | 119808       |
| train/                  |              |
|    approx_kl            | 0.0005428796 |
|    clip_fraction        | 0.00215      |
|    clip_range           | 0.2          |
|    entropy_loss         | -0.00782     |
|    explained_variance   | 0.942        |
|    learning_rate        | 0.0003       |
|    loss                 | 0.00088      |
|    n_updates            | 770          |
|    policy_gradient_loss | -0.000544    |
|    value_loss           | 0.00161      |
------------------------------------------
  step  120024/500000 ( 24.0%)  mean_rew=-0.003
------------------------------------------
| time/                   |              |
|    fps                  | 488          |
|    iterations           | 30           |
|    time_elapsed         | 94           |
|    total_timesteps      | 121344       |
| train/                  |              |
|    approx_kl            | 0.0001306857 |
|    clip_fraction        | 0.000586     |
|    clip_range           | 0.2          |
|    entropy_loss         | -0.00617     |
|    explained_variance   | 0.844        |
|    learning_rate        | 0.0003       |
|    loss                 | 0.00221      |
|    n_updates            | 780          |
|    policy_gradient_loss | -0.000238    |
|    value_loss           | 0.0051       |
------------------------------------------
-------------------------------------------
| time/                   |               |
|    fps                  | 488           |
|    iterations           | 31            |
|    time_elapsed         | 97            |
|    total_timesteps      | 122880        |
| train/                  |               |
|    approx_kl            | 0.00012516079 |
|    clip_fraction        | 0.000977      |
|    clip_range           | 0.2           |
|    entropy_loss         | -0.00782      |
|    explained_variance   | 0.823         |
|    learning_rate        | 0.0003        |
|    loss                 | 0.00455       |
|    n_updates            | 790           |
|    policy_gradient_loss | -0.000482     |
|    value_loss           | 0.00587       |
-------------------------------------------
-------------------------------------------
| time/                   |               |
|    fps                  | 489           |
|    iterations           | 32            |
|    time_elapsed         | 100           |
|    total_timesteps      | 124416        |
| train/                  |               |
|    approx_kl            | 0.00012669976 |
|    clip_fraction        | 0.000911      |
|    clip_range           | 0.2           |
|    entropy_loss         | -0.00905      |
|    explained_variance   | 0.824         |
|    learning_rate        | 0.0003        |
|    loss                 | 0.00337       |
|    n_updates            | 800           |
|    policy_gradient_loss | -0.000147     |
|    value_loss           | 0.00486       |
-------------------------------------------
  step  125025/500000 ( 25.0%)  mean_rew=-0.006
-------------------------------------------
| time/                   |               |
|    fps                  | 488           |
|    iterations           | 33            |
|    time_elapsed         | 103           |
|    total_timesteps      | 125952        |
| train/                  |               |
|    approx_kl            | 0.00020808708 |
|    clip_fraction        | 0.00111       |
|    clip_range           | 0.2           |
|    entropy_loss         | -0.00784      |
|    explained_variance   | 0.961         |
|    learning_rate        | 0.0003        |
|    loss                 | 0.00059       |
|    n_updates            | 810           |
|    policy_gradient_loss | -0.00011      |
|    value_loss           | 0.00101       |
-------------------------------------------
-------------------------------------------
| time/                   |               |
|    fps                  | 487           |
|    iterations           | 34            |
|    time_elapsed         | 107           |
|    total_timesteps      | 127488        |
| train/                  |               |
|    approx_kl            | 0.00015940463 |
|    clip_fraction        | 0.000977      |
|    clip_range           | 0.2           |
|    entropy_loss         | -0.00575      |
|    explained_variance   | 0.862         |
|    learning_rate        | 0.0003        |
|    loss                 | 0.00209       |
|    n_updates            | 820           |
|    policy_gradient_loss | -0.000299     |
|    value_loss           | 0.00409       |
-------------------------------------------
------------------------------------------
| time/                   |              |
|    fps                  | 488          |
|    iterations           | 35           |
|    time_elapsed         | 110          |
|    total_timesteps      | 129024       |
| train/                  |              |
|    approx_kl            | 7.055133e-05 |
|    clip_fraction        | 0.00111      |
|    clip_range           | 0.2          |
|    entropy_loss         | -0.00467     |
|    explained_variance   | 0.829        |
|    learning_rate        | 0.0003       |
|    loss                 | 0.00211      |
|    n_updates            | 830          |
|    policy_gradient_loss | -8.52e-05    |
|    value_loss           | 0.00465      |
------------------------------------------
  step  130026/500000 ( 26.0%)  mean_rew=-0.004
---------------------------------------
| time/                   |           |
|    fps                  | 488       |
|    iterations           | 36        |
|    time_elapsed         | 113       |
|    total_timesteps      | 130560    |
| train/                  |           |
|    approx_kl            | 0.0       |
|    clip_fraction        | 0         |
|    clip_range           | 0.2       |
|    entropy_loss         | -0.00456  |
|    explained_variance   | 0.935     |
|    learning_rate        | 0.0003    |
|    loss                 | 0.000833  |
|    n_updates            | 840       |
|    policy_gradient_loss | -1.69e-06 |
|    value_loss           | 0.00161   |
---------------------------------------
------------------------------------------
| time/                   |              |
|    fps                  | 488          |
|    iterations           | 37           |
|    time_elapsed         | 116          |
|    total_timesteps      | 132096       |
| train/                  |              |
|    approx_kl            | 3.564319e-05 |
|    clip_fraction        | 0.000521     |
|    clip_range           | 0.2          |
|    entropy_loss         | -0.00426     |
|    explained_variance   | 0.826        |
|    learning_rate        | 0.0003       |
|    loss                 | 0.00216      |
|    n_updates            | 850          |
|    policy_gradient_loss | -5.78e-05    |
|    value_loss           | 0.00429      |
------------------------------------------
-------------------------------------------
| time/                   |               |
|    fps                  | 488           |
|    iterations           | 38            |
|    time_elapsed         | 119           |
|    total_timesteps      | 133632        |
| train/                  |               |
|    approx_kl            | 0.00012229469 |
|    clip_fraction        | 0.0015        |
|    clip_range           | 0.2           |
|    entropy_loss         | -0.00365      |
|    explained_variance   | 0.814         |
|    learning_rate        | 0.0003        |
|    loss                 | 0.00153       |
|    n_updates            | 860           |
|    policy_gradient_loss | -0.000253     |
|    value_loss           | 0.00516       |
-------------------------------------------
  step  135027/500000 ( 27.0%)  mean_rew=-0.004
--------------------------------------
| time/                   |          |
|    fps                  | 488      |
|    iterations           | 39       |
|    time_elapsed         | 122      |
|    total_timesteps      | 135168   |
| train/                  |          |
|    approx_kl            | 0.0      |
|    clip_fraction        | 0        |
|    clip_range           | 0.2      |
|    entropy_loss         | -0.0031  |
|    explained_variance   | 0.786    |
|    learning_rate        | 0.0003   |
|    loss                 | 0.00194  |
|    n_updates            | 870      |
|    policy_gradient_loss | 2.02e-08 |
|    value_loss           | 0.00633  |
--------------------------------------
------------------------------------------
| time/                   |              |
|    fps                  | 487          |
|    iterations           | 40           |
|    time_elapsed         | 125          |
|    total_timesteps      | 136704       |
| train/                  |              |
|    approx_kl            | 6.158646e-05 |
|    clip_fraction        | 0.000586     |
|    clip_range           | 0.2          |
|    entropy_loss         | -0.00301     |
|    explained_variance   | 0.941        |
|    learning_rate        | 0.0003       |
|    loss                 | 0.000658     |
|    n_updates            | 880          |
|    policy_gradient_loss | -0.000147    |
|    value_loss           | 0.00141      |
------------------------------------------
---------------------------------------
| time/                   |           |
|    fps                  | 487       |
|    iterations           | 41        |
|    time_elapsed         | 129       |
|    total_timesteps      | 138240    |
| train/                  |           |
|    approx_kl            | 0.0       |
|    clip_fraction        | 0         |
|    clip_range           | 0.2       |
|    entropy_loss         | -0.003    |
|    explained_variance   | 0.805     |
|    learning_rate        | 0.0003    |
|    loss                 | 0.00278   |
|    n_updates            | 890       |
|    policy_gradient_loss | -3.16e-07 |
|    value_loss           | 0.00596   |
---------------------------------------
---------------------------------------
| time/                   |           |
|    fps                  | 488       |
|    iterations           | 42        |
|    time_elapsed         | 132       |
|    total_timesteps      | 139776    |
| train/                  |           |
|    approx_kl            | 0.0       |
|    clip_fraction        | 0         |
|    clip_range           | 0.2       |
|    entropy_loss         | -0.00303  |
|    explained_variance   | 0.811     |
|    learning_rate        | 0.0003    |
|    loss                 | 0.00233   |
|    n_updates            | 900       |
|    policy_gradient_loss | -1.22e-07 |
|    value_loss           | 0.005     |
---------------------------------------
  step  140028/500000 ( 28.0%)  mean_rew=-0.003
---------------------------------------
| time/                   |           |
|    fps                  | 488       |
|    iterations           | 43        |
|    time_elapsed         | 135       |
|    total_timesteps      | 141312    |
| train/                  |           |
|    approx_kl            | 0.0       |
|    clip_fraction        | 0         |
|    clip_range           | 0.2       |
|    entropy_loss         | -0.00303  |
|    explained_variance   | 0.93      |
|    learning_rate        | 0.0003    |
|    loss                 | 0.000909  |
|    n_updates            | 910       |
|    policy_gradient_loss | -2.95e-07 |
|    value_loss           | 0.00164   |
---------------------------------------
--------------------------------------
| time/                   |          |
|    fps                  | 488      |
|    iterations           | 44       |
|    time_elapsed         | 138      |
|    total_timesteps      | 142848   |
| train/                  |          |
|    approx_kl            | 0.0      |
|    clip_fraction        | 0        |
|    clip_range           | 0.2      |
|    entropy_loss         | -0.00307 |
|    explained_variance   | 0.835    |
|    learning_rate        | 0.0003   |
|    loss                 | 0.00126  |
|    n_updates            | 920      |
|    policy_gradient_loss | 1.07e-09 |
|    value_loss           | 0.00429  |
--------------------------------------
-------------------------------------------
| time/                   |               |
|    fps                  | 488           |
|    iterations           | 45            |
|    time_elapsed         | 141           |
|    total_timesteps      | 144384        |
| train/                  |               |
|    approx_kl            | 2.1681228e-05 |
|    clip_fraction        | 0.000456      |
|    clip_range           | 0.2           |
|    entropy_loss         | -0.00323      |
|    explained_variance   | 0.81          |
|    learning_rate        | 0.0003        |
|    loss                 | 0.00314       |
|    n_updates            | 930           |
|    policy_gradient_loss | -2.5e-05      |
|    value_loss           | 0.00482       |
-------------------------------------------
  step  145029/500000 ( 29.0%)  mean_rew=-0.004
---------------------------------------
| time/                   |           |
|    fps                  | 488       |
|    iterations           | 46        |
|    time_elapsed         | 144       |
|    total_timesteps      | 145920    |
| train/                  |           |
|    approx_kl            | 0.0       |
|    clip_fraction        | 0         |
|    clip_range           | 0.2       |
|    entropy_loss         | -0.00272  |
|    explained_variance   | 0.814     |
|    learning_rate        | 0.0003    |
|    loss                 | 0.00197   |
|    n_updates            | 940       |
|    policy_gradient_loss | -1.65e-07 |
|    value_loss           | 0.00438   |
---------------------------------------
-------------------------------------------
| time/                   |               |
|    fps                  | 488           |
|    iterations           | 47            |
|    time_elapsed         | 147           |
|    total_timesteps      | 147456        |
| train/                  |               |
|    approx_kl            | 0.00031875446 |
|    clip_fraction        | 0.00124       |
|    clip_range           | 0.2           |
|    entropy_loss         | -0.00239      |
|    explained_variance   | 0.934         |
|    learning_rate        | 0.0003        |
|    loss                 | 0.000606      |
|    n_updates            | 950           |
|    policy_gradient_loss | -0.00106      |
|    value_loss           | 0.00141       |
-------------------------------------------
------------------------------------------
| time/                   |              |
|    fps                  | 487          |
|    iterations           | 48           |
|    time_elapsed         | 151          |
|    total_timesteps      | 148992       |
| train/                  |              |
|    approx_kl            | 8.436417e-05 |
|    clip_fraction        | 0.000846     |
|    clip_range           | 0.2          |
|    entropy_loss         | -0.00223     |
|    explained_variance   | 0.829        |
|    learning_rate        | 0.0003       |
|    loss                 | 0.00268      |
|    n_updates            | 960          |
|    policy_gradient_loss | -0.000211    |
|    value_loss           | 0.00437      |
------------------------------------------
  step  150030/500000 ( 30.0%)  mean_rew=-0.004
---------------------------------------
| time/                   |           |
|    fps                  | 487       |
|    iterations           | 49        |
|    time_elapsed         | 154       |
|    total_timesteps      | 150528    |
| train/                  |           |
|    approx_kl            | 0.0       |
|    clip_fraction        | 0         |
|    clip_range           | 0.2       |
|    entropy_loss         | -0.0017   |
|    explained_variance   | 0.819     |
|    learning_rate        | 0.0003    |
|    loss                 | 0.00176   |
|    n_updates            | 970       |
|    policy_gradient_loss | -6.69e-08 |
|    value_loss           | 0.0047    |
---------------------------------------
---------------------------------------
| time/                   |           |
|    fps                  | 487       |
|    iterations           | 50        |
|    time_elapsed         | 157       |
|    total_timesteps      | 152064    |
| train/                  |           |
|    approx_kl            | 0.0       |
|    clip_fraction        | 0         |
|    clip_range           | 0.2       |
|    entropy_loss         | -0.0017   |
|    explained_variance   | 0.927     |
|    learning_rate        | 0.0003    |
|    loss                 | 0.000505  |
|    n_updates            | 980       |
|    policy_gradient_loss | -4.25e-08 |
|    value_loss           | 0.00167   |
---------------------------------------
--------------------------------------
| time/                   |          |
|    fps                  | 489      |
|    iterations           | 51       |
|    time_elapsed         | 160      |
|    total_timesteps      | 153600   |
| train/                  |          |
|    approx_kl            | 0.0      |
|    clip_fraction        | 0        |
|    clip_range           | 0.2      |
|    entropy_loss         | -0.00171 |
|    explained_variance   | 0.841    |
|    learning_rate        | 0.0003   |
|    loss                 | 0.00105  |
|    n_updates            | 990      |
|    policy_gradient_loss | 8.42e-09 |
|    value_loss           | 0.00402  |
--------------------------------------
  step  155031/500000 ( 31.0%)  mean_rew=-0.003
---------------------------------------
| time/                   |           |
|    fps                  | 492       |
|    iterations           | 52        |
|    time_elapsed         | 162       |
|    total_timesteps      | 155136    |
| train/                  |           |
|    approx_kl            | 0.0       |
|    clip_fraction        | 0         |
|    clip_range           | 0.2       |
|    entropy_loss         | -0.0017   |
|    explained_variance   | 0.801     |
|    learning_rate        | 0.0003    |
|    loss                 | 0.00259   |
|    n_updates            | 1000      |
|    policy_gradient_loss | -9.14e-09 |
|    value_loss           | 0.00477   |
---------------------------------------
---------------------------------------
| time/                   |           |
|    fps                  | 496       |
|    iterations           | 53        |
|    time_elapsed         | 164       |
|    total_timesteps      | 156672    |
| train/                  |           |
|    approx_kl            | 0.0       |
|    clip_fraction        | 0         |
|    clip_range           | 0.2       |
|    entropy_loss         | -0.0017   |
|    explained_variance   | 0.926     |
|    learning_rate        | 0.0003    |
|    loss                 | 0.000454  |
|    n_updates            | 1010      |
|    policy_gradient_loss | -2.13e-08 |
|    value_loss           | 0.00158   |
---------------------------------------
--------------------------------------
| time/                   |          |
|    fps                  | 499      |
|    iterations           | 54       |
|    time_elapsed         | 165      |
|    total_timesteps      | 158208   |
| train/                  |          |
|    approx_kl            | 0.0      |
|    clip_fraction        | 0        |
|    clip_range           | 0.2      |
|    entropy_loss         | -0.00171 |
|    explained_variance   | 0.847    |
|    learning_rate        | 0.0003   |
|    loss                 | 0.0021   |
|    n_updates            | 1020     |
|    policy_gradient_loss | -2e-08   |
|    value_loss           | 0.00346  |
--------------------------------------
---------------------------------------
| time/                   |           |
|    fps                  | 502       |
|    iterations           | 55        |
|    time_elapsed         | 167       |
|    total_timesteps      | 159744    |
| train/                  |           |
|    approx_kl            | 0.0       |
|    clip_fraction        | 0         |
|    clip_range           | 0.2       |
|    entropy_loss         | -0.00171  |
|    explained_variance   | 0.813     |
|    learning_rate        | 0.0003    |
|    loss                 | 0.00303   |
|    n_updates            | 1030      |
|    policy_gradient_loss | -1.06e-08 |
|    value_loss           | 0.00459   |
---------------------------------------
  step  160032/500000 ( 32.0%)  mean_rew=-0.005
---------------------------------------
| time/                   |           |
|    fps                  | 506       |
|    iterations           | 56        |
|    time_elapsed         | 169       |
|    total_timesteps      | 161280    |
| train/                  |           |
|    approx_kl            | 0.0       |
|    clip_fraction        | 0         |
|    clip_range           | 0.2       |
|    entropy_loss         | -0.00169  |
|    explained_variance   | 0.804     |
|    learning_rate        | 0.0003    |
|    loss                 | 0.00316   |
|    n_updates            | 1040      |
|    policy_gradient_loss | -6.08e-07 |
|    value_loss           | 0.00425   |
---------------------------------------
-------------------------------------------
| time/                   |               |
|    fps                  | 509           |
|    iterations           | 57            |
|    time_elapsed         | 171           |
|    total_timesteps      | 162816        |
| train/                  |               |
|    approx_kl            | 0.00028654156 |
|    clip_fraction        | 0.000586      |
|    clip_range           | 0.2           |
|    entropy_loss         | -0.00226      |
|    explained_variance   | 0.892         |
|    learning_rate        | 0.0003        |
|    loss                 | 0.00099       |
|    n_updates            | 1050          |
|    policy_gradient_loss | -0.00013      |
|    value_loss           | 0.00227       |
-------------------------------------------
---------------------------------------
| time/                   |           |
|    fps                  | 511       |
|    iterations           | 58        |
|    time_elapsed         | 174       |
|    total_timesteps      | 164352    |
| train/                  |           |
|    approx_kl            | 0.0       |
|    clip_fraction        | 0         |
|    clip_range           | 0.2       |
|    entropy_loss         | -0.0025   |
|    explained_variance   | 0.846     |
|    learning_rate        | 0.0003    |
|    loss                 | 0.00206   |
|    n_updates            | 1060      |
|    policy_gradient_loss | -7.01e-08 |
|    value_loss           | 0.00393   |
---------------------------------------
  step  165033/500000 ( 33.0%)  mean_rew=-0.003
---------------------------------------
| time/                   |           |
|    fps                  | 515       |
|    iterations           | 59        |
|    time_elapsed         | 175       |
|    total_timesteps      | 165888    |
| train/                  |           |
|    approx_kl            | 0.0       |
|    clip_fraction        | 0         |
|    clip_range           | 0.2       |
|    entropy_loss         | -0.00245  |
|    explained_variance   | 0.813     |
|    learning_rate        | 0.0003    |
|    loss                 | 0.00332   |
|    n_updates            | 1070      |
|    policy_gradient_loss | -4.39e-07 |
|    value_loss           | 0.00451   |
---------------------------------------
--------------------------------------
| time/                   |          |
|    fps                  | 517      |
|    iterations           | 60       |
|    time_elapsed         | 177      |
|    total_timesteps      | 167424   |
| train/                  |          |
|    approx_kl            | 0.0      |
|    clip_fraction        | 0        |
|    clip_range           | 0.2      |
|    entropy_loss         | -0.00232 |
|    explained_variance   | 0.928    |
|    learning_rate        | 0.0003   |
|    loss                 | 0.000582 |
|    n_updates            | 1080     |
|    policy_gradient_loss | -4.5e-07 |
|    value_loss           | 0.00158  |
--------------------------------------
-------------------------------------------
| time/                   |               |
|    fps                  | 520           |
|    iterations           | 61            |
|    time_elapsed         | 179           |
|    total_timesteps      | 168960        |
| train/                  |               |
|    approx_kl            | 0.00033323248 |
|    clip_fraction        | 0.000586      |
|    clip_range           | 0.2           |
|    entropy_loss         | -0.00322      |
|    explained_variance   | 0.842         |
|    learning_rate        | 0.0003        |
|    loss                 | 0.00324       |
|    n_updates            | 1090          |
|    policy_gradient_loss | -4.02e-05     |
|    value_loss           | 0.00388       |
-------------------------------------------
  step  170034/500000 ( 34.0%)  mean_rew=-0.006
----------------------------------------
| time/                   |            |
|    fps                  | 523        |
|    iterations           | 62         |
|    time_elapsed         | 181        |
|    total_timesteps      | 170496     |
| train/                  |            |
|    approx_kl            | 0.22912721 |
|    clip_fraction        | 0.00625    |
|    clip_range           | 0.2        |
|    entropy_loss         | -0.0576    |
|    explained_variance   | 0.848      |
|    learning_rate        | 0.0003     |
|    loss                 | -0.00709   |
|    n_updates            | 1100       |
|    policy_gradient_loss | -0.00113   |
|    value_loss           | 0.00405    |
----------------------------------------
-----------------------------------------
| time/                   |             |
|    fps                  | 526         |
|    iterations           | 63          |
|    time_elapsed         | 183         |
|    total_timesteps      | 172032      |
| train/                  |             |
|    approx_kl            | 0.000818789 |
|    clip_fraction        | 0.0177      |
|    clip_range           | 0.2         |
|    entropy_loss         | -0.121      |
|    explained_variance   | 0.821       |
|    learning_rate        | 0.0003      |
|    loss                 | -0.00565    |
|    n_updates            | 1110        |
|    policy_gradient_loss | -0.000917   |
|    value_loss           | 0.00509     |
-----------------------------------------
-------------------------------------------
| time/                   |               |
|    fps                  | 528           |
|    iterations           | 64            |
|    time_elapsed         | 185           |
|    total_timesteps      | 173568        |
| train/                  |               |
|    approx_kl            | 0.00020855192 |
|    clip_fraction        | 0.0118        |
|    clip_range           | 0.2           |
|    entropy_loss         | -0.112        |
|    explained_variance   | 0.908         |
|    learning_rate        | 0.0003        |
|    loss                 | 0.00129       |
|    n_updates            | 1120          |
|    policy_gradient_loss | 0.000666      |
|    value_loss           | 0.00228       |
-------------------------------------------
  step  175035/500000 ( 35.0%)  mean_rew=-0.005
------------------------------------------
| time/                   |              |
|    fps                  | 531          |
|    iterations           | 65           |
|    time_elapsed         | 187          |
|    total_timesteps      | 175104       |
| train/                  |              |
|    approx_kl            | 0.0006243503 |
|    clip_fraction        | 0.00814      |
|    clip_range           | 0.2          |
|    entropy_loss         | -0.1         |
|    explained_variance   | 0.84         |
|    learning_rate        | 0.0003       |
|    loss                 | -3.09e-05    |
|    n_updates            | 1130         |
|    policy_gradient_loss | 0.000389     |
|    value_loss           | 0.00428      |
------------------------------------------
------------------------------------------
| time/                   |              |
|    fps                  | 534          |
|    iterations           | 66           |
|    time_elapsed         | 189          |
|    total_timesteps      | 176640       |
| train/                  |              |
|    approx_kl            | 0.0004706987 |
|    clip_fraction        | 0.0124       |
|    clip_range           | 0.2          |
|    entropy_loss         | -0.11        |
|    explained_variance   | 0.848        |
|    learning_rate        | 0.0003       |
|    loss                 | 0.00219      |
|    n_updates            | 1140         |
|    policy_gradient_loss | -0.000847    |
|    value_loss           | 0.00429      |
------------------------------------------
  Stage 2 saved -> cologne3_ppo_stage2_50pct.zip

────────────────────────────────────────────────────────────
  Stage 3/4  75% demand  125000 steps  (cumulative -> 300000)
  Route: cologne3_rand_75pct.rou.xml
────────────────────────────────────────────────────────────
-------------------------------
| time/              |        |
|    fps             | 631    |
|    iterations      | 1      |
|    time_elapsed    | 2      |
|    total_timesteps | 178176 |
-------------------------------
------------------------------------------
| time/                   |              |
|    fps                  | 394          |
|    iterations           | 2            |
|    time_elapsed         | 7            |
|    total_timesteps      | 179712       |
| train/                  |              |
|    approx_kl            | 0.0006154887 |
|    clip_fraction        | 0.0153       |
|    clip_range           | 0.2          |
|    entropy_loss         | -0.0907      |
|    explained_variance   | 0.00978      |
|    learning_rate        | 0.0003       |
|    loss                 | 83.7         |
|    n_updates            | 1160         |
|    policy_gradient_loss | 0.00033      |
|    value_loss           | 293          |
------------------------------------------
  step  180036/500000 ( 36.0%)  mean_rew=-0.007
-------------------------------------------
| time/                   |               |
|    fps                  | 342           |
|    iterations           | 3             |
|    time_elapsed         | 13            |
|    total_timesteps      | 181248        |
| train/                  |               |
|    approx_kl            | 1.1666135e-05 |
|    clip_fraction        | 0             |
|    clip_range           | 0.2           |
|    entropy_loss         | -0.0741       |
|    explained_variance   | 0.229         |
|    learning_rate        | 0.0003        |
|    loss                 | 1.05e+03      |
|    n_updates            | 1170          |
|    policy_gradient_loss | -4.94e-05     |
|    value_loss           | 2.11e+03      |
-------------------------------------------
-------------------------------------------
| time/                   |               |
|    fps                  | 355           |
|    iterations           | 4             |
|    time_elapsed         | 17            |
|    total_timesteps      | 182784        |
| train/                  |               |
|    approx_kl            | 1.2367188e-07 |
|    clip_fraction        | 0             |
|    clip_range           | 0.2           |
|    entropy_loss         | -0.0648       |
|    explained_variance   | 0.256         |
|    learning_rate        | 0.0003        |
|    loss                 | 1.26e+03      |
|    n_updates            | 1180          |
|    policy_gradient_loss | -2.97e-06     |
|    value_loss           | 2.43e+03      |
-------------------------------------------
-------------------------------------------
| time/                   |               |
|    fps                  | 357           |
|    iterations           | 5             |
|    time_elapsed         | 21            |
|    total_timesteps      | 184320        |
| train/                  |               |
|    approx_kl            | 1.0338457e-06 |
|    clip_fraction        | 0             |
|    clip_range           | 0.2           |
|    entropy_loss         | -0.0789       |
|    explained_variance   | 0.211         |
|    learning_rate        | 0.0003        |
|    loss                 | 541           |
|    n_updates            | 1190          |
|    policy_gradient_loss | -0.00018      |
|    value_loss           | 1.15e+03      |
-------------------------------------------
  step  185037/500000 ( 37.0%)  mean_rew=-5.000
-------------------------------------------
| time/                   |               |
|    fps                  | 340           |
|    iterations           | 6             |
|    time_elapsed         | 27            |
|    total_timesteps      | 185856        |
| train/                  |               |
|    approx_kl            | 3.2900134e-06 |
|    clip_fraction        | 0             |
|    clip_range           | 0.2           |
|    entropy_loss         | -0.0865       |
|    explained_variance   | 0.268         |
|    learning_rate        | 0.0003        |
|    loss                 | 482           |
|    n_updates            | 1200          |
|    policy_gradient_loss | 2.46e-06      |
|    value_loss           | 944           |
-------------------------------------------
-------------------------------------------
| time/                   |               |
|    fps                  | 321           |
|    iterations           | 7             |
|    time_elapsed         | 33            |
|    total_timesteps      | 187392        |
| train/                  |               |
|    approx_kl            | 4.6025575e-06 |
|    clip_fraction        | 0             |
|    clip_range           | 0.2           |
|    entropy_loss         | -0.0688       |
|    explained_variance   | 0.339         |
|    learning_rate        | 0.0003        |
|    loss                 | 1.09e+03      |
|    n_updates            | 1210          |
|    policy_gradient_loss | -2.64e-05     |
|    value_loss           | 2.45e+03      |
-------------------------------------------
-------------------------------------------
| time/                   |               |
|    fps                  | 339           |
|    iterations           | 8             |
|    time_elapsed         | 36            |
|    total_timesteps      | 188928        |
| train/                  |               |
|    approx_kl            | 1.3121171e-06 |
|    clip_fraction        | 0             |
|    clip_range           | 0.2           |
|    entropy_loss         | -0.0626       |
|    explained_variance   | 0.339         |
|    learning_rate        | 0.0003        |
|    loss                 | 1.39e+03      |
|    n_updates            | 1220          |
|    policy_gradient_loss | -8.17e-06     |
|    value_loss           | 2.85e+03      |
-------------------------------------------
  step  190038/500000 ( 38.0%)  mean_rew=-0.008
------------------------------------------
| time/                   |              |
|    fps                  | 358          |
|    iterations           | 9            |
|    time_elapsed         | 38           |
|    total_timesteps      | 190464       |
| train/                  |              |
|    approx_kl            | 8.701708e-05 |
|    clip_fraction        | 0.000521     |
|    clip_range           | 0.2          |
|    entropy_loss         | -0.102       |
|    explained_variance   | 0.447        |
|    learning_rate        | 0.0003       |
|    loss                 | 6.63         |
|    n_updates            | 1230         |
|    policy_gradient_loss | -0.000388    |
|    value_loss           | 19           |
------------------------------------------
------------------------------------------
| time/                   |              |
|    fps                  | 375          |
|    iterations           | 10           |
|    time_elapsed         | 40           |
|    total_timesteps      | 192000       |
| train/                  |              |
|    approx_kl            | 9.863483e-07 |
|    clip_fraction        | 0            |
|    clip_range           | 0.2          |
|    entropy_loss         | -0.105       |
|    explained_variance   | -0.0418      |
|    learning_rate        | 0.0003       |
|    loss                 | 3.21         |
|    n_updates            | 1240         |
|    policy_gradient_loss | 3.82e-05     |
|    value_loss           | 10.3         |
------------------------------------------
-------------------------------------------
| time/                   |               |
|    fps                  | 389           |
|    iterations           | 11            |
|    time_elapsed         | 43            |
|    total_timesteps      | 193536        |
| train/                  |               |
|    approx_kl            | 0.00010534298 |
|    clip_fraction        | 0             |
|    clip_range           | 0.2           |
|    entropy_loss         | -0.108        |
|    explained_variance   | -0.107        |
|    learning_rate        | 0.0003        |
|    loss                 | 2.28          |
|    n_updates            | 1250          |
|    policy_gradient_loss | -6.15e-05     |
|    value_loss           | 6.52          |
-------------------------------------------
  step  195039/500000 ( 39.0%)  mean_rew=-0.007
-----------------------------------------
| time/                   |             |
|    fps                  | 402         |
|    iterations           | 12          |
|    time_elapsed         | 45          |
|    total_timesteps      | 195072      |
| train/                  |             |
|    approx_kl            | 0.000578994 |
|    clip_fraction        | 0.00176     |
|    clip_range           | 0.2         |
|    entropy_loss         | -0.109      |
|    explained_variance   | 0.0707      |
|    learning_rate        | 0.0003      |
|    loss                 | 0.355       |
|    n_updates            | 1260        |
|    policy_gradient_loss | -4.73e-05   |
|    value_loss           | 1.34        |
-----------------------------------------
-------------------------------------------
| time/                   |               |
|    fps                  | 387           |
|    iterations           | 13            |
|    time_elapsed         | 51            |
|    total_timesteps      | 196608        |
| train/                  |               |
|    approx_kl            | 2.2971924e-05 |
|    clip_fraction        | 0.00215       |
|    clip_range           | 0.2           |
|    entropy_loss         | -0.0915       |
|    explained_variance   | 0.0982        |
|    learning_rate        | 0.0003        |
|    loss                 | 1.66          |
|    n_updates            | 1270          |
|    policy_gradient_loss | 0.000213      |
|    value_loss           | 2.73          |
-------------------------------------------
------------------------------------------
| time/                   |              |
|    fps                  | 379          |
|    iterations           | 14           |
|    time_elapsed         | 56           |
|    total_timesteps      | 198144       |
| train/                  |              |
|    approx_kl            | 3.316956e-05 |
|    clip_fraction        | 0            |
|    clip_range           | 0.2          |
|    entropy_loss         | -0.0679      |
|    explained_variance   | 0.355        |
|    learning_rate        | 0.0003       |
|    loss                 | 1.04e+03     |
|    n_updates            | 1280         |
|    policy_gradient_loss | 0.000376     |
|    value_loss           | 2.21e+03     |
------------------------------------------
-------------------------------------------
| time/                   |               |
|    fps                  | 384           |
|    iterations           | 15            |
|    time_elapsed         | 59            |
|    total_timesteps      | 199680        |
| train/                  |               |
|    approx_kl            | 4.7766757e-06 |
|    clip_fraction        | 0             |
|    clip_range           | 0.2           |
|    entropy_loss         | -0.0737       |
|    explained_variance   | 0.377         |
|    learning_rate        | 0.0003        |
|    loss                 | 878           |
|    n_updates            | 1290          |
|    policy_gradient_loss | -0.000318     |
|    value_loss           | 2.09e+03      |
-------------------------------------------
  step  200040/500000 ( 40.0%)  mean_rew=-5.000
----------------------------------------
| time/                   |            |
|    fps                  | 375        |
|    iterations           | 16         |
|    time_elapsed         | 65         |
|    total_timesteps      | 201216     |
| train/                  |            |
|    approx_kl            | 0.00405699 |
|    clip_fraction        | 0.00417    |
|    clip_range           | 0.2        |
|    entropy_loss         | -0.101     |
|    explained_variance   | 0.401      |
|    learning_rate        | 0.0003     |
|    loss                 | 158        |
|    n_updates            | 1300       |
|    policy_gradient_loss | -0.00276   |
|    value_loss           | 251        |
----------------------------------------
------------------------------------------
| time/                   |              |
|    fps                  | 366          |
|    iterations           | 17           |
|    time_elapsed         | 71           |
|    total_timesteps      | 202752       |
| train/                  |              |
|    approx_kl            | 0.0010230637 |
|    clip_fraction        | 0.00957      |
|    clip_range           | 0.2          |
|    entropy_loss         | -0.122       |
|    explained_variance   | 0.416        |
|    learning_rate        | 0.0003       |
|    loss                 | 952          |
|    n_updates            | 1310         |
|    policy_gradient_loss | -0.00184     |
|    value_loss           | 2.07e+03     |
------------------------------------------
------------------------------------------
| time/                   |              |
|    fps                  | 375          |
|    iterations           | 18           |
|    time_elapsed         | 73           |
|    total_timesteps      | 204288       |
| train/                  |              |
|    approx_kl            | 0.0007216264 |
|    clip_fraction        | 0.00254      |
|    clip_range           | 0.2          |
|    entropy_loss         | -0.111       |
|    explained_variance   | 0.434        |
|    learning_rate        | 0.0003       |
|    loss                 | 1.2e+03      |
|    n_updates            | 1320         |
|    policy_gradient_loss | -0.000475    |
|    value_loss           | 2.3e+03      |
------------------------------------------
  step  205041/500000 ( 41.0%)  mean_rew=-0.009
-------------------------------------------
| time/                   |               |
|    fps                  | 382           |
|    iterations           | 19            |
|    time_elapsed         | 76            |
|    total_timesteps      | 205824        |
| train/                  |               |
|    approx_kl            | 1.1201871e-05 |
|    clip_fraction        | 0             |
|    clip_range           | 0.2           |
|    entropy_loss         | -0.107        |
|    explained_variance   | -0.603        |
|    learning_rate        | 0.0003        |
|    loss                 | 2.27          |
|    n_updates            | 1330          |
|    policy_gradient_loss | 1.29e-05      |
|    value_loss           | 7.61          |
-------------------------------------------
-------------------------------------------
| time/                   |               |
|    fps                  | 375           |
|    iterations           | 20            |
|    time_elapsed         | 81            |
|    total_timesteps      | 207360        |
| train/                  |               |
|    approx_kl            | 0.00025479434 |
|    clip_fraction        | 0             |
|    clip_range           | 0.2           |
|    entropy_loss         | -0.106        |
|    explained_variance   | -0.145        |
|    learning_rate        | 0.0003        |
|    loss                 | 3.35          |
|    n_updates            | 1340          |
|    policy_gradient_loss | 1.84e-05      |
|    value_loss           | 11.8          |
-------------------------------------------
------------------------------------------
| time/                   |              |
|    fps                  | 373          |
|    iterations           | 21           |
|    time_elapsed         | 86           |
|    total_timesteps      | 208896       |
| train/                  |              |
|    approx_kl            | 0.0005041032 |
|    clip_fraction        | 0.00833      |
|    clip_range           | 0.2          |
|    entropy_loss         | -0.103       |
|    explained_variance   | 0.488        |
|    learning_rate        | 0.0003       |
|    loss                 | 996          |
|    n_updates            | 1350         |
|    policy_gradient_loss | -0.000548    |
|    value_loss           | 2.14e+03     |
------------------------------------------
  step  210042/500000 ( 42.0%)  mean_rew=-0.008
-------------------------------------------
| time/                   |               |
|    fps                  | 376           |
|    iterations           | 22            |
|    time_elapsed         | 89            |
|    total_timesteps      | 210432        |
| train/                  |               |
|    approx_kl            | 0.00060384476 |
|    clip_fraction        | 0.00326       |
|    clip_range           | 0.2           |
|    entropy_loss         | -0.0937       |
|    explained_variance   | 0.484         |
|    learning_rate        | 0.0003        |
|    loss                 | 972           |
|    n_updates            | 1360          |
|    policy_gradient_loss | -0.000872     |
|    value_loss           | 1.84e+03      |
-------------------------------------------
-------------------------------------------
| time/                   |               |
|    fps                  | 370           |
|    iterations           | 23            |
|    time_elapsed         | 95            |
|    total_timesteps      | 211968        |
| train/                  |               |
|    approx_kl            | 0.00025691112 |
|    clip_fraction        | 0.00111       |
|    clip_range           | 0.2           |
|    entropy_loss         | -0.102        |
|    explained_variance   | 0.534         |
|    learning_rate        | 0.0003        |
|    loss                 | 203           |
|    n_updates            | 1370          |
|    policy_gradient_loss | 0.000139      |
|    value_loss           | 313           |
-------------------------------------------
-------------------------------------------
| time/                   |               |
|    fps                  | 352           |
|    iterations           | 24            |
|    time_elapsed         | 104           |
|    total_timesteps      | 213504        |
| train/                  |               |
|    approx_kl            | 0.00084416644 |
|    clip_fraction        | 6.51e-05      |
|    clip_range           | 0.2           |
|    entropy_loss         | -0.121        |
|    explained_variance   | 0.531         |
|    learning_rate        | 0.0003        |
|    loss                 | 940           |
|    n_updates            | 1380          |
|    policy_gradient_loss | -0.00013      |
|    value_loss           | 2.05e+03      |
-------------------------------------------
-------------------------------------------
| time/                   |               |
|    fps                  | 356           |
|    iterations           | 25            |
|    time_elapsed         | 107           |
|    total_timesteps      | 215040        |
| train/                  |               |
|    approx_kl            | 0.00016783818 |
|    clip_fraction        | 0             |
|    clip_range           | 0.2           |
|    entropy_loss         | -0.163        |
|    explained_variance   | 0.526         |
|    learning_rate        | 0.0003        |
|    loss                 | 1.75e+03      |
|    n_updates            | 1390          |
|    policy_gradient_loss | -2.14e-05     |
|    value_loss           | 3.6e+03       |
-------------------------------------------
  step  215043/500000 ( 43.0%)  mean_rew=-4.077
-------------------------------------------
| time/                   |               |
|    fps                  | 343           |
|    iterations           | 26            |
|    time_elapsed         | 116           |
|    total_timesteps      | 216576        |
| train/                  |               |
|    approx_kl            | 0.00014761498 |
|    clip_fraction        | 0.00221       |
|    clip_range           | 0.2           |
|    entropy_loss         | -0.0871       |
|    explained_variance   | 0.489         |
|    learning_rate        | 0.0003        |
|    loss                 | 268           |
|    n_updates            | 1400          |
|    policy_gradient_loss | -0.00104      |
|    value_loss           | 684           |
-------------------------------------------
------------------------------------------
| time/                   |              |
|    fps                  | 313          |
|    iterations           | 27           |
|    time_elapsed         | 132          |
|    total_timesteps      | 218112       |
| train/                  |              |
|    approx_kl            | 0.0004511959 |
|    clip_fraction        | 0.00488      |
|    clip_range           | 0.2          |
|    entropy_loss         | -0.102       |
|    explained_variance   | 0.532        |
|    learning_rate        | 0.0003       |
|    loss                 | 647          |
|    n_updates            | 1410         |
|    policy_gradient_loss | -0.000276    |
|    value_loss           | 1.67e+03     |
------------------------------------------
------------------------------------------
| time/                   |              |
|    fps                  | 316          |
|    iterations           | 28           |
|    time_elapsed         | 135          |
|    total_timesteps      | 219648       |
| train/                  |              |
|    approx_kl            | 0.0013255387 |
|    clip_fraction        | 0.00215      |
|    clip_range           | 0.2          |
|    entropy_loss         | -0.156       |
|    explained_variance   | 0.544        |
|    learning_rate        | 0.0003       |
|    loss                 | 1.44e+03     |
|    n_updates            | 1420         |
|    policy_gradient_loss | -0.000518    |
|    value_loss           | 3.06e+03     |
------------------------------------------
  step  220044/500000 ( 44.0%)  mean_rew=-0.014
------------------------------------------
| time/                   |              |
|    fps                  | 317          |
|    iterations           | 29           |
|    time_elapsed         | 140          |
|    total_timesteps      | 221184       |
| train/                  |              |
|    approx_kl            | 0.0005343917 |
|    clip_fraction        | 0.00104      |
|    clip_range           | 0.2          |
|    entropy_loss         | -0.0903      |
|    explained_variance   | -0.987       |
|    learning_rate        | 0.0003       |
|    loss                 | 6            |
|    n_updates            | 1430         |
|    policy_gradient_loss | -0.000172    |
|    value_loss           | 19.9         |
------------------------------------------
--------------------------------------------
| time/                   |                |
|    fps                  | 302            |
|    iterations           | 30             |
|    time_elapsed         | 152            |
|    total_timesteps      | 222720         |
| train/                  |                |
|    approx_kl            | 0.000104581006 |
|    clip_fraction        | 0              |
|    clip_range           | 0.2            |
|    entropy_loss         | -0.0738        |
|    explained_variance   | 0.54           |
|    learning_rate        | 0.0003         |
|    loss                 | 75             |
|    n_updates            | 1440           |
|    policy_gradient_loss | -9.83e-05      |
|    value_loss           | 102            |
--------------------------------------------
------------------------------------------
| time/                   |              |
|    fps                  | 279          |
|    iterations           | 31           |
|    time_elapsed         | 170          |
|    total_timesteps      | 224256       |
| train/                  |              |
|    approx_kl            | 0.0017849747 |
|    clip_fraction        | 0.0176       |
|    clip_range           | 0.2          |
|    entropy_loss         | -0.106       |
|    explained_variance   | 0.634        |
|    learning_rate        | 0.0003       |
|    loss                 | 907          |
|    n_updates            | 1450         |
|    policy_gradient_loss | -0.000775    |
|    value_loss           | 1.97e+03     |
------------------------------------------
  step  225045/500000 ( 45.0%)  mean_rew=-0.009
------------------------------------------
| time/                   |              |
|    fps                  | 281          |
|    iterations           | 32           |
|    time_elapsed         | 174          |
|    total_timesteps      | 225792       |
| train/                  |              |
|    approx_kl            | 0.0026504733 |
|    clip_fraction        | 0.00286      |
|    clip_range           | 0.2          |
|    entropy_loss         | -0.192       |
|    explained_variance   | 0.625        |
|    learning_rate        | 0.0003       |
|    loss                 | 1.66e+03     |
|    n_updates            | 1460         |
|    policy_gradient_loss | -0.00065     |
|    value_loss           | 3.47e+03     |
------------------------------------------
------------------------------------------
| time/                   |              |
|    fps                  | 280          |
|    iterations           | 33           |
|    time_elapsed         | 180          |
|    total_timesteps      | 227328       |
| train/                  |              |
|    approx_kl            | 6.465835e-05 |
|    clip_fraction        | 0            |
|    clip_range           | 0.2          |
|    entropy_loss         | -0.0541      |
|    explained_variance   | 0.606        |
|    learning_rate        | 0.0003       |
|    loss                 | 325          |
|    n_updates            | 1470         |
|    policy_gradient_loss | -0.000173    |
|    value_loss           | 871          |
------------------------------------------
-------------------------------------------
| time/                   |               |
|    fps                  | 280           |
|    iterations           | 34            |
|    time_elapsed         | 186           |
|    total_timesteps      | 228864        |
| train/                  |               |
|    approx_kl            | 0.00042696806 |
|    clip_fraction        | 0.00247       |
|    clip_range           | 0.2           |
|    entropy_loss         | -0.0956       |
|    explained_variance   | 0.617         |
|    learning_rate        | 0.0003        |
|    loss                 | 687           |
|    n_updates            | 1480          |
|    policy_gradient_loss | -4.54e-05     |
|    value_loss           | 1.32e+03      |
-------------------------------------------
  step  230046/500000 ( 46.0%)  mean_rew=-2.102
------------------------------------------
| time/                   |              |
|    fps                  | 281          |
|    iterations           | 35           |
|    time_elapsed         | 190          |
|    total_timesteps      | 230400       |
| train/                  |              |
|    approx_kl            | 0.0005556709 |
|    clip_fraction        | 0.00117      |
|    clip_range           | 0.2          |
|    entropy_loss         | -0.0993      |
|    explained_variance   | 0.657        |
|    learning_rate        | 0.0003       |
|    loss                 | 860          |
|    n_updates            | 1490         |
|    policy_gradient_loss | -0.000124    |
|    value_loss           | 1.92e+03     |
------------------------------------------
------------------------------------------
| time/                   |              |
|    fps                  | 283          |
|    iterations           | 36           |
|    time_elapsed         | 195          |
|    total_timesteps      | 231936       |
| train/                  |              |
|    approx_kl            | 0.0017018482 |
|    clip_fraction        | 0.0156       |
|    clip_range           | 0.2          |
|    entropy_loss         | -0.0835      |
|    explained_variance   | 0.684        |
|    learning_rate        | 0.0003       |
|    loss                 | 766          |
|    n_updates            | 1500         |
|    policy_gradient_loss | -0.00218     |
|    value_loss           | 1.38e+03     |
------------------------------------------
-------------------------------------------
| time/                   |               |
|    fps                  | 287           |
|    iterations           | 37            |
|    time_elapsed         | 198           |
|    total_timesteps      | 233472        |
| train/                  |               |
|    approx_kl            | 0.00053859426 |
|    clip_fraction        | 0.00208       |
|    clip_range           | 0.2           |
|    entropy_loss         | -0.105        |
|    explained_variance   | 0.688         |
|    learning_rate        | 0.0003        |
|    loss                 | 280           |
|    n_updates            | 1510          |
|    policy_gradient_loss | 0.000318      |
|    value_loss           | 455           |
-------------------------------------------
------------------------------------------
| time/                   |              |
|    fps                  | 290          |
|    iterations           | 38           |
|    time_elapsed         | 200          |
|    total_timesteps      | 235008       |
| train/                  |              |
|    approx_kl            | 8.624323e-05 |
|    clip_fraction        | 0.00326      |
|    clip_range           | 0.2          |
|    entropy_loss         | -0.0751      |
|    explained_variance   | -0.378       |
|    learning_rate        | 0.0003       |
|    loss                 | 13.4         |
|    n_updates            | 1520         |
|    policy_gradient_loss | -0.000206    |
|    value_loss           | 18.3         |
------------------------------------------
  step  235047/500000 ( 47.0%)  mean_rew=-0.007
-------------------------------------------
| time/                   |               |
|    fps                  | 293           |
|    iterations           | 39            |
|    time_elapsed         | 203           |
|    total_timesteps      | 236544        |
| train/                  |               |
|    approx_kl            | 0.00020614907 |
|    clip_fraction        | 0.000651      |
|    clip_range           | 0.2           |
|    entropy_loss         | -0.0823       |
|    explained_variance   | -0.016        |
|    learning_rate        | 0.0003        |
|    loss                 | 1.1           |
|    n_updates            | 1530          |
|    policy_gradient_loss | 2.4e-05       |
|    value_loss           | 10.7          |
-------------------------------------------
------------------------------------------
| time/                   |              |
|    fps                  | 293          |
|    iterations           | 40           |
|    time_elapsed         | 209          |
|    total_timesteps      | 238080       |
| train/                  |              |
|    approx_kl            | 0.0003665552 |
|    clip_fraction        | 6.51e-05     |
|    clip_range           | 0.2          |
|    entropy_loss         | -0.0876      |
|    explained_variance   | 0.705        |
|    learning_rate        | 0.0003       |
|    loss                 | 148          |
|    n_updates            | 1540         |
|    policy_gradient_loss | -0.000202    |
|    value_loss           | 325          |
------------------------------------------
-------------------------------------------
| time/                   |               |
|    fps                  | 296           |
|    iterations           | 41            |
|    time_elapsed         | 212           |
|    total_timesteps      | 239616        |
| train/                  |               |
|    approx_kl            | 0.00056304754 |
|    clip_fraction        | 0.000977      |
|    clip_range           | 0.2           |
|    entropy_loss         | -0.111        |
|    explained_variance   | 0.744         |
|    learning_rate        | 0.0003        |
|    loss                 | 593           |
|    n_updates            | 1550          |
|    policy_gradient_loss | -0.000402     |
|    value_loss           | 1.43e+03      |
-------------------------------------------
  step  240048/500000 ( 48.0%)  mean_rew=-0.007
-------------------------------------------
| time/                   |               |
|    fps                  | 300           |
|    iterations           | 42            |
|    time_elapsed         | 214           |
|    total_timesteps      | 241152        |
| train/                  |               |
|    approx_kl            | 0.00055718404 |
|    clip_fraction        | 0.000911      |
|    clip_range           | 0.2           |
|    entropy_loss         | -0.0959       |
|    explained_variance   | -1.19         |
|    learning_rate        | 0.0003        |
|    loss                 | 3.54          |
|    n_updates            | 1560          |
|    policy_gradient_loss | -0.000192     |
|    value_loss           | 17            |
-------------------------------------------
-------------------------------------------
| time/                   |               |
|    fps                  | 303           |
|    iterations           | 43            |
|    time_elapsed         | 217           |
|    total_timesteps      | 242688        |
| train/                  |               |
|    approx_kl            | 0.00043029865 |
|    clip_fraction        | 0.00202       |
|    clip_range           | 0.2           |
|    entropy_loss         | -0.0834       |
|    explained_variance   | 0.268         |
|    learning_rate        | 0.0003        |
|    loss                 | 0.596         |
|    n_updates            | 1570          |
|    policy_gradient_loss | -1.43e-05     |
|    value_loss           | 2.29          |
-------------------------------------------
-------------------------------------------
| time/                   |               |
|    fps                  | 306           |
|    iterations           | 44            |
|    time_elapsed         | 220           |
|    total_timesteps      | 244224        |
| train/                  |               |
|    approx_kl            | 0.00022845408 |
|    clip_fraction        | 0.00749       |
|    clip_range           | 0.2           |
|    entropy_loss         | -0.0724       |
|    explained_variance   | 0.283         |
|    learning_rate        | 0.0003        |
|    loss                 | 1.68          |
|    n_updates            | 1580          |
|    policy_gradient_loss | -5.76e-05     |
|    value_loss           | 3.18          |
-------------------------------------------
  step  245049/500000 ( 49.0%)  mean_rew=-1.548
------------------------------------------
| time/                   |              |
|    fps                  | 304          |
|    iterations           | 45           |
|    time_elapsed         | 226          |
|    total_timesteps      | 245760       |
| train/                  |              |
|    approx_kl            | 0.0002557393 |
|    clip_fraction        | 0.00645      |
|    clip_range           | 0.2          |
|    entropy_loss         | -0.0778      |
|    explained_variance   | 0.275        |
|    learning_rate        | 0.0003       |
|    loss                 | 0.621        |
|    n_updates            | 1590         |
|    policy_gradient_loss | -1.72e-05    |
|    value_loss           | 1.99         |
------------------------------------------
------------------------------------------
| time/                   |              |
|    fps                  | 307          |
|    iterations           | 46           |
|    time_elapsed         | 230          |
|    total_timesteps      | 247296       |
| train/                  |              |
|    approx_kl            | 8.395865e-05 |
|    clip_fraction        | 0            |
|    clip_range           | 0.2          |
|    entropy_loss         | -0.104       |
|    explained_variance   | 0.716        |
|    learning_rate        | 0.0003       |
|    loss                 | 728          |
|    n_updates            | 1600         |
|    policy_gradient_loss | -4.36e-05    |
|    value_loss           | 1.99e+03     |
------------------------------------------
------------------------------------------
| time/                   |              |
|    fps                  | 306          |
|    iterations           | 47           |
|    time_elapsed         | 235          |
|    total_timesteps      | 248832       |
| train/                  |              |
|    approx_kl            | 0.0001898718 |
|    clip_fraction        | 0.000391     |
|    clip_range           | 0.2          |
|    entropy_loss         | -0.0713      |
|    explained_variance   | 0.758        |
|    learning_rate        | 0.0003       |
|    loss                 | 63.2         |
|    n_updates            | 1610         |
|    policy_gradient_loss | -0.000198    |
|    value_loss           | 303          |
------------------------------------------
  step  250050/500000 ( 50.0%)  mean_rew=-0.011
------------------------------------------
| time/                   |              |
|    fps                  | 309          |
|    iterations           | 48           |
|    time_elapsed         | 238          |
|    total_timesteps      | 250368       |
| train/                  |              |
|    approx_kl            | 0.0022986291 |
|    clip_fraction        | 0.0237       |
|    clip_range           | 0.2          |
|    entropy_loss         | -0.125       |
|    explained_variance   | 0.775        |
|    learning_rate        | 0.0003       |
|    loss                 | 668          |
|    n_updates            | 1620         |
|    policy_gradient_loss | -0.00133     |
|    value_loss           | 1.52e+03     |
------------------------------------------
-------------------------------------------
| time/                   |               |
|    fps                  | 310           |
|    iterations           | 49            |
|    time_elapsed         | 242           |
|    total_timesteps      | 251904        |
| train/                  |               |
|    approx_kl            | 1.8955636e-05 |
|    clip_fraction        | 0.00404       |
|    clip_range           | 0.2           |
|    entropy_loss         | -0.0634       |
|    explained_variance   | -1.4          |
|    learning_rate        | 0.0003        |
|    loss                 | 3.85          |
|    n_updates            | 1630          |
|    policy_gradient_loss | -0.000107     |
|    value_loss           | 13.5          |
-------------------------------------------
------------------------------------------
| time/                   |              |
|    fps                  | 310          |
|    iterations           | 50           |
|    time_elapsed         | 247          |
|    total_timesteps      | 253440       |
| train/                  |              |
|    approx_kl            | 0.0002567042 |
|    clip_fraction        | 0            |
|    clip_range           | 0.2          |
|    entropy_loss         | -0.0713      |
|    explained_variance   | 0.777        |
|    learning_rate        | 0.0003       |
|    loss                 | 547          |
|    n_updates            | 1640         |
|    policy_gradient_loss | 2.76e-05     |
|    value_loss           | 1.09e+03     |
------------------------------------------
------------------------------------------
| time/                   |              |
|    fps                  | 312          |
|    iterations           | 51           |
|    time_elapsed         | 250          |
|    total_timesteps      | 254976       |
| train/                  |              |
|    approx_kl            | 0.0011637217 |
|    clip_fraction        | 0.0268       |
|    clip_range           | 0.2          |
|    entropy_loss         | -0.107       |
|    explained_variance   | 0.795        |
|    learning_rate        | 0.0003       |
|    loss                 | 353          |
|    n_updates            | 1650         |
|    policy_gradient_loss | -0.00309     |
|    value_loss           | 683          |
------------------------------------------
  step  255051/500000 ( 51.0%)  mean_rew=-0.009
-------------------------------------------
| time/                   |               |
|    fps                  | 311           |
|    iterations           | 52            |
|    time_elapsed         | 256           |
|    total_timesteps      | 256512        |
| train/                  |               |
|    approx_kl            | 0.00025601793 |
|    clip_fraction        | 0.00332       |
|    clip_range           | 0.2           |
|    entropy_loss         | -0.0529       |
|    explained_variance   | -0.562        |
|    learning_rate        | 0.0003        |
|    loss                 | 2.34          |
|    n_updates            | 1660          |
|    policy_gradient_loss | -0.000196     |
|    value_loss           | 8.41          |
-------------------------------------------
------------------------------------------
| time/                   |              |
|    fps                  | 310          |
|    iterations           | 53           |
|    time_elapsed         | 261          |
|    total_timesteps      | 258048       |
| train/                  |              |
|    approx_kl            | 0.0017534833 |
|    clip_fraction        | 0.00169      |
|    clip_range           | 0.2          |
|    entropy_loss         | -0.112       |
|    explained_variance   | 0.802        |
|    learning_rate        | 0.0003       |
|    loss                 | 786          |
|    n_updates            | 1670         |
|    policy_gradient_loss | -0.000695    |
|    value_loss           | 1.76e+03     |
------------------------------------------
------------------------------------------
| time/                   |              |
|    fps                  | 308          |
|    iterations           | 54           |
|    time_elapsed         | 268          |
|    total_timesteps      | 259584       |
| train/                  |              |
|    approx_kl            | 0.0011812159 |
|    clip_fraction        | 0.00788      |
|    clip_range           | 0.2          |
|    entropy_loss         | -0.105       |
|    explained_variance   | 0.765        |
|    learning_rate        | 0.0003       |
|    loss                 | 802          |
|    n_updates            | 1680         |
|    policy_gradient_loss | -0.000846    |
|    value_loss           | 1.54e+03     |
------------------------------------------
  step  260052/500000 ( 52.0%)  mean_rew=-0.009
------------------------------------------
| time/                   |              |
|    fps                  | 310          |
|    iterations           | 55           |
|    time_elapsed         | 271          |
|    total_timesteps      | 261120       |
| train/                  |              |
|    approx_kl            | 0.0029833715 |
|    clip_fraction        | 0.0281       |
|    clip_range           | 0.2          |
|    entropy_loss         | -0.187       |
|    explained_variance   | 0.775        |
|    learning_rate        | 0.0003       |
|    loss                 | 847          |
|    n_updates            | 1690         |
|    policy_gradient_loss | -0.004       |
|    value_loss           | 1.54e+03     |
------------------------------------------
------------------------------------------
| time/                   |              |
|    fps                  | 312          |
|    iterations           | 56           |
|    time_elapsed         | 275          |
|    total_timesteps      | 262656       |
| train/                  |              |
|    approx_kl            | 0.0003344377 |
|    clip_fraction        | 0.00605      |
|    clip_range           | 0.2          |
|    entropy_loss         | -0.0435      |
|    explained_variance   | -1.36        |
|    learning_rate        | 0.0003       |
|    loss                 | 6.48         |
|    n_updates            | 1700         |
|    policy_gradient_loss | -0.00036     |
|    value_loss           | 14.5         |
------------------------------------------
-------------------------------------------
| time/                   |               |
|    fps                  | 312           |
|    iterations           | 57            |
|    time_elapsed         | 280           |
|    total_timesteps      | 264192        |
| train/                  |               |
|    approx_kl            | 0.00010349357 |
|    clip_fraction        | 0             |
|    clip_range           | 0.2           |
|    entropy_loss         | -0.0596       |
|    explained_variance   | 0.793         |
|    learning_rate        | 0.0003        |
|    loss                 | 472           |
|    n_updates            | 1710          |
|    policy_gradient_loss | 1.45e-06      |
|    value_loss           | 942           |
-------------------------------------------
  step  265053/500000 ( 53.0%)  mean_rew=-0.012
------------------------------------------
| time/                   |              |
|    fps                  | 315          |
|    iterations           | 58           |
|    time_elapsed         | 282          |
|    total_timesteps      | 265728       |
| train/                  |              |
|    approx_kl            | 0.0009638265 |
|    clip_fraction        | 0.00651      |
|    clip_range           | 0.2          |
|    entropy_loss         | -0.103       |
|    explained_variance   | 0.816        |
|    learning_rate        | 0.0003       |
|    loss                 | 409          |
|    n_updates            | 1720         |
|    policy_gradient_loss | -0.000839    |
|    value_loss           | 784          |
------------------------------------------
-------------------------------------------
| time/                   |               |
|    fps                  | 314           |
|    iterations           | 59            |
|    time_elapsed         | 288           |
|    total_timesteps      | 267264        |
| train/                  |               |
|    approx_kl            | 0.00023084728 |
|    clip_fraction        | 0.00293       |
|    clip_range           | 0.2           |
|    entropy_loss         | -0.0335       |
|    explained_variance   | -0.075        |
|    learning_rate        | 0.0003        |
|    loss                 | 1.94          |
|    n_updates            | 1730          |
|    policy_gradient_loss | -0.000179     |
|    value_loss           | 7.85          |
-------------------------------------------
------------------------------------------
| time/                   |              |
|    fps                  | 316          |
|    iterations           | 60           |
|    time_elapsed         | 291          |
|    total_timesteps      | 268800       |
| train/                  |              |
|    approx_kl            | 8.273843e-05 |
|    clip_fraction        | 0            |
|    clip_range           | 0.2          |
|    entropy_loss         | -0.101       |
|    explained_variance   | 0.823        |
|    learning_rate        | 0.0003       |
|    loss                 | 635          |
|    n_updates            | 1740         |
|    policy_gradient_loss | 2.41e-05     |
|    value_loss           | 1.62e+03     |
------------------------------------------
  step  270054/500000 ( 54.0%)  mean_rew=-0.009
-------------------------------------------
| time/                   |               |
|    fps                  | 318           |
|    iterations           | 61            |
|    time_elapsed         | 293           |
|    total_timesteps      | 270336        |
| train/                  |               |
|    approx_kl            | 0.00069213595 |
|    clip_fraction        | 0.00931       |
|    clip_range           | 0.2           |
|    entropy_loss         | -0.0544       |
|    explained_variance   | 0.65          |
|    learning_rate        | 0.0003        |
|    loss                 | 101           |
|    n_updates            | 1750          |
|    policy_gradient_loss | -0.00131      |
|    value_loss           | 185           |
-------------------------------------------
------------------------------------------
| time/                   |              |
|    fps                  | 317          |
|    iterations           | 62           |
|    time_elapsed         | 299          |
|    total_timesteps      | 271872       |
| train/                  |              |
|    approx_kl            | 0.0008498743 |
|    clip_fraction        | 0.0043       |
|    clip_range           | 0.2          |
|    entropy_loss         | -0.0474      |
|    explained_variance   | -0.00706     |
|    learning_rate        | 0.0003       |
|    loss                 | 2.21         |
|    n_updates            | 1760         |
|    policy_gradient_loss | -0.000141    |
|    value_loss           | 8.06         |
------------------------------------------
------------------------------------------
| time/                   |              |
|    fps                  | 319          |
|    iterations           | 63           |
|    time_elapsed         | 303          |
|    total_timesteps      | 273408       |
| train/                  |              |
|    approx_kl            | 0.0005308777 |
|    clip_fraction        | 0.00684      |
|    clip_range           | 0.2          |
|    entropy_loss         | -0.13        |
|    explained_variance   | 0.783        |
|    learning_rate        | 0.0003       |
|    loss                 | 902          |
|    n_updates            | 1770         |
|    policy_gradient_loss | 0.000562     |
|    value_loss           | 1.87e+03     |
------------------------------------------
-------------------------------------------
| time/                   |               |
|    fps                  | 319           |
|    iterations           | 64            |
|    time_elapsed         | 307           |
|    total_timesteps      | 274944        |
| train/                  |               |
|    approx_kl            | 0.00024466414 |
|    clip_fraction        | 0             |
|    clip_range           | 0.2           |
|    entropy_loss         | -0.0576       |
|    explained_variance   | 0.811         |
|    learning_rate        | 0.0003        |
|    loss                 | 435           |
|    n_updates            | 1780          |
|    policy_gradient_loss | -0.000288     |
|    value_loss           | 757           |
-------------------------------------------
  step  275055/500000 ( 55.0%)  mean_rew=-0.010
------------------------------------------
| time/                   |              |
|    fps                  | 321          |
|    iterations           | 65           |
|    time_elapsed         | 310          |
|    total_timesteps      | 276480       |
| train/                  |              |
|    approx_kl            | 0.0006025529 |
|    clip_fraction        | 0.00671      |
|    clip_range           | 0.2          |
|    entropy_loss         | -0.103       |
|    explained_variance   | 0.821        |
|    learning_rate        | 0.0003       |
|    loss                 | 422          |
|    n_updates            | 1790         |
|    policy_gradient_loss | -0.000849    |
|    value_loss           | 895          |
------------------------------------------
------------------------------------------
| time/                   |              |
|    fps                  | 317          |
|    iterations           | 66           |
|    time_elapsed         | 318          |
|    total_timesteps      | 278016       |
| train/                  |              |
|    approx_kl            | 7.173908e-05 |
|    clip_fraction        | 0.00137      |
|    clip_range           | 0.2          |
|    entropy_loss         | -0.0364      |
|    explained_variance   | -0.0543      |
|    learning_rate        | 0.0003       |
|    loss                 | 3.4          |
|    n_updates            | 1800         |
|    policy_gradient_loss | -2.44e-05    |
|    value_loss           | 9.69         |
------------------------------------------
-------------------------------------------
| time/                   |               |
|    fps                  | 318           |
|    iterations           | 67            |
|    time_elapsed         | 322           |
|    total_timesteps      | 279552        |
| train/                  |               |
|    approx_kl            | 0.00056027604 |
|    clip_fraction        | 0             |
|    clip_range           | 0.2           |
|    entropy_loss         | -0.185        |
|    explained_variance   | 0.848         |
|    learning_rate        | 0.0003        |
|    loss                 | 1.18e+03      |
|    n_updates            | 1810          |
|    policy_gradient_loss | -0.000214     |
|    value_loss           | 2.58e+03      |
-------------------------------------------
  step  280056/500000 ( 56.0%)  mean_rew=-0.008
-------------------------------------------
| time/                   |               |
|    fps                  | 321           |
|    iterations           | 68            |
|    time_elapsed         | 325           |
|    total_timesteps      | 281088        |
| train/                  |               |
|    approx_kl            | 0.00072160753 |
|    clip_fraction        | 0.00729       |
|    clip_range           | 0.2           |
|    entropy_loss         | -0.0696       |
|    explained_variance   | 0.774         |
|    learning_rate        | 0.0003        |
|    loss                 | 153           |
|    n_updates            | 1820          |
|    policy_gradient_loss | -0.00139      |
|    value_loss           | 260           |
-------------------------------------------
------------------------------------------
| time/                   |              |
|    fps                  | 320          |
|    iterations           | 69           |
|    time_elapsed         | 331          |
|    total_timesteps      | 282624       |
| train/                  |              |
|    approx_kl            | 0.0001070222 |
|    clip_fraction        | 0.00169      |
|    clip_range           | 0.2          |
|    entropy_loss         | -0.03        |
|    explained_variance   | -0.0463      |
|    learning_rate        | 0.0003       |
|    loss                 | 1.98         |
|    n_updates            | 1830         |
|    policy_gradient_loss | -1.66e-05    |
|    value_loss           | 10.2         |
------------------------------------------
-------------------------------------------
| time/                   |               |
|    fps                  | 322           |
|    iterations           | 70            |
|    time_elapsed         | 333           |
|    total_timesteps      | 284160        |
| train/                  |               |
|    approx_kl            | 0.00018261757 |
|    clip_fraction        | 0             |
|    clip_range           | 0.2           |
|    entropy_loss         | -0.124        |
|    explained_variance   | 0.794         |
|    learning_rate        | 0.0003        |
|    loss                 | 810           |
|    n_updates            | 1840          |
|    policy_gradient_loss | -5.15e-05     |
|    value_loss           | 1.83e+03      |
-------------------------------------------
  step  285057/500000 ( 57.0%)  mean_rew=-0.008
-------------------------------------------
| time/                   |               |
|    fps                  | 323           |
|    iterations           | 71            |
|    time_elapsed         | 336           |
|    total_timesteps      | 285696        |
| train/                  |               |
|    approx_kl            | 0.00011113752 |
|    clip_fraction        | 6.51e-05      |
|    clip_range           | 0.2           |
|    entropy_loss         | -0.0289       |
|    explained_variance   | -2.17         |
|    learning_rate        | 0.0003        |
|    loss                 | 2.16          |
|    n_updates            | 1850          |
|    policy_gradient_loss | -2.69e-05     |
|    value_loss           | 16            |
-------------------------------------------
------------------------------------------
| time/                   |              |
|    fps                  | 319          |
|    iterations           | 72           |
|    time_elapsed         | 345          |
|    total_timesteps      | 287232       |
| train/                  |              |
|    approx_kl            | 9.982466e-05 |
|    clip_fraction        | 0            |
|    clip_range           | 0.2          |
|    entropy_loss         | -0.0319      |
|    explained_variance   | 0.794        |
|    learning_rate        | 0.0003       |
|    loss                 | 129          |
|    n_updates            | 1860         |
|    policy_gradient_loss | -0.000269    |
|    value_loss           | 466          |
------------------------------------------
------------------------------------------
| time/                   |              |
|    fps                  | 321          |
|    iterations           | 73           |
|    time_elapsed         | 348          |
|    total_timesteps      | 288768       |
| train/                  |              |
|    approx_kl            | 0.0014557274 |
|    clip_fraction        | 0.0187       |
|    clip_range           | 0.2          |
|    entropy_loss         | -0.207       |
|    explained_variance   | 0.816        |
|    learning_rate        | 0.0003       |
|    loss                 | 1.09e+03     |
|    n_updates            | 1870         |
|    policy_gradient_loss | -0.00213     |
|    value_loss           | 2.36e+03     |
------------------------------------------
  step  290058/500000 ( 58.0%)  mean_rew=-0.009
-------------------------------------------
| time/                   |               |
|    fps                  | 323           |
|    iterations           | 74            |
|    time_elapsed         | 351           |
|    total_timesteps      | 290304        |
| train/                  |               |
|    approx_kl            | 1.3751365e-06 |
|    clip_fraction        | 0             |
|    clip_range           | 0.2           |
|    entropy_loss         | -0.0229       |
|    explained_variance   | -2.84         |
|    learning_rate        | 0.0003        |
|    loss                 | 9.93          |
|    n_updates            | 1880          |
|    policy_gradient_loss | -1.55e-06     |
|    value_loss           | 39            |
-------------------------------------------
-------------------------------------------
| time/                   |               |
|    fps                  | 324           |
|    iterations           | 75            |
|    time_elapsed         | 354           |
|    total_timesteps      | 291840        |
| train/                  |               |
|    approx_kl            | 7.3147625e-08 |
|    clip_fraction        | 0             |
|    clip_range           | 0.2           |
|    entropy_loss         | -0.0223       |
|    explained_variance   | 0.0222        |
|    learning_rate        | 0.0003        |
|    loss                 | 2.66          |
|    n_updates            | 1890          |
|    policy_gradient_loss | -7.04e-07     |
|    value_loss           | 10.7          |
-------------------------------------------
-----------------------------------------
| time/                   |             |
|    fps                  | 323         |
|    iterations           | 76          |
|    time_elapsed         | 360         |
|    total_timesteps      | 293376      |
| train/                  |             |
|    approx_kl            | 0.000448267 |
|    clip_fraction        | 0.00176     |
|    clip_range           | 0.2         |
|    entropy_loss         | -0.0417     |
|    explained_variance   | 0.783       |
|    learning_rate        | 0.0003      |
|    loss                 | 550         |
|    n_updates            | 1900        |
|    policy_gradient_loss | -0.000307   |
|    value_loss           | 739         |
-----------------------------------------
------------------------------------------
| time/                   |              |
|    fps                  | 325          |
|    iterations           | 77           |
|    time_elapsed         | 363          |
|    total_timesteps      | 294912       |
| train/                  |              |
|    approx_kl            | 0.0007363654 |
|    clip_fraction        | 0.00677      |
|    clip_range           | 0.2          |
|    entropy_loss         | -0.112       |
|    explained_variance   | 0.817        |
|    learning_rate        | 0.0003       |
|    loss                 | 1.05e+03     |
|    n_updates            | 1910         |
|    policy_gradient_loss | -0.00085     |
|    value_loss           | 1.74e+03     |
------------------------------------------
  step  295059/500000 ( 59.0%)  mean_rew=-0.009
------------------------------------------
| time/                   |              |
|    fps                  | 327          |
|    iterations           | 78           |
|    time_elapsed         | 365          |
|    total_timesteps      | 296448       |
| train/                  |              |
|    approx_kl            | 0.0001215024 |
|    clip_fraction        | 0.00143      |
|    clip_range           | 0.2          |
|    entropy_loss         | -0.021       |
|    explained_variance   | -2.35        |
|    learning_rate        | 0.0003       |
|    loss                 | 2.78         |
|    n_updates            | 1920         |
|    policy_gradient_loss | -7.63e-05    |
|    value_loss           | 14.2         |
------------------------------------------
------------------------------------------
| time/                   |              |
|    fps                  | 329          |
|    iterations           | 79           |
|    time_elapsed         | 368          |
|    total_timesteps      | 297984       |
| train/                  |              |
|    approx_kl            | 0.0013623653 |
|    clip_fraction        | 0.00156      |
|    clip_range           | 0.2          |
|    entropy_loss         | -0.0258      |
|    explained_variance   | 0.204        |
|    learning_rate        | 0.0003       |
|    loss                 | 4.3          |
|    n_updates            | 1930         |
|    policy_gradient_loss | -4.86e-05    |
|    value_loss           | 10.7         |
------------------------------------------
------------------------------------------
| time/                   |              |
|    fps                  | 330          |
|    iterations           | 80           |
|    time_elapsed         | 371          |
|    total_timesteps      | 299520       |
| train/                  |              |
|    approx_kl            | 0.0012632222 |
|    clip_fraction        | 0.00176      |
|    clip_range           | 0.2          |
|    entropy_loss         | -0.0474      |
|    explained_variance   | 0.261        |
|    learning_rate        | 0.0003       |
|    loss                 | 1.3          |
|    n_updates            | 1940         |
|    policy_gradient_loss | -0.000525    |
|    value_loss           | 6.6          |
------------------------------------------
  step  300060/500000 ( 60.0%)  mean_rew=-0.009
-------------------------------------------
| time/                   |               |
|    fps                  | 332           |
|    iterations           | 81            |
|    time_elapsed         | 373           |
|    total_timesteps      | 301056        |
| train/                  |               |
|    approx_kl            | 0.00054387545 |
|    clip_fraction        | 0.00345       |
|    clip_range           | 0.2           |
|    entropy_loss         | -0.05         |
|    explained_variance   | 0.867         |
|    learning_rate        | 0.0003        |
|    loss                 | 0.0607        |
|    n_updates            | 1950          |
|    policy_gradient_loss | 0.000296      |
|    value_loss           | 0.958         |
-------------------------------------------
------------------------------------------
| time/                   |              |
|    fps                  | 334          |
|    iterations           | 82           |
|    time_elapsed         | 376          |
|    total_timesteps      | 302592       |
| train/                  |              |
|    approx_kl            | 0.0001341987 |
|    clip_fraction        | 0.00299      |
|    clip_range           | 0.2          |
|    entropy_loss         | -0.0255      |
|    explained_variance   | 0.319        |
|    learning_rate        | 0.0003       |
|    loss                 | 0.548        |
|    n_updates            | 1960         |
|    policy_gradient_loss | -0.000155    |
|    value_loss           | 2.94         |
------------------------------------------
  Stage 3 saved -> cologne3_ppo_stage3_75pct.zip

────────────────────────────────────────────────────────────
  Stage 4/4  100% demand  200000 steps  (cumulative -> 500000)
  Route: cologne3_rand_100pct.rou.xml
────────────────────────────────────────────────────────────
-------------------------------
| time/              |        |
|    fps             | 196    |
|    iterations      | 1      |
|    time_elapsed    | 7      |
|    total_timesteps | 304128 |
-------------------------------
  step  305061/500000 ( 61.0%)  mean_rew=-0.014
------------------------------------------
| time/                   |              |
|    fps                  | 176          |
|    iterations           | 2            |
|    time_elapsed         | 17           |
|    total_timesteps      | 305664       |
| train/                  |              |
|    approx_kl            | 0.0001492898 |
|    clip_fraction        | 0            |
|    clip_range           | 0.2          |
|    entropy_loss         | -0.149       |
|    explained_variance   | 0.857        |
|    learning_rate        | 0.0003       |
|    loss                 | 858          |
|    n_updates            | 1980         |
|    policy_gradient_loss | -0.000107    |
|    value_loss           | 2.24e+03     |
------------------------------------------
--------------------------------------------
| time/                   |                |
|    fps                  | 156            |
|    iterations           | 3              |
|    time_elapsed         | 29             |
|    total_timesteps      | 307200         |
| train/                  |                |
|    approx_kl            | 1.49937505e-05 |
|    clip_fraction        | 0              |
|    clip_range           | 0.2            |
|    entropy_loss         | -0.136         |
|    explained_variance   | 0.824          |
|    learning_rate        | 0.0003         |
|    loss                 | 995            |
|    n_updates            | 1990           |
|    policy_gradient_loss | 2.21e-05       |
|    value_loss           | 2.17e+03       |
--------------------------------------------
----------------------------------------
| time/                   |            |
|    fps                  | 154        |
|    iterations           | 4          |
|    time_elapsed         | 39         |
|    total_timesteps      | 308736     |
| train/                  |            |
|    approx_kl            | 0.00109561 |
|    clip_fraction        | 0.00866    |
|    clip_range           | 0.2        |
|    entropy_loss         | -0.228     |
|    explained_variance   | 0.809      |
|    learning_rate        | 0.0003     |
|    loss                 | 1.16e+03   |
|    n_updates            | 2000       |
|    policy_gradient_loss | -0.000631  |
|    value_loss           | 2.56e+03   |
----------------------------------------
  step  310062/500000 ( 62.0%)  mean_rew=-0.782
-------------------------------------------
| time/                   |               |
|    fps                  | 165           |
|    iterations           | 5             |
|    time_elapsed         | 46            |
|    total_timesteps      | 310272        |
| train/                  |               |
|    approx_kl            | 1.9135807e-05 |
|    clip_fraction        | 0             |
|    clip_range           | 0.2           |
|    entropy_loss         | -0.206        |
|    explained_variance   | 0.883         |
|    learning_rate        | 0.0003        |
|    loss                 | 1.28e+03      |
|    n_updates            | 2010          |
|    policy_gradient_loss | -8.49e-06     |
|    value_loss           | 2.75e+03      |
-------------------------------------------
-------------------------------------------
| time/                   |               |
|    fps                  | 165           |
|    iterations           | 6             |
|    time_elapsed         | 55            |
|    total_timesteps      | 311808        |
| train/                  |               |
|    approx_kl            | 8.4342355e-05 |
|    clip_fraction        | 0             |
|    clip_range           | 0.2           |
|    entropy_loss         | -0.0898       |
|    explained_variance   | 0.771         |
|    learning_rate        | 0.0003        |
|    loss                 | 576           |
|    n_updates            | 2020          |
|    policy_gradient_loss | -8.86e-05     |
|    value_loss           | 1.39e+03      |
-------------------------------------------
-----------------------------------------
| time/                   |             |
|    fps                  | 155         |
|    iterations           | 7           |
|    time_elapsed         | 69          |
|    total_timesteps      | 313344      |
| train/                  |             |
|    approx_kl            | 0.001096822 |
|    clip_fraction        | 6.51e-05    |
|    clip_range           | 0.2         |
|    entropy_loss         | -0.178      |
|    explained_variance   | 0.805       |
|    learning_rate        | 0.0003      |
|    loss                 | 1.4e+03     |
|    n_updates            | 2030        |
|    policy_gradient_loss | -0.000401   |
|    value_loss           | 2.3e+03     |
-----------------------------------------
-------------------------------------------
| time/                   |               |
|    fps                  | 158           |
|    iterations           | 8             |
|    time_elapsed         | 77            |
|    total_timesteps      | 314880        |
| train/                  |               |
|    approx_kl            | 2.0924062e-05 |
|    clip_fraction        | 0             |
|    clip_range           | 0.2           |
|    entropy_loss         | -0.251        |
|    explained_variance   | 0.534         |
|    learning_rate        | 0.0003        |
|    loss                 | 1.33e+03      |
|    n_updates            | 2040          |
|    policy_gradient_loss | 9.52e-06      |
|    value_loss           | 2.89e+03      |
-------------------------------------------
  step  315063/500000 ( 63.0%)  mean_rew=-5.000
-------------------------------------------
| time/                   |               |
|    fps                  | 158           |
|    iterations           | 9             |
|    time_elapsed         | 87            |
|    total_timesteps      | 316416        |
| train/                  |               |
|    approx_kl            | 0.00088995066 |
|    clip_fraction        | 0.00892       |
|    clip_range           | 0.2           |
|    entropy_loss         | -0.165        |
|    explained_variance   | 0.667         |
|    learning_rate        | 0.0003        |
|    loss                 | 1.05e+03      |
|    n_updates            | 2050          |
|    policy_gradient_loss | -0.000435     |
|    value_loss           | 2.27e+03      |
-------------------------------------------
------------------------------------------
| time/                   |              |
|    fps                  | 153          |
|    iterations           | 10           |
|    time_elapsed         | 99           |
|    total_timesteps      | 317952       |
| train/                  |              |
|    approx_kl            | 0.0011550137 |
|    clip_fraction        | 0.0102       |
|    clip_range           | 0.2          |
|    entropy_loss         | -0.148       |
|    explained_variance   | 0.706        |
|    learning_rate        | 0.0003       |
|    loss                 | 898          |
|    n_updates            | 2060         |
|    policy_gradient_loss | -0.00108     |
|    value_loss           | 2.04e+03     |
------------------------------------------
------------------------------------------
| time/                   |              |
|    fps                  | 153          |
|    iterations           | 11           |
|    time_elapsed         | 110          |
|    total_timesteps      | 319488       |
| train/                  |              |
|    approx_kl            | 0.0013436428 |
|    clip_fraction        | 0.0174       |
|    clip_range           | 0.2          |
|    entropy_loss         | -0.244       |
|    explained_variance   | 0.67         |
|    learning_rate        | 0.0003       |
|    loss                 | 1.24e+03     |
|    n_updates            | 2070         |
|    policy_gradient_loss | -0.000845    |
|    value_loss           | 2.49e+03     |
------------------------------------------
  step  320064/500000 ( 64.0%)  mean_rew=-0.209
-------------------------------------------
| time/                   |               |
|    fps                  | 154           |
|    iterations           | 12            |
|    time_elapsed         | 119           |
|    total_timesteps      | 321024        |
| train/                  |               |
|    approx_kl            | 0.00090856245 |
|    clip_fraction        | 0             |
|    clip_range           | 0.2           |
|    entropy_loss         | -0.196        |
|    explained_variance   | 0.846         |
|    learning_rate        | 0.0003        |
|    loss                 | 1.12e+03      |
|    n_updates            | 2080          |
|    policy_gradient_loss | -0.000222     |
|    value_loss           | 2.32e+03      |
-------------------------------------------
-----------------------------------------
| time/                   |             |
|    fps                  | 153         |
|    iterations           | 13          |
|    time_elapsed         | 130         |
|    total_timesteps      | 322560      |
| train/                  |             |
|    approx_kl            | 0.001254869 |
|    clip_fraction        | 0.0223      |
|    clip_range           | 0.2         |
|    entropy_loss         | -0.162      |
|    explained_variance   | 0.735       |
|    learning_rate        | 0.0003      |
|    loss                 | 1.07e+03    |
|    n_updates            | 2090        |
|    policy_gradient_loss | -0.00205    |
|    value_loss           | 1.99e+03    |
-----------------------------------------
------------------------------------------
| time/                   |              |
|    fps                  | 154          |
|    iterations           | 14           |
|    time_elapsed         | 139          |
|    total_timesteps      | 324096       |
| train/                  |              |
|    approx_kl            | 0.0015330622 |
|    clip_fraction        | 0.0109       |
|    clip_range           | 0.2          |
|    entropy_loss         | -0.163       |
|    explained_variance   | 0.737        |
|    learning_rate        | 0.0003       |
|    loss                 | 1.01e+03     |
|    n_updates            | 2100         |
|    policy_gradient_loss | -0.00151     |
|    value_loss           | 1.97e+03     |
------------------------------------------
  step  325065/500000 ( 65.0%)  mean_rew=-4.132
-------------------------------------------
| time/                   |               |
|    fps                  | 155           |
|    iterations           | 15            |
|    time_elapsed         | 147           |
|    total_timesteps      | 325632        |
| train/                  |               |
|    approx_kl            | 0.00010482703 |
|    clip_fraction        | 0             |
|    clip_range           | 0.2           |
|    entropy_loss         | -0.182        |
|    explained_variance   | 0.863         |
|    learning_rate        | 0.0003        |
|    loss                 | 949           |
|    n_updates            | 2110          |
|    policy_gradient_loss | -1.5e-05      |
|    value_loss           | 2.06e+03      |
-------------------------------------------
-----------------------------------------
| time/                   |             |
|    fps                  | 155         |
|    iterations           | 16          |
|    time_elapsed         | 157         |
|    total_timesteps      | 327168      |
| train/                  |             |
|    approx_kl            | 0.001254437 |
|    clip_fraction        | 0.0134      |
|    clip_range           | 0.2         |
|    entropy_loss         | -0.163      |
|    explained_variance   | 0.756       |
|    learning_rate        | 0.0003      |
|    loss                 | 838         |
|    n_updates            | 2120        |
|    policy_gradient_loss | -0.00134    |
|    value_loss           | 2.08e+03    |
-----------------------------------------
------------------------------------------
| time/                   |              |
|    fps                  | 153          |
|    iterations           | 17           |
|    time_elapsed         | 170          |
|    total_timesteps      | 328704       |
| train/                  |              |
|    approx_kl            | 0.0010734808 |
|    clip_fraction        | 0.00163      |
|    clip_range           | 0.2          |
|    entropy_loss         | -0.146       |
|    explained_variance   | 0.761        |
|    learning_rate        | 0.0003       |
|    loss                 | 892          |
|    n_updates            | 2130         |
|    policy_gradient_loss | -0.000427    |
|    value_loss           | 1.97e+03     |
------------------------------------------
  step  330066/500000 ( 66.0%)  mean_rew=-5.000
-----------------------------------------
| time/                   |             |
|    fps                  | 153         |
|    iterations           | 18          |
|    time_elapsed         | 180         |
|    total_timesteps      | 330240      |
| train/                  |             |
|    approx_kl            | 0.001212578 |
|    clip_fraction        | 0.0113      |
|    clip_range           | 0.2         |
|    entropy_loss         | -0.238      |
|    explained_variance   | 0.685       |
|    learning_rate        | 0.0003      |
|    loss                 | 1.16e+03    |
|    n_updates            | 2140        |
|    policy_gradient_loss | -0.00046    |
|    value_loss           | 2.42e+03    |
-----------------------------------------
------------------------------------------
| time/                   |              |
|    fps                  | 154          |
|    iterations           | 19           |
|    time_elapsed         | 189          |
|    total_timesteps      | 331776       |
| train/                  |              |
|    approx_kl            | 0.0034466293 |
|    clip_fraction        | 0.0218       |
|    clip_range           | 0.2          |
|    entropy_loss         | -0.21        |
|    explained_variance   | 0.871        |
|    learning_rate        | 0.0003       |
|    loss                 | 1.02e+03     |
|    n_updates            | 2150         |
|    policy_gradient_loss | -0.000866    |
|    value_loss           | 2.1e+03      |
------------------------------------------
------------------------------------------
| time/                   |              |
|    fps                  | 153          |
|    iterations           | 20           |
|    time_elapsed         | 199          |
|    total_timesteps      | 333312       |
| train/                  |              |
|    approx_kl            | 0.0006200651 |
|    clip_fraction        | 0.00189      |
|    clip_range           | 0.2          |
|    entropy_loss         | -0.159       |
|    explained_variance   | 0.772        |
|    learning_rate        | 0.0003       |
|    loss                 | 934          |
|    n_updates            | 2160         |
|    policy_gradient_loss | -4.86e-05    |
|    value_loss           | 1.85e+03     |
------------------------------------------
-----------------------------------------
| time/                   |             |
|    fps                  | 152         |
|    iterations           | 21          |
|    time_elapsed         | 211         |
|    total_timesteps      | 334848      |
| train/                  |             |
|    approx_kl            | 0.001592405 |
|    clip_fraction        | 0           |
|    clip_range           | 0.2         |
|    entropy_loss         | -0.252      |
|    explained_variance   | 0.772       |
|    learning_rate        | 0.0003      |
|    loss                 | 1.13e+03    |
|    n_updates            | 2170        |
|    policy_gradient_loss | 4.41e-05    |
|    value_loss           | 2.05e+03    |
-----------------------------------------
  step  335067/500000 ( 67.0%)  mean_rew=-3.128
------------------------------------------
| time/                   |              |
|    fps                  | 153          |
|    iterations           | 22           |
|    time_elapsed         | 220          |
|    total_timesteps      | 336384       |
| train/                  |              |
|    approx_kl            | 0.0023007952 |
|    clip_fraction        | 0.0409       |
|    clip_range           | 0.2          |
|    entropy_loss         | -0.293       |
|    explained_variance   | 0.881        |
|    learning_rate        | 0.0003       |
|    loss                 | 1.03e+03     |
|    n_updates            | 2180         |
|    policy_gradient_loss | -0.00197     |
|    value_loss           | 2.26e+03     |
------------------------------------------
------------------------------------------
| time/                   |              |
|    fps                  | 153          |
|    iterations           | 23           |
|    time_elapsed         | 230          |
|    total_timesteps      | 337920       |
| train/                  |              |
|    approx_kl            | 0.0015476355 |
|    clip_fraction        | 0.00488      |
|    clip_range           | 0.2          |
|    entropy_loss         | -0.18        |
|    explained_variance   | 0.725        |
|    learning_rate        | 0.0003       |
|    loss                 | 1.17e+03     |
|    n_updates            | 2190         |
|    policy_gradient_loss | -0.000451    |
|    value_loss           | 1.99e+03     |
------------------------------------------
------------------------------------------
| time/                   |              |
|    fps                  | 150          |
|    iterations           | 24           |
|    time_elapsed         | 245          |
|    total_timesteps      | 339456       |
| train/                  |              |
|    approx_kl            | 0.0019990816 |
|    clip_fraction        | 0.0174       |
|    clip_range           | 0.2          |
|    entropy_loss         | -0.181       |
|    explained_variance   | 0.715        |
|    learning_rate        | 0.0003       |
|    loss                 | 1.06e+03     |
|    n_updates            | 2200         |
|    policy_gradient_loss | -0.00105     |
|    value_loss           | 2.19e+03     |
------------------------------------------
  step  340068/500000 ( 68.0%)  mean_rew=-4.954
------------------------------------------
| time/                   |              |
|    fps                  | 149          |
|    iterations           | 25           |
|    time_elapsed         | 256          |
|    total_timesteps      | 340992       |
| train/                  |              |
|    approx_kl            | 0.0023365153 |
|    clip_fraction        | 0.0266       |
|    clip_range           | 0.2          |
|    entropy_loss         | -0.22        |
|    explained_variance   | 0.608        |
|    learning_rate        | 0.0003       |
|    loss                 | 1.18e+03     |
|    n_updates            | 2210         |
|    policy_gradient_loss | -0.00149     |
|    value_loss           | 2.37e+03     |
------------------------------------------
------------------------------------------
| time/                   |              |
|    fps                  | 150          |
|    iterations           | 26           |
|    time_elapsed         | 266          |
|    total_timesteps      | 342528       |
| train/                  |              |
|    approx_kl            | 0.0019535257 |
|    clip_fraction        | 0.0289       |
|    clip_range           | 0.2          |
|    entropy_loss         | -0.217       |
|    explained_variance   | 0.882        |
|    learning_rate        | 0.0003       |
|    loss                 | 997          |
|    n_updates            | 2220         |
|    policy_gradient_loss | -0.00107     |
|    value_loss           | 2.07e+03     |
------------------------------------------
------------------------------------------
| time/                   |              |
|    fps                  | 149          |
|    iterations           | 27           |
|    time_elapsed         | 277          |
|    total_timesteps      | 344064       |
| train/                  |              |
|    approx_kl            | 0.0010002368 |
|    clip_fraction        | 0.00234      |
|    clip_range           | 0.2          |
|    entropy_loss         | -0.14        |
|    explained_variance   | 0.697        |
|    learning_rate        | 0.0003       |
|    loss                 | 871          |
|    n_updates            | 2230         |
|    policy_gradient_loss | -0.000342    |
|    value_loss           | 1.95e+03     |
------------------------------------------
  step  345069/500000 ( 69.0%)  mean_rew=-5.000
------------------------------------------
| time/                   |              |
|    fps                  | 147          |
|    iterations           | 28           |
|    time_elapsed         | 291          |
|    total_timesteps      | 345600       |
| train/                  |              |
|    approx_kl            | 0.0007163196 |
|    clip_fraction        | 0.0099       |
|    clip_range           | 0.2          |
|    entropy_loss         | -0.221       |
|    explained_variance   | 0.689        |
|    learning_rate        | 0.0003       |
|    loss                 | 917          |
|    n_updates            | 2240         |
|    policy_gradient_loss | -0.000431    |
|    value_loss           | 2.2e+03      |
------------------------------------------
------------------------------------------
| time/                   |              |
|    fps                  | 148          |
|    iterations           | 29           |
|    time_elapsed         | 300          |
|    total_timesteps      | 347136       |
| train/                  |              |
|    approx_kl            | 0.0012433849 |
|    clip_fraction        | 0.0158       |
|    clip_range           | 0.2          |
|    entropy_loss         | -0.276       |
|    explained_variance   | 0.846        |
|    learning_rate        | 0.0003       |
|    loss                 | 942          |
|    n_updates            | 2250         |
|    policy_gradient_loss | -0.00096     |
|    value_loss           | 2.04e+03     |
------------------------------------------
------------------------------------------
| time/                   |              |
|    fps                  | 148          |
|    iterations           | 30           |
|    time_elapsed         | 310          |
|    total_timesteps      | 348672       |
| train/                  |              |
|    approx_kl            | 0.0012855497 |
|    clip_fraction        | 0.0109       |
|    clip_range           | 0.2          |
|    entropy_loss         | -0.158       |
|    explained_variance   | 0.577        |
|    learning_rate        | 0.0003       |
|    loss                 | 931          |
|    n_updates            | 2260         |
|    policy_gradient_loss | -0.000862    |
|    value_loss           | 1.94e+03     |
------------------------------------------
  step  350070/500000 ( 70.0%)  mean_rew=-5.000
-----------------------------------------
| time/                   |             |
|    fps                  | 147         |
|    iterations           | 31          |
|    time_elapsed         | 323         |
|    total_timesteps      | 350208      |
| train/                  |             |
|    approx_kl            | 0.001226491 |
|    clip_fraction        | 0.0113      |
|    clip_range           | 0.2         |
|    entropy_loss         | -0.151      |
|    explained_variance   | 0.674       |
|    learning_rate        | 0.0003      |
|    loss                 | 994         |
|    n_updates            | 2270        |
|    policy_gradient_loss | -0.000921   |
|    value_loss           | 1.85e+03    |
-----------------------------------------
------------------------------------------
| time/                   |              |
|    fps                  | 148          |
|    iterations           | 32           |
|    time_elapsed         | 330          |
|    total_timesteps      | 351744       |
| train/                  |              |
|    approx_kl            | 0.0011506443 |
|    clip_fraction        | 0.0217       |
|    clip_range           | 0.2          |
|    entropy_loss         | -0.252       |
|    explained_variance   | 0.495        |
|    learning_rate        | 0.0003       |
|    loss                 | 1e+03        |
|    n_updates            | 2280         |
|    policy_gradient_loss | -0.00117     |
|    value_loss           | 2.36e+03     |
------------------------------------------
------------------------------------------
| time/                   |              |
|    fps                  | 150          |
|    iterations           | 33           |
|    time_elapsed         | 337          |
|    total_timesteps      | 353280       |
| train/                  |              |
|    approx_kl            | 0.0015751049 |
|    clip_fraction        | 0.0146       |
|    clip_range           | 0.2          |
|    entropy_loss         | -0.117       |
|    explained_variance   | 0.81         |
|    learning_rate        | 0.0003       |
|    loss                 | 551          |
|    n_updates            | 2290         |
|    policy_gradient_loss | -0.000398    |
|    value_loss           | 1.2e+03      |
------------------------------------------
------------------------------------------
| time/                   |              |
|    fps                  | 150          |
|    iterations           | 34           |
|    time_elapsed         | 347          |
|    total_timesteps      | 354816       |
| train/                  |              |
|    approx_kl            | 0.0013366832 |
|    clip_fraction        | 0.00833      |
|    clip_range           | 0.2          |
|    entropy_loss         | -0.115       |
|    explained_variance   | 0.755        |
|    learning_rate        | 0.0003       |
|    loss                 | 350          |
|    n_updates            | 2300         |
|    policy_gradient_loss | -0.000772    |
|    value_loss           | 1.44e+03     |
------------------------------------------
  step  355071/500000 ( 71.0%)  mean_rew=-2.319
------------------------------------------
| time/                   |              |
|    fps                  | 149          |
|    iterations           | 35           |
|    time_elapsed         | 358          |
|    total_timesteps      | 356352       |
| train/                  |              |
|    approx_kl            | 0.0021061723 |
|    clip_fraction        | 0.0128       |
|    clip_range           | 0.2          |
|    entropy_loss         | -0.199       |
|    explained_variance   | 0.764        |
|    learning_rate        | 0.0003       |
|    loss                 | 1.07e+03     |
|    n_updates            | 2310         |
|    policy_gradient_loss | -0.000322    |
|    value_loss           | 2.04e+03     |
------------------------------------------
------------------------------------------
| time/                   |              |
|    fps                  | 150          |
|    iterations           | 36           |
|    time_elapsed         | 367          |
|    total_timesteps      | 357888       |
| train/                  |              |
|    approx_kl            | 0.0018175765 |
|    clip_fraction        | 0.00352      |
|    clip_range           | 0.2          |
|    entropy_loss         | -0.212       |
|    explained_variance   | 0.896        |
|    learning_rate        | 0.0003       |
|    loss                 | 789          |
|    n_updates            | 2320         |
|    policy_gradient_loss | -0.000146    |
|    value_loss           | 1.83e+03     |
------------------------------------------
------------------------------------------
| time/                   |              |
|    fps                  | 150          |
|    iterations           | 37           |
|    time_elapsed         | 378          |
|    total_timesteps      | 359424       |
| train/                  |              |
|    approx_kl            | 0.0012782885 |
|    clip_fraction        | 0.0189       |
|    clip_range           | 0.2          |
|    entropy_loss         | -0.145       |
|    explained_variance   | 0.729        |
|    learning_rate        | 0.0003       |
|    loss                 | 1.07e+03     |
|    n_updates            | 2330         |
|    policy_gradient_loss | -0.00143     |
|    value_loss           | 2.02e+03     |
------------------------------------------
  step  360072/500000 ( 72.0%)  mean_rew=-5.000
------------------------------------------
| time/                   |              |
|    fps                  | 149          |
|    iterations           | 38           |
|    time_elapsed         | 391          |
|    total_timesteps      | 360960       |
| train/                  |              |
|    approx_kl            | 2.624277e-05 |
|    clip_fraction        | 0            |
|    clip_range           | 0.2          |
|    entropy_loss         | -0.132       |
|    explained_variance   | 0.75         |
|    learning_rate        | 0.0003       |
|    loss                 | 892          |
|    n_updates            | 2340         |
|    policy_gradient_loss | 0.000145     |
|    value_loss           | 1.93e+03     |
------------------------------------------
------------------------------------------
| time/                   |              |
|    fps                  | 149          |
|    iterations           | 39           |
|    time_elapsed         | 400          |
|    total_timesteps      | 362496       |
| train/                  |              |
|    approx_kl            | 0.0012242586 |
|    clip_fraction        | 0.0112       |
|    clip_range           | 0.2          |
|    entropy_loss         | -0.236       |
|    explained_variance   | 0.404        |
|    learning_rate        | 0.0003       |
|    loss                 | 1.05e+03     |
|    n_updates            | 2350         |
|    policy_gradient_loss | -0.000448    |
|    value_loss           | 2.33e+03     |
------------------------------------------
-------------------------------------------
| time/                   |               |
|    fps                  | 149           |
|    iterations           | 40            |
|    time_elapsed         | 409           |
|    total_timesteps      | 364032        |
| train/                  |               |
|    approx_kl            | 0.00026738536 |
|    clip_fraction        | 0             |
|    clip_range           | 0.2           |
|    entropy_loss         | -0.157        |
|    explained_variance   | 0.854         |
|    learning_rate        | 0.0003        |
|    loss                 | 719           |
|    n_updates            | 2360          |
|    policy_gradient_loss | -1.91e-05     |
|    value_loss           | 1.5e+03       |
-------------------------------------------
  step  365073/500000 ( 73.0%)  mean_rew=-5.000
------------------------------------------
| time/                   |              |
|    fps                  | 149          |
|    iterations           | 41           |
|    time_elapsed         | 421          |
|    total_timesteps      | 365568       |
| train/                  |              |
|    approx_kl            | 0.0003162713 |
|    clip_fraction        | 0            |
|    clip_range           | 0.2          |
|    entropy_loss         | -0.142       |
|    explained_variance   | 0.746        |
|    learning_rate        | 0.0003       |
|    loss                 | 1.03e+03     |
|    n_updates            | 2370         |
|    policy_gradient_loss | 5.83e-05     |
|    value_loss           | 2e+03        |
------------------------------------------
------------------------------------------
| time/                   |              |
|    fps                  | 148          |
|    iterations           | 42           |
|    time_elapsed         | 434          |
|    total_timesteps      | 367104       |
| train/                  |              |
|    approx_kl            | 0.0016433728 |
|    clip_fraction        | 0.029        |
|    clip_range           | 0.2          |
|    entropy_loss         | -0.199       |
|    explained_variance   | 0.693        |
|    learning_rate        | 0.0003       |
|    loss                 | 1.19e+03     |
|    n_updates            | 2380         |
|    policy_gradient_loss | -0.00204     |
|    value_loss           | 2.2e+03      |
------------------------------------------
------------------------------------------
| time/                   |              |
|    fps                  | 148          |
|    iterations           | 43           |
|    time_elapsed         | 443          |
|    total_timesteps      | 368640       |
| train/                  |              |
|    approx_kl            | 7.730466e-05 |
|    clip_fraction        | 0            |
|    clip_range           | 0.2          |
|    entropy_loss         | -0.203       |
|    explained_variance   | 0.899        |
|    learning_rate        | 0.0003       |
|    loss                 | 791          |
|    n_updates            | 2390         |
|    policy_gradient_loss | 3.48e-05     |
|    value_loss           | 1.65e+03     |
------------------------------------------
  step  370074/500000 ( 74.0%)  mean_rew=-1.097
------------------------------------------
| time/                   |              |
|    fps                  | 148          |
|    iterations           | 44           |
|    time_elapsed         | 453          |
|    total_timesteps      | 370176       |
| train/                  |              |
|    approx_kl            | 0.0011016962 |
|    clip_fraction        | 0.00163      |
|    clip_range           | 0.2          |
|    entropy_loss         | -0.132       |
|    explained_variance   | 0.697        |
|    learning_rate        | 0.0003       |
|    loss                 | 1.1e+03      |
|    n_updates            | 2400         |
|    policy_gradient_loss | -0.0001      |
|    value_loss           | 1.99e+03     |
------------------------------------------
-------------------------------------------
| time/                   |               |
|    fps                  | 147           |
|    iterations           | 45            |
|    time_elapsed         | 467           |
|    total_timesteps      | 371712        |
| train/                  |               |
|    approx_kl            | 0.00062885735 |
|    clip_fraction        | 0.00866       |
|    clip_range           | 0.2           |
|    entropy_loss         | -0.138        |
|    explained_variance   | 0.738         |
|    learning_rate        | 0.0003        |
|    loss                 | 889           |
|    n_updates            | 2410          |
|    policy_gradient_loss | 8.33e-06      |
|    value_loss           | 1.95e+03      |
-------------------------------------------
------------------------------------------
| time/                   |              |
|    fps                  | 148          |
|    iterations           | 46           |
|    time_elapsed         | 477          |
|    total_timesteps      | 373248       |
| train/                  |              |
|    approx_kl            | 0.0009975444 |
|    clip_fraction        | 0.00365      |
|    clip_range           | 0.2          |
|    entropy_loss         | -0.205       |
|    explained_variance   | 0.0689       |
|    learning_rate        | 0.0003       |
|    loss                 | 1.25e+03     |
|    n_updates            | 2420         |
|    policy_gradient_loss | 7.42e-05     |
|    value_loss           | 2.29e+03     |
------------------------------------------
------------------------------------------
| time/                   |              |
|    fps                  | 148          |
|    iterations           | 47           |
|    time_elapsed         | 485          |
|    total_timesteps      | 374784       |
| train/                  |              |
|    approx_kl            | 0.0010466154 |
|    clip_fraction        | 0.0156       |
|    clip_range           | 0.2          |
|    entropy_loss         | -0.167       |
|    explained_variance   | 0.841        |
|    learning_rate        | 0.0003       |
|    loss                 | 768          |
|    n_updates            | 2430         |
|    policy_gradient_loss | -0.000171    |
|    value_loss           | 1.41e+03     |
------------------------------------------
  step  375075/500000 ( 75.0%)  mean_rew=-3.454
-------------------------------------------
| time/                   |               |
|    fps                  | 148           |
|    iterations           | 48            |
|    time_elapsed         | 495           |
|    total_timesteps      | 376320        |
| train/                  |               |
|    approx_kl            | 0.00020353888 |
|    clip_fraction        | 0.00475       |
|    clip_range           | 0.2           |
|    entropy_loss         | -0.0877       |
|    explained_variance   | 0.656         |
|    learning_rate        | 0.0003        |
|    loss                 | 313           |
|    n_updates            | 2440          |
|    policy_gradient_loss | -0.000776     |
|    value_loss           | 1.67e+03      |
-------------------------------------------
------------------------------------------
| time/                   |              |
|    fps                  | 147          |
|    iterations           | 49           |
|    time_elapsed         | 508          |
|    total_timesteps      | 377856       |
| train/                  |              |
|    approx_kl            | 4.271542e-05 |
|    clip_fraction        | 0.00215      |
|    clip_range           | 0.2          |
|    entropy_loss         | -0.175       |
|    explained_variance   | 0.689        |
|    learning_rate        | 0.0003       |
|    loss                 | 1.12e+03     |
|    n_updates            | 2450         |
|    policy_gradient_loss | 6.97e-05     |
|    value_loss           | 2.13e+03     |
------------------------------------------
-----------------------------------------
| time/                   |             |
|    fps                  | 147         |
|    iterations           | 50          |
|    time_elapsed         | 519         |
|    total_timesteps      | 379392      |
| train/                  |             |
|    approx_kl            | 0.001307083 |
|    clip_fraction        | 0.0097      |
|    clip_range           | 0.2         |
|    entropy_loss         | -0.203      |
|    explained_variance   | 0.904       |
|    learning_rate        | 0.0003      |
|    loss                 | 655         |
|    n_updates            | 2460        |
|    policy_gradient_loss | -0.000226   |
|    value_loss           | 1.45e+03    |
-----------------------------------------
  step  380076/500000 ( 76.0%)  mean_rew=-5.000
-------------------------------------------
| time/                   |               |
|    fps                  | 147           |
|    iterations           | 51            |
|    time_elapsed         | 530           |
|    total_timesteps      | 380928        |
| train/                  |               |
|    approx_kl            | 0.00023556598 |
|    clip_fraction        | 0.00775       |
|    clip_range           | 0.2           |
|    entropy_loss         | -0.177        |
|    explained_variance   | 0.672         |
|    learning_rate        | 0.0003        |
|    loss                 | 900           |
|    n_updates            | 2470          |
|    policy_gradient_loss | -0.000116     |
|    value_loss           | 2.09e+03      |
-------------------------------------------
------------------------------------------
| time/                   |              |
|    fps                  | 147          |
|    iterations           | 52           |
|    time_elapsed         | 543          |
|    total_timesteps      | 382464       |
| train/                  |              |
|    approx_kl            | 0.0006603333 |
|    clip_fraction        | 0.00365      |
|    clip_range           | 0.2          |
|    entropy_loss         | -0.138       |
|    explained_variance   | 0.714        |
|    learning_rate        | 0.0003       |
|    loss                 | 589          |
|    n_updates            | 2480         |
|    policy_gradient_loss | -0.000104    |
|    value_loss           | 1.96e+03     |
------------------------------------------
-----------------------------------------
| time/                   |             |
|    fps                  | 146         |
|    iterations           | 53          |
|    time_elapsed         | 553         |
|    total_timesteps      | 384000      |
| train/                  |             |
|    approx_kl            | 0.002069744 |
|    clip_fraction        | 0.0354      |
|    clip_range           | 0.2         |
|    entropy_loss         | -0.199      |
|    explained_variance   | 0.888       |
|    learning_rate        | 0.0003      |
|    loss                 | 632         |
|    n_updates            | 2490        |
|    policy_gradient_loss | -0.000855   |
|    value_loss           | 1.38e+03    |
-----------------------------------------
  step  385077/500000 ( 77.0%)  mean_rew=-0.024
------------------------------------------
| time/                   |              |
|    fps                  | 147          |
|    iterations           | 54           |
|    time_elapsed         | 563          |
|    total_timesteps      | 385536       |
| train/                  |              |
|    approx_kl            | 0.0012141409 |
|    clip_fraction        | 0.0134       |
|    clip_range           | 0.2          |
|    entropy_loss         | -0.135       |
|    explained_variance   | 0.635        |
|    learning_rate        | 0.0003       |
|    loss                 | 974          |
|    n_updates            | 2500         |
|    policy_gradient_loss | -0.000689    |
|    value_loss           | 2.14e+03     |
------------------------------------------
-------------------------------------------
| time/                   |               |
|    fps                  | 146           |
|    iterations           | 55            |
|    time_elapsed         | 576           |
|    total_timesteps      | 387072        |
| train/                  |               |
|    approx_kl            | 2.2900136e-05 |
|    clip_fraction        | 0.00104       |
|    clip_range           | 0.2           |
|    entropy_loss         | -0.0987       |
|    explained_variance   | 0.685         |
|    learning_rate        | 0.0003        |
|    loss                 | 916           |
|    n_updates            | 2510          |
|    policy_gradient_loss | -0.000124     |
|    value_loss           | 1.98e+03      |
-------------------------------------------
------------------------------------------
| time/                   |              |
|    fps                  | 146          |
|    iterations           | 56           |
|    time_elapsed         | 586          |
|    total_timesteps      | 388608       |
| train/                  |              |
|    approx_kl            | 0.0008885612 |
|    clip_fraction        | 0.00339      |
|    clip_range           | 0.2          |
|    entropy_loss         | -0.144       |
|    explained_variance   | 0.658        |
|    learning_rate        | 0.0003       |
|    loss                 | 899          |
|    n_updates            | 2520         |
|    policy_gradient_loss | -0.000226    |
|    value_loss           | 2.03e+03     |
------------------------------------------
  step  390078/500000 ( 78.0%)  mean_rew=-5.000
-------------------------------------------
| time/                   |               |
|    fps                  | 147           |
|    iterations           | 57            |
|    time_elapsed         | 595           |
|    total_timesteps      | 390144        |
| train/                  |               |
|    approx_kl            | 0.00080851326 |
|    clip_fraction        | 0.00384       |
|    clip_range           | 0.2           |
|    entropy_loss         | -0.117        |
|    explained_variance   | 0.901         |
|    learning_rate        | 0.0003        |
|    loss                 | 632           |
|    n_updates            | 2530          |
|    policy_gradient_loss | -0.000434     |
|    value_loss           | 1.36e+03      |
-------------------------------------------
------------------------------------------
| time/                   |              |
|    fps                  | 146          |
|    iterations           | 58           |
|    time_elapsed         | 607          |
|    total_timesteps      | 391680       |
| train/                  |              |
|    approx_kl            | 0.0012650201 |
|    clip_fraction        | 0.0182       |
|    clip_range           | 0.2          |
|    entropy_loss         | -0.118       |
|    explained_variance   | 0.766        |
|    learning_rate        | 0.0003       |
|    loss                 | 466          |
|    n_updates            | 2540         |
|    policy_gradient_loss | -0.00249     |
|    value_loss           | 2.08e+03     |
------------------------------------------
-------------------------------------------
| time/                   |               |
|    fps                  | 145           |
|    iterations           | 59            |
|    time_elapsed         | 621           |
|    total_timesteps      | 393216        |
| train/                  |               |
|    approx_kl            | 0.00086935563 |
|    clip_fraction        | 0.00768       |
|    clip_range           | 0.2           |
|    entropy_loss         | -0.104        |
|    explained_variance   | 0.743         |
|    learning_rate        | 0.0003        |
|    loss                 | 1.37e+03      |
|    n_updates            | 2550          |
|    policy_gradient_loss | -0.000366     |
|    value_loss           | 2.13e+03      |
-------------------------------------------
-----------------------------------------
| time/                   |             |
|    fps                  | 146         |
|    iterations           | 60          |
|    time_elapsed         | 630         |
|    total_timesteps      | 394752      |
| train/                  |             |
|    approx_kl            | 7.28205e-05 |
|    clip_fraction        | 0.00885     |
|    clip_range           | 0.2         |
|    entropy_loss         | -0.145      |
|    explained_variance   | -0.0109     |
|    learning_rate        | 0.0003      |
|    loss                 | 550         |
|    n_updates            | 2560        |
|    policy_gradient_loss | -6.23e-05   |
|    value_loss           | 1.21e+03    |
-----------------------------------------
  step  395079/500000 ( 79.0%)  mean_rew=-5.000
------------------------------------------
| time/                   |              |
|    fps                  | 145          |
|    iterations           | 61           |
|    time_elapsed         | 641          |
|    total_timesteps      | 396288       |
| train/                  |              |
|    approx_kl            | 0.0006847598 |
|    clip_fraction        | 0.0131       |
|    clip_range           | 0.2          |
|    entropy_loss         | -0.126       |
|    explained_variance   | 0.705        |
|    learning_rate        | 0.0003       |
|    loss                 | 885          |
|    n_updates            | 2570         |
|    policy_gradient_loss | -0.000885    |
|    value_loss           | 2.21e+03     |
------------------------------------------
------------------------------------------
| time/                   |              |
|    fps                  | 145          |
|    iterations           | 62           |
|    time_elapsed         | 656          |
|    total_timesteps      | 397824       |
| train/                  |              |
|    approx_kl            | 0.0006123614 |
|    clip_fraction        | 0.00892      |
|    clip_range           | 0.2          |
|    entropy_loss         | -0.125       |
|    explained_variance   | 0.704        |
|    learning_rate        | 0.0003       |
|    loss                 | 1.17e+03     |
|    n_updates            | 2580         |
|    policy_gradient_loss | -0.00041     |
|    value_loss           | 2.2e+03      |
------------------------------------------
------------------------------------------
| time/                   |              |
|    fps                  | 145          |
|    iterations           | 63           |
|    time_elapsed         | 666          |
|    total_timesteps      | 399360       |
| train/                  |              |
|    approx_kl            | 0.0005912557 |
|    clip_fraction        | 0.00892      |
|    clip_range           | 0.2          |
|    entropy_loss         | -0.0987      |
|    explained_variance   | 0.648        |
|    learning_rate        | 0.0003       |
|    loss                 | 1.22e+03     |
|    n_updates            | 2590         |
|    policy_gradient_loss | -0.000495    |
|    value_loss           | 2.07e+03     |
------------------------------------------
  step  400080/500000 ( 80.0%)  mean_rew=-0.013
-------------------------------------------
| time/                   |               |
|    fps                  | 145           |
|    iterations           | 64            |
|    time_elapsed         | 675           |
|    total_timesteps      | 400896        |
| train/                  |               |
|    approx_kl            | 0.00015294296 |
|    clip_fraction        | 0             |
|    clip_range           | 0.2           |
|    entropy_loss         | -0.113        |
|    explained_variance   | 0.91          |
|    learning_rate        | 0.0003        |
|    loss                 | 621           |
|    n_updates            | 2600          |
|    policy_gradient_loss | 1.69e-05      |
|    value_loss           | 1.28e+03      |
-------------------------------------------
-------------------------------------------
| time/                   |               |
|    fps                  | 145           |
|    iterations           | 65            |
|    time_elapsed         | 686           |
|    total_timesteps      | 402432        |
| train/                  |               |
|    approx_kl            | 9.0337904e-05 |
|    clip_fraction        | 0             |
|    clip_range           | 0.2           |
|    entropy_loss         | -0.1          |
|    explained_variance   | 0.774         |
|    learning_rate        | 0.0003        |
|    loss                 | 1.08e+03      |
|    n_updates            | 2610          |
|    policy_gradient_loss | -0.000159     |
|    value_loss           | 2.19e+03      |
-------------------------------------------
-------------------------------------------
| time/                   |               |
|    fps                  | 145           |
|    iterations           | 66            |
|    time_elapsed         | 698           |
|    total_timesteps      | 403968        |
| train/                  |               |
|    approx_kl            | 0.00032806746 |
|    clip_fraction        | 0.00208       |
|    clip_range           | 0.2           |
|    entropy_loss         | -0.0752       |
|    explained_variance   | 0.788         |
|    learning_rate        | 0.0003        |
|    loss                 | 1.86e+03      |
|    n_updates            | 2620          |
|    policy_gradient_loss | -0.000247     |
|    value_loss           | 2.02e+03      |
-------------------------------------------
  step  405081/500000 ( 81.0%)  mean_rew=-4.884
------------------------------------------
| time/                   |              |
|    fps                  | 145          |
|    iterations           | 67           |
|    time_elapsed         | 707          |
|    total_timesteps      | 405504       |
| train/                  |              |
|    approx_kl            | 0.0004918111 |
|    clip_fraction        | 6.51e-05     |
|    clip_range           | 0.2          |
|    entropy_loss         | -0.115       |
|    explained_variance   | 0.92         |
|    learning_rate        | 0.0003       |
|    loss                 | 546          |
|    n_updates            | 2630         |
|    policy_gradient_loss | -5.09e-05    |
|    value_loss           | 1.19e+03     |
------------------------------------------
-------------------------------------------
| time/                   |               |
|    fps                  | 145           |
|    iterations           | 68            |
|    time_elapsed         | 717           |
|    total_timesteps      | 407040        |
| train/                  |               |
|    approx_kl            | 0.00085083424 |
|    clip_fraction        | 0.00736       |
|    clip_range           | 0.2           |
|    entropy_loss         | -0.0902       |
|    explained_variance   | 0.759         |
|    learning_rate        | 0.0003        |
|    loss                 | 823           |
|    n_updates            | 2640          |
|    policy_gradient_loss | -8.05e-05     |
|    value_loss           | 2.28e+03      |
-------------------------------------------
-------------------------------------------
| time/                   |               |
|    fps                  | 145           |
|    iterations           | 69            |
|    time_elapsed         | 729           |
|    total_timesteps      | 408576        |
| train/                  |               |
|    approx_kl            | 0.00028589464 |
|    clip_fraction        | 0.00723       |
|    clip_range           | 0.2           |
|    entropy_loss         | -0.0809       |
|    explained_variance   | 0.775         |
|    learning_rate        | 0.0003        |
|    loss                 | 796           |
|    n_updates            | 2650          |
|    policy_gradient_loss | -0.000806     |
|    value_loss           | 2.2e+03       |
-------------------------------------------
  step  410082/500000 ( 82.0%)  mean_rew=-5.000
------------------------------------------
| time/                   |              |
|    fps                  | 145          |
|    iterations           | 70           |
|    time_elapsed         | 738          |
|    total_timesteps      | 410112       |
| train/                  |              |
|    approx_kl            | 0.0003229536 |
|    clip_fraction        | 0.00208      |
|    clip_range           | 0.2          |
|    entropy_loss         | -0.132       |
|    explained_variance   | 0.647        |
|    learning_rate        | 0.0003       |
|    loss                 | 1.29e+03     |
|    n_updates            | 2660         |
|    policy_gradient_loss | 4.66e-05     |
|    value_loss           | 2.08e+03     |
------------------------------------------
------------------------------------------
| time/                   |              |
|    fps                  | 146          |
|    iterations           | 71           |
|    time_elapsed         | 746          |
|    total_timesteps      | 411648       |
| train/                  |              |
|    approx_kl            | 0.0004903094 |
|    clip_fraction        | 0.00143      |
|    clip_range           | 0.2          |
|    entropy_loss         | -0.107       |
|    explained_variance   | 0.923        |
|    learning_rate        | 0.0003       |
|    loss                 | 768          |
|    n_updates            | 2670         |
|    policy_gradient_loss | -0.000142    |
|    value_loss           | 1.25e+03     |
------------------------------------------
------------------------------------------
| time/                   |              |
|    fps                  | 146          |
|    iterations           | 72           |
|    time_elapsed         | 756          |
|    total_timesteps      | 413184       |
| train/                  |              |
|    approx_kl            | 6.935586e-05 |
|    clip_fraction        | 0.00527      |
|    clip_range           | 0.2          |
|    entropy_loss         | -0.0575      |
|    explained_variance   | 0.803        |
|    learning_rate        | 0.0003       |
|    loss                 | 636          |
|    n_updates            | 2680         |
|    policy_gradient_loss | -0.000828    |
|    value_loss           | 2.09e+03     |
------------------------------------------
------------------------------------------
| time/                   |              |
|    fps                  | 146          |
|    iterations           | 73           |
|    time_elapsed         | 767          |
|    total_timesteps      | 414720       |
| train/                  |              |
|    approx_kl            | 0.0005661507 |
|    clip_fraction        | 0.00983      |
|    clip_range           | 0.2          |
|    entropy_loss         | -0.13        |
|    explained_variance   | 0.817        |
|    learning_rate        | 0.0003       |
|    loss                 | 935          |
|    n_updates            | 2690         |
|    policy_gradient_loss | -0.000438    |
|    value_loss           | 2.21e+03     |
------------------------------------------
  step  415083/500000 ( 83.0%)  mean_rew=-0.734
-------------------------------------------
| time/                   |               |
|    fps                  | 147           |
|    iterations           | 74            |
|    time_elapsed         | 772           |
|    total_timesteps      | 416256        |
| train/                  |               |
|    approx_kl            | 0.00095821667 |
|    clip_fraction        | 0.0028        |
|    clip_range           | 0.2           |
|    entropy_loss         | -0.117        |
|    explained_variance   | 0.926         |
|    learning_rate        | 0.0003        |
|    loss                 | 516           |
|    n_updates            | 2700          |
|    policy_gradient_loss | -9.9e-05      |
|    value_loss           | 1.17e+03      |
-------------------------------------------
-------------------------------------------
| time/                   |               |
|    fps                  | 148           |
|    iterations           | 75            |
|    time_elapsed         | 777           |
|    total_timesteps      | 417792        |
| train/                  |               |
|    approx_kl            | 0.00050194765 |
|    clip_fraction        | 0.0028        |
|    clip_range           | 0.2           |
|    entropy_loss         | -0.0218       |
|    explained_variance   | 0.464         |
|    learning_rate        | 0.0003        |
|    loss                 | 1.26e+03      |
|    n_updates            | 2710          |
|    policy_gradient_loss | -0.000653     |
|    value_loss           | 2.11e+03      |
-------------------------------------------
-------------------------------------------
| time/                   |               |
|    fps                  | 148           |
|    iterations           | 76            |
|    time_elapsed         | 788           |
|    total_timesteps      | 419328        |
| train/                  |               |
|    approx_kl            | 0.00020631433 |
|    clip_fraction        | 0.00208       |
|    clip_range           | 0.2           |
|    entropy_loss         | -0.0466       |
|    explained_variance   | 0.768         |
|    learning_rate        | 0.0003        |
|    loss                 | 548           |
|    n_updates            | 2720          |
|    policy_gradient_loss | 3.32e-05      |
|    value_loss           | 2.12e+03      |
-------------------------------------------
  step  420084/500000 ( 84.0%)  mean_rew=-4.491
----------------------------------------
| time/                   |            |
|    fps                  | 148        |
|    iterations           | 77         |
|    time_elapsed         | 798        |
|    total_timesteps      | 420864     |
| train/                  |            |
|    approx_kl            | 0.00234099 |
|    clip_fraction        | 0.00879    |
|    clip_range           | 0.2        |
|    entropy_loss         | -0.113     |
|    explained_variance   | 0.77       |
|    learning_rate        | 0.0003     |
|    loss                 | 827        |
|    n_updates            | 2730       |
|    policy_gradient_loss | 3.21e-05   |
|    value_loss           | 2.44e+03   |
----------------------------------------
------------------------------------------
| time/                   |              |
|    fps                  | 148          |
|    iterations           | 78           |
|    time_elapsed         | 808          |
|    total_timesteps      | 422400       |
| train/                  |              |
|    approx_kl            | 0.0005275272 |
|    clip_fraction        | 0.00143      |
|    clip_range           | 0.2          |
|    entropy_loss         | -0.0856      |
|    explained_variance   | 0.934        |
|    learning_rate        | 0.0003       |
|    loss                 | 422          |
|    n_updates            | 2740         |
|    policy_gradient_loss | -1.83e-05    |
|    value_loss           | 1.18e+03     |
------------------------------------------
-------------------------------------------
| time/                   |               |
|    fps                  | 147           |
|    iterations           | 79            |
|    time_elapsed         | 820           |
|    total_timesteps      | 423936        |
| train/                  |               |
|    approx_kl            | 0.00027545533 |
|    clip_fraction        | 0.00618       |
|    clip_range           | 0.2           |
|    entropy_loss         | -0.073        |
|    explained_variance   | 0.787         |
|    learning_rate        | 0.0003        |
|    loss                 | 929           |
|    n_updates            | 2750          |
|    policy_gradient_loss | -0.000283     |
|    value_loss           | 2.44e+03      |
-------------------------------------------
  step  425085/500000 ( 85.0%)  mean_rew=-5.000
-------------------------------------------
| time/                   |               |
|    fps                  | 147           |
|    iterations           | 80            |
|    time_elapsed         | 833           |
|    total_timesteps      | 425472        |
| train/                  |               |
|    approx_kl            | 1.5816535e-05 |
|    clip_fraction        | 0.00371       |
|    clip_range           | 0.2           |
|    entropy_loss         | -0.0853       |
|    explained_variance   | 0.75          |
|    learning_rate        | 0.0003        |
|    loss                 | 799           |
|    n_updates            | 2760          |
|    policy_gradient_loss | 2.65e-05      |
|    value_loss           | 2.26e+03      |
-------------------------------------------
------------------------------------------
| time/                   |              |
|    fps                  | 147          |
|    iterations           | 81           |
|    time_elapsed         | 842          |
|    total_timesteps      | 427008       |
| train/                  |              |
|    approx_kl            | 0.0011158277 |
|    clip_fraction        | 0.00977      |
|    clip_range           | 0.2          |
|    entropy_loss         | -0.109       |
|    explained_variance   | 0.904        |
|    learning_rate        | 0.0003       |
|    loss                 | 456          |
|    n_updates            | 2770         |
|    policy_gradient_loss | -0.00017     |
|    value_loss           | 960          |
------------------------------------------
------------------------------------------
| time/                   |              |
|    fps                  | 147          |
|    iterations           | 82           |
|    time_elapsed         | 853          |
|    total_timesteps      | 428544       |
| train/                  |              |
|    approx_kl            | 0.0010925395 |
|    clip_fraction        | 0.00762      |
|    clip_range           | 0.2          |
|    entropy_loss         | -0.0887      |
|    explained_variance   | 0.703        |
|    learning_rate        | 0.0003       |
|    loss                 | 761          |
|    n_updates            | 2780         |
|    policy_gradient_loss | -0.000411    |
|    value_loss           | 2.38e+03     |
------------------------------------------
-------------------------------------------
| time/                   |               |
|    fps                  | 147           |
|    iterations           | 83            |
|    time_elapsed         | 866           |
|    total_timesteps      | 430080        |
| train/                  |               |
|    approx_kl            | 0.00020478752 |
|    clip_fraction        | 0.00286       |
|    clip_range           | 0.2           |
|    entropy_loss         | -0.0562       |
|    explained_variance   | 0.763         |
|    learning_rate        | 0.0003        |
|    loss                 | 1.2e+03       |
|    n_updates            | 2790          |
|    policy_gradient_loss | -0.000187     |
|    value_loss           | 2.21e+03      |
-------------------------------------------
  step  430086/500000 ( 86.0%)  mean_rew=-3.652
------------------------------------------
| time/                   |              |
|    fps                  | 147          |
|    iterations           | 84           |
|    time_elapsed         | 874          |
|    total_timesteps      | 431616       |
| train/                  |              |
|    approx_kl            | 0.0003513102 |
|    clip_fraction        | 0.00508      |
|    clip_range           | 0.2          |
|    entropy_loss         | -0.0893      |
|    explained_variance   | 0.43         |
|    learning_rate        | 0.0003       |
|    loss                 | 1.11e+03     |
|    n_updates            | 2800         |
|    policy_gradient_loss | -0.000217    |
|    value_loss           | 2.23e+03     |
------------------------------------------
------------------------------------------
| time/                   |              |
|    fps                  | 147          |
|    iterations           | 85           |
|    time_elapsed         | 885          |
|    total_timesteps      | 433152       |
| train/                  |              |
|    approx_kl            | 0.0005253689 |
|    clip_fraction        | 0.00527      |
|    clip_range           | 0.2          |
|    entropy_loss         | -0.0675      |
|    explained_variance   | 0.895        |
|    learning_rate        | 0.0003       |
|    loss                 | 394          |
|    n_updates            | 2810         |
|    policy_gradient_loss | -0.000551    |
|    value_loss           | 1.04e+03     |
------------------------------------------
-------------------------------------------
| time/                   |               |
|    fps                  | 147           |
|    iterations           | 86            |
|    time_elapsed         | 898           |
|    total_timesteps      | 434688        |
| train/                  |               |
|    approx_kl            | 0.00019507106 |
|    clip_fraction        | 0.00202       |
|    clip_range           | 0.2           |
|    entropy_loss         | -0.0857       |
|    explained_variance   | 0.711         |
|    learning_rate        | 0.0003        |
|    loss                 | 576           |
|    n_updates            | 2820          |
|    policy_gradient_loss | -8.66e-05     |
|    value_loss           | 2.34e+03      |
-------------------------------------------
  step  435087/500000 ( 87.0%)  mean_rew=-3.137
--------------------------------------------
| time/                   |                |
|    fps                  | 147            |
|    iterations           | 87             |
|    time_elapsed         | 908            |
|    total_timesteps      | 436224         |
| train/                  |                |
|    approx_kl            | 0.000117744865 |
|    clip_fraction        | 0.00189        |
|    clip_range           | 0.2            |
|    entropy_loss         | -0.0379        |
|    explained_variance   | 0.728          |
|    learning_rate        | 0.0003         |
|    loss                 | 658            |
|    n_updates            | 2830           |
|    policy_gradient_loss | -0.000171      |
|    value_loss           | 2.13e+03       |
--------------------------------------------
------------------------------------------
| time/                   |              |
|    fps                  | 147          |
|    iterations           | 88           |
|    time_elapsed         | 918          |
|    total_timesteps      | 437760       |
| train/                  |              |
|    approx_kl            | 0.0008351309 |
|    clip_fraction        | 0.00807      |
|    clip_range           | 0.2          |
|    entropy_loss         | -0.0835      |
|    explained_variance   | 0.924        |
|    learning_rate        | 0.0003       |
|    loss                 | 507          |
|    n_updates            | 2840         |
|    policy_gradient_loss | -0.000506    |
|    value_loss           | 1.01e+03     |
------------------------------------------
------------------------------------------
| time/                   |              |
|    fps                  | 147          |
|    iterations           | 89           |
|    time_elapsed         | 928          |
|    total_timesteps      | 439296       |
| train/                  |              |
|    approx_kl            | 0.0004336091 |
|    clip_fraction        | 0.0071       |
|    clip_range           | 0.2          |
|    entropy_loss         | -0.0845      |
|    explained_variance   | 0.767        |
|    learning_rate        | 0.0003       |
|    loss                 | 941          |
|    n_updates            | 2850         |
|    policy_gradient_loss | -0.000416    |
|    value_loss           | 2.48e+03     |
------------------------------------------
  step  440088/500000 ( 88.0%)  mean_rew=-5.000
-------------------------------------------
| time/                   |               |
|    fps                  | 146           |
|    iterations           | 90            |
|    time_elapsed         | 942           |
|    total_timesteps      | 440832        |
| train/                  |               |
|    approx_kl            | 0.00024827823 |
|    clip_fraction        | 0.00579       |
|    clip_range           | 0.2           |
|    entropy_loss         | -0.0621       |
|    explained_variance   | 0.788         |
|    learning_rate        | 0.0003        |
|    loss                 | 837           |
|    n_updates            | 2860          |
|    policy_gradient_loss | -7.19e-05     |
|    value_loss           | 2.33e+03      |
-------------------------------------------
-------------------------------------------
| time/                   |               |
|    fps                  | 147           |
|    iterations           | 91            |
|    time_elapsed         | 950           |
|    total_timesteps      | 442368        |
| train/                  |               |
|    approx_kl            | 0.00018465282 |
|    clip_fraction        | 0.00859       |
|    clip_range           | 0.2           |
|    entropy_loss         | -0.1          |
|    explained_variance   | 0.00267       |
|    learning_rate        | 0.0003        |
|    loss                 | 587           |
|    n_updates            | 2870          |
|    policy_gradient_loss | 0.000318      |
|    value_loss           | 2.27e+03      |
-------------------------------------------
------------------------------------------
| time/                   |              |
|    fps                  | 147          |
|    iterations           | 92           |
|    time_elapsed         | 959          |
|    total_timesteps      | 443904       |
| train/                  |              |
|    approx_kl            | 0.0009065422 |
|    clip_fraction        | 0.0165       |
|    clip_range           | 0.2          |
|    entropy_loss         | -0.104       |
|    explained_variance   | 0.832        |
|    learning_rate        | 0.0003       |
|    loss                 | 307          |
|    n_updates            | 2880         |
|    policy_gradient_loss | -0.000406    |
|    value_loss           | 983          |
------------------------------------------
  step  445089/500000 ( 89.0%)  mean_rew=-5.000
-------------------------------------------
| time/                   |               |
|    fps                  | 146           |
|    iterations           | 93            |
|    time_elapsed         | 971           |
|    total_timesteps      | 445440        |
| train/                  |               |
|    approx_kl            | 0.00016695722 |
|    clip_fraction        | 0.00273       |
|    clip_range           | 0.2           |
|    entropy_loss         | -0.0716       |
|    explained_variance   | 0.719         |
|    learning_rate        | 0.0003        |
|    loss                 | 631           |
|    n_updates            | 2890          |
|    policy_gradient_loss | 0.000172      |
|    value_loss           | 2.39e+03      |
-------------------------------------------
------------------------------------------
| time/                   |              |
|    fps                  | 147          |
|    iterations           | 94           |
|    time_elapsed         | 981          |
|    total_timesteps      | 446976       |
| train/                  |              |
|    approx_kl            | 0.0010644752 |
|    clip_fraction        | 0.00911      |
|    clip_range           | 0.2          |
|    entropy_loss         | -0.122       |
|    explained_variance   | 0.704        |
|    learning_rate        | 0.0003       |
|    loss                 | 1.33e+03     |
|    n_updates            | 2900         |
|    policy_gradient_loss | 0.000157     |
|    value_loss           | 2.18e+03     |
------------------------------------------
------------------------------------------
| time/                   |              |
|    fps                  | 147          |
|    iterations           | 95           |
|    time_elapsed         | 992          |
|    total_timesteps      | 448512       |
| train/                  |              |
|    approx_kl            | 2.339106e-05 |
|    clip_fraction        | 6.51e-05     |
|    clip_range           | 0.2          |
|    entropy_loss         | -0.112       |
|    explained_variance   | 0.925        |
|    learning_rate        | 0.0003       |
|    loss                 | 404          |
|    n_updates            | 2910         |
|    policy_gradient_loss | 0.000117     |
|    value_loss           | 935          |
------------------------------------------
------------------------------------------
| time/                   |              |
|    fps                  | 146          |
|    iterations           | 96           |
|    time_elapsed         | 1003         |
|    total_timesteps      | 450048       |
| train/                  |              |
|    approx_kl            | 0.0019187109 |
|    clip_fraction        | 0.0115       |
|    clip_range           | 0.2          |
|    entropy_loss         | -0.131       |
|    explained_variance   | 0.723        |
|    learning_rate        | 0.0003       |
|    loss                 | 1.61e+03     |
|    n_updates            | 2920         |
|    policy_gradient_loss | 0.000162     |
|    value_loss           | 2.51e+03     |
------------------------------------------
  step  450090/500000 ( 90.0%)  mean_rew=-0.179
-----------------------------------------
| time/                   |             |
|    fps                  | 146         |
|    iterations           | 97          |
|    time_elapsed         | 1014        |
|    total_timesteps      | 451584      |
| train/                  |             |
|    approx_kl            | 0.000747693 |
|    clip_fraction        | 0.00697     |
|    clip_range           | 0.2         |
|    entropy_loss         | -0.0939     |
|    explained_variance   | 0.796       |
|    learning_rate        | 0.0003      |
|    loss                 | 1.17e+03    |
|    n_updates            | 2930        |
|    policy_gradient_loss | -0.000309   |
|    value_loss           | 2.16e+03    |
-----------------------------------------
-------------------------------------------
| time/                   |               |
|    fps                  | 147           |
|    iterations           | 98            |
|    time_elapsed         | 1023          |
|    total_timesteps      | 453120        |
| train/                  |               |
|    approx_kl            | 0.00054096425 |
|    clip_fraction        | 0.00137       |
|    clip_range           | 0.2           |
|    entropy_loss         | -0.178        |
|    explained_variance   | 0.932         |
|    learning_rate        | 0.0003        |
|    loss                 | 487           |
|    n_updates            | 2940          |
|    policy_gradient_loss | -1.94e-05     |
|    value_loss           | 830           |
-------------------------------------------
------------------------------------------
| time/                   |              |
|    fps                  | 147          |
|    iterations           | 99           |
|    time_elapsed         | 1032         |
|    total_timesteps      | 454656       |
| train/                  |              |
|    approx_kl            | 0.0010290308 |
|    clip_fraction        | 0.00957      |
|    clip_range           | 0.2          |
|    entropy_loss         | -0.124       |
|    explained_variance   | 0.783        |
|    learning_rate        | 0.0003       |
|    loss                 | 1.6e+03      |
|    n_updates            | 2950         |
|    policy_gradient_loss | -0.000729    |
|    value_loss           | 2.53e+03     |
------------------------------------------
  step  455091/500000 ( 91.0%)  mean_rew=-3.770
-------------------------------------------
| time/                   |               |
|    fps                  | 147           |
|    iterations           | 100           |
|    time_elapsed         | 1041          |
|    total_timesteps      | 456192        |
| train/                  |               |
|    approx_kl            | 0.00021203274 |
|    clip_fraction        | 0.00215       |
|    clip_range           | 0.2           |
|    entropy_loss         | -0.0693       |
|    explained_variance   | 0.811         |
|    learning_rate        | 0.0003        |
|    loss                 | 847           |
|    n_updates            | 2960          |
|    policy_gradient_loss | 0.000162      |
|    value_loss           | 2.16e+03      |
-------------------------------------------
------------------------------------------
| time/                   |              |
|    fps                  | 147          |
|    iterations           | 101          |
|    time_elapsed         | 1051         |
|    total_timesteps      | 457728       |
| train/                  |              |
|    approx_kl            | 0.0012213906 |
|    clip_fraction        | 0.00762      |
|    clip_range           | 0.2          |
|    entropy_loss         | -0.123       |
|    explained_variance   | 0.782        |
|    learning_rate        | 0.0003       |
|    loss                 | 1.08e+03     |
|    n_updates            | 2970         |
|    policy_gradient_loss | -0.000255    |
|    value_loss           | 2.68e+03     |
------------------------------------------
------------------------------------------
| time/                   |              |
|    fps                  | 147          |
|    iterations           | 102          |
|    time_elapsed         | 1060         |
|    total_timesteps      | 459264       |
| train/                  |              |
|    approx_kl            | 0.0004186322 |
|    clip_fraction        | 6.51e-05     |
|    clip_range           | 0.2          |
|    entropy_loss         | -0.112       |
|    explained_variance   | 0.928        |
|    learning_rate        | 0.0003       |
|    loss                 | 649          |
|    n_updates            | 2980         |
|    policy_gradient_loss | -3.91e-05    |
|    value_loss           | 1.08e+03     |
------------------------------------------
  step  460092/500000 ( 92.0%)  mean_rew=-5.000
-------------------------------------------
| time/                   |               |
|    fps                  | 147           |
|    iterations           | 103           |
|    time_elapsed         | 1070          |
|    total_timesteps      | 460800        |
| train/                  |               |
|    approx_kl            | 0.00043190306 |
|    clip_fraction        | 0.0082        |
|    clip_range           | 0.2           |
|    entropy_loss         | -0.113        |
|    explained_variance   | 0.797         |
|    learning_rate        | 0.0003        |
|    loss                 | 2.08e+03      |
|    n_updates            | 2990          |
|    policy_gradient_loss | -0.000359     |
|    value_loss           | 2.71e+03      |
-------------------------------------------
------------------------------------------
| time/                   |              |
|    fps                  | 147          |
|    iterations           | 104          |
|    time_elapsed         | 1083         |
|    total_timesteps      | 462336       |
| train/                  |              |
|    approx_kl            | 8.762659e-05 |
|    clip_fraction        | 0.00781      |
|    clip_range           | 0.2          |
|    entropy_loss         | -0.109       |
|    explained_variance   | 0.789        |
|    learning_rate        | 0.0003       |
|    loss                 | 1.49e+03     |
|    n_updates            | 3000         |
|    policy_gradient_loss | -0.000255    |
|    value_loss           | 2.55e+03     |
------------------------------------------
------------------------------------------
| time/                   |              |
|    fps                  | 147          |
|    iterations           | 105          |
|    time_elapsed         | 1091         |
|    total_timesteps      | 463872       |
| train/                  |              |
|    approx_kl            | 5.377406e-05 |
|    clip_fraction        | 0            |
|    clip_range           | 0.2          |
|    entropy_loss         | -0.155       |
|    explained_variance   | 0.791        |
|    learning_rate        | 0.0003       |
|    loss                 | 277          |
|    n_updates            | 3010         |
|    policy_gradient_loss | 1.66e-05     |
|    value_loss           | 648          |
------------------------------------------
  step  465093/500000 ( 93.0%)  mean_rew=-0.081
-------------------------------------------
| time/                   |               |
|    fps                  | 148           |
|    iterations           | 106           |
|    time_elapsed         | 1099          |
|    total_timesteps      | 465408        |
| train/                  |               |
|    approx_kl            | 0.00079492485 |
|    clip_fraction        | 0.00573       |
|    clip_range           | 0.2           |
|    entropy_loss         | -0.105        |
|    explained_variance   | 0.739         |
|    learning_rate        | 0.0003        |
|    loss                 | 1.55e+03      |
|    n_updates            | 3020          |
|    policy_gradient_loss | -0.000406     |
|    value_loss           | 2.71e+03      |
-------------------------------------------
------------------------------------------
| time/                   |              |
|    fps                  | 148          |
|    iterations           | 107          |
|    time_elapsed         | 1109         |
|    total_timesteps      | 466944       |
| train/                  |              |
|    approx_kl            | 0.0008656575 |
|    clip_fraction        | 0.00684      |
|    clip_range           | 0.2          |
|    entropy_loss         | -0.077       |
|    explained_variance   | 0.764        |
|    learning_rate        | 0.0003       |
|    loss                 | 1.24e+03     |
|    n_updates            | 3030         |
|    policy_gradient_loss | -0.00144     |
|    value_loss           | 2.65e+03     |
------------------------------------------
------------------------------------------
| time/                   |              |
|    fps                  | 149          |
|    iterations           | 108          |
|    time_elapsed         | 1113         |
|    total_timesteps      | 468480       |
| train/                  |              |
|    approx_kl            | 0.0010828226 |
|    clip_fraction        | 0.0193       |
|    clip_range           | 0.2          |
|    entropy_loss         | -0.14        |
|    explained_variance   | 0.749        |
|    learning_rate        | 0.0003       |
|    loss                 | 1.1e+03      |
|    n_updates            | 3040         |
|    policy_gradient_loss | -0.000791    |
|    value_loss           | 2.64e+03     |
------------------------------------------
-------------------------------------------
| time/                   |               |
|    fps                  | 149           |
|    iterations           | 109           |
|    time_elapsed         | 1120          |
|    total_timesteps      | 470016        |
| train/                  |               |
|    approx_kl            | 0.00022555399 |
|    clip_fraction        | 0.000521      |
|    clip_range           | 0.2           |
|    entropy_loss         | -0.042        |
|    explained_variance   | 0.862         |
|    learning_rate        | 0.0003        |
|    loss                 | 912           |
|    n_updates            | 3050          |
|    policy_gradient_loss | -0.000101     |
|    value_loss           | 1.42e+03      |
-------------------------------------------
  step  470094/500000 ( 94.0%)  mean_rew=-5.000
-------------------------------------------
| time/                   |               |
|    fps                  | 149           |
|    iterations           | 110           |
|    time_elapsed         | 1129          |
|    total_timesteps      | 471552        |
| train/                  |               |
|    approx_kl            | 0.00038909426 |
|    clip_fraction        | 0.000521      |
|    clip_range           | 0.2           |
|    entropy_loss         | -0.128        |
|    explained_variance   | 0.803         |
|    learning_rate        | 0.0003        |
|    loss                 | 1.41e+03      |
|    n_updates            | 3060          |
|    policy_gradient_loss | 0.000137      |
|    value_loss           | 2.76e+03      |
-------------------------------------------
------------------------------------------
| time/                   |              |
|    fps                  | 149          |
|    iterations           | 111          |
|    time_elapsed         | 1139         |
|    total_timesteps      | 473088       |
| train/                  |              |
|    approx_kl            | 0.0006471627 |
|    clip_fraction        | 0.00618      |
|    clip_range           | 0.2          |
|    entropy_loss         | -0.0647      |
|    explained_variance   | 0.82         |
|    learning_rate        | 0.0003       |
|    loss                 | 1.38e+03     |
|    n_updates            | 3070         |
|    policy_gradient_loss | -0.000381    |
|    value_loss           | 2.45e+03     |
------------------------------------------
------------------------------------------
| time/                   |              |
|    fps                  | 150          |
|    iterations           | 112          |
|    time_elapsed         | 1146         |
|    total_timesteps      | 474624       |
| train/                  |              |
|    approx_kl            | 0.0004473325 |
|    clip_fraction        | 0.00352      |
|    clip_range           | 0.2          |
|    entropy_loss         | -0.112       |
|    explained_variance   | 0.913        |
|    learning_rate        | 0.0003       |
|    loss                 | 311          |
|    n_updates            | 3080         |
|    policy_gradient_loss | -0.000214    |
|    value_loss           | 796          |
------------------------------------------
  step  475095/500000 ( 95.0%)  mean_rew=-5.000
-------------------------------------------
| time/                   |               |
|    fps                  | 150           |
|    iterations           | 113           |
|    time_elapsed         | 1154          |
|    total_timesteps      | 476160        |
| train/                  |               |
|    approx_kl            | 0.00067809614 |
|    clip_fraction        | 0.00749       |
|    clip_range           | 0.2           |
|    entropy_loss         | -0.09         |
|    explained_variance   | 0.774         |
|    learning_rate        | 0.0003        |
|    loss                 | 1.3e+03       |
|    n_updates            | 3090          |
|    policy_gradient_loss | -0.000452     |
|    value_loss           | 2.87e+03      |
-------------------------------------------
------------------------------------------
| time/                   |              |
|    fps                  | 150          |
|    iterations           | 114          |
|    time_elapsed         | 1164         |
|    total_timesteps      | 477696       |
| train/                  |              |
|    approx_kl            | 0.0008143365 |
|    clip_fraction        | 0.00807      |
|    clip_range           | 0.2          |
|    entropy_loss         | -0.0455      |
|    explained_variance   | 0.801        |
|    learning_rate        | 0.0003       |
|    loss                 | 1.02e+03     |
|    n_updates            | 3100         |
|    policy_gradient_loss | -0.000739    |
|    value_loss           | 2.72e+03     |
------------------------------------------
------------------------------------------
| time/                   |              |
|    fps                  | 150          |
|    iterations           | 115          |
|    time_elapsed         | 1171         |
|    total_timesteps      | 479232       |
| train/                  |              |
|    approx_kl            | 0.0003484369 |
|    clip_fraction        | 0.0043       |
|    clip_range           | 0.2          |
|    entropy_loss         | -0.0707      |
|    explained_variance   | 0.665        |
|    learning_rate        | 0.0003       |
|    loss                 | 1.37e+03     |
|    n_updates            | 3110         |
|    policy_gradient_loss | -0.000147    |
|    value_loss           | 2.38e+03     |
------------------------------------------
  step  480096/500000 ( 96.0%)  mean_rew=-2.032
-------------------------------------------
| time/                   |               |
|    fps                  | 151           |
|    iterations           | 116           |
|    time_elapsed         | 1179          |
|    total_timesteps      | 480768        |
| train/                  |               |
|    approx_kl            | 1.0331317e-05 |
|    clip_fraction        | 0             |
|    clip_range           | 0.2           |
|    entropy_loss         | -0.0707       |
|    explained_variance   | 0.934         |
|    learning_rate        | 0.0003        |
|    loss                 | 659           |
|    n_updates            | 3120          |
|    policy_gradient_loss | 4.13e-06      |
|    value_loss           | 1.12e+03      |
-------------------------------------------
------------------------------------------
| time/                   |              |
|    fps                  | 151          |
|    iterations           | 117          |
|    time_elapsed         | 1188         |
|    total_timesteps      | 482304       |
| train/                  |              |
|    approx_kl            | 0.0006321833 |
|    clip_fraction        | 0.00104      |
|    clip_range           | 0.2          |
|    entropy_loss         | -0.0783      |
|    explained_variance   | 0.758        |
|    learning_rate        | 0.0003       |
|    loss                 | 2.45e+03     |
|    n_updates            | 3130         |
|    policy_gradient_loss | -3.89e-05    |
|    value_loss           | 2.88e+03     |
------------------------------------------
------------------------------------------
| time/                   |              |
|    fps                  | 151          |
|    iterations           | 118          |
|    time_elapsed         | 1197         |
|    total_timesteps      | 483840       |
| train/                  |              |
|    approx_kl            | 7.933859e-05 |
|    clip_fraction        | 0.00137      |
|    clip_range           | 0.2          |
|    entropy_loss         | -0.0243      |
|    explained_variance   | 0.789        |
|    learning_rate        | 0.0003       |
|    loss                 | 431          |
|    n_updates            | 3140         |
|    policy_gradient_loss | -0.000125    |
|    value_loss           | 2.55e+03     |
------------------------------------------
  step  485097/500000 ( 97.0%)  mean_rew=-5.000
-------------------------------------------
| time/                   |               |
|    fps                  | 151           |
|    iterations           | 119           |
|    time_elapsed         | 1203          |
|    total_timesteps      | 485376        |
| train/                  |               |
|    approx_kl            | 0.00022566183 |
|    clip_fraction        | 0             |
|    clip_range           | 0.2           |
|    entropy_loss         | -0.067        |
|    explained_variance   | 0.925         |
|    learning_rate        | 0.0003        |
|    loss                 | 316           |
|    n_updates            | 3150          |
|    policy_gradient_loss | -2.67e-05     |
|    value_loss           | 695           |
-------------------------------------------
-------------------------------------------
| time/                   |               |
|    fps                  | 152           |
|    iterations           | 120           |
|    time_elapsed         | 1210          |
|    total_timesteps      | 486912        |
| train/                  |               |
|    approx_kl            | 0.00057807897 |
|    clip_fraction        | 0.00814       |
|    clip_range           | 0.2           |
|    entropy_loss         | -0.0564       |
|    explained_variance   | 0.774         |
|    learning_rate        | 0.0003        |
|    loss                 | 1.27e+03      |
|    n_updates            | 3160          |
|    policy_gradient_loss | -0.000515     |
|    value_loss           | 2.95e+03      |
-------------------------------------------
-------------------------------------------
| time/                   |               |
|    fps                  | 152           |
|    iterations           | 121           |
|    time_elapsed         | 1220          |
|    total_timesteps      | 488448        |
| train/                  |               |
|    approx_kl            | 0.00018574852 |
|    clip_fraction        | 0.000716      |
|    clip_range           | 0.2           |
|    entropy_loss         | -0.0338       |
|    explained_variance   | 0.783         |
|    learning_rate        | 0.0003        |
|    loss                 | 706           |
|    n_updates            | 3170          |
|    policy_gradient_loss | -0.000117     |
|    value_loss           | 2.81e+03      |
-------------------------------------------
-------------------------------------------
| time/                   |               |
|    fps                  | 152           |
|    iterations           | 122           |
|    time_elapsed         | 1226          |
|    total_timesteps      | 489984        |
| train/                  |               |
|    approx_kl            | 0.00018792383 |
|    clip_fraction        | 0.00111       |
|    clip_range           | 0.2           |
|    entropy_loss         | -0.0454       |
|    explained_variance   | 0.571         |
|    learning_rate        | 0.0003        |
|    loss                 | 1.08e+03      |
|    n_updates            | 3180          |
|    policy_gradient_loss | -2.41e-06     |
|    value_loss           | 2.39e+03      |
-------------------------------------------
  step  490098/500000 ( 98.0%)  mean_rew=-5.000
------------------------------------------
| time/                   |              |
|    fps                  | 153          |
|    iterations           | 123          |
|    time_elapsed         | 1233         |
|    total_timesteps      | 491520       |
| train/                  |              |
|    approx_kl            | 9.843381e-06 |
|    clip_fraction        | 0            |
|    clip_range           | 0.2          |
|    entropy_loss         | -0.0496      |
|    explained_variance   | 0.941        |
|    learning_rate        | 0.0003       |
|    loss                 | 558          |
|    n_updates            | 3190         |
|    policy_gradient_loss | 1.31e-05     |
|    value_loss           | 1.02e+03     |
------------------------------------------
------------------------------------------
| time/                   |              |
|    fps                  | 153          |
|    iterations           | 124          |
|    time_elapsed         | 1240         |
|    total_timesteps      | 493056       |
| train/                  |              |
|    approx_kl            | 0.0005266328 |
|    clip_fraction        | 0.00326      |
|    clip_range           | 0.2          |
|    entropy_loss         | -0.0434      |
|    explained_variance   | 0.805        |
|    learning_rate        | 0.0003       |
|    loss                 | 982          |
|    n_updates            | 3200         |
|    policy_gradient_loss | -0.000182    |
|    value_loss           | 3.1e+03      |
------------------------------------------
-------------------------------------------
| time/                   |               |
|    fps                  | 153           |
|    iterations           | 125           |
|    time_elapsed         | 1248          |
|    total_timesteps      | 494592        |
| train/                  |               |
|    approx_kl            | 3.7082547e-05 |
|    clip_fraction        | 0.000456      |
|    clip_range           | 0.2           |
|    entropy_loss         | -0.0128       |
|    explained_variance   | 0.811         |
|    learning_rate        | 0.0003        |
|    loss                 | 849           |
|    n_updates            | 3210          |
|    policy_gradient_loss | -2.34e-05     |
|    value_loss           | 2.47e+03      |
-------------------------------------------
  step  495099/500000 ( 99.0%)  mean_rew=-0.012
-------------------------------------------
| time/                   |               |
|    fps                  | 154           |
|    iterations           | 126           |
|    time_elapsed         | 1253          |
|    total_timesteps      | 496128        |
| train/                  |               |
|    approx_kl            | 1.2713135e-05 |
|    clip_fraction        | 0             |
|    clip_range           | 0.2           |
|    entropy_loss         | -0.0476       |
|    explained_variance   | 0.919         |
|    learning_rate        | 0.0003        |
|    loss                 | 229           |
|    n_updates            | 3220          |
|    policy_gradient_loss | 3.6e-06       |
|    value_loss           | 831           |
-------------------------------------------
-------------------------------------------
| time/                   |               |
|    fps                  | 154           |
|    iterations           | 127           |
|    time_elapsed         | 1260          |
|    total_timesteps      | 497664        |
| train/                  |               |
|    approx_kl            | 0.00031307727 |
|    clip_fraction        | 0.000456      |
|    clip_range           | 0.2           |
|    entropy_loss         | -0.0463       |
|    explained_variance   | 0.796         |
|    learning_rate        | 0.0003        |
|    loss                 | 1.43e+03      |
|    n_updates            | 3230          |
|    policy_gradient_loss | -9.85e-05     |
|    value_loss           | 3.14e+03      |
-------------------------------------------
-------------------------------------------
| time/                   |               |
|    fps                  | 154           |
|    iterations           | 128           |
|    time_elapsed         | 1268          |
|    total_timesteps      | 499200        |
| train/                  |               |
|    approx_kl            | 7.2858646e-05 |
|    clip_fraction        | 0             |
|    clip_range           | 0.2           |
|    entropy_loss         | -0.0212       |
|    explained_variance   | 0.819         |
|    learning_rate        | 0.0003        |
|    loss                 | 1.38e+03      |
|    n_updates            | 3240          |
|    policy_gradient_loss | -1.5e-05      |
|    value_loss           | 2.86e+03      |
-------------------------------------------
  step  500100/500000 (100.0%)  mean_rew=-4.749
------------------------------------------
| time/                   |              |
|    fps                  | 155          |
|    iterations           | 129          |
|    time_elapsed         | 1274         |
|    total_timesteps      | 500736       |
| train/                  |              |
|    approx_kl            | 0.0005151312 |
|    clip_fraction        | 0.00404      |
|    clip_range           | 0.2          |
|    entropy_loss         | -0.0349      |
|    explained_variance   | 0.464        |
|    learning_rate        | 0.0003       |
|    loss                 | 1.39e+03     |
|    n_updates            | 3250         |
|    policy_gradient_loss | -0.000146    |
|    value_loss           | 2.59e+03     |
------------------------------------------
-------------------------------------------
| time/                   |               |
|    fps                  | 155           |
|    iterations           | 130           |
|    time_elapsed         | 1280          |
|    total_timesteps      | 502272        |
| train/                  |               |
|    approx_kl            | 0.00034076787 |
|    clip_fraction        | 0.000456      |
|    clip_range           | 0.2           |
|    entropy_loss         | -0.0493       |
|    explained_variance   | 0.926         |
|    learning_rate        | 0.0003        |
|    loss                 | 663           |
|    n_updates            | 3260          |
|    policy_gradient_loss | -1.46e-05     |
|    value_loss           | 1.01e+03      |
-------------------------------------------
------------------------------------------
| time/                   |              |
|    fps                  | 156          |
|    iterations           | 131          |
|    time_elapsed         | 1287         |
|    total_timesteps      | 503808       |
| train/                  |              |
|    approx_kl            | 2.798962e-05 |
|    clip_fraction        | 0            |
|    clip_range           | 0.2          |
|    entropy_loss         | -0.04        |
|    explained_variance   | 0.789        |
|    learning_rate        | 0.0003       |
|    loss                 | 1.96e+03     |
|    n_updates            | 3270         |
|    policy_gradient_loss | -4.5e-05     |
|    value_loss           | 3.09e+03     |
------------------------------------------
  Stage 4 saved -> cologne3_ppo_stage4_100pct.zip

[cologne3-PPO] Curriculum done.
  Final model -> /workspace/rl-traffic/exp_cologne3_rand_curr/ppo_wait-clip_s314/cologne3_ppo_final_model.zip
  Total steps : 500000
