Using libsumo as traci as requested by environment variable.
=================================================================
  train_cologne_curriculum — cologne3 — PPO
  reward=pressure  seed=314  total_steps=500000
  Curriculum stages:
    Stage 1:  25% demand    75000 steps
    Stage 2:  50% demand   100000 steps
    Stage 3:  75% demand   125000 steps
    Stage 4: 100% demand   200000 steps
  save_dir: /workspace/rl-traffic/exp_cologne3_rand_curr/ppo_pressure_s314
=================================================================
  [rand] cologne3_rand_25pct.rou.xml
  [rand] cologne3_rand_50pct.rou.xml
  [rand] cologne3_rand_75pct.rou.xml
  [rand] cologne3_rand_100pct.rou.xml

  n_agents=3 | obs=(7,) | act=Discrete(3)
Using cpu device

────────────────────────────────────────────────────────────
  Stage 1/4  25% demand  75000 steps  (cumulative -> 75000)
  Route: cologne3_rand_25pct.rou.xml
────────────────────────────────────────────────────────────
-----------------------------
| time/              |      |
|    fps             | 1462 |
|    iterations      | 1    |
|    time_elapsed    | 1    |
|    total_timesteps | 1536 |
-----------------------------
------------------------------------------
| time/                   |              |
|    fps                  | 788          |
|    iterations           | 2            |
|    time_elapsed         | 3            |
|    total_timesteps      | 3072         |
| train/                  |              |
|    approx_kl            | 0.0109899035 |
|    clip_fraction        | 0.117        |
|    clip_range           | 0.2          |
|    entropy_loss         | -1.09        |
|    explained_variance   | 0.0669       |
|    learning_rate        | 0.0003       |
|    loss                 | -0.0212      |
|    n_updates            | 10           |
|    policy_gradient_loss | -0.0097      |
|    value_loss           | 0.0117       |
------------------------------------------
-----------------------------------------
| time/                   |             |
|    fps                  | 819         |
|    iterations           | 3           |
|    time_elapsed         | 5           |
|    total_timesteps      | 4608        |
| train/                  |             |
|    approx_kl            | 0.008799158 |
|    clip_fraction        | 0.0844      |
|    clip_range           | 0.2         |
|    entropy_loss         | -1.06       |
|    explained_variance   | 0.4         |
|    learning_rate        | 0.0003      |
|    loss                 | -0.00958    |
|    n_updates            | 20          |
|    policy_gradient_loss | -0.00913    |
|    value_loss           | 0.00342     |
-----------------------------------------
  step    5001/500000 (  1.0%)  mean_rew=-0.002
-----------------------------------------
| time/                   |             |
|    fps                  | 748         |
|    iterations           | 4           |
|    time_elapsed         | 8           |
|    total_timesteps      | 6144        |
| train/                  |             |
|    approx_kl            | 0.009956303 |
|    clip_fraction        | 0.0889      |
|    clip_range           | 0.2         |
|    entropy_loss         | -1.02       |
|    explained_variance   | 0.464       |
|    learning_rate        | 0.0003      |
|    loss                 | -0.00863    |
|    n_updates            | 30          |
|    policy_gradient_loss | -0.00968    |
|    value_loss           | 0.00382     |
-----------------------------------------
-----------------------------------------
| time/                   |             |
|    fps                  | 710         |
|    iterations           | 5           |
|    time_elapsed         | 10          |
|    total_timesteps      | 7680        |
| train/                  |             |
|    approx_kl            | 0.008255839 |
|    clip_fraction        | 0.0943      |
|    clip_range           | 0.2         |
|    entropy_loss         | -1.02       |
|    explained_variance   | 0.604       |
|    learning_rate        | 0.0003      |
|    loss                 | -0.000564   |
|    n_updates            | 40          |
|    policy_gradient_loss | -0.00675    |
|    value_loss           | 0.00257     |
-----------------------------------------
-----------------------------------------
| time/                   |             |
|    fps                  | 684         |
|    iterations           | 6           |
|    time_elapsed         | 13          |
|    total_timesteps      | 9216        |
| train/                  |             |
|    approx_kl            | 0.009790658 |
|    clip_fraction        | 0.0672      |
|    clip_range           | 0.2         |
|    entropy_loss         | -0.956      |
|    explained_variance   | 0.688       |
|    learning_rate        | 0.0003      |
|    loss                 | -0.0226     |
|    n_updates            | 50          |
|    policy_gradient_loss | -0.00948    |
|    value_loss           | 0.00176     |
-----------------------------------------
  step   10002/500000 (  2.0%)  mean_rew=-0.003
-----------------------------------------
| time/                   |             |
|    fps                  | 669         |
|    iterations           | 7           |
|    time_elapsed         | 16          |
|    total_timesteps      | 10752       |
| train/                  |             |
|    approx_kl            | 0.011539881 |
|    clip_fraction        | 0.0436      |
|    clip_range           | 0.2         |
|    entropy_loss         | -0.902      |
|    explained_variance   | 0.773       |
|    learning_rate        | 0.0003      |
|    loss                 | -0.0146     |
|    n_updates            | 60          |
|    policy_gradient_loss | -0.00566    |
|    value_loss           | 0.00126     |
-----------------------------------------
------------------------------------------
| time/                   |              |
|    fps                  | 657          |
|    iterations           | 8            |
|    time_elapsed         | 18           |
|    total_timesteps      | 12288        |
| train/                  |              |
|    approx_kl            | 0.0095682535 |
|    clip_fraction        | 0.0688       |
|    clip_range           | 0.2          |
|    entropy_loss         | -0.816       |
|    explained_variance   | 0.895        |
|    learning_rate        | 0.0003       |
|    loss                 | -0.0267      |
|    n_updates            | 70           |
|    policy_gradient_loss | -0.00864     |
|    value_loss           | 0.000517     |
------------------------------------------
------------------------------------------
| time/                   |              |
|    fps                  | 648          |
|    iterations           | 9            |
|    time_elapsed         | 21           |
|    total_timesteps      | 13824        |
| train/                  |              |
|    approx_kl            | 0.0051383707 |
|    clip_fraction        | 0.0463       |
|    clip_range           | 0.2          |
|    entropy_loss         | -0.76        |
|    explained_variance   | 0.8          |
|    learning_rate        | 0.0003       |
|    loss                 | -0.00703     |
|    n_updates            | 80           |
|    policy_gradient_loss | -0.00364     |
|    value_loss           | 0.00107      |
------------------------------------------
  step   15003/500000 (  3.0%)  mean_rew=-0.002
-----------------------------------------
| time/                   |             |
|    fps                  | 642         |
|    iterations           | 10          |
|    time_elapsed         | 23          |
|    total_timesteps      | 15360       |
| train/                  |             |
|    approx_kl            | 0.009536758 |
|    clip_fraction        | 0.0965      |
|    clip_range           | 0.2         |
|    entropy_loss         | -0.703      |
|    explained_variance   | 0.808       |
|    learning_rate        | 0.0003      |
|    loss                 | 0.00556     |
|    n_updates            | 90          |
|    policy_gradient_loss | -0.0089     |
|    value_loss           | 0.000895    |
-----------------------------------------
------------------------------------------
| time/                   |              |
|    fps                  | 637          |
|    iterations           | 11           |
|    time_elapsed         | 26           |
|    total_timesteps      | 16896        |
| train/                  |              |
|    approx_kl            | 0.0074200816 |
|    clip_fraction        | 0.101        |
|    clip_range           | 0.2          |
|    entropy_loss         | -0.601       |
|    explained_variance   | 0.822        |
|    learning_rate        | 0.0003       |
|    loss                 | -0.00526     |
|    n_updates            | 100          |
|    policy_gradient_loss | -0.00699     |
|    value_loss           | 0.000773     |
------------------------------------------
------------------------------------------
| time/                   |              |
|    fps                  | 632          |
|    iterations           | 12           |
|    time_elapsed         | 29           |
|    total_timesteps      | 18432        |
| train/                  |              |
|    approx_kl            | 0.0043507856 |
|    clip_fraction        | 0.049        |
|    clip_range           | 0.2          |
|    entropy_loss         | -0.565       |
|    explained_variance   | 0.925        |
|    learning_rate        | 0.0003       |
|    loss                 | -0.0183      |
|    n_updates            | 110          |
|    policy_gradient_loss | -0.00624     |
|    value_loss           | 0.000276     |
------------------------------------------
------------------------------------------
| time/                   |              |
|    fps                  | 628          |
|    iterations           | 13           |
|    time_elapsed         | 31           |
|    total_timesteps      | 19968        |
| train/                  |              |
|    approx_kl            | 0.0040871403 |
|    clip_fraction        | 0.0764       |
|    clip_range           | 0.2          |
|    entropy_loss         | -0.555       |
|    explained_variance   | 0.825        |
|    learning_rate        | 0.0003       |
|    loss                 | -0.000239    |
|    n_updates            | 120          |
|    policy_gradient_loss | -0.00589     |
|    value_loss           | 0.000654     |
------------------------------------------
  step   20004/500000 (  4.0%)  mean_rew=-0.002
------------------------------------------
| time/                   |              |
|    fps                  | 625          |
|    iterations           | 14           |
|    time_elapsed         | 34           |
|    total_timesteps      | 21504        |
| train/                  |              |
|    approx_kl            | 0.0044051707 |
|    clip_fraction        | 0.0708       |
|    clip_range           | 0.2          |
|    entropy_loss         | -0.548       |
|    explained_variance   | 0.836        |
|    learning_rate        | 0.0003       |
|    loss                 | -0.0182      |
|    n_updates            | 130          |
|    policy_gradient_loss | -0.00449     |
|    value_loss           | 0.000589     |
------------------------------------------
-----------------------------------------
| time/                   |             |
|    fps                  | 622         |
|    iterations           | 15          |
|    time_elapsed         | 37          |
|    total_timesteps      | 23040       |
| train/                  |             |
|    approx_kl            | 0.004455686 |
|    clip_fraction        | 0.0382      |
|    clip_range           | 0.2         |
|    entropy_loss         | -0.504      |
|    explained_variance   | 0.886       |
|    learning_rate        | 0.0003      |
|    loss                 | 0.000332    |
|    n_updates            | 140         |
|    policy_gradient_loss | -0.00585    |
|    value_loss           | 0.000242    |
-----------------------------------------
------------------------------------------
| time/                   |              |
|    fps                  | 619          |
|    iterations           | 16           |
|    time_elapsed         | 39           |
|    total_timesteps      | 24576        |
| train/                  |              |
|    approx_kl            | 0.0044683334 |
|    clip_fraction        | 0.0218       |
|    clip_range           | 0.2          |
|    entropy_loss         | -0.441       |
|    explained_variance   | 0.795        |
|    learning_rate        | 0.0003       |
|    loss                 | -0.00452     |
|    n_updates            | 150          |
|    policy_gradient_loss | -0.00152     |
|    value_loss           | 0.000564     |
------------------------------------------
  step   25005/500000 (  5.0%)  mean_rew=-0.001
------------------------------------------
| time/                   |              |
|    fps                  | 616          |
|    iterations           | 17           |
|    time_elapsed         | 42           |
|    total_timesteps      | 26112        |
| train/                  |              |
|    approx_kl            | 0.0036129674 |
|    clip_fraction        | 0.0232       |
|    clip_range           | 0.2          |
|    entropy_loss         | -0.386       |
|    explained_variance   | 0.822        |
|    learning_rate        | 0.0003       |
|    loss                 | -0.00438     |
|    n_updates            | 160          |
|    policy_gradient_loss | -0.00217     |
|    value_loss           | 0.000469     |
------------------------------------------
------------------------------------------
| time/                   |              |
|    fps                  | 615          |
|    iterations           | 18           |
|    time_elapsed         | 44           |
|    total_timesteps      | 27648        |
| train/                  |              |
|    approx_kl            | 0.0025933476 |
|    clip_fraction        | 0.0359       |
|    clip_range           | 0.2          |
|    entropy_loss         | -0.321       |
|    explained_variance   | 0.8          |
|    learning_rate        | 0.0003       |
|    loss                 | 0.00249      |
|    n_updates            | 170          |
|    policy_gradient_loss | -0.00282     |
|    value_loss           | 0.000481     |
------------------------------------------
------------------------------------------
| time/                   |              |
|    fps                  | 613          |
|    iterations           | 19           |
|    time_elapsed         | 47           |
|    total_timesteps      | 29184        |
| train/                  |              |
|    approx_kl            | 0.0012742747 |
|    clip_fraction        | 0.0146       |
|    clip_range           | 0.2          |
|    entropy_loss         | -0.321       |
|    explained_variance   | 0.936        |
|    learning_rate        | 0.0003       |
|    loss                 | 0.0012       |
|    n_updates            | 180          |
|    policy_gradient_loss | -0.00146     |
|    value_loss           | 0.000132     |
------------------------------------------
  step   30006/500000 (  6.0%)  mean_rew=-0.001
-----------------------------------------
| time/                   |             |
|    fps                  | 611         |
|    iterations           | 20          |
|    time_elapsed         | 50          |
|    total_timesteps      | 30720       |
| train/                  |             |
|    approx_kl            | 0.003062833 |
|    clip_fraction        | 0.0281      |
|    clip_range           | 0.2         |
|    entropy_loss         | -0.3        |
|    explained_variance   | 0.822       |
|    learning_rate        | 0.0003      |
|    loss                 | -0.00441    |
|    n_updates            | 190         |
|    policy_gradient_loss | -0.00173    |
|    value_loss           | 0.000374    |
-----------------------------------------
------------------------------------------
| time/                   |              |
|    fps                  | 610          |
|    iterations           | 21           |
|    time_elapsed         | 52           |
|    total_timesteps      | 32256        |
| train/                  |              |
|    approx_kl            | 0.0023203308 |
|    clip_fraction        | 0.0331       |
|    clip_range           | 0.2          |
|    entropy_loss         | -0.247       |
|    explained_variance   | 0.818        |
|    learning_rate        | 0.0003       |
|    loss                 | -0.00124     |
|    n_updates            | 200          |
|    policy_gradient_loss | -0.00246     |
|    value_loss           | 0.0004       |
------------------------------------------
------------------------------------------
| time/                   |              |
|    fps                  | 609          |
|    iterations           | 22           |
|    time_elapsed         | 55           |
|    total_timesteps      | 33792        |
| train/                  |              |
|    approx_kl            | 0.0009945324 |
|    clip_fraction        | 0.00579      |
|    clip_range           | 0.2          |
|    entropy_loss         | -0.218       |
|    explained_variance   | 0.915        |
|    learning_rate        | 0.0003       |
|    loss                 | 0.00116      |
|    n_updates            | 210          |
|    policy_gradient_loss | -0.000815    |
|    value_loss           | 0.000159     |
------------------------------------------
  step   35007/500000 (  7.0%)  mean_rew=-0.001
------------------------------------------
| time/                   |              |
|    fps                  | 607          |
|    iterations           | 23           |
|    time_elapsed         | 58           |
|    total_timesteps      | 35328        |
| train/                  |              |
|    approx_kl            | 0.0011230161 |
|    clip_fraction        | 0.0306       |
|    clip_range           | 0.2          |
|    entropy_loss         | -0.236       |
|    explained_variance   | 0.811        |
|    learning_rate        | 0.0003       |
|    loss                 | -0.00165     |
|    n_updates            | 220          |
|    policy_gradient_loss | -0.0035      |
|    value_loss           | 0.000369     |
------------------------------------------
------------------------------------------
| time/                   |              |
|    fps                  | 606          |
|    iterations           | 24           |
|    time_elapsed         | 60           |
|    total_timesteps      | 36864        |
| train/                  |              |
|    approx_kl            | 0.0012953969 |
|    clip_fraction        | 0.0195       |
|    clip_range           | 0.2          |
|    entropy_loss         | -0.232       |
|    explained_variance   | 0.828        |
|    learning_rate        | 0.0003       |
|    loss                 | -0.00159     |
|    n_updates            | 230          |
|    policy_gradient_loss | -0.00239     |
|    value_loss           | 0.000319     |
------------------------------------------
------------------------------------------
| time/                   |              |
|    fps                  | 605          |
|    iterations           | 25           |
|    time_elapsed         | 63           |
|    total_timesteps      | 38400        |
| train/                  |              |
|    approx_kl            | 0.0008427592 |
|    clip_fraction        | 0.00677      |
|    clip_range           | 0.2          |
|    entropy_loss         | -0.208       |
|    explained_variance   | 0.818        |
|    learning_rate        | 0.0003       |
|    loss                 | -0.0043      |
|    n_updates            | 240          |
|    policy_gradient_loss | -0.000643    |
|    value_loss           | 0.000316     |
------------------------------------------
------------------------------------------
| time/                   |              |
|    fps                  | 604          |
|    iterations           | 26           |
|    time_elapsed         | 66           |
|    total_timesteps      | 39936        |
| train/                  |              |
|    approx_kl            | 0.0009159879 |
|    clip_fraction        | 0.00651      |
|    clip_range           | 0.2          |
|    entropy_loss         | -0.187       |
|    explained_variance   | 0.92         |
|    learning_rate        | 0.0003       |
|    loss                 | 0.00581      |
|    n_updates            | 250          |
|    policy_gradient_loss | -0.000869    |
|    value_loss           | 0.000118     |
------------------------------------------
  step   40008/500000 (  8.0%)  mean_rew=-0.001
------------------------------------------
| time/                   |              |
|    fps                  | 603          |
|    iterations           | 27           |
|    time_elapsed         | 68           |
|    total_timesteps      | 41472        |
| train/                  |              |
|    approx_kl            | 0.0006364364 |
|    clip_fraction        | 0.00775      |
|    clip_range           | 0.2          |
|    entropy_loss         | -0.186       |
|    explained_variance   | 0.816        |
|    learning_rate        | 0.0003       |
|    loss                 | 0.00464      |
|    n_updates            | 260          |
|    policy_gradient_loss | -0.00103     |
|    value_loss           | 0.000314     |
------------------------------------------
------------------------------------------
| time/                   |              |
|    fps                  | 602          |
|    iterations           | 28           |
|    time_elapsed         | 71           |
|    total_timesteps      | 43008        |
| train/                  |              |
|    approx_kl            | 0.0009564301 |
|    clip_fraction        | 0.00977      |
|    clip_range           | 0.2          |
|    entropy_loss         | -0.191       |
|    explained_variance   | 0.831        |
|    learning_rate        | 0.0003       |
|    loss                 | -0.00538     |
|    n_updates            | 270          |
|    policy_gradient_loss | -0.000794    |
|    value_loss           | 0.00029      |
------------------------------------------
------------------------------------------
| time/                   |              |
|    fps                  | 602          |
|    iterations           | 29           |
|    time_elapsed         | 73           |
|    total_timesteps      | 44544        |
| train/                  |              |
|    approx_kl            | 0.0006003451 |
|    clip_fraction        | 0.0128       |
|    clip_range           | 0.2          |
|    entropy_loss         | -0.198       |
|    explained_variance   | 0.903        |
|    learning_rate        | 0.0003       |
|    loss                 | -0.0012      |
|    n_updates            | 280          |
|    policy_gradient_loss | -0.00112     |
|    value_loss           | 0.000139     |
------------------------------------------
  step   45009/500000 (  9.0%)  mean_rew=-0.001
------------------------------------------
| time/                   |              |
|    fps                  | 600          |
|    iterations           | 30           |
|    time_elapsed         | 76           |
|    total_timesteps      | 46080        |
| train/                  |              |
|    approx_kl            | 0.0004354395 |
|    clip_fraction        | 0.0015       |
|    clip_range           | 0.2          |
|    entropy_loss         | -0.206       |
|    explained_variance   | 0.785        |
|    learning_rate        | 0.0003       |
|    loss                 | 0.00115      |
|    n_updates            | 290          |
|    policy_gradient_loss | -0.000357    |
|    value_loss           | 0.00033      |
------------------------------------------
------------------------------------------
| time/                   |              |
|    fps                  | 599          |
|    iterations           | 31           |
|    time_elapsed         | 79           |
|    total_timesteps      | 47616        |
| train/                  |              |
|    approx_kl            | 0.0012387576 |
|    clip_fraction        | 0.0122       |
|    clip_range           | 0.2          |
|    entropy_loss         | -0.19        |
|    explained_variance   | 0.774        |
|    learning_rate        | 0.0003       |
|    loss                 | -0.00302     |
|    n_updates            | 300          |
|    policy_gradient_loss | -0.00099     |
|    value_loss           | 0.000329     |
------------------------------------------
-------------------------------------------
| time/                   |               |
|    fps                  | 599           |
|    iterations           | 32            |
|    time_elapsed         | 81            |
|    total_timesteps      | 49152         |
| train/                  |               |
|    approx_kl            | 0.00089360884 |
|    clip_fraction        | 0.0158        |
|    clip_range           | 0.2           |
|    entropy_loss         | -0.198        |
|    explained_variance   | 0.803         |
|    learning_rate        | 0.0003        |
|    loss                 | -0.00664      |
|    n_updates            | 310           |
|    policy_gradient_loss | -0.00129      |
|    value_loss           | 0.000319      |
-------------------------------------------
  step   50010/500000 ( 10.0%)  mean_rew=-0.001
-------------------------------------------
| time/                   |               |
|    fps                  | 598           |
|    iterations           | 33            |
|    time_elapsed         | 84            |
|    total_timesteps      | 50688         |
| train/                  |               |
|    approx_kl            | 0.00049756677 |
|    clip_fraction        | 0.00983       |
|    clip_range           | 0.2           |
|    entropy_loss         | -0.218        |
|    explained_variance   | 0.907         |
|    learning_rate        | 0.0003        |
|    loss                 | 0.00632       |
|    n_updates            | 320           |
|    policy_gradient_loss | -0.000445     |
|    value_loss           | 0.000133      |
-------------------------------------------
------------------------------------------
| time/                   |              |
|    fps                  | 597          |
|    iterations           | 34           |
|    time_elapsed         | 87           |
|    total_timesteps      | 52224        |
| train/                  |              |
|    approx_kl            | 0.0019029855 |
|    clip_fraction        | 0.0484       |
|    clip_range           | 0.2          |
|    entropy_loss         | -0.195       |
|    explained_variance   | 0.811        |
|    learning_rate        | 0.0003       |
|    loss                 | -0.000627    |
|    n_updates            | 330          |
|    policy_gradient_loss | -0.00372     |
|    value_loss           | 0.000312     |
------------------------------------------
------------------------------------------
| time/                   |              |
|    fps                  | 597          |
|    iterations           | 35           |
|    time_elapsed         | 89           |
|    total_timesteps      | 53760        |
| train/                  |              |
|    approx_kl            | 0.0009955371 |
|    clip_fraction        | 0.0104       |
|    clip_range           | 0.2          |
|    entropy_loss         | -0.214       |
|    explained_variance   | 0.817        |
|    learning_rate        | 0.0003       |
|    loss                 | 0.00071      |
|    n_updates            | 340          |
|    policy_gradient_loss | -0.000661    |
|    value_loss           | 0.000321     |
------------------------------------------
  step   55011/500000 ( 11.0%)  mean_rew=-0.001
------------------------------------------
| time/                   |              |
|    fps                  | 596          |
|    iterations           | 36           |
|    time_elapsed         | 92           |
|    total_timesteps      | 55296        |
| train/                  |              |
|    approx_kl            | 0.0011530501 |
|    clip_fraction        | 0.0143       |
|    clip_range           | 0.2          |
|    entropy_loss         | -0.205       |
|    explained_variance   | 0.919        |
|    learning_rate        | 0.0003       |
|    loss                 | -0.00201     |
|    n_updates            | 350          |
|    policy_gradient_loss | -0.00119     |
|    value_loss           | 0.000114     |
------------------------------------------
------------------------------------------
| time/                   |              |
|    fps                  | 595          |
|    iterations           | 37           |
|    time_elapsed         | 95           |
|    total_timesteps      | 56832        |
| train/                  |              |
|    approx_kl            | 0.0011390193 |
|    clip_fraction        | 0.00827      |
|    clip_range           | 0.2          |
|    entropy_loss         | -0.203       |
|    explained_variance   | 0.775        |
|    learning_rate        | 0.0003       |
|    loss                 | -0.000631    |
|    n_updates            | 360          |
|    policy_gradient_loss | -0.000545    |
|    value_loss           | 0.000344     |
------------------------------------------
-------------------------------------------
| time/                   |               |
|    fps                  | 595           |
|    iterations           | 38            |
|    time_elapsed         | 98            |
|    total_timesteps      | 58368         |
| train/                  |               |
|    approx_kl            | 0.00016688346 |
|    clip_fraction        | 0.000326      |
|    clip_range           | 0.2           |
|    entropy_loss         | -0.192        |
|    explained_variance   | 0.759         |
|    learning_rate        | 0.0003        |
|    loss                 | -0.00234      |
|    n_updates            | 370           |
|    policy_gradient_loss | 6.41e-05      |
|    value_loss           | 0.000336      |
-------------------------------------------
------------------------------------------
| time/                   |              |
|    fps                  | 594          |
|    iterations           | 39           |
|    time_elapsed         | 100          |
|    total_timesteps      | 59904        |
| train/                  |              |
|    approx_kl            | 0.0014603728 |
|    clip_fraction        | 0.00944      |
|    clip_range           | 0.2          |
|    entropy_loss         | -0.181       |
|    explained_variance   | 0.786        |
|    learning_rate        | 0.0003       |
|    loss                 | 0.0058       |
|    n_updates            | 380          |
|    policy_gradient_loss | -0.000644    |
|    value_loss           | 0.000261     |
------------------------------------------
  step   60012/500000 ( 12.0%)  mean_rew=-0.001
-------------------------------------------
| time/                   |               |
|    fps                  | 594           |
|    iterations           | 40            |
|    time_elapsed         | 103           |
|    total_timesteps      | 61440         |
| train/                  |               |
|    approx_kl            | 0.00055632833 |
|    clip_fraction        | 0.00371       |
|    clip_range           | 0.2           |
|    entropy_loss         | -0.185        |
|    explained_variance   | 0.91          |
|    learning_rate        | 0.0003        |
|    loss                 | -0.000751     |
|    n_updates            | 390           |
|    policy_gradient_loss | -0.000183     |
|    value_loss           | 9.82e-05      |
-------------------------------------------
-------------------------------------------
| time/                   |               |
|    fps                  | 593           |
|    iterations           | 41            |
|    time_elapsed         | 106           |
|    total_timesteps      | 62976         |
| train/                  |               |
|    approx_kl            | 0.00070870825 |
|    clip_fraction        | 0.0191        |
|    clip_range           | 0.2           |
|    entropy_loss         | -0.209        |
|    explained_variance   | 0.783         |
|    learning_rate        | 0.0003        |
|    loss                 | 0.00235       |
|    n_updates            | 400           |
|    policy_gradient_loss | -0.00115      |
|    value_loss           | 0.000295      |
-------------------------------------------
------------------------------------------
| time/                   |              |
|    fps                  | 593          |
|    iterations           | 42           |
|    time_elapsed         | 108          |
|    total_timesteps      | 64512        |
| train/                  |              |
|    approx_kl            | 0.0010590769 |
|    clip_fraction        | 0.0163       |
|    clip_range           | 0.2          |
|    entropy_loss         | -0.195       |
|    explained_variance   | 0.795        |
|    learning_rate        | 0.0003       |
|    loss                 | -0.000981    |
|    n_updates            | 410          |
|    policy_gradient_loss | -0.00133     |
|    value_loss           | 0.000317     |
------------------------------------------
  step   65013/500000 ( 13.0%)  mean_rew=-0.001
------------------------------------------
| time/                   |              |
|    fps                  | 593          |
|    iterations           | 43           |
|    time_elapsed         | 111          |
|    total_timesteps      | 66048        |
| train/                  |              |
|    approx_kl            | 0.0004941865 |
|    clip_fraction        | 0.00124      |
|    clip_range           | 0.2          |
|    entropy_loss         | -0.197       |
|    explained_variance   | 0.919        |
|    learning_rate        | 0.0003       |
|    loss                 | 0.00186      |
|    n_updates            | 420          |
|    policy_gradient_loss | 5.3e-05      |
|    value_loss           | 0.000112     |
------------------------------------------
------------------------------------------
| time/                   |              |
|    fps                  | 592          |
|    iterations           | 44           |
|    time_elapsed         | 114          |
|    total_timesteps      | 67584        |
| train/                  |              |
|    approx_kl            | 0.0017107042 |
|    clip_fraction        | 0.0304       |
|    clip_range           | 0.2          |
|    entropy_loss         | -0.182       |
|    explained_variance   | 0.811        |
|    learning_rate        | 0.0003       |
|    loss                 | -0.000801    |
|    n_updates            | 430          |
|    policy_gradient_loss | -0.00189     |
|    value_loss           | 0.000279     |
------------------------------------------
-------------------------------------------
| time/                   |               |
|    fps                  | 592           |
|    iterations           | 45            |
|    time_elapsed         | 116           |
|    total_timesteps      | 69120         |
| train/                  |               |
|    approx_kl            | 0.00033764506 |
|    clip_fraction        | 0.00625       |
|    clip_range           | 0.2           |
|    entropy_loss         | -0.186        |
|    explained_variance   | 0.82          |
|    learning_rate        | 0.0003        |
|    loss                 | -0.00193      |
|    n_updates            | 440           |
|    policy_gradient_loss | -0.000335     |
|    value_loss           | 0.000288      |
-------------------------------------------
  step   70014/500000 ( 14.0%)  mean_rew=-0.001
-------------------------------------------
| time/                   |               |
|    fps                  | 591           |
|    iterations           | 46            |
|    time_elapsed         | 119           |
|    total_timesteps      | 70656         |
| train/                  |               |
|    approx_kl            | 0.00070788915 |
|    clip_fraction        | 0.00755       |
|    clip_range           | 0.2           |
|    entropy_loss         | -0.191        |
|    explained_variance   | 0.818         |
|    learning_rate        | 0.0003        |
|    loss                 | 0.00243       |
|    n_updates            | 450           |
|    policy_gradient_loss | -0.000189     |
|    value_loss           | 0.00027       |
-------------------------------------------
------------------------------------------
| time/                   |              |
|    fps                  | 591          |
|    iterations           | 47           |
|    time_elapsed         | 122          |
|    total_timesteps      | 72192        |
| train/                  |              |
|    approx_kl            | 0.0014653065 |
|    clip_fraction        | 0.00723      |
|    clip_range           | 0.2          |
|    entropy_loss         | -0.161       |
|    explained_variance   | 0.922        |
|    learning_rate        | 0.0003       |
|    loss                 | 0.000995     |
|    n_updates            | 460          |
|    policy_gradient_loss | -0.000819    |
|    value_loss           | 0.000105     |
------------------------------------------
-----------------------------------------
| time/                   |             |
|    fps                  | 590         |
|    iterations           | 48          |
|    time_elapsed         | 124         |
|    total_timesteps      | 73728       |
| train/                  |             |
|    approx_kl            | 0.001106623 |
|    clip_fraction        | 0.0198      |
|    clip_range           | 0.2         |
|    entropy_loss         | -0.141      |
|    explained_variance   | 0.819       |
|    learning_rate        | 0.0003      |
|    loss                 | -0.0053     |
|    n_updates            | 470         |
|    policy_gradient_loss | -0.00136    |
|    value_loss           | 0.000247    |
-----------------------------------------
  step   75015/500000 ( 15.0%)  mean_rew=-0.002
------------------------------------------
| time/                   |              |
|    fps                  | 590          |
|    iterations           | 49           |
|    time_elapsed         | 127          |
|    total_timesteps      | 75264        |
| train/                  |              |
|    approx_kl            | 9.646759e-05 |
|    clip_fraction        | 0.00111      |
|    clip_range           | 0.2          |
|    entropy_loss         | -0.133       |
|    explained_variance   | 0.815        |
|    learning_rate        | 0.0003       |
|    loss                 | 0.000123     |
|    n_updates            | 480          |
|    policy_gradient_loss | -9.47e-05    |
|    value_loss           | 0.000261     |
------------------------------------------
  Stage 1 saved -> cologne3_ppo_stage1_25pct.zip

────────────────────────────────────────────────────────────
  Stage 2/4  50% demand  100000 steps  (cumulative -> 175000)
  Route: cologne3_rand_50pct.rou.xml
────────────────────────────────────────────────────────────
------------------------------
| time/              |       |
|    fps             | 639   |
|    iterations      | 1     |
|    time_elapsed    | 2     |
|    total_timesteps | 76800 |
------------------------------
-------------------------------------------
| time/                   |               |
|    fps                  | 542           |
|    iterations           | 2             |
|    time_elapsed         | 5             |
|    total_timesteps      | 78336         |
| train/                  |               |
|    approx_kl            | 0.00057226757 |
|    clip_fraction        | 0.0168        |
|    clip_range           | 0.2           |
|    entropy_loss         | -0.172        |
|    explained_variance   | 0.828         |
|    learning_rate        | 0.0003        |
|    loss                 | 0.000685      |
|    n_updates            | 500           |
|    policy_gradient_loss | -0.00132      |
|    value_loss           | 0.000274      |
-------------------------------------------
-----------------------------------------
| time/                   |             |
|    fps                  | 514         |
|    iterations           | 3           |
|    time_elapsed         | 8           |
|    total_timesteps      | 79872       |
| train/                  |             |
|    approx_kl            | 0.001414657 |
|    clip_fraction        | 0.0101      |
|    clip_range           | 0.2         |
|    entropy_loss         | -0.163      |
|    explained_variance   | 0.718       |
|    learning_rate        | 0.0003      |
|    loss                 | 0.00264     |
|    n_updates            | 510         |
|    policy_gradient_loss | -0.000327   |
|    value_loss           | 0.000774    |
-----------------------------------------
  step   80016/500000 ( 16.0%)  mean_rew=-0.002
-------------------------------------------
| time/                   |               |
|    fps                  | 505           |
|    iterations           | 4             |
|    time_elapsed         | 12            |
|    total_timesteps      | 81408         |
| train/                  |               |
|    approx_kl            | 0.00010718914 |
|    clip_fraction        | 0.000651      |
|    clip_range           | 0.2           |
|    entropy_loss         | -0.146        |
|    explained_variance   | 0.753         |
|    learning_rate        | 0.0003        |
|    loss                 | 0.000459      |
|    n_updates            | 520           |
|    policy_gradient_loss | -0.000234     |
|    value_loss           | 0.000798      |
-------------------------------------------
-------------------------------------------
| time/                   |               |
|    fps                  | 499           |
|    iterations           | 5             |
|    time_elapsed         | 15            |
|    total_timesteps      | 82944         |
| train/                  |               |
|    approx_kl            | 0.00037105897 |
|    clip_fraction        | 0.0069        |
|    clip_range           | 0.2           |
|    entropy_loss         | -0.158        |
|    explained_variance   | 0.885         |
|    learning_rate        | 0.0003        |
|    loss                 | 0.000571      |
|    n_updates            | 530           |
|    policy_gradient_loss | -0.000421     |
|    value_loss           | 0.000338      |
-------------------------------------------
------------------------------------------
| time/                   |              |
|    fps                  | 492          |
|    iterations           | 6            |
|    time_elapsed         | 18           |
|    total_timesteps      | 84480        |
| train/                  |              |
|    approx_kl            | 0.0012776678 |
|    clip_fraction        | 0.0182       |
|    clip_range           | 0.2          |
|    entropy_loss         | -0.135       |
|    explained_variance   | 0.775        |
|    learning_rate        | 0.0003       |
|    loss                 | 1.04e-05     |
|    n_updates            | 540          |
|    policy_gradient_loss | -0.000812    |
|    value_loss           | 0.000811     |
------------------------------------------
  step   85017/500000 ( 17.0%)  mean_rew=-0.002
-------------------------------------------
| time/                   |               |
|    fps                  | 490           |
|    iterations           | 7             |
|    time_elapsed         | 21            |
|    total_timesteps      | 86016         |
| train/                  |               |
|    approx_kl            | 0.00026400771 |
|    clip_fraction        | 0.00651       |
|    clip_range           | 0.2           |
|    entropy_loss         | -0.12         |
|    explained_variance   | 0.765         |
|    learning_rate        | 0.0003        |
|    loss                 | -0.0019       |
|    n_updates            | 550           |
|    policy_gradient_loss | -0.000423     |
|    value_loss           | 0.000952      |
-------------------------------------------
-------------------------------------------
| time/                   |               |
|    fps                  | 487           |
|    iterations           | 8             |
|    time_elapsed         | 25            |
|    total_timesteps      | 87552         |
| train/                  |               |
|    approx_kl            | 0.00049427565 |
|    clip_fraction        | 0.00957       |
|    clip_range           | 0.2           |
|    entropy_loss         | -0.102        |
|    explained_variance   | 0.922         |
|    learning_rate        | 0.0003        |
|    loss                 | 0.00342       |
|    n_updates            | 560           |
|    policy_gradient_loss | -0.00122      |
|    value_loss           | 0.000281      |
-------------------------------------------
------------------------------------------
| time/                   |              |
|    fps                  | 484          |
|    iterations           | 9            |
|    time_elapsed         | 28           |
|    total_timesteps      | 89088        |
| train/                  |              |
|    approx_kl            | 0.0007645536 |
|    clip_fraction        | 0.0118       |
|    clip_range           | 0.2          |
|    entropy_loss         | -0.0886      |
|    explained_variance   | 0.824        |
|    learning_rate        | 0.0003       |
|    loss                 | 0.00104      |
|    n_updates            | 570          |
|    policy_gradient_loss | -0.000691    |
|    value_loss           | 0.000851     |
------------------------------------------
  step   90018/500000 ( 18.0%)  mean_rew=-0.003
------------------------------------------
| time/                   |              |
|    fps                  | 482          |
|    iterations           | 10           |
|    time_elapsed         | 31           |
|    total_timesteps      | 90624        |
| train/                  |              |
|    approx_kl            | 0.0006572853 |
|    clip_fraction        | 0.0107       |
|    clip_range           | 0.2          |
|    entropy_loss         | -0.097       |
|    explained_variance   | 0.769        |
|    learning_rate        | 0.0003       |
|    loss                 | 0.00399      |
|    n_updates            | 580          |
|    policy_gradient_loss | -0.00117     |
|    value_loss           | 0.00114      |
------------------------------------------
------------------------------------------
| time/                   |              |
|    fps                  | 482          |
|    iterations           | 11           |
|    time_elapsed         | 35           |
|    total_timesteps      | 92160        |
| train/                  |              |
|    approx_kl            | 0.0005719505 |
|    clip_fraction        | 0.0102       |
|    clip_range           | 0.2          |
|    entropy_loss         | -0.0812      |
|    explained_variance   | 0.783        |
|    learning_rate        | 0.0003       |
|    loss                 | -0.00283     |
|    n_updates            | 590          |
|    policy_gradient_loss | -0.000597    |
|    value_loss           | 0.00104      |
------------------------------------------
-------------------------------------------
| time/                   |               |
|    fps                  | 480           |
|    iterations           | 12            |
|    time_elapsed         | 38            |
|    total_timesteps      | 93696         |
| train/                  |               |
|    approx_kl            | 0.00047610732 |
|    clip_fraction        | 0.00111       |
|    clip_range           | 0.2           |
|    entropy_loss         | -0.0745       |
|    explained_variance   | 0.92          |
|    learning_rate        | 0.0003        |
|    loss                 | 0.00157       |
|    n_updates            | 600           |
|    policy_gradient_loss | -0.000136     |
|    value_loss           | 0.000357      |
-------------------------------------------
  step   95019/500000 ( 19.0%)  mean_rew=-0.003
------------------------------------------
| time/                   |              |
|    fps                  | 477          |
|    iterations           | 13           |
|    time_elapsed         | 41           |
|    total_timesteps      | 95232        |
| train/                  |              |
|    approx_kl            | 0.0002783565 |
|    clip_fraction        | 0.00345      |
|    clip_range           | 0.2          |
|    entropy_loss         | -0.0598      |
|    explained_variance   | 0.789        |
|    learning_rate        | 0.0003       |
|    loss                 | 0.00134      |
|    n_updates            | 610          |
|    policy_gradient_loss | -0.000167    |
|    value_loss           | 0.00129      |
------------------------------------------
-------------------------------------------
| time/                   |               |
|    fps                  | 398           |
|    iterations           | 14            |
|    time_elapsed         | 54            |
|    total_timesteps      | 96768         |
| train/                  |               |
|    approx_kl            | 0.00031325108 |
|    clip_fraction        | 0.00794       |
|    clip_range           | 0.2           |
|    entropy_loss         | -0.0491       |
|    explained_variance   | 0.0991        |
|    learning_rate        | 0.0003        |
|    loss                 | 0.00402       |
|    n_updates            | 620           |
|    policy_gradient_loss | -0.000418     |
|    value_loss           | 0.0243        |
-------------------------------------------
------------------------------------------
| time/                   |              |
|    fps                  | 393          |
|    iterations           | 15           |
|    time_elapsed         | 58           |
|    total_timesteps      | 98304        |
| train/                  |              |
|    approx_kl            | 0.0013022665 |
|    clip_fraction        | 0.015        |
|    clip_range           | 0.2          |
|    entropy_loss         | -0.208       |
|    explained_variance   | 0.651        |
|    learning_rate        | 0.0003       |
|    loss                 | 0.513        |
|    n_updates            | 630          |
|    policy_gradient_loss | 0.000756     |
|    value_loss           | 1.31         |
------------------------------------------
------------------------------------------
| time/                   |              |
|    fps                  | 397          |
|    iterations           | 16           |
|    time_elapsed         | 61           |
|    total_timesteps      | 99840        |
| train/                  |              |
|    approx_kl            | 0.0007505981 |
|    clip_fraction        | 0.0104       |
|    clip_range           | 0.2          |
|    entropy_loss         | -0.0651      |
|    explained_variance   | 0.736        |
|    learning_rate        | 0.0003       |
|    loss                 | 0.0784       |
|    n_updates            | 640          |
|    policy_gradient_loss | -0.000229    |
|    value_loss           | 0.297        |
------------------------------------------
  step  100020/500000 ( 20.0%)  mean_rew=-0.002
-------------------------------------------
| time/                   |               |
|    fps                  | 400           |
|    iterations           | 17            |
|    time_elapsed         | 65            |
|    total_timesteps      | 101376        |
| train/                  |               |
|    approx_kl            | 0.00016735466 |
|    clip_fraction        | 0.00215       |
|    clip_range           | 0.2           |
|    entropy_loss         | -0.0424       |
|    explained_variance   | 0.873         |
|    learning_rate        | 0.0003        |
|    loss                 | 0.00183       |
|    n_updates            | 650           |
|    policy_gradient_loss | -0.00024      |
|    value_loss           | 0.00406       |
-------------------------------------------
-------------------------------------------
| time/                   |               |
|    fps                  | 404           |
|    iterations           | 18            |
|    time_elapsed         | 68            |
|    total_timesteps      | 102912        |
| train/                  |               |
|    approx_kl            | 0.00012281556 |
|    clip_fraction        | 0.000911      |
|    clip_range           | 0.2           |
|    entropy_loss         | -0.0467       |
|    explained_variance   | 0.856         |
|    learning_rate        | 0.0003        |
|    loss                 | 0.00098       |
|    n_updates            | 660           |
|    policy_gradient_loss | -5e-05        |
|    value_loss           | 0.00411       |
-------------------------------------------
-------------------------------------------
| time/                   |               |
|    fps                  | 407           |
|    iterations           | 19            |
|    time_elapsed         | 71            |
|    total_timesteps      | 104448        |
| train/                  |               |
|    approx_kl            | 0.00013987471 |
|    clip_fraction        | 0.00332       |
|    clip_range           | 0.2           |
|    entropy_loss         | -0.042        |
|    explained_variance   | 0.883         |
|    learning_rate        | 0.0003        |
|    loss                 | 0.00123       |
|    n_updates            | 670           |
|    policy_gradient_loss | -0.000227     |
|    value_loss           | 0.00269       |
-------------------------------------------
  step  105021/500000 ( 21.0%)  mean_rew=-0.003
-------------------------------------------
| time/                   |               |
|    fps                  | 409           |
|    iterations           | 20            |
|    time_elapsed         | 75            |
|    total_timesteps      | 105984        |
| train/                  |               |
|    approx_kl            | 0.00036277276 |
|    clip_fraction        | 0.00404       |
|    clip_range           | 0.2           |
|    entropy_loss         | -0.0334       |
|    explained_variance   | 0.852         |
|    learning_rate        | 0.0003        |
|    loss                 | 0.00113       |
|    n_updates            | 680           |
|    policy_gradient_loss | -0.000376     |
|    value_loss           | 0.00306       |
-------------------------------------------
-------------------------------------------
| time/                   |               |
|    fps                  | 411           |
|    iterations           | 21            |
|    time_elapsed         | 78            |
|    total_timesteps      | 107520        |
| train/                  |               |
|    approx_kl            | 0.00011132157 |
|    clip_fraction        | 0.00163       |
|    clip_range           | 0.2           |
|    entropy_loss         | -0.0274       |
|    explained_variance   | 0.82          |
|    learning_rate        | 0.0003        |
|    loss                 | 0.00115       |
|    n_updates            | 690           |
|    policy_gradient_loss | -0.000181     |
|    value_loss           | 0.00307       |
-------------------------------------------
-------------------------------------------
| time/                   |               |
|    fps                  | 413           |
|    iterations           | 22            |
|    time_elapsed         | 81            |
|    total_timesteps      | 109056        |
| train/                  |               |
|    approx_kl            | 0.00010450037 |
|    clip_fraction        | 0.00462       |
|    clip_range           | 0.2           |
|    entropy_loss         | -0.0297       |
|    explained_variance   | 0.851         |
|    learning_rate        | 0.0003        |
|    loss                 | -0.000834     |
|    n_updates            | 700           |
|    policy_gradient_loss | -0.000929     |
|    value_loss           | 0.00211       |
-------------------------------------------
  step  110022/500000 ( 22.0%)  mean_rew=-0.003
-------------------------------------------
| time/                   |               |
|    fps                  | 415           |
|    iterations           | 23            |
|    time_elapsed         | 85            |
|    total_timesteps      | 110592        |
| train/                  |               |
|    approx_kl            | 0.00013771157 |
|    clip_fraction        | 0.00163       |
|    clip_range           | 0.2           |
|    entropy_loss         | -0.0261       |
|    explained_variance   | 0.797         |
|    learning_rate        | 0.0003        |
|    loss                 | 0.00129       |
|    n_updates            | 710           |
|    policy_gradient_loss | -0.000196     |
|    value_loss           | 0.00255       |
-------------------------------------------
-------------------------------------------
| time/                   |               |
|    fps                  | 416           |
|    iterations           | 24            |
|    time_elapsed         | 88            |
|    total_timesteps      | 112128        |
| train/                  |               |
|    approx_kl            | 0.00016594287 |
|    clip_fraction        | 0.000651      |
|    clip_range           | 0.2           |
|    entropy_loss         | -0.0231       |
|    explained_variance   | 0.788         |
|    learning_rate        | 0.0003        |
|    loss                 | 0.00159       |
|    n_updates            | 720           |
|    policy_gradient_loss | -0.000121     |
|    value_loss           | 0.00247       |
-------------------------------------------
------------------------------------------
| time/                   |              |
|    fps                  | 418          |
|    iterations           | 25           |
|    time_elapsed         | 91           |
|    total_timesteps      | 113664       |
| train/                  |              |
|    approx_kl            | 9.888186e-05 |
|    clip_fraction        | 0.00189      |
|    clip_range           | 0.2          |
|    entropy_loss         | -0.0178      |
|    explained_variance   | 0.784        |
|    learning_rate        | 0.0003       |
|    loss                 | 0.00171      |
|    n_updates            | 730          |
|    policy_gradient_loss | -0.000188    |
|    value_loss           | 0.00221      |
------------------------------------------
  step  115023/500000 ( 23.0%)  mean_rew=-0.002
-------------------------------------------
| time/                   |               |
|    fps                  | 419           |
|    iterations           | 26            |
|    time_elapsed         | 95            |
|    total_timesteps      | 115200        |
| train/                  |               |
|    approx_kl            | 1.7407816e-05 |
|    clip_fraction        | 0.000456      |
|    clip_range           | 0.2           |
|    entropy_loss         | -0.0171       |
|    explained_variance   | 0.836         |
|    learning_rate        | 0.0003        |
|    loss                 | 0.000694      |
|    n_updates            | 740           |
|    policy_gradient_loss | -0.000102     |
|    value_loss           | 0.00142       |
-------------------------------------------
-------------------------------------------
| time/                   |               |
|    fps                  | 420           |
|    iterations           | 27            |
|    time_elapsed         | 98            |
|    total_timesteps      | 116736        |
| train/                  |               |
|    approx_kl            | 0.00012596056 |
|    clip_fraction        | 0.00163       |
|    clip_range           | 0.2           |
|    entropy_loss         | -0.0196       |
|    explained_variance   | 0.768         |
|    learning_rate        | 0.0003        |
|    loss                 | 0.000736      |
|    n_updates            | 750           |
|    policy_gradient_loss | -0.000201     |
|    value_loss           | 0.00205       |
-------------------------------------------
-------------------------------------------
| time/                   |               |
|    fps                  | 422           |
|    iterations           | 28            |
|    time_elapsed         | 101           |
|    total_timesteps      | 118272        |
| train/                  |               |
|    approx_kl            | 0.00011045699 |
|    clip_fraction        | 0.00215       |
|    clip_range           | 0.2           |
|    entropy_loss         | -0.0174       |
|    explained_variance   | 0.74          |
|    learning_rate        | 0.0003        |
|    loss                 | 0.00119       |
|    n_updates            | 760           |
|    policy_gradient_loss | -0.000249     |
|    value_loss           | 0.00228       |
-------------------------------------------
------------------------------------------
| time/                   |              |
|    fps                  | 423          |
|    iterations           | 29           |
|    time_elapsed         | 105          |
|    total_timesteps      | 119808       |
| train/                  |              |
|    approx_kl            | 8.921573e-05 |
|    clip_fraction        | 0.00137      |
|    clip_range           | 0.2          |
|    entropy_loss         | -0.0151      |
|    explained_variance   | 0.838        |
|    learning_rate        | 0.0003       |
|    loss                 | 0.000939     |
|    n_updates            | 770          |
|    policy_gradient_loss | -0.000201    |
|    value_loss           | 0.00125      |
------------------------------------------
  step  120024/500000 ( 24.0%)  mean_rew=-0.002
------------------------------------------
| time/                   |              |
|    fps                  | 424          |
|    iterations           | 30           |
|    time_elapsed         | 108          |
|    total_timesteps      | 121344       |
| train/                  |              |
|    approx_kl            | 2.019736e-05 |
|    clip_fraction        | 6.51e-05     |
|    clip_range           | 0.2          |
|    entropy_loss         | -0.0139      |
|    explained_variance   | 0.713        |
|    learning_rate        | 0.0003       |
|    loss                 | 0.00102      |
|    n_updates            | 780          |
|    policy_gradient_loss | 4.6e-06      |
|    value_loss           | 0.00196      |
------------------------------------------
------------------------------------------
| time/                   |              |
|    fps                  | 425          |
|    iterations           | 31           |
|    time_elapsed         | 112          |
|    total_timesteps      | 122880       |
| train/                  |              |
|    approx_kl            | 0.0001464492 |
|    clip_fraction        | 0.00156      |
|    clip_range           | 0.2          |
|    entropy_loss         | -0.016       |
|    explained_variance   | 0.742        |
|    learning_rate        | 0.0003       |
|    loss                 | 0.00111      |
|    n_updates            | 790          |
|    policy_gradient_loss | -0.00063     |
|    value_loss           | 0.00198      |
------------------------------------------
-------------------------------------------
| time/                   |               |
|    fps                  | 426           |
|    iterations           | 32            |
|    time_elapsed         | 115           |
|    total_timesteps      | 124416        |
| train/                  |               |
|    approx_kl            | 0.00011524849 |
|    clip_fraction        | 0.00176       |
|    clip_range           | 0.2           |
|    entropy_loss         | -0.0151       |
|    explained_variance   | 0.763         |
|    learning_rate        | 0.0003        |
|    loss                 | 0.000983      |
|    n_updates            | 800           |
|    policy_gradient_loss | -0.000224     |
|    value_loss           | 0.0017        |
-------------------------------------------
  step  125025/500000 ( 25.0%)  mean_rew=-0.003
-------------------------------------------
| time/                   |               |
|    fps                  | 426           |
|    iterations           | 33            |
|    time_elapsed         | 118           |
|    total_timesteps      | 125952        |
| train/                  |               |
|    approx_kl            | 2.6508118e-05 |
|    clip_fraction        | 0.000391      |
|    clip_range           | 0.2           |
|    entropy_loss         | -0.0134       |
|    explained_variance   | 0.863         |
|    learning_rate        | 0.0003        |
|    loss                 | 0.000406      |
|    n_updates            | 810           |
|    policy_gradient_loss | -8.05e-05     |
|    value_loss           | 0.000792      |
-------------------------------------------
------------------------------------------
| time/                   |              |
|    fps                  | 427          |
|    iterations           | 34           |
|    time_elapsed         | 122          |
|    total_timesteps      | 127488       |
| train/                  |              |
|    approx_kl            | 9.895302e-09 |
|    clip_fraction        | 0            |
|    clip_range           | 0.2          |
|    entropy_loss         | -0.0129      |
|    explained_variance   | 0.744        |
|    learning_rate        | 0.0003       |
|    loss                 | 0.0007       |
|    n_updates            | 820          |
|    policy_gradient_loss | -4.31e-06    |
|    value_loss           | 0.00175      |
------------------------------------------
-------------------------------------------
| time/                   |               |
|    fps                  | 428           |
|    iterations           | 35            |
|    time_elapsed         | 125           |
|    total_timesteps      | 129024        |
| train/                  |               |
|    approx_kl            | 2.9244577e-05 |
|    clip_fraction        | 0.000456      |
|    clip_range           | 0.2           |
|    entropy_loss         | -0.0133       |
|    explained_variance   | 0.733         |
|    learning_rate        | 0.0003        |
|    loss                 | 0.00077       |
|    n_updates            | 830           |
|    policy_gradient_loss | -5.52e-05     |
|    value_loss           | 0.00164       |
-------------------------------------------
  step  130026/500000 ( 26.0%)  mean_rew=-0.002
-------------------------------------------
| time/                   |               |
|    fps                  | 429           |
|    iterations           | 36            |
|    time_elapsed         | 128           |
|    total_timesteps      | 130560        |
| train/                  |               |
|    approx_kl            | 3.0598447e-05 |
|    clip_fraction        | 0.000195      |
|    clip_range           | 0.2           |
|    entropy_loss         | -0.0134       |
|    explained_variance   | 0.85          |
|    learning_rate        | 0.0003        |
|    loss                 | 0.000119      |
|    n_updates            | 840           |
|    policy_gradient_loss | -2.47e-05     |
|    value_loss           | 0.000846      |
-------------------------------------------
-------------------------------------------
| time/                   |               |
|    fps                  | 430           |
|    iterations           | 37            |
|    time_elapsed         | 132           |
|    total_timesteps      | 132096        |
| train/                  |               |
|    approx_kl            | 1.0702487e-05 |
|    clip_fraction        | 0.000326      |
|    clip_range           | 0.2           |
|    entropy_loss         | -0.0139       |
|    explained_variance   | 0.722         |
|    learning_rate        | 0.0003        |
|    loss                 | 0.000705      |
|    n_updates            | 850           |
|    policy_gradient_loss | -2.34e-05     |
|    value_loss           | 0.0015        |
-------------------------------------------
--------------------------------------------
| time/                   |                |
|    fps                  | 430            |
|    iterations           | 38             |
|    time_elapsed         | 135            |
|    total_timesteps      | 133632         |
| train/                  |                |
|    approx_kl            | 0.000111738955 |
|    clip_fraction        | 0.000521       |
|    clip_range           | 0.2            |
|    entropy_loss         | -0.0138        |
|    explained_variance   | 0.725          |
|    learning_rate        | 0.0003         |
|    loss                 | 0.000635       |
|    n_updates            | 860            |
|    policy_gradient_loss | -0.00012       |
|    value_loss           | 0.00163        |
--------------------------------------------
  step  135027/500000 ( 27.0%)  mean_rew=-0.003
-------------------------------------------
| time/                   |               |
|    fps                  | 432           |
|    iterations           | 39            |
|    time_elapsed         | 138           |
|    total_timesteps      | 135168        |
| train/                  |               |
|    approx_kl            | 0.00014600523 |
|    clip_fraction        | 0.00163       |
|    clip_range           | 0.2           |
|    entropy_loss         | -0.0156       |
|    explained_variance   | 0.73          |
|    learning_rate        | 0.0003        |
|    loss                 | -0.00142      |
|    n_updates            | 870           |
|    policy_gradient_loss | -0.000178     |
|    value_loss           | 0.00134       |
-------------------------------------------
------------------------------------------
| time/                   |              |
|    fps                  | 433          |
|    iterations           | 40           |
|    time_elapsed         | 141          |
|    total_timesteps      | 136704       |
| train/                  |              |
|    approx_kl            | 6.338477e-05 |
|    clip_fraction        | 0.000846     |
|    clip_range           | 0.2          |
|    entropy_loss         | -0.0168      |
|    explained_variance   | 0.864        |
|    learning_rate        | 0.0003       |
|    loss                 | 0.000213     |
|    n_updates            | 880          |
|    policy_gradient_loss | -0.000148    |
|    value_loss           | 0.000539     |
------------------------------------------
------------------------------------------
| time/                   |              |
|    fps                  | 436          |
|    iterations           | 41           |
|    time_elapsed         | 144          |
|    total_timesteps      | 138240       |
| train/                  |              |
|    approx_kl            | 0.0001344973 |
|    clip_fraction        | 0.00124      |
|    clip_range           | 0.2          |
|    entropy_loss         | -0.0156      |
|    explained_variance   | 0.713        |
|    learning_rate        | 0.0003       |
|    loss                 | 0.000591     |
|    n_updates            | 890          |
|    policy_gradient_loss | -0.000229    |
|    value_loss           | 0.00145      |
------------------------------------------
------------------------------------------
| time/                   |              |
|    fps                  | 441          |
|    iterations           | 42           |
|    time_elapsed         | 146          |
|    total_timesteps      | 139776       |
| train/                  |              |
|    approx_kl            | 0.0001623386 |
|    clip_fraction        | 0.00273      |
|    clip_range           | 0.2          |
|    entropy_loss         | -0.0134      |
|    explained_variance   | 0.725        |
|    learning_rate        | 0.0003       |
|    loss                 | 0.00064      |
|    n_updates            | 900          |
|    policy_gradient_loss | -0.000331    |
|    value_loss           | 0.0013       |
------------------------------------------
  step  140028/500000 ( 28.0%)  mean_rew=-0.003
-------------------------------------------
| time/                   |               |
|    fps                  | 445           |
|    iterations           | 43            |
|    time_elapsed         | 148           |
|    total_timesteps      | 141312        |
| train/                  |               |
|    approx_kl            | 0.00018539012 |
|    clip_fraction        | 0.00104       |
|    clip_range           | 0.2           |
|    entropy_loss         | -0.0133       |
|    explained_variance   | 0.871         |
|    learning_rate        | 0.0003        |
|    loss                 | 0.000164      |
|    n_updates            | 910           |
|    policy_gradient_loss | -0.000508     |
|    value_loss           | 0.000551      |
-------------------------------------------
------------------------------------------
| time/                   |              |
|    fps                  | 449          |
|    iterations           | 44           |
|    time_elapsed         | 150          |
|    total_timesteps      | 142848       |
| train/                  |              |
|    approx_kl            | 9.002785e-09 |
|    clip_fraction        | 0            |
|    clip_range           | 0.2          |
|    entropy_loss         | -0.0155      |
|    explained_variance   | 0.753        |
|    learning_rate        | 0.0003       |
|    loss                 | 0.000385     |
|    n_updates            | 920          |
|    policy_gradient_loss | -3.92e-07    |
|    value_loss           | 0.00123      |
------------------------------------------
-------------------------------------------
| time/                   |               |
|    fps                  | 454           |
|    iterations           | 45            |
|    time_elapsed         | 152           |
|    total_timesteps      | 144384        |
| train/                  |               |
|    approx_kl            | 4.2281423e-05 |
|    clip_fraction        | 0.00137       |
|    clip_range           | 0.2           |
|    entropy_loss         | -0.0174       |
|    explained_variance   | 0.745         |
|    learning_rate        | 0.0003        |
|    loss                 | 0.000771      |
|    n_updates            | 930           |
|    policy_gradient_loss | -7.18e-05     |
|    value_loss           | 0.0012        |
-------------------------------------------
  step  145029/500000 ( 29.0%)  mean_rew=-0.002
-------------------------------------------
| time/                   |               |
|    fps                  | 458           |
|    iterations           | 46            |
|    time_elapsed         | 154           |
|    total_timesteps      | 145920        |
| train/                  |               |
|    approx_kl            | 0.00017566606 |
|    clip_fraction        | 0.00156       |
|    clip_range           | 0.2           |
|    entropy_loss         | -0.015        |
|    explained_variance   | 0.739         |
|    learning_rate        | 0.0003        |
|    loss                 | 0.000463      |
|    n_updates            | 940           |
|    policy_gradient_loss | -5.17e-05     |
|    value_loss           | 0.00127       |
-------------------------------------------
------------------------------------------
| time/                   |              |
|    fps                  | 462          |
|    iterations           | 47           |
|    time_elapsed         | 156          |
|    total_timesteps      | 147456       |
| train/                  |              |
|    approx_kl            | 4.477349e-05 |
|    clip_fraction        | 0.00169      |
|    clip_range           | 0.2          |
|    entropy_loss         | -0.0159      |
|    explained_variance   | 0.908        |
|    learning_rate        | 0.0003       |
|    loss                 | 0.000454     |
|    n_updates            | 950          |
|    policy_gradient_loss | -6.29e-06    |
|    value_loss           | 0.000307     |
------------------------------------------
------------------------------------------
| time/                   |              |
|    fps                  | 465          |
|    iterations           | 48           |
|    time_elapsed         | 158          |
|    total_timesteps      | 148992       |
| train/                  |              |
|    approx_kl            | 6.190509e-05 |
|    clip_fraction        | 0.000716     |
|    clip_range           | 0.2          |
|    entropy_loss         | -0.013       |
|    explained_variance   | 0.731        |
|    learning_rate        | 0.0003       |
|    loss                 | 0.000688     |
|    n_updates            | 960          |
|    policy_gradient_loss | -7.84e-05    |
|    value_loss           | 0.00123      |
------------------------------------------
  step  150030/500000 ( 30.0%)  mean_rew=-0.002
------------------------------------------
| time/                   |              |
|    fps                  | 469          |
|    iterations           | 49           |
|    time_elapsed         | 160          |
|    total_timesteps      | 150528       |
| train/                  |              |
|    approx_kl            | 3.867321e-05 |
|    clip_fraction        | 0.00156      |
|    clip_range           | 0.2          |
|    entropy_loss         | -0.0132      |
|    explained_variance   | 0.722        |
|    learning_rate        | 0.0003       |
|    loss                 | 0.000538     |
|    n_updates            | 970          |
|    policy_gradient_loss | -9.27e-05    |
|    value_loss           | 0.00124      |
------------------------------------------
-------------------------------------------
| time/                   |               |
|    fps                  | 473           |
|    iterations           | 50            |
|    time_elapsed         | 162           |
|    total_timesteps      | 152064        |
| train/                  |               |
|    approx_kl            | 0.00012411414 |
|    clip_fraction        | 0.000781      |
|    clip_range           | 0.2           |
|    entropy_loss         | -0.0146       |
|    explained_variance   | 0.898         |
|    learning_rate        | 0.0003        |
|    loss                 | 0.000107      |
|    n_updates            | 980           |
|    policy_gradient_loss | -4.82e-05     |
|    value_loss           | 0.000385      |
-------------------------------------------
-------------------------------------------
| time/                   |               |
|    fps                  | 477           |
|    iterations           | 51            |
|    time_elapsed         | 164           |
|    total_timesteps      | 153600        |
| train/                  |               |
|    approx_kl            | 7.9262456e-05 |
|    clip_fraction        | 0.0015        |
|    clip_range           | 0.2           |
|    entropy_loss         | -0.0139       |
|    explained_variance   | 0.766         |
|    learning_rate        | 0.0003        |
|    loss                 | 0.000354      |
|    n_updates            | 990           |
|    policy_gradient_loss | -0.000224     |
|    value_loss           | 0.00106       |
-------------------------------------------
  step  155031/500000 ( 31.0%)  mean_rew=-0.003
------------------------------------------
| time/                   |              |
|    fps                  | 481          |
|    iterations           | 52           |
|    time_elapsed         | 166          |
|    total_timesteps      | 155136       |
| train/                  |              |
|    approx_kl            | 8.810746e-05 |
|    clip_fraction        | 0.00163      |
|    clip_range           | 0.2          |
|    entropy_loss         | -0.0131      |
|    explained_variance   | 0.764        |
|    learning_rate        | 0.0003       |
|    loss                 | 0.000647     |
|    n_updates            | 1000         |
|    policy_gradient_loss | -0.000251    |
|    value_loss           | 0.00113      |
------------------------------------------
-------------------------------------------
| time/                   |               |
|    fps                  | 484           |
|    iterations           | 53            |
|    time_elapsed         | 168           |
|    total_timesteps      | 156672        |
| train/                  |               |
|    approx_kl            | 0.00013445756 |
|    clip_fraction        | 0.00111       |
|    clip_range           | 0.2           |
|    entropy_loss         | -0.00913      |
|    explained_variance   | 0.917         |
|    learning_rate        | 0.0003        |
|    loss                 | 0.000174      |
|    n_updates            | 1010          |
|    policy_gradient_loss | -0.000209     |
|    value_loss           | 0.000366      |
-------------------------------------------
------------------------------------------
| time/                   |              |
|    fps                  | 487          |
|    iterations           | 54           |
|    time_elapsed         | 169          |
|    total_timesteps      | 158208       |
| train/                  |              |
|    approx_kl            | 6.542766e-05 |
|    clip_fraction        | 0.000456     |
|    clip_range           | 0.2          |
|    entropy_loss         | -0.00707     |
|    explained_variance   | 0.815        |
|    learning_rate        | 0.0003       |
|    loss                 | -0.000586    |
|    n_updates            | 1020         |
|    policy_gradient_loss | -0.000101    |
|    value_loss           | 0.00096      |
------------------------------------------
-------------------------------------------
| time/                   |               |
|    fps                  | 491           |
|    iterations           | 55            |
|    time_elapsed         | 171           |
|    total_timesteps      | 159744        |
| train/                  |               |
|    approx_kl            | 5.9172357e-06 |
|    clip_fraction        | 0             |
|    clip_range           | 0.2           |
|    entropy_loss         | -0.00659      |
|    explained_variance   | 0.783         |
|    learning_rate        | 0.0003        |
|    loss                 | 0.001         |
|    n_updates            | 1030          |
|    policy_gradient_loss | -4.91e-06     |
|    value_loss           | 0.00122       |
-------------------------------------------
  step  160032/500000 ( 32.0%)  mean_rew=-0.002
------------------------------------------
| time/                   |              |
|    fps                  | 494          |
|    iterations           | 56           |
|    time_elapsed         | 173          |
|    total_timesteps      | 161280       |
| train/                  |              |
|    approx_kl            | 7.780323e-05 |
|    clip_fraction        | 0.000846     |
|    clip_range           | 0.2          |
|    entropy_loss         | -0.00629     |
|    explained_variance   | 0.774        |
|    learning_rate        | 0.0003       |
|    loss                 | 0.000797     |
|    n_updates            | 1040         |
|    policy_gradient_loss | -0.000127    |
|    value_loss           | 0.0011       |
------------------------------------------
-------------------------------------------
| time/                   |               |
|    fps                  | 497           |
|    iterations           | 57            |
|    time_elapsed         | 175           |
|    total_timesteps      | 162816        |
| train/                  |               |
|    approx_kl            | 0.00015026804 |
|    clip_fraction        | 0.00176       |
|    clip_range           | 0.2           |
|    entropy_loss         | -0.00562      |
|    explained_variance   | 0.931         |
|    learning_rate        | 0.0003        |
|    loss                 | 0.00014       |
|    n_updates            | 1050          |
|    policy_gradient_loss | -0.00022      |
|    value_loss           | 0.000303      |
-------------------------------------------
-------------------------------------------
| time/                   |               |
|    fps                  | 500           |
|    iterations           | 58            |
|    time_elapsed         | 177           |
|    total_timesteps      | 164352        |
| train/                  |               |
|    approx_kl            | 2.7431292e-05 |
|    clip_fraction        | 0.000456      |
|    clip_range           | 0.2           |
|    entropy_loss         | -0.00534      |
|    explained_variance   | 0.8           |
|    learning_rate        | 0.0003        |
|    loss                 | 0.000635      |
|    n_updates            | 1060          |
|    policy_gradient_loss | -3.35e-05     |
|    value_loss           | 0.00112       |
-------------------------------------------
  step  165033/500000 ( 33.0%)  mean_rew=-0.001
------------------------------------------
| time/                   |              |
|    fps                  | 503          |
|    iterations           | 59           |
|    time_elapsed         | 179          |
|    total_timesteps      | 165888       |
| train/                  |              |
|    approx_kl            | 0.0022033742 |
|    clip_fraction        | 0.00117      |
|    clip_range           | 0.2          |
|    entropy_loss         | -0.0099      |
|    explained_variance   | 0.797        |
|    learning_rate        | 0.0003       |
|    loss                 | -0.0079      |
|    n_updates            | 1070         |
|    policy_gradient_loss | -0.000726    |
|    value_loss           | 0.00103      |
------------------------------------------
-------------------------------------------
| time/                   |               |
|    fps                  | 506           |
|    iterations           | 60            |
|    time_elapsed         | 181           |
|    total_timesteps      | 167424        |
| train/                  |               |
|    approx_kl            | 0.00046593844 |
|    clip_fraction        | 0.00208       |
|    clip_range           | 0.2           |
|    entropy_loss         | -0.00793      |
|    explained_variance   | 0.931         |
|    learning_rate        | 0.0003        |
|    loss                 | 0.000109      |
|    n_updates            | 1080          |
|    policy_gradient_loss | -0.000476     |
|    value_loss           | 0.000328      |
-------------------------------------------
-------------------------------------------
| time/                   |               |
|    fps                  | 509           |
|    iterations           | 61            |
|    time_elapsed         | 183           |
|    total_timesteps      | 168960        |
| train/                  |               |
|    approx_kl            | 4.4766348e-05 |
|    clip_fraction        | 0.000521      |
|    clip_range           | 0.2           |
|    entropy_loss         | -0.00803      |
|    explained_variance   | 0.81          |
|    learning_rate        | 0.0003        |
|    loss                 | 0.000918      |
|    n_updates            | 1090          |
|    policy_gradient_loss | -5.78e-05     |
|    value_loss           | 0.00104       |
-------------------------------------------
  step  170034/500000 ( 34.0%)  mean_rew=-0.003
------------------------------------------
| time/                   |              |
|    fps                  | 512          |
|    iterations           | 62           |
|    time_elapsed         | 185          |
|    total_timesteps      | 170496       |
| train/                  |              |
|    approx_kl            | 0.0013203911 |
|    clip_fraction        | 0.00124      |
|    clip_range           | 0.2          |
|    entropy_loss         | -0.0146      |
|    explained_variance   | 0.791        |
|    learning_rate        | 0.0003       |
|    loss                 | 0.000296     |
|    n_updates            | 1100         |
|    policy_gradient_loss | -0.000495    |
|    value_loss           | 0.00123      |
------------------------------------------
-------------------------------------------
| time/                   |               |
|    fps                  | 515           |
|    iterations           | 63            |
|    time_elapsed         | 187           |
|    total_timesteps      | 172032        |
| train/                  |               |
|    approx_kl            | 5.7185418e-05 |
|    clip_fraction        | 0.00189       |
|    clip_range           | 0.2           |
|    entropy_loss         | -0.0148       |
|    explained_variance   | 0.814         |
|    learning_rate        | 0.0003        |
|    loss                 | -0.00168      |
|    n_updates            | 1110          |
|    policy_gradient_loss | -7.25e-05     |
|    value_loss           | 0.00108       |
-------------------------------------------
-------------------------------------------
| time/                   |               |
|    fps                  | 518           |
|    iterations           | 64            |
|    time_elapsed         | 189           |
|    total_timesteps      | 173568        |
| train/                  |               |
|    approx_kl            | 0.00013795425 |
|    clip_fraction        | 0.00195       |
|    clip_range           | 0.2           |
|    entropy_loss         | -0.0179       |
|    explained_variance   | 0.948         |
|    learning_rate        | 0.0003        |
|    loss                 | 0.000272      |
|    n_updates            | 1120          |
|    policy_gradient_loss | -0.00021      |
|    value_loss           | 0.000225      |
-------------------------------------------
  step  175035/500000 ( 35.0%)  mean_rew=-0.002
-------------------------------------------
| time/                   |               |
|    fps                  | 521           |
|    iterations           | 65            |
|    time_elapsed         | 191           |
|    total_timesteps      | 175104        |
| train/                  |               |
|    approx_kl            | 0.00010496145 |
|    clip_fraction        | 0.00221       |
|    clip_range           | 0.2           |
|    entropy_loss         | -0.0209       |
|    explained_variance   | 0.816         |
|    learning_rate        | 0.0003        |
|    loss                 | 0.00039       |
|    n_updates            | 1130          |
|    policy_gradient_loss | -7.04e-05     |
|    value_loss           | 0.0009        |
-------------------------------------------
-----------------------------------------
| time/                   |             |
|    fps                  | 523         |
|    iterations           | 66          |
|    time_elapsed         | 193         |
|    total_timesteps      | 176640      |
| train/                  |             |
|    approx_kl            | 0.027052283 |
|    clip_fraction        | 0.0152      |
|    clip_range           | 0.2         |
|    entropy_loss         | -0.1        |
|    explained_variance   | 0.792       |
|    learning_rate        | 0.0003      |
|    loss                 | 0.00696     |
|    n_updates            | 1140        |
|    policy_gradient_loss | -0.00195    |
|    value_loss           | 0.00113     |
-----------------------------------------
  Stage 2 saved -> cologne3_ppo_stage2_50pct.zip

────────────────────────────────────────────────────────────
  Stage 3/4  75% demand  125000 steps  (cumulative -> 300000)
  Route: cologne3_rand_75pct.rou.xml
────────────────────────────────────────────────────────────
-------------------------------
| time/              |        |
|    fps             | 325    |
|    iterations      | 1      |
|    time_elapsed    | 4      |
|    total_timesteps | 178176 |
-------------------------------
-----------------------------------------
| time/                   |             |
|    fps                  | 259         |
|    iterations           | 2           |
|    time_elapsed         | 11          |
|    total_timesteps      | 179712      |
| train/                  |             |
|    approx_kl            | 0.005434398 |
|    clip_fraction        | 0.0205      |
|    clip_range           | 0.2         |
|    entropy_loss         | -0.138      |
|    explained_variance   | 0.0844      |
|    learning_rate        | 0.0003      |
|    loss                 | 0.47        |
|    n_updates            | 1160        |
|    policy_gradient_loss | -0.0017     |
|    value_loss           | 1.32        |
-----------------------------------------
  step  180036/500000 ( 36.0%)  mean_rew=-0.003
-------------------------------------------
| time/                   |               |
|    fps                  | 262           |
|    iterations           | 3             |
|    time_elapsed         | 17            |
|    total_timesteps      | 181248        |
| train/                  |               |
|    approx_kl            | 0.00031651658 |
|    clip_fraction        | 0.00924       |
|    clip_range           | 0.2           |
|    entropy_loss         | -0.207        |
|    explained_variance   | 0.709         |
|    learning_rate        | 0.0003        |
|    loss                 | 0.806         |
|    n_updates            | 1170          |
|    policy_gradient_loss | 0.00041       |
|    value_loss           | 3.04          |
-------------------------------------------
-----------------------------------------
| time/                   |             |
|    fps                  | 306         |
|    iterations           | 4           |
|    time_elapsed         | 20          |
|    total_timesteps      | 182784      |
| train/                  |             |
|    approx_kl            | 0.004139975 |
|    clip_fraction        | 0.0305      |
|    clip_range           | 0.2         |
|    entropy_loss         | -0.155      |
|    explained_variance   | 0.847       |
|    learning_rate        | 0.0003      |
|    loss                 | 1.6         |
|    n_updates            | 1180        |
|    policy_gradient_loss | -0.00158    |
|    value_loss           | 2.89        |
-----------------------------------------
-------------------------------------------
| time/                   |               |
|    fps                  | 341           |
|    iterations           | 5             |
|    time_elapsed         | 22            |
|    total_timesteps      | 184320        |
| train/                  |               |
|    approx_kl            | 0.00074697006 |
|    clip_fraction        | 0.00788       |
|    clip_range           | 0.2           |
|    entropy_loss         | -0.118        |
|    explained_variance   | 0.921         |
|    learning_rate        | 0.0003        |
|    loss                 | 0.00686       |
|    n_updates            | 1190          |
|    policy_gradient_loss | -0.000939     |
|    value_loss           | 0.0219        |
-------------------------------------------
  step  185037/500000 ( 37.0%)  mean_rew=-0.003
-------------------------------------------
| time/                   |               |
|    fps                  | 369           |
|    iterations           | 6             |
|    time_elapsed         | 24            |
|    total_timesteps      | 185856        |
| train/                  |               |
|    approx_kl            | 0.00042188665 |
|    clip_fraction        | 0.00352       |
|    clip_range           | 0.2           |
|    entropy_loss         | -0.117        |
|    explained_variance   | 0.904         |
|    learning_rate        | 0.0003        |
|    loss                 | 0.0105        |
|    n_updates            | 1200          |
|    policy_gradient_loss | -0.000237     |
|    value_loss           | 0.0271        |
-------------------------------------------
------------------------------------------
| time/                   |              |
|    fps                  | 307          |
|    iterations           | 7            |
|    time_elapsed         | 34           |
|    total_timesteps      | 187392       |
| train/                  |              |
|    approx_kl            | 0.0008527971 |
|    clip_fraction        | 0.00924      |
|    clip_range           | 0.2          |
|    entropy_loss         | -0.133       |
|    explained_variance   | 0.896        |
|    learning_rate        | 0.0003       |
|    loss                 | 0.0131       |
|    n_updates            | 1210         |
|    policy_gradient_loss | -0.000436    |
|    value_loss           | 0.0197       |
------------------------------------------
------------------------------------------
| time/                   |              |
|    fps                  | 326          |
|    iterations           | 8            |
|    time_elapsed         | 37           |
|    total_timesteps      | 188928       |
| train/                  |              |
|    approx_kl            | 0.0034518458 |
|    clip_fraction        | 0.00579      |
|    clip_range           | 0.2          |
|    entropy_loss         | -0.246       |
|    explained_variance   | 0.827        |
|    learning_rate        | 0.0003       |
|    loss                 | 0.627        |
|    n_updates            | 1220         |
|    policy_gradient_loss | 0.000234     |
|    value_loss           | 2.78         |
------------------------------------------
  step  190038/500000 ( 38.0%)  mean_rew=-0.004
------------------------------------------
| time/                   |              |
|    fps                  | 343          |
|    iterations           | 9            |
|    time_elapsed         | 40           |
|    total_timesteps      | 190464       |
| train/                  |              |
|    approx_kl            | 0.0015280782 |
|    clip_fraction        | 0.0173       |
|    clip_range           | 0.2          |
|    entropy_loss         | -0.164       |
|    explained_variance   | 0.125        |
|    learning_rate        | 0.0003       |
|    loss                 | 0.145        |
|    n_updates            | 1230         |
|    policy_gradient_loss | 0.000451     |
|    value_loss           | 0.482        |
------------------------------------------
-------------------------------------------
| time/                   |               |
|    fps                  | 304           |
|    iterations           | 10            |
|    time_elapsed         | 50            |
|    total_timesteps      | 192000        |
| train/                  |               |
|    approx_kl            | 0.00043236322 |
|    clip_fraction        | 0.00684       |
|    clip_range           | 0.2           |
|    entropy_loss         | -0.185        |
|    explained_variance   | 0.941         |
|    learning_rate        | 0.0003        |
|    loss                 | 0.00787       |
|    n_updates            | 1240          |
|    policy_gradient_loss | -0.000309     |
|    value_loss           | 0.0245        |
-------------------------------------------
------------------------------------------
| time/                   |              |
|    fps                  | 319          |
|    iterations           | 11           |
|    time_elapsed         | 52           |
|    total_timesteps      | 193536       |
| train/                  |              |
|    approx_kl            | 0.0032588039 |
|    clip_fraction        | 0.0122       |
|    clip_range           | 0.2          |
|    entropy_loss         | -0.259       |
|    explained_variance   | 0.778        |
|    learning_rate        | 0.0003       |
|    loss                 | 1.62         |
|    n_updates            | 1250         |
|    policy_gradient_loss | -0.000649    |
|    value_loss           | 3.43         |
------------------------------------------
  step  195039/500000 ( 39.0%)  mean_rew=-0.003
------------------------------------------
| time/                   |              |
|    fps                  | 333          |
|    iterations           | 12           |
|    time_elapsed         | 55           |
|    total_timesteps      | 195072       |
| train/                  |              |
|    approx_kl            | 0.0009821728 |
|    clip_fraction        | 0.0172       |
|    clip_range           | 0.2          |
|    entropy_loss         | -0.238       |
|    explained_variance   | 0.925        |
|    learning_rate        | 0.0003       |
|    loss                 | 0.00644      |
|    n_updates            | 1260         |
|    policy_gradient_loss | -0.000133    |
|    value_loss           | 0.00845      |
------------------------------------------
------------------------------------------
| time/                   |              |
|    fps                  | 327          |
|    iterations           | 13           |
|    time_elapsed         | 60           |
|    total_timesteps      | 196608       |
| train/                  |              |
|    approx_kl            | 0.0031969873 |
|    clip_fraction        | 0.0373       |
|    clip_range           | 0.2          |
|    entropy_loss         | -0.224       |
|    explained_variance   | 0.92         |
|    learning_rate        | 0.0003       |
|    loss                 | 0.00892      |
|    n_updates            | 1270         |
|    policy_gradient_loss | -0.0012      |
|    value_loss           | 0.0131       |
------------------------------------------
-------------------------------------------
| time/                   |               |
|    fps                  | 339           |
|    iterations           | 14            |
|    time_elapsed         | 63            |
|    total_timesteps      | 198144        |
| train/                  |               |
|    approx_kl            | 0.00016411017 |
|    clip_fraction        | 0.00612       |
|    clip_range           | 0.2           |
|    entropy_loss         | -0.209        |
|    explained_variance   | 0.851         |
|    learning_rate        | 0.0003        |
|    loss                 | 0.864         |
|    n_updates            | 1280          |
|    policy_gradient_loss | -0.000312     |
|    value_loss           | 3             |
-------------------------------------------
------------------------------------------
| time/                   |              |
|    fps                  | 349          |
|    iterations           | 15           |
|    time_elapsed         | 65           |
|    total_timesteps      | 199680       |
| train/                  |              |
|    approx_kl            | 0.0010795478 |
|    clip_fraction        | 0.0145       |
|    clip_range           | 0.2          |
|    entropy_loss         | -0.237       |
|    explained_variance   | 0.947        |
|    learning_rate        | 0.0003       |
|    loss                 | 0.00936      |
|    n_updates            | 1290         |
|    policy_gradient_loss | -0.000625    |
|    value_loss           | 0.00701      |
------------------------------------------
  step  200040/500000 ( 40.0%)  mean_rew=-0.149
------------------------------------------
| time/                   |              |
|    fps                  | 344          |
|    iterations           | 16           |
|    time_elapsed         | 71           |
|    total_timesteps      | 201216       |
| train/                  |              |
|    approx_kl            | 0.0015377944 |
|    clip_fraction        | 0.036        |
|    clip_range           | 0.2          |
|    entropy_loss         | -0.214       |
|    explained_variance   | 0.872        |
|    learning_rate        | 0.0003       |
|    loss                 | 0.174        |
|    n_updates            | 1300         |
|    policy_gradient_loss | -0.000808    |
|    value_loss           | 0.3          |
------------------------------------------
-----------------------------------------
| time/                   |             |
|    fps                  | 339         |
|    iterations           | 17          |
|    time_elapsed         | 76          |
|    total_timesteps      | 202752      |
| train/                  |             |
|    approx_kl            | 0.002057715 |
|    clip_fraction        | 0.015       |
|    clip_range           | 0.2         |
|    entropy_loss         | -0.199      |
|    explained_variance   | 0.913       |
|    learning_rate        | 0.0003      |
|    loss                 | 1.73        |
|    n_updates            | 1310        |
|    policy_gradient_loss | -0.0021     |
|    value_loss           | 3.73        |
-----------------------------------------
------------------------------------------
| time/                   |              |
|    fps                  | 331          |
|    iterations           | 18           |
|    time_elapsed         | 83           |
|    total_timesteps      | 204288       |
| train/                  |              |
|    approx_kl            | 0.0008004156 |
|    clip_fraction        | 0.00371      |
|    clip_range           | 0.2          |
|    entropy_loss         | -0.179       |
|    explained_variance   | 0.915        |
|    learning_rate        | 0.0003       |
|    loss                 | 2.3          |
|    n_updates            | 1320         |
|    policy_gradient_loss | -1.93e-05    |
|    value_loss           | 4.54         |
------------------------------------------
  step  205041/500000 ( 41.0%)  mean_rew=-0.004
------------------------------------------
| time/                   |              |
|    fps                  | 327          |
|    iterations           | 19           |
|    time_elapsed         | 89           |
|    total_timesteps      | 205824       |
| train/                  |              |
|    approx_kl            | 0.0018961206 |
|    clip_fraction        | 0.00905      |
|    clip_range           | 0.2          |
|    entropy_loss         | -0.16        |
|    explained_variance   | 0.974        |
|    learning_rate        | 0.0003       |
|    loss                 | 0.155        |
|    n_updates            | 1330         |
|    policy_gradient_loss | -0.00201     |
|    value_loss           | 0.725        |
------------------------------------------
-----------------------------------------
| time/                   |             |
|    fps                  | 335         |
|    iterations           | 20          |
|    time_elapsed         | 91          |
|    total_timesteps      | 207360      |
| train/                  |             |
|    approx_kl            | 0.001137096 |
|    clip_fraction        | 0.0157      |
|    clip_range           | 0.2         |
|    entropy_loss         | -0.223      |
|    explained_variance   | 0.917       |
|    learning_rate        | 0.0003      |
|    loss                 | 2.49        |
|    n_updates            | 1340        |
|    policy_gradient_loss | -0.000601   |
|    value_loss           | 6.24        |
-----------------------------------------
------------------------------------------
| time/                   |              |
|    fps                  | 343          |
|    iterations           | 21           |
|    time_elapsed         | 93           |
|    total_timesteps      | 208896       |
| train/                  |              |
|    approx_kl            | 0.0015018525 |
|    clip_fraction        | 0.0146       |
|    clip_range           | 0.2          |
|    entropy_loss         | -0.227       |
|    explained_variance   | 0.891        |
|    learning_rate        | 0.0003       |
|    loss                 | 0.0116       |
|    n_updates            | 1350         |
|    policy_gradient_loss | -0.000262    |
|    value_loss           | 0.034        |
------------------------------------------
  step  210042/500000 ( 42.0%)  mean_rew=-0.074
------------------------------------------
| time/                   |              |
|    fps                  | 342          |
|    iterations           | 22           |
|    time_elapsed         | 98           |
|    total_timesteps      | 210432       |
| train/                  |              |
|    approx_kl            | 0.0023217045 |
|    clip_fraction        | 0.0208       |
|    clip_range           | 0.2          |
|    entropy_loss         | -0.252       |
|    explained_variance   | 0.945        |
|    learning_rate        | 0.0003       |
|    loss                 | 0.00192      |
|    n_updates            | 1360         |
|    policy_gradient_loss | -0.000422    |
|    value_loss           | 0.00929      |
------------------------------------------
----------------------------------------
| time/                   |            |
|    fps                  | 332        |
|    iterations           | 23         |
|    time_elapsed         | 106        |
|    total_timesteps      | 211968     |
| train/                  |            |
|    approx_kl            | 0.01051218 |
|    clip_fraction        | 0.0909     |
|    clip_range           | 0.2        |
|    entropy_loss         | -0.168     |
|    explained_variance   | 0.974      |
|    learning_rate        | 0.0003     |
|    loss                 | 0.145      |
|    n_updates            | 1370       |
|    policy_gradient_loss | -0.00705   |
|    value_loss           | 0.471      |
----------------------------------------
------------------------------------------
| time/                   |              |
|    fps                  | 339          |
|    iterations           | 24           |
|    time_elapsed         | 108          |
|    total_timesteps      | 213504       |
| train/                  |              |
|    approx_kl            | 0.0013957877 |
|    clip_fraction        | 0.0172       |
|    clip_range           | 0.2          |
|    entropy_loss         | -0.296       |
|    explained_variance   | 0.922        |
|    learning_rate        | 0.0003       |
|    loss                 | 6.85         |
|    n_updates            | 1380         |
|    policy_gradient_loss | 1.09e-05     |
|    value_loss           | 8.59         |
------------------------------------------
-------------------------------------------
| time/                   |               |
|    fps                  | 346           |
|    iterations           | 25            |
|    time_elapsed         | 110           |
|    total_timesteps      | 215040        |
| train/                  |               |
|    approx_kl            | 0.00013289791 |
|    clip_fraction        | 0.00977       |
|    clip_range           | 0.2           |
|    entropy_loss         | -0.243        |
|    explained_variance   | 0.88          |
|    learning_rate        | 0.0003        |
|    loss                 | 0.0103        |
|    n_updates            | 1390          |
|    policy_gradient_loss | 0.000214      |
|    value_loss           | 0.0222        |
-------------------------------------------
  step  215043/500000 ( 43.0%)  mean_rew=-0.003
-----------------------------------------
| time/                   |             |
|    fps                  | 350         |
|    iterations           | 26          |
|    time_elapsed         | 113         |
|    total_timesteps      | 216576      |
| train/                  |             |
|    approx_kl            | 0.000692579 |
|    clip_fraction        | 0.00469     |
|    clip_range           | 0.2         |
|    entropy_loss         | -0.211      |
|    explained_variance   | 0.938       |
|    learning_rate        | 0.0003      |
|    loss                 | 0.000496    |
|    n_updates            | 1400        |
|    policy_gradient_loss | -3.38e-05   |
|    value_loss           | 0.0069      |
-----------------------------------------
------------------------------------------
| time/                   |              |
|    fps                  | 337          |
|    iterations           | 27           |
|    time_elapsed         | 122          |
|    total_timesteps      | 218112       |
| train/                  |              |
|    approx_kl            | 0.0008626298 |
|    clip_fraction        | 0.000391     |
|    clip_range           | 0.2          |
|    entropy_loss         | -0.187       |
|    explained_variance   | 0.962        |
|    learning_rate        | 0.0003       |
|    loss                 | 0.0564       |
|    n_updates            | 1410         |
|    policy_gradient_loss | -0.000266    |
|    value_loss           | 0.21         |
------------------------------------------
------------------------------------------
| time/                   |              |
|    fps                  | 338          |
|    iterations           | 28           |
|    time_elapsed         | 127          |
|    total_timesteps      | 219648       |
| train/                  |              |
|    approx_kl            | 0.0048584486 |
|    clip_fraction        | 0.028        |
|    clip_range           | 0.2          |
|    entropy_loss         | -0.258       |
|    explained_variance   | 0.93         |
|    learning_rate        | 0.0003       |
|    loss                 | 6.22         |
|    n_updates            | 1420         |
|    policy_gradient_loss | -0.00145     |
|    value_loss           | 8.81         |
------------------------------------------
  step  220044/500000 ( 44.0%)  mean_rew=-0.004
------------------------------------------
| time/                   |              |
|    fps                  | 340          |
|    iterations           | 29           |
|    time_elapsed         | 130          |
|    total_timesteps      | 221184       |
| train/                  |              |
|    approx_kl            | 0.0027181043 |
|    clip_fraction        | 0.0171       |
|    clip_range           | 0.2          |
|    entropy_loss         | -0.177       |
|    explained_variance   | 0.981        |
|    learning_rate        | 0.0003       |
|    loss                 | 0.5          |
|    n_updates            | 1430         |
|    policy_gradient_loss | -0.000692    |
|    value_loss           | 1.24         |
------------------------------------------
------------------------------------------
| time/                   |              |
|    fps                  | 338          |
|    iterations           | 30           |
|    time_elapsed         | 136          |
|    total_timesteps      | 222720       |
| train/                  |              |
|    approx_kl            | 0.0006005136 |
|    clip_fraction        | 0.00319      |
|    clip_range           | 0.2          |
|    entropy_loss         | -0.202       |
|    explained_variance   | 0.795        |
|    learning_rate        | 0.0003       |
|    loss                 | 5.49         |
|    n_updates            | 1440         |
|    policy_gradient_loss | 0.000243     |
|    value_loss           | 7.23         |
------------------------------------------
-------------------------------------------
| time/                   |               |
|    fps                  | 343           |
|    iterations           | 31            |
|    time_elapsed         | 138           |
|    total_timesteps      | 224256        |
| train/                  |               |
|    approx_kl            | 0.00011837843 |
|    clip_fraction        | 0.0102        |
|    clip_range           | 0.2           |
|    entropy_loss         | -0.19         |
|    explained_variance   | 0.93          |
|    learning_rate        | 0.0003        |
|    loss                 | 2.53          |
|    n_updates            | 1450          |
|    policy_gradient_loss | -8.49e-05     |
|    value_loss           | 6.45          |
-------------------------------------------
  step  225045/500000 ( 45.0%)  mean_rew=-0.004
-------------------------------------------
| time/                   |               |
|    fps                  | 347           |
|    iterations           | 32            |
|    time_elapsed         | 141           |
|    total_timesteps      | 225792        |
| train/                  |               |
|    approx_kl            | 0.00022497032 |
|    clip_fraction        | 0.00273       |
|    clip_range           | 0.2           |
|    entropy_loss         | -0.194        |
|    explained_variance   | 0.896         |
|    learning_rate        | 0.0003        |
|    loss                 | 0.0159        |
|    n_updates            | 1460          |
|    policy_gradient_loss | -3.96e-05     |
|    value_loss           | 0.0652        |
-------------------------------------------
-------------------------------------------
| time/                   |               |
|    fps                  | 346           |
|    iterations           | 33            |
|    time_elapsed         | 146           |
|    total_timesteps      | 227328        |
| train/                  |               |
|    approx_kl            | 0.00072135386 |
|    clip_fraction        | 0.0107        |
|    clip_range           | 0.2           |
|    entropy_loss         | -0.18         |
|    explained_variance   | 0.968         |
|    learning_rate        | 0.0003        |
|    loss                 | 0.0936        |
|    n_updates            | 1470          |
|    policy_gradient_loss | -0.00135      |
|    value_loss           | 0.517         |
-------------------------------------------
-------------------------------------------
| time/                   |               |
|    fps                  | 350           |
|    iterations           | 34            |
|    time_elapsed         | 148           |
|    total_timesteps      | 228864        |
| train/                  |               |
|    approx_kl            | 0.00021666948 |
|    clip_fraction        | 0.00599       |
|    clip_range           | 0.2           |
|    entropy_loss         | -0.203        |
|    explained_variance   | 0.921         |
|    learning_rate        | 0.0003        |
|    loss                 | 0.989         |
|    n_updates            | 1480          |
|    policy_gradient_loss | -0.000129     |
|    value_loss           | 5.97          |
-------------------------------------------
  step  230046/500000 ( 46.0%)  mean_rew=-0.085
-----------------------------------------
| time/                   |             |
|    fps                  | 351         |
|    iterations           | 35          |
|    time_elapsed         | 152         |
|    total_timesteps      | 230400      |
| train/                  |             |
|    approx_kl            | 0.002205842 |
|    clip_fraction        | 0.0441      |
|    clip_range           | 0.2         |
|    entropy_loss         | -0.162      |
|    explained_variance   | 0.885       |
|    learning_rate        | 0.0003      |
|    loss                 | 0.0213      |
|    n_updates            | 1490        |
|    policy_gradient_loss | -0.00178    |
|    value_loss           | 0.0513      |
-----------------------------------------
------------------------------------------
| time/                   |              |
|    fps                  | 352          |
|    iterations           | 36           |
|    time_elapsed         | 156          |
|    total_timesteps      | 231936       |
| train/                  |              |
|    approx_kl            | 0.0021020235 |
|    clip_fraction        | 0.0223       |
|    clip_range           | 0.2          |
|    entropy_loss         | -0.16        |
|    explained_variance   | 0.979        |
|    learning_rate        | 0.0003       |
|    loss                 | 0.291        |
|    n_updates            | 1500         |
|    policy_gradient_loss | -0.00244     |
|    value_loss           | 0.718        |
------------------------------------------
------------------------------------------
| time/                   |              |
|    fps                  | 350          |
|    iterations           | 37           |
|    time_elapsed         | 162          |
|    total_timesteps      | 233472       |
| train/                  |              |
|    approx_kl            | 0.0003720428 |
|    clip_fraction        | 6.51e-05     |
|    clip_range           | 0.2          |
|    entropy_loss         | -0.201       |
|    explained_variance   | 0.838        |
|    learning_rate        | 0.0003       |
|    loss                 | 1.86         |
|    n_updates            | 1510         |
|    policy_gradient_loss | 4.99e-05     |
|    value_loss           | 4.87         |
------------------------------------------
-------------------------------------------
| time/                   |               |
|    fps                  | 354           |
|    iterations           | 38            |
|    time_elapsed         | 164           |
|    total_timesteps      | 235008        |
| train/                  |               |
|    approx_kl            | 0.00068799936 |
|    clip_fraction        | 0.00443       |
|    clip_range           | 0.2           |
|    entropy_loss         | -0.218        |
|    explained_variance   | 0.929         |
|    learning_rate        | 0.0003        |
|    loss                 | 6.27          |
|    n_updates            | 1520          |
|    policy_gradient_loss | -0.000582     |
|    value_loss           | 5.67          |
-------------------------------------------
  step  235047/500000 ( 47.0%)  mean_rew=-0.004
-------------------------------------------
| time/                   |               |
|    fps                  | 359           |
|    iterations           | 39            |
|    time_elapsed         | 166           |
|    total_timesteps      | 236544        |
| train/                  |               |
|    approx_kl            | 0.00037250543 |
|    clip_fraction        | 0.0043        |
|    clip_range           | 0.2           |
|    entropy_loss         | -0.199        |
|    explained_variance   | 0.896         |
|    learning_rate        | 0.0003        |
|    loss                 | 0.016         |
|    n_updates            | 1530          |
|    policy_gradient_loss | -4.46e-05     |
|    value_loss           | 0.0564        |
-------------------------------------------
-------------------------------------------
| time/                   |               |
|    fps                  | 363           |
|    iterations           | 40            |
|    time_elapsed         | 169           |
|    total_timesteps      | 238080        |
| train/                  |               |
|    approx_kl            | 0.00028212616 |
|    clip_fraction        | 0.00521       |
|    clip_range           | 0.2           |
|    entropy_loss         | -0.185        |
|    explained_variance   | 0.945         |
|    learning_rate        | 0.0003        |
|    loss                 | 0.00842       |
|    n_updates            | 1540          |
|    policy_gradient_loss | 0.00024       |
|    value_loss           | 0.0189        |
-------------------------------------------
------------------------------------------
| time/                   |              |
|    fps                  | 360          |
|    iterations           | 41           |
|    time_elapsed         | 174          |
|    total_timesteps      | 239616       |
| train/                  |              |
|    approx_kl            | 0.0015175343 |
|    clip_fraction        | 0.0193       |
|    clip_range           | 0.2          |
|    entropy_loss         | -0.208       |
|    explained_variance   | 0.894        |
|    learning_rate        | 0.0003       |
|    loss                 | 0.0169       |
|    n_updates            | 1550         |
|    policy_gradient_loss | -0.000476    |
|    value_loss           | 0.037        |
------------------------------------------
  step  240048/500000 ( 48.0%)  mean_rew=-0.002
------------------------------------------
| time/                   |              |
|    fps                  | 355          |
|    iterations           | 42           |
|    time_elapsed         | 181          |
|    total_timesteps      | 241152       |
| train/                  |              |
|    approx_kl            | 0.0017004992 |
|    clip_fraction        | 0.0156       |
|    clip_range           | 0.2          |
|    entropy_loss         | -0.198       |
|    explained_variance   | 0.923        |
|    learning_rate        | 0.0003       |
|    loss                 | 0.776        |
|    n_updates            | 1560         |
|    policy_gradient_loss | 0.000387     |
|    value_loss           | 4.46         |
------------------------------------------
------------------------------------------
| time/                   |              |
|    fps                  | 355          |
|    iterations           | 43           |
|    time_elapsed         | 185          |
|    total_timesteps      | 242688       |
| train/                  |              |
|    approx_kl            | 0.0040818974 |
|    clip_fraction        | 0.0327       |
|    clip_range           | 0.2          |
|    entropy_loss         | -0.225       |
|    explained_variance   | 0.979        |
|    learning_rate        | 0.0003       |
|    loss                 | 0.122        |
|    n_updates            | 1570         |
|    policy_gradient_loss | -0.000984    |
|    value_loss           | 0.541        |
------------------------------------------
------------------------------------------
| time/                   |              |
|    fps                  | 353          |
|    iterations           | 44           |
|    time_elapsed         | 191          |
|    total_timesteps      | 244224       |
| train/                  |              |
|    approx_kl            | 0.0013900031 |
|    clip_fraction        | 0.0119       |
|    clip_range           | 0.2          |
|    entropy_loss         | -0.24        |
|    explained_variance   | 0.892        |
|    learning_rate        | 0.0003       |
|    loss                 | 1.72         |
|    n_updates            | 1580         |
|    policy_gradient_loss | -0.00104     |
|    value_loss           | 5.48         |
------------------------------------------
  step  245049/500000 ( 49.0%)  mean_rew=-0.003
------------------------------------------
| time/                   |              |
|    fps                  | 357          |
|    iterations           | 45           |
|    time_elapsed         | 193          |
|    total_timesteps      | 245760       |
| train/                  |              |
|    approx_kl            | 0.0011501433 |
|    clip_fraction        | 6.51e-05     |
|    clip_range           | 0.2          |
|    entropy_loss         | -0.204       |
|    explained_variance   | 0.928        |
|    learning_rate        | 0.0003       |
|    loss                 | 2.68         |
|    n_updates            | 1590         |
|    policy_gradient_loss | -0.000263    |
|    value_loss           | 6.21         |
------------------------------------------
-------------------------------------------
| time/                   |               |
|    fps                  | 360           |
|    iterations           | 46            |
|    time_elapsed         | 196           |
|    total_timesteps      | 247296        |
| train/                  |               |
|    approx_kl            | 0.00017525826 |
|    clip_fraction        | 0.00951       |
|    clip_range           | 0.2           |
|    entropy_loss         | -0.208        |
|    explained_variance   | 0.901         |
|    learning_rate        | 0.0003        |
|    loss                 | 0.0208        |
|    n_updates            | 1600          |
|    policy_gradient_loss | 0.000119      |
|    value_loss           | 0.0729        |
-------------------------------------------
------------------------------------------
| time/                   |              |
|    fps                  | 359          |
|    iterations           | 47           |
|    time_elapsed         | 200          |
|    total_timesteps      | 248832       |
| train/                  |              |
|    approx_kl            | 0.0012782662 |
|    clip_fraction        | 0.0367       |
|    clip_range           | 0.2          |
|    entropy_loss         | -0.174       |
|    explained_variance   | 0.957        |
|    learning_rate        | 0.0003       |
|    loss                 | 0.122        |
|    n_updates            | 1610         |
|    policy_gradient_loss | -0.00103     |
|    value_loss           | 0.536        |
------------------------------------------
  step  250050/500000 ( 50.0%)  mean_rew=-0.200
-------------------------------------------
| time/                   |               |
|    fps                  | 357           |
|    iterations           | 48            |
|    time_elapsed         | 206           |
|    total_timesteps      | 250368        |
| train/                  |               |
|    approx_kl            | 0.00076159247 |
|    clip_fraction        | 0.0229        |
|    clip_range           | 0.2           |
|    entropy_loss         | -0.199        |
|    explained_variance   | 0.929         |
|    learning_rate        | 0.0003        |
|    loss                 | 1.89          |
|    n_updates            | 1620          |
|    policy_gradient_loss | -0.00205      |
|    value_loss           | 5.98          |
-------------------------------------------
------------------------------------------
| time/                   |              |
|    fps                  | 361          |
|    iterations           | 49           |
|    time_elapsed         | 208          |
|    total_timesteps      | 251904       |
| train/                  |              |
|    approx_kl            | 0.0022113572 |
|    clip_fraction        | 0.00807      |
|    clip_range           | 0.2          |
|    entropy_loss         | -0.19        |
|    explained_variance   | 0.922        |
|    learning_rate        | 0.0003       |
|    loss                 | 2.37         |
|    n_updates            | 1630         |
|    policy_gradient_loss | -0.000458    |
|    value_loss           | 6.9          |
------------------------------------------
------------------------------------------
| time/                   |              |
|    fps                  | 362          |
|    iterations           | 50           |
|    time_elapsed         | 211          |
|    total_timesteps      | 253440       |
| train/                  |              |
|    approx_kl            | 0.0013528811 |
|    clip_fraction        | 0.00553      |
|    clip_range           | 0.2          |
|    entropy_loss         | -0.181       |
|    explained_variance   | 0.94         |
|    learning_rate        | 0.0003       |
|    loss                 | 0.00318      |
|    n_updates            | 1640         |
|    policy_gradient_loss | -0.000387    |
|    value_loss           | 0.0464       |
------------------------------------------
-----------------------------------------
| time/                   |             |
|    fps                  | 355         |
|    iterations           | 51          |
|    time_elapsed         | 220         |
|    total_timesteps      | 254976      |
| train/                  |             |
|    approx_kl            | 0.002122493 |
|    clip_fraction        | 0.0134      |
|    clip_range           | 0.2         |
|    entropy_loss         | -0.158      |
|    explained_variance   | 0.982       |
|    learning_rate        | 0.0003      |
|    loss                 | 0.258       |
|    n_updates            | 1650        |
|    policy_gradient_loss | -0.00144    |
|    value_loss           | 0.532       |
-----------------------------------------
  step  255051/500000 ( 51.0%)  mean_rew=-0.004
----------------------------------------
| time/                   |            |
|    fps                  | 358        |
|    iterations           | 52         |
|    time_elapsed         | 222        |
|    total_timesteps      | 256512     |
| train/                  |            |
|    approx_kl            | 0.00356807 |
|    clip_fraction        | 0.0197     |
|    clip_range           | 0.2        |
|    entropy_loss         | -0.249     |
|    explained_variance   | 0.927      |
|    learning_rate        | 0.0003     |
|    loss                 | 3.81       |
|    n_updates            | 1660       |
|    policy_gradient_loss | -0.00112   |
|    value_loss           | 8.67       |
----------------------------------------
------------------------------------------
| time/                   |              |
|    fps                  | 361          |
|    iterations           | 53           |
|    time_elapsed         | 225          |
|    total_timesteps      | 258048       |
| train/                  |              |
|    approx_kl            | 0.0013003289 |
|    clip_fraction        | 0.0233       |
|    clip_range           | 0.2          |
|    entropy_loss         | -0.135       |
|    explained_variance   | 0.93         |
|    learning_rate        | 0.0003       |
|    loss                 | 0.0173       |
|    n_updates            | 1670         |
|    policy_gradient_loss | -0.00146     |
|    value_loss           | 0.038        |
------------------------------------------
-----------------------------------------
| time/                   |             |
|    fps                  | 360         |
|    iterations           | 54          |
|    time_elapsed         | 230         |
|    total_timesteps      | 259584      |
| train/                  |             |
|    approx_kl            | 0.000654968 |
|    clip_fraction        | 0.0174      |
|    clip_range           | 0.2         |
|    entropy_loss         | -0.14       |
|    explained_variance   | 0.946       |
|    learning_rate        | 0.0003      |
|    loss                 | 0.127       |
|    n_updates            | 1680        |
|    policy_gradient_loss | -0.000893   |
|    value_loss           | 0.809       |
-----------------------------------------
  step  260052/500000 ( 52.0%)  mean_rew=-0.008
------------------------------------------
| time/                   |              |
|    fps                  | 358          |
|    iterations           | 55           |
|    time_elapsed         | 235          |
|    total_timesteps      | 261120       |
| train/                  |              |
|    approx_kl            | 0.0011243313 |
|    clip_fraction        | 0.0197       |
|    clip_range           | 0.2          |
|    entropy_loss         | -0.172       |
|    explained_variance   | 0.928        |
|    learning_rate        | 0.0003       |
|    loss                 | 2.75         |
|    n_updates            | 1690         |
|    policy_gradient_loss | -0.00304     |
|    value_loss           | 7.13         |
------------------------------------------
------------------------------------------
| time/                   |              |
|    fps                  | 360          |
|    iterations           | 56           |
|    time_elapsed         | 238          |
|    total_timesteps      | 262656       |
| train/                  |              |
|    approx_kl            | 0.0020408828 |
|    clip_fraction        | 0.0219       |
|    clip_range           | 0.2          |
|    entropy_loss         | -0.152       |
|    explained_variance   | 0.92         |
|    learning_rate        | 0.0003       |
|    loss                 | 7.35         |
|    n_updates            | 1700         |
|    policy_gradient_loss | -0.00343     |
|    value_loss           | 7.97         |
------------------------------------------
------------------------------------------
| time/                   |              |
|    fps                  | 360          |
|    iterations           | 57           |
|    time_elapsed         | 243          |
|    total_timesteps      | 264192       |
| train/                  |              |
|    approx_kl            | 0.0016369326 |
|    clip_fraction        | 0.00788      |
|    clip_range           | 0.2          |
|    entropy_loss         | -0.138       |
|    explained_variance   | 0.978        |
|    learning_rate        | 0.0003       |
|    loss                 | 0.572        |
|    n_updates            | 1710         |
|    policy_gradient_loss | -0.00148     |
|    value_loss           | 1            |
------------------------------------------
  step  265053/500000 ( 53.0%)  mean_rew=-0.005
-------------------------------------------
| time/                   |               |
|    fps                  | 363           |
|    iterations           | 58            |
|    time_elapsed         | 245           |
|    total_timesteps      | 265728        |
| train/                  |               |
|    approx_kl            | 0.00013664314 |
|    clip_fraction        | 0.0171        |
|    clip_range           | 0.2           |
|    entropy_loss         | -0.176        |
|    explained_variance   | 0.89          |
|    learning_rate        | 0.0003        |
|    loss                 | 6.82          |
|    n_updates            | 1720          |
|    policy_gradient_loss | -0.000718     |
|    value_loss           | 6.82          |
-------------------------------------------
------------------------------------------
| time/                   |              |
|    fps                  | 365          |
|    iterations           | 59           |
|    time_elapsed         | 247          |
|    total_timesteps      | 267264       |
| train/                  |              |
|    approx_kl            | 0.0008895716 |
|    clip_fraction        | 0.00625      |
|    clip_range           | 0.2          |
|    entropy_loss         | -0.145       |
|    explained_variance   | 0.881        |
|    learning_rate        | 0.0003       |
|    loss                 | 0.0405       |
|    n_updates            | 1730         |
|    policy_gradient_loss | 7.54e-05     |
|    value_loss           | 0.096        |
------------------------------------------
------------------------------------------
| time/                   |              |
|    fps                  | 368          |
|    iterations           | 60           |
|    time_elapsed         | 250          |
|    total_timesteps      | 268800       |
| train/                  |              |
|    approx_kl            | 0.0009431834 |
|    clip_fraction        | 0.0122       |
|    clip_range           | 0.2          |
|    entropy_loss         | -0.153       |
|    explained_variance   | 0.931        |
|    learning_rate        | 0.0003       |
|    loss                 | 0.0111       |
|    n_updates            | 1740         |
|    policy_gradient_loss | -0.000558    |
|    value_loss           | 0.0315       |
------------------------------------------
  step  270054/500000 ( 54.0%)  mean_rew=-0.004
------------------------------------------
| time/                   |              |
|    fps                  | 367          |
|    iterations           | 61           |
|    time_elapsed         | 255          |
|    total_timesteps      | 270336       |
| train/                  |              |
|    approx_kl            | 0.0014007677 |
|    clip_fraction        | 0.0229       |
|    clip_range           | 0.2          |
|    entropy_loss         | -0.164       |
|    explained_variance   | 0.931        |
|    learning_rate        | 0.0003       |
|    loss                 | 0.377        |
|    n_updates            | 1750         |
|    policy_gradient_loss | -0.00067     |
|    value_loss           | 0.64         |
------------------------------------------
------------------------------------------
| time/                   |              |
|    fps                  | 365          |
|    iterations           | 62           |
|    time_elapsed         | 260          |
|    total_timesteps      | 271872       |
| train/                  |              |
|    approx_kl            | 0.0024726533 |
|    clip_fraction        | 0.00664      |
|    clip_range           | 0.2          |
|    entropy_loss         | -0.201       |
|    explained_variance   | 0.935        |
|    learning_rate        | 0.0003       |
|    loss                 | 3.25         |
|    n_updates            | 1760         |
|    policy_gradient_loss | 0.000484     |
|    value_loss           | 5.9          |
------------------------------------------
-----------------------------------------
| time/                   |             |
|    fps                  | 367         |
|    iterations           | 63          |
|    time_elapsed         | 263         |
|    total_timesteps      | 273408      |
| train/                  |             |
|    approx_kl            | 0.000534879 |
|    clip_fraction        | 0.00775     |
|    clip_range           | 0.2         |
|    entropy_loss         | -0.194      |
|    explained_variance   | 0.922       |
|    learning_rate        | 0.0003      |
|    loss                 | 2.99        |
|    n_updates            | 1770        |
|    policy_gradient_loss | -0.000112   |
|    value_loss           | 7.03        |
-----------------------------------------
-------------------------------------------
| time/                   |               |
|    fps                  | 367           |
|    iterations           | 64            |
|    time_elapsed         | 267           |
|    total_timesteps      | 274944        |
| train/                  |               |
|    approx_kl            | 0.00086606434 |
|    clip_fraction        | 0.00247       |
|    clip_range           | 0.2           |
|    entropy_loss         | -0.186        |
|    explained_variance   | 0.978         |
|    learning_rate        | 0.0003        |
|    loss                 | 0.317         |
|    n_updates            | 1780          |
|    policy_gradient_loss | -0.000407     |
|    value_loss           | 0.737         |
-------------------------------------------
  step  275055/500000 ( 55.0%)  mean_rew=-0.004
-------------------------------------------
| time/                   |               |
|    fps                  | 365           |
|    iterations           | 65            |
|    time_elapsed         | 273           |
|    total_timesteps      | 276480        |
| train/                  |               |
|    approx_kl            | 0.00017997844 |
|    clip_fraction        | 0.0115        |
|    clip_range           | 0.2           |
|    entropy_loss         | -0.198        |
|    explained_variance   | 0.901         |
|    learning_rate        | 0.0003        |
|    loss                 | 2.16          |
|    n_updates            | 1790          |
|    policy_gradient_loss | -0.00265      |
|    value_loss           | 5.97          |
-------------------------------------------
------------------------------------------
| time/                   |              |
|    fps                  | 361          |
|    iterations           | 66           |
|    time_elapsed         | 280          |
|    total_timesteps      | 278016       |
| train/                  |              |
|    approx_kl            | 0.0013134563 |
|    clip_fraction        | 0.0117       |
|    clip_range           | 0.2          |
|    entropy_loss         | -0.191       |
|    explained_variance   | 0.924        |
|    learning_rate        | 0.0003       |
|    loss                 | 3.96         |
|    n_updates            | 1800         |
|    policy_gradient_loss | -0.000371    |
|    value_loss           | 6.72         |
------------------------------------------
------------------------------------------
| time/                   |              |
|    fps                  | 362          |
|    iterations           | 67           |
|    time_elapsed         | 283          |
|    total_timesteps      | 279552       |
| train/                  |              |
|    approx_kl            | 0.0058393837 |
|    clip_fraction        | 0.052        |
|    clip_range           | 0.2          |
|    entropy_loss         | -0.219       |
|    explained_variance   | 0.983        |
|    learning_rate        | 0.0003       |
|    loss                 | 0.366        |
|    n_updates            | 1810         |
|    policy_gradient_loss | -0.00165     |
|    value_loss           | 1.13         |
------------------------------------------
  step  280056/500000 ( 56.0%)  mean_rew=-0.003
------------------------------------------
| time/                   |              |
|    fps                  | 365          |
|    iterations           | 68           |
|    time_elapsed         | 286          |
|    total_timesteps      | 281088       |
| train/                  |              |
|    approx_kl            | 0.0006297116 |
|    clip_fraction        | 0.00768      |
|    clip_range           | 0.2          |
|    entropy_loss         | -0.192       |
|    explained_variance   | 0.766        |
|    learning_rate        | 0.0003       |
|    loss                 | 3.6          |
|    n_updates            | 1820         |
|    policy_gradient_loss | -0.00283     |
|    value_loss           | 4.72         |
------------------------------------------
------------------------------------------
| time/                   |              |
|    fps                  | 363          |
|    iterations           | 69           |
|    time_elapsed         | 291          |
|    total_timesteps      | 282624       |
| train/                  |              |
|    approx_kl            | 0.0016293315 |
|    clip_fraction        | 0.0152       |
|    clip_range           | 0.2          |
|    entropy_loss         | -0.155       |
|    explained_variance   | 0.889        |
|    learning_rate        | 0.0003       |
|    loss                 | 0.0473       |
|    n_updates            | 1830         |
|    policy_gradient_loss | -0.000382    |
|    value_loss           | 0.138        |
------------------------------------------
------------------------------------------
| time/                   |              |
|    fps                  | 365          |
|    iterations           | 70           |
|    time_elapsed         | 294          |
|    total_timesteps      | 284160       |
| train/                  |              |
|    approx_kl            | 0.0012148661 |
|    clip_fraction        | 0.00169      |
|    clip_range           | 0.2          |
|    entropy_loss         | -0.194       |
|    explained_variance   | 0.935        |
|    learning_rate        | 0.0003       |
|    loss                 | 2.75         |
|    n_updates            | 1840         |
|    policy_gradient_loss | -0.000139    |
|    value_loss           | 4.09         |
------------------------------------------
  step  285057/500000 ( 57.0%)  mean_rew=-0.004
------------------------------------------
| time/                   |              |
|    fps                  | 365          |
|    iterations           | 71           |
|    time_elapsed         | 298          |
|    total_timesteps      | 285696       |
| train/                  |              |
|    approx_kl            | 0.0015851619 |
|    clip_fraction        | 0.0383       |
|    clip_range           | 0.2          |
|    entropy_loss         | -0.132       |
|    explained_variance   | 0.971        |
|    learning_rate        | 0.0003       |
|    loss                 | 0.254        |
|    n_updates            | 1850         |
|    policy_gradient_loss | -0.00425     |
|    value_loss           | 0.583        |
------------------------------------------
-----------------------------------------
| time/                   |             |
|    fps                  | 367         |
|    iterations           | 72          |
|    time_elapsed         | 300         |
|    total_timesteps      | 287232      |
| train/                  |             |
|    approx_kl            | 0.002822215 |
|    clip_fraction        | 0.00918     |
|    clip_range           | 0.2         |
|    entropy_loss         | -0.165      |
|    explained_variance   | 0.915       |
|    learning_rate        | 0.0003      |
|    loss                 | 2.49        |
|    n_updates            | 1860        |
|    policy_gradient_loss | -0.000589   |
|    value_loss           | 4.8         |
-----------------------------------------
-------------------------------------------
| time/                   |               |
|    fps                  | 367           |
|    iterations           | 73            |
|    time_elapsed         | 304           |
|    total_timesteps      | 288768        |
| train/                  |               |
|    approx_kl            | 0.00051015714 |
|    clip_fraction        | 0.00521       |
|    clip_range           | 0.2           |
|    entropy_loss         | -0.101        |
|    explained_variance   | 0.882         |
|    learning_rate        | 0.0003        |
|    loss                 | 0.0241        |
|    n_updates            | 1870          |
|    policy_gradient_loss | -0.000201     |
|    value_loss           | 0.097         |
-------------------------------------------
  step  290058/500000 ( 58.0%)  mean_rew=-0.004
------------------------------------------
| time/                   |              |
|    fps                  | 368          |
|    iterations           | 74           |
|    time_elapsed         | 308          |
|    total_timesteps      | 290304       |
| train/                  |              |
|    approx_kl            | 0.0017171107 |
|    clip_fraction        | 0.0273       |
|    clip_range           | 0.2          |
|    entropy_loss         | -0.143       |
|    explained_variance   | 0.975        |
|    learning_rate        | 0.0003       |
|    loss                 | 0.119        |
|    n_updates            | 1880         |
|    policy_gradient_loss | -0.0012      |
|    value_loss           | 0.801        |
------------------------------------------
-----------------------------------------
| time/                   |             |
|    fps                  | 367         |
|    iterations           | 75          |
|    time_elapsed         | 313         |
|    total_timesteps      | 291840      |
| train/                  |             |
|    approx_kl            | 0.003192637 |
|    clip_fraction        | 0.0382      |
|    clip_range           | 0.2         |
|    entropy_loss         | -0.125      |
|    explained_variance   | 0.82        |
|    learning_rate        | 0.0003      |
|    loss                 | 1.7         |
|    n_updates            | 1890        |
|    policy_gradient_loss | -0.00439    |
|    value_loss           | 4.05        |
-----------------------------------------
------------------------------------------
| time/                   |              |
|    fps                  | 362          |
|    iterations           | 76           |
|    time_elapsed         | 322          |
|    total_timesteps      | 293376       |
| train/                  |              |
|    approx_kl            | 0.0016594427 |
|    clip_fraction        | 0.0154       |
|    clip_range           | 0.2          |
|    entropy_loss         | -0.171       |
|    explained_variance   | 0.935        |
|    learning_rate        | 0.0003       |
|    loss                 | 1.62         |
|    n_updates            | 1900         |
|    policy_gradient_loss | -0.000876    |
|    value_loss           | 4.23         |
------------------------------------------
------------------------------------------
| time/                   |              |
|    fps                  | 364          |
|    iterations           | 77           |
|    time_elapsed         | 324          |
|    total_timesteps      | 294912       |
| train/                  |              |
|    approx_kl            | 0.0015593056 |
|    clip_fraction        | 0.00658      |
|    clip_range           | 0.2          |
|    entropy_loss         | -0.255       |
|    explained_variance   | 0.935        |
|    learning_rate        | 0.0003       |
|    loss                 | 5.65         |
|    n_updates            | 1910         |
|    policy_gradient_loss | -0.000232    |
|    value_loss           | 5.79         |
------------------------------------------
  step  295059/500000 ( 59.0%)  mean_rew=-0.003
-------------------------------------------
| time/                   |               |
|    fps                  | 366           |
|    iterations           | 78            |
|    time_elapsed         | 326           |
|    total_timesteps      | 296448        |
| train/                  |               |
|    approx_kl            | 3.3194705e-05 |
|    clip_fraction        | 0.00384       |
|    clip_range           | 0.2           |
|    entropy_loss         | -0.0923       |
|    explained_variance   | 0.921         |
|    learning_rate        | 0.0003        |
|    loss                 | 0.0322        |
|    n_updates            | 1920          |
|    policy_gradient_loss | -0.000135     |
|    value_loss           | 0.0723        |
-------------------------------------------
-------------------------------------------
| time/                   |               |
|    fps                  | 365           |
|    iterations           | 79            |
|    time_elapsed         | 332           |
|    total_timesteps      | 297984        |
| train/                  |               |
|    approx_kl            | 0.00023506132 |
|    clip_fraction        | 0.00664       |
|    clip_range           | 0.2           |
|    entropy_loss         | -0.0984       |
|    explained_variance   | 0.888         |
|    learning_rate        | 0.0003        |
|    loss                 | 0.049         |
|    n_updates            | 1930          |
|    policy_gradient_loss | -0.000673     |
|    value_loss           | 0.0815        |
-------------------------------------------
------------------------------------------
| time/                   |              |
|    fps                  | 365          |
|    iterations           | 80           |
|    time_elapsed         | 336          |
|    total_timesteps      | 299520       |
| train/                  |              |
|    approx_kl            | 0.0001986352 |
|    clip_fraction        | 0.00814      |
|    clip_range           | 0.2          |
|    entropy_loss         | -0.19        |
|    explained_variance   | 0.933        |
|    learning_rate        | 0.0003       |
|    loss                 | 0.699        |
|    n_updates            | 1940         |
|    policy_gradient_loss | -3.37e-05    |
|    value_loss           | 4.39         |
------------------------------------------
  step  300060/500000 ( 60.0%)  mean_rew=-0.004
-------------------------------------------
| time/                   |               |
|    fps                  | 366           |
|    iterations           | 81            |
|    time_elapsed         | 339           |
|    total_timesteps      | 301056        |
| train/                  |               |
|    approx_kl            | 0.00043344797 |
|    clip_fraction        | 0.000716      |
|    clip_range           | 0.2           |
|    entropy_loss         | -0.132        |
|    explained_variance   | 0.982         |
|    learning_rate        | 0.0003        |
|    loss                 | 0.235         |
|    n_updates            | 1950          |
|    policy_gradient_loss | 1.26e-05      |
|    value_loss           | 0.638         |
-------------------------------------------
-------------------------------------------
| time/                   |               |
|    fps                  | 368           |
|    iterations           | 82            |
|    time_elapsed         | 341           |
|    total_timesteps      | 302592        |
| train/                  |               |
|    approx_kl            | 0.00045872814 |
|    clip_fraction        | 0.00677       |
|    clip_range           | 0.2           |
|    entropy_loss         | -0.114        |
|    explained_variance   | 0.878         |
|    learning_rate        | 0.0003        |
|    loss                 | 0.55          |
|    n_updates            | 1960          |
|    policy_gradient_loss | 0.000574      |
|    value_loss           | 3.73          |
-------------------------------------------
  Stage 3 saved -> cologne3_ppo_stage3_75pct.zip

────────────────────────────────────────────────────────────
  Stage 4/4  100% demand  200000 steps  (cumulative -> 500000)
  Route: cologne3_rand_100pct.rou.xml
────────────────────────────────────────────────────────────
-------------------------------
| time/              |        |
|    fps             | 326    |
|    iterations      | 1      |
|    time_elapsed    | 4      |
|    total_timesteps | 304128 |
-------------------------------
  step  305061/500000 ( 61.0%)  mean_rew=-0.001
------------------------------------------
| time/                   |              |
|    fps                  | 208          |
|    iterations           | 2            |
|    time_elapsed         | 14           |
|    total_timesteps      | 305664       |
| train/                  |              |
|    approx_kl            | 0.0022088664 |
|    clip_fraction        | 0.0136       |
|    clip_range           | 0.2          |
|    entropy_loss         | -0.141       |
|    explained_variance   | 0.984        |
|    learning_rate        | 0.0003       |
|    loss                 | 0.301        |
|    n_updates            | 1980         |
|    policy_gradient_loss | -9.61e-05    |
|    value_loss           | 0.382        |
------------------------------------------
------------------------------------------
| time/                   |              |
|    fps                  | 166          |
|    iterations           | 3            |
|    time_elapsed         | 27           |
|    total_timesteps      | 307200       |
| train/                  |              |
|    approx_kl            | 0.0009768358 |
|    clip_fraction        | 0.0143       |
|    clip_range           | 0.2          |
|    entropy_loss         | -0.277       |
|    explained_variance   | 0.918        |
|    learning_rate        | 0.0003       |
|    loss                 | 2.4          |
|    n_updates            | 1990         |
|    policy_gradient_loss | -0.00151     |
|    value_loss           | 5.89         |
------------------------------------------
----------------------------------------
| time/                   |            |
|    fps                  | 176        |
|    iterations           | 4          |
|    time_elapsed         | 34         |
|    total_timesteps      | 308736     |
| train/                  |            |
|    approx_kl            | 0.00183148 |
|    clip_fraction        | 0.0163     |
|    clip_range           | 0.2        |
|    entropy_loss         | -0.312     |
|    explained_variance   | 0.898      |
|    learning_rate        | 0.0003     |
|    loss                 | 3.76       |
|    n_updates            | 2000       |
|    policy_gradient_loss | -0.000923  |
|    value_loss           | 8.06       |
----------------------------------------
  step  310062/500000 ( 62.0%)  mean_rew=-0.087
-----------------------------------------
| time/                   |             |
|    fps                  | 179         |
|    iterations           | 5           |
|    time_elapsed         | 42          |
|    total_timesteps      | 310272      |
| train/                  |             |
|    approx_kl            | 0.007996056 |
|    clip_fraction        | 0.0335      |
|    clip_range           | 0.2         |
|    entropy_loss         | -0.227      |
|    explained_variance   | 0.985       |
|    learning_rate        | 0.0003      |
|    loss                 | 0.408       |
|    n_updates            | 2010        |
|    policy_gradient_loss | -0.00118    |
|    value_loss           | 1.22        |
-----------------------------------------
------------------------------------------
| time/                   |              |
|    fps                  | 173          |
|    iterations           | 6            |
|    time_elapsed         | 53           |
|    total_timesteps      | 311808       |
| train/                  |              |
|    approx_kl            | 0.0010330722 |
|    clip_fraction        | 0.00299      |
|    clip_range           | 0.2          |
|    entropy_loss         | -0.231       |
|    explained_variance   | 0.93         |
|    learning_rate        | 0.0003       |
|    loss                 | 3.13         |
|    n_updates            | 2020         |
|    policy_gradient_loss | -0.000142    |
|    value_loss           | 8.05         |
------------------------------------------
-----------------------------------------
| time/                   |             |
|    fps                  | 164         |
|    iterations           | 7           |
|    time_elapsed         | 65          |
|    total_timesteps      | 313344      |
| train/                  |             |
|    approx_kl            | 0.002737451 |
|    clip_fraction        | 0.00163     |
|    clip_range           | 0.2         |
|    entropy_loss         | -0.28       |
|    explained_variance   | 0.922       |
|    learning_rate        | 0.0003      |
|    loss                 | 12.7        |
|    n_updates            | 2030        |
|    policy_gradient_loss | 0.000182    |
|    value_loss           | 10.7        |
-----------------------------------------
-------------------------------------------
| time/                   |               |
|    fps                  | 168           |
|    iterations           | 8             |
|    time_elapsed         | 73            |
|    total_timesteps      | 314880        |
| train/                  |               |
|    approx_kl            | 0.00092814764 |
|    clip_fraction        | 0.00345       |
|    clip_range           | 0.2           |
|    entropy_loss         | -0.337        |
|    explained_variance   | 0.984         |
|    learning_rate        | 0.0003        |
|    loss                 | 0.573         |
|    n_updates            | 2040          |
|    policy_gradient_loss | 0.000631      |
|    value_loss           | 2.06          |
-------------------------------------------
  step  315063/500000 ( 63.0%)  mean_rew=-0.339
------------------------------------------
| time/                   |              |
|    fps                  | 166          |
|    iterations           | 9            |
|    time_elapsed         | 82           |
|    total_timesteps      | 316416       |
| train/                  |              |
|    approx_kl            | 0.0015252196 |
|    clip_fraction        | 0.0302       |
|    clip_range           | 0.2          |
|    entropy_loss         | -0.234       |
|    explained_variance   | 0.929        |
|    learning_rate        | 0.0003       |
|    loss                 | 7.67         |
|    n_updates            | 2050         |
|    policy_gradient_loss | -0.00518     |
|    value_loss           | 9.02         |
------------------------------------------
------------------------------------------
| time/                   |              |
|    fps                  | 160          |
|    iterations           | 10           |
|    time_elapsed         | 95           |
|    total_timesteps      | 317952       |
| train/                  |              |
|    approx_kl            | 0.0028387338 |
|    clip_fraction        | 0.00618      |
|    clip_range           | 0.2          |
|    entropy_loss         | -0.255       |
|    explained_variance   | 0.923        |
|    learning_rate        | 0.0003       |
|    loss                 | 6.46         |
|    n_updates            | 2060         |
|    policy_gradient_loss | -0.000627    |
|    value_loss           | 12           |
------------------------------------------
------------------------------------------
| time/                   |              |
|    fps                  | 159          |
|    iterations           | 11           |
|    time_elapsed         | 105          |
|    total_timesteps      | 319488       |
| train/                  |              |
|    approx_kl            | 0.0024692996 |
|    clip_fraction        | 0            |
|    clip_range           | 0.2          |
|    entropy_loss         | -0.372       |
|    explained_variance   | 0.92         |
|    learning_rate        | 0.0003       |
|    loss                 | 7.15         |
|    n_updates            | 2070         |
|    policy_gradient_loss | 0.00018      |
|    value_loss           | 11.8         |
------------------------------------------
  step  320064/500000 ( 64.0%)  mean_rew=-0.016
-----------------------------------------
| time/                   |             |
|    fps                  | 159         |
|    iterations           | 12          |
|    time_elapsed         | 115         |
|    total_timesteps      | 321024      |
| train/                  |             |
|    approx_kl            | 0.004239841 |
|    clip_fraction        | 0.0723      |
|    clip_range           | 0.2         |
|    entropy_loss         | -0.316      |
|    explained_variance   | 0.988       |
|    learning_rate        | 0.0003      |
|    loss                 | 0.761       |
|    n_updates            | 2080        |
|    policy_gradient_loss | -0.001      |
|    value_loss           | 1.82        |
-----------------------------------------
------------------------------------------
| time/                   |              |
|    fps                  | 156          |
|    iterations           | 13           |
|    time_elapsed         | 127          |
|    total_timesteps      | 322560       |
| train/                  |              |
|    approx_kl            | 0.0047192075 |
|    clip_fraction        | 0.0676       |
|    clip_range           | 0.2          |
|    entropy_loss         | -0.32        |
|    explained_variance   | 0.917        |
|    learning_rate        | 0.0003       |
|    loss                 | 5.35         |
|    n_updates            | 2090         |
|    policy_gradient_loss | -0.00637     |
|    value_loss           | 12.3         |
------------------------------------------
------------------------------------------
| time/                   |              |
|    fps                  | 152          |
|    iterations           | 14           |
|    time_elapsed         | 141          |
|    total_timesteps      | 324096       |
| train/                  |              |
|    approx_kl            | 0.0048053297 |
|    clip_fraction        | 0.0695       |
|    clip_range           | 0.2          |
|    entropy_loss         | -0.303       |
|    explained_variance   | 0.916        |
|    learning_rate        | 0.0003       |
|    loss                 | 10.7         |
|    n_updates            | 2100         |
|    policy_gradient_loss | -0.00207     |
|    value_loss           | 14           |
------------------------------------------
  step  325065/500000 ( 65.0%)  mean_rew=-0.078
-----------------------------------------
| time/                   |             |
|    fps                  | 153         |
|    iterations           | 15          |
|    time_elapsed         | 150         |
|    total_timesteps      | 325632      |
| train/                  |             |
|    approx_kl            | 0.001755665 |
|    clip_fraction        | 0.0154      |
|    clip_range           | 0.2         |
|    entropy_loss         | -0.419      |
|    explained_variance   | 0.976       |
|    learning_rate        | 0.0003      |
|    loss                 | 1.04        |
|    n_updates            | 2110        |
|    policy_gradient_loss | -0.000208   |
|    value_loss           | 2.5         |
-----------------------------------------
-----------------------------------------
| time/                   |             |
|    fps                  | 154         |
|    iterations           | 16          |
|    time_elapsed         | 159         |
|    total_timesteps      | 327168      |
| train/                  |             |
|    approx_kl            | 0.002514407 |
|    clip_fraction        | 0.0257      |
|    clip_range           | 0.2         |
|    entropy_loss         | -0.274      |
|    explained_variance   | 0.918       |
|    learning_rate        | 0.0003      |
|    loss                 | 5.42        |
|    n_updates            | 2120        |
|    policy_gradient_loss | -0.00095    |
|    value_loss           | 12.6        |
-----------------------------------------
------------------------------------------
| time/                   |              |
|    fps                  | 154          |
|    iterations           | 17           |
|    time_elapsed         | 168          |
|    total_timesteps      | 328704       |
| train/                  |              |
|    approx_kl            | 0.0021346807 |
|    clip_fraction        | 0.0214       |
|    clip_range           | 0.2          |
|    entropy_loss         | -0.274       |
|    explained_variance   | 0.927        |
|    learning_rate        | 0.0003       |
|    loss                 | 4.89         |
|    n_updates            | 2130         |
|    policy_gradient_loss | -0.00123     |
|    value_loss           | 13.1         |
------------------------------------------
  step  330066/500000 ( 66.0%)  mean_rew=-0.370
------------------------------------------
| time/                   |              |
|    fps                  | 153          |
|    iterations           | 18           |
|    time_elapsed         | 180          |
|    total_timesteps      | 330240       |
| train/                  |              |
|    approx_kl            | 0.0011656522 |
|    clip_fraction        | 0.0105       |
|    clip_range           | 0.2          |
|    entropy_loss         | -0.308       |
|    explained_variance   | 0.925        |
|    learning_rate        | 0.0003       |
|    loss                 | 6.93         |
|    n_updates            | 2140         |
|    policy_gradient_loss | 0.000302     |
|    value_loss           | 12.6         |
------------------------------------------
------------------------------------------
| time/                   |              |
|    fps                  | 152          |
|    iterations           | 19           |
|    time_elapsed         | 190          |
|    total_timesteps      | 331776       |
| train/                  |              |
|    approx_kl            | 0.0039402773 |
|    clip_fraction        | 0.0126       |
|    clip_range           | 0.2          |
|    entropy_loss         | -0.34        |
|    explained_variance   | 0.981        |
|    learning_rate        | 0.0003       |
|    loss                 | 1.07         |
|    n_updates            | 2150         |
|    policy_gradient_loss | -0.000608    |
|    value_loss           | 2.3          |
------------------------------------------
-------------------------------------------
| time/                   |               |
|    fps                  | 151           |
|    iterations           | 20            |
|    time_elapsed         | 203           |
|    total_timesteps      | 333312        |
| train/                  |               |
|    approx_kl            | 3.1474705e-05 |
|    clip_fraction        | 0.0301        |
|    clip_range           | 0.2           |
|    entropy_loss         | -0.3          |
|    explained_variance   | 0.912         |
|    learning_rate        | 0.0003        |
|    loss                 | 3.7           |
|    n_updates            | 2160          |
|    policy_gradient_loss | -0.000432     |
|    value_loss           | 13.3          |
-------------------------------------------
-------------------------------------------
| time/                   |               |
|    fps                  | 148           |
|    iterations           | 21            |
|    time_elapsed         | 216           |
|    total_timesteps      | 334848        |
| train/                  |               |
|    approx_kl            | 0.00096117426 |
|    clip_fraction        | 0.0384        |
|    clip_range           | 0.2           |
|    entropy_loss         | -0.345        |
|    explained_variance   | 0.913         |
|    learning_rate        | 0.0003        |
|    loss                 | 10.9          |
|    n_updates            | 2170          |
|    policy_gradient_loss | -0.000976     |
|    value_loss           | 15.1          |
-------------------------------------------
  step  335067/500000 ( 67.0%)  mean_rew=-0.228
------------------------------------------
| time/                   |              |
|    fps                  | 149          |
|    iterations           | 22           |
|    time_elapsed         | 226          |
|    total_timesteps      | 336384       |
| train/                  |              |
|    approx_kl            | 0.0055835177 |
|    clip_fraction        | 0.0818       |
|    clip_range           | 0.2          |
|    entropy_loss         | -0.444       |
|    explained_variance   | 0.982        |
|    learning_rate        | 0.0003       |
|    loss                 | 0.765        |
|    n_updates            | 2180         |
|    policy_gradient_loss | -0.00566     |
|    value_loss           | 1.93         |
------------------------------------------
-------------------------------------------
| time/                   |               |
|    fps                  | 149           |
|    iterations           | 23            |
|    time_elapsed         | 236           |
|    total_timesteps      | 337920        |
| train/                  |               |
|    approx_kl            | 0.00012986606 |
|    clip_fraction        | 0.00104       |
|    clip_range           | 0.2           |
|    entropy_loss         | -0.298        |
|    explained_variance   | 0.911         |
|    learning_rate        | 0.0003        |
|    loss                 | 9.63          |
|    n_updates            | 2190          |
|    policy_gradient_loss | -0.000336     |
|    value_loss           | 13.7          |
-------------------------------------------
------------------------------------------
| time/                   |              |
|    fps                  | 148          |
|    iterations           | 24           |
|    time_elapsed         | 248          |
|    total_timesteps      | 339456       |
| train/                  |              |
|    approx_kl            | 3.312885e-05 |
|    clip_fraction        | 0.0314       |
|    clip_range           | 0.2          |
|    entropy_loss         | -0.305       |
|    explained_variance   | 0.92         |
|    learning_rate        | 0.0003       |
|    loss                 | 7.08         |
|    n_updates            | 2200         |
|    policy_gradient_loss | -0.000948    |
|    value_loss           | 14.3         |
------------------------------------------
  step  340068/500000 ( 68.0%)  mean_rew=-0.073
------------------------------------------
| time/                   |              |
|    fps                  | 148          |
|    iterations           | 25           |
|    time_elapsed         | 258          |
|    total_timesteps      | 340992       |
| train/                  |              |
|    approx_kl            | 0.0037826058 |
|    clip_fraction        | 0.0348       |
|    clip_range           | 0.2          |
|    entropy_loss         | -0.4         |
|    explained_variance   | 0.912        |
|    learning_rate        | 0.0003       |
|    loss                 | 6.14         |
|    n_updates            | 2210         |
|    policy_gradient_loss | -0.000734    |
|    value_loss           | 13.7         |
------------------------------------------
-------------------------------------------
| time/                   |               |
|    fps                  | 150           |
|    iterations           | 26            |
|    time_elapsed         | 265           |
|    total_timesteps      | 342528        |
| train/                  |               |
|    approx_kl            | 0.00013634241 |
|    clip_fraction        | 0.00365       |
|    clip_range           | 0.2           |
|    entropy_loss         | -0.317        |
|    explained_variance   | 0.984         |
|    learning_rate        | 0.0003        |
|    loss                 | 1.22          |
|    n_updates            | 2220          |
|    policy_gradient_loss | -0.000915     |
|    value_loss           | 2.59          |
-------------------------------------------
-------------------------------------------
| time/                   |               |
|    fps                  | 151           |
|    iterations           | 27            |
|    time_elapsed         | 274           |
|    total_timesteps      | 344064        |
| train/                  |               |
|    approx_kl            | 0.00027165434 |
|    clip_fraction        | 0.0163        |
|    clip_range           | 0.2           |
|    entropy_loss         | -0.203        |
|    explained_variance   | 0.906         |
|    learning_rate        | 0.0003        |
|    loss                 | 8.37          |
|    n_updates            | 2230          |
|    policy_gradient_loss | 0.000531      |
|    value_loss           | 13.6          |
-------------------------------------------
  step  345069/500000 ( 69.0%)  mean_rew=-0.365
------------------------------------------
| time/                   |              |
|    fps                  | 149          |
|    iterations           | 28           |
|    time_elapsed         | 287          |
|    total_timesteps      | 345600       |
| train/                  |              |
|    approx_kl            | 8.373983e-05 |
|    clip_fraction        | 0.0333       |
|    clip_range           | 0.2          |
|    entropy_loss         | -0.287       |
|    explained_variance   | 0.923        |
|    learning_rate        | 0.0003       |
|    loss                 | 4.31         |
|    n_updates            | 2240         |
|    policy_gradient_loss | -0.00167     |
|    value_loss           | 12           |
------------------------------------------
------------------------------------------
| time/                   |              |
|    fps                  | 149          |
|    iterations           | 29           |
|    time_elapsed         | 297          |
|    total_timesteps      | 347136       |
| train/                  |              |
|    approx_kl            | 0.0074108723 |
|    clip_fraction        | 0.085        |
|    clip_range           | 0.2          |
|    entropy_loss         | -0.421       |
|    explained_variance   | 0.984        |
|    learning_rate        | 0.0003       |
|    loss                 | 0.346        |
|    n_updates            | 2250         |
|    policy_gradient_loss | -0.00304     |
|    value_loss           | 1.55         |
------------------------------------------
-------------------------------------------
| time/                   |               |
|    fps                  | 149           |
|    iterations           | 30            |
|    time_elapsed         | 307           |
|    total_timesteps      | 348672        |
| train/                  |               |
|    approx_kl            | 0.00031576623 |
|    clip_fraction        | 0.0206        |
|    clip_range           | 0.2           |
|    entropy_loss         | -0.269        |
|    explained_variance   | 0.916         |
|    learning_rate        | 0.0003        |
|    loss                 | 2.24          |
|    n_updates            | 2260          |
|    policy_gradient_loss | 0.000393      |
|    value_loss           | 12.3          |
-------------------------------------------
  step  350070/500000 ( 70.0%)  mean_rew=-0.380
-----------------------------------------
| time/                   |             |
|    fps                  | 148         |
|    iterations           | 31          |
|    time_elapsed         | 321         |
|    total_timesteps      | 350208      |
| train/                  |             |
|    approx_kl            | 0.005675982 |
|    clip_fraction        | 0.0384      |
|    clip_range           | 0.2         |
|    entropy_loss         | -0.296      |
|    explained_variance   | 0.918       |
|    learning_rate        | 0.0003      |
|    loss                 | 3.96        |
|    n_updates            | 2270        |
|    policy_gradient_loss | -0.000604   |
|    value_loss           | 13.4        |
-----------------------------------------
-------------------------------------------
| time/                   |               |
|    fps                  | 150           |
|    iterations           | 32            |
|    time_elapsed         | 327           |
|    total_timesteps      | 351744        |
| train/                  |               |
|    approx_kl            | 5.2883715e-05 |
|    clip_fraction        | 0             |
|    clip_range           | 0.2           |
|    entropy_loss         | -0.414        |
|    explained_variance   | 0.901         |
|    learning_rate        | 0.0003        |
|    loss                 | 5.94          |
|    n_updates            | 2280          |
|    policy_gradient_loss | 0.000302      |
|    value_loss           | 14            |
-------------------------------------------
------------------------------------------
| time/                   |              |
|    fps                  | 150          |
|    iterations           | 33           |
|    time_elapsed         | 335          |
|    total_timesteps      | 353280       |
| train/                  |              |
|    approx_kl            | 0.0033201145 |
|    clip_fraction        | 0.0212       |
|    clip_range           | 0.2          |
|    entropy_loss         | -0.152       |
|    explained_variance   | 0.994        |
|    learning_rate        | 0.0003       |
|    loss                 | 0.187        |
|    n_updates            | 2290         |
|    policy_gradient_loss | -0.00166     |
|    value_loss           | 0.606        |
------------------------------------------
-------------------------------------------
| time/                   |               |
|    fps                  | 150           |
|    iterations           | 34            |
|    time_elapsed         | 347           |
|    total_timesteps      | 354816        |
| train/                  |               |
|    approx_kl            | 0.00070048013 |
|    clip_fraction        | 0.0137        |
|    clip_range           | 0.2           |
|    entropy_loss         | -0.262        |
|    explained_variance   | 0.924         |
|    learning_rate        | 0.0003        |
|    loss                 | 1.37          |
|    n_updates            | 2300          |
|    policy_gradient_loss | -0.000224     |
|    value_loss           | 12.9          |
-------------------------------------------
  step  355071/500000 ( 71.0%)  mean_rew=-0.018
------------------------------------------
| time/                   |              |
|    fps                  | 149          |
|    iterations           | 35           |
|    time_elapsed         | 360          |
|    total_timesteps      | 356352       |
| train/                  |              |
|    approx_kl            | 0.0019456813 |
|    clip_fraction        | 0.0129       |
|    clip_range           | 0.2          |
|    entropy_loss         | -0.36        |
|    explained_variance   | 0.928        |
|    learning_rate        | 0.0003       |
|    loss                 | 14           |
|    n_updates            | 2310         |
|    policy_gradient_loss | -0.000281    |
|    value_loss           | 13.6         |
------------------------------------------
------------------------------------------
| time/                   |              |
|    fps                  | 150          |
|    iterations           | 36           |
|    time_elapsed         | 366          |
|    total_timesteps      | 357888       |
| train/                  |              |
|    approx_kl            | 0.0035670686 |
|    clip_fraction        | 0.0269       |
|    clip_range           | 0.2          |
|    entropy_loss         | -0.377       |
|    explained_variance   | 0.99         |
|    learning_rate        | 0.0003       |
|    loss                 | 0.32         |
|    n_updates            | 2320         |
|    policy_gradient_loss | -0.000177    |
|    value_loss           | 1.14         |
------------------------------------------
------------------------------------------
| time/                   |              |
|    fps                  | 151          |
|    iterations           | 37           |
|    time_elapsed         | 375          |
|    total_timesteps      | 359424       |
| train/                  |              |
|    approx_kl            | 7.348849e-05 |
|    clip_fraction        | 0            |
|    clip_range           | 0.2          |
|    entropy_loss         | -0.154       |
|    explained_variance   | 0.869        |
|    learning_rate        | 0.0003       |
|    loss                 | 7.28         |
|    n_updates            | 2330         |
|    policy_gradient_loss | 0.000241     |
|    value_loss           | 12.3         |
------------------------------------------
  step  360072/500000 ( 72.0%)  mean_rew=-0.363
-----------------------------------------
| time/                   |             |
|    fps                  | 149         |
|    iterations           | 38          |
|    time_elapsed         | 390         |
|    total_timesteps      | 360960      |
| train/                  |             |
|    approx_kl            | 0.001820532 |
|    clip_fraction        | 0.0114      |
|    clip_range           | 0.2         |
|    entropy_loss         | -0.293      |
|    explained_variance   | 0.918       |
|    learning_rate        | 0.0003      |
|    loss                 | 2.49        |
|    n_updates            | 2340        |
|    policy_gradient_loss | -0.000456   |
|    value_loss           | 11.9        |
-----------------------------------------
------------------------------------------
| time/                   |              |
|    fps                  | 149          |
|    iterations           | 39           |
|    time_elapsed         | 400          |
|    total_timesteps      | 362496       |
| train/                  |              |
|    approx_kl            | 0.0021135956 |
|    clip_fraction        | 0.0176       |
|    clip_range           | 0.2          |
|    entropy_loss         | -0.419       |
|    explained_variance   | 0.899        |
|    learning_rate        | 0.0003       |
|    loss                 | 5.43         |
|    n_updates            | 2350         |
|    policy_gradient_loss | -0.00053     |
|    value_loss           | 13.2         |
------------------------------------------
-----------------------------------------
| time/                   |             |
|    fps                  | 150         |
|    iterations           | 40          |
|    time_elapsed         | 409         |
|    total_timesteps      | 364032      |
| train/                  |             |
|    approx_kl            | 0.010688539 |
|    clip_fraction        | 0.107       |
|    clip_range           | 0.2         |
|    entropy_loss         | -0.325      |
|    explained_variance   | 0.992       |
|    learning_rate        | 0.0003      |
|    loss                 | 0.385       |
|    n_updates            | 2360        |
|    policy_gradient_loss | -0.00117    |
|    value_loss           | 0.926       |
-----------------------------------------
  step  365073/500000 ( 73.0%)  mean_rew=-0.362
------------------------------------------
| time/                   |              |
|    fps                  | 149          |
|    iterations           | 41           |
|    time_elapsed         | 421          |
|    total_timesteps      | 365568       |
| train/                  |              |
|    approx_kl            | 0.0026265306 |
|    clip_fraction        | 0.0576       |
|    clip_range           | 0.2          |
|    entropy_loss         | -0.219       |
|    explained_variance   | 0.922        |
|    learning_rate        | 0.0003       |
|    loss                 | 5.71         |
|    n_updates            | 2370         |
|    policy_gradient_loss | -0.00299     |
|    value_loss           | 14.3         |
------------------------------------------
------------------------------------------
| time/                   |              |
|    fps                  | 148          |
|    iterations           | 42           |
|    time_elapsed         | 433          |
|    total_timesteps      | 367104       |
| train/                  |              |
|    approx_kl            | 0.0035447252 |
|    clip_fraction        | 0.0257       |
|    clip_range           | 0.2          |
|    entropy_loss         | -0.318       |
|    explained_variance   | 0.926        |
|    learning_rate        | 0.0003       |
|    loss                 | 9.61         |
|    n_updates            | 2380         |
|    policy_gradient_loss | 0.000176     |
|    value_loss           | 14           |
------------------------------------------
-----------------------------------------
| time/                   |             |
|    fps                  | 148         |
|    iterations           | 43          |
|    time_elapsed         | 443         |
|    total_timesteps      | 368640      |
| train/                  |             |
|    approx_kl            | 0.001976005 |
|    clip_fraction        | 0.0104      |
|    clip_range           | 0.2         |
|    entropy_loss         | -0.318      |
|    explained_variance   | 0.991       |
|    learning_rate        | 0.0003      |
|    loss                 | 0.353       |
|    n_updates            | 2390        |
|    policy_gradient_loss | -0.000394   |
|    value_loss           | 0.961       |
-----------------------------------------
  step  370074/500000 ( 74.0%)  mean_rew=-0.002
------------------------------------------
| time/                   |              |
|    fps                  | 148          |
|    iterations           | 44           |
|    time_elapsed         | 454          |
|    total_timesteps      | 370176       |
| train/                  |              |
|    approx_kl            | 0.0022929993 |
|    clip_fraction        | 0.0149       |
|    clip_range           | 0.2          |
|    entropy_loss         | -0.265       |
|    explained_variance   | 0.915        |
|    learning_rate        | 0.0003       |
|    loss                 | 8.62         |
|    n_updates            | 2400         |
|    policy_gradient_loss | -0.000366    |
|    value_loss           | 14.4         |
------------------------------------------
------------------------------------------
| time/                   |              |
|    fps                  | 147          |
|    iterations           | 45           |
|    time_elapsed         | 468          |
|    total_timesteps      | 371712       |
| train/                  |              |
|    approx_kl            | 0.0003125245 |
|    clip_fraction        | 0.00885      |
|    clip_range           | 0.2          |
|    entropy_loss         | -0.266       |
|    explained_variance   | 0.931        |
|    learning_rate        | 0.0003       |
|    loss                 | 3.69         |
|    n_updates            | 2410         |
|    policy_gradient_loss | 0.000576     |
|    value_loss           | 14.8         |
------------------------------------------
------------------------------------------
| time/                   |              |
|    fps                  | 147          |
|    iterations           | 46           |
|    time_elapsed         | 478          |
|    total_timesteps      | 373248       |
| train/                  |              |
|    approx_kl            | 0.0020303433 |
|    clip_fraction        | 0.0139       |
|    clip_range           | 0.2          |
|    entropy_loss         | -0.368       |
|    explained_variance   | 0.902        |
|    learning_rate        | 0.0003       |
|    loss                 | 12.5         |
|    n_updates            | 2420         |
|    policy_gradient_loss | 0.000347     |
|    value_loss           | 14.6         |
------------------------------------------
------------------------------------------
| time/                   |              |
|    fps                  | 147          |
|    iterations           | 47           |
|    time_elapsed         | 487          |
|    total_timesteps      | 374784       |
| train/                  |              |
|    approx_kl            | 0.0011789234 |
|    clip_fraction        | 0.0245       |
|    clip_range           | 0.2          |
|    entropy_loss         | -0.25        |
|    explained_variance   | 0.993        |
|    learning_rate        | 0.0003       |
|    loss                 | 0.363        |
|    n_updates            | 2430         |
|    policy_gradient_loss | -0.00257     |
|    value_loss           | 0.78         |
------------------------------------------
  step  375075/500000 ( 75.0%)  mean_rew=-0.223
-------------------------------------------
| time/                   |               |
|    fps                  | 147           |
|    iterations           | 48            |
|    time_elapsed         | 499           |
|    total_timesteps      | 376320        |
| train/                  |               |
|    approx_kl            | 0.00095712236 |
|    clip_fraction        | 0.0174        |
|    clip_range           | 0.2           |
|    entropy_loss         | -0.193        |
|    explained_variance   | 0.922         |
|    learning_rate        | 0.0003        |
|    loss                 | 1.53          |
|    n_updates            | 2440          |
|    policy_gradient_loss | -0.000239     |
|    value_loss           | 15.3          |
-------------------------------------------
------------------------------------------
| time/                   |              |
|    fps                  | 146          |
|    iterations           | 49           |
|    time_elapsed         | 512          |
|    total_timesteps      | 377856       |
| train/                  |              |
|    approx_kl            | 0.0018657552 |
|    clip_fraction        | 0.00898      |
|    clip_range           | 0.2          |
|    entropy_loss         | -0.295       |
|    explained_variance   | 0.927        |
|    learning_rate        | 0.0003       |
|    loss                 | 10.6         |
|    n_updates            | 2450         |
|    policy_gradient_loss | -0.000169    |
|    value_loss           | 14.9         |
------------------------------------------
------------------------------------------
| time/                   |              |
|    fps                  | 146          |
|    iterations           | 50           |
|    time_elapsed         | 522          |
|    total_timesteps      | 379392       |
| train/                  |              |
|    approx_kl            | 0.0007519289 |
|    clip_fraction        | 0.00918      |
|    clip_range           | 0.2          |
|    entropy_loss         | -0.27        |
|    explained_variance   | 0.993        |
|    learning_rate        | 0.0003       |
|    loss                 | 0.265        |
|    n_updates            | 2460         |
|    policy_gradient_loss | -2.18e-05    |
|    value_loss           | 0.791        |
------------------------------------------
  step  380076/500000 ( 76.0%)  mean_rew=-0.367
-------------------------------------------
| time/                   |               |
|    fps                  | 146           |
|    iterations           | 51            |
|    time_elapsed         | 534           |
|    total_timesteps      | 380928        |
| train/                  |               |
|    approx_kl            | 0.00022305665 |
|    clip_fraction        | 0.00508       |
|    clip_range           | 0.2           |
|    entropy_loss         | -0.218        |
|    explained_variance   | 0.915         |
|    learning_rate        | 0.0003        |
|    loss                 | 4.72          |
|    n_updates            | 2470          |
|    policy_gradient_loss | -0.000199     |
|    value_loss           | 15.3          |
-------------------------------------------
------------------------------------------
| time/                   |              |
|    fps                  | 146          |
|    iterations           | 52           |
|    time_elapsed         | 545          |
|    total_timesteps      | 382464       |
| train/                  |              |
|    approx_kl            | 0.0002606445 |
|    clip_fraction        | 0.00254      |
|    clip_range           | 0.2          |
|    entropy_loss         | -0.216       |
|    explained_variance   | 0.936        |
|    learning_rate        | 0.0003       |
|    loss                 | 2.1          |
|    n_updates            | 2480         |
|    policy_gradient_loss | -0.000523    |
|    value_loss           | 15.5         |
------------------------------------------
----------------------------------------
| time/                   |            |
|    fps                  | 146        |
|    iterations           | 53         |
|    time_elapsed         | 556        |
|    total_timesteps      | 384000     |
| train/                  |            |
|    approx_kl            | 0.00683748 |
|    clip_fraction        | 0.0154     |
|    clip_range           | 0.2        |
|    entropy_loss         | -0.267     |
|    explained_variance   | 0.995      |
|    learning_rate        | 0.0003     |
|    loss                 | 0.215      |
|    n_updates            | 2490       |
|    policy_gradient_loss | 0.000305   |
|    value_loss           | 0.658      |
----------------------------------------
  step  385077/500000 ( 77.0%)  mean_rew=-0.006
-------------------------------------------
| time/                   |               |
|    fps                  | 146           |
|    iterations           | 54            |
|    time_elapsed         | 565           |
|    total_timesteps      | 385536        |
| train/                  |               |
|    approx_kl            | 0.00029000352 |
|    clip_fraction        | 0.0189        |
|    clip_range           | 0.2           |
|    entropy_loss         | -0.217        |
|    explained_variance   | 0.924         |
|    learning_rate        | 0.0003        |
|    loss                 | 3             |
|    n_updates            | 2500          |
|    policy_gradient_loss | 0.00144       |
|    value_loss           | 14.1          |
-------------------------------------------
------------------------------------------
| time/                   |              |
|    fps                  | 146          |
|    iterations           | 55           |
|    time_elapsed         | 574          |
|    total_timesteps      | 387072       |
| train/                  |              |
|    approx_kl            | 0.0017832712 |
|    clip_fraction        | 0.0217       |
|    clip_range           | 0.2          |
|    entropy_loss         | -0.121       |
|    explained_variance   | 0.928        |
|    learning_rate        | 0.0003       |
|    loss                 | 4.91         |
|    n_updates            | 2510         |
|    policy_gradient_loss | -0.0015      |
|    value_loss           | 15.8         |
------------------------------------------
-------------------------------------------
| time/                   |               |
|    fps                  | 147           |
|    iterations           | 56            |
|    time_elapsed         | 584           |
|    total_timesteps      | 388608        |
| train/                  |               |
|    approx_kl            | 0.00014429916 |
|    clip_fraction        | 0.000391      |
|    clip_range           | 0.2           |
|    entropy_loss         | -0.186        |
|    explained_variance   | 0.924         |
|    learning_rate        | 0.0003        |
|    loss                 | 2.97          |
|    n_updates            | 2520          |
|    policy_gradient_loss | 8.12e-05      |
|    value_loss           | 14.2          |
-------------------------------------------
  step  390078/500000 ( 78.0%)  mean_rew=-0.170
------------------------------------------
| time/                   |              |
|    fps                  | 147          |
|    iterations           | 57           |
|    time_elapsed         | 593          |
|    total_timesteps      | 390144       |
| train/                  |              |
|    approx_kl            | 0.0005567213 |
|    clip_fraction        | 0.0124       |
|    clip_range           | 0.2          |
|    entropy_loss         | -0.195       |
|    explained_variance   | 0.995        |
|    learning_rate        | 0.0003       |
|    loss                 | 0.29         |
|    n_updates            | 2530         |
|    policy_gradient_loss | 0.000226     |
|    value_loss           | 0.725        |
------------------------------------------
-------------------------------------------
| time/                   |               |
|    fps                  | 147           |
|    iterations           | 58            |
|    time_elapsed         | 604           |
|    total_timesteps      | 391680        |
| train/                  |               |
|    approx_kl            | 0.00042193642 |
|    clip_fraction        | 0.0118        |
|    clip_range           | 0.2           |
|    entropy_loss         | -0.19         |
|    explained_variance   | 0.918         |
|    learning_rate        | 0.0003        |
|    loss                 | 1.91          |
|    n_updates            | 2540          |
|    policy_gradient_loss | -0.00206      |
|    value_loss           | 14.3          |
-------------------------------------------
-----------------------------------------
| time/                   |             |
|    fps                  | 146         |
|    iterations           | 59          |
|    time_elapsed         | 618         |
|    total_timesteps      | 393216      |
| train/                  |             |
|    approx_kl            | 0.002009797 |
|    clip_fraction        | 0.0573      |
|    clip_range           | 0.2         |
|    entropy_loss         | -0.185      |
|    explained_variance   | 0.934       |
|    learning_rate        | 0.0003      |
|    loss                 | 10          |
|    n_updates            | 2550        |
|    policy_gradient_loss | -0.00338    |
|    value_loss           | 14.2        |
-----------------------------------------
-------------------------------------------
| time/                   |               |
|    fps                  | 146           |
|    iterations           | 60            |
|    time_elapsed         | 628           |
|    total_timesteps      | 394752        |
| train/                  |               |
|    approx_kl            | 0.00046731593 |
|    clip_fraction        | 0.00859       |
|    clip_range           | 0.2           |
|    entropy_loss         | -0.231        |
|    explained_variance   | 0.994         |
|    learning_rate        | 0.0003        |
|    loss                 | 0.17          |
|    n_updates            | 2560          |
|    policy_gradient_loss | 0.000286      |
|    value_loss           | 0.572         |
-------------------------------------------
  step  395079/500000 ( 79.0%)  mean_rew=-0.378
------------------------------------------
| time/                   |              |
|    fps                  | 146          |
|    iterations           | 61           |
|    time_elapsed         | 639          |
|    total_timesteps      | 396288       |
| train/                  |              |
|    approx_kl            | 0.0010854261 |
|    clip_fraction        | 0.00807      |
|    clip_range           | 0.2          |
|    entropy_loss         | -0.18        |
|    explained_variance   | 0.914        |
|    learning_rate        | 0.0003       |
|    loss                 | 7.46         |
|    n_updates            | 2570         |
|    policy_gradient_loss | -0.000169    |
|    value_loss           | 15.4         |
------------------------------------------
------------------------------------------
| time/                   |              |
|    fps                  | 145          |
|    iterations           | 62           |
|    time_elapsed         | 652          |
|    total_timesteps      | 397824       |
| train/                  |              |
|    approx_kl            | 0.0008944503 |
|    clip_fraction        | 0.0165       |
|    clip_range           | 0.2          |
|    entropy_loss         | -0.141       |
|    explained_variance   | 0.92         |
|    learning_rate        | 0.0003       |
|    loss                 | 5.73         |
|    n_updates            | 2580         |
|    policy_gradient_loss | -0.00124     |
|    value_loss           | 15.1         |
------------------------------------------
------------------------------------------
| time/                   |              |
|    fps                  | 146          |
|    iterations           | 63           |
|    time_elapsed         | 662          |
|    total_timesteps      | 399360       |
| train/                  |              |
|    approx_kl            | 0.0007927511 |
|    clip_fraction        | 0.0158       |
|    clip_range           | 0.2          |
|    entropy_loss         | -0.131       |
|    explained_variance   | 0.924        |
|    learning_rate        | 0.0003       |
|    loss                 | 14           |
|    n_updates            | 2590         |
|    policy_gradient_loss | -0.00114     |
|    value_loss           | 15.3         |
------------------------------------------
  step  400080/500000 ( 80.0%)  mean_rew=-0.005
-------------------------------------------
| time/                   |               |
|    fps                  | 146           |
|    iterations           | 64            |
|    time_elapsed         | 671           |
|    total_timesteps      | 400896        |
| train/                  |               |
|    approx_kl            | 0.00024672368 |
|    clip_fraction        | 0.00846       |
|    clip_range           | 0.2           |
|    entropy_loss         | -0.128        |
|    explained_variance   | 0.995         |
|    learning_rate        | 0.0003        |
|    loss                 | 0.423         |
|    n_updates            | 2600          |
|    policy_gradient_loss | -0.000952     |
|    value_loss           | 0.779         |
-------------------------------------------
-------------------------------------------
| time/                   |               |
|    fps                  | 146           |
|    iterations           | 65            |
|    time_elapsed         | 682           |
|    total_timesteps      | 402432        |
| train/                  |               |
|    approx_kl            | 0.00043074298 |
|    clip_fraction        | 0.0128        |
|    clip_range           | 0.2           |
|    entropy_loss         | -0.103        |
|    explained_variance   | 0.914         |
|    learning_rate        | 0.0003        |
|    loss                 | 7.98          |
|    n_updates            | 2610          |
|    policy_gradient_loss | -0.000252     |
|    value_loss           | 15            |
-------------------------------------------
-------------------------------------------
| time/                   |               |
|    fps                  | 145           |
|    iterations           | 66            |
|    time_elapsed         | 694           |
|    total_timesteps      | 403968        |
| train/                  |               |
|    approx_kl            | 0.00039665963 |
|    clip_fraction        | 0.00885       |
|    clip_range           | 0.2           |
|    entropy_loss         | -0.069        |
|    explained_variance   | 0.937         |
|    learning_rate        | 0.0003        |
|    loss                 | 11.7          |
|    n_updates            | 2620          |
|    policy_gradient_loss | -0.000565     |
|    value_loss           | 15            |
-------------------------------------------
  step  405081/500000 ( 81.0%)  mean_rew=-0.100
-------------------------------------------
| time/                   |               |
|    fps                  | 146           |
|    iterations           | 67            |
|    time_elapsed         | 702           |
|    total_timesteps      | 405504        |
| train/                  |               |
|    approx_kl            | 0.00012146565 |
|    clip_fraction        | 0.00397       |
|    clip_range           | 0.2           |
|    entropy_loss         | -0.117        |
|    explained_variance   | 0.995         |
|    learning_rate        | 0.0003        |
|    loss                 | 0.256         |
|    n_updates            | 2630          |
|    policy_gradient_loss | 7.6e-05       |
|    value_loss           | 0.649         |
-------------------------------------------
------------------------------------------
| time/                   |              |
|    fps                  | 146          |
|    iterations           | 68           |
|    time_elapsed         | 712          |
|    total_timesteps      | 407040       |
| train/                  |              |
|    approx_kl            | 0.0012275814 |
|    clip_fraction        | 0.00632      |
|    clip_range           | 0.2          |
|    entropy_loss         | -0.0942      |
|    explained_variance   | 0.912        |
|    learning_rate        | 0.0003       |
|    loss                 | 3.51         |
|    n_updates            | 2640         |
|    policy_gradient_loss | -0.000267    |
|    value_loss           | 14.4         |
------------------------------------------
------------------------------------------
| time/                   |              |
|    fps                  | 146          |
|    iterations           | 69           |
|    time_elapsed         | 724          |
|    total_timesteps      | 408576       |
| train/                  |              |
|    approx_kl            | 0.0016018826 |
|    clip_fraction        | 0.00404      |
|    clip_range           | 0.2          |
|    entropy_loss         | -0.082       |
|    explained_variance   | 0.93         |
|    learning_rate        | 0.0003       |
|    loss                 | 2.8          |
|    n_updates            | 2650         |
|    policy_gradient_loss | -0.000925    |
|    value_loss           | 14.6         |
------------------------------------------
  step  410082/500000 ( 82.0%)  mean_rew=-0.350
------------------------------------------
| time/                   |              |
|    fps                  | 146          |
|    iterations           | 70           |
|    time_elapsed         | 733          |
|    total_timesteps      | 410112       |
| train/                  |              |
|    approx_kl            | 0.0018305498 |
|    clip_fraction        | 0.00684      |
|    clip_range           | 0.2          |
|    entropy_loss         | -0.18        |
|    explained_variance   | 0.924        |
|    learning_rate        | 0.0003       |
|    loss                 | 17           |
|    n_updates            | 2660         |
|    policy_gradient_loss | -0.00015     |
|    value_loss           | 14.8         |
------------------------------------------
------------------------------------------
| time/                   |              |
|    fps                  | 147          |
|    iterations           | 71           |
|    time_elapsed         | 741          |
|    total_timesteps      | 411648       |
| train/                  |              |
|    approx_kl            | 0.0011314129 |
|    clip_fraction        | 0.0145       |
|    clip_range           | 0.2          |
|    entropy_loss         | -0.128       |
|    explained_variance   | 0.995        |
|    learning_rate        | 0.0003       |
|    loss                 | 0.678        |
|    n_updates            | 2670         |
|    policy_gradient_loss | 0.000197     |
|    value_loss           | 0.91         |
------------------------------------------
-------------------------------------------
| time/                   |               |
|    fps                  | 147           |
|    iterations           | 72            |
|    time_elapsed         | 751           |
|    total_timesteps      | 413184        |
| train/                  |               |
|    approx_kl            | 4.0671788e-05 |
|    clip_fraction        | 0.00449       |
|    clip_range           | 0.2           |
|    entropy_loss         | -0.0926       |
|    explained_variance   | 0.915         |
|    learning_rate        | 0.0003        |
|    loss                 | 5.31          |
|    n_updates            | 2680          |
|    policy_gradient_loss | -0.000633     |
|    value_loss           | 16.3          |
-------------------------------------------
------------------------------------------
| time/                   |              |
|    fps                  | 146          |
|    iterations           | 73           |
|    time_elapsed         | 762          |
|    total_timesteps      | 414720       |
| train/                  |              |
|    approx_kl            | 0.0008111636 |
|    clip_fraction        | 0.0111       |
|    clip_range           | 0.2          |
|    entropy_loss         | -0.125       |
|    explained_variance   | 0.937        |
|    learning_rate        | 0.0003       |
|    loss                 | 4.9          |
|    n_updates            | 2690         |
|    policy_gradient_loss | -0.00075     |
|    value_loss           | 14.8         |
------------------------------------------
  step  415083/500000 ( 83.0%)  mean_rew=-0.056
-------------------------------------------
| time/                   |               |
|    fps                  | 147           |
|    iterations           | 74            |
|    time_elapsed         | 768           |
|    total_timesteps      | 416256        |
| train/                  |               |
|    approx_kl            | 0.00078061415 |
|    clip_fraction        | 0.0128        |
|    clip_range           | 0.2           |
|    entropy_loss         | -0.118        |
|    explained_variance   | 0.995         |
|    learning_rate        | 0.0003        |
|    loss                 | 0.309         |
|    n_updates            | 2700          |
|    policy_gradient_loss | -0.00114      |
|    value_loss           | 0.76          |
-------------------------------------------
-----------------------------------------
| time/                   |             |
|    fps                  | 148         |
|    iterations           | 75          |
|    time_elapsed         | 777         |
|    total_timesteps      | 417792      |
| train/                  |             |
|    approx_kl            | 0.001963569 |
|    clip_fraction        | 0.0241      |
|    clip_range           | 0.2         |
|    entropy_loss         | -0.0588     |
|    explained_variance   | 0.835       |
|    learning_rate        | 0.0003      |
|    loss                 | 8.47        |
|    n_updates            | 2710        |
|    policy_gradient_loss | -0.0013     |
|    value_loss           | 11.9        |
-----------------------------------------
------------------------------------------
| time/                   |              |
|    fps                  | 147          |
|    iterations           | 76           |
|    time_elapsed         | 791          |
|    total_timesteps      | 419328       |
| train/                  |              |
|    approx_kl            | 0.0003115201 |
|    clip_fraction        | 0.0104       |
|    clip_range           | 0.2          |
|    entropy_loss         | -0.127       |
|    explained_variance   | 0.915        |
|    learning_rate        | 0.0003       |
|    loss                 | 1.7          |
|    n_updates            | 2720         |
|    policy_gradient_loss | -9.46e-05    |
|    value_loss           | 11.4         |
------------------------------------------
  step  420084/500000 ( 84.0%)  mean_rew=-0.067
------------------------------------------
| time/                   |              |
|    fps                  | 147          |
|    iterations           | 77           |
|    time_elapsed         | 801          |
|    total_timesteps      | 420864       |
| train/                  |              |
|    approx_kl            | 0.0002496932 |
|    clip_fraction        | 0.00612      |
|    clip_range           | 0.2          |
|    entropy_loss         | -0.0906      |
|    explained_variance   | 0.909        |
|    learning_rate        | 0.0003       |
|    loss                 | 2.48         |
|    n_updates            | 2730         |
|    policy_gradient_loss | -0.000425    |
|    value_loss           | 12.4         |
------------------------------------------
------------------------------------------
| time/                   |              |
|    fps                  | 147          |
|    iterations           | 78           |
|    time_elapsed         | 810          |
|    total_timesteps      | 422400       |
| train/                  |              |
|    approx_kl            | 0.0028010097 |
|    clip_fraction        | 0.0239       |
|    clip_range           | 0.2          |
|    entropy_loss         | -0.117       |
|    explained_variance   | 0.993        |
|    learning_rate        | 0.0003       |
|    loss                 | 0.262        |
|    n_updates            | 2740         |
|    policy_gradient_loss | -0.00173     |
|    value_loss           | 0.768        |
------------------------------------------
------------------------------------------
| time/                   |              |
|    fps                  | 147          |
|    iterations           | 79           |
|    time_elapsed         | 822          |
|    total_timesteps      | 423936       |
| train/                  |              |
|    approx_kl            | 0.0005421072 |
|    clip_fraction        | 0.00645      |
|    clip_range           | 0.2          |
|    entropy_loss         | -0.111       |
|    explained_variance   | 0.919        |
|    learning_rate        | 0.0003       |
|    loss                 | 4.26         |
|    n_updates            | 2750         |
|    policy_gradient_loss | -0.000284    |
|    value_loss           | 13.2         |
------------------------------------------
  step  425085/500000 ( 85.0%)  mean_rew=-0.369
-------------------------------------------
| time/                   |               |
|    fps                  | 147           |
|    iterations           | 80            |
|    time_elapsed         | 835           |
|    total_timesteps      | 425472        |
| train/                  |               |
|    approx_kl            | 0.00041108203 |
|    clip_fraction        | 0.00775       |
|    clip_range           | 0.2           |
|    entropy_loss         | -0.11         |
|    explained_variance   | 0.931         |
|    learning_rate        | 0.0003        |
|    loss                 | 5.48          |
|    n_updates            | 2760          |
|    policy_gradient_loss | 0.000316      |
|    value_loss           | 13.6          |
-------------------------------------------
------------------------------------------
| time/                   |              |
|    fps                  | 147          |
|    iterations           | 81           |
|    time_elapsed         | 844          |
|    total_timesteps      | 427008       |
| train/                  |              |
|    approx_kl            | 0.0027619079 |
|    clip_fraction        | 0.0309       |
|    clip_range           | 0.2          |
|    entropy_loss         | -0.182       |
|    explained_variance   | 0.992        |
|    learning_rate        | 0.0003       |
|    loss                 | 0.215        |
|    n_updates            | 2770         |
|    policy_gradient_loss | -0.00274     |
|    value_loss           | 0.643        |
------------------------------------------
-------------------------------------------
| time/                   |               |
|    fps                  | 147           |
|    iterations           | 82            |
|    time_elapsed         | 854           |
|    total_timesteps      | 428544        |
| train/                  |               |
|    approx_kl            | 0.00037938997 |
|    clip_fraction        | 0             |
|    clip_range           | 0.2           |
|    entropy_loss         | -0.14         |
|    explained_variance   | 0.912         |
|    learning_rate        | 0.0003        |
|    loss                 | 1.87          |
|    n_updates            | 2780          |
|    policy_gradient_loss | 4.75e-05      |
|    value_loss           | 13.1          |
-------------------------------------------
-------------------------------------------
| time/                   |               |
|    fps                  | 147           |
|    iterations           | 83            |
|    time_elapsed         | 864           |
|    total_timesteps      | 430080        |
| train/                  |               |
|    approx_kl            | 3.5409776e-05 |
|    clip_fraction        | 0             |
|    clip_range           | 0.2           |
|    entropy_loss         | -0.113        |
|    explained_variance   | 0.937         |
|    learning_rate        | 0.0003        |
|    loss                 | 6.34          |
|    n_updates            | 2790          |
|    policy_gradient_loss | 3.09e-05      |
|    value_loss           | 13.2          |
-------------------------------------------
  step  430086/500000 ( 86.0%)  mean_rew=-0.258
-----------------------------------------
| time/                   |             |
|    fps                  | 147         |
|    iterations           | 84          |
|    time_elapsed         | 872         |
|    total_timesteps      | 431616      |
| train/                  |             |
|    approx_kl            | 0.001068166 |
|    clip_fraction        | 0.0126      |
|    clip_range           | 0.2         |
|    entropy_loss         | -0.155      |
|    explained_variance   | 0.924       |
|    learning_rate        | 0.0003      |
|    loss                 | 6.41        |
|    n_updates            | 2800        |
|    policy_gradient_loss | -0.000533   |
|    value_loss           | 12.7        |
-----------------------------------------
-------------------------------------------
| time/                   |               |
|    fps                  | 147           |
|    iterations           | 85            |
|    time_elapsed         | 882           |
|    total_timesteps      | 433152        |
| train/                  |               |
|    approx_kl            | 0.00042937518 |
|    clip_fraction        | 0.00605       |
|    clip_range           | 0.2           |
|    entropy_loss         | -0.107        |
|    explained_variance   | 0.994         |
|    learning_rate        | 0.0003        |
|    loss                 | 0.234         |
|    n_updates            | 2810          |
|    policy_gradient_loss | -0.000117     |
|    value_loss           | 0.663         |
-------------------------------------------
------------------------------------------
| time/                   |              |
|    fps                  | 147          |
|    iterations           | 86           |
|    time_elapsed         | 895          |
|    total_timesteps      | 434688       |
| train/                  |              |
|    approx_kl            | 0.0005033885 |
|    clip_fraction        | 0.0137       |
|    clip_range           | 0.2          |
|    entropy_loss         | -0.135       |
|    explained_variance   | 0.917        |
|    learning_rate        | 0.0003       |
|    loss                 | 1.96         |
|    n_updates            | 2820         |
|    policy_gradient_loss | -0.00028     |
|    value_loss           | 14.1         |
------------------------------------------
  step  435087/500000 ( 87.0%)  mean_rew=-0.007
------------------------------------------
| time/                   |              |
|    fps                  | 147          |
|    iterations           | 87           |
|    time_elapsed         | 906          |
|    total_timesteps      | 436224       |
| train/                  |              |
|    approx_kl            | 0.0006941065 |
|    clip_fraction        | 0.0163       |
|    clip_range           | 0.2          |
|    entropy_loss         | -0.0986      |
|    explained_variance   | 0.932        |
|    learning_rate        | 0.0003       |
|    loss                 | 6.64         |
|    n_updates            | 2830         |
|    policy_gradient_loss | -0.00122     |
|    value_loss           | 14.4         |
------------------------------------------
-------------------------------------------
| time/                   |               |
|    fps                  | 147           |
|    iterations           | 88            |
|    time_elapsed         | 915           |
|    total_timesteps      | 437760        |
| train/                  |               |
|    approx_kl            | 0.00032524005 |
|    clip_fraction        | 0.0107        |
|    clip_range           | 0.2           |
|    entropy_loss         | -0.135        |
|    explained_variance   | 0.995         |
|    learning_rate        | 0.0003        |
|    loss                 | 0.407         |
|    n_updates            | 2840          |
|    policy_gradient_loss | 0.000617      |
|    value_loss           | 0.771         |
-------------------------------------------
-------------------------------------------
| time/                   |               |
|    fps                  | 147           |
|    iterations           | 89            |
|    time_elapsed         | 926           |
|    total_timesteps      | 439296        |
| train/                  |               |
|    approx_kl            | 0.00035038745 |
|    clip_fraction        | 0.00111       |
|    clip_range           | 0.2           |
|    entropy_loss         | -0.105        |
|    explained_variance   | 0.914         |
|    learning_rate        | 0.0003        |
|    loss                 | 7.47          |
|    n_updates            | 2850          |
|    policy_gradient_loss | -0.000243     |
|    value_loss           | 14.2          |
-------------------------------------------
  step  440088/500000 ( 88.0%)  mean_rew=-0.335
-------------------------------------------
| time/                   |               |
|    fps                  | 147           |
|    iterations           | 90            |
|    time_elapsed         | 940           |
|    total_timesteps      | 440832        |
| train/                  |               |
|    approx_kl            | 0.00046280012 |
|    clip_fraction        | 0.00605       |
|    clip_range           | 0.2           |
|    entropy_loss         | -0.0796       |
|    explained_variance   | 0.933         |
|    learning_rate        | 0.0003        |
|    loss                 | 7.36          |
|    n_updates            | 2860          |
|    policy_gradient_loss | -0.000399     |
|    value_loss           | 14.5          |
-------------------------------------------
-------------------------------------------
| time/                   |               |
|    fps                  | 147           |
|    iterations           | 91            |
|    time_elapsed         | 948           |
|    total_timesteps      | 442368        |
| train/                  |               |
|    approx_kl            | 0.00033523332 |
|    clip_fraction        | 0.000911      |
|    clip_range           | 0.2           |
|    entropy_loss         | -0.134        |
|    explained_variance   | 0.902         |
|    learning_rate        | 0.0003        |
|    loss                 | 2.08          |
|    n_updates            | 2870          |
|    policy_gradient_loss | 0.000101      |
|    value_loss           | 14.4          |
-------------------------------------------
-------------------------------------------
| time/                   |               |
|    fps                  | 147           |
|    iterations           | 92            |
|    time_elapsed         | 957           |
|    total_timesteps      | 443904        |
| train/                  |               |
|    approx_kl            | 0.00075211126 |
|    clip_fraction        | 0.0141        |
|    clip_range           | 0.2           |
|    entropy_loss         | -0.108        |
|    explained_variance   | 0.992         |
|    learning_rate        | 0.0003        |
|    loss                 | 0.34          |
|    n_updates            | 2880          |
|    policy_gradient_loss | -0.000974     |
|    value_loss           | 1.12          |
-------------------------------------------
  step  445089/500000 ( 89.0%)  mean_rew=-0.361
-------------------------------------------
| time/                   |               |
|    fps                  | 147           |
|    iterations           | 93            |
|    time_elapsed         | 969           |
|    total_timesteps      | 445440        |
| train/                  |               |
|    approx_kl            | 4.5009732e-05 |
|    clip_fraction        | 0.000326      |
|    clip_range           | 0.2           |
|    entropy_loss         | -0.0813       |
|    explained_variance   | 0.922         |
|    learning_rate        | 0.0003        |
|    loss                 | 2.95          |
|    n_updates            | 2890          |
|    policy_gradient_loss | 0.000239      |
|    value_loss           | 15.2          |
-------------------------------------------
-------------------------------------------
| time/                   |               |
|    fps                  | 147           |
|    iterations           | 94            |
|    time_elapsed         | 979           |
|    total_timesteps      | 446976        |
| train/                  |               |
|    approx_kl            | 0.00019554868 |
|    clip_fraction        | 0.0117        |
|    clip_range           | 0.2           |
|    entropy_loss         | -0.131        |
|    explained_variance   | 0.929         |
|    learning_rate        | 0.0003        |
|    loss                 | 8.36          |
|    n_updates            | 2900          |
|    policy_gradient_loss | 0.000279      |
|    value_loss           | 14.6          |
-------------------------------------------
-----------------------------------------
| time/                   |             |
|    fps                  | 147         |
|    iterations           | 95          |
|    time_elapsed         | 989         |
|    total_timesteps      | 448512      |
| train/                  |             |
|    approx_kl            | 0.003295425 |
|    clip_fraction        | 0.0232      |
|    clip_range           | 0.2         |
|    entropy_loss         | -0.161      |
|    explained_variance   | 0.995       |
|    learning_rate        | 0.0003      |
|    loss                 | 0.356       |
|    n_updates            | 2910        |
|    policy_gradient_loss | -0.00104    |
|    value_loss           | 0.794       |
-----------------------------------------
-------------------------------------------
| time/                   |               |
|    fps                  | 147           |
|    iterations           | 96            |
|    time_elapsed         | 1001          |
|    total_timesteps      | 450048        |
| train/                  |               |
|    approx_kl            | 0.00045816714 |
|    clip_fraction        | 0.00345       |
|    clip_range           | 0.2           |
|    entropy_loss         | -0.172        |
|    explained_variance   | 0.912         |
|    learning_rate        | 0.0003        |
|    loss                 | 7.83          |
|    n_updates            | 2920          |
|    policy_gradient_loss | -0.000419     |
|    value_loss           | 15.1          |
-------------------------------------------
  step  450090/500000 ( 90.0%)  mean_rew=-0.012
------------------------------------------
| time/                   |              |
|    fps                  | 146          |
|    iterations           | 97           |
|    time_elapsed         | 1014         |
|    total_timesteps      | 451584       |
| train/                  |              |
|    approx_kl            | 0.0017851453 |
|    clip_fraction        | 0.0167       |
|    clip_range           | 0.2          |
|    entropy_loss         | -0.162       |
|    explained_variance   | 0.932        |
|    learning_rate        | 0.0003       |
|    loss                 | 8.58         |
|    n_updates            | 2930         |
|    policy_gradient_loss | 0.00144      |
|    value_loss           | 15.2         |
------------------------------------------
------------------------------------------
| time/                   |              |
|    fps                  | 147          |
|    iterations           | 98           |
|    time_elapsed         | 1023         |
|    total_timesteps      | 453120       |
| train/                  |              |
|    approx_kl            | 0.0008967352 |
|    clip_fraction        | 0.0103       |
|    clip_range           | 0.2          |
|    entropy_loss         | -0.254       |
|    explained_variance   | 0.994        |
|    learning_rate        | 0.0003       |
|    loss                 | 0.121        |
|    n_updates            | 2940         |
|    policy_gradient_loss | 0.00025      |
|    value_loss           | 0.518        |
------------------------------------------
-------------------------------------------
| time/                   |               |
|    fps                  | 147           |
|    iterations           | 99            |
|    time_elapsed         | 1033          |
|    total_timesteps      | 454656        |
| train/                  |               |
|    approx_kl            | 0.00078123243 |
|    clip_fraction        | 0.0105        |
|    clip_range           | 0.2           |
|    entropy_loss         | -0.164        |
|    explained_variance   | 0.925         |
|    learning_rate        | 0.0003        |
|    loss                 | 16.7          |
|    n_updates            | 2950          |
|    policy_gradient_loss | 0.000248      |
|    value_loss           | 14            |
-------------------------------------------
  step  455091/500000 ( 91.0%)  mean_rew=-0.362
------------------------------------------
| time/                   |              |
|    fps                  | 146          |
|    iterations           | 100          |
|    time_elapsed         | 1046         |
|    total_timesteps      | 456192       |
| train/                  |              |
|    approx_kl            | 0.0010770987 |
|    clip_fraction        | 0.00703      |
|    clip_range           | 0.2          |
|    entropy_loss         | -0.17        |
|    explained_variance   | 0.918        |
|    learning_rate        | 0.0003       |
|    loss                 | 7.07         |
|    n_updates            | 2960         |
|    policy_gradient_loss | 0.000128     |
|    value_loss           | 15.5         |
------------------------------------------
------------------------------------------
| time/                   |              |
|    fps                  | 146          |
|    iterations           | 101          |
|    time_elapsed         | 1056         |
|    total_timesteps      | 457728       |
| train/                  |              |
|    approx_kl            | 0.0010005048 |
|    clip_fraction        | 0.012        |
|    clip_range           | 0.2          |
|    entropy_loss         | -0.147       |
|    explained_variance   | 0.928        |
|    learning_rate        | 0.0003       |
|    loss                 | 4.27         |
|    n_updates            | 2970         |
|    policy_gradient_loss | -0.000825    |
|    value_loss           | 15.5         |
------------------------------------------
-------------------------------------------
| time/                   |               |
|    fps                  | 147           |
|    iterations           | 102           |
|    time_elapsed         | 1065          |
|    total_timesteps      | 459264        |
| train/                  |               |
|    approx_kl            | 0.00059558306 |
|    clip_fraction        | 0.0113        |
|    clip_range           | 0.2           |
|    entropy_loss         | -0.159        |
|    explained_variance   | 0.995         |
|    learning_rate        | 0.0003        |
|    loss                 | 0.334         |
|    n_updates            | 2980          |
|    policy_gradient_loss | 6.93e-05      |
|    value_loss           | 0.728         |
-------------------------------------------
  step  460092/500000 ( 92.0%)  mean_rew=-0.369
------------------------------------------
| time/                   |              |
|    fps                  | 147          |
|    iterations           | 103          |
|    time_elapsed         | 1075         |
|    total_timesteps      | 460800       |
| train/                  |              |
|    approx_kl            | 0.0006406025 |
|    clip_fraction        | 0.0245       |
|    clip_range           | 0.2          |
|    entropy_loss         | -0.142       |
|    explained_variance   | 0.908        |
|    learning_rate        | 0.0003       |
|    loss                 | 8.85         |
|    n_updates            | 2990         |
|    policy_gradient_loss | -0.000377    |
|    value_loss           | 15.3         |
------------------------------------------
------------------------------------------
| time/                   |              |
|    fps                  | 146          |
|    iterations           | 104          |
|    time_elapsed         | 1087         |
|    total_timesteps      | 462336       |
| train/                  |              |
|    approx_kl            | 0.0004910881 |
|    clip_fraction        | 0.00286      |
|    clip_range           | 0.2          |
|    entropy_loss         | -0.0925      |
|    explained_variance   | 0.934        |
|    learning_rate        | 0.0003       |
|    loss                 | 6.85         |
|    n_updates            | 3000         |
|    policy_gradient_loss | -0.000153    |
|    value_loss           | 14.9         |
------------------------------------------
-------------------------------------------
| time/                   |               |
|    fps                  | 147           |
|    iterations           | 105           |
|    time_elapsed         | 1092          |
|    total_timesteps      | 463872        |
| train/                  |               |
|    approx_kl            | 0.00027071545 |
|    clip_fraction        | 0.0101        |
|    clip_range           | 0.2           |
|    entropy_loss         | -0.147        |
|    explained_variance   | 0.996         |
|    learning_rate        | 0.0003        |
|    loss                 | 0.246         |
|    n_updates            | 3010          |
|    policy_gradient_loss | -0.000305     |
|    value_loss           | 0.526         |
-------------------------------------------
  step  465093/500000 ( 93.0%)  mean_rew=-0.005
------------------------------------------
| time/                   |              |
|    fps                  | 148          |
|    iterations           | 106          |
|    time_elapsed         | 1099         |
|    total_timesteps      | 465408       |
| train/                  |              |
|    approx_kl            | 0.0006572989 |
|    clip_fraction        | 0.00579      |
|    clip_range           | 0.2          |
|    entropy_loss         | -0.0728      |
|    explained_variance   | 0.786        |
|    learning_rate        | 0.0003       |
|    loss                 | 10           |
|    n_updates            | 3020         |
|    policy_gradient_loss | -0.000228    |
|    value_loss           | 10.9         |
------------------------------------------
------------------------------------------
| time/                   |              |
|    fps                  | 148          |
|    iterations           | 107          |
|    time_elapsed         | 1107         |
|    total_timesteps      | 466944       |
| train/                  |              |
|    approx_kl            | 0.0022808183 |
|    clip_fraction        | 0.0128       |
|    clip_range           | 0.2          |
|    entropy_loss         | -0.11        |
|    explained_variance   | 0.924        |
|    learning_rate        | 0.0003       |
|    loss                 | 3.41         |
|    n_updates            | 3030         |
|    policy_gradient_loss | -0.000411    |
|    value_loss           | 9.84         |
------------------------------------------
------------------------------------------
| time/                   |              |
|    fps                  | 148          |
|    iterations           | 108          |
|    time_elapsed         | 1117         |
|    total_timesteps      | 468480       |
| train/                  |              |
|    approx_kl            | 0.0012972504 |
|    clip_fraction        | 0.018        |
|    clip_range           | 0.2          |
|    entropy_loss         | -0.143       |
|    explained_variance   | 0.924        |
|    learning_rate        | 0.0003       |
|    loss                 | 4.39         |
|    n_updates            | 3040         |
|    policy_gradient_loss | -0.00114     |
|    value_loss           | 9.79         |
------------------------------------------
-----------------------------------------
| time/                   |             |
|    fps                  | 148         |
|    iterations           | 109         |
|    time_elapsed         | 1125        |
|    total_timesteps      | 470016      |
| train/                  |             |
|    approx_kl            | 0.002079706 |
|    clip_fraction        | 0.0191      |
|    clip_range           | 0.2         |
|    entropy_loss         | -0.143      |
|    explained_variance   | 0.985       |
|    learning_rate        | 0.0003      |
|    loss                 | 0.525       |
|    n_updates            | 3050        |
|    policy_gradient_loss | -0.00133    |
|    value_loss           | 1.03        |
-----------------------------------------
  step  470094/500000 ( 94.0%)  mean_rew=-0.135
-------------------------------------------
| time/                   |               |
|    fps                  | 148           |
|    iterations           | 110           |
|    time_elapsed         | 1134          |
|    total_timesteps      | 471552        |
| train/                  |               |
|    approx_kl            | 1.9228048e-05 |
|    clip_fraction        | 0.00749       |
|    clip_range           | 0.2           |
|    entropy_loss         | -0.121        |
|    explained_variance   | 0.915         |
|    learning_rate        | 0.0003        |
|    loss                 | 9.26          |
|    n_updates            | 3060          |
|    policy_gradient_loss | 0.000267      |
|    value_loss           | 11.8          |
-------------------------------------------
-------------------------------------------
| time/                   |               |
|    fps                  | 148           |
|    iterations           | 111           |
|    time_elapsed         | 1144          |
|    total_timesteps      | 473088        |
| train/                  |               |
|    approx_kl            | 0.00088079245 |
|    clip_fraction        | 0.00684       |
|    clip_range           | 0.2           |
|    entropy_loss         | -0.127        |
|    explained_variance   | 0.931         |
|    learning_rate        | 0.0003        |
|    loss                 | 7.23          |
|    n_updates            | 3070          |
|    policy_gradient_loss | -0.000889     |
|    value_loss           | 11.9          |
-------------------------------------------
------------------------------------------
| time/                   |              |
|    fps                  | 149          |
|    iterations           | 112          |
|    time_elapsed         | 1152         |
|    total_timesteps      | 474624       |
| train/                  |              |
|    approx_kl            | 0.0040049213 |
|    clip_fraction        | 0.0189       |
|    clip_range           | 0.2          |
|    entropy_loss         | -0.15        |
|    explained_variance   | 0.993        |
|    learning_rate        | 0.0003       |
|    loss                 | 0.199        |
|    n_updates            | 3080         |
|    policy_gradient_loss | 0.000338     |
|    value_loss           | 0.509        |
------------------------------------------
  step  475095/500000 ( 95.0%)  mean_rew=-0.367
------------------------------------------
| time/                   |              |
|    fps                  | 149          |
|    iterations           | 113          |
|    time_elapsed         | 1160         |
|    total_timesteps      | 476160       |
| train/                  |              |
|    approx_kl            | 0.0010137205 |
|    clip_fraction        | 0.00625      |
|    clip_range           | 0.2          |
|    entropy_loss         | -0.125       |
|    explained_variance   | 0.925        |
|    learning_rate        | 0.0003       |
|    loss                 | 8.81         |
|    n_updates            | 3090         |
|    policy_gradient_loss | 9.69e-05     |
|    value_loss           | 13.7         |
------------------------------------------
-------------------------------------------
| time/                   |               |
|    fps                  | 149           |
|    iterations           | 114           |
|    time_elapsed         | 1170          |
|    total_timesteps      | 477696        |
| train/                  |               |
|    approx_kl            | 0.00018728994 |
|    clip_fraction        | 0             |
|    clip_range           | 0.2           |
|    entropy_loss         | -0.0855       |
|    explained_variance   | 0.931         |
|    learning_rate        | 0.0003        |
|    loss                 | 3.68          |
|    n_updates            | 3100          |
|    policy_gradient_loss | -4.03e-05     |
|    value_loss           | 13.5          |
-------------------------------------------
------------------------------------------
| time/                   |              |
|    fps                  | 149          |
|    iterations           | 115          |
|    time_elapsed         | 1178         |
|    total_timesteps      | 479232       |
| train/                  |              |
|    approx_kl            | 0.0012117609 |
|    clip_fraction        | 0.00951      |
|    clip_range           | 0.2          |
|    entropy_loss         | -0.103       |
|    explained_variance   | 0.922        |
|    learning_rate        | 0.0003       |
|    loss                 | 10.6         |
|    n_updates            | 3110         |
|    policy_gradient_loss | -8.21e-05    |
|    value_loss           | 14           |
------------------------------------------
  step  480096/500000 ( 96.0%)  mean_rew=-0.000
------------------------------------------
| time/                   |              |
|    fps                  | 150          |
|    iterations           | 116          |
|    time_elapsed         | 1187         |
|    total_timesteps      | 480768       |
| train/                  |              |
|    approx_kl            | 0.0013598087 |
|    clip_fraction        | 0.0207       |
|    clip_range           | 0.2          |
|    entropy_loss         | -0.106       |
|    explained_variance   | 0.995        |
|    learning_rate        | 0.0003       |
|    loss                 | 0.317        |
|    n_updates            | 3120         |
|    policy_gradient_loss | -0.00142     |
|    value_loss           | 0.707        |
------------------------------------------
------------------------------------------
| time/                   |              |
|    fps                  | 150          |
|    iterations           | 117          |
|    time_elapsed         | 1196         |
|    total_timesteps      | 482304       |
| train/                  |              |
|    approx_kl            | 0.0009228401 |
|    clip_fraction        | 0.00911      |
|    clip_range           | 0.2          |
|    entropy_loss         | -0.115       |
|    explained_variance   | 0.916        |
|    learning_rate        | 0.0003       |
|    loss                 | 21.6         |
|    n_updates            | 3130         |
|    policy_gradient_loss | -0.000278    |
|    value_loss           | 14.4         |
------------------------------------------
-------------------------------------------
| time/                   |               |
|    fps                  | 150           |
|    iterations           | 118           |
|    time_elapsed         | 1205          |
|    total_timesteps      | 483840        |
| train/                  |               |
|    approx_kl            | 0.00020779208 |
|    clip_fraction        | 0.00365       |
|    clip_range           | 0.2           |
|    entropy_loss         | -0.0908       |
|    explained_variance   | 0.934         |
|    learning_rate        | 0.0003        |
|    loss                 | 1.46          |
|    n_updates            | 3140          |
|    policy_gradient_loss | -0.000203     |
|    value_loss           | 14.8          |
-------------------------------------------
  step  485097/500000 ( 97.0%)  mean_rew=-0.143
------------------------------------------
| time/                   |              |
|    fps                  | 150          |
|    iterations           | 119          |
|    time_elapsed         | 1212         |
|    total_timesteps      | 485376       |
| train/                  |              |
|    approx_kl            | 0.0010002131 |
|    clip_fraction        | 0.00762      |
|    clip_range           | 0.2          |
|    entropy_loss         | -0.138       |
|    explained_variance   | 0.994        |
|    learning_rate        | 0.0003       |
|    loss                 | 0.38         |
|    n_updates            | 3150         |
|    policy_gradient_loss | 9.54e-05     |
|    value_loss           | 0.743        |
------------------------------------------
-------------------------------------------
| time/                   |               |
|    fps                  | 151           |
|    iterations           | 120           |
|    time_elapsed         | 1219          |
|    total_timesteps      | 486912        |
| train/                  |               |
|    approx_kl            | 0.00056729314 |
|    clip_fraction        | 0.012         |
|    clip_range           | 0.2           |
|    entropy_loss         | -0.123        |
|    explained_variance   | 0.914         |
|    learning_rate        | 0.0003        |
|    loss                 | 7.68          |
|    n_updates            | 3160          |
|    policy_gradient_loss | -0.00052      |
|    value_loss           | 13.7          |
-------------------------------------------
-------------------------------------------
| time/                   |               |
|    fps                  | 151           |
|    iterations           | 121           |
|    time_elapsed         | 1228          |
|    total_timesteps      | 488448        |
| train/                  |               |
|    approx_kl            | 2.5635585e-05 |
|    clip_fraction        | 0.00026       |
|    clip_range           | 0.2           |
|    entropy_loss         | -0.0975       |
|    explained_variance   | 0.929         |
|    learning_rate        | 0.0003        |
|    loss                 | 2.03          |
|    n_updates            | 3170          |
|    policy_gradient_loss | 0.000272      |
|    value_loss           | 14.1          |
-------------------------------------------
-------------------------------------------
| time/                   |               |
|    fps                  | 151           |
|    iterations           | 122           |
|    time_elapsed         | 1235          |
|    total_timesteps      | 489984        |
| train/                  |               |
|    approx_kl            | 0.00022683211 |
|    clip_fraction        | 0             |
|    clip_range           | 0.2           |
|    entropy_loss         | -0.158        |
|    explained_variance   | 0.92          |
|    learning_rate        | 0.0003        |
|    loss                 | 8.09          |
|    n_updates            | 3180          |
|    policy_gradient_loss | -3.49e-05     |
|    value_loss           | 14.3          |
-------------------------------------------
  step  490098/500000 ( 98.0%)  mean_rew=-0.364
-------------------------------------------
| time/                   |               |
|    fps                  | 152           |
|    iterations           | 123           |
|    time_elapsed         | 1240          |
|    total_timesteps      | 491520        |
| train/                  |               |
|    approx_kl            | 0.00044488822 |
|    clip_fraction        | 0.0071        |
|    clip_range           | 0.2           |
|    entropy_loss         | -0.114        |
|    explained_variance   | 0.994         |
|    learning_rate        | 0.0003        |
|    loss                 | 0.401         |
|    n_updates            | 3190          |
|    policy_gradient_loss | -0.000344     |
|    value_loss           | 0.806         |
-------------------------------------------
-------------------------------------------
| time/                   |               |
|    fps                  | 152           |
|    iterations           | 124           |
|    time_elapsed         | 1247          |
|    total_timesteps      | 493056        |
| train/                  |               |
|    approx_kl            | 0.00023038923 |
|    clip_fraction        | 0.00273       |
|    clip_range           | 0.2           |
|    entropy_loss         | -0.0618       |
|    explained_variance   | 0.921         |
|    learning_rate        | 0.0003        |
|    loss                 | 2.38          |
|    n_updates            | 3200          |
|    policy_gradient_loss | 0.000129      |
|    value_loss           | 14.2          |
-------------------------------------------
------------------------------------------
| time/                   |              |
|    fps                  | 153          |
|    iterations           | 125          |
|    time_elapsed         | 1253         |
|    total_timesteps      | 494592       |
| train/                  |              |
|    approx_kl            | 0.0016405476 |
|    clip_fraction        | 0.0367       |
|    clip_range           | 0.2          |
|    entropy_loss         | -0.135       |
|    explained_variance   | 0.929        |
|    learning_rate        | 0.0003       |
|    loss                 | 2.11         |
|    n_updates            | 3210         |
|    policy_gradient_loss | -0.0015      |
|    value_loss           | 13.2         |
------------------------------------------
  step  495099/500000 ( 99.0%)  mean_rew=-0.006
------------------------------------------
| time/                   |              |
|    fps                  | 153          |
|    iterations           | 126          |
|    time_elapsed         | 1258         |
|    total_timesteps      | 496128       |
| train/                  |              |
|    approx_kl            | 0.0014506584 |
|    clip_fraction        | 0.00846      |
|    clip_range           | 0.2          |
|    entropy_loss         | -0.12        |
|    explained_variance   | 0.993        |
|    learning_rate        | 0.0003       |
|    loss                 | 0.287        |
|    n_updates            | 3220         |
|    policy_gradient_loss | -8.83e-05    |
|    value_loss           | 0.807        |
------------------------------------------
------------------------------------------
| time/                   |              |
|    fps                  | 154          |
|    iterations           | 127          |
|    time_elapsed         | 1264         |
|    total_timesteps      | 497664       |
| train/                  |              |
|    approx_kl            | 0.0047911108 |
|    clip_fraction        | 0.0118       |
|    clip_range           | 0.2          |
|    entropy_loss         | -0.0573      |
|    explained_variance   | 0.876        |
|    learning_rate        | 0.0003       |
|    loss                 | 4.36         |
|    n_updates            | 3230         |
|    policy_gradient_loss | -0.00252     |
|    value_loss           | 11.3         |
------------------------------------------
--------------------------------------------
| time/                   |                |
|    fps                  | 154            |
|    iterations           | 128            |
|    time_elapsed         | 1273           |
|    total_timesteps      | 499200         |
| train/                  |                |
|    approx_kl            | 0.000114419345 |
|    clip_fraction        | 0.00417        |
|    clip_range           | 0.2            |
|    entropy_loss         | -0.101         |
|    explained_variance   | 0.932          |
|    learning_rate        | 0.0003         |
|    loss                 | 5.32           |
|    n_updates            | 3240           |
|    policy_gradient_loss | 0.000207       |
|    value_loss           | 10.7           |
--------------------------------------------
  step  500100/500000 (100.0%)  mean_rew=-0.090
------------------------------------------
| time/                   |              |
|    fps                  | 154          |
|    iterations           | 129          |
|    time_elapsed         | 1279         |
|    total_timesteps      | 500736       |
| train/                  |              |
|    approx_kl            | 0.0004141441 |
|    clip_fraction        | 0.00026      |
|    clip_range           | 0.2          |
|    entropy_loss         | -0.0864      |
|    explained_variance   | 0.913        |
|    learning_rate        | 0.0003       |
|    loss                 | 5.31         |
|    n_updates            | 3250         |
|    policy_gradient_loss | -4.94e-05    |
|    value_loss           | 11.8         |
------------------------------------------
------------------------------------------
| time/                   |              |
|    fps                  | 155          |
|    iterations           | 130          |
|    time_elapsed         | 1285         |
|    total_timesteps      | 502272       |
| train/                  |              |
|    approx_kl            | 0.0005509804 |
|    clip_fraction        | 0.00762      |
|    clip_range           | 0.2          |
|    entropy_loss         | -0.0774      |
|    explained_variance   | 0.992        |
|    learning_rate        | 0.0003       |
|    loss                 | 0.506        |
|    n_updates            | 3260         |
|    policy_gradient_loss | -0.000136    |
|    value_loss           | 0.724        |
------------------------------------------
------------------------------------------
| time/                   |              |
|    fps                  | 155          |
|    iterations           | 131          |
|    time_elapsed         | 1292         |
|    total_timesteps      | 503808       |
| train/                  |              |
|    approx_kl            | 3.946456e-05 |
|    clip_fraction        | 0            |
|    clip_range           | 0.2          |
|    entropy_loss         | -0.0649      |
|    explained_variance   | 0.922        |
|    learning_rate        | 0.0003       |
|    loss                 | 10.4         |
|    n_updates            | 3270         |
|    policy_gradient_loss | -4.28e-06    |
|    value_loss           | 12.6         |
------------------------------------------
  Stage 4 saved -> cologne3_ppo_stage4_100pct.zip

[cologne3-PPO] Curriculum done.
  Final model -> /workspace/rl-traffic/exp_cologne3_rand_curr/ppo_pressure_s314/cologne3_ppo_final_model.zip
  Total steps : 500000
