Using libsumo as traci as requested by environment variable.
=================================================================
  train_cologne_curriculum — cologne3 — PPO
  reward=wait-clip  seed=42  total_steps=500000
  Curriculum stages:
    Stage 1:  25% demand    75000 steps
    Stage 2:  50% demand   100000 steps
    Stage 3:  75% demand   125000 steps
    Stage 4: 100% demand   200000 steps
  save_dir: /workspace/rl-traffic/exp_cologne3_rand_curr/ppo_wait-clip_s42
=================================================================
  [rand] cologne3_rand_25pct.rou.xml
  [rand] cologne3_rand_50pct.rou.xml
  [rand] cologne3_rand_75pct.rou.xml
  [rand] cologne3_rand_100pct.rou.xml

  n_agents=3 | obs=(7,) | act=Discrete(3)
Using cpu device

────────────────────────────────────────────────────────────
  Stage 1/4  25% demand  75000 steps  (cumulative -> 75000)
  Route: cologne3_rand_25pct.rou.xml
────────────────────────────────────────────────────────────
-----------------------------
| time/              |      |
|    fps             | 1500 |
|    iterations      | 1    |
|    time_elapsed    | 1    |
|    total_timesteps | 1536 |
-----------------------------
----------------------------------------
| time/                   |            |
|    fps                  | 957        |
|    iterations           | 2          |
|    time_elapsed         | 3          |
|    total_timesteps      | 3072       |
| train/                  |            |
|    approx_kl            | 0.02042909 |
|    clip_fraction        | 0.162      |
|    clip_range           | 0.2        |
|    entropy_loss         | -1.09      |
|    explained_variance   | -0.00126   |
|    learning_rate        | 0.0003     |
|    loss                 | 3.08       |
|    n_updates            | 10         |
|    policy_gradient_loss | -0.0153    |
|    value_loss           | 7.13       |
----------------------------------------
-----------------------------------------
| time/                   |             |
|    fps                  | 804         |
|    iterations           | 3           |
|    time_elapsed         | 5           |
|    total_timesteps      | 4608        |
| train/                  |             |
|    approx_kl            | 0.009535127 |
|    clip_fraction        | 0.113       |
|    clip_range           | 0.2         |
|    entropy_loss         | -1.06       |
|    explained_variance   | -0.129      |
|    learning_rate        | 0.0003      |
|    loss                 | 0.152       |
|    n_updates            | 20          |
|    policy_gradient_loss | -0.009      |
|    value_loss           | 0.421       |
-----------------------------------------
  step    5001/500000 (  1.0%)  mean_rew=-0.026
----------------------------------------
| time/                   |            |
|    fps                  | 856        |
|    iterations           | 4          |
|    time_elapsed         | 7          |
|    total_timesteps      | 6144       |
| train/                  |            |
|    approx_kl            | 0.01385313 |
|    clip_fraction        | 0.0929     |
|    clip_range           | 0.2        |
|    entropy_loss         | -1.01      |
|    explained_variance   | 0.143      |
|    learning_rate        | 0.0003     |
|    loss                 | 0.211      |
|    n_updates            | 30         |
|    policy_gradient_loss | -0.0098    |
|    value_loss           | 0.349      |
----------------------------------------
-----------------------------------------
| time/                   |             |
|    fps                  | 817         |
|    iterations           | 5           |
|    time_elapsed         | 9           |
|    total_timesteps      | 7680        |
| train/                  |             |
|    approx_kl            | 0.012852398 |
|    clip_fraction        | 0.195       |
|    clip_range           | 0.2         |
|    entropy_loss         | -0.963      |
|    explained_variance   | 0.0941      |
|    learning_rate        | 0.0003      |
|    loss                 | 0.0778      |
|    n_updates            | 40          |
|    policy_gradient_loss | -0.0159     |
|    value_loss           | 0.249       |
-----------------------------------------
-----------------------------------------
| time/                   |             |
|    fps                  | 766         |
|    iterations           | 6           |
|    time_elapsed         | 12          |
|    total_timesteps      | 9216        |
| train/                  |             |
|    approx_kl            | 0.013632213 |
|    clip_fraction        | 0.153       |
|    clip_range           | 0.2         |
|    entropy_loss         | -0.869      |
|    explained_variance   | 0.191       |
|    learning_rate        | 0.0003      |
|    loss                 | 0.0182      |
|    n_updates            | 50          |
|    policy_gradient_loss | -0.0127     |
|    value_loss           | 0.11        |
-----------------------------------------
  step   10002/500000 (  2.0%)  mean_rew=-0.006
-----------------------------------------
| time/                   |             |
|    fps                  | 738         |
|    iterations           | 7           |
|    time_elapsed         | 14          |
|    total_timesteps      | 10752       |
| train/                  |             |
|    approx_kl            | 0.010183115 |
|    clip_fraction        | 0.09        |
|    clip_range           | 0.2         |
|    entropy_loss         | -0.779      |
|    explained_variance   | 0.277       |
|    learning_rate        | 0.0003      |
|    loss                 | 0.0321      |
|    n_updates            | 60          |
|    policy_gradient_loss | -0.00683    |
|    value_loss           | 0.0672      |
-----------------------------------------
-----------------------------------------
| time/                   |             |
|    fps                  | 716         |
|    iterations           | 8           |
|    time_elapsed         | 17          |
|    total_timesteps      | 12288       |
| train/                  |             |
|    approx_kl            | 0.007864263 |
|    clip_fraction        | 0.0968      |
|    clip_range           | 0.2         |
|    entropy_loss         | -0.678      |
|    explained_variance   | 0.552       |
|    learning_rate        | 0.0003      |
|    loss                 | -0.00856    |
|    n_updates            | 70          |
|    policy_gradient_loss | -0.00985    |
|    value_loss           | 0.014       |
-----------------------------------------
------------------------------------------
| time/                   |              |
|    fps                  | 701          |
|    iterations           | 9            |
|    time_elapsed         | 19           |
|    total_timesteps      | 13824        |
| train/                  |              |
|    approx_kl            | 0.0072423522 |
|    clip_fraction        | 0.078        |
|    clip_range           | 0.2          |
|    entropy_loss         | -0.597       |
|    explained_variance   | 0.335        |
|    learning_rate        | 0.0003       |
|    loss                 | 0.0106       |
|    n_updates            | 80           |
|    policy_gradient_loss | -0.00544     |
|    value_loss           | 0.029        |
------------------------------------------
  step   15003/500000 (  3.0%)  mean_rew=-0.005
-----------------------------------------
| time/                   |             |
|    fps                  | 688         |
|    iterations           | 10          |
|    time_elapsed         | 22          |
|    total_timesteps      | 15360       |
| train/                  |             |
|    approx_kl            | 0.004764404 |
|    clip_fraction        | 0.0548      |
|    clip_range           | 0.2         |
|    entropy_loss         | -0.56       |
|    explained_variance   | 0.343       |
|    learning_rate        | 0.0003      |
|    loss                 | 0.0135      |
|    n_updates            | 90          |
|    policy_gradient_loss | -0.00492    |
|    value_loss           | 0.0277      |
-----------------------------------------
------------------------------------------
| time/                   |              |
|    fps                  | 679          |
|    iterations           | 11           |
|    time_elapsed         | 24           |
|    total_timesteps      | 16896        |
| train/                  |              |
|    approx_kl            | 0.0034056625 |
|    clip_fraction        | 0.0312       |
|    clip_range           | 0.2          |
|    entropy_loss         | -0.499       |
|    explained_variance   | 0.434        |
|    learning_rate        | 0.0003       |
|    loss                 | 0.0102       |
|    n_updates            | 100          |
|    policy_gradient_loss | -0.00323     |
|    value_loss           | 0.028        |
------------------------------------------
------------------------------------------
| time/                   |              |
|    fps                  | 672          |
|    iterations           | 12           |
|    time_elapsed         | 27           |
|    total_timesteps      | 18432        |
| train/                  |              |
|    approx_kl            | 0.0046152426 |
|    clip_fraction        | 0.071        |
|    clip_range           | 0.2          |
|    entropy_loss         | -0.453       |
|    explained_variance   | 0.717        |
|    learning_rate        | 0.0003       |
|    loss                 | -0.00402     |
|    n_updates            | 110          |
|    policy_gradient_loss | -0.00545     |
|    value_loss           | 0.0063       |
------------------------------------------
-----------------------------------------
| time/                   |             |
|    fps                  | 664         |
|    iterations           | 13          |
|    time_elapsed         | 30          |
|    total_timesteps      | 19968       |
| train/                  |             |
|    approx_kl            | 0.002562417 |
|    clip_fraction        | 0.0483      |
|    clip_range           | 0.2         |
|    entropy_loss         | -0.395      |
|    explained_variance   | 0.575       |
|    learning_rate        | 0.0003      |
|    loss                 | 0.00125     |
|    n_updates            | 120         |
|    policy_gradient_loss | -0.00414    |
|    value_loss           | 0.0126      |
-----------------------------------------
  step   20004/500000 (  4.0%)  mean_rew=-0.003
------------------------------------------
| time/                   |              |
|    fps                  | 659          |
|    iterations           | 14           |
|    time_elapsed         | 32           |
|    total_timesteps      | 21504        |
| train/                  |              |
|    approx_kl            | 0.0017560233 |
|    clip_fraction        | 0.0311       |
|    clip_range           | 0.2          |
|    entropy_loss         | -0.345       |
|    explained_variance   | 0.466        |
|    learning_rate        | 0.0003       |
|    loss                 | 0.0113       |
|    n_updates            | 130          |
|    policy_gradient_loss | -0.00362     |
|    value_loss           | 0.0204       |
------------------------------------------
------------------------------------------
| time/                   |              |
|    fps                  | 654          |
|    iterations           | 15           |
|    time_elapsed         | 35           |
|    total_timesteps      | 23040        |
| train/                  |              |
|    approx_kl            | 0.0022049134 |
|    clip_fraction        | 0.0328       |
|    clip_range           | 0.2          |
|    entropy_loss         | -0.295       |
|    explained_variance   | 0.877        |
|    learning_rate        | 0.0003       |
|    loss                 | -0.00528     |
|    n_updates            | 140          |
|    policy_gradient_loss | -0.00355     |
|    value_loss           | 0.00228      |
------------------------------------------
------------------------------------------
| time/                   |              |
|    fps                  | 650          |
|    iterations           | 16           |
|    time_elapsed         | 37           |
|    total_timesteps      | 24576        |
| train/                  |              |
|    approx_kl            | 0.0005359853 |
|    clip_fraction        | 0.0101       |
|    clip_range           | 0.2          |
|    entropy_loss         | -0.271       |
|    explained_variance   | 0.635        |
|    learning_rate        | 0.0003       |
|    loss                 | -0.000686    |
|    n_updates            | 150          |
|    policy_gradient_loss | -0.000491    |
|    value_loss           | 0.00691      |
------------------------------------------
  step   25005/500000 (  5.0%)  mean_rew=-0.003
------------------------------------------
| time/                   |              |
|    fps                  | 645          |
|    iterations           | 17           |
|    time_elapsed         | 40           |
|    total_timesteps      | 26112        |
| train/                  |              |
|    approx_kl            | 0.0005615184 |
|    clip_fraction        | 0.011        |
|    clip_range           | 0.2          |
|    entropy_loss         | -0.266       |
|    explained_variance   | 0.693        |
|    learning_rate        | 0.0003       |
|    loss                 | 0.00299      |
|    n_updates            | 160          |
|    policy_gradient_loss | -0.000739    |
|    value_loss           | 0.00569      |
------------------------------------------
------------------------------------------
| time/                   |              |
|    fps                  | 643          |
|    iterations           | 18           |
|    time_elapsed         | 42           |
|    total_timesteps      | 27648        |
| train/                  |              |
|    approx_kl            | 0.0025313345 |
|    clip_fraction        | 0.0364       |
|    clip_range           | 0.2          |
|    entropy_loss         | -0.223       |
|    explained_variance   | 0.679        |
|    learning_rate        | 0.0003       |
|    loss                 | 0.00129      |
|    n_updates            | 170          |
|    policy_gradient_loss | -0.00262     |
|    value_loss           | 0.00614      |
------------------------------------------
-------------------------------------------
| time/                   |               |
|    fps                  | 641           |
|    iterations           | 19            |
|    time_elapsed         | 45            |
|    total_timesteps      | 29184         |
| train/                  |               |
|    approx_kl            | 0.00091458857 |
|    clip_fraction        | 0.0141        |
|    clip_range           | 0.2           |
|    entropy_loss         | -0.205        |
|    explained_variance   | 0.903         |
|    learning_rate        | 0.0003        |
|    loss                 | -0.00132      |
|    n_updates            | 180           |
|    policy_gradient_loss | -0.00233      |
|    value_loss           | 0.00137       |
-------------------------------------------
  step   30006/500000 (  6.0%)  mean_rew=-0.002
------------------------------------------
| time/                   |              |
|    fps                  | 637          |
|    iterations           | 20           |
|    time_elapsed         | 48           |
|    total_timesteps      | 30720        |
| train/                  |              |
|    approx_kl            | 0.0011031193 |
|    clip_fraction        | 0.00736      |
|    clip_range           | 0.2          |
|    entropy_loss         | -0.195       |
|    explained_variance   | 0.78         |
|    learning_rate        | 0.0003       |
|    loss                 | 0.00444      |
|    n_updates            | 190          |
|    policy_gradient_loss | -0.000513    |
|    value_loss           | 0.00309      |
------------------------------------------
-------------------------------------------
| time/                   |               |
|    fps                  | 636           |
|    iterations           | 21            |
|    time_elapsed         | 50            |
|    total_timesteps      | 32256         |
| train/                  |               |
|    approx_kl            | 0.00033811168 |
|    clip_fraction        | 0.0084        |
|    clip_range           | 0.2           |
|    entropy_loss         | -0.171        |
|    explained_variance   | 0.788         |
|    learning_rate        | 0.0003        |
|    loss                 | -0.000432     |
|    n_updates            | 200           |
|    policy_gradient_loss | -0.000543     |
|    value_loss           | 0.00309       |
-------------------------------------------
------------------------------------------
| time/                   |              |
|    fps                  | 633          |
|    iterations           | 22           |
|    time_elapsed         | 53           |
|    total_timesteps      | 33792        |
| train/                  |              |
|    approx_kl            | 0.0006323272 |
|    clip_fraction        | 0.0126       |
|    clip_range           | 0.2          |
|    entropy_loss         | -0.174       |
|    explained_variance   | 0.905        |
|    learning_rate        | 0.0003       |
|    loss                 | -0.0041      |
|    n_updates            | 210          |
|    policy_gradient_loss | -0.00149     |
|    value_loss           | 0.000988     |
------------------------------------------
  step   35007/500000 (  7.0%)  mean_rew=-0.002
-------------------------------------------
| time/                   |               |
|    fps                  | 631           |
|    iterations           | 23            |
|    time_elapsed         | 55            |
|    total_timesteps      | 35328         |
| train/                  |               |
|    approx_kl            | 0.00084235595 |
|    clip_fraction        | 0.0132        |
|    clip_range           | 0.2           |
|    entropy_loss         | -0.158        |
|    explained_variance   | 0.801         |
|    learning_rate        | 0.0003        |
|    loss                 | -0.00285      |
|    n_updates            | 220           |
|    policy_gradient_loss | -0.00132      |
|    value_loss           | 0.0025        |
-------------------------------------------
------------------------------------------
| time/                   |              |
|    fps                  | 629          |
|    iterations           | 24           |
|    time_elapsed         | 58           |
|    total_timesteps      | 36864        |
| train/                  |              |
|    approx_kl            | 0.0009636921 |
|    clip_fraction        | 0.0142       |
|    clip_range           | 0.2          |
|    entropy_loss         | -0.137       |
|    explained_variance   | 0.834        |
|    learning_rate        | 0.0003       |
|    loss                 | 0.00553      |
|    n_updates            | 230          |
|    policy_gradient_loss | -0.00119     |
|    value_loss           | 0.00202      |
------------------------------------------
-------------------------------------------
| time/                   |               |
|    fps                  | 628           |
|    iterations           | 25            |
|    time_elapsed         | 61            |
|    total_timesteps      | 38400         |
| train/                  |               |
|    approx_kl            | 0.00054985395 |
|    clip_fraction        | 0.00599       |
|    clip_range           | 0.2           |
|    entropy_loss         | -0.124        |
|    explained_variance   | 0.833         |
|    learning_rate        | 0.0003        |
|    loss                 | -3.34e-05     |
|    n_updates            | 240           |
|    policy_gradient_loss | -0.000729     |
|    value_loss           | 0.00218       |
-------------------------------------------
-------------------------------------------
| time/                   |               |
|    fps                  | 627           |
|    iterations           | 26            |
|    time_elapsed         | 63            |
|    total_timesteps      | 39936         |
| train/                  |               |
|    approx_kl            | 0.00060557754 |
|    clip_fraction        | 0.0126        |
|    clip_range           | 0.2           |
|    entropy_loss         | -0.127        |
|    explained_variance   | 0.928         |
|    learning_rate        | 0.0003        |
|    loss                 | 0.000399      |
|    n_updates            | 250           |
|    policy_gradient_loss | -0.00092      |
|    value_loss           | 0.000855      |
-------------------------------------------
  step   40008/500000 (  8.0%)  mean_rew=-0.002
------------------------------------------
| time/                   |              |
|    fps                  | 625          |
|    iterations           | 27           |
|    time_elapsed         | 66           |
|    total_timesteps      | 41472        |
| train/                  |              |
|    approx_kl            | 0.0006960938 |
|    clip_fraction        | 0.0103       |
|    clip_range           | 0.2          |
|    entropy_loss         | -0.117       |
|    explained_variance   | 0.874        |
|    learning_rate        | 0.0003       |
|    loss                 | -0.00502     |
|    n_updates            | 260          |
|    policy_gradient_loss | -0.000884    |
|    value_loss           | 0.00152      |
------------------------------------------
------------------------------------------
| time/                   |              |
|    fps                  | 624          |
|    iterations           | 28           |
|    time_elapsed         | 68           |
|    total_timesteps      | 43008        |
| train/                  |              |
|    approx_kl            | 0.0003164299 |
|    clip_fraction        | 0.0128       |
|    clip_range           | 0.2          |
|    entropy_loss         | -0.125       |
|    explained_variance   | 0.864        |
|    learning_rate        | 0.0003       |
|    loss                 | 0.000192     |
|    n_updates            | 270          |
|    policy_gradient_loss | -0.000742    |
|    value_loss           | 0.00148      |
------------------------------------------
-------------------------------------------
| time/                   |               |
|    fps                  | 623           |
|    iterations           | 29            |
|    time_elapsed         | 71            |
|    total_timesteps      | 44544         |
| train/                  |               |
|    approx_kl            | 0.00014661466 |
|    clip_fraction        | 0.00501       |
|    clip_range           | 0.2           |
|    entropy_loss         | -0.123        |
|    explained_variance   | 0.918         |
|    learning_rate        | 0.0003        |
|    loss                 | -0.00153      |
|    n_updates            | 280           |
|    policy_gradient_loss | -0.000539     |
|    value_loss           | 0.000776      |
-------------------------------------------
  step   45009/500000 (  9.0%)  mean_rew=-0.002
------------------------------------------
| time/                   |              |
|    fps                  | 621          |
|    iterations           | 30           |
|    time_elapsed         | 74           |
|    total_timesteps      | 46080        |
| train/                  |              |
|    approx_kl            | 0.0005548027 |
|    clip_fraction        | 0.00501      |
|    clip_range           | 0.2          |
|    entropy_loss         | -0.108       |
|    explained_variance   | 0.855        |
|    learning_rate        | 0.0003       |
|    loss                 | -0.00187     |
|    n_updates            | 290          |
|    policy_gradient_loss | -0.000197    |
|    value_loss           | 0.0015       |
------------------------------------------
-------------------------------------------
| time/                   |               |
|    fps                  | 620           |
|    iterations           | 31            |
|    time_elapsed         | 76            |
|    total_timesteps      | 47616         |
| train/                  |               |
|    approx_kl            | 0.00012484018 |
|    clip_fraction        | 0.00286       |
|    clip_range           | 0.2           |
|    entropy_loss         | -0.104        |
|    explained_variance   | 0.844         |
|    learning_rate        | 0.0003        |
|    loss                 | 0.000966      |
|    n_updates            | 300           |
|    policy_gradient_loss | -0.000698     |
|    value_loss           | 0.0017        |
-------------------------------------------
------------------------------------------
| time/                   |              |
|    fps                  | 619          |
|    iterations           | 32           |
|    time_elapsed         | 79           |
|    total_timesteps      | 49152        |
| train/                  |              |
|    approx_kl            | 0.0003864252 |
|    clip_fraction        | 0.00247      |
|    clip_range           | 0.2          |
|    entropy_loss         | -0.0884      |
|    explained_variance   | 0.848        |
|    learning_rate        | 0.0003       |
|    loss                 | -0.000979    |
|    n_updates            | 310          |
|    policy_gradient_loss | -0.000172    |
|    value_loss           | 0.00149      |
------------------------------------------
  step   50010/500000 ( 10.0%)  mean_rew=-0.001
-------------------------------------------
| time/                   |               |
|    fps                  | 618           |
|    iterations           | 33            |
|    time_elapsed         | 81            |
|    total_timesteps      | 50688         |
| train/                  |               |
|    approx_kl            | 0.00029995802 |
|    clip_fraction        | 0.00378       |
|    clip_range           | 0.2           |
|    entropy_loss         | -0.0979       |
|    explained_variance   | 0.942         |
|    learning_rate        | 0.0003        |
|    loss                 | 0.000497      |
|    n_updates            | 320           |
|    policy_gradient_loss | -0.000393     |
|    value_loss           | 0.000544      |
-------------------------------------------
-------------------------------------------
| time/                   |               |
|    fps                  | 617           |
|    iterations           | 34            |
|    time_elapsed         | 84            |
|    total_timesteps      | 52224         |
| train/                  |               |
|    approx_kl            | 0.00021686983 |
|    clip_fraction        | 0.00632       |
|    clip_range           | 0.2           |
|    entropy_loss         | -0.105        |
|    explained_variance   | 0.843         |
|    learning_rate        | 0.0003        |
|    loss                 | 0.00178       |
|    n_updates            | 330           |
|    policy_gradient_loss | -0.000406     |
|    value_loss           | 0.0015        |
-------------------------------------------
-----------------------------------------
| time/                   |             |
|    fps                  | 617         |
|    iterations           | 35          |
|    time_elapsed         | 87          |
|    total_timesteps      | 53760       |
| train/                  |             |
|    approx_kl            | 0.000152205 |
|    clip_fraction        | 0.0069      |
|    clip_range           | 0.2         |
|    entropy_loss         | -0.105      |
|    explained_variance   | 0.855       |
|    learning_rate        | 0.0003      |
|    loss                 | 0.000999    |
|    n_updates            | 340         |
|    policy_gradient_loss | -0.000847   |
|    value_loss           | 0.00158     |
-----------------------------------------
  step   55011/500000 ( 11.0%)  mean_rew=-0.002
-------------------------------------------
| time/                   |               |
|    fps                  | 616           |
|    iterations           | 36            |
|    time_elapsed         | 89            |
|    total_timesteps      | 55296         |
| train/                  |               |
|    approx_kl            | 0.00011790633 |
|    clip_fraction        | 0.000326      |
|    clip_range           | 0.2           |
|    entropy_loss         | -0.0953       |
|    explained_variance   | 0.944         |
|    learning_rate        | 0.0003        |
|    loss                 | 0.00208       |
|    n_updates            | 350           |
|    policy_gradient_loss | 1.66e-05      |
|    value_loss           | 0.000547      |
-------------------------------------------
-------------------------------------------
| time/                   |               |
|    fps                  | 615           |
|    iterations           | 37            |
|    time_elapsed         | 92            |
|    total_timesteps      | 56832         |
| train/                  |               |
|    approx_kl            | 0.00045241078 |
|    clip_fraction        | 0.00573       |
|    clip_range           | 0.2           |
|    entropy_loss         | -0.081        |
|    explained_variance   | 0.849         |
|    learning_rate        | 0.0003        |
|    loss                 | 0.00273       |
|    n_updates            | 360           |
|    policy_gradient_loss | -0.000412     |
|    value_loss           | 0.00159       |
-------------------------------------------
------------------------------------------
| time/                   |              |
|    fps                  | 614          |
|    iterations           | 38           |
|    time_elapsed         | 94           |
|    total_timesteps      | 58368        |
| train/                  |              |
|    approx_kl            | 0.0005847014 |
|    clip_fraction        | 0.0124       |
|    clip_range           | 0.2          |
|    entropy_loss         | -0.0662      |
|    explained_variance   | 0.869        |
|    learning_rate        | 0.0003       |
|    loss                 | -0.0014      |
|    n_updates            | 370          |
|    policy_gradient_loss | -0.00178     |
|    value_loss           | 0.00133      |
------------------------------------------
-------------------------------------------
| time/                   |               |
|    fps                  | 613           |
|    iterations           | 39            |
|    time_elapsed         | 97            |
|    total_timesteps      | 59904         |
| train/                  |               |
|    approx_kl            | 0.00028294374 |
|    clip_fraction        | 0.00697       |
|    clip_range           | 0.2           |
|    entropy_loss         | -0.0696       |
|    explained_variance   | 0.875         |
|    learning_rate        | 0.0003        |
|    loss                 | 0.000371      |
|    n_updates            | 380           |
|    policy_gradient_loss | -0.00102      |
|    value_loss           | 0.00123       |
-------------------------------------------
  step   60012/500000 ( 12.0%)  mean_rew=-0.002
-----------------------------------------
| time/                   |             |
|    fps                  | 613         |
|    iterations           | 40          |
|    time_elapsed         | 100         |
|    total_timesteps      | 61440       |
| train/                  |             |
|    approx_kl            | 0.000155464 |
|    clip_fraction        | 0.00313     |
|    clip_range           | 0.2         |
|    entropy_loss         | -0.0763     |
|    explained_variance   | 0.948       |
|    learning_rate        | 0.0003      |
|    loss                 | 0.000283    |
|    n_updates            | 390         |
|    policy_gradient_loss | -0.00018    |
|    value_loss           | 0.000498    |
-----------------------------------------
------------------------------------------
| time/                   |              |
|    fps                  | 612          |
|    iterations           | 41           |
|    time_elapsed         | 102          |
|    total_timesteps      | 62976        |
| train/                  |              |
|    approx_kl            | 0.0005978168 |
|    clip_fraction        | 0.00599      |
|    clip_range           | 0.2          |
|    entropy_loss         | -0.0689      |
|    explained_variance   | 0.847        |
|    learning_rate        | 0.0003       |
|    loss                 | 0.000546     |
|    n_updates            | 400          |
|    policy_gradient_loss | -0.00107     |
|    value_loss           | 0.00155      |
------------------------------------------
-----------------------------------------
| time/                   |             |
|    fps                  | 612         |
|    iterations           | 42          |
|    time_elapsed         | 105         |
|    total_timesteps      | 64512       |
| train/                  |             |
|    approx_kl            | 7.54147e-05 |
|    clip_fraction        | 0           |
|    clip_range           | 0.2         |
|    entropy_loss         | -0.0669     |
|    explained_variance   | 0.843       |
|    learning_rate        | 0.0003      |
|    loss                 | -0.000795   |
|    n_updates            | 410         |
|    policy_gradient_loss | 5.63e-05    |
|    value_loss           | 0.00159     |
-----------------------------------------
  step   65013/500000 ( 13.0%)  mean_rew=-0.002
------------------------------------------
| time/                   |              |
|    fps                  | 611          |
|    iterations           | 43           |
|    time_elapsed         | 108          |
|    total_timesteps      | 66048        |
| train/                  |              |
|    approx_kl            | 0.0001579591 |
|    clip_fraction        | 0.00371      |
|    clip_range           | 0.2          |
|    entropy_loss         | -0.0539      |
|    explained_variance   | 0.94         |
|    learning_rate        | 0.0003       |
|    loss                 | -0.00858     |
|    n_updates            | 420          |
|    policy_gradient_loss | -0.000556    |
|    value_loss           | 0.000589     |
------------------------------------------
-------------------------------------------
| time/                   |               |
|    fps                  | 610           |
|    iterations           | 44            |
|    time_elapsed         | 110           |
|    total_timesteps      | 67584         |
| train/                  |               |
|    approx_kl            | 0.00059865427 |
|    clip_fraction        | 0.00827       |
|    clip_range           | 0.2           |
|    entropy_loss         | -0.0484       |
|    explained_variance   | 0.847         |
|    learning_rate        | 0.0003        |
|    loss                 | 0.00253       |
|    n_updates            | 430           |
|    policy_gradient_loss | -0.000559     |
|    value_loss           | 0.00141       |
-------------------------------------------
-------------------------------------------
| time/                   |               |
|    fps                  | 610           |
|    iterations           | 45            |
|    time_elapsed         | 113           |
|    total_timesteps      | 69120         |
| train/                  |               |
|    approx_kl            | 0.00013511565 |
|    clip_fraction        | 0.00215       |
|    clip_range           | 0.2           |
|    entropy_loss         | -0.0438       |
|    explained_variance   | 0.85          |
|    learning_rate        | 0.0003        |
|    loss                 | 0.000424      |
|    n_updates            | 440           |
|    policy_gradient_loss | -0.000397     |
|    value_loss           | 0.00136       |
-------------------------------------------
  step   70014/500000 ( 14.0%)  mean_rew=-0.002
-------------------------------------------
| time/                   |               |
|    fps                  | 610           |
|    iterations           | 46            |
|    time_elapsed         | 115           |
|    total_timesteps      | 70656         |
| train/                  |               |
|    approx_kl            | 8.9269364e-05 |
|    clip_fraction        | 0.00182       |
|    clip_range           | 0.2           |
|    entropy_loss         | -0.0355       |
|    explained_variance   | 0.884         |
|    learning_rate        | 0.0003        |
|    loss                 | 0.000585      |
|    n_updates            | 450           |
|    policy_gradient_loss | -0.000175     |
|    value_loss           | 0.000989      |
-------------------------------------------
------------------------------------------
| time/                   |              |
|    fps                  | 610          |
|    iterations           | 47           |
|    time_elapsed         | 118          |
|    total_timesteps      | 72192        |
| train/                  |              |
|    approx_kl            | 0.0002972456 |
|    clip_fraction        | 0.00449      |
|    clip_range           | 0.2          |
|    entropy_loss         | -0.0441      |
|    explained_variance   | 0.937        |
|    learning_rate        | 0.0003       |
|    loss                 | 0.000896     |
|    n_updates            | 460          |
|    policy_gradient_loss | -0.000606    |
|    value_loss           | 0.000519     |
------------------------------------------
-------------------------------------------
| time/                   |               |
|    fps                  | 611           |
|    iterations           | 48            |
|    time_elapsed         | 120           |
|    total_timesteps      | 73728         |
| train/                  |               |
|    approx_kl            | 0.00031375073 |
|    clip_fraction        | 0.00443       |
|    clip_range           | 0.2           |
|    entropy_loss         | -0.0458       |
|    explained_variance   | 0.872         |
|    learning_rate        | 0.0003        |
|    loss                 | 0.000239      |
|    n_updates            | 470           |
|    policy_gradient_loss | -0.000438     |
|    value_loss           | 0.00119       |
-------------------------------------------
  step   75015/500000 ( 15.0%)  mean_rew=-0.002
-------------------------------------------
| time/                   |               |
|    fps                  | 611           |
|    iterations           | 49            |
|    time_elapsed         | 123           |
|    total_timesteps      | 75264         |
| train/                  |               |
|    approx_kl            | 0.00013363901 |
|    clip_fraction        | 0.00332       |
|    clip_range           | 0.2           |
|    entropy_loss         | -0.0415       |
|    explained_variance   | 0.887         |
|    learning_rate        | 0.0003        |
|    loss                 | 0.000775      |
|    n_updates            | 480           |
|    policy_gradient_loss | -0.000253     |
|    value_loss           | 0.00104       |
-------------------------------------------
  Stage 1 saved -> cologne3_ppo_stage1_25pct.zip

────────────────────────────────────────────────────────────
  Stage 2/4  50% demand  100000 steps  (cumulative -> 175000)
  Route: cologne3_rand_50pct.rou.xml
────────────────────────────────────────────────────────────
------------------------------
| time/              |       |
|    fps             | 660   |
|    iterations      | 1     |
|    time_elapsed    | 2     |
|    total_timesteps | 76800 |
------------------------------
------------------------------------------
| time/                   |              |
|    fps                  | 558          |
|    iterations           | 2            |
|    time_elapsed         | 5            |
|    total_timesteps      | 78336        |
| train/                  |              |
|    approx_kl            | 0.0003008551 |
|    clip_fraction        | 0.00234      |
|    clip_range           | 0.2          |
|    entropy_loss         | -0.047       |
|    explained_variance   | 0.911        |
|    learning_rate        | 0.0003       |
|    loss                 | 0.00388      |
|    n_updates            | 500          |
|    policy_gradient_loss | -0.000329    |
|    value_loss           | 0.0011       |
------------------------------------------
-------------------------------------------
| time/                   |               |
|    fps                  | 529           |
|    iterations           | 3             |
|    time_elapsed         | 8             |
|    total_timesteps      | 79872         |
| train/                  |               |
|    approx_kl            | 0.00014975232 |
|    clip_fraction        | 0.00156       |
|    clip_range           | 0.2           |
|    entropy_loss         | -0.0429       |
|    explained_variance   | 0.825         |
|    learning_rate        | 0.0003        |
|    loss                 | 0.000546      |
|    n_updates            | 510           |
|    policy_gradient_loss | -0.000198     |
|    value_loss           | 0.0033        |
-------------------------------------------
  step   80016/500000 ( 16.0%)  mean_rew=-0.006
-------------------------------------------
| time/                   |               |
|    fps                  | 520           |
|    iterations           | 4             |
|    time_elapsed         | 11            |
|    total_timesteps      | 81408         |
| train/                  |               |
|    approx_kl            | 0.00012284848 |
|    clip_fraction        | 0.00234       |
|    clip_range           | 0.2           |
|    entropy_loss         | -0.0456       |
|    explained_variance   | 0.846         |
|    learning_rate        | 0.0003        |
|    loss                 | 0.00159       |
|    n_updates            | 520           |
|    policy_gradient_loss | -0.000241     |
|    value_loss           | 0.00319       |
-------------------------------------------
------------------------------------------
| time/                   |              |
|    fps                  | 515          |
|    iterations           | 5            |
|    time_elapsed         | 14           |
|    total_timesteps      | 82944        |
| train/                  |              |
|    approx_kl            | 0.0002616892 |
|    clip_fraction        | 0.00658      |
|    clip_range           | 0.2          |
|    entropy_loss         | -0.0387      |
|    explained_variance   | 0.929        |
|    learning_rate        | 0.0003       |
|    loss                 | 0.0011       |
|    n_updates            | 530          |
|    policy_gradient_loss | -0.000603    |
|    value_loss           | 0.00145      |
------------------------------------------
------------------------------------------
| time/                   |              |
|    fps                  | 510          |
|    iterations           | 6            |
|    time_elapsed         | 18           |
|    total_timesteps      | 84480        |
| train/                  |              |
|    approx_kl            | 0.0001763904 |
|    clip_fraction        | 0.00352      |
|    clip_range           | 0.2          |
|    entropy_loss         | -0.0337      |
|    explained_variance   | 0.851        |
|    learning_rate        | 0.0003       |
|    loss                 | 0.00049      |
|    n_updates            | 540          |
|    policy_gradient_loss | -0.000404    |
|    value_loss           | 0.00404      |
------------------------------------------
  step   85017/500000 ( 17.0%)  mean_rew=-0.003
-------------------------------------------
| time/                   |               |
|    fps                  | 507           |
|    iterations           | 7             |
|    time_elapsed         | 21            |
|    total_timesteps      | 86016         |
| train/                  |               |
|    approx_kl            | 6.4544576e-05 |
|    clip_fraction        | 0.000195      |
|    clip_range           | 0.2           |
|    entropy_loss         | -0.0309       |
|    explained_variance   | 0.878         |
|    learning_rate        | 0.0003        |
|    loss                 | 0.0017        |
|    n_updates            | 550           |
|    policy_gradient_loss | 3.62e-05      |
|    value_loss           | 0.00374       |
-------------------------------------------
-------------------------------------------
| time/                   |               |
|    fps                  | 506           |
|    iterations           | 8             |
|    time_elapsed         | 24            |
|    total_timesteps      | 87552         |
| train/                  |               |
|    approx_kl            | 0.00020356612 |
|    clip_fraction        | 0.00443       |
|    clip_range           | 0.2           |
|    entropy_loss         | -0.0338       |
|    explained_variance   | 0.934         |
|    learning_rate        | 0.0003        |
|    loss                 | -2.78e-05     |
|    n_updates            | 560           |
|    policy_gradient_loss | -0.000448     |
|    value_loss           | 0.00214       |
-------------------------------------------
-------------------------------------------
| time/                   |               |
|    fps                  | 504           |
|    iterations           | 9             |
|    time_elapsed         | 27            |
|    total_timesteps      | 89088         |
| train/                  |               |
|    approx_kl            | 0.00022261422 |
|    clip_fraction        | 0.00345       |
|    clip_range           | 0.2           |
|    entropy_loss         | -0.0286       |
|    explained_variance   | 0.885         |
|    learning_rate        | 0.0003        |
|    loss                 | 0.00156       |
|    n_updates            | 570           |
|    policy_gradient_loss | -0.00027      |
|    value_loss           | 0.00369       |
-------------------------------------------
  step   90018/500000 ( 18.0%)  mean_rew=-0.004
-------------------------------------------
| time/                   |               |
|    fps                  | 504           |
|    iterations           | 10            |
|    time_elapsed         | 30            |
|    total_timesteps      | 90624         |
| train/                  |               |
|    approx_kl            | 0.00028847702 |
|    clip_fraction        | 0.0028        |
|    clip_range           | 0.2           |
|    entropy_loss         | -0.0222       |
|    explained_variance   | 0.865         |
|    learning_rate        | 0.0003        |
|    loss                 | 0.00299       |
|    n_updates            | 580           |
|    policy_gradient_loss | -0.00051      |
|    value_loss           | 0.00483       |
-------------------------------------------
-------------------------------------------
| time/                   |               |
|    fps                  | 506           |
|    iterations           | 11            |
|    time_elapsed         | 33            |
|    total_timesteps      | 92160         |
| train/                  |               |
|    approx_kl            | 0.00016647465 |
|    clip_fraction        | 0.00247       |
|    clip_range           | 0.2           |
|    entropy_loss         | -0.0233       |
|    explained_variance   | 0.898         |
|    learning_rate        | 0.0003        |
|    loss                 | 0.00278       |
|    n_updates            | 590           |
|    policy_gradient_loss | -0.000139     |
|    value_loss           | 0.00338       |
-------------------------------------------
------------------------------------------
| time/                   |              |
|    fps                  | 506          |
|    iterations           | 12           |
|    time_elapsed         | 36           |
|    total_timesteps      | 93696        |
| train/                  |              |
|    approx_kl            | 3.932048e-05 |
|    clip_fraction        | 0.000716     |
|    clip_range           | 0.2          |
|    entropy_loss         | -0.0261      |
|    explained_variance   | 0.965        |
|    learning_rate        | 0.0003       |
|    loss                 | 0.000401     |
|    n_updates            | 600          |
|    policy_gradient_loss | -1.79e-05    |
|    value_loss           | 0.00108      |
------------------------------------------
  step   95019/500000 ( 19.0%)  mean_rew=-0.006
-------------------------------------------
| time/                   |               |
|    fps                  | 505           |
|    iterations           | 13            |
|    time_elapsed         | 39            |
|    total_timesteps      | 95232         |
| train/                  |               |
|    approx_kl            | 0.00017142105 |
|    clip_fraction        | 0.0028        |
|    clip_range           | 0.2           |
|    entropy_loss         | -0.0218       |
|    explained_variance   | 0.889         |
|    learning_rate        | 0.0003        |
|    loss                 | 0.00221       |
|    n_updates            | 610           |
|    policy_gradient_loss | -0.00058      |
|    value_loss           | 0.00406       |
-------------------------------------------
------------------------------------------
| time/                   |              |
|    fps                  | 504          |
|    iterations           | 14           |
|    time_elapsed         | 42           |
|    total_timesteps      | 96768        |
| train/                  |              |
|    approx_kl            | 0.0002643075 |
|    clip_fraction        | 0.00137      |
|    clip_range           | 0.2          |
|    entropy_loss         | -0.0195      |
|    explained_variance   | 0.887        |
|    learning_rate        | 0.0003       |
|    loss                 | 0.00201      |
|    n_updates            | 620          |
|    policy_gradient_loss | -0.000435    |
|    value_loss           | 0.00417      |
------------------------------------------
-------------------------------------------
| time/                   |               |
|    fps                  | 502           |
|    iterations           | 15            |
|    time_elapsed         | 45            |
|    total_timesteps      | 98304         |
| train/                  |               |
|    approx_kl            | 4.3748605e-05 |
|    clip_fraction        | 0.00176       |
|    clip_range           | 0.2           |
|    entropy_loss         | -0.0192       |
|    explained_variance   | 0.94          |
|    learning_rate        | 0.0003        |
|    loss                 | 0.000939      |
|    n_updates            | 630           |
|    policy_gradient_loss | -0.000103     |
|    value_loss           | 0.00224       |
-------------------------------------------
-------------------------------------------
| time/                   |               |
|    fps                  | 500           |
|    iterations           | 16            |
|    time_elapsed         | 49            |
|    total_timesteps      | 99840         |
| train/                  |               |
|    approx_kl            | 3.0825107e-05 |
|    clip_fraction        | 0.00026       |
|    clip_range           | 0.2           |
|    entropy_loss         | -0.018        |
|    explained_variance   | 0.889         |
|    learning_rate        | 0.0003        |
|    loss                 | 0.00173       |
|    n_updates            | 640           |
|    policy_gradient_loss | -7e-05        |
|    value_loss           | 0.00426       |
-------------------------------------------
  step  100020/500000 ( 20.0%)  mean_rew=-0.003
------------------------------------------
| time/                   |              |
|    fps                  | 498          |
|    iterations           | 17           |
|    time_elapsed         | 52           |
|    total_timesteps      | 101376       |
| train/                  |              |
|    approx_kl            | 5.237141e-05 |
|    clip_fraction        | 0.000846     |
|    clip_range           | 0.2          |
|    entropy_loss         | -0.0156      |
|    explained_variance   | 0.874        |
|    learning_rate        | 0.0003       |
|    loss                 | 0.00278      |
|    n_updates            | 650          |
|    policy_gradient_loss | -6.17e-05    |
|    value_loss           | 0.00522      |
------------------------------------------
------------------------------------------
| time/                   |              |
|    fps                  | 497          |
|    iterations           | 18           |
|    time_elapsed         | 55           |
|    total_timesteps      | 102912       |
| train/                  |              |
|    approx_kl            | 4.709927e-05 |
|    clip_fraction        | 0.000456     |
|    clip_range           | 0.2          |
|    entropy_loss         | -0.0172      |
|    explained_variance   | 0.878        |
|    learning_rate        | 0.0003       |
|    loss                 | 0.00127      |
|    n_updates            | 660          |
|    policy_gradient_loss | -8.15e-05    |
|    value_loss           | 0.00527      |
------------------------------------------
-------------------------------------------
| time/                   |               |
|    fps                  | 496           |
|    iterations           | 19            |
|    time_elapsed         | 58            |
|    total_timesteps      | 104448        |
| train/                  |               |
|    approx_kl            | 0.00022327904 |
|    clip_fraction        | 0.00423       |
|    clip_range           | 0.2           |
|    entropy_loss         | -0.0173       |
|    explained_variance   | 0.971         |
|    learning_rate        | 0.0003        |
|    loss                 | 0.000605      |
|    n_updates            | 670           |
|    policy_gradient_loss | -0.000661     |
|    value_loss           | 0.00117       |
-------------------------------------------
  step  105021/500000 ( 21.0%)  mean_rew=-0.004
------------------------------------------
| time/                   |              |
|    fps                  | 494          |
|    iterations           | 20           |
|    time_elapsed         | 62           |
|    total_timesteps      | 105984       |
| train/                  |              |
|    approx_kl            | 0.0026253222 |
|    clip_fraction        | 0.00176      |
|    clip_range           | 0.2          |
|    entropy_loss         | -0.0349      |
|    explained_variance   | 0.886        |
|    learning_rate        | 0.0003       |
|    loss                 | -0.00377     |
|    n_updates            | 680          |
|    policy_gradient_loss | -0.000661    |
|    value_loss           | 0.00532      |
------------------------------------------
-------------------------------------------
| time/                   |               |
|    fps                  | 494           |
|    iterations           | 21            |
|    time_elapsed         | 65            |
|    total_timesteps      | 107520        |
| train/                  |               |
|    approx_kl            | 0.00032668898 |
|    clip_fraction        | 0.00475       |
|    clip_range           | 0.2           |
|    entropy_loss         | -0.0372       |
|    explained_variance   | 0.903         |
|    learning_rate        | 0.0003        |
|    loss                 | 0.00516       |
|    n_updates            | 690           |
|    policy_gradient_loss | -0.000115     |
|    value_loss           | 0.00447       |
-------------------------------------------
-----------------------------------------
| time/                   |             |
|    fps                  | 494         |
|    iterations           | 22          |
|    time_elapsed         | 68          |
|    total_timesteps      | 109056      |
| train/                  |             |
|    approx_kl            | 0.015810734 |
|    clip_fraction        | 0.00684     |
|    clip_range           | 0.2         |
|    entropy_loss         | -0.076      |
|    explained_variance   | 0.96        |
|    learning_rate        | 0.0003      |
|    loss                 | 0.0031      |
|    n_updates            | 700         |
|    policy_gradient_loss | -0.000773   |
|    value_loss           | 0.00168     |
-----------------------------------------
  step  110022/500000 ( 22.0%)  mean_rew=-0.004
-------------------------------------------
| time/                   |               |
|    fps                  | 493           |
|    iterations           | 23            |
|    time_elapsed         | 71            |
|    total_timesteps      | 110592        |
| train/                  |               |
|    approx_kl            | 0.00018457121 |
|    clip_fraction        | 0.00983       |
|    clip_range           | 0.2           |
|    entropy_loss         | -0.109        |
|    explained_variance   | 0.866         |
|    learning_rate        | 0.0003        |
|    loss                 | -0.000517     |
|    n_updates            | 710           |
|    policy_gradient_loss | 0.000193      |
|    value_loss           | 0.00593       |
-------------------------------------------
------------------------------------------
| time/                   |              |
|    fps                  | 492          |
|    iterations           | 24           |
|    time_elapsed         | 74           |
|    total_timesteps      | 112128       |
| train/                  |              |
|    approx_kl            | 0.0008479168 |
|    clip_fraction        | 0.0188       |
|    clip_range           | 0.2          |
|    entropy_loss         | -0.0776      |
|    explained_variance   | 0.867        |
|    learning_rate        | 0.0003       |
|    loss                 | 0.00457      |
|    n_updates            | 720          |
|    policy_gradient_loss | -0.00139     |
|    value_loss           | 0.00612      |
------------------------------------------
-------------------------------------------
| time/                   |               |
|    fps                  | 484           |
|    iterations           | 25            |
|    time_elapsed         | 79            |
|    total_timesteps      | 113664        |
| train/                  |               |
|    approx_kl            | 6.9720634e-05 |
|    clip_fraction        | 0.00632       |
|    clip_range           | 0.2           |
|    entropy_loss         | -0.0849       |
|    explained_variance   | 0.884         |
|    learning_rate        | 0.0003        |
|    loss                 | 0.00413       |
|    n_updates            | 730           |
|    policy_gradient_loss | 0.000318      |
|    value_loss           | 0.00462       |
-------------------------------------------
  step  115023/500000 ( 23.0%)  mean_rew=-0.003
-------------------------------------------
| time/                   |               |
|    fps                  | 466           |
|    iterations           | 26            |
|    time_elapsed         | 85            |
|    total_timesteps      | 115200        |
| train/                  |               |
|    approx_kl            | 0.00074461056 |
|    clip_fraction        | 0.00228       |
|    clip_range           | 0.2           |
|    entropy_loss         | -0.113        |
|    explained_variance   | 0.0057        |
|    learning_rate        | 0.0003        |
|    loss                 | 540           |
|    n_updates            | 740           |
|    policy_gradient_loss | -0.00116      |
|    value_loss           | 1.16e+03      |
-------------------------------------------
------------------------------------------
| time/                   |              |
|    fps                  | 466          |
|    iterations           | 27           |
|    time_elapsed         | 88           |
|    total_timesteps      | 116736       |
| train/                  |              |
|    approx_kl            | 0.0010713559 |
|    clip_fraction        | 0.011        |
|    clip_range           | 0.2          |
|    entropy_loss         | -0.129       |
|    explained_variance   | 0.135        |
|    learning_rate        | 0.0003       |
|    loss                 | 498          |
|    n_updates            | 750          |
|    policy_gradient_loss | -0.00126     |
|    value_loss           | 1.09e+03     |
------------------------------------------
-------------------------------------------
| time/                   |               |
|    fps                  | 466           |
|    iterations           | 28            |
|    time_elapsed         | 92            |
|    total_timesteps      | 118272        |
| train/                  |               |
|    approx_kl            | 0.00030825855 |
|    clip_fraction        | 0.0043        |
|    clip_range           | 0.2           |
|    entropy_loss         | -0.0826       |
|    explained_variance   | 0.2           |
|    learning_rate        | 0.0003        |
|    loss                 | 0.696         |
|    n_updates            | 760           |
|    policy_gradient_loss | -7.86e-05     |
|    value_loss           | 2.38          |
-------------------------------------------
------------------------------------------
| time/                   |              |
|    fps                  | 467          |
|    iterations           | 29           |
|    time_elapsed         | 95           |
|    total_timesteps      | 119808       |
| train/                  |              |
|    approx_kl            | 7.587598e-05 |
|    clip_fraction        | 0.00293      |
|    clip_range           | 0.2          |
|    entropy_loss         | -0.0822      |
|    explained_variance   | 0.737        |
|    learning_rate        | 0.0003       |
|    loss                 | 0.118        |
|    n_updates            | 770          |
|    policy_gradient_loss | -5.15e-05    |
|    value_loss           | 0.392        |
------------------------------------------
  step  120024/500000 ( 24.0%)  mean_rew=-0.005
-------------------------------------------
| time/                   |               |
|    fps                  | 467           |
|    iterations           | 30            |
|    time_elapsed         | 98            |
|    total_timesteps      | 121344        |
| train/                  |               |
|    approx_kl            | 0.00057397096 |
|    clip_fraction        | 0.00488       |
|    clip_range           | 0.2           |
|    entropy_loss         | -0.087        |
|    explained_variance   | 0.264         |
|    learning_rate        | 0.0003        |
|    loss                 | 0.498         |
|    n_updates            | 780           |
|    policy_gradient_loss | -0.000126     |
|    value_loss           | 1.22          |
-------------------------------------------
------------------------------------------
| time/                   |              |
|    fps                  | 466          |
|    iterations           | 31           |
|    time_elapsed         | 102          |
|    total_timesteps      | 122880       |
| train/                  |              |
|    approx_kl            | 0.0007080922 |
|    clip_fraction        | 0.00319      |
|    clip_range           | 0.2          |
|    entropy_loss         | -0.1         |
|    explained_variance   | 0.292        |
|    learning_rate        | 0.0003       |
|    loss                 | 0.4          |
|    n_updates            | 790          |
|    policy_gradient_loss | -2.67e-05    |
|    value_loss           | 0.843        |
------------------------------------------
-------------------------------------------
| time/                   |               |
|    fps                  | 466           |
|    iterations           | 32            |
|    time_elapsed         | 105           |
|    total_timesteps      | 124416        |
| train/                  |               |
|    approx_kl            | 0.00057278364 |
|    clip_fraction        | 0.0054        |
|    clip_range           | 0.2           |
|    entropy_loss         | -0.0822       |
|    explained_variance   | 0.281         |
|    learning_rate        | 0.0003        |
|    loss                 | 0.28          |
|    n_updates            | 800           |
|    policy_gradient_loss | -0.000293     |
|    value_loss           | 0.574         |
-------------------------------------------
  step  125025/500000 ( 25.0%)  mean_rew=-0.007
-------------------------------------------
| time/                   |               |
|    fps                  | 466           |
|    iterations           | 33            |
|    time_elapsed         | 108           |
|    total_timesteps      | 125952        |
| train/                  |               |
|    approx_kl            | 0.00020917924 |
|    clip_fraction        | 0.00228       |
|    clip_range           | 0.2           |
|    entropy_loss         | -0.0751       |
|    explained_variance   | 0.708         |
|    learning_rate        | 0.0003        |
|    loss                 | 0.0216        |
|    n_updates            | 810           |
|    policy_gradient_loss | 0.000152      |
|    value_loss           | 0.0779        |
-------------------------------------------
-------------------------------------------
| time/                   |               |
|    fps                  | 466           |
|    iterations           | 34            |
|    time_elapsed         | 112           |
|    total_timesteps      | 127488        |
| train/                  |               |
|    approx_kl            | 0.00019700495 |
|    clip_fraction        | 0.00202       |
|    clip_range           | 0.2           |
|    entropy_loss         | -0.0659       |
|    explained_variance   | 0.314         |
|    learning_rate        | 0.0003        |
|    loss                 | 0.1           |
|    n_updates            | 820           |
|    policy_gradient_loss | 0.000146      |
|    value_loss           | 0.274         |
-------------------------------------------
-------------------------------------------
| time/                   |               |
|    fps                  | 466           |
|    iterations           | 35            |
|    time_elapsed         | 115           |
|    total_timesteps      | 129024        |
| train/                  |               |
|    approx_kl            | 5.8679532e-05 |
|    clip_fraction        | 0.00195       |
|    clip_range           | 0.2           |
|    entropy_loss         | -0.0612       |
|    explained_variance   | 0.348         |
|    learning_rate        | 0.0003        |
|    loss                 | 0.162         |
|    n_updates            | 830           |
|    policy_gradient_loss | -1.09e-05     |
|    value_loss           | 0.19          |
-------------------------------------------
  step  130026/500000 ( 26.0%)  mean_rew=-0.004
------------------------------------------
| time/                   |              |
|    fps                  | 467          |
|    iterations           | 36           |
|    time_elapsed         | 118          |
|    total_timesteps      | 130560       |
| train/                  |              |
|    approx_kl            | 0.0003343102 |
|    clip_fraction        | 0.00475      |
|    clip_range           | 0.2          |
|    entropy_loss         | -0.052       |
|    explained_variance   | 0.737        |
|    learning_rate        | 0.0003       |
|    loss                 | 0.0102       |
|    n_updates            | 840          |
|    policy_gradient_loss | -0.00018     |
|    value_loss           | 0.0283       |
------------------------------------------
------------------------------------------
| time/                   |              |
|    fps                  | 467          |
|    iterations           | 37           |
|    time_elapsed         | 121          |
|    total_timesteps      | 132096       |
| train/                  |              |
|    approx_kl            | 8.442893e-05 |
|    clip_fraction        | 0.00306      |
|    clip_range           | 0.2          |
|    entropy_loss         | -0.0642      |
|    explained_variance   | 0.4          |
|    learning_rate        | 0.0003       |
|    loss                 | 0.0267       |
|    n_updates            | 850          |
|    policy_gradient_loss | -8.58e-05    |
|    value_loss           | 0.095        |
------------------------------------------
-------------------------------------------
| time/                   |               |
|    fps                  | 468           |
|    iterations           | 38            |
|    time_elapsed         | 124           |
|    total_timesteps      | 133632        |
| train/                  |               |
|    approx_kl            | 0.00026597173 |
|    clip_fraction        | 0.00195       |
|    clip_range           | 0.2           |
|    entropy_loss         | -0.0611       |
|    explained_variance   | 0.468         |
|    learning_rate        | 0.0003        |
|    loss                 | 0.0106        |
|    n_updates            | 860           |
|    policy_gradient_loss | 4.78e-05      |
|    value_loss           | 0.0701        |
-------------------------------------------
  step  135027/500000 ( 27.0%)  mean_rew=-0.004
-------------------------------------------
| time/                   |               |
|    fps                  | 468           |
|    iterations           | 39            |
|    time_elapsed         | 127           |
|    total_timesteps      | 135168        |
| train/                  |               |
|    approx_kl            | 0.00049993984 |
|    clip_fraction        | 0.00866       |
|    clip_range           | 0.2           |
|    entropy_loss         | -0.0512       |
|    explained_variance   | 0.494         |
|    learning_rate        | 0.0003        |
|    loss                 | 0.0125        |
|    n_updates            | 870           |
|    policy_gradient_loss | -0.00112      |
|    value_loss           | 0.0483        |
-------------------------------------------
------------------------------------------
| time/                   |              |
|    fps                  | 468          |
|    iterations           | 40           |
|    time_elapsed         | 131          |
|    total_timesteps      | 136704       |
| train/                  |              |
|    approx_kl            | 3.197273e-05 |
|    clip_fraction        | 0.00228      |
|    clip_range           | 0.2          |
|    entropy_loss         | -0.0549      |
|    explained_variance   | 0.832        |
|    learning_rate        | 0.0003       |
|    loss                 | 0.00266      |
|    n_updates            | 880          |
|    policy_gradient_loss | -1.29e-05    |
|    value_loss           | 0.00896      |
------------------------------------------
------------------------------------------
| time/                   |              |
|    fps                  | 468          |
|    iterations           | 41           |
|    time_elapsed         | 134          |
|    total_timesteps      | 138240       |
| train/                  |              |
|    approx_kl            | 0.0003725478 |
|    clip_fraction        | 0.00534      |
|    clip_range           | 0.2          |
|    entropy_loss         | -0.0558      |
|    explained_variance   | 0.615        |
|    learning_rate        | 0.0003       |
|    loss                 | 0.014        |
|    n_updates            | 890          |
|    policy_gradient_loss | 0.000184     |
|    value_loss           | 0.0309       |
------------------------------------------
-------------------------------------------
| time/                   |               |
|    fps                  | 469           |
|    iterations           | 42            |
|    time_elapsed         | 137           |
|    total_timesteps      | 139776        |
| train/                  |               |
|    approx_kl            | 0.00036780874 |
|    clip_fraction        | 0.00671       |
|    clip_range           | 0.2           |
|    entropy_loss         | -0.0431       |
|    explained_variance   | 0.653         |
|    learning_rate        | 0.0003        |
|    loss                 | 0.00801       |
|    n_updates            | 900           |
|    policy_gradient_loss | -0.000551     |
|    value_loss           | 0.0227        |
-------------------------------------------
  step  140028/500000 ( 28.0%)  mean_rew=-0.005
-------------------------------------------
| time/                   |               |
|    fps                  | 469           |
|    iterations           | 43            |
|    time_elapsed         | 140           |
|    total_timesteps      | 141312        |
| train/                  |               |
|    approx_kl            | 0.00017004588 |
|    clip_fraction        | 0.00176       |
|    clip_range           | 0.2           |
|    entropy_loss         | -0.0359       |
|    explained_variance   | 0.889         |
|    learning_rate        | 0.0003        |
|    loss                 | 0.00237       |
|    n_updates            | 910           |
|    policy_gradient_loss | -7.12e-05     |
|    value_loss           | 0.00511       |
-------------------------------------------
-------------------------------------------
| time/                   |               |
|    fps                  | 470           |
|    iterations           | 44            |
|    time_elapsed         | 143           |
|    total_timesteps      | 142848        |
| train/                  |               |
|    approx_kl            | 0.00015504211 |
|    clip_fraction        | 0.00182       |
|    clip_range           | 0.2           |
|    entropy_loss         | -0.0315       |
|    explained_variance   | 0.742         |
|    learning_rate        | 0.0003        |
|    loss                 | 0.00369       |
|    n_updates            | 920           |
|    policy_gradient_loss | -8.19e-05     |
|    value_loss           | 0.0139        |
-------------------------------------------
------------------------------------------
| time/                   |              |
|    fps                  | 470          |
|    iterations           | 45           |
|    time_elapsed         | 146          |
|    total_timesteps      | 144384       |
| train/                  |              |
|    approx_kl            | 0.0004742049 |
|    clip_fraction        | 0.0041       |
|    clip_range           | 0.2          |
|    entropy_loss         | -0.0258      |
|    explained_variance   | 0.686        |
|    learning_rate        | 0.0003       |
|    loss                 | 0.0224       |
|    n_updates            | 930          |
|    policy_gradient_loss | -2.95e-05    |
|    value_loss           | 0.0181       |
------------------------------------------
  step  145029/500000 ( 29.0%)  mean_rew=-0.003
-------------------------------------------
| time/                   |               |
|    fps                  | 470           |
|    iterations           | 46            |
|    time_elapsed         | 150           |
|    total_timesteps      | 145920        |
| train/                  |               |
|    approx_kl            | 9.2447306e-05 |
|    clip_fraction        | 0.00208       |
|    clip_range           | 0.2           |
|    entropy_loss         | -0.0265       |
|    explained_variance   | 0.773         |
|    learning_rate        | 0.0003        |
|    loss                 | 0.00513       |
|    n_updates            | 940           |
|    policy_gradient_loss | 4.55e-05      |
|    value_loss           | 0.0115        |
-------------------------------------------
-------------------------------------------
| time/                   |               |
|    fps                  | 470           |
|    iterations           | 47            |
|    time_elapsed         | 153           |
|    total_timesteps      | 147456        |
| train/                  |               |
|    approx_kl            | 0.00012392073 |
|    clip_fraction        | 0.00286       |
|    clip_range           | 0.2           |
|    entropy_loss         | -0.0247       |
|    explained_variance   | 0.946         |
|    learning_rate        | 0.0003        |
|    loss                 | 0.0011        |
|    n_updates            | 950           |
|    policy_gradient_loss | -0.000184     |
|    value_loss           | 0.00214       |
-------------------------------------------
-------------------------------------------
| time/                   |               |
|    fps                  | 470           |
|    iterations           | 48            |
|    time_elapsed         | 156           |
|    total_timesteps      | 148992        |
| train/                  |               |
|    approx_kl            | 0.00024209176 |
|    clip_fraction        | 0.0026        |
|    clip_range           | 0.2           |
|    entropy_loss         | -0.0276       |
|    explained_variance   | 0.82          |
|    learning_rate        | 0.0003        |
|    loss                 | 0.0059        |
|    n_updates            | 960           |
|    policy_gradient_loss | -0.000384     |
|    value_loss           | 0.00821       |
-------------------------------------------
  step  150030/500000 ( 30.0%)  mean_rew=-0.005
------------------------------------------
| time/                   |              |
|    fps                  | 470          |
|    iterations           | 49           |
|    time_elapsed         | 159          |
|    total_timesteps      | 150528       |
| train/                  |              |
|    approx_kl            | 4.624067e-05 |
|    clip_fraction        | 0.000391     |
|    clip_range           | 0.2          |
|    entropy_loss         | -0.0361      |
|    explained_variance   | 0.81         |
|    learning_rate        | 0.0003       |
|    loss                 | 0.00455      |
|    n_updates            | 970          |
|    policy_gradient_loss | 4.84e-06     |
|    value_loss           | 0.00885      |
------------------------------------------
------------------------------------------
| time/                   |              |
|    fps                  | 470          |
|    iterations           | 50           |
|    time_elapsed         | 163          |
|    total_timesteps      | 152064       |
| train/                  |              |
|    approx_kl            | 0.0018773908 |
|    clip_fraction        | 0.0043       |
|    clip_range           | 0.2          |
|    entropy_loss         | -0.019       |
|    explained_variance   | 0.949        |
|    learning_rate        | 0.0003       |
|    loss                 | 0.000586     |
|    n_updates            | 980          |
|    policy_gradient_loss | -0.00174     |
|    value_loss           | 0.00191      |
------------------------------------------
-------------------------------------------
| time/                   |               |
|    fps                  | 470           |
|    iterations           | 51            |
|    time_elapsed         | 166           |
|    total_timesteps      | 153600        |
| train/                  |               |
|    approx_kl            | 0.00039094943 |
|    clip_fraction        | 0.00417       |
|    clip_range           | 0.2           |
|    entropy_loss         | -0.0125       |
|    explained_variance   | 0.853         |
|    learning_rate        | 0.0003        |
|    loss                 | 0.00292       |
|    n_updates            | 990           |
|    policy_gradient_loss | -0.000262     |
|    value_loss           | 0.00591       |
-------------------------------------------
  step  155031/500000 ( 31.0%)  mean_rew=-0.004
------------------------------------------
| time/                   |              |
|    fps                  | 471          |
|    iterations           | 52           |
|    time_elapsed         | 169          |
|    total_timesteps      | 155136       |
| train/                  |              |
|    approx_kl            | 9.752888e-07 |
|    clip_fraction        | 0            |
|    clip_range           | 0.2          |
|    entropy_loss         | -0.0124      |
|    explained_variance   | 0.821        |
|    learning_rate        | 0.0003       |
|    loss                 | 0.00335      |
|    n_updates            | 1000         |
|    policy_gradient_loss | 1.02e-05     |
|    value_loss           | 0.00741      |
------------------------------------------
-------------------------------------------
| time/                   |               |
|    fps                  | 471           |
|    iterations           | 53            |
|    time_elapsed         | 172           |
|    total_timesteps      | 156672        |
| train/                  |               |
|    approx_kl            | 0.00012591835 |
|    clip_fraction        | 0.000521      |
|    clip_range           | 0.2           |
|    entropy_loss         | -0.00863      |
|    explained_variance   | 0.948         |
|    learning_rate        | 0.0003        |
|    loss                 | 0.000733      |
|    n_updates            | 1010          |
|    policy_gradient_loss | -0.000255     |
|    value_loss           | 0.00191       |
-------------------------------------------
------------------------------------------
| time/                   |              |
|    fps                  | 471          |
|    iterations           | 54           |
|    time_elapsed         | 175          |
|    total_timesteps      | 158208       |
| train/                  |              |
|    approx_kl            | 7.551726e-05 |
|    clip_fraction        | 0.00111      |
|    clip_range           | 0.2          |
|    entropy_loss         | -0.00913     |
|    explained_variance   | 0.885        |
|    learning_rate        | 0.0003       |
|    loss                 | 0.000972     |
|    n_updates            | 1020         |
|    policy_gradient_loss | -0.000173    |
|    value_loss           | 0.00404      |
------------------------------------------
-------------------------------------------
| time/                   |               |
|    fps                  | 472           |
|    iterations           | 55            |
|    time_elapsed         | 178           |
|    total_timesteps      | 159744        |
| train/                  |               |
|    approx_kl            | 1.1663418e-05 |
|    clip_fraction        | 6.51e-05      |
|    clip_range           | 0.2           |
|    entropy_loss         | -0.00988      |
|    explained_variance   | 0.871         |
|    learning_rate        | 0.0003        |
|    loss                 | 0.00289       |
|    n_updates            | 1030          |
|    policy_gradient_loss | -7.7e-06      |
|    value_loss           | 0.00457       |
-------------------------------------------
  step  160032/500000 ( 32.0%)  mean_rew=-0.004
-------------------------------------------
| time/                   |               |
|    fps                  | 472           |
|    iterations           | 56            |
|    time_elapsed         | 182           |
|    total_timesteps      | 161280        |
| train/                  |               |
|    approx_kl            | 0.00012342927 |
|    clip_fraction        | 0.00163       |
|    clip_range           | 0.2           |
|    entropy_loss         | -0.0133       |
|    explained_variance   | 0.862         |
|    learning_rate        | 0.0003        |
|    loss                 | 0.00571       |
|    n_updates            | 1040          |
|    policy_gradient_loss | -0.000154     |
|    value_loss           | 0.00453       |
-------------------------------------------
------------------------------------------
| time/                   |              |
|    fps                  | 472          |
|    iterations           | 57           |
|    time_elapsed         | 185          |
|    total_timesteps      | 162816       |
| train/                  |              |
|    approx_kl            | 9.567989e-05 |
|    clip_fraction        | 0.00117      |
|    clip_range           | 0.2          |
|    entropy_loss         | -0.0151      |
|    explained_variance   | 0.966        |
|    learning_rate        | 0.0003       |
|    loss                 | 0.00032      |
|    n_updates            | 1050         |
|    policy_gradient_loss | 0.000111     |
|    value_loss           | 0.000979     |
------------------------------------------
-------------------------------------------
| time/                   |               |
|    fps                  | 471           |
|    iterations           | 58            |
|    time_elapsed         | 188           |
|    total_timesteps      | 164352        |
| train/                  |               |
|    approx_kl            | 0.00012052831 |
|    clip_fraction        | 0.00378       |
|    clip_range           | 0.2           |
|    entropy_loss         | -0.0127       |
|    explained_variance   | 0.852         |
|    learning_rate        | 0.0003        |
|    loss                 | 0.0028        |
|    n_updates            | 1060          |
|    policy_gradient_loss | -0.000519     |
|    value_loss           | 0.00506       |
-------------------------------------------
  step  165033/500000 ( 33.0%)  mean_rew=-0.003
------------------------------------------
| time/                   |              |
|    fps                  | 472          |
|    iterations           | 59           |
|    time_elapsed         | 191          |
|    total_timesteps      | 165888       |
| train/                  |              |
|    approx_kl            | 6.745154e-05 |
|    clip_fraction        | 0.000456     |
|    clip_range           | 0.2          |
|    entropy_loss         | -0.0102      |
|    explained_variance   | 0.862        |
|    learning_rate        | 0.0003       |
|    loss                 | 0.002        |
|    n_updates            | 1070         |
|    policy_gradient_loss | -7.59e-05    |
|    value_loss           | 0.00477      |
------------------------------------------
------------------------------------------
| time/                   |              |
|    fps                  | 472          |
|    iterations           | 60           |
|    time_elapsed         | 195          |
|    total_timesteps      | 167424       |
| train/                  |              |
|    approx_kl            | 6.562817e-05 |
|    clip_fraction        | 0.000521     |
|    clip_range           | 0.2          |
|    entropy_loss         | -0.0112      |
|    explained_variance   | 0.952        |
|    learning_rate        | 0.0003       |
|    loss                 | 0.00101      |
|    n_updates            | 1080         |
|    policy_gradient_loss | -0.000209    |
|    value_loss           | 0.00143      |
------------------------------------------
-------------------------------------------
| time/                   |               |
|    fps                  | 472           |
|    iterations           | 61            |
|    time_elapsed         | 198           |
|    total_timesteps      | 168960        |
| train/                  |               |
|    approx_kl            | 4.3106924e-05 |
|    clip_fraction        | 0.000781      |
|    clip_range           | 0.2           |
|    entropy_loss         | -0.0135       |
|    explained_variance   | 0.886         |
|    learning_rate        | 0.0003        |
|    loss                 | 0.00315       |
|    n_updates            | 1090          |
|    policy_gradient_loss | -6.54e-05     |
|    value_loss           | 0.00351       |
-------------------------------------------
  step  170034/500000 ( 34.0%)  mean_rew=-0.003
------------------------------------------
| time/                   |              |
|    fps                  | 472          |
|    iterations           | 62           |
|    time_elapsed         | 201          |
|    total_timesteps      | 170496       |
| train/                  |              |
|    approx_kl            | 7.158611e-06 |
|    clip_fraction        | 0            |
|    clip_range           | 0.2          |
|    entropy_loss         | -0.0139      |
|    explained_variance   | 0.854        |
|    learning_rate        | 0.0003       |
|    loss                 | 0.000994     |
|    n_updates            | 1100         |
|    policy_gradient_loss | -1e-06       |
|    value_loss           | 0.00511      |
------------------------------------------
-------------------------------------------
| time/                   |               |
|    fps                  | 472           |
|    iterations           | 63            |
|    time_elapsed         | 204           |
|    total_timesteps      | 172032        |
| train/                  |               |
|    approx_kl            | 0.00038285737 |
|    clip_fraction        | 0.00156       |
|    clip_range           | 0.2           |
|    entropy_loss         | -0.00925      |
|    explained_variance   | 0.879         |
|    learning_rate        | 0.0003        |
|    loss                 | 0.00135       |
|    n_updates            | 1110          |
|    policy_gradient_loss | -0.000216     |
|    value_loss           | 0.00378       |
-------------------------------------------
------------------------------------------
| time/                   |              |
|    fps                  | 472          |
|    iterations           | 64           |
|    time_elapsed         | 208          |
|    total_timesteps      | 173568       |
| train/                  |              |
|    approx_kl            | 4.509037e-05 |
|    clip_fraction        | 0.000391     |
|    clip_range           | 0.2          |
|    entropy_loss         | -0.00894     |
|    explained_variance   | 0.951        |
|    learning_rate        | 0.0003       |
|    loss                 | 0.00111      |
|    n_updates            | 1120         |
|    policy_gradient_loss | -5.94e-05    |
|    value_loss           | 0.00144      |
------------------------------------------
  step  175035/500000 ( 35.0%)  mean_rew=-0.006
-------------------------------------------
| time/                   |               |
|    fps                  | 472           |
|    iterations           | 65            |
|    time_elapsed         | 211           |
|    total_timesteps      | 175104        |
| train/                  |               |
|    approx_kl            | 5.2382315e-05 |
|    clip_fraction        | 0.000456      |
|    clip_range           | 0.2           |
|    entropy_loss         | -0.00792      |
|    explained_variance   | 0.888         |
|    learning_rate        | 0.0003        |
|    loss                 | 0.000869      |
|    n_updates            | 1130          |
|    policy_gradient_loss | -6.46e-05     |
|    value_loss           | 0.00354       |
-------------------------------------------
-----------------------------------------
| time/                   |             |
|    fps                  | 472         |
|    iterations           | 66          |
|    time_elapsed         | 214         |
|    total_timesteps      | 176640      |
| train/                  |             |
|    approx_kl            | 4.53986e-05 |
|    clip_fraction        | 0.000391    |
|    clip_range           | 0.2         |
|    entropy_loss         | -0.0086     |
|    explained_variance   | 0.863       |
|    learning_rate        | 0.0003      |
|    loss                 | 0.00188     |
|    n_updates            | 1140        |
|    policy_gradient_loss | -1.71e-05   |
|    value_loss           | 0.00469     |
-----------------------------------------
  Stage 2 saved -> cologne3_ppo_stage2_50pct.zip

────────────────────────────────────────────────────────────
  Stage 3/4  75% demand  125000 steps  (cumulative -> 300000)
  Route: cologne3_rand_75pct.rou.xml
────────────────────────────────────────────────────────────
-------------------------------
| time/              |        |
|    fps             | 398    |
|    iterations      | 1      |
|    time_elapsed    | 3      |
|    total_timesteps | 178176 |
-------------------------------
-------------------------------------------
| time/                   |               |
|    fps                  | 228           |
|    iterations           | 2             |
|    time_elapsed         | 13            |
|    total_timesteps      | 179712        |
| train/                  |               |
|    approx_kl            | 0.00022372918 |
|    clip_fraction        | 0.00169       |
|    clip_range           | 0.2           |
|    entropy_loss         | -0.0141       |
|    explained_variance   | 0.00867       |
|    learning_rate        | 0.0003        |
|    loss                 | 117           |
|    n_updates            | 1160          |
|    policy_gradient_loss | -0.000877     |
|    value_loss           | 252           |
-------------------------------------------
  step  180036/500000 ( 36.0%)  mean_rew=-3.368
-------------------------------------------
| time/                   |               |
|    fps                  | 149           |
|    iterations           | 3             |
|    time_elapsed         | 30            |
|    total_timesteps      | 181248        |
| train/                  |               |
|    approx_kl            | 1.5311138e-05 |
|    clip_fraction        | 0             |
|    clip_range           | 0.2           |
|    entropy_loss         | -0.0374       |
|    explained_variance   | 0.339         |
|    learning_rate        | 0.0003        |
|    loss                 | 923           |
|    n_updates            | 1170          |
|    policy_gradient_loss | 8.06e-05      |
|    value_loss           | 1.98e+03      |
-------------------------------------------
-------------------------------------------
| time/                   |               |
|    fps                  | 164           |
|    iterations           | 4             |
|    time_elapsed         | 37            |
|    total_timesteps      | 182784        |
| train/                  |               |
|    approx_kl            | 1.0964577e-05 |
|    clip_fraction        | 0             |
|    clip_range           | 0.2           |
|    entropy_loss         | -0.0417       |
|    explained_variance   | 0.354         |
|    learning_rate        | 0.0003        |
|    loss                 | 1.76e+03      |
|    n_updates            | 1180          |
|    policy_gradient_loss | -7.83e-06     |
|    value_loss           | 3.82e+03      |
-------------------------------------------
-------------------------------------------
| time/                   |               |
|    fps                  | 171           |
|    iterations           | 5             |
|    time_elapsed         | 44            |
|    total_timesteps      | 184320        |
| train/                  |               |
|    approx_kl            | 0.00021235878 |
|    clip_fraction        | 0.00221       |
|    clip_range           | 0.2           |
|    entropy_loss         | -0.0243       |
|    explained_variance   | 0.244         |
|    learning_rate        | 0.0003        |
|    loss                 | 605           |
|    n_updates            | 1190          |
|    policy_gradient_loss | -0.000515     |
|    value_loss           | 1.12e+03      |
-------------------------------------------
  step  185037/500000 ( 37.0%)  mean_rew=-5.000
-------------------------------------------
| time/                   |               |
|    fps                  | 167           |
|    iterations           | 6             |
|    time_elapsed         | 55            |
|    total_timesteps      | 185856        |
| train/                  |               |
|    approx_kl            | 0.00024854162 |
|    clip_fraction        | 0.0043        |
|    clip_range           | 0.2           |
|    entropy_loss         | -0.0376       |
|    explained_variance   | 0.333         |
|    learning_rate        | 0.0003        |
|    loss                 | 451           |
|    n_updates            | 1200          |
|    policy_gradient_loss | -0.000389     |
|    value_loss           | 874           |
-------------------------------------------
-------------------------------------------
| time/                   |               |
|    fps                  | 166           |
|    iterations           | 7             |
|    time_elapsed         | 64            |
|    total_timesteps      | 187392        |
| train/                  |               |
|    approx_kl            | 0.00040948854 |
|    clip_fraction        | 0.00547       |
|    clip_range           | 0.2           |
|    entropy_loss         | -0.0458       |
|    explained_variance   | 0.4           |
|    learning_rate        | 0.0003        |
|    loss                 | 1.13e+03      |
|    n_updates            | 1210          |
|    policy_gradient_loss | -0.000624     |
|    value_loss           | 2.32e+03      |
-------------------------------------------
-------------------------------------------
| time/                   |               |
|    fps                  | 176           |
|    iterations           | 8             |
|    time_elapsed         | 69            |
|    total_timesteps      | 188928        |
| train/                  |               |
|    approx_kl            | 0.00035624063 |
|    clip_fraction        | 0.00378       |
|    clip_range           | 0.2           |
|    entropy_loss         | -0.038        |
|    explained_variance   | 0.416         |
|    learning_rate        | 0.0003        |
|    loss                 | 1.11e+03      |
|    n_updates            | 1220          |
|    policy_gradient_loss | -0.000571     |
|    value_loss           | 2.09e+03      |
-------------------------------------------
  step  190038/500000 ( 38.0%)  mean_rew=-0.008
-------------------------------------------
| time/                   |               |
|    fps                  | 176           |
|    iterations           | 9             |
|    time_elapsed         | 78            |
|    total_timesteps      | 190464        |
| train/                  |               |
|    approx_kl            | 0.00021171244 |
|    clip_fraction        | 0.00286       |
|    clip_range           | 0.2           |
|    entropy_loss         | -0.0223       |
|    explained_variance   | 0.415         |
|    learning_rate        | 0.0003        |
|    loss                 | 92.6          |
|    n_updates            | 1230          |
|    policy_gradient_loss | -0.000696     |
|    value_loss           | 251           |
-------------------------------------------
-------------------------------------------
| time/                   |               |
|    fps                  | 183           |
|    iterations           | 10            |
|    time_elapsed         | 83            |
|    total_timesteps      | 192000        |
| train/                  |               |
|    approx_kl            | 0.00035978272 |
|    clip_fraction        | 0.000911      |
|    clip_range           | 0.2           |
|    entropy_loss         | -0.0369       |
|    explained_variance   | 0.469         |
|    learning_rate        | 0.0003        |
|    loss                 | 992           |
|    n_updates            | 1240          |
|    policy_gradient_loss | -0.000558     |
|    value_loss           | 1.95e+03      |
-------------------------------------------
------------------------------------------
| time/                   |              |
|    fps                  | 186          |
|    iterations           | 11           |
|    time_elapsed         | 90           |
|    total_timesteps      | 193536       |
| train/                  |              |
|    approx_kl            | 9.149208e-05 |
|    clip_fraction        | 0            |
|    clip_range           | 0.2          |
|    entropy_loss         | -0.0404      |
|    explained_variance   | 0.507        |
|    learning_rate        | 0.0003       |
|    loss                 | 1.29e+03     |
|    n_updates            | 1250         |
|    policy_gradient_loss | -0.000114    |
|    value_loss           | 2.12e+03     |
------------------------------------------
  step  195039/500000 ( 39.0%)  mean_rew=-0.007
-------------------------------------------
| time/                   |               |
|    fps                  | 192           |
|    iterations           | 12            |
|    time_elapsed         | 95            |
|    total_timesteps      | 195072        |
| train/                  |               |
|    approx_kl            | 1.9267745e-05 |
|    clip_fraction        | 0             |
|    clip_range           | 0.2           |
|    entropy_loss         | -0.0511       |
|    explained_variance   | 0.539         |
|    learning_rate        | 0.0003        |
|    loss                 | 1.25e+03      |
|    n_updates            | 1260          |
|    policy_gradient_loss | -1.69e-06     |
|    value_loss           | 2.56e+03      |
-------------------------------------------
-------------------------------------------
| time/                   |               |
|    fps                  | 197           |
|    iterations           | 13            |
|    time_elapsed         | 101           |
|    total_timesteps      | 196608        |
| train/                  |               |
|    approx_kl            | 1.5261661e-06 |
|    clip_fraction        | 0             |
|    clip_range           | 0.2           |
|    entropy_loss         | -0.0119       |
|    explained_variance   | 0.523         |
|    learning_rate        | 0.0003        |
|    loss                 | 402           |
|    n_updates            | 1270          |
|    policy_gradient_loss | -2.03e-05     |
|    value_loss           | 965           |
-------------------------------------------
------------------------------------------
| time/                   |              |
|    fps                  | 201          |
|    iterations           | 14           |
|    time_elapsed         | 106          |
|    total_timesteps      | 198144       |
| train/                  |              |
|    approx_kl            | 0.0001932917 |
|    clip_fraction        | 0.00013      |
|    clip_range           | 0.2          |
|    entropy_loss         | -0.046       |
|    explained_variance   | 0.561        |
|    learning_rate        | 0.0003       |
|    loss                 | 1.05e+03     |
|    n_updates            | 1280         |
|    policy_gradient_loss | -0.000144    |
|    value_loss           | 2.18e+03     |
------------------------------------------
------------------------------------------
| time/                   |              |
|    fps                  | 209          |
|    iterations           | 15           |
|    time_elapsed         | 109          |
|    total_timesteps      | 199680       |
| train/                  |              |
|    approx_kl            | 0.0004936406 |
|    clip_fraction        | 0.00339      |
|    clip_range           | 0.2          |
|    entropy_loss         | -0.0455      |
|    explained_variance   | 0.588        |
|    learning_rate        | 0.0003       |
|    loss                 | 847          |
|    n_updates            | 1290         |
|    policy_gradient_loss | -0.000498    |
|    value_loss           | 1.82e+03     |
------------------------------------------
  step  200040/500000 ( 40.0%)  mean_rew=-5.000
-------------------------------------------
| time/                   |               |
|    fps                  | 213           |
|    iterations           | 16            |
|    time_elapsed         | 115           |
|    total_timesteps      | 201216        |
| train/                  |               |
|    approx_kl            | 1.3582758e-05 |
|    clip_fraction        | 0.00182       |
|    clip_range           | 0.2           |
|    entropy_loss         | -0.0253       |
|    explained_variance   | 0.592         |
|    learning_rate        | 0.0003        |
|    loss                 | 151           |
|    n_updates            | 1300          |
|    policy_gradient_loss | -0.000231     |
|    value_loss           | 275           |
-------------------------------------------
-------------------------------------------
| time/                   |               |
|    fps                  | 210           |
|    iterations           | 17            |
|    time_elapsed         | 123           |
|    total_timesteps      | 202752        |
| train/                  |               |
|    approx_kl            | 0.00054840685 |
|    clip_fraction        | 0.00456       |
|    clip_range           | 0.2           |
|    entropy_loss         | -0.0354       |
|    explained_variance   | 0.607         |
|    learning_rate        | 0.0003        |
|    loss                 | 896           |
|    n_updates            | 1310          |
|    policy_gradient_loss | -0.000982     |
|    value_loss           | 1.96e+03      |
-------------------------------------------
------------------------------------------
| time/                   |              |
|    fps                  | 217          |
|    iterations           | 18           |
|    time_elapsed         | 127          |
|    total_timesteps      | 204288       |
| train/                  |              |
|    approx_kl            | 4.181107e-05 |
|    clip_fraction        | 0            |
|    clip_range           | 0.2          |
|    entropy_loss         | -0.0403      |
|    explained_variance   | 0.604        |
|    learning_rate        | 0.0003       |
|    loss                 | 1.55e+03     |
|    n_updates            | 1320         |
|    policy_gradient_loss | -4.87e-05    |
|    value_loss           | 3.43e+03     |
------------------------------------------
  step  205041/500000 ( 41.0%)  mean_rew=-0.008
-------------------------------------------
| time/                   |               |
|    fps                  | 222           |
|    iterations           | 19            |
|    time_elapsed         | 131           |
|    total_timesteps      | 205824        |
| train/                  |               |
|    approx_kl            | 4.6066747e-05 |
|    clip_fraction        | 0             |
|    clip_range           | 0.2           |
|    entropy_loss         | -0.0242       |
|    explained_variance   | 0.597         |
|    learning_rate        | 0.0003        |
|    loss                 | 456           |
|    n_updates            | 1330          |
|    policy_gradient_loss | -8.34e-08     |
|    value_loss           | 850           |
-------------------------------------------
-------------------------------------------
| time/                   |               |
|    fps                  | 224           |
|    iterations           | 20            |
|    time_elapsed         | 136           |
|    total_timesteps      | 207360        |
| train/                  |               |
|    approx_kl            | 0.00048905925 |
|    clip_fraction        | 0.00521       |
|    clip_range           | 0.2           |
|    entropy_loss         | -0.0366       |
|    explained_variance   | 0.618         |
|    learning_rate        | 0.0003        |
|    loss                 | 480           |
|    n_updates            | 1340          |
|    policy_gradient_loss | -0.000809     |
|    value_loss           | 1.07e+03      |
-------------------------------------------
------------------------------------------
| time/                   |              |
|    fps                  | 222          |
|    iterations           | 21           |
|    time_elapsed         | 144          |
|    total_timesteps      | 208896       |
| train/                  |              |
|    approx_kl            | 3.457737e-05 |
|    clip_fraction        | 0            |
|    clip_range           | 0.2          |
|    entropy_loss         | -0.0401      |
|    explained_variance   | 0.644        |
|    learning_rate        | 0.0003       |
|    loss                 | 866          |
|    n_updates            | 1350         |
|    policy_gradient_loss | -3.67e-05    |
|    value_loss           | 1.98e+03     |
------------------------------------------
  step  210042/500000 ( 42.0%)  mean_rew=-0.008
-------------------------------------------
| time/                   |               |
|    fps                  | 227           |
|    iterations           | 22            |
|    time_elapsed         | 148           |
|    total_timesteps      | 210432        |
| train/                  |               |
|    approx_kl            | 3.8077512e-06 |
|    clip_fraction        | 0             |
|    clip_range           | 0.2           |
|    entropy_loss         | -0.0446       |
|    explained_variance   | 0.688         |
|    learning_rate        | 0.0003        |
|    loss                 | 1.5e+03       |
|    n_updates            | 1360          |
|    policy_gradient_loss | -3.08e-07     |
|    value_loss           | 3.15e+03      |
-------------------------------------------
------------------------------------------
| time/                   |              |
|    fps                  | 230          |
|    iterations           | 23           |
|    time_elapsed         | 153          |
|    total_timesteps      | 211968       |
| train/                  |              |
|    approx_kl            | 8.339586e-05 |
|    clip_fraction        | 6.51e-05     |
|    clip_range           | 0.2          |
|    entropy_loss         | -0.0189      |
|    explained_variance   | 0.616        |
|    learning_rate        | 0.0003       |
|    loss                 | 224          |
|    n_updates            | 1370         |
|    policy_gradient_loss | -5.62e-05    |
|    value_loss           | 336          |
------------------------------------------
------------------------------------------
| time/                   |              |
|    fps                  | 231          |
|    iterations           | 24           |
|    time_elapsed         | 158          |
|    total_timesteps      | 213504       |
| train/                  |              |
|    approx_kl            | 8.813843e-06 |
|    clip_fraction        | 0            |
|    clip_range           | 0.2          |
|    entropy_loss         | -0.0384      |
|    explained_variance   | 0.631        |
|    learning_rate        | 0.0003       |
|    loss                 | 725          |
|    n_updates            | 1380         |
|    policy_gradient_loss | 5.9e-06      |
|    value_loss           | 1.85e+03     |
------------------------------------------
-------------------------------------------
| time/                   |               |
|    fps                  | 233           |
|    iterations           | 25            |
|    time_elapsed         | 164           |
|    total_timesteps      | 215040        |
| train/                  |               |
|    approx_kl            | 0.00032490047 |
|    clip_fraction        | 0.00313       |
|    clip_range           | 0.2           |
|    entropy_loss         | -0.0373       |
|    explained_variance   | 0.65          |
|    learning_rate        | 0.0003        |
|    loss                 | 1.01e+03      |
|    n_updates            | 1390          |
|    policy_gradient_loss | -0.00054      |
|    value_loss           | 2.02e+03      |
-------------------------------------------
  step  215043/500000 ( 43.0%)  mean_rew=-5.000
-------------------------------------------
| time/                   |               |
|    fps                  | 234           |
|    iterations           | 26            |
|    time_elapsed         | 170           |
|    total_timesteps      | 216576        |
| train/                  |               |
|    approx_kl            | 0.00011625696 |
|    clip_fraction        | 0             |
|    clip_range           | 0.2           |
|    entropy_loss         | -0.0425       |
|    explained_variance   | 0.692         |
|    learning_rate        | 0.0003        |
|    loss                 | 968           |
|    n_updates            | 1400          |
|    policy_gradient_loss | -4.54e-05     |
|    value_loss           | 2.04e+03      |
-------------------------------------------
------------------------------------------
| time/                   |              |
|    fps                  | 231          |
|    iterations           | 27           |
|    time_elapsed         | 179          |
|    total_timesteps      | 218112       |
| train/                  |              |
|    approx_kl            | 0.0001250235 |
|    clip_fraction        | 0.00111      |
|    clip_range           | 0.2          |
|    entropy_loss         | -0.0151      |
|    explained_variance   | 0.667        |
|    learning_rate        | 0.0003       |
|    loss                 | 757          |
|    n_updates            | 1410         |
|    policy_gradient_loss | -0.000243    |
|    value_loss           | 1.57e+03     |
------------------------------------------
------------------------------------------
| time/                   |              |
|    fps                  | 234          |
|    iterations           | 28           |
|    time_elapsed         | 183          |
|    total_timesteps      | 219648       |
| train/                  |              |
|    approx_kl            | 8.778732e-05 |
|    clip_fraction        | 0            |
|    clip_range           | 0.2          |
|    entropy_loss         | -0.0344      |
|    explained_variance   | 0.659        |
|    learning_rate        | 0.0003       |
|    loss                 | 1.23e+03     |
|    n_updates            | 1420         |
|    policy_gradient_loss | -7.35e-05    |
|    value_loss           | 2.8e+03      |
------------------------------------------
  step  220044/500000 ( 44.0%)  mean_rew=-0.009
-------------------------------------------
| time/                   |               |
|    fps                  | 238           |
|    iterations           | 29            |
|    time_elapsed         | 186           |
|    total_timesteps      | 221184        |
| train/                  |               |
|    approx_kl            | 0.00041445848 |
|    clip_fraction        | 0.00169       |
|    clip_range           | 0.2           |
|    entropy_loss         | -0.0422       |
|    explained_variance   | 0.718         |
|    learning_rate        | 0.0003        |
|    loss                 | 726           |
|    n_updates            | 1430          |
|    policy_gradient_loss | -0.00038      |
|    value_loss           | 1.52e+03      |
-------------------------------------------
-------------------------------------------
| time/                   |               |
|    fps                  | 239           |
|    iterations           | 30            |
|    time_elapsed         | 192           |
|    total_timesteps      | 222720        |
| train/                  |               |
|    approx_kl            | 6.5383734e-05 |
|    clip_fraction        | 0.000586      |
|    clip_range           | 0.2           |
|    entropy_loss         | -0.0163       |
|    explained_variance   | 0.691         |
|    learning_rate        | 0.0003        |
|    loss                 | 155           |
|    n_updates            | 1440          |
|    policy_gradient_loss | -0.000173     |
|    value_loss           | 436           |
-------------------------------------------
-----------------------------------------
| time/                   |             |
|    fps                  | 236         |
|    iterations           | 31          |
|    time_elapsed         | 200         |
|    total_timesteps      | 224256      |
| train/                  |             |
|    approx_kl            | 0.000357508 |
|    clip_fraction        | 0.00547     |
|    clip_range           | 0.2         |
|    entropy_loss         | -0.0346     |
|    explained_variance   | 0.713       |
|    learning_rate        | 0.0003      |
|    loss                 | 958         |
|    n_updates            | 1450        |
|    policy_gradient_loss | -0.000941   |
|    value_loss           | 1.81e+03    |
-----------------------------------------
  step  225045/500000 ( 45.0%)  mean_rew=-0.007
-------------------------------------------
| time/                   |               |
|    fps                  | 241           |
|    iterations           | 32            |
|    time_elapsed         | 203           |
|    total_timesteps      | 225792        |
| train/                  |               |
|    approx_kl            | 0.00018390093 |
|    clip_fraction        | 6.51e-05      |
|    clip_range           | 0.2           |
|    entropy_loss         | -0.0344       |
|    explained_variance   | 0.704         |
|    learning_rate        | 0.0003        |
|    loss                 | 1.6e+03       |
|    n_updates            | 1460          |
|    policy_gradient_loss | -0.000135     |
|    value_loss           | 3.12e+03      |
-------------------------------------------
-------------------------------------------
| time/                   |               |
|    fps                  | 242           |
|    iterations           | 33            |
|    time_elapsed         | 208           |
|    total_timesteps      | 227328        |
| train/                  |               |
|    approx_kl            | 0.00018233348 |
|    clip_fraction        | 0.000651      |
|    clip_range           | 0.2           |
|    entropy_loss         | -0.0156       |
|    explained_variance   | 0.678         |
|    learning_rate        | 0.0003        |
|    loss                 | 198           |
|    n_updates            | 1470          |
|    policy_gradient_loss | -0.000771     |
|    value_loss           | 504           |
-------------------------------------------
------------------------------------------
| time/                   |              |
|    fps                  | 243          |
|    iterations           | 34           |
|    time_elapsed         | 214          |
|    total_timesteps      | 228864       |
| train/                  |              |
|    approx_kl            | 0.0006507768 |
|    clip_fraction        | 0.00749      |
|    clip_range           | 0.2          |
|    entropy_loss         | -0.0362      |
|    explained_variance   | 0.718        |
|    learning_rate        | 0.0003       |
|    loss                 | 730          |
|    n_updates            | 1480         |
|    policy_gradient_loss | -0.0015      |
|    value_loss           | 1.22e+03     |
------------------------------------------
  step  230046/500000 ( 46.0%)  mean_rew=-2.206
-------------------------------------------
| time/                   |               |
|    fps                  | 246           |
|    iterations           | 35            |
|    time_elapsed         | 218           |
|    total_timesteps      | 230400        |
| train/                  |               |
|    approx_kl            | 0.00034802928 |
|    clip_fraction        | 0.00482       |
|    clip_range           | 0.2           |
|    entropy_loss         | -0.0353       |
|    explained_variance   | 0.729         |
|    learning_rate        | 0.0003        |
|    loss                 | 978           |
|    n_updates            | 1490          |
|    policy_gradient_loss | -0.000463     |
|    value_loss           | 1.9e+03       |
-------------------------------------------
------------------------------------------
| time/                   |              |
|    fps                  | 249          |
|    iterations           | 36           |
|    time_elapsed         | 222          |
|    total_timesteps      | 231936       |
| train/                  |              |
|    approx_kl            | 0.0015394225 |
|    clip_fraction        | 0.0109       |
|    clip_range           | 0.2          |
|    entropy_loss         | -0.0338      |
|    explained_variance   | 0.763        |
|    learning_rate        | 0.0003       |
|    loss                 | 514          |
|    n_updates            | 1500         |
|    policy_gradient_loss | -0.00174     |
|    value_loss           | 1.31e+03     |
------------------------------------------
------------------------------------------
| time/                   |              |
|    fps                  | 250          |
|    iterations           | 37           |
|    time_elapsed         | 227          |
|    total_timesteps      | 233472       |
| train/                  |              |
|    approx_kl            | 0.0006716627 |
|    clip_fraction        | 0.00514      |
|    clip_range           | 0.2          |
|    entropy_loss         | -0.024       |
|    explained_variance   | 0.74         |
|    learning_rate        | 0.0003       |
|    loss                 | 299          |
|    n_updates            | 1510         |
|    policy_gradient_loss | -0.00156     |
|    value_loss           | 521          |
------------------------------------------
-------------------------------------------
| time/                   |               |
|    fps                  | 250           |
|    iterations           | 38            |
|    time_elapsed         | 232           |
|    total_timesteps      | 235008        |
| train/                  |               |
|    approx_kl            | 0.00048492677 |
|    clip_fraction        | 0.00273       |
|    clip_range           | 0.2           |
|    entropy_loss         | -0.0468       |
|    explained_variance   | 0.755         |
|    learning_rate        | 0.0003        |
|    loss                 | 982           |
|    n_updates            | 1520          |
|    policy_gradient_loss | -0.000252     |
|    value_loss           | 1.78e+03      |
-------------------------------------------
  step  235047/500000 ( 47.0%)  mean_rew=-2.827
-------------------------------------------
| time/                   |               |
|    fps                  | 254           |
|    iterations           | 39            |
|    time_elapsed         | 235           |
|    total_timesteps      | 236544        |
| train/                  |               |
|    approx_kl            | 7.2564776e-06 |
|    clip_fraction        | 0             |
|    clip_range           | 0.2           |
|    entropy_loss         | -0.0429       |
|    explained_variance   | 0.757         |
|    learning_rate        | 0.0003        |
|    loss                 | 1.02e+03      |
|    n_updates            | 1530          |
|    policy_gradient_loss | 2.18e-05      |
|    value_loss           | 1.82e+03      |
-------------------------------------------
-------------------------------------------
| time/                   |               |
|    fps                  | 255           |
|    iterations           | 40            |
|    time_elapsed         | 240           |
|    total_timesteps      | 238080        |
| train/                  |               |
|    approx_kl            | 0.00014123453 |
|    clip_fraction        | 0.00273       |
|    clip_range           | 0.2           |
|    entropy_loss         | -0.0219       |
|    explained_variance   | 0.732         |
|    learning_rate        | 0.0003        |
|    loss                 | 246           |
|    n_updates            | 1540          |
|    policy_gradient_loss | -0.00101      |
|    value_loss           | 502           |
-------------------------------------------
-------------------------------------------
| time/                   |               |
|    fps                  | 252           |
|    iterations           | 41            |
|    time_elapsed         | 249           |
|    total_timesteps      | 239616        |
| train/                  |               |
|    approx_kl            | 0.00055980444 |
|    clip_fraction        | 0.00352       |
|    clip_range           | 0.2           |
|    entropy_loss         | -0.0493       |
|    explained_variance   | 0.775         |
|    learning_rate        | 0.0003        |
|    loss                 | 848           |
|    n_updates            | 1550          |
|    policy_gradient_loss | -0.000136     |
|    value_loss           | 1.48e+03      |
-------------------------------------------
  step  240048/500000 ( 48.0%)  mean_rew=-0.354
-------------------------------------------
| time/                   |               |
|    fps                  | 252           |
|    iterations           | 42            |
|    time_elapsed         | 255           |
|    total_timesteps      | 241152        |
| train/                  |               |
|    approx_kl            | 0.00029506022 |
|    clip_fraction        | 0.00124       |
|    clip_range           | 0.2           |
|    entropy_loss         | -0.0363       |
|    explained_variance   | 0.755         |
|    learning_rate        | 0.0003        |
|    loss                 | 1.22e+03      |
|    n_updates            | 1560          |
|    policy_gradient_loss | -0.000216     |
|    value_loss           | 2.69e+03      |
-------------------------------------------
-------------------------------------------
| time/                   |               |
|    fps                  | 254           |
|    iterations           | 43            |
|    time_elapsed         | 259           |
|    total_timesteps      | 242688        |
| train/                  |               |
|    approx_kl            | 0.00012051089 |
|    clip_fraction        | 0             |
|    clip_range           | 0.2           |
|    entropy_loss         | -0.0486       |
|    explained_variance   | 0.819         |
|    learning_rate        | 0.0003        |
|    loss                 | 1.02e+03      |
|    n_updates            | 1570          |
|    policy_gradient_loss | -1.82e-05     |
|    value_loss           | 2.22e+03      |
-------------------------------------------
-------------------------------------------
| time/                   |               |
|    fps                  | 255           |
|    iterations           | 44            |
|    time_elapsed         | 264           |
|    total_timesteps      | 244224        |
| train/                  |               |
|    approx_kl            | 4.5173024e-06 |
|    clip_fraction        | 0             |
|    clip_range           | 0.2           |
|    entropy_loss         | -0.0127       |
|    explained_variance   | 0.737         |
|    learning_rate        | 0.0003        |
|    loss                 | 354           |
|    n_updates            | 1580          |
|    policy_gradient_loss | -5.9e-06      |
|    value_loss           | 639           |
-------------------------------------------
  step  245049/500000 ( 49.0%)  mean_rew=-1.503
-------------------------------------------
| time/                   |               |
|    fps                  | 255           |
|    iterations           | 45            |
|    time_elapsed         | 270           |
|    total_timesteps      | 245760        |
| train/                  |               |
|    approx_kl            | 0.00023101445 |
|    clip_fraction        | 0.000391      |
|    clip_range           | 0.2           |
|    entropy_loss         | -0.0435       |
|    explained_variance   | 0.775         |
|    learning_rate        | 0.0003        |
|    loss                 | 738           |
|    n_updates            | 1590          |
|    policy_gradient_loss | -5.26e-05     |
|    value_loss           | 1.68e+03      |
-------------------------------------------
-------------------------------------------
| time/                   |               |
|    fps                  | 259           |
|    iterations           | 46            |
|    time_elapsed         | 272           |
|    total_timesteps      | 247296        |
| train/                  |               |
|    approx_kl            | 0.00042846438 |
|    clip_fraction        | 0.0028        |
|    clip_range           | 0.2           |
|    entropy_loss         | -0.0514       |
|    explained_variance   | 0.775         |
|    learning_rate        | 0.0003        |
|    loss                 | 994           |
|    n_updates            | 1600          |
|    policy_gradient_loss | -0.000105     |
|    value_loss           | 1.8e+03       |
-------------------------------------------
------------------------------------------
| time/                   |              |
|    fps                  | 260          |
|    iterations           | 47           |
|    time_elapsed         | 277          |
|    total_timesteps      | 248832       |
| train/                  |              |
|    approx_kl            | 0.0005337425 |
|    clip_fraction        | 0.00697      |
|    clip_range           | 0.2          |
|    entropy_loss         | -0.0231      |
|    explained_variance   | 0.752        |
|    learning_rate        | 0.0003       |
|    loss                 | 290          |
|    n_updates            | 1610         |
|    policy_gradient_loss | -0.00252     |
|    value_loss           | 372          |
------------------------------------------
  step  250050/500000 ( 50.0%)  mean_rew=-5.000
------------------------------------------
| time/                   |              |
|    fps                  | 260          |
|    iterations           | 48           |
|    time_elapsed         | 282          |
|    total_timesteps      | 250368       |
| train/                  |              |
|    approx_kl            | 0.0007273916 |
|    clip_fraction        | 0.00736      |
|    clip_range           | 0.2          |
|    entropy_loss         | -0.0421      |
|    explained_variance   | 0.803        |
|    learning_rate        | 0.0003       |
|    loss                 | 783          |
|    n_updates            | 1620         |
|    policy_gradient_loss | -0.000747    |
|    value_loss           | 1.37e+03     |
------------------------------------------
------------------------------------------
| time/                   |              |
|    fps                  | 262          |
|    iterations           | 49           |
|    time_elapsed         | 286          |
|    total_timesteps      | 251904       |
| train/                  |              |
|    approx_kl            | 0.0002321843 |
|    clip_fraction        | 0.00573      |
|    clip_range           | 0.2          |
|    entropy_loss         | -0.0455      |
|    explained_variance   | 0.799        |
|    learning_rate        | 0.0003       |
|    loss                 | 902          |
|    n_updates            | 1630         |
|    policy_gradient_loss | -0.000579    |
|    value_loss           | 1.77e+03     |
------------------------------------------
------------------------------------------
| time/                   |              |
|    fps                  | 264          |
|    iterations           | 50           |
|    time_elapsed         | 290          |
|    total_timesteps      | 253440       |
| train/                  |              |
|    approx_kl            | 0.0006870332 |
|    clip_fraction        | 0.00749      |
|    clip_range           | 0.2          |
|    entropy_loss         | -0.0337      |
|    explained_variance   | 0.825        |
|    learning_rate        | 0.0003       |
|    loss                 | 504          |
|    n_updates            | 1640         |
|    policy_gradient_loss | -0.000996    |
|    value_loss           | 1.06e+03     |
------------------------------------------
------------------------------------------
| time/                   |              |
|    fps                  | 265          |
|    iterations           | 51           |
|    time_elapsed         | 295          |
|    total_timesteps      | 254976       |
| train/                  |              |
|    approx_kl            | 0.0007564879 |
|    clip_fraction        | 0.00501      |
|    clip_range           | 0.2          |
|    entropy_loss         | -0.0289      |
|    explained_variance   | 0.814        |
|    learning_rate        | 0.0003       |
|    loss                 | 296          |
|    n_updates            | 1650         |
|    policy_gradient_loss | -0.000899    |
|    value_loss           | 684          |
------------------------------------------
  step  255051/500000 ( 51.0%)  mean_rew=-0.009
------------------------------------------
| time/                   |              |
|    fps                  | 265          |
|    iterations           | 52           |
|    time_elapsed         | 300          |
|    total_timesteps      | 256512       |
| train/                  |              |
|    approx_kl            | 0.0004076415 |
|    clip_fraction        | 0.00371      |
|    clip_range           | 0.2          |
|    entropy_loss         | -0.0408      |
|    explained_variance   | 0.805        |
|    learning_rate        | 0.0003       |
|    loss                 | 837          |
|    n_updates            | 1660         |
|    policy_gradient_loss | -0.000344    |
|    value_loss           | 1.77e+03     |
------------------------------------------
-------------------------------------------
| time/                   |               |
|    fps                  | 266           |
|    iterations           | 53            |
|    time_elapsed         | 304           |
|    total_timesteps      | 258048        |
| train/                  |               |
|    approx_kl            | 0.00028887417 |
|    clip_fraction        | 0.000195      |
|    clip_range           | 0.2           |
|    entropy_loss         | -0.0463       |
|    explained_variance   | 0.858         |
|    learning_rate        | 0.0003        |
|    loss                 | 936           |
|    n_updates            | 1670          |
|    policy_gradient_loss | -8.73e-05     |
|    value_loss           | 1.61e+03      |
-------------------------------------------
-------------------------------------------
| time/                   |               |
|    fps                  | 266           |
|    iterations           | 54            |
|    time_elapsed         | 311           |
|    total_timesteps      | 259584        |
| train/                  |               |
|    approx_kl            | 1.8303981e-05 |
|    clip_fraction        | 0             |
|    clip_range           | 0.2           |
|    entropy_loss         | -0.0415       |
|    explained_variance   | 0.799         |
|    learning_rate        | 0.0003        |
|    loss                 | 622           |
|    n_updates            | 1680          |
|    policy_gradient_loss | 6.24e-06      |
|    value_loss           | 1.51e+03      |
-------------------------------------------
  step  260052/500000 ( 52.0%)  mean_rew=-0.537
------------------------------------------
| time/                   |              |
|    fps                  | 266          |
|    iterations           | 55           |
|    time_elapsed         | 316          |
|    total_timesteps      | 261120       |
| train/                  |              |
|    approx_kl            | 6.591048e-05 |
|    clip_fraction        | 0.000781     |
|    clip_range           | 0.2          |
|    entropy_loss         | -0.0135      |
|    explained_variance   | 0.821        |
|    learning_rate        | 0.0003       |
|    loss                 | 627          |
|    n_updates            | 1690         |
|    policy_gradient_loss | -0.000172    |
|    value_loss           | 1.39e+03     |
------------------------------------------
------------------------------------------
| time/                   |              |
|    fps                  | 268          |
|    iterations           | 56           |
|    time_elapsed         | 320          |
|    total_timesteps      | 262656       |
| train/                  |              |
|    approx_kl            | 3.594525e-05 |
|    clip_fraction        | 0            |
|    clip_range           | 0.2          |
|    entropy_loss         | -0.0473      |
|    explained_variance   | 0.817        |
|    learning_rate        | 0.0003       |
|    loss                 | 1.03e+03     |
|    n_updates            | 1700         |
|    policy_gradient_loss | 3.33e-05     |
|    value_loss           | 1.81e+03     |
------------------------------------------
-------------------------------------------
| time/                   |               |
|    fps                  | 269           |
|    iterations           | 57            |
|    time_elapsed         | 324           |
|    total_timesteps      | 264192        |
| train/                  |               |
|    approx_kl            | 0.00030448602 |
|    clip_fraction        | 0.00365       |
|    clip_range           | 0.2           |
|    entropy_loss         | -0.024        |
|    explained_variance   | 0.843         |
|    learning_rate        | 0.0003        |
|    loss                 | 360           |
|    n_updates            | 1710          |
|    policy_gradient_loss | -0.000449     |
|    value_loss           | 953           |
-------------------------------------------
  step  265053/500000 ( 53.0%)  mean_rew=-5.000
-------------------------------------------
| time/                   |               |
|    fps                  | 270           |
|    iterations           | 58            |
|    time_elapsed         | 329           |
|    total_timesteps      | 265728        |
| train/                  |               |
|    approx_kl            | 0.00020910485 |
|    clip_fraction        | 0.00202       |
|    clip_range           | 0.2           |
|    entropy_loss         | -0.0275       |
|    explained_variance   | 0.839         |
|    learning_rate        | 0.0003        |
|    loss                 | 319           |
|    n_updates            | 1720          |
|    policy_gradient_loss | 9.46e-05      |
|    value_loss           | 784           |
-------------------------------------------
-------------------------------------------
| time/                   |               |
|    fps                  | 271           |
|    iterations           | 59            |
|    time_elapsed         | 334           |
|    total_timesteps      | 267264        |
| train/                  |               |
|    approx_kl            | 0.00032262856 |
|    clip_fraction        | 0.00423       |
|    clip_range           | 0.2           |
|    entropy_loss         | -0.0468       |
|    explained_variance   | 0.82          |
|    learning_rate        | 0.0003        |
|    loss                 | 765           |
|    n_updates            | 1730          |
|    policy_gradient_loss | -0.00017      |
|    value_loss           | 1.7e+03       |
-------------------------------------------
------------------------------------------
| time/                   |              |
|    fps                  | 273          |
|    iterations           | 60           |
|    time_elapsed         | 337          |
|    total_timesteps      | 268800       |
| train/                  |              |
|    approx_kl            | 0.0009808972 |
|    clip_fraction        | 0.00527      |
|    clip_range           | 0.2          |
|    entropy_loss         | -0.0477      |
|    explained_variance   | 0.873        |
|    learning_rate        | 0.0003       |
|    loss                 | 780          |
|    n_updates            | 1740         |
|    policy_gradient_loss | -0.00056     |
|    value_loss           | 1.48e+03     |
------------------------------------------
  step  270054/500000 ( 54.0%)  mean_rew=-0.007
-------------------------------------------
| time/                   |               |
|    fps                  | 273           |
|    iterations           | 61            |
|    time_elapsed         | 342           |
|    total_timesteps      | 270336        |
| train/                  |               |
|    approx_kl            | 0.00041055752 |
|    clip_fraction        | 0.00313       |
|    clip_range           | 0.2           |
|    entropy_loss         | -0.0282       |
|    explained_variance   | 0.713         |
|    learning_rate        | 0.0003        |
|    loss                 | 162           |
|    n_updates            | 1750          |
|    policy_gradient_loss | -0.000343     |
|    value_loss           | 552           |
-------------------------------------------
-------------------------------------------
| time/                   |               |
|    fps                  | 273           |
|    iterations           | 62            |
|    time_elapsed         | 347           |
|    total_timesteps      | 271872        |
| train/                  |               |
|    approx_kl            | 6.4202584e-05 |
|    clip_fraction        | 0.00013       |
|    clip_range           | 0.2           |
|    entropy_loss         | -0.0437       |
|    explained_variance   | 0.835         |
|    learning_rate        | 0.0003        |
|    loss                 | 792           |
|    n_updates            | 1760          |
|    policy_gradient_loss | -7.14e-06     |
|    value_loss           | 1.55e+03      |
-------------------------------------------
-------------------------------------------
| time/                   |               |
|    fps                  | 275           |
|    iterations           | 63            |
|    time_elapsed         | 351           |
|    total_timesteps      | 273408        |
| train/                  |               |
|    approx_kl            | 0.00034603223 |
|    clip_fraction        | 0.00755       |
|    clip_range           | 0.2           |
|    entropy_loss         | -0.0528       |
|    explained_variance   | 0.825         |
|    learning_rate        | 0.0003        |
|    loss                 | 879           |
|    n_updates            | 1770          |
|    policy_gradient_loss | -0.000865     |
|    value_loss           | 1.77e+03      |
-------------------------------------------
--------------------------------------------
| time/                   |                |
|    fps                  | 276            |
|    iterations           | 64             |
|    time_elapsed         | 356            |
|    total_timesteps      | 274944         |
| train/                  |                |
|    approx_kl            | 0.000119217555 |
|    clip_fraction        | 0.00163        |
|    clip_range           | 0.2            |
|    entropy_loss         | -0.0231        |
|    explained_variance   | 0.85           |
|    learning_rate        | 0.0003         |
|    loss                 | 389            |
|    n_updates            | 1780           |
|    policy_gradient_loss | -0.000341      |
|    value_loss           | 848            |
--------------------------------------------
  step  275055/500000 ( 55.0%)  mean_rew=-3.726
------------------------------------------
| time/                   |              |
|    fps                  | 274          |
|    iterations           | 65           |
|    time_elapsed         | 364          |
|    total_timesteps      | 276480       |
| train/                  |              |
|    approx_kl            | 0.0006697457 |
|    clip_fraction        | 0.00931      |
|    clip_range           | 0.2          |
|    entropy_loss         | -0.0543      |
|    explained_variance   | 0.834        |
|    learning_rate        | 0.0003       |
|    loss                 | 638          |
|    n_updates            | 1790         |
|    policy_gradient_loss | -0.000834    |
|    value_loss           | 1.37e+03     |
------------------------------------------
------------------------------------------
| time/                   |              |
|    fps                  | 274          |
|    iterations           | 66           |
|    time_elapsed         | 368          |
|    total_timesteps      | 278016       |
| train/                  |              |
|    approx_kl            | 0.0002121012 |
|    clip_fraction        | 0            |
|    clip_range           | 0.2          |
|    entropy_loss         | -0.0501      |
|    explained_variance   | 0.83         |
|    learning_rate        | 0.0003       |
|    loss                 | 951          |
|    n_updates            | 1800         |
|    policy_gradient_loss | -9.49e-06    |
|    value_loss           | 2.12e+03     |
------------------------------------------
-------------------------------------------
| time/                   |               |
|    fps                  | 276           |
|    iterations           | 67            |
|    time_elapsed         | 371           |
|    total_timesteps      | 279552        |
| train/                  |               |
|    approx_kl            | 6.0709583e-05 |
|    clip_fraction        | 0             |
|    clip_range           | 0.2           |
|    entropy_loss         | -0.0436       |
|    explained_variance   | 0.881         |
|    learning_rate        | 0.0003        |
|    loss                 | 549           |
|    n_updates            | 1810          |
|    policy_gradient_loss | -0.000114     |
|    value_loss           | 1.31e+03      |
-------------------------------------------
  step  280056/500000 ( 56.0%)  mean_rew=-5.000
-------------------------------------------
| time/                   |               |
|    fps                  | 276           |
|    iterations           | 68            |
|    time_elapsed         | 377           |
|    total_timesteps      | 281088        |
| train/                  |               |
|    approx_kl            | 0.00024425876 |
|    clip_fraction        | 0.00189       |
|    clip_range           | 0.2           |
|    entropy_loss         | -0.031        |
|    explained_variance   | 0.754         |
|    learning_rate        | 0.0003        |
|    loss                 | 132           |
|    n_updates            | 1820          |
|    policy_gradient_loss | 5.1e-05       |
|    value_loss           | 621           |
-------------------------------------------
------------------------------------------
| time/                   |              |
|    fps                  | 274          |
|    iterations           | 69           |
|    time_elapsed         | 386          |
|    total_timesteps      | 282624       |
| train/                  |              |
|    approx_kl            | 0.0005503189 |
|    clip_fraction        | 0.00768      |
|    clip_range           | 0.2          |
|    entropy_loss         | -0.0571      |
|    explained_variance   | 0.837        |
|    learning_rate        | 0.0003       |
|    loss                 | 923          |
|    n_updates            | 1830         |
|    policy_gradient_loss | -0.000585    |
|    value_loss           | 1.71e+03     |
------------------------------------------
-------------------------------------------
| time/                   |               |
|    fps                  | 274           |
|    iterations           | 70            |
|    time_elapsed         | 392           |
|    total_timesteps      | 284160        |
| train/                  |               |
|    approx_kl            | 0.00057767343 |
|    clip_fraction        | 0.00182       |
|    clip_range           | 0.2           |
|    entropy_loss         | -0.064        |
|    explained_variance   | 0.803         |
|    learning_rate        | 0.0003        |
|    loss                 | 1.13e+03      |
|    n_updates            | 1840          |
|    policy_gradient_loss | -0.000131     |
|    value_loss           | 2.41e+03      |
-------------------------------------------
  step  285057/500000 ( 57.0%)  mean_rew=-0.007
------------------------------------------
| time/                   |              |
|    fps                  | 274          |
|    iterations           | 71           |
|    time_elapsed         | 397          |
|    total_timesteps      | 285696       |
| train/                  |              |
|    approx_kl            | 0.0012222644 |
|    clip_fraction        | 0.0122       |
|    clip_range           | 0.2          |
|    entropy_loss         | -0.0674      |
|    explained_variance   | 0.878        |
|    learning_rate        | 0.0003       |
|    loss                 | 733          |
|    n_updates            | 1850         |
|    policy_gradient_loss | -0.000698    |
|    value_loss           | 1.55e+03     |
------------------------------------------
-----------------------------------------
| time/                   |             |
|    fps                  | 274         |
|    iterations           | 72          |
|    time_elapsed         | 403         |
|    total_timesteps      | 287232      |
| train/                  |             |
|    approx_kl            | 0.011662218 |
|    clip_fraction        | 0.00579     |
|    clip_range           | 0.2         |
|    entropy_loss         | -0.0448     |
|    explained_variance   | 0.834       |
|    learning_rate        | 0.0003      |
|    loss                 | 509         |
|    n_updates            | 1860        |
|    policy_gradient_loss | -0.00213    |
|    value_loss           | 1.01e+03    |
-----------------------------------------
-------------------------------------------
| time/                   |               |
|    fps                  | 272           |
|    iterations           | 73            |
|    time_elapsed         | 410           |
|    total_timesteps      | 288768        |
| train/                  |               |
|    approx_kl            | 0.00029059348 |
|    clip_fraction        | 0.00977       |
|    clip_range           | 0.2           |
|    entropy_loss         | -0.11         |
|    explained_variance   | 0.829         |
|    learning_rate        | 0.0003        |
|    loss                 | 806           |
|    n_updates            | 1870          |
|    policy_gradient_loss | -0.000281     |
|    value_loss           | 1.72e+03      |
-------------------------------------------
  step  290058/500000 ( 58.0%)  mean_rew=-0.006
-------------------------------------------
| time/                   |               |
|    fps                  | 274           |
|    iterations           | 74            |
|    time_elapsed         | 414           |
|    total_timesteps      | 290304        |
| train/                  |               |
|    approx_kl            | 0.00069441716 |
|    clip_fraction        | 0.00182       |
|    clip_range           | 0.2           |
|    entropy_loss         | -0.149        |
|    explained_variance   | 0.899         |
|    learning_rate        | 0.0003        |
|    loss                 | 984           |
|    n_updates            | 1880          |
|    policy_gradient_loss | -0.000157     |
|    value_loss           | 1.93e+03      |
-------------------------------------------
-------------------------------------------
| time/                   |               |
|    fps                  | 274           |
|    iterations           | 75            |
|    time_elapsed         | 419           |
|    total_timesteps      | 291840        |
| train/                  |               |
|    approx_kl            | 0.00058540894 |
|    clip_fraction        | 0.00345       |
|    clip_range           | 0.2           |
|    entropy_loss         | -0.0686       |
|    explained_variance   | 0.738         |
|    learning_rate        | 0.0003        |
|    loss                 | 259           |
|    n_updates            | 1890          |
|    policy_gradient_loss | 0.000727      |
|    value_loss           | 746           |
-------------------------------------------
-------------------------------------------
| time/                   |               |
|    fps                  | 272           |
|    iterations           | 76            |
|    time_elapsed         | 428           |
|    total_timesteps      | 293376        |
| train/                  |               |
|    approx_kl            | 0.00061651855 |
|    clip_fraction        | 0.0109        |
|    clip_range           | 0.2           |
|    entropy_loss         | -0.131        |
|    explained_variance   | 0.833         |
|    learning_rate        | 0.0003        |
|    loss                 | 847           |
|    n_updates            | 1900          |
|    policy_gradient_loss | -0.000919     |
|    value_loss           | 1.71e+03      |
-------------------------------------------
------------------------------------------
| time/                   |              |
|    fps                  | 274          |
|    iterations           | 77           |
|    time_elapsed         | 431          |
|    total_timesteps      | 294912       |
| train/                  |              |
|    approx_kl            | 0.0013735294 |
|    clip_fraction        | 0.021        |
|    clip_range           | 0.2          |
|    entropy_loss         | -0.16        |
|    explained_variance   | 0.793        |
|    learning_rate        | 0.0003       |
|    loss                 | 1.16e+03     |
|    n_updates            | 1910         |
|    policy_gradient_loss | -0.00111     |
|    value_loss           | 2.34e+03     |
------------------------------------------
  step  295059/500000 ( 59.0%)  mean_rew=-4.811
-------------------------------------------
| time/                   |               |
|    fps                  | 274           |
|    iterations           | 78            |
|    time_elapsed         | 436           |
|    total_timesteps      | 296448        |
| train/                  |               |
|    approx_kl            | 8.0082835e-05 |
|    clip_fraction        | 0.000391      |
|    clip_range           | 0.2           |
|    entropy_loss         | -0.0723       |
|    explained_variance   | 0.783         |
|    learning_rate        | 0.0003        |
|    loss                 | 337           |
|    n_updates            | 1920          |
|    policy_gradient_loss | -1.82e-05     |
|    value_loss           | 661           |
-------------------------------------------
------------------------------------------
| time/                   |              |
|    fps                  | 274          |
|    iterations           | 79           |
|    time_elapsed         | 441          |
|    total_timesteps      | 297984       |
| train/                  |              |
|    approx_kl            | 0.0001019825 |
|    clip_fraction        | 0.013        |
|    clip_range           | 0.2          |
|    entropy_loss         | -0.115       |
|    explained_variance   | 0.851        |
|    learning_rate        | 0.0003       |
|    loss                 | 627          |
|    n_updates            | 1930         |
|    policy_gradient_loss | -0.000692    |
|    value_loss           | 1.09e+03     |
------------------------------------------
------------------------------------------
| time/                   |              |
|    fps                  | 275          |
|    iterations           | 80           |
|    time_elapsed         | 445          |
|    total_timesteps      | 299520       |
| train/                  |              |
|    approx_kl            | 0.0015933975 |
|    clip_fraction        | 0.0202       |
|    clip_range           | 0.2          |
|    entropy_loss         | -0.131       |
|    explained_variance   | 0.831        |
|    learning_rate        | 0.0003       |
|    loss                 | 641          |
|    n_updates            | 1940         |
|    policy_gradient_loss | -0.000877    |
|    value_loss           | 1.76e+03     |
------------------------------------------
  step  300060/500000 ( 60.0%)  mean_rew=-0.482
-------------------------------------------
| time/                   |               |
|    fps                  | 275           |
|    iterations           | 81            |
|    time_elapsed         | 451           |
|    total_timesteps      | 301056        |
| train/                  |               |
|    approx_kl            | 0.00045363404 |
|    clip_fraction        | 0.00924       |
|    clip_range           | 0.2           |
|    entropy_loss         | -0.0891       |
|    explained_variance   | 0.885         |
|    learning_rate        | 0.0003        |
|    loss                 | 805           |
|    n_updates            | 1950          |
|    policy_gradient_loss | -0.00139      |
|    value_loss           | 1.1e+03       |
-------------------------------------------
-----------------------------------------
| time/                   |             |
|    fps                  | 273         |
|    iterations           | 82          |
|    time_elapsed         | 460         |
|    total_timesteps      | 302592      |
| train/                  |             |
|    approx_kl            | 0.002862335 |
|    clip_fraction        | 0.0191      |
|    clip_range           | 0.2         |
|    entropy_loss         | -0.203      |
|    explained_variance   | 0.819       |
|    learning_rate        | 0.0003      |
|    loss                 | 1.13e+03    |
|    n_updates            | 1960        |
|    policy_gradient_loss | -0.00148    |
|    value_loss           | 2.06e+03    |
-----------------------------------------
  Stage 3 saved -> cologne3_ppo_stage3_75pct.zip

────────────────────────────────────────────────────────────
  Stage 4/4  100% demand  200000 steps  (cumulative -> 500000)
  Route: cologne3_rand_100pct.rou.xml
────────────────────────────────────────────────────────────
-------------------------------
| time/              |        |
|    fps             | 373    |
|    iterations      | 1      |
|    time_elapsed    | 4      |
|    total_timesteps | 304128 |
-------------------------------
  step  305061/500000 ( 61.0%)  mean_rew=-0.010
-------------------------------------------
| time/                   |               |
|    fps                  | 238           |
|    iterations           | 2             |
|    time_elapsed         | 12            |
|    total_timesteps      | 305664        |
| train/                  |               |
|    approx_kl            | 0.00032511272 |
|    clip_fraction        | 0             |
|    clip_range           | 0.2           |
|    entropy_loss         | -0.0891       |
|    explained_variance   | 0.879         |
|    learning_rate        | 0.0003        |
|    loss                 | 560           |
|    n_updates            | 1980          |
|    policy_gradient_loss | -8.68e-05     |
|    value_loss           | 1.18e+03      |
-------------------------------------------
-----------------------------------------
| time/                   |             |
|    fps                  | 182         |
|    iterations           | 3           |
|    time_elapsed         | 25          |
|    total_timesteps      | 307200      |
| train/                  |             |
|    approx_kl            | 0.001085667 |
|    clip_fraction        | 0.00625     |
|    clip_range           | 0.2         |
|    entropy_loss         | -0.194      |
|    explained_variance   | 0.81        |
|    learning_rate        | 0.0003      |
|    loss                 | 1.22e+03    |
|    n_updates            | 1990        |
|    policy_gradient_loss | -0.000289   |
|    value_loss           | 2.17e+03    |
-----------------------------------------
-----------------------------------------
| time/                   |             |
|    fps                  | 173         |
|    iterations           | 4           |
|    time_elapsed         | 35          |
|    total_timesteps      | 308736      |
| train/                  |             |
|    approx_kl            | 0.001678716 |
|    clip_fraction        | 0.0294      |
|    clip_range           | 0.2         |
|    entropy_loss         | -0.252      |
|    explained_variance   | 0.791       |
|    learning_rate        | 0.0003      |
|    loss                 | 888         |
|    n_updates            | 2000        |
|    policy_gradient_loss | -0.0014     |
|    value_loss           | 2.14e+03    |
-----------------------------------------
  step  310062/500000 ( 62.0%)  mean_rew=-0.903
-----------------------------------------
| time/                   |             |
|    fps                  | 182         |
|    iterations           | 5           |
|    time_elapsed         | 42          |
|    total_timesteps      | 310272      |
| train/                  |             |
|    approx_kl            | 0.001606474 |
|    clip_fraction        | 0.0132      |
|    clip_range           | 0.2         |
|    entropy_loss         | -0.203      |
|    explained_variance   | 0.91        |
|    learning_rate        | 0.0003      |
|    loss                 | 946         |
|    n_updates            | 2010        |
|    policy_gradient_loss | -0.000389   |
|    value_loss           | 2.03e+03    |
-----------------------------------------
------------------------------------------
| time/                   |              |
|    fps                  | 181          |
|    iterations           | 6            |
|    time_elapsed         | 50           |
|    total_timesteps      | 311808       |
| train/                  |              |
|    approx_kl            | 0.0012115905 |
|    clip_fraction        | 0.00449      |
|    clip_range           | 0.2          |
|    entropy_loss         | -0.118       |
|    explained_variance   | 0.762        |
|    learning_rate        | 0.0003       |
|    loss                 | 688          |
|    n_updates            | 2020         |
|    policy_gradient_loss | -7.22e-05    |
|    value_loss           | 1.58e+03     |
------------------------------------------
-----------------------------------------
| time/                   |             |
|    fps                  | 171         |
|    iterations           | 7           |
|    time_elapsed         | 62          |
|    total_timesteps      | 313344      |
| train/                  |             |
|    approx_kl            | 0.002091408 |
|    clip_fraction        | 0.0198      |
|    clip_range           | 0.2         |
|    entropy_loss         | -0.196      |
|    explained_variance   | 0.811       |
|    learning_rate        | 0.0003      |
|    loss                 | 1.01e+03    |
|    n_updates            | 2030        |
|    policy_gradient_loss | -0.00112    |
|    value_loss           | 2.11e+03    |
-----------------------------------------
------------------------------------------
| time/                   |              |
|    fps                  | 172          |
|    iterations           | 8            |
|    time_elapsed         | 71           |
|    total_timesteps      | 314880       |
| train/                  |              |
|    approx_kl            | 0.0014086241 |
|    clip_fraction        | 0.0267       |
|    clip_range           | 0.2          |
|    entropy_loss         | -0.264       |
|    explained_variance   | 0.886        |
|    learning_rate        | 0.0003       |
|    loss                 | 834          |
|    n_updates            | 2040         |
|    policy_gradient_loss | -0.00159     |
|    value_loss           | 1.94e+03     |
------------------------------------------
  step  315063/500000 ( 63.0%)  mean_rew=-5.000
------------------------------------------
| time/                   |              |
|    fps                  | 168          |
|    iterations           | 9            |
|    time_elapsed         | 81           |
|    total_timesteps      | 316416       |
| train/                  |              |
|    approx_kl            | 0.0011841956 |
|    clip_fraction        | 0.00449      |
|    clip_range           | 0.2          |
|    entropy_loss         | -0.166       |
|    explained_variance   | 0.768        |
|    learning_rate        | 0.0003       |
|    loss                 | 988          |
|    n_updates            | 2050         |
|    policy_gradient_loss | -0.000135    |
|    value_loss           | 2.28e+03     |
------------------------------------------
-------------------------------------------
| time/                   |               |
|    fps                  | 162           |
|    iterations           | 10            |
|    time_elapsed         | 94            |
|    total_timesteps      | 317952        |
| train/                  |               |
|    approx_kl            | 0.00082575664 |
|    clip_fraction        | 0.0211        |
|    clip_range           | 0.2           |
|    entropy_loss         | -0.19         |
|    explained_variance   | 0.746         |
|    learning_rate        | 0.0003        |
|    loss                 | 1.28e+03      |
|    n_updates            | 2060          |
|    policy_gradient_loss | -0.00188      |
|    value_loss           | 2.22e+03      |
-------------------------------------------
------------------------------------------
| time/                   |              |
|    fps                  | 162          |
|    iterations           | 11           |
|    time_elapsed         | 103          |
|    total_timesteps      | 319488       |
| train/                  |              |
|    approx_kl            | 0.0016944328 |
|    clip_fraction        | 0.0126       |
|    clip_range           | 0.2          |
|    entropy_loss         | -0.2         |
|    explained_variance   | 0.709        |
|    learning_rate        | 0.0003       |
|    loss                 | 686          |
|    n_updates            | 2070         |
|    policy_gradient_loss | -0.000571    |
|    value_loss           | 2.14e+03     |
------------------------------------------
  step  320064/500000 ( 64.0%)  mean_rew=-0.210
-------------------------------------------
| time/                   |               |
|    fps                  | 162           |
|    iterations           | 12            |
|    time_elapsed         | 113           |
|    total_timesteps      | 321024        |
| train/                  |               |
|    approx_kl            | 0.00028831628 |
|    clip_fraction        | 0.00534       |
|    clip_range           | 0.2           |
|    entropy_loss         | -0.203        |
|    explained_variance   | 0.9           |
|    learning_rate        | 0.0003        |
|    loss                 | 769           |
|    n_updates            | 2080          |
|    policy_gradient_loss | -0.00103      |
|    value_loss           | 1.71e+03      |
-------------------------------------------
------------------------------------------
| time/                   |              |
|    fps                  | 161          |
|    iterations           | 13           |
|    time_elapsed         | 123          |
|    total_timesteps      | 322560       |
| train/                  |              |
|    approx_kl            | 0.0010420376 |
|    clip_fraction        | 0.00905      |
|    clip_range           | 0.2          |
|    entropy_loss         | -0.185       |
|    explained_variance   | 0.754        |
|    learning_rate        | 0.0003       |
|    loss                 | 1.25e+03     |
|    n_updates            | 2090         |
|    policy_gradient_loss | -0.000963    |
|    value_loss           | 2.17e+03     |
------------------------------------------
------------------------------------------
| time/                   |              |
|    fps                  | 158          |
|    iterations           | 14           |
|    time_elapsed         | 135          |
|    total_timesteps      | 324096       |
| train/                  |              |
|    approx_kl            | 0.0003863403 |
|    clip_fraction        | 0.0132       |
|    clip_range           | 0.2          |
|    entropy_loss         | -0.19        |
|    explained_variance   | 0.793        |
|    learning_rate        | 0.0003       |
|    loss                 | 738          |
|    n_updates            | 2100         |
|    policy_gradient_loss | 0.0003       |
|    value_loss           | 1.92e+03     |
------------------------------------------
  step  325065/500000 ( 65.0%)  mean_rew=-4.137
------------------------------------------
| time/                   |              |
|    fps                  | 160          |
|    iterations           | 15           |
|    time_elapsed         | 143          |
|    total_timesteps      | 325632       |
| train/                  |              |
|    approx_kl            | 0.0021188715 |
|    clip_fraction        | 0.0178       |
|    clip_range           | 0.2          |
|    entropy_loss         | -0.235       |
|    explained_variance   | 0.883        |
|    learning_rate        | 0.0003       |
|    loss                 | 776          |
|    n_updates            | 2110         |
|    policy_gradient_loss | -0.000946    |
|    value_loss           | 1.73e+03     |
------------------------------------------
-------------------------------------------
| time/                   |               |
|    fps                  | 159           |
|    iterations           | 16            |
|    time_elapsed         | 153           |
|    total_timesteps      | 327168        |
| train/                  |               |
|    approx_kl            | 0.00012327456 |
|    clip_fraction        | 0.00755       |
|    clip_range           | 0.2           |
|    entropy_loss         | -0.169        |
|    explained_variance   | 0.759         |
|    learning_rate        | 0.0003        |
|    loss                 | 1.11e+03      |
|    n_updates            | 2120          |
|    policy_gradient_loss | -0.000323     |
|    value_loss           | 2.08e+03      |
-------------------------------------------
-------------------------------------------
| time/                   |               |
|    fps                  | 156           |
|    iterations           | 17            |
|    time_elapsed         | 166           |
|    total_timesteps      | 328704        |
| train/                  |               |
|    approx_kl            | 0.00082753244 |
|    clip_fraction        | 0.00547       |
|    clip_range           | 0.2           |
|    entropy_loss         | -0.182        |
|    explained_variance   | 0.722         |
|    learning_rate        | 0.0003        |
|    loss                 | 1.07e+03      |
|    n_updates            | 2130          |
|    policy_gradient_loss | -0.000323     |
|    value_loss           | 2.22e+03      |
-------------------------------------------
  step  330066/500000 ( 66.0%)  mean_rew=-5.000
-------------------------------------------
| time/                   |               |
|    fps                  | 159           |
|    iterations           | 18            |
|    time_elapsed         | 173           |
|    total_timesteps      | 330240        |
| train/                  |               |
|    approx_kl            | 0.00078284275 |
|    clip_fraction        | 0.0245        |
|    clip_range           | 0.2           |
|    entropy_loss         | -0.228        |
|    explained_variance   | 0.678         |
|    learning_rate        | 0.0003        |
|    loss                 | 867           |
|    n_updates            | 2140          |
|    policy_gradient_loss | -0.000962     |
|    value_loss           | 2.12e+03      |
-------------------------------------------
------------------------------------------
| time/                   |              |
|    fps                  | 162          |
|    iterations           | 19           |
|    time_elapsed         | 179          |
|    total_timesteps      | 331776       |
| train/                  |              |
|    approx_kl            | 0.0010831385 |
|    clip_fraction        | 0.00605      |
|    clip_range           | 0.2          |
|    entropy_loss         | -0.145       |
|    explained_variance   | 0.875        |
|    learning_rate        | 0.0003       |
|    loss                 | 635          |
|    n_updates            | 2150         |
|    policy_gradient_loss | -0.000896    |
|    value_loss           | 1.36e+03     |
------------------------------------------
------------------------------------------
| time/                   |              |
|    fps                  | 163          |
|    iterations           | 20           |
|    time_elapsed         | 188          |
|    total_timesteps      | 333312       |
| train/                  |              |
|    approx_kl            | 0.0009755798 |
|    clip_fraction        | 0.0108       |
|    clip_range           | 0.2          |
|    entropy_loss         | -0.162       |
|    explained_variance   | 0.807        |
|    learning_rate        | 0.0003       |
|    loss                 | 1.11e+03     |
|    n_updates            | 2160         |
|    policy_gradient_loss | -2.48e-05    |
|    value_loss           | 1.7e+03      |
------------------------------------------
-------------------------------------------
| time/                   |               |
|    fps                  | 161           |
|    iterations           | 21            |
|    time_elapsed         | 199           |
|    total_timesteps      | 334848        |
| train/                  |               |
|    approx_kl            | 0.00045732164 |
|    clip_fraction        | 0.00443       |
|    clip_range           | 0.2           |
|    entropy_loss         | -0.226        |
|    explained_variance   | 0.816         |
|    learning_rate        | 0.0003        |
|    loss                 | 836           |
|    n_updates            | 2170          |
|    policy_gradient_loss | 0.00017       |
|    value_loss           | 2.07e+03      |
-------------------------------------------
  step  335067/500000 ( 67.0%)  mean_rew=-3.128
-----------------------------------------
| time/                   |             |
|    fps                  | 162         |
|    iterations           | 22          |
|    time_elapsed         | 207         |
|    total_timesteps      | 336384      |
| train/                  |             |
|    approx_kl            | 0.002149867 |
|    clip_fraction        | 0.0212      |
|    clip_range           | 0.2         |
|    entropy_loss         | -0.313      |
|    explained_variance   | 0.826       |
|    learning_rate        | 0.0003      |
|    loss                 | 719         |
|    n_updates            | 2180        |
|    policy_gradient_loss | -0.000613   |
|    value_loss           | 1.63e+03    |
-----------------------------------------
------------------------------------------
| time/                   |              |
|    fps                  | 162          |
|    iterations           | 23           |
|    time_elapsed         | 217          |
|    total_timesteps      | 337920       |
| train/                  |              |
|    approx_kl            | 0.0023878252 |
|    clip_fraction        | 0.0508       |
|    clip_range           | 0.2          |
|    entropy_loss         | -0.21        |
|    explained_variance   | 0.715        |
|    learning_rate        | 0.0003       |
|    loss                 | 849          |
|    n_updates            | 2190         |
|    policy_gradient_loss | -0.00181     |
|    value_loss           | 2.19e+03     |
------------------------------------------
------------------------------------------
| time/                   |              |
|    fps                  | 160          |
|    iterations           | 24           |
|    time_elapsed         | 229          |
|    total_timesteps      | 339456       |
| train/                  |              |
|    approx_kl            | 0.0012784208 |
|    clip_fraction        | 0.0241       |
|    clip_range           | 0.2          |
|    entropy_loss         | -0.163       |
|    explained_variance   | 0.778        |
|    learning_rate        | 0.0003       |
|    loss                 | 1.35e+03     |
|    n_updates            | 2200         |
|    policy_gradient_loss | -0.00235     |
|    value_loss           | 2.01e+03     |
------------------------------------------
  step  340068/500000 ( 68.0%)  mean_rew=-4.780
-----------------------------------------
| time/                   |             |
|    fps                  | 160         |
|    iterations           | 25          |
|    time_elapsed         | 239         |
|    total_timesteps      | 340992      |
| train/                  |             |
|    approx_kl            | 0.002188082 |
|    clip_fraction        | 0.0152      |
|    clip_range           | 0.2         |
|    entropy_loss         | -0.239      |
|    explained_variance   | 0.655       |
|    learning_rate        | 0.0003      |
|    loss                 | 878         |
|    n_updates            | 2210        |
|    policy_gradient_loss | -0.000537   |
|    value_loss           | 2.17e+03    |
-----------------------------------------
-------------------------------------------
| time/                   |               |
|    fps                  | 159           |
|    iterations           | 26            |
|    time_elapsed         | 250           |
|    total_timesteps      | 342528        |
| train/                  |               |
|    approx_kl            | 0.00010330556 |
|    clip_fraction        | 0.000586      |
|    clip_range           | 0.2           |
|    entropy_loss         | -0.186        |
|    explained_variance   | 0.91          |
|    learning_rate        | 0.0003        |
|    loss                 | 766           |
|    n_updates            | 2220          |
|    policy_gradient_loss | -6.29e-05     |
|    value_loss           | 1.51e+03      |
-------------------------------------------
------------------------------------------
| time/                   |              |
|    fps                  | 158          |
|    iterations           | 27           |
|    time_elapsed         | 261          |
|    total_timesteps      | 344064       |
| train/                  |              |
|    approx_kl            | 0.0014210088 |
|    clip_fraction        | 0.00742      |
|    clip_range           | 0.2          |
|    entropy_loss         | -0.159       |
|    explained_variance   | 0.717        |
|    learning_rate        | 0.0003       |
|    loss                 | 907          |
|    n_updates            | 2230         |
|    policy_gradient_loss | -8.09e-05    |
|    value_loss           | 2.23e+03     |
------------------------------------------
  step  345069/500000 ( 69.0%)  mean_rew=-5.000
-------------------------------------------
| time/                   |               |
|    fps                  | 156           |
|    iterations           | 28            |
|    time_elapsed         | 274           |
|    total_timesteps      | 345600        |
| train/                  |               |
|    approx_kl            | 0.00066145713 |
|    clip_fraction        | 0.00417       |
|    clip_range           | 0.2           |
|    entropy_loss         | -0.146        |
|    explained_variance   | 0.74          |
|    learning_rate        | 0.0003        |
|    loss                 | 675           |
|    n_updates            | 2240          |
|    policy_gradient_loss | -0.000151     |
|    value_loss           | 2.06e+03      |
-------------------------------------------
------------------------------------------
| time/                   |              |
|    fps                  | 156          |
|    iterations           | 29           |
|    time_elapsed         | 284          |
|    total_timesteps      | 347136       |
| train/                  |              |
|    approx_kl            | 0.0003072087 |
|    clip_fraction        | 0.00332      |
|    clip_range           | 0.2          |
|    entropy_loss         | -0.196       |
|    explained_variance   | 0.905        |
|    learning_rate        | 0.0003       |
|    loss                 | 617          |
|    n_updates            | 2250         |
|    policy_gradient_loss | -9.29e-05    |
|    value_loss           | 1.37e+03     |
------------------------------------------
------------------------------------------
| time/                   |              |
|    fps                  | 156          |
|    iterations           | 30           |
|    time_elapsed         | 295          |
|    total_timesteps      | 348672       |
| train/                  |              |
|    approx_kl            | 0.0002644892 |
|    clip_fraction        | 0.00221      |
|    clip_range           | 0.2          |
|    entropy_loss         | -0.158       |
|    explained_variance   | 0.702        |
|    learning_rate        | 0.0003       |
|    loss                 | 954          |
|    n_updates            | 2260         |
|    policy_gradient_loss | 2.39e-05     |
|    value_loss           | 2.22e+03     |
------------------------------------------
  step  350070/500000 ( 70.0%)  mean_rew=-5.000
------------------------------------------
| time/                   |              |
|    fps                  | 154          |
|    iterations           | 31           |
|    time_elapsed         | 309          |
|    total_timesteps      | 350208       |
| train/                  |              |
|    approx_kl            | 0.0016297539 |
|    clip_fraction        | 0.0124       |
|    clip_range           | 0.2          |
|    entropy_loss         | -0.146       |
|    explained_variance   | 0.696        |
|    learning_rate        | 0.0003       |
|    loss                 | 1.04e+03     |
|    n_updates            | 2270         |
|    policy_gradient_loss | -0.000455    |
|    value_loss           | 2.21e+03     |
------------------------------------------
------------------------------------------
| time/                   |              |
|    fps                  | 154          |
|    iterations           | 32           |
|    time_elapsed         | 317          |
|    total_timesteps      | 351744       |
| train/                  |              |
|    approx_kl            | 0.0012515039 |
|    clip_fraction        | 0.0129       |
|    clip_range           | 0.2          |
|    entropy_loss         | -0.194       |
|    explained_variance   | 0.52         |
|    learning_rate        | 0.0003       |
|    loss                 | 857          |
|    n_updates            | 2280         |
|    policy_gradient_loss | -0.000156    |
|    value_loss           | 2.13e+03     |
------------------------------------------
------------------------------------------
| time/                   |              |
|    fps                  | 155          |
|    iterations           | 33           |
|    time_elapsed         | 326          |
|    total_timesteps      | 353280       |
| train/                  |              |
|    approx_kl            | 0.0011493167 |
|    clip_fraction        | 0.0102       |
|    clip_range           | 0.2          |
|    entropy_loss         | -0.138       |
|    explained_variance   | 0.892        |
|    learning_rate        | 0.0003       |
|    loss                 | 688          |
|    n_updates            | 2290         |
|    policy_gradient_loss | -0.000584    |
|    value_loss           | 1.33e+03     |
------------------------------------------
------------------------------------------
| time/                   |              |
|    fps                  | 154          |
|    iterations           | 34           |
|    time_elapsed         | 338          |
|    total_timesteps      | 354816       |
| train/                  |              |
|    approx_kl            | 8.399567e-05 |
|    clip_fraction        | 0.000586     |
|    clip_range           | 0.2          |
|    entropy_loss         | -0.127       |
|    explained_variance   | 0.775        |
|    learning_rate        | 0.0003       |
|    loss                 | 1.74e+03     |
|    n_updates            | 2300         |
|    policy_gradient_loss | 3.55e-05     |
|    value_loss           | 2.18e+03     |
------------------------------------------
  step  355071/500000 ( 71.0%)  mean_rew=-2.296
------------------------------------------
| time/                   |              |
|    fps                  | 154          |
|    iterations           | 35           |
|    time_elapsed         | 348          |
|    total_timesteps      | 356352       |
| train/                  |              |
|    approx_kl            | 0.0012292821 |
|    clip_fraction        | 0.00885      |
|    clip_range           | 0.2          |
|    entropy_loss         | -0.187       |
|    explained_variance   | 0.777        |
|    learning_rate        | 0.0003       |
|    loss                 | 908          |
|    n_updates            | 2310         |
|    policy_gradient_loss | -0.000523    |
|    value_loss           | 2.06e+03     |
------------------------------------------
------------------------------------------
| time/                   |              |
|    fps                  | 155          |
|    iterations           | 36           |
|    time_elapsed         | 355          |
|    total_timesteps      | 357888       |
| train/                  |              |
|    approx_kl            | 0.0004347155 |
|    clip_fraction        | 0.000911     |
|    clip_range           | 0.2          |
|    entropy_loss         | -0.165       |
|    explained_variance   | 0.911        |
|    learning_rate        | 0.0003       |
|    loss                 | 561          |
|    n_updates            | 2320         |
|    policy_gradient_loss | -0.000229    |
|    value_loss           | 1.28e+03     |
------------------------------------------
-------------------------------------------
| time/                   |               |
|    fps                  | 156           |
|    iterations           | 37            |
|    time_elapsed         | 363           |
|    total_timesteps      | 359424        |
| train/                  |               |
|    approx_kl            | 0.00037691943 |
|    clip_fraction        | 0.00944       |
|    clip_range           | 0.2           |
|    entropy_loss         | -0.0856       |
|    explained_variance   | 0.767         |
|    learning_rate        | 0.0003        |
|    loss                 | 725           |
|    n_updates            | 2330          |
|    policy_gradient_loss | -0.000203     |
|    value_loss           | 2.1e+03       |
-------------------------------------------
  step  360072/500000 ( 72.0%)  mean_rew=-5.000
------------------------------------------
| time/                   |              |
|    fps                  | 154          |
|    iterations           | 38           |
|    time_elapsed         | 376          |
|    total_timesteps      | 360960       |
| train/                  |              |
|    approx_kl            | 0.0003165071 |
|    clip_fraction        | 0.00417      |
|    clip_range           | 0.2          |
|    entropy_loss         | -0.154       |
|    explained_variance   | 0.808        |
|    learning_rate        | 0.0003       |
|    loss                 | 583          |
|    n_updates            | 2340         |
|    policy_gradient_loss | -0.000114    |
|    value_loss           | 2.11e+03     |
------------------------------------------
------------------------------------------
| time/                   |              |
|    fps                  | 156          |
|    iterations           | 39           |
|    time_elapsed         | 381          |
|    total_timesteps      | 362496       |
| train/                  |              |
|    approx_kl            | 0.0012699221 |
|    clip_fraction        | 0.0113       |
|    clip_range           | 0.2          |
|    entropy_loss         | -0.195       |
|    explained_variance   | 0.446        |
|    learning_rate        | 0.0003       |
|    loss                 | 1.46e+03     |
|    n_updates            | 2350         |
|    policy_gradient_loss | -6.37e-05    |
|    value_loss           | 2.23e+03     |
------------------------------------------
-------------------------------------------
| time/                   |               |
|    fps                  | 157           |
|    iterations           | 40            |
|    time_elapsed         | 390           |
|    total_timesteps      | 364032        |
| train/                  |               |
|    approx_kl            | 0.00063722616 |
|    clip_fraction        | 0.00365       |
|    clip_range           | 0.2           |
|    entropy_loss         | -0.116        |
|    explained_variance   | 0.852         |
|    learning_rate        | 0.0003        |
|    loss                 | 388           |
|    n_updates            | 2360          |
|    policy_gradient_loss | -0.00028      |
|    value_loss           | 1.1e+03       |
-------------------------------------------
  step  365073/500000 ( 73.0%)  mean_rew=-5.000
------------------------------------------
| time/                   |              |
|    fps                  | 156          |
|    iterations           | 41           |
|    time_elapsed         | 401          |
|    total_timesteps      | 365568       |
| train/                  |              |
|    approx_kl            | 0.0011132363 |
|    clip_fraction        | 0.013        |
|    clip_range           | 0.2          |
|    entropy_loss         | -0.162       |
|    explained_variance   | 0.774        |
|    learning_rate        | 0.0003       |
|    loss                 | 1.25e+03     |
|    n_updates            | 2370         |
|    policy_gradient_loss | -0.000981    |
|    value_loss           | 2.25e+03     |
------------------------------------------
------------------------------------------
| time/                   |              |
|    fps                  | 156          |
|    iterations           | 42           |
|    time_elapsed         | 413          |
|    total_timesteps      | 367104       |
| train/                  |              |
|    approx_kl            | 0.0028588183 |
|    clip_fraction        | 0.0318       |
|    clip_range           | 0.2          |
|    entropy_loss         | -0.217       |
|    explained_variance   | 0.786        |
|    learning_rate        | 0.0003       |
|    loss                 | 705          |
|    n_updates            | 2380         |
|    policy_gradient_loss | -0.00148     |
|    value_loss           | 1.99e+03     |
------------------------------------------
-------------------------------------------
| time/                   |               |
|    fps                  | 155           |
|    iterations           | 43            |
|    time_elapsed         | 423           |
|    total_timesteps      | 368640        |
| train/                  |               |
|    approx_kl            | 5.3551474e-05 |
|    clip_fraction        | 0.00026       |
|    clip_range           | 0.2           |
|    entropy_loss         | -0.198        |
|    explained_variance   | 0.911         |
|    learning_rate        | 0.0003        |
|    loss                 | 516           |
|    n_updates            | 2390          |
|    policy_gradient_loss | -0.00019      |
|    value_loss           | 1.21e+03      |
-------------------------------------------
  step  370074/500000 ( 74.0%)  mean_rew=-3.273
-------------------------------------------
| time/                   |               |
|    fps                  | 155           |
|    iterations           | 44            |
|    time_elapsed         | 435           |
|    total_timesteps      | 370176        |
| train/                  |               |
|    approx_kl            | 0.00012231451 |
|    clip_fraction        | 0.00358       |
|    clip_range           | 0.2           |
|    entropy_loss         | -0.157        |
|    explained_variance   | 0.724         |
|    learning_rate        | 0.0003        |
|    loss                 | 1.87e+03      |
|    n_updates            | 2400          |
|    policy_gradient_loss | 4.34e-05      |
|    value_loss           | 2.37e+03      |
-------------------------------------------
-------------------------------------------
| time/                   |               |
|    fps                  | 153           |
|    iterations           | 45            |
|    time_elapsed         | 449           |
|    total_timesteps      | 371712        |
| train/                  |               |
|    approx_kl            | 0.00076412904 |
|    clip_fraction        | 0.00983       |
|    clip_range           | 0.2           |
|    entropy_loss         | -0.121        |
|    explained_variance   | 0.729         |
|    learning_rate        | 0.0003        |
|    loss                 | 1.04e+03      |
|    n_updates            | 2410          |
|    policy_gradient_loss | -0.000593     |
|    value_loss           | 2.32e+03      |
-------------------------------------------
------------------------------------------
| time/                   |              |
|    fps                  | 154          |
|    iterations           | 46           |
|    time_elapsed         | 457          |
|    total_timesteps      | 373248       |
| train/                  |              |
|    approx_kl            | 0.0023701738 |
|    clip_fraction        | 0.0191       |
|    clip_range           | 0.2          |
|    entropy_loss         | -0.158       |
|    explained_variance   | -5.96e-07    |
|    learning_rate        | 0.0003       |
|    loss                 | 1.22e+03     |
|    n_updates            | 2420         |
|    policy_gradient_loss | -0.0004      |
|    value_loss           | 2.16e+03     |
------------------------------------------
------------------------------------------
| time/                   |              |
|    fps                  | 154          |
|    iterations           | 47           |
|    time_elapsed         | 467          |
|    total_timesteps      | 374784       |
| train/                  |              |
|    approx_kl            | 0.0007633337 |
|    clip_fraction        | 0.00716      |
|    clip_range           | 0.2          |
|    entropy_loss         | -0.119       |
|    explained_variance   | 0.893        |
|    learning_rate        | 0.0003       |
|    loss                 | 555          |
|    n_updates            | 2430         |
|    policy_gradient_loss | -4.35e-05    |
|    value_loss           | 1.19e+03     |
------------------------------------------
  step  375075/500000 ( 75.0%)  mean_rew=-5.000
-------------------------------------------
| time/                   |               |
|    fps                  | 153           |
|    iterations           | 48            |
|    time_elapsed         | 480           |
|    total_timesteps      | 376320        |
| train/                  |               |
|    approx_kl            | 0.00093312777 |
|    clip_fraction        | 0.0103        |
|    clip_range           | 0.2           |
|    entropy_loss         | -0.125        |
|    explained_variance   | 0.726         |
|    learning_rate        | 0.0003        |
|    loss                 | 740           |
|    n_updates            | 2440          |
|    policy_gradient_loss | -0.000336     |
|    value_loss           | 2.36e+03      |
-------------------------------------------
-------------------------------------------
| time/                   |               |
|    fps                  | 154           |
|    iterations           | 49            |
|    time_elapsed         | 487           |
|    total_timesteps      | 377856        |
| train/                  |               |
|    approx_kl            | 0.00072856917 |
|    clip_fraction        | 0.0229        |
|    clip_range           | 0.2           |
|    entropy_loss         | -0.0941       |
|    explained_variance   | 0.712         |
|    learning_rate        | 0.0003        |
|    loss                 | 955           |
|    n_updates            | 2450          |
|    policy_gradient_loss | -0.00156      |
|    value_loss           | 2.26e+03      |
-------------------------------------------
------------------------------------------
| time/                   |              |
|    fps                  | 154          |
|    iterations           | 50           |
|    time_elapsed         | 497          |
|    total_timesteps      | 379392       |
| train/                  |              |
|    approx_kl            | 9.943184e-05 |
|    clip_fraction        | 0.000391     |
|    clip_range           | 0.2          |
|    entropy_loss         | -0.106       |
|    explained_variance   | 0.867        |
|    learning_rate        | 0.0003       |
|    loss                 | 691          |
|    n_updates            | 2460         |
|    policy_gradient_loss | -0.000283    |
|    value_loss           | 1.43e+03     |
------------------------------------------
  step  380076/500000 ( 76.0%)  mean_rew=-5.000
-------------------------------------------
| time/                   |               |
|    fps                  | 153           |
|    iterations           | 51            |
|    time_elapsed         | 508           |
|    total_timesteps      | 380928        |
| train/                  |               |
|    approx_kl            | 8.3599785e-05 |
|    clip_fraction        | 0.00163       |
|    clip_range           | 0.2           |
|    entropy_loss         | -0.116        |
|    explained_variance   | 0.74          |
|    learning_rate        | 0.0003        |
|    loss                 | 571           |
|    n_updates            | 2470          |
|    policy_gradient_loss | -0.00024      |
|    value_loss           | 2.41e+03      |
-------------------------------------------
-------------------------------------------
| time/                   |               |
|    fps                  | 152           |
|    iterations           | 52            |
|    time_elapsed         | 522           |
|    total_timesteps      | 382464        |
| train/                  |               |
|    approx_kl            | 0.00024924809 |
|    clip_fraction        | 0.000846      |
|    clip_range           | 0.2           |
|    entropy_loss         | -0.088        |
|    explained_variance   | 0.73          |
|    learning_rate        | 0.0003        |
|    loss                 | 1.41e+03      |
|    n_updates            | 2480          |
|    policy_gradient_loss | -0.000111     |
|    value_loss           | 2.37e+03      |
-------------------------------------------
-------------------------------------------
| time/                   |               |
|    fps                  | 153           |
|    iterations           | 53            |
|    time_elapsed         | 531           |
|    total_timesteps      | 384000        |
| train/                  |               |
|    approx_kl            | 0.00050396443 |
|    clip_fraction        | 0.00332       |
|    clip_range           | 0.2           |
|    entropy_loss         | -0.107        |
|    explained_variance   | -0.000262     |
|    learning_rate        | 0.0003        |
|    loss                 | 366           |
|    n_updates            | 2490          |
|    policy_gradient_loss | -0.00014      |
|    value_loss           | 830           |
-------------------------------------------
  step  385077/500000 ( 77.0%)  mean_rew=-1.928
-------------------------------------------
| time/                   |               |
|    fps                  | 153           |
|    iterations           | 54            |
|    time_elapsed         | 541           |
|    total_timesteps      | 385536        |
| train/                  |               |
|    approx_kl            | 0.00075155013 |
|    clip_fraction        | 0.00273       |
|    clip_range           | 0.2           |
|    entropy_loss         | -0.097        |
|    explained_variance   | 0.781         |
|    learning_rate        | 0.0003        |
|    loss                 | 1.41e+03      |
|    n_updates            | 2500          |
|    policy_gradient_loss | -0.000265     |
|    value_loss           | 2.4e+03       |
-------------------------------------------
-------------------------------------------
| time/                   |               |
|    fps                  | 152           |
|    iterations           | 55            |
|    time_elapsed         | 553           |
|    total_timesteps      | 387072        |
| train/                  |               |
|    approx_kl            | 0.00022147658 |
|    clip_fraction        | 0.00703       |
|    clip_range           | 0.2           |
|    entropy_loss         | -0.119        |
|    explained_variance   | 0.761         |
|    learning_rate        | 0.0003        |
|    loss                 | 603           |
|    n_updates            | 2510          |
|    policy_gradient_loss | -0.000744     |
|    value_loss           | 2.37e+03      |
-------------------------------------------
------------------------------------------
| time/                   |              |
|    fps                  | 153          |
|    iterations           | 56           |
|    time_elapsed         | 560          |
|    total_timesteps      | 388608       |
| train/                  |              |
|    approx_kl            | 7.054536e-05 |
|    clip_fraction        | 0.00449      |
|    clip_range           | 0.2          |
|    entropy_loss         | -0.104       |
|    explained_variance   | 0.719        |
|    learning_rate        | 0.0003       |
|    loss                 | 540          |
|    n_updates            | 2520         |
|    policy_gradient_loss | 0.000127     |
|    value_loss           | 2.15e+03     |
------------------------------------------
  step  390078/500000 ( 78.0%)  mean_rew=-5.000
-------------------------------------------
| time/                   |               |
|    fps                  | 153           |
|    iterations           | 57            |
|    time_elapsed         | 570           |
|    total_timesteps      | 390144        |
| train/                  |               |
|    approx_kl            | 0.00094416336 |
|    clip_fraction        | 0.00469       |
|    clip_range           | 0.2           |
|    entropy_loss         | -0.102        |
|    explained_variance   | 0.905         |
|    learning_rate        | 0.0003        |
|    loss                 | 624           |
|    n_updates            | 2530          |
|    policy_gradient_loss | -0.000353     |
|    value_loss           | 1.35e+03      |
-------------------------------------------
------------------------------------------
| time/                   |              |
|    fps                  | 153          |
|    iterations           | 58           |
|    time_elapsed         | 581          |
|    total_timesteps      | 391680       |
| train/                  |              |
|    approx_kl            | 0.0009690002 |
|    clip_fraction        | 0.0118       |
|    clip_range           | 0.2          |
|    entropy_loss         | -0.104       |
|    explained_variance   | 0.759        |
|    learning_rate        | 0.0003       |
|    loss                 | 925          |
|    n_updates            | 2540         |
|    policy_gradient_loss | -0.000607    |
|    value_loss           | 2.5e+03      |
------------------------------------------
------------------------------------------
| time/                   |              |
|    fps                  | 152          |
|    iterations           | 59           |
|    time_elapsed         | 594          |
|    total_timesteps      | 393216       |
| train/                  |              |
|    approx_kl            | 0.0001571426 |
|    clip_fraction        | 0.000911     |
|    clip_range           | 0.2          |
|    entropy_loss         | -0.0627      |
|    explained_variance   | 0.787        |
|    learning_rate        | 0.0003       |
|    loss                 | 668          |
|    n_updates            | 2550         |
|    policy_gradient_loss | -0.00033     |
|    value_loss           | 2.42e+03     |
------------------------------------------
------------------------------------------
| time/                   |              |
|    fps                  | 153          |
|    iterations           | 60           |
|    time_elapsed         | 600          |
|    total_timesteps      | 394752       |
| train/                  |              |
|    approx_kl            | 0.0007040386 |
|    clip_fraction        | 0.00664      |
|    clip_range           | 0.2          |
|    entropy_loss         | -0.0849      |
|    explained_variance   | 0.921        |
|    learning_rate        | 0.0003       |
|    loss                 | 360          |
|    n_updates            | 2560         |
|    policy_gradient_loss | -0.000122    |
|    value_loss           | 832          |
------------------------------------------
  step  395079/500000 ( 79.0%)  mean_rew=-5.000
-------------------------------------------
| time/                   |               |
|    fps                  | 153           |
|    iterations           | 61            |
|    time_elapsed         | 609           |
|    total_timesteps      | 396288        |
| train/                  |               |
|    approx_kl            | 0.00029787558 |
|    clip_fraction        | 0.0026        |
|    clip_range           | 0.2           |
|    entropy_loss         | -0.0648       |
|    explained_variance   | 0.721         |
|    learning_rate        | 0.0003        |
|    loss                 | 1.08e+03      |
|    n_updates            | 2570          |
|    policy_gradient_loss | -0.000605     |
|    value_loss           | 2.62e+03      |
-------------------------------------------
-------------------------------------------
| time/                   |               |
|    fps                  | 153           |
|    iterations           | 62            |
|    time_elapsed         | 622           |
|    total_timesteps      | 397824        |
| train/                  |               |
|    approx_kl            | 0.00075172796 |
|    clip_fraction        | 0.00879       |
|    clip_range           | 0.2           |
|    entropy_loss         | -0.0998       |
|    explained_variance   | 0.775         |
|    learning_rate        | 0.0003        |
|    loss                 | 615           |
|    n_updates            | 2580          |
|    policy_gradient_loss | -0.000511     |
|    value_loss           | 2.47e+03      |
-------------------------------------------
-------------------------------------------
| time/                   |               |
|    fps                  | 152           |
|    iterations           | 63            |
|    time_elapsed         | 632           |
|    total_timesteps      | 399360        |
| train/                  |               |
|    approx_kl            | 0.00016505783 |
|    clip_fraction        | 0.0056        |
|    clip_range           | 0.2           |
|    entropy_loss         | -0.0711       |
|    explained_variance   | 0.705         |
|    learning_rate        | 0.0003        |
|    loss                 | 757           |
|    n_updates            | 2590          |
|    policy_gradient_loss | -0.000201     |
|    value_loss           | 2.17e+03      |
-------------------------------------------
  step  400080/500000 ( 80.0%)  mean_rew=-0.017
------------------------------------------
| time/                   |              |
|    fps                  | 153          |
|    iterations           | 64           |
|    time_elapsed         | 641          |
|    total_timesteps      | 400896       |
| train/                  |              |
|    approx_kl            | 0.0002214351 |
|    clip_fraction        | 0.00124      |
|    clip_range           | 0.2          |
|    entropy_loss         | -0.0891      |
|    explained_variance   | 0.934        |
|    learning_rate        | 0.0003       |
|    loss                 | 331          |
|    n_updates            | 2600         |
|    policy_gradient_loss | -0.00036     |
|    value_loss           | 1.03e+03     |
------------------------------------------
-------------------------------------------
| time/                   |               |
|    fps                  | 153           |
|    iterations           | 65            |
|    time_elapsed         | 652           |
|    total_timesteps      | 402432        |
| train/                  |               |
|    approx_kl            | 0.00011628614 |
|    clip_fraction        | 0.00404       |
|    clip_range           | 0.2           |
|    entropy_loss         | -0.0895       |
|    explained_variance   | 0.79          |
|    learning_rate        | 0.0003        |
|    loss                 | 1.63e+03      |
|    n_updates            | 2610          |
|    policy_gradient_loss | -3.35e-05     |
|    value_loss           | 2.69e+03      |
-------------------------------------------
-------------------------------------------
| time/                   |               |
|    fps                  | 152           |
|    iterations           | 66            |
|    time_elapsed         | 664           |
|    total_timesteps      | 403968        |
| train/                  |               |
|    approx_kl            | 0.00026267685 |
|    clip_fraction        | 0.00716       |
|    clip_range           | 0.2           |
|    entropy_loss         | -0.0811       |
|    explained_variance   | 0.823         |
|    learning_rate        | 0.0003        |
|    loss                 | 635           |
|    n_updates            | 2620          |
|    policy_gradient_loss | -0.000356     |
|    value_loss           | 2.21e+03      |
-------------------------------------------
  step  405081/500000 ( 81.0%)  mean_rew=-5.000
------------------------------------------
| time/                   |              |
|    fps                  | 152          |
|    iterations           | 67           |
|    time_elapsed         | 672          |
|    total_timesteps      | 405504       |
| train/                  |              |
|    approx_kl            | 0.0006070905 |
|    clip_fraction        | 0.0056       |
|    clip_range           | 0.2          |
|    entropy_loss         | -0.116       |
|    explained_variance   | 0.51         |
|    learning_rate        | 0.0003       |
|    loss                 | 384          |
|    n_updates            | 2630         |
|    policy_gradient_loss | -0.000281    |
|    value_loss           | 864          |
------------------------------------------
-------------------------------------------
| time/                   |               |
|    fps                  | 152           |
|    iterations           | 68            |
|    time_elapsed         | 683           |
|    total_timesteps      | 407040        |
| train/                  |               |
|    approx_kl            | 7.5828946e-05 |
|    clip_fraction        | 0.000716      |
|    clip_range           | 0.2           |
|    entropy_loss         | -0.105        |
|    explained_variance   | 0.732         |
|    learning_rate        | 0.0003        |
|    loss                 | 1.12e+03      |
|    n_updates            | 2640          |
|    policy_gradient_loss | 2.23e-05      |
|    value_loss           | 2.54e+03      |
-------------------------------------------
-------------------------------------------
| time/                   |               |
|    fps                  | 151           |
|    iterations           | 69            |
|    time_elapsed         | 697           |
|    total_timesteps      | 408576        |
| train/                  |               |
|    approx_kl            | 0.00012393447 |
|    clip_fraction        | 0.00332       |
|    clip_range           | 0.2           |
|    entropy_loss         | -0.116        |
|    explained_variance   | 0.702         |
|    learning_rate        | 0.0003        |
|    loss                 | 2.02e+03      |
|    n_updates            | 2650          |
|    policy_gradient_loss | 3.27e-05      |
|    value_loss           | 2.55e+03      |
-------------------------------------------
  step  410082/500000 ( 82.0%)  mean_rew=-5.000
------------------------------------------
| time/                   |              |
|    fps                  | 152          |
|    iterations           | 70           |
|    time_elapsed         | 707          |
|    total_timesteps      | 410112       |
| train/                  |              |
|    approx_kl            | 0.0003159874 |
|    clip_fraction        | 0.00488      |
|    clip_range           | 0.2          |
|    entropy_loss         | -0.0894      |
|    explained_variance   | 0.606        |
|    learning_rate        | 0.0003       |
|    loss                 | 1.28e+03     |
|    n_updates            | 2660         |
|    policy_gradient_loss | 0.000148     |
|    value_loss           | 2.23e+03     |
------------------------------------------
-------------------------------------------
| time/                   |               |
|    fps                  | 151           |
|    iterations           | 71            |
|    time_elapsed         | 717           |
|    total_timesteps      | 411648        |
| train/                  |               |
|    approx_kl            | 0.00045432537 |
|    clip_fraction        | 0.00664       |
|    clip_range           | 0.2           |
|    entropy_loss         | -0.122        |
|    explained_variance   | 0.932         |
|    learning_rate        | 0.0003        |
|    loss                 | 452           |
|    n_updates            | 2670          |
|    policy_gradient_loss | -0.000538     |
|    value_loss           | 951           |
-------------------------------------------
------------------------------------------
| time/                   |              |
|    fps                  | 151          |
|    iterations           | 72           |
|    time_elapsed         | 730          |
|    total_timesteps      | 413184       |
| train/                  |              |
|    approx_kl            | 0.0005773103 |
|    clip_fraction        | 0.00234      |
|    clip_range           | 0.2          |
|    entropy_loss         | -0.118       |
|    explained_variance   | 0.729        |
|    learning_rate        | 0.0003       |
|    loss                 | 788          |
|    n_updates            | 2680         |
|    policy_gradient_loss | -0.000377    |
|    value_loss           | 2.63e+03     |
------------------------------------------
-------------------------------------------
| time/                   |               |
|    fps                  | 150           |
|    iterations           | 73            |
|    time_elapsed         | 743           |
|    total_timesteps      | 414720        |
| train/                  |               |
|    approx_kl            | 0.00010385745 |
|    clip_fraction        | 0.00866       |
|    clip_range           | 0.2           |
|    entropy_loss         | -0.0994       |
|    explained_variance   | 0.725         |
|    learning_rate        | 0.0003        |
|    loss                 | 814           |
|    n_updates            | 2690          |
|    policy_gradient_loss | -0.000449     |
|    value_loss           | 2.53e+03      |
-------------------------------------------
  step  415083/500000 ( 83.0%)  mean_rew=-0.734
-------------------------------------------
| time/                   |               |
|    fps                  | 151           |
|    iterations           | 74            |
|    time_elapsed         | 752           |
|    total_timesteps      | 416256        |
| train/                  |               |
|    approx_kl            | 5.5005232e-05 |
|    clip_fraction        | 0.00221       |
|    clip_range           | 0.2           |
|    entropy_loss         | -0.136        |
|    explained_variance   | 0.838         |
|    learning_rate        | 0.0003        |
|    loss                 | 254           |
|    n_updates            | 2700          |
|    policy_gradient_loss | -0.000131     |
|    value_loss           | 625           |
-------------------------------------------
------------------------------------------
| time/                   |              |
|    fps                  | 151          |
|    iterations           | 75           |
|    time_elapsed         | 762          |
|    total_timesteps      | 417792       |
| train/                  |              |
|    approx_kl            | 0.0002647438 |
|    clip_fraction        | 0.00592      |
|    clip_range           | 0.2          |
|    entropy_loss         | -0.104       |
|    explained_variance   | 0.669        |
|    learning_rate        | 0.0003       |
|    loss                 | 683          |
|    n_updates            | 2710         |
|    policy_gradient_loss | -0.000376    |
|    value_loss           | 2.63e+03     |
------------------------------------------
-------------------------------------------
| time/                   |               |
|    fps                  | 150           |
|    iterations           | 76            |
|    time_elapsed         | 774           |
|    total_timesteps      | 419328        |
| train/                  |               |
|    approx_kl            | 0.00021972414 |
|    clip_fraction        | 0.00605       |
|    clip_range           | 0.2           |
|    entropy_loss         | -0.0858       |
|    explained_variance   | 0.755         |
|    learning_rate        | 0.0003        |
|    loss                 | 1.28e+03      |
|    n_updates            | 2720          |
|    policy_gradient_loss | -0.000483     |
|    value_loss           | 2.5e+03       |
-------------------------------------------
  step  420084/500000 ( 84.0%)  mean_rew=-5.000
------------------------------------------
| time/                   |              |
|    fps                  | 150          |
|    iterations           | 77           |
|    time_elapsed         | 783          |
|    total_timesteps      | 420864       |
| train/                  |              |
|    approx_kl            | 0.0009561521 |
|    clip_fraction        | 0.0182       |
|    clip_range           | 0.2          |
|    entropy_loss         | -0.124       |
|    explained_variance   | 0.52         |
|    learning_rate        | 0.0003       |
|    loss                 | 1.16e+03     |
|    n_updates            | 2730         |
|    policy_gradient_loss | -0.000839    |
|    value_loss           | 2.43e+03     |
------------------------------------------
------------------------------------------
| time/                   |              |
|    fps                  | 150          |
|    iterations           | 78           |
|    time_elapsed         | 793          |
|    total_timesteps      | 422400       |
| train/                  |              |
|    approx_kl            | 0.0031601053 |
|    clip_fraction        | 0.015        |
|    clip_range           | 0.2          |
|    entropy_loss         | -0.137       |
|    explained_variance   | 0.918        |
|    learning_rate        | 0.0003       |
|    loss                 | 495          |
|    n_updates            | 2740         |
|    policy_gradient_loss | -0.000591    |
|    value_loss           | 897          |
------------------------------------------
-------------------------------------------
| time/                   |               |
|    fps                  | 150           |
|    iterations           | 79            |
|    time_elapsed         | 805           |
|    total_timesteps      | 423936        |
| train/                  |               |
|    approx_kl            | 0.00040050212 |
|    clip_fraction        | 0.00345       |
|    clip_range           | 0.2           |
|    entropy_loss         | -0.136        |
|    explained_variance   | 0.736         |
|    learning_rate        | 0.0003        |
|    loss                 | 735           |
|    n_updates            | 2750          |
|    policy_gradient_loss | -5.55e-05     |
|    value_loss           | 2.72e+03      |
-------------------------------------------
  step  425085/500000 ( 85.0%)  mean_rew=-5.000
------------------------------------------
| time/                   |              |
|    fps                  | 150          |
|    iterations           | 80           |
|    time_elapsed         | 818          |
|    total_timesteps      | 425472       |
| train/                  |              |
|    approx_kl            | 0.0027674714 |
|    clip_fraction        | 0.0112       |
|    clip_range           | 0.2          |
|    entropy_loss         | -0.139       |
|    explained_variance   | 0.71         |
|    learning_rate        | 0.0003       |
|    loss                 | 420          |
|    n_updates            | 2760         |
|    policy_gradient_loss | -0.000147    |
|    value_loss           | 2.52e+03     |
------------------------------------------
------------------------------------------
| time/                   |              |
|    fps                  | 151          |
|    iterations           | 81           |
|    time_elapsed         | 823          |
|    total_timesteps      | 427008       |
| train/                  |              |
|    approx_kl            | 0.0010230519 |
|    clip_fraction        | 0.0177       |
|    clip_range           | 0.2          |
|    entropy_loss         | -0.147       |
|    explained_variance   | 0.903        |
|    learning_rate        | 0.0003       |
|    loss                 | 221          |
|    n_updates            | 2770         |
|    policy_gradient_loss | -9.81e-05    |
|    value_loss           | 574          |
------------------------------------------
-------------------------------------------
| time/                   |               |
|    fps                  | 151           |
|    iterations           | 82            |
|    time_elapsed         | 832           |
|    total_timesteps      | 428544        |
| train/                  |               |
|    approx_kl            | 0.00037606977 |
|    clip_fraction        | 0.00182       |
|    clip_range           | 0.2           |
|    entropy_loss         | -0.0654       |
|    explained_variance   | 0.464         |
|    learning_rate        | 0.0003        |
|    loss                 | 1.41e+03      |
|    n_updates            | 2780          |
|    policy_gradient_loss | -0.000306     |
|    value_loss           | 3.46e+03      |
-------------------------------------------
------------------------------------------
| time/                   |              |
|    fps                  | 150          |
|    iterations           | 83           |
|    time_elapsed         | 845          |
|    total_timesteps      | 430080       |
| train/                  |              |
|    approx_kl            | 0.0013464876 |
|    clip_fraction        | 0.0041       |
|    clip_range           | 0.2          |
|    entropy_loss         | -0.124       |
|    explained_variance   | 0.724        |
|    learning_rate        | 0.0003       |
|    loss                 | 1.32e+03     |
|    n_updates            | 2790         |
|    policy_gradient_loss | -0.000382    |
|    value_loss           | 2.78e+03     |
------------------------------------------
  step  430086/500000 ( 86.0%)  mean_rew=-3.651
-------------------------------------------
| time/                   |               |
|    fps                  | 150           |
|    iterations           | 84            |
|    time_elapsed         | 855           |
|    total_timesteps      | 431616        |
| train/                  |               |
|    approx_kl            | 0.00035658234 |
|    clip_fraction        | 0.0161        |
|    clip_range           | 0.2           |
|    entropy_loss         | -0.124        |
|    explained_variance   | 0.358         |
|    learning_rate        | 0.0003        |
|    loss                 | 986           |
|    n_updates            | 2800          |
|    policy_gradient_loss | 0.00091       |
|    value_loss           | 2.35e+03      |
-------------------------------------------
------------------------------------------
| time/                   |              |
|    fps                  | 150          |
|    iterations           | 85           |
|    time_elapsed         | 865          |
|    total_timesteps      | 433152       |
| train/                  |              |
|    approx_kl            | 0.0007574512 |
|    clip_fraction        | 0.00801      |
|    clip_range           | 0.2          |
|    entropy_loss         | -0.117       |
|    explained_variance   | 0.935        |
|    learning_rate        | 0.0003       |
|    loss                 | 352          |
|    n_updates            | 2810         |
|    policy_gradient_loss | -0.000221    |
|    value_loss           | 814          |
------------------------------------------
-------------------------------------------
| time/                   |               |
|    fps                  | 150           |
|    iterations           | 86            |
|    time_elapsed         | 877           |
|    total_timesteps      | 434688        |
| train/                  |               |
|    approx_kl            | 0.00064191315 |
|    clip_fraction        | 0.00514       |
|    clip_range           | 0.2           |
|    entropy_loss         | -0.0997       |
|    explained_variance   | 0.755         |
|    learning_rate        | 0.0003        |
|    loss                 | 1.12e+03      |
|    n_updates            | 2820          |
|    policy_gradient_loss | -0.000577     |
|    value_loss           | 2.87e+03      |
-------------------------------------------
  step  435087/500000 ( 87.0%)  mean_rew=-4.818
-------------------------------------------
| time/                   |               |
|    fps                  | 150           |
|    iterations           | 87            |
|    time_elapsed         | 890           |
|    total_timesteps      | 436224        |
| train/                  |               |
|    approx_kl            | 4.1080213e-05 |
|    clip_fraction        | 0.00762       |
|    clip_range           | 0.2           |
|    entropy_loss         | -0.151        |
|    explained_variance   | 0.718         |
|    learning_rate        | 0.0003        |
|    loss                 | 1.52e+03      |
|    n_updates            | 2830          |
|    policy_gradient_loss | 3.82e-05      |
|    value_loss           | 2.62e+03      |
-------------------------------------------
-------------------------------------------
| time/                   |               |
|    fps                  | 150           |
|    iterations           | 88            |
|    time_elapsed         | 898           |
|    total_timesteps      | 437760        |
| train/                  |               |
|    approx_kl            | 0.00044301667 |
|    clip_fraction        | 0             |
|    clip_range           | 0.2           |
|    entropy_loss         | -0.127        |
|    explained_variance   | 0.918         |
|    learning_rate        | 0.0003        |
|    loss                 | 256           |
|    n_updates            | 2840          |
|    policy_gradient_loss | -6.02e-05     |
|    value_loss           | 588           |
-------------------------------------------
------------------------------------------
| time/                   |              |
|    fps                  | 150          |
|    iterations           | 89           |
|    time_elapsed         | 909          |
|    total_timesteps      | 439296       |
| train/                  |              |
|    approx_kl            | 0.0009055985 |
|    clip_fraction        | 0.011        |
|    clip_range           | 0.2          |
|    entropy_loss         | -0.0995      |
|    explained_variance   | 0.728        |
|    learning_rate        | 0.0003       |
|    loss                 | 943          |
|    n_updates            | 2850         |
|    policy_gradient_loss | -0.000961    |
|    value_loss           | 3.1e+03      |
------------------------------------------
  step  440088/500000 ( 88.0%)  mean_rew=-5.000
------------------------------------------
| time/                   |              |
|    fps                  | 149          |
|    iterations           | 90           |
|    time_elapsed         | 923          |
|    total_timesteps      | 440832       |
| train/                  |              |
|    approx_kl            | 9.332861e-06 |
|    clip_fraction        | 0            |
|    clip_range           | 0.2          |
|    entropy_loss         | -0.095       |
|    explained_variance   | 0.722        |
|    learning_rate        | 0.0003       |
|    loss                 | 1.56e+03     |
|    n_updates            | 2860         |
|    policy_gradient_loss | 2.07e-05     |
|    value_loss           | 2.82e+03     |
------------------------------------------
-----------------------------------------
| time/                   |             |
|    fps                  | 150         |
|    iterations           | 91          |
|    time_elapsed         | 931         |
|    total_timesteps      | 442368      |
| train/                  |             |
|    approx_kl            | 0.002591663 |
|    clip_fraction        | 0.0217      |
|    clip_range           | 0.2         |
|    entropy_loss         | -0.0844     |
|    explained_variance   | -6.56e-06   |
|    learning_rate        | 0.0003      |
|    loss                 | 1.28e+03    |
|    n_updates            | 2870        |
|    policy_gradient_loss | -0.000712   |
|    value_loss           | 2.42e+03    |
-----------------------------------------
------------------------------------------
| time/                   |              |
|    fps                  | 150          |
|    iterations           | 92           |
|    time_elapsed         | 941          |
|    total_timesteps      | 443904       |
| train/                  |              |
|    approx_kl            | 0.0005432183 |
|    clip_fraction        | 0.0013       |
|    clip_range           | 0.2          |
|    entropy_loss         | -0.089       |
|    explained_variance   | 0.903        |
|    learning_rate        | 0.0003       |
|    loss                 | 612          |
|    n_updates            | 2880         |
|    policy_gradient_loss | -0.000124    |
|    value_loss           | 1.11e+03     |
------------------------------------------
  step  445089/500000 ( 89.0%)  mean_rew=-5.000
-------------------------------------------
| time/                   |               |
|    fps                  | 149           |
|    iterations           | 93            |
|    time_elapsed         | 953           |
|    total_timesteps      | 445440        |
| train/                  |               |
|    approx_kl            | 0.00067932386 |
|    clip_fraction        | 0.00423       |
|    clip_range           | 0.2           |
|    entropy_loss         | -0.0867       |
|    explained_variance   | 0.724         |
|    learning_rate        | 0.0003        |
|    loss                 | 1.43e+03      |
|    n_updates            | 2890          |
|    policy_gradient_loss | -0.000299     |
|    value_loss           | 2.84e+03      |
-------------------------------------------
------------------------------------------
| time/                   |              |
|    fps                  | 150          |
|    iterations           | 94           |
|    time_elapsed         | 961          |
|    total_timesteps      | 446976       |
| train/                  |              |
|    approx_kl            | 2.603978e-05 |
|    clip_fraction        | 0.00651      |
|    clip_range           | 0.2          |
|    entropy_loss         | -0.0643      |
|    explained_variance   | 0.724        |
|    learning_rate        | 0.0003       |
|    loss                 | 1.37e+03     |
|    n_updates            | 2900         |
|    policy_gradient_loss | -1.72e-05    |
|    value_loss           | 2.54e+03     |
------------------------------------------
------------------------------------------
| time/                   |              |
|    fps                  | 150          |
|    iterations           | 95           |
|    time_elapsed         | 967          |
|    total_timesteps      | 448512       |
| train/                  |              |
|    approx_kl            | 4.304371e-05 |
|    clip_fraction        | 0            |
|    clip_range           | 0.2          |
|    entropy_loss         | -0.0888      |
|    explained_variance   | 0.933        |
|    learning_rate        | 0.0003       |
|    loss                 | 402          |
|    n_updates            | 2910         |
|    policy_gradient_loss | -5.05e-05    |
|    value_loss           | 1.02e+03     |
------------------------------------------
------------------------------------------
| time/                   |              |
|    fps                  | 151          |
|    iterations           | 96           |
|    time_elapsed         | 976          |
|    total_timesteps      | 450048       |
| train/                  |              |
|    approx_kl            | 0.0002030556 |
|    clip_fraction        | 0.00254      |
|    clip_range           | 0.2          |
|    entropy_loss         | -0.066       |
|    explained_variance   | 0.784        |
|    learning_rate        | 0.0003       |
|    loss                 | 1.55e+03     |
|    n_updates            | 2920         |
|    policy_gradient_loss | -0.000138    |
|    value_loss           | 3.16e+03     |
------------------------------------------
  step  450090/500000 ( 90.0%)  mean_rew=-3.896
------------------------------------------
| time/                   |              |
|    fps                  | 150          |
|    iterations           | 97           |
|    time_elapsed         | 990          |
|    total_timesteps      | 451584       |
| train/                  |              |
|    approx_kl            | 0.0006303152 |
|    clip_fraction        | 0.00299      |
|    clip_range           | 0.2          |
|    entropy_loss         | -0.103       |
|    explained_variance   | 0.752        |
|    learning_rate        | 0.0003       |
|    loss                 | 2.74e+03     |
|    n_updates            | 2930         |
|    policy_gradient_loss | 0.000216     |
|    value_loss           | 2.95e+03     |
------------------------------------------
------------------------------------------
| time/                   |              |
|    fps                  | 150          |
|    iterations           | 98           |
|    time_elapsed         | 997          |
|    total_timesteps      | 453120       |
| train/                  |              |
|    approx_kl            | 0.0005271338 |
|    clip_fraction        | 0.00781      |
|    clip_range           | 0.2          |
|    entropy_loss         | -0.0727      |
|    explained_variance   | -0.00377     |
|    learning_rate        | 0.0003       |
|    loss                 | 114          |
|    n_updates            | 2940         |
|    policy_gradient_loss | -0.000339    |
|    value_loss           | 318          |
------------------------------------------
-------------------------------------------
| time/                   |               |
|    fps                  | 151           |
|    iterations           | 99            |
|    time_elapsed         | 1005          |
|    total_timesteps      | 454656        |
| train/                  |               |
|    approx_kl            | 0.00047219172 |
|    clip_fraction        | 0.00482       |
|    clip_range           | 0.2           |
|    entropy_loss         | -0.0678       |
|    explained_variance   | 0.81          |
|    learning_rate        | 0.0003        |
|    loss                 | 1.43e+03      |
|    n_updates            | 2950          |
|    policy_gradient_loss | -0.000343     |
|    value_loss           | 3e+03         |
-------------------------------------------
  step  455091/500000 ( 91.0%)  mean_rew=-5.000
------------------------------------------
| time/                   |              |
|    fps                  | 151          |
|    iterations           | 100          |
|    time_elapsed         | 1015         |
|    total_timesteps      | 456192       |
| train/                  |              |
|    approx_kl            | 4.426654e-06 |
|    clip_fraction        | 0            |
|    clip_range           | 0.2          |
|    entropy_loss         | -0.0504      |
|    explained_variance   | 0.794        |
|    learning_rate        | 0.0003       |
|    loss                 | 1.14e+03     |
|    n_updates            | 2960         |
|    policy_gradient_loss | -3.44e-06    |
|    value_loss           | 3.3e+03      |
------------------------------------------
------------------------------------------
| time/                   |              |
|    fps                  | 151          |
|    iterations           | 101          |
|    time_elapsed         | 1021         |
|    total_timesteps      | 457728       |
| train/                  |              |
|    approx_kl            | 0.0011886872 |
|    clip_fraction        | 0.00449      |
|    clip_range           | 0.2          |
|    entropy_loss         | -0.0674      |
|    explained_variance   | 0.763        |
|    learning_rate        | 0.0003       |
|    loss                 | 1.59e+03     |
|    n_updates            | 2970         |
|    policy_gradient_loss | -0.000114    |
|    value_loss           | 2.53e+03     |
------------------------------------------
------------------------------------------
| time/                   |              |
|    fps                  | 152          |
|    iterations           | 102          |
|    time_elapsed         | 1028         |
|    total_timesteps      | 459264       |
| train/                  |              |
|    approx_kl            | 0.0016457047 |
|    clip_fraction        | 0.0126       |
|    clip_range           | 0.2          |
|    entropy_loss         | -0.103       |
|    explained_variance   | 0.939        |
|    learning_rate        | 0.0003       |
|    loss                 | 617          |
|    n_updates            | 2980         |
|    policy_gradient_loss | -0.000626    |
|    value_loss           | 1.19e+03     |
------------------------------------------
  step  460092/500000 ( 92.0%)  mean_rew=-5.000
------------------------------------------
| time/                   |              |
|    fps                  | 152          |
|    iterations           | 103          |
|    time_elapsed         | 1038         |
|    total_timesteps      | 460800       |
| train/                  |              |
|    approx_kl            | 0.0007804705 |
|    clip_fraction        | 0.00755      |
|    clip_range           | 0.2          |
|    entropy_loss         | -0.0899      |
|    explained_variance   | 0.816        |
|    learning_rate        | 0.0003       |
|    loss                 | 1.63e+03     |
|    n_updates            | 2990         |
|    policy_gradient_loss | -0.000386    |
|    value_loss           | 3.08e+03     |
------------------------------------------
------------------------------------------
| time/                   |              |
|    fps                  | 152          |
|    iterations           | 104          |
|    time_elapsed         | 1049         |
|    total_timesteps      | 462336       |
| train/                  |              |
|    approx_kl            | 0.0006200156 |
|    clip_fraction        | 0.00762      |
|    clip_range           | 0.2          |
|    entropy_loss         | -0.0539      |
|    explained_variance   | 0.787        |
|    learning_rate        | 0.0003       |
|    loss                 | 1.56e+03     |
|    n_updates            | 3000         |
|    policy_gradient_loss | -0.000541    |
|    value_loss           | 3.01e+03     |
------------------------------------------
-----------------------------------------
| time/                   |             |
|    fps                  | 152         |
|    iterations           | 105         |
|    time_elapsed         | 1055        |
|    total_timesteps      | 463872      |
| train/                  |             |
|    approx_kl            | 0.000426915 |
|    clip_fraction        | 0.00859     |
|    clip_range           | 0.2         |
|    entropy_loss         | -0.0666     |
|    explained_variance   | -2.73       |
|    learning_rate        | 0.0003      |
|    loss                 | 135         |
|    n_updates            | 3010        |
|    policy_gradient_loss | -0.000175   |
|    value_loss           | 332         |
-----------------------------------------
  step  465093/500000 ( 93.0%)  mean_rew=-3.351
-------------------------------------------
| time/                   |               |
|    fps                  | 152           |
|    iterations           | 106           |
|    time_elapsed         | 1064          |
|    total_timesteps      | 465408        |
| train/                  |               |
|    approx_kl            | 0.00095812324 |
|    clip_fraction        | 0.0124        |
|    clip_range           | 0.2           |
|    entropy_loss         | -0.0765       |
|    explained_variance   | 0.75          |
|    learning_rate        | 0.0003        |
|    loss                 | 1.67e+03      |
|    n_updates            | 3020          |
|    policy_gradient_loss | -0.000917     |
|    value_loss           | 3.33e+03      |
-------------------------------------------
-----------------------------------------
| time/                   |             |
|    fps                  | 152         |
|    iterations           | 107         |
|    time_elapsed         | 1074        |
|    total_timesteps      | 466944      |
| train/                  |             |
|    approx_kl            | 0.000830763 |
|    clip_fraction        | 0.00762     |
|    clip_range           | 0.2         |
|    entropy_loss         | -0.0824     |
|    explained_variance   | 0.72        |
|    learning_rate        | 0.0003      |
|    loss                 | 1.99e+03    |
|    n_updates            | 3030        |
|    policy_gradient_loss | -0.000852   |
|    value_loss           | 3.1e+03     |
-----------------------------------------
------------------------------------------
| time/                   |              |
|    fps                  | 153          |
|    iterations           | 108          |
|    time_elapsed         | 1082         |
|    total_timesteps      | 468480       |
| train/                  |              |
|    approx_kl            | 0.0003901047 |
|    clip_fraction        | 0.00332      |
|    clip_range           | 0.2          |
|    entropy_loss         | -0.0576      |
|    explained_variance   | 0.667        |
|    learning_rate        | 0.0003       |
|    loss                 | 349          |
|    n_updates            | 3040         |
|    policy_gradient_loss | -8.36e-05    |
|    value_loss           | 2.62e+03     |
------------------------------------------
-------------------------------------------
| time/                   |               |
|    fps                  | 153           |
|    iterations           | 109           |
|    time_elapsed         | 1090          |
|    total_timesteps      | 470016        |
| train/                  |               |
|    approx_kl            | 0.00044659319 |
|    clip_fraction        | 0.0102        |
|    clip_range           | 0.2           |
|    entropy_loss         | -0.076        |
|    explained_variance   | 0.937         |
|    learning_rate        | 0.0003        |
|    loss                 | 296           |
|    n_updates            | 3050          |
|    policy_gradient_loss | -0.000294     |
|    value_loss           | 746           |
-------------------------------------------
  step  470094/500000 ( 94.0%)  mean_rew=-5.000
------------------------------------------
| time/                   |              |
|    fps                  | 153          |
|    iterations           | 110          |
|    time_elapsed         | 1099         |
|    total_timesteps      | 471552       |
| train/                  |              |
|    approx_kl            | 8.305728e-06 |
|    clip_fraction        | 0            |
|    clip_range           | 0.2          |
|    entropy_loss         | -0.0751      |
|    explained_variance   | 0.771        |
|    learning_rate        | 0.0003       |
|    loss                 | 1e+03        |
|    n_updates            | 3060         |
|    policy_gradient_loss | 3.14e-05     |
|    value_loss           | 3.24e+03     |
------------------------------------------
-------------------------------------------
| time/                   |               |
|    fps                  | 153           |
|    iterations           | 111           |
|    time_elapsed         | 1109          |
|    total_timesteps      | 473088        |
| train/                  |               |
|    approx_kl            | 1.8282715e-05 |
|    clip_fraction        | 0.00137       |
|    clip_range           | 0.2           |
|    entropy_loss         | -0.0569       |
|    explained_variance   | 0.755         |
|    learning_rate        | 0.0003        |
|    loss                 | 860           |
|    n_updates            | 3070          |
|    policy_gradient_loss | -2.92e-05     |
|    value_loss           | 2.96e+03      |
-------------------------------------------
-------------------------------------------
| time/                   |               |
|    fps                  | 154           |
|    iterations           | 112           |
|    time_elapsed         | 1116          |
|    total_timesteps      | 474624        |
| train/                  |               |
|    approx_kl            | 0.00011061411 |
|    clip_fraction        | 0             |
|    clip_range           | 0.2           |
|    entropy_loss         | -0.0788       |
|    explained_variance   | 0.33          |
|    learning_rate        | 0.0003        |
|    loss                 | 121           |
|    n_updates            | 3080          |
|    policy_gradient_loss | -6.55e-05     |
|    value_loss           | 375           |
-------------------------------------------
  step  475095/500000 ( 95.0%)  mean_rew=-5.000
------------------------------------------
| time/                   |              |
|    fps                  | 154          |
|    iterations           | 113          |
|    time_elapsed         | 1123         |
|    total_timesteps      | 476160       |
| train/                  |              |
|    approx_kl            | 0.0008396895 |
|    clip_fraction        | 0.0132       |
|    clip_range           | 0.2          |
|    entropy_loss         | -0.0688      |
|    explained_variance   | 0.637        |
|    learning_rate        | 0.0003       |
|    loss                 | 1.45e+03     |
|    n_updates            | 3090         |
|    policy_gradient_loss | -0.000798    |
|    value_loss           | 3.08e+03     |
------------------------------------------
--------------------------------------------
| time/                   |                |
|    fps                  | 154            |
|    iterations           | 114            |
|    time_elapsed         | 1131           |
|    total_timesteps      | 477696         |
| train/                  |                |
|    approx_kl            | 0.000120993434 |
|    clip_fraction        | 0.00013        |
|    clip_range           | 0.2            |
|    entropy_loss         | -0.04          |
|    explained_variance   | 0.715          |
|    learning_rate        | 0.0003         |
|    loss                 | 633            |
|    n_updates            | 3100           |
|    policy_gradient_loss | 9.83e-05       |
|    value_loss           | 3.02e+03       |
--------------------------------------------
------------------------------------------
| time/                   |              |
|    fps                  | 155          |
|    iterations           | 115          |
|    time_elapsed         | 1138         |
|    total_timesteps      | 479232       |
| train/                  |              |
|    approx_kl            | 0.0005724149 |
|    clip_fraction        | 0.00469      |
|    clip_range           | 0.2          |
|    entropy_loss         | -0.087       |
|    explained_variance   | 0.698        |
|    learning_rate        | 0.0003       |
|    loss                 | 2.89e+03     |
|    n_updates            | 3110         |
|    policy_gradient_loss | -0.000267    |
|    value_loss           | 3.02e+03     |
------------------------------------------
  step  480096/500000 ( 96.0%)  mean_rew=-0.014
------------------------------------------
| time/                   |              |
|    fps                  | 155          |
|    iterations           | 116          |
|    time_elapsed         | 1144         |
|    total_timesteps      | 480768       |
| train/                  |              |
|    approx_kl            | 0.0007172984 |
|    clip_fraction        | 0.0114       |
|    clip_range           | 0.2          |
|    entropy_loss         | -0.0545      |
|    explained_variance   | 0.935        |
|    learning_rate        | 0.0003       |
|    loss                 | 392          |
|    n_updates            | 3120         |
|    policy_gradient_loss | -0.00088     |
|    value_loss           | 764          |
------------------------------------------
------------------------------------------
| time/                   |              |
|    fps                  | 155          |
|    iterations           | 117          |
|    time_elapsed         | 1152         |
|    total_timesteps      | 482304       |
| train/                  |              |
|    approx_kl            | 3.460892e-05 |
|    clip_fraction        | 0            |
|    clip_range           | 0.2          |
|    entropy_loss         | -0.0525      |
|    explained_variance   | 0.757        |
|    learning_rate        | 0.0003       |
|    loss                 | 1.8e+03      |
|    n_updates            | 3130         |
|    policy_gradient_loss | -1.55e-05    |
|    value_loss           | 3.55e+03     |
------------------------------------------
------------------------------------------
| time/                   |              |
|    fps                  | 156          |
|    iterations           | 118          |
|    time_elapsed         | 1161         |
|    total_timesteps      | 483840       |
| train/                  |              |
|    approx_kl            | 0.0011774494 |
|    clip_fraction        | 0.00521      |
|    clip_range           | 0.2          |
|    entropy_loss         | -0.0441      |
|    explained_variance   | 0.74         |
|    learning_rate        | 0.0003       |
|    loss                 | 2.04e+03     |
|    n_updates            | 3140         |
|    policy_gradient_loss | -0.000549    |
|    value_loss           | 2.87e+03     |
------------------------------------------
  step  485097/500000 ( 97.0%)  mean_rew=-5.000
------------------------------------------
| time/                   |              |
|    fps                  | 156          |
|    iterations           | 119          |
|    time_elapsed         | 1168         |
|    total_timesteps      | 485376       |
| train/                  |              |
|    approx_kl            | 0.0005282838 |
|    clip_fraction        | 0.00723      |
|    clip_range           | 0.2          |
|    entropy_loss         | -0.0723      |
|    explained_variance   | 0.787        |
|    learning_rate        | 0.0003       |
|    loss                 | 109          |
|    n_updates            | 3150         |
|    policy_gradient_loss | -0.000806    |
|    value_loss           | 362          |
------------------------------------------
-------------------------------------------
| time/                   |               |
|    fps                  | 156           |
|    iterations           | 120           |
|    time_elapsed         | 1175          |
|    total_timesteps      | 486912        |
| train/                  |               |
|    approx_kl            | 0.00079535815 |
|    clip_fraction        | 0.0126        |
|    clip_range           | 0.2           |
|    entropy_loss         | -0.062        |
|    explained_variance   | 0.635         |
|    learning_rate        | 0.0003        |
|    loss                 | 1.77e+03      |
|    n_updates            | 3160          |
|    policy_gradient_loss | -0.000777     |
|    value_loss           | 3.17e+03      |
-------------------------------------------
-------------------------------------------
| time/                   |               |
|    fps                  | 157           |
|    iterations           | 121           |
|    time_elapsed         | 1181          |
|    total_timesteps      | 488448        |
| train/                  |               |
|    approx_kl            | 0.00018589613 |
|    clip_fraction        | 0.000456      |
|    clip_range           | 0.2           |
|    entropy_loss         | -0.0369       |
|    explained_variance   | 0.772         |
|    learning_rate        | 0.0003        |
|    loss                 | 559           |
|    n_updates            | 3170          |
|    policy_gradient_loss | -0.000153     |
|    value_loss           | 2.85e+03      |
-------------------------------------------
------------------------------------------
| time/                   |              |
|    fps                  | 157          |
|    iterations           | 122          |
|    time_elapsed         | 1188         |
|    total_timesteps      | 489984       |
| train/                  |              |
|    approx_kl            | 0.0012101567 |
|    clip_fraction        | 0.0199       |
|    clip_range           | 0.2          |
|    entropy_loss         | -0.107       |
|    explained_variance   | 0.721        |
|    learning_rate        | 0.0003       |
|    loss                 | 560          |
|    n_updates            | 3180         |
|    policy_gradient_loss | -0.000287    |
|    value_loss           | 3.13e+03     |
------------------------------------------
  step  490098/500000 ( 98.0%)  mean_rew=-5.000
-------------------------------------------
| time/                   |               |
|    fps                  | 158           |
|    iterations           | 123           |
|    time_elapsed         | 1195          |
|    total_timesteps      | 491520        |
| train/                  |               |
|    approx_kl            | 0.00015350792 |
|    clip_fraction        | 0.000846      |
|    clip_range           | 0.2           |
|    entropy_loss         | -0.087        |
|    explained_variance   | 0.931         |
|    learning_rate        | 0.0003        |
|    loss                 | 345           |
|    n_updates            | 3190          |
|    policy_gradient_loss | -0.000192     |
|    value_loss           | 690           |
-------------------------------------------
-------------------------------------------
| time/                   |               |
|    fps                  | 158           |
|    iterations           | 124           |
|    time_elapsed         | 1202          |
|    total_timesteps      | 493056        |
| train/                  |               |
|    approx_kl            | 0.00044486075 |
|    clip_fraction        | 0             |
|    clip_range           | 0.2           |
|    entropy_loss         | -0.0845       |
|    explained_variance   | 0.711         |
|    learning_rate        | 0.0003        |
|    loss                 | 1.69e+03      |
|    n_updates            | 3200          |
|    policy_gradient_loss | -1.88e-05     |
|    value_loss           | 3.18e+03      |
-------------------------------------------
------------------------------------------
| time/                   |              |
|    fps                  | 159          |
|    iterations           | 125          |
|    time_elapsed         | 1206         |
|    total_timesteps      | 494592       |
| train/                  |              |
|    approx_kl            | 0.0004092748 |
|    clip_fraction        | 0.00579      |
|    clip_range           | 0.2          |
|    entropy_loss         | -0.0538      |
|    explained_variance   | 0.754        |
|    learning_rate        | 0.0003       |
|    loss                 | 1.85e+03     |
|    n_updates            | 3210         |
|    policy_gradient_loss | -0.000941    |
|    value_loss           | 2.79e+03     |
------------------------------------------
  step  495099/500000 ( 99.0%)  mean_rew=-0.018
-------------------------------------------
| time/                   |               |
|    fps                  | 159           |
|    iterations           | 126           |
|    time_elapsed         | 1212          |
|    total_timesteps      | 496128        |
| train/                  |               |
|    approx_kl            | 0.00082089374 |
|    clip_fraction        | 0.00417       |
|    clip_range           | 0.2           |
|    entropy_loss         | -0.0895       |
|    explained_variance   | 0.938         |
|    learning_rate        | 0.0003        |
|    loss                 | 494           |
|    n_updates            | 3220          |
|    policy_gradient_loss | -0.000378     |
|    value_loss           | 1e+03         |
-------------------------------------------
-------------------------------------------
| time/                   |               |
|    fps                  | 160           |
|    iterations           | 127           |
|    time_elapsed         | 1218          |
|    total_timesteps      | 497664        |
| train/                  |               |
|    approx_kl            | 0.00071403774 |
|    clip_fraction        | 0.00983       |
|    clip_range           | 0.2           |
|    entropy_loss         | -0.073        |
|    explained_variance   | 0.79          |
|    learning_rate        | 0.0003        |
|    loss                 | 2.38e+03      |
|    n_updates            | 3230          |
|    policy_gradient_loss | -0.00043      |
|    value_loss           | 3.33e+03      |
-------------------------------------------
------------------------------------------
| time/                   |              |
|    fps                  | 160          |
|    iterations           | 128          |
|    time_elapsed         | 1226         |
|    total_timesteps      | 499200       |
| train/                  |              |
|    approx_kl            | 0.0011288963 |
|    clip_fraction        | 0.00846      |
|    clip_range           | 0.2          |
|    entropy_loss         | -0.0661      |
|    explained_variance   | 0.75         |
|    learning_rate        | 0.0003       |
|    loss                 | 1.38e+03     |
|    n_updates            | 3240         |
|    policy_gradient_loss | -0.000558    |
|    value_loss           | 3.25e+03     |
------------------------------------------
  step  500100/500000 (100.0%)  mean_rew=-5.000
-------------------------------------------
| time/                   |               |
|    fps                  | 160           |
|    iterations           | 129           |
|    time_elapsed         | 1232          |
|    total_timesteps      | 500736        |
| train/                  |               |
|    approx_kl            | 5.0355604e-05 |
|    clip_fraction        | 0.00124       |
|    clip_range           | 0.2           |
|    entropy_loss         | -0.0386       |
|    explained_variance   | 0.364         |
|    learning_rate        | 0.0003        |
|    loss                 | 1.27e+03      |
|    n_updates            | 3250          |
|    policy_gradient_loss | 2.32e-05      |
|    value_loss           | 2.7e+03       |
-------------------------------------------
-------------------------------------------
| time/                   |               |
|    fps                  | 161           |
|    iterations           | 130           |
|    time_elapsed         | 1238          |
|    total_timesteps      | 502272        |
| train/                  |               |
|    approx_kl            | 1.2587989e-06 |
|    clip_fraction        | 0             |
|    clip_range           | 0.2           |
|    entropy_loss         | -0.0596       |
|    explained_variance   | 0.945         |
|    learning_rate        | 0.0003        |
|    loss                 | 477           |
|    n_updates            | 3260          |
|    policy_gradient_loss | 3.94e-06      |
|    value_loss           | 792           |
-------------------------------------------
------------------------------------------
| time/                   |              |
|    fps                  | 161          |
|    iterations           | 131          |
|    time_elapsed         | 1245         |
|    total_timesteps      | 503808       |
| train/                  |              |
|    approx_kl            | 0.0003939018 |
|    clip_fraction        | 0.00417      |
|    clip_range           | 0.2          |
|    entropy_loss         | -0.0569      |
|    explained_variance   | 0.77         |
|    learning_rate        | 0.0003       |
|    loss                 | 1.19e+03     |
|    n_updates            | 3270         |
|    policy_gradient_loss | -0.0006      |
|    value_loss           | 3.43e+03     |
------------------------------------------
  Stage 4 saved -> cologne3_ppo_stage4_100pct.zip

[cologne3-PPO] Curriculum done.
  Final model -> /workspace/rl-traffic/exp_cologne3_rand_curr/ppo_wait-clip_s42/cologne3_ppo_final_model.zip
  Total steps : 500000
