Using libsumo as traci as requested by environment variable.
=================================================================
  train_cologne_curriculum — cologne3 — PPO
  reward=pressure  seed=2025  total_steps=500000
  Curriculum stages:
    Stage 1:  25% demand    75000 steps
    Stage 2:  50% demand   100000 steps
    Stage 3:  75% demand   125000 steps
    Stage 4: 100% demand   200000 steps
  save_dir: /workspace/rl-traffic/exp_cologne3_rand_curr/ppo_pressure_s2025
=================================================================
  [rand] cologne3_rand_25pct.rou.xml
  [rand] cologne3_rand_50pct.rou.xml
  [rand] cologne3_rand_75pct.rou.xml
  [rand] cologne3_rand_100pct.rou.xml

  n_agents=3 | obs=(7,) | act=Discrete(3)
Using cpu device

────────────────────────────────────────────────────────────
  Stage 1/4  25% demand  75000 steps  (cumulative -> 75000)
  Route: cologne3_rand_25pct.rou.xml
────────────────────────────────────────────────────────────
-----------------------------
| time/              |      |
|    fps             | 902  |
|    iterations      | 1    |
|    time_elapsed    | 1    |
|    total_timesteps | 1536 |
-----------------------------
-----------------------------------------
| time/                   |             |
|    fps                  | 793         |
|    iterations           | 2           |
|    time_elapsed         | 3           |
|    total_timesteps      | 3072        |
| train/                  |             |
|    approx_kl            | 0.008827327 |
|    clip_fraction        | 0.102       |
|    clip_range           | 0.2         |
|    entropy_loss         | -1.09       |
|    explained_variance   | -0.062      |
|    learning_rate        | 0.0003      |
|    loss                 | -0.000732   |
|    n_updates            | 10          |
|    policy_gradient_loss | -0.00759    |
|    value_loss           | 0.0109      |
-----------------------------------------
-----------------------------------------
| time/                   |             |
|    fps                  | 720         |
|    iterations           | 3           |
|    time_elapsed         | 6           |
|    total_timesteps      | 4608        |
| train/                  |             |
|    approx_kl            | 0.015425137 |
|    clip_fraction        | 0.21        |
|    clip_range           | 0.2         |
|    entropy_loss         | -1.06       |
|    explained_variance   | 0.322       |
|    learning_rate        | 0.0003      |
|    loss                 | -0.0104     |
|    n_updates            | 20          |
|    policy_gradient_loss | -0.0174     |
|    value_loss           | 0.0061      |
-----------------------------------------
  step    5001/500000 (  1.0%)  mean_rew=-0.002
-----------------------------------------
| time/                   |             |
|    fps                  | 694         |
|    iterations           | 4           |
|    time_elapsed         | 8           |
|    total_timesteps      | 6144        |
| train/                  |             |
|    approx_kl            | 0.017073423 |
|    clip_fraction        | 0.119       |
|    clip_range           | 0.2         |
|    entropy_loss         | -1.01       |
|    explained_variance   | 0.643       |
|    learning_rate        | 0.0003      |
|    loss                 | -0.0038     |
|    n_updates            | 30          |
|    policy_gradient_loss | -0.00888    |
|    value_loss           | 0.00154     |
-----------------------------------------
-----------------------------------------
| time/                   |             |
|    fps                  | 675         |
|    iterations           | 5           |
|    time_elapsed         | 11          |
|    total_timesteps      | 7680        |
| train/                  |             |
|    approx_kl            | 0.008107081 |
|    clip_fraction        | 0.0747      |
|    clip_range           | 0.2         |
|    entropy_loss         | -0.941      |
|    explained_variance   | 0.78        |
|    learning_rate        | 0.0003      |
|    loss                 | -0.0206     |
|    n_updates            | 40          |
|    policy_gradient_loss | -0.0104     |
|    value_loss           | 0.000779    |
-----------------------------------------
----------------------------------------
| time/                   |            |
|    fps                  | 661        |
|    iterations           | 6          |
|    time_elapsed         | 13         |
|    total_timesteps      | 9216       |
| train/                  |            |
|    approx_kl            | 0.00713837 |
|    clip_fraction        | 0.0767     |
|    clip_range           | 0.2        |
|    entropy_loss         | -0.937     |
|    explained_variance   | 0.665      |
|    learning_rate        | 0.0003     |
|    loss                 | -0.0236    |
|    n_updates            | 50         |
|    policy_gradient_loss | -0.00619   |
|    value_loss           | 0.00121    |
----------------------------------------
  step   10002/500000 (  2.0%)  mean_rew=-0.002
-----------------------------------------
| time/                   |             |
|    fps                  | 654         |
|    iterations           | 7           |
|    time_elapsed         | 16          |
|    total_timesteps      | 10752       |
| train/                  |             |
|    approx_kl            | 0.009598023 |
|    clip_fraction        | 0.0676      |
|    clip_range           | 0.2         |
|    entropy_loss         | -0.883      |
|    explained_variance   | 0.733       |
|    learning_rate        | 0.0003      |
|    loss                 | -0.0118     |
|    n_updates            | 60          |
|    policy_gradient_loss | -0.00927    |
|    value_loss           | 0.00129     |
-----------------------------------------
-----------------------------------------
| time/                   |             |
|    fps                  | 647         |
|    iterations           | 8           |
|    time_elapsed         | 18          |
|    total_timesteps      | 12288       |
| train/                  |             |
|    approx_kl            | 0.011188932 |
|    clip_fraction        | 0.148       |
|    clip_range           | 0.2         |
|    entropy_loss         | -0.835      |
|    explained_variance   | 0.846       |
|    learning_rate        | 0.0003      |
|    loss                 | -0.0252     |
|    n_updates            | 70          |
|    policy_gradient_loss | -0.0117     |
|    value_loss           | 0.000611    |
-----------------------------------------
-----------------------------------------
| time/                   |             |
|    fps                  | 643         |
|    iterations           | 9           |
|    time_elapsed         | 21          |
|    total_timesteps      | 13824       |
| train/                  |             |
|    approx_kl            | 0.008364221 |
|    clip_fraction        | 0.0518      |
|    clip_range           | 0.2         |
|    entropy_loss         | -0.784      |
|    explained_variance   | 0.768       |
|    learning_rate        | 0.0003      |
|    loss                 | -0.00184    |
|    n_updates            | 80          |
|    policy_gradient_loss | -0.00429    |
|    value_loss           | 0.000821    |
-----------------------------------------
  step   15003/500000 (  3.0%)  mean_rew=-0.002
-----------------------------------------
| time/                   |             |
|    fps                  | 638         |
|    iterations           | 10          |
|    time_elapsed         | 24          |
|    total_timesteps      | 15360       |
| train/                  |             |
|    approx_kl            | 0.007768579 |
|    clip_fraction        | 0.0373      |
|    clip_range           | 0.2         |
|    entropy_loss         | -0.712      |
|    explained_variance   | 0.763       |
|    learning_rate        | 0.0003      |
|    loss                 | -0.00219    |
|    n_updates            | 90          |
|    policy_gradient_loss | -0.00341    |
|    value_loss           | 0.000741    |
-----------------------------------------
------------------------------------------
| time/                   |              |
|    fps                  | 638          |
|    iterations           | 11           |
|    time_elapsed         | 26           |
|    total_timesteps      | 16896        |
| train/                  |              |
|    approx_kl            | 0.0052038184 |
|    clip_fraction        | 0.0194       |
|    clip_range           | 0.2          |
|    entropy_loss         | -0.653       |
|    explained_variance   | 0.782        |
|    learning_rate        | 0.0003       |
|    loss                 | 0.0055       |
|    n_updates            | 100          |
|    policy_gradient_loss | -0.00129     |
|    value_loss           | 0.000716     |
------------------------------------------
------------------------------------------
| time/                   |              |
|    fps                  | 635          |
|    iterations           | 12           |
|    time_elapsed         | 29           |
|    total_timesteps      | 18432        |
| train/                  |              |
|    approx_kl            | 0.0065034437 |
|    clip_fraction        | 0.041        |
|    clip_range           | 0.2          |
|    entropy_loss         | -0.631       |
|    explained_variance   | 0.878        |
|    learning_rate        | 0.0003       |
|    loss                 | -0.000476    |
|    n_updates            | 110          |
|    policy_gradient_loss | -0.00392     |
|    value_loss           | 0.000396     |
------------------------------------------
------------------------------------------
| time/                   |              |
|    fps                  | 632          |
|    iterations           | 13           |
|    time_elapsed         | 31           |
|    total_timesteps      | 19968        |
| train/                  |              |
|    approx_kl            | 0.0056889937 |
|    clip_fraction        | 0.0382       |
|    clip_range           | 0.2          |
|    entropy_loss         | -0.583       |
|    explained_variance   | 0.779        |
|    learning_rate        | 0.0003       |
|    loss                 | 0.00104      |
|    n_updates            | 120          |
|    policy_gradient_loss | -0.0025      |
|    value_loss           | 0.000659     |
------------------------------------------
  step   20004/500000 (  4.0%)  mean_rew=-0.002
-----------------------------------------
| time/                   |             |
|    fps                  | 631         |
|    iterations           | 14          |
|    time_elapsed         | 34          |
|    total_timesteps      | 21504       |
| train/                  |             |
|    approx_kl            | 0.008524152 |
|    clip_fraction        | 0.0738      |
|    clip_range           | 0.2         |
|    entropy_loss         | -0.547      |
|    explained_variance   | 0.805       |
|    learning_rate        | 0.0003      |
|    loss                 | -0.0111     |
|    n_updates            | 130         |
|    policy_gradient_loss | -0.00537    |
|    value_loss           | 0.000565    |
-----------------------------------------
-----------------------------------------
| time/                   |             |
|    fps                  | 629         |
|    iterations           | 15          |
|    time_elapsed         | 36          |
|    total_timesteps      | 23040       |
| train/                  |             |
|    approx_kl            | 0.005900511 |
|    clip_fraction        | 0.0398      |
|    clip_range           | 0.2         |
|    entropy_loss         | -0.473      |
|    explained_variance   | 0.89        |
|    learning_rate        | 0.0003      |
|    loss                 | -0.00708    |
|    n_updates            | 140         |
|    policy_gradient_loss | -0.00359    |
|    value_loss           | 0.000236    |
-----------------------------------------
-----------------------------------------
| time/                   |             |
|    fps                  | 627         |
|    iterations           | 16          |
|    time_elapsed         | 39          |
|    total_timesteps      | 24576       |
| train/                  |             |
|    approx_kl            | 0.004457938 |
|    clip_fraction        | 0.0366      |
|    clip_range           | 0.2         |
|    entropy_loss         | -0.427      |
|    explained_variance   | 0.781       |
|    learning_rate        | 0.0003      |
|    loss                 | 0.0117      |
|    n_updates            | 150         |
|    policy_gradient_loss | -0.00206    |
|    value_loss           | 0.000514    |
-----------------------------------------
  step   25005/500000 (  5.0%)  mean_rew=-0.001
------------------------------------------
| time/                   |              |
|    fps                  | 625          |
|    iterations           | 17           |
|    time_elapsed         | 41           |
|    total_timesteps      | 26112        |
| train/                  |              |
|    approx_kl            | 0.0035833374 |
|    clip_fraction        | 0.0384       |
|    clip_range           | 0.2          |
|    entropy_loss         | -0.418       |
|    explained_variance   | 0.769        |
|    learning_rate        | 0.0003       |
|    loss                 | -0.00594     |
|    n_updates            | 160          |
|    policy_gradient_loss | -0.00253     |
|    value_loss           | 0.00051      |
------------------------------------------
------------------------------------------
| time/                   |              |
|    fps                  | 625          |
|    iterations           | 18           |
|    time_elapsed         | 44           |
|    total_timesteps      | 27648        |
| train/                  |              |
|    approx_kl            | 0.0024708752 |
|    clip_fraction        | 0.0271       |
|    clip_range           | 0.2          |
|    entropy_loss         | -0.436       |
|    explained_variance   | 0.794        |
|    learning_rate        | 0.0003       |
|    loss                 | 0.00296      |
|    n_updates            | 170          |
|    policy_gradient_loss | -0.0016      |
|    value_loss           | 0.00043      |
------------------------------------------
------------------------------------------
| time/                   |              |
|    fps                  | 624          |
|    iterations           | 19           |
|    time_elapsed         | 46           |
|    total_timesteps      | 29184        |
| train/                  |              |
|    approx_kl            | 0.0038711445 |
|    clip_fraction        | 0.0364       |
|    clip_range           | 0.2          |
|    entropy_loss         | -0.476       |
|    explained_variance   | 0.899        |
|    learning_rate        | 0.0003       |
|    loss                 | 0.000162     |
|    n_updates            | 180          |
|    policy_gradient_loss | -0.00351     |
|    value_loss           | 0.000168     |
------------------------------------------
  step   30006/500000 (  6.0%)  mean_rew=-0.001
-----------------------------------------
| time/                   |             |
|    fps                  | 623         |
|    iterations           | 20          |
|    time_elapsed         | 49          |
|    total_timesteps      | 30720       |
| train/                  |             |
|    approx_kl            | 0.004925698 |
|    clip_fraction        | 0.0326      |
|    clip_range           | 0.2         |
|    entropy_loss         | -0.467      |
|    explained_variance   | 0.747       |
|    learning_rate        | 0.0003      |
|    loss                 | -0.004      |
|    n_updates            | 190         |
|    policy_gradient_loss | -0.00343    |
|    value_loss           | 0.000441    |
-----------------------------------------
------------------------------------------
| time/                   |              |
|    fps                  | 622          |
|    iterations           | 21           |
|    time_elapsed         | 51           |
|    total_timesteps      | 32256        |
| train/                  |              |
|    approx_kl            | 0.0026907874 |
|    clip_fraction        | 0.0168       |
|    clip_range           | 0.2          |
|    entropy_loss         | -0.414       |
|    explained_variance   | 0.762        |
|    learning_rate        | 0.0003       |
|    loss                 | -0.00411     |
|    n_updates            | 200          |
|    policy_gradient_loss | -0.000998    |
|    value_loss           | 0.000412     |
------------------------------------------
------------------------------------------
| time/                   |              |
|    fps                  | 622          |
|    iterations           | 22           |
|    time_elapsed         | 54           |
|    total_timesteps      | 33792        |
| train/                  |              |
|    approx_kl            | 0.0029247056 |
|    clip_fraction        | 0.036        |
|    clip_range           | 0.2          |
|    entropy_loss         | -0.38        |
|    explained_variance   | 0.909        |
|    learning_rate        | 0.0003       |
|    loss                 | 0.00496      |
|    n_updates            | 210          |
|    policy_gradient_loss | -0.00248     |
|    value_loss           | 0.000118     |
------------------------------------------
  step   35007/500000 (  7.0%)  mean_rew=-0.001
------------------------------------------
| time/                   |              |
|    fps                  | 621          |
|    iterations           | 23           |
|    time_elapsed         | 56           |
|    total_timesteps      | 35328        |
| train/                  |              |
|    approx_kl            | 0.0031412607 |
|    clip_fraction        | 0.0241       |
|    clip_range           | 0.2          |
|    entropy_loss         | -0.346       |
|    explained_variance   | 0.787        |
|    learning_rate        | 0.0003       |
|    loss                 | -0.00107     |
|    n_updates            | 220          |
|    policy_gradient_loss | -0.00142     |
|    value_loss           | 0.000356     |
------------------------------------------
-----------------------------------------
| time/                   |             |
|    fps                  | 620         |
|    iterations           | 24          |
|    time_elapsed         | 59          |
|    total_timesteps      | 36864       |
| train/                  |             |
|    approx_kl            | 0.001432533 |
|    clip_fraction        | 0.013       |
|    clip_range           | 0.2         |
|    entropy_loss         | -0.341      |
|    explained_variance   | 0.79        |
|    learning_rate        | 0.0003      |
|    loss                 | -0.00283    |
|    n_updates            | 230         |
|    policy_gradient_loss | -0.00126    |
|    value_loss           | 0.000408    |
-----------------------------------------
----------------------------------------
| time/                   |            |
|    fps                  | 620        |
|    iterations           | 25         |
|    time_elapsed         | 61         |
|    total_timesteps      | 38400      |
| train/                  |            |
|    approx_kl            | 0.00205268 |
|    clip_fraction        | 0.0142     |
|    clip_range           | 0.2        |
|    entropy_loss         | -0.348     |
|    explained_variance   | 0.835      |
|    learning_rate        | 0.0003     |
|    loss                 | -4.18e-06  |
|    n_updates            | 240        |
|    policy_gradient_loss | -0.000909  |
|    value_loss           | 0.000306   |
----------------------------------------
------------------------------------------
| time/                   |              |
|    fps                  | 619          |
|    iterations           | 26           |
|    time_elapsed         | 64           |
|    total_timesteps      | 39936        |
| train/                  |              |
|    approx_kl            | 0.0015393184 |
|    clip_fraction        | 0.00723      |
|    clip_range           | 0.2          |
|    entropy_loss         | -0.368       |
|    explained_variance   | 0.93         |
|    learning_rate        | 0.0003       |
|    loss                 | 0.00502      |
|    n_updates            | 250          |
|    policy_gradient_loss | -0.000389    |
|    value_loss           | 0.000123     |
------------------------------------------
  step   40008/500000 (  8.0%)  mean_rew=-0.001
------------------------------------------
| time/                   |              |
|    fps                  | 618          |
|    iterations           | 27           |
|    time_elapsed         | 66           |
|    total_timesteps      | 41472        |
| train/                  |              |
|    approx_kl            | 0.0032904118 |
|    clip_fraction        | 0.00898      |
|    clip_range           | 0.2          |
|    entropy_loss         | -0.359       |
|    explained_variance   | 0.803        |
|    learning_rate        | 0.0003       |
|    loss                 | 0.009        |
|    n_updates            | 260          |
|    policy_gradient_loss | -0.000917    |
|    value_loss           | 0.000362     |
------------------------------------------
------------------------------------------
| time/                   |              |
|    fps                  | 618          |
|    iterations           | 28           |
|    time_elapsed         | 69           |
|    total_timesteps      | 43008        |
| train/                  |              |
|    approx_kl            | 0.0018571703 |
|    clip_fraction        | 0.0298       |
|    clip_range           | 0.2          |
|    entropy_loss         | -0.309       |
|    explained_variance   | 0.802        |
|    learning_rate        | 0.0003       |
|    loss                 | 0.000678     |
|    n_updates            | 270          |
|    policy_gradient_loss | -0.00263     |
|    value_loss           | 0.000382     |
------------------------------------------
------------------------------------------
| time/                   |              |
|    fps                  | 618          |
|    iterations           | 29           |
|    time_elapsed         | 71           |
|    total_timesteps      | 44544        |
| train/                  |              |
|    approx_kl            | 0.0011501907 |
|    clip_fraction        | 0.03         |
|    clip_range           | 0.2          |
|    entropy_loss         | -0.312       |
|    explained_variance   | 0.915        |
|    learning_rate        | 0.0003       |
|    loss                 | -0.00233     |
|    n_updates            | 280          |
|    policy_gradient_loss | -0.00213     |
|    value_loss           | 0.000121     |
------------------------------------------
  step   45009/500000 (  9.0%)  mean_rew=-0.001
------------------------------------------
| time/                   |              |
|    fps                  | 617          |
|    iterations           | 30           |
|    time_elapsed         | 74           |
|    total_timesteps      | 46080        |
| train/                  |              |
|    approx_kl            | 0.0021604379 |
|    clip_fraction        | 0.0161       |
|    clip_range           | 0.2          |
|    entropy_loss         | -0.292       |
|    explained_variance   | 0.799        |
|    learning_rate        | 0.0003       |
|    loss                 | 0.00026      |
|    n_updates            | 290          |
|    policy_gradient_loss | -0.00154     |
|    value_loss           | 0.000341     |
------------------------------------------
------------------------------------------
| time/                   |              |
|    fps                  | 617          |
|    iterations           | 31           |
|    time_elapsed         | 77           |
|    total_timesteps      | 47616        |
| train/                  |              |
|    approx_kl            | 0.0014102956 |
|    clip_fraction        | 0.00332      |
|    clip_range           | 0.2          |
|    entropy_loss         | -0.277       |
|    explained_variance   | 0.797        |
|    learning_rate        | 0.0003       |
|    loss                 | -0.00467     |
|    n_updates            | 300          |
|    policy_gradient_loss | -0.000639    |
|    value_loss           | 0.000328     |
------------------------------------------
-------------------------------------------
| time/                   |               |
|    fps                  | 617           |
|    iterations           | 32            |
|    time_elapsed         | 79            |
|    total_timesteps      | 49152         |
| train/                  |               |
|    approx_kl            | 0.00048567425 |
|    clip_fraction        | 0.00605       |
|    clip_range           | 0.2           |
|    entropy_loss         | -0.262        |
|    explained_variance   | 0.86          |
|    learning_rate        | 0.0003        |
|    loss                 | -0.00663      |
|    n_updates            | 310           |
|    policy_gradient_loss | -0.00111      |
|    value_loss           | 0.000218      |
-------------------------------------------
  step   50010/500000 ( 10.0%)  mean_rew=-0.001
------------------------------------------
| time/                   |              |
|    fps                  | 616          |
|    iterations           | 33           |
|    time_elapsed         | 82           |
|    total_timesteps      | 50688        |
| train/                  |              |
|    approx_kl            | 0.0015007034 |
|    clip_fraction        | 0.0121       |
|    clip_range           | 0.2          |
|    entropy_loss         | -0.228       |
|    explained_variance   | 0.909        |
|    learning_rate        | 0.0003       |
|    loss                 | -0.0174      |
|    n_updates            | 320          |
|    policy_gradient_loss | -0.00159     |
|    value_loss           | 0.000141     |
------------------------------------------
-------------------------------------------
| time/                   |               |
|    fps                  | 616           |
|    iterations           | 34            |
|    time_elapsed         | 84            |
|    total_timesteps      | 52224         |
| train/                  |               |
|    approx_kl            | 0.00018824094 |
|    clip_fraction        | 0.00534       |
|    clip_range           | 0.2           |
|    entropy_loss         | -0.218        |
|    explained_variance   | 0.824         |
|    learning_rate        | 0.0003        |
|    loss                 | 0.00157       |
|    n_updates            | 330           |
|    policy_gradient_loss | -0.000599     |
|    value_loss           | 0.000305      |
-------------------------------------------
------------------------------------------
| time/                   |              |
|    fps                  | 616          |
|    iterations           | 35           |
|    time_elapsed         | 87           |
|    total_timesteps      | 53760        |
| train/                  |              |
|    approx_kl            | 0.0009329499 |
|    clip_fraction        | 0.00605      |
|    clip_range           | 0.2          |
|    entropy_loss         | -0.219       |
|    explained_variance   | 0.811        |
|    learning_rate        | 0.0003       |
|    loss                 | 0.00241      |
|    n_updates            | 340          |
|    policy_gradient_loss | -0.000411    |
|    value_loss           | 0.000328     |
------------------------------------------
  step   55011/500000 ( 11.0%)  mean_rew=-0.001
-------------------------------------------
| time/                   |               |
|    fps                  | 616           |
|    iterations           | 36            |
|    time_elapsed         | 89            |
|    total_timesteps      | 55296         |
| train/                  |               |
|    approx_kl            | 0.00074537774 |
|    clip_fraction        | 0.0156        |
|    clip_range           | 0.2           |
|    entropy_loss         | -0.218        |
|    explained_variance   | 0.924         |
|    learning_rate        | 0.0003        |
|    loss                 | -0.00358      |
|    n_updates            | 350           |
|    policy_gradient_loss | -0.00209      |
|    value_loss           | 0.000119      |
-------------------------------------------
------------------------------------------
| time/                   |              |
|    fps                  | 615          |
|    iterations           | 37           |
|    time_elapsed         | 92           |
|    total_timesteps      | 56832        |
| train/                  |              |
|    approx_kl            | 0.0010987492 |
|    clip_fraction        | 0.0301       |
|    clip_range           | 0.2          |
|    entropy_loss         | -0.231       |
|    explained_variance   | 0.815        |
|    learning_rate        | 0.0003       |
|    loss                 | -0.00124     |
|    n_updates            | 360          |
|    policy_gradient_loss | -0.00227     |
|    value_loss           | 0.000357     |
------------------------------------------
------------------------------------------
| time/                   |              |
|    fps                  | 615          |
|    iterations           | 38           |
|    time_elapsed         | 94           |
|    total_timesteps      | 58368        |
| train/                  |              |
|    approx_kl            | 0.0014651302 |
|    clip_fraction        | 0.0155       |
|    clip_range           | 0.2          |
|    entropy_loss         | -0.213       |
|    explained_variance   | 0.832        |
|    learning_rate        | 0.0003       |
|    loss                 | -0.00137     |
|    n_updates            | 370          |
|    policy_gradient_loss | -0.0013      |
|    value_loss           | 0.000296     |
------------------------------------------
------------------------------------------
| time/                   |              |
|    fps                  | 615          |
|    iterations           | 39           |
|    time_elapsed         | 97           |
|    total_timesteps      | 59904        |
| train/                  |              |
|    approx_kl            | 0.0014156611 |
|    clip_fraction        | 0.0165       |
|    clip_range           | 0.2          |
|    entropy_loss         | -0.187       |
|    explained_variance   | 0.835        |
|    learning_rate        | 0.0003       |
|    loss                 | -0.00858     |
|    n_updates            | 380          |
|    policy_gradient_loss | -0.00148     |
|    value_loss           | 0.000253     |
------------------------------------------
  step   60012/500000 ( 12.0%)  mean_rew=-0.001
------------------------------------------
| time/                   |              |
|    fps                  | 615          |
|    iterations           | 40           |
|    time_elapsed         | 99           |
|    total_timesteps      | 61440        |
| train/                  |              |
|    approx_kl            | 0.0010150074 |
|    clip_fraction        | 0.00664      |
|    clip_range           | 0.2          |
|    entropy_loss         | -0.185       |
|    explained_variance   | 0.916        |
|    learning_rate        | 0.0003       |
|    loss                 | -0.00568     |
|    n_updates            | 390          |
|    policy_gradient_loss | -0.000518    |
|    value_loss           | 0.000117     |
------------------------------------------
------------------------------------------
| time/                   |              |
|    fps                  | 614          |
|    iterations           | 41           |
|    time_elapsed         | 102          |
|    total_timesteps      | 62976        |
| train/                  |              |
|    approx_kl            | 0.0007865829 |
|    clip_fraction        | 0.00566      |
|    clip_range           | 0.2          |
|    entropy_loss         | -0.198       |
|    explained_variance   | 0.809        |
|    learning_rate        | 0.0003       |
|    loss                 | -0.00107     |
|    n_updates            | 400          |
|    policy_gradient_loss | -0.000394    |
|    value_loss           | 0.000273     |
------------------------------------------
------------------------------------------
| time/                   |              |
|    fps                  | 614          |
|    iterations           | 42           |
|    time_elapsed         | 104          |
|    total_timesteps      | 64512        |
| train/                  |              |
|    approx_kl            | 0.0011456426 |
|    clip_fraction        | 0.00488      |
|    clip_range           | 0.2          |
|    entropy_loss         | -0.2         |
|    explained_variance   | 0.779        |
|    learning_rate        | 0.0003       |
|    loss                 | 0.00296      |
|    n_updates            | 410          |
|    policy_gradient_loss | -0.000641    |
|    value_loss           | 0.000363     |
------------------------------------------
  step   65013/500000 ( 13.0%)  mean_rew=-0.001
-------------------------------------------
| time/                   |               |
|    fps                  | 614           |
|    iterations           | 43            |
|    time_elapsed         | 107           |
|    total_timesteps      | 66048         |
| train/                  |               |
|    approx_kl            | 0.00036797315 |
|    clip_fraction        | 0.00755       |
|    clip_range           | 0.2           |
|    entropy_loss         | -0.193        |
|    explained_variance   | 0.908         |
|    learning_rate        | 0.0003        |
|    loss                 | -0.00244      |
|    n_updates            | 420           |
|    policy_gradient_loss | -0.000923     |
|    value_loss           | 0.000118      |
-------------------------------------------
------------------------------------------
| time/                   |              |
|    fps                  | 613          |
|    iterations           | 44           |
|    time_elapsed         | 110          |
|    total_timesteps      | 67584        |
| train/                  |              |
|    approx_kl            | 0.0013776575 |
|    clip_fraction        | 0.018        |
|    clip_range           | 0.2          |
|    entropy_loss         | -0.167       |
|    explained_variance   | 0.75         |
|    learning_rate        | 0.0003       |
|    loss                 | -0.00768     |
|    n_updates            | 430          |
|    policy_gradient_loss | -0.00161     |
|    value_loss           | 0.000377     |
------------------------------------------
-------------------------------------------
| time/                   |               |
|    fps                  | 613           |
|    iterations           | 45            |
|    time_elapsed         | 112           |
|    total_timesteps      | 69120         |
| train/                  |               |
|    approx_kl            | 0.00097147265 |
|    clip_fraction        | 0.0148        |
|    clip_range           | 0.2           |
|    entropy_loss         | -0.144        |
|    explained_variance   | 0.804         |
|    learning_rate        | 0.0003        |
|    loss                 | 0.00137       |
|    n_updates            | 440           |
|    policy_gradient_loss | -0.00107      |
|    value_loss           | 0.000283      |
-------------------------------------------
  step   70014/500000 ( 14.0%)  mean_rew=-0.001
-------------------------------------------
| time/                   |               |
|    fps                  | 613           |
|    iterations           | 46            |
|    time_elapsed         | 115           |
|    total_timesteps      | 70656         |
| train/                  |               |
|    approx_kl            | 0.00027871112 |
|    clip_fraction        | 0.013         |
|    clip_range           | 0.2           |
|    entropy_loss         | -0.151        |
|    explained_variance   | 0.821         |
|    learning_rate        | 0.0003        |
|    loss                 | -0.00228      |
|    n_updates            | 450           |
|    policy_gradient_loss | -0.00135      |
|    value_loss           | 0.000237      |
-------------------------------------------
------------------------------------------
| time/                   |              |
|    fps                  | 613          |
|    iterations           | 47           |
|    time_elapsed         | 117          |
|    total_timesteps      | 72192        |
| train/                  |              |
|    approx_kl            | 0.0004981502 |
|    clip_fraction        | 0.0109       |
|    clip_range           | 0.2          |
|    entropy_loss         | -0.163       |
|    explained_variance   | 0.906        |
|    learning_rate        | 0.0003       |
|    loss                 | -0.0014      |
|    n_updates            | 460          |
|    policy_gradient_loss | -0.00103     |
|    value_loss           | 0.000129     |
------------------------------------------
------------------------------------------
| time/                   |              |
|    fps                  | 612          |
|    iterations           | 48           |
|    time_elapsed         | 120          |
|    total_timesteps      | 73728        |
| train/                  |              |
|    approx_kl            | 0.0006084132 |
|    clip_fraction        | 0.00462      |
|    clip_range           | 0.2          |
|    entropy_loss         | -0.145       |
|    explained_variance   | 0.827        |
|    learning_rate        | 0.0003       |
|    loss                 | -0.00517     |
|    n_updates            | 470          |
|    policy_gradient_loss | -0.000297    |
|    value_loss           | 0.000273     |
------------------------------------------
  step   75015/500000 ( 15.0%)  mean_rew=-0.002
------------------------------------------
| time/                   |              |
|    fps                  | 612          |
|    iterations           | 49           |
|    time_elapsed         | 122          |
|    total_timesteps      | 75264        |
| train/                  |              |
|    approx_kl            | 0.0006026338 |
|    clip_fraction        | 0.0134       |
|    clip_range           | 0.2          |
|    entropy_loss         | -0.124       |
|    explained_variance   | 0.846        |
|    learning_rate        | 0.0003       |
|    loss                 | -0.00523     |
|    n_updates            | 480          |
|    policy_gradient_loss | -0.00169     |
|    value_loss           | 0.000244     |
------------------------------------------
  Stage 1 saved -> cologne3_ppo_stage1_25pct.zip

────────────────────────────────────────────────────────────
  Stage 2/4  50% demand  100000 steps  (cumulative -> 175000)
  Route: cologne3_rand_50pct.rou.xml
────────────────────────────────────────────────────────────
------------------------------
| time/              |       |
|    fps             | 686   |
|    iterations      | 1     |
|    time_elapsed    | 2     |
|    total_timesteps | 76800 |
------------------------------
------------------------------------------
| time/                   |              |
|    fps                  | 568          |
|    iterations           | 2            |
|    time_elapsed         | 5            |
|    total_timesteps      | 78336        |
| train/                  |              |
|    approx_kl            | 0.0009359279 |
|    clip_fraction        | 0.0115       |
|    clip_range           | 0.2          |
|    entropy_loss         | -0.118       |
|    explained_variance   | 0.885        |
|    learning_rate        | 0.0003       |
|    loss                 | 0.00184      |
|    n_updates            | 500          |
|    policy_gradient_loss | -0.0014      |
|    value_loss           | 0.000222     |
------------------------------------------
-------------------------------------------
| time/                   |               |
|    fps                  | 539           |
|    iterations           | 3             |
|    time_elapsed         | 8             |
|    total_timesteps      | 79872         |
| train/                  |               |
|    approx_kl            | 0.00067034643 |
|    clip_fraction        | 0.00768       |
|    clip_range           | 0.2           |
|    entropy_loss         | -0.106        |
|    explained_variance   | 0.771         |
|    learning_rate        | 0.0003        |
|    loss                 | 0.000911      |
|    n_updates            | 510           |
|    policy_gradient_loss | -0.000676     |
|    value_loss           | 0.000699      |
-------------------------------------------
  step   80016/500000 ( 16.0%)  mean_rew=-0.003
------------------------------------------
| time/                   |              |
|    fps                  | 528          |
|    iterations           | 4            |
|    time_elapsed         | 11           |
|    total_timesteps      | 81408        |
| train/                  |              |
|    approx_kl            | 0.0003807921 |
|    clip_fraction        | 0.00729      |
|    clip_range           | 0.2          |
|    entropy_loss         | -0.115       |
|    explained_variance   | 0.807        |
|    learning_rate        | 0.0003       |
|    loss                 | 0.00108      |
|    n_updates            | 520          |
|    policy_gradient_loss | -0.00172     |
|    value_loss           | 0.000622     |
------------------------------------------
------------------------------------------
| time/                   |              |
|    fps                  | 519          |
|    iterations           | 5            |
|    time_elapsed         | 14           |
|    total_timesteps      | 82944        |
| train/                  |              |
|    approx_kl            | 0.0007232053 |
|    clip_fraction        | 0.00566      |
|    clip_range           | 0.2          |
|    entropy_loss         | -0.107       |
|    explained_variance   | 0.897        |
|    learning_rate        | 0.0003       |
|    loss                 | 0.00155      |
|    n_updates            | 530          |
|    policy_gradient_loss | -0.000238    |
|    value_loss           | 0.000349     |
------------------------------------------
-------------------------------------------
| time/                   |               |
|    fps                  | 510           |
|    iterations           | 6             |
|    time_elapsed         | 18            |
|    total_timesteps      | 84480         |
| train/                  |               |
|    approx_kl            | 0.00035631726 |
|    clip_fraction        | 0.00846       |
|    clip_range           | 0.2           |
|    entropy_loss         | -0.0931       |
|    explained_variance   | 0.801         |
|    learning_rate        | 0.0003        |
|    loss                 | 0.0011        |
|    n_updates            | 540           |
|    policy_gradient_loss | -0.000702     |
|    value_loss           | 0.000815      |
-------------------------------------------
  step   85017/500000 ( 17.0%)  mean_rew=-0.002
-------------------------------------------
| time/                   |               |
|    fps                  | 507           |
|    iterations           | 7             |
|    time_elapsed         | 21            |
|    total_timesteps      | 86016         |
| train/                  |               |
|    approx_kl            | 0.00031846596 |
|    clip_fraction        | 0.00352       |
|    clip_range           | 0.2           |
|    entropy_loss         | -0.0948       |
|    explained_variance   | 0.785         |
|    learning_rate        | 0.0003        |
|    loss                 | 0.000862      |
|    n_updates            | 550           |
|    policy_gradient_loss | -0.000526     |
|    value_loss           | 0.00097       |
-------------------------------------------
-------------------------------------------
| time/                   |               |
|    fps                  | 505           |
|    iterations           | 8             |
|    time_elapsed         | 24            |
|    total_timesteps      | 87552         |
| train/                  |               |
|    approx_kl            | 0.00019219374 |
|    clip_fraction        | 0.00247       |
|    clip_range           | 0.2           |
|    entropy_loss         | -0.0993       |
|    explained_variance   | 0.943         |
|    learning_rate        | 0.0003        |
|    loss                 | -0.000417     |
|    n_updates            | 560           |
|    policy_gradient_loss | -0.00035      |
|    value_loss           | 0.00024       |
-------------------------------------------
-------------------------------------------
| time/                   |               |
|    fps                  | 503           |
|    iterations           | 9             |
|    time_elapsed         | 27            |
|    total_timesteps      | 89088         |
| train/                  |               |
|    approx_kl            | 0.00046723068 |
|    clip_fraction        | 0.0134        |
|    clip_range           | 0.2           |
|    entropy_loss         | -0.106        |
|    explained_variance   | 0.849         |
|    learning_rate        | 0.0003        |
|    loss                 | -0.000324     |
|    n_updates            | 570           |
|    policy_gradient_loss | -0.000766     |
|    value_loss           | 0.000745      |
-------------------------------------------
  step   90018/500000 ( 18.0%)  mean_rew=-0.003
----------------------------------------
| time/                   |            |
|    fps                  | 502        |
|    iterations           | 10         |
|    time_elapsed         | 30         |
|    total_timesteps      | 90624      |
| train/                  |            |
|    approx_kl            | 0.00055131 |
|    clip_fraction        | 0.00202    |
|    clip_range           | 0.2        |
|    entropy_loss         | -0.095     |
|    explained_variance   | 0.806      |
|    learning_rate        | 0.0003     |
|    loss                 | 0.00241    |
|    n_updates            | 580        |
|    policy_gradient_loss | -0.000484  |
|    value_loss           | 0.00113    |
----------------------------------------
------------------------------------------
| time/                   |              |
|    fps                  | 502          |
|    iterations           | 11           |
|    time_elapsed         | 33           |
|    total_timesteps      | 92160        |
| train/                  |              |
|    approx_kl            | 0.0005084442 |
|    clip_fraction        | 0.0082       |
|    clip_range           | 0.2          |
|    entropy_loss         | -0.0956      |
|    explained_variance   | 0.839        |
|    learning_rate        | 0.0003       |
|    loss                 | 0.00405      |
|    n_updates            | 590          |
|    policy_gradient_loss | -0.000676    |
|    value_loss           | 0.000954     |
------------------------------------------
------------------------------------------
| time/                   |              |
|    fps                  | 500          |
|    iterations           | 12           |
|    time_elapsed         | 36           |
|    total_timesteps      | 93696        |
| train/                  |              |
|    approx_kl            | 0.0003978377 |
|    clip_fraction        | 0.0043       |
|    clip_range           | 0.2          |
|    entropy_loss         | -0.106       |
|    explained_variance   | 0.957        |
|    learning_rate        | 0.0003       |
|    loss                 | -0.00124     |
|    n_updates            | 600          |
|    policy_gradient_loss | -0.000139    |
|    value_loss           | 0.000224     |
------------------------------------------
  step   95019/500000 ( 19.0%)  mean_rew=-0.002
-------------------------------------------
| time/                   |               |
|    fps                  | 497           |
|    iterations           | 13            |
|    time_elapsed         | 40            |
|    total_timesteps      | 95232         |
| train/                  |               |
|    approx_kl            | 0.00081853213 |
|    clip_fraction        | 0.0129        |
|    clip_range           | 0.2           |
|    entropy_loss         | -0.121        |
|    explained_variance   | 0.822         |
|    learning_rate        | 0.0003        |
|    loss                 | 0.00188       |
|    n_updates            | 610           |
|    policy_gradient_loss | -0.000983     |
|    value_loss           | 0.00105       |
-------------------------------------------
-------------------------------------------
| time/                   |               |
|    fps                  | 496           |
|    iterations           | 14            |
|    time_elapsed         | 43            |
|    total_timesteps      | 96768         |
| train/                  |               |
|    approx_kl            | 0.00061056216 |
|    clip_fraction        | 0.0124        |
|    clip_range           | 0.2           |
|    entropy_loss         | -0.13         |
|    explained_variance   | 0.839         |
|    learning_rate        | 0.0003        |
|    loss                 | 0.00116       |
|    n_updates            | 620           |
|    policy_gradient_loss | -0.000809     |
|    value_loss           | 0.000978      |
-------------------------------------------
-------------------------------------------
| time/                   |               |
|    fps                  | 495           |
|    iterations           | 15            |
|    time_elapsed         | 46            |
|    total_timesteps      | 98304         |
| train/                  |               |
|    approx_kl            | 0.00015775552 |
|    clip_fraction        | 0.00026       |
|    clip_range           | 0.2           |
|    entropy_loss         | -0.12         |
|    explained_variance   | 0.954         |
|    learning_rate        | 0.0003        |
|    loss                 | -0.000318     |
|    n_updates            | 630           |
|    policy_gradient_loss | -3.28e-05     |
|    value_loss           | 0.000265      |
-------------------------------------------
------------------------------------------
| time/                   |              |
|    fps                  | 494          |
|    iterations           | 16           |
|    time_elapsed         | 49           |
|    total_timesteps      | 99840        |
| train/                  |              |
|    approx_kl            | 0.0003676994 |
|    clip_fraction        | 0.00365      |
|    clip_range           | 0.2          |
|    entropy_loss         | -0.109       |
|    explained_variance   | 0.855        |
|    learning_rate        | 0.0003       |
|    loss                 | -0.00483     |
|    n_updates            | 640          |
|    policy_gradient_loss | -0.000399    |
|    value_loss           | 0.000852     |
------------------------------------------
  step  100020/500000 ( 20.0%)  mean_rew=-0.002
-------------------------------------------
| time/                   |               |
|    fps                  | 492           |
|    iterations           | 17            |
|    time_elapsed         | 53            |
|    total_timesteps      | 101376        |
| train/                  |               |
|    approx_kl            | 0.00030630492 |
|    clip_fraction        | 0.00417       |
|    clip_range           | 0.2           |
|    entropy_loss         | -0.112        |
|    explained_variance   | 0.806         |
|    learning_rate        | 0.0003        |
|    loss                 | 0.00244       |
|    n_updates            | 650           |
|    policy_gradient_loss | -0.000392     |
|    value_loss           | 0.00112       |
-------------------------------------------
-------------------------------------------
| time/                   |               |
|    fps                  | 492           |
|    iterations           | 18            |
|    time_elapsed         | 56            |
|    total_timesteps      | 102912        |
| train/                  |               |
|    approx_kl            | 0.00071393466 |
|    clip_fraction        | 0.0126        |
|    clip_range           | 0.2           |
|    entropy_loss         | -0.107        |
|    explained_variance   | 0.83          |
|    learning_rate        | 0.0003        |
|    loss                 | 4.15e-05      |
|    n_updates            | 660           |
|    policy_gradient_loss | -0.000531     |
|    value_loss           | 0.000987      |
-------------------------------------------
------------------------------------------
| time/                   |              |
|    fps                  | 490          |
|    iterations           | 19           |
|    time_elapsed         | 59           |
|    total_timesteps      | 104448       |
| train/                  |              |
|    approx_kl            | 0.0005527303 |
|    clip_fraction        | 0.0121       |
|    clip_range           | 0.2          |
|    entropy_loss         | -0.09        |
|    explained_variance   | 0.944        |
|    learning_rate        | 0.0003       |
|    loss                 | -0.000784    |
|    n_updates            | 670          |
|    policy_gradient_loss | -0.0011      |
|    value_loss           | 0.000274     |
------------------------------------------
  step  105021/500000 ( 21.0%)  mean_rew=-0.003
------------------------------------------
| time/                   |              |
|    fps                  | 489          |
|    iterations           | 20           |
|    time_elapsed         | 62           |
|    total_timesteps      | 105984       |
| train/                  |              |
|    approx_kl            | 0.0005271142 |
|    clip_fraction        | 0.0099       |
|    clip_range           | 0.2          |
|    entropy_loss         | -0.101       |
|    explained_variance   | 0.801        |
|    learning_rate        | 0.0003       |
|    loss                 | -0.00133     |
|    n_updates            | 680          |
|    policy_gradient_loss | -0.00069     |
|    value_loss           | 0.00106      |
------------------------------------------
-------------------------------------------
| time/                   |               |
|    fps                  | 490           |
|    iterations           | 21            |
|    time_elapsed         | 65            |
|    total_timesteps      | 107520        |
| train/                  |               |
|    approx_kl            | 0.00016872142 |
|    clip_fraction        | 0.00807       |
|    clip_range           | 0.2           |
|    entropy_loss         | -0.111        |
|    explained_variance   | 0.819         |
|    learning_rate        | 0.0003        |
|    loss                 | 0.000471      |
|    n_updates            | 690           |
|    policy_gradient_loss | -0.000553     |
|    value_loss           | 0.00105       |
-------------------------------------------
-----------------------------------------
| time/                   |             |
|    fps                  | 489         |
|    iterations           | 22          |
|    time_elapsed         | 69          |
|    total_timesteps      | 109056      |
| train/                  |             |
|    approx_kl            | 0.000357295 |
|    clip_fraction        | 0.00508     |
|    clip_range           | 0.2         |
|    entropy_loss         | -0.118      |
|    explained_variance   | 0.957       |
|    learning_rate        | 0.0003      |
|    loss                 | -0.0011     |
|    n_updates            | 700         |
|    policy_gradient_loss | -0.000333   |
|    value_loss           | 0.000208    |
-----------------------------------------
  step  110022/500000 ( 22.0%)  mean_rew=-0.002
-------------------------------------------
| time/                   |               |
|    fps                  | 488           |
|    iterations           | 23            |
|    time_elapsed         | 72            |
|    total_timesteps      | 110592        |
| train/                  |               |
|    approx_kl            | 0.00044553654 |
|    clip_fraction        | 0.00195       |
|    clip_range           | 0.2           |
|    entropy_loss         | -0.11         |
|    explained_variance   | 0.829         |
|    learning_rate        | 0.0003        |
|    loss                 | 0.000634      |
|    n_updates            | 710           |
|    policy_gradient_loss | -0.000136     |
|    value_loss           | 0.000995      |
-------------------------------------------
-------------------------------------------
| time/                   |               |
|    fps                  | 487           |
|    iterations           | 24            |
|    time_elapsed         | 75            |
|    total_timesteps      | 112128        |
| train/                  |               |
|    approx_kl            | 0.00079985446 |
|    clip_fraction        | 0.0116        |
|    clip_range           | 0.2           |
|    entropy_loss         | -0.125        |
|    explained_variance   | 0.8           |
|    learning_rate        | 0.0003        |
|    loss                 | 0.00393       |
|    n_updates            | 720           |
|    policy_gradient_loss | -0.0012       |
|    value_loss           | 0.00115       |
-------------------------------------------
------------------------------------------
| time/                   |              |
|    fps                  | 487          |
|    iterations           | 25           |
|    time_elapsed         | 78           |
|    total_timesteps      | 113664       |
| train/                  |              |
|    approx_kl            | 0.0005607935 |
|    clip_fraction        | 0.0103       |
|    clip_range           | 0.2          |
|    entropy_loss         | -0.11        |
|    explained_variance   | 0.81         |
|    learning_rate        | 0.0003       |
|    loss                 | 0.00173      |
|    n_updates            | 730          |
|    policy_gradient_loss | -0.000572    |
|    value_loss           | 0.00107      |
------------------------------------------
  step  115023/500000 ( 23.0%)  mean_rew=-0.002
-------------------------------------------
| time/                   |               |
|    fps                  | 487           |
|    iterations           | 26            |
|    time_elapsed         | 81            |
|    total_timesteps      | 115200        |
| train/                  |               |
|    approx_kl            | 0.00025704413 |
|    clip_fraction        | 0.00254       |
|    clip_range           | 0.2           |
|    entropy_loss         | -0.0939       |
|    explained_variance   | 0.933         |
|    learning_rate        | 0.0003        |
|    loss                 | 0.000764      |
|    n_updates            | 740           |
|    policy_gradient_loss | -0.000218     |
|    value_loss           | 0.000326      |
-------------------------------------------
-------------------------------------------
| time/                   |               |
|    fps                  | 487           |
|    iterations           | 27            |
|    time_elapsed         | 85            |
|    total_timesteps      | 116736        |
| train/                  |               |
|    approx_kl            | 0.00055464037 |
|    clip_fraction        | 0.00378       |
|    clip_range           | 0.2           |
|    entropy_loss         | -0.0846       |
|    explained_variance   | 0.814         |
|    learning_rate        | 0.0003        |
|    loss                 | -5.28e-05     |
|    n_updates            | 750           |
|    policy_gradient_loss | -0.000284     |
|    value_loss           | 0.00102       |
-------------------------------------------
-------------------------------------------
| time/                   |               |
|    fps                  | 487           |
|    iterations           | 28            |
|    time_elapsed         | 88            |
|    total_timesteps      | 118272        |
| train/                  |               |
|    approx_kl            | 0.00038414026 |
|    clip_fraction        | 0.00853       |
|    clip_range           | 0.2           |
|    entropy_loss         | -0.09         |
|    explained_variance   | 0.79          |
|    learning_rate        | 0.0003        |
|    loss                 | 0.000858      |
|    n_updates            | 760           |
|    policy_gradient_loss | -0.000487     |
|    value_loss           | 0.00126       |
-------------------------------------------
-------------------------------------------
| time/                   |               |
|    fps                  | 487           |
|    iterations           | 29            |
|    time_elapsed         | 91            |
|    total_timesteps      | 119808        |
| train/                  |               |
|    approx_kl            | 0.00047508092 |
|    clip_fraction        | 0.0139        |
|    clip_range           | 0.2           |
|    entropy_loss         | -0.0728       |
|    explained_variance   | 0.953         |
|    learning_rate        | 0.0003        |
|    loss                 | -0.00735      |
|    n_updates            | 770           |
|    policy_gradient_loss | -0.00166      |
|    value_loss           | 0.000244      |
-------------------------------------------
  step  120024/500000 ( 24.0%)  mean_rew=-0.002
-------------------------------------------
| time/                   |               |
|    fps                  | 486           |
|    iterations           | 30            |
|    time_elapsed         | 94            |
|    total_timesteps      | 121344        |
| train/                  |               |
|    approx_kl            | 0.00030577762 |
|    clip_fraction        | 0.00501       |
|    clip_range           | 0.2           |
|    entropy_loss         | -0.0807       |
|    explained_variance   | 0.821         |
|    learning_rate        | 0.0003        |
|    loss                 | 0.00122       |
|    n_updates            | 780           |
|    policy_gradient_loss | -0.000341     |
|    value_loss           | 0.00105       |
-------------------------------------------
-------------------------------------------
| time/                   |               |
|    fps                  | 486           |
|    iterations           | 31            |
|    time_elapsed         | 97            |
|    total_timesteps      | 122880        |
| train/                  |               |
|    approx_kl            | 5.9288966e-05 |
|    clip_fraction        | 0.00716       |
|    clip_range           | 0.2           |
|    entropy_loss         | -0.0932       |
|    explained_variance   | 0.792         |
|    learning_rate        | 0.0003        |
|    loss                 | 0.000271      |
|    n_updates            | 790           |
|    policy_gradient_loss | -0.000508     |
|    value_loss           | 0.00129       |
-------------------------------------------
------------------------------------------
| time/                   |              |
|    fps                  | 486          |
|    iterations           | 32           |
|    time_elapsed         | 100          |
|    total_timesteps      | 124416       |
| train/                  |              |
|    approx_kl            | 0.0004908726 |
|    clip_fraction        | 0.0153       |
|    clip_range           | 0.2          |
|    entropy_loss         | -0.103       |
|    explained_variance   | 0.806        |
|    learning_rate        | 0.0003       |
|    loss                 | 0.000103     |
|    n_updates            | 800          |
|    policy_gradient_loss | -0.00163     |
|    value_loss           | 0.00118      |
------------------------------------------
  step  125025/500000 ( 25.0%)  mean_rew=-0.003
-------------------------------------------
| time/                   |               |
|    fps                  | 486           |
|    iterations           | 33            |
|    time_elapsed         | 104           |
|    total_timesteps      | 125952        |
| train/                  |               |
|    approx_kl            | 0.00025678534 |
|    clip_fraction        | 0.000846      |
|    clip_range           | 0.2           |
|    entropy_loss         | -0.0918       |
|    explained_variance   | 0.948         |
|    learning_rate        | 0.0003        |
|    loss                 | -0.000905     |
|    n_updates            | 810           |
|    policy_gradient_loss | -0.000145     |
|    value_loss           | 0.000258      |
-------------------------------------------
-----------------------------------------
| time/                   |             |
|    fps                  | 485         |
|    iterations           | 34          |
|    time_elapsed         | 107         |
|    total_timesteps      | 127488      |
| train/                  |             |
|    approx_kl            | 0.000294929 |
|    clip_fraction        | 0.00547     |
|    clip_range           | 0.2         |
|    entropy_loss         | -0.101      |
|    explained_variance   | 0.832       |
|    learning_rate        | 0.0003      |
|    loss                 | 0.00311     |
|    n_updates            | 820         |
|    policy_gradient_loss | -0.000192   |
|    value_loss           | 0.00108     |
-----------------------------------------
-------------------------------------------
| time/                   |               |
|    fps                  | 486           |
|    iterations           | 35            |
|    time_elapsed         | 110           |
|    total_timesteps      | 129024        |
| train/                  |               |
|    approx_kl            | 0.00041698827 |
|    clip_fraction        | 0.00241       |
|    clip_range           | 0.2           |
|    entropy_loss         | -0.0928       |
|    explained_variance   | 0.828         |
|    learning_rate        | 0.0003        |
|    loss                 | -0.000573     |
|    n_updates            | 830           |
|    policy_gradient_loss | -0.000293     |
|    value_loss           | 0.00116       |
-------------------------------------------
  step  130026/500000 ( 26.0%)  mean_rew=-0.002
-------------------------------------------
| time/                   |               |
|    fps                  | 486           |
|    iterations           | 36            |
|    time_elapsed         | 113           |
|    total_timesteps      | 130560        |
| train/                  |               |
|    approx_kl            | 0.00011217307 |
|    clip_fraction        | 0.00313       |
|    clip_range           | 0.2           |
|    entropy_loss         | -0.0985       |
|    explained_variance   | 0.959         |
|    learning_rate        | 0.0003        |
|    loss                 | -0.000117     |
|    n_updates            | 840           |
|    policy_gradient_loss | -1.66e-05     |
|    value_loss           | 0.000216      |
-------------------------------------------
-------------------------------------------
| time/                   |               |
|    fps                  | 485           |
|    iterations           | 37            |
|    time_elapsed         | 116           |
|    total_timesteps      | 132096        |
| train/                  |               |
|    approx_kl            | 0.00011409478 |
|    clip_fraction        | 0.00664       |
|    clip_range           | 0.2           |
|    entropy_loss         | -0.115        |
|    explained_variance   | 0.848         |
|    learning_rate        | 0.0003        |
|    loss                 | 0.000143      |
|    n_updates            | 850           |
|    policy_gradient_loss | -0.000881     |
|    value_loss           | 0.000926      |
-------------------------------------------
-------------------------------------------
| time/                   |               |
|    fps                  | 485           |
|    iterations           | 38            |
|    time_elapsed         | 120           |
|    total_timesteps      | 133632        |
| train/                  |               |
|    approx_kl            | 0.00057453464 |
|    clip_fraction        | 0.0136        |
|    clip_range           | 0.2           |
|    entropy_loss         | -0.089        |
|    explained_variance   | 0.819         |
|    learning_rate        | 0.0003        |
|    loss                 | -0.00152      |
|    n_updates            | 860           |
|    policy_gradient_loss | -0.000938     |
|    value_loss           | 0.00115       |
-------------------------------------------
  step  135027/500000 ( 27.0%)  mean_rew=-0.002
-------------------------------------------
| time/                   |               |
|    fps                  | 485           |
|    iterations           | 39            |
|    time_elapsed         | 123           |
|    total_timesteps      | 135168        |
| train/                  |               |
|    approx_kl            | 0.00065257394 |
|    clip_fraction        | 0.0131        |
|    clip_range           | 0.2           |
|    entropy_loss         | -0.0754       |
|    explained_variance   | 0.832         |
|    learning_rate        | 0.0003        |
|    loss                 | -0.000945     |
|    n_updates            | 870           |
|    policy_gradient_loss | -0.000651     |
|    value_loss           | 0.00099       |
-------------------------------------------
-------------------------------------------
| time/                   |               |
|    fps                  | 485           |
|    iterations           | 40            |
|    time_elapsed         | 126           |
|    total_timesteps      | 136704        |
| train/                  |               |
|    approx_kl            | 0.00040549444 |
|    clip_fraction        | 0.00996       |
|    clip_range           | 0.2           |
|    entropy_loss         | -0.0827       |
|    explained_variance   | 0.957         |
|    learning_rate        | 0.0003        |
|    loss                 | -0.000844     |
|    n_updates            | 880           |
|    policy_gradient_loss | -0.000626     |
|    value_loss           | 0.000206      |
-------------------------------------------
-------------------------------------------
| time/                   |               |
|    fps                  | 485           |
|    iterations           | 41            |
|    time_elapsed         | 129           |
|    total_timesteps      | 138240        |
| train/                  |               |
|    approx_kl            | 0.00051833637 |
|    clip_fraction        | 0.00371       |
|    clip_range           | 0.2           |
|    entropy_loss         | -0.0727       |
|    explained_variance   | 0.837         |
|    learning_rate        | 0.0003        |
|    loss                 | -9.29e-05     |
|    n_updates            | 890           |
|    policy_gradient_loss | -0.000183     |
|    value_loss           | 0.00106       |
-------------------------------------------
-------------------------------------------
| time/                   |               |
|    fps                  | 485           |
|    iterations           | 42            |
|    time_elapsed         | 132           |
|    total_timesteps      | 139776        |
| train/                  |               |
|    approx_kl            | 0.00040647725 |
|    clip_fraction        | 0.00638       |
|    clip_range           | 0.2           |
|    entropy_loss         | -0.0644       |
|    explained_variance   | 0.84          |
|    learning_rate        | 0.0003        |
|    loss                 | -0.000142     |
|    n_updates            | 900           |
|    policy_gradient_loss | -0.000825     |
|    value_loss           | 0.00109       |
-------------------------------------------
  step  140028/500000 ( 28.0%)  mean_rew=-0.003
-------------------------------------------
| time/                   |               |
|    fps                  | 485           |
|    iterations           | 43            |
|    time_elapsed         | 135           |
|    total_timesteps      | 141312        |
| train/                  |               |
|    approx_kl            | 0.00023855688 |
|    clip_fraction        | 0.00202       |
|    clip_range           | 0.2           |
|    entropy_loss         | -0.0538       |
|    explained_variance   | 0.959         |
|    learning_rate        | 0.0003        |
|    loss                 | -0.000124     |
|    n_updates            | 910           |
|    policy_gradient_loss | -7.98e-05     |
|    value_loss           | 0.000213      |
-------------------------------------------
-------------------------------------------
| time/                   |               |
|    fps                  | 485           |
|    iterations           | 44            |
|    time_elapsed         | 139           |
|    total_timesteps      | 142848        |
| train/                  |               |
|    approx_kl            | 0.00036178448 |
|    clip_fraction        | 0.00729       |
|    clip_range           | 0.2           |
|    entropy_loss         | -0.0609       |
|    explained_variance   | 0.854         |
|    learning_rate        | 0.0003        |
|    loss                 | -0.0089       |
|    n_updates            | 920           |
|    policy_gradient_loss | -0.000933     |
|    value_loss           | 0.00095       |
-------------------------------------------
-------------------------------------------
| time/                   |               |
|    fps                  | 485           |
|    iterations           | 45            |
|    time_elapsed         | 142           |
|    total_timesteps      | 144384        |
| train/                  |               |
|    approx_kl            | 0.00048649756 |
|    clip_fraction        | 0.00612       |
|    clip_range           | 0.2           |
|    entropy_loss         | -0.0529       |
|    explained_variance   | 0.836         |
|    learning_rate        | 0.0003        |
|    loss                 | 0.000221      |
|    n_updates            | 930           |
|    policy_gradient_loss | -0.000187     |
|    value_loss           | 0.00107       |
-------------------------------------------
  step  145029/500000 ( 29.0%)  mean_rew=-0.002
-------------------------------------------
| time/                   |               |
|    fps                  | 485           |
|    iterations           | 46            |
|    time_elapsed         | 145           |
|    total_timesteps      | 145920        |
| train/                  |               |
|    approx_kl            | 0.00025117837 |
|    clip_fraction        | 0.00371       |
|    clip_range           | 0.2           |
|    entropy_loss         | -0.0454       |
|    explained_variance   | 0.829         |
|    learning_rate        | 0.0003        |
|    loss                 | 0.000667      |
|    n_updates            | 940           |
|    policy_gradient_loss | -0.000243     |
|    value_loss           | 0.00116       |
-------------------------------------------
-------------------------------------------
| time/                   |               |
|    fps                  | 485           |
|    iterations           | 47            |
|    time_elapsed         | 148           |
|    total_timesteps      | 147456        |
| train/                  |               |
|    approx_kl            | 0.00018706887 |
|    clip_fraction        | 0.0043        |
|    clip_range           | 0.2           |
|    entropy_loss         | -0.0375       |
|    explained_variance   | 0.963         |
|    learning_rate        | 0.0003        |
|    loss                 | 0.000332      |
|    n_updates            | 950           |
|    policy_gradient_loss | -0.00047      |
|    value_loss           | 0.000217      |
-------------------------------------------
------------------------------------------
| time/                   |              |
|    fps                  | 485          |
|    iterations           | 48           |
|    time_elapsed         | 151          |
|    total_timesteps      | 148992       |
| train/                  |              |
|    approx_kl            | 0.0001456464 |
|    clip_fraction        | 0.00326      |
|    clip_range           | 0.2          |
|    entropy_loss         | -0.044       |
|    explained_variance   | 0.86         |
|    learning_rate        | 0.0003       |
|    loss                 | 0.00101      |
|    n_updates            | 960          |
|    policy_gradient_loss | -0.000422    |
|    value_loss           | 0.00103      |
------------------------------------------
  step  150030/500000 ( 30.0%)  mean_rew=-0.002
-------------------------------------------
| time/                   |               |
|    fps                  | 485           |
|    iterations           | 49            |
|    time_elapsed         | 155           |
|    total_timesteps      | 150528        |
| train/                  |               |
|    approx_kl            | 0.00016155718 |
|    clip_fraction        | 0.00521       |
|    clip_range           | 0.2           |
|    entropy_loss         | -0.0512       |
|    explained_variance   | 0.839         |
|    learning_rate        | 0.0003        |
|    loss                 | 0.00156       |
|    n_updates            | 970           |
|    policy_gradient_loss | -0.000953     |
|    value_loss           | 0.00114       |
-------------------------------------------
------------------------------------------
| time/                   |              |
|    fps                  | 485          |
|    iterations           | 50           |
|    time_elapsed         | 158          |
|    total_timesteps      | 152064       |
| train/                  |              |
|    approx_kl            | 8.787125e-05 |
|    clip_fraction        | 0.00527      |
|    clip_range           | 0.2          |
|    entropy_loss         | -0.0591      |
|    explained_variance   | 0.958        |
|    learning_rate        | 0.0003       |
|    loss                 | 0.00232      |
|    n_updates            | 980          |
|    policy_gradient_loss | -0.000469    |
|    value_loss           | 0.000247     |
------------------------------------------
-------------------------------------------
| time/                   |               |
|    fps                  | 485           |
|    iterations           | 51            |
|    time_elapsed         | 161           |
|    total_timesteps      | 153600        |
| train/                  |               |
|    approx_kl            | 0.00042313882 |
|    clip_fraction        | 0.00605       |
|    clip_range           | 0.2           |
|    entropy_loss         | -0.066        |
|    explained_variance   | 0.839         |
|    learning_rate        | 0.0003        |
|    loss                 | 0.00137       |
|    n_updates            | 990           |
|    policy_gradient_loss | -0.000203     |
|    value_loss           | 0.00103       |
-------------------------------------------
  step  155031/500000 ( 31.0%)  mean_rew=-0.003
-------------------------------------------
| time/                   |               |
|    fps                  | 484           |
|    iterations           | 52            |
|    time_elapsed         | 164           |
|    total_timesteps      | 155136        |
| train/                  |               |
|    approx_kl            | 0.00019381016 |
|    clip_fraction        | 0.00313       |
|    clip_range           | 0.2           |
|    entropy_loss         | -0.0571       |
|    explained_variance   | 0.814         |
|    learning_rate        | 0.0003        |
|    loss                 | 0.00228       |
|    n_updates            | 1000          |
|    policy_gradient_loss | -0.000166     |
|    value_loss           | 0.00116       |
-------------------------------------------
-------------------------------------------
| time/                   |               |
|    fps                  | 484           |
|    iterations           | 53            |
|    time_elapsed         | 167           |
|    total_timesteps      | 156672        |
| train/                  |               |
|    approx_kl            | 0.00020616746 |
|    clip_fraction        | 0.00417       |
|    clip_range           | 0.2           |
|    entropy_loss         | -0.0487       |
|    explained_variance   | 0.948         |
|    learning_rate        | 0.0003        |
|    loss                 | 0.000188      |
|    n_updates            | 1010          |
|    policy_gradient_loss | -0.000297     |
|    value_loss           | 0.000299      |
-------------------------------------------
------------------------------------------
| time/                   |              |
|    fps                  | 484          |
|    iterations           | 54           |
|    time_elapsed         | 171          |
|    total_timesteps      | 158208       |
| train/                  |              |
|    approx_kl            | 0.0001868868 |
|    clip_fraction        | 0.00605      |
|    clip_range           | 0.2          |
|    entropy_loss         | -0.0402      |
|    explained_variance   | 0.85         |
|    learning_rate        | 0.0003       |
|    loss                 | -0.00052     |
|    n_updates            | 1020         |
|    policy_gradient_loss | -0.000321    |
|    value_loss           | 0.000922     |
------------------------------------------
--------------------------------------------
| time/                   |                |
|    fps                  | 484            |
|    iterations           | 55             |
|    time_elapsed         | 174            |
|    total_timesteps      | 159744         |
| train/                  |                |
|    approx_kl            | 0.000118847434 |
|    clip_fraction        | 0.00306        |
|    clip_range           | 0.2            |
|    entropy_loss         | -0.0461        |
|    explained_variance   | 0.837          |
|    learning_rate        | 0.0003         |
|    loss                 | 0.000773       |
|    n_updates            | 1030           |
|    policy_gradient_loss | -0.000168      |
|    value_loss           | 0.00107        |
--------------------------------------------
  step  160032/500000 ( 32.0%)  mean_rew=-0.003
-------------------------------------------
| time/                   |               |
|    fps                  | 484           |
|    iterations           | 56            |
|    time_elapsed         | 177           |
|    total_timesteps      | 161280        |
| train/                  |               |
|    approx_kl            | 0.00040696145 |
|    clip_fraction        | 0.00566       |
|    clip_range           | 0.2           |
|    entropy_loss         | -0.051        |
|    explained_variance   | 0.85          |
|    learning_rate        | 0.0003        |
|    loss                 | 0.000772      |
|    n_updates            | 1040          |
|    policy_gradient_loss | -0.000459     |
|    value_loss           | 0.000995      |
-------------------------------------------
-------------------------------------------
| time/                   |               |
|    fps                  | 484           |
|    iterations           | 57            |
|    time_elapsed         | 180           |
|    total_timesteps      | 162816        |
| train/                  |               |
|    approx_kl            | 0.00028347355 |
|    clip_fraction        | 0.00475       |
|    clip_range           | 0.2           |
|    entropy_loss         | -0.0468       |
|    explained_variance   | 0.947         |
|    learning_rate        | 0.0003        |
|    loss                 | 0.00143       |
|    n_updates            | 1050          |
|    policy_gradient_loss | -0.000246     |
|    value_loss           | 0.0003        |
-------------------------------------------
------------------------------------------
| time/                   |              |
|    fps                  | 484          |
|    iterations           | 58           |
|    time_elapsed         | 184          |
|    total_timesteps      | 164352       |
| train/                  |              |
|    approx_kl            | 0.0011747163 |
|    clip_fraction        | 0.00977      |
|    clip_range           | 0.2          |
|    entropy_loss         | -0.0625      |
|    explained_variance   | 0.814        |
|    learning_rate        | 0.0003       |
|    loss                 | -0.000591    |
|    n_updates            | 1060         |
|    policy_gradient_loss | -0.000862    |
|    value_loss           | 0.00125      |
------------------------------------------
  step  165033/500000 ( 33.0%)  mean_rew=-0.002
-------------------------------------------
| time/                   |               |
|    fps                  | 484           |
|    iterations           | 59            |
|    time_elapsed         | 187           |
|    total_timesteps      | 165888        |
| train/                  |               |
|    approx_kl            | 0.00042679606 |
|    clip_fraction        | 0.00937       |
|    clip_range           | 0.2           |
|    entropy_loss         | -0.0717       |
|    explained_variance   | 0.794         |
|    learning_rate        | 0.0003        |
|    loss                 | 0.00143       |
|    n_updates            | 1070          |
|    policy_gradient_loss | -0.000851     |
|    value_loss           | 0.00119       |
-------------------------------------------
-------------------------------------------
| time/                   |               |
|    fps                  | 484           |
|    iterations           | 60            |
|    time_elapsed         | 190           |
|    total_timesteps      | 167424        |
| train/                  |               |
|    approx_kl            | 0.00042680884 |
|    clip_fraction        | 0.00475       |
|    clip_range           | 0.2           |
|    entropy_loss         | -0.0628       |
|    explained_variance   | 0.959         |
|    learning_rate        | 0.0003        |
|    loss                 | -0.000131     |
|    n_updates            | 1080          |
|    policy_gradient_loss | -3.39e-05     |
|    value_loss           | 0.000212      |
-------------------------------------------
-------------------------------------------
| time/                   |               |
|    fps                  | 483           |
|    iterations           | 61            |
|    time_elapsed         | 193           |
|    total_timesteps      | 168960        |
| train/                  |               |
|    approx_kl            | 0.00032227117 |
|    clip_fraction        | 0.00618       |
|    clip_range           | 0.2           |
|    entropy_loss         | -0.0506       |
|    explained_variance   | 0.821         |
|    learning_rate        | 0.0003        |
|    loss                 | 0.000783      |
|    n_updates            | 1090          |
|    policy_gradient_loss | -0.000388     |
|    value_loss           | 0.00105       |
-------------------------------------------
  step  170034/500000 ( 34.0%)  mean_rew=-0.002
-------------------------------------------
| time/                   |               |
|    fps                  | 483           |
|    iterations           | 62            |
|    time_elapsed         | 196           |
|    total_timesteps      | 170496        |
| train/                  |               |
|    approx_kl            | 0.00016708439 |
|    clip_fraction        | 0.00339       |
|    clip_range           | 0.2           |
|    entropy_loss         | -0.0573       |
|    explained_variance   | 0.802         |
|    learning_rate        | 0.0003        |
|    loss                 | -6.06e-05     |
|    n_updates            | 1100          |
|    policy_gradient_loss | -0.000163     |
|    value_loss           | 0.00124       |
-------------------------------------------
-------------------------------------------
| time/                   |               |
|    fps                  | 483           |
|    iterations           | 63            |
|    time_elapsed         | 200           |
|    total_timesteps      | 172032        |
| train/                  |               |
|    approx_kl            | 7.4411546e-05 |
|    clip_fraction        | 0.0028        |
|    clip_range           | 0.2           |
|    entropy_loss         | -0.0618       |
|    explained_variance   | 0.804         |
|    learning_rate        | 0.0003        |
|    loss                 | 0.000557      |
|    n_updates            | 1110          |
|    policy_gradient_loss | 4.79e-05      |
|    value_loss           | 0.00126       |
-------------------------------------------
------------------------------------------
| time/                   |              |
|    fps                  | 483          |
|    iterations           | 64           |
|    time_elapsed         | 203          |
|    total_timesteps      | 173568       |
| train/                  |              |
|    approx_kl            | 0.0002179838 |
|    clip_fraction        | 0.00228      |
|    clip_range           | 0.2          |
|    entropy_loss         | -0.0667      |
|    explained_variance   | 0.942        |
|    learning_rate        | 0.0003       |
|    loss                 | 0.00057      |
|    n_updates            | 1120         |
|    policy_gradient_loss | -5.77e-05    |
|    value_loss           | 0.000272     |
------------------------------------------
  step  175035/500000 ( 35.0%)  mean_rew=-0.002
------------------------------------------
| time/                   |              |
|    fps                  | 483          |
|    iterations           | 65           |
|    time_elapsed         | 206          |
|    total_timesteps      | 175104       |
| train/                  |              |
|    approx_kl            | 0.0004901395 |
|    clip_fraction        | 0.00703      |
|    clip_range           | 0.2          |
|    entropy_loss         | -0.0626      |
|    explained_variance   | 0.823        |
|    learning_rate        | 0.0003       |
|    loss                 | -0.00108     |
|    n_updates            | 1130         |
|    policy_gradient_loss | -0.000387    |
|    value_loss           | 0.00111      |
------------------------------------------
-------------------------------------------
| time/                   |               |
|    fps                  | 483           |
|    iterations           | 66            |
|    time_elapsed         | 209           |
|    total_timesteps      | 176640        |
| train/                  |               |
|    approx_kl            | 0.00013715874 |
|    clip_fraction        | 0.00215       |
|    clip_range           | 0.2           |
|    entropy_loss         | -0.0552       |
|    explained_variance   | 0.829         |
|    learning_rate        | 0.0003        |
|    loss                 | 0.000862      |
|    n_updates            | 1140          |
|    policy_gradient_loss | -0.000132     |
|    value_loss           | 0.00113       |
-------------------------------------------
  Stage 2 saved -> cologne3_ppo_stage2_50pct.zip

────────────────────────────────────────────────────────────
  Stage 3/4  75% demand  125000 steps  (cumulative -> 300000)
  Route: cologne3_rand_75pct.rou.xml
────────────────────────────────────────────────────────────
-------------------------------
| time/              |        |
|    fps             | 511    |
|    iterations      | 1      |
|    time_elapsed    | 3      |
|    total_timesteps | 178176 |
-------------------------------
-------------------------------------------
| time/                   |               |
|    fps                  | 444           |
|    iterations           | 2             |
|    time_elapsed         | 6             |
|    total_timesteps      | 179712        |
| train/                  |               |
|    approx_kl            | 3.1019717e-05 |
|    clip_fraction        | 0             |
|    clip_range           | 0.2           |
|    entropy_loss         | -0.029        |
|    explained_variance   | 0.903         |
|    learning_rate        | 0.0003        |
|    loss                 | 0.000263      |
|    n_updates            | 1160          |
|    policy_gradient_loss | 2.89e-05      |
|    value_loss           | 0.000617      |
-------------------------------------------
  step  180036/500000 ( 36.0%)  mean_rew=-0.005
-------------------------------------------
| time/                   |               |
|    fps                  | 425           |
|    iterations           | 3             |
|    time_elapsed         | 10            |
|    total_timesteps      | 181248        |
| train/                  |               |
|    approx_kl            | 0.00024801202 |
|    clip_fraction        | 0.00371       |
|    clip_range           | 0.2           |
|    entropy_loss         | -0.0279       |
|    explained_variance   | 0.836         |
|    learning_rate        | 0.0003        |
|    loss                 | -0.000859     |
|    n_updates            | 1170          |
|    policy_gradient_loss | -0.000371     |
|    value_loss           | 0.00157       |
-------------------------------------------
-------------------------------------------
| time/                   |               |
|    fps                  | 420           |
|    iterations           | 4             |
|    time_elapsed         | 14            |
|    total_timesteps      | 182784        |
| train/                  |               |
|    approx_kl            | 0.00013717539 |
|    clip_fraction        | 0.00247       |
|    clip_range           | 0.2           |
|    entropy_loss         | -0.0231       |
|    explained_variance   | 0.815         |
|    learning_rate        | 0.0003        |
|    loss                 | 3.36e-05      |
|    n_updates            | 1180          |
|    policy_gradient_loss | -0.000132     |
|    value_loss           | 0.00202       |
-------------------------------------------
-------------------------------------------
| time/                   |               |
|    fps                  | 452           |
|    iterations           | 5             |
|    time_elapsed         | 16            |
|    total_timesteps      | 184320        |
| train/                  |               |
|    approx_kl            | 5.6758756e-05 |
|    clip_fraction        | 0             |
|    clip_range           | 0.2           |
|    entropy_loss         | -0.0211       |
|    explained_variance   | 0.943         |
|    learning_rate        | 0.0003        |
|    loss                 | 0.00207       |
|    n_updates            | 1190          |
|    policy_gradient_loss | -1.96e-06     |
|    value_loss           | 0.000555      |
-------------------------------------------
  step  185037/500000 ( 37.0%)  mean_rew=-0.003
-------------------------------------------
| time/                   |               |
|    fps                  | 477           |
|    iterations           | 6             |
|    time_elapsed         | 19            |
|    total_timesteps      | 185856        |
| train/                  |               |
|    approx_kl            | 4.7194928e-05 |
|    clip_fraction        | 0.00299       |
|    clip_range           | 0.2           |
|    entropy_loss         | -0.023        |
|    explained_variance   | 0.857         |
|    learning_rate        | 0.0003        |
|    loss                 | 0.000616      |
|    n_updates            | 1200          |
|    policy_gradient_loss | -0.000704     |
|    value_loss           | 0.00182       |
-------------------------------------------
-------------------------------------------
| time/                   |               |
|    fps                  | 497           |
|    iterations           | 7             |
|    time_elapsed         | 21            |
|    total_timesteps      | 187392        |
| train/                  |               |
|    approx_kl            | 3.6468224e-05 |
|    clip_fraction        | 0.00104       |
|    clip_range           | 0.2           |
|    entropy_loss         | -0.024        |
|    explained_variance   | 0.84          |
|    learning_rate        | 0.0003        |
|    loss                 | 0.00118       |
|    n_updates            | 1210          |
|    policy_gradient_loss | 3.97e-06      |
|    value_loss           | 0.0022        |
-------------------------------------------
--------------------------------------------
| time/                   |                |
|    fps                  | 513            |
|    iterations           | 8              |
|    time_elapsed         | 23             |
|    total_timesteps      | 188928         |
| train/                  |                |
|    approx_kl            | 0.000101176905 |
|    clip_fraction        | 0.00273        |
|    clip_range           | 0.2            |
|    entropy_loss         | -0.0244        |
|    explained_variance   | 0.94           |
|    learning_rate        | 0.0003         |
|    loss                 | 0.000141       |
|    n_updates            | 1220           |
|    policy_gradient_loss | -0.000515      |
|    value_loss           | 0.000774       |
--------------------------------------------
  step  190038/500000 ( 38.0%)  mean_rew=-0.004
-------------------------------------------
| time/                   |               |
|    fps                  | 525           |
|    iterations           | 9             |
|    time_elapsed         | 26            |
|    total_timesteps      | 190464        |
| train/                  |               |
|    approx_kl            | 0.00069048913 |
|    clip_fraction        | 0.00286       |
|    clip_range           | 0.2           |
|    entropy_loss         | -0.0335       |
|    explained_variance   | 0.856         |
|    learning_rate        | 0.0003        |
|    loss                 | 0.00287       |
|    n_updates            | 1230          |
|    policy_gradient_loss | -0.00027      |
|    value_loss           | 0.00219       |
-------------------------------------------
------------------------------------------
| time/                   |              |
|    fps                  | 535          |
|    iterations           | 10           |
|    time_elapsed         | 28           |
|    total_timesteps      | 192000       |
| train/                  |              |
|    approx_kl            | 0.0003647187 |
|    clip_fraction        | 0.00456      |
|    clip_range           | 0.2          |
|    entropy_loss         | -0.0326      |
|    explained_variance   | 0.859        |
|    learning_rate        | 0.0003       |
|    loss                 | 0.000392     |
|    n_updates            | 1240         |
|    policy_gradient_loss | -0.000451    |
|    value_loss           | 0.00208      |
------------------------------------------
-------------------------------------------
| time/                   |               |
|    fps                  | 544           |
|    iterations           | 11            |
|    time_elapsed         | 31            |
|    total_timesteps      | 193536        |
| train/                  |               |
|    approx_kl            | 0.00023247174 |
|    clip_fraction        | 0.00286       |
|    clip_range           | 0.2           |
|    entropy_loss         | -0.0393       |
|    explained_variance   | 0.846         |
|    learning_rate        | 0.0003        |
|    loss                 | 0.000746      |
|    n_updates            | 1250          |
|    policy_gradient_loss | -0.00038      |
|    value_loss           | 0.0021        |
-------------------------------------------
  step  195039/500000 ( 39.0%)  mean_rew=-0.004
-------------------------------------------
| time/                   |               |
|    fps                  | 552           |
|    iterations           | 12            |
|    time_elapsed         | 33            |
|    total_timesteps      | 195072        |
| train/                  |               |
|    approx_kl            | 1.1793997e-05 |
|    clip_fraction        | 0.00104       |
|    clip_range           | 0.2           |
|    entropy_loss         | -0.043        |
|    explained_variance   | 0.961         |
|    learning_rate        | 0.0003        |
|    loss                 | 0.000722      |
|    n_updates            | 1260          |
|    policy_gradient_loss | 5.48e-05      |
|    value_loss           | 0.000478      |
-------------------------------------------
-------------------------------------------
| time/                   |               |
|    fps                  | 557           |
|    iterations           | 13            |
|    time_elapsed         | 35            |
|    total_timesteps      | 196608        |
| train/                  |               |
|    approx_kl            | 0.00011589817 |
|    clip_fraction        | 0.00391       |
|    clip_range           | 0.2           |
|    entropy_loss         | -0.0323       |
|    explained_variance   | 0.859         |
|    learning_rate        | 0.0003        |
|    loss                 | -0.000394     |
|    n_updates            | 1270          |
|    policy_gradient_loss | -0.000394     |
|    value_loss           | 0.0021        |
-------------------------------------------
-------------------------------------------
| time/                   |               |
|    fps                  | 563           |
|    iterations           | 14            |
|    time_elapsed         | 38            |
|    total_timesteps      | 198144        |
| train/                  |               |
|    approx_kl            | 0.00010305232 |
|    clip_fraction        | 0.0026        |
|    clip_range           | 0.2           |
|    entropy_loss         | -0.0364       |
|    explained_variance   | 0.841         |
|    learning_rate        | 0.0003        |
|    loss                 | 0.000541      |
|    n_updates            | 1280          |
|    policy_gradient_loss | -0.000152     |
|    value_loss           | 0.00225       |
-------------------------------------------
------------------------------------------
| time/                   |              |
|    fps                  | 540          |
|    iterations           | 15           |
|    time_elapsed         | 42           |
|    total_timesteps      | 199680       |
| train/                  |              |
|    approx_kl            | 0.0002174512 |
|    clip_fraction        | 0.00352      |
|    clip_range           | 0.2          |
|    entropy_loss         | -0.0413      |
|    explained_variance   | 0.96         |
|    learning_rate        | 0.0003       |
|    loss                 | 0.00161      |
|    n_updates            | 1290         |
|    policy_gradient_loss | -8.61e-05    |
|    value_loss           | 0.000483     |
------------------------------------------
  step  200040/500000 ( 40.0%)  mean_rew=-0.239
-----------------------------------------
| time/                   |             |
|    fps                  | 489         |
|    iterations           | 16          |
|    time_elapsed         | 50          |
|    total_timesteps      | 201216      |
| train/                  |             |
|    approx_kl            | 0.030168185 |
|    clip_fraction        | 0.0551      |
|    clip_range           | 0.2         |
|    entropy_loss         | -0.0757     |
|    explained_variance   | 0.0421      |
|    learning_rate        | 0.0003      |
|    loss                 | 0.255       |
|    n_updates            | 1300        |
|    policy_gradient_loss | 0.0134      |
|    value_loss           | 1.2         |
-----------------------------------------
-------------------------------------------
| time/                   |               |
|    fps                  | 497           |
|    iterations           | 17            |
|    time_elapsed         | 52            |
|    total_timesteps      | 202752        |
| train/                  |               |
|    approx_kl            | 0.00025863256 |
|    clip_fraction        | 0.0256        |
|    clip_range           | 0.2           |
|    entropy_loss         | -0.192        |
|    explained_variance   | 0.686         |
|    learning_rate        | 0.0003        |
|    loss                 | 1.32          |
|    n_updates            | 1310          |
|    policy_gradient_loss | 0.000122      |
|    value_loss           | 3.83          |
-------------------------------------------
-------------------------------------------
| time/                   |               |
|    fps                  | 503           |
|    iterations           | 18            |
|    time_elapsed         | 54            |
|    total_timesteps      | 204288        |
| train/                  |               |
|    approx_kl            | 0.00018722902 |
|    clip_fraction        | 0.00189       |
|    clip_range           | 0.2           |
|    entropy_loss         | -0.0405       |
|    explained_variance   | 0.863         |
|    learning_rate        | 0.0003        |
|    loss                 | 0.0144        |
|    n_updates            | 1320          |
|    policy_gradient_loss | -0.000106     |
|    value_loss           | 0.0281        |
-------------------------------------------
  step  205041/500000 ( 41.0%)  mean_rew=-0.003
------------------------------------------
| time/                   |              |
|    fps                  | 507          |
|    iterations           | 19           |
|    time_elapsed         | 57           |
|    total_timesteps      | 205824       |
| train/                  |              |
|    approx_kl            | 0.0009957314 |
|    clip_fraction        | 0.00273      |
|    clip_range           | 0.2          |
|    entropy_loss         | -0.0244      |
|    explained_variance   | 0.907        |
|    learning_rate        | 0.0003       |
|    loss                 | 0.00183      |
|    n_updates            | 1330         |
|    policy_gradient_loss | -0.000453    |
|    value_loss           | 0.0169       |
------------------------------------------
------------------------------------------
| time/                   |              |
|    fps                  | 512          |
|    iterations           | 20           |
|    time_elapsed         | 59           |
|    total_timesteps      | 207360       |
| train/                  |              |
|    approx_kl            | 3.117521e-05 |
|    clip_fraction        | 0.000651     |
|    clip_range           | 0.2          |
|    entropy_loss         | -0.0148      |
|    explained_variance   | 0.608        |
|    learning_rate        | 0.0003       |
|    loss                 | 0.0233       |
|    n_updates            | 1340         |
|    policy_gradient_loss | -6.76e-05    |
|    value_loss           | 0.054        |
------------------------------------------
------------------------------------------
| time/                   |              |
|    fps                  | 518          |
|    iterations           | 21           |
|    time_elapsed         | 62           |
|    total_timesteps      | 208896       |
| train/                  |              |
|    approx_kl            | 7.851957e-05 |
|    clip_fraction        | 0.00202      |
|    clip_range           | 0.2          |
|    entropy_loss         | -0.0174      |
|    explained_variance   | 0.911        |
|    learning_rate        | 0.0003       |
|    loss                 | 0.00304      |
|    n_updates            | 1350         |
|    policy_gradient_loss | -0.000161    |
|    value_loss           | 0.00632      |
------------------------------------------
  step  210042/500000 ( 42.0%)  mean_rew=-0.004
-------------------------------------------
| time/                   |               |
|    fps                  | 523           |
|    iterations           | 22            |
|    time_elapsed         | 64            |
|    total_timesteps      | 210432        |
| train/                  |               |
|    approx_kl            | 3.8156286e-06 |
|    clip_fraction        | 0             |
|    clip_range           | 0.2           |
|    entropy_loss         | -0.013        |
|    explained_variance   | 0.937         |
|    learning_rate        | 0.0003        |
|    loss                 | 0.000351      |
|    n_updates            | 1360          |
|    policy_gradient_loss | -0.000321     |
|    value_loss           | 0.00349       |
-------------------------------------------
-----------------------------------------
| time/                   |             |
|    fps                  | 528         |
|    iterations           | 23          |
|    time_elapsed         | 66          |
|    total_timesteps      | 211968      |
| train/                  |             |
|    approx_kl            | 9.02793e-05 |
|    clip_fraction        | 0.00137     |
|    clip_range           | 0.2         |
|    entropy_loss         | -0.00765    |
|    explained_variance   | 0.915       |
|    learning_rate        | 0.0003      |
|    loss                 | 0.00154     |
|    n_updates            | 1370        |
|    policy_gradient_loss | -9.41e-05   |
|    value_loss           | 0.00436     |
-----------------------------------------
------------------------------------------
| time/                   |              |
|    fps                  | 533          |
|    iterations           | 24           |
|    time_elapsed         | 69           |
|    total_timesteps      | 213504       |
| train/                  |              |
|    approx_kl            | 9.383075e-08 |
|    clip_fraction        | 0            |
|    clip_range           | 0.2          |
|    entropy_loss         | -0.00629     |
|    explained_variance   | 0.892        |
|    learning_rate        | 0.0003       |
|    loss                 | 0.00169      |
|    n_updates            | 1380         |
|    policy_gradient_loss | -4.32e-05    |
|    value_loss           | 0.00398      |
------------------------------------------
-------------------------------------------
| time/                   |               |
|    fps                  | 537           |
|    iterations           | 25            |
|    time_elapsed         | 71            |
|    total_timesteps      | 215040        |
| train/                  |               |
|    approx_kl            | 1.9480163e-08 |
|    clip_fraction        | 0             |
|    clip_range           | 0.2           |
|    entropy_loss         | -0.00498      |
|    explained_variance   | 0.879         |
|    learning_rate        | 0.0003        |
|    loss                 | 0.00101       |
|    n_updates            | 1390          |
|    policy_gradient_loss | -2.07e-05     |
|    value_loss           | 0.00383       |
-------------------------------------------
  step  215043/500000 ( 43.0%)  mean_rew=-0.004
-------------------------------------------
| time/                   |               |
|    fps                  | 541           |
|    iterations           | 26            |
|    time_elapsed         | 73            |
|    total_timesteps      | 216576        |
| train/                  |               |
|    approx_kl            | 2.6387472e-09 |
|    clip_fraction        | 0             |
|    clip_range           | 0.2           |
|    entropy_loss         | -0.00423      |
|    explained_variance   | 0.927         |
|    learning_rate        | 0.0003        |
|    loss                 | 0.000638      |
|    n_updates            | 1400          |
|    policy_gradient_loss | -1.21e-05     |
|    value_loss           | 0.00178       |
-------------------------------------------
-------------------------------------------
| time/                   |               |
|    fps                  | 544           |
|    iterations           | 27            |
|    time_elapsed         | 76            |
|    total_timesteps      | 218112        |
| train/                  |               |
|    approx_kl            | 4.2093066e-06 |
|    clip_fraction        | 0             |
|    clip_range           | 0.2           |
|    entropy_loss         | -0.00407      |
|    explained_variance   | 0.878         |
|    learning_rate        | 0.0003        |
|    loss                 | 0.00202       |
|    n_updates            | 1410          |
|    policy_gradient_loss | -6.21e-06     |
|    value_loss           | 0.00329       |
-------------------------------------------
-------------------------------------------
| time/                   |               |
|    fps                  | 548           |
|    iterations           | 28            |
|    time_elapsed         | 78            |
|    total_timesteps      | 219648        |
| train/                  |               |
|    approx_kl            | 2.0856503e-05 |
|    clip_fraction        | 0.000391      |
|    clip_range           | 0.2           |
|    entropy_loss         | -0.00492      |
|    explained_variance   | 0.831         |
|    learning_rate        | 0.0003        |
|    loss                 | 0.00108       |
|    n_updates            | 1420          |
|    policy_gradient_loss | -2.44e-05     |
|    value_loss           | 0.0035        |
-------------------------------------------
  step  220044/500000 ( 44.0%)  mean_rew=-0.003
-------------------------------------------
| time/                   |               |
|    fps                  | 543           |
|    iterations           | 29            |
|    time_elapsed         | 82            |
|    total_timesteps      | 221184        |
| train/                  |               |
|    approx_kl            | 0.00037340578 |
|    clip_fraction        | 0.00117       |
|    clip_range           | 0.2           |
|    entropy_loss         | -0.00312      |
|    explained_variance   | 0.905         |
|    learning_rate        | 0.0003        |
|    loss                 | 0.00062       |
|    n_updates            | 1430          |
|    policy_gradient_loss | -0.000877     |
|    value_loss           | 0.00203       |
-------------------------------------------
---------------------------------------
| time/                   |           |
|    fps                  | 537       |
|    iterations           | 30        |
|    time_elapsed         | 85        |
|    total_timesteps      | 222720    |
| train/                  |           |
|    approx_kl            | 0.0       |
|    clip_fraction        | 0         |
|    clip_range           | 0.2       |
|    entropy_loss         | -0.00278  |
|    explained_variance   | 0.857     |
|    learning_rate        | 0.0003    |
|    loss                 | 0.000912  |
|    n_updates            | 1440      |
|    policy_gradient_loss | -1.47e-06 |
|    value_loss           | 0.00269   |
---------------------------------------
---------------------------------------
| time/                   |           |
|    fps                  | 531       |
|    iterations           | 31        |
|    time_elapsed         | 89        |
|    total_timesteps      | 224256    |
| train/                  |           |
|    approx_kl            | 0.0       |
|    clip_fraction        | 0         |
|    clip_range           | 0.2       |
|    entropy_loss         | -0.00269  |
|    explained_variance   | 0.833     |
|    learning_rate        | 0.0003    |
|    loss                 | 0.00118   |
|    n_updates            | 1450      |
|    policy_gradient_loss | -2.12e-07 |
|    value_loss           | 0.00297   |
---------------------------------------
  step  225045/500000 ( 45.0%)  mean_rew=-0.004
---------------------------------------
| time/                   |           |
|    fps                  | 526       |
|    iterations           | 32        |
|    time_elapsed         | 93        |
|    total_timesteps      | 225792    |
| train/                  |           |
|    approx_kl            | 0.0       |
|    clip_fraction        | 0         |
|    clip_range           | 0.2       |
|    entropy_loss         | -0.00263  |
|    explained_variance   | 0.816     |
|    learning_rate        | 0.0003    |
|    loss                 | 0.000924  |
|    n_updates            | 1460      |
|    policy_gradient_loss | -4.52e-07 |
|    value_loss           | 0.00295   |
---------------------------------------
-------------------------------------------
| time/                   |               |
|    fps                  | 521           |
|    iterations           | 33            |
|    time_elapsed         | 97            |
|    total_timesteps      | 227328        |
| train/                  |               |
|    approx_kl            | 1.2238354e-05 |
|    clip_fraction        | 0             |
|    clip_range           | 0.2           |
|    entropy_loss         | -0.00275      |
|    explained_variance   | 0.938         |
|    learning_rate        | 0.0003        |
|    loss                 | 0.00045       |
|    n_updates            | 1470          |
|    policy_gradient_loss | 9.36e-06      |
|    value_loss           | 0.000907      |
-------------------------------------------
--------------------------------------
| time/                   |          |
|    fps                  | 516      |
|    iterations           | 34       |
|    time_elapsed         | 101      |
|    total_timesteps      | 228864   |
| train/                  |          |
|    approx_kl            | 0.0      |
|    clip_fraction        | 0        |
|    clip_range           | 0.2      |
|    entropy_loss         | -0.003   |
|    explained_variance   | 0.833    |
|    learning_rate        | 0.0003   |
|    loss                 | 0.00247  |
|    n_updates            | 1480     |
|    policy_gradient_loss | 4.24e-07 |
|    value_loss           | 0.00282  |
--------------------------------------
  step  230046/500000 ( 46.0%)  mean_rew=-0.003
-------------------------------------------
| time/                   |               |
|    fps                  | 511           |
|    iterations           | 35            |
|    time_elapsed         | 105           |
|    total_timesteps      | 230400        |
| train/                  |               |
|    approx_kl            | 1.9342677e-05 |
|    clip_fraction        | 0.000391      |
|    clip_range           | 0.2           |
|    entropy_loss         | -0.00293      |
|    explained_variance   | 0.818         |
|    learning_rate        | 0.0003        |
|    loss                 | 0.00144       |
|    n_updates            | 1490          |
|    policy_gradient_loss | -2.45e-05     |
|    value_loss           | 0.00247       |
-------------------------------------------
-------------------------------------------
| time/                   |               |
|    fps                  | 508           |
|    iterations           | 36            |
|    time_elapsed         | 108           |
|    total_timesteps      | 231936        |
| train/                  |               |
|    approx_kl            | 2.4752846e-05 |
|    clip_fraction        | 0.000391      |
|    clip_range           | 0.2           |
|    entropy_loss         | -0.00322      |
|    explained_variance   | 0.94          |
|    learning_rate        | 0.0003        |
|    loss                 | 0.000413      |
|    n_updates            | 1500          |
|    policy_gradient_loss | -3.43e-05     |
|    value_loss           | 0.000822      |
-------------------------------------------
---------------------------------------
| time/                   |           |
|    fps                  | 504       |
|    iterations           | 37        |
|    time_elapsed         | 112       |
|    total_timesteps      | 233472    |
| train/                  |           |
|    approx_kl            | 0.0       |
|    clip_fraction        | 0         |
|    clip_range           | 0.2       |
|    entropy_loss         | -0.0033   |
|    explained_variance   | 0.795     |
|    learning_rate        | 0.0003    |
|    loss                 | 0.00106   |
|    n_updates            | 1510      |
|    policy_gradient_loss | -8.94e-07 |
|    value_loss           | 0.00308   |
---------------------------------------
-------------------------------------------
| time/                   |               |
|    fps                  | 500           |
|    iterations           | 38            |
|    time_elapsed         | 116           |
|    total_timesteps      | 235008        |
| train/                  |               |
|    approx_kl            | 2.2654733e-05 |
|    clip_fraction        | 6.51e-05      |
|    clip_range           | 0.2           |
|    entropy_loss         | -0.00295      |
|    explained_variance   | 0.816         |
|    learning_rate        | 0.0003        |
|    loss                 | 0.000671      |
|    n_updates            | 1520          |
|    policy_gradient_loss | -1.29e-05     |
|    value_loss           | 0.00259       |
-------------------------------------------
  step  235047/500000 ( 47.0%)  mean_rew=-0.004
------------------------------------------
| time/                   |              |
|    fps                  | 497          |
|    iterations           | 39           |
|    time_elapsed         | 120          |
|    total_timesteps      | 236544       |
| train/                  |              |
|    approx_kl            | 4.121991e-05 |
|    clip_fraction        | 0.000586     |
|    clip_range           | 0.2          |
|    entropy_loss         | -0.00269     |
|    explained_variance   | 0.832        |
|    learning_rate        | 0.0003       |
|    loss                 | 0.000546     |
|    n_updates            | 1530         |
|    policy_gradient_loss | -0.000114    |
|    value_loss           | 0.00233      |
------------------------------------------
---------------------------------------
| time/                   |           |
|    fps                  | 500       |
|    iterations           | 40        |
|    time_elapsed         | 122       |
|    total_timesteps      | 238080    |
| train/                  |           |
|    approx_kl            | 0.0       |
|    clip_fraction        | 0         |
|    clip_range           | 0.2       |
|    entropy_loss         | -0.00269  |
|    explained_variance   | 0.953     |
|    learning_rate        | 0.0003    |
|    loss                 | 0.000294  |
|    n_updates            | 1540      |
|    policy_gradient_loss | -4.23e-08 |
|    value_loss           | 0.000598  |
---------------------------------------
---------------------------------------
| time/                   |           |
|    fps                  | 503       |
|    iterations           | 41        |
|    time_elapsed         | 124       |
|    total_timesteps      | 239616    |
| train/                  |           |
|    approx_kl            | 0.0       |
|    clip_fraction        | 0         |
|    clip_range           | 0.2       |
|    entropy_loss         | -0.00271  |
|    explained_variance   | 0.831     |
|    learning_rate        | 0.0003    |
|    loss                 | 0.00106   |
|    n_updates            | 1550      |
|    policy_gradient_loss | -7.96e-08 |
|    value_loss           | 0.00257   |
---------------------------------------
  step  240048/500000 ( 48.0%)  mean_rew=-0.003
---------------------------------------
| time/                   |           |
|    fps                  | 507       |
|    iterations           | 42        |
|    time_elapsed         | 127       |
|    total_timesteps      | 241152    |
| train/                  |           |
|    approx_kl            | 0.0       |
|    clip_fraction        | 0         |
|    clip_range           | 0.2       |
|    entropy_loss         | -0.00272  |
|    explained_variance   | 0.821     |
|    learning_rate        | 0.0003    |
|    loss                 | 0.00166   |
|    n_updates            | 1560      |
|    policy_gradient_loss | -3.63e-08 |
|    value_loss           | 0.00249   |
---------------------------------------
---------------------------------------
| time/                   |           |
|    fps                  | 510       |
|    iterations           | 43        |
|    time_elapsed         | 129       |
|    total_timesteps      | 242688    |
| train/                  |           |
|    approx_kl            | 0.0       |
|    clip_fraction        | 0         |
|    clip_range           | 0.2       |
|    entropy_loss         | -0.00263  |
|    explained_variance   | 0.955     |
|    learning_rate        | 0.0003    |
|    loss                 | 0.000252  |
|    n_updates            | 1570      |
|    policy_gradient_loss | -7.01e-07 |
|    value_loss           | 0.000565  |
---------------------------------------
-------------------------------------------
| time/                   |               |
|    fps                  | 512           |
|    iterations           | 44            |
|    time_elapsed         | 131           |
|    total_timesteps      | 244224        |
| train/                  |               |
|    approx_kl            | 0.00033384337 |
|    clip_fraction        | 0.000586      |
|    clip_range           | 0.2           |
|    entropy_loss         | -0.00309      |
|    explained_variance   | 0.842         |
|    learning_rate        | 0.0003        |
|    loss                 | 0.000722      |
|    n_updates            | 1580          |
|    policy_gradient_loss | -0.000249     |
|    value_loss           | 0.00236       |
-------------------------------------------
  step  245049/500000 ( 49.0%)  mean_rew=-0.234
-------------------------------------------
| time/                   |               |
|    fps                  | 486           |
|    iterations           | 45            |
|    time_elapsed         | 141           |
|    total_timesteps      | 245760        |
| train/                  |               |
|    approx_kl            | 5.8612786e-05 |
|    clip_fraction        | 0.000521      |
|    clip_range           | 0.2           |
|    entropy_loss         | -0.00413      |
|    explained_variance   | 0.835         |
|    learning_rate        | 0.0003        |
|    loss                 | 0.00127       |
|    n_updates            | 1590          |
|    policy_gradient_loss | -4.51e-05     |
|    value_loss           | 0.00251       |
-------------------------------------------
-----------------------------------------
| time/                   |             |
|    fps                  | 489         |
|    iterations           | 46          |
|    time_elapsed         | 144         |
|    total_timesteps      | 247296      |
| train/                  |             |
|    approx_kl            | 0.006962119 |
|    clip_fraction        | 0.0225      |
|    clip_range           | 0.2         |
|    entropy_loss         | -0.101      |
|    explained_variance   | 0.118       |
|    learning_rate        | 0.0003      |
|    loss                 | 1.34        |
|    n_updates            | 1600        |
|    policy_gradient_loss | 0.000733    |
|    value_loss           | 5.59        |
-----------------------------------------
--------------------------------------
| time/                   |          |
|    fps                  | 491      |
|    iterations           | 47       |
|    time_elapsed         | 146      |
|    total_timesteps      | 248832   |
| train/                  |          |
|    approx_kl            | 1.02924  |
|    clip_fraction        | 0.119    |
|    clip_range           | 0.2      |
|    entropy_loss         | -0.0628  |
|    explained_variance   | 0.694    |
|    learning_rate        | 0.0003   |
|    loss                 | -0.0782  |
|    n_updates            | 1610     |
|    policy_gradient_loss | -0.022   |
|    value_loss           | 0.013    |
--------------------------------------
  step  250050/500000 ( 50.0%)  mean_rew=-0.018
------------------------------------------
| time/                   |              |
|    fps                  | 493          |
|    iterations           | 48           |
|    time_elapsed         | 149          |
|    total_timesteps      | 250368       |
| train/                  |              |
|    approx_kl            | 0.0049511488 |
|    clip_fraction        | 0.0704       |
|    clip_range           | 0.2          |
|    entropy_loss         | -0.328       |
|    explained_variance   | 0.797        |
|    learning_rate        | 0.0003       |
|    loss                 | 0.0207       |
|    n_updates            | 1620         |
|    policy_gradient_loss | -0.0105      |
|    value_loss           | 0.0792       |
------------------------------------------
-----------------------------------------
| time/                   |             |
|    fps                  | 496         |
|    iterations           | 49          |
|    time_elapsed         | 151         |
|    total_timesteps      | 251904      |
| train/                  |             |
|    approx_kl            | 0.005541126 |
|    clip_fraction        | 0.0902      |
|    clip_range           | 0.2         |
|    entropy_loss         | -0.343      |
|    explained_variance   | 0.763       |
|    learning_rate        | 0.0003      |
|    loss                 | 0.000757    |
|    n_updates            | 1630        |
|    policy_gradient_loss | -0.0103     |
|    value_loss           | 0.0478      |
-----------------------------------------
------------------------------------------
| time/                   |              |
|    fps                  | 499          |
|    iterations           | 50           |
|    time_elapsed         | 153          |
|    total_timesteps      | 253440       |
| train/                  |              |
|    approx_kl            | 0.0046082726 |
|    clip_fraction        | 0.0897       |
|    clip_range           | 0.2          |
|    entropy_loss         | -0.353       |
|    explained_variance   | 0.871        |
|    learning_rate        | 0.0003       |
|    loss                 | -0.00815     |
|    n_updates            | 1640         |
|    policy_gradient_loss | -0.0133      |
|    value_loss           | 0.0217       |
------------------------------------------
------------------------------------------
| time/                   |              |
|    fps                  | 501          |
|    iterations           | 51           |
|    time_elapsed         | 156          |
|    total_timesteps      | 254976       |
| train/                  |              |
|    approx_kl            | 0.0032702673 |
|    clip_fraction        | 0.095        |
|    clip_range           | 0.2          |
|    entropy_loss         | -0.395       |
|    explained_variance   | 0.835        |
|    learning_rate        | 0.0003       |
|    loss                 | -0.0143      |
|    n_updates            | 1650         |
|    policy_gradient_loss | -0.0106      |
|    value_loss           | 0.028        |
------------------------------------------
  step  255051/500000 ( 51.0%)  mean_rew=-0.008
----------------------------------------
| time/                   |            |
|    fps                  | 504        |
|    iterations           | 52         |
|    time_elapsed         | 158        |
|    total_timesteps      | 256512     |
| train/                  |            |
|    approx_kl            | 0.00776813 |
|    clip_fraction        | 0.134      |
|    clip_range           | 0.2        |
|    entropy_loss         | -0.413     |
|    explained_variance   | 0.823      |
|    learning_rate        | 0.0003     |
|    loss                 | 0.0118     |
|    n_updates            | 1660       |
|    policy_gradient_loss | -0.012     |
|    value_loss           | 0.02       |
----------------------------------------
------------------------------------------
| time/                   |              |
|    fps                  | 498          |
|    iterations           | 53           |
|    time_elapsed         | 163          |
|    total_timesteps      | 258048       |
| train/                  |              |
|    approx_kl            | 0.0055609695 |
|    clip_fraction        | 0.0913       |
|    clip_range           | 0.2          |
|    entropy_loss         | -0.417       |
|    explained_variance   | 0.909        |
|    learning_rate        | 0.0003       |
|    loss                 | -0.024       |
|    n_updates            | 1670         |
|    policy_gradient_loss | -0.0118      |
|    value_loss           | 0.00783      |
------------------------------------------
-----------------------------------------
| time/                   |             |
|    fps                  | 486         |
|    iterations           | 54          |
|    time_elapsed         | 170         |
|    total_timesteps      | 259584      |
| train/                  |             |
|    approx_kl            | 0.025799058 |
|    clip_fraction        | 0.0533      |
|    clip_range           | 0.2         |
|    entropy_loss         | -0.303      |
|    explained_variance   | 0.664       |
|    learning_rate        | 0.0003      |
|    loss                 | 0.223       |
|    n_updates            | 1680        |
|    policy_gradient_loss | -0.0146     |
|    value_loss           | 1.27        |
-----------------------------------------
  step  260052/500000 ( 52.0%)  mean_rew=-0.010
-----------------------------------------
| time/                   |             |
|    fps                  | 489         |
|    iterations           | 55          |
|    time_elapsed         | 172         |
|    total_timesteps      | 261120      |
| train/                  |             |
|    approx_kl            | 0.006367926 |
|    clip_fraction        | 0.0439      |
|    clip_range           | 0.2         |
|    entropy_loss         | -0.371      |
|    explained_variance   | 0.851       |
|    learning_rate        | 0.0003      |
|    loss                 | 0.892       |
|    n_updates            | 1690        |
|    policy_gradient_loss | -0.00168    |
|    value_loss           | 3.64        |
-----------------------------------------
-----------------------------------------
| time/                   |             |
|    fps                  | 473         |
|    iterations           | 56          |
|    time_elapsed         | 181         |
|    total_timesteps      | 262656      |
| train/                  |             |
|    approx_kl            | 0.004199528 |
|    clip_fraction        | 0.045       |
|    clip_range           | 0.2         |
|    entropy_loss         | -0.422      |
|    explained_variance   | 0.838       |
|    learning_rate        | 0.0003      |
|    loss                 | -0.00436    |
|    n_updates            | 1700        |
|    policy_gradient_loss | -0.00357    |
|    value_loss           | 0.0275      |
-----------------------------------------
-----------------------------------------
| time/                   |             |
|    fps                  | 467         |
|    iterations           | 57          |
|    time_elapsed         | 187         |
|    total_timesteps      | 264192      |
| train/                  |             |
|    approx_kl            | 0.004238215 |
|    clip_fraction        | 0.0208      |
|    clip_range           | 0.2         |
|    entropy_loss         | -0.317      |
|    explained_variance   | 0.922       |
|    learning_rate        | 0.0003      |
|    loss                 | 0.431       |
|    n_updates            | 1710        |
|    policy_gradient_loss | 0.000375    |
|    value_loss           | 1.78        |
-----------------------------------------
  step  265053/500000 ( 53.0%)  mean_rew=-0.006
------------------------------------------
| time/                   |              |
|    fps                  | 470          |
|    iterations           | 58           |
|    time_elapsed         | 189          |
|    total_timesteps      | 265728       |
| train/                  |              |
|    approx_kl            | 0.0010092005 |
|    clip_fraction        | 0.0202       |
|    clip_range           | 0.2          |
|    entropy_loss         | -0.395       |
|    explained_variance   | 0.896        |
|    learning_rate        | 0.0003       |
|    loss                 | 0.647        |
|    n_updates            | 1720         |
|    policy_gradient_loss | -0.0009      |
|    value_loss           | 5.07         |
------------------------------------------
------------------------------------------
| time/                   |              |
|    fps                  | 456          |
|    iterations           | 59           |
|    time_elapsed         | 198          |
|    total_timesteps      | 267264       |
| train/                  |              |
|    approx_kl            | 0.0035781155 |
|    clip_fraction        | 0.0658       |
|    clip_range           | 0.2          |
|    entropy_loss         | -0.404       |
|    explained_variance   | 0.846        |
|    learning_rate        | 0.0003       |
|    loss                 | -0.00584     |
|    n_updates            | 1730         |
|    policy_gradient_loss | -0.00627     |
|    value_loss           | 0.0243       |
------------------------------------------
------------------------------------------
| time/                   |              |
|    fps                  | 457          |
|    iterations           | 60           |
|    time_elapsed         | 201          |
|    total_timesteps      | 268800       |
| train/                  |              |
|    approx_kl            | 0.0011492217 |
|    clip_fraction        | 0.0174       |
|    clip_range           | 0.2          |
|    entropy_loss         | -0.307       |
|    explained_variance   | 0.96         |
|    learning_rate        | 0.0003       |
|    loss                 | 0.335        |
|    n_updates            | 1740         |
|    policy_gradient_loss | 0.000333     |
|    value_loss           | 1.47         |
------------------------------------------
  step  270054/500000 ( 54.0%)  mean_rew=-0.006
-----------------------------------------
| time/                   |             |
|    fps                  | 459         |
|    iterations           | 61          |
|    time_elapsed         | 203         |
|    total_timesteps      | 270336      |
| train/                  |             |
|    approx_kl            | 0.007639564 |
|    clip_fraction        | 0.0422      |
|    clip_range           | 0.2         |
|    entropy_loss         | -0.424      |
|    explained_variance   | 0.586       |
|    learning_rate        | 0.0003      |
|    loss                 | 0.484       |
|    n_updates            | 1750        |
|    policy_gradient_loss | -0.00166    |
|    value_loss           | 2.31        |
-----------------------------------------
------------------------------------------
| time/                   |              |
|    fps                  | 461          |
|    iterations           | 62           |
|    time_elapsed         | 206          |
|    total_timesteps      | 271872       |
| train/                  |              |
|    approx_kl            | 0.0005261269 |
|    clip_fraction        | 0.0193       |
|    clip_range           | 0.2          |
|    entropy_loss         | -0.423       |
|    explained_variance   | 0.863        |
|    learning_rate        | 0.0003       |
|    loss                 | 0.0045       |
|    n_updates            | 1760         |
|    policy_gradient_loss | -0.00071     |
|    value_loss           | 0.0168       |
------------------------------------------
-----------------------------------------
| time/                   |             |
|    fps                  | 463         |
|    iterations           | 63          |
|    time_elapsed         | 208         |
|    total_timesteps      | 273408      |
| train/                  |             |
|    approx_kl            | 0.003774752 |
|    clip_fraction        | 0.0261      |
|    clip_range           | 0.2         |
|    entropy_loss         | -0.426      |
|    explained_variance   | 0.846       |
|    learning_rate        | 0.0003      |
|    loss                 | 0.00403     |
|    n_updates            | 1770        |
|    policy_gradient_loss | -0.000588   |
|    value_loss           | 0.0129      |
-----------------------------------------
-----------------------------------------
| time/                   |             |
|    fps                  | 465         |
|    iterations           | 64          |
|    time_elapsed         | 211         |
|    total_timesteps      | 274944      |
| train/                  |             |
|    approx_kl            | 0.005879206 |
|    clip_fraction        | 0.0771      |
|    clip_range           | 0.2         |
|    entropy_loss         | -0.42       |
|    explained_variance   | 0.932       |
|    learning_rate        | 0.0003      |
|    loss                 | 0.00645     |
|    n_updates            | 1780        |
|    policy_gradient_loss | -0.0061     |
|    value_loss           | 0.00391     |
-----------------------------------------
  step  275055/500000 ( 55.0%)  mean_rew=-0.004
------------------------------------------
| time/                   |              |
|    fps                  | 467          |
|    iterations           | 65           |
|    time_elapsed         | 213          |
|    total_timesteps      | 276480       |
| train/                  |              |
|    approx_kl            | 0.0050574797 |
|    clip_fraction        | 0.0424       |
|    clip_range           | 0.2          |
|    entropy_loss         | -0.423       |
|    explained_variance   | 0.821        |
|    learning_rate        | 0.0003       |
|    loss                 | 0.00669      |
|    n_updates            | 1790         |
|    policy_gradient_loss | -0.00208     |
|    value_loss           | 0.00951      |
------------------------------------------
------------------------------------------
| time/                   |              |
|    fps                  | 469          |
|    iterations           | 66           |
|    time_elapsed         | 215          |
|    total_timesteps      | 278016       |
| train/                  |              |
|    approx_kl            | 0.0034587153 |
|    clip_fraction        | 0.0403       |
|    clip_range           | 0.2          |
|    entropy_loss         | -0.402       |
|    explained_variance   | 0.785        |
|    learning_rate        | 0.0003       |
|    loss                 | 0.00383      |
|    n_updates            | 1800         |
|    policy_gradient_loss | -0.00133     |
|    value_loss           | 0.00745      |
------------------------------------------
------------------------------------------
| time/                   |              |
|    fps                  | 471          |
|    iterations           | 67           |
|    time_elapsed         | 218          |
|    total_timesteps      | 279552       |
| train/                  |              |
|    approx_kl            | 0.0016378356 |
|    clip_fraction        | 0.0286       |
|    clip_range           | 0.2          |
|    entropy_loss         | -0.389       |
|    explained_variance   | 0.889        |
|    learning_rate        | 0.0003       |
|    loss                 | -0.00176     |
|    n_updates            | 1810         |
|    policy_gradient_loss | -0.00127     |
|    value_loss           | 0.00275      |
------------------------------------------
  step  280056/500000 ( 56.0%)  mean_rew=-0.003
-----------------------------------------
| time/                   |             |
|    fps                  | 473         |
|    iterations           | 68          |
|    time_elapsed         | 220         |
|    total_timesteps      | 281088      |
| train/                  |             |
|    approx_kl            | 0.005523693 |
|    clip_fraction        | 0.0469      |
|    clip_range           | 0.2         |
|    entropy_loss         | -0.366      |
|    explained_variance   | 0.764       |
|    learning_rate        | 0.0003      |
|    loss                 | -0.00361    |
|    n_updates            | 1820        |
|    policy_gradient_loss | -0.00211    |
|    value_loss           | 0.00565     |
-----------------------------------------
------------------------------------------
| time/                   |              |
|    fps                  | 475          |
|    iterations           | 69           |
|    time_elapsed         | 222          |
|    total_timesteps      | 282624       |
| train/                  |              |
|    approx_kl            | 0.0035495702 |
|    clip_fraction        | 0.00332      |
|    clip_range           | 0.2          |
|    entropy_loss         | -0.361       |
|    explained_variance   | 0.745        |
|    learning_rate        | 0.0003       |
|    loss                 | -0.00363     |
|    n_updates            | 1830         |
|    policy_gradient_loss | 0.000583     |
|    value_loss           | 0.00491      |
------------------------------------------
-----------------------------------------
| time/                   |             |
|    fps                  | 470         |
|    iterations           | 70          |
|    time_elapsed         | 228         |
|    total_timesteps      | 284160      |
| train/                  |             |
|    approx_kl            | 0.007353814 |
|    clip_fraction        | 0.0757      |
|    clip_range           | 0.2         |
|    entropy_loss         | -0.381      |
|    explained_variance   | 0.67        |
|    learning_rate        | 0.0003      |
|    loss                 | -0.00989    |
|    n_updates            | 1840        |
|    policy_gradient_loss | -0.0037     |
|    value_loss           | 0.00502     |
-----------------------------------------
  step  285057/500000 ( 57.0%)  mean_rew=-0.004
-----------------------------------------
| time/                   |             |
|    fps                  | 464         |
|    iterations           | 71          |
|    time_elapsed         | 234         |
|    total_timesteps      | 285696      |
| train/                  |             |
|    approx_kl            | 0.001108591 |
|    clip_fraction        | 0.000586    |
|    clip_range           | 0.2         |
|    entropy_loss         | -0.241      |
|    explained_variance   | 0.884       |
|    learning_rate        | 0.0003      |
|    loss                 | 0.147       |
|    n_updates            | 1850        |
|    policy_gradient_loss | -0.000207   |
|    value_loss           | 0.743       |
-----------------------------------------
------------------------------------------
| time/                   |              |
|    fps                  | 457          |
|    iterations           | 72           |
|    time_elapsed         | 241          |
|    total_timesteps      | 287232       |
| train/                  |              |
|    approx_kl            | 0.0051784464 |
|    clip_fraction        | 0.0157       |
|    clip_range           | 0.2          |
|    entropy_loss         | -0.275       |
|    explained_variance   | 0.9          |
|    learning_rate        | 0.0003       |
|    loss                 | 2.01         |
|    n_updates            | 1860         |
|    policy_gradient_loss | -0.00092     |
|    value_loss           | 4.12         |
------------------------------------------
------------------------------------------
| time/                   |              |
|    fps                  | 459          |
|    iterations           | 73           |
|    time_elapsed         | 243          |
|    total_timesteps      | 288768       |
| train/                  |              |
|    approx_kl            | 0.0022001977 |
|    clip_fraction        | 0.0132       |
|    clip_range           | 0.2          |
|    entropy_loss         | -0.222       |
|    explained_variance   | 0.903        |
|    learning_rate        | 0.0003       |
|    loss                 | 1.15         |
|    n_updates            | 1870         |
|    policy_gradient_loss | -0.00102     |
|    value_loss           | 3.86         |
------------------------------------------
  step  290058/500000 ( 58.0%)  mean_rew=-0.004
------------------------------------------
| time/                   |              |
|    fps                  | 461          |
|    iterations           | 74           |
|    time_elapsed         | 246          |
|    total_timesteps      | 290304       |
| train/                  |              |
|    approx_kl            | 0.0033810623 |
|    clip_fraction        | 0.021        |
|    clip_range           | 0.2          |
|    entropy_loss         | -0.315       |
|    explained_variance   | 0.84         |
|    learning_rate        | 0.0003       |
|    loss                 | 0.0157       |
|    n_updates            | 1880         |
|    policy_gradient_loss | -0.000671    |
|    value_loss           | 0.00972      |
------------------------------------------
------------------------------------------
| time/                   |              |
|    fps                  | 463          |
|    iterations           | 75           |
|    time_elapsed         | 248          |
|    total_timesteps      | 291840       |
| train/                  |              |
|    approx_kl            | 0.0017798065 |
|    clip_fraction        | 0.0242       |
|    clip_range           | 0.2          |
|    entropy_loss         | -0.341       |
|    explained_variance   | 0.759        |
|    learning_rate        | 0.0003       |
|    loss                 | 0.00495      |
|    n_updates            | 1890         |
|    policy_gradient_loss | -0.00125     |
|    value_loss           | 0.0125       |
------------------------------------------
-----------------------------------------
| time/                   |             |
|    fps                  | 465         |
|    iterations           | 76          |
|    time_elapsed         | 250         |
|    total_timesteps      | 293376      |
| train/                  |             |
|    approx_kl            | 0.008115361 |
|    clip_fraction        | 0.0938      |
|    clip_range           | 0.2         |
|    entropy_loss         | -0.327      |
|    explained_variance   | 0.757       |
|    learning_rate        | 0.0003      |
|    loss                 | -0.00257    |
|    n_updates            | 1900        |
|    policy_gradient_loss | -0.00443    |
|    value_loss           | 0.00971     |
-----------------------------------------
-----------------------------------------
| time/                   |             |
|    fps                  | 467         |
|    iterations           | 77          |
|    time_elapsed         | 252         |
|    total_timesteps      | 294912      |
| train/                  |             |
|    approx_kl            | 0.006736888 |
|    clip_fraction        | 0.0839      |
|    clip_range           | 0.2         |
|    entropy_loss         | -0.276      |
|    explained_variance   | 0.723       |
|    learning_rate        | 0.0003      |
|    loss                 | 0.00285     |
|    n_updates            | 1910        |
|    policy_gradient_loss | -0.00414    |
|    value_loss           | 0.00864     |
-----------------------------------------
  step  295059/500000 ( 59.0%)  mean_rew=-0.003
------------------------------------------
| time/                   |              |
|    fps                  | 468          |
|    iterations           | 78           |
|    time_elapsed         | 255          |
|    total_timesteps      | 296448       |
| train/                  |              |
|    approx_kl            | 0.0010967046 |
|    clip_fraction        | 0.00332      |
|    clip_range           | 0.2          |
|    entropy_loss         | -0.257       |
|    explained_variance   | 0.844        |
|    learning_rate        | 0.0003       |
|    loss                 | -0.000874    |
|    n_updates            | 1920         |
|    policy_gradient_loss | -0.000162    |
|    value_loss           | 0.00346      |
------------------------------------------
------------------------------------------
| time/                   |              |
|    fps                  | 460          |
|    iterations           | 79           |
|    time_elapsed         | 263          |
|    total_timesteps      | 297984       |
| train/                  |              |
|    approx_kl            | 0.0005974107 |
|    clip_fraction        | 0.00951      |
|    clip_range           | 0.2          |
|    entropy_loss         | -0.252       |
|    explained_variance   | 0.871        |
|    learning_rate        | 0.0003       |
|    loss                 | 0.152        |
|    n_updates            | 1930         |
|    policy_gradient_loss | 0.00012      |
|    value_loss           | 0.246        |
------------------------------------------
------------------------------------------
| time/                   |              |
|    fps                  | 462          |
|    iterations           | 80           |
|    time_elapsed         | 265          |
|    total_timesteps      | 299520       |
| train/                  |              |
|    approx_kl            | 0.0010477625 |
|    clip_fraction        | 0.0015       |
|    clip_range           | 0.2          |
|    entropy_loss         | -0.149       |
|    explained_variance   | 0.917        |
|    learning_rate        | 0.0003       |
|    loss                 | 2.97         |
|    n_updates            | 1940         |
|    policy_gradient_loss | -4.97e-05    |
|    value_loss           | 6.2          |
------------------------------------------
  step  300060/500000 ( 60.0%)  mean_rew=-0.004
------------------------------------------
| time/                   |              |
|    fps                  | 463          |
|    iterations           | 81           |
|    time_elapsed         | 268          |
|    total_timesteps      | 301056       |
| train/                  |              |
|    approx_kl            | 0.0035181183 |
|    clip_fraction        | 0.0461       |
|    clip_range           | 0.2          |
|    entropy_loss         | -0.308       |
|    explained_variance   | 0.732        |
|    learning_rate        | 0.0003       |
|    loss                 | 0.0184       |
|    n_updates            | 1950         |
|    policy_gradient_loss | -0.00148     |
|    value_loss           | 0.00984      |
------------------------------------------
------------------------------------------
| time/                   |              |
|    fps                  | 465          |
|    iterations           | 82           |
|    time_elapsed         | 270          |
|    total_timesteps      | 302592       |
| train/                  |              |
|    approx_kl            | 0.0046801516 |
|    clip_fraction        | 0.0532       |
|    clip_range           | 0.2          |
|    entropy_loss         | -0.294       |
|    explained_variance   | 0.69         |
|    learning_rate        | 0.0003       |
|    loss                 | 0.000442     |
|    n_updates            | 1960         |
|    policy_gradient_loss | -0.00204     |
|    value_loss           | 0.0132       |
------------------------------------------
  Stage 3 saved -> cologne3_ppo_stage3_75pct.zip

────────────────────────────────────────────────────────────
  Stage 4/4  100% demand  200000 steps  (cumulative -> 500000)
  Route: cologne3_rand_100pct.rou.xml
────────────────────────────────────────────────────────────
-------------------------------
| time/              |        |
|    fps             | 170    |
|    iterations      | 1      |
|    time_elapsed    | 9      |
|    total_timesteps | 304128 |
-------------------------------
  step  305061/500000 ( 61.0%)  mean_rew=-0.002
-------------------------------------------
| time/                   |               |
|    fps                  | 156           |
|    iterations           | 2             |
|    time_elapsed         | 19            |
|    total_timesteps      | 305664        |
| train/                  |               |
|    approx_kl            | 0.00086148066 |
|    clip_fraction        | 0.0128        |
|    clip_range           | 0.2           |
|    entropy_loss         | -0.146        |
|    explained_variance   | 0.963         |
|    learning_rate        | 0.0003        |
|    loss                 | 0.455         |
|    n_updates            | 1980          |
|    policy_gradient_loss | -0.00169      |
|    value_loss           | 1.53          |
-------------------------------------------
-------------------------------------------
| time/                   |               |
|    fps                  | 144           |
|    iterations           | 3             |
|    time_elapsed         | 31            |
|    total_timesteps      | 307200        |
| train/                  |               |
|    approx_kl            | 0.00049721147 |
|    clip_fraction        | 0.00163       |
|    clip_range           | 0.2           |
|    entropy_loss         | -0.158        |
|    explained_variance   | 0.916         |
|    learning_rate        | 0.0003        |
|    loss                 | 1.33          |
|    n_updates            | 1990          |
|    policy_gradient_loss | -0.000464     |
|    value_loss           | 8.16          |
-------------------------------------------
-------------------------------------------
| time/                   |               |
|    fps                  | 140           |
|    iterations           | 4             |
|    time_elapsed         | 43            |
|    total_timesteps      | 308736        |
| train/                  |               |
|    approx_kl            | 0.00040213685 |
|    clip_fraction        | 0.00443       |
|    clip_range           | 0.2           |
|    entropy_loss         | -0.115        |
|    explained_variance   | 0.91          |
|    learning_rate        | 0.0003        |
|    loss                 | 3.44          |
|    n_updates            | 2000          |
|    policy_gradient_loss | -0.000345     |
|    value_loss           | 10.3          |
-------------------------------------------
  step  310062/500000 ( 62.0%)  mean_rew=-0.112
-------------------------------------------
| time/                   |               |
|    fps                  | 146           |
|    iterations           | 5             |
|    time_elapsed         | 52            |
|    total_timesteps      | 310272        |
| train/                  |               |
|    approx_kl            | 6.5322616e-05 |
|    clip_fraction        | 0             |
|    clip_range           | 0.2           |
|    entropy_loss         | -0.115        |
|    explained_variance   | 0.982         |
|    learning_rate        | 0.0003        |
|    loss                 | 0.409         |
|    n_updates            | 2010          |
|    policy_gradient_loss | -0.000113     |
|    value_loss           | 1.79          |
-------------------------------------------
------------------------------------------
| time/                   |              |
|    fps                  | 145          |
|    iterations           | 6            |
|    time_elapsed         | 63           |
|    total_timesteps      | 311808       |
| train/                  |              |
|    approx_kl            | 0.0010925247 |
|    clip_fraction        | 0.00566      |
|    clip_range           | 0.2          |
|    entropy_loss         | -0.178       |
|    explained_variance   | 0.926        |
|    learning_rate        | 0.0003       |
|    loss                 | 6.23         |
|    n_updates            | 2020         |
|    policy_gradient_loss | -0.00109     |
|    value_loss           | 10.5         |
------------------------------------------
------------------------------------------
| time/                   |              |
|    fps                  | 140          |
|    iterations           | 7            |
|    time_elapsed         | 76           |
|    total_timesteps      | 313344       |
| train/                  |              |
|    approx_kl            | 0.0007729014 |
|    clip_fraction        | 0.0139       |
|    clip_range           | 0.2          |
|    entropy_loss         | -0.142       |
|    explained_variance   | 0.931        |
|    learning_rate        | 0.0003       |
|    loss                 | 4.65         |
|    n_updates            | 2030         |
|    policy_gradient_loss | -0.000987    |
|    value_loss           | 11.5         |
------------------------------------------
-------------------------------------------
| time/                   |               |
|    fps                  | 151           |
|    iterations           | 8             |
|    time_elapsed         | 80            |
|    total_timesteps      | 314880        |
| train/                  |               |
|    approx_kl            | 0.00012444491 |
|    clip_fraction        | 0.000391      |
|    clip_range           | 0.2           |
|    entropy_loss         | -0.105        |
|    explained_variance   | 0.983         |
|    learning_rate        | 0.0003        |
|    loss                 | 0.376         |
|    n_updates            | 2040          |
|    policy_gradient_loss | -1.59e-05     |
|    value_loss           | 1.72          |
-------------------------------------------
  step  315063/500000 ( 63.0%)  mean_rew=-0.155
-------------------------------------------
| time/                   |               |
|    fps                  | 155           |
|    iterations           | 9             |
|    time_elapsed         | 88            |
|    total_timesteps      | 316416        |
| train/                  |               |
|    approx_kl            | 0.00031729232 |
|    clip_fraction        | 0             |
|    clip_range           | 0.2           |
|    entropy_loss         | -0.226        |
|    explained_variance   | 0.774         |
|    learning_rate        | 0.0003        |
|    loss                 | 6.39          |
|    n_updates            | 2050          |
|    policy_gradient_loss | -3.08e-05     |
|    value_loss           | 9.38          |
-------------------------------------------
------------------------------------------
| time/                   |              |
|    fps                  | 152          |
|    iterations           | 10           |
|    time_elapsed         | 100          |
|    total_timesteps      | 317952       |
| train/                  |              |
|    approx_kl            | 0.0009500785 |
|    clip_fraction        | 0.0026       |
|    clip_range           | 0.2          |
|    entropy_loss         | -0.184       |
|    explained_variance   | 0.924        |
|    learning_rate        | 0.0003       |
|    loss                 | 4.76         |
|    n_updates            | 2060         |
|    policy_gradient_loss | -7.33e-05    |
|    value_loss           | 9.14         |
------------------------------------------
-------------------------------------------
| time/                   |               |
|    fps                  | 152           |
|    iterations           | 11            |
|    time_elapsed         | 110           |
|    total_timesteps      | 319488        |
| train/                  |               |
|    approx_kl            | 0.00064688036 |
|    clip_fraction        | 0.0138        |
|    clip_range           | 0.2           |
|    entropy_loss         | -0.127        |
|    explained_variance   | 0.92          |
|    learning_rate        | 0.0003        |
|    loss                 | 2.7           |
|    n_updates            | 2070          |
|    policy_gradient_loss | -0.000548     |
|    value_loss           | 10.6          |
-------------------------------------------
  step  320064/500000 ( 64.0%)  mean_rew=-0.017
-------------------------------------------
| time/                   |               |
|    fps                  | 153           |
|    iterations           | 12            |
|    time_elapsed         | 119           |
|    total_timesteps      | 321024        |
| train/                  |               |
|    approx_kl            | 0.00053874066 |
|    clip_fraction        | 0.00892       |
|    clip_range           | 0.2           |
|    entropy_loss         | -0.14         |
|    explained_variance   | 0.991         |
|    learning_rate        | 0.0003        |
|    loss                 | 0.31          |
|    n_updates            | 2080          |
|    policy_gradient_loss | -0.000741     |
|    value_loss           | 0.799         |
-------------------------------------------
-------------------------------------------
| time/                   |               |
|    fps                  | 152           |
|    iterations           | 13            |
|    time_elapsed         | 131           |
|    total_timesteps      | 322560        |
| train/                  |               |
|    approx_kl            | 0.00029858606 |
|    clip_fraction        | 0             |
|    clip_range           | 0.2           |
|    entropy_loss         | -0.166        |
|    explained_variance   | 0.92          |
|    learning_rate        | 0.0003        |
|    loss                 | 9.86          |
|    n_updates            | 2090          |
|    policy_gradient_loss | -3.18e-05     |
|    value_loss           | 11.2          |
-------------------------------------------
-------------------------------------------
| time/                   |               |
|    fps                  | 149           |
|    iterations           | 14            |
|    time_elapsed         | 144           |
|    total_timesteps      | 324096        |
| train/                  |               |
|    approx_kl            | 0.00038533867 |
|    clip_fraction        | 0.0026        |
|    clip_range           | 0.2           |
|    entropy_loss         | -0.126        |
|    explained_variance   | 0.928         |
|    learning_rate        | 0.0003        |
|    loss                 | 1.88          |
|    n_updates            | 2100          |
|    policy_gradient_loss | -0.000277     |
|    value_loss           | 12.4          |
-------------------------------------------
  step  325065/500000 ( 65.0%)  mean_rew=-0.093
-------------------------------------------
| time/                   |               |
|    fps                  | 150           |
|    iterations           | 15            |
|    time_elapsed         | 153           |
|    total_timesteps      | 325632        |
| train/                  |               |
|    approx_kl            | 0.00045896045 |
|    clip_fraction        | 0.00241       |
|    clip_range           | 0.2           |
|    entropy_loss         | -0.119        |
|    explained_variance   | 0.989         |
|    learning_rate        | 0.0003        |
|    loss                 | 0.285         |
|    n_updates            | 2110          |
|    policy_gradient_loss | -0.000186     |
|    value_loss           | 1.26          |
-------------------------------------------
-------------------------------------------
| time/                   |               |
|    fps                  | 152           |
|    iterations           | 16            |
|    time_elapsed         | 161           |
|    total_timesteps      | 327168        |
| train/                  |               |
|    approx_kl            | 0.00040654046 |
|    clip_fraction        | 6.51e-05      |
|    clip_range           | 0.2           |
|    entropy_loss         | -0.147        |
|    explained_variance   | 0.917         |
|    learning_rate        | 0.0003        |
|    loss                 | 3.73          |
|    n_updates            | 2120          |
|    policy_gradient_loss | -0.00011      |
|    value_loss           | 13            |
-------------------------------------------
-------------------------------------------
| time/                   |               |
|    fps                  | 153           |
|    iterations           | 17            |
|    time_elapsed         | 169           |
|    total_timesteps      | 328704        |
| train/                  |               |
|    approx_kl            | 0.00044891005 |
|    clip_fraction        | 0.00228       |
|    clip_range           | 0.2           |
|    entropy_loss         | -0.162        |
|    explained_variance   | 0.932         |
|    learning_rate        | 0.0003        |
|    loss                 | 5.13          |
|    n_updates            | 2130          |
|    policy_gradient_loss | -0.000619     |
|    value_loss           | 13.1          |
-------------------------------------------
  step  330066/500000 ( 66.0%)  mean_rew=-0.373
-----------------------------------------
| time/                   |             |
|    fps                  | 152         |
|    iterations           | 18          |
|    time_elapsed         | 180         |
|    total_timesteps      | 330240      |
| train/                  |             |
|    approx_kl            | 0.001273048 |
|    clip_fraction        | 0.00788     |
|    clip_range           | 0.2         |
|    entropy_loss         | -0.169      |
|    explained_variance   | 0.924       |
|    learning_rate        | 0.0003      |
|    loss                 | 1.77        |
|    n_updates            | 2140        |
|    policy_gradient_loss | -0.00073    |
|    value_loss           | 12.4        |
-----------------------------------------
------------------------------------------
| time/                   |              |
|    fps                  | 155          |
|    iterations           | 19           |
|    time_elapsed         | 188          |
|    total_timesteps      | 331776       |
| train/                  |              |
|    approx_kl            | 0.0015623354 |
|    clip_fraction        | 0.0135       |
|    clip_range           | 0.2          |
|    entropy_loss         | -0.106       |
|    explained_variance   | 0.99         |
|    learning_rate        | 0.0003       |
|    loss                 | 0.308        |
|    n_updates            | 2150         |
|    policy_gradient_loss | -0.0012      |
|    value_loss           | 1.02         |
------------------------------------------
------------------------------------------
| time/                   |              |
|    fps                  | 155          |
|    iterations           | 20           |
|    time_elapsed         | 197          |
|    total_timesteps      | 333312       |
| train/                  |              |
|    approx_kl            | 0.0002615055 |
|    clip_fraction        | 0.000195     |
|    clip_range           | 0.2          |
|    entropy_loss         | -0.151       |
|    explained_variance   | 0.908        |
|    learning_rate        | 0.0003       |
|    loss                 | 8.96         |
|    n_updates            | 2160         |
|    policy_gradient_loss | -6.57e-05    |
|    value_loss           | 12.5         |
------------------------------------------
------------------------------------------
| time/                   |              |
|    fps                  | 156          |
|    iterations           | 21           |
|    time_elapsed         | 205          |
|    total_timesteps      | 334848       |
| train/                  |              |
|    approx_kl            | 0.0009534689 |
|    clip_fraction        | 0.00977      |
|    clip_range           | 0.2          |
|    entropy_loss         | -0.146       |
|    explained_variance   | 0.932        |
|    learning_rate        | 0.0003       |
|    loss                 | 9.64         |
|    n_updates            | 2170         |
|    policy_gradient_loss | -0.000318    |
|    value_loss           | 11.9         |
------------------------------------------
  step  335067/500000 ( 67.0%)  mean_rew=-0.228
------------------------------------------
| time/                   |              |
|    fps                  | 157          |
|    iterations           | 22           |
|    time_elapsed         | 214          |
|    total_timesteps      | 336384       |
| train/                  |              |
|    approx_kl            | 0.0013189102 |
|    clip_fraction        | 0.00514      |
|    clip_range           | 0.2          |
|    entropy_loss         | -0.129       |
|    explained_variance   | 0.993        |
|    learning_rate        | 0.0003       |
|    loss                 | 0.377        |
|    n_updates            | 2180         |
|    policy_gradient_loss | -0.000878    |
|    value_loss           | 0.894        |
------------------------------------------
-------------------------------------------
| time/                   |               |
|    fps                  | 156           |
|    iterations           | 23            |
|    time_elapsed         | 225           |
|    total_timesteps      | 337920        |
| train/                  |               |
|    approx_kl            | 3.0050016e-05 |
|    clip_fraction        | 0             |
|    clip_range           | 0.2           |
|    entropy_loss         | -0.103        |
|    explained_variance   | 0.918         |
|    learning_rate        | 0.0003        |
|    loss                 | 1.32          |
|    n_updates            | 2190          |
|    policy_gradient_loss | 8.5e-05       |
|    value_loss           | 12.7          |
-------------------------------------------
-------------------------------------------
| time/                   |               |
|    fps                  | 154           |
|    iterations           | 24            |
|    time_elapsed         | 238           |
|    total_timesteps      | 339456        |
| train/                  |               |
|    approx_kl            | 0.00044825373 |
|    clip_fraction        | 0.0026        |
|    clip_range           | 0.2           |
|    entropy_loss         | -0.0865       |
|    explained_variance   | 0.913         |
|    learning_rate        | 0.0003        |
|    loss                 | 7.78          |
|    n_updates            | 2200          |
|    policy_gradient_loss | -0.000134     |
|    value_loss           | 13.8          |
-------------------------------------------
  step  340068/500000 ( 68.0%)  mean_rew=-0.060
------------------------------------------
| time/                   |              |
|    fps                  | 154          |
|    iterations           | 25           |
|    time_elapsed         | 249          |
|    total_timesteps      | 340992       |
| train/                  |              |
|    approx_kl            | 0.0003641779 |
|    clip_fraction        | 0.00423      |
|    clip_range           | 0.2          |
|    entropy_loss         | -0.0564      |
|    explained_variance   | 0.907        |
|    learning_rate        | 0.0003       |
|    loss                 | 5.57         |
|    n_updates            | 2210         |
|    policy_gradient_loss | -7.66e-05    |
|    value_loss           | 14.1         |
------------------------------------------
-------------------------------------------
| time/                   |               |
|    fps                  | 155           |
|    iterations           | 26            |
|    time_elapsed         | 256           |
|    total_timesteps      | 342528        |
| train/                  |               |
|    approx_kl            | 0.00041335283 |
|    clip_fraction        | 0.00423       |
|    clip_range           | 0.2           |
|    entropy_loss         | -0.0907       |
|    explained_variance   | 0.993         |
|    learning_rate        | 0.0003        |
|    loss                 | 0.371         |
|    n_updates            | 2220          |
|    policy_gradient_loss | -3.64e-05     |
|    value_loss           | 0.829         |
-------------------------------------------
------------------------------------------
| time/                   |              |
|    fps                  | 155          |
|    iterations           | 27           |
|    time_elapsed         | 265          |
|    total_timesteps      | 344064       |
| train/                  |              |
|    approx_kl            | 0.0002124409 |
|    clip_fraction        | 0            |
|    clip_range           | 0.2          |
|    entropy_loss         | -0.123       |
|    explained_variance   | 0.914        |
|    learning_rate        | 0.0003       |
|    loss                 | 13.6         |
|    n_updates            | 2230         |
|    policy_gradient_loss | -0.000109    |
|    value_loss           | 13.6         |
------------------------------------------
  step  345069/500000 ( 69.0%)  mean_rew=-0.361
-------------------------------------------
| time/                   |               |
|    fps                  | 154           |
|    iterations           | 28            |
|    time_elapsed         | 278           |
|    total_timesteps      | 345600        |
| train/                  |               |
|    approx_kl            | 0.00076275744 |
|    clip_fraction        | 0.00508       |
|    clip_range           | 0.2           |
|    entropy_loss         | -0.118        |
|    explained_variance   | 0.921         |
|    learning_rate        | 0.0003        |
|    loss                 | 9.94          |
|    n_updates            | 2240          |
|    policy_gradient_loss | -0.000415     |
|    value_loss           | 12.9          |
-------------------------------------------
-------------------------------------------
| time/                   |               |
|    fps                  | 154           |
|    iterations           | 29            |
|    time_elapsed         | 287           |
|    total_timesteps      | 347136        |
| train/                  |               |
|    approx_kl            | 0.00028635943 |
|    clip_fraction        | 0.000326      |
|    clip_range           | 0.2           |
|    entropy_loss         | -0.0718       |
|    explained_variance   | 0.991         |
|    learning_rate        | 0.0003        |
|    loss                 | 0.256         |
|    n_updates            | 2250          |
|    policy_gradient_loss | -9.57e-05     |
|    value_loss           | 0.845         |
-------------------------------------------
------------------------------------------
| time/                   |              |
|    fps                  | 155          |
|    iterations           | 30           |
|    time_elapsed         | 297          |
|    total_timesteps      | 348672       |
| train/                  |              |
|    approx_kl            | 0.0008351468 |
|    clip_fraction        | 0.0102       |
|    clip_range           | 0.2          |
|    entropy_loss         | -0.115       |
|    explained_variance   | 0.889        |
|    learning_rate        | 0.0003       |
|    loss                 | 8.64         |
|    n_updates            | 2260         |
|    policy_gradient_loss | -0.000172    |
|    value_loss           | 14.7         |
------------------------------------------
  step  350070/500000 ( 70.0%)  mean_rew=-0.340
-------------------------------------------
| time/                   |               |
|    fps                  | 155           |
|    iterations           | 31            |
|    time_elapsed         | 305           |
|    total_timesteps      | 350208        |
| train/                  |               |
|    approx_kl            | 0.00032796443 |
|    clip_fraction        | 0.00365       |
|    clip_range           | 0.2           |
|    entropy_loss         | -0.115        |
|    explained_variance   | 0.93          |
|    learning_rate        | 0.0003        |
|    loss                 | 2.7           |
|    n_updates            | 2270          |
|    policy_gradient_loss | -0.000368     |
|    value_loss           | 14.4          |
-------------------------------------------
------------------------------------------
| time/                   |              |
|    fps                  | 157          |
|    iterations           | 32           |
|    time_elapsed         | 311          |
|    total_timesteps      | 351744       |
| train/                  |              |
|    approx_kl            | 0.0010815402 |
|    clip_fraction        | 0.0117       |
|    clip_range           | 0.2          |
|    entropy_loss         | -0.135       |
|    explained_variance   | 0.915        |
|    learning_rate        | 0.0003       |
|    loss                 | 4.72         |
|    n_updates            | 2280         |
|    policy_gradient_loss | -0.00043     |
|    value_loss           | 13.4         |
------------------------------------------
------------------------------------------
| time/                   |              |
|    fps                  | 157          |
|    iterations           | 33           |
|    time_elapsed         | 321          |
|    total_timesteps      | 353280       |
| train/                  |              |
|    approx_kl            | 0.0013142262 |
|    clip_fraction        | 0.00866      |
|    clip_range           | 0.2          |
|    entropy_loss         | -0.171       |
|    explained_variance   | 0.992        |
|    learning_rate        | 0.0003       |
|    loss                 | 0.372        |
|    n_updates            | 2290         |
|    policy_gradient_loss | 0.000251     |
|    value_loss           | 0.587        |
------------------------------------------
-------------------------------------------
| time/                   |               |
|    fps                  | 156           |
|    iterations           | 34            |
|    time_elapsed         | 333           |
|    total_timesteps      | 354816        |
| train/                  |               |
|    approx_kl            | 0.00082996656 |
|    clip_fraction        | 0.00501       |
|    clip_range           | 0.2           |
|    entropy_loss         | -0.121        |
|    explained_variance   | 0.917         |
|    learning_rate        | 0.0003        |
|    loss                 | 1.43          |
|    n_updates            | 2300          |
|    policy_gradient_loss | -0.00021      |
|    value_loss           | 13.1          |
-------------------------------------------
  step  355071/500000 ( 71.0%)  mean_rew=-0.010
------------------------------------------
| time/                   |              |
|    fps                  | 155          |
|    iterations           | 35           |
|    time_elapsed         | 346          |
|    total_timesteps      | 356352       |
| train/                  |              |
|    approx_kl            | 5.828201e-05 |
|    clip_fraction        | 0.00208      |
|    clip_range           | 0.2          |
|    entropy_loss         | -0.0662      |
|    explained_variance   | 0.927        |
|    learning_rate        | 0.0003       |
|    loss                 | 2.93         |
|    n_updates            | 2310         |
|    policy_gradient_loss | -0.000576    |
|    value_loss           | 13.9         |
------------------------------------------
------------------------------------------
| time/                   |              |
|    fps                  | 155          |
|    iterations           | 36           |
|    time_elapsed         | 354          |
|    total_timesteps      | 357888       |
| train/                  |              |
|    approx_kl            | 0.0010148917 |
|    clip_fraction        | 0.00697      |
|    clip_range           | 0.2          |
|    entropy_loss         | -0.0763      |
|    explained_variance   | 0.992        |
|    learning_rate        | 0.0003       |
|    loss                 | 0.253        |
|    n_updates            | 2320         |
|    policy_gradient_loss | -0.000712    |
|    value_loss           | 0.675        |
------------------------------------------
-------------------------------------------
| time/                   |               |
|    fps                  | 155           |
|    iterations           | 37            |
|    time_elapsed         | 365           |
|    total_timesteps      | 359424        |
| train/                  |               |
|    approx_kl            | 0.00012728525 |
|    clip_fraction        | 0.000521      |
|    clip_range           | 0.2           |
|    entropy_loss         | -0.119        |
|    explained_variance   | 0.912         |
|    learning_rate        | 0.0003        |
|    loss                 | 6.07          |
|    n_updates            | 2330          |
|    policy_gradient_loss | -0.000348     |
|    value_loss           | 13.9          |
-------------------------------------------
  step  360072/500000 ( 72.0%)  mean_rew=-0.364
-------------------------------------------
| time/                   |               |
|    fps                  | 153           |
|    iterations           | 38            |
|    time_elapsed         | 379           |
|    total_timesteps      | 360960        |
| train/                  |               |
|    approx_kl            | 0.00090462994 |
|    clip_fraction        | 0.0056        |
|    clip_range           | 0.2           |
|    entropy_loss         | -0.103        |
|    explained_variance   | 0.925         |
|    learning_rate        | 0.0003        |
|    loss                 | 4.67          |
|    n_updates            | 2340          |
|    policy_gradient_loss | -0.0011       |
|    value_loss           | 14.2          |
-------------------------------------------
------------------------------------------
| time/                   |              |
|    fps                  | 155          |
|    iterations           | 39           |
|    time_elapsed         | 384          |
|    total_timesteps      | 362496       |
| train/                  |              |
|    approx_kl            | 0.0002556235 |
|    clip_fraction        | 0.000521     |
|    clip_range           | 0.2          |
|    entropy_loss         | -0.0478      |
|    explained_variance   | 0.905        |
|    learning_rate        | 0.0003       |
|    loss                 | 6.54         |
|    n_updates            | 2350         |
|    policy_gradient_loss | -7.98e-05    |
|    value_loss           | 14.4         |
------------------------------------------
------------------------------------------
| time/                   |              |
|    fps                  | 155          |
|    iterations           | 40           |
|    time_elapsed         | 393          |
|    total_timesteps      | 364032       |
| train/                  |              |
|    approx_kl            | 0.0026375968 |
|    clip_fraction        | 0.0172       |
|    clip_range           | 0.2          |
|    entropy_loss         | -0.184       |
|    explained_variance   | 0.992        |
|    learning_rate        | 0.0003       |
|    loss                 | 0.41         |
|    n_updates            | 2360         |
|    policy_gradient_loss | 0.000188     |
|    value_loss           | 0.614        |
------------------------------------------
  step  365073/500000 ( 73.0%)  mean_rew=-0.374
-------------------------------------------
| time/                   |               |
|    fps                  | 155           |
|    iterations           | 41            |
|    time_elapsed         | 405           |
|    total_timesteps      | 365568        |
| train/                  |               |
|    approx_kl            | 0.00026439232 |
|    clip_fraction        | 0.00671       |
|    clip_range           | 0.2           |
|    entropy_loss         | -0.118        |
|    explained_variance   | 0.92          |
|    learning_rate        | 0.0003        |
|    loss                 | 22.1          |
|    n_updates            | 2370          |
|    policy_gradient_loss | 0.000151      |
|    value_loss           | 14.1          |
-------------------------------------------
-------------------------------------------
| time/                   |               |
|    fps                  | 154           |
|    iterations           | 42            |
|    time_elapsed         | 416           |
|    total_timesteps      | 367104        |
| train/                  |               |
|    approx_kl            | 8.0487225e-05 |
|    clip_fraction        | 0             |
|    clip_range           | 0.2           |
|    entropy_loss         | -0.065        |
|    explained_variance   | 0.932         |
|    learning_rate        | 0.0003        |
|    loss                 | 5.86          |
|    n_updates            | 2380          |
|    policy_gradient_loss | -0.000107     |
|    value_loss           | 14.8          |
-------------------------------------------
-------------------------------------------
| time/                   |               |
|    fps                  | 156           |
|    iterations           | 43            |
|    time_elapsed         | 422           |
|    total_timesteps      | 368640        |
| train/                  |               |
|    approx_kl            | 1.0726236e-05 |
|    clip_fraction        | 0.00189       |
|    clip_range           | 0.2           |
|    entropy_loss         | -0.0631       |
|    explained_variance   | 0.995         |
|    learning_rate        | 0.0003        |
|    loss                 | 0.384         |
|    n_updates            | 2390          |
|    policy_gradient_loss | 0.000239      |
|    value_loss           | 0.752         |
-------------------------------------------
  step  370074/500000 ( 74.0%)  mean_rew=-0.004
-------------------------------------------
| time/                   |               |
|    fps                  | 158           |
|    iterations           | 44            |
|    time_elapsed         | 426           |
|    total_timesteps      | 370176        |
| train/                  |               |
|    approx_kl            | 0.00067297724 |
|    clip_fraction        | 0.00501       |
|    clip_range           | 0.2           |
|    entropy_loss         | -0.144        |
|    explained_variance   | 0.868         |
|    learning_rate        | 0.0003        |
|    loss                 | 2.68          |
|    n_updates            | 2400          |
|    policy_gradient_loss | -0.000359     |
|    value_loss           | 12.1          |
-------------------------------------------
-------------------------------------------
| time/                   |               |
|    fps                  | 158           |
|    iterations           | 45            |
|    time_elapsed         | 435           |
|    total_timesteps      | 371712        |
| train/                  |               |
|    approx_kl            | 0.00017826911 |
|    clip_fraction        | 0.00137       |
|    clip_range           | 0.2           |
|    entropy_loss         | -0.157        |
|    explained_variance   | 0.766         |
|    learning_rate        | 0.0003        |
|    loss                 | 1.97          |
|    n_updates            | 2410          |
|    policy_gradient_loss | -0.000333     |
|    value_loss           | 5.41          |
-------------------------------------------
-------------------------------------------
| time/                   |               |
|    fps                  | 158           |
|    iterations           | 46            |
|    time_elapsed         | 444           |
|    total_timesteps      | 373248        |
| train/                  |               |
|    approx_kl            | 0.00027970388 |
|    clip_fraction        | 0.00267       |
|    clip_range           | 0.2           |
|    entropy_loss         | -0.111        |
|    explained_variance   | 0.918         |
|    learning_rate        | 0.0003        |
|    loss                 | 2.57          |
|    n_updates            | 2420          |
|    policy_gradient_loss | -0.000106     |
|    value_loss           | 8.46          |
-------------------------------------------
-----------------------------------------
| time/                   |             |
|    fps                  | 158         |
|    iterations           | 47          |
|    time_elapsed         | 454         |
|    total_timesteps      | 374784      |
| train/                  |             |
|    approx_kl            | 0.001798903 |
|    clip_fraction        | 0.0135      |
|    clip_range           | 0.2         |
|    entropy_loss         | -0.0999     |
|    explained_variance   | 0.984       |
|    learning_rate        | 0.0003      |
|    loss                 | 0.235       |
|    n_updates            | 2430        |
|    policy_gradient_loss | -6.69e-05   |
|    value_loss           | 0.87        |
-----------------------------------------
  step  375075/500000 ( 75.0%)  mean_rew=-0.347
------------------------------------------
| time/                   |              |
|    fps                  | 157          |
|    iterations           | 48           |
|    time_elapsed         | 467          |
|    total_timesteps      | 376320       |
| train/                  |              |
|    approx_kl            | 0.0001998295 |
|    clip_fraction        | 0.00182      |
|    clip_range           | 0.2          |
|    entropy_loss         | -0.106       |
|    explained_variance   | 0.916        |
|    learning_rate        | 0.0003       |
|    loss                 | 1.53         |
|    n_updates            | 2440         |
|    policy_gradient_loss | -0.000175    |
|    value_loss           | 11.1         |
------------------------------------------
------------------------------------------
| time/                   |              |
|    fps                  | 156          |
|    iterations           | 49           |
|    time_elapsed         | 479          |
|    total_timesteps      | 377856       |
| train/                  |              |
|    approx_kl            | 2.975207e-05 |
|    clip_fraction        | 0            |
|    clip_range           | 0.2          |
|    entropy_loss         | -0.0629      |
|    explained_variance   | 0.926        |
|    learning_rate        | 0.0003       |
|    loss                 | 0.778        |
|    n_updates            | 2450         |
|    policy_gradient_loss | 1.47e-05     |
|    value_loss           | 12           |
------------------------------------------
-------------------------------------------
| time/                   |               |
|    fps                  | 156           |
|    iterations           | 50            |
|    time_elapsed         | 489           |
|    total_timesteps      | 379392        |
| train/                  |               |
|    approx_kl            | 0.00012948958 |
|    clip_fraction        | 0.00273       |
|    clip_range           | 0.2           |
|    entropy_loss         | -0.068        |
|    explained_variance   | 0.991         |
|    learning_rate        | 0.0003        |
|    loss                 | 0.22          |
|    n_updates            | 2460          |
|    policy_gradient_loss | -6.33e-05     |
|    value_loss           | 0.705         |
-------------------------------------------
  step  380076/500000 ( 76.0%)  mean_rew=-0.368
-----------------------------------------
| time/                   |             |
|    fps                  | 156         |
|    iterations           | 51          |
|    time_elapsed         | 500         |
|    total_timesteps      | 380928      |
| train/                  |             |
|    approx_kl            | 0.001084353 |
|    clip_fraction        | 0.0136      |
|    clip_range           | 0.2         |
|    entropy_loss         | -0.116      |
|    explained_variance   | 0.915       |
|    learning_rate        | 0.0003      |
|    loss                 | 4.51        |
|    n_updates            | 2470        |
|    policy_gradient_loss | -0.000244   |
|    value_loss           | 13.4        |
-----------------------------------------
------------------------------------------
| time/                   |              |
|    fps                  | 155          |
|    iterations           | 52           |
|    time_elapsed         | 512          |
|    total_timesteps      | 382464       |
| train/                  |              |
|    approx_kl            | 0.0003846487 |
|    clip_fraction        | 0.00163      |
|    clip_range           | 0.2          |
|    entropy_loss         | -0.101       |
|    explained_variance   | 0.935        |
|    learning_rate        | 0.0003       |
|    loss                 | 3.01         |
|    n_updates            | 2480         |
|    policy_gradient_loss | -0.000184    |
|    value_loss           | 13.9         |
------------------------------------------
-------------------------------------------
| time/                   |               |
|    fps                  | 156           |
|    iterations           | 53            |
|    time_elapsed         | 520           |
|    total_timesteps      | 384000        |
| train/                  |               |
|    approx_kl            | 0.00017564457 |
|    clip_fraction        | 0.0028        |
|    clip_range           | 0.2           |
|    entropy_loss         | -0.0612       |
|    explained_variance   | 0.994         |
|    learning_rate        | 0.0003        |
|    loss                 | 0.273         |
|    n_updates            | 2490          |
|    policy_gradient_loss | -0.000339     |
|    value_loss           | 0.638         |
-------------------------------------------
  step  385077/500000 ( 77.0%)  mean_rew=-0.005
------------------------------------------
| time/                   |              |
|    fps                  | 156          |
|    iterations           | 54           |
|    time_elapsed         | 529          |
|    total_timesteps      | 385536       |
| train/                  |              |
|    approx_kl            | 0.0010171835 |
|    clip_fraction        | 0.0148       |
|    clip_range           | 0.2          |
|    entropy_loss         | -0.103       |
|    explained_variance   | 0.924        |
|    learning_rate        | 0.0003       |
|    loss                 | 2.94         |
|    n_updates            | 2500         |
|    policy_gradient_loss | -0.000535    |
|    value_loss           | 13           |
------------------------------------------
-----------------------------------------
| time/                   |             |
|    fps                  | 156         |
|    iterations           | 55          |
|    time_elapsed         | 538         |
|    total_timesteps      | 387072      |
| train/                  |             |
|    approx_kl            | 0.000369382 |
|    clip_fraction        | 0.00111     |
|    clip_range           | 0.2         |
|    entropy_loss         | -0.103      |
|    explained_variance   | 0.933       |
|    learning_rate        | 0.0003      |
|    loss                 | 7.38        |
|    n_updates            | 2510        |
|    policy_gradient_loss | -0.000116   |
|    value_loss           | 13.9        |
-----------------------------------------
------------------------------------------
| time/                   |              |
|    fps                  | 156          |
|    iterations           | 56           |
|    time_elapsed         | 550          |
|    total_timesteps      | 388608       |
| train/                  |              |
|    approx_kl            | 0.0033682918 |
|    clip_fraction        | 0.0282       |
|    clip_range           | 0.2          |
|    entropy_loss         | -0.113       |
|    explained_variance   | 0.927        |
|    learning_rate        | 0.0003       |
|    loss                 | 5.48         |
|    n_updates            | 2520         |
|    policy_gradient_loss | -0.000582    |
|    value_loss           | 13.3         |
------------------------------------------
  step  390078/500000 ( 78.0%)  mean_rew=-0.302
------------------------------------------
| time/                   |              |
|    fps                  | 156          |
|    iterations           | 57           |
|    time_elapsed         | 560          |
|    total_timesteps      | 390144       |
| train/                  |              |
|    approx_kl            | 0.0010862668 |
|    clip_fraction        | 0.00664      |
|    clip_range           | 0.2          |
|    entropy_loss         | -0.0731      |
|    explained_variance   | 0.993        |
|    learning_rate        | 0.0003       |
|    loss                 | 0.269        |
|    n_updates            | 2530         |
|    policy_gradient_loss | -3.51e-05    |
|    value_loss           | 0.779        |
------------------------------------------
-----------------------------------------
| time/                   |             |
|    fps                  | 155         |
|    iterations           | 58          |
|    time_elapsed         | 572         |
|    total_timesteps      | 391680      |
| train/                  |             |
|    approx_kl            | 0.000991182 |
|    clip_fraction        | 0.0171      |
|    clip_range           | 0.2         |
|    entropy_loss         | -0.0952     |
|    explained_variance   | 0.917       |
|    learning_rate        | 0.0003      |
|    loss                 | 8.75        |
|    n_updates            | 2540        |
|    policy_gradient_loss | -0.000387   |
|    value_loss           | 14.3        |
-----------------------------------------
------------------------------------------
| time/                   |              |
|    fps                  | 154          |
|    iterations           | 59           |
|    time_elapsed         | 585          |
|    total_timesteps      | 393216       |
| train/                  |              |
|    approx_kl            | 6.283622e-05 |
|    clip_fraction        | 0.00443      |
|    clip_range           | 0.2          |
|    entropy_loss         | -0.0689      |
|    explained_variance   | 0.931        |
|    learning_rate        | 0.0003       |
|    loss                 | 8.02         |
|    n_updates            | 2550         |
|    policy_gradient_loss | 4.86e-05     |
|    value_loss           | 14.8         |
------------------------------------------
-------------------------------------------
| time/                   |               |
|    fps                  | 155           |
|    iterations           | 60            |
|    time_elapsed         | 594           |
|    total_timesteps      | 394752        |
| train/                  |               |
|    approx_kl            | 0.00044243658 |
|    clip_fraction        | 0.00345       |
|    clip_range           | 0.2           |
|    entropy_loss         | -0.0472       |
|    explained_variance   | 0.994         |
|    learning_rate        | 0.0003        |
|    loss                 | 0.185         |
|    n_updates            | 2560          |
|    policy_gradient_loss | -4.64e-05     |
|    value_loss           | 0.707         |
-------------------------------------------
  step  395079/500000 ( 79.0%)  mean_rew=-0.352
------------------------------------------
| time/                   |              |
|    fps                  | 155          |
|    iterations           | 61           |
|    time_elapsed         | 603          |
|    total_timesteps      | 396288       |
| train/                  |              |
|    approx_kl            | 0.0006723818 |
|    clip_fraction        | 0.00781      |
|    clip_range           | 0.2          |
|    entropy_loss         | -0.0909      |
|    explained_variance   | 0.911        |
|    learning_rate        | 0.0003       |
|    loss                 | 5.75         |
|    n_updates            | 2570         |
|    policy_gradient_loss | -0.000597    |
|    value_loss           | 14.5         |
------------------------------------------
------------------------------------------
| time/                   |              |
|    fps                  | 154          |
|    iterations           | 62           |
|    time_elapsed         | 615          |
|    total_timesteps      | 397824       |
| train/                  |              |
|    approx_kl            | 0.0005020019 |
|    clip_fraction        | 0.000651     |
|    clip_range           | 0.2          |
|    entropy_loss         | -0.0723      |
|    explained_variance   | 0.927        |
|    learning_rate        | 0.0003       |
|    loss                 | 2.39         |
|    n_updates            | 2580         |
|    policy_gradient_loss | -9.17e-05    |
|    value_loss           | 14.4         |
------------------------------------------
-------------------------------------------
| time/                   |               |
|    fps                  | 155           |
|    iterations           | 63            |
|    time_elapsed         | 621           |
|    total_timesteps      | 399360        |
| train/                  |               |
|    approx_kl            | 0.00038685053 |
|    clip_fraction        | 0.00176       |
|    clip_range           | 0.2           |
|    entropy_loss         | -0.0548       |
|    explained_variance   | 0.926         |
|    learning_rate        | 0.0003        |
|    loss                 | 2.56          |
|    n_updates            | 2590          |
|    policy_gradient_loss | -1.66e-06     |
|    value_loss           | 14.4          |
-------------------------------------------
  step  400080/500000 ( 80.0%)  mean_rew=-0.001
------------------------------------------
| time/                   |              |
|    fps                  | 155          |
|    iterations           | 64           |
|    time_elapsed         | 631          |
|    total_timesteps      | 400896       |
| train/                  |              |
|    approx_kl            | 0.0023615095 |
|    clip_fraction        | 0.0201       |
|    clip_range           | 0.2          |
|    entropy_loss         | -0.14        |
|    explained_variance   | 0.993        |
|    learning_rate        | 0.0003       |
|    loss                 | 0.39         |
|    n_updates            | 2600         |
|    policy_gradient_loss | 7.07e-05     |
|    value_loss           | 0.749        |
------------------------------------------
-------------------------------------------
| time/                   |               |
|    fps                  | 155           |
|    iterations           | 65            |
|    time_elapsed         | 643           |
|    total_timesteps      | 402432        |
| train/                  |               |
|    approx_kl            | 0.00031511098 |
|    clip_fraction        | 0.0328        |
|    clip_range           | 0.2           |
|    entropy_loss         | -0.106        |
|    explained_variance   | 0.917         |
|    learning_rate        | 0.0003        |
|    loss                 | 6.48          |
|    n_updates            | 2610          |
|    policy_gradient_loss | 0.0013        |
|    value_loss           | 14            |
-------------------------------------------
-------------------------------------------
| time/                   |               |
|    fps                  | 154           |
|    iterations           | 66            |
|    time_elapsed         | 655           |
|    total_timesteps      | 403968        |
| train/                  |               |
|    approx_kl            | 0.00047654207 |
|    clip_fraction        | 0.00104       |
|    clip_range           | 0.2           |
|    entropy_loss         | -0.0452       |
|    explained_variance   | 0.932         |
|    learning_rate        | 0.0003        |
|    loss                 | 5.89          |
|    n_updates            | 2620          |
|    policy_gradient_loss | -9.58e-05     |
|    value_loss           | 14.5          |
-------------------------------------------
  step  405081/500000 ( 81.0%)  mean_rew=-0.003
-------------------------------------------
| time/                   |               |
|    fps                  | 155           |
|    iterations           | 67            |
|    time_elapsed         | 661           |
|    total_timesteps      | 405504        |
| train/                  |               |
|    approx_kl            | 0.00060430256 |
|    clip_fraction        | 0.00273       |
|    clip_range           | 0.2           |
|    entropy_loss         | -0.0414       |
|    explained_variance   | 0.994         |
|    learning_rate        | 0.0003        |
|    loss                 | 0.265         |
|    n_updates            | 2630          |
|    policy_gradient_loss | -0.000355     |
|    value_loss           | 0.671         |
-------------------------------------------
------------------------------------------
| time/                   |              |
|    fps                  | 155          |
|    iterations           | 68           |
|    time_elapsed         | 669          |
|    total_timesteps      | 407040       |
| train/                  |              |
|    approx_kl            | 0.0006489978 |
|    clip_fraction        | 0.00638      |
|    clip_range           | 0.2          |
|    entropy_loss         | -0.0838      |
|    explained_variance   | 0.806        |
|    learning_rate        | 0.0003       |
|    loss                 | 3.65         |
|    n_updates            | 2640         |
|    policy_gradient_loss | -5.3e-05     |
|    value_loss           | 10.8         |
------------------------------------------
------------------------------------------
| time/                   |              |
|    fps                  | 155          |
|    iterations           | 69           |
|    time_elapsed         | 682          |
|    total_timesteps      | 408576       |
| train/                  |              |
|    approx_kl            | 0.0006018781 |
|    clip_fraction        | 0.00228      |
|    clip_range           | 0.2          |
|    entropy_loss         | -0.0717      |
|    explained_variance   | 0.921        |
|    learning_rate        | 0.0003       |
|    loss                 | 1.51         |
|    n_updates            | 2650         |
|    policy_gradient_loss | -0.000104    |
|    value_loss           | 9.82         |
------------------------------------------
  step  410082/500000 ( 82.0%)  mean_rew=-0.353
------------------------------------------
| time/                   |              |
|    fps                  | 155          |
|    iterations           | 70           |
|    time_elapsed         | 692          |
|    total_timesteps      | 410112       |
| train/                  |              |
|    approx_kl            | 2.937469e-06 |
|    clip_fraction        | 0            |
|    clip_range           | 0.2          |
|    entropy_loss         | -0.0253      |
|    explained_variance   | 0.905        |
|    learning_rate        | 0.0003       |
|    loss                 | 6.3          |
|    n_updates            | 2660         |
|    policy_gradient_loss | -1.67e-05    |
|    value_loss           | 11.1         |
------------------------------------------
-------------------------------------------
| time/                   |               |
|    fps                  | 155           |
|    iterations           | 71            |
|    time_elapsed         | 701           |
|    total_timesteps      | 411648        |
| train/                  |               |
|    approx_kl            | 2.7420698e-05 |
|    clip_fraction        | 0.000977      |
|    clip_range           | 0.2           |
|    entropy_loss         | -0.0533       |
|    explained_variance   | 0.991         |
|    learning_rate        | 0.0003        |
|    loss                 | 0.367         |
|    n_updates            | 2670          |
|    policy_gradient_loss | 0.000115      |
|    value_loss           | 0.781         |
-------------------------------------------
-------------------------------------------
| time/                   |               |
|    fps                  | 155           |
|    iterations           | 72            |
|    time_elapsed         | 712           |
|    total_timesteps      | 413184        |
| train/                  |               |
|    approx_kl            | 1.9326495e-05 |
|    clip_fraction        | 0.000456      |
|    clip_range           | 0.2           |
|    entropy_loss         | -0.0655       |
|    explained_variance   | 0.92          |
|    learning_rate        | 0.0003        |
|    loss                 | 1.69          |
|    n_updates            | 2680          |
|    policy_gradient_loss | 4.2e-05       |
|    value_loss           | 12            |
-------------------------------------------
-------------------------------------------
| time/                   |               |
|    fps                  | 154           |
|    iterations           | 73            |
|    time_elapsed         | 725           |
|    total_timesteps      | 414720        |
| train/                  |               |
|    approx_kl            | 0.00014474969 |
|    clip_fraction        | 0.00013       |
|    clip_range           | 0.2           |
|    entropy_loss         | -0.0309       |
|    explained_variance   | 0.936         |
|    learning_rate        | 0.0003        |
|    loss                 | 7.85          |
|    n_updates            | 2690          |
|    policy_gradient_loss | -7.77e-05     |
|    value_loss           | 12.4          |
-------------------------------------------
  step  415083/500000 ( 83.0%)  mean_rew=-0.055
-------------------------------------------
| time/                   |               |
|    fps                  | 154           |
|    iterations           | 74            |
|    time_elapsed         | 735           |
|    total_timesteps      | 416256        |
| train/                  |               |
|    approx_kl            | 0.00020081938 |
|    clip_fraction        | 0.00775       |
|    clip_range           | 0.2           |
|    entropy_loss         | -0.0342       |
|    explained_variance   | 0.992         |
|    learning_rate        | 0.0003        |
|    loss                 | 0.3           |
|    n_updates            | 2700          |
|    policy_gradient_loss | 0.000294      |
|    value_loss           | 0.762         |
-------------------------------------------
-------------------------------------------
| time/                   |               |
|    fps                  | 154           |
|    iterations           | 75            |
|    time_elapsed         | 746           |
|    total_timesteps      | 417792        |
| train/                  |               |
|    approx_kl            | 0.00013797602 |
|    clip_fraction        | 0             |
|    clip_range           | 0.2           |
|    entropy_loss         | -0.0523       |
|    explained_variance   | 0.917         |
|    learning_rate        | 0.0003        |
|    loss                 | 6.22          |
|    n_updates            | 2710          |
|    policy_gradient_loss | -7.91e-05     |
|    value_loss           | 13.7          |
-------------------------------------------
-------------------------------------------
| time/                   |               |
|    fps                  | 153           |
|    iterations           | 76            |
|    time_elapsed         | 760           |
|    total_timesteps      | 419328        |
| train/                  |               |
|    approx_kl            | 0.00021693122 |
|    clip_fraction        | 6.51e-05      |
|    clip_range           | 0.2           |
|    entropy_loss         | -0.0444       |
|    explained_variance   | 0.922         |
|    learning_rate        | 0.0003        |
|    loss                 | 1.56          |
|    n_updates            | 2720          |
|    policy_gradient_loss | -3.15e-05     |
|    value_loss           | 14            |
-------------------------------------------
  step  420084/500000 ( 84.0%)  mean_rew=-0.088
------------------------------------------
| time/                   |              |
|    fps                  | 153          |
|    iterations           | 77           |
|    time_elapsed         | 770          |
|    total_timesteps      | 420864       |
| train/                  |              |
|    approx_kl            | 5.152348e-06 |
|    clip_fraction        | 0            |
|    clip_range           | 0.2          |
|    entropy_loss         | -0.0155      |
|    explained_variance   | 0.912        |
|    learning_rate        | 0.0003       |
|    loss                 | 4.61         |
|    n_updates            | 2730         |
|    policy_gradient_loss | 1.13e-05     |
|    value_loss           | 14.3         |
------------------------------------------
------------------------------------------
| time/                   |              |
|    fps                  | 153          |
|    iterations           | 78           |
|    time_elapsed         | 779          |
|    total_timesteps      | 422400       |
| train/                  |              |
|    approx_kl            | 0.0008233604 |
|    clip_fraction        | 0.0124       |
|    clip_range           | 0.2          |
|    entropy_loss         | -0.044       |
|    explained_variance   | 0.995        |
|    learning_rate        | 0.0003       |
|    loss                 | 0.196        |
|    n_updates            | 2740         |
|    policy_gradient_loss | -0.000412    |
|    value_loss           | 0.683        |
------------------------------------------
------------------------------------------
| time/                   |              |
|    fps                  | 153          |
|    iterations           | 79           |
|    time_elapsed         | 791          |
|    total_timesteps      | 423936       |
| train/                  |              |
|    approx_kl            | 0.0003431882 |
|    clip_fraction        | 0.012        |
|    clip_range           | 0.2          |
|    entropy_loss         | -0.0405      |
|    explained_variance   | 0.922        |
|    learning_rate        | 0.0003       |
|    loss                 | 19.3         |
|    n_updates            | 2750         |
|    policy_gradient_loss | -8.05e-05    |
|    value_loss           | 14.9         |
------------------------------------------
  step  425085/500000 ( 85.0%)  mean_rew=-0.328
-------------------------------------------
| time/                   |               |
|    fps                  | 153           |
|    iterations           | 80            |
|    time_elapsed         | 801           |
|    total_timesteps      | 425472        |
| train/                  |               |
|    approx_kl            | 1.0618824e-05 |
|    clip_fraction        | 0             |
|    clip_range           | 0.2           |
|    entropy_loss         | -0.0298       |
|    explained_variance   | 0.939         |
|    learning_rate        | 0.0003        |
|    loss                 | 14.2          |
|    n_updates            | 2760          |
|    policy_gradient_loss | -5.79e-06     |
|    value_loss           | 14.8          |
-------------------------------------------
-------------------------------------------
| time/                   |               |
|    fps                  | 153           |
|    iterations           | 81            |
|    time_elapsed         | 811           |
|    total_timesteps      | 427008        |
| train/                  |               |
|    approx_kl            | 0.00031479858 |
|    clip_fraction        | 0.00208       |
|    clip_range           | 0.2           |
|    entropy_loss         | -0.0353       |
|    explained_variance   | 0.995         |
|    learning_rate        | 0.0003        |
|    loss                 | 0.74          |
|    n_updates            | 2770          |
|    policy_gradient_loss | -0.000189     |
|    value_loss           | 0.856         |
-------------------------------------------
------------------------------------------
| time/                   |              |
|    fps                  | 153          |
|    iterations           | 82           |
|    time_elapsed         | 822          |
|    total_timesteps      | 428544       |
| train/                  |              |
|    approx_kl            | 3.993589e-06 |
|    clip_fraction        | 0            |
|    clip_range           | 0.2          |
|    entropy_loss         | -0.0457      |
|    explained_variance   | 0.918        |
|    learning_rate        | 0.0003       |
|    loss                 | 2.99         |
|    n_updates            | 2780         |
|    policy_gradient_loss | -1.36e-06    |
|    value_loss           | 15.2         |
------------------------------------------
-------------------------------------------
| time/                   |               |
|    fps                  | 152           |
|    iterations           | 83            |
|    time_elapsed         | 835           |
|    total_timesteps      | 430080        |
| train/                  |               |
|    approx_kl            | 0.00034026036 |
|    clip_fraction        | 0.00638       |
|    clip_range           | 0.2           |
|    entropy_loss         | -0.0354       |
|    explained_variance   | 0.923         |
|    learning_rate        | 0.0003        |
|    loss                 | 4.5           |
|    n_updates            | 2790          |
|    policy_gradient_loss | -0.000329     |
|    value_loss           | 15.8          |
-------------------------------------------
  step  430086/500000 ( 86.0%)  mean_rew=-0.270
-------------------------------------------
| time/                   |               |
|    fps                  | 153           |
|    iterations           | 84            |
|    time_elapsed         | 840           |
|    total_timesteps      | 431616        |
| train/                  |               |
|    approx_kl            | 9.0026915e-05 |
|    clip_fraction        | 0.00026       |
|    clip_range           | 0.2           |
|    entropy_loss         | -0.0137       |
|    explained_variance   | 0.902         |
|    learning_rate        | 0.0003        |
|    loss                 | 9.38          |
|    n_updates            | 2800          |
|    policy_gradient_loss | -5.96e-05     |
|    value_loss           | 15.6          |
-------------------------------------------
-----------------------------------------
| time/                   |             |
|    fps                  | 154         |
|    iterations           | 85          |
|    time_elapsed         | 847         |
|    total_timesteps      | 433152      |
| train/                  |             |
|    approx_kl            | 0.001598652 |
|    clip_fraction        | 0.0197      |
|    clip_range           | 0.2         |
|    entropy_loss         | -0.0817     |
|    explained_variance   | 0.989       |
|    learning_rate        | 0.0003      |
|    loss                 | 0.653       |
|    n_updates            | 2810        |
|    policy_gradient_loss | -0.00128    |
|    value_loss           | 0.89        |
-----------------------------------------
-------------------------------------------
| time/                   |               |
|    fps                  | 154           |
|    iterations           | 86            |
|    time_elapsed         | 856           |
|    total_timesteps      | 434688        |
| train/                  |               |
|    approx_kl            | 0.00031642022 |
|    clip_fraction        | 0.00313       |
|    clip_range           | 0.2           |
|    entropy_loss         | -0.0499       |
|    explained_variance   | 0.926         |
|    learning_rate        | 0.0003        |
|    loss                 | 3.96          |
|    n_updates            | 2820          |
|    policy_gradient_loss | -9.5e-05      |
|    value_loss           | 14.4          |
-------------------------------------------
  step  435087/500000 ( 87.0%)  mean_rew=-0.005
-----------------------------------------
| time/                   |             |
|    fps                  | 155         |
|    iterations           | 87          |
|    time_elapsed         | 862         |
|    total_timesteps      | 436224      |
| train/                  |             |
|    approx_kl            | 0.003660322 |
|    clip_fraction        | 0.0159      |
|    clip_range           | 0.2         |
|    entropy_loss         | -0.0646     |
|    explained_variance   | 0.926       |
|    learning_rate        | 0.0003      |
|    loss                 | 3.43        |
|    n_updates            | 2830        |
|    policy_gradient_loss | -0.000441   |
|    value_loss           | 13.7        |
-----------------------------------------
-------------------------------------------
| time/                   |               |
|    fps                  | 155           |
|    iterations           | 88            |
|    time_elapsed         | 870           |
|    total_timesteps      | 437760        |
| train/                  |               |
|    approx_kl            | 0.00080171734 |
|    clip_fraction        | 0.00937       |
|    clip_range           | 0.2           |
|    entropy_loss         | -0.0931       |
|    explained_variance   | 0.986         |
|    learning_rate        | 0.0003        |
|    loss                 | 0.415         |
|    n_updates            | 2840          |
|    policy_gradient_loss | -0.000242     |
|    value_loss           | 1.61          |
-------------------------------------------
-------------------------------------------
| time/                   |               |
|    fps                  | 155           |
|    iterations           | 89            |
|    time_elapsed         | 881           |
|    total_timesteps      | 439296        |
| train/                  |               |
|    approx_kl            | 0.00052269886 |
|    clip_fraction        | 0.00163       |
|    clip_range           | 0.2           |
|    entropy_loss         | -0.0876       |
|    explained_variance   | 0.919         |
|    learning_rate        | 0.0003        |
|    loss                 | 5.43          |
|    n_updates            | 2850          |
|    policy_gradient_loss | -3.51e-05     |
|    value_loss           | 12.4          |
-------------------------------------------
  step  440088/500000 ( 88.0%)  mean_rew=-0.309
-------------------------------------------
| time/                   |               |
|    fps                  | 154           |
|    iterations           | 90            |
|    time_elapsed         | 893           |
|    total_timesteps      | 440832        |
| train/                  |               |
|    approx_kl            | 0.00024470198 |
|    clip_fraction        | 0             |
|    clip_range           | 0.2           |
|    entropy_loss         | -0.048        |
|    explained_variance   | 0.933         |
|    learning_rate        | 0.0003        |
|    loss                 | 3.84          |
|    n_updates            | 2860          |
|    policy_gradient_loss | -1.79e-05     |
|    value_loss           | 13.5          |
-------------------------------------------
-----------------------------------------
| time/                   |             |
|    fps                  | 154         |
|    iterations           | 91          |
|    time_elapsed         | 902         |
|    total_timesteps      | 442368      |
| train/                  |             |
|    approx_kl            | 0.000389707 |
|    clip_fraction        | 0.00163     |
|    clip_range           | 0.2         |
|    entropy_loss         | -0.0379     |
|    explained_variance   | 0.904       |
|    learning_rate        | 0.0003      |
|    loss                 | 4.43        |
|    n_updates            | 2870        |
|    policy_gradient_loss | -0.000141   |
|    value_loss           | 13.8        |
-----------------------------------------
------------------------------------------
| time/                   |              |
|    fps                  | 154          |
|    iterations           | 92           |
|    time_elapsed         | 912          |
|    total_timesteps      | 443904       |
| train/                  |              |
|    approx_kl            | 0.0027543418 |
|    clip_fraction        | 0.0157       |
|    clip_range           | 0.2          |
|    entropy_loss         | -0.09        |
|    explained_variance   | 0.993        |
|    learning_rate        | 0.0003       |
|    loss                 | 0.359        |
|    n_updates            | 2880         |
|    policy_gradient_loss | -0.00101     |
|    value_loss           | 0.815        |
------------------------------------------
  step  445089/500000 ( 89.0%)  mean_rew=-0.374
------------------------------------------
| time/                   |              |
|    fps                  | 154          |
|    iterations           | 93           |
|    time_elapsed         | 925          |
|    total_timesteps      | 445440       |
| train/                  |              |
|    approx_kl            | 0.0009547935 |
|    clip_fraction        | 0.0108       |
|    clip_range           | 0.2          |
|    entropy_loss         | -0.087       |
|    explained_variance   | 0.916        |
|    learning_rate        | 0.0003       |
|    loss                 | 4.16         |
|    n_updates            | 2890         |
|    policy_gradient_loss | -0.000443    |
|    value_loss           | 14.7         |
------------------------------------------
------------------------------------------
| time/                   |              |
|    fps                  | 154          |
|    iterations           | 94           |
|    time_elapsed         | 936          |
|    total_timesteps      | 446976       |
| train/                  |              |
|    approx_kl            | 0.0002570181 |
|    clip_fraction        | 0.00352      |
|    clip_range           | 0.2          |
|    entropy_loss         | -0.0471      |
|    explained_variance   | 0.926        |
|    learning_rate        | 0.0003       |
|    loss                 | 3.51         |
|    n_updates            | 2900         |
|    policy_gradient_loss | -0.000604    |
|    value_loss           | 15.1         |
------------------------------------------
-------------------------------------------
| time/                   |               |
|    fps                  | 154           |
|    iterations           | 95            |
|    time_elapsed         | 943           |
|    total_timesteps      | 448512        |
| train/                  |               |
|    approx_kl            | 0.00055004115 |
|    clip_fraction        | 0.00352       |
|    clip_range           | 0.2           |
|    entropy_loss         | -0.0572       |
|    explained_variance   | 0.992         |
|    learning_rate        | 0.0003        |
|    loss                 | 0.482         |
|    n_updates            | 2910          |
|    policy_gradient_loss | -0.000581     |
|    value_loss           | 0.921         |
-------------------------------------------
------------------------------------------
| time/                   |              |
|    fps                  | 154          |
|    iterations           | 96           |
|    time_elapsed         | 952          |
|    total_timesteps      | 450048       |
| train/                  |              |
|    approx_kl            | 0.0006789992 |
|    clip_fraction        | 0.0173       |
|    clip_range           | 0.2          |
|    entropy_loss         | -0.106       |
|    explained_variance   | 0.886        |
|    learning_rate        | 0.0003       |
|    loss                 | 7.68         |
|    n_updates            | 2920         |
|    policy_gradient_loss | -0.000803    |
|    value_loss           | 13.8         |
------------------------------------------
  step  450090/500000 ( 90.0%)  mean_rew=-0.010
-------------------------------------------
| time/                   |               |
|    fps                  | 154           |
|    iterations           | 97            |
|    time_elapsed         | 966           |
|    total_timesteps      | 451584        |
| train/                  |               |
|    approx_kl            | 0.00042699833 |
|    clip_fraction        | 0.00872       |
|    clip_range           | 0.2           |
|    entropy_loss         | -0.0904       |
|    explained_variance   | 0.92          |
|    learning_rate        | 0.0003        |
|    loss                 | 10.7          |
|    n_updates            | 2930          |
|    policy_gradient_loss | 1.06e-05      |
|    value_loss           | 12.9          |
-------------------------------------------
------------------------------------------
| time/                   |              |
|    fps                  | 154          |
|    iterations           | 98           |
|    time_elapsed         | 975          |
|    total_timesteps      | 453120       |
| train/                  |              |
|    approx_kl            | 0.0008068281 |
|    clip_fraction        | 0.00521      |
|    clip_range           | 0.2          |
|    entropy_loss         | -0.0365      |
|    explained_variance   | 0.994        |
|    learning_rate        | 0.0003       |
|    loss                 | 0.165        |
|    n_updates            | 2940         |
|    policy_gradient_loss | 0.000335     |
|    value_loss           | 0.53         |
------------------------------------------
-------------------------------------------
| time/                   |               |
|    fps                  | 154           |
|    iterations           | 99            |
|    time_elapsed         | 985           |
|    total_timesteps      | 454656        |
| train/                  |               |
|    approx_kl            | 2.3253999e-05 |
|    clip_fraction        | 0.00749       |
|    clip_range           | 0.2           |
|    entropy_loss         | -0.0762       |
|    explained_variance   | 0.923         |
|    learning_rate        | 0.0003        |
|    loss                 | 4.55          |
|    n_updates            | 2950          |
|    policy_gradient_loss | 0.000194      |
|    value_loss           | 13.4          |
-------------------------------------------
  step  455091/500000 ( 91.0%)  mean_rew=-0.305
-------------------------------------------
| time/                   |               |
|    fps                  | 154           |
|    iterations           | 100           |
|    time_elapsed         | 997           |
|    total_timesteps      | 456192        |
| train/                  |               |
|    approx_kl            | 0.00052877964 |
|    clip_fraction        | 0.00716       |
|    clip_range           | 0.2           |
|    entropy_loss         | -0.0592       |
|    explained_variance   | 0.922         |
|    learning_rate        | 0.0003        |
|    loss                 | 11.2          |
|    n_updates            | 2960          |
|    policy_gradient_loss | -0.00015      |
|    value_loss           | 14.6          |
-------------------------------------------
-------------------------------------------
| time/                   |               |
|    fps                  | 154           |
|    iterations           | 101           |
|    time_elapsed         | 1006          |
|    total_timesteps      | 457728        |
| train/                  |               |
|    approx_kl            | 0.00013450894 |
|    clip_fraction        | 6.51e-05      |
|    clip_range           | 0.2           |
|    entropy_loss         | -0.0327       |
|    explained_variance   | 0.925         |
|    learning_rate        | 0.0003        |
|    loss                 | 7.74          |
|    n_updates            | 2970          |
|    policy_gradient_loss | -3.63e-05     |
|    value_loss           | 14.6          |
-------------------------------------------
-------------------------------------------
| time/                   |               |
|    fps                  | 154           |
|    iterations           | 102           |
|    time_elapsed         | 1016          |
|    total_timesteps      | 459264        |
| train/                  |               |
|    approx_kl            | 0.00027123533 |
|    clip_fraction        | 0.00391       |
|    clip_range           | 0.2           |
|    entropy_loss         | -0.057        |
|    explained_variance   | 0.992         |
|    learning_rate        | 0.0003        |
|    loss                 | 0.444         |
|    n_updates            | 2980          |
|    policy_gradient_loss | -0.000178     |
|    value_loss           | 1.4           |
-------------------------------------------
  step  460092/500000 ( 92.0%)  mean_rew=-0.373
-------------------------------------------
| time/                   |               |
|    fps                  | 154           |
|    iterations           | 103           |
|    time_elapsed         | 1026          |
|    total_timesteps      | 460800        |
| train/                  |               |
|    approx_kl            | 0.00087021274 |
|    clip_fraction        | 0.0115        |
|    clip_range           | 0.2           |
|    entropy_loss         | -0.055        |
|    explained_variance   | 0.913         |
|    learning_rate        | 0.0003        |
|    loss                 | 16.2          |
|    n_updates            | 2990          |
|    policy_gradient_loss | -0.000521     |
|    value_loss           | 15.6          |
-------------------------------------------
------------------------------------------
| time/                   |              |
|    fps                  | 153          |
|    iterations           | 104          |
|    time_elapsed         | 1037         |
|    total_timesteps      | 462336       |
| train/                  |              |
|    approx_kl            | 6.076414e-06 |
|    clip_fraction        | 0            |
|    clip_range           | 0.2          |
|    entropy_loss         | -0.0307      |
|    explained_variance   | 0.933        |
|    learning_rate        | 0.0003       |
|    loss                 | 19.3         |
|    n_updates            | 3000         |
|    policy_gradient_loss | 6.87e-06     |
|    value_loss           | 15.7         |
------------------------------------------
-------------------------------------------
| time/                   |               |
|    fps                  | 154           |
|    iterations           | 105           |
|    time_elapsed         | 1045          |
|    total_timesteps      | 463872        |
| train/                  |               |
|    approx_kl            | 0.00021619124 |
|    clip_fraction        | 0.00397       |
|    clip_range           | 0.2           |
|    entropy_loss         | -0.0445       |
|    explained_variance   | 0.994         |
|    learning_rate        | 0.0003        |
|    loss                 | 0.275         |
|    n_updates            | 3010          |
|    policy_gradient_loss | -0.000113     |
|    value_loss           | 0.72          |
-------------------------------------------
  step  465093/500000 ( 93.0%)  mean_rew=-0.006
------------------------------------------
| time/                   |              |
|    fps                  | 154          |
|    iterations           | 106          |
|    time_elapsed         | 1055         |
|    total_timesteps      | 465408       |
| train/                  |              |
|    approx_kl            | 5.035048e-05 |
|    clip_fraction        | 0.00534      |
|    clip_range           | 0.2          |
|    entropy_loss         | -0.0606      |
|    explained_variance   | 0.918        |
|    learning_rate        | 0.0003       |
|    loss                 | 8.4          |
|    n_updates            | 3020         |
|    policy_gradient_loss | -0.000211    |
|    value_loss           | 15.2         |
------------------------------------------
-------------------------------------------
| time/                   |               |
|    fps                  | 153           |
|    iterations           | 107           |
|    time_elapsed         | 1067          |
|    total_timesteps      | 466944        |
| train/                  |               |
|    approx_kl            | 0.00019988876 |
|    clip_fraction        | 0.00117       |
|    clip_range           | 0.2           |
|    entropy_loss         | -0.0434       |
|    explained_variance   | 0.927         |
|    learning_rate        | 0.0003        |
|    loss                 | 4.99          |
|    n_updates            | 3030          |
|    policy_gradient_loss | -7.18e-05     |
|    value_loss           | 15.1          |
-------------------------------------------
------------------------------------------
| time/                   |              |
|    fps                  | 154          |
|    iterations           | 108          |
|    time_elapsed         | 1076         |
|    total_timesteps      | 468480       |
| train/                  |              |
|    approx_kl            | 0.0003394318 |
|    clip_fraction        | 0.00241      |
|    clip_range           | 0.2          |
|    entropy_loss         | -0.0351      |
|    explained_variance   | 0.93         |
|    learning_rate        | 0.0003       |
|    loss                 | 5.91         |
|    n_updates            | 3040         |
|    policy_gradient_loss | -7.36e-05    |
|    value_loss           | 14.7         |
------------------------------------------
------------------------------------------
| time/                   |              |
|    fps                  | 154          |
|    iterations           | 109          |
|    time_elapsed         | 1083         |
|    total_timesteps      | 470016       |
| train/                  |              |
|    approx_kl            | 0.0006482487 |
|    clip_fraction        | 0.0115       |
|    clip_range           | 0.2          |
|    entropy_loss         | -0.0424      |
|    explained_variance   | 0.995        |
|    learning_rate        | 0.0003       |
|    loss                 | 0.316        |
|    n_updates            | 3050         |
|    policy_gradient_loss | -0.000556    |
|    value_loss           | 0.854        |
------------------------------------------
  step  470094/500000 ( 94.0%)  mean_rew=-0.136
-------------------------------------------
| time/                   |               |
|    fps                  | 154           |
|    iterations           | 110           |
|    time_elapsed         | 1093          |
|    total_timesteps      | 471552        |
| train/                  |               |
|    approx_kl            | 5.7439825e-05 |
|    clip_fraction        | 0.00169       |
|    clip_range           | 0.2           |
|    entropy_loss         | -0.0443       |
|    explained_variance   | 0.914         |
|    learning_rate        | 0.0003        |
|    loss                 | 15.2          |
|    n_updates            | 3060          |
|    policy_gradient_loss | -2.74e-05     |
|    value_loss           | 15.7          |
-------------------------------------------
------------------------------------------
| time/                   |              |
|    fps                  | 154          |
|    iterations           | 111          |
|    time_elapsed         | 1100         |
|    total_timesteps      | 473088       |
| train/                  |              |
|    approx_kl            | 6.327716e-06 |
|    clip_fraction        | 0            |
|    clip_range           | 0.2          |
|    entropy_loss         | -0.037       |
|    explained_variance   | 0.94         |
|    learning_rate        | 0.0003       |
|    loss                 | 11.1         |
|    n_updates            | 3070         |
|    policy_gradient_loss | -2.07e-06    |
|    value_loss           | 14.7         |
------------------------------------------
------------------------------------------
| time/                   |              |
|    fps                  | 155          |
|    iterations           | 112          |
|    time_elapsed         | 1108         |
|    total_timesteps      | 474624       |
| train/                  |              |
|    approx_kl            | 0.0005701051 |
|    clip_fraction        | 0.00742      |
|    clip_range           | 0.2          |
|    entropy_loss         | -0.0613      |
|    explained_variance   | 0.994        |
|    learning_rate        | 0.0003       |
|    loss                 | 0.321        |
|    n_updates            | 3080         |
|    policy_gradient_loss | -0.000154    |
|    value_loss           | 1            |
------------------------------------------
  step  475095/500000 ( 95.0%)  mean_rew=-0.371
------------------------------------------
| time/                   |              |
|    fps                  | 155          |
|    iterations           | 113          |
|    time_elapsed         | 1117         |
|    total_timesteps      | 476160       |
| train/                  |              |
|    approx_kl            | 0.0005346557 |
|    clip_fraction        | 0.0084       |
|    clip_range           | 0.2          |
|    entropy_loss         | -0.0609      |
|    explained_variance   | 0.914        |
|    learning_rate        | 0.0003       |
|    loss                 | 10.9         |
|    n_updates            | 3090         |
|    policy_gradient_loss | -0.000417    |
|    value_loss           | 14.5         |
------------------------------------------
-------------------------------------------
| time/                   |               |
|    fps                  | 155           |
|    iterations           | 114           |
|    time_elapsed         | 1125          |
|    total_timesteps      | 477696        |
| train/                  |               |
|    approx_kl            | 0.00017523638 |
|    clip_fraction        | 0.00293       |
|    clip_range           | 0.2           |
|    entropy_loss         | -0.0422       |
|    explained_variance   | 0.937         |
|    learning_rate        | 0.0003        |
|    loss                 | 9.62          |
|    n_updates            | 3100          |
|    policy_gradient_loss | -0.000482     |
|    value_loss           | 14.2          |
-------------------------------------------
------------------------------------------
| time/                   |              |
|    fps                  | 155          |
|    iterations           | 115          |
|    time_elapsed         | 1134         |
|    total_timesteps      | 479232       |
| train/                  |              |
|    approx_kl            | 0.0013543105 |
|    clip_fraction        | 0.00319      |
|    clip_range           | 0.2          |
|    entropy_loss         | -0.0724      |
|    explained_variance   | 0.924        |
|    learning_rate        | 0.0003       |
|    loss                 | 2.96         |
|    n_updates            | 3110         |
|    policy_gradient_loss | -5.65e-06    |
|    value_loss           | 13.7         |
------------------------------------------
  step  480096/500000 ( 96.0%)  mean_rew=-0.001
------------------------------------------
| time/                   |              |
|    fps                  | 155          |
|    iterations           | 116          |
|    time_elapsed         | 1144         |
|    total_timesteps      | 480768       |
| train/                  |              |
|    approx_kl            | 0.0010781103 |
|    clip_fraction        | 0.00397      |
|    clip_range           | 0.2          |
|    entropy_loss         | -0.0576      |
|    explained_variance   | 0.994        |
|    learning_rate        | 0.0003       |
|    loss                 | 0.288        |
|    n_updates            | 3120         |
|    policy_gradient_loss | 0.000162     |
|    value_loss           | 0.839        |
------------------------------------------
------------------------------------------
| time/                   |              |
|    fps                  | 155          |
|    iterations           | 117          |
|    time_elapsed         | 1155         |
|    total_timesteps      | 482304       |
| train/                  |              |
|    approx_kl            | 0.0035399592 |
|    clip_fraction        | 0.0219       |
|    clip_range           | 0.2          |
|    entropy_loss         | -0.0717      |
|    explained_variance   | 0.917        |
|    learning_rate        | 0.0003       |
|    loss                 | 8.23         |
|    n_updates            | 3130         |
|    policy_gradient_loss | -0.000176    |
|    value_loss           | 14.2         |
------------------------------------------
------------------------------------------
| time/                   |              |
|    fps                  | 155          |
|    iterations           | 118          |
|    time_elapsed         | 1167         |
|    total_timesteps      | 483840       |
| train/                  |              |
|    approx_kl            | 0.0005013826 |
|    clip_fraction        | 0.00417      |
|    clip_range           | 0.2          |
|    entropy_loss         | -0.0317      |
|    explained_variance   | 0.931        |
|    learning_rate        | 0.0003       |
|    loss                 | 1.64         |
|    n_updates            | 3140         |
|    policy_gradient_loss | -0.000151    |
|    value_loss           | 14.5         |
------------------------------------------
  step  485097/500000 ( 97.0%)  mean_rew=-0.180
------------------------------------------
| time/                   |              |
|    fps                  | 155          |
|    iterations           | 119          |
|    time_elapsed         | 1175         |
|    total_timesteps      | 485376       |
| train/                  |              |
|    approx_kl            | 0.0010572182 |
|    clip_fraction        | 0.00801      |
|    clip_range           | 0.2          |
|    entropy_loss         | -0.0434      |
|    explained_variance   | 0.991        |
|    learning_rate        | 0.0003       |
|    loss                 | 0.247        |
|    n_updates            | 3150         |
|    policy_gradient_loss | -2.08e-05    |
|    value_loss           | 0.698        |
------------------------------------------
-------------------------------------------
| time/                   |               |
|    fps                  | 155           |
|    iterations           | 120           |
|    time_elapsed         | 1184          |
|    total_timesteps      | 486912        |
| train/                  |               |
|    approx_kl            | 0.00089805917 |
|    clip_fraction        | 0.0326        |
|    clip_range           | 0.2           |
|    entropy_loss         | -0.108        |
|    explained_variance   | 0.908         |
|    learning_rate        | 0.0003        |
|    loss                 | 5.94          |
|    n_updates            | 3160          |
|    policy_gradient_loss | 0.000216      |
|    value_loss           | 13.8          |
-------------------------------------------
-------------------------------------------
| time/                   |               |
|    fps                  | 155           |
|    iterations           | 121           |
|    time_elapsed         | 1196          |
|    total_timesteps      | 488448        |
| train/                  |               |
|    approx_kl            | 0.00057843677 |
|    clip_fraction        | 0.00104       |
|    clip_range           | 0.2           |
|    entropy_loss         | -0.0767       |
|    explained_variance   | 0.926         |
|    learning_rate        | 0.0003        |
|    loss                 | 5.49          |
|    n_updates            | 3170          |
|    policy_gradient_loss | 1.11e-05      |
|    value_loss           | 14.2          |
-------------------------------------------
-------------------------------------------
| time/                   |               |
|    fps                  | 155           |
|    iterations           | 122           |
|    time_elapsed         | 1201          |
|    total_timesteps      | 489984        |
| train/                  |               |
|    approx_kl            | 0.00014767691 |
|    clip_fraction        | 0.00169       |
|    clip_range           | 0.2           |
|    entropy_loss         | -0.034        |
|    explained_variance   | 0.913         |
|    learning_rate        | 0.0003        |
|    loss                 | 16.5          |
|    n_updates            | 3180          |
|    policy_gradient_loss | -0.000214     |
|    value_loss           | 14.5          |
-------------------------------------------
  step  490098/500000 ( 98.0%)  mean_rew=-0.256
------------------------------------------
| time/                   |              |
|    fps                  | 156          |
|    iterations           | 123          |
|    time_elapsed         | 1209         |
|    total_timesteps      | 491520       |
| train/                  |              |
|    approx_kl            | 0.0012734978 |
|    clip_fraction        | 0.0127       |
|    clip_range           | 0.2          |
|    entropy_loss         | -0.142       |
|    explained_variance   | 0.989        |
|    learning_rate        | 0.0003       |
|    loss                 | 0.38         |
|    n_updates            | 3190         |
|    policy_gradient_loss | 0.000303     |
|    value_loss           | 0.786        |
------------------------------------------
-------------------------------------------
| time/                   |               |
|    fps                  | 156           |
|    iterations           | 124           |
|    time_elapsed         | 1220          |
|    total_timesteps      | 493056        |
| train/                  |               |
|    approx_kl            | 6.6485605e-05 |
|    clip_fraction        | 0             |
|    clip_range           | 0.2           |
|    entropy_loss         | -0.0794       |
|    explained_variance   | 0.918         |
|    learning_rate        | 0.0003        |
|    loss                 | 10.2          |
|    n_updates            | 3200          |
|    policy_gradient_loss | -5.26e-07     |
|    value_loss           | 14.5          |
-------------------------------------------
------------------------------------------
| time/                   |              |
|    fps                  | 155          |
|    iterations           | 125          |
|    time_elapsed         | 1230         |
|    total_timesteps      | 494592       |
| train/                  |              |
|    approx_kl            | 0.0001841733 |
|    clip_fraction        | 0.00163      |
|    clip_range           | 0.2          |
|    entropy_loss         | -0.032       |
|    explained_variance   | 0.931        |
|    learning_rate        | 0.0003       |
|    loss                 | 11.3         |
|    n_updates            | 3210         |
|    policy_gradient_loss | -0.000142    |
|    value_loss           | 15.3         |
------------------------------------------
  step  495099/500000 ( 99.0%)  mean_rew=-0.002
-------------------------------------------
| time/                   |               |
|    fps                  | 156           |
|    iterations           | 126           |
|    time_elapsed         | 1239          |
|    total_timesteps      | 496128        |
| train/                  |               |
|    approx_kl            | 0.00017761148 |
|    clip_fraction        | 0.0015        |
|    clip_range           | 0.2           |
|    entropy_loss         | -0.0499       |
|    explained_variance   | 0.993         |
|    learning_rate        | 0.0003        |
|    loss                 | 0.424         |
|    n_updates            | 3220          |
|    policy_gradient_loss | 8.41e-05      |
|    value_loss           | 0.792         |
-------------------------------------------
------------------------------------------
| time/                   |              |
|    fps                  | 156          |
|    iterations           | 127          |
|    time_elapsed         | 1248         |
|    total_timesteps      | 497664       |
| train/                  |              |
|    approx_kl            | 0.0005257272 |
|    clip_fraction        | 0.00156      |
|    clip_range           | 0.2          |
|    entropy_loss         | -0.0683      |
|    explained_variance   | 0.913        |
|    learning_rate        | 0.0003       |
|    loss                 | 15.4         |
|    n_updates            | 3230         |
|    policy_gradient_loss | -1.64e-05    |
|    value_loss           | 15.8         |
------------------------------------------
-----------------------------------------
| time/                   |             |
|    fps                  | 156         |
|    iterations           | 128         |
|    time_elapsed         | 1258        |
|    total_timesteps      | 499200      |
| train/                  |             |
|    approx_kl            | 0.000500559 |
|    clip_fraction        | 0.0104      |
|    clip_range           | 0.2         |
|    entropy_loss         | -0.0494     |
|    explained_variance   | 0.928       |
|    learning_rate        | 0.0003      |
|    loss                 | 3.79        |
|    n_updates            | 3240        |
|    policy_gradient_loss | -0.000226   |
|    value_loss           | 16.1        |
-----------------------------------------
  step  500100/500000 (100.0%)  mean_rew=-0.125
------------------------------------------
| time/                   |              |
|    fps                  | 156          |
|    iterations           | 129          |
|    time_elapsed         | 1266         |
|    total_timesteps      | 500736       |
| train/                  |              |
|    approx_kl            | 8.716081e-05 |
|    clip_fraction        | 0.000521     |
|    clip_range           | 0.2          |
|    entropy_loss         | -0.027       |
|    explained_variance   | 0.904        |
|    learning_rate        | 0.0003       |
|    loss                 | 18.1         |
|    n_updates            | 3250         |
|    policy_gradient_loss | -0.000185    |
|    value_loss           | 16.4         |
------------------------------------------
-------------------------------------------
| time/                   |               |
|    fps                  | 156           |
|    iterations           | 130           |
|    time_elapsed         | 1274          |
|    total_timesteps      | 502272        |
| train/                  |               |
|    approx_kl            | 0.00060817663 |
|    clip_fraction        | 0.015         |
|    clip_range           | 0.2           |
|    entropy_loss         | -0.0703       |
|    explained_variance   | 0.996         |
|    learning_rate        | 0.0003        |
|    loss                 | 0.478         |
|    n_updates            | 3260          |
|    policy_gradient_loss | -0.000129     |
|    value_loss           | 0.753         |
-------------------------------------------
------------------------------------------
| time/                   |              |
|    fps                  | 156          |
|    iterations           | 131          |
|    time_elapsed         | 1284         |
|    total_timesteps      | 503808       |
| train/                  |              |
|    approx_kl            | 0.0006027152 |
|    clip_fraction        | 0.00169      |
|    clip_range           | 0.2          |
|    entropy_loss         | -0.0643      |
|    explained_variance   | 0.915        |
|    learning_rate        | 0.0003       |
|    loss                 | 3.22         |
|    n_updates            | 3270         |
|    policy_gradient_loss | -9e-05       |
|    value_loss           | 16.7         |
------------------------------------------
  Stage 4 saved -> cologne3_ppo_stage4_100pct.zip

[cologne3-PPO] Curriculum done.
  Final model -> /workspace/rl-traffic/exp_cologne3_rand_curr/ppo_pressure_s2025/cologne3_ppo_final_model.zip
  Total steps : 500000
