Using libsumo as traci as requested by environment variable.
=================================================================
  train_cologne_curriculum — cologne3 — PPO
  reward=queue  seed=2025  total_steps=500000
  Curriculum stages:
    Stage 1:  25% demand    75000 steps
    Stage 2:  50% demand   100000 steps
    Stage 3:  75% demand   125000 steps
    Stage 4: 100% demand   200000 steps
  save_dir: /workspace/rl-traffic/exp_cologne3_rand_curr/ppo_queue_s2025
=================================================================
  [rand] cologne3_rand_25pct.rou.xml
  [rand] cologne3_rand_50pct.rou.xml
  [rand] cologne3_rand_75pct.rou.xml
  [rand] cologne3_rand_100pct.rou.xml

  n_agents=3 | obs=(7,) | act=Discrete(3)
Using cpu device

────────────────────────────────────────────────────────────
  Stage 1/4  25% demand  75000 steps  (cumulative -> 75000)
  Route: cologne3_rand_25pct.rou.xml
────────────────────────────────────────────────────────────
-----------------------------
| time/              |      |
|    fps             | 1517 |
|    iterations      | 1    |
|    time_elapsed    | 1    |
|    total_timesteps | 1536 |
-----------------------------
-----------------------------------------
| time/                   |             |
|    fps                  | 1199        |
|    iterations           | 2           |
|    time_elapsed         | 2           |
|    total_timesteps      | 3072        |
| train/                  |             |
|    approx_kl            | 0.007846951 |
|    clip_fraction        | 0.033       |
|    clip_range           | 0.2         |
|    entropy_loss         | -1.09       |
|    explained_variance   | -0.347      |
|    learning_rate        | 0.0003      |
|    loss                 | -0.00737    |
|    n_updates            | 10          |
|    policy_gradient_loss | -0.00771    |
|    value_loss           | 0.0021      |
-----------------------------------------
-----------------------------------------
| time/                   |             |
|    fps                  | 1126        |
|    iterations           | 3           |
|    time_elapsed         | 4           |
|    total_timesteps      | 4608        |
| train/                  |             |
|    approx_kl            | 0.015252733 |
|    clip_fraction        | 0.211       |
|    clip_range           | 0.2         |
|    entropy_loss         | -1.07       |
|    explained_variance   | 0.406       |
|    learning_rate        | 0.0003      |
|    loss                 | -0.0162     |
|    n_updates            | 20          |
|    policy_gradient_loss | -0.0191     |
|    value_loss           | 0.00147     |
-----------------------------------------
  step    5001/500000 (  1.0%)  mean_rew=-0.002
-----------------------------------------
| time/                   |             |
|    fps                  | 1105        |
|    iterations           | 4           |
|    time_elapsed         | 5           |
|    total_timesteps      | 6144        |
| train/                  |             |
|    approx_kl            | 0.016190248 |
|    clip_fraction        | 0.148       |
|    clip_range           | 0.2         |
|    entropy_loss         | -1.01       |
|    explained_variance   | 0.651       |
|    learning_rate        | 0.0003      |
|    loss                 | 0.00234     |
|    n_updates            | 30          |
|    policy_gradient_loss | -0.0121     |
|    value_loss           | 0.00068     |
-----------------------------------------
-----------------------------------------
| time/                   |             |
|    fps                  | 1094        |
|    iterations           | 5           |
|    time_elapsed         | 7           |
|    total_timesteps      | 7680        |
| train/                  |             |
|    approx_kl            | 0.008446305 |
|    clip_fraction        | 0.0679      |
|    clip_range           | 0.2         |
|    entropy_loss         | -0.963      |
|    explained_variance   | 0.801       |
|    learning_rate        | 0.0003      |
|    loss                 | -0.0411     |
|    n_updates            | 40          |
|    policy_gradient_loss | -0.011      |
|    value_loss           | 0.000401    |
-----------------------------------------
-----------------------------------------
| time/                   |             |
|    fps                  | 1080        |
|    iterations           | 6           |
|    time_elapsed         | 8           |
|    total_timesteps      | 9216        |
| train/                  |             |
|    approx_kl            | 0.010363563 |
|    clip_fraction        | 0.0749      |
|    clip_range           | 0.2         |
|    entropy_loss         | -0.925      |
|    explained_variance   | 0.784       |
|    learning_rate        | 0.0003      |
|    loss                 | -0.0214     |
|    n_updates            | 50          |
|    policy_gradient_loss | -0.00861    |
|    value_loss           | 0.000551    |
-----------------------------------------
  step   10002/500000 (  2.0%)  mean_rew=-0.002
-----------------------------------------
| time/                   |             |
|    fps                  | 1073        |
|    iterations           | 7           |
|    time_elapsed         | 10          |
|    total_timesteps      | 10752       |
| train/                  |             |
|    approx_kl            | 0.010914308 |
|    clip_fraction        | 0.0789      |
|    clip_range           | 0.2         |
|    entropy_loss         | -0.858      |
|    explained_variance   | 0.784       |
|    learning_rate        | 0.0003      |
|    loss                 | -0.0254     |
|    n_updates            | 60          |
|    policy_gradient_loss | -0.00993    |
|    value_loss           | 0.00067     |
-----------------------------------------
-----------------------------------------
| time/                   |             |
|    fps                  | 1065        |
|    iterations           | 8           |
|    time_elapsed         | 11          |
|    total_timesteps      | 12288       |
| train/                  |             |
|    approx_kl            | 0.012954786 |
|    clip_fraction        | 0.114       |
|    clip_range           | 0.2         |
|    entropy_loss         | -0.773      |
|    explained_variance   | 0.9         |
|    learning_rate        | 0.0003      |
|    loss                 | -0.0158     |
|    n_updates            | 70          |
|    policy_gradient_loss | -0.0103     |
|    value_loss           | 0.000235    |
-----------------------------------------
----------------------------------------
| time/                   |            |
|    fps                  | 1059       |
|    iterations           | 9          |
|    time_elapsed         | 13         |
|    total_timesteps      | 13824      |
| train/                  |            |
|    approx_kl            | 0.00544281 |
|    clip_fraction        | 0.0529     |
|    clip_range           | 0.2        |
|    entropy_loss         | -0.723     |
|    explained_variance   | 0.838      |
|    learning_rate        | 0.0003     |
|    loss                 | -0.00881   |
|    n_updates            | 80         |
|    policy_gradient_loss | -0.00391   |
|    value_loss           | 0.000404   |
----------------------------------------
  step   15003/500000 (  3.0%)  mean_rew=-0.002
------------------------------------------
| time/                   |              |
|    fps                  | 1053         |
|    iterations           | 10           |
|    time_elapsed         | 14           |
|    total_timesteps      | 15360        |
| train/                  |              |
|    approx_kl            | 0.0026224265 |
|    clip_fraction        | 0.0511       |
|    clip_range           | 0.2          |
|    entropy_loss         | -0.663       |
|    explained_variance   | 0.807        |
|    learning_rate        | 0.0003       |
|    loss                 | -0.00386     |
|    n_updates            | 90           |
|    policy_gradient_loss | -0.00329     |
|    value_loss           | 0.000347     |
------------------------------------------
-----------------------------------------
| time/                   |             |
|    fps                  | 1051        |
|    iterations           | 11          |
|    time_elapsed         | 16          |
|    total_timesteps      | 16896       |
| train/                  |             |
|    approx_kl            | 0.004606459 |
|    clip_fraction        | 0.0257      |
|    clip_range           | 0.2         |
|    entropy_loss         | -0.626      |
|    explained_variance   | 0.832       |
|    learning_rate        | 0.0003      |
|    loss                 | 0.00298     |
|    n_updates            | 100         |
|    policy_gradient_loss | -0.00222    |
|    value_loss           | 0.000341    |
-----------------------------------------
-----------------------------------------
| time/                   |             |
|    fps                  | 1048        |
|    iterations           | 12          |
|    time_elapsed         | 17          |
|    total_timesteps      | 18432       |
| train/                  |             |
|    approx_kl            | 0.005421419 |
|    clip_fraction        | 0.024       |
|    clip_range           | 0.2         |
|    entropy_loss         | -0.598      |
|    explained_variance   | 0.892       |
|    learning_rate        | 0.0003      |
|    loss                 | -0.00503    |
|    n_updates            | 110         |
|    policy_gradient_loss | -0.00306    |
|    value_loss           | 0.0002      |
-----------------------------------------
------------------------------------------
| time/                   |              |
|    fps                  | 1042         |
|    iterations           | 13           |
|    time_elapsed         | 19           |
|    total_timesteps      | 19968        |
| train/                  |              |
|    approx_kl            | 0.0029123481 |
|    clip_fraction        | 0.0389       |
|    clip_range           | 0.2          |
|    entropy_loss         | -0.551       |
|    explained_variance   | 0.833        |
|    learning_rate        | 0.0003       |
|    loss                 | -0.00201     |
|    n_updates            | 120          |
|    policy_gradient_loss | -0.00311     |
|    value_loss           | 0.000288     |
------------------------------------------
  step   20004/500000 (  4.0%)  mean_rew=-0.001
------------------------------------------
| time/                   |              |
|    fps                  | 1041         |
|    iterations           | 14           |
|    time_elapsed         | 20           |
|    total_timesteps      | 21504        |
| train/                  |              |
|    approx_kl            | 0.0026963428 |
|    clip_fraction        | 0.0217       |
|    clip_range           | 0.2          |
|    entropy_loss         | -0.528       |
|    explained_variance   | 0.848        |
|    learning_rate        | 0.0003       |
|    loss                 | -0.00604     |
|    n_updates            | 130          |
|    policy_gradient_loss | -0.00237     |
|    value_loss           | 0.000246     |
------------------------------------------
------------------------------------------
| time/                   |              |
|    fps                  | 1039         |
|    iterations           | 15           |
|    time_elapsed         | 22           |
|    total_timesteps      | 23040        |
| train/                  |              |
|    approx_kl            | 0.0047725933 |
|    clip_fraction        | 0.0431       |
|    clip_range           | 0.2          |
|    entropy_loss         | -0.461       |
|    explained_variance   | 0.924        |
|    learning_rate        | 0.0003       |
|    loss                 | -0.00166     |
|    n_updates            | 140          |
|    policy_gradient_loss | -0.00459     |
|    value_loss           | 9.43e-05     |
------------------------------------------
------------------------------------------
| time/                   |              |
|    fps                  | 1035         |
|    iterations           | 16           |
|    time_elapsed         | 23           |
|    total_timesteps      | 24576        |
| train/                  |              |
|    approx_kl            | 0.0026578696 |
|    clip_fraction        | 0.00553      |
|    clip_range           | 0.2          |
|    entropy_loss         | -0.435       |
|    explained_variance   | 0.801        |
|    learning_rate        | 0.0003       |
|    loss                 | 0.00791      |
|    n_updates            | 150          |
|    policy_gradient_loss | -0.000311    |
|    value_loss           | 0.000243     |
------------------------------------------
  step   25005/500000 (  5.0%)  mean_rew=-0.001
------------------------------------------
| time/                   |              |
|    fps                  | 1032         |
|    iterations           | 17           |
|    time_elapsed         | 25           |
|    total_timesteps      | 26112        |
| train/                  |              |
|    approx_kl            | 0.0016327323 |
|    clip_fraction        | 0.00632      |
|    clip_range           | 0.2          |
|    entropy_loss         | -0.41        |
|    explained_variance   | 0.761        |
|    learning_rate        | 0.0003       |
|    loss                 | -0.00826     |
|    n_updates            | 160          |
|    policy_gradient_loss | -0.0012      |
|    value_loss           | 0.000267     |
------------------------------------------
------------------------------------------
| time/                   |              |
|    fps                  | 1031         |
|    iterations           | 18           |
|    time_elapsed         | 26           |
|    total_timesteps      | 27648        |
| train/                  |              |
|    approx_kl            | 0.0009719385 |
|    clip_fraction        | 0.0144       |
|    clip_range           | 0.2          |
|    entropy_loss         | -0.417       |
|    explained_variance   | 0.753        |
|    learning_rate        | 0.0003       |
|    loss                 | 0.00322      |
|    n_updates            | 170          |
|    policy_gradient_loss | -0.00172     |
|    value_loss           | 0.000292     |
------------------------------------------
------------------------------------------
| time/                   |              |
|    fps                  | 1030         |
|    iterations           | 19           |
|    time_elapsed         | 28           |
|    total_timesteps      | 29184        |
| train/                  |              |
|    approx_kl            | 0.0035667669 |
|    clip_fraction        | 0.0376       |
|    clip_range           | 0.2          |
|    entropy_loss         | -0.401       |
|    explained_variance   | 0.903        |
|    learning_rate        | 0.0003       |
|    loss                 | -0.00444     |
|    n_updates            | 180          |
|    policy_gradient_loss | -0.00222     |
|    value_loss           | 8.69e-05     |
------------------------------------------
  step   30006/500000 (  6.0%)  mean_rew=-0.000
------------------------------------------
| time/                   |              |
|    fps                  | 1029         |
|    iterations           | 20           |
|    time_elapsed         | 29           |
|    total_timesteps      | 30720        |
| train/                  |              |
|    approx_kl            | 0.0035738414 |
|    clip_fraction        | 0.0535       |
|    clip_range           | 0.2          |
|    entropy_loss         | -0.35        |
|    explained_variance   | 0.816        |
|    learning_rate        | 0.0003       |
|    loss                 | -0.00122     |
|    n_updates            | 190          |
|    policy_gradient_loss | -0.0048      |
|    value_loss           | 0.000195     |
------------------------------------------
------------------------------------------
| time/                   |              |
|    fps                  | 1028         |
|    iterations           | 21           |
|    time_elapsed         | 31           |
|    total_timesteps      | 32256        |
| train/                  |              |
|    approx_kl            | 0.0017111391 |
|    clip_fraction        | 0.0238       |
|    clip_range           | 0.2          |
|    entropy_loss         | -0.308       |
|    explained_variance   | 0.814        |
|    learning_rate        | 0.0003       |
|    loss                 | -0.0054      |
|    n_updates            | 200          |
|    policy_gradient_loss | -0.00163     |
|    value_loss           | 0.000203     |
------------------------------------------
------------------------------------------
| time/                   |              |
|    fps                  | 1026         |
|    iterations           | 22           |
|    time_elapsed         | 32           |
|    total_timesteps      | 33792        |
| train/                  |              |
|    approx_kl            | 0.0013556434 |
|    clip_fraction        | 0.00755      |
|    clip_range           | 0.2          |
|    entropy_loss         | -0.314       |
|    explained_variance   | 0.938        |
|    learning_rate        | 0.0003       |
|    loss                 | -0.00263     |
|    n_updates            | 210          |
|    policy_gradient_loss | -0.000593    |
|    value_loss           | 5.46e-05     |
------------------------------------------
  step   35007/500000 (  7.0%)  mean_rew=-0.001
------------------------------------------
| time/                   |              |
|    fps                  | 1025         |
|    iterations           | 23           |
|    time_elapsed         | 34           |
|    total_timesteps      | 35328        |
| train/                  |              |
|    approx_kl            | 0.0023096956 |
|    clip_fraction        | 0.0113       |
|    clip_range           | 0.2          |
|    entropy_loss         | -0.3         |
|    explained_variance   | 0.785        |
|    learning_rate        | 0.0003       |
|    loss                 | -0.00281     |
|    n_updates            | 220          |
|    policy_gradient_loss | -0.00143     |
|    value_loss           | 0.000208     |
------------------------------------------
-------------------------------------------
| time/                   |               |
|    fps                  | 1024          |
|    iterations           | 24            |
|    time_elapsed         | 35            |
|    total_timesteps      | 36864         |
| train/                  |               |
|    approx_kl            | 0.00045249483 |
|    clip_fraction        | 0.00964       |
|    clip_range           | 0.2           |
|    entropy_loss         | -0.283        |
|    explained_variance   | 0.777         |
|    learning_rate        | 0.0003        |
|    loss                 | 0.00125       |
|    n_updates            | 230           |
|    policy_gradient_loss | -0.00102      |
|    value_loss           | 0.000211      |
-------------------------------------------
------------------------------------------
| time/                   |              |
|    fps                  | 1023         |
|    iterations           | 25           |
|    time_elapsed         | 37           |
|    total_timesteps      | 38400        |
| train/                  |              |
|    approx_kl            | 0.0012164986 |
|    clip_fraction        | 0.00612      |
|    clip_range           | 0.2          |
|    entropy_loss         | -0.273       |
|    explained_variance   | 0.792        |
|    learning_rate        | 0.0003       |
|    loss                 | 0.000192     |
|    n_updates            | 240          |
|    policy_gradient_loss | -0.000741    |
|    value_loss           | 0.000209     |
------------------------------------------
-------------------------------------------
| time/                   |               |
|    fps                  | 1023          |
|    iterations           | 26            |
|    time_elapsed         | 39            |
|    total_timesteps      | 39936         |
| train/                  |               |
|    approx_kl            | 0.00019977782 |
|    clip_fraction        | 0.0099        |
|    clip_range           | 0.2           |
|    entropy_loss         | -0.285        |
|    explained_variance   | 0.912         |
|    learning_rate        | 0.0003        |
|    loss                 | -0.00252      |
|    n_updates            | 250           |
|    policy_gradient_loss | -0.000644     |
|    value_loss           | 7.54e-05      |
-------------------------------------------
  step   40008/500000 (  8.0%)  mean_rew=-0.001
------------------------------------------
| time/                   |              |
|    fps                  | 1021         |
|    iterations           | 27           |
|    time_elapsed         | 40           |
|    total_timesteps      | 41472        |
| train/                  |              |
|    approx_kl            | 0.0013558463 |
|    clip_fraction        | 0.0262       |
|    clip_range           | 0.2          |
|    entropy_loss         | -0.286       |
|    explained_variance   | 0.788        |
|    learning_rate        | 0.0003       |
|    loss                 | 0.00193      |
|    n_updates            | 260          |
|    policy_gradient_loss | -0.00149     |
|    value_loss           | 0.000202     |
------------------------------------------
------------------------------------------
| time/                   |              |
|    fps                  | 1021         |
|    iterations           | 28           |
|    time_elapsed         | 42           |
|    total_timesteps      | 43008        |
| train/                  |              |
|    approx_kl            | 0.0026401894 |
|    clip_fraction        | 0.0552       |
|    clip_range           | 0.2          |
|    entropy_loss         | -0.275       |
|    explained_variance   | 0.795        |
|    learning_rate        | 0.0003       |
|    loss                 | -0.00427     |
|    n_updates            | 270          |
|    policy_gradient_loss | -0.0037      |
|    value_loss           | 0.000204     |
------------------------------------------
------------------------------------------
| time/                   |              |
|    fps                  | 1020         |
|    iterations           | 29           |
|    time_elapsed         | 43           |
|    total_timesteps      | 44544        |
| train/                  |              |
|    approx_kl            | 0.0008654298 |
|    clip_fraction        | 0.0114       |
|    clip_range           | 0.2          |
|    entropy_loss         | -0.275       |
|    explained_variance   | 0.902        |
|    learning_rate        | 0.0003       |
|    loss                 | 0.000427     |
|    n_updates            | 280          |
|    policy_gradient_loss | -0.000747    |
|    value_loss           | 7.82e-05     |
------------------------------------------
  step   45009/500000 (  9.0%)  mean_rew=-0.001
------------------------------------------
| time/                   |              |
|    fps                  | 1019         |
|    iterations           | 30           |
|    time_elapsed         | 45           |
|    total_timesteps      | 46080        |
| train/                  |              |
|    approx_kl            | 0.0020566138 |
|    clip_fraction        | 0.0294       |
|    clip_range           | 0.2          |
|    entropy_loss         | -0.252       |
|    explained_variance   | 0.822        |
|    learning_rate        | 0.0003       |
|    loss                 | 0.000229     |
|    n_updates            | 290          |
|    policy_gradient_loss | -0.00223     |
|    value_loss           | 0.000167     |
------------------------------------------
------------------------------------------
| time/                   |              |
|    fps                  | 1018         |
|    iterations           | 31           |
|    time_elapsed         | 46           |
|    total_timesteps      | 47616        |
| train/                  |              |
|    approx_kl            | 0.0013355208 |
|    clip_fraction        | 0.00254      |
|    clip_range           | 0.2          |
|    entropy_loss         | -0.243       |
|    explained_variance   | 0.772        |
|    learning_rate        | 0.0003       |
|    loss                 | -0.00429     |
|    n_updates            | 300          |
|    policy_gradient_loss | -0.000684    |
|    value_loss           | 0.000198     |
------------------------------------------
------------------------------------------
| time/                   |              |
|    fps                  | 1018         |
|    iterations           | 32           |
|    time_elapsed         | 48           |
|    total_timesteps      | 49152        |
| train/                  |              |
|    approx_kl            | 0.0002611314 |
|    clip_fraction        | 0.00703      |
|    clip_range           | 0.2          |
|    entropy_loss         | -0.227       |
|    explained_variance   | 0.815        |
|    learning_rate        | 0.0003       |
|    loss                 | 0.00054      |
|    n_updates            | 310          |
|    policy_gradient_loss | -0.000723    |
|    value_loss           | 0.00015      |
------------------------------------------
  step   50010/500000 ( 10.0%)  mean_rew=-0.001
------------------------------------------
| time/                   |              |
|    fps                  | 1018         |
|    iterations           | 33           |
|    time_elapsed         | 49           |
|    total_timesteps      | 50688        |
| train/                  |              |
|    approx_kl            | 0.0008039234 |
|    clip_fraction        | 0.0193       |
|    clip_range           | 0.2          |
|    entropy_loss         | -0.236       |
|    explained_variance   | 0.906        |
|    learning_rate        | 0.0003       |
|    loss                 | 0.00614      |
|    n_updates            | 320          |
|    policy_gradient_loss | -0.00218     |
|    value_loss           | 6.75e-05     |
------------------------------------------
------------------------------------------
| time/                   |              |
|    fps                  | 1017         |
|    iterations           | 34           |
|    time_elapsed         | 51           |
|    total_timesteps      | 52224        |
| train/                  |              |
|    approx_kl            | 0.0011820081 |
|    clip_fraction        | 0.00482      |
|    clip_range           | 0.2          |
|    entropy_loss         | -0.252       |
|    explained_variance   | 0.774        |
|    learning_rate        | 0.0003       |
|    loss                 | 0.00233      |
|    n_updates            | 330          |
|    policy_gradient_loss | -0.000836    |
|    value_loss           | 0.000172     |
------------------------------------------
------------------------------------------
| time/                   |              |
|    fps                  | 1017         |
|    iterations           | 35           |
|    time_elapsed         | 52           |
|    total_timesteps      | 53760        |
| train/                  |              |
|    approx_kl            | 0.0019111164 |
|    clip_fraction        | 0.0221       |
|    clip_range           | 0.2          |
|    entropy_loss         | -0.249       |
|    explained_variance   | 0.779        |
|    learning_rate        | 0.0003       |
|    loss                 | -0.00173     |
|    n_updates            | 340          |
|    policy_gradient_loss | -0.00118     |
|    value_loss           | 0.000187     |
------------------------------------------
  step   55011/500000 ( 11.0%)  mean_rew=-0.001
------------------------------------------
| time/                   |              |
|    fps                  | 1017         |
|    iterations           | 36           |
|    time_elapsed         | 54           |
|    total_timesteps      | 55296        |
| train/                  |              |
|    approx_kl            | 0.0020362798 |
|    clip_fraction        | 0.013        |
|    clip_range           | 0.2          |
|    entropy_loss         | -0.226       |
|    explained_variance   | 0.903        |
|    learning_rate        | 0.0003       |
|    loss                 | -0.00283     |
|    n_updates            | 350          |
|    policy_gradient_loss | -0.00103     |
|    value_loss           | 6.86e-05     |
------------------------------------------
------------------------------------------
| time/                   |              |
|    fps                  | 1016         |
|    iterations           | 37           |
|    time_elapsed         | 55           |
|    total_timesteps      | 56832        |
| train/                  |              |
|    approx_kl            | 0.0009198021 |
|    clip_fraction        | 0.0171       |
|    clip_range           | 0.2          |
|    entropy_loss         | -0.232       |
|    explained_variance   | 0.766        |
|    learning_rate        | 0.0003       |
|    loss                 | 0.000194     |
|    n_updates            | 360          |
|    policy_gradient_loss | -0.00143     |
|    value_loss           | 0.000186     |
------------------------------------------
------------------------------------------
| time/                   |              |
|    fps                  | 1015         |
|    iterations           | 38           |
|    time_elapsed         | 57           |
|    total_timesteps      | 58368        |
| train/                  |              |
|    approx_kl            | 0.0013058964 |
|    clip_fraction        | 0.00566      |
|    clip_range           | 0.2          |
|    entropy_loss         | -0.219       |
|    explained_variance   | 0.762        |
|    learning_rate        | 0.0003       |
|    loss                 | -0.00173     |
|    n_updates            | 370          |
|    policy_gradient_loss | -0.000473    |
|    value_loss           | 0.000188     |
------------------------------------------
------------------------------------------
| time/                   |              |
|    fps                  | 1015         |
|    iterations           | 39           |
|    time_elapsed         | 58           |
|    total_timesteps      | 59904        |
| train/                  |              |
|    approx_kl            | 0.0017247816 |
|    clip_fraction        | 0.026        |
|    clip_range           | 0.2          |
|    entropy_loss         | -0.187       |
|    explained_variance   | 0.763        |
|    learning_rate        | 0.0003       |
|    loss                 | -0.00724     |
|    n_updates            | 380          |
|    policy_gradient_loss | -0.0019      |
|    value_loss           | 0.000195     |
------------------------------------------
  step   60012/500000 ( 12.0%)  mean_rew=-0.001
------------------------------------------
| time/                   |              |
|    fps                  | 1015         |
|    iterations           | 40           |
|    time_elapsed         | 60           |
|    total_timesteps      | 61440        |
| train/                  |              |
|    approx_kl            | 0.0011420537 |
|    clip_fraction        | 0.0152       |
|    clip_range           | 0.2          |
|    entropy_loss         | -0.193       |
|    explained_variance   | 0.906        |
|    learning_rate        | 0.0003       |
|    loss                 | -0.00484     |
|    n_updates            | 390          |
|    policy_gradient_loss | -0.00136     |
|    value_loss           | 7.01e-05     |
------------------------------------------
------------------------------------------
| time/                   |              |
|    fps                  | 1014         |
|    iterations           | 41           |
|    time_elapsed         | 62           |
|    total_timesteps      | 62976        |
| train/                  |              |
|    approx_kl            | 0.0008201565 |
|    clip_fraction        | 0.00566      |
|    clip_range           | 0.2          |
|    entropy_loss         | -0.193       |
|    explained_variance   | 0.813        |
|    learning_rate        | 0.0003       |
|    loss                 | -0.000877    |
|    n_updates            | 400          |
|    policy_gradient_loss | -0.000116    |
|    value_loss           | 0.000144     |
------------------------------------------
------------------------------------------
| time/                   |              |
|    fps                  | 1015         |
|    iterations           | 42           |
|    time_elapsed         | 63           |
|    total_timesteps      | 64512        |
| train/                  |              |
|    approx_kl            | 0.0013531739 |
|    clip_fraction        | 0.00977      |
|    clip_range           | 0.2          |
|    entropy_loss         | -0.192       |
|    explained_variance   | 0.783        |
|    learning_rate        | 0.0003       |
|    loss                 | 0.00111      |
|    n_updates            | 410          |
|    policy_gradient_loss | -0.00139     |
|    value_loss           | 0.000179     |
------------------------------------------
  step   65013/500000 ( 13.0%)  mean_rew=-0.001
-------------------------------------------
| time/                   |               |
|    fps                  | 1014          |
|    iterations           | 43            |
|    time_elapsed         | 65            |
|    total_timesteps      | 66048         |
| train/                  |               |
|    approx_kl            | 0.00076552876 |
|    clip_fraction        | 0.013         |
|    clip_range           | 0.2           |
|    entropy_loss         | -0.195        |
|    explained_variance   | 0.899         |
|    learning_rate        | 0.0003        |
|    loss                 | -0.00301      |
|    n_updates            | 420           |
|    policy_gradient_loss | -0.00115      |
|    value_loss           | 6.37e-05      |
-------------------------------------------
------------------------------------------
| time/                   |              |
|    fps                  | 1014         |
|    iterations           | 44           |
|    time_elapsed         | 66           |
|    total_timesteps      | 67584        |
| train/                  |              |
|    approx_kl            | 0.0015733022 |
|    clip_fraction        | 0.0167       |
|    clip_range           | 0.2          |
|    entropy_loss         | -0.181       |
|    explained_variance   | 0.754        |
|    learning_rate        | 0.0003       |
|    loss                 | -0.00466     |
|    n_updates            | 430          |
|    policy_gradient_loss | -0.00125     |
|    value_loss           | 0.000192     |
------------------------------------------
-----------------------------------------
| time/                   |             |
|    fps                  | 1014        |
|    iterations           | 45          |
|    time_elapsed         | 68          |
|    total_timesteps      | 69120       |
| train/                  |             |
|    approx_kl            | 0.001073095 |
|    clip_fraction        | 0.0124      |
|    clip_range           | 0.2         |
|    entropy_loss         | -0.156      |
|    explained_variance   | 0.779       |
|    learning_rate        | 0.0003      |
|    loss                 | 0.00352     |
|    n_updates            | 440         |
|    policy_gradient_loss | -0.00086    |
|    value_loss           | 0.000174    |
-----------------------------------------
  step   70014/500000 ( 14.0%)  mean_rew=-0.000
-------------------------------------------
| time/                   |               |
|    fps                  | 1014          |
|    iterations           | 46            |
|    time_elapsed         | 69            |
|    total_timesteps      | 70656         |
| train/                  |               |
|    approx_kl            | 0.00067384384 |
|    clip_fraction        | 0.00905       |
|    clip_range           | 0.2           |
|    entropy_loss         | -0.157        |
|    explained_variance   | 0.83          |
|    learning_rate        | 0.0003        |
|    loss                 | -0.00295      |
|    n_updates            | 450           |
|    policy_gradient_loss | -0.000752     |
|    value_loss           | 0.000137      |
-------------------------------------------
-------------------------------------------
| time/                   |               |
|    fps                  | 1013          |
|    iterations           | 47            |
|    time_elapsed         | 71            |
|    total_timesteps      | 72192         |
| train/                  |               |
|    approx_kl            | 0.00014466404 |
|    clip_fraction        | 0.000456      |
|    clip_range           | 0.2           |
|    entropy_loss         | -0.166        |
|    explained_variance   | 0.923         |
|    learning_rate        | 0.0003        |
|    loss                 | -5.35e-05     |
|    n_updates            | 460           |
|    policy_gradient_loss | -3.75e-05     |
|    value_loss           | 5.7e-05       |
-------------------------------------------
-------------------------------------------
| time/                   |               |
|    fps                  | 1013          |
|    iterations           | 48            |
|    time_elapsed         | 72            |
|    total_timesteps      | 73728         |
| train/                  |               |
|    approx_kl            | 0.00046900485 |
|    clip_fraction        | 0.000586      |
|    clip_range           | 0.2           |
|    entropy_loss         | -0.157        |
|    explained_variance   | 0.794         |
|    learning_rate        | 0.0003        |
|    loss                 | -0.00432      |
|    n_updates            | 470           |
|    policy_gradient_loss | -9.36e-05     |
|    value_loss           | 0.000161      |
-------------------------------------------
  step   75015/500000 ( 15.0%)  mean_rew=-0.001
------------------------------------------
| time/                   |              |
|    fps                  | 1013         |
|    iterations           | 49           |
|    time_elapsed         | 74           |
|    total_timesteps      | 75264        |
| train/                  |              |
|    approx_kl            | 0.0009307293 |
|    clip_fraction        | 0.0204       |
|    clip_range           | 0.2          |
|    entropy_loss         | -0.131       |
|    explained_variance   | 0.841        |
|    learning_rate        | 0.0003       |
|    loss                 | -0.00593     |
|    n_updates            | 480          |
|    policy_gradient_loss | -0.0019      |
|    value_loss           | 0.000125     |
------------------------------------------
  Stage 1 saved -> cologne3_ppo_stage1_25pct.zip

────────────────────────────────────────────────────────────
  Stage 2/4  50% demand  100000 steps  (cumulative -> 175000)
  Route: cologne3_rand_50pct.rou.xml
────────────────────────────────────────────────────────────
------------------------------
| time/              |       |
|    fps             | 1124  |
|    iterations      | 1     |
|    time_elapsed    | 1     |
|    total_timesteps | 76800 |
------------------------------
------------------------------------------
| time/                   |              |
|    fps                  | 957          |
|    iterations           | 2            |
|    time_elapsed         | 3            |
|    total_timesteps      | 78336        |
| train/                  |              |
|    approx_kl            | 0.0004514622 |
|    clip_fraction        | 0.000977     |
|    clip_range           | 0.2          |
|    entropy_loss         | -0.106       |
|    explained_variance   | 0.879        |
|    learning_rate        | 0.0003       |
|    loss                 | -0.00184     |
|    n_updates            | 500          |
|    policy_gradient_loss | -0.000122    |
|    value_loss           | 0.000111     |
------------------------------------------
-------------------------------------------
| time/                   |               |
|    fps                  | 910           |
|    iterations           | 3             |
|    time_elapsed         | 5             |
|    total_timesteps      | 79872         |
| train/                  |               |
|    approx_kl            | 8.3050574e-05 |
|    clip_fraction        | 0.000195      |
|    clip_range           | 0.2           |
|    entropy_loss         | -0.0979       |
|    explained_variance   | 0.745         |
|    learning_rate        | 0.0003        |
|    loss                 | 0.00017       |
|    n_updates            | 510           |
|    policy_gradient_loss | -0.00019      |
|    value_loss           | 0.000338      |
-------------------------------------------
  step   80016/500000 ( 16.0%)  mean_rew=-0.002
-------------------------------------------
| time/                   |               |
|    fps                  | 899           |
|    iterations           | 4             |
|    time_elapsed         | 6             |
|    total_timesteps      | 81408         |
| train/                  |               |
|    approx_kl            | 0.00041680472 |
|    clip_fraction        | 0.00983       |
|    clip_range           | 0.2           |
|    entropy_loss         | -0.108        |
|    explained_variance   | 0.758         |
|    learning_rate        | 0.0003        |
|    loss                 | 0.000671      |
|    n_updates            | 520           |
|    policy_gradient_loss | -0.0019       |
|    value_loss           | 0.000356      |
-------------------------------------------
-------------------------------------------
| time/                   |               |
|    fps                  | 885           |
|    iterations           | 5             |
|    time_elapsed         | 8             |
|    total_timesteps      | 82944         |
| train/                  |               |
|    approx_kl            | 0.00065027707 |
|    clip_fraction        | 0.00879       |
|    clip_range           | 0.2           |
|    entropy_loss         | -0.0946       |
|    explained_variance   | 0.858         |
|    learning_rate        | 0.0003        |
|    loss                 | 0.000383      |
|    n_updates            | 530           |
|    policy_gradient_loss | -0.000703     |
|    value_loss           | 0.000221      |
-------------------------------------------
-------------------------------------------
| time/                   |               |
|    fps                  | 863           |
|    iterations           | 6             |
|    time_elapsed         | 10            |
|    total_timesteps      | 84480         |
| train/                  |               |
|    approx_kl            | 0.00037430789 |
|    clip_fraction        | 0.012         |
|    clip_range           | 0.2           |
|    entropy_loss         | -0.0815       |
|    explained_variance   | 0.786         |
|    learning_rate        | 0.0003        |
|    loss                 | 0.000387      |
|    n_updates            | 540           |
|    policy_gradient_loss | -0.000877     |
|    value_loss           | 0.000386      |
-------------------------------------------
  step   85017/500000 ( 17.0%)  mean_rew=-0.001
-------------------------------------------
| time/                   |               |
|    fps                  | 859           |
|    iterations           | 7             |
|    time_elapsed         | 12            |
|    total_timesteps      | 86016         |
| train/                  |               |
|    approx_kl            | 0.00018621469 |
|    clip_fraction        | 0.00228       |
|    clip_range           | 0.2           |
|    entropy_loss         | -0.0821       |
|    explained_variance   | 0.758         |
|    learning_rate        | 0.0003        |
|    loss                 | 0.000278      |
|    n_updates            | 550           |
|    policy_gradient_loss | -0.000416     |
|    value_loss           | 0.000481      |
-------------------------------------------
-------------------------------------------
| time/                   |               |
|    fps                  | 857           |
|    iterations           | 8             |
|    time_elapsed         | 14            |
|    total_timesteps      | 87552         |
| train/                  |               |
|    approx_kl            | 0.00039756566 |
|    clip_fraction        | 0.00176       |
|    clip_range           | 0.2           |
|    entropy_loss         | -0.0789       |
|    explained_variance   | 0.907         |
|    learning_rate        | 0.0003        |
|    loss                 | -0.00153      |
|    n_updates            | 560           |
|    policy_gradient_loss | -0.000282     |
|    value_loss           | 0.000159      |
-------------------------------------------
-------------------------------------------
| time/                   |               |
|    fps                  | 854           |
|    iterations           | 9             |
|    time_elapsed         | 16            |
|    total_timesteps      | 89088         |
| train/                  |               |
|    approx_kl            | 0.00010575238 |
|    clip_fraction        | 0.000846      |
|    clip_range           | 0.2           |
|    entropy_loss         | -0.0716       |
|    explained_variance   | 0.769         |
|    learning_rate        | 0.0003        |
|    loss                 | -3.39e-06     |
|    n_updates            | 570           |
|    policy_gradient_loss | -0.000172     |
|    value_loss           | 0.000463      |
-------------------------------------------
  step   90018/500000 ( 18.0%)  mean_rew=-0.002
-------------------------------------------
| time/                   |               |
|    fps                  | 852           |
|    iterations           | 10            |
|    time_elapsed         | 18            |
|    total_timesteps      | 90624         |
| train/                  |               |
|    approx_kl            | 0.00056694506 |
|    clip_fraction        | 0.00534       |
|    clip_range           | 0.2           |
|    entropy_loss         | -0.0637       |
|    explained_variance   | 0.744         |
|    learning_rate        | 0.0003        |
|    loss                 | 0.00101       |
|    n_updates            | 580           |
|    policy_gradient_loss | -0.000544     |
|    value_loss           | 0.000527      |
-------------------------------------------
-------------------------------------------
| time/                   |               |
|    fps                  | 852           |
|    iterations           | 11            |
|    time_elapsed         | 19            |
|    total_timesteps      | 92160         |
| train/                  |               |
|    approx_kl            | 0.00026291658 |
|    clip_fraction        | 0.00124       |
|    clip_range           | 0.2           |
|    entropy_loss         | -0.0536       |
|    explained_variance   | 0.749         |
|    learning_rate        | 0.0003        |
|    loss                 | -0.00227      |
|    n_updates            | 590           |
|    policy_gradient_loss | -0.000152     |
|    value_loss           | 0.000521      |
-------------------------------------------
-------------------------------------------
| time/                   |               |
|    fps                  | 847           |
|    iterations           | 12            |
|    time_elapsed         | 21            |
|    total_timesteps      | 93696         |
| train/                  |               |
|    approx_kl            | 0.00031036092 |
|    clip_fraction        | 0.00534       |
|    clip_range           | 0.2           |
|    entropy_loss         | -0.0559       |
|    explained_variance   | 0.889         |
|    learning_rate        | 0.0003        |
|    loss                 | 0.000316      |
|    n_updates            | 600           |
|    policy_gradient_loss | -0.000433     |
|    value_loss           | 0.000206      |
-------------------------------------------
  step   95019/500000 ( 19.0%)  mean_rew=-0.002
-------------------------------------------
| time/                   |               |
|    fps                  | 844           |
|    iterations           | 13            |
|    time_elapsed         | 23            |
|    total_timesteps      | 95232         |
| train/                  |               |
|    approx_kl            | 0.00028728563 |
|    clip_fraction        | 0.00482       |
|    clip_range           | 0.2           |
|    entropy_loss         | -0.054        |
|    explained_variance   | 0.759         |
|    learning_rate        | 0.0003        |
|    loss                 | -0.000283     |
|    n_updates            | 610           |
|    policy_gradient_loss | -0.00026      |
|    value_loss           | 0.000563      |
-------------------------------------------
-------------------------------------------
| time/                   |               |
|    fps                  | 845           |
|    iterations           | 14            |
|    time_elapsed         | 25            |
|    total_timesteps      | 96768         |
| train/                  |               |
|    approx_kl            | 0.00013578078 |
|    clip_fraction        | 0.00514       |
|    clip_range           | 0.2           |
|    entropy_loss         | -0.0566       |
|    explained_variance   | 0.75          |
|    learning_rate        | 0.0003        |
|    loss                 | 0.000814      |
|    n_updates            | 620           |
|    policy_gradient_loss | -0.000453     |
|    value_loss           | 0.000524      |
-------------------------------------------
------------------------------------------
| time/                   |              |
|    fps                  | 844          |
|    iterations           | 15           |
|    time_elapsed         | 27           |
|    total_timesteps      | 98304        |
| train/                  |              |
|    approx_kl            | 9.754731e-05 |
|    clip_fraction        | 0.000846     |
|    clip_range           | 0.2          |
|    entropy_loss         | -0.0513      |
|    explained_variance   | 0.932        |
|    learning_rate        | 0.0003       |
|    loss                 | 0.000493     |
|    n_updates            | 630          |
|    policy_gradient_loss | -0.000131    |
|    value_loss           | 0.000137     |
------------------------------------------
------------------------------------------
| time/                   |              |
|    fps                  | 842          |
|    iterations           | 16           |
|    time_elapsed         | 29           |
|    total_timesteps      | 99840        |
| train/                  |              |
|    approx_kl            | 0.0002851369 |
|    clip_fraction        | 0.00671      |
|    clip_range           | 0.2          |
|    entropy_loss         | -0.0536      |
|    explained_variance   | 0.791        |
|    learning_rate        | 0.0003       |
|    loss                 | 0.000761     |
|    n_updates            | 640          |
|    policy_gradient_loss | -0.000563    |
|    value_loss           | 0.000528     |
------------------------------------------
  step  100020/500000 ( 20.0%)  mean_rew=-0.002
-------------------------------------------
| time/                   |               |
|    fps                  | 841           |
|    iterations           | 17            |
|    time_elapsed         | 31            |
|    total_timesteps      | 101376        |
| train/                  |               |
|    approx_kl            | 0.00014755235 |
|    clip_fraction        | 0.000456      |
|    clip_range           | 0.2           |
|    entropy_loss         | -0.0518       |
|    explained_variance   | 0.791         |
|    learning_rate        | 0.0003        |
|    loss                 | 0.000542      |
|    n_updates            | 650           |
|    policy_gradient_loss | -0.000109     |
|    value_loss           | 0.000479      |
-------------------------------------------
-----------------------------------------
| time/                   |             |
|    fps                  | 840         |
|    iterations           | 18          |
|    time_elapsed         | 32          |
|    total_timesteps      | 102912      |
| train/                  |             |
|    approx_kl            | 0.000472619 |
|    clip_fraction        | 0.00514     |
|    clip_range           | 0.2         |
|    entropy_loss         | -0.0405     |
|    explained_variance   | 0.752       |
|    learning_rate        | 0.0003      |
|    loss                 | -0.00141    |
|    n_updates            | 660         |
|    policy_gradient_loss | -0.000363   |
|    value_loss           | 0.000612    |
-----------------------------------------
------------------------------------------
| time/                   |              |
|    fps                  | 840          |
|    iterations           | 19           |
|    time_elapsed         | 34           |
|    total_timesteps      | 104448       |
| train/                  |              |
|    approx_kl            | 0.0001447926 |
|    clip_fraction        | 0.000521     |
|    clip_range           | 0.2          |
|    entropy_loss         | -0.04        |
|    explained_variance   | 0.936        |
|    learning_rate        | 0.0003       |
|    loss                 | -6.75e-05    |
|    n_updates            | 670          |
|    policy_gradient_loss | -0.000156    |
|    value_loss           | 0.000124     |
------------------------------------------
  step  105021/500000 ( 21.0%)  mean_rew=-0.002
-------------------------------------------
| time/                   |               |
|    fps                  | 839           |
|    iterations           | 20            |
|    time_elapsed         | 36            |
|    total_timesteps      | 105984        |
| train/                  |               |
|    approx_kl            | 0.00020889263 |
|    clip_fraction        | 0.00501       |
|    clip_range           | 0.2           |
|    entropy_loss         | -0.0367       |
|    explained_variance   | 0.779         |
|    learning_rate        | 0.0003        |
|    loss                 | 0.000981      |
|    n_updates            | 680           |
|    policy_gradient_loss | -0.000329     |
|    value_loss           | 0.00053       |
-------------------------------------------
-------------------------------------------
| time/                   |               |
|    fps                  | 838           |
|    iterations           | 21            |
|    time_elapsed         | 38            |
|    total_timesteps      | 107520        |
| train/                  |               |
|    approx_kl            | 0.00011311029 |
|    clip_fraction        | 0.00202       |
|    clip_range           | 0.2           |
|    entropy_loss         | -0.0331       |
|    explained_variance   | 0.761         |
|    learning_rate        | 0.0003        |
|    loss                 | -5.86e-05     |
|    n_updates            | 690           |
|    policy_gradient_loss | -0.000164     |
|    value_loss           | 0.000554      |
-------------------------------------------
------------------------------------------
| time/                   |              |
|    fps                  | 838          |
|    iterations           | 22           |
|    time_elapsed         | 40           |
|    total_timesteps      | 109056       |
| train/                  |              |
|    approx_kl            | 7.384608e-05 |
|    clip_fraction        | 0.00273      |
|    clip_range           | 0.2          |
|    entropy_loss         | -0.035       |
|    explained_variance   | 0.905        |
|    learning_rate        | 0.0003       |
|    loss                 | 0.000131     |
|    n_updates            | 700          |
|    policy_gradient_loss | -0.000198    |
|    value_loss           | 0.000199     |
------------------------------------------
  step  110022/500000 ( 22.0%)  mean_rew=-0.002
-------------------------------------------
| time/                   |               |
|    fps                  | 837           |
|    iterations           | 23            |
|    time_elapsed         | 42            |
|    total_timesteps      | 110592        |
| train/                  |               |
|    approx_kl            | 0.00019664275 |
|    clip_fraction        | 0.00156       |
|    clip_range           | 0.2           |
|    entropy_loss         | -0.0383       |
|    explained_variance   | 0.757         |
|    learning_rate        | 0.0003        |
|    loss                 | -0.00186      |
|    n_updates            | 710           |
|    policy_gradient_loss | -0.000151     |
|    value_loss           | 0.000614      |
-------------------------------------------
------------------------------------------
| time/                   |              |
|    fps                  | 837          |
|    iterations           | 24           |
|    time_elapsed         | 44           |
|    total_timesteps      | 112128       |
| train/                  |              |
|    approx_kl            | 8.263831e-05 |
|    clip_fraction        | 0.000977     |
|    clip_range           | 0.2          |
|    entropy_loss         | -0.0382      |
|    explained_variance   | 0.74         |
|    learning_rate        | 0.0003       |
|    loss                 | 0.000149     |
|    n_updates            | 720          |
|    policy_gradient_loss | -4.34e-05    |
|    value_loss           | 0.000637     |
------------------------------------------
-------------------------------------------
| time/                   |               |
|    fps                  | 837           |
|    iterations           | 25            |
|    time_elapsed         | 45            |
|    total_timesteps      | 113664        |
| train/                  |               |
|    approx_kl            | 0.00022458879 |
|    clip_fraction        | 0.00273       |
|    clip_range           | 0.2           |
|    entropy_loss         | -0.032        |
|    explained_variance   | 0.76          |
|    learning_rate        | 0.0003        |
|    loss                 | 0.0033        |
|    n_updates            | 730           |
|    policy_gradient_loss | -0.000228     |
|    value_loss           | 0.000552      |
-------------------------------------------
  step  115023/500000 ( 23.0%)  mean_rew=-0.001
------------------------------------------
| time/                   |              |
|    fps                  | 837          |
|    iterations           | 26           |
|    time_elapsed         | 47           |
|    total_timesteps      | 115200       |
| train/                  |              |
|    approx_kl            | 3.732093e-05 |
|    clip_fraction        | 0.000326     |
|    clip_range           | 0.2          |
|    entropy_loss         | -0.0295      |
|    explained_variance   | 0.913        |
|    learning_rate        | 0.0003       |
|    loss                 | 0.000167     |
|    n_updates            | 740          |
|    policy_gradient_loss | -5e-05       |
|    value_loss           | 0.000163     |
------------------------------------------
-------------------------------------------
| time/                   |               |
|    fps                  | 835           |
|    iterations           | 27            |
|    time_elapsed         | 49            |
|    total_timesteps      | 116736        |
| train/                  |               |
|    approx_kl            | 0.00013168005 |
|    clip_fraction        | 0.000911      |
|    clip_range           | 0.2           |
|    entropy_loss         | -0.0288       |
|    explained_variance   | 0.769         |
|    learning_rate        | 0.0003        |
|    loss                 | -0.000117     |
|    n_updates            | 750           |
|    policy_gradient_loss | -0.000105     |
|    value_loss           | 0.000534      |
-------------------------------------------
-------------------------------------------
| time/                   |               |
|    fps                  | 835           |
|    iterations           | 28            |
|    time_elapsed         | 51            |
|    total_timesteps      | 118272        |
| train/                  |               |
|    approx_kl            | 0.00015308619 |
|    clip_fraction        | 0.00215       |
|    clip_range           | 0.2           |
|    entropy_loss         | -0.0268       |
|    explained_variance   | 0.759         |
|    learning_rate        | 0.0003        |
|    loss                 | -0.000238     |
|    n_updates            | 760           |
|    policy_gradient_loss | -0.000142     |
|    value_loss           | 0.000552      |
-------------------------------------------
------------------------------------------
| time/                   |              |
|    fps                  | 835          |
|    iterations           | 29           |
|    time_elapsed         | 53           |
|    total_timesteps      | 119808       |
| train/                  |              |
|    approx_kl            | 0.0002764395 |
|    clip_fraction        | 0.00391      |
|    clip_range           | 0.2          |
|    entropy_loss         | -0.0215      |
|    explained_variance   | 0.885        |
|    learning_rate        | 0.0003       |
|    loss                 | -0.00765     |
|    n_updates            | 770          |
|    policy_gradient_loss | -0.000831    |
|    value_loss           | 0.000239     |
------------------------------------------
  step  120024/500000 ( 24.0%)  mean_rew=-0.002
-------------------------------------------
| time/                   |               |
|    fps                  | 834           |
|    iterations           | 30            |
|    time_elapsed         | 55            |
|    total_timesteps      | 121344        |
| train/                  |               |
|    approx_kl            | 5.2305946e-05 |
|    clip_fraction        | 0.0013        |
|    clip_range           | 0.2           |
|    entropy_loss         | -0.0225       |
|    explained_variance   | 0.755         |
|    learning_rate        | 0.0003        |
|    loss                 | 7.16e-05      |
|    n_updates            | 780           |
|    policy_gradient_loss | -6.95e-05     |
|    value_loss           | 0.000565      |
-------------------------------------------
-------------------------------------------
| time/                   |               |
|    fps                  | 834           |
|    iterations           | 31            |
|    time_elapsed         | 57            |
|    total_timesteps      | 122880        |
| train/                  |               |
|    approx_kl            | 2.7220036e-05 |
|    clip_fraction        | 0.000456      |
|    clip_range           | 0.2           |
|    entropy_loss         | -0.0241       |
|    explained_variance   | 0.734         |
|    learning_rate        | 0.0003        |
|    loss                 | 0.000235      |
|    n_updates            | 790           |
|    policy_gradient_loss | -1.74e-05     |
|    value_loss           | 0.000607      |
-------------------------------------------
-------------------------------------------
| time/                   |               |
|    fps                  | 834           |
|    iterations           | 32            |
|    time_elapsed         | 58            |
|    total_timesteps      | 124416        |
| train/                  |               |
|    approx_kl            | 0.00013291033 |
|    clip_fraction        | 0.00195       |
|    clip_range           | 0.2           |
|    entropy_loss         | -0.0272       |
|    explained_variance   | 0.76          |
|    learning_rate        | 0.0003        |
|    loss                 | -0.00162      |
|    n_updates            | 800           |
|    policy_gradient_loss | -0.000348     |
|    value_loss           | 0.000549      |
-------------------------------------------
  step  125025/500000 ( 25.0%)  mean_rew=-0.002
-------------------------------------------
| time/                   |               |
|    fps                  | 834           |
|    iterations           | 33            |
|    time_elapsed         | 60            |
|    total_timesteps      | 125952        |
| train/                  |               |
|    approx_kl            | 5.7216424e-05 |
|    clip_fraction        | 0.000846      |
|    clip_range           | 0.2           |
|    entropy_loss         | -0.0238       |
|    explained_variance   | 0.933         |
|    learning_rate        | 0.0003        |
|    loss                 | 0.000939      |
|    n_updates            | 810           |
|    policy_gradient_loss | -7.02e-05     |
|    value_loss           | 0.000125      |
-------------------------------------------
-------------------------------------------
| time/                   |               |
|    fps                  | 833           |
|    iterations           | 34            |
|    time_elapsed         | 62            |
|    total_timesteps      | 127488        |
| train/                  |               |
|    approx_kl            | 5.0708186e-05 |
|    clip_fraction        | 0.000391      |
|    clip_range           | 0.2           |
|    entropy_loss         | -0.0221       |
|    explained_variance   | 0.767         |
|    learning_rate        | 0.0003        |
|    loss                 | 0.000365      |
|    n_updates            | 820           |
|    policy_gradient_loss | -0.000103     |
|    value_loss           | 0.000545      |
-------------------------------------------
------------------------------------------
| time/                   |              |
|    fps                  | 833          |
|    iterations           | 35           |
|    time_elapsed         | 64           |
|    total_timesteps      | 129024       |
| train/                  |              |
|    approx_kl            | 5.243676e-05 |
|    clip_fraction        | 0.00026      |
|    clip_range           | 0.2          |
|    entropy_loss         | -0.0215      |
|    explained_variance   | 0.728        |
|    learning_rate        | 0.0003       |
|    loss                 | -0.000183    |
|    n_updates            | 830          |
|    policy_gradient_loss | -1.24e-05    |
|    value_loss           | 0.00065      |
------------------------------------------
  step  130026/500000 ( 26.0%)  mean_rew=-0.001
-------------------------------------------
| time/                   |               |
|    fps                  | 832           |
|    iterations           | 36            |
|    time_elapsed         | 66            |
|    total_timesteps      | 130560        |
| train/                  |               |
|    approx_kl            | 8.1328246e-05 |
|    clip_fraction        | 0.000911      |
|    clip_range           | 0.2           |
|    entropy_loss         | -0.0204       |
|    explained_variance   | 0.916         |
|    learning_rate        | 0.0003        |
|    loss                 | 0.000158      |
|    n_updates            | 840           |
|    policy_gradient_loss | -4.9e-05      |
|    value_loss           | 0.000165      |
-------------------------------------------
------------------------------------------
| time/                   |              |
|    fps                  | 831          |
|    iterations           | 37           |
|    time_elapsed         | 68           |
|    total_timesteps      | 132096       |
| train/                  |              |
|    approx_kl            | 0.0001486595 |
|    clip_fraction        | 0.00163      |
|    clip_range           | 0.2          |
|    entropy_loss         | -0.0165      |
|    explained_variance   | 0.757        |
|    learning_rate        | 0.0003       |
|    loss                 | 0.000169     |
|    n_updates            | 850          |
|    policy_gradient_loss | -0.00031     |
|    value_loss           | 0.000562     |
------------------------------------------
-------------------------------------------
| time/                   |               |
|    fps                  | 830           |
|    iterations           | 38            |
|    time_elapsed         | 70            |
|    total_timesteps      | 133632        |
| train/                  |               |
|    approx_kl            | 0.00024013426 |
|    clip_fraction        | 0.00163       |
|    clip_range           | 0.2           |
|    entropy_loss         | -0.0143       |
|    explained_variance   | 0.763         |
|    learning_rate        | 0.0003        |
|    loss                 | 6.54e-06      |
|    n_updates            | 860           |
|    policy_gradient_loss | -0.000114     |
|    value_loss           | 0.00054       |
-------------------------------------------
  step  135027/500000 ( 27.0%)  mean_rew=-0.002
-------------------------------------------
| time/                   |               |
|    fps                  | 830           |
|    iterations           | 39            |
|    time_elapsed         | 72            |
|    total_timesteps      | 135168        |
| train/                  |               |
|    approx_kl            | 0.00014689942 |
|    clip_fraction        | 0.000521      |
|    clip_range           | 0.2           |
|    entropy_loss         | -0.0146       |
|    explained_variance   | 0.763         |
|    learning_rate        | 0.0003        |
|    loss                 | 0.000262      |
|    n_updates            | 870           |
|    policy_gradient_loss | -7.55e-05     |
|    value_loss           | 0.000554      |
-------------------------------------------
-------------------------------------------
| time/                   |               |
|    fps                  | 830           |
|    iterations           | 40            |
|    time_elapsed         | 74            |
|    total_timesteps      | 136704        |
| train/                  |               |
|    approx_kl            | 0.00027249762 |
|    clip_fraction        | 0.00299       |
|    clip_range           | 0.2           |
|    entropy_loss         | -0.0163       |
|    explained_variance   | 0.919         |
|    learning_rate        | 0.0003        |
|    loss                 | -0.000336     |
|    n_updates            | 880           |
|    policy_gradient_loss | -0.000408     |
|    value_loss           | 0.000169      |
-------------------------------------------
-------------------------------------------
| time/                   |               |
|    fps                  | 828           |
|    iterations           | 41            |
|    time_elapsed         | 76            |
|    total_timesteps      | 138240        |
| train/                  |               |
|    approx_kl            | 0.00013722037 |
|    clip_fraction        | 0.000977      |
|    clip_range           | 0.2           |
|    entropy_loss         | -0.0167       |
|    explained_variance   | 0.759         |
|    learning_rate        | 0.0003        |
|    loss                 | 0.00052       |
|    n_updates            | 890           |
|    policy_gradient_loss | -0.000185     |
|    value_loss           | 0.000552      |
-------------------------------------------
------------------------------------------
| time/                   |              |
|    fps                  | 828          |
|    iterations           | 42           |
|    time_elapsed         | 77           |
|    total_timesteps      | 139776       |
| train/                  |              |
|    approx_kl            | 4.228247e-05 |
|    clip_fraction        | 0.000521     |
|    clip_range           | 0.2          |
|    entropy_loss         | -0.0125      |
|    explained_variance   | 0.75         |
|    learning_rate        | 0.0003       |
|    loss                 | -0.00161     |
|    n_updates            | 900          |
|    policy_gradient_loss | -0.000147    |
|    value_loss           | 0.00056      |
------------------------------------------
  step  140028/500000 ( 28.0%)  mean_rew=-0.002
-------------------------------------------
| time/                   |               |
|    fps                  | 828           |
|    iterations           | 43            |
|    time_elapsed         | 79            |
|    total_timesteps      | 141312        |
| train/                  |               |
|    approx_kl            | 0.00012823811 |
|    clip_fraction        | 0.00117       |
|    clip_range           | 0.2           |
|    entropy_loss         | -0.0124       |
|    explained_variance   | 0.92          |
|    learning_rate        | 0.0003        |
|    loss                 | 1.94e-05      |
|    n_updates            | 910           |
|    policy_gradient_loss | -0.000315     |
|    value_loss           | 0.000157      |
-------------------------------------------
-------------------------------------------
| time/                   |               |
|    fps                  | 828           |
|    iterations           | 44            |
|    time_elapsed         | 81            |
|    total_timesteps      | 142848        |
| train/                  |               |
|    approx_kl            | 0.00014866919 |
|    clip_fraction        | 0.00221       |
|    clip_range           | 0.2           |
|    entropy_loss         | -0.0147       |
|    explained_variance   | 0.758         |
|    learning_rate        | 0.0003        |
|    loss                 | 0.000421      |
|    n_updates            | 920           |
|    policy_gradient_loss | -0.000239     |
|    value_loss           | 0.000552      |
-------------------------------------------
------------------------------------------
| time/                   |              |
|    fps                  | 828          |
|    iterations           | 45           |
|    time_elapsed         | 83           |
|    total_timesteps      | 144384       |
| train/                  |              |
|    approx_kl            | 6.639934e-05 |
|    clip_fraction        | 0.00104      |
|    clip_range           | 0.2          |
|    entropy_loss         | -0.0162      |
|    explained_variance   | 0.761        |
|    learning_rate        | 0.0003       |
|    loss                 | 0.000162     |
|    n_updates            | 930          |
|    policy_gradient_loss | -0.000126    |
|    value_loss           | 0.000519     |
------------------------------------------
  step  145029/500000 ( 29.0%)  mean_rew=-0.002
------------------------------------------
| time/                   |              |
|    fps                  | 828          |
|    iterations           | 46           |
|    time_elapsed         | 85           |
|    total_timesteps      | 145920       |
| train/                  |              |
|    approx_kl            | 4.174696e-05 |
|    clip_fraction        | 0.000326     |
|    clip_range           | 0.2          |
|    entropy_loss         | -0.0142      |
|    explained_variance   | 0.743        |
|    learning_rate        | 0.0003       |
|    loss                 | 0.000333     |
|    n_updates            | 940          |
|    policy_gradient_loss | -3.49e-05    |
|    value_loss           | 0.000601     |
------------------------------------------
-------------------------------------------
| time/                   |               |
|    fps                  | 828           |
|    iterations           | 47            |
|    time_elapsed         | 87            |
|    total_timesteps      | 147456        |
| train/                  |               |
|    approx_kl            | 0.00011443343 |
|    clip_fraction        | 0.00156       |
|    clip_range           | 0.2           |
|    entropy_loss         | -0.0104       |
|    explained_variance   | 0.942         |
|    learning_rate        | 0.0003        |
|    loss                 | 8.38e-05      |
|    n_updates            | 950           |
|    policy_gradient_loss | -0.000215     |
|    value_loss           | 0.000113      |
-------------------------------------------
-------------------------------------------
| time/                   |               |
|    fps                  | 827           |
|    iterations           | 48            |
|    time_elapsed         | 89            |
|    total_timesteps      | 148992        |
| train/                  |               |
|    approx_kl            | 1.7532186e-05 |
|    clip_fraction        | 6.51e-05      |
|    clip_range           | 0.2           |
|    entropy_loss         | -0.0102       |
|    explained_variance   | 0.763         |
|    learning_rate        | 0.0003        |
|    loss                 | 0.000226      |
|    n_updates            | 960           |
|    policy_gradient_loss | -7.27e-06     |
|    value_loss           | 0.00054       |
-------------------------------------------
  step  150030/500000 ( 30.0%)  mean_rew=-0.002
-------------------------------------------
| time/                   |               |
|    fps                  | 827           |
|    iterations           | 49            |
|    time_elapsed         | 90            |
|    total_timesteps      | 150528        |
| train/                  |               |
|    approx_kl            | 3.1742577e-08 |
|    clip_fraction        | 0             |
|    clip_range           | 0.2           |
|    entropy_loss         | -0.0103       |
|    explained_variance   | 0.742         |
|    learning_rate        | 0.0003        |
|    loss                 | 0.000194      |
|    n_updates            | 970           |
|    policy_gradient_loss | -4.4e-06      |
|    value_loss           | 0.000619      |
-------------------------------------------
-----------------------------------------
| time/                   |             |
|    fps                  | 826         |
|    iterations           | 50          |
|    time_elapsed         | 92          |
|    total_timesteps      | 152064      |
| train/                  |             |
|    approx_kl            | 0.002598353 |
|    clip_fraction        | 0.000521    |
|    clip_range           | 0.2         |
|    entropy_loss         | -0.0202     |
|    explained_variance   | 0.915       |
|    learning_rate        | 0.0003      |
|    loss                 | -0.00181    |
|    n_updates            | 980         |
|    policy_gradient_loss | -0.000415   |
|    value_loss           | 0.000146    |
-----------------------------------------
-------------------------------------------
| time/                   |               |
|    fps                  | 825           |
|    iterations           | 51            |
|    time_elapsed         | 94            |
|    total_timesteps      | 153600        |
| train/                  |               |
|    approx_kl            | 0.00033471102 |
|    clip_fraction        | 0.00508       |
|    clip_range           | 0.2           |
|    entropy_loss         | -0.0561       |
|    explained_variance   | 0.77          |
|    learning_rate        | 0.0003        |
|    loss                 | -4.19e-05     |
|    n_updates            | 990           |
|    policy_gradient_loss | 8.12e-05      |
|    value_loss           | 0.000517      |
-------------------------------------------
  step  155031/500000 ( 31.0%)  mean_rew=-0.002
-------------------------------------------
| time/                   |               |
|    fps                  | 825           |
|    iterations           | 52            |
|    time_elapsed         | 96            |
|    total_timesteps      | 155136        |
| train/                  |               |
|    approx_kl            | 0.00025065872 |
|    clip_fraction        | 0.00221       |
|    clip_range           | 0.2           |
|    entropy_loss         | -0.0498       |
|    explained_variance   | 0.725         |
|    learning_rate        | 0.0003        |
|    loss                 | 0.000812      |
|    n_updates            | 1000          |
|    policy_gradient_loss | -4.28e-05     |
|    value_loss           | 0.000651      |
-------------------------------------------
------------------------------------------
| time/                   |              |
|    fps                  | 825          |
|    iterations           | 53           |
|    time_elapsed         | 98           |
|    total_timesteps      | 156672       |
| train/                  |              |
|    approx_kl            | 0.0002512782 |
|    clip_fraction        | 0.00423      |
|    clip_range           | 0.2          |
|    entropy_loss         | -0.036       |
|    explained_variance   | 0.926        |
|    learning_rate        | 0.0003       |
|    loss                 | -8.6e-05     |
|    n_updates            | 1010         |
|    policy_gradient_loss | -0.000482    |
|    value_loss           | 0.000156     |
------------------------------------------
------------------------------------------
| time/                   |              |
|    fps                  | 824          |
|    iterations           | 54           |
|    time_elapsed         | 100          |
|    total_timesteps      | 158208       |
| train/                  |              |
|    approx_kl            | 6.167839e-06 |
|    clip_fraction        | 0            |
|    clip_range           | 0.2          |
|    entropy_loss         | -0.0339      |
|    explained_variance   | 0.792        |
|    learning_rate        | 0.0003       |
|    loss                 | 0.000324     |
|    n_updates            | 1020         |
|    policy_gradient_loss | 1.28e-05     |
|    value_loss           | 0.000482     |
------------------------------------------
-------------------------------------------
| time/                   |               |
|    fps                  | 823           |
|    iterations           | 55            |
|    time_elapsed         | 102           |
|    total_timesteps      | 159744        |
| train/                  |               |
|    approx_kl            | 4.4761033e-05 |
|    clip_fraction        | 0.00286       |
|    clip_range           | 0.2           |
|    entropy_loss         | -0.0376       |
|    explained_variance   | 0.762         |
|    learning_rate        | 0.0003        |
|    loss                 | 0.000319      |
|    n_updates            | 1030          |
|    policy_gradient_loss | -6.96e-05     |
|    value_loss           | 0.000578      |
-------------------------------------------
  step  160032/500000 ( 32.0%)  mean_rew=-0.002
-------------------------------------------
| time/                   |               |
|    fps                  | 823           |
|    iterations           | 56            |
|    time_elapsed         | 104           |
|    total_timesteps      | 161280        |
| train/                  |               |
|    approx_kl            | 3.9691455e-05 |
|    clip_fraction        | 0             |
|    clip_range           | 0.2           |
|    entropy_loss         | -0.0316       |
|    explained_variance   | 0.729         |
|    learning_rate        | 0.0003        |
|    loss                 | 0.00054       |
|    n_updates            | 1040          |
|    policy_gradient_loss | 3.69e-05      |
|    value_loss           | 0.000704      |
-------------------------------------------
------------------------------------------
| time/                   |              |
|    fps                  | 823          |
|    iterations           | 57           |
|    time_elapsed         | 106          |
|    total_timesteps      | 162816       |
| train/                  |              |
|    approx_kl            | 0.0002832218 |
|    clip_fraction        | 0.00846      |
|    clip_range           | 0.2          |
|    entropy_loss         | -0.028       |
|    explained_variance   | 0.921        |
|    learning_rate        | 0.0003       |
|    loss                 | -0.000528    |
|    n_updates            | 1050         |
|    policy_gradient_loss | -0.000969    |
|    value_loss           | 0.000167     |
------------------------------------------
-------------------------------------------
| time/                   |               |
|    fps                  | 822           |
|    iterations           | 58            |
|    time_elapsed         | 108           |
|    total_timesteps      | 164352        |
| train/                  |               |
|    approx_kl            | 0.00027079566 |
|    clip_fraction        | 0.00306       |
|    clip_range           | 0.2           |
|    entropy_loss         | -0.0341       |
|    explained_variance   | 0.758         |
|    learning_rate        | 0.0003        |
|    loss                 | 0.000325      |
|    n_updates            | 1060          |
|    policy_gradient_loss | -0.000231     |
|    value_loss           | 0.000589      |
-------------------------------------------
  step  165033/500000 ( 33.0%)  mean_rew=-0.001
------------------------------------------
| time/                   |              |
|    fps                  | 822          |
|    iterations           | 59           |
|    time_elapsed         | 110          |
|    total_timesteps      | 165888       |
| train/                  |              |
|    approx_kl            | 6.195499e-05 |
|    clip_fraction        | 0.00267      |
|    clip_range           | 0.2          |
|    entropy_loss         | -0.0297      |
|    explained_variance   | 0.728        |
|    learning_rate        | 0.0003       |
|    loss                 | 0.000416     |
|    n_updates            | 1070         |
|    policy_gradient_loss | -0.000184    |
|    value_loss           | 0.000696     |
------------------------------------------
-------------------------------------------
| time/                   |               |
|    fps                  | 821           |
|    iterations           | 60            |
|    time_elapsed         | 112           |
|    total_timesteps      | 167424        |
| train/                  |               |
|    approx_kl            | 0.00016702044 |
|    clip_fraction        | 0.00202       |
|    clip_range           | 0.2           |
|    entropy_loss         | -0.0243       |
|    explained_variance   | 0.922         |
|    learning_rate        | 0.0003        |
|    loss                 | 0.000122      |
|    n_updates            | 1080          |
|    policy_gradient_loss | -0.000237     |
|    value_loss           | 0.000172      |
-------------------------------------------
-------------------------------------------
| time/                   |               |
|    fps                  | 821           |
|    iterations           | 61            |
|    time_elapsed         | 114           |
|    total_timesteps      | 168960        |
| train/                  |               |
|    approx_kl            | 0.00025049245 |
|    clip_fraction        | 0.00104       |
|    clip_range           | 0.2           |
|    entropy_loss         | -0.0305       |
|    explained_variance   | 0.766         |
|    learning_rate        | 0.0003        |
|    loss                 | 1.37e-05      |
|    n_updates            | 1090          |
|    policy_gradient_loss | -0.000123     |
|    value_loss           | 0.000542      |
-------------------------------------------
  step  170034/500000 ( 34.0%)  mean_rew=-0.002
-------------------------------------------
| time/                   |               |
|    fps                  | 820           |
|    iterations           | 62            |
|    time_elapsed         | 116           |
|    total_timesteps      | 170496        |
| train/                  |               |
|    approx_kl            | 6.2326515e-05 |
|    clip_fraction        | 0.00124       |
|    clip_range           | 0.2           |
|    entropy_loss         | -0.0398       |
|    explained_variance   | 0.759         |
|    learning_rate        | 0.0003        |
|    loss                 | -0.000661     |
|    n_updates            | 1100          |
|    policy_gradient_loss | -4.06e-05     |
|    value_loss           | 0.000552      |
-------------------------------------------
-------------------------------------------
| time/                   |               |
|    fps                  | 820           |
|    iterations           | 63            |
|    time_elapsed         | 117           |
|    total_timesteps      | 172032        |
| train/                  |               |
|    approx_kl            | 0.00031621367 |
|    clip_fraction        | 0.00299       |
|    clip_range           | 0.2           |
|    entropy_loss         | -0.0424       |
|    explained_variance   | 0.743         |
|    learning_rate        | 0.0003        |
|    loss                 | 0.000458      |
|    n_updates            | 1110          |
|    policy_gradient_loss | 0.000211      |
|    value_loss           | 0.000614      |
-------------------------------------------
-----------------------------------------
| time/                   |             |
|    fps                  | 820         |
|    iterations           | 64          |
|    time_elapsed         | 119         |
|    total_timesteps      | 173568      |
| train/                  |             |
|    approx_kl            | 6.33928e-05 |
|    clip_fraction        | 0.000521    |
|    clip_range           | 0.2         |
|    entropy_loss         | -0.0313     |
|    explained_variance   | 0.922       |
|    learning_rate        | 0.0003      |
|    loss                 | -6.5e-05    |
|    n_updates            | 1120        |
|    policy_gradient_loss | -6.72e-05   |
|    value_loss           | 0.000153    |
-----------------------------------------
  step  175035/500000 ( 35.0%)  mean_rew=-0.002
-------------------------------------------
| time/                   |               |
|    fps                  | 819           |
|    iterations           | 65            |
|    time_elapsed         | 121           |
|    total_timesteps      | 175104        |
| train/                  |               |
|    approx_kl            | 0.00020486237 |
|    clip_fraction        | 0.00527       |
|    clip_range           | 0.2           |
|    entropy_loss         | -0.0285       |
|    explained_variance   | 0.763         |
|    learning_rate        | 0.0003        |
|    loss                 | 0.00322       |
|    n_updates            | 1130          |
|    policy_gradient_loss | -0.000468     |
|    value_loss           | 0.000613      |
-------------------------------------------
------------------------------------------
| time/                   |              |
|    fps                  | 819          |
|    iterations           | 66           |
|    time_elapsed         | 123          |
|    total_timesteps      | 176640       |
| train/                  |              |
|    approx_kl            | 0.0001032855 |
|    clip_fraction        | 0.000716     |
|    clip_range           | 0.2          |
|    entropy_loss         | -0.0241      |
|    explained_variance   | 0.763        |
|    learning_rate        | 0.0003       |
|    loss                 | -0.00069     |
|    n_updates            | 1140         |
|    policy_gradient_loss | -2.32e-05    |
|    value_loss           | 0.000654     |
------------------------------------------
  Stage 2 saved -> cologne3_ppo_stage2_50pct.zip

────────────────────────────────────────────────────────────
  Stage 3/4  75% demand  125000 steps  (cumulative -> 300000)
  Route: cologne3_rand_75pct.rou.xml
────────────────────────────────────────────────────────────
-------------------------------
| time/              |        |
|    fps             | 836    |
|    iterations      | 1      |
|    time_elapsed    | 1      |
|    total_timesteps | 178176 |
-------------------------------
------------------------------------------
| time/                   |              |
|    fps                  | 737          |
|    iterations           | 2            |
|    time_elapsed         | 4            |
|    total_timesteps      | 179712       |
| train/                  |              |
|    approx_kl            | 3.866533e-05 |
|    clip_fraction        | 0.000326     |
|    clip_range           | 0.2          |
|    entropy_loss         | -0.0289      |
|    explained_variance   | 0.889        |
|    learning_rate        | 0.0003       |
|    loss                 | 0.000197     |
|    n_updates            | 1160         |
|    policy_gradient_loss | 5.79e-05     |
|    value_loss           | 0.000289     |
------------------------------------------
  step  180036/500000 ( 36.0%)  mean_rew=-0.003
-------------------------------------------
| time/                   |               |
|    fps                  | 711           |
|    iterations           | 3             |
|    time_elapsed         | 6             |
|    total_timesteps      | 181248        |
| train/                  |               |
|    approx_kl            | 0.00029900527 |
|    clip_fraction        | 0.0043        |
|    clip_range           | 0.2           |
|    entropy_loss         | -0.0258       |
|    explained_variance   | 0.813         |
|    learning_rate        | 0.0003        |
|    loss                 | -0.00115      |
|    n_updates            | 1170          |
|    policy_gradient_loss | -0.000498     |
|    value_loss           | 0.000861      |
-------------------------------------------
------------------------------------------
| time/                   |              |
|    fps                  | 702          |
|    iterations           | 4            |
|    time_elapsed         | 8            |
|    total_timesteps      | 182784       |
| train/                  |              |
|    approx_kl            | 7.742143e-05 |
|    clip_fraction        | 0.00013      |
|    clip_range           | 0.2          |
|    entropy_loss         | -0.0265      |
|    explained_variance   | 0.817        |
|    learning_rate        | 0.0003       |
|    loss                 | 0.00077      |
|    n_updates            | 1180         |
|    policy_gradient_loss | 4.25e-06     |
|    value_loss           | 0.00101      |
------------------------------------------
-------------------------------------------
| time/                   |               |
|    fps                  | 696           |
|    iterations           | 5             |
|    time_elapsed         | 11            |
|    total_timesteps      | 184320        |
| train/                  |               |
|    approx_kl            | 0.00053704716 |
|    clip_fraction        | 0.00612       |
|    clip_range           | 0.2           |
|    entropy_loss         | -0.0235       |
|    explained_variance   | 0.924         |
|    learning_rate        | 0.0003        |
|    loss                 | 0.00316       |
|    n_updates            | 1190          |
|    policy_gradient_loss | -0.000625     |
|    value_loss           | 0.000419      |
-------------------------------------------
  step  185037/500000 ( 37.0%)  mean_rew=-0.003
-------------------------------------------
| time/                   |               |
|    fps                  | 692           |
|    iterations           | 6             |
|    time_elapsed         | 13            |
|    total_timesteps      | 185856        |
| train/                  |               |
|    approx_kl            | 0.00020834955 |
|    clip_fraction        | 0.00417       |
|    clip_range           | 0.2           |
|    entropy_loss         | -0.0269       |
|    explained_variance   | 0.852         |
|    learning_rate        | 0.0003        |
|    loss                 | 0.00122       |
|    n_updates            | 1200          |
|    policy_gradient_loss | -0.000684     |
|    value_loss           | 0.0011        |
-------------------------------------------
------------------------------------------
| time/                   |              |
|    fps                  | 689          |
|    iterations           | 7            |
|    time_elapsed         | 15           |
|    total_timesteps      | 187392       |
| train/                  |              |
|    approx_kl            | 7.789877e-05 |
|    clip_fraction        | 0.00182      |
|    clip_range           | 0.2          |
|    entropy_loss         | -0.0216      |
|    explained_variance   | 0.846        |
|    learning_rate        | 0.0003       |
|    loss                 | 0.000881     |
|    n_updates            | 1210         |
|    policy_gradient_loss | -9.28e-05    |
|    value_loss           | 0.0012       |
------------------------------------------
-------------------------------------------
| time/                   |               |
|    fps                  | 684           |
|    iterations           | 8             |
|    time_elapsed         | 17            |
|    total_timesteps      | 188928        |
| train/                  |               |
|    approx_kl            | 0.00017628916 |
|    clip_fraction        | 0.00299       |
|    clip_range           | 0.2           |
|    entropy_loss         | -0.0261       |
|    explained_variance   | 0.944         |
|    learning_rate        | 0.0003        |
|    loss                 | 2.26e-05      |
|    n_updates            | 1220          |
|    policy_gradient_loss | -0.000245     |
|    value_loss           | 0.000416      |
-------------------------------------------
  step  190038/500000 ( 38.0%)  mean_rew=-0.003
--------------------------------------------
| time/                   |                |
|    fps                  | 680            |
|    iterations           | 9              |
|    time_elapsed         | 20             |
|    total_timesteps      | 190464         |
| train/                  |                |
|    approx_kl            | 0.000100898906 |
|    clip_fraction        | 0.00234        |
|    clip_range           | 0.2            |
|    entropy_loss         | -0.0315        |
|    explained_variance   | 0.872          |
|    learning_rate        | 0.0003         |
|    loss                 | 0.00113        |
|    n_updates            | 1230           |
|    policy_gradient_loss | -8.69e-05      |
|    value_loss           | 0.00116        |
--------------------------------------------
------------------------------------------
| time/                   |              |
|    fps                  | 677          |
|    iterations           | 10           |
|    time_elapsed         | 22           |
|    total_timesteps      | 192000       |
| train/                  |              |
|    approx_kl            | 0.0003063832 |
|    clip_fraction        | 0.00332      |
|    clip_range           | 0.2          |
|    entropy_loss         | -0.0243      |
|    explained_variance   | 0.864        |
|    learning_rate        | 0.0003       |
|    loss                 | 7.36e-05     |
|    n_updates            | 1240         |
|    policy_gradient_loss | -0.000287    |
|    value_loss           | 0.00127      |
------------------------------------------
-------------------------------------------
| time/                   |               |
|    fps                  | 676           |
|    iterations           | 11            |
|    time_elapsed         | 24            |
|    total_timesteps      | 193536        |
| train/                  |               |
|    approx_kl            | 3.0355684e-06 |
|    clip_fraction        | 0             |
|    clip_range           | 0.2           |
|    entropy_loss         | -0.0225       |
|    explained_variance   | 0.875         |
|    learning_rate        | 0.0003        |
|    loss                 | 0.000217      |
|    n_updates            | 1250          |
|    policy_gradient_loss | 2.06e-05      |
|    value_loss           | 0.00109       |
-------------------------------------------
  step  195039/500000 ( 39.0%)  mean_rew=-0.003
------------------------------------------
| time/                   |              |
|    fps                  | 675          |
|    iterations           | 12           |
|    time_elapsed         | 27           |
|    total_timesteps      | 195072       |
| train/                  |              |
|    approx_kl            | 8.023678e-05 |
|    clip_fraction        | 0.00208      |
|    clip_range           | 0.2          |
|    entropy_loss         | -0.0258      |
|    explained_variance   | 0.969        |
|    learning_rate        | 0.0003       |
|    loss                 | 0.000137     |
|    n_updates            | 1260         |
|    policy_gradient_loss | -8.17e-05    |
|    value_loss           | 0.000249     |
------------------------------------------
-------------------------------------------
| time/                   |               |
|    fps                  | 673           |
|    iterations           | 13            |
|    time_elapsed         | 29            |
|    total_timesteps      | 196608        |
| train/                  |               |
|    approx_kl            | 6.8511035e-05 |
|    clip_fraction        | 0.00202       |
|    clip_range           | 0.2           |
|    entropy_loss         | -0.0221       |
|    explained_variance   | 0.853         |
|    learning_rate        | 0.0003        |
|    loss                 | 0.00045       |
|    n_updates            | 1270          |
|    policy_gradient_loss | -0.000144     |
|    value_loss           | 0.00148       |
-------------------------------------------
------------------------------------------
| time/                   |              |
|    fps                  | 672          |
|    iterations           | 14           |
|    time_elapsed         | 31           |
|    total_timesteps      | 198144       |
| train/                  |              |
|    approx_kl            | 7.381372e-05 |
|    clip_fraction        | 0.00104      |
|    clip_range           | 0.2          |
|    entropy_loss         | -0.0239      |
|    explained_variance   | 0.869        |
|    learning_rate        | 0.0003       |
|    loss                 | 0.000431     |
|    n_updates            | 1280         |
|    policy_gradient_loss | -1.74e-05    |
|    value_loss           | 0.00136      |
------------------------------------------
------------------------------------------
| time/                   |              |
|    fps                  | 672          |
|    iterations           | 15           |
|    time_elapsed         | 34           |
|    total_timesteps      | 199680       |
| train/                  |              |
|    approx_kl            | 0.0019524149 |
|    clip_fraction        | 0.00599      |
|    clip_range           | 0.2          |
|    entropy_loss         | -0.0362      |
|    explained_variance   | 0.942        |
|    learning_rate        | 0.0003       |
|    loss                 | 0.000333     |
|    n_updates            | 1290         |
|    policy_gradient_loss | -0.000669    |
|    value_loss           | 0.00057      |
------------------------------------------
  step  200040/500000 ( 40.0%)  mean_rew=-0.003
-----------------------------------------
| time/                   |             |
|    fps                  | 668         |
|    iterations           | 16          |
|    time_elapsed         | 36          |
|    total_timesteps      | 201216      |
| train/                  |             |
|    approx_kl            | 0.002825345 |
|    clip_fraction        | 0.00775     |
|    clip_range           | 0.2         |
|    entropy_loss         | -0.0671     |
|    explained_variance   | 0.864       |
|    learning_rate        | 0.0003      |
|    loss                 | -0.000759   |
|    n_updates            | 1300        |
|    policy_gradient_loss | -0.000474   |
|    value_loss           | 0.00148     |
-----------------------------------------
------------------------------------------
| time/                   |              |
|    fps                  | 558          |
|    iterations           | 17           |
|    time_elapsed         | 46           |
|    total_timesteps      | 202752       |
| train/                  |              |
|    approx_kl            | 0.0008651549 |
|    clip_fraction        | 0.00462      |
|    clip_range           | 0.2          |
|    entropy_loss         | -0.0778      |
|    explained_variance   | 0.01         |
|    learning_rate        | 0.0003       |
|    loss                 | 0.012        |
|    n_updates            | 1310         |
|    policy_gradient_loss | -0.000619    |
|    value_loss           | 0.0224       |
------------------------------------------
------------------------------------------
| time/                   |              |
|    fps                  | 520          |
|    iterations           | 18           |
|    time_elapsed         | 53           |
|    total_timesteps      | 204288       |
| train/                  |              |
|    approx_kl            | 0.0037224947 |
|    clip_fraction        | 0.062        |
|    clip_range           | 0.2          |
|    entropy_loss         | -0.266       |
|    explained_variance   | 0.379        |
|    learning_rate        | 0.0003       |
|    loss                 | 0.768        |
|    n_updates            | 1320         |
|    policy_gradient_loss | -0.00105     |
|    value_loss           | 2.67         |
------------------------------------------
  step  205041/500000 ( 41.0%)  mean_rew=-0.003
------------------------------------------
| time/                   |              |
|    fps                  | 497          |
|    iterations           | 19           |
|    time_elapsed         | 58           |
|    total_timesteps      | 205824       |
| train/                  |              |
|    approx_kl            | 0.0022083998 |
|    clip_fraction        | 0.0477       |
|    clip_range           | 0.2          |
|    entropy_loss         | -0.159       |
|    explained_variance   | 0.843        |
|    learning_rate        | 0.0003       |
|    loss                 | 0.292        |
|    n_updates            | 1330         |
|    policy_gradient_loss | 0.00035      |
|    value_loss           | 1.28         |
------------------------------------------
------------------------------------------
| time/                   |              |
|    fps                  | 504          |
|    iterations           | 20           |
|    time_elapsed         | 60           |
|    total_timesteps      | 207360       |
| train/                  |              |
|    approx_kl            | 0.0011294804 |
|    clip_fraction        | 0.00651      |
|    clip_range           | 0.2          |
|    entropy_loss         | -0.17        |
|    explained_variance   | 0.889        |
|    learning_rate        | 0.0003       |
|    loss                 | 1.87         |
|    n_updates            | 1340         |
|    policy_gradient_loss | 0.000542     |
|    value_loss           | 3.08         |
------------------------------------------
-------------------------------------------
| time/                   |               |
|    fps                  | 510           |
|    iterations           | 21            |
|    time_elapsed         | 63            |
|    total_timesteps      | 208896        |
| train/                  |               |
|    approx_kl            | 0.00043837202 |
|    clip_fraction        | 0.00547       |
|    clip_range           | 0.2           |
|    entropy_loss         | -0.0493       |
|    explained_variance   | -0.225        |
|    learning_rate        | 0.0003        |
|    loss                 | 0.036         |
|    n_updates            | 1350          |
|    policy_gradient_loss | -0.000233     |
|    value_loss           | 0.0667        |
-------------------------------------------
  step  210042/500000 ( 42.0%)  mean_rew=-0.004
------------------------------------------
| time/                   |              |
|    fps                  | 515          |
|    iterations           | 22           |
|    time_elapsed         | 65           |
|    total_timesteps      | 210432       |
| train/                  |              |
|    approx_kl            | 0.0052051228 |
|    clip_fraction        | 0.00254      |
|    clip_range           | 0.2          |
|    entropy_loss         | -0.0797      |
|    explained_variance   | -0.351       |
|    learning_rate        | 0.0003       |
|    loss                 | 0.00827      |
|    n_updates            | 1360         |
|    policy_gradient_loss | -0.00115     |
|    value_loss           | 0.0447       |
------------------------------------------
------------------------------------------
| time/                   |              |
|    fps                  | 521          |
|    iterations           | 23           |
|    time_elapsed         | 67           |
|    total_timesteps      | 211968       |
| train/                  |              |
|    approx_kl            | 0.0013324172 |
|    clip_fraction        | 0.0286       |
|    clip_range           | 0.2          |
|    entropy_loss         | -0.137       |
|    explained_variance   | -0.275       |
|    learning_rate        | 0.0003       |
|    loss                 | 0.0184       |
|    n_updates            | 1370         |
|    policy_gradient_loss | -0.00158     |
|    value_loss           | 0.0309       |
------------------------------------------
-------------------------------------------
| time/                   |               |
|    fps                  | 525           |
|    iterations           | 24            |
|    time_elapsed         | 70            |
|    total_timesteps      | 213504        |
| train/                  |               |
|    approx_kl            | 0.00039852594 |
|    clip_fraction        | 0.0084        |
|    clip_range           | 0.2           |
|    entropy_loss         | -0.146        |
|    explained_variance   | -0.362        |
|    learning_rate        | 0.0003        |
|    loss                 | 0.00937       |
|    n_updates            | 1380          |
|    policy_gradient_loss | -0.000129     |
|    value_loss           | 0.0258        |
-------------------------------------------
------------------------------------------
| time/                   |              |
|    fps                  | 530          |
|    iterations           | 25           |
|    time_elapsed         | 72           |
|    total_timesteps      | 215040       |
| train/                  |              |
|    approx_kl            | 7.576422e-05 |
|    clip_fraction        | 0.00671      |
|    clip_range           | 0.2          |
|    entropy_loss         | -0.145       |
|    explained_variance   | -0.518       |
|    learning_rate        | 0.0003       |
|    loss                 | 0.00679      |
|    n_updates            | 1390         |
|    policy_gradient_loss | 0.000128     |
|    value_loss           | 0.0198       |
------------------------------------------
  step  215043/500000 ( 43.0%)  mean_rew=-0.003
------------------------------------------
| time/                   |              |
|    fps                  | 534          |
|    iterations           | 26           |
|    time_elapsed         | 74           |
|    total_timesteps      | 216576       |
| train/                  |              |
|    approx_kl            | 0.0008512458 |
|    clip_fraction        | 0.0138       |
|    clip_range           | 0.2          |
|    entropy_loss         | -0.132       |
|    explained_variance   | -0.644       |
|    learning_rate        | 0.0003       |
|    loss                 | 0.0035       |
|    n_updates            | 1400         |
|    policy_gradient_loss | -0.000474    |
|    value_loss           | 0.0123       |
------------------------------------------
-----------------------------------------
| time/                   |             |
|    fps                  | 538         |
|    iterations           | 27          |
|    time_elapsed         | 77          |
|    total_timesteps      | 218112      |
| train/                  |             |
|    approx_kl            | 0.000590432 |
|    clip_fraction        | 0.00996     |
|    clip_range           | 0.2         |
|    entropy_loss         | -0.138      |
|    explained_variance   | -0.574      |
|    learning_rate        | 0.0003      |
|    loss                 | 0.00191     |
|    n_updates            | 1410        |
|    policy_gradient_loss | -0.000113   |
|    value_loss           | 0.0117      |
-----------------------------------------
-------------------------------------------
| time/                   |               |
|    fps                  | 542           |
|    iterations           | 28            |
|    time_elapsed         | 79            |
|    total_timesteps      | 219648        |
| train/                  |               |
|    approx_kl            | 0.00065548875 |
|    clip_fraction        | 0.00267       |
|    clip_range           | 0.2           |
|    entropy_loss         | -0.129        |
|    explained_variance   | -0.377        |
|    learning_rate        | 0.0003        |
|    loss                 | 0.00252       |
|    n_updates            | 1420          |
|    policy_gradient_loss | 4.8e-06       |
|    value_loss           | 0.0102        |
-------------------------------------------
  step  220044/500000 ( 44.0%)  mean_rew=-0.002
------------------------------------------
| time/                   |              |
|    fps                  | 546          |
|    iterations           | 29           |
|    time_elapsed         | 81           |
|    total_timesteps      | 221184       |
| train/                  |              |
|    approx_kl            | 0.0002666108 |
|    clip_fraction        | 0.00697      |
|    clip_range           | 0.2          |
|    entropy_loss         | -0.118       |
|    explained_variance   | -0.214       |
|    learning_rate        | 0.0003       |
|    loss                 | 0.00555      |
|    n_updates            | 1430         |
|    policy_gradient_loss | -0.000196    |
|    value_loss           | 0.00742      |
------------------------------------------
-------------------------------------------
| time/                   |               |
|    fps                  | 549           |
|    iterations           | 30            |
|    time_elapsed         | 83            |
|    total_timesteps      | 222720        |
| train/                  |               |
|    approx_kl            | 0.00072609336 |
|    clip_fraction        | 0.00951       |
|    clip_range           | 0.2           |
|    entropy_loss         | -0.133        |
|    explained_variance   | 0.0903        |
|    learning_rate        | 0.0003        |
|    loss                 | 0.00186       |
|    n_updates            | 1440          |
|    policy_gradient_loss | -0.000523     |
|    value_loss           | 0.00669       |
-------------------------------------------
-------------------------------------------
| time/                   |               |
|    fps                  | 552           |
|    iterations           | 31            |
|    time_elapsed         | 86            |
|    total_timesteps      | 224256        |
| train/                  |               |
|    approx_kl            | 0.00039412253 |
|    clip_fraction        | 0.00384       |
|    clip_range           | 0.2           |
|    entropy_loss         | -0.146        |
|    explained_variance   | 0.154         |
|    learning_rate        | 0.0003        |
|    loss                 | 0.00665       |
|    n_updates            | 1450          |
|    policy_gradient_loss | 5.81e-05      |
|    value_loss           | 0.00656       |
-------------------------------------------
  step  225045/500000 ( 45.0%)  mean_rew=-0.004
------------------------------------------
| time/                   |              |
|    fps                  | 555          |
|    iterations           | 32           |
|    time_elapsed         | 88           |
|    total_timesteps      | 225792       |
| train/                  |              |
|    approx_kl            | 0.0013899197 |
|    clip_fraction        | 0.0156       |
|    clip_range           | 0.2          |
|    entropy_loss         | -0.138       |
|    explained_variance   | 0.25         |
|    learning_rate        | 0.0003       |
|    loss                 | -0.000677    |
|    n_updates            | 1460         |
|    policy_gradient_loss | -0.00077     |
|    value_loss           | 0.00476      |
------------------------------------------
-------------------------------------------
| time/                   |               |
|    fps                  | 557           |
|    iterations           | 33            |
|    time_elapsed         | 90            |
|    total_timesteps      | 227328        |
| train/                  |               |
|    approx_kl            | 0.00010309974 |
|    clip_fraction        | 0.00495       |
|    clip_range           | 0.2           |
|    entropy_loss         | -0.15         |
|    explained_variance   | 0.489         |
|    learning_rate        | 0.0003        |
|    loss                 | 1.21e-06      |
|    n_updates            | 1470          |
|    policy_gradient_loss | -0.000134     |
|    value_loss           | 0.0035        |
-------------------------------------------
------------------------------------------
| time/                   |              |
|    fps                  | 550          |
|    iterations           | 34           |
|    time_elapsed         | 94           |
|    total_timesteps      | 228864       |
| train/                  |              |
|    approx_kl            | 0.0016532798 |
|    clip_fraction        | 0.0188       |
|    clip_range           | 0.2          |
|    entropy_loss         | -0.117       |
|    explained_variance   | 0.494        |
|    learning_rate        | 0.0003       |
|    loss                 | -0.00161     |
|    n_updates            | 1480         |
|    policy_gradient_loss | -0.00099     |
|    value_loss           | 0.00378      |
------------------------------------------
  step  230046/500000 ( 46.0%)  mean_rew=-0.309
------------------------------------------
| time/                   |              |
|    fps                  | 487          |
|    iterations           | 35           |
|    time_elapsed         | 110          |
|    total_timesteps      | 230400       |
| train/                  |              |
|    approx_kl            | 0.0010003425 |
|    clip_fraction        | 0.0178       |
|    clip_range           | 0.2          |
|    entropy_loss         | -0.0967      |
|    explained_variance   | 0.499        |
|    learning_rate        | 0.0003       |
|    loss                 | 0.00431      |
|    n_updates            | 1490         |
|    policy_gradient_loss | -0.00105     |
|    value_loss           | 0.00496      |
------------------------------------------
-------------------------------------------
| time/                   |               |
|    fps                  | 446           |
|    iterations           | 36            |
|    time_elapsed         | 123           |
|    total_timesteps      | 231936        |
| train/                  |               |
|    approx_kl            | 0.00057388993 |
|    clip_fraction        | 0.0117        |
|    clip_range           | 0.2           |
|    entropy_loss         | -0.22         |
|    explained_variance   | 0.503         |
|    learning_rate        | 0.0003        |
|    loss                 | 0.295         |
|    n_updates            | 1500          |
|    policy_gradient_loss | 0.000205      |
|    value_loss           | 1.79          |
-------------------------------------------
------------------------------------------
| time/                   |              |
|    fps                  | 405          |
|    iterations           | 37           |
|    time_elapsed         | 140          |
|    total_timesteps      | 233472       |
| train/                  |              |
|    approx_kl            | 0.0010564881 |
|    clip_fraction        | 0.0308       |
|    clip_range           | 0.2          |
|    entropy_loss         | -0.242       |
|    explained_variance   | 0.81         |
|    learning_rate        | 0.0003       |
|    loss                 | 0.946        |
|    n_updates            | 1510         |
|    policy_gradient_loss | -0.000881    |
|    value_loss           | 3.17         |
------------------------------------------
------------------------------------------
| time/                   |              |
|    fps                  | 405          |
|    iterations           | 38           |
|    time_elapsed         | 143          |
|    total_timesteps      | 235008       |
| train/                  |              |
|    approx_kl            | 0.0057134577 |
|    clip_fraction        | 0.0321       |
|    clip_range           | 0.2          |
|    entropy_loss         | -0.282       |
|    explained_variance   | 0.871        |
|    learning_rate        | 0.0003       |
|    loss                 | 1.17         |
|    n_updates            | 1520         |
|    policy_gradient_loss | -0.00235     |
|    value_loss           | 4.13         |
------------------------------------------
  step  235047/500000 ( 47.0%)  mean_rew=-0.002
--------------------------------------------
| time/                   |                |
|    fps                  | 406            |
|    iterations           | 39             |
|    time_elapsed         | 147            |
|    total_timesteps      | 236544         |
| train/                  |                |
|    approx_kl            | 0.000114348055 |
|    clip_fraction        | 0.0043         |
|    clip_range           | 0.2            |
|    entropy_loss         | -0.101         |
|    explained_variance   | 0.367          |
|    learning_rate        | 0.0003         |
|    loss                 | 0.0247         |
|    n_updates            | 1530           |
|    policy_gradient_loss | 0.000221       |
|    value_loss           | 0.0696         |
--------------------------------------------
------------------------------------------
| time/                   |              |
|    fps                  | 406          |
|    iterations           | 40           |
|    time_elapsed         | 151          |
|    total_timesteps      | 238080       |
| train/                  |              |
|    approx_kl            | 0.0005885454 |
|    clip_fraction        | 0.0111       |
|    clip_range           | 0.2          |
|    entropy_loss         | -0.0842      |
|    explained_variance   | 0.34         |
|    learning_rate        | 0.0003       |
|    loss                 | 0.0257       |
|    n_updates            | 1540         |
|    policy_gradient_loss | -0.000697    |
|    value_loss           | 0.0466       |
------------------------------------------
------------------------------------------
| time/                   |              |
|    fps                  | 406          |
|    iterations           | 41           |
|    time_elapsed         | 155          |
|    total_timesteps      | 239616       |
| train/                  |              |
|    approx_kl            | 0.0006669156 |
|    clip_fraction        | 0.00365      |
|    clip_range           | 0.2          |
|    entropy_loss         | -0.0758      |
|    explained_variance   | 0.112        |
|    learning_rate        | 0.0003       |
|    loss                 | 0.0199       |
|    n_updates            | 1550         |
|    policy_gradient_loss | -0.000125    |
|    value_loss           | 0.0403       |
------------------------------------------
  step  240048/500000 ( 48.0%)  mean_rew=-0.003
------------------------------------------
| time/                   |              |
|    fps                  | 406          |
|    iterations           | 42           |
|    time_elapsed         | 158          |
|    total_timesteps      | 241152       |
| train/                  |              |
|    approx_kl            | 7.060869e-05 |
|    clip_fraction        | 0.000781     |
|    clip_range           | 0.2          |
|    entropy_loss         | -0.0784      |
|    explained_variance   | -0.204       |
|    learning_rate        | 0.0003       |
|    loss                 | 0.0133       |
|    n_updates            | 1560         |
|    policy_gradient_loss | 3.16e-05     |
|    value_loss           | 0.0319       |
------------------------------------------
-------------------------------------------
| time/                   |               |
|    fps                  | 406           |
|    iterations           | 43            |
|    time_elapsed         | 162           |
|    total_timesteps      | 242688        |
| train/                  |               |
|    approx_kl            | 0.00043045703 |
|    clip_fraction        | 0.0111        |
|    clip_range           | 0.2           |
|    entropy_loss         | -0.0894       |
|    explained_variance   | -0.22         |
|    learning_rate        | 0.0003        |
|    loss                 | 0.0191        |
|    n_updates            | 1570          |
|    policy_gradient_loss | -0.000664     |
|    value_loss           | 0.0247        |
-------------------------------------------
------------------------------------------
| time/                   |              |
|    fps                  | 406          |
|    iterations           | 44           |
|    time_elapsed         | 166          |
|    total_timesteps      | 244224       |
| train/                  |              |
|    approx_kl            | 7.140035e-05 |
|    clip_fraction        | 0.00208      |
|    clip_range           | 0.2          |
|    entropy_loss         | -0.0953      |
|    explained_variance   | -0.256       |
|    learning_rate        | 0.0003       |
|    loss                 | 0.00539      |
|    n_updates            | 1580         |
|    policy_gradient_loss | -7.36e-05    |
|    value_loss           | 0.0158       |
------------------------------------------
  step  245049/500000 ( 49.0%)  mean_rew=-0.216
-------------------------------------------
| time/                   |               |
|    fps                  | 375           |
|    iterations           | 45            |
|    time_elapsed         | 184           |
|    total_timesteps      | 245760        |
| train/                  |               |
|    approx_kl            | 6.7035704e-05 |
|    clip_fraction        | 0.00124       |
|    clip_range           | 0.2           |
|    entropy_loss         | -0.097        |
|    explained_variance   | -0.922        |
|    learning_rate        | 0.0003        |
|    loss                 | 0.00566       |
|    n_updates            | 1590          |
|    policy_gradient_loss | 7.49e-05      |
|    value_loss           | 0.0138        |
-------------------------------------------
------------------------------------------
| time/                   |              |
|    fps                  | 366          |
|    iterations           | 46           |
|    time_elapsed         | 192          |
|    total_timesteps      | 247296       |
| train/                  |              |
|    approx_kl            | 0.0023647796 |
|    clip_fraction        | 0.0264       |
|    clip_range           | 0.2          |
|    entropy_loss         | -0.235       |
|    explained_variance   | 0.779        |
|    learning_rate        | 0.0003       |
|    loss                 | 0.8          |
|    n_updates            | 1600         |
|    policy_gradient_loss | -0.00145     |
|    value_loss           | 3.14         |
------------------------------------------
------------------------------------------
| time/                   |              |
|    fps                  | 351          |
|    iterations           | 47           |
|    time_elapsed         | 205          |
|    total_timesteps      | 248832       |
| train/                  |              |
|    approx_kl            | 0.0017187869 |
|    clip_fraction        | 0.0258       |
|    clip_range           | 0.2          |
|    entropy_loss         | -0.11        |
|    explained_variance   | 0.914        |
|    learning_rate        | 0.0003       |
|    loss                 | 0.217        |
|    n_updates            | 1610         |
|    policy_gradient_loss | -0.00164     |
|    value_loss           | 0.767        |
------------------------------------------
  step  250050/500000 ( 50.0%)  mean_rew=-0.004
------------------------------------------
| time/                   |              |
|    fps                  | 352          |
|    iterations           | 48           |
|    time_elapsed         | 209          |
|    total_timesteps      | 250368       |
| train/                  |              |
|    approx_kl            | 0.0020400079 |
|    clip_fraction        | 0.02         |
|    clip_range           | 0.2          |
|    entropy_loss         | -0.21        |
|    explained_variance   | 0.904        |
|    learning_rate        | 0.0003       |
|    loss                 | 1.42         |
|    n_updates            | 1620         |
|    policy_gradient_loss | -0.00139     |
|    value_loss           | 4.43         |
------------------------------------------
-------------------------------------------
| time/                   |               |
|    fps                  | 353           |
|    iterations           | 49            |
|    time_elapsed         | 212           |
|    total_timesteps      | 251904        |
| train/                  |               |
|    approx_kl            | 0.00019313041 |
|    clip_fraction        | 0.00189       |
|    clip_range           | 0.2           |
|    entropy_loss         | -0.0545       |
|    explained_variance   | -0.174        |
|    learning_rate        | 0.0003        |
|    loss                 | 0.0389        |
|    n_updates            | 1630          |
|    policy_gradient_loss | -0.000124     |
|    value_loss           | 0.0941        |
-------------------------------------------
-------------------------------------------
| time/                   |               |
|    fps                  | 354           |
|    iterations           | 50            |
|    time_elapsed         | 216           |
|    total_timesteps      | 253440        |
| train/                  |               |
|    approx_kl            | 0.00018657034 |
|    clip_fraction        | 0.00189       |
|    clip_range           | 0.2           |
|    entropy_loss         | -0.0475       |
|    explained_variance   | -0.489        |
|    learning_rate        | 0.0003        |
|    loss                 | 0.0244        |
|    n_updates            | 1640          |
|    policy_gradient_loss | -6.33e-05     |
|    value_loss           | 0.0683        |
-------------------------------------------
------------------------------------------
| time/                   |              |
|    fps                  | 355          |
|    iterations           | 51           |
|    time_elapsed         | 220          |
|    total_timesteps      | 254976       |
| train/                  |              |
|    approx_kl            | 0.0002852614 |
|    clip_fraction        | 0.00469      |
|    clip_range           | 0.2          |
|    entropy_loss         | -0.0403      |
|    explained_variance   | -0.775       |
|    learning_rate        | 0.0003       |
|    loss                 | 0.0134       |
|    n_updates            | 1650         |
|    policy_gradient_loss | -0.000197    |
|    value_loss           | 0.0489       |
------------------------------------------
  step  255051/500000 ( 51.0%)  mean_rew=-0.003
-------------------------------------------
| time/                   |               |
|    fps                  | 356           |
|    iterations           | 52            |
|    time_elapsed         | 223           |
|    total_timesteps      | 256512        |
| train/                  |               |
|    approx_kl            | 0.00020388288 |
|    clip_fraction        | 0.00319       |
|    clip_range           | 0.2           |
|    entropy_loss         | -0.0341       |
|    explained_variance   | -0.859        |
|    learning_rate        | 0.0003        |
|    loss                 | 0.0136        |
|    n_updates            | 1660          |
|    policy_gradient_loss | -0.000253     |
|    value_loss           | 0.0363        |
-------------------------------------------
------------------------------------------
| time/                   |              |
|    fps                  | 357          |
|    iterations           | 53           |
|    time_elapsed         | 227          |
|    total_timesteps      | 258048       |
| train/                  |              |
|    approx_kl            | 7.698801e-05 |
|    clip_fraction        | 0            |
|    clip_range           | 0.2          |
|    entropy_loss         | -0.0314      |
|    explained_variance   | -0.936       |
|    learning_rate        | 0.0003       |
|    loss                 | 0.0149       |
|    n_updates            | 1670         |
|    policy_gradient_loss | 7.3e-06      |
|    value_loss           | 0.0255       |
------------------------------------------
-------------------------------------------
| time/                   |               |
|    fps                  | 357           |
|    iterations           | 54            |
|    time_elapsed         | 231           |
|    total_timesteps      | 259584        |
| train/                  |               |
|    approx_kl            | 5.3982792e-05 |
|    clip_fraction        | 0.00208       |
|    clip_range           | 0.2           |
|    entropy_loss         | -0.033        |
|    explained_variance   | -0.741        |
|    learning_rate        | 0.0003        |
|    loss                 | 0.00661       |
|    n_updates            | 1680          |
|    policy_gradient_loss | -0.000126     |
|    value_loss           | 0.0204        |
-------------------------------------------
  step  260052/500000 ( 52.0%)  mean_rew=-0.304
-------------------------------------------
| time/                   |               |
|    fps                  | 348           |
|    iterations           | 55            |
|    time_elapsed         | 242           |
|    total_timesteps      | 261120        |
| train/                  |               |
|    approx_kl            | 0.00039567144 |
|    clip_fraction        | 0.00241       |
|    clip_range           | 0.2           |
|    entropy_loss         | -0.0533       |
|    explained_variance   | 0.892         |
|    learning_rate        | 0.0003        |
|    loss                 | 0.153         |
|    n_updates            | 1690          |
|    policy_gradient_loss | 0.000789      |
|    value_loss           | 0.515         |
-------------------------------------------
-----------------------------------------
| time/                   |             |
|    fps                  | 351         |
|    iterations           | 56          |
|    time_elapsed         | 244         |
|    total_timesteps      | 262656      |
| train/                  |             |
|    approx_kl            | 0.005228315 |
|    clip_fraction        | 0.042       |
|    clip_range           | 0.2         |
|    entropy_loss         | -0.252      |
|    explained_variance   | 0.841       |
|    learning_rate        | 0.0003      |
|    loss                 | 1.36        |
|    n_updates            | 1700        |
|    policy_gradient_loss | -0.00269    |
|    value_loss           | 4.96        |
-----------------------------------------
-------------------------------------------
| time/                   |               |
|    fps                  | 354           |
|    iterations           | 57            |
|    time_elapsed         | 246           |
|    total_timesteps      | 264192        |
| train/                  |               |
|    approx_kl            | 0.00061564863 |
|    clip_fraction        | 0.00612       |
|    clip_range           | 0.2           |
|    entropy_loss         | -0.0323       |
|    explained_variance   | -0.415        |
|    learning_rate        | 0.0003        |
|    loss                 | 0.0261        |
|    n_updates            | 1710          |
|    policy_gradient_loss | -0.000227     |
|    value_loss           | 0.0962        |
-------------------------------------------
  step  265053/500000 ( 53.0%)  mean_rew=-0.003
------------------------------------------
| time/                   |              |
|    fps                  | 357          |
|    iterations           | 58           |
|    time_elapsed         | 249          |
|    total_timesteps      | 265728       |
| train/                  |              |
|    approx_kl            | 0.0001557403 |
|    clip_fraction        | 0.0041       |
|    clip_range           | 0.2          |
|    entropy_loss         | -0.0292      |
|    explained_variance   | -0.285       |
|    learning_rate        | 0.0003       |
|    loss                 | 0.0127       |
|    n_updates            | 1720         |
|    policy_gradient_loss | -0.000356    |
|    value_loss           | 0.0436       |
------------------------------------------
-------------------------------------------
| time/                   |               |
|    fps                  | 360           |
|    iterations           | 59            |
|    time_elapsed         | 251           |
|    total_timesteps      | 267264        |
| train/                  |               |
|    approx_kl            | 0.00015842945 |
|    clip_fraction        | 0.00462       |
|    clip_range           | 0.2           |
|    entropy_loss         | -0.0244       |
|    explained_variance   | -0.688        |
|    learning_rate        | 0.0003        |
|    loss                 | 0.01          |
|    n_updates            | 1730          |
|    policy_gradient_loss | -0.00039      |
|    value_loss           | 0.0378        |
-------------------------------------------
------------------------------------------
| time/                   |              |
|    fps                  | 363          |
|    iterations           | 60           |
|    time_elapsed         | 253          |
|    total_timesteps      | 268800       |
| train/                  |              |
|    approx_kl            | 8.686419e-05 |
|    clip_fraction        | 0.00137      |
|    clip_range           | 0.2          |
|    entropy_loss         | -0.0208      |
|    explained_variance   | -0.758       |
|    learning_rate        | 0.0003       |
|    loss                 | 0.0101       |
|    n_updates            | 1740         |
|    policy_gradient_loss | -0.000114    |
|    value_loss           | 0.0216       |
------------------------------------------
  step  270054/500000 ( 54.0%)  mean_rew=-0.003
------------------------------------------
| time/                   |              |
|    fps                  | 366          |
|    iterations           | 61           |
|    time_elapsed         | 255          |
|    total_timesteps      | 270336       |
| train/                  |              |
|    approx_kl            | 4.357837e-05 |
|    clip_fraction        | 0.000586     |
|    clip_range           | 0.2          |
|    entropy_loss         | -0.0267      |
|    explained_variance   | -1.09        |
|    learning_rate        | 0.0003       |
|    loss                 | 0.00688      |
|    n_updates            | 1750         |
|    policy_gradient_loss | -0.000351    |
|    value_loss           | 0.019        |
------------------------------------------
-------------------------------------------
| time/                   |               |
|    fps                  | 368           |
|    iterations           | 62            |
|    time_elapsed         | 258           |
|    total_timesteps      | 271872        |
| train/                  |               |
|    approx_kl            | 0.00020374933 |
|    clip_fraction        | 0.00313       |
|    clip_range           | 0.2           |
|    entropy_loss         | -0.0326       |
|    explained_variance   | -1.25         |
|    learning_rate        | 0.0003        |
|    loss                 | 0.00757       |
|    n_updates            | 1760          |
|    policy_gradient_loss | -0.000332     |
|    value_loss           | 0.0173        |
-------------------------------------------
-------------------------------------------
| time/                   |               |
|    fps                  | 371           |
|    iterations           | 63            |
|    time_elapsed         | 260           |
|    total_timesteps      | 273408        |
| train/                  |               |
|    approx_kl            | 0.00023688834 |
|    clip_fraction        | 0.00645       |
|    clip_range           | 0.2           |
|    entropy_loss         | -0.0295       |
|    explained_variance   | -0.627        |
|    learning_rate        | 0.0003        |
|    loss                 | 0.00548       |
|    n_updates            | 1770          |
|    policy_gradient_loss | -0.000389     |
|    value_loss           | 0.0181        |
-------------------------------------------
------------------------------------------
| time/                   |              |
|    fps                  | 374          |
|    iterations           | 64           |
|    time_elapsed         | 262          |
|    total_timesteps      | 274944       |
| train/                  |              |
|    approx_kl            | 5.428943e-05 |
|    clip_fraction        | 0.00143      |
|    clip_range           | 0.2          |
|    entropy_loss         | -0.0258      |
|    explained_variance   | -0.384       |
|    learning_rate        | 0.0003       |
|    loss                 | 0.00388      |
|    n_updates            | 1780         |
|    policy_gradient_loss | -0.000102    |
|    value_loss           | 0.00998      |
------------------------------------------
  step  275055/500000 ( 55.0%)  mean_rew=-0.003
------------------------------------------
| time/                   |              |
|    fps                  | 376          |
|    iterations           | 65           |
|    time_elapsed         | 264          |
|    total_timesteps      | 276480       |
| train/                  |              |
|    approx_kl            | 9.425372e-05 |
|    clip_fraction        | 0.000326     |
|    clip_range           | 0.2          |
|    entropy_loss         | -0.0234      |
|    explained_variance   | -0.525       |
|    learning_rate        | 0.0003       |
|    loss                 | 0.0035       |
|    n_updates            | 1790         |
|    policy_gradient_loss | -1.74e-06    |
|    value_loss           | 0.0114       |
------------------------------------------
------------------------------------------
| time/                   |              |
|    fps                  | 379          |
|    iterations           | 66           |
|    time_elapsed         | 267          |
|    total_timesteps      | 278016       |
| train/                  |              |
|    approx_kl            | 9.340417e-05 |
|    clip_fraction        | 0.00202      |
|    clip_range           | 0.2          |
|    entropy_loss         | -0.0191      |
|    explained_variance   | -0.312       |
|    learning_rate        | 0.0003       |
|    loss                 | 0.00378      |
|    n_updates            | 1800         |
|    policy_gradient_loss | -0.000139    |
|    value_loss           | 0.00782      |
------------------------------------------
------------------------------------------
| time/                   |              |
|    fps                  | 381          |
|    iterations           | 67           |
|    time_elapsed         | 269          |
|    total_timesteps      | 279552       |
| train/                  |              |
|    approx_kl            | 7.032335e-05 |
|    clip_fraction        | 0.00339      |
|    clip_range           | 0.2          |
|    entropy_loss         | -0.022       |
|    explained_variance   | -0.248       |
|    learning_rate        | 0.0003       |
|    loss                 | 0.00284      |
|    n_updates            | 1810         |
|    policy_gradient_loss | -0.000313    |
|    value_loss           | 0.00537      |
------------------------------------------
  step  280056/500000 ( 56.0%)  mean_rew=-0.003
--------------------------------------------
| time/                   |                |
|    fps                  | 384            |
|    iterations           | 68             |
|    time_elapsed         | 271            |
|    total_timesteps      | 281088         |
| train/                  |                |
|    approx_kl            | 0.000121798286 |
|    clip_fraction        | 0.0028         |
|    clip_range           | 0.2            |
|    entropy_loss         | -0.0176        |
|    explained_variance   | 0.0428         |
|    learning_rate        | 0.0003         |
|    loss                 | 0.00345        |
|    n_updates            | 1820           |
|    policy_gradient_loss | -0.000384      |
|    value_loss           | 0.00596        |
--------------------------------------------
------------------------------------------
| time/                   |              |
|    fps                  | 386          |
|    iterations           | 69           |
|    time_elapsed         | 273          |
|    total_timesteps      | 282624       |
| train/                  |              |
|    approx_kl            | 8.840386e-06 |
|    clip_fraction        | 0            |
|    clip_range           | 0.2          |
|    entropy_loss         | -0.0195      |
|    explained_variance   | 0.194        |
|    learning_rate        | 0.0003       |
|    loss                 | 0.00206      |
|    n_updates            | 1830         |
|    policy_gradient_loss | -7.24e-06    |
|    value_loss           | 0.00522      |
------------------------------------------
-------------------------------------------
| time/                   |               |
|    fps                  | 389           |
|    iterations           | 70            |
|    time_elapsed         | 276           |
|    total_timesteps      | 284160        |
| train/                  |               |
|    approx_kl            | 5.1355182e-05 |
|    clip_fraction        | 0.000977      |
|    clip_range           | 0.2           |
|    entropy_loss         | -0.0181       |
|    explained_variance   | 0.199         |
|    learning_rate        | 0.0003        |
|    loss                 | 0.00339       |
|    n_updates            | 1840          |
|    policy_gradient_loss | -7.23e-05     |
|    value_loss           | 0.00513       |
-------------------------------------------
  step  285057/500000 ( 57.0%)  mean_rew=-0.003
-----------------------------------------
| time/                   |             |
|    fps                  | 390         |
|    iterations           | 71          |
|    time_elapsed         | 279         |
|    total_timesteps      | 285696      |
| train/                  |             |
|    approx_kl            | 8.64128e-05 |
|    clip_fraction        | 0.00111     |
|    clip_range           | 0.2         |
|    entropy_loss         | -0.0127     |
|    explained_variance   | 0.49        |
|    learning_rate        | 0.0003      |
|    loss                 | 0.00115     |
|    n_updates            | 1850        |
|    policy_gradient_loss | -0.00018    |
|    value_loss           | 0.00303     |
-----------------------------------------
-----------------------------------------
| time/                   |             |
|    fps                  | 383         |
|    iterations           | 72          |
|    time_elapsed         | 288         |
|    total_timesteps      | 287232      |
| train/                  |             |
|    approx_kl            | 0.026640812 |
|    clip_fraction        | 0.015       |
|    clip_range           | 0.2         |
|    entropy_loss         | -0.0177     |
|    explained_variance   | 0.729       |
|    learning_rate        | 0.0003      |
|    loss                 | 0.0724      |
|    n_updates            | 1860        |
|    policy_gradient_loss | -0.00899    |
|    value_loss           | 0.214       |
-----------------------------------------
-------------------------------------------
| time/                   |               |
|    fps                  | 385           |
|    iterations           | 73            |
|    time_elapsed         | 290           |
|    total_timesteps      | 288768        |
| train/                  |               |
|    approx_kl            | 0.00018293683 |
|    clip_fraction        | 0.0013        |
|    clip_range           | 0.2           |
|    entropy_loss         | -0.0577       |
|    explained_variance   | 0.808         |
|    learning_rate        | 0.0003        |
|    loss                 | 0.698         |
|    n_updates            | 1870          |
|    policy_gradient_loss | -0.000172     |
|    value_loss           | 3.07          |
-------------------------------------------
  step  290058/500000 ( 58.0%)  mean_rew=-0.003
------------------------------------------
| time/                   |              |
|    fps                  | 388          |
|    iterations           | 74           |
|    time_elapsed         | 292          |
|    total_timesteps      | 290304       |
| train/                  |              |
|    approx_kl            | 6.972257e-05 |
|    clip_fraction        | 0.00124      |
|    clip_range           | 0.2          |
|    entropy_loss         | -0.00765     |
|    explained_variance   | -0.969       |
|    learning_rate        | 0.0003       |
|    loss                 | 0.0147       |
|    n_updates            | 1880         |
|    policy_gradient_loss | -0.000321    |
|    value_loss           | 0.0348       |
------------------------------------------
-------------------------------------------
| time/                   |               |
|    fps                  | 390           |
|    iterations           | 75            |
|    time_elapsed         | 295           |
|    total_timesteps      | 291840        |
| train/                  |               |
|    approx_kl            | 2.3283064e-10 |
|    clip_fraction        | 0             |
|    clip_range           | 0.2           |
|    entropy_loss         | -0.0053       |
|    explained_variance   | -0.663        |
|    learning_rate        | 0.0003        |
|    loss                 | 0.0148        |
|    n_updates            | 1890          |
|    policy_gradient_loss | -2.06e-06     |
|    value_loss           | 0.0261        |
-------------------------------------------
-------------------------------------------
| time/                   |               |
|    fps                  | 392           |
|    iterations           | 76            |
|    time_elapsed         | 297           |
|    total_timesteps      | 293376        |
| train/                  |               |
|    approx_kl            | 1.8626451e-09 |
|    clip_fraction        | 0             |
|    clip_range           | 0.2           |
|    entropy_loss         | -0.0051       |
|    explained_variance   | -0.761        |
|    learning_rate        | 0.0003        |
|    loss                 | 0.0112        |
|    n_updates            | 1900          |
|    policy_gradient_loss | -7.97e-06     |
|    value_loss           | 0.022         |
-------------------------------------------
-------------------------------------------
| time/                   |               |
|    fps                  | 394           |
|    iterations           | 77            |
|    time_elapsed         | 299           |
|    total_timesteps      | 294912        |
| train/                  |               |
|    approx_kl            | 7.7576646e-05 |
|    clip_fraction        | 0.00156       |
|    clip_range           | 0.2           |
|    entropy_loss         | -0.00457      |
|    explained_variance   | -0.605        |
|    learning_rate        | 0.0003        |
|    loss                 | 0.00944       |
|    n_updates            | 1910          |
|    policy_gradient_loss | -0.000128     |
|    value_loss           | 0.0174        |
-------------------------------------------
  step  295059/500000 ( 59.0%)  mean_rew=-0.003
-------------------------------------------
| time/                   |               |
|    fps                  | 396           |
|    iterations           | 78            |
|    time_elapsed         | 301           |
|    total_timesteps      | 296448        |
| train/                  |               |
|    approx_kl            | 3.8805106e-10 |
|    clip_fraction        | 0             |
|    clip_range           | 0.2           |
|    entropy_loss         | -0.00427      |
|    explained_variance   | -0.494        |
|    learning_rate        | 0.0003        |
|    loss                 | 0.00491       |
|    n_updates            | 1920          |
|    policy_gradient_loss | -7.32e-06     |
|    value_loss           | 0.0107        |
-------------------------------------------
-------------------------------------------
| time/                   |               |
|    fps                  | 398           |
|    iterations           | 79            |
|    time_elapsed         | 304           |
|    total_timesteps      | 297984        |
| train/                  |               |
|    approx_kl            | 4.2750267e-05 |
|    clip_fraction        | 0.000521      |
|    clip_range           | 0.2           |
|    entropy_loss         | -0.00403      |
|    explained_variance   | -0.199        |
|    learning_rate        | 0.0003        |
|    loss                 | 0.00467       |
|    n_updates            | 1930          |
|    policy_gradient_loss | 3.96e-05      |
|    value_loss           | 0.0107        |
-------------------------------------------
-------------------------------------------
| time/                   |               |
|    fps                  | 400           |
|    iterations           | 80            |
|    time_elapsed         | 306           |
|    total_timesteps      | 299520        |
| train/                  |               |
|    approx_kl            | 1.5522043e-10 |
|    clip_fraction        | 0             |
|    clip_range           | 0.2           |
|    entropy_loss         | -0.00388      |
|    explained_variance   | -0.274        |
|    learning_rate        | 0.0003        |
|    loss                 | 0.0059        |
|    n_updates            | 1940          |
|    policy_gradient_loss | -8.45e-06     |
|    value_loss           | 0.00987       |
-------------------------------------------
  step  300060/500000 ( 60.0%)  mean_rew=-0.003
---------------------------------------
| time/                   |           |
|    fps                  | 402       |
|    iterations           | 81        |
|    time_elapsed         | 308       |
|    total_timesteps      | 301056    |
| train/                  |           |
|    approx_kl            | 0.0       |
|    clip_fraction        | 0         |
|    clip_range           | 0.2       |
|    entropy_loss         | -0.00386  |
|    explained_variance   | -0.0499   |
|    learning_rate        | 0.0003    |
|    loss                 | 0.00285   |
|    n_updates            | 1950      |
|    policy_gradient_loss | -8.34e-07 |
|    value_loss           | 0.00647   |
---------------------------------------
-------------------------------------------
| time/                   |               |
|    fps                  | 404           |
|    iterations           | 82            |
|    time_elapsed         | 311           |
|    total_timesteps      | 302592        |
| train/                  |               |
|    approx_kl            | 2.3379378e-05 |
|    clip_fraction        | 0.00026       |
|    clip_range           | 0.2           |
|    entropy_loss         | -0.00353      |
|    explained_variance   | 0.0638        |
|    learning_rate        | 0.0003        |
|    loss                 | 0.00413       |
|    n_updates            | 1960          |
|    policy_gradient_loss | -2.11e-05     |
|    value_loss           | 0.00716       |
-------------------------------------------
  Stage 3 saved -> cologne3_ppo_stage3_75pct.zip

────────────────────────────────────────────────────────────
  Stage 4/4  100% demand  200000 steps  (cumulative -> 500000)
  Route: cologne3_rand_100pct.rou.xml
────────────────────────────────────────────────────────────
-------------------------------
| time/              |        |
|    fps             | 291    |
|    iterations      | 1      |
|    time_elapsed    | 5      |
|    total_timesteps | 304128 |
-------------------------------
  step  305061/500000 ( 61.0%)  mean_rew=-0.004
-------------------------------------------
| time/                   |               |
|    fps                  | 236           |
|    iterations           | 2             |
|    time_elapsed         | 12            |
|    total_timesteps      | 305664        |
| train/                  |               |
|    approx_kl            | 0.00080594484 |
|    clip_fraction        | 0.00579       |
|    clip_range           | 0.2           |
|    entropy_loss         | -0.0505       |
|    explained_variance   | 0.728         |
|    learning_rate        | 0.0003        |
|    loss                 | 0.279         |
|    n_updates            | 1980          |
|    policy_gradient_loss | -0.000237     |
|    value_loss           | 0.969         |
-------------------------------------------
-------------------------------------------
| time/                   |               |
|    fps                  | 195           |
|    iterations           | 3             |
|    time_elapsed         | 23            |
|    total_timesteps      | 307200        |
| train/                  |               |
|    approx_kl            | 0.00088910013 |
|    clip_fraction        | 0.00163       |
|    clip_range           | 0.2           |
|    entropy_loss         | -0.0196       |
|    explained_variance   | 0.852         |
|    learning_rate        | 0.0003        |
|    loss                 | 0.654         |
|    n_updates            | 1990          |
|    policy_gradient_loss | -0.00119      |
|    value_loss           | 3.23          |
-------------------------------------------
------------------------------------------
| time/                   |              |
|    fps                  | 197          |
|    iterations           | 4            |
|    time_elapsed         | 31           |
|    total_timesteps      | 308736       |
| train/                  |              |
|    approx_kl            | 0.0009358982 |
|    clip_fraction        | 0.0163       |
|    clip_range           | 0.2          |
|    entropy_loss         | -0.113       |
|    explained_variance   | 0.864        |
|    learning_rate        | 0.0003       |
|    loss                 | 1.48         |
|    n_updates            | 2000         |
|    policy_gradient_loss | 0.000147     |
|    value_loss           | 4.64         |
------------------------------------------
  step  310062/500000 ( 62.0%)  mean_rew=-0.051
------------------------------------------
| time/                   |              |
|    fps                  | 202          |
|    iterations           | 5            |
|    time_elapsed         | 37           |
|    total_timesteps      | 310272       |
| train/                  |              |
|    approx_kl            | 0.0010506323 |
|    clip_fraction        | 0.00573      |
|    clip_range           | 0.2          |
|    entropy_loss         | -0.0891      |
|    explained_variance   | 0.958        |
|    learning_rate        | 0.0003       |
|    loss                 | 0.292        |
|    n_updates            | 2010         |
|    policy_gradient_loss | -0.000195    |
|    value_loss           | 1.35         |
------------------------------------------
-------------------------------------------
| time/                   |               |
|    fps                  | 194           |
|    iterations           | 6             |
|    time_elapsed         | 47            |
|    total_timesteps      | 311808        |
| train/                  |               |
|    approx_kl            | 0.00041947167 |
|    clip_fraction        | 0.00553       |
|    clip_range           | 0.2           |
|    entropy_loss         | -0.043        |
|    explained_variance   | 0.891         |
|    learning_rate        | 0.0003        |
|    loss                 | 3.2           |
|    n_updates            | 2020          |
|    policy_gradient_loss | -0.00122      |
|    value_loss           | 6.29          |
-------------------------------------------
------------------------------------------
| time/                   |              |
|    fps                  | 174          |
|    iterations           | 7            |
|    time_elapsed         | 61           |
|    total_timesteps      | 313344       |
| train/                  |              |
|    approx_kl            | 0.0011522201 |
|    clip_fraction        | 0.00924      |
|    clip_range           | 0.2          |
|    entropy_loss         | -0.0956      |
|    explained_variance   | 0.889        |
|    learning_rate        | 0.0003       |
|    loss                 | 2.33         |
|    n_updates            | 2030         |
|    policy_gradient_loss | -0.000544    |
|    value_loss           | 7.4          |
------------------------------------------
-------------------------------------------
| time/                   |               |
|    fps                  | 182           |
|    iterations           | 8             |
|    time_elapsed         | 67            |
|    total_timesteps      | 314880        |
| train/                  |               |
|    approx_kl            | 0.00022420818 |
|    clip_fraction        | 0.00684       |
|    clip_range           | 0.2           |
|    entropy_loss         | -0.0957       |
|    explained_variance   | 0.952         |
|    learning_rate        | 0.0003        |
|    loss                 | 0.128         |
|    n_updates            | 2040          |
|    policy_gradient_loss | 0.000116      |
|    value_loss           | 1.09          |
-------------------------------------------
  step  315063/500000 ( 63.0%)  mean_rew=-0.325
-------------------------------------------
| time/                   |               |
|    fps                  | 183           |
|    iterations           | 9             |
|    time_elapsed         | 75            |
|    total_timesteps      | 316416        |
| train/                  |               |
|    approx_kl            | 0.00015728716 |
|    clip_fraction        | 0.00202       |
|    clip_range           | 0.2           |
|    entropy_loss         | -0.0699       |
|    explained_variance   | 0.866         |
|    learning_rate        | 0.0003        |
|    loss                 | 5.41          |
|    n_updates            | 2050          |
|    policy_gradient_loss | -0.000147     |
|    value_loss           | 8.26          |
-------------------------------------------
------------------------------------------
| time/                   |              |
|    fps                  | 180          |
|    iterations           | 10           |
|    time_elapsed         | 84           |
|    total_timesteps      | 317952       |
| train/                  |              |
|    approx_kl            | 0.0003309231 |
|    clip_fraction        | 0.0015       |
|    clip_range           | 0.2          |
|    entropy_loss         | -0.0466      |
|    explained_variance   | 0.899        |
|    learning_rate        | 0.0003       |
|    loss                 | 3.78         |
|    n_updates            | 2060         |
|    policy_gradient_loss | 0.000123     |
|    value_loss           | 8.88         |
------------------------------------------
-------------------------------------------
| time/                   |               |
|    fps                  | 178           |
|    iterations           | 11            |
|    time_elapsed         | 94            |
|    total_timesteps      | 319488        |
| train/                  |               |
|    approx_kl            | 0.00029257403 |
|    clip_fraction        | 0.00521       |
|    clip_range           | 0.2           |
|    entropy_loss         | -0.104        |
|    explained_variance   | 0.868         |
|    learning_rate        | 0.0003        |
|    loss                 | 3.88          |
|    n_updates            | 2070          |
|    policy_gradient_loss | -0.000185     |
|    value_loss           | 8.97          |
-------------------------------------------
  step  320064/500000 ( 64.0%)  mean_rew=-0.016
-------------------------------------------
| time/                   |               |
|    fps                  | 182           |
|    iterations           | 12            |
|    time_elapsed         | 101           |
|    total_timesteps      | 321024        |
| train/                  |               |
|    approx_kl            | 0.00072363764 |
|    clip_fraction        | 0.00326       |
|    clip_range           | 0.2           |
|    entropy_loss         | -0.1          |
|    explained_variance   | 0.98          |
|    learning_rate        | 0.0003        |
|    loss                 | 0.395         |
|    n_updates            | 2080          |
|    policy_gradient_loss | -5.83e-05     |
|    value_loss           | 1.23          |
-------------------------------------------
-------------------------------------------
| time/                   |               |
|    fps                  | 180           |
|    iterations           | 13            |
|    time_elapsed         | 110           |
|    total_timesteps      | 322560        |
| train/                  |               |
|    approx_kl            | 0.00014225724 |
|    clip_fraction        | 0.00228       |
|    clip_range           | 0.2           |
|    entropy_loss         | -0.0329       |
|    explained_variance   | 0.864         |
|    learning_rate        | 0.0003        |
|    loss                 | 7.9           |
|    n_updates            | 2090          |
|    policy_gradient_loss | -1.66e-05     |
|    value_loss           | 10.2          |
-------------------------------------------
-------------------------------------------
| time/                   |               |
|    fps                  | 174           |
|    iterations           | 14            |
|    time_elapsed         | 123           |
|    total_timesteps      | 324096        |
| train/                  |               |
|    approx_kl            | 0.00017443555 |
|    clip_fraction        | 0.00918       |
|    clip_range           | 0.2           |
|    entropy_loss         | -0.118        |
|    explained_variance   | 0.851         |
|    learning_rate        | 0.0003        |
|    loss                 | 1.65          |
|    n_updates            | 2100          |
|    policy_gradient_loss | -0.000832     |
|    value_loss           | 9.99          |
-------------------------------------------
  step  325065/500000 ( 65.0%)  mean_rew=-0.005
------------------------------------------
| time/                   |              |
|    fps                  | 179          |
|    iterations           | 15           |
|    time_elapsed         | 128          |
|    total_timesteps      | 325632       |
| train/                  |              |
|    approx_kl            | 0.0002786848 |
|    clip_fraction        | 0.00664      |
|    clip_range           | 0.2          |
|    entropy_loss         | -0.0999      |
|    explained_variance   | 0.947        |
|    learning_rate        | 0.0003       |
|    loss                 | 0.101        |
|    n_updates            | 2110         |
|    policy_gradient_loss | -0.000282    |
|    value_loss           | 0.515        |
------------------------------------------
-------------------------------------------
| time/                   |               |
|    fps                  | 180           |
|    iterations           | 16            |
|    time_elapsed         | 136           |
|    total_timesteps      | 327168        |
| train/                  |               |
|    approx_kl            | 0.00032609407 |
|    clip_fraction        | 0.00221       |
|    clip_range           | 0.2           |
|    entropy_loss         | -0.0478       |
|    explained_variance   | 0.758         |
|    learning_rate        | 0.0003        |
|    loss                 | 4.5           |
|    n_updates            | 2120          |
|    policy_gradient_loss | -0.000257     |
|    value_loss           | 9.85          |
-------------------------------------------
-------------------------------------------
| time/                   |               |
|    fps                  | 176           |
|    iterations           | 17            |
|    time_elapsed         | 147           |
|    total_timesteps      | 328704        |
| train/                  |               |
|    approx_kl            | 0.00017539777 |
|    clip_fraction        | 0.0028        |
|    clip_range           | 0.2           |
|    entropy_loss         | -0.0626       |
|    explained_variance   | 0.85          |
|    learning_rate        | 0.0003        |
|    loss                 | 3.28          |
|    n_updates            | 2130          |
|    policy_gradient_loss | -0.000116     |
|    value_loss           | 9.12          |
-------------------------------------------
  step  330066/500000 ( 66.0%)  mean_rew=-0.309
------------------------------------------
| time/                   |              |
|    fps                  | 178          |
|    iterations           | 18           |
|    time_elapsed         | 154          |
|    total_timesteps      | 330240       |
| train/                  |              |
|    approx_kl            | 0.0005838509 |
|    clip_fraction        | 0.0056       |
|    clip_range           | 0.2          |
|    entropy_loss         | -0.0635      |
|    explained_variance   | 0.793        |
|    learning_rate        | 0.0003       |
|    loss                 | 1.81         |
|    n_updates            | 2140         |
|    policy_gradient_loss | -0.000374    |
|    value_loss           | 8.99         |
------------------------------------------
------------------------------------------
| time/                   |              |
|    fps                  | 181          |
|    iterations           | 19           |
|    time_elapsed         | 161          |
|    total_timesteps      | 331776       |
| train/                  |              |
|    approx_kl            | 0.0017722865 |
|    clip_fraction        | 0.0208       |
|    clip_range           | 0.2          |
|    entropy_loss         | -0.0831      |
|    explained_variance   | 0.965        |
|    learning_rate        | 0.0003       |
|    loss                 | 1.69         |
|    n_updates            | 2150         |
|    policy_gradient_loss | -0.000387    |
|    value_loss           | 1.89         |
------------------------------------------
-------------------------------------------
| time/                   |               |
|    fps                  | 180           |
|    iterations           | 20            |
|    time_elapsed         | 170           |
|    total_timesteps      | 333312        |
| train/                  |               |
|    approx_kl            | 4.2134585e-07 |
|    clip_fraction        | 0             |
|    clip_range           | 0.2           |
|    entropy_loss         | -0.0305       |
|    explained_variance   | 0.86          |
|    learning_rate        | 0.0003        |
|    loss                 | 7.86          |
|    n_updates            | 2160          |
|    policy_gradient_loss | 2.41e-05      |
|    value_loss           | 10.8          |
-------------------------------------------
-------------------------------------------
| time/                   |               |
|    fps                  | 180           |
|    iterations           | 21            |
|    time_elapsed         | 178           |
|    total_timesteps      | 334848        |
| train/                  |               |
|    approx_kl            | 0.00049829285 |
|    clip_fraction        | 0.000651      |
|    clip_range           | 0.2           |
|    entropy_loss         | -0.0838       |
|    explained_variance   | 0.88          |
|    learning_rate        | 0.0003        |
|    loss                 | 8.2           |
|    n_updates            | 2170          |
|    policy_gradient_loss | -1.72e-05     |
|    value_loss           | 10.1          |
-------------------------------------------
  step  335067/500000 ( 67.0%)  mean_rew=-0.210
-----------------------------------------
| time/                   |             |
|    fps                  | 181         |
|    iterations           | 22          |
|    time_elapsed         | 185         |
|    total_timesteps      | 336384      |
| train/                  |             |
|    approx_kl            | 0.001563653 |
|    clip_fraction        | 0.0192      |
|    clip_range           | 0.2         |
|    entropy_loss         | -0.0929     |
|    explained_variance   | 0.98        |
|    learning_rate        | 0.0003      |
|    loss                 | 0.735       |
|    n_updates            | 2180        |
|    policy_gradient_loss | -0.000185   |
|    value_loss           | 1.41        |
-----------------------------------------
-------------------------------------------
| time/                   |               |
|    fps                  | 181           |
|    iterations           | 23            |
|    time_elapsed         | 194           |
|    total_timesteps      | 337920        |
| train/                  |               |
|    approx_kl            | 0.00011106724 |
|    clip_fraction        | 0.00176       |
|    clip_range           | 0.2           |
|    entropy_loss         | -0.0683       |
|    explained_variance   | 0.872         |
|    learning_rate        | 0.0003        |
|    loss                 | 1.83          |
|    n_updates            | 2190          |
|    policy_gradient_loss | -8.74e-05     |
|    value_loss           | 11.7          |
-------------------------------------------
------------------------------------------
| time/                   |              |
|    fps                  | 180          |
|    iterations           | 24           |
|    time_elapsed         | 203          |
|    total_timesteps      | 339456       |
| train/                  |              |
|    approx_kl            | 9.347033e-05 |
|    clip_fraction        | 0.00228      |
|    clip_range           | 0.2          |
|    entropy_loss         | -0.0262      |
|    explained_variance   | 0.899        |
|    learning_rate        | 0.0003       |
|    loss                 | 5.93         |
|    n_updates            | 2200         |
|    policy_gradient_loss | -0.000208    |
|    value_loss           | 10.8         |
------------------------------------------
  step  340068/500000 ( 68.0%)  mean_rew=-0.100
-------------------------------------------
| time/                   |               |
|    fps                  | 180           |
|    iterations           | 25            |
|    time_elapsed         | 212           |
|    total_timesteps      | 340992        |
| train/                  |               |
|    approx_kl            | 0.00020240631 |
|    clip_fraction        | 0.00417       |
|    clip_range           | 0.2           |
|    entropy_loss         | -0.0867       |
|    explained_variance   | 0.855         |
|    learning_rate        | 0.0003        |
|    loss                 | 3.99          |
|    n_updates            | 2210          |
|    policy_gradient_loss | -0.000262     |
|    value_loss           | 10.5          |
-------------------------------------------
-------------------------------------------
| time/                   |               |
|    fps                  | 181           |
|    iterations           | 26            |
|    time_elapsed         | 219           |
|    total_timesteps      | 342528        |
| train/                  |               |
|    approx_kl            | 0.00024377608 |
|    clip_fraction        | 0.00104       |
|    clip_range           | 0.2           |
|    entropy_loss         | -0.0601       |
|    explained_variance   | 0.98          |
|    learning_rate        | 0.0003        |
|    loss                 | 0.846         |
|    n_updates            | 2220          |
|    policy_gradient_loss | -0.000115     |
|    value_loss           | 1.59          |
-------------------------------------------
------------------------------------------
| time/                   |              |
|    fps                  | 181          |
|    iterations           | 27           |
|    time_elapsed         | 228          |
|    total_timesteps      | 344064       |
| train/                  |              |
|    approx_kl            | 3.174611e-05 |
|    clip_fraction        | 0.000391     |
|    clip_range           | 0.2          |
|    entropy_loss         | -0.0256      |
|    explained_variance   | 0.876        |
|    learning_rate        | 0.0003       |
|    loss                 | 9.24         |
|    n_updates            | 2230         |
|    policy_gradient_loss | -5.83e-05    |
|    value_loss           | 11.5         |
------------------------------------------
  step  345069/500000 ( 69.0%)  mean_rew=-0.335
-------------------------------------------
| time/                   |               |
|    fps                  | 179           |
|    iterations           | 28            |
|    time_elapsed         | 240           |
|    total_timesteps      | 345600        |
| train/                  |               |
|    approx_kl            | 0.00097536127 |
|    clip_fraction        | 0.0128        |
|    clip_range           | 0.2           |
|    entropy_loss         | -0.0726       |
|    explained_variance   | 0.882         |
|    learning_rate        | 0.0003        |
|    loss                 | 6.95          |
|    n_updates            | 2240          |
|    policy_gradient_loss | -0.000602     |
|    value_loss           | 10.7          |
-------------------------------------------
-------------------------------------------
| time/                   |               |
|    fps                  | 181           |
|    iterations           | 29            |
|    time_elapsed         | 245           |
|    total_timesteps      | 347136        |
| train/                  |               |
|    approx_kl            | 0.00016193755 |
|    clip_fraction        | 0.00378       |
|    clip_range           | 0.2           |
|    entropy_loss         | -0.0624       |
|    explained_variance   | 0.976         |
|    learning_rate        | 0.0003        |
|    loss                 | 0.229         |
|    n_updates            | 2250          |
|    policy_gradient_loss | -9.43e-05     |
|    value_loss           | 0.672         |
-------------------------------------------
-------------------------------------------
| time/                   |               |
|    fps                  | 182           |
|    iterations           | 30            |
|    time_elapsed         | 253           |
|    total_timesteps      | 348672        |
| train/                  |               |
|    approx_kl            | 0.00077596446 |
|    clip_fraction        | 0.00977       |
|    clip_range           | 0.2           |
|    entropy_loss         | -0.0302       |
|    explained_variance   | 0.777         |
|    learning_rate        | 0.0003        |
|    loss                 | 5.62          |
|    n_updates            | 2260          |
|    policy_gradient_loss | -0.000543     |
|    value_loss           | 10.7          |
-------------------------------------------
  step  350070/500000 ( 70.0%)  mean_rew=-0.334
------------------------------------------
| time/                   |              |
|    fps                  | 181          |
|    iterations           | 31           |
|    time_elapsed         | 262          |
|    total_timesteps      | 350208       |
| train/                  |              |
|    approx_kl            | 9.889303e-05 |
|    clip_fraction        | 0.00234      |
|    clip_range           | 0.2          |
|    entropy_loss         | -0.0358      |
|    explained_variance   | 0.876        |
|    learning_rate        | 0.0003       |
|    loss                 | 1.67         |
|    n_updates            | 2270         |
|    policy_gradient_loss | -6.35e-06    |
|    value_loss           | 9.59         |
------------------------------------------
------------------------------------------
| time/                   |              |
|    fps                  | 183          |
|    iterations           | 32           |
|    time_elapsed         | 268          |
|    total_timesteps      | 351744       |
| train/                  |              |
|    approx_kl            | 0.0004144887 |
|    clip_fraction        | 0.00469      |
|    clip_range           | 0.2          |
|    entropy_loss         | -0.0653      |
|    explained_variance   | 0.833        |
|    learning_rate        | 0.0003       |
|    loss                 | 3.57         |
|    n_updates            | 2280         |
|    policy_gradient_loss | -0.000216    |
|    value_loss           | 9.87         |
------------------------------------------
-----------------------------------------
| time/                   |             |
|    fps                  | 183         |
|    iterations           | 33          |
|    time_elapsed         | 276         |
|    total_timesteps      | 353280      |
| train/                  |             |
|    approx_kl            | 0.000843089 |
|    clip_fraction        | 0.0156      |
|    clip_range           | 0.2         |
|    entropy_loss         | -0.0616     |
|    explained_variance   | 0.965       |
|    learning_rate        | 0.0003      |
|    loss                 | 1.21        |
|    n_updates            | 2290        |
|    policy_gradient_loss | -0.000102   |
|    value_loss           | 1.99        |
-----------------------------------------
------------------------------------------
| time/                   |              |
|    fps                  | 181          |
|    iterations           | 34           |
|    time_elapsed         | 287          |
|    total_timesteps      | 354816       |
| train/                  |              |
|    approx_kl            | 0.0002611331 |
|    clip_fraction        | 0.00482      |
|    clip_range           | 0.2          |
|    entropy_loss         | -0.0424      |
|    explained_variance   | 0.867        |
|    learning_rate        | 0.0003       |
|    loss                 | 2.38         |
|    n_updates            | 2300         |
|    policy_gradient_loss | -0.000199    |
|    value_loss           | 11           |
------------------------------------------
  step  355071/500000 ( 71.0%)  mean_rew=-0.006
-------------------------------------------
| time/                   |               |
|    fps                  | 181           |
|    iterations           | 35            |
|    time_elapsed         | 295           |
|    total_timesteps      | 356352        |
| train/                  |               |
|    approx_kl            | 2.8907089e-06 |
|    clip_fraction        | 0             |
|    clip_range           | 0.2           |
|    entropy_loss         | -0.0218       |
|    explained_variance   | 0.88          |
|    learning_rate        | 0.0003        |
|    loss                 | 3.21          |
|    n_updates            | 2310          |
|    policy_gradient_loss | -1.61e-06     |
|    value_loss           | 10.4          |
-------------------------------------------
------------------------------------------
| time/                   |              |
|    fps                  | 183          |
|    iterations           | 36           |
|    time_elapsed         | 301          |
|    total_timesteps      | 357888       |
| train/                  |              |
|    approx_kl            | 0.0009684104 |
|    clip_fraction        | 0.0143       |
|    clip_range           | 0.2          |
|    entropy_loss         | -0.0723      |
|    explained_variance   | 0.974        |
|    learning_rate        | 0.0003       |
|    loss                 | 1.51         |
|    n_updates            | 2320         |
|    policy_gradient_loss | -8.26e-05    |
|    value_loss           | 2.18         |
------------------------------------------
-------------------------------------------
| time/                   |               |
|    fps                  | 183           |
|    iterations           | 37            |
|    time_elapsed         | 309           |
|    total_timesteps      | 359424        |
| train/                  |               |
|    approx_kl            | 0.00080606254 |
|    clip_fraction        | 0.00977       |
|    clip_range           | 0.2           |
|    entropy_loss         | -0.0279       |
|    explained_variance   | 0.827         |
|    learning_rate        | 0.0003        |
|    loss                 | 6.5           |
|    n_updates            | 2330          |
|    policy_gradient_loss | -0.000566     |
|    value_loss           | 11.6          |
-------------------------------------------
  step  360072/500000 ( 72.0%)  mean_rew=-0.227
-------------------------------------------
| time/                   |               |
|    fps                  | 182           |
|    iterations           | 38            |
|    time_elapsed         | 319           |
|    total_timesteps      | 360960        |
| train/                  |               |
|    approx_kl            | 0.00048191042 |
|    clip_fraction        | 0.0113        |
|    clip_range           | 0.2           |
|    entropy_loss         | -0.0509       |
|    explained_variance   | 0.897         |
|    learning_rate        | 0.0003        |
|    loss                 | 2.87          |
|    n_updates            | 2340          |
|    policy_gradient_loss | -0.001        |
|    value_loss           | 10.3          |
-------------------------------------------
-------------------------------------------
| time/                   |               |
|    fps                  | 184           |
|    iterations           | 39            |
|    time_elapsed         | 324           |
|    total_timesteps      | 362496        |
| train/                  |               |
|    approx_kl            | 0.00070710434 |
|    clip_fraction        | 0.0056        |
|    clip_range           | 0.2           |
|    entropy_loss         | -0.0651       |
|    explained_variance   | 0.849         |
|    learning_rate        | 0.0003        |
|    loss                 | 6.33          |
|    n_updates            | 2350          |
|    policy_gradient_loss | -0.000171     |
|    value_loss           | 10.6          |
-------------------------------------------
------------------------------------------
| time/                   |              |
|    fps                  | 185          |
|    iterations           | 40           |
|    time_elapsed         | 331          |
|    total_timesteps      | 364032       |
| train/                  |              |
|    approx_kl            | 0.0013901377 |
|    clip_fraction        | 0.00931      |
|    clip_range           | 0.2          |
|    entropy_loss         | -0.0594      |
|    explained_variance   | 0.967        |
|    learning_rate        | 0.0003       |
|    loss                 | 1.47         |
|    n_updates            | 2360         |
|    policy_gradient_loss | -2.31e-05    |
|    value_loss           | 2.43         |
------------------------------------------
  step  365073/500000 ( 73.0%)  mean_rew=-0.332
------------------------------------------
| time/                   |              |
|    fps                  | 184          |
|    iterations           | 41           |
|    time_elapsed         | 340          |
|    total_timesteps      | 365568       |
| train/                  |              |
|    approx_kl            | 9.909354e-05 |
|    clip_fraction        | 0.000651     |
|    clip_range           | 0.2          |
|    entropy_loss         | -0.0165      |
|    explained_variance   | 0.887        |
|    learning_rate        | 0.0003       |
|    loss                 | 14.3         |
|    n_updates            | 2370         |
|    policy_gradient_loss | -6.66e-05    |
|    value_loss           | 11.7         |
------------------------------------------
------------------------------------------
| time/                   |              |
|    fps                  | 185          |
|    iterations           | 42           |
|    time_elapsed         | 347          |
|    total_timesteps      | 367104       |
| train/                  |              |
|    approx_kl            | 0.0034578072 |
|    clip_fraction        | 0.0247       |
|    clip_range           | 0.2          |
|    entropy_loss         | -0.0709      |
|    explained_variance   | 0.878        |
|    learning_rate        | 0.0003       |
|    loss                 | 5.53         |
|    n_updates            | 2380         |
|    policy_gradient_loss | -0.000479    |
|    value_loss           | 10.9         |
------------------------------------------
-----------------------------------------
| time/                   |             |
|    fps                  | 186         |
|    iterations           | 43          |
|    time_elapsed         | 353         |
|    total_timesteps      | 368640      |
| train/                  |             |
|    approx_kl            | 0.006330518 |
|    clip_fraction        | 0.0118      |
|    clip_range           | 0.2         |
|    entropy_loss         | -0.0781     |
|    explained_variance   | 0.971       |
|    learning_rate        | 0.0003      |
|    loss                 | 0.765       |
|    n_updates            | 2390        |
|    policy_gradient_loss | -0.000197   |
|    value_loss           | 2.6         |
-----------------------------------------
  step  370074/500000 ( 74.0%)  mean_rew=-0.007
------------------------------------------
| time/                   |              |
|    fps                  | 186          |
|    iterations           | 44           |
|    time_elapsed         | 361          |
|    total_timesteps      | 370176       |
| train/                  |              |
|    approx_kl            | 0.0020368996 |
|    clip_fraction        | 0.0159       |
|    clip_range           | 0.2          |
|    entropy_loss         | -0.0325      |
|    explained_variance   | 0.855        |
|    learning_rate        | 0.0003       |
|    loss                 | 4.52         |
|    n_updates            | 2400         |
|    policy_gradient_loss | -0.000504    |
|    value_loss           | 11.9         |
------------------------------------------
------------------------------------------
| time/                   |              |
|    fps                  | 186          |
|    iterations           | 45           |
|    time_elapsed         | 371          |
|    total_timesteps      | 371712       |
| train/                  |              |
|    approx_kl            | 0.0070086606 |
|    clip_fraction        | 0.0315       |
|    clip_range           | 0.2          |
|    entropy_loss         | -0.0883      |
|    explained_variance   | 0.903        |
|    learning_rate        | 0.0003       |
|    loss                 | 3.25         |
|    n_updates            | 2410         |
|    policy_gradient_loss | -0.00122     |
|    value_loss           | 10.7         |
------------------------------------------
-----------------------------------------
| time/                   |             |
|    fps                  | 187         |
|    iterations           | 46          |
|    time_elapsed         | 376         |
|    total_timesteps      | 373248      |
| train/                  |             |
|    approx_kl            | 0.000486142 |
|    clip_fraction        | 0.015       |
|    clip_range           | 0.2         |
|    entropy_loss         | -0.124      |
|    explained_variance   | 0.853       |
|    learning_rate        | 0.0003      |
|    loss                 | 3.96        |
|    n_updates            | 2420        |
|    policy_gradient_loss | -0.000175   |
|    value_loss           | 11          |
-----------------------------------------
------------------------------------------
| time/                   |              |
|    fps                  | 188          |
|    iterations           | 47           |
|    time_elapsed         | 383          |
|    total_timesteps      | 374784       |
| train/                  |              |
|    approx_kl            | 0.0005192713 |
|    clip_fraction        | 0.0144       |
|    clip_range           | 0.2          |
|    entropy_loss         | -0.0765      |
|    explained_variance   | 0.968        |
|    learning_rate        | 0.0003       |
|    loss                 | 2.81         |
|    n_updates            | 2430         |
|    policy_gradient_loss | -5.64e-06    |
|    value_loss           | 2.57         |
------------------------------------------
  step  375075/500000 ( 75.0%)  mean_rew=-0.164
-------------------------------------------
| time/                   |               |
|    fps                  | 187           |
|    iterations           | 48            |
|    time_elapsed         | 393           |
|    total_timesteps      | 376320        |
| train/                  |               |
|    approx_kl            | 0.00093106966 |
|    clip_fraction        | 0.00618       |
|    clip_range           | 0.2           |
|    entropy_loss         | -0.0696       |
|    explained_variance   | 0.892         |
|    learning_rate        | 0.0003        |
|    loss                 | 2.64          |
|    n_updates            | 2440          |
|    policy_gradient_loss | 0.000401      |
|    value_loss           | 12.1          |
-------------------------------------------
------------------------------------------
| time/                   |              |
|    fps                  | 188          |
|    iterations           | 49           |
|    time_elapsed         | 399          |
|    total_timesteps      | 377856       |
| train/                  |              |
|    approx_kl            | 0.0005767971 |
|    clip_fraction        | 0.0174       |
|    clip_range           | 0.2          |
|    entropy_loss         | -0.131       |
|    explained_variance   | 0.874        |
|    learning_rate        | 0.0003       |
|    loss                 | 1.49         |
|    n_updates            | 2450         |
|    policy_gradient_loss | 0.000218     |
|    value_loss           | 11           |
------------------------------------------
------------------------------------------
| time/                   |              |
|    fps                  | 189          |
|    iterations           | 50           |
|    time_elapsed         | 405          |
|    total_timesteps      | 379392       |
| train/                  |              |
|    approx_kl            | 0.0017887083 |
|    clip_fraction        | 0.00801      |
|    clip_range           | 0.2          |
|    entropy_loss         | -0.105       |
|    explained_variance   | 0.974        |
|    learning_rate        | 0.0003       |
|    loss                 | 0.741        |
|    n_updates            | 2460         |
|    policy_gradient_loss | -0.000105    |
|    value_loss           | 2.31         |
------------------------------------------
  step  380076/500000 ( 76.0%)  mean_rew=-0.334
-----------------------------------------
| time/                   |             |
|    fps                  | 188         |
|    iterations           | 51          |
|    time_elapsed         | 414         |
|    total_timesteps      | 380928      |
| train/                  |             |
|    approx_kl            | 0.000542242 |
|    clip_fraction        | 0.00762     |
|    clip_range           | 0.2         |
|    entropy_loss         | -0.0404     |
|    explained_variance   | 0.858       |
|    learning_rate        | 0.0003      |
|    loss                 | 4.4         |
|    n_updates            | 2470        |
|    policy_gradient_loss | -4.51e-05   |
|    value_loss           | 12.2        |
-----------------------------------------
------------------------------------------
| time/                   |              |
|    fps                  | 188          |
|    iterations           | 52           |
|    time_elapsed         | 424          |
|    total_timesteps      | 382464       |
| train/                  |              |
|    approx_kl            | 0.0030183336 |
|    clip_fraction        | 0.0147       |
|    clip_range           | 0.2          |
|    entropy_loss         | -0.111       |
|    explained_variance   | 0.9          |
|    learning_rate        | 0.0003       |
|    loss                 | 4.24         |
|    n_updates            | 2480         |
|    policy_gradient_loss | 0.000589     |
|    value_loss           | 10.8         |
------------------------------------------
-------------------------------------------
| time/                   |               |
|    fps                  | 189           |
|    iterations           | 53            |
|    time_elapsed         | 429           |
|    total_timesteps      | 384000        |
| train/                  |               |
|    approx_kl            | 0.00069339183 |
|    clip_fraction        | 0.00339       |
|    clip_range           | 0.2           |
|    entropy_loss         | -0.0978       |
|    explained_variance   | 0.981         |
|    learning_rate        | 0.0003        |
|    loss                 | 0.312         |
|    n_updates            | 2490          |
|    policy_gradient_loss | -0.000136     |
|    value_loss           | 1.54          |
-------------------------------------------
  step  385077/500000 ( 77.0%)  mean_rew=-0.004
-------------------------------------------
| time/                   |               |
|    fps                  | 189           |
|    iterations           | 54            |
|    time_elapsed         | 436           |
|    total_timesteps      | 385536        |
| train/                  |               |
|    approx_kl            | 0.00079149165 |
|    clip_fraction        | 0.00781       |
|    clip_range           | 0.2           |
|    entropy_loss         | -0.0628       |
|    explained_variance   | 0.867         |
|    learning_rate        | 0.0003        |
|    loss                 | 3.8           |
|    n_updates            | 2500          |
|    policy_gradient_loss | -0.000414     |
|    value_loss           | 11.6          |
-------------------------------------------
-------------------------------------------
| time/                   |               |
|    fps                  | 189           |
|    iterations           | 55            |
|    time_elapsed         | 445           |
|    total_timesteps      | 387072        |
| train/                  |               |
|    approx_kl            | 0.00014419942 |
|    clip_fraction        | 0.00267       |
|    clip_range           | 0.2           |
|    entropy_loss         | -0.0262       |
|    explained_variance   | 0.899         |
|    learning_rate        | 0.0003        |
|    loss                 | 5.86          |
|    n_updates            | 2510          |
|    policy_gradient_loss | -0.000213     |
|    value_loss           | 11            |
-------------------------------------------
-------------------------------------------
| time/                   |               |
|    fps                  | 189           |
|    iterations           | 56            |
|    time_elapsed         | 454           |
|    total_timesteps      | 388608        |
| train/                  |               |
|    approx_kl            | 0.00024931913 |
|    clip_fraction        | 0.0235        |
|    clip_range           | 0.2           |
|    entropy_loss         | -0.0936       |
|    explained_variance   | 0.873         |
|    learning_rate        | 0.0003        |
|    loss                 | 4.87          |
|    n_updates            | 2520          |
|    policy_gradient_loss | 0.000145      |
|    value_loss           | 11.2          |
-------------------------------------------
  step  390078/500000 ( 78.0%)  mean_rew=-0.096
-------------------------------------------
| time/                   |               |
|    fps                  | 189           |
|    iterations           | 57            |
|    time_elapsed         | 461           |
|    total_timesteps      | 390144        |
| train/                  |               |
|    approx_kl            | 0.00021606265 |
|    clip_fraction        | 0.00247       |
|    clip_range           | 0.2           |
|    entropy_loss         | -0.0778       |
|    explained_variance   | 0.981         |
|    learning_rate        | 0.0003        |
|    loss                 | 0.338         |
|    n_updates            | 2530          |
|    policy_gradient_loss | 0.000303      |
|    value_loss           | 1.3           |
-------------------------------------------
------------------------------------------
| time/                   |              |
|    fps                  | 189          |
|    iterations           | 58           |
|    time_elapsed         | 470          |
|    total_timesteps      | 391680       |
| train/                  |              |
|    approx_kl            | 6.449126e-05 |
|    clip_fraction        | 0.00117      |
|    clip_range           | 0.2          |
|    entropy_loss         | -0.0261      |
|    explained_variance   | 0.855        |
|    learning_rate        | 0.0003       |
|    loss                 | 6.93         |
|    n_updates            | 2540         |
|    policy_gradient_loss | -0.000216    |
|    value_loss           | 11.6         |
------------------------------------------
------------------------------------------
| time/                   |              |
|    fps                  | 189          |
|    iterations           | 59           |
|    time_elapsed         | 479          |
|    total_timesteps      | 393216       |
| train/                  |              |
|    approx_kl            | 0.0007269072 |
|    clip_fraction        | 0.00638      |
|    clip_range           | 0.2          |
|    entropy_loss         | -0.0702      |
|    explained_variance   | 0.894        |
|    learning_rate        | 0.0003       |
|    loss                 | 4.93         |
|    n_updates            | 2550         |
|    policy_gradient_loss | 4.43e-05     |
|    value_loss           | 10.1         |
------------------------------------------
------------------------------------------
| time/                   |              |
|    fps                  | 190          |
|    iterations           | 60           |
|    time_elapsed         | 484          |
|    total_timesteps      | 394752       |
| train/                  |              |
|    approx_kl            | 0.0007619302 |
|    clip_fraction        | 0.00638      |
|    clip_range           | 0.2          |
|    entropy_loss         | -0.0798      |
|    explained_variance   | 0.979        |
|    learning_rate        | 0.0003       |
|    loss                 | 0.847        |
|    n_updates            | 2560         |
|    policy_gradient_loss | -4.96e-05    |
|    value_loss           | 1.6          |
------------------------------------------
  step  395079/500000 ( 79.0%)  mean_rew=-0.329
------------------------------------------
| time/                   |              |
|    fps                  | 189          |
|    iterations           | 61           |
|    time_elapsed         | 493          |
|    total_timesteps      | 396288       |
| train/                  |              |
|    approx_kl            | 0.0007903919 |
|    clip_fraction        | 0.0117       |
|    clip_range           | 0.2          |
|    entropy_loss         | -0.0645      |
|    explained_variance   | 0.849        |
|    learning_rate        | 0.0003       |
|    loss                 | 4.41         |
|    n_updates            | 2570         |
|    policy_gradient_loss | -0.000309    |
|    value_loss           | 11.5         |
------------------------------------------
-------------------------------------------
| time/                   |               |
|    fps                  | 188           |
|    iterations           | 62            |
|    time_elapsed         | 505           |
|    total_timesteps      | 397824        |
| train/                  |               |
|    approx_kl            | 0.00065648946 |
|    clip_fraction        | 0.00586       |
|    clip_range           | 0.2           |
|    entropy_loss         | -0.0522       |
|    explained_variance   | 0.878         |
|    learning_rate        | 0.0003        |
|    loss                 | 1.9           |
|    n_updates            | 2580          |
|    policy_gradient_loss | -0.000298     |
|    value_loss           | 10.5          |
-------------------------------------------
-------------------------------------------
| time/                   |               |
|    fps                  | 187           |
|    iterations           | 63            |
|    time_elapsed         | 516           |
|    total_timesteps      | 399360        |
| train/                  |               |
|    approx_kl            | 0.00023874878 |
|    clip_fraction        | 0.000781      |
|    clip_range           | 0.2           |
|    entropy_loss         | -0.0457       |
|    explained_variance   | 0.841         |
|    learning_rate        | 0.0003        |
|    loss                 | 1.71          |
|    n_updates            | 2590          |
|    policy_gradient_loss | -7.17e-05     |
|    value_loss           | 9.9           |
-------------------------------------------
  step  400080/500000 ( 80.0%)  mean_rew=-0.005
------------------------------------------
| time/                   |              |
|    fps                  | 187          |
|    iterations           | 64           |
|    time_elapsed         | 525          |
|    total_timesteps      | 400896       |
| train/                  |              |
|    approx_kl            | 0.0002253768 |
|    clip_fraction        | 0.000651     |
|    clip_range           | 0.2          |
|    entropy_loss         | -0.0636      |
|    explained_variance   | 0.961        |
|    learning_rate        | 0.0003       |
|    loss                 | 0.778        |
|    n_updates            | 2600         |
|    policy_gradient_loss | -4.79e-05    |
|    value_loss           | 1.57         |
------------------------------------------
-------------------------------------------
| time/                   |               |
|    fps                  | 186           |
|    iterations           | 65            |
|    time_elapsed         | 536           |
|    total_timesteps      | 402432        |
| train/                  |               |
|    approx_kl            | 0.00045933537 |
|    clip_fraction        | 0.0151        |
|    clip_range           | 0.2           |
|    entropy_loss         | -0.0604       |
|    explained_variance   | 0.846         |
|    learning_rate        | 0.0003        |
|    loss                 | 4.89          |
|    n_updates            | 2610          |
|    policy_gradient_loss | -0.000309     |
|    value_loss           | 11.7          |
-------------------------------------------
------------------------------------------
| time/                   |              |
|    fps                  | 185          |
|    iterations           | 66           |
|    time_elapsed         | 545          |
|    total_timesteps      | 403968       |
| train/                  |              |
|    approx_kl            | 9.135572e-05 |
|    clip_fraction        | 0.000911     |
|    clip_range           | 0.2          |
|    entropy_loss         | -0.0122      |
|    explained_variance   | 0.879        |
|    learning_rate        | 0.0003       |
|    loss                 | 5.11         |
|    n_updates            | 2620         |
|    policy_gradient_loss | -8.46e-05    |
|    value_loss           | 11.2         |
------------------------------------------
  step  405081/500000 ( 81.0%)  mean_rew=-0.043
-----------------------------------------
| time/                   |             |
|    fps                  | 186         |
|    iterations           | 67          |
|    time_elapsed         | 551         |
|    total_timesteps      | 405504      |
| train/                  |             |
|    approx_kl            | 8.29841e-05 |
|    clip_fraction        | 0.00124     |
|    clip_range           | 0.2         |
|    entropy_loss         | -0.0597     |
|    explained_variance   | 0.979       |
|    learning_rate        | 0.0003      |
|    loss                 | 0.388       |
|    n_updates            | 2630        |
|    policy_gradient_loss | -2.52e-06   |
|    value_loss           | 1.54        |
-----------------------------------------
-------------------------------------------
| time/                   |               |
|    fps                  | 186           |
|    iterations           | 68            |
|    time_elapsed         | 558           |
|    total_timesteps      | 407040        |
| train/                  |               |
|    approx_kl            | 0.00020539039 |
|    clip_fraction        | 0.00365       |
|    clip_range           | 0.2           |
|    entropy_loss         | -0.0483       |
|    explained_variance   | 0.837         |
|    learning_rate        | 0.0003        |
|    loss                 | 6.27          |
|    n_updates            | 2640          |
|    policy_gradient_loss | -2.76e-06     |
|    value_loss           | 11.7          |
-------------------------------------------
-------------------------------------------
| time/                   |               |
|    fps                  | 186           |
|    iterations           | 69            |
|    time_elapsed         | 568           |
|    total_timesteps      | 408576        |
| train/                  |               |
|    approx_kl            | 0.00012488582 |
|    clip_fraction        | 0.00293       |
|    clip_range           | 0.2           |
|    entropy_loss         | -0.0166       |
|    explained_variance   | 0.892         |
|    learning_rate        | 0.0003        |
|    loss                 | 1.81          |
|    n_updates            | 2650          |
|    policy_gradient_loss | -0.000243     |
|    value_loss           | 10.4          |
-------------------------------------------
  step  410082/500000 ( 82.0%)  mean_rew=-0.326
-------------------------------------------
| time/                   |               |
|    fps                  | 187           |
|    iterations           | 70            |
|    time_elapsed         | 574           |
|    total_timesteps      | 410112        |
| train/                  |               |
|    approx_kl            | 0.00031287633 |
|    clip_fraction        | 0.00169       |
|    clip_range           | 0.2           |
|    entropy_loss         | -0.0578       |
|    explained_variance   | 0.85          |
|    learning_rate        | 0.0003        |
|    loss                 | 5.65          |
|    n_updates            | 2660          |
|    policy_gradient_loss | -0.000107     |
|    value_loss           | 10.2          |
-------------------------------------------
----------------------------------------
| time/                   |            |
|    fps                  | 187        |
|    iterations           | 71         |
|    time_elapsed         | 581        |
|    total_timesteps      | 411648     |
| train/                  |            |
|    approx_kl            | 0.02229198 |
|    clip_fraction        | 0.0419     |
|    clip_range           | 0.2        |
|    entropy_loss         | -0.0659    |
|    explained_variance   | 0.969      |
|    learning_rate        | 0.0003     |
|    loss                 | 0.821      |
|    n_updates            | 2670       |
|    policy_gradient_loss | -0.00085   |
|    value_loss           | 2.3        |
----------------------------------------
------------------------------------------
| time/                   |              |
|    fps                  | 187          |
|    iterations           | 72           |
|    time_elapsed         | 590          |
|    total_timesteps      | 413184       |
| train/                  |              |
|    approx_kl            | 9.836749e-05 |
|    clip_fraction        | 0.00293      |
|    clip_range           | 0.2          |
|    entropy_loss         | -0.0224      |
|    explained_variance   | 0.878        |
|    learning_rate        | 0.0003       |
|    loss                 | 2.56         |
|    n_updates            | 2680         |
|    policy_gradient_loss | -0.000172    |
|    value_loss           | 11.2         |
------------------------------------------
------------------------------------------
| time/                   |              |
|    fps                  | 187          |
|    iterations           | 73           |
|    time_elapsed         | 598          |
|    total_timesteps      | 414720       |
| train/                  |              |
|    approx_kl            | 0.0006530715 |
|    clip_fraction        | 0.00423      |
|    clip_range           | 0.2          |
|    entropy_loss         | -0.0598      |
|    explained_variance   | 0.885        |
|    learning_rate        | 0.0003       |
|    loss                 | 6.8          |
|    n_updates            | 2690         |
|    policy_gradient_loss | -0.000192    |
|    value_loss           | 10.5         |
------------------------------------------
  step  415083/500000 ( 83.0%)  mean_rew=-0.051
------------------------------------------
| time/                   |              |
|    fps                  | 187          |
|    iterations           | 74           |
|    time_elapsed         | 606          |
|    total_timesteps      | 416256       |
| train/                  |              |
|    approx_kl            | 0.0021511647 |
|    clip_fraction        | 0.0186       |
|    clip_range           | 0.2          |
|    entropy_loss         | -0.0709      |
|    explained_variance   | 0.977        |
|    learning_rate        | 0.0003       |
|    loss                 | 0.792        |
|    n_updates            | 2700         |
|    policy_gradient_loss | -0.000102    |
|    value_loss           | 1.96         |
------------------------------------------
-------------------------------------------
| time/                   |               |
|    fps                  | 187           |
|    iterations           | 75            |
|    time_elapsed         | 615           |
|    total_timesteps      | 417792        |
| train/                  |               |
|    approx_kl            | 0.00055610103 |
|    clip_fraction        | 0.0114        |
|    clip_range           | 0.2           |
|    entropy_loss         | -0.0582       |
|    explained_variance   | 0.871         |
|    learning_rate        | 0.0003        |
|    loss                 | 5.26          |
|    n_updates            | 2710          |
|    policy_gradient_loss | -0.000233     |
|    value_loss           | 12            |
-------------------------------------------
-------------------------------------------
| time/                   |               |
|    fps                  | 186           |
|    iterations           | 76            |
|    time_elapsed         | 624           |
|    total_timesteps      | 419328        |
| train/                  |               |
|    approx_kl            | 0.00014582288 |
|    clip_fraction        | 0.00319       |
|    clip_range           | 0.2           |
|    entropy_loss         | -0.0196       |
|    explained_variance   | 0.907         |
|    learning_rate        | 0.0003        |
|    loss                 | 1.96          |
|    n_updates            | 2720          |
|    policy_gradient_loss | -0.0003       |
|    value_loss           | 10.5          |
-------------------------------------------
  step  420084/500000 ( 84.0%)  mean_rew=-0.011
------------------------------------------
| time/                   |              |
|    fps                  | 187          |
|    iterations           | 77           |
|    time_elapsed         | 630          |
|    total_timesteps      | 420864       |
| train/                  |              |
|    approx_kl            | 0.0006957249 |
|    clip_fraction        | 0.00775      |
|    clip_range           | 0.2          |
|    entropy_loss         | -0.0605      |
|    explained_variance   | 0.863        |
|    learning_rate        | 0.0003       |
|    loss                 | 6.2          |
|    n_updates            | 2730         |
|    policy_gradient_loss | -0.000347    |
|    value_loss           | 11.3         |
------------------------------------------
-----------------------------------------
| time/                   |             |
|    fps                  | 187         |
|    iterations           | 78          |
|    time_elapsed         | 637         |
|    total_timesteps      | 422400      |
| train/                  |             |
|    approx_kl            | 0.008681607 |
|    clip_fraction        | 0.0339      |
|    clip_range           | 0.2         |
|    entropy_loss         | -0.0755     |
|    explained_variance   | 0.976       |
|    learning_rate        | 0.0003      |
|    loss                 | 0.841       |
|    n_updates            | 2740        |
|    policy_gradient_loss | -0.00132    |
|    value_loss           | 2           |
-----------------------------------------
----------------------------------------
| time/                   |            |
|    fps                  | 187        |
|    iterations           | 79         |
|    time_elapsed         | 646        |
|    total_timesteps      | 423936     |
| train/                  |            |
|    approx_kl            | 0.00036662 |
|    clip_fraction        | 0.00996    |
|    clip_range           | 0.2        |
|    entropy_loss         | -0.0752    |
|    explained_variance   | 0.885      |
|    learning_rate        | 0.0003     |
|    loss                 | 10.3       |
|    n_updates            | 2750       |
|    policy_gradient_loss | -0.000545  |
|    value_loss           | 11.6       |
----------------------------------------
  step  425085/500000 ( 85.0%)  mean_rew=-0.304
------------------------------------------
| time/                   |              |
|    fps                  | 187          |
|    iterations           | 80           |
|    time_elapsed         | 654          |
|    total_timesteps      | 425472       |
| train/                  |              |
|    approx_kl            | 0.0002927079 |
|    clip_fraction        | 0.0123       |
|    clip_range           | 0.2          |
|    entropy_loss         | -0.149       |
|    explained_variance   | 0.885        |
|    learning_rate        | 0.0003       |
|    loss                 | 8.42         |
|    n_updates            | 2760         |
|    policy_gradient_loss | 0.000175     |
|    value_loss           | 10.7         |
------------------------------------------
-------------------------------------------
| time/                   |               |
|    fps                  | 188           |
|    iterations           | 81            |
|    time_elapsed         | 660           |
|    total_timesteps      | 427008        |
| train/                  |               |
|    approx_kl            | 0.00068106357 |
|    clip_fraction        | 0.00638       |
|    clip_range           | 0.2           |
|    entropy_loss         | -0.132        |
|    explained_variance   | 0.973         |
|    learning_rate        | 0.0003        |
|    loss                 | 0.876         |
|    n_updates            | 2770          |
|    policy_gradient_loss | -0.000168     |
|    value_loss           | 2.44          |
-------------------------------------------
------------------------------------------
| time/                   |              |
|    fps                  | 188          |
|    iterations           | 82           |
|    time_elapsed         | 668          |
|    total_timesteps      | 428544       |
| train/                  |              |
|    approx_kl            | 0.0037853282 |
|    clip_fraction        | 0.0097       |
|    clip_range           | 0.2          |
|    entropy_loss         | -0.043       |
|    explained_variance   | 0.854        |
|    learning_rate        | 0.0003       |
|    loss                 | 4.21         |
|    n_updates            | 2780         |
|    policy_gradient_loss | -0.00107     |
|    value_loss           | 11.8         |
------------------------------------------
-----------------------------------------
| time/                   |             |
|    fps                  | 188         |
|    iterations           | 83          |
|    time_elapsed         | 677         |
|    total_timesteps      | 430080      |
| train/                  |             |
|    approx_kl            | 0.000335334 |
|    clip_fraction        | 0.00801     |
|    clip_range           | 0.2         |
|    entropy_loss         | -0.0906     |
|    explained_variance   | 0.902       |
|    learning_rate        | 0.0003      |
|    loss                 | 2.72        |
|    n_updates            | 2790        |
|    policy_gradient_loss | 0.000401    |
|    value_loss           | 10.2        |
-----------------------------------------
  step  430086/500000 ( 86.0%)  mean_rew=-0.242
-------------------------------------------
| time/                   |               |
|    fps                  | 188           |
|    iterations           | 84            |
|    time_elapsed         | 682           |
|    total_timesteps      | 431616        |
| train/                  |               |
|    approx_kl            | 0.00012536121 |
|    clip_fraction        | 0.0041        |
|    clip_range           | 0.2           |
|    entropy_loss         | -0.101        |
|    explained_variance   | 0.852         |
|    learning_rate        | 0.0003        |
|    loss                 | 5.84          |
|    n_updates            | 2800          |
|    policy_gradient_loss | 9.78e-05      |
|    value_loss           | 10.6          |
-------------------------------------------
-------------------------------------------
| time/                   |               |
|    fps                  | 188           |
|    iterations           | 85            |
|    time_elapsed         | 692           |
|    total_timesteps      | 433152        |
| train/                  |               |
|    approx_kl            | 0.00073398434 |
|    clip_fraction        | 0.01          |
|    clip_range           | 0.2           |
|    entropy_loss         | -0.0632       |
|    explained_variance   | 0.961         |
|    learning_rate        | 0.0003        |
|    loss                 | 1.28          |
|    n_updates            | 2810          |
|    policy_gradient_loss | -0.000431     |
|    value_loss           | 2.67          |
-------------------------------------------
------------------------------------------
| time/                   |              |
|    fps                  | 187          |
|    iterations           | 86           |
|    time_elapsed         | 704          |
|    total_timesteps      | 434688       |
| train/                  |              |
|    approx_kl            | 0.0019462634 |
|    clip_fraction        | 0.0141       |
|    clip_range           | 0.2          |
|    entropy_loss         | -0.0986      |
|    explained_variance   | 0.842        |
|    learning_rate        | 0.0003       |
|    loss                 | 4.95         |
|    n_updates            | 2820         |
|    policy_gradient_loss | -0.000662    |
|    value_loss           | 11.8         |
------------------------------------------
  step  435087/500000 ( 87.0%)  mean_rew=-0.006
-------------------------------------------
| time/                   |               |
|    fps                  | 187           |
|    iterations           | 87            |
|    time_elapsed         | 711           |
|    total_timesteps      | 436224        |
| train/                  |               |
|    approx_kl            | 0.00021700496 |
|    clip_fraction        | 0.00417       |
|    clip_range           | 0.2           |
|    entropy_loss         | -0.0421       |
|    explained_variance   | 0.876         |
|    learning_rate        | 0.0003        |
|    loss                 | 2.6           |
|    n_updates            | 2830          |
|    policy_gradient_loss | -0.000279     |
|    value_loss           | 10.8          |
-------------------------------------------
-------------------------------------------
| time/                   |               |
|    fps                  | 188           |
|    iterations           | 88            |
|    time_elapsed         | 717           |
|    total_timesteps      | 437760        |
| train/                  |               |
|    approx_kl            | 0.00023220084 |
|    clip_fraction        | 0.000977      |
|    clip_range           | 0.2           |
|    entropy_loss         | -0.078        |
|    explained_variance   | 0.968         |
|    learning_rate        | 0.0003        |
|    loss                 | 1.89          |
|    n_updates            | 2840          |
|    policy_gradient_loss | -5.65e-05     |
|    value_loss           | 2.85          |
-------------------------------------------
-------------------------------------------
| time/                   |               |
|    fps                  | 188           |
|    iterations           | 89            |
|    time_elapsed         | 725           |
|    total_timesteps      | 439296        |
| train/                  |               |
|    approx_kl            | 0.00070354686 |
|    clip_fraction        | 0.00482       |
|    clip_range           | 0.2           |
|    entropy_loss         | -0.0317       |
|    explained_variance   | 0.855         |
|    learning_rate        | 0.0003        |
|    loss                 | 5.05          |
|    n_updates            | 2850          |
|    policy_gradient_loss | -0.00021      |
|    value_loss           | 12            |
-------------------------------------------
  step  440088/500000 ( 88.0%)  mean_rew=-0.270
------------------------------------------
| time/                   |              |
|    fps                  | 187          |
|    iterations           | 90           |
|    time_elapsed         | 735          |
|    total_timesteps      | 440832       |
| train/                  |              |
|    approx_kl            | 0.0015588822 |
|    clip_fraction        | 0.00586      |
|    clip_range           | 0.2          |
|    entropy_loss         | -0.0518      |
|    explained_variance   | 0.902        |
|    learning_rate        | 0.0003       |
|    loss                 | 4.25         |
|    n_updates            | 2860         |
|    policy_gradient_loss | -0.000205    |
|    value_loss           | 10.7         |
------------------------------------------
-------------------------------------------
| time/                   |               |
|    fps                  | 188           |
|    iterations           | 91            |
|    time_elapsed         | 740           |
|    total_timesteps      | 442368        |
| train/                  |               |
|    approx_kl            | 0.00050070183 |
|    clip_fraction        | 0.00469       |
|    clip_range           | 0.2           |
|    entropy_loss         | -0.0669       |
|    explained_variance   | 0.851         |
|    learning_rate        | 0.0003        |
|    loss                 | 3.1           |
|    n_updates            | 2870          |
|    policy_gradient_loss | -8.24e-05     |
|    value_loss           | 11.2          |
-------------------------------------------
------------------------------------------
| time/                   |              |
|    fps                  | 188          |
|    iterations           | 92           |
|    time_elapsed         | 747          |
|    total_timesteps      | 443904       |
| train/                  |              |
|    approx_kl            | 0.0016856153 |
|    clip_fraction        | 0.0249       |
|    clip_range           | 0.2          |
|    entropy_loss         | -0.0624      |
|    explained_variance   | 0.968        |
|    learning_rate        | 0.0003       |
|    loss                 | 0.91         |
|    n_updates            | 2880         |
|    policy_gradient_loss | -0.000297    |
|    value_loss           | 2.45         |
------------------------------------------
  step  445089/500000 ( 89.0%)  mean_rew=-0.329
-------------------------------------------
| time/                   |               |
|    fps                  | 188           |
|    iterations           | 93            |
|    time_elapsed         | 757           |
|    total_timesteps      | 445440        |
| train/                  |               |
|    approx_kl            | 0.00013268809 |
|    clip_fraction        | 0.00254       |
|    clip_range           | 0.2           |
|    entropy_loss         | -0.0178       |
|    explained_variance   | 0.893         |
|    learning_rate        | 0.0003        |
|    loss                 | 3.12          |
|    n_updates            | 2890          |
|    policy_gradient_loss | -0.000228     |
|    value_loss           | 11.7          |
-------------------------------------------
-------------------------------------------
| time/                   |               |
|    fps                  | 188           |
|    iterations           | 94            |
|    time_elapsed         | 764           |
|    total_timesteps      | 446976        |
| train/                  |               |
|    approx_kl            | 0.00043052164 |
|    clip_fraction        | 0.0105        |
|    clip_range           | 0.2           |
|    entropy_loss         | -0.0721       |
|    explained_variance   | 0.873         |
|    learning_rate        | 0.0003        |
|    loss                 | 4.49          |
|    n_updates            | 2900          |
|    policy_gradient_loss | -0.000244     |
|    value_loss           | 11.1          |
-------------------------------------------
-------------------------------------------
| time/                   |               |
|    fps                  | 189           |
|    iterations           | 95            |
|    time_elapsed         | 770           |
|    total_timesteps      | 448512        |
| train/                  |               |
|    approx_kl            | 0.00041251446 |
|    clip_fraction        | 0.00111       |
|    clip_range           | 0.2           |
|    entropy_loss         | -0.0666       |
|    explained_variance   | 0.974         |
|    learning_rate        | 0.0003        |
|    loss                 | 0.79          |
|    n_updates            | 2910          |
|    policy_gradient_loss | -3.5e-05      |
|    value_loss           | 2.42          |
-------------------------------------------
-------------------------------------------
| time/                   |               |
|    fps                  | 189           |
|    iterations           | 96            |
|    time_elapsed         | 779           |
|    total_timesteps      | 450048        |
| train/                  |               |
|    approx_kl            | 0.00044160985 |
|    clip_fraction        | 0.00586       |
|    clip_range           | 0.2           |
|    entropy_loss         | -0.0248       |
|    explained_variance   | 0.859         |
|    learning_rate        | 0.0003        |
|    loss                 | 7.5           |
|    n_updates            | 2920          |
|    policy_gradient_loss | -0.000237     |
|    value_loss           | 12.1          |
-------------------------------------------
  step  450090/500000 ( 90.0%)  mean_rew=-0.048
------------------------------------------
| time/                   |              |
|    fps                  | 188          |
|    iterations           | 97           |
|    time_elapsed         | 791          |
|    total_timesteps      | 451584       |
| train/                  |              |
|    approx_kl            | 0.0002586193 |
|    clip_fraction        | 0.00124      |
|    clip_range           | 0.2          |
|    entropy_loss         | -0.0466      |
|    explained_variance   | 0.894        |
|    learning_rate        | 0.0003       |
|    loss                 | 8.32         |
|    n_updates            | 2930         |
|    policy_gradient_loss | -0.000126    |
|    value_loss           | 10.9         |
------------------------------------------
------------------------------------------
| time/                   |              |
|    fps                  | 188          |
|    iterations           | 98           |
|    time_elapsed         | 797          |
|    total_timesteps      | 453120       |
| train/                  |              |
|    approx_kl            | 9.580321e-05 |
|    clip_fraction        | 0.00195      |
|    clip_range           | 0.2          |
|    entropy_loss         | -0.0459      |
|    explained_variance   | 0.981        |
|    learning_rate        | 0.0003       |
|    loss                 | 0.276        |
|    n_updates            | 2940         |
|    policy_gradient_loss | 0.000411     |
|    value_loss           | 0.6          |
------------------------------------------
-------------------------------------------
| time/                   |               |
|    fps                  | 189           |
|    iterations           | 99            |
|    time_elapsed         | 804           |
|    total_timesteps      | 454656        |
| train/                  |               |
|    approx_kl            | 0.00045464482 |
|    clip_fraction        | 0.00651       |
|    clip_range           | 0.2           |
|    entropy_loss         | -0.0456       |
|    explained_variance   | 0.821         |
|    learning_rate        | 0.0003        |
|    loss                 | 4.84          |
|    n_updates            | 2950          |
|    policy_gradient_loss | -0.000283     |
|    value_loss           | 10.9          |
-------------------------------------------
  step  455091/500000 ( 91.0%)  mean_rew=-0.217
-------------------------------------------
| time/                   |               |
|    fps                  | 188           |
|    iterations           | 100           |
|    time_elapsed         | 813           |
|    total_timesteps      | 456192        |
| train/                  |               |
|    approx_kl            | 2.0951964e-05 |
|    clip_fraction        | 0.000195      |
|    clip_range           | 0.2           |
|    entropy_loss         | -0.00992      |
|    explained_variance   | 0.885         |
|    learning_rate        | 0.0003        |
|    loss                 | 7.9           |
|    n_updates            | 2960          |
|    policy_gradient_loss | -3.59e-05     |
|    value_loss           | 10.8          |
-------------------------------------------
-------------------------------------------
| time/                   |               |
|    fps                  | 188           |
|    iterations           | 101           |
|    time_elapsed         | 820           |
|    total_timesteps      | 457728        |
| train/                  |               |
|    approx_kl            | 0.00033773144 |
|    clip_fraction        | 0.00553       |
|    clip_range           | 0.2           |
|    entropy_loss         | -0.058        |
|    explained_variance   | 0.857         |
|    learning_rate        | 0.0003        |
|    loss                 | 5.5           |
|    n_updates            | 2970          |
|    policy_gradient_loss | -7.42e-05     |
|    value_loss           | 10.4          |
-------------------------------------------
-----------------------------------------
| time/                   |             |
|    fps                  | 189         |
|    iterations           | 102         |
|    time_elapsed         | 827         |
|    total_timesteps      | 459264      |
| train/                  |             |
|    approx_kl            | 0.010744154 |
|    clip_fraction        | 0.0288      |
|    clip_range           | 0.2         |
|    entropy_loss         | -0.0644     |
|    explained_variance   | 0.971       |
|    learning_rate        | 0.0003      |
|    loss                 | 0.871       |
|    n_updates            | 2980        |
|    policy_gradient_loss | -0.00049    |
|    value_loss           | 2.29        |
-----------------------------------------
  step  460092/500000 ( 92.0%)  mean_rew=-0.334
------------------------------------------
| time/                   |              |
|    fps                  | 189          |
|    iterations           | 103          |
|    time_elapsed         | 836          |
|    total_timesteps      | 460800       |
| train/                  |              |
|    approx_kl            | 0.0001351805 |
|    clip_fraction        | 0.00124      |
|    clip_range           | 0.2          |
|    entropy_loss         | -0.0228      |
|    explained_variance   | 0.858        |
|    learning_rate        | 0.0003       |
|    loss                 | 10           |
|    n_updates            | 2990         |
|    policy_gradient_loss | -0.00028     |
|    value_loss           | 11.7         |
------------------------------------------
-----------------------------------------
| time/                   |             |
|    fps                  | 188         |
|    iterations           | 104         |
|    time_elapsed         | 845         |
|    total_timesteps      | 462336      |
| train/                  |             |
|    approx_kl            | 0.000385871 |
|    clip_fraction        | 0.0026      |
|    clip_range           | 0.2         |
|    entropy_loss         | -0.0573     |
|    explained_variance   | 0.893       |
|    learning_rate        | 0.0003      |
|    loss                 | 12.1        |
|    n_updates            | 3000        |
|    policy_gradient_loss | -1.87e-06   |
|    value_loss           | 10.3        |
-----------------------------------------
------------------------------------------
| time/                   |              |
|    fps                  | 189          |
|    iterations           | 105          |
|    time_elapsed         | 850          |
|    total_timesteps      | 463872       |
| train/                  |              |
|    approx_kl            | 0.0005597817 |
|    clip_fraction        | 0.00254      |
|    clip_range           | 0.2          |
|    entropy_loss         | -0.0719      |
|    explained_variance   | 0.98         |
|    learning_rate        | 0.0003       |
|    loss                 | 0.806        |
|    n_updates            | 3010         |
|    policy_gradient_loss | -2.52e-05    |
|    value_loss           | 1.51         |
------------------------------------------
  step  465093/500000 ( 93.0%)  mean_rew=-0.008
-------------------------------------------
| time/                   |               |
|    fps                  | 189           |
|    iterations           | 106           |
|    time_elapsed         | 857           |
|    total_timesteps      | 465408        |
| train/                  |               |
|    approx_kl            | 0.00061265705 |
|    clip_fraction        | 0.00918       |
|    clip_range           | 0.2           |
|    entropy_loss         | -0.0379       |
|    explained_variance   | 0.806         |
|    learning_rate        | 0.0003        |
|    loss                 | 5.04          |
|    n_updates            | 3020          |
|    policy_gradient_loss | -0.000658     |
|    value_loss           | 11            |
-------------------------------------------
-------------------------------------------
| time/                   |               |
|    fps                  | 189           |
|    iterations           | 107           |
|    time_elapsed         | 867           |
|    total_timesteps      | 466944        |
| train/                  |               |
|    approx_kl            | 2.5872412e-05 |
|    clip_fraction        | 0.00182       |
|    clip_range           | 0.2           |
|    entropy_loss         | -0.0234       |
|    explained_variance   | 0.892         |
|    learning_rate        | 0.0003        |
|    loss                 | 4.81          |
|    n_updates            | 3030          |
|    policy_gradient_loss | -0.000142     |
|    value_loss           | 9.64          |
-------------------------------------------
------------------------------------------
| time/                   |              |
|    fps                  | 189          |
|    iterations           | 108          |
|    time_elapsed         | 874          |
|    total_timesteps      | 468480       |
| train/                  |              |
|    approx_kl            | 0.0007209466 |
|    clip_fraction        | 0.00983      |
|    clip_range           | 0.2          |
|    entropy_loss         | -0.0584      |
|    explained_variance   | 0.856        |
|    learning_rate        | 0.0003       |
|    loss                 | 5.91         |
|    n_updates            | 3040         |
|    policy_gradient_loss | -0.000296    |
|    value_loss           | 9.56         |
------------------------------------------
------------------------------------------
| time/                   |              |
|    fps                  | 189          |
|    iterations           | 109          |
|    time_elapsed         | 882          |
|    total_timesteps      | 470016       |
| train/                  |              |
|    approx_kl            | 0.0003901613 |
|    clip_fraction        | 0.00267      |
|    clip_range           | 0.2          |
|    entropy_loss         | -0.056       |
|    explained_variance   | 0.969        |
|    learning_rate        | 0.0003       |
|    loss                 | 0.828        |
|    n_updates            | 3050         |
|    policy_gradient_loss | 4.24e-05     |
|    value_loss           | 2.34         |
------------------------------------------
  step  470094/500000 ( 94.0%)  mean_rew=-0.292
-------------------------------------------
| time/                   |               |
|    fps                  | 189           |
|    iterations           | 110           |
|    time_elapsed         | 892           |
|    total_timesteps      | 471552        |
| train/                  |               |
|    approx_kl            | 8.9158224e-05 |
|    clip_fraction        | 0.00299       |
|    clip_range           | 0.2           |
|    entropy_loss         | -0.043        |
|    explained_variance   | 0.875         |
|    learning_rate        | 0.0003        |
|    loss                 | 8.72          |
|    n_updates            | 3060          |
|    policy_gradient_loss | -0.000256     |
|    value_loss           | 11            |
-------------------------------------------
-------------------------------------------
| time/                   |               |
|    fps                  | 189           |
|    iterations           | 111           |
|    time_elapsed         | 901           |
|    total_timesteps      | 473088        |
| train/                  |               |
|    approx_kl            | 0.00031723443 |
|    clip_fraction        | 0.000911      |
|    clip_range           | 0.2           |
|    entropy_loss         | -0.0155       |
|    explained_variance   | 0.891         |
|    learning_rate        | 0.0003        |
|    loss                 | 7.39          |
|    n_updates            | 3070          |
|    policy_gradient_loss | -0.000191     |
|    value_loss           | 10.7          |
-------------------------------------------
-------------------------------------------
| time/                   |               |
|    fps                  | 189           |
|    iterations           | 112           |
|    time_elapsed         | 908           |
|    total_timesteps      | 474624        |
| train/                  |               |
|    approx_kl            | 0.00016173937 |
|    clip_fraction        | 0.00326       |
|    clip_range           | 0.2           |
|    entropy_loss         | -0.0694       |
|    explained_variance   | 0.981         |
|    learning_rate        | 0.0003        |
|    loss                 | 0.615         |
|    n_updates            | 3080          |
|    policy_gradient_loss | 3.69e-05      |
|    value_loss           | 1.61          |
-------------------------------------------
  step  475095/500000 ( 95.0%)  mean_rew=-0.335
------------------------------------------
| time/                   |              |
|    fps                  | 189          |
|    iterations           | 113          |
|    time_elapsed         | 917          |
|    total_timesteps      | 476160       |
| train/                  |              |
|    approx_kl            | 0.0011403873 |
|    clip_fraction        | 0.0187       |
|    clip_range           | 0.2          |
|    entropy_loss         | -0.0566      |
|    explained_variance   | 0.876        |
|    learning_rate        | 0.0003       |
|    loss                 | 7.14         |
|    n_updates            | 3090         |
|    policy_gradient_loss | -0.00133     |
|    value_loss           | 11.8         |
------------------------------------------
------------------------------------------
| time/                   |              |
|    fps                  | 188          |
|    iterations           | 114          |
|    time_elapsed         | 926          |
|    total_timesteps      | 477696       |
| train/                  |              |
|    approx_kl            | 7.751033e-05 |
|    clip_fraction        | 0.00326      |
|    clip_range           | 0.2          |
|    entropy_loss         | -0.0287      |
|    explained_variance   | 0.9          |
|    learning_rate        | 0.0003       |
|    loss                 | 7.56         |
|    n_updates            | 3100         |
|    policy_gradient_loss | -0.000227    |
|    value_loss           | 11.2         |
------------------------------------------
------------------------------------------
| time/                   |              |
|    fps                  | 188          |
|    iterations           | 115          |
|    time_elapsed         | 935          |
|    total_timesteps      | 479232       |
| train/                  |              |
|    approx_kl            | 0.0020669245 |
|    clip_fraction        | 0.0131       |
|    clip_range           | 0.2          |
|    entropy_loss         | -0.0969      |
|    explained_variance   | 0.855        |
|    learning_rate        | 0.0003       |
|    loss                 | 3.84         |
|    n_updates            | 3110         |
|    policy_gradient_loss | 6.98e-06     |
|    value_loss           | 11.1         |
------------------------------------------
  step  480096/500000 ( 96.0%)  mean_rew=-0.004
-------------------------------------------
| time/                   |               |
|    fps                  | 188           |
|    iterations           | 116           |
|    time_elapsed         | 943           |
|    total_timesteps      | 480768        |
| train/                  |               |
|    approx_kl            | 0.00053976866 |
|    clip_fraction        | 0.018         |
|    clip_range           | 0.2           |
|    entropy_loss         | -0.0848       |
|    explained_variance   | 0.981         |
|    learning_rate        | 0.0003        |
|    loss                 | 0.53          |
|    n_updates            | 3120          |
|    policy_gradient_loss | 0.000101      |
|    value_loss           | 1.54          |
-------------------------------------------
------------------------------------------
| time/                   |              |
|    fps                  | 188          |
|    iterations           | 117          |
|    time_elapsed         | 952          |
|    total_timesteps      | 482304       |
| train/                  |              |
|    approx_kl            | 7.974729e-05 |
|    clip_fraction        | 0.00169      |
|    clip_range           | 0.2          |
|    entropy_loss         | -0.0286      |
|    explained_variance   | 0.874        |
|    learning_rate        | 0.0003       |
|    loss                 | 7.55         |
|    n_updates            | 3130         |
|    policy_gradient_loss | 1.1e-05      |
|    value_loss           | 12           |
------------------------------------------
-----------------------------------------
| time/                   |             |
|    fps                  | 188         |
|    iterations           | 118         |
|    time_elapsed         | 960         |
|    total_timesteps      | 483840      |
| train/                  |             |
|    approx_kl            | 0.007264893 |
|    clip_fraction        | 0.0217      |
|    clip_range           | 0.2         |
|    entropy_loss         | -0.109      |
|    explained_variance   | 0.884       |
|    learning_rate        | 0.0003      |
|    loss                 | 2.04        |
|    n_updates            | 3140        |
|    policy_gradient_loss | 0.000314    |
|    value_loss           | 11          |
-----------------------------------------
  step  485097/500000 ( 97.0%)  mean_rew=-0.250
-----------------------------------------
| time/                   |             |
|    fps                  | 188         |
|    iterations           | 119         |
|    time_elapsed         | 968         |
|    total_timesteps      | 485376      |
| train/                  |             |
|    approx_kl            | 0.046138152 |
|    clip_fraction        | 0.0596      |
|    clip_range           | 0.2         |
|    entropy_loss         | -0.163      |
|    explained_variance   | 0.978       |
|    learning_rate        | 0.0003      |
|    loss                 | 1.14        |
|    n_updates            | 3150        |
|    policy_gradient_loss | -0.000552   |
|    value_loss           | 1.84        |
-----------------------------------------
------------------------------------------
| time/                   |              |
|    fps                  | 188          |
|    iterations           | 120          |
|    time_elapsed         | 977          |
|    total_timesteps      | 486912       |
| train/                  |              |
|    approx_kl            | 0.0010217694 |
|    clip_fraction        | 0.0314       |
|    clip_range           | 0.2          |
|    entropy_loss         | -0.182       |
|    explained_variance   | 0.873        |
|    learning_rate        | 0.0003       |
|    loss                 | 6.18         |
|    n_updates            | 3160         |
|    policy_gradient_loss | 0.000489     |
|    value_loss           | 12           |
------------------------------------------
-----------------------------------------
| time/                   |             |
|    fps                  | 188         |
|    iterations           | 121         |
|    time_elapsed         | 985         |
|    total_timesteps      | 488448      |
| train/                  |             |
|    approx_kl            | 0.000928236 |
|    clip_fraction        | 0.0128      |
|    clip_range           | 0.2         |
|    entropy_loss         | -0.188      |
|    explained_variance   | 0.903       |
|    learning_rate        | 0.0003      |
|    loss                 | 5.14        |
|    n_updates            | 3170        |
|    policy_gradient_loss | 0.000494    |
|    value_loss           | 11.2        |
-----------------------------------------
------------------------------------------
| time/                   |              |
|    fps                  | 189          |
|    iterations           | 122          |
|    time_elapsed         | 991          |
|    total_timesteps      | 489984       |
| train/                  |              |
|    approx_kl            | 0.0015054699 |
|    clip_fraction        | 0.0391       |
|    clip_range           | 0.2          |
|    entropy_loss         | -0.185       |
|    explained_variance   | 0.868        |
|    learning_rate        | 0.0003       |
|    loss                 | 10.1         |
|    n_updates            | 3180         |
|    policy_gradient_loss | -0.00031     |
|    value_loss           | 11.6         |
------------------------------------------
  step  490098/500000 ( 98.0%)  mean_rew=-0.327
-------------------------------------------
| time/                   |               |
|    fps                  | 189           |
|    iterations           | 123           |
|    time_elapsed         | 999           |
|    total_timesteps      | 491520        |
| train/                  |               |
|    approx_kl            | 0.00011980883 |
|    clip_fraction        | 0.0097        |
|    clip_range           | 0.2           |
|    entropy_loss         | -0.113        |
|    explained_variance   | 0.97          |
|    learning_rate        | 0.0003        |
|    loss                 | 1.27          |
|    n_updates            | 3190          |
|    policy_gradient_loss | 0.000295      |
|    value_loss           | 2.55          |
-------------------------------------------
-------------------------------------------
| time/                   |               |
|    fps                  | 188           |
|    iterations           | 124           |
|    time_elapsed         | 1010          |
|    total_timesteps      | 493056        |
| train/                  |               |
|    approx_kl            | 0.00088275975 |
|    clip_fraction        | 0.0154        |
|    clip_range           | 0.2           |
|    entropy_loss         | -0.19         |
|    explained_variance   | 0.878         |
|    learning_rate        | 0.0003        |
|    loss                 | 7.3           |
|    n_updates            | 3200          |
|    policy_gradient_loss | 0.000772      |
|    value_loss           | 11.8          |
-------------------------------------------
------------------------------------------
| time/                   |              |
|    fps                  | 187          |
|    iterations           | 125          |
|    time_elapsed         | 1023         |
|    total_timesteps      | 494592       |
| train/                  |              |
|    approx_kl            | 0.0025094817 |
|    clip_fraction        | 0.0356       |
|    clip_range           | 0.2          |
|    entropy_loss         | -0.237       |
|    explained_variance   | 0.859        |
|    learning_rate        | 0.0003       |
|    loss                 | 7.17         |
|    n_updates            | 3210         |
|    policy_gradient_loss | -0.000442    |
|    value_loss           | 11.6         |
------------------------------------------
  step  495099/500000 ( 99.0%)  mean_rew=-0.004
-------------------------------------------
| time/                   |               |
|    fps                  | 187           |
|    iterations           | 126           |
|    time_elapsed         | 1031          |
|    total_timesteps      | 496128        |
| train/                  |               |
|    approx_kl            | 0.00018080743 |
|    clip_fraction        | 0.0216        |
|    clip_range           | 0.2           |
|    entropy_loss         | -0.27         |
|    explained_variance   | 0.965         |
|    learning_rate        | 0.0003        |
|    loss                 | 0.633         |
|    n_updates            | 3220          |
|    policy_gradient_loss | -5.01e-05     |
|    value_loss           | 0.758         |
-------------------------------------------
------------------------------------------
| time/                   |              |
|    fps                  | 187          |
|    iterations           | 127          |
|    time_elapsed         | 1041         |
|    total_timesteps      | 497664       |
| train/                  |              |
|    approx_kl            | 8.004982e-05 |
|    clip_fraction        | 0.00605      |
|    clip_range           | 0.2          |
|    entropy_loss         | -0.169       |
|    explained_variance   | 0.849        |
|    learning_rate        | 0.0003       |
|    loss                 | 9.4          |
|    n_updates            | 3230         |
|    policy_gradient_loss | 6.29e-06     |
|    value_loss           | 12.2         |
------------------------------------------
-------------------------------------------
| time/                   |               |
|    fps                  | 187           |
|    iterations           | 128           |
|    time_elapsed         | 1050          |
|    total_timesteps      | 499200        |
| train/                  |               |
|    approx_kl            | 0.00045350555 |
|    clip_fraction        | 0.012         |
|    clip_range           | 0.2           |
|    entropy_loss         | -0.184        |
|    explained_variance   | 0.883         |
|    learning_rate        | 0.0003        |
|    loss                 | 3.52          |
|    n_updates            | 3240          |
|    policy_gradient_loss | 0.000658      |
|    value_loss           | 11.5          |
-------------------------------------------
  step  500100/500000 (100.0%)  mean_rew=-0.236
-----------------------------------------
| time/                   |             |
|    fps                  | 187         |
|    iterations           | 129         |
|    time_elapsed         | 1059        |
|    total_timesteps      | 500736      |
| train/                  |             |
|    approx_kl            | 0.001999333 |
|    clip_fraction        | 0.0146      |
|    clip_range           | 0.2         |
|    entropy_loss         | -0.236      |
|    explained_variance   | 0.835       |
|    learning_rate        | 0.0003      |
|    loss                 | 11.7        |
|    n_updates            | 3250        |
|    policy_gradient_loss | -0.000203   |
|    value_loss           | 11.5        |
-----------------------------------------
-----------------------------------------
| time/                   |             |
|    fps                  | 187         |
|    iterations           | 130         |
|    time_elapsed         | 1067        |
|    total_timesteps      | 502272      |
| train/                  |             |
|    approx_kl            | 0.003083608 |
|    clip_fraction        | 0.0106      |
|    clip_range           | 0.2         |
|    entropy_loss         | -0.174      |
|    explained_variance   | 0.978       |
|    learning_rate        | 0.0003      |
|    loss                 | 0.906       |
|    n_updates            | 3260        |
|    policy_gradient_loss | -0.000233   |
|    value_loss           | 1.44        |
-----------------------------------------
------------------------------------------
| time/                   |              |
|    fps                  | 186          |
|    iterations           | 131          |
|    time_elapsed         | 1076         |
|    total_timesteps      | 503808       |
| train/                  |              |
|    approx_kl            | 0.0006212088 |
|    clip_fraction        | 0.0155       |
|    clip_range           | 0.2          |
|    entropy_loss         | -0.0908      |
|    explained_variance   | 0.874        |
|    learning_rate        | 0.0003       |
|    loss                 | 4.01         |
|    n_updates            | 3270         |
|    policy_gradient_loss | -0.000742    |
|    value_loss           | 12.3         |
------------------------------------------
  Stage 4 saved -> cologne3_ppo_stage4_100pct.zip

[cologne3-PPO] Curriculum done.
  Final model -> /workspace/rl-traffic/exp_cologne3_rand_curr/ppo_queue_s2025/cologne3_ppo_final_model.zip
  Total steps : 500000
