Using libsumo as traci as requested by environment variable.
=================================================================
  train_cologne_curriculum — cologne3 — PPO
  reward=pressure  seed=123  total_steps=500000
  Curriculum stages:
    Stage 1:  25% demand    75000 steps
    Stage 2:  50% demand   100000 steps
    Stage 3:  75% demand   125000 steps
    Stage 4: 100% demand   200000 steps
  save_dir: /workspace/rl-traffic/exp_cologne3_rand_curr/ppo_pressure_s123
=================================================================
  [rand] cologne3_rand_25pct.rou.xml
  [rand] cologne3_rand_50pct.rou.xml
  [rand] cologne3_rand_75pct.rou.xml
  [rand] cologne3_rand_100pct.rou.xml

  n_agents=3 | obs=(7,) | act=Discrete(3)
Using cpu device

────────────────────────────────────────────────────────────
  Stage 1/4  25% demand  75000 steps  (cumulative -> 75000)
  Route: cologne3_rand_25pct.rou.xml
────────────────────────────────────────────────────────────
-----------------------------
| time/              |      |
|    fps             | 1469 |
|    iterations      | 1    |
|    time_elapsed    | 1    |
|    total_timesteps | 1536 |
-----------------------------
-----------------------------------------
| time/                   |             |
|    fps                  | 1096        |
|    iterations           | 2           |
|    time_elapsed         | 2           |
|    total_timesteps      | 3072        |
| train/                  |             |
|    approx_kl            | 0.012308466 |
|    clip_fraction        | 0.0559      |
|    clip_range           | 0.2         |
|    entropy_loss         | -1.09       |
|    explained_variance   | -0.623      |
|    learning_rate        | 0.0003      |
|    loss                 | -0.0145     |
|    n_updates            | 10          |
|    policy_gradient_loss | -0.00287    |
|    value_loss           | 0.00334     |
-----------------------------------------
-----------------------------------------
| time/                   |             |
|    fps                  | 982         |
|    iterations           | 3           |
|    time_elapsed         | 4           |
|    total_timesteps      | 4608        |
| train/                  |             |
|    approx_kl            | 0.013654101 |
|    clip_fraction        | 0.131       |
|    clip_range           | 0.2         |
|    entropy_loss         | -1.06       |
|    explained_variance   | 0.287       |
|    learning_rate        | 0.0003      |
|    loss                 | -0.0312     |
|    n_updates            | 20          |
|    policy_gradient_loss | -0.0129     |
|    value_loss           | 0.00291     |
-----------------------------------------
  step    5001/500000 (  1.0%)  mean_rew=-0.003
------------------------------------------
| time/                   |              |
|    fps                  | 996          |
|    iterations           | 4            |
|    time_elapsed         | 6            |
|    total_timesteps      | 6144         |
| train/                  |              |
|    approx_kl            | 0.0093135545 |
|    clip_fraction        | 0.062        |
|    clip_range           | 0.2          |
|    entropy_loss         | -1.01        |
|    explained_variance   | 0.461        |
|    learning_rate        | 0.0003       |
|    loss                 | -0.0244      |
|    n_updates            | 30           |
|    policy_gradient_loss | -0.00596     |
|    value_loss           | 0.0018       |
------------------------------------------
------------------------------------------
| time/                   |              |
|    fps                  | 1003         |
|    iterations           | 5            |
|    time_elapsed         | 7            |
|    total_timesteps      | 7680         |
| train/                  |              |
|    approx_kl            | 0.0055496623 |
|    clip_fraction        | 0.0265       |
|    clip_range           | 0.2          |
|    entropy_loss         | -0.978       |
|    explained_variance   | 0.541        |
|    learning_rate        | 0.0003       |
|    loss                 | 0.00228      |
|    n_updates            | 40           |
|    policy_gradient_loss | -0.00373     |
|    value_loss           | 0.00178      |
------------------------------------------
-----------------------------------------
| time/                   |             |
|    fps                  | 1001        |
|    iterations           | 6           |
|    time_elapsed         | 9           |
|    total_timesteps      | 9216        |
| train/                  |             |
|    approx_kl            | 0.012751588 |
|    clip_fraction        | 0.129       |
|    clip_range           | 0.2         |
|    entropy_loss         | -0.91       |
|    explained_variance   | 0.589       |
|    learning_rate        | 0.0003      |
|    loss                 | 0.0215      |
|    n_updates            | 50          |
|    policy_gradient_loss | -0.00985    |
|    value_loss           | 0.00191     |
-----------------------------------------
  step   10002/500000 (  2.0%)  mean_rew=-0.003
------------------------------------------
| time/                   |              |
|    fps                  | 1002         |
|    iterations           | 7            |
|    time_elapsed         | 10           |
|    total_timesteps      | 10752        |
| train/                  |              |
|    approx_kl            | 0.0074702557 |
|    clip_fraction        | 0.0951       |
|    clip_range           | 0.2          |
|    entropy_loss         | -0.899       |
|    explained_variance   | 0.638        |
|    learning_rate        | 0.0003       |
|    loss                 | -0.0151      |
|    n_updates            | 60           |
|    policy_gradient_loss | -0.00822     |
|    value_loss           | 0.0018       |
------------------------------------------
-----------------------------------------
| time/                   |             |
|    fps                  | 997         |
|    iterations           | 8           |
|    time_elapsed         | 12          |
|    total_timesteps      | 12288       |
| train/                  |             |
|    approx_kl            | 0.008627075 |
|    clip_fraction        | 0.1         |
|    clip_range           | 0.2         |
|    entropy_loss         | -0.881      |
|    explained_variance   | 0.789       |
|    learning_rate        | 0.0003      |
|    loss                 | -0.00146    |
|    n_updates            | 70          |
|    policy_gradient_loss | -0.00978    |
|    value_loss           | 0.000938    |
-----------------------------------------
-----------------------------------------
| time/                   |             |
|    fps                  | 997         |
|    iterations           | 9           |
|    time_elapsed         | 13          |
|    total_timesteps      | 13824       |
| train/                  |             |
|    approx_kl            | 0.010486833 |
|    clip_fraction        | 0.0723      |
|    clip_range           | 0.2         |
|    entropy_loss         | -0.805      |
|    explained_variance   | 0.71        |
|    learning_rate        | 0.0003      |
|    loss                 | 0.0163      |
|    n_updates            | 80          |
|    policy_gradient_loss | -0.00652    |
|    value_loss           | 0.00137     |
-----------------------------------------
  step   15003/500000 (  3.0%)  mean_rew=-0.002
-----------------------------------------
| time/                   |             |
|    fps                  | 998         |
|    iterations           | 10          |
|    time_elapsed         | 15          |
|    total_timesteps      | 15360       |
| train/                  |             |
|    approx_kl            | 0.008282547 |
|    clip_fraction        | 0.0503      |
|    clip_range           | 0.2         |
|    entropy_loss         | -0.808      |
|    explained_variance   | 0.696       |
|    learning_rate        | 0.0003      |
|    loss                 | 0.00581     |
|    n_updates            | 90          |
|    policy_gradient_loss | -0.00376    |
|    value_loss           | 0.00121     |
-----------------------------------------
-----------------------------------------
| time/                   |             |
|    fps                  | 1001        |
|    iterations           | 11          |
|    time_elapsed         | 16          |
|    total_timesteps      | 16896       |
| train/                  |             |
|    approx_kl            | 0.011075042 |
|    clip_fraction        | 0.0525      |
|    clip_range           | 0.2         |
|    entropy_loss         | -0.758      |
|    explained_variance   | 0.712       |
|    learning_rate        | 0.0003      |
|    loss                 | -0.00744    |
|    n_updates            | 100         |
|    policy_gradient_loss | -0.00517    |
|    value_loss           | 0.00103     |
-----------------------------------------
----------------------------------------
| time/                   |            |
|    fps                  | 1002       |
|    iterations           | 12         |
|    time_elapsed         | 18         |
|    total_timesteps      | 18432      |
| train/                  |            |
|    approx_kl            | 0.01234521 |
|    clip_fraction        | 0.0732     |
|    clip_range           | 0.2        |
|    entropy_loss         | -0.687     |
|    explained_variance   | 0.842      |
|    learning_rate        | 0.0003     |
|    loss                 | -0.00164   |
|    n_updates            | 110        |
|    policy_gradient_loss | -0.00774   |
|    value_loss           | 0.000435   |
----------------------------------------
------------------------------------------
| time/                   |              |
|    fps                  | 1000         |
|    iterations           | 13           |
|    time_elapsed         | 19           |
|    total_timesteps      | 19968        |
| train/                  |              |
|    approx_kl            | 0.0042613377 |
|    clip_fraction        | 0.0225       |
|    clip_range           | 0.2          |
|    entropy_loss         | -0.634       |
|    explained_variance   | 0.776        |
|    learning_rate        | 0.0003       |
|    loss                 | 0.000501     |
|    n_updates            | 120          |
|    policy_gradient_loss | -0.00233     |
|    value_loss           | 0.000669     |
------------------------------------------
  step   20004/500000 (  4.0%)  mean_rew=-0.002
------------------------------------------
| time/                   |              |
|    fps                  | 1003         |
|    iterations           | 14           |
|    time_elapsed         | 21           |
|    total_timesteps      | 21504        |
| train/                  |              |
|    approx_kl            | 0.0051912824 |
|    clip_fraction        | 0.029        |
|    clip_range           | 0.2          |
|    entropy_loss         | -0.597       |
|    explained_variance   | 0.776        |
|    learning_rate        | 0.0003       |
|    loss                 | -0.00641     |
|    n_updates            | 130          |
|    policy_gradient_loss | -0.00295     |
|    value_loss           | 0.00067      |
------------------------------------------
----------------------------------------
| time/                   |            |
|    fps                  | 1004       |
|    iterations           | 15         |
|    time_elapsed         | 22         |
|    total_timesteps      | 23040      |
| train/                  |            |
|    approx_kl            | 0.00841433 |
|    clip_fraction        | 0.0619     |
|    clip_range           | 0.2        |
|    entropy_loss         | -0.575     |
|    explained_variance   | 0.899      |
|    learning_rate        | 0.0003     |
|    loss                 | -0.0133    |
|    n_updates            | 140        |
|    policy_gradient_loss | -0.00649   |
|    value_loss           | 0.000249   |
----------------------------------------
------------------------------------------
| time/                   |              |
|    fps                  | 1005         |
|    iterations           | 16           |
|    time_elapsed         | 24           |
|    total_timesteps      | 24576        |
| train/                  |              |
|    approx_kl            | 0.0013233237 |
|    clip_fraction        | 0.00156      |
|    clip_range           | 0.2          |
|    entropy_loss         | -0.557       |
|    explained_variance   | 0.793        |
|    learning_rate        | 0.0003       |
|    loss                 | -0.00401     |
|    n_updates            | 150          |
|    policy_gradient_loss | -0.000247    |
|    value_loss           | 0.000582     |
------------------------------------------
  step   25005/500000 (  5.0%)  mean_rew=-0.002
------------------------------------------
| time/                   |              |
|    fps                  | 1004         |
|    iterations           | 17           |
|    time_elapsed         | 25           |
|    total_timesteps      | 26112        |
| train/                  |              |
|    approx_kl            | 0.0068968837 |
|    clip_fraction        | 0.0471       |
|    clip_range           | 0.2          |
|    entropy_loss         | -0.536       |
|    explained_variance   | 0.791        |
|    learning_rate        | 0.0003       |
|    loss                 | -0.00808     |
|    n_updates            | 160          |
|    policy_gradient_loss | -0.00313     |
|    value_loss           | 0.000558     |
------------------------------------------
------------------------------------------
| time/                   |              |
|    fps                  | 1004         |
|    iterations           | 18           |
|    time_elapsed         | 27           |
|    total_timesteps      | 27648        |
| train/                  |              |
|    approx_kl            | 0.0023569462 |
|    clip_fraction        | 0.016        |
|    clip_range           | 0.2          |
|    entropy_loss         | -0.502       |
|    explained_variance   | 0.811        |
|    learning_rate        | 0.0003       |
|    loss                 | -0.00929     |
|    n_updates            | 170          |
|    policy_gradient_loss | -0.00168     |
|    value_loss           | 0.000526     |
------------------------------------------
------------------------------------------
| time/                   |              |
|    fps                  | 1005         |
|    iterations           | 19           |
|    time_elapsed         | 29           |
|    total_timesteps      | 29184        |
| train/                  |              |
|    approx_kl            | 0.0064733424 |
|    clip_fraction        | 0.0471       |
|    clip_range           | 0.2          |
|    entropy_loss         | -0.472       |
|    explained_variance   | 0.921        |
|    learning_rate        | 0.0003       |
|    loss                 | -0.0114      |
|    n_updates            | 180          |
|    policy_gradient_loss | -0.00539     |
|    value_loss           | 0.000163     |
------------------------------------------
  step   30006/500000 (  6.0%)  mean_rew=-0.001
-----------------------------------------
| time/                   |             |
|    fps                  | 1006        |
|    iterations           | 20          |
|    time_elapsed         | 30          |
|    total_timesteps      | 30720       |
| train/                  |             |
|    approx_kl            | 0.003687611 |
|    clip_fraction        | 0.041       |
|    clip_range           | 0.2         |
|    entropy_loss         | -0.411      |
|    explained_variance   | 0.803       |
|    learning_rate        | 0.0003      |
|    loss                 | -0.013      |
|    n_updates            | 190         |
|    policy_gradient_loss | -0.00351    |
|    value_loss           | 0.00043     |
-----------------------------------------
------------------------------------------
| time/                   |              |
|    fps                  | 1007         |
|    iterations           | 21           |
|    time_elapsed         | 32           |
|    total_timesteps      | 32256        |
| train/                  |              |
|    approx_kl            | 0.0021278725 |
|    clip_fraction        | 0.00723      |
|    clip_range           | 0.2          |
|    entropy_loss         | -0.387       |
|    explained_variance   | 0.813        |
|    learning_rate        | 0.0003       |
|    loss                 | -0.0025      |
|    n_updates            | 200          |
|    policy_gradient_loss | -0.000446    |
|    value_loss           | 0.000376     |
------------------------------------------
------------------------------------------
| time/                   |              |
|    fps                  | 1007         |
|    iterations           | 22           |
|    time_elapsed         | 33           |
|    total_timesteps      | 33792        |
| train/                  |              |
|    approx_kl            | 0.0010020105 |
|    clip_fraction        | 0.0102       |
|    clip_range           | 0.2          |
|    entropy_loss         | -0.383       |
|    explained_variance   | 0.885        |
|    learning_rate        | 0.0003       |
|    loss                 | -0.00564     |
|    n_updates            | 210          |
|    policy_gradient_loss | -0.00141     |
|    value_loss           | 0.000153     |
------------------------------------------
  step   35007/500000 (  7.0%)  mean_rew=-0.001
-------------------------------------------
| time/                   |               |
|    fps                  | 1007          |
|    iterations           | 23            |
|    time_elapsed         | 35            |
|    total_timesteps      | 35328         |
| train/                  |               |
|    approx_kl            | 0.00081609824 |
|    clip_fraction        | 0.00013       |
|    clip_range           | 0.2           |
|    entropy_loss         | -0.365        |
|    explained_variance   | 0.794         |
|    learning_rate        | 0.0003        |
|    loss                 | 0.00122       |
|    n_updates            | 220           |
|    policy_gradient_loss | -0.000111     |
|    value_loss           | 0.000347      |
-------------------------------------------
------------------------------------------
| time/                   |              |
|    fps                  | 1007         |
|    iterations           | 24           |
|    time_elapsed         | 36           |
|    total_timesteps      | 36864        |
| train/                  |              |
|    approx_kl            | 0.0035063636 |
|    clip_fraction        | 0.0305       |
|    clip_range           | 0.2          |
|    entropy_loss         | -0.335       |
|    explained_variance   | 0.751        |
|    learning_rate        | 0.0003       |
|    loss                 | -0.00605     |
|    n_updates            | 230          |
|    policy_gradient_loss | -0.0016      |
|    value_loss           | 0.000435     |
------------------------------------------
------------------------------------------
| time/                   |              |
|    fps                  | 1009         |
|    iterations           | 25           |
|    time_elapsed         | 38           |
|    total_timesteps      | 38400        |
| train/                  |              |
|    approx_kl            | 0.0013398621 |
|    clip_fraction        | 0.00859      |
|    clip_range           | 0.2          |
|    entropy_loss         | -0.308       |
|    explained_variance   | 0.786        |
|    learning_rate        | 0.0003       |
|    loss                 | -0.0049      |
|    n_updates            | 240          |
|    policy_gradient_loss | -0.000831    |
|    value_loss           | 0.000359     |
------------------------------------------
-------------------------------------------
| time/                   |               |
|    fps                  | 1009          |
|    iterations           | 26            |
|    time_elapsed         | 39            |
|    total_timesteps      | 39936         |
| train/                  |               |
|    approx_kl            | 0.00079302536 |
|    clip_fraction        | 0.0161        |
|    clip_range           | 0.2           |
|    entropy_loss         | -0.274        |
|    explained_variance   | 0.917         |
|    learning_rate        | 0.0003        |
|    loss                 | -0.00276      |
|    n_updates            | 250           |
|    policy_gradient_loss | -0.0011       |
|    value_loss           | 0.000124      |
-------------------------------------------
  step   40008/500000 (  8.0%)  mean_rew=-0.001
----------------------------------------
| time/                   |            |
|    fps                  | 1009       |
|    iterations           | 27         |
|    time_elapsed         | 41         |
|    total_timesteps      | 41472      |
| train/                  |            |
|    approx_kl            | 0.00212427 |
|    clip_fraction        | 0.0297     |
|    clip_range           | 0.2        |
|    entropy_loss         | -0.251     |
|    explained_variance   | 0.781      |
|    learning_rate        | 0.0003     |
|    loss                 | -0.0029    |
|    n_updates            | 260        |
|    policy_gradient_loss | -0.00242   |
|    value_loss           | 0.000341   |
----------------------------------------
-----------------------------------------
| time/                   |             |
|    fps                  | 1010        |
|    iterations           | 28          |
|    time_elapsed         | 42          |
|    total_timesteps      | 43008       |
| train/                  |             |
|    approx_kl            | 0.000708326 |
|    clip_fraction        | 0.00527     |
|    clip_range           | 0.2         |
|    entropy_loss         | -0.226      |
|    explained_variance   | 0.806       |
|    learning_rate        | 0.0003      |
|    loss                 | -0.00406    |
|    n_updates            | 270         |
|    policy_gradient_loss | -0.000895   |
|    value_loss           | 0.000307    |
-----------------------------------------
-------------------------------------------
| time/                   |               |
|    fps                  | 1010          |
|    iterations           | 29            |
|    time_elapsed         | 44            |
|    total_timesteps      | 44544         |
| train/                  |               |
|    approx_kl            | 0.00086907466 |
|    clip_fraction        | 0.00703       |
|    clip_range           | 0.2           |
|    entropy_loss         | -0.194        |
|    explained_variance   | 0.901         |
|    learning_rate        | 0.0003        |
|    loss                 | -0.00594      |
|    n_updates            | 280           |
|    policy_gradient_loss | -0.000847     |
|    value_loss           | 0.000134      |
-------------------------------------------
  step   45009/500000 (  9.0%)  mean_rew=-0.001
-------------------------------------------
| time/                   |               |
|    fps                  | 1010          |
|    iterations           | 30            |
|    time_elapsed         | 45            |
|    total_timesteps      | 46080         |
| train/                  |               |
|    approx_kl            | 0.00050041603 |
|    clip_fraction        | 0.00365       |
|    clip_range           | 0.2           |
|    entropy_loss         | -0.194        |
|    explained_variance   | 0.79          |
|    learning_rate        | 0.0003        |
|    loss                 | -0.00296      |
|    n_updates            | 290           |
|    policy_gradient_loss | -0.000337     |
|    value_loss           | 0.000326      |
-------------------------------------------
-------------------------------------------
| time/                   |               |
|    fps                  | 1010          |
|    iterations           | 31            |
|    time_elapsed         | 47            |
|    total_timesteps      | 47616         |
| train/                  |               |
|    approx_kl            | 0.00048656607 |
|    clip_fraction        | 0.0097        |
|    clip_range           | 0.2           |
|    entropy_loss         | -0.208        |
|    explained_variance   | 0.847         |
|    learning_rate        | 0.0003        |
|    loss                 | 0.00152       |
|    n_updates            | 300           |
|    policy_gradient_loss | -0.000762     |
|    value_loss           | 0.000219      |
-------------------------------------------
------------------------------------------
| time/                   |              |
|    fps                  | 1011         |
|    iterations           | 32           |
|    time_elapsed         | 48           |
|    total_timesteps      | 49152        |
| train/                  |              |
|    approx_kl            | 0.0012202654 |
|    clip_fraction        | 0.0215       |
|    clip_range           | 0.2          |
|    entropy_loss         | -0.229       |
|    explained_variance   | 0.798        |
|    learning_rate        | 0.0003       |
|    loss                 | 0.00464      |
|    n_updates            | 310          |
|    policy_gradient_loss | -0.00118     |
|    value_loss           | 0.000338     |
------------------------------------------
  step   50010/500000 ( 10.0%)  mean_rew=-0.001
------------------------------------------
| time/                   |              |
|    fps                  | 1010         |
|    iterations           | 33           |
|    time_elapsed         | 50           |
|    total_timesteps      | 50688        |
| train/                  |              |
|    approx_kl            | 0.0005091552 |
|    clip_fraction        | 0.000846     |
|    clip_range           | 0.2          |
|    entropy_loss         | -0.211       |
|    explained_variance   | 0.886        |
|    learning_rate        | 0.0003       |
|    loss                 | 0.00306      |
|    n_updates            | 320          |
|    policy_gradient_loss | -0.000131    |
|    value_loss           | 0.000164     |
------------------------------------------
-------------------------------------------
| time/                   |               |
|    fps                  | 1009          |
|    iterations           | 34            |
|    time_elapsed         | 51            |
|    total_timesteps      | 52224         |
| train/                  |               |
|    approx_kl            | 0.00035503772 |
|    clip_fraction        | 0.00384       |
|    clip_range           | 0.2           |
|    entropy_loss         | -0.194        |
|    explained_variance   | 0.789         |
|    learning_rate        | 0.0003        |
|    loss                 | -0.00512      |
|    n_updates            | 330           |
|    policy_gradient_loss | -0.000669     |
|    value_loss           | 0.000344      |
-------------------------------------------
-------------------------------------------
| time/                   |               |
|    fps                  | 1010          |
|    iterations           | 35            |
|    time_elapsed         | 53            |
|    total_timesteps      | 53760         |
| train/                  |               |
|    approx_kl            | 0.00037441452 |
|    clip_fraction        | 0.00553       |
|    clip_range           | 0.2           |
|    entropy_loss         | -0.201        |
|    explained_variance   | 0.808         |
|    learning_rate        | 0.0003        |
|    loss                 | 0.000777      |
|    n_updates            | 340           |
|    policy_gradient_loss | -0.000278     |
|    value_loss           | 0.000303      |
-------------------------------------------
  step   55011/500000 ( 11.0%)  mean_rew=-0.001
-------------------------------------------
| time/                   |               |
|    fps                  | 1009          |
|    iterations           | 36            |
|    time_elapsed         | 54            |
|    total_timesteps      | 55296         |
| train/                  |               |
|    approx_kl            | 0.00094457815 |
|    clip_fraction        | 0.0195        |
|    clip_range           | 0.2           |
|    entropy_loss         | -0.209        |
|    explained_variance   | 0.922         |
|    learning_rate        | 0.0003        |
|    loss                 | 0.00335       |
|    n_updates            | 350           |
|    policy_gradient_loss | -0.00172      |
|    value_loss           | 0.000115      |
-------------------------------------------
------------------------------------------
| time/                   |              |
|    fps                  | 1008         |
|    iterations           | 37           |
|    time_elapsed         | 56           |
|    total_timesteps      | 56832        |
| train/                  |              |
|    approx_kl            | 0.0019281385 |
|    clip_fraction        | 0.0121       |
|    clip_range           | 0.2          |
|    entropy_loss         | -0.199       |
|    explained_variance   | 0.815        |
|    learning_rate        | 0.0003       |
|    loss                 | 0.000126     |
|    n_updates            | 360          |
|    policy_gradient_loss | -0.000723    |
|    value_loss           | 0.000318     |
------------------------------------------
------------------------------------------
| time/                   |              |
|    fps                  | 1008         |
|    iterations           | 38           |
|    time_elapsed         | 57           |
|    total_timesteps      | 58368        |
| train/                  |              |
|    approx_kl            | 0.0007002724 |
|    clip_fraction        | 0.0118       |
|    clip_range           | 0.2          |
|    entropy_loss         | -0.171       |
|    explained_variance   | 0.833        |
|    learning_rate        | 0.0003       |
|    loss                 | 0.00287      |
|    n_updates            | 370          |
|    policy_gradient_loss | -0.000719    |
|    value_loss           | 0.000306     |
------------------------------------------
-------------------------------------------
| time/                   |               |
|    fps                  | 1008          |
|    iterations           | 39            |
|    time_elapsed         | 59            |
|    total_timesteps      | 59904         |
| train/                  |               |
|    approx_kl            | 0.00097186206 |
|    clip_fraction        | 0.0134        |
|    clip_range           | 0.2           |
|    entropy_loss         | -0.182        |
|    explained_variance   | 0.851         |
|    learning_rate        | 0.0003        |
|    loss                 | -0.000568     |
|    n_updates            | 380           |
|    policy_gradient_loss | -0.00115      |
|    value_loss           | 0.000247      |
-------------------------------------------
  step   60012/500000 ( 12.0%)  mean_rew=-0.001
------------------------------------------
| time/                   |              |
|    fps                  | 1008         |
|    iterations           | 40           |
|    time_elapsed         | 60           |
|    total_timesteps      | 61440        |
| train/                  |              |
|    approx_kl            | 0.0008922995 |
|    clip_fraction        | 0.00508      |
|    clip_range           | 0.2          |
|    entropy_loss         | -0.19        |
|    explained_variance   | 0.9          |
|    learning_rate        | 0.0003       |
|    loss                 | 0.0073       |
|    n_updates            | 390          |
|    policy_gradient_loss | -0.000209    |
|    value_loss           | 0.000159     |
------------------------------------------
------------------------------------------
| time/                   |              |
|    fps                  | 1008         |
|    iterations           | 41           |
|    time_elapsed         | 62           |
|    total_timesteps      | 62976        |
| train/                  |              |
|    approx_kl            | 0.0011716177 |
|    clip_fraction        | 0.0312       |
|    clip_range           | 0.2          |
|    entropy_loss         | -0.223       |
|    explained_variance   | 0.845        |
|    learning_rate        | 0.0003       |
|    loss                 | -0.00277     |
|    n_updates            | 400          |
|    policy_gradient_loss | -0.00338     |
|    value_loss           | 0.000268     |
------------------------------------------
------------------------------------------
| time/                   |              |
|    fps                  | 1009         |
|    iterations           | 42           |
|    time_elapsed         | 63           |
|    total_timesteps      | 64512        |
| train/                  |              |
|    approx_kl            | 0.0021537358 |
|    clip_fraction        | 0.0405       |
|    clip_range           | 0.2          |
|    entropy_loss         | -0.202       |
|    explained_variance   | 0.823        |
|    learning_rate        | 0.0003       |
|    loss                 | -0.00641     |
|    n_updates            | 410          |
|    policy_gradient_loss | -0.00308     |
|    value_loss           | 0.000298     |
------------------------------------------
  step   65013/500000 ( 13.0%)  mean_rew=-0.001
-------------------------------------------
| time/                   |               |
|    fps                  | 1008          |
|    iterations           | 43            |
|    time_elapsed         | 65            |
|    total_timesteps      | 66048         |
| train/                  |               |
|    approx_kl            | 0.00093517656 |
|    clip_fraction        | 0.00417       |
|    clip_range           | 0.2           |
|    entropy_loss         | -0.207        |
|    explained_variance   | 0.905         |
|    learning_rate        | 0.0003        |
|    loss                 | -0.000628     |
|    n_updates            | 420           |
|    policy_gradient_loss | -0.000197     |
|    value_loss           | 0.000119      |
-------------------------------------------
------------------------------------------
| time/                   |              |
|    fps                  | 1008         |
|    iterations           | 44           |
|    time_elapsed         | 67           |
|    total_timesteps      | 67584        |
| train/                  |              |
|    approx_kl            | 0.0012944335 |
|    clip_fraction        | 0.026        |
|    clip_range           | 0.2          |
|    entropy_loss         | -0.237       |
|    explained_variance   | 0.806        |
|    learning_rate        | 0.0003       |
|    loss                 | 0.00274      |
|    n_updates            | 430          |
|    policy_gradient_loss | -0.0016      |
|    value_loss           | 0.000265     |
------------------------------------------
-------------------------------------------
| time/                   |               |
|    fps                  | 1008          |
|    iterations           | 45            |
|    time_elapsed         | 68            |
|    total_timesteps      | 69120         |
| train/                  |               |
|    approx_kl            | 0.00033880587 |
|    clip_fraction        | 0.0115        |
|    clip_range           | 0.2           |
|    entropy_loss         | -0.26         |
|    explained_variance   | 0.842         |
|    learning_rate        | 0.0003        |
|    loss                 | -0.00339      |
|    n_updates            | 440           |
|    policy_gradient_loss | -0.000625     |
|    value_loss           | 0.00023       |
-------------------------------------------
  step   70014/500000 ( 14.0%)  mean_rew=-0.001
------------------------------------------
| time/                   |              |
|    fps                  | 1008         |
|    iterations           | 46           |
|    time_elapsed         | 70           |
|    total_timesteps      | 70656        |
| train/                  |              |
|    approx_kl            | 0.0019656555 |
|    clip_fraction        | 0.0158       |
|    clip_range           | 0.2          |
|    entropy_loss         | -0.262       |
|    explained_variance   | 0.797        |
|    learning_rate        | 0.0003       |
|    loss                 | 0.00395      |
|    n_updates            | 450          |
|    policy_gradient_loss | -0.000339    |
|    value_loss           | 0.000288     |
------------------------------------------
------------------------------------------
| time/                   |              |
|    fps                  | 1008         |
|    iterations           | 47           |
|    time_elapsed         | 71           |
|    total_timesteps      | 72192        |
| train/                  |              |
|    approx_kl            | 0.0019820258 |
|    clip_fraction        | 0.00651      |
|    clip_range           | 0.2          |
|    entropy_loss         | -0.283       |
|    explained_variance   | 0.894        |
|    learning_rate        | 0.0003       |
|    loss                 | -0.000738    |
|    n_updates            | 460          |
|    policy_gradient_loss | -0.00037     |
|    value_loss           | 0.000145     |
------------------------------------------
------------------------------------------
| time/                   |              |
|    fps                  | 1008         |
|    iterations           | 48           |
|    time_elapsed         | 73           |
|    total_timesteps      | 73728        |
| train/                  |              |
|    approx_kl            | 0.0035499025 |
|    clip_fraction        | 0.00918      |
|    clip_range           | 0.2          |
|    entropy_loss         | -0.278       |
|    explained_variance   | 0.81         |
|    learning_rate        | 0.0003       |
|    loss                 | 0.00343      |
|    n_updates            | 470          |
|    policy_gradient_loss | -0.00025     |
|    value_loss           | 0.000273     |
------------------------------------------
  step   75015/500000 ( 15.0%)  mean_rew=-0.002
------------------------------------------
| time/                   |              |
|    fps                  | 1008         |
|    iterations           | 49           |
|    time_elapsed         | 74           |
|    total_timesteps      | 75264        |
| train/                  |              |
|    approx_kl            | 0.0018116446 |
|    clip_fraction        | 0.0325       |
|    clip_range           | 0.2          |
|    entropy_loss         | -0.287       |
|    explained_variance   | 0.814        |
|    learning_rate        | 0.0003       |
|    loss                 | -0.00136     |
|    n_updates            | 480          |
|    policy_gradient_loss | -0.00192     |
|    value_loss           | 0.000261     |
------------------------------------------
  Stage 1 saved -> cologne3_ppo_stage1_25pct.zip

────────────────────────────────────────────────────────────
  Stage 2/4  50% demand  100000 steps  (cumulative -> 175000)
  Route: cologne3_rand_50pct.rou.xml
────────────────────────────────────────────────────────────
------------------------------
| time/              |       |
|    fps             | 1156  |
|    iterations      | 1     |
|    time_elapsed    | 1     |
|    total_timesteps | 76800 |
------------------------------
-----------------------------------------
| time/                   |             |
|    fps                  | 973         |
|    iterations           | 2           |
|    time_elapsed         | 3           |
|    total_timesteps      | 78336       |
| train/                  |             |
|    approx_kl            | 0.002308805 |
|    clip_fraction        | 0.0139      |
|    clip_range           | 0.2         |
|    entropy_loss         | -0.225      |
|    explained_variance   | 0.804       |
|    learning_rate        | 0.0003      |
|    loss                 | -0.00289    |
|    n_updates            | 500         |
|    policy_gradient_loss | -0.00028    |
|    value_loss           | 0.000302    |
-----------------------------------------
-------------------------------------------
| time/                   |               |
|    fps                  | 924           |
|    iterations           | 3             |
|    time_elapsed         | 4             |
|    total_timesteps      | 79872         |
| train/                  |               |
|    approx_kl            | 8.4444684e-05 |
|    clip_fraction        | 6.51e-05      |
|    clip_range           | 0.2           |
|    entropy_loss         | -0.211        |
|    explained_variance   | 0.69          |
|    learning_rate        | 0.0003        |
|    loss                 | 0.000299      |
|    n_updates            | 510           |
|    policy_gradient_loss | 0.000144      |
|    value_loss           | 0.000697      |
-------------------------------------------
  step   80016/500000 ( 16.0%)  mean_rew=-0.002
-----------------------------------------
| time/                   |             |
|    fps                  | 912         |
|    iterations           | 4           |
|    time_elapsed         | 6           |
|    total_timesteps      | 81408       |
| train/                  |             |
|    approx_kl            | 0.002033634 |
|    clip_fraction        | 0.0248      |
|    clip_range           | 0.2         |
|    entropy_loss         | -0.194      |
|    explained_variance   | 0.711       |
|    learning_rate        | 0.0003      |
|    loss                 | 0.00651     |
|    n_updates            | 520         |
|    policy_gradient_loss | -0.00112    |
|    value_loss           | 0.000806    |
-----------------------------------------
------------------------------------------
| time/                   |              |
|    fps                  | 893          |
|    iterations           | 5            |
|    time_elapsed         | 8            |
|    total_timesteps      | 82944        |
| train/                  |              |
|    approx_kl            | 0.0015448906 |
|    clip_fraction        | 0.0137       |
|    clip_range           | 0.2          |
|    entropy_loss         | -0.17        |
|    explained_variance   | 0.878        |
|    learning_rate        | 0.0003       |
|    loss                 | 0.00498      |
|    n_updates            | 530          |
|    policy_gradient_loss | -0.00107     |
|    value_loss           | 0.00028      |
------------------------------------------
-----------------------------------------
| time/                   |             |
|    fps                  | 883         |
|    iterations           | 6           |
|    time_elapsed         | 10          |
|    total_timesteps      | 84480       |
| train/                  |             |
|    approx_kl            | 0.000856254 |
|    clip_fraction        | 0.00332     |
|    clip_range           | 0.2         |
|    entropy_loss         | -0.152      |
|    explained_variance   | 0.729       |
|    learning_rate        | 0.0003      |
|    loss                 | -0.00621    |
|    n_updates            | 540         |
|    policy_gradient_loss | -0.000226   |
|    value_loss           | 0.000797    |
-----------------------------------------
  step   85017/500000 ( 17.0%)  mean_rew=-0.002
------------------------------------------
| time/                   |              |
|    fps                  | 881          |
|    iterations           | 7            |
|    time_elapsed         | 12           |
|    total_timesteps      | 86016        |
| train/                  |              |
|    approx_kl            | 0.0009853003 |
|    clip_fraction        | 0.00176      |
|    clip_range           | 0.2          |
|    entropy_loss         | -0.129       |
|    explained_variance   | 0.677        |
|    learning_rate        | 0.0003       |
|    loss                 | -0.000961    |
|    n_updates            | 550          |
|    policy_gradient_loss | -0.000209    |
|    value_loss           | 0.00108      |
------------------------------------------
-------------------------------------------
| time/                   |               |
|    fps                  | 874           |
|    iterations           | 8             |
|    time_elapsed         | 14            |
|    total_timesteps      | 87552         |
| train/                  |               |
|    approx_kl            | 0.00088449434 |
|    clip_fraction        | 0.00599       |
|    clip_range           | 0.2           |
|    entropy_loss         | -0.115        |
|    explained_variance   | 0.889         |
|    learning_rate        | 0.0003        |
|    loss                 | 0.00413       |
|    n_updates            | 560           |
|    policy_gradient_loss | -0.000377     |
|    value_loss           | 0.000319      |
-------------------------------------------
------------------------------------------
| time/                   |              |
|    fps                  | 864          |
|    iterations           | 9            |
|    time_elapsed         | 15           |
|    total_timesteps      | 89088        |
| train/                  |              |
|    approx_kl            | 0.0005197077 |
|    clip_fraction        | 0.00365      |
|    clip_range           | 0.2          |
|    entropy_loss         | -0.121       |
|    explained_variance   | 0.765        |
|    learning_rate        | 0.0003       |
|    loss                 | 0.00215      |
|    n_updates            | 570          |
|    policy_gradient_loss | -4.84e-05    |
|    value_loss           | 0.000904     |
------------------------------------------
  step   90018/500000 ( 18.0%)  mean_rew=-0.003
------------------------------------------
| time/                   |              |
|    fps                  | 862          |
|    iterations           | 10           |
|    time_elapsed         | 17           |
|    total_timesteps      | 90624        |
| train/                  |              |
|    approx_kl            | 0.0008445166 |
|    clip_fraction        | 0.00475      |
|    clip_range           | 0.2          |
|    entropy_loss         | -0.109       |
|    explained_variance   | 0.773        |
|    learning_rate        | 0.0003       |
|    loss                 | 0.00297      |
|    n_updates            | 580          |
|    policy_gradient_loss | -6.36e-05    |
|    value_loss           | 0.001        |
------------------------------------------
-------------------------------------------
| time/                   |               |
|    fps                  | 860           |
|    iterations           | 11            |
|    time_elapsed         | 19            |
|    total_timesteps      | 92160         |
| train/                  |               |
|    approx_kl            | 0.00031847437 |
|    clip_fraction        | 0.0013        |
|    clip_range           | 0.2           |
|    entropy_loss         | -0.0998       |
|    explained_variance   | 0.791         |
|    learning_rate        | 0.0003        |
|    loss                 | -0.00194      |
|    n_updates            | 590           |
|    policy_gradient_loss | -5.65e-05     |
|    value_loss           | 0.000933      |
-------------------------------------------
-------------------------------------------
| time/                   |               |
|    fps                  | 856           |
|    iterations           | 12            |
|    time_elapsed         | 21            |
|    total_timesteps      | 93696         |
| train/                  |               |
|    approx_kl            | 0.00034039794 |
|    clip_fraction        | 0.00762       |
|    clip_range           | 0.2           |
|    entropy_loss         | -0.104        |
|    explained_variance   | 0.937         |
|    learning_rate        | 0.0003        |
|    loss                 | -0.00157      |
|    n_updates            | 600           |
|    policy_gradient_loss | -0.000431     |
|    value_loss           | 0.000258      |
-------------------------------------------
  step   95019/500000 ( 19.0%)  mean_rew=-0.003
------------------------------------------
| time/                   |              |
|    fps                  | 846          |
|    iterations           | 13           |
|    time_elapsed         | 23           |
|    total_timesteps      | 95232        |
| train/                  |              |
|    approx_kl            | 0.0009532255 |
|    clip_fraction        | 0.0107       |
|    clip_range           | 0.2          |
|    entropy_loss         | -0.122       |
|    explained_variance   | 0.785        |
|    learning_rate        | 0.0003       |
|    loss                 | 0.002        |
|    n_updates            | 610          |
|    policy_gradient_loss | -0.000716    |
|    value_loss           | 0.00106      |
------------------------------------------
------------------------------------------
| time/                   |              |
|    fps                  | 848          |
|    iterations           | 14           |
|    time_elapsed         | 25           |
|    total_timesteps      | 96768        |
| train/                  |              |
|    approx_kl            | 0.0009697713 |
|    clip_fraction        | 0.01         |
|    clip_range           | 0.2          |
|    entropy_loss         | -0.118       |
|    explained_variance   | 0.782        |
|    learning_rate        | 0.0003       |
|    loss                 | 0.00497      |
|    n_updates            | 620          |
|    policy_gradient_loss | -0.000437    |
|    value_loss           | 0.00125      |
------------------------------------------
------------------------------------------
| time/                   |              |
|    fps                  | 843          |
|    iterations           | 15           |
|    time_elapsed         | 27           |
|    total_timesteps      | 98304        |
| train/                  |              |
|    approx_kl            | 0.0005838964 |
|    clip_fraction        | 0.00729      |
|    clip_range           | 0.2          |
|    entropy_loss         | -0.132       |
|    explained_variance   | 0.944        |
|    learning_rate        | 0.0003       |
|    loss                 | 0.000217     |
|    n_updates            | 630          |
|    policy_gradient_loss | -0.000605    |
|    value_loss           | 0.000259     |
------------------------------------------
-------------------------------------------
| time/                   |               |
|    fps                  | 841           |
|    iterations           | 16            |
|    time_elapsed         | 29            |
|    total_timesteps      | 99840         |
| train/                  |               |
|    approx_kl            | 0.00012632145 |
|    clip_fraction        | 0.00195       |
|    clip_range           | 0.2           |
|    entropy_loss         | -0.137        |
|    explained_variance   | 0.805         |
|    learning_rate        | 0.0003        |
|    loss                 | 0.00227       |
|    n_updates            | 640           |
|    policy_gradient_loss | 8.02e-05      |
|    value_loss           | 0.00108       |
-------------------------------------------
  step  100020/500000 ( 20.0%)  mean_rew=-0.003
-------------------------------------------
| time/                   |               |
|    fps                  | 840           |
|    iterations           | 17            |
|    time_elapsed         | 31            |
|    total_timesteps      | 101376        |
| train/                  |               |
|    approx_kl            | 0.00077395636 |
|    clip_fraction        | 0.0103        |
|    clip_range           | 0.2           |
|    entropy_loss         | -0.124        |
|    explained_variance   | 0.807         |
|    learning_rate        | 0.0003        |
|    loss                 | 0.000289      |
|    n_updates            | 650           |
|    policy_gradient_loss | -0.000673     |
|    value_loss           | 0.00111       |
-------------------------------------------
-------------------------------------------
| time/                   |               |
|    fps                  | 840           |
|    iterations           | 18            |
|    time_elapsed         | 32            |
|    total_timesteps      | 102912        |
| train/                  |               |
|    approx_kl            | 0.00014427507 |
|    clip_fraction        | 0.000391      |
|    clip_range           | 0.2           |
|    entropy_loss         | -0.121        |
|    explained_variance   | 0.795         |
|    learning_rate        | 0.0003        |
|    loss                 | 0.00126       |
|    n_updates            | 660           |
|    policy_gradient_loss | 0.000127      |
|    value_loss           | 0.00112       |
-------------------------------------------
------------------------------------------
| time/                   |              |
|    fps                  | 839          |
|    iterations           | 19           |
|    time_elapsed         | 34           |
|    total_timesteps      | 104448       |
| train/                  |              |
|    approx_kl            | 0.0007516082 |
|    clip_fraction        | 0.00632      |
|    clip_range           | 0.2          |
|    entropy_loss         | -0.14        |
|    explained_variance   | 0.922        |
|    learning_rate        | 0.0003       |
|    loss                 | 0.00661      |
|    n_updates            | 670          |
|    policy_gradient_loss | -0.000257    |
|    value_loss           | 0.000358     |
------------------------------------------
  step  105021/500000 ( 21.0%)  mean_rew=-0.003
------------------------------------------
| time/                   |              |
|    fps                  | 839          |
|    iterations           | 20           |
|    time_elapsed         | 36           |
|    total_timesteps      | 105984       |
| train/                  |              |
|    approx_kl            | 0.0010654912 |
|    clip_fraction        | 0.0251       |
|    clip_range           | 0.2          |
|    entropy_loss         | -0.126       |
|    explained_variance   | 0.796        |
|    learning_rate        | 0.0003       |
|    loss                 | 0.00214      |
|    n_updates            | 680          |
|    policy_gradient_loss | -0.00182     |
|    value_loss           | 0.00117      |
------------------------------------------
-------------------------------------------
| time/                   |               |
|    fps                  | 840           |
|    iterations           | 21            |
|    time_elapsed         | 38            |
|    total_timesteps      | 107520        |
| train/                  |               |
|    approx_kl            | 0.00031491436 |
|    clip_fraction        | 0.00697       |
|    clip_range           | 0.2           |
|    entropy_loss         | -0.137        |
|    explained_variance   | 0.767         |
|    learning_rate        | 0.0003        |
|    loss                 | -0.00306      |
|    n_updates            | 690           |
|    policy_gradient_loss | -0.000301     |
|    value_loss           | 0.00125       |
-------------------------------------------
-----------------------------------------
| time/                   |             |
|    fps                  | 839         |
|    iterations           | 22          |
|    time_elapsed         | 40          |
|    total_timesteps      | 109056      |
| train/                  |             |
|    approx_kl            | 0.000601378 |
|    clip_fraction        | 0.00469     |
|    clip_range           | 0.2         |
|    entropy_loss         | -0.145      |
|    explained_variance   | 0.932       |
|    learning_rate        | 0.0003      |
|    loss                 | 0.00119     |
|    n_updates            | 700         |
|    policy_gradient_loss | -0.000157   |
|    value_loss           | 0.000295    |
-----------------------------------------
  step  110022/500000 ( 22.0%)  mean_rew=-0.004
------------------------------------------
| time/                   |              |
|    fps                  | 838          |
|    iterations           | 23           |
|    time_elapsed         | 42           |
|    total_timesteps      | 110592       |
| train/                  |              |
|    approx_kl            | 0.0011148703 |
|    clip_fraction        | 0.018        |
|    clip_range           | 0.2          |
|    entropy_loss         | -0.177       |
|    explained_variance   | 0.781        |
|    learning_rate        | 0.0003       |
|    loss                 | 0.00121      |
|    n_updates            | 710          |
|    policy_gradient_loss | -0.0006      |
|    value_loss           | 0.0011       |
------------------------------------------
------------------------------------------
| time/                   |              |
|    fps                  | 838          |
|    iterations           | 24           |
|    time_elapsed         | 43           |
|    total_timesteps      | 112128       |
| train/                  |              |
|    approx_kl            | 0.0009547562 |
|    clip_fraction        | 0.0192       |
|    clip_range           | 0.2          |
|    entropy_loss         | -0.156       |
|    explained_variance   | 0.763        |
|    learning_rate        | 0.0003       |
|    loss                 | 0.000828     |
|    n_updates            | 720          |
|    policy_gradient_loss | -0.00131     |
|    value_loss           | 0.0013       |
------------------------------------------
------------------------------------------
| time/                   |              |
|    fps                  | 839          |
|    iterations           | 25           |
|    time_elapsed         | 45           |
|    total_timesteps      | 113664       |
| train/                  |              |
|    approx_kl            | 0.0011014958 |
|    clip_fraction        | 0.0139       |
|    clip_range           | 0.2          |
|    entropy_loss         | -0.137       |
|    explained_variance   | 0.782        |
|    learning_rate        | 0.0003       |
|    loss                 | -0.00841     |
|    n_updates            | 730          |
|    policy_gradient_loss | -0.000669    |
|    value_loss           | 0.00117      |
------------------------------------------
  step  115023/500000 ( 23.0%)  mean_rew=-0.002
------------------------------------------
| time/                   |              |
|    fps                  | 839          |
|    iterations           | 26           |
|    time_elapsed         | 47           |
|    total_timesteps      | 115200       |
| train/                  |              |
|    approx_kl            | 0.0005342554 |
|    clip_fraction        | 0.00638      |
|    clip_range           | 0.2          |
|    entropy_loss         | -0.117       |
|    explained_variance   | 0.951        |
|    learning_rate        | 0.0003       |
|    loss                 | -0.00121     |
|    n_updates            | 740          |
|    policy_gradient_loss | -0.00029     |
|    value_loss           | 0.000208     |
------------------------------------------
------------------------------------------
| time/                   |              |
|    fps                  | 838          |
|    iterations           | 27           |
|    time_elapsed         | 49           |
|    total_timesteps      | 116736       |
| train/                  |              |
|    approx_kl            | 0.0006260389 |
|    clip_fraction        | 0.0145       |
|    clip_range           | 0.2          |
|    entropy_loss         | -0.098       |
|    explained_variance   | 0.798        |
|    learning_rate        | 0.0003       |
|    loss                 | -0.00152     |
|    n_updates            | 750          |
|    policy_gradient_loss | -0.00196     |
|    value_loss           | 0.00113      |
------------------------------------------
------------------------------------------
| time/                   |              |
|    fps                  | 838          |
|    iterations           | 28           |
|    time_elapsed         | 51           |
|    total_timesteps      | 118272       |
| train/                  |              |
|    approx_kl            | 0.0004053889 |
|    clip_fraction        | 0.00742      |
|    clip_range           | 0.2          |
|    entropy_loss         | -0.0844      |
|    explained_variance   | 0.78         |
|    learning_rate        | 0.0003       |
|    loss                 | 0.000864     |
|    n_updates            | 760          |
|    policy_gradient_loss | -0.000327    |
|    value_loss           | 0.00135      |
------------------------------------------
------------------------------------------
| time/                   |              |
|    fps                  | 839          |
|    iterations           | 29           |
|    time_elapsed         | 53           |
|    total_timesteps      | 119808       |
| train/                  |              |
|    approx_kl            | 0.0004050725 |
|    clip_fraction        | 0.00703      |
|    clip_range           | 0.2          |
|    entropy_loss         | -0.0926      |
|    explained_variance   | 0.95         |
|    learning_rate        | 0.0003       |
|    loss                 | 0.00145      |
|    n_updates            | 770          |
|    policy_gradient_loss | -0.000442    |
|    value_loss           | 0.000252     |
------------------------------------------
  step  120024/500000 ( 24.0%)  mean_rew=-0.002
------------------------------------------
| time/                   |              |
|    fps                  | 839          |
|    iterations           | 30           |
|    time_elapsed         | 54           |
|    total_timesteps      | 121344       |
| train/                  |              |
|    approx_kl            | 0.0009033014 |
|    clip_fraction        | 0.0109       |
|    clip_range           | 0.2          |
|    entropy_loss         | -0.0857      |
|    explained_variance   | 0.807        |
|    learning_rate        | 0.0003       |
|    loss                 | -0.000975    |
|    n_updates            | 780          |
|    policy_gradient_loss | -0.000647    |
|    value_loss           | 0.00116      |
------------------------------------------
--------------------------------------------
| time/                   |                |
|    fps                  | 839            |
|    iterations           | 31             |
|    time_elapsed         | 56             |
|    total_timesteps      | 122880         |
| train/                  |                |
|    approx_kl            | 0.000114638744 |
|    clip_fraction        | 0.00247        |
|    clip_range           | 0.2            |
|    entropy_loss         | -0.0836        |
|    explained_variance   | 0.788          |
|    learning_rate        | 0.0003         |
|    loss                 | 0.00171        |
|    n_updates            | 790            |
|    policy_gradient_loss | -0.00034       |
|    value_loss           | 0.00131        |
--------------------------------------------
-----------------------------------------
| time/                   |             |
|    fps                  | 840         |
|    iterations           | 32          |
|    time_elapsed         | 58          |
|    total_timesteps      | 124416      |
| train/                  |             |
|    approx_kl            | 0.000694047 |
|    clip_fraction        | 0.013       |
|    clip_range           | 0.2         |
|    entropy_loss         | -0.102      |
|    explained_variance   | 0.825       |
|    learning_rate        | 0.0003      |
|    loss                 | -0.000661   |
|    n_updates            | 800         |
|    policy_gradient_loss | -0.00142    |
|    value_loss           | 0.00105     |
-----------------------------------------
  step  125025/500000 ( 25.0%)  mean_rew=-0.002
-------------------------------------------
| time/                   |               |
|    fps                  | 839           |
|    iterations           | 33            |
|    time_elapsed         | 60            |
|    total_timesteps      | 125952        |
| train/                  |               |
|    approx_kl            | 0.00032867596 |
|    clip_fraction        | 0.00358       |
|    clip_range           | 0.2           |
|    entropy_loss         | -0.11         |
|    explained_variance   | 0.956         |
|    learning_rate        | 0.0003        |
|    loss                 | -0.00156      |
|    n_updates            | 810           |
|    policy_gradient_loss | -0.000197     |
|    value_loss           | 0.000227      |
-------------------------------------------
-------------------------------------------
| time/                   |               |
|    fps                  | 838           |
|    iterations           | 34            |
|    time_elapsed         | 62            |
|    total_timesteps      | 127488        |
| train/                  |               |
|    approx_kl            | 0.00056256965 |
|    clip_fraction        | 0.0122        |
|    clip_range           | 0.2           |
|    entropy_loss         | -0.0964       |
|    explained_variance   | 0.813         |
|    learning_rate        | 0.0003        |
|    loss                 | 0.000662      |
|    n_updates            | 820           |
|    policy_gradient_loss | -0.000815     |
|    value_loss           | 0.00112       |
-------------------------------------------
-------------------------------------------
| time/                   |               |
|    fps                  | 838           |
|    iterations           | 35            |
|    time_elapsed         | 64            |
|    total_timesteps      | 129024        |
| train/                  |               |
|    approx_kl            | 0.00010067108 |
|    clip_fraction        | 0.00169       |
|    clip_range           | 0.2           |
|    entropy_loss         | -0.0929       |
|    explained_variance   | 0.781         |
|    learning_rate        | 0.0003        |
|    loss                 | 0.000613      |
|    n_updates            | 830           |
|    policy_gradient_loss | 0.000134      |
|    value_loss           | 0.00136       |
-------------------------------------------
  step  130026/500000 ( 26.0%)  mean_rew=-0.002
------------------------------------------
| time/                   |              |
|    fps                  | 838          |
|    iterations           | 36           |
|    time_elapsed         | 65           |
|    total_timesteps      | 130560       |
| train/                  |              |
|    approx_kl            | 5.507159e-05 |
|    clip_fraction        | 0.0043       |
|    clip_range           | 0.2          |
|    entropy_loss         | -0.1         |
|    explained_variance   | 0.95         |
|    learning_rate        | 0.0003       |
|    loss                 | -0.000277    |
|    n_updates            | 840          |
|    policy_gradient_loss | -0.000148    |
|    value_loss           | 0.000267     |
------------------------------------------
-------------------------------------------
| time/                   |               |
|    fps                  | 837           |
|    iterations           | 37            |
|    time_elapsed         | 67            |
|    total_timesteps      | 132096        |
| train/                  |               |
|    approx_kl            | 0.00042966972 |
|    clip_fraction        | 0.00553       |
|    clip_range           | 0.2           |
|    entropy_loss         | -0.0837       |
|    explained_variance   | 0.793         |
|    learning_rate        | 0.0003        |
|    loss                 | -0.00132      |
|    n_updates            | 850           |
|    policy_gradient_loss | -0.000369     |
|    value_loss           | 0.0011        |
-------------------------------------------
-------------------------------------------
| time/                   |               |
|    fps                  | 838           |
|    iterations           | 38            |
|    time_elapsed         | 69            |
|    total_timesteps      | 133632        |
| train/                  |               |
|    approx_kl            | 0.00034956602 |
|    clip_fraction        | 0.000911      |
|    clip_range           | 0.2           |
|    entropy_loss         | -0.0727       |
|    explained_variance   | 0.807         |
|    learning_rate        | 0.0003        |
|    loss                 | -0.000366     |
|    n_updates            | 860           |
|    policy_gradient_loss | 0.000193      |
|    value_loss           | 0.00109       |
-------------------------------------------
  step  135027/500000 ( 27.0%)  mean_rew=-0.002
------------------------------------------
| time/                   |              |
|    fps                  | 838          |
|    iterations           | 39           |
|    time_elapsed         | 71           |
|    total_timesteps      | 135168       |
| train/                  |              |
|    approx_kl            | 6.941279e-05 |
|    clip_fraction        | 0            |
|    clip_range           | 0.2          |
|    entropy_loss         | -0.0683      |
|    explained_variance   | 0.812        |
|    learning_rate        | 0.0003       |
|    loss                 | 0.000426     |
|    n_updates            | 870          |
|    policy_gradient_loss | 2.38e-05     |
|    value_loss           | 0.00106      |
------------------------------------------
-------------------------------------------
| time/                   |               |
|    fps                  | 837           |
|    iterations           | 40            |
|    time_elapsed         | 73            |
|    total_timesteps      | 136704        |
| train/                  |               |
|    approx_kl            | 0.00041843238 |
|    clip_fraction        | 0.00482       |
|    clip_range           | 0.2           |
|    entropy_loss         | -0.0599       |
|    explained_variance   | 0.93          |
|    learning_rate        | 0.0003        |
|    loss                 | -0.00475      |
|    n_updates            | 880           |
|    policy_gradient_loss | -0.000478     |
|    value_loss           | 0.000367      |
-------------------------------------------
-------------------------------------------
| time/                   |               |
|    fps                  | 837           |
|    iterations           | 41            |
|    time_elapsed         | 75            |
|    total_timesteps      | 138240        |
| train/                  |               |
|    approx_kl            | 0.00027762484 |
|    clip_fraction        | 0.00195       |
|    clip_range           | 0.2           |
|    entropy_loss         | -0.0516       |
|    explained_variance   | 0.824         |
|    learning_rate        | 0.0003        |
|    loss                 | -0.00249      |
|    n_updates            | 890           |
|    policy_gradient_loss | -0.00012      |
|    value_loss           | 0.00114       |
-------------------------------------------
-------------------------------------------
| time/                   |               |
|    fps                  | 837           |
|    iterations           | 42            |
|    time_elapsed         | 77            |
|    total_timesteps      | 139776        |
| train/                  |               |
|    approx_kl            | 0.00012831308 |
|    clip_fraction        | 0.000391      |
|    clip_range           | 0.2           |
|    entropy_loss         | -0.0503       |
|    explained_variance   | 0.826         |
|    learning_rate        | 0.0003        |
|    loss                 | -0.000821     |
|    n_updates            | 900           |
|    policy_gradient_loss | -4.48e-06     |
|    value_loss           | 0.00113       |
-------------------------------------------
  step  140028/500000 ( 28.0%)  mean_rew=-0.002
------------------------------------------
| time/                   |              |
|    fps                  | 837          |
|    iterations           | 43           |
|    time_elapsed         | 78           |
|    total_timesteps      | 141312       |
| train/                  |              |
|    approx_kl            | 0.0004216426 |
|    clip_fraction        | 0.00449      |
|    clip_range           | 0.2          |
|    entropy_loss         | -0.0478      |
|    explained_variance   | 0.942        |
|    learning_rate        | 0.0003       |
|    loss                 | -0.00251     |
|    n_updates            | 910          |
|    policy_gradient_loss | -0.000317    |
|    value_loss           | 0.000318     |
------------------------------------------
-------------------------------------------
| time/                   |               |
|    fps                  | 836           |
|    iterations           | 44            |
|    time_elapsed         | 80            |
|    total_timesteps      | 142848        |
| train/                  |               |
|    approx_kl            | 5.1124447e-05 |
|    clip_fraction        | 0.00215       |
|    clip_range           | 0.2           |
|    entropy_loss         | -0.0503       |
|    explained_variance   | 0.828         |
|    learning_rate        | 0.0003        |
|    loss                 | -0.000197     |
|    n_updates            | 920           |
|    policy_gradient_loss | -0.00016      |
|    value_loss           | 0.00101       |
-------------------------------------------
-------------------------------------------
| time/                   |               |
|    fps                  | 836           |
|    iterations           | 45            |
|    time_elapsed         | 82            |
|    total_timesteps      | 144384        |
| train/                  |               |
|    approx_kl            | 0.00027029822 |
|    clip_fraction        | 0.00273       |
|    clip_range           | 0.2           |
|    entropy_loss         | -0.043        |
|    explained_variance   | 0.816         |
|    learning_rate        | 0.0003        |
|    loss                 | 0.000353      |
|    n_updates            | 930           |
|    policy_gradient_loss | -0.000231     |
|    value_loss           | 0.00116       |
-------------------------------------------
  step  145029/500000 ( 29.0%)  mean_rew=-0.002
-------------------------------------------
| time/                   |               |
|    fps                  | 836           |
|    iterations           | 46            |
|    time_elapsed         | 84            |
|    total_timesteps      | 145920        |
| train/                  |               |
|    approx_kl            | 0.00017461884 |
|    clip_fraction        | 0.00319       |
|    clip_range           | 0.2           |
|    entropy_loss         | -0.0346       |
|    explained_variance   | 0.837         |
|    learning_rate        | 0.0003        |
|    loss                 | -0.000656     |
|    n_updates            | 940           |
|    policy_gradient_loss | -0.000155     |
|    value_loss           | 0.00108       |
-------------------------------------------
--------------------------------------------
| time/                   |                |
|    fps                  | 836            |
|    iterations           | 47             |
|    time_elapsed         | 86             |
|    total_timesteps      | 147456         |
| train/                  |                |
|    approx_kl            | 0.000116940624 |
|    clip_fraction        | 0.00104        |
|    clip_range           | 0.2            |
|    entropy_loss         | -0.0289        |
|    explained_variance   | 0.951          |
|    learning_rate        | 0.0003         |
|    loss                 | -3.07e-05      |
|    n_updates            | 950            |
|    policy_gradient_loss | -9.59e-05      |
|    value_loss           | 0.000275       |
--------------------------------------------
------------------------------------------
| time/                   |              |
|    fps                  | 835          |
|    iterations           | 48           |
|    time_elapsed         | 88           |
|    total_timesteps      | 148992       |
| train/                  |              |
|    approx_kl            | 8.690757e-05 |
|    clip_fraction        | 0.00234      |
|    clip_range           | 0.2          |
|    entropy_loss         | -0.0242      |
|    explained_variance   | 0.84         |
|    learning_rate        | 0.0003       |
|    loss                 | -0.00112     |
|    n_updates            | 960          |
|    policy_gradient_loss | -0.00026     |
|    value_loss           | 0.00104      |
------------------------------------------
  step  150030/500000 ( 30.0%)  mean_rew=-0.002
-------------------------------------------
| time/                   |               |
|    fps                  | 835           |
|    iterations           | 49            |
|    time_elapsed         | 90            |
|    total_timesteps      | 150528        |
| train/                  |               |
|    approx_kl            | 1.9319667e-05 |
|    clip_fraction        | 6.51e-05      |
|    clip_range           | 0.2           |
|    entropy_loss         | -0.0223       |
|    explained_variance   | 0.828         |
|    learning_rate        | 0.0003        |
|    loss                 | 0.000402      |
|    n_updates            | 970           |
|    policy_gradient_loss | -4.02e-05     |
|    value_loss           | 0.00103       |
-------------------------------------------
----------------------------------------
| time/                   |            |
|    fps                  | 834        |
|    iterations           | 50         |
|    time_elapsed         | 91         |
|    total_timesteps      | 152064     |
| train/                  |            |
|    approx_kl            | 4.1404e-05 |
|    clip_fraction        | 0.000911   |
|    clip_range           | 0.2        |
|    entropy_loss         | -0.0222    |
|    explained_variance   | 0.951      |
|    learning_rate        | 0.0003     |
|    loss                 | -7.19e-05  |
|    n_updates            | 980        |
|    policy_gradient_loss | -6.78e-05  |
|    value_loss           | 0.000253   |
----------------------------------------
------------------------------------------
| time/                   |              |
|    fps                  | 834          |
|    iterations           | 51           |
|    time_elapsed         | 93           |
|    total_timesteps      | 153600       |
| train/                  |              |
|    approx_kl            | 0.0001284002 |
|    clip_fraction        | 0.00299      |
|    clip_range           | 0.2          |
|    entropy_loss         | -0.02        |
|    explained_variance   | 0.827        |
|    learning_rate        | 0.0003       |
|    loss                 | 0.000794     |
|    n_updates            | 990          |
|    policy_gradient_loss | -0.000321    |
|    value_loss           | 0.00103      |
------------------------------------------
  step  155031/500000 ( 31.0%)  mean_rew=-0.003
------------------------------------------
| time/                   |              |
|    fps                  | 834          |
|    iterations           | 52           |
|    time_elapsed         | 95           |
|    total_timesteps      | 155136       |
| train/                  |              |
|    approx_kl            | 8.095044e-05 |
|    clip_fraction        | 0.00111      |
|    clip_range           | 0.2          |
|    entropy_loss         | -0.0216      |
|    explained_variance   | 0.821        |
|    learning_rate        | 0.0003       |
|    loss                 | 0.00112      |
|    n_updates            | 1000         |
|    policy_gradient_loss | -4.51e-05    |
|    value_loss           | 0.00123      |
------------------------------------------
-------------------------------------------
| time/                   |               |
|    fps                  | 833           |
|    iterations           | 53            |
|    time_elapsed         | 97            |
|    total_timesteps      | 156672        |
| train/                  |               |
|    approx_kl            | 2.9141162e-05 |
|    clip_fraction        | 0.000781      |
|    clip_range           | 0.2           |
|    entropy_loss         | -0.0239       |
|    explained_variance   | 0.95          |
|    learning_rate        | 0.0003        |
|    loss                 | 0.000175      |
|    n_updates            | 1010          |
|    policy_gradient_loss | -7.61e-05     |
|    value_loss           | 0.000324      |
-------------------------------------------
-------------------------------------------
| time/                   |               |
|    fps                  | 832           |
|    iterations           | 54            |
|    time_elapsed         | 99            |
|    total_timesteps      | 158208        |
| train/                  |               |
|    approx_kl            | 0.00011844607 |
|    clip_fraction        | 0.00215       |
|    clip_range           | 0.2           |
|    entropy_loss         | -0.0279       |
|    explained_variance   | 0.861         |
|    learning_rate        | 0.0003        |
|    loss                 | 0.00061       |
|    n_updates            | 1020          |
|    policy_gradient_loss | -0.000165     |
|    value_loss           | 0.00096       |
-------------------------------------------
-------------------------------------------
| time/                   |               |
|    fps                  | 832           |
|    iterations           | 55            |
|    time_elapsed         | 101           |
|    total_timesteps      | 159744        |
| train/                  |               |
|    approx_kl            | 0.00013230497 |
|    clip_fraction        | 0.000781      |
|    clip_range           | 0.2           |
|    entropy_loss         | -0.0228       |
|    explained_variance   | 0.842         |
|    learning_rate        | 0.0003        |
|    loss                 | -0.0012       |
|    n_updates            | 1030          |
|    policy_gradient_loss | -0.000301     |
|    value_loss           | 0.00104       |
-------------------------------------------
  step  160032/500000 ( 32.0%)  mean_rew=-0.002
-------------------------------------------
| time/                   |               |
|    fps                  | 832           |
|    iterations           | 56            |
|    time_elapsed         | 103           |
|    total_timesteps      | 161280        |
| train/                  |               |
|    approx_kl            | 0.00027929965 |
|    clip_fraction        | 0.00215       |
|    clip_range           | 0.2           |
|    entropy_loss         | -0.0141       |
|    explained_variance   | 0.814         |
|    learning_rate        | 0.0003        |
|    loss                 | -0.00176      |
|    n_updates            | 1040          |
|    policy_gradient_loss | -0.000399     |
|    value_loss           | 0.00123       |
-------------------------------------------
-------------------------------------------
| time/                   |               |
|    fps                  | 832           |
|    iterations           | 57            |
|    time_elapsed         | 105           |
|    total_timesteps      | 162816        |
| train/                  |               |
|    approx_kl            | 2.9860219e-05 |
|    clip_fraction        | 0.000456      |
|    clip_range           | 0.2           |
|    entropy_loss         | -0.0127       |
|    explained_variance   | 0.95          |
|    learning_rate        | 0.0003        |
|    loss                 | 9.96e-05      |
|    n_updates            | 1050          |
|    policy_gradient_loss | -7e-05        |
|    value_loss           | 0.000243      |
-------------------------------------------
-------------------------------------------
| time/                   |               |
|    fps                  | 832           |
|    iterations           | 58            |
|    time_elapsed         | 107           |
|    total_timesteps      | 164352        |
| train/                  |               |
|    approx_kl            | 0.00010389675 |
|    clip_fraction        | 0.0013        |
|    clip_range           | 0.2           |
|    entropy_loss         | -0.015        |
|    explained_variance   | 0.826         |
|    learning_rate        | 0.0003        |
|    loss                 | 0.000862      |
|    n_updates            | 1060          |
|    policy_gradient_loss | -9.72e-05     |
|    value_loss           | 0.00105       |
-------------------------------------------
  step  165033/500000 ( 33.0%)  mean_rew=-0.001
------------------------------------------
| time/                   |              |
|    fps                  | 832          |
|    iterations           | 59           |
|    time_elapsed         | 108          |
|    total_timesteps      | 165888       |
| train/                  |              |
|    approx_kl            | 2.128142e-05 |
|    clip_fraction        | 0.000391     |
|    clip_range           | 0.2          |
|    entropy_loss         | -0.0141      |
|    explained_variance   | 0.816        |
|    learning_rate        | 0.0003       |
|    loss                 | 0.000515     |
|    n_updates            | 1070         |
|    policy_gradient_loss | -7.44e-05    |
|    value_loss           | 0.00109      |
------------------------------------------
-------------------------------------------
| time/                   |               |
|    fps                  | 832           |
|    iterations           | 60            |
|    time_elapsed         | 110           |
|    total_timesteps      | 167424        |
| train/                  |               |
|    approx_kl            | 0.00022092885 |
|    clip_fraction        | 0.00417       |
|    clip_range           | 0.2           |
|    entropy_loss         | -0.0171       |
|    explained_variance   | 0.952         |
|    learning_rate        | 0.0003        |
|    loss                 | 8.25e-05      |
|    n_updates            | 1080          |
|    policy_gradient_loss | -0.000853     |
|    value_loss           | 0.000259      |
-------------------------------------------
-------------------------------------------
| time/                   |               |
|    fps                  | 832           |
|    iterations           | 61            |
|    time_elapsed         | 112           |
|    total_timesteps      | 168960        |
| train/                  |               |
|    approx_kl            | 0.00019820647 |
|    clip_fraction        | 0.00202       |
|    clip_range           | 0.2           |
|    entropy_loss         | -0.0141       |
|    explained_variance   | 0.82          |
|    learning_rate        | 0.0003        |
|    loss                 | -4.95e-05     |
|    n_updates            | 1090          |
|    policy_gradient_loss | -0.000142     |
|    value_loss           | 0.001         |
-------------------------------------------
  step  170034/500000 ( 34.0%)  mean_rew=-0.002
-------------------------------------------
| time/                   |               |
|    fps                  | 832           |
|    iterations           | 62            |
|    time_elapsed         | 114           |
|    total_timesteps      | 170496        |
| train/                  |               |
|    approx_kl            | 2.7802269e-05 |
|    clip_fraction        | 0.000651      |
|    clip_range           | 0.2           |
|    entropy_loss         | -0.014        |
|    explained_variance   | 0.782         |
|    learning_rate        | 0.0003        |
|    loss                 | 0.0005        |
|    n_updates            | 1100          |
|    policy_gradient_loss | -3.69e-05     |
|    value_loss           | 0.00125       |
-------------------------------------------
------------------------------------------
| time/                   |              |
|    fps                  | 832          |
|    iterations           | 63           |
|    time_elapsed         | 116          |
|    total_timesteps      | 172032       |
| train/                  |              |
|    approx_kl            | 0.0001823684 |
|    clip_fraction        | 0.00189      |
|    clip_range           | 0.2          |
|    entropy_loss         | -0.0175      |
|    explained_variance   | 0.784        |
|    learning_rate        | 0.0003       |
|    loss                 | 0.000296     |
|    n_updates            | 1110         |
|    policy_gradient_loss | -0.000307    |
|    value_loss           | 0.00115      |
------------------------------------------
-------------------------------------------
| time/                   |               |
|    fps                  | 832           |
|    iterations           | 64            |
|    time_elapsed         | 118           |
|    total_timesteps      | 173568        |
| train/                  |               |
|    approx_kl            | 0.00010916288 |
|    clip_fraction        | 0.00111       |
|    clip_range           | 0.2           |
|    entropy_loss         | -0.0157       |
|    explained_variance   | 0.932         |
|    learning_rate        | 0.0003        |
|    loss                 | -0.00107      |
|    n_updates            | 1120          |
|    policy_gradient_loss | -7.61e-05     |
|    value_loss           | 0.000302      |
-------------------------------------------
  step  175035/500000 ( 35.0%)  mean_rew=-0.002
-------------------------------------------
| time/                   |               |
|    fps                  | 832           |
|    iterations           | 65            |
|    time_elapsed         | 119           |
|    total_timesteps      | 175104        |
| train/                  |               |
|    approx_kl            | 0.00013472345 |
|    clip_fraction        | 0.00391       |
|    clip_range           | 0.2           |
|    entropy_loss         | -0.0124       |
|    explained_variance   | 0.799         |
|    learning_rate        | 0.0003        |
|    loss                 | 0.000741      |
|    n_updates            | 1130          |
|    policy_gradient_loss | -0.00022      |
|    value_loss           | 0.00114       |
-------------------------------------------
-------------------------------------------
| time/                   |               |
|    fps                  | 832           |
|    iterations           | 66            |
|    time_elapsed         | 121           |
|    total_timesteps      | 176640        |
| train/                  |               |
|    approx_kl            | 3.5609275e-05 |
|    clip_fraction        | 0.000326      |
|    clip_range           | 0.2           |
|    entropy_loss         | -0.0139       |
|    explained_variance   | 0.79          |
|    learning_rate        | 0.0003        |
|    loss                 | 0.000756      |
|    n_updates            | 1140          |
|    policy_gradient_loss | -4.22e-05     |
|    value_loss           | 0.00126       |
-------------------------------------------
  Stage 2 saved -> cologne3_ppo_stage2_50pct.zip

────────────────────────────────────────────────────────────
  Stage 3/4  75% demand  125000 steps  (cumulative -> 300000)
  Route: cologne3_rand_75pct.rou.xml
────────────────────────────────────────────────────────────
-------------------------------
| time/              |        |
|    fps             | 709    |
|    iterations      | 1      |
|    time_elapsed    | 2      |
|    total_timesteps | 178176 |
-------------------------------
-------------------------------------------
| time/                   |               |
|    fps                  | 432           |
|    iterations           | 2             |
|    time_elapsed         | 7             |
|    total_timesteps      | 179712        |
| train/                  |               |
|    approx_kl            | 3.7726986e-05 |
|    clip_fraction        | 0.000911      |
|    clip_range           | 0.2           |
|    entropy_loss         | -0.0107       |
|    explained_variance   | 0.104         |
|    learning_rate        | 0.0003        |
|    loss                 | 0.021         |
|    n_updates            | 1160          |
|    policy_gradient_loss | 0.00045       |
|    value_loss           | 0.167         |
-------------------------------------------
  step  180036/500000 ( 36.0%)  mean_rew=-0.018
-------------------------------------------
| time/                   |               |
|    fps                  | 363           |
|    iterations           | 3             |
|    time_elapsed         | 12            |
|    total_timesteps      | 181248        |
| train/                  |               |
|    approx_kl            | 0.00014427125 |
|    clip_fraction        | 0.000651      |
|    clip_range           | 0.2           |
|    entropy_loss         | -0.0239       |
|    explained_variance   | 0.672         |
|    learning_rate        | 0.0003        |
|    loss                 | 0.889         |
|    n_updates            | 1170          |
|    policy_gradient_loss | -6.59e-06     |
|    value_loss           | 2.4           |
-------------------------------------------
-------------------------------------------
| time/                   |               |
|    fps                  | 378           |
|    iterations           | 4             |
|    time_elapsed         | 16            |
|    total_timesteps      | 182784        |
| train/                  |               |
|    approx_kl            | 0.00010996824 |
|    clip_fraction        | 0.0013        |
|    clip_range           | 0.2           |
|    entropy_loss         | -0.0168       |
|    explained_variance   | 0.802         |
|    learning_rate        | 0.0003        |
|    loss                 | 1.03          |
|    n_updates            | 1180          |
|    policy_gradient_loss | -0.000101     |
|    value_loss           | 3.81          |
-------------------------------------------
-----------------------------------------
| time/                   |             |
|    fps                  | 382         |
|    iterations           | 5           |
|    time_elapsed         | 20          |
|    total_timesteps      | 184320      |
| train/                  |             |
|    approx_kl            | 0.000228883 |
|    clip_fraction        | 0.00358     |
|    clip_range           | 0.2         |
|    entropy_loss         | -0.0262     |
|    explained_variance   | 0.908       |
|    learning_rate        | 0.0003      |
|    loss                 | 0.416       |
|    n_updates            | 1190        |
|    policy_gradient_loss | -0.000412   |
|    value_loss           | 1.13        |
-----------------------------------------
  step  185037/500000 ( 37.0%)  mean_rew=-0.148
-------------------------------------------
| time/                   |               |
|    fps                  | 364           |
|    iterations           | 6             |
|    time_elapsed         | 25            |
|    total_timesteps      | 185856        |
| train/                  |               |
|    approx_kl            | 2.1785188e-07 |
|    clip_fraction        | 0             |
|    clip_range           | 0.2           |
|    entropy_loss         | -0.00808      |
|    explained_variance   | 0.887         |
|    learning_rate        | 0.0003        |
|    loss                 | 1.35          |
|    n_updates            | 1200          |
|    policy_gradient_loss | 2.8e-07       |
|    value_loss           | 3.47          |
-------------------------------------------
------------------------------------------
| time/                   |              |
|    fps                  | 352          |
|    iterations           | 7            |
|    time_elapsed         | 30           |
|    total_timesteps      | 187392       |
| train/                  |              |
|    approx_kl            | 0.0016352296 |
|    clip_fraction        | 0.00918      |
|    clip_range           | 0.2          |
|    entropy_loss         | -0.0236      |
|    explained_variance   | 0.892        |
|    learning_rate        | 0.0003       |
|    loss                 | 1.64         |
|    n_updates            | 1210         |
|    policy_gradient_loss | -0.000295    |
|    value_loss           | 5.09         |
------------------------------------------
------------------------------------------
| time/                   |              |
|    fps                  | 326          |
|    iterations           | 8            |
|    time_elapsed         | 37           |
|    total_timesteps      | 188928       |
| train/                  |              |
|    approx_kl            | 0.0003848242 |
|    clip_fraction        | 0.00104      |
|    clip_range           | 0.2          |
|    entropy_loss         | -0.0207      |
|    explained_variance   | 0.96         |
|    learning_rate        | 0.0003       |
|    loss                 | 0.557        |
|    n_updates            | 1220         |
|    policy_gradient_loss | 1.47e-05     |
|    value_loss           | 1.45         |
------------------------------------------
  step  190038/500000 ( 38.0%)  mean_rew=-0.004
-------------------------------------------
| time/                   |               |
|    fps                  | 305           |
|    iterations           | 9             |
|    time_elapsed         | 45            |
|    total_timesteps      | 190464        |
| train/                  |               |
|    approx_kl            | 0.00054110115 |
|    clip_fraction        | 0.00313       |
|    clip_range           | 0.2           |
|    entropy_loss         | -0.0265       |
|    explained_variance   | 0.913         |
|    learning_rate        | 0.0003        |
|    loss                 | 4.63          |
|    n_updates            | 1230          |
|    policy_gradient_loss | -0.000165     |
|    value_loss           | 7.7           |
-------------------------------------------
--------------------------------------------
| time/                   |                |
|    fps                  | 321            |
|    iterations           | 10             |
|    time_elapsed         | 47             |
|    total_timesteps      | 192000         |
| train/                  |                |
|    approx_kl            | 1.07878195e-08 |
|    clip_fraction        | 0              |
|    clip_range           | 0.2            |
|    entropy_loss         | -0.00437       |
|    explained_variance   | 0.912          |
|    learning_rate        | 0.0003         |
|    loss                 | 7.03           |
|    n_updates            | 1240           |
|    policy_gradient_loss | 1.15e-06       |
|    value_loss           | 9.61           |
--------------------------------------------
-------------------------------------------
| time/                   |               |
|    fps                  | 330           |
|    iterations           | 11            |
|    time_elapsed         | 51            |
|    total_timesteps      | 193536        |
| train/                  |               |
|    approx_kl            | 3.7461945e-05 |
|    clip_fraction        | 0.000586      |
|    clip_range           | 0.2           |
|    entropy_loss         | -0.00813      |
|    explained_variance   | 0.837         |
|    learning_rate        | 0.0003        |
|    loss                 | 0.0306        |
|    n_updates            | 1250          |
|    policy_gradient_loss | -4.47e-05     |
|    value_loss           | 0.0913        |
-------------------------------------------
  step  195039/500000 ( 39.0%)  mean_rew=-0.003
------------------------------------------
| time/                   |              |
|    fps                  | 332          |
|    iterations           | 12           |
|    time_elapsed         | 55           |
|    total_timesteps      | 195072       |
| train/                  |              |
|    approx_kl            | 0.0038055053 |
|    clip_fraction        | 0.00918      |
|    clip_range           | 0.2          |
|    entropy_loss         | -0.0207      |
|    explained_variance   | 0.964        |
|    learning_rate        | 0.0003       |
|    loss                 | 0.396        |
|    n_updates            | 1260         |
|    policy_gradient_loss | -0.000505    |
|    value_loss           | 1.21         |
------------------------------------------
---------------------------------------
| time/                   |           |
|    fps                  | 328       |
|    iterations           | 13        |
|    time_elapsed         | 60        |
|    total_timesteps      | 196608    |
| train/                  |           |
|    approx_kl            | 0.0       |
|    clip_fraction        | 0         |
|    clip_range           | 0.2       |
|    entropy_loss         | -0.00578  |
|    explained_variance   | 0.882     |
|    learning_rate        | 0.0003    |
|    loss                 | 1.95      |
|    n_updates            | 1270      |
|    policy_gradient_loss | -2.96e-06 |
|    value_loss           | 7.32      |
---------------------------------------
-------------------------------------------
| time/                   |               |
|    fps                  | 327           |
|    iterations           | 14            |
|    time_elapsed         | 65            |
|    total_timesteps      | 198144        |
| train/                  |               |
|    approx_kl            | 0.00096952886 |
|    clip_fraction        | 0.00768       |
|    clip_range           | 0.2           |
|    entropy_loss         | -0.0193       |
|    explained_variance   | 0.915         |
|    learning_rate        | 0.0003        |
|    loss                 | 3.93          |
|    n_updates            | 1280          |
|    policy_gradient_loss | -0.000493     |
|    value_loss           | 8.02          |
-------------------------------------------
------------------------------------------
| time/                   |              |
|    fps                  | 335          |
|    iterations           | 15           |
|    time_elapsed         | 68           |
|    total_timesteps      | 199680       |
| train/                  |              |
|    approx_kl            | 0.0022161556 |
|    clip_fraction        | 0.00814      |
|    clip_range           | 0.2          |
|    entropy_loss         | -0.0229      |
|    explained_variance   | 0.978        |
|    learning_rate        | 0.0003       |
|    loss                 | 0.338        |
|    n_updates            | 1290         |
|    policy_gradient_loss | -0.000437    |
|    value_loss           | 1.43         |
------------------------------------------
  step  200040/500000 ( 40.0%)  mean_rew=-0.140
-------------------------------------------
| time/                   |               |
|    fps                  | 331           |
|    iterations           | 16            |
|    time_elapsed         | 74            |
|    total_timesteps      | 201216        |
| train/                  |               |
|    approx_kl            | 0.00029448685 |
|    clip_fraction        | 0.00221       |
|    clip_range           | 0.2           |
|    entropy_loss         | -0.0107       |
|    explained_variance   | 0.705         |
|    learning_rate        | 0.0003        |
|    loss                 | 3.68          |
|    n_updates            | 1300          |
|    policy_gradient_loss | -0.00136      |
|    value_loss           | 7.23          |
-------------------------------------------
-------------------------------------------
| time/                   |               |
|    fps                  | 329           |
|    iterations           | 17            |
|    time_elapsed         | 79            |
|    total_timesteps      | 202752        |
| train/                  |               |
|    approx_kl            | 3.9924595e-05 |
|    clip_fraction        | 0             |
|    clip_range           | 0.2           |
|    entropy_loss         | -0.0222       |
|    explained_variance   | 0.924         |
|    learning_rate        | 0.0003        |
|    loss                 | 3.07          |
|    n_updates            | 1310          |
|    policy_gradient_loss | -3.42e-06     |
|    value_loss           | 5.58          |
-------------------------------------------
------------------------------------------
| time/                   |              |
|    fps                  | 335          |
|    iterations           | 18           |
|    time_elapsed         | 82           |
|    total_timesteps      | 204288       |
| train/                  |              |
|    approx_kl            | 0.0004112502 |
|    clip_fraction        | 0.00677      |
|    clip_range           | 0.2          |
|    entropy_loss         | -0.0232      |
|    explained_variance   | 0.922        |
|    learning_rate        | 0.0003       |
|    loss                 | 0.798        |
|    n_updates            | 1320         |
|    policy_gradient_loss | -3.51e-05    |
|    value_loss           | 6.27         |
------------------------------------------
  step  205041/500000 ( 41.0%)  mean_rew=-0.004
------------------------------------------
| time/                   |              |
|    fps                  | 335          |
|    iterations           | 19           |
|    time_elapsed         | 87           |
|    total_timesteps      | 205824       |
| train/                  |              |
|    approx_kl            | 0.0010572182 |
|    clip_fraction        | 0.00658      |
|    clip_range           | 0.2          |
|    entropy_loss         | -0.0252      |
|    explained_variance   | 0.967        |
|    learning_rate        | 0.0003       |
|    loss                 | 0.409        |
|    n_updates            | 1330         |
|    policy_gradient_loss | -3.84e-05    |
|    value_loss           | 0.932        |
------------------------------------------
------------------------------------------
| time/                   |              |
|    fps                  | 332          |
|    iterations           | 20           |
|    time_elapsed         | 92           |
|    total_timesteps      | 207360       |
| train/                  |              |
|    approx_kl            | 3.761379e-07 |
|    clip_fraction        | 0            |
|    clip_range           | 0.2          |
|    entropy_loss         | -0.00728     |
|    explained_variance   | 0.893        |
|    learning_rate        | 0.0003       |
|    loss                 | 2.79         |
|    n_updates            | 1340         |
|    policy_gradient_loss | -2.16e-06    |
|    value_loss           | 6.81         |
------------------------------------------
------------------------------------------
| time/                   |              |
|    fps                  | 340          |
|    iterations           | 21           |
|    time_elapsed         | 94           |
|    total_timesteps      | 208896       |
| train/                  |              |
|    approx_kl            | 0.0020918155 |
|    clip_fraction        | 0.0128       |
|    clip_range           | 0.2          |
|    entropy_loss         | -0.0256      |
|    explained_variance   | 0.919        |
|    learning_rate        | 0.0003       |
|    loss                 | 4.4          |
|    n_updates            | 1350         |
|    policy_gradient_loss | -0.0014      |
|    value_loss           | 7.59         |
------------------------------------------
  step  210042/500000 ( 42.0%)  mean_rew=-0.005
---------------------------------------
| time/                   |           |
|    fps                  | 347       |
|    iterations           | 22        |
|    time_elapsed         | 97        |
|    total_timesteps      | 210432    |
| train/                  |           |
|    approx_kl            | 0.0       |
|    clip_fraction        | 0         |
|    clip_range           | 0.2       |
|    entropy_loss         | -0.0086   |
|    explained_variance   | 0.944     |
|    learning_rate        | 0.0003    |
|    loss                 | 0.0216    |
|    n_updates            | 1360      |
|    policy_gradient_loss | -3.78e-06 |
|    value_loss           | 0.0518    |
---------------------------------------
-------------------------------------------
| time/                   |               |
|    fps                  | 355           |
|    iterations           | 23            |
|    time_elapsed         | 99            |
|    total_timesteps      | 211968        |
| train/                  |               |
|    approx_kl            | 2.9555133e-06 |
|    clip_fraction        | 0             |
|    clip_range           | 0.2           |
|    entropy_loss         | -0.0088       |
|    explained_variance   | 0.911         |
|    learning_rate        | 0.0003        |
|    loss                 | 0.0258        |
|    n_updates            | 1370          |
|    policy_gradient_loss | -7.02e-06     |
|    value_loss           | 0.0886        |
-------------------------------------------
-------------------------------------------
| time/                   |               |
|    fps                  | 351           |
|    iterations           | 24            |
|    time_elapsed         | 104           |
|    total_timesteps      | 213504        |
| train/                  |               |
|    approx_kl            | 2.9753972e-05 |
|    clip_fraction        | 0.000716      |
|    clip_range           | 0.2           |
|    entropy_loss         | -0.00955      |
|    explained_variance   | 0.909         |
|    learning_rate        | 0.0003        |
|    loss                 | 0.0101        |
|    n_updates            | 1380          |
|    policy_gradient_loss | -0.000146     |
|    value_loss           | 0.0643        |
-------------------------------------------
------------------------------------------
| time/                   |              |
|    fps                  | 355          |
|    iterations           | 25           |
|    time_elapsed         | 108          |
|    total_timesteps      | 215040       |
| train/                  |              |
|    approx_kl            | 1.053547e-05 |
|    clip_fraction        | 0.000326     |
|    clip_range           | 0.2          |
|    entropy_loss         | -0.0222      |
|    explained_variance   | 0.92         |
|    learning_rate        | 0.0003       |
|    loss                 | 2.21         |
|    n_updates            | 1390         |
|    policy_gradient_loss | 9.15e-05     |
|    value_loss           | 4.48         |
------------------------------------------
  step  215043/500000 ( 43.0%)  mean_rew=-0.134
------------------------------------------
| time/                   |              |
|    fps                  | 353          |
|    iterations           | 26           |
|    time_elapsed         | 112          |
|    total_timesteps      | 216576       |
| train/                  |              |
|    approx_kl            | 0.0024203467 |
|    clip_fraction        | 0.0102       |
|    clip_range           | 0.2          |
|    entropy_loss         | -0.022       |
|    explained_variance   | 0.963        |
|    learning_rate        | 0.0003       |
|    loss                 | 0.255        |
|    n_updates            | 1400         |
|    policy_gradient_loss | -4.27e-05    |
|    value_loss           | 0.63         |
------------------------------------------
-------------------------------------------
| time/                   |               |
|    fps                  | 350           |
|    iterations           | 27            |
|    time_elapsed         | 118           |
|    total_timesteps      | 218112        |
| train/                  |               |
|    approx_kl            | 4.1031202e-05 |
|    clip_fraction        | 0.000586      |
|    clip_range           | 0.2           |
|    entropy_loss         | -0.0105       |
|    explained_variance   | 0.918         |
|    learning_rate        | 0.0003        |
|    loss                 | 1.47          |
|    n_updates            | 1410          |
|    policy_gradient_loss | 6.14e-05      |
|    value_loss           | 5.65          |
-------------------------------------------
-------------------------------------------
| time/                   |               |
|    fps                  | 356           |
|    iterations           | 28            |
|    time_elapsed         | 120           |
|    total_timesteps      | 219648        |
| train/                  |               |
|    approx_kl            | 0.00038818736 |
|    clip_fraction        | 0.000911      |
|    clip_range           | 0.2           |
|    entropy_loss         | -0.0251       |
|    explained_variance   | 0.924         |
|    learning_rate        | 0.0003        |
|    loss                 | 2.44          |
|    n_updates            | 1420          |
|    policy_gradient_loss | -0.000161     |
|    value_loss           | 6.7           |
-------------------------------------------
  step  220044/500000 ( 44.0%)  mean_rew=-0.003
------------------------------------------
| time/                   |              |
|    fps                  | 362          |
|    iterations           | 29           |
|    time_elapsed         | 122          |
|    total_timesteps      | 221184       |
| train/                  |              |
|    approx_kl            | 5.005859e-09 |
|    clip_fraction        | 0            |
|    clip_range           | 0.2          |
|    entropy_loss         | -0.00885     |
|    explained_variance   | 0.946        |
|    learning_rate        | 0.0003       |
|    loss                 | 0.012        |
|    n_updates            | 1430         |
|    policy_gradient_loss | -6.7e-06     |
|    value_loss           | 0.0317       |
------------------------------------------
------------------------------------------
| time/                   |              |
|    fps                  | 358          |
|    iterations           | 30           |
|    time_elapsed         | 128          |
|    total_timesteps      | 222720       |
| train/                  |              |
|    approx_kl            | 0.0022574111 |
|    clip_fraction        | 0.00586      |
|    clip_range           | 0.2          |
|    entropy_loss         | -0.0141      |
|    explained_variance   | 0.877        |
|    learning_rate        | 0.0003       |
|    loss                 | 0.142        |
|    n_updates            | 1440         |
|    policy_gradient_loss | -0.00551     |
|    value_loss           | 0.557        |
------------------------------------------
------------------------------------------
| time/                   |              |
|    fps                  | 354          |
|    iterations           | 31           |
|    time_elapsed         | 134          |
|    total_timesteps      | 224256       |
| train/                  |              |
|    approx_kl            | 8.882341e-05 |
|    clip_fraction        | 0.00013      |
|    clip_range           | 0.2          |
|    entropy_loss         | -0.0226      |
|    explained_variance   | 0.935        |
|    learning_rate        | 0.0003       |
|    loss                 | 3.25         |
|    n_updates            | 1450         |
|    policy_gradient_loss | -9.42e-06    |
|    value_loss           | 7.08         |
------------------------------------------
  step  225045/500000 ( 45.0%)  mean_rew=-0.004
-------------------------------------------
| time/                   |               |
|    fps                  | 358           |
|    iterations           | 32            |
|    time_elapsed         | 137           |
|    total_timesteps      | 225792        |
| train/                  |               |
|    approx_kl            | 0.00033974028 |
|    clip_fraction        | 0.0015        |
|    clip_range           | 0.2           |
|    entropy_loss         | -0.0263       |
|    explained_variance   | 0.928         |
|    learning_rate        | 0.0003        |
|    loss                 | 1.58          |
|    n_updates            | 1460          |
|    policy_gradient_loss | 0.000264      |
|    value_loss           | 7.83          |
-------------------------------------------
------------------------------------------
| time/                   |              |
|    fps                  | 356          |
|    iterations           | 33           |
|    time_elapsed         | 142          |
|    total_timesteps      | 227328       |
| train/                  |              |
|    approx_kl            | 0.0012324945 |
|    clip_fraction        | 0.00475      |
|    clip_range           | 0.2          |
|    entropy_loss         | -0.0188      |
|    explained_variance   | 0.968        |
|    learning_rate        | 0.0003       |
|    loss                 | 0.294        |
|    n_updates            | 1470         |
|    policy_gradient_loss | -0.00044     |
|    value_loss           | 1.16         |
------------------------------------------
------------------------------------------
| time/                   |              |
|    fps                  | 354          |
|    iterations           | 34           |
|    time_elapsed         | 147          |
|    total_timesteps      | 228864       |
| train/                  |              |
|    approx_kl            | 0.0004517713 |
|    clip_fraction        | 0.00202      |
|    clip_range           | 0.2          |
|    entropy_loss         | -0.0222      |
|    explained_variance   | 0.906        |
|    learning_rate        | 0.0003       |
|    loss                 | 4.81         |
|    n_updates            | 1480         |
|    policy_gradient_loss | -0.000163    |
|    value_loss           | 8.21         |
------------------------------------------
  step  230046/500000 ( 46.0%)  mean_rew=-0.110
----------------------------------------
| time/                   |            |
|    fps                  | 354        |
|    iterations           | 35         |
|    time_elapsed         | 151        |
|    total_timesteps      | 230400     |
| train/                  |            |
|    approx_kl            | 0.00048257 |
|    clip_fraction        | 0.00169    |
|    clip_range           | 0.2        |
|    entropy_loss         | -0.0272    |
|    explained_variance   | 0.924      |
|    learning_rate        | 0.0003     |
|    loss                 | 4.83       |
|    n_updates            | 1490       |
|    policy_gradient_loss | -3.17e-05  |
|    value_loss           | 8.37       |
----------------------------------------
------------------------------------------
| time/                   |              |
|    fps                  | 352          |
|    iterations           | 36           |
|    time_elapsed         | 156          |
|    total_timesteps      | 231936       |
| train/                  |              |
|    approx_kl            | 0.0015899726 |
|    clip_fraction        | 0.0125       |
|    clip_range           | 0.2          |
|    entropy_loss         | -0.0339      |
|    explained_variance   | 0.984        |
|    learning_rate        | 0.0003       |
|    loss                 | 0.405        |
|    n_updates            | 1500         |
|    policy_gradient_loss | -0.00201     |
|    value_loss           | 1.07         |
------------------------------------------
-------------------------------------------
| time/                   |               |
|    fps                  | 344           |
|    iterations           | 37            |
|    time_elapsed         | 165           |
|    total_timesteps      | 233472        |
| train/                  |               |
|    approx_kl            | 0.00028071497 |
|    clip_fraction        | 0.00313       |
|    clip_range           | 0.2           |
|    entropy_loss         | -0.0342       |
|    explained_variance   | 0.924         |
|    learning_rate        | 0.0003        |
|    loss                 | 7.63          |
|    n_updates            | 1510          |
|    policy_gradient_loss | -5.88e-05     |
|    value_loss           | 8.67          |
-------------------------------------------
-------------------------------------------
| time/                   |               |
|    fps                  | 334           |
|    iterations           | 38            |
|    time_elapsed         | 174           |
|    total_timesteps      | 235008        |
| train/                  |               |
|    approx_kl            | 0.00020375068 |
|    clip_fraction        | 0.000977      |
|    clip_range           | 0.2           |
|    entropy_loss         | -0.0175       |
|    explained_variance   | 0.933         |
|    learning_rate        | 0.0003        |
|    loss                 | 3.2           |
|    n_updates            | 1520          |
|    policy_gradient_loss | -0.00015      |
|    value_loss           | 8.63          |
-------------------------------------------
  step  235047/500000 ( 47.0%)  mean_rew=-0.202
-------------------------------------------
| time/                   |               |
|    fps                  | 339           |
|    iterations           | 39            |
|    time_elapsed         | 176           |
|    total_timesteps      | 236544        |
| train/                  |               |
|    approx_kl            | 3.1933032e-05 |
|    clip_fraction        | 0             |
|    clip_range           | 0.2           |
|    entropy_loss         | -0.0245       |
|    explained_variance   | 0.927         |
|    learning_rate        | 0.0003        |
|    loss                 | 3.55          |
|    n_updates            | 1530          |
|    policy_gradient_loss | -2.32e-05     |
|    value_loss           | 11.4          |
-------------------------------------------
-------------------------------------------
| time/                   |               |
|    fps                  | 343           |
|    iterations           | 40            |
|    time_elapsed         | 178           |
|    total_timesteps      | 238080        |
| train/                  |               |
|    approx_kl            | 0.00015342487 |
|    clip_fraction        | 0.00234       |
|    clip_range           | 0.2           |
|    entropy_loss         | -0.0169       |
|    explained_variance   | 0.944         |
|    learning_rate        | 0.0003        |
|    loss                 | 0.0223        |
|    n_updates            | 1540          |
|    policy_gradient_loss | -0.000321     |
|    value_loss           | 0.107         |
-------------------------------------------
------------------------------------------
| time/                   |              |
|    fps                  | 341          |
|    iterations           | 41           |
|    time_elapsed         | 184          |
|    total_timesteps      | 239616       |
| train/                  |              |
|    approx_kl            | 8.007395e-06 |
|    clip_fraction        | 0.00013      |
|    clip_range           | 0.2          |
|    entropy_loss         | -0.0161      |
|    explained_variance   | 0.911        |
|    learning_rate        | 0.0003       |
|    loss                 | 0.0254       |
|    n_updates            | 1550         |
|    policy_gradient_loss | -3.8e-06     |
|    value_loss           | 0.229        |
------------------------------------------
  step  240048/500000 ( 48.0%)  mean_rew=-0.004
------------------------------------------
| time/                   |              |
|    fps                  | 345          |
|    iterations           | 42           |
|    time_elapsed         | 186          |
|    total_timesteps      | 241152       |
| train/                  |              |
|    approx_kl            | 0.0009053815 |
|    clip_fraction        | 0.0115       |
|    clip_range           | 0.2          |
|    entropy_loss         | -0.0319      |
|    explained_variance   | 0.931        |
|    learning_rate        | 0.0003       |
|    loss                 | 4.17         |
|    n_updates            | 1560         |
|    policy_gradient_loss | -0.00125     |
|    value_loss           | 6.91         |
------------------------------------------
-------------------------------------------
| time/                   |               |
|    fps                  | 349           |
|    iterations           | 43            |
|    time_elapsed         | 188           |
|    total_timesteps      | 242688        |
| train/                  |               |
|    approx_kl            | 2.8879886e-05 |
|    clip_fraction        | 0.00176       |
|    clip_range           | 0.2           |
|    entropy_loss         | -0.0142       |
|    explained_variance   | 0.951         |
|    learning_rate        | 0.0003        |
|    loss                 | 0.0183        |
|    n_updates            | 1570          |
|    policy_gradient_loss | -4.59e-05     |
|    value_loss           | 0.0582        |
-------------------------------------------
-------------------------------------------
| time/                   |               |
|    fps                  | 347           |
|    iterations           | 44            |
|    time_elapsed         | 194           |
|    total_timesteps      | 244224        |
| train/                  |               |
|    approx_kl            | 1.1001714e-05 |
|    clip_fraction        | 0.000195      |
|    clip_range           | 0.2           |
|    entropy_loss         | -0.0131       |
|    explained_variance   | 0.913         |
|    learning_rate        | 0.0003        |
|    loss                 | 0.0909        |
|    n_updates            | 1580          |
|    policy_gradient_loss | -1.16e-05     |
|    value_loss           | 0.196         |
-------------------------------------------
  step  245049/500000 ( 49.0%)  mean_rew=-0.056
-------------------------------------------
| time/                   |               |
|    fps                  | 345           |
|    iterations           | 45            |
|    time_elapsed         | 200           |
|    total_timesteps      | 245760        |
| train/                  |               |
|    approx_kl            | 0.00020408204 |
|    clip_fraction        | 0.00514       |
|    clip_range           | 0.2           |
|    entropy_loss         | -0.0291       |
|    explained_variance   | 0.933         |
|    learning_rate        | 0.0003        |
|    loss                 | 1.01          |
|    n_updates            | 1590          |
|    policy_gradient_loss | 0.000117      |
|    value_loss           | 4.65          |
-------------------------------------------
------------------------------------------
| time/                   |              |
|    fps                  | 348          |
|    iterations           | 46           |
|    time_elapsed         | 202          |
|    total_timesteps      | 247296       |
| train/                  |              |
|    approx_kl            | 0.0005204748 |
|    clip_fraction        | 0.00436      |
|    clip_range           | 0.2          |
|    entropy_loss         | -0.0284      |
|    explained_variance   | 0.935        |
|    learning_rate        | 0.0003       |
|    loss                 | 1.22         |
|    n_updates            | 1600         |
|    policy_gradient_loss | 4.04e-05     |
|    value_loss           | 5.31         |
------------------------------------------
-------------------------------------------
| time/                   |               |
|    fps                  | 347           |
|    iterations           | 47            |
|    time_elapsed         | 208           |
|    total_timesteps      | 248832        |
| train/                  |               |
|    approx_kl            | 0.00018161582 |
|    clip_fraction        | 0.00495       |
|    clip_range           | 0.2           |
|    entropy_loss         | -0.0145       |
|    explained_variance   | 0.966         |
|    learning_rate        | 0.0003        |
|    loss                 | 0.182         |
|    n_updates            | 1610          |
|    policy_gradient_loss | 0.00144       |
|    value_loss           | 0.641         |
-------------------------------------------
  step  250050/500000 ( 50.0%)  mean_rew=-0.200
-------------------------------------------
| time/                   |               |
|    fps                  | 345           |
|    iterations           | 48            |
|    time_elapsed         | 213           |
|    total_timesteps      | 250368        |
| train/                  |               |
|    approx_kl            | 0.00038720123 |
|    clip_fraction        | 0.00592       |
|    clip_range           | 0.2           |
|    entropy_loss         | -0.0293       |
|    explained_variance   | 0.931         |
|    learning_rate        | 0.0003        |
|    loss                 | 1.28          |
|    n_updates            | 1620          |
|    policy_gradient_loss | -0.00027      |
|    value_loss           | 6.42          |
-------------------------------------------
----------------------------------------
| time/                   |            |
|    fps                  | 346        |
|    iterations           | 49         |
|    time_elapsed         | 217        |
|    total_timesteps      | 251904     |
| train/                  |            |
|    approx_kl            | 0.00230454 |
|    clip_fraction        | 0.00996    |
|    clip_range           | 0.2        |
|    entropy_loss         | -0.0293    |
|    explained_variance   | 0.933      |
|    learning_rate        | 0.0003     |
|    loss                 | 3.18       |
|    n_updates            | 1630       |
|    policy_gradient_loss | -0.000752  |
|    value_loss           | 6.8        |
----------------------------------------
------------------------------------------
| time/                   |              |
|    fps                  | 347          |
|    iterations           | 50           |
|    time_elapsed         | 221          |
|    total_timesteps      | 253440       |
| train/                  |              |
|    approx_kl            | 0.0009024257 |
|    clip_fraction        | 0.0104       |
|    clip_range           | 0.2          |
|    entropy_loss         | -0.0344      |
|    explained_variance   | 0.982        |
|    learning_rate        | 0.0003       |
|    loss                 | 0.228        |
|    n_updates            | 1640         |
|    policy_gradient_loss | -0.00133     |
|    value_loss           | 0.889        |
------------------------------------------
------------------------------------------
| time/                   |              |
|    fps                  | 345          |
|    iterations           | 51           |
|    time_elapsed         | 226          |
|    total_timesteps      | 254976       |
| train/                  |              |
|    approx_kl            | 9.674423e-06 |
|    clip_fraction        | 0            |
|    clip_range           | 0.2          |
|    entropy_loss         | -0.0125      |
|    explained_variance   | 0.897        |
|    learning_rate        | 0.0003       |
|    loss                 | 2.12         |
|    n_updates            | 1650         |
|    policy_gradient_loss | 2.55e-06     |
|    value_loss           | 6.43         |
------------------------------------------
  step  255051/500000 ( 51.0%)  mean_rew=-0.005
-------------------------------------------
| time/                   |               |
|    fps                  | 342           |
|    iterations           | 52            |
|    time_elapsed         | 232           |
|    total_timesteps      | 256512        |
| train/                  |               |
|    approx_kl            | 2.7918722e-05 |
|    clip_fraction        | 0.00182       |
|    clip_range           | 0.2           |
|    entropy_loss         | -0.0339       |
|    explained_variance   | 0.933         |
|    learning_rate        | 0.0003        |
|    loss                 | 4.92          |
|    n_updates            | 1660          |
|    policy_gradient_loss | -4.62e-05     |
|    value_loss           | 7.2           |
-------------------------------------------
------------------------------------------
| time/                   |              |
|    fps                  | 345          |
|    iterations           | 53           |
|    time_elapsed         | 235          |
|    total_timesteps      | 258048       |
| train/                  |              |
|    approx_kl            | 0.0007685244 |
|    clip_fraction        | 0.00495      |
|    clip_range           | 0.2          |
|    entropy_loss         | -0.046       |
|    explained_variance   | 0.986        |
|    learning_rate        | 0.0003       |
|    loss                 | 0.138        |
|    n_updates            | 1670         |
|    policy_gradient_loss | 6.32e-05     |
|    value_loss           | 0.682        |
------------------------------------------
-------------------------------------------
| time/                   |               |
|    fps                  | 344           |
|    iterations           | 54            |
|    time_elapsed         | 240           |
|    total_timesteps      | 259584        |
| train/                  |               |
|    approx_kl            | 0.00038706406 |
|    clip_fraction        | 0.00137       |
|    clip_range           | 0.2           |
|    entropy_loss         | -0.0143       |
|    explained_variance   | 0.781         |
|    learning_rate        | 0.0003        |
|    loss                 | 2.13          |
|    n_updates            | 1680          |
|    policy_gradient_loss | -0.00127      |
|    value_loss           | 5.1           |
-------------------------------------------
  step  260052/500000 ( 52.0%)  mean_rew=-0.006
-------------------------------------------
| time/                   |               |
|    fps                  | 343           |
|    iterations           | 55            |
|    time_elapsed         | 245           |
|    total_timesteps      | 261120        |
| train/                  |               |
|    approx_kl            | 0.00030803026 |
|    clip_fraction        | 0.000586      |
|    clip_range           | 0.2           |
|    entropy_loss         | -0.0296       |
|    explained_variance   | 0.934         |
|    learning_rate        | 0.0003        |
|    loss                 | 1.49          |
|    n_updates            | 1690          |
|    policy_gradient_loss | -4.68e-05     |
|    value_loss           | 4.36          |
-------------------------------------------
------------------------------------------
| time/                   |              |
|    fps                  | 345          |
|    iterations           | 56           |
|    time_elapsed         | 249          |
|    total_timesteps      | 262656       |
| train/                  |              |
|    approx_kl            | 0.0004707972 |
|    clip_fraction        | 0.00671      |
|    clip_range           | 0.2          |
|    entropy_loss         | -0.0291      |
|    explained_variance   | 0.936        |
|    learning_rate        | 0.0003       |
|    loss                 | 3.2          |
|    n_updates            | 1700         |
|    policy_gradient_loss | -0.000278    |
|    value_loss           | 5.22         |
------------------------------------------
-----------------------------------------
| time/                   |             |
|    fps                  | 345         |
|    iterations           | 57          |
|    time_elapsed         | 253         |
|    total_timesteps      | 264192      |
| train/                  |             |
|    approx_kl            | 0.000241877 |
|    clip_fraction        | 0.00521     |
|    clip_range           | 0.2         |
|    entropy_loss         | -0.034      |
|    explained_variance   | 0.979       |
|    learning_rate        | 0.0003      |
|    loss                 | 0.299       |
|    n_updates            | 1710        |
|    policy_gradient_loss | 0.000274    |
|    value_loss           | 0.77        |
-----------------------------------------
  step  265053/500000 ( 53.0%)  mean_rew=-0.172
-------------------------------------------
| time/                   |               |
|    fps                  | 344           |
|    iterations           | 58            |
|    time_elapsed         | 258           |
|    total_timesteps      | 265728        |
| train/                  |               |
|    approx_kl            | 3.0051839e-05 |
|    clip_fraction        | 0.000521      |
|    clip_range           | 0.2           |
|    entropy_loss         | -0.00907      |
|    explained_variance   | 0.901         |
|    learning_rate        | 0.0003        |
|    loss                 | 0.838         |
|    n_updates            | 1720          |
|    policy_gradient_loss | -5.38e-05     |
|    value_loss           | 5.37          |
-------------------------------------------
------------------------------------------
| time/                   |              |
|    fps                  | 344          |
|    iterations           | 59           |
|    time_elapsed         | 263          |
|    total_timesteps      | 267264       |
| train/                  |              |
|    approx_kl            | 0.0012036194 |
|    clip_fraction        | 0.0117       |
|    clip_range           | 0.2          |
|    entropy_loss         | -0.0287      |
|    explained_variance   | 0.934        |
|    learning_rate        | 0.0003       |
|    loss                 | 5.88         |
|    n_updates            | 1730         |
|    policy_gradient_loss | -0.00103     |
|    value_loss           | 6.22         |
------------------------------------------
-------------------------------------------
| time/                   |               |
|    fps                  | 345           |
|    iterations           | 60            |
|    time_elapsed         | 266           |
|    total_timesteps      | 268800        |
| train/                  |               |
|    approx_kl            | 0.00089378195 |
|    clip_fraction        | 0.00892       |
|    clip_range           | 0.2           |
|    entropy_loss         | -0.0323       |
|    explained_variance   | 0.985         |
|    learning_rate        | 0.0003        |
|    loss                 | 0.399         |
|    n_updates            | 1740          |
|    policy_gradient_loss | -5.02e-05     |
|    value_loss           | 0.917         |
-------------------------------------------
  step  270054/500000 ( 54.0%)  mean_rew=-0.004
-------------------------------------------
| time/                   |               |
|    fps                  | 345           |
|    iterations           | 61            |
|    time_elapsed         | 271           |
|    total_timesteps      | 270336        |
| train/                  |               |
|    approx_kl            | 0.00015902527 |
|    clip_fraction        | 0.00378       |
|    clip_range           | 0.2           |
|    entropy_loss         | -0.0186       |
|    explained_variance   | 0.719         |
|    learning_rate        | 0.0003        |
|    loss                 | 1.96          |
|    n_updates            | 1750          |
|    policy_gradient_loss | -0.000829     |
|    value_loss           | 5.35          |
-------------------------------------------
------------------------------------------
| time/                   |              |
|    fps                  | 343          |
|    iterations           | 62           |
|    time_elapsed         | 276          |
|    total_timesteps      | 271872       |
| train/                  |              |
|    approx_kl            | 5.282997e-05 |
|    clip_fraction        | 0            |
|    clip_range           | 0.2          |
|    entropy_loss         | -0.0166      |
|    explained_variance   | 0.924        |
|    learning_rate        | 0.0003       |
|    loss                 | 2.97         |
|    n_updates            | 1760         |
|    policy_gradient_loss | -1.52e-05    |
|    value_loss           | 5.01         |
------------------------------------------
-------------------------------------------
| time/                   |               |
|    fps                  | 345           |
|    iterations           | 63            |
|    time_elapsed         | 280           |
|    total_timesteps      | 273408        |
| train/                  |               |
|    approx_kl            | 0.00036552284 |
|    clip_fraction        | 0.00104       |
|    clip_range           | 0.2           |
|    entropy_loss         | -0.0311       |
|    explained_variance   | 0.931         |
|    learning_rate        | 0.0003        |
|    loss                 | 4.08          |
|    n_updates            | 1770          |
|    policy_gradient_loss | -9.97e-05     |
|    value_loss           | 5.73          |
-------------------------------------------
-------------------------------------------
| time/                   |               |
|    fps                  | 344           |
|    iterations           | 64            |
|    time_elapsed         | 285           |
|    total_timesteps      | 274944        |
| train/                  |               |
|    approx_kl            | 0.00025223594 |
|    clip_fraction        | 0.0056        |
|    clip_range           | 0.2           |
|    entropy_loss         | -0.0306       |
|    explained_variance   | 0.976         |
|    learning_rate        | 0.0003        |
|    loss                 | 0.948         |
|    n_updates            | 1780          |
|    policy_gradient_loss | -0.000906     |
|    value_loss           | 1             |
-------------------------------------------
  step  275055/500000 ( 55.0%)  mean_rew=-0.157
------------------------------------------
| time/                   |              |
|    fps                  | 339          |
|    iterations           | 65           |
|    time_elapsed         | 293          |
|    total_timesteps      | 276480       |
| train/                  |              |
|    approx_kl            | 0.0006683895 |
|    clip_fraction        | 0.00254      |
|    clip_range           | 0.2          |
|    entropy_loss         | -0.0359      |
|    explained_variance   | 0.934        |
|    learning_rate        | 0.0003       |
|    loss                 | 2.62         |
|    n_updates            | 1790         |
|    policy_gradient_loss | -9.69e-05    |
|    value_loss           | 6.56         |
------------------------------------------
------------------------------------------
| time/                   |              |
|    fps                  | 338          |
|    iterations           | 66           |
|    time_elapsed         | 299          |
|    total_timesteps      | 278016       |
| train/                  |              |
|    approx_kl            | 4.900697e-07 |
|    clip_fraction        | 0            |
|    clip_range           | 0.2          |
|    entropy_loss         | -0.0082      |
|    explained_variance   | 0.916        |
|    learning_rate        | 0.0003       |
|    loss                 | 1.08         |
|    n_updates            | 1800         |
|    policy_gradient_loss | -6.41e-06    |
|    value_loss           | 8.49         |
------------------------------------------
-----------------------------------------
| time/                   |             |
|    fps                  | 338         |
|    iterations           | 67          |
|    time_elapsed         | 303         |
|    total_timesteps      | 279552      |
| train/                  |             |
|    approx_kl            | 0.000612721 |
|    clip_fraction        | 0.00866     |
|    clip_range           | 0.2         |
|    entropy_loss         | -0.0402     |
|    explained_variance   | 0.985       |
|    learning_rate        | 0.0003      |
|    loss                 | 0.405       |
|    n_updates            | 1810        |
|    policy_gradient_loss | -0.000355   |
|    value_loss           | 0.87        |
-----------------------------------------
  step  280056/500000 ( 56.0%)  mean_rew=-0.328
-------------------------------------------
| time/                   |               |
|    fps                  | 336           |
|    iterations           | 68            |
|    time_elapsed         | 310           |
|    total_timesteps      | 281088        |
| train/                  |               |
|    approx_kl            | 0.00042183299 |
|    clip_fraction        | 0.00104       |
|    clip_range           | 0.2           |
|    entropy_loss         | -0.0318       |
|    explained_variance   | 0.918         |
|    learning_rate        | 0.0003        |
|    loss                 | 1.48          |
|    n_updates            | 1820          |
|    policy_gradient_loss | 4.26e-05      |
|    value_loss           | 7.9           |
-------------------------------------------
-------------------------------------------
| time/                   |               |
|    fps                  | 335           |
|    iterations           | 69            |
|    time_elapsed         | 315           |
|    total_timesteps      | 282624        |
| train/                  |               |
|    approx_kl            | 2.3089426e-06 |
|    clip_fraction        | 0             |
|    clip_range           | 0.2           |
|    entropy_loss         | -0.0134       |
|    explained_variance   | 0.925         |
|    learning_rate        | 0.0003        |
|    loss                 | 6.07          |
|    n_updates            | 1830          |
|    policy_gradient_loss | -1.34e-05     |
|    value_loss           | 7.92          |
-------------------------------------------
----------------------------------------
| time/                   |            |
|    fps                  | 332        |
|    iterations           | 70         |
|    time_elapsed         | 323        |
|    total_timesteps      | 284160     |
| train/                  |            |
|    approx_kl            | 0.00087768 |
|    clip_fraction        | 0.0111     |
|    clip_range           | 0.2        |
|    entropy_loss         | -0.0367    |
|    explained_variance   | 0.932      |
|    learning_rate        | 0.0003     |
|    loss                 | 4.81       |
|    n_updates            | 1840       |
|    policy_gradient_loss | -0.000592  |
|    value_loss           | 8.2        |
----------------------------------------
  step  285057/500000 ( 57.0%)  mean_rew=-0.004
------------------------------------------
| time/                   |              |
|    fps                  | 331          |
|    iterations           | 71           |
|    time_elapsed         | 328          |
|    total_timesteps      | 285696       |
| train/                  |              |
|    approx_kl            | 0.0002329086 |
|    clip_fraction        | 0.00111      |
|    clip_range           | 0.2          |
|    entropy_loss         | -0.0274      |
|    explained_variance   | 0.979        |
|    learning_rate        | 0.0003       |
|    loss                 | 0.893        |
|    n_updates            | 1850         |
|    policy_gradient_loss | 2.92e-06     |
|    value_loss           | 2.09         |
------------------------------------------
-------------------------------------------
| time/                   |               |
|    fps                  | 330           |
|    iterations           | 72            |
|    time_elapsed         | 334           |
|    total_timesteps      | 287232        |
| train/                  |               |
|    approx_kl            | 3.9614813e-05 |
|    clip_fraction        | 0             |
|    clip_range           | 0.2           |
|    entropy_loss         | -0.0128       |
|    explained_variance   | 0.915         |
|    learning_rate        | 0.0003        |
|    loss                 | 2.09          |
|    n_updates            | 1860          |
|    policy_gradient_loss | -1.33e-05     |
|    value_loss           | 9.57          |
-------------------------------------------
--------------------------------------------
| time/                   |                |
|    fps                  | 331            |
|    iterations           | 73             |
|    time_elapsed         | 338            |
|    total_timesteps      | 288768         |
| train/                  |                |
|    approx_kl            | 0.000101420366 |
|    clip_fraction        | 0.00026        |
|    clip_range           | 0.2            |
|    entropy_loss         | -0.0304        |
|    explained_variance   | 0.929          |
|    learning_rate        | 0.0003         |
|    loss                 | 2.97           |
|    n_updates            | 1870           |
|    policy_gradient_loss | 7.77e-06       |
|    value_loss           | 9.13           |
--------------------------------------------
  step  290058/500000 ( 58.0%)  mean_rew=-0.005
-------------------------------------------
| time/                   |               |
|    fps                  | 332           |
|    iterations           | 74            |
|    time_elapsed         | 341           |
|    total_timesteps      | 290304        |
| train/                  |               |
|    approx_kl            | 0.00065028947 |
|    clip_fraction        | 0.0107        |
|    clip_range           | 0.2           |
|    entropy_loss         | -0.0304       |
|    explained_variance   | 0.986         |
|    learning_rate        | 0.0003        |
|    loss                 | 0.939         |
|    n_updates            | 1880          |
|    policy_gradient_loss | -0.000811     |
|    value_loss           | 1.32          |
-------------------------------------------
------------------------------------------
| time/                   |              |
|    fps                  | 335          |
|    iterations           | 75           |
|    time_elapsed         | 343          |
|    total_timesteps      | 291840       |
| train/                  |              |
|    approx_kl            | 7.478326e-06 |
|    clip_fraction        | 0            |
|    clip_range           | 0.2          |
|    entropy_loss         | -0.0129      |
|    explained_variance   | 0.8          |
|    learning_rate        | 0.0003       |
|    loss                 | 2.02         |
|    n_updates            | 1890         |
|    policy_gradient_loss | 3.74e-05     |
|    value_loss           | 6.26         |
------------------------------------------
-------------------------------------------
| time/                   |               |
|    fps                  | 330           |
|    iterations           | 76            |
|    time_elapsed         | 353           |
|    total_timesteps      | 293376        |
| train/                  |               |
|    approx_kl            | 0.00015524332 |
|    clip_fraction        | 0.00345       |
|    clip_range           | 0.2           |
|    entropy_loss         | -0.0125       |
|    explained_variance   | 0.866         |
|    learning_rate        | 0.0003        |
|    loss                 | 0.295         |
|    n_updates            | 1900          |
|    policy_gradient_loss | -0.000233     |
|    value_loss           | 0.347         |
-------------------------------------------
-------------------------------------------
| time/                   |               |
|    fps                  | 331           |
|    iterations           | 77            |
|    time_elapsed         | 356           |
|    total_timesteps      | 294912        |
| train/                  |               |
|    approx_kl            | 3.6779365e-05 |
|    clip_fraction        | 0.000716      |
|    clip_range           | 0.2           |
|    entropy_loss         | -0.0258       |
|    explained_variance   | 0.941         |
|    learning_rate        | 0.0003        |
|    loss                 | 0.988         |
|    n_updates            | 1910          |
|    policy_gradient_loss | -1.53e-05     |
|    value_loss           | 5.96          |
-------------------------------------------
  step  295059/500000 ( 59.0%)  mean_rew=-0.141
------------------------------------------
| time/                   |              |
|    fps                  | 331          |
|    iterations           | 78           |
|    time_elapsed         | 361          |
|    total_timesteps      | 296448       |
| train/                  |              |
|    approx_kl            | 7.160784e-05 |
|    clip_fraction        | 0.00514      |
|    clip_range           | 0.2          |
|    entropy_loss         | -0.0249      |
|    explained_variance   | 0.976        |
|    learning_rate        | 0.0003       |
|    loss                 | 0.317        |
|    n_updates            | 1920         |
|    policy_gradient_loss | -0.000849    |
|    value_loss           | 0.69         |
------------------------------------------
-------------------------------------------
| time/                   |               |
|    fps                  | 333           |
|    iterations           | 79            |
|    time_elapsed         | 363           |
|    total_timesteps      | 297984        |
| train/                  |               |
|    approx_kl            | 0.00030061262 |
|    clip_fraction        | 0.00371       |
|    clip_range           | 0.2           |
|    entropy_loss         | -0.0197       |
|    explained_variance   | 0.925         |
|    learning_rate        | 0.0003        |
|    loss                 | 5.45          |
|    n_updates            | 1930          |
|    policy_gradient_loss | -9.24e-05     |
|    value_loss           | 6.29          |
-------------------------------------------
-------------------------------------------
| time/                   |               |
|    fps                  | 336           |
|    iterations           | 80            |
|    time_elapsed         | 365           |
|    total_timesteps      | 299520        |
| train/                  |               |
|    approx_kl            | 0.00010309132 |
|    clip_fraction        | 0.00189       |
|    clip_range           | 0.2           |
|    entropy_loss         | -0.0115       |
|    explained_variance   | 0.808         |
|    learning_rate        | 0.0003        |
|    loss                 | 0.0553        |
|    n_updates            | 1940          |
|    policy_gradient_loss | -0.000142     |
|    value_loss           | 0.171         |
-------------------------------------------
  step  300060/500000 ( 60.0%)  mean_rew=-0.004
------------------------------------------
| time/                   |              |
|    fps                  | 336          |
|    iterations           | 81           |
|    time_elapsed         | 369          |
|    total_timesteps      | 301056       |
| train/                  |              |
|    approx_kl            | 0.0012594326 |
|    clip_fraction        | 0.000716     |
|    clip_range           | 0.2          |
|    entropy_loss         | -0.0188      |
|    explained_variance   | 0.924        |
|    learning_rate        | 0.0003       |
|    loss                 | 0.00992      |
|    n_updates            | 1950         |
|    policy_gradient_loss | -0.000278    |
|    value_loss           | 0.0334       |
------------------------------------------
-------------------------------------------
| time/                   |               |
|    fps                  | 334           |
|    iterations           | 82            |
|    time_elapsed         | 376           |
|    total_timesteps      | 302592        |
| train/                  |               |
|    approx_kl            | 0.00018970626 |
|    clip_fraction        | 0.00475       |
|    clip_range           | 0.2           |
|    entropy_loss         | -0.0478       |
|    explained_variance   | 0.958         |
|    learning_rate        | 0.0003        |
|    loss                 | 0.104         |
|    n_updates            | 1960          |
|    policy_gradient_loss | -0.00011      |
|    value_loss           | 0.425         |
-------------------------------------------
  Stage 3 saved -> cologne3_ppo_stage3_75pct.zip

────────────────────────────────────────────────────────────
  Stage 4/4  100% demand  200000 steps  (cumulative -> 500000)
  Route: cologne3_rand_100pct.rou.xml
────────────────────────────────────────────────────────────
-------------------------------
| time/              |        |
|    fps             | 171    |
|    iterations      | 1      |
|    time_elapsed    | 8      |
|    total_timesteps | 304128 |
-------------------------------
  step  305061/500000 ( 61.0%)  mean_rew=-0.004
------------------------------------------
| time/                   |              |
|    fps                  | 169          |
|    iterations           | 2            |
|    time_elapsed         | 18           |
|    total_timesteps      | 305664       |
| train/                  |              |
|    approx_kl            | 0.0002583746 |
|    clip_fraction        | 0.00332      |
|    clip_range           | 0.2          |
|    entropy_loss         | -0.0241      |
|    explained_variance   | 0.961        |
|    learning_rate        | 0.0003       |
|    loss                 | 0.724        |
|    n_updates            | 1980         |
|    policy_gradient_loss | -0.000411    |
|    value_loss           | 2.31         |
------------------------------------------
-------------------------------------------
| time/                   |               |
|    fps                  | 157           |
|    iterations           | 3             |
|    time_elapsed         | 29            |
|    total_timesteps      | 307200        |
| train/                  |               |
|    approx_kl            | 0.00011965454 |
|    clip_fraction        | 0             |
|    clip_range           | 0.2           |
|    entropy_loss         | -0.0352       |
|    explained_variance   | 0.921         |
|    learning_rate        | 0.0003        |
|    loss                 | 3.28          |
|    n_updates            | 1990          |
|    policy_gradient_loss | -1.82e-05     |
|    value_loss           | 9.55          |
-------------------------------------------
-------------------------------------------
| time/                   |               |
|    fps                  | 172           |
|    iterations           | 4             |
|    time_elapsed         | 35            |
|    total_timesteps      | 308736        |
| train/                  |               |
|    approx_kl            | 1.2998158e-06 |
|    clip_fraction        | 0             |
|    clip_range           | 0.2           |
|    entropy_loss         | -0.00698      |
|    explained_variance   | 0.923         |
|    learning_rate        | 0.0003        |
|    loss                 | 2.46          |
|    n_updates            | 2000          |
|    policy_gradient_loss | -7.1e-05      |
|    value_loss           | 10.1          |
-------------------------------------------
  step  310062/500000 ( 62.0%)  mean_rew=-0.115
-------------------------------------------
| time/                   |               |
|    fps                  | 178           |
|    iterations           | 5             |
|    time_elapsed         | 42            |
|    total_timesteps      | 310272        |
| train/                  |               |
|    approx_kl            | 0.00011900739 |
|    clip_fraction        | 0.0137        |
|    clip_range           | 0.2           |
|    entropy_loss         | -0.034        |
|    explained_variance   | 0.987         |
|    learning_rate        | 0.0003        |
|    loss                 | 0.697         |
|    n_updates            | 2010          |
|    policy_gradient_loss | 0.000149      |
|    value_loss           | 1.37          |
-------------------------------------------
------------------------------------------
| time/                   |              |
|    fps                  | 175          |
|    iterations           | 6            |
|    time_elapsed         | 52           |
|    total_timesteps      | 311808       |
| train/                  |              |
|    approx_kl            | 0.0012237974 |
|    clip_fraction        | 0.0054       |
|    clip_range           | 0.2          |
|    entropy_loss         | -0.0315      |
|    explained_variance   | 0.924        |
|    learning_rate        | 0.0003       |
|    loss                 | 7.57         |
|    n_updates            | 2020         |
|    policy_gradient_loss | -0.000386    |
|    value_loss           | 11.1         |
------------------------------------------
-------------------------------------------
| time/                   |               |
|    fps                  | 165           |
|    iterations           | 7             |
|    time_elapsed         | 64            |
|    total_timesteps      | 313344        |
| train/                  |               |
|    approx_kl            | 0.00012109999 |
|    clip_fraction        | 0.00026       |
|    clip_range           | 0.2           |
|    entropy_loss         | -0.0227       |
|    explained_variance   | 0.925         |
|    learning_rate        | 0.0003        |
|    loss                 | 4.37          |
|    n_updates            | 2030          |
|    policy_gradient_loss | -8.09e-05     |
|    value_loss           | 12.4          |
-------------------------------------------
-------------------------------------------
| time/                   |               |
|    fps                  | 171           |
|    iterations           | 8             |
|    time_elapsed         | 71            |
|    total_timesteps      | 314880        |
| train/                  |               |
|    approx_kl            | 0.00015391588 |
|    clip_fraction        | 0.000586      |
|    clip_range           | 0.2           |
|    entropy_loss         | -0.00994      |
|    explained_variance   | 0.979         |
|    learning_rate        | 0.0003        |
|    loss                 | 0.854         |
|    n_updates            | 2040          |
|    policy_gradient_loss | -9.18e-05     |
|    value_loss           | 2.42          |
-------------------------------------------
  step  315063/500000 ( 63.0%)  mean_rew=-0.362
-------------------------------------------
| time/                   |               |
|    fps                  | 171           |
|    iterations           | 9             |
|    time_elapsed         | 80            |
|    total_timesteps      | 316416        |
| train/                  |               |
|    approx_kl            | 0.00029247548 |
|    clip_fraction        | 0.00456       |
|    clip_range           | 0.2           |
|    entropy_loss         | -0.0332       |
|    explained_variance   | 0.915         |
|    learning_rate        | 0.0003        |
|    loss                 | 1.86          |
|    n_updates            | 2050          |
|    policy_gradient_loss | -0.000447     |
|    value_loss           | 11.7          |
-------------------------------------------
-------------------------------------------
| time/                   |               |
|    fps                  | 164           |
|    iterations           | 10            |
|    time_elapsed         | 93            |
|    total_timesteps      | 317952        |
| train/                  |               |
|    approx_kl            | 0.00036464716 |
|    clip_fraction        | 0.00449       |
|    clip_range           | 0.2           |
|    entropy_loss         | -0.0335       |
|    explained_variance   | 0.918         |
|    learning_rate        | 0.0003        |
|    loss                 | 6.62          |
|    n_updates            | 2060          |
|    policy_gradient_loss | -0.000248     |
|    value_loss           | 13.5          |
-------------------------------------------
------------------------------------------
| time/                   |              |
|    fps                  | 162          |
|    iterations           | 11           |
|    time_elapsed         | 103          |
|    total_timesteps      | 319488       |
| train/                  |              |
|    approx_kl            | 9.098556e-06 |
|    clip_fraction        | 0            |
|    clip_range           | 0.2          |
|    entropy_loss         | -0.00702     |
|    explained_variance   | 0.91         |
|    learning_rate        | 0.0003       |
|    loss                 | 9.02         |
|    n_updates            | 2070         |
|    policy_gradient_loss | -5.95e-05    |
|    value_loss           | 13           |
------------------------------------------
  step  320064/500000 ( 64.0%)  mean_rew=-0.017
-------------------------------------------
| time/                   |               |
|    fps                  | 161           |
|    iterations           | 12            |
|    time_elapsed         | 113           |
|    total_timesteps      | 321024        |
| train/                  |               |
|    approx_kl            | 0.00010900929 |
|    clip_fraction        | 0.00514       |
|    clip_range           | 0.2           |
|    entropy_loss         | -0.0243       |
|    explained_variance   | 0.987         |
|    learning_rate        | 0.0003        |
|    loss                 | 0.774         |
|    n_updates            | 2080          |
|    policy_gradient_loss | -0.000388     |
|    value_loss           | 1.98          |
-------------------------------------------
-------------------------------------------
| time/                   |               |
|    fps                  | 159           |
|    iterations           | 13            |
|    time_elapsed         | 125           |
|    total_timesteps      | 322560        |
| train/                  |               |
|    approx_kl            | 0.00014285417 |
|    clip_fraction        | 0.00371       |
|    clip_range           | 0.2           |
|    entropy_loss         | -0.0211       |
|    explained_variance   | 0.908         |
|    learning_rate        | 0.0003        |
|    loss                 | 8.09          |
|    n_updates            | 2090          |
|    policy_gradient_loss | 1.48e-06      |
|    value_loss           | 13.4          |
-------------------------------------------
-------------------------------------------
| time/                   |               |
|    fps                  | 154           |
|    iterations           | 14            |
|    time_elapsed         | 138           |
|    total_timesteps      | 324096        |
| train/                  |               |
|    approx_kl            | 6.8201836e-05 |
|    clip_fraction        | 0             |
|    clip_range           | 0.2           |
|    entropy_loss         | -0.0176       |
|    explained_variance   | 0.912         |
|    learning_rate        | 0.0003        |
|    loss                 | 4.5           |
|    n_updates            | 2100          |
|    policy_gradient_loss | -1.56e-05     |
|    value_loss           | 14.8          |
-------------------------------------------
  step  325065/500000 ( 65.0%)  mean_rew=-0.162
-------------------------------------------
| time/                   |               |
|    fps                  | 155           |
|    iterations           | 15            |
|    time_elapsed         | 148           |
|    total_timesteps      | 325632        |
| train/                  |               |
|    approx_kl            | 6.8095204e-07 |
|    clip_fraction        | 0             |
|    clip_range           | 0.2           |
|    entropy_loss         | -0.00683      |
|    explained_variance   | 0.978         |
|    learning_rate        | 0.0003        |
|    loss                 | 0.803         |
|    n_updates            | 2110          |
|    policy_gradient_loss | 1.59e-05      |
|    value_loss           | 2.31          |
-------------------------------------------
-------------------------------------------
| time/                   |               |
|    fps                  | 154           |
|    iterations           | 16            |
|    time_elapsed         | 158           |
|    total_timesteps      | 327168        |
| train/                  |               |
|    approx_kl            | 0.00013504892 |
|    clip_fraction        | 0.000326      |
|    clip_range           | 0.2           |
|    entropy_loss         | -0.0192       |
|    explained_variance   | 0.905         |
|    learning_rate        | 0.0003        |
|    loss                 | 5.57          |
|    n_updates            | 2120          |
|    policy_gradient_loss | 6.28e-06      |
|    value_loss           | 14.4          |
-------------------------------------------
------------------------------------------
| time/                   |              |
|    fps                  | 152          |
|    iterations           | 17           |
|    time_elapsed         | 170          |
|    total_timesteps      | 328704       |
| train/                  |              |
|    approx_kl            | 0.0008227652 |
|    clip_fraction        | 0.00866      |
|    clip_range           | 0.2          |
|    entropy_loss         | -0.0263      |
|    explained_variance   | 0.917        |
|    learning_rate        | 0.0003       |
|    loss                 | 5.21         |
|    n_updates            | 2130         |
|    policy_gradient_loss | -0.000165    |
|    value_loss           | 14.7         |
------------------------------------------
  step  330066/500000 ( 66.0%)  mean_rew=-0.341
-------------------------------------------
| time/                   |               |
|    fps                  | 153           |
|    iterations           | 18            |
|    time_elapsed         | 179           |
|    total_timesteps      | 330240        |
| train/                  |               |
|    approx_kl            | 0.00015507324 |
|    clip_fraction        | 0.00169       |
|    clip_range           | 0.2           |
|    entropy_loss         | -0.00945      |
|    explained_variance   | 0.905         |
|    learning_rate        | 0.0003        |
|    loss                 | 9.18          |
|    n_updates            | 2140          |
|    policy_gradient_loss | -0.000114     |
|    value_loss           | 13.7          |
-------------------------------------------
------------------------------------------
| time/                   |              |
|    fps                  | 155          |
|    iterations           | 19           |
|    time_elapsed         | 188          |
|    total_timesteps      | 331776       |
| train/                  |              |
|    approx_kl            | 0.0004570371 |
|    clip_fraction        | 0.00475      |
|    clip_range           | 0.2          |
|    entropy_loss         | -0.0251      |
|    explained_variance   | 0.991        |
|    learning_rate        | 0.0003       |
|    loss                 | 0.35         |
|    n_updates            | 2150         |
|    policy_gradient_loss | -7.29e-05    |
|    value_loss           | 1.24         |
------------------------------------------
------------------------------------------
| time/                   |              |
|    fps                  | 154          |
|    iterations           | 20           |
|    time_elapsed         | 198          |
|    total_timesteps      | 333312       |
| train/                  |              |
|    approx_kl            | 0.0014360598 |
|    clip_fraction        | 0.0102       |
|    clip_range           | 0.2          |
|    entropy_loss         | -0.0259      |
|    explained_variance   | 0.919        |
|    learning_rate        | 0.0003       |
|    loss                 | 5.42         |
|    n_updates            | 2160         |
|    policy_gradient_loss | -0.000771    |
|    value_loss           | 14           |
------------------------------------------
-------------------------------------------
| time/                   |               |
|    fps                  | 153           |
|    iterations           | 21            |
|    time_elapsed         | 210           |
|    total_timesteps      | 334848        |
| train/                  |               |
|    approx_kl            | 0.00024251007 |
|    clip_fraction        | 0.00117       |
|    clip_range           | 0.2           |
|    entropy_loss         | -0.0144       |
|    explained_variance   | 0.924         |
|    learning_rate        | 0.0003        |
|    loss                 | 18.7          |
|    n_updates            | 2170          |
|    policy_gradient_loss | -0.000383     |
|    value_loss           | 14.4          |
-------------------------------------------
  step  335067/500000 ( 67.0%)  mean_rew=-0.226
------------------------------------------
| time/                   |              |
|    fps                  | 153          |
|    iterations           | 22           |
|    time_elapsed         | 219          |
|    total_timesteps      | 336384       |
| train/                  |              |
|    approx_kl            | 0.0007259688 |
|    clip_fraction        | 0.00736      |
|    clip_range           | 0.2          |
|    entropy_loss         | -0.0141      |
|    explained_variance   | 0.985        |
|    learning_rate        | 0.0003       |
|    loss                 | 0.589        |
|    n_updates            | 2180         |
|    policy_gradient_loss | -0.000544    |
|    value_loss           | 1.87         |
------------------------------------------
-------------------------------------------
| time/                   |               |
|    fps                  | 154           |
|    iterations           | 23            |
|    time_elapsed         | 228           |
|    total_timesteps      | 337920        |
| train/                  |               |
|    approx_kl            | 0.00020748195 |
|    clip_fraction        | 0.00189       |
|    clip_range           | 0.2           |
|    entropy_loss         | -0.0401       |
|    explained_variance   | 0.915         |
|    learning_rate        | 0.0003        |
|    loss                 | 10.1          |
|    n_updates            | 2190          |
|    policy_gradient_loss | -5.23e-05     |
|    value_loss           | 13.4          |
-------------------------------------------
-------------------------------------------
| time/                   |               |
|    fps                  | 153           |
|    iterations           | 24            |
|    time_elapsed         | 240           |
|    total_timesteps      | 339456        |
| train/                  |               |
|    approx_kl            | 0.00032492247 |
|    clip_fraction        | 0.00221       |
|    clip_range           | 0.2           |
|    entropy_loss         | -0.0308       |
|    explained_variance   | 0.916         |
|    learning_rate        | 0.0003        |
|    loss                 | 12            |
|    n_updates            | 2200          |
|    policy_gradient_loss | -4.81e-05     |
|    value_loss           | 15.6          |
-------------------------------------------
  step  340068/500000 ( 68.0%)  mean_rew=-0.019
-------------------------------------------
| time/                   |               |
|    fps                  | 154           |
|    iterations           | 25            |
|    time_elapsed         | 249           |
|    total_timesteps      | 340992        |
| train/                  |               |
|    approx_kl            | 4.9702398e-05 |
|    clip_fraction        | 0.00013       |
|    clip_range           | 0.2           |
|    entropy_loss         | -0.013        |
|    explained_variance   | 0.91          |
|    learning_rate        | 0.0003        |
|    loss                 | 10.1          |
|    n_updates            | 2210          |
|    policy_gradient_loss | -1.64e-05     |
|    value_loss           | 14.2          |
-------------------------------------------
-------------------------------------------
| time/                   |               |
|    fps                  | 154           |
|    iterations           | 26            |
|    time_elapsed         | 258           |
|    total_timesteps      | 342528        |
| train/                  |               |
|    approx_kl            | 0.00028631938 |
|    clip_fraction        | 0.00306       |
|    clip_range           | 0.2           |
|    entropy_loss         | -0.0395       |
|    explained_variance   | 0.991         |
|    learning_rate        | 0.0003        |
|    loss                 | 0.82          |
|    n_updates            | 2220          |
|    policy_gradient_loss | 0.000305      |
|    value_loss           | 1.27          |
-------------------------------------------
------------------------------------------
| time/                   |              |
|    fps                  | 153          |
|    iterations           | 27           |
|    time_elapsed         | 269          |
|    total_timesteps      | 344064       |
| train/                  |              |
|    approx_kl            | 0.0009089958 |
|    clip_fraction        | 0.00918      |
|    clip_range           | 0.2          |
|    entropy_loss         | -0.0306      |
|    explained_variance   | 0.9          |
|    learning_rate        | 0.0003       |
|    loss                 | 7.71         |
|    n_updates            | 2230         |
|    policy_gradient_loss | -0.000972    |
|    value_loss           | 15.7         |
------------------------------------------
  step  345069/500000 ( 69.0%)  mean_rew=-0.317
-------------------------------------------
| time/                   |               |
|    fps                  | 153           |
|    iterations           | 28            |
|    time_elapsed         | 280           |
|    total_timesteps      | 345600        |
| train/                  |               |
|    approx_kl            | 4.8604987e-05 |
|    clip_fraction        | 0.00143       |
|    clip_range           | 0.2           |
|    entropy_loss         | -0.0239       |
|    explained_variance   | 0.921         |
|    learning_rate        | 0.0003        |
|    loss                 | 6.86          |
|    n_updates            | 2240          |
|    policy_gradient_loss | -1.15e-05     |
|    value_loss           | 15            |
-------------------------------------------
------------------------------------------
| time/                   |              |
|    fps                  | 154          |
|    iterations           | 29           |
|    time_elapsed         | 288          |
|    total_timesteps      | 347136       |
| train/                  |              |
|    approx_kl            | 9.646352e-05 |
|    clip_fraction        | 0.00378      |
|    clip_range           | 0.2          |
|    entropy_loss         | -0.0273      |
|    explained_variance   | 0.991        |
|    learning_rate        | 0.0003       |
|    loss                 | 0.434        |
|    n_updates            | 2250         |
|    policy_gradient_loss | -0.000302    |
|    value_loss           | 1.2          |
------------------------------------------
-------------------------------------------
| time/                   |               |
|    fps                  | 153           |
|    iterations           | 30            |
|    time_elapsed         | 299           |
|    total_timesteps      | 348672        |
| train/                  |               |
|    approx_kl            | 0.00041656464 |
|    clip_fraction        | 0.00716       |
|    clip_range           | 0.2           |
|    entropy_loss         | -0.033        |
|    explained_variance   | 0.914         |
|    learning_rate        | 0.0003        |
|    loss                 | 4.93          |
|    n_updates            | 2260          |
|    policy_gradient_loss | -0.000631     |
|    value_loss           | 14            |
-------------------------------------------
  step  350070/500000 ( 70.0%)  mean_rew=-0.384
------------------------------------------
| time/                   |              |
|    fps                  | 151          |
|    iterations           | 31           |
|    time_elapsed         | 313          |
|    total_timesteps      | 350208       |
| train/                  |              |
|    approx_kl            | 0.0004299654 |
|    clip_fraction        | 0.0026       |
|    clip_range           | 0.2          |
|    entropy_loss         | -0.0249      |
|    explained_variance   | 0.913        |
|    learning_rate        | 0.0003       |
|    loss                 | 9.24         |
|    n_updates            | 2270         |
|    policy_gradient_loss | -0.000158    |
|    value_loss           | 15.3         |
------------------------------------------
-------------------------------------------
| time/                   |               |
|    fps                  | 152           |
|    iterations           | 32            |
|    time_elapsed         | 322           |
|    total_timesteps      | 351744        |
| train/                  |               |
|    approx_kl            | 1.8471232e-08 |
|    clip_fraction        | 0             |
|    clip_range           | 0.2           |
|    entropy_loss         | -0.00458      |
|    explained_variance   | 0.898         |
|    learning_rate        | 0.0003        |
|    loss                 | 7.03          |
|    n_updates            | 2280          |
|    policy_gradient_loss | 3.37e-07      |
|    value_loss           | 15.2          |
-------------------------------------------
------------------------------------------
| time/                   |              |
|    fps                  | 152          |
|    iterations           | 33           |
|    time_elapsed         | 331          |
|    total_timesteps      | 353280       |
| train/                  |              |
|    approx_kl            | 0.0002939914 |
|    clip_fraction        | 0.0084       |
|    clip_range           | 0.2          |
|    entropy_loss         | -0.0375      |
|    explained_variance   | 0.992        |
|    learning_rate        | 0.0003       |
|    loss                 | 0.658        |
|    n_updates            | 2290         |
|    policy_gradient_loss | -0.000929    |
|    value_loss           | 1.35         |
------------------------------------------
-------------------------------------------
| time/                   |               |
|    fps                  | 152           |
|    iterations           | 34            |
|    time_elapsed         | 342           |
|    total_timesteps      | 354816        |
| train/                  |               |
|    approx_kl            | 1.0070197e-05 |
|    clip_fraction        | 0             |
|    clip_range           | 0.2           |
|    entropy_loss         | -0.038        |
|    explained_variance   | 0.916         |
|    learning_rate        | 0.0003        |
|    loss                 | 3.17          |
|    n_updates            | 2300          |
|    policy_gradient_loss | -2.47e-06     |
|    value_loss           | 14.7          |
-------------------------------------------
  step  355071/500000 ( 71.0%)  mean_rew=-0.006
-------------------------------------------
| time/                   |               |
|    fps                  | 153           |
|    iterations           | 35            |
|    time_elapsed         | 350           |
|    total_timesteps      | 356352        |
| train/                  |               |
|    approx_kl            | 3.0446486e-07 |
|    clip_fraction        | 0             |
|    clip_range           | 0.2           |
|    entropy_loss         | -0.0166       |
|    explained_variance   | 0.93          |
|    learning_rate        | 0.0003        |
|    loss                 | 3.91          |
|    n_updates            | 2310          |
|    policy_gradient_loss | -9.12e-07     |
|    value_loss           | 14.5          |
-------------------------------------------
------------------------------------------
| time/                   |              |
|    fps                  | 154          |
|    iterations           | 36           |
|    time_elapsed         | 358          |
|    total_timesteps      | 357888       |
| train/                  |              |
|    approx_kl            | 0.0003944673 |
|    clip_fraction        | 0.00553      |
|    clip_range           | 0.2          |
|    entropy_loss         | -0.0468      |
|    explained_variance   | 0.992        |
|    learning_rate        | 0.0003       |
|    loss                 | 0.676        |
|    n_updates            | 2320         |
|    policy_gradient_loss | -0.000371    |
|    value_loss           | 1.18         |
------------------------------------------
-------------------------------------------
| time/                   |               |
|    fps                  | 154           |
|    iterations           | 37            |
|    time_elapsed         | 368           |
|    total_timesteps      | 359424        |
| train/                  |               |
|    approx_kl            | 0.00030887141 |
|    clip_fraction        | 0.00202       |
|    clip_range           | 0.2           |
|    entropy_loss         | -0.0331       |
|    explained_variance   | 0.919         |
|    learning_rate        | 0.0003        |
|    loss                 | 3             |
|    n_updates            | 2330          |
|    policy_gradient_loss | -0.000261     |
|    value_loss           | 14.2          |
-------------------------------------------
  step  360072/500000 ( 72.0%)  mean_rew=-0.311
-------------------------------------------
| time/                   |               |
|    fps                  | 153           |
|    iterations           | 38            |
|    time_elapsed         | 380           |
|    total_timesteps      | 360960        |
| train/                  |               |
|    approx_kl            | 2.2502306e-06 |
|    clip_fraction        | 0             |
|    clip_range           | 0.2           |
|    entropy_loss         | -0.0263       |
|    explained_variance   | 0.931         |
|    learning_rate        | 0.0003        |
|    loss                 | 3.85          |
|    n_updates            | 2340          |
|    policy_gradient_loss | 3.09e-05      |
|    value_loss           | 14.7          |
-------------------------------------------
------------------------------------------
| time/                   |              |
|    fps                  | 153          |
|    iterations           | 39           |
|    time_elapsed         | 391          |
|    total_timesteps      | 362496       |
| train/                  |              |
|    approx_kl            | 2.478261e-05 |
|    clip_fraction        | 0            |
|    clip_range           | 0.2          |
|    entropy_loss         | -0.0114      |
|    explained_variance   | 0.915        |
|    learning_rate        | 0.0003       |
|    loss                 | 3.28         |
|    n_updates            | 2350         |
|    policy_gradient_loss | 5.22e-05     |
|    value_loss           | 14.3         |
------------------------------------------
-------------------------------------------
| time/                   |               |
|    fps                  | 153           |
|    iterations           | 40            |
|    time_elapsed         | 399           |
|    total_timesteps      | 364032        |
| train/                  |               |
|    approx_kl            | 0.00018726492 |
|    clip_fraction        | 0.00397       |
|    clip_range           | 0.2           |
|    entropy_loss         | -0.024        |
|    explained_variance   | 0.988         |
|    learning_rate        | 0.0003        |
|    loss                 | 0.443         |
|    n_updates            | 2360          |
|    policy_gradient_loss | 4.49e-05      |
|    value_loss           | 1.43          |
-------------------------------------------
  step  365073/500000 ( 73.0%)  mean_rew=-0.361
-------------------------------------------
| time/                   |               |
|    fps                  | 153           |
|    iterations           | 41            |
|    time_elapsed         | 410           |
|    total_timesteps      | 365568        |
| train/                  |               |
|    approx_kl            | 5.2541727e-05 |
|    clip_fraction        | 0.00013       |
|    clip_range           | 0.2           |
|    entropy_loss         | -0.0353       |
|    explained_variance   | 0.918         |
|    learning_rate        | 0.0003        |
|    loss                 | 3.09          |
|    n_updates            | 2370          |
|    policy_gradient_loss | -2.63e-05     |
|    value_loss           | 15.4          |
-------------------------------------------
-------------------------------------------
| time/                   |               |
|    fps                  | 154           |
|    iterations           | 42            |
|    time_elapsed         | 417           |
|    total_timesteps      | 367104        |
| train/                  |               |
|    approx_kl            | 0.00032760671 |
|    clip_fraction        | 0.00234       |
|    clip_range           | 0.2           |
|    entropy_loss         | -0.0174       |
|    explained_variance   | 0.926         |
|    learning_rate        | 0.0003        |
|    loss                 | 3.95          |
|    n_updates            | 2380          |
|    policy_gradient_loss | -0.000144     |
|    value_loss           | 14.4          |
-------------------------------------------
-------------------------------------------
| time/                   |               |
|    fps                  | 154           |
|    iterations           | 43            |
|    time_elapsed         | 426           |
|    total_timesteps      | 368640        |
| train/                  |               |
|    approx_kl            | 0.00049800985 |
|    clip_fraction        | 0.00391       |
|    clip_range           | 0.2           |
|    entropy_loss         | -0.0448       |
|    explained_variance   | 0.993         |
|    learning_rate        | 0.0003        |
|    loss                 | 0.298         |
|    n_updates            | 2390          |
|    policy_gradient_loss | -0.000188     |
|    value_loss           | 0.94          |
-------------------------------------------
  step  370074/500000 ( 74.0%)  mean_rew=-0.002
------------------------------------------
| time/                   |              |
|    fps                  | 154          |
|    iterations           | 44           |
|    time_elapsed         | 437          |
|    total_timesteps      | 370176       |
| train/                  |              |
|    approx_kl            | 0.0011495951 |
|    clip_fraction        | 0.00527      |
|    clip_range           | 0.2          |
|    entropy_loss         | -0.031       |
|    explained_variance   | 0.915        |
|    learning_rate        | 0.0003       |
|    loss                 | 3.15         |
|    n_updates            | 2400         |
|    policy_gradient_loss | -0.000325    |
|    value_loss           | 14.7         |
------------------------------------------
------------------------------------------
| time/                   |              |
|    fps                  | 153          |
|    iterations           | 45           |
|    time_elapsed         | 450          |
|    total_timesteps      | 371712       |
| train/                  |              |
|    approx_kl            | 0.0001735005 |
|    clip_fraction        | 0.00104      |
|    clip_range           | 0.2          |
|    entropy_loss         | -0.0308      |
|    explained_variance   | 0.929        |
|    learning_rate        | 0.0003       |
|    loss                 | 9.24         |
|    n_updates            | 2410         |
|    policy_gradient_loss | -9.15e-05    |
|    value_loss           | 14.9         |
------------------------------------------
-------------------------------------------
| time/                   |               |
|    fps                  | 153           |
|    iterations           | 46            |
|    time_elapsed         | 460           |
|    total_timesteps      | 373248        |
| train/                  |               |
|    approx_kl            | 0.00039480088 |
|    clip_fraction        | 0.0026        |
|    clip_range           | 0.2           |
|    entropy_loss         | -0.0132       |
|    explained_variance   | 0.904         |
|    learning_rate        | 0.0003        |
|    loss                 | 13.7          |
|    n_updates            | 2420          |
|    policy_gradient_loss | -0.000271     |
|    value_loss           | 14.8          |
-------------------------------------------
-------------------------------------------
| time/                   |               |
|    fps                  | 153           |
|    iterations           | 47            |
|    time_elapsed         | 469           |
|    total_timesteps      | 374784        |
| train/                  |               |
|    approx_kl            | 0.00042774863 |
|    clip_fraction        | 0.00247       |
|    clip_range           | 0.2           |
|    entropy_loss         | -0.03         |
|    explained_variance   | 0.992         |
|    learning_rate        | 0.0003        |
|    loss                 | 0.409         |
|    n_updates            | 2430          |
|    policy_gradient_loss | -9.67e-05     |
|    value_loss           | 1.07          |
-------------------------------------------
  step  375075/500000 ( 75.0%)  mean_rew=-0.263
------------------------------------------
| time/                   |              |
|    fps                  | 153          |
|    iterations           | 48           |
|    time_elapsed         | 481          |
|    total_timesteps      | 376320       |
| train/                  |              |
|    approx_kl            | 0.0007426166 |
|    clip_fraction        | 0.00241      |
|    clip_range           | 0.2          |
|    entropy_loss         | -0.0381      |
|    explained_variance   | 0.918        |
|    learning_rate        | 0.0003       |
|    loss                 | 4.57         |
|    n_updates            | 2440         |
|    policy_gradient_loss | -1.62e-05    |
|    value_loss           | 16.2         |
------------------------------------------
-------------------------------------------
| time/                   |               |
|    fps                  | 153           |
|    iterations           | 49            |
|    time_elapsed         | 491           |
|    total_timesteps      | 377856        |
| train/                  |               |
|    approx_kl            | 0.00012054011 |
|    clip_fraction        | 0.00176       |
|    clip_range           | 0.2           |
|    entropy_loss         | -0.0149       |
|    explained_variance   | 0.927         |
|    learning_rate        | 0.0003        |
|    loss                 | 4.03          |
|    n_updates            | 2450          |
|    policy_gradient_loss | -0.000116     |
|    value_loss           | 15.4          |
-------------------------------------------
------------------------------------------
| time/                   |              |
|    fps                  | 153          |
|    iterations           | 50           |
|    time_elapsed         | 499          |
|    total_timesteps      | 379392       |
| train/                  |              |
|    approx_kl            | 0.0005109935 |
|    clip_fraction        | 0.00599      |
|    clip_range           | 0.2          |
|    entropy_loss         | -0.0354      |
|    explained_variance   | 0.992        |
|    learning_rate        | 0.0003       |
|    loss                 | 0.344        |
|    n_updates            | 2460         |
|    policy_gradient_loss | -0.000376    |
|    value_loss           | 1.23         |
------------------------------------------
  step  380076/500000 ( 76.0%)  mean_rew=-0.369
-------------------------------------------
| time/                   |               |
|    fps                  | 153           |
|    iterations           | 51            |
|    time_elapsed         | 510           |
|    total_timesteps      | 380928        |
| train/                  |               |
|    approx_kl            | 0.00043347364 |
|    clip_fraction        | 0.00254       |
|    clip_range           | 0.2           |
|    entropy_loss         | -0.0489       |
|    explained_variance   | 0.919         |
|    learning_rate        | 0.0003        |
|    loss                 | 9.65          |
|    n_updates            | 2470          |
|    policy_gradient_loss | -0.000271     |
|    value_loss           | 15.2          |
-------------------------------------------
------------------------------------------
| time/                   |              |
|    fps                  | 152          |
|    iterations           | 52           |
|    time_elapsed         | 522          |
|    total_timesteps      | 382464       |
| train/                  |              |
|    approx_kl            | 0.0008964368 |
|    clip_fraction        | 0.00983      |
|    clip_range           | 0.2          |
|    entropy_loss         | -0.0445      |
|    explained_variance   | 0.931        |
|    learning_rate        | 0.0003       |
|    loss                 | 7.01         |
|    n_updates            | 2480         |
|    policy_gradient_loss | -0.000435    |
|    value_loss           | 15.5         |
------------------------------------------
-----------------------------------------
| time/                   |             |
|    fps                  | 153         |
|    iterations           | 53          |
|    time_elapsed         | 530         |
|    total_timesteps      | 384000      |
| train/                  |             |
|    approx_kl            | 9.49677e-05 |
|    clip_fraction        | 0.000651    |
|    clip_range           | 0.2         |
|    entropy_loss         | -0.00855    |
|    explained_variance   | 0.994       |
|    learning_rate        | 0.0003      |
|    loss                 | 0.237       |
|    n_updates            | 2490        |
|    policy_gradient_loss | -5.88e-05   |
|    value_loss           | 0.791       |
-----------------------------------------
  step  385077/500000 ( 77.0%)  mean_rew=-0.003
-------------------------------------------
| time/                   |               |
|    fps                  | 153           |
|    iterations           | 54            |
|    time_elapsed         | 539           |
|    total_timesteps      | 385536        |
| train/                  |               |
|    approx_kl            | 0.00019578934 |
|    clip_fraction        | 0.00169       |
|    clip_range           | 0.2           |
|    entropy_loss         | -0.0433       |
|    explained_variance   | 0.916         |
|    learning_rate        | 0.0003        |
|    loss                 | 1.82          |
|    n_updates            | 2500          |
|    policy_gradient_loss | 4.08e-05      |
|    value_loss           | 15.4          |
-------------------------------------------
-------------------------------------------
| time/                   |               |
|    fps                  | 153           |
|    iterations           | 55            |
|    time_elapsed         | 552           |
|    total_timesteps      | 387072        |
| train/                  |               |
|    approx_kl            | 0.00051191787 |
|    clip_fraction        | 0.00443       |
|    clip_range           | 0.2           |
|    entropy_loss         | -0.0532       |
|    explained_variance   | 0.923         |
|    learning_rate        | 0.0003        |
|    loss                 | 5.81          |
|    n_updates            | 2510          |
|    policy_gradient_loss | -0.000182     |
|    value_loss           | 15.7          |
-------------------------------------------
-------------------------------------------
| time/                   |               |
|    fps                  | 153           |
|    iterations           | 56            |
|    time_elapsed         | 561           |
|    total_timesteps      | 388608        |
| train/                  |               |
|    approx_kl            | 0.00010955337 |
|    clip_fraction        | 0.000326      |
|    clip_range           | 0.2           |
|    entropy_loss         | -0.0191       |
|    explained_variance   | 0.928         |
|    learning_rate        | 0.0003        |
|    loss                 | 3.32          |
|    n_updates            | 2520          |
|    policy_gradient_loss | -5.04e-05     |
|    value_loss           | 15.2          |
-------------------------------------------
  step  390078/500000 ( 78.0%)  mean_rew=-0.314
-------------------------------------------
| time/                   |               |
|    fps                  | 153           |
|    iterations           | 57            |
|    time_elapsed         | 571           |
|    total_timesteps      | 390144        |
| train/                  |               |
|    approx_kl            | 0.00022420163 |
|    clip_fraction        | 0.00208       |
|    clip_range           | 0.2           |
|    entropy_loss         | -0.0376       |
|    explained_variance   | 0.994         |
|    learning_rate        | 0.0003        |
|    loss                 | 0.635         |
|    n_updates            | 2530          |
|    policy_gradient_loss | 5.25e-05      |
|    value_loss           | 1.22          |
-------------------------------------------
------------------------------------------
| time/                   |              |
|    fps                  | 152          |
|    iterations           | 58           |
|    time_elapsed         | 582          |
|    total_timesteps      | 391680       |
| train/                  |              |
|    approx_kl            | 8.439758e-05 |
|    clip_fraction        | 0.000911     |
|    clip_range           | 0.2          |
|    entropy_loss         | -0.0382      |
|    explained_variance   | 0.911        |
|    learning_rate        | 0.0003       |
|    loss                 | 19           |
|    n_updates            | 2540         |
|    policy_gradient_loss | 3.5e-05      |
|    value_loss           | 15.3         |
------------------------------------------
-------------------------------------------
| time/                   |               |
|    fps                  | 152           |
|    iterations           | 59            |
|    time_elapsed         | 595           |
|    total_timesteps      | 393216        |
| train/                  |               |
|    approx_kl            | 7.7620185e-05 |
|    clip_fraction        | 0             |
|    clip_range           | 0.2           |
|    entropy_loss         | -0.0326       |
|    explained_variance   | 0.925         |
|    learning_rate        | 0.0003        |
|    loss                 | 8.32          |
|    n_updates            | 2550          |
|    policy_gradient_loss | -3e-05        |
|    value_loss           | 15.7          |
-------------------------------------------
------------------------------------------
| time/                   |              |
|    fps                  | 152          |
|    iterations           | 60           |
|    time_elapsed         | 604          |
|    total_timesteps      | 394752       |
| train/                  |              |
|    approx_kl            | 0.0005176063 |
|    clip_fraction        | 0.00221      |
|    clip_range           | 0.2          |
|    entropy_loss         | -0.0164      |
|    explained_variance   | 0.993        |
|    learning_rate        | 0.0003       |
|    loss                 | 0.215        |
|    n_updates            | 2560         |
|    policy_gradient_loss | -0.000226    |
|    value_loss           | 0.771        |
------------------------------------------
  step  395079/500000 ( 79.0%)  mean_rew=-0.383
------------------------------------------
| time/                   |              |
|    fps                  | 152          |
|    iterations           | 61           |
|    time_elapsed         | 615          |
|    total_timesteps      | 396288       |
| train/                  |              |
|    approx_kl            | 8.388081e-05 |
|    clip_fraction        | 0.00404      |
|    clip_range           | 0.2          |
|    entropy_loss         | -0.0557      |
|    explained_variance   | 0.907        |
|    learning_rate        | 0.0003       |
|    loss                 | 9.58         |
|    n_updates            | 2570         |
|    policy_gradient_loss | -6.53e-05    |
|    value_loss           | 16.3         |
------------------------------------------
------------------------------------------
| time/                   |              |
|    fps                  | 151          |
|    iterations           | 62           |
|    time_elapsed         | 628          |
|    total_timesteps      | 397824       |
| train/                  |              |
|    approx_kl            | 0.0014510187 |
|    clip_fraction        | 0.0082       |
|    clip_range           | 0.2          |
|    entropy_loss         | -0.0586      |
|    explained_variance   | 0.909        |
|    learning_rate        | 0.0003       |
|    loss                 | 14.9         |
|    n_updates            | 2580         |
|    policy_gradient_loss | -0.000314    |
|    value_loss           | 16.2         |
------------------------------------------
-------------------------------------------
| time/                   |               |
|    fps                  | 151           |
|    iterations           | 63            |
|    time_elapsed         | 638           |
|    total_timesteps      | 399360        |
| train/                  |               |
|    approx_kl            | 0.00035499278 |
|    clip_fraction        | 0.00273       |
|    clip_range           | 0.2           |
|    entropy_loss         | -0.0484       |
|    explained_variance   | 0.915         |
|    learning_rate        | 0.0003        |
|    loss                 | 8.67          |
|    n_updates            | 2590          |
|    policy_gradient_loss | -0.000282     |
|    value_loss           | 16            |
-------------------------------------------
  step  400080/500000 ( 80.0%)  mean_rew=-0.005
------------------------------------------
| time/                   |              |
|    fps                  | 151          |
|    iterations           | 64           |
|    time_elapsed         | 647          |
|    total_timesteps      | 400896       |
| train/                  |              |
|    approx_kl            | 0.0019777324 |
|    clip_fraction        | 0.0134       |
|    clip_range           | 0.2          |
|    entropy_loss         | -0.0448      |
|    explained_variance   | 0.994        |
|    learning_rate        | 0.0003       |
|    loss                 | 0.294        |
|    n_updates            | 2600         |
|    policy_gradient_loss | -0.00108     |
|    value_loss           | 0.89         |
------------------------------------------
------------------------------------------
| time/                   |              |
|    fps                  | 151          |
|    iterations           | 65           |
|    time_elapsed         | 657          |
|    total_timesteps      | 402432       |
| train/                  |              |
|    approx_kl            | 0.0002530556 |
|    clip_fraction        | 0.00111      |
|    clip_range           | 0.2          |
|    entropy_loss         | -0.0821      |
|    explained_variance   | 0.907        |
|    learning_rate        | 0.0003       |
|    loss                 | 14.1         |
|    n_updates            | 2610         |
|    policy_gradient_loss | -0.000259    |
|    value_loss           | 16.8         |
------------------------------------------
--------------------------------------------
| time/                   |                |
|    fps                  | 151            |
|    iterations           | 66             |
|    time_elapsed         | 669            |
|    total_timesteps      | 403968         |
| train/                  |                |
|    approx_kl            | 0.000103930746 |
|    clip_fraction        | 0.00117        |
|    clip_range           | 0.2            |
|    entropy_loss         | -0.052         |
|    explained_variance   | 0.927          |
|    learning_rate        | 0.0003         |
|    loss                 | 20             |
|    n_updates            | 2620           |
|    policy_gradient_loss | -0.000204      |
|    value_loss           | 16.5           |
--------------------------------------------
  step  405081/500000 ( 81.0%)  mean_rew=-0.139
------------------------------------------
| time/                   |              |
|    fps                  | 151          |
|    iterations           | 67           |
|    time_elapsed         | 677          |
|    total_timesteps      | 405504       |
| train/                  |              |
|    approx_kl            | 0.0002356014 |
|    clip_fraction        | 0.00169      |
|    clip_range           | 0.2          |
|    entropy_loss         | -0.0359      |
|    explained_variance   | 0.995        |
|    learning_rate        | 0.0003       |
|    loss                 | 0.346        |
|    n_updates            | 2630         |
|    policy_gradient_loss | 0.00027      |
|    value_loss           | 0.687        |
------------------------------------------
-------------------------------------------
| time/                   |               |
|    fps                  | 151           |
|    iterations           | 68            |
|    time_elapsed         | 688           |
|    total_timesteps      | 407040        |
| train/                  |               |
|    approx_kl            | 0.00020444176 |
|    clip_fraction        | 0.00163       |
|    clip_range           | 0.2           |
|    entropy_loss         | -0.0655       |
|    explained_variance   | 0.91          |
|    learning_rate        | 0.0003        |
|    loss                 | 4.58          |
|    n_updates            | 2640          |
|    policy_gradient_loss | -8.42e-06     |
|    value_loss           | 15.4          |
-------------------------------------------
------------------------------------------
| time/                   |              |
|    fps                  | 151          |
|    iterations           | 69           |
|    time_elapsed         | 701          |
|    total_timesteps      | 408576       |
| train/                  |              |
|    approx_kl            | 0.0002702768 |
|    clip_fraction        | 0.00234      |
|    clip_range           | 0.2          |
|    entropy_loss         | -0.0447      |
|    explained_variance   | 0.917        |
|    learning_rate        | 0.0003       |
|    loss                 | 6.9          |
|    n_updates            | 2650         |
|    policy_gradient_loss | -0.000224    |
|    value_loss           | 15.5         |
------------------------------------------
  step  410082/500000 ( 82.0%)  mean_rew=-0.353
-------------------------------------------
| time/                   |               |
|    fps                  | 151           |
|    iterations           | 70            |
|    time_elapsed         | 709           |
|    total_timesteps      | 410112        |
| train/                  |               |
|    approx_kl            | 3.4089899e-06 |
|    clip_fraction        | 0             |
|    clip_range           | 0.2           |
|    entropy_loss         | -0.0175       |
|    explained_variance   | 0.914         |
|    learning_rate        | 0.0003        |
|    loss                 | 3.96          |
|    n_updates            | 2660          |
|    policy_gradient_loss | -3.83e-07     |
|    value_loss           | 15.6          |
-------------------------------------------
-------------------------------------------
| time/                   |               |
|    fps                  | 151           |
|    iterations           | 71            |
|    time_elapsed         | 718           |
|    total_timesteps      | 411648        |
| train/                  |               |
|    approx_kl            | 0.00022904477 |
|    clip_fraction        | 0.00833       |
|    clip_range           | 0.2           |
|    entropy_loss         | -0.0573       |
|    explained_variance   | 0.99          |
|    learning_rate        | 0.0003        |
|    loss                 | 0.607         |
|    n_updates            | 2670          |
|    policy_gradient_loss | -0.000307     |
|    value_loss           | 1.72          |
-------------------------------------------
-------------------------------------------
| time/                   |               |
|    fps                  | 151           |
|    iterations           | 72            |
|    time_elapsed         | 729           |
|    total_timesteps      | 413184        |
| train/                  |               |
|    approx_kl            | 0.00062214845 |
|    clip_fraction        | 0.00462       |
|    clip_range           | 0.2           |
|    entropy_loss         | -0.073        |
|    explained_variance   | 0.915         |
|    learning_rate        | 0.0003        |
|    loss                 | 9.43          |
|    n_updates            | 2680          |
|    policy_gradient_loss | -0.000217     |
|    value_loss           | 15.7          |
-------------------------------------------
--------------------------------------------
| time/                   |                |
|    fps                  | 150            |
|    iterations           | 73             |
|    time_elapsed         | 742            |
|    total_timesteps      | 414720         |
| train/                  |                |
|    approx_kl            | 1.01249125e-05 |
|    clip_fraction        | 0              |
|    clip_range           | 0.2            |
|    entropy_loss         | -0.0384        |
|    explained_variance   | 0.931          |
|    learning_rate        | 0.0003         |
|    loss                 | 3.06           |
|    n_updates            | 2690           |
|    policy_gradient_loss | -5.52e-06      |
|    value_loss           | 15             |
--------------------------------------------
  step  415083/500000 ( 83.0%)  mean_rew=-0.058
-------------------------------------------
| time/                   |               |
|    fps                  | 151           |
|    iterations           | 74            |
|    time_elapsed         | 751           |
|    total_timesteps      | 416256        |
| train/                  |               |
|    approx_kl            | 0.00041071916 |
|    clip_fraction        | 0.00378       |
|    clip_range           | 0.2           |
|    entropy_loss         | -0.0217       |
|    explained_variance   | 0.992         |
|    learning_rate        | 0.0003        |
|    loss                 | 0.384         |
|    n_updates            | 2700          |
|    policy_gradient_loss | -0.000236     |
|    value_loss           | 0.977         |
-------------------------------------------
------------------------------------------
| time/                   |              |
|    fps                  | 151          |
|    iterations           | 75           |
|    time_elapsed         | 761          |
|    total_timesteps      | 417792       |
| train/                  |              |
|    approx_kl            | 0.0007630247 |
|    clip_fraction        | 0.00423      |
|    clip_range           | 0.2          |
|    entropy_loss         | -0.0693      |
|    explained_variance   | 0.909        |
|    learning_rate        | 0.0003       |
|    loss                 | 3.18         |
|    n_updates            | 2710         |
|    policy_gradient_loss | -0.000291    |
|    value_loss           | 14.8         |
------------------------------------------
------------------------------------------
| time/                   |              |
|    fps                  | 150          |
|    iterations           | 76           |
|    time_elapsed         | 773          |
|    total_timesteps      | 419328       |
| train/                  |              |
|    approx_kl            | 0.0001942633 |
|    clip_fraction        | 0.000846     |
|    clip_range           | 0.2          |
|    entropy_loss         | -0.0638      |
|    explained_variance   | 0.928        |
|    learning_rate        | 0.0003       |
|    loss                 | 12.1         |
|    n_updates            | 2720         |
|    policy_gradient_loss | -0.000117    |
|    value_loss           | 15           |
------------------------------------------
  step  420084/500000 ( 84.0%)  mean_rew=-0.143
-------------------------------------------
| time/                   |               |
|    fps                  | 150           |
|    iterations           | 77            |
|    time_elapsed         | 784           |
|    total_timesteps      | 420864        |
| train/                  |               |
|    approx_kl            | 0.00033670067 |
|    clip_fraction        | 0.00163       |
|    clip_range           | 0.2           |
|    entropy_loss         | -0.0247       |
|    explained_variance   | 0.91          |
|    learning_rate        | 0.0003        |
|    loss                 | 8.48          |
|    n_updates            | 2730          |
|    policy_gradient_loss | -0.000105     |
|    value_loss           | 15.2          |
-------------------------------------------
-----------------------------------------
| time/                   |             |
|    fps                  | 150         |
|    iterations           | 78          |
|    time_elapsed         | 794         |
|    total_timesteps      | 422400      |
| train/                  |             |
|    approx_kl            | 0.002076763 |
|    clip_fraction        | 0.0082      |
|    clip_range           | 0.2         |
|    entropy_loss         | -0.0478     |
|    explained_variance   | 0.993       |
|    learning_rate        | 0.0003      |
|    loss                 | 0.573       |
|    n_updates            | 2740        |
|    policy_gradient_loss | -0.00201    |
|    value_loss           | 0.969       |
-----------------------------------------
------------------------------------------
| time/                   |              |
|    fps                  | 150          |
|    iterations           | 79           |
|    time_elapsed         | 806          |
|    total_timesteps      | 423936       |
| train/                  |              |
|    approx_kl            | 0.0006889655 |
|    clip_fraction        | 0.0116       |
|    clip_range           | 0.2          |
|    entropy_loss         | -0.132       |
|    explained_variance   | 0.911        |
|    learning_rate        | 0.0003       |
|    loss                 | 15.1         |
|    n_updates            | 2750         |
|    policy_gradient_loss | 0.000158     |
|    value_loss           | 16.1         |
------------------------------------------
  step  425085/500000 ( 85.0%)  mean_rew=-0.383
-------------------------------------------
| time/                   |               |
|    fps                  | 149           |
|    iterations           | 80            |
|    time_elapsed         | 819           |
|    total_timesteps      | 425472        |
| train/                  |               |
|    approx_kl            | 0.00033051718 |
|    clip_fraction        | 0.0118        |
|    clip_range           | 0.2           |
|    entropy_loss         | -0.174        |
|    explained_variance   | 0.926         |
|    learning_rate        | 0.0003        |
|    loss                 | 8.78          |
|    n_updates            | 2760          |
|    policy_gradient_loss | 1.96e-05      |
|    value_loss           | 16.3          |
-------------------------------------------
------------------------------------------
| time/                   |              |
|    fps                  | 150          |
|    iterations           | 81           |
|    time_elapsed         | 828          |
|    total_timesteps      | 427008       |
| train/                  |              |
|    approx_kl            | 0.0005666839 |
|    clip_fraction        | 0.00684      |
|    clip_range           | 0.2          |
|    entropy_loss         | -0.154       |
|    explained_variance   | 0.993        |
|    learning_rate        | 0.0003       |
|    loss                 | 0.374        |
|    n_updates            | 2770         |
|    policy_gradient_loss | 0.000151     |
|    value_loss           | 0.827        |
------------------------------------------
------------------------------------------
| time/                   |              |
|    fps                  | 150          |
|    iterations           | 82           |
|    time_elapsed         | 838          |
|    total_timesteps      | 428544       |
| train/                  |              |
|    approx_kl            | 0.0024077764 |
|    clip_fraction        | 0.0257       |
|    clip_range           | 0.2          |
|    entropy_loss         | -0.119       |
|    explained_variance   | 0.899        |
|    learning_rate        | 0.0003       |
|    loss                 | 3.74         |
|    n_updates            | 2780         |
|    policy_gradient_loss | -0.00131     |
|    value_loss           | 15.9         |
------------------------------------------
------------------------------------------
| time/                   |              |
|    fps                  | 149          |
|    iterations           | 83           |
|    time_elapsed         | 852          |
|    total_timesteps      | 430080       |
| train/                  |              |
|    approx_kl            | 0.0005154492 |
|    clip_fraction        | 0.00638      |
|    clip_range           | 0.2          |
|    entropy_loss         | -0.108       |
|    explained_variance   | 0.918        |
|    learning_rate        | 0.0003       |
|    loss                 | 12.5         |
|    n_updates            | 2790         |
|    policy_gradient_loss | -0.000521    |
|    value_loss           | 15.9         |
------------------------------------------
  step  430086/500000 ( 86.0%)  mean_rew=-0.273
------------------------------------------
| time/                   |              |
|    fps                  | 149          |
|    iterations           | 84           |
|    time_elapsed         | 861          |
|    total_timesteps      | 431616       |
| train/                  |              |
|    approx_kl            | 0.0006744527 |
|    clip_fraction        | 0.00918      |
|    clip_range           | 0.2          |
|    entropy_loss         | -0.114       |
|    explained_variance   | 0.894        |
|    learning_rate        | 0.0003       |
|    loss                 | 7.9          |
|    n_updates            | 2800         |
|    policy_gradient_loss | -0.000374    |
|    value_loss           | 16           |
------------------------------------------
------------------------------------------
| time/                   |              |
|    fps                  | 149          |
|    iterations           | 85           |
|    time_elapsed         | 870          |
|    total_timesteps      | 433152       |
| train/                  |              |
|    approx_kl            | 0.0016871258 |
|    clip_fraction        | 0.0227       |
|    clip_range           | 0.2          |
|    entropy_loss         | -0.124       |
|    explained_variance   | 0.994        |
|    learning_rate        | 0.0003       |
|    loss                 | 0.414        |
|    n_updates            | 2810         |
|    policy_gradient_loss | -0.000939    |
|    value_loss           | 0.781        |
------------------------------------------
-------------------------------------------
| time/                   |               |
|    fps                  | 149           |
|    iterations           | 86            |
|    time_elapsed         | 881           |
|    total_timesteps      | 434688        |
| train/                  |               |
|    approx_kl            | 0.00035619002 |
|    clip_fraction        | 0.00632       |
|    clip_range           | 0.2           |
|    entropy_loss         | -0.135        |
|    explained_variance   | 0.907         |
|    learning_rate        | 0.0003        |
|    loss                 | 5.77          |
|    n_updates            | 2820          |
|    policy_gradient_loss | -0.000437     |
|    value_loss           | 17.4          |
-------------------------------------------
  step  435087/500000 ( 87.0%)  mean_rew=-0.126
-------------------------------------------
| time/                   |               |
|    fps                  | 149           |
|    iterations           | 87            |
|    time_elapsed         | 892           |
|    total_timesteps      | 436224        |
| train/                  |               |
|    approx_kl            | 0.00046710254 |
|    clip_fraction        | 0.00176       |
|    clip_range           | 0.2           |
|    entropy_loss         | -0.103        |
|    explained_variance   | 0.926         |
|    learning_rate        | 0.0003        |
|    loss                 | 8.58          |
|    n_updates            | 2830          |
|    policy_gradient_loss | -0.000228     |
|    value_loss           | 15.7          |
-------------------------------------------
------------------------------------------
| time/                   |              |
|    fps                  | 149          |
|    iterations           | 88           |
|    time_elapsed         | 902          |
|    total_timesteps      | 437760       |
| train/                  |              |
|    approx_kl            | 0.0013441066 |
|    clip_fraction        | 0.0137       |
|    clip_range           | 0.2          |
|    entropy_loss         | -0.0945      |
|    explained_variance   | 0.992        |
|    learning_rate        | 0.0003       |
|    loss                 | 0.487        |
|    n_updates            | 2840         |
|    policy_gradient_loss | -0.000952    |
|    value_loss           | 1.21         |
------------------------------------------
-----------------------------------------
| time/                   |             |
|    fps                  | 149         |
|    iterations           | 89          |
|    time_elapsed         | 913         |
|    total_timesteps      | 439296      |
| train/                  |             |
|    approx_kl            | 0.000957453 |
|    clip_fraction        | 0.0104      |
|    clip_range           | 0.2         |
|    entropy_loss         | -0.0923     |
|    explained_variance   | 0.908       |
|    learning_rate        | 0.0003      |
|    loss                 | 5.92        |
|    n_updates            | 2850        |
|    policy_gradient_loss | -0.000687   |
|    value_loss           | 16          |
-----------------------------------------
  step  440088/500000 ( 88.0%)  mean_rew=-0.341
-------------------------------------------
| time/                   |               |
|    fps                  | 149           |
|    iterations           | 90            |
|    time_elapsed         | 926           |
|    total_timesteps      | 440832        |
| train/                  |               |
|    approx_kl            | 0.00014690233 |
|    clip_fraction        | 0             |
|    clip_range           | 0.2           |
|    entropy_loss         | -0.086        |
|    explained_variance   | 0.925         |
|    learning_rate        | 0.0003        |
|    loss                 | 5.49          |
|    n_updates            | 2860          |
|    policy_gradient_loss | -5.92e-05     |
|    value_loss           | 16            |
-------------------------------------------
-------------------------------------------
| time/                   |               |
|    fps                  | 149           |
|    iterations           | 91            |
|    time_elapsed         | 935           |
|    total_timesteps      | 442368        |
| train/                  |               |
|    approx_kl            | 0.00026235846 |
|    clip_fraction        | 0.00521       |
|    clip_range           | 0.2           |
|    entropy_loss         | -0.0608       |
|    explained_variance   | 0.892         |
|    learning_rate        | 0.0003        |
|    loss                 | 14.6          |
|    n_updates            | 2870          |
|    policy_gradient_loss | -0.00027      |
|    value_loss           | 15.9          |
-------------------------------------------
------------------------------------------
| time/                   |              |
|    fps                  | 149          |
|    iterations           | 92           |
|    time_elapsed         | 944          |
|    total_timesteps      | 443904       |
| train/                  |              |
|    approx_kl            | 0.0007262418 |
|    clip_fraction        | 0.00664      |
|    clip_range           | 0.2          |
|    entropy_loss         | -0.0845      |
|    explained_variance   | 0.993        |
|    learning_rate        | 0.0003       |
|    loss                 | 0.435        |
|    n_updates            | 2880         |
|    policy_gradient_loss | -0.000503    |
|    value_loss           | 0.738        |
------------------------------------------
  step  445089/500000 ( 89.0%)  mean_rew=-0.356
------------------------------------------
| time/                   |              |
|    fps                  | 149          |
|    iterations           | 93           |
|    time_elapsed         | 956          |
|    total_timesteps      | 445440       |
| train/                  |              |
|    approx_kl            | 0.0003049971 |
|    clip_fraction        | 0.00273      |
|    clip_range           | 0.2          |
|    entropy_loss         | -0.109       |
|    explained_variance   | 0.915        |
|    learning_rate        | 0.0003       |
|    loss                 | 5.26         |
|    n_updates            | 2890         |
|    policy_gradient_loss | 0.000296     |
|    value_loss           | 16.7         |
------------------------------------------
-------------------------------------------
| time/                   |               |
|    fps                  | 149           |
|    iterations           | 94            |
|    time_elapsed         | 967           |
|    total_timesteps      | 446976        |
| train/                  |               |
|    approx_kl            | 0.00030844114 |
|    clip_fraction        | 0.0043        |
|    clip_range           | 0.2           |
|    entropy_loss         | -0.0747       |
|    explained_variance   | 0.929         |
|    learning_rate        | 0.0003        |
|    loss                 | 18.3          |
|    n_updates            | 2900          |
|    policy_gradient_loss | -0.000351     |
|    value_loss           | 15.8          |
-------------------------------------------
-------------------------------------------
| time/                   |               |
|    fps                  | 149           |
|    iterations           | 95            |
|    time_elapsed         | 976           |
|    total_timesteps      | 448512        |
| train/                  |               |
|    approx_kl            | 0.00040412057 |
|    clip_fraction        | 0.00208       |
|    clip_range           | 0.2           |
|    entropy_loss         | -0.08         |
|    explained_variance   | 0.995         |
|    learning_rate        | 0.0003        |
|    loss                 | 0.282         |
|    n_updates            | 2910          |
|    policy_gradient_loss | -0.000127     |
|    value_loss           | 0.742         |
-------------------------------------------
-------------------------------------------
| time/                   |               |
|    fps                  | 149           |
|    iterations           | 96            |
|    time_elapsed         | 987           |
|    total_timesteps      | 450048        |
| train/                  |               |
|    approx_kl            | 0.00087727956 |
|    clip_fraction        | 0.0082        |
|    clip_range           | 0.2           |
|    entropy_loss         | -0.076        |
|    explained_variance   | 0.889         |
|    learning_rate        | 0.0003        |
|    loss                 | 11.8          |
|    n_updates            | 2920          |
|    policy_gradient_loss | -0.000297     |
|    value_loss           | 17.1          |
-------------------------------------------
  step  450090/500000 ( 90.0%)  mean_rew=-0.025
-------------------------------------------
| time/                   |               |
|    fps                  | 148           |
|    iterations           | 97            |
|    time_elapsed         | 1001          |
|    total_timesteps      | 451584        |
| train/                  |               |
|    approx_kl            | 2.7932809e-05 |
|    clip_fraction        | 0             |
|    clip_range           | 0.2           |
|    entropy_loss         | -0.0654       |
|    explained_variance   | 0.917         |
|    learning_rate        | 0.0003        |
|    loss                 | 7.07          |
|    n_updates            | 2930          |
|    policy_gradient_loss | -1.31e-06     |
|    value_loss           | 16.4          |
-------------------------------------------
-------------------------------------------
| time/                   |               |
|    fps                  | 149           |
|    iterations           | 98            |
|    time_elapsed         | 1009          |
|    total_timesteps      | 453120        |
| train/                  |               |
|    approx_kl            | 0.00017245296 |
|    clip_fraction        | 0.00234       |
|    clip_range           | 0.2           |
|    entropy_loss         | -0.0563       |
|    explained_variance   | 0.994         |
|    learning_rate        | 0.0003        |
|    loss                 | 0.212         |
|    n_updates            | 2940          |
|    policy_gradient_loss | -0.000146     |
|    value_loss           | 0.588         |
-------------------------------------------
-------------------------------------------
| time/                   |               |
|    fps                  | 149           |
|    iterations           | 99            |
|    time_elapsed         | 1019          |
|    total_timesteps      | 454656        |
| train/                  |               |
|    approx_kl            | 0.00031205185 |
|    clip_fraction        | 0.00592       |
|    clip_range           | 0.2           |
|    entropy_loss         | -0.0846       |
|    explained_variance   | 0.919         |
|    learning_rate        | 0.0003        |
|    loss                 | 13.9          |
|    n_updates            | 2950          |
|    policy_gradient_loss | -0.000531     |
|    value_loss           | 14.9          |
-------------------------------------------
  step  455091/500000 ( 91.0%)  mean_rew=-0.307
-------------------------------------------
| time/                   |               |
|    fps                  | 148           |
|    iterations           | 100           |
|    time_elapsed         | 1031          |
|    total_timesteps      | 456192        |
| train/                  |               |
|    approx_kl            | 0.00028182255 |
|    clip_fraction        | 0.00306       |
|    clip_range           | 0.2           |
|    entropy_loss         | -0.083        |
|    explained_variance   | 0.92          |
|    learning_rate        | 0.0003        |
|    loss                 | 6.18          |
|    n_updates            | 2960          |
|    policy_gradient_loss | -0.000197     |
|    value_loss           | 16.4          |
-------------------------------------------
-----------------------------------------
| time/                   |             |
|    fps                  | 148         |
|    iterations           | 101         |
|    time_elapsed         | 1041        |
|    total_timesteps      | 457728      |
| train/                  |             |
|    approx_kl            | 7.32167e-06 |
|    clip_fraction        | 0.000846    |
|    clip_range           | 0.2         |
|    entropy_loss         | -0.067      |
|    explained_variance   | 0.924       |
|    learning_rate        | 0.0003      |
|    loss                 | 11.8        |
|    n_updates            | 2970        |
|    policy_gradient_loss | -7.51e-05   |
|    value_loss           | 15.9        |
-----------------------------------------
------------------------------------------
| time/                   |              |
|    fps                  | 149          |
|    iterations           | 102          |
|    time_elapsed         | 1049         |
|    total_timesteps      | 459264       |
| train/                  |              |
|    approx_kl            | 0.0003591541 |
|    clip_fraction        | 0.00872      |
|    clip_range           | 0.2          |
|    entropy_loss         | -0.0853      |
|    explained_variance   | 0.994        |
|    learning_rate        | 0.0003       |
|    loss                 | 0.726        |
|    n_updates            | 2980         |
|    policy_gradient_loss | -0.000517    |
|    value_loss           | 1            |
------------------------------------------
  step  460092/500000 ( 92.0%)  mean_rew=-0.369
-------------------------------------------
| time/                   |               |
|    fps                  | 149           |
|    iterations           | 103           |
|    time_elapsed         | 1059          |
|    total_timesteps      | 460800        |
| train/                  |               |
|    approx_kl            | 0.00025022952 |
|    clip_fraction        | 0             |
|    clip_range           | 0.2           |
|    entropy_loss         | -0.0919       |
|    explained_variance   | 0.912         |
|    learning_rate        | 0.0003        |
|    loss                 | 8.25          |
|    n_updates            | 2990          |
|    policy_gradient_loss | -0.000107     |
|    value_loss           | 15.9          |
-------------------------------------------
-------------------------------------------
| time/                   |               |
|    fps                  | 149           |
|    iterations           | 104           |
|    time_elapsed         | 1068          |
|    total_timesteps      | 462336        |
| train/                  |               |
|    approx_kl            | 0.00014586044 |
|    clip_fraction        | 0.00267       |
|    clip_range           | 0.2           |
|    entropy_loss         | -0.0747       |
|    explained_variance   | 0.936         |
|    learning_rate        | 0.0003        |
|    loss                 | 8.33          |
|    n_updates            | 3000          |
|    policy_gradient_loss | -0.00024      |
|    value_loss           | 15.3          |
-------------------------------------------
-------------------------------------------
| time/                   |               |
|    fps                  | 149           |
|    iterations           | 105           |
|    time_elapsed         | 1075          |
|    total_timesteps      | 463872        |
| train/                  |               |
|    approx_kl            | 0.00032948097 |
|    clip_fraction        | 0.00775       |
|    clip_range           | 0.2           |
|    entropy_loss         | -0.0833       |
|    explained_variance   | 0.994         |
|    learning_rate        | 0.0003        |
|    loss                 | 0.322         |
|    n_updates            | 3010          |
|    policy_gradient_loss | 0.000171      |
|    value_loss           | 0.88          |
-------------------------------------------
  step  465093/500000 ( 93.0%)  mean_rew=-0.000
------------------------------------------
| time/                   |              |
|    fps                  | 150          |
|    iterations           | 106          |
|    time_elapsed         | 1085         |
|    total_timesteps      | 465408       |
| train/                  |              |
|    approx_kl            | 0.0006110187 |
|    clip_fraction        | 0.00443      |
|    clip_range           | 0.2          |
|    entropy_loss         | -0.0883      |
|    explained_variance   | 0.913        |
|    learning_rate        | 0.0003       |
|    loss                 | 8.33         |
|    n_updates            | 3020         |
|    policy_gradient_loss | -0.00021     |
|    value_loss           | 14.8         |
------------------------------------------
-------------------------------------------
| time/                   |               |
|    fps                  | 149           |
|    iterations           | 107           |
|    time_elapsed         | 1097          |
|    total_timesteps      | 466944        |
| train/                  |               |
|    approx_kl            | 0.00010155471 |
|    clip_fraction        | 0             |
|    clip_range           | 0.2           |
|    entropy_loss         | -0.0722       |
|    explained_variance   | 0.92          |
|    learning_rate        | 0.0003        |
|    loss                 | 1.58          |
|    n_updates            | 3030          |
|    policy_gradient_loss | -4.43e-05     |
|    value_loss           | 14.9          |
-------------------------------------------
-------------------------------------------
| time/                   |               |
|    fps                  | 149           |
|    iterations           | 108           |
|    time_elapsed         | 1107          |
|    total_timesteps      | 468480        |
| train/                  |               |
|    approx_kl            | 0.00020365964 |
|    clip_fraction        | 0.00299       |
|    clip_range           | 0.2           |
|    entropy_loss         | -0.0419       |
|    explained_variance   | 0.922         |
|    learning_rate        | 0.0003        |
|    loss                 | 10.6          |
|    n_updates            | 3040          |
|    policy_gradient_loss | -0.000296     |
|    value_loss           | 15.2          |
-------------------------------------------
------------------------------------------
| time/                   |              |
|    fps                  | 149          |
|    iterations           | 109          |
|    time_elapsed         | 1118         |
|    total_timesteps      | 470016       |
| train/                  |              |
|    approx_kl            | 0.0005528385 |
|    clip_fraction        | 0.0102       |
|    clip_range           | 0.2          |
|    entropy_loss         | -0.0538      |
|    explained_variance   | 0.992        |
|    learning_rate        | 0.0003       |
|    loss                 | 0.482        |
|    n_updates            | 3050         |
|    policy_gradient_loss | -0.00125     |
|    value_loss           | 1.18         |
------------------------------------------
  step  470094/500000 ( 94.0%)  mean_rew=-0.349
------------------------------------------
| time/                   |              |
|    fps                  | 149          |
|    iterations           | 110          |
|    time_elapsed         | 1129         |
|    total_timesteps      | 471552       |
| train/                  |              |
|    approx_kl            | 7.633589e-05 |
|    clip_fraction        | 6.51e-05     |
|    clip_range           | 0.2          |
|    entropy_loss         | -0.0502      |
|    explained_variance   | 0.913        |
|    learning_rate        | 0.0003       |
|    loss                 | 7.75         |
|    n_updates            | 3060         |
|    policy_gradient_loss | -8.28e-06    |
|    value_loss           | 15.7         |
------------------------------------------
-------------------------------------------
| time/                   |               |
|    fps                  | 149           |
|    iterations           | 111           |
|    time_elapsed         | 1141          |
|    total_timesteps      | 473088        |
| train/                  |               |
|    approx_kl            | 0.00035980562 |
|    clip_fraction        | 0.00221       |
|    clip_range           | 0.2           |
|    entropy_loss         | -0.0515       |
|    explained_variance   | 0.931         |
|    learning_rate        | 0.0003        |
|    loss                 | 10.6          |
|    n_updates            | 3070          |
|    policy_gradient_loss | -0.000374     |
|    value_loss           | 15.7          |
-------------------------------------------
-------------------------------------------
| time/                   |               |
|    fps                  | 149           |
|    iterations           | 112           |
|    time_elapsed         | 1150          |
|    total_timesteps      | 474624        |
| train/                  |               |
|    approx_kl            | 0.00023763096 |
|    clip_fraction        | 0.00241       |
|    clip_range           | 0.2           |
|    entropy_loss         | -0.0322       |
|    explained_variance   | 0.995         |
|    learning_rate        | 0.0003        |
|    loss                 | 0.27          |
|    n_updates            | 3080          |
|    policy_gradient_loss | -0.000251     |
|    value_loss           | 0.574         |
-------------------------------------------
  step  475095/500000 ( 95.0%)  mean_rew=-0.369
-------------------------------------------
| time/                   |               |
|    fps                  | 149           |
|    iterations           | 113           |
|    time_elapsed         | 1159          |
|    total_timesteps      | 476160        |
| train/                  |               |
|    approx_kl            | 0.00021009792 |
|    clip_fraction        | 0.000586      |
|    clip_range           | 0.2           |
|    entropy_loss         | -0.0522       |
|    explained_variance   | 0.911         |
|    learning_rate        | 0.0003        |
|    loss                 | 10.6          |
|    n_updates            | 3090          |
|    policy_gradient_loss | -0.000202     |
|    value_loss           | 15.2          |
-------------------------------------------
------------------------------------------
| time/                   |              |
|    fps                  | 149          |
|    iterations           | 114          |
|    time_elapsed         | 1171         |
|    total_timesteps      | 477696       |
| train/                  |              |
|    approx_kl            | 0.0003285812 |
|    clip_fraction        | 0.000391     |
|    clip_range           | 0.2          |
|    entropy_loss         | -0.0461      |
|    explained_variance   | 0.927        |
|    learning_rate        | 0.0003       |
|    loss                 | 3.38         |
|    n_updates            | 3100         |
|    policy_gradient_loss | -0.000113    |
|    value_loss           | 15.7         |
------------------------------------------
-------------------------------------------
| time/                   |               |
|    fps                  | 150           |
|    iterations           | 115           |
|    time_elapsed         | 1176          |
|    total_timesteps      | 479232        |
| train/                  |               |
|    approx_kl            | 0.00014215102 |
|    clip_fraction        | 0.00104       |
|    clip_range           | 0.2           |
|    entropy_loss         | -0.0203       |
|    explained_variance   | 0.923         |
|    learning_rate        | 0.0003        |
|    loss                 | 12.6          |
|    n_updates            | 3110          |
|    policy_gradient_loss | -0.000253     |
|    value_loss           | 15.3          |
-------------------------------------------
  step  480096/500000 ( 96.0%)  mean_rew=-0.004
------------------------------------------
| time/                   |              |
|    fps                  | 150          |
|    iterations           | 116          |
|    time_elapsed         | 1184         |
|    total_timesteps      | 480768       |
| train/                  |              |
|    approx_kl            | 0.0006839096 |
|    clip_fraction        | 0.0119       |
|    clip_range           | 0.2          |
|    entropy_loss         | -0.061       |
|    explained_variance   | 0.993        |
|    learning_rate        | 0.0003       |
|    loss                 | 0.457        |
|    n_updates            | 3120         |
|    policy_gradient_loss | -0.000163    |
|    value_loss           | 0.788        |
------------------------------------------
-------------------------------------------
| time/                   |               |
|    fps                  | 150           |
|    iterations           | 117           |
|    time_elapsed         | 1194          |
|    total_timesteps      | 482304        |
| train/                  |               |
|    approx_kl            | 0.00012059129 |
|    clip_fraction        | 0             |
|    clip_range           | 0.2           |
|    entropy_loss         | -0.0394       |
|    explained_variance   | 0.92          |
|    learning_rate        | 0.0003        |
|    loss                 | 4.83          |
|    n_updates            | 3130          |
|    policy_gradient_loss | -1.67e-05     |
|    value_loss           | 14.7          |
-------------------------------------------
------------------------------------------
| time/                   |              |
|    fps                  | 150          |
|    iterations           | 118          |
|    time_elapsed         | 1205         |
|    total_timesteps      | 483840       |
| train/                  |              |
|    approx_kl            | 7.854565e-05 |
|    clip_fraction        | 0.000391     |
|    clip_range           | 0.2          |
|    entropy_loss         | -0.0221      |
|    explained_variance   | 0.936        |
|    learning_rate        | 0.0003       |
|    loss                 | 2.51         |
|    n_updates            | 3140         |
|    policy_gradient_loss | -0.00038     |
|    value_loss           | 14.4         |
------------------------------------------
  step  485097/500000 ( 97.0%)  mean_rew=-0.290
-------------------------------------------
| time/                   |               |
|    fps                  | 150           |
|    iterations           | 119           |
|    time_elapsed         | 1214          |
|    total_timesteps      | 485376        |
| train/                  |               |
|    approx_kl            | 2.3401148e-05 |
|    clip_fraction        | 0.000846      |
|    clip_range           | 0.2           |
|    entropy_loss         | -0.023        |
|    explained_variance   | 0.995         |
|    learning_rate        | 0.0003        |
|    loss                 | 0.247         |
|    n_updates            | 3150          |
|    policy_gradient_loss | -9.85e-05     |
|    value_loss           | 0.588         |
-------------------------------------------
------------------------------------------
| time/                   |              |
|    fps                  | 150          |
|    iterations           | 120          |
|    time_elapsed         | 1223         |
|    total_timesteps      | 486912       |
| train/                  |              |
|    approx_kl            | 7.109783e-05 |
|    clip_fraction        | 0            |
|    clip_range           | 0.2          |
|    entropy_loss         | -0.0312      |
|    explained_variance   | 0.917        |
|    learning_rate        | 0.0003       |
|    loss                 | 13.4         |
|    n_updates            | 3160         |
|    policy_gradient_loss | -1.33e-05    |
|    value_loss           | 15.1         |
------------------------------------------
------------------------------------------
| time/                   |              |
|    fps                  | 150          |
|    iterations           | 121          |
|    time_elapsed         | 1234         |
|    total_timesteps      | 488448       |
| train/                  |              |
|    approx_kl            | 7.450243e-05 |
|    clip_fraction        | 0.00124      |
|    clip_range           | 0.2          |
|    entropy_loss         | -0.0264      |
|    explained_variance   | 0.929        |
|    learning_rate        | 0.0003       |
|    loss                 | 5.52         |
|    n_updates            | 3170         |
|    policy_gradient_loss | -0.00014     |
|    value_loss           | 15.3         |
------------------------------------------
-------------------------------------------
| time/                   |               |
|    fps                  | 150           |
|    iterations           | 122           |
|    time_elapsed         | 1242          |
|    total_timesteps      | 489984        |
| train/                  |               |
|    approx_kl            | 4.0519517e-06 |
|    clip_fraction        | 0             |
|    clip_range           | 0.2           |
|    entropy_loss         | -0.017        |
|    explained_variance   | 0.913         |
|    learning_rate        | 0.0003        |
|    loss                 | 4.26          |
|    n_updates            | 3180          |
|    policy_gradient_loss | -2.06e-06     |
|    value_loss           | 15.3          |
-------------------------------------------
  step  490098/500000 ( 98.0%)  mean_rew=-0.375
-------------------------------------------
| time/                   |               |
|    fps                  | 151           |
|    iterations           | 123           |
|    time_elapsed         | 1251          |
|    total_timesteps      | 491520        |
| train/                  |               |
|    approx_kl            | 0.00030767304 |
|    clip_fraction        | 0.00189       |
|    clip_range           | 0.2           |
|    entropy_loss         | -0.0292       |
|    explained_variance   | 0.994         |
|    learning_rate        | 0.0003        |
|    loss                 | 0.401         |
|    n_updates            | 3190          |
|    policy_gradient_loss | 8.55e-06      |
|    value_loss           | 0.857         |
-------------------------------------------
------------------------------------------
| time/                   |              |
|    fps                  | 151          |
|    iterations           | 124          |
|    time_elapsed         | 1260         |
|    total_timesteps      | 493056       |
| train/                  |              |
|    approx_kl            | 0.0014724135 |
|    clip_fraction        | 0.0141       |
|    clip_range           | 0.2          |
|    entropy_loss         | -0.0324      |
|    explained_variance   | 0.917        |
|    learning_rate        | 0.0003       |
|    loss                 | 16.3         |
|    n_updates            | 3200         |
|    policy_gradient_loss | -0.000832    |
|    value_loss           | 17           |
------------------------------------------
-------------------------------------------
| time/                   |               |
|    fps                  | 151           |
|    iterations           | 125           |
|    time_elapsed         | 1269          |
|    total_timesteps      | 494592        |
| train/                  |               |
|    approx_kl            | 1.3224393e-06 |
|    clip_fraction        | 0             |
|    clip_range           | 0.2           |
|    entropy_loss         | -0.00825      |
|    explained_variance   | 0.936         |
|    learning_rate        | 0.0003        |
|    loss                 | 5.71          |
|    n_updates            | 3210          |
|    policy_gradient_loss | -4.72e-06     |
|    value_loss           | 15.6          |
-------------------------------------------
  step  495099/500000 ( 99.0%)  mean_rew=-0.005
-------------------------------------------
| time/                   |               |
|    fps                  | 151           |
|    iterations           | 126           |
|    time_elapsed         | 1276          |
|    total_timesteps      | 496128        |
| train/                  |               |
|    approx_kl            | 0.00017353694 |
|    clip_fraction        | 0.00254       |
|    clip_range           | 0.2           |
|    entropy_loss         | -0.0343       |
|    explained_variance   | 0.995         |
|    learning_rate        | 0.0003        |
|    loss                 | 0.323         |
|    n_updates            | 3220          |
|    policy_gradient_loss | -2.07e-05     |
|    value_loss           | 0.897         |
-------------------------------------------
-------------------------------------------
| time/                   |               |
|    fps                  | 151           |
|    iterations           | 127           |
|    time_elapsed         | 1283          |
|    total_timesteps      | 497664        |
| train/                  |               |
|    approx_kl            | 0.00037465792 |
|    clip_fraction        | 0.00495       |
|    clip_range           | 0.2           |
|    entropy_loss         | -0.0393       |
|    explained_variance   | 0.912         |
|    learning_rate        | 0.0003        |
|    loss                 | 15.5          |
|    n_updates            | 3230          |
|    policy_gradient_loss | -0.000198     |
|    value_loss           | 14.9          |
-------------------------------------------
-------------------------------------------
| time/                   |               |
|    fps                  | 151           |
|    iterations           | 128           |
|    time_elapsed         | 1294          |
|    total_timesteps      | 499200        |
| train/                  |               |
|    approx_kl            | 0.00016754796 |
|    clip_fraction        | 0.0026        |
|    clip_range           | 0.2           |
|    entropy_loss         | -0.0245       |
|    explained_variance   | 0.933         |
|    learning_rate        | 0.0003        |
|    loss                 | 10.8          |
|    n_updates            | 3240          |
|    policy_gradient_loss | -0.000133     |
|    value_loss           | 14.7          |
-------------------------------------------
  step  500100/500000 (100.0%)  mean_rew=-0.216
-------------------------------------------
| time/                   |               |
|    fps                  | 152           |
|    iterations           | 129           |
|    time_elapsed         | 1301          |
|    total_timesteps      | 500736        |
| train/                  |               |
|    approx_kl            | 3.1914872e-06 |
|    clip_fraction        | 0             |
|    clip_range           | 0.2           |
|    entropy_loss         | -0.0142       |
|    explained_variance   | 0.911         |
|    learning_rate        | 0.0003        |
|    loss                 | 5.47          |
|    n_updates            | 3250          |
|    policy_gradient_loss | 5.7e-06       |
|    value_loss           | 15.2          |
-------------------------------------------
-----------------------------------------
| time/                   |             |
|    fps                  | 152         |
|    iterations           | 130         |
|    time_elapsed         | 1310        |
|    total_timesteps      | 502272      |
| train/                  |             |
|    approx_kl            | 0.001102086 |
|    clip_fraction        | 0.00964     |
|    clip_range           | 0.2         |
|    entropy_loss         | -0.0305     |
|    explained_variance   | 0.993       |
|    learning_rate        | 0.0003      |
|    loss                 | 0.423       |
|    n_updates            | 3260        |
|    policy_gradient_loss | -0.000635   |
|    value_loss           | 0.983       |
-----------------------------------------
-------------------------------------------
| time/                   |               |
|    fps                  | 152           |
|    iterations           | 131           |
|    time_elapsed         | 1319          |
|    total_timesteps      | 503808        |
| train/                  |               |
|    approx_kl            | 0.00078267866 |
|    clip_fraction        | 0.00299       |
|    clip_range           | 0.2           |
|    entropy_loss         | -0.0248       |
|    explained_variance   | 0.912         |
|    learning_rate        | 0.0003        |
|    loss                 | 7.21          |
|    n_updates            | 3270          |
|    policy_gradient_loss | -0.000276     |
|    value_loss           | 16            |
-------------------------------------------
  Stage 4 saved -> cologne3_ppo_stage4_100pct.zip

[cologne3-PPO] Curriculum done.
  Final model -> /workspace/rl-traffic/exp_cologne3_rand_curr/ppo_pressure_s123/cologne3_ppo_final_model.zip
  Total steps : 500000
