timestep,loss,value_loss,entropy_loss,approx_kl,clip_fraction,explained_variance,policy_gradient_loss
200,,,,,,,
400,0.0664442926645279,0.15890919808298348,-3.688876932859421,1.4901161e-07,0.0,-2.407150983810425,-0.0001555775098839751
600,0.06672567874193192,0.12493180874735117,-3.688875824213028,2.0891429e-07,0.0,-3.464468002319336,-0.00015840715052468647
800,0.058959465473890305,0.17840830218046905,-3.6888750791549683,3.6925076e-07,0.0,-0.7154024839401245,-0.00017848503588038244
1000,0.08126473426818848,0.13891893513500692,-3.688875126838684,3.7938358e-07,0.0,-2.0875132083892822,-0.00019514308804935432
1200,0.05496237054467201,0.14268958941102028,-3.6888745963573455,4.529953e-07,0.0,-1.112849235534668,-0.00021282483719482493
1400,0.06593689322471619,0.1580411594361067,-3.6888737320899962,3.540516e-07,0.0,-1.3995733261108398,-0.00019566991960551228
1600,0.08340489864349365,0.13495189510285854,-3.6888733386993406,2.8818846e-07,0.0,-0.9316096305847168,-0.00015885545219251895
1800,0.07765106856822968,0.12947991862893105,-3.6888731181621552,2.9057264e-07,0.0,-1.332275629043579,-0.00015426822723362265
2000,0.07320309430360794,0.16428164169192314,-3.6888731122016907,3.3617022e-07,0.0,-0.9908733367919922,-0.0001780337981010849
2200,0.04204818233847618,0.10661711934953928,-3.688872843980789,2.4467707e-07,0.0,-1.5389587879180908,-0.00013709469175909872
2400,0.08522126078605652,0.1317055495455861,-3.6888723254203795,2.8610228e-07,0.0,-0.8338253498077393,-0.00015762273997463883
2600,0.08938108384609222,0.1408841134980321,-3.688872295618057,2.6404857e-07,0.0,-0.9962193965911865,-0.00015884191567003825
2800,0.04174654185771942,0.09123015254735947,-3.6888719499111176,3.1977893e-07,0.0,-4.407151222229004,-0.00015984296687276967
3000,0.06862242519855499,0.09837789246812463,-3.6888708233833314,3.8295985e-07,0.0,-0.7966048717498779,-0.00019342549071301728
3200,0.06003943830728531,0.0973593607544899,-3.6888704717159273,2.0086766e-07,0.0,-0.6758071184158325,-0.0001240048212409306
3400,0.07295837998390198,0.17887638360261918,-3.6888700664043426,2.2500754e-07,0.0,-0.2962949275970459,-0.0001470024881445653
3600,0.07390634715557098,0.11980105601251126,-3.688870018720627,3.042817e-07,0.0,-0.47016406059265137,-0.00017322906774228653
3800,0.048924751579761505,0.10528899934142828,-3.6888695538043974,3.8176776e-07,0.0,-1.2458629608154297,-0.0001859518296407403
4000,0.04390288144350052,0.08251291532069445,-3.688869321346283,4.2021273e-07,0.0,-3.051823616027832,-0.00020540061657777774
4200,0.09569171816110611,0.1295859819278121,-3.6888688087463377,3.6925078e-07,0.0,-0.8669795989990234,-0.0001745884571411782
4400,0.031347714364528656,0.06928733801469207,-3.6888686537742617,3.1530857e-07,0.0,-4.210646152496338,-0.00017297117492904858
4600,0.04443206265568733,0.08428661245852709,-3.6888687193393705,2.092123e-07,0.0,-1.2554066181182861,-0.00012251756314229922
4800,0.04341191425919533,0.09309519957751036,-3.6888686776161195,2.0295381e-07,0.0,-0.5976442098617554,-0.00011264975409210897
5000,0.0831432193517685,0.14519381932914258,-3.6888688504695892,2.4974347e-07,0.0,-0.8014006614685059,-0.0001629981254265722
5200,0.0582047738134861,0.11754568135365843,-3.6888681411743165,3.695488e-07,0.0,-0.3373525142669678,-0.000183580032310382
5400,0.04732199385762215,0.10976340435445309,-3.6888678550720213,3.9488077e-07,0.0,-1.3082501888275146,-0.00019482892827806796
5600,0.025663284584879875,0.06640335125848651,-3.688867998123169,2.8461218e-07,0.0,-1.7128520011901855,-0.00016251617551095167
5800,0.03898695856332779,0.07100282600149513,-3.68886838555336,3.0010938e-07,0.0,-0.7380216121673584,-0.00016057756533518485
6000,0.06147075071930885,0.08827955182641745,-3.6888681292533874,3.9339068e-07,0.0,-0.8318228721618652,-0.00018311064010623213
6200,0.0263129323720932,0.051037358585745096,-3.6888677954673765,4.0382147e-07,0.0,-1.17970609664917,-0.00017843888722341995
6400,0.022491518408060074,0.0479810930788517,-3.688866949081421,3.1203032e-07,0.0,-1.2220280170440674,-0.0001670927397902644
6600,0.03395410627126694,0.05999418376013636,-3.688866549730301,2.655387e-07,0.0,-0.7647595405578613,-0.00015379697111654876
6800,0.03956405073404312,0.09262569416314363,-3.68886638879776,2.9057264e-07,0.0,-0.4670252799987793,-0.00015550647580329092
7000,0.02123909443616867,0.040219161473214624,-3.6888664245605467,1.5765428e-07,0.0,-1.43782639503479,-9.829150874174353e-05
7200,0.02552349865436554,0.06026524659246206,-3.6888659417629244,2.6792287e-07,0.0,-1.3513154983520508,-0.00014496754876642816
7400,0.03649313375353813,0.06395035171881318,-3.688866114616394,3.004074e-07,0.0,-0.4387495517730713,-0.00016862197411642298
7600,0.02591320499777794,0.05667015695944429,-3.6888642013072968,3.749132e-07,0.0,-2.0918328762054443,-0.00019917641048516343
7800,0.021846305578947067,0.04421775490045547,-3.688862121105194,3.5375356e-07,0.0,-0.35600781440734863,-0.00018690876693394642
8000,0.02350779063999653,0.06560256676748395,-3.6888623893260957,3.5077335e-07,0.0,-0.19678819179534912,-0.00017410937721502596
8200,0.04220222309231758,0.127780516538769,-3.6888609707355497,3.2633545e-07,0.0,-0.16734230518341064,-0.00013471138396130565
8400,0.018078487366437912,0.040412633400410417,-3.6888612389564512,3.427267e-07,0.0,-1.3905787467956543,-0.00017166227081975017
8600,0.015725744888186455,0.03245599889196456,-3.68886085152626,3.501773e-07,0.0,-1.451897382736206,-0.00020173405149961354
8800,0.028739692643284798,0.0690127239562571,-3.6888588547706602,2.8580428e-07,0.0,-0.34824955463409424,-0.00014664851140093748
9000,0.024841994047164917,0.03783390000462532,-3.6888584196567535,3.2752752e-07,0.0,-2.0285120010375977,-0.00016202966930380924
9200,0.041134513914585114,0.058657892234623435,-3.6888590514659882,3.629923e-07,0.0,-0.29797279834747314,-0.00016512714919201255
9400,0.012367269024252892,0.025041453074663877,-3.688858312368393,3.904104e-07,0.0,-2.8113858699798584,-0.00017956851364853144
9600,0.018759710714221,0.0626501314342022,-3.6888569474220274,2.1666288e-07,0.0,-0.535574197769165,-0.00011961325188520888
9800,0.021325161680579185,0.0430458293762058,-3.688857388496399,3.0755996e-07,0.0,-0.7890896797180176,-0.00015627268011678686
10000,0.035487815737724304,0.0828743421472609,-3.6888561606407166,2.1487473e-07,0.0,-0.05679607391357422,-0.00013051567244428685
10200,0.0348656103014946,0.0713301783427596,-3.688854855298996,2.1308661e-07,0.0,-0.3331489562988281,-0.00012665283704089148
10400,0.025082450360059738,0.04459467809647322,-3.688855266571045,3.4064055e-07,0.0,-0.8667887449264526,-0.00016880444481999214
10600,0.02904718928039074,0.04477449459955096,-3.688855743408203,3.6984682e-07,0.0,-0.2316223382949829,-0.00018225414998962464
10800,0.027466081082820892,0.047856049705296756,-3.6888544499874114,1.770258e-07,0.0,-0.061304688453674316,-0.00011823661606409352
11000,0.040460776537656784,0.07927656285464764,-3.688853049278259,3.4064055e-07,0.0,-0.19674646854400635,-0.00019058520991086514
11200,0.014958045445382595,0.04289821446873247,-3.6888509392738342,4.8846005e-07,0.0,-0.292361855506897,-0.00022350265112662803
11400,0.023132821545004845,0.0327307527884841,-3.68884938955307,3.4570692e-07,0.0,-0.354236364364624,-0.0002006498720840355
11600,0.020800519734621048,0.06738133137114347,-3.688847726583481,3.325939e-07,0.0,-0.09991121292114258,-0.00015217547917201202
11800,0.014687087386846542,0.03873577262274921,-3.6888468325138093,3.054738e-07,0.0,-0.5000449419021606,-0.0001539958420676113
12000,0.02529790624976158,0.03602473651990294,-3.688844007253647,2.4646522e-07,0.0,-0.5365158319473267,-0.0001305833012995583
12200,0.023407991975545883,0.04266837290488183,-3.688845640420914,2.0861626e-07,0.0,0.00910651683807373,-0.00013107443802522488
12400,0.010475033894181252,0.03155967877246439,-3.688845533132553,2.795458e-07,0.0,-0.13334310054779053,-0.00014578461581618018
12600,0.00929368194192648,0.0293516946490854,-3.6888447284698485,4.1514633e-07,0.0,-0.39898765087127686,-0.00019211117101973761
12800,0.009656076319515705,0.03237834530882537,-3.6888460516929626,3.7312506e-07,0.0,-0.06694364547729492,-0.00017338422694876954
13000,0.012294820509850979,0.019655333552509546,-3.6888456761837007,2.849102e-07,0.0,-0.3589688539505005,-0.00014403638246005546
13200,0.019874613732099533,0.027663358976133166,-3.6888485193252563,2.8520822e-07,0.0,-0.050837039947509766,-0.0001647542105130295
13400,0.016465915367007256,0.03149185534566641,-3.6888493418693544,1.9311905e-07,0.0,-0.275882363319397,-0.00011650720258247205
13600,0.017999595031142235,0.026184399682097136,-3.6888479232788085,3.015995e-07,0.0,-0.3544822931289673,-0.00017890268602775982
13800,0.0119512639939785,0.05524217872880399,-3.6888462901115417,3.2126906e-07,0.0,-0.09785342216491699,-0.00013449475154714285
14000,0.039546072483062744,0.07371844472363591,-3.688848692178726,1.8417835e-07,0.0,0.0182076096534729,-0.00010613871689271192
14200,0.026595214381814003,0.031910923798568545,-3.6888480365276335,1.8835068e-07,0.0,-0.037893056869506836,-0.00011187836530055507
14400,0.11896610260009766,0.12638361556455494,-3.688845145702362,2.2411348e-07,0.0,-0.08381915092468262,-0.0001278614130028499
14600,0.009467595256865025,0.01416564399842173,-3.6888461887836455,4.10378e-07,0.0,-0.10219454765319824,-0.00018654954426307048
14800,0.026430334895849228,0.038941007247194646,-3.688845992088318,2.2292137e-07,0.0,-0.08519220352172852,-0.00012364429934881295
15000,0.012845879420638084,0.021376955043524503,-3.688843423128128,2.8401612e-07,0.0,-0.19975876808166504,-0.00012992824778964573
15200,0.06786514818668365,0.07579259346239269,-3.688841480016708,3.823638e-07,0.0,-0.03880631923675537,-0.00017933061788222293
15400,0.018852828070521355,0.061738327611237764,-3.6888424277305605,2.3066997e-07,0.0,-0.03147614002227783,-0.00012096490693386253
15600,0.016143621876835823,0.026520992442965508,-3.6888383746147158,4.383922e-07,0.0,-0.0010035037994384766,-0.00020254607788183776
15800,0.0021155821159482002,0.009940016607288271,-3.688837134838104,5.570054e-07,0.0,-0.26817309856414795,-0.0002495849038886444
16000,0.021494725719094276,0.03455440909601748,-3.68883558511734,2.5361777e-07,0.0,-0.04555630683898926,-0.00012843677512092144
16200,0.011515851132571697,0.018321147956885397,-3.6888348937034605,2.9146673e-07,0.0,-0.28373587131500244,-0.0001590976631781871
16400,0.028667297214269638,0.06107679139822721,-3.6888330459594725,4.440546e-07,0.0,-0.07457661628723145,-0.00021748919878930017
16600,0.06153428927063942,0.09828006373718381,-3.688835060596466,1.9460916e-07,0.0,0.0036701560020446777,-0.00010986864525306395
16800,0.003921702038496733,0.010743246384663507,-3.6888335406780244,3.0875205e-07,0.0,-0.09437215328216553,-0.0001628199376712103
17000,0.0064853643998503685,0.01210370494518429,-3.6888342797756195,3.4034252e-07,0.0,-0.124886155128479,-0.00016372085988889396
17200,0.0053507015109062195,0.013336086738854646,-3.688830018043518,3.1948088e-07,0.0,-0.10889387130737305,-0.00015971720121836784
17400,0.0277855321764946,0.04293184080161154,-3.6888297855854035,2.640486e-07,0.0,-0.019954562187194824,-0.0001425620576922082
17600,0.012769848108291626,0.049019855074584485,-3.6888315677642822,2.1100044e-07,0.0,-0.013117551803588867,-0.00011908709299399134
17800,0.0025192222092300653,0.006764784175902605,-3.6888313829898833,1.692772e-07,0.0,-0.1417984962463379,-0.00011972440816170327
18000,0.02360415644943714,0.04511879310011864,-3.688830500841141,3.0368568e-07,0.0,-0.04834294319152832,-0.00016231882521822172
18200,0.014788120985031128,0.03587236194871366,-3.6888315200805666,1.7642975e-07,0.0,0.009544610977172852,-0.0001087801012520151
18400,0.011334796436131,0.017083058157004415,-3.6888309895992277,2.2858381e-07,0.0,0.006930410861968994,-0.00011461904670966306
18600,0.007607588078826666,0.016368455486372113,-3.6888302683830263,2.7120112e-07,0.0,-0.03580880165100098,-0.00014410437942342648
18800,0.05490465462207794,0.21096861343830825,-3.6888333380222322,3.5345553e-07,0.0,0.004813849925994873,-0.00019776866708449693
19000,0.006826071999967098,0.016501743416301905,-3.688831168413162,2.5361777e-07,0.0,-0.004089236259460449,-0.00015602008864514793
19200,0.007195034995675087,0.00927276419242844,-3.6888309180736543,2.1904708e-07,0.0,0.002641022205352783,-0.00011600254473740357
19400,0.00688845245167613,0.017419839557260276,-3.6888299703598024,3.063679e-07,0.0,0.06601375341415405,-0.00016360937113035767
19600,0.028808778151869774,0.035674211429432036,-3.6888297498226166,2.130866e-07,0.0,0.0054970383644104,-0.0001331777272738144
19800,0.03278571367263794,0.05110000972636044,-3.6888281881809233,2.6166438e-07,0.0,0.06684529781341553,-0.00014354425726619268
20000,0.009813440963625908,0.018910086946561933,-3.6888266086578367,4.1365624e-07,0.0,-0.03638005256652832,-0.00020049502446364275
20200,0.00767139345407486,0.013489565812051296,-3.6888269662857054,3.7431715e-07,0.0,0.05368441343307495,-0.0001936454922083719
20400,0.03288287669420242,0.05103033212944865,-3.688825309276581,1.952052e-07,0.0,-0.0054062604904174805,-0.00010673466269486286
20600,0.02284100279211998,0.04578134738840163,-3.6888248145580294,2.0116568e-07,0.0,-0.005645036697387695,-0.00012558448295874047
20800,0.012110456824302673,0.028914920100942255,-3.688822662830353,3.7461518e-07,0.0,0.002028346061706543,-0.00016694456335160092
21000,0.0068598464131355286,0.012858813884668053,-3.6888221979141234,2.771616e-07,0.0,0.10351002216339111,-0.00015280969392845735
21200,0.011594667099416256,0.030860578850843014,-3.688822144269943,2.8669834e-07,0.0,0.05166977643966675,-0.00015057979429093925
21400,0.01833525486290455,0.033694224711507556,-3.688822162151337,2.1636487e-07,0.0,0.020933032035827637,-0.00012420736892272411
21600,0.009525214321911335,0.015592200099490583,-3.6888215243816376,3.3318997e-07,0.0,0.022406160831451416,-0.00016492682806268366
21800,0.03444836661219597,0.055805566255003214,-3.688820868730545,4.3362377e-07,0.0,0.005044877529144287,-0.000199723185522771
22000,0.008484115824103355,0.02697834048885852,-3.6888231694698335,2.479553e-07,0.0,0.07012486457824707,-0.00013432163839598442
22200,0.021679632365703583,0.04290259378030896,-3.6888240039348603,3.6031008e-07,0.0,0.049163758754730225,-0.00018657462214696218
22400,0.02060686983168125,0.03950098417699337,-3.68882297873497,3.781915e-07,0.0,0.07068967819213867,-0.0001831323204542823
22600,0.014138950034976006,0.0274769373703748,-3.6888195872306824,1.6301871e-07,0.0,0.05823314189910889,-0.00011043909520034312
22800,0.012806822545826435,0.019519899133592845,-3.68881933093071,5.0783154e-07,0.0,0.041683971881866455,-0.00020543645981825344
23000,0.0017872718162834644,0.005698106798809022,-3.6888195991516115,3.20971e-07,0.0,-0.0900411605834961,-0.00016504385292339662
23200,0.018678458407521248,0.04669329868629575,-3.688820022344589,3.0905008e-07,0.0,0.008876383304595947,-0.00015079366248619275
23400,0.0046515087597072124,0.0178412506589666,-3.688820314407349,4.1574242e-07,0.0,0.07622307538986206,-0.00015495800890217293
23600,0.008160814642906189,0.02047999904025346,-3.6888194262981413,2.655387e-07,0.0,0.020801424980163574,-0.0001472223771374903
23800,0.009265720844268799,0.010542019130662083,-3.6888197302818297,2.1010638e-07,0.0,0.09933298826217651,-0.0001145761163764969
24000,0.07596014440059662,0.08306550323031843,-3.6888197481632234,3.027916e-07,0.0,0.02515876293182373,-0.00016414458356382445
24200,0.022498099133372307,0.035304326796904206,-3.688820058107376,4.029274e-07,0.0,0.011970937252044678,-0.00018508179681204774
24400,0.007463710382580757,0.009867910051252694,-3.688819777965546,3.436208e-07,0.0,0.19981545209884644,-0.0001707502306715014
24600,0.005879106931388378,0.010728354437742383,-3.6888187289237977,4.1872264e-07,0.0,0.14111065864562988,-0.00018467572262710342
24800,0.0183857548981905,0.03627438088878989,-3.688817876577377,2.989173e-07,0.0,0.05995744466781616,-0.0001492199445503939
25000,0.016338307410478592,0.030914423684589565,-3.6888184547424316,1.5884638e-07,0.0,0.0711478590965271,-0.00010197924052879337
25200,0.028764566406607628,0.08243744797073305,-3.6888182044029234,2.2292136e-07,0.0,0.049768924713134766,-0.00012664155233803597
25400,0.004088565241545439,0.01514277426758781,-3.6888153493404388,2.8699637e-07,0.0,0.024924278259277344,-0.0001591261276987499
25600,0.04905494302511215,0.13013851847499608,-3.6888154208660127,3.1739475e-07,0.0,0.033740222454071045,-0.00016213795547008746
25800,0.00774228572845459,0.01764393101911992,-3.688817000389099,3.4183265e-07,0.0,0.04457521438598633,-0.00015810969006972985
26000,0.015029244124889374,0.03981557199731469,-3.6888158202171324,3.004074e-07,0.0,0.04656791687011719,-0.0001627920558047613
26200,0.010943196713924408,0.023960809339769185,-3.688814473152161,3.4958123e-07,0.0,0.018669307231903076,-0.0001645579035609357
26400,0.016806432977318764,0.03387252939864993,-3.6888147473335264,3.8444995e-07,0.0,0.07619589567184448,-0.00017403638592019543
26600,0.020048100501298904,0.023056641512084752,-3.6888139486312865,2.1785497e-07,0.0,0.11317270994186401,-0.0001287731083206567
26800,0.0025497842580080032,0.0075422780821099876,-3.6888146102428436,4.1037796e-07,0.0,0.19595927000045776,-0.00020898076758277818
27000,0.022521819919347763,0.07629329403862357,-3.6888159573078156,1.6242265e-07,0.0,-0.00042998790740966797,-0.00010979757444933292
27200,0.013136478140950203,0.03615168076939881,-3.688816285133362,2.655387e-07,0.0,0.05921429395675659,-0.00013205116173196086
27400,0.007310075685381889,0.010835687117651104,-3.6888137102127074,3.20971e-07,0.0,-0.0008423328399658203,-0.00016069258878712578
27600,0.00818290002644062,0.017256863694638015,-3.6888154447078705,3.090501e-07,0.0,0.06259709596633911,-0.0001739810106333506
27800,0.016732091084122658,0.030105698620900512,-3.6888149857521055,3.1769275e-07,0.0,0.11108195781707764,-0.0001747368647016856
28000,0.01627667434513569,0.0360468671657145,-3.6888149321079253,2.4706125e-07,0.0,0.07100784778594971,-0.0001271553349096566
28200,0.03248408064246178,0.05844189296476543,-3.688814628124237,2.3007392e-07,0.0,0.0037233829498291016,-0.00013074301271513987
28400,0.03502238169312477,0.04512276719324291,-3.688815987110138,2.9951335e-07,0.0,0.13067466020584106,-0.00016824208215711068
28600,0.004130310378968716,0.010771432030014693,-3.6888169288635253,2.0503998e-07,0.0,0.20273399353027344,-0.00012092900424307552
28800,0.017995474860072136,0.06936297751963139,-3.6888141334056854,1.8954277e-07,0.0,0.060018301010131836,-0.00011775755112466979
29000,0.019512968137860298,0.04756213040091097,-3.6888124644756317,2.723932e-07,0.0,0.10115331411361694,-0.00014841924563704367
29200,0.011849873699247837,0.02340242189820856,-3.6888137817382813,2.8133394e-07,0.0,0.14844942092895508,-0.000149731291953481
29400,0.030529679730534554,0.04298398308455944,-3.6888088643550874,2.1755696e-07,0.0,0.06317925453186035,-0.00012715909695222295
29600,0.03668338805437088,0.08703828547149897,-3.6888090133666993,2.9832125e-07,0.0,-0.005980849266052246,-0.00015902505792384503
29800,0.039373766630887985,0.05911059817299247,-3.68880934715271,2.9027464e-07,0.0,0.024435997009277344,-0.00014314709551643823
30000,0.005350682884454727,0.010681727586779743,-3.6888080060482027,2.8580428e-07,0.0,-0.07896602153778076,-0.00017403788436410884
30200,0.0036510583013296127,0.008683398668654262,-3.6888044476509094,2.783537e-07,0.0,0.12291914224624634,-0.0001474120315502425
30400,0.008379161357879639,0.01024268101900816,-3.6888012826442718,3.3736228e-07,0.0,0.01487058401107788,-0.0001658345457027588
30600,0.007692952640354633,0.015652997139841317,-3.6887999773025513,3.9100647e-07,0.0,0.103931725025177,-0.00017108937386478562
30800,0.017238516360521317,0.03697576085105538,-3.688799351453781,3.4034252e-07,0.0,0.13818258047103882,-0.00015990625300355
31000,0.04977019876241684,0.09299349840730428,-3.6887986421585084,3.0428174e-07,0.0,0.05097174644470215,-0.00013959731862560608
31200,0.005441208370029926,0.010139459266792984,-3.6887974858284,1.9073487e-07,0.0,0.10350668430328369,-0.00010946069695614292
31400,0.00562722934409976,0.013012965186499059,-3.6887976229190826,4.5001508e-07,0.0,0.1406232714653015,-0.00019617472616970666
31600,0.013308852910995483,0.03233642540872097,-3.6887962400913237,5.075335e-07,0.0,0.022400319576263428,-0.00025138610729316115
31800,0.022613978013396263,0.03272571982815862,-3.688796579837799,2.977252e-07,0.0,0.12813985347747803,-0.00014536620687704004
32000,0.02794758789241314,0.0686181434430182,-3.6887981712818148,2.7984382e-07,0.0,0.03723829984664917,-0.00015228953927544088
32200,0.011100885458290577,0.017132741666864605,-3.6887992680072785,2.7418136e-07,0.0,0.007826507091522217,-0.00014536810627898688
32400,0.006365935318171978,0.014535066357348114,-3.688798373937607,3.156066e-07,0.0,0.12743914127349854,-0.00016271574766510977
32600,0.019475741311907768,0.0385725864674896,-3.688795453310013,2.4080276e-07,0.0,0.13994163274765015,-0.00012207308445328914
32800,0.012910868972539902,0.015619596978649498,-3.688798075914383,3.3706425e-07,0.0,0.129156231880188,-0.00016487719089479657
33000,0.02011767588555813,0.02715127351693809,-3.688796877861023,2.7626754e-07,0.0,0.15832602977752686,-0.00015654201156873883
33200,0.01371134165674448,0.050786077650263904,-3.6887954890728,2.8818846e-07,0.0,0.03528791666030884,-0.00015967291537015703
33400,0.017231350764632225,0.039940345706418155,-3.688796526193619,3.236532e-07,0.0,0.008639812469482422,-0.00016416352940948898
33600,0.009458391927182674,0.01549810942960903,-3.6887963235378267,3.2633542e-07,0.0,0.02002626657485962,-0.00015053303691821008
33800,0.042093586176633835,0.07085632206872106,-3.6887950718402864,2.6434662e-07,0.0,0.08710163831710815,-0.0001616666526725874
34000,0.011196319013834,0.021362187876366078,-3.6887894928455354,3.069639e-07,0.0,0.11087310314178467,-0.00014914695849915782
34200,0.017731940373778343,0.036247607320547104,-3.68879154920578,3.519654e-07,0.0,0.08842307329177856,-0.00017616502240969112
34400,0.006369507405906916,0.015298077976331115,-3.688787341117859,2.8729437e-07,0.0,0.07033824920654297,-0.0001441424797119506
34600,0.008257810957729816,0.014305209345184266,-3.6887856304645537,3.7580728e-07,0.0,0.12172508239746094,-0.00018423163988552372
34800,0.0042989058420062065,0.013665673276409506,-3.6887865483760836,1.92523e-07,0.0,0.1301167607307434,-0.00011411789497219881
35000,0.024617787450551987,0.058933722553774714,-3.688786679506302,2.7030705e-07,0.0,0.048558712005615234,-0.00014970128201503564
35200,0.005199126899242401,0.010439657594542951,-3.688783568143845,2.810359e-07,0.0,0.154288649559021,-0.0001586565365922832
35400,0.0019622391555458307,0.007056932791601867,-3.688782495260239,3.5583975e-07,0.0,0.1388501524925232,-0.0001738368134174273
35600,0.016861841082572937,0.043074153689667584,-3.6887743771076202,2.6613472e-07,0.0,0.16211605072021484,-0.0001443144910783678
35800,0.007471630349755287,0.023992326785810293,-3.688773500919342,2.8312206e-07,0.0,0.17313283681869507,-0.0001475092332349437
36000,0.005056887865066528,0.011899188323877753,-3.6887799918651583,3.4093856e-07,0.0,0.1520485281944275,-0.00016369660280337594
36200,0.01131394226104021,0.027803209563717245,-3.6887785613536836,2.3782253e-07,0.0,0.12343889474868774,-0.00012482473914959824
36400,0.01269899494946003,0.018803595192730428,-3.6887777507305146,2.1547079e-07,0.0,0.08567959070205688,-0.00013046529864197965
36600,0.00890908483415842,0.024500776594504715,-3.6887746810913087,2.4348498e-07,0.0,0.043050408363342285,-0.0001362608381093089
36800,0.01774805784225464,0.030766442161984743,-3.688773286342621,2.2590162e-07,0.0,0.14484870433807373,-0.0001186514049230425
37000,0.023091835901141167,0.03757815337739885,-3.6887718796730042,3.4600495e-07,0.0,0.11783760786056519,-0.00017868475631825919
37200,0.015319718047976494,0.03569709116127342,-3.688772213459015,3.6656854e-07,0.0,0.07170724868774414,-0.0001497383791756568
37400,0.033517174422740936,0.04700823440216482,-3.6887733221054075,3.4958123e-07,0.0,0.07937979698181152,-0.00016467430341118305
37600,0.011498991400003433,0.024185343319550155,-3.688774138689041,2.5957823e-07,0.0,0.19191372394561768,-0.00015632943671619603
37800,0.011474670842289925,0.021204014867544176,-3.6887719213962553,2.9087067e-07,0.0,0.16686022281646729,-0.00012675774064059288
38000,0.017826611176133156,0.05194916944019497,-3.6887712240219117,2.2113323e-07,0.0,0.0921410322189331,-0.0001417393756191876
38200,0.03086797147989273,0.07479217005893588,-3.6887719929218292,1.9460916e-07,0.0,0.08408665657043457,-0.00010592912844666901
38400,0.007692202925682068,0.01531782813835889,-3.6887723922729494,2.3037197e-07,0.0,0.1651960015296936,-0.0001473158861503565
38600,0.014351696707308292,0.024540045694448055,-3.688770645856857,2.7775764e-07,0.0,0.12586647272109985,-0.00015058907235158126
38800,0.006672295276075602,0.018924142117612064,-3.6887706995010374,4.0948393e-07,0.0,0.027144908905029297,-0.000165085910820717
39000,0.0038298768922686577,0.01038309233263135,-3.6887722074985505,2.9712916e-07,0.0,0.12957632541656494,-0.00016691821806946727
39200,0.028342068195343018,0.08252747133374214,-3.6887693762779237,2.235174e-07,0.0,0.03338038921356201,-0.00011883082914072584
39400,0.019796857610344887,0.05747671518474817,-3.688767945766449,3.284216e-07,0.0,0.0647243857383728,-0.0001419066351135867
39600,0.008820311166346073,0.03555900109931827,-3.68876993060112,2.3365021e-07,0.0,0.15712416172027588,-0.0001302116109404672
39800,0.026183342561125755,0.05039096577093005,-3.6887688040733337,3.1739472e-07,0.0,0.08813542127609253,-0.0001611840275095311
40000,0.0079469820484519,0.019658469292335213,-3.6887719333171844,2.7924779e-07,0.0,0.06464743614196777,-0.00014517402586514683
40200,0.027709560468792915,0.04602837325073779,-3.6887674987316132,2.4974347e-07,0.0,0.20420104265213013,-0.00013018853812241105
40400,0.04751903936266899,0.07152348151430488,-3.6887679517269136,1.7285348e-07,0.0,0.10290324687957764,-0.00010362277869502279
40600,0.006122339516878128,0.014886264409869909,-3.688770216703415,3.004074e-07,0.0,-0.05702507495880127,-0.00015007622655669462
40800,0.01882133260369301,0.07728137448430061,-3.6887701213359834,2.631545e-07,0.0,0.053887248039245605,-0.00014188134304629063
41000,0.029566552489995956,0.04847035645507276,-3.688769221305847,2.7239324e-07,0.0,0.10622310638427734,-0.00014294981188686106
41200,0.0021715275943279266,0.00647988332202658,-3.6887752950191497,2.0295381e-07,0.0,0.1600087285041809,-0.00012463355754789297
41400,0.016284514218568802,0.03746593799442053,-3.688769853115082,4.3302774e-07,0.0,0.11479222774505615,-0.00019823182900609028
41600,0.022553475573658943,0.03198063599411398,-3.688776844739914,3.6031008e-07,0.0,0.07295024394989014,-0.0001872494236808908
41800,0.03522483631968498,0.06898014759644866,-3.6887746155261993,4.1604042e-07,0.0,0.005083441734313965,-0.00016889375417155071
42000,0.0014488415326923132,0.004968056810321286,-3.6887757778167725,3.6895275e-07,0.0,0.14725452661514282,-0.00019088861599276808
42200,0.005067953374236822,0.011797664372716099,-3.6887821912765504,2.2292137e-07,0.0,-0.05236315727233887,-0.00013732685164313807
42400,0.002846274757757783,0.007319090381497517,-3.6887778639793396,2.7269124e-07,0.0,0.3466030955314636,-0.00015587042261065996
42600,0.018952207639813423,0.04166047042235732,-3.688780003786087,3.2633545e-07,0.0,0.01491457223892212,-0.00017170721218261463
42800,0.003199207130819559,0.00924129745690152,-3.688780951499939,2.0295383e-07,0.0,0.23699527978897095,-0.00013032481065784475
43000,0.026090027764439583,0.06790176094509662,-3.6887755274772642,3.4540892e-07,0.0,-0.024187803268432617,-0.00015581153181745133
43200,0.002968541346490383,0.007393935520667583,-3.6887762904167176,2.2232533e-07,0.0,0.17831951379776,-0.0001366435691776413
43400,0.026565345004200935,0.04070427808910608,-3.6887767016887665,2.8371812e-07,0.0,0.14078915119171143,-0.00015542736690588033
43600,0.04404010623693466,0.07335738549008966,-3.688772940635681,2.7060509e-07,0.0,0.08482939004898071,-0.00013620216529668382
43800,0.01687205396592617,0.047776976600289345,-3.6887754082679747,2.452731e-07,0.0,0.1453673243522644,-0.00014154060992268568
44000,0.04105528071522713,0.09636127213016152,-3.688773101568222,3.6358833e-07,0.0,0.07105892896652222,-0.00017324192863279463
44200,0.0070848288014531136,0.011854957754258067,-3.688771629333496,2.411008e-07,0.0,0.33922308683395386,-0.00013284844064088698
44400,0.006387691479176283,0.027504409290850164,-3.688767248392105,3.2126906e-07,0.0,0.07580429315567017,-0.00015524548937264626
44600,0.036154668778181076,0.10778026627376676,-3.6887673318386076,2.2053717e-07,0.0,0.0935327410697937,-0.00012471009064234372
44800,0.010085134766995907,0.014242377015762031,-3.688769668340683,2.9802322e-07,0.0,-0.015546441078186035,-0.00015883903896014574
45000,0.009077719412744045,0.01762998860795051,-3.688764363527298,3.0368568e-07,0.0,0.10887175798416138,-0.00013857960707776008
45200,0.007122224196791649,0.018195890611968933,-3.6887650012969972,2.631545e-07,0.0,0.2486323118209839,-0.00014128897331306957
45400,0.04022544249892235,0.07168085826560855,-3.6887647569179536,3.564358e-07,0.0,0.12650054693222046,-0.00016412506965011176
45600,0.01462235115468502,0.032652579713612795,-3.6887600779533387,2.795458e-07,0.0,0.13070619106292725,-0.00014843393104797543
45800,0.01778644323348999,0.04888105150312185,-3.6887654602527618,2.9683116e-07,0.0,0.021618664264678955,-0.00016325364910771967
46000,0.010213344357907772,0.01879651623312384,-3.688758999109268,2.2441148e-07,0.0,0.18941307067871094,-0.00014288690609327582
46200,0.017854278907179832,0.06504592495039105,-3.6887536525726317,3.4034252e-07,0.0,0.026446163654327393,-0.00018490000067101776
46400,0.048817455768585205,0.08191793239675463,-3.688755118846893,2.9236077e-07,0.0,0.06869983673095703,-0.00015782958751560107
46600,0.0033715006429702044,0.006260606308933348,-3.688754713535309,2.1219253e-07,0.0,-0.05321693420410156,-0.0001251893349629274
46800,0.008798199705779552,0.021774318302050233,-3.688756841421127,2.2411348e-07,0.0,0.17020350694656372,-0.00013055581539260784
47000,0.007922605611383915,0.014541042293421924,-3.688750445842743,2.5063753e-07,0.0,0.08208215236663818,-0.00013848483546052837
47200,0.010194898582994938,0.019356935448013247,-3.6887506246566772,2.7149915e-07,0.0,-0.061350107192993164,-0.00015038295853471163
47400,0.02253752015531063,0.053572502173483375,-3.6887529313564302,3.2693148e-07,0.0,0.10054188966751099,-0.00015519409582567256
47600,0.0062344614416360855,0.018375825451221316,-3.6887582778930663,2.3841858e-07,0.0,0.0907629132270813,-0.0001264552761726323
47800,0.003884834237396717,0.014169870340265334,-3.688754069805145,3.33786e-07,0.0,-0.039307355880737305,-0.0001563774423907649
48000,0.014170682057738304,0.030655712378211318,-3.688754618167877,2.7865173e-07,0.0,0.12561249732971191,-0.0001492665869745835
48200,0.01501979399472475,0.029324074974283576,-3.6887569665908813,2.9295683e-07,0.0,0.002455472946166992,-0.0001601540048603578
48400,0.013523337431252003,0.027716694702394306,-3.688752627372742,3.8951634e-07,0.0,0.14241504669189453,-0.00016512620472197703
48600,0.009219515137374401,0.02158660942222923,-3.688747042417526,2.4467707e-07,0.0,0.01711297035217285,-0.00012803947889801216
48800,0.01046863291412592,0.02966912663541734,-3.688751685619354,3.1501054e-07,0.0,0.05942356586456299,-0.00016910176577493717
49000,0.011702711693942547,0.0223328277701512,-3.688755440711975,1.9639731e-07,0.0,0.23201018571853638,-0.00011284279826326849
49200,0.016421809792518616,0.02819678015075624,-3.6887533009052276,2.7835367e-07,0.0,0.0020133256912231445,-0.00013359460169783954
49400,0.014739199541509151,0.031144363479688762,-3.688757359981537,2.9623507e-07,0.0,0.14741867780685425,-0.00014014022366507506
49600,0.017369650304317474,0.03643329027108848,-3.688754916191101,2.9504298e-07,0.0,0.08982741832733154,-0.0001654563785808083
49800,0.019771559163928032,0.06530848611146212,-3.688755267858505,3.5583975e-07,0.0,-0.028146862983703613,-0.0001869451997865701
50000,0.021390719339251518,0.03916331580840051,-3.6887525081634522,4.1157008e-07,0.0,0.016526103019714355,-0.0002187332503472028
50200,0.010126215405762196,0.031094867293722926,-3.6887451887130736,2.652407e-07,0.0,0.011637628078460693,-0.00013042177287969636
50400,0.01129571907222271,0.022872903826646508,-3.688749837875366,4.053116e-07,0.0,0.0891878604888916,-0.00018742567262775012
50600,0.02292092703282833,0.08566571827977895,-3.688748037815094,3.746152e-07,0.0,0.1325005292892456,-0.00017636960685172288
50800,0.019663268700242043,0.028429334075190126,-3.6887529313564302,2.348423e-07,0.0,0.17433512210845947,-0.0001237756909406418
51000,0.015502064488828182,0.03743042321875691,-3.6887554585933686,1.8566848e-07,0.0,0.10116684436798096,-0.00010011824191042268
51200,0.006197644863277674,0.01192248601000756,-3.6887532591819765,4.1246415e-07,0.0,0.31927549839019775,-0.00018685414538174294
51400,0.015084696933627129,0.03469983129762113,-3.6887509286403657,3.3229588e-07,0.0,0.12004387378692627,-0.00017164221401366753
51600,0.003147868439555168,0.009133964299689979,-3.688751000165939,4.3630598e-07,0.0,0.2848725914955139,-0.00021398954071325527
51800,0.024155190214514732,0.054053622763603926,-3.68875270485878,2.3066997e-07,0.0,0.11635464429855347,-0.00012694362686602734
52000,0.02793418988585472,0.04996081367135048,-3.688748300075531,3.707409e-07,0.0,-0.01863420009613037,-0.0001645257316798654
52200,0.018567755818367004,0.032215241063386205,-3.6887401580810546,3.1501054e-07,0.0,-0.005420088768005371,-0.00019279165408192522
52400,0.007654663175344467,0.016104693862143905,-3.6887379765510557,2.2947788e-07,0.0,0.11580836772918701,-0.00012682124280409822
52600,0.0016991416923701763,0.0064345837163273245,-3.6887445032596586,2.7894976e-07,0.0,0.06535106897354126,-0.00015171627702206258
52800,0.014070133678615093,0.021539832814596593,-3.6887446105480195,1.7881393e-07,0.0,0.06984257698059082,-0.00011142271664352777
53000,0.018531013280153275,0.023863279120996596,-3.6887406766414643,2.9683113e-07,0.0,0.1969383955001831,-0.00016997632316133603
53200,0.012785508297383785,0.022819638904184102,-3.688735765218735,1.6391277e-07,0.0,0.18603730201721191,-0.00010038889970438447
53400,0.008329656906425953,0.019011988886632025,-3.688740849494934,2.5779008e-07,0.0,0.04319560527801514,-0.00015041300620373123
53600,0.023540379479527473,0.07057889788411557,-3.688739079236984,2.8073788e-07,0.0,0.07725495100021362,-0.00015511874119169544
53800,0.015375419519841671,0.037094369530677795,-3.6887307286262514,2.82228e-07,0.0,0.09932059049606323,-0.00013792876253841956
54000,0.011916120536625385,0.02336976476944983,-3.688729727268219,5.117059e-07,0.0,0.0044828057289123535,-0.0002512921256573097
54200,0.018411463126540184,0.029562490014359354,-3.6887317180633543,3.4123659e-07,0.0,0.05301976203918457,-0.00016815626950688055
54400,0.008547033183276653,0.023450422775931658,-3.6887329518795013,3.5941602e-07,0.0,0.1689760684967041,-0.00018226282991213872
54600,0.021952511742711067,0.03571076234802604,-3.6887332081794737,3.5107135e-07,0.0,0.0858912467956543,-0.00017104772422612546
54800,0.012013453058898449,0.02922760914079845,-3.6887236297130586,3.862381e-07,0.0,-0.0061196088790893555,-0.00018296394232755197
55000,0.005427203141152859,0.015916155907325445,-3.6887180864810944,3.570318e-07,0.0,0.07506555318832397,-0.00016616269863383159
55200,0.016369229182600975,0.033684785524383185,-3.6887204885482787,3.480911e-07,0.0,0.06859850883483887,-0.00018715079803039992
55400,0.01034762617200613,0.022053694166243077,-3.6887126207351684,3.001094e-07,0.0,0.09622931480407715,-0.00013186571029191185
55600,0.007050573360174894,0.0123933105613105,-3.688714349269867,2.2530556e-07,0.0,0.18748843669891357,-0.0001084771009986385
55800,0.010462631471455097,0.024318596068769693,-3.6887137472629545,2.4348498e-07,0.0,0.08894073963165283,-0.00014079143604583955
56000,0.05687109753489494,0.1440832706168294,-3.688705676794052,3.808737e-07,0.0,0.07943707704544067,-0.00017509719091748365
56200,0.007817490957677364,0.023026743810623883,-3.6887104153633117,3.4064055e-07,0.0,-0.018457531929016113,-0.00016131982245315424
56400,0.013261782005429268,0.026745105418376623,-3.688705289363861,2.8997658e-07,0.0,0.015548646450042725,-0.00015367999794806407
56600,0.03971531614661217,0.043426015367731455,-3.688714498281479,2.43783e-07,0.0,0.012619853019714355,-0.00010515945328259946
56800,0.02369764633476734,0.05639091432094574,-3.6887108623981475,3.260374e-07,0.0,0.16903918981552124,-0.00016348275531459234
57000,0.013340217992663383,0.02511790837161243,-3.6887178897857664,2.7894976e-07,0.0,0.15459758043289185,-0.00015768580930511922
57200,0.0012813722714781761,0.005881330167176202,-3.688718229532242,3.3944846e-07,0.0,-0.36693453788757324,-0.0001509117897935619
57400,0.003433819627389312,0.006755154265556484,-3.688708406686783,2.1517276e-07,0.0,-0.6358325481414795,-0.00010391804539633398
57600,0.005334474146366119,0.0177383219008334,-3.6887044847011565,3.1292439e-07,0.0,0.022290289402008057,-0.000156371339528949
57800,0.017591290175914764,0.024890902335755527,-3.688705235719681,5.683303e-07,0.0,0.11827754974365234,-0.0001898085727954246
58000,0.016046889126300812,0.025081719108857214,-3.688697624206543,3.5047532e-07,0.0,-0.10911250114440918,-0.0001453257355448212
58200,0.004755874630063772,0.013351389713352545,-3.688706582784653,2.2411348e-07,0.0,0.17624658346176147,-0.00011917024108050178
58400,0.016504013910889626,0.0202850996167399,-3.688705152273178,2.8014182e-07,0.0,-0.012054800987243652,-0.00015193937756317056
58600,0.004212583415210247,0.009715318342205136,-3.688703662157059,5.5968763e-07,0.0,0.08839184045791626,-0.0002475852972345649
58800,0.01661856472492218,0.02227651618886739,-3.6886935114860533,4.2557716e-07,0.0,0.07330703735351562,-0.00017901419092889448
59000,0.00815920252352953,0.015569889277685434,-3.6886888563632967,4.708767e-07,0.0,0.2011810541152954,-0.0002134793826605641
59200,0.04012200981378555,0.06593636339530348,-3.6886864066123963,2.5093556e-07,0.0,0.02598494291305542,-0.00011666211528904569
59400,0.014200350269675255,0.027095547318458556,-3.6886880099773407,3.436208e-07,0.0,0.09837484359741211,-0.00017514386836818828
59600,0.0219110194593668,0.036853757523931566,-3.688694602251053,2.6464463e-07,0.0,-0.07829689979553223,-0.00014562958628743238
59800,0.005779482424259186,0.011959307291544975,-3.6886882960796354,2.7030705e-07,0.0,0.08450126647949219,-0.00013542306473346422
60000,0.02566181682050228,0.05404769256711006,-3.6886797070503237,2.1070242e-07,0.0,0.09056496620178223,-9.89327739581547e-05
60200,0.006660851184278727,0.01725440602749586,-3.6886789798736572,2.9087067e-07,0.0,0.141035258769989,-0.00013629613756995784
60400,0.014866994693875313,0.02102586650289595,-3.6886836171150206,3.6835672e-07,0.0,0.08907055854797363,-0.0001890279208693113
60600,0.006386544555425644,0.014004016085527838,-3.688687562942505,3.1739475e-07,0.0,0.15191560983657837,-0.0001782584496731854
60800,0.005128421820700169,0.015633858065120874,-3.688687193393707,3.6269427e-07,0.0,0.16139423847198486,-0.000164185568371078
61000,0.007893986999988556,0.01683936109766364,-3.688683295249939,4.273653e-07,0.0,0.21250081062316895,-0.00020160271812074136
61200,0.004450563807040453,0.012634601118043065,-3.688678914308548,3.4153462e-07,0.0,0.1326305866241455,-0.00017028774202492713
61400,0.012642387300729752,0.032498300448060034,-3.68868550658226,3.5762787e-07,0.0,0.01607602834701538,-0.0001684974840108655
61600,0.01698443293571472,0.030310211796313526,-3.688668876886368,3.7908555e-07,0.0,0.034802913665771484,-0.0001894794477384387
61800,0.0462108738720417,0.09083722881041467,-3.6886696934700014,3.7342312e-07,0.0,-0.022460222244262695,-0.00019226591481311673
62000,0.011378562077879906,0.023519147513434292,-3.6886591732501985,2.5838614e-07,0.0,0.1522318720817566,-0.00011695635204795884
62200,0.005074300803244114,0.01676151091232896,-3.6886608242988586,3.194809e-07,0.0,0.137190580368042,-0.00015656357874865856
62400,0.012874617241322994,0.02209056792780757,-3.6886733949184416,2.6583672e-07,0.0,0.2493928074836731,-0.00013152924243611252
62600,0.029973631724715233,0.06066075870767236,-3.6886686086654663,2.3275614e-07,0.0,0.16670459508895874,-0.0001358104718202302
62800,0.013809829950332642,0.02898746314458549,-3.6886697590351103,4.1216612e-07,0.0,0.229031503200531,-0.00017586705213250563
63000,0.0038418446201831102,0.00889218773227185,-3.68866229057312,2.8371812e-07,0.0,-0.010860800743103027,-0.00014483797598438541
63200,0.0042015546932816505,0.010727123997639865,-3.688653403520584,2.5421383e-07,0.0,0.14433413743972778,-0.00014221762013950646
63400,0.0034979968331754208,0.009485639748163521,-3.6886684775352476,3.516674e-07,0.0,0.3309224247932434,-0.00016853833124218508
63600,0.01450023241341114,0.034058159589767455,-3.6886604189872743,2.834201e-07,0.0,0.1479063630104065,-0.0001434714569938933
63800,0.02062668278813362,0.04418344106525183,-3.688666158914566,4.2080882e-07,0.0,0.16671079397201538,-0.00020933566980010365
64000,0.0058228750713169575,0.011880113324150444,-3.688655638694763,4.014373e-07,0.0,0.3042346239089966,-0.00018867573959684413
64200,0.030738631263375282,0.058094369480386376,-3.688656008243561,3.489852e-07,0.0,0.03147709369659424,-0.00017200459549464585
64400,0.006024233065545559,0.019534562388435005,-3.688650506734848,2.3186206e-07,0.0,0.21493113040924072,-0.00011770251332728909
64600,0.007953190244734287,0.019339028117246925,-3.688659745454788,3.7401912e-07,0.0,0.1861191987991333,-0.00016805666895565176
64800,0.0027121661696583033,0.007690056168939918,-3.6886468470096587,3.5613775e-07,0.0,0.19026559591293335,-0.00017183493798165195
65000,0.013542234897613525,0.020100047742016614,-3.6886506021022796,2.1487475e-07,0.0,0.2031266689300537,-0.00012419948020032657
65200,0.004369623959064484,0.008956817805301397,-3.6886523067951202,3.1620263e-07,0.0,0.22368335723876953,-0.0001663638283107449
65400,0.013717025518417358,0.039711091993376614,-3.6886479914188386,2.8759243e-07,0.0,0.092643141746521,-0.00015059570095710129
65600,0.020069681107997894,0.042987949680536985,-3.6886545538902284,4.3779613e-07,0.0,0.06683349609375,-0.000197007222572676
65800,0.007071937900036573,0.017326602432876825,-3.6886556446552277,2.4735928e-07,0.0,0.21797078847885132,-0.00013626159750254052
66000,0.016521068289875984,0.02440793050918728,-3.688658267259598,4.503131e-07,0.0,0.18156880140304565,-0.0002153620590965799
66200,0.007867755368351936,0.016913309157826007,-3.688645672798157,3.182888e-07,0.0,0.20359492301940918,-0.00013358476113625172
66400,0.031207039952278137,0.08969204663299024,-3.6886480391025542,3.2812358e-07,0.0,-0.0008349418640136719,-0.00016975250807444998
66600,0.024899378418922424,0.0526673293672502,-3.6886428534984588,3.3438207e-07,0.0,0.04246640205383301,-0.00014174199841568424
66800,0.003159500192850828,0.011242219991981984,-3.688646697998047,1.8090009e-07,0.0,-0.05983543395996094,-0.00012120536028168428
67000,0.004086934961378574,0.01191861437400803,-3.6886451601982118,3.2633542e-07,0.0,0.15534144639968872,-0.00017103657195638444
67200,0.017701951786875725,0.04706992451101542,-3.688653701543808,2.479553e-07,0.0,0.0908576250076294,-0.00012017814807132598
67400,0.010942229069769382,0.025087753776460886,-3.6886492550373076,3.2782555e-07,0.0,0.17270606756210327,-0.0001751665323236118
67600,0.02041461132466793,0.04055496072396636,-3.688647377490997,3.901124e-07,0.0,0.10890388488769531,-0.00017702057798203442
67800,0.02612524852156639,0.056583209335803984,-3.6886435031890867,3.6746263e-07,0.0,0.08538627624511719,-0.00020186478036078316
68000,0.01424682978540659,0.018457095907069742,-3.6886410653591155,3.9041043e-07,0.0,0.05480635166168213,-0.00018459169454763114
68200,0.005494339857250452,0.010281666612718255,-3.688643729686737,3.4958126e-07,0.0,0.1428033709526062,-0.00014845067914301958
68400,0.012462275102734566,0.017999485996551812,-3.6886474668979643,1.975894e-07,0.0,0.042013347148895264,-0.00010774044675776473
68600,0.04803496599197388,0.08427001535892487,-3.688636618852615,3.7014482e-07,0.0,0.11151134967803955,-0.0001711658741839983
68800,0.0035617591347545385,0.007351647934410721,-3.6886476635932923,3.1381845e-07,0.0,-0.08800733089447021,-0.00017125233439483357
69000,0.024150652810931206,0.05091755441389978,-3.6886308193206787,3.9637087e-07,0.0,0.15877413749694824,-0.000186027068953587
69200,0.008041067980229855,0.025893155648373068,-3.6886417746543883,3.555417e-07,0.0,0.069613516330719,-0.0001685313319637727
69400,0.011585308238863945,0.018379056174308062,-3.6886397898197174,3.1769275e-07,0.0,0.15932005643844604,-0.00016013886039205615
69600,0.003337744390591979,0.019117950671352447,-3.6886388182640077,2.6613475e-07,0.0,0.09055852890014648,-0.0001435145051796538
69800,0.019094374030828476,0.07376151992939413,-3.6886338233947753,6.3210723e-07,0.0,-0.013456583023071289,-0.00024030525202636265
70000,0.00505922082811594,0.012525345175527036,-3.688631218671799,2.554059e-07,0.0,0.1352919340133667,-0.00011699507400498854
70200,0.007652344647794962,0.01819584993645549,-3.688623607158661,5.593896e-07,0.0,0.051214516162872314,-0.00021033369013641058
70400,0.02312292344868183,0.03940904729533941,-3.6886186480522154,5.00083e-07,0.0,-0.007413148880004883,-0.00018806503809810638
70600,0.018332982435822487,0.046064717881381514,-3.688611072301865,4.789233e-07,0.0,0.1638442873954773,-0.0001770645014765926
70800,0.01845097914338112,0.03285337423440069,-3.6886247277259825,3.1769275e-07,0.0,0.16991490125656128,-0.00014462525444007833
71000,0.03105979599058628,0.05593199110589921,-3.688613075017929,1.7434358e-07,0.0,0.10961270332336426,-0.00010291433263676097
71200,0.01260581985116005,0.038574007363058625,-3.6886315643787384,2.413988e-07,0.0,0.16897213459014893,-0.0001396113742953231
71400,0.01659676805138588,0.025565614504739643,-3.688636976480484,4.1782857e-07,0.0,0.11966836452484131,-0.00020354931869598914
71600,0.0064665814861655235,0.017503444687463343,-3.688632607460022,3.322959e-07,0.0,0.09235584735870361,-0.000174710742968609
71800,0.003511437913402915,0.006693165056640282,-3.6886506736278535,3.5047532e-07,0.0,-0.19664835929870605,-0.00017753191977600835
72000,0.013744180090725422,0.022949604759924115,-3.6886452734470367,3.2007694e-07,0.0,0.2116265892982483,-0.00016964228329467977
72200,0.01464665587991476,0.03848834582604468,-3.6886517882347105,3.2663343e-07,0.0,0.0914958119392395,-0.00015323646527489742
72400,0.01184165384620428,0.03192788986489177,-3.688634824752808,5.662441e-07,0.0,0.1317111849784851,-0.00026117418709361575
72600,0.015611039474606514,0.035333889862522484,-3.6886259078979493,2.4437907e-07,0.0,0.0004729628562927246,-0.00011325923318030728
72800,0.007597070187330246,0.02726192066911608,-3.688635402917862,5.2779916e-07,0.0,0.12840843200683594,-0.00021666724996236564
73000,0.019331468269228935,0.03956850841641426,-3.6886283993721007,3.1590463e-07,0.0,0.229447603225708,-0.00012702403120201655
73200,0.005823844112455845,0.024224687204696237,-3.688631284236908,3.7938355e-07,0.0,0.07567405700683594,-0.00019299985329506163
73400,0.012143067084252834,0.020737084397114813,-3.688625454902649,4.5716766e-07,0.0,0.1540464162826538,-0.00018986445652489082
73600,0.010164286941289902,0.028471515723504127,-3.6886198103427885,2.0354986e-07,0.0,0.18886059522628784,-0.0001131241246757675
73800,0.02416067197918892,0.050603335245978084,-3.6885888993740084,3.4451486e-07,0.0,0.04361611604690552,-0.00013817261784714318
74000,0.021392183378338814,0.03647317569702864,-3.6886297166347504,3.8027764e-07,0.0,0.1409340500831604,-0.00017044409846560525
74200,0.01764124631881714,0.03711710807401687,-3.6886195600032807,3.0696393e-07,0.0,0.13859909772872925,-0.00013871809129613056
74400,0.018296297639608383,0.029702706588432194,-3.688609379529953,4.10378e-07,0.0,-0.07270622253417969,-0.00020084388364081108
74600,0.026990218088030815,0.04515138957649469,-3.6886100709438323,3.057718e-07,0.0,0.14198440313339233,-0.0001541190341467935
74800,0.028999177739024162,0.05233576954342425,-3.6886211037635803,3.4809113e-07,0.0,0.1778603196144104,-0.00017960454623562329
75000,0.004690374247729778,0.010314976307563483,-3.6886106550693514,3.1083823e-07,0.0,-0.0739905834197998,-0.0001585072589141312
75200,0.010245302692055702,0.02156039581168443,-3.6886080861091615,3.5464763e-07,0.0,0.1899924874305725,-0.00015338804425315544
75400,0.00726281525567174,0.026195934461429714,-3.68860382437706,4.7057864e-07,0.0,0.05884164571762085,-0.0002300686537864749
75600,0.018087444826960564,0.028364443150348962,-3.6886045157909395,2.3931264e-07,0.0,0.15204662084579468,-0.00012236160788035023
75800,0.009298665449023247,0.015623178821988404,-3.688639295101166,2.884865e-07,0.0,0.19988417625427246,-0.0001527091935516367
76000,0.04689222574234009,0.0805408526211977,-3.68861848115921,3.5077335e-07,0.0,0.12064939737319946,-0.00016086375037756008
76200,0.010984919033944607,0.021884409594349563,-3.6886088967323305,3.436208e-07,0.0,0.2692941427230835,-0.0001691401369218859
76400,0.01413728017359972,0.026227115537039936,-3.6886152029037476,3.8564204e-07,0.0,0.19547832012176514,-0.00014831601115607995
76600,0.01987217552959919,0.051031015487387775,-3.688602960109711,3.105402e-07,0.0,0.17649054527282715,-0.00014766579877391052
76800,0.07454084604978561,0.10116269579157233,-3.688606542348862,2.4318695e-07,0.0,0.12174397706985474,-0.00013763353848981197
77000,0.1167575865983963,0.1671000354923308,-3.688598746061325,3.4034252e-07,0.0,0.05196148157119751,-0.00015360907777641763
77200,0.01900232583284378,0.03795836255885661,-3.6886006474494932,4.1663645e-07,0.0,0.24900788068771362,-0.00017203638873570793
77400,0.008815002627670765,0.028136206977069377,-3.688604736328125,3.7133694e-07,0.0,0.11873549222946167,-0.00016681410278112095
77600,0.020007994025945663,0.0454839161131531,-3.6885839343070983,1.9282103e-07,0.0,0.01315617561340332,-0.00011238088410550073
77800,0.012521732598543167,0.023039102414622904,-3.6886122465133666,2.69413e-07,0.0,0.08568716049194336,-0.00012186652859669245
78000,0.005834280047565699,0.01787284987512976,-3.688594526052475,3.2871964e-07,0.0,0.16547107696533203,-0.00014390648897619763
78200,0.004451852757483721,0.011279680207371712,-3.6886125564575196,3.6984682e-07,0.0,0.20023959875106812,-0.00016888839727602356
78400,0.0221867598593235,0.03938609145116061,-3.6885938227176664,3.924966e-07,0.0,0.16185885667800903,-0.00016055054945207647
78600,0.007037457078695297,0.014306936762295663,-3.688607043027878,2.5957823e-07,0.0,0.005567431449890137,-0.00013128659984648072
78800,0.011035969480872154,0.023875265708193184,-3.6886230647563933,3.3646822e-07,0.0,-0.05278956890106201,-0.00015739183179204198
79000,0.01423727162182331,0.015928755176719277,-3.688617390394211,3.1530857e-07,0.0,0.0605931282043457,-0.00017399339407142556
79200,0.005250094458460808,0.008787814970128238,-3.6886091828346252,3.5464763e-07,0.0,0.1412070393562317,-0.00016303637551254858
79400,0.01037523988634348,0.016067790635861456,-3.6886087894439696,3.671646e-07,0.0,0.08489871025085449,-0.00016551076657532747
79600,0.02049729973077774,0.051051528891548514,-3.6885939836502075,2.9027464e-07,0.0,-0.04944050312042236,-0.0001499248888889082
79800,0.019576670601963997,0.02875364338979125,-3.688600039482117,5.212426e-07,0.0,0.15360528230667114,-0.00020362618635636487
80000,0.024922151118516922,0.042991534201428296,-3.6885812759399412,2.6077032e-07,0.0,0.006240189075469971,-0.0001588713890848803
80200,0.00681329146027565,0.018891561916097997,-3.688596874475479,3.3676625e-07,0.0,-0.01446533203125,-0.00015970598136840207
80400,0.0094513650983572,0.02251344280084595,-3.688600146770477,2.2143125e-07,0.0,0.08868181705474854,-0.00010521259180529263
80600,0.0004366250359453261,0.0015868445174419322,-3.6885981798171996,2.2977589e-07,0.0,-19.863691329956055,-0.00013184714379304018
80800,0.0009435634128749371,0.003438163935788907,-3.68860547542572,1.7553569e-07,0.0,-21.953168869018555,-0.00010411801866388459
81000,0.001024335389956832,0.002475259968196042,-3.688588726520538,2.2292137e-07,0.0,-19.476806640625,-0.000115373831692267
81200,0.0020121175330132246,0.0033300227660220116,-3.68859778046608,2.6643275e-07,0.0,-27.36065673828125,-0.00015291120143354764
81400,0.0014857033966109157,0.0035213378869229928,-3.6885950922966004,2.0205975e-07,0.0,-26.738622665405273,-0.00010060752978824361
81600,0.0013806212227791548,0.0032036397693445905,-3.6886067509651186,2.3692846e-07,0.0,-19.04123878479004,-0.000133690089892069
81800,0.0006353072240017354,0.002103036297194194,-3.6885925114154814,2.515316e-07,0.0,-18.219680786132812,-0.00013806334248065433
82000,0.0011815977049991488,0.0024477349274093286,-3.6885775566101073,2.142787e-07,0.0,-20.420570373535156,-9.728136611713012e-05
82200,0.0014612773666158319,0.00246575212222524,-3.688557577133179,2.4348498e-07,0.0,-33.988731384277344,-0.00011414760429104832
82400,0.0014775944873690605,0.0038812997576314957,-3.6885652363300325,2.670288e-07,0.0,-6.90638542175293,-0.00013912786483347706
82600,0.000985224498435855,0.0019399898737901822,-3.6885550737380983,3.0875205e-07,0.0,-26.126052856445312,-0.00017879405752387889
82800,0.0008313608122989535,0.0023498468333855273,-3.6885850012302397,2.864003e-07,0.0,-27.658370971679688,-0.00012490118390156012
83000,0.0011441800743341446,0.0030199146713130176,-3.6885821521282196,2.3424626e-07,0.0,-34.24238586425781,-0.00011974887683452451
83200,0.001249497989192605,0.002426961512537673,-3.6885504484176637,3.0100347e-07,0.0,-32.720176696777344,-0.00014335829241292618
83400,0.0010721974540501833,0.0029549056285759433,-3.6885744273662566,3.3795834e-07,0.0,-5.149073600769043,-0.00017064386078651238
83600,0.0005560044664889574,0.0017478130394010805,-3.6885731399059294,3.3855437e-07,0.0,-26.996200561523438,-0.00016871836870064884
83800,9.085930651053786e-05,0.0016342950402759016,-3.6885682940483093,3.2514333e-07,0.0,-24.47201919555664,-0.00014435529537002446
84000,0.0006995039293542504,0.0015650904140784405,-3.688578486442566,1.4603138e-07,0.0,-26.259315490722656,-7.937747163271336e-05
84200,0.000770348880905658,0.002290400970377959,-3.6885810077190397,2.244115e-07,0.0,-5.487070560455322,-0.00011910278310494072
84400,0.0006703721010126173,0.0017725731522659771,-3.688575154542923,2.3245812e-07,0.0,-30.405061721801758,-0.00012695579402270397
84600,0.0001784421328920871,0.0014934879873180762,-3.688558262586594,2.7060509e-07,0.0,-24.744213104248047,-0.00013969802759485894
84800,0.000538606196641922,0.0015602116429363378,-3.6885794162750245,3.7461518e-07,0.0,-31.222904205322266,-0.00018192936444787476
85000,0.00047672638902440667,0.0015519262364250609,-3.688587099313736,4.2527915e-07,0.0,-31.363697052001953,-0.00016580508492971546
85200,0.00028232060139998794,0.001151627481885953,-3.6885795831680297,3.4600498e-07,0.0,-22.135753631591797,-0.00017484633555135963
85400,0.00040033820550888777,0.0009506153553957119,-3.6885727107524873,2.9414892e-07,0.0,-28.014772415161133,-0.00013872042240996584
85600,4.2790634324774146e-05,0.0010362520370108541,-3.6885531842708588,2.1010638e-07,0.0,-17.223018646240234,-0.00011147699426856672
85800,6.918184226378798e-05,0.0011664079458569177,-3.688575893640518,3.3140182e-07,0.0,-26.106773376464844,-0.00015719352008864985
86000,-0.00021792587358504534,0.0007261413884407375,-3.6885777831077577,3.0249356e-07,0.0,-13.099863052368164,-0.00016622686469953686
86200,-3.9067817851901054e-06,0.000581116690136696,-3.68856338262558,2.9206277e-07,0.0,-19.99740219116211,-0.00013537562623310294
86400,0.0001908174599520862,0.0011285663160379045,-3.688572496175766,2.1159649e-07,0.0,-31.20013427734375,-0.00011448855753832809
86600,-4.3439504224807024e-05,0.0012137909230659715,-3.6885728776454925,3.668666e-07,0.0,-43.32978057861328,-0.00015805550014231785
86800,7.180517422966659e-05,0.0007122827591956593,-3.6885820508003233,2.9087067e-07,0.0,-18.470226287841797,-0.0001198310256130597
87000,9.226234396919608e-06,0.0008455323899397626,-3.688587152957916,2.5838614e-07,0.0,-28.07447624206543,-0.00012609756096089165
87200,0.00011146457109134644,0.000548321679707442,-3.6885867416858673,1.8268823e-07,0.0,-20.279903411865234,-0.00011808779040221041
87400,0.00013791522360406816,0.0008239879767643288,-3.6885942935943605,3.3557416e-07,0.0,-21.645450592041016,-0.0001661368767448046
87600,-1.2938515283167362e-05,0.0007233713768073358,-3.6885872364044188,3.1858684e-07,0.0,-27.068166732788086,-0.00012778380371576415
87800,-0.00019766914192587137,0.0006695408141240477,-3.6885743975639342,5.5998566e-07,0.0,-23.189666748046875,-0.00016542986081229393
88000,-9.058872819878161e-06,0.0007515987468650565,-3.688590371608734,4.3034555e-07,0.0,-31.40261459350586,-0.00018242551349816337
88200,-8.64383764564991e-07,0.0008220436480769422,-3.688580667972565,2.9176474e-07,0.0,-3.8087620735168457,-0.00012084487723580395
88400,-6.522421608678997e-05,0.000600682135700481,-3.6885800302028655,3.3199788e-07,0.0,-24.895517349243164,-0.00015816259422110068
88600,-5.225383210927248e-05,0.00029026824363427296,-3.6885834693908692,2.3901464e-07,0.0,-20.611225128173828,-0.00010955712885709623
88800,-7.610312604811043e-05,0.0005705396710254717,-3.688584691286087,3.1769275e-07,0.0,-30.871164321899414,-0.00014748847530334785
89000,-6.63936953060329e-05,0.0006425643103284528,-3.688581109046936,3.7193297e-07,0.0,-38.04497146606445,-0.0001658925409365075
89200,0.00017070533067453653,0.0004456588223547442,-3.6885855197906494,1.7285348e-07,0.0,-16.22718048095703,-8.159716399551709e-05
89400,-0.000123557576444,0.00043428455683169886,-3.6885872781276703,2.1785497e-07,0.0,-23.796655654907227,-0.00010732684271488324
89600,-0.00015958318545017391,0.0005208110422245226,-3.6885867774486543,3.066659e-07,0.0,-3.753082275390625,-0.00015013383495124933
89800,-0.0001458271872252226,0.0004484061570110498,-3.688569647073746,2.9504298e-07,0.0,-25.34162712097168,-0.00014818632646245166
90000,-0.00013995711924508214,0.0004168701183516532,-3.6885900497436523,2.411008e-07,0.0,-3.141386032104492,-0.000124272913902157
90200,-0.00013904718798585236,0.00048578930836811195,-3.688587075471878,2.9295683e-07,0.0,-36.91889572143555,-0.0001474915597127424
90400,-0.00026740357861854136,0.00027705172051355474,-3.688576501607895,3.6031008e-07,0.0,-22.74064064025879,-0.00015771898683589747
90600,-0.0002038999373326078,0.0002516648244636599,-3.688586503267288,3.8325788e-07,0.0,-25.97589111328125,-0.00016927792342189552
90800,-0.00016308976046275347,0.00033533594687469305,-3.6885786592960357,4.3451786e-07,0.0,-3.5117626190185547,-0.00017212265592230213
91000,-0.0001915608736453578,0.0002893129789299564,-3.6885761976242066,4.1693448e-07,0.0,-21.310470581054688,-0.00015724992770604906
91200,-0.00013950688298791647,0.00018367434363426584,-3.688564497232437,3.3110382e-07,0.0,-18.949718475341797,-0.00011984943901928169
91400,-0.0002302703505847603,0.00021038407739979448,-3.6885737121105193,1.6838312e-07,0.0,-29.127540588378906,-0.00010002541449284363
91600,-7.020261546131223e-05,0.00030765265255467967,-3.6885761857032775,2.348423e-07,0.0,-42.660865783691406,-0.00013335605104138892
91800,-0.00015823173453100026,0.000255928783917625,-3.6885645747184754,2.002716e-07,0.0,-2.595191240310669,-9.999000266358582e-05
92000,-8.310716657433659e-05,0.0002594782392407069,-3.688555669784546,2.297759e-07,0.0,-37.86991882324219,-0.00010612070580697796
92200,-0.0004153745830990374,0.0002254820803500479,-3.688563370704651,3.477931e-07,0.0,-4.706242561340332,-0.00017541975658479368
92400,-0.00020627540652640164,0.00014073871434447938,-3.6885634779930117,3.0308962e-07,0.0,-22.394590377807617,-0.00012692761480207482
92600,-5.2909323130734265e-05,0.00021070273032819387,-3.688583308458328,2.5749205e-07,0.0,-33.94995880126953,-0.0001139480791070957
92800,-0.00042709041736088693,0.00010607796057229279,-3.6885628163814546,3.361702e-07,0.0,-30.50869369506836,-0.00014495117282025126
93000,-0.00019143029931001365,0.00014396900314750383,-3.688583880662918,3.2126903e-07,0.0,-25.008724212646484,-0.0001427312945895709
93200,-0.00013936030154582113,0.00011493901465655653,-3.6885730504989622,3.808737e-07,0.0,-18.869794845581055,-0.00016020670567273854
93400,-0.00012116967991460115,0.00012877608724011226,-3.688568150997162,1.8984079e-07,0.0,-34.750091552734375,-0.00010360784783538523
93600,-0.00018165954679716378,0.00014881820570735726,-3.6885550141334535,2.7060509e-07,0.0,-3.9876251220703125,-0.0001326454233668617
93800,-0.00034456155844964087,0.00011138213740196079,-3.688587361574173,4.5657157e-07,0.0,-19.68098258972168,-0.00021059594499599487
94000,-0.0003056728164665401,9.993873036364675e-05,-3.6885583221912386,4.0769578e-07,0.0,-14.247766494750977,-0.0001847756044108362
94200,-0.00036262691719457507,7.179916260611208e-05,-3.688533163070679,4.4316053e-07,0.0,-21.31581687927246,-0.00018374730729260326
94400,-0.0003289137384854257,0.00011426686605773285,-3.688546395301819,3.4987926e-07,0.0,-17.291479110717773,-0.00015190309364643829
94600,-0.0002630493836477399,5.139052059348615e-05,-3.6885525047779084,3.5554172e-07,0.0,-11.059406280517578,-0.00015038521614907374
94800,-0.0003625234239734709,8.065448312208901e-05,-3.68853759765625,3.901124e-07,0.0,-14.497685432434082,-0.0001596879438470644
95000,-0.0004984774277545512,9.123484678639216e-05,-3.688570374250412,3.2752752e-07,0.0,-22.62187385559082,-0.00015042392138757686
95200,-0.0005485686124302447,9.879448261926883e-05,-3.688559854030609,3.8474798e-07,0.0,-10.578329086303711,-0.0001668467224092196
95400,-0.000417642091633752,5.3541196894002494e-05,-3.6885662972927094,3.4362077e-07,0.0,-13.859709739685059,-0.000136996716603921
95600,-0.0004297284467611462,5.449791929095227e-05,-3.688587111234665,3.2931567e-07,0.0,-16.638473510742188,-0.00013474789325775837
95800,-0.0003037424467038363,4.9757087981561196e-05,-3.6885615587234497,2.6851893e-07,0.0,-11.977350234985352,-0.00011875922940112194
96000,-0.0003753859200514853,4.973620193595707e-05,-3.6885385155677795,4.0560963e-07,0.0,-19.457223892211914,-0.00016905716079520516
96200,-0.0004817137960344553,4.702552155322337e-05,-3.6885591983795165,4.5001508e-07,0.0,-8.491072654724121,-0.0001913650626539809
96400,-0.00035289174411445856,4.448025765668717e-05,-3.688535612821579,3.6776066e-07,0.0,-0.6638463735580444,-0.00015819252278355124
96600,-0.00012121457984903827,5.3386864874482856e-05,-3.6885435402393343,3.680587e-07,0.0,-22.837020874023438,-0.00014795449447666532
96800,-0.0005252607516013086,3.6736949004989584e-05,-3.688553237915039,4.4465065e-07,0.0,-7.48974609375,-0.00018692838333520534
97000,-0.0004132585891056806,3.0648955589640534e-05,-3.6885591626167296,5.474687e-07,0.0,-4.473427772521973,-0.00021207996457781598
97200,-0.0005802887608297169,3.4738058639049994e-05,-3.688538259267807,6.2584877e-07,0.0,-9.769493103027344,-0.00024632819706980056
97400,-0.0002562180161476135,2.9479777685992305e-05,-3.6885373175144194,4.7326088e-07,0.0,-13.290657997131348,-0.00019773154588438314
97600,-0.0007138887303881347,2.2648479966846934e-05,-3.68852613568306,6.4104796e-07,0.0,-11.981815338134766,-0.000244331899661121
97800,-0.0005118945264257491,2.314345617833169e-05,-3.6885078489780425,3.749132e-07,0.0,-8.946535110473633,-0.00016038267177702624
98000,-0.0003968313103541732,2.1030422885814914e-05,-3.6885146856307984,6.657839e-07,0.0,-1.7231252193450928,-0.0002462869126316103
98200,-0.0004917665501125157,2.2900872045283906e-05,-3.6885123550891876,4.3779613e-07,0.0,-10.528803825378418,-0.00018493008605515726
98400,-0.0006229731952771544,2.2540881946042646e-05,-3.688512110710144,4.5746566e-07,0.0,-15.770410537719727,-0.00021144047328084393
98600,-0.0005047036684118211,1.7559869729666388e-05,-3.688521593809128,5.424023e-07,0.0,-9.262614250183105,-0.0002149788520557472
98800,-0.0004970133304595947,1.8032111302090926e-05,-3.6885107815265656,4.4584274e-07,0.0,-0.09635460376739502,-0.00015975028286350224
99000,-0.0005363288219086826,2.1240767705421603e-05,-3.6885174036026003,5.8680774e-07,0.0,-1.2360014915466309,-0.00021853257938760917
99200,-0.00039605400525033474,1.94358289718366e-05,-3.6885267972946165,4.4554474e-07,0.0,-6.649411678314209,-0.00018032131496505954
99400,-0.000283505127299577,1.730280948777363e-05,-3.688529795408249,3.7580728e-07,0.0,-3.1979565620422363,-0.0001807079628251773
99600,-0.0005860181991010904,1.6262799590549548e-05,-3.6885257005691527,4.7147276e-07,0.0,-4.897959232330322,-0.00020446290129210175
99800,-0.00020063458941876888,2.013836999594787e-05,-3.6885264813899994,3.8266182e-07,0.0,-5.792872428894043,-0.00015642279335654764
100000,-0.00039567588828504086,1.2268041689367238e-05,-3.688529497385025,2.8073788e-07,0.0,-5.881861209869385,-0.00017071513209703236
100200,-0.000491818122100085,1.4600084978155791e-05,-3.688521903753281,3.1083823e-07,0.0,-2.6889188289642334,-0.00015404258687179428
100400,-0.0003927283105440438,1.4254340931074693e-05,-3.6885228157043457,3.314018e-07,0.0,-4.136795520782471,-0.0001393159172386138
100600,-0.0003534273128025234,2.1237915439087375e-05,-3.6884749948978426,3.8594004e-07,0.0,-5.804784774780273,-0.00016552248551056082
100800,-0.00041686053737066686,8.571904049858859e-06,-3.6885019838809967,3.5077335e-07,0.0,-5.757535457611084,-0.00016325482722505668
101000,-0.0004552860918920487,8.882518386599259e-06,-3.688485699892044,4.1931867e-07,0.0,-2.367652654647827,-0.0001886863119443749
101200,-0.0005198424914851785,1.2206271526338241e-05,-3.6884800255298615,4.711747e-07,0.0,-4.226578712463379,-0.00016794596586631184
101400,-0.00032552971970289946,1.3951507639831107e-05,-3.688493674993515,2.7924779e-07,0.0,-1.7988533973693848,-0.0001432417182156809
101600,-0.00037086763768456876,1.0631010343331582e-05,-3.6884947538375856,3.8713216e-07,0.0,-3.256380558013916,-0.0001861718732939721
101800,-3.881600059685297e-05,1.3660700051332243e-05,-3.6884818375110626,2.7805567e-07,0.0,-12.434308052062988,-0.0001309946329897671
102000,-0.00024593088892288506,1.2474301570364332e-05,-3.688498455286026,2.2530557e-07,0.0,-9.2595853805542,-0.00012391074710600415
102200,-0.00042729705455712974,1.436508912320278e-05,-3.6885089337825776,3.871322e-07,0.0,-4.3379669189453125,-0.0001808021810867033
102400,-0.0005177996354177594,1.1194416174475919e-05,-3.688488799333572,5.9694054e-07,0.0,-9.840784072875977,-0.0002256804875363727
102600,-0.00035328601370565593,1.1982153660028417e-05,-3.6885045051574705,3.299117e-07,0.0,-2.4579555988311768,-0.00015851354631150061
102800,-0.0003771490592043847,1.498879635164485e-05,-3.6885008096694945,4.3451786e-07,0.0,-4.862998962402344,-0.0001723387016361655
103000,-0.0003621789801400155,1.781197149739455e-05,-3.6884829223155977,4.74751e-07,0.0,-6.420108318328857,-0.00020933253263226702
103200,-0.0005126763135194778,1.0202901387401653e-05,-3.6885010600090027,2.8789043e-07,0.0,-1.4091811180114746,-0.00013627919558854008
103400,-0.0005800664657726884,1.6682315072102936e-05,-3.688494050502777,3.5136938e-07,0.0,-3.665921211242676,-0.0001663621070063126
103600,-0.00037601590156555176,9.84276109647908e-06,-3.688499867916107,5.4627657e-07,0.0,-1.754995346069336,-0.00019992710294780558
103800,-0.0005375345353968441,1.3178277822589734e-05,-3.6885206580162047,3.7431715e-07,0.0,-4.80644416809082,-0.00017266644590789858
104000,-0.00040371689829044044,1.3019102402722637e-05,-3.6885101556777955,5.4627657e-07,0.0,-5.152881145477295,-0.00021369483784212663
104200,-0.00036001240368932486,1.2882715100204224e-05,-3.6885144889354704,4.655123e-07,0.0,-4.136017799377441,-0.00019083813525049286
104400,-0.0004555333871394396,7.042610491225787e-06,-3.6885082125663757,2.762675e-07,0.0,-7.430527687072754,-0.00014522883312133582
104600,-0.0004629411268979311,8.786060948295927e-06,-3.6885098457336425,5.1140785e-07,0.0,-4.232093811035156,-0.00019804103667366845
104800,-0.0006707333959639072,1.0571247537427553e-05,-3.6885032653808594,4.985929e-07,0.0,-2.9478487968444824,-0.00024735273568967655
105000,-0.00046088913222774863,1.630483648114023e-05,-3.6884979605674744,5.4121017e-07,0.0,-2.1862940788269043,-0.000221917510430103
105200,-0.0002806746051646769,1.1748875590456009e-05,-3.6885219752788543,2.7149915e-07,0.0,-6.868066787719727,-0.0001479301148833656
105400,-0.0004687522305175662,1.6130319454532583e-05,-3.6884972631931303,5.415082e-07,0.0,-3.609895706176758,-0.00022313295154185452
105600,-0.0002446067810524255,8.464462280244333e-06,-3.6885270893573763,2.4288892e-07,0.0,-2.738546371459961,-0.00012219859721336325
105800,-0.0004971559974364936,1.610340195838944e-05,-3.6885092914104463,4.5657157e-07,0.0,-3.5167016983032227,-0.00019922685760276337
106000,-0.00033357561915181577,1.1802914377767592e-05,-3.688511222600937,4.61638e-07,0.0,-4.3381829261779785,-0.00019170354339692608
106200,-0.0006915871053934097,1.221243638838132e-05,-3.6885143160820006,4.5537948e-07,0.0,-3.9643306732177734,-0.00021669900503411553
106400,-0.00025264089345000684,1.2806098436612955e-05,-3.688508653640747,3.042817e-07,0.0,-2.0456392765045166,-0.00013274139826864318
106600,-0.0004754672117996961,1.8309839333596756e-05,-3.68851238489151,3.9935114e-07,0.0,-3.0837912559509277,-0.0001958690557103182
106800,-0.0003164970257785171,1.4157531131786527e-05,-3.688523381948471,2.864003e-07,0.0,-9.90380573272705,-0.00014409982364620432
107000,-0.00045085581950843334,1.3236053177934082e-05,-3.688507688045502,3.6746263e-07,0.0,-1.4605154991149902,-0.00016888550678640924
107200,-0.00037714021163992584,1.6903057462513972e-05,-3.6885159492492674,2.4229286e-07,0.0,-4.109945297241211,-0.00011744105782964808
107400,-0.00021394071518443525,1.0874814813632839e-05,-3.688513994216919,1.8715859e-07,0.0,-1.9372589588165283,-0.00010317129682255733
107600,-0.00046114507131278515,1.3846846104570432e-05,-3.6885066092014314,4.4852496e-07,0.0,-6.4715752601623535,-0.00017185442164009413
107800,-0.0005134743405506015,1.014286171994172e-05,-3.688521087169647,4.243851e-07,0.0,-2.6195948123931885,-0.00021491545170717607
108000,-0.0002878426166716963,1.0143080749003274e-05,-3.6885107338428496,3.659725e-07,0.0,-1.7345366477966309,-0.000156327724573202
108200,-0.0003465370973572135,1.5393639409921887e-05,-3.688514256477356,2.0563603e-07,0.0,-4.601676940917969,-0.00010746695145895657
108400,-0.00048771960427984595,9.215468253387371e-06,-3.688536024093628,3.7789343e-07,0.0,-4.870742321014404,-0.00018071322195964968
108600,-0.000529954326339066,1.0496617130684172e-05,-3.6885135948657988,3.7461518e-07,0.0,-8.6702880859375,-0.00017468378007515773
108800,-0.0005470879259519279,1.4092076480665127e-05,-3.6885104179382324,3.8623813e-07,0.0,-6.951222896575928,-0.00017991290843082374
109000,-0.0005167625495232642,1.085561974605298e-05,-3.688514417409897,4.479289e-07,0.0,-0.21830248832702637,-0.00019539511203632288
109200,-0.00037528740358538926,1.0383408766756475e-05,-3.688513469696045,2.9861928e-07,0.0,-4.624070644378662,-0.00015363684327212023
109400,-0.0005366287077777088,1.1046811255255307e-05,-3.6885004222393034,4.2527915e-07,0.0,-3.371979236602783,-0.00017744554591581085
109600,-0.0004032955621369183,1.59907594024844e-05,-3.6885158002376555,2.8938055e-07,0.0,-2.773761034011841,-0.00014886012742225673
109800,-0.0006689504953101277,1.219958101046359e-05,-3.6885186970233916,3.8176773e-07,0.0,-3.25638484954834,-0.00019462637635947466
110000,-0.00040624363464303315,1.5841921845094474e-05,-3.6884782791137694,3.5881993e-07,0.0,-3.2830100059509277,-0.00015816316456527258
110200,-0.0003613833978306502,1.2764686107402668e-05,-3.6885157108306883,4.3928623e-07,0.0,-2.274121046066284,-0.0001772545153625682
110400,-0.00033336906926706433,1.4773821862945625e-05,-3.6885103940963746,3.236532e-07,0.0,-4.2874016761779785,-0.0001585345564367291
110600,-0.0003835157840512693,1.0485148516181653e-05,-3.6885101914405825,2.8163194e-07,0.0,-8.150168418884277,-0.00013763737779681762
110800,-0.0005067113088443875,9.783542361674336e-06,-3.6885211884975435,3.8206576e-07,0.0,-5.927634239196777,-0.00019527394284040155
111000,-0.0004505593387875706,1.2522410543169826e-05,-3.6884993433952333,3.6329033e-07,0.0,-3.733562469482422,-0.0001644884571987859
111200,-0.0004750265215989202,9.887356270610326e-06,-3.688508766889572,3.72231e-07,0.0,-3.8472108840942383,-0.00016466684682301392
111400,-0.000307525391690433,9.79465662567236e-06,-3.6885248005390165,2.682209e-07,0.0,-3.600381374359131,-0.0001427519767944252
111600,-0.0005433766054920852,8.081177963958907e-06,-3.6885092079639437,4.5537948e-07,0.0,-3.243417739868164,-0.0002124018404615402
111800,-0.0002954079245682806,1.5373463384094066e-05,-3.6885254740715028,4.014373e-07,0.0,-4.108315467834473,-0.0001650837366537372
112000,-0.0005303684738464653,7.7430248438759e-06,-3.6885130167007447,3.901124e-07,0.0,-9.639177322387695,-0.00019238949537929705
112200,-0.00020826449326705188,1.2005939743175986e-05,-3.6885167956352234,3.096461e-07,0.0,-3.528139114379883,-0.00014097535557264785
112400,-0.0003159474581480026,1.0592757746508141e-05,-3.6885190308094025,2.7000905e-07,0.0,-1.2371578216552734,-0.00012781123383613923
112600,-0.0002533801889512688,1.7419858590983494e-05,-3.688517963886261,3.656745e-07,0.0,-11.13912582397461,-0.00017800921237984824
112800,-0.0005737028550356627,7.629820970578294e-06,-3.688525551557541,3.0457971e-07,0.0,-3.183274269104004,-0.00016010485598996204
113000,-0.0005167405470274389,1.2914011517750622e-05,-3.6885188579559327,4.0501357e-07,0.0,-2.153268814086914,-0.0001664474304815755
113200,-0.000278997584246099,1.1509671935527876e-05,-3.688517874479294,2.0891429e-07,0.0,-5.113039016723633,-0.00011489629679863888
113400,-0.00039874136564321816,1.1062906651204685e-05,-3.6885055899620056,3.066659e-07,0.0,-4.394981384277344,-0.00014396546822248446
113600,-0.0001623686111997813,1.3987887950861477e-05,-3.6885116577148436,2.720952e-07,0.0,-3.570756435394287,-0.00012837295355370705
113800,-0.000472963263746351,7.552473505256785e-06,-3.6885208427906035,2.8282403e-07,0.0,-0.48419809341430664,-0.0001505265373150433
114000,-0.0002826127747539431,1.380807232180814e-05,-3.6885463178157805,3.272295e-07,0.0,-6.9491095542907715,-0.00016464796695754292
114200,-0.0007026071543805301,8.783349755958625e-06,-3.6885321497917176,4.61936e-07,0.0,-2.9150028228759766,-0.00022429594590533952
114400,-0.0006082617328502238,9.371852888762077e-06,-3.68855556845665,4.509091e-07,0.0,-2.941584348678589,-0.0002081987458347978
114600,-0.000698091636877507,1.172763093109097e-05,-3.688533228635788,4.136562e-07,0.0,-5.690858364105225,-0.00018658631936934177
114800,-0.0002580003929324448,1.3222135021351277e-05,-3.6885214030742643,3.3587216e-07,0.0,-4.221015930175781,-0.00015590953837567588
115000,-0.0004711316723842174,1.011510014450323e-05,-3.688526338338852,3.9666892e-07,0.0,-2.370938777923584,-0.00018060573889986387
115200,-0.000568971736356616,8.887802925983123e-06,-3.6885273337364195,3.8474798e-07,0.0,-2.1789400577545166,-0.0001791767780130238
115400,-0.000292442855425179,1.2447930134840136e-05,-3.688522183895111,2.7149915e-07,0.0,-9.609100341796875,-0.00013861691903445107
115600,-0.00038301252061501145,6.60925248894273e-06,-3.6885317981243135,3.7550927e-07,0.0,-4.5935258865356445,-0.0001894356966489319
115800,-0.00036826918949373066,5.13339630288101e-06,-3.688543087244034,3.4749507e-07,0.0,-10.048335075378418,-0.0001853694168746589
116000,-0.0006237003835849464,9.199472435739153e-06,-3.6885441124439238,5.0008293e-07,0.0,-4.6895270347595215,-0.0002063537259341608
116200,-0.0003156264137942344,8.852253108670993e-06,-3.688532757759094,3.0130147e-07,0.0,-3.27752685546875,-0.00015510829195259924
116400,-0.0003159815969411284,7.856458671540167e-06,-3.68854483962059,4.246831e-07,0.0,-7.285367012023926,-0.00019806020670172232
116600,-0.00046876067062839866,6.557683434493811e-06,-3.6885497152805327,2.3186206e-07,0.0,-4.346591949462891,-0.0001170388311270365
116800,-0.000489066238515079,9.139299277194368e-06,-3.6885463893413544,3.2931567e-07,0.0,-5.815608978271484,-0.0001753107742890947
117000,-0.0005445060087367892,7.300338575078058e-06,-3.6885427832603455,4.154444e-07,0.0,-3.4829959869384766,-0.0002011175372342855
117200,-0.00034630874870344996,8.59003524738e-06,-3.6885527193546297,5.659461e-07,0.0,-5.344226837158203,-0.00023725105868672715
117400,-0.00022617963259108365,9.803560112686683e-06,-3.688542699813843,2.8192997e-07,0.0,-3.276885509490967,-0.00014733617647084697
117600,-0.0004958261852152646,1.0813975973178457e-05,-3.6885452926158906,4.002452e-07,0.0,-2.600290536880493,-0.00019323438551825943
117800,-0.0006880872533656657,1.3510719099940616e-05,-3.688526725769043,6.4253805e-07,0.0,-3.6421051025390625,-0.0002546481191165739
118000,-0.0003972011909354478,1.1132832514704206e-05,-3.688551664352417,3.2603742e-07,0.0,-0.983866810798645,-0.00014610097208640483
118200,-0.00032946650753729045,1.3527668920687575e-05,-3.6885479509830477,3.516674e-07,0.0,-3.2331700325012207,-0.00016778008724367411
118400,-0.000489717407617718,1.097421854865388e-05,-3.6885466277599335,6.192922e-07,0.0,-2.874816656112671,-0.00027800735555023605
118600,-0.00042041417327709496,1.0140128961211303e-05,-3.688569688796997,3.4660098e-07,0.0,-3.8781399726867676,-0.0001751640434033641
118800,-0.00025076483143493533,7.223984448501142e-06,-3.6885716021060944,2.0444392e-07,0.0,-6.051326274871826,-0.00011845189345331964
119000,-0.000500439724419266,1.055322077263554e-05,-3.6885660111904146,4.4047832e-07,0.0,-5.841526508331299,-0.00021358522868326625
119200,-0.0003687565622385591,9.575937872341455e-06,-3.688554549217224,3.1083823e-07,0.0,-6.072047233581543,-0.00015026841996791386
119400,-0.0003073211119044572,9.812988037083414e-06,-3.6885704517364504,2.682209e-07,0.0,-2.0798635482788086,-0.0001524576681105172
119600,-0.0004688879125751555,1.0298324787072488e-05,-3.688563460111618,2.9951335e-07,0.0,-5.858152866363525,-0.00016016464325661062
119800,-0.0002750711573753506,1.1414799723752367e-05,-3.6885707557201384,4.4286253e-07,0.0,-5.194004535675049,-0.00019852016116388426
120000,-0.00032931988243944943,9.641713222663385e-06,-3.6885667860507967,3.3080576e-07,0.0,-8.708014488220215,-0.00014663133015857532
120200,-0.0004952380550093949,7.82609896532449e-06,-3.6885589838027952,3.5464763e-07,0.0,-4.062884330749512,-0.00015481990718769768
120400,-0.00034992393921129405,7.445893254498515e-06,-3.688577687740326,3.388524e-07,0.0,-7.689303398132324,-0.0001805459874163917
120600,-0.00039122329326346517,7.809906867350946e-06,-3.688558977842331,4.5388936e-07,0.0,-3.463244915008545,-0.00020279475144686644
120800,-0.00047058420022949576,7.678941778976878e-06,-3.688571971654892,3.609061e-07,0.0,-3.187182903289795,-0.00020410385014884013
121000,-0.0002517330285627395,8.517160188148409e-06,-3.688579738140106,3.007054e-07,0.0,-10.1950101852417,-0.00014208538540867456
121200,-0.0003387726901564747,1.1870306843775325e-05,-3.688558667898178,3.5554172e-07,0.0,-2.600264549255371,-0.0001596937244659591
121400,-0.0004288143536541611,8.575589595238852e-06,-3.688583844900131,2.4348498e-07,0.0,-1.6180164813995361,-0.00011953204159729225
121600,-0.0005742325447499752,7.524848467710399e-06,-3.6885818541049957,3.400445e-07,0.0,-3.2856454849243164,-0.00017022277469976865
121800,-0.00026515082572586834,6.976931217650417e-06,-3.688567358255386,3.6358836e-07,0.0,-5.088006019592285,-0.00014610947701012566
122000,-0.0004585340211633593,9.415861654815671e-06,-3.6885672211647034,4.0352347e-07,0.0,-8.848352432250977,-0.00019707882313833026
122200,-0.00019793368119280785,7.229705920508422e-06,-3.688570314645767,3.4451486e-07,0.0,-5.556153774261475,-0.00016643951817633119
122400,-0.0002156187838409096,8.310649627674139e-06,-3.688568764925003,3.7044288e-07,0.0,-4.148009777069092,-0.00017581305039211516
122600,-0.00046733030467294157,9.806567720715976e-06,-3.6885859668254852,3.4451483e-07,0.0,-4.760282039642334,-0.0001713179046046287
122800,-0.00031770681380294263,8.505463210894958e-06,-3.6885862588882445,3.4570695e-07,0.0,-1.161102056503296,-0.00014638007398526387
123000,-0.00025338237173855305,9.54906092829333e-06,-3.6885904490947725,2.9742716e-07,0.0,-4.697085857391357,-0.00014937862841088445
123200,-0.00029773323331028223,9.699815620933805e-06,-3.688583958148956,3.4958126e-07,0.0,-3.604766368865967,-0.0001758533864867573
123400,-0.000323445099638775,9.516576778878515e-06,-3.6885783791542055,3.221631e-07,0.0,-2.6330082416534424,-0.00016543697502857668
123600,-0.00032965047284960747,5.200894736390182e-06,-3.6885800778865816,2.2679568e-07,0.0,-5.847001552581787,-0.0001229556946363175
123800,-0.00026872364105656743,6.2731098410040435e-06,-3.6885854244232177,2.3394823e-07,0.0,-5.83309268951416,-0.0001358131468068624
124000,-0.0006061912281438708,9.23722997185905e-06,-3.6885841131210326,3.257394e-07,0.0,-4.995367527008057,-0.00015388315878452907
124200,-0.0003370404592715204,7.4093751550208255e-06,-3.688568341732025,1.7702578e-07,0.0,-1.990551471710205,-0.00011538140488750459
124400,-0.00024447240866720676,6.353060575747804e-06,-3.6885888397693636,3.71933e-07,0.0,-6.795571327209473,-0.0001580260690178026
124600,-0.0002305481757503003,6.534368355914921e-06,-3.6886019945144652,3.9815902e-07,0.0,-1.9464733600616455,-0.00019051022888674218
124800,-0.00044910667929798365,6.372860229930666e-06,-3.6885883152484893,2.7686357e-07,0.0,-4.612533092498779,-0.00014010953208267729
125000,-0.00041505618719384074,1.075083710020408e-05,-3.6885949194431307,2.9861926e-07,0.0,-6.114009380340576,-0.00014423140188419837
125200,-0.00030489510390907526,6.076459351334052e-06,-3.688593804836273,3.1918287e-07,0.0,-3.108030319213867,-0.000150831311532329
125400,-0.00039567635394632816,5.854467372046202e-06,-3.6885773122310637,3.042817e-07,0.0,-2.046945571899414,-0.00014545595604682494
125600,-0.00043893177644349635,8.592383824179706e-06,-3.688577097654343,2.7090312e-07,0.0,-3.7655110359191895,-0.00013131655714903044
125800,-0.0004566363641060889,7.228901586131542e-06,-3.6885971903800963,2.8729437e-07,0.0,-2.9122047424316406,-0.00014271908977456783
126000,-0.0003433975507505238,4.519924260648622e-06,-3.6886029958724977,2.43783e-07,0.0,-0.7291373014450073,-0.00012691044934012296
126200,-0.0002001416141865775,5.720777971873759e-06,-3.688607966899872,2.3931264e-07,0.0,-2.9594008922576904,-0.0001158933963409936
126400,-0.0003275019407738,8.15747324622862e-06,-3.68859640955925,2.5391577e-07,0.0,-5.851431369781494,-0.0001409396961175702
126600,-0.0005596147966571152,6.704765212361963e-06,-3.6886038899421694,2.810359e-07,0.0,-3.8544373512268066,-0.0001391645502149208
126800,-0.0005530871567316353,7.978772362093878e-06,-3.688601690530777,3.924966e-07,0.0,-11.358109474182129,-0.0001759722541352149
127000,-0.0005210586823523045,6.845226948826166e-06,-3.6886011481285097,3.2663345e-07,0.0,-0.09904074668884277,-0.00016679952183777934
127200,-0.0003474449913483113,1.155186100731953e-05,-3.68860177397728,4.2945146e-07,0.0,-4.4308600425720215,-0.00020765745675563885
127400,-0.0004429230757523328,7.520191411458655e-06,-3.6885839641094207,4.4107435e-07,0.0,-7.299111366271973,-0.00020939597426730127
127600,-0.0004155972274020314,6.728937546540692e-06,-3.688580995798111,3.2633542e-07,0.0,-2.9515576362609863,-0.00016110873242043412
127800,-0.0003698664950206876,9.127555222221417e-06,-3.688573271036148,3.7401915e-07,0.0,-7.048531532287598,-0.0001779577143961486
128000,-0.000255921040661633,7.0471106369041084e-06,-3.68858522772789,2.375245e-07,0.0,-2.800297498703003,-0.00011794270622862424
128200,-0.00046318245586007833,7.354521585511975e-06,-3.688602405786514,4.172325e-07,0.0,-5.757491111755371,-0.00021285172649618823
128400,-0.0005307288374751806,5.967559638975218e-06,-3.688573658466339,3.448129e-07,0.0,-1.6745262145996094,-0.00017015609133432807
128600,-0.0003775586374104023,3.826291106179269e-06,-3.6885797917842864,2.771616e-07,0.0,-0.21682167053222656,-0.0001550917907818583
128800,-0.0003248949651606381,6.591178578219114e-06,-3.6885913252830504,2.4199485e-07,0.0,-2.3556389808654785,-0.00011359069405432465
129000,-0.0004063376400154084,5.941287685118368e-06,-3.6885836124420166,3.8594007e-07,0.0,-2.962968111038208,-0.00017880521734104927
129200,-0.000481356808450073,7.636508382802275e-06,-3.688565981388092,3.5434962e-07,0.0,-2.652294397354126,-0.00017807915826937304
129400,-0.0007256699027493596,6.104025021613779e-06,-3.6885617077350616,6.183982e-07,0.0,-8.817719459533691,-0.00022620089434441937
129600,-0.0004245148738846183,8.364020641238312e-06,-3.6885989546775817,3.1858684e-07,0.0,-1.6093244552612305,-0.00016693667999982952
129800,-0.00047167798038572073,7.452404031482729e-06,-3.6885521709918976,4.786253e-07,0.0,-6.670126438140869,-0.00020337910986109042
130000,-0.0004475325404200703,3.940560725368414e-06,-3.688581335544586,3.4391877e-07,0.0,-3.096717357635498,-0.0001813286987354612
130200,-0.0003250648151151836,4.353320389327564e-06,-3.6885841131210326,3.629923e-07,0.0,-6.990577697753906,-0.00017463265380879278
130400,-0.00044312039972282946,7.628354853750352e-06,-3.6885710775852205,3.671646e-07,0.0,-3.0313382148742676,-0.00018385677818104628
130600,-0.0004306505434215069,5.971115598413235e-06,-3.6885657787322996,5.8323144e-07,0.0,-3.362168312072754,-0.00023466704800829686
130800,-0.00034073603455908597,5.407132272239324e-06,-3.6885779917240145,2.6911496e-07,0.0,-2.1723153591156006,-0.0001296856630121468
131000,-0.00030239037005230784,7.682558293709008e-06,-3.6885643780231474,2.8222797e-07,0.0,-4.458748817443848,-0.0001531621365130631
131200,-0.00046237916103564203,4.401941470177917e-06,-3.6885820269584655,2.3812055e-07,0.0,-4.7230963706970215,-0.00014324252298365537
131400,-0.0002935540396720171,6.450131877500098e-06,-3.688584101200104,4.0233135e-07,0.0,-1.7520272731781006,-0.00017687077701182828
131600,-0.00025370021467097104,6.725612024638394e-06,-3.6885747373104096,3.042817e-07,0.0,-9.534112930297852,-0.00014107155197486953
131800,-0.000538485764991492,3.4285093136077195e-06,-3.688568949699402,3.6358833e-07,0.0,-6.397884845733643,-0.0001527248310965179
132000,-0.00020849081920459867,6.1465359124213135e-06,-3.6885827004909517,2.1815299e-07,0.0,-3.9016122817993164,-0.00012174309695160979
132200,-0.0003028883074875921,5.428541498986306e-06,-3.688570362329483,3.2275915e-07,0.0,-5.510339260101318,-0.00016878323538549456
132400,-0.000250230950769037,5.471663706657637e-06,-3.688557869195938,2.1904708e-07,0.0,-5.386742115020752,-0.00012417575723577823
132600,-0.00019144003454130143,6.1800773210052284e-06,-3.6885548710823057,3.5405156e-07,0.0,-3.063694477081299,-0.00016338525828383244
132800,-0.0005487932940013707,5.828704797750106e-06,-3.6885580718517303,3.7819146e-07,0.0,-3.262998580932617,-0.00017940346513938276
133000,-0.00045531801879405975,7.0460349661516375e-06,-3.688559192419052,4.0531157e-07,0.0,-2.1081812381744385,-0.0001882287278425876
133200,-0.0006908964132890105,5.222542591809543e-06,-3.688580411672592,6.523728e-07,0.0,-1.2259371280670166,-0.00025119832116320405
133400,-0.0003365254669915885,7.349137513301685e-06,-3.6885745942592623,3.013015e-07,0.0,-3.2951412200927734,-0.0001476935305325
133600,-0.00020883255638182163,6.88185898525262e-06,-3.688568484783173,3.5256147e-07,0.0,-4.423032760620117,-0.00015425588310220563
133800,-0.0005034773494116962,6.018611793479068e-06,-3.6885772228240965,3.8683416e-07,0.0,-2.6620776653289795,-0.00018077277057113595
134000,-0.00017506846052128822,7.030877134184265e-06,-3.6885681450366974,2.8938055e-07,0.0,-2.2399251461029053,-0.00017533569027130546
134200,-0.0005450487369671464,5.132307154553928e-06,-3.6885405242443086,3.415346e-07,0.0,-7.402494430541992,-0.0001665526927479344
134400,-0.0004543461836874485,4.8125535670351384e-06,-3.6885490238666536,3.3915043e-07,0.0,-2.5177364349365234,-0.000154857738521752
134600,-0.00034119244082830846,9.000168506645424e-06,-3.6885466456413267,4.2676928e-07,0.0,-2.876042604446411,-0.00020341052127070824
134800,-0.00043770598131231964,4.948647028868436e-06,-3.6885601758956907,4.87268e-07,0.0,-2.864269256591797,-0.0002048387091298398
135000,-0.0004678282421082258,5.324885034951876e-06,-3.688550573587418,3.543496e-07,0.0,-4.759737014770508,-0.00017322896436258172
135200,-0.00030038756085559726,3.885992583718689e-06,-3.6885445058345794,3.629923e-07,0.0,-2.921915054321289,-0.00016802856384856568
135400,-0.000260156171862036,5.820432312475532e-06,-3.688564658164978,2.3543836e-07,0.0,-1.065373182296753,-0.00012958396943554273
135600,-0.0006166492239572108,4.913608864853813e-06,-3.688568562269211,5.310774e-07,0.0,-5.844027042388916,-0.00024257036926633724
135800,-0.00023689432418905199,5.877299474832398e-06,-3.6885474264621734,1.8030404e-07,0.0,-1.3769488334655762,-8.770506185817872e-05
136000,-0.0003386879398021847,5.717802480376122e-06,-3.6885646104812624,3.1024217e-07,0.0,-3.436474323272705,-0.0001577540949836642
136200,-0.0003066574572585523,6.204088947470154e-06,-3.6885414361953734,2.682209e-07,0.0,-7.339941024780273,-0.00014761928816005022
136400,-0.00032193734659813344,5.202927940217705e-06,-3.688573622703552,2.6345253e-07,0.0,-3.0096421241760254,-0.00012048038772760616
136600,-0.00024346013378817588,3.032107957778862e-06,-3.6885575532913206,2.7060509e-07,0.0,-0.8286043405532837,-0.00013876093833480317
136800,-0.0004619942628778517,5.423705277962654e-06,-3.6885415852069854,2.449751e-07,0.0,-2.9318642616271973,-0.00014421698389424086
137000,-0.00045090040657669306,4.160556403576265e-06,-3.6885553359985352,3.7789343e-07,0.0,-2.920325517654419,-0.00020328757186076628
137200,-0.00036978055140934885,2.6633865672920365e-06,-3.688559800386429,3.388524e-07,0.0,-3.721548080444336,-0.00015893306662859708
137400,-0.0001251865178346634,4.849025600606183e-06,-3.688565272092819,3.4600498e-07,0.0,-2.8417820930480957,-0.0001527189387982908
137600,-0.00046310119796544313,5.60733735710528e-06,-3.6885716319084167,2.670288e-07,0.0,-2.9446325302124023,-0.00013594530490851353
137800,-0.0005372550222091377,4.379849400493185e-06,-3.68855761885643,4.5925378e-07,0.0,-6.008871555328369,-0.0002015797591943702
138000,-0.0007065649260766804,3.716926431707179e-06,-3.6885829150676726,4.979968e-07,0.0,-7.57956600189209,-0.0002120747404517065
138200,-0.00026744158822111785,7.198667719876539e-06,-3.688574802875519,2.7924776e-07,0.0,-6.843597412109375,-0.00013753503491249487
138400,-0.0002810685837175697,4.6251166907040895e-06,-3.6885943949222564,2.2947788e-07,0.0,-1.2909693717956543,-0.00013125369690065726
138600,-0.00024969858350232244,3.816787688037948e-06,-3.6885936975479128,3.0845405e-07,0.0,-8.491636276245117,-0.00014806799537745441
138800,-0.0005034772912040353,5.329531910547303e-06,-3.688588923215866,4.5239926e-07,0.0,-2.9577245712280273,-0.0002071377410658215
139000,-0.0003192144795320928,3.5610198324320662e-06,-3.688568377494812,3.1650066e-07,0.0,-3.678590774536133,-0.00014916173418570987
139200,-0.0002178030408686027,4.2754925743793136e-06,-3.688581782579422,1.874566e-07,0.0,-3.249168872833252,-0.00010679574215508581
139400,-0.00015542239998467267,1.8919980334430874e-06,-3.6885876297950744,2.4855137e-07,0.0,-7.67548942565918,-0.0001257310068089046
139600,-0.00033951125806197524,3.84327616416158e-06,-3.688558518886566,3.4093858e-07,0.0,0.026583850383758545,-0.00015472821986008966
139800,-0.0004582024412229657,6.412006308664786e-06,-3.6885765373706816,5.5462124e-07,0.0,-6.555240154266357,-0.00024290722496012052
140000,-0.0002379334910074249,4.425930649176735e-06,-3.688569688796997,3.9339068e-07,0.0,-1.7171297073364258,-0.0001792285813648986
140200,-0.0005750985583290458,3.6820557340888627e-06,-3.6885886967182158,3.4719704e-07,0.0,-1.8673038482666016,-0.00018536383002163426
140400,-0.0003024522738996893,4.606329724765601e-06,-3.688597875833511,2.500415e-07,0.0,-3.875744342803955,-0.0001418553446382198
140600,-0.00022597581846639514,2.873331078490082e-06,-3.6886004209518433,3.0964614e-07,0.0,-3.3641281127929688,-0.00014662709756372295
140800,-0.0005221235915087163,4.812073069615508e-06,-3.688581293821335,5.361438e-07,0.0,-4.852414131164551,-0.0002375042818639539
141000,-0.00026011746376752853,3.902540470335225e-06,-3.688561260700226,2.9355286e-07,0.0,-4.745158672332764,-0.0001237101032124821
141200,-0.0003390563651919365,4.715048731895877e-06,-3.6885702669620515,2.1547079e-07,0.0,-3.506082057952881,-0.00014047835005044363
141400,-0.0003019329742528498,3.92384012002367e-06,-3.688571757078171,1.8805265e-07,0.0,-1.2502131462097168,-0.00011869575134397792
141600,-0.0003084385534748435,5.9699359042042485e-06,-3.688577961921692,2.0474195e-07,0.0,-4.974503993988037,-0.00011802215944407557
141800,-0.0006408470217138529,3.5162365179530752e-06,-3.688570350408554,4.1782855e-07,0.0,-3.9592628479003906,-0.00018990322852823204
142000,-0.0003138302708975971,4.202828023380789e-06,-3.6885716319084167,2.4914743e-07,0.0,-6.427136421203613,-0.0001214777118403232
142200,-0.0005614254623651505,2.1342529436196856e-06,-3.688565641641617,3.1739472e-07,0.0,-4.848264217376709,-0.0001651587775204355
142400,-0.0002900426334235817,4.923930714539893e-06,-3.6885928094387053,3.498793e-07,0.0,-2.2652506828308105,-0.00014542239920412037
142600,-0.0004594320780597627,3.2025879932007227e-06,-3.6885787725448607,4.0203335e-07,0.0,-6.847326278686523,-0.0001794202917329457
142800,-0.0004833841521758586,3.3103512180332473e-06,-3.68857746720314,3.090501e-07,0.0,-4.042764663696289,-0.00014283928353804322
143000,-0.0004321985470596701,3.6042662827640015e-06,-3.6885876774787905,3.570318e-07,0.0,-2.5796029567718506,-0.00017956393909299707
143200,-0.00014354303129948676,3.6191599974699784e-06,-3.688589257001877,2.1457673e-07,0.0,-2.28135085105896,-0.00011390221137043132
143400,-0.00034692257759161294,3.7002697524712857e-06,-3.688602811098099,3.0636787e-07,0.0,-3.224579334259033,-0.00017466135351436042
143600,-0.0006225020042620599,3.6946230920875676e-06,-3.6885832130908964,5.1379203e-07,0.0,-3.8159842491149902,-0.00019293334236394343
143800,-0.000419089657953009,3.4095606451955975e-06,-3.6885969400405885,4.1604045e-07,0.0,-4.133599758148193,-0.0001658627308557037
144000,-0.0005648984224535525,2.9671382378637644e-06,-3.688580346107483,3.59118e-07,0.0,-3.762594699859619,-0.00017099975089809316
144200,-0.0004796463472303003,2.1212391430935894e-06,-3.6885744452476503,3.4093856e-07,0.0,-3.3024535179138184,-0.0001649378234484411
144400,-0.0006491877720691264,2.2605912874951173e-06,-3.6885714709758757,3.8415192e-07,0.0,-4.387463092803955,-0.00019946517197761971
144600,-0.000284804031252861,2.8358293263863744e-06,-3.688560724258423,2.914667e-07,0.0,-4.413210391998291,-0.00012395627802250787
144800,-0.0005410013836808503,3.0038198218562683e-06,-3.6885548293590547,3.6239626e-07,0.0,-3.361959934234619,-0.00017339259438013953
145000,-0.0002862740366254002,4.518101047779055e-06,-3.688583183288574,3.3140182e-07,0.0,-3.2034873962402344,-0.0001510121516666185
145200,-0.00048475016956217587,2.527440810240478e-06,-3.6885759592056275,3.8802625e-07,0.0,-3.7167348861694336,-0.00021306835199288443
145400,-0.00036465737503021955,3.5442537466678912e-06,-3.6885726749897003,3.1769275e-07,0.0,-4.765071868896484,-0.00015418501001249752
145600,-0.00023958859674166888,3.991773183997793e-06,-3.6885792315006256,2.357364e-07,0.0,-1.4029757976531982,-0.00013164809275467704
145800,-0.00038398103788495064,1.6831143199169674e-06,-3.6885625302791594,3.1739472e-07,0.0,-1.3949120044708252,-0.00016019624473826433
146000,-0.0007165484130382538,3.5387515424645244e-06,-3.6885762572288514,5.662441e-07,0.0,-1.913203239440918,-0.00025798721536636205
146200,-0.0002782670489978045,4.301831103248332e-06,-3.68855801820755,2.2619963e-07,0.0,-1.5420899391174316,-0.00011410313881476952
146400,-0.0002770241699181497,3.259460498838962e-06,-3.6885733783245085,3.749132e-07,0.0,-1.9009113311767578,-0.00017385093997399626
146600,-0.00030753444298170507,3.864427094413259e-06,-3.6885682880878448,4.780293e-07,0.0,-3.625925064086914,-0.0002320698654272091
146800,-0.00041002212674356997,3.9988903779430984e-06,-3.6885537803173065,4.4345853e-07,0.0,-6.514527797698975,-0.00017126086323173694
147000,-0.00025417504366487265,2.4083774263772284e-06,-3.688573729991913,2.2947789e-07,0.0,-0.5052976608276367,-0.0001241625835249338
147200,-0.000458491820609197,4.507492400307456e-06,-3.688549596071243,3.385544e-07,0.0,-4.04418420791626,-0.00015157036422391856
147400,-0.0005253388662822545,2.7929028419748646e-06,-3.6885719895362854,4.7415494e-07,0.0,-1.0443899631500244,-0.00022306658119897183
147600,-0.0006196759059093893,3.56087843442765e-06,-3.6885598242282867,7.3015696e-07,0.0,-4.509673118591309,-0.00029760028915779555
147800,-0.0004617734521161765,3.951816853486889e-06,-3.6885639667510985,3.659725e-07,0.0,-3.4510855674743652,-0.0001735039479458411
148000,-0.00034837977727875113,2.6588693117446383e-06,-3.688571798801422,3.8474798e-07,0.0,-2.560655117034912,-0.000159876464709674
148200,-0.0004271258367225528,2.6883522082243873e-06,-3.6885550737380983,2.8461218e-07,0.0,-0.5932567119598389,-0.0001617563215916107
148400,-0.00039610269595868886,3.006609546218897e-06,-3.6885691821575164,2.8789043e-07,0.0,-3.546131134033203,-0.00015805385688145713
148600,-0.0005322629003785551,2.9398251683687702e-06,-3.6885558128356934,3.9666892e-07,0.0,-0.45497334003448486,-0.00019614419267997008
148800,-0.0005632570246234536,3.733037328856881e-06,-3.6885510802268984,3.695488e-07,0.0,-1.6839046478271484,-0.00020358959010798315
149000,-0.00042053533252328634,2.7005069114238722e-06,-3.688562327623367,3.0696393e-07,0.0,-1.8049287796020508,-0.00015031068158974926
149200,-0.0003707147261593491,2.5195967737090543e-06,-3.6885359227657317,3.6507845e-07,0.0,-1.7721569538116455,-0.00016690424066791997
149400,-0.0005019280943088233,2.1688043290168935e-06,-3.6885488271713256,3.8862228e-07,0.0,-4.711350440979004,-0.00018741071204431137
149600,-0.000386159896152094,3.317941320801765e-06,-3.688552176952362,3.6358836e-07,0.0,-2.4316608905792236,-0.00016154968798787195
149800,-0.00032188979093916714,1.7847047189434306e-06,-3.6885731279850007,3.0726193e-07,0.0,-1.9221715927124023,-0.00014363622653021935
150000,-0.0002883980341721326,3.2085464340525503e-06,-3.6885546445846558,3.1292439e-07,0.0,-3.643611431121826,-0.00015989734204572282
150200,-0.0003320953401271254,2.433591367889676e-06,-3.6885550677776338,2.8461218e-07,0.0,-1.452458143234253,-0.00015638039167560348
150400,-0.0005195812555029988,2.409438386052898e-06,-3.6885577738285065,4.5895575e-07,0.0,-3.404008388519287,-0.0002023795587768884
150600,-0.0004099869402125478,3.4029147286673833e-06,-3.688565158843994,3.3825637e-07,0.0,-4.9827656745910645,-0.00014254527496303514
150800,-0.0003397456312086433,3.7829436962510952e-06,-3.688556271791458,3.6001205e-07,0.0,-2.2076759338378906,-0.00018091034769667224
151000,-0.0002623437321744859,2.77989676078505e-06,-3.688562959432602,4.1633842e-07,0.0,-1.696821928024292,-0.0001731211316250869
151200,-0.00034249399323016405,2.1752363750238146e-06,-3.6885411381721496,2.6613475e-07,0.0,-1.2146270275115967,-0.00013311888251701375
151400,-0.0005302783101797104,3.1392201691460286e-06,-3.688550662994385,5.5611133e-07,0.0,-3.4728636741638184,-0.0002525078568905492
151600,-0.0003274843911640346,2.5579400670494577e-06,-3.6885523557662965,3.1650066e-07,0.0,-1.4408795833587646,-0.00014753795365272105
151800,-0.0004857603053096682,3.14267089720488e-06,-3.688564044237137,3.07858e-07,0.0,-1.8075683116912842,-0.00014998823414984485
152000,-4.401206024340354e-05,2.169859050127343e-06,-3.6885683119297026,3.358722e-07,0.0,-8.752050399780273,-0.0001448577506726334
152200,-0.00030165057978592813,2.4974164773539085e-06,-3.6885563373565673,4.4494865e-07,0.0,-3.3203368186950684,-0.00019250023250356741
152400,-0.0003488641232252121,1.6271742794060628e-06,-3.688539445400238,4.246831e-07,0.0,-5.316593647003174,-0.00018290162217318162
152600,-0.0003273381444159895,2.9432901783366105e-06,-3.688563346862793,2.270937e-07,0.0,-1.7396221160888672,-0.00011035446865128584
152800,-0.0003169274714309722,1.6581677044769094e-06,-3.68853902220726,4.23491e-07,0.0,-2.520064115524292,-0.000198766969838271
153000,-0.0002662604383658618,1.952142713435023e-06,-3.6885567188262938,3.218651e-07,0.0,-2.7258622646331787,-0.00013509228791033223
153200,-0.0005605352343991399,2.281325819808444e-06,-3.688543677330017,5.918741e-07,0.0,-1.5574760437011719,-0.0002591907228065793
153400,-0.0003120566834695637,1.8596433079665076e-06,-3.6885343909263613,3.1679866e-07,0.0,-1.566558599472046,-0.00013773283431794958
153600,-0.0005145653849467635,1.4385729627974797e-06,-3.6885568857192994,3.8802625e-07,0.0,-5.152153015136719,-0.00019804645371506168
153800,-0.00032034784089773893,2.232444492733521e-06,-3.688534343242645,2.9593707e-07,0.0,-3.1265668869018555,-0.0001483422737178497
154000,-0.0003105478535871953,2.2859440491629357e-06,-3.6885380268096926,2.1785497e-07,0.0,-2.325455904006958,-0.00010978725517281074
154200,-0.00017719266179483384,2.771860485495381e-06,-3.688564324378967,3.5047532e-07,0.0,-1.0871989727020264,-0.00015833623471304126
154400,-0.0005681047332473099,3.6850393883014476e-06,-3.6885468542575834,4.4703484e-07,0.0,-4.343287944793701,-0.00019589650660414292
154600,-0.00032921222737058997,2.676469009088578e-06,-3.688556361198425,3.004074e-07,0.0,-2.9651803970336914,-0.00015217958389257547
154800,-0.0002317710022907704,2.540866546496545e-06,-3.6885386049747466,4.0262938e-07,0.0,-3.1766295433044434,-0.00019395679294076373
155000,-0.0003936573339160532,1.381208298312231e-06,-3.688554918766022,2.4169682e-07,0.0,-1.354997158050537,-0.00014302643849672947
155200,-0.0004181846452411264,1.8501391906511345e-06,-3.68854700922966,3.2484533e-07,0.0,-7.9273223876953125,-0.00015983551102044524
155400,-0.0002708935353439301,2.5432922711843274e-06,-3.6885385155677795,1.7970801e-07,0.0,-1.174008846282959,-8.959792512939214e-05
155600,-0.00036953442031517625,1.6983727334718425e-06,-3.6885538578033445,2.2202731e-07,0.0,-1.7732267379760742,-0.00012990257195144572
155800,-0.0006257384084165096,1.4788804946874734e-06,-3.6885505497455595,5.1409006e-07,0.0,-6.388500213623047,-0.00021521814965581033
156000,-0.000236800653510727,1.3116279887981364e-06,-3.688555210828781,3.1828878e-07,0.0,-5.593953609466553,-0.000142177209174843
156200,-0.0003823188890237361,1.5276340320724558e-06,-3.6885425209999085,3.0815602e-07,0.0,-8.763751029968262,-0.00014171196559553678
156400,-0.0004290750075597316,2.1533962041075937e-06,-3.6885412335395813,3.2633545e-07,0.0,-4.1474385261535645,-0.0001761304748165937
156600,-0.0006072846008464694,2.2615086606947444e-06,-3.688530421257019,7.307529e-07,0.0,-2.6945407390594482,-0.000271778225519137
156800,-0.00024912020307965577,1.8112113451707045e-06,-3.6885216891765595,3.4779313e-07,0.0,-6.743685245513916,-0.00016458083850516835
157000,-0.0005461680702865124,1.6753157467519487e-06,-3.688539558649063,4.4971705e-07,0.0,-1.7744617462158203,-0.00021349713332921016
157200,-0.00040717163938097656,1.1304082605079202e-06,-3.6885475337505342,2.82228e-07,0.0,-2.8264410495758057,-0.00015562388374954495
157400,-0.0003705316921696067,1.7278400491704816e-06,-3.6885488629341125,3.120303e-07,0.0,-9.274781227111816,-0.0001612674589814511
157600,-0.0003957310982514173,1.7436506340118286e-06,-3.68853480219841,3.734231e-07,0.0,-4.448873519897461,-0.00016823756785577793
157800,-0.00036633858690038323,1.2495441580995248e-06,-3.688547956943512,4.0382147e-07,0.0,-2.2145168781280518,-0.00018441909517905586
158000,-0.00047658526455052197,1.2240217245107487e-06,-3.688538134098053,3.4451486e-07,0.0,-6.055340766906738,-0.00018121607665761986
158200,-0.0004185605503153056,1.9042349691744676e-06,-3.688545548915863,3.606081e-07,0.0,-3.1194262504577637,-0.00016166002902218146
158400,-0.0002797731722239405,9.644153479371199e-07,-3.688546931743622,2.399087e-07,0.0,-1.2446982860565186,-0.00013309524262536954
158600,-0.00022738502593711019,1.819390502078022e-06,-3.6885501086711883,2.8878452e-07,0.0,-3.4387216567993164,-0.00015136264289266065
158800,-0.00033098060521297157,1.8634558699659466e-06,-3.688547730445862,2.9593704e-07,0.0,-1.5474600791931152,-0.00014505836336411448
159000,-0.00037209331640042365,1.8887354997332296e-06,-3.6885557055473326,5.069375e-07,0.0,-5.187811374664307,-0.00021912240939574444
159200,-0.0002977177209686488,2.3565952062654104e-06,-3.6885608673095702,2.1100044e-07,0.0,-4.895510196685791,-0.00011107747226235531
159400,-0.00039542102604173124,1.4245553487057806e-06,-3.6885453164577484,2.887845e-07,0.0,-1.6812164783477783,-0.0001612616557117086
159600,-0.0004004585789516568,1.1886115800052722e-06,-3.688556742668152,4.196167e-07,0.0,-6.634191036224365,-0.00020831021782123925
159800,-0.0003283217956777662,2.164187822017993e-06,-3.688559055328369,4.017353e-07,0.0,-2.611506700515747,-0.00016913915272596114
160000,-0.00034114281879737973,1.632364063652858e-06,-3.688531792163849,4.222989e-07,0.0,-9.491632461547852,-0.00018667413216900687
160200,-0.00035146911977790296,1.5739761266786446e-06,-3.6885627150535583,3.683567e-07,0.0,-6.50180196762085,-0.0001722139705900183
160400,-0.0003091489488724619,1.2281237346201125e-06,-3.688553291559219,3.394485e-07,0.0,-1.0314304828643799,-0.00017906552969588764
160600,-0.00038278085412457585,2.441070211034457e-06,-3.688558739423752,2.4050473e-07,0.0,-3.1232457160949707,-0.00011294034137503406
160800,-0.0004001262423116714,1.6452360824814605e-06,-3.6885419130325316,3.2424927e-07,0.0,-2.596635580062866,-0.00016784049539981806
161000,-0.0002639365557115525,1.4491667741367564e-06,-3.6885546684265136,1.9967555e-07,0.0,-2.9319207668304443,-0.00011061643179584024
161200,-0.00021727767307311296,1.520421403711225e-06,-3.688549393415451,2.795458e-07,0.0,-2.2364354133605957,-0.0001491305299026635
161400,-0.00037843899917788804,1.646349238626499e-06,-3.6885422289371492,3.388524e-07,0.0,-2.068772077560425,-0.00017205685383667735
161600,-0.0003512459516059607,8.078008306711126e-07,-3.688558840751648,2.9444695e-07,0.0,-7.61564826965332,-0.0001461482572774564
161800,-0.00015289042494259775,1.3207611232246562e-06,-3.6885491013526917,3.528595e-07,0.0,-2.365443706512451,-0.0001476838439806283
162000,-0.00035111643956042826,1.611234753795543e-06,-3.68854016661644,3.6925076e-07,0.0,-1.84421706199646,-0.00017915747450798493
162200,-0.0002553262165747583,1.934302582640157e-06,-3.6885396778583526,2.1994114e-07,0.0,-2.884227991104126,-0.00011679179998167478
162400,-0.00028226946596987545,1.7007117520506654e-06,-3.6885325610637665,3.504753e-07,0.0,-2.6433472633361816,-0.00016807767773734382
162600,-0.00025395789998583496,1.1288796429198555e-06,-3.6885324478149415,2.8222797e-07,0.0,-3.4752135276794434,-0.00013527652249116783
162800,-0.0004119589284528047,1.1527534852007192e-06,-3.6885508418083193,2.673268e-07,0.0,-3.7408852577209473,-0.00014529475627464983
163000,-0.00036273524165153503,1.6434621983307807e-06,-3.6885318398475646,3.951788e-07,0.0,-2.8089451789855957,-0.00017549987835954183
163200,-0.00041088106809183955,1.0671799472561361e-06,-3.6885294675827027,2.7179718e-07,0.0,-7.910276412963867,-0.00013636249341857364
163400,-0.00030397583032026887,1.8467513143605174e-06,-3.6885338127613068,2.3543836e-07,0.0,-4.1543869972229,-0.0001375790384254394
163600,-0.00034032348776236176,1.2724457960189284e-06,-3.6885320961475374,3.2812355e-07,0.0,-1.8760292530059814,-0.00017593106948379233
163800,-0.0003229458234272897,1.4712529235794135e-06,-3.688534766435623,2.7567148e-07,0.0,-1.0064663887023926,-0.00015477389818551178
164000,-0.00044876631000079215,7.349306351045471e-07,-3.688536661863327,4.3809413e-07,0.0,-4.090787410736084,-0.0002156780961206528
164200,-0.0002590525255072862,1.3335808816350437e-06,-3.6885252237319945,2.8699634e-07,0.0,-5.2525835037231445,-0.00013485554595318305
164400,0.005212920252233744,0.011245684116147459,-3.6887659907341,1.1205674e-07,0.0,0.0007131099700927734,-9.164026392425307e-05
164600,0.0398138202726841,0.03861924365628511,-3.688568335771561,1.9073488e-07,0.0,0.02700597047805786,-0.00012739394584724285
164800,0.006416364572942257,0.01289283906808123,-3.6884972512722016,3.8176776e-07,0.0,0.04545032978057861,-0.00017454363681930208
165000,0.03354142606258392,0.0696995425503701,-3.688514214754105,3.5107138e-07,0.0,0.019420981407165527,-0.0001810292672100866
165200,0.012736526317894459,0.03065358861349523,-3.6885073363780974,4.7236682e-07,0.0,0.06491720676422119,-0.00018335808009646294
165400,0.012208381667733192,0.03605840909294784,-3.6885124504566194,4.5895575e-07,0.0,0.05362182855606079,-0.00021663356505087218
165600,0.006029353477060795,0.015590045251883566,-3.688505619764328,3.5047532e-07,0.0,0.0199587345123291,-0.0001678965387616138
165800,0.014785161241889,0.02113764591049403,-3.6884999752044676,3.3348798e-07,0.0,0.05961090326309204,-0.00018338576085428216
166000,0.011538928374648094,0.05359835214912891,-3.688516694307327,2.8043985e-07,0.0,0.033820509910583496,-0.0001540588972540835
166200,0.027789656072854996,0.06712033655494451,-3.6885100603103638,4.6461824e-07,0.0,-0.010312080383300781,-0.0001900510346739104
166400,0.0205206461250782,0.03676252067089081,-3.6885071396827698,3.33786e-07,0.0,0.08821648359298706,-0.00015618237140699876
166600,0.015283143147826195,0.025353584345430134,-3.6884791374206545,4.118681e-07,0.0,0.11714589595794678,-0.000162694051837442
166800,0.011742383241653442,0.025952901970595122,-3.688500088453293,4.634261e-07,0.0,-0.018709182739257812,-0.00019058110542493622
167000,0.02970508299767971,0.07300647906959057,-3.688487696647644,4.2617322e-07,0.0,0.020775139331817627,-0.00017481845497263615
167200,0.007521637715399265,0.024954465171322226,-3.6884876906871797,4.476309e-07,0.0,-3.1828880310058594e-05,-0.00021474951530240372
167400,0.013648949563503265,0.03356178882531822,-3.6884900510311125,2.8282403e-07,0.0,0.060071468353271484,-0.00013556597047568176
167600,0.007947186939418316,0.024306748434901236,-3.688486707210541,5.066395e-07,0.0,0.08552759885787964,-0.0002332766510107609
167800,0.0026693360414355993,0.007357452512951568,-3.688492441177368,2.9712916e-07,0.0,-0.040369510650634766,-0.00014289161558167507
168000,0.012917679734528065,0.033413927629590036,-3.688480132818222,2.1338462e-07,0.0,0.08628576993942261,-0.00011129094619886093
168200,0.01282441895455122,0.02990357461385429,-3.688482415676117,3.5196544e-07,0.0,0.05849015712738037,-0.00016326415629850933
168400,0.011168831028044224,0.0338809662964195,-3.688494712114334,4.4047832e-07,0.0,0.08956295251846313,-0.00021356869436544023
168600,0.005874129943549633,0.011528544558677823,-3.688494175672531,3.543496e-07,0.0,0.038536906242370605,-0.00016828267231721038
168800,0.014109584502875805,0.024067645287141205,-3.688504862785339,4.813075e-07,0.0,0.12195312976837158,-0.00017040431548435154
169000,0.00982002541422844,0.013399289140943437,-3.6884924471378326,2.8997658e-07,0.0,0.15114164352416992,-0.00013170152180919104
169200,0.03171347454190254,0.03488613544031978,-3.688495373725891,2.813339e-07,0.0,0.013513505458831787,-0.00015608862419096424
169400,0.041568607091903687,0.09448861060664057,-3.6884986996650695,3.3050776e-07,0.0,0.04037761688232422,-0.0001720863062363298
169600,0.00838860496878624,0.022341254097409547,-3.688492327928543,2.670288e-07,0.0,0.12713474035263062,-0.00013813118613233976
169800,0.017882607877254486,0.040144491381943224,-3.688499402999878,2.9116867e-07,0.0,0.08178579807281494,-0.00014792928096585278
170000,0.021515104919672012,0.03939471135381609,-3.6884832799434664,3.8415195e-07,0.0,0.014490008354187012,-0.00019241352947398926
170200,0.0342460572719574,0.08693326967768371,-3.688500201702118,2.4050473e-07,0.0,0.030113279819488525,-0.00013083021446309574
170400,0.005747779738157988,0.014349922956898808,-3.688495343923569,2.512336e-07,0.0,0.0200996994972229,-0.00013131274213480372
170600,0.011760987341403961,0.04599109534174204,-3.688496118783951,3.400445e-07,0.0,0.0800095796585083,-0.00015493166450176177
170800,0.020636847242712975,0.04378275629132986,-3.688483440876007,4.5746563e-07,0.0,0.0557442307472229,-0.00017846553072213832
171000,0.010476636700332165,0.021363161224871873,-3.688489335775375,4.4882296e-07,0.0,0.10144597291946411,-0.00018530840630728295
171200,0.010808154940605164,0.04782835370860994,-3.6884809374809264,5.0365924e-07,0.0,0.012823700904846191,-0.00020319730008144798
171400,0.02010948397219181,0.08427552711218596,-3.6884935677051542,4.74751e-07,0.0,-0.0009866952896118164,-0.00021462167880716975
171600,0.00896804966032505,0.029832713399082424,-3.688492876291275,4.8428774e-07,0.0,0.035812556743621826,-0.0002214516254961163
171800,0.005463036708533764,0.009500511840451508,-3.688505786657333,3.6507845e-07,0.0,0.14855867624282837,-0.00016512344148584824
172000,0.014946939423680305,0.03177753589116037,-3.688492476940155,2.9683113e-07,0.0,0.02249366044998169,-0.00017616420915729237
172200,0.10313446074724197,0.12889058412984014,-3.688503158092499,3.4064055e-07,0.0,0.03633028268814087,-0.0001512719903158821
172400,0.02358710579574108,0.04351447205990553,-3.688504582643509,3.0308962e-07,0.0,-0.01645827293395996,-0.00013649423299546548
172600,0.027073955163359642,0.03394954444374889,-3.6885063529014586,2.1398067e-07,0.0,0.1089053750038147,-0.00011218291630694654
172800,0.013641942292451859,0.0205557030858472,-3.688512271642685,4.4196844e-07,0.0,0.16459882259368896,-0.00019184149837168097
173000,0.009731294587254524,0.03785489723086357,-3.688513368368149,3.042817e-07,0.0,0.10031533241271973,-0.00014044135764894604
173200,0.03387874737381935,0.04892479027621448,-3.6885110259056093,3.2156706e-07,0.0,-0.03709828853607178,-0.0001573343137428296
173400,0.01641963981091976,0.03952201777137816,-3.688517439365387,3.8087367e-07,0.0,0.13571077585220337,-0.00018160012378345413
173600,0.005902834236621857,0.01324543432565406,-3.6885145902633667,4.6044588e-07,0.0,0.18701159954071045,-0.00020814786199954138
173800,0.031755510717630386,0.057818539114668964,-3.688512849807739,2.3633241e-07,0.0,-0.010402321815490723,-0.00013196452228156908
174000,0.021342329680919647,0.05207852050662041,-3.6885127127170563,3.3378603e-07,0.0,0.07353764772415161,-0.00015618717689978024
174200,0.014944114722311497,0.025080777565017344,-3.688501310348511,4.4018032e-07,0.0,0.06120043992996216,-0.0001963850269201206
174400,0.00381233892403543,0.012492069404106586,-3.688506323099136,3.1501054e-07,0.0,0.21515744924545288,-0.0001414640841249426
174600,0.005442349705845118,0.010824765509460122,-3.688511449098587,3.3706425e-07,0.0,0.13459962606430054,-0.00017548604254227217
174800,0.008897029794752598,0.02532779206521809,-3.688510572910309,2.7686357e-07,0.0,0.14345604181289673,-0.00012969884205009662
175000,0.0069109778851270676,0.018248151999432593,-3.6885121941566466,3.7461518e-07,0.0,0.16091108322143555,-0.00019173153405600553
175200,0.01971476711332798,0.03317398112267256,-3.688514256477356,3.2395124e-07,0.0,0.09291601181030273,-0.00013813973943148649
175400,0.07448740303516388,0.08143135886639356,-3.6885044395923616,3.001094e-07,0.0,-0.003731846809387207,-0.0001707241084368427
175600,0.050279803574085236,0.14055488146841527,-3.688505107164383,3.120303e-07,0.0,0.03320556879043579,-0.00015676843322816049
175800,0.026755284518003464,0.04495661687105894,-3.6885178327560424,2.1070242e-07,0.0,-0.01730489730834961,-0.0001251949218779025
176000,0.042449112981557846,0.05468287938274443,-3.688513386249542,1.874566e-07,0.0,0.10346019268035889,-0.00012264160078889752
176200,0.0042900824919342995,0.008744226390263066,-3.688511461019516,3.5226344e-07,0.0,0.25905752182006836,-0.00017387360074700987
176400,0.018468746915459633,0.031692108837887645,-3.688508939743042,2.9444695e-07,0.0,0.16301214694976807,-0.00012252685452671664
176600,0.02792554348707199,0.05040773833170533,-3.6885023295879362,3.916025e-07,0.0,0.08552569150924683,-0.0001756207885120542
176800,0.028990909457206726,0.04987354730255902,-3.688505917787552,3.644824e-07,0.0,0.10927456617355347,-0.00016713881409123333
177000,0.006948126945644617,0.017909485031850636,-3.6885050535202026,2.2739171e-07,0.0,0.11954629421234131,-0.00012527321583957196
177200,0.009765174239873886,0.03809089141432196,-3.6885041654109956,3.3050773e-07,0.0,0.14837408065795898,-0.00015501411199185798
177400,0.011173986829817295,0.02052046381868422,-3.6885046482086183,4.1306018e-07,0.0,0.08112597465515137,-0.0001900681470564436
177600,0.01879959926009178,0.03305012290365994,-3.6885089337825776,3.2156706e-07,0.0,0.20437467098236084,-0.00017127804392760292
177800,0.06124372035264969,0.08111450532451273,-3.6884958148002625,3.8653613e-07,0.0,0.04593139886856079,-0.00016580198000064604
178000,0.0022835186682641506,0.0064517523511312905,-3.6884885430336,1.9341707e-07,0.0,-0.19776952266693115,-0.0001091717928158431
178200,0.00843388494104147,0.023691197903826833,-3.688490796089172,2.8043985e-07,0.0,0.029584228992462158,-0.00015074779202430832
178400,0.014768367633223534,0.031442164536565544,-3.688499426841736,2.9623507e-07,0.0,0.17603641748428345,-0.0001699472789905565
178600,0.008951998315751553,0.02383113596588373,-3.688502883911133,3.260374e-07,0.0,0.11352652311325073,-0.0001441080268591577
178800,0.008933354169130325,0.023667196976020932,-3.688492161035538,2.9861928e-07,0.0,0.12935638427734375,-0.0001531715086688923
179000,0.031961556524038315,0.0904474938288331,-3.688494509458542,3.874302e-07,0.0,0.03768002986907959,-0.00017957290929052628
179200,0.020784668624401093,0.03143261319492012,-3.6884964287281035,3.0636787e-07,0.0,-0.011270284652709961,-0.00014110685109767208
179400,0.007830037735402584,0.015983803616836666,-3.688492786884308,2.3126603e-07,0.0,0.07153260707855225,-0.00010536032969530318
179600,0.004497981630265713,0.009041166072711349,-3.688505566120148,3.015995e-07,0.0,0.09762710332870483,-0.00015418734339314177
179800,0.0021494601387530565,0.0043434477061964575,-3.6885047435760496,1.9818545e-07,0.0,-0.07466232776641846,-0.00010632123425954876
180000,0.0071931094862520695,0.02884247621987015,-3.688506555557251,2.7716158e-07,0.0,0.05715435743331909,-0.00014642454676573325
180200,0.02292102575302124,0.03569426166359335,-3.6885075747966765,3.5375356e-07,0.0,0.10165834426879883,-0.00018755367434868385
180400,0.0329977348446846,0.07583591989241541,-3.6884937465190886,3.761053e-07,0.0,0.058015644550323486,-0.00018935746020016798
180600,0.031027568504214287,0.05965769221074879,-3.688493138551712,2.9236077e-07,0.0,0.0832817554473877,-0.00014788627673782971
180800,0.013204329647123814,0.023375181620940565,-3.6884919464588166,3.4570695e-07,0.0,0.10996657609939575,-0.00017432868333830954
181000,0.007363395765423775,0.016563449532259255,-3.688495177030563,3.862381e-07,0.0,0.005167961120605469,-0.00019057464454088623
181200,0.001784188556484878,0.012018341693328693,-3.688510572910309,3.5107135e-07,0.0,0.2342633605003357,-0.00017957634200911344
181400,0.010561864823102951,0.02115851566195488,-3.688508665561676,4.941225e-07,0.0,0.07096558809280396,-0.0002129145691569634
181600,0.010399644263088703,0.016618065047077836,-3.6885180175304413,2.7894973e-07,0.0,0.08361440896987915,-0.00013488539742911865
181800,0.007933653891086578,0.03146306003909558,-3.6885033369064333,3.7431715e-07,0.0,0.058344364166259766,-0.0001728046383034365
182000,0.020272493362426758,0.04566879163030535,-3.6885028958320616,3.3229588e-07,0.0,-0.009841442108154297,-0.0001806437967024621
182200,0.009095894172787666,0.01959045378025621,-3.688506919145584,3.2097103e-07,0.0,0.16786396503448486,-0.00017405016725138278
182400,0.010071713477373123,0.021307380974758417,-3.6884996354579926,3.0130147e-07,0.0,0.1934417486190796,-0.0001570055051477226
182600,0.006214057095348835,0.01938664170447737,-3.688501942157745,4.6432018e-07,0.0,0.055529654026031494,-0.00021385291441924358
182800,0.011865916661918163,0.02974391430616379,-3.6885076105594634,3.0726193e-07,0.0,0.17866122722625732,-0.00013332176309530653
183000,0.02346164733171463,0.037660165363922714,-3.6885021686553956,2.7537345e-07,0.0,0.211631178855896,-0.00014658737111705733
183200,0.010806379839777946,0.017894611437805,-3.688499426841736,2.783537e-07,0.0,0.10026496648788452,-0.0001492845264430387
183400,0.007775311358273029,0.029530988074839115,-3.6885024070739747,3.9786102e-07,0.0,0.16776591539382935,-0.0001798288606535081
183600,0.004690234083682299,0.011016420065425336,-3.688508987426758,2.7000905e-07,0.0,0.12762242555618286,-0.0001321692545320552
183800,0.005350184161216021,0.01390715098241344,-3.6885104537010194,3.5643578e-07,0.0,0.19392436742782593,-0.00017893868297060855
184000,0.005549354013055563,0.02211811183951795,-3.688505256175995,4.0888784e-07,0.0,0.14811694622039795,-0.00018686255138777863
184200,0.004385153762996197,0.009012204362079501,-3.688499641418457,4.8458577e-07,0.0,0.22526395320892334,-0.00023518416617185345
184400,0.1023588702082634,0.17277779914438723,-3.6885054051876067,3.5643578e-07,0.0,-0.0011374950408935547,-0.0001668444564477234
184600,0.021458014845848083,0.054735904280096295,-3.688507056236267,2.5629998e-07,0.0,-0.006245136260986328,-0.0001323718947817243
184800,0.012250464409589767,0.03038131882203743,-3.688506931066513,2.616644e-07,0.0,0.125446617603302,-0.0001356567729205782
185000,0.04832341894507408,0.11641092933714389,-3.6884985327720643,2.3961067e-07,0.0,-0.009753704071044922,-0.000121423661758846
185200,0.056725990027189255,0.09671818092465401,-3.6885032832622526,2.0623206e-07,0.0,0.065976083278656,-0.0001277398479177183
185400,0.007531250827014446,0.012941291579045356,-3.6885167181491854,3.4123659e-07,0.0,-0.2319275140762329,-0.00016276715153400455
185600,0.01346289087086916,0.027751687867566942,-3.6885091781616213,3.191829e-07,0.0,0.16533929109573364,-0.00016448885885279597
185800,0.017926150932908058,0.031903623836115,-3.68852322101593,5.415082e-07,0.0,-0.09169280529022217,-0.0002541086071606635
186000,0.003713761456310749,0.012667533825151622,-3.6885295450687408,4.9531457e-07,0.0,0.22060859203338623,-0.00019824030162611804
186200,0.03097103163599968,0.06402330552227795,-3.688522845506668,2.7924779e-07,0.0,0.052330732345581055,-0.000144463316146215
186400,0.019697388634085655,0.024928035261109472,-3.6885377168655396,1.9192696e-07,0.0,0.17272955179214478,-0.00011546161789357522
186600,0.00622865604236722,0.012473410088568926,-3.688530242443085,3.7759543e-07,0.0,0.1844736933708191,-0.00019744589655532608
186800,0.017512314021587372,0.0408635915722698,-3.688531976938248,3.0100347e-07,0.0,-0.008888602256774902,-0.000157256944908557
187000,0.011044492945075035,0.02515007839538157,-3.6885356307029724,2.834201e-07,0.0,0.17394477128982544,-0.00016200323391342143
187200,0.013996170833706856,0.02563315164297819,-3.6885299026966094,2.9087067e-07,0.0,0.2025638222694397,-0.0001387281636365145
187400,0.017294632270932198,0.04819071781821549,-3.688532656431198,4.4554474e-07,0.0,0.08576786518096924,-0.00020684794611702806
187600,0.02852417528629303,0.10381108811125159,-3.6885287523269654,3.0934808e-07,0.0,0.07302099466323853,-0.00014725402416042587
187800,0.008053984493017197,0.027866728184744716,-3.6885232627391815,2.9563904e-07,0.0,0.017394840717315674,-0.0001528758098960914
188000,0.005680034402757883,0.01575530783738941,-3.688523197174072,3.0100344e-07,0.0,0.04745292663574219,-0.00014036251465938677
188200,0.009537222795188427,0.011738345213234424,-3.6885280847549438,1.6510486e-07,0.0,0.13582801818847656,-9.302451427106728e-05
188400,0.004947979003190994,0.014120122813619674,-3.688530069589615,3.9488077e-07,0.0,0.004241824150085449,-0.0001889030709696815
188600,0.016430053859949112,0.03839784725569188,-3.6885241091251375,3.4093858e-07,0.0,-0.014346003532409668,-0.00017568489865869009
188800,0.029260672628879547,0.036985428119078276,-3.6885321199893952,4.2140488e-07,0.0,-0.004647731781005859,-0.00019403534498856344
189000,0.005330249201506376,0.02473695408552885,-3.6885380506515504,1.7285346e-07,0.0,0.16017550230026245,-0.000106135056020773
189200,0.0017700322205200791,0.006435883359517902,-3.688537299633026,2.6643278e-07,0.0,0.07977300882339478,-0.00014652604588776262
189400,0.004665181040763855,0.01506601161090657,-3.6885257601737975,3.7908555e-07,0.0,0.1903747320175171,-0.00018496397227920624
189600,0.02376430109143257,0.06984113855287433,-3.6885205507278442,2.682209e-07,0.0,0.009758293628692627,-0.00013038204537150211
189800,0.006456730421632528,0.01614015509840101,-3.6885261833667755,2.7805567e-07,0.0,-0.014655113220214844,-0.00014299897130882756
190000,0.029661988839507103,0.06336301551200449,-3.6885279178619386,3.2365324e-07,0.0,0.15774768590927124,-0.00015726732044618608
190200,0.008231843821704388,0.02362466431222856,-3.6885092675685884,4.23789e-07,0.0,0.07441043853759766,-0.0001912903215766093
190400,0.0102717699483037,0.03414606167934835,-3.6885112106800078,3.3318994e-07,0.0,0.050301432609558105,-0.0001579788469830312
190600,0.003818779718130827,0.009649233298841865,-3.688507950305939,2.5510786e-07,0.0,-0.05520284175872803,-0.0001328361173887016
190800,0.014461691491305828,0.01885637785308063,-3.6885060489177706,5.7756904e-07,0.0,0.253520667552948,-0.00024583827468267484
191000,0.024712596088647842,0.03219425580464304,-3.68850000500679,3.6686657e-07,0.0,0.15305614471435547,-0.00017231549307461513
191200,0.01671391725540161,0.03986450084485114,-3.6884873807430267,3.2275918e-07,0.0,0.016594409942626953,-0.00015490225453891339
191400,0.0186440572142601,0.05395589796826243,-3.688481307029724,2.5063753e-07,0.0,0.052081167697906494,-0.0001275133040220977
191600,0.0058982595801353455,0.00961678425082937,-3.688487184047699,2.8908252e-07,0.0,0.020606815814971924,-0.00014242184813655355
191800,0.006790404673665762,0.020120923616923393,-3.68847479224205,3.7759543e-07,0.0,0.19683802127838135,-0.00016744340156401582
192000,0.018935682252049446,0.04968035337515175,-3.688489443063736,2.7507542e-07,0.0,0.08325821161270142,-0.0001425747267045363
192200,0.003430545562878251,0.015224396903067827,-3.688483548164368,3.0338765e-07,0.0,0.14699864387512207,-0.00016919989686288163
192400,0.005107344593852758,0.010461049375589938,-3.688488173484802,2.8789043e-07,0.0,0.18888777494430542,-0.00015607950837908112
192600,0.008702443912625313,0.014001254411414265,-3.6884734988212586,2.065301e-07,0.0,0.15435290336608887,-0.00011080978056150492
192800,0.016614146530628204,0.039104341296479106,-3.68848237991333,6.151199e-07,0.0,0.04724079370498657,-0.0002536975317607437
193000,0.0072297570295631886,0.01873701303265989,-3.688480830192566,2.7745963e-07,0.0,0.08131247758865356,-0.00014133718537436834
193200,0.011251739226281643,0.033699200069531796,-3.688475775718689,2.3424624e-07,0.0,0.09019917249679565,-0.00011741055505467556
193400,0.006130793131887913,0.013864948530681431,-3.6884795308113096,4.1335818e-07,0.0,0.244367778301239,-0.00018478077685415428
193600,0.024463968351483345,0.044280106527730824,-3.6884679436683654,4.0501357e-07,0.0,0.0699995756149292,-0.00018592163838286878
193800,0.012719660066068172,0.03953671860508621,-3.688478648662567,3.436208e-07,0.0,0.19564974308013916,-0.00014810636528602705
194000,0.026224935427308083,0.08146447017788887,-3.6884705245494844,2.8818846e-07,0.0,0.06301486492156982,-0.00014706099022041564
194200,0.007920009084045887,0.01865067381877452,-3.688479095697403,2.5063753e-07,0.0,0.06045931577682495,-0.00014978790285329334
194400,0.007422333583235741,0.012411455053370445,-3.688475650548935,4.0531157e-07,0.0,0.1293540596961975,-0.00018706670339465603
194600,0.010117226280272007,0.030569476634263994,-3.688479685783386,2.95341e-07,0.0,0.07712095975875854,-0.00014638130362594205
194800,0.03157772868871689,0.038569445721805096,-3.688488507270813,2.7805567e-07,0.0,0.08545702695846558,-0.00014549301997428542
195000,0.0035267979837954044,0.010543433332350105,-3.688483339548111,4.348159e-07,0.0,-0.07092404365539551,-0.00019984713803887776
195200,0.030497703701257706,0.06273046182468534,-3.688470584154129,3.4809113e-07,0.0,0.0185164213180542,-0.000176324128302896
195400,0.011158599518239498,0.021006956323981286,-3.6884618401527405,5.6326394e-07,0.0,0.05314195156097412,-0.00022684165752047126
195600,0.008975210599601269,0.020161838131025435,-3.688463735580444,5.373359e-07,0.0,-0.0627976655960083,-0.00021948158112321535
195800,0.012141221202909946,0.02152282518800348,-3.688471782207489,4.1097402e-07,0.0,0.05616813898086548,-0.00017131459534317495
196000,0.011946703307330608,0.023448740364983678,-3.6884712994098665,4.0024517e-07,0.0,0.1611132025718689,-0.0001625578841043307
196200,0.03911387547850609,0.0604618652141653,-3.688470244407654,2.682209e-07,0.0,0.07400083541870117,-0.00013386026723662958
196400,0.004010255914181471,0.011862559802830219,-3.6884765207767485,2.6524066e-07,0.0,-0.07874226570129395,-0.00014525410398243954
196600,0.01432881597429514,0.04272245632018894,-3.688477224111557,2.616644e-07,0.0,0.10911226272583008,-0.00014617772404363906
196800,0.0047874003648757935,0.01195539862383157,-3.6884681224822997,2.542138e-07,0.0,0.1190410852432251,-0.00011747020852374002
197000,0.010316728614270687,0.023274070594925433,-3.6884729266166687,2.0086765e-07,0.0,0.13659697771072388,-0.00010768158746237156
197200,0.011898688040673733,0.02701097570825368,-3.688463044166565,2.9563904e-07,0.0,0.15517520904541016,-0.00013129482427758353
197400,0.014305554330348969,0.026556581491604447,-3.6884686768054964,3.1501054e-07,0.0,-0.014113545417785645,-0.00014619793684742533
197600,0.024318203330039978,0.04098788723349571,-3.6884745955467224,2.6494266e-07,0.0,0.15426945686340332,-0.0001410098679514249
197800,0.011773674748837948,0.026389231986831872,-3.688473665714264,4.786253e-07,0.0,0.06810593605041504,-0.00022868652809961975
198000,0.007667966187000275,0.015745351370424033,-3.688482940196991,4.2170285e-07,0.0,0.09727698564529419,-0.0001832152146390653
198200,0.046998582780361176,0.08959381310269236,-3.688499855995178,1.8596648e-07,0.0,0.1149786114692688,-0.00010234503432071662
198400,0.012277605012059212,0.03446025098673999,-3.6884936809539797,3.7372112e-07,0.0,0.032450854778289795,-0.00017527319535883822
198600,0.011800216510891914,0.01780179167399183,-3.688503497838974,3.4302474e-07,0.0,0.19827544689178467,-0.0001554301615352749
198800,0.01288538333028555,0.026066248840652406,-3.6885016202926635,3.4868717e-07,0.0,0.05094701051712036,-0.00015762390928331094
199000,0.028140060603618622,0.04502859809435904,-3.688503122329712,2.6673078e-07,0.0,0.1871635913848877,-0.00013460415524502167
199200,0.01717202365398407,0.03057481851428747,-3.688491952419281,4.3183564e-07,0.0,0.08780157566070557,-0.00018303811393520774
199400,0.02068023569881916,0.06379022728651762,-3.6884880542755125,3.397465e-07,0.0,-0.06604516506195068,-0.00015638115645264517
199600,0.006915234494954348,0.016613694094121455,-3.6884921729564666,3.7908555e-07,0.0,0.20523959398269653,-0.00016729595529270115
199800,0.011003758758306503,0.027023591054603457,-3.688493776321411,4.222989e-07,0.0,0.010332286357879639,-0.0001831361957103983
200000,0.02008765935897827,0.04388708425685763,-3.6884934484958647,2.8401612e-07,0.0,0.10354495048522949,-0.00015138789956444242
