timestep,loss,value_loss,entropy_loss,approx_kl,clip_fraction,explained_variance,policy_gradient_loss
200,,,,,,,
400,0.08104593306779861,0.16453338898718356,-3.6888758838176727,2.7656554e-07,0.0,-16.533714294433594,-0.0001894874876894659
600,0.07183077931404114,0.1442946096882224,-3.688873440027237,2.6524066e-07,0.0,-14.011022567749023,-0.00015629556004079782
800,0.05745901167392731,0.11176148243248463,-3.68887283205986,3.6686657e-07,0.0,-8.394776344299316,-0.00021014267192924762
1000,0.06353317201137543,0.12040092069655657,-3.6888721108436586,3.486872e-07,0.0,-21.36260414123535,-0.00018444690098933235
1200,0.04820308834314346,0.10105734188109636,-3.688871681690216,4.2349103e-07,0.0,-13.383785247802734,-0.00020744308803251067
1400,0.04438263550400734,0.08674804419279099,-3.6888717830181124,5.289912e-07,0.0,-40.07219314575195,-0.0002728993298785953
1600,0.04626097157597542,0.08887046109884977,-3.688870984315872,3.4123659e-07,0.0,-38.14224624633789,-0.00021840435350442
1800,0.03790735825896263,0.08179170973598957,-3.6888705790042877,2.604723e-07,0.0,-65.80430603027344,-0.00015117842047449593
2000,0.041673388332128525,0.07454264629632235,-3.688870757818222,3.811717e-07,0.0,-16.142860412597656,-0.00020020052895404207
2200,0.03582601994276047,0.07328618504106998,-3.688869076967239,5.9753654e-07,0.0,-11.657684326171875,-0.00028359806497884054
2400,0.03289547190070152,0.06623870860785246,-3.6888684034347534,4.0352344e-07,0.0,-13.679483413696289,-0.00020028975718102692
2600,0.024666931480169296,0.0625240882858634,-3.6888678133487702,3.7372112e-07,0.0,-13.500544548034668,-0.00017677718299500267
2800,0.022518184036016464,0.055488999001681805,-3.6888669431209564,6.300211e-07,0.0,-14.919760704040527,-0.000248390554798783
3000,0.02555580623447895,0.05231831632554531,-3.688865715265274,4.0411948e-07,0.0,-24.088003158569336,-0.0002027921679597311
3200,0.02259686589241028,0.04460150841623545,-3.688864541053772,2.8818846e-07,0.0,-10.12932014465332,-0.00014989121256951953
3400,0.020968936383724213,0.036880771489813925,-3.6888642728328707,5.0336126e-07,0.0,-11.422002792358398,-0.0002501051737738624
3600,0.013325536623597145,0.03333304501138627,-3.6888625979423524,5.2571295e-07,0.0,-13.649962425231934,-0.00025587046031796403
3800,0.012297029606997967,0.03323733750730753,-3.688861918449402,4.968047e-07,0.0,-17.453872680664062,-0.00025575087934703866
4000,0.015176410786807537,0.029504814371466636,-3.688860845565796,8.2552435e-07,0.0,-7.364506721496582,-0.0003235862838346204
4200,0.013198623433709145,0.027197304042056204,-3.688860869407654,4.5359135e-07,0.0,-17.886009216308594,-0.0002480941792737168
4400,0.01106497272849083,0.02548668864183128,-3.6888598561286927,4.133582e-07,0.0,-21.981014251708984,-0.00018042919148075764
4600,0.008357864804565907,0.019619236048310996,-3.6888606548309326,4.646182e-07,0.0,-62.636627197265625,-0.00022045005944710817
4800,0.00878674816340208,0.018968927091918886,-3.688860011100769,3.9815905e-07,0.0,-30.289701461791992,-0.00022474010229796005
5000,0.005110007710754871,0.01597738836426288,-3.6888601303100588,4.8100947e-07,0.0,-12.834795951843262,-0.00020248904794559764
5200,0.005801602266728878,0.013975548790767789,-3.688860315084457,7.814169e-07,0.0,-35.515987396240234,-0.00032155752546600966
5400,0.00534506980329752,0.013410734431818127,-3.6888583302497864,4.6283006e-07,0.0,-44.67652893066406,-0.00017876368909583996
5600,0.004752621054649353,0.01063036429695785,-3.6888578832149506,5.069375e-07,0.0,-47.99196243286133,-0.0002581356774843391
5800,0.0041593750938773155,0.00924053625203669,-3.6888559818267823,5.230308e-07,0.0,-48.17320251464844,-0.0002557377522965698
6000,0.0025476908776909113,0.007287076662760228,-3.688854533433914,6.914139e-07,0.0,-34.91377639770508,-0.00027102644726091364
6200,0.002558129606768489,0.006181799212936312,-3.688852232694626,5.719066e-07,0.0,-13.626399993896484,-0.00022447927040842864
6400,0.0016456437297165394,0.005087665712926537,-3.688851672410965,5.4180623e-07,0.0,-31.133342742919922,-0.00024568247840557335
6600,0.0009363599237985909,0.004319415747886524,-3.6888501763343813,1.0675192e-06,0.0,-31.74713134765625,-0.00035208231996533004
6800,0.0006009982316754758,0.0036186681885737927,-3.688850909471512,8.031726e-07,0.0,-34.3473014831543,-0.0003076151643471081
7000,0.0007626945152878761,0.0029748110100626945,-3.6888500690460204,4.8011543e-07,0.0,-22.76967430114746,-0.0002398754942515069
7200,0.0006164474179968238,0.002347576868487522,-3.6888502657413484,2.968311e-07,0.0,-36.41819763183594,-0.0001740342517528415
7400,1.0807299986481667e-05,0.0017688623600406572,-3.688851010799408,5.2988526e-07,0.0,-11.433947563171387,-0.0002935486123492481
7600,0.00018939122674055398,0.001505761477164924,-3.6888508260250092,4.044175e-07,0.0,-7.539207458496094,-0.0002010974140916888
7800,-3.652903251349926e-05,0.0013270268435007892,-3.6888527393341066,6.5803533e-07,0.0,-7.790136337280273,-0.00023075392989015952
8000,-0.0001877627510111779,0.000996477043372579,-3.68885338306427,4.10378e-07,0.0,-9.329955101013184,-0.00021291292347598302
8200,-0.00020652200328186154,0.0008287656237371266,-3.6888529777526857,3.6269427e-07,0.0,-9.914193153381348,-0.00020791388829320966
8400,-8.941846317611635e-05,0.0007718545661191456,-3.6888516902923585,3.6984682e-07,0.0,-6.7223968505859375,-0.00019523826206082617
8600,-5.5396638344973326e-05,0.0005790915929537732,-3.68884961605072,2.9087067e-07,0.0,-7.253559112548828,-0.00014761793585420512
8800,-0.00017109533655457199,0.0005463569446874317,-3.6888495206832888,3.9905308e-07,0.0,-15.921388626098633,-0.00021161135936984544
9000,-0.00039179492159746587,0.0004402307691634633,-3.688849741220474,2.8461218e-07,0.0,-6.949389457702637,-0.0001611245857842558
9200,-0.00021380549878813326,0.00033995805060840214,-3.6888494789600372,3.349781e-07,0.0,-3.5497097969055176,-0.0001820469644808087
9400,-0.00032761896727606654,0.0002784487118333345,-3.688850051164627,3.7163494e-07,0.0,-3.4335813522338867,-0.00019857014598345657
9600,-0.00025424041086807847,0.0002527348999137757,-3.688849598169327,3.9696693e-07,0.0,-2.9004759788513184,-0.0002085405785560379
9800,-0.0003659625072032213,0.00018130665266653524,-3.688849318027496,2.9861926e-07,0.0,-2.626962423324585,-0.00018797938565633386
10000,-0.00017271672550123185,0.0002204644230005215,-3.6888480186462402,2.7924776e-07,0.0,-2.27762770652771,-0.00015102799039314884
10200,-0.0002912147610913962,0.00019215432712371694,-3.688846784830093,5.295873e-07,0.0,-1.7850165367126465,-0.00021361999456352975
10400,-0.00017763352661859244,0.00014884315933159087,-3.688847464323044,2.5659799e-07,0.0,-1.0780572891235352,-0.0001532172461596204
10600,-0.00032987259328365326,0.00013287946003401885,-3.6888485133647917,4.976988e-07,0.0,-1.0415568351745605,-0.00024039135332487582
10800,-0.00039588066283613443,8.536072746210266e-05,-3.68884699344635,3.308058e-07,0.0,-0.8966414928436279,-0.00017042346319557923
11000,-0.00012003853044006974,0.0001155089386884356,-3.6888477325439455,2.3126603e-07,0.0,-0.7506495714187622,-0.00012383869238448143
11200,-0.00042025925358757377,0.000105701984193729,-3.688846004009247,3.322959e-07,0.0,-0.8750044107437134,-0.00015576009491837794
11400,-0.00018156744772568345,0.00012825446283386553,-3.688846802711487,2.0623206e-07,0.0,-1.4700815677642822,-0.00012341511981492915
11600,-0.00038748246151953936,7.864148656153703e-05,-3.6888478338718413,2.7984382e-07,0.0,-0.9133378267288208,-0.0001520422990954895
11800,-0.0003247557324357331,7.603231006214628e-05,-3.688845533132553,3.120303e-07,0.0,-0.4951143264770508,-0.00016601835332683557
12000,-0.00038814314757473767,5.2768604291486554e-05,-3.6888464093208313,3.0457974e-07,0.0,-1.1863133907318115,-0.00016230265022501022
12200,-0.0005428162403404713,9.0177443689754e-05,-3.6888451278209686,4.3421983e-07,0.0,-0.7574466466903687,-0.00022631250183735574
12400,-0.0002459042298141867,7.995198211574461e-05,-3.688845431804657,2.014637e-07,0.0,-1.1217117309570312,-0.00010724759032019194
12600,-0.0002436629729345441,6.150732506284839e-05,-3.688846355676651,2.6345253e-07,0.0,-1.3289148807525635,-0.00016416770278822047
12800,-0.00015081460878718644,5.9456165672600036e-05,-3.6888456881046294,2.4944543e-07,0.0,-0.8650799989700317,-0.00013765008766449815
13000,-0.00010976936755469069,5.272927296573471e-05,-3.6888444781303407,2.69115e-07,0.0,-1.0513265132904053,-0.00013919721499564553
13200,-0.0004488718695938587,5.735676531912759e-05,-3.688843530416489,3.376603e-07,0.0,-0.6340949535369873,-0.00016645813024820377
13400,-0.00035600762930698693,4.500709610510967e-05,-3.6888419091701508,3.397465e-07,0.0,-0.9313948154449463,-0.00016015596882787975
13600,-0.00010377079161116853,5.592656880253344e-05,-3.6888439655303955,1.9013882e-07,0.0,-1.667393445968628,-9.951336710072312e-05
13800,-0.0003317962109576911,7.629685387655627e-05,-3.6888446152210235,3.1501054e-07,0.0,-0.7962009906768799,-0.0001694504379534556
14000,-0.0004802725452464074,5.598802890744991e-05,-3.6888429820537567,3.3259394e-07,0.0,-0.7995003461837769,-0.00016378432464900783
14200,-0.00027368104201741517,6.864968854642939e-05,-3.688844603300095,2.6971102e-07,0.0,-1.052926778793335,-0.00014648394210901028
14400,-0.00019221025286242366,6.272465170695796e-05,-3.6888446509838104,1.8775462e-07,0.0,-0.789366602897644,-0.0001234673570370326
14600,-0.00019622643594630063,4.271548555152549e-05,-3.6888428568840026,2.1487475e-07,0.0,-1.361293077468872,-0.00011970215248455763
14800,-0.0003296809154562652,7.767154829707579e-05,-3.688842403888702,2.449751e-07,0.0,-1.0187642574310303,-0.0001280072179642877
15000,-0.00039602621109224856,6.0003467024216664e-05,-3.688839465379715,3.451109e-07,0.0,-0.5411581993103027,-0.0001829307502227373
15200,-0.0005494161159731448,5.025170366934617e-05,-3.6888375639915467,4.8011543e-07,0.0,-0.5781815052032471,-0.0002067482233992557
15400,-0.00033968198113143444,4.873537018283969e-05,-3.6888366401195527,2.5659799e-07,0.0,-0.9321134090423584,-0.00012893187913811665
15600,-0.0003163016517646611,3.635784205471282e-05,-3.6888342022895815,3.9994717e-07,0.0,-0.37579548358917236,-0.00019111686972861364
15800,-0.0004950907896272838,4.307785902710748e-05,-3.6888342440128326,3.486872e-07,0.0,-0.4597902297973633,-0.00017889547240748093
16000,-0.0003359429829288274,4.198056230961811e-05,-3.6888339281082154,2.3931264e-07,0.0,-1.0391123294830322,-0.00013180418722789078
16200,-0.0003995414881501347,5.771603900939226e-05,-3.688833403587341,3.1560657e-07,0.0,-0.5081127882003784,-0.00014290167354125138
16400,-0.0004420066543389112,6.069524615668342e-05,-3.688833349943161,3.3706428e-07,0.0,-0.6828864812850952,-0.00017638805380171263
16600,-0.0006031056400388479,3.808060746450792e-05,-3.688832038640976,5.957484e-07,0.0,-0.5656970739364624,-0.0002373699978559296
16800,-0.000349523063050583,5.3439789735421075e-05,-3.6888310253620147,3.513694e-07,0.0,-1.321608304977417,-0.0001787792014817935
17000,-0.00023616349790245295,4.2035066599055426e-05,-3.688829755783081,2.8729437e-07,0.0,-0.6369568109512329,-0.0001407932172750259
17200,-0.000400346441892907,3.907873642674531e-05,-3.688830292224884,3.8504598e-07,0.0,-0.6963231563568115,-0.00018801559608121464
17400,-0.00022554356837645173,5.2836866780126e-05,-3.688829928636551,2.5719405e-07,0.0,-1.0332696437835693,-0.00012677745574205535
17600,-0.00030212319688871503,2.8559103066072565e-05,-3.688827097415924,2.7090312e-07,0.0,-1.4692680835723877,-0.00014782465995848425
17800,-0.00022200506646186113,5.281130888761254e-05,-3.6888298630714416,2.8699637e-07,0.0,-1.0604562759399414,-0.00014323030384870704
18000,-0.0003779520047828555,3.719246956279676e-05,-3.6888303399085998,3.3050776e-07,0.0,-1.6693203449249268,-0.00013378626126007154
18200,-0.0002791886799968779,3.2109575204231075e-05,-3.6888300359249113,3.7074088e-07,0.0,-1.1464440822601318,-0.00016869467452287345
18400,-0.0004775524139404297,4.7630445260438135e-05,-3.688829380273819,4.2915343e-07,0.0,-1.1232564449310303,-0.00018314603087197235
18600,-0.0003573889844119549,5.6881114187490314e-05,-3.6888286471366882,3.4958126e-07,0.0,-0.953161358833313,-0.0001783379595530654
18800,-0.0002972277288790792,6.749804697392392e-05,-3.6888286650180815,2.670288e-07,0.0,-0.9630000591278076,-0.0001372608382348428
19000,-0.00015952036483213305,7.684625170440995e-05,-3.688827729225159,4.1395424e-07,0.0,-0.42443180084228516,-0.0001979317974890593
19200,-0.0004403789935167879,5.8400632042321377e-05,-3.688830089569092,3.3229588e-07,0.0,-0.9455556869506836,-0.0001660128540651118
19400,-0.00023362052161246538,3.88764075069048e-05,-3.688828831911087,3.4779308e-07,0.0,-1.3764724731445312,-0.00014586070275468543
19600,-0.0003495829296298325,5.302974977894337e-05,-3.6888285338878632,3.5732987e-07,0.0,-0.4303065538406372,-0.00018705858230960715
19800,-0.00030361616518348455,5.055443616583943e-05,-3.688829255104065,2.7894973e-07,0.0,-0.7951725721359253,-0.00014939539932266044
20000,-0.00010169184679398313,3.5831006266562325e-05,-3.688824987411499,3.0606986e-07,0.0,-0.8249026536941528,-0.0001299530710854757
20200,-0.00015402001736219972,3.9397752516379114e-05,-3.6888260304927827,2.2679566e-07,0.0,-1.482649326324463,-0.00012121017333857064
20400,-0.0004338619764894247,4.9190767458640036e-05,-3.688823914527893,2.4646522e-07,0.0,-0.5345510244369507,-0.00013388542043969444
20600,-0.0005260888719931245,4.1870564018609e-05,-3.688825249671936,3.4749507e-07,0.0,-1.2634198665618896,-0.0001554506953664214
20800,-0.00030376482754945755,3.9033528128129544e-05,-3.688823127746582,2.4944543e-07,0.0,-0.9778817892074585,-0.00015593108654456955
21000,-0.0003811533679254353,5.8592466120899187e-05,-3.6888234853744506,2.7030705e-07,0.0,-0.8615833520889282,-0.00016085544717361344
21200,-0.0004524698306340724,8.558057379559614e-05,-3.6888221204280853,4.4465068e-07,0.0,-0.4029592275619507,-0.00021632061935932255
21400,-0.0001536408090032637,4.84265878185397e-05,-3.6888223469257353,2.580881e-07,0.0,-0.6630411148071289,-0.000137378425685597
21600,-0.00043679907685145736,5.268432569209836e-05,-3.6888220965862275,3.4064055e-07,0.0,-0.4879617691040039,-0.00017323181078519046
21800,-0.0002094496157951653,5.900532678424497e-05,-3.688821589946747,3.167987e-07,0.0,-0.3746345043182373,-0.00015709231801515068
22000,-0.00047501770313829184,3.5668953159984085e-05,-3.688820642232895,3.07858e-07,0.0,-0.6650664806365967,-0.00016372520526539703
22200,-0.00026230793446302414,5.5313651137112176e-05,-3.6888220965862275,3.1203035e-07,0.0,-0.6982247829437256,-0.00016105072171876956
22400,-0.00028354517417028546,7.800526218488812e-05,-3.6888244688510894,3.8981437e-07,0.0,-0.6149991750717163,-0.0001674854564117867
22600,-0.0002564387978054583,4.028865810141724e-05,-3.688824063539505,2.1636487e-07,0.0,-1.161907434463501,-0.00011831365255152715
22800,-0.0005090785562060773,2.8695508581222386e-05,-3.6888222277164457,4.902482e-07,0.0,-0.44122159481048584,-0.00021541574662851116
23000,-0.000536870677024126,5.512442821782315e-05,-3.688823813199997,4.2021276e-07,0.0,-0.348114013671875,-0.0002141777583420712
23200,-0.0003595286689233035,3.828973713098094e-05,-3.6888219237327577,2.667308e-07,0.0,-0.6647292375564575,-0.00013432807413686908
23400,-0.00027416576631367207,4.420428881530824e-05,-3.6888248324394226,2.4437904e-07,0.0,-0.7009463310241699,-0.0001321880816539056
23600,-0.0003549309039954096,4.4470934835771916e-05,-3.6888215005397798,3.7044288e-07,0.0,-0.6431980133056641,-0.00017961813522635595
23800,-0.0004691419599112123,4.315545929785003e-05,-3.6888181269168854,3.6925078e-07,0.0,-0.37999463081359863,-0.00018259366339344884
24000,-0.0003235747863072902,3.981403065154154e-05,-3.68882075548172,2.4437907e-07,0.0,-0.9449130296707153,-0.0001053666836908218
24200,-0.0003533252456691116,2.6725265706772915e-05,-3.6888182699680327,4.74751e-07,0.0,-0.41034817695617676,-0.00018208980564253795
24400,-0.0003327570448163897,5.018381034460617e-05,-3.688816863298416,3.5881996e-07,0.0,-0.22765612602233887,-0.00017001311414368558
24600,-0.0003333522181492299,5.888895266252803e-05,-3.6888177752494813,4.3183564e-07,0.0,-0.5110352039337158,-0.00019495724917404367
24800,-0.00038068514550104737,2.7352373149369668e-05,-3.6888180315494536,2.8789043e-07,0.0,-0.9870818853378296,-0.00016461771720202023
25000,-0.0003731907345354557,3.773779640141584e-05,-3.6888193607330324,3.5732984e-07,0.0,-0.7462387084960938,-0.00016173330026374443
25200,-0.00033028380130417645,2.4344857888536352e-05,-3.6888189733028414,3.1143426e-07,0.0,-1.2635498046875,-0.00016038048873712185
25400,-0.0006094472482800484,7.026927878541755e-05,-3.6888157427310944,5.236268e-07,0.0,-0.5204819440841675,-0.00023954630600213632
25600,-0.0003816386451944709,4.7601255118934205e-05,-3.688816773891449,3.2871964e-07,0.0,-0.7262250185012817,-0.00013486573081018528
25800,-0.0003281561366748065,3.467125779934577e-05,-3.6888133943080903,2.8908252e-07,0.0,-0.238000750541687,-0.00015666987708633505
26000,-0.0004789405793417245,2.90221398245194e-05,-3.688817173242569,3.257394e-07,0.0,-0.8509409427642822,-0.00018055836810968451
26200,-0.0002747999969869852,3.6558014426191224e-05,-3.688817048072815,2.989173e-07,0.0,-0.8021283149719238,-0.00015527833970674365
26400,-0.000364096078556031,3.180491175953648e-05,-3.6888163149356843,3.218651e-07,0.0,-0.5270767211914062,-0.00017763067788747477
26600,-0.00020532398775685579,3.792177585637546e-05,-3.6888171195983888,1.9907951e-07,0.0,-0.6991676092147827,-0.00012318792158376722
26800,-0.00036915933014824986,2.5204651069543616e-05,-3.688817447423935,3.308058e-07,0.0,-0.8758859634399414,-0.00017467141122065044
27000,-0.0004035299934912473,4.3151588397449816e-05,-3.688816398382187,4.4435262e-07,0.0,-0.434436559677124,-0.00019973507496353626
27200,-0.000356477772584185,2.8179827859275973e-05,-3.68881579041481,2.8371812e-07,0.0,-1.1314215660095215,-0.00015638194151972317
27400,-0.00019267507013864815,3.507186552269559e-05,-3.6888139665126802,2.5510786e-07,0.0,-0.5442409515380859,-0.00014661711437720105
27600,-0.0003055174311157316,3.0440548925980693e-05,-3.6888107538223265,2.6792287e-07,0.0,-0.2990727424621582,-0.00012790062211252007
27800,-0.00024186924565583467,4.7726902630529365e-05,-3.6888082027435303,2.8073788e-07,0.0,-0.30782902240753174,-0.0001434916705240541
28000,-0.0002998469863086939,2.0363831367831153e-05,-3.688805955648422,2.479553e-07,0.0,-1.1876428127288818,-0.00013216887548219146
28200,-0.0004010204575024545,2.667959699920175e-05,-3.688805693387985,2.989173e-07,0.0,-0.928437352180481,-0.00015456731727010454
28400,-0.0002976973191834986,4.784035436387057e-05,-3.688808673620224,2.9325486e-07,0.0,-0.5575251579284668,-0.000138997197103774
28600,-0.00042860046960413456,4.2117356224480317e-05,-3.6888069808483124,3.9964914e-07,0.0,-0.22314214706420898,-0.00020392424630726324
28800,-0.00012966894428245723,2.21323426330855e-05,-3.688808101415634,1.9967555e-07,0.0,-0.696064829826355,-0.00011291116427851744
29000,-0.0004316485719755292,3.773331691263593e-05,-3.6888122856616974,3.3259394e-07,0.0,-0.5682792663574219,-0.0001808258935348306
29200,-0.00034653302282094955,4.507128651312087e-05,-3.6888072729110717,3.528595e-07,0.0,-0.3790515661239624,-0.00016925370871856416
29400,-0.0003358839894644916,2.8354632900118303e-05,-3.6888035416603087,2.7865173e-07,0.0,-0.42453837394714355,-0.0001458130110639999
29600,-0.0003149301337543875,3.491583552204247e-05,-3.6888042032718658,3.8564204e-07,0.0,-0.4563196897506714,-0.00018014215020443203
29800,-0.0004984383122064173,5.3872361422691026e-05,-3.688803517818451,3.659725e-07,0.0,-0.16679978370666504,-0.00018375438600037874
30000,-0.0004059181665070355,8.335847214766546e-05,-3.688803881406784,2.6702878e-07,0.0,-0.11701250076293945,-0.00013966116314332311
30200,-0.0003162813954986632,3.5094187205686465e-05,-3.688802582025528,4.0739775e-07,0.0,-0.1511751413345337,-0.00018884046628664386
30400,-0.000413049099734053,2.9511311299756927e-05,-3.6888049244880676,3.775954e-07,0.0,-0.3730642795562744,-0.0001703100515159317
30600,-0.00024061255680862814,3.306402686575893e-05,-3.688804793357849,2.7626754e-07,0.0,-0.40223729610443115,-0.00013911116135272293
30800,-0.00020656603737734258,5.0619950798136415e-05,-3.6888021767139434,3.2156706e-07,0.0,-0.17555224895477295,-0.00017607954178675556
31000,-0.00018161612388212234,3.071573978559172e-05,-3.6888060867786407,2.8878452e-07,0.0,-0.4574028253555298,-0.00012809716287347505
31200,-0.0005646520876325667,2.271485482197022e-05,-3.6888022840023043,4.5210123e-07,0.0,-0.27821946144104004,-0.0002291635444580553
31400,-0.00031249818857759237,3.9942837474882253e-05,-3.6888026118278505,2.2679566e-07,0.0,-0.3346264362335205,-0.00013944872493141248
31600,-0.000554481172002852,5.4930261921981585e-05,-3.6888010144233703,3.772974e-07,0.0,-0.05441081523895264,-0.0002040527900788902
31800,-0.0004322797467466444,4.0067641202767844e-05,-3.688799965381622,3.492832e-07,0.0,-0.21652519702911377,-0.00018531899109301974
32000,-0.00030998181318864226,2.9358113442867763e-05,-3.6888006806373594,2.810359e-07,0.0,-0.23913812637329102,-0.00015498736321843952
32200,-0.00048569554928690195,2.7502969192028105e-05,-3.6887987196445464,3.0696393e-07,0.0,-0.20050430297851562,-0.00014152872648853787
32400,-0.0005264144274406135,1.769541577232303e-05,-3.6887989342212677,3.2573936e-07,0.0,-0.5011731386184692,-0.0001884380576432143
32600,-0.0005808249698020518,3.878317106682516e-05,-3.688796430826187,4.5359135e-07,0.0,-0.14199471473693848,-0.00022463004361170658
32800,-0.000526764546521008,3.451865113675012e-05,-3.6887930631637573,5.2750113e-07,0.0,-0.10852253437042236,-0.00021558998605373248
33000,-0.00044300261652097106,2.5377490237588064e-05,-3.688791698217392,3.772974e-07,0.0,-0.25357747077941895,-0.0002007793499505972
33200,-0.000301746535114944,4.432397954587941e-05,-3.6887901961803435,2.926588e-07,0.0,-0.20452594757080078,-0.00014965356431679845
33400,-0.0003658080822788179,2.7661166359393975e-05,-3.6887859106063843,3.6537648e-07,0.0,-0.18366873264312744,-0.0001703455291999001
33600,-0.0005085401353426278,5.6110331843228775e-05,-3.688783645629883,4.0531157e-07,0.0,-0.08458232879638672,-0.00019960856532978964
33800,-0.0003741317195817828,3.259976197114156e-05,-3.688782674074173,2.5779008e-07,0.0,-0.13224852085113525,-0.00014222243480039866
34000,-0.000492958992253989,7.096568242559442e-05,-3.688778293132782,3.9219856e-07,0.0,-0.07333588600158691,-0.0002144788205492909
34200,-0.00028127944096922874,3.122415914731391e-05,-3.688776695728302,4.1216612e-07,0.0,-0.11156773567199707,-0.00019089664957050445
34400,-0.00045850645983591676,2.3477196191379334e-05,-3.6887816429138183,3.7640334e-07,0.0,-0.1883096694946289,-0.00020510549899812602
34600,-0.0004505911492742598,3.3693960540404076e-05,-3.688777756690979,3.7789346e-07,0.0,-0.04886364936828613,-0.00017762589586185485
34800,-0.0003342233248986304,2.8810769254050684e-05,-3.68878014087677,3.659725e-07,0.0,-0.047083497047424316,-0.00018454255903617157
35000,-0.00045366567792370915,1.835963048506528e-05,-3.6887818336486817,3.749132e-07,0.0,-0.11388647556304932,-0.00016811684510606995
35200,-0.00048098640399985015,3.3946202893275765e-05,-3.6887803792953493,4.029274e-07,0.0,-0.04485726356506348,-0.00017590013138004678
35400,-0.0004996548523195088,2.0938828947691944e-05,-3.6887783825397493,4.595518e-07,0.0,-0.07255673408508301,-0.00022674542842542332
35600,-0.0005463348934426904,2.798903833536315e-05,-3.6887793064117433,4.452467e-07,0.0,-0.05692410469055176,-0.00021360070196969617
35800,-0.00038422184297814965,1.8489975013835645e-05,-3.688776832818985,3.400445e-07,0.0,-0.15536952018737793,-0.00019081366800328682
36000,-0.0005165963666513562,4.9595934069657235e-05,-3.688777059316635,3.749132e-07,0.0,-0.05655479431152344,-0.00017457114223971005
36200,-0.00039716591709293425,4.122579994145781e-05,-3.688779777288437,3.2484533e-07,0.0,-0.016560792922973633,-0.0001877205507930746
36400,-0.0005712896236218512,3.579284684747108e-05,-3.6887774050235747,3.787875e-07,0.0,-0.06730318069458008,-0.00019982498190165843
36600,-0.0004380618629511446,2.7926572647629656e-05,-3.6887763679027556,2.6971102e-07,0.0,-0.060648202896118164,-0.00015290877930365098
36800,-0.0005602051969617605,2.06952941880445e-05,-3.688773602247238,4.0620566e-07,0.0,-0.09470605850219727,-0.00021842630385222607
37000,-0.000451890955446288,2.6625999112184218e-05,-3.688772886991501,4.670024e-07,0.0,-0.08040547370910645,-0.00023163011751465846
37200,-0.00032855727476999164,1.4361483931679685e-05,-3.688771218061447,2.6911496e-07,0.0,-0.11513674259185791,-0.00015687325914239824
37400,-0.00036936369724571705,1.9700145162460104e-05,-3.6887729346752165,2.6017426e-07,0.0,-0.09271490573883057,-0.00015406191361715392
37600,-0.0003653643070720136,2.1886117838221254e-05,-3.6887709319591524,2.1934508e-07,0.0,-0.06008327007293701,-0.00013045131529031416
37800,-0.00040185716352425516,2.674481024769193e-05,-3.6887756407260897,3.635883e-07,0.0,-0.08606112003326416,-0.00020766250805217545
38000,-0.0005008374573662877,3.9753855890012343e-05,-3.688773274421692,3.400445e-07,0.0,0.0035494565963745117,-0.00019598387663234408
38200,-0.0004690430941991508,4.059224170305242e-05,-3.6887682557106016,5.2392477e-07,0.0,0.01839238405227661,-0.0002453914274858082
38400,-0.0003692524041980505,1.7962372953661544e-05,-3.6887696981430054,3.4093856e-07,0.0,-0.0038373470306396484,-0.0001889531321022764
38600,-0.00025426200591027737,2.1687031903638854e-05,-3.6887707710266113,4.503131e-07,0.0,-0.04476892948150635,-0.00019124504812566555
38800,-0.00025173366884700954,1.8205854689767876e-05,-3.688773065805435,3.4600495e-07,0.0,-0.04003477096557617,-0.00017549533523126827
39000,-0.000245296600041911,2.347186828046688e-05,-3.6887756645679475,2.6792287e-07,0.0,-0.08534872531890869,-0.00013936669343674878
39200,-0.0004708084452431649,2.6242238254781115e-05,-3.688772404193878,3.3020973e-07,0.0,0.025146782398223877,-0.0001776682570145738
39400,-0.0003207115223631263,3.1104029540074406e-05,-3.688775372505188,3.1232832e-07,0.0,-0.03295469284057617,-0.0001564148356267836
39600,-0.0004017520695924759,1.5904167389635405e-05,-3.6887749075889587,2.2619963e-07,0.0,0.027563929557800293,-0.00013280345778843294
39800,-0.0006469712243415415,2.494104619472637e-05,-3.688773137331009,4.0024517e-07,0.0,-0.015153288841247559,-0.0001858374467133217
40000,-0.0008437202195636928,1.5279141030077882e-05,-3.68877295255661,7.390976e-07,0.0,-0.022580981254577637,-0.00030382917044287084
40200,-0.0003619924536906183,2.661292228367529e-05,-3.6887735545635225,4.330277e-07,0.0,0.013627588748931885,-0.00019672846719254178
40400,-0.00040240882663056254,1.328543523868575e-05,-3.6887748897075654,3.3020973e-07,0.0,-0.01595759391784668,-0.00015873013437208705
40600,-0.0004602462868206203,3.346949288243195e-05,-3.6887743771076202,3.2663345e-07,0.0,0.0415688157081604,-0.00018184917441522175
40800,-0.0005162287852726877,2.7553466770768865e-05,-3.6887741088867188,3.904104e-07,0.0,0.016562938690185547,-0.00021406466879450025
41000,-0.00041836994932964444,3.314351683911809e-05,-3.688772016763687,2.1904708e-07,0.0,0.03592026233673096,-0.00014261841226204108
41200,-0.000526225077919662,1.911259853386582e-05,-3.688770192861557,3.1292439e-07,0.0,-0.010290145874023438,-0.00015257895784852592
41400,-0.0004883901565335691,1.8169692248193313e-05,-3.6887676775455476,4.7534704e-07,0.0,0.020632624626159668,-0.00020018991208918812
41600,-0.0005475373473018408,2.83509247310576e-05,-3.688769465684891,3.2395127e-07,0.0,-0.01637864112854004,-0.00015637330856622668
41800,-0.0004598255909513682,5.421176429081243e-05,-3.688763827085495,3.9041043e-07,0.0,0.0216372013092041,-0.00021214941234324325
42000,-0.00015119129966478795,2.27998971922716e-05,-3.6887661039829256,2.5123356e-07,0.0,0.05096638202667236,-0.00013067853481516512
42200,-0.0003979978209827095,5.547755563384271e-05,-3.6887612521648405,3.874302e-07,0.0,0.06840258836746216,-0.0001981583444664814
42400,-0.00044552856707014143,4.091882410648395e-05,-3.688760036230087,4.2140485e-07,0.0,0.08122271299362183,-0.00021116781181604872
42600,-0.0003297399962320924,2.7990242324449353e-05,-3.6887575149536134,3.5643575e-07,0.0,0.045228660106658936,-0.00018238517587383375
42800,-0.0004342681495472789,4.485563231355627e-05,-3.6887557089328764,2.4229288e-07,0.0,-0.06113457679748535,-0.00014168658961875025
43000,-0.00040584467933513224,1.8840142979570372e-05,-3.6887569963932036,3.8772822e-07,0.0,-0.026245951652526855,-0.00020970632789398813
43200,-0.0006145505467429757,4.059711432091717e-05,-3.688756173849106,3.9219856e-07,0.0,-0.0346827507019043,-0.0002083283879952713
43400,-0.000569330935832113,2.2061717027099802e-05,-3.688759523630142,3.1381845e-07,0.0,0.03170418739318848,-0.00020354881995103823
43600,-0.0004958848003298044,3.365342290635453e-05,-3.6887574017047884,3.761053e-07,0.0,0.06700003147125244,-0.00018496924002633363
43800,-0.0005318511393852532,2.1611583792946477e-05,-3.688757997751236,5.5134296e-07,0.0,0.08437603712081909,-0.00019925184446321076
44000,-0.00035465590190142393,2.6424454063089797e-05,-3.688751882314682,2.9802322e-07,0.0,-0.030492305755615234,-0.00014807361500084325
44200,-0.00048476667143404484,4.05428540034336e-05,-3.6887580871582033,4.8547986e-07,0.0,0.044748902320861816,-0.000213713757234979
44400,-0.00035241569275967777,5.76591189201281e-05,-3.6887519359588623,3.6418436e-07,0.0,0.04774242639541626,-0.00017985631582462247
44600,-0.00026852538576349616,4.834279006900033e-05,-3.688756650686264,3.2842158e-07,0.0,0.07893049716949463,-0.0001726129945213817
44800,-0.000506774231325835,1.5100854602678737e-05,-3.6887556970119477,4.6104194e-07,0.0,0.0660819411277771,-0.00022954072120973112
45000,-0.0003282650141045451,2.2918921467862673e-05,-3.68875253200531,3.3915043e-07,0.0,0.133772075176239,-0.000177891044637013
45200,-0.000434118410339579,1.5552937361462683e-05,-3.6887507259845735,3.7282706e-07,0.0,0.025719642639160156,-0.00019823415488979813
45400,-0.0006565970252268016,2.5051307011381142e-05,-3.6887515783309937,3.0308962e-07,0.0,0.04280412197113037,-0.000165203147586257
45600,-0.00029786970117129385,1.4312122766568791e-05,-3.688750946521759,2.8043985e-07,0.0,0.030450284481048584,-0.0001554531369829526
45800,-0.0003876908158417791,1.8344232626077427e-05,-3.688748377561569,3.185868e-07,0.0,-0.06529903411865234,-0.0001786182088110877
46000,-0.0004954885225743055,2.5713896366141854e-05,-3.6887451827526094,2.8520822e-07,0.0,-0.026369571685791016,-0.00018118661809001234
46200,-0.0004470349522307515,3.9907839800434884e-05,-3.6887448906898497,2.0474195e-07,0.0,-0.007037639617919922,-0.00013078883245096762
46400,-0.0004942671512253582,2.163479020964587e-05,-3.6887520432472227,4.2706728e-07,0.0,0.05966979265213013,-0.00022349620356361123
46600,-0.0003868324856739491,6.875660292280373e-05,-3.6887474238872526,2.3275615e-07,0.0,0.08690959215164185,-0.00013447289101815586
46800,-0.0004607764130923897,1.79433189714473e-05,-3.6887474775314333,2.3454427e-07,0.0,0.11595475673675537,-0.00015295041654916908
47000,-0.00023003974638413638,1.850673831995664e-05,-3.6887367248535154,3.0398368e-07,0.0,-0.06341838836669922,-0.0001627836682488337
47200,-0.0003832514921668917,1.4072454450797523e-05,-3.6887413799762725,3.4958123e-07,0.0,0.021801888942718506,-0.0001851714037331309
47400,-0.00023851300647947937,2.4333655073860427e-05,-3.6887437045574187,2.7358533e-07,0.0,-0.0901716947555542,-0.0001515468957779209
47600,-0.00047792663099244237,1.6964441988420732e-05,-3.6887388646602632,3.46303e-07,0.0,-0.09800553321838379,-0.000168620556552046
47800,-0.00025202619144693017,1.783110001269961e-05,-3.688743048906326,3.257394e-07,0.0,-0.05463075637817383,-0.0001714059851551597
48000,-0.0005449080490507185,2.5920563984982437e-05,-3.6887400805950166,3.6865472e-07,0.0,-0.007628440856933594,-0.000189495556806607
48200,-0.0004599651729222387,2.4483909123773627e-05,-3.688736742734909,4.36604e-07,0.0,0.12278658151626587,-0.00022998712900603734
48400,-0.00045206869253888726,2.229903641364217e-05,-3.688741672039032,3.8057564e-07,0.0,0.11644852161407471,-0.0001834163156531732
48600,-0.00040984759107232094,1.3641797590935311e-05,-3.68873553276062,3.620982e-07,0.0,-0.11722862720489502,-0.00018979674676300462
48800,-0.0003691763267852366,1.6680783528499887e-05,-3.6887390315532684,3.0457974e-07,0.0,-0.10542178153991699,-0.00015908810508507009
49000,-0.0004807672812603414,4.529030120465904e-05,-3.6887450933456423,3.147125e-07,0.0,0.03173738718032837,-0.00016107997271592734
49200,-0.0005351375439204276,4.653029445762513e-05,-3.6887457191944124,3.6865472e-07,0.0,0.05591893196105957,-0.0001873651285431599
49400,-0.0002765425306279212,2.0123964350204915e-05,-3.6887473702430724,3.9964914e-07,0.0,0.07613217830657959,-0.00021305248173488777
49600,-0.0005103239673189819,1.3137419273334672e-05,-3.6887437999248505,4.3392183e-07,0.0,0.040947139263153076,-0.00020867261198760368
49800,-0.0005190708907321095,2.02654623080889e-05,-3.688742208480835,3.4302474e-07,0.0,-0.02748119831085205,-0.00017067406230568681
50000,-0.00042637126171030104,1.9646071450551972e-05,-3.6887453973293303,3.8325788e-07,0.0,-0.01318204402923584,-0.0001673766227815676
50200,-0.0004735255497507751,3.58443900495331e-05,-3.688743084669113,3.6507845e-07,0.0,0.06063729524612427,-0.0001894742629141355
50400,-0.0004995009512640536,2.449846265335509e-05,-3.6887443125247956,3.20673e-07,0.0,0.0772131085395813,-0.00020442795990880392
50600,-0.00045250580296851695,2.0939646083206755e-05,-3.688748675584793,3.4183262e-07,0.0,0.03322172164916992,-0.00017580189484793783
50800,-0.0005851183668710291,2.9254201172079776e-05,-3.688745266199112,4.1067602e-07,0.0,-0.0018427371978759766,-0.00020264412392045905
51000,-0.00036742823431268334,3.2466136099174035e-05,-3.688748335838318,2.631545e-07,0.0,0.09895938634872437,-0.00014997297711374368
51200,-0.0002904287539422512,1.862949616224796e-05,-3.6887449741363527,2.9921532e-07,0.0,-0.06049013137817383,-0.000147977121004228
51400,-0.000554444850422442,1.3093466009195254e-05,-3.6887486577033997,4.065037e-07,0.0,-0.025115013122558594,-0.00017807966608103244
51600,-0.0004527942801360041,2.970774658024311e-05,-3.6887426912784576,3.5762787e-07,0.0,-0.12949609756469727,-0.00018857854640008664
51800,-0.00039543784805573523,3.130763311673945e-05,-3.6887401401996613,3.1650066e-07,0.0,-0.02807486057281494,-0.00016534033505131163
52000,-0.00045070931082591414,2.2924571112525882e-05,-3.688741981983185,4.3302776e-07,0.0,-0.05665600299835205,-0.00021250227774682884
52200,-0.0007153520127758384,2.9451972159222352e-05,-3.688747000694275,4.5627354e-07,0.0,0.09307068586349487,-0.00021241745270117462
52400,-0.0005065701552666724,2.4472581390000415e-05,-3.6887469708919527,3.570318e-07,0.0,-0.08047723770141602,-0.00018074318648222398
52600,-0.00016410840908065438,2.3911123344078077e-05,-3.6887489199638366,3.46601e-07,0.0,0.050692617893218994,-0.000176002533498254
52800,-0.0004323585599195212,2.5961330084101065e-05,-3.6887478947639467,3.373623e-07,0.0,0.038109540939331055,-0.0001984981470037006
53000,-0.00026830556453205645,2.482186614543025e-05,-3.6887480080127717,2.5480986e-07,0.0,0.05277937650680542,-0.00015435142865942718
53200,-1.739936851663515e-05,1.5334091358454316e-05,-3.6887486219406127,1.7613172e-07,0.0,-0.24072515964508057,-0.00010252012200009374
53400,-0.0005762451910413802,1.6283342324641127e-05,-3.688749873638153,3.3676625e-07,0.0,-0.03650081157684326,-0.0001955427384826791
53600,-0.00038611821946687996,2.1552386056100658e-05,-3.6887507677078246,3.272295e-07,0.0,-0.002383112907409668,-0.00018745885128044205
53800,-0.0003707631549332291,2.5646167705417612e-05,-3.688737523555756,3.436208e-07,0.0,4.184246063232422e-05,-0.000179899915331605
54000,-0.00044612231431528926,2.0815191192014026e-05,-3.688751882314682,3.308058e-07,0.0,-0.10208213329315186,-0.00018406776420998305
54200,-0.0007769574876874685,3.3698819424898827e-05,-3.6887383460998535,5.337596e-07,0.0,0.08786475658416748,-0.00024380826250445243
54400,-0.00041246897308155894,1.6564797147111675e-05,-3.688739854097366,5.9872866e-07,0.0,0.15815961360931396,-0.00024264664955740144
54600,-0.0004031481221318245,1.687586041043687e-05,-3.6887369036674498,3.3468007e-07,0.0,0.06579029560089111,-0.00018041964929580435
54800,-0.0005822913371957839,1.933931530402333e-05,-3.68874329328537,3.808737e-07,0.0,0.044822752475738525,-0.00019722995057258608
55000,-0.0007419552421197295,1.8863564037019387e-05,-3.6887372970581054,4.8965217e-07,0.0,-0.02885913848876953,-0.00021477193359391577
55200,-0.0005267972592264414,2.4993606757561793e-05,-3.6887414753437042,4.246831e-07,0.0,0.07041603326797485,-0.0002114885300131819
55400,-0.00044756499119102955,5.6311031767108946e-05,-3.6887408196926117,4.0799378e-07,0.0,0.0934554934501648,-0.00020887896771085713
55600,-0.0005487852613441646,1.6550425289096893e-05,-3.6887442409992217,3.3646822e-07,0.0,0.11100947856903076,-0.00017009401340404296
55800,-0.0004071465227752924,2.1403680307230388e-05,-3.688738852739334,4.0024517e-07,0.0,0.07647114992141724,-0.00019590795035586694
56000,-0.0005757820326834917,2.4932433370850048e-05,-3.688737964630127,2.759695e-07,0.0,0.07582032680511475,-0.0001702966242955961
56200,-0.0004884974914602935,2.5802440904953983e-05,-3.688742905855179,3.063679e-07,0.0,-0.032619476318359375,-0.0001866555822325422
56400,-0.00032182870199903846,2.686546386030386e-05,-3.688744479417801,3.0010938e-07,0.0,-0.07662558555603027,-0.000155763448241264
56600,-0.0003548603563103825,2.435647957099718e-05,-3.6887445986270904,3.8534404e-07,0.0,0.1563715934753418,-0.0002028992770887861
56800,-0.00036352171446196735,1.455473141049879e-05,-3.688739335536957,3.9875508e-07,0.0,-0.19659841060638428,-0.0002088335522473672
57000,-0.00040207552956417203,2.6889357013715198e-05,-3.6887331664562226,4.833937e-07,0.0,0.1350395679473877,-0.00022415977522450837
57200,-0.0006240666261874139,4.2988394625353976e-05,-3.688735842704773,4.336238e-07,0.0,-0.0013499259948730469,-0.0002108664224099499
57400,-0.00019114719179924577,2.6941924352286152e-05,-3.6887410938739777,2.5480986e-07,0.0,0.13036417961120605,-0.00012215876614367626
57600,-0.0005353628657758236,3.611123715927533e-05,-3.688732922077179,4.1514636e-07,0.0,0.005824387073516846,-0.00021737647715749375
57800,-0.00044726268970407546,3.222534323867876e-05,-3.688731646537781,4.7594307e-07,0.0,-0.004765033721923828,-0.00022986058833045496
58000,-0.0005543582956306636,3.363729679222161e-05,-3.6887360394001005,2.9742716e-07,0.0,0.026982486248016357,-0.00016477924658744313
58200,-0.0005618042778223753,3.077001142628433e-05,-3.6887308418750764,4.091859e-07,0.0,0.02036285400390625,-0.00023500736232828778
58400,-0.0003054195549339056,2.7157529666510526e-05,-3.688730466365814,4.261732e-07,0.0,0.02873671054840088,-0.00020642662724390526
58600,-0.000628793379291892,1.8686734256334604e-05,-3.68872846364975,4.2140482e-07,0.0,0.06473875045776367,-0.0002282274357455094
58800,-0.000516052998136729,1.944583370914188e-05,-3.6887312650680544,3.620982e-07,0.0,0.1226799488067627,-0.0001976814908446922
59000,-0.00029666253249160945,3.25552515732852e-05,-3.6887315213680267,2.9385092e-07,0.0,0.1440725326538086,-0.00014696679161261273
59200,-0.00016744036111049354,5.778732793260133e-05,-3.6887231945991514,2.6285647e-07,0.0,0.05237138271331787,-0.00013452507514825074
59400,-0.00034957745810970664,1.6631496623631393e-05,-3.6887351334095,2.5093556e-07,0.0,-0.16709363460540771,-0.0001395120588987331
59600,-0.00044464837992563844,3.792480852098379e-05,-3.6887328565120696,3.966689e-07,0.0,0.009916543960571289,-0.00019323340055609205
59800,-0.0003235377953387797,3.307698489152244e-05,-3.6887369811534882,2.554059e-07,0.0,-0.06902050971984863,-0.00013934890949962586
60000,-0.0005484724533744156,3.771804995267303e-05,-3.688733273744583,3.4153462e-07,0.0,0.04322659969329834,-0.00019395533312809298
60200,-0.00037745494046248496,2.7298483155391294e-05,-3.6887341916561125,3.3468007e-07,0.0,-0.08888638019561768,-0.00019943538347355627
60400,-0.00038020024658180773,1.6416883045167197e-05,-3.688728874921799,3.147125e-07,0.0,0.018433868885040283,-0.00015057076597830844
60600,-0.00044007302494719625,1.6471453886879316e-05,-3.688728415966034,4.285574e-07,0.0,0.008045077323913574,-0.0001990667725263684
60800,-0.000430989486631006,3.653329408734862e-05,-3.688730525970459,3.3795834e-07,0.0,0.09270405769348145,-0.00018843432638369074
61000,-0.0003935793647542596,2.066177030428662e-05,-3.688734608888626,3.314018e-07,0.0,0.03556084632873535,-0.00017309430284063733
61200,-0.00031732465140521526,2.734144618443679e-05,-3.6887346625328066,2.6524066e-07,0.0,0.008673906326293945,-0.00015748800162941335
61400,-0.00039655505679547787,4.083511121280026e-05,-3.688734471797943,3.2633542e-07,0.0,0.02291858196258545,-0.0001802819527317645
61600,-0.0005878927186131477,1.7818299693317385e-05,-3.688738280534744,3.0875205e-07,0.0,-0.2212047576904297,-0.00017483216450635551
61800,-0.00022719328990206122,1.856623935054813e-05,-3.6887300074100495,3.451109e-07,0.0,0.02612227201461792,-0.00017355270703944825
62000,-0.0002702882047742605,4.741978509628098e-05,-3.688728952407837,3.4689904e-07,0.0,0.08580851554870605,-0.00017947168121246193
62200,-0.0004911053110845387,2.8632986959564734e-05,-3.688722777366638,4.4971705e-07,0.0,0.07679671049118042,-0.00023508369868112665
62400,-0.00032872596057131886,1.909448099013389e-05,-3.68872207403183,2.798438e-07,0.0,0.04100292921066284,-0.00015464646326903697
62600,-0.00043171999277547,1.2778747714037308e-05,-3.688726097345352,3.6031008e-07,0.0,0.037377119064331055,-0.0001838978237375777
62800,-0.0005346414400264621,5.16805922416097e-05,-3.688714015483856,3.156066e-07,0.0,0.005539834499359131,-0.00019260694076366213
63000,-0.0004980357480235398,3.1493166625296e-05,-3.688725805282593,4.1425227e-07,0.0,0.088351309299469,-0.00020285585663077922
63200,-0.0004758682334795594,2.178947188440361e-05,-3.6887208819389343,3.6656854e-07,0.0,0.12462836503982544,-0.00021988827668737443
63400,-0.00047509922296740115,1.639551642256265e-05,-3.6887208938598635,4.017353e-07,0.0,0.04397237300872803,-0.00021444032369052345
63600,-0.0005210346425883472,2.072344834687101e-05,-3.6887222290039063,3.6746263e-07,0.0,-0.1042412519454956,-0.0002040798370331609
63800,-0.00040740525582805276,2.5919089284798247e-05,-3.688725954294205,2.8192997e-07,0.0,-0.07300400733947754,-0.00016334532887278818
64000,-0.0003449661307968199,1.1440875005064299e-05,-3.6887252032756805,3.248453e-07,0.0,-0.09034085273742676,-0.0001615054149858519
64200,-0.0003767806920222938,4.6538549304386835e-05,-3.688721013069153,3.8027764e-07,0.0,0.007766366004943848,-0.0002104195070256276
64400,-0.0003852618974633515,4.375460657684016e-05,-3.688724637031555,3.7282706e-07,0.0,0.0666772723197937,-0.000214964927407435
64600,-0.0006889981450513005,2.433330680560175e-05,-3.6887274503707888,4.4494868e-07,0.0,-0.004450321197509766,-0.00021879967686413426
64800,-0.00033351322053931653,4.638310447262484e-05,-3.688724732398987,4.416704e-07,0.0,-0.006949067115783691,-0.00022145572294864912
65000,-0.0004367974470369518,2.7466301617096178e-05,-3.688724625110626,4.3034552e-07,0.0,-0.004943370819091797,-0.00020649984420646473
65200,-0.0003259436343796551,2.108347437115299e-05,-3.6887254536151888,2.577901e-07,0.0,0.015155434608459473,-0.00012499739120601648
65400,-0.0002621336898300797,3.6747910007761676e-05,-3.6887271225452425,2.8192997e-07,0.0,-0.01458740234375,-0.00016474767223154108
65600,-0.0002771704166661948,2.7314123099131393e-05,-3.68873051404953,3.2633545e-07,0.0,0.06647670269012451,-0.00018523539283181733
65800,-0.0003158151521347463,5.660347833327251e-05,-3.6887336909770965,2.1070241e-07,0.0,0.00680619478225708,-0.00012177706628235807
66000,-0.00025443604681640863,3.746407251128403e-05,-3.6887253165245055,2.43783e-07,0.0,0.054625630378723145,-0.00012191960789831313
66200,-0.0005552998627535999,1.3277719949655875e-05,-3.6887320816516875,3.6001202e-07,0.0,0.02385944128036499,-0.00020743541261039055
66400,-0.0005032119224779308,2.6235065661239787e-05,-3.688729816675186,3.6746263e-07,0.0,0.02778315544128418,-0.00016258846247891868
66600,-0.0003371163329575211,2.2398212468033308e-05,-3.688725918531418,3.0308962e-07,0.0,0.09494644403457642,-0.00016028820001972032
66800,-0.00024429900804534554,2.2785476357967126e-05,-3.6887260735034944,3.1918285e-07,0.0,0.10605311393737793,-0.0001780457512202016
67000,-0.0005665136268362403,3.324560962028045e-05,-3.6887302160263062,3.7163497e-07,0.0,0.05084472894668579,-0.00020560822683819425
67200,-0.0003903365577571094,2.344920180803456e-05,-3.688726896047592,4.2319297e-07,0.0,0.07048344612121582,-0.00022078371025713306
67400,-0.0003384604933671653,2.4688420626262087e-05,-3.6887255012989044,2.7805567e-07,0.0,0.03776884078979492,-0.00014879158132179436
67600,-0.0006570726400241256,2.6497244516576756e-05,-3.688731974363327,4.8846005e-07,0.0,0.08098989725112915,-0.000226908786995228
67800,-0.0005110719357617199,3.472081202744448e-05,-3.6887260377407074,5.1736833e-07,0.0,0.05295485258102417,-0.0002599923599802878
68000,-0.0003480341110844165,1.8009700647780845e-05,-3.688729685544968,2.1100044e-07,0.0,0.09714150428771973,-0.00013675290893480074
68200,-0.0001805024076020345,7.300091865545256e-05,-3.688723075389862,3.6954881e-07,0.0,0.06642884016036987,-0.00018665184069792672
68400,-0.0004764391342177987,2.4520471015421208e-05,-3.6887248694896697,3.2305718e-07,0.0,-0.05206310749053955,-0.00017065617344633744
68600,-0.000330565293552354,3.249661504014512e-05,-3.6887267947196962,3.8981437e-07,0.0,0.06266665458679199,-0.0001785062858070674
68800,-0.00042105381726287305,3.0186041567503707e-05,-3.688732570409775,3.6507845e-07,0.0,0.021804213523864746,-0.00019831612739267256
69000,-0.0006406533066183329,5.0961899887624895e-05,-3.6887232661247253,4.4465065e-07,0.0,0.06897526979446411,-0.00021171507987904903
69200,-0.0004514483152888715,1.8806792968462106e-05,-3.6887287318706514,2.6494263e-07,0.0,-0.0969545841217041,-0.00013821576472574648
69400,-0.0005595990223810077,2.070483672014234e-05,-3.688731110095978,2.5093556e-07,0.0,-0.06312620639801025,-0.0001574448949600571
69600,-0.00040839012945070863,1.3203392677496595e-05,-3.6887272596359253,3.7550927e-07,0.0,-0.13066649436950684,-0.00022515229824584537
69800,-0.0005292188725434244,2.2770282544115617e-05,-3.6887282967567443,3.6180018e-07,0.0,0.016960620880126953,-0.00016728046018217314
70000,-0.0004291827790439129,3.105747791778413e-05,-3.6887250781059264,4.1514636e-07,0.0,0.09313797950744629,-0.000173345357526844
70200,-0.0002920900587923825,2.743310078585637e-05,-3.6887242197990417,2.220273e-07,0.0,0.028999149799346924,-0.00013742748337899346
70400,-0.0003026673512067646,2.0116158316341172e-05,-3.6887282967567443,2.542138e-07,0.0,-0.499619722366333,-0.00014375783518687512
70600,-0.00027814260101877153,1.2381577249698239e-05,-3.688724958896637,2.4735925e-07,0.0,-2.900799512863159,-0.00013614060329238952
70800,-0.0004771144303958863,1.0414748010134644e-05,-3.688724231719971,2.488494e-07,0.0,-2.56392240524292,-0.00015365840400285435
71000,-0.0005707257078029215,7.5246385961236225e-06,-3.6887211322784426,3.951788e-07,0.0,-11.706324577331543,-0.00021962791714216223
71200,-0.0004388834931887686,6.089294817002155e-06,-3.6887239813804626,3.0994414e-07,0.0,-6.260343551635742,-0.00017410986186980893
71400,-0.0004810004320461303,4.727759852585223e-06,-3.68871927857399,3.5315753e-07,0.0,-4.4367523193359375,-0.000201714575309353
71600,-0.00029663837631233037,3.945103958358231e-06,-3.688709628582001,4.4524668e-07,0.0,-7.241716384887695,-0.00021168357089758062
71800,-0.0003643208765424788,3.4938774149395613e-06,-3.68871756196022,2.5749208e-07,0.0,-15.452449798583984,-0.0001277607986839513
72000,-0.00038752853288315237,3.1015392778499518e-06,-3.688714772462845,3.0100347e-07,0.0,-7.942054748535156,-0.0001515045703794904
72200,-0.0006058145081624389,2.9243629228403734e-06,-3.6887099742889404,3.877282e-07,0.0,-5.612313747406006,-0.00020900283802287588
72400,-0.0002529263438191265,2.402709714033335e-06,-3.6887219130992888,4.1186811e-07,0.0,-17.69281768798828,-0.00023162716570710452
72600,-0.00018803677812684327,2.3446821955985796e-06,-3.688715988397598,3.1828878e-07,0.0,-9.285582542419434,-0.00016765236720690525
72800,-0.000387251959182322,2.3823442461434753e-06,-3.6887202203273772,2.7030705e-07,0.0,-47.239715576171875,-0.0001531172880834042
73000,-0.00031132277217693627,2.026253204689965e-06,-3.6887150585651396,1.999736e-07,0.0,-73.29448699951172,-0.00012373838781147838
73200,-0.00040379908750765026,2.2583368860296104e-06,-3.688724380731583,2.8789043e-07,0.0,-27.862060546875,-0.00014947348850622433
73400,-0.00023036716447677463,2.125413277553889e-06,-3.6887259483337402,2.7000902e-07,0.0,-21.469497680664062,-0.00015756875268397864
73600,-0.0003131919074803591,2.066389160404469e-06,-3.6887128055095673,2.2590162e-07,0.0,-43.269779205322266,-0.00014571934277136657
73800,-0.00023986476298887283,1.950789447846546e-06,-3.6887125730514527,3.4719704e-07,0.0,-22.871173858642578,-0.00019042770638850738
74000,-0.0007147026481106877,1.7938705866527017e-06,-3.688714438676834,5.060434e-07,0.0,-30.26177978515625,-0.0002254032353333546
74200,-0.0004146081628277898,1.7885330578337744e-06,-3.6887130796909333,2.8163194e-07,0.0,-9.98459243774414,-0.00015618267606192225
74400,-0.0003972238628193736,1.7993695450968517e-06,-3.688710445165634,3.516674e-07,0.0,-53.74788284301758,-0.00020193560415759926
74600,-0.00041676865657791495,1.7909859394649175e-06,-3.6887107670307158,3.1799078e-07,0.0,-8.858835220336914,-0.00017399395733015411
74800,-0.0004920055507682264,1.7726831487152594e-06,-3.688714098930359,2.7030708e-07,0.0,-30.34035873413086,-0.00014510117471147054
75000,-0.00037459604209288955,1.8764039083407623e-06,-3.6887121379375456,3.412366e-07,0.0,-23.47612762451172,-0.000194500527028707
75200,-0.0003000164870172739,2.1432090306916507e-06,-3.688716012239456,3.308058e-07,0.0,-6.1317138671875,-0.0001637867537069737
75400,-0.00026828577392734587,1.7734144108771943e-06,-3.6887135088443754,1.8686058e-07,0.0,-21.39114761352539,-0.0001066349369668762
75600,-0.00037296360824257135,2.077354000107334e-06,-3.6887128174304964,2.7298927e-07,0.0,-17.115209579467773,-0.0001664287297971856
75800,-0.00027158408192917705,1.8995370822949553e-06,-3.6887114882469176,2.8431418e-07,0.0,-30.3990535736084,-0.0001537247898204419
76000,-0.00015366724983323365,1.8507746489149212e-06,-3.68871123790741,2.3424624e-07,0.0,-8.406984329223633,-0.00014165836663391219
76200,-0.00033035679371096194,1.6934013871150455e-06,-3.6887220203876496,2.0384789e-07,0.0,-26.08325958251953,-0.0001128779056870144
76400,-0.00028478808235377073,1.9443981898348285e-06,-3.6887102246284487,2.2262334e-07,0.0,-36.47483825683594,-0.00013855764067138843
76600,-0.0003741038672160357,1.7900996397202106e-06,-3.688707894086838,4.0113926e-07,0.0,-30.367910385131836,-0.00020064650550671303
76800,-0.0004583863483276218,1.6176783987020827e-06,-3.6887150585651396,3.4093856e-07,0.0,-27.731359481811523,-0.00017122466796536394
77000,-0.00026554096257314086,1.896645062515745e-06,-3.6887106120586397,2.2798777e-07,0.0,-27.381437301635742,-0.00012955202141293754
77200,-0.0006342051783576608,2.0215178210492014e-06,-3.6887037634849547,3.6597254e-07,0.0,-2.6118767261505127,-0.00017879363978476893
77400,-0.00026067494763992727,1.958088276410308e-06,-3.68870490193367,2.3514032e-07,0.0,-8.690449714660645,-0.00013624431200276454
77600,-0.0005341978394426405,2.0075743179859273e-06,-3.6886946618556977,4.416704e-07,0.0,-19.794729232788086,-0.00020452872014530276
77800,-0.0003711511380970478,2.041914950723367e-06,-3.688699847459793,3.4838916e-07,0.0,-14.331890106201172,-0.0001684247486166357
78000,-0.000520639936439693,1.7476769414770387e-06,-3.6886998772621156,3.2275915e-07,0.0,-6.099438190460205,-0.00019950330268181382
78200,-0.00021706739789806306,1.681352591731411e-06,-3.688700038194656,2.4020673e-07,0.0,-12.570920944213867,-0.0001421442032026321
78400,-0.0007475099409930408,2.3896578284166027e-06,-3.6886957228183745,5.593896e-07,0.0,-2.692439317703247,-0.00024123323669549278
78600,-0.0003483956679701805,1.7327574028058735e-06,-3.6887072682380677,2.8699637e-07,0.0,-15.369976043701172,-0.00016560670771841312
78800,-0.0002609867078717798,2.1453364638546192e-06,-3.6887044489383696,3.9696693e-07,0.0,-5.4876837730407715,-0.00022579017364438014
79000,-0.00039948028279468417,2.0725576007407653e-06,-3.6886956989765167,2.5659799e-07,0.0,-6.6584391593933105,-0.00012920098074005183
79200,-0.0005930686602368951,1.9047348928324937e-06,-3.6886978089809417,4.3898822e-07,0.0,-10.05654525756836,-0.00025087737905167274
79400,-0.0005935328081250191,1.746159179560891e-06,-3.6886916399002074,3.5226344e-07,0.0,-16.56065559387207,-0.00021067372406311514
79600,-0.00029736629221588373,2.1522987168509646e-06,-3.6886878192424772,3.144145e-07,0.0,-6.6018571853637695,-0.00017996490171577894
79800,-0.00046636967454105616,1.7155611971020335e-06,-3.6886973142623902,4.3570995e-07,0.0,-21.785898208618164,-0.00022366487947920178
80000,-0.0004382106417324394,1.730284031964402e-06,-3.6887006998062133,2.8669834e-07,0.0,-5.217912673950195,-0.00015353085875231544
80200,-0.0002933134092018008,2.0606609581363957e-06,-3.688699114322662,3.9458274e-07,0.0,-4.215066432952881,-0.00019238060735526918
80400,-0.00041151163168251514,1.8491681771592995e-06,-3.6886960446834562,2.4676325e-07,0.0,-4.854475498199463,-0.0001285825075228786
80600,-0.0002513290964998305,2.0139106084116066e-06,-3.6886891543865206,4.541874e-07,0.0,-17.517587661743164,-0.00018049266911771556
80800,-0.00047103079850785434,1.7764532969977153e-06,-3.6886866688728333,3.2722951e-07,0.0,-14.475956916809082,-0.00018589469887933806
81000,-0.00040244637057185173,1.466816172523977e-06,-3.6886902987957,4.056096e-07,0.0,-21.23945426940918,-0.0002256233693423315
81200,-0.0005034494679421186,1.5143130752903745e-06,-3.6886935949325563,2.935529e-07,0.0,-33.224456787109375,-0.0001641016605326673
81400,-0.00022349080245476216,1.960442216386582e-06,-3.6886905252933504,2.7418136e-07,0.0,-28.5858097076416,-0.00015186887274238893
81600,-0.00042263325303792953,1.757298417714992e-06,-3.688691610097885,3.1590463e-07,0.0,-28.32565689086914,-0.0001868660739852146
81800,-0.00023772074200678617,1.7509027145479195e-06,-3.688687026500702,3.0308962e-07,0.0,-27.59878158569336,-0.0001816075223687097
82000,-0.0002986788749694824,1.8770797140632567e-06,-3.688689810037613,3.248453e-07,0.0,-9.307000160217285,-0.0001496484582636626
82200,-0.0003307267907075584,1.8137827851205656e-06,-3.6886823773384094,2.3156406e-07,0.0,-19.96251106262207,-0.00015378967000969634
82400,-0.0004556342610158026,1.7431757470376397e-06,-3.688687938451767,3.0189753e-07,0.0,-27.10204315185547,-0.0001722864951443248
82600,-0.000447175552835688,1.963919402214742e-06,-3.688682472705841,3.0636787e-07,0.0,-21.731639862060547,-0.00015157872456295074
82800,-0.00033139827428385615,1.6608486305358384e-06,-3.6886924862861634,2.1308662e-07,0.0,-22.714637756347656,-0.0001406471457474856
83000,-0.0006117328885011375,2.0940701205063305e-06,-3.6886849641799926,4.211068e-07,0.0,-1.4608478546142578,-0.00020364174103348898
83200,-0.0003188692207913846,1.975884902094549e-06,-3.688683396577835,3.7640336e-07,0.0,-16.50107192993164,-0.00017278216709337713
83400,-0.000488046498503536,1.728911578879888e-06,-3.688680374622345,3.6925076e-07,0.0,-34.03634262084961,-0.0002024314535844951
83600,-0.0004830153484363109,1.6049823216235382e-06,-3.688686543703079,2.786517e-07,0.0,-32.46564865112305,-0.00017454480472740564
83800,-0.0006478961440734565,1.4913559908791286e-06,-3.68868283033371,3.772974e-07,0.0,-20.189462661743164,-0.0002017520335444001
84000,-0.00061041209846735,1.8386875211717779e-06,-3.6886889934539795,4.1663648e-07,0.0,-26.178606033325195,-0.00021618072638239229
84200,-0.00033782151876948774,1.7595008216630959e-06,-3.688682919740677,2.7090312e-07,0.0,-15.08352279663086,-0.00014827465999621702
84400,-0.0003395579115021974,1.8064858267052841e-06,-3.6886772215366364,3.1739472e-07,0.0,-19.904800415039062,-0.00015682895523900787
84600,-0.0004660192644223571,1.6813385059322173e-06,-3.688684469461441,4.4226647e-07,0.0,-19.31028175354004,-0.00023711573423585986
84800,-0.0005329182022251189,1.6211145464239962e-06,-3.688674509525299,3.72231e-07,0.0,-36.26122283935547,-0.00020983551504878407
85000,-0.0003633614687714726,1.5826367587123969e-06,-3.6886794924736024,4.3064355e-07,0.0,-19.49814796447754,-0.00023637037084267565
85200,-0.00045642475015483797,1.8080560892030918e-06,-3.688681775331497,3.6895275e-07,0.0,-40.21549987792969,-0.00019401903165054967
85400,-0.000617911689914763,1.5195990940242155e-06,-3.688677078485489,4.8339365e-07,0.0,-7.106122016906738,-0.0002358733131840207
85600,-0.00037991825956851244,1.6141358059940102e-06,-3.688676530122757,2.8371812e-07,0.0,-62.3481559753418,-0.00014283984165643914
85800,-0.00041133983177132905,2.0224493397336117e-06,-3.688672888278961,4.3034552e-07,0.0,-4.249596118927002,-0.00019344447434088696
86000,-0.00047330872621387243,2.0918929863000813e-06,-3.688670516014099,4.085898e-07,0.0,-5.371003150939941,-0.0002087840734025015
86200,-0.0005701884510926902,2.0431575876500573e-06,-3.688670253753662,2.774596e-07,0.0,-7.32777214050293,-0.00015194896639609824
86400,-0.0004015498561784625,1.617268566178609e-06,-3.688676518201828,2.935529e-07,0.0,-4.664787769317627,-0.00017406493499176888
86600,-0.000638028490357101,1.7932935236331105e-06,-3.688666558265686,4.482269e-07,0.0,-44.911094665527344,-0.00023367033850252295
86800,-0.0003057275025639683,1.7024057484604781e-06,-3.688672107458115,3.662705e-07,0.0,-18.870622634887695,-0.0001912816911201931
87000,-0.0005881156539544463,1.7652323748507116e-06,-3.6886709332466125,5.149841e-07,0.0,-15.897571563720703,-0.00024270093643952162
87200,-0.0002938549150712788,1.758672703999764e-06,-3.6886705994606017,3.1292439e-07,0.0,-54.228187561035156,-0.00019130040575419117
87400,-0.0004999051452614367,1.508205808420371e-06,-3.6886755347251894,4.9114226e-07,0.0,-9.224712371826172,-0.0002184000601491709
87600,-0.0006904347683303058,1.651346761377681e-06,-3.688667726516724,3.710389e-07,0.0,-32.57119369506836,-0.00017623156287429608
87800,-0.0005585853359661996,1.9362071697059946e-06,-3.6886681437492372,5.0127505e-07,0.0,-3.186403751373291,-0.00024882039434124257
88000,-0.0004091134760528803,1.7134677676722276e-06,-3.688671904802322,2.8163194e-07,0.0,-24.938756942749023,-0.00018287711861377786
88200,-0.00040529153193347156,1.7548387376109531e-06,-3.6886712551116942,3.057718e-07,0.0,-20.343751907348633,-0.00014930115704818724
88400,-0.00045959287672303617,1.6219067219935824e-06,-3.68867364525795,3.0636787e-07,0.0,-17.05624008178711,-0.00019283878267924992
88600,-0.0004454520239960402,2.075108764643119e-06,-3.688670551776886,3.6776066e-07,0.0,-2.6921586990356445,-0.00018032313971195758
88800,-0.0006470982916653156,2.081164569744942e-06,-3.6886620700359343,5.0485136e-07,0.0,-3.8872203826904297,-0.0002593687330274541
89000,-0.0002791642618831247,2.0565853560583493e-06,-3.6886714100837708,1.8626451e-07,0.0,-2.7240192890167236,-0.00011649040067868155
89200,-0.0001841850607888773,1.796681172550052e-06,-3.6886752784252166,2.3573637e-07,0.0,-27.489728927612305,-0.00012449685476032535
89400,-0.0005546595784835517,1.6962299525857815e-06,-3.688661217689514,3.3169982e-07,0.0,-35.434608459472656,-0.0001800495013783987
89600,-0.0004952419549226761,1.824911228709425e-06,-3.6886674523353578,3.2782555e-07,0.0,-27.13820457458496,-0.0001822715249788831
89800,-0.0005047866725362837,1.5623262015651562e-06,-3.6886769592761994,3.4213065e-07,0.0,-11.7832670211792,-0.00018458435798742733
90000,-0.0005775030585937202,1.768971560522914e-06,-3.6886744260787965,4.0590763e-07,0.0,-25.834468841552734,-0.00019671231573397118
90200,-0.00048709125258028507,1.7961278416578351e-06,-3.688675320148468,3.0487774e-07,0.0,-17.961097717285156,-0.00015109434763507234
90400,-0.0005314676673151553,1.4007496432100197e-06,-3.688678902387619,3.4332274e-07,0.0,-22.06142807006836,-0.00018391812447080547
90600,-0.000286117079667747,1.6736819333118546e-06,-3.6886695086956025,3.185868e-07,0.0,-32.65504455566406,-0.00013149240677978735
90800,-0.00018855169764719903,1.473209604796466e-06,-3.688671624660492,2.5004147e-07,0.0,-19.539955139160156,-0.00011978803515901859
91000,-0.0003617216134443879,1.8143465524644854e-06,-3.688676929473877,2.5212765e-07,0.0,-21.72644805908203,-0.0001431858997090085
91200,-0.0006577421445399523,2.121452214964847e-06,-3.6886715650558473,3.644824e-07,0.0,-4.5876545906066895,-0.00019752071792162874
91400,-0.00044935938785783947,1.815329412124811e-06,-3.6886675715446473,5.4121017e-07,0.0,-29.051271438598633,-0.00023397941862435268
91600,-0.0004094619071111083,2.248979646424232e-06,-3.6886646926403044,3.3378603e-07,0.0,-2.9746437072753906,-0.00017511138263466287
91800,-0.00036279388586990535,1.7409391233513815e-06,-3.6886721909046174,2.1785499e-07,0.0,-17.353893280029297,-0.00013937944074178256
92000,-0.00044690442155115306,1.5780832399059363e-06,-3.688660228252411,3.4451486e-07,0.0,-68.64704132080078,-0.0001720538438947816
92200,-0.0007145326235331595,1.3541950352191634e-06,-3.688665360212326,4.6640636e-07,0.0,-15.869918823242188,-0.0002373992192792773
92400,-0.00040238312794826925,1.9638430444501866e-06,-3.688660454750061,2.0980835e-07,0.0,-55.597984313964844,-0.00012705041399692086
92600,-0.00042381658568046987,1.7333010589482e-06,-3.688662576675415,3.480911e-07,0.0,-21.931522369384766,-0.00018878728039384285
92800,-0.00045407601282931864,1.8179191300760067e-06,-3.6886619925498962,3.501773e-07,0.0,-7.973305702209473,-0.00018867348243256643
93000,-0.0005137806874699891,1.8509519122744677e-06,-3.688651132583618,3.388524e-07,0.0,-79.98027801513672,-0.00018508304582143253
93200,-0.000332580937538296,1.7416447008145043e-06,-3.6886573016643522,2.628565e-07,0.0,-24.929935455322266,-0.0001506368510274525
93400,-0.00044415719457902014,1.8448818252636557e-06,-3.6886563897132874,3.9368868e-07,0.0,-34.4959602355957,-0.0001953711195362473
93600,-0.0004080162907484919,1.7181881617034378e-06,-3.688660317659378,3.8504604e-07,0.0,-5.018616199493408,-0.00017260222168795635
93800,-0.0004551984020508826,1.8916660593504275e-06,-3.688650357723236,2.9593707e-07,0.0,-35.41958236694336,-0.0001470871853922695
94000,-0.0006511411047540605,2.0216391305893923e-06,-3.688652586936951,3.5524369e-07,0.0,-5.057005405426025,-0.00020388141286886707
94200,-0.0005587955820374191,1.7210025163194586e-06,-3.6886438846588137,4.154444e-07,0.0,-41.790191650390625,-0.00021862524583271536
94400,-0.0002974715025629848,1.7845977509978183e-06,-3.688655960559845,2.3633241e-07,0.0,-23.90005111694336,-0.0001534152635670971
94600,-0.00038276685518212616,1.4824426983750527e-06,-3.688643825054169,3.4540892e-07,0.0,-55.686790466308594,-0.0001849721079303368
94800,-0.00038035502075217664,1.6289922598389238e-06,-3.688644975423813,2.5421383e-07,0.0,-38.4815559387207,-0.00015234064137120695
95000,-0.0003443468303885311,1.8243107774651436e-06,-3.688639134168625,3.9935114e-07,0.0,-17.81808853149414,-0.00020889222677442643
95200,-0.00040360420825891197,1.5771873279391001e-06,-3.6886528372764587,3.0010938e-07,0.0,-33.32460021972656,-0.00016785866923454406
95400,-0.000492201535962522,1.69370626537102e-06,-3.68863650560379,3.7014482e-07,0.0,-42.811370849609375,-0.00019400858356539709
95600,-0.0003905091143678874,1.6111503839510988e-06,-3.688645029067993,2.8818846e-07,0.0,-16.34043312072754,-0.00016121252630596494
95800,-0.0004569913144223392,1.6909339819903834e-06,-3.6886211693286897,4.0411948e-07,0.0,-31.93651580810547,-0.00021505929553780056
96000,-0.00036018388345837593,1.648454423275325e-06,-3.6886331140995026,3.8176773e-07,0.0,-23.04920196533203,-0.00016148522616048487
96200,-0.0005016195354983211,1.6978488616814503e-06,-3.6886240005493165,4.1663645e-07,0.0,-23.480960845947266,-0.00019940256296127056
96400,-0.0005371202132664621,1.7740055284320988e-06,-3.688634914159775,3.528595e-07,0.0,-9.683497428894043,-0.00018617045848827728
96600,-0.0006210065330378711,2.2201550137879165e-06,-3.688627654314041,4.503131e-07,0.0,-1.5306661128997803,-0.00022408449609727653
96800,-0.0003273907641414553,2.1475719307773035e-06,-3.688626766204834,3.799796e-07,0.0,-2.503598928451538,-0.0001804022700490293
97000,-0.00037539246841333807,1.6357249705833965e-06,-3.6886363506317137,3.1471254e-07,0.0,-24.236160278320312,-0.00018629008495807398
97200,-0.0006830402417108417,1.759913178034367e-06,-3.6886227309703825,4.1365624e-07,0.0,-28.122262954711914,-0.0001904943308083773
97400,-0.0005599592695944011,1.7016072320075182e-06,-3.688639622926712,3.451109e-07,0.0,-28.90873146057129,-0.00020978996905649528
97600,-0.0003112322010565549,1.5470734155087485e-06,-3.688636988401413,3.2335518e-07,0.0,-11.338418006896973,-0.00019010624802739962
97800,-0.00040785837336443365,1.7352218520727546e-06,-3.6886258006095884,3.233552e-07,0.0,-7.842050552368164,-0.0001619881254384836
98000,-0.0006135465227998793,2.370604443058255e-06,-3.6886319279670716,4.273653e-07,0.0,-3.0661792755126953,-0.00022249987719537566
98200,-0.0004092757008038461,1.624996676241608e-06,-3.688644456863403,2.604723e-07,0.0,-26.73876953125,-0.0001467959201022495
98400,-0.00037077756132930517,1.4932534668332665e-06,-3.6886389911174775,3.3140185e-07,0.0,-18.387739181518555,-0.00016282558418652117
98600,-0.0003071063256356865,1.7783542688221131e-06,-3.688640516996384,2.646446e-07,0.0,-23.955062866210938,-0.00016503000197621854
98800,-0.0003241167578380555,1.8392773910136384e-06,-3.6886461198329927,3.027916e-07,0.0,-26.450380325317383,-0.00013967400841079501
99000,-0.00045753814629279077,1.573381265984608e-06,-3.6886433184146883,2.667308e-07,0.0,-21.09394073486328,-0.00014776752967735619
99200,-0.00044311335659585893,1.3440341291470758e-06,-3.6886472582817076,2.9295683e-07,0.0,-15.763959884643555,-0.00017928953554426918
99400,-0.0004599950334522873,1.5973644366340523e-06,-3.6886375725269316,2.8789043e-07,0.0,-52.66519546508789,-0.00016793487985524713
99600,-0.00011219146108487621,1.4171651173455756e-06,-3.6886471569538117,2.1904707e-07,0.0,-18.84710121154785,-0.00012913303152360943
99800,-0.0005836657946929336,1.5729171835232592e-06,-3.6886375725269316,3.3974646e-07,0.0,-13.9891357421875,-0.0001956813113378697
100000,-0.0004155186179559678,1.8242491989894916e-06,-3.688635748624802,3.0815602e-07,0.0,-19.93934440612793,-0.00018744108006524263
100200,-0.0005519468686543405,1.8691848254093201e-06,-3.688643270730972,5.64158e-07,0.0,-3.6137447357177734,-0.00024798293254910673
100400,-0.0005005155107937753,1.4269487266460602e-06,-3.688643974065781,3.6150217e-07,0.0,-28.70732879638672,-0.0001599085626871499
100600,-0.0003780598926823586,1.7388196454248827e-06,-3.688632255792618,3.1024217e-07,0.0,-19.02225112915039,-0.00016310169499615944
100800,-0.0004263186710886657,1.8340914806458386e-06,-3.6886374592781066,3.6865472e-07,0.0,-29.712390899658203,-0.00018145352613968546
101000,-0.0004176827787887305,1.6457494837140985e-06,-3.688636142015457,2.7477742e-07,0.0,-21.1007137298584,-0.00016523826143509667
101200,-0.000479296431876719,1.5312982895920867e-06,-3.688638907670975,2.6166438e-07,0.0,-22.673795700073242,-0.00016926310171061498
101400,-0.00019225425785407424,1.9552345179363328e-06,-3.688633769750595,2.411008e-07,0.0,-19.746442794799805,-0.0001216823754447205
101600,-0.0002894805511459708,1.626573046564772e-06,-3.688648152351379,3.4153462e-07,0.0,-38.567970275878906,-0.00019147883176289237
101800,-0.00027587221120484173,1.381600495165003e-06,-3.6886368572711943,2.43783e-07,0.0,-36.91841506958008,-0.0001367940151957292
102000,-0.0004001776687800884,1.9235029441233563e-06,-3.6886390864849092,2.3901464e-07,0.0,-42.119239807128906,-0.0001570577469593104
102200,-0.0003367351018823683,1.6336002488515078e-06,-3.6886357963085175,2.667308e-07,0.0,-27.002241134643555,-0.0001547317513800328
102400,-0.0005617507849819958,1.9944502781754637e-06,-3.6886338591575623,5.397201e-07,0.0,-2.302111864089966,-0.0002685704301156333
102600,-0.0006945172208361328,1.7195905371636399e-06,-3.688637948036194,4.1246415e-07,0.0,-36.89951705932617,-0.00022364453783891848
102800,-0.00039609454688616097,1.7954332975023136e-06,-3.688627916574478,3.9458274e-07,0.0,-22.492467880249023,-0.00020110842793861217
103000,-0.00046542787458747625,1.727236806914334e-06,-3.6886386394500734,2.4974347e-07,0.0,-38.41162872314453,-0.0001358506016867933
103200,-0.0004551052988972515,1.6265493172795686e-06,-3.688635545969009,4.0709972e-07,0.0,-39.54036331176758,-0.00021971104534146413
103400,-0.00041699520079419017,1.7736427309955615e-06,-3.6886337101459503,2.9593707e-07,0.0,-23.151330947875977,-0.0001539206126749404
103600,-0.0004368838854134083,1.648205181936646e-06,-3.6886341154575346,2.771616e-07,0.0,-15.003362655639648,-0.00014091689876156722
103800,-0.00041392832645215094,1.9461905168327575e-06,-3.688632941246033,3.781915e-07,0.0,-4.460908889770508,-0.00020016983448751803
104000,-0.00036685203667730093,1.5695168201546038e-06,-3.688631111383438,3.498793e-07,0.0,-38.4349250793457,-0.00017057474033599362
104200,-0.0004265375609975308,1.569091782016585e-06,-3.6886272549629213,3.2216312e-07,0.0,-7.455355644226074,-0.0001791510051327716
104400,-0.00030365874408744276,1.8303778858808073e-06,-3.6886206030845643,2.9742716e-07,0.0,-22.30438232421875,-0.0001485346393269582
104600,-0.00043778252438642085,1.969164395632106e-06,-3.6886310338974,2.8431415e-07,0.0,-15.920841217041016,-0.00017297635947057798
104800,-0.0003185688692610711,1.6311562603732454e-06,-3.688633179664612,2.3901464e-07,0.0,-42.45526885986328,-0.00012019747514910862
105000,-0.00042838999070227146,1.539465193900469e-06,-3.688629460334778,3.0249356e-07,0.0,-21.11660385131836,-0.00016933262333760358
105200,-0.0002558761334512383,1.621836881326999e-06,-3.688627952337265,1.2844801e-07,0.0,-19.55549430847168,-9.021775490598571e-05
105400,-0.0004429474356584251,1.6723381804695236e-06,-3.6886278808116915,3.3438207e-07,0.0,-32.096134185791016,-0.00017088193426928466
105600,-0.0006722896359860897,1.823001377943001e-06,-3.688618379831314,4.2438506e-07,0.0,-3.87788724899292,-0.00022883950452112778
105800,-0.00027663150103762746,1.7641456480532724e-06,-3.6886260330677034,2.872944e-07,0.0,-38.0828742980957,-0.0001591618889612789
106000,-0.00044436994357965887,1.6611555977874559e-06,-3.688622069358826,2.5600195e-07,0.0,-26.551149368286133,-0.0001480500997313061
106200,-0.00035056041087955236,1.9880630929947072e-06,-3.6886267006397246,3.5554172e-07,0.0,-2.179633855819702,-0.00017670635785445034
106400,-0.0004020831547677517,1.8389566037058102e-06,-3.6886163711547852,3.5494566e-07,0.0,-21.628026962280273,-0.00019819130096985216
106600,-0.000450309831649065,1.4628863254984025e-06,-3.6886296808719634,4.2021276e-07,0.0,-27.717628479003906,-0.0001947979849572956
106800,-0.00043790985364466906,1.5063238905099752e-06,-3.6886259377002717,3.057718e-07,0.0,-24.3778018951416,-0.0001932893237507227
107000,-0.00031675503123551607,1.7618473492575505e-06,-3.6886259615421295,3.1799078e-07,0.0,-18.526447296142578,-0.00017416509242540457
107200,-0.0005945418961346149,1.9063827750187556e-06,-3.688625305891037,4.890561e-07,0.0,-11.20397663116455,-0.00022657547897324547
107400,-0.0003645004762802273,1.8788264441127468e-06,-3.688626927137375,3.963709e-07,0.0,-16.84111213684082,-0.00017131113925805685
107600,-0.00027678307378664613,1.6351845118833807e-06,-3.6886084496974947,2.4348498e-07,0.0,-24.39222526550293,-0.00014546397209767026
107800,-0.00032846262911334634,1.8600444462890664e-06,-3.6886170983314512,2.2858381e-07,0.0,-7.064664840698242,-0.00012278752075389754
108000,-0.000323374115396291,1.61009442933846e-06,-3.688613224029541,2.5629998e-07,0.0,-20.10091781616211,-0.00015808783581361396
108200,-0.0004996265051886439,1.7670388245960567e-06,-3.6886237442493437,2.604723e-07,0.0,-23.18146514892578,-0.00015646286404402687
108400,-0.0003506238281261176,1.8897877140489073e-06,-3.6886174619197845,3.0219553e-07,0.0,-2.2812612056732178,-0.00016231019809191948
108600,-0.0003636803012341261,1.6405385707685127e-06,-3.6886226415634153,4.0352347e-07,0.0,-30.068742752075195,-0.0002145747838458195
108800,-0.000439895607996732,1.5943721336952876e-06,-3.688617891073227,2.7775764e-07,0.0,-23.089645385742188,-0.00013910238338938897
109000,-0.0005849947920069098,1.8454807360512859e-06,-3.6886192321777345,5.13494e-07,0.0,-8.7257661819458,-0.0002520406841662215
109200,-0.0006973724812269211,1.6232818893513468e-06,-3.688618451356888,4.3839214e-07,0.0,-24.447111129760742,-0.00022967912191411698
109400,-0.00048757067997939885,1.5012026267413602e-06,-3.688617891073227,3.0398368e-07,0.0,-15.71200942993164,-0.000158364230475061
109600,-0.0004590775351971388,1.6773393127778036e-06,-3.6886336624622347,2.6643275e-07,0.0,-14.482778549194336,-0.0001561071051658036
109800,-0.0004382010956760496,1.6458815082387445e-06,-3.6886167883872987,4.36604e-07,0.0,-12.433253288269043,-0.00023181284894393527
110000,-0.0004111024609301239,1.479589317909813e-06,-3.688615435361862,3.0517577e-07,0.0,-7.39493465423584,-0.00015532140288883057
110200,-0.0006206312100403011,1.7058198466202158e-06,-3.688615399599075,4.816055e-07,0.0,-9.414464950561523,-0.00021706425514775863
110400,-0.00016723015869501978,1.74952590441535e-06,-3.6886130928993226,2.5719405e-07,0.0,-16.730213165283203,-0.00012516676616285415
110600,-0.0006295460625551641,1.926838595522895e-06,-3.688606983423233,4.556775e-07,0.0,-2.2451648712158203,-0.0001946900949793662
110800,-0.0004003580252174288,1.9381339427582133e-06,-3.6886113345623017,3.3706428e-07,0.0,-24.776533126831055,-0.0001816171371622044
111000,-0.00029156653909012675,1.7777790077389e-06,-3.6886139094829558,1.9162894e-07,0.0,-19.53618049621582,-0.00012087765212549506
111200,-0.0006726469146087766,1.5966713050374891e-06,-3.68862424492836,5.9753654e-07,0.0,-15.688596725463867,-0.00024453505111091676
111400,-0.00023629704082850367,1.7353674223841154e-06,-3.688612198829651,3.2544136e-07,0.0,-7.109996795654297,-0.00017529891353182948
111600,-0.000425023928983137,1.4505219368743382e-06,-3.6886140644550323,3.4719704e-07,0.0,-6.221538066864014,-0.00017215873296505535
111800,-0.00024684020900167525,1.632001954021689e-06,-3.6886021971702574,3.105402e-07,0.0,-10.330766677856445,-0.0001545131661439214
112000,-0.0004330359515734017,1.58687640947619e-06,-3.6886051118373873,3.0636787e-07,0.0,-32.83940505981445,-0.00017777140563015603
112200,-0.0006240720977075398,1.5832317217245873e-06,-3.6886115074157715,4.3690204e-07,0.0,-32.911659240722656,-0.00024631796042036137
112400,-0.0006338132079690695,1.8480007611287874e-06,-3.688606935739517,4.1216612e-07,0.0,-12.06070613861084,-0.00021340423824742772
112600,-0.0004489238781388849,1.9980254791107656e-06,-3.6886095643043517,2.8550625e-07,0.0,-6.949553966522217,-0.00016800248686017484
112800,-0.0006978125311434269,1.7628572535954844e-06,-3.688612735271454,4.1276218e-07,0.0,-9.794665336608887,-0.00021958998267149755
113000,-0.0003681145317386836,1.6433230911161445e-06,-3.688603812456131,3.862381e-07,0.0,-17.616622924804688,-0.00019187344498459158
113200,-0.000329965929267928,1.8198968191995846e-06,-3.688606160879135,3.4183262e-07,0.0,-5.300904750823975,-0.00017998211751319993
113400,-0.00037841201992705464,2.190797508205833e-06,-3.6886021554470063,3.734231e-07,0.0,-6.702690601348877,-0.00019490563956043873
113600,-0.00048521370626986027,1.802738836431672e-06,-3.6885998010635377,4.014373e-07,0.0,-38.05366897583008,-0.00020442867249625962
113800,-0.00031693902565166354,1.607496184874435e-06,-3.6886051177978514,4.053116e-07,0.0,-19.690336227416992,-0.00021319704419420216
114000,-0.0003790461632888764,1.5256504099170344e-06,-3.6886018991470335,3.5226344e-07,0.0,-34.66297149658203,-0.00018637006094446296
114200,-0.0006002247100695968,1.5468105601712522e-06,-3.6886066675186155,4.482269e-07,0.0,-39.02965545654297,-0.00022218266117941533
114400,-0.0004204522992949933,1.7380832076696605e-06,-3.688614010810852,2.5659799e-07,0.0,-9.269482612609863,-0.00012689586011480625
114600,-0.00022063592041376978,1.7092895149062314e-06,-3.6886095106601715,3.7014485e-07,0.0,-8.35317325592041,-0.00020894289741657524
114800,-0.0003697894571814686,2.0575609539719154e-06,-3.688616704940796,3.6984682e-07,0.0,-8.510507583618164,-0.0001841070939531786
115000,-0.0003226804547011852,1.4854377013762131e-06,-3.688620978593826,3.2216312e-07,0.0,-20.687833786010742,-0.00016681310546582396
115200,-0.00038145380676724017,1.6113256066319082e-06,-3.6886051118373873,3.749132e-07,0.0,-35.63446807861328,-0.00017555151079307052
115400,-0.0003699964436236769,1.7621043610915876e-06,-3.688610237836838,3.3795834e-07,0.0,-4.0829386711120605,-0.00016493705633706667
115600,-0.0005353850428946316,1.7018299217852474e-06,-3.688612002134323,3.6120417e-07,0.0,-39.66447067260742,-0.00020027293216469123
115800,-0.0003717550134751946,1.5554113900861922e-06,-3.6886111557483674,2.9861928e-07,0.0,-24.378833770751953,-0.00017884159728896455
116000,-0.0004603222187142819,1.543503580592187e-06,-3.6886145293712618,3.707409e-07,0.0,-16.700130462646484,-0.0001743449866276503
116200,-0.00046550569823011756,1.4883543684618416e-06,-3.688609254360199,3.0368568e-07,0.0,-44.74427795410156,-0.00016727851508335778
116400,-0.0007551313028670847,1.7344518028039602e-06,-3.688609266281128,5.00679e-07,0.0,-27.432287216186523,-0.00023531362604671812
116600,-0.0004125215928070247,1.2092113905737278e-06,-3.688621383905411,3.97861e-07,0.0,-20.784862518310547,-0.0002248255809188332
116800,-0.00040818919660523534,1.3019565713534576e-06,-3.688618075847626,2.2649765e-07,0.0,-35.563236236572266,-0.00014022539580773596
117000,-0.00031761059653945267,1.574768131717974e-06,-3.6886197149753572,2.4825334e-07,0.0,-18.03401756286621,-0.00013320120478703678
117200,-0.0005668688681907952,1.6761432135581344e-06,-3.6886201024055483,4.011393e-07,0.0,-31.519771575927734,-0.00022221016151244833
117400,-0.0005105366581119597,1.732985018065847e-06,-3.688611942529678,3.7133694e-07,0.0,-12.336418151855469,-0.00020940292121962578
117600,-0.0003901841992046684,1.6127170511026633e-06,-3.6886119842529297,2.2351742e-07,0.0,-27.275531768798828,-0.00013440261735127025
117800,-0.0001749769871821627,1.514885920528286e-06,-3.688627082109451,3.2395124e-07,0.0,-35.95045471191406,-0.0001675532085478215
118000,-0.000502256618347019,1.5363974455340212e-06,-3.6886178851127625,3.4540892e-07,0.0,-33.65187454223633,-0.00016019240044329308
118200,-0.0005519907572306693,1.609125862955807e-06,-3.6886207342147825,4.503131e-07,0.0,-13.314953804016113,-0.00021052865687669619
118400,-0.0004721317091025412,2.116982165034642e-06,-3.688610148429871,2.849102e-07,0.0,-4.242390155792236,-0.00015967285635754003
118600,-0.0004355053824838251,2.1233775726159363e-06,-3.688604897260666,2.7656557e-07,0.0,-5.012700080871582,-0.0001611110265180571
118800,-0.00035213978844694793,1.5988836281621843e-06,-3.6886130452156065,2.810359e-07,0.0,-19.061357498168945,-0.00016479742621751116
119000,-0.0006175109301693738,1.7063674960127173e-06,-3.6886049032211305,4.3272973e-07,0.0,-32.91255569458008,-0.00022707395472980617
119200,-0.00045865814900025725,1.7988756212616864e-06,-3.6885976433753966,3.114343e-07,0.0,-24.821857452392578,-0.00017217746444690983
119400,-0.00024840343394316733,1.6256374436807165e-06,-3.6886123955249785,3.6001205e-07,0.0,-16.487403869628906,-0.00018144245595659304
119600,-0.0006608450785279274,1.8588792244145224e-06,-3.6886012077331545,4.610419e-07,0.0,-5.001336097717285,-0.00022114181473682494
119800,-0.000322845735354349,1.7220361314684851e-06,-3.6886056125164033,3.451109e-07,0.0,-17.331701278686523,-0.00017520216275077605
120000,-0.00035185733577236533,1.7792541427752439e-06,-3.688595598936081,3.3646822e-07,0.0,-26.92844009399414,-0.00018652994981598335
120200,-0.0003062828618567437,1.6990676243722191e-06,-3.6886022210121157,2.7149918e-07,0.0,-16.493497848510742,-0.0001252296788638363
120400,-0.0004871765850111842,1.6348442187563705e-06,-3.6886028230190275,4.526973e-07,0.0,-15.35927963256836,-0.00023171592016106856
120600,-0.00027189921820536256,1.6674865861432409e-06,-3.688600164651871,3.2573936e-07,0.0,-21.216033935546875,-0.00018609406099336922
120800,-0.00040316078229807317,1.7367214326213798e-06,-3.6885967671871187,2.6971102e-07,0.0,-6.284786224365234,-0.00017241868372388502
121000,-0.0003352980420459062,1.5363099947762748e-06,-3.6886049270629884,2.4080276e-07,0.0,-18.568086624145508,-0.0001271383096218326
121200,-0.0003205980465281755,1.460686550558421e-06,-3.688609445095062,2.3841858e-07,0.0,-17.560997009277344,-0.0001424566719252285
121400,-0.0003581539785955101,2.0085770984223927e-06,-3.6885952234268187,3.0755996e-07,0.0,-5.145712375640869,-0.0001816145254383561
121600,-0.000505647505633533,1.668075930183477e-06,-3.6885901927947997,2.7418136e-07,0.0,-39.068111419677734,-0.00015957975445792804
121800,-0.0005544720916077495,1.562602940907709e-06,-3.688596475124359,3.758073e-07,0.0,-17.94563865661621,-0.00018235987714740887
122000,-0.000531973026227206,1.975434483370009e-06,-3.688600015640259,6.148219e-07,0.0,-2.0615692138671875,-0.0002614002277283589
122200,-0.0002929518814198673,1.5531286862824345e-06,-3.6885980784893038,3.629923e-07,0.0,-13.915372848510742,-0.0001913944628995523
122400,-0.0003716450883075595,1.9113182474939096e-06,-3.6885868072509767,3.9607286e-07,0.0,-8.903383255004883,-0.00018713171691637777
122600,-0.0002899589599110186,1.5304167163776584e-06,-3.6885953903198243,3.0934808e-07,0.0,-24.785072326660156,-0.00015582103358888766
122800,-0.000432744127465412,1.3775984683661591e-06,-3.6886001765727996,2.9236077e-07,0.0,-12.651597023010254,-0.00015760260729928975
123000,-0.0005500472034327686,1.5922115494504397e-06,-3.688576948642731,4.0620566e-07,0.0,-35.73517608642578,-0.00022865971833004872
123200,-0.0004157794173806906,1.7074348164669572e-06,-3.6885873556137083,2.6226041e-07,0.0,-17.03839111328125,-0.00014308705946475264
123400,-0.0004919521161355078,1.6027206569901865e-06,-3.6885900139808654,4.002452e-07,0.0,-18.989643096923828,-0.00021647799253967647
123600,-0.0004779730224981904,1.7157698550818168e-06,-3.688592129945755,4.3988229e-07,0.0,-3.3880691528320312,-0.00019004757519760495
123800,-0.0005033373599871993,1.5896978453611155e-06,-3.6885997474193575,3.7223103e-07,0.0,-13.687976837158203,-0.0002300238322182846
124000,-0.0002806236734613776,1.6804290623895212e-06,-3.688602292537689,2.6792287e-07,0.0,-19.81116485595703,-0.00014609123399882406
124200,-0.0005909352912567556,1.7468629408767812e-06,-3.6885775148868563,4.2140482e-07,0.0,-5.034102916717529,-0.00022264405742453697
124400,-0.0004159641684964299,2.038555805938813e-06,-3.6885873436927796,3.322959e-07,0.0,-14.44460678100586,-0.00016449812727659108
124600,-0.00028932548593729734,1.782232155278507e-06,-3.6885853707790375,2.1100044e-07,0.0,-17.326499938964844,-0.00012808857940991292
124800,-0.00022085756063461304,1.4908601400520638e-06,-3.6885860443115233,2.0623207e-07,0.0,-31.42711639404297,-0.00012149029373598186
125000,-0.0003709152224473655,1.7220161169007041e-06,-3.688581073284149,4.297495e-07,0.0,-12.54625129699707,-0.00021180150659712017
125200,-0.000589503615628928,2.0962105026001153e-06,-3.688590830564499,4.5657157e-07,0.0,-2.3937864303588867,-0.00023926305771829193
125400,-0.0004335506819188595,1.9247850872261552e-06,-3.6885901510715486,3.629923e-07,0.0,-2.6550207138061523,-0.00018030160832820384
125600,-0.0003586575039662421,1.7143867495406083e-06,-3.6885873854160307,3.516674e-07,0.0,-35.9871940612793,-0.00018716350325075903
125800,-0.00038301883614622056,1.5317153014393626e-06,-3.6885751128196715,2.8908252e-07,0.0,-27.36719512939453,-0.00015918159370812424
126000,-0.00040530008845962584,1.3810408574954635e-06,-3.6885882556438445,2.771616e-07,0.0,-16.148883819580078,-0.00016577406332454191
126200,-0.0003473247343208641,1.940184026238967e-06,-3.688576799631119,3.0100347e-07,0.0,-10.57078742980957,-0.00015942855060220308
126400,-0.00048122668522410095,1.6195690690778974e-06,-3.6885789394378663,3.4570695e-07,0.0,-14.567262649536133,-0.00016843015835399378
126600,-0.00047075218753889203,1.7373118453178904e-06,-3.6885627806186676,4.0620563e-07,0.0,-21.29233741760254,-0.00021499218047504876
126800,-0.0006341123371385038,1.5035150155995325e-06,-3.6885682165622713,4.6044588e-07,0.0,-13.734090805053711,-0.00021975832518137395
127000,-0.0003482679312583059,1.6480085179182424e-06,-3.688567262887955,3.0249356e-07,0.0,-26.00874137878418,-0.0001533584080867456
127200,-0.00042765215039253235,1.5895796622089619e-06,-3.688562387228012,4.1574242e-07,0.0,-15.22506332397461,-0.00019026771335165505
127400,-0.0006050365627743304,1.4265638114352442e-06,-3.688574343919754,3.4242868e-07,0.0,-24.787940979003906,-0.0002109483995072825
127600,-0.0004600566462613642,1.501662401892645e-06,-3.6885856866836546,3.0994417e-07,0.0,-4.703052520751953,-0.00017424598313220407
127800,-0.0005038011586293578,1.610510929594966e-06,-3.6885791778564454,5.39124e-07,0.0,-41.583839416503906,-0.00019605633537684853
128000,-0.0004406013176776469,1.4108661019918145e-06,-3.6885852813720703,2.130866e-07,0.0,-17.271127700805664,-0.00011428171273177856
128200,-0.00035298685543239117,1.81668304435334e-06,-3.68856880068779,2.8669834e-07,0.0,-10.903200149536133,-0.00014993969458305668
128400,-0.000307015172438696,1.6885119180187758e-06,-3.6885788321495054,1.8447636e-07,0.0,-31.782859802246094,-0.00011433332430708099
128600,-0.0003076818829867989,1.5410249915248642e-06,-3.6885629534721374,3.5613775e-07,0.0,-4.414929389953613,-0.00018177346049146336
128800,-0.0004739168507512659,1.5927659262615634e-06,-3.6885603606700896,2.965331e-07,0.0,-60.467872619628906,-0.00016470009188389588
129000,-0.0001845223014242947,1.6063627327866925e-06,-3.6885581731796266,2.938509e-07,0.0,-39.425865173339844,-0.00014104533306111833
129200,-0.00046662139357067645,2.020735581709232e-06,-3.6885648131370545,2.9951335e-07,0.0,-3.229032039642334,-0.0001628578206216369
129400,-0.0004142524558119476,2.0853581133906117e-06,-3.6885599732398986,4.10378e-07,0.0,-3.0026345252990723,-0.00017773784808325921
129600,-0.00042859840323217213,1.718808636042013e-06,-3.6885564744472505,3.671646e-07,0.0,-15.500442504882812,-0.000201118170867165
129800,-0.0006269572768360376,1.5973047112538551e-06,-3.6885532796382905,3.913045e-07,0.0,-18.589380264282227,-0.0001996608366772623
130000,-0.0004064232052769512,1.4891416697082605e-06,-3.688569521903992,3.1501054e-07,0.0,-24.253108978271484,-0.0001795508475014529
130200,-0.0003871469234582037,1.3487416822499655e-06,-3.6885702252388,3.1650066e-07,0.0,-11.970407485961914,-0.00018853805987004702
130400,-0.0005521319690160453,1.6905944946188356e-06,-3.6885359227657317,3.5673378e-07,0.0,-18.3912410736084,-0.0001724106301959516
130600,-0.0004932533483952284,1.7114155639319506e-06,-3.688541829586029,3.1352045e-07,0.0,-87.9327163696289,-0.00017781975225874546
130800,-0.0005394570180214942,1.5060667436728182e-06,-3.6885506868362428,3.3825637e-07,0.0,-8.592602729797363,-0.00019691175037221952
131000,-0.00047117419308051467,1.7575270561565048e-06,-3.688545262813568,3.501773e-07,0.0,-23.24864387512207,-0.00020057842233631718
131200,-0.0004781039897352457,1.637414794686265e-06,-3.6885540306568148,3.156066e-07,0.0,-16.9410343170166,-0.000176285431485379
131400,-0.0001840382319642231,1.6950860896258747e-06,-3.688553261756897,3.7044288e-07,0.0,-32.39368438720703,-0.00018561638296969994
131600,-0.00040285332943312824,1.3815784782877927e-06,-3.688541239500046,4.0203332e-07,0.0,-22.081069946289062,-0.00017717243510083082
131800,-0.0004295793187338859,1.589176241623136e-06,-3.688551437854767,3.0457974e-07,0.0,-21.61260223388672,-0.0001469725263108401
132000,-0.0004955301992595196,1.7209335297252437e-06,-3.688542592525482,3.3676622e-07,0.0,-16.7742919921875,-0.0001805211597799117
132200,-0.0004850967088714242,1.4802551845605195e-06,-3.6885530948638916,4.4167044e-07,0.0,-24.172428131103516,-0.00020631988455726001
132400,-0.00042733040754683316,1.2826035657553803e-06,-3.688547760248184,3.4600498e-07,0.0,-14.215336799621582,-0.0001715001617107914
132600,-0.0004165243008174002,1.7764447704848862e-06,-3.6885522484779356,3.156066e-07,0.0,-34.697452545166016,-0.0001709542868527425
132800,-0.0006739044329151511,1.7369328475069779e-06,-3.688536149263382,4.6670436e-07,0.0,-5.638328552246094,-0.0002381304830546327
133000,-0.00035767207737080753,1.8547934757862094e-06,-3.6885470509529115,4.0233135e-07,0.0,-14.668993949890137,-0.00019994354146231076
133200,-0.00039134203689172864,1.5381631129685046e-06,-3.6885537266731263,3.72231e-07,0.0,-14.821666717529297,-0.00020175770651214008
133400,-0.0005288790562190115,1.6987887107688949e-06,-3.6885338366031646,3.9845705e-07,0.0,-15.086254119873047,-0.00018948064014490118
133600,-0.0003914943372365087,1.617293557387711e-06,-3.6885526835918427,4.0054323e-07,0.0,-4.053044319152832,-0.00017807676640808624
133800,-0.0004765595658682287,2.1785369881399674e-06,-3.6885387718677523,3.8594007e-07,0.0,-1.2837543487548828,-0.00019878259048504708
134000,-0.00043724902207031846,1.392258755572584e-06,-3.688547706604004,4.4614077e-07,0.0,-26.401519775390625,-0.00023598629020762373
134200,-0.0003332346968818456,1.5585752265678821e-06,-3.6885587096214296,3.1888487e-07,0.0,-19.421194076538086,-0.00019212266942725265
134400,-0.0005246065557003021,1.380990066479626e-06,-3.68855357170105,2.601743e-07,0.0,-58.09288024902344,-0.00013674813509888527
134600,-0.00044632467324845493,1.5917902544515528e-06,-3.688550817966461,3.1411645e-07,0.0,-42.076393127441406,-0.00015349639935393621
134800,-0.0005307277315296233,1.6525710549331051e-06,-3.688541752099991,3.0696393e-07,0.0,-37.1718635559082,-0.00016119997918917495
135000,-0.0005808441783301532,1.7642047083654688e-06,-3.688534688949585,4.0620563e-07,0.0,-39.684532165527344,-0.0002156112788650688
135200,-0.0005555532989092171,1.5486527814800866e-06,-3.688534653186798,2.8014185e-07,0.0,-15.376449584960938,-0.0001503469053127482
135400,-0.0004688490880653262,1.757037199467959e-06,-3.6885258555412292,3.2663345e-07,0.0,-50.93391799926758,-0.00018842668344416503
135600,-0.0005659112357534468,1.7381693794504828e-06,-3.6885232388973237,3.1411648e-07,0.0,-11.629352569580078,-0.00014279693061103327
135800,-0.0004200926050543785,1.5358108399254888e-06,-3.6885481595993044,2.9325486e-07,0.0,-22.20346450805664,-0.0001627722734146353
136000,-0.00038052062154747546,1.4276191024009678e-06,-3.6885508239269256,3.427267e-07,0.0,-25.179975509643555,-0.00017699268899133979
136200,-0.00023058833903633058,1.6971202938975693e-06,-3.688543790578842,3.2156706e-07,0.0,-11.750187873840332,-0.0001818976191093391
136400,-0.0006029840442351997,1.817811434534633e-06,-3.6885390877723694,4.348159e-07,0.0,-12.708348274230957,-0.00025604885477354956
136600,-0.00040958356112241745,1.642452940586736e-06,-3.6885333120822907,2.7090312e-07,0.0,-29.947710037231445,-0.00014336068885070218
136800,-0.0004911766736768186,1.5207393175842299e-06,-3.6885370314121246,3.942847e-07,0.0,-19.737462997436523,-0.00020588614812278028
137000,-0.0004837866872549057,1.8302066251862925e-06,-3.6885337710380552,3.680587e-07,0.0,-7.107089996337891,-0.00018140692369876809
137200,-0.00040973679278977215,1.6796579416222812e-06,-3.688526487350464,2.8282403e-07,0.0,-34.851444244384766,-0.00017195709132205027
137400,-0.00013945290993433446,1.4100792157023533e-06,-3.6885091185569765,3.1590463e-07,0.0,-10.138300895690918,-0.0001681182096926914
137600,-0.0005457145161926746,2.329460002670203e-06,-3.688515269756317,4.87864e-07,0.0,-2.5564351081848145,-0.00023797051606333497
137800,-0.00041246676119044423,1.7010359243840866e-06,-3.688523757457733,3.936887e-07,0.0,-18.16033363342285,-0.00022129513494792974
138000,-0.0005632067914120853,1.5249369994307926e-06,-3.6885327875614164,4.261732e-07,0.0,-22.142120361328125,-0.00021681898934400312
138200,-0.0006760495598427951,2.009311299389083e-06,-3.6885293543338777,5.0574545e-07,0.0,-1.9050917625427246,-0.0002158264215521566
138400,-0.00048548742779530585,1.5954104000570623e-06,-3.6885013341903687,2.5272368e-07,0.0,-48.422122955322266,-0.00014756198264682664
138600,-0.000428296480095014,1.393629653989592e-06,-3.6885300040245057,2.762675e-07,0.0,-22.991506576538086,-0.00015239554302237668
138800,-0.000539363652933389,1.5137379136831441e-06,-3.6885201036930084,4.1514636e-07,0.0,-23.65709114074707,-0.0001891477157050847
139000,-0.00017875611956696957,1.5558784127733816e-06,-3.6885207891464233,3.1530857e-07,0.0,-18.16419219970703,-0.00017379058856108464
139200,-0.0003004999307449907,1.6471708761400805e-06,-3.688535338640213,2.7775764e-07,0.0,-22.42138671875,-0.00017037016152698925
139400,-0.00045624226913787425,1.3828666524773326e-06,-3.688530296087265,3.6925078e-07,0.0,-25.698057174682617,-0.0001808163237183136
139600,-0.0003760961990337819,1.9155383512270417e-06,-3.6885193407535555,3.2305718e-07,0.0,-7.377337455749512,-0.00016218317835205997
139800,-0.0005572636728174984,1.5788529680094142e-06,-3.6885247051715853,4.5984984e-07,0.0,-27.784875869750977,-0.0002633628404592692
140000,-0.0005459527019411325,1.592333427424819e-06,-3.6885188937187197,3.2931567e-07,0.0,-15.435506820678711,-0.00018905876722083992
140200,-0.00043994421139359474,1.5160152486259904e-06,-3.688546335697174,2.9236077e-07,0.0,-14.217020988464355,-0.00017380420901016435
140400,-0.0004722261510323733,1.7247720307977942e-06,-3.688499850034714,4.2676925e-07,0.0,-44.103553771972656,-0.0002093566339978592
140600,-0.0003919783921446651,1.6127811647947965e-06,-3.688529485464096,3.1292439e-07,0.0,-17.675521850585938,-0.00017313062937320822
140800,-0.00037484458880499005,1.540731204840995e-06,-3.688509631156921,4.157424e-07,0.0,-8.664795875549316,-0.00021740625404186308
141000,-0.00043154138256795704,1.8003491476292765e-06,-3.6885198295116424,2.4408104e-07,0.0,-11.037083625793457,-0.0001512897205403707
141200,-0.0003759895625989884,1.6019234209352363e-06,-3.688517892360687,3.117323e-07,0.0,-13.99411678314209,-0.00016678404127538072
141400,-0.00023197241534944624,1.6103600415817709e-06,-3.6885053634643556,3.3438207e-07,0.0,-7.701626777648926,-0.00018319685843857237
141600,-0.00020013090397696942,2.028815111998483e-06,-3.6885119140148164,3.1322242e-07,0.0,-4.151453971862793,-0.00014657413755401195
141800,-0.0002670414687599987,1.6215042307976547e-06,-3.6885052978992463,3.066659e-07,0.0,-20.30071449279785,-0.00016084314128805843
142000,-9.749796299729496e-05,1.7410081312618785e-06,-3.6885143995285032,2.938509e-07,0.0,-29.65260124206543,-0.0001528280822612915
142200,-0.00033444754080846906,1.2784333875970333e-06,-3.688509064912796,2.1606684e-07,0.0,-47.60167694091797,-0.000123391605416312
142400,-0.0002838946820702404,1.4188672992077045e-06,-3.6885171592235566,2.813339e-07,0.0,-18.26432991027832,-0.00014377158101268605
142600,-0.00043282279511913657,1.364462912079034e-06,-3.6885188221931458,3.695488e-07,0.0,-11.696345329284668,-0.00017725628509377423
142800,-0.0004436689196154475,1.636114646430542e-06,-3.6885174334049227,4.1931867e-07,0.0,-18.96694564819336,-0.00018709245473018664
143000,-0.0005574665847234428,1.4537675269821193e-06,-3.688511627912521,3.4242868e-07,0.0,-66.27481079101562,-0.00016477892191790744
143200,-0.0004013364959973842,1.6038907915572053e-06,-3.688518726825714,3.1143426e-07,0.0,-24.795251846313477,-0.0001781700854905921
143400,-0.0005831833113916218,1.7437591509406047e-06,-3.6885206162929536,5.045533e-07,0.0,-5.185603141784668,-0.00023983968651032362
143600,-0.00021572540572378784,1.573576345492711e-06,-3.688535511493683,2.2500754e-07,0.0,-23.039560317993164,-0.0001411707624674907
143800,-0.00016384629998356104,1.6367283308227343e-06,-3.6885151743888853,4.0501357e-07,0.0,-22.36931037902832,-0.00021782710311898378
144000,-0.0003096993314102292,1.8154483257148967e-06,-3.688524544239044,3.6001208e-07,0.0,-8.31758975982666,-0.00016751221567146146
144200,-0.0005584695609286427,1.5918457151542499e-06,-3.688510423898697,3.9607286e-07,0.0,-31.213134765625,-0.00018428652035706872
144400,-0.0005579509306699038,1.5662666299931515e-06,-3.688535010814667,3.20673e-07,0.0,-10.441084861755371,-0.0001780594428455462
144600,-0.0004650658811442554,1.8702634960732212e-06,-3.688522458076477,4.1365624e-07,0.0,-7.23028564453125,-0.0002296337002974269
144800,-0.00045440002577379346,1.5241602142168631e-06,-3.6885186970233916,3.147125e-07,0.0,-32.177711486816406,-0.00017406949378018233
145000,-0.0004287486954126507,1.5055772337291274e-06,-3.6885296165943147,3.3497813e-07,0.0,-12.225390434265137,-0.00018785101905359757
145200,-0.00034928679815493524,1.709275571215585e-06,-3.688520747423172,2.8550625e-07,0.0,-20.0047607421875,-0.0001404652709550147
145400,-0.00039828161243349314,1.5597974083902954e-06,-3.6885087490081787,3.5822393e-07,0.0,-22.851394653320312,-0.00019060325523292398
145600,-0.0002567158662714064,1.4102804129834111e-06,-3.688520073890686,2.875924e-07,0.0,-88.82838439941406,-0.0001395813971962312
145800,-0.00045698939356952906,1.8372340605310455e-06,-3.6885461866855622,4.708767e-07,0.0,-2.416456699371338,-0.0002277888597258304
146000,-0.0005131944781169295,1.6878168310086039e-06,-3.6885209381580353,3.3110382e-07,0.0,-20.342144012451172,-0.00018059554738381056
146200,-0.0004194749635644257,1.5932929954942665e-06,-3.68853080868721,3.358722e-07,0.0,-43.30784225463867,-0.00019444112595663477
146400,-0.00026457372587174177,1.5803646846279662e-06,-3.688525193929672,2.8014182e-07,0.0,-8.58324146270752,-0.0001181436331585406
146600,-0.00028862827457487583,1.9397345141669577e-06,-3.6885132014751436,3.3527613e-07,0.0,-4.3930816650390625,-0.00016063317612451943
146800,-0.0005827429122291505,2.03586021996216e-06,-3.6885241508483886,3.4034252e-07,0.0,-2.8002591133117676,-0.00018153091579691248
147000,-0.00017048619338311255,1.372845214575591e-06,-3.688548392057419,3.311038e-07,0.0,-7.179120063781738,-0.00016300570931230274
147200,-0.0002657989680301398,1.4902053052878728e-06,-3.6885263919830322,2.6643275e-07,0.0,-4.245344638824463,-0.00014981292334779184
147400,-0.0003277821815572679,1.9544732992926583e-06,-3.6885124504566194,3.707409e-07,0.0,-4.194087505340576,-0.00015999866364109218
147600,-0.00045143472380004823,1.7319754391564856e-06,-3.6885333359241486,4.0411948e-07,0.0,-6.944522857666016,-0.00021924680386701257
147800,-0.0004533170140348375,1.7763548981974965e-06,-3.688506209850311,4.5478345e-07,0.0,-10.76297664642334,-0.00022040598158580283
148000,-0.0005255930591374636,1.6015858335549637e-06,-3.6885293841362,2.774596e-07,0.0,-15.141313552856445,-0.00014473927007601083
148200,-0.0003818382101599127,1.4949233673178242e-06,-3.688527947664261,2.9861928e-07,0.0,-25.511474609375,-0.0001676766642478844
148400,-0.0005211084499023855,1.505853330741047e-06,-3.6885117471218107,5.5879354e-07,0.0,-22.84010887145996,-0.00024856077019901334
148600,-0.00039320133510045707,1.5674506528284837e-06,-3.6885286390781404,2.6345253e-07,0.0,-14.706469535827637,-0.00015255984614448437
148800,-0.0003316292422823608,1.2783152826045806e-06,-3.688542342185974,3.656745e-07,0.0,-27.09638786315918,-0.0002074151939456037
149000,-0.000474965461762622,1.3853122140972118e-06,-3.688538581132889,3.308058e-07,0.0,-32.3455696105957,-0.00016662163995420087
149200,-0.0004470513085834682,1.4239757220479987e-06,-3.6885244965553285,3.8474798e-07,0.0,-18.020126342773438,-0.00019622705634515515
149400,-0.0004587224393617362,1.726971842685998e-06,-3.68851153254509,3.7014485e-07,0.0,-5.006144046783447,-0.00018777212519478504
149600,-0.0002678980235941708,1.4588128095738285e-06,-3.6885262429714203,3.540516e-07,0.0,-22.57353401184082,-0.00017273664525692124
149800,-0.00031937906169332564,2.0035089050907117e-06,-3.688518798351288,3.0815602e-07,0.0,-1.5511257648468018,-0.0001599711633739176
150000,-0.0002669983950909227,1.5851187015414326e-06,-3.688521122932434,2.965331e-07,0.0,-31.732975006103516,-0.00015466364482499272
150200,-0.0004684309533331543,1.702633633726691e-06,-3.6885088801383974,3.4958123e-07,0.0,-8.523879051208496,-0.00019151935842410262
150400,-0.00046400073915719986,1.4637948595463968e-06,-3.6885227382183077,3.6835672e-07,0.0,-26.79787826538086,-0.0002015331988643565
150600,-0.00037879549199715257,1.7162646940960258e-06,-3.688528519868851,2.741814e-07,0.0,-13.123552322387695,-0.00015658071623636527
150800,-0.0003006217593792826,1.4012969160148714e-06,-3.6885181427001954,2.8520822e-07,0.0,-14.752989768981934,-0.00017247775704141156
151000,-0.0003379131085239351,1.7269243187456595e-06,-3.688525491952896,3.8325788e-07,0.0,-34.647735595703125,-0.00021338245287894075
151200,-0.00036501989234238863,1.4819404995591868e-06,-3.68851415514946,2.5361777e-07,0.0,-15.51820182800293,-0.00014083390777628325
151400,-0.00037650897866114974,1.4460014511996633e-06,-3.6885277032852173,2.6792287e-07,0.0,-42.34307861328125,-0.0001401170426080345
151600,-0.0003257955249864608,1.4787460315801582e-06,-3.688536363840103,3.8921831e-07,0.0,-14.794515609741211,-0.00021195873828929734
151800,-0.0004827651719097048,1.5128112977436104e-06,-3.6885151624679566,5.0634145e-07,0.0,-31.631080627441406,-0.0002445500348239982
152000,-0.00012506148777902126,1.6089133794139343e-06,-3.688512921333313,3.4928323e-07,0.0,-13.604141235351562,-0.00019113993084329817
152200,-0.0007428587414324284,1.269092985012321e-06,-3.688498878479004,4.1007996e-07,0.0,-41.36643600463867,-0.00020919279760289733
152400,-0.00042226279038004577,1.5676140463938281e-06,-3.688517212867737,2.2619963e-07,0.0,-48.47746276855469,-0.00012438169129007636
152600,-0.00046261792886070907,1.6322731454465612e-06,-3.688489466905594,2.783537e-07,0.0,-46.832462310791016,-0.00014497113179174904
152800,-0.0007597474614158273,1.4154492092188775e-06,-3.688509476184845,4.7773125e-07,0.0,-17.176862716674805,-0.0002474381913739387
153000,-0.00037086301017552614,2.0261550787381567e-06,-3.6884956777095796,4.419684e-07,0.0,-2.427751064300537,-0.00019299510241376215
153200,-0.0001887118414742872,1.6431864736432543e-06,-3.688497024774551,2.5331974e-07,0.0,-23.694217681884766,-0.00015447183030363741
153400,-0.000553735182620585,1.5497861369340172e-06,-3.6885169804096223,3.4719707e-07,0.0,-27.20536231994629,-0.00017954389309080555
153600,-0.0005707589443773031,1.4518473150815225e-06,-3.6885181248188017,4.23491e-07,0.0,-15.854778289794922,-0.00023013687269348714
153800,-0.0007043045479804277,1.99705307863951e-06,-3.6885141372680663,5.024672e-07,0.0,-2.323869466781616,-0.00020857477237792298
154000,-0.000303080421872437,1.4975870911371204e-06,-3.688499814271927,2.8491021e-07,0.0,-10.212056159973145,-0.00016304204657193732
154200,-0.00041664528544060886,1.5312433873759801e-06,-3.6885057628154754,3.9249656e-07,0.0,-27.746307373046875,-0.00020644152110476098
154400,0.0005388641147874296,0.0021322982312995007,-3.6885653138160706,2.82526e-07,0.0,-1.3573689460754395,-0.00012798804117268857
154600,2.4696229957044125e-05,0.0006062375057808822,-3.688562923669815,1.3291836e-07,0.0,-0.4272273778915405,-7.41217209711209e-05
154800,-0.0004201385600026697,0.00025803756379900734,-3.6885139644145966,3.7342312e-07,0.0,-1.626943588256836,-0.00019568849418281076
155000,-0.000500917958561331,1.9480368155200268e-05,-3.6885006189346314,6.3300126e-07,0.0,-0.18403100967407227,-0.00025826022086867796
155200,-0.0006012795493006706,3.0347422011800518e-05,-3.68849401473999,4.1842458e-07,0.0,0.15090727806091309,-0.0001970271983939398
155400,-0.0004629425529856235,4.47878484010289e-05,-3.68845853805542,4.0113926e-07,0.0,0.01773989200592041,-0.0001707078077346935
155600,-0.00038789279642514884,1.7018562812154413e-05,-3.6885169804096223,2.965331e-07,0.0,-0.48957061767578125,-0.00014208509010007475
155800,-0.00047779243323020637,1.792519592527242e-05,-3.6885136485099794,3.9488077e-07,0.0,0.1271572709083557,-0.00019202134196998343
156000,-0.0005141167202964425,2.6603408878145272e-05,-3.6884845316410066,4.541874e-07,0.0,-0.04769134521484375,-0.00019318320495562702
156200,-0.0004513121675699949,2.98918813768978e-05,-3.6885018944740295,3.951788e-07,0.0,0.06958192586898804,-0.0001836568248773318
156400,-0.00044966363930143416,3.968754522247764e-05,-3.6884764075279235,3.772974e-07,0.0,0.2133481502532959,-0.00016691601268092882
156600,-0.0003244844847358763,2.69923741598177e-05,-3.688493472337723,2.914667e-07,0.0,-0.5007947683334351,-0.00015597502375612747
156800,-0.0003833951195701957,1.4430353053285216e-05,-3.6885232746601107,2.3692846e-07,0.0,-0.4121805429458618,-0.0001430910374284
157000,-0.00023756944574415684,5.057229154772358e-05,-3.68847017288208,3.3974646e-07,0.0,-0.023630738258361816,-0.00012917889602483967
157200,-0.0007323329919017851,2.8082106928195573e-05,-3.6884848177433014,4.2051073e-07,0.0,0.21222937107086182,-0.00021211395964224611
157400,-0.00023723959748167545,1.676039473750279e-05,-3.688500130176544,2.3514033e-07,0.0,0.06710225343704224,-0.0001243443180628079
157600,-0.0005140677094459534,1.8878431001212447e-05,-3.6885188698768614,3.20673e-07,0.0,-0.5999536514282227,-0.00017533820860331505
157800,-0.0003531081893015653,2.2592772415919173e-05,-3.6884884178638457,3.6984684e-07,0.0,-0.3339555263519287,-0.00016200070084414485
158000,-0.0004163351550232619,2.3225179870678402e-05,-3.6884971618652345,3.8474798e-07,0.0,0.031383514404296875,-0.00019133782434800904
158200,-0.00046760484110563993,3.0574923493986715e-05,-3.6885066390037538,3.501773e-07,0.0,0.003823518753051758,-0.00017809242739519893
158400,-0.0004042732180096209,1.4328587644740764e-05,-3.6884585440158846,4.0233135e-07,0.0,-0.12458515167236328,-0.00017951233642499176
158600,-0.0005218768492341042,2.5307699252152817e-05,-3.6884876072406767,3.7193297e-07,0.0,0.02231419086456299,-0.00018798388733696215
158800,-0.00046847929479554296,2.126976207819098e-05,-3.6884849846363066,3.9756299e-07,0.0,-0.3223876953125,-0.00020096062983245843
159000,-0.00038103366387076676,3.0327370222948957e-05,-3.688497793674469,3.480911e-07,0.0,-0.04629504680633545,-0.00020238491906683366
159200,-0.00022011528199072927,2.0171657388345922e-05,-3.6884650588035583,4.6104194e-07,0.0,-0.12886977195739746,-0.00019725728832056255
159400,-0.000418889889260754,2.505125489733473e-05,-3.6884491980075835,4.7445297e-07,0.0,0.06429463624954224,-0.00020326284387943704
159600,-0.0005557835102081299,2.0159287078058697e-05,-3.688454455137253,7.4267393e-07,0.0,0.2357301115989685,-0.00027251701567712063
159800,-8.826507109915838e-05,8.617220946689485e-05,-3.688484954833984,6.985664e-07,0.0,-0.006982684135437012,-0.0002618677160414751
160000,-0.0005280188051983714,1.7992371681430086e-05,-3.688464957475662,5.236268e-07,0.0,0.017054080963134766,-0.00022721188477374809
160200,-0.0007148727891035378,1.8201498983216878e-05,-3.6884704709053038,5.635619e-07,0.0,-0.2145620584487915,-0.0002284407830189794
160400,-0.0005139941931702197,2.603959296720859e-05,-3.688473105430603,3.5464765e-07,0.0,0.07821619510650635,-0.0001938561658989535
160600,-0.0002614450640976429,1.7678264725873305e-05,-3.688481992483139,2.8014182e-07,0.0,-0.06596744060516357,-0.00014980200166294643
160800,-0.0005662816693075001,2.2816427326688425e-05,-3.688481777906418,4.5359138e-07,0.0,0.002703368663787842,-0.00021286138965637136
161000,-0.0002875030622817576,3.366975065546285e-05,-3.6884854257106783,3.5315753e-07,0.0,0.22382891178131104,-0.00017211033330433168
161200,-0.00039013990317471325,1.8662131014934858e-05,-3.688457691669464,3.644824e-07,0.0,0.13191193342208862,-0.0001837165061260748
161400,-0.0002653838018886745,1.6098198602776393e-05,-3.6884936690330505,2.1845102e-07,0.0,0.08216696977615356,-0.00011375838487037715
161600,-0.00041339214658364654,2.6532059882811156e-05,-3.6884473085403444,4.0829184e-07,0.0,-0.04332709312438965,-0.00016981013082182362
161800,-0.00047877634642645717,3.261681363255775e-05,-3.688479882478714,4.4107438e-07,0.0,0.15163171291351318,-0.00020972939767943677
162000,-0.00047546872519887984,1.7921726885106183e-05,-3.68847993016243,2.4557113e-07,0.0,-0.13968229293823242,-0.0001277871653068141
162200,-0.0002968307526316494,4.643750062314211e-05,-3.688445484638214,3.5583972e-07,0.0,0.10208672285079956,-0.00015971884076964316
162400,-0.0008324068039655685,1.4264342360092996e-05,-3.6884653985500337,7.161498e-07,0.0,-0.07343137264251709,-0.0002623908836852706
162600,-0.0006341239204630256,2.1571838374256913e-05,-3.6884805500507354,6.222725e-07,0.0,-0.04029345512390137,-0.0002590510707664251
162800,-0.00048325955867767334,4.7351935108963517e-05,-3.6884847581386566,3.9875508e-07,0.0,0.08822351694107056,-0.00021959778750908488
163000,-0.0005836996715515852,2.8502627560555994e-05,-3.6884736835956575,5.5104493e-07,0.0,-0.05331826210021973,-0.00022567269630586751
163200,-0.0004157123912591487,1.0798407231504825e-05,-3.6884777307510377,4.2706728e-07,0.0,-0.3737400770187378,-0.00016899440500122153
163400,-0.0004485879326239228,1.774907034359785e-05,-3.688466304540634,3.6388636e-07,0.0,0.2669520378112793,-0.00019299714392309041
163600,-0.00031482172198593616,2.656260921867215e-05,-3.6884732604026795,2.884865e-07,0.0,-0.14873039722442627,-0.00014573700523043965
163800,-0.000322516483720392,2.1607958592539946e-05,-3.688455730676651,7.05719e-07,0.0,0.11174631118774414,-0.0002565436813570132
164000,-0.0007018251926638186,2.2680179154122015e-05,-3.68846977353096,7.504225e-07,0.0,0.06931126117706299,-0.0002668633051204017
164200,-0.000519468099810183,2.4251485524473537e-05,-3.688462829589844,3.0010938e-07,0.0,0.11090481281280518,-0.00015490321496395288
164400,-0.00030746194534003735,4.0152862948161785e-05,-3.688492166996002,2.2828578e-07,0.0,-0.1323157548904419,-0.00014918561268359998
164600,-0.0003340045514050871,1.1767231717385584e-05,-3.6884844839572906,2.1129847e-07,0.0,0.14315390586853027,-0.00011444440554031488
164800,-0.00024302628298755735,2.0707211547232873e-05,-3.6884647011756897,2.8669834e-07,0.0,0.1309586763381958,-0.00014165887976993474
165000,-0.0006512695690616965,2.0977597296223392e-05,-3.688454103469849,5.2809713e-07,0.0,0.1715814471244812,-0.00022786423621392604
165200,-0.0004591570468619466,9.34249673036902e-06,-3.6885044872760773,4.1276218e-07,0.0,0.1453930139541626,-0.00019161123155003734
165400,-0.00048746351967565715,2.0104251098018723e-05,-3.6884623169898987,4.3094158e-07,0.0,0.02170860767364502,-0.00023413407879390168
165600,-0.00033566870843060315,3.8415875178543504e-05,-3.688480889797211,3.6239624e-07,0.0,0.08329558372497559,-0.00017488954952966652
165800,-0.0002392074093222618,5.064501165179536e-05,-3.6884525299072264,3.9219856e-07,0.0,0.04855722188949585,-0.00019490490784257464
166000,-0.00032382720382884145,1.6113123774630366e-05,-3.6884775519371034,3.4928323e-07,0.0,0.22390460968017578,-0.0001816320430751972
166200,-0.0006175479502417147,2.425879010843346e-05,-3.68844878077507,4.720688e-07,0.0,-0.10435056686401367,-0.00022354976166525376
166400,-0.00039146890048868954,3.00509644603153e-05,-3.6884620547294618,4.220009e-07,0.0,0.12999194860458374,-0.00021353268583959028
166600,-0.0007994262268766761,2.767815544757468e-05,-3.688466340303421,7.429719e-07,0.0,0.011966526508331299,-0.0002652283897477847
166800,-0.00029541648109443486,4.5141158989281396e-05,-3.6884746491909026,2.452731e-07,0.0,0.08271265029907227,-0.0001226321314816259
167000,-0.0005385659169405699,2.8431481860025086e-05,-3.6884581983089446,6.6787004e-07,0.0,-0.11131417751312256,-0.00026379053213316795
167200,-0.0005586828337982297,3.747257710529084e-05,-3.6884586334228517,5.7429077e-07,0.0,0.15376067161560059,-0.00023540985583622164
167400,-0.00060597452102229,2.4271786764984425e-05,-3.688458788394928,5.277991e-07,0.0,-0.01585972309112549,-0.00025906778133321094
167600,-0.0004183669516351074,3.08736039642099e-05,-3.68848032951355,3.197789e-07,0.0,-0.01141214370727539,-0.00017560114619050716
167800,-0.0005075361113995314,2.8308401260801476e-05,-3.688466250896454,4.3630598e-07,0.0,0.005715310573577881,-0.0002015351207235172
168000,-0.0008500779513269663,1.8663535797713848e-05,-3.6884748339653015,5.304813e-07,0.0,0.10556137561798096,-0.00027086266136895355
168200,-0.0006371242925524712,1.01500119285447e-05,-3.688492351770401,6.973744e-07,0.0,0.15984231233596802,-0.00026053804095118596
168400,-0.0003435525868553668,1.124029525954029e-05,-3.688473016023636,4.6581027e-07,0.0,0.22837436199188232,-0.0001945034427312642
168600,-0.0005852918257005513,2.2609732582168363e-05,-3.6884847044944764,4.5537945e-07,0.0,0.03611147403717041,-0.00025169382874508096
168800,-0.0006375053781084716,2.7412109602664714e-05,-3.688474828004837,4.184246e-07,0.0,0.042871713638305664,-0.00021073870450247779
169000,-0.0002799366775434464,1.9153943935634742e-05,-3.6884575843811036,4.5269726e-07,0.0,0.03366649150848389,-0.0001920516877415901
169200,-0.0005403846735134721,3.1943595877237386e-05,-3.6884800016880037,4.595518e-07,0.0,0.08798772096633911,-0.0002168673753649486
169400,-0.00031751152710057795,1.8782206552714342e-05,-3.6884523749351503,3.9696693e-07,0.0,-0.20195209980010986,-0.00015162605085470294
169600,-0.00028518534963950515,4.0740387203186404e-05,-3.688483840227127,3.299117e-07,0.0,0.11703449487686157,-0.00017784615533265047
169800,-0.0004144212871324271,1.357657915832533e-05,-3.6884919941425323,2.962351e-07,0.0,-0.10897660255432129,-0.00017425643028365912
170000,-0.0004847181844525039,3.849844788419432e-05,-3.6884826898574827,3.0308962e-07,0.0,0.0475618839263916,-0.00016912869811745447
170200,-0.0004032524593640119,1.43825474424375e-05,-3.6884547233581544,3.0279162e-07,0.0,0.19689565896987915,-0.0001474094839437612
170400,-0.0006091453833505511,2.84105356058717e-05,-3.6884815752506257,4.5329332e-07,0.0,0.06374025344848633,-0.00021700333185208364
170600,-0.0002874162746593356,5.4470463146572e-05,-3.6884544789791107,3.9935114e-07,0.0,0.14370012283325195,-0.00016984836846662966
170800,-0.00042763451347127557,3.8346530163835266e-05,-3.6885045945644377,2.589822e-07,0.0,-0.077048659324646,-0.0001273701928879545
171000,-0.0003675011976156384,3.6846551483904474e-05,-3.6884778141975403,4.118681e-07,0.0,0.05624359846115112,-0.00020926235694241903
171200,-0.0002614213153719902,3.164602580909559e-05,-3.688472104072571,2.1994114e-07,0.0,0.06915301084518433,-0.00012529168905413003
171400,-0.0004752478562295437,2.9550930366895046e-05,-3.6884521782398223,4.8190356e-07,0.0,0.040825486183166504,-0.00020659613490683348
171600,-0.00038854312151670456,1.7747786250765786e-05,-3.688464868068695,5.4359435e-07,0.0,-0.3521151542663574,-0.0002272350120009037
171800,-0.0003634071908891201,9.371794885737472e-06,-3.6884994089603422,2.8401612e-07,0.0,0.12839293479919434,-0.00014997409352370816
172000,-0.0006292564212344587,3.122803559563181e-05,-3.6885061502456664,4.3213367e-07,0.0,0.07313144207000732,-0.00022170351592785132
172200,-0.0005966699100099504,2.2684351438329032e-05,-3.688494700193405,3.7431715e-07,0.0,0.11450755596160889,-0.00021649424072007762
172400,-0.00037138457992114127,5.637013923660561e-05,-3.6884774565696716,1.9103288e-07,0.0,0.01386481523513794,-0.00012802467590035117
172600,-0.0002633740659803152,1.837279555729765e-05,-3.6884909868240356,2.411008e-07,0.0,0.03873163461685181,-0.00013428519715943387
172800,-0.00030752105521969497,1.3364927372094827e-05,-3.6884663939476012,5.5223705e-07,0.0,0.03540068864822388,-0.00023388899827505582
173000,-0.00032795211882330477,8.574428761676245e-06,-3.6884722828865053,3.2305718e-07,0.0,0.07500231266021729,-0.0001693106742666428
173200,-0.0006630424759350717,1.2708712506537268e-05,-3.6884724318981172,4.136562e-07,0.0,-0.03200733661651611,-0.00021934014655460298
173400,-0.0002166924241464585,1.5993642750800064e-05,-3.6884732604026795,3.570318e-07,0.0,0.0882638692855835,-0.0001693747781076782
173600,-0.0005150354118086398,1.1757592164940434e-05,-3.688457411527634,3.772974e-07,0.0,0.09432697296142578,-0.00018971315790716758
173800,-0.0003230948932468891,1.4617733813793166e-05,-3.6884791195392608,4.3928623e-07,0.0,-0.032256484031677246,-0.00019624708425611815
174000,-0.0006103257765062153,1.1425998275171878e-05,-3.688448452949524,4.324317e-07,0.0,0.04284793138504028,-0.00022266968245947537
174200,-0.000425750098656863,3.213115039670811e-05,-3.6884699046611784,3.9577486e-07,0.0,0.023849070072174072,-0.00017489561390862107
174400,-0.0006418957491405308,1.898357893423963e-05,-3.688465195894241,4.4882296e-07,0.0,0.11787009239196777,-0.0002162869068401907
174600,-0.0006081617902964354,2.7527849215402967e-05,-3.688449043035507,7.31349e-07,0.0,0.1031883955001831,-0.0002480936325927496
174800,-0.00036480854032561183,1.0110599873769388e-05,-3.6884696662425993,2.8789043e-07,0.0,0.027846038341522217,-0.00015265798468417914
175000,-0.0003823979932349175,6.764854906577966e-05,-3.6884387612342833,3.772974e-07,0.0,0.03662383556365967,-0.0001735537937011422
175200,-0.0005186055204831064,3.457386683294317e-05,-3.6884545147418977,4.7236682e-07,0.0,0.18096494674682617,-0.00019577402491790518
175400,-0.0005465860012918711,1.8768610016195452e-05,-3.688444322347641,3.20673e-07,0.0,0.12236011028289795,-0.0001862491052052606
175600,-0.0004101716913282871,1.630800409202493e-05,-3.6884556651115417,4.7653913e-07,0.0,0.25281304121017456,-0.00022143674066643637
175800,-0.0005177361890673637,4.916393645544303e-05,-3.688456827402115,4.48823e-07,0.0,0.142409086227417,-0.00019570425009987069
176000,-0.0006210936699062586,1.8307970117348303e-05,-3.688421493768692,5.951524e-07,0.0,0.1687716245651245,-0.0002445810137937876
176200,-0.0005680692847818136,1.210344705668831e-05,-3.6884398102760314,4.580617e-07,0.0,0.0002224445343017578,-0.00022451579384501484
176400,-0.0004471485153771937,1.769016048456251e-05,-3.688454121351242,5.7935716e-07,0.0,-0.018108606338500977,-0.00020034173256817668
176600,-0.0003884531615767628,3.271097375545651e-05,-3.688462549448013,3.4362074e-07,0.0,0.05633455514907837,-0.0002016663263110452
176800,-0.0004985675332136452,3.301193100924138e-05,-3.688416314125061,4.4643878e-07,0.0,0.06395608186721802,-0.00022282904816086634
177000,-0.0006210255669429898,2.968813550978666e-05,-3.6884352803230285,4.0769578e-07,0.0,-0.038063645362854004,-0.00020750156024247347
177200,-0.00023070481256581843,1.4966606579491782e-05,-3.6884584367275237,2.1427869e-07,0.0,0.016010046005249023,-0.0001290558583463053
177400,-0.00038559548556804657,2.125147766491864e-05,-3.688424253463745,3.862381e-07,0.0,-0.04066777229309082,-0.00017143772628602783
177600,-0.00043273833580315113,1.5408039485009794e-05,-3.688454383611679,3.1650066e-07,0.0,0.04630202054977417,-0.00015911407766429076
177800,-0.000489362224470824,4.2694986768765374e-05,-3.688436192274094,3.7789346e-07,0.0,0.07530719041824341,-0.00018212112832518556
178000,-0.0007527839625254273,4.510803410084918e-05,-3.6884543776512144,4.3123958e-07,0.0,0.08627820014953613,-0.00025190487581563394
178200,-0.0004131516325287521,1.6380094439227833e-05,-3.6884245216846465,3.3885243e-07,0.0,-0.053504228591918945,-0.0001620563119306695
178400,-0.0003042954776901752,1.8038028542832762e-05,-3.6884304225444793,5.021691e-07,0.0,0.07971179485321045,-0.00024599616957403646
178600,-0.0002470006002113223,1.0314366090824478e-05,-3.688436025381088,2.6255847e-07,0.0,0.2873603105545044,-0.00016336463467778728
178800,-0.0004203955177217722,3.7018108378106264e-05,-3.6884286999702454,2.798438e-07,0.0,0.1546037793159485,-0.00015005605654412336
179000,-0.00048530870117247105,9.97377835574298e-06,-3.688416635990143,4.154444e-07,0.0,0.0693085789680481,-0.00020197594071977854
179200,-0.0007590764435008168,1.2235874874022556e-05,-3.6884155452251433,4.2468307e-07,0.0,-0.006227970123291016,-0.0002020050728160694
179400,-0.0005320641794241965,1.451448911211628e-05,-3.6884037852287292,4.848838e-07,0.0,-0.037401556968688965,-0.00023212067446660712
179600,-0.0005506282323040068,2.339913680771133e-05,-3.688434565067291,4.3451786e-07,0.0,0.04730302095413208,-0.00022142476425370816
179800,-0.0005392668535932899,1.0324467234568147e-05,-3.6884111881256105,4.5180323e-07,0.0,0.14343136548995972,-0.00018859747934838467
180000,-0.00027575003332458436,1.6942758270488413e-05,-3.6884205102920533,2.6881696e-07,0.0,0.08829659223556519,-0.0001236806961206316
180200,-0.0004017067258246243,1.9019780802409512e-05,-3.6884331703186035,2.6375056e-07,0.0,0.02056950330734253,-0.00016114579160442233
180400,-0.000361891055945307,1.7233612265954434e-05,-3.6884198427200316,3.5345556e-07,0.0,-0.023572921752929688,-0.00017990828881966347
180600,-0.0002917039964813739,8.762676270634983e-06,-3.6884335219860076,2.5987626e-07,0.0,0.11995810270309448,-0.00015422273836862566
180800,-0.00041513130418024957,2.3154748714659944e-05,-3.6883989453315733,3.20673e-07,0.0,0.05657321214675903,-0.00015712854268823406
181000,-0.0001894269371405244,2.6443073829796047e-05,-3.688424301147461,3.20673e-07,0.0,0.0628480315208435,-0.00016395664103829866
181200,-0.0004169558233115822,8.69586260705546e-06,-3.6884153306484224,3.924966e-07,0.0,0.04039245843887329,-0.0002080580505565921
181400,-0.0005358293419703841,1.0153843925309048e-05,-3.688454604148865,4.0888787e-07,0.0,-0.04381227493286133,-0.00021604295119322935
181600,-0.0006627397960983217,1.2368001671347884e-05,-3.688422966003418,4.968047e-07,0.0,0.06465369462966919,-0.00023226666320113053
181800,-0.0002774198947008699,1.9566150285754702e-05,-3.6884214878082275,3.0487774e-07,0.0,0.01302337646484375,-0.0001601723143214606
182000,-0.00036404957063496113,1.2650225494326151e-05,-3.6884271621704103,3.644824e-07,0.0,0.057805001735687256,-0.00018457693583213698
182200,-0.00042749656131491065,3.907159516529646e-05,-3.6884055197238923,3.7938355e-07,0.0,0.10774552822113037,-0.00017359282159578048
182400,-0.0004957154742442071,1.1911714875623147e-05,-3.688415640592575,3.1858684e-07,0.0,-0.19098269939422607,-0.00016786134994291048
182600,-0.00045725659583695233,1.2727755097330373e-05,-3.688426786661148,4.276633e-07,0.0,0.2411474585533142,-0.00022397557488307296
182800,-0.00041750495438463986,3.276139937042899e-05,-3.6884047210216524,4.5210123e-07,0.0,0.07599937915802002,-0.00020810322419027028
183000,-0.00044334057020023465,1.336263246685121e-05,-3.6884437918663027,3.2275915e-07,0.0,0.18444228172302246,-0.00017705087471290293
183200,-0.0005986143369227648,2.3044453155307564e-05,-3.688413691520691,4.5061114e-07,0.0,0.05646425485610962,-0.00024760129953881326
183400,-0.00044149046880193055,1.1028395806533809e-05,-3.6884326338768005,4.0203332e-07,0.0,0.009307801723480225,-0.00018656191268155985
183600,-0.0004254000377841294,3.115791109848942e-05,-3.688425451517105,2.7000902e-07,0.0,0.026702046394348145,-0.00013994021458900717
183800,-0.0005447185249067843,1.83507086831014e-05,-3.6883859038352966,3.9100647e-07,0.0,-0.07583189010620117,-0.00020629054294341032
184000,-0.00025077315513044596,1.242127718796837e-05,-3.688439017534256,2.5600195e-07,0.0,0.22504472732543945,-0.00013855024749909184
184200,-0.0003888180654030293,1.7431684477742236e-05,-3.688359260559082,5.9247014e-07,0.0,0.033947646617889404,-0.00021657636040695039
184400,-0.0007609578897245228,3.538959226716543e-05,-3.6883924901485443,9.122491e-07,0.0,0.13255512714385986,-0.0003048555406594433
184600,-0.0006202058284543455,2.8821416799473808e-05,-3.6884068310260774,4.908443e-07,0.0,0.22416239976882935,-0.0002257010650735136
184800,-0.00037326966412365437,1.3857991893928556e-05,-3.6883926689624786,3.9368868e-07,0.0,0.2199680209159851,-0.00019294157660010303
185000,-0.0005362434312701225,2.0165510613878722e-05,-3.6883841156959534,3.7163497e-07,0.0,0.0011971592903137207,-0.00019691422538608145
185200,-0.0008177300333045423,5.392968064370507e-05,-3.6884036004543304,4.1931867e-07,0.0,0.003827393054962158,-0.00022091891769771
185400,-0.0003778375394176692,2.1199794218773604e-05,-3.6884103953838348,4.261732e-07,0.0,0.05864226818084717,-0.0001957838669754852
185600,-0.0005950932390987873,1.463628068449907e-05,-3.6883768141269684,4.6521424e-07,0.0,0.09924888610839844,-0.00021422952442800013
185800,-0.0006174760055728257,1.0793359285798942e-05,-3.688372880220413,3.415346e-07,0.0,0.06626546382904053,-0.0001651514913179053
186000,-0.0006107423105277121,1.6848469090291474e-05,-3.688357484340668,8.353591e-07,0.0,0.07296723127365112,-0.0002507796681321839
186200,-0.00042707831016741693,2.03540060965679e-05,-3.6883900463581085,3.4421683e-07,0.0,0.06861907243728638,-0.00017919670766302075
186400,-0.00036210354301147163,1.4768790060770698e-05,-3.688371312618256,3.2424924e-07,0.0,0.14171749353408813,-0.00017092081949817705
186600,-0.000386551721021533,2.904626062445459e-05,-3.688349050283432,4.991889e-07,0.0,0.10448527336120605,-0.0001991664176324015
186800,-0.0004556126950774342,1.192729500871792e-05,-3.6883686184883118,3.4809113e-07,0.0,0.18111485242843628,-0.00016819836170998138
187000,-0.0005039760144427419,6.744573584001045e-05,-3.6883808434009553,4.056096e-07,0.0,0.1480196714401245,-0.0001723527240619749
187200,-0.0005784470122307539,2.0092314753128448e-05,-3.688407415151596,3.5911796e-07,0.0,0.10243934392929077,-0.00020016369332154227
187400,-0.000383369013434276,1.6429976358267596e-05,-3.6883878290653227,3.284216e-07,0.0,-0.05953836441040039,-0.00014447425233629074
187600,-0.00042773628956638277,2.337377732146706e-05,-3.6884019494056703,3.4898522e-07,0.0,0.09792560338973999,-0.0002075234995937869
187800,-0.0003821986319962889,2.354022963118041e-05,-3.688390517234802,4.091859e-07,0.0,0.1672467589378357,-0.00020585235728640683
188000,-0.000563007895834744,2.2930995328351855e-05,-3.688358598947525,5.543232e-07,0.0,-0.13091206550598145,-0.00022886939852514442
188200,-0.0005227673100307584,1.6979436418296244e-05,-3.6883678793907166,3.4332277e-07,0.0,-0.01980721950531006,-0.00018868961968382392
188400,-0.0003593196452129632,2.0878664031442895e-05,-3.688364976644516,3.620982e-07,0.0,-0.0687105655670166,-0.00016315845449481613
188600,-0.0003683268732856959,2.5712011392897693e-05,-3.6883918404579163,3.3199788e-07,0.0,0.09005022048950195,-0.00017013377994268275
188800,-0.0007358303410001099,2.5719536370161223e-05,-3.6883839547634123,4.4912102e-07,0.0,0.03835439682006836,-0.0002222861574243673
189000,-0.0005072517087683082,2.0465608145059377e-05,-3.688379544019699,2.9057264e-07,0.0,0.022058486938476562,-0.0001624713086921581
189200,-0.0004106676497031003,9.538958568100498e-06,-3.688393008708954,7.522106e-07,0.0,0.07827085256576538,-0.0002998217350223098
189400,-0.0004956834018230438,2.7107729056297104e-05,-3.688394582271576,4.965067e-07,0.0,0.07654619216918945,-0.0002118213027829441
189600,-0.0004420897166710347,1.0951771741929406e-05,-3.688387131690979,2.977252e-07,0.0,0.14458930492401123,-0.00016647523690149768
189800,-0.0004147979198023677,1.6322003375535132e-05,-3.688366025686264,3.388524e-07,0.0,0.14231222867965698,-0.00016482090929116345
190000,-0.0002769949205685407,1.4564193509158941e-05,-3.6883772730827333,3.0696393e-07,0.0,0.1756783127784729,-0.00018560428149827501
190200,-0.0007254102383740246,3.629904613262624e-05,-3.6883702874183655,7.0780516e-07,0.0,-0.03492617607116699,-0.0002868977345092283
190400,-0.0005259650642983615,9.38213001973054e-06,-3.688401347398758,4.5865772e-07,0.0,-0.16648030281066895,-0.00022520358746138668
190600,-0.0004930000868625939,1.5814598987162755e-05,-3.688393992185593,4.068017e-07,0.0,-0.04670214653015137,-0.00019747865385392194
190800,-0.0004736848350148648,3.5931415413870124e-05,-3.6884210646152495,4.1425227e-07,0.0,0.05272191762924194,-0.00020687719437932904
191000,-0.0004363768675830215,2.7326565577823204e-05,-3.688404357433319,4.5746566e-07,0.0,-0.020955681800842285,-0.00019943387776848452
191200,-0.0004943640087731183,1.773985845829884e-05,-3.688379627466202,3.0755996e-07,0.0,0.07029426097869873,-0.0001476197242133992
191400,-0.0005022434634156525,7.010930403339444e-06,-3.688380080461502,3.6299227e-07,0.0,0.137414813041687,-0.00018515865685060363
191600,-0.00044815492583438754,2.130411751295469e-05,-3.688377875089645,6.395578e-07,0.0,0.019667506217956543,-0.0002670553313379287
191800,-0.00047514872858300805,9.826734071793908e-06,-3.688406229019165,3.5583975e-07,0.0,-0.07377755641937256,-0.00018579322839307189
192000,-0.00045000435784459114,1.8516654995437422e-05,-3.6883858919143675,4.789233e-07,0.0,-0.03906524181365967,-0.0002270002965505613
192200,-0.00039742779335938394,2.0494446380325827e-05,-3.688380515575409,5.093217e-07,0.0,0.13356280326843262,-0.00022325265732137112
192400,-0.0005310472333803773,2.2878053528074815e-05,-3.6883797466754915,3.9458274e-07,0.0,0.1586664915084839,-0.00021724112438006315
192600,-0.0004430933331605047,1.131724188780936e-05,-3.688373160362244,3.07858e-07,0.0,-0.13716518878936768,-0.00017665038380392238
192800,-0.0007182364934124053,1.1761528367060236e-05,-3.6883869409561156,5.200505e-07,0.0,0.030360043048858643,-0.0002577043913191801
193000,-0.00047149049350991845,2.6371820558779292e-05,-3.688385146856308,3.7938358e-07,0.0,0.11148947477340698,-0.00018618159327786764
193200,-0.00038948425208218396,2.5598005595384166e-05,-3.6883997678756715,2.5719405e-07,0.0,0.050871968269348145,-0.00014949895503962862
193400,-0.000392235757317394,3.231036253055208e-05,-3.6884292364120483,1.7940998e-07,0.0,0.031126677989959717,-0.00010842693531920577
193600,-0.0005023572011850774,2.135254103450279e-05,-3.688395792245865,4.9859284e-07,0.0,0.15540772676467896,-0.0002239091567789675
193800,-0.0005465069552883506,2.1962545542919542e-05,-3.6884401738643646,4.0650366e-07,0.0,0.18430060148239136,-0.00020702411096772398
194000,-0.0003343240823596716,1.4587701957680111e-05,-3.6883886098861693,3.0636787e-07,0.0,0.1377137303352356,-0.00015908443868783984
194200,-0.00019056739984080195,2.670872381713707e-05,-3.6883911311626436,2.9981138e-07,0.0,0.07240647077560425,-0.00013012529918436931
194400,-0.0005922202253714204,1.5540857907581086e-05,-3.6884189546108246,4.5061114e-07,0.0,0.13257622718811035,-0.00021170526881235662
194600,-0.00019711464119609445,2.395895317022223e-05,-3.688442659378052,2.682209e-07,0.0,0.13119572401046753,-0.00014438065886679396
194800,-0.0007001555641181767,2.678362097867648e-05,-3.6884095668792725,4.0918587e-07,0.0,-0.019022345542907715,-0.0002008600387315429
195000,-0.0005080229020677507,1.6574806795688347e-05,-3.6883770763874053,3.3557416e-07,0.0,0.16433370113372803,-0.0001579384965553987
195200,-0.00041568235610611737,1.1631428969849367e-05,-3.6883924126625063,3.543496e-07,0.0,0.20889025926589966,-0.00019783322616302447
195400,-0.00038449763087555766,5.079820634819043e-05,-3.688396418094635,4.0829184e-07,0.0,0.06666368246078491,-0.00019064405678090868
195600,-0.00039818036020733416,3.202248321940715e-05,-3.6883993983268737,4.3630598e-07,0.0,0.1512243151664734,-0.00022542683678965502
195800,-0.0005096475360915065,3.964672077927389e-05,-3.688434433937073,4.1395427e-07,0.0,0.006515026092529297,-0.0001960259309586876
196000,-0.00035600358387455344,5.289773189360858e-05,-3.6884075164794923,3.1799078e-07,0.0,0.03911322355270386,-0.0001600988251312274
196200,-0.0003478379803709686,2.2411998088500695e-05,-3.6883728563785554,3.9458277e-07,0.0,0.19771695137023926,-0.00020250998304707223
196400,-0.0005420886445790529,2.0061173745489214e-05,-3.688357961177826,5.6058167e-07,0.0,-0.09191250801086426,-0.00022437059669981884
196600,-0.00034498711465857923,8.841539329296211e-06,-3.688398987054825,3.9070846e-07,0.0,0.013757050037384033,-0.00019793126018612383
196800,-0.0004480314382817596,1.995409797928005e-05,-3.68839635848999,5.117059e-07,0.0,0.09516912698745728,-0.00023125405534711873
197000,-0.0004300066502764821,1.879777355497936e-05,-3.6883773386478422,6.297231e-07,0.0,0.07510721683502197,-0.0002459894178457489
197200,-0.0003802071150857955,2.1639783153659663e-05,-3.6883533716201784,2.9802322e-07,0.0,0.053309500217437744,-0.0001663579338982757
197400,-0.0004657504614442587,3.7085612893861254e-05,-3.6883791089057922,3.9994717e-07,0.0,0.0801553726196289,-0.0001949209136582808
197600,-0.0005079405382275581,3.427106621529674e-05,-3.68837633728981,3.1501057e-07,0.0,0.05136829614639282,-0.00018365646877258613
197800,-0.00037410433287732303,3.3332616339976084e-05,-3.6883697628974916,3.424287e-07,0.0,0.07672607898712158,-0.00016438809051724234
198000,-0.00037425736081786454,2.5533763073326553e-05,-3.688364213705063,3.680587e-07,0.0,0.04130399227142334,-0.00019473154896725297
198200,-0.0003309774328954518,2.224320651293965e-05,-3.688354730606079,3.5792587e-07,0.0,0.09431058168411255,-0.00018421485876161104
198400,-0.0006115406868048012,2.2373152046384347e-05,-3.6883642077445984,5.5640936e-07,0.0,0.1668604016304016,-0.00024862357261565824
198600,-0.0003125378570985049,2.9297423407115274e-05,-3.688366138935089,3.2633545e-07,0.0,0.02563953399658203,-0.00015822327145040838
198800,-0.0004717475676443428,3.321067661090638e-05,-3.6883850038051604,5.3763387e-07,0.0,0.10785746574401855,-0.0002571085279210017
199000,-0.000524233968462795,3.076014127145754e-05,-3.6883716523647307,3.2424924e-07,0.0,0.04542946815490723,-0.00017648714680802425
199200,-0.000289061019429937,3.280286673543742e-05,-3.688368821144104,2.8192994e-07,0.0,0.09294992685317993,-0.00017130656443220538
199400,-0.0003093596897087991,1.650352922979437e-05,-3.6883455395698546,4.9859284e-07,0.0,0.1600549817085266,-0.0001762025128703826
199600,-0.00038508817669935524,1.2514293939602793e-05,-3.6883931696414947,2.6494263e-07,0.0,-0.009905815124511719,-0.0001750900973834124
199800,-0.0005151547957211733,1.9828738163596427e-05,-3.6883614659309387,4.0620566e-07,0.0,0.09580296277999878,-0.0002042002381825725
200000,-0.0004274891980458051,1.96662191683572e-05,-3.688377058506012,4.6521427e-07,0.0,0.014335215091705322,-0.00017710612713677242
