timestep,loss,value_loss,entropy_loss,approx_kl,clip_fraction,explained_variance,policy_gradient_loss
200,,,,,,,
400,-0.0005174623220227659,0.00021913513301115018,-3.6888740360736847,3.6388636e-07,0.0,0.854538083076477,-0.00022650522504408244
600,-0.00032323444611392915,0.0003915332341421163,-3.688873106241226,2.9087067e-07,0.0,0.8663582801818848,-0.00016212721199364565
800,-0.00011792700388468802,0.0012991296025575139,-3.6888725459575653,3.3110382e-07,0.0,-1.1888182163238525,-0.00017591503845415524
1000,6.307224975898862e-05,0.001151322700025048,-3.688871991634369,2.4348498e-07,0.0,-2.7999722957611084,-0.00013203738650808817
1200,-3.2435025786980987e-05,0.0010440640937304125,-3.688871318101883,3.8057567e-07,0.0,-3.302863121032715,-0.00017175994082592184
1400,-1.780572347342968e-06,0.0009987140423618258,-3.6888713240623474,2.798438e-07,0.0,-6.961116790771484,-0.0001345275934756529
1600,1.9281520508229733e-05,0.001108242651389446,-3.6888713896274568,2.44081e-07,0.0,-3.698331832885742,-0.00012438517777839663
1800,0.00010019209003075957,0.0009353922112495638,-3.6888710021972657,2.6583672e-07,0.0,-7.853457450866699,-0.00015570035685095185
2000,8.249562233686447e-05,0.000875392893794924,-3.688871169090271,1.7583369e-07,0.0,-6.677917957305908,-0.00011100599949562807
2200,-2.779092756099999e-05,0.0006848276985692792,-3.688870334625244,2.0533798e-07,0.0,-5.64931058883667,-0.00011877002522098223
2400,7.919002382550389e-05,0.0006761876760720042,-3.6888691902160646,2.026558e-07,0.0,-4.662451267242432,-0.0001130670746722906
2600,5.420006345957518e-06,0.0006407785280316602,-3.688868886232376,1.6152859e-07,0.0,-7.541407585144043,-7.997521763094539e-05
2800,3.6017008824273944e-05,0.0007585832492623013,-3.6888683676719665,2.542138e-07,0.0,-10.323205947875977,-0.00012482076168525148
3000,-4.387134686112404e-05,0.0006993562346906401,-3.688867962360382,2.554059e-07,0.0,-2.9659950733184814,-0.00013255588663428907
3200,-2.9153161449357867e-06,0.0006203108925546986,-3.6888664305210113,2.8073788e-07,0.0,-10.834632873535156,-0.000106268152112321
3400,-7.267779437825084e-06,0.0005050887848483399,-3.688865786790848,3.0368568e-07,0.0,-8.043567657470703,-0.00013800737278553133
3600,-0.00013027772365603596,0.0004605679197993595,-3.688865786790848,1.9341707e-07,0.0,-4.466220378875732,-0.00010436288243251824
3800,-2.576026599854231e-05,0.0005860347668203758,-3.6888653457164766,2.479553e-07,0.0,-2.1288723945617676,-0.00013527384527209919
4000,7.881669444032013e-05,0.0004956605625920929,-3.6888662576675415,2.1725893e-07,0.0,-5.835458278656006,-0.00011934433800933064
4200,-8.156737021636218e-05,0.0004322677632444538,-3.6888655185699464,3.0875208e-07,0.0,-6.2234907150268555,-0.00013832802285957958
4400,-0.00014784882660023868,0.00038243808776314834,-3.6888640105724333,2.0474195e-07,0.0,-7.939594268798828,-0.00010896050982471817
4600,-8.761000935919583e-05,0.0004269644861778943,-3.6888621389865874,2.104044e-07,0.0,-7.667777061462402,-0.00010511068893181985
4800,-0.00013218520325608552,0.00031200430348690136,-3.68886251449585,1.8805264e-07,0.0,-5.63992166519165,-0.00010152549196846827
5000,-0.00014130248746369034,0.0003820573398115812,-3.6888611972332,3.4362077e-07,0.0,-2.516826868057251,-0.00017224031645228787
5200,-7.558895595138893e-05,0.00035198168479837476,-3.6888616561889647,2.6136638e-07,0.0,-6.757190704345703,-0.00012820182876129848
5400,-0.00019053138385061175,0.00032284748085658065,-3.688862681388855,2.014637e-07,0.0,-6.855098247528076,-0.0001315987111306427
5600,-0.0002848644508048892,0.0003486972276732558,-3.6888596653938293,4.0113926e-07,0.0,-8.28093433380127,-0.00017276248384074934
5800,-0.0001611274783499539,0.0002471710889949463,-3.6888616383075714,3.921986e-07,0.0,-1.2827849388122559,-0.0001836677792975472
6000,-0.00017526742885820568,0.0002452094842738006,-3.688858824968338,2.2619963e-07,0.0,-10.035597801208496,-0.00011013168083131574
6200,-0.00016808504005894065,0.00027224843615840654,-3.6888631105422975,1.8954276e-07,0.0,-9.938302040100098,-0.00010789564295352606
6400,-0.00019593654724303633,0.0002462005126290023,-3.688861846923828,1.8298627e-07,0.0,-7.621869087219238,-0.00011105200611791766
6600,-0.000234677703701891,0.000265615508396877,-3.6888591647148132,3.7014485e-07,0.0,-11.208487510681152,-0.00015890604261379338
6800,-0.00017806948744691908,0.0001599065260961652,-3.6888616502285005,1.9192696e-07,0.0,-6.29884147644043,-0.00012369135772019035
7000,-0.0001684170274529606,0.0001523575681858347,-3.6888572931289674,2.3424626e-07,0.0,-2.6188583374023438,-0.00010896660400054881
7200,-0.00011133211955893785,0.00016253562807833077,-3.688854879140854,4.2349103e-07,0.0,-4.794801235198975,-0.0001485656452476114
7400,-0.00024793687043711543,0.0001758747694111662,-3.6888572573661804,1.8715859e-07,0.0,-5.845332145690918,-9.325628717090639e-05
7600,-0.00027694011805579066,0.00011482222307677148,-3.6888553321361544,2.4378298e-07,0.0,-3.9541850090026855,-0.00011946494792618445
7800,-0.00011697555601131171,0.00014770227498956957,-3.6888556301593782,2.1487473e-07,0.0,-4.895750045776367,-0.00010474297447762292
8000,-0.0001375445572193712,0.00016286839290842182,-3.688855266571045,2.259016e-07,0.0,-3.6162772178649902,-0.00011013460101821915
8200,-0.00010426501830806956,0.00013507504663721193,-3.6888569474220274,2.002716e-07,0.0,-8.765942573547363,-0.0001270900291822752
8400,-0.00024431475321762264,0.0001486647375713801,-3.688854086399078,2.4884937e-07,0.0,-4.279318809509277,-0.00012792455123175617
8600,-0.0003509768866933882,0.00014532252243952825,-3.6888557612895965,2.1010638e-07,0.0,-3.554229259490967,-0.00011897882788776126
8800,-0.0004568352014757693,8.669750250192009e-05,-3.688855195045471,2.4199485e-07,0.0,-1.7499651908874512,-0.00012059693007064887
9000,-0.0002553925442043692,0.00010225892601738451,-3.6888550937175753,3.4958123e-07,0.0,-1.7132234573364258,-0.00017904958052350484
9200,-0.0002272221609018743,9.694776026663021e-05,-3.6888518273830413,2.5957823e-07,0.0,-6.163811683654785,-0.00010219995625593281
9400,-0.00029314050334505737,6.269534310376912e-05,-3.6888524889945984,2.604723e-07,0.0,-2.3555400371551514,-0.00012305253795501513
9600,-0.0002437796792946756,0.00011409718781578704,-3.688852685689926,2.4318695e-07,0.0,-4.690713882446289,-0.00012530819370990543
9800,-0.00031608674908056855,0.00012046514566463885,-3.6888536870479585,3.1620263e-07,0.0,-2.2910118103027344,-0.00015929688571121315
10000,-0.0002526254684198648,5.9635304069161066e-05,-3.688850039243698,3.299117e-07,0.0,-2.820319652557373,-0.00015816819682328286
10200,-0.0004428077954798937,9.594224093234516e-05,-3.688853603601456,4.23491e-07,0.0,-0.7246283292770386,-0.0001866224935000993
10400,-0.00031464776839129627,7.340193765230652e-05,-3.688854491710663,2.4825334e-07,0.0,-2.095517158508301,-0.0001255810713185035
10600,-0.0003220204380340874,5.7999120463136934e-05,-3.688849401473999,3.3736228e-07,0.0,-1.437629222869873,-0.00017729080422948518
10800,-0.00027585745556280017,6.815843971708091e-05,-3.688850599527359,2.5749205e-07,0.0,-1.480217456817627,-0.00011993756859606242
11000,-0.00041780172614380717,5.3273116282070984e-05,-3.688849371671677,4.2796137e-07,0.0,-1.1719608306884766,-0.00019689453337310426
11200,-0.00035450258292257786,2.8765850947820583e-05,-3.6888498961925507,3.924966e-07,0.0,-1.3663082122802734,-0.00015796019108529346
11400,-0.0005300129996612668,4.271471680112881e-05,-3.688854491710663,4.3213367e-07,0.0,-0.48860204219818115,-0.00021883646312339521
11600,-0.0006335258367471397,6.147831204543764e-05,-3.688854217529297,6.872416e-07,0.0,-0.27701497077941895,-0.00028591898023682115
11800,-0.0002600686566438526,4.293869228604308e-05,-3.6888511538505555,2.3514033e-07,0.0,-2.611600875854492,-0.00013519607371748066
12000,-0.000634916708804667,2.5084580738621298e-05,-3.688847857713699,4.4226647e-07,0.0,-1.1623420715332031,-0.00018713688070182144
12200,-0.0005813567549921572,4.1917856106010734e-05,-3.6888511300086977,3.710389e-07,0.0,-0.7024576663970947,-0.00019001471244337598
12400,-0.0003662430390249938,4.3982940951536875e-05,-3.6888536393642424,2.935529e-07,0.0,-0.8386783599853516,-0.0001499810516021327
12600,-0.00022562315280083567,5.722884388887905e-05,-3.6888500928878782,2.5123356e-07,0.0,-0.4028036594390869,-0.00012648978901302343
12800,-0.001143376575782895,4.763882043334888e-05,-3.6888464629650115,9.4890595e-07,0.0,-0.6479225158691406,-0.0003050626035686399
13000,-0.0005004527047276497,2.4334178215212886e-05,-3.6888472855091097,4.2766334e-07,0.0,-0.4754042625427246,-0.00016597981735639867
13200,-0.00015401309065055102,2.286905003074935e-05,-3.6888501405715943,3.1232835e-07,0.0,-1.229548692703247,-0.00015153490062802533
13400,-0.0003001743461936712,2.4838711897245958e-05,-3.6888517439365387,1.9520522e-07,0.0,-0.513147234916687,-0.00011426445996733924
13600,-0.0005728473770432174,3.313345036985993e-05,-3.6888486444950104,5.9872866e-07,0.0,-0.07570481300354004,-0.00025284756661196893
13800,-0.0005307602696120739,5.8204349170409844e-05,-3.6888487696647645,3.8474795e-07,0.0,-0.2768610715866089,-0.00015967623876371738
14000,-0.0002693559508770704,2.8551791820063956e-05,-3.6888479769229887,4.2021276e-07,0.0,-0.21926987171173096,-0.00016869084559330006
14200,-0.00046474768896587193,2.1818452069055638e-05,-3.688848102092743,2.643466e-07,0.0,-0.18427622318267822,-0.00015809517336271562
14400,-0.00027804216369986534,3.1521078017249235e-05,-3.688846641778946,2.9444695e-07,0.0,-0.06102871894836426,-0.00014021202968208523
14600,-0.000527651165612042,6.523133051814512e-05,-3.688848394155502,2.6077032e-07,0.0,-0.08483636379241943,-0.00015697261438025746
14800,-0.00032642600126564503,1.7647468212089734e-05,-3.688848131895065,3.6686657e-07,0.0,-0.14828228950500488,-0.00018493935410197616
15000,-0.0005371799343265593,3.490043354759109e-05,-3.6888424336910246,4.774332e-07,0.0,-0.04831194877624512,-0.0001995929933542584
15200,-0.0004964760155417025,2.031623441780539e-05,-3.6888454377651216,3.6865472e-07,0.0,-0.06034815311431885,-0.00017771539092921175
15400,-0.0003646036493591964,1.95455767425301e-05,-3.6888435006141664,2.834201e-07,0.0,0.004825711250305176,-0.00015742191767282866
15600,-0.00040732210618443787,1.4791899548072252e-05,-3.688844907283783,3.6388636e-07,0.0,-0.18910813331604004,-0.00018889038328993025
15800,-0.0003953569394070655,2.3451365154869564e-05,-3.6888452410697936,3.2633545e-07,0.0,-0.07745349407196045,-0.00017266263014246164
16000,-0.00029079479281790555,2.2067405348025203e-05,-3.6888460218906403,2.1070242e-07,0.0,-0.05692613124847412,-0.00013184786824490535
16200,-0.0005915738875046372,3.068935475312173e-05,-3.6888442516326903,3.501773e-07,0.0,-0.015596151351928711,-0.00019462977946926863
16400,-0.0005131165962666273,2.0061524901393567e-05,-3.6888426184654235,4.0918587e-07,0.0,-0.054430603981018066,-0.00020438450772279903
16600,-0.00044732840615324676,3.8539280012628296e-05,-3.688844841718674,3.942847e-07,0.0,0.030102133750915527,-0.0001784969787483881
16800,-0.0005389467696659267,1.9494363414196414e-05,-3.6888468623161317,3.114343e-07,0.0,0.04812312126159668,-0.00017709061592046104
17000,-0.00040234994958154857,2.2021714426045946e-05,-3.6888470590114593,3.2782555e-07,0.0,-0.013315677642822266,-0.00016894892592556054
17200,-3.235865733586252e-05,2.8749773582603667e-05,-3.688842684030533,4.4107438e-07,0.0,-0.03050971031188965,-0.00018036322170582596
17400,-0.0005429598386399448,1.464578126615379e-05,-3.6888451099395754,4.1276218e-07,0.0,0.0380595326423645,-0.00020768329602951496
17600,-0.0004701078578364104,9.027603039157838e-06,-3.6888424515724183,2.9981135e-07,0.0,0.2221429944038391,-0.00016237845987370213
17800,-0.00022678205277770758,1.2839981195611472e-05,-3.688841480016708,2.7298927e-07,0.0,-0.03539228439331055,-0.00016101418457328264
18000,-0.00044216582318767905,6.20771492322092e-05,-3.6888397216796873,3.9875508e-07,0.0,0.007976353168487549,-0.0001880359130177922
18200,-0.0004788105725310743,6.0193223453097745e-05,-3.688837766647339,2.5987623e-07,0.0,-0.02142655849456787,-0.00013288114977809683
18400,-0.0005784370587207377,2.5136758949884097e-05,-3.688834148645401,5.069375e-07,0.0,0.018873095512390137,-0.00021414568908943997
18600,-0.00035467231646180153,4.204014294373337e-05,-3.6888363480567934,3.349781e-07,0.0,-0.05890798568725586,-0.00015160034583061588
18800,-0.0004366399662103504,3.22175487781351e-05,-3.6888313591480255,4.1782857e-07,0.0,0.03399050235748291,-0.00018882051848402305
19000,-0.0004113061586394906,3.7220754711597694e-05,-3.6888363301753997,3.7521124e-07,0.0,-0.01933276653289795,-0.00018882976361420667
19200,-0.00029195332899689674,1.1747506403025908e-05,-3.6888304352760315,2.3066997e-07,0.0,-0.021052002906799316,-0.0001325863753911527
19400,-0.0004691297363024205,1.8454650080457215e-05,-3.6888297140598296,4.5448542e-07,0.0,0.03586578369140625,-0.00022202613780195613
19600,-0.0006994738359935582,2.293949605700618e-05,-3.688829803466797,3.772974e-07,0.0,-0.07088232040405273,-0.0002254403931682747
19800,-0.000333935662638396,1.0678665057639592e-05,-3.6888300478458405,2.8938055e-07,0.0,0.25656598806381226,-0.00016059690697103334
20000,-0.00034513897844590247,3.9349843109448554e-05,-3.6888340413570404,2.5570392e-07,0.0,0.07586920261383057,-0.00012323734207007054
20200,-0.0002886219590436667,2.532784897084639e-05,-3.68883153796196,2.2262336e-07,0.0,0.04752016067504883,-0.00012587536921251363
20400,-0.0002129552885890007,1.9139491473652016e-05,-3.6888282537460326,2.3156406e-07,0.0,-0.0033763647079467773,-0.00015115502416542803
20600,-0.00022392277605831623,2.404942390512588e-05,-3.688827782869339,3.477931e-07,0.0,0.14934450387954712,-0.00014435600494101531
20800,-0.00036754008033312857,1.594524683241616e-05,-3.6888270735740663,3.7789343e-07,0.0,-0.03680431842803955,-0.0001911021023973336
21000,-0.00032566237496212125,2.0189672932247048e-05,-3.6888272285461428,3.4600498e-07,0.0,0.03164362907409668,-0.0001685995821018027
21200,-0.000603657856117934,1.9479254501675313e-05,-3.688830053806305,6.9230794e-07,0.0,0.11073356866836548,-0.0002364270983397976
21400,-0.00027062586741521955,1.3049751339622162e-05,-3.688835418224335,2.0354986e-07,0.0,0.0860673189163208,-0.00011701992299366637
21600,-0.0005399083020165563,1.7607301288080635e-05,-3.6888267576694487,5.203485e-07,0.0,-0.2785971164703369,-0.0002230121199101598
21800,-0.00037581592914648354,1.5602400731040687e-05,-3.6888328909873964,2.9295683e-07,0.0,-0.22956275939941406,-0.00016238839152555863
22000,-0.00022118735068943352,2.5691503196867416e-05,-3.68883096575737,2.3126603e-07,0.0,-0.03136551380157471,-0.00014082801444010863
22200,-0.00048465459258295596,1.730408102957881e-05,-3.688830476999283,4.8100947e-07,0.0,-0.044565796852111816,-0.00021549318828510965
22400,-0.0005509836482815444,4.08343626986607e-05,-3.688829618692398,4.118681e-07,0.0,-0.007812023162841797,-0.00017935115093938858
22600,-0.00029635822284035385,3.123215055893525e-05,-3.688827157020569,3.9279462e-07,0.0,0.007823467254638672,-0.00018318898946608763
22800,-0.0004125963896512985,3.1986751537260716e-05,-3.688835155963898,2.2679566e-07,0.0,0.006943404674530029,-0.00013850149572025572
23000,-0.0003887136990670115,1.2762625487994228e-05,-3.6888307869434356,2.4706125e-07,0.0,-0.07621181011199951,-0.00013804215282282596
23200,-0.00024344011035282165,2.7705683396561654e-05,-3.688831901550293,2.4855137e-07,0.0,-0.012451887130737305,-0.00013555503586829275
23400,-0.0003602979704737663,1.424232043518714e-05,-3.688826584815979,3.1590463e-07,0.0,0.09602642059326172,-0.00018610953863764656
23600,-0.0003080538590438664,2.2654556096313173e-05,-3.6888269662857054,2.3186206e-07,0.0,-0.011295914649963379,-0.0001097406142135604
23800,-0.00020440183288883418,3.753894393412338e-05,-3.6888316452503203,2.1308661e-07,0.0,0.0332297682762146,-0.00014522446741580542
24000,-0.0004922609659843147,2.592846149127581e-05,-3.6888306021690367,3.8355589e-07,0.0,0.13944685459136963,-0.00018956151577503855
24200,-0.00041236155084334314,2.49386748237157e-05,-3.688828504085541,4.3183564e-07,0.0,0.11956292390823364,-0.00017411766936266116
24400,-0.00023667330970056355,3.3108557863670286e-05,-3.688823199272156,3.8415195e-07,0.0,0.007967650890350342,-0.00014196157467614157
24600,-0.0004888858529739082,1.2115183290006826e-05,-3.688824313879013,4.8965217e-07,0.0,0.029608607292175293,-0.00021831571893233815
24800,-0.0005161524168215692,2.576523693278432e-05,-3.6888252019882204,2.9712913e-07,0.0,-0.06326615810394287,-0.00018023872475612102
25000,-0.0006713201873935759,1.3706551681025302e-05,-3.6888242244720457,4.905462e-07,0.0,0.09706181287765503,-0.00025154526555888347
25200,-0.0002733426808845252,2.9284869606271967e-05,-3.6888202488422395,2.5600195e-07,0.0,-0.031912803649902344,-0.00013288211833923925
25400,-0.0006455271504819393,3.1725594135423306e-05,-3.6888207316398622,7.6949595e-07,0.0,0.01625955104827881,-0.00028226119457928076
25600,-0.0005810268921777606,2.6057807144752587e-05,-3.688818484544754,6.0617924e-07,0.0,-0.04108250141143799,-0.00022087814017885955
25800,-0.000312378047965467,2.101635002418334e-05,-3.6888201892375947,2.9951335e-07,0.0,-0.14303123950958252,-0.00016482779344872966
26000,-0.00039253881550394,2.043772180968517e-05,-3.6888188898563383,4.7355888e-07,0.0,0.05062365531921387,-0.00023223233244209495
26200,-0.0002732287684921175,1.682094948591839e-05,-3.688825798034668,2.8401612e-07,0.0,0.024257421493530273,-0.0001691640615626877
26400,-0.0001310423540417105,4.223573341732845e-05,-3.6888227999210357,1.4483929e-07,0.0,0.08290952444076538,-0.00010525352521071341
26600,-0.000415534945204854,1.8832073374142054e-05,-3.6888193666934965,2.7567148e-07,0.0,-0.30080747604370117,-0.00015870047348738315
26800,-0.0007366488571278751,1.6263540987893067e-05,-3.688815915584564,4.9442053e-07,0.0,-0.0693289041519165,-0.00025241987434470036
27000,-0.0003848203341476619,1.3443369971355423e-05,-3.6888165950775145,2.2262336e-07,0.0,-0.11924028396606445,-0.0001386016461169648
27200,-0.00026869765133596957,3.244027629989432e-05,-3.688819283246994,2.5242568e-07,0.0,0.04506874084472656,-0.00014696486250702633
27400,-0.00048644846538081765,3.2051702055468924e-05,-3.6888183474540712,3.2186506e-07,0.0,0.014072716236114502,-0.00017700371064472976
27600,-0.0002191650855820626,2.0720153929687513e-05,-3.688814306259155,1.9162893e-07,0.0,0.010275423526763916,-0.00012064792283363878
27800,-0.00027919819694943726,2.9827876551280498e-05,-3.688816124200821,2.7775764e-07,0.0,-0.1857912540435791,-0.0001647884901033736
28000,-0.00046021179878152907,4.60609968740755e-05,-3.6888108432292936,3.167987e-07,0.0,0.04816311597824097,-0.00015428246570223792
28200,-0.0004315209516789764,2.2522367453348123e-05,-3.6888132274150847,6.1452386e-07,0.0,0.01930171251296997,-0.00024285504357886013
28400,-0.00028927065432071686,1.6132652058331586e-05,-3.6888082206249235,3.579259e-07,0.0,0.0839654803276062,-0.0001664921804114261
28600,-0.0005447714938782156,1.2041512877658534e-05,-3.6888157725334167,4.002452e-07,0.0,0.007833778858184814,-0.00020774028484051854
28800,-0.000325776229146868,2.5226139950973447e-05,-3.6887956082820894,4.2408703e-07,0.0,0.038404107093811035,-0.00017110175547214724
29000,-0.0007311057997867465,2.061005432096863e-05,-3.68879611492157,5.805492e-07,0.0,0.09455537796020508,-0.0002549873157572602
29200,-0.0004394527932163328,2.469753089826554e-05,-3.6888070166110993,3.0875205e-07,0.0,0.028853237628936768,-0.00017463864420035334
29400,-0.0005271686241030693,2.585858519523754e-05,-3.688791739940643,4.5984984e-07,0.0,-0.09079062938690186,-0.00018736569646273792
29600,-0.00034503533970564604,1.1664114560971939e-05,-3.6888034880161285,2.8073788e-07,0.0,0.09313225746154785,-0.00015339667440681382
29800,-0.0002547132025938481,3.2539611083848285e-05,-3.6887984693050386,2.503395e-07,0.0,0.013345181941986084,-0.00016004414778769682
30000,-0.0002861047105398029,3.6778920866709085e-05,-3.688799625635147,3.2275915e-07,0.0,0.13006854057312012,-0.00013791172984509715
30200,-0.00042148560169152915,2.4527575760657783e-05,-3.688795346021652,2.8163194e-07,0.0,-0.03951001167297363,-0.000145878392419041
30400,-0.0005125830648466945,2.664100761649024e-05,-3.6888002812862397,3.609061e-07,0.0,-0.03919064998626709,-0.00017003171243854532
30600,-0.0007290293578989804,2.0576726205945307e-05,-3.688798666000366,5.0544736e-07,0.0,0.04129815101623535,-0.00024853058066756086
30800,-0.00033744986285455525,1.3495586495082535e-05,-3.6887981593608856,4.3570998e-07,0.0,0.15799641609191895,-0.00021166504851748423
31000,-0.0005322964861989021,2.044369850864314e-05,-3.6887935221195223,4.7415494e-07,0.0,0.008808612823486328,-0.00019057053283035862
31200,-0.0002601594605948776,5.1388832889642797e-05,-3.6887930154800417,3.144145e-07,0.0,0.12656229734420776,-0.00018018266575268172
31400,-0.0006947724614292383,1.6797670036794442e-05,-3.6887962102890013,3.6627054e-07,0.0,-0.00668787956237793,-0.0001942077627784311
31600,-0.0004836124135181308,4.115688152523944e-05,-3.6887889921665193,3.8057564e-07,0.0,0.051898837089538574,-0.00018512421810590318
31800,-0.0003916652640327811,3.265035197728139e-05,-3.688783711194992,4.187226e-07,0.0,0.0035787224769592285,-0.00022004920303344555
32000,-0.000472360901767388,2.0564247415677527e-05,-3.6887848496437075,4.5239926e-07,0.0,0.03241991996765137,-0.0002051413809353031
32200,-0.00036034276126883924,2.8931474480486942e-05,-3.688783514499664,4.4733287e-07,0.0,0.03223317861557007,-0.00021360053887633512
32400,-0.0002444355050101876,1.951206907051528e-05,-3.688790851831436,2.8073788e-07,0.0,-0.13659191131591797,-0.00015682698762329306
32600,-0.00041487484122626483,1.4368927054420055e-05,-3.6887798964977265,4.374981e-07,0.0,0.1260673999786377,-0.0002009616629897959
32800,-0.0005582551239058375,1.5224641128952498e-05,-3.68879177570343,3.5941602e-07,0.0,-0.16588521003723145,-0.0002179905379221081
33000,-0.00016264014993794262,2.502340139471926e-05,-3.6887940764427185,1.4841557e-07,0.0,0.026201605796813965,-9.293101755207811e-05
33200,-0.0004167830338701606,1.533247811948968e-05,-3.688784682750702,3.9696693e-07,0.0,-0.08386743068695068,-0.0001927637169581331
33400,-0.0007722022710368037,1.3153270197108214e-05,-3.688786709308624,6.80089e-07,0.0,-0.135542631149292,-0.000283015399848674
33600,-0.0004825086798518896,1.0501991073397222e-05,-3.6887750208377836,3.6686657e-07,0.0,-0.014130353927612305,-0.00018085081907486255
33800,-0.00035855447640642524,8.027244928143772e-06,-3.6887866079807283,2.077222e-07,0.0,0.12557053565979004,-0.00011674377307211437
34000,-0.0004095184267498553,2.041686134361953e-05,-3.6887829840183257,3.7699937e-07,0.0,-0.01236414909362793,-0.00017804101151432938
34200,-0.0004964913241565228,1.5569918059554765e-05,-3.6887897908687592,3.8325788e-07,0.0,0.12029242515563965,-0.00020952303787271642
34400,-0.0002989773347508162,2.8151201013315587e-05,-3.6887935400009155,2.9206277e-07,0.0,0.01689779758453369,-0.00016320696594789296
34600,-0.00019596432684920728,2.4669480762895545e-05,-3.6887821316719056,3.156066e-07,0.0,0.0746082067489624,-0.00016143019454268882
34800,-0.0004067923582624644,3.15154431064002e-05,-3.6887839913368223,2.9683113e-07,0.0,0.07100427150726318,-0.0001809360538348681
35000,-0.00045228638919070363,4.399646277306601e-05,-3.688792032003403,3.9130452e-07,0.0,0.06412696838378906,-0.00016467977292133895
35200,-0.0006325310096144676,4.40990900642646e-05,-3.688784712553024,4.7504903e-07,0.0,0.09356600046157837,-0.00022559889451461145
35400,-0.00027512654196470976,3.8203776739464956e-05,-3.6887852787971496,4.2021273e-07,0.0,0.10521042346954346,-0.00020808616365115552
35600,-0.0004298051353543997,2.4781365391390862e-05,-3.688779240846634,3.272295e-07,0.0,0.18177759647369385,-0.00013500431191459938
35800,-0.0006694711628369987,2.033294829288934e-05,-3.6887952268123625,4.008412e-07,0.0,0.012785077095031738,-0.00023317003360716625
36000,-0.00046947464579716325,2.622293027343403e-05,-3.688794231414795,4.0262935e-07,0.0,0.06057584285736084,-0.0002075941858709074
36200,-0.00043671298772096634,6.132628500381543e-05,-3.6887929499149323,3.570318e-07,0.0,0.01293957233428955,-0.00018685002299658748
36400,-0.0005073890788480639,2.89979988565392e-05,-3.688782787322998,3.2156706e-07,0.0,0.16448569297790527,-0.00017579972907975084
36600,-0.000456588517408818,1.2787772379851959e-05,-3.6887844622135164,2.4259091e-07,0.0,-0.16482889652252197,-0.00013946487015885632
36800,-0.00046508345985785127,1.8378915297034836e-05,-3.6887842655181884,3.6656854e-07,0.0,-0.007822394371032715,-0.00020029106996957146
37000,-0.0004028719267807901,2.597523293843551e-05,-3.6887789189815523,4.4226647e-07,0.0,-0.018947243690490723,-0.00019677223883847185
37200,-0.0005509571055881679,4.4076478570787006e-05,-3.688784271478653,3.9756299e-07,0.0,0.061875343322753906,-0.00020295666130834
37400,-0.00035756255965679884,3.897779270118917e-05,-3.6887882590293883,2.8312206e-07,0.0,-0.06881880760192871,-0.00016641265169465848
37600,-0.00045793858589604497,2.9863507916161324e-05,-3.6887879490852358,4.0233135e-07,0.0,0.06414425373077393,-0.000179817780985847
37800,-0.0004990329616703093,2.295867084285419e-05,-3.688784682750702,3.3050776e-07,0.0,0.052303433418273926,-0.0001742181484166494
38000,-0.0003882551391143352,1.656643798924051e-05,-3.6887845039367675,3.5464763e-07,0.0,-0.18349313735961914,-0.0001851692645336911
38200,-0.000403241952881217,2.4753362845331138e-05,-3.688795405626297,3.0964614e-07,0.0,-0.2034543752670288,-0.00017862558342121026
38400,-0.00027537537971511483,1.8339205166739702e-05,-3.6887922465801237,1.5854836e-07,0.0,-0.03952205181121826,-0.00011152029738537017
38600,-0.0004320612642914057,1.0361088163790555e-05,-3.68878852725029,2.580881e-07,0.0,-0.083992600440979,-0.00017338928658934273
38800,-0.000392774905776605,1.6517736548848914e-05,-3.6887864589691164,2.732873e-07,0.0,0.06109750270843506,-0.00015305729594377037
39000,-0.00014972519420553,1.7584144802640368e-05,-3.6887732803821565,2.8282403e-07,0.0,0.064450204372406,-0.00015312928021646855
39200,-0.0003870466607622802,1.9863154648191994e-05,-3.6887819170951843,2.8669834e-07,0.0,-0.13245081901550293,-0.0001632172154656386
39400,-0.00036499908310361207,4.5646195985682425e-05,-3.688782203197479,3.1083823e-07,0.0,-0.013055205345153809,-0.00016586429229790146
39600,-0.0002720641787163913,1.83522621227894e-05,-3.688777869939804,3.156066e-07,0.0,0.08569931983947754,-0.0001962004376866666
39800,-0.00048772539594210684,2.386204978392925e-05,-3.68877694606781,2.8938052e-07,0.0,-0.029656410217285156,-0.0001616303925599194
40000,-0.0003100850444752723,2.4078260594251333e-05,-3.6887734472751617,3.1322242e-07,0.0,0.05798453092575073,-0.00017320369307117223
40200,-0.0005273264250718057,1.644395467792492e-05,-3.6887728929519654,3.8534404e-07,0.0,-0.014310479164123535,-0.0001873631316114288
40400,-0.000408002088079229,1.4808388777964865e-05,-3.6887819528579713,3.8027764e-07,0.0,0.10582602024078369,-0.0001834014660994754
40600,-0.00042852130718529224,2.4704573343115042e-05,-3.6887783646583556,3.5971402e-07,0.0,0.03476911783218384,-0.00018102243542110762
40800,-0.0005298265023157,2.5717262496982583e-05,-3.688773566484451,4.6879055e-07,0.0,0.007999420166015625,-0.00016699784990215072
41000,-0.0004638530663214624,2.7221184564041322e-05,-3.6887869477272033,4.017353e-07,0.0,-0.040767550468444824,-0.00021644452305098484
41200,-0.00035808043321594596,2.490198203304317e-05,-3.6887830674648283,2.8789043e-07,0.0,-0.0267026424407959,-0.00015551772815696195
41400,-0.00022660945251118392,3.489904624984774e-05,-3.688782262802124,2.762675e-07,0.0,0.06957131624221802,-0.00013202805689371822
41600,-0.0003367286117281765,3.2385892836828134e-05,-3.68878168463707,3.4868717e-07,0.0,-0.0397413969039917,-0.00019318111222605961
41800,-0.00033268058905377984,1.9767506364587463e-05,-3.6887870907783507,2.965331e-07,0.0,0.07388859987258911,-0.00016936406524326042
42000,-0.00033171448740176857,9.976122271382337e-06,-3.6887840569019317,2.6524066e-07,0.0,0.05520838499069214,-0.00014369408797580973
42200,-0.00031435719574801624,1.9165004459864576e-05,-3.6887873470783235,3.8176776e-07,0.0,0.1706695556640625,-0.00015412560043990276
42400,-0.00023404048988595605,1.9901602445315803e-05,-3.6887803971767426,2.589822e-07,0.0,-0.011646628379821777,-0.00015083909096629266
42600,-0.00020992134523112327,1.424189699719136e-05,-3.6887872934341432,2.8967858e-07,0.0,0.07238328456878662,-0.00016369327283973777
42800,-0.0006110897520557046,2.7176293724551214e-05,-3.6887769401073456,4.8190356e-07,0.0,0.06787627935409546,-0.00020915198369402254
43000,-0.0002950946509372443,1.643791647438775e-05,-3.6887799859046937,5.185604e-07,0.0,-0.05171048641204834,-0.00023878893389588373
43200,-0.0004294485261198133,2.2721948562320903e-05,-3.6887891948223115,5.033612e-07,0.0,0.04588192701339722,-0.00022532686580825078
43400,-0.0004557992797344923,1.7627409306442132e-05,-3.6887815654277802,3.1113626e-07,0.0,0.056123197078704834,-0.00017880717116497413
43600,-0.00032466190168634057,3.531382394612592e-05,-3.6887897551059723,3.576279e-07,0.0,0.006308913230895996,-0.00017940191833574204
43800,-0.0004593681078404188,3.1401419755638925e-05,-3.6887815237045287,3.9815902e-07,0.0,-0.014538407325744629,-0.000217941329768645
44000,-0.0004774432454723865,2.045632641056727e-05,-3.6887751042842867,4.836917e-07,0.0,-0.1563173532485962,-0.00019341181288601295
44200,-0.0002816547348629683,2.890560954256216e-05,-3.688781774044037,3.197789e-07,0.0,-0.01286172866821289,-0.00017997440699406563
44400,-0.0004638350510504097,1.3863227650290355e-05,-3.688776171207428,3.531575e-07,0.0,-0.0945667028427124,-0.0001810787838818495
44600,-0.00047186153824441135,1.0489798364687886e-05,-3.6887666463851927,5.698204e-07,0.0,0.11295044422149658,-0.0002526471177879852
44800,-0.000388591579394415,3.582219960662769e-05,-3.688776618242264,2.899766e-07,0.0,-0.06237494945526123,-0.00015812002805660197
45000,-0.0004500028444454074,6.302299725575722e-05,-3.688778394460678,3.8534404e-07,0.0,-0.04553377628326416,-0.000201847969542035
45200,-0.0004388878005556762,2.3425252925335373e-05,-3.6887840747833254,3.519654e-07,0.0,0.09325098991394043,-0.00019392828502338145
45400,-0.00048701753257773817,2.545060756347084e-05,-3.6887869417667387,4.0054323e-07,0.0,0.13660579919815063,-0.00018667402907882603
45600,-0.000759698508772999,2.625958827593422e-05,-3.688771593570709,5.474687e-07,0.0,-0.2846006155014038,-0.00027021515409675345
45800,-0.0004420308687258512,2.0975514280507924e-05,-3.6887807190418243,3.6865472e-07,0.0,0.06674504280090332,-0.00020378544915593543
46000,-0.00020584589219652116,3.28080035160383e-05,-3.6887823164463045,2.193451e-07,0.0,0.06302636861801147,-0.00013263727008359095
46200,-0.0005162770394235849,3.591430481719726e-05,-3.6887842237949373,4.2408703e-07,0.0,0.08847099542617798,-0.00024091497126814686
46400,-0.00030928573687560856,1.0688698262129038e-05,-3.688790899515152,3.2424924e-07,0.0,0.2222069501876831,-0.00015872036600808048
46600,-0.00037998997140675783,4.0244621413876305e-05,-3.6887754559516908,4.7862534e-07,0.0,0.046159982681274414,-0.00021023565617839246
46800,-0.0003569194523151964,2.276195800732239e-05,-3.688790386915207,1.9848348e-07,0.0,-0.07196331024169922,-0.000124522127763127
47000,-0.0005626834463328123,1.3794654091725533e-05,-3.6887881100177764,2.6613475e-07,0.0,0.016183555126190186,-0.00017959506656488599
47200,-0.0006290877936407924,1.8229774843803172e-05,-3.6887778759002687,5.617738e-07,0.0,0.10961318016052246,-0.00023003470102647138
47400,-0.000316635356284678,3.7656239283023754e-05,-3.688782638311386,2.348423e-07,0.0,0.07749068737030029,-0.0001402375554748647
47600,-0.00036942705628462136,3.549342231963237e-05,-3.6887758314609527,2.9444695e-07,0.0,-0.24788475036621094,-0.0001460416462892855
47800,-0.00036873784847557545,3.202899097232148e-05,-3.6887866377830507,2.6226044e-07,0.0,-0.06604206562042236,-0.00015895033660178192
48000,-0.0003363671130500734,3.2722115338401633e-05,-3.6887818336486817,2.4855137e-07,0.0,0.09270864725112915,-0.00013061767772910572
48200,-0.000455528381280601,2.05448122414964e-05,-3.6887946844100954,3.6031008e-07,0.0,0.05393761396408081,-0.00021194060084577248
48400,-0.0003407786425668746,2.2902122645973576e-05,-3.688782238960266,2.0295381e-07,0.0,0.09541070461273193,-0.00013103191487879863
48600,-0.00030095985857769847,1.4339871177071472e-05,-3.688783359527588,2.592802e-07,0.0,0.23980289697647095,-0.00014441680892776087
48800,-0.0005355451721698046,1.9954789195253397e-05,-3.6887799859046937,3.6776066e-07,0.0,0.06277889013290405,-0.00021900335549253082
49000,-0.000564588000997901,2.5207683438566165e-05,-3.6887746512889863,5.322695e-07,0.0,0.09261590242385864,-0.0002458051885694257
49200,-0.00022219217498786747,4.801128634426277e-05,-3.688773548603058,3.3318997e-07,0.0,0.04309487342834473,-0.00015373460956198405
49400,-0.00027294273604638875,5.644095717798337e-05,-3.688782721757889,2.1100044e-07,0.0,0.0574837327003479,-0.00012509609723849736
49600,-0.0004458473122213036,3.0175109350238928e-05,-3.6887699246406553,3.33488e-07,0.0,0.022634029388427734,-0.00019164974705927486
49800,-0.00024444525479339063,3.1750103380545626e-05,-3.6887868463993074,2.1398067e-07,0.0,0.019316554069519043,-0.0001244687737345096
50000,-0.0006969914538785815,3.8905651399545606e-05,-3.6887692391872404,5.6743625e-07,0.0,-0.043764472007751465,-0.00025966934068319956
50200,-0.0005636793212033808,4.981100364602753e-05,-3.688773310184479,5.3524974e-07,0.0,-0.02602982521057129,-0.00025353390168311176
50400,-0.0005735935992561281,2.9083930712658912e-05,-3.688767743110657,4.568696e-07,0.0,-0.07456588745117188,-0.00020450940826970409
50600,-0.00029896473279222846,3.361246012900665e-05,-3.6887721359729766,3.3468007e-07,0.0,0.10052680969238281,-0.0001743846377676217
50800,-0.0004469389677979052,3.468230415819562e-05,-3.6887715280056,2.9414892e-07,0.0,0.14897793531417847,-0.0001640784297843645
51000,-0.00028257648227736354,1.8558837700766163e-05,-3.688763803243637,2.7269124e-07,0.0,-0.16779232025146484,-0.00015263940146255096
51200,-0.000524302595295012,2.566601719991013e-05,-3.688765233755112,3.5256147e-07,0.0,0.13569605350494385,-0.000168981670248769
51400,-0.00044442687067203224,7.774943278491265e-05,-3.688771277666092,2.9981135e-07,0.0,-0.001261591911315918,-0.00015071408044832203
51600,-0.00038787812809459865,2.602333011054725e-05,-3.6887682139873506,2.4199485e-07,0.0,-0.033368825912475586,-0.00014505174040977398
51800,-0.0005819380166940391,2.408521743291203e-05,-3.688763123750687,4.4375656e-07,0.0,-0.003410816192626953,-0.00019739128012201678
52000,-0.0005042513366788626,4.1982221864600434e-05,-3.6887612998485566,4.479289e-07,0.0,0.05185425281524658,-0.00021254728521253875
52200,-0.0002773573505692184,3.1480121970162144e-05,-3.6887653708457946,2.0563601e-07,0.0,0.044063568115234375,-0.00013350482309921753
52400,-0.0003431457735132426,4.6223890967667104e-05,-3.6887701034545897,2.8789043e-07,0.0,0.11103028059005737,-0.00017661754038120203
52600,-0.00035639398265630007,1.1505362658681407e-05,-3.688758009672165,5.674362e-07,0.0,0.16787391901016235,-0.0002397418885184299
52800,-0.00021699827630072832,2.0082766445739254e-05,-3.6887678623199465,2.7030705e-07,0.0,0.03125941753387451,-0.00014598991024101783
53000,-0.00021417383686639369,4.4343563604343214e-05,-3.6887678027153017,2.4199488e-07,0.0,0.07955586910247803,-0.00014625153814449288
53200,-0.00033558037830516696,2.6640867326932492e-05,-3.6887609243392943,4.583597e-07,0.0,-0.1103900671005249,-0.0002177940975246262
53400,-0.00041136759682558477,2.5825239390542265e-05,-3.688762199878693,2.95341e-07,0.0,-0.0005991458892822266,-0.00017976641628638656
53600,-0.0002054160286206752,1.5413850644563353e-05,-3.6887582361698152,2.2768974e-07,0.0,0.047596871852874756,-0.00013048157042216957
53800,-0.00032449825084768236,6.281054365899763e-05,-3.688758045434952,2.7060509e-07,0.0,0.017089486122131348,-0.00014848263563331244
54000,-0.0005080864648334682,1.7678554831945804e-05,-3.6887570917606354,4.130602e-07,0.0,0.12595832347869873,-0.0002001868314233768
54200,-0.00033837102819234133,2.638860019033018e-05,-3.688764452934265,3.5047532e-07,0.0,-0.11006879806518555,-0.00018606629855673075
54400,-0.0006955486605875194,2.3535743480351812e-05,-3.688755601644516,4.6759845e-07,0.0,-0.15043902397155762,-0.00018240188812933543
54600,-0.00042051405762322247,2.2367316523741466e-05,-3.6887640357017517,3.9458274e-07,0.0,-0.012356042861938477,-0.0001838171773306474
54800,-0.0003541031328495592,1.537942259801639e-05,-3.6887688398361207,2.5659799e-07,0.0,0.03916347026824951,-0.00015012336489366173
55000,-0.00038501096423715353,2.351366756556672e-05,-3.6887521386146545,4.646182e-07,0.0,-0.04649209976196289,-0.0002020795417759347
55200,-0.0004085074760951102,1.0782056256175565e-05,-3.6887664616107942,4.1663648e-07,0.0,0.1023440957069397,-0.0002045403398335921
55400,-0.0006674739997833967,2.6632006483851e-05,-3.688760739564896,5.239248e-07,0.0,0.09768480062484741,-0.0002206861442264202
55600,-0.00030890697962604463,1.9007936339221486e-05,-3.6887651801109316,2.554059e-07,0.0,-0.07695138454437256,-0.0001428575517863906
55800,-0.00040207538404501975,1.7956588681045105e-05,-3.6887669444084166,2.7477742e-07,0.0,0.03996407985687256,-0.00013427108478663018
56000,-0.0005990671343170106,3.090562663601304e-05,-3.6887658298015595,4.518032e-07,0.0,0.07084977626800537,-0.00023217718367902763
56200,-0.0003335376095492393,3.276974007349054e-05,-3.688771206140518,2.6494263e-07,0.0,0.06387943029403687,-0.0001590718038405825
56400,-0.0006125885411165655,3.738744526344817e-05,-3.6887781739234926,3.5673378e-07,0.0,0.02113884687423706,-0.00018818552716976523
56600,-0.0004171229084022343,3.600582672333985e-05,-3.6887682378292084,3.2365324e-07,0.0,0.03775465488433838,-0.00017255686192203524
56800,-0.0002929594775196165,2.3618400950908837e-05,-3.6887678503990173,3.5643578e-07,0.0,-0.02931070327758789,-0.0001763601445150087
57000,-0.00035848491825163364,1.2742509443341988e-05,-3.688771885633469,2.7298927e-07,0.0,-0.023527026176452637,-0.0001586985068144031
57200,-0.0002681777987163514,2.8458941915232572e-05,-3.6887681424617766,4.3451786e-07,0.0,0.15494787693023682,-0.00021185575770379383
57400,-0.0003275784256402403,3.0326135811264975e-05,-3.688774812221527,2.2232533e-07,0.0,-0.010691285133361816,-0.0001519227622316599
57600,-0.0005272585549391806,3.228049108656705e-05,-3.68875732421875,3.9815905e-07,0.0,-0.03744518756866455,-0.00019006313293431498
57800,-0.0005179794388823211,6.578661941603059e-05,-3.6887625813484193,4.014373e-07,0.0,0.015462875366210938,-0.00019808518846105018
58000,-0.00041542519466020167,5.2461034238149294e-05,-3.6887681126594543,3.3527613e-07,0.0,0.09633946418762207,-0.00014935241465905414
58200,-0.0002528421173337847,2.1391531390690943e-05,-3.68876188993454,2.0354987e-07,0.0,-0.4340188503265381,-9.728887647995066e-05
58400,-0.0004077212361153215,1.6262648796327994e-05,-3.6887632608413696,3.620982e-07,0.0,0.12192040681838989,-0.0001741848588580952
58600,-0.000358789402525872,4.4308554697636283e-05,-3.688757616281509,2.5779008e-07,0.0,0.13568943738937378,-0.00012139941701034828
58800,-0.00033129676012322307,2.1411723423625517e-05,-3.688762056827545,2.360344e-07,0.0,0.12397360801696777,-0.00015566433671665436
59000,-0.00033576818532310426,1.9219933278691315e-05,-3.688756138086319,4.118681e-07,0.0,0.07638972997665405,-0.0001934627143630685
59200,-0.0003167111426591873,3.3186174823640614e-05,-3.688757061958313,3.376603e-07,0.0,0.056432247161865234,-0.00016373849012187857
59400,-0.0005993206868879497,1.613283943697752e-05,-3.6887607514858245,3.042817e-07,0.0,-0.17768049240112305,-0.00019365590656330589
59600,-0.0004319327708799392,1.254926529554723e-05,-3.688767981529236,3.6537645e-07,0.0,0.0468367338180542,-0.0001942671823524478
59800,-0.00041698591667227447,1.8311363828615867e-05,-3.6887681007385256,2.8043985e-07,0.0,-0.0609661340713501,-0.00015634171679335118
60000,-0.0005396717460826039,1.1093911689386005e-05,-3.6887724876403807,3.2901764e-07,0.0,-0.06098926067352295,-0.0001950983706716869
60200,-0.0002744923112913966,2.6015439061666257e-05,-3.6887676298618315,2.5451183e-07,0.0,0.03817719221115112,-0.00014884422765046868
60400,-0.00030339648947119713,1.565191932968446e-05,-3.68876890540123,2.8282403e-07,0.0,0.05483013391494751,-0.00015367898299061266
60600,-0.0002737664326559752,1.9250895434197446e-05,-3.688774710893631,2.82526e-07,0.0,0.1293368935585022,-0.00016911910410930542
60800,-0.0003156680322717875,2.8672377766270074e-05,-3.688771885633469,2.2381545e-07,0.0,0.036636173725128174,-0.00013664747719532855
61000,-0.0002999635471496731,4.164382089584251e-05,-3.688779574632645,1.8686058e-07,0.0,0.07040822505950928,-0.00011116209515420472
61200,-0.00042124587344005704,1.029207056717496e-05,-3.6887701511383058,3.9279462e-07,0.0,0.16432511806488037,-0.00018229935970657252
61400,-0.00022530950082000345,1.3206612607064017e-05,-3.6887713015079497,2.7656554e-07,0.0,-0.003399491310119629,-0.00016310591194113044
61600,-0.0003070659004151821,1.0379302170804295e-05,-3.6887701570987703,1.8417835e-07,0.0,-0.11366009712219238,-0.00011595919802118715
61800,-0.00042143548489548266,1.223591946200031e-05,-3.6887602865695954,4.1544436e-07,0.0,0.018302977085113525,-0.0002156188043807017
62000,-0.0002975496754515916,1.514248240255256e-05,-3.6887699365615845,3.6180018e-07,0.0,0.07600581645965576,-0.00020322978375633127
62200,-0.00032709521474316716,4.368418531157659e-05,-3.688766133785248,2.7537345e-07,0.0,-0.08903777599334717,-0.00014582274888675918
62400,-0.0005925851874053478,2.7632608771455124e-05,-3.688761794567108,4.053116e-07,0.0,0.010302305221557617,-0.00019999140548740968
62600,-0.00035643531009554863,3.482330398583144e-05,-3.6887585401535032,4.538894e-07,0.0,0.0959131121635437,-0.0001887049898759763
62800,-0.00028962973738089204,2.5066442185561753e-05,-3.68877335190773,3.385544e-07,0.0,-0.26524221897125244,-0.00019110704921572187
63000,-0.00039681271300651133,2.63643700236571e-05,-3.6887658715248106,3.799796e-07,0.0,0.03624403476715088,-0.00018809270800465572
63200,-0.00032650245702825487,2.523117836972233e-05,-3.688762867450714,2.592802e-07,0.0,0.009618282318115234,-0.00014385758482429178
63400,-0.0001975403429241851,2.8618115311473958e-05,-3.6887732326984404,3.6358833e-07,0.0,0.02093660831451416,-0.00019100648060805804
63600,-0.0005456611979752779,1.9856330141010403e-05,-3.6887684166431427,3.659725e-07,0.0,0.08072084188461304,-0.0001698543426814414
63800,-0.0004601340042427182,1.717903571716306e-05,-3.688773089647293,3.501773e-07,0.0,-0.09883415699005127,-0.000194714112950245
64000,-0.000389257213100791,2.49979437512593e-05,-3.688777834177017,2.530217e-07,0.0,0.0966607928276062,-0.00016840031787890286
64200,-0.00045548114576376975,2.163742108223232e-05,-3.688772886991501,4.2349097e-07,0.0,0.04205131530761719,-0.0002009950371874458
64400,-0.0004360153980087489,2.5534551832606665e-05,-3.6887711107730867,3.4600498e-07,0.0,0.059474825859069824,-0.00016146703170774046
64600,-0.00047864741645753384,3.1250659503712086e-05,-3.6887727677822113,3.1530857e-07,0.0,0.10397130250930786,-0.00016978850216218256
64800,-0.0003854880342260003,1.4130382464827562e-05,-3.6887734293937684,3.8325786e-07,0.0,-0.1746290922164917,-0.00020615841409918345
65000,-0.00040679381345398724,1.999083813188918e-05,-3.6887725234031676,3.3020973e-07,0.0,0.06670218706130981,-0.0001746419198814575
65200,-0.0001951965386979282,2.9899883111283997e-05,-3.688769429922104,2.8133394e-07,0.0,0.06787258386611938,-0.00017827318891319165
65400,-0.0004048930131830275,5.243282976152841e-05,-3.6887594282627107,3.46601e-07,0.0,0.027634382247924805,-0.00017888891673036866
65600,-0.00032945279963314533,2.0527148217297507e-05,-3.6887729108333587,2.3841858e-07,0.0,-0.014017462730407715,-0.00013594952876860855
65800,-0.0005160865839570761,1.234700066561345e-05,-3.6887645781040193,3.0368568e-07,0.0,0.058888375759124756,-0.00018110591034226076
66000,-0.00041600523400120437,3.199270217919547e-05,-3.6887575566768644,2.9683116e-07,0.0,-0.06432950496673584,-0.00016432368011237708
66200,-0.00041582589619793,1.8035909829450247e-05,-3.6887577295303347,4.6432018e-07,0.0,0.14816135168075562,-0.0001966042970179882
66400,-0.0005415687919594347,2.0547352619360026e-05,-3.6887540221214294,3.2424924e-07,0.0,0.05794703960418701,-0.0001907243127408309
66600,-0.00026912440080195665,3.0506261873597394e-05,-3.6887569427490234,2.360344e-07,0.0,0.06268703937530518,-0.00014259491915004087
66800,-0.000494442181661725,1.592915079982049e-05,-3.688752514123917,4.0203332e-07,0.0,0.04361557960510254,-0.00020716176696140566
67000,-0.0004339709412306547,1.6748794359955353e-05,-3.6887554287910462,3.6507845e-07,0.0,-0.2589956521987915,-0.0001704618611022113
67200,-0.00024146292707882822,3.640078234639077e-05,-3.688761520385742,2.0116569e-07,0.0,0.032418787479400635,-0.00013135692568515543
67400,-0.00035073485923931,2.344444194477546e-05,-3.6887650549411775,3.0994414e-07,0.0,-0.06962835788726807,-0.00016196183771199912
67600,-0.0005190864903852344,2.0736850660796336e-05,-3.688753843307495,3.5762787e-07,0.0,0.05540579557418823,-0.00019821236630679362
67800,-0.00044100574450567365,2.1300538651303214e-05,-3.6887540996074675,3.013015e-07,0.0,0.14327460527420044,-0.00014920534140248077
68000,-0.00028624432161450386,2.563718667261128e-05,-3.6887524664402007,2.539158e-07,0.0,0.093910813331604,-0.00012762068163909567
68200,-0.0005469940952025354,1.7635627273193677e-05,-3.688753807544708,4.5448542e-07,0.0,0.0602571964263916,-0.0002425454559420226
68400,-0.0004986884305253625,2.4569620609327104e-05,-3.6887489795684814,2.9176474e-07,0.0,-0.011800527572631836,-0.00014486510836491106
68600,-0.00020116797531954944,2.0498101616794883e-05,-3.6887489199638366,1.5377998e-07,0.0,0.09274959564208984,-9.718058975596299e-05
68800,-0.0003388030454516411,2.4449332568110548e-05,-3.6887442409992217,3.0428174e-07,0.0,0.006669819355010986,-0.00016979040271541956
69000,-0.0006394494557753205,2.8541220444822102e-05,-3.688758283853531,3.835559e-07,0.0,-0.0659862756729126,-0.00024261045501856594
69200,-0.00030213696300052106,1.532162680177862e-05,-3.688754653930664,2.7149915e-07,0.0,0.06544601917266846,-0.00014466535598262054
69400,-0.0004393626586534083,1.5927553272376825e-05,-3.6887419641017916,4.157424e-07,0.0,-0.18605256080627441,-0.00020800471198687554
69600,-0.00036404866841621697,2.2133292395665195e-05,-3.6887620985507965,3.9458274e-07,0.0,0.108950674533844,-0.00019103608217563295
69800,-0.0005473791970871389,2.4515951918147038e-05,-3.688750284910202,6.058812e-07,0.0,0.02308899164199829,-0.00027423271644169136
70000,-0.000563525827601552,9.23824695746589e-05,-3.6887580156326294,3.5047532e-07,0.0,0.06101280450820923,-0.0001863225844079386
70200,-0.0004559459048323333,3.2858189251783186e-05,-3.6887551605701447,4.0650366e-07,0.0,-0.2740410566329956,-0.0002073264131527086
70400,-0.00044311187230050564,1.8183410247729626e-05,-3.6887478649616243,3.9309262e-07,0.0,0.16402578353881836,-0.0002036960871122373
70600,-0.00021946741617284715,9.446869682960823e-06,-3.6887585878372193,2.2500754e-07,0.0,0.1400972604751587,-0.00014020209602714218
70800,-0.00043827647459693253,6.458507359639044e-05,-3.6887364089488983,5.0634145e-07,0.0,0.09724313020706177,-0.00019421405304078653
71000,-0.0007123215473257005,1.3668638007402479e-05,-3.688755989074707,3.916025e-07,0.0,-0.07824957370758057,-0.0002153427527066043
71200,-0.0006876698462292552,5.596850169240497e-05,-3.6887584388256074,4.5090914e-07,0.0,-0.001664876937866211,-0.00024984552068714195
71400,-0.0006025582551956177,2.0283507319618364e-05,-3.688753229379654,4.324317e-07,0.0,0.031702637672424316,-0.000193849042189409
71600,-0.0003063835029024631,2.057651865925436e-05,-3.6887462377548217,3.641844e-07,0.0,0.0903971791267395,-0.00015809361365497486
71800,-0.0004367260553408414,1.5914468508526625e-05,-3.6887667417526244,3.3229588e-07,0.0,0.009846508502960205,-0.00016629509579251244
72000,-0.000273070385446772,2.507287849766726e-05,-3.6887519121170045,2.4676322e-07,0.0,-0.08991515636444092,-0.00013016553478948368
72200,-0.0003552433045115322,1.579087681875535e-05,-3.6887630820274353,2.2768974e-07,0.0,0.06597453355789185,-0.00013682112149157044
72400,-0.0004306301998440176,2.1486362084033316e-05,-3.688748687505722,2.5749205e-07,0.0,0.13479268550872803,-0.00017053854489268438
72600,-0.0003231584560126066,6.391224524122663e-05,-3.688757115602493,2.3841858e-07,0.0,0.050139546394348145,-0.00012540432810643766
72800,-0.00023943935229908675,4.0349042592424667e-05,-3.68875732421875,2.5510786e-07,0.0,0.15092772245407104,-0.00016137699404632498
73000,-0.00023499348026234657,1.562200141052017e-05,-3.6887493073940276,2.6673078e-07,0.0,-0.1881040334701538,-0.0001457986573535075
73200,-0.0004479163035284728,2.670565977496153e-05,-3.6887502670288086,3.1858684e-07,0.0,-0.09588825702667236,-0.00018002209033602946
73400,-0.0003828533517662436,1.7820016455516453e-05,-3.6887527644634246,2.771616e-07,0.0,0.08956331014633179,-0.00015522365376454683
73600,-0.0005227712681517005,3.553523042683082e-05,-3.6887501657009123,3.8921831e-07,0.0,0.00020927190780639648,-0.00019694542855750453
73800,-0.0005545143503695726,2.0923538068018387e-05,-3.6887422680854796,4.905462e-07,0.0,0.032765090465545654,-0.00023538760680827942
74000,-0.0003560159238986671,1.0725759170782113e-05,-3.6887376248836516,2.774596e-07,0.0,-0.4785501956939697,-0.00015326872703327332
74200,-0.00042804074473679066,1.6846518633428786e-05,-3.6887539446353914,2.5421383e-07,0.0,0.09255677461624146,-0.00016191445959066187
74400,-0.0006284307455644011,2.8692484193015844e-05,-3.6887426495552065,5.7041643e-07,0.0,-0.09467756748199463,-0.0002643148894696856
74600,-0.0004363389452919364,3.2200628220380166e-05,-3.6887465596199034,4.1902067e-07,0.0,-0.013021588325500488,-0.0001923508489885428
74800,-0.0005004158010706306,2.390410927546327e-05,-3.6887354612350465,3.489852e-07,0.0,0.026021242141723633,-0.00019941417767905812
75000,-0.0005522376741282642,1.5921852718747686e-05,-3.688752520084381,3.6776066e-07,0.0,0.0063988566398620605,-0.00019256822790554297
75200,-0.000699468539096415,2.1541808928304816e-05,-3.688733398914337,4.0739775e-07,0.0,-0.14220190048217773,-0.00023757342931434166
75400,-0.0004882863722741604,1.746129830735299e-05,-3.688744616508484,3.287196e-07,0.0,0.08441859483718872,-0.00017388671621272335
75600,-0.0002594258403405547,1.281671623019065e-05,-3.6887551009655,2.5570392e-07,0.0,0.06593155860900879,-0.00013558697854243462
75800,-0.0006155838491395116,2.3123125083657213e-05,-3.688726043701172,4.866719e-07,0.0,0.05971980094909668,-0.00021002735207673596
76000,-0.0003692512691486627,2.9880240981583482e-05,-3.6887462615966795,2.8133394e-07,0.0,0.2012609839439392,-0.00015546746587098427
76200,-0.0002724827209021896,1.6037391787904198e-05,-3.6887398660182953,3.8057567e-07,0.0,0.15852487087249756,-0.000201941056835947
76400,-0.00024142951588146389,1.7474131664130254e-05,-3.688744789361954,2.9861928e-07,0.0,-0.3407766819000244,-0.0001646002078499631
76600,-0.000569214578717947,1.2028523008211777e-05,-3.688745266199112,3.5226344e-07,0.0,0.015664517879486084,-0.0001631158960100354
76800,-0.00046435347758233547,6.233983067431837e-05,-3.6887468814849855,5.450845e-07,0.0,0.07728832960128784,-0.00023146445558359653
77000,-0.00044624655856750906,2.032447584952024e-05,-3.6887478590011598,4.2080882e-07,0.0,-0.10953009128570557,-0.00021191134453140136
77200,-0.0005163775058463216,3.217176731595828e-05,-3.688753718137741,4.4971705e-07,0.0,0.055886805057525635,-0.00022242517641233306
77400,-0.0004763178585562855,2.759008534667373e-05,-3.6887439131736754,3.5315753e-07,0.0,-0.12815606594085693,-0.0001802385015810426
77600,-0.00038842784124426544,3.244036565774877e-05,-3.688757008314133,2.834201e-07,0.0,0.03337442874908447,-0.00015620814211285693
77800,-0.0002729090047068894,1.2882438477390679e-05,-3.688755136728287,3.7163494e-07,0.0,0.10450029373168945,-0.0001952714319272797
78000,-0.00045272058923728764,1.1219372822779405e-05,-3.6887504041194914,6.005168e-07,0.0,0.10763627290725708,-0.0002628738438713807
78200,-0.0002564858878031373,1.6789176106613014e-05,-3.688751685619354,2.8192997e-07,0.0,0.03050065040588379,-0.00012842395950973806
78400,-0.0003481722669675946,3.1577620802636375e-05,-3.6887517869472504,2.965331e-07,0.0,-0.15456819534301758,-0.00016544762298429383
78600,-0.0005322496290318668,1.331565463260631e-05,-3.6887500166893004,3.8862228e-07,0.0,-0.0203019380569458,-0.00019564566861205446
78800,-0.0006297181826084852,1.4768523897146224e-05,-3.6887517035007478,4.646182e-07,0.0,0.03476595878601074,-0.0002071079011508825
79000,-0.00029949628515169024,3.986275410170492e-05,-3.688746702671051,4.658103e-07,0.0,0.002681553363800049,-0.00018815351257877032
79200,-0.00036579344305209816,1.4262807553677703e-05,-3.6887484550476075,2.8461218e-07,0.0,0.0689360499382019,-0.00014037510602837866
79400,-0.0002603580360300839,6.175220023578732e-05,-3.6887520968914034,1.4752149e-07,0.0,0.008308231830596924,-0.00011710695958129236
79600,-0.0006061281892471015,2.7606985986494693e-05,-3.6887400567531587,4.1812658e-07,0.0,0.051963627338409424,-0.00018183630650372428
79800,-0.0004262813599780202,2.582862148301501e-05,-3.688748353719711,3.299117e-07,0.0,-0.09671604633331299,-0.00015937973561448439
80000,-0.00028202394605614245,2.7617859132078593e-05,-3.6887593269348145,3.8295985e-07,0.0,-0.019686579704284668,-0.0001997040801043237
80200,-0.00016647059237584472,1.8323520293961337e-05,-3.688747251033783,2.1755696e-07,0.0,-0.17906737327575684,-0.00011800952276248555
80400,-0.00046688845031894743,1.2249191865976172e-05,-3.688747984170914,2.5898217e-07,0.0,-0.11111915111541748,-0.0001631358867595134
80600,-0.0004071962903253734,9.126456257035898e-06,-3.6887446701526643,3.4064055e-07,0.0,-0.1541363000869751,-0.00017551495284919837
80800,-0.0003043177421204746,6.58054371029948e-06,-3.6887398064136505,2.9057264e-07,0.0,-0.34995436668395996,-0.00016170571638483012
81000,-0.0003757707600016147,4.769991468833723e-06,-3.6887477338314056,2.8073788e-07,0.0,-0.5778782367706299,-0.00016299958439560668
81200,-0.0004286987823434174,3.4345589483564254e-06,-3.6887482583522795,4.4614075e-07,0.0,-0.4766634702682495,-0.0002276965321529989
81400,-0.0004121689999010414,2.474983406841602e-06,-3.6887495160102843,4.4852496e-07,0.0,-0.4629608392715454,-0.00021872669355964546
81600,-0.00032757839653640985,1.8374714414903792e-06,-3.68875589966774,2.515316e-07,0.0,-2.463561773300171,-0.0001428423301966575
81800,-0.00024020443379413337,1.3107103505660688e-06,-3.6887437462806703,2.3305415e-07,0.0,-1.3052847385406494,-0.00013457547131423553
82000,-0.0002424226695438847,9.65400736419042e-07,-3.6887465357780456,1.6659497e-07,0.0,-3.0077857971191406,-0.00010874607781339308
82200,-0.00039346300764009356,7.345526075397401e-07,-3.6887449443340303,1.7225743e-07,0.0,-5.744153022766113,-0.00013695361470311695
82400,-0.00027598842279985547,5.964430283000866e-07,-3.688751894235611,1.4960766e-07,0.0,-2.805849552154541,-0.0001101720935109185
82600,-0.0005033580237068236,4.251664964982638e-07,-3.688737916946411,4.0233135e-07,0.0,-2.8758068084716797,-0.0001934987950258815
82800,-0.00021432620997074991,2.940420836594626e-07,-3.6887392938137054,1.9878148e-07,0.0,-2.2052881717681885,-0.00013525596809547125
83000,-0.0003480121085885912,4.233587603152955e-07,-3.6887447059154512,2.4855137e-07,0.0,-9.876903533935547,-0.00013824255836816234
83200,-0.00034124497324228287,2.914152862132369e-07,-3.688739997148514,1.8656254e-07,0.0,-12.636590957641602,-0.00013255467236150675
83400,-0.0002539767883718014,1.5857224582305208e-07,-3.6887416183948516,2.4825334e-07,0.0,-5.619105815887451,-0.0001527690737129994
83600,-0.00030102391610853374,1.805531526954951e-07,-3.688736838102341,2.4437907e-07,0.0,-7.373106002807617,-0.00011692957560907046
83800,-0.0003955965512432158,2.356681541471062e-07,-3.6887354612350465,1.770258e-07,0.0,-3.386505603790283,-0.00011565121249432764
84000,-0.00036865673610009253,1.5200127307934962e-07,-3.688737910985947,2.861023e-07,0.0,-10.04029369354248,-0.0001419143781582033
84200,-0.0003658886707853526,1.4558756067373224e-07,-3.688739091157913,2.2411348e-07,0.0,-8.868109703063965,-0.00013628159298013643
84400,-0.0002931401540990919,7.42325410918454e-08,-3.6887376368045808,2.065301e-07,0.0,-5.249154090881348,-0.00013672135221849403
84600,-0.0002520426351111382,1.328217744678284e-07,-3.6887385129928587,2.4199488e-07,0.0,-6.113421440124512,-0.00012799294970307075
84800,-0.00028137158369645476,8.881641555547048e-08,-3.688731622695923,2.2649766e-07,0.0,-6.688907146453857,-0.0001338232766038061
85000,-0.0004082098021171987,1.243169085007878e-07,-3.688727927207947,2.6404857e-07,0.0,0.05342155694961548,-0.00016564802373705278
85200,-0.00033272229484282434,1.2232841086756708e-07,-3.6887180864810944,3.7670134e-07,0.0,-22.795255661010742,-0.00019278208991617695
85400,-0.00040585221722722054,6.181794116599804e-08,-3.688710778951645,2.2917988e-07,0.0,-6.850684642791748,-0.00012959998137680452
85600,-0.0004056509060319513,1.358696605890941e-07,-3.688731926679611,2.589822e-07,0.0,-5.31318998336792,-0.0001451782355237574
85800,-0.0006235587643459439,6.030367574183516e-08,-3.6887239158153533,4.377961e-07,0.0,-5.793687343597412,-0.0002066491527577652
86000,-0.0006332811317406595,7.336369867161352e-08,-3.6887219548225403,4.0233135e-07,0.0,-5.8429975509643555,-0.0002037149978011632
86200,-0.0006596288294531405,7.042384071453967e-08,-3.688710594177246,4.857779e-07,0.0,-5.920465469360352,-0.0002233119463605604
86400,-0.000524357717949897,3.3411252697845836e-08,-3.6887112617492677,4.5537948e-07,0.0,-8.394074440002441,-0.00020340288248485994
86600,-0.000351235328707844,8.614030786446846e-08,-3.6887146711349486,2.631545e-07,0.0,-8.669829368591309,-0.00012656454780690662
86800,-0.00036662464844994247,9.652579890939705e-08,-3.6887096524238587,4.2945146e-07,0.0,-8.473551750183105,-0.00018975972920385332
87000,-0.0004996536881662905,1.1034533233811317e-07,-3.688701367378235,3.6478042e-07,0.0,-4.843704700469971,-0.00018586225858734372
87200,-0.00036499020643532276,1.4826358363251302e-07,-3.6887057781219483,2.9206277e-07,0.0,-5.599940776824951,-0.00017834745320362
87400,-0.00044379927567206323,5.524123025679728e-08,-3.6887029349803924,4.476309e-07,0.0,-1.204667329788208,-0.0002040235716090244
87600,-0.0006005849572829902,1.6692864104328465e-07,-3.6887048482894897,5.0067905e-07,0.0,-4.949695587158203,-0.00020293813914826764
87800,-0.0004059592611156404,1.479274946092346e-07,-3.6887086510658262,2.425909e-07,0.0,-3.528212070465088,-0.00014180941901407174
88000,-0.00039633215055800974,1.2960590556332363e-07,-3.68870387673378,2.2500754e-07,0.0,-6.025642395019531,-0.00013020795672344932
88200,-0.00047932699089869857,1.0522149276326332e-07,-3.688702070713043,3.1083823e-07,0.0,-3.643259048461914,-0.00020151452728836005
88400,-0.00044231116771698,9.093996604647714e-08,-3.6887017846107484,3.0100344e-07,0.0,-4.304544925689697,-0.00019581041468019755
88600,-0.0003585773811209947,1.4336209126497578e-07,-3.688702344894409,2.9921532e-07,0.0,-5.375622272491455,-0.00016489937859660576
88800,-0.00033036890090443194,6.138338140004863e-08,-3.688700741529465,2.95341e-07,0.0,-2.1519815921783447,-0.00013484282067685038
89000,-0.00030789797892794013,1.3892195607212444e-07,-3.68871014714241,2.8014182e-07,0.0,-5.058769702911377,-0.00017144355186223814
89200,-0.0003015885304193944,1.2306187162636207e-07,-3.688707649707794,2.402067e-07,0.0,-7.849208831787109,-0.00014582077485170153
89400,-0.0003488013753667474,9.280424606572524e-08,-3.6886967778205872,2.69711e-07,0.0,-6.7385029792785645,-0.00012987923567155945
89600,-0.0004160708049312234,8.649898255441713e-08,-3.6887029230594637,2.402067e-07,0.0,-6.1528215408325195,-0.00016663994115146964
89800,-0.0005407568532973528,9.840156360851892e-08,-3.688708943128586,3.361702e-07,0.0,-0.941020131111145,-0.00019618704873800575
90000,-0.00021915991965215653,7.453211265939786e-08,-3.6887034118175506,2.1249056e-07,0.0,-6.8698930740356445,-0.00012638351952296568
90200,-0.0005188253126107156,1.2841693237675144e-07,-3.68870992064476,3.33786e-07,0.0,-4.22023868560791,-0.00017455688168399597
90400,-0.00030945127946324646,7.724177111256836e-08,-3.688701945543289,1.7523764e-07,0.0,-11.117173194885254,-0.00010920675073714526
90600,-0.00039547545020468533,1.2496215830992697e-07,-3.6887040734291077,2.4199485e-07,0.0,-4.8078293800354,-0.00014915852239378858
90800,-0.0004283777379896492,9.069949555851053e-08,-3.688706374168396,2.232194e-07,0.0,-5.115923881530762,-0.0001558129917835327
91000,-0.00020405036048032343,1.5062299603130213e-07,-3.6887114346027374,3.6865475e-07,0.0,-3.8940682411193848,-0.00017972268136023928
91200,-0.0003864396130666137,1.523695043914586e-07,-3.688698810338974,3.156066e-07,0.0,-6.873682022094727,-0.0001693149647276293
91400,-0.0007696226821281016,1.049938241237669e-07,-3.6887008368968965,5.90384e-07,0.0,-3.1247806549072266,-0.000220913857461702
91600,-0.0002510010963305831,1.1414011034105442e-07,-3.688700240850449,2.6136638e-07,0.0,-5.022618770599365,-0.00015329815421307735
91800,-0.00035438028862699866,1.1544741251867663e-07,-3.6887024462223055,2.8908252e-07,0.0,-1.9682457447052002,-0.00015348539499702163
92000,-0.00024696969194337726,1.3538830110348953e-07,-3.6886857986450194,2.3007392e-07,0.0,-6.661940574645996,-0.0001304097839814222
92200,-0.00030040135607123375,9.895170816065502e-08,-3.688691997528076,3.2514333e-07,0.0,-6.736457824707031,-0.00016174323781366074
92400,-0.0006027016206644475,1.2607018220478495e-07,-3.6886828899383546,4.4047832e-07,0.0,-6.673966884613037,-0.0002178030984946844
92600,-0.0005209402879700065,1.013721901976794e-07,-3.688685971498489,2.5629998e-07,0.0,-6.537041664123535,-0.0001571566601396679
92800,-0.00029410282149910927,1.470603292474948e-07,-3.6886958181858063,2.2977589e-07,0.0,-2.3990111351013184,-0.00015249518338031898
93000,-0.00027462595608085394,1.7961492684293035e-07,-3.688694477081299,2.4467704e-07,0.0,-7.139308929443359,-0.00014864892128025332
93200,-0.0003963375638704747,8.462382909968369e-08,-3.6886868834495545,3.784895e-07,0.0,-9.219124794006348,-0.00017895497392146354
93400,-0.00044287749915383756,9.022785647516685e-08,-3.6886818289756773,3.5703184e-07,0.0,-6.154409408569336,-0.00017136476224726137
93600,-0.000276709848549217,9.038721398013649e-08,-3.688692182302475,2.503395e-07,0.0,-5.016574859619141,-0.0001472291654086799
93800,-0.0002596246195025742,9.941799437029885e-08,-3.688686507940292,2.6077032e-07,0.0,-10.083026885986328,-0.00014713280661486915
94000,-0.0002636717108543962,1.1106799231441755e-07,-3.6886751651763916,2.589822e-07,0.0,-5.585651397705078,-0.0001508365126157929
94200,-0.0003456058038864285,1.5949931544412266e-07,-3.688685041666031,2.3782252e-07,0.0,-4.6959052085876465,-0.00013193751883093795
94400,-0.0004992844769731164,5.323254663736065e-08,-3.688671213388443,5.1409006e-07,0.0,-3.023693084716797,-0.00020840133127533189
94600,-0.00043107481906190515,6.85354047291753e-08,-3.6886862754821776,3.2037497e-07,0.0,-5.542525768280029,-0.00014554120277228134
94800,-0.0005494624492712319,1.3489886594442168e-07,-3.6886863708496094,3.096461e-07,0.0,-9.646089553833008,-0.0001736516500839169
95000,-0.000288477138383314,8.698706350784846e-08,-3.6886611104011537,2.4348498e-07,0.0,-4.369450569152832,-0.00013893136419687035
95200,-0.00034540449269115925,9.097561770587959e-08,-3.688673883676529,2.512336e-07,0.0,-8.802655220031738,-0.00015286944752939123
95400,-0.00028454200946725905,1.1975268217057077e-07,-3.6887012898921965,2.1845102e-07,0.0,-1.3137989044189453,-0.0001287385070142477
95600,-0.0002791913866531104,1.8770887990626762e-07,-3.6886895298957825,2.1755696e-07,0.0,-4.885283946990967,-0.00013674776223702168
95800,-0.0002612074895296246,1.3147901665178096e-07,-3.688679796457291,1.9133091e-07,0.0,-5.683902263641357,-0.00010368776257640988
96000,-0.00041969033190980554,8.12513760273248e-08,-3.68869149684906,4.1067602e-07,0.0,-4.888409614562988,-0.00021274771472077348
96200,-0.0006637941696681082,9.039606032601455e-08,-3.688685017824173,3.4451483e-07,0.0,-10.479013442993164,-0.0001843804124804338
96400,-0.0005522564169950783,5.669454505863314e-08,-3.688672411441803,4.205108e-07,0.0,-9.745479583740234,-0.00019442432271117306
96600,-0.0003815910604316741,1.2686310668641454e-07,-3.6886962175369264,3.0845402e-07,0.0,-11.854204177856445,-0.00017690546048390043
96800,-0.00035981269320473075,9.959516722446438e-08,-3.6886920273303985,2.0295381e-07,0.0,-6.695411205291748,-0.00015486302949283549
97000,-0.0006618257029913366,9.867281374198455e-08,-3.688691681623459,3.6269427e-07,0.0,-4.199798107147217,-0.00019286188246633306
97200,-0.0003631777944974601,5.518422749872798e-08,-3.688674008846283,3.3855437e-07,0.0,-14.825732231140137,-0.00017029519534550452
97400,-0.00025183602701872587,7.208028973693104e-08,-3.688677358627319,2.3841858e-07,0.0,-6.653252601623535,-0.00015131998106883703
97600,-0.0002892435004469007,1.857483642453417e-07,-3.688701421022415,3.257394e-07,0.0,-3.531043529510498,-0.00015260504110607974
97800,-0.0004745574260596186,1.0506199679127804e-07,-3.688685357570648,3.7282706e-07,0.0,-6.791114330291748,-0.0001882583668418647
98000,-0.000267465045908466,1.0613053325059241e-07,-3.688689428567886,2.7984382e-07,0.0,-5.311462879180908,-0.00013993093292856694
98200,-0.00047195152728818357,1.1583689953909016e-07,-3.6886999368667603,2.7567148e-07,0.0,-7.305720329284668,-0.00017059120479929747
98400,-0.00051694898866117,7.747670602853418e-08,-3.688692843914032,2.8401612e-07,0.0,-5.4548020362854,-0.0001694036126354881
98600,-0.0003430482465773821,7.391976666326628e-08,-3.6886843502521516,2.4557113e-07,0.0,-5.954662322998047,-0.00014039963427139312
98800,-0.0004147174477111548,1.0314431424518488e-07,-3.688688051700592,2.4825334e-07,0.0,-7.180895805358887,-0.00016274890368390694
99000,-0.0003289000305812806,1.5723432511549618e-07,-3.6886866092681885,1.8805265e-07,0.0,-1.6078059673309326,-9.580463679501606e-05
99200,-0.0005863604601472616,1.1848316514573298e-07,-3.6886727273464204,3.8295983e-07,0.0,-1.964242935180664,-0.0002180205379185285
99400,-0.0003474008699413389,1.533326416947034e-07,-3.6886733412742614,2.5719402e-07,0.0,-5.313117980957031,-0.00012788680214277371
99600,-0.00045002761180512607,9.170690882243093e-08,-3.6886753261089327,2.6226044e-07,0.0,-6.077725410461426,-0.0001534965555320067
99800,-0.0003233295865356922,1.1354002396046781e-07,-3.6886864721775057,3.0964614e-07,0.0,-8.595008850097656,-0.00014947466637287298
100000,-0.0004261753347236663,6.886376455739195e-08,-3.688685989379883,3.823638e-07,0.0,-4.609805583953857,-0.00021853564517955172
100200,-0.0003340690745972097,1.0473781122399828e-07,-3.688692796230316,1.963973e-07,0.0,-1.302605390548706,-0.00010933367931791338
100400,-0.0003166156238876283,1.2548669694467663e-07,-3.6886949241161346,2.1517276e-07,0.0,-10.421591758728027,-0.000136753447794713
100600,-0.00037194183096289635,9.723685021612027e-08,-3.6886864364147187,2.2143126e-07,0.0,-3.660615921020508,-0.0001159436406606762
100800,-0.0002884264104068279,8.8975620826659e-08,-3.6886739671230315,3.7163494e-07,0.0,-6.027426719665527,-0.00017335260077653292
101000,-0.000493887288030237,8.478429087688255e-08,-3.68867968916893,4.780293e-07,0.0,-3.6297311782836914,-0.00019419626820331714
101200,-0.00035078387008979917,1.2348231024361666e-07,-3.688687968254089,2.0474195e-07,0.0,-5.852163791656494,-0.00012604091960806142
101400,-0.0003425044706091285,6.702000021618915e-08,-3.6886787712574005,2.512336e-07,0.0,-11.554177284240723,-0.00014353679076037907
101600,-0.00045099895214661956,2.0423560727067524e-07,-3.6886873126029966,2.9951335e-07,0.0,-5.599677562713623,-0.00016713710037561392
101800,-0.0004344348853919655,1.1703223137260466e-07,-3.6886798083782195,2.6792287e-07,0.0,-5.8082146644592285,-0.0001667537455336321
102000,-0.0003217385965399444,6.486682080364403e-08,-3.688679951429367,2.6494263e-07,0.0,-3.9534525871276855,-0.00011846111779723056
102200,-0.00025272840866819024,1.1362195628805694e-07,-3.688696211576462,2.1904707e-07,0.0,-5.7144999504089355,-0.00012499834634922548
102400,-0.00040511571569368243,1.1318322687969839e-07,-3.6886871218681336,2.7567148e-07,0.0,-2.1580440998077393,-0.0001533356439598954
102600,-0.00019086060638073832,1.7393528572995365e-07,-3.688689184188843,1.7791987e-07,0.0,-5.72075080871582,-0.0001062860183097869
102800,-0.0002562209265306592,9.816706070253645e-08,-3.688693380355835,2.0503998e-07,0.0,-2.577829599380493,-0.0001192303674462103
103000,-0.0003803134022746235,3.484358570560175e-08,-3.688696640729904,4.568696e-07,0.0,-10.707690238952637,-0.0002096084812386767
103200,-0.0006936672143638134,2.14813911014744e-07,-3.688686817884445,3.9070846e-07,0.0,-8.67640209197998,-0.00020668739163511862
103400,-0.0005275451694615185,4.777121347387947e-08,-3.688667839765549,4.029274e-07,0.0,-5.92665958404541,-0.00020943023180055586
103600,-0.00046232008025981486,1.4298652430966286e-07,-3.688681125640869,4.6819451e-07,0.0,-4.165317535400391,-0.0001905382427310087
103800,-0.00051589694339782,1.6839885859099012e-07,-3.6886815309524534,2.95341e-07,0.0,-7.089102745056152,-0.0001619876853342195
104000,-0.0004572389298118651,8.258342631961568e-08,-3.688658130168915,4.0650366e-07,0.0,-12.7384614944458,-0.0001688622977426335
104200,-0.00034721833071671426,1.1476523642528491e-07,-3.6886698961257935,2.5957823e-07,0.0,-6.036064147949219,-0.00015858851382267726
104400,-0.0005967903416603804,8.89753370536539e-08,-3.6886687099933626,3.7431718e-07,0.0,-5.023642539978027,-0.00019879081005177434
104600,-0.00045528128976002336,1.0402438475054509e-07,-3.688658571243286,3.5256147e-07,0.0,-5.94236421585083,-0.000196222787051048
104800,-8.464328857371584e-05,8.424723683120305e-08,-3.6886761248111726,2.9057264e-07,0.0,-6.014914035797119,-0.00016508279802374126
105000,-0.0005224882625043392,1.2414653589587487e-07,-3.6886715054512025,4.0203332e-07,0.0,-5.605166912078857,-0.00019708750977489586
105200,-0.000611700234003365,7.127326870914885e-08,-3.6886649787425996,3.3050776e-07,0.0,-6.700111389160156,-0.00017139568897885926
105400,-0.0003375286760274321,1.1661429688558655e-07,-3.688682419061661,2.1129846e-07,0.0,-3.584852695465088,-0.00010482236736799599
105600,-0.00029246939811855555,1.3557234534999907e-07,-3.688682520389557,2.7030705e-07,0.0,-5.891477108001709,-0.00012219840273064718
105800,-0.0005040887044742703,1.3314589946133993e-07,-3.6886667609214783,4.4375662e-07,0.0,-5.221372127532959,-0.00022666107082559562
106000,-0.0002951663627754897,7.262137335928287e-08,-3.6886609971523283,3.1739472e-07,0.0,-10.425334930419922,-0.00016163854319324323
106200,-0.0003152111603412777,6.604086015826738e-08,-3.6886679232120514,2.4765728e-07,0.0,-5.235577583312988,-0.0001365598723320982
106400,-0.00016314283129759133,9.064642148004509e-08,-3.6886684894561768,1.847744e-07,0.0,-4.872550010681152,-0.00011240187406329483
106600,-0.0005327381077222526,7.536333042068577e-08,-3.6886633217334746,4.437566e-07,0.0,-5.8627800941467285,-0.00022165678529884048
106800,-0.0002946178719867021,1.357070187779641e-07,-3.6886573910713194,2.7984382e-07,0.0,-6.233799457550049,-0.00014292211812949596
107000,-0.00033757794881239533,1.5800153665423978e-07,-3.6886767566204073,3.1113623e-07,0.0,-4.004389762878418,-0.00015841332073859293
107200,-0.0003698532236739993,1.1339019021505691e-07,-3.6886723339557648,3.6448242e-07,0.0,-4.244365692138672,-0.00018055163369410377
107400,-0.00026673931279219687,1.3180582811855856e-07,-3.6886701345443726,1.7672777e-07,0.0,-4.683135509490967,-0.00010400923710005561
107600,-0.00028454381390474737,1.021423299718549e-07,-3.688665843009949,2.7179718e-07,0.0,-9.045209884643555,-0.0001661305289689441
107800,-0.0003634858876466751,1.1333315761419271e-07,-3.688648283481598,4.6670436e-07,0.0,-4.695281028747559,-0.0001888449477816634
108000,-0.0005636244895868003,1.2000863005567908e-07,-3.688668167591095,3.2454727e-07,0.0,-3.2396888732910156,-0.00015470503877303975
108200,-0.0002744642551988363,6.368762415220885e-08,-3.688659501075745,2.2202731e-07,0.0,-8.741803169250488,-0.00010849040356537553
108400,-0.0002046672598225996,9.895894272915485e-08,-3.688674682378769,2.7626754e-07,0.0,-3.819453716278076,-0.00012243254529904491
108600,-0.000854192825499922,9.845182491474702e-08,-3.6886550009250643,4.440546e-07,0.0,-5.83485221862793,-0.0002434432706621692
108800,-0.0004830026300624013,6.980299733783113e-08,-3.6886418640613554,3.5673378e-07,0.0,-3.534353733062744,-0.0001687732629935823
109000,-0.000442929333075881,1.7442441730963764e-07,-3.688676393032074,5.2154064e-07,0.0,-2.93578839302063,-0.00023695221677826338
109200,-0.0005038670497015119,6.393156182227244e-08,-3.688648945093155,3.9458274e-07,0.0,-7.155002593994141,-0.0001754240994730427
109400,-0.00036008754977956414,1.1715421059932396e-07,-3.688685190677643,2.0772218e-07,0.0,-4.271892070770264,-0.00013558198312249025
109600,-0.00029649565112777054,1.5469175131954672e-07,-3.688666504621506,2.5451183e-07,0.0,-7.043508529663086,-0.0001353827408721031
109800,-0.00039851185283623636,6.947600308393476e-08,-3.688653701543808,4.7266485e-07,0.0,-7.669467926025391,-0.0001716130222547463
110000,-0.0003652343584690243,1.0142185589145924e-07,-3.6886763989925386,2.926588e-07,0.0,-4.27741003036499,-0.0001614003634816008
110200,-0.00040600847569294274,7.007815447934717e-08,-3.688632160425186,2.6136638e-07,0.0,-8.8010835647583,-0.00011886151188759131
110400,-0.0004460941127035767,1.447924843134274e-07,-3.6886762738227845,3.8355589e-07,0.0,-6.7043304443359375,-0.0002105573563532026
110600,-0.00044177324161864817,1.7366189908329943e-07,-3.68867409825325,3.0815602e-07,0.0,-7.8835601806640625,-0.0001563089046332955
110800,-0.0003066111239604652,7.27687085699813e-08,-3.6886532306671143,4.6610836e-07,0.0,-7.838801383972168,-0.0001587574398026925
111000,-0.00035171068157069385,8.59514580398013e-08,-3.6886479675769808,4.053116e-07,0.0,-6.237565517425537,-0.00016805403659645446
111200,-0.0003529959067236632,1.0816082358644508e-07,-3.6886617481708526,3.2126906e-07,0.0,-1.6506133079528809,-0.00016118478788484936
111400,-0.0004927975824102759,1.2872409129727203e-07,-3.6886618077754973,3.0517577e-07,0.0,-11.019800186157227,-0.00017737302193450156
111600,-0.00039503973675891757,1.3699489453955493e-07,-3.688653218746185,2.786517e-07,0.0,-7.003335952758789,-0.00016589095131802623
111800,-0.0005687455995939672,9.160548612996422e-08,-3.6886636316776276,5.450845e-07,0.0,-7.560187339782715,-0.00021010947934674284
112000,-0.00038050071452744305,1.422493864922103e-07,-3.6886614859104156,2.4080276e-07,0.0,-3.6464056968688965,-0.00015766251037530044
112200,-0.0004264462913852185,6.144054376377994e-08,-3.6886615812778474,2.5480983e-07,0.0,-4.454145908355713,-0.00014301255670668979
112400,-0.00030428977333940566,6.795010216720243e-08,-3.6886421024799345,3.349781e-07,0.0,-5.244252681732178,-0.0001650591721076955
112600,-0.0004246110038366169,1.0504755572071645e-07,-3.688668441772461,3.1024217e-07,0.0,-8.451620101928711,-0.00018818763635795044
112800,-0.0005015083588659763,3.973161022408078e-08,-3.688634145259857,4.7773125e-07,0.0,-14.371397972106934,-0.00020534282193420683
113000,-0.0005280655459500849,1.278986273334226e-07,-3.6886706709861756,3.501773e-07,0.0,-3.0771279335021973,-0.0001989167953813542
113200,-0.00040838404675014317,7.003770940983145e-08,-3.688653236627579,3.8206576e-07,0.0,-10.216838836669922,-0.00016769367660742773
113400,-0.0004578735679388046,7.004873268101619e-08,-3.6886380434036257,3.4719704e-07,0.0,-9.983860969543457,-0.0001804466255806325
113600,-0.00026079113013111055,1.0670276857638328e-07,-3.6886626541614533,2.4586916e-07,0.0,-5.706056118011475,-0.0001475437877440644
113800,-0.0004981366801075637,7.099486785122621e-08,-3.688645440340042,3.7938355e-07,0.0,-10.07909107208252,-0.00021485224541719638
114000,-0.00030090994550846517,1.4915097690249013e-07,-3.688651955127716,1.5884638e-07,0.0,-4.129374027252197,-0.00010072195573480602
114200,-0.00046111291158013046,1.597430477673356e-07,-3.6886651277542115,2.7775764e-07,0.0,-9.170515060424805,-0.00016315184414246177
114400,-0.0003708501171786338,1.5117688203503122e-07,-3.6886531352996825,3.46601e-07,0.0,-6.812994956970215,-0.00020802360700642453
114600,-0.00045199363376013935,1.0015026354892598e-07,-3.6886508464813232,3.1888487e-07,0.0,-7.49453067779541,-0.00016808623839992265
114800,-0.0004920244682580233,4.072716328629156e-08,-3.688639146089554,4.3570998e-07,0.0,-4.1907854080200195,-0.00018811263202400674
115000,-0.00039573636604472995,7.6247602098789e-08,-3.688640093803406,4.3004752e-07,0.0,-9.496617317199707,-0.0001817210095923616
115200,-0.00037030657404102385,1.2832852753774658e-07,-3.6886509239673613,2.9355286e-07,0.0,-4.741458415985107,-0.00015934167753037798
115400,-0.00047449723933823407,1.256939063054574e-07,-3.6886598467826843,3.34084e-07,0.0,-1.2421555519104004,-0.00016624161606978438
115600,-0.0005139483837410808,1.9334717222818653e-07,-3.6886735200881957,2.7686357e-07,0.0,-7.15964412689209,-0.0001693434722173981
115800,-0.0005303617217577994,9.537338918619298e-08,-3.6886575162410735,5.584955e-07,0.0,-7.137813568115234,-0.00021315519643678728
116000,-0.0003355600929353386,1.2641544948621687e-07,-3.688665384054184,2.6643278e-07,0.0,-6.141966342926025,-0.00013568566839801123
116200,-0.0004484782984945923,1.1586486419190578e-07,-3.688688713312149,3.4958123e-07,0.0,-2.130242347717285,-0.0001896485089973754
116400,-0.0004806857614312321,1.2982460013688523e-07,-3.68867569565773,2.8967858e-07,0.0,-0.7411812543869019,-0.00016492946280390885
116600,-0.00030425048316828907,1.8577444471645777e-07,-3.6886707305908204,2.69711e-07,0.0,-0.6893860101699829,-0.0001617277783048987
116800,-0.0003944247146137059,1.9237536221794472e-07,-3.688675606250763,3.3348798e-07,0.0,-5.451471328735352,-0.0001709180170398561
117000,-0.00017716267029754817,1.2464728964545203e-07,-3.688646066188812,2.8669834e-07,0.0,-5.075544834136963,-0.00013583706682675223
117200,-0.00032888437272049487,1.4165872883609154e-07,-3.6886750757694244,3.3944843e-07,0.0,-2.8538577556610107,-0.00016391047105694944
117400,-0.00029350718250498176,6.494949182922482e-08,-3.688661217689514,3.8415192e-07,0.0,-8.173585891723633,-0.00020523101106331154
117600,-0.0006569749093614519,1.3497836270914831e-07,-3.6886663496494294,5.0127505e-07,0.0,-1.1831350326538086,-0.0001970697573774771
117800,-0.0003261898527853191,1.2923232919348493e-07,-3.6886624336242675,2.351403e-07,0.0,-3.47532320022583,-0.00012835944397966427
118000,-0.0003610897692851722,6.370732297256154e-08,-3.688656598329544,2.5331974e-07,0.0,-6.264866352081299,-0.00014080812694856616
118200,-0.00041314869304187596,4.583682851055926e-08,-3.6886504530906676,2.9385092e-07,0.0,-4.426748275756836,-0.00015502912588226668
118400,-0.0005791805451735854,5.444575688073883e-08,-3.6886361241340637,6.896257e-07,0.0,-8.696993827819824,-0.00021336432460903332
118600,-0.0003255331830587238,1.261887021541952e-07,-3.6886521577835083,2.0056963e-07,0.0,-3.2362899780273438,-0.0001303237675983837
118800,-0.0003761853731703013,1.7689729254755092e-07,-3.688653165102005,2.30968e-07,0.0,-6.592881202697754,-0.00014485947783353658
119000,-0.0005467724986374378,1.3122211477423208e-07,-3.6886594414711,3.5554172e-07,0.0,-6.986306667327881,-0.0001782509970910784
119200,-0.0002274717844557017,9.314669577875633e-08,-3.688651305437088,2.3216009e-07,0.0,-4.652689456939697,-0.00011285279607812781
119400,-0.0001777701691025868,6.86455180698431e-08,-3.6886769771575927,1.5616416e-07,0.0,-10.700996398925781,-0.00011054690246192767
119600,-0.0004306149494368583,1.583282969619404e-07,-3.688653975725174,2.2798778e-07,0.0,-3.1564559936523438,-0.0001606552313234033
119800,-0.000317028199788183,1.7572223782735817e-07,-3.688678574562073,2.5689602e-07,0.0,-5.562529563903809,-0.00013581985977202394
120000,-0.0005371597944758832,9.073822582195135e-08,-3.6886568427085877,3.3617022e-07,0.0,-9.030560493469238,-0.0001729677686552744
120200,-0.00039056217065081,3.818606129080138e-08,-3.688651257753372,4.416704e-07,0.0,-8.165497779846191,-0.0001852704279669437
120400,-0.0003257241623941809,1.1350836830459343e-07,-3.688661152124405,2.1189452e-07,0.0,-1.2471649646759033,-0.00011954083994385467
120600,-0.0004950826405547559,1.5220865652310066e-07,-3.68865784406662,3.1262638e-07,0.0,-7.775485038757324,-0.00017258836314439918
120800,-0.00035463846870698035,1.1748918176124334e-07,-3.688660115003586,3.1590463e-07,0.0,-5.652904510498047,-0.0001721903678798098
121000,-0.0007313219830393791,5.0177267763018564e-08,-3.6886531949043273,4.583597e-07,0.0,-8.101134300231934,-0.00021218804456271111
121200,-0.0004252358339726925,1.4811986712714997e-07,-3.6886554837226866,3.2275915e-07,0.0,-10.390385627746582,-0.00017325840729891516
121400,-0.00039225537329912186,1.4451641412449588e-07,-3.688653790950775,2.2947788e-07,0.0,-7.0675859451293945,-0.00013644728740394018
121600,-0.0003166751703247428,1.787204428893574e-07,-3.6886617839336395,2.4139882e-07,0.0,-7.584029197692871,-0.00014599819481651567
121800,-0.0006406825268641114,9.09072709553982e-08,-3.688659590482712,4.8696995e-07,0.0,-4.812618255615234,-0.00026135103380329203
122000,-0.0004085685359314084,9.336088231393092e-08,-3.6886382937431335,2.5600195e-07,0.0,-6.87468147277832,-0.000149038878012675
122200,-0.00033735582837834954,6.563396830472356e-08,-3.6886438369750976,2.2143126e-07,0.0,-4.434757709503174,-0.00012585750088158764
122400,-0.0002124426100635901,1.1295154909163329e-07,-3.688655197620392,2.2023916e-07,0.0,-6.22163200378418,-0.00011215934157076113
122600,-0.00040524033829569817,7.831629549315266e-08,-3.688654047250748,3.1232832e-07,0.0,-0.3043496608734131,-0.00016146446784967016
122800,-0.00039743748493492603,9.735267916255453e-08,-3.6886293590068817,3.695488e-07,0.0,-7.580774307250977,-0.0001472851338269354
123000,-0.00024169516109395772,1.1133979054278597e-07,-3.6886365830898287,2.7030705e-07,0.0,-3.225337505340576,-0.00012956893509530332
123200,-0.0004715898248832673,8.286500552401321e-08,-3.6886569559574127,2.259016e-07,0.0,-12.195496559143066,-0.00014119216811820935
123400,-0.00042576881241984665,9.511303762366197e-08,-3.688659530878067,2.3365021e-07,0.0,-4.459502696990967,-0.00013852942499814613
123600,-0.0002752436848822981,7.4621847101497e-08,-3.6886373460292816,4.6789646e-07,0.0,-9.816346168518066,-0.00019215999552069096
123800,-0.00033583055483177304,1.207741689768227e-07,-3.6886632442474365,1.6570092e-07,0.0,-1.409921646118164,-9.690923207722468e-05
124000,-0.0007015839219093323,5.865625367640348e-08,-3.6886237382888796,4.4524668e-07,0.0,-5.511355400085449,-0.0001770376854158151
124200,-0.0005111987120471895,1.7781756156409756e-07,-3.688651865720749,3.4570692e-07,0.0,-6.838296890258789,-0.00019329161803198768
124400,-0.00028620994999073446,1.0549254749747661e-07,-3.688652902841568,2.6762484e-07,0.0,-4.937071323394775,-0.00014642223728305036
124600,-0.000515483901835978,1.8912858763542316e-07,-3.68866503238678,4.4852496e-07,0.0,-7.027244567871094,-0.00019677241828588432
124800,-0.0005921107367612422,4.5578138241353373e-08,-3.688624161481857,6.872416e-07,0.0,-4.514096260070801,-0.0002592431776856863
125000,-0.0002941542479675263,8.301536675858756e-08,-3.688647609949112,2.9295683e-07,0.0,-6.1622395515441895,-0.00016556470137083502
125200,-8.873813203535974e-05,1.1527301246871957e-07,-3.6886459290981293,1.8060206e-07,0.0,-6.416580677032471,-0.0001358790462148818
125400,-0.00032429996645078063,1.0247154893505695e-07,-3.6886614203453063,2.592802e-07,0.0,-4.000789642333984,-0.00014325414449078977
125600,-0.0004014539299532771,7.035657390019878e-08,-3.688644415140152,3.0726193e-07,0.0,-8.968459129333496,-0.00016578743610693448
125800,-0.00046425548498518765,1.0037438933352404e-07,-3.6886631906032563,3.618002e-07,0.0,-5.4953508377075195,-0.00016709205512899228
126000,-0.0005516844685189426,8.225955658858197e-08,-3.688657760620117,3.4987926e-07,0.0,-4.632873058319092,-0.00017170053690813704
126200,-0.00030640128534287214,1.5845263749980633e-07,-3.68864706158638,1.9937754e-07,0.0,-7.418950080871582,-0.00011211024169597295
126400,-0.00035043354728259146,1.190957325647446e-07,-3.6886357605457305,3.260374e-07,0.0,-8.466334342956543,-0.00017706187099610914
126600,-0.0005089851911179721,9.026738840844928e-08,-3.6886521339416505,3.7550925e-07,0.0,-6.41958475112915,-0.00019049326669899337
126800,-0.0005639956798404455,7.186703872008593e-08,-3.6886395454406737,5.2213665e-07,0.0,-4.777041912078857,-0.00021276779435044357
127000,-0.0006086649955250323,1.011515887050507e-07,-3.6886627316474914,3.439188e-07,0.0,-2.23248028755188,-0.0001874522415262203
127200,-0.00014336100139189512,1.311817856120001e-07,-3.688669431209564,2.4646522e-07,0.0,-6.025341510772705,-0.00014394555910302032
127400,-0.0003774399228859693,1.1060953042374422e-07,-3.688660317659378,2.8222797e-07,0.0,-5.031360149383545,-0.00014249016378722334
127600,-0.000414115289459005,1.4645488626285897e-07,-3.6886521220207213,2.4259091e-07,0.0,-3.5604543685913086,-0.0001476681904962307
127800,-0.0004254348168615252,7.926396143886904e-08,-3.6886565744876862,2.670288e-07,0.0,-6.552732944488525,-0.0001449098419610051
128000,-0.000508698693010956,6.919825548123982e-08,-3.688655686378479,3.5166738e-07,0.0,-3.702587127685547,-0.00019954723107540318
128200,-0.0002886283036787063,6.320960297401256e-08,-3.6886228919029236,3.540516e-07,0.0,-8.779128074645996,-0.000151617936502757
128400,-0.0004083613748662174,8.657739245521156e-08,-3.6886321723461153,2.1666288e-07,0.0,-3.783895492553711,-0.00012011356651271398
128600,-0.0002361289516557008,6.108569903240379e-08,-3.688641208410263,2.9832125e-07,0.0,-10.064125061035156,-0.00014795364314416082
128800,-0.0004303738533053547,5.6979977980375905e-08,-3.6886428594589233,2.0653009e-07,0.0,-2.694888114929199,-0.0001275911402686347
129000,-0.00027054795646108687,1.277376588504353e-07,-3.688632810115814,2.1606685e-07,0.0,-3.5028953552246094,-0.0001343090835332017
129200,-0.0004936999757774174,8.872840355778066e-08,-3.688636076450348,4.804134e-07,0.0,-6.627305030822754,-0.0001960937983056965
129400,-0.00034056330332532525,1.2472179005129648e-07,-3.6886332750320436,2.8967858e-07,0.0,-8.601798057556152,-0.00014570201235403202
129600,-0.00032455442124046385,7.272416144843418e-08,-3.688626140356064,6.064773e-07,0.0,-4.373775482177734,-0.00022345492978934623
129800,-0.00030877385870553553,9.163724259408924e-08,-3.688648188114166,2.4318695e-07,0.0,-8.32386302947998,-0.00012212246621095545
130000,-0.0002814838371705264,7.588066619490519e-08,-3.6886370718479156,2.3186206e-07,0.0,-9.705242156982422,-0.0001344130549321365
130200,-0.00046125033986754715,1.1420735983591612e-07,-3.688656806945801,3.6835672e-07,0.0,-7.106410980224609,-0.0001697341198496405
130400,-0.00032194372033700347,8.95629427510869e-08,-3.688645547628403,2.8610228e-07,0.0,-6.192544460296631,-0.00015921917242940343
130600,-0.0003228349087294191,1.4329962958470332e-07,-3.688627749681473,3.1232835e-07,0.0,-5.621079444885254,-0.00016053148385619664
130800,-0.0005207080394029617,1.3301740260374116e-07,-3.6886321008205414,3.4987926e-07,0.0,-9.585843086242676,-0.00016540114639247429
131000,-0.0005070016486570239,1.1006346003483714e-07,-3.688641530275345,3.0934808e-07,0.0,-3.661219596862793,-0.0001856192341816776
131200,-0.00041018688352778554,1.0739468283560428e-07,-3.6886251866817474,3.2603742e-07,0.0,-6.075881004333496,-0.00016377357062733467
131400,-0.0005300025222823024,1.128750074741447e-07,-3.6886278688907623,2.8789043e-07,0.0,-3.012028217315674,-0.00016025107909740656
131600,-0.0005093920626677573,6.912875631925885e-08,-3.6886283695697784,4.914403e-07,0.0,-4.656693458557129,-0.0001781848429780075
131800,-0.0002330357674509287,1.0520614015518959e-07,-3.6886257410049437,2.1904708e-07,0.0,-5.926238059997559,-0.00011698134327184918
132000,-0.00027007408789359033,6.651086783548977e-08,-3.688618505001068,3.308058e-07,0.0,-13.694491386413574,-0.00016056709849938678
132200,-0.0004955930635333061,3.2834732088815596e-08,-3.6886108577251435,3.4451483e-07,0.0,-5.019387245178223,-0.00014212800541937298
132400,-0.0005191711825318635,1.0431732020421691e-07,-3.688624757528305,3.620982e-07,0.0,-7.701759338378906,-0.00020109740018972033
132600,-0.000694223097525537,7.681140141713172e-08,-3.6886161267757416,4.377961e-07,0.0,-14.725111961364746,-0.00019791014585326394
132800,-0.0003533349954523146,1.070817805093327e-07,-3.6886186420917513,4.246831e-07,0.0,-9.569687843322754,-0.00019130482665703498
133000,-0.0003585339873097837,1.8703651427642853e-07,-3.6886356711387633,3.0905008e-07,0.0,-9.457688331604004,-0.00014877305887268656
133200,-0.00030455971136689186,1.1850990553341489e-07,-3.688640648126602,2.6613475e-07,0.0,-7.088855743408203,-0.00015811067771118737
133400,-0.0002957271062768996,1.349579612508478e-07,-3.688626003265381,1.6152859e-07,0.0,-4.474121570587158,-9.987244047477972e-05
133600,-0.00035557543742470443,1.0325399006916313e-07,-3.6886223673820497,2.2500754e-07,0.0,-6.176968097686768,-0.00015409428673947013
133800,-0.0003555505827534944,1.4396602541211223e-07,-3.688624858856201,2.2232533e-07,0.0,-4.0055694580078125,-0.00013471492933649908
134000,-0.00035147712333127856,1.0314891190077446e-07,-3.688625490665436,2.5212765e-07,0.0,-6.041330814361572,-0.00013597775978597683
134200,-0.0004540438822004944,1.532877060839155e-07,-3.688638174533844,3.248453e-07,0.0,-3.08681583404541,-0.00012719008355657201
134400,-0.00045608755317516625,9.001365750549439e-08,-3.6886215448379516,3.6031008e-07,0.0,-6.580172061920166,-0.00017649615452068889
134600,-0.0005387524142861366,6.94170149806439e-08,-3.68862344622612,3.0487774e-07,0.0,-3.925013542175293,-0.00016396969636991443
134800,-0.00039316335460171103,1.7374987546503461e-07,-3.6886132955551147,3.3527613e-07,0.0,-10.120866775512695,-0.00017550668175259077
135000,-0.00047340712626464665,8.197878758053889e-08,-3.6886004984378813,4.0560963e-07,0.0,-2.932666063308716,-0.0001972415230397928
135200,-0.00044700599391944706,1.3363917741315846e-07,-3.688608682155609,3.9607286e-07,0.0,-5.409360885620117,-0.00019996002428661618
135400,-0.0005107701872475445,5.5637917295570104e-08,-3.6885997474193575,4.1514636e-07,0.0,-10.755989074707031,-0.0001928840198007764
135600,-0.00044124203850515187,1.2080415050519379e-07,-3.6886056661605835,2.5570392e-07,0.0,-4.93510103225708,-0.00017697563791603256
135800,-0.00023100370890460908,1.2277918859382453e-07,-3.688607120513916,2.1100044e-07,0.0,-3.2691526412963867,-0.00011730900274533606
136000,-0.0003432460071053356,7.311289911271501e-08,-3.6886064052581786,5.5551527e-07,0.0,-6.060819149017334,-0.00020439960139351232
136200,-0.00041587359737604856,1.0796085083697449e-07,-3.688594561815262,3.814697e-07,0.0,-8.172198295593262,-0.00019186007914708813
136400,-0.0003610346175264567,1.221178786536825e-07,-3.6885989725589754,2.9861928e-07,0.0,-4.150988578796387,-0.00013464464939124676
136600,-0.0005336982430890203,1.2042574226711622e-07,-3.6886023700237276,3.501773e-07,0.0,-6.722179412841797,-0.00017134803509599728
136800,-0.0002671514521352947,7.016064511589093e-08,-3.688600069284439,4.2915346e-07,0.0,-11.799538612365723,-0.00021443046956597377
137000,-0.0003406081232242286,7.011827776182145e-08,-3.6885863065719606,3.951788e-07,0.0,-11.791854858398438,-0.00017950966978679816
137200,-0.0003384977171663195,1.0435999104885241e-07,-3.688596987724304,2.8043985e-07,0.0,-7.064627647399902,-0.0001462182320829841
137400,-0.00047626084415242076,1.214587896924968e-07,-3.6886055946350096,2.7805567e-07,0.0,-5.892474174499512,-0.0001564779955265827
137600,-0.0005350408027879894,8.861558766781741e-08,-3.688588148355484,3.3944843e-07,0.0,-4.109470367431641,-0.0001970477616630717
137800,-0.0002516441454645246,9.323200682587185e-08,-3.688600295782089,1.6599894e-07,0.0,-6.321930408477783,-0.00010010360088101855
138000,-0.0004571140161715448,1.6118205099502346e-07,-3.688596612215042,3.2961367e-07,0.0,-3.8774919509887695,-0.0001725526184832127
138200,-0.00040890846867114305,6.267635912493575e-08,-3.6885974407196045,3.1143426e-07,0.0,-16.010927200317383,-0.0001725546278596557
138400,-0.0004716208204627037,7.85721683271845e-08,-3.6886033535003664,2.7477742e-07,0.0,-7.822042465209961,-0.00014203293602645383
138600,-0.0003742824192158878,8.494832561822819e-08,-3.6885839819908144,5.4180623e-07,0.0,-2.8510031700134277,-0.00016760806707099006
138800,-0.00043181702494621277,8.26482339455481e-08,-3.688588333129883,3.6358833e-07,0.0,-11.943904876708984,-0.00017928999763194842
139000,-0.0002512285718694329,8.814948389002098e-08,-3.6885952413082124,2.348423e-07,0.0,-4.4964470863342285,-0.0001398906458446203
139200,-0.0004343825567048043,9.295543978993237e-08,-3.6886098980903625,2.9325486e-07,0.0,-5.899796962738037,-0.00016739501205369488
139400,-0.00041124035487882793,8.828788846670932e-08,-3.688600254058838,2.589822e-07,0.0,-7.523462295532227,-0.0001399341967410539
139600,-0.0005705645889975131,6.699918557728779e-08,-3.6885850012302397,3.8981437e-07,0.0,0.3660849928855896,-0.000215331569729571
139800,-0.0005399634246714413,1.3462026391408699e-07,-3.688587266206741,4.1395424e-07,0.0,-11.830352783203125,-0.00022049112444380014
140000,-0.00030992605024948716,1.2198546812669519e-07,-3.688573431968689,2.5779008e-07,0.0,-4.751376628875732,-0.00014903116251503424
140200,-0.0003539370954968035,8.758012119969294e-08,-3.688590633869171,2.861023e-07,0.0,-5.077152729034424,-0.00013726931832138689
140400,-0.00043079201714135706,1.1708301004276222e-07,-3.6885689795017242,3.2305718e-07,0.0,-4.745711803436279,-0.0001786985258801277
140600,-0.00028810574440285563,6.251527038259041e-08,-3.688560515642166,2.9057264e-07,0.0,-13.630097389221191,-0.00013139198711678012
140800,-0.0005231949035078287,6.678334107945716e-08,-3.6885612189769743,5.0067905e-07,0.0,-0.4425191879272461,-0.0002384673279547167
141000,-0.00033894271473400295,1.0987385934413396e-07,-3.6885653138160706,2.0563603e-07,0.0,-7.182974815368652,-0.00013929387971256535
141200,-0.00021939052385278046,5.91308589203976e-08,-3.6885699808597563,2.3663043e-07,0.0,-9.812934875488281,-0.000141177397300396
141400,-0.0004948690766468644,6.425116367836381e-08,-3.688579058647156,3.4838914e-07,0.0,-10.615607261657715,-0.00017671051624938982
141600,-0.00023883910034783185,1.1473266887662703e-07,-3.6885806381702424,2.4139882e-07,0.0,-6.883675575256348,-0.0001359362297293387
141800,-0.0006046538474038243,1.3217608980653494e-07,-3.688575977087021,3.1977893e-07,0.0,-4.419675827026367,-0.00019404889885779041
142000,-0.00037635021726600826,6.923708317785326e-08,-3.688563370704651,4.0233135e-07,0.0,-3.091341495513916,-0.0001784565521628201
142200,-0.0006411707145161927,7.902642789048286e-08,-3.6885649442672728,5.6892634e-07,0.0,-0.23341190814971924,-0.00026552865083089293
142400,-6.552723789354786e-05,8.682343928256842e-08,-3.6885778069496156,2.977252e-07,0.0,-11.45479965209961,-0.00014963340782696565
142600,-0.00038370094262063503,1.2736547247982343e-07,-3.6885678470134735,2.747774e-07,0.0,-6.786203861236572,-0.00012813122742789674
142800,-0.0002635684795677662,1.1507822943457313e-07,-3.6885626375675202,3.659725e-07,0.0,-7.067328453063965,-0.00020964530881801836
143000,-0.0003455221885815263,7.819338510017815e-08,-3.688555842638016,3.5792587e-07,0.0,-7.7411394119262695,-0.00018383891667388407
143200,-0.00040876748971641064,1.0323052528349308e-07,-3.688582640886307,3.3617022e-07,0.0,-3.6942625045776367,-0.00018667946663634695
143400,-0.00032800741610117257,8.702028830853692e-08,-3.6885740041732786,3.4451483e-07,0.0,-4.89841890335083,-0.00015598818001834048
143600,-8.107764733722433e-05,1.0381437487438916e-07,-3.688570261001587,3.5613775e-07,0.0,-6.713470458984375,-0.00017779830036278034
143800,-0.0004351677489466965,1.203439360608627e-07,-3.6885667622089384,2.771616e-07,0.0,-3.374088764190674,-0.00016596842483010966
144000,-0.00023418627097271383,1.6573592596103026e-07,-3.688566732406616,3.1411648e-07,0.0,-4.487495422363281,-0.00016572293528975822
144200,-0.00045676814625039697,8.828344411071498e-08,-3.6885572910308837,4.464388e-07,0.0,-6.327315807342529,-0.00019807276114397476
144400,-0.0003026604827027768,1.1626006788389986e-07,-3.6885679364204407,2.8073788e-07,0.0,-6.166460037231445,-0.00015567536577658635
144600,-0.0005466857110150158,1.662116646983236e-07,-3.6885623753070833,3.6925078e-07,0.0,-3.505194664001465,-0.0001845904408045218
144800,-6.848497287137434e-05,8.285980923616876e-08,-3.688559478521347,2.7239324e-07,0.0,-10.515777587890625,-0.0001418278670189954
145000,-0.0002529444464016706,1.3079236396151828e-07,-3.688561373949051,2.3335218e-07,0.0,-8.039127349853516,-0.00012247335886439448
145200,-0.00020707305520772934,9.601492587663074e-08,-3.688567763566971,2.6524066e-07,0.0,-6.020113945007324,-0.00015512888979110073
145400,-0.0004239058180246502,1.4354036252939296e-07,-3.6885752737522126,3.4868717e-07,0.0,-7.567410469055176,-0.00019502437123981587
145600,-0.0003800557751674205,9.561862146512112e-08,-3.688555806875229,5.233288e-07,0.0,-5.160255432128906,-0.000204351246938117
145800,-0.00035986138391308486,9.778525971171348e-08,-3.6885515570640566,2.9683113e-07,0.0,-6.693493843078613,-0.0001275570770106871
146000,-0.0004383247869554907,1.2895248833189043e-07,-3.6885368466377257,4.032254e-07,0.0,-5.6868133544921875,-0.00020529077157516173
146200,-0.00023912182950880378,1.0603142737153348e-07,-3.6885403096675873,2.6792287e-07,0.0,-9.310768127441406,-0.00013620179851897007
146400,-0.00019918459292966872,1.486877177825363e-07,-3.6885446906089783,1.9967557e-07,0.0,-8.024629592895508,-0.00010393197788152175
146600,-0.0004899249179288745,7.46229321002545e-08,-3.6885186791419984,4.0769578e-07,0.0,-12.127524375915527,-0.00017971405535536223
146800,-0.00023567519383504987,9.114084011940805e-08,-3.6885348498821258,2.8789043e-07,0.0,-10.780327796936035,-0.00013256549773151826
147000,-0.0007193121127784252,1.6882406157492368e-07,-3.6885435700416567,4.702806e-07,0.0,-3.379225730895996,-0.00021941112040746447
147200,-0.00034811266232281923,1.0105419221417832e-07,-3.6885383248329164,3.8415192e-07,0.0,-6.150275230407715,-0.00015001317738096986
147400,-0.0005588051863014698,4.644655202667991e-08,-3.688542091846466,3.7699937e-07,0.0,-11.199919700622559,-0.00016118872137402818
147600,-0.00032352370908483863,5.129731479591726e-08,-3.6885191082954405,2.8073785e-07,0.0,-0.4255561828613281,-0.0001523579135407016
147800,-0.00041194522054865956,9.332682697760219e-08,-3.688543087244034,2.744794e-07,0.0,-5.114959716796875,-0.00019031429254618982
148000,-0.0006027065101079643,1.2095037842385637e-07,-3.6885354101657866,5.3942205e-07,0.0,-4.657891273498535,-0.00023054476082042807
148200,-0.00019491356215439737,6.987149312465135e-08,-3.6885202407836912,2.7686357e-07,0.0,-11.975860595703125,-0.00012337201954504273
148400,-0.0002897536032833159,1.1872937015766638e-07,-3.6885326206684113,3.5762787e-07,0.0,-4.273918628692627,-0.00018903677307520185
148600,-0.0005129886558279395,9.7676462473828e-08,-3.688504326343536,4.532933e-07,0.0,-3.5074386596679688,-0.0001765403751889494
148800,-0.00019227528537157923,7.896752656222361e-08,-3.688520187139511,2.2739172e-07,0.0,-3.8644862174987793,-0.00010278073710059398
149000,-0.0007678510737605393,1.0779649919356871e-07,-3.688536471128464,3.9815905e-07,0.0,-3.9179677963256836,-0.00018391234315512928
149200,-0.0006371255149133503,1.8720729784149625e-07,-3.6885361075401306,2.6971102e-07,0.0,-5.633814811706543,-0.00015148504093192016
149400,-0.00026204585446976125,9.684429667089489e-08,-3.688526803255081,3.543496e-07,0.0,-2.5992369651794434,-0.00018621188549996503
149600,-0.0002462821430526674,1.3168381816086593e-07,-3.688527399301529,2.899766e-07,0.0,-7.615142822265625,-0.00013464745977787018
149800,-0.0002579881402198225,1.6237786901740491e-07,-3.6885009527206423,2.7865173e-07,0.0,-7.094057083129883,-0.00013879410950397574
150000,-0.00031457547447644174,1.0266353065446764e-07,-3.6885154128074644,2.3514033e-07,0.0,-5.119532585144043,-0.0001297998279780499
150200,-0.000384869723347947,8.187815634386197e-08,-3.6885225594043733,3.448129e-07,0.0,-3.216540813446045,-0.00017036792635423127
150400,-0.0004867113893851638,5.971094578782754e-08,-3.6885190904140472,3.5583975e-07,0.0,-8.616013526916504,-0.0001743540177881142
150600,-0.0003830522473435849,7.548357925379889e-08,-3.6885137975215914,3.2037497e-07,0.0,-4.137876033782959,-0.00015462939452421943
150800,-0.00033099387655965984,8.708818288738485e-08,-3.6885143756866454,2.7269124e-07,0.0,-11.565442085266113,-0.00016080506156367912
151000,-0.0005840540397912264,4.79757768179212e-08,-3.688515144586563,1.0123849e-06,0.0,-6.335666656494141,-0.00030031635199339045
151200,-0.0005434418562799692,8.196059271270429e-08,-3.688487321138382,2.7686357e-07,0.0,-5.240992546081543,-0.00015707961418427453
151400,-0.0006555432919412851,1.8794910943142896e-07,-3.6885183095932006,3.7670137e-07,0.0,-4.436939239501953,-0.00017660081478203525
151600,-0.0004217444802634418,1.605162312401376e-07,-3.6884992718696594,4.5061108e-07,0.0,-4.319163799285889,-0.00021279597353759394
151800,-0.00039522952283732593,8.205475738876089e-08,-3.688489520549774,2.872944e-07,0.0,-10.293272972106934,-0.0001632179022210467
152000,-0.0003554806171450764,7.946309450446165e-08,-3.6884993374347688,2.5063753e-07,0.0,-6.783617973327637,-0.0001499278401590587
152200,-0.0004634674114640802,1.564392116293334e-07,-3.6884837448596954,3.260374e-07,0.0,-5.513046741485596,-0.00015457735972006502
152400,-0.00030281933140940964,1.202537321276509e-07,-3.6884993970394135,2.7656557e-07,0.0,-4.9672956466674805,-0.00016339668634175465
152600,-0.0004829963727388531,9.980289661370989e-08,-3.6884702265262606,3.361702e-07,0.0,-5.1521735191345215,-0.00017274706322063517
152800,-0.00040997087489813566,6.111157300203728e-08,-3.6884879410266875,3.5077335e-07,0.0,-6.487442493438721,-0.00015741944296974176
153000,-0.0003602804499678314,1.4801901908612082e-07,-3.6884719133377075,3.814697e-07,0.0,-4.014273166656494,-0.00021412620849616814
153200,-0.00032283051405102015,1.580601139750115e-07,-3.688479799032211,2.6851893e-07,0.0,-6.677075386047363,-0.00015671464068418574
153400,-0.0004273691738490015,1.1363264835750897e-07,-3.6884716868400576,2.1487475e-07,0.0,-2.8019731044769287,-0.0001122123159479349
153600,-0.0004044041270390153,1.3934658582570592e-07,-3.688457262516022,2.7567148e-07,0.0,-8.666412353515625,-0.00015850680986977393
153800,-0.0003573217836674303,1.0799072391876052e-07,-3.6884682953357695,3.7670134e-07,0.0,-4.255462646484375,-0.00017905082049878284
154000,-0.00027548536309041083,1.705106166483006e-07,-3.688478779792786,2.270937e-07,0.0,-5.033536434173584,-0.00011230972351188307
154200,-0.00034885507193394005,1.164477566817368e-07,-3.688487100601196,1.7195939e-07,0.0,-7.657382965087891,-0.00010878868390842288
154400,-0.00046854992979206145,7.211959944797286e-08,-3.688474380970001,3.4332277e-07,0.0,-8.881566047668457,-0.00018759413041034013
154600,-0.0002499583060853183,8.30418225739038e-08,-3.6884693264961244,2.56598e-07,0.0,-2.7337148189544678,-0.0001373335418442867
154800,-0.0003995742881670594,1.4435825992364926e-07,-3.688500112295151,2.849102e-07,0.0,-8.725408554077148,-0.00014651376791716686
155000,-0.00021811957412865013,7.785497819767784e-08,-3.6884886026382446,3.7938358e-07,0.0,-6.217646598815918,-0.0001850192851236665
155200,-0.0003163429501000792,1.0820806695122087e-07,-3.688487595319748,2.887845e-07,0.0,-3.424893379211426,-0.00013994365925669162
155400,-0.00034365287865512073,6.684778979249017e-08,-3.6884816884994507,3.6120417e-07,0.0,-3.21732234954834,-0.0001570702206476593
155600,-0.0004532134917099029,7.930025778257743e-08,-3.688494247198105,3.5822393e-07,0.0,-4.159942626953125,-0.00018753927140016113
155800,-0.00037209567381069064,9.262674511845148e-08,-3.688490229845047,2.5868417e-07,0.0,-5.241861343383789,-0.0001449928505094289
156000,-0.00029267591889947653,7.783817626005885e-08,-3.688487035036087,2.6792287e-07,0.0,-3.3145155906677246,-0.00012068999496276379
156200,-0.0003883677127305418,1.1551187455438594e-07,-3.688483875989914,3.862381e-07,0.0,-3.672133445739746,-0.00020286464699359463
156400,-0.00041121261892840266,9.778258300841002e-08,-3.6884793400764466,3.257394e-07,0.0,-3.2275638580322266,-0.00017022018055463662
156600,-0.00020655538537539542,1.7336889772678888e-07,-3.6884756326675414,5.567074e-07,0.0,-6.764317512512207,-0.0002377895416977971
156800,-0.0006592983263544738,5.1821267499363444e-08,-3.6884882152080536,4.5388936e-07,0.0,-14.468364715576172,-0.0001900469583060893
157000,-0.00043025214108638465,1.0143115112271061e-07,-3.688494634628296,2.56598e-07,0.0,-5.331206798553467,-0.0001326567351340513
157200,-0.0003420851135160774,8.052532294300362e-08,-3.688495123386383,2.9206274e-07,0.0,-3.1716299057006836,-0.00014729258385250965
157400,-0.0006276486092247069,6.605162568007472e-08,-3.6884983599185945,2.899766e-07,0.0,-6.826613426208496,-0.00016002293444965509
157600,-0.0006088523659855127,1.3740445572452132e-07,-3.6884821176528932,4.0084126e-07,0.0,-2.4406557083129883,-0.0001939104644006928
157800,-0.0006874528480693698,8.59291032995202e-08,-3.688494461774826,3.5643578e-07,0.0,-4.330835819244385,-0.00019631242730884236
158000,-0.000616978679317981,1.2865765643965688e-07,-3.6884819984436037,4.795194e-07,0.0,-6.849762439727783,-0.00021306952263211443
158200,-0.0003972577105741948,7.542109221603255e-08,-3.688474053144455,3.7759543e-07,0.0,-8.81453800201416,-0.00018362142259804594
158400,-0.00042967370245605707,7.201952270108337e-08,-3.6884623229503632,5.871058e-07,0.0,-14.66712474822998,-0.0002129916266521148
158600,-0.0003769940813072026,6.703459014545387e-08,-3.688490003347397,3.8534404e-07,0.0,-5.863763332366943,-0.00017968730698205703
158800,-0.0006257746717892587,1.2262167166099401e-07,-3.688460922241211,4.8190356e-07,0.0,-6.547760009765625,-0.00023901614770821533
159000,-0.000494636595249176,1.293197017915304e-07,-3.6884629130363464,4.4077638e-07,0.0,-6.439520835876465,-0.00022240149233561103
159200,-0.00028609810397028923,1.206086656324601e-07,-3.6884674429893494,2.759695e-07,0.0,-10.072800636291504,-0.00013566249697843924
159400,-0.0003051098028663546,8.524504444551439e-08,-3.688474488258362,3.3855437e-07,0.0,-11.36099910736084,-0.00016338494471438426
159600,-0.000555091944988817,9.146859536457441e-08,-3.6884642958641054,2.875924e-07,0.0,-14.400595664978027,-0.00015832675963560748
159800,-0.00035231668152846396,9.387439607877468e-08,-3.688483202457428,2.810359e-07,0.0,-4.285676002502441,-0.00016988041848882142
160000,-0.0003921693714801222,1.0388722229137671e-07,-3.6884454905986788,3.2186512e-07,0.0,-2.5184085369110107,-0.00017127785116510807
160200,-0.0003021743323188275,1.6021157573931076e-07,-3.6884532511234283,3.4153462e-07,0.0,-4.7884745597839355,-0.00018543887147735028
160400,-0.0004065300163347274,1.7431051340111027e-07,-3.6884662449359893,2.8640034e-07,0.0,-4.957301616668701,-0.00016163794587691348
160600,-0.0002856962091755122,8.554973058849669e-08,-3.6884610414505006,3.0815602e-07,0.0,-5.90649938583374,-0.00014990274632094015
160800,-0.00040020127198658884,1.031097182746521e-07,-3.688471442461014,3.1232835e-07,0.0,-5.003374099731445,-0.00015949611477651394
161000,-0.0006634039455093443,6.25133166565206e-08,-3.6884486258029936,5.850196e-07,0.0,-6.606817722320557,-0.00022969259405090093
161200,-0.00026665860787034035,1.557674044860846e-07,-3.688451129198074,2.8580428e-07,0.0,-3.36173677444458,-0.00015999713612990796
161400,-0.00019715465896297246,9.348534346642623e-08,-3.6884580314159394,2.902746e-07,0.0,-6.855070114135742,-0.0001626698447890318
161600,-0.00033400615211576223,2.2052743489098248e-07,-3.6884571850299834,3.498793e-07,0.0,-7.499452590942383,-0.00016049636575474758
161800,-0.0003802354331128299,1.664974298876132e-07,-3.688446718454361,3.170967e-07,0.0,-8.870160102844238,-0.00016594743700837356
162000,-0.0004623487184289843,1.0437491102521789e-07,-3.6884607136249543,3.990531e-07,0.0,-7.33796501159668,-0.00019399468792107854
162200,-0.00033050726051442325,1.3003071828165957e-07,-3.6884664058685304,2.2649765e-07,0.0,-6.964120864868164,-0.00012891171944295898
162400,-0.00017772329738363624,9.941828604809189e-08,-3.6884676039218904,2.452731e-07,0.0,-7.088226318359375,-0.00011984310154979915
162600,-0.0002207099605584517,6.89570546441587e-08,-3.688456416130066,3.5464765e-07,0.0,-3.9197545051574707,-0.00014166684738441403
162800,-0.0003314530476927757,1.464943549578379e-07,-3.688479667901993,3.1352045e-07,0.0,-3.8357057571411133,-0.0001656055747821572
163000,-0.00061887624906376,5.8689696391667215e-08,-3.688473916053772,5.2005055e-07,0.0,-7.916175842285156,-0.00023864208238484342
163200,-0.0005224261549301445,1.1505486039453671e-07,-3.6884605526924132,4.1931867e-07,0.0,-6.001603126525879,-0.00016563954093862243
163400,-0.00039303061203099787,1.3504612486059387e-07,-3.6884714543819426,2.864003e-07,0.0,-0.5674556493759155,-0.00013751747477410702
163600,-0.0004782688047271222,1.1611386234733345e-07,-3.6884886801242827,3.8534404e-07,0.0,-11.204333305358887,-0.00017948910630929404
163800,-0.00042703980579972267,8.615464555106201e-08,-3.6884701371192934,2.3663046e-07,0.0,-7.086753845214844,-0.00013557250752374017
164000,-0.0004825759679079056,4.929424752830869e-08,-3.6884871304035185,3.683567e-07,0.0,-4.306392192840576,-0.00016041859211225474
164200,-0.00042633499833755195,6.561940057991933e-08,-3.6884913623332976,4.276633e-07,0.0,0.1811056137084961,-0.0001866858895536394
164400,-0.000403148791519925,0.00018318354468647158,-3.68857741355896,4.476309e-07,0.0,0.040263593196868896,-0.00022609794264200067
164600,-0.00015861436259001493,0.00012118813747292733,-3.6885110080242156,3.787875e-07,0.0,-1.366744041442871,-0.00013280172639866804
164800,-0.0004868008545599878,8.148794868247932e-05,-3.6884565889835357,4.7773125e-07,0.0,-1.1092758178710938,-0.0002052207752132551
165000,-0.000654730130918324,2.449473856813711e-05,-3.688464826345444,4.786253e-07,0.0,-0.3373643159866333,-0.00018672156296766217
165200,-0.0004812898696400225,2.223913456873561e-05,-3.688469409942627,3.811717e-07,0.0,0.0025745034217834473,-0.00019057233276532638
165400,-0.0006431002984754741,4.4678535141429164e-05,-3.688462162017822,6.03497e-07,0.0,0.03761923313140869,-0.00022076680546838644
165600,-0.0003965079376939684,4.1781096797421924e-05,-3.688487297296524,3.236532e-07,0.0,0.059995293617248535,-0.00015018241183519798
165800,-0.0010551806772127748,3.7029573923064164e-05,-3.6884694337844848,7.6770783e-07,0.0,-0.10418832302093506,-0.0002886099819772836
166000,-0.0004539170768111944,2.669064774636354e-05,-3.6884610772132875,4.8398977e-07,0.0,0.03210103511810303,-0.00022607542210664188
166200,-0.0005171594093553722,1.480147245729313e-05,-3.6884702026844023,4.0411948e-07,0.0,-0.1187739372253418,-0.00017973729165838838
166400,-0.000695869792252779,3.0668770205011245e-05,-3.688484787940979,5.9515236e-07,0.0,-0.03392016887664795,-0.00024623572748919684
166600,-0.0003920261515304446,2.3933533202580293e-05,-3.688460570573807,5.111098e-07,0.0,0.09160590171813965,-0.00018372467057314879
166800,-0.0004934637108817697,1.5632984172953e-05,-3.6884825229644775,3.9130447e-07,0.0,0.10932332277297974,-0.0002083976574279056
167000,-0.00028122516232542694,3.744295372598572e-05,-3.6884826898574827,4.5090914e-07,0.0,-0.026722431182861328,-0.00017347303787278444
167200,-0.00043439632281661034,1.817146116991353e-05,-3.6884728372097015,3.5166738e-07,0.0,-0.052037715911865234,-0.00016557899035332113
167400,-0.00039504060987383127,1.939962799042405e-05,-3.688491475582123,3.5762787e-07,0.0,-0.0029251575469970703,-0.00018471009963834107
167600,-0.00039402447873726487,3.798071634264488e-05,-3.688465827703476,5.364418e-07,0.0,-0.014501094818115234,-0.00020943377834305998
167800,-0.00035228999331593513,1.2527770138603955e-05,-3.688451439142227,3.901124e-07,0.0,-0.11621463298797607,-0.0001907046589107786
168000,-0.0004004146030638367,2.4305824535986175e-05,-3.688469398021698,4.3153764e-07,0.0,-0.015395283699035645,-0.0002081235057871833
168200,-0.0006119761383160949,5.346815651137149e-05,-3.688485300540924,4.950166e-07,0.0,0.018768250942230225,-0.00021519962098874855
168400,-0.00046083953930065036,1.0317974931695062e-05,-3.6884864389896395,3.5732984e-07,0.0,-0.03883075714111328,-0.0001862887365744026
168600,-0.00038379704346880317,1.8247705293106263e-05,-3.6884683847427366,3.644824e-07,0.0,-0.1136559247970581,-0.00017854014117064666
168800,-0.0002814748149830848,1.9350717479937884e-05,-3.6884867787361144,2.6017426e-07,0.0,0.04935920238494873,-0.00016248064371429116
169000,-0.0005092499195598066,2.1558196704063447e-05,-3.688480645418167,4.157424e-07,0.0,-0.19292867183685303,-0.00017981294592677165
169200,-0.00023882024106569588,2.0393094791870682e-05,-3.68847798705101,4.1037796e-07,0.0,0.17993980646133423,-0.00016913197606794884
169400,-0.0006505456403829157,4.295174248909461e-05,-3.688472104072571,5.3197147e-07,0.0,-0.051872968673706055,-0.00023029115179838412
169600,-0.0005000365781597793,1.065596826492765e-05,-3.688456827402115,6.112456e-07,0.0,-0.17097687721252441,-0.00024754510736056944
169800,-0.00036103662569075823,4.805167795893794e-05,-3.6884881138801573,3.4481286e-07,0.0,0.04362177848815918,-0.0001544925127793917
170000,-0.00048047490417957306,2.4427547350569513e-05,-3.688492238521576,3.5554172e-07,0.0,0.027520954608917236,-0.00017848152531620975
170200,-0.0009390534833073616,3.243937344450387e-05,-3.6884735107421873,7.376075e-07,0.0,-0.09903979301452637,-0.00025704762337919185
170400,-0.0005174984107725322,1.0324514994408673e-05,-3.688504159450531,3.3944843e-07,0.0,0.11642378568649292,-0.00018966247098159972
170600,-0.0005959295085631311,1.4039453776604206e-05,-3.688492065668106,4.774332e-07,0.0,0.0687171220779419,-0.00023453447337181131
170800,-0.000513065664563328,3.530326839609188e-05,-3.6884837210178376,4.4733287e-07,0.0,-0.04667651653289795,-0.00020645558131132669
171000,-0.0006795996450819075,1.8627616145749926e-05,-3.68849972486496,7.048249e-07,0.0,0.01610797643661499,-0.0002509198326043238
171200,-0.0004936224431730807,1.367717100038135e-05,-3.6885024845600127,4.2855737e-07,0.0,0.15170007944107056,-0.00022178231300187256
171400,-0.0005102187860757113,2.5280361069235368e-05,-3.688503175973892,5.540251e-07,0.0,0.11972206830978394,-0.00021441882924762013
171600,-0.0004684871237259358,1.2864854511462909e-05,-3.6884925723075868,5.310774e-07,0.0,0.05029541254043579,-0.0002561663995450658
171800,-0.0006401586579158902,1.4908261709933867e-05,-3.6884921550750733,3.9309265e-07,0.0,-0.13143014907836914,-0.00020490913044373115
172000,-0.0002185444755014032,2.4550470470785513e-05,-3.6885070145130157,4.094839e-07,0.0,0.020475268363952637,-0.00018876643482189647
172200,-0.00046157557517290115,2.792561549540551e-05,-3.6884874284267424,3.2693148e-07,0.0,0.05542534589767456,-0.00017889985714414358
172400,-0.0005706783849745989,2.1318054950825172e-05,-3.688502848148346,4.6670434e-07,0.0,0.09152472019195557,-0.00018694192279429257
172600,-0.00048408584552817047,1.3973206114314962e-05,-3.6884846329689025,5.5879354e-07,0.0,-0.05412137508392334,-0.0002286927178322351
172800,-0.00046290477621369064,3.652287027762213e-05,-3.688501715660095,3.7521124e-07,0.0,0.03790152072906494,-0.0002002867233818595
173000,-0.0003104275674559176,2.9218529380159453e-05,-3.6885054886341093,4.655123e-07,0.0,0.09313809871673584,-0.00022926226104937885
173200,-0.0003689777513500303,2.468478119226347e-05,-3.6884870409965513,3.7282703e-07,0.0,-0.11292088031768799,-0.00018174518689454411
173400,-0.0004381477483548224,2.1965225118947274e-05,-3.6885046422481538,3.451109e-07,0.0,0.03184664249420166,-0.00019308762321212924
173600,-0.0004375462303869426,3.5838018311551424e-05,-3.688503164052963,3.1918287e-07,0.0,0.021355748176574707,-0.0001617126174589867
173800,-0.000240405643125996,2.7845964950756752e-05,-3.6885159432888033,2.4437904e-07,0.0,0.18096011877059937,-0.00016167164515312749
174000,-0.0004139628435950726,2.0120819613111962e-05,-3.6884941697120666,3.6418442e-07,0.0,0.11963754892349243,-0.00016712946506109995
174200,-0.00042954107630066574,4.2186741666228045e-05,-3.6884800016880037,5.9217217e-07,0.0,0.07830160856246948,-0.0002367276246737937
174400,-0.0004218456451781094,2.7805149557025288e-05,-3.6884748578071593,4.9114226e-07,0.0,-0.18990039825439453,-0.00020015163804191217
174600,-0.00043138815090060234,1.2311730415603961e-05,-3.6884869277477264,3.0964614e-07,0.0,0.12173151969909668,-0.000164342544411622
174800,-0.0004348736547399312,1.888301387680258e-05,-3.688474178314209,4.6044588e-07,0.0,0.07668823003768921,-0.0002112440257153514
175000,-0.0004667472967412323,4.69635047011252e-05,-3.68848078250885,4.6163797e-07,0.0,0.0053716301918029785,-0.00020465022337265993
175200,-0.00037122011417523026,1.1798307491517335e-05,-3.6884865164756775,4.0650366e-07,0.0,-0.05371129512786865,-0.0001749555612037712
175400,-0.00029479971271939576,1.3272027649691153e-05,-3.688487845659256,2.3514032e-07,0.0,0.057955026626586914,-0.00013096728932304735
175600,-0.0003883822646457702,0.00011576260567380814,-3.688484412431717,4.4375656e-07,0.0,0.03664308786392212,-0.00020565864012294098
175800,-0.0002812144812196493,2.293357738381019e-05,-3.688476288318634,3.8802622e-07,0.0,0.0367124080657959,-0.00018880130323009058
176000,-0.0003771053161472082,1.5780646776875074e-05,-3.688463020324707,3.9696693e-07,0.0,-0.09778499603271484,-0.0001826103775613319
176200,-0.00033750321017578244,2.9343127016545624e-05,-3.688467788696289,3.8027764e-07,0.0,0.09029531478881836,-0.00017073610478292035
176400,-0.0003021253796759993,3.189356807524746e-05,-3.688480818271637,2.875924e-07,0.0,-0.003188014030456543,-0.0001458731145272285
176600,-0.0002539722772780806,1.7231633069059172e-05,-3.6884731113910676,2.914667e-07,0.0,-0.11059653759002686,-0.00015907540510164963
176800,-0.0004875386075582355,4.3321592875145144e-05,-3.688499224185944,4.0709972e-07,0.0,-0.022325634956359863,-0.00020965321406443138
177000,-0.0003478069556877017,1.5394618412756244e-05,-3.6884971857070923,2.7567148e-07,0.0,0.026843249797821045,-0.00014302408723960714
177200,-0.0006404806044884026,2.8448679222492502e-05,-3.6884653985500337,5.6296585e-07,0.0,-0.09634864330291748,-0.00022819498231001488
177400,-0.0003483183681964874,8.547745051146193e-06,-3.688508874177933,4.094839e-07,0.0,0.13000667095184326,-0.0002176062773173726
177600,-0.0005300588090904057,2.619691563268134e-05,-3.688487935066223,3.3885243e-07,0.0,0.004598677158355713,-0.0001881674242433462
177800,-0.0003235198091715574,2.4404095597674313e-05,-3.688493412733078,3.489852e-07,0.0,0.06220901012420654,-0.0001774679135045254
178000,-0.0002625080232974142,3.125588823422731e-05,-3.688462418317795,4.243851e-07,0.0,0.10442924499511719,-0.00019699893840845472
178200,-0.00042038707761093974,2.2938254301152482e-05,-3.688497984409332,1.9878149e-07,0.0,0.05493152141571045,-0.00012762944380710904
178400,-0.0005593198002316058,2.9633193707923056e-05,-3.6884756803512575,3.4838916e-07,0.0,-0.0959244966506958,-0.0001855553992198833
178600,-0.00043189412099309266,1.1046197585073969e-05,-3.688474011421204,4.3809413e-07,0.0,-0.09710097312927246,-0.00019726506592796512
178800,-0.00033034294028766453,2.9496121942429455e-05,-3.6884847462177275,2.5659799e-07,0.0,0.09251564741134644,-0.0001374792389040147
179000,-0.0002995926479343325,2.254873725178186e-05,-3.688478922843933,4.4494868e-07,0.0,0.08284002542495728,-0.00023387158896093219
179200,-0.000489159778226167,1.4266893708736461e-05,-3.6885025024414064,3.7372115e-07,0.0,0.18123149871826172,-0.00018820522102214188
179400,-0.0003363433643244207,1.0452797300786188e-05,-3.688477337360382,4.3600795e-07,0.0,0.11530256271362305,-0.00017748439585787423
179600,-0.0002498544054105878,1.831410691011115e-05,-3.688482493162155,4.905462e-07,0.0,0.17624825239181519,-0.00021412030697369743
179800,-0.00041233625961467624,1.2183741239368828e-05,-3.6884596943855286,3.257394e-07,0.0,-0.07287096977233887,-0.00016852934620918968
180000,-0.0006810594932176173,1.1807150428921886e-05,-3.6884827494621275,5.2660704e-07,0.0,0.13277417421340942,-0.00023626990058784326
180200,-0.0005100985872559249,3.281602712377207e-05,-3.688493913412094,4.0203332e-07,0.0,0.045215487480163574,-0.00020308979179937126
180400,-0.0005548113840632141,1.5543122231065354e-05,-3.6884877741336823,5.0038096e-07,0.0,-0.33338844776153564,-0.00021596314066925083
180600,-0.0004633934295270592,1.5695928914283287e-05,-3.688488334417343,4.3153764e-07,0.0,0.11897027492523193,-0.0001945238549192929
180800,-0.0003358903923071921,2.4618294719402912e-05,-3.688479620218277,3.9219856e-07,0.0,0.14948779344558716,-0.00019934356247501838
181000,-0.0004518711648415774,4.07523207286431e-05,-3.688481318950653,3.9756299e-07,0.0,0.0022763609886169434,-0.0002005422799254003
181200,-0.00045022586709819734,3.1272464366338684e-05,-3.6884795129299164,5.415082e-07,0.0,0.14132434129714966,-0.00023846378950935775
181400,-0.0005627765785902739,1.10542308220829e-05,-3.688479459285736,4.8935414e-07,0.0,-0.3433274030685425,-0.0002430616835665589
181600,-0.00042900300468318164,2.5768564159989183e-05,-3.688499504327774,2.780557e-07,0.0,0.11016088724136353,-0.00014279559366281447
181800,-0.00025610497687011957,1.2231737593992876e-05,-3.6885130167007447,2.604723e-07,0.0,-0.23535847663879395,-0.0001552511150283209
182000,-0.0006073680706322193,1.8550408935880113e-05,-3.6884916961193084,4.479289e-07,0.0,-0.026337385177612305,-0.00025222486317715286
182200,-0.0003924290358554572,2.7001159514838947e-05,-3.6884931147098543,4.467368e-07,0.0,0.08521836996078491,-0.000236119670591739
182400,-0.00036326167173683643,1.811268157325685e-05,-3.688512545824051,2.512336e-07,0.0,-0.03137385845184326,-0.00015252500774041167
182600,-0.0004429689724929631,2.467155031808943e-05,-3.6885236144065856,4.2438506e-07,0.0,0.00794363021850586,-0.00018628248539469537
182800,-0.0004530932055786252,2.260805226796947e-05,-3.6885053694248198,3.0577183e-07,0.0,0.026699185371398926,-0.0001918713301418684
183000,-0.00030122947646304965,3.297260159342841e-05,-3.688482862710953,3.6835672e-07,0.0,-0.014255166053771973,-0.00017022960977624012
183200,-0.0003407668846193701,2.111050150688243e-05,-3.6884983241558076,2.6494266e-07,0.0,0.10214507579803467,-0.0001404704294503123
183400,-0.0004927461268380284,5.420224747467728e-05,-3.6884802758693693,4.7087667e-07,0.0,-0.07361578941345215,-0.00023752985904430536
183600,-0.0005710218683816493,1.9203288775315742e-05,-3.6885068237781526,3.4034252e-07,0.0,0.06038695573806763,-0.00016584467887024169
183800,-0.0003125066577922553,3.139241625831346e-05,-3.688503164052963,2.7924776e-07,0.0,-0.0653003454208374,-0.000171409949048551
184000,-0.00045832726755179465,1.4527273810926999e-05,-3.6885196924209596,3.090501e-07,0.0,0.16394275426864624,-0.0001937709495764439
184200,-0.00047303788596764207,2.2490699984700767e-05,-3.688489729166031,5.593896e-07,0.0,0.11951756477355957,-0.00023843820372859703
184400,-0.00029661550070159137,2.1578681480605155e-05,-3.688491004705429,4.1365627e-07,0.0,-0.135367751121521,-0.00020914506903273454
184600,-0.0003569545515347272,6.28176706868544e-05,-3.6884837090969085,3.2991173e-07,0.0,-0.004505634307861328,-0.00019206388977983658
184800,-0.0005217756261117756,2.7997686447633897e-05,-3.6884951889514923,3.9994717e-07,0.0,0.1434999704360962,-0.00020627371983470422
185000,-0.00048427379806526005,1.958294558335183e-05,-3.688481956720352,3.9845705e-07,0.0,0.05823671817779541,-0.0001852546948225564
185200,-0.0002692941343411803,1.846813590873353e-05,-3.6884905278682707,4.118681e-07,0.0,0.09114712476730347,-0.00019198347740232436
185400,-0.00034014275297522545,2.1612262571579777e-05,-3.688508629798889,2.8908252e-07,0.0,-0.001161336898803711,-0.00015354602185422284
185600,-0.00029212358640506864,2.1687594289687696e-05,-3.688500261306763,2.4080276e-07,0.0,-0.0667271614074707,-0.00014106740808756958
185800,-0.0004971451126039028,1.7817433990785504e-05,-3.6884944796562196,3.8415195e-07,0.0,0.12020820379257202,-0.00020674660753980945
186000,-0.0003730017051566392,1.5254150798682532e-05,-3.6884820640087126,3.7640334e-07,0.0,0.06995117664337158,-0.00021936606156136573
186200,-0.0002992739318870008,1.4380951643033769e-05,-3.6884803593158724,1.8984079e-07,0.0,0.001974761486053467,-0.0001039808243570306
186400,-0.0004108708235435188,2.3686243434895004e-05,-3.688497519493103,3.287196e-07,0.0,0.08785247802734375,-0.0001776904090176057
186600,-0.00013633821799885482,1.4786113774789556e-05,-3.688503009080887,2.9176474e-07,0.0,0.12508869171142578,-0.00014567352217293995
186800,-0.00026133022038266063,1.6052135993049888e-05,-3.6885004162788393,2.4467707e-07,0.0,-0.11454105377197266,-0.00013302028905659569
187000,-0.00020805816166102886,2.0463905593715025e-05,-3.68849635720253,3.7878752e-07,0.0,0.07958602905273438,-0.0001999039479894771
187200,-0.00039684242801740766,2.7425748930909323e-05,-3.6884885251522066,3.695488e-07,0.0,-0.08980691432952881,-0.00019614405212156071
187400,-0.0004179307434242219,2.113643754455552e-05,-3.6884782373905183,4.556775e-07,0.0,0.10528916120529175,-0.00022044116894039955
187600,-0.0003451496595516801,1.7155170803562213e-05,-3.688474529981613,3.4540892e-07,0.0,0.06875485181808472,-0.00016615511139037587
187800,-0.0005689053796231747,5.081920326119871e-05,-3.688461011648178,4.6759845e-07,0.0,0.059436917304992676,-0.0002162800360810735
188000,-0.0004650564515031874,1.9550934985090863e-05,-3.6884781539440157,2.4735925e-07,0.0,-0.14683103561401367,-0.00014303734804621548
188200,-0.000332352559780702,1.97045543927743e-05,-3.6884838581085204,2.5570392e-07,0.0,0.08471614122390747,-0.00014981994071967543
188400,-0.0002563134185038507,1.1443357857388037e-05,-3.688462716341019,2.1636487e-07,0.0,0.05311691761016846,-0.0001288739072023204
188600,-0.0005083506694063544,2.145323401236965e-05,-3.688465040922165,4.1335818e-07,0.0,0.07687664031982422,-0.00021394957425742157
188800,-0.0007119255024008453,1.244029585905082e-05,-3.6884609699249267,6.2197444e-07,0.0,-0.24958491325378418,-0.0002471070882313242
189000,-0.00044264475582167506,2.1298824708537723e-05,-3.688492679595947,3.1769275e-07,0.0,-0.1559581756591797,-0.0001844288561508145
189200,-0.0003975399013143033,1.8733425781647385e-05,-3.688470947742462,2.9981138e-07,0.0,0.09115713834762573,-0.0001414713799474665
189400,-0.00042309684795327485,1.7160018751383176e-05,-3.688471519947052,4.5388936e-07,0.0,-0.0034900903701782227,-0.00021971984290712897
189600,-0.0004409445682540536,2.5159540996355645e-05,-3.6884763836860657,5.0902366e-07,0.0,-0.009540796279907227,-0.00020604270020294635
189800,-0.0006875661783851683,1.0000960912748269e-05,-3.6884822726249693,7.423759e-07,0.0,-0.01913619041442871,-0.00029379822294259836
190000,-0.00025243088020943105,2.190947272993071e-05,-3.6884692788124083,3.4272668e-07,0.0,0.11223864555358887,-0.00017002715294096583
190200,-0.00042391769238747656,2.686063571673003e-05,-3.688472557067871,4.926324e-07,0.0,0.047583818435668945,-0.00022816852628239072
190400,-0.00036154291592538357,4.417674890646595e-05,-3.688478285074234,3.20673e-07,0.0,0.012703537940979004,-0.00017822706660530763
190600,-0.00022932214778847992,4.347583831076918e-05,-3.6884927988052367,2.9176474e-07,0.0,-0.03727400302886963,-0.000164524614266498
190800,-0.0004959910875186324,2.0256545553820615e-05,-3.6884767413139343,4.8846005e-07,0.0,-0.1280289888381958,-0.00021897971734943233
191000,-0.0003005892504006624,1.1040451602184475e-05,-3.688482868671417,3.4481286e-07,0.0,0.0007619857788085938,-0.0001697772428312927
191200,-0.0004952679737471044,1.6529907907170126e-05,-3.688467389345169,6.020069e-07,0.0,-0.06840205192565918,-0.00022199168983627615
191400,-0.0003485267225187272,2.5619402731535956e-05,-3.6884757697582247,4.3660404e-07,0.0,0.02001255750656128,-0.00018300457340638676
191600,-0.0003664749674499035,1.3089732021853706e-05,-3.688469445705414,3.5524369e-07,0.0,0.13890063762664795,-0.00018680104515951258
191800,-0.0005466575967147946,1.1543236712441286e-05,-3.688473552465439,7.0840116e-07,0.0,0.03779280185699463,-0.00024879288729957595
192000,-0.0003227594424970448,5.213653730606893e-05,-3.688460886478424,4.068017e-07,0.0,-0.055620789527893066,-0.0001882784503190571
192200,-0.00030814713682048023,1.3280674716042995e-05,-3.688480269908905,3.287196e-07,0.0,-0.28133535385131836,-0.00016981107044626852
192400,-0.00043545960215851665,3.1246514436134024e-05,-3.6884765207767485,2.6464463e-07,0.0,-0.025113582611083984,-0.0001524044491592269
192600,-0.0001932675950229168,1.8191844287684943e-05,-3.688480186462402,2.6285647e-07,0.0,0.12342685461044312,-0.00014145231265727531
192800,-0.00022655335487797856,1.508536158780771e-05,-3.688482826948166,2.5182962e-07,0.0,0.1419978141784668,-0.00013449098220759127
193000,-0.000277931074379012,3.7957518952680405e-05,-3.688469260931015,3.436208e-07,0.0,0.07310670614242554,-0.0001539904637011258
193200,-0.00038789803511463106,2.6936826679957447e-05,-3.6884815096855164,2.6285647e-07,0.0,0.1956799030303955,-0.00015658091841099785
193400,-0.00043414506944827735,2.0035970214848932e-05,-3.6884563982486727,3.6507845e-07,0.0,0.10484206676483154,-0.00017592540401472067
193600,-0.0003817285178229213,4.17403040046338e-05,-3.6884809136390686,2.5987626e-07,0.0,-0.11916732788085938,-0.00014438150885234257
193800,-0.0005606950144283473,2.4742617051742853e-05,-3.6884580314159394,4.87268e-07,0.0,0.05397564172744751,-0.00022832381480986097
194000,-0.00028694726643152535,6.861511164970579e-05,-3.6884549260139465,3.3468007e-07,0.0,0.0407794713973999,-0.00017166672595605447
194200,-0.0004484735254663974,1.4855695826554439e-05,-3.6884548127651215,4.62234e-07,0.0,0.22437536716461182,-0.00022010008937671798
194400,-0.00048270527622662485,3.8109335991975965e-05,-3.688451898097992,3.7103894e-07,0.0,0.02499568462371826,-0.00020359399879902318
194600,-0.0003691173915285617,2.493207343832182e-05,-3.6884792029857634,3.221631e-07,0.0,-0.020754456520080566,-0.00017677853953603772
194800,-0.0002001503889914602,1.800334778181423e-05,-3.6884396970272064,2.6106835e-07,0.0,0.05259227752685547,-0.0001315145498543835
195000,-0.00028692319756373763,2.50213393883314e-05,-3.6884802103042604,2.8133394e-07,0.0,0.01956331729888916,-0.00017172086217485117
195200,-8.368889393750578e-05,1.733261824483634e-05,-3.6884824872016906,2.8073788e-07,0.0,0.0784311294555664,-0.00014372181876116664
195400,-0.0005602070013992488,9.606121727756544e-06,-3.6884540379047395,3.7550925e-07,0.0,0.04373866319656372,-0.00020157374433278364
195600,-0.0005209850496612489,1.3143355658939981e-05,-3.6884736597537993,4.3839216e-07,0.0,0.06130564212799072,-0.0002047242446214348
195800,-0.0004509510472416878,2.0589925611602666e-05,-3.6884502947330473,4.3720007e-07,0.0,0.10425162315368652,-0.00022804737211254978
196000,-0.00048503035213798285,3.5665765972225925e-05,-3.688451874256134,4.0531157e-07,0.0,-0.052060484886169434,-0.0001987980164397385
196200,-0.00044118304504081607,2.2961893887440964e-05,-3.688463830947876,2.4288892e-07,0.0,-0.1419672966003418,-0.0001454807520605228
196400,-0.0004496779292821884,1.371703413042269e-05,-3.68845734000206,3.5494566e-07,0.0,0.06895220279693604,-0.00018931589923203428
196600,-0.0005232913536019623,1.6929423532019426e-05,-3.6884483635425567,5.784631e-07,0.0,0.05332648754119873,-0.00024116004830477823
196800,-0.0004593749181367457,1.643679961489397e-05,-3.688442754745483,3.486872e-07,0.0,-0.13707292079925537,-0.00017943654979273304
197000,-0.00034689297899603844,2.1097968533467794e-05,-3.6884457170963287,3.221631e-07,0.0,0.06394118070602417,-0.00014840225794516827
197200,-0.0006262132083065808,1.6666909095874872e-05,-3.6884534299373626,4.6133994e-07,0.0,-0.04234278202056885,-0.00023410163384335325
197400,-0.0005735307349823415,1.6367031957997823e-05,-3.6884275794029238,3.7640334e-07,0.0,0.06196856498718262,-0.00017639268846156853
197600,-0.00032491760794073343,2.0977450049031177e-05,-3.6884538650512697,3.2097103e-07,0.0,0.01136702299118042,-0.00016866615309243382
197800,-0.00021837888925801963,1.447572633423988e-05,-3.6884389400482176,1.5586615e-07,0.0,0.01224517822265625,-9.828410959329403e-05
198000,-0.0004492771113291383,2.5497782826278125e-05,-3.688395655155182,4.324317e-07,0.0,0.05084073543548584,-0.00020549663928717265
198200,-0.00021192601707298309,1.4146953230920189e-05,-3.6884445190429687,2.9206277e-07,0.0,0.028813064098358154,-0.00015028050677479143
198400,-0.000392630958231166,3.0138190140860388e-05,-3.6884340822696684,3.72231e-07,0.0,-0.050966620445251465,-0.00016709835892139146
198600,-0.00030570797389373183,3.140528733638348e-05,-3.688432663679123,3.8087367e-07,0.0,0.12975651025772095,-0.00018805238614549857
198800,-0.000358163466444239,1.2619864082807909e-05,-3.6884256303310394,2.5719405e-07,0.0,-0.20205354690551758,-0.00014233908067593504
199000,-0.00028310384368523955,2.1221997621978515e-05,-3.6884374260902404,3.0010938e-07,0.0,0.14856022596359253,-0.0001571400762819586
199200,-0.0002577960258349776,3.5016053470826594e-05,-3.688437968492508,3.039837e-07,0.0,-0.038224101066589355,-0.00014680210114783598
199400,-0.0003635415923781693,2.4883415062504354e-05,-3.6884468138217925,2.449751e-07,0.0,0.1900399923324585,-0.0001369555963101732
199600,-0.0005244737258180976,2.114956778314081e-05,-3.6884458363056183,5.570054e-07,0.0,0.025684475898742676,-0.00025901705155308987
199800,-0.0004890254349447787,1.3865383971278789e-05,-3.688438618183136,3.7401915e-07,0.0,0.1546175479888916,-0.00019260081642809014
200000,-0.0005770784337073565,1.93665038295876e-05,-3.688427394628525,4.053116e-07,0.0,0.1063147783279419,-0.00022246454069438926
