algo,reward,seed,flow,cycle_num,total_queue
webster,-,-,low,1,0.63
webster,-,-,low,2,0.5
webster,-,-,low,3,0.57
webster,-,-,low,4,0.59
webster,-,-,low,5,0.84
webster,-,-,low,6,0.69
webster,-,-,low,7,0.79
webster,-,-,low,8,1.04
webster,-,-,low,9,0.56
webster,-,-,low,10,0.57
webster,-,-,low,11,0.98
webster,-,-,low,12,1.14
webster,-,-,low,13,0.62
webster,-,-,low,14,0.92
webster,-,-,low,15,0.61
webster,-,-,low,16,0.54
webster,-,-,low,17,0.9
webster,-,-,low,18,0.72
webster,-,-,low,19,0.84
webster,-,-,low,20,0.48
webster,-,-,low,21,0.64
webster,-,-,low,22,0.74
webster,-,-,low,23,0.69
webster,-,-,low,24,0.67
webster,-,-,low,25,1.06
webster,-,-,low,26,0.79
webster,-,-,low,27,0.69
webster,-,-,low,28,0.72
webster,-,-,low,29,0.93
webster,-,-,low,30,0.98
webster,-,-,low,31,0.6
webster,-,-,low,32,1.01
webster,-,-,low,33,0.49
webster,-,-,low,34,0.73
webster,-,-,low,35,1.11
webster,-,-,low,36,1.2
webster,-,-,low,37,0.78
webster,-,-,low,38,0.57
webster,-,-,low,39,0.69
webster,-,-,low,40,0.61
webster,-,-,low,41,0.88
webster,-,-,low,42,0.96
webster,-,-,low,43,1.09
webster,-,-,low,44,0.67
webster,-,-,low,45,0.62
webster,-,-,low,46,0.59
webster,-,-,low,47,0.74
webster,-,-,low,48,0.58
webster,-,-,low,49,0.74
webster,-,-,low,50,0.74
webster,-,-,low,51,0.91
webster,-,-,low,52,0.71
webster,-,-,low,53,0.58
webster,-,-,low,54,0.79
webster,-,-,low,55,0.73
webster,-,-,low,56,1.06
webster,-,-,medium,1,1.44
webster,-,-,medium,2,1.47
webster,-,-,medium,3,1.4
webster,-,-,medium,4,1.12
webster,-,-,medium,5,1.77
webster,-,-,medium,6,1.22
webster,-,-,medium,7,1.18
webster,-,-,medium,8,1.52
webster,-,-,medium,9,1.74
webster,-,-,medium,10,1.23
webster,-,-,medium,11,1.16
webster,-,-,medium,12,1.2
webster,-,-,medium,13,1.29
webster,-,-,medium,14,1.1
webster,-,-,medium,15,1.68
webster,-,-,medium,16,1.17
webster,-,-,medium,17,1.49
webster,-,-,medium,18,1.37
webster,-,-,medium,19,1.59
webster,-,-,medium,20,1.47
webster,-,-,medium,21,1.46
webster,-,-,medium,22,1.21
webster,-,-,medium,23,1.11
webster,-,-,medium,24,1.67
webster,-,-,medium,25,1.28
webster,-,-,medium,26,1.68
webster,-,-,medium,27,1.32
webster,-,-,medium,28,1.8
webster,-,-,medium,29,1.5
webster,-,-,medium,30,1.51
webster,-,-,medium,31,1.13
webster,-,-,medium,32,1.76
webster,-,-,medium,33,1.82
webster,-,-,medium,34,1.37
webster,-,-,medium,35,1.12
webster,-,-,medium,36,1.53
webster,-,-,medium,37,1.78
webster,-,-,medium,38,1.28
webster,-,-,medium,39,1.83
webster,-,-,medium,40,1.9
webster,-,-,medium,41,1.8
webster,-,-,medium,42,1.16
webster,-,-,medium,43,1.86
webster,-,-,medium,44,1.68
webster,-,-,medium,45,1.48
webster,-,-,medium,46,1.04
webster,-,-,medium,47,1.51
webster,-,-,medium,48,1.43
webster,-,-,medium,49,1.76
webster,-,-,medium,50,1.37
webster,-,-,medium,51,1.61
webster,-,-,medium,52,2.09
webster,-,-,medium,53,1.59
webster,-,-,medium,54,2.09
webster,-,-,medium,55,2.11
webster,-,-,medium,56,1.52
webster,-,-,high,1,2.69
webster,-,-,high,2,4.51
webster,-,-,high,3,6.08
webster,-,-,high,4,5.77
webster,-,-,high,5,5.51
webster,-,-,high,6,6.87
webster,-,-,high,7,6.7
webster,-,-,high,8,9.07
webster,-,-,high,9,10.0
webster,-,-,high,10,13.44
webster,-,-,high,11,12.3
webster,-,-,high,12,13.37
webster,-,-,high,13,13.06
webster,-,-,high,14,12.03
webster,-,-,high,15,10.96
webster,-,-,high,16,9.56
webster,-,-,high,17,11.17
webster,-,-,high,18,7.82
webster,-,-,high,19,9.9
webster,-,-,high,20,11.29
webster,-,-,high,21,10.1
webster,-,-,high,22,10.41
webster,-,-,high,23,8.43
webster,-,-,high,24,9.02
webster,-,-,high,25,11.2
webster,-,-,high,26,10.84
webster,-,-,high,27,11.38
webster,-,-,high,28,10.16
webster,-,-,high,29,10.72
webster,-,-,high,30,9.97
webster,-,-,high,31,10.03
webster,-,-,high,32,9.4
webster,-,-,high,33,12.16
webster,-,-,high,34,11.94
webster,-,-,high,35,9.76
webster,-,-,high,36,7.64
webster,-,-,high,37,6.1
webster,-,-,high,38,5.61
webster,-,-,high,39,5.29
webster,-,-,high,40,7.77
webster,-,-,high,41,11.53
webster,-,-,high,42,8.78
webster,-,-,high,43,8.27
webster,-,-,high,44,6.82
webster,-,-,high,45,7.53
webster,-,-,high,46,6.29
webster,-,-,high,47,5.11
webster,-,-,high,48,4.83
webster,-,-,high,49,5.18
webster,-,-,high,50,7.38
webster,-,-,high,51,6.01
webster,-,-,high,52,5.77
webster,-,-,high,53,6.69
webster,-,-,high,54,8.42
webster,-,-,high,55,8.07
webster,-,-,high,56,7.44
fixed,-,-,low,1,2.22
fixed,-,-,low,2,2.76
fixed,-,-,low,3,3.2
fixed,-,-,low,4,3.69
fixed,-,-,low,5,4.0
fixed,-,-,low,6,4.49
fixed,-,-,low,7,3.89
fixed,-,-,low,8,6.51
fixed,-,-,low,9,4.98
fixed,-,-,low,10,4.31
fixed,-,-,low,11,4.82
fixed,-,-,low,12,3.76
fixed,-,-,low,13,3.42
fixed,-,-,low,14,4.67
fixed,-,-,low,15,4.71
fixed,-,-,low,16,3.96
fixed,-,-,low,17,3.67
fixed,-,-,low,18,3.84
fixed,-,-,low,19,5.02
fixed,-,-,low,20,6.27
fixed,-,-,low,21,4.22
fixed,-,-,low,22,3.87
fixed,-,-,low,23,3.07
fixed,-,-,low,24,4.36
fixed,-,-,low,25,3.07
fixed,-,-,low,26,3.47
fixed,-,-,low,27,2.64
fixed,-,-,low,28,5.31
fixed,-,-,low,29,4.84
fixed,-,-,low,30,6.0
fixed,-,-,low,31,3.44
fixed,-,-,low,32,4.16
fixed,-,-,low,33,5.58
fixed,-,-,low,34,3.67
fixed,-,-,low,35,4.44
fixed,-,-,low,36,4.53
fixed,-,-,low,37,3.98
fixed,-,-,low,38,3.98
fixed,-,-,low,39,4.04
fixed,-,-,low,40,6.22
fixed,-,-,low,41,4.11
fixed,-,-,low,42,3.84
fixed,-,-,low,43,3.76
fixed,-,-,low,44,4.2
fixed,-,-,low,45,5.0
dqn,wait-clip,s123,high,1,7.87
dqn,wait-clip,s123,high,2,15.73
dqn,wait-clip,s123,high,3,13.98
dqn,wait-clip,s123,high,4,16.87
dqn,wait-clip,s123,high,5,15.04
dqn,wait-clip,s123,high,6,14.24
dqn,wait-clip,s123,high,7,14.07
dqn,wait-clip,s123,high,8,15.31
dqn,wait-clip,s123,high,9,13.69
dqn,wait-clip,s123,high,10,14.0
dqn,wait-clip,s123,high,11,14.18
dqn,wait-clip,s123,high,12,12.67
dqn,wait-clip,s123,high,13,16.04
dqn,wait-clip,s123,high,14,14.67
dqn,wait-clip,s123,high,15,14.16
dqn,wait-clip,s123,high,16,14.16
dqn,wait-clip,s123,high,17,13.44
dqn,wait-clip,s123,high,18,12.51
dqn,wait-clip,s123,high,19,17.31
dqn,wait-clip,s123,high,20,15.4
dqn,wait-clip,s123,high,21,16.11
dqn,wait-clip,s123,high,22,17.31
dqn,wait-clip,s123,high,23,12.93
dqn,wait-clip,s123,high,24,13.42
dqn,wait-clip,s123,high,25,13.33
dqn,wait-clip,s123,high,26,13.96
dqn,wait-clip,s123,high,27,14.0
dqn,wait-clip,s123,high,28,2.6
dqn,wait-clip,s123,low,1,1.89
dqn,wait-clip,s123,low,2,2.2
dqn,wait-clip,s123,low,3,4.4
dqn,wait-clip,s123,low,4,3.2
dqn,wait-clip,s123,low,5,3.71
dqn,wait-clip,s123,low,6,4.91
dqn,wait-clip,s123,low,7,3.56
dqn,wait-clip,s123,low,8,4.76
dqn,wait-clip,s123,low,9,2.73
dqn,wait-clip,s123,low,10,2.73
dqn,wait-clip,s123,low,11,3.78
dqn,wait-clip,s123,low,12,4.09
dqn,wait-clip,s123,low,13,2.51
dqn,wait-clip,s123,low,14,4.96
dqn,wait-clip,s123,low,15,4.02
dqn,wait-clip,s123,low,16,1.76
dqn,wait-clip,s123,low,17,3.36
dqn,wait-clip,s123,low,18,3.27
dqn,wait-clip,s123,low,19,3.09
dqn,wait-clip,s123,low,20,3.44
dqn,wait-clip,s123,low,21,5.82
dqn,wait-clip,s123,low,22,2.62
dqn,wait-clip,s123,low,23,3.8
dqn,wait-clip,s123,low,24,3.67
dqn,wait-clip,s123,low,25,2.78
dqn,wait-clip,s123,low,26,3.98
dqn,wait-clip,s123,low,27,2.89
dqn,wait-clip,s123,low,28,3.96
dqn,wait-clip,s123,low,29,3.53
dqn,wait-clip,s123,low,30,4.07
dqn,wait-clip,s123,low,31,3.2
dqn,wait-clip,s123,low,32,2.71
dqn,wait-clip,s123,low,33,2.93
dqn,wait-clip,s123,low,34,0.31
dqn,wait-clip,s123,low,35,0.0
dqn,wait-clip,s123,medium,1,3.38
dqn,wait-clip,s123,medium,2,4.93
dqn,wait-clip,s123,medium,3,6.33
dqn,wait-clip,s123,medium,4,5.58
dqn,wait-clip,s123,medium,5,5.73
dqn,wait-clip,s123,medium,6,5.38
dqn,wait-clip,s123,medium,7,5.16
dqn,wait-clip,s123,medium,8,5.47
dqn,wait-clip,s123,medium,9,5.42
dqn,wait-clip,s123,medium,10,6.31
dqn,wait-clip,s123,medium,11,6.53
dqn,wait-clip,s123,medium,12,6.04
dqn,wait-clip,s123,medium,13,5.4
dqn,wait-clip,s123,medium,14,4.2
dqn,wait-clip,s123,medium,15,4.8
dqn,wait-clip,s123,medium,16,7.33
dqn,wait-clip,s123,medium,17,4.62
dqn,wait-clip,s123,medium,18,5.96
dqn,wait-clip,s123,medium,19,7.69
dqn,wait-clip,s123,medium,20,7.69
dqn,wait-clip,s123,medium,21,6.64
dqn,wait-clip,s123,medium,22,6.47
dqn,wait-clip,s123,medium,23,7.69
dqn,wait-clip,s123,medium,24,7.29
dqn,wait-clip,s123,medium,25,5.73
dqn,wait-clip,s123,medium,26,6.31
dqn,wait-clip,s123,medium,27,7.0
dqn,wait-clip,s123,medium,28,6.2
dqn,wait-clip,s123,medium,29,5.2
dqn,wait-clip,s123,medium,30,6.0
dqn,wait-clip,s123,medium,31,0.53
dqn,wait-clip,s123,medium,32,0.0
fixed,-,-,medium,1,3.09
fixed,-,-,medium,2,6.38
fixed,-,-,medium,3,6.11
fixed,-,-,medium,4,8.47
fixed,-,-,medium,5,6.82
fixed,-,-,medium,6,6.6
fixed,-,-,medium,7,7.56
fixed,-,-,medium,8,5.96
fixed,-,-,medium,9,6.93
fixed,-,-,medium,10,8.0
fixed,-,-,medium,11,7.4
fixed,-,-,medium,12,6.51
fixed,-,-,medium,13,8.22
fixed,-,-,medium,14,7.42
fixed,-,-,medium,15,6.67
fixed,-,-,medium,16,9.56
fixed,-,-,medium,17,7.36
fixed,-,-,medium,18,9.04
fixed,-,-,medium,19,4.67
fixed,-,-,medium,20,6.98
fixed,-,-,medium,21,5.69
fixed,-,-,medium,22,5.24
fixed,-,-,medium,23,7.47
fixed,-,-,medium,24,5.29
fixed,-,-,medium,25,7.29
fixed,-,-,medium,26,9.96
fixed,-,-,medium,27,6.91
fixed,-,-,medium,28,6.87
fixed,-,-,medium,29,7.8
fixed,-,-,medium,30,8.02
fixed,-,-,medium,31,8.36
fixed,-,-,medium,32,8.4
fixed,-,-,medium,33,8.73
fixed,-,-,medium,34,7.04
fixed,-,-,medium,35,6.42
fixed,-,-,medium,36,8.16
fixed,-,-,medium,37,6.22
fixed,-,-,medium,38,7.73
fixed,-,-,medium,39,4.84
fixed,-,-,medium,40,6.18
fixed,-,-,medium,41,6.73
fixed,-,-,medium,42,8.64
fixed,-,-,medium,43,7.13
fixed,-,-,medium,44,6.33
fixed,-,-,medium,45,6.7
dqn,wait-clip,s42,high,1,7.87
dqn,wait-clip,s42,high,2,15.73
dqn,wait-clip,s42,high,3,15.44
dqn,wait-clip,s42,high,4,15.89
dqn,wait-clip,s42,high,5,16.87
dqn,wait-clip,s42,high,6,14.87
dqn,wait-clip,s42,high,7,15.16
dqn,wait-clip,s42,high,8,14.71
dqn,wait-clip,s42,high,9,15.24
dqn,wait-clip,s42,high,10,15.69
dqn,wait-clip,s42,high,11,14.22
dqn,wait-clip,s42,high,12,13.78
dqn,wait-clip,s42,high,13,15.89
dqn,wait-clip,s42,high,14,14.47
dqn,wait-clip,s42,high,15,13.56
dqn,wait-clip,s42,high,16,12.98
dqn,wait-clip,s42,high,17,14.0
dqn,wait-clip,s42,high,18,14.44
dqn,wait-clip,s42,high,19,17.33
dqn,wait-clip,s42,high,20,14.76
dqn,wait-clip,s42,high,21,17.11
dqn,wait-clip,s42,high,22,15.33
dqn,wait-clip,s42,high,23,13.49
dqn,wait-clip,s42,high,24,14.16
dqn,wait-clip,s42,high,25,15.4
dqn,wait-clip,s42,high,26,12.64
dqn,wait-clip,s42,high,27,1.42
dqn,wait-clip,s42,high,28,0.0
fixed,-,-,high,1,5.89
fixed,-,-,high,2,17.0
fixed,-,-,high,3,16.47
fixed,-,-,high,4,15.49
fixed,-,-,high,5,15.4
fixed,-,-,high,6,17.53
fixed,-,-,high,7,17.64
fixed,-,-,high,8,17.51
fixed,-,-,high,9,15.87
fixed,-,-,high,10,17.38
fixed,-,-,high,11,14.64
fixed,-,-,high,12,17.93
fixed,-,-,high,13,18.78
fixed,-,-,high,14,15.44
fixed,-,-,high,15,13.38
fixed,-,-,high,16,17.96
fixed,-,-,high,17,16.11
fixed,-,-,high,18,16.87
fixed,-,-,high,19,14.13
fixed,-,-,high,20,12.89
fixed,-,-,high,21,16.04
fixed,-,-,high,22,16.36
fixed,-,-,high,23,15.04
fixed,-,-,high,24,17.49
fixed,-,-,high,25,16.04
fixed,-,-,high,26,14.62
fixed,-,-,high,27,14.8
fixed,-,-,high,28,16.62
fixed,-,-,high,29,15.91
fixed,-,-,high,30,15.11
fixed,-,-,high,31,17.78
fixed,-,-,high,32,13.82
fixed,-,-,high,33,17.73
fixed,-,-,high,34,17.91
fixed,-,-,high,35,17.73
fixed,-,-,high,36,16.67
fixed,-,-,high,37,16.16
fixed,-,-,high,38,16.47
fixed,-,-,high,39,15.36
fixed,-,-,high,40,17.84
fixed,-,-,high,41,14.51
fixed,-,-,high,42,16.16
fixed,-,-,high,43,13.89
fixed,-,-,high,44,16.73
fixed,-,-,high,45,14.6
dqn,wait-clip,s42,low,1,1.89
dqn,wait-clip,s42,low,2,2.11
dqn,wait-clip,s42,low,3,3.8
dqn,wait-clip,s42,low,4,3.36
dqn,wait-clip,s42,low,5,4.16
dqn,wait-clip,s42,low,6,5.76
dqn,wait-clip,s42,low,7,2.91
dqn,wait-clip,s42,low,8,4.87
dqn,wait-clip,s42,low,9,3.6
dqn,wait-clip,s42,low,10,2.58
dqn,wait-clip,s42,low,11,4.18
dqn,wait-clip,s42,low,12,3.51
dqn,wait-clip,s42,low,13,3.16
dqn,wait-clip,s42,low,14,5.38
dqn,wait-clip,s42,low,15,2.89
dqn,wait-clip,s42,low,16,1.91
dqn,wait-clip,s42,low,17,3.42
dqn,wait-clip,s42,low,18,3.2
dqn,wait-clip,s42,low,19,3.29
dqn,wait-clip,s42,low,20,4.36
dqn,wait-clip,s42,low,21,4.69
dqn,wait-clip,s42,low,22,2.69
dqn,wait-clip,s42,low,23,4.71
dqn,wait-clip,s42,low,24,2.71
dqn,wait-clip,s42,low,25,3.8
dqn,wait-clip,s42,low,26,3.31
dqn,wait-clip,s42,low,27,2.76
dqn,wait-clip,s42,low,28,3.6
dqn,wait-clip,s42,low,29,2.84
dqn,wait-clip,s42,low,30,3.16
dqn,wait-clip,s42,low,31,3.71
dqn,wait-clip,s42,low,32,2.82
dqn,wait-clip,s42,low,33,1.42
dqn,wait-clip,s42,low,34,0.0
dqn,wait-clip,s42,low,35,0.0
dqn,wait-clip,s777,medium,1,3.38
dqn,wait-clip,s777,medium,2,5.11
dqn,wait-clip,s777,medium,3,5.89
dqn,wait-clip,s777,medium,4,6.24
dqn,wait-clip,s777,medium,5,7.42
dqn,wait-clip,s777,medium,6,6.04
dqn,wait-clip,s777,medium,7,5.98
dqn,wait-clip,s777,medium,8,5.44
dqn,wait-clip,s777,medium,9,5.6
dqn,wait-clip,s777,medium,10,6.4
dqn,wait-clip,s777,medium,11,6.93
dqn,wait-clip,s777,medium,12,5.42
dqn,wait-clip,s777,medium,13,6.93
dqn,wait-clip,s777,medium,14,4.31
dqn,wait-clip,s777,medium,15,5.29
dqn,wait-clip,s777,medium,16,7.02
dqn,wait-clip,s777,medium,17,5.29
dqn,wait-clip,s777,medium,18,5.38
dqn,wait-clip,s777,medium,19,6.98
dqn,wait-clip,s777,medium,20,7.91
dqn,wait-clip,s777,medium,21,6.62
dqn,wait-clip,s777,medium,22,6.0
dqn,wait-clip,s777,medium,23,9.07
dqn,wait-clip,s777,medium,24,6.67
dqn,wait-clip,s777,medium,25,6.29
dqn,wait-clip,s777,medium,26,6.69
dqn,wait-clip,s777,medium,27,6.27
dqn,wait-clip,s777,medium,28,6.13
dqn,wait-clip,s777,medium,29,4.29
dqn,wait-clip,s777,medium,30,5.0
dqn,wait-clip,s777,medium,31,1.42
dqn,wait-clip,s777,medium,32,0.0
dqn,wait-clip,s777,high,1,7.6
dqn,wait-clip,s777,high,2,16.62
dqn,wait-clip,s777,high,3,13.8
dqn,wait-clip,s777,high,4,16.24
dqn,wait-clip,s777,high,5,17.58
dqn,wait-clip,s777,high,6,16.38
dqn,wait-clip,s777,high,7,14.2
dqn,wait-clip,s777,high,8,16.6
dqn,wait-clip,s777,high,9,14.18
dqn,wait-clip,s777,high,10,14.84
dqn,wait-clip,s777,high,11,15.49
dqn,wait-clip,s777,high,12,11.0
dqn,wait-clip,s777,high,13,14.98
dqn,wait-clip,s777,high,14,15.24
dqn,wait-clip,s777,high,15,16.6
dqn,wait-clip,s777,high,16,13.22
dqn,wait-clip,s777,high,17,13.76
dqn,wait-clip,s777,high,18,11.71
dqn,wait-clip,s777,high,19,17.16
dqn,wait-clip,s777,high,20,14.84
dqn,wait-clip,s777,high,21,16.51
dqn,wait-clip,s777,high,22,16.69
dqn,wait-clip,s777,high,23,13.42
dqn,wait-clip,s777,high,24,13.38
dqn,wait-clip,s777,high,25,14.38
dqn,wait-clip,s777,high,26,16.07
dqn,wait-clip,s777,high,27,12.38
dqn,wait-clip,s777,high,28,1.31
dqn,wait-clip,s777,high,29,0.0
dqn,wait-clip,s42,medium,1,2.98
dqn,wait-clip,s42,medium,2,4.44
dqn,wait-clip,s42,medium,3,6.96
dqn,wait-clip,s42,medium,4,6.24
dqn,wait-clip,s42,medium,5,6.11
dqn,wait-clip,s42,medium,6,5.49
dqn,wait-clip,s42,medium,7,4.96
dqn,wait-clip,s42,medium,8,5.67
dqn,wait-clip,s42,medium,9,6.38
dqn,wait-clip,s42,medium,10,5.98
dqn,wait-clip,s42,medium,11,6.56
dqn,wait-clip,s42,medium,12,5.22
dqn,wait-clip,s42,medium,13,6.04
dqn,wait-clip,s42,medium,14,3.64
dqn,wait-clip,s42,medium,15,5.11
dqn,wait-clip,s42,medium,16,7.29
dqn,wait-clip,s42,medium,17,6.73
dqn,wait-clip,s42,medium,18,5.18
dqn,wait-clip,s42,medium,19,5.84
dqn,wait-clip,s42,medium,20,9.62
dqn,wait-clip,s42,medium,21,6.4
dqn,wait-clip,s42,medium,22,6.22
dqn,wait-clip,s42,medium,23,7.18
dqn,wait-clip,s42,medium,24,7.31
dqn,wait-clip,s42,medium,25,5.56
dqn,wait-clip,s42,medium,26,6.58
dqn,wait-clip,s42,medium,27,6.2
dqn,wait-clip,s42,medium,28,5.44
dqn,wait-clip,s42,medium,29,5.44
dqn,wait-clip,s42,medium,30,6.33
dqn,wait-clip,s42,medium,31,0.4
dqn,wait-clip,s42,medium,32,0.0
dqn,wait-clip,s777,low,1,1.89
dqn,wait-clip,s777,low,2,2.29
dqn,wait-clip,s777,low,3,4.22
dqn,wait-clip,s777,low,4,3.6
dqn,wait-clip,s777,low,5,3.49
dqn,wait-clip,s777,low,6,4.91
dqn,wait-clip,s777,low,7,3.27
dqn,wait-clip,s777,low,8,5.04
dqn,wait-clip,s777,low,9,2.44
dqn,wait-clip,s777,low,10,2.76
dqn,wait-clip,s777,low,11,4.4
dqn,wait-clip,s777,low,12,3.69
dqn,wait-clip,s777,low,13,2.29
dqn,wait-clip,s777,low,14,4.42
dqn,wait-clip,s777,low,15,4.38
dqn,wait-clip,s777,low,16,1.67
dqn,wait-clip,s777,low,17,2.96
dqn,wait-clip,s777,low,18,3.31
dqn,wait-clip,s777,low,19,2.51
dqn,wait-clip,s777,low,20,4.42
dqn,wait-clip,s777,low,21,4.69
dqn,wait-clip,s777,low,22,3.98
dqn,wait-clip,s777,low,23,2.56
dqn,wait-clip,s777,low,24,4.6
dqn,wait-clip,s777,low,25,2.91
dqn,wait-clip,s777,low,26,3.49
dqn,wait-clip,s777,low,27,3.56
dqn,wait-clip,s777,low,28,3.07
dqn,wait-clip,s777,low,29,3.29
dqn,wait-clip,s777,low,30,3.78
dqn,wait-clip,s777,low,31,3.2
dqn,wait-clip,s777,low,32,3.29
dqn,wait-clip,s777,low,33,3.07
dqn,wait-clip,s777,low,34,1.33
dqn,wait-clip,s777,low,35,0.0
ppo,average-speed,s123,low,1,1.6
ppo,average-speed,s123,low,2,1.02
ppo,average-speed,s123,low,3,1.91
ppo,average-speed,s123,low,4,1.96
ppo,average-speed,s123,low,5,1.62
ppo,average-speed,s123,low,6,1.98
ppo,average-speed,s123,low,7,2.64
ppo,average-speed,s123,low,8,3.13
ppo,average-speed,s123,low,9,2.18
ppo,average-speed,s123,low,10,2.76
ppo,average-speed,s123,low,11,2.29
ppo,average-speed,s123,low,12,1.89
ppo,average-speed,s123,low,13,2.13
ppo,average-speed,s123,low,14,2.53
ppo,average-speed,s123,low,15,3.51
ppo,average-speed,s123,low,16,2.09
ppo,average-speed,s123,low,17,2.58
ppo,average-speed,s123,low,18,3.02
ppo,average-speed,s123,low,19,2.33
ppo,average-speed,s123,low,20,2.29
ppo,average-speed,s123,low,21,2.0
ppo,average-speed,s123,low,22,2.71
ppo,average-speed,s123,low,23,2.76
ppo,average-speed,s123,low,24,2.84
ppo,average-speed,s123,low,25,1.82
ppo,average-speed,s123,low,26,1.96
ppo,average-speed,s123,low,27,1.84
ppo,average-speed,s123,low,28,2.87
ppo,average-speed,s123,low,29,2.24
ppo,average-speed,s123,low,30,3.44
ppo,average-speed,s123,low,31,2.91
ppo,average-speed,s123,low,32,1.71
ppo,average-speed,s123,low,33,2.24
ppo,average-speed,s123,low,34,2.91
ppo,average-speed,s123,low,35,2.8
ppo,average-speed,s123,low,36,2.98
ppo,average-speed,s123,low,37,2.47
ppo,average-speed,s123,low,38,3.0
ppo,average-speed,s123,low,39,3.44
ppo,average-speed,s123,low,40,2.91
ppo,average-speed,s123,low,41,2.96
ppo,average-speed,s123,low,42,2.42
ppo,average-speed,s123,low,43,2.42
ppo,average-speed,s123,low,44,3.09
ppo,average-speed,s123,low,45,1.7
ppo,average-speed,s123,high,1,5.56
ppo,average-speed,s123,high,2,10.93
ppo,average-speed,s123,high,3,11.98
ppo,average-speed,s123,high,4,8.24
ppo,average-speed,s123,high,5,10.49
ppo,average-speed,s123,high,6,12.18
ppo,average-speed,s123,high,7,15.53
ppo,average-speed,s123,high,8,19.62
ppo,average-speed,s123,high,9,19.87
ppo,average-speed,s123,high,10,17.24
ppo,average-speed,s123,high,11,19.33
ppo,average-speed,s123,high,12,15.91
ppo,average-speed,s123,high,13,14.62
ppo,average-speed,s123,high,14,16.13
ppo,average-speed,s123,high,15,10.98
ppo,average-speed,s123,high,16,12.8
ppo,average-speed,s123,high,17,13.2
ppo,average-speed,s123,high,18,10.58
ppo,average-speed,s123,high,19,10.24
ppo,average-speed,s123,high,20,12.07
ppo,average-speed,s123,high,21,13.22
ppo,average-speed,s123,high,22,15.89
ppo,average-speed,s123,high,23,14.38
ppo,average-speed,s123,high,24,10.87
ppo,average-speed,s123,high,25,8.87
ppo,average-speed,s123,high,26,9.89
ppo,average-speed,s123,high,27,14.04
ppo,average-speed,s123,high,28,13.02
ppo,average-speed,s123,high,29,14.82
ppo,average-speed,s123,high,30,8.56
ppo,average-speed,s123,high,31,8.73
ppo,average-speed,s123,high,32,14.11
ppo,average-speed,s123,high,33,17.58
ppo,average-speed,s123,high,34,11.98
ppo,average-speed,s123,high,35,11.33
ppo,average-speed,s123,high,36,14.13
ppo,average-speed,s123,high,37,11.22
ppo,average-speed,s123,high,38,13.53
ppo,average-speed,s123,high,39,11.53
ppo,average-speed,s123,high,40,11.71
ppo,average-speed,s123,high,41,10.29
ppo,average-speed,s123,high,42,11.76
ppo,average-speed,s123,high,43,12.04
ppo,average-speed,s123,high,44,14.13
ppo,average-speed,s123,high,45,13.5
ppo,average-speed,s42,low,1,1.62
ppo,average-speed,s42,low,2,1.18
ppo,average-speed,s42,low,3,1.33
ppo,average-speed,s42,low,4,1.6
ppo,average-speed,s42,low,5,0.93
ppo,average-speed,s42,low,6,1.64
ppo,average-speed,s42,low,7,1.76
ppo,average-speed,s42,low,8,1.93
ppo,average-speed,s42,low,9,1.82
ppo,average-speed,s42,low,10,2.4
ppo,average-speed,s42,low,11,1.42
ppo,average-speed,s42,low,12,1.16
ppo,average-speed,s42,low,13,1.53
ppo,average-speed,s42,low,14,1.89
ppo,average-speed,s42,low,15,2.09
ppo,average-speed,s42,low,16,1.91
ppo,average-speed,s42,low,17,1.71
ppo,average-speed,s42,low,18,1.67
ppo,average-speed,s42,low,19,1.82
ppo,average-speed,s42,low,20,2.53
ppo,average-speed,s42,low,21,1.73
ppo,average-speed,s42,low,22,1.33
ppo,average-speed,s42,low,23,1.62
ppo,average-speed,s42,low,24,1.76
ppo,average-speed,s42,low,25,1.31
ppo,average-speed,s42,low,26,1.4
ppo,average-speed,s42,low,27,1.36
ppo,average-speed,s42,low,28,2.64
ppo,average-speed,s42,low,29,2.11
ppo,average-speed,s42,low,30,1.8
ppo,average-speed,s42,low,31,1.62
ppo,average-speed,s42,low,32,1.58
ppo,average-speed,s42,low,33,1.82
ppo,average-speed,s42,low,34,1.87
ppo,average-speed,s42,low,35,2.18
ppo,average-speed,s42,low,36,1.51
ppo,average-speed,s42,low,37,1.82
ppo,average-speed,s42,low,38,1.73
ppo,average-speed,s42,low,39,1.73
ppo,average-speed,s42,low,40,1.33
ppo,average-speed,s42,low,41,1.4
ppo,average-speed,s42,low,42,1.98
ppo,average-speed,s42,low,43,2.13
ppo,average-speed,s42,low,44,1.82
ppo,average-speed,s42,low,45,2.0
ppo,average-speed,s42,medium,1,2.64
ppo,average-speed,s42,medium,2,2.87
ppo,average-speed,s42,medium,3,2.29
ppo,average-speed,s42,medium,4,3.13
ppo,average-speed,s42,medium,5,2.29
ppo,average-speed,s42,medium,6,3.44
ppo,average-speed,s42,medium,7,3.44
ppo,average-speed,s42,medium,8,3.36
ppo,average-speed,s42,medium,9,3.58
ppo,average-speed,s42,medium,10,2.73
ppo,average-speed,s42,medium,11,2.62
ppo,average-speed,s42,medium,12,3.11
ppo,average-speed,s42,medium,13,3.04
ppo,average-speed,s42,medium,14,2.16
ppo,average-speed,s42,medium,15,3.69
ppo,average-speed,s42,medium,16,2.89
ppo,average-speed,s42,medium,17,3.49
ppo,average-speed,s42,medium,18,2.78
ppo,average-speed,s42,medium,19,2.09
ppo,average-speed,s42,medium,20,2.18
ppo,average-speed,s42,medium,21,2.2
ppo,average-speed,s42,medium,22,3.49
ppo,average-speed,s42,medium,23,2.82
ppo,average-speed,s42,medium,24,2.2
ppo,average-speed,s42,medium,25,3.31
ppo,average-speed,s42,medium,26,3.67
ppo,average-speed,s42,medium,27,2.62
ppo,average-speed,s42,medium,28,3.16
ppo,average-speed,s42,medium,29,3.13
ppo,average-speed,s42,medium,30,2.56
ppo,average-speed,s42,medium,31,3.49
ppo,average-speed,s42,medium,32,3.67
ppo,average-speed,s42,medium,33,3.11
ppo,average-speed,s42,medium,34,2.67
ppo,average-speed,s42,medium,35,3.47
ppo,average-speed,s42,medium,36,3.91
ppo,average-speed,s42,medium,37,3.44
ppo,average-speed,s42,medium,38,2.69
ppo,average-speed,s42,medium,39,2.78
ppo,average-speed,s42,medium,40,2.87
ppo,average-speed,s42,medium,41,3.56
ppo,average-speed,s42,medium,42,3.29
ppo,average-speed,s42,medium,43,2.91
ppo,average-speed,s42,medium,44,4.78
ppo,average-speed,s42,medium,45,3.1
ppo,average-speed,s123,medium,1,2.62
ppo,average-speed,s123,medium,2,5.11
ppo,average-speed,s123,medium,3,3.82
ppo,average-speed,s123,medium,4,3.56
ppo,average-speed,s123,medium,5,2.38
ppo,average-speed,s123,medium,6,2.91
ppo,average-speed,s123,medium,7,4.98
ppo,average-speed,s123,medium,8,4.53
ppo,average-speed,s123,medium,9,4.29
ppo,average-speed,s123,medium,10,3.0
ppo,average-speed,s123,medium,11,3.53
ppo,average-speed,s123,medium,12,5.18
ppo,average-speed,s123,medium,13,3.89
ppo,average-speed,s123,medium,14,5.04
ppo,average-speed,s123,medium,15,5.02
ppo,average-speed,s123,medium,16,3.73
ppo,average-speed,s123,medium,17,4.82
ppo,average-speed,s123,medium,18,4.2
ppo,average-speed,s123,medium,19,4.51
ppo,average-speed,s123,medium,20,5.0
ppo,average-speed,s123,medium,21,3.51
ppo,average-speed,s123,medium,22,5.64
ppo,average-speed,s123,medium,23,5.0
ppo,average-speed,s123,medium,24,4.38
ppo,average-speed,s123,medium,25,4.62
ppo,average-speed,s123,medium,26,3.91
ppo,average-speed,s123,medium,27,4.51
ppo,average-speed,s123,medium,28,3.76
ppo,average-speed,s123,medium,29,3.98
ppo,average-speed,s123,medium,30,5.8
ppo,average-speed,s123,medium,31,6.07
ppo,average-speed,s123,medium,32,4.87
ppo,average-speed,s123,medium,33,6.11
ppo,average-speed,s123,medium,34,3.0
ppo,average-speed,s123,medium,35,3.6
ppo,average-speed,s123,medium,36,2.89
ppo,average-speed,s123,medium,37,3.51
ppo,average-speed,s123,medium,38,6.0
ppo,average-speed,s123,medium,39,4.64
ppo,average-speed,s123,medium,40,5.27
ppo,average-speed,s123,medium,41,4.2
ppo,average-speed,s123,medium,42,3.4
ppo,average-speed,s123,medium,43,3.91
ppo,average-speed,s123,medium,44,4.53
ppo,average-speed,s123,medium,45,4.8
ppo,average-speed,s42,high,1,5.44
ppo,average-speed,s42,high,2,7.8
ppo,average-speed,s42,high,3,8.6
ppo,average-speed,s42,high,4,7.76
ppo,average-speed,s42,high,5,8.04
ppo,average-speed,s42,high,6,9.6
ppo,average-speed,s42,high,7,12.09
ppo,average-speed,s42,high,8,14.4
ppo,average-speed,s42,high,9,11.78
ppo,average-speed,s42,high,10,9.87
ppo,average-speed,s42,high,11,9.27
ppo,average-speed,s42,high,12,9.67
ppo,average-speed,s42,high,13,9.73
ppo,average-speed,s42,high,14,9.2
ppo,average-speed,s42,high,15,9.09
ppo,average-speed,s42,high,16,9.13
ppo,average-speed,s42,high,17,10.64
ppo,average-speed,s42,high,18,9.8
ppo,average-speed,s42,high,19,8.89
ppo,average-speed,s42,high,20,8.58
ppo,average-speed,s42,high,21,8.38
ppo,average-speed,s42,high,22,9.04
ppo,average-speed,s42,high,23,9.56
ppo,average-speed,s42,high,24,9.38
ppo,average-speed,s42,high,25,8.18
ppo,average-speed,s42,high,26,11.69
ppo,average-speed,s42,high,27,11.13
ppo,average-speed,s42,high,28,9.36
ppo,average-speed,s42,high,29,8.44
ppo,average-speed,s42,high,30,7.87
ppo,average-speed,s42,high,31,7.31
ppo,average-speed,s42,high,32,8.82
ppo,average-speed,s42,high,33,10.02
ppo,average-speed,s42,high,34,9.27
ppo,average-speed,s42,high,35,8.67
ppo,average-speed,s42,high,36,10.44
ppo,average-speed,s42,high,37,8.13
ppo,average-speed,s42,high,38,8.4
ppo,average-speed,s42,high,39,6.76
ppo,average-speed,s42,high,40,7.16
ppo,average-speed,s42,high,41,6.24
ppo,average-speed,s42,high,42,8.16
ppo,average-speed,s42,high,43,9.71
ppo,average-speed,s42,high,44,10.51
ppo,average-speed,s42,high,45,11.3
ppo,average-speed,s777,high,1,5.71
ppo,average-speed,s777,high,2,9.71
ppo,average-speed,s777,high,3,10.62
ppo,average-speed,s777,high,4,8.18
ppo,average-speed,s777,high,5,10.29
ppo,average-speed,s777,high,6,8.51
ppo,average-speed,s777,high,7,12.89
ppo,average-speed,s777,high,8,12.27
ppo,average-speed,s777,high,9,11.62
ppo,average-speed,s777,high,10,10.78
ppo,average-speed,s777,high,11,11.09
ppo,average-speed,s777,high,12,9.22
ppo,average-speed,s777,high,13,9.62
ppo,average-speed,s777,high,14,10.24
ppo,average-speed,s777,high,15,8.98
ppo,average-speed,s777,high,16,8.31
ppo,average-speed,s777,high,17,11.33
ppo,average-speed,s777,high,18,8.84
ppo,average-speed,s777,high,19,7.09
ppo,average-speed,s777,high,20,8.16
ppo,average-speed,s777,high,21,8.58
ppo,average-speed,s777,high,22,7.56
ppo,average-speed,s777,high,23,10.2
ppo,average-speed,s777,high,24,9.89
ppo,average-speed,s777,high,25,8.02
ppo,average-speed,s777,high,26,12.02
ppo,average-speed,s777,high,27,10.31
ppo,average-speed,s777,high,28,8.89
ppo,average-speed,s777,high,29,9.87
ppo,average-speed,s777,high,30,6.8
ppo,average-speed,s777,high,31,7.11
ppo,average-speed,s777,high,32,8.67
ppo,average-speed,s777,high,33,9.58
ppo,average-speed,s777,high,34,9.67
ppo,average-speed,s777,high,35,8.53
ppo,average-speed,s777,high,36,9.69
ppo,average-speed,s777,high,37,6.31
ppo,average-speed,s777,high,38,9.07
ppo,average-speed,s777,high,39,7.24
ppo,average-speed,s777,high,40,7.56
ppo,average-speed,s777,high,41,7.64
ppo,average-speed,s777,high,42,7.91
ppo,average-speed,s777,high,43,9.71
ppo,average-speed,s777,high,44,9.89
ppo,average-speed,s777,high,45,10.3
ppo,average-speed,s777,medium,1,2.8
ppo,average-speed,s777,medium,2,3.69
ppo,average-speed,s777,medium,3,3.93
ppo,average-speed,s777,medium,4,4.24
ppo,average-speed,s777,medium,5,2.6
ppo,average-speed,s777,medium,6,3.04
ppo,average-speed,s777,medium,7,3.33
ppo,average-speed,s777,medium,8,3.07
ppo,average-speed,s777,medium,9,2.91
ppo,average-speed,s777,medium,10,2.29
ppo,average-speed,s777,medium,11,3.18
ppo,average-speed,s777,medium,12,3.22
ppo,average-speed,s777,medium,13,2.62
ppo,average-speed,s777,medium,14,2.98
ppo,average-speed,s777,medium,15,2.93
ppo,average-speed,s777,medium,16,2.8
ppo,average-speed,s777,medium,17,2.96
ppo,average-speed,s777,medium,18,2.91
ppo,average-speed,s777,medium,19,2.69
ppo,average-speed,s777,medium,20,3.31
ppo,average-speed,s777,medium,21,3.09
ppo,average-speed,s777,medium,22,2.87
ppo,average-speed,s777,medium,23,3.29
ppo,average-speed,s777,medium,24,2.04
ppo,average-speed,s777,medium,25,3.44
ppo,average-speed,s777,medium,26,3.53
ppo,average-speed,s777,medium,27,3.04
ppo,average-speed,s777,medium,28,3.58
ppo,average-speed,s777,medium,29,3.02
ppo,average-speed,s777,medium,30,2.89
ppo,average-speed,s777,medium,31,3.33
ppo,average-speed,s777,medium,32,2.98
ppo,average-speed,s777,medium,33,3.29
ppo,average-speed,s777,medium,34,3.24
ppo,average-speed,s777,medium,35,3.09
ppo,average-speed,s777,medium,36,2.91
ppo,average-speed,s777,medium,37,2.8
ppo,average-speed,s777,medium,38,3.07
ppo,average-speed,s777,medium,39,2.18
ppo,average-speed,s777,medium,40,3.2
ppo,average-speed,s777,medium,41,2.6
ppo,average-speed,s777,medium,42,2.64
ppo,average-speed,s777,medium,43,2.38
ppo,average-speed,s777,medium,44,2.73
ppo,average-speed,s777,medium,45,3.2
ppo,average-speed,s777,low,1,1.89
ppo,average-speed,s777,low,2,2.64
ppo,average-speed,s777,low,3,1.44
ppo,average-speed,s777,low,4,1.22
ppo,average-speed,s777,low,5,1.42
ppo,average-speed,s777,low,6,1.29
ppo,average-speed,s777,low,7,2.02
ppo,average-speed,s777,low,8,1.58
ppo,average-speed,s777,low,9,2.0
ppo,average-speed,s777,low,10,1.64
ppo,average-speed,s777,low,11,1.62
ppo,average-speed,s777,low,12,1.27
ppo,average-speed,s777,low,13,1.29
ppo,average-speed,s777,low,14,1.82
ppo,average-speed,s777,low,15,1.78
ppo,average-speed,s777,low,16,1.29
ppo,average-speed,s777,low,17,2.24
ppo,average-speed,s777,low,18,1.89
ppo,average-speed,s777,low,19,1.8
ppo,average-speed,s777,low,20,1.4
ppo,average-speed,s777,low,21,1.42
ppo,average-speed,s777,low,22,1.6
ppo,average-speed,s777,low,23,1.82
ppo,average-speed,s777,low,24,1.42
ppo,average-speed,s777,low,25,1.62
ppo,average-speed,s777,low,26,1.53
ppo,average-speed,s777,low,27,1.44
ppo,average-speed,s777,low,28,2.07
ppo,average-speed,s777,low,29,1.64
ppo,average-speed,s777,low,30,2.31
ppo,average-speed,s777,low,31,1.4
ppo,average-speed,s777,low,32,2.16
ppo,average-speed,s777,low,33,0.67
ppo,average-speed,s777,low,34,1.87
ppo,average-speed,s777,low,35,1.76
ppo,average-speed,s777,low,36,1.98
ppo,average-speed,s777,low,37,1.33
ppo,average-speed,s777,low,38,1.33
ppo,average-speed,s777,low,39,1.24
ppo,average-speed,s777,low,40,1.69
ppo,average-speed,s777,low,41,1.42
ppo,average-speed,s777,low,42,1.38
ppo,average-speed,s777,low,43,1.33
ppo,average-speed,s777,low,44,1.07
ppo,average-speed,s777,low,45,1.6
ppo,diff-waiting-time,s123,low,1,1.71
ppo,diff-waiting-time,s123,low,2,1.04
ppo,diff-waiting-time,s123,low,3,1.22
ppo,diff-waiting-time,s123,low,4,1.89
ppo,diff-waiting-time,s123,low,5,1.56
ppo,diff-waiting-time,s123,low,6,1.42
ppo,diff-waiting-time,s123,low,7,1.87
ppo,diff-waiting-time,s123,low,8,2.0
ppo,diff-waiting-time,s123,low,9,1.42
ppo,diff-waiting-time,s123,low,10,2.67
ppo,diff-waiting-time,s123,low,11,2.04
ppo,diff-waiting-time,s123,low,12,1.51
ppo,diff-waiting-time,s123,low,13,1.69
ppo,diff-waiting-time,s123,low,14,1.69
ppo,diff-waiting-time,s123,low,15,2.02
ppo,diff-waiting-time,s123,low,16,2.02
ppo,diff-waiting-time,s123,low,17,1.93
ppo,diff-waiting-time,s123,low,18,2.07
ppo,diff-waiting-time,s123,low,19,1.96
ppo,diff-waiting-time,s123,low,20,2.4
ppo,diff-waiting-time,s123,low,21,2.38
ppo,diff-waiting-time,s123,low,22,1.36
ppo,diff-waiting-time,s123,low,23,1.93
ppo,diff-waiting-time,s123,low,24,1.27
ppo,diff-waiting-time,s123,low,25,1.91
ppo,diff-waiting-time,s123,low,26,0.76
ppo,diff-waiting-time,s123,low,27,0.82
ppo,diff-waiting-time,s123,low,28,2.64
ppo,diff-waiting-time,s123,low,29,2.22
ppo,diff-waiting-time,s123,low,30,1.87
ppo,diff-waiting-time,s123,low,31,0.8
ppo,diff-waiting-time,s123,low,32,1.91
ppo,diff-waiting-time,s123,low,33,1.67
ppo,diff-waiting-time,s123,low,34,1.98
ppo,diff-waiting-time,s123,low,35,2.29
ppo,diff-waiting-time,s123,low,36,2.29
ppo,diff-waiting-time,s123,low,37,2.2
ppo,diff-waiting-time,s123,low,38,1.53
ppo,diff-waiting-time,s123,low,39,1.69
ppo,diff-waiting-time,s123,low,40,1.29
ppo,diff-waiting-time,s123,low,41,1.16
ppo,diff-waiting-time,s123,low,42,1.56
ppo,diff-waiting-time,s123,low,43,1.89
ppo,diff-waiting-time,s123,low,44,1.93
ppo,diff-waiting-time,s123,low,45,2.1
ppo,diff-waiting-time,s123,medium,1,2.91
ppo,diff-waiting-time,s123,medium,2,3.4
ppo,diff-waiting-time,s123,medium,3,4.07
ppo,diff-waiting-time,s123,medium,4,3.27
ppo,diff-waiting-time,s123,medium,5,3.04
ppo,diff-waiting-time,s123,medium,6,3.84
ppo,diff-waiting-time,s123,medium,7,3.2
ppo,diff-waiting-time,s123,medium,8,3.11
ppo,diff-waiting-time,s123,medium,9,3.02
ppo,diff-waiting-time,s123,medium,10,3.33
ppo,diff-waiting-time,s123,medium,11,2.82
ppo,diff-waiting-time,s123,medium,12,3.22
ppo,diff-waiting-time,s123,medium,13,2.87
ppo,diff-waiting-time,s123,medium,14,3.62
ppo,diff-waiting-time,s123,medium,15,3.33
ppo,diff-waiting-time,s123,medium,16,2.62
ppo,diff-waiting-time,s123,medium,17,3.4
ppo,diff-waiting-time,s123,medium,18,3.31
ppo,diff-waiting-time,s123,medium,19,2.56
ppo,diff-waiting-time,s123,medium,20,3.09
ppo,diff-waiting-time,s123,medium,21,3.0
ppo,diff-waiting-time,s123,medium,22,4.02
ppo,diff-waiting-time,s123,medium,23,3.69
ppo,diff-waiting-time,s123,medium,24,3.42
ppo,diff-waiting-time,s123,medium,25,3.96
ppo,diff-waiting-time,s123,medium,26,4.13
ppo,diff-waiting-time,s123,medium,27,3.71
ppo,diff-waiting-time,s123,medium,28,4.2
ppo,diff-waiting-time,s123,medium,29,4.33
ppo,diff-waiting-time,s123,medium,30,2.56
ppo,diff-waiting-time,s123,medium,31,3.38
ppo,diff-waiting-time,s123,medium,32,4.18
ppo,diff-waiting-time,s123,medium,33,3.38
ppo,diff-waiting-time,s123,medium,34,2.98
ppo,diff-waiting-time,s123,medium,35,3.82
ppo,diff-waiting-time,s123,medium,36,4.27
ppo,diff-waiting-time,s123,medium,37,2.18
ppo,diff-waiting-time,s123,medium,38,3.33
ppo,diff-waiting-time,s123,medium,39,3.27
ppo,diff-waiting-time,s123,medium,40,3.27
ppo,diff-waiting-time,s123,medium,41,2.73
ppo,diff-waiting-time,s123,medium,42,2.69
ppo,diff-waiting-time,s123,medium,43,3.98
ppo,diff-waiting-time,s123,medium,44,5.36
ppo,diff-waiting-time,s123,medium,45,3.4
ppo,diff-waiting-time,s42,medium,1,2.89
ppo,diff-waiting-time,s42,medium,2,3.96
ppo,diff-waiting-time,s42,medium,3,2.62
ppo,diff-waiting-time,s42,medium,4,4.67
ppo,diff-waiting-time,s42,medium,5,3.2
ppo,diff-waiting-time,s42,medium,6,3.82
ppo,diff-waiting-time,s42,medium,7,3.0
ppo,diff-waiting-time,s42,medium,8,4.42
ppo,diff-waiting-time,s42,medium,9,2.69
ppo,diff-waiting-time,s42,medium,10,3.58
ppo,diff-waiting-time,s42,medium,11,3.69
ppo,diff-waiting-time,s42,medium,12,3.69
ppo,diff-waiting-time,s42,medium,13,2.71
ppo,diff-waiting-time,s42,medium,14,4.58
ppo,diff-waiting-time,s42,medium,15,3.56
ppo,diff-waiting-time,s42,medium,16,3.73
ppo,diff-waiting-time,s42,medium,17,2.84
ppo,diff-waiting-time,s42,medium,18,4.13
ppo,diff-waiting-time,s42,medium,19,3.78
ppo,diff-waiting-time,s42,medium,20,4.09
ppo,diff-waiting-time,s42,medium,21,2.33
ppo,diff-waiting-time,s42,medium,22,3.62
ppo,diff-waiting-time,s42,medium,23,3.24
ppo,diff-waiting-time,s42,medium,24,3.11
ppo,diff-waiting-time,s42,medium,25,3.49
ppo,diff-waiting-time,s42,medium,26,4.6
ppo,diff-waiting-time,s42,medium,27,4.02
ppo,diff-waiting-time,s42,medium,28,3.18
ppo,diff-waiting-time,s42,medium,29,2.71
ppo,diff-waiting-time,s42,medium,30,3.16
ppo,diff-waiting-time,s42,medium,31,3.51
ppo,diff-waiting-time,s42,medium,32,3.91
ppo,diff-waiting-time,s42,medium,33,4.13
ppo,diff-waiting-time,s42,medium,34,2.4
ppo,diff-waiting-time,s42,medium,35,3.53
ppo,diff-waiting-time,s42,medium,36,2.47
ppo,diff-waiting-time,s42,medium,37,2.71
ppo,diff-waiting-time,s42,medium,38,3.73
ppo,diff-waiting-time,s42,medium,39,2.8
ppo,diff-waiting-time,s42,medium,40,3.78
ppo,diff-waiting-time,s42,medium,41,2.89
ppo,diff-waiting-time,s42,medium,42,3.42
ppo,diff-waiting-time,s42,medium,43,3.31
ppo,diff-waiting-time,s42,medium,44,4.73
ppo,diff-waiting-time,s42,medium,45,5.0
ppo,diff-waiting-time,s42,high,1,5.29
ppo,diff-waiting-time,s42,high,2,7.56
ppo,diff-waiting-time,s42,high,3,9.91
ppo,diff-waiting-time,s42,high,4,8.36
ppo,diff-waiting-time,s42,high,5,11.47
ppo,diff-waiting-time,s42,high,6,12.09
ppo,diff-waiting-time,s42,high,7,14.24
ppo,diff-waiting-time,s42,high,8,18.78
ppo,diff-waiting-time,s42,high,9,20.04
ppo,diff-waiting-time,s42,high,10,23.6
ppo,diff-waiting-time,s42,high,11,18.33
ppo,diff-waiting-time,s42,high,12,20.24
ppo,diff-waiting-time,s42,high,13,20.67
ppo,diff-waiting-time,s42,high,14,21.56
ppo,diff-waiting-time,s42,high,15,18.2
ppo,diff-waiting-time,s42,high,16,19.49
ppo,diff-waiting-time,s42,high,17,18.04
ppo,diff-waiting-time,s42,high,18,15.24
ppo,diff-waiting-time,s42,high,19,15.44
ppo,diff-waiting-time,s42,high,20,16.91
ppo,diff-waiting-time,s42,high,21,16.11
ppo,diff-waiting-time,s42,high,22,14.87
ppo,diff-waiting-time,s42,high,23,14.56
ppo,diff-waiting-time,s42,high,24,16.51
ppo,diff-waiting-time,s42,high,25,11.58
ppo,diff-waiting-time,s42,high,26,14.2
ppo,diff-waiting-time,s42,high,27,18.82
ppo,diff-waiting-time,s42,high,28,13.58
ppo,diff-waiting-time,s42,high,29,10.8
ppo,diff-waiting-time,s42,high,30,10.71
ppo,diff-waiting-time,s42,high,31,9.16
ppo,diff-waiting-time,s42,high,32,7.78
ppo,diff-waiting-time,s42,high,33,10.27
ppo,diff-waiting-time,s42,high,34,11.91
ppo,diff-waiting-time,s42,high,35,10.98
ppo,diff-waiting-time,s42,high,36,11.69
ppo,diff-waiting-time,s42,high,37,12.07
ppo,diff-waiting-time,s42,high,38,9.71
ppo,diff-waiting-time,s42,high,39,7.64
ppo,diff-waiting-time,s42,high,40,8.84
ppo,diff-waiting-time,s42,high,41,9.11
ppo,diff-waiting-time,s42,high,42,9.64
ppo,diff-waiting-time,s42,high,43,11.11
ppo,diff-waiting-time,s42,high,44,14.49
ppo,diff-waiting-time,s42,high,45,17.5
ppo,diff-waiting-time,s42,low,1,1.96
ppo,diff-waiting-time,s42,low,2,2.04
ppo,diff-waiting-time,s42,low,3,1.42
ppo,diff-waiting-time,s42,low,4,1.29
ppo,diff-waiting-time,s42,low,5,1.51
ppo,diff-waiting-time,s42,low,6,1.64
ppo,diff-waiting-time,s42,low,7,1.96
ppo,diff-waiting-time,s42,low,8,2.36
ppo,diff-waiting-time,s42,low,9,1.78
ppo,diff-waiting-time,s42,low,10,1.82
ppo,diff-waiting-time,s42,low,11,1.62
ppo,diff-waiting-time,s42,low,12,2.29
ppo,diff-waiting-time,s42,low,13,1.89
ppo,diff-waiting-time,s42,low,14,2.42
ppo,diff-waiting-time,s42,low,15,2.18
ppo,diff-waiting-time,s42,low,16,2.67
ppo,diff-waiting-time,s42,low,17,1.6
ppo,diff-waiting-time,s42,low,18,2.89
ppo,diff-waiting-time,s42,low,19,1.87
ppo,diff-waiting-time,s42,low,20,2.22
ppo,diff-waiting-time,s42,low,21,2.0
ppo,diff-waiting-time,s42,low,22,1.96
ppo,diff-waiting-time,s42,low,23,1.64
ppo,diff-waiting-time,s42,low,24,1.2
ppo,diff-waiting-time,s42,low,25,1.56
ppo,diff-waiting-time,s42,low,26,1.82
ppo,diff-waiting-time,s42,low,27,1.33
ppo,diff-waiting-time,s42,low,28,2.44
ppo,diff-waiting-time,s42,low,29,1.82
ppo,diff-waiting-time,s42,low,30,1.69
ppo,diff-waiting-time,s42,low,31,1.67
ppo,diff-waiting-time,s42,low,32,1.98
ppo,diff-waiting-time,s42,low,33,2.04
ppo,diff-waiting-time,s42,low,34,2.22
ppo,diff-waiting-time,s42,low,35,2.31
ppo,diff-waiting-time,s42,low,36,2.13
ppo,diff-waiting-time,s42,low,37,1.82
ppo,diff-waiting-time,s42,low,38,1.29
ppo,diff-waiting-time,s42,low,39,1.38
ppo,diff-waiting-time,s42,low,40,2.18
ppo,diff-waiting-time,s42,low,41,2.04
ppo,diff-waiting-time,s42,low,42,2.36
ppo,diff-waiting-time,s42,low,43,2.53
ppo,diff-waiting-time,s42,low,44,1.6
ppo,diff-waiting-time,s42,low,45,2.7
ppo,diff-waiting-time,s777,low,1,1.89
ppo,diff-waiting-time,s777,low,2,1.84
ppo,diff-waiting-time,s777,low,3,1.13
ppo,diff-waiting-time,s777,low,4,2.16
ppo,diff-waiting-time,s777,low,5,1.69
ppo,diff-waiting-time,s777,low,6,1.47
ppo,diff-waiting-time,s777,low,7,1.71
ppo,diff-waiting-time,s777,low,8,1.93
ppo,diff-waiting-time,s777,low,9,1.93
ppo,diff-waiting-time,s777,low,10,2.11
ppo,diff-waiting-time,s777,low,11,1.76
ppo,diff-waiting-time,s777,low,12,1.58
ppo,diff-waiting-time,s777,low,13,2.0
ppo,diff-waiting-time,s777,low,14,1.96
ppo,diff-waiting-time,s777,low,15,1.69
ppo,diff-waiting-time,s777,low,16,1.02
ppo,diff-waiting-time,s777,low,17,2.31
ppo,diff-waiting-time,s777,low,18,2.44
ppo,diff-waiting-time,s777,low,19,1.87
ppo,diff-waiting-time,s777,low,20,2.31
ppo,diff-waiting-time,s777,low,21,2.09
ppo,diff-waiting-time,s777,low,22,1.87
ppo,diff-waiting-time,s777,low,23,1.64
ppo,diff-waiting-time,s777,low,24,1.24
ppo,diff-waiting-time,s777,low,25,1.71
ppo,diff-waiting-time,s777,low,26,1.93
ppo,diff-waiting-time,s777,low,27,1.09
ppo,diff-waiting-time,s777,low,28,2.73
ppo,diff-waiting-time,s777,low,29,2.42
ppo,diff-waiting-time,s777,low,30,2.29
ppo,diff-waiting-time,s777,low,31,1.62
ppo,diff-waiting-time,s777,low,32,1.4
ppo,diff-waiting-time,s777,low,33,1.07
ppo,diff-waiting-time,s777,low,34,2.13
ppo,diff-waiting-time,s777,low,35,2.38
ppo,diff-waiting-time,s777,low,36,1.44
ppo,diff-waiting-time,s777,low,37,1.58
ppo,diff-waiting-time,s777,low,38,1.93
ppo,diff-waiting-time,s777,low,39,1.76
ppo,diff-waiting-time,s777,low,40,1.53
ppo,diff-waiting-time,s777,low,41,1.96
ppo,diff-waiting-time,s777,low,42,1.33
ppo,diff-waiting-time,s777,low,43,1.53
ppo,diff-waiting-time,s777,low,44,1.84
ppo,diff-waiting-time,s777,low,45,2.7
ppo,diff-waiting-time,s777,medium,1,3.18
ppo,diff-waiting-time,s777,medium,2,3.36
ppo,diff-waiting-time,s777,medium,3,2.78
ppo,diff-waiting-time,s777,medium,4,3.0
ppo,diff-waiting-time,s777,medium,5,2.96
ppo,diff-waiting-time,s777,medium,6,3.18
ppo,diff-waiting-time,s777,medium,7,3.96
ppo,diff-waiting-time,s777,medium,8,4.04
ppo,diff-waiting-time,s777,medium,9,3.11
ppo,diff-waiting-time,s777,medium,10,3.29
ppo,diff-waiting-time,s777,medium,11,3.33
ppo,diff-waiting-time,s777,medium,12,2.71
ppo,diff-waiting-time,s777,medium,13,3.0
ppo,diff-waiting-time,s777,medium,14,2.56
ppo,diff-waiting-time,s777,medium,15,2.27
ppo,diff-waiting-time,s777,medium,16,2.89
ppo,diff-waiting-time,s777,medium,17,2.33
ppo,diff-waiting-time,s777,medium,18,2.82
ppo,diff-waiting-time,s777,medium,19,2.38
ppo,diff-waiting-time,s777,medium,20,3.0
ppo,diff-waiting-time,s777,medium,21,2.58
ppo,diff-waiting-time,s777,medium,22,4.89
ppo,diff-waiting-time,s777,medium,23,2.91
ppo,diff-waiting-time,s777,medium,24,3.49
ppo,diff-waiting-time,s777,medium,25,3.0
ppo,diff-waiting-time,s777,medium,26,3.04
ppo,diff-waiting-time,s777,medium,27,2.73
ppo,diff-waiting-time,s777,medium,28,3.62
ppo,diff-waiting-time,s777,medium,29,2.69
ppo,diff-waiting-time,s777,medium,30,3.13
ppo,diff-waiting-time,s777,medium,31,3.84
ppo,diff-waiting-time,s777,medium,32,2.91
ppo,diff-waiting-time,s777,medium,33,4.04
ppo,diff-waiting-time,s777,medium,34,3.11
ppo,diff-waiting-time,s777,medium,35,3.11
ppo,diff-waiting-time,s777,medium,36,2.27
ppo,diff-waiting-time,s777,medium,37,2.71
ppo,diff-waiting-time,s777,medium,38,3.6
ppo,diff-waiting-time,s777,medium,39,1.96
ppo,diff-waiting-time,s777,medium,40,2.98
ppo,diff-waiting-time,s777,medium,41,2.93
ppo,diff-waiting-time,s777,medium,42,2.58
ppo,diff-waiting-time,s777,medium,43,2.07
ppo,diff-waiting-time,s777,medium,44,3.36
ppo,diff-waiting-time,s777,medium,45,2.7
ppo,diff-waiting-time,s123,high,1,5.4
ppo,diff-waiting-time,s123,high,2,11.18
ppo,diff-waiting-time,s123,high,3,13.73
ppo,diff-waiting-time,s123,high,4,9.16
ppo,diff-waiting-time,s123,high,5,14.47
ppo,diff-waiting-time,s123,high,6,17.13
ppo,diff-waiting-time,s123,high,7,18.42
ppo,diff-waiting-time,s123,high,8,23.62
ppo,diff-waiting-time,s123,high,9,25.13
ppo,diff-waiting-time,s123,high,10,27.4
ppo,diff-waiting-time,s123,high,11,27.31
ppo,diff-waiting-time,s123,high,12,30.16
ppo,diff-waiting-time,s123,high,13,32.38
ppo,diff-waiting-time,s123,high,14,30.91
ppo,diff-waiting-time,s123,high,15,34.8
ppo,diff-waiting-time,s123,high,16,38.71
ppo,diff-waiting-time,s123,high,17,37.22
ppo,diff-waiting-time,s123,high,18,36.96
ppo,diff-waiting-time,s123,high,19,34.07
ppo,diff-waiting-time,s123,high,20,38.16
ppo,diff-waiting-time,s123,high,21,48.36
ppo,diff-waiting-time,s123,high,22,50.76
ppo,diff-waiting-time,s123,high,23,49.33
ppo,diff-waiting-time,s123,high,24,70.76
ppo,diff-waiting-time,s123,high,25,55.11
ppo,diff-waiting-time,s123,high,26,53.24
ppo,diff-waiting-time,s123,high,27,59.82
ppo,diff-waiting-time,s123,high,28,62.93
ppo,diff-waiting-time,s123,high,29,79.09
ppo,diff-waiting-time,s123,high,30,68.56
ppo,diff-waiting-time,s123,high,31,64.6
ppo,diff-waiting-time,s123,high,32,64.73
ppo,diff-waiting-time,s123,high,33,56.58
ppo,diff-waiting-time,s123,high,34,62.71
ppo,diff-waiting-time,s123,high,35,85.22
ppo,diff-waiting-time,s123,high,36,93.18
ppo,diff-waiting-time,s123,high,37,100.47
ppo,diff-waiting-time,s123,high,38,143.36
ppo,diff-waiting-time,s123,high,39,194.64
ppo,diff-waiting-time,s123,high,40,239.49
ppo,diff-waiting-time,s123,high,41,275.89
ppo,diff-waiting-time,s123,high,42,316.87
ppo,diff-waiting-time,s123,high,43,356.64
ppo,diff-waiting-time,s123,high,44,392.82
ppo,diff-waiting-time,s123,high,45,410.2
ppo,diff-waiting-time,s777,high,1,6.27
ppo,diff-waiting-time,s777,high,2,7.6
ppo,diff-waiting-time,s777,high,3,11.42
ppo,diff-waiting-time,s777,high,4,10.53
ppo,diff-waiting-time,s777,high,5,8.78
ppo,diff-waiting-time,s777,high,6,10.02
ppo,diff-waiting-time,s777,high,7,13.91
ppo,diff-waiting-time,s777,high,8,17.6
ppo,diff-waiting-time,s777,high,9,21.31
ppo,diff-waiting-time,s777,high,10,17.44
ppo,diff-waiting-time,s777,high,11,19.53
ppo,diff-waiting-time,s777,high,12,17.8
ppo,diff-waiting-time,s777,high,13,16.47
ppo,diff-waiting-time,s777,high,14,15.98
ppo,diff-waiting-time,s777,high,15,16.22
ppo,diff-waiting-time,s777,high,16,13.11
ppo,diff-waiting-time,s777,high,17,12.64
ppo,diff-waiting-time,s777,high,18,12.78
ppo,diff-waiting-time,s777,high,19,11.76
ppo,diff-waiting-time,s777,high,20,12.33
ppo,diff-waiting-time,s777,high,21,13.36
ppo,diff-waiting-time,s777,high,22,16.07
ppo,diff-waiting-time,s777,high,23,11.91
ppo,diff-waiting-time,s777,high,24,10.18
ppo,diff-waiting-time,s777,high,25,11.33
ppo,diff-waiting-time,s777,high,26,11.33
ppo,diff-waiting-time,s777,high,27,13.09
ppo,diff-waiting-time,s777,high,28,12.87
ppo,diff-waiting-time,s777,high,29,12.6
ppo,diff-waiting-time,s777,high,30,8.11
ppo,diff-waiting-time,s777,high,31,8.42
ppo,diff-waiting-time,s777,high,32,10.73
ppo,diff-waiting-time,s777,high,33,15.56
ppo,diff-waiting-time,s777,high,34,11.91
ppo,diff-waiting-time,s777,high,35,9.62
ppo,diff-waiting-time,s777,high,36,9.62
ppo,diff-waiting-time,s777,high,37,10.73
ppo,diff-waiting-time,s777,high,38,10.82
ppo,diff-waiting-time,s777,high,39,8.98
ppo,diff-waiting-time,s777,high,40,9.02
ppo,diff-waiting-time,s777,high,41,9.0
ppo,diff-waiting-time,s777,high,42,8.56
ppo,diff-waiting-time,s777,high,43,9.18
ppo,diff-waiting-time,s777,high,44,10.78
ppo,diff-waiting-time,s777,high,45,9.5
ppo,pressure,s123,medium,1,3.16
ppo,pressure,s123,medium,2,3.24
ppo,pressure,s123,medium,3,3.22
ppo,pressure,s123,medium,4,3.36
ppo,pressure,s123,medium,5,2.33
ppo,pressure,s123,medium,6,3.13
ppo,pressure,s123,medium,7,3.42
ppo,pressure,s123,medium,8,3.29
ppo,pressure,s123,medium,9,3.22
ppo,pressure,s123,medium,10,2.82
ppo,pressure,s123,medium,11,2.8
ppo,pressure,s123,medium,12,2.36
ppo,pressure,s123,medium,13,2.42
ppo,pressure,s123,medium,14,3.58
ppo,pressure,s123,medium,15,2.58
ppo,pressure,s123,medium,16,2.44
ppo,pressure,s123,medium,17,2.22
ppo,pressure,s123,medium,18,2.71
ppo,pressure,s123,medium,19,2.82
ppo,pressure,s123,medium,20,2.69
ppo,pressure,s123,medium,21,2.24
ppo,pressure,s123,medium,22,3.22
ppo,pressure,s123,medium,23,3.33
ppo,pressure,s123,medium,24,2.53
ppo,pressure,s123,medium,25,3.22
ppo,pressure,s123,medium,26,2.87
ppo,pressure,s123,medium,27,2.91
ppo,pressure,s123,medium,28,3.31
ppo,pressure,s123,medium,29,2.89
ppo,pressure,s123,medium,30,2.89
ppo,pressure,s123,medium,31,3.71
ppo,pressure,s123,medium,32,2.6
ppo,pressure,s123,medium,33,3.27
ppo,pressure,s123,medium,34,2.73
ppo,pressure,s123,medium,35,3.49
ppo,pressure,s123,medium,36,2.33
ppo,pressure,s123,medium,37,2.33
ppo,pressure,s123,medium,38,3.49
ppo,pressure,s123,medium,39,3.04
ppo,pressure,s123,medium,40,3.49
ppo,pressure,s123,medium,41,2.89
ppo,pressure,s123,medium,42,3.29
ppo,pressure,s123,medium,43,2.91
ppo,pressure,s123,medium,44,2.82
ppo,pressure,s123,medium,45,3.4
ppo,pressure,s123,low,1,1.71
ppo,pressure,s123,low,2,1.27
ppo,pressure,s123,low,3,1.47
ppo,pressure,s123,low,4,1.69
ppo,pressure,s123,low,5,1.4
ppo,pressure,s123,low,6,1.67
ppo,pressure,s123,low,7,1.31
ppo,pressure,s123,low,8,2.16
ppo,pressure,s123,low,9,1.29
ppo,pressure,s123,low,10,1.38
ppo,pressure,s123,low,11,1.29
ppo,pressure,s123,low,12,1.51
ppo,pressure,s123,low,13,1.02
ppo,pressure,s123,low,14,1.69
ppo,pressure,s123,low,15,1.58
ppo,pressure,s123,low,16,1.4
ppo,pressure,s123,low,17,2.51
ppo,pressure,s123,low,18,2.11
ppo,pressure,s123,low,19,1.71
ppo,pressure,s123,low,20,1.44
ppo,pressure,s123,low,21,1.93
ppo,pressure,s123,low,22,1.36
ppo,pressure,s123,low,23,1.6
ppo,pressure,s123,low,24,1.73
ppo,pressure,s123,low,25,1.29
ppo,pressure,s123,low,26,1.82
ppo,pressure,s123,low,27,1.38
ppo,pressure,s123,low,28,1.96
ppo,pressure,s123,low,29,1.18
ppo,pressure,s123,low,30,2.11
ppo,pressure,s123,low,31,1.02
ppo,pressure,s123,low,32,1.51
ppo,pressure,s123,low,33,1.07
ppo,pressure,s123,low,34,2.13
ppo,pressure,s123,low,35,1.87
ppo,pressure,s123,low,36,1.91
ppo,pressure,s123,low,37,1.91
ppo,pressure,s123,low,38,0.98
ppo,pressure,s123,low,39,1.78
ppo,pressure,s123,low,40,1.96
ppo,pressure,s123,low,41,1.69
ppo,pressure,s123,low,42,1.91
ppo,pressure,s123,low,43,1.78
ppo,pressure,s123,low,44,1.33
ppo,pressure,s123,low,45,1.8
ppo,pressure,s123,high,1,6.31
ppo,pressure,s123,high,2,7.2
ppo,pressure,s123,high,3,8.64
ppo,pressure,s123,high,4,7.93
ppo,pressure,s123,high,5,10.71
ppo,pressure,s123,high,6,9.87
ppo,pressure,s123,high,7,10.58
ppo,pressure,s123,high,8,13.78
ppo,pressure,s123,high,9,11.44
ppo,pressure,s123,high,10,10.87
ppo,pressure,s123,high,11,9.24
ppo,pressure,s123,high,12,10.44
ppo,pressure,s123,high,13,10.91
ppo,pressure,s123,high,14,11.58
ppo,pressure,s123,high,15,9.62
ppo,pressure,s123,high,16,8.87
ppo,pressure,s123,high,17,9.96
ppo,pressure,s123,high,18,8.62
ppo,pressure,s123,high,19,6.27
ppo,pressure,s123,high,20,9.56
ppo,pressure,s123,high,21,9.53
ppo,pressure,s123,high,22,10.33
ppo,pressure,s123,high,23,9.87
ppo,pressure,s123,high,24,9.33
ppo,pressure,s123,high,25,6.67
ppo,pressure,s123,high,26,9.29
ppo,pressure,s123,high,27,10.04
ppo,pressure,s123,high,28,9.02
ppo,pressure,s123,high,29,8.98
ppo,pressure,s123,high,30,8.09
ppo,pressure,s123,high,31,7.2
ppo,pressure,s123,high,32,8.8
ppo,pressure,s123,high,33,9.13
ppo,pressure,s123,high,34,9.49
ppo,pressure,s123,high,35,7.4
ppo,pressure,s123,high,36,11.04
ppo,pressure,s123,high,37,8.56
ppo,pressure,s123,high,38,8.02
ppo,pressure,s123,high,39,9.04
ppo,pressure,s123,high,40,9.8
ppo,pressure,s123,high,41,7.93
ppo,pressure,s123,high,42,7.31
ppo,pressure,s123,high,43,9.96
ppo,pressure,s123,high,44,11.24
ppo,pressure,s123,high,45,11.7
ppo,pressure,s42,medium,1,2.62
ppo,pressure,s42,medium,2,3.38
ppo,pressure,s42,medium,3,3.56
ppo,pressure,s42,medium,4,3.11
ppo,pressure,s42,medium,5,3.07
ppo,pressure,s42,medium,6,3.38
ppo,pressure,s42,medium,7,4.04
ppo,pressure,s42,medium,8,2.67
ppo,pressure,s42,medium,9,3.13
ppo,pressure,s42,medium,10,2.96
ppo,pressure,s42,medium,11,2.73
ppo,pressure,s42,medium,12,2.51
ppo,pressure,s42,medium,13,3.16
ppo,pressure,s42,medium,14,2.8
ppo,pressure,s42,medium,15,3.27
ppo,pressure,s42,medium,16,3.13
ppo,pressure,s42,medium,17,3.16
ppo,pressure,s42,medium,18,2.8
ppo,pressure,s42,medium,19,2.16
ppo,pressure,s42,medium,20,2.78
ppo,pressure,s42,medium,21,2.73
ppo,pressure,s42,medium,22,3.76
ppo,pressure,s42,medium,23,3.33
ppo,pressure,s42,medium,24,2.53
ppo,pressure,s42,medium,25,3.09
ppo,pressure,s42,medium,26,4.16
ppo,pressure,s42,medium,27,2.78
ppo,pressure,s42,medium,28,2.64
ppo,pressure,s42,medium,29,3.07
ppo,pressure,s42,medium,30,2.84
ppo,pressure,s42,medium,31,3.09
ppo,pressure,s42,medium,32,4.33
ppo,pressure,s42,medium,33,3.62
ppo,pressure,s42,medium,34,2.69
ppo,pressure,s42,medium,35,3.09
ppo,pressure,s42,medium,36,3.36
ppo,pressure,s42,medium,37,2.53
ppo,pressure,s42,medium,38,2.31
ppo,pressure,s42,medium,39,3.04
ppo,pressure,s42,medium,40,2.11
ppo,pressure,s42,medium,41,2.84
ppo,pressure,s42,medium,42,3.51
ppo,pressure,s42,medium,43,2.84
ppo,pressure,s42,medium,44,3.69
ppo,pressure,s42,medium,45,3.0
ppo,pressure,s42,low,1,1.53
ppo,pressure,s42,low,2,1.44
ppo,pressure,s42,low,3,1.4
ppo,pressure,s42,low,4,2.69
ppo,pressure,s42,low,5,1.09
ppo,pressure,s42,low,6,1.84
ppo,pressure,s42,low,7,1.98
ppo,pressure,s42,low,8,1.98
ppo,pressure,s42,low,9,1.47
ppo,pressure,s42,low,10,2.13
ppo,pressure,s42,low,11,1.89
ppo,pressure,s42,low,12,1.44
ppo,pressure,s42,low,13,2.16
ppo,pressure,s42,low,14,2.33
ppo,pressure,s42,low,15,1.44
ppo,pressure,s42,low,16,2.24
ppo,pressure,s42,low,17,1.58
ppo,pressure,s42,low,18,1.44
ppo,pressure,s42,low,19,1.89
ppo,pressure,s42,low,20,1.89
ppo,pressure,s42,low,21,1.73
ppo,pressure,s42,low,22,1.11
ppo,pressure,s42,low,23,1.2
ppo,pressure,s42,low,24,1.47
ppo,pressure,s42,low,25,1.42
ppo,pressure,s42,low,26,1.47
ppo,pressure,s42,low,27,1.53
ppo,pressure,s42,low,28,3.0
ppo,pressure,s42,low,29,2.33
ppo,pressure,s42,low,30,1.71
ppo,pressure,s42,low,31,1.91
ppo,pressure,s42,low,32,1.78
ppo,pressure,s42,low,33,2.31
ppo,pressure,s42,low,34,1.42
ppo,pressure,s42,low,35,1.56
ppo,pressure,s42,low,36,2.0
ppo,pressure,s42,low,37,1.64
ppo,pressure,s42,low,38,1.51
ppo,pressure,s42,low,39,1.8
ppo,pressure,s42,low,40,1.76
ppo,pressure,s42,low,41,1.47
ppo,pressure,s42,low,42,1.56
ppo,pressure,s42,low,43,1.8
ppo,pressure,s42,low,44,1.62
ppo,pressure,s42,low,45,1.3
ppo,pressure,s42,high,1,5.64
ppo,pressure,s42,high,2,11.73
ppo,pressure,s42,high,3,14.16
ppo,pressure,s42,high,4,8.82
ppo,pressure,s42,high,5,8.91
ppo,pressure,s42,high,6,9.13
ppo,pressure,s42,high,7,10.56
ppo,pressure,s42,high,8,13.4
ppo,pressure,s42,high,9,11.87
ppo,pressure,s42,high,10,10.04
ppo,pressure,s42,high,11,9.6
ppo,pressure,s42,high,12,10.44
ppo,pressure,s42,high,13,11.4
ppo,pressure,s42,high,14,10.6
ppo,pressure,s42,high,15,9.29
ppo,pressure,s42,high,16,10.0
ppo,pressure,s42,high,17,11.67
ppo,pressure,s42,high,18,10.87
ppo,pressure,s42,high,19,8.93
ppo,pressure,s42,high,20,8.31
ppo,pressure,s42,high,21,10.49
ppo,pressure,s42,high,22,8.89
ppo,pressure,s42,high,23,9.16
ppo,pressure,s42,high,24,9.07
ppo,pressure,s42,high,25,7.4
ppo,pressure,s42,high,26,10.6
ppo,pressure,s42,high,27,12.27
ppo,pressure,s42,high,28,8.76
ppo,pressure,s42,high,29,9.27
ppo,pressure,s42,high,30,8.07
ppo,pressure,s42,high,31,7.82
ppo,pressure,s42,high,32,8.71
ppo,pressure,s42,high,33,11.78
ppo,pressure,s42,high,34,9.47
ppo,pressure,s42,high,35,8.82
ppo,pressure,s42,high,36,9.53
ppo,pressure,s42,high,37,7.6
ppo,pressure,s42,high,38,7.96
ppo,pressure,s42,high,39,6.56
ppo,pressure,s42,high,40,7.27
ppo,pressure,s42,high,41,7.42
ppo,pressure,s42,high,42,8.22
ppo,pressure,s42,high,43,8.38
ppo,pressure,s42,high,44,10.38
ppo,pressure,s42,high,45,10.3
ppo,pressure,s777,high,1,6.16
ppo,pressure,s777,high,2,9.93
ppo,pressure,s777,high,3,9.4
ppo,pressure,s777,high,4,10.73
ppo,pressure,s777,high,5,11.0
ppo,pressure,s777,high,6,10.2
ppo,pressure,s777,high,7,12.62
ppo,pressure,s777,high,8,10.13
ppo,pressure,s777,high,9,9.53
ppo,pressure,s777,high,10,9.22
ppo,pressure,s777,high,11,10.24
ppo,pressure,s777,high,12,10.82
ppo,pressure,s777,high,13,9.18
ppo,pressure,s777,high,14,10.24
ppo,pressure,s777,high,15,11.69
ppo,pressure,s777,high,16,8.93
ppo,pressure,s777,high,17,11.24
ppo,pressure,s777,high,18,10.13
ppo,pressure,s777,high,19,11.69
ppo,pressure,s777,high,20,11.91
ppo,pressure,s777,high,21,10.96
ppo,pressure,s777,high,22,12.51
ppo,pressure,s777,high,23,11.89
ppo,pressure,s777,high,24,10.56
ppo,pressure,s777,high,25,8.89
ppo,pressure,s777,high,26,11.11
ppo,pressure,s777,high,27,9.36
ppo,pressure,s777,high,28,11.13
ppo,pressure,s777,high,29,9.02
ppo,pressure,s777,high,30,9.24
ppo,pressure,s777,high,31,11.82
ppo,pressure,s777,high,32,11.69
ppo,pressure,s777,high,33,12.8
ppo,pressure,s777,high,34,11.42
ppo,pressure,s777,high,35,7.82
ppo,pressure,s777,high,36,12.36
ppo,pressure,s777,high,37,10.47
ppo,pressure,s777,high,38,10.33
ppo,pressure,s777,high,39,9.89
ppo,pressure,s777,high,40,10.82
ppo,pressure,s777,high,41,11.04
ppo,pressure,s777,high,42,8.56
ppo,pressure,s777,high,43,10.09
ppo,pressure,s777,high,44,10.62
ppo,pressure,s777,high,45,13.5
ppo,pressure,s777,low,1,2.11
ppo,pressure,s777,low,2,2.96
ppo,pressure,s777,low,3,2.49
ppo,pressure,s777,low,4,1.47
ppo,pressure,s777,low,5,2.44
ppo,pressure,s777,low,6,3.38
ppo,pressure,s777,low,7,2.33
ppo,pressure,s777,low,8,3.09
ppo,pressure,s777,low,9,2.84
ppo,pressure,s777,low,10,3.11
ppo,pressure,s777,low,11,2.93
ppo,pressure,s777,low,12,2.8
ppo,pressure,s777,low,13,2.16
ppo,pressure,s777,low,14,3.67
ppo,pressure,s777,low,15,2.58
ppo,pressure,s777,low,16,3.42
ppo,pressure,s777,low,17,3.22
ppo,pressure,s777,low,18,2.64
ppo,pressure,s777,low,19,1.93
ppo,pressure,s777,low,20,3.44
ppo,pressure,s777,low,21,2.96
ppo,pressure,s777,low,22,3.36
ppo,pressure,s777,low,23,2.98
ppo,pressure,s777,low,24,2.31
ppo,pressure,s777,low,25,3.24
ppo,pressure,s777,low,26,2.44
ppo,pressure,s777,low,27,2.33
ppo,pressure,s777,low,28,3.36
ppo,pressure,s777,low,29,2.18
ppo,pressure,s777,low,30,3.07
ppo,pressure,s777,low,31,2.4
ppo,pressure,s777,low,32,2.44
ppo,pressure,s777,low,33,2.47
ppo,pressure,s777,low,34,2.69
ppo,pressure,s777,low,35,2.67
ppo,pressure,s777,low,36,3.69
ppo,pressure,s777,low,37,2.8
ppo,pressure,s777,low,38,1.87
ppo,pressure,s777,low,39,1.71
ppo,pressure,s777,low,40,2.42
ppo,pressure,s777,low,41,2.27
ppo,pressure,s777,low,42,1.96
ppo,pressure,s777,low,43,1.58
ppo,pressure,s777,low,44,2.73
ppo,pressure,s777,low,45,3.7
ppo,pressure,s777,medium,1,3.0
ppo,pressure,s777,medium,2,3.36
ppo,pressure,s777,medium,3,5.02
ppo,pressure,s777,medium,4,4.67
ppo,pressure,s777,medium,5,4.71
ppo,pressure,s777,medium,6,4.27
ppo,pressure,s777,medium,7,4.29
ppo,pressure,s777,medium,8,3.67
ppo,pressure,s777,medium,9,5.0
ppo,pressure,s777,medium,10,4.33
ppo,pressure,s777,medium,11,3.93
ppo,pressure,s777,medium,12,2.51
ppo,pressure,s777,medium,13,3.56
ppo,pressure,s777,medium,14,5.02
ppo,pressure,s777,medium,15,4.53
ppo,pressure,s777,medium,16,2.44
ppo,pressure,s777,medium,17,4.53
ppo,pressure,s777,medium,18,4.98
ppo,pressure,s777,medium,19,3.31
ppo,pressure,s777,medium,20,5.0
ppo,pressure,s777,medium,21,3.84
ppo,pressure,s777,medium,22,4.91
ppo,pressure,s777,medium,23,4.89
ppo,pressure,s777,medium,24,3.64
ppo,pressure,s777,medium,25,5.02
ppo,pressure,s777,medium,26,3.91
ppo,pressure,s777,medium,27,5.36
ppo,pressure,s777,medium,28,5.18
ppo,pressure,s777,medium,29,4.62
ppo,pressure,s777,medium,30,5.47
ppo,pressure,s777,medium,31,5.47
ppo,pressure,s777,medium,32,2.67
ppo,pressure,s777,medium,33,6.02
ppo,pressure,s777,medium,34,4.51
ppo,pressure,s777,medium,35,5.27
ppo,pressure,s777,medium,36,5.4
ppo,pressure,s777,medium,37,4.73
ppo,pressure,s777,medium,38,4.82
ppo,pressure,s777,medium,39,5.62
ppo,pressure,s777,medium,40,3.49
ppo,pressure,s777,medium,41,5.09
ppo,pressure,s777,medium,42,4.11
ppo,pressure,s777,medium,43,4.98
ppo,pressure,s777,medium,44,4.67
ppo,pressure,s777,medium,45,5.4
ppo,queue-AE-16d,s123,medium,1,3.18
ppo,queue-AE-16d,s123,medium,2,3.27
ppo,queue-AE-16d,s123,medium,3,3.4
ppo,queue-AE-16d,s123,medium,4,3.0
ppo,queue-AE-16d,s123,medium,5,3.07
ppo,queue-AE-16d,s123,medium,6,4.36
ppo,queue-AE-16d,s123,medium,7,5.27
ppo,queue-AE-16d,s123,medium,8,3.18
ppo,queue-AE-16d,s123,medium,9,3.49
ppo,queue-AE-16d,s123,medium,10,1.89
ppo,queue-AE-16d,s123,medium,11,4.73
ppo,queue-AE-16d,s123,medium,12,2.47
ppo,queue-AE-16d,s123,medium,13,3.73
ppo,queue-AE-16d,s123,medium,14,3.96
ppo,queue-AE-16d,s123,medium,15,4.11
ppo,queue-AE-16d,s123,medium,16,3.71
ppo,queue-AE-16d,s123,medium,17,2.71
ppo,queue-AE-16d,s123,medium,18,3.2
ppo,queue-AE-16d,s123,medium,19,2.62
ppo,queue-AE-16d,s123,medium,20,3.56
ppo,queue-AE-16d,s123,medium,21,3.04
ppo,queue-AE-16d,s123,medium,22,5.09
ppo,queue-AE-16d,s123,medium,23,4.31
ppo,queue-AE-16d,s123,medium,24,2.76
ppo,queue-AE-16d,s123,medium,25,3.91
ppo,queue-AE-16d,s123,medium,26,4.27
ppo,queue-AE-16d,s123,medium,27,3.69
ppo,queue-AE-16d,s123,medium,28,3.69
ppo,queue-AE-16d,s123,medium,29,4.13
ppo,queue-AE-16d,s123,medium,30,4.09
ppo,queue-AE-16d,s123,medium,31,4.58
ppo,queue-AE-16d,s123,medium,32,3.96
ppo,queue-AE-16d,s123,medium,33,4.13
ppo,queue-AE-16d,s123,medium,34,3.51
ppo,queue-AE-16d,s123,medium,35,3.36
ppo,queue-AE-16d,s123,medium,36,3.27
ppo,queue-AE-16d,s123,medium,37,2.0
ppo,queue-AE-16d,s123,medium,38,4.22
ppo,queue-AE-16d,s123,medium,39,3.53
ppo,queue-AE-16d,s123,medium,40,2.96
ppo,queue-AE-16d,s123,medium,41,3.89
ppo,queue-AE-16d,s123,medium,42,3.27
ppo,queue-AE-16d,s123,medium,43,4.04
ppo,queue-AE-16d,s123,medium,44,4.36
ppo,queue-AE-16d,s123,medium,45,5.3
ppo,queue-AE-16d,s123,low,1,2.0
ppo,queue-AE-16d,s123,low,2,1.56
ppo,queue-AE-16d,s123,low,3,1.58
ppo,queue-AE-16d,s123,low,4,1.53
ppo,queue-AE-16d,s123,low,5,1.53
ppo,queue-AE-16d,s123,low,6,1.76
ppo,queue-AE-16d,s123,low,7,2.58
ppo,queue-AE-16d,s123,low,8,1.78
ppo,queue-AE-16d,s123,low,9,2.29
ppo,queue-AE-16d,s123,low,10,2.56
ppo,queue-AE-16d,s123,low,11,1.24
ppo,queue-AE-16d,s123,low,12,1.07
ppo,queue-AE-16d,s123,low,13,1.76
ppo,queue-AE-16d,s123,low,14,2.73
ppo,queue-AE-16d,s123,low,15,2.91
ppo,queue-AE-16d,s123,low,16,2.02
ppo,queue-AE-16d,s123,low,17,1.49
ppo,queue-AE-16d,s123,low,18,2.2
ppo,queue-AE-16d,s123,low,19,2.16
ppo,queue-AE-16d,s123,low,20,2.07
ppo,queue-AE-16d,s123,low,21,2.13
ppo,queue-AE-16d,s123,low,22,2.31
ppo,queue-AE-16d,s123,low,23,1.98
ppo,queue-AE-16d,s123,low,24,1.49
ppo,queue-AE-16d,s123,low,25,1.49
ppo,queue-AE-16d,s123,low,26,1.84
ppo,queue-AE-16d,s123,low,27,1.58
ppo,queue-AE-16d,s123,low,28,1.8
ppo,queue-AE-16d,s123,low,29,2.18
ppo,queue-AE-16d,s123,low,30,2.44
ppo,queue-AE-16d,s123,low,31,2.44
ppo,queue-AE-16d,s123,low,32,1.73
ppo,queue-AE-16d,s123,low,33,1.33
ppo,queue-AE-16d,s123,low,34,2.49
ppo,queue-AE-16d,s123,low,35,2.53
ppo,queue-AE-16d,s123,low,36,2.31
ppo,queue-AE-16d,s123,low,37,2.18
ppo,queue-AE-16d,s123,low,38,2.44
ppo,queue-AE-16d,s123,low,39,2.16
ppo,queue-AE-16d,s123,low,40,1.71
ppo,queue-AE-16d,s123,low,41,1.6
ppo,queue-AE-16d,s123,low,42,2.4
ppo,queue-AE-16d,s123,low,43,2.29
ppo,queue-AE-16d,s123,low,44,1.93
ppo,queue-AE-16d,s123,low,45,1.9
ppo,queue-AE-16d,s42,medium,1,2.73
ppo,queue-AE-16d,s42,medium,2,3.93
ppo,queue-AE-16d,s42,medium,3,4.96
ppo,queue-AE-16d,s42,medium,4,6.42
ppo,queue-AE-16d,s42,medium,5,2.93
ppo,queue-AE-16d,s42,medium,6,3.64
ppo,queue-AE-16d,s42,medium,7,3.44
ppo,queue-AE-16d,s42,medium,8,3.53
ppo,queue-AE-16d,s42,medium,9,3.58
ppo,queue-AE-16d,s42,medium,10,3.04
ppo,queue-AE-16d,s42,medium,11,2.64
ppo,queue-AE-16d,s42,medium,12,2.42
ppo,queue-AE-16d,s42,medium,13,3.64
ppo,queue-AE-16d,s42,medium,14,2.67
ppo,queue-AE-16d,s42,medium,15,2.98
ppo,queue-AE-16d,s42,medium,16,2.93
ppo,queue-AE-16d,s42,medium,17,4.04
ppo,queue-AE-16d,s42,medium,18,3.07
ppo,queue-AE-16d,s42,medium,19,1.93
ppo,queue-AE-16d,s42,medium,20,2.33
ppo,queue-AE-16d,s42,medium,21,2.38
ppo,queue-AE-16d,s42,medium,22,3.53
ppo,queue-AE-16d,s42,medium,23,3.11
ppo,queue-AE-16d,s42,medium,24,3.02
ppo,queue-AE-16d,s42,medium,25,2.89
ppo,queue-AE-16d,s42,medium,26,4.22
ppo,queue-AE-16d,s42,medium,27,2.56
ppo,queue-AE-16d,s42,medium,28,3.04
ppo,queue-AE-16d,s42,medium,29,3.49
ppo,queue-AE-16d,s42,medium,30,2.24
ppo,queue-AE-16d,s42,medium,31,2.84
ppo,queue-AE-16d,s42,medium,32,3.91
ppo,queue-AE-16d,s42,medium,33,3.71
ppo,queue-AE-16d,s42,medium,34,2.51
ppo,queue-AE-16d,s42,medium,35,3.22
ppo,queue-AE-16d,s42,medium,36,4.2
ppo,queue-AE-16d,s42,medium,37,2.84
ppo,queue-AE-16d,s42,medium,38,2.0
ppo,queue-AE-16d,s42,medium,39,3.8
ppo,queue-AE-16d,s42,medium,40,2.82
ppo,queue-AE-16d,s42,medium,41,2.36
ppo,queue-AE-16d,s42,medium,42,3.11
ppo,queue-AE-16d,s42,medium,43,2.84
ppo,queue-AE-16d,s42,medium,44,3.73
ppo,queue-AE-16d,s42,medium,45,3.0
ppo,queue-AE-16d,s42,low,1,1.98
ppo,queue-AE-16d,s42,low,2,1.93
ppo,queue-AE-16d,s42,low,3,2.84
ppo,queue-AE-16d,s42,low,4,2.49
ppo,queue-AE-16d,s42,low,5,0.82
ppo,queue-AE-16d,s42,low,6,1.93
ppo,queue-AE-16d,s42,low,7,1.87
ppo,queue-AE-16d,s42,low,8,1.87
ppo,queue-AE-16d,s42,low,9,2.16
ppo,queue-AE-16d,s42,low,10,2.69
ppo,queue-AE-16d,s42,low,11,1.09
ppo,queue-AE-16d,s42,low,12,0.96
ppo,queue-AE-16d,s42,low,13,1.6
ppo,queue-AE-16d,s42,low,14,2.53
ppo,queue-AE-16d,s42,low,15,1.67
ppo,queue-AE-16d,s42,low,16,1.8
ppo,queue-AE-16d,s42,low,17,1.64
ppo,queue-AE-16d,s42,low,18,2.53
ppo,queue-AE-16d,s42,low,19,1.49
ppo,queue-AE-16d,s42,low,20,1.89
ppo,queue-AE-16d,s42,low,21,1.78
ppo,queue-AE-16d,s42,low,22,1.78
ppo,queue-AE-16d,s42,low,23,1.67
ppo,queue-AE-16d,s42,low,24,1.89
ppo,queue-AE-16d,s42,low,25,1.78
ppo,queue-AE-16d,s42,low,26,1.24
ppo,queue-AE-16d,s42,low,27,1.58
ppo,queue-AE-16d,s42,low,28,2.69
ppo,queue-AE-16d,s42,low,29,1.4
ppo,queue-AE-16d,s42,low,30,2.07
ppo,queue-AE-16d,s42,low,31,2.22
ppo,queue-AE-16d,s42,low,32,1.29
ppo,queue-AE-16d,s42,low,33,1.96
ppo,queue-AE-16d,s42,low,34,1.69
ppo,queue-AE-16d,s42,low,35,1.2
ppo,queue-AE-16d,s42,low,36,0.89
ppo,queue-AE-16d,s42,low,37,1.27
ppo,queue-AE-16d,s42,low,38,1.18
ppo,queue-AE-16d,s42,low,39,1.58
ppo,queue-AE-16d,s42,low,40,1.49
ppo,queue-AE-16d,s42,low,41,1.67
ppo,queue-AE-16d,s42,low,42,1.49
ppo,queue-AE-16d,s42,low,43,1.36
ppo,queue-AE-16d,s42,low,44,1.84
ppo,queue-AE-16d,s42,low,45,1.2
ppo,queue-AE-16d,s42,high,1,5.89
ppo,queue-AE-16d,s42,high,2,10.02
ppo,queue-AE-16d,s42,high,3,23.02
ppo,queue-AE-16d,s42,high,4,23.78
ppo,queue-AE-16d,s42,high,5,16.56
ppo,queue-AE-16d,s42,high,6,14.16
ppo,queue-AE-16d,s42,high,7,14.07
ppo,queue-AE-16d,s42,high,8,16.2
ppo,queue-AE-16d,s42,high,9,14.33
ppo,queue-AE-16d,s42,high,10,14.6
ppo,queue-AE-16d,s42,high,11,12.76
ppo,queue-AE-16d,s42,high,12,12.93
ppo,queue-AE-16d,s42,high,13,14.02
ppo,queue-AE-16d,s42,high,14,13.76
ppo,queue-AE-16d,s42,high,15,11.73
ppo,queue-AE-16d,s42,high,16,13.07
ppo,queue-AE-16d,s42,high,17,12.98
ppo,queue-AE-16d,s42,high,18,12.0
ppo,queue-AE-16d,s42,high,19,12.22
ppo,queue-AE-16d,s42,high,20,13.07
ppo,queue-AE-16d,s42,high,21,12.89
ppo,queue-AE-16d,s42,high,22,10.71
ppo,queue-AE-16d,s42,high,23,10.6
ppo,queue-AE-16d,s42,high,24,10.82
ppo,queue-AE-16d,s42,high,25,9.98
ppo,queue-AE-16d,s42,high,26,12.33
ppo,queue-AE-16d,s42,high,27,14.11
ppo,queue-AE-16d,s42,high,28,8.96
ppo,queue-AE-16d,s42,high,29,9.71
ppo,queue-AE-16d,s42,high,30,9.67
ppo,queue-AE-16d,s42,high,31,8.4
ppo,queue-AE-16d,s42,high,32,9.29
ppo,queue-AE-16d,s42,high,33,10.64
ppo,queue-AE-16d,s42,high,34,10.87
ppo,queue-AE-16d,s42,high,35,9.24
ppo,queue-AE-16d,s42,high,36,11.38
ppo,queue-AE-16d,s42,high,37,10.02
ppo,queue-AE-16d,s42,high,38,10.96
ppo,queue-AE-16d,s42,high,39,7.24
ppo,queue-AE-16d,s42,high,40,8.4
ppo,queue-AE-16d,s42,high,41,8.49
ppo,queue-AE-16d,s42,high,42,7.87
ppo,queue-AE-16d,s42,high,43,9.44
ppo,queue-AE-16d,s42,high,44,12.42
ppo,queue-AE-16d,s42,high,45,13.2
ppo,queue-AE-16d,s777,high,1,5.56
ppo,queue-AE-16d,s777,high,2,8.44
ppo,queue-AE-16d,s777,high,3,8.82
ppo,queue-AE-16d,s777,high,4,8.38
ppo,queue-AE-16d,s777,high,5,9.13
ppo,queue-AE-16d,s777,high,6,10.29
ppo,queue-AE-16d,s777,high,7,13.2
ppo,queue-AE-16d,s777,high,8,13.07
ppo,queue-AE-16d,s777,high,9,12.51
ppo,queue-AE-16d,s777,high,10,9.67
ppo,queue-AE-16d,s777,high,11,9.78
ppo,queue-AE-16d,s777,high,12,10.58
ppo,queue-AE-16d,s777,high,13,9.27
ppo,queue-AE-16d,s777,high,14,10.02
ppo,queue-AE-16d,s777,high,15,8.93
ppo,queue-AE-16d,s777,high,16,8.71
ppo,queue-AE-16d,s777,high,17,8.04
ppo,queue-AE-16d,s777,high,18,7.82
ppo,queue-AE-16d,s777,high,19,7.62
ppo,queue-AE-16d,s777,high,20,9.93
ppo,queue-AE-16d,s777,high,21,10.4
ppo,queue-AE-16d,s777,high,22,11.29
ppo,queue-AE-16d,s777,high,23,10.69
ppo,queue-AE-16d,s777,high,24,8.2
ppo,queue-AE-16d,s777,high,25,7.98
ppo,queue-AE-16d,s777,high,26,8.78
ppo,queue-AE-16d,s777,high,27,11.58
ppo,queue-AE-16d,s777,high,28,10.56
ppo,queue-AE-16d,s777,high,29,9.09
ppo,queue-AE-16d,s777,high,30,7.0
ppo,queue-AE-16d,s777,high,31,8.38
ppo,queue-AE-16d,s777,high,32,8.42
ppo,queue-AE-16d,s777,high,33,9.93
ppo,queue-AE-16d,s777,high,34,10.11
ppo,queue-AE-16d,s777,high,35,9.38
ppo,queue-AE-16d,s777,high,36,12.04
ppo,queue-AE-16d,s777,high,37,7.67
ppo,queue-AE-16d,s777,high,38,7.4
ppo,queue-AE-16d,s777,high,39,6.87
ppo,queue-AE-16d,s777,high,40,9.8
ppo,queue-AE-16d,s777,high,41,8.91
ppo,queue-AE-16d,s777,high,42,7.98
ppo,queue-AE-16d,s777,high,43,10.69
ppo,queue-AE-16d,s777,high,44,9.8
ppo,queue-AE-16d,s777,high,45,10.5
ppo,queue-AE-16d,s777,low,1,1.67
ppo,queue-AE-16d,s777,low,2,1.44
ppo,queue-AE-16d,s777,low,3,2.07
ppo,queue-AE-16d,s777,low,4,2.11
ppo,queue-AE-16d,s777,low,5,1.27
ppo,queue-AE-16d,s777,low,6,1.93
ppo,queue-AE-16d,s777,low,7,2.4
ppo,queue-AE-16d,s777,low,8,2.31
ppo,queue-AE-16d,s777,low,9,2.22
ppo,queue-AE-16d,s777,low,10,1.24
ppo,queue-AE-16d,s777,low,11,1.58
ppo,queue-AE-16d,s777,low,12,2.02
ppo,queue-AE-16d,s777,low,13,2.22
ppo,queue-AE-16d,s777,low,14,2.09
ppo,queue-AE-16d,s777,low,15,2.56
ppo,queue-AE-16d,s777,low,16,1.31
ppo,queue-AE-16d,s777,low,17,1.71
ppo,queue-AE-16d,s777,low,18,2.6
ppo,queue-AE-16d,s777,low,19,1.29
ppo,queue-AE-16d,s777,low,20,2.18
ppo,queue-AE-16d,s777,low,21,1.93
ppo,queue-AE-16d,s777,low,22,1.36
ppo,queue-AE-16d,s777,low,23,2.47
ppo,queue-AE-16d,s777,low,24,2.24
ppo,queue-AE-16d,s777,low,25,1.24
ppo,queue-AE-16d,s777,low,26,1.87
ppo,queue-AE-16d,s777,low,27,1.36
ppo,queue-AE-16d,s777,low,28,1.49
ppo,queue-AE-16d,s777,low,29,1.73
ppo,queue-AE-16d,s777,low,30,2.22
ppo,queue-AE-16d,s777,low,31,1.56
ppo,queue-AE-16d,s777,low,32,1.47
ppo,queue-AE-16d,s777,low,33,1.29
ppo,queue-AE-16d,s777,low,34,2.04
ppo,queue-AE-16d,s777,low,35,2.33
ppo,queue-AE-16d,s777,low,36,2.07
ppo,queue-AE-16d,s777,low,37,2.27
ppo,queue-AE-16d,s777,low,38,2.0
ppo,queue-AE-16d,s777,low,39,1.82
ppo,queue-AE-16d,s777,low,40,1.73
ppo,queue-AE-16d,s777,low,41,1.73
ppo,queue-AE-16d,s777,low,42,2.0
ppo,queue-AE-16d,s777,low,43,1.29
ppo,queue-AE-16d,s777,low,44,2.49
ppo,queue-AE-16d,s777,low,45,1.9
ppo,queue-AE-16d,s777,medium,1,2.78
ppo,queue-AE-16d,s777,medium,2,4.69
ppo,queue-AE-16d,s777,medium,3,3.13
ppo,queue-AE-16d,s777,medium,4,3.18
ppo,queue-AE-16d,s777,medium,5,2.04
ppo,queue-AE-16d,s777,medium,6,2.0
ppo,queue-AE-16d,s777,medium,7,4.42
ppo,queue-AE-16d,s777,medium,8,3.62
ppo,queue-AE-16d,s777,medium,9,3.29
ppo,queue-AE-16d,s777,medium,10,2.22
ppo,queue-AE-16d,s777,medium,11,3.18
ppo,queue-AE-16d,s777,medium,12,2.96
ppo,queue-AE-16d,s777,medium,13,2.2
ppo,queue-AE-16d,s777,medium,14,3.8
ppo,queue-AE-16d,s777,medium,15,2.64
ppo,queue-AE-16d,s777,medium,16,3.04
ppo,queue-AE-16d,s777,medium,17,3.51
ppo,queue-AE-16d,s777,medium,18,3.73
ppo,queue-AE-16d,s777,medium,19,2.96
ppo,queue-AE-16d,s777,medium,20,3.62
ppo,queue-AE-16d,s777,medium,21,2.67
ppo,queue-AE-16d,s777,medium,22,3.91
ppo,queue-AE-16d,s777,medium,23,3.36
ppo,queue-AE-16d,s777,medium,24,3.44
ppo,queue-AE-16d,s777,medium,25,2.84
ppo,queue-AE-16d,s777,medium,26,4.27
ppo,queue-AE-16d,s777,medium,27,3.16
ppo,queue-AE-16d,s777,medium,28,3.47
ppo,queue-AE-16d,s777,medium,29,2.02
ppo,queue-AE-16d,s777,medium,30,3.89
ppo,queue-AE-16d,s777,medium,31,4.16
ppo,queue-AE-16d,s777,medium,32,3.89
ppo,queue-AE-16d,s777,medium,33,3.98
ppo,queue-AE-16d,s777,medium,34,2.91
ppo,queue-AE-16d,s777,medium,35,2.87
ppo,queue-AE-16d,s777,medium,36,2.33
ppo,queue-AE-16d,s777,medium,37,2.18
ppo,queue-AE-16d,s777,medium,38,3.56
ppo,queue-AE-16d,s777,medium,39,2.4
ppo,queue-AE-16d,s777,medium,40,2.98
ppo,queue-AE-16d,s777,medium,41,2.89
ppo,queue-AE-16d,s777,medium,42,2.62
ppo,queue-AE-16d,s777,medium,43,3.4
ppo,queue-AE-16d,s777,medium,44,3.62
ppo,queue-AE-16d,s777,medium,45,4.0
ppo,queue-AE-16d,s123,high,1,5.84
ppo,queue-AE-16d,s123,high,2,8.56
ppo,queue-AE-16d,s123,high,3,13.09
ppo,queue-AE-16d,s123,high,4,11.58
ppo,queue-AE-16d,s123,high,5,12.47
ppo,queue-AE-16d,s123,high,6,16.16
ppo,queue-AE-16d,s123,high,7,17.64
ppo,queue-AE-16d,s123,high,8,21.38
ppo,queue-AE-16d,s123,high,9,26.18
ppo,queue-AE-16d,s123,high,10,27.56
ppo,queue-AE-16d,s123,high,11,28.36
ppo,queue-AE-16d,s123,high,12,29.96
ppo,queue-AE-16d,s123,high,13,27.31
ppo,queue-AE-16d,s123,high,14,35.62
ppo,queue-AE-16d,s123,high,15,31.47
ppo,queue-AE-16d,s123,high,16,35.29
ppo,queue-AE-16d,s123,high,17,39.51
ppo,queue-AE-16d,s123,high,18,42.27
ppo,queue-AE-16d,s123,high,19,42.89
ppo,queue-AE-16d,s123,high,20,43.29
ppo,queue-AE-16d,s123,high,21,51.96
ppo,queue-AE-16d,s123,high,22,63.16
ppo,queue-AE-16d,s123,high,23,65.53
ppo,queue-AE-16d,s123,high,24,65.0
ppo,queue-AE-16d,s123,high,25,69.31
ppo,queue-AE-16d,s123,high,26,77.89
ppo,queue-AE-16d,s123,high,27,97.0
ppo,queue-AE-16d,s123,high,28,109.62
ppo,queue-AE-16d,s123,high,29,142.07
ppo,queue-AE-16d,s123,high,30,204.73
ppo,queue-AE-16d,s123,high,31,249.84
ppo,queue-AE-16d,s123,high,32,293.62
ppo,queue-AE-16d,s123,high,33,337.22
ppo,queue-AE-16d,s123,high,34,377.44
ppo,queue-AE-16d,s123,high,35,412.56
ppo,queue-AE-16d,s123,high,36,448.78
ppo,queue-AE-16d,s123,high,37,480.36
ppo,queue-AE-16d,s123,high,38,505.29
ppo,queue-AE-16d,s123,high,39,534.4
ppo,queue-AE-16d,s123,high,40,552.58
ppo,queue-AE-16d,s123,high,41,559.36
ppo,queue-AE-16d,s123,high,42,566.82
ppo,queue-AE-16d,s123,high,43,572.42
ppo,queue-AE-16d,s123,high,44,578.82
ppo,queue-AE-16d,s123,high,45,584.9
ppo,queue-AE-19d,s123,low,1,1.76
ppo,queue-AE-19d,s123,low,2,1.84
ppo,queue-AE-19d,s123,low,3,1.87
ppo,queue-AE-19d,s123,low,4,2.13
ppo,queue-AE-19d,s123,low,5,1.98
ppo,queue-AE-19d,s123,low,6,2.2
ppo,queue-AE-19d,s123,low,7,1.91
ppo,queue-AE-19d,s123,low,8,2.31
ppo,queue-AE-19d,s123,low,9,2.47
ppo,queue-AE-19d,s123,low,10,1.84
ppo,queue-AE-19d,s123,low,11,2.0
ppo,queue-AE-19d,s123,low,12,1.87
ppo,queue-AE-19d,s123,low,13,2.2
ppo,queue-AE-19d,s123,low,14,1.93
ppo,queue-AE-19d,s123,low,15,2.82
ppo,queue-AE-19d,s123,low,16,3.22
ppo,queue-AE-19d,s123,low,17,1.53
ppo,queue-AE-19d,s123,low,18,2.6
ppo,queue-AE-19d,s123,low,19,2.24
ppo,queue-AE-19d,s123,low,20,1.53
ppo,queue-AE-19d,s123,low,21,1.09
ppo,queue-AE-19d,s123,low,22,1.93
ppo,queue-AE-19d,s123,low,23,2.53
ppo,queue-AE-19d,s123,low,24,2.89
ppo,queue-AE-19d,s123,low,25,2.04
ppo,queue-AE-19d,s123,low,26,1.73
ppo,queue-AE-19d,s123,low,27,1.82
ppo,queue-AE-19d,s123,low,28,2.36
ppo,queue-AE-19d,s123,low,29,2.07
ppo,queue-AE-19d,s123,low,30,2.38
ppo,queue-AE-19d,s123,low,31,2.49
ppo,queue-AE-19d,s123,low,32,1.11
ppo,queue-AE-19d,s123,low,33,1.76
ppo,queue-AE-19d,s123,low,34,2.91
ppo,queue-AE-19d,s123,low,35,2.67
ppo,queue-AE-19d,s123,low,36,2.76
ppo,queue-AE-19d,s123,low,37,1.87
ppo,queue-AE-19d,s123,low,38,1.96
ppo,queue-AE-19d,s123,low,39,1.27
ppo,queue-AE-19d,s123,low,40,1.98
ppo,queue-AE-19d,s123,low,41,1.82
ppo,queue-AE-19d,s123,low,42,1.69
ppo,queue-AE-19d,s123,low,43,2.58
ppo,queue-AE-19d,s123,low,44,1.91
ppo,queue-AE-19d,s123,low,45,2.9
ppo,queue-AE-19d,s123,medium,1,2.87
ppo,queue-AE-19d,s123,medium,2,3.22
ppo,queue-AE-19d,s123,medium,3,4.18
ppo,queue-AE-19d,s123,medium,4,3.42
ppo,queue-AE-19d,s123,medium,5,3.73
ppo,queue-AE-19d,s123,medium,6,3.6
ppo,queue-AE-19d,s123,medium,7,3.62
ppo,queue-AE-19d,s123,medium,8,4.29
ppo,queue-AE-19d,s123,medium,9,3.2
ppo,queue-AE-19d,s123,medium,10,2.93
ppo,queue-AE-19d,s123,medium,11,4.62
ppo,queue-AE-19d,s123,medium,12,3.6
ppo,queue-AE-19d,s123,medium,13,4.62
ppo,queue-AE-19d,s123,medium,14,3.87
ppo,queue-AE-19d,s123,medium,15,2.78
ppo,queue-AE-19d,s123,medium,16,2.42
ppo,queue-AE-19d,s123,medium,17,3.04
ppo,queue-AE-19d,s123,medium,18,2.69
ppo,queue-AE-19d,s123,medium,19,3.29
ppo,queue-AE-19d,s123,medium,20,3.02
ppo,queue-AE-19d,s123,medium,21,2.69
ppo,queue-AE-19d,s123,medium,22,4.73
ppo,queue-AE-19d,s123,medium,23,4.11
ppo,queue-AE-19d,s123,medium,24,3.67
ppo,queue-AE-19d,s123,medium,25,3.6
ppo,queue-AE-19d,s123,medium,26,3.56
ppo,queue-AE-19d,s123,medium,27,3.0
ppo,queue-AE-19d,s123,medium,28,2.82
ppo,queue-AE-19d,s123,medium,29,2.73
ppo,queue-AE-19d,s123,medium,30,3.62
ppo,queue-AE-19d,s123,medium,31,4.71
ppo,queue-AE-19d,s123,medium,32,4.53
ppo,queue-AE-19d,s123,medium,33,4.33
ppo,queue-AE-19d,s123,medium,34,3.36
ppo,queue-AE-19d,s123,medium,35,3.13
ppo,queue-AE-19d,s123,medium,36,3.36
ppo,queue-AE-19d,s123,medium,37,2.8
ppo,queue-AE-19d,s123,medium,38,3.91
ppo,queue-AE-19d,s123,medium,39,2.89
ppo,queue-AE-19d,s123,medium,40,3.24
ppo,queue-AE-19d,s123,medium,41,3.6
ppo,queue-AE-19d,s123,medium,42,3.6
ppo,queue-AE-19d,s123,medium,43,3.62
ppo,queue-AE-19d,s123,medium,44,3.62
ppo,queue-AE-19d,s123,medium,45,2.9
ppo,queue-AE-19d,s123,high,1,6.11
ppo,queue-AE-19d,s123,high,2,7.18
ppo,queue-AE-19d,s123,high,3,9.91
ppo,queue-AE-19d,s123,high,4,8.76
ppo,queue-AE-19d,s123,high,5,9.49
ppo,queue-AE-19d,s123,high,6,11.31
ppo,queue-AE-19d,s123,high,7,10.51
ppo,queue-AE-19d,s123,high,8,11.53
ppo,queue-AE-19d,s123,high,9,10.33
ppo,queue-AE-19d,s123,high,10,10.51
ppo,queue-AE-19d,s123,high,11,12.02
ppo,queue-AE-19d,s123,high,12,11.09
ppo,queue-AE-19d,s123,high,13,9.82
ppo,queue-AE-19d,s123,high,14,10.18
ppo,queue-AE-19d,s123,high,15,10.47
ppo,queue-AE-19d,s123,high,16,9.8
ppo,queue-AE-19d,s123,high,17,9.42
ppo,queue-AE-19d,s123,high,18,10.04
ppo,queue-AE-19d,s123,high,19,9.27
ppo,queue-AE-19d,s123,high,20,8.29
ppo,queue-AE-19d,s123,high,21,8.36
ppo,queue-AE-19d,s123,high,22,11.07
ppo,queue-AE-19d,s123,high,23,9.02
ppo,queue-AE-19d,s123,high,24,7.96
ppo,queue-AE-19d,s123,high,25,8.13
ppo,queue-AE-19d,s123,high,26,7.33
ppo,queue-AE-19d,s123,high,27,11.82
ppo,queue-AE-19d,s123,high,28,11.2
ppo,queue-AE-19d,s123,high,29,8.82
ppo,queue-AE-19d,s123,high,30,6.56
ppo,queue-AE-19d,s123,high,31,7.07
ppo,queue-AE-19d,s123,high,32,9.38
ppo,queue-AE-19d,s123,high,33,12.42
ppo,queue-AE-19d,s123,high,34,10.24
ppo,queue-AE-19d,s123,high,35,8.82
ppo,queue-AE-19d,s123,high,36,9.13
ppo,queue-AE-19d,s123,high,37,9.89
ppo,queue-AE-19d,s123,high,38,9.8
ppo,queue-AE-19d,s123,high,39,8.44
ppo,queue-AE-19d,s123,high,40,9.47
ppo,queue-AE-19d,s123,high,41,8.73
ppo,queue-AE-19d,s123,high,42,10.51
ppo,queue-AE-19d,s123,high,43,10.13
ppo,queue-AE-19d,s123,high,44,10.22
ppo,queue-AE-19d,s123,high,45,8.9
ppo,queue-AE-19d,s42,low,1,1.09
ppo,queue-AE-19d,s42,low,2,1.04
ppo,queue-AE-19d,s42,low,3,1.31
ppo,queue-AE-19d,s42,low,4,1.71
ppo,queue-AE-19d,s42,low,5,1.36
ppo,queue-AE-19d,s42,low,6,1.76
ppo,queue-AE-19d,s42,low,7,2.07
ppo,queue-AE-19d,s42,low,8,1.98
ppo,queue-AE-19d,s42,low,9,1.98
ppo,queue-AE-19d,s42,low,10,2.16
ppo,queue-AE-19d,s42,low,11,1.51
ppo,queue-AE-19d,s42,low,12,1.11
ppo,queue-AE-19d,s42,low,13,1.71
ppo,queue-AE-19d,s42,low,14,2.24
ppo,queue-AE-19d,s42,low,15,2.38
ppo,queue-AE-19d,s42,low,16,1.98
ppo,queue-AE-19d,s42,low,17,1.87
ppo,queue-AE-19d,s42,low,18,1.51
ppo,queue-AE-19d,s42,low,19,1.64
ppo,queue-AE-19d,s42,low,20,2.4
ppo,queue-AE-19d,s42,low,21,2.04
ppo,queue-AE-19d,s42,low,22,1.42
ppo,queue-AE-19d,s42,low,23,1.4
ppo,queue-AE-19d,s42,low,24,1.49
ppo,queue-AE-19d,s42,low,25,1.64
ppo,queue-AE-19d,s42,low,26,1.6
ppo,queue-AE-19d,s42,low,27,1.44
ppo,queue-AE-19d,s42,low,28,3.09
ppo,queue-AE-19d,s42,low,29,2.24
ppo,queue-AE-19d,s42,low,30,1.76
ppo,queue-AE-19d,s42,low,31,2.27
ppo,queue-AE-19d,s42,low,32,1.6
ppo,queue-AE-19d,s42,low,33,1.71
ppo,queue-AE-19d,s42,low,34,1.84
ppo,queue-AE-19d,s42,low,35,2.0
ppo,queue-AE-19d,s42,low,36,1.87
ppo,queue-AE-19d,s42,low,37,2.02
ppo,queue-AE-19d,s42,low,38,1.49
ppo,queue-AE-19d,s42,low,39,1.73
ppo,queue-AE-19d,s42,low,40,1.38
ppo,queue-AE-19d,s42,low,41,1.58
ppo,queue-AE-19d,s42,low,42,1.44
ppo,queue-AE-19d,s42,low,43,2.22
ppo,queue-AE-19d,s42,low,44,1.6
ppo,queue-AE-19d,s42,low,45,1.8
ppo,queue-AE-19d,s42,medium,1,2.67
ppo,queue-AE-19d,s42,medium,2,2.93
ppo,queue-AE-19d,s42,medium,3,2.2
ppo,queue-AE-19d,s42,medium,4,3.4
ppo,queue-AE-19d,s42,medium,5,2.49
ppo,queue-AE-19d,s42,medium,6,3.64
ppo,queue-AE-19d,s42,medium,7,3.44
ppo,queue-AE-19d,s42,medium,8,3.27
ppo,queue-AE-19d,s42,medium,9,2.82
ppo,queue-AE-19d,s42,medium,10,2.78
ppo,queue-AE-19d,s42,medium,11,2.98
ppo,queue-AE-19d,s42,medium,12,2.76
ppo,queue-AE-19d,s42,medium,13,3.07
ppo,queue-AE-19d,s42,medium,14,2.44
ppo,queue-AE-19d,s42,medium,15,3.71
ppo,queue-AE-19d,s42,medium,16,3.4
ppo,queue-AE-19d,s42,medium,17,3.16
ppo,queue-AE-19d,s42,medium,18,2.58
ppo,queue-AE-19d,s42,medium,19,2.36
ppo,queue-AE-19d,s42,medium,20,2.76
ppo,queue-AE-19d,s42,medium,21,1.96
ppo,queue-AE-19d,s42,medium,22,3.42
ppo,queue-AE-19d,s42,medium,23,2.87
ppo,queue-AE-19d,s42,medium,24,2.16
ppo,queue-AE-19d,s42,medium,25,2.8
ppo,queue-AE-19d,s42,medium,26,3.6
ppo,queue-AE-19d,s42,medium,27,2.67
ppo,queue-AE-19d,s42,medium,28,3.82
ppo,queue-AE-19d,s42,medium,29,2.91
ppo,queue-AE-19d,s42,medium,30,1.93
ppo,queue-AE-19d,s42,medium,31,2.67
ppo,queue-AE-19d,s42,medium,32,3.56
ppo,queue-AE-19d,s42,medium,33,2.91
ppo,queue-AE-19d,s42,medium,34,2.51
ppo,queue-AE-19d,s42,medium,35,3.0
ppo,queue-AE-19d,s42,medium,36,3.58
ppo,queue-AE-19d,s42,medium,37,2.73
ppo,queue-AE-19d,s42,medium,38,2.64
ppo,queue-AE-19d,s42,medium,39,3.04
ppo,queue-AE-19d,s42,medium,40,2.47
ppo,queue-AE-19d,s42,medium,41,2.78
ppo,queue-AE-19d,s42,medium,42,3.0
ppo,queue-AE-19d,s42,medium,43,3.24
ppo,queue-AE-19d,s42,medium,44,4.22
ppo,queue-AE-19d,s42,medium,45,2.9
ppo,queue-AE-19d,s42,high,1,5.51
ppo,queue-AE-19d,s42,high,2,8.71
ppo,queue-AE-19d,s42,high,3,7.73
ppo,queue-AE-19d,s42,high,4,8.09
ppo,queue-AE-19d,s42,high,5,9.13
ppo,queue-AE-19d,s42,high,6,8.38
ppo,queue-AE-19d,s42,high,7,10.6
ppo,queue-AE-19d,s42,high,8,14.96
ppo,queue-AE-19d,s42,high,9,12.69
ppo,queue-AE-19d,s42,high,10,11.67
ppo,queue-AE-19d,s42,high,11,9.47
ppo,queue-AE-19d,s42,high,12,9.87
ppo,queue-AE-19d,s42,high,13,9.64
ppo,queue-AE-19d,s42,high,14,10.4
ppo,queue-AE-19d,s42,high,15,8.24
ppo,queue-AE-19d,s42,high,16,9.58
ppo,queue-AE-19d,s42,high,17,10.91
ppo,queue-AE-19d,s42,high,18,9.18
ppo,queue-AE-19d,s42,high,19,9.31
ppo,queue-AE-19d,s42,high,20,8.51
ppo,queue-AE-19d,s42,high,21,9.16
ppo,queue-AE-19d,s42,high,22,8.18
ppo,queue-AE-19d,s42,high,23,7.67
ppo,queue-AE-19d,s42,high,24,7.36
ppo,queue-AE-19d,s42,high,25,7.53
ppo,queue-AE-19d,s42,high,26,11.13
ppo,queue-AE-19d,s42,high,27,11.64
ppo,queue-AE-19d,s42,high,28,8.13
ppo,queue-AE-19d,s42,high,29,8.16
ppo,queue-AE-19d,s42,high,30,7.13
ppo,queue-AE-19d,s42,high,31,6.87
ppo,queue-AE-19d,s42,high,32,8.33
ppo,queue-AE-19d,s42,high,33,10.6
ppo,queue-AE-19d,s42,high,34,9.8
ppo,queue-AE-19d,s42,high,35,7.91
ppo,queue-AE-19d,s42,high,36,10.13
ppo,queue-AE-19d,s42,high,37,8.91
ppo,queue-AE-19d,s42,high,38,8.56
ppo,queue-AE-19d,s42,high,39,6.22
ppo,queue-AE-19d,s42,high,40,7.42
ppo,queue-AE-19d,s42,high,41,6.51
ppo,queue-AE-19d,s42,high,42,7.0
ppo,queue-AE-19d,s42,high,43,10.27
ppo,queue-AE-19d,s42,high,44,10.76
ppo,queue-AE-19d,s42,high,45,12.5
ppo,queue-AE-19d,s777,low,1,1.87
ppo,queue-AE-19d,s777,low,2,1.16
ppo,queue-AE-19d,s777,low,3,2.04
ppo,queue-AE-19d,s777,low,4,2.71
ppo,queue-AE-19d,s777,low,5,1.84
ppo,queue-AE-19d,s777,low,6,1.98
ppo,queue-AE-19d,s777,low,7,2.16
ppo,queue-AE-19d,s777,low,8,3.04
ppo,queue-AE-19d,s777,low,9,2.02
ppo,queue-AE-19d,s777,low,10,2.82
ppo,queue-AE-19d,s777,low,11,2.18
ppo,queue-AE-19d,s777,low,12,1.69
ppo,queue-AE-19d,s777,low,13,1.78
ppo,queue-AE-19d,s777,low,14,2.18
ppo,queue-AE-19d,s777,low,15,2.87
ppo,queue-AE-19d,s777,low,16,2.56
ppo,queue-AE-19d,s777,low,17,2.07
ppo,queue-AE-19d,s777,low,18,2.87
ppo,queue-AE-19d,s777,low,19,2.6
ppo,queue-AE-19d,s777,low,20,1.98
ppo,queue-AE-19d,s777,low,21,1.91
ppo,queue-AE-19d,s777,low,22,2.13
ppo,queue-AE-19d,s777,low,23,2.13
ppo,queue-AE-19d,s777,low,24,2.22
ppo,queue-AE-19d,s777,low,25,1.49
ppo,queue-AE-19d,s777,low,26,2.47
ppo,queue-AE-19d,s777,low,27,2.62
ppo,queue-AE-19d,s777,low,28,3.51
ppo,queue-AE-19d,s777,low,29,2.11
ppo,queue-AE-19d,s777,low,30,2.56
ppo,queue-AE-19d,s777,low,31,3.0
ppo,queue-AE-19d,s777,low,32,1.53
ppo,queue-AE-19d,s777,low,33,1.93
ppo,queue-AE-19d,s777,low,34,3.13
ppo,queue-AE-19d,s777,low,35,3.13
ppo,queue-AE-19d,s777,low,36,2.78
ppo,queue-AE-19d,s777,low,37,1.93
ppo,queue-AE-19d,s777,low,38,1.58
ppo,queue-AE-19d,s777,low,39,2.58
ppo,queue-AE-19d,s777,low,40,1.47
ppo,queue-AE-19d,s777,low,41,2.36
ppo,queue-AE-19d,s777,low,42,2.89
ppo,queue-AE-19d,s777,low,43,3.09
ppo,queue-AE-19d,s777,low,44,2.69
ppo,queue-AE-19d,s777,low,45,2.6
ppo,queue-AE-19d,s777,medium,1,2.96
ppo,queue-AE-19d,s777,medium,2,4.33
ppo,queue-AE-19d,s777,medium,3,3.71
ppo,queue-AE-19d,s777,medium,4,4.56
ppo,queue-AE-19d,s777,medium,5,3.07
ppo,queue-AE-19d,s777,medium,6,4.53
ppo,queue-AE-19d,s777,medium,7,5.8
ppo,queue-AE-19d,s777,medium,8,5.09
ppo,queue-AE-19d,s777,medium,9,3.91
ppo,queue-AE-19d,s777,medium,10,2.76
ppo,queue-AE-19d,s777,medium,11,4.87
ppo,queue-AE-19d,s777,medium,12,4.47
ppo,queue-AE-19d,s777,medium,13,4.8
ppo,queue-AE-19d,s777,medium,14,4.44
ppo,queue-AE-19d,s777,medium,15,4.73
ppo,queue-AE-19d,s777,medium,16,3.49
ppo,queue-AE-19d,s777,medium,17,3.51
ppo,queue-AE-19d,s777,medium,18,4.09
ppo,queue-AE-19d,s777,medium,19,3.0
ppo,queue-AE-19d,s777,medium,20,4.29
ppo,queue-AE-19d,s777,medium,21,2.67
ppo,queue-AE-19d,s777,medium,22,5.29
ppo,queue-AE-19d,s777,medium,23,3.89
ppo,queue-AE-19d,s777,medium,24,3.8
ppo,queue-AE-19d,s777,medium,25,4.22
ppo,queue-AE-19d,s777,medium,26,4.84
ppo,queue-AE-19d,s777,medium,27,4.56
ppo,queue-AE-19d,s777,medium,28,4.6
ppo,queue-AE-19d,s777,medium,29,4.18
ppo,queue-AE-19d,s777,medium,30,4.67
ppo,queue-AE-19d,s777,medium,31,5.16
ppo,queue-AE-19d,s777,medium,32,5.16
ppo,queue-AE-19d,s777,medium,33,4.8
ppo,queue-AE-19d,s777,medium,34,5.2
ppo,queue-AE-19d,s777,medium,35,3.36
ppo,queue-AE-19d,s777,medium,36,5.0
ppo,queue-AE-19d,s777,medium,37,3.6
ppo,queue-AE-19d,s777,medium,38,4.22
ppo,queue-AE-19d,s777,medium,39,4.24
ppo,queue-AE-19d,s777,medium,40,4.42
ppo,queue-AE-19d,s777,medium,41,3.42
ppo,queue-AE-19d,s777,medium,42,4.8
ppo,queue-AE-19d,s777,medium,43,4.2
ppo,queue-AE-19d,s777,medium,44,5.0
ppo,queue-AE-19d,s777,medium,45,3.9
ppo,queue-AE-32d,s123,low,1,1.82
ppo,queue-AE-32d,s123,low,2,1.56
ppo,queue-AE-32d,s123,low,3,1.13
ppo,queue-AE-32d,s123,low,4,1.18
ppo,queue-AE-32d,s123,low,5,1.6
ppo,queue-AE-32d,s123,low,6,2.4
ppo,queue-AE-32d,s123,low,7,2.44
ppo,queue-AE-32d,s123,low,8,1.87
ppo,queue-AE-32d,s123,low,9,2.02
ppo,queue-AE-32d,s123,low,10,1.36
ppo,queue-AE-32d,s123,low,11,1.91
ppo,queue-AE-32d,s123,low,12,1.51
ppo,queue-AE-32d,s123,low,13,1.09
ppo,queue-AE-32d,s123,low,14,1.89
ppo,queue-AE-32d,s123,low,15,1.71
ppo,queue-AE-32d,s123,low,16,2.16
ppo,queue-AE-32d,s123,low,17,1.64
ppo,queue-AE-32d,s123,low,18,2.13
ppo,queue-AE-32d,s123,low,19,1.36
ppo,queue-AE-32d,s123,low,20,2.24
ppo,queue-AE-32d,s123,low,21,1.38
ppo,queue-AE-32d,s123,low,22,1.07
ppo,queue-AE-32d,s123,low,23,1.42
ppo,queue-AE-32d,s123,low,24,1.47
ppo,queue-AE-32d,s123,low,25,2.04
ppo,queue-AE-32d,s123,low,26,1.96
ppo,queue-AE-32d,s123,low,27,2.02
ppo,queue-AE-32d,s123,low,28,1.67
ppo,queue-AE-32d,s123,low,29,2.02
ppo,queue-AE-32d,s123,low,30,2.56
ppo,queue-AE-32d,s123,low,31,1.22
ppo,queue-AE-32d,s123,low,32,1.53
ppo,queue-AE-32d,s123,low,33,1.2
ppo,queue-AE-32d,s123,low,34,1.96
ppo,queue-AE-32d,s123,low,35,1.58
ppo,queue-AE-32d,s123,low,36,1.71
ppo,queue-AE-32d,s123,low,37,1.8
ppo,queue-AE-32d,s123,low,38,1.53
ppo,queue-AE-32d,s123,low,39,1.29
ppo,queue-AE-32d,s123,low,40,1.82
ppo,queue-AE-32d,s123,low,41,1.62
ppo,queue-AE-32d,s123,low,42,2.02
ppo,queue-AE-32d,s123,low,43,2.02
ppo,queue-AE-32d,s123,low,44,2.64
ppo,queue-AE-32d,s123,low,45,1.6
ppo,queue-AE-32d,s123,medium,1,2.93
ppo,queue-AE-32d,s123,medium,2,3.42
ppo,queue-AE-32d,s123,medium,3,2.93
ppo,queue-AE-32d,s123,medium,4,3.2
ppo,queue-AE-32d,s123,medium,5,2.87
ppo,queue-AE-32d,s123,medium,6,3.13
ppo,queue-AE-32d,s123,medium,7,3.58
ppo,queue-AE-32d,s123,medium,8,3.76
ppo,queue-AE-32d,s123,medium,9,3.24
ppo,queue-AE-32d,s123,medium,10,2.22
ppo,queue-AE-32d,s123,medium,11,3.64
ppo,queue-AE-32d,s123,medium,12,3.42
ppo,queue-AE-32d,s123,medium,13,2.62
ppo,queue-AE-32d,s123,medium,14,3.87
ppo,queue-AE-32d,s123,medium,15,3.09
ppo,queue-AE-32d,s123,medium,16,3.04
ppo,queue-AE-32d,s123,medium,17,3.11
ppo,queue-AE-32d,s123,medium,18,3.02
ppo,queue-AE-32d,s123,medium,19,3.0
ppo,queue-AE-32d,s123,medium,20,4.11
ppo,queue-AE-32d,s123,medium,21,2.2
ppo,queue-AE-32d,s123,medium,22,3.49
ppo,queue-AE-32d,s123,medium,23,2.6
ppo,queue-AE-32d,s123,medium,24,3.31
ppo,queue-AE-32d,s123,medium,25,3.4
ppo,queue-AE-32d,s123,medium,26,4.33
ppo,queue-AE-32d,s123,medium,27,3.51
ppo,queue-AE-32d,s123,medium,28,2.89
ppo,queue-AE-32d,s123,medium,29,3.11
ppo,queue-AE-32d,s123,medium,30,3.11
ppo,queue-AE-32d,s123,medium,31,3.6
ppo,queue-AE-32d,s123,medium,32,3.07
ppo,queue-AE-32d,s123,medium,33,3.4
ppo,queue-AE-32d,s123,medium,34,2.24
ppo,queue-AE-32d,s123,medium,35,2.33
ppo,queue-AE-32d,s123,medium,36,2.56
ppo,queue-AE-32d,s123,medium,37,1.91
ppo,queue-AE-32d,s123,medium,38,3.6
ppo,queue-AE-32d,s123,medium,39,1.91
ppo,queue-AE-32d,s123,medium,40,3.2
ppo,queue-AE-32d,s123,medium,41,2.98
ppo,queue-AE-32d,s123,medium,42,3.38
ppo,queue-AE-32d,s123,medium,43,3.62
ppo,queue-AE-32d,s123,medium,44,4.56
ppo,queue-AE-32d,s123,medium,45,3.3
ppo,queue-AE-32d,s123,high,1,5.93
ppo,queue-AE-32d,s123,high,2,7.58
ppo,queue-AE-32d,s123,high,3,8.56
ppo,queue-AE-32d,s123,high,4,7.62
ppo,queue-AE-32d,s123,high,5,11.16
ppo,queue-AE-32d,s123,high,6,11.07
ppo,queue-AE-32d,s123,high,7,11.36
ppo,queue-AE-32d,s123,high,8,11.98
ppo,queue-AE-32d,s123,high,9,10.76
ppo,queue-AE-32d,s123,high,10,9.2
ppo,queue-AE-32d,s123,high,11,11.6
ppo,queue-AE-32d,s123,high,12,8.31
ppo,queue-AE-32d,s123,high,13,10.56
ppo,queue-AE-32d,s123,high,14,8.2
ppo,queue-AE-32d,s123,high,15,9.58
ppo,queue-AE-32d,s123,high,16,10.87
ppo,queue-AE-32d,s123,high,17,10.4
ppo,queue-AE-32d,s123,high,18,7.64
ppo,queue-AE-32d,s123,high,19,8.36
ppo,queue-AE-32d,s123,high,20,9.29
ppo,queue-AE-32d,s123,high,21,9.49
ppo,queue-AE-32d,s123,high,22,10.73
ppo,queue-AE-32d,s123,high,23,9.09
ppo,queue-AE-32d,s123,high,24,9.76
ppo,queue-AE-32d,s123,high,25,9.4
ppo,queue-AE-32d,s123,high,26,9.49
ppo,queue-AE-32d,s123,high,27,9.87
ppo,queue-AE-32d,s123,high,28,8.36
ppo,queue-AE-32d,s123,high,29,9.87
ppo,queue-AE-32d,s123,high,30,7.02
ppo,queue-AE-32d,s123,high,31,7.73
ppo,queue-AE-32d,s123,high,32,8.22
ppo,queue-AE-32d,s123,high,33,9.36
ppo,queue-AE-32d,s123,high,34,9.71
ppo,queue-AE-32d,s123,high,35,7.8
ppo,queue-AE-32d,s123,high,36,11.09
ppo,queue-AE-32d,s123,high,37,8.31
ppo,queue-AE-32d,s123,high,38,8.53
ppo,queue-AE-32d,s123,high,39,8.36
ppo,queue-AE-32d,s123,high,40,8.49
ppo,queue-AE-32d,s123,high,41,8.11
ppo,queue-AE-32d,s123,high,42,10.16
ppo,queue-AE-32d,s123,high,43,10.13
ppo,queue-AE-32d,s123,high,44,11.56
ppo,queue-AE-32d,s123,high,45,11.3
ppo,queue-AE-32d,s42,low,1,1.76
ppo,queue-AE-32d,s42,low,2,2.16
ppo,queue-AE-32d,s42,low,3,1.73
ppo,queue-AE-32d,s42,low,4,3.64
ppo,queue-AE-32d,s42,low,5,2.18
ppo,queue-AE-32d,s42,low,6,2.53
ppo,queue-AE-32d,s42,low,7,2.73
ppo,queue-AE-32d,s42,low,8,2.07
ppo,queue-AE-32d,s42,low,9,2.84
ppo,queue-AE-32d,s42,low,10,3.42
ppo,queue-AE-32d,s42,low,11,2.44
ppo,queue-AE-32d,s42,low,12,2.22
ppo,queue-AE-32d,s42,low,13,2.58
ppo,queue-AE-32d,s42,low,14,2.89
ppo,queue-AE-32d,s42,low,15,2.91
ppo,queue-AE-32d,s42,low,16,3.58
ppo,queue-AE-32d,s42,low,17,2.02
ppo,queue-AE-32d,s42,low,18,2.6
ppo,queue-AE-32d,s42,low,19,3.11
ppo,queue-AE-32d,s42,low,20,2.36
ppo,queue-AE-32d,s42,low,21,3.38
ppo,queue-AE-32d,s42,low,22,1.87
ppo,queue-AE-32d,s42,low,23,2.07
ppo,queue-AE-32d,s42,low,24,3.89
ppo,queue-AE-32d,s42,low,25,2.11
ppo,queue-AE-32d,s42,low,26,2.38
ppo,queue-AE-32d,s42,low,27,2.36
ppo,queue-AE-32d,s42,low,28,3.29
ppo,queue-AE-32d,s42,low,29,2.89
ppo,queue-AE-32d,s42,low,30,2.58
ppo,queue-AE-32d,s42,low,31,2.93
ppo,queue-AE-32d,s42,low,32,2.4
ppo,queue-AE-32d,s42,low,33,1.84
ppo,queue-AE-32d,s42,low,34,3.49
ppo,queue-AE-32d,s42,low,35,3.27
ppo,queue-AE-32d,s42,low,36,2.33
ppo,queue-AE-32d,s42,low,37,2.33
ppo,queue-AE-32d,s42,low,38,2.6
ppo,queue-AE-32d,s42,low,39,3.38
ppo,queue-AE-32d,s42,low,40,1.47
ppo,queue-AE-32d,s42,low,41,2.33
ppo,queue-AE-32d,s42,low,42,2.87
ppo,queue-AE-32d,s42,low,43,2.47
ppo,queue-AE-32d,s42,low,44,3.8
ppo,queue-AE-32d,s42,low,45,3.4
ppo,queue-AE-32d,s42,medium,1,2.8
ppo,queue-AE-32d,s42,medium,2,4.98
ppo,queue-AE-32d,s42,medium,3,5.58
ppo,queue-AE-32d,s42,medium,4,4.96
ppo,queue-AE-32d,s42,medium,5,4.53
ppo,queue-AE-32d,s42,medium,6,5.69
ppo,queue-AE-32d,s42,medium,7,6.42
ppo,queue-AE-32d,s42,medium,8,6.87
ppo,queue-AE-32d,s42,medium,9,5.2
ppo,queue-AE-32d,s42,medium,10,3.24
ppo,queue-AE-32d,s42,medium,11,5.38
ppo,queue-AE-32d,s42,medium,12,4.84
ppo,queue-AE-32d,s42,medium,13,4.42
ppo,queue-AE-32d,s42,medium,14,4.91
ppo,queue-AE-32d,s42,medium,15,4.69
ppo,queue-AE-32d,s42,medium,16,5.04
ppo,queue-AE-32d,s42,medium,17,4.67
ppo,queue-AE-32d,s42,medium,18,4.36
ppo,queue-AE-32d,s42,medium,19,4.47
ppo,queue-AE-32d,s42,medium,20,5.89
ppo,queue-AE-32d,s42,medium,21,4.47
ppo,queue-AE-32d,s42,medium,22,4.07
ppo,queue-AE-32d,s42,medium,23,4.98
ppo,queue-AE-32d,s42,medium,24,4.58
ppo,queue-AE-32d,s42,medium,25,6.13
ppo,queue-AE-32d,s42,medium,26,6.22
ppo,queue-AE-32d,s42,medium,27,5.04
ppo,queue-AE-32d,s42,medium,28,6.96
ppo,queue-AE-32d,s42,medium,29,6.07
ppo,queue-AE-32d,s42,medium,30,6.33
ppo,queue-AE-32d,s42,medium,31,7.0
ppo,queue-AE-32d,s42,medium,32,5.13
ppo,queue-AE-32d,s42,medium,33,6.47
ppo,queue-AE-32d,s42,medium,34,7.22
ppo,queue-AE-32d,s42,medium,35,4.87
ppo,queue-AE-32d,s42,medium,36,5.18
ppo,queue-AE-32d,s42,medium,37,3.27
ppo,queue-AE-32d,s42,medium,38,5.27
ppo,queue-AE-32d,s42,medium,39,5.93
ppo,queue-AE-32d,s42,medium,40,5.09
ppo,queue-AE-32d,s42,medium,41,4.33
ppo,queue-AE-32d,s42,medium,42,4.33
ppo,queue-AE-32d,s42,medium,43,5.33
ppo,queue-AE-32d,s42,medium,44,6.09
ppo,queue-AE-32d,s42,medium,45,3.8
ppo,queue-AE-32d,s777,low,1,1.67
ppo,queue-AE-32d,s777,low,2,1.13
ppo,queue-AE-32d,s777,low,3,1.16
ppo,queue-AE-32d,s777,low,4,1.6
ppo,queue-AE-32d,s777,low,5,1.4
ppo,queue-AE-32d,s777,low,6,1.49
ppo,queue-AE-32d,s777,low,7,2.42
ppo,queue-AE-32d,s777,low,8,1.93
ppo,queue-AE-32d,s777,low,9,1.69
ppo,queue-AE-32d,s777,low,10,2.13
ppo,queue-AE-32d,s777,low,11,1.56
ppo,queue-AE-32d,s777,low,12,1.02
ppo,queue-AE-32d,s777,low,13,1.8
ppo,queue-AE-32d,s777,low,14,2.33
ppo,queue-AE-32d,s777,low,15,2.16
ppo,queue-AE-32d,s777,low,16,2.42
ppo,queue-AE-32d,s777,low,17,1.69
ppo,queue-AE-32d,s777,low,18,1.42
ppo,queue-AE-32d,s777,low,19,1.71
ppo,queue-AE-32d,s777,low,20,1.89
ppo,queue-AE-32d,s777,low,21,1.82
ppo,queue-AE-32d,s777,low,22,1.82
ppo,queue-AE-32d,s777,low,23,1.4
ppo,queue-AE-32d,s777,low,24,1.49
ppo,queue-AE-32d,s777,low,25,1.62
ppo,queue-AE-32d,s777,low,26,1.49
ppo,queue-AE-32d,s777,low,27,1.42
ppo,queue-AE-32d,s777,low,28,2.71
ppo,queue-AE-32d,s777,low,29,2.07
ppo,queue-AE-32d,s777,low,30,1.89
ppo,queue-AE-32d,s777,low,31,1.76
ppo,queue-AE-32d,s777,low,32,1.22
ppo,queue-AE-32d,s777,low,33,2.16
ppo,queue-AE-32d,s777,low,34,1.93
ppo,queue-AE-32d,s777,low,35,1.51
ppo,queue-AE-32d,s777,low,36,1.69
ppo,queue-AE-32d,s777,low,37,1.73
ppo,queue-AE-32d,s777,low,38,1.6
ppo,queue-AE-32d,s777,low,39,1.6
ppo,queue-AE-32d,s777,low,40,1.29
ppo,queue-AE-32d,s777,low,41,1.49
ppo,queue-AE-32d,s777,low,42,1.84
ppo,queue-AE-32d,s777,low,43,1.87
ppo,queue-AE-32d,s777,low,44,1.56
ppo,queue-AE-32d,s777,low,45,1.5
ppo,queue-AE-32d,s777,medium,1,2.53
ppo,queue-AE-32d,s777,medium,2,2.98
ppo,queue-AE-32d,s777,medium,3,2.76
ppo,queue-AE-32d,s777,medium,4,3.33
ppo,queue-AE-32d,s777,medium,5,2.69
ppo,queue-AE-32d,s777,medium,6,3.49
ppo,queue-AE-32d,s777,medium,7,3.24
ppo,queue-AE-32d,s777,medium,8,3.24
ppo,queue-AE-32d,s777,medium,9,3.24
ppo,queue-AE-32d,s777,medium,10,2.84
ppo,queue-AE-32d,s777,medium,11,3.18
ppo,queue-AE-32d,s777,medium,12,3.0
ppo,queue-AE-32d,s777,medium,13,3.47
ppo,queue-AE-32d,s777,medium,14,3.11
ppo,queue-AE-32d,s777,medium,15,2.82
ppo,queue-AE-32d,s777,medium,16,2.64
ppo,queue-AE-32d,s777,medium,17,3.42
ppo,queue-AE-32d,s777,medium,18,2.93
ppo,queue-AE-32d,s777,medium,19,2.29
ppo,queue-AE-32d,s777,medium,20,2.96
ppo,queue-AE-32d,s777,medium,21,2.13
ppo,queue-AE-32d,s777,medium,22,3.91
ppo,queue-AE-32d,s777,medium,23,2.29
ppo,queue-AE-32d,s777,medium,24,1.93
ppo,queue-AE-32d,s777,medium,25,3.47
ppo,queue-AE-32d,s777,medium,26,3.47
ppo,queue-AE-32d,s777,medium,27,3.04
ppo,queue-AE-32d,s777,medium,28,3.44
ppo,queue-AE-32d,s777,medium,29,2.82
ppo,queue-AE-32d,s777,medium,30,2.73
ppo,queue-AE-32d,s777,medium,31,3.87
ppo,queue-AE-32d,s777,medium,32,3.6
ppo,queue-AE-32d,s777,medium,33,2.76
ppo,queue-AE-32d,s777,medium,34,2.31
ppo,queue-AE-32d,s777,medium,35,3.33
ppo,queue-AE-32d,s777,medium,36,4.09
ppo,queue-AE-32d,s777,medium,37,2.87
ppo,queue-AE-32d,s777,medium,38,2.47
ppo,queue-AE-32d,s777,medium,39,2.84
ppo,queue-AE-32d,s777,medium,40,3.02
ppo,queue-AE-32d,s777,medium,41,3.18
ppo,queue-AE-32d,s777,medium,42,3.0
ppo,queue-AE-32d,s777,medium,43,3.18
ppo,queue-AE-32d,s777,medium,44,4.2
ppo,queue-AE-32d,s777,medium,45,2.9
ppo,queue-AE-32d,s777,high,1,5.51
ppo,queue-AE-32d,s777,high,2,8.31
ppo,queue-AE-32d,s777,high,3,8.33
ppo,queue-AE-32d,s777,high,4,7.58
ppo,queue-AE-32d,s777,high,5,9.18
ppo,queue-AE-32d,s777,high,6,8.42
ppo,queue-AE-32d,s777,high,7,10.76
ppo,queue-AE-32d,s777,high,8,13.87
ppo,queue-AE-32d,s777,high,9,11.44
ppo,queue-AE-32d,s777,high,10,10.24
ppo,queue-AE-32d,s777,high,11,9.82
ppo,queue-AE-32d,s777,high,12,9.78
ppo,queue-AE-32d,s777,high,13,10.93
ppo,queue-AE-32d,s777,high,14,10.09
ppo,queue-AE-32d,s777,high,15,8.53
ppo,queue-AE-32d,s777,high,16,9.69
ppo,queue-AE-32d,s777,high,17,10.47
ppo,queue-AE-32d,s777,high,18,8.87
ppo,queue-AE-32d,s777,high,19,8.38
ppo,queue-AE-32d,s777,high,20,8.96
ppo,queue-AE-32d,s777,high,21,9.42
ppo,queue-AE-32d,s777,high,22,10.0
ppo,queue-AE-32d,s777,high,23,9.33
ppo,queue-AE-32d,s777,high,24,8.53
ppo,queue-AE-32d,s777,high,25,7.49
ppo,queue-AE-32d,s777,high,26,10.2
ppo,queue-AE-32d,s777,high,27,10.67
ppo,queue-AE-32d,s777,high,28,8.0
ppo,queue-AE-32d,s777,high,29,7.87
ppo,queue-AE-32d,s777,high,30,7.38
ppo,queue-AE-32d,s777,high,31,7.6
ppo,queue-AE-32d,s777,high,32,8.36
ppo,queue-AE-32d,s777,high,33,11.42
ppo,queue-AE-32d,s777,high,34,10.13
ppo,queue-AE-32d,s777,high,35,8.38
ppo,queue-AE-32d,s777,high,36,9.58
ppo,queue-AE-32d,s777,high,37,7.64
ppo,queue-AE-32d,s777,high,38,8.44
ppo,queue-AE-32d,s777,high,39,7.13
ppo,queue-AE-32d,s777,high,40,6.78
ppo,queue-AE-32d,s777,high,41,6.51
ppo,queue-AE-32d,s777,high,42,7.98
ppo,queue-AE-32d,s777,high,43,10.02
ppo,queue-AE-32d,s777,high,44,10.2
ppo,queue-AE-32d,s777,high,45,10.3
ppo,queue-AE-4d,s123,medium,1,2.67
ppo,queue-AE-4d,s123,medium,2,3.69
ppo,queue-AE-4d,s123,medium,3,2.91
ppo,queue-AE-4d,s123,medium,4,3.27
ppo,queue-AE-4d,s123,medium,5,2.71
ppo,queue-AE-4d,s123,medium,6,3.2
ppo,queue-AE-4d,s123,medium,7,3.02
ppo,queue-AE-4d,s123,medium,8,3.29
ppo,queue-AE-4d,s123,medium,9,4.78
ppo,queue-AE-4d,s123,medium,10,4.16
ppo,queue-AE-4d,s123,medium,11,3.11
ppo,queue-AE-4d,s123,medium,12,3.02
ppo,queue-AE-4d,s123,medium,13,3.76
ppo,queue-AE-4d,s123,medium,14,3.67
ppo,queue-AE-4d,s123,medium,15,4.27
ppo,queue-AE-4d,s123,medium,16,3.16
ppo,queue-AE-4d,s123,medium,17,3.0
ppo,queue-AE-4d,s123,medium,18,2.82
ppo,queue-AE-4d,s123,medium,19,3.04
ppo,queue-AE-4d,s123,medium,20,2.42
ppo,queue-AE-4d,s123,medium,21,2.93
ppo,queue-AE-4d,s123,medium,22,3.69
ppo,queue-AE-4d,s123,medium,23,3.04
ppo,queue-AE-4d,s123,medium,24,2.69
ppo,queue-AE-4d,s123,medium,25,3.07
ppo,queue-AE-4d,s123,medium,26,4.0
ppo,queue-AE-4d,s123,medium,27,2.18
ppo,queue-AE-4d,s123,medium,28,3.02
ppo,queue-AE-4d,s123,medium,29,3.67
ppo,queue-AE-4d,s123,medium,30,2.33
ppo,queue-AE-4d,s123,medium,31,3.62
ppo,queue-AE-4d,s123,medium,32,3.93
ppo,queue-AE-4d,s123,medium,33,3.02
ppo,queue-AE-4d,s123,medium,34,2.36
ppo,queue-AE-4d,s123,medium,35,4.13
ppo,queue-AE-4d,s123,medium,36,3.47
ppo,queue-AE-4d,s123,medium,37,2.49
ppo,queue-AE-4d,s123,medium,38,2.4
ppo,queue-AE-4d,s123,medium,39,3.44
ppo,queue-AE-4d,s123,medium,40,2.29
ppo,queue-AE-4d,s123,medium,41,3.49
ppo,queue-AE-4d,s123,medium,42,3.27
ppo,queue-AE-4d,s123,medium,43,2.93
ppo,queue-AE-4d,s123,medium,44,5.11
ppo,queue-AE-4d,s123,medium,45,4.1
ppo,queue-AE-4d,s123,high,1,5.73
ppo,queue-AE-4d,s123,high,2,9.38
ppo,queue-AE-4d,s123,high,3,10.62
ppo,queue-AE-4d,s123,high,4,8.04
ppo,queue-AE-4d,s123,high,5,13.42
ppo,queue-AE-4d,s123,high,6,14.8
ppo,queue-AE-4d,s123,high,7,17.64
ppo,queue-AE-4d,s123,high,8,20.53
ppo,queue-AE-4d,s123,high,9,23.82
ppo,queue-AE-4d,s123,high,10,24.8
ppo,queue-AE-4d,s123,high,11,20.82
ppo,queue-AE-4d,s123,high,12,26.73
ppo,queue-AE-4d,s123,high,13,24.51
ppo,queue-AE-4d,s123,high,14,25.71
ppo,queue-AE-4d,s123,high,15,27.47
ppo,queue-AE-4d,s123,high,16,29.47
ppo,queue-AE-4d,s123,high,17,28.96
ppo,queue-AE-4d,s123,high,18,28.33
ppo,queue-AE-4d,s123,high,19,27.24
ppo,queue-AE-4d,s123,high,20,24.27
ppo,queue-AE-4d,s123,high,21,27.84
ppo,queue-AE-4d,s123,high,22,27.93
ppo,queue-AE-4d,s123,high,23,26.73
ppo,queue-AE-4d,s123,high,24,30.2
ppo,queue-AE-4d,s123,high,25,28.64
ppo,queue-AE-4d,s123,high,26,30.6
ppo,queue-AE-4d,s123,high,27,36.31
ppo,queue-AE-4d,s123,high,28,35.56
ppo,queue-AE-4d,s123,high,29,32.53
ppo,queue-AE-4d,s123,high,30,29.6
ppo,queue-AE-4d,s123,high,31,30.6
ppo,queue-AE-4d,s123,high,32,28.38
ppo,queue-AE-4d,s123,high,33,29.6
ppo,queue-AE-4d,s123,high,34,26.13
ppo,queue-AE-4d,s123,high,35,27.49
ppo,queue-AE-4d,s123,high,36,29.22
ppo,queue-AE-4d,s123,high,37,28.62
ppo,queue-AE-4d,s123,high,38,35.73
ppo,queue-AE-4d,s123,high,39,31.11
ppo,queue-AE-4d,s123,high,40,27.91
ppo,queue-AE-4d,s123,high,41,25.31
ppo,queue-AE-4d,s123,high,42,23.62
ppo,queue-AE-4d,s123,high,43,23.42
ppo,queue-AE-4d,s123,high,44,25.16
ppo,queue-AE-4d,s123,high,45,27.9
ppo,queue-AE-4d,s123,low,1,1.09
ppo,queue-AE-4d,s123,low,2,1.44
ppo,queue-AE-4d,s123,low,3,1.22
ppo,queue-AE-4d,s123,low,4,1.27
ppo,queue-AE-4d,s123,low,5,1.58
ppo,queue-AE-4d,s123,low,6,1.49
ppo,queue-AE-4d,s123,low,7,2.04
ppo,queue-AE-4d,s123,low,8,1.2
ppo,queue-AE-4d,s123,low,9,2.18
ppo,queue-AE-4d,s123,low,10,1.56
ppo,queue-AE-4d,s123,low,11,1.51
ppo,queue-AE-4d,s123,low,12,1.82
ppo,queue-AE-4d,s123,low,13,1.47
ppo,queue-AE-4d,s123,low,14,2.18
ppo,queue-AE-4d,s123,low,15,1.71
ppo,queue-AE-4d,s123,low,16,1.8
ppo,queue-AE-4d,s123,low,17,1.18
ppo,queue-AE-4d,s123,low,18,1.84
ppo,queue-AE-4d,s123,low,19,2.13
ppo,queue-AE-4d,s123,low,20,2.0
ppo,queue-AE-4d,s123,low,21,1.6
ppo,queue-AE-4d,s123,low,22,1.73
ppo,queue-AE-4d,s123,low,23,1.87
ppo,queue-AE-4d,s123,low,24,1.78
ppo,queue-AE-4d,s123,low,25,1.38
ppo,queue-AE-4d,s123,low,26,1.69
ppo,queue-AE-4d,s123,low,27,1.38
ppo,queue-AE-4d,s123,low,28,3.02
ppo,queue-AE-4d,s123,low,29,2.02
ppo,queue-AE-4d,s123,low,30,1.8
ppo,queue-AE-4d,s123,low,31,1.8
ppo,queue-AE-4d,s123,low,32,1.62
ppo,queue-AE-4d,s123,low,33,1.16
ppo,queue-AE-4d,s123,low,34,2.13
ppo,queue-AE-4d,s123,low,35,1.89
ppo,queue-AE-4d,s123,low,36,1.89
ppo,queue-AE-4d,s123,low,37,1.62
ppo,queue-AE-4d,s123,low,38,1.71
ppo,queue-AE-4d,s123,low,39,1.51
ppo,queue-AE-4d,s123,low,40,1.2
ppo,queue-AE-4d,s123,low,41,1.8
ppo,queue-AE-4d,s123,low,42,1.76
ppo,queue-AE-4d,s123,low,43,1.69
ppo,queue-AE-4d,s123,low,44,1.47
ppo,queue-AE-4d,s123,low,45,1.6
ppo,queue-AE-19d,s777,high,1,6.07
ppo,queue-AE-19d,s777,high,2,11.76
ppo,queue-AE-19d,s777,high,3,20.49
ppo,queue-AE-19d,s777,high,4,30.36
ppo,queue-AE-19d,s777,high,5,23.89
ppo,queue-AE-19d,s777,high,6,33.18
ppo,queue-AE-19d,s777,high,7,36.11
ppo,queue-AE-19d,s777,high,8,47.09
ppo,queue-AE-19d,s777,high,9,50.91
ppo,queue-AE-19d,s777,high,10,60.6
ppo,queue-AE-19d,s777,high,11,64.29
ppo,queue-AE-19d,s777,high,12,74.64
ppo,queue-AE-19d,s777,high,13,77.89
ppo,queue-AE-19d,s777,high,14,98.91
ppo,queue-AE-19d,s777,high,15,112.62
ppo,queue-AE-19d,s777,high,16,155.38
ppo,queue-AE-19d,s777,high,17,197.6
ppo,queue-AE-19d,s777,high,18,230.49
ppo,queue-AE-19d,s777,high,19,272.8
ppo,queue-AE-19d,s777,high,20,310.36
ppo,queue-AE-19d,s777,high,21,350.4
ppo,queue-AE-19d,s777,high,22,386.93
ppo,queue-AE-19d,s777,high,23,421.22
ppo,queue-AE-19d,s777,high,24,451.04
ppo,queue-AE-19d,s777,high,25,480.84
ppo,queue-AE-19d,s777,high,26,502.27
ppo,queue-AE-19d,s777,high,27,518.87
ppo,queue-AE-19d,s777,high,28,531.84
ppo,queue-AE-19d,s777,high,29,541.13
ppo,queue-AE-19d,s777,high,30,551.31
ppo,queue-AE-19d,s777,high,31,560.62
ppo,queue-AE-19d,s777,high,32,568.13
ppo,queue-AE-19d,s777,high,33,579.24
ppo,queue-AE-19d,s777,high,34,586.13
ppo,queue-AE-19d,s777,high,35,588.56
ppo,queue-AE-19d,s777,high,36,592.2
ppo,queue-AE-19d,s777,high,37,591.6
ppo,queue-AE-19d,s777,high,38,593.16
ppo,queue-AE-19d,s777,high,39,591.71
ppo,queue-AE-19d,s777,high,40,592.82
ppo,queue-AE-19d,s777,high,41,591.07
ppo,queue-AE-19d,s777,high,42,591.11
ppo,queue-AE-19d,s777,high,43,591.6
ppo,queue-AE-19d,s777,high,44,591.24
ppo,queue-AE-19d,s777,high,45,593.5
ppo,queue-AE-4d,s42,medium,1,2.91
ppo,queue-AE-4d,s42,medium,2,4.33
ppo,queue-AE-4d,s42,medium,3,4.47
ppo,queue-AE-4d,s42,medium,4,4.47
ppo,queue-AE-4d,s42,medium,5,4.11
ppo,queue-AE-4d,s42,medium,6,4.73
ppo,queue-AE-4d,s42,medium,7,6.69
ppo,queue-AE-4d,s42,medium,8,7.13
ppo,queue-AE-4d,s42,medium,9,5.64
ppo,queue-AE-4d,s42,medium,10,5.24
ppo,queue-AE-4d,s42,medium,11,5.31
ppo,queue-AE-4d,s42,medium,12,4.6
ppo,queue-AE-4d,s42,medium,13,4.56
ppo,queue-AE-4d,s42,medium,14,6.24
ppo,queue-AE-4d,s42,medium,15,5.07
ppo,queue-AE-4d,s42,medium,16,5.69
ppo,queue-AE-4d,s42,medium,17,5.31
ppo,queue-AE-4d,s42,medium,18,5.58
ppo,queue-AE-4d,s42,medium,19,5.09
ppo,queue-AE-4d,s42,medium,20,5.53
ppo,queue-AE-4d,s42,medium,21,5.73
ppo,queue-AE-4d,s42,medium,22,5.51
ppo,queue-AE-4d,s42,medium,23,4.4
ppo,queue-AE-4d,s42,medium,24,4.67
ppo,queue-AE-4d,s42,medium,25,5.29
ppo,queue-AE-4d,s42,medium,26,6.98
ppo,queue-AE-4d,s42,medium,27,5.87
ppo,queue-AE-4d,s42,medium,28,4.0
ppo,queue-AE-4d,s42,medium,29,4.38
ppo,queue-AE-4d,s42,medium,30,4.96
ppo,queue-AE-4d,s42,medium,31,4.53
ppo,queue-AE-4d,s42,medium,32,7.6
ppo,queue-AE-4d,s42,medium,33,5.51
ppo,queue-AE-4d,s42,medium,34,4.04
ppo,queue-AE-4d,s42,medium,35,5.98
ppo,queue-AE-4d,s42,medium,36,5.18
ppo,queue-AE-4d,s42,medium,37,4.0
ppo,queue-AE-4d,s42,medium,38,4.8
ppo,queue-AE-4d,s42,medium,39,4.8
ppo,queue-AE-4d,s42,medium,40,4.53
ppo,queue-AE-4d,s42,medium,41,3.0
ppo,queue-AE-4d,s42,medium,42,4.47
ppo,queue-AE-4d,s42,medium,43,4.47
ppo,queue-AE-4d,s42,medium,44,8.42
ppo,queue-AE-4d,s42,medium,45,6.6
ppo,queue-AE-4d,s42,low,1,1.93
ppo,queue-AE-4d,s42,low,2,2.2
ppo,queue-AE-4d,s42,low,3,2.4
ppo,queue-AE-4d,s42,low,4,1.29
ppo,queue-AE-4d,s42,low,5,2.11
ppo,queue-AE-4d,s42,low,6,4.02
ppo,queue-AE-4d,s42,low,7,2.67
ppo,queue-AE-4d,s42,low,8,3.96
ppo,queue-AE-4d,s42,low,9,2.93
ppo,queue-AE-4d,s42,low,10,2.89
ppo,queue-AE-4d,s42,low,11,2.42
ppo,queue-AE-4d,s42,low,12,2.91
ppo,queue-AE-4d,s42,low,13,2.82
ppo,queue-AE-4d,s42,low,14,3.58
ppo,queue-AE-4d,s42,low,15,2.22
ppo,queue-AE-4d,s42,low,16,1.96
ppo,queue-AE-4d,s42,low,17,2.91
ppo,queue-AE-4d,s42,low,18,3.27
ppo,queue-AE-4d,s42,low,19,2.71
ppo,queue-AE-4d,s42,low,20,3.11
ppo,queue-AE-4d,s42,low,21,3.71
ppo,queue-AE-4d,s42,low,22,2.11
ppo,queue-AE-4d,s42,low,23,2.93
ppo,queue-AE-4d,s42,low,24,2.27
ppo,queue-AE-4d,s42,low,25,3.33
ppo,queue-AE-4d,s42,low,26,2.98
ppo,queue-AE-4d,s42,low,27,2.22
ppo,queue-AE-4d,s42,low,28,2.8
ppo,queue-AE-4d,s42,low,29,3.09
ppo,queue-AE-4d,s42,low,30,2.73
ppo,queue-AE-4d,s42,low,31,2.62
ppo,queue-AE-4d,s42,low,32,2.67
ppo,queue-AE-4d,s42,low,33,2.56
ppo,queue-AE-4d,s42,low,34,3.04
ppo,queue-AE-4d,s42,low,35,2.84
ppo,queue-AE-4d,s42,low,36,2.8
ppo,queue-AE-4d,s42,low,37,3.36
ppo,queue-AE-4d,s42,low,38,2.24
ppo,queue-AE-4d,s42,low,39,2.58
ppo,queue-AE-4d,s42,low,40,2.22
ppo,queue-AE-4d,s42,low,41,2.47
ppo,queue-AE-4d,s42,low,42,2.07
ppo,queue-AE-4d,s42,low,43,1.78
ppo,queue-AE-4d,s42,low,44,2.49
ppo,queue-AE-4d,s42,low,45,2.6
ppo,queue-AE-4d,s777,medium,1,2.89
ppo,queue-AE-4d,s777,medium,2,6.09
ppo,queue-AE-4d,s777,medium,3,5.78
ppo,queue-AE-4d,s777,medium,4,4.31
ppo,queue-AE-4d,s777,medium,5,4.42
ppo,queue-AE-4d,s777,medium,6,4.64
ppo,queue-AE-4d,s777,medium,7,4.58
ppo,queue-AE-4d,s777,medium,8,5.33
ppo,queue-AE-4d,s777,medium,9,5.58
ppo,queue-AE-4d,s777,medium,10,5.53
ppo,queue-AE-4d,s777,medium,11,5.36
ppo,queue-AE-4d,s777,medium,12,5.09
ppo,queue-AE-4d,s777,medium,13,5.56
ppo,queue-AE-4d,s777,medium,14,5.2
ppo,queue-AE-4d,s777,medium,15,4.96
ppo,queue-AE-4d,s777,medium,16,4.51
ppo,queue-AE-4d,s777,medium,17,5.71
ppo,queue-AE-4d,s777,medium,18,4.07
ppo,queue-AE-4d,s777,medium,19,4.38
ppo,queue-AE-4d,s777,medium,20,5.89
ppo,queue-AE-4d,s777,medium,21,2.78
ppo,queue-AE-4d,s777,medium,22,5.18
ppo,queue-AE-4d,s777,medium,23,4.67
ppo,queue-AE-4d,s777,medium,24,5.82
ppo,queue-AE-4d,s777,medium,25,4.91
ppo,queue-AE-4d,s777,medium,26,7.62
ppo,queue-AE-4d,s777,medium,27,4.56
ppo,queue-AE-4d,s777,medium,28,3.93
ppo,queue-AE-4d,s777,medium,29,3.8
ppo,queue-AE-4d,s777,medium,30,3.13
ppo,queue-AE-4d,s777,medium,31,4.62
ppo,queue-AE-4d,s777,medium,32,5.82
ppo,queue-AE-4d,s777,medium,33,3.69
ppo,queue-AE-4d,s777,medium,34,4.09
ppo,queue-AE-4d,s777,medium,35,4.82
ppo,queue-AE-4d,s777,medium,36,3.84
ppo,queue-AE-4d,s777,medium,37,2.27
ppo,queue-AE-4d,s777,medium,38,3.87
ppo,queue-AE-4d,s777,medium,39,4.67
ppo,queue-AE-4d,s777,medium,40,4.89
ppo,queue-AE-4d,s777,medium,41,4.49
ppo,queue-AE-4d,s777,medium,42,4.67
ppo,queue-AE-4d,s777,medium,43,6.53
ppo,queue-AE-4d,s777,medium,44,7.24
ppo,queue-AE-4d,s777,medium,45,6.4
ppo,queue-AE-4d,s777,low,1,1.96
ppo,queue-AE-4d,s777,low,2,1.82
ppo,queue-AE-4d,s777,low,3,2.69
ppo,queue-AE-4d,s777,low,4,1.44
ppo,queue-AE-4d,s777,low,5,2.2
ppo,queue-AE-4d,s777,low,6,3.04
ppo,queue-AE-4d,s777,low,7,1.84
ppo,queue-AE-4d,s777,low,8,3.04
ppo,queue-AE-4d,s777,low,9,2.44
ppo,queue-AE-4d,s777,low,10,2.04
ppo,queue-AE-4d,s777,low,11,2.6
ppo,queue-AE-4d,s777,low,12,2.87
ppo,queue-AE-4d,s777,low,13,1.62
ppo,queue-AE-4d,s777,low,14,3.0
ppo,queue-AE-4d,s777,low,15,2.36
ppo,queue-AE-4d,s777,low,16,2.62
ppo,queue-AE-4d,s777,low,17,3.29
ppo,queue-AE-4d,s777,low,18,3.07
ppo,queue-AE-4d,s777,low,19,2.51
ppo,queue-AE-4d,s777,low,20,4.42
ppo,queue-AE-4d,s777,low,21,3.42
ppo,queue-AE-4d,s777,low,22,1.6
ppo,queue-AE-4d,s777,low,23,2.56
ppo,queue-AE-4d,s777,low,24,2.42
ppo,queue-AE-4d,s777,low,25,1.73
ppo,queue-AE-4d,s777,low,26,3.11
ppo,queue-AE-4d,s777,low,27,1.47
ppo,queue-AE-4d,s777,low,28,3.11
ppo,queue-AE-4d,s777,low,29,3.02
ppo,queue-AE-4d,s777,low,30,2.18
ppo,queue-AE-4d,s777,low,31,1.58
ppo,queue-AE-4d,s777,low,32,2.87
ppo,queue-AE-4d,s777,low,33,1.78
ppo,queue-AE-4d,s777,low,34,2.8
ppo,queue-AE-4d,s777,low,35,3.09
ppo,queue-AE-4d,s777,low,36,2.69
ppo,queue-AE-4d,s777,low,37,3.38
ppo,queue-AE-4d,s777,low,38,2.53
ppo,queue-AE-4d,s777,low,39,1.78
ppo,queue-AE-4d,s777,low,40,2.53
ppo,queue-AE-4d,s777,low,41,2.38
ppo,queue-AE-4d,s777,low,42,1.71
ppo,queue-AE-4d,s777,low,43,2.51
ppo,queue-AE-4d,s777,low,44,2.38
ppo,queue-AE-4d,s777,low,45,3.1
ppo,queue-AE-32d,s42,high,1,6.22
ppo,queue-AE-32d,s42,high,2,14.8
ppo,queue-AE-32d,s42,high,3,27.89
ppo,queue-AE-32d,s42,high,4,40.73
ppo,queue-AE-32d,s42,high,5,39.33
ppo,queue-AE-32d,s42,high,6,50.13
ppo,queue-AE-32d,s42,high,7,57.0
ppo,queue-AE-32d,s42,high,8,78.51
ppo,queue-AE-32d,s42,high,9,91.84
ppo,queue-AE-32d,s42,high,10,96.82
ppo,queue-AE-32d,s42,high,11,128.98
ppo,queue-AE-32d,s42,high,12,151.73
ppo,queue-AE-32d,s42,high,13,171.33
ppo,queue-AE-32d,s42,high,14,208.98
ppo,queue-AE-32d,s42,high,15,241.02
ppo,queue-AE-32d,s42,high,16,279.47
ppo,queue-AE-32d,s42,high,17,324.67
ppo,queue-AE-32d,s42,high,18,371.51
ppo,queue-AE-32d,s42,high,19,404.6
ppo,queue-AE-32d,s42,high,20,429.8
ppo,queue-AE-32d,s42,high,21,448.02
ppo,queue-AE-32d,s42,high,22,466.38
ppo,queue-AE-32d,s42,high,23,487.44
ppo,queue-AE-32d,s42,high,24,508.47
ppo,queue-AE-32d,s42,high,25,532.53
ppo,queue-AE-32d,s42,high,26,554.04
ppo,queue-AE-32d,s42,high,27,568.02
ppo,queue-AE-32d,s42,high,28,584.11
ppo,queue-AE-32d,s42,high,29,595.53
ppo,queue-AE-32d,s42,high,30,602.38
ppo,queue-AE-32d,s42,high,31,612.09
ppo,queue-AE-32d,s42,high,32,617.47
ppo,queue-AE-32d,s42,high,33,629.89
ppo,queue-AE-32d,s42,high,34,640.47
ppo,queue-AE-32d,s42,high,35,644.42
ppo,queue-AE-32d,s42,high,36,652.51
ppo,queue-AE-32d,s42,high,37,662.82
ppo,queue-AE-32d,s42,high,38,668.69
ppo,queue-AE-32d,s42,high,39,672.16
ppo,queue-AE-32d,s42,high,40,675.58
ppo,queue-AE-32d,s42,high,41,678.67
ppo,queue-AE-32d,s42,high,42,682.44
ppo,queue-AE-32d,s42,high,43,687.51
ppo,queue-AE-32d,s42,high,44,690.18
ppo,queue-AE-32d,s42,high,45,693.1
ppo,queue-AE-8d,s123,medium,1,2.64
ppo,queue-AE-8d,s123,medium,2,5.04
ppo,queue-AE-8d,s123,medium,3,4.91
ppo,queue-AE-8d,s123,medium,4,3.8
ppo,queue-AE-8d,s123,medium,5,3.91
ppo,queue-AE-8d,s123,medium,6,4.76
ppo,queue-AE-8d,s123,medium,7,4.47
ppo,queue-AE-8d,s123,medium,8,5.18
ppo,queue-AE-8d,s123,medium,9,4.69
ppo,queue-AE-8d,s123,medium,10,6.02
ppo,queue-AE-8d,s123,medium,11,4.49
ppo,queue-AE-8d,s123,medium,12,4.18
ppo,queue-AE-8d,s123,medium,13,4.13
ppo,queue-AE-8d,s123,medium,14,2.84
ppo,queue-AE-8d,s123,medium,15,5.4
ppo,queue-AE-8d,s123,medium,16,5.27
ppo,queue-AE-8d,s123,medium,17,5.24
ppo,queue-AE-8d,s123,medium,18,5.07
ppo,queue-AE-8d,s123,medium,19,3.67
ppo,queue-AE-8d,s123,medium,20,4.87
ppo,queue-AE-8d,s123,medium,21,4.2
ppo,queue-AE-8d,s123,medium,22,4.51
ppo,queue-AE-8d,s123,medium,23,3.67
ppo,queue-AE-8d,s123,medium,24,2.96
ppo,queue-AE-8d,s123,medium,25,4.73
ppo,queue-AE-8d,s123,medium,26,5.04
ppo,queue-AE-8d,s123,medium,27,3.62
ppo,queue-AE-8d,s123,medium,28,4.64
ppo,queue-AE-8d,s123,medium,29,3.11
ppo,queue-AE-8d,s123,medium,30,2.76
ppo,queue-AE-8d,s123,medium,31,4.44
ppo,queue-AE-8d,s123,medium,32,5.87
ppo,queue-AE-8d,s123,medium,33,3.76
ppo,queue-AE-8d,s123,medium,34,4.07
ppo,queue-AE-8d,s123,medium,35,3.18
ppo,queue-AE-8d,s123,medium,36,4.24
ppo,queue-AE-8d,s123,medium,37,3.58
ppo,queue-AE-8d,s123,medium,38,2.82
ppo,queue-AE-8d,s123,medium,39,5.02
ppo,queue-AE-8d,s123,medium,40,3.69
ppo,queue-AE-8d,s123,medium,41,3.82
ppo,queue-AE-8d,s123,medium,42,4.84
ppo,queue-AE-8d,s123,medium,43,4.44
ppo,queue-AE-8d,s123,medium,44,5.42
ppo,queue-AE-8d,s123,medium,45,3.5
ppo,queue-AE-8d,s123,low,1,2.0
ppo,queue-AE-8d,s123,low,2,1.91
ppo,queue-AE-8d,s123,low,3,2.33
ppo,queue-AE-8d,s123,low,4,2.29
ppo,queue-AE-8d,s123,low,5,2.04
ppo,queue-AE-8d,s123,low,6,2.04
ppo,queue-AE-8d,s123,low,7,2.24
ppo,queue-AE-8d,s123,low,8,3.09
ppo,queue-AE-8d,s123,low,9,1.49
ppo,queue-AE-8d,s123,low,10,2.47
ppo,queue-AE-8d,s123,low,11,3.09
ppo,queue-AE-8d,s123,low,12,1.89
ppo,queue-AE-8d,s123,low,13,1.91
ppo,queue-AE-8d,s123,low,14,2.8
ppo,queue-AE-8d,s123,low,15,2.53
ppo,queue-AE-8d,s123,low,16,2.53
ppo,queue-AE-8d,s123,low,17,2.22
ppo,queue-AE-8d,s123,low,18,3.02
ppo,queue-AE-8d,s123,low,19,2.18
ppo,queue-AE-8d,s123,low,20,2.98
ppo,queue-AE-8d,s123,low,21,2.93
ppo,queue-AE-8d,s123,low,22,2.0
ppo,queue-AE-8d,s123,low,23,1.67
ppo,queue-AE-8d,s123,low,24,1.49
ppo,queue-AE-8d,s123,low,25,1.84
ppo,queue-AE-8d,s123,low,26,2.24
ppo,queue-AE-8d,s123,low,27,0.93
ppo,queue-AE-8d,s123,low,28,3.33
ppo,queue-AE-8d,s123,low,29,2.38
ppo,queue-AE-8d,s123,low,30,2.07
ppo,queue-AE-8d,s123,low,31,1.89
ppo,queue-AE-8d,s123,low,32,1.93
ppo,queue-AE-8d,s123,low,33,2.76
ppo,queue-AE-8d,s123,low,34,3.42
ppo,queue-AE-8d,s123,low,35,2.27
ppo,queue-AE-8d,s123,low,36,2.09
ppo,queue-AE-8d,s123,low,37,2.2
ppo,queue-AE-8d,s123,low,38,2.87
ppo,queue-AE-8d,s123,low,39,2.62
ppo,queue-AE-8d,s123,low,40,1.87
ppo,queue-AE-8d,s123,low,41,2.4
ppo,queue-AE-8d,s123,low,42,2.27
ppo,queue-AE-8d,s123,low,43,1.51
ppo,queue-AE-8d,s123,low,44,1.56
ppo,queue-AE-8d,s123,low,45,2.0
ppo,queue-AE-8d,s42,medium,1,2.89
ppo,queue-AE-8d,s42,medium,2,4.67
ppo,queue-AE-8d,s42,medium,3,3.16
ppo,queue-AE-8d,s42,medium,4,4.22
ppo,queue-AE-8d,s42,medium,5,5.47
ppo,queue-AE-8d,s42,medium,6,4.4
ppo,queue-AE-8d,s42,medium,7,4.51
ppo,queue-AE-8d,s42,medium,8,4.6
ppo,queue-AE-8d,s42,medium,9,4.42
ppo,queue-AE-8d,s42,medium,10,4.82
ppo,queue-AE-8d,s42,medium,11,3.27
ppo,queue-AE-8d,s42,medium,12,3.22
ppo,queue-AE-8d,s42,medium,13,3.6
ppo,queue-AE-8d,s42,medium,14,4.36
ppo,queue-AE-8d,s42,medium,15,3.71
ppo,queue-AE-8d,s42,medium,16,3.4
ppo,queue-AE-8d,s42,medium,17,5.47
ppo,queue-AE-8d,s42,medium,18,3.69
ppo,queue-AE-8d,s42,medium,19,2.78
ppo,queue-AE-8d,s42,medium,20,3.49
ppo,queue-AE-8d,s42,medium,21,3.49
ppo,queue-AE-8d,s42,medium,22,4.33
ppo,queue-AE-8d,s42,medium,23,3.89
ppo,queue-AE-8d,s42,medium,24,3.67
ppo,queue-AE-8d,s42,medium,25,3.44
ppo,queue-AE-8d,s42,medium,26,6.47
ppo,queue-AE-8d,s42,medium,27,4.02
ppo,queue-AE-8d,s42,medium,28,4.07
ppo,queue-AE-8d,s42,medium,29,3.98
ppo,queue-AE-8d,s42,medium,30,3.09
ppo,queue-AE-8d,s42,medium,31,4.33
ppo,queue-AE-8d,s42,medium,32,5.22
ppo,queue-AE-8d,s42,medium,33,3.87
ppo,queue-AE-8d,s42,medium,34,3.56
ppo,queue-AE-8d,s42,medium,35,3.04
ppo,queue-AE-8d,s42,medium,36,4.24
ppo,queue-AE-8d,s42,medium,37,4.53
ppo,queue-AE-8d,s42,medium,38,3.42
ppo,queue-AE-8d,s42,medium,39,4.89
ppo,queue-AE-8d,s42,medium,40,3.87
ppo,queue-AE-8d,s42,medium,41,3.78
ppo,queue-AE-8d,s42,medium,42,3.87
ppo,queue-AE-8d,s42,medium,43,4.31
ppo,queue-AE-8d,s42,medium,44,5.6
ppo,queue-AE-8d,s42,medium,45,4.8
ppo,queue-AE-8d,s42,low,1,1.71
ppo,queue-AE-8d,s42,low,2,1.93
ppo,queue-AE-8d,s42,low,3,1.4
ppo,queue-AE-8d,s42,low,4,2.64
ppo,queue-AE-8d,s42,low,5,2.27
ppo,queue-AE-8d,s42,low,6,2.98
ppo,queue-AE-8d,s42,low,7,3.13
ppo,queue-AE-8d,s42,low,8,2.73
ppo,queue-AE-8d,s42,low,9,2.31
ppo,queue-AE-8d,s42,low,10,2.27
ppo,queue-AE-8d,s42,low,11,1.96
ppo,queue-AE-8d,s42,low,12,1.69
ppo,queue-AE-8d,s42,low,13,2.04
ppo,queue-AE-8d,s42,low,14,2.4
ppo,queue-AE-8d,s42,low,15,2.18
ppo,queue-AE-8d,s42,low,16,1.47
ppo,queue-AE-8d,s42,low,17,2.31
ppo,queue-AE-8d,s42,low,18,2.67
ppo,queue-AE-8d,s42,low,19,1.98
ppo,queue-AE-8d,s42,low,20,2.73
ppo,queue-AE-8d,s42,low,21,3.4
ppo,queue-AE-8d,s42,low,22,1.93
ppo,queue-AE-8d,s42,low,23,2.07
ppo,queue-AE-8d,s42,low,24,2.29
ppo,queue-AE-8d,s42,low,25,1.96
ppo,queue-AE-8d,s42,low,26,2.31
ppo,queue-AE-8d,s42,low,27,1.38
ppo,queue-AE-8d,s42,low,28,3.42
ppo,queue-AE-8d,s42,low,29,3.29
ppo,queue-AE-8d,s42,low,30,2.0
ppo,queue-AE-8d,s42,low,31,1.24
ppo,queue-AE-8d,s42,low,32,1.82
ppo,queue-AE-8d,s42,low,33,2.8
ppo,queue-AE-8d,s42,low,34,2.36
ppo,queue-AE-8d,s42,low,35,1.73
ppo,queue-AE-8d,s42,low,36,1.87
ppo,queue-AE-8d,s42,low,37,3.16
ppo,queue-AE-8d,s42,low,38,1.56
ppo,queue-AE-8d,s42,low,39,1.33
ppo,queue-AE-8d,s42,low,40,2.13
ppo,queue-AE-8d,s42,low,41,1.89
ppo,queue-AE-8d,s42,low,42,2.78
ppo,queue-AE-8d,s42,low,43,1.4
ppo,queue-AE-8d,s42,low,44,1.76
ppo,queue-AE-8d,s42,low,45,2.7
ppo,queue-AE-8d,s777,high,1,5.73
ppo,queue-AE-8d,s777,high,2,8.04
ppo,queue-AE-8d,s777,high,3,11.91
ppo,queue-AE-8d,s777,high,4,8.67
ppo,queue-AE-8d,s777,high,5,9.82
ppo,queue-AE-8d,s777,high,6,8.93
ppo,queue-AE-8d,s777,high,7,13.84
ppo,queue-AE-8d,s777,high,8,14.69
ppo,queue-AE-8d,s777,high,9,13.13
ppo,queue-AE-8d,s777,high,10,10.96
ppo,queue-AE-8d,s777,high,11,9.76
ppo,queue-AE-8d,s777,high,12,10.33
ppo,queue-AE-8d,s777,high,13,9.78
ppo,queue-AE-8d,s777,high,14,10.36
ppo,queue-AE-8d,s777,high,15,9.42
ppo,queue-AE-8d,s777,high,16,11.24
ppo,queue-AE-8d,s777,high,17,11.76
ppo,queue-AE-8d,s777,high,18,9.71
ppo,queue-AE-8d,s777,high,19,9.56
ppo,queue-AE-8d,s777,high,20,10.0
ppo,queue-AE-8d,s777,high,21,9.67
ppo,queue-AE-8d,s777,high,22,10.38
ppo,queue-AE-8d,s777,high,23,11.44
ppo,queue-AE-8d,s777,high,24,9.0
ppo,queue-AE-8d,s777,high,25,8.38
ppo,queue-AE-8d,s777,high,26,10.47
ppo,queue-AE-8d,s777,high,27,13.84
ppo,queue-AE-8d,s777,high,28,9.8
ppo,queue-AE-8d,s777,high,29,8.71
ppo,queue-AE-8d,s777,high,30,8.04
ppo,queue-AE-8d,s777,high,31,7.71
ppo,queue-AE-8d,s777,high,32,10.42
ppo,queue-AE-8d,s777,high,33,13.36
ppo,queue-AE-8d,s777,high,34,10.64
ppo,queue-AE-8d,s777,high,35,10.73
ppo,queue-AE-8d,s777,high,36,11.67
ppo,queue-AE-8d,s777,high,37,8.47
ppo,queue-AE-8d,s777,high,38,8.2
ppo,queue-AE-8d,s777,high,39,6.82
ppo,queue-AE-8d,s777,high,40,10.38
ppo,queue-AE-8d,s777,high,41,7.33
ppo,queue-AE-8d,s777,high,42,8.98
ppo,queue-AE-8d,s777,high,43,11.29
ppo,queue-AE-8d,s777,high,44,10.8
ppo,queue-AE-8d,s777,high,45,11.7
ppo,queue-AE-8d,s777,low,1,1.6
ppo,queue-AE-8d,s777,low,2,1.33
ppo,queue-AE-8d,s777,low,3,1.73
ppo,queue-AE-8d,s777,low,4,1.51
ppo,queue-AE-8d,s777,low,5,1.31
ppo,queue-AE-8d,s777,low,6,1.4
ppo,queue-AE-8d,s777,low,7,2.18
ppo,queue-AE-8d,s777,low,8,2.04
ppo,queue-AE-8d,s777,low,9,2.07
ppo,queue-AE-8d,s777,low,10,1.8
ppo,queue-AE-8d,s777,low,11,1.56
ppo,queue-AE-8d,s777,low,12,1.11
ppo,queue-AE-8d,s777,low,13,1.91
ppo,queue-AE-8d,s777,low,14,2.31
ppo,queue-AE-8d,s777,low,15,1.73
ppo,queue-AE-8d,s777,low,16,1.78
ppo,queue-AE-8d,s777,low,17,1.87
ppo,queue-AE-8d,s777,low,18,1.47
ppo,queue-AE-8d,s777,low,19,1.8
ppo,queue-AE-8d,s777,low,20,1.93
ppo,queue-AE-8d,s777,low,21,1.76
ppo,queue-AE-8d,s777,low,22,1.22
ppo,queue-AE-8d,s777,low,23,1.51
ppo,queue-AE-8d,s777,low,24,1.38
ppo,queue-AE-8d,s777,low,25,1.16
ppo,queue-AE-8d,s777,low,26,1.51
ppo,queue-AE-8d,s777,low,27,1.51
ppo,queue-AE-8d,s777,low,28,2.53
ppo,queue-AE-8d,s777,low,29,2.18
ppo,queue-AE-8d,s777,low,30,1.47
ppo,queue-AE-8d,s777,low,31,1.47
ppo,queue-AE-8d,s777,low,32,1.91
ppo,queue-AE-8d,s777,low,33,2.49
ppo,queue-AE-8d,s777,low,34,1.73
ppo,queue-AE-8d,s777,low,35,1.27
ppo,queue-AE-8d,s777,low,36,1.4
ppo,queue-AE-8d,s777,low,37,1.13
ppo,queue-AE-8d,s777,low,38,1.53
ppo,queue-AE-8d,s777,low,39,1.64
ppo,queue-AE-8d,s777,low,40,1.47
ppo,queue-AE-8d,s777,low,41,1.44
ppo,queue-AE-8d,s777,low,42,1.67
ppo,queue-AE-8d,s777,low,43,1.42
ppo,queue-AE-8d,s777,low,44,1.24
ppo,queue-AE-8d,s777,low,45,2.1
ppo,queue-AE-8d,s777,medium,1,2.84
ppo,queue-AE-8d,s777,medium,2,3.47
ppo,queue-AE-8d,s777,medium,3,4.07
ppo,queue-AE-8d,s777,medium,4,3.67
ppo,queue-AE-8d,s777,medium,5,2.24
ppo,queue-AE-8d,s777,medium,6,2.87
ppo,queue-AE-8d,s777,medium,7,4.62
ppo,queue-AE-8d,s777,medium,8,3.6
ppo,queue-AE-8d,s777,medium,9,3.71
ppo,queue-AE-8d,s777,medium,10,3.04
ppo,queue-AE-8d,s777,medium,11,2.76
ppo,queue-AE-8d,s777,medium,12,2.8
ppo,queue-AE-8d,s777,medium,13,2.91
ppo,queue-AE-8d,s777,medium,14,2.33
ppo,queue-AE-8d,s777,medium,15,3.53
ppo,queue-AE-8d,s777,medium,16,2.42
ppo,queue-AE-8d,s777,medium,17,2.96
ppo,queue-AE-8d,s777,medium,18,2.87
ppo,queue-AE-8d,s777,medium,19,1.58
ppo,queue-AE-8d,s777,medium,20,3.22
ppo,queue-AE-8d,s777,medium,21,2.87
ppo,queue-AE-8d,s777,medium,22,3.8
ppo,queue-AE-8d,s777,medium,23,3.4
ppo,queue-AE-8d,s777,medium,24,2.91
ppo,queue-AE-8d,s777,medium,25,2.58
ppo,queue-AE-8d,s777,medium,26,3.87
ppo,queue-AE-8d,s777,medium,27,2.84
ppo,queue-AE-8d,s777,medium,28,2.89
ppo,queue-AE-8d,s777,medium,29,3.04
ppo,queue-AE-8d,s777,medium,30,2.73
ppo,queue-AE-8d,s777,medium,31,2.62
ppo,queue-AE-8d,s777,medium,32,3.96
ppo,queue-AE-8d,s777,medium,33,2.76
ppo,queue-AE-8d,s777,medium,34,2.22
ppo,queue-AE-8d,s777,medium,35,3.27
ppo,queue-AE-8d,s777,medium,36,3.04
ppo,queue-AE-8d,s777,medium,37,2.16
ppo,queue-AE-8d,s777,medium,38,2.38
ppo,queue-AE-8d,s777,medium,39,3.0
ppo,queue-AE-8d,s777,medium,40,2.51
ppo,queue-AE-8d,s777,medium,41,2.49
ppo,queue-AE-8d,s777,medium,42,3.11
ppo,queue-AE-8d,s777,medium,43,3.2
ppo,queue-AE-8d,s777,medium,44,3.82
ppo,queue-AE-8d,s777,medium,45,3.1
ppo,queue-AE-4d,s42,high,1,5.91
ppo,queue-AE-4d,s42,high,2,15.96
ppo,queue-AE-4d,s42,high,3,24.8
ppo,queue-AE-4d,s42,high,4,22.0
ppo,queue-AE-4d,s42,high,5,32.18
ppo,queue-AE-4d,s42,high,6,42.53
ppo,queue-AE-4d,s42,high,7,50.8
ppo,queue-AE-4d,s42,high,8,64.36
ppo,queue-AE-4d,s42,high,9,71.64
ppo,queue-AE-4d,s42,high,10,87.33
ppo,queue-AE-4d,s42,high,11,105.11
ppo,queue-AE-4d,s42,high,12,119.96
ppo,queue-AE-4d,s42,high,13,140.93
ppo,queue-AE-4d,s42,high,14,167.29
ppo,queue-AE-4d,s42,high,15,193.0
ppo,queue-AE-4d,s42,high,16,246.69
ppo,queue-AE-4d,s42,high,17,303.84
ppo,queue-AE-4d,s42,high,18,355.93
ppo,queue-AE-4d,s42,high,19,397.13
ppo,queue-AE-4d,s42,high,20,437.53
ppo,queue-AE-4d,s42,high,21,478.24
ppo,queue-AE-4d,s42,high,22,511.31
ppo,queue-AE-4d,s42,high,23,550.49
ppo,queue-AE-4d,s42,high,24,585.96
ppo,queue-AE-4d,s42,high,25,613.69
ppo,queue-AE-4d,s42,high,26,631.87
ppo,queue-AE-4d,s42,high,27,646.38
ppo,queue-AE-4d,s42,high,28,658.07
ppo,queue-AE-4d,s42,high,29,676.76
ppo,queue-AE-4d,s42,high,30,689.24
ppo,queue-AE-4d,s42,high,31,701.16
ppo,queue-AE-4d,s42,high,32,707.16
ppo,queue-AE-4d,s42,high,33,711.49
ppo,queue-AE-4d,s42,high,34,715.98
ppo,queue-AE-4d,s42,high,35,722.02
ppo,queue-AE-4d,s42,high,36,728.33
ppo,queue-AE-4d,s42,high,37,730.42
ppo,queue-AE-4d,s42,high,38,736.73
ppo,queue-AE-4d,s42,high,39,740.27
ppo,queue-AE-4d,s42,high,40,746.13
ppo,queue-AE-4d,s42,high,41,747.62
ppo,queue-AE-4d,s42,high,42,750.96
ppo,queue-AE-4d,s42,high,43,756.0
ppo,queue-AE-4d,s42,high,44,761.02
ppo,queue-AE-4d,s42,high,45,764.7
ppo,queue-AE-4d,s777,high,1,5.13
ppo,queue-AE-4d,s777,high,2,13.8
ppo,queue-AE-4d,s777,high,3,25.36
ppo,queue-AE-4d,s777,high,4,20.51
ppo,queue-AE-4d,s777,high,5,30.93
ppo,queue-AE-4d,s777,high,6,40.49
ppo,queue-AE-4d,s777,high,7,42.56
ppo,queue-AE-4d,s777,high,8,55.71
ppo,queue-AE-4d,s777,high,9,64.07
ppo,queue-AE-4d,s777,high,10,70.56
ppo,queue-AE-4d,s777,high,11,86.27
ppo,queue-AE-4d,s777,high,12,102.84
ppo,queue-AE-4d,s777,high,13,124.36
ppo,queue-AE-4d,s777,high,14,150.0
ppo,queue-AE-4d,s777,high,15,187.49
ppo,queue-AE-4d,s777,high,16,225.49
ppo,queue-AE-4d,s777,high,17,258.91
ppo,queue-AE-4d,s777,high,18,305.0
ppo,queue-AE-4d,s777,high,19,344.56
ppo,queue-AE-4d,s777,high,20,379.44
ppo,queue-AE-4d,s777,high,21,410.58
ppo,queue-AE-4d,s777,high,22,439.24
ppo,queue-AE-4d,s777,high,23,468.71
ppo,queue-AE-4d,s777,high,24,497.24
ppo,queue-AE-4d,s777,high,25,529.38
ppo,queue-AE-4d,s777,high,26,550.84
ppo,queue-AE-4d,s777,high,27,557.73
ppo,queue-AE-4d,s777,high,28,560.04
ppo,queue-AE-4d,s777,high,29,564.56
ppo,queue-AE-4d,s777,high,30,567.8
ppo,queue-AE-4d,s777,high,31,577.89
ppo,queue-AE-4d,s777,high,32,582.16
ppo,queue-AE-4d,s777,high,33,585.73
ppo,queue-AE-4d,s777,high,34,589.87
ppo,queue-AE-4d,s777,high,35,592.8
ppo,queue-AE-4d,s777,high,36,592.71
ppo,queue-AE-4d,s777,high,37,594.0
ppo,queue-AE-4d,s777,high,38,593.11
ppo,queue-AE-4d,s777,high,39,592.02
ppo,queue-AE-4d,s777,high,40,593.22
ppo,queue-AE-4d,s777,high,41,593.44
ppo,queue-AE-4d,s777,high,42,592.69
ppo,queue-AE-4d,s777,high,43,592.24
ppo,queue-AE-4d,s777,high,44,592.87
ppo,queue-AE-4d,s777,high,45,593.2
ppo,queue-AE-8d,s123,high,1,5.49
ppo,queue-AE-8d,s123,high,2,12.87
ppo,queue-AE-8d,s123,high,3,22.89
ppo,queue-AE-8d,s123,high,4,18.4
ppo,queue-AE-8d,s123,high,5,27.18
ppo,queue-AE-8d,s123,high,6,29.13
ppo,queue-AE-8d,s123,high,7,37.47
ppo,queue-AE-8d,s123,high,8,41.82
ppo,queue-AE-8d,s123,high,9,47.53
ppo,queue-AE-8d,s123,high,10,49.8
ppo,queue-AE-8d,s123,high,11,58.31
ppo,queue-AE-8d,s123,high,12,72.98
ppo,queue-AE-8d,s123,high,13,81.98
ppo,queue-AE-8d,s123,high,14,99.0
ppo,queue-AE-8d,s123,high,15,106.38
ppo,queue-AE-8d,s123,high,16,161.44
ppo,queue-AE-8d,s123,high,17,195.98
ppo,queue-AE-8d,s123,high,18,253.4
ppo,queue-AE-8d,s123,high,19,287.64
ppo,queue-AE-8d,s123,high,20,323.56
ppo,queue-AE-8d,s123,high,21,363.07
ppo,queue-AE-8d,s123,high,22,398.44
ppo,queue-AE-8d,s123,high,23,426.49
ppo,queue-AE-8d,s123,high,24,455.24
ppo,queue-AE-8d,s123,high,25,486.58
ppo,queue-AE-8d,s123,high,26,518.71
ppo,queue-AE-8d,s123,high,27,536.09
ppo,queue-AE-8d,s123,high,28,542.13
ppo,queue-AE-8d,s123,high,29,546.16
ppo,queue-AE-8d,s123,high,30,552.6
ppo,queue-AE-8d,s123,high,31,564.02
ppo,queue-AE-8d,s123,high,32,574.2
ppo,queue-AE-8d,s123,high,33,579.98
ppo,queue-AE-8d,s123,high,34,586.64
ppo,queue-AE-8d,s123,high,35,592.53
ppo,queue-AE-8d,s123,high,36,591.78
ppo,queue-AE-8d,s123,high,37,592.16
ppo,queue-AE-8d,s123,high,38,591.44
ppo,queue-AE-8d,s123,high,39,590.93
ppo,queue-AE-8d,s123,high,40,592.0
ppo,queue-AE-8d,s123,high,41,591.16
ppo,queue-AE-8d,s123,high,42,591.47
ppo,queue-AE-8d,s123,high,43,592.04
ppo,queue-AE-8d,s123,high,44,590.93
ppo,queue-AE-8d,s123,high,45,591.4
ppo,queue-AE-8d,s42,high,1,6.04
ppo,queue-AE-8d,s42,high,2,10.0
ppo,queue-AE-8d,s42,high,3,10.18
ppo,queue-AE-8d,s42,high,4,8.04
ppo,queue-AE-8d,s42,high,5,9.11
ppo,queue-AE-8d,s42,high,6,14.0
ppo,queue-AE-8d,s42,high,7,24.16
ppo,queue-AE-8d,s42,high,8,30.11
ppo,queue-AE-8d,s42,high,9,36.2
ppo,queue-AE-8d,s42,high,10,36.87
ppo,queue-AE-8d,s42,high,11,36.82
ppo,queue-AE-8d,s42,high,12,44.91
ppo,queue-AE-8d,s42,high,13,49.69
ppo,queue-AE-8d,s42,high,14,57.78
ppo,queue-AE-8d,s42,high,15,53.96
ppo,queue-AE-8d,s42,high,16,65.51
ppo,queue-AE-8d,s42,high,17,81.36
ppo,queue-AE-8d,s42,high,18,78.33
ppo,queue-AE-8d,s42,high,19,97.16
ppo,queue-AE-8d,s42,high,20,122.31
ppo,queue-AE-8d,s42,high,21,163.71
ppo,queue-AE-8d,s42,high,22,186.47
ppo,queue-AE-8d,s42,high,23,227.16
ppo,queue-AE-8d,s42,high,24,266.22
ppo,queue-AE-8d,s42,high,25,321.76
ppo,queue-AE-8d,s42,high,26,363.49
ppo,queue-AE-8d,s42,high,27,393.96
ppo,queue-AE-8d,s42,high,28,418.44
ppo,queue-AE-8d,s42,high,29,443.96
ppo,queue-AE-8d,s42,high,30,476.36
ppo,queue-AE-8d,s42,high,31,513.33
ppo,queue-AE-8d,s42,high,32,529.56
ppo,queue-AE-8d,s42,high,33,544.62
ppo,queue-AE-8d,s42,high,34,552.49
ppo,queue-AE-8d,s42,high,35,561.18
ppo,queue-AE-8d,s42,high,36,568.51
ppo,queue-AE-8d,s42,high,37,576.6
ppo,queue-AE-8d,s42,high,38,585.76
ppo,queue-AE-8d,s42,high,39,589.44
ppo,queue-AE-8d,s42,high,40,589.84
ppo,queue-AE-8d,s42,high,41,589.09
ppo,queue-AE-8d,s42,high,42,589.58
ppo,queue-AE-8d,s42,high,43,589.47
ppo,queue-AE-8d,s42,high,44,589.07
ppo,queue-AE-8d,s42,high,45,589.3
ppo,queue,s123,low,1,2.2
ppo,queue,s123,low,2,1.98
ppo,queue,s123,low,3,1.53
ppo,queue,s123,low,4,2.2
ppo,queue,s123,low,5,1.4
ppo,queue,s123,low,6,1.53
ppo,queue,s123,low,7,2.0
ppo,queue,s123,low,8,1.73
ppo,queue,s123,low,9,1.64
ppo,queue,s123,low,10,2.31
ppo,queue,s123,low,11,1.8
ppo,queue,s123,low,12,1.4
ppo,queue,s123,low,13,1.62
ppo,queue,s123,low,14,2.47
ppo,queue,s123,low,15,1.87
ppo,queue,s123,low,16,2.04
ppo,queue,s123,low,17,1.82
ppo,queue,s123,low,18,1.87
ppo,queue,s123,low,19,2.31
ppo,queue,s123,low,20,2.36
ppo,queue,s123,low,21,1.98
ppo,queue,s123,low,22,1.67
ppo,queue,s123,low,23,1.29
ppo,queue,s123,low,24,2.09
ppo,queue,s123,low,25,1.13
ppo,queue,s123,low,26,1.31
ppo,queue,s123,low,27,1.56
ppo,queue,s123,low,28,2.36
ppo,queue,s123,low,29,2.02
ppo,queue,s123,low,30,1.62
ppo,queue,s123,low,31,1.96
ppo,queue,s123,low,32,2.0
ppo,queue,s123,low,33,2.22
ppo,queue,s123,low,34,1.87
ppo,queue,s123,low,35,1.44
ppo,queue,s123,low,36,1.98
ppo,queue,s123,low,37,1.76
ppo,queue,s123,low,38,1.53
ppo,queue,s123,low,39,1.6
ppo,queue,s123,low,40,1.33
ppo,queue,s123,low,41,1.4
ppo,queue,s123,low,42,1.71
ppo,queue,s123,low,43,1.78
ppo,queue,s123,low,44,1.87
ppo,queue,s123,low,45,1.4
ppo,queue,s123,medium,1,2.42
ppo,queue,s123,medium,2,4.87
ppo,queue,s123,medium,3,4.24
ppo,queue,s123,medium,4,4.02
ppo,queue,s123,medium,5,2.82
ppo,queue,s123,medium,6,3.67
ppo,queue,s123,medium,7,3.47
ppo,queue,s123,medium,8,2.27
ppo,queue,s123,medium,9,4.09
ppo,queue,s123,medium,10,3.16
ppo,queue,s123,medium,11,3.07
ppo,queue,s123,medium,12,2.31
ppo,queue,s123,medium,13,3.56
ppo,queue,s123,medium,14,2.18
ppo,queue,s123,medium,15,3.53
ppo,queue,s123,medium,16,3.18
ppo,queue,s123,medium,17,3.24
ppo,queue,s123,medium,18,3.11
ppo,queue,s123,medium,19,2.31
ppo,queue,s123,medium,20,2.62
ppo,queue,s123,medium,21,2.27
ppo,queue,s123,medium,22,3.47
ppo,queue,s123,medium,23,3.58
ppo,queue,s123,medium,24,2.56
ppo,queue,s123,medium,25,3.56
ppo,queue,s123,medium,26,3.29
ppo,queue,s123,medium,27,2.4
ppo,queue,s123,medium,28,2.98
ppo,queue,s123,medium,29,3.62
ppo,queue,s123,medium,30,2.51
ppo,queue,s123,medium,31,3.09
ppo,queue,s123,medium,32,3.22
ppo,queue,s123,medium,33,2.87
ppo,queue,s123,medium,34,2.91
ppo,queue,s123,medium,35,3.16
ppo,queue,s123,medium,36,3.64
ppo,queue,s123,medium,37,2.58
ppo,queue,s123,medium,38,2.36
ppo,queue,s123,medium,39,3.67
ppo,queue,s123,medium,40,2.64
ppo,queue,s123,medium,41,2.67
ppo,queue,s123,medium,42,3.33
ppo,queue,s123,medium,43,3.4
ppo,queue,s123,medium,44,3.4
ppo,queue,s123,medium,45,3.5
ppo,queue,s123,high,1,5.8
ppo,queue,s123,high,2,10.56
ppo,queue,s123,high,3,16.87
ppo,queue,s123,high,4,11.04
ppo,queue,s123,high,5,8.96
ppo,queue,s123,high,6,9.09
ppo,queue,s123,high,7,10.98
ppo,queue,s123,high,8,14.62
ppo,queue,s123,high,9,13.24
ppo,queue,s123,high,10,11.78
ppo,queue,s123,high,11,9.67
ppo,queue,s123,high,12,10.07
ppo,queue,s123,high,13,11.4
ppo,queue,s123,high,14,9.31
ppo,queue,s123,high,15,9.24
ppo,queue,s123,high,16,9.38
ppo,queue,s123,high,17,10.69
ppo,queue,s123,high,18,10.73
ppo,queue,s123,high,19,9.76
ppo,queue,s123,high,20,8.29
ppo,queue,s123,high,21,9.71
ppo,queue,s123,high,22,8.64
ppo,queue,s123,high,23,8.29
ppo,queue,s123,high,24,9.13
ppo,queue,s123,high,25,7.56
ppo,queue,s123,high,26,9.91
ppo,queue,s123,high,27,12.0
ppo,queue,s123,high,28,8.53
ppo,queue,s123,high,29,8.73
ppo,queue,s123,high,30,8.91
ppo,queue,s123,high,31,6.8
ppo,queue,s123,high,32,9.16
ppo,queue,s123,high,33,10.18
ppo,queue,s123,high,34,8.89
ppo,queue,s123,high,35,7.67
ppo,queue,s123,high,36,8.82
ppo,queue,s123,high,37,9.0
ppo,queue,s123,high,38,9.84
ppo,queue,s123,high,39,7.04
ppo,queue,s123,high,40,7.22
ppo,queue,s123,high,41,8.16
ppo,queue,s123,high,42,7.76
ppo,queue,s123,high,43,8.89
ppo,queue,s123,high,44,10.49
ppo,queue,s123,high,45,10.1
ppo,queue,s42,high,1,5.87
ppo,queue,s42,high,2,10.8
ppo,queue,s42,high,3,10.96
ppo,queue,s42,high,4,12.73
ppo,queue,s42,high,5,12.0
ppo,queue,s42,high,6,14.58
ppo,queue,s42,high,7,12.8
ppo,queue,s42,high,8,14.84
ppo,queue,s42,high,9,12.36
ppo,queue,s42,high,10,11.91
ppo,queue,s42,high,11,13.11
ppo,queue,s42,high,12,13.87
ppo,queue,s42,high,13,15.71
ppo,queue,s42,high,14,11.67
ppo,queue,s42,high,15,14.69
ppo,queue,s42,high,16,13.44
ppo,queue,s42,high,17,13.18
ppo,queue,s42,high,18,12.02
ppo,queue,s42,high,19,10.93
ppo,queue,s42,high,20,10.71
ppo,queue,s42,high,21,14.22
ppo,queue,s42,high,22,12.13
ppo,queue,s42,high,23,11.33
ppo,queue,s42,high,24,12.49
ppo,queue,s42,high,25,13.47
ppo,queue,s42,high,26,12.89
ppo,queue,s42,high,27,16.98
ppo,queue,s42,high,28,12.8
ppo,queue,s42,high,29,11.76
ppo,queue,s42,high,30,11.67
ppo,queue,s42,high,31,12.58
ppo,queue,s42,high,32,11.07
ppo,queue,s42,high,33,12.62
ppo,queue,s42,high,34,11.2
ppo,queue,s42,high,35,12.47
ppo,queue,s42,high,36,14.07
ppo,queue,s42,high,37,13.82
ppo,queue,s42,high,38,11.6
ppo,queue,s42,high,39,11.93
ppo,queue,s42,high,40,12.64
ppo,queue,s42,high,41,11.67
ppo,queue,s42,high,42,12.6
ppo,queue,s42,high,43,12.69
ppo,queue,s42,high,44,13.27
ppo,queue,s42,high,45,12.8
ppo,queue,s42,medium,1,2.84
ppo,queue,s42,medium,2,6.18
ppo,queue,s42,medium,3,6.56
ppo,queue,s42,medium,4,5.44
ppo,queue,s42,medium,5,7.13
ppo,queue,s42,medium,6,6.11
ppo,queue,s42,medium,7,6.07
ppo,queue,s42,medium,8,5.22
ppo,queue,s42,medium,9,5.4
ppo,queue,s42,medium,10,6.42
ppo,queue,s42,medium,11,6.27
ppo,queue,s42,medium,12,5.96
ppo,queue,s42,medium,13,6.78
ppo,queue,s42,medium,14,5.62
ppo,queue,s42,medium,15,5.53
ppo,queue,s42,medium,16,4.33
ppo,queue,s42,medium,17,6.07
ppo,queue,s42,medium,18,4.91
ppo,queue,s42,medium,19,4.24
ppo,queue,s42,medium,20,5.89
ppo,queue,s42,medium,21,5.69
ppo,queue,s42,medium,22,7.69
ppo,queue,s42,medium,23,5.87
ppo,queue,s42,medium,24,5.64
ppo,queue,s42,medium,25,6.0
ppo,queue,s42,medium,26,7.16
ppo,queue,s42,medium,27,6.87
ppo,queue,s42,medium,28,6.29
ppo,queue,s42,medium,29,5.44
ppo,queue,s42,medium,30,5.53
ppo,queue,s42,medium,31,6.73
ppo,queue,s42,medium,32,5.76
ppo,queue,s42,medium,33,5.16
ppo,queue,s42,medium,34,4.84
ppo,queue,s42,medium,35,7.13
ppo,queue,s42,medium,36,7.04
ppo,queue,s42,medium,37,4.22
ppo,queue,s42,medium,38,7.56
ppo,queue,s42,medium,39,2.69
ppo,queue,s42,medium,40,5.0
ppo,queue,s42,medium,41,6.16
ppo,queue,s42,medium,42,5.67
ppo,queue,s42,medium,43,7.22
ppo,queue,s42,medium,44,6.07
ppo,queue,s42,medium,45,5.8
ppo,queue,s42,low,1,1.76
ppo,queue,s42,low,2,2.82
ppo,queue,s42,low,3,2.93
ppo,queue,s42,low,4,2.71
ppo,queue,s42,low,5,2.93
ppo,queue,s42,low,6,3.02
ppo,queue,s42,low,7,3.84
ppo,queue,s42,low,8,3.53
ppo,queue,s42,low,9,4.11
ppo,queue,s42,low,10,4.29
ppo,queue,s42,low,11,3.58
ppo,queue,s42,low,12,3.36
ppo,queue,s42,low,13,3.64
ppo,queue,s42,low,14,3.96
ppo,queue,s42,low,15,3.42
ppo,queue,s42,low,16,4.53
ppo,queue,s42,low,17,3.96
ppo,queue,s42,low,18,2.31
ppo,queue,s42,low,19,4.42
ppo,queue,s42,low,20,4.2
ppo,queue,s42,low,21,2.84
ppo,queue,s42,low,22,5.2
ppo,queue,s42,low,23,3.73
ppo,queue,s42,low,24,2.8
ppo,queue,s42,low,25,2.29
ppo,queue,s42,low,26,2.87
ppo,queue,s42,low,27,3.96
ppo,queue,s42,low,28,4.98
ppo,queue,s42,low,29,3.78
ppo,queue,s42,low,30,3.91
ppo,queue,s42,low,31,2.29
ppo,queue,s42,low,32,3.36
ppo,queue,s42,low,33,3.44
ppo,queue,s42,low,34,4.47
ppo,queue,s42,low,35,3.47
ppo,queue,s42,low,36,3.82
ppo,queue,s42,low,37,4.02
ppo,queue,s42,low,38,3.09
ppo,queue,s42,low,39,3.31
ppo,queue,s42,low,40,3.76
ppo,queue,s42,low,41,3.02
ppo,queue,s42,low,42,2.53
ppo,queue,s42,low,43,2.84
ppo,queue,s42,low,44,3.78
ppo,queue,s42,low,45,4.1
ppo,queue,s777,low,1,2.18
ppo,queue,s777,low,2,1.6
ppo,queue,s777,low,3,1.38
ppo,queue,s777,low,4,1.51
ppo,queue,s777,low,5,1.2
ppo,queue,s777,low,6,1.96
ppo,queue,s777,low,7,1.36
ppo,queue,s777,low,8,2.47
ppo,queue,s777,low,9,1.89
ppo,queue,s777,low,10,1.8
ppo,queue,s777,low,11,1.53
ppo,queue,s777,low,12,1.4
ppo,queue,s777,low,13,1.51
ppo,queue,s777,low,14,1.87
ppo,queue,s777,low,15,1.64
ppo,queue,s777,low,16,0.8
ppo,queue,s777,low,17,2.16
ppo,queue,s777,low,18,2.16
ppo,queue,s777,low,19,1.6
ppo,queue,s777,low,20,1.82
ppo,queue,s777,low,21,1.33
ppo,queue,s777,low,22,1.64
ppo,queue,s777,low,23,1.78
ppo,queue,s777,low,24,2.09
ppo,queue,s777,low,25,1.47
ppo,queue,s777,low,26,2.0
ppo,queue,s777,low,27,1.44
ppo,queue,s777,low,28,1.93
ppo,queue,s777,low,29,1.18
ppo,queue,s777,low,30,1.62
ppo,queue,s777,low,31,1.2
ppo,queue,s777,low,32,1.38
ppo,queue,s777,low,33,1.42
ppo,queue,s777,low,34,1.96
ppo,queue,s777,low,35,2.11
ppo,queue,s777,low,36,2.29
ppo,queue,s777,low,37,1.78
ppo,queue,s777,low,38,1.47
ppo,queue,s777,low,39,1.47
ppo,queue,s777,low,40,1.6
ppo,queue,s777,low,41,1.82
ppo,queue,s777,low,42,1.29
ppo,queue,s777,low,43,1.67
ppo,queue,s777,low,44,2.02
ppo,queue,s777,low,45,1.8
ppo,queue,s777,medium,1,2.71
ppo,queue,s777,medium,2,3.69
ppo,queue,s777,medium,3,2.96
ppo,queue,s777,medium,4,2.96
ppo,queue,s777,medium,5,3.56
ppo,queue,s777,medium,6,2.4
ppo,queue,s777,medium,7,2.87
ppo,queue,s777,medium,8,3.89
ppo,queue,s777,medium,9,2.49
ppo,queue,s777,medium,10,3.07
ppo,queue,s777,medium,11,3.4
ppo,queue,s777,medium,12,2.6
ppo,queue,s777,medium,13,2.6
ppo,queue,s777,medium,14,3.98
ppo,queue,s777,medium,15,2.73
ppo,queue,s777,medium,16,2.42
ppo,queue,s777,medium,17,2.11
ppo,queue,s777,medium,18,2.69
ppo,queue,s777,medium,19,2.13
ppo,queue,s777,medium,20,3.69
ppo,queue,s777,medium,21,2.31
ppo,queue,s777,medium,22,3.47
ppo,queue,s777,medium,23,3.47
ppo,queue,s777,medium,24,3.2
ppo,queue,s777,medium,25,2.58
ppo,queue,s777,medium,26,4.09
ppo,queue,s777,medium,27,3.13
ppo,queue,s777,medium,28,1.89
ppo,queue,s777,medium,29,3.67
ppo,queue,s777,medium,30,3.09
ppo,queue,s777,medium,31,4.2
ppo,queue,s777,medium,32,2.87
ppo,queue,s777,medium,33,4.0
ppo,queue,s777,medium,34,3.11
ppo,queue,s777,medium,35,3.47
ppo,queue,s777,medium,36,3.11
ppo,queue,s777,medium,37,1.87
ppo,queue,s777,medium,38,2.71
ppo,queue,s777,medium,39,3.16
ppo,queue,s777,medium,40,3.07
ppo,queue,s777,medium,41,2.42
ppo,queue,s777,medium,42,2.91
ppo,queue,s777,medium,43,3.36
ppo,queue,s777,medium,44,3.8
ppo,queue,s777,medium,45,4.8
ppo,queue,s777,high,1,5.67
ppo,queue,s777,high,2,6.16
ppo,queue,s777,high,3,7.78
ppo,queue,s777,high,4,8.58
ppo,queue,s777,high,5,8.36
ppo,queue,s777,high,6,8.09
ppo,queue,s777,high,7,9.78
ppo,queue,s777,high,8,13.02
ppo,queue,s777,high,9,13.73
ppo,queue,s777,high,10,10.98
ppo,queue,s777,high,11,8.31
ppo,queue,s777,high,12,9.11
ppo,queue,s777,high,13,9.93
ppo,queue,s777,high,14,13.93
ppo,queue,s777,high,15,11.2
ppo,queue,s777,high,16,10.49
ppo,queue,s777,high,17,11.91
ppo,queue,s777,high,18,9.42
ppo,queue,s777,high,19,7.42
ppo,queue,s777,high,20,9.42
ppo,queue,s777,high,21,9.98
ppo,queue,s777,high,22,9.36
ppo,queue,s777,high,23,9.6
ppo,queue,s777,high,24,9.56
ppo,queue,s777,high,25,8.04
ppo,queue,s777,high,26,8.58
ppo,queue,s777,high,27,9.93
ppo,queue,s777,high,28,7.8
ppo,queue,s777,high,29,9.6
ppo,queue,s777,high,30,8.49
ppo,queue,s777,high,31,8.31
ppo,queue,s777,high,32,8.0
ppo,queue,s777,high,33,10.89
ppo,queue,s777,high,34,9.16
ppo,queue,s777,high,35,7.16
ppo,queue,s777,high,36,12.67
ppo,queue,s777,high,37,11.29
ppo,queue,s777,high,38,8.49
ppo,queue,s777,high,39,7.64
ppo,queue,s777,high,40,9.69
ppo,queue,s777,high,41,8.6
ppo,queue,s777,high,42,10.16
ppo,queue,s777,high,43,9.4
ppo,queue,s777,high,44,9.62
ppo,queue,s777,high,45,11.5
