timestep,loss,value_loss,entropy_loss,approx_kl,clip_fraction,explained_variance,policy_gradient_loss
200,,,,,,,
400,19.89935302734375,36.630884885787964,-3.688876932859421,1.2516975e-07,0.0,-0.06385540962219238,-0.00015156820419885974
600,6.346663951873779,12.717342710494995,-3.6888757169246675,3.185868e-07,0.0,-0.053526997566223145,-0.0001851524394920201
800,8.736863136291504,20.353216123580932,-3.688874053955078,2.166629e-07,0.0,0.022013723850250244,-0.00012861600445557286
1000,11.317301750183105,24.62424168586731,-3.6888737976551056,1.5318395e-07,0.0,0.03595924377441406,-0.00010402026850653279
1200,7.51207971572876,13.539537644386291,-3.6888738751411436,3.9756299e-07,0.0,-0.021728992462158203,-0.00018847214966217775
1400,14.050375938415527,29.064373445510864,-3.688873517513275,1.7970801e-07,0.0,-0.02934849262237549,-0.00013998524883982456
1600,2.6941850185394287,6.2779134750366214,-3.6888733386993406,1.2758373e-06,0.0,-0.09629428386688232,-0.000373299123083104
1800,12.047719955444336,22.57746994495392,-3.6888721108436586,1.5050173e-07,0.0,-0.019736647605895996,-7.38985541404169e-05
2000,3.457029104232788,7.989517486095428,-3.6888715386390687,2.8938055e-07,0.0,0.013394415378570557,-0.00018400944950371922
2200,10.872431755065918,20.199322175979614,-3.688870906829834,1.5467405e-07,0.0,-0.06924235820770264,-9.315961615652402e-05
2400,13.821175575256348,24.02091488838196,-3.688870686292648,8.553266e-08,0.0,0.012049555778503418,-8.571571043933802e-05
2600,8.424777030944824,16.273129653930663,-3.6888700485229493,2.348423e-07,0.0,0.00479811429977417,-0.0001254597744198116
2800,9.792861938476562,16.397106885910034,-3.688868921995163,1.12354755e-07,0.0,0.009296655654907227,-8.903101862323126e-05
3000,5.837533950805664,9.482452476024628,-3.688868635892868,1.4156103e-07,0.0,0.08319199085235596,-0.00011313196950943905
3200,11.845829963684082,23.673046827316284,-3.6888684570789336,1.4483928e-07,0.0,-0.018131136894226074,-0.00010866901234827254
3400,7.390546798706055,12.530643880367279,-3.6888677954673765,3.3140185e-07,0.0,-0.029422283172607422,-0.00016516339774237389
3600,3.1683707237243652,5.720762693881989,-3.688866525888443,8.34763e-07,0.0,0.07158786058425903,-0.0002750937043356494
3800,3.3779256343841553,7.790001142024994,-3.6888654589653016,4.10378e-07,0.0,-0.08935654163360596,-0.00016756203954786385
4000,20.86552619934082,43.732305908203124,-3.6888653218746184,2.8312206e-08,0.0,0.032675325870513916,-1.8561616639800603e-05
4200,19.35969352722168,35.461765146255495,-3.6888650238513945,3.0696395e-08,0.0,0.05527597665786743,-6.211189952216589e-05
4400,17.19640350341797,33.570925855636595,-3.6888653218746184,2.4437904e-08,0.0,0.05012989044189453,-5.76836615184817e-05
4600,8.328837394714355,13.162826752662658,-3.688864827156067,6.768107e-07,0.0,-0.027402877807617188,-0.0002776110185565894
4800,10.566971778869629,25.65324158668518,-3.688863867521286,1.4722347e-07,0.0,-0.019536972045898438,-0.00011756408251835104
5000,13.624969482421875,29.973800659179688,-3.688863903284073,5.841255e-08,0.0,0.00683218240737915,-7.507255693075531e-05
5200,17.757781982421875,39.21353840827942,-3.6888646602630617,1.2516976e-08,0.0,-0.055675625801086426,-4.07126845172634e-05
5400,8.353659629821777,16.036715149879456,-3.688864690065384,1.3589859e-07,0.0,0.0019596219062805176,-0.00010321490786406873
5600,12.56701374053955,26.295591259002684,-3.6888638377189635,1.758337e-07,0.0,-0.03155314922332764,-0.0001348349833169671
5800,24.618408203125,49.4620903968811,-3.6888640463352202,1.3411046e-08,0.0,-0.017785310745239258,-3.3659502945226906e-05
6000,2.1954879760742188,5.530636858940125,-3.6888643383979796,1.1110305e-06,0.0,-0.026877403259277344,-0.0003516324466241283
6200,9.996234893798828,17.260785865783692,-3.688863128423691,1.8209218e-07,0.0,-0.05489397048950195,-0.00013235318575945953
6400,15.434718132019043,27.838901662826537,-3.688862645626068,5.78165e-08,0.0,-0.02633976936340332,-7.59696514494479e-05
6600,13.51423168182373,23.086549377441408,-3.688862955570221,9.268523e-08,0.0,-0.06858861446380615,-9.669706282567913e-05
6800,8.298055648803711,13.979620909690857,-3.68886262178421,7.122755e-08,0.0,0.046756088733673096,-7.964482879723178e-05
7000,5.6824140548706055,11.836991691589356,-3.688863253593445,2.3037195e-07,0.0,-0.01377880573272705,-0.0001497433032441098
7200,7.340777397155762,14.592632842063903,-3.6888632476329803,1.077354e-06,0.0,0.002825021743774414,-0.0002931228115662599
7400,6.614999771118164,19.438965487480164,-3.688863980770111,1.8775464e-07,0.0,-0.06746220588684082,-0.00011557942728893656
7600,13.822824478149414,26.74443664550781,-3.6888638138771057,3.2782555e-08,0.0,-0.020792484283447266,-5.109096349178444e-05
7800,9.320944786071777,22.19776475429535,-3.688863551616669,6.3776966e-08,0.0,-0.02976858615875244,-8.35549387377732e-05
8000,5.366621494293213,15.880718755722047,-3.688864195346832,5.5134297e-08,0.0,0.04299980401992798,-6.477176413932639e-05
8200,18.844907760620117,36.187278509140015,-3.6888630270957945,5.1051376e-07,0.0,0.04456967115402222,-0.00019870316165102598
8400,10.148235321044922,19.791275453567504,-3.6888628005981445,7.6293944e-08,0.0,0.03826838731765747,-6.708218891935403e-05
8600,9.986343383789062,21.70194363594055,-3.6888627409934998,4.261732e-08,0.0,0.04480481147766113,-5.574742018485956e-05
8800,18.1254825592041,36.74652094841004,-3.6888622105121613,2.6524066e-08,0.0,-0.028808236122131348,-6.230698542157853e-05
9000,14.95047378540039,30.180563735961915,-3.6888618767261505,2.682209e-08,0.0,0.00039774179458618164,-5.191424463308891e-05
9200,6.628236770629883,15.833374667167664,-3.688861608505249,3.1143426e-07,0.0,-0.03803813457489014,-0.00015304121344046352
9400,8.016327857971191,16.652542734146117,-3.6888616383075714,1.9004941e-06,0.0,0.005034804344177246,-0.00042173148991673235
9600,2.6283931732177734,5.557947373390197,-3.6888591945171356,3.3050776e-07,0.0,0.04519391059875488,-0.00014255617514709052
9800,5.638432025909424,11.678417992591857,-3.6888586938381196,5.0365927e-08,0.0,-0.05707681179046631,-5.7463243949662515e-05
10000,7.694725036621094,12.544450616836547,-3.6888584017753603,1.4901161e-07,0.0,-0.03381311893463135,-0.00011017736724054928
10200,5.326784133911133,9.166102719306945,-3.6888577044010162,8.434057e-08,0.0,0.0027597546577453613,-8.606769895918021e-05
10400,8.740072250366211,14.975780344009399,-3.688856840133667,3.8743018e-08,0.0,-0.0445246696472168,-6.603617953695461e-05
10600,10.814589500427246,20.492957615852355,-3.688857227563858,2.6822093e-08,0.0,0.07697635889053345,-4.9710363346910925e-05
10800,12.203479766845703,20.878014898300172,-3.6888569831848144,1.7583371e-08,0.0,-0.17270386219024658,-3.9320439271506305e-05
11000,6.738448143005371,14.596358442306519,-3.6888567924499513,2.30968e-07,0.0,0.08710432052612305,-0.00013526541091340438
11200,5.050907135009766,10.8908616065979,-3.688856840133667,7.18236e-08,0.0,-0.07141292095184326,-7.69703684690981e-05
11400,17.538667678833008,32.012377405166625,-3.6888561844825745,4.1127205e-08,0.0,0.012427449226379395,-5.952678623244445e-05
11600,6.299680233001709,10.483734822273254,-3.688854902982712,1.0997057e-07,0.0,-0.060649752616882324,-0.00010745387425514785
11800,6.028958320617676,12.031674790382386,-3.6888545989990233,1.9729139e-07,0.0,-0.006086826324462891,-0.00012228452390914413
12000,19.026348114013672,34.34820303916931,-3.688853943347931,7.301569e-08,0.0,-0.04468798637390137,-9.019364490265857e-05
12200,22.709949493408203,41.54333548545837,-3.68885338306427,3.0100345e-08,0.0,0.03078097105026245,-5.542984640483084e-05
12400,18.0477352142334,38.60942606925964,-3.688853073120117,8.34465e-09,0.0,0.02569037675857544,-2.971713258932418e-05
12600,12.896756172180176,21.614411735534667,-3.6888540387153625,3.6656857e-08,0.0,0.021013975143432617,-6.112903337349707e-05
12800,6.2853007316589355,10.532536673545838,-3.688853031396866,9.6559525e-08,0.0,0.019462764263153076,-8.008583324288221e-05
13000,9.480440139770508,20.2814551115036,-3.688852828741074,1.1473894e-07,0.0,-0.03931736946105957,-0.00010275052478303515
13200,5.71811056137085,7.979895055294037,-3.688853752613068,1.949072e-07,0.0,-0.060289740562438965,-0.0001528023788537336
13400,4.365853309631348,6.926434326171875,-3.688853991031647,4.807115e-07,0.0,-0.08018052577972412,-0.0002061366753243199
13600,16.534940719604492,28.764018726348876,-3.688854604959488,5.2154064e-08,0.0,-0.02151954174041748,-3.86892108974024e-05
13800,6.03167200088501,12.564564108848572,-3.6888549089431764,3.5047532e-07,0.0,-0.028853535652160645,-0.0001844567946626574
14000,11.423478126525879,23.249269199371337,-3.688853269815445,1.1354685e-07,0.0,0.005287349224090576,-9.927760777099781e-05
14200,8.639175415039062,15.559404373168945,-3.6888530910015107,6.079674e-08,0.0,-0.019086480140686035,-7.315500068276748e-05
14400,8.959824562072754,18.176569557189943,-3.6888518631458282,1.9401313e-07,0.0,-0.03037238121032715,-0.00012962953729012128
14600,3.264492988586426,6.204943168163299,-3.6888527810573577,1.5342235e-06,0.0,-0.05878245830535889,-0.00038451473395841875
14800,10.185227394104004,19.547763800621034,-3.688854444026947,9.733438e-07,0.0,0.028425157070159912,-0.00025767228634308024
15000,8.242847442626953,18.439012575149537,-3.6888548135757446,4.3839216e-07,0.0,-0.00754702091217041,-0.0001697809384886728
15200,4.62003755569458,8.790724074840545,-3.6888547360897066,1.7613173e-07,0.0,0.021674036979675293,-0.00011389355375741594
15400,11.09525203704834,22.031902194023132,-3.6888559579849245,4.7981743e-08,0.0,0.013567030429840088,-5.6887366279756436e-05
15600,12.066258430480957,20.507063889503478,-3.6888561725616453,7.042289e-07,0.0,0.04281872510910034,-0.00027158045440318636
15800,8.015050888061523,16.117325019836425,-3.6888557612895965,9.089708e-08,0.0,0.03393089771270752,-6.906105568962317e-05
16000,10.651334762573242,24.50403332710266,-3.6888566672801972,1.7583371e-08,0.0,-0.08672881126403809,-4.470492963499772e-05
16200,6.816479682922363,15.790115904808044,-3.6888554096221924,9.4175334e-08,0.0,0.020010411739349365,-8.341223776693329e-05
16400,4.456059455871582,8.179617285728455,-3.688855618238449,4.8279762e-08,0.0,0.06496882438659668,-6.806279684887784e-05
16600,16.36117172241211,30.943520259857177,-3.6888561844825745,1.7881394e-08,0.0,-0.07422399520874023,-5.492118755263675e-05
16800,12.081647872924805,22.8535204410553,-3.688855141401291,1.0430813e-08,0.0,-0.06191551685333252,-4.3442584293629236e-05
17000,7.050933837890625,12.321278500556947,-3.6888554632663726,4.2289494e-07,0.0,-0.026321887969970703,-0.00021222599692158895
17200,4.683478355407715,11.664674007892609,-3.688853007555008,1.8566847e-07,0.0,-0.010557293891906738,-0.0001159070741936663
17400,8.29691219329834,16.51863548755646,-3.6888527989387514,1.6450882e-07,0.0,0.06548243761062622,-0.00012244331835553623
17600,3.565918207168579,10.730355501174927,-3.6888527989387514,8.2880257e-07,0.0,-0.04671204090118408,-0.0002542832816570861
17800,3.6339619159698486,7.214008343219757,-3.6888515651226044,4.053116e-07,0.0,-0.040305495262145996,-0.0001793382094453122
18000,10.05449104309082,32.85012803077698,-3.6888506412506104,6.198883e-08,0.0,0.059701383113861084,-7.525934230967479e-05
18200,3.8447012901306152,7.671121037006378,-3.6888509333133697,8.6128715e-08,0.0,-0.1224067211151123,-8.477375583701985e-05
18400,4.177228927612305,7.793872320652008,-3.6888507068157197,9.384752e-07,0.0,-0.028915047645568848,-0.00024971437519689666
18600,10.889054298400879,19.769886946678163,-3.6888495862483976,6.586313e-08,0.0,-0.014284014701843262,-5.20993578453588e-05
18800,12.131567001342773,24.964348363876343,-3.6888525784015656,2.2649765e-08,0.0,-0.011991262435913086,-4.9936026204910886e-05
19000,3.8266103267669678,6.7951654434204105,-3.688850963115692,1.180172e-07,0.0,0.018484532833099365,-0.00010779759262431465
19200,2.7397608757019043,5.489414197206497,-3.6888516187667846,1.12056725e-07,0.0,0.008323907852172852,-9.110401526628565e-05
19400,6.397341728210449,11.662193369865417,-3.6888513803482055,6.437301e-08,0.0,-0.011797666549682617,-7.959219108713e-05
19600,2.843181848526001,6.670498883724212,-3.6888517916202543,5.5611133e-07,0.0,-0.11443400382995605,-0.00023001505433684066
19800,14.514103889465332,24.70056781768799,-3.68885058760643,4.9471854e-08,0.0,-0.07547032833099365,-3.828796742606499e-05
20000,26.790103912353516,58.805109119415285,-3.688850164413452,5.364418e-09,0.0,-0.055405616760253906,-2.261983613358609e-05
20200,13.411815643310547,23.43886435031891,-3.6888507127761843,1.9580128e-07,0.0,-0.045227766036987305,-0.00014587435223609724
20400,4.497271537780762,11.294684433937073,-3.688850474357605,7.599593e-08,0.0,0.06139451265335083,-6.316722933705777e-05
20600,16.497730255126953,34.657275438308716,-3.6888505816459656,1.3709069e-08,0.0,0.040316104888916016,-4.3608382776927356e-05
20800,5.151030540466309,9.991431379318238,-3.6888452053070067,2.8899312e-06,0.0,0.03923141956329346,-0.0005017169884236061
21000,10.354567527770996,19.928381276130676,-3.6888391017913817,1.13248824e-07,0.0,0.12010061740875244,-3.23722287268069e-05
21200,11.776618957519531,20.200291514396667,-3.6888394176959993,1.2338162e-07,0.0,0.019874215126037598,-0.00010352951298207014
21400,13.334402084350586,25.866343641281127,-3.6888380706310273,2.115965e-08,0.0,-0.012855291366577148,-3.3333018252790224e-05
21600,4.252707481384277,7.60411878824234,-3.6888391196727754,1.7672777e-07,0.0,-0.027639389038085938,-0.000122801624784441
21800,9.855748176574707,20.012432861328126,-3.6888357043266295,2.4259091e-07,0.0,-0.019916176795959473,-0.00015258216119677924
22000,5.389209270477295,15.40862696170807,-3.6888378381729128,4.4107438e-08,0.0,0.024246037006378174,-4.907932928781556e-05
22200,4.7153706550598145,10.08694429397583,-3.6888392508029937,1.1402368e-06,0.0,-0.04875826835632324,-0.00035350036799144393
22400,8.54878044128418,17.584356236457825,-3.6888384342193605,9.149313e-08,0.0,-0.040343642234802246,-2.8959095673641855e-05
22600,8.58300495147705,16.046903109550477,-3.688834768533707,3.039837e-08,0.0,-0.028319716453552246,-5.128848554480925e-05
22800,8.77461051940918,14.990658020973205,-3.688834661245346,4.172325e-08,0.0,0.012187480926513672,-5.5737331214267274e-05
23000,5.786645889282227,11.516725742816925,-3.688838005065918,7.271766e-08,0.0,-0.04569578170776367,-7.642979913349279e-05
23200,2.699734687805176,6.578138327598571,-3.6888386428356172,1.9401313e-07,0.0,-0.04396820068359375,-0.00013414017160315873
23400,14.393646240234375,30.2973744392395,-3.688838118314743,1.6093255e-08,0.0,-0.015331387519836426,-2.5120795167055122e-05
23600,7.671387195587158,14.344034671783447,-3.6888395309448243,3.784895e-08,0.0,0.013779819011688232,-6.17439003671727e-05
23800,5.369354724884033,11.721825742721558,-3.688839441537857,4.4107438e-08,0.0,-0.038147568702697754,-5.948111419804558e-05
24000,12.35632610321045,22.093849325180052,-3.688837021589279,7.0035455e-08,0.0,0.03258699178695679,-7.606759704418265e-05
24200,6.0851593017578125,14.50492615699768,-3.688839739561081,5.6326392e-08,0.0,-0.04517209529876709,-8.341829506766096e-05
24400,8.851162910461426,17.970926451683045,-3.68883593082428,2.592802e-08,0.0,0.07041633129119873,-5.405972179346463e-05
24600,14.217059135437012,26.313395738601685,-3.6888408839702604,3.695488e-08,0.0,-0.03772532939910889,-6.695988782770001e-05
24800,3.5474331378936768,8.283076989650727,-3.6888377487659456,1.4960766e-07,0.0,0.029591500759124756,-0.00011290543541875309
25000,6.511561870574951,13.469186639785766,-3.688838666677475,1.3828279e-07,0.0,0.00011169910430908203,-0.00010602708097512403
25200,16.64057159423828,33.63129024505615,-3.6888361394405367,1.3113021e-08,0.0,0.057897984981536865,-2.738918350246866e-05
25400,5.280310153961182,8.310023474693299,-3.688835746049881,1.886487e-07,0.0,-0.02160930633544922,-0.0001301418761149975
25600,4.52304220199585,11.296577882766723,-3.6888324677944184,4.416704e-07,0.0,-0.004451155662536621,-0.00017089467501847367
25800,2.6794614791870117,4.772146362066269,-3.688833647966385,2.3356079e-06,0.0,0.06093454360961914,-0.00044086231512483474
26000,1.8035833835601807,4.43045911192894,-3.6888361096382143,2.512336e-07,0.0,-0.013550996780395508,-0.00011628918357242668
26200,17.14041519165039,25.738891887664796,-3.688834822177887,2.5033952e-08,0.0,-0.011837601661682129,-5.317607534625068e-05
26400,4.784243583679199,9.683635258674622,-3.688835734128952,1.3768673e-07,0.0,-0.1344066858291626,-0.00011241458236930236
26600,3.3341493606567383,6.824525690078735,-3.6888342022895815,9.953976e-08,0.0,-0.07393920421600342,-7.696110725862182e-05
26800,16.113414764404297,28.290212154388428,-3.688836634159088,1.9371509e-08,0.0,0.002353072166442871,-3.831779969338811e-05
27000,8.332435607910156,15.279388904571533,-3.6888327479362486,9.000301e-08,0.0,-0.0012949705123901367,-8.599369191562012e-05
27200,8.206185340881348,14.607369256019592,-3.688832610845566,1.4096499e-07,0.0,-0.015205740928649902,-0.00011475137670231561
27400,8.267670631408691,16.228510689735412,-3.688828003406525,7.784367e-07,0.0,-0.024416089057922363,-0.0002588054609898416
27600,7.592082500457764,18.143139266967772,-3.6888269007205965,2.232194e-07,0.0,-0.006039023399353027,-0.00014128866800220408
27800,11.508342742919922,22.37027778625488,-3.6888263523578644,3.0994414e-08,0.0,-0.05393719673156738,-4.719838515701014e-05
28000,6.610844135284424,13.217852783203124,-3.6888270914554595,5.4836274e-08,0.0,-0.0123060941696167,-7.83690509782442e-05
28200,7.757318019866943,13.75683810710907,-3.688828545808792,6.139278e-08,0.0,-0.08799159526824951,-7.303181277005245e-05
28400,2.8873510360717773,8.606684470176697,-3.688825988769531,5.3346156e-08,0.0,-0.02324962615966797,-7.466686547075163e-05
28600,5.976317882537842,17.967393374443056,-3.6888261795043946,2.324581e-08,0.0,0.006287813186645508,-4.780498159506763e-05
28800,4.8187994956970215,8.509348845481872,-3.688828778266907,1.3679266e-07,0.0,0.06883209943771362,-0.000113288408807799
29000,2.8041069507598877,6.588199692964554,-3.6888224840164185,2.2155048e-06,0.0,0.01949542760848999,-0.0005682989526093029
29200,18.0557804107666,39.12629690170288,-3.6888193130493163,1.195073e-07,0.0,0.01974940299987793,-2.4838074527444574e-05
29400,7.473709583282471,16.552694368362427,-3.6888183057308197,3.993511e-08,0.0,0.003940880298614502,-5.979912042759494e-05
29600,5.609746932983398,10.282203578948975,-3.6888216912746428,8.404255e-08,0.0,0.05877000093460083,-8.276837299119322e-05
29800,10.806437492370605,17.37046287059784,-3.688822829723358,6.645918e-08,0.0,0.03587871789932251,-6.531700447158784e-05
30000,8.627881050109863,15.003049421310426,-3.6888261675834655,1.579523e-08,0.0,0.0369110107421875,-3.765220191649376e-05
30200,7.089077472686768,13.308626413345337,-3.688823801279068,6.368756e-07,0.0,0.06519675254821777,-0.00022966072955910022
30400,13.529146194458008,24.58858699798584,-3.688821542263031,5.483627e-08,0.0,-0.08185601234436035,-6.207566300502343e-05
30600,9.264863967895508,14.995953130722047,-3.688823789358139,3.5464765e-08,0.0,-0.04744148254394531,-6.34098203440514e-05
30800,4.9702982902526855,9.045119404792786,-3.688825750350952,1.17719175e-07,0.0,0.006692647933959961,-0.00011946158227831294
31000,2.974276304244995,5.817040407657624,-3.6888193428516387,1.5488267e-06,0.0,-0.044919729232788086,-0.0004293552213587404
31200,5.916982650756836,10.413306653499603,-3.6888201951980593,5.149841e-07,0.0,-0.03487372398376465,-0.00018143614256223018
31400,7.621504306793213,15.433011603355407,-3.6888220608234406,9.3281265e-08,0.0,0.03291374444961548,-5.2501574152752364e-05
31600,10.472355842590332,23.13354949951172,-3.688819146156311,2.3841855e-09,0.0,0.047413170337677,-2.7736723352500548e-05
31800,16.686819076538086,30.271021604537964,-3.688817834854126,3.8743018e-09,0.0,0.0314713716506958,-2.3864403480367004e-05
32000,15.935543060302734,28.045311403274535,-3.6888177692890167,9.23872e-09,0.0,-0.02183711528778076,-3.965027995356252e-05
32200,9.895709037780762,19.84366934299469,-3.688822364807129,3.9368868e-07,0.0,-0.022965550422668457,-0.00018766686273465893
32400,5.846174716949463,10.19229872226715,-3.688819247484207,3.117323e-07,0.0,-0.06529068946838379,-0.00014718487882863228
32600,8.585646629333496,17.84264008998871,-3.6888193488121033,7.8380104e-08,0.0,-0.0012952089309692383,-7.533468285714218e-05
32800,3.757664918899536,7.8855937123298645,-3.688815850019455,6.616116e-08,0.0,0.06843394041061401,-8.167900882281032e-05
33000,8.656563758850098,18.33267641067505,-3.688817620277405,7.3015684e-08,0.0,0.011514365673065186,-8.826541934396915e-05
33200,11.67793083190918,20.7137047290802,-3.6888207316398622,4.4703485e-09,0.0,-0.029137730598449707,-2.5998659305859206e-05
33400,7.539356231689453,12.046814477443695,-3.6888222694396973,4.649162e-08,0.0,-0.04449915885925293,-7.183825983327896e-05
33600,7.4840264320373535,12.702614355087281,-3.688819682598114,3.2782555e-07,0.0,0.06767958402633667,-0.00016177766770488766
33800,4.89878511428833,8.652919483184814,-3.6888187885284425,1.1771917e-07,0.0,-0.07429015636444092,-0.00010014218084850591
34000,8.838384628295898,20.488639926910402,-3.6888173818588257,1.9669532e-08,0.0,-0.038927316665649414,-3.666630395349202e-05
34200,17.94446563720703,25.277914667129515,-3.6888159692287443,2.5629998e-08,0.0,0.032905519008636475,-4.831776020184364e-05
34400,13.52900505065918,35.835477352142334,-3.688819009065628,8.9406965e-10,0.0,-0.0032830238342285156,-2.2889129681846754e-05
34600,11.750025749206543,23.054809474945067,-3.6888188481330872,7.45058e-09,0.0,0.01352614164352417,-3.609710921437248e-05
34800,5.90523624420166,14.18845796585083,-3.688822078704834,3.695488e-08,0.0,0.014968693256378174,-5.4006927083793954e-05
35000,5.141751289367676,11.894242763519287,-3.6888164639472962,4.982948e-07,0.0,-0.08478963375091553,-0.00022368435297650535
35200,7.615804672241211,16.37956702709198,-3.688817250728607,6.7949294e-08,0.0,0.04671680927276611,-7.528750639922422e-05
35400,4.614904403686523,9.250958836078643,-3.688817971944809,8.6933375e-07,0.0,0.008702218532562256,-0.0003063887048486258
35600,4.875916004180908,7.6883056402206424,-3.688814491033554,2.4259091e-07,0.0,-0.03179049491882324,-0.00011015609413878025
35800,4.426425457000732,10.25946900844574,-3.6888090312480926,6.67572e-08,0.0,-0.14059209823608398,-8.024204479692987e-05
36000,8.33216381072998,18.5913596868515,-3.6888135969638824,6.7055225e-08,0.0,-0.0029371976852416992,-7.583156957950976e-05
36200,2.400141954421997,4.278847700357437,-3.6888102114200594,1.8963219e-06,0.0,0.05165755748748779,-0.0004110425963265163
36400,6.822370529174805,12.335423064231872,-3.688813716173172,1.7821789e-07,0.0,-0.0052378177642822266,-3.0374646515296533e-05
36600,1.8473186492919922,3.852901977300644,-3.688812130689621,2.1904707e-07,0.0,-0.08445525169372559,-0.00014724404401998957
36800,11.010727882385254,25.155303382873534,-3.688813626766205,1.8775463e-08,0.0,-0.06752026081085205,-3.3850915945876636e-05
37000,12.659015655517578,29.719270610809325,-3.6888105869293213,1.847744e-08,0.0,-0.018707752227783203,-4.696337871195056e-05
37200,7.183888912200928,14.242353951931,-3.688810557126999,3.2186512e-07,0.0,-0.01050567626953125,-0.00014057762997529144
37400,12.283129692077637,20.961740183830262,-3.6888106882572176,2.9802322e-08,0.0,0.01312178373336792,-3.770521290871187e-05
37600,10.414012908935547,20.65357360839844,-3.6888135015964507,9.953976e-08,0.0,-0.015456914901733398,-9.284466457076812e-05
37800,8.466445922851562,18.00325765609741,-3.68880934715271,1.7017126e-07,0.0,0.016415834426879883,-0.00012678486121151523
38000,9.654278755187988,20.597470808029176,-3.6888089060783384,1.7881394e-08,0.0,0.10159826278686523,-1.6386456796979588e-05
38200,5.802363872528076,9.803666532039642,-3.6888096213340758,1.2844801e-07,0.0,-0.01762986183166504,-0.00011041325198108964
38400,13.271245956420898,29.095596981048583,-3.6888105273246765,1.6838312e-07,0.0,-0.009088993072509766,-0.00013654959219389085
38600,15.956059455871582,35.04985084533691,-3.6888091027736665,1.0430813e-08,0.0,-0.004454374313354492,-2.083756024600092e-05
38800,7.963809490203857,14.358875393867493,-3.6888105392456056,2.9206275e-08,0.0,0.016180455684661865,-5.676630121902449e-05
39000,3.717888593673706,6.9568471789360045,-3.688811218738556,8.183718e-07,0.0,-0.026064395904541016,-0.0002821144180600754
39200,6.486252307891846,9.943777108192444,-3.6888047814369203,1.0579824e-07,0.0,0.03193694353103638,-8.112601903615957e-05
39400,11.254837036132812,25.62132692337036,-3.6888032972812654,1.4305115e-08,0.0,0.03721177577972412,-3.17130165903734e-05
39600,13.722368240356445,24.76222195625305,-3.6888047397136687,3.606081e-08,0.0,-0.015622615814208984,-6.475752659929057e-05
39800,8.227715492248535,11.901542341709137,-3.6888034999370576,7.241964e-08,0.0,0.052970170974731445,-8.322698584359856e-05
40000,8.500983238220215,16.982294535636903,-3.688808965682983,4.7683715e-09,0.0,-0.03351569175720215,-2.5861203890364948e-05
40200,10.545812606811523,23.15886878967285,-3.688803106546402,4.7683715e-09,0.0,0.04778754711151123,-3.534816964263498e-05
40400,9.11494255065918,18.120197892189026,-3.6888072073459623,2.1755694e-08,0.0,-0.07131469249725342,-5.322448973972271e-05
40600,4.714574813842773,8.855223274230957,-3.6888102769851683,4.774332e-07,0.0,0.01279914379119873,-0.00022016876929500384
40800,9.198904991149902,18.67801170349121,-3.68880672454834,2.9802322e-08,0.0,0.046383440494537354,-1.8849715638680208e-05
41000,3.7444674968719482,10.870275342464447,-3.688803803920746,1.9967555e-08,0.0,-0.01099395751953125,-4.37241421309853e-05
41200,21.101537704467773,34.68042912483215,-3.6888091385364534,1.1026859e-08,0.0,0.0021399855613708496,-4.1734277895866255e-05
41400,9.358154296875,18.990033769607543,-3.688800710439682,5.352497e-07,0.0,0.0001481771469116211,-0.00024646749480985444
41600,3.0571095943450928,6.961768341064453,-3.6888073205947878,1.4871358e-07,0.0,-0.003204345703125,-0.00010974714926714757
41800,13.364012718200684,26.175304651260376,-3.6887980937957763,2.0265578e-08,0.0,0.021803855895996094,-4.452330240098945e-05
42000,11.91191291809082,19.816283702850342,-3.68879856467247,6.824732e-08,0.0,-0.04416465759277344,-8.781170842127039e-05
42200,7.546603202819824,13.103666949272156,-3.6888061642646788,1.09374525e-07,0.0,-0.005453944206237793,-0.00010435850953571801
42400,7.81031608581543,13.044205474853516,-3.6887996971607206,3.993511e-07,0.0,-0.03686392307281494,-0.00019013080001082372
42600,12.278267860412598,27.319602966308594,-3.6888011693954468,3.248453e-08,0.0,-0.04301285743713379,-3.600600377904328e-05
42800,5.108046054840088,9.381260645389556,-3.688802492618561,7.3581936e-07,0.0,-0.05507957935333252,-0.00023559748487356202
43000,7.823534965515137,17.216992449760436,-3.688796889781952,1.5407801e-07,0.0,-0.04166901111602783,-8.422156827787574e-05
43200,6.3650994300842285,14.107220792770386,-3.6887952089309692,3.069639e-08,0.0,0.0435141921043396,-4.387214607435297e-05
43400,4.007409572601318,8.178663194179535,-3.68879656791687,1.7344952e-07,0.0,-0.02408289909362793,-0.00011103296204666435
43600,4.729676246643066,9.649103772640228,-3.6887882232666014,4.610419e-07,0.0,0.031949520111083984,-0.0002137576339509728
43800,9.276274681091309,16.85556435585022,-3.6887908577919006,7.18236e-08,0.0,0.04881405830383301,-7.512515708527623e-05
44000,5.780738353729248,13.906910681724549,-3.688788563013077,5.3584574e-07,0.0,-0.023182272911071777,-0.00023176065253469603
44200,9.870545387268066,18.977657079696655,-3.688790112733841,9.8645685e-08,0.0,-0.0021028518676757812,-7.916586821361537e-05
44400,1.9791450500488281,5.108351618051529,-3.688787895441055,1.166761e-06,0.0,0.10708010196685791,-0.00035325506524406245
44600,5.6103196144104,10.911268544197082,-3.688789540529251,1.5795231e-07,0.0,-0.05716383457183838,-8.070283426842018e-05
44800,3.9413177967071533,9.20173100233078,-3.688790339231491,3.7252903e-08,0.0,0.044052302837371826,-6.588165455356787e-05
45000,12.602729797363281,19.565113043785097,-3.6887838661670687,9.536743e-09,0.0,0.054659128189086914,-2.9108397799282314e-05
45200,7.7921977043151855,17.72606770992279,-3.6887828528881075,1.3816357e-06,0.0,0.02384793758392334,-0.0003361540609652103
45400,7.465515613555908,15.899414038658142,-3.6887823700904847,1.17123136e-07,0.0,-0.0063037872314453125,1.7183154890076935e-05
45600,7.433835029602051,18.76254849433899,-3.688777279853821,3.2782555e-08,0.0,0.007959365844726562,-5.6664741961731656e-05
45800,9.06937313079834,16.9480840921402,-3.6887825667858123,1.4007092e-08,0.0,0.022870361804962158,-4.492339473065599e-05
46000,6.516046047210693,11.82082109451294,-3.688778740167618,1.7881394e-08,0.0,0.03483903408050537,-4.747048076945148e-05
46200,15.479232788085938,32.93411054611206,-3.6887775659561157,3.695488e-08,0.0,0.030007779598236084,-7.460918687458573e-05
46400,5.0546135902404785,14.65662112236023,-3.6887762427330015,2.324581e-08,0.0,0.035985469818115234,-4.9741477045861517e-05
46600,6.147476673126221,9.881579494476318,-3.6887813448905944,7.718801e-08,0.0,0.017096102237701416,-7.632030571831372e-05
46800,6.379469394683838,15.247710824012756,-3.6887767553329467,7.8678134e-08,0.0,0.031004905700683594,-8.11865550180979e-05
47000,4.133975028991699,6.867804872989654,-3.688774806261063,1.7794966e-06,0.0,-0.0328218936920166,-0.0003940766233746729
47200,12.07960319519043,23.444276762008666,-3.6887818574905396,7.241964e-08,0.0,-0.015526294708251953,-1.5303954289436205e-05
47400,6.659735679626465,13.186012625694275,-3.688768672943115,8.970498e-08,0.0,0.01870429515838623,-9.990303232521036e-05
47600,5.870392322540283,10.836583924293517,-3.688770991563797,7.5221067e-07,0.0,0.056595802307128906,-0.0002288493817475423
47800,9.967312812805176,18.92743787765503,-3.6887732565402986,4.61936e-08,0.0,-0.054427385330200195,-3.233461836877893e-05
48000,3.5841057300567627,7.32608038187027,-3.6887719333171844,7.56383e-07,0.0,0.01646292209625244,-0.0002651669448998195
48200,7.343300819396973,17.712483406066895,-3.6887670695781707,3.7640334e-07,0.0,0.03784817457199097,-0.00016128542149971282
48400,11.437478065490723,20.390780878067016,-3.6887645781040193,3.3676624e-08,0.0,0.01627129316329956,-4.032160310343258e-05
48600,16.506324768066406,30.012652778625487,-3.6887604117393495,3.5762784e-09,0.0,0.011068522930145264,-3.075376902819116e-05
48800,7.485928058624268,13.185780930519105,-3.688767284154892,1.7583371e-08,0.0,-0.07117998600006104,-4.8844307942630395e-05
49000,13.483543395996094,28.120424842834474,-3.688768756389618,8.9406965e-10,0.0,-0.0659637451171875,-2.025404573826606e-05
49200,10.180014610290527,19.948251581192018,-3.6887659311294554,7.867813e-08,0.0,-0.0037195682525634766,-8.971574880932698e-05
49400,18.169527053833008,38.17046499252319,-3.688763916492462,3.2782552e-09,0.0,0.018992841243743896,-1.9640516529051412e-05
49600,10.193798065185547,22.584196352958678,-3.68877027630806,9.536743e-09,0.0,-0.00966179370880127,-3.358180105692554e-05
49800,10.060534477233887,22.70233941078186,-3.6887666404247286,2.5570392e-07,0.0,0.0037412643432617188,-0.00013688615794560377
50000,12.635498046875,25.003033876419067,-3.688769608736038,3.904104e-08,0.0,0.0024232864379882812,-5.321750778927159e-05
50200,12.952401161193848,31.33316206932068,-3.688763266801834,2.1457673e-08,0.0,-0.018502235412597656,-4.543915382377861e-05
50400,4.192992687225342,10.212570118904114,-3.688769578933716,2.2053719e-08,0.0,-0.0038927793502807617,-4.856784663775926e-05
50600,8.335611343383789,19.47907712459564,-3.688767296075821,8.940696e-09,0.0,0.051935553550720215,-4.027545490949969e-05
50800,7.104831218719482,10.393194580078125,-3.6887682378292084,2.3931267e-07,0.0,0.007213771343231201,-0.00012702473861461172
51000,11.843820571899414,27.82422080039978,-3.688753628730774,4.440546e-08,0.0,-0.0238417387008667,-2.7911380039541413e-05
51200,6.90767240524292,13.68661961555481,-3.688769155740738,9.23872e-09,0.0,-0.04505467414855957,-3.471116021067644e-05
51400,5.870412349700928,12.110959577560426,-3.6887655019760133,5.9604646e-09,0.0,-0.021300077438354492,-3.5101019019601054e-05
51600,2.402362108230591,6.4311197102069855,-3.688763016462326,2.0593406e-07,0.0,0.05716729164123535,-0.00012627573945369618
51800,5.959221839904785,12.503481578826904,-3.6887634336948394,5.355477e-07,0.0,-0.021935701370239258,-0.00022257827265916851
52000,10.328187942504883,24.943952536582948,-3.688764435052872,6.079674e-08,0.0,0.05581420660018921,-5.480250357036143e-05
52200,2.409353256225586,4.9383900463581085,-3.688760370016098,2.014637e-07,0.0,0.002199828624725342,-0.00013826534126075706
52400,10.29026985168457,19.98485572338104,-3.6887560963630674,4.7147273e-07,0.0,-0.017731070518493652,-0.00020199379315510857
52600,6.848003387451172,13.458430171012878,-3.6887565195560454,1.4534593e-06,0.0,0.015032351016998291,-0.00037887662612490214
52800,7.796634674072266,17.28706877231598,-3.6887520790100097,8.648634e-07,0.0,0.03200143575668335,-0.0002709074617017304
53000,9.790624618530273,19.375516510009767,-3.688763302564621,7.808208e-08,0.0,-0.004637598991394043,-4.319195454649538e-05
53200,8.928290367126465,21.241315817832948,-3.6887598991394044,1.10268594e-07,0.0,0.008633852005004883,-0.00011512190175284598
53400,8.358379364013672,17.164481902122496,-3.688753181695938,1.3113022e-08,0.0,0.03487253189086914,-3.5504728585733504e-05
53600,3.1931989192962646,6.126108574867248,-3.688763689994812,3.4868716e-08,0.0,0.030007660388946533,-6.207039909202904e-05
53800,12.83822250366211,26.094010210037233,-3.688759332895279,3.039837e-08,0.0,-0.04248499870300293,-6.281976385884569e-05
54000,8.007840156555176,21.209736824035645,-3.6887588798999786,0.0,0.0,0.02037489414215088,-3.0398726514935247e-05
54200,3.839974880218506,10.284637236595154,-3.6887470304965975,3.2484532e-08,0.0,0.04623770713806152,-6.222110265020065e-05
54400,10.018418312072754,21.03007068634033,-3.6887576043605805,1.1026859e-08,0.0,0.02023535966873169,-3.4315392447958895e-05
54600,3.140202760696411,9.423041498661041,-3.6887557089328764,2.6524066e-08,0.0,0.06914734840393066,-5.460759308695273e-05
54800,6.032029628753662,12.105159831047057,-3.6887615382671357,6.3776966e-08,0.0,-0.08487439155578613,-7.848776553913695e-05
55000,8.33573055267334,12.593791151046753,-3.688755977153778,4.1127205e-08,0.0,-0.0004953145980834961,-5.8530554933655665e-05
55200,3.081376552581787,6.608663642406464,-3.6887545228004455,1.642108e-07,0.0,-0.03557538986206055,-0.00012168605574123248
55400,9.906121253967285,20.456848669052125,-3.688755124807358,3.0994414e-08,0.0,0.0052193403244018555,-4.596648375361223e-05
55600,12.408374786376953,26.727512407302857,-3.6887592375278473,4.7683715e-09,0.0,-0.05254256725311279,-3.7104532193232845e-05
55800,2.701012134552002,6.356785130500794,-3.6887595891952514,3.695488e-07,0.0,0.02030205726623535,-0.00017971111474190948
56000,5.605494976043701,10.266252648830413,-3.6887605786323547,6.67572e-08,0.0,-0.02770078182220459,-6.490097976197262e-05
56200,3.8894083499908447,7.5828733205795285,-3.6887601792812346,9.4085937e-07,0.0,-0.07075977325439453,-0.0002577928894543113
56400,1.9470348358154297,3.746832716464996,-3.6887601792812346,2.2649765e-07,0.0,-0.0451352596282959,-0.0001154968441949844
56600,6.637510776519775,12.001918387413024,-3.688753139972687,1.4334917e-07,0.0,0.014617383480072021,-9.967893377553772e-05
56800,12.680106163024902,22.537849044799806,-3.688762229681015,3.0100345e-08,0.0,-0.006968855857849121,-4.9907236993540496e-05
57000,2.795753002166748,5.522925978899002,-3.6887547791004183,5.4240225e-08,0.0,0.00014603137969970703,-7.093378193099298e-05
57200,9.822548866271973,22.52661280632019,-3.6887499749660493,8.940697e-09,0.0,-0.028519272804260254,-3.0062287966625688e-05
57400,10.839838981628418,23.117088508605956,-3.688759446144104,2.115965e-08,0.0,0.02014172077178955,-5.1677338684008586e-05
57600,18.33083724975586,34.459551668167116,-3.6887520849704742,2.980232e-09,0.0,0.020237505435943604,-2.1494738986227447e-05
57800,4.173244953155518,9.25270435810089,-3.6887638747692106,4.1276218e-07,0.0,-0.03832828998565674,-0.00018788321222718007
58000,5.930562973022461,12.55234191417694,-3.6887495696544645,4.5895575e-08,0.0,0.06383281946182251,-2.4376422368277416e-05
58200,5.350623607635498,19.756363201141358,-3.6887603282928465,2.5033952e-08,0.0,-0.01228797435760498,-5.883410552445234e-05
58400,13.032062530517578,22.485547137260436,-3.688753694295883,1.01625915e-07,0.0,0.022810041904449463,-8.48226838168209e-05
58600,7.6631975173950195,19.171587204933168,-3.688756972551346,1.37090685e-08,0.0,-0.037169456481933594,-2.9287524350785078e-05
58800,13.982728958129883,23.77372012138367,-3.6887553095817567,4.7683715e-09,0.0,-0.07110476493835449,-2.8816550977595057e-05
59000,11.259679794311523,27.01759476661682,-3.6887604713439943,5.9902675e-08,0.0,-0.01510930061340332,-7.532694145060415e-05
59200,9.424457550048828,19.616786384582518,-3.6887594759464264,3.1888483e-08,0.0,0.0007415413856506348,-5.326162293730619e-05
59400,12.301773071289062,23.272566986083984,-3.688759517669678,8.0466265e-09,0.0,0.03081613779067993,-4.0195330796066744e-05
59600,3.8858885765075684,8.892228293418885,-3.688758063316345,1.3411045e-08,0.0,-0.017824649810791016,-3.897817038556184e-05
59800,10.245328903198242,16.717836785316468,-3.688762366771698,2.9206277e-08,0.0,0.05334019660949707,-5.431732546608003e-05
60000,4.043927192687988,6.877125334739685,-3.688756048679352,6.3985584e-07,0.0,-0.05314826965332031,-0.00024342589098820256
60200,14.000970840454102,29.56996908187866,-3.688754051923752,6.1690805e-08,0.0,-0.03484761714935303,-6.0399204119887526e-05
60400,3.815840005874634,7.427683269977569,-3.6887570977211,8.2850455e-08,0.0,-0.022528648376464844,-8.940269065433881e-05
60600,7.662952899932861,17.183790540695192,-3.6887605011463167,2.8312208e-08,0.0,-0.006023049354553223,-6.0646296017097256e-05
60800,5.26374626159668,10.009390044212342,-3.68876051902771,5.155802e-08,0.0,0.02652871608734131,-7.643589367416493e-05
61000,17.95619773864746,36.76752734184265,-3.688760507106781,1.3709068e-08,0.0,-0.03040170669555664,-3.57428346438482e-05
61200,7.720568656921387,19.332032132148743,-3.688759112358093,6.556511e-08,0.0,-0.038834452629089355,-8.706951089632042e-05
61400,6.187497615814209,12.125729262828827,-3.688763165473938,7.8111884e-07,0.0,-0.04906332492828369,-0.0002683266707094567
61600,7.013929843902588,15.188510775566101,-3.6887452840805053,1.4752149e-07,0.0,-0.006252646446228027,-9.90718904298582e-05
61800,8.093436241149902,22.48589954376221,-3.688749003410339,2.8014181e-08,0.0,-0.015378832817077637,-5.654357327009585e-05
62000,8.691025733947754,17.670691657066346,-3.6887407898902893,5.2452087e-08,0.0,0.019696295261383057,-6.593550702040928e-05
62200,5.268285751342773,12.638670492172242,-3.6887413561344147,6.0498714e-08,0.0,0.020555973052978516,-8.4500480260985e-05
62400,14.698220252990723,26.190504550933838,-3.6887511253356933,4.172325e-09,0.0,0.012383997440338135,-2.119703588991939e-05
62600,5.827427387237549,11.366244947910308,-3.6887450993061064,1.6379356e-06,0.0,0.003575265407562256,-0.0003931534323838859
62800,6.292660713195801,12.174149775505066,-3.6887361645698546,1.9848346e-07,0.0,-0.025107502937316895,-8.118390255162922e-05
63000,6.048466682434082,11.873039519786834,-3.6887375712394714,4.5895575e-08,0.0,-0.002898097038269043,-6.35382982918653e-05
63200,3.588381767272949,6.347464120388031,-3.6887262582778932,1.15334984e-07,0.0,0.045867204666137695,-0.00011817460579149897
63400,4.918068885803223,9.701936841011047,-3.6887409031391143,3.963709e-08,0.0,0.062118351459503174,-5.9223898097560125e-05
63600,3.8756182193756104,5.7341142237186435,-3.6887274384498596,1.0421873e-06,0.0,0.0846015214920044,-0.00030418903341105085
63800,4.6067962646484375,9.50949274301529,-3.6887281954288484,8.255243e-08,0.0,0.003981053829193115,-7.431572694649446e-05
64000,5.2373738288879395,10.952200746536255,-3.6887196838855743,7.599593e-08,0.0,-0.006041169166564941,-7.961193480499063e-05
64200,4.922599792480469,11.176437067985535,-3.688722813129425,1.2040138e-07,0.0,0.04247546195983887,-0.00010102976946739784
64400,11.806509017944336,28.52197208404541,-3.6887181282043455,4.2915346e-08,0.0,-0.014821052551269531,-6.795361618507911e-05
64600,15.774185180664062,26.455920219421387,-3.6887261807918548,1.7285346e-08,0.0,-0.03227269649505615,-4.0836200004834566e-05
64800,9.76248836517334,16.782189154624938,-3.6887160181999206,8.34465e-09,0.0,-0.009702205657958984,-3.6002710588789455e-05
65000,3.4399545192718506,6.039651238918305,-3.6887209177017213,1.0877847e-07,0.0,0.08570903539657593,-7.839766146620076e-05
65200,6.38512659072876,11.970437037944794,-3.6887219488620757,4.1723254e-08,0.0,0.00013053417205810547,-6.626750610876364e-05
65400,7.916263103485107,16.446756172180176,-3.688719040155411,1.3113022e-08,0.0,-0.05232274532318115,-4.367592903733453e-05
65600,5.782434463500977,12.437173199653625,-3.688725584745407,8.851289e-08,0.0,0.004925668239593506,-9.861059507845215e-05
65800,3.5413060188293457,8.068783271312714,-3.68872429728508,1.0341406e-07,0.0,0.010062038898468018,-7.933132304245305e-05
66000,7.053800582885742,15.20328085422516,-3.6887288451194764,3.7550926e-08,0.0,-0.017485737800598145,-6.711536629753213e-05
66200,9.252182006835938,18.81425349712372,-3.6887236535549164,5.888939e-07,0.0,-0.0059201717376708984,-0.00023725812253707623
66400,6.127019882202148,10.983606886863708,-3.688726192712784,3.4689901e-07,0.0,0.00952291488647461,-0.00014523035218108049
66600,20.035974502563477,35.38055205345154,-3.6887181103229523,9.536743e-09,0.0,0.02671051025390625,-1.5910714601885534e-05
66800,7.548407077789307,16.080797934532164,-3.6887225031852724,2.324581e-08,0.0,0.029096782207489014,-5.680929839835258e-05
67000,4.312066078186035,7.541686570644378,-3.688725137710571,6.0498714e-08,0.0,-0.15021026134490967,-7.590185127777093e-05
67200,5.727245807647705,12.212198781967164,-3.6887321412563323,2.5629998e-08,0.0,-0.026813507080078125,-5.583369737434118e-05
67400,5.588951587677002,15.279225397109986,-3.6887254655361175,2.1755696e-07,0.0,0.029889822006225586,-0.00011925631744270637
67600,5.895529270172119,12.489284598827362,-3.68872492313385,5.450845e-07,0.0,0.022463560104370117,-0.0002086903472664048
67800,4.811401844024658,9.105083179473876,-3.6887252748012545,9.864568e-07,0.0,0.037152767181396484,-0.00027494058584849325
68000,6.735552787780762,12.509207081794738,-3.688725596666336,1.5032291e-06,0.0,-0.028118371963500977,-0.0003985237849691403
68200,4.324460506439209,8.463942515850068,-3.688732326030731,6.386638e-07,0.0,0.03104567527770996,-0.00023645123125424217
68400,4.4051899909973145,8.986465287208556,-3.688737827539444,1.1652709e-07,0.0,-0.052497148513793945,-9.209413864710302e-05
68600,3.2363924980163574,8.159058916568757,-3.6887285470962525,3.3974647e-08,0.0,0.012552738189697266,-5.8561094385645164e-05
68800,4.450136661529541,10.533575201034546,-3.6887383997440337,1.3649463e-07,0.0,-0.003417372703552246,-0.00010261426902058446
69000,6.1639814376831055,11.536395323276519,-3.688729852437973,3.5166742e-08,0.0,-0.013840556144714355,-5.543486412644683e-05
69200,11.038830757141113,23.395790767669677,-3.688738924264908,1.2814999e-08,0.0,-0.023518919944763184,-4.1518121701877855e-05
69400,16.09355354309082,30.425467777252198,-3.6887367129325868,1.490116e-09,0.0,-0.04529619216918945,-2.7179196422255636e-05
69600,4.335442066192627,8.58287467956543,-3.6887349009513857,1.9669534e-08,0.0,0.03287869691848755,-4.834671316871209e-05
69800,7.4057936668396,13.708099198341369,-3.6887325823307036,5.6624415e-08,0.0,0.033015668392181396,-7.576750944808808e-05
70000,13.220516204833984,26.35466637611389,-3.688732272386551,3.5762788e-09,0.0,-0.014682888984680176,-2.2008404171280916e-05
70200,8.103360176086426,15.904868006706238,-3.6887268006801603,5.090237e-07,0.0,0.003769397735595703,-0.00017444186681726538
70400,6.660943508148193,14.299420142173767,-3.688725483417511,6.973743e-08,0.0,-0.010347485542297363,-5.783929314850944e-05
70600,5.045992374420166,12.351398706436157,-3.6887224495410917,2.104044e-07,0.0,0.021856844425201416,-0.00015550269542270457
70800,4.309037685394287,7.766967952251434,-3.6887300491333006,9.962916e-07,0.0,0.06185537576675415,-0.00029788510425192704
71000,2.513296604156494,5.332244646549225,-3.6887204468250276,9.840727e-07,0.0,-0.00020766258239746094,-0.0002712269422800118
71200,7.054858207702637,10.681006848812103,-3.688730758428574,8.970499e-08,0.0,-0.06138288974761963,-6.927974588926134e-05
71400,8.95949649810791,15.353240287303924,-3.6887328684329987,7.370114e-07,0.0,-0.01720595359802246,-0.0002992958091444731
71600,3.197176456451416,7.409769678115845,-3.6887271106243134,1.1950732e-07,0.0,0.023319005966186523,-7.416143285423615e-05
71800,3.890981912612915,8.23348319530487,-3.6887361109256744,4.2021277e-08,0.0,0.008074164390563965,-5.023223194331461e-05
72000,3.0430593490600586,7.649978232383728,-3.688730901479721,1.1563302e-07,0.0,0.008252084255218506,-0.00010274191087091821
72200,5.950717926025391,14.04919891357422,-3.688733512163162,4.440546e-07,0.0,-0.02030801773071289,-0.0001881111351080378
72400,7.095055103302002,15.721121573448182,-3.6887410819530486,7.379055e-07,0.0,0.019112229347229004,-0.00029526147875071627
72600,6.781698226928711,11.224625337123872,-3.688728082180023,8.893013e-07,0.0,0.002930760383605957,-0.00030679160620161185
72800,15.460369110107422,35.67434892654419,-3.6887202680110933,3.606081e-08,0.0,0.03065168857574463,-4.1381865640532924e-05
73000,3.783888578414917,6.668987333774567,-3.6887342154979708,1.2117624e-06,0.0,-0.0056912899017333984,-0.0003183791034688799
73200,8.187786102294922,19.419486165046692,-3.6887307286262514,1.0579824e-07,0.0,0.02464580535888672,-4.50989154810344e-05
73400,7.083585739135742,15.9856351852417,-3.6887207448482515,4.4703485e-09,0.0,0.016558825969696045,-2.435871944772572e-05
73600,9.445913314819336,24.826950979232787,-3.6887340784072875,0.0,0.0,-0.026229381561279297,-2.3135483253899914e-05
73800,14.160120010375977,36.01480841636658,-3.6887278258800507,0.0,0.0,0.0008818507194519043,-1.2986704632567125e-05
74000,4.7437849044799805,12.338947212696075,-3.6887289226055144,1.07288365e-08,0.0,-0.032471656799316406,-4.071334023780793e-05
74200,5.2807135581970215,10.475753593444825,-3.6887379348278047,2.2947788e-08,0.0,0.0010080933570861816,-5.849643035862329e-05
74400,5.9208526611328125,12.74871323108673,-3.688723886013031,4.7683715e-09,0.0,-0.05833864212036133,-3.554203257547517e-05
74600,8.38083267211914,18.31244752407074,-3.6887284398078917,5.9604643e-10,0.0,0.013008654117584229,-1.8856391245236638e-05
74800,4.2089667320251465,8.609463727474212,-3.688725787401199,3.1083823e-07,0.0,0.0028610825538635254,-0.00012077704101853826
75000,10.81523323059082,22.783007645606993,-3.6887274026870727,4.6789648e-08,0.0,0.006830990314483643,-6.70556679526646e-05
75200,10.58271312713623,20.017195057868957,-3.688726806640625,2.682209e-09,0.0,-0.00038993358612060547,-2.390351918881706e-05
75400,9.591474533081055,19.107065272331237,-3.68873336315155,5.6624407e-09,0.0,-0.030087590217590332,-3.588283802278269e-05
75600,9.850650787353516,20.920418620109558,-3.6887254893779753,5.5134297e-08,0.0,0.02245408296585083,-8.321720416413215e-05
75800,14.48594856262207,34.26055636405945,-3.688737893104553,5.9604643e-10,0.0,-0.0033162832260131836,-1.5819638942593528e-05
76000,6.8998541831970215,10.027450144290924,-3.688734567165375,1.5574693e-06,0.0,-0.014550328254699707,-0.00034564431063102143
76200,2.36824107170105,4.6495757639408115,-3.6887370526790617,2.5331974e-07,0.0,0.06927984952926636,-0.00011035122001339382
76400,8.432686805725098,17.04612603187561,-3.6887417137622833,3.5762784e-07,0.0,-0.014788150787353516,-0.0001457694851298985
76600,2.227020025253296,5.199520301818848,-3.6887324512004853,5.7458874e-07,0.0,-0.018849968910217285,-0.00021840086335247477
76800,7.662982940673828,14.670749998092651,-3.6887288808822634,4.3511392e-08,0.0,-0.010501623153686523,-4.943197954316858e-05
77000,16.718473434448242,37.41140394210815,-3.6887244880199432,4.172325e-09,0.0,0.04913008213043213,-2.720853669062606e-05
77200,13.948126792907715,28.016408014297486,-3.688728016614914,0.0,0.0,-0.025011658668518066,-1.9120856978993574e-05
77400,8.143023490905762,16.436257672309875,-3.688730937242508,0.0,0.0,-0.06080043315887451,-2.0475953733356535e-05
77600,8.47779369354248,13.747106313705444,-3.688725531101227,5.7220454e-08,0.0,0.011480391025543213,-7.487659219940213e-05
77800,3.6941616535186768,7.134215492010116,-3.688728207349777,1.436472e-07,0.0,0.0303686261177063,-0.00010387883311113733
78000,2.5464940071105957,4.395420849323273,-3.68873273730278,7.122755e-08,0.0,0.0359569787979126,-7.769262783439146e-05
78200,5.518211841583252,10.8368030667305,-3.688725137710571,3.6239626e-07,0.0,-0.028528809547424316,-0.0001841232176708285
78400,12.096406936645508,23.901491785049437,-3.688731372356415,4.1127205e-08,0.0,-0.004678964614868164,-4.823166186451733e-05
78600,11.21358871459961,21.047801041603087,-3.688723850250244,3.1381845e-07,0.0,0.016465306282043457,-0.00016184281626212548
78800,10.524142265319824,22.324183464050293,-3.6887343883514405,1.8179417e-08,0.0,0.020149946212768555,-9.497307217465334e-06
79000,9.816094398498535,19.129777026176452,-3.6887279391288756,0.0,0.0,0.061247944831848145,-2.672210328427127e-05
79200,5.98980188369751,10.75021231174469,-3.6887398779392244,3.6358834e-08,0.0,0.030411183834075928,-5.568033464982136e-05
79400,3.6729557514190674,6.782704627513885,-3.688737505674362,1.847744e-08,0.0,0.08459627628326416,-4.1872486902860825e-05
79600,1.8032853603363037,4.177244311571121,-3.6887334167957304,9.7453594e-08,0.0,-0.05298757553100586,-9.884983990334772e-05
79800,3.735196113586426,7.96436038017273,-3.688730072975159,6.9737433e-07,0.0,-0.016696572303771973,-0.00024474874878830375
80000,2.8192787170410156,6.805823171138764,-3.6887384831905363,2.6762484e-07,0.0,-0.04221975803375244,-0.00014635661515036703
80200,3.95344614982605,7.267920172214508,-3.688724273443222,1.6719102e-07,0.0,0.053192079067230225,-0.00010248412277062968
80400,3.0345396995544434,6.041283321380615,-3.688726490736008,4.4703487e-08,0.0,0.00683671236038208,-5.819177608525905e-05
80600,0.3941546082496643,0.8018460229039193,-3.688730555772781,1.06990335e-07,0.0,-2.745612859725952,-8.635594691247528e-05
80800,0.4150683283805847,0.839066332578659,-3.688722109794617,9.4473364e-08,0.0,-3.712019920349121,-7.415683591780465e-05
81000,0.3574707508087158,0.8375518843531609,-3.688729280233383,1.6868114e-07,0.0,-20.361968994140625,-0.00012242981820778098
81200,0.3697394132614136,0.751546373963356,-3.6887223780155183,2.0772218e-07,0.0,-1.0817382335662842,-0.00013333792145076018
81400,0.3475315570831299,0.7898689582943916,-3.6887303948402406,1.4096499e-07,0.0,-3.4458937644958496,-0.00011347170272548723
81600,0.33906418085098267,0.7205574348568916,-3.6887243330478667,1.2695789e-07,0.0,-0.7324693202972412,-9.856199061601956e-05
81800,0.36347246170043945,0.7520847633481026,-3.688728702068329,1.5050173e-07,0.0,-2.7620937824249268,-0.00010231023317963661
82000,0.38570964336395264,0.760366752743721,-3.6887272357940675,9.7453594e-08,0.0,-1.6122112274169922,-7.430455513848244e-05
82200,0.3874248266220093,0.7301779150962829,-3.688733273744583,2.2947788e-07,0.0,-1.4253413677215576,-0.00014526396538645515
82400,0.4047187566757202,0.7533496335148812,-3.6887265920639036,2.7060509e-07,0.0,-1.358464241027832,-0.0001605187806017483
82600,0.3725362718105316,0.739394697546959,-3.6887299001216887,1.6689302e-07,0.0,-1.9150638580322266,-9.991361217522864e-05
82800,0.4189104735851288,0.809516741335392,-3.6887129664421083,1.4692544e-07,0.0,-4.437471389770508,-9.762711815008984e-05
83000,0.40241295099258423,0.7554311051964759,-3.6887321770191193,2.4706125e-07,0.0,-4.638230323791504,-0.0001462204307483006
83200,0.3129633069038391,0.7272894822061062,-3.6887221336364746,1.7374755e-07,0.0,-1.7583625316619873,-0.00011608527535784674
83400,0.4113366901874542,0.7861132860183716,-3.6887341499328614,2.05338e-07,0.0,-5.1908111572265625,-0.00013385659581066633
83600,0.3214660882949829,0.6450215861201286,-3.6887341141700745,1.5050172e-07,0.0,-0.45539069175720215,-0.00010939685219524264
83800,0.3679847717285156,0.733930841088295,-3.6887325048446655,1.9818545e-07,0.0,-3.076554298400879,-0.00012789933359176332
84000,0.3039281368255615,0.7257181227207183,-3.6887330651283263,1.913309e-07,0.0,-4.2888946533203125,-0.00012300487563692285
84200,0.31890949606895447,0.6790572375059127,-3.6887376725673677,2.1278858e-07,0.0,-2.550119638442993,-0.0001302342716881455
84400,0.36963123083114624,0.7828660950064659,-3.688728618621826,1.5676022e-07,0.0,-13.360119819641113,-0.00011561231276368544
84600,0.34608614444732666,0.6674894362688064,-3.6887373447418215,3.0905008e-07,0.0,-1.4821434020996094,-0.00016820560328745238
84800,0.3932882249355316,0.7433582425117493,-3.688740277290344,2.2470951e-07,0.0,-7.096527099609375,-0.0001460767098834026
85000,0.29663142561912537,0.6714634239673615,-3.6887422502040863,2.0325184e-07,0.0,-1.8350074291229248,-0.00012835848268437643
85200,0.3656456768512726,0.6883927851915359,-3.6887355744838715,1.7046928e-07,0.0,-1.4467334747314453,-0.00010656140724343288
85400,0.36438310146331787,0.6627690702676773,-3.6887447416782377,1.9431113e-07,0.0,-1.8179116249084473,-0.00013171614667453201
85600,0.3243793249130249,0.6291591055691242,-3.688745391368866,3.0100347e-07,0.0,-0.6025904417037964,-0.000137481407134743
85800,0.33751243352890015,0.6590072572231293,-3.6887453973293303,2.604723e-07,0.0,-2.3723018169403076,-0.000151491343678245
86000,0.35173070430755615,0.6346350535750389,-3.6887488961219788,3.054738e-07,0.0,-1.5406334400177002,-0.00017967553419779848
86200,0.2888975739479065,0.6182556718587875,-3.6887406766414643,2.4288892e-07,0.0,-0.368843674659729,-0.00015936405792373875
86400,0.3266291916370392,0.6597393825650215,-3.6887452602386475,1.4334917e-07,0.0,-4.4032697677612305,-9.259720181811204e-05
86600,0.34751835465431213,0.6598704949021339,-3.688745844364166,1.7553569e-07,0.0,-3.832517623901367,-0.00012168222683657248
86800,0.2765457332134247,0.6386589482426643,-3.688749670982361,2.3186206e-07,0.0,-3.3589186668395996,-0.00012793731669766829
87000,0.3460388481616974,0.6279604330658912,-3.688751059770584,1.9967555e-07,0.0,-3.66318416595459,-0.00012702909094830517
87200,0.32203665375709534,0.6320163115859032,-3.6887475669384004,2.0384789e-07,0.0,-4.288569450378418,-0.00014525602714883236
87400,0.2771261930465698,0.6241140529513359,-3.6887406527996065,3.1769275e-07,0.0,-1.6091837882995605,-0.00016800907164373768
87600,0.31950843334198,0.6092830151319504,-3.6887464106082914,2.449751e-07,0.0,-1.668799877166748,-0.0001461416348154998
87800,0.29044803977012634,0.6165635764598847,-3.6887431383132934,3.8057567e-07,0.0,-1.638033390045166,-0.00019630041722837888
88000,0.37722423672676086,0.705162501335144,-3.688744932413101,2.1994114e-07,0.0,-7.769845008850098,-0.00013180027802590645
88200,0.3184846341609955,0.5931055374443531,-3.6887577354907988,2.3245812e-07,0.0,-2.5455684661865234,-0.00013449891504615507
88400,0.2750994861125946,0.6277004912495613,-3.6887515127658843,3.0845405e-07,0.0,-2.2690553665161133,-0.00016191875846063297
88600,0.2904970049858093,0.5876321405172348,-3.688763749599457,2.9116867e-07,0.0,-2.5640621185302734,-0.00016126353219299007
88800,0.25026530027389526,0.5644113101065159,-3.6887655556201935,2.2381545e-07,0.0,-1.1617159843444824,-0.00012637138408360115
89000,0.30558326840400696,0.6082091689109802,-3.6887583792209626,2.741814e-07,0.0,-2.129448413848877,-0.00015487830372222787
89200,0.3461840748786926,0.6030403867363929,-3.6887666165828703,2.6941302e-07,0.0,-3.457371711730957,-0.00014496921108104744
89400,0.29524821043014526,0.5837038591504097,-3.688761216402054,1.937151e-07,0.0,-4.15513801574707,-0.00013176821205593826
89600,0.31052035093307495,0.5803681813180447,-3.688761514425278,4.2408706e-07,0.0,-1.8145666122436523,-0.00023010621219432537
89800,0.2650529742240906,0.5428645744919777,-3.6887556850910186,2.938509e-07,0.0,-1.1526200771331787,-0.00013999047908943573
90000,0.29453781247138977,0.6016433507204055,-3.6887533962726593,2.6345253e-07,0.0,-5.224155426025391,-0.00015123280205706636
90200,0.273483544588089,0.5640333607792855,-3.688752609491348,2.682209e-07,0.0,-2.52156138420105,-0.00014885276569174267
90400,0.29440486431121826,0.5742043137550354,-3.6887562215328216,2.8759243e-07,0.0,-5.472647190093994,-0.00016153846624646916
90600,0.29585498571395874,0.5534431591629982,-3.688750320672989,2.643466e-07,0.0,-2.6210782527923584,-0.000137424260509178
90800,0.2435413897037506,0.5247715055942536,-3.68875538110733,4.991889e-07,0.0,-1.6167001724243164,-0.0002286616003539743
91000,0.2622281610965729,0.5360974751412868,-3.6887529373168944,3.0517577e-07,0.0,-1.190234661102295,-0.00013973440352152978
91200,0.24895042181015015,0.5382046207785607,-3.6887460172176363,2.7149915e-07,0.0,-1.6632180213928223,-0.0001388032430733155
91400,0.30011478066444397,0.527042032033205,-3.688747209310532,3.7908552e-07,0.0,-2.211493968963623,-0.00017111398199913807
91600,0.21545560657978058,0.5290020294487476,-3.6887473106384276,3.7163494e-07,0.0,-2.9225363731384277,-0.00019691562671777518
91800,0.25957629084587097,0.5886004909873008,-3.6887393474578856,2.399087e-07,0.0,-9.514273643493652,-0.00012776567854722032
92000,0.2569548487663269,0.5574864536523819,-3.6887360215187073,2.655387e-07,0.0,-5.9487786293029785,-0.00013498140901599954
92200,0.2732169032096863,0.5764340452849865,-3.68873935341835,2.2381545e-07,0.0,-11.750967025756836,-0.00012889999101934891
92400,0.2540000379085541,0.48814919143915175,-3.688736206293106,5.447865e-07,0.0,-1.116603136062622,-0.0002203262490023894
92600,0.23951156437397003,0.5182396724820137,-3.6887435913085938,3.4123659e-07,0.0,-3.862426280975342,-0.00016481897336302344
92800,0.2641114592552185,0.5215589419007302,-3.688730335235596,4.6491624e-07,0.0,-3.344879150390625,-0.00017517304449194971
93000,0.24329067766666412,0.47790939956903455,-3.688740688562393,2.7865173e-07,0.0,-1.4431636333465576,-0.00014464159389717678
93200,0.21099907159805298,0.4794606052339077,-3.6887352049350737,4.941225e-07,0.0,-2.025888204574585,-0.00021884799254241473
93400,0.28682389855384827,0.519026804715395,-3.688730537891388,3.0726196e-07,0.0,-2.8147785663604736,-0.00014555594271996596
93600,0.2789883017539978,0.5602037601172924,-3.6887257754802705,2.7865173e-07,0.0,-8.172137260437012,-0.00014118140878469632
93800,0.23978368937969208,0.4592233672738075,-3.688745367527008,4.1157006e-07,0.0,-3.84006404876709,-0.0002151314176146002
94000,0.263817697763443,0.4496717229485512,-3.688731700181961,4.759431e-07,0.0,-0.6492717266082764,-0.00021955627803649236
94200,0.25754377245903015,0.47075463831424713,-3.6887202739715574,4.6133994e-07,0.0,-1.2686915397644043,-0.00020645437517892163
94400,0.2497732937335968,0.5056872434914113,-3.6887263000011443,2.5629996e-07,0.0,-2.8074769973754883,-0.00014958073229001111
94600,0.19284304976463318,0.4647441431879997,-3.6887236833572388,6.136298e-07,0.0,-2.5257351398468018,-0.00022437192508295567
94800,0.2412111610174179,0.4871884651482105,-3.6887169897556307,3.823638e-07,0.0,-1.935032844543457,-0.0001921567238741595
95000,0.2217525690793991,0.4874669753015041,-3.6887240052223205,3.376603e-07,0.0,-4.6527204513549805,-0.00018290958523945467
95200,0.19654127955436707,0.4164873346686363,-3.6887249529361723,3.9577486e-07,0.0,-0.6611171960830688,-0.00018431049656371102
95400,0.25809723138809204,0.4774259626865387,-3.6887208461761474,3.6090614e-07,0.0,-4.658361434936523,-0.00017263126366078295
95600,0.18676377832889557,0.4638271138072014,-3.688714325428009,3.668666e-07,0.0,-5.195534706115723,-0.00016785989039966865
95800,0.2498771846294403,0.46504261046648027,-3.6887140929698945,5.063415e-07,0.0,-5.101561546325684,-0.00019392878497868083
96000,0.22796261310577393,0.4353328973054886,-3.6887205064296724,4.1902064e-07,0.0,-4.622692584991455,-0.00018936085736189767
96200,0.22965599596500397,0.44259877055883406,-3.6887125253677366,5.272031e-07,0.0,-1.7053828239440918,-0.00021324671760858394
96400,0.21936146914958954,0.419202870875597,-3.688703191280365,3.8564204e-07,0.0,-0.5222471952438354,-0.00019230908181704364
96600,0.21485455334186554,0.4479400023818016,-3.688703441619873,2.5242568e-07,0.0,-3.670440196990967,-0.00012980681622920542
96800,0.23962534964084625,0.49205789193511007,-3.688705492019653,2.3275614e-07,0.0,-10.484728813171387,-0.00012884722671508976
97000,0.20365232229232788,0.4289849795401096,-3.6886963129043577,2.399087e-07,0.0,-4.060502052307129,-0.00013750615770682372
97200,0.21434718370437622,0.4532379113137722,-3.6887062788009644,4.0620566e-07,0.0,-7.5366315841674805,-0.00018992881441601828
97400,0.22328439354896545,0.4249894767999649,-3.6886976182460787,5.108118e-07,0.0,-1.3731811046600342,-0.0002265700659906944
97600,0.1830027550458908,0.44083820581436156,-3.688696897029877,2.539158e-07,0.0,-4.934109687805176,-0.0001295381342444557
97800,0.19284838438034058,0.3806457869708538,-3.6887077569961546,3.680587e-07,0.0,-0.8677748441696167,-0.00016420222047539568
98000,0.19548140466213226,0.40948284417390823,-3.6886925399303436,3.8444998e-07,0.0,-1.4861185550689697,-0.00017142863527599416
98200,0.22085848450660706,0.4097029395401478,-3.688693308830261,4.041195e-07,0.0,-3.5220484733581543,-0.00019824096576148698
98400,0.22278109192848206,0.4203774519264698,-3.688694179058075,2.7626754e-07,0.0,-3.3023743629455566,-0.00013403403311773587
98600,0.19659222662448883,0.40788223743438723,-3.688696300983429,2.9504298e-07,0.0,-2.7951393127441406,-0.00015885282173000448
98800,0.2219611555337906,0.451822154968977,-3.688689035177231,2.774596e-07,0.0,-9.700535774230957,-0.00014824539354980627
99000,0.15649715065956116,0.3950568899512291,-3.6886849820613863,4.75049e-07,0.0,-3.6362075805664062,-0.00021265318152714486
99200,0.19516333937644958,0.3472955673933029,-3.6886892080307008,5.456805e-07,0.0,-0.5614438056945801,-0.0002521019406692915
99400,0.19432230293750763,0.3986588083207607,-3.688692432641983,4.1007996e-07,0.0,-4.869358062744141,-0.00017436034670765822
99600,0.17070677876472473,0.36774569302797316,-3.688683259487152,2.3186207e-07,0.0,-1.8125104904174805,-0.00012495191433266052
99800,0.17561525106430054,0.3800382182002068,-3.6886844098567964,3.3855437e-07,0.0,-2.959770441055298,-0.00015762877528469055
100000,0.1849711537361145,0.38143219649791715,-3.688692629337311,3.1113623e-07,0.0,-3.8255062103271484,-0.00014506591890750542
100200,0.19307494163513184,0.3741912253201008,-3.6886961996555327,2.5153162e-07,0.0,-4.301309585571289,-0.00013216052810103296
100400,0.12437396496534348,0.33106653168797495,-3.6887018501758577,2.1517276e-07,0.0,-0.683746337890625,-0.00012052228405261545
100600,0.17709918320178986,0.3873747020959854,-3.688677215576172,2.1725893e-07,0.0,-2.9018256664276123,-0.00011109708353256309
100800,0.1538701355457306,0.3499921798706055,-3.6886947751045227,3.6329033e-07,0.0,-1.8154661655426025,-0.00016842185664973642
101000,0.16084429621696472,0.3860607147216797,-3.6886850535869598,3.7610533e-07,0.0,-5.7629780769348145,-0.0001719359312969626
101200,0.15034060180187225,0.38855099231004714,-3.6886930108070373,3.9339065e-07,0.0,-9.588433265686035,-0.0001997508100807899
101400,0.19779562950134277,0.3656716510653496,-3.6886936247348787,3.772974e-07,0.0,-6.961237907409668,-0.00016910017987576965
101600,0.17922045290470123,0.3498854383826256,-3.6886937618255615,5.534291e-07,0.0,-2.8316237926483154,-0.00023040130632725475
101800,0.1867709457874298,0.33135961517691614,-3.688694453239441,3.2156706e-07,0.0,-1.2560503482818604,-0.00014162853422767797
102000,0.13882748782634735,0.32032067999243735,-3.688698434829712,3.8802625e-07,0.0,-1.5610554218292236,-0.0001634326866195579
102200,0.1416587084531784,0.30089078955352305,-3.6887085497379304,4.0769578e-07,0.0,-0.8038280010223389,-0.0001707970203948861
102400,0.18995650112628937,0.38007367849349977,-3.6886928260326384,2.4944543e-07,0.0,-10.361156463623047,-0.0001335530590232281
102600,0.17622098326683044,0.37480706423521043,-3.6886915802955627,2.9325486e-07,0.0,-10.501964569091797,-0.00015826016742834793
102800,0.16396266222000122,0.3262411680072546,-3.688694769144058,3.8206576e-07,0.0,-5.247023105621338,-0.00016381027942098393
103000,0.14505285024642944,0.32580984979867933,-3.688690370321274,2.7239324e-07,0.0,-4.0301289558410645,-0.00015309601225119707
103200,0.15485785901546478,0.3125536523759365,-3.6887007117271424,3.358722e-07,0.0,-5.575756072998047,-0.0001612016191328891
103400,0.14845505356788635,0.3289078906178474,-3.688687002658844,2.6017426e-07,0.0,-4.746499061584473,-0.00012788592372139362
103600,0.14706459641456604,0.3334435813128948,-3.6886861681938172,4.1276218e-07,0.0,-6.164065361022949,-0.00018235430117563567
103800,0.17747077345848083,0.3229654937982559,-3.688683879375458,2.7298927e-07,0.0,-6.596288204193115,-0.00014777120942781606
104000,0.13771407306194305,0.2852557420730591,-3.688680648803711,4.4852496e-07,0.0,-0.9006792306900024,-0.00019106605565966106
104200,0.1465347558259964,0.3084311567246914,-3.688691484928131,4.3094155e-07,0.0,-3.0071191787719727,-0.0001864491735019236
104400,0.12842699885368347,0.29304302409291266,-3.688690775632858,4.273653e-07,0.0,-2.6897597312927246,-0.00020092290580713267
104600,0.13247741758823395,0.2868147552013397,-3.688680189847946,3.8832428e-07,0.0,-1.4028000831604004,-0.00016536350621128016
104800,0.17457574605941772,0.3128284215927124,-3.688678526878357,3.477931e-07,0.0,-5.330134391784668,-0.0001758455191656516
105000,0.1186608076095581,0.3121100775897503,-3.688680273294449,3.609061e-07,0.0,-3.955264091491699,-0.0001853336106007575
105200,0.10809548199176788,0.2611613668501377,-3.6886937856674193,3.2901764e-07,0.0,-1.2059433460235596,-0.00017173087599644531
105400,0.15058526396751404,0.30182811319828035,-3.688694381713867,3.0070544e-07,0.0,-10.37121868133545,-0.00017353671039845863
105600,0.15203332901000977,0.3052827216684818,-3.68868802189827,2.965331e-07,0.0,-7.02901554107666,-0.00016272267836487942
105800,0.1415606588125229,0.2654721584171057,-3.688694089651108,5.5998566e-07,0.0,-1.4914464950561523,-0.00025102773490517374
106000,0.13227607309818268,0.2764627493917942,-3.6886935114860533,5.170703e-07,0.0,-2.8438756465911865,-0.0001953514062313033
106200,0.14189612865447998,0.25956789329648017,-3.6886789083480833,4.4047835e-07,0.0,-1.3744409084320068,-0.0001915494655418737
106400,0.11279800534248352,0.26184861585497854,-3.6886791944503785,4.6670436e-07,0.0,-0.8152221441268921,-0.0002016887783980792
106600,0.13129574060440063,0.2841581963002682,-3.6886838555335997,3.1769275e-07,0.0,-5.82320499420166,-0.0001512831601553799
106800,0.12690813839435577,0.2810332216322422,-3.6886761248111726,2.9861926e-07,0.0,-6.197739601135254,-0.00013209024029254836
107000,0.14011211693286896,0.2595879539847374,-3.688690984249115,4.0978193e-07,0.0,-2.264756917953491,-0.00017677015835140252
107200,0.13270911574363708,0.28190023861825464,-3.68867250084877,4.804134e-07,0.0,-7.144805908203125,-0.00020765125636685867
107400,0.1231537014245987,0.28038911782205106,-3.6886748552322386,3.606081e-07,0.0,-9.88647174835205,-0.00016021346281149817
107600,0.1266598403453827,0.2449436854571104,-3.6886782586574554,4.029274e-07,0.0,-2.9764952659606934,-0.00017751127372189757
107800,0.1163480207324028,0.2723747160285711,-3.688653886318207,3.9964914e-07,0.0,-9.008026123046875,-0.0001692368993374771
108000,0.11924876272678375,0.2439618069678545,-3.688662427663803,4.2766334e-07,0.0,-1.9167091846466064,-0.00018672332906621847
108200,0.12786878645420074,0.23457086980342864,-3.6886581122875213,3.8713216e-07,0.0,-1.3058879375457764,-0.00017080509731961512
108400,0.1210213378071785,0.2706885624676943,-3.6886540055274963,3.1620266e-07,0.0,-12.19597053527832,-0.00015374067340117036
108600,0.1014363020658493,0.24726423099637032,-3.688661754131317,4.61936e-07,0.0,-5.789107322692871,-0.0001914056243347062
108800,0.11569427698850632,0.24664417579770087,-3.688654625415802,3.2097103e-07,0.0,-4.731036186218262,-0.00014460314812820841
109000,0.12402321398258209,0.25015135407447814,-3.6886632680892943,3.0517577e-07,0.0,-4.90045166015625,-0.00015396032555425876
109200,0.09909366071224213,0.23324834294617175,-3.6886584222316743,3.9458274e-07,0.0,-5.619527816772461,-0.00018994754591563633
109400,0.10860264301300049,0.24426089078187943,-3.688659983873367,4.2170285e-07,0.0,-5.886205196380615,-0.00016910354763961523
109600,0.09905675053596497,0.22195650525391103,-3.688660192489624,4.518032e-07,0.0,-2.4560940265655518,-0.0001747492547682583
109800,0.1182418018579483,0.22006306126713754,-3.6886694729328156,3.8117173e-07,0.0,-3.1806082725524902,-0.00017597389106531746
110000,0.09307470172643661,0.2009358923882246,-3.68867227435112,5.00977e-07,0.0,-1.3712022304534912,-0.00022730870613028032
110200,0.10422497242689133,0.20917213149368763,-3.6886672496795656,3.924966e-07,0.0,-1.6227149963378906,-0.00019875007058771653
110400,0.1025109514594078,0.2341152984648943,-3.6886493265628815,4.479289e-07,0.0,-6.510684967041016,-0.0001998145132956708
110600,0.11906034499406815,0.20994412042200566,-3.6886485636234285,5.4866075e-07,0.0,-1.3817801475524902,-0.00018742474979944747
110800,0.1024094745516777,0.21904498040676118,-3.6886541187763213,2.682209e-07,0.0,-6.934085845947266,-0.0001381890628831428
111000,0.08796542137861252,0.2059292484074831,-3.6886602640151978,2.8371812e-07,0.0,-5.745779991149902,-0.0001392460892172931
111200,0.0871138945221901,0.18570885360240935,-3.6886522591114046,3.5524369e-07,0.0,-0.7721095085144043,-0.00016481058243584813
111400,0.09249942004680634,0.20155478790402412,-3.688645976781845,5.108118e-07,0.0,-2.30444598197937,-0.00021335762443923655
111600,0.09053322672843933,0.18750282675027846,-3.688649022579193,4.3302776e-07,0.0,-1.349611759185791,-0.00020101863174630806
111800,0.0955234169960022,0.1973974708467722,-3.688633841276169,4.4077632e-07,0.0,-1.7751505374908447,-0.00021380774709349736
112000,0.09702970832586288,0.2072026588022709,-3.688634365797043,2.861023e-07,0.0,-8.345666885375977,-0.00013422192986407567
112200,0.09659799188375473,0.18645491264760494,-3.68863382935524,4.145503e-07,0.0,-6.00881814956665,-0.00018997481541696004
112400,0.07361924648284912,0.1646138759329915,-3.688638079166412,5.0514933e-07,0.0,-0.5171983242034912,-0.00021593449945225273
112600,0.0952938124537468,0.1910658273845911,-3.688623470067978,4.4703484e-07,0.0,-6.077773094177246,-0.00017377094825885565
112800,0.08323023468255997,0.18497520163655282,-3.6886357724666596,3.4868717e-07,0.0,-4.196506500244141,-0.00017845174480430882
113000,0.1095130443572998,0.1977919414639473,-3.688643956184387,3.8951634e-07,0.0,-10.45478343963623,-0.00019988369854555542
113200,0.10158326476812363,0.18588537052273751,-3.6886427819728853,4.2200088e-07,0.0,-3.7072296142578125,-0.00017495080037850387
113400,0.09261783212423325,0.17996816150844097,-3.6886438906192778,3.9756299e-07,0.0,-5.363759994506836,-0.00017574624774567836
113600,0.08207889646291733,0.18524957150220872,-3.688626396656036,4.851818e-07,0.0,-5.874458312988281,-0.00022543384092621466
113800,0.08203032612800598,0.16159264631569387,-3.688630622625351,4.4107435e-07,0.0,-0.7585128545761108,-0.0001892453137116945
114000,0.08017267286777496,0.18816201128065585,-3.688618916273117,2.9206277e-07,0.0,-7.466733932495117,-0.00011725673026967698
114200,0.0739879459142685,0.1699137683957815,-3.688632571697235,4.6133994e-07,0.0,-6.705857753753662,-0.00020101284971971723
114400,0.0846601352095604,0.15732163935899734,-3.688620412349701,3.6001205e-07,0.0,-1.7176899909973145,-0.00014985705939221105
114600,0.07776784896850586,0.16055125817656518,-3.6886236488819124,2.1874904e-07,0.0,-1.1619164943695068,-0.00012613929808908965
114800,0.08181711286306381,0.18010338693857192,-3.6886235415935515,3.054738e-07,0.0,-10.329716682434082,-0.0001609071955094521
115000,0.07757484912872314,0.16095947083085776,-3.6886251151561735,2.759695e-07,0.0,-7.050106048583984,-0.00014426243280567518
115200,0.08443177491426468,0.17187016643583775,-3.688599097728729,2.5093556e-07,0.0,-5.366182804107666,-0.00013080380966279392
115400,0.08511539548635483,0.1448081372305751,-3.688615250587463,3.3110382e-07,0.0,-0.5079569816589355,-0.00014326289316493046
115600,0.05952319875359535,0.15395985431969167,-3.6886326670646667,3.3050776e-07,0.0,-5.435216426849365,-0.00016768208040573995
115800,0.05668359994888306,0.1354894358664751,-3.6886446714401244,3.874302e-07,0.0,-1.270256519317627,-0.00017034300254739065
116000,0.06285379827022552,0.14747657310217618,-3.6886367082595823,5.069375e-07,0.0,-3.130537509918213,-0.00020657250960629537
116200,0.07505633682012558,0.16313179805874825,-3.6886139810085297,2.2917986e-07,0.0,-8.301048278808594,-0.00011689579451719112
116400,0.061899296939373016,0.14047932755202056,-3.688637685775757,5.8442356e-07,0.0,-5.500848770141602,-0.00022778984847526829
116600,0.0673694908618927,0.13262830749154092,-3.688636916875839,6.0200693e-07,0.0,-1.311479091644287,-0.0002543114282724801
116800,0.04940985143184662,0.13466563392430544,-3.688629573583603,6.845593e-07,0.0,-1.052168846130371,-0.0002891912748923531
117000,0.06755223125219345,0.13654085714370012,-3.6886463344097136,4.8428774e-07,0.0,-2.280179977416992,-0.00020677240258066832
117200,0.06981370598077774,0.14570443332195282,-3.688625568151474,4.130602e-07,0.0,-6.619071960449219,-0.00018426403384728675
117400,0.05580027028918266,0.12726805936545132,-3.6886079251766204,3.129244e-07,0.0,-1.3059358596801758,-0.00014218527029328243
117600,0.06327258795499802,0.13226706720888615,-3.6886306703090668,3.4868717e-07,0.0,-5.233424663543701,-0.0001495203153094593
117800,0.05630188435316086,0.13116471711546182,-3.688642865419388,6.785989e-07,0.0,-7.165718078613281,-0.00030306701427065266
118000,0.057513657957315445,0.11090250164270402,-3.6886356830596925,4.5090914e-07,0.0,-0.6120392084121704,-0.00019236479737330114
118200,0.054825279861688614,0.11463997680693865,-3.6886512100696565,5.450845e-07,0.0,-1.0053703784942627,-0.00024956972866831963
118400,0.05378590151667595,0.12877692878246308,-3.6886409282684327,4.5984984e-07,0.0,-5.045042037963867,-0.00018604490117308804
118600,0.06039164960384369,0.12070428729057311,-3.68863508105278,6.80089e-07,0.0,-1.9741921424865723,-0.0002530497622572625
118800,0.064992256462574,0.11066548395901918,-3.6886406242847443,4.3928623e-07,0.0,-0.732412576675415,-0.00019016375559868237
119000,0.04730940982699394,0.1265961341559887,-3.6886411547660827,2.8789043e-07,0.0,-13.724180221557617,-0.00016769525568456346
119200,0.05733262002468109,0.1156539699062705,-3.6886437594890595,2.732873e-07,0.0,-5.154858589172363,-0.00015709265940175854
119400,0.05088441073894501,0.11228675842285156,-3.6886481821537016,2.9236077e-07,0.0,-6.000551700592041,-0.00014706367328152226
119600,0.05232501029968262,0.10207522660493851,-3.688635289669037,3.3795834e-07,0.0,-0.9599025249481201,-0.00017226752508108233
119800,0.06067266687750816,0.11915542352944612,-3.688624757528305,3.817678e-07,0.0,-4.583017349243164,-0.000158212915479794
120000,0.037602681666612625,0.10286023169755935,-3.688626205921173,4.1276218e-07,0.0,-1.0775196552276611,-0.00017227114853097804
120200,0.054025739431381226,0.1141614343971014,-3.688623756170273,3.9219856e-07,0.0,-6.424305438995361,-0.00018658487437299697
120400,0.05045776441693306,0.10659026838839054,-3.6886379301548002,2.402067e-07,0.0,-4.75376558303833,-0.00013664729919442563
120600,0.04843034967780113,0.10154969114810228,-3.6886400163173674,7.775426e-07,0.0,-4.538661479949951,-0.0002602013630407463
120800,0.055233508348464966,0.10461190491914749,-3.6886214911937714,3.0905008e-07,0.0,-4.30842924118042,-0.00014133560914544318
121000,0.047121934592723846,0.09586522355675697,-3.6886369228363036,3.2663345e-07,0.0,-1.938410997390747,-0.0001602644317362234
121200,0.03991210460662842,0.09073567036539316,-3.688635230064392,5.5134296e-07,0.0,-2.0185482501983643,-0.00022801052290741808
121400,0.06053309887647629,0.10561147853732109,-3.6886176228523255,4.997849e-07,0.0,-6.5643768310546875,-0.0002002706381763586
121600,0.04685759171843529,0.09842956177890301,-3.6886208832263945,2.2679568e-07,0.0,-7.090167045593262,-0.00012901669841003383
121800,0.04758251830935478,0.09020955990999938,-3.6886105716228483,5.7011846e-07,0.0,-1.4034149646759033,-0.00021359678158869855
122000,0.04249956086277962,0.09480067808181047,-3.6886255502700807,4.917383e-07,0.0,-6.252374172210693,-0.0002214223427600359
122200,0.03881869092583656,0.09525098036974669,-3.688609552383423,4.2736528e-07,0.0,-5.599938869476318,-0.00017661164760411906
122400,0.04133955389261246,0.08475787322968245,-3.688615787029266,3.3229588e-07,0.0,-1.45035982131958,-0.00014522477913399002
122600,0.04451915621757507,0.09035966638475657,-3.6885969638824463,2.771616e-07,0.0,-7.106705665588379,-0.00013774132740405066
122800,0.036752667278051376,0.0797244668006897,-3.688616454601288,4.968047e-07,0.0,-2.139641284942627,-0.000215834023665451
123000,0.03215762972831726,0.08113786829635501,-3.688591057062149,3.8385392e-07,0.0,-0.9147415161132812,-0.0001588166619919562
123200,0.034474145621061325,0.07332699485123158,-3.6886188805103304,3.6656857e-07,0.0,-0.8840372562408447,-0.000183716953334212
123400,0.04492700472474098,0.08174721393734216,-3.688607895374298,4.890561e-07,0.0,-4.636396408081055,-0.0002363803551693522
123600,0.03049372136592865,0.06918198373168707,-3.6886215925216677,4.7326088e-07,0.0,-1.033313512802124,-0.00022254281561524537
123800,0.042338065803050995,0.08550510480999947,-3.6885969400405885,7.918477e-07,0.0,-11.279006958007812,-0.000271098466313191
124000,0.03532042354345322,0.0726621332578361,-3.688583731651306,3.7848946e-07,0.0,-1.5787990093231201,-0.0001746077989437822
124200,0.03252139687538147,0.06898823902010917,-3.6885906577110292,5.1409006e-07,0.0,-0.9441208839416504,-0.00018604590669837328
124400,0.034339115023612976,0.06941099055111408,-3.6885844647884367,3.2782555e-07,0.0,-1.4283781051635742,-0.00012847855593385306
124600,0.03317911550402641,0.07883629593998194,-3.6885679423809052,2.7626754e-07,0.0,-4.591313362121582,-0.00014669898065093888
124800,0.032296545803546906,0.07048370512202382,-3.6885911226272583,3.540516e-07,0.0,-7.724198341369629,-0.00017499142916044264
125000,0.031992632895708084,0.07098900722339749,-3.688598597049713,2.4408104e-07,0.0,-3.8109164237976074,-0.00014685960167142297
125200,0.0259084589779377,0.05947198495268822,-3.688614135980606,5.999208e-07,0.0,-1.083841323852539,-0.00024438099065946515
125400,0.029711591079831123,0.07023016391322016,-3.6885972917079926,3.2633542e-07,0.0,-9.616199493408203,-0.00014165332110280816
125600,0.030289426445961,0.06101228669285774,-3.6885761857032775,7.531047e-07,0.0,-0.7909070253372192,-0.00026772231741993834
125800,0.0268471110612154,0.05956322466954589,-3.688615304231644,5.1409006e-07,0.0,-3.64265775680542,-0.00020406697720205537
126000,0.028275417163968086,0.059423073474317786,-3.688622224330902,5.0306323e-07,0.0,-4.61373233795166,-0.00021944708471206554
126200,0.03041769564151764,0.05987705243751407,-3.688609594106674,3.835559e-07,0.0,-4.930726528167725,-0.00016067288738099705
126400,0.023729216307401657,0.05330510381609201,-3.6886033356189727,5.364418e-07,0.0,-0.6561118364334106,-0.0002227485691025599
126600,0.029856203123927116,0.057847466040402654,-3.6886198818683624,4.225969e-07,0.0,-5.3466997146606445,-0.00018476985487900777
126800,0.024307135492563248,0.052042499743402006,-3.688622164726257,3.221631e-07,0.0,-3.8035268783569336,-0.0001448660354487874
127000,0.029274677857756615,0.05631446707993746,-3.688590145111084,2.2947788e-07,0.0,-3.346848964691162,-0.00010224938467953137
127200,0.01906723342835903,0.04886468378826976,-3.6885902523994445,3.5226347e-07,0.0,-1.012645959854126,-0.0001761229691361166
127400,0.022806691005825996,0.05588494874536991,-3.6885930418968202,3.0100347e-07,0.0,-6.5017242431640625,-0.00015260019858942542
127600,0.019346866756677628,0.04395410986617208,-3.688599592447281,4.926324e-07,0.0,-0.34719932079315186,-0.0002009484147290408
127800,0.02019251324236393,0.043890479300171134,-3.688589411973953,4.75049e-07,0.0,-0.3131650686264038,-0.00020940265713189631
128000,0.021106956526637077,0.04575578290969133,-3.688579481840134,4.7177076e-07,0.0,-1.0484888553619385,-0.00018726010256440163
128200,0.025670170783996582,0.04656659197062254,-3.6885925233364105,3.4451486e-07,0.0,-1.8618297576904297,-0.00015004059654435408
128400,0.020811136811971664,0.044011284690350296,-3.6885822653770446,5.617738e-07,0.0,-0.5224107503890991,-0.00021247686516083774
128600,0.022472694516181946,0.047950461972504854,-3.688578563928604,3.5464763e-07,0.0,-5.669356822967529,-0.0001713134336307487
128800,0.01877596601843834,0.0421960704959929,-3.6885967791080474,4.4375662e-07,0.0,-1.9947195053100586,-0.00018074891351353982
129000,0.02304585836827755,0.046312387380748984,-3.688577675819397,2.9683113e-07,0.0,-5.434345722198486,-0.00015245079898056345
129200,0.019138675183057785,0.041662389785051344,-3.6885840773582457,3.0487774e-07,0.0,-2.454207181930542,-0.0001458086814511539
129400,0.018258675932884216,0.037977281911298635,-3.688588273525238,6.970763e-07,0.0,-1.0896904468536377,-0.00026368183066445284
129600,0.02215481735765934,0.04245347762480378,-3.6885628521442415,3.2663343e-07,0.0,-8.239948272705078,-0.00014210005063297615
129800,0.01560344360768795,0.03317973418161273,-3.688613200187683,9.921193e-07,0.0,-0.8529242277145386,-0.00031490778033251845
130000,0.01562004815787077,0.03479569684714079,-3.6885769784450533,4.4018032e-07,0.0,-0.694467306137085,-0.0001870147745382411
130200,0.016922278329730034,0.037657808931544426,-3.6885759353637697,3.8921831e-07,0.0,-5.89241361618042,-0.00018758410339039244
130400,0.016438914462924004,0.03323974166996777,-3.6885652124881743,4.824996e-07,0.0,-0.9947168827056885,-0.00020954479912802527
130600,0.018498163670301437,0.03335840627551079,-3.6885562598705293,5.877018e-07,0.0,-0.9244097471237183,-0.00019636559623199546
130800,0.016102861613035202,0.03245668546296656,-3.688555139303207,5.966425e-07,0.0,-0.6175445318222046,-0.00021374855994800158
131000,0.011437540873885155,0.030509111750870944,-3.6885779321193697,5.298853e-07,0.0,-1.0133826732635498,-0.0002157939312908197
131200,0.014215197414159775,0.03218500874936581,-3.6885854840278625,4.7922134e-07,0.0,-4.022485256195068,-0.00022064903422371884
131400,0.01379579771310091,0.029494523955509066,-3.6885852456092834,3.7461518e-07,0.0,-2.685838460922241,-0.00013394014355867513
131600,0.012181127443909645,0.02812275183387101,-3.6885761082172395,4.824996e-07,0.0,-2.216254472732544,-0.00021686661063178292
131800,0.01161083672195673,0.028031766833737492,-3.6885904490947725,5.9694054e-07,0.0,-2.163715124130249,-0.00023357721463490577
132000,0.013581715524196625,0.02933579687960446,-3.688572460412979,3.620982e-07,0.0,-4.952321529388428,-0.00018892712842415448
132200,0.010137980803847313,0.026294214092195033,-3.688574528694153,6.365776e-07,0.0,-0.9506621360778809,-0.0002199543176988783
132400,0.011326314881443977,0.027171753626316787,-3.6885774970054626,3.194809e-07,0.0,-3.948202610015869,-0.00014454071328753315
132600,0.011584541760385036,0.02559999767690897,-3.6885775864124297,5.993247e-07,0.0,-3.496678352355957,-0.00023534139848351286
132800,0.010327070020139217,0.02380000790581107,-3.6885795116424562,4.950166e-07,0.0,-2.094078540802002,-0.0001935014114563316
133000,0.009692545048892498,0.023172896914184095,-3.688585948944092,4.756451e-07,0.0,-2.3723747730255127,-0.00019178995269077958
133200,0.008440476842224598,0.02260079593397677,-3.688569951057434,4.786253e-07,0.0,-1.5149738788604736,-0.00022228865328433045
133400,0.009952510707080364,0.02055409480817616,-3.6885876417160035,4.145503e-07,0.0,-0.49414777755737305,-0.00018781710001967156
133600,0.010123135522007942,0.022206422919407488,-3.6885535418987274,4.610419e-07,0.0,-1.7037310600280762,-0.00019978910605829016
133800,0.008290804922580719,0.020140432752668858,-3.688571333885193,5.084276e-07,0.0,-1.295473575592041,-0.00021256049044924286
134000,0.009957322850823402,0.020135427918285133,-3.6885502994060517,6.7055225e-07,0.0,-0.8568603992462158,-0.00025325877961316354
134200,0.008782818913459778,0.020259699411690237,-3.688563084602356,2.1994114e-07,0.0,-4.33256196975708,-0.00013200668920561044
134400,0.007076397072523832,0.01746502108871937,-3.688571983575821,2.8997658e-07,0.0,-0.40765535831451416,-0.0001335877326042123
134600,0.007398724090307951,0.018674195208586753,-3.688549590110779,6.613135e-07,0.0,-2.4781172275543213,-0.0002724438105330407
134800,0.006542682647705078,0.017591685778461395,-3.6885600328445434,3.325939e-07,0.0,-1.7913250923156738,-0.00015692162586697923
135000,0.0063989548943936825,0.015957447537221014,-3.688555896282196,4.2349103e-07,0.0,-0.7194429636001587,-0.0002024179550911498
135200,0.007440838497132063,0.016061007836833598,-3.688566190004349,7.069111e-07,0.0,-1.2307546138763428,-0.00026967801777502134
135400,0.006144770421087742,0.01648572161793709,-3.6885447561740876,3.0905008e-07,0.0,-2.9322714805603027,-0.0001428802015704278
135600,0.007422852795571089,0.015339723089709878,-3.6885345816612243,4.0501357e-07,0.0,-3.2569212913513184,-0.00017405714130545036
135800,0.0059540062211453915,0.014248377294279635,-3.6885462403297424,4.905462e-07,0.0,-2.51826810836792,-0.00022282141478413564
136000,0.005881463643163443,0.013436752092093229,-3.6885383665561675,4.2527913e-07,0.0,-0.7395564317703247,-0.0001751730277154806
136200,0.005366022698581219,0.012903252569958567,-3.688547486066818,6.68168e-07,0.0,-0.7441437244415283,-0.000245596827950223
136400,0.005970072001218796,0.013114080112427474,-3.6885446190834044,6.3687565e-07,0.0,-2.323871374130249,-0.00022999907123448792
136600,0.003997684922069311,0.011713157780468464,-3.688532531261444,6.023049e-07,0.0,-0.000832676887512207,-0.00021467638010292945
136800,0.0054344781674444675,0.011767223314382135,-3.688532602787018,4.1276218e-07,0.0,-0.39331281185150146,-0.00018879695083917625
137000,0.0040689739398658276,0.010689031588844955,-3.6885491847991942,6.604195e-07,0.0,-0.71742844581604,-0.00024614287881483674
137200,0.004910978022962809,0.011349385208450257,-3.688545119762421,4.780293e-07,0.0,-2.220055341720581,-0.00016909600724837048
137400,0.0033371997997164726,0.009770454349927604,-3.6885405838489533,4.4643878e-07,0.0,-0.0908970832824707,-0.00018911274942317035
137600,0.0037234246265143156,0.009566726093180478,-3.688540315628052,5.1766636e-07,0.0,-0.25655078887939453,-0.00021725066768709666
137800,0.0038040485233068466,0.009506025700829923,-3.688525342941284,4.926324e-07,0.0,-0.6750426292419434,-0.0002028263359855842
138000,0.003662973176687956,0.009082244755700231,-3.6885369598865507,5.6236985e-07,0.0,-0.7129244804382324,-0.00022355813701366856
138200,0.0037253107875585556,0.008717918454203754,-3.6885222017765047,3.7759543e-07,0.0,-0.7351711988449097,-0.0001567866652044947
138400,0.0027853220235556364,0.008471914054825901,-3.688542568683624,4.5806166e-07,0.0,-1.7886393070220947,-0.0002210079145456234
138600,0.003107700264081359,0.008091128710657359,-3.6885437607765197,4.467368e-07,0.0,-1.4576301574707031,-0.00018495084331284772
138800,0.0029918227810412645,0.007228516251780092,-3.688534599542618,5.668402e-07,0.0,-0.5269178152084351,-0.00019125762562275384
139000,0.0028776151593774557,0.007596987404394895,-3.6885177969932554,4.774332e-07,0.0,-1.6818301677703857,-0.0002161988914838986
139200,0.0025837821885943413,0.006730390014126897,-3.688523942232132,5.659461e-07,0.0,0.025867700576782227,-0.00023058420418577973
139400,0.0022373697720468044,0.006660613103304058,-3.6885281980037687,5.0276515e-07,0.0,-0.861660361289978,-0.00022130784392828672
139600,0.002324594184756279,0.00618708455003798,-3.68847935795784,5.5313114e-07,0.0,-0.10124945640563965,-0.00019942331604703157
139800,0.0022577012423425913,0.006121800327673554,-3.688490718603134,5.8859587e-07,0.0,-0.8941444158554077,-0.00020465728777661064
140000,0.00178097328171134,0.005903232097625733,-3.6884850561618805,3.7670134e-07,0.0,-1.1470601558685303,-0.00015156346570570632
140200,0.0021537519060075283,0.0056543736602179704,-3.688499653339386,4.5329332e-07,0.0,-0.5906957387924194,-0.00020312993387860967
140400,0.002036359393969178,0.005476101790554822,-3.688505059480667,4.2170285e-07,0.0,-1.3204448223114014,-0.000192085608425252
140600,0.0017082993872463703,0.004951688565779477,-3.6885091602802276,5.1289794e-07,0.0,-0.9049365520477295,-0.00020242087465902615
140800,0.0013891542330384254,0.004827831854345277,-3.688493537902832,6.109476e-07,0.0,-0.849280834197998,-0.000237598060792088
141000,0.0012789283646270633,0.004785535443807021,-3.68847935795784,6.383657e-07,0.0,-1.4661552906036377,-0.000226644441734436
141200,0.0010833540000021458,0.0042356697376817465,-3.6884965300559998,7.4088575e-07,0.0,-0.281499981880188,-0.0003125598716945177
141400,0.0012688611168414354,0.004465066245757043,-3.6885031700134276,4.2021276e-07,0.0,-4.161217212677002,-0.00019100553562445555
141600,0.0014011957682669163,0.003956887382082641,-3.688505780696869,3.1113623e-07,0.0,-1.563523769378662,-0.00014442625727326686
141800,0.001497906632721424,0.0039361243951134385,-3.6885071396827698,2.3812056e-07,0.0,-1.4221127033233643,-0.00014799924239596862
142000,0.0014749960973858833,0.0038628944603260607,-3.6885079562664034,4.780293e-07,0.0,-2.098156452178955,-0.0002057682880921785
142200,0.001191997085697949,0.0035283121454995126,-3.6885248184204102,3.8355586e-07,0.0,-1.1187753677368164,-0.00018089190253860464
142400,0.0011161635629832745,0.0034455113986041398,-3.6885046422481538,5.710125e-07,0.0,-2.636824607849121,-0.00024697065289069897
142600,0.0010320518631488085,0.0033621677837800236,-3.6885281026363375,2.399087e-07,0.0,-3.250497817993164,-0.00012179049947285137
142800,0.0014379099011421204,0.0034382008539978414,-3.688533717393875,2.3603438e-07,0.0,-6.729211330413818,-0.00013484670257781772
143000,0.0012800212716683745,0.002974622754845768,-3.688514012098312,2.30968e-07,0.0,-4.919459819793701,-0.00011225886722847634
143200,0.001123284688219428,0.0029891373385908084,-3.6885107934474943,4.0113923e-07,0.0,-2.716493606567383,-0.00017227699150978992
143400,0.0008891065954230726,0.002894709596876055,-3.6885074257850645,3.59416e-07,0.0,-3.4782509803771973,-0.00017648835441352873
143600,0.0005106750759296119,0.002397354404092766,-3.688505530357361,3.8981437e-07,0.0,-1.823472499847412,-0.0001668694172836993
143800,0.0006892727687954903,0.0027426129090599716,-3.6885002970695497,3.606081e-07,0.0,-5.598146438598633,-0.00016926114768907042
144000,0.0010281674331054091,0.0027450775145553053,-3.6885035276412963,4.2825934e-07,0.0,-6.564122676849365,-0.00017134633702262648
144200,0.0005374888423830271,0.0021143496764125303,-3.688494211435318,3.0368568e-07,0.0,-2.4453125,-0.00017420514008321676
144400,0.0005911465268582106,0.0022977940738201142,-3.688497632741928,2.4944543e-07,0.0,-7.7692461013793945,-0.00012519812663427387
144600,0.0007038945332169533,0.0024410105164861307,-3.6885259330272673,2.902746e-07,0.0,-14.227948188781738,-0.00014339011990891493
144800,0.0005635753041133285,0.0022577137831831353,-3.6885099172592164,2.1219253e-07,0.0,-9.850447654724121,-0.0001092908413111271
145000,0.0003717773361131549,0.0018727878341451287,-3.688503497838974,3.141165e-07,0.0,-5.556564807891846,-0.00015935080364144484
145200,0.0007646807935088873,0.0019613818469224496,-3.6885022640228273,3.0815602e-07,0.0,-7.493091583251953,-0.00015692442748189707
145400,0.0005827422719448805,0.0019041207997361198,-3.6885155558586122,3.3169985e-07,0.0,-7.511688232421875,-0.0001510845574584918
145600,0.0006967100198380649,0.0017865730565972625,-3.6885058641433717,2.2470952e-07,0.0,-14.566739082336426,-0.00011272454357662554
145800,0.00042711914284154773,0.0018862005759729072,-3.688517600297928,3.5494566e-07,0.0,-20.24227523803711,-0.00017036886471171185
146000,0.0006372790085151792,0.0017729809274896978,-3.6885048747062683,2.8014185e-07,0.0,-11.961585998535156,-0.00013313125380030045
146200,0.0006741689285263419,0.0015899024379905312,-3.688504958152771,2.4646522e-07,0.0,-1.4088752269744873,-0.00013106558815456637
146400,0.00036692238063551486,0.0016569863699260167,-3.6885028004646303,2.8699637e-07,0.0,-9.686800003051758,-0.00013574544461181226
146600,0.0005736555904150009,0.0013335837953491136,-3.688503611087799,1.603365e-07,0.0,-8.251533508300781,-8.359819670396007e-05
146800,0.0003763178829103708,0.0012827083919546567,-3.6885038733482363,2.476573e-07,0.0,-7.904748916625977,-0.00011029911025879357
147000,0.00037639078800566494,0.0014032045539352112,-3.6885010957717896,2.4706125e-07,0.0,-20.90975570678711,-0.00013677768390794043
147200,0.00039618369191884995,0.0013840013336448465,-3.688514310121536,2.5093556e-07,0.0,-24.464262008666992,-0.00012853905433320988
147400,0.0006174967275001109,0.0017141671167337335,-3.688527411222458,2.3782255e-07,0.0,-36.45988845825195,-0.00012046439951305388
147600,0.0003015093388967216,0.001319160005368758,-3.688503760099411,2.461672e-07,0.0,-12.685376167297363,-0.0001104797268431934
147800,0.0001583686680532992,0.0012747430504532532,-3.68850114941597,2.9832125e-07,0.0,-2.010256290435791,-0.00014261624173070864
148000,0.00023355690063908696,0.0011066852886870038,-3.688496005535126,3.656745e-07,0.0,-16.086763381958008,-0.0001599781510803311
148200,0.00023543182760477066,0.0010258061782224103,-3.688500773906708,3.606081e-07,0.0,-19.248188018798828,-0.00016898228295936235
148400,9.33957053348422e-05,0.0011877859506057575,-3.688505935668945,2.387166e-07,0.0,-18.57413101196289,-0.00012487572366941534
148600,0.000132761022541672,0.001041612646804424,-3.6885006725788116,2.402067e-07,0.0,-23.254554748535156,-0.000129219979048667
148800,0.0003394758387003094,0.0011515013335156254,-3.6885216414928435,2.3037194e-07,0.0,-24.88613510131836,-0.00011162245234652701
149000,0.00033968695788644254,0.0008703908933966886,-3.6884840965270995,2.0116568e-07,0.0,-13.740830421447754,-9.927071640034591e-05
149200,-8.096202509477735e-05,0.0007392859406536445,-3.6884848535060883,3.2007694e-07,0.0,-15.721439361572266,-0.00013317005396045188
149400,0.00016269466141238809,0.001060824536398286,-3.6884988069534304,3.4302474e-07,0.0,-27.293132781982422,-0.00015789166930573194
149600,1.1212658137083054e-05,0.0009229328177752904,-3.6884975254535677,2.539158e-07,0.0,-31.180374145507812,-0.00011684018174937805
149800,0.0003404851886443794,0.0011177520718774758,-3.6885165154933928,3.5971402e-07,0.0,-22.963510513305664,-0.00017454124222262556
150000,7.17401853762567e-05,0.0006406718079233542,-3.688488465547562,3.0010938e-07,0.0,-17.85270881652832,-0.00012247106478699977
150200,-1.1742959031835198e-05,0.0009264040039852261,-3.688487434387207,3.197789e-07,0.0,-29.869277954101562,-0.0001519805637880234
150400,0.00019188396981917322,0.0009899759039399213,-3.6885086238384246,2.682209e-07,0.0,-30.668176651000977,-0.00012434519050561477
150600,0.0001500147336628288,0.0009617850053473375,-3.6884927690029143,2.6464463e-07,0.0,-36.03712463378906,-0.00012663759241946516
150800,9.537208825349808e-05,0.0007225657696835697,-3.688502770662308,2.5570392e-07,0.0,-15.489757537841797,-0.00012832647630929285
151000,3.6882905988022685e-05,0.0007857636985136196,-3.688508611917496,2.4855137e-07,0.0,-16.625036239624023,-0.00013093046892782568
151200,-0.00013093164307065308,0.0008468405751045794,-3.688505893945694,4.2915343e-07,0.0,-2.3993470668792725,-0.00018380486906232618
151400,4.567420546663925e-05,0.0007594581140438095,-3.6884988605976106,2.2977589e-07,0.0,-18.988420486450195,-0.00010327930010420872
151600,3.0482769943773746e-06,0.0006530298000143375,-3.6884999096393587,2.4318695e-07,0.0,-33.55142593383789,-0.00012164072631096757
151800,-0.00010209722677245736,0.0007787936032400466,-3.688514232635498,4.476309e-07,0.0,-25.451688766479492,-0.00018255771604867022
152000,1.552636967971921e-05,0.0006811153296439442,-3.6885184705257417,3.516674e-07,0.0,-32.07090759277344,-0.00016607645004489412
152200,5.670881364494562e-06,0.0006410298807168147,-3.688512682914734,2.554059e-07,0.0,-25.259654998779297,-0.00013469058343991148
152400,-5.7880752137862146e-05,0.0006257445123992511,-3.6884992718696594,2.798438e-07,0.0,-33.47624969482422,-0.00014494736289203392
152600,-1.622582203708589e-05,0.0005307226274453569,-3.68851478099823,2.5749205e-07,0.0,-26.738012313842773,-0.00011514241972281347
152800,4.287836782168597e-05,0.0006354888835630845,-3.6884977757930755,1.9431116e-07,0.0,-29.694656372070312,-0.00010120530401867001
153000,-3.918237052857876e-05,0.0006165130253066309,-3.688496267795563,2.1696091e-07,0.0,-31.429180145263672,-0.00011845482856394085
153200,-0.00021254234889056534,0.0005817949037009385,-3.6884830415248873,4.631281e-07,0.0,-32.08009338378906,-0.00019622965110273062
153400,-0.0005185260670259595,0.0005679587797203567,-3.688492101430893,6.249547e-07,0.0,-40.580867767333984,-0.00023679270749470404
153600,-0.0003632129228208214,0.000536004119203426,-3.688484865427017,4.1067602e-07,0.0,-33.172821044921875,-0.0001827985055360193
153800,-0.00024781053070910275,0.0005039423165726475,-3.688498431444168,3.9398668e-07,0.0,-36.13288116455078,-0.00017465877520175254
154000,-0.0001567182771395892,0.0004265429270162713,-3.6884990990161897,2.7388336e-07,0.0,-23.181386947631836,-0.00014341518212130923
154200,-0.00020686285279225558,0.00041728016949491573,-3.6884945154190065,3.4034252e-07,0.0,-26.720783233642578,-0.00017035464954506807
154400,-0.000139071315061301,0.0004001683504611719,-3.6884894490242006,2.7537345e-07,0.0,-34.790748596191406,-0.00011072767583844012
154600,-0.00028119218768551946,0.0003773038370127324,-3.68849196434021,3.6209823e-07,0.0,-24.859210968017578,-0.00014605574240458274
154800,-5.9243422583676875e-05,0.00039139973087003453,-3.6884840548038484,2.7239324e-07,0.0,-21.04619026184082,-0.00012197321658504733
155000,-0.00018284551333636045,0.000214008711373026,-3.6884858071804048,3.3050776e-07,0.0,-17.820392608642578,-0.0001553538600244764
155200,-2.7293222956359386e-05,0.0003304425732494565,-3.688503849506378,2.5629998e-07,0.0,-22.10723304748535,-0.00012424686488499148
155400,-0.0002147224877262488,0.00032542466287850403,-3.6884975910186766,4.0858984e-07,0.0,-2.560647964477539,-0.00017492088630977065
155600,-0.00034179334761574864,0.0002703582460526377,-3.688489317893982,3.0487777e-07,0.0,-34.001895904541016,-0.00015684408018259432
155800,-0.0002458008239045739,0.00019631298437161604,-3.6884848952293394,3.2156706e-07,0.0,-0.961545467376709,-0.00014324568347637845
156000,-0.00011842728417832404,0.0002789645797747653,-3.688491386175156,3.0905008e-07,0.0,-16.403539657592773,-0.0001097863918345765
156200,-0.0003352861967869103,0.00023626538149983388,-3.6884728610515594,2.9891729e-07,0.0,-18.27437973022461,-0.00014287920206799143
156400,-7.701385766267776e-05,0.00022722266949131152,-3.688488781452179,2.05338e-07,0.0,-24.336076736450195,-0.00010811962907202322
156600,-0.00017850141739472747,0.0002479825661794166,-3.688502389192581,2.7388333e-07,0.0,-32.11491394042969,-0.00013098979109396058
156800,-0.00011967429600190371,0.0001980808292501024,-3.6884759068489075,2.0295383e-07,0.0,-23.06177520751953,-0.00010119306891356316
157000,-0.0002850270248018205,0.00016167227095138515,-3.6884776771068575,4.0560963e-07,0.0,-16.231700897216797,-0.000179102116325347
157200,-0.0001635460212128237,0.00023842817590775668,-3.688498330116272,2.1547078e-07,0.0,-30.532426834106445,-0.00010561614383619577
157400,-7.661972631467506e-05,0.00019729600971913898,-3.688497906923294,2.3245812e-07,0.0,-26.820537567138672,-0.00011131462499047728
157600,-0.00031457687146030366,0.00016070823885456776,-3.688485699892044,3.7431718e-07,0.0,-23.9471492767334,-0.00016100372317930933
157800,-0.00019910775881726295,0.0002222618571977364,-3.688483256101608,3.2454727e-07,0.0,-4.131213665008545,-0.00013881711273575626
158000,-0.00026309178792871535,0.00016162834781425773,-3.6884814977645872,3.6597254e-07,0.0,-34.424442291259766,-0.00015772371072347302
158200,-0.0001933147432282567,0.00011195775314263302,-3.6884749829769135,1.8626451e-07,0.0,-19.490612030029297,-8.536776834364713e-05
158400,-0.00012481381418183446,0.0001768832697052858,-3.688497340679169,1.8924474e-07,0.0,-26.031198501586914,-0.00010395357843993037
158600,-0.00024724809918552637,0.0001322663139035285,-3.688477075099945,2.5063753e-07,0.0,-27.70281410217285,-0.00012284425964161904
158800,-0.0003639662463683635,0.0001368829852253839,-3.688490170240402,3.3050776e-07,0.0,-38.191497802734375,-0.00014635068958526176
159000,-0.00041489259456284344,9.854697354967356e-05,-3.688492828607559,3.0070544e-07,0.0,-25.145263671875,-0.00014065463115189302
159200,-0.00014074231148697436,9.309484930781764e-05,-3.6884933352470397,2.2500754e-07,0.0,-17.599843978881836,-0.00010990344082109082
159400,-0.00024405369185842574,9.035712569129827e-05,-3.688474601507187,2.9236077e-07,0.0,-31.896278381347656,-0.0001310856048785336
159600,-0.00016310118371620774,8.113116437016287e-05,-3.688480883836746,2.9206277e-07,0.0,-17.0878849029541,-0.00011468093024281645
159800,-7.30415849830024e-05,7.476467308151769e-05,-3.6884788513183593,2.759695e-07,0.0,-37.52866744995117,-0.00012376679433456772
160000,-0.0003738508385140449,7.188167014646752e-05,-3.6884797692298887,3.159046e-07,0.0,-11.655369758605957,-0.00015339161866575468
160200,-0.000283444591332227,6.820077928750833e-05,-3.688490408658981,2.1219253e-07,0.0,-21.485464096069336,-0.00010847355327405772
160400,-0.0002881997497752309,7.209415734905633e-05,-3.688501763343811,3.4958123e-07,0.0,-26.846359252929688,-0.00014733205741119805
160600,-0.0005410422454588115,7.020629027465475e-05,-3.6884979248046874,5.713105e-07,0.0,-3.4667930603027344,-0.0002019000960645112
160800,-0.0002471088373567909,3.6505381967799624e-05,-3.6884824991226197,2.6643278e-07,0.0,-23.677776336669922,-0.00012061933426980032
161000,-0.00024162131012417376,7.780415180604904e-05,-3.6885064005851746,2.402067e-07,0.0,-28.206499099731445,-0.00011936854960028497
161200,-0.0002444996207486838,4.9551468691788614e-05,-3.6885042607784273,3.659725e-07,0.0,-20.436861038208008,-0.00017078378778319082
161400,-0.00022091317805461586,4.34396892615041e-05,-3.6884991049766542,2.0980835e-07,0.0,-11.2468900680542,-0.00011158467930019177
161600,-0.0003608576371334493,6.0386461609596156e-05,-3.688527363538742,2.7805567e-07,0.0,-32.665771484375,-0.00014431783577011358
161800,-0.00035432889126241207,4.126847638872277e-05,-3.6885137856006622,2.0325183e-07,0.0,-30.00063133239746,-0.00010131854502311022
162000,-0.00023714438430033624,2.4195071733856822e-05,-3.688504219055176,1.9937754e-07,0.0,-13.675127983093262,-0.00010426998153079126
162200,-0.00023126289306674153,3.6974565455238916e-05,-3.6885092735290526,4.1782857e-07,0.0,-34.63351821899414,-0.00020210474709999592
162400,-0.00023573180078528821,1.2191849017995083e-05,-3.688484650850296,2.539158e-07,0.0,-18.195512771606445,-0.00012798146124589626
162600,-0.00019646310829557478,2.215578520008421e-05,-3.6884943664073946,2.69115e-07,0.0,-20.319028854370117,-0.00012092187981533886
162800,-0.00013730292266700417,1.456956268839349e-05,-3.6884794652462007,2.744794e-07,0.0,-12.053272247314453,-0.00011359918098097221
163000,-0.00044543942203745246,1.9048836429647052e-05,-3.688481205701828,3.951788e-07,0.0,-18.34292984008789,-0.0001859889680140281
163200,-0.0004872932913713157,1.7200728279931354e-05,-3.6884911477565767,5.042553e-07,0.0,-9.452669143676758,-0.0001608795219191439
163400,-0.00046052224934101105,1.9833756778098176e-05,-3.6884733021259306,2.938509e-07,0.0,-27.013648986816406,-0.00013227207908363958
163600,-0.00026306125801056623,2.0071483754691143e-05,-3.688485676050186,2.9683113e-07,0.0,-3.5178561210632324,-0.00012560785538926478
163800,-0.0003485606866888702,1.1876729217874527e-05,-3.688474404811859,4.6014787e-07,0.0,-24.988622665405273,-0.00019842008494902474
164000,-0.0003077911969739944,1.2217227038036071e-05,-3.688485062122345,3.942847e-07,0.0,-18.2866153717041,-0.00015754726697991828
164200,-0.0002811196318361908,7.987240451257094e-06,-3.688489371538162,3.2246115e-07,0.0,-11.251276016235352,-0.00013233949275672784
164400,15.39999771118164,38.12602996826172,-3.688757008314133,3.8743018e-09,0.0,-0.007659912109375,-1.4618143455180643e-05
164600,8.32628345489502,21.187735199928284,-3.6885436952114103,0.0,0.0,0.00010561943054199219,-8.374586741100032e-06
164800,12.153525352478027,21.55420231819153,-3.688470810651779,0.0,0.0,-0.0003650188446044922,-8.259326277348933e-06
165000,20.474971771240234,40.65864820480347,-3.6884903430938722,0.0,0.0,0.00027054548263549805,-5.7786554278127514e-06
165200,6.199779987335205,13.408084821701049,-3.688477522134781,0.0,0.0,-9.799003601074219e-05,-1.647984978987438e-05
165400,11.63194751739502,20.735372400283815,-3.688496690988541,0.0,0.0,0.0056449174880981445,-5.206853162675884e-06
165600,8.736123085021973,14.897068047523499,-3.688472807407379,7.7486035e-09,0.0,-0.0003402233123779297,-2.66189126266303e-05
165800,5.623542308807373,13.373303139209748,-3.688486969470978,0.0,0.0,-0.0007954835891723633,-7.628530324854666e-06
166000,6.685192108154297,10.216844618320465,-3.6884848535060883,5.9604643e-10,0.0,0.00539010763168335,-2.7632094755425385e-05
166200,2.3134610652923584,5.253602504730225,-3.688494509458542,5.453825e-08,0.0,0.0014972090721130371,-6.946337174463801e-05
166400,8.515641212463379,15.178043818473816,-3.688475579023361,1.7881393e-09,0.0,-1.9311904907226562e-05,-2.8378456993305433e-05
166600,7.026763439178467,16.428566765785217,-3.6885119140148164,0.0,0.0,-0.00011610984802246094,-1.6152203033326097e-05
166800,9.608565330505371,21.76119668483734,-3.6884885489940644,0.0,0.0,0.004557907581329346,-1.5951946300685195e-05
167000,3.685321092605591,8.565875673294068,-3.6884927093982696,2.9802322e-10,0.0,-0.0029730796813964844,-1.8266953454045e-05
167200,6.80450963973999,14.477406811714172,-3.688483989238739,2.0861626e-09,0.0,-0.0019272565841674805,-3.208798176110861e-05
167400,1.7762292623519897,6.2192583084106445,-3.688493436574936,5.6624412e-08,0.0,-0.0018984079360961914,-6.902460739857119e-05
167600,3.485119342803955,6.633299577236175,-3.688492846488953,3.5762788e-09,0.0,0.0002263188362121582,-2.291385825428094e-05
167800,10.426162719726562,17.93957426548004,-3.68847913146019,0.0,0.0,0.003285706043243408,-1.291342079774438e-05
168000,23.69072151184082,43.01668071746826,-3.6884856104850767,0.0,0.0,0.00425112247467041,-1.2861430581700972e-05
168200,13.867575645446777,25.756992673873903,-3.6884797275066377,0.0,0.0,0.003195643424987793,-1.3752862867022485e-05
168400,13.492293357849121,28.72730073928833,-3.6884851336479185,0.0,0.0,-0.001422882080078125,-7.363498232848542e-06
168600,10.459630966186523,18.128881216049194,-3.6884981870651243,2.682209e-09,0.0,-6.628036499023438e-05,-2.4202343098300716e-05
168800,6.108340263366699,10.63334400653839,-3.6884880006313323,6.556511e-09,0.0,-0.00018870830535888672,-3.123205877959556e-05
169000,11.523441314697266,22.5489679813385,-3.6884998261928557,0.0,0.0,0.007929325103759766,-7.519744391970562e-06
169200,7.637207508087158,13.6757572889328,-3.6884956479072573,0.0,0.0,-0.004232883453369141,-1.5782624584481654e-05
169400,6.8865437507629395,15.075698733329773,-3.688505458831787,0.0,0.0,-0.003216266632080078,-1.95299983705155e-05
169600,7.0504302978515625,16.338981199264527,-3.688496690988541,0.0,0.0,-0.001331329345703125,-1.3367861559654415e-05
169800,23.03169822692871,44.947482919692995,-3.6885055601596832,0.0,0.0,0.0006757378578186035,-6.0995370201766265e-06
170000,2.8875060081481934,8.634548568725586,-3.6884769439697265,1.8626451e-07,0.0,0.00326693058013916,-0.00012174087731864347
170200,5.4050493240356445,11.412555992603302,-3.6884998321533202,9.23872e-09,0.0,0.003099501132965088,-3.670571690894686e-05
170400,5.804113388061523,12.293309378623963,-3.688493311405182,0.0,0.0,-0.0005407333374023438,-1.6086958316874343e-05
170600,6.177529335021973,10.661428487300872,-3.688499015569687,2.0861625e-08,0.0,0.005221664905548096,-4.39616516256125e-05
170800,7.261670112609863,15.580378699302674,-3.688480776548386,2.3841857e-09,0.0,0.004325509071350098,-2.9270619371146723e-05
171000,7.406436920166016,17.262942147254943,-3.6884850680828096,0.0,0.0,0.0039542317390441895,-9.575530877548033e-06
171200,3.013836145401001,6.625235497951508,-3.688473516702652,2.324581e-08,0.0,0.010939419269561768,-5.9210538770138045e-05
171400,4.178558349609375,10.011050307750702,-3.688488799333572,2.0861624e-09,0.0,-0.0021015405654907227,-3.24036477776346e-05
171600,8.540908813476562,17.99424605369568,-3.6884806215763093,0.0,0.0,0.002462029457092285,-1.8682651392953888e-05
171800,2.7870678901672363,5.562988138198852,-3.688502240180969,8.0466265e-09,0.0,0.012624621391296387,-4.27625778680607e-05
172000,16.854633331298828,36.88177013397217,-3.68848637342453,0.0,0.0,0.009116053581237793,-9.518802168800856e-06
172200,10.711444854736328,20.720147466659547,-3.6884927093982696,7.0035455e-08,0.0,-0.00020432472229003906,-6.093779200082583e-05
172400,6.625765800476074,15.827761721611022,-3.6884963870048524,5.662441e-09,0.0,-0.005028963088989258,-2.1272346301492994e-05
172600,7.245057106018066,19.19595139026642,-3.688494950532913,0.0,0.0,0.01130896806716919,-1.9429042822977084e-05
172800,10.518354415893555,23.16171817779541,-3.6885034143924713,0.0,0.0,-0.005776166915893555,-1.4984518226013321e-05
173000,15.59748363494873,30.049810647964478,-3.688488608598709,0.0,0.0,0.00500565767288208,-1.330791408378218e-05
173200,1.0231448411941528,3.2291068911552427,-3.6884982585906982,1.0100007e-06,0.0,-0.0012540817260742188,-0.0002975927060684724
173400,8.60845947265625,16.09132354259491,-3.6884820818901063,1.9282103e-07,0.0,0.0032522082328796387,-0.00011559679924011412
173600,9.481398582458496,21.29644832611084,-3.688480520248413,6.556511e-09,0.0,-0.0018715858459472656,-1.660908745435563e-05
173800,1.4549212455749512,4.121749627590179,-3.6884956419467927,7.212162e-08,0.0,-0.0008282661437988281,-7.780189847723662e-05
174000,4.0315728187561035,8.460337316989898,-3.6885033428668974,2.5331975e-08,0.0,0.0017206668853759766,-3.9784155796418474e-05
174200,17.311521530151367,28.12651596069336,-3.6884932816028595,0.0,0.0,0.015908479690551758,-1.696893566549562e-05
174400,6.850185871124268,13.243072748184204,-3.6884782731533052,3.8743018e-09,0.0,-0.0021218061447143555,-2.785652882772993e-05
174600,9.815139770507812,18.398952031135558,-3.6884989619255064,0.0,0.0,0.007992327213287354,-1.798050856214317e-05
174800,9.60351276397705,20.414232969284058,-3.6884864389896395,0.0,0.0,0.0036199092864990234,-1.64734573482761e-05
175000,9.160562515258789,18.77457869052887,-3.688480073213577,1.0997057e-07,0.0,-0.0031006336212158203,-9.42122332041162e-05
175200,8.232833862304688,17.408935284614564,-3.6884973287582397,9.834767e-09,0.0,0.009939193725585938,-4.019566999202695e-05
175400,19.064090728759766,39.187419939041135,-3.6884741485118866,0.0,0.0,0.011173427104949951,-1.424756285475226e-05
175600,4.084664821624756,10.7354425907135,-3.688508224487305,4.4703485e-09,0.0,0.00028014183044433594,-3.387259334015624e-05
175800,4.849457263946533,8.737856137752534,-3.6884869277477264,2.2351744e-08,0.0,0.009282469749450684,-4.9565769596804365e-05
176000,5.877254962921143,10.265705358982085,-3.688494497537613,3.3676624e-08,0.0,-0.012465119361877441,-6.24014142441176e-05
176200,21.510150909423828,43.819615840911865,-3.6884963870048524,0.0,0.0,0.003117382526397705,-1.7006829356169816e-05
176400,27.434144973754883,58.42628898620605,-3.6884942293167113,0.0,0.0,0.002197086811065674,-8.351702238584835e-06
176600,5.699815273284912,14.502774906158447,-3.688476711511612,4.172325e-09,0.0,0.0026549696922302246,-2.7220241672876176e-05
176800,12.034889221191406,22.856525421142578,-3.6884921312332155,9.834766e-09,0.0,-0.004666328430175781,-4.2758822238653235e-05
177000,8.323127746582031,14.464059901237487,-3.688481813669205,4.4703485e-09,0.0,-0.008652925491333008,-2.9336765541465582e-05
177200,8.18596076965332,15.076424503326416,-3.6884790658950806,1.7881393e-09,0.0,0.0070400238037109375,-2.1160014177246112e-05
177400,8.988116264343262,18.4261873960495,-3.6884800851345063,2.7120112e-08,0.0,0.0010903477668762207,-4.8127890104643355e-05
177600,8.912575721740723,22.242299461364745,-3.688487935066223,0.0,0.0,0.005745649337768555,-2.20988465400751e-05
177800,7.915726184844971,13.024922966957092,-3.688487392663956,3.6656857e-08,0.0,0.011980056762695312,-6.512616550669037e-05
178000,11.258810997009277,30.049752140045165,-3.6884957611560822,1.7881392e-08,0.0,0.0012838244438171387,-6.191077818691326e-05
178200,5.603257179260254,9.394251441955566,-3.6884932458400725,5.662441e-09,0.0,-0.0015562772750854492,-3.354655208980262e-05
178400,5.204455375671387,11.704438292980194,-3.688484513759613,5.662441e-09,0.0,0.008665680885314941,-3.724406669458613e-05
178600,8.226689338684082,12.590429615974426,-3.688484025001526,1.2126565e-06,0.0,-0.003255128860473633,-0.0003725215781390956
178800,12.353307723999023,24.739347314834596,-3.688466191291809,9.596348e-08,0.0,0.002352893352508545,-6.517033279056506e-05
179000,2.5359573364257812,5.185503751039505,-3.6884662747383117,9.942055e-07,0.0,-0.008359193801879883,-0.0003004822157213205
179200,4.814207553863525,9.18195173740387,-3.6884604036808013,1.1742115e-07,0.0,-0.01372075080871582,-7.231634835784817e-05
179400,6.160395622253418,9.613643765449524,-3.6884641468524935,1.013279e-08,0.0,0.000668644905090332,-3.503948438634552e-05
179600,9.697604179382324,19.45928485393524,-3.688468474149704,8.0466265e-09,0.0,0.0037924647331237793,-3.417931151226128e-05
179800,5.6006598472595215,11.185137224197387,-3.68847650885582,1.07288365e-08,0.0,-0.0031909942626953125,-3.951071189085553e-05
180000,14.48029613494873,28.490789031982423,-3.688477599620819,0.0,0.0,0.00727689266204834,-1.797272269792316e-05
180200,3.862277030944824,7.675648653507233,-3.688465565443039,3.069639e-08,0.0,0.005523502826690674,-6.281904869946953e-05
180400,9.243976593017578,20.071335363388062,-3.688450074195862,2.980232e-09,0.0,-0.009435772895812988,-2.4895995982276987e-05
180600,16.14655876159668,38.08194251060486,-3.68845556974411,0.0,0.0,-0.0030869245529174805,-1.882117992604293e-05
180800,15.890902519226074,27.812758922576904,-3.688454407453537,1.1920929e-09,0.0,0.012800991535186768,-3.6877006224722567e-05
181000,4.685769557952881,9.53719254732132,-3.6884661316871643,2.8014183e-08,0.0,3.892183303833008e-05,-6.231020429883216e-05
181200,5.6752848625183105,9.427881217002868,-3.688437294960022,9.23872e-08,0.0,0.011781752109527588,-7.58458000065021e-05
181400,10.958483695983887,21.975747513771058,-3.688475567102432,8.940697e-09,0.0,0.010916650295257568,-1.965591303614289e-05
181600,7.9816975593566895,15.64491868019104,-3.6884397208690642,2.9742716e-07,0.0,0.008620381355285645,-0.0001566452373320537
181800,4.421628475189209,9.878409552574158,-3.6884541451931,1.1891126e-07,0.0,-0.014198064804077148,-8.578360110220729e-05
182000,19.767868041992188,39.72058362960816,-3.6884589314460756,8.046627e-09,0.0,-0.0015159845352172852,-2.5270193794524333e-05
182200,7.688165664672852,17.67586555480957,-3.68847541809082,2.2351742e-08,0.0,-0.011855363845825195,-4.8644635385919345e-05
182400,3.3974080085754395,10.1946169257164,-3.6884658575057983,3.1888483e-08,0.0,0.01174706220626831,-6.369649596584814e-05
182600,10.397721290588379,20.118997049331664,-3.6884642124176024,8.34465e-09,0.0,0.009271800518035889,-4.256113612726154e-05
182800,11.737143516540527,20.903752088546753,-3.688467687368393,6.8545343e-09,0.0,-0.007457375526428223,-3.2249271746875865e-05
183000,7.587588310241699,12.023400688171387,-3.688454747200012,7.808208e-08,0.0,-0.003901839256286621,-9.250271373522079e-05
183200,6.811331272125244,11.943719744682312,-3.6884677827358248,1.7881394e-08,0.0,0.015378952026367188,-3.7548333645587294e-05
183400,6.287813186645508,12.525184607505798,-3.688456302881241,5.9604646e-09,0.0,0.0002148151397705078,-3.064633150984264e-05
183600,13.895809173583984,27.634622621536256,-3.6884847283363342,3.8743018e-09,0.0,-0.00609433650970459,-2.6102751618761745e-05
183800,10.49382495880127,20.294848227500914,-3.6884554266929626,2.682209e-08,0.0,0.0037688016891479492,-5.5935010266949806e-05
184000,17.851285934448242,37.07839674949646,-3.6884737372398377,5.9604643e-10,0.0,0.00267946720123291,-1.4985457137584036e-05
184200,13.421122550964355,24.39249804019928,-3.688466316461563,2.771616e-08,0.0,-0.005704045295715332,-5.614507963711546e-05
184400,4.659244537353516,9.48156052827835,-3.688460510969162,2.4735929e-08,0.0,0.024666309356689453,-4.969856179641852e-05
184600,15.458878517150879,35.961000537872316,-3.6884578347206114,2.3841857e-09,0.0,0.00899195671081543,-2.66115815706236e-05
184800,4.456409931182861,8.92625824213028,-3.6884735107421873,5.066395e-08,0.0,0.022647082805633545,-7.392750628855138e-05
185000,7.072469234466553,11.830689549446106,-3.688476800918579,2.7120112e-08,0.0,-0.014140605926513672,-4.685409354190373e-05
185200,4.14646577835083,11.071398329734802,-3.688457226753235,7.0035455e-08,0.0,0.007084071636199951,-8.737349454737142e-05
185400,11.17170524597168,17.861885046958925,-3.688472551107407,1.2814999e-08,0.0,0.013455510139465332,-3.90120000899552e-05
185600,3.3247392177581787,6.726932418346405,-3.6884597480297088,1.00731846e-07,0.0,0.039539873600006104,-8.936154852359212e-05
185800,9.318623542785645,18.70447208881378,-3.688464719057083,6.854534e-08,0.0,0.0022832751274108887,-8.244156888963517e-05
186000,4.462256908416748,9.32312697172165,-3.6884663820266725,1.4811754e-07,0.0,0.008140385150909424,-0.00010783819105970593
186200,4.4654765129089355,8.039756619930268,-3.6884784519672396,8.279085e-07,0.0,0.006729602813720703,-0.00028057579851528127
186400,17.928455352783203,30.841139841079713,-3.688486748933792,7.6293944e-08,0.0,0.0027174949645996094,-2.2276013741651112e-05
186600,3.068122625350952,6.691061997413636,-3.688480716943741,9.059906e-08,0.0,-0.0234910249710083,-9.131143878660097e-05
186800,5.886979579925537,9.999431550502777,-3.6884789764881134,4.5657157e-07,0.0,-0.007053494453430176,-0.0001934094861566926
187000,5.349758625030518,10.020090198516845,-3.68848295211792,3.963709e-08,0.0,-0.006248116493225098,-3.613390069769906e-05
187200,6.516887664794922,11.209466850757599,-3.688460147380829,4.053116e-08,0.0,-0.023958206176757812,-6.791164737353083e-05
187400,28.51399803161621,53.65701017379761,-3.688460111618042,7.7486035e-09,0.0,0.0010779500007629395,-2.3498147702305516e-05
187600,4.743267059326172,13.111197447776794,-3.6884482979774473,4.082918e-08,0.0,0.023784518241882324,-6.927408312691341e-05
187800,9.16651725769043,23.39365267753601,-3.688455754518509,8.940696e-09,0.0,0.020929574966430664,-3.581675896775493e-05
188000,9.167695045471191,19.530429911613464,-3.688453185558319,2.9802322e-08,0.0,0.0067234039306640625,-5.384598660769235e-05
188200,2.156662940979004,4.19525431394577,-3.688449424505234,3.0869246e-06,0.0,0.009302079677581787,-0.000540931504076192
188400,10.256414413452148,20.094143271446228,-3.6884678304195404,1.579523e-07,0.0,0.0066942572593688965,1.1115268147676716e-05
188600,6.421549320220947,12.669068241119385,-3.688460499048233,2.2947788e-08,0.0,-0.0006812810897827148,-4.824417071249698e-05
188800,7.789544582366943,24.044273209571838,-3.688471847772598,8.8036063e-07,0.0,0.012845098972320557,-0.0002817264466586922
189000,2.8888325691223145,5.627367222309113,-3.688474494218826,6.1690805e-08,0.0,0.003655731678009033,-4.317480356319514e-05
189200,14.586004257202148,24.977024221420287,-3.688498765230179,1.1324882e-08,0.0,-0.005593061447143555,-3.329645094058975e-05
189400,5.643277645111084,12.09023666381836,-3.6884929895401,3.397465e-08,0.0,0.009980201721191406,-6.14715218854478e-05
189600,5.690744876861572,12.869189810752868,-3.688504230976105,6.014109e-07,0.0,0.0025025010108947754,-0.00023046872278582599
189800,2.9742438793182373,6.964978313446045,-3.688497710227966,5.7667495e-07,0.0,0.021157503128051758,-0.00021608790058675608
190000,2.198269844055176,4.182484585046768,-3.688482868671417,8.285046e-08,0.0,0.04868054389953613,-5.07423725570888e-05
190200,7.214742660522461,19.795965671539307,-3.6884938359260557,8.940697e-09,0.0,-0.0014460086822509766,-2.7591198735543722e-05
190400,2.961637496948242,6.800811636447906,-3.688483488559723,1.0895728e-06,0.0,0.002034604549407959,-0.00031471100287734367
190600,4.147644996643066,9.521942305564881,-3.6884947180747987,9.357929e-08,0.0,0.004376709461212158,-5.6909710238706165e-05
190800,16.20892906188965,31.821524333953857,-3.688478481769562,3.5762786e-09,0.0,0.0022803544998168945,-3.2645448854040636e-05
191000,6.958148002624512,12.115933561325074,-3.688496249914169,6.526709e-08,0.0,0.003658592700958252,-9.497809423715253e-05
191200,7.553739070892334,20.644078040122984,-3.688488119840622,2.0861627e-08,0.0,-0.006516814231872559,-4.0322735880060634e-05
191400,3.918959856033325,8.433138358592988,-3.6884782671928407,8.7857245e-07,0.0,-0.001960158348083496,-0.00026682483363322796
191600,19.9062557220459,31.11586289405823,-3.6884913086891173,7.5399875e-08,0.0,0.008716225624084473,-5.868467737086824e-05
191800,8.875688552856445,17.292005205154418,-3.6885023057460784,3.8743018e-09,0.0,0.004680454730987549,-3.2521531134754866e-05
192000,5.752894401550293,10.442751729488373,-3.688469761610031,8.562207e-07,0.0,0.006284594535827637,-0.00026732275637448845
192200,6.42913818359375,12.825370907783508,-3.6884796977043153,6.4969065e-08,0.0,0.0181313157081604,-3.9125978678899995e-05
192400,6.229698181152344,11.087049007415771,-3.6884937822818755,6.556511e-09,0.0,-0.005212068557739258,-3.5307064576084456e-05
192600,13.507039070129395,24.183022022247314,-3.6885038137435915,0.0,0.0,0.001127004623413086,-2.3112461136021168e-05
192800,7.165177822113037,12.059732747077941,-3.6884805083274843,8.454919e-07,0.0,-0.0004749298095703125,-0.0002579574292313591
193000,2.4309418201446533,4.967061746120453,-3.6884740352630616,3.7550926e-08,0.0,-0.030708909034729004,-3.416509927909317e-05
193200,10.53966236114502,22.511815357208253,-3.6884727358818052,1.1920929e-09,0.0,0.0202750563621521,-2.072525026494132e-05
193400,6.777962684631348,17.331982445716857,-3.688480466604233,1.3172627e-07,0.0,0.0056130290031433105,-0.0001059878766728417
193600,8.31238079071045,17.744706773757933,-3.688477784395218,3.3974647e-08,0.0,-0.011814713478088379,-3.593447814859152e-05
193800,5.892416477203369,13.709723401069642,-3.688481867313385,2.4437904e-08,0.0,-0.02194499969482422,-6.181998604990469e-05
194000,4.438028812408447,8.681295692920685,-3.6884508430957794,3.7252903e-08,0.0,0.028047382831573486,-6.412509090738538e-05
194200,9.344297409057617,22.405718660354616,-3.6884523570537566,1.8328427e-07,0.0,0.017855703830718994,-0.000128935388736523
194400,4.800233364105225,11.024956035614014,-3.6884473145008085,4.887581e-08,0.0,-0.0025985240936279297,-6.65688677531251e-05
194600,6.109748840332031,9.400337505340577,-3.688449478149414,4.10974e-07,0.0,-0.010999321937561035,-0.0001841001367630213
194800,3.4298882484436035,5.952251189947129,-3.6884674787521363,9.2417e-07,0.0,-1.5020370483398438e-05,-0.00025885213891911895
195000,4.215820789337158,7.376097726821899,-3.6884674787521363,1.3363361e-06,0.0,-0.006638884544372559,-0.00036972792486724695
195200,4.677452087402344,10.006896710395813,-3.6884593427181245,1.8656254e-07,0.0,-0.0037537813186645508,-0.00010406096959716393
195400,8.978007316589355,14.78043622970581,-3.688462507724762,4.2021274e-08,0.0,0.0046465396881103516,-6.734751936798844e-05
195600,13.768189430236816,26.58231039047241,-3.6884615302085875,0.0,0.0,0.041747093200683594,-1.8436863950910264e-05
195800,11.23132038116455,18.850128054618835,-3.6884830415248873,1.3411046e-08,0.0,0.001286149024963379,-4.1617900298174246e-05
196000,8.994793891906738,20.21849184036255,-3.688469487428665,1.8775463e-08,0.0,-0.007443666458129883,-4.82812077631678e-05
196200,5.3109660148620605,12.795355415344238,-3.6884810030460358,1.2189149e-07,0.0,0.004018068313598633,-9.301078283385777e-05
196400,2.1283116340637207,4.1642117440700535,-3.6884677052497863,2.9802322e-07,0.0,-0.0020160675048828125,-0.0001845880802630262
196600,10.454935073852539,21.79894390106201,-3.6884460508823396,5.7220458e-08,0.0,-0.017341971397399902,-7.072174549094257e-05
196800,3.1239161491394043,6.679641842842102,-3.688448113203049,2.592802e-08,0.0,0.029127776622772217,-4.2601488780436014e-05
197000,10.880252838134766,20.729168438911437,-3.6884548008441924,4.440546e-08,0.0,0.009204328060150146,-6.299047192913632e-05
197200,21.182878494262695,37.35982275009155,-3.6884436070919038,4.7683715e-09,0.0,0.008853375911712646,-2.585519119442381e-05
197400,7.813420295715332,15.117046856880188,-3.6884486794471742,5.960464e-09,0.0,0.0023636221885681152,-3.8088858197848904e-05
197600,7.223832130432129,14.559722125530243,-3.6884588956832887,1.9639731e-07,0.0,0.0013905167579650879,-0.00011081679323079462
197800,1.5391658544540405,3.1565751850605013,-3.6884453892707825,2.3514033e-06,0.0,-0.018611669540405273,-0.00047550259129751636
198000,15.560454368591309,28.95145478248596,-3.688460022211075,1.4394521e-07,0.0,-0.0033713579177856445,3.6992177356864886e-05
198200,3.2535972595214844,6.285401201248169,-3.68845956325531,1.2069941e-07,0.0,0.017786800861358643,-0.00010532062420320898
198400,7.372204780578613,14.778023266792298,-3.688465005159378,6.854534e-09,0.0,0.004029750823974609,-1.9039005089993567e-05
198600,3.7772367000579834,8.29640110731125,-3.688454341888428,1.013279e-08,0.0,0.026943325996398926,-3.6708824309528155e-05
198800,9.665877342224121,18.136394810676574,-3.68844673037529,7.748604e-09,0.0,0.007070422172546387,-3.639227164597969e-05
199000,3.3737640380859375,8.407269060611725,-3.688443684577942,1.6531349e-06,0.0,0.001108407974243164,-0.00037455898909457554
199200,5.884462356567383,13.870054078102111,-3.688429021835327,1.218915e-07,0.0,-0.004636287689208984,-8.236411236817176e-05
199400,6.2427263259887695,11.813029289245605,-3.6884278774261476,7.05719e-07,0.0,0.010713577270507812,-0.0002762557254022857
199600,3.8001112937927246,7.645795547962189,-3.6884121179580687,5.063414e-07,0.0,0.029150664806365967,-0.00019420720642169265
199800,5.877885818481445,13.022939705848694,-3.688435661792755,4.9173828e-08,0.0,-0.012996792793273926,-3.9534926114459526e-05
200000,9.4232816696167,17.376065373420715,-3.68842870593071,1.5199184e-08,0.0,0.004408419132232666,-4.045768120937154e-05
