timestep,loss,value_loss,entropy_loss,approx_kl,clip_fraction,explained_variance,policy_gradient_loss
200,,,,,,,
400,17.75003433227539,37.368159770965576,-3.6888766050338746,1.3232231e-07,0.0,-0.020946383476257324,-0.0001424741966363996
600,6.411620616912842,13.254253101348876,-3.688875514268875,2.6285647e-07,0.0,-0.0023189783096313477,-0.0001608604128477964
800,13.716476440429688,30.14527635574341,-3.6888746440410616,1.0848045e-07,0.0,0.006994724273681641,-7.35090222541146e-05
1000,32.898826599121094,48.483660745620725,-3.6888740956783295,3.9339064e-08,0.0,0.006640315055847168,-5.2399247511303314e-05
1200,4.554592132568359,8.394071412086486,-3.6888740181922914,1.731515e-07,0.0,0.053203284740448,-0.0001225631519485404
1400,13.145588874816895,24.44193353652954,-3.6888739228248597,1.0102988e-07,0.0,0.02171194553375244,-9.207303772269526e-05
1600,5.5225958824157715,12.504776108264924,-3.688872665166855,1.2388825e-06,0.0,-0.01900458335876465,-0.0003710732089258539
1800,8.540225982666016,18.457571172714232,-3.688871419429779,8.9108944e-08,0.0,-0.01641559600830078,-7.40877238852189e-05
2000,4.218008995056152,7.9082507491111755,-3.6888711988925933,2.5570392e-07,0.0,0.010295212268829346,-0.00014494786408016935
2200,10.942736625671387,19.16991033554077,-3.688870906829834,7.599592e-08,0.0,-0.0029178857803344727,-9.085845895473454e-05
2400,8.345087051391602,18.509227132797243,-3.6888706028461455,1.8507242e-07,0.0,-0.029267191886901855,-0.0001222174390161479
2600,17.779455184936523,30.606642627716063,-3.6888704717159273,9.179115e-08,0.0,0.0013666152954101562,-8.199454521262695e-05
2800,14.318416595458984,22.70499403476715,-3.6888700127601624,1.8149615e-07,0.0,-0.015408754348754883,-0.000121510989786211
3000,9.237908363342285,16.522376322746275,-3.6888700485229493,5.8412553e-08,0.0,0.0009136795997619629,-6.417584408238141e-05
3200,9.573342323303223,17.02874207496643,-3.6888701379299165,4.4196844e-07,0.0,-0.0082014799118042,-0.00019361452590920257
3400,4.124752521514893,8.179466247558594,-3.688870185613632,8.949637e-07,0.0,0.029940009117126465,-0.00035314527262766406
3600,4.961376667022705,10.291722023487091,-3.6888689279556273,7.31647e-07,0.0,-0.022033214569091797,-0.00024150579927482153
3800,9.754432678222656,19.335278844833375,-3.6888671875,7.0035455e-08,0.0,0.007531285285949707,-6.680685287161481e-05
4000,20.476154327392578,49.8325927734375,-3.688865900039673,3.2782554e-09,0.0,-0.036789894104003906,-2.9830545238063165e-05
4200,10.524897575378418,20.110109972953797,-3.6888663828372956,3.8444995e-08,0.0,-0.024111270904541016,-5.9820719662750935e-05
4400,11.876618385314941,26.73007264137268,-3.6888664960861206,1.5497207e-08,0.0,0.004877626895904541,-4.309259361363615e-05
4600,3.89241361618042,9.422194492816924,-3.6888657927513124,2.6881696e-07,0.0,0.031771838665008545,-0.00014384625139243212
4800,6.714126110076904,12.33866000175476,-3.688864600658417,1.7941e-07,0.0,0.01437908411026001,-0.00014168492013686418
5000,7.935319900512695,15.863804817199707,-3.688864600658417,6.198883e-08,0.0,0.012417912483215332,-7.380731402258922e-05
5200,22.31062126159668,36.36670784950256,-3.6888637602329255,1.4901161e-08,0.0,0.014519035816192627,-3.96251680364168e-05
5400,8.178598403930664,15.56433334350586,-3.6888639271259307,3.993511e-08,0.0,-0.051299095153808594,-6.220051646215197e-05
5600,12.422451972961426,26.89582962989807,-3.688863533735275,1.6063451e-07,0.0,0.0003527998924255371,-0.0001289767205146397
5800,14.012986183166504,24.43008804321289,-3.688864177465439,4.708767e-08,0.0,0.014288902282714844,-7.806612475746988e-05
6000,7.536561489105225,14.929250144958496,-3.6888635575771334,1.5750527e-06,0.0,0.010095655918121338,-0.00043442286348887026
6200,8.145001411437988,16.520280766487122,-3.6888614118099214,1.5825033e-07,0.0,-0.0014983415603637695,-8.180721490340659e-05
6400,8.901270866394043,21.812038159370424,-3.6888622879981994,4.2021274e-08,0.0,-0.02898716926574707,-5.8797613096484015e-05
6600,4.128303050994873,9.015775287151337,-3.6888619661331177,1.397729e-07,0.0,0.011471688747406006,-0.00012417636824211265
6800,5.548525333404541,12.01877133846283,-3.6888617634773255,3.9339067e-08,0.0,0.022070884704589844,-5.5472075909790417e-05
7000,8.649798393249512,15.478800439834595,-3.688861668109894,4.2915346e-08,0.0,-0.02236926555633545,-5.425630477224885e-05
7200,3.8610239028930664,7.692864894866943,-3.688862133026123,4.4107435e-07,0.0,-0.008348703384399414,-0.0002197904276460605
7400,9.731311798095703,17.266998505592348,-3.688861870765686,8.970499e-08,0.0,-0.028537392616271973,-8.865772193704658e-05
7600,11.208048820495605,25.57292938232422,-3.6888617157936094,4.082918e-08,0.0,-0.011439085006713867,-6.217578776359644e-05
7800,7.566402435302734,15.436644649505615,-3.688861232995987,2.4735927e-08,0.0,0.010007798671722412,-5.370479791979577e-05
8000,15.394500732421875,33.66845917701721,-3.6888612508773804,2.4735929e-08,0.0,0.043099820613861084,-4.819362235988223e-05
8200,4.755911827087402,10.111757445335389,-3.6888611912727356,2.001226e-06,0.0,-0.00925445556640625,-0.00048449349488612905
8400,4.2993693351745605,7.362539112567902,-3.688859540224075,4.2438506e-07,0.0,-0.029772281646728516,-0.0001891797782018312
8600,13.059276580810547,23.475408458709715,-3.688858437538147,1.40070915e-08,0.0,0.03072488307952881,-2.6975810325780002e-05
8800,18.928508758544922,42.44287285804749,-3.6888576447963715,4.4703485e-09,0.0,0.0006244778633117676,-3.5972237528714146e-05
9000,9.79806137084961,17.912374114990236,-3.6888569474220274,2.5033952e-08,0.0,-0.02088630199432373,-6.485901830988183e-05
9200,10.454660415649414,23.058169174194337,-3.6888572812080382,1.013279e-08,0.0,0.018607497215270996,-3.2913342328910744e-05
9400,6.626513481140137,12.623547244071961,-3.6888576328754423,9.799004e-07,0.0,-0.01673293113708496,-0.00030355209190391363
9600,6.50331449508667,12.185525679588318,-3.688857764005661,8.136034e-08,0.0,0.0048996806144714355,-5.2842935134389533e-05
9800,6.349395275115967,12.368183159828186,-3.688856637477875,3.039837e-08,0.0,-0.011620163917541504,-5.026534187040355e-05
10000,3.485217809677124,8.14596093893051,-3.6888555109500887,3.7133694e-07,0.0,-0.00408625602722168,-0.00021201070819198975
10200,6.5813775062561035,13.778184819221497,-3.688855969905853,6.67572e-08,0.0,0.014559328556060791,-6.831677233947176e-05
10400,9.586469650268555,19.746438908576966,-3.68885623216629,4.2617323e-08,0.0,-0.010464906692504883,-6.704253050049402e-05
10600,8.328879356384277,17.985421180725098,-3.6888578474521636,1.847744e-08,0.0,0.004536688327789307,-4.4255002699067345e-05
10800,9.260980606079102,18.700283098220826,-3.6888558089733126,1.4603138e-08,0.0,-0.006398439407348633,-4.776842168539019e-05
11000,8.273082733154297,17.997105860710143,-3.6888555347919465,5.185604e-08,0.0,-0.0033339262008666992,-7.974717028447209e-05
11200,16.216527938842773,27.607789516448975,-3.688856190443039,3.039837e-08,0.0,0.0236627459526062,-5.426523068798872e-05
11400,21.485321044921875,40.2628212928772,-3.6888568580150602,2.3841858e-08,0.0,-0.006564497947692871,-6.525597727815579e-05
11600,22.04998207092285,39.7440242767334,-3.6888563990592957,5.960464e-09,0.0,-0.009367704391479492,-2.7565776893778704e-05
11800,8.350358963012695,17.34944064617157,-3.688854956626892,9.6261495e-08,0.0,0.013090431690216064,-9.206299508504045e-05
12000,6.158575057983398,14.501165342330932,-3.68885600566864,8.9705e-08,0.0,-0.011255860328674316,-8.947911167389577e-05
12200,10.47038459777832,17.706975483894347,-3.6888555943965913,2.682209e-08,0.0,-0.018760323524475098,-4.251440048674837e-05
12400,26.202701568603516,49.649389553070066,-3.6888566970825196,1.1026859e-08,0.0,-0.00013244152069091797,-4.144157457965925e-05
12600,7.329551696777344,12.90434033870697,-3.688854914903641,3.218651e-08,0.0,-0.03381657600402832,-5.705894918683896e-05
12800,13.02596664428711,22.09046459197998,-3.688857543468475,9.506941e-08,0.0,-0.011946678161621094,-9.052076190094738e-05
13000,7.12825870513916,11.927533030509949,-3.688854789733887,5.3346156e-08,0.0,0.002919018268585205,-5.8462023385263964e-05
13200,2.6780190467834473,5.5516509234905245,-3.6888551890850065,3.376603e-07,0.0,-0.021915078163146973,-0.00019222493353885373
13400,8.479547500610352,15.455152487754821,-3.688855826854706,1.1116266e-07,0.0,0.00805443525314331,-8.761832080885767e-05
13600,20.767316818237305,41.16149063110352,-3.6888560175895693,2.0563602e-08,0.0,-0.004530668258666992,-4.038933654952892e-05
13800,4.850139141082764,9.51935179233551,-3.688856041431427,1.436472e-07,0.0,0.0038681626319885254,-0.00013546325132836047
14000,8.28536319732666,18.58788905143738,-3.68885378241539,9.477138e-08,0.0,0.014403343200683594,-7.865041857755273e-05
14200,10.68642807006836,23.002219724655152,-3.6888539016246797,3.7550926e-08,0.0,0.012410521507263184,-6.065967730286559e-05
14400,10.674065589904785,21.16351580619812,-3.688854569196701,9.924174e-08,0.0,-0.010469317436218262,-9.759005933256404e-05
14600,5.086456298828125,8.380145609378815,-3.688854384422302,2.5704503e-06,0.0,0.0037584304809570312,-0.0004902834275811729
14800,9.654730796813965,18.41799590587616,-3.6888513565063477,1.116991e-06,0.0,0.01493746042251587,-0.0002769935937815049
15000,7.5850114822387695,12.08288607597351,-3.688848751783371,1.2934208e-07,0.0,0.009701311588287354,-8.441027310734928e-05
15200,6.085840702056885,11.06086299419403,-3.6888472616672514,4.8279762e-08,0.0,-0.016160130500793457,-6.753300165529552e-05
15400,5.341718673706055,10.379974579811096,-3.688846379518509,3.6984682e-07,0.0,0.007492482662200928,-0.00023268506099668462
15600,3.693319082260132,8.122309291362763,-3.6888481438159944,8.9705e-07,0.0,0.005001068115234375,-0.00026391370573538577
15800,6.818093776702881,17.735227084159852,-3.6888501703739167,5.692244e-08,0.0,-0.001585841178894043,-3.6425113835747426e-05
16000,17.528839111328125,34.345836544036864,-3.688850146532059,5.9604643e-10,0.0,-0.011951684951782227,-2.2974312324475223e-05
16200,2.6398775577545166,7.142491632699967,-3.6888493835926055,7.936359e-07,0.0,-0.012094259262084961,-0.0002678903181663861
16400,8.949676513671875,18.56763927936554,-3.688847142457962,5.9604645e-08,0.0,0.027627110481262207,-3.210496906760341e-05
16600,12.050616264343262,23.64034140110016,-3.688848215341568,8.046627e-09,0.0,-0.008892416954040527,-4.306632245976716e-05
16800,14.157180786132812,30.696731901168825,-3.6888457238674164,5.9604643e-10,0.0,0.021308839321136475,-2.72290333478864e-05
17000,7.612789630889893,14.542284440994262,-3.6888464093208313,1.618266e-07,0.0,0.006903946399688721,-0.00010238620640667939
17200,3.0696680545806885,6.1852333545684814,-3.6888459801673887,4.4494868e-07,0.0,0.039077043533325195,-0.00019526539834444634
17400,8.876014709472656,16.83434863090515,-3.6888463258743287,5.811453e-08,0.0,-0.0030939579010009766,-5.7311400155635184e-05
17600,7.851880073547363,17.408194875717165,-3.6888460397720335,3.415346e-07,0.0,-0.0106736421585083,-0.00018478987382097856
17800,5.746119976043701,12.404317855834961,-3.6888448297977448,8.046627e-08,0.0,0.00884997844696045,-6.503188241033798e-05
18000,16.047367095947266,33.39221639633179,-3.6888455510139466,1.2516975e-08,0.0,0.023244261741638184,-3.8940027818723524e-05
18200,11.931575775146484,22.82796428203583,-3.688845294713974,4.440546e-08,0.0,0.005991339683532715,-7.284839466215054e-05
18400,3.374452829360962,7.150603663921356,-3.688846069574356,5.4955484e-07,0.0,-0.0017648935317993164,-0.00020953326150823236
18600,5.176405906677246,12.87739610671997,-3.688844621181488,6.884336e-08,0.0,-0.009104251861572266,-7.653142538538438e-05
18800,15.666438102722168,30.01623420715332,-3.6888439774513246,7.450581e-09,0.0,-0.019982218742370605,-3.492379927516609e-05
19000,7.118579864501953,13.948231816291809,-3.6888438284397127,1.7583371e-08,0.0,-0.020994067192077637,-4.804490546028717e-05
19200,4.023429870605469,9.840451765060426,-3.6888425409793855,2.9206275e-08,0.0,0.01769542694091797,-5.981296998962549e-05
19400,4.749304294586182,10.775093591213226,-3.688843333721161,4.5001507e-08,0.0,0.007762253284454346,-6.713456329636714e-05
19600,6.646981716156006,15.633867168426514,-3.6888430655002593,3.3378605e-08,0.0,-0.01789724826812744,-5.91859968864128e-05
19800,5.724533557891846,9.911475419998169,-3.688843435049057,5.4240225e-08,0.0,0.04595911502838135,-7.946433900416495e-05
20000,22.827159881591797,54.276358127593994,-3.6888429880142213,0.0,0.0,-0.0015388727188110352,-1.6415156527216367e-05
20200,5.376282691955566,10.484520053863525,-3.688842326402664,1.7940998e-07,0.0,0.0010277032852172852,-9.659150922303184e-05
20400,6.386777877807617,11.612034678459167,-3.688840901851654,3.218651e-08,0.0,0.08167684078216553,-4.572683599088911e-05
20600,8.056023597717285,19.066906571388245,-3.6888405323028564,8.642674e-09,0.0,-0.014497160911560059,-4.1633889490544364e-05
20800,2.687755823135376,6.67979862689972,-3.6888412177562713,2.9692055e-06,0.0,0.011339068412780762,-0.0005359929942529762
21000,10.440728187561035,22.852164936065673,-3.688841038942337,1.2040138e-07,0.0,0.0009750723838806152,-3.1521074232543356e-05
21200,6.664308547973633,11.225720357894897,-3.6888415634632112,2.720952e-07,0.0,-9.071826934814453e-05,-0.00015002745409047334
21400,15.077258110046387,33.017633771896364,-3.688840836286545,1.7285346e-08,0.0,0.024618923664093018,-1.749487963182972e-05
21600,5.235687255859375,10.928927850723266,-3.6888389468193052,3.039837e-08,0.0,0.022257626056671143,-5.532290051843414e-05
21800,9.953957557678223,15.212766003608703,-3.6888398945331575,5.692244e-08,0.0,-0.025629520416259766,-8.040276170304673e-05
22000,5.912497520446777,12.136840176582336,-3.6888389348983766,7.361174e-08,0.0,-0.003733515739440918,-8.851047612632446e-05
22200,2.238074541091919,4.861223566532135,-3.6888400256633758,1.129508e-07,0.0,0.021734774112701416,-9.711635174163291e-05
22400,9.347515106201172,22.367286348342894,-3.6888387560844422,1.4305115e-08,0.0,0.0001634359359741211,-3.618245602838854e-05
22600,5.540666103363037,10.809660971164703,-3.6888398706912993,4.0829182e-08,0.0,-0.006458163261413574,-5.941283691486276e-05
22800,2.899384021759033,5.586760020256042,-3.6888407111167907,6.6876413e-07,0.0,-0.023243427276611328,-0.0002719586799919682
23000,3.589503526687622,7.833685553073883,-3.688839453458786,9.864569e-08,0.0,-0.04359030723571777,-8.02565296853075e-05
23200,4.23550271987915,10.029867768287659,-3.688838338851929,4.3511392e-08,0.0,0.04206961393356323,-6.414011887301285e-05
23400,20.159257888793945,39.618187284469606,-3.6888369023799896,8.9406965e-10,0.0,-0.06605470180511475,-1.1265471653265636e-05
23600,8.768706321716309,15.829163146018981,-3.6888398706912993,2.95043e-08,0.0,0.005873680114746094,-5.878261869851631e-05
23800,10.540290832519531,23.538762426376344,-3.688839304447174,5.662441e-09,0.0,-0.002465367317199707,-2.8448074827025492e-05
24000,7.061593055725098,18.20407454967499,-3.688838768005371,3.8444995e-08,0.0,0.012792646884918213,-5.912160836620828e-05
24200,5.016529083251953,9.03835483789444,-3.688839739561081,3.4540892e-07,0.0,-0.01762521266937256,-0.00019723485460441115
24400,3.064284086227417,6.291987013816834,-3.688841074705124,1.0997057e-07,0.0,-0.03789043426513672,-9.597865904815705e-05
24600,6.162853240966797,15.105094122886658,-3.688840699195862,1.6987324e-08,0.0,-0.02257251739501953,-4.222700017653125e-05
24800,6.7164812088012695,16.23662598133087,-3.6888382732868195,1.910329e-06,0.0,-0.001878499984741211,-0.0004285080309413214
25000,9.836345672607422,23.306764984130858,-3.6888337433338165,1.3589859e-07,0.0,0.0027628540992736816,-5.682246409998149e-05
25200,11.717704772949219,22.922105073928833,-3.68883353471756,2.2947788e-08,0.0,-0.01493215560913086,-4.870816294921809e-05
25400,5.620367050170898,9.017382287979126,-3.688833099603653,1.7821787e-07,0.0,0.006581366062164307,-0.00015496327059700833
25600,4.881150722503662,9.24012600183487,-3.688833099603653,1.2722612e-06,0.0,0.010358154773712158,-0.000330008047073993
25800,6.746301174163818,11.715891265869141,-3.6888326168060304,1.2218952e-07,0.0,0.015610277652740479,-5.177691182076671e-05
26000,3.378366470336914,7.884793055057526,-3.688833808898926,5.8412553e-08,0.0,0.02029937505722046,-8.631578872853041e-05
26200,17.444833755493164,40.05072731971741,-3.6888322830200195,4.172325e-09,0.0,-0.005002617835998535,-2.6170447230944303e-05
26400,5.2368483543396,13.337770628929139,-3.688832587003708,4.4703484e-08,0.0,-0.029138565063476562,-7.412956250689718e-05
26600,5.173948764801025,9.758229458332062,-3.6888318717479707,3.5464765e-08,0.0,-0.029225826263427734,-5.9710003414914506e-05
26800,20.923303604125977,48.111896228790286,-3.6888338208198546,1.7881394e-08,0.0,-0.0015331506729125977,-4.553175008674693e-05
27000,7.577138423919678,13.396347570419312,-3.6888331055641173,4.917383e-08,0.0,-0.025452733039855957,-6.696107976471577e-05
27200,6.076733589172363,12.8882581949234,-3.6888304233551024,6.4969065e-08,0.0,-0.004810690879821777,-6.833021275753914e-05
27400,5.7158660888671875,12.579681348800658,-3.6888304531574247,4.87864e-07,0.0,0.009551525115966797,-0.00022764304918465594
27600,7.09999942779541,14.040734887123108,-3.6888285756111143,2.3573637e-07,0.0,-0.03262460231781006,-0.00013220665171003175
27800,15.864455223083496,27.438869953155518,-3.688829815387726,1.2814999e-08,0.0,-0.009893655776977539,-1.7663709728665822e-05
28000,14.08702564239502,26.75169794559479,-3.688830226659775,8.553267e-08,0.0,-0.009349226951599121,-8.70318265042469e-05
28200,11.756336212158203,21.414770460128786,-3.6888285338878632,1.3113022e-08,0.0,-0.03104722499847412,-3.828002503070138e-05
28400,10.531105995178223,14.931279134750366,-3.688827323913574,1.6391278e-08,0.0,-0.01650714874267578,-4.522079206119578e-05
28600,8.454328536987305,15.876302862167359,-3.6888286411762237,5.573034e-08,0.0,0.01687479019165039,-8.089184791573167e-05
28800,4.107447624206543,7.279470133781433,-3.6888276755809786,1.0263919e-06,0.0,0.02664327621459961,-0.0003207350366612793
29000,3.5574867725372314,7.9956188797950745,-3.6888249099254606,1.1622906e-07,0.0,-0.016042709350585938,-9.362045698910749e-05
29200,11.189348220825195,21.525232911109924,-3.6888228058815002,7.152557e-09,0.0,-0.02025020122528076,-2.6437193090167456e-05
29400,1.4782252311706543,4.145566636323929,-3.688821351528168,2.2247434e-06,0.0,0.010748684406280518,-0.0004473851022898323
29600,5.101150989532471,12.470282888412475,-3.6888180553913115,2.0831824e-07,0.0,-0.013293623924255371,-8.232887477492845e-05
29800,7.493015289306641,17.081045866012573,-3.6888169765472414,7.6591974e-08,0.0,-0.005184531211853027,-9.220557530578155e-05
30000,2.9112045764923096,5.04489358663559,-3.688817876577377,1.4096499e-07,0.0,0.005030274391174316,-0.00011628493757303016
30200,5.838598728179932,14.338500905036927,-3.688815915584564,6.583333e-07,0.0,0.002670109272003174,-0.00023848943393915966
30400,10.305123329162598,20.33046922683716,-3.6888151347637175,6.437301e-08,0.0,0.003334641456604004,-3.1751520969391936e-05
30600,4.769534111022949,8.65140997171402,-3.688816750049591,1.3113022e-07,0.0,-0.005689024925231934,-0.00010409767958060589
30800,4.929017066955566,7.862792444229126,-3.6888155698776246,8.3744524e-08,0.0,0.023337364196777344,-8.79081142034055e-05
31000,4.930916786193848,9.246781921386718,-3.6888181924819947,8.73208e-08,0.0,-0.002959132194519043,-9.907269503521832e-05
31200,8.146113395690918,15.837562346458435,-3.688817185163498,7.301569e-08,0.0,-0.01832449436187744,-7.45981479764124e-05
31400,7.876858711242676,12.81983461380005,-3.6888176560401917,2.7418137e-08,0.0,0.021108031272888184,-4.157842689709312e-05
31600,10.554402351379395,23.37155599594116,-3.688815939426422,3.2782554e-09,0.0,0.008647739887237549,-2.0936161319640156e-05
31800,5.964055061340332,15.320772695541383,-3.688817673921585,2.294779e-08,0.0,-0.02044224739074707,-5.170240270890858e-05
32000,8.034141540527344,16.0154789686203,-3.6888169229030607,6.258488e-09,0.0,-0.011999011039733887,-3.9401367559621646e-05
32200,8.655117988586426,18.452314138412476,-3.688817095756531,5.0365924e-07,0.0,-0.0206068754196167,-0.00023977011259382897
32400,5.965944290161133,11.28702175617218,-3.688820368051529,8.4400176e-07,0.0,-0.016854166984558105,-0.0002773667504465616
32600,10.892112731933594,22.03685064315796,-3.6888192713260652,5.6028366e-08,0.0,0.01307588815689087,-3.407519334217568e-05
32800,2.362365245819092,4.762210243940354,-3.68881995677948,1.6063451e-07,0.0,0.026848971843719482,-0.00010052744304314131
33000,9.423858642578125,19.526594853401186,-3.6888239562511442,4.3809415e-08,0.0,-0.008571147918701172,-5.6609400232221496e-05
33200,12.239717483520508,22.006179571151733,-3.6888227581977846,5.3644182e-09,0.0,-0.007008910179138184,-3.4970015629015584e-05
33400,13.19581413269043,23.75786623954773,-3.688823217153549,1.04308135e-08,0.0,-0.00995171070098877,-3.4264787822602114e-05
33600,5.037097930908203,10.361658537387848,-3.688822615146637,3.8743018e-08,0.0,0.004963219165802002,-6.253197084795658e-05
33800,4.32589864730835,9.612462425231934,-3.688822603225708,1.2516975e-07,0.0,-0.0024118423461914062,-0.00010080003721721909
34000,8.770285606384277,14.753258419036865,-3.6888233065605163,3.2484532e-08,0.0,-0.007863044738769531,-6.956137712859079e-05
34200,6.507898330688477,10.856025528907775,-3.6888218760490417,1.01923945e-07,0.0,-0.0032210350036621094,-9.848573756592316e-05
34400,9.746809005737305,22.275828456878664,-3.6888223230838775,8.642673e-09,0.0,-0.02722334861755371,-2.921703470324388e-05
34600,8.105291366577148,17.116776537895202,-3.6888200521469114,6.556511e-09,0.0,0.03382140398025513,-2.9045760527512952e-05
34800,8.223282814025879,18.239955067634583,-3.688820618391037,3.6656857e-08,0.0,0.015474259853363037,-5.477735357768409e-05
35000,7.305095672607422,14.534422945976257,-3.6888205647468566,7.343292e-07,0.0,-0.00908970832824707,-0.00025860440719833734
35200,2.8243119716644287,6.075341594219208,-3.688814878463745,1.5228987e-07,0.0,0.004712939262390137,-9.269051277873696e-05
35400,5.956295013427734,11.54897528886795,-3.6888156712055205,1.5646219e-07,0.0,0.0020502805709838867,-0.00012000325349523778
35600,5.885257720947266,10.627986168861389,-3.688817012310028,7.6681374e-07,0.0,0.0056961774826049805,-0.0002459528905840447
35800,6.715959548950195,11.93516161441803,-3.68881733417511,9.268523e-08,0.0,-0.04191780090332031,-6.144048298803995e-05
36000,9.937551498413086,22.600022268295287,-3.6888173460960387,1.66893e-08,0.0,0.0011119246482849121,-4.447741783510928e-05
36200,10.967378616333008,14.398529517650605,-3.6888184428215025,2.4139881e-08,0.0,-0.0058286190032958984,-5.384433295816393e-05
36400,4.675493240356445,11.998232126235962,-3.6888149678707123,4.4703484e-08,0.0,-0.005282878875732422,-6.683367460968981e-05
36600,6.255062580108643,10.631353199481964,-3.6888197481632234,5.805492e-07,0.0,-0.005843639373779297,-0.00022325541159724517
36800,6.82657527923584,12.163593459129334,-3.6888127982616425,4.9769877e-08,0.0,0.024334311485290527,-1.994189623020226e-05
37000,16.30352210998535,31.101716804504395,-3.6888129234313967,8.046627e-09,0.0,-0.01220691204071045,-3.524203645408619e-05
37200,9.032295227050781,18.46418595314026,-3.6888106882572176,1.1920929e-08,0.0,0.004514813423156738,-3.867724540833617e-05
37400,8.016176223754883,16.727619338035584,-3.688809847831726,1.8775463e-08,0.0,-0.002580881118774414,-5.175577129019615e-05
37600,7.5060038566589355,16.274584007263183,-3.688811194896698,8.225441e-08,0.0,-0.0007435083389282227,-9.379881594071549e-05
37800,3.808600664138794,10.183476626873016,-3.6888126730918884,2.449751e-07,0.0,-0.0020977258682250977,-0.000150827944945231
38000,7.813984394073486,14.000057911872863,-3.6888138353824615,2.2947788e-08,0.0,0.006371438503265381,-3.639829893291591e-05
38200,2.7003161907196045,5.268189305067063,-3.6888136208057403,2.8610228e-07,0.0,0.02937549352645874,-0.00016208729856339031
38400,12.723856925964355,24.15543532371521,-3.688814753293991,4.8696995e-07,0.0,0.0017740726470947266,-0.00019402038949101197
38600,12.787978172302246,27.893046808242797,-3.6888099670410157,2.771616e-08,0.0,-0.0014725923538208008,-7.354690547245469e-07
38800,14.215506553649902,31.687697839736938,-3.6888110458850862,1.4305115e-08,0.0,0.016213059425354004,-4.486735129649588e-05
39000,1.6136369705200195,4.03283343911171,-3.68881276845932,3.3468007e-07,0.0,-0.0029053688049316406,-0.00016644325896925105
39200,5.625940322875977,12.778238439559937,-3.688809359073639,1.4305114e-07,0.0,0.0008119344711303711,-0.00011776404030068299
39400,6.70989990234375,14.310955595970153,-3.6888098895549772,9.834766e-09,0.0,-0.010568499565124512,-3.381402784308207e-05
39600,8.85643482208252,20.427805614471435,-3.6888125956058504,4.529953e-08,0.0,0.0032052993774414062,-6.60285357446888e-05
39800,5.180665016174316,11.252476906776428,-3.688812118768692,2.6524066e-08,0.0,0.025784850120544434,-4.957252778012844e-05
40000,12.611316680908203,26.63045072555542,-3.6888147950172425,1.04308135e-08,0.0,-0.003166794776916504,-3.8557633943625544e-05
40200,13.896013259887695,30.613742351531982,-3.6888082563877105,2.0861626e-09,0.0,0.011335670948028564,-2.8651595088247106e-05
40400,8.616761207580566,18.635750126838683,-3.6888120234012605,4.351139e-08,0.0,-0.002352118492126465,-5.435067390600068e-05
40600,1.4202227592468262,3.930163437128067,-3.688810187578201,3.781915e-07,0.0,0.0016688108444213867,-0.0001592130955403004
40800,10.668305397033691,21.78461546897888,-3.688812494277954,1.66893e-08,0.0,0.010049700736999512,-2.3618314280149377e-05
41000,5.090269565582275,9.416224777698517,-3.688813406229019,9.596348e-08,0.0,0.011615991592407227,-0.00010778461339833179
41200,31.303451538085938,56.90329484939575,-3.6888126909732817,3.5762788e-09,0.0,-0.019629836082458496,-2.341470128115475e-05
41400,5.676540374755859,9.478301894664764,-3.6888116180896757,1.18613244e-07,0.0,0.01940739154815674,-9.537258750089706e-05
41600,6.366039276123047,14.101903200149536,-3.688816821575165,2.2649767e-08,0.0,0.021371066570281982,-3.567656108085515e-05
41800,13.078465461730957,24.553649687767027,-3.6888152718544007,2.980232e-09,0.0,-0.016385793685913086,-2.7495875860839015e-05
42000,14.772276878356934,29.45698480606079,-3.6888157725334167,2.0563602e-08,0.0,0.01186823844909668,-4.477544145249368e-05
42200,7.043365955352783,13.097850513458251,-3.688815325498581,5.9604645e-07,0.0,-0.0020906925201416016,-0.00021542438852204527
42400,7.121621608734131,12.57378797531128,-3.6888122737407683,3.170967e-07,0.0,0.02339845895767212,-0.00014784641110212604
42600,10.74880599975586,21.455969285964965,-3.688813704252243,3.6358834e-08,0.0,-0.0012558698654174805,-4.903549395260942e-05
42800,5.352041721343994,11.318465280532838,-3.688814675807953,1.8954277e-07,0.0,-0.019055724143981934,-0.0001258437327292472
43000,5.505466938018799,12.109101355075836,-3.6888142108917235,2.515316e-07,0.0,-0.02194535732269287,-0.00016321846852294098
43200,5.683834552764893,13.096657586097717,-3.688810485601425,4.440546e-08,0.0,0.029352545738220215,-5.055955047925664e-05
43400,2.8593013286590576,6.9060711145401,-3.688814228773117,5.6177373e-07,0.0,-0.010128259658813477,-0.0002706181239936267
43600,4.152432441711426,7.596395003795624,-3.6888124883174895,1.0073185e-07,0.0,0.02436298131942749,-5.788786697007442e-05
43800,5.218098163604736,7.698523211479187,-3.6888114869594575,2.9164553e-06,0.0,-0.0006048679351806641,-0.00059925965783445
44000,6.844970703125,14.875054121017456,-3.6888105988502504,2.5212765e-07,0.0,0.0008287429809570312,-8.29069905808666e-05
44200,12.123419761657715,22.626633739471437,-3.6888032615184785,1.3411046e-08,0.0,0.013977229595184326,-3.83772104678215e-05
44400,3.76216197013855,8.727761280536651,-3.6888025760650636,9.912253e-07,0.0,0.010515272617340088,-0.0003130221238571318
44600,3.674703598022461,6.7901009798049925,-3.6888019502162934,1.5497208e-07,0.0,-0.00482785701751709,-0.00010181225897731849
44800,6.448571681976318,17.909702944755555,-3.688800495862961,1.2516976e-08,0.0,-0.009062886238098145,-3.88431699050229e-05
45000,10.605389595031738,24.525750827789306,-3.688801234960556,4.7683715e-09,0.0,0.02351313829421997,-2.7172237397476985e-05
45200,7.62031888961792,13.885909795761108,-3.688802343606949,9.539724e-07,0.0,0.011259973049163818,-0.0003404536687691806
45400,8.560136795043945,19.41050715446472,-3.68880255818367,4.976988e-08,0.0,0.014792859554290771,-1.893903294156729e-05
45600,4.531435489654541,14.130435132980347,-3.6888017892837524,2.4437904e-08,0.0,0.007906138896942139,-5.4381638321554515e-05
45800,13.756059646606445,29.574112749099733,-3.6888005435466766,1.6093255e-08,0.0,0.013730645179748535,-4.928389154761348e-05
46000,5.572631359100342,10.709121215343476,-3.6888033211231233,5.9604645e-08,0.0,-0.0009596347808837891,-7.657494437300905e-05
46200,10.379940032958984,23.68264799118042,-3.688801831007004,2.6822091e-08,0.0,0.01530146598815918,-5.2710175693049256e-05
46400,4.737500190734863,7.642930424213409,-3.6888004720211027,1.2248755e-07,0.0,0.0241815447807312,-0.00010662620490617947
46600,2.889523983001709,7.094352149963379,-3.6888049960136415,5.0306323e-07,0.0,0.003620326519012451,-0.0002061598903380757
46800,10.636765480041504,20.51897473335266,-3.6888045132160188,6.7055225e-07,0.0,-0.0033539533615112305,-0.0002697307731602927
47000,4.748702049255371,8.123808991909026,-3.6888086020946504,1.4087557e-06,0.0,0.004860877990722656,-0.0003863780207909673
47200,11.532485961914062,23.740019369125367,-3.6888067007064818,1.0520219e-07,0.0,0.011412382125854492,-6.0664668130794296e-05
47400,5.414244174957275,10.550557065010072,-3.688805603981018,3.1888483e-08,0.0,0.019682884216308594,-5.2109494894603256e-05
47600,4.580772399902344,8.392811644077302,-3.6888082921504974,1.8775463e-08,0.0,0.006140172481536865,-4.2691044547638055e-05
47800,8.743572235107422,16.6271301984787,-3.688812702894211,9.536743e-09,0.0,-0.02037191390991211,-4.225291280891552e-05
48000,3.2091736793518066,6.032291042804718,-3.6888084053993224,5.620718e-07,0.0,-0.018930673599243164,-0.00022370617110709646
48200,7.785912990570068,15.48537449836731,-3.68880952000618,2.1547079e-07,0.0,0.0018502473831176758,-0.00012239770613349245
48400,9.074475288391113,17.05783224105835,-3.688809925317764,2.259016e-07,0.0,-0.001456618309020996,-0.00012130441971691941
48600,10.73736572265625,22.38010938167572,-3.6888112246990206,1.9371509e-08,0.0,0.003038346767425537,-3.2234288676846747e-05
48800,13.939239501953125,22.12366404533386,-3.6888094663619997,0.0,0.0,-0.018349409103393555,-2.1102689017471478e-05
49000,11.343371391296387,24.160265588760375,-3.688813853263855,4.172325e-09,0.0,-0.012935757637023926,-3.556992128022074e-05
49200,11.586165428161621,19.68437614440918,-3.6888107895851134,1.847744e-08,0.0,-0.014672517776489258,-5.237961897994747e-05
49400,15.830500602722168,29.39700050354004,-3.688812482357025,5.9604643e-10,0.0,0.012944579124450684,-2.141973384226503e-05
49600,9.28729248046875,20.06409320831299,-3.688808631896973,5.9604646e-09,0.0,0.0039634108543396,-2.3982897513086243e-05
49800,8.622703552246094,16.316002535820008,-3.688811445236206,3.156066e-07,0.0,4.100799560546875e-05,-0.0001651229123774578
50000,5.85953950881958,11.645758605003357,-3.6888059198856356,8.9287755e-07,0.0,0.007052421569824219,-0.00025309416529654125
50200,27.411535263061523,60.5303147315979,-3.688809412717819,3.3974647e-08,0.0,0.0032985806465148926,-1.511630426378474e-05
50400,9.031414031982422,20.685050559043884,-3.6888073801994326,4.470348e-09,0.0,0.012853562831878662,-3.620107481385748e-05
50600,21.051982879638672,39.95794277191162,-3.688809895515442,0.0,0.0,-0.00160980224609375,-2.2590369007202682e-05
50800,4.580150127410889,8.421824491024017,-3.6888085424900057,4.321337e-08,0.0,0.004664719104766846,-6.335204807079719e-05
51000,19.448345184326172,35.444234418869016,-3.6888084173202516,4.172325e-09,0.0,0.00500643253326416,-1.798754195183605e-05
51200,11.21767807006836,20.621165370941164,-3.688808298110962,2.682209e-09,0.0,0.015143811702728271,-3.177161515974802e-05
51400,5.202404022216797,10.343818080425262,-3.6888089179992676,5.8412553e-08,0.0,-0.00922238826751709,-7.30196983358411e-05
51600,5.378115653991699,12.017616295814515,-3.688806730508804,1.3113022e-08,0.0,-0.004749894142150879,-4.491569081901403e-05
51800,3.2594523429870605,7.100830638408661,-3.688804417848587,1.962185e-06,0.0,0.014024138450622559,-0.00047243322465555514
52000,4.210316181182861,8.541528177261352,-3.6887987852096558,2.7924776e-07,0.0,0.014492392539978027,-0.00013209555991648968
52200,12.132126808166504,20.888011717796324,-3.688795214891434,2.592802e-08,0.0,-0.0009139776229858398,-4.812894021961611e-05
52400,4.110279560089111,8.49257459640503,-3.688791698217392,4.3034552e-07,0.0,0.032836198806762695,-0.00021005125180009187
52600,6.741419792175293,14.946480202674866,-3.6887954771518707,4.3720007e-07,0.0,0.005216360092163086,-0.00020332288063690251
52800,1.7180191278457642,3.690764284133911,-3.6887847006320955,2.5597217e-06,0.0,0.0006873607635498047,-0.0005737251080944362
53000,11.344573020935059,28.00911593437195,-3.6887766778469087,1.4722346e-07,0.0,-0.0005768537521362305,-2.8127819545709088e-05
53200,10.223541259765625,21.860940504074097,-3.6887747228145598,5.960464e-09,0.0,0.010110318660736084,-2.757708704237416e-05
53400,9.866962432861328,17.589392757415773,-3.688768965005875,0.0,0.0,0.03400993347167969,-2.0374219948338102e-05
53600,2.426455020904541,4.7884666442871096,-3.6887743890285494,9.3281265e-08,0.0,0.0016481876373291016,-8.161373404522721e-05
53800,6.007872104644775,12.359955036640168,-3.6887711703777315,5.3346156e-08,0.0,-0.00039386749267578125,-7.692427952363801e-05
54000,10.070436477661133,20.87446129322052,-3.6887690126895905,3.4868716e-08,0.0,-0.01078653335571289,-5.482194936076157e-05
54200,6.060441017150879,10.996399891376495,-3.6887722611427307,2.294779e-08,0.0,-0.0009359121322631836,-5.6029896822673567e-05
54400,8.695964813232422,14.201216530799865,-3.6887711465358732,3.1888483e-08,0.0,-0.01585090160369873,-5.9579297737411e-05
54600,21.040109634399414,46.63792581558228,-3.6887681245803834,0.0,0.0,0.006209611892700195,-1.0329917080653672e-05
54800,15.04552936553955,29.864747190475462,-3.688767558336258,3.2782554e-09,0.0,-0.0015456676483154297,-2.850541493080172e-05
55000,7.507170677185059,14.465887117385865,-3.688769894838333,3.8743018e-09,0.0,-0.012011528015136719,-3.2449528435130046e-05
55200,3.9717040061950684,9.383402729034424,-3.688768756389618,2.7418135e-08,0.0,-0.003425002098083496,-5.2356332359160265e-05
55400,5.831030368804932,10.053669905662536,-3.68877027630806,2.592802e-07,0.0,0.006092548370361328,-0.00016437919439269422
55600,12.041131973266602,20.137799119949342,-3.688768911361694,1.6391278e-08,0.0,-0.012902021408081055,-2.9634773795916836e-05
55800,5.33065128326416,10.053001499176025,-3.6887743055820463,6.699562e-07,0.0,0.0011589527130126953,-0.0002229841350162687
56000,3.521820306777954,8.22570036649704,-3.688772052526474,6.5863134e-08,0.0,-4.506111145019531e-05,-4.0013387933424124e-05
56200,1.4533714056015015,3.3579027354717255,-3.688772612810135,9.149312e-08,0.0,-0.033078908920288086,-8.817754556869061e-05
56400,3.914649248123169,7.297097706794739,-3.688777381181717,1.6957522e-07,0.0,0.002523660659790039,-0.00013125662525772518
56600,3.0783512592315674,7.534476900100708,-3.688775509595871,9.569526e-07,0.0,0.011751890182495117,-0.0003195539592015795
56800,11.550597190856934,18.993804693222046,-3.688774061203003,7.778406e-08,0.0,0.007877051830291748,-6.473577013048626e-05
57000,12.308249473571777,22.18632764816284,-3.688772177696228,2.3841857e-09,0.0,-0.01573812961578369,-2.4451866511521204e-05
57200,13.873305320739746,29.42226448059082,-3.6887744069099426,0.0,0.0,0.02585548162460327,-1.70738847401708e-05
57400,7.895257949829102,17.924160599708557,-3.6887762606143952,2.2351742e-08,0.0,-0.0019298791885375977,-5.8982260800410916e-05
57600,12.957677841186523,24.230806398391724,-3.6887751519680023,2.0861624e-09,0.0,0.005245327949523926,-1.632276169090119e-05
57800,9.777833938598633,23.60712957382202,-3.688770830631256,3.8444995e-08,0.0,0.000731348991394043,-5.644427227138316e-05
58000,4.819725513458252,9.473596358299256,-3.688774597644806,8.940697e-09,0.0,0.02618885040283203,-3.273747878544953e-05
58200,13.539763450622559,23.30278377532959,-3.688774448633194,5.960464e-09,0.0,0.01944911479949951,-3.722018019596263e-05
58400,6.6129231452941895,14.17662317752838,-3.6887776494026183,2.2947788e-08,0.0,-0.0018529891967773438,-4.8383794809048195e-05
58600,9.623037338256836,18.535559678077696,-3.6887761056423187,8.34465e-09,0.0,-0.012808799743652344,-3.83963139239718e-05
58800,7.4212327003479,12.477873873710632,-3.688769853115082,2.0861627e-08,0.0,-0.01261436939239502,-4.8207998190186176e-05
59000,6.835066795349121,12.942935824394226,-3.6887765288352967,1.8298627e-07,0.0,-0.0034286975860595703,-0.00010712721469507969
59200,4.442593574523926,9.680475401878358,-3.6887774527072907,3.397465e-08,0.0,0.019019126892089844,-4.760429297228086e-05
59400,11.41386890411377,22.62457141876221,-3.6887771666049955,1.1920929e-08,0.0,0.0034536123275756836,-4.028658552668318e-05
59600,4.794464111328125,7.7845977425575255,-3.6887781977653504,1.1622905e-08,0.0,-0.018193483352661133,-3.713734456578521e-05
59800,10.698774337768555,24.582860779762267,-3.6887763261795046,3.308058e-08,0.0,0.00171661376953125,-6.394779699274711e-05
60000,8.465798377990723,17.029068660736083,-3.6887731075286867,1.9550323e-07,0.0,0.011831164360046387,-0.00013740904582233427
60200,14.619507789611816,26.63221287727356,-3.6887793362140657,2.8312206e-08,0.0,-0.003241896629333496,-4.2552590655287045e-05
60400,10.154794692993164,21.29128713607788,-3.6887783885002134,1.8775463e-08,0.0,0.0010121464729309082,-4.996600706453913e-05
60600,9.86454963684082,20.530786800384522,-3.6887776017189027,8.940696e-09,0.0,0.004228353500366211,-4.200522580859456e-05
60800,6.749459266662598,14.254389548301697,-3.688778930902481,8.34465e-09,0.0,-0.01078951358795166,-3.5299777964281634e-05
61000,12.801778793334961,26.173271942138673,-3.6887767255306243,3.5762784e-09,0.0,0.0087394118309021,-2.921651292719929e-05
61200,9.354765892028809,15.434243106842041,-3.6887763261795046,4.7028064e-07,0.0,0.013928413391113281,-0.00021868225824377417
61400,9.222336769104004,17.49019863605499,-3.6887787222862243,8.3535906e-07,0.0,-0.003343820571899414,-0.0003073683085035528
61600,8.218226432800293,18.28209505081177,-3.6887739479541777,8.85129e-08,0.0,0.01598590612411499,-3.9170801816190706e-05
61800,15.200563430786133,28.92486629486084,-3.6887755036354064,3.2782554e-09,0.0,-0.0034993886947631836,-3.580783305583424e-05
62000,8.17759895324707,17.554295086860655,-3.688774412870407,1.579523e-08,0.0,0.019461870193481445,-5.0978302886628415e-05
62200,7.242466449737549,13.207884454727173,-3.6887725412845613,4.9769874e-08,0.0,0.020870685577392578,-6.269895991071195e-05
62400,8.626192092895508,17.60132517814636,-3.688774210214615,8.0466265e-09,0.0,-0.012596845626831055,-3.0175402433219034e-05
62600,9.16802978515625,17.55709590911865,-3.688773590326309,1.0222196e-07,0.0,0.015825092792510986,-9.295730383103162e-05
62800,6.177615642547607,13.014904522895813,-3.688775670528412,1.4603137e-08,0.0,0.0067217350006103516,-4.4367536778633367e-05
63000,4.55761194229126,11.232938468456268,-3.6887730181217195,4.4703484e-08,0.0,0.010131359100341797,-6.814154167322783e-05
63200,2.1966683864593506,4.909176969528199,-3.6887714087963106,6.169081e-08,0.0,0.00048106908798217773,-6.817461501085198e-05
63400,6.843636512756348,12.40916440486908,-3.6887683987617494,1.1920929e-07,0.0,0.013554155826568604,-9.942516647947209e-05
63600,4.428267955780029,8.000819826126099,-3.6887728810310363,1.41263e-07,0.0,0.02080392837524414,-0.00013063600757186046
63800,4.104103088378906,7.67224406003952,-3.6887693822383882,3.33786e-08,0.0,0.027328550815582275,-5.2313536342718514e-05
64000,7.637765884399414,12.527520632743835,-3.6887735784053803,1.0311603e-07,0.0,0.0024466514587402344,-0.0001052420144104671
64200,1.9173964262008667,3.5648870170116425,-3.688772749900818,1.1500716e-06,0.0,0.027374446392059326,-0.00029420361903225166
64400,8.774053573608398,23.119600772857666,-3.6887741684913635,7.987022e-08,0.0,0.01832026243209839,-1.1414319180180766e-05
64600,12.079814910888672,25.638238668441772,-3.688770967721939,8.0466265e-09,0.0,0.014887511730194092,-3.952485320697363e-05
64800,4.894672870635986,10.179129099845886,-3.6887745440006254,2.0861625e-08,0.0,-0.003446221351623535,-4.490011941222782e-05
65000,2.1463067531585693,4.934990453720093,-3.6887742459774016,1.8718838e-06,0.0,-0.01180410385131836,-0.00044295377055880714
65200,7.744995594024658,13.298965239524842,-3.688774657249451,1.6123056e-07,0.0,0.003908038139343262,-4.3028086918184274e-05
65400,6.989644527435303,13.318935585021972,-3.6887744843959807,8.0466265e-09,0.0,0.009791851043701172,-3.073929242498607e-05
65600,2.163241386413574,4.236438870429993,-3.6887771070003508,8.85129e-07,0.0,0.005530059337615967,-0.00030150756464042416
65800,2.2547523975372314,4.608251065015793,-3.6887711107730867,5.64158e-07,0.0,-0.0015984773635864258,-0.00019865342925575735
66000,2.9594852924346924,6.532524883747101,-3.688770908117294,1.001358e-07,0.0,0.023633956909179688,-6.902077770458704e-05
66200,10.374283790588379,26.85969500541687,-3.688771790266037,1.0430813e-08,0.0,0.004748165607452393,-3.467170182132051e-05
66400,2.1148440837860107,5.0461831331253055,-3.6887728214263915,2.1487475e-07,0.0,0.0018671751022338867,-0.00014945588719716962
66600,18.818031311035156,32.70515646934509,-3.6887719571590423,1.1920929e-08,0.0,0.030682027339935303,-1.355956493287458e-05
66800,4.768922805786133,16.16573531627655,-3.6887733221054075,1.6093255e-08,0.0,-1.2516975402832031e-05,-4.6987384313390555e-05
67000,2.4465763568878174,4.39018984735012,-3.688765835762024,1.4296173e-06,0.0,-0.008452177047729492,-0.0003404981485966019
67200,13.449610710144043,24.631856155395507,-3.6887601017951965,1.0550022e-07,0.0,0.0008506178855895996,-2.3392915885267485e-05
67400,6.021132946014404,13.770349264144897,-3.68876091837883,0.0,0.0,0.013235747814178467,-2.245369553728338e-05
67600,2.223153591156006,3.7756485044956207,-3.688762682676315,7.086992e-07,0.0,-0.011129021644592285,-0.00025247301072799376
67800,4.81377649307251,7.559826183319092,-3.6887576997280123,2.0891427e-07,0.0,-0.031212568283081055,-0.00011608380000236452
68000,7.947136402130127,15.83230276107788,-3.6887607336044312,3.4838916e-07,0.0,-0.008903980255126953,-0.0001741251802199084
68200,2.925865888595581,6.758714348077774,-3.688760370016098,4.771352e-07,0.0,-0.01943671703338623,-0.00021913418237340387
68400,7.1767449378967285,15.87201030254364,-3.6887510478496552,4.4703484e-08,0.0,0.001950681209564209,-6.205552842084572e-05
68600,6.268396854400635,13.331797742843628,-3.6887502908706664,6.556511e-09,0.0,-0.020755410194396973,-2.7255952332572166e-05
68800,12.594215393066406,21.66311740875244,-3.688756400346756,1.8507242e-07,0.0,-0.01376354694366455,-0.00013496458537480825
69000,8.708213806152344,17.597922825813292,-3.688755053281784,1.7881394e-08,0.0,-0.0025763511657714844,-2.0171686890790853e-05
69200,9.85731029510498,24.99442160129547,-3.6887533962726593,2.0861624e-09,0.0,-0.006805062294006348,-1.9684925688689957e-05
69400,16.9663028717041,35.984184408187865,-3.688754880428314,0.0,0.0,0.010768890380859375,-1.1892497536880597e-05
69600,3.9160702228546143,7.260781955718994,-3.688754767179489,1.1920928e-08,0.0,-0.0071070194244384766,-3.561091436363739e-05
69800,6.1642351150512695,13.44312686920166,-3.6887582659721376,9.23872e-09,0.0,0.009110569953918457,-3.1361863237133746e-05
70000,27.278045654296875,54.78242254257202,-3.6887565672397615,0.0,0.0,-0.009769320487976074,-1.0125972259533712e-05
70200,4.4024271965026855,13.646855545043945,-3.6887559235095977,1.5497207e-08,0.0,0.02481973171234131,-4.8187479206518445e-05
70400,5.116634845733643,8.363256168365478,-3.6887566447257996,4.2617323e-08,0.0,0.024975359439849854,-5.952409647086432e-05
70600,5.057347297668457,9.79618080854416,-3.688752454519272,3.8146973e-07,0.0,0.011745870113372803,-0.00015754766873565806
70800,2.314140558242798,5.5094906270504,-3.68875629901886,1.8954277e-07,0.0,0.020421922206878662,-0.00011957831713060862
71000,3.618259906768799,6.837583208084107,-3.6887603640556335,7.325411e-07,0.0,0.001392364501953125,-0.00025607462216361567
71200,2.9893712997436523,9.613742578029633,-3.688757508993149,5.9306622e-08,0.0,0.016635537147521973,-3.5638689981221104e-05
71400,9.888955116271973,22.186216521263123,-3.688758659362793,5.7518484e-08,0.0,0.009836316108703613,-7.847242005833976e-05
71600,5.4164958000183105,11.76338233947754,-3.6887589931488036,4.4703485e-09,0.0,0.020235300064086914,-2.9322981681734195e-05
71800,7.388125419616699,11.969465184211732,-3.688753181695938,1.37090685e-08,0.0,0.007966101169586182,-4.4093266042999343e-05
72000,3.2792255878448486,8.53921549320221,-3.688761293888092,1.7791987e-07,0.0,-0.002473115921020508,-0.00012418429509395424
72200,4.800592422485352,9.923116230964661,-3.6887597382068633,7.197261e-07,0.0,0.003617525100708008,-0.0002685612271733362
72400,6.795536041259766,14.004694175720214,-3.6887528002262115,4.2319297e-08,0.0,0.017128944396972656,-2.7325041747872093e-05
72600,8.084197044372559,16.969713282585143,-3.688750773668289,3.8445e-08,0.0,0.0013912320137023926,-6.656629259993441e-05
72800,4.316658973693848,9.484938538074493,-3.6887496590614317,2.2649765e-08,0.0,0.001407623291015625,-4.886437582474201e-05
73000,3.2353885173797607,6.146335148811341,-3.688751924037933,1.92523e-07,0.0,-0.003608107566833496,-0.00012740865298999093
73200,21.002004623413086,35.332968187332156,-3.688752830028534,7.7486035e-09,0.0,0.000642240047454834,-1.8447175667546388e-05
73400,5.06848669052124,8.765934693813325,-3.6887550711631776,1.9967556e-08,0.0,0.0011925101280212402,-4.6910196478266995e-05
73600,23.688472747802734,41.34074673652649,-3.6887512683868406,1.7881393e-09,0.0,0.010986685752868652,-1.763200763227335e-05
73800,14.717934608459473,25.59429259300232,-3.6887540400028227,0.0,0.0,-0.010613799095153809,-2.301278699121667e-05
74000,3.172637939453125,8.309389317035675,-3.6887518048286436,1.4901161e-08,0.0,-0.004437685012817383,-4.294212125568464e-05
74200,12.534059524536133,23.964506673812867,-3.688753765821457,6.556511e-09,0.0,0.0044359564781188965,-3.063677284798061e-05
74400,7.600315570831299,17.98052179813385,-3.6887541890144346,2.0861626e-09,0.0,-0.018226981163024902,-3.238744286562789e-05
74600,8.513405799865723,17.259638118743897,-3.6887538731098175,4.470348e-09,0.0,0.010662853717803955,-2.4949386992290103e-05
74800,7.896655082702637,12.553159070014953,-3.6887571632862093,4.1663645e-07,0.0,0.013653397560119629,-0.00021086929787044183
75000,9.89902114868164,19.902689933776855,-3.6887556195259092,8.463859e-08,0.0,0.007282614707946777,-7.911102448288077e-05
75200,11.71668815612793,27.779229879379272,-3.6887560069561003,0.0,0.0,0.01793617010116577,-1.842233519262493e-05
75400,6.953331470489502,15.134498691558838,-3.6887567043304443,3.7252903e-08,0.0,-0.014065384864807129,-6.081697417767984e-05
75600,13.70439624786377,28.40698390007019,-3.6887582719326018,1.4603138e-08,0.0,-0.006087899208068848,-4.9994364745753474e-05
75800,12.388045310974121,29.01903681755066,-3.688750070333481,2.0861626e-09,0.0,0.010701000690460205,-1.7875745791462448e-05
76000,3.104051113128662,6.449263721704483,-3.688753533363342,5.4359435e-07,0.0,0.024257123470306396,-0.00020083019814325364
76200,4.632578372955322,9.227798306941986,-3.6887547731399537,3.0338765e-07,0.0,0.005066215991973877,-0.00014795734141355156
76400,12.084190368652344,25.185798168182373,-3.688756066560745,7.271767e-08,0.0,0.013012170791625977,-8.441158312448849e-05
76600,4.448406219482422,7.357628345489502,-3.688752555847168,1.4424324e-07,0.0,-0.0018618106842041016,-0.00011867815240819146
76800,2.646221160888672,6.895771539211273,-3.688751631975174,4.5001507e-08,0.0,0.029919981956481934,-5.91398814508981e-05
77000,9.388734817504883,19.20716462135315,-3.6887541592121122,7.95722e-08,0.0,-0.0027794837951660156,-7.258173777268118e-05
77200,8.72514533996582,18.262180519104003,-3.6887570917606354,1.8775463e-08,0.0,0.009634315967559814,-5.318629428572308e-05
77400,4.142457485198975,8.943864715099334,-3.6887571036815645,1.3709068e-08,0.0,-0.012687921524047852,-4.140323411219171e-05
77600,12.735587120056152,26.929325532913207,-3.6887525260448455,2.5629998e-08,0.0,0.008168637752532959,-4.652728163656583e-05
77800,3.921719789505005,7.565350294113159,-3.6887598097324372,5.483627e-07,0.0,0.011889934539794922,-0.00020562116862117287
78000,4.255997180938721,9.352092790603638,-3.6887553572654723,1.0162592e-07,0.0,0.012512147426605225,-4.876052623483673e-05
78200,6.739312171936035,11.385603976249694,-3.688754230737686,5.5730343e-08,0.0,0.015462040901184082,-7.063159393396745e-05
78400,16.78887939453125,29.1911518573761,-3.6887557208538055,1.2814999e-08,0.0,0.004678010940551758,-3.648237862785564e-05
78600,11.497690200805664,22.41248526573181,-3.688758599758148,4.389882e-07,0.0,0.011900663375854492,-0.00019234968803716335
78800,8.276684761047363,16.464491510391234,-3.6887585699558256,4.9471858e-08,0.0,0.014893889427185059,-3.0233405523727442e-05
79000,19.710073471069336,34.03663678169251,-3.6887558817863466,2.980232e-09,0.0,0.00892651081085205,-3.236012180325431e-05
79200,10.953069686889648,23.753870964050293,-3.688760131597519,1.1026859e-08,0.0,0.019141852855682373,-3.4850902844763e-05
79400,3.829763174057007,8.28144702911377,-3.6887604176998137,3.695488e-07,0.0,0.01414334774017334,-0.00018712084035379383
79600,2.9466922283172607,7.494194746017456,-3.68875892162323,1.7857551e-06,0.0,0.010992169380187988,-0.0004258310376063612
79800,8.635287284851074,17.57665376663208,-3.6887688279151916,1.3443828e-06,0.0,-0.0010236501693725586,-0.00033504855278636557
80000,2.7321770191192627,5.7350865542888645,-3.6887618958950044,7.4505806e-08,0.0,0.016926825046539307,-2.5932565861808143e-05
80200,14.754383087158203,27.241871976852416,-3.688760334253311,8.642674e-09,0.0,0.002071559429168701,-3.676111210131339e-05
80400,2.2393460273742676,6.743932443857193,-3.6887615859508514,2.861023e-08,0.0,0.0148698091506958,-5.2906146216180613e-05
80600,0.2968503534793854,0.599231781065464,-3.6887594640254973,8.672476e-08,0.0,-1.7174456119537354,-7.936239299439762e-05
80800,0.2930542528629303,0.5702185004949569,-3.688759958744049,1.2397766e-07,0.0,-0.2127974033355713,-0.00011726725149223683
81000,0.2543819844722748,0.5908844664692878,-3.6887616217136383,1.2248755e-07,0.0,-0.9337892532348633,-0.00010289756939210192
81200,0.263855904340744,0.5573304064571858,-3.68876656293869,8.73208e-08,0.0,-0.8812137842178345,-8.408124743404244e-05
81400,0.27754679322242737,0.5696165814995766,-3.688761818408966,1.7613173e-07,0.0,-0.6196717023849487,-0.00013378042702765213
81600,0.2881675660610199,0.576168604195118,-3.688764876127243,1.6778706e-07,0.0,-1.5741493701934814,-0.0001330949513512536
81800,0.26936057209968567,0.5619878530502319,-3.6887626469135286,1.4036894e-07,0.0,-1.493774175643921,-0.0001057747604858772
82000,0.27432724833488464,0.5495077714323997,-3.6887612283229827,1.1086463e-07,0.0,-0.8680750131607056,-0.00010105867618754871
82200,0.25707805156707764,0.5339761205017567,-3.688767099380493,1.7672778e-07,0.0,-0.41630077362060547,-0.00011821909284055465
82400,0.31474342942237854,0.5548676073551178,-3.688764876127243,1.6987325e-07,0.0,-0.8164772987365723,-0.00011006400102075986
82600,0.23750655353069305,0.5423825025558472,-3.688768345117569,1.8924476e-07,0.0,-0.7084896564483643,-0.00013595889585803488
82800,0.2818340063095093,0.5501479797065258,-3.6887690305709837,2.0086766e-07,0.0,-1.323474645614624,-0.0001262917111806594
83000,0.27747541666030884,0.5388544701039791,-3.6887616991996763,2.774596e-07,0.0,-0.9250247478485107,-0.00015420258129115184
83200,0.27004772424697876,0.5364590242505074,-3.6887671768665315,2.1278858e-07,0.0,-1.608940601348877,-0.00013350318452758357
83400,0.27037501335144043,0.5168523989617825,-3.68877090215683,2.1547079e-07,0.0,-0.8080203533172607,-0.00013706389460637068
83600,0.24075450003147125,0.5539647117257118,-3.688766688108444,1.6391276e-07,0.0,-2.41662859916687,-9.981550338764578e-05
83800,0.26263678073883057,0.5127021126449108,-3.6887682020664214,2.1338462e-07,0.0,-0.42335736751556396,-0.00012987975913070215
84000,0.2676506042480469,0.5130377814173699,-3.688772088289261,3.1411648e-07,0.0,-1.1510436534881592,-0.00016059867720983335
84200,0.25915229320526123,0.504045183211565,-3.6887667775154114,2.1368265e-07,0.0,-0.11297285556793213,-0.00012785604562814967
84400,0.25271308422088623,0.5131472408771515,-3.6887680888175964,2.8222797e-07,0.0,-1.0132427215576172,-0.00016261738445173536
84600,0.275082528591156,0.5062766060233116,-3.6887701094150542,3.644824e-07,0.0,-0.36362576484680176,-0.00017264800101877143
84800,0.24208220839500427,0.5165114462375641,-3.6887713074684143,2.512336e-07,0.0,-1.543524980545044,-0.0001382079851538265
85000,0.25612324476242065,0.5008476093411446,-3.6887664020061495,3.8951634e-07,0.0,-0.3723936080932617,-0.00019713533049596775
85200,0.23653487861156464,0.480160466581583,-3.6887649834156035,2.7745963e-07,0.0,-0.439647912979126,-0.00014100381736672495
85400,0.25309526920318604,0.4992125704884529,-3.6887676656246184,1.9937754e-07,0.0,-2.1792547702789307,-0.0001370749881566269
85600,0.2309611737728119,0.48688925206661227,-3.6887693464756013,2.5093556e-07,0.0,-1.0162601470947266,-0.0001501573692966218
85800,0.27146822214126587,0.46921058669686316,-3.688770002126694,2.065301e-07,0.0,-0.20640826225280762,-0.00011673137555590074
86000,0.21944917738437653,0.4705146439373493,-3.6887726724147796,1.9818545e-07,0.0,-0.2907121181488037,-0.00010355189480719673
86200,0.2533194124698639,0.4956692822277546,-3.6887741684913635,1.4573337e-07,0.0,-3.7973365783691406,-0.0001155183380532776
86400,0.2269613891839981,0.47775267288088796,-3.68876970410347,2.6673078e-07,0.0,-1.9376647472381592,-0.00013310491252829237
86600,0.2600274085998535,0.47985708266496657,-3.6887663662433625,3.4928323e-07,0.0,-0.8463230133056641,-0.00016851738071110844
86800,0.21464835107326508,0.44653117582201957,-3.688766044378281,1.859665e-07,0.0,-0.421069860458374,-0.00011928805725212044
87000,0.22475650906562805,0.48395821303129194,-3.6887623846530913,2.0086766e-07,0.0,-2.513578176498413,-0.00012462365528875807
87200,0.22840185463428497,0.44667320176959036,-3.6887669622898103,3.439188e-07,0.0,-1.0258290767669678,-0.00016662267821980769
87400,0.22879941761493683,0.45039273500442506,-3.688767337799072,2.0086765e-07,0.0,-1.100736141204834,-0.00012831114577238623
87600,0.2330184280872345,0.45893263518810273,-3.6887666404247286,2.5063753e-07,0.0,-2.5862796306610107,-0.00014751528234990818
87800,0.21295326948165894,0.4426711194217205,-3.6887661278247834,2.1338462e-07,0.0,-1.6395652294158936,-0.00015017483520871622
88000,0.21839042007923126,0.4423142023384571,-3.6887614011764525,3.013015e-07,0.0,-0.8233401775360107,-0.00015850070052891851
88200,0.22684110701084137,0.44683990105986593,-3.688763880729675,1.9788742e-07,0.0,-1.616678237915039,-0.00012375693049628821
88400,0.22106091678142548,0.4452382594347,-3.6887599349021913,1.5825034e-07,0.0,-2.210763454437256,-0.00010005025493988739
88600,0.2219085842370987,0.4437723241746426,-3.6887601375579835,2.5689602e-07,0.0,-1.3221144676208496,-0.0001487475606253952
88800,0.20802950859069824,0.41596722081303594,-3.6887607872486115,3.1113623e-07,0.0,-0.677574872970581,-0.00016384492481718026
89000,0.20478178560733795,0.4204759292304516,-3.68876433968544,2.0861626e-07,0.0,-1.3312861919403076,-0.00013642981427963718
89200,0.1790715456008911,0.44661679714918134,-3.688757371902466,2.6375056e-07,0.0,-4.421552658081055,-0.00013819496389144703
89400,0.21303224563598633,0.416577959805727,-3.6887570679187776,3.5613775e-07,0.0,-1.6656494140625,-0.00017918485505745706
89600,0.21085791289806366,0.4355481810867786,-3.6887558937072753,1.9699335e-07,0.0,-5.0394110679626465,-0.00012206011288586893
89800,0.19100342690944672,0.4207829438149929,-3.688757711648941,2.1457672e-07,0.0,-4.132262706756592,-0.00012987209205164162
90000,0.21325230598449707,0.42718311324715613,-3.688752794265747,2.3365021e-07,0.0,-2.2960383892059326,-0.0001329803323791623
90200,0.19882197678089142,0.3925228551030159,-3.688748824596405,4.23789e-07,0.0,-0.5225255489349365,-0.0001969186509008125
90400,0.2085021287202835,0.38185696825385096,-3.688748973608017,3.0905008e-07,0.0,-0.533393144607544,-0.0001436533483262892
90600,0.21552790701389313,0.40869712829589844,-3.688749074935913,2.8699637e-07,0.0,-3.7450942993164062,-0.00015607274023921036
90800,0.18567165732383728,0.38049672693014147,-3.688748562335968,2.5212765e-07,0.0,-0.865625262260437,-0.00014681205786644115
91000,0.2142014056444168,0.3948893204331398,-3.6887471199035646,3.004074e-07,0.0,-1.867218017578125,-0.00015551303308427577
91200,0.18121427297592163,0.38194329366087915,-3.688744843006134,2.0682813e-07,0.0,-1.2626676559448242,-9.299622524618911e-05
91400,0.20385442674160004,0.37033550143241883,-3.6887381613254546,2.8878452e-07,0.0,-0.4379875659942627,-0.000130542852613047
91600,0.19490192830562592,0.3820656441152096,-3.6887471199035646,2.7924776e-07,0.0,-2.002741575241089,-0.0001493884471253537
91800,0.16480378806591034,0.3571769125759602,-3.688747400045395,4.813075e-07,0.0,-0.49961209297180176,-0.00020611008382473984
92000,0.18167784810066223,0.38413059040904046,-3.6887416303157807,3.260374e-07,0.0,-1.250436782836914,-0.00016125413160412717
92200,0.18479587137699127,0.3735197715461254,-3.688741660118103,6.3478944e-07,0.0,-2.1490352153778076,-0.0002172239437586043
92400,0.16759395599365234,0.3513367630541325,-3.6887453496456146,4.7773125e-07,0.0,-0.7106462717056274,-0.00019716176864541523
92600,0.16931866109371185,0.3680782087147236,-3.6887401759624483,3.4272668e-07,0.0,-2.1438369750976562,-0.0002062063980044826
92800,0.17949214577674866,0.3474265232682228,-3.6887431502342225,2.7924776e-07,0.0,-0.8036206960678101,-0.0001409793188948072
93000,0.1725354790687561,0.3553331084549427,-3.6887467324733736,4.0084123e-07,0.0,-1.780977725982666,-0.0002043863159830295
93200,0.15452799201011658,0.3498361900448799,-3.688740599155426,4.2468307e-07,0.0,-1.305114984512329,-0.0001950662565313621
93400,0.17315123975276947,0.35753372609615325,-3.688741850852966,3.2693146e-07,0.0,-2.357365369796753,-0.00015927655187049085
93600,0.13703148066997528,0.33535811901092527,-3.68873507976532,3.5375356e-07,0.0,-0.7976499795913696,-0.0001865151963244216
93800,0.14729833602905273,0.35407229885458946,-3.6887348711490633,4.1067602e-07,0.0,-2.0714423656463623,-0.00019376508853223838
94000,0.16468049585819244,0.3247556708753109,-3.6887309670448305,3.3617022e-07,0.0,-0.41524362564086914,-0.00017599645956405395
94200,0.16475418210029602,0.33832241743803027,-3.688732349872589,3.3885243e-07,0.0,-2.1382503509521484,-0.00015837903236892714
94400,0.16131359338760376,0.3209569416940212,-3.688730788230896,2.9563904e-07,0.0,-0.570854902267456,-0.0001418089423088631
94600,0.16598449647426605,0.3415625810623169,-3.6887280642986298,4.8786404e-07,0.0,-2.296556234359741,-0.00022890469548357827
94800,0.17474132776260376,0.3375256948173046,-3.6887288868427275,3.6746263e-07,0.0,-3.7877860069274902,-0.00014859356078247287
95000,0.16700206696987152,0.324720249325037,-3.6887321174144745,3.182888e-07,0.0,-1.9707376956939697,-0.0001662898057709583
95200,0.151244655251503,0.3193824142217636,-3.688725161552429,3.6418436e-07,0.0,-1.3206520080566406,-0.00017242607367649044
95400,0.15501177310943604,0.31057557091116905,-3.6887291967868805,3.0487774e-07,0.0,-1.7900385856628418,-0.00016435416065618824
95600,0.16344840824604034,0.3200417451560497,-3.6887198388576508,2.7149918e-07,0.0,-1.6965956687927246,-0.0001329921632025055
95800,0.16489055752754211,0.32055669724941255,-3.6887152552604676,3.120303e-07,0.0,-2.3454835414886475,-0.00016364462530962242
96000,0.12416151911020279,0.29385615661740305,-3.6887176275253295,4.4792893e-07,0.0,-0.34644389152526855,-0.00024652163717391317
96200,0.16255593299865723,0.30828928500413894,-3.6887125611305236,3.963709e-07,0.0,-2.2751100063323975,-0.0001605451405849223
96400,0.15148423612117767,0.2902511082589626,-3.688716346025467,3.606081e-07,0.0,-0.850860595703125,-0.00018327125837913627
96600,0.13512945175170898,0.2877469375729561,-3.688709181547165,3.442168e-07,0.0,-0.46558868885040283,-0.00015534192334030195
96800,0.14377598464488983,0.306744696944952,-3.688703382015228,2.4944543e-07,0.0,-2.465409517288208,-0.00014393108372958707
97000,0.13205228745937347,0.28758968189358713,-3.6887082159519196,4.1335824e-07,0.0,-1.5658924579620361,-0.00021332754903156115
97200,0.14042720198631287,0.2814053174108267,-3.6887056112289427,3.683567e-07,0.0,-1.3303682804107666,-0.00017765815628099091
97400,0.1399911493062973,0.2905017681419849,-3.6887054562568666,4.4316056e-07,0.0,-2.292813301086426,-0.00020774808525487743
97600,0.13146087527275085,0.28052550069987775,-3.688698923587799,3.4093858e-07,0.0,-1.5945994853973389,-0.000171233296697082
97800,0.14580681920051575,0.29042071625590327,-3.6886961579322817,3.904104e-07,0.0,-4.036415100097656,-0.00016407527087736185
98000,0.14779271185398102,0.2849766261875629,-3.6886919915676115,2.1994114e-07,0.0,-2.181889295578003,-0.0001248797185811057
98200,0.12181876599788666,0.2595901247113943,-3.688706028461456,4.6640633e-07,0.0,-0.6785637140274048,-0.0002123876042780637
98400,0.15385745465755463,0.2749270647764206,-3.688700544834137,3.361702e-07,0.0,-1.4110283851623535,-0.00016382451893477424
98600,0.13834474980831146,0.28286049515008926,-3.6886987030506133,4.0560963e-07,0.0,-1.9833457469940186,-0.0001878193176894527
98800,0.11890100687742233,0.25947959497570994,-3.6887024700641633,3.4391883e-07,0.0,-2.105733871459961,-0.00015297027635678971
99000,0.12417524307966232,0.2509859062731266,-3.688701570034027,6.0051684e-07,0.0,-1.0178050994873047,-0.0002400506129927038
99200,0.1445937603712082,0.2629382610321045,-3.688701456785202,2.8073788e-07,0.0,-1.8662033081054688,-0.00015697020501881376
99400,0.12235824018716812,0.24864421598613262,-3.688697749376297,4.3034552e-07,0.0,-1.2383005619049072,-0.0001831231557035906
99600,0.1240556612610817,0.2675754506140947,-3.6886821150779725,3.6001205e-07,0.0,-1.6409733295440674,-0.00017355397463774124
99800,0.11010050028562546,0.2429978460073471,-3.6886912643909455,2.3394823e-07,0.0,-1.6353907585144043,-0.0001241285514225865
100000,0.09961265325546265,0.24056249894201756,-3.6886781096458434,3.6001205e-07,0.0,-0.7392202615737915,-0.00016917767329234225
100200,0.11891978979110718,0.2369054604321718,-3.688687098026276,2.30968e-07,0.0,-1.2663490772247314,-0.00011494429423350994
100400,0.12603886425495148,0.23451458439230918,-3.6886769413948057,4.5210123e-07,0.0,-0.28602921962738037,-0.00020920242305635383
100600,0.11985675990581512,0.24217566847801208,-3.688665050268173,3.4153462e-07,0.0,-0.7249339818954468,-0.0001628352854794457
100800,0.1037379577755928,0.2167805764824152,-3.688675653934479,3.4481286e-07,0.0,-0.045526981353759766,-0.00017645242094461723
101000,0.09276627004146576,0.22427827082574367,-3.688672184944153,4.559755e-07,0.0,-0.7461647987365723,-0.00021914096997637244
101200,0.1238335520029068,0.23609668500721454,-3.6886509895324706,5.108118e-07,0.0,-0.9776419401168823,-0.00022728097430437799
101400,0.0990666002035141,0.22859764322638512,-3.688663572072983,2.8014182e-07,0.0,-1.8112812042236328,-0.00013998520348099675
101600,0.10952717065811157,0.23284573070704936,-3.688660281896591,3.528595e-07,0.0,-3.43373966217041,-0.00016679732563105177
101800,0.11246833205223083,0.22527658008038998,-3.688655138015747,2.8282403e-07,0.0,-1.6025159358978271,-0.000152031186701862
102000,0.08733299374580383,0.21713213324546815,-3.688665693998337,5.045533e-07,0.0,-1.174830436706543,-0.00023870055359473952
102200,0.11192820966243744,0.21171491853892804,-3.6886633217334746,4.1633845e-07,0.0,-0.41252267360687256,-0.0001821303663587237
102400,0.09980583190917969,0.21459346823394299,-3.68867267370224,3.0606986e-07,0.0,-2.3742082118988037,-0.0001619771940518433
102600,0.09238900989294052,0.20587966665625573,-3.6886561810970306,4.2498112e-07,0.0,-0.5671617984771729,-0.00021850172518469435
102800,0.09901215136051178,0.21136487647891045,-3.68866680264473,4.5150517e-07,0.0,-2.171583890914917,-0.00020452508379378286
103000,0.09337595850229263,0.20628910548985005,-3.688660341501236,3.8534404e-07,0.0,-2.055213689804077,-0.0001755512826414396
103200,0.10780461877584457,0.2112145483493805,-3.6886584997177123,6.827712e-07,0.0,-1.8032684326171875,-0.00025464089838838077
103400,0.0919586569070816,0.19767263047397138,-3.688662791252136,4.6610833e-07,0.0,-1.4839203357696533,-0.00018238466938491626
103600,0.08853138983249664,0.20403085537254811,-3.6886588275432586,2.935529e-07,0.0,-1.7821030616760254,-0.00015102760513237002
103800,0.08802051097154617,0.19951828420162201,-3.6886536300182344,1.8507242e-07,0.0,-2.174072027206421,-0.00010880556710581856
104000,0.07477199286222458,0.19357676543295382,-3.6886618375778197,2.592802e-07,0.0,-1.874227523803711,-0.00013943925513544287
104200,0.08994551748037338,0.1831163354218006,-3.68866109251976,2.4586916e-07,0.0,-0.9475444555282593,-0.00013661527659731832
104400,0.09562205523252487,0.19675353728234768,-3.688650131225586,5.0365924e-07,0.0,-2.899977922439575,-0.0002288809850739426
104600,0.09527590870857239,0.17990130931138992,-3.688638985157013,2.8491021e-07,0.0,-0.2135547399520874,-0.00013684308574681835
104800,0.08688767999410629,0.17541637793183326,-3.6886530339717867,4.8279765e-07,0.0,-0.4320110082626343,-0.00022379466320927578
105000,0.07659641653299332,0.1794661980122328,-3.68865972161293,3.2514333e-07,0.0,-2.2169723510742188,-0.00015158249496636245
105200,0.08532887697219849,0.1801568642258644,-3.688650149106979,3.98159e-07,0.0,-2.4684038162231445,-0.0002083244535846518
105400,0.08271269500255585,0.17850639931857587,-3.6886172592639923,3.2752752e-07,0.0,-1.5970101356506348,-0.00017365753799127858
105600,0.07680650800466537,0.1796790726482868,-3.688636916875839,5.576015e-07,0.0,-2.8660740852355957,-0.00026364706524599767
105800,0.0776095986366272,0.16815430521965027,-3.688623380661011,6.327033e-07,0.0,-0.3462378978729248,-0.00023207804390033005
106000,0.08260466158390045,0.1700534574687481,-3.6886381030082704,4.3570995e-07,0.0,-1.8070673942565918,-0.00021421406355877083
106200,0.07593701034784317,0.16570557840168476,-3.6886040449142454,4.905462e-07,0.0,-0.5100648403167725,-0.00022636726501055194
106400,0.08203817903995514,0.16051103584468365,-3.6886224448680878,4.7653919e-07,0.0,-0.4006001949310303,-0.00023310478092710695
106600,0.08676157146692276,0.16719712875783443,-3.688607758283615,2.0265578e-07,0.0,-0.9526039361953735,-0.00010381279865146198
106800,0.0878429263830185,0.16639193817973136,-3.688615787029266,3.8087367e-07,0.0,-2.740000009536743,-0.00017006319684060857
107000,0.08907166868448257,0.16630972661077975,-3.688605177402496,3.120303e-07,0.0,-3.275994300842285,-0.00016451208225802815
107200,0.08320937305688858,0.163216882199049,-3.6885956287384034,4.526973e-07,0.0,-1.4823269844055176,-0.00020315025903983042
107400,0.06518637388944626,0.1489906542003155,-3.688601863384247,4.1663648e-07,0.0,-0.9899587631225586,-0.00017966751648295086
107600,0.08038333803415298,0.14871643893420697,-3.6886147975921633,3.33488e-07,0.0,-1.2764372825622559,-0.00016942576947300835
107800,0.07416228950023651,0.15117737874388695,-3.688607668876648,5.549192e-07,0.0,-0.5706958770751953,-0.00021778419902211964
108000,0.06373912841081619,0.1445911766961217,-3.6886185705661774,3.054738e-07,0.0,-1.938277244567871,-0.0001537774438157058
108200,0.06959391385316849,0.14889344274997712,-3.6886024832725526,3.2633542e-07,0.0,-1.7276191711425781,-0.00016982587504443813
108400,0.0673881322145462,0.14473188407719134,-3.6885934352874754,4.8428774e-07,0.0,-0.5732872486114502,-0.00019240120024441865
108600,0.06875992566347122,0.13888068106025458,-3.688607633113861,4.953146e-07,0.0,-0.5073758363723755,-0.00020744337894242903
108800,0.07411494106054306,0.14339423086494207,-3.6886072874069216,5.6058167e-07,0.0,-2.6966209411621094,-0.00021507584975921645
109000,0.05680767446756363,0.1401196328923106,-3.6886018037796022,3.6269427e-07,0.0,-3.1420860290527344,-0.00018805302593367658
109200,0.06452173739671707,0.13230712451040744,-3.6886181056499483,2.3126601e-07,0.0,-1.5629184246063232,-0.00012943738656048253
109400,0.06513433158397675,0.13236252907663584,-3.688611590862274,5.868077e-07,0.0,-1.7762598991394043,-0.00023192074992444133
109600,0.05446686968207359,0.12863613106310368,-3.688598108291626,5.432963e-07,0.0,-1.1110832691192627,-0.00023513392952629887
109800,0.05861876904964447,0.1306659361347556,-3.688592314720154,3.3736228e-07,0.0,-2.1049249172210693,-0.00016974197283197156
110000,0.05099200829863548,0.12219234146177768,-3.6886113584041595,7.286668e-07,0.0,-0.42421114444732666,-0.00025649394132472026
110200,0.06391171365976334,0.12813655827194453,-3.6885976672172545,3.9339068e-07,0.0,-1.6212663650512695,-0.00018126935678708378
110400,0.05883581191301346,0.11841019429266453,-3.6886011242866514,3.632903e-07,0.0,-0.20822858810424805,-0.0001972341265322086
110600,0.06146058067679405,0.12178924065083266,-3.6886091113090513,3.4719707e-07,0.0,-0.9017374515533447,-0.00017523138173274332
110800,0.060859378427267075,0.12149229012429714,-3.6885914325714113,7.4386594e-07,0.0,-0.4940396547317505,-0.00029750002749295845
111000,0.06079266592860222,0.12826488073915243,-3.6885889649391173,4.7445297e-07,0.0,-4.070156574249268,-0.00019720344122937662
111200,0.061520710587501526,0.11728084459900856,-3.6885842263698576,4.762411e-07,0.0,-0.8340935707092285,-0.00022888669194820466
111400,0.06668192893266678,0.12036707121878862,-3.688589835166931,3.2246115e-07,0.0,-2.1967270374298096,-0.00014830574259576678
111600,0.06577203422784805,0.11833224631845951,-3.6885734498500824,5.0067905e-07,0.0,-1.4873173236846924,-0.00021280163274113307
111800,0.055233437567949295,0.11674423422664404,-3.6885977387428284,5.9753654e-07,0.0,-1.8807437419891357,-0.00022926113202537124
112000,0.05418289452791214,0.11080025844275951,-3.6885826587677,3.3795834e-07,0.0,-0.45061326026916504,-0.00017565327854112133
112200,0.048873111605644226,0.10489049982279539,-3.6885925352573397,4.246831e-07,0.0,-0.5260326862335205,-0.00019409512681924923
112400,0.0584750734269619,0.11020261999219656,-3.6886021196842194,5.0067905e-07,0.0,-2.125779867172241,-0.0002519547656065768
112600,0.052573416382074356,0.11114087849855422,-3.6885977923870086,3.6507845e-07,0.0,-2.4831976890563965,-0.00019039439486121524
112800,0.05016117915511131,0.10216622911393643,-3.688605958223343,2.9206274e-07,0.0,-2.5156781673431396,-0.00014564531844336593
113000,0.05165499076247215,0.10214155241847038,-3.688587886095047,2.5182962e-07,0.0,-1.4001915454864502,-0.00013262873903807648
113200,0.052330102771520615,0.10330246780067683,-3.6886043667793276,4.0501354e-07,0.0,-3.151965618133545,-0.00018827261205061062
113400,0.0612865649163723,0.10049285013228655,-3.6885874688625337,5.045533e-07,0.0,-1.198988914489746,-0.00022865362404100864
113600,0.04676976427435875,0.0948412638157606,-3.6885934472084045,4.7236682e-07,0.0,-0.887973427772522,-0.00020060078781811708
113800,0.042364004999399185,0.09893518220633268,-3.688607692718506,5.3584574e-07,0.0,-3.3301210403442383,-0.00021608601609699463
114000,0.04199422895908356,0.09175751321017742,-3.688601577281952,6.8306923e-07,0.0,-1.019777536392212,-0.0002597947860536465
114200,0.04438421502709389,0.09590698704123497,-3.6885995388031008,3.1083823e-07,0.0,-1.7622673511505127,-0.00016637711175491177
114400,0.04083167761564255,0.08373383823782206,-3.6885957956314086,3.8743016e-07,0.0,-0.25415873527526855,-0.00018016809272580758
114600,0.04237010329961777,0.09197184313088655,-3.6885885417461397,5.853176e-07,0.0,-1.977787971496582,-0.0002243558324071415
114800,0.0437888540327549,0.08448022808879614,-3.688592201471329,5.015731e-07,0.0,-0.5016156435012817,-0.00019706352893820168
115000,0.037528909742832184,0.08633753657341003,-3.6885750114917757,3.4540892e-07,0.0,-0.37976372241973877,-0.00018057580313723953
115200,0.04214572533965111,0.08616346772760153,-3.6885659754276277,5.736947e-07,0.0,-1.5069644451141357,-0.00022984203767997257
115400,0.03871283680200577,0.08677080739289522,-3.688562351465225,4.285574e-07,0.0,-3.1415271759033203,-0.000207736106772316
115600,0.0385410338640213,0.08288084864616393,-3.6885782361030577,4.1812658e-07,0.0,-3.226151466369629,-0.0002130227243611671
115800,0.033557597547769547,0.07994600702077151,-3.68855220079422,4.002452e-07,0.0,-0.6025456190109253,-0.00015474057775435312
116000,0.032533567398786545,0.0774456875398755,-3.688594651222229,3.5524369e-07,0.0,-1.784034013748169,-0.00016556616117568979
116200,0.03922557085752487,0.078467723634094,-3.6885919868946075,3.6388636e-07,0.0,-2.909339666366577,-0.0001685351561448556
116400,0.035098396241664886,0.07715149680152536,-3.6885734140872954,2.5451183e-07,0.0,-2.2956504821777344,-0.00013350287123863324
116600,0.036023423075675964,0.0777563564479351,-3.688573831319809,3.966689e-07,0.0,-4.3690185546875,-0.00017881764335143658
116800,0.029329583048820496,0.07076819930225611,-3.688571774959564,7.691979e-07,0.0,-0.30047011375427246,-0.0002825093876946738
117000,0.030864717438817024,0.07055674027651548,-3.6885702848434447,5.2928925e-07,0.0,-0.5623830556869507,-0.00019880026616512226
117200,0.033578336238861084,0.07315445207059383,-3.6885860681533815,4.5835972e-07,0.0,-1.3073558807373047,-0.00020349986809300446
117400,0.030512087047100067,0.06587400678545237,-3.6886138319969177,6.29425e-07,0.0,-2.4970295429229736,-0.0002465415938348148
117600,0.037310559302568436,0.07070311401039361,-3.6885990142822265,3.7550927e-07,0.0,-3.6153039932250977,-0.00018601059769389748
117800,0.030304836109280586,0.06275137029588222,-3.688602113723755,5.2243473e-07,0.0,-0.3504427671432495,-0.00021034669694213192
118000,0.03154588118195534,0.06743819005787373,-3.6886027991771697,3.8832425e-07,0.0,-1.7058744430541992,-0.00017588265258012826
118200,0.030828794464468956,0.06020607957616449,-3.6885884761810304,6.249547e-07,0.0,-1.2080128192901611,-0.0002473075990185869
118400,0.030967548489570618,0.06133368834853172,-3.6885994553565977,3.5971402e-07,0.0,-0.7372024059295654,-0.00018119336631734485
118600,0.027241699397563934,0.0601352165453136,-3.688570183515549,6.186962e-07,0.0,-0.6514790058135986,-0.00023637903325184338
118800,0.030135827139019966,0.05961389234289527,-3.6885853171348573,1.5377998e-07,0.0,-0.8861103057861328,-8.495187794661518e-05
119000,0.028849180787801743,0.059055479057133195,-3.6885768353939055,4.5657157e-07,0.0,-1.0501534938812256,-0.000196198432400152
119200,0.025235868990421295,0.06041514985263348,-3.6885945081710814,2.530217e-07,0.0,-2.953434944152832,-0.00011852642908891653
119400,0.027917703613638878,0.05891699716448784,-3.6885915100574493,2.479553e-07,0.0,-4.381546974182129,-0.00012035423620773144
119600,0.023076321929693222,0.052498115599155425,-3.688578945398331,6.1213973e-07,0.0,-0.31930243968963623,-0.00022197553630718403
119800,0.023466764017939568,0.05633216984570026,-3.6885744094848634,3.4451483e-07,0.0,-2.141772508621216,-0.0001608653218418965
120000,0.02805349975824356,0.052929389756172895,-3.6885850489139558,3.3646825e-07,0.0,-3.735840320587158,-0.00016355568058372681
120200,0.025919731706380844,0.054974844120442866,-3.6885642290115355,4.082918e-07,0.0,-2.4112274646759033,-0.00017971967147150102
120400,0.02238748036324978,0.047738980129361154,-3.6885892271995546,3.710389e-07,0.0,-1.0324840545654297,-0.00015085606239928495
120600,0.022263623774051666,0.04885273911058903,-3.688585710525513,3.9994717e-07,0.0,-1.115816593170166,-0.00018894541289782296
120800,0.02357688918709755,0.04752653250470758,-3.6885823726654055,6.7055225e-07,0.0,-0.5874894857406616,-0.00023439338684783095
121000,0.026183588430285454,0.04982511382550001,-3.6885720074176787,2.7358533e-07,0.0,-4.4465484619140625,-0.00012544073164164616
121200,0.01868806779384613,0.0435488436371088,-3.688569688796997,6.9379803e-07,0.0,-1.1947829723358154,-0.0002016491733715986
121400,0.017712626606225967,0.047473376523703335,-3.688554722070694,4.49419e-07,0.0,-2.089536666870117,-0.00017499923705628363
121600,0.01779812015593052,0.04388022944331169,-3.6885664403438567,2.1964311e-07,0.0,-0.9378653764724731,-0.00011087599458470265
121800,0.02077898569405079,0.04533458007499576,-3.688555121421814,3.486872e-07,0.0,-2.4604783058166504,-0.00015501660274779282
122000,0.018610559403896332,0.041870486363768576,-3.6885624885559083,3.156066e-07,0.0,-0.6730995178222656,-0.00015645816103964093
122200,0.020674128085374832,0.04233332220464945,-3.6885375559329985,5.2660704e-07,0.0,-2.5107789039611816,-0.00022239503294763097
122400,0.018996678292751312,0.041810414846986534,-3.6885311901569366,2.6702884e-07,0.0,-4.18650484085083,-0.00014231650456153488
122600,0.020366571843624115,0.03801173074170947,-3.6885401904582977,4.7147276e-07,0.0,-2.36212420463562,-0.0001855640338021658
122800,0.01698152907192707,0.037339554913341996,-3.6885457038879395,4.5716763e-07,0.0,-0.7223386764526367,-0.00021513579797056704
123000,0.01708114705979824,0.037159349443390964,-3.6885430812835693,3.7282706e-07,0.0,-2.66156268119812,-0.00016167260772519397
123200,0.017109358683228493,0.03673895499669015,-3.6885442793369294,3.570318e-07,0.0,-3.655402660369873,-0.00016365450583517572
123400,0.017258524894714355,0.037321307510137555,-3.688532590866089,2.875924e-07,0.0,-7.1849517822265625,-0.00016798809209799258
123600,0.013858038000762463,0.0349256148096174,-3.6885465383529663,4.979968e-07,0.0,-1.6814322471618652,-0.00024282290152370932
123800,0.016714278608560562,0.03634812063537538,-3.6885356187820433,5.275011e-07,0.0,-6.2425007820129395,-0.0002233108712839993
124000,0.014722160995006561,0.03164588673971593,-3.688520109653473,4.902482e-07,0.0,-0.7570604085922241,-0.00017285971452061233
124200,0.01520213671028614,0.0350622505415231,-3.688552576303482,2.6494263e-07,0.0,-4.187771797180176,-0.00013727781192862665
124400,0.012502137571573257,0.032462844252586366,-3.688555932044983,4.786253e-07,0.0,-3.9346776008605957,-0.00021286353573550797
124600,0.013215838000178337,0.02885230942629278,-3.688552647829056,2.4765728e-07,0.0,-1.014437198638916,-0.00012734554702227286
124800,0.013541482388973236,0.029230142896994948,-3.688569927215576,6.2465665e-07,0.0,-1.4357471466064453,-0.00023629066475834294
125000,0.016644038259983063,0.029880533274263144,-3.6885483086109163,4.3004752e-07,0.0,-7.464138984680176,-0.00017965760954030685
125200,0.013284432701766491,0.029460634104907513,-3.688555192947388,4.1902064e-07,0.0,-5.583824634552002,-0.0001809019898427522
125400,0.011132054962217808,0.026385719142854213,-3.6885460197925566,4.777312e-07,0.0,-0.5059187412261963,-0.00020094035086160034
125600,0.01325206272304058,0.027768020564690233,-3.6885586380958557,3.2335518e-07,0.0,-1.9776620864868164,-0.00015699546061309633
125800,0.014738798141479492,0.02767522130161524,-3.6885331690311434,6.115436e-07,0.0,-2.774667978286743,-0.00019478723377819307
126000,0.011583523824810982,0.02719575180672109,-3.6885346829891206,4.7296282e-07,0.0,-9.25499153137207,-0.00020278973835043956
126200,0.011285333894193172,0.02590017137117684,-3.688535088300705,3.2424927e-07,0.0,-9.685617446899414,-0.00017652629498030593
126400,0.010372190736234188,0.02340083080343902,-3.6885280847549438,3.427267e-07,0.0,-1.3736975193023682,-0.0001585723306607889
126600,0.012768268585205078,0.023926815344020726,-3.688535875082016,6.043911e-07,0.0,-2.263202428817749,-0.0002250953904050945
126800,0.010441463440656662,0.021899993997067213,-3.6885047793388366,4.2557718e-07,0.0,-1.1668386459350586,-0.00019428816357560663
127000,0.010649445466697216,0.023895335756242274,-3.688518339395523,2.5719402e-07,0.0,-6.84153413772583,-0.00014004462861070266
127200,0.008508601225912571,0.020773739228025077,-3.688524770736694,5.930662e-07,0.0,-2.2906110286712646,-0.00023955333346972196
127400,0.011458017863333225,0.02015757062472403,-3.6885132610797884,3.7699937e-07,0.0,-1.7306365966796875,-0.00017600697294652967
127600,0.009302922524511814,0.020139947393909098,-3.6885112047195436,5.120039e-07,0.0,-1.1127450466156006,-0.0001827794612273337
127800,0.008083482272922993,0.020375044201500714,-3.6885170519351957,4.9114226e-07,0.0,-5.616330623626709,-0.00019644071074367275
128000,0.007849120534956455,0.020746832294389606,-3.688471394777298,2.8908252e-07,0.0,-10.863638877868652,-0.00014462330877700323
128200,0.0075088744051754475,0.01690094934310764,-3.688501924276352,4.6670436e-07,0.0,-3.1547303199768066,-0.0001773999186225339
128400,0.009397557936608791,0.019767006719484927,-3.688489830493927,3.7074088e-07,0.0,-17.53343391418457,-0.00017697146576234335
128600,0.00995306484401226,0.01807454088702798,-3.6885125279426574,4.5925378e-07,0.0,-1.6341288089752197,-0.00018232384350744813
128800,0.00704864040017128,0.016494123288430272,-3.6885160744190215,6.15716e-07,0.0,-8.261283874511719,-0.00023994384865204664
129000,0.006869444623589516,0.01861314328853041,-3.6885134398937227,5.188584e-07,0.0,-14.745851516723633,-0.0002395396309276876
129200,0.004828878678381443,0.01568674324080348,-3.688497096300125,3.2305718e-07,0.0,-2.8010001182556152,-0.00015531403566502178
129400,0.006904292851686478,0.015678144129924475,-3.6884987115859986,3.6984682e-07,0.0,-4.358968734741211,-0.00015293054361857904
129600,0.004761286545544863,0.014583669835701585,-3.6885058760643004,5.00977e-07,0.0,-6.555707931518555,-0.00020224464021261211
129800,0.005389774218201637,0.01436550640501082,-3.688512051105499,4.4226647e-07,0.0,-12.196592330932617,-0.00019081152826698754
130000,0.00639859214425087,0.016278636804781855,-3.6885223031044005,5.489588e-07,0.0,-17.009281158447266,-0.00020986610505957515
130200,0.00600898452103138,0.015170007292181254,-3.6885269045829774,3.72231e-07,0.0,-27.155508041381836,-0.00014887253842736924
130400,0.006818106397986412,0.013322520768269897,-3.688522034883499,2.8312206e-07,0.0,-6.398365497589111,-0.00015096905099278856
130600,0.0055284262634813786,0.01284249611198902,-3.68852117061615,4.0054323e-07,0.0,-3.7396883964538574,-0.00015134313661474552
130800,0.00766670610755682,0.013638827973045409,-3.6885193645954133,4.479289e-07,0.0,-15.721261978149414,-0.00020876507350200412
131000,0.005298543255776167,0.010910808236803859,-3.6885060131549836,5.0723554e-07,0.0,-0.9631614685058594,-0.00019828865269229113
131200,0.0075355106964707375,0.012917390279471874,-3.6885310888290403,2.7090312e-07,0.0,-8.55733871459961,-0.00011392652865529484
131400,0.005097296088933945,0.01233405724633485,-3.6885156095027924,2.3931264e-07,0.0,-8.467257499694824,-0.00011724359172493592
131600,0.0029128168243914843,0.011375227326061577,-3.6885063350200653,3.7878752e-07,0.0,-6.743599891662598,-0.0001618560111726508
131800,0.003737339749932289,0.009661739831790328,-3.688496243953705,3.5494566e-07,0.0,-9.140653610229492,-0.00015424308165616906
132000,0.004270715173333883,0.011088453128468245,-3.6885055184364317,3.6597254e-07,0.0,-7.998710632324219,-0.0001696262674227178
132200,0.0046491604298353195,0.010795250651426613,-3.6884851932525633,3.3468007e-07,0.0,-12.91003131866455,-0.00016017246344892654
132400,0.005787280388176441,0.010342404956463724,-3.688493013381958,3.0755996e-07,0.0,-21.056177139282227,-0.00015104040523015173
132600,0.005024970043450594,0.009063331806100906,-3.6884903490543364,4.7653916e-07,0.0,-7.056825637817383,-0.00019735242429348433
132800,0.0017263797344639897,0.006882274989038706,-3.688469851016998,3.5375356e-07,0.0,-7.346768379211426,-0.00014128009130942587
133000,0.005737407132983208,0.011620930721983313,-3.68848340511322,3.4987926e-07,0.0,-30.812515258789062,-0.00016665831963900147
133200,0.005266842897981405,0.010045296675525606,-3.6884709715843202,4.765391e-07,0.0,-18.237974166870117,-0.00020029082536314745
133400,0.0024375412613153458,0.009111356711946428,-3.688480043411255,2.8073788e-07,0.0,-11.292975425720215,-0.00013382443808076516
133600,0.004564344417303801,0.011171435692813248,-3.6884821474552156,2.810359e-07,0.0,-20.120481491088867,-0.000136523298147484
133800,0.004081143997609615,0.008727332041598857,-3.688477122783661,2.44081e-07,0.0,-13.98476791381836,-0.00010464568083508041
134000,0.003762254025787115,0.008945297205355019,-3.6884766101837156,2.616644e-07,0.0,-30.333023071289062,-0.00013050172565396423
134200,0.003277178155258298,0.008740579406730831,-3.6884844958782197,4.1276215e-07,0.0,-1.9374794960021973,-0.0001836563178400752
134400,0.0050689480267465115,0.010327423992566764,-3.688501912355423,2.810359e-07,0.0,-37.89631271362305,-0.00013001547035766946
134600,0.0009432481601834297,0.007153040776029229,-3.688484477996826,2.1785497e-07,0.0,-13.446910858154297,-0.00012129834982648191
134800,0.002266107127070427,0.008515190077014267,-3.6885045945644377,2.402067e-07,0.0,-21.602203369140625,-0.00012144755704550647
135000,0.004038507118821144,0.008119389560306445,-3.6884998083114624,2.4050473e-07,0.0,-16.584381103515625,-0.00012799896434341208
135200,0.001626057899557054,0.00584306379314512,-3.6885015189647676,4.3958426e-07,0.0,-10.848799705505371,-0.00020223914010215617
135400,0.003073210595175624,0.0074581108638085425,-3.6884736359119414,3.167987e-07,0.0,-2.1834182739257812,-0.00012433203110413517
135600,0.0035258012358099222,0.008580138150136918,-3.688489353656769,4.2825937e-07,0.0,-18.949748992919922,-0.00017497000796291574
135800,0.0025368935894221067,0.006070364330662414,-3.6884598076343535,5.4448844e-07,0.0,-1.3619554042816162,-0.00023663994675988677
136000,0.0011371858417987823,0.007061276520835236,-3.6884590923786162,3.72231e-07,0.0,-21.08586883544922,-0.00018348728032839822
136200,0.0030583511106669903,0.006043114623753354,-3.6884613275527953,2.3990867e-07,0.0,-22.84023666381836,-0.00011251431721746031
136400,0.0027225485537201166,0.007053465861827135,-3.6884683787822725,4.2915343e-07,0.0,-21.958066940307617,-0.00019016127392182947
136600,0.0014325096271932125,0.005110682017402723,-3.688449877500534,2.5719405e-07,0.0,-23.38572120666504,-0.00012971255099047951
136800,0.0033262509386986494,0.006968955922638997,-3.688475471735001,2.1070241e-07,0.0,-19.419397354125977,-0.00010791337607387596
137000,0.0013138711219653487,0.006181505916174501,-3.6884513914585115,2.7149918e-07,0.0,-18.350141525268555,-0.00013488257296270234
137200,0.0008878770750015974,0.006052797957090661,-3.6884557127952577,3.6537648e-07,0.0,-14.588822364807129,-0.00017378770548432955
137400,0.002760240575298667,0.007230708043789491,-3.688467276096344,3.3706428e-07,0.0,-22.478900909423828,-0.0001500019575621847
137600,0.001828865148127079,0.006554093584418297,-3.6884559214115145,1.9431114e-07,0.0,-38.03082275390625,-8.773168890030547e-05
137800,0.002420127857476473,0.0049923951912205665,-3.688462632894516,2.1874905e-07,0.0,-21.09251594543457,-0.00012203937027859269
138000,0.001382216578349471,0.0035101971137919464,-3.688441753387451,3.2007694e-07,0.0,-18.498348236083984,-0.00015050280320303422
138200,0.002156108384951949,0.006275400141021237,-3.6884451687335966,3.6835672e-07,0.0,-24.481353759765625,-0.0001838235401127708
138400,0.0012588094687089324,0.005421000003116206,-3.688451325893402,3.811717e-07,0.0,-17.091127395629883,-0.00017658787239293038
138600,0.001417565275914967,0.003846296877600253,-3.688415694236755,4.4703484e-07,0.0,-14.590252876281738,-0.00019706280582436618
138800,0.001602789736352861,0.00450219277117867,-3.6884239494800566,2.3901464e-07,0.0,-15.356121063232422,-0.00011289892942110136
139000,0.0017917489167302847,0.00447079415753251,-3.6884258329868316,4.6372412e-07,0.0,-22.50944709777832,-0.00017702166604760539
139200,0.0046419790014624596,0.007093308679759503,-3.6884274661540983,3.3289194e-07,0.0,-3.0151047706604004,-0.000166607394521634
139400,0.0017090629553422332,0.0057921408442780375,-3.6884012103080748,2.8580428e-07,0.0,-32.755069732666016,-0.00012874385743293358
139600,0.0029863177333027124,0.006818727584322915,-3.6884260952472685,3.769994e-07,0.0,-31.31922149658203,-0.00015164227078434678
139800,0.0016188484150916338,0.004644784241099842,-3.688397055864334,4.136562e-07,0.0,-28.874422073364258,-0.00017999447854572247
140000,0.0014982667053118348,0.004847249216982164,-3.6884011209011076,2.1725893e-07,0.0,-30.490755081176758,-0.00010910190714956692
140200,0.0004070316208526492,0.004057844782073517,-3.688401883840561,2.3245812e-07,0.0,-22.814632415771484,-0.00012099855425133921
140400,0.002325643552467227,0.005068083136575296,-3.688394296169281,3.07858e-07,0.0,-32.370609283447266,-0.00015590879135856105
140600,0.0021781004033982754,0.00394893983611837,-3.6883981585502625,3.3140185e-07,0.0,-21.3533878326416,-0.0001361007999894248
140800,0.0022011937107890844,0.005576897761784494,-3.688411623239517,4.887581e-07,0.0,-33.55191421508789,-0.0001981259428987414
141000,0.0015521347522735596,0.005527381325373426,-3.688428169488907,3.0070544e-07,0.0,-32.03649139404297,-0.00014594691997603658
141200,0.0011230853851884604,0.0021965363193885423,-3.688391351699829,2.1249056e-07,0.0,-9.453628540039062,-0.00010574920522046227
141400,0.0013162821996957064,0.0029007501143496484,-3.6883949041366577,3.5703184e-07,0.0,-17.615341186523438,-0.00014652951425571105
141600,0.001890942337922752,0.002985210804035887,-3.6883930265903473,2.3037197e-07,0.0,-18.79583168029785,-0.00010324180132514904
141800,0.001981634646654129,0.005732548056403175,-3.6884129643440247,3.018975e-07,0.0,-40.694976806640625,-0.00014516209114907587
142000,0.0013336378615349531,0.003938698559068143,-3.688411921262741,3.427267e-07,0.0,-22.904233932495117,-0.000181021616750221
142200,0.0020953998900949955,0.003942030839971267,-3.6883942663669584,2.861023e-07,0.0,-28.70291519165039,-0.0001356217416765393
142400,0.001046014716848731,0.002618695463752374,-3.688393098115921,3.772974e-07,0.0,-17.157886505126953,-0.00016409137805646347
142600,0.002714368049055338,0.0038172421423951163,-3.6883847415447235,2.8669834e-07,0.0,-31.74163055419922,-0.00012699066074945976
142800,0.0008301447378471494,0.0025572591315722094,-3.6883862614631653,1.8507242e-07,0.0,-19.347976684570312,-0.0001013156783046143
143000,0.001701355678960681,0.004146957740886137,-3.6883861124515533,4.0262935e-07,0.0,-31.854541778564453,-0.0001722818631803902
143200,0.0015238221967592835,0.004442957710125484,-3.6883989334106446,2.82228e-07,0.0,-35.789852142333984,-0.00012357424222528835
143400,0.0009350220207124949,0.0028096895082853736,-3.6883993625640867,3.8981437e-07,0.0,-14.309805870056152,-0.00017191363788198187
143600,0.0012167656095698476,0.0033639861561823637,-3.688406693935394,3.5226344e-07,0.0,-27.06360626220703,-0.00015630879916876949
143800,0.001031225547194481,0.003815432998817414,-3.688388979434967,3.054738e-07,0.0,-35.50358963012695,-0.00012791864707423217
144000,0.0007763489848002791,0.0026919018622720615,-3.688384073972702,3.221631e-07,0.0,-20.03615951538086,-0.0001481136239024128
144200,0.001774951466359198,0.004443829745287076,-3.6883980572223662,2.616644e-07,0.0,-31.46514892578125,-0.00010530214041692965
144400,0.0021995091810822487,0.004710125777637586,-3.6883875250816347,4.1663645e-07,0.0,-4.650371551513672,-0.00016376671228248706
144600,0.0015464714961126447,0.004097058181650936,-3.688400077819824,4.0888784e-07,0.0,-30.57256317138672,-0.00020397026834506615
144800,0.0004682299913838506,0.0023511627783591393,-3.6883848011493683,3.9219856e-07,0.0,-17.505537033081055,-0.0001686196322739697
145000,0.0005616729031316936,0.0034459441871149466,-3.688394659757614,4.9948693e-07,0.0,-19.474552154541016,-0.00017400981051447496
145200,0.0007763666217215359,0.00221012415131554,-3.688389319181442,2.0802023e-07,0.0,-17.90096664428711,-0.00011133623572365803
145400,0.0009378544637002051,0.0026039437769213693,-3.6884057402610777,2.4050473e-07,0.0,-24.248838424682617,-0.00013243766103276933
145600,0.0004277838743291795,0.002584203379228711,-3.6883981823921204,3.6150215e-07,0.0,-27.11063575744629,-0.00014508876195520325
145800,0.0008630710653960705,0.0020763916603755207,-3.688386934995651,3.865361e-07,0.0,-20.274009704589844,-0.00015842088190844982
146000,0.0006544003263115883,0.0020221314451191576,-3.688384014368057,4.0173532e-07,0.0,-23.01850700378418,-0.00016917204946447216
146200,0.000528313044924289,0.0023962422157637773,-3.6883834660053254,2.4855137e-07,0.0,-31.491146087646484,-0.00012052644740574436
146400,0.001324199722148478,0.0026748926611617208,-3.688381612300873,3.635883e-07,0.0,-36.76930236816406,-0.00014443239476475967
146600,0.0007091542356647551,0.001827854676230345,-3.6883604168891906,4.4316056e-07,0.0,-19.448936462402344,-0.00019292479660066865
146800,0.0004593338235281408,0.0020933338440954686,-3.6883473992347717,4.327297e-07,0.0,-21.774314880371094,-0.0001929239333510413
147000,0.0017488887533545494,0.0026595263043418527,-3.688355529308319,2.6136638e-07,0.0,-31.339439392089844,-0.00012946049896025435
147200,0.0006850183708593249,0.0019953629904193803,-3.688360059261322,2.411008e-07,0.0,-19.49803352355957,-0.00011207905445997923
147400,0.0010604062117636204,0.0019580619235057386,-3.6883883476257324,2.1874904e-07,0.0,-24.878467559814453,-0.00011302488918794041
147600,0.00032299174927175045,0.0018059863839880563,-3.6883557796478272,2.0444394e-07,0.0,-1.782388687133789,-0.00012676367215886942
147800,0.000525203940924257,0.0020478087913943454,-3.688365989923477,4.0143726e-07,0.0,-21.515064239501953,-0.00018768432838598415
148000,-8.020782843232155e-06,0.002043585460342001,-3.6883493304252624,2.0414592e-07,0.0,-33.072898864746094,-0.00011409570331886166
148200,0.0005595065886154771,0.002217098869732581,-3.68834827542305,4.10676e-07,0.0,-3.6056814193725586,-0.0001847113803559619
148400,0.00018886668840423226,0.0018359858368057758,-3.68834325671196,4.3988229e-07,0.0,-27.263708114624023,-0.00019069415752075435
148600,0.0005018407246097922,0.0021602122084004804,-3.6883524477481844,3.8266182e-07,0.0,-29.313135147094727,-0.0001689889294789193
148800,0.0005986871547065675,0.001863172123557888,-3.68834331035614,2.077222e-07,0.0,-22.373262405395508,-9.811009368023704e-05
149000,0.0006245501572266221,0.0017954818307771348,-3.688337516784668,2.6077032e-07,0.0,-36.462135314941406,-0.0001323734449295122
149200,0.000709827640093863,0.0019035253906622529,-3.6883203268051146,3.4689901e-07,0.0,-39.343292236328125,-0.00013761502657629875
149400,2.962190774269402e-05,0.0010454960116476285,-3.6883076310157774,2.8073788e-07,0.0,-18.591602325439453,-0.00013262575871697546
149600,0.0002076354721793905,0.0014299777874839492,-3.6883097112178804,4.0203332e-07,0.0,-31.76736068725586,-0.00018104802100231686
149800,0.0002631726674735546,0.0014679274871014058,-3.688314586877823,1.79708e-07,0.0,-30.829099655151367,-9.670615201233801e-05
150000,0.00041944190161302686,0.0012553160035167822,-3.6883091032505035,2.1785497e-07,0.0,-30.737957000732422,-0.00011763074894086679
150200,0.0006715587223879993,0.0018426998431095853,-3.688312131166458,1.9460916e-07,0.0,-6.180078506469727,-0.00010401332415095332
150400,0.00018830865155905485,0.0012745922955218702,-3.688303846120834,3.4481286e-07,0.0,-31.827438354492188,-0.00016426569564638173
150600,1.2829841580241919e-05,0.0010546377045102418,-3.688319683074951,5.942583e-07,0.0,-2.5617284774780273,-0.00023392692460730836
150800,8.047005394473672e-05,0.00115706883079838,-3.6883136212825773,3.7699937e-07,0.0,-33.97727966308594,-0.00016663427610000837
151000,0.00036436133086681366,0.0008344493282493204,-3.6883189737796784,1.7851592e-07,0.0,-23.53032684326172,-7.30091325078286e-05
151200,-3.253543400205672e-05,0.0006745574377418961,-3.6883268117904664,3.7044288e-07,0.0,-19.75607681274414,-0.0001666879423607881
151400,6.379559636116028e-07,0.0009491071163211018,-3.688304215669632,5.2243473e-07,0.0,-2.9313158988952637,-0.00022846256943624964
151600,9.211494761984795e-05,0.0008792823588009924,-3.6883152961730956,3.4064055e-07,0.0,-36.073978424072266,-0.00014906808766248502
151800,9.164380026049912e-05,0.000691645810729824,-3.6883198797702788,3.4451486e-07,0.0,-24.690441131591797,-0.0001609268032663147
152000,-0.00013219841639511287,0.0005643587122904137,-3.688282787799835,3.1352042e-07,0.0,-19.71099853515625,-0.00015664747419252834
152200,-1.5006255125626922e-05,0.0007363234246440698,-3.6883087038993834,4.3988229e-07,0.0,-19.944639205932617,-0.00016204003308775138
152400,-4.894257290288806e-05,0.0008370868250494823,-3.688285928964615,3.6120414e-07,0.0,-3.6422529220581055,-0.0001534507573203392
152600,-2.2971260477788746e-05,0.0006739718512108084,-3.688293087482452,4.5448542e-07,0.0,-30.677936553955078,-0.00018788002325197394
152800,-6.515742279589176e-05,0.0005376597880967892,-3.6882705807685854,2.640486e-07,0.0,-29.43483543395996,-0.00012316934765048692
153000,2.4042456061579287e-05,0.0006251792052353267,-3.688299465179443,2.0086766e-07,0.0,-36.66373062133789,-8.983242545541614e-05
153200,-0.00012285009142942727,0.00047869567897578235,-3.6882790625095367,3.5047532e-07,0.0,-20.49169158935547,-0.00015372194956029262
153400,-2.1367668523453176e-05,0.0005092420120490715,-3.688282161951065,3.8713216e-07,0.0,-2.3573267459869385,-0.0001558568512749603
153600,-6.081032915972173e-05,0.00042683913106884576,-3.6882515013217927,3.8892028e-07,0.0,-20.512908935546875,-0.00016237433255854582
153800,-0.00013577872596215457,0.0004607337286870461,-3.688296377658844,2.8580428e-07,0.0,-23.72417449951172,-0.00014469190710455492
154000,-0.00014157220721244812,0.0004564470436889678,-3.6882808685302733,4.5150517e-07,0.0,-26.479938507080078,-0.0001442084453940451
154200,-9.162965579889715e-05,0.0003373021676452481,-3.6882752537727357,2.3901464e-07,0.0,-23.366302490234375,-0.00011379262903205012
154400,-0.00019872664415743202,0.00035571530752349646,-3.688275784254074,2.640486e-07,0.0,-2.415894031524658,-0.00015177394599756865
154600,-4.068703856319189e-05,0.0003377512934093829,-3.688259834051132,2.589822e-07,0.0,-26.485271453857422,-0.00012403409154524426
154800,-0.00010212456982117146,0.00031256434158422053,-3.6882840156555177,2.4497507e-07,0.0,-18.413957595825195,-0.00013122768711695265
155000,-0.00010919185297098011,0.00021830243567819708,-3.688256686925888,1.975894e-07,0.0,-23.928821563720703,-0.00010120782212925672
155200,-0.000192623381735757,0.00019093235523541806,-3.6882728159427645,1.9848346e-07,0.0,-16.609861373901367,-9.997349266455124e-05
155400,-0.0002493380452506244,0.0003764022549148649,-3.688253325223923,3.391504e-07,0.0,-39.698421478271484,-0.00013962405920620036
155600,-0.00012904859613627195,0.0002979438182592276,-3.688274049758911,2.7418136e-07,0.0,-22.74489974975586,-0.0001363362518636002
155800,-0.0002936124219559133,0.00034136056747229303,-3.6882782936096192,3.4928323e-07,0.0,-31.063034057617188,-0.00016981755977383273
156000,-0.00032333499984815717,0.00020996641924284632,-3.6882518351078035,3.6895275e-07,0.0,-22.602832794189453,-0.00015452812585055043
156200,-0.0003845127357635647,0.00021127651907590917,-3.6882791101932524,1.9669531e-07,0.0,-2.785461664199829,-0.00011818205610734101
156400,-0.0002098245604429394,0.00023076314337231452,-3.6882829904556274,3.2335518e-07,0.0,-24.94907569885254,-0.0001456434581259547
156600,-0.0001992866164073348,0.0002402129608526593,-3.688283622264862,2.8669834e-07,0.0,-39.01789855957031,-0.0001451415116691779
156800,-0.0004871451819781214,0.0001616714116607909,-3.6882636845111847,3.6180018e-07,0.0,-24.028160095214844,-0.00017842237628555856
157000,-0.00037092386628501117,0.00013155936439943617,-3.688250994682312,4.2378903e-07,0.0,-22.88155174255371,-0.00018210516865408978
157200,-0.0002686384250409901,0.00016065178515418667,-3.688276672363281,2.2530557e-07,0.0,-29.78280258178711,-0.0001054187867159051
157400,-9.910944936564192e-05,0.00011769470811486826,-3.6882710456848145,2.1636487e-07,0.0,-21.564708709716797,-0.00011272920754130666
157600,-6.377644604071975e-05,0.00013746297499892535,-3.6882675349712373,2.4348498e-07,0.0,-29.346437454223633,-0.00011734521478254934
157800,-0.0003090609679929912,8.997997128972202e-05,-3.68827223777771,2.9116867e-07,0.0,-25.465919494628906,-0.000133381440315139
158000,-0.0005532487411983311,0.00011945497190026799,-3.688276743888855,3.734231e-07,0.0,-30.09567642211914,-0.00017437152684192104
158200,-0.0003359932452440262,0.00011364751826477004,-3.6882727324962614,2.8193e-07,0.0,-3.5196614265441895,-0.00013079157447327684
158400,-0.00014569178165402263,0.0001288753233893658,-3.688294243812561,2.488494e-07,0.0,-4.456859588623047,-0.00010721574310127436
158600,-0.0002224037452833727,7.285111078090268e-05,-3.6882507741451263,2.7030705e-07,0.0,-18.52764320373535,-0.00013719163883338937
158800,-0.00034276468795724213,8.419656296609901e-05,-3.6882565140724184,3.066659e-07,0.0,-39.319374084472656,-0.00012138152059102403
159000,-0.00045314698945730925,7.056367744553426e-05,-3.688245874643326,6.41942e-07,0.0,-23.44198226928711,-0.00023332305406471577
159200,-0.00027991150273010135,6.964252388570457e-05,-3.6882409870624544,2.616644e-07,0.0,-32.241214752197266,-0.00013108295290362726
159400,-0.00045370066072791815,5.058760170868481e-05,-3.6882411360740663,4.976988e-07,0.0,-28.962610244750977,-0.00019918127314983992
159600,-0.00021958508295938373,5.855078720742313e-05,-3.688241147994995,2.6613475e-07,0.0,-22.02280616760254,-0.00011711270285564845
159800,-0.00028671702602878213,6.439052440327941e-05,-3.688248735666275,2.7805567e-07,0.0,-5.148292064666748,-0.0001433461958092741
160000,-0.0002838529762811959,4.091213882020384e-05,-3.688240295648575,2.6285647e-07,0.0,-29.085002899169922,-0.00012980401453290824
160200,-0.00033508273190818727,6.223209466043045e-05,-3.688258147239685,2.7418136e-07,0.0,-8.276643753051758,-0.0001329127478197245
160400,-0.00036369034205563366,2.8524944877972302e-05,-3.688238877058029,2.491474e-07,0.0,-17.71430015563965,-0.00012035871935187626
160600,-0.0002915985241997987,2.7621511662800913e-05,-3.6882391571998596,3.555417e-07,0.0,-28.959457397460938,-0.00015685661009330333
160800,-0.00029900422669015825,2.0017165661556645e-05,-3.688234841823578,3.1203032e-07,0.0,-19.331558227539062,-0.0001408111075849039
161000,-0.0001449231058359146,2.7756715940085997e-05,-3.6882429361343383,2.002716e-07,0.0,-2.174783945083618,-0.00010345858269686926
161200,-0.00041770609095692635,1.6590643755876045e-05,-3.688225191831589,2.652407e-07,0.0,-33.94370651245117,-0.00013387611338964157
161400,-0.00044840388000011444,2.4235225077973153e-05,-3.6882481396198274,3.629923e-07,0.0,-29.658836364746094,-0.00014319869751193702
161600,-0.00038414899609051645,1.3802165824472468e-05,-3.6882080495357514,3.33488e-07,0.0,-18.088233947753906,-0.00012452702967061802
161800,-0.0002949807094410062,1.3587796365754911e-05,-3.6882416903972626,2.8818846e-07,0.0,-22.30391502380371,-0.0001424686459799873
162000,-0.00041738167055882514,1.6037492071063752e-05,-3.688239461183548,4.9769875e-07,0.0,-18.384254455566406,-0.00018723426745125837
162200,-0.0004486716352403164,2.2550219182448927e-05,-3.6882554829120635,3.156066e-07,0.0,-5.213021278381348,-0.00013704408588330886
162400,-7.482885848730803e-05,1.8919733804523275e-05,-3.688267117738724,3.3080576e-07,0.0,-3.617805004119873,-0.0001443061069138052
162600,-0.00041343187331222,1.034616365132024e-05,-3.6882685840129854,2.5987626e-07,0.0,-22.119335174560547,-0.0001293273716699961
162800,-0.0004201541596557945,9.434062391733278e-06,-3.6882609248161318,2.3037194e-07,0.0,-14.795578956604004,-0.00012112533978585472
163000,-0.0004004359361715615,9.891554145724513e-06,-3.688224571943283,3.501773e-07,0.0,-26.490123748779297,-0.00014635209777542625
163200,-9.488498471910134e-05,6.92293614861228e-06,-3.688240188360214,1.6957522e-07,0.0,-7.106905937194824,-9.34017442558055e-05
163400,-0.0005873124464415014,6.38456279489219e-06,-3.6882456600666047,4.628301e-07,0.0,-21.064619064331055,-0.00018300458935531782
163600,-0.00025994080351665616,3.6732970528419172e-06,-3.6882453501224517,3.1471254e-07,0.0,-28.02769660949707,-0.00013719381471677394
163800,-0.0004008180112577975,6.837762703071348e-06,-3.688227480649948,3.349781e-07,0.0,-5.001620769500732,-0.00016362412708053052
164000,-0.00033317451016046107,4.157411004257483e-06,-3.6882402539253234,3.2663345e-07,0.0,-9.370125770568848,-0.00014809325341491597
164200,-0.0005001699319109321,3.73635028836361e-06,-3.688220590353012,2.8908255e-07,0.0,-30.811437606811523,-0.00014879463462307284
164400,14.651185035705566,24.859398317337035,-3.688686990737915,5.9604643e-10,0.0,0.006681561470031738,-7.541181049486312e-06
164600,6.323962688446045,10.76182314157486,-3.688461071252823,0.0,0.0,0.0014949440956115723,-2.393357832241594e-05
164800,16.352176666259766,32.0386700630188,-3.688245505094528,0.0,0.0,0.0021796226501464844,-5.022719565639378e-06
165000,15.692691802978516,31.910045289993285,-3.68823037147522,0.0,0.0,0.003986060619354248,-8.418895294726169e-06
165200,5.574193477630615,9.213456010818481,-3.688246613740921,8.9406965e-10,0.0,0.004217922687530518,-1.5290118880306736e-05
165400,13.589465141296387,28.916685009002684,-3.688228839635849,0.0,0.0,-0.001599431037902832,-4.701256721695302e-06
165600,8.814920425415039,17.524981522560118,-3.688230836391449,2.4735929e-08,0.0,-0.0013332366943359375,-5.0099223970434534e-05
165800,14.621599197387695,28.559558296203612,-3.6882259368896486,0.0,0.0,0.002620697021484375,-9.8832249326275e-06
166000,3.2419450283050537,7.626692926883697,-3.6882465898990633,1.3113022e-08,0.0,-0.00048661231994628906,-3.4338086237228894e-05
166200,5.147809982299805,9.255219781398774,-3.6882206797599792,0.0,0.0,0.0016587376594543457,-1.9323840629503762e-05
166400,21.844114303588867,45.10922193527222,-3.6882257997989654,0.0,0.0,0.0006156563758850098,-6.888225676116022e-06
166600,6.164668560028076,11.021190071105957,-3.6881967306137087,4.7683715e-09,0.0,0.0002829432487487793,-3.30929307817307e-05
166800,6.505311012268066,10.373326730728149,-3.688226413726807,1.1920929e-09,0.0,0.00010859966278076172,-2.7688637216805034e-05
167000,2.2641875743865967,4.855267196893692,-3.68822905421257,1.1920929e-09,0.0,0.008771121501922607,-3.0496962539072746e-05
167200,9.453431129455566,22.6063232421875,-3.6882250249385833,0.0,0.0,0.0006372332572937012,-1.9537329588703578e-05
167400,1.7936184406280518,3.9849445641040804,-3.6882505297660826,2.4259091e-07,0.0,0.0008271932601928711,-0.0001596875790939478
167600,4.394679069519043,7.99080593585968,-3.6882298648357392,3.218651e-08,0.0,0.0014499425888061523,-3.2913867554706935e-05
167800,9.822059631347656,16.303830170631407,-3.6882266998291016,1.1920929e-09,0.0,-0.00022327899932861328,-2.358190712117292e-05
168000,16.7493953704834,29.58784861564636,-3.6882424473762514,0.0,0.0,0.005612552165985107,-6.122201675573535e-06
168200,19.300914764404297,32.517484712600705,-3.6882433772087095,0.0,0.0,0.008102118968963623,-7.84187014897242e-06
168400,13.308099746704102,27.36406216621399,-3.688218128681183,0.0,0.0,-0.0010027885437011719,-1.078508804976952e-05
168600,7.388297080993652,13.434611487388612,-3.68823704123497,5.9604643e-10,0.0,0.003430306911468506,-3.1129032441551405e-05
168800,11.050484657287598,19.21989574432373,-3.6882520496845244,0.0,0.0,-0.001058340072631836,-1.3519778867809861e-05
169000,12.597196578979492,23.673196506500243,-3.6882274746894836,0.0,0.0,0.0037012696266174316,-1.1146143086104842e-05
169200,17.16546058654785,32.781144857406616,-3.6882151424884797,0.0,0.0,-0.003045320510864258,-7.643640018173414e-06
169400,14.551487922668457,23.39546549320221,-3.6882177114486696,0.0,0.0,0.003364264965057373,-8.41357185770164e-06
169600,12.02045726776123,19.69376003742218,-3.6882282853126527,0.0,0.0,0.0007603168487548828,-2.6718244057910567e-05
169800,33.569610595703125,71.9246642112732,-3.6882027328014373,0.0,0.0,-0.0008980035781860352,-2.811774633393327e-06
170000,9.759075164794922,17.60836410522461,-3.6882107615470887,8.553267e-08,0.0,0.00177079439163208,-8.708077681069959e-05
170200,9.179973602294922,21.287647342681886,-3.688233715295792,3.8743018e-09,0.0,0.0006010532379150391,-2.7687162010292532e-05
170400,4.914071559906006,9.094225609302521,-3.688253086805344,2.3841857e-09,0.0,0.003712177276611328,-2.7881048873279467e-05
170600,4.246579647064209,8.335626971721648,-3.688238763809204,0.0,0.0,0.0026250481605529785,-2.4646878079415125e-05
170800,5.046662330627441,11.37395794391632,-3.6882115423679354,5.960464e-09,0.0,0.001010298728942871,-3.148984909331354e-05
171000,13.537426948547363,24.164219665527344,-3.6882286250591276,5.9604643e-10,0.0,-0.0027620792388916016,-1.7859756851379416e-05
171200,8.184317588806152,15.487690329551697,-3.688227874040604,1.2397766e-07,0.0,-0.0005407333374023438,-9.530950338549893e-05
171400,4.251223564147949,8.412553763389587,-3.688247191905975,8.046627e-09,0.0,0.0017292499542236328,-2.5885865025920828e-05
171600,13.187029838562012,26.851117897033692,-3.6882450878620148,0.0,0.0,0.002119719982147217,-7.676765291719789e-06
171800,9.44808578491211,19.340334844589233,-3.6882281839847564,0.0,0.0,0.0010003447532653809,-2.0564958362179198e-05
172000,9.563998222351074,18.05652298927307,-3.688251739740372,0.0,0.0,0.002039968967437744,-1.1896565525582048e-05
172200,10.574737548828125,19.843238210678102,-3.688249057531357,1.9639731e-07,0.0,-0.000423431396484375,-0.00013107615720810983
172400,10.26284122467041,20.24522864818573,-3.688236767053604,1.4305114e-08,0.0,0.003626883029937744,-3.5311810630034304e-05
172600,6.208924770355225,15.55871548652649,-3.6882380902767182,0.0,0.0,0.0025052428245544434,-1.8798410939258047e-05
172800,11.008012771606445,19.385998439788818,-3.6882274866104128,1.490116e-09,0.0,0.0003784298896789551,-2.445752348010366e-05
173000,17.80143928527832,34.10072898864746,-3.6882539331912993,0.0,0.0,0.0033290982246398926,-9.262830068657024e-06
173200,4.697338581085205,7.501258158683777,-3.6882304072380068,2.8014183e-08,0.0,-0.004263877868652344,-5.783076553251831e-05
173400,3.9260518550872803,6.140643322467804,-3.6882330060005186,3.957748e-07,0.0,0.0027444958686828613,-0.00020964565880967622
173600,7.573746681213379,17.615778470039366,-3.688233107328415,1.9371509e-08,0.0,0.0041945576667785645,-5.067035516859164e-06
173800,1.3103135824203491,3.8124719500541686,-3.688244569301605,7.2211026e-07,0.0,0.007334768772125244,-0.0002748060789247164
174000,5.821996688842773,11.133454155921935,-3.6882519483566285,3.9935113e-08,0.0,0.005453169345855713,-1.6280979000038443e-05
174200,6.49228048324585,19.727138257026674,-3.6882583439350127,0.0,0.0,-0.0004134178161621094,-2.2328510802149815e-05
174400,13.032552719116211,25.23553936481476,-3.688269555568695,0.0,0.0,0.0010762214660644531,-1.1076688786076927e-05
174600,16.84699821472168,33.34710874557495,-3.6882551550865172,0.0,0.0,-0.004051089286804199,-1.6138061881121325e-05
174800,6.856529235839844,16.23137323856354,-3.6882215976715087,0.0,0.0,-0.002368927001953125,-1.4603014108605095e-05
175000,6.7360358238220215,12.807530093193055,-3.6882408916950227,4.5895575e-08,0.0,-0.0004347562789916992,-6.907783461239659e-05
175200,4.030115127563477,9.659811449050903,-3.6882442474365233,5.9604643e-10,0.0,0.00582200288772583,-2.7471147477509116e-05
175400,14.35765552520752,26.73874988555908,-3.6882644593715668,0.0,0.0,0.003632783889770508,-1.62300765538248e-05
175600,5.68076753616333,12.788434553146363,-3.688254201412201,0.0,0.0,0.000849306583404541,-2.469931556656757e-05
175800,7.813395977020264,12.568579649925232,-3.688245987892151,1.2516975e-08,0.0,0.003916382789611816,-4.44686713289677e-05
176000,8.81398868560791,14.904968571662902,-3.6882651507854463,0.0,0.0,-0.004403471946716309,-1.8829509539575184e-05
176200,11.435760498046875,20.997173595428468,-3.6882650196552276,0.0,0.0,0.005509018898010254,-1.669354740836404e-05
176400,29.383892059326172,57.44640798568726,-3.6882492005825043,0.0,0.0,0.000922083854675293,-1.1544093420967627e-05
176600,5.7459282875061035,10.90758466720581,-3.6882257521152497,9.834766e-09,0.0,0.004876673221588135,-3.219818303445976e-05
176800,16.77410125732422,36.12138161659241,-3.6882475078105927,0.0,0.0,0.0028000473976135254,-1.374030096767953e-05
177000,4.806225776672363,9.683434629440308,-3.688244253396988,4.172325e-09,0.0,0.010710179805755615,-3.5646099418773504e-05
177200,3.5339879989624023,7.464022386074066,-3.688223737478256,1.6093255e-08,0.0,0.007702291011810303,-3.920622151278863e-05
177400,10.345183372497559,18.08756604194641,-3.6882431626319887,8.940697e-09,0.0,0.00207364559173584,-3.2136743874433546e-05
177600,14.98375129699707,24.543812894821166,-3.688250482082367,1.7881392e-09,0.0,0.009377002716064453,-2.595421672584308e-05
177800,6.065800189971924,11.060266852378845,-3.6882545948028564,5.90086e-08,0.0,0.0030218958854675293,-6.58094063636927e-05
178000,9.122407913208008,16.81852614879608,-3.688240349292755,7.1525577e-09,0.0,-0.003015875816345215,-3.346347833694807e-05
178200,14.0310697555542,24.212789511680604,-3.688247483968735,8.9406965e-10,0.0,0.004096508026123047,-2.657482766654784e-05
178400,4.570681095123291,8.304886615276336,-3.688231086730957,4.3213365e-08,0.0,0.008708059787750244,-6.228333709796807e-05
178600,3.172698974609375,6.677878630161286,-3.688251143693924,1.2755395e-07,0.0,0.0010439753532409668,-0.00010911358942493621
178800,15.686728477478027,28.893371438980104,-3.688245874643326,1.9043685e-07,0.0,0.0023151040077209473,-0.00013513994283678165
179000,5.978564262390137,16.87391390800476,-3.688236153125763,4.976988e-08,0.0,0.0001875162124633789,-6.549897789078773e-05
179200,11.392176628112793,16.645053005218507,-3.6882703721523287,1.2516976e-08,0.0,0.0037780404090881348,-3.667260686768259e-05
179400,2.7943692207336426,6.240825617313385,-3.6882483839988707,3.8743018e-08,0.0,-0.010839700698852539,-5.737550598512442e-05
179600,7.7618489265441895,9.34415498971939,-3.6882562756538393,3.9815902e-07,0.0,-0.011698007583618164,-0.0001794437897032708
179800,10.115889549255371,22.405597591400145,-3.6882456719875334,2.8908254e-08,0.0,-0.008151054382324219,-2.2488519648966587e-05
180000,6.724915027618408,18.792576599121094,-3.6882187485694886,5.9604643e-10,0.0,0.002074718475341797,-2.566581962319958e-05
180200,2.8252434730529785,6.193002915382385,-3.688250595331192,5.915761e-07,0.0,0.0004959702491760254,-0.000199607342737973
180400,10.597718238830566,22.078554916381837,-3.6882629334926604,2.5629998e-08,0.0,-0.001370549201965332,-7.013320835280723e-06
180600,29.624252319335938,46.65243806838989,-3.6882509768009184,0.0,0.0,0.00619429349899292,-1.6150712848528313e-05
180800,8.653218269348145,18.102753162384033,-3.6882511258125303,1.1920929e-09,0.0,0.01246333122253418,-2.399567502262556e-05
181000,7.295971393585205,13.197030615806579,-3.6882330536842347,1.1622905e-08,0.0,0.009049534797668457,-3.8276404281845086e-05
181200,2.2258358001708984,4.436564767360688,-3.688222402334213,1.1000037e-06,0.0,0.010296165943145752,-0.0003523531392441548
181400,4.763648986816406,9.981228685379028,-3.688267058134079,6.467104e-08,0.0,0.005087852478027344,-3.5417236772250504e-05
181600,6.192513942718506,17.641568326950072,-3.688269156217575,1.2814999e-08,0.0,0.005366623401641846,-3.732290139037975e-05
181800,3.755077362060547,7.801516878604889,-3.6882687509059906,7.772446e-07,0.0,0.009393274784088135,-0.00026676247446181243
182000,16.016389846801758,32.864350986480716,-3.6882541954517363,7.0333485e-08,0.0,0.004882395267486572,-3.763251014916591e-05
182200,5.58959436416626,11.980754923820495,-3.6882714450359346,2.2351742e-08,0.0,-0.008083939552307129,-5.324049335425629e-05
182400,4.57314920425415,8.636456394195557,-3.688262993097305,2.9474498e-07,0.0,0.008981525897979736,-0.00019220934660015842
182600,5.030885219573975,14.227703046798705,-3.688276952505112,2.9206277e-08,0.0,-4.565715789794922e-05,-4.294693481108336e-05
182800,9.013768196105957,21.57993803024292,-3.6882762014865875,1.013279e-08,0.0,0.004130840301513672,-5.860662462682242e-05
183000,12.243709564208984,22.885560083389283,-3.6882605612277986,2.3841857e-09,0.0,0.0022162795066833496,-2.781394128050785e-05
183200,2.563389301300049,5.442179131507873,-3.688251006603241,3.33786e-08,0.0,-0.024872183799743652,-6.108510578535231e-05
183400,5.327556133270264,13.293956780433655,-3.6882662534713746,2.980232e-09,0.0,0.003315567970275879,-2.9768764714876993e-05
183600,9.885732650756836,22.300594425201417,-3.6882648348808287,0.0,0.0,0.01569300889968872,-2.2541403832843088e-05
183800,6.545244216918945,12.387603545188904,-3.6882715046405794,8.1658364e-08,0.0,-5.364418029785156e-06,-7.29539395082579e-05
184000,26.205276489257812,50.142923259735106,-3.688256394863129,5.066395e-09,0.0,0.005564451217651367,-1.8549568921599757e-05
184200,10.430429458618164,18.820574593544006,-3.6882533013820646,8.434056e-08,0.0,0.007891714572906494,-7.898449918615213e-05
184400,8.148892402648926,15.408614683151246,-3.688276219367981,7.748604e-09,0.0,0.02781134843826294,-2.4568766312782486e-05
184600,6.5203022956848145,12.223799705505371,-3.6882439613342286,1.2516976e-08,0.0,-0.001438736915588379,-3.8887321649228034e-05
184800,3.536895513534546,6.356937062740326,-3.688232070207596,5.581975e-07,0.0,-0.0182342529296875,-0.0001720610861615235
185000,6.253526210784912,13.957847428321838,-3.6882555425167083,2.8312206e-08,0.0,0.0029074549674987793,-2.0428344630296636e-05
185200,6.742387294769287,17.019974160194398,-3.6882669925689697,5.9008596e-07,0.0,0.004419147968292236,-0.0002474031111002084
185400,7.907266616821289,19.563168120384216,-3.688254767656326,4.2319297e-08,0.0,-0.007690072059631348,-3.856917449409636e-05
185600,7.27530574798584,14.740760087966919,-3.688277620077133,1.4901161e-08,0.0,0.010943293571472168,-3.85541393750799e-05
185800,5.220464706420898,16.874025964736937,-3.6882487893104554,1.66893e-08,0.0,0.0019012689590454102,-4.017372384428342e-05
186000,2.836179256439209,7.316327202320099,-3.688271963596344,3.8146972e-08,0.0,-0.0011675357818603516,-5.72042614610524e-05
186200,3.2552483081817627,6.239505195617676,-3.6882409512996674,6.347894e-08,0.0,0.007542669773101807,-6.225818402896265e-05
186400,6.316974639892578,10.261891055107117,-3.6882550001144407,1.1384488e-07,0.0,0.0009753704071044922,-9.984542426457743e-05
186600,2.7056467533111572,5.4914111495018005,-3.6882391452789305,9.894371e-08,0.0,0.003263115882873535,-0.00010443881177524261
186800,8.539932250976562,12.242851722240449,-3.6882483065128326,3.2305718e-07,0.0,0.0029021501541137695,-0.00016665828268997985
187000,6.620072364807129,11.194046425819398,-3.688240295648575,1.02818014e-07,0.0,0.01607757806777954,-8.78847988061593e-05
187200,9.367366790771484,15.00728747844696,-3.688243019580841,1.3411045e-08,0.0,0.001059412956237793,-3.54962796938918e-05
187400,17.091535568237305,39.02871489524841,-3.688222533464432,0.0,0.0,0.007573068141937256,-2.3123413214598543e-05
187600,6.6816792488098145,12.581611585617065,-3.6882222831249236,2.115965e-08,0.0,0.0025950074195861816,-5.054354664366656e-05
187800,15.796616554260254,29.268294906616212,-3.6882604122161866,7.152557e-09,0.0,0.007401406764984131,-2.914003977005919e-05
188000,6.370855808258057,13.353504061698914,-3.688244324922562,2.2888185e-07,0.0,0.0021018385887145996,-0.00015327556515738473
188200,9.05429458618164,21.47826325893402,-3.688243234157562,7.718802e-08,0.0,0.00912564992904663,-7.854002714768882e-05
188400,6.86551570892334,14.005948472023011,-3.6882400155067443,3.695488e-08,0.0,-0.003622770309448242,-6.233531946779891e-05
188600,12.494882583618164,26.84168858528137,-3.6882365584373473,5.3644182e-09,0.0,0.014380574226379395,-3.8454860459946616e-05
188800,6.13303804397583,11.496223878860473,-3.6882605254650116,7.1793795e-07,0.0,0.001041114330291748,-0.0002490225741769825
189000,4.846093654632568,12.562444114685059,-3.6882358312606813,5.972385e-07,0.0,0.004571855068206787,-0.0001859555607788721
189200,4.966546535491943,12.86168439388275,-3.6882310807704926,8.2850455e-08,0.0,-0.009038686752319336,-6.508415918684562e-05
189400,5.1024861335754395,10.31771786212921,-3.6882991254329682,3.308058e-08,0.0,0.006510376930236816,-5.591636915638354e-05
189600,3.867863655090332,6.7442338347435,-3.6882555723190307,5.0365924e-07,0.0,0.009415209293365479,-0.00019323878783430448
189800,2.505091667175293,5.420963370800019,-3.6882371962070466,1.8775462e-07,0.0,-0.0069844722747802734,-0.0001315442246532683
190000,4.073730945587158,7.1381086826324465,-3.688238078355789,4.6789644e-08,0.0,0.011748313903808594,-6.505509392548125e-05
190200,11.061949729919434,24.128817749023437,-3.6882260918617247,2.9802322e-08,0.0,-0.006398916244506836,-3.7315763416012614e-05
190400,2.9244024753570557,7.172359609603882,-3.688250923156738,9.566545e-08,0.0,0.02062004804611206,-0.00010713773992669929
190600,2.9901158809661865,6.452902984619141,-3.6882468461990356,8.7022784e-08,0.0,-0.017036914825439453,-9.29505977659062e-05
190800,23.496421813964844,38.464754581451416,-3.6882549226284027,9.536743e-09,0.0,0.0026570558547973633,-3.221277906195752e-05
191000,12.908966064453125,24.543464946746827,-3.6882485687732696,4.2915342e-08,0.0,0.0002442598342895508,-6.275785720242233e-05
191200,15.640225410461426,30.738198375701906,-3.6882574558258057,1.0728836e-08,0.0,0.01161348819732666,-3.828373542065222e-05
191400,3.0651745796203613,6.6781506657600405,-3.6882388293743134,1.4847517e-06,0.0,0.0004481077194213867,-0.0003684423429385797
191600,6.198513507843018,12.435532760620116,-3.688268280029297,9.89139e-07,0.0,-0.003015875816345215,-0.000270526312986652
191800,7.0880889892578125,13.359560418128968,-3.6882484674453737,9.357929e-08,0.0,9.882450103759766e-05,-2.8012663751653123e-05
192000,6.064094543457031,12.340740513801574,-3.688254415988922,6.139278e-08,0.0,0.0027695298194885254,-7.942667562161887e-05
192200,12.896245002746582,26.213723993301393,-3.688258582353592,1.4603137e-08,0.0,0.0032872557640075684,-3.7269696742381345e-05
192400,7.228085041046143,16.078316473960875,-3.6882309913635254,3.427267e-08,0.0,-0.0009833574295043945,-5.3345248330760596e-05
192600,10.776113510131836,21.330118536949158,-3.688270151615143,6.2584875e-09,0.0,0.021943330764770508,-3.059442322648209e-05
192800,2.219721794128418,5.520888650417328,-3.6882286250591276,7.7962875e-07,0.0,-5.1856040954589844e-05,-0.00026790807330423494
193000,5.115189075469971,9.262112045288086,-3.6882660746574403,7.987022e-08,0.0,0.008909046649932861,-6.356348090577057e-05
193200,12.31391716003418,28.513101482391356,-3.688236880302429,2.980232e-09,0.0,-0.001232743263244629,-2.8137266923877748e-05
193400,5.298557281494141,15.740649390220643,-3.6882567405700684,2.2232533e-07,0.0,0.0023899078369140625,-0.00013123531480805362
193600,4.042606353759766,11.501874995231628,-3.6882478475570677,4.3511392e-08,0.0,0.0030173659324645996,-5.6645907514774053e-05
193800,10.511737823486328,22.643463706970216,-3.6882595777511598,1.490116e-09,0.0,0.01321953535079956,-2.582456190967086e-05
194000,3.0215086936950684,5.795106619596481,-3.688249057531357,1.8581748e-06,0.0,-0.009522676467895508,-0.0004247637165401219
194200,8.687111854553223,11.717091977596283,-3.688231313228607,3.4093858e-07,0.0,0.013781428337097168,-0.00014775533913109485
194400,5.624736309051514,11.47830855846405,-3.6882210254669188,5.632639e-08,0.0,-0.012125968933105469,-7.200272384935146e-05
194600,4.577216148376465,11.520847535133361,-3.6882092893123626,4.154444e-07,0.0,0.0030532479286193848,-0.0001869112028346609
194800,2.1928884983062744,3.5204818934202193,-3.6882362067699432,1.785159e-07,0.0,-0.005714535713195801,-0.00012219306107237317
195000,2.4347221851348877,5.142729496955871,-3.688231331110001,3.0308962e-07,0.0,-0.009674668312072754,-0.00018832948787508296
195200,4.301516056060791,7.6307848453521725,-3.6882154285907744,1.3381242e-07,0.0,-0.00737154483795166,-9.600475415516563e-05
195400,5.291371822357178,10.683653378486634,-3.68822557926178,2.2053719e-08,0.0,0.020000457763671875,-3.835774924887403e-05
195600,8.79203987121582,15.008708071708678,-3.688246214389801,2.8312204e-08,0.0,0.000743865966796875,-6.250245834173995e-05
195800,8.880738258361816,19.298933911323548,-3.688213610649109,1.5199184e-08,0.0,0.01752018928527832,-4.95290909042545e-05
196000,5.461602210998535,10.890085875988007,-3.6882298946380616,1.9073486e-08,0.0,-0.0027129650115966797,-5.143932219047187e-05
196200,5.281008720397949,10.856657874584197,-3.6882463932037353,6.169081e-07,0.0,0.009459614753723145,-0.0001951568635349732
196400,6.1844611167907715,9.530738282203675,-3.6882503807544706,1.4394521e-07,0.0,0.013472139835357666,-0.00010019920742820876
196600,10.45329761505127,21.521123504638673,-3.688232970237732,3.1888483e-08,0.0,0.00860530138015747,-4.912918812802758e-05
196800,4.644224643707275,12.87295104265213,-3.688236117362976,5.2452087e-08,0.0,0.002639472484588623,-6.897996389989557e-05
197000,21.11703109741211,37.74342937469483,-3.6882419347763062,5.662441e-09,0.0,0.002406001091003418,-2.4780839640703434e-05
197200,10.971558570861816,18.437189435958864,-3.688244116306305,7.7486035e-09,0.0,-0.00761103630065918,-3.7694692572465274e-05
197400,4.86086368560791,10.738828957080841,-3.688263738155365,3.039837e-08,0.0,0.01884627342224121,-5.916870420668019e-05
197600,6.514646053314209,14.267160797119141,-3.688247936964035,1.0341406e-07,0.0,0.016358911991119385,-0.00011136571083696367
197800,1.170359492301941,3.2874034464359285,-3.6882606208324433,1.4600158e-06,0.0,0.01503986120223999,-0.00033821033039589665
198000,20.825490951538086,35.81037216186523,-3.6882363975048067,7.8380104e-08,0.0,0.007497310638427734,-1.6810133847444674e-05
198200,5.140194416046143,12.765696942806244,-3.6882150769233704,3.1888483e-08,0.0,-0.0015238523483276367,-6.264023476720837e-05
198400,7.75600004196167,18.913974356651305,-3.688248109817505,3.6656857e-08,0.0,-0.004786252975463867,-6.155244231722534e-05
198600,4.995110988616943,9.48314722776413,-3.688260334730148,2.3245812e-08,0.0,0.001262068748474121,-4.2666129872870326e-05
198800,18.088420867919922,32.76322069168091,-3.688250195980072,2.3841857e-09,0.0,0.019741714000701904,-2.9501853326885374e-05
199000,3.1699411869049072,6.1811563372612,-3.6882440090179442,1.1536479e-06,0.0,-0.007211804389953613,-0.0003026933969658252
199200,4.038470268249512,7.534214866161347,-3.6882400274276734,1.09374525e-07,0.0,0.006342172622680664,-3.512480874610091e-05
199400,2.407848834991455,4.287409853935242,-3.6882498025894166,4.1246415e-07,0.0,0.011889398097991943,-0.00018535090939280073
199600,3.0645558834075928,5.826296401023865,-3.6882526993751528,1.0329484e-06,0.0,0.007969975471496582,-0.0002837477477267036
199800,4.88551664352417,8.213505899906158,-3.6882432460784913,1.05202204e-07,0.0,-0.004999518394470215,-8.135877529436009e-05
200000,11.252971649169922,21.844678807258607,-3.6882543206214904,8.34465e-09,0.0,0.008360683917999268,-3.5804837891584286e-05
