Using libsumo as traci as requested by environment variable.
[cologne3.net-DDQN] 3 agents | reward=queue | seed=777
  obs=(7,) | act=Discrete(3)
Using cpu device
----------------------------------
| rollout/            |          |
|    exploration_rate | 0.973    |
| time/               |          |
|    episodes         | 1        |
|    fps              | 928      |
|    time_elapsed     | 2        |
|    total_timesteps  | 2160     |
----------------------------------
-----------------------------
| time/              |      |
|    episodes        | 2    |
|    fps             | 927  |
|    time_elapsed    | 2    |
|    total_timesteps | 2160 |
-----------------------------
-----------------------------
| time/              |      |
|    episodes        | 3    |
|    fps             | 927  |
|    time_elapsed    | 2    |
|    total_timesteps | 2160 |
-----------------------------
----------------------------------
| rollout/            |          |
|    exploration_rate | 0.945    |
| time/               |          |
|    episodes         | 4        |
|    fps              | 936      |
|    time_elapsed     | 4        |
|    total_timesteps  | 4320     |
----------------------------------
-----------------------------
| time/              |      |
|    episodes        | 5    |
|    fps             | 936  |
|    time_elapsed    | 4    |
|    total_timesteps | 4320 |
-----------------------------
-----------------------------
| time/              |      |
|    episodes        | 6    |
|    fps             | 936  |
|    time_elapsed    | 4    |
|    total_timesteps | 4320 |
-----------------------------
----------------------------------
| rollout/            |          |
|    exploration_rate | 0.918    |
| time/               |          |
|    episodes         | 7        |
|    fps              | 868      |
|    time_elapsed     | 7        |
|    total_timesteps  | 6480     |
| train/              |          |
|    learning_rate    | 0.0001   |
|    loss             | 0.00011  |
|    n_updates        | 123      |
----------------------------------
-----------------------------
| time/              |      |
|    episodes        | 8    |
|    fps             | 868  |
|    time_elapsed    | 7    |
|    total_timesteps | 6480 |
-----------------------------
-----------------------------
| time/              |      |
|    episodes        | 9    |
|    fps             | 868  |
|    time_elapsed    | 7    |
|    total_timesteps | 6480 |
-----------------------------
----------------------------------
| rollout/            |          |
|    exploration_rate | 0.891    |
| time/               |          |
|    episodes         | 10       |
|    fps              | 761      |
|    time_elapsed     | 11       |
|    total_timesteps  | 8640     |
| train/              |          |
|    learning_rate    | 0.0001   |
|    loss             | 0.000102 |
|    n_updates        | 303      |
----------------------------------
-----------------------------
| time/              |      |
|    episodes        | 11   |
|    fps             | 761  |
|    time_elapsed    | 11   |
|    total_timesteps | 8640 |
-----------------------------
-----------------------------
| time/              |      |
|    episodes        | 12   |
|    fps             | 761  |
|    time_elapsed    | 11   |
|    total_timesteps | 8640 |
-----------------------------
----------------------------------
| rollout/            |          |
|    exploration_rate | 0.863    |
| time/               |          |
|    episodes         | 13       |
|    fps              | 752      |
|    time_elapsed     | 14       |
|    total_timesteps  | 10800    |
| train/              |          |
|    learning_rate    | 0.0001   |
|    loss             | 8.51e-05 |
|    n_updates        | 483      |
----------------------------------
------------------------------
| time/              |       |
|    episodes        | 14    |
|    fps             | 752   |
|    time_elapsed    | 14    |
|    total_timesteps | 10800 |
------------------------------
------------------------------
| time/              |       |
|    episodes        | 15    |
|    fps             | 752   |
|    time_elapsed    | 14    |
|    total_timesteps | 10800 |
------------------------------
----------------------------------
| rollout/            |          |
|    exploration_rate | 0.836    |
| time/               |          |
|    episodes         | 16       |
|    fps              | 757      |
|    time_elapsed     | 17       |
|    total_timesteps  | 12960    |
| train/              |          |
|    learning_rate    | 0.0001   |
|    loss             | 6.98e-05 |
|    n_updates        | 663      |
----------------------------------
------------------------------
| time/              |       |
|    episodes        | 17    |
|    fps             | 757   |
|    time_elapsed    | 17    |
|    total_timesteps | 12960 |
------------------------------
------------------------------
| time/              |       |
|    episodes        | 18    |
|    fps             | 757   |
|    time_elapsed    | 17    |
|    total_timesteps | 12960 |
------------------------------
  step   15000/500000 (  3.0%)  eps=0.810  updates=   833  mean_rew=-0.028
----------------------------------
| rollout/            |          |
|    exploration_rate | 0.808    |
| time/               |          |
|    episodes         | 19       |
|    fps              | 714      |
|    time_elapsed     | 21       |
|    total_timesteps  | 15120    |
| train/              |          |
|    learning_rate    | 0.0001   |
|    loss             | 0.000167 |
|    n_updates        | 843      |
----------------------------------
------------------------------
| time/              |       |
|    episodes        | 20    |
|    fps             | 714   |
|    time_elapsed    | 21    |
|    total_timesteps | 15120 |
------------------------------
------------------------------
| time/              |       |
|    episodes        | 21    |
|    fps             | 714   |
|    time_elapsed    | 21    |
|    total_timesteps | 15120 |
------------------------------
----------------------------------
| rollout/            |          |
|    exploration_rate | 0.781    |
| time/               |          |
|    episodes         | 22       |
|    fps              | 722      |
|    time_elapsed     | 23       |
|    total_timesteps  | 17280    |
| train/              |          |
|    learning_rate    | 0.0001   |
|    loss             | 0.00019  |
|    n_updates        | 1023     |
----------------------------------
------------------------------
| time/              |       |
|    episodes        | 23    |
|    fps             | 722   |
|    time_elapsed    | 23    |
|    total_timesteps | 17280 |
------------------------------
------------------------------
| time/              |       |
|    episodes        | 24    |
|    fps             | 722   |
|    time_elapsed    | 23    |
|    total_timesteps | 17280 |
------------------------------
----------------------------------
| rollout/            |          |
|    exploration_rate | 0.754    |
| time/               |          |
|    episodes         | 25       |
|    fps              | 728      |
|    time_elapsed     | 26       |
|    total_timesteps  | 19440    |
| train/              |          |
|    learning_rate    | 0.0001   |
|    loss             | 0.000211 |
|    n_updates        | 1203     |
----------------------------------
------------------------------
| time/              |       |
|    episodes        | 26    |
|    fps             | 728   |
|    time_elapsed    | 26    |
|    total_timesteps | 19440 |
------------------------------
------------------------------
| time/              |       |
|    episodes        | 27    |
|    fps             | 728   |
|    time_elapsed    | 26    |
|    total_timesteps | 19440 |
------------------------------
----------------------------------
| rollout/            |          |
|    exploration_rate | 0.726    |
| time/               |          |
|    episodes         | 28       |
|    fps              | 731      |
|    time_elapsed     | 29       |
|    total_timesteps  | 21600    |
| train/              |          |
|    learning_rate    | 0.0001   |
|    loss             | 0.000216 |
|    n_updates        | 1383     |
----------------------------------
------------------------------
| time/              |       |
|    episodes        | 29    |
|    fps             | 731   |
|    time_elapsed    | 29    |
|    total_timesteps | 21600 |
------------------------------
------------------------------
| time/              |       |
|    episodes        | 30    |
|    fps             | 731   |
|    time_elapsed    | 29    |
|    total_timesteps | 21600 |
------------------------------
----------------------------------
| rollout/            |          |
|    exploration_rate | 0.699    |
| time/               |          |
|    episodes         | 31       |
|    fps              | 734      |
|    time_elapsed     | 32       |
|    total_timesteps  | 23760    |
| train/              |          |
|    learning_rate    | 0.0001   |
|    loss             | 0.000138 |
|    n_updates        | 1563     |
----------------------------------
------------------------------
| time/              |       |
|    episodes        | 32    |
|    fps             | 734   |
|    time_elapsed    | 32    |
|    total_timesteps | 23760 |
------------------------------
------------------------------
| time/              |       |
|    episodes        | 33    |
|    fps             | 734   |
|    time_elapsed    | 32    |
|    total_timesteps | 23760 |
------------------------------
----------------------------------
| rollout/            |          |
|    exploration_rate | 0.672    |
| time/               |          |
|    episodes         | 34       |
|    fps              | 737      |
|    time_elapsed     | 35       |
|    total_timesteps  | 25920    |
| train/              |          |
|    learning_rate    | 0.0001   |
|    loss             | 0.000301 |
|    n_updates        | 1743     |
----------------------------------
------------------------------
| time/              |       |
|    episodes        | 35    |
|    fps             | 737   |
|    time_elapsed    | 35    |
|    total_timesteps | 25920 |
------------------------------
------------------------------
| time/              |       |
|    episodes        | 36    |
|    fps             | 737   |
|    time_elapsed    | 35    |
|    total_timesteps | 25920 |
------------------------------
----------------------------------
| rollout/            |          |
|    exploration_rate | 0.644    |
| time/               |          |
|    episodes         | 37       |
|    fps              | 740      |
|    time_elapsed     | 37       |
|    total_timesteps  | 28080    |
| train/              |          |
|    learning_rate    | 0.0001   |
|    loss             | 0.000316 |
|    n_updates        | 1923     |
----------------------------------
------------------------------
| time/              |       |
|    episodes        | 38    |
|    fps             | 740   |
|    time_elapsed    | 37    |
|    total_timesteps | 28080 |
------------------------------
------------------------------
| time/              |       |
|    episodes        | 39    |
|    fps             | 740   |
|    time_elapsed    | 37    |
|    total_timesteps | 28080 |
------------------------------
  step   30000/500000 (  6.0%)  eps=0.620  updates=  2083  mean_rew=-0.040
----------------------------------
| rollout/            |          |
|    exploration_rate | 0.617    |
| time/               |          |
|    episodes         | 40       |
|    fps              | 715      |
|    time_elapsed     | 42       |
|    total_timesteps  | 30240    |
| train/              |          |
|    learning_rate    | 0.0001   |
|    loss             | 0.000404 |
|    n_updates        | 2103     |
----------------------------------
------------------------------
| time/              |       |
|    episodes        | 41    |
|    fps             | 715   |
|    time_elapsed    | 42    |
|    total_timesteps | 30240 |
------------------------------
------------------------------
| time/              |       |
|    episodes        | 42    |
|    fps             | 715   |
|    time_elapsed    | 42    |
|    total_timesteps | 30240 |
------------------------------
----------------------------------
| rollout/            |          |
|    exploration_rate | 0.59     |
| time/               |          |
|    episodes         | 43       |
|    fps              | 718      |
|    time_elapsed     | 45       |
|    total_timesteps  | 32400    |
| train/              |          |
|    learning_rate    | 0.0001   |
|    loss             | 0.000358 |
|    n_updates        | 2283     |
----------------------------------
------------------------------
| time/              |       |
|    episodes        | 44    |
|    fps             | 718   |
|    time_elapsed    | 45    |
|    total_timesteps | 32400 |
------------------------------
------------------------------
| time/              |       |
|    episodes        | 45    |
|    fps             | 718   |
|    time_elapsed    | 45    |
|    total_timesteps | 32400 |
------------------------------
----------------------------------
| rollout/            |          |
|    exploration_rate | 0.562    |
| time/               |          |
|    episodes         | 46       |
|    fps              | 721      |
|    time_elapsed     | 47       |
|    total_timesteps  | 34560    |
| train/              |          |
|    learning_rate    | 0.0001   |
|    loss             | 0.000721 |
|    n_updates        | 2463     |
----------------------------------
------------------------------
| time/              |       |
|    episodes        | 47    |
|    fps             | 721   |
|    time_elapsed    | 47    |
|    total_timesteps | 34560 |
------------------------------
------------------------------
| time/              |       |
|    episodes        | 48    |
|    fps             | 721   |
|    time_elapsed    | 47    |
|    total_timesteps | 34560 |
------------------------------
----------------------------------
| rollout/            |          |
|    exploration_rate | 0.535    |
| time/               |          |
|    episodes         | 49       |
|    fps              | 696      |
|    time_elapsed     | 52       |
|    total_timesteps  | 36720    |
| train/              |          |
|    learning_rate    | 0.0001   |
|    loss             | 0.00041  |
|    n_updates        | 2643     |
----------------------------------
------------------------------
| time/              |       |
|    episodes        | 50    |
|    fps             | 696   |
|    time_elapsed    | 52    |
|    total_timesteps | 36720 |
------------------------------
------------------------------
| time/              |       |
|    episodes        | 51    |
|    fps             | 696   |
|    time_elapsed    | 52    |
|    total_timesteps | 36720 |
------------------------------
----------------------------------
| rollout/            |          |
|    exploration_rate | 0.508    |
| time/               |          |
|    episodes         | 52       |
|    fps              | 699      |
|    time_elapsed     | 55       |
|    total_timesteps  | 38880    |
| train/              |          |
|    learning_rate    | 0.0001   |
|    loss             | 0.000157 |
|    n_updates        | 2823     |
----------------------------------
------------------------------
| time/              |       |
|    episodes        | 53    |
|    fps             | 699   |
|    time_elapsed    | 55    |
|    total_timesteps | 38880 |
------------------------------
------------------------------
| time/              |       |
|    episodes        | 54    |
|    fps             | 699   |
|    time_elapsed    | 55    |
|    total_timesteps | 38880 |
------------------------------
----------------------------------
| rollout/            |          |
|    exploration_rate | 0.48     |
| time/               |          |
|    episodes         | 55       |
|    fps              | 640      |
|    time_elapsed     | 64       |
|    total_timesteps  | 41040    |
| train/              |          |
|    learning_rate    | 0.0001   |
|    loss             | 0.000402 |
|    n_updates        | 3003     |
----------------------------------
------------------------------
| time/              |       |
|    episodes        | 56    |
|    fps             | 640   |
|    time_elapsed    | 64    |
|    total_timesteps | 41040 |
------------------------------
------------------------------
| time/              |       |
|    episodes        | 57    |
|    fps             | 640   |
|    time_elapsed    | 64    |
|    total_timesteps | 41040 |
------------------------------
----------------------------------
| rollout/            |          |
|    exploration_rate | 0.453    |
| time/               |          |
|    episodes         | 58       |
|    fps              | 639      |
|    time_elapsed     | 67       |
|    total_timesteps  | 43200    |
| train/              |          |
|    learning_rate    | 0.0001   |
|    loss             | 0.000404 |
|    n_updates        | 3183     |
----------------------------------
------------------------------
| time/              |       |
|    episodes        | 59    |
|    fps             | 639   |
|    time_elapsed    | 67    |
|    total_timesteps | 43200 |
------------------------------
------------------------------
| time/              |       |
|    episodes        | 60    |
|    fps             | 639   |
|    time_elapsed    | 67    |
|    total_timesteps | 43200 |
------------------------------
  step   45000/500000 (  9.0%)  eps=0.430  updates=  3333  mean_rew=-0.002
----------------------------------
| rollout/            |          |
|    exploration_rate | 0.425    |
| time/               |          |
|    episodes         | 61       |
|    fps              | 645      |
|    time_elapsed     | 70       |
|    total_timesteps  | 45360    |
| train/              |          |
|    learning_rate    | 0.0001   |
|    loss             | 0.000306 |
|    n_updates        | 3363     |
----------------------------------
------------------------------
| time/              |       |
|    episodes        | 62    |
|    fps             | 645   |
|    time_elapsed    | 70    |
|    total_timesteps | 45360 |
------------------------------
------------------------------
| time/              |       |
|    episodes        | 63    |
|    fps             | 645   |
|    time_elapsed    | 70    |
|    total_timesteps | 45360 |
------------------------------
----------------------------------
| rollout/            |          |
|    exploration_rate | 0.398    |
| time/               |          |
|    episodes         | 64       |
|    fps              | 650      |
|    time_elapsed     | 73       |
|    total_timesteps  | 47520    |
| train/              |          |
|    learning_rate    | 0.0001   |
|    loss             | 0.000149 |
|    n_updates        | 3543     |
----------------------------------
------------------------------
| time/              |       |
|    episodes        | 65    |
|    fps             | 650   |
|    time_elapsed    | 73    |
|    total_timesteps | 47520 |
------------------------------
------------------------------
| time/              |       |
|    episodes        | 66    |
|    fps             | 650   |
|    time_elapsed    | 73    |
|    total_timesteps | 47520 |
------------------------------
----------------------------------
| rollout/            |          |
|    exploration_rate | 0.371    |
| time/               |          |
|    episodes         | 67       |
|    fps              | 641      |
|    time_elapsed     | 77       |
|    total_timesteps  | 49680    |
| train/              |          |
|    learning_rate    | 0.0001   |
|    loss             | 0.000358 |
|    n_updates        | 3723     |
----------------------------------
------------------------------
| time/              |       |
|    episodes        | 68    |
|    fps             | 641   |
|    time_elapsed    | 77    |
|    total_timesteps | 49680 |
------------------------------
------------------------------
| time/              |       |
|    episodes        | 69    |
|    fps             | 641   |
|    time_elapsed    | 77    |
|    total_timesteps | 49680 |
------------------------------
----------------------------------
| rollout/            |          |
|    exploration_rate | 0.343    |
| time/               |          |
|    episodes         | 70       |
|    fps              | 645      |
|    time_elapsed     | 80       |
|    total_timesteps  | 51840    |
| train/              |          |
|    learning_rate    | 0.0001   |
|    loss             | 0.00782  |
|    n_updates        | 3903     |
----------------------------------
------------------------------
| time/              |       |
|    episodes        | 71    |
|    fps             | 645   |
|    time_elapsed    | 80    |
|    total_timesteps | 51840 |
------------------------------
------------------------------
| time/              |       |
|    episodes        | 72    |
|    fps             | 645   |
|    time_elapsed    | 80    |
|    total_timesteps | 51840 |
------------------------------
----------------------------------
| rollout/            |          |
|    exploration_rate | 0.316    |
| time/               |          |
|    episodes         | 73       |
|    fps              | 649      |
|    time_elapsed     | 83       |
|    total_timesteps  | 54000    |
| train/              |          |
|    learning_rate    | 0.0001   |
|    loss             | 0.000555 |
|    n_updates        | 4083     |
----------------------------------
------------------------------
| time/              |       |
|    episodes        | 74    |
|    fps             | 649   |
|    time_elapsed    | 83    |
|    total_timesteps | 54000 |
------------------------------
------------------------------
| time/              |       |
|    episodes        | 75    |
|    fps             | 649   |
|    time_elapsed    | 83    |
|    total_timesteps | 54000 |
------------------------------
----------------------------------
| rollout/            |          |
|    exploration_rate | 0.289    |
| time/               |          |
|    episodes         | 76       |
|    fps              | 653      |
|    time_elapsed     | 85       |
|    total_timesteps  | 56160    |
| train/              |          |
|    learning_rate    | 0.0001   |
|    loss             | 0.000697 |
|    n_updates        | 4263     |
----------------------------------
------------------------------
| time/              |       |
|    episodes        | 77    |
|    fps             | 653   |
|    time_elapsed    | 85    |
|    total_timesteps | 56160 |
------------------------------
------------------------------
| time/              |       |
|    episodes        | 78    |
|    fps             | 653   |
|    time_elapsed    | 85    |
|    total_timesteps | 56160 |
------------------------------
----------------------------------
| rollout/            |          |
|    exploration_rate | 0.261    |
| time/               |          |
|    episodes         | 79       |
|    fps              | 657      |
|    time_elapsed     | 88       |
|    total_timesteps  | 58320    |
| train/              |          |
|    learning_rate    | 0.0001   |
|    loss             | 0.000327 |
|    n_updates        | 4443     |
----------------------------------
------------------------------
| time/              |       |
|    episodes        | 80    |
|    fps             | 657   |
|    time_elapsed    | 88    |
|    total_timesteps | 58320 |
------------------------------
------------------------------
| time/              |       |
|    episodes        | 81    |
|    fps             | 657   |
|    time_elapsed    | 88    |
|    total_timesteps | 58320 |
------------------------------
  step   60000/500000 ( 12.0%)  eps=0.240  updates=  4583  mean_rew=-0.024
----------------------------------
| rollout/            |          |
|    exploration_rate | 0.234    |
| time/               |          |
|    episodes         | 82       |
|    fps              | 650      |
|    time_elapsed     | 93       |
|    total_timesteps  | 60480    |
| train/              |          |
|    learning_rate    | 0.0001   |
|    loss             | 0.000244 |
|    n_updates        | 4623     |
----------------------------------
------------------------------
| time/              |       |
|    episodes        | 83    |
|    fps             | 650   |
|    time_elapsed    | 93    |
|    total_timesteps | 60480 |
------------------------------
------------------------------
| time/              |       |
|    episodes        | 84    |
|    fps             | 650   |
|    time_elapsed    | 93    |
|    total_timesteps | 60480 |
------------------------------
----------------------------------
| rollout/            |          |
|    exploration_rate | 0.207    |
| time/               |          |
|    episodes         | 85       |
|    fps              | 639      |
|    time_elapsed     | 97       |
|    total_timesteps  | 62640    |
| train/              |          |
|    learning_rate    | 0.0001   |
|    loss             | 0.000532 |
|    n_updates        | 4803     |
----------------------------------
------------------------------
| time/              |       |
|    episodes        | 86    |
|    fps             | 639   |
|    time_elapsed    | 97    |
|    total_timesteps | 62640 |
------------------------------
------------------------------
| time/              |       |
|    episodes        | 87    |
|    fps             | 639   |
|    time_elapsed    | 97    |
|    total_timesteps | 62640 |
------------------------------
----------------------------------
| rollout/            |          |
|    exploration_rate | 0.179    |
| time/               |          |
|    episodes         | 88       |
|    fps              | 643      |
|    time_elapsed     | 100      |
|    total_timesteps  | 64800    |
| train/              |          |
|    learning_rate    | 0.0001   |
|    loss             | 0.00125  |
|    n_updates        | 4983     |
----------------------------------
------------------------------
| time/              |       |
|    episodes        | 89    |
|    fps             | 643   |
|    time_elapsed    | 100   |
|    total_timesteps | 64800 |
------------------------------
------------------------------
| time/              |       |
|    episodes        | 90    |
|    fps             | 643   |
|    time_elapsed    | 100   |
|    total_timesteps | 64800 |
------------------------------
----------------------------------
| rollout/            |          |
|    exploration_rate | 0.152    |
| time/               |          |
|    episodes         | 91       |
|    fps              | 646      |
|    time_elapsed     | 103      |
|    total_timesteps  | 66960    |
| train/              |          |
|    learning_rate    | 0.0001   |
|    loss             | 0.00159  |
|    n_updates        | 5163     |
----------------------------------
------------------------------
| time/              |       |
|    episodes        | 92    |
|    fps             | 646   |
|    time_elapsed    | 103   |
|    total_timesteps | 66960 |
------------------------------
------------------------------
| time/              |       |
|    episodes        | 93    |
|    fps             | 646   |
|    time_elapsed    | 103   |
|    total_timesteps | 66960 |
------------------------------
----------------------------------
| rollout/            |          |
|    exploration_rate | 0.124    |
| time/               |          |
|    episodes         | 94       |
|    fps              | 640      |
|    time_elapsed     | 107      |
|    total_timesteps  | 69120    |
| train/              |          |
|    learning_rate    | 0.0001   |
|    loss             | 0.00022  |
|    n_updates        | 5343     |
----------------------------------
------------------------------
| time/              |       |
|    episodes        | 95    |
|    fps             | 640   |
|    time_elapsed    | 107   |
|    total_timesteps | 69120 |
------------------------------
------------------------------
| time/              |       |
|    episodes        | 96    |
|    fps             | 640   |
|    time_elapsed    | 107   |
|    total_timesteps | 69120 |
------------------------------
----------------------------------
| rollout/            |          |
|    exploration_rate | 0.0971   |
| time/               |          |
|    episodes         | 97       |
|    fps              | 643      |
|    time_elapsed     | 110      |
|    total_timesteps  | 71280    |
| train/              |          |
|    learning_rate    | 0.0001   |
|    loss             | 0.000123 |
|    n_updates        | 5523     |
----------------------------------
------------------------------
| time/              |       |
|    episodes        | 98    |
|    fps             | 643   |
|    time_elapsed    | 110   |
|    total_timesteps | 71280 |
------------------------------
------------------------------
| time/              |       |
|    episodes        | 99    |
|    fps             | 643   |
|    time_elapsed    | 110   |
|    total_timesteps | 71280 |
------------------------------
----------------------------------
| rollout/            |          |
|    exploration_rate | 0.0698   |
| time/               |          |
|    episodes         | 100      |
|    fps              | 609      |
|    time_elapsed     | 120      |
|    total_timesteps  | 73440    |
| train/              |          |
|    learning_rate    | 0.0001   |
|    loss             | 0.000333 |
|    n_updates        | 5703     |
----------------------------------
------------------------------
| time/              |       |
|    episodes        | 101   |
|    fps             | 609   |
|    time_elapsed    | 120   |
|    total_timesteps | 73440 |
------------------------------
------------------------------
| time/              |       |
|    episodes        | 102   |
|    fps             | 609   |
|    time_elapsed    | 120   |
|    total_timesteps | 73440 |
------------------------------
  step   75000/500000 ( 15.0%)  eps=0.050  updates=  5833  mean_rew=-0.002
----------------------------------
| rollout/            |          |
|    exploration_rate | 0.05     |
| time/               |          |
|    episodes         | 103      |
|    fps              | 613      |
|    time_elapsed     | 123      |
|    total_timesteps  | 75600    |
| train/              |          |
|    learning_rate    | 0.0001   |
|    loss             | 0.000562 |
|    n_updates        | 5883     |
----------------------------------
------------------------------
| time/              |       |
|    episodes        | 104   |
|    fps             | 613   |
|    time_elapsed    | 123   |
|    total_timesteps | 75600 |
------------------------------
------------------------------
| time/              |       |
|    episodes        | 105   |
|    fps             | 613   |
|    time_elapsed    | 123   |
|    total_timesteps | 75600 |
------------------------------
----------------------------------
| rollout/            |          |
|    exploration_rate | 0.05     |
| time/               |          |
|    episodes         | 106      |
|    fps              | 616      |
|    time_elapsed     | 126      |
|    total_timesteps  | 77760    |
| train/              |          |
|    learning_rate    | 0.0001   |
|    loss             | 0.000226 |
|    n_updates        | 6063     |
----------------------------------
------------------------------
| time/              |       |
|    episodes        | 107   |
|    fps             | 616   |
|    time_elapsed    | 126   |
|    total_timesteps | 77760 |
------------------------------
------------------------------
| time/              |       |
|    episodes        | 108   |
|    fps             | 616   |
|    time_elapsed    | 126   |
|    total_timesteps | 77760 |
------------------------------
----------------------------------
| rollout/            |          |
|    exploration_rate | 0.05     |
| time/               |          |
|    episodes         | 109      |
|    fps              | 619      |
|    time_elapsed     | 129      |
|    total_timesteps  | 79920    |
| train/              |          |
|    learning_rate    | 0.0001   |
|    loss             | 0.000563 |
|    n_updates        | 6243     |
----------------------------------
------------------------------
| time/              |       |
|    episodes        | 110   |
|    fps             | 619   |
|    time_elapsed    | 129   |
|    total_timesteps | 79920 |
------------------------------
------------------------------
| time/              |       |
|    episodes        | 111   |
|    fps             | 619   |
|    time_elapsed    | 129   |
|    total_timesteps | 79920 |
------------------------------
----------------------------------
| rollout/            |          |
|    exploration_rate | 0.05     |
| time/               |          |
|    episodes         | 112      |
|    fps              | 617      |
|    time_elapsed     | 133      |
|    total_timesteps  | 82080    |
| train/              |          |
|    learning_rate    | 0.0001   |
|    loss             | 0.000223 |
|    n_updates        | 6423     |
----------------------------------
------------------------------
| time/              |       |
|    episodes        | 113   |
|    fps             | 617   |
|    time_elapsed    | 133   |
|    total_timesteps | 82080 |
------------------------------
------------------------------
| time/              |       |
|    episodes        | 114   |
|    fps             | 617   |
|    time_elapsed    | 133   |
|    total_timesteps | 82080 |
------------------------------
----------------------------------
| rollout/            |          |
|    exploration_rate | 0.05     |
| time/               |          |
|    episodes         | 115      |
|    fps              | 620      |
|    time_elapsed     | 135      |
|    total_timesteps  | 84240    |
| train/              |          |
|    learning_rate    | 0.0001   |
|    loss             | 0.000376 |
|    n_updates        | 6603     |
----------------------------------
------------------------------
| time/              |       |
|    episodes        | 116   |
|    fps             | 620   |
|    time_elapsed    | 135   |
|    total_timesteps | 84240 |
------------------------------
------------------------------
| time/              |       |
|    episodes        | 117   |
|    fps             | 620   |
|    time_elapsed    | 135   |
|    total_timesteps | 84240 |
------------------------------
----------------------------------
| rollout/            |          |
|    exploration_rate | 0.05     |
| time/               |          |
|    episodes         | 118      |
|    fps              | 622      |
|    time_elapsed     | 138      |
|    total_timesteps  | 86400    |
| train/              |          |
|    learning_rate    | 0.0001   |
|    loss             | 0.000204 |
|    n_updates        | 6783     |
----------------------------------
------------------------------
| time/              |       |
|    episodes        | 119   |
|    fps             | 622   |
|    time_elapsed    | 138   |
|    total_timesteps | 86400 |
------------------------------
------------------------------
| time/              |       |
|    episodes        | 120   |
|    fps             | 622   |
|    time_elapsed    | 138   |
|    total_timesteps | 86400 |
------------------------------
----------------------------------
| rollout/            |          |
|    exploration_rate | 0.05     |
| time/               |          |
|    episodes         | 121      |
|    fps              | 625      |
|    time_elapsed     | 141      |
|    total_timesteps  | 88560    |
| train/              |          |
|    learning_rate    | 0.0001   |
|    loss             | 0.00048  |
|    n_updates        | 6963     |
----------------------------------
------------------------------
| time/              |       |
|    episodes        | 122   |
|    fps             | 625   |
|    time_elapsed    | 141   |
|    total_timesteps | 88560 |
------------------------------
------------------------------
| time/              |       |
|    episodes        | 123   |
|    fps             | 625   |
|    time_elapsed    | 141   |
|    total_timesteps | 88560 |
------------------------------
  step   90000/500000 ( 18.0%)  eps=0.050  updates=  7083  mean_rew=+0.001
----------------------------------
| rollout/            |          |
|    exploration_rate | 0.05     |
| time/               |          |
|    episodes         | 124      |
|    fps              | 627      |
|    time_elapsed     | 144      |
|    total_timesteps  | 90720    |
| train/              |          |
|    learning_rate    | 0.0001   |
|    loss             | 0.000431 |
|    n_updates        | 7143     |
----------------------------------
------------------------------
| time/              |       |
|    episodes        | 125   |
|    fps             | 627   |
|    time_elapsed    | 144   |
|    total_timesteps | 90720 |
------------------------------
------------------------------
| time/              |       |
|    episodes        | 126   |
|    fps             | 627   |
|    time_elapsed    | 144   |
|    total_timesteps | 90720 |
------------------------------
----------------------------------
| rollout/            |          |
|    exploration_rate | 0.05     |
| time/               |          |
|    episodes         | 127      |
|    fps              | 630      |
|    time_elapsed     | 147      |
|    total_timesteps  | 92880    |
| train/              |          |
|    learning_rate    | 0.0001   |
|    loss             | 0.000178 |
|    n_updates        | 7323     |
----------------------------------
------------------------------
| time/              |       |
|    episodes        | 128   |
|    fps             | 630   |
|    time_elapsed    | 147   |
|    total_timesteps | 92880 |
------------------------------
------------------------------
| time/              |       |
|    episodes        | 129   |
|    fps             | 630   |
|    time_elapsed    | 147   |
|    total_timesteps | 92880 |
------------------------------
----------------------------------
| rollout/            |          |
|    exploration_rate | 0.05     |
| time/               |          |
|    episodes         | 130      |
|    fps              | 632      |
|    time_elapsed     | 150      |
|    total_timesteps  | 95040    |
| train/              |          |
|    learning_rate    | 0.0001   |
|    loss             | 0.000208 |
|    n_updates        | 7503     |
----------------------------------
------------------------------
| time/              |       |
|    episodes        | 131   |
|    fps             | 632   |
|    time_elapsed    | 150   |
|    total_timesteps | 95040 |
------------------------------
------------------------------
| time/              |       |
|    episodes        | 132   |
|    fps             | 632   |
|    time_elapsed    | 150   |
|    total_timesteps | 95040 |
------------------------------
----------------------------------
| rollout/            |          |
|    exploration_rate | 0.05     |
| time/               |          |
|    episodes         | 133      |
|    fps              | 610      |
|    time_elapsed     | 159      |
|    total_timesteps  | 97200    |
| train/              |          |
|    learning_rate    | 0.0001   |
|    loss             | 0.000138 |
|    n_updates        | 7683     |
----------------------------------
------------------------------
| time/              |       |
|    episodes        | 134   |
|    fps             | 610   |
|    time_elapsed    | 159   |
|    total_timesteps | 97200 |
------------------------------
------------------------------
| time/              |       |
|    episodes        | 135   |
|    fps             | 610   |
|    time_elapsed    | 159   |
|    total_timesteps | 97200 |
------------------------------
----------------------------------
| rollout/            |          |
|    exploration_rate | 0.05     |
| time/               |          |
|    episodes         | 136      |
|    fps              | 609      |
|    time_elapsed     | 163      |
|    total_timesteps  | 99360    |
| train/              |          |
|    learning_rate    | 0.0001   |
|    loss             | 0.000589 |
|    n_updates        | 7863     |
----------------------------------
------------------------------
| time/              |       |
|    episodes        | 137   |
|    fps             | 609   |
|    time_elapsed    | 163   |
|    total_timesteps | 99360 |
------------------------------
------------------------------
| time/              |       |
|    episodes        | 138   |
|    fps             | 609   |
|    time_elapsed    | 163   |
|    total_timesteps | 99360 |
------------------------------
----------------------------------
| rollout/            |          |
|    exploration_rate | 0.05     |
| time/               |          |
|    episodes         | 139      |
|    fps              | 611      |
|    time_elapsed     | 165      |
|    total_timesteps  | 101520   |
| train/              |          |
|    learning_rate    | 0.0001   |
|    loss             | 0.000144 |
|    n_updates        | 8043     |
----------------------------------
-------------------------------
| time/              |        |
|    episodes        | 140    |
|    fps             | 611    |
|    time_elapsed    | 165    |
|    total_timesteps | 101520 |
-------------------------------
-------------------------------
| time/              |        |
|    episodes        | 141    |
|    fps             | 611    |
|    time_elapsed    | 165    |
|    total_timesteps | 101520 |
-------------------------------
----------------------------------
| rollout/            |          |
|    exploration_rate | 0.05     |
| time/               |          |
|    episodes         | 142      |
|    fps              | 613      |
|    time_elapsed     | 168      |
|    total_timesteps  | 103680   |
| train/              |          |
|    learning_rate    | 0.0001   |
|    loss             | 0.000243 |
|    n_updates        | 8223     |
----------------------------------
-------------------------------
| time/              |        |
|    episodes        | 143    |
|    fps             | 613    |
|    time_elapsed    | 168    |
|    total_timesteps | 103680 |
-------------------------------
-------------------------------
| time/              |        |
|    episodes        | 144    |
|    fps             | 613    |
|    time_elapsed    | 168    |
|    total_timesteps | 103680 |
-------------------------------
  step  105000/500000 ( 21.0%)  eps=0.050  updates=  8333  mean_rew=+0.000
----------------------------------
| rollout/            |          |
|    exploration_rate | 0.05     |
| time/               |          |
|    episodes         | 145      |
|    fps              | 616      |
|    time_elapsed     | 171      |
|    total_timesteps  | 105840   |
| train/              |          |
|    learning_rate    | 0.0001   |
|    loss             | 0.00134  |
|    n_updates        | 8403     |
----------------------------------
-------------------------------
| time/              |        |
|    episodes        | 146    |
|    fps             | 616    |
|    time_elapsed    | 171    |
|    total_timesteps | 105840 |
-------------------------------
-------------------------------
| time/              |        |
|    episodes        | 147    |
|    fps             | 616    |
|    time_elapsed    | 171    |
|    total_timesteps | 105840 |
-------------------------------
----------------------------------
| rollout/            |          |
|    exploration_rate | 0.05     |
| time/               |          |
|    episodes         | 148      |
|    fps              | 614      |
|    time_elapsed     | 175      |
|    total_timesteps  | 108000   |
| train/              |          |
|    learning_rate    | 0.0001   |
|    loss             | 0.0005   |
|    n_updates        | 8583     |
----------------------------------
-------------------------------
| time/              |        |
|    episodes        | 149    |
|    fps             | 614    |
|    time_elapsed    | 175    |
|    total_timesteps | 108000 |
-------------------------------
-------------------------------
| time/              |        |
|    episodes        | 150    |
|    fps             | 614    |
|    time_elapsed    | 175    |
|    total_timesteps | 108000 |
-------------------------------
----------------------------------
| rollout/            |          |
|    exploration_rate | 0.05     |
| time/               |          |
|    episodes         | 151      |
|    fps              | 617      |
|    time_elapsed     | 178      |
|    total_timesteps  | 110160   |
| train/              |          |
|    learning_rate    | 0.0001   |
|    loss             | 9.76e-05 |
|    n_updates        | 8763     |
----------------------------------
-------------------------------
| time/              |        |
|    episodes        | 152    |
|    fps             | 617    |
|    time_elapsed    | 178    |
|    total_timesteps | 110160 |
-------------------------------
-------------------------------
| time/              |        |
|    episodes        | 153    |
|    fps             | 617    |
|    time_elapsed    | 178    |
|    total_timesteps | 110160 |
-------------------------------
----------------------------------
| rollout/            |          |
|    exploration_rate | 0.05     |
| time/               |          |
|    episodes         | 154      |
|    fps              | 618      |
|    time_elapsed     | 181      |
|    total_timesteps  | 112320   |
| train/              |          |
|    learning_rate    | 0.0001   |
|    loss             | 0.000124 |
|    n_updates        | 8943     |
----------------------------------
-------------------------------
| time/              |        |
|    episodes        | 155    |
|    fps             | 618    |
|    time_elapsed    | 181    |
|    total_timesteps | 112320 |
-------------------------------
-------------------------------
| time/              |        |
|    episodes        | 156    |
|    fps             | 618    |
|    time_elapsed    | 181    |
|    total_timesteps | 112320 |
-------------------------------
----------------------------------
| rollout/            |          |
|    exploration_rate | 0.05     |
| time/               |          |
|    episodes         | 157      |
|    fps              | 621      |
|    time_elapsed     | 184      |
|    total_timesteps  | 114480   |
| train/              |          |
|    learning_rate    | 0.0001   |
|    loss             | 0.000155 |
|    n_updates        | 9123     |
----------------------------------
-------------------------------
| time/              |        |
|    episodes        | 158    |
|    fps             | 621    |
|    time_elapsed    | 184    |
|    total_timesteps | 114480 |
-------------------------------
-------------------------------
| time/              |        |
|    episodes        | 159    |
|    fps             | 621    |
|    time_elapsed    | 184    |
|    total_timesteps | 114480 |
-------------------------------
----------------------------------
| rollout/            |          |
|    exploration_rate | 0.05     |
| time/               |          |
|    episodes         | 160      |
|    fps              | 623      |
|    time_elapsed     | 187      |
|    total_timesteps  | 116640   |
| train/              |          |
|    learning_rate    | 0.0001   |
|    loss             | 0.000192 |
|    n_updates        | 9303     |
----------------------------------
-------------------------------
| time/              |        |
|    episodes        | 161    |
|    fps             | 623    |
|    time_elapsed    | 187    |
|    total_timesteps | 116640 |
-------------------------------
-------------------------------
| time/              |        |
|    episodes        | 162    |
|    fps             | 623    |
|    time_elapsed    | 187    |
|    total_timesteps | 116640 |
-------------------------------
----------------------------------
| rollout/            |          |
|    exploration_rate | 0.05     |
| time/               |          |
|    episodes         | 163      |
|    fps              | 625      |
|    time_elapsed     | 190      |
|    total_timesteps  | 118800   |
| train/              |          |
|    learning_rate    | 0.0001   |
|    loss             | 0.000932 |
|    n_updates        | 9483     |
----------------------------------
-------------------------------
| time/              |        |
|    episodes        | 164    |
|    fps             | 625    |
|    time_elapsed    | 190    |
|    total_timesteps | 118800 |
-------------------------------
-------------------------------
| time/              |        |
|    episodes        | 165    |
|    fps             | 625    |
|    time_elapsed    | 190    |
|    total_timesteps | 118800 |
-------------------------------
  step  120000/500000 ( 24.0%)  eps=0.050  updates=  9583  mean_rew=-0.003
----------------------------------
| rollout/            |          |
|    exploration_rate | 0.05     |
| time/               |          |
|    episodes         | 166      |
|    fps              | 627      |
|    time_elapsed     | 192      |
|    total_timesteps  | 120960   |
| train/              |          |
|    learning_rate    | 0.0001   |
|    loss             | 0.000556 |
|    n_updates        | 9663     |
----------------------------------
-------------------------------
| time/              |        |
|    episodes        | 167    |
|    fps             | 627    |
|    time_elapsed    | 192    |
|    total_timesteps | 120960 |
-------------------------------
-------------------------------
| time/              |        |
|    episodes        | 168    |
|    fps             | 627    |
|    time_elapsed    | 192    |
|    total_timesteps | 120960 |
-------------------------------
----------------------------------
| rollout/            |          |
|    exploration_rate | 0.05     |
| time/               |          |
|    episodes         | 169      |
|    fps              | 607      |
|    time_elapsed     | 202      |
|    total_timesteps  | 123120   |
| train/              |          |
|    learning_rate    | 0.0001   |
|    loss             | 0.000587 |
|    n_updates        | 9843     |
----------------------------------
-------------------------------
| time/              |        |
|    episodes        | 170    |
|    fps             | 607    |
|    time_elapsed    | 202    |
|    total_timesteps | 123120 |
-------------------------------
-------------------------------
| time/              |        |
|    episodes        | 171    |
|    fps             | 607    |
|    time_elapsed    | 202    |
|    total_timesteps | 123120 |
-------------------------------
----------------------------------
| rollout/            |          |
|    exploration_rate | 0.05     |
| time/               |          |
|    episodes         | 172      |
|    fps              | 609      |
|    time_elapsed     | 205      |
|    total_timesteps  | 125280   |
| train/              |          |
|    learning_rate    | 0.0001   |
|    loss             | 0.00161  |
|    n_updates        | 10023    |
----------------------------------
-------------------------------
| time/              |        |
|    episodes        | 173    |
|    fps             | 609    |
|    time_elapsed    | 205    |
|    total_timesteps | 125280 |
-------------------------------
-------------------------------
| time/              |        |
|    episodes        | 174    |
|    fps             | 609    |
|    time_elapsed    | 205    |
|    total_timesteps | 125280 |
-------------------------------
----------------------------------
| rollout/            |          |
|    exploration_rate | 0.05     |
| time/               |          |
|    episodes         | 175      |
|    fps              | 611      |
|    time_elapsed     | 208      |
|    total_timesteps  | 127440   |
| train/              |          |
|    learning_rate    | 0.0001   |
|    loss             | 0.00036  |
|    n_updates        | 10203    |
----------------------------------
-------------------------------
| time/              |        |
|    episodes        | 176    |
|    fps             | 611    |
|    time_elapsed    | 208    |
|    total_timesteps | 127440 |
-------------------------------
-------------------------------
| time/              |        |
|    episodes        | 177    |
|    fps             | 611    |
|    time_elapsed    | 208    |
|    total_timesteps | 127440 |
-------------------------------
----------------------------------
| rollout/            |          |
|    exploration_rate | 0.05     |
| time/               |          |
|    episodes         | 178      |
|    fps              | 613      |
|    time_elapsed     | 211      |
|    total_timesteps  | 129600   |
| train/              |          |
|    learning_rate    | 0.0001   |
|    loss             | 0.000486 |
|    n_updates        | 10383    |
----------------------------------
-------------------------------
| time/              |        |
|    episodes        | 179    |
|    fps             | 613    |
|    time_elapsed    | 211    |
|    total_timesteps | 129600 |
-------------------------------
-------------------------------
| time/              |        |
|    episodes        | 180    |
|    fps             | 613    |
|    time_elapsed    | 211    |
|    total_timesteps | 129600 |
-------------------------------
----------------------------------
| rollout/            |          |
|    exploration_rate | 0.05     |
| time/               |          |
|    episodes         | 181      |
|    fps              | 600      |
|    time_elapsed     | 219      |
|    total_timesteps  | 131760   |
| train/              |          |
|    learning_rate    | 0.0001   |
|    loss             | 0.000492 |
|    n_updates        | 10563    |
----------------------------------
-------------------------------
| time/              |        |
|    episodes        | 182    |
|    fps             | 600    |
|    time_elapsed    | 219    |
|    total_timesteps | 131760 |
-------------------------------
-------------------------------
| time/              |        |
|    episodes        | 183    |
|    fps             | 600    |
|    time_elapsed    | 219    |
|    total_timesteps | 131760 |
-------------------------------
----------------------------------
| rollout/            |          |
|    exploration_rate | 0.05     |
| time/               |          |
|    episodes         | 184      |
|    fps              | 602      |
|    time_elapsed     | 222      |
|    total_timesteps  | 133920   |
| train/              |          |
|    learning_rate    | 0.0001   |
|    loss             | 0.00137  |
|    n_updates        | 10743    |
----------------------------------
-------------------------------
| time/              |        |
|    episodes        | 185    |
|    fps             | 602    |
|    time_elapsed    | 222    |
|    total_timesteps | 133920 |
-------------------------------
-------------------------------
| time/              |        |
|    episodes        | 186    |
|    fps             | 602    |
|    time_elapsed    | 222    |
|    total_timesteps | 133920 |
-------------------------------
  step  135000/500000 ( 27.0%)  eps=0.050  updates= 10833  mean_rew=+0.001
----------------------------------
| rollout/            |          |
|    exploration_rate | 0.05     |
| time/               |          |
|    episodes         | 187      |
|    fps              | 599      |
|    time_elapsed     | 226      |
|    total_timesteps  | 136080   |
| train/              |          |
|    learning_rate    | 0.0001   |
|    loss             | 0.000326 |
|    n_updates        | 10923    |
----------------------------------
-------------------------------
| time/              |        |
|    episodes        | 188    |
|    fps             | 599    |
|    time_elapsed    | 226    |
|    total_timesteps | 136080 |
-------------------------------
-------------------------------
| time/              |        |
|    episodes        | 189    |
|    fps             | 599    |
|    time_elapsed    | 226    |
|    total_timesteps | 136080 |
-------------------------------
----------------------------------
| rollout/            |          |
|    exploration_rate | 0.05     |
| time/               |          |
|    episodes         | 190      |
|    fps              | 583      |
|    time_elapsed     | 236      |
|    total_timesteps  | 138240   |
| train/              |          |
|    learning_rate    | 0.0001   |
|    loss             | 0.000131 |
|    n_updates        | 11103    |
----------------------------------
-------------------------------
| time/              |        |
|    episodes        | 191    |
|    fps             | 583    |
|    time_elapsed    | 236    |
|    total_timesteps | 138240 |
-------------------------------
-------------------------------
| time/              |        |
|    episodes        | 192    |
|    fps             | 583    |
|    time_elapsed    | 236    |
|    total_timesteps | 138240 |
-------------------------------
----------------------------------
| rollout/            |          |
|    exploration_rate | 0.05     |
| time/               |          |
|    episodes         | 193      |
|    fps              | 570      |
|    time_elapsed     | 246      |
|    total_timesteps  | 140400   |
| train/              |          |
|    learning_rate    | 0.0001   |
|    loss             | 0.00778  |
|    n_updates        | 11283    |
----------------------------------
-------------------------------
| time/              |        |
|    episodes        | 194    |
|    fps             | 570    |
|    time_elapsed    | 246    |
|    total_timesteps | 140400 |
-------------------------------
-------------------------------
| time/              |        |
|    episodes        | 195    |
|    fps             | 570    |
|    time_elapsed    | 246    |
|    total_timesteps | 140400 |
-------------------------------
----------------------------------
| rollout/            |          |
|    exploration_rate | 0.05     |
| time/               |          |
|    episodes         | 196      |
|    fps              | 569      |
|    time_elapsed     | 250      |
|    total_timesteps  | 142560   |
| train/              |          |
|    learning_rate    | 0.0001   |
|    loss             | 0.00177  |
|    n_updates        | 11463    |
----------------------------------
-------------------------------
| time/              |        |
|    episodes        | 197    |
|    fps             | 569    |
|    time_elapsed    | 250    |
|    total_timesteps | 142560 |
-------------------------------
-------------------------------
| time/              |        |
|    episodes        | 198    |
|    fps             | 569    |
|    time_elapsed    | 250    |
|    total_timesteps | 142560 |
-------------------------------
----------------------------------
| rollout/            |          |
|    exploration_rate | 0.05     |
| time/               |          |
|    episodes         | 199      |
|    fps              | 556      |
|    time_elapsed     | 259      |
|    total_timesteps  | 144720   |
| train/              |          |
|    learning_rate    | 0.0001   |
|    loss             | 0.000657 |
|    n_updates        | 11643    |
----------------------------------
-------------------------------
| time/              |        |
|    episodes        | 200    |
|    fps             | 556    |
|    time_elapsed    | 259    |
|    total_timesteps | 144720 |
-------------------------------
-------------------------------
| time/              |        |
|    episodes        | 201    |
|    fps             | 556    |
|    time_elapsed    | 259    |
|    total_timesteps | 144720 |
-------------------------------
----------------------------------
| rollout/            |          |
|    exploration_rate | 0.05     |
| time/               |          |
|    episodes         | 202      |
|    fps              | 555      |
|    time_elapsed     | 264      |
|    total_timesteps  | 146880   |
| train/              |          |
|    learning_rate    | 0.0001   |
|    loss             | 0.000611 |
|    n_updates        | 11823    |
----------------------------------
-------------------------------
| time/              |        |
|    episodes        | 203    |
|    fps             | 555    |
|    time_elapsed    | 264    |
|    total_timesteps | 146880 |
-------------------------------
-------------------------------
| time/              |        |
|    episodes        | 204    |
|    fps             | 555    |
|    time_elapsed    | 264    |
|    total_timesteps | 146880 |
-------------------------------
----------------------------------
| rollout/            |          |
|    exploration_rate | 0.05     |
| time/               |          |
|    episodes         | 205      |
|    fps              | 557      |
|    time_elapsed     | 267      |
|    total_timesteps  | 149040   |
| train/              |          |
|    learning_rate    | 0.0001   |
|    loss             | 0.00204  |
|    n_updates        | 12003    |
----------------------------------
-------------------------------
| time/              |        |
|    episodes        | 206    |
|    fps             | 557    |
|    time_elapsed    | 267    |
|    total_timesteps | 149040 |
-------------------------------
-------------------------------
| time/              |        |
|    episodes        | 207    |
|    fps             | 557    |
|    time_elapsed    | 267    |
|    total_timesteps | 149040 |
-------------------------------
  step  150000/500000 ( 30.0%)  eps=0.050  updates= 12083  mean_rew=-0.002
----------------------------------
| rollout/            |          |
|    exploration_rate | 0.05     |
| time/               |          |
|    episodes         | 208      |
|    fps              | 556      |
|    time_elapsed     | 271      |
|    total_timesteps  | 151200   |
| train/              |          |
|    learning_rate    | 0.0001   |
|    loss             | 0.000132 |
|    n_updates        | 12183    |
----------------------------------
-------------------------------
| time/              |        |
|    episodes        | 209    |
|    fps             | 556    |
|    time_elapsed    | 271    |
|    total_timesteps | 151200 |
-------------------------------
-------------------------------
| time/              |        |
|    episodes        | 210    |
|    fps             | 556    |
|    time_elapsed    | 271    |
|    total_timesteps | 151200 |
-------------------------------
----------------------------------
| rollout/            |          |
|    exploration_rate | 0.05     |
| time/               |          |
|    episodes         | 211      |
|    fps              | 558      |
|    time_elapsed     | 274      |
|    total_timesteps  | 153360   |
| train/              |          |
|    learning_rate    | 0.0001   |
|    loss             | 0.00149  |
|    n_updates        | 12363    |
----------------------------------
-------------------------------
| time/              |        |
|    episodes        | 212    |
|    fps             | 558    |
|    time_elapsed    | 274    |
|    total_timesteps | 153360 |
-------------------------------
-------------------------------
| time/              |        |
|    episodes        | 213    |
|    fps             | 558    |
|    time_elapsed    | 274    |
|    total_timesteps | 153360 |
-------------------------------
----------------------------------
| rollout/            |          |
|    exploration_rate | 0.05     |
| time/               |          |
|    episodes         | 214      |
|    fps              | 560      |
|    time_elapsed     | 277      |
|    total_timesteps  | 155520   |
| train/              |          |
|    learning_rate    | 0.0001   |
|    loss             | 0.000256 |
|    n_updates        | 12543    |
----------------------------------
-------------------------------
| time/              |        |
|    episodes        | 215    |
|    fps             | 560    |
|    time_elapsed    | 277    |
|    total_timesteps | 155520 |
-------------------------------
-------------------------------
| time/              |        |
|    episodes        | 216    |
|    fps             | 560    |
|    time_elapsed    | 277    |
|    total_timesteps | 155520 |
-------------------------------
----------------------------------
| rollout/            |          |
|    exploration_rate | 0.05     |
| time/               |          |
|    episodes         | 217      |
|    fps              | 562      |
|    time_elapsed     | 280      |
|    total_timesteps  | 157680   |
| train/              |          |
|    learning_rate    | 0.0001   |
|    loss             | 0.00045  |
|    n_updates        | 12723    |
----------------------------------
-------------------------------
| time/              |        |
|    episodes        | 218    |
|    fps             | 562    |
|    time_elapsed    | 280    |
|    total_timesteps | 157680 |
-------------------------------
-------------------------------
| time/              |        |
|    episodes        | 219    |
|    fps             | 562    |
|    time_elapsed    | 280    |
|    total_timesteps | 157680 |
-------------------------------
----------------------------------
| rollout/            |          |
|    exploration_rate | 0.05     |
| time/               |          |
|    episodes         | 220      |
|    fps              | 564      |
|    time_elapsed     | 283      |
|    total_timesteps  | 159840   |
| train/              |          |
|    learning_rate    | 0.0001   |
|    loss             | 0.000291 |
|    n_updates        | 12903    |
----------------------------------
-------------------------------
| time/              |        |
|    episodes        | 221    |
|    fps             | 564    |
|    time_elapsed    | 283    |
|    total_timesteps | 159840 |
-------------------------------
-------------------------------
| time/              |        |
|    episodes        | 222    |
|    fps             | 564    |
|    time_elapsed    | 283    |
|    total_timesteps | 159840 |
-------------------------------
----------------------------------
| rollout/            |          |
|    exploration_rate | 0.05     |
| time/               |          |
|    episodes         | 223      |
|    fps              | 566      |
|    time_elapsed     | 286      |
|    total_timesteps  | 162000   |
| train/              |          |
|    learning_rate    | 0.0001   |
|    loss             | 0.000179 |
|    n_updates        | 13083    |
----------------------------------
-------------------------------
| time/              |        |
|    episodes        | 224    |
|    fps             | 566    |
|    time_elapsed    | 286    |
|    total_timesteps | 162000 |
-------------------------------
-------------------------------
| time/              |        |
|    episodes        | 225    |
|    fps             | 566    |
|    time_elapsed    | 286    |
|    total_timesteps | 162000 |
-------------------------------
----------------------------------
| rollout/            |          |
|    exploration_rate | 0.05     |
| time/               |          |
|    episodes         | 226      |
|    fps              | 568      |
|    time_elapsed     | 288      |
|    total_timesteps  | 164160   |
| train/              |          |
|    learning_rate    | 0.0001   |
|    loss             | 0.000809 |
|    n_updates        | 13263    |
----------------------------------
-------------------------------
| time/              |        |
|    episodes        | 227    |
|    fps             | 568    |
|    time_elapsed    | 288    |
|    total_timesteps | 164160 |
-------------------------------
-------------------------------
| time/              |        |
|    episodes        | 228    |
|    fps             | 568    |
|    time_elapsed    | 288    |
|    total_timesteps | 164160 |
-------------------------------
  step  165000/500000 ( 33.0%)  eps=0.050  updates= 13333  mean_rew=-0.006
----------------------------------
| rollout/            |          |
|    exploration_rate | 0.05     |
| time/               |          |
|    episodes         | 229      |
|    fps              | 569      |
|    time_elapsed     | 291      |
|    total_timesteps  | 166320   |
| train/              |          |
|    learning_rate    | 0.0001   |
|    loss             | 0.00325  |
|    n_updates        | 13443    |
----------------------------------
-------------------------------
| time/              |        |
|    episodes        | 230    |
|    fps             | 569    |
|    time_elapsed    | 291    |
|    total_timesteps | 166320 |
-------------------------------
-------------------------------
| time/              |        |
|    episodes        | 231    |
|    fps             | 569    |
|    time_elapsed    | 291    |
|    total_timesteps | 166320 |
-------------------------------
----------------------------------
| rollout/            |          |
|    exploration_rate | 0.05     |
| time/               |          |
|    episodes         | 232      |
|    fps              | 571      |
|    time_elapsed     | 294      |
|    total_timesteps  | 168480   |
| train/              |          |
|    learning_rate    | 0.0001   |
|    loss             | 0.000589 |
|    n_updates        | 13623    |
----------------------------------
-------------------------------
| time/              |        |
|    episodes        | 233    |
|    fps             | 571    |
|    time_elapsed    | 294    |
|    total_timesteps | 168480 |
-------------------------------
-------------------------------
| time/              |        |
|    episodes        | 234    |
|    fps             | 571    |
|    time_elapsed    | 294    |
|    total_timesteps | 168480 |
-------------------------------
----------------------------------
| rollout/            |          |
|    exploration_rate | 0.05     |
| time/               |          |
|    episodes         | 235      |
|    fps              | 573      |
|    time_elapsed     | 297      |
|    total_timesteps  | 170640   |
| train/              |          |
|    learning_rate    | 0.0001   |
|    loss             | 0.000298 |
|    n_updates        | 13803    |
----------------------------------
-------------------------------
| time/              |        |
|    episodes        | 236    |
|    fps             | 573    |
|    time_elapsed    | 297    |
|    total_timesteps | 170640 |
-------------------------------
-------------------------------
| time/              |        |
|    episodes        | 237    |
|    fps             | 573    |
|    time_elapsed    | 297    |
|    total_timesteps | 170640 |
-------------------------------
----------------------------------
| rollout/            |          |
|    exploration_rate | 0.05     |
| time/               |          |
|    episodes         | 238      |
|    fps              | 574      |
|    time_elapsed     | 300      |
|    total_timesteps  | 172800   |
| train/              |          |
|    learning_rate    | 0.0001   |
|    loss             | 0.000115 |
|    n_updates        | 13983    |
----------------------------------
-------------------------------
| time/              |        |
|    episodes        | 239    |
|    fps             | 574    |
|    time_elapsed    | 300    |
|    total_timesteps | 172800 |
-------------------------------
-------------------------------
| time/              |        |
|    episodes        | 240    |
|    fps             | 574    |
|    time_elapsed    | 300    |
|    total_timesteps | 172800 |
-------------------------------
----------------------------------
| rollout/            |          |
|    exploration_rate | 0.05     |
| time/               |          |
|    episodes         | 241      |
|    fps              | 576      |
|    time_elapsed     | 303      |
|    total_timesteps  | 174960   |
| train/              |          |
|    learning_rate    | 0.0001   |
|    loss             | 0.000123 |
|    n_updates        | 14163    |
----------------------------------
-------------------------------
| time/              |        |
|    episodes        | 242    |
|    fps             | 576    |
|    time_elapsed    | 303    |
|    total_timesteps | 174960 |
-------------------------------
-------------------------------
| time/              |        |
|    episodes        | 243    |
|    fps             | 576    |
|    time_elapsed    | 303    |
|    total_timesteps | 174960 |
-------------------------------
----------------------------------
| rollout/            |          |
|    exploration_rate | 0.05     |
| time/               |          |
|    episodes         | 244      |
|    fps              | 575      |
|    time_elapsed     | 307      |
|    total_timesteps  | 177120   |
| train/              |          |
|    learning_rate    | 0.0001   |
|    loss             | 0.000268 |
|    n_updates        | 14343    |
----------------------------------
-------------------------------
| time/              |        |
|    episodes        | 245    |
|    fps             | 575    |
|    time_elapsed    | 307    |
|    total_timesteps | 177120 |
-------------------------------
-------------------------------
| time/              |        |
|    episodes        | 246    |
|    fps             | 575    |
|    time_elapsed    | 307    |
|    total_timesteps | 177120 |
-------------------------------
----------------------------------
| rollout/            |          |
|    exploration_rate | 0.05     |
| time/               |          |
|    episodes         | 247      |
|    fps              | 577      |
|    time_elapsed     | 310      |
|    total_timesteps  | 179280   |
| train/              |          |
|    learning_rate    | 0.0001   |
|    loss             | 0.000382 |
|    n_updates        | 14523    |
----------------------------------
-------------------------------
| time/              |        |
|    episodes        | 248    |
|    fps             | 577    |
|    time_elapsed    | 310    |
|    total_timesteps | 179280 |
-------------------------------
-------------------------------
| time/              |        |
|    episodes        | 249    |
|    fps             | 577    |
|    time_elapsed    | 310    |
|    total_timesteps | 179280 |
-------------------------------
  step  180000/500000 ( 36.0%)  eps=0.050  updates= 14583  mean_rew=-0.002
----------------------------------
| rollout/            |          |
|    exploration_rate | 0.05     |
| time/               |          |
|    episodes         | 250      |
|    fps              | 578      |
|    time_elapsed     | 313      |
|    total_timesteps  | 181440   |
| train/              |          |
|    learning_rate    | 0.0001   |
|    loss             | 0.00123  |
|    n_updates        | 14703    |
----------------------------------
-------------------------------
| time/              |        |
|    episodes        | 251    |
|    fps             | 578    |
|    time_elapsed    | 313    |
|    total_timesteps | 181440 |
-------------------------------
-------------------------------
| time/              |        |
|    episodes        | 252    |
|    fps             | 578    |
|    time_elapsed    | 313    |
|    total_timesteps | 181440 |
-------------------------------
----------------------------------
| rollout/            |          |
|    exploration_rate | 0.05     |
| time/               |          |
|    episodes         | 253      |
|    fps              | 580      |
|    time_elapsed     | 316      |
|    total_timesteps  | 183600   |
| train/              |          |
|    learning_rate    | 0.0001   |
|    loss             | 0.000321 |
|    n_updates        | 14883    |
----------------------------------
-------------------------------
| time/              |        |
|    episodes        | 254    |
|    fps             | 580    |
|    time_elapsed    | 316    |
|    total_timesteps | 183600 |
-------------------------------
-------------------------------
| time/              |        |
|    episodes        | 255    |
|    fps             | 580    |
|    time_elapsed    | 316    |
|    total_timesteps | 183600 |
-------------------------------
----------------------------------
| rollout/            |          |
|    exploration_rate | 0.05     |
| time/               |          |
|    episodes         | 256      |
|    fps              | 581      |
|    time_elapsed     | 319      |
|    total_timesteps  | 185760   |
| train/              |          |
|    learning_rate    | 0.0001   |
|    loss             | 0.000378 |
|    n_updates        | 15063    |
----------------------------------
-------------------------------
| time/              |        |
|    episodes        | 257    |
|    fps             | 581    |
|    time_elapsed    | 319    |
|    total_timesteps | 185760 |
-------------------------------
-------------------------------
| time/              |        |
|    episodes        | 258    |
|    fps             | 581    |
|    time_elapsed    | 319    |
|    total_timesteps | 185760 |
-------------------------------
----------------------------------
| rollout/            |          |
|    exploration_rate | 0.05     |
| time/               |          |
|    episodes         | 259      |
|    fps              | 583      |
|    time_elapsed     | 322      |
|    total_timesteps  | 187920   |
| train/              |          |
|    learning_rate    | 0.0001   |
|    loss             | 0.00141  |
|    n_updates        | 15243    |
----------------------------------
-------------------------------
| time/              |        |
|    episodes        | 260    |
|    fps             | 583    |
|    time_elapsed    | 322    |
|    total_timesteps | 187920 |
-------------------------------
-------------------------------
| time/              |        |
|    episodes        | 261    |
|    fps             | 583    |
|    time_elapsed    | 322    |
|    total_timesteps | 187920 |
-------------------------------
----------------------------------
| rollout/            |          |
|    exploration_rate | 0.05     |
| time/               |          |
|    episodes         | 262      |
|    fps              | 584      |
|    time_elapsed     | 325      |
|    total_timesteps  | 190080   |
| train/              |          |
|    learning_rate    | 0.0001   |
|    loss             | 0.000152 |
|    n_updates        | 15423    |
----------------------------------
-------------------------------
| time/              |        |
|    episodes        | 263    |
|    fps             | 584    |
|    time_elapsed    | 325    |
|    total_timesteps | 190080 |
-------------------------------
-------------------------------
| time/              |        |
|    episodes        | 264    |
|    fps             | 584    |
|    time_elapsed    | 325    |
|    total_timesteps | 190080 |
-------------------------------
----------------------------------
| rollout/            |          |
|    exploration_rate | 0.05     |
| time/               |          |
|    episodes         | 265      |
|    fps              | 586      |
|    time_elapsed     | 327      |
|    total_timesteps  | 192240   |
| train/              |          |
|    learning_rate    | 0.0001   |
|    loss             | 8.09e-05 |
|    n_updates        | 15603    |
----------------------------------
-------------------------------
| time/              |        |
|    episodes        | 266    |
|    fps             | 586    |
|    time_elapsed    | 327    |
|    total_timesteps | 192240 |
-------------------------------
-------------------------------
| time/              |        |
|    episodes        | 267    |
|    fps             | 586    |
|    time_elapsed    | 327    |
|    total_timesteps | 192240 |
-------------------------------
----------------------------------
| rollout/            |          |
|    exploration_rate | 0.05     |
| time/               |          |
|    episodes         | 268      |
|    fps              | 587      |
|    time_elapsed     | 330      |
|    total_timesteps  | 194400   |
| train/              |          |
|    learning_rate    | 0.0001   |
|    loss             | 8.36e-05 |
|    n_updates        | 15783    |
----------------------------------
-------------------------------
| time/              |        |
|    episodes        | 269    |
|    fps             | 587    |
|    time_elapsed    | 330    |
|    total_timesteps | 194400 |
-------------------------------
-------------------------------
| time/              |        |
|    episodes        | 270    |
|    fps             | 587    |
|    time_elapsed    | 330    |
|    total_timesteps | 194400 |
-------------------------------
  step  195000/500000 ( 39.0%)  eps=0.050  updates= 15833  mean_rew=-0.007
----------------------------------
| rollout/            |          |
|    exploration_rate | 0.05     |
| time/               |          |
|    episodes         | 271      |
|    fps              | 586      |
|    time_elapsed     | 335      |
|    total_timesteps  | 196560   |
| train/              |          |
|    learning_rate    | 0.0001   |
|    loss             | 0.00383  |
|    n_updates        | 15963    |
----------------------------------
-------------------------------
| time/              |        |
|    episodes        | 272    |
|    fps             | 586    |
|    time_elapsed    | 335    |
|    total_timesteps | 196560 |
-------------------------------
-------------------------------
| time/              |        |
|    episodes        | 273    |
|    fps             | 586    |
|    time_elapsed    | 335    |
|    total_timesteps | 196560 |
-------------------------------
----------------------------------
| rollout/            |          |
|    exploration_rate | 0.05     |
| time/               |          |
|    episodes         | 274      |
|    fps              | 587      |
|    time_elapsed     | 338      |
|    total_timesteps  | 198720   |
| train/              |          |
|    learning_rate    | 0.0001   |
|    loss             | 0.000224 |
|    n_updates        | 16143    |
----------------------------------
-------------------------------
| time/              |        |
|    episodes        | 275    |
|    fps             | 587    |
|    time_elapsed    | 338    |
|    total_timesteps | 198720 |
-------------------------------
-------------------------------
| time/              |        |
|    episodes        | 276    |
|    fps             | 587    |
|    time_elapsed    | 338    |
|    total_timesteps | 198720 |
-------------------------------
----------------------------------
| rollout/            |          |
|    exploration_rate | 0.05     |
| time/               |          |
|    episodes         | 277      |
|    fps              | 586      |
|    time_elapsed     | 342      |
|    total_timesteps  | 200880   |
| train/              |          |
|    learning_rate    | 0.0001   |
|    loss             | 0.000461 |
|    n_updates        | 16323    |
----------------------------------
-------------------------------
| time/              |        |
|    episodes        | 278    |
|    fps             | 586    |
|    time_elapsed    | 342    |
|    total_timesteps | 200880 |
-------------------------------
-------------------------------
| time/              |        |
|    episodes        | 279    |
|    fps             | 586    |
|    time_elapsed    | 342    |
|    total_timesteps | 200880 |
-------------------------------
----------------------------------
| rollout/            |          |
|    exploration_rate | 0.05     |
| time/               |          |
|    episodes         | 280      |
|    fps              | 588      |
|    time_elapsed     | 345      |
|    total_timesteps  | 203040   |
| train/              |          |
|    learning_rate    | 0.0001   |
|    loss             | 0.00115  |
|    n_updates        | 16503    |
----------------------------------
-------------------------------
| time/              |        |
|    episodes        | 281    |
|    fps             | 588    |
|    time_elapsed    | 345    |
|    total_timesteps | 203040 |
-------------------------------
-------------------------------
| time/              |        |
|    episodes        | 282    |
|    fps             | 588    |
|    time_elapsed    | 345    |
|    total_timesteps | 203040 |
-------------------------------
----------------------------------
| rollout/            |          |
|    exploration_rate | 0.05     |
| time/               |          |
|    episodes         | 283      |
|    fps              | 589      |
|    time_elapsed     | 348      |
|    total_timesteps  | 205200   |
| train/              |          |
|    learning_rate    | 0.0001   |
|    loss             | 0.000564 |
|    n_updates        | 16683    |
----------------------------------
-------------------------------
| time/              |        |
|    episodes        | 284    |
|    fps             | 589    |
|    time_elapsed    | 348    |
|    total_timesteps | 205200 |
-------------------------------
-------------------------------
| time/              |        |
|    episodes        | 285    |
|    fps             | 589    |
|    time_elapsed    | 348    |
|    total_timesteps | 205200 |
-------------------------------
----------------------------------
| rollout/            |          |
|    exploration_rate | 0.05     |
| time/               |          |
|    episodes         | 286      |
|    fps              | 590      |
|    time_elapsed     | 351      |
|    total_timesteps  | 207360   |
| train/              |          |
|    learning_rate    | 0.0001   |
|    loss             | 0.0004   |
|    n_updates        | 16863    |
----------------------------------
-------------------------------
| time/              |        |
|    episodes        | 287    |
|    fps             | 590    |
|    time_elapsed    | 351    |
|    total_timesteps | 207360 |
-------------------------------
-------------------------------
| time/              |        |
|    episodes        | 288    |
|    fps             | 590    |
|    time_elapsed    | 351    |
|    total_timesteps | 207360 |
-------------------------------
----------------------------------
| rollout/            |          |
|    exploration_rate | 0.05     |
| time/               |          |
|    episodes         | 289      |
|    fps              | 591      |
|    time_elapsed     | 353      |
|    total_timesteps  | 209520   |
| train/              |          |
|    learning_rate    | 0.0001   |
|    loss             | 0.00035  |
|    n_updates        | 17043    |
----------------------------------
-------------------------------
| time/              |        |
|    episodes        | 290    |
|    fps             | 591    |
|    time_elapsed    | 353    |
|    total_timesteps | 209520 |
-------------------------------
-------------------------------
| time/              |        |
|    episodes        | 291    |
|    fps             | 591    |
|    time_elapsed    | 353    |
|    total_timesteps | 209520 |
-------------------------------
  step  210000/500000 ( 42.0%)  eps=0.050  updates= 17083  mean_rew=+0.001
----------------------------------
| rollout/            |          |
|    exploration_rate | 0.05     |
| time/               |          |
|    episodes         | 292      |
|    fps              | 593      |
|    time_elapsed     | 356      |
|    total_timesteps  | 211680   |
| train/              |          |
|    learning_rate    | 0.0001   |
|    loss             | 0.224    |
|    n_updates        | 17223    |
----------------------------------
-------------------------------
| time/              |        |
|    episodes        | 293    |
|    fps             | 593    |
|    time_elapsed    | 356    |
|    total_timesteps | 211680 |
-------------------------------
-------------------------------
| time/              |        |
|    episodes        | 294    |
|    fps             | 593    |
|    time_elapsed    | 356    |
|    total_timesteps | 211680 |
-------------------------------
----------------------------------
| rollout/            |          |
|    exploration_rate | 0.05     |
| time/               |          |
|    episodes         | 295      |
|    fps              | 594      |
|    time_elapsed     | 359      |
|    total_timesteps  | 213840   |
| train/              |          |
|    learning_rate    | 0.0001   |
|    loss             | 0.00455  |
|    n_updates        | 17403    |
----------------------------------
-------------------------------
| time/              |        |
|    episodes        | 296    |
|    fps             | 594    |
|    time_elapsed    | 359    |
|    total_timesteps | 213840 |
-------------------------------
-------------------------------
| time/              |        |
|    episodes        | 297    |
|    fps             | 594    |
|    time_elapsed    | 359    |
|    total_timesteps | 213840 |
-------------------------------
----------------------------------
| rollout/            |          |
|    exploration_rate | 0.05     |
| time/               |          |
|    episodes         | 298      |
|    fps              | 595      |
|    time_elapsed     | 362      |
|    total_timesteps  | 216000   |
| train/              |          |
|    learning_rate    | 0.0001   |
|    loss             | 0.00152  |
|    n_updates        | 17583    |
----------------------------------
-------------------------------
| time/              |        |
|    episodes        | 299    |
|    fps             | 595    |
|    time_elapsed    | 362    |
|    total_timesteps | 216000 |
-------------------------------
-------------------------------
| time/              |        |
|    episodes        | 300    |
|    fps             | 595    |
|    time_elapsed    | 362    |
|    total_timesteps | 216000 |
-------------------------------
----------------------------------
| rollout/            |          |
|    exploration_rate | 0.05     |
| time/               |          |
|    episodes         | 301      |
|    fps              | 596      |
|    time_elapsed     | 365      |
|    total_timesteps  | 218160   |
| train/              |          |
|    learning_rate    | 0.0001   |
|    loss             | 0.000204 |
|    n_updates        | 17763    |
----------------------------------
-------------------------------
| time/              |        |
|    episodes        | 302    |
|    fps             | 596    |
|    time_elapsed    | 365    |
|    total_timesteps | 218160 |
-------------------------------
-------------------------------
| time/              |        |
|    episodes        | 303    |
|    fps             | 596    |
|    time_elapsed    | 365    |
|    total_timesteps | 218160 |
-------------------------------
----------------------------------
| rollout/            |          |
|    exploration_rate | 0.05     |
| time/               |          |
|    episodes         | 304      |
|    fps              | 595      |
|    time_elapsed     | 369      |
|    total_timesteps  | 220320   |
| train/              |          |
|    learning_rate    | 0.0001   |
|    loss             | 0.000138 |
|    n_updates        | 17943    |
----------------------------------
-------------------------------
| time/              |        |
|    episodes        | 305    |
|    fps             | 595    |
|    time_elapsed    | 369    |
|    total_timesteps | 220320 |
-------------------------------
-------------------------------
| time/              |        |
|    episodes        | 306    |
|    fps             | 595    |
|    time_elapsed    | 369    |
|    total_timesteps | 220320 |
-------------------------------
----------------------------------
| rollout/            |          |
|    exploration_rate | 0.05     |
| time/               |          |
|    episodes         | 307      |
|    fps              | 586      |
|    time_elapsed     | 379      |
|    total_timesteps  | 222480   |
| train/              |          |
|    learning_rate    | 0.0001   |
|    loss             | 0.000175 |
|    n_updates        | 18123    |
----------------------------------
-------------------------------
| time/              |        |
|    episodes        | 308    |
|    fps             | 586    |
|    time_elapsed    | 379    |
|    total_timesteps | 222480 |
-------------------------------
-------------------------------
| time/              |        |
|    episodes        | 309    |
|    fps             | 586    |
|    time_elapsed    | 379    |
|    total_timesteps | 222480 |
-------------------------------
----------------------------------
| rollout/            |          |
|    exploration_rate | 0.05     |
| time/               |          |
|    episodes         | 310      |
|    fps              | 588      |
|    time_elapsed     | 381      |
|    total_timesteps  | 224640   |
| train/              |          |
|    learning_rate    | 0.0001   |
|    loss             | 0.000145 |
|    n_updates        | 18303    |
----------------------------------
-------------------------------
| time/              |        |
|    episodes        | 311    |
|    fps             | 588    |
|    time_elapsed    | 381    |
|    total_timesteps | 224640 |
-------------------------------
-------------------------------
| time/              |        |
|    episodes        | 312    |
|    fps             | 588    |
|    time_elapsed    | 381    |
|    total_timesteps | 224640 |
-------------------------------
  step  225000/500000 ( 45.0%)  eps=0.050  updates= 18333  mean_rew=-0.000
----------------------------------
| rollout/            |          |
|    exploration_rate | 0.05     |
| time/               |          |
|    episodes         | 313      |
|    fps              | 589      |
|    time_elapsed     | 384      |
|    total_timesteps  | 226800   |
| train/              |          |
|    learning_rate    | 0.0001   |
|    loss             | 0.00258  |
|    n_updates        | 18483    |
----------------------------------
-------------------------------
| time/              |        |
|    episodes        | 314    |
|    fps             | 589    |
|    time_elapsed    | 384    |
|    total_timesteps | 226800 |
-------------------------------
-------------------------------
| time/              |        |
|    episodes        | 315    |
|    fps             | 589    |
|    time_elapsed    | 384    |
|    total_timesteps | 226800 |
-------------------------------
----------------------------------
| rollout/            |          |
|    exploration_rate | 0.05     |
| time/               |          |
|    episodes         | 316      |
|    fps              | 582      |
|    time_elapsed     | 393      |
|    total_timesteps  | 228960   |
| train/              |          |
|    learning_rate    | 0.0001   |
|    loss             | 0.000674 |
|    n_updates        | 18663    |
----------------------------------
-------------------------------
| time/              |        |
|    episodes        | 317    |
|    fps             | 582    |
|    time_elapsed    | 393    |
|    total_timesteps | 228960 |
-------------------------------
-------------------------------
| time/              |        |
|    episodes        | 318    |
|    fps             | 582    |
|    time_elapsed    | 393    |
|    total_timesteps | 228960 |
-------------------------------
----------------------------------
| rollout/            |          |
|    exploration_rate | 0.05     |
| time/               |          |
|    episodes         | 319      |
|    fps              | 583      |
|    time_elapsed     | 396      |
|    total_timesteps  | 231120   |
| train/              |          |
|    learning_rate    | 0.0001   |
|    loss             | 0.00127  |
|    n_updates        | 18843    |
----------------------------------
-------------------------------
| time/              |        |
|    episodes        | 320    |
|    fps             | 583    |
|    time_elapsed    | 396    |
|    total_timesteps | 231120 |
-------------------------------
-------------------------------
| time/              |        |
|    episodes        | 321    |
|    fps             | 583    |
|    time_elapsed    | 396    |
|    total_timesteps | 231120 |
-------------------------------
----------------------------------
| rollout/            |          |
|    exploration_rate | 0.05     |
| time/               |          |
|    episodes         | 322      |
|    fps              | 584      |
|    time_elapsed     | 399      |
|    total_timesteps  | 233280   |
| train/              |          |
|    learning_rate    | 0.0001   |
|    loss             | 9.02e-05 |
|    n_updates        | 19023    |
----------------------------------
-------------------------------
| time/              |        |
|    episodes        | 323    |
|    fps             | 584    |
|    time_elapsed    | 399    |
|    total_timesteps | 233280 |
-------------------------------
-------------------------------
| time/              |        |
|    episodes        | 324    |
|    fps             | 584    |
|    time_elapsed    | 399    |
|    total_timesteps | 233280 |
-------------------------------
----------------------------------
| rollout/            |          |
|    exploration_rate | 0.05     |
| time/               |          |
|    episodes         | 325      |
|    fps              | 583      |
|    time_elapsed     | 403      |
|    total_timesteps  | 235440   |
| train/              |          |
|    learning_rate    | 0.0001   |
|    loss             | 0.000966 |
|    n_updates        | 19203    |
----------------------------------
-------------------------------
| time/              |        |
|    episodes        | 326    |
|    fps             | 583    |
|    time_elapsed    | 403    |
|    total_timesteps | 235440 |
-------------------------------
-------------------------------
| time/              |        |
|    episodes        | 327    |
|    fps             | 583    |
|    time_elapsed    | 403    |
|    total_timesteps | 235440 |
-------------------------------
----------------------------------
| rollout/            |          |
|    exploration_rate | 0.05     |
| time/               |          |
|    episodes         | 328      |
|    fps              | 584      |
|    time_elapsed     | 406      |
|    total_timesteps  | 237600   |
| train/              |          |
|    learning_rate    | 0.0001   |
|    loss             | 0.000564 |
|    n_updates        | 19383    |
----------------------------------
-------------------------------
| time/              |        |
|    episodes        | 329    |
|    fps             | 584    |
|    time_elapsed    | 406    |
|    total_timesteps | 237600 |
-------------------------------
-------------------------------
| time/              |        |
|    episodes        | 330    |
|    fps             | 584    |
|    time_elapsed    | 406    |
|    total_timesteps | 237600 |
-------------------------------
----------------------------------
| rollout/            |          |
|    exploration_rate | 0.05     |
| time/               |          |
|    episodes         | 331      |
|    fps              | 585      |
|    time_elapsed     | 409      |
|    total_timesteps  | 239760   |
| train/              |          |
|    learning_rate    | 0.0001   |
|    loss             | 0.0154   |
|    n_updates        | 19563    |
----------------------------------
-------------------------------
| time/              |        |
|    episodes        | 332    |
|    fps             | 585    |
|    time_elapsed    | 409    |
|    total_timesteps | 239760 |
-------------------------------
-------------------------------
| time/              |        |
|    episodes        | 333    |
|    fps             | 585    |
|    time_elapsed    | 409    |
|    total_timesteps | 239760 |
-------------------------------
  step  240000/500000 ( 48.0%)  eps=0.050  updates= 19583  mean_rew=-0.001
----------------------------------
| rollout/            |          |
|    exploration_rate | 0.05     |
| time/               |          |
|    episodes         | 334      |
|    fps              | 587      |
|    time_elapsed     | 412      |
|    total_timesteps  | 241920   |
| train/              |          |
|    learning_rate    | 0.0001   |
|    loss             | 0.000115 |
|    n_updates        | 19743    |
----------------------------------
-------------------------------
| time/              |        |
|    episodes        | 335    |
|    fps             | 587    |
|    time_elapsed    | 412    |
|    total_timesteps | 241920 |
-------------------------------
-------------------------------
| time/              |        |
|    episodes        | 336    |
|    fps             | 587    |
|    time_elapsed    | 412    |
|    total_timesteps | 241920 |
-------------------------------
----------------------------------
| rollout/            |          |
|    exploration_rate | 0.05     |
| time/               |          |
|    episodes         | 337      |
|    fps              | 585      |
|    time_elapsed     | 416      |
|    total_timesteps  | 244080   |
| train/              |          |
|    learning_rate    | 0.0001   |
|    loss             | 0.000261 |
|    n_updates        | 19923    |
----------------------------------
-------------------------------
| time/              |        |
|    episodes        | 338    |
|    fps             | 585    |
|    time_elapsed    | 416    |
|    total_timesteps | 244080 |
-------------------------------
-------------------------------
| time/              |        |
|    episodes        | 339    |
|    fps             | 585    |
|    time_elapsed    | 416    |
|    total_timesteps | 244080 |
-------------------------------
----------------------------------
| rollout/            |          |
|    exploration_rate | 0.05     |
| time/               |          |
|    episodes         | 340      |
|    fps              | 587      |
|    time_elapsed     | 419      |
|    total_timesteps  | 246240   |
| train/              |          |
|    learning_rate    | 0.0001   |
|    loss             | 0.000875 |
|    n_updates        | 20103    |
----------------------------------
-------------------------------
| time/              |        |
|    episodes        | 341    |
|    fps             | 587    |
|    time_elapsed    | 419    |
|    total_timesteps | 246240 |
-------------------------------
-------------------------------
| time/              |        |
|    episodes        | 342    |
|    fps             | 587    |
|    time_elapsed    | 419    |
|    total_timesteps | 246240 |
-------------------------------
----------------------------------
| rollout/            |          |
|    exploration_rate | 0.05     |
| time/               |          |
|    episodes         | 343      |
|    fps              | 588      |
|    time_elapsed     | 422      |
|    total_timesteps  | 248400   |
| train/              |          |
|    learning_rate    | 0.0001   |
|    loss             | 0.000412 |
|    n_updates        | 20283    |
----------------------------------
-------------------------------
| time/              |        |
|    episodes        | 344    |
|    fps             | 588    |
|    time_elapsed    | 422    |
|    total_timesteps | 248400 |
-------------------------------
-------------------------------
| time/              |        |
|    episodes        | 345    |
|    fps             | 588    |
|    time_elapsed    | 422    |
|    total_timesteps | 248400 |
-------------------------------
----------------------------------
| rollout/            |          |
|    exploration_rate | 0.05     |
| time/               |          |
|    episodes         | 346      |
|    fps              | 589      |
|    time_elapsed     | 425      |
|    total_timesteps  | 250560   |
| train/              |          |
|    learning_rate    | 0.0001   |
|    loss             | 9.54e-05 |
|    n_updates        | 20463    |
----------------------------------
-------------------------------
| time/              |        |
|    episodes        | 347    |
|    fps             | 589    |
|    time_elapsed    | 425    |
|    total_timesteps | 250560 |
-------------------------------
-------------------------------
| time/              |        |
|    episodes        | 348    |
|    fps             | 589    |
|    time_elapsed    | 425    |
|    total_timesteps | 250560 |
-------------------------------
----------------------------------
| rollout/            |          |
|    exploration_rate | 0.05     |
| time/               |          |
|    episodes         | 349      |
|    fps              | 590      |
|    time_elapsed     | 428      |
|    total_timesteps  | 252720   |
| train/              |          |
|    learning_rate    | 0.0001   |
|    loss             | 0.000308 |
|    n_updates        | 20643    |
----------------------------------
-------------------------------
| time/              |        |
|    episodes        | 350    |
|    fps             | 590    |
|    time_elapsed    | 428    |
|    total_timesteps | 252720 |
-------------------------------
-------------------------------
| time/              |        |
|    episodes        | 351    |
|    fps             | 590    |
|    time_elapsed    | 428    |
|    total_timesteps | 252720 |
-------------------------------
----------------------------------
| rollout/            |          |
|    exploration_rate | 0.05     |
| time/               |          |
|    episodes         | 352      |
|    fps              | 591      |
|    time_elapsed     | 430      |
|    total_timesteps  | 254880   |
| train/              |          |
|    learning_rate    | 0.0001   |
|    loss             | 0.000129 |
|    n_updates        | 20823    |
----------------------------------
-------------------------------
| time/              |        |
|    episodes        | 353    |
|    fps             | 591    |
|    time_elapsed    | 430    |
|    total_timesteps | 254880 |
-------------------------------
-------------------------------
| time/              |        |
|    episodes        | 354    |
|    fps             | 591    |
|    time_elapsed    | 430    |
|    total_timesteps | 254880 |
-------------------------------
  step  255000/500000 ( 51.0%)  eps=0.050  updates= 20833  mean_rew=-0.005
----------------------------------
| rollout/            |          |
|    exploration_rate | 0.05     |
| time/               |          |
|    episodes         | 355      |
|    fps              | 592      |
|    time_elapsed     | 433      |
|    total_timesteps  | 257040   |
| train/              |          |
|    learning_rate    | 0.0001   |
|    loss             | 0.0014   |
|    n_updates        | 21003    |
----------------------------------
-------------------------------
| time/              |        |
|    episodes        | 356    |
|    fps             | 592    |
|    time_elapsed    | 433    |
|    total_timesteps | 257040 |
-------------------------------
-------------------------------
| time/              |        |
|    episodes        | 357    |
|    fps             | 592    |
|    time_elapsed    | 433    |
|    total_timesteps | 257040 |
-------------------------------
----------------------------------
| rollout/            |          |
|    exploration_rate | 0.05     |
| time/               |          |
|    episodes         | 358      |
|    fps              | 593      |
|    time_elapsed     | 436      |
|    total_timesteps  | 259200   |
| train/              |          |
|    learning_rate    | 0.0001   |
|    loss             | 0.00117  |
|    n_updates        | 21183    |
----------------------------------
-------------------------------
| time/              |        |
|    episodes        | 359    |
|    fps             | 593    |
|    time_elapsed    | 436    |
|    total_timesteps | 259200 |
-------------------------------
-------------------------------
| time/              |        |
|    episodes        | 360    |
|    fps             | 593    |
|    time_elapsed    | 436    |
|    total_timesteps | 259200 |
-------------------------------
----------------------------------
| rollout/            |          |
|    exploration_rate | 0.05     |
| time/               |          |
|    episodes         | 361      |
|    fps              | 594      |
|    time_elapsed     | 439      |
|    total_timesteps  | 261360   |
| train/              |          |
|    learning_rate    | 0.0001   |
|    loss             | 0.00281  |
|    n_updates        | 21363    |
----------------------------------
-------------------------------
| time/              |        |
|    episodes        | 362    |
|    fps             | 594    |
|    time_elapsed    | 439    |
|    total_timesteps | 261360 |
-------------------------------
-------------------------------
| time/              |        |
|    episodes        | 363    |
|    fps             | 594    |
|    time_elapsed    | 439    |
|    total_timesteps | 261360 |
-------------------------------
----------------------------------
| rollout/            |          |
|    exploration_rate | 0.05     |
| time/               |          |
|    episodes         | 364      |
|    fps              | 595      |
|    time_elapsed     | 442      |
|    total_timesteps  | 263520   |
| train/              |          |
|    learning_rate    | 0.0001   |
|    loss             | 0.00058  |
|    n_updates        | 21543    |
----------------------------------
-------------------------------
| time/              |        |
|    episodes        | 365    |
|    fps             | 595    |
|    time_elapsed    | 442    |
|    total_timesteps | 263520 |
-------------------------------
-------------------------------
| time/              |        |
|    episodes        | 366    |
|    fps             | 595    |
|    time_elapsed    | 442    |
|    total_timesteps | 263520 |
-------------------------------
----------------------------------
| rollout/            |          |
|    exploration_rate | 0.05     |
| time/               |          |
|    episodes         | 367      |
|    fps              | 596      |
|    time_elapsed     | 445      |
|    total_timesteps  | 265680   |
| train/              |          |
|    learning_rate    | 0.0001   |
|    loss             | 0.00014  |
|    n_updates        | 21723    |
----------------------------------
-------------------------------
| time/              |        |
|    episodes        | 368    |
|    fps             | 596    |
|    time_elapsed    | 445    |
|    total_timesteps | 265680 |
-------------------------------
-------------------------------
| time/              |        |
|    episodes        | 369    |
|    fps             | 596    |
|    time_elapsed    | 445    |
|    total_timesteps | 265680 |
-------------------------------
----------------------------------
| rollout/            |          |
|    exploration_rate | 0.05     |
| time/               |          |
|    episodes         | 370      |
|    fps              | 597      |
|    time_elapsed     | 448      |
|    total_timesteps  | 267840   |
| train/              |          |
|    learning_rate    | 0.0001   |
|    loss             | 0.000119 |
|    n_updates        | 21903    |
----------------------------------
-------------------------------
| time/              |        |
|    episodes        | 371    |
|    fps             | 597    |
|    time_elapsed    | 448    |
|    total_timesteps | 267840 |
-------------------------------
-------------------------------
| time/              |        |
|    episodes        | 372    |
|    fps             | 597    |
|    time_elapsed    | 448    |
|    total_timesteps | 267840 |
-------------------------------
  step  270000/500000 ( 54.0%)  eps=0.050  updates= 22083  mean_rew=-0.004
----------------------------------
| rollout/            |          |
|    exploration_rate | 0.05     |
| time/               |          |
|    episodes         | 373      |
|    fps              | 598      |
|    time_elapsed     | 451      |
|    total_timesteps  | 270000   |
| train/              |          |
|    learning_rate    | 0.0001   |
|    loss             | 0.000144 |
|    n_updates        | 22083    |
----------------------------------
-------------------------------
| time/              |        |
|    episodes        | 374    |
|    fps             | 598    |
|    time_elapsed    | 451    |
|    total_timesteps | 270000 |
-------------------------------
-------------------------------
| time/              |        |
|    episodes        | 375    |
|    fps             | 598    |
|    time_elapsed    | 451    |
|    total_timesteps | 270000 |
-------------------------------
----------------------------------
| rollout/            |          |
|    exploration_rate | 0.05     |
| time/               |          |
|    episodes         | 376      |
|    fps              | 599      |
|    time_elapsed     | 454      |
|    total_timesteps  | 272160   |
| train/              |          |
|    learning_rate    | 0.0001   |
|    loss             | 0.000209 |
|    n_updates        | 22263    |
----------------------------------
-------------------------------
| time/              |        |
|    episodes        | 377    |
|    fps             | 599    |
|    time_elapsed    | 454    |
|    total_timesteps | 272160 |
-------------------------------
-------------------------------
| time/              |        |
|    episodes        | 378    |
|    fps             | 599    |
|    time_elapsed    | 454    |
|    total_timesteps | 272160 |
-------------------------------
----------------------------------
| rollout/            |          |
|    exploration_rate | 0.05     |
| time/               |          |
|    episodes         | 379      |
|    fps              | 600      |
|    time_elapsed     | 457      |
|    total_timesteps  | 274320   |
| train/              |          |
|    learning_rate    | 0.0001   |
|    loss             | 0.00133  |
|    n_updates        | 22443    |
----------------------------------
-------------------------------
| time/              |        |
|    episodes        | 380    |
|    fps             | 600    |
|    time_elapsed    | 457    |
|    total_timesteps | 274320 |
-------------------------------
-------------------------------
| time/              |        |
|    episodes        | 381    |
|    fps             | 600    |
|    time_elapsed    | 457    |
|    total_timesteps | 274320 |
-------------------------------
----------------------------------
| rollout/            |          |
|    exploration_rate | 0.05     |
| time/               |          |
|    episodes         | 382      |
|    fps              | 601      |
|    time_elapsed     | 459      |
|    total_timesteps  | 276480   |
| train/              |          |
|    learning_rate    | 0.0001   |
|    loss             | 0.000862 |
|    n_updates        | 22623    |
----------------------------------
-------------------------------
| time/              |        |
|    episodes        | 383    |
|    fps             | 601    |
|    time_elapsed    | 459    |
|    total_timesteps | 276480 |
-------------------------------
-------------------------------
| time/              |        |
|    episodes        | 384    |
|    fps             | 601    |
|    time_elapsed    | 459    |
|    total_timesteps | 276480 |
-------------------------------
----------------------------------
| rollout/            |          |
|    exploration_rate | 0.05     |
| time/               |          |
|    episodes         | 385      |
|    fps              | 601      |
|    time_elapsed     | 462      |
|    total_timesteps  | 278640   |
| train/              |          |
|    learning_rate    | 0.0001   |
|    loss             | 0.00143  |
|    n_updates        | 22803    |
----------------------------------
-------------------------------
| time/              |        |
|    episodes        | 386    |
|    fps             | 601    |
|    time_elapsed    | 462    |
|    total_timesteps | 278640 |
-------------------------------
-------------------------------
| time/              |        |
|    episodes        | 387    |
|    fps             | 601    |
|    time_elapsed    | 462    |
|    total_timesteps | 278640 |
-------------------------------
----------------------------------
| rollout/            |          |
|    exploration_rate | 0.05     |
| time/               |          |
|    episodes         | 388      |
|    fps              | 601      |
|    time_elapsed     | 466      |
|    total_timesteps  | 280800   |
| train/              |          |
|    learning_rate    | 0.0001   |
|    loss             | 0.000369 |
|    n_updates        | 22983    |
----------------------------------
-------------------------------
| time/              |        |
|    episodes        | 389    |
|    fps             | 601    |
|    time_elapsed    | 466    |
|    total_timesteps | 280800 |
-------------------------------
-------------------------------
| time/              |        |
|    episodes        | 390    |
|    fps             | 601    |
|    time_elapsed    | 466    |
|    total_timesteps | 280800 |
-------------------------------
----------------------------------
| rollout/            |          |
|    exploration_rate | 0.05     |
| time/               |          |
|    episodes         | 391      |
|    fps              | 599      |
|    time_elapsed     | 472      |
|    total_timesteps  | 282960   |
| train/              |          |
|    learning_rate    | 0.0001   |
|    loss             | 0.00182  |
|    n_updates        | 23163    |
----------------------------------
-------------------------------
| time/              |        |
|    episodes        | 392    |
|    fps             | 599    |
|    time_elapsed    | 472    |
|    total_timesteps | 282960 |
-------------------------------
-------------------------------
| time/              |        |
|    episodes        | 393    |
|    fps             | 599    |
|    time_elapsed    | 472    |
|    total_timesteps | 282960 |
-------------------------------
  step  285000/500000 ( 57.0%)  eps=0.050  updates= 23333  mean_rew=+0.001
----------------------------------
| rollout/            |          |
|    exploration_rate | 0.05     |
| time/               |          |
|    episodes         | 394      |
|    fps              | 600      |
|    time_elapsed     | 475      |
|    total_timesteps  | 285120   |
| train/              |          |
|    learning_rate    | 0.0001   |
|    loss             | 0.000962 |
|    n_updates        | 23343    |
----------------------------------
-------------------------------
| time/              |        |
|    episodes        | 395    |
|    fps             | 600    |
|    time_elapsed    | 475    |
|    total_timesteps | 285120 |
-------------------------------
-------------------------------
| time/              |        |
|    episodes        | 396    |
|    fps             | 600    |
|    time_elapsed    | 475    |
|    total_timesteps | 285120 |
-------------------------------
----------------------------------
| rollout/            |          |
|    exploration_rate | 0.05     |
| time/               |          |
|    episodes         | 397      |
|    fps              | 599      |
|    time_elapsed     | 479      |
|    total_timesteps  | 287280   |
| train/              |          |
|    learning_rate    | 0.0001   |
|    loss             | 0.00199  |
|    n_updates        | 23523    |
----------------------------------
-------------------------------
| time/              |        |
|    episodes        | 398    |
|    fps             | 599    |
|    time_elapsed    | 479    |
|    total_timesteps | 287280 |
-------------------------------
-------------------------------
| time/              |        |
|    episodes        | 399    |
|    fps             | 599    |
|    time_elapsed    | 479    |
|    total_timesteps | 287280 |
-------------------------------
----------------------------------
| rollout/            |          |
|    exploration_rate | 0.05     |
| time/               |          |
|    episodes         | 400      |
|    fps              | 599      |
|    time_elapsed     | 482      |
|    total_timesteps  | 289440   |
| train/              |          |
|    learning_rate    | 0.0001   |
|    loss             | 0.000395 |
|    n_updates        | 23703    |
----------------------------------
-------------------------------
| time/              |        |
|    episodes        | 401    |
|    fps             | 599    |
|    time_elapsed    | 482    |
|    total_timesteps | 289440 |
-------------------------------
-------------------------------
| time/              |        |
|    episodes        | 402    |
|    fps             | 599    |
|    time_elapsed    | 482    |
|    total_timesteps | 289440 |
-------------------------------
----------------------------------
| rollout/            |          |
|    exploration_rate | 0.05     |
| time/               |          |
|    episodes         | 403      |
|    fps              | 600      |
|    time_elapsed     | 485      |
|    total_timesteps  | 291600   |
| train/              |          |
|    learning_rate    | 0.0001   |
|    loss             | 0.000601 |
|    n_updates        | 23883    |
----------------------------------
-------------------------------
| time/              |        |
|    episodes        | 404    |
|    fps             | 600    |
|    time_elapsed    | 485    |
|    total_timesteps | 291600 |
-------------------------------
-------------------------------
| time/              |        |
|    episodes        | 405    |
|    fps             | 600    |
|    time_elapsed    | 485    |
|    total_timesteps | 291600 |
-------------------------------
----------------------------------
| rollout/            |          |
|    exploration_rate | 0.05     |
| time/               |          |
|    episodes         | 406      |
|    fps              | 601      |
|    time_elapsed     | 488      |
|    total_timesteps  | 293760   |
| train/              |          |
|    learning_rate    | 0.0001   |
|    loss             | 0.00683  |
|    n_updates        | 24063    |
----------------------------------
-------------------------------
| time/              |        |
|    episodes        | 407    |
|    fps             | 601    |
|    time_elapsed    | 488    |
|    total_timesteps | 293760 |
-------------------------------
-------------------------------
| time/              |        |
|    episodes        | 408    |
|    fps             | 601    |
|    time_elapsed    | 488    |
|    total_timesteps | 293760 |
-------------------------------
----------------------------------
| rollout/            |          |
|    exploration_rate | 0.05     |
| time/               |          |
|    episodes         | 409      |
|    fps              | 602      |
|    time_elapsed     | 491      |
|    total_timesteps  | 295920   |
| train/              |          |
|    learning_rate    | 0.0001   |
|    loss             | 3.58e-05 |
|    n_updates        | 24243    |
----------------------------------
-------------------------------
| time/              |        |
|    episodes        | 410    |
|    fps             | 602    |
|    time_elapsed    | 491    |
|    total_timesteps | 295920 |
-------------------------------
-------------------------------
| time/              |        |
|    episodes        | 411    |
|    fps             | 602    |
|    time_elapsed    | 491    |
|    total_timesteps | 295920 |
-------------------------------
----------------------------------
| rollout/            |          |
|    exploration_rate | 0.05     |
| time/               |          |
|    episodes         | 412      |
|    fps              | 603      |
|    time_elapsed     | 493      |
|    total_timesteps  | 298080   |
| train/              |          |
|    learning_rate    | 0.0001   |
|    loss             | 0.00174  |
|    n_updates        | 24423    |
----------------------------------
-------------------------------
| time/              |        |
|    episodes        | 413    |
|    fps             | 603    |
|    time_elapsed    | 493    |
|    total_timesteps | 298080 |
-------------------------------
-------------------------------
| time/              |        |
|    episodes        | 414    |
|    fps             | 603    |
|    time_elapsed    | 493    |
|    total_timesteps | 298080 |
-------------------------------
  step  300000/500000 ( 60.0%)  eps=0.050  updates= 24583  mean_rew=-0.028
----------------------------------
| rollout/            |          |
|    exploration_rate | 0.05     |
| time/               |          |
|    episodes         | 415      |
|    fps              | 602      |
|    time_elapsed     | 497      |
|    total_timesteps  | 300240   |
| train/              |          |
|    learning_rate    | 0.0001   |
|    loss             | 0.000101 |
|    n_updates        | 24603    |
----------------------------------
-------------------------------
| time/              |        |
|    episodes        | 416    |
|    fps             | 602    |
|    time_elapsed    | 497    |
|    total_timesteps | 300240 |
-------------------------------
-------------------------------
| time/              |        |
|    episodes        | 417    |
|    fps             | 602    |
|    time_elapsed    | 497    |
|    total_timesteps | 300240 |
-------------------------------
----------------------------------
| rollout/            |          |
|    exploration_rate | 0.05     |
| time/               |          |
|    episodes         | 418      |
|    fps              | 603      |
|    time_elapsed     | 500      |
|    total_timesteps  | 302400   |
| train/              |          |
|    learning_rate    | 0.0001   |
|    loss             | 0.000317 |
|    n_updates        | 24783    |
----------------------------------
-------------------------------
| time/              |        |
|    episodes        | 419    |
|    fps             | 603    |
|    time_elapsed    | 500    |
|    total_timesteps | 302400 |
-------------------------------
-------------------------------
| time/              |        |
|    episodes        | 420    |
|    fps             | 603    |
|    time_elapsed    | 500    |
|    total_timesteps | 302400 |
-------------------------------
----------------------------------
| rollout/            |          |
|    exploration_rate | 0.05     |
| time/               |          |
|    episodes         | 421      |
|    fps              | 604      |
|    time_elapsed     | 503      |
|    total_timesteps  | 304560   |
| train/              |          |
|    learning_rate    | 0.0001   |
|    loss             | 0.000222 |
|    n_updates        | 24963    |
----------------------------------
-------------------------------
| time/              |        |
|    episodes        | 422    |
|    fps             | 604    |
|    time_elapsed    | 503    |
|    total_timesteps | 304560 |
-------------------------------
-------------------------------
| time/              |        |
|    episodes        | 423    |
|    fps             | 604    |
|    time_elapsed    | 503    |
|    total_timesteps | 304560 |
-------------------------------
----------------------------------
| rollout/            |          |
|    exploration_rate | 0.05     |
| time/               |          |
|    episodes         | 424      |
|    fps              | 598      |
|    time_elapsed     | 512      |
|    total_timesteps  | 306720   |
| train/              |          |
|    learning_rate    | 0.0001   |
|    loss             | 0.0014   |
|    n_updates        | 25143    |
----------------------------------
-------------------------------
| time/              |        |
|    episodes        | 425    |
|    fps             | 598    |
|    time_elapsed    | 512    |
|    total_timesteps | 306720 |
-------------------------------
-------------------------------
| time/              |        |
|    episodes        | 426    |
|    fps             | 598    |
|    time_elapsed    | 512    |
|    total_timesteps | 306720 |
-------------------------------
----------------------------------
| rollout/            |          |
|    exploration_rate | 0.05     |
| time/               |          |
|    episodes         | 427      |
|    fps              | 599      |
|    time_elapsed     | 514      |
|    total_timesteps  | 308880   |
| train/              |          |
|    learning_rate    | 0.0001   |
|    loss             | 0.000468 |
|    n_updates        | 25323    |
----------------------------------
-------------------------------
| time/              |        |
|    episodes        | 428    |
|    fps             | 599    |
|    time_elapsed    | 514    |
|    total_timesteps | 308880 |
-------------------------------
-------------------------------
| time/              |        |
|    episodes        | 429    |
|    fps             | 599    |
|    time_elapsed    | 514    |
|    total_timesteps | 308880 |
-------------------------------
----------------------------------
| rollout/            |          |
|    exploration_rate | 0.05     |
| time/               |          |
|    episodes         | 430      |
|    fps              | 600      |
|    time_elapsed     | 517      |
|    total_timesteps  | 311040   |
| train/              |          |
|    learning_rate    | 0.0001   |
|    loss             | 0.000171 |
|    n_updates        | 25503    |
----------------------------------
-------------------------------
| time/              |        |
|    episodes        | 431    |
|    fps             | 600    |
|    time_elapsed    | 517    |
|    total_timesteps | 311040 |
-------------------------------
-------------------------------
| time/              |        |
|    episodes        | 432    |
|    fps             | 600    |
|    time_elapsed    | 517    |
|    total_timesteps | 311040 |
-------------------------------
----------------------------------
| rollout/            |          |
|    exploration_rate | 0.05     |
| time/               |          |
|    episodes         | 433      |
|    fps              | 601      |
|    time_elapsed     | 520      |
|    total_timesteps  | 313200   |
| train/              |          |
|    learning_rate    | 0.0001   |
|    loss             | 0.000153 |
|    n_updates        | 25683    |
----------------------------------
-------------------------------
| time/              |        |
|    episodes        | 434    |
|    fps             | 601    |
|    time_elapsed    | 520    |
|    total_timesteps | 313200 |
-------------------------------
-------------------------------
| time/              |        |
|    episodes        | 435    |
|    fps             | 601    |
|    time_elapsed    | 520    |
|    total_timesteps | 313200 |
-------------------------------
  step  315000/500000 ( 63.0%)  eps=0.050  updates= 25833  mean_rew=-0.001
----------------------------------
| rollout/            |          |
|    exploration_rate | 0.05     |
| time/               |          |
|    episodes         | 436      |
|    fps              | 602      |
|    time_elapsed     | 523      |
|    total_timesteps  | 315360   |
| train/              |          |
|    learning_rate    | 0.0001   |
|    loss             | 0.000186 |
|    n_updates        | 25863    |
----------------------------------
-------------------------------
| time/              |        |
|    episodes        | 437    |
|    fps             | 602    |
|    time_elapsed    | 523    |
|    total_timesteps | 315360 |
-------------------------------
-------------------------------
| time/              |        |
|    episodes        | 438    |
|    fps             | 602    |
|    time_elapsed    | 523    |
|    total_timesteps | 315360 |
-------------------------------
----------------------------------
| rollout/            |          |
|    exploration_rate | 0.05     |
| time/               |          |
|    episodes         | 439      |
|    fps              | 602      |
|    time_elapsed     | 526      |
|    total_timesteps  | 317520   |
| train/              |          |
|    learning_rate    | 0.0001   |
|    loss             | 0.000721 |
|    n_updates        | 26043    |
----------------------------------
-------------------------------
| time/              |        |
|    episodes        | 440    |
|    fps             | 602    |
|    time_elapsed    | 526    |
|    total_timesteps | 317520 |
-------------------------------
-------------------------------
| time/              |        |
|    episodes        | 441    |
|    fps             | 602    |
|    time_elapsed    | 526    |
|    total_timesteps | 317520 |
-------------------------------
----------------------------------
| rollout/            |          |
|    exploration_rate | 0.05     |
| time/               |          |
|    episodes         | 442      |
|    fps              | 603      |
|    time_elapsed     | 529      |
|    total_timesteps  | 319680   |
| train/              |          |
|    learning_rate    | 0.0001   |
|    loss             | 0.000112 |
|    n_updates        | 26223    |
----------------------------------
-------------------------------
| time/              |        |
|    episodes        | 443    |
|    fps             | 603    |
|    time_elapsed    | 529    |
|    total_timesteps | 319680 |
-------------------------------
-------------------------------
| time/              |        |
|    episodes        | 444    |
|    fps             | 603    |
|    time_elapsed    | 529    |
|    total_timesteps | 319680 |
-------------------------------
----------------------------------
| rollout/            |          |
|    exploration_rate | 0.05     |
| time/               |          |
|    episodes         | 445      |
|    fps              | 604      |
|    time_elapsed     | 532      |
|    total_timesteps  | 321840   |
| train/              |          |
|    learning_rate    | 0.0001   |
|    loss             | 0.00305  |
|    n_updates        | 26403    |
----------------------------------
-------------------------------
| time/              |        |
|    episodes        | 446    |
|    fps             | 604    |
|    time_elapsed    | 532    |
|    total_timesteps | 321840 |
-------------------------------
-------------------------------
| time/              |        |
|    episodes        | 447    |
|    fps             | 604    |
|    time_elapsed    | 532    |
|    total_timesteps | 321840 |
-------------------------------
----------------------------------
| rollout/            |          |
|    exploration_rate | 0.05     |
| time/               |          |
|    episodes         | 448      |
|    fps              | 598      |
|    time_elapsed     | 541      |
|    total_timesteps  | 324000   |
| train/              |          |
|    learning_rate    | 0.0001   |
|    loss             | 0.000212 |
|    n_updates        | 26583    |
----------------------------------
-------------------------------
| time/              |        |
|    episodes        | 449    |
|    fps             | 598    |
|    time_elapsed    | 541    |
|    total_timesteps | 324000 |
-------------------------------
-------------------------------
| time/              |        |
|    episodes        | 450    |
|    fps             | 598    |
|    time_elapsed    | 541    |
|    total_timesteps | 324000 |
-------------------------------
----------------------------------
| rollout/            |          |
|    exploration_rate | 0.05     |
| time/               |          |
|    episodes         | 451      |
|    fps              | 599      |
|    time_elapsed     | 543      |
|    total_timesteps  | 326160   |
| train/              |          |
|    learning_rate    | 0.0001   |
|    loss             | 0.000533 |
|    n_updates        | 26763    |
----------------------------------
-------------------------------
| time/              |        |
|    episodes        | 452    |
|    fps             | 599    |
|    time_elapsed    | 543    |
|    total_timesteps | 326160 |
-------------------------------
-------------------------------
| time/              |        |
|    episodes        | 453    |
|    fps             | 599    |
|    time_elapsed    | 543    |
|    total_timesteps | 326160 |
-------------------------------
----------------------------------
| rollout/            |          |
|    exploration_rate | 0.05     |
| time/               |          |
|    episodes         | 454      |
|    fps              | 600      |
|    time_elapsed     | 546      |
|    total_timesteps  | 328320   |
| train/              |          |
|    learning_rate    | 0.0001   |
|    loss             | 0.00034  |
|    n_updates        | 26943    |
----------------------------------
-------------------------------
| time/              |        |
|    episodes        | 455    |
|    fps             | 600    |
|    time_elapsed    | 546    |
|    total_timesteps | 328320 |
-------------------------------
-------------------------------
| time/              |        |
|    episodes        | 456    |
|    fps             | 600    |
|    time_elapsed    | 546    |
|    total_timesteps | 328320 |
-------------------------------
  step  330000/500000 ( 66.0%)  eps=0.050  updates= 27083  mean_rew=-0.002
----------------------------------
| rollout/            |          |
|    exploration_rate | 0.05     |
| time/               |          |
|    episodes         | 457      |
|    fps              | 601      |
|    time_elapsed     | 549      |
|    total_timesteps  | 330480   |
| train/              |          |
|    learning_rate    | 0.0001   |
|    loss             | 0.000647 |
|    n_updates        | 27123    |
----------------------------------
-------------------------------
| time/              |        |
|    episodes        | 458    |
|    fps             | 601    |
|    time_elapsed    | 549    |
|    total_timesteps | 330480 |
-------------------------------
-------------------------------
| time/              |        |
|    episodes        | 459    |
|    fps             | 601    |
|    time_elapsed    | 549    |
|    total_timesteps | 330480 |
-------------------------------
----------------------------------
| rollout/            |          |
|    exploration_rate | 0.05     |
| time/               |          |
|    episodes         | 460      |
|    fps              | 599      |
|    time_elapsed     | 554      |
|    total_timesteps  | 332640   |
| train/              |          |
|    learning_rate    | 0.0001   |
|    loss             | 0.000427 |
|    n_updates        | 27303    |
----------------------------------
-------------------------------
| time/              |        |
|    episodes        | 461    |
|    fps             | 599    |
|    time_elapsed    | 554    |
|    total_timesteps | 332640 |
-------------------------------
-------------------------------
| time/              |        |
|    episodes        | 462    |
|    fps             | 599    |
|    time_elapsed    | 554    |
|    total_timesteps | 332640 |
-------------------------------
----------------------------------
| rollout/            |          |
|    exploration_rate | 0.05     |
| time/               |          |
|    episodes         | 463      |
|    fps              | 600      |
|    time_elapsed     | 557      |
|    total_timesteps  | 334800   |
| train/              |          |
|    learning_rate    | 0.0001   |
|    loss             | 0.000223 |
|    n_updates        | 27483    |
----------------------------------
-------------------------------
| time/              |        |
|    episodes        | 464    |
|    fps             | 600    |
|    time_elapsed    | 557    |
|    total_timesteps | 334800 |
-------------------------------
-------------------------------
| time/              |        |
|    episodes        | 465    |
|    fps             | 600    |
|    time_elapsed    | 557    |
|    total_timesteps | 334800 |
-------------------------------
----------------------------------
| rollout/            |          |
|    exploration_rate | 0.05     |
| time/               |          |
|    episodes         | 466      |
|    fps              | 601      |
|    time_elapsed     | 560      |
|    total_timesteps  | 336960   |
| train/              |          |
|    learning_rate    | 0.0001   |
|    loss             | 0.00046  |
|    n_updates        | 27663    |
----------------------------------
-------------------------------
| time/              |        |
|    episodes        | 467    |
|    fps             | 601    |
|    time_elapsed    | 560    |
|    total_timesteps | 336960 |
-------------------------------
-------------------------------
| time/              |        |
|    episodes        | 468    |
|    fps             | 601    |
|    time_elapsed    | 560    |
|    total_timesteps | 336960 |
-------------------------------
----------------------------------
| rollout/            |          |
|    exploration_rate | 0.05     |
| time/               |          |
|    episodes         | 469      |
|    fps              | 602      |
|    time_elapsed     | 563      |
|    total_timesteps  | 339120   |
| train/              |          |
|    learning_rate    | 0.0001   |
|    loss             | 0.00016  |
|    n_updates        | 27843    |
----------------------------------
-------------------------------
| time/              |        |
|    episodes        | 470    |
|    fps             | 602    |
|    time_elapsed    | 563    |
|    total_timesteps | 339120 |
-------------------------------
-------------------------------
| time/              |        |
|    episodes        | 471    |
|    fps             | 602    |
|    time_elapsed    | 563    |
|    total_timesteps | 339120 |
-------------------------------
----------------------------------
| rollout/            |          |
|    exploration_rate | 0.05     |
| time/               |          |
|    episodes         | 472      |
|    fps              | 602      |
|    time_elapsed     | 566      |
|    total_timesteps  | 341280   |
| train/              |          |
|    learning_rate    | 0.0001   |
|    loss             | 0.000104 |
|    n_updates        | 28023    |
----------------------------------
-------------------------------
| time/              |        |
|    episodes        | 473    |
|    fps             | 602    |
|    time_elapsed    | 566    |
|    total_timesteps | 341280 |
-------------------------------
-------------------------------
| time/              |        |
|    episodes        | 474    |
|    fps             | 602    |
|    time_elapsed    | 566    |
|    total_timesteps | 341280 |
-------------------------------
----------------------------------
| rollout/            |          |
|    exploration_rate | 0.05     |
| time/               |          |
|    episodes         | 475      |
|    fps              | 603      |
|    time_elapsed     | 568      |
|    total_timesteps  | 343440   |
| train/              |          |
|    learning_rate    | 0.0001   |
|    loss             | 0.0005   |
|    n_updates        | 28203    |
----------------------------------
-------------------------------
| time/              |        |
|    episodes        | 476    |
|    fps             | 603    |
|    time_elapsed    | 568    |
|    total_timesteps | 343440 |
-------------------------------
-------------------------------
| time/              |        |
|    episodes        | 477    |
|    fps             | 603    |
|    time_elapsed    | 568    |
|    total_timesteps | 343440 |
-------------------------------
  step  345000/500000 ( 69.0%)  eps=0.050  updates= 28333  mean_rew=+0.000
----------------------------------
| rollout/            |          |
|    exploration_rate | 0.05     |
| time/               |          |
|    episodes         | 478      |
|    fps              | 604      |
|    time_elapsed     | 571      |
|    total_timesteps  | 345600   |
| train/              |          |
|    learning_rate    | 0.0001   |
|    loss             | 0.0004   |
|    n_updates        | 28383    |
----------------------------------
-------------------------------
| time/              |        |
|    episodes        | 479    |
|    fps             | 604    |
|    time_elapsed    | 571    |
|    total_timesteps | 345600 |
-------------------------------
-------------------------------
| time/              |        |
|    episodes        | 480    |
|    fps             | 604    |
|    time_elapsed    | 571    |
|    total_timesteps | 345600 |
-------------------------------
----------------------------------
| rollout/            |          |
|    exploration_rate | 0.05     |
| time/               |          |
|    episodes         | 481      |
|    fps              | 605      |
|    time_elapsed     | 574      |
|    total_timesteps  | 347760   |
| train/              |          |
|    learning_rate    | 0.0001   |
|    loss             | 0.000438 |
|    n_updates        | 28563    |
----------------------------------
-------------------------------
| time/              |        |
|    episodes        | 482    |
|    fps             | 605    |
|    time_elapsed    | 574    |
|    total_timesteps | 347760 |
-------------------------------
-------------------------------
| time/              |        |
|    episodes        | 483    |
|    fps             | 605    |
|    time_elapsed    | 574    |
|    total_timesteps | 347760 |
-------------------------------
----------------------------------
| rollout/            |          |
|    exploration_rate | 0.05     |
| time/               |          |
|    episodes         | 484      |
|    fps              | 605      |
|    time_elapsed     | 577      |
|    total_timesteps  | 349920   |
| train/              |          |
|    learning_rate    | 0.0001   |
|    loss             | 0.00036  |
|    n_updates        | 28743    |
----------------------------------
-------------------------------
| time/              |        |
|    episodes        | 485    |
|    fps             | 605    |
|    time_elapsed    | 577    |
|    total_timesteps | 349920 |
-------------------------------
-------------------------------
| time/              |        |
|    episodes        | 486    |
|    fps             | 605    |
|    time_elapsed    | 577    |
|    total_timesteps | 349920 |
-------------------------------
----------------------------------
| rollout/            |          |
|    exploration_rate | 0.05     |
| time/               |          |
|    episodes         | 487      |
|    fps              | 606      |
|    time_elapsed     | 580      |
|    total_timesteps  | 352080   |
| train/              |          |
|    learning_rate    | 0.0001   |
|    loss             | 8.09e-05 |
|    n_updates        | 28923    |
----------------------------------
-------------------------------
| time/              |        |
|    episodes        | 488    |
|    fps             | 606    |
|    time_elapsed    | 580    |
|    total_timesteps | 352080 |
-------------------------------
-------------------------------
| time/              |        |
|    episodes        | 489    |
|    fps             | 606    |
|    time_elapsed    | 580    |
|    total_timesteps | 352080 |
-------------------------------
----------------------------------
| rollout/            |          |
|    exploration_rate | 0.05     |
| time/               |          |
|    episodes         | 490      |
|    fps              | 605      |
|    time_elapsed     | 585      |
|    total_timesteps  | 354240   |
| train/              |          |
|    learning_rate    | 0.0001   |
|    loss             | 4.34e-05 |
|    n_updates        | 29103    |
----------------------------------
-------------------------------
| time/              |        |
|    episodes        | 491    |
|    fps             | 605    |
|    time_elapsed    | 585    |
|    total_timesteps | 354240 |
-------------------------------
-------------------------------
| time/              |        |
|    episodes        | 492    |
|    fps             | 605    |
|    time_elapsed    | 585    |
|    total_timesteps | 354240 |
-------------------------------
----------------------------------
| rollout/            |          |
|    exploration_rate | 0.05     |
| time/               |          |
|    episodes         | 493      |
|    fps              | 606      |
|    time_elapsed     | 587      |
|    total_timesteps  | 356400   |
| train/              |          |
|    learning_rate    | 0.0001   |
|    loss             | 0.00135  |
|    n_updates        | 29283    |
----------------------------------
-------------------------------
| time/              |        |
|    episodes        | 494    |
|    fps             | 606    |
|    time_elapsed    | 587    |
|    total_timesteps | 356400 |
-------------------------------
-------------------------------
| time/              |        |
|    episodes        | 495    |
|    fps             | 606    |
|    time_elapsed    | 587    |
|    total_timesteps | 356400 |
-------------------------------
----------------------------------
| rollout/            |          |
|    exploration_rate | 0.05     |
| time/               |          |
|    episodes         | 496      |
|    fps              | 604      |
|    time_elapsed     | 593      |
|    total_timesteps  | 358560   |
| train/              |          |
|    learning_rate    | 0.0001   |
|    loss             | 0.00156  |
|    n_updates        | 29463    |
----------------------------------
-------------------------------
| time/              |        |
|    episodes        | 497    |
|    fps             | 604    |
|    time_elapsed    | 593    |
|    total_timesteps | 358560 |
-------------------------------
-------------------------------
| time/              |        |
|    episodes        | 498    |
|    fps             | 604    |
|    time_elapsed    | 593    |
|    total_timesteps | 358560 |
-------------------------------
  step  360000/500000 ( 72.0%)  eps=0.050  updates= 29583  mean_rew=+0.000
----------------------------------
| rollout/            |          |
|    exploration_rate | 0.05     |
| time/               |          |
|    episodes         | 499      |
|    fps              | 605      |
|    time_elapsed     | 596      |
|    total_timesteps  | 360720   |
| train/              |          |
|    learning_rate    | 0.0001   |
|    loss             | 0.000589 |
|    n_updates        | 29643    |
----------------------------------
-------------------------------
| time/              |        |
|    episodes        | 500    |
|    fps             | 605    |
|    time_elapsed    | 596    |
|    total_timesteps | 360720 |
-------------------------------
-------------------------------
| time/              |        |
|    episodes        | 501    |
|    fps             | 605    |
|    time_elapsed    | 596    |
|    total_timesteps | 360720 |
-------------------------------
----------------------------------
| rollout/            |          |
|    exploration_rate | 0.05     |
| time/               |          |
|    episodes         | 502      |
|    fps              | 605      |
|    time_elapsed     | 599      |
|    total_timesteps  | 362880   |
| train/              |          |
|    learning_rate    | 0.0001   |
|    loss             | 0.0049   |
|    n_updates        | 29823    |
----------------------------------
-------------------------------
| time/              |        |
|    episodes        | 503    |
|    fps             | 605    |
|    time_elapsed    | 599    |
|    total_timesteps | 362880 |
-------------------------------
-------------------------------
| time/              |        |
|    episodes        | 504    |
|    fps             | 605    |
|    time_elapsed    | 599    |
|    total_timesteps | 362880 |
-------------------------------
----------------------------------
| rollout/            |          |
|    exploration_rate | 0.05     |
| time/               |          |
|    episodes         | 505      |
|    fps              | 606      |
|    time_elapsed     | 601      |
|    total_timesteps  | 365040   |
| train/              |          |
|    learning_rate    | 0.0001   |
|    loss             | 0.000768 |
|    n_updates        | 30003    |
----------------------------------
-------------------------------
| time/              |        |
|    episodes        | 506    |
|    fps             | 606    |
|    time_elapsed    | 601    |
|    total_timesteps | 365040 |
-------------------------------
-------------------------------
| time/              |        |
|    episodes        | 507    |
|    fps             | 606    |
|    time_elapsed    | 601    |
|    total_timesteps | 365040 |
-------------------------------
----------------------------------
| rollout/            |          |
|    exploration_rate | 0.05     |
| time/               |          |
|    episodes         | 508      |
|    fps              | 601      |
|    time_elapsed     | 610      |
|    total_timesteps  | 367200   |
| train/              |          |
|    learning_rate    | 0.0001   |
|    loss             | 0.000686 |
|    n_updates        | 30183    |
----------------------------------
-------------------------------
| time/              |        |
|    episodes        | 509    |
|    fps             | 601    |
|    time_elapsed    | 610    |
|    total_timesteps | 367200 |
-------------------------------
-------------------------------
| time/              |        |
|    episodes        | 510    |
|    fps             | 601    |
|    time_elapsed    | 610    |
|    total_timesteps | 367200 |
-------------------------------
----------------------------------
| rollout/            |          |
|    exploration_rate | 0.05     |
| time/               |          |
|    episodes         | 511      |
|    fps              | 601      |
|    time_elapsed     | 613      |
|    total_timesteps  | 369360   |
| train/              |          |
|    learning_rate    | 0.0001   |
|    loss             | 3.79e-05 |
|    n_updates        | 30363    |
----------------------------------
-------------------------------
| time/              |        |
|    episodes        | 512    |
|    fps             | 601    |
|    time_elapsed    | 613    |
|    total_timesteps | 369360 |
-------------------------------
-------------------------------
| time/              |        |
|    episodes        | 513    |
|    fps             | 601    |
|    time_elapsed    | 613    |
|    total_timesteps | 369360 |
-------------------------------
----------------------------------
| rollout/            |          |
|    exploration_rate | 0.05     |
| time/               |          |
|    episodes         | 514      |
|    fps              | 602      |
|    time_elapsed     | 616      |
|    total_timesteps  | 371520   |
| train/              |          |
|    learning_rate    | 0.0001   |
|    loss             | 0.000167 |
|    n_updates        | 30543    |
----------------------------------
-------------------------------
| time/              |        |
|    episodes        | 515    |
|    fps             | 602    |
|    time_elapsed    | 616    |
|    total_timesteps | 371520 |
-------------------------------
-------------------------------
| time/              |        |
|    episodes        | 516    |
|    fps             | 602    |
|    time_elapsed    | 616    |
|    total_timesteps | 371520 |
-------------------------------
----------------------------------
| rollout/            |          |
|    exploration_rate | 0.05     |
| time/               |          |
|    episodes         | 517      |
|    fps              | 597      |
|    time_elapsed     | 625      |
|    total_timesteps  | 373680   |
| train/              |          |
|    learning_rate    | 0.0001   |
|    loss             | 3.06e-05 |
|    n_updates        | 30723    |
----------------------------------
-------------------------------
| time/              |        |
|    episodes        | 518    |
|    fps             | 597    |
|    time_elapsed    | 625    |
|    total_timesteps | 373680 |
-------------------------------
-------------------------------
| time/              |        |
|    episodes        | 519    |
|    fps             | 597    |
|    time_elapsed    | 625    |
|    total_timesteps | 373680 |
-------------------------------
  step  375000/500000 ( 75.0%)  eps=0.050  updates= 30833  mean_rew=+0.000
----------------------------------
| rollout/            |          |
|    exploration_rate | 0.05     |
| time/               |          |
|    episodes         | 520      |
|    fps              | 596      |
|    time_elapsed     | 629      |
|    total_timesteps  | 375840   |
| train/              |          |
|    learning_rate    | 0.0001   |
|    loss             | 0.000309 |
|    n_updates        | 30903    |
----------------------------------
-------------------------------
| time/              |        |
|    episodes        | 521    |
|    fps             | 596    |
|    time_elapsed    | 629    |
|    total_timesteps | 375840 |
-------------------------------
-------------------------------
| time/              |        |
|    episodes        | 522    |
|    fps             | 596    |
|    time_elapsed    | 629    |
|    total_timesteps | 375840 |
-------------------------------
----------------------------------
| rollout/            |          |
|    exploration_rate | 0.05     |
| time/               |          |
|    episodes         | 523      |
|    fps              | 591      |
|    time_elapsed     | 639      |
|    total_timesteps  | 378000   |
| train/              |          |
|    learning_rate    | 0.0001   |
|    loss             | 6.46e-05 |
|    n_updates        | 31083    |
----------------------------------
-------------------------------
| time/              |        |
|    episodes        | 524    |
|    fps             | 591    |
|    time_elapsed    | 639    |
|    total_timesteps | 378000 |
-------------------------------
-------------------------------
| time/              |        |
|    episodes        | 525    |
|    fps             | 591    |
|    time_elapsed    | 639    |
|    total_timesteps | 378000 |
-------------------------------
----------------------------------
| rollout/            |          |
|    exploration_rate | 0.05     |
| time/               |          |
|    episodes         | 526      |
|    fps              | 586      |
|    time_elapsed     | 647      |
|    total_timesteps  | 380160   |
| train/              |          |
|    learning_rate    | 0.0001   |
|    loss             | 0.000554 |
|    n_updates        | 31263    |
----------------------------------
-------------------------------
| time/              |        |
|    episodes        | 527    |
|    fps             | 586    |
|    time_elapsed    | 647    |
|    total_timesteps | 380160 |
-------------------------------
-------------------------------
| time/              |        |
|    episodes        | 528    |
|    fps             | 586    |
|    time_elapsed    | 647    |
|    total_timesteps | 380160 |
-------------------------------
----------------------------------
| rollout/            |          |
|    exploration_rate | 0.05     |
| time/               |          |
|    episodes         | 529      |
|    fps              | 584      |
|    time_elapsed     | 654      |
|    total_timesteps  | 382320   |
| train/              |          |
|    learning_rate    | 0.0001   |
|    loss             | 0.000721 |
|    n_updates        | 31443    |
----------------------------------
-------------------------------
| time/              |        |
|    episodes        | 530    |
|    fps             | 584    |
|    time_elapsed    | 654    |
|    total_timesteps | 382320 |
-------------------------------
-------------------------------
| time/              |        |
|    episodes        | 531    |
|    fps             | 584    |
|    time_elapsed    | 654    |
|    total_timesteps | 382320 |
-------------------------------
----------------------------------
| rollout/            |          |
|    exploration_rate | 0.05     |
| time/               |          |
|    episodes         | 532      |
|    fps              | 585      |
|    time_elapsed     | 657      |
|    total_timesteps  | 384480   |
| train/              |          |
|    learning_rate    | 0.0001   |
|    loss             | 0.000288 |
|    n_updates        | 31623    |
----------------------------------
-------------------------------
| time/              |        |
|    episodes        | 533    |
|    fps             | 585    |
|    time_elapsed    | 657    |
|    total_timesteps | 384480 |
-------------------------------
-------------------------------
| time/              |        |
|    episodes        | 534    |
|    fps             | 585    |
|    time_elapsed    | 657    |
|    total_timesteps | 384480 |
-------------------------------
----------------------------------
| rollout/            |          |
|    exploration_rate | 0.05     |
| time/               |          |
|    episodes         | 535      |
|    fps              | 585      |
|    time_elapsed     | 660      |
|    total_timesteps  | 386640   |
| train/              |          |
|    learning_rate    | 0.0001   |
|    loss             | 0.00064  |
|    n_updates        | 31803    |
----------------------------------
-------------------------------
| time/              |        |
|    episodes        | 536    |
|    fps             | 585    |
|    time_elapsed    | 660    |
|    total_timesteps | 386640 |
-------------------------------
-------------------------------
| time/              |        |
|    episodes        | 537    |
|    fps             | 585    |
|    time_elapsed    | 660    |
|    total_timesteps | 386640 |
-------------------------------
----------------------------------
| rollout/            |          |
|    exploration_rate | 0.05     |
| time/               |          |
|    episodes         | 538      |
|    fps              | 586      |
|    time_elapsed     | 662      |
|    total_timesteps  | 388800   |
| train/              |          |
|    learning_rate    | 0.0001   |
|    loss             | 0.000268 |
|    n_updates        | 31983    |
----------------------------------
-------------------------------
| time/              |        |
|    episodes        | 539    |
|    fps             | 586    |
|    time_elapsed    | 662    |
|    total_timesteps | 388800 |
-------------------------------
-------------------------------
| time/              |        |
|    episodes        | 540    |
|    fps             | 586    |
|    time_elapsed    | 662    |
|    total_timesteps | 388800 |
-------------------------------
  step  390000/500000 ( 78.0%)  eps=0.050  updates= 32083  mean_rew=-0.002
----------------------------------
| rollout/            |          |
|    exploration_rate | 0.05     |
| time/               |          |
|    episodes         | 541      |
|    fps              | 587      |
|    time_elapsed     | 665      |
|    total_timesteps  | 390960   |
| train/              |          |
|    learning_rate    | 0.0001   |
|    loss             | 0.000515 |
|    n_updates        | 32163    |
----------------------------------
-------------------------------
| time/              |        |
|    episodes        | 542    |
|    fps             | 587    |
|    time_elapsed    | 665    |
|    total_timesteps | 390960 |
-------------------------------
-------------------------------
| time/              |        |
|    episodes        | 543    |
|    fps             | 587    |
|    time_elapsed    | 665    |
|    total_timesteps | 390960 |
-------------------------------
----------------------------------
| rollout/            |          |
|    exploration_rate | 0.05     |
| time/               |          |
|    episodes         | 544      |
|    fps              | 587      |
|    time_elapsed     | 668      |
|    total_timesteps  | 393120   |
| train/              |          |
|    learning_rate    | 0.0001   |
|    loss             | 0.00105  |
|    n_updates        | 32343    |
----------------------------------
-------------------------------
| time/              |        |
|    episodes        | 545    |
|    fps             | 587    |
|    time_elapsed    | 668    |
|    total_timesteps | 393120 |
-------------------------------
-------------------------------
| time/              |        |
|    episodes        | 546    |
|    fps             | 587    |
|    time_elapsed    | 668    |
|    total_timesteps | 393120 |
-------------------------------
----------------------------------
| rollout/            |          |
|    exploration_rate | 0.05     |
| time/               |          |
|    episodes         | 547      |
|    fps              | 587      |
|    time_elapsed     | 672      |
|    total_timesteps  | 395280   |
| train/              |          |
|    learning_rate    | 0.0001   |
|    loss             | 0.00114  |
|    n_updates        | 32523    |
----------------------------------
-------------------------------
| time/              |        |
|    episodes        | 548    |
|    fps             | 587    |
|    time_elapsed    | 672    |
|    total_timesteps | 395280 |
-------------------------------
-------------------------------
| time/              |        |
|    episodes        | 549    |
|    fps             | 587    |
|    time_elapsed    | 672    |
|    total_timesteps | 395280 |
-------------------------------
----------------------------------
| rollout/            |          |
|    exploration_rate | 0.05     |
| time/               |          |
|    episodes         | 550      |
|    fps              | 588      |
|    time_elapsed     | 675      |
|    total_timesteps  | 397440   |
| train/              |          |
|    learning_rate    | 0.0001   |
|    loss             | 0.00116  |
|    n_updates        | 32703    |
----------------------------------
-------------------------------
| time/              |        |
|    episodes        | 551    |
|    fps             | 588    |
|    time_elapsed    | 675    |
|    total_timesteps | 397440 |
-------------------------------
-------------------------------
| time/              |        |
|    episodes        | 552    |
|    fps             | 588    |
|    time_elapsed    | 675    |
|    total_timesteps | 397440 |
-------------------------------
----------------------------------
| rollout/            |          |
|    exploration_rate | 0.05     |
| time/               |          |
|    episodes         | 553      |
|    fps              | 587      |
|    time_elapsed     | 680      |
|    total_timesteps  | 399600   |
| train/              |          |
|    learning_rate    | 0.0001   |
|    loss             | 0.000518 |
|    n_updates        | 32883    |
----------------------------------
-------------------------------
| time/              |        |
|    episodes        | 554    |
|    fps             | 587    |
|    time_elapsed    | 680    |
|    total_timesteps | 399600 |
-------------------------------
-------------------------------
| time/              |        |
|    episodes        | 555    |
|    fps             | 587    |
|    time_elapsed    | 680    |
|    total_timesteps | 399600 |
-------------------------------
----------------------------------
| rollout/            |          |
|    exploration_rate | 0.05     |
| time/               |          |
|    episodes         | 556      |
|    fps              | 588      |
|    time_elapsed     | 682      |
|    total_timesteps  | 401760   |
| train/              |          |
|    learning_rate    | 0.0001   |
|    loss             | 0.00751  |
|    n_updates        | 33063    |
----------------------------------
-------------------------------
| time/              |        |
|    episodes        | 557    |
|    fps             | 588    |
|    time_elapsed    | 682    |
|    total_timesteps | 401760 |
-------------------------------
-------------------------------
| time/              |        |
|    episodes        | 558    |
|    fps             | 588    |
|    time_elapsed    | 682    |
|    total_timesteps | 401760 |
-------------------------------
----------------------------------
| rollout/            |          |
|    exploration_rate | 0.05     |
| time/               |          |
|    episodes         | 559      |
|    fps              | 588      |
|    time_elapsed     | 685      |
|    total_timesteps  | 403920   |
| train/              |          |
|    learning_rate    | 0.0001   |
|    loss             | 0.000237 |
|    n_updates        | 33243    |
----------------------------------
-------------------------------
| time/              |        |
|    episodes        | 560    |
|    fps             | 588    |
|    time_elapsed    | 685    |
|    total_timesteps | 403920 |
-------------------------------
-------------------------------
| time/              |        |
|    episodes        | 561    |
|    fps             | 588    |
|    time_elapsed    | 685    |
|    total_timesteps | 403920 |
-------------------------------
  step  405000/500000 ( 81.0%)  eps=0.050  updates= 33333  mean_rew=-0.002
----------------------------------
| rollout/            |          |
|    exploration_rate | 0.05     |
| time/               |          |
|    episodes         | 562      |
|    fps              | 589      |
|    time_elapsed     | 688      |
|    total_timesteps  | 406080   |
| train/              |          |
|    learning_rate    | 0.0001   |
|    loss             | 0.000348 |
|    n_updates        | 33423    |
----------------------------------
-------------------------------
| time/              |        |
|    episodes        | 563    |
|    fps             | 589    |
|    time_elapsed    | 688    |
|    total_timesteps | 406080 |
-------------------------------
-------------------------------
| time/              |        |
|    episodes        | 564    |
|    fps             | 589    |
|    time_elapsed    | 688    |
|    total_timesteps | 406080 |
-------------------------------
----------------------------------
| rollout/            |          |
|    exploration_rate | 0.05     |
| time/               |          |
|    episodes         | 565      |
|    fps              | 590      |
|    time_elapsed     | 691      |
|    total_timesteps  | 408240   |
| train/              |          |
|    learning_rate    | 0.0001   |
|    loss             | 0.0017   |
|    n_updates        | 33603    |
----------------------------------
-------------------------------
| time/              |        |
|    episodes        | 566    |
|    fps             | 590    |
|    time_elapsed    | 691    |
|    total_timesteps | 408240 |
-------------------------------
-------------------------------
| time/              |        |
|    episodes        | 567    |
|    fps             | 590    |
|    time_elapsed    | 691    |
|    total_timesteps | 408240 |
-------------------------------
----------------------------------
| rollout/            |          |
|    exploration_rate | 0.05     |
| time/               |          |
|    episodes         | 568      |
|    fps              | 591      |
|    time_elapsed     | 694      |
|    total_timesteps  | 410400   |
| train/              |          |
|    learning_rate    | 0.0001   |
|    loss             | 0.000972 |
|    n_updates        | 33783    |
----------------------------------
-------------------------------
| time/              |        |
|    episodes        | 569    |
|    fps             | 591    |
|    time_elapsed    | 694    |
|    total_timesteps | 410400 |
-------------------------------
-------------------------------
| time/              |        |
|    episodes        | 570    |
|    fps             | 591    |
|    time_elapsed    | 694    |
|    total_timesteps | 410400 |
-------------------------------
----------------------------------
| rollout/            |          |
|    exploration_rate | 0.05     |
| time/               |          |
|    episodes         | 571      |
|    fps              | 591      |
|    time_elapsed     | 697      |
|    total_timesteps  | 412560   |
| train/              |          |
|    learning_rate    | 0.0001   |
|    loss             | 0.00102  |
|    n_updates        | 33963    |
----------------------------------
-------------------------------
| time/              |        |
|    episodes        | 572    |
|    fps             | 591    |
|    time_elapsed    | 697    |
|    total_timesteps | 412560 |
-------------------------------
-------------------------------
| time/              |        |
|    episodes        | 573    |
|    fps             | 591    |
|    time_elapsed    | 697    |
|    total_timesteps | 412560 |
-------------------------------
----------------------------------
| rollout/            |          |
|    exploration_rate | 0.05     |
| time/               |          |
|    episodes         | 574      |
|    fps              | 592      |
|    time_elapsed     | 700      |
|    total_timesteps  | 414720   |
| train/              |          |
|    learning_rate    | 0.0001   |
|    loss             | 0.00139  |
|    n_updates        | 34143    |
----------------------------------
-------------------------------
| time/              |        |
|    episodes        | 575    |
|    fps             | 592    |
|    time_elapsed    | 700    |
|    total_timesteps | 414720 |
-------------------------------
-------------------------------
| time/              |        |
|    episodes        | 576    |
|    fps             | 592    |
|    time_elapsed    | 700    |
|    total_timesteps | 414720 |
-------------------------------
----------------------------------
| rollout/            |          |
|    exploration_rate | 0.05     |
| time/               |          |
|    episodes         | 577      |
|    fps              | 592      |
|    time_elapsed     | 703      |
|    total_timesteps  | 416880   |
| train/              |          |
|    learning_rate    | 0.0001   |
|    loss             | 9.1e-05  |
|    n_updates        | 34323    |
----------------------------------
-------------------------------
| time/              |        |
|    episodes        | 578    |
|    fps             | 592    |
|    time_elapsed    | 703    |
|    total_timesteps | 416880 |
-------------------------------
-------------------------------
| time/              |        |
|    episodes        | 579    |
|    fps             | 592    |
|    time_elapsed    | 703    |
|    total_timesteps | 416880 |
-------------------------------
----------------------------------
| rollout/            |          |
|    exploration_rate | 0.05     |
| time/               |          |
|    episodes         | 580      |
|    fps              | 593      |
|    time_elapsed     | 706      |
|    total_timesteps  | 419040   |
| train/              |          |
|    learning_rate    | 0.0001   |
|    loss             | 0.000694 |
|    n_updates        | 34503    |
----------------------------------
-------------------------------
| time/              |        |
|    episodes        | 581    |
|    fps             | 593    |
|    time_elapsed    | 706    |
|    total_timesteps | 419040 |
-------------------------------
-------------------------------
| time/              |        |
|    episodes        | 582    |
|    fps             | 593    |
|    time_elapsed    | 706    |
|    total_timesteps | 419040 |
-------------------------------
  step  420000/500000 ( 84.0%)  eps=0.050  updates= 34583  mean_rew=+0.002
----------------------------------
| rollout/            |          |
|    exploration_rate | 0.05     |
| time/               |          |
|    episodes         | 583      |
|    fps              | 594      |
|    time_elapsed     | 708      |
|    total_timesteps  | 421200   |
| train/              |          |
|    learning_rate    | 0.0001   |
|    loss             | 0.00119  |
|    n_updates        | 34683    |
----------------------------------
-------------------------------
| time/              |        |
|    episodes        | 584    |
|    fps             | 594    |
|    time_elapsed    | 708    |
|    total_timesteps | 421200 |
-------------------------------
-------------------------------
| time/              |        |
|    episodes        | 585    |
|    fps             | 594    |
|    time_elapsed    | 708    |
|    total_timesteps | 421200 |
-------------------------------
----------------------------------
| rollout/            |          |
|    exploration_rate | 0.05     |
| time/               |          |
|    episodes         | 586      |
|    fps              | 593      |
|    time_elapsed     | 712      |
|    total_timesteps  | 423360   |
| train/              |          |
|    learning_rate    | 0.0001   |
|    loss             | 0.33     |
|    n_updates        | 34863    |
----------------------------------
-------------------------------
| time/              |        |
|    episodes        | 587    |
|    fps             | 593    |
|    time_elapsed    | 712    |
|    total_timesteps | 423360 |
-------------------------------
-------------------------------
| time/              |        |
|    episodes        | 588    |
|    fps             | 593    |
|    time_elapsed    | 712    |
|    total_timesteps | 423360 |
-------------------------------
----------------------------------
| rollout/            |          |
|    exploration_rate | 0.05     |
| time/               |          |
|    episodes         | 589      |
|    fps              | 591      |
|    time_elapsed     | 718      |
|    total_timesteps  | 425520   |
| train/              |          |
|    learning_rate    | 0.0001   |
|    loss             | 0.000236 |
|    n_updates        | 35043    |
----------------------------------
-------------------------------
| time/              |        |
|    episodes        | 590    |
|    fps             | 591    |
|    time_elapsed    | 718    |
|    total_timesteps | 425520 |
-------------------------------
-------------------------------
| time/              |        |
|    episodes        | 591    |
|    fps             | 591    |
|    time_elapsed    | 718    |
|    total_timesteps | 425520 |
-------------------------------
----------------------------------
| rollout/            |          |
|    exploration_rate | 0.05     |
| time/               |          |
|    episodes         | 592      |
|    fps              | 592      |
|    time_elapsed     | 721      |
|    total_timesteps  | 427680   |
| train/              |          |
|    learning_rate    | 0.0001   |
|    loss             | 0.000349 |
|    n_updates        | 35223    |
----------------------------------
-------------------------------
| time/              |        |
|    episodes        | 593    |
|    fps             | 592    |
|    time_elapsed    | 721    |
|    total_timesteps | 427680 |
-------------------------------
-------------------------------
| time/              |        |
|    episodes        | 594    |
|    fps             | 592    |
|    time_elapsed    | 721    |
|    total_timesteps | 427680 |
-------------------------------
----------------------------------
| rollout/            |          |
|    exploration_rate | 0.05     |
| time/               |          |
|    episodes         | 595      |
|    fps              | 593      |
|    time_elapsed     | 724      |
|    total_timesteps  | 429840   |
| train/              |          |
|    learning_rate    | 0.0001   |
|    loss             | 0.00036  |
|    n_updates        | 35403    |
----------------------------------
-------------------------------
| time/              |        |
|    episodes        | 596    |
|    fps             | 593    |
|    time_elapsed    | 724    |
|    total_timesteps | 429840 |
-------------------------------
-------------------------------
| time/              |        |
|    episodes        | 597    |
|    fps             | 593    |
|    time_elapsed    | 724    |
|    total_timesteps | 429840 |
-------------------------------
----------------------------------
| rollout/            |          |
|    exploration_rate | 0.05     |
| time/               |          |
|    episodes         | 598      |
|    fps              | 593      |
|    time_elapsed     | 727      |
|    total_timesteps  | 432000   |
| train/              |          |
|    learning_rate    | 0.0001   |
|    loss             | 4.77e-05 |
|    n_updates        | 35583    |
----------------------------------
-------------------------------
| time/              |        |
|    episodes        | 599    |
|    fps             | 593    |
|    time_elapsed    | 727    |
|    total_timesteps | 432000 |
-------------------------------
-------------------------------
| time/              |        |
|    episodes        | 600    |
|    fps             | 593    |
|    time_elapsed    | 727    |
|    total_timesteps | 432000 |
-------------------------------
----------------------------------
| rollout/            |          |
|    exploration_rate | 0.05     |
| time/               |          |
|    episodes         | 601      |
|    fps              | 594      |
|    time_elapsed     | 730      |
|    total_timesteps  | 434160   |
| train/              |          |
|    learning_rate    | 0.0001   |
|    loss             | 0.00285  |
|    n_updates        | 35763    |
----------------------------------
-------------------------------
| time/              |        |
|    episodes        | 602    |
|    fps             | 594    |
|    time_elapsed    | 730    |
|    total_timesteps | 434160 |
-------------------------------
-------------------------------
| time/              |        |
|    episodes        | 603    |
|    fps             | 594    |
|    time_elapsed    | 730    |
|    total_timesteps | 434160 |
-------------------------------
  step  435000/500000 ( 87.0%)  eps=0.050  updates= 35833  mean_rew=-0.001
----------------------------------
| rollout/            |          |
|    exploration_rate | 0.05     |
| time/               |          |
|    episodes         | 604      |
|    fps              | 595      |
|    time_elapsed     | 733      |
|    total_timesteps  | 436320   |
| train/              |          |
|    learning_rate    | 0.0001   |
|    loss             | 0.000489 |
|    n_updates        | 35943    |
----------------------------------
-------------------------------
| time/              |        |
|    episodes        | 605    |
|    fps             | 595    |
|    time_elapsed    | 733    |
|    total_timesteps | 436320 |
-------------------------------
-------------------------------
| time/              |        |
|    episodes        | 606    |
|    fps             | 595    |
|    time_elapsed    | 733    |
|    total_timesteps | 436320 |
-------------------------------
----------------------------------
| rollout/            |          |
|    exploration_rate | 0.05     |
| time/               |          |
|    episodes         | 607      |
|    fps              | 595      |
|    time_elapsed     | 736      |
|    total_timesteps  | 438480   |
| train/              |          |
|    learning_rate    | 0.0001   |
|    loss             | 0.00176  |
|    n_updates        | 36123    |
----------------------------------
-------------------------------
| time/              |        |
|    episodes        | 608    |
|    fps             | 595    |
|    time_elapsed    | 736    |
|    total_timesteps | 438480 |
-------------------------------
-------------------------------
| time/              |        |
|    episodes        | 609    |
|    fps             | 595    |
|    time_elapsed    | 736    |
|    total_timesteps | 438480 |
-------------------------------
----------------------------------
| rollout/            |          |
|    exploration_rate | 0.05     |
| time/               |          |
|    episodes         | 610      |
|    fps              | 591      |
|    time_elapsed     | 744      |
|    total_timesteps  | 440640   |
| train/              |          |
|    learning_rate    | 0.0001   |
|    loss             | 0.0119   |
|    n_updates        | 36303    |
----------------------------------
-------------------------------
| time/              |        |
|    episodes        | 611    |
|    fps             | 591    |
|    time_elapsed    | 744    |
|    total_timesteps | 440640 |
-------------------------------
-------------------------------
| time/              |        |
|    episodes        | 612    |
|    fps             | 591    |
|    time_elapsed    | 744    |
|    total_timesteps | 440640 |
-------------------------------
----------------------------------
| rollout/            |          |
|    exploration_rate | 0.05     |
| time/               |          |
|    episodes         | 613      |
|    fps              | 591      |
|    time_elapsed     | 748      |
|    total_timesteps  | 442800   |
| train/              |          |
|    learning_rate    | 0.0001   |
|    loss             | 6.38e-05 |
|    n_updates        | 36483    |
----------------------------------
-------------------------------
| time/              |        |
|    episodes        | 614    |
|    fps             | 591    |
|    time_elapsed    | 748    |
|    total_timesteps | 442800 |
-------------------------------
-------------------------------
| time/              |        |
|    episodes        | 615    |
|    fps             | 591    |
|    time_elapsed    | 748    |
|    total_timesteps | 442800 |
-------------------------------
----------------------------------
| rollout/            |          |
|    exploration_rate | 0.05     |
| time/               |          |
|    episodes         | 616      |
|    fps              | 592      |
|    time_elapsed     | 750      |
|    total_timesteps  | 444960   |
| train/              |          |
|    learning_rate    | 0.0001   |
|    loss             | 0.00112  |
|    n_updates        | 36663    |
----------------------------------
-------------------------------
| time/              |        |
|    episodes        | 617    |
|    fps             | 592    |
|    time_elapsed    | 750    |
|    total_timesteps | 444960 |
-------------------------------
-------------------------------
| time/              |        |
|    episodes        | 618    |
|    fps             | 592    |
|    time_elapsed    | 750    |
|    total_timesteps | 444960 |
-------------------------------
----------------------------------
| rollout/            |          |
|    exploration_rate | 0.05     |
| time/               |          |
|    episodes         | 619      |
|    fps              | 593      |
|    time_elapsed     | 753      |
|    total_timesteps  | 447120   |
| train/              |          |
|    learning_rate    | 0.0001   |
|    loss             | 0.000882 |
|    n_updates        | 36843    |
----------------------------------
-------------------------------
| time/              |        |
|    episodes        | 620    |
|    fps             | 593    |
|    time_elapsed    | 753    |
|    total_timesteps | 447120 |
-------------------------------
-------------------------------
| time/              |        |
|    episodes        | 621    |
|    fps             | 593    |
|    time_elapsed    | 753    |
|    total_timesteps | 447120 |
-------------------------------
----------------------------------
| rollout/            |          |
|    exploration_rate | 0.05     |
| time/               |          |
|    episodes         | 622      |
|    fps              | 593      |
|    time_elapsed     | 756      |
|    total_timesteps  | 449280   |
| train/              |          |
|    learning_rate    | 0.0001   |
|    loss             | 0.00102  |
|    n_updates        | 37023    |
----------------------------------
-------------------------------
| time/              |        |
|    episodes        | 623    |
|    fps             | 593    |
|    time_elapsed    | 756    |
|    total_timesteps | 449280 |
-------------------------------
-------------------------------
| time/              |        |
|    episodes        | 624    |
|    fps             | 593    |
|    time_elapsed    | 756    |
|    total_timesteps | 449280 |
-------------------------------
  step  450000/500000 ( 90.0%)  eps=0.050  updates= 37083  mean_rew=-0.016
----------------------------------
| rollout/            |          |
|    exploration_rate | 0.05     |
| time/               |          |
|    episodes         | 625      |
|    fps              | 590      |
|    time_elapsed     | 764      |
|    total_timesteps  | 451440   |
| train/              |          |
|    learning_rate    | 0.0001   |
|    loss             | 0.000486 |
|    n_updates        | 37203    |
----------------------------------
-------------------------------
| time/              |        |
|    episodes        | 626    |
|    fps             | 590    |
|    time_elapsed    | 764    |
|    total_timesteps | 451440 |
-------------------------------
-------------------------------
| time/              |        |
|    episodes        | 627    |
|    fps             | 590    |
|    time_elapsed    | 764    |
|    total_timesteps | 451440 |
-------------------------------
----------------------------------
| rollout/            |          |
|    exploration_rate | 0.05     |
| time/               |          |
|    episodes         | 628      |
|    fps              | 589      |
|    time_elapsed     | 768      |
|    total_timesteps  | 453600   |
| train/              |          |
|    learning_rate    | 0.0001   |
|    loss             | 0.000193 |
|    n_updates        | 37383    |
----------------------------------
-------------------------------
| time/              |        |
|    episodes        | 629    |
|    fps             | 589    |
|    time_elapsed    | 768    |
|    total_timesteps | 453600 |
-------------------------------
-------------------------------
| time/              |        |
|    episodes        | 630    |
|    fps             | 589    |
|    time_elapsed    | 768    |
|    total_timesteps | 453600 |
-------------------------------
----------------------------------
| rollout/            |          |
|    exploration_rate | 0.05     |
| time/               |          |
|    episodes         | 631      |
|    fps              | 590      |
|    time_elapsed     | 771      |
|    total_timesteps  | 455760   |
| train/              |          |
|    learning_rate    | 0.0001   |
|    loss             | 0.000215 |
|    n_updates        | 37563    |
----------------------------------
-------------------------------
| time/              |        |
|    episodes        | 632    |
|    fps             | 590    |
|    time_elapsed    | 771    |
|    total_timesteps | 455760 |
-------------------------------
-------------------------------
| time/              |        |
|    episodes        | 633    |
|    fps             | 590    |
|    time_elapsed    | 771    |
|    total_timesteps | 455760 |
-------------------------------
----------------------------------
| rollout/            |          |
|    exploration_rate | 0.05     |
| time/               |          |
|    episodes         | 634      |
|    fps              | 591      |
|    time_elapsed     | 774      |
|    total_timesteps  | 457920   |
| train/              |          |
|    learning_rate    | 0.0001   |
|    loss             | 0.000134 |
|    n_updates        | 37743    |
----------------------------------
-------------------------------
| time/              |        |
|    episodes        | 635    |
|    fps             | 591    |
|    time_elapsed    | 774    |
|    total_timesteps | 457920 |
-------------------------------
-------------------------------
| time/              |        |
|    episodes        | 636    |
|    fps             | 591    |
|    time_elapsed    | 774    |
|    total_timesteps | 457920 |
-------------------------------
----------------------------------
| rollout/            |          |
|    exploration_rate | 0.05     |
| time/               |          |
|    episodes         | 637      |
|    fps              | 590      |
|    time_elapsed     | 779      |
|    total_timesteps  | 460080   |
| train/              |          |
|    learning_rate    | 0.0001   |
|    loss             | 0.000688 |
|    n_updates        | 37923    |
----------------------------------
-------------------------------
| time/              |        |
|    episodes        | 638    |
|    fps             | 590    |
|    time_elapsed    | 779    |
|    total_timesteps | 460080 |
-------------------------------
-------------------------------
| time/              |        |
|    episodes        | 639    |
|    fps             | 590    |
|    time_elapsed    | 779    |
|    total_timesteps | 460080 |
-------------------------------
----------------------------------
| rollout/            |          |
|    exploration_rate | 0.05     |
| time/               |          |
|    episodes         | 640      |
|    fps              | 591      |
|    time_elapsed     | 782      |
|    total_timesteps  | 462240   |
| train/              |          |
|    learning_rate    | 0.0001   |
|    loss             | 0.00081  |
|    n_updates        | 38103    |
----------------------------------
-------------------------------
| time/              |        |
|    episodes        | 641    |
|    fps             | 591    |
|    time_elapsed    | 782    |
|    total_timesteps | 462240 |
-------------------------------
-------------------------------
| time/              |        |
|    episodes        | 642    |
|    fps             | 591    |
|    time_elapsed    | 782    |
|    total_timesteps | 462240 |
-------------------------------
----------------------------------
| rollout/            |          |
|    exploration_rate | 0.05     |
| time/               |          |
|    episodes         | 643      |
|    fps              | 591      |
|    time_elapsed     | 784      |
|    total_timesteps  | 464400   |
| train/              |          |
|    learning_rate    | 0.0001   |
|    loss             | 0.000472 |
|    n_updates        | 38283    |
----------------------------------
-------------------------------
| time/              |        |
|    episodes        | 644    |
|    fps             | 591    |
|    time_elapsed    | 784    |
|    total_timesteps | 464400 |
-------------------------------
-------------------------------
| time/              |        |
|    episodes        | 645    |
|    fps             | 591    |
|    time_elapsed    | 784    |
|    total_timesteps | 464400 |
-------------------------------
  step  465000/500000 ( 93.0%)  eps=0.050  updates= 38333  mean_rew=-0.003
----------------------------------
| rollout/            |          |
|    exploration_rate | 0.05     |
| time/               |          |
|    episodes         | 646      |
|    fps              | 592      |
|    time_elapsed     | 787      |
|    total_timesteps  | 466560   |
| train/              |          |
|    learning_rate    | 0.0001   |
|    loss             | 8.26e-05 |
|    n_updates        | 38463    |
----------------------------------
-------------------------------
| time/              |        |
|    episodes        | 647    |
|    fps             | 592    |
|    time_elapsed    | 787    |
|    total_timesteps | 466560 |
-------------------------------
-------------------------------
| time/              |        |
|    episodes        | 648    |
|    fps             | 592    |
|    time_elapsed    | 787    |
|    total_timesteps | 466560 |
-------------------------------
----------------------------------
| rollout/            |          |
|    exploration_rate | 0.05     |
| time/               |          |
|    episodes         | 649      |
|    fps              | 592      |
|    time_elapsed     | 790      |
|    total_timesteps  | 468720   |
| train/              |          |
|    learning_rate    | 0.0001   |
|    loss             | 0.000608 |
|    n_updates        | 38643    |
----------------------------------
-------------------------------
| time/              |        |
|    episodes        | 650    |
|    fps             | 592    |
|    time_elapsed    | 790    |
|    total_timesteps | 468720 |
-------------------------------
-------------------------------
| time/              |        |
|    episodes        | 651    |
|    fps             | 592    |
|    time_elapsed    | 790    |
|    total_timesteps | 468720 |
-------------------------------
----------------------------------
| rollout/            |          |
|    exploration_rate | 0.05     |
| time/               |          |
|    episodes         | 652      |
|    fps              | 593      |
|    time_elapsed     | 793      |
|    total_timesteps  | 470880   |
| train/              |          |
|    learning_rate    | 0.0001   |
|    loss             | 0.00447  |
|    n_updates        | 38823    |
----------------------------------
-------------------------------
| time/              |        |
|    episodes        | 653    |
|    fps             | 593    |
|    time_elapsed    | 793    |
|    total_timesteps | 470880 |
-------------------------------
-------------------------------
| time/              |        |
|    episodes        | 654    |
|    fps             | 593    |
|    time_elapsed    | 793    |
|    total_timesteps | 470880 |
-------------------------------
----------------------------------
| rollout/            |          |
|    exploration_rate | 0.05     |
| time/               |          |
|    episodes         | 655      |
|    fps              | 594      |
|    time_elapsed     | 796      |
|    total_timesteps  | 473040   |
| train/              |          |
|    learning_rate    | 0.0001   |
|    loss             | 0.000125 |
|    n_updates        | 39003    |
----------------------------------
-------------------------------
| time/              |        |
|    episodes        | 656    |
|    fps             | 594    |
|    time_elapsed    | 796    |
|    total_timesteps | 473040 |
-------------------------------
-------------------------------
| time/              |        |
|    episodes        | 657    |
|    fps             | 594    |
|    time_elapsed    | 796    |
|    total_timesteps | 473040 |
-------------------------------
----------------------------------
| rollout/            |          |
|    exploration_rate | 0.05     |
| time/               |          |
|    episodes         | 658      |
|    fps              | 594      |
|    time_elapsed     | 798      |
|    total_timesteps  | 475200   |
| train/              |          |
|    learning_rate    | 0.0001   |
|    loss             | 0.000165 |
|    n_updates        | 39183    |
----------------------------------
-------------------------------
| time/              |        |
|    episodes        | 659    |
|    fps             | 594    |
|    time_elapsed    | 798    |
|    total_timesteps | 475200 |
-------------------------------
-------------------------------
| time/              |        |
|    episodes        | 660    |
|    fps             | 594    |
|    time_elapsed    | 798    |
|    total_timesteps | 475200 |
-------------------------------
----------------------------------
| rollout/            |          |
|    exploration_rate | 0.05     |
| time/               |          |
|    episodes         | 661      |
|    fps              | 595      |
|    time_elapsed     | 801      |
|    total_timesteps  | 477360   |
| train/              |          |
|    learning_rate    | 0.0001   |
|    loss             | 0.000601 |
|    n_updates        | 39363    |
----------------------------------
-------------------------------
| time/              |        |
|    episodes        | 662    |
|    fps             | 595    |
|    time_elapsed    | 801    |
|    total_timesteps | 477360 |
-------------------------------
-------------------------------
| time/              |        |
|    episodes        | 663    |
|    fps             | 595    |
|    time_elapsed    | 801    |
|    total_timesteps | 477360 |
-------------------------------
----------------------------------
| rollout/            |          |
|    exploration_rate | 0.05     |
| time/               |          |
|    episodes         | 664      |
|    fps              | 595      |
|    time_elapsed     | 804      |
|    total_timesteps  | 479520   |
| train/              |          |
|    learning_rate    | 0.0001   |
|    loss             | 0.000885 |
|    n_updates        | 39543    |
----------------------------------
-------------------------------
| time/              |        |
|    episodes        | 665    |
|    fps             | 595    |
|    time_elapsed    | 804    |
|    total_timesteps | 479520 |
-------------------------------
-------------------------------
| time/              |        |
|    episodes        | 666    |
|    fps             | 595    |
|    time_elapsed    | 804    |
|    total_timesteps | 479520 |
-------------------------------
  step  480000/500000 ( 96.0%)  eps=0.050  updates= 39583  mean_rew=-0.002
----------------------------------
| rollout/            |          |
|    exploration_rate | 0.05     |
| time/               |          |
|    episodes         | 667      |
|    fps              | 596      |
|    time_elapsed     | 807      |
|    total_timesteps  | 481680   |
| train/              |          |
|    learning_rate    | 0.0001   |
|    loss             | 5.52e-05 |
|    n_updates        | 39723    |
----------------------------------
-------------------------------
| time/              |        |
|    episodes        | 668    |
|    fps             | 596    |
|    time_elapsed    | 807    |
|    total_timesteps | 481680 |
-------------------------------
-------------------------------
| time/              |        |
|    episodes        | 669    |
|    fps             | 596    |
|    time_elapsed    | 807    |
|    total_timesteps | 481680 |
-------------------------------
----------------------------------
| rollout/            |          |
|    exploration_rate | 0.05     |
| time/               |          |
|    episodes         | 670      |
|    fps              | 597      |
|    time_elapsed     | 810      |
|    total_timesteps  | 483840   |
| train/              |          |
|    learning_rate    | 0.0001   |
|    loss             | 0.248    |
|    n_updates        | 39903    |
----------------------------------
-------------------------------
| time/              |        |
|    episodes        | 671    |
|    fps             | 597    |
|    time_elapsed    | 810    |
|    total_timesteps | 483840 |
-------------------------------
-------------------------------
| time/              |        |
|    episodes        | 672    |
|    fps             | 597    |
|    time_elapsed    | 810    |
|    total_timesteps | 483840 |
-------------------------------
----------------------------------
| rollout/            |          |
|    exploration_rate | 0.05     |
| time/               |          |
|    episodes         | 673      |
|    fps              | 597      |
|    time_elapsed     | 812      |
|    total_timesteps  | 486000   |
| train/              |          |
|    learning_rate    | 0.0001   |
|    loss             | 0.000124 |
|    n_updates        | 40083    |
----------------------------------
-------------------------------
| time/              |        |
|    episodes        | 674    |
|    fps             | 597    |
|    time_elapsed    | 812    |
|    total_timesteps | 486000 |
-------------------------------
-------------------------------
| time/              |        |
|    episodes        | 675    |
|    fps             | 597    |
|    time_elapsed    | 812    |
|    total_timesteps | 486000 |
-------------------------------
----------------------------------
| rollout/            |          |
|    exploration_rate | 0.05     |
| time/               |          |
|    episodes         | 676      |
|    fps              | 598      |
|    time_elapsed     | 815      |
|    total_timesteps  | 488160   |
| train/              |          |
|    learning_rate    | 0.0001   |
|    loss             | 0.00068  |
|    n_updates        | 40263    |
----------------------------------
-------------------------------
| time/              |        |
|    episodes        | 677    |
|    fps             | 598    |
|    time_elapsed    | 815    |
|    total_timesteps | 488160 |
-------------------------------
-------------------------------
| time/              |        |
|    episodes        | 678    |
|    fps             | 598    |
|    time_elapsed    | 815    |
|    total_timesteps | 488160 |
-------------------------------
----------------------------------
| rollout/            |          |
|    exploration_rate | 0.05     |
| time/               |          |
|    episodes         | 679      |
|    fps              | 599      |
|    time_elapsed     | 818      |
|    total_timesteps  | 490320   |
| train/              |          |
|    learning_rate    | 0.0001   |
|    loss             | 0.00244  |
|    n_updates        | 40443    |
----------------------------------
-------------------------------
| time/              |        |
|    episodes        | 680    |
|    fps             | 599    |
|    time_elapsed    | 818    |
|    total_timesteps | 490320 |
-------------------------------
-------------------------------
| time/              |        |
|    episodes        | 681    |
|    fps             | 599    |
|    time_elapsed    | 818    |
|    total_timesteps | 490320 |
-------------------------------
----------------------------------
| rollout/            |          |
|    exploration_rate | 0.05     |
| time/               |          |
|    episodes         | 682      |
|    fps              | 599      |
|    time_elapsed     | 821      |
|    total_timesteps  | 492480   |
| train/              |          |
|    learning_rate    | 0.0001   |
|    loss             | 0.000187 |
|    n_updates        | 40623    |
----------------------------------
-------------------------------
| time/              |        |
|    episodes        | 683    |
|    fps             | 599    |
|    time_elapsed    | 821    |
|    total_timesteps | 492480 |
-------------------------------
-------------------------------
| time/              |        |
|    episodes        | 684    |
|    fps             | 599    |
|    time_elapsed    | 821    |
|    total_timesteps | 492480 |
-------------------------------
----------------------------------
| rollout/            |          |
|    exploration_rate | 0.05     |
| time/               |          |
|    episodes         | 685      |
|    fps              | 600      |
|    time_elapsed     | 823      |
|    total_timesteps  | 494640   |
| train/              |          |
|    learning_rate    | 0.0001   |
|    loss             | 0.000559 |
|    n_updates        | 40803    |
----------------------------------
-------------------------------
| time/              |        |
|    episodes        | 686    |
|    fps             | 600    |
|    time_elapsed    | 823    |
|    total_timesteps | 494640 |
-------------------------------
-------------------------------
| time/              |        |
|    episodes        | 687    |
|    fps             | 600    |
|    time_elapsed    | 823    |
|    total_timesteps | 494640 |
-------------------------------
  step  495000/500000 ( 99.0%)  eps=0.050  updates= 40833  mean_rew=-0.005
----------------------------------
| rollout/            |          |
|    exploration_rate | 0.05     |
| time/               |          |
|    episodes         | 688      |
|    fps              | 601      |
|    time_elapsed     | 826      |
|    total_timesteps  | 496800   |
| train/              |          |
|    learning_rate    | 0.0001   |
|    loss             | 0.00045  |
|    n_updates        | 40983    |
----------------------------------
-------------------------------
| time/              |        |
|    episodes        | 689    |
|    fps             | 601    |
|    time_elapsed    | 826    |
|    total_timesteps | 496800 |
-------------------------------
-------------------------------
| time/              |        |
|    episodes        | 690    |
|    fps             | 601    |
|    time_elapsed    | 826    |
|    total_timesteps | 496800 |
-------------------------------
----------------------------------
| rollout/            |          |
|    exploration_rate | 0.05     |
| time/               |          |
|    episodes         | 691      |
|    fps              | 601      |
|    time_elapsed     | 829      |
|    total_timesteps  | 498960   |
| train/              |          |
|    learning_rate    | 0.0001   |
|    loss             | 0.00057  |
|    n_updates        | 41163    |
----------------------------------
-------------------------------
| time/              |        |
|    episodes        | 692    |
|    fps             | 601    |
|    time_elapsed    | 829    |
|    total_timesteps | 498960 |
-------------------------------
-------------------------------
| time/              |        |
|    episodes        | 693    |
|    fps             | 601    |
|    time_elapsed    | 829    |
|    total_timesteps | 498960 |
-------------------------------
[cologne3.net-DDQN] Done. Saved -> /workspace/rl-traffic/exp_cologne3_real/ddqn_queue_s777
