Using libsumo as traci as requested by environment variable.
[cologne3.net-PPO] 3 agents | reward=pressure | seed=777
  obs=(7,) | act=Discrete(3)
Using cpu device
-----------------------------
| time/              |      |
|    fps             | 690  |
|    iterations      | 1    |
|    time_elapsed    | 2    |
|    total_timesteps | 1536 |
-----------------------------
-----------------------------------------
| time/                   |             |
|    fps                  | 636         |
|    iterations           | 2           |
|    time_elapsed         | 4           |
|    total_timesteps      | 3072        |
| train/                  |             |
|    approx_kl            | 0.011942752 |
|    clip_fraction        | 0.109       |
|    clip_range           | 0.2         |
|    entropy_loss         | -1.09       |
|    explained_variance   | -0.0478     |
|    learning_rate        | 0.0003      |
|    loss                 | -0.0153     |
|    n_updates            | 10          |
|    policy_gradient_loss | -0.00879    |
|    value_loss           | 0.0111      |
-----------------------------------------
------------------------------------------
| time/                   |              |
|    fps                  | 659          |
|    iterations           | 3            |
|    time_elapsed         | 6            |
|    total_timesteps      | 4608         |
| train/                  |              |
|    approx_kl            | 0.0114699965 |
|    clip_fraction        | 0.0706       |
|    clip_range           | 0.2          |
|    entropy_loss         | -1.07        |
|    explained_variance   | 0.371        |
|    learning_rate        | 0.0003       |
|    loss                 | 0.00386      |
|    n_updates            | 20           |
|    policy_gradient_loss | -0.00986     |
|    value_loss           | 0.0065       |
------------------------------------------
-----------------------------------------
| time/                   |             |
|    fps                  | 656         |
|    iterations           | 4           |
|    time_elapsed         | 9           |
|    total_timesteps      | 6144        |
| train/                  |             |
|    approx_kl            | 0.008664463 |
|    clip_fraction        | 0.0398      |
|    clip_range           | 0.2         |
|    entropy_loss         | -1.03       |
|    explained_variance   | 0.579       |
|    learning_rate        | 0.0003      |
|    loss                 | 0.0124      |
|    n_updates            | 30          |
|    policy_gradient_loss | -0.00494    |
|    value_loss           | 0.00443     |
-----------------------------------------
-----------------------------------------
| time/                   |             |
|    fps                  | 631         |
|    iterations           | 5           |
|    time_elapsed         | 12          |
|    total_timesteps      | 7680        |
| train/                  |             |
|    approx_kl            | 0.009281319 |
|    clip_fraction        | 0.169       |
|    clip_range           | 0.2         |
|    entropy_loss         | -1.02       |
|    explained_variance   | 0.523       |
|    learning_rate        | 0.0003      |
|    loss                 | -0.0187     |
|    n_updates            | 40          |
|    policy_gradient_loss | -0.0166     |
|    value_loss           | 0.00852     |
-----------------------------------------
-----------------------------------------
| time/                   |             |
|    fps                  | 643         |
|    iterations           | 6           |
|    time_elapsed         | 14          |
|    total_timesteps      | 9216        |
| train/                  |             |
|    approx_kl            | 0.009818892 |
|    clip_fraction        | 0.157       |
|    clip_range           | 0.2         |
|    entropy_loss         | -0.997      |
|    explained_variance   | 0.369       |
|    learning_rate        | 0.0003      |
|    loss                 | -0.0171     |
|    n_updates            | 50          |
|    policy_gradient_loss | -0.0112     |
|    value_loss           | 0.0292      |
-----------------------------------------
-----------------------------------------
| time/                   |             |
|    fps                  | 653         |
|    iterations           | 7           |
|    time_elapsed         | 16          |
|    total_timesteps      | 10752       |
| train/                  |             |
|    approx_kl            | 0.009986703 |
|    clip_fraction        | 0.0674      |
|    clip_range           | 0.2         |
|    entropy_loss         | -0.974      |
|    explained_variance   | 0.554       |
|    learning_rate        | 0.0003      |
|    loss                 | -0.0143     |
|    n_updates            | 60          |
|    policy_gradient_loss | -0.00603    |
|    value_loss           | 0.00644     |
-----------------------------------------
-----------------------------------------
| time/                   |             |
|    fps                  | 656         |
|    iterations           | 8           |
|    time_elapsed         | 18          |
|    total_timesteps      | 12288       |
| train/                  |             |
|    approx_kl            | 0.010113497 |
|    clip_fraction        | 0.0886      |
|    clip_range           | 0.2         |
|    entropy_loss         | -0.926      |
|    explained_variance   | 0.695       |
|    learning_rate        | 0.0003      |
|    loss                 | -0.0163     |
|    n_updates            | 70          |
|    policy_gradient_loss | -0.0101     |
|    value_loss           | 0.0032      |
-----------------------------------------
-----------------------------------------
| time/                   |             |
|    fps                  | 652         |
|    iterations           | 9           |
|    time_elapsed         | 21          |
|    total_timesteps      | 13824       |
| train/                  |             |
|    approx_kl            | 0.012394179 |
|    clip_fraction        | 0.149       |
|    clip_range           | 0.2         |
|    entropy_loss         | -0.871      |
|    explained_variance   | 0.642       |
|    learning_rate        | 0.0003      |
|    loss                 | 0.00492     |
|    n_updates            | 80          |
|    policy_gradient_loss | -0.0113     |
|    value_loss           | 0.00493     |
-----------------------------------------
  step   15000/500000 (  3.0%)  mean_rew=-0.070
------------------------------------------
| time/                   |              |
|    fps                  | 546          |
|    iterations           | 10           |
|    time_elapsed         | 28           |
|    total_timesteps      | 15360        |
| train/                  |              |
|    approx_kl            | 0.0042461525 |
|    clip_fraction        | 0.0148       |
|    clip_range           | 0.2          |
|    entropy_loss         | -0.872       |
|    explained_variance   | 0.594        |
|    learning_rate        | 0.0003       |
|    loss                 | 0.0107       |
|    n_updates            | 90           |
|    policy_gradient_loss | -0.000863    |
|    value_loss           | 0.0463       |
------------------------------------------
-----------------------------------------
| time/                   |             |
|    fps                  | 555         |
|    iterations           | 11          |
|    time_elapsed         | 30          |
|    total_timesteps      | 16896       |
| train/                  |             |
|    approx_kl            | 0.006719209 |
|    clip_fraction        | 0.0338      |
|    clip_range           | 0.2         |
|    entropy_loss         | -0.896      |
|    explained_variance   | 0.827       |
|    learning_rate        | 0.0003      |
|    loss                 | 0.171       |
|    n_updates            | 100         |
|    policy_gradient_loss | -0.0043     |
|    value_loss           | 0.314       |
-----------------------------------------
-----------------------------------------
| time/                   |             |
|    fps                  | 563         |
|    iterations           | 12          |
|    time_elapsed         | 32          |
|    total_timesteps      | 18432       |
| train/                  |             |
|    approx_kl            | 0.011574755 |
|    clip_fraction        | 0.0984      |
|    clip_range           | 0.2         |
|    entropy_loss         | -0.884      |
|    explained_variance   | 0.703       |
|    learning_rate        | 0.0003      |
|    loss                 | -0.00883    |
|    n_updates            | 110         |
|    policy_gradient_loss | -0.00849    |
|    value_loss           | 0.0287      |
-----------------------------------------
-----------------------------------------
| time/                   |             |
|    fps                  | 574         |
|    iterations           | 13          |
|    time_elapsed         | 34          |
|    total_timesteps      | 19968       |
| train/                  |             |
|    approx_kl            | 0.011273979 |
|    clip_fraction        | 0.0607      |
|    clip_range           | 0.2         |
|    entropy_loss         | -0.873      |
|    explained_variance   | 0.664       |
|    learning_rate        | 0.0003      |
|    loss                 | -0.0105     |
|    n_updates            | 120         |
|    policy_gradient_loss | -0.00626    |
|    value_loss           | 0.0142      |
-----------------------------------------
-----------------------------------------
| time/                   |             |
|    fps                  | 582         |
|    iterations           | 14          |
|    time_elapsed         | 36          |
|    total_timesteps      | 21504       |
| train/                  |             |
|    approx_kl            | 0.010969183 |
|    clip_fraction        | 0.0932      |
|    clip_range           | 0.2         |
|    entropy_loss         | -0.812      |
|    explained_variance   | 0.699       |
|    learning_rate        | 0.0003      |
|    loss                 | -0.00947    |
|    n_updates            | 130         |
|    policy_gradient_loss | -0.00892    |
|    value_loss           | 0.0105      |
-----------------------------------------
-----------------------------------------
| time/                   |             |
|    fps                  | 588         |
|    iterations           | 15          |
|    time_elapsed         | 39          |
|    total_timesteps      | 23040       |
| train/                  |             |
|    approx_kl            | 0.008451252 |
|    clip_fraction        | 0.0516      |
|    clip_range           | 0.2         |
|    entropy_loss         | -0.731      |
|    explained_variance   | 0.786       |
|    learning_rate        | 0.0003      |
|    loss                 | 0.00838     |
|    n_updates            | 140         |
|    policy_gradient_loss | -0.00528    |
|    value_loss           | 0.00671     |
-----------------------------------------
------------------------------------------
| time/                   |              |
|    fps                  | 592          |
|    iterations           | 16           |
|    time_elapsed         | 41           |
|    total_timesteps      | 24576        |
| train/                  |              |
|    approx_kl            | 0.0036948293 |
|    clip_fraction        | 0.0446       |
|    clip_range           | 0.2          |
|    entropy_loss         | -0.667       |
|    explained_variance   | 0.734        |
|    learning_rate        | 0.0003       |
|    loss                 | -0.000617    |
|    n_updates            | 150          |
|    policy_gradient_loss | -0.00328     |
|    value_loss           | 0.00648      |
------------------------------------------
-----------------------------------------
| time/                   |             |
|    fps                  | 599         |
|    iterations           | 17          |
|    time_elapsed         | 43          |
|    total_timesteps      | 26112       |
| train/                  |             |
|    approx_kl            | 0.005136033 |
|    clip_fraction        | 0.0505      |
|    clip_range           | 0.2         |
|    entropy_loss         | -0.63       |
|    explained_variance   | 0.729       |
|    learning_rate        | 0.0003      |
|    loss                 | -0.00369    |
|    n_updates            | 160         |
|    policy_gradient_loss | -0.00463    |
|    value_loss           | 0.00573     |
-----------------------------------------
------------------------------------------
| time/                   |              |
|    fps                  | 600          |
|    iterations           | 18           |
|    time_elapsed         | 46           |
|    total_timesteps      | 27648        |
| train/                  |              |
|    approx_kl            | 0.0031322234 |
|    clip_fraction        | 0.0191       |
|    clip_range           | 0.2          |
|    entropy_loss         | -0.578       |
|    explained_variance   | 0.69         |
|    learning_rate        | 0.0003       |
|    loss                 | 0.0088       |
|    n_updates            | 170          |
|    policy_gradient_loss | -0.00191     |
|    value_loss           | 0.00404      |
------------------------------------------
-----------------------------------------
| time/                   |             |
|    fps                  | 603         |
|    iterations           | 19          |
|    time_elapsed         | 48          |
|    total_timesteps      | 29184       |
| train/                  |             |
|    approx_kl            | 0.003337017 |
|    clip_fraction        | 0.0238      |
|    clip_range           | 0.2         |
|    entropy_loss         | -0.516      |
|    explained_variance   | 0.772       |
|    learning_rate        | 0.0003      |
|    loss                 | -0.00404    |
|    n_updates            | 180         |
|    policy_gradient_loss | -0.00214    |
|    value_loss           | 0.00314     |
-----------------------------------------
  step   30000/500000 (  6.0%)  mean_rew=-0.049
------------------------------------------
| time/                   |              |
|    fps                  | 588          |
|    iterations           | 20           |
|    time_elapsed         | 52           |
|    total_timesteps      | 30720        |
| train/                  |              |
|    approx_kl            | 0.0015446848 |
|    clip_fraction        | 0.00866      |
|    clip_range           | 0.2          |
|    entropy_loss         | -0.475       |
|    explained_variance   | 0.711        |
|    learning_rate        | 0.0003       |
|    loss                 | -0.00562     |
|    n_updates            | 190          |
|    policy_gradient_loss | -0.000899    |
|    value_loss           | 0.00384      |
------------------------------------------
------------------------------------------
| time/                   |              |
|    fps                  | 593          |
|    iterations           | 21           |
|    time_elapsed         | 54           |
|    total_timesteps      | 32256        |
| train/                  |              |
|    approx_kl            | 0.0015898546 |
|    clip_fraction        | 0.0191       |
|    clip_range           | 0.2          |
|    entropy_loss         | -0.48        |
|    explained_variance   | 0.76         |
|    learning_rate        | 0.0003       |
|    loss                 | 0.039        |
|    n_updates            | 200          |
|    policy_gradient_loss | -0.00194     |
|    value_loss           | 0.197        |
------------------------------------------
------------------------------------------
| time/                   |              |
|    fps                  | 596          |
|    iterations           | 22           |
|    time_elapsed         | 56           |
|    total_timesteps      | 33792        |
| train/                  |              |
|    approx_kl            | 0.0037434779 |
|    clip_fraction        | 0.0534       |
|    clip_range           | 0.2          |
|    entropy_loss         | -0.456       |
|    explained_variance   | 0.402        |
|    learning_rate        | 0.0003       |
|    loss                 | 0.00363      |
|    n_updates            | 210          |
|    policy_gradient_loss | -0.00351     |
|    value_loss           | 0.00531      |
------------------------------------------
------------------------------------------
| time/                   |              |
|    fps                  | 599          |
|    iterations           | 23           |
|    time_elapsed         | 58           |
|    total_timesteps      | 35328        |
| train/                  |              |
|    approx_kl            | 0.0023580128 |
|    clip_fraction        | 0.032        |
|    clip_range           | 0.2          |
|    entropy_loss         | -0.43        |
|    explained_variance   | 0.409        |
|    learning_rate        | 0.0003       |
|    loss                 | -0.000468    |
|    n_updates            | 220          |
|    policy_gradient_loss | -0.00204     |
|    value_loss           | 0.00603      |
------------------------------------------
------------------------------------------
| time/                   |              |
|    fps                  | 605          |
|    iterations           | 24           |
|    time_elapsed         | 60           |
|    total_timesteps      | 36864        |
| train/                  |              |
|    approx_kl            | 0.0022022543 |
|    clip_fraction        | 0.0243       |
|    clip_range           | 0.2          |
|    entropy_loss         | -0.411       |
|    explained_variance   | 0.548        |
|    learning_rate        | 0.0003       |
|    loss                 | 0.00635      |
|    n_updates            | 230          |
|    policy_gradient_loss | -0.00149     |
|    value_loss           | 0.00794      |
------------------------------------------
------------------------------------------
| time/                   |              |
|    fps                  | 578          |
|    iterations           | 25           |
|    time_elapsed         | 66           |
|    total_timesteps      | 38400        |
| train/                  |              |
|    approx_kl            | 0.0012802207 |
|    clip_fraction        | 0.00846      |
|    clip_range           | 0.2          |
|    entropy_loss         | -0.381       |
|    explained_variance   | 0.407        |
|    learning_rate        | 0.0003       |
|    loss                 | -0.0012      |
|    n_updates            | 240          |
|    policy_gradient_loss | -0.000757    |
|    value_loss           | 0.00322      |
------------------------------------------
------------------------------------------
| time/                   |              |
|    fps                  | 563          |
|    iterations           | 26           |
|    time_elapsed         | 70           |
|    total_timesteps      | 39936        |
| train/                  |              |
|    approx_kl            | 0.0012681087 |
|    clip_fraction        | 0.00612      |
|    clip_range           | 0.2          |
|    entropy_loss         | -0.398       |
|    explained_variance   | 0.856        |
|    learning_rate        | 0.0003       |
|    loss                 | 0.0569       |
|    n_updates            | 250          |
|    policy_gradient_loss | -0.00085     |
|    value_loss           | 0.156        |
------------------------------------------
------------------------------------------
| time/                   |              |
|    fps                  | 568          |
|    iterations           | 27           |
|    time_elapsed         | 72           |
|    total_timesteps      | 41472        |
| train/                  |              |
|    approx_kl            | 0.0023424402 |
|    clip_fraction        | 0.0298       |
|    clip_range           | 0.2          |
|    entropy_loss         | -0.422       |
|    explained_variance   | 0.906        |
|    learning_rate        | 0.0003       |
|    loss                 | 0.416        |
|    n_updates            | 260          |
|    policy_gradient_loss | -0.00309     |
|    value_loss           | 0.4          |
------------------------------------------
------------------------------------------
| time/                   |              |
|    fps                  | 567          |
|    iterations           | 28           |
|    time_elapsed         | 75           |
|    total_timesteps      | 43008        |
| train/                  |              |
|    approx_kl            | 0.0030526286 |
|    clip_fraction        | 0.0495       |
|    clip_range           | 0.2          |
|    entropy_loss         | -0.404       |
|    explained_variance   | 0.725        |
|    learning_rate        | 0.0003       |
|    loss                 | 0.00552      |
|    n_updates            | 270          |
|    policy_gradient_loss | -0.0031      |
|    value_loss           | 0.00973      |
------------------------------------------
------------------------------------------
| time/                   |              |
|    fps                  | 567          |
|    iterations           | 29           |
|    time_elapsed         | 78           |
|    total_timesteps      | 44544        |
| train/                  |              |
|    approx_kl            | 0.0012550136 |
|    clip_fraction        | 0.0135       |
|    clip_range           | 0.2          |
|    entropy_loss         | -0.418       |
|    explained_variance   | 0.936        |
|    learning_rate        | 0.0003       |
|    loss                 | 0.0177       |
|    n_updates            | 280          |
|    policy_gradient_loss | -0.000826    |
|    value_loss           | 0.0346       |
------------------------------------------
  step   45000/500000 (  9.0%)  mean_rew=-0.023
------------------------------------------
| time/                   |              |
|    fps                  | 564          |
|    iterations           | 30           |
|    time_elapsed         | 81           |
|    total_timesteps      | 46080        |
| train/                  |              |
|    approx_kl            | 0.0023612494 |
|    clip_fraction        | 0.0394       |
|    clip_range           | 0.2          |
|    entropy_loss         | -0.407       |
|    explained_variance   | 0.839        |
|    learning_rate        | 0.0003       |
|    loss                 | 0.0712       |
|    n_updates            | 290          |
|    policy_gradient_loss | -0.00212     |
|    value_loss           | 0.159        |
------------------------------------------
----------------------------------------
| time/                   |            |
|    fps                  | 569        |
|    iterations           | 31         |
|    time_elapsed         | 83         |
|    total_timesteps      | 47616      |
| train/                  |            |
|    approx_kl            | 0.00155041 |
|    clip_fraction        | 0.0221     |
|    clip_range           | 0.2        |
|    entropy_loss         | -0.407     |
|    explained_variance   | 0.905      |
|    learning_rate        | 0.0003     |
|    loss                 | 0.0453     |
|    n_updates            | 300        |
|    policy_gradient_loss | -0.00431   |
|    value_loss           | 0.201      |
----------------------------------------
------------------------------------------
| time/                   |              |
|    fps                  | 572          |
|    iterations           | 32           |
|    time_elapsed         | 85           |
|    total_timesteps      | 49152        |
| train/                  |              |
|    approx_kl            | 0.0021824113 |
|    clip_fraction        | 0.0195       |
|    clip_range           | 0.2          |
|    entropy_loss         | -0.388       |
|    explained_variance   | 0.12         |
|    learning_rate        | 0.0003       |
|    loss                 | 0.00262      |
|    n_updates            | 310          |
|    policy_gradient_loss | -0.00133     |
|    value_loss           | 0.0107       |
------------------------------------------
------------------------------------------
| time/                   |              |
|    fps                  | 575          |
|    iterations           | 33           |
|    time_elapsed         | 88           |
|    total_timesteps      | 50688        |
| train/                  |              |
|    approx_kl            | 0.0018968593 |
|    clip_fraction        | 0.0285       |
|    clip_range           | 0.2          |
|    entropy_loss         | -0.367       |
|    explained_variance   | 0.119        |
|    learning_rate        | 0.0003       |
|    loss                 | 0.0155       |
|    n_updates            | 320          |
|    policy_gradient_loss | -0.00261     |
|    value_loss           | 0.0104       |
------------------------------------------
------------------------------------------
| time/                   |              |
|    fps                  | 579          |
|    iterations           | 34           |
|    time_elapsed         | 90           |
|    total_timesteps      | 52224        |
| train/                  |              |
|    approx_kl            | 0.0018884931 |
|    clip_fraction        | 0.0108       |
|    clip_range           | 0.2          |
|    entropy_loss         | -0.349       |
|    explained_variance   | -0.0123      |
|    learning_rate        | 0.0003       |
|    loss                 | 0.00356      |
|    n_updates            | 330          |
|    policy_gradient_loss | -0.000822    |
|    value_loss           | 0.0104       |
------------------------------------------
------------------------------------------
| time/                   |              |
|    fps                  | 582          |
|    iterations           | 35           |
|    time_elapsed         | 92           |
|    total_timesteps      | 53760        |
| train/                  |              |
|    approx_kl            | 0.0019555122 |
|    clip_fraction        | 0.0264       |
|    clip_range           | 0.2          |
|    entropy_loss         | -0.304       |
|    explained_variance   | -0.0166      |
|    learning_rate        | 0.0003       |
|    loss                 | -9.65e-05    |
|    n_updates            | 340          |
|    policy_gradient_loss | -0.00238     |
|    value_loss           | 0.00633      |
------------------------------------------
------------------------------------------
| time/                   |              |
|    fps                  | 585          |
|    iterations           | 36           |
|    time_elapsed         | 94           |
|    total_timesteps      | 55296        |
| train/                  |              |
|    approx_kl            | 0.0016277129 |
|    clip_fraction        | 0.0156       |
|    clip_range           | 0.2          |
|    entropy_loss         | -0.299       |
|    explained_variance   | 0.0785       |
|    learning_rate        | 0.0003       |
|    loss                 | 0.00503      |
|    n_updates            | 350          |
|    policy_gradient_loss | -0.00157     |
|    value_loss           | 0.00551      |
------------------------------------------
------------------------------------------
| time/                   |              |
|    fps                  | 588          |
|    iterations           | 37           |
|    time_elapsed         | 96           |
|    total_timesteps      | 56832        |
| train/                  |              |
|    approx_kl            | 0.0013060174 |
|    clip_fraction        | 0.0099       |
|    clip_range           | 0.2          |
|    entropy_loss         | -0.272       |
|    explained_variance   | 0.237        |
|    learning_rate        | 0.0003       |
|    loss                 | 1.75e-05     |
|    n_updates            | 360          |
|    policy_gradient_loss | -0.00111     |
|    value_loss           | 0.0128       |
------------------------------------------
------------------------------------------
| time/                   |              |
|    fps                  | 563          |
|    iterations           | 38           |
|    time_elapsed         | 103          |
|    total_timesteps      | 58368        |
| train/                  |              |
|    approx_kl            | 0.0016137738 |
|    clip_fraction        | 0.0159       |
|    clip_range           | 0.2          |
|    entropy_loss         | -0.241       |
|    explained_variance   | 0.323        |
|    learning_rate        | 0.0003       |
|    loss                 | -0.00699     |
|    n_updates            | 370          |
|    policy_gradient_loss | -0.00165     |
|    value_loss           | 0.0076       |
------------------------------------------
------------------------------------------
| time/                   |              |
|    fps                  | 566          |
|    iterations           | 39           |
|    time_elapsed         | 105          |
|    total_timesteps      | 59904        |
| train/                  |              |
|    approx_kl            | 0.0014760046 |
|    clip_fraction        | 0.0166       |
|    clip_range           | 0.2          |
|    entropy_loss         | -0.223       |
|    explained_variance   | 0.899        |
|    learning_rate        | 0.0003       |
|    loss                 | 0.44         |
|    n_updates            | 380          |
|    policy_gradient_loss | -0.00205     |
|    value_loss           | 0.457        |
------------------------------------------
  step   60000/500000 ( 12.0%)  mean_rew=-0.001
------------------------------------------
| time/                   |              |
|    fps                  | 569          |
|    iterations           | 40           |
|    time_elapsed         | 107          |
|    total_timesteps      | 61440        |
| train/                  |              |
|    approx_kl            | 0.0011624247 |
|    clip_fraction        | 0.0107       |
|    clip_range           | 0.2          |
|    entropy_loss         | -0.2         |
|    explained_variance   | 0.846        |
|    learning_rate        | 0.0003       |
|    loss                 | 0.00295      |
|    n_updates            | 390          |
|    policy_gradient_loss | -0.00103     |
|    value_loss           | 0.00821      |
------------------------------------------
------------------------------------------
| time/                   |              |
|    fps                  | 572          |
|    iterations           | 41           |
|    time_elapsed         | 109          |
|    total_timesteps      | 62976        |
| train/                  |              |
|    approx_kl            | 0.0006461518 |
|    clip_fraction        | 0.0082       |
|    clip_range           | 0.2          |
|    entropy_loss         | -0.186       |
|    explained_variance   | 0.793        |
|    learning_rate        | 0.0003       |
|    loss                 | 0.00132      |
|    n_updates            | 400          |
|    policy_gradient_loss | -0.000652    |
|    value_loss           | 0.00899      |
------------------------------------------
------------------------------------------
| time/                   |              |
|    fps                  | 555          |
|    iterations           | 42           |
|    time_elapsed         | 116          |
|    total_timesteps      | 64512        |
| train/                  |              |
|    approx_kl            | 0.0008417953 |
|    clip_fraction        | 0.0128       |
|    clip_range           | 0.2          |
|    entropy_loss         | -0.172       |
|    explained_variance   | 0.79         |
|    learning_rate        | 0.0003       |
|    loss                 | 0.000109     |
|    n_updates            | 410          |
|    policy_gradient_loss | -0.00112     |
|    value_loss           | 0.00554      |
------------------------------------------
-------------------------------------------
| time/                   |               |
|    fps                  | 551           |
|    iterations           | 43            |
|    time_elapsed         | 119           |
|    total_timesteps      | 66048         |
| train/                  |               |
|    approx_kl            | 0.00053778087 |
|    clip_fraction        | 0.00658       |
|    clip_range           | 0.2           |
|    entropy_loss         | -0.182        |
|    explained_variance   | 0.936         |
|    learning_rate        | 0.0003        |
|    loss                 | 0.0593        |
|    n_updates            | 420           |
|    policy_gradient_loss | -0.00079      |
|    value_loss           | 0.148         |
-------------------------------------------
------------------------------------------
| time/                   |              |
|    fps                  | 554          |
|    iterations           | 44           |
|    time_elapsed         | 121          |
|    total_timesteps      | 67584        |
| train/                  |              |
|    approx_kl            | 0.0005881046 |
|    clip_fraction        | 0.00605      |
|    clip_range           | 0.2          |
|    entropy_loss         | -0.195       |
|    explained_variance   | 0.891        |
|    learning_rate        | 0.0003       |
|    loss                 | 0.0695       |
|    n_updates            | 430          |
|    policy_gradient_loss | -0.000869    |
|    value_loss           | 0.37         |
------------------------------------------
-----------------------------------------
| time/                   |             |
|    fps                  | 557         |
|    iterations           | 45          |
|    time_elapsed         | 123         |
|    total_timesteps      | 69120       |
| train/                  |             |
|    approx_kl            | 0.001019133 |
|    clip_fraction        | 0.0175      |
|    clip_range           | 0.2         |
|    entropy_loss         | -0.167      |
|    explained_variance   | 0.858       |
|    learning_rate        | 0.0003      |
|    loss                 | 0.007       |
|    n_updates            | 440         |
|    policy_gradient_loss | -0.00143    |
|    value_loss           | 0.0103      |
-----------------------------------------
-------------------------------------------
| time/                   |               |
|    fps                  | 560           |
|    iterations           | 46            |
|    time_elapsed         | 126           |
|    total_timesteps      | 70656         |
| train/                  |               |
|    approx_kl            | 0.00054668565 |
|    clip_fraction        | 0.00749       |
|    clip_range           | 0.2           |
|    entropy_loss         | -0.168        |
|    explained_variance   | 0.815         |
|    learning_rate        | 0.0003        |
|    loss                 | 0.00644       |
|    n_updates            | 450           |
|    policy_gradient_loss | -0.000591     |
|    value_loss           | 0.0103        |
-------------------------------------------
-------------------------------------------
| time/                   |               |
|    fps                  | 561           |
|    iterations           | 47            |
|    time_elapsed         | 128           |
|    total_timesteps      | 72192         |
| train/                  |               |
|    approx_kl            | 0.00094811403 |
|    clip_fraction        | 0.0117        |
|    clip_range           | 0.2           |
|    entropy_loss         | -0.169        |
|    explained_variance   | 0.811         |
|    learning_rate        | 0.0003        |
|    loss                 | 0.00215       |
|    n_updates            | 460           |
|    policy_gradient_loss | -0.000925     |
|    value_loss           | 0.00972       |
-------------------------------------------
-------------------------------------------
| time/                   |               |
|    fps                  | 545           |
|    iterations           | 48            |
|    time_elapsed         | 135           |
|    total_timesteps      | 73728         |
| train/                  |               |
|    approx_kl            | 0.00070821535 |
|    clip_fraction        | 0.00833       |
|    clip_range           | 0.2           |
|    entropy_loss         | -0.171        |
|    explained_variance   | 0.894         |
|    learning_rate        | 0.0003        |
|    loss                 | 0.0663        |
|    n_updates            | 470           |
|    policy_gradient_loss | -0.000391     |
|    value_loss           | 0.123         |
-------------------------------------------
  step   75000/500000 ( 15.0%)  mean_rew=-0.001
-------------------------------------------
| time/                   |               |
|    fps                  | 549           |
|    iterations           | 49            |
|    time_elapsed         | 137           |
|    total_timesteps      | 75264         |
| train/                  |               |
|    approx_kl            | 0.00045083158 |
|    clip_fraction        | 0.0028        |
|    clip_range           | 0.2           |
|    entropy_loss         | -0.186        |
|    explained_variance   | 0.943         |
|    learning_rate        | 0.0003        |
|    loss                 | 0.403         |
|    n_updates            | 480           |
|    policy_gradient_loss | -0.000683     |
|    value_loss           | 0.631         |
-------------------------------------------
------------------------------------------
| time/                   |              |
|    fps                  | 551          |
|    iterations           | 50           |
|    time_elapsed         | 139          |
|    total_timesteps      | 76800        |
| train/                  |              |
|    approx_kl            | 0.0007871743 |
|    clip_fraction        | 0.0145       |
|    clip_range           | 0.2          |
|    entropy_loss         | -0.168       |
|    explained_variance   | 0.803        |
|    learning_rate        | 0.0003       |
|    loss                 | 0.00675      |
|    n_updates            | 490          |
|    policy_gradient_loss | -0.00176     |
|    value_loss           | 0.0283       |
------------------------------------------
-------------------------------------------
| time/                   |               |
|    fps                  | 555           |
|    iterations           | 51            |
|    time_elapsed         | 141           |
|    total_timesteps      | 78336         |
| train/                  |               |
|    approx_kl            | 0.00063016155 |
|    clip_fraction        | 0.0116        |
|    clip_range           | 0.2           |
|    entropy_loss         | -0.161        |
|    explained_variance   | 0.781         |
|    learning_rate        | 0.0003        |
|    loss                 | 0.00381       |
|    n_updates            | 500           |
|    policy_gradient_loss | -0.000815     |
|    value_loss           | 0.0185        |
-------------------------------------------
-------------------------------------------
| time/                   |               |
|    fps                  | 540           |
|    iterations           | 52            |
|    time_elapsed         | 147           |
|    total_timesteps      | 79872         |
| train/                  |               |
|    approx_kl            | 0.00039014904 |
|    clip_fraction        | 0.0056        |
|    clip_range           | 0.2           |
|    entropy_loss         | -0.149        |
|    explained_variance   | 0.809         |
|    learning_rate        | 0.0003        |
|    loss                 | 0.00471       |
|    n_updates            | 510           |
|    policy_gradient_loss | -0.000449     |
|    value_loss           | 0.00973       |
-------------------------------------------
-------------------------------------------
| time/                   |               |
|    fps                  | 535           |
|    iterations           | 53            |
|    time_elapsed         | 152           |
|    total_timesteps      | 81408         |
| train/                  |               |
|    approx_kl            | 0.00067099865 |
|    clip_fraction        | 0.00677       |
|    clip_range           | 0.2           |
|    entropy_loss         | -0.159        |
|    explained_variance   | 0.961         |
|    learning_rate        | 0.0003        |
|    loss                 | 0.0395        |
|    n_updates            | 520           |
|    policy_gradient_loss | -0.000973     |
|    value_loss           | 0.176         |
-------------------------------------------
-------------------------------------------
| time/                   |               |
|    fps                  | 528           |
|    iterations           | 54            |
|    time_elapsed         | 156           |
|    total_timesteps      | 82944         |
| train/                  |               |
|    approx_kl            | 0.00050452526 |
|    clip_fraction        | 0.0105        |
|    clip_range           | 0.2           |
|    entropy_loss         | -0.145        |
|    explained_variance   | 0.926         |
|    learning_rate        | 0.0003        |
|    loss                 | 0.123         |
|    n_updates            | 530           |
|    policy_gradient_loss | -0.00161      |
|    value_loss           | 0.761         |
-------------------------------------------
------------------------------------------
| time/                   |              |
|    fps                  | 517          |
|    iterations           | 55           |
|    time_elapsed         | 163          |
|    total_timesteps      | 84480        |
| train/                  |              |
|    approx_kl            | 0.0006022597 |
|    clip_fraction        | 0.0122       |
|    clip_range           | 0.2          |
|    entropy_loss         | -0.133       |
|    explained_variance   | 0.928        |
|    learning_rate        | 0.0003       |
|    loss                 | 0.278        |
|    n_updates            | 540          |
|    policy_gradient_loss | -0.00133     |
|    value_loss           | 0.812        |
------------------------------------------
-------------------------------------------
| time/                   |               |
|    fps                  | 519           |
|    iterations           | 56            |
|    time_elapsed         | 165           |
|    total_timesteps      | 86016         |
| train/                  |               |
|    approx_kl            | 0.00027292446 |
|    clip_fraction        | 0.00371       |
|    clip_range           | 0.2           |
|    entropy_loss         | -0.13         |
|    explained_variance   | 0.954         |
|    learning_rate        | 0.0003        |
|    loss                 | 0.396         |
|    n_updates            | 550           |
|    policy_gradient_loss | -0.000796     |
|    value_loss           | 0.807         |
-------------------------------------------
------------------------------------------
| time/                   |              |
|    fps                  | 519          |
|    iterations           | 57           |
|    time_elapsed         | 168          |
|    total_timesteps      | 87552        |
| train/                  |              |
|    approx_kl            | 0.0005114505 |
|    clip_fraction        | 0.00983      |
|    clip_range           | 0.2          |
|    entropy_loss         | -0.126       |
|    explained_variance   | 0.949        |
|    learning_rate        | 0.0003       |
|    loss                 | 0.0349       |
|    n_updates            | 560          |
|    policy_gradient_loss | -0.00133     |
|    value_loss           | 0.0827       |
------------------------------------------
-------------------------------------------
| time/                   |               |
|    fps                  | 523           |
|    iterations           | 58            |
|    time_elapsed         | 170           |
|    total_timesteps      | 89088         |
| train/                  |               |
|    approx_kl            | 0.00053985877 |
|    clip_fraction        | 0.0043        |
|    clip_range           | 0.2           |
|    entropy_loss         | -0.144        |
|    explained_variance   | 0.914         |
|    learning_rate        | 0.0003        |
|    loss                 | 0.0998        |
|    n_updates            | 570           |
|    policy_gradient_loss | -0.0016       |
|    value_loss           | 0.449         |
-------------------------------------------
  step   90000/500000 ( 18.0%)  mean_rew=-0.001
-------------------------------------------
| time/                   |               |
|    fps                  | 526           |
|    iterations           | 59            |
|    time_elapsed         | 172           |
|    total_timesteps      | 90624         |
| train/                  |               |
|    approx_kl            | 0.00030017758 |
|    clip_fraction        | 0.00547       |
|    clip_range           | 0.2           |
|    entropy_loss         | -0.14         |
|    explained_variance   | 0.863         |
|    learning_rate        | 0.0003        |
|    loss                 | 0.0161        |
|    n_updates            | 580           |
|    policy_gradient_loss | -0.000629     |
|    value_loss           | 0.0238        |
-------------------------------------------
-------------------------------------------
| time/                   |               |
|    fps                  | 524           |
|    iterations           | 60            |
|    time_elapsed         | 175           |
|    total_timesteps      | 92160         |
| train/                  |               |
|    approx_kl            | 0.00041595733 |
|    clip_fraction        | 0.0084        |
|    clip_range           | 0.2           |
|    entropy_loss         | -0.123        |
|    explained_variance   | 0.885         |
|    learning_rate        | 0.0003        |
|    loss                 | 0.0131        |
|    n_updates            | 590           |
|    policy_gradient_loss | -0.000993     |
|    value_loss           | 0.0196        |
-------------------------------------------
-------------------------------------------
| time/                   |               |
|    fps                  | 518           |
|    iterations           | 61            |
|    time_elapsed         | 180           |
|    total_timesteps      | 93696         |
| train/                  |               |
|    approx_kl            | 0.00057727186 |
|    clip_fraction        | 0.00762       |
|    clip_range           | 0.2           |
|    entropy_loss         | -0.138        |
|    explained_variance   | 0.972         |
|    learning_rate        | 0.0003        |
|    loss                 | 0.0309        |
|    n_updates            | 600           |
|    policy_gradient_loss | -0.000838     |
|    value_loss           | 0.142         |
-------------------------------------------
-------------------------------------------
| time/                   |               |
|    fps                  | 509           |
|    iterations           | 62            |
|    time_elapsed         | 187           |
|    total_timesteps      | 95232         |
| train/                  |               |
|    approx_kl            | 0.00038899865 |
|    clip_fraction        | 0.00859       |
|    clip_range           | 0.2           |
|    entropy_loss         | -0.162        |
|    explained_variance   | 0.928         |
|    learning_rate        | 0.0003        |
|    loss                 | 0.314         |
|    n_updates            | 610           |
|    policy_gradient_loss | -0.000695     |
|    value_loss           | 0.953         |
-------------------------------------------
------------------------------------------
| time/                   |              |
|    fps                  | 510          |
|    iterations           | 63           |
|    time_elapsed         | 189          |
|    total_timesteps      | 96768        |
| train/                  |              |
|    approx_kl            | 0.0016286391 |
|    clip_fraction        | 0.0101       |
|    clip_range           | 0.2          |
|    entropy_loss         | -0.176       |
|    explained_variance   | 0.956        |
|    learning_rate        | 0.0003       |
|    loss                 | 0.454        |
|    n_updates            | 620          |
|    policy_gradient_loss | -0.000736    |
|    value_loss           | 0.902        |
------------------------------------------
------------------------------------------
| time/                   |              |
|    fps                  | 511          |
|    iterations           | 64           |
|    time_elapsed         | 192          |
|    total_timesteps      | 98304        |
| train/                  |              |
|    approx_kl            | 0.0005563283 |
|    clip_fraction        | 0.0135       |
|    clip_range           | 0.2          |
|    entropy_loss         | -0.169       |
|    explained_variance   | 0.952        |
|    learning_rate        | 0.0003       |
|    loss                 | 0.0264       |
|    n_updates            | 630          |
|    policy_gradient_loss | -0.00112     |
|    value_loss           | 0.0829       |
------------------------------------------
------------------------------------------
| time/                   |              |
|    fps                  | 514          |
|    iterations           | 65           |
|    time_elapsed         | 193          |
|    total_timesteps      | 99840        |
| train/                  |              |
|    approx_kl            | 0.0005545646 |
|    clip_fraction        | 0.0109       |
|    clip_range           | 0.2          |
|    entropy_loss         | -0.172       |
|    explained_variance   | 0.923        |
|    learning_rate        | 0.0003       |
|    loss                 | 0.224        |
|    n_updates            | 640          |
|    policy_gradient_loss | -0.000809    |
|    value_loss           | 0.525        |
------------------------------------------
-------------------------------------------
| time/                   |               |
|    fps                  | 517           |
|    iterations           | 66            |
|    time_elapsed         | 195           |
|    total_timesteps      | 101376        |
| train/                  |               |
|    approx_kl            | 0.00051292084 |
|    clip_fraction        | 0.00475       |
|    clip_range           | 0.2           |
|    entropy_loss         | -0.139        |
|    explained_variance   | 0.851         |
|    learning_rate        | 0.0003        |
|    loss                 | 0.0126        |
|    n_updates            | 650           |
|    policy_gradient_loss | -0.000157     |
|    value_loss           | 0.0204        |
-------------------------------------------
------------------------------------------
| time/                   |              |
|    fps                  | 519          |
|    iterations           | 67           |
|    time_elapsed         | 198          |
|    total_timesteps      | 102912       |
| train/                  |              |
|    approx_kl            | 0.0005118904 |
|    clip_fraction        | 0.0104       |
|    clip_range           | 0.2          |
|    entropy_loss         | -0.137       |
|    explained_variance   | 0.77         |
|    learning_rate        | 0.0003       |
|    loss                 | 0.0319       |
|    n_updates            | 660          |
|    policy_gradient_loss | -0.00078     |
|    value_loss           | 0.0411       |
------------------------------------------
-------------------------------------------
| time/                   |               |
|    fps                  | 522           |
|    iterations           | 68            |
|    time_elapsed         | 200           |
|    total_timesteps      | 104448        |
| train/                  |               |
|    approx_kl            | 0.00037747386 |
|    clip_fraction        | 0.00788       |
|    clip_range           | 0.2           |
|    entropy_loss         | -0.123        |
|    explained_variance   | 0.698         |
|    learning_rate        | 0.0003        |
|    loss                 | 0.0307        |
|    n_updates            | 670           |
|    policy_gradient_loss | -0.000832     |
|    value_loss           | 0.0371        |
-------------------------------------------
  step  105000/500000 ( 21.0%)  mean_rew=-0.051
------------------------------------------
| time/                   |              |
|    fps                  | 511          |
|    iterations           | 69           |
|    time_elapsed         | 207          |
|    total_timesteps      | 105984       |
| train/                  |              |
|    approx_kl            | 0.0007256779 |
|    clip_fraction        | 0.0109       |
|    clip_range           | 0.2          |
|    entropy_loss         | -0.106       |
|    explained_variance   | 0.842        |
|    learning_rate        | 0.0003       |
|    loss                 | 0.0273       |
|    n_updates            | 680          |
|    policy_gradient_loss | -0.0014      |
|    value_loss           | 0.12         |
------------------------------------------
-------------------------------------------
| time/                   |               |
|    fps                  | 507           |
|    iterations           | 70            |
|    time_elapsed         | 211           |
|    total_timesteps      | 107520        |
| train/                  |               |
|    approx_kl            | 0.00046955104 |
|    clip_fraction        | 0.00788       |
|    clip_range           | 0.2           |
|    entropy_loss         | -0.114        |
|    explained_variance   | 0.955         |
|    learning_rate        | 0.0003        |
|    loss                 | 0.806         |
|    n_updates            | 690           |
|    policy_gradient_loss | -0.00126      |
|    value_loss           | 0.821         |
-------------------------------------------
------------------------------------------
| time/                   |              |
|    fps                  | 503          |
|    iterations           | 71           |
|    time_elapsed         | 216          |
|    total_timesteps      | 109056       |
| train/                  |              |
|    approx_kl            | 0.0116286045 |
|    clip_fraction        | 0.0372       |
|    clip_range           | 0.2          |
|    entropy_loss         | -0.134       |
|    explained_variance   | 0.982        |
|    learning_rate        | 0.0003       |
|    loss                 | 0.0889       |
|    n_updates            | 700          |
|    policy_gradient_loss | -0.00545     |
|    value_loss           | 0.214        |
------------------------------------------
-------------------------------------------
| time/                   |               |
|    fps                  | 496           |
|    iterations           | 72            |
|    time_elapsed         | 222           |
|    total_timesteps      | 110592        |
| train/                  |               |
|    approx_kl            | 0.00057238824 |
|    clip_fraction        | 0.00833       |
|    clip_range           | 0.2           |
|    entropy_loss         | -0.165        |
|    explained_variance   | 0.93          |
|    learning_rate        | 0.0003        |
|    loss                 | 0.457         |
|    n_updates            | 710           |
|    policy_gradient_loss | -0.000151     |
|    value_loss           | 1.3           |
-------------------------------------------
------------------------------------------
| time/                   |              |
|    fps                  | 498          |
|    iterations           | 73           |
|    time_elapsed         | 224          |
|    total_timesteps      | 112128       |
| train/                  |              |
|    approx_kl            | 0.0012731898 |
|    clip_fraction        | 0.0189       |
|    clip_range           | 0.2          |
|    entropy_loss         | -0.142       |
|    explained_variance   | 0.948        |
|    learning_rate        | 0.0003       |
|    loss                 | 0.393        |
|    n_updates            | 720          |
|    policy_gradient_loss | -0.000679    |
|    value_loss           | 1.14         |
------------------------------------------
-------------------------------------------
| time/                   |               |
|    fps                  | 501           |
|    iterations           | 74            |
|    time_elapsed         | 226           |
|    total_timesteps      | 113664        |
| train/                  |               |
|    approx_kl            | 0.00024674437 |
|    clip_fraction        | 0.00618       |
|    clip_range           | 0.2           |
|    entropy_loss         | -0.0882       |
|    explained_variance   | 0.925         |
|    learning_rate        | 0.0003        |
|    loss                 | 0.0132        |
|    n_updates            | 730           |
|    policy_gradient_loss | -0.000602     |
|    value_loss           | 0.0282        |
-------------------------------------------
------------------------------------------
| time/                   |              |
|    fps                  | 503          |
|    iterations           | 75           |
|    time_elapsed         | 228          |
|    total_timesteps      | 115200       |
| train/                  |              |
|    approx_kl            | 0.0003189965 |
|    clip_fraction        | 0.00677      |
|    clip_range           | 0.2          |
|    entropy_loss         | -0.0866      |
|    explained_variance   | 0.879        |
|    learning_rate        | 0.0003       |
|    loss                 | 0.0077       |
|    n_updates            | 740          |
|    policy_gradient_loss | -0.000292    |
|    value_loss           | 0.0373       |
------------------------------------------
------------------------------------------
| time/                   |              |
|    fps                  | 506          |
|    iterations           | 76           |
|    time_elapsed         | 230          |
|    total_timesteps      | 116736       |
| train/                  |              |
|    approx_kl            | 0.0003268194 |
|    clip_fraction        | 0.00332      |
|    clip_range           | 0.2          |
|    entropy_loss         | -0.0812      |
|    explained_variance   | 0.869        |
|    learning_rate        | 0.0003       |
|    loss                 | 0.015        |
|    n_updates            | 750          |
|    policy_gradient_loss | -0.000324    |
|    value_loss           | 0.0292       |
------------------------------------------
------------------------------------------
| time/                   |              |
|    fps                  | 508          |
|    iterations           | 77           |
|    time_elapsed         | 232          |
|    total_timesteps      | 118272       |
| train/                  |              |
|    approx_kl            | 0.0003918292 |
|    clip_fraction        | 0.00964      |
|    clip_range           | 0.2          |
|    entropy_loss         | -0.0781      |
|    explained_variance   | 0.869        |
|    learning_rate        | 0.0003       |
|    loss                 | 0.00714      |
|    n_updates            | 760          |
|    policy_gradient_loss | -0.00102     |
|    value_loss           | 0.0166       |
------------------------------------------
-------------------------------------------
| time/                   |               |
|    fps                  | 510           |
|    iterations           | 78            |
|    time_elapsed         | 234           |
|    total_timesteps      | 119808        |
| train/                  |               |
|    approx_kl            | 0.00041588917 |
|    clip_fraction        | 0.00749       |
|    clip_range           | 0.2           |
|    entropy_loss         | -0.0743       |
|    explained_variance   | 0.868         |
|    learning_rate        | 0.0003        |
|    loss                 | 0.00337       |
|    n_updates            | 770           |
|    policy_gradient_loss | -0.00105      |
|    value_loss           | 0.0178        |
-------------------------------------------
  step  120000/500000 ( 24.0%)  mean_rew=-0.001
------------------------------------------
| time/                   |              |
|    fps                  | 513          |
|    iterations           | 79           |
|    time_elapsed         | 236          |
|    total_timesteps      | 121344       |
| train/                  |              |
|    approx_kl            | 0.0005654643 |
|    clip_fraction        | 0.00794      |
|    clip_range           | 0.2          |
|    entropy_loss         | -0.0646      |
|    explained_variance   | 0.808        |
|    learning_rate        | 0.0003       |
|    loss                 | 0.011        |
|    n_updates            | 780          |
|    policy_gradient_loss | -0.000818    |
|    value_loss           | 0.0165       |
------------------------------------------
-------------------------------------------
| time/                   |               |
|    fps                  | 515           |
|    iterations           | 80            |
|    time_elapsed         | 238           |
|    total_timesteps      | 122880        |
| train/                  |               |
|    approx_kl            | 0.00038261493 |
|    clip_fraction        | 0.00547       |
|    clip_range           | 0.2           |
|    entropy_loss         | -0.048        |
|    explained_variance   | 0.843         |
|    learning_rate        | 0.0003        |
|    loss                 | 0.00374       |
|    n_updates            | 790           |
|    policy_gradient_loss | -0.00128      |
|    value_loss           | 0.00754       |
-------------------------------------------
------------------------------------------
| time/                   |              |
|    fps                  | 517          |
|    iterations           | 81           |
|    time_elapsed         | 240          |
|    total_timesteps      | 124416       |
| train/                  |              |
|    approx_kl            | 0.0004192202 |
|    clip_fraction        | 0.00573      |
|    clip_range           | 0.2          |
|    entropy_loss         | -0.0448      |
|    explained_variance   | 0.747        |
|    learning_rate        | 0.0003       |
|    loss                 | 0.00664      |
|    n_updates            | 800          |
|    policy_gradient_loss | -0.000743    |
|    value_loss           | 0.0169       |
------------------------------------------
-------------------------------------------
| time/                   |               |
|    fps                  | 519           |
|    iterations           | 82            |
|    time_elapsed         | 242           |
|    total_timesteps      | 125952        |
| train/                  |               |
|    approx_kl            | 0.00016941631 |
|    clip_fraction        | 0.00221       |
|    clip_range           | 0.2           |
|    entropy_loss         | -0.0416       |
|    explained_variance   | 0.789         |
|    learning_rate        | 0.0003        |
|    loss                 | 0.00471       |
|    n_updates            | 810           |
|    policy_gradient_loss | -0.000303     |
|    value_loss           | 0.00703       |
-------------------------------------------
-------------------------------------------
| time/                   |               |
|    fps                  | 520           |
|    iterations           | 83            |
|    time_elapsed         | 245           |
|    total_timesteps      | 127488        |
| train/                  |               |
|    approx_kl            | 0.00028876518 |
|    clip_fraction        | 0.00319       |
|    clip_range           | 0.2           |
|    entropy_loss         | -0.0337       |
|    explained_variance   | 0.786         |
|    learning_rate        | 0.0003        |
|    loss                 | 0.00182       |
|    n_updates            | 820           |
|    policy_gradient_loss | -0.000589     |
|    value_loss           | 0.00526       |
-------------------------------------------
------------------------------------------
| time/                   |              |
|    fps                  | 522          |
|    iterations           | 84           |
|    time_elapsed         | 247          |
|    total_timesteps      | 129024       |
| train/                  |              |
|    approx_kl            | 5.681619e-05 |
|    clip_fraction        | 0.00117      |
|    clip_range           | 0.2          |
|    entropy_loss         | -0.0314      |
|    explained_variance   | 0.896        |
|    learning_rate        | 0.0003       |
|    loss                 | 0.0343       |
|    n_updates            | 830          |
|    policy_gradient_loss | -9.06e-05    |
|    value_loss           | 0.165        |
------------------------------------------
-----------------------------------------
| time/                   |             |
|    fps                  | 524         |
|    iterations           | 85          |
|    time_elapsed         | 249         |
|    total_timesteps      | 130560      |
| train/                  |             |
|    approx_kl            | 9.27028e-05 |
|    clip_fraction        | 0.00137     |
|    clip_range           | 0.2         |
|    entropy_loss         | -0.0309     |
|    explained_variance   | 0.476       |
|    learning_rate        | 0.0003      |
|    loss                 | 0.00433     |
|    n_updates            | 840         |
|    policy_gradient_loss | -7.2e-05    |
|    value_loss           | 0.0126      |
-----------------------------------------
------------------------------------------
| time/                   |              |
|    fps                  | 526          |
|    iterations           | 86           |
|    time_elapsed         | 250          |
|    total_timesteps      | 132096       |
| train/                  |              |
|    approx_kl            | 7.109946e-05 |
|    clip_fraction        | 0.000911     |
|    clip_range           | 0.2          |
|    entropy_loss         | -0.0269      |
|    explained_variance   | 0.446        |
|    learning_rate        | 0.0003       |
|    loss                 | 0.00227      |
|    n_updates            | 850          |
|    policy_gradient_loss | -0.000158    |
|    value_loss           | 0.00717      |
------------------------------------------
-------------------------------------------
| time/                   |               |
|    fps                  | 528           |
|    iterations           | 87            |
|    time_elapsed         | 252           |
|    total_timesteps      | 133632        |
| train/                  |               |
|    approx_kl            | 0.00011022614 |
|    clip_fraction        | 0.00182       |
|    clip_range           | 0.2           |
|    entropy_loss         | -0.0229       |
|    explained_variance   | 0.432         |
|    learning_rate        | 0.0003        |
|    loss                 | 0.00116       |
|    n_updates            | 860           |
|    policy_gradient_loss | -0.000139     |
|    value_loss           | 0.00353       |
-------------------------------------------
  step  135000/500000 ( 27.0%)  mean_rew=+0.000
------------------------------------------
| time/                   |              |
|    fps                  | 530          |
|    iterations           | 88           |
|    time_elapsed         | 254          |
|    total_timesteps      | 135168       |
| train/                  |              |
|    approx_kl            | 0.0003144926 |
|    clip_fraction        | 0.00339      |
|    clip_range           | 0.2          |
|    entropy_loss         | -0.0223      |
|    explained_variance   | 0.489        |
|    learning_rate        | 0.0003       |
|    loss                 | 0.00313      |
|    n_updates            | 870          |
|    policy_gradient_loss | -0.000703    |
|    value_loss           | 0.00497      |
------------------------------------------
-------------------------------------------
| time/                   |               |
|    fps                  | 532           |
|    iterations           | 89            |
|    time_elapsed         | 256           |
|    total_timesteps      | 136704        |
| train/                  |               |
|    approx_kl            | 0.00011802096 |
|    clip_fraction        | 0.00267       |
|    clip_range           | 0.2           |
|    entropy_loss         | -0.0237       |
|    explained_variance   | 0.432         |
|    learning_rate        | 0.0003        |
|    loss                 | 0.00255       |
|    n_updates            | 880           |
|    policy_gradient_loss | -0.000332     |
|    value_loss           | 0.00597       |
-------------------------------------------
-------------------------------------------
| time/                   |               |
|    fps                  | 534           |
|    iterations           | 90            |
|    time_elapsed         | 258           |
|    total_timesteps      | 138240        |
| train/                  |               |
|    approx_kl            | 0.00014792704 |
|    clip_fraction        | 0.00326       |
|    clip_range           | 0.2           |
|    entropy_loss         | -0.0199       |
|    explained_variance   | 0.308         |
|    learning_rate        | 0.0003        |
|    loss                 | 0.000243      |
|    n_updates            | 890           |
|    policy_gradient_loss | -0.000379     |
|    value_loss           | 0.00279       |
-------------------------------------------
-------------------------------------------
| time/                   |               |
|    fps                  | 536           |
|    iterations           | 91            |
|    time_elapsed         | 260           |
|    total_timesteps      | 139776        |
| train/                  |               |
|    approx_kl            | 3.9911442e-06 |
|    clip_fraction        | 0             |
|    clip_range           | 0.2           |
|    entropy_loss         | -0.0201       |
|    explained_variance   | 0.497         |
|    learning_rate        | 0.0003        |
|    loss                 | 0.00214       |
|    n_updates            | 900           |
|    policy_gradient_loss | -3.66e-06     |
|    value_loss           | 0.0042        |
-------------------------------------------
-------------------------------------------
| time/                   |               |
|    fps                  | 537           |
|    iterations           | 92            |
|    time_elapsed         | 262           |
|    total_timesteps      | 141312        |
| train/                  |               |
|    approx_kl            | 5.0636434e-05 |
|    clip_fraction        | 0.00228       |
|    clip_range           | 0.2           |
|    entropy_loss         | -0.0234       |
|    explained_variance   | 0.461         |
|    learning_rate        | 0.0003        |
|    loss                 | 0.00153       |
|    n_updates            | 910           |
|    policy_gradient_loss | -0.000166     |
|    value_loss           | 0.00815       |
-------------------------------------------
-------------------------------------------
| time/                   |               |
|    fps                  | 539           |
|    iterations           | 93            |
|    time_elapsed         | 264           |
|    total_timesteps      | 142848        |
| train/                  |               |
|    approx_kl            | 0.00010956133 |
|    clip_fraction        | 0.000977      |
|    clip_range           | 0.2           |
|    entropy_loss         | -0.0211       |
|    explained_variance   | 0.48          |
|    learning_rate        | 0.0003        |
|    loss                 | 0.00327       |
|    n_updates            | 920           |
|    policy_gradient_loss | -6.58e-05     |
|    value_loss           | 0.00857       |
-------------------------------------------
------------------------------------------
| time/                   |              |
|    fps                  | 535          |
|    iterations           | 94           |
|    time_elapsed         | 269          |
|    total_timesteps      | 144384       |
| train/                  |              |
|    approx_kl            | 3.317041e-05 |
|    clip_fraction        | 0.00026      |
|    clip_range           | 0.2          |
|    entropy_loss         | -0.0198      |
|    explained_variance   | 0.445        |
|    learning_rate        | 0.0003       |
|    loss                 | 0.00124      |
|    n_updates            | 930          |
|    policy_gradient_loss | -2.64e-05    |
|    value_loss           | 0.00184      |
------------------------------------------
----------------------------------------
| time/                   |            |
|    fps                  | 532        |
|    iterations           | 95         |
|    time_elapsed         | 274        |
|    total_timesteps      | 145920     |
| train/                  |            |
|    approx_kl            | 0.03681693 |
|    clip_fraction        | 0.0561     |
|    clip_range           | 0.2        |
|    entropy_loss         | -0.0656    |
|    explained_variance   | 0.882      |
|    learning_rate        | 0.0003     |
|    loss                 | -0.0168    |
|    n_updates            | 940        |
|    policy_gradient_loss | -0.0187    |
|    value_loss           | 0.133      |
----------------------------------------
-------------------------------------------
| time/                   |               |
|    fps                  | 527           |
|    iterations           | 96            |
|    time_elapsed         | 279           |
|    total_timesteps      | 147456        |
| train/                  |               |
|    approx_kl            | 0.00088773825 |
|    clip_fraction        | 0.021         |
|    clip_range           | 0.2           |
|    entropy_loss         | -0.112        |
|    explained_variance   | 0.907         |
|    learning_rate        | 0.0003        |
|    loss                 | 0.108         |
|    n_updates            | 950           |
|    policy_gradient_loss | -0.000142     |
|    value_loss           | 0.49          |
-------------------------------------------
------------------------------------------
| time/                   |              |
|    fps                  | 519          |
|    iterations           | 97           |
|    time_elapsed         | 286          |
|    total_timesteps      | 148992       |
| train/                  |              |
|    approx_kl            | 0.0017486535 |
|    clip_fraction        | 0.0323       |
|    clip_range           | 0.2          |
|    entropy_loss         | -0.132       |
|    explained_variance   | 0.937        |
|    learning_rate        | 0.0003       |
|    loss                 | 0.214        |
|    n_updates            | 960          |
|    policy_gradient_loss | -0.00198     |
|    value_loss           | 0.525        |
------------------------------------------
  step  150000/500000 ( 30.0%)  mean_rew=-0.001
------------------------------------------
| time/                   |              |
|    fps                  | 521          |
|    iterations           | 98           |
|    time_elapsed         | 288          |
|    total_timesteps      | 150528       |
| train/                  |              |
|    approx_kl            | 0.0024477153 |
|    clip_fraction        | 0.0183       |
|    clip_range           | 0.2          |
|    entropy_loss         | -0.157       |
|    explained_variance   | 0.973        |
|    learning_rate        | 0.0003       |
|    loss                 | 0.058        |
|    n_updates            | 970          |
|    policy_gradient_loss | -0.00207     |
|    value_loss           | 0.153        |
------------------------------------------
------------------------------------------
| time/                   |              |
|    fps                  | 522          |
|    iterations           | 99           |
|    time_elapsed         | 290          |
|    total_timesteps      | 152064       |
| train/                  |              |
|    approx_kl            | 0.0014868877 |
|    clip_fraction        | 0.0112       |
|    clip_range           | 0.2          |
|    entropy_loss         | -0.0381      |
|    explained_variance   | 0.235        |
|    learning_rate        | 0.0003       |
|    loss                 | 0.01         |
|    n_updates            | 980          |
|    policy_gradient_loss | -0.0017      |
|    value_loss           | 0.182        |
------------------------------------------
-----------------------------------------
| time/                   |             |
|    fps                  | 524         |
|    iterations           | 100         |
|    time_elapsed         | 292         |
|    total_timesteps      | 153600      |
| train/                  |             |
|    approx_kl            | 9.32718e-05 |
|    clip_fraction        | 0.00156     |
|    clip_range           | 0.2         |
|    entropy_loss         | -0.0294     |
|    explained_variance   | 0.921       |
|    learning_rate        | 0.0003      |
|    loss                 | 0.00205     |
|    n_updates            | 990         |
|    policy_gradient_loss | -7.89e-05   |
|    value_loss           | 0.0132      |
-----------------------------------------
------------------------------------------
| time/                   |              |
|    fps                  | 526          |
|    iterations           | 101          |
|    time_elapsed         | 294          |
|    total_timesteps      | 155136       |
| train/                  |              |
|    approx_kl            | 6.998625e-05 |
|    clip_fraction        | 0.000716     |
|    clip_range           | 0.2          |
|    entropy_loss         | -0.0306      |
|    explained_variance   | 0.919        |
|    learning_rate        | 0.0003       |
|    loss                 | 0.00444      |
|    n_updates            | 1000         |
|    policy_gradient_loss | -0.000113    |
|    value_loss           | 0.00891      |
------------------------------------------
-------------------------------------------
| time/                   |               |
|    fps                  | 528           |
|    iterations           | 102           |
|    time_elapsed         | 296           |
|    total_timesteps      | 156672        |
| train/                  |               |
|    approx_kl            | 0.00016769324 |
|    clip_fraction        | 0.00358       |
|    clip_range           | 0.2           |
|    entropy_loss         | -0.0295       |
|    explained_variance   | 0.962         |
|    learning_rate        | 0.0003        |
|    loss                 | -0.000655     |
|    n_updates            | 1010          |
|    policy_gradient_loss | -0.000315     |
|    value_loss           | 0.00246       |
-------------------------------------------
-------------------------------------------
| time/                   |               |
|    fps                  | 528           |
|    iterations           | 103           |
|    time_elapsed         | 299           |
|    total_timesteps      | 158208        |
| train/                  |               |
|    approx_kl            | 1.0051299e-06 |
|    clip_fraction        | 0             |
|    clip_range           | 0.2           |
|    entropy_loss         | -0.0309       |
|    explained_variance   | 0.913         |
|    learning_rate        | 0.0003        |
|    loss                 | 0.00659       |
|    n_updates            | 1020          |
|    policy_gradient_loss | 2.04e-05      |
|    value_loss           | 0.00752       |
-------------------------------------------
-------------------------------------------
| time/                   |               |
|    fps                  | 530           |
|    iterations           | 104           |
|    time_elapsed         | 301           |
|    total_timesteps      | 159744        |
| train/                  |               |
|    approx_kl            | 5.6407025e-05 |
|    clip_fraction        | 0.000781      |
|    clip_range           | 0.2           |
|    entropy_loss         | -0.0322       |
|    explained_variance   | 0.719         |
|    learning_rate        | 0.0003        |
|    loss                 | 0.0393        |
|    n_updates            | 1030          |
|    policy_gradient_loss | -0.000227     |
|    value_loss           | 0.0753        |
-------------------------------------------
-------------------------------------------
| time/                   |               |
|    fps                  | 531           |
|    iterations           | 105           |
|    time_elapsed         | 303           |
|    total_timesteps      | 161280        |
| train/                  |               |
|    approx_kl            | 0.00016429205 |
|    clip_fraction        | 0.00313       |
|    clip_range           | 0.2           |
|    entropy_loss         | -0.0321       |
|    explained_variance   | 0.888         |
|    learning_rate        | 0.0003        |
|    loss                 | 0.0014        |
|    n_updates            | 1040          |
|    policy_gradient_loss | -0.00092      |
|    value_loss           | 0.00723       |
-------------------------------------------
------------------------------------------
| time/                   |              |
|    fps                  | 533          |
|    iterations           | 106          |
|    time_elapsed         | 305          |
|    total_timesteps      | 162816       |
| train/                  |              |
|    approx_kl            | 9.176822e-05 |
|    clip_fraction        | 0.00208      |
|    clip_range           | 0.2          |
|    entropy_loss         | -0.0331      |
|    explained_variance   | 0.852        |
|    learning_rate        | 0.0003       |
|    loss                 | 0.00386      |
|    n_updates            | 1050         |
|    policy_gradient_loss | -0.000258    |
|    value_loss           | 0.00624      |
------------------------------------------
------------------------------------------
| time/                   |              |
|    fps                  | 535          |
|    iterations           | 107          |
|    time_elapsed         | 307          |
|    total_timesteps      | 164352       |
| train/                  |              |
|    approx_kl            | 6.468784e-05 |
|    clip_fraction        | 0.00104      |
|    clip_range           | 0.2          |
|    entropy_loss         | -0.0345      |
|    explained_variance   | 0.87         |
|    learning_rate        | 0.0003       |
|    loss                 | 0.00182      |
|    n_updates            | 1060         |
|    policy_gradient_loss | -0.000115    |
|    value_loss           | 0.00375      |
------------------------------------------
  step  165000/500000 ( 33.0%)  mean_rew=-0.001
------------------------------------------
| time/                   |              |
|    fps                  | 536          |
|    iterations           | 108          |
|    time_elapsed         | 309          |
|    total_timesteps      | 165888       |
| train/                  |              |
|    approx_kl            | 0.0005802501 |
|    clip_fraction        | 0.00391      |
|    clip_range           | 0.2          |
|    entropy_loss         | -0.0263      |
|    explained_variance   | 0.869        |
|    learning_rate        | 0.0003       |
|    loss                 | 0.000688     |
|    n_updates            | 1070         |
|    policy_gradient_loss | -0.000681    |
|    value_loss           | 0.00235      |
------------------------------------------
-------------------------------------------
| time/                   |               |
|    fps                  | 538           |
|    iterations           | 109           |
|    time_elapsed         | 311           |
|    total_timesteps      | 167424        |
| train/                  |               |
|    approx_kl            | 0.00013127748 |
|    clip_fraction        | 0.00182       |
|    clip_range           | 0.2           |
|    entropy_loss         | -0.0244       |
|    explained_variance   | 0.853         |
|    learning_rate        | 0.0003        |
|    loss                 | -0.000202     |
|    n_updates            | 1080          |
|    policy_gradient_loss | -0.000194     |
|    value_loss           | 0.00309       |
-------------------------------------------
-------------------------------------------
| time/                   |               |
|    fps                  | 539           |
|    iterations           | 110           |
|    time_elapsed         | 312           |
|    total_timesteps      | 168960        |
| train/                  |               |
|    approx_kl            | 0.00022887807 |
|    clip_fraction        | 0.00371       |
|    clip_range           | 0.2           |
|    entropy_loss         | -0.0209       |
|    explained_variance   | 0.805         |
|    learning_rate        | 0.0003        |
|    loss                 | 0.000553      |
|    n_updates            | 1090          |
|    policy_gradient_loss | -0.000326     |
|    value_loss           | 0.00271       |
-------------------------------------------
-------------------------------------------
| time/                   |               |
|    fps                  | 541           |
|    iterations           | 111           |
|    time_elapsed         | 314           |
|    total_timesteps      | 170496        |
| train/                  |               |
|    approx_kl            | 0.00010667749 |
|    clip_fraction        | 0.00208       |
|    clip_range           | 0.2           |
|    entropy_loss         | -0.0178       |
|    explained_variance   | 0.806         |
|    learning_rate        | 0.0003        |
|    loss                 | 0.000849      |
|    n_updates            | 1100          |
|    policy_gradient_loss | -0.000142     |
|    value_loss           | 0.00176       |
-------------------------------------------
-------------------------------------------
| time/                   |               |
|    fps                  | 542           |
|    iterations           | 112           |
|    time_elapsed         | 316           |
|    total_timesteps      | 172032        |
| train/                  |               |
|    approx_kl            | 0.00013192293 |
|    clip_fraction        | 0.00163       |
|    clip_range           | 0.2           |
|    entropy_loss         | -0.0169       |
|    explained_variance   | 0.824         |
|    learning_rate        | 0.0003        |
|    loss                 | 0.000892      |
|    n_updates            | 1110          |
|    policy_gradient_loss | -0.000148     |
|    value_loss           | 0.00218       |
-------------------------------------------
------------------------------------------
| time/                   |              |
|    fps                  | 544          |
|    iterations           | 113          |
|    time_elapsed         | 318          |
|    total_timesteps      | 173568       |
| train/                  |              |
|    approx_kl            | 8.858275e-06 |
|    clip_fraction        | 0            |
|    clip_range           | 0.2          |
|    entropy_loss         | -0.0172      |
|    explained_variance   | 0.743        |
|    learning_rate        | 0.0003       |
|    loss                 | 0.00228      |
|    n_updates            | 1120         |
|    policy_gradient_loss | 2.65e-05     |
|    value_loss           | 0.00294      |
------------------------------------------
-----------------------------------------
| time/                   |             |
|    fps                  | 546         |
|    iterations           | 114         |
|    time_elapsed         | 320         |
|    total_timesteps      | 175104      |
| train/                  |             |
|    approx_kl            | 3.86703e-05 |
|    clip_fraction        | 0           |
|    clip_range           | 0.2         |
|    entropy_loss         | -0.0167     |
|    explained_variance   | 0.703       |
|    learning_rate        | 0.0003      |
|    loss                 | 0.0011      |
|    n_updates            | 1130        |
|    policy_gradient_loss | -1.28e-05   |
|    value_loss           | 0.00227     |
-----------------------------------------
-------------------------------------------
| time/                   |               |
|    fps                  | 547           |
|    iterations           | 115           |
|    time_elapsed         | 322           |
|    total_timesteps      | 176640        |
| train/                  |               |
|    approx_kl            | 4.7993457e-05 |
|    clip_fraction        | 0.000586      |
|    clip_range           | 0.2           |
|    entropy_loss         | -0.0156       |
|    explained_variance   | 0.725         |
|    learning_rate        | 0.0003        |
|    loss                 | 0.000602      |
|    n_updates            | 1140          |
|    policy_gradient_loss | -7.99e-05     |
|    value_loss           | 0.00125       |
-------------------------------------------
------------------------------------------
| time/                   |              |
|    fps                  | 548          |
|    iterations           | 116          |
|    time_elapsed         | 324          |
|    total_timesteps      | 178176       |
| train/                  |              |
|    approx_kl            | 3.746765e-05 |
|    clip_fraction        | 0.000326     |
|    clip_range           | 0.2          |
|    entropy_loss         | -0.0144      |
|    explained_variance   | 0.734        |
|    learning_rate        | 0.0003       |
|    loss                 | 0.000493     |
|    n_updates            | 1150         |
|    policy_gradient_loss | -6.3e-05     |
|    value_loss           | 0.00139      |
------------------------------------------
------------------------------------------
| time/                   |              |
|    fps                  | 550          |
|    iterations           | 117          |
|    time_elapsed         | 326          |
|    total_timesteps      | 179712       |
| train/                  |              |
|    approx_kl            | 7.760114e-05 |
|    clip_fraction        | 0.000781     |
|    clip_range           | 0.2          |
|    entropy_loss         | -0.0148      |
|    explained_variance   | 0.644        |
|    learning_rate        | 0.0003       |
|    loss                 | 0.00117      |
|    n_updates            | 1160         |
|    policy_gradient_loss | -8.6e-05     |
|    value_loss           | 0.00235      |
------------------------------------------
  step  180000/500000 ( 36.0%)  mean_rew=-0.004
------------------------------------------
| time/                   |              |
|    fps                  | 550          |
|    iterations           | 118          |
|    time_elapsed         | 329          |
|    total_timesteps      | 181248       |
| train/                  |              |
|    approx_kl            | 7.909691e-05 |
|    clip_fraction        | 0.00169      |
|    clip_range           | 0.2          |
|    entropy_loss         | -0.0164      |
|    explained_variance   | 0.682        |
|    learning_rate        | 0.0003       |
|    loss                 | -0.000277    |
|    n_updates            | 1170         |
|    policy_gradient_loss | -9.3e-05     |
|    value_loss           | 0.00105      |
------------------------------------------
-------------------------------------------
| time/                   |               |
|    fps                  | 551           |
|    iterations           | 119           |
|    time_elapsed         | 331           |
|    total_timesteps      | 182784        |
| train/                  |               |
|    approx_kl            | 1.9371664e-05 |
|    clip_fraction        | 0.000326      |
|    clip_range           | 0.2           |
|    entropy_loss         | -0.0188       |
|    explained_variance   | 0.803         |
|    learning_rate        | 0.0003        |
|    loss                 | 0.00231       |
|    n_updates            | 1180          |
|    policy_gradient_loss | -0.000119     |
|    value_loss           | 0.0187        |
-------------------------------------------
-------------------------------------------
| time/                   |               |
|    fps                  | 553           |
|    iterations           | 120           |
|    time_elapsed         | 333           |
|    total_timesteps      | 184320        |
| train/                  |               |
|    approx_kl            | 0.00031750102 |
|    clip_fraction        | 0.0028        |
|    clip_range           | 0.2           |
|    entropy_loss         | -0.0222       |
|    explained_variance   | 0.863         |
|    learning_rate        | 0.0003        |
|    loss                 | 0.0932        |
|    n_updates            | 1190          |
|    policy_gradient_loss | -0.000368     |
|    value_loss           | 0.0699        |
-------------------------------------------
-------------------------------------------
| time/                   |               |
|    fps                  | 554           |
|    iterations           | 121           |
|    time_elapsed         | 335           |
|    total_timesteps      | 185856        |
| train/                  |               |
|    approx_kl            | 0.00021063517 |
|    clip_fraction        | 0.00397       |
|    clip_range           | 0.2           |
|    entropy_loss         | -0.0187       |
|    explained_variance   | 0.353         |
|    learning_rate        | 0.0003        |
|    loss                 | 0.00152       |
|    n_updates            | 1200          |
|    policy_gradient_loss | -0.000278     |
|    value_loss           | 0.00573       |
-------------------------------------------
-------------------------------------------
| time/                   |               |
|    fps                  | 555           |
|    iterations           | 122           |
|    time_elapsed         | 337           |
|    total_timesteps      | 187392        |
| train/                  |               |
|    approx_kl            | 3.8708327e-05 |
|    clip_fraction        | 0.00117       |
|    clip_range           | 0.2           |
|    entropy_loss         | -0.0201       |
|    explained_variance   | 0.311         |
|    learning_rate        | 0.0003        |
|    loss                 | 0.000565      |
|    n_updates            | 1210          |
|    policy_gradient_loss | -5.9e-05      |
|    value_loss           | 0.00256       |
-------------------------------------------
--------------------------------------------
| time/                   |                |
|    fps                  | 557            |
|    iterations           | 123            |
|    time_elapsed         | 339            |
|    total_timesteps      | 188928         |
| train/                  |                |
|    approx_kl            | 0.000117202755 |
|    clip_fraction        | 0.00293        |
|    clip_range           | 0.2            |
|    entropy_loss         | -0.0242        |
|    explained_variance   | 0.436          |
|    learning_rate        | 0.0003         |
|    loss                 | -0.000152      |
|    n_updates            | 1220           |
|    policy_gradient_loss | -0.000302      |
|    value_loss           | 0.00407        |
--------------------------------------------
-------------------------------------------
| time/                   |               |
|    fps                  | 558           |
|    iterations           | 124           |
|    time_elapsed         | 340           |
|    total_timesteps      | 190464        |
| train/                  |               |
|    approx_kl            | 4.6253048e-05 |
|    clip_fraction        | 0.000977      |
|    clip_range           | 0.2           |
|    entropy_loss         | -0.0229       |
|    explained_variance   | 0.447         |
|    learning_rate        | 0.0003        |
|    loss                 | 0.00256       |
|    n_updates            | 1230          |
|    policy_gradient_loss | -8.36e-05     |
|    value_loss           | 0.00342       |
-------------------------------------------
-------------------------------------------
| time/                   |               |
|    fps                  | 560           |
|    iterations           | 125           |
|    time_elapsed         | 342           |
|    total_timesteps      | 192000        |
| train/                  |               |
|    approx_kl            | 0.00028446552 |
|    clip_fraction        | 0.00176       |
|    clip_range           | 0.2           |
|    entropy_loss         | -0.0185       |
|    explained_variance   | 0.326         |
|    learning_rate        | 0.0003        |
|    loss                 | 0.000798      |
|    n_updates            | 1240          |
|    policy_gradient_loss | -0.00035      |
|    value_loss           | 0.00183       |
-------------------------------------------
------------------------------------------
| time/                   |              |
|    fps                  | 561          |
|    iterations           | 126          |
|    time_elapsed         | 344          |
|    total_timesteps      | 193536       |
| train/                  |              |
|    approx_kl            | 6.434935e-05 |
|    clip_fraction        | 0.000391     |
|    clip_range           | 0.2          |
|    entropy_loss         | -0.0177      |
|    explained_variance   | 0.516        |
|    learning_rate        | 0.0003       |
|    loss                 | 0.00168      |
|    n_updates            | 1250         |
|    policy_gradient_loss | -2.78e-05    |
|    value_loss           | 0.00417      |
------------------------------------------
  step  195000/500000 ( 39.0%)  mean_rew=-0.004
-------------------------------------------
| time/                   |               |
|    fps                  | 562           |
|    iterations           | 127           |
|    time_elapsed         | 346           |
|    total_timesteps      | 195072        |
| train/                  |               |
|    approx_kl            | 0.00016055582 |
|    clip_fraction        | 0.000521      |
|    clip_range           | 0.2           |
|    entropy_loss         | -0.0159       |
|    explained_variance   | 0.508         |
|    learning_rate        | 0.0003        |
|    loss                 | 0.000931      |
|    n_updates            | 1260          |
|    policy_gradient_loss | -0.000241     |
|    value_loss           | 0.00223       |
-------------------------------------------
-------------------------------------------
| time/                   |               |
|    fps                  | 562           |
|    iterations           | 128           |
|    time_elapsed         | 349           |
|    total_timesteps      | 196608        |
| train/                  |               |
|    approx_kl            | 6.8201414e-05 |
|    clip_fraction        | 0.00111       |
|    clip_range           | 0.2           |
|    entropy_loss         | -0.0139       |
|    explained_variance   | 0.509         |
|    learning_rate        | 0.0003        |
|    loss                 | 0.000646      |
|    n_updates            | 1270          |
|    policy_gradient_loss | -0.000103     |
|    value_loss           | 0.00172       |
-------------------------------------------
-----------------------------------------
| time/                   |             |
|    fps                  | 563         |
|    iterations           | 129         |
|    time_elapsed         | 351         |
|    total_timesteps      | 198144      |
| train/                  |             |
|    approx_kl            | 0.046452027 |
|    clip_fraction        | 0.018       |
|    clip_range           | 0.2         |
|    entropy_loss         | -0.0495     |
|    explained_variance   | 0.811       |
|    learning_rate        | 0.0003      |
|    loss                 | 0.021       |
|    n_updates            | 1280        |
|    policy_gradient_loss | -0.00796    |
|    value_loss           | 0.0835      |
-----------------------------------------
-------------------------------------------
| time/                   |               |
|    fps                  | 563           |
|    iterations           | 130           |
|    time_elapsed         | 354           |
|    total_timesteps      | 199680        |
| train/                  |               |
|    approx_kl            | 4.7163263e-05 |
|    clip_fraction        | 0.00195       |
|    clip_range           | 0.2           |
|    entropy_loss         | -0.0372       |
|    explained_variance   | 0.212         |
|    learning_rate        | 0.0003        |
|    loss                 | 0.00292       |
|    n_updates            | 1290          |
|    policy_gradient_loss | 0.000181      |
|    value_loss           | 0.00318       |
-------------------------------------------
-------------------------------------------
| time/                   |               |
|    fps                  | 558           |
|    iterations           | 131           |
|    time_elapsed         | 360           |
|    total_timesteps      | 201216        |
| train/                  |               |
|    approx_kl            | 0.00056395895 |
|    clip_fraction        | 0.0111        |
|    clip_range           | 0.2           |
|    entropy_loss         | -0.0624       |
|    explained_variance   | 0.845         |
|    learning_rate        | 0.0003        |
|    loss                 | 0.0537        |
|    n_updates            | 1300          |
|    policy_gradient_loss | -0.00158      |
|    value_loss           | 0.0988        |
-------------------------------------------
------------------------------------------
| time/                   |              |
|    fps                  | 559          |
|    iterations           | 132          |
|    time_elapsed         | 362          |
|    total_timesteps      | 202752       |
| train/                  |              |
|    approx_kl            | 0.0012624267 |
|    clip_fraction        | 0.018        |
|    clip_range           | 0.2          |
|    entropy_loss         | -0.137       |
|    explained_variance   | 0.927        |
|    learning_rate        | 0.0003       |
|    loss                 | 0.142        |
|    n_updates            | 1310         |
|    policy_gradient_loss | -0.00215     |
|    value_loss           | 0.469        |
------------------------------------------
-------------------------------------------
| time/                   |               |
|    fps                  | 560           |
|    iterations           | 133           |
|    time_elapsed         | 364           |
|    total_timesteps      | 204288        |
| train/                  |               |
|    approx_kl            | 0.00012602723 |
|    clip_fraction        | 0.00371       |
|    clip_range           | 0.2           |
|    entropy_loss         | -0.0435       |
|    explained_variance   | 0.82          |
|    learning_rate        | 0.0003        |
|    loss                 | 0.00197       |
|    n_updates            | 1320          |
|    policy_gradient_loss | -0.000202     |
|    value_loss           | 0.00836       |
-------------------------------------------
-------------------------------------------
| time/                   |               |
|    fps                  | 562           |
|    iterations           | 134           |
|    time_elapsed         | 366           |
|    total_timesteps      | 205824        |
| train/                  |               |
|    approx_kl            | 2.6471602e-05 |
|    clip_fraction        | 0.000586      |
|    clip_range           | 0.2           |
|    entropy_loss         | -0.0435       |
|    explained_variance   | 0.775         |
|    learning_rate        | 0.0003        |
|    loss                 | 0.00279       |
|    n_updates            | 1330          |
|    policy_gradient_loss | 6.59e-05      |
|    value_loss           | 0.00887       |
-------------------------------------------
-----------------------------------------
| time/                   |             |
|    fps                  | 562         |
|    iterations           | 135         |
|    time_elapsed         | 368         |
|    total_timesteps      | 207360      |
| train/                  |             |
|    approx_kl            | 0.002012599 |
|    clip_fraction        | 0.00651     |
|    clip_range           | 0.2         |
|    entropy_loss         | -0.0302     |
|    explained_variance   | 0.773       |
|    learning_rate        | 0.0003      |
|    loss                 | 0.00199     |
|    n_updates            | 1340        |
|    policy_gradient_loss | -0.000961   |
|    value_loss           | 0.00524     |
-----------------------------------------
-------------------------------------------
| time/                   |               |
|    fps                  | 563           |
|    iterations           | 136           |
|    time_elapsed         | 370           |
|    total_timesteps      | 208896        |
| train/                  |               |
|    approx_kl            | 0.00032578234 |
|    clip_fraction        | 0.0122        |
|    clip_range           | 0.2           |
|    entropy_loss         | -0.0558       |
|    explained_variance   | 0.896         |
|    learning_rate        | 0.0003        |
|    loss                 | 0.0295        |
|    n_updates            | 1350          |
|    policy_gradient_loss | -0.0018       |
|    value_loss           | 0.177         |
-------------------------------------------
  step  210000/500000 ( 42.0%)  mean_rew=-0.001
-------------------------------------------
| time/                   |               |
|    fps                  | 564           |
|    iterations           | 137           |
|    time_elapsed         | 372           |
|    total_timesteps      | 210432        |
| train/                  |               |
|    approx_kl            | 6.0275546e-05 |
|    clip_fraction        | 0.00189       |
|    clip_range           | 0.2           |
|    entropy_loss         | -0.0239       |
|    explained_variance   | 0.462         |
|    learning_rate        | 0.0003        |
|    loss                 | 0.00887       |
|    n_updates            | 1360          |
|    policy_gradient_loss | -0.000176     |
|    value_loss           | 0.0099        |
-------------------------------------------
-------------------------------------------
| time/                   |               |
|    fps                  | 565           |
|    iterations           | 138           |
|    time_elapsed         | 374           |
|    total_timesteps      | 211968        |
| train/                  |               |
|    approx_kl            | 0.00010086608 |
|    clip_fraction        | 0.00221       |
|    clip_range           | 0.2           |
|    entropy_loss         | -0.0215       |
|    explained_variance   | 0.402         |
|    learning_rate        | 0.0003        |
|    loss                 | 0.00277       |
|    n_updates            | 1370          |
|    policy_gradient_loss | -0.000258     |
|    value_loss           | 0.011         |
-------------------------------------------
-------------------------------------------
| time/                   |               |
|    fps                  | 566           |
|    iterations           | 139           |
|    time_elapsed         | 376           |
|    total_timesteps      | 213504        |
| train/                  |               |
|    approx_kl            | 2.7373395e-05 |
|    clip_fraction        | 0.000456      |
|    clip_range           | 0.2           |
|    entropy_loss         | -0.0215       |
|    explained_variance   | 0.393         |
|    learning_rate        | 0.0003        |
|    loss                 | 0.00131       |
|    n_updates            | 1380          |
|    policy_gradient_loss | -0.000129     |
|    value_loss           | 0.0034        |
-------------------------------------------
-------------------------------------------
| time/                   |               |
|    fps                  | 567           |
|    iterations           | 140           |
|    time_elapsed         | 378           |
|    total_timesteps      | 215040        |
| train/                  |               |
|    approx_kl            | 0.00012352834 |
|    clip_fraction        | 0.000977      |
|    clip_range           | 0.2           |
|    entropy_loss         | -0.0256       |
|    explained_variance   | 0.379         |
|    learning_rate        | 0.0003        |
|    loss                 | 0.00154       |
|    n_updates            | 1390          |
|    policy_gradient_loss | -0.000207     |
|    value_loss           | 0.00449       |
-------------------------------------------
------------------------------------------
| time/                   |              |
|    fps                  | 567          |
|    iterations           | 141          |
|    time_elapsed         | 381          |
|    total_timesteps      | 216576       |
| train/                  |              |
|    approx_kl            | 0.0001470821 |
|    clip_fraction        | 0.00313      |
|    clip_range           | 0.2          |
|    entropy_loss         | -0.024       |
|    explained_variance   | 0.396        |
|    learning_rate        | 0.0003       |
|    loss                 | 0.00233      |
|    n_updates            | 1400         |
|    policy_gradient_loss | -0.000327    |
|    value_loss           | 0.00673      |
------------------------------------------
-----------------------------------------
| time/                   |             |
|    fps                  | 567         |
|    iterations           | 142         |
|    time_elapsed         | 384         |
|    total_timesteps      | 218112      |
| train/                  |             |
|    approx_kl            | 7.01934e-05 |
|    clip_fraction        | 0.00514     |
|    clip_range           | 0.2         |
|    entropy_loss         | -0.0453     |
|    explained_variance   | 0.894       |
|    learning_rate        | 0.0003      |
|    loss                 | 0.107       |
|    n_updates            | 1410        |
|    policy_gradient_loss | 0.000991    |
|    value_loss           | 0.141       |
-----------------------------------------
------------------------------------------
| time/                   |              |
|    fps                  | 567          |
|    iterations           | 143          |
|    time_elapsed         | 386          |
|    total_timesteps      | 219648       |
| train/                  |              |
|    approx_kl            | 0.0015050123 |
|    clip_fraction        | 0.0105       |
|    clip_range           | 0.2          |
|    entropy_loss         | -0.0726      |
|    explained_variance   | 0.942        |
|    learning_rate        | 0.0003       |
|    loss                 | 0.00497      |
|    n_updates            | 1420         |
|    policy_gradient_loss | 0.000679     |
|    value_loss           | 0.0537       |
------------------------------------------
-------------------------------------------
| time/                   |               |
|    fps                  | 568           |
|    iterations           | 144           |
|    time_elapsed         | 388           |
|    total_timesteps      | 221184        |
| train/                  |               |
|    approx_kl            | 0.00027519194 |
|    clip_fraction        | 0.00547       |
|    clip_range           | 0.2           |
|    entropy_loss         | -0.0346       |
|    explained_variance   | -0.845        |
|    learning_rate        | 0.0003        |
|    loss                 | 0.00219       |
|    n_updates            | 1430          |
|    policy_gradient_loss | 0.000328      |
|    value_loss           | 0.0823        |
-------------------------------------------
-------------------------------------------
| time/                   |               |
|    fps                  | 570           |
|    iterations           | 145           |
|    time_elapsed         | 390           |
|    total_timesteps      | 222720        |
| train/                  |               |
|    approx_kl            | 0.00015685451 |
|    clip_fraction        | 0.00397       |
|    clip_range           | 0.2           |
|    entropy_loss         | -0.0297       |
|    explained_variance   | 0.346         |
|    learning_rate        | 0.0003        |
|    loss                 | 0.000818      |
|    n_updates            | 1440          |
|    policy_gradient_loss | -0.000674     |
|    value_loss           | 0.0052        |
-------------------------------------------
-------------------------------------------
| time/                   |               |
|    fps                  | 571           |
|    iterations           | 146           |
|    time_elapsed         | 392           |
|    total_timesteps      | 224256        |
| train/                  |               |
|    approx_kl            | 0.00020049408 |
|    clip_fraction        | 0.00313       |
|    clip_range           | 0.2           |
|    entropy_loss         | -0.0284       |
|    explained_variance   | -0.0577       |
|    learning_rate        | 0.0003        |
|    loss                 | 0.000973      |
|    n_updates            | 1450          |
|    policy_gradient_loss | -0.000486     |
|    value_loss           | 0.00173       |
-------------------------------------------
  step  225000/500000 ( 45.0%)  mean_rew=-0.004
-------------------------------------------
| time/                   |               |
|    fps                  | 572           |
|    iterations           | 147           |
|    time_elapsed         | 394           |
|    total_timesteps      | 225792        |
| train/                  |               |
|    approx_kl            | 0.00013975198 |
|    clip_fraction        | 0.00241       |
|    clip_range           | 0.2           |
|    entropy_loss         | -0.028        |
|    explained_variance   | 0.35          |
|    learning_rate        | 0.0003        |
|    loss                 | 0.000884      |
|    n_updates            | 1460          |
|    policy_gradient_loss | -0.000432     |
|    value_loss           | 0.00263       |
-------------------------------------------
-------------------------------------------
| time/                   |               |
|    fps                  | 573           |
|    iterations           | 148           |
|    time_elapsed         | 396           |
|    total_timesteps      | 227328        |
| train/                  |               |
|    approx_kl            | 0.00013224198 |
|    clip_fraction        | 0.00143       |
|    clip_range           | 0.2           |
|    entropy_loss         | -0.0231       |
|    explained_variance   | 0.187         |
|    learning_rate        | 0.0003        |
|    loss                 | 0.0021        |
|    n_updates            | 1470          |
|    policy_gradient_loss | -0.000364     |
|    value_loss           | 0.00281       |
-------------------------------------------
------------------------------------------
| time/                   |              |
|    fps                  | 574          |
|    iterations           | 149          |
|    time_elapsed         | 398          |
|    total_timesteps      | 228864       |
| train/                  |              |
|    approx_kl            | 6.405718e-05 |
|    clip_fraction        | 0.000977     |
|    clip_range           | 0.2          |
|    entropy_loss         | -0.0192      |
|    explained_variance   | 0.0248       |
|    learning_rate        | 0.0003       |
|    loss                 | 0.000707     |
|    n_updates            | 1480         |
|    policy_gradient_loss | -9.93e-05    |
|    value_loss           | 0.00181      |
------------------------------------------
------------------------------------------
| time/                   |              |
|    fps                  | 575          |
|    iterations           | 150          |
|    time_elapsed         | 400          |
|    total_timesteps      | 230400       |
| train/                  |              |
|    approx_kl            | 4.203893e-05 |
|    clip_fraction        | 0.000456     |
|    clip_range           | 0.2          |
|    entropy_loss         | -0.0201      |
|    explained_variance   | 0.364        |
|    learning_rate        | 0.0003       |
|    loss                 | 0.000749     |
|    n_updates            | 1490         |
|    policy_gradient_loss | -0.000109    |
|    value_loss           | 0.00193      |
------------------------------------------
------------------------------------------
| time/                   |              |
|    fps                  | 576          |
|    iterations           | 151          |
|    time_elapsed         | 402          |
|    total_timesteps      | 231936       |
| train/                  |              |
|    approx_kl            | 3.788073e-05 |
|    clip_fraction        | 0.000651     |
|    clip_range           | 0.2          |
|    entropy_loss         | -0.0197      |
|    explained_variance   | 0.362        |
|    learning_rate        | 0.0003       |
|    loss                 | 0.00149      |
|    n_updates            | 1500         |
|    policy_gradient_loss | -0.000201    |
|    value_loss           | 0.00247      |
------------------------------------------
-------------------------------------------
| time/                   |               |
|    fps                  | 577           |
|    iterations           | 152           |
|    time_elapsed         | 404           |
|    total_timesteps      | 233472        |
| train/                  |               |
|    approx_kl            | 0.00017362849 |
|    clip_fraction        | 0.00163       |
|    clip_range           | 0.2           |
|    entropy_loss         | -0.02         |
|    explained_variance   | 0.411         |
|    learning_rate        | 0.0003        |
|    loss                 | 0.00172       |
|    n_updates            | 1510          |
|    policy_gradient_loss | -0.000383     |
|    value_loss           | 0.00219       |
-------------------------------------------
-------------------------------------------
| time/                   |               |
|    fps                  | 578           |
|    iterations           | 153           |
|    time_elapsed         | 406           |
|    total_timesteps      | 235008        |
| train/                  |               |
|    approx_kl            | 0.00023819017 |
|    clip_fraction        | 0.00273       |
|    clip_range           | 0.2           |
|    entropy_loss         | -0.0196       |
|    explained_variance   | 0.393         |
|    learning_rate        | 0.0003        |
|    loss                 | -0.00257      |
|    n_updates            | 1520          |
|    policy_gradient_loss | -0.000402     |
|    value_loss           | 0.00126       |
-------------------------------------------
-------------------------------------------
| time/                   |               |
|    fps                  | 579           |
|    iterations           | 154           |
|    time_elapsed         | 408           |
|    total_timesteps      | 236544        |
| train/                  |               |
|    approx_kl            | 3.0116606e-05 |
|    clip_fraction        | 0.00013       |
|    clip_range           | 0.2           |
|    entropy_loss         | -0.0177       |
|    explained_variance   | 0.463         |
|    learning_rate        | 0.0003        |
|    loss                 | 0.000692      |
|    n_updates            | 1530          |
|    policy_gradient_loss | -5.11e-05     |
|    value_loss           | 0.00156       |
-------------------------------------------
------------------------------------------
| time/                   |              |
|    fps                  | 580          |
|    iterations           | 155          |
|    time_elapsed         | 409          |
|    total_timesteps      | 238080       |
| train/                  |              |
|    approx_kl            | 7.770843e-05 |
|    clip_fraction        | 0.00156      |
|    clip_range           | 0.2          |
|    entropy_loss         | -0.0189      |
|    explained_variance   | 0.481        |
|    learning_rate        | 0.0003       |
|    loss                 | -0.00221     |
|    n_updates            | 1540         |
|    policy_gradient_loss | -0.000254    |
|    value_loss           | 0.00231      |
------------------------------------------
-------------------------------------------
| time/                   |               |
|    fps                  | 581           |
|    iterations           | 156           |
|    time_elapsed         | 411           |
|    total_timesteps      | 239616        |
| train/                  |               |
|    approx_kl            | 0.00012374755 |
|    clip_fraction        | 0.00137       |
|    clip_range           | 0.2           |
|    entropy_loss         | -0.0209       |
|    explained_variance   | 0.426         |
|    learning_rate        | 0.0003        |
|    loss                 | 0.000309      |
|    n_updates            | 1550          |
|    policy_gradient_loss | -0.000235     |
|    value_loss           | 0.00119       |
-------------------------------------------
  step  240000/500000 ( 48.0%)  mean_rew=-0.005
-------------------------------------------
| time/                   |               |
|    fps                  | 582           |
|    iterations           | 157           |
|    time_elapsed         | 413           |
|    total_timesteps      | 241152        |
| train/                  |               |
|    approx_kl            | 8.0015896e-05 |
|    clip_fraction        | 0.00202       |
|    clip_range           | 0.2           |
|    entropy_loss         | -0.0209       |
|    explained_variance   | 0.598         |
|    learning_rate        | 0.0003        |
|    loss                 | 0.00145       |
|    n_updates            | 1560          |
|    policy_gradient_loss | -0.00054      |
|    value_loss           | 0.00323       |
-------------------------------------------
------------------------------------------
| time/                   |              |
|    fps                  | 583          |
|    iterations           | 158          |
|    time_elapsed         | 415          |
|    total_timesteps      | 242688       |
| train/                  |              |
|    approx_kl            | 7.799376e-05 |
|    clip_fraction        | 0.00221      |
|    clip_range           | 0.2          |
|    entropy_loss         | -0.0246      |
|    explained_variance   | 0.537        |
|    learning_rate        | 0.0003       |
|    loss                 | 0.00148      |
|    n_updates            | 1570         |
|    policy_gradient_loss | -0.000141    |
|    value_loss           | 0.00255      |
------------------------------------------
------------------------------------------
| time/                   |              |
|    fps                  | 584          |
|    iterations           | 159          |
|    time_elapsed         | 417          |
|    total_timesteps      | 244224       |
| train/                  |              |
|    approx_kl            | 6.621805e-05 |
|    clip_fraction        | 0.000977     |
|    clip_range           | 0.2          |
|    entropy_loss         | -0.0275      |
|    explained_variance   | 0.596        |
|    learning_rate        | 0.0003       |
|    loss                 | 0.000906     |
|    n_updates            | 1580         |
|    policy_gradient_loss | -0.000252    |
|    value_loss           | 0.00197      |
------------------------------------------
-------------------------------------------
| time/                   |               |
|    fps                  | 585           |
|    iterations           | 160           |
|    time_elapsed         | 419           |
|    total_timesteps      | 245760        |
| train/                  |               |
|    approx_kl            | 0.00020839304 |
|    clip_fraction        | 0.00241       |
|    clip_range           | 0.2           |
|    entropy_loss         | -0.0271       |
|    explained_variance   | 0.623         |
|    learning_rate        | 0.0003        |
|    loss                 | 0.000319      |
|    n_updates            | 1590          |
|    policy_gradient_loss | -0.000235     |
|    value_loss           | 0.000882      |
-------------------------------------------
-------------------------------------------
| time/                   |               |
|    fps                  | 586           |
|    iterations           | 161           |
|    time_elapsed         | 421           |
|    total_timesteps      | 247296        |
| train/                  |               |
|    approx_kl            | 3.3905224e-05 |
|    clip_fraction        | 0.00104       |
|    clip_range           | 0.2           |
|    entropy_loss         | -0.0286       |
|    explained_variance   | 0.651         |
|    learning_rate        | 0.0003        |
|    loss                 | 0.000628      |
|    n_updates            | 1600          |
|    policy_gradient_loss | -7.3e-05      |
|    value_loss           | 0.00114       |
-------------------------------------------
-------------------------------------------
| time/                   |               |
|    fps                  | 587           |
|    iterations           | 162           |
|    time_elapsed         | 423           |
|    total_timesteps      | 248832        |
| train/                  |               |
|    approx_kl            | 0.00015832763 |
|    clip_fraction        | 0.00195       |
|    clip_range           | 0.2           |
|    entropy_loss         | -0.0276       |
|    explained_variance   | 0.592         |
|    learning_rate        | 0.0003        |
|    loss                 | 0.00103       |
|    n_updates            | 1610          |
|    policy_gradient_loss | -0.000497     |
|    value_loss           | 0.00143       |
-------------------------------------------
-------------------------------------------
| time/                   |               |
|    fps                  | 588           |
|    iterations           | 163           |
|    time_elapsed         | 425           |
|    total_timesteps      | 250368        |
| train/                  |               |
|    approx_kl            | 9.4952644e-05 |
|    clip_fraction        | 0.00247       |
|    clip_range           | 0.2           |
|    entropy_loss         | -0.0261       |
|    explained_variance   | 0.621         |
|    learning_rate        | 0.0003        |
|    loss                 | 0.000436      |
|    n_updates            | 1620          |
|    policy_gradient_loss | -0.000379     |
|    value_loss           | 0.000885      |
-------------------------------------------
------------------------------------------
| time/                   |              |
|    fps                  | 589          |
|    iterations           | 164          |
|    time_elapsed         | 427          |
|    total_timesteps      | 251904       |
| train/                  |              |
|    approx_kl            | 0.0003166929 |
|    clip_fraction        | 0.00286      |
|    clip_range           | 0.2          |
|    entropy_loss         | -0.024       |
|    explained_variance   | 0.685        |
|    learning_rate        | 0.0003       |
|    loss                 | 0.000779     |
|    n_updates            | 1630         |
|    policy_gradient_loss | -3.98e-05    |
|    value_loss           | 0.00128      |
------------------------------------------
------------------------------------------
| time/                   |              |
|    fps                  | 588          |
|    iterations           | 165          |
|    time_elapsed         | 430          |
|    total_timesteps      | 253440       |
| train/                  |              |
|    approx_kl            | 4.353518e-05 |
|    clip_fraction        | 0.00111      |
|    clip_range           | 0.2          |
|    entropy_loss         | -0.0256      |
|    explained_variance   | 0.639        |
|    learning_rate        | 0.0003       |
|    loss                 | 0.00104      |
|    n_updates            | 1640         |
|    policy_gradient_loss | 6.93e-05     |
|    value_loss           | 0.00234      |
------------------------------------------
-------------------------------------------
| time/                   |               |
|    fps                  | 589           |
|    iterations           | 166           |
|    time_elapsed         | 432           |
|    total_timesteps      | 254976        |
| train/                  |               |
|    approx_kl            | 0.00021827516 |
|    clip_fraction        | 0.0137        |
|    clip_range           | 0.2           |
|    entropy_loss         | -0.0768       |
|    explained_variance   | 0.682         |
|    learning_rate        | 0.0003        |
|    loss                 | 0.0548        |
|    n_updates            | 1650          |
|    policy_gradient_loss | 0.000201      |
|    value_loss           | 0.0952        |
-------------------------------------------
  step  255000/500000 ( 51.0%)  mean_rew=-0.003
------------------------------------------
| time/                   |              |
|    fps                  | 590          |
|    iterations           | 167          |
|    time_elapsed         | 434          |
|    total_timesteps      | 256512       |
| train/                  |              |
|    approx_kl            | 3.074897e-05 |
|    clip_fraction        | 0.00143      |
|    clip_range           | 0.2          |
|    entropy_loss         | -0.0246      |
|    explained_variance   | 0.076        |
|    learning_rate        | 0.0003       |
|    loss                 | 0.000625     |
|    n_updates            | 1660         |
|    policy_gradient_loss | -1.11e-05    |
|    value_loss           | 0.00216      |
------------------------------------------
-------------------------------------------
| time/                   |               |
|    fps                  | 589           |
|    iterations           | 168           |
|    time_elapsed         | 437           |
|    total_timesteps      | 258048        |
| train/                  |               |
|    approx_kl            | 0.00021934533 |
|    clip_fraction        | 0.00501       |
|    clip_range           | 0.2           |
|    entropy_loss         | -0.0222       |
|    explained_variance   | 0.828         |
|    learning_rate        | 0.0003        |
|    loss                 | -0.00108      |
|    n_updates            | 1670          |
|    policy_gradient_loss | -0.000483     |
|    value_loss           | 0.00836       |
-------------------------------------------
------------------------------------------
| time/                   |              |
|    fps                  | 590          |
|    iterations           | 169          |
|    time_elapsed         | 439          |
|    total_timesteps      | 259584       |
| train/                  |              |
|    approx_kl            | 0.0003120053 |
|    clip_fraction        | 0.01         |
|    clip_range           | 0.2          |
|    entropy_loss         | -0.0503      |
|    explained_variance   | 0.866        |
|    learning_rate        | 0.0003       |
|    loss                 | 0.0309       |
|    n_updates            | 1680         |
|    policy_gradient_loss | -0.00122     |
|    value_loss           | 0.113        |
------------------------------------------
-------------------------------------------
| time/                   |               |
|    fps                  | 586           |
|    iterations           | 170           |
|    time_elapsed         | 444           |
|    total_timesteps      | 261120        |
| train/                  |               |
|    approx_kl            | 7.7842466e-05 |
|    clip_fraction        | 0.0013        |
|    clip_range           | 0.2           |
|    entropy_loss         | -0.0187       |
|    explained_variance   | -0.367        |
|    learning_rate        | 0.0003        |
|    loss                 | 0.00172       |
|    n_updates            | 1690          |
|    policy_gradient_loss | -6.74e-05     |
|    value_loss           | 0.00293       |
-------------------------------------------
------------------------------------------
| time/                   |              |
|    fps                  | 584          |
|    iterations           | 171          |
|    time_elapsed         | 449          |
|    total_timesteps      | 262656       |
| train/                  |              |
|    approx_kl            | 0.0056802495 |
|    clip_fraction        | 0.0621       |
|    clip_range           | 0.2          |
|    entropy_loss         | -0.148       |
|    explained_variance   | 0.914        |
|    learning_rate        | 0.0003       |
|    loss                 | 0.0297       |
|    n_updates            | 1700         |
|    policy_gradient_loss | -0.00222     |
|    value_loss           | 0.119        |
------------------------------------------
-------------------------------------------
| time/                   |               |
|    fps                  | 581           |
|    iterations           | 172           |
|    time_elapsed         | 454           |
|    total_timesteps      | 264192        |
| train/                  |               |
|    approx_kl            | 0.00051753945 |
|    clip_fraction        | 0.00957       |
|    clip_range           | 0.2           |
|    entropy_loss         | -0.119        |
|    explained_variance   | 0.916         |
|    learning_rate        | 0.0003        |
|    loss                 | 0.177         |
|    n_updates            | 1710          |
|    policy_gradient_loss | -0.000127     |
|    value_loss           | 0.539         |
-------------------------------------------
------------------------------------------
| time/                   |              |
|    fps                  | 582          |
|    iterations           | 173          |
|    time_elapsed         | 456          |
|    total_timesteps      | 265728       |
| train/                  |              |
|    approx_kl            | 0.0020552787 |
|    clip_fraction        | 0.00677      |
|    clip_range           | 0.2          |
|    entropy_loss         | -0.126       |
|    explained_variance   | 0.939        |
|    learning_rate        | 0.0003       |
|    loss                 | 0.092        |
|    n_updates            | 1720         |
|    policy_gradient_loss | -0.00144     |
|    value_loss           | 0.509        |
------------------------------------------
-------------------------------------------
| time/                   |               |
|    fps                  | 583           |
|    iterations           | 174           |
|    time_elapsed         | 458           |
|    total_timesteps      | 267264        |
| train/                  |               |
|    approx_kl            | 0.00016967142 |
|    clip_fraction        | 0.00247       |
|    clip_range           | 0.2           |
|    entropy_loss         | -0.0217       |
|    explained_variance   | 0.887         |
|    learning_rate        | 0.0003        |
|    loss                 | 0.0114        |
|    n_updates            | 1730          |
|    policy_gradient_loss | -0.000136     |
|    value_loss           | 0.0138        |
-------------------------------------------
-------------------------------------------
| time/                   |               |
|    fps                  | 583           |
|    iterations           | 175           |
|    time_elapsed         | 460           |
|    total_timesteps      | 268800        |
| train/                  |               |
|    approx_kl            | 0.00020489283 |
|    clip_fraction        | 0.00169       |
|    clip_range           | 0.2           |
|    entropy_loss         | -0.0185       |
|    explained_variance   | 0.902         |
|    learning_rate        | 0.0003        |
|    loss                 | 0.00781       |
|    n_updates            | 1740          |
|    policy_gradient_loss | -0.000367     |
|    value_loss           | 0.0111        |
-------------------------------------------
  step  270000/500000 ( 54.0%)  mean_rew=-0.002
------------------------------------------
| time/                   |              |
|    fps                  | 584          |
|    iterations           | 176          |
|    time_elapsed         | 462          |
|    total_timesteps      | 270336       |
| train/                  |              |
|    approx_kl            | 8.963025e-05 |
|    clip_fraction        | 0.000586     |
|    clip_range           | 0.2          |
|    entropy_loss         | -0.018       |
|    explained_variance   | 0.856        |
|    learning_rate        | 0.0003       |
|    loss                 | 0.0102       |
|    n_updates            | 1750         |
|    policy_gradient_loss | -5.34e-05    |
|    value_loss           | 0.015        |
------------------------------------------
-------------------------------------------
| time/                   |               |
|    fps                  | 585           |
|    iterations           | 177           |
|    time_elapsed         | 464           |
|    total_timesteps      | 271872        |
| train/                  |               |
|    approx_kl            | 9.2081806e-05 |
|    clip_fraction        | 0.000911      |
|    clip_range           | 0.2           |
|    entropy_loss         | -0.0174       |
|    explained_variance   | 0.868         |
|    learning_rate        | 0.0003        |
|    loss                 | 0.00261       |
|    n_updates            | 1760          |
|    policy_gradient_loss | -0.000116     |
|    value_loss           | 0.00641       |
-------------------------------------------
-------------------------------------------
| time/                   |               |
|    fps                  | 586           |
|    iterations           | 178           |
|    time_elapsed         | 466           |
|    total_timesteps      | 273408        |
| train/                  |               |
|    approx_kl            | 2.9898327e-05 |
|    clip_fraction        | 0.000326      |
|    clip_range           | 0.2           |
|    entropy_loss         | -0.0151       |
|    explained_variance   | 0.864         |
|    learning_rate        | 0.0003        |
|    loss                 | 0.00297       |
|    n_updates            | 1770          |
|    policy_gradient_loss | -8.14e-05     |
|    value_loss           | 0.0067        |
-------------------------------------------
-------------------------------------------
| time/                   |               |
|    fps                  | 587           |
|    iterations           | 179           |
|    time_elapsed         | 468           |
|    total_timesteps      | 274944        |
| train/                  |               |
|    approx_kl            | 0.00016033794 |
|    clip_fraction        | 0.00137       |
|    clip_range           | 0.2           |
|    entropy_loss         | -0.0126       |
|    explained_variance   | 0.808         |
|    learning_rate        | 0.0003        |
|    loss                 | 0.00277       |
|    n_updates            | 1780          |
|    policy_gradient_loss | -0.00038      |
|    value_loss           | 0.00659       |
-------------------------------------------
-----------------------------------------
| time/                   |             |
|    fps                  | 588         |
|    iterations           | 180         |
|    time_elapsed         | 469         |
|    total_timesteps      | 276480      |
| train/                  |             |
|    approx_kl            | 7.76879e-05 |
|    clip_fraction        | 0.000781    |
|    clip_range           | 0.2         |
|    entropy_loss         | -0.00966    |
|    explained_variance   | 0.788       |
|    learning_rate        | 0.0003      |
|    loss                 | 0.000513    |
|    n_updates            | 1790        |
|    policy_gradient_loss | -0.00021    |
|    value_loss           | 0.004       |
-----------------------------------------
---------------------------------------
| time/                   |           |
|    fps                  | 589       |
|    iterations           | 181       |
|    time_elapsed         | 471       |
|    total_timesteps      | 278016    |
| train/                  |           |
|    approx_kl            | 0.0       |
|    clip_fraction        | 0         |
|    clip_range           | 0.2       |
|    entropy_loss         | -0.00892  |
|    explained_variance   | 0.724     |
|    learning_rate        | 0.0003    |
|    loss                 | 0.00337   |
|    n_updates            | 1800      |
|    policy_gradient_loss | -3.54e-06 |
|    value_loss           | 0.00638   |
---------------------------------------
-------------------------------------------
| time/                   |               |
|    fps                  | 589           |
|    iterations           | 182           |
|    time_elapsed         | 473           |
|    total_timesteps      | 279552        |
| train/                  |               |
|    approx_kl            | 5.1479397e-05 |
|    clip_fraction        | 0.000977      |
|    clip_range           | 0.2           |
|    entropy_loss         | -0.00827      |
|    explained_variance   | 0.744         |
|    learning_rate        | 0.0003        |
|    loss                 | 0.00219       |
|    n_updates            | 1810          |
|    policy_gradient_loss | -0.000169     |
|    value_loss           | 0.0038        |
-------------------------------------------
-------------------------------------------
| time/                   |               |
|    fps                  | 590           |
|    iterations           | 183           |
|    time_elapsed         | 475           |
|    total_timesteps      | 281088        |
| train/                  |               |
|    approx_kl            | 4.3226715e-05 |
|    clip_fraction        | 0.000911      |
|    clip_range           | 0.2           |
|    entropy_loss         | -0.00865      |
|    explained_variance   | 0.643         |
|    learning_rate        | 0.0003        |
|    loss                 | 0.00183       |
|    n_updates            | 1820          |
|    policy_gradient_loss | -0.000105     |
|    value_loss           | 0.00463       |
-------------------------------------------
-------------------------------------------
| time/                   |               |
|    fps                  | 587           |
|    iterations           | 184           |
|    time_elapsed         | 480           |
|    total_timesteps      | 282624        |
| train/                  |               |
|    approx_kl            | 2.4037747e-05 |
|    clip_fraction        | 0.000456      |
|    clip_range           | 0.2           |
|    entropy_loss         | -0.00796      |
|    explained_variance   | 0.675         |
|    learning_rate        | 0.0003        |
|    loss                 | 0.00195       |
|    n_updates            | 1830          |
|    policy_gradient_loss | -7.28e-05     |
|    value_loss           | 0.00262       |
-------------------------------------------
----------------------------------------
| time/                   |            |
|    fps                  | 586        |
|    iterations           | 185        |
|    time_elapsed         | 484        |
|    total_timesteps      | 284160     |
| train/                  |            |
|    approx_kl            | 0.00576382 |
|    clip_fraction        | 0.0432     |
|    clip_range           | 0.2        |
|    entropy_loss         | -0.0909    |
|    explained_variance   | 0.909      |
|    learning_rate        | 0.0003     |
|    loss                 | 0.0228     |
|    n_updates            | 1840       |
|    policy_gradient_loss | -0.00265   |
|    value_loss           | 0.132      |
----------------------------------------
  step  285000/500000 ( 57.0%)  mean_rew=+0.000
--------------------------------------------
| time/                   |                |
|    fps                  | 587            |
|    iterations           | 186            |
|    time_elapsed         | 486            |
|    total_timesteps      | 285696         |
| train/                  |                |
|    approx_kl            | 0.000120075805 |
|    clip_fraction        | 0.00384        |
|    clip_range           | 0.2            |
|    entropy_loss         | -0.04          |
|    explained_variance   | 0.9            |
|    learning_rate        | 0.0003         |
|    loss                 | 0.211          |
|    n_updates            | 1850           |
|    policy_gradient_loss | -5.55e-05      |
|    value_loss           | 0.332          |
--------------------------------------------
-------------------------------------------
| time/                   |               |
|    fps                  | 588           |
|    iterations           | 187           |
|    time_elapsed         | 488           |
|    total_timesteps      | 287232        |
| train/                  |               |
|    approx_kl            | 3.7457172e-05 |
|    clip_fraction        | 0.000456      |
|    clip_range           | 0.2           |
|    entropy_loss         | -0.00944      |
|    explained_variance   | 0.838         |
|    learning_rate        | 0.0003        |
|    loss                 | 0.00222       |
|    n_updates            | 1860          |
|    policy_gradient_loss | -7.22e-05     |
|    value_loss           | 0.00755       |
-------------------------------------------
------------------------------------------
| time/                   |              |
|    fps                  | 589          |
|    iterations           | 188          |
|    time_elapsed         | 490          |
|    total_timesteps      | 288768       |
| train/                  |              |
|    approx_kl            | 9.110197e-06 |
|    clip_fraction        | 0            |
|    clip_range           | 0.2          |
|    entropy_loss         | -0.00996     |
|    explained_variance   | 0.821        |
|    learning_rate        | 0.0003       |
|    loss                 | 0.00266      |
|    n_updates            | 1870         |
|    policy_gradient_loss | -4.73e-06    |
|    value_loss           | 0.0102       |
------------------------------------------
------------------------------------------
| time/                   |              |
|    fps                  | 589          |
|    iterations           | 189          |
|    time_elapsed         | 492          |
|    total_timesteps      | 290304       |
| train/                  |              |
|    approx_kl            | 6.967364e-05 |
|    clip_fraction        | 0.000651     |
|    clip_range           | 0.2          |
|    entropy_loss         | -0.00957     |
|    explained_variance   | 0.791        |
|    learning_rate        | 0.0003       |
|    loss                 | 0.00281      |
|    n_updates            | 1880         |
|    policy_gradient_loss | -0.000114    |
|    value_loss           | 0.00675      |
------------------------------------------
------------------------------------------
| time/                   |              |
|    fps                  | 590          |
|    iterations           | 190          |
|    time_elapsed         | 493          |
|    total_timesteps      | 291840       |
| train/                  |              |
|    approx_kl            | 4.860883e-05 |
|    clip_fraction        | 0.000391     |
|    clip_range           | 0.2          |
|    entropy_loss         | -0.00819     |
|    explained_variance   | 0.774        |
|    learning_rate        | 0.0003       |
|    loss                 | 0.00357      |
|    n_updates            | 1890         |
|    policy_gradient_loss | -0.000113    |
|    value_loss           | 0.00756      |
------------------------------------------
---------------------------------------
| time/                   |           |
|    fps                  | 591       |
|    iterations           | 191       |
|    time_elapsed         | 495       |
|    total_timesteps      | 293376    |
| train/                  |           |
|    approx_kl            | 0.0       |
|    clip_fraction        | 0         |
|    clip_range           | 0.2       |
|    entropy_loss         | -0.00741  |
|    explained_variance   | 0.796     |
|    learning_rate        | 0.0003    |
|    loss                 | 0.00173   |
|    n_updates            | 1900      |
|    policy_gradient_loss | -1.16e-05 |
|    value_loss           | 0.00354   |
---------------------------------------
-------------------------------------------
| time/                   |               |
|    fps                  | 592           |
|    iterations           | 192           |
|    time_elapsed         | 497           |
|    total_timesteps      | 294912        |
| train/                  |               |
|    approx_kl            | 0.00011195665 |
|    clip_fraction        | 0.00137       |
|    clip_range           | 0.2           |
|    entropy_loss         | -0.00927      |
|    explained_variance   | 0.783         |
|    learning_rate        | 0.0003        |
|    loss                 | 0.00168       |
|    n_updates            | 1910          |
|    policy_gradient_loss | -0.000332     |
|    value_loss           | 0.00374       |
-------------------------------------------
------------------------------------------
| time/                   |              |
|    fps                  | 593          |
|    iterations           | 193          |
|    time_elapsed         | 499          |
|    total_timesteps      | 296448       |
| train/                  |              |
|    approx_kl            | 1.982941e-08 |
|    clip_fraction        | 0            |
|    clip_range           | 0.2          |
|    entropy_loss         | -0.01        |
|    explained_variance   | 0.654        |
|    learning_rate        | 0.0003       |
|    loss                 | 0.00195      |
|    n_updates            | 1920         |
|    policy_gradient_loss | -1.69e-05    |
|    value_loss           | 0.00456      |
------------------------------------------
------------------------------------------
| time/                   |              |
|    fps                  | 593          |
|    iterations           | 194          |
|    time_elapsed         | 501          |
|    total_timesteps      | 297984       |
| train/                  |              |
|    approx_kl            | 1.745477e-05 |
|    clip_fraction        | 0.000195     |
|    clip_range           | 0.2          |
|    entropy_loss         | -0.00957     |
|    explained_variance   | 0.659        |
|    learning_rate        | 0.0003       |
|    loss                 | 0.00107      |
|    n_updates            | 1930         |
|    policy_gradient_loss | -3.04e-05    |
|    value_loss           | 0.00284      |
------------------------------------------
------------------------------------------
| time/                   |              |
|    fps                  | 594          |
|    iterations           | 195          |
|    time_elapsed         | 503          |
|    total_timesteps      | 299520       |
| train/                  |              |
|    approx_kl            | 2.187308e-05 |
|    clip_fraction        | 0.000391     |
|    clip_range           | 0.2          |
|    entropy_loss         | -0.00983     |
|    explained_variance   | 0.676        |
|    learning_rate        | 0.0003       |
|    loss                 | 0.00172      |
|    n_updates            | 1940         |
|    policy_gradient_loss | -5.57e-05    |
|    value_loss           | 0.00302      |
------------------------------------------
  step  300000/500000 ( 60.0%)  mean_rew=-0.004
-------------------------------------------
| time/                   |               |
|    fps                  | 595           |
|    iterations           | 196           |
|    time_elapsed         | 505           |
|    total_timesteps      | 301056        |
| train/                  |               |
|    approx_kl            | 5.2367104e-06 |
|    clip_fraction        | 0             |
|    clip_range           | 0.2           |
|    entropy_loss         | -0.0103       |
|    explained_variance   | 0.603         |
|    learning_rate        | 0.0003        |
|    loss                 | 0.00272       |
|    n_updates            | 1950          |
|    policy_gradient_loss | -4.56e-06     |
|    value_loss           | 0.00424       |
-------------------------------------------
-------------------------------------------
| time/                   |               |
|    fps                  | 596           |
|    iterations           | 197           |
|    time_elapsed         | 507           |
|    total_timesteps      | 302592        |
| train/                  |               |
|    approx_kl            | 0.00010185534 |
|    clip_fraction        | 0.00202       |
|    clip_range           | 0.2           |
|    entropy_loss         | -0.00994      |
|    explained_variance   | 0.567         |
|    learning_rate        | 0.0003        |
|    loss                 | 0.00176       |
|    n_updates            | 1960          |
|    policy_gradient_loss | -0.000229     |
|    value_loss           | 0.00422       |
-------------------------------------------
-------------------------------------------
| time/                   |               |
|    fps                  | 592           |
|    iterations           | 198           |
|    time_elapsed         | 512           |
|    total_timesteps      | 304128        |
| train/                  |               |
|    approx_kl            | 3.1785262e-07 |
|    clip_fraction        | 0             |
|    clip_range           | 0.2           |
|    entropy_loss         | -0.00953      |
|    explained_variance   | 0.574         |
|    learning_rate        | 0.0003        |
|    loss                 | 0.000806      |
|    n_updates            | 1970          |
|    policy_gradient_loss | -1.9e-06      |
|    value_loss           | 0.0021        |
-------------------------------------------
----------------------------------------
| time/                   |            |
|    fps                  | 591        |
|    iterations           | 199        |
|    time_elapsed         | 517        |
|    total_timesteps      | 305664     |
| train/                  |            |
|    approx_kl            | 0.06199917 |
|    clip_fraction        | 0.0321     |
|    clip_range           | 0.2        |
|    entropy_loss         | -0.102     |
|    explained_variance   | 0.881      |
|    learning_rate        | 0.0003     |
|    loss                 | -0.0175    |
|    n_updates            | 1980       |
|    policy_gradient_loss | -0.00646   |
|    value_loss           | 0.127      |
----------------------------------------
-------------------------------------------
| time/                   |               |
|    fps                  | 591           |
|    iterations           | 200           |
|    time_elapsed         | 518           |
|    total_timesteps      | 307200        |
| train/                  |               |
|    approx_kl            | 0.00077835406 |
|    clip_fraction        | 0.014         |
|    clip_range           | 0.2           |
|    entropy_loss         | -0.101        |
|    explained_variance   | 0.893         |
|    learning_rate        | 0.0003        |
|    loss                 | 0.311         |
|    n_updates            | 1990          |
|    policy_gradient_loss | -0.00137      |
|    value_loss           | 0.373         |
-------------------------------------------
-------------------------------------------
| time/                   |               |
|    fps                  | 592           |
|    iterations           | 201           |
|    time_elapsed         | 520           |
|    total_timesteps      | 308736        |
| train/                  |               |
|    approx_kl            | 0.00038186274 |
|    clip_fraction        | 0.00358       |
|    clip_range           | 0.2           |
|    entropy_loss         | -0.0299       |
|    explained_variance   | 0.872         |
|    learning_rate        | 0.0003        |
|    loss                 | 0.0061        |
|    n_updates            | 2000          |
|    policy_gradient_loss | -0.000659     |
|    value_loss           | 0.00545       |
-------------------------------------------
-------------------------------------------
| time/                   |               |
|    fps                  | 593           |
|    iterations           | 202           |
|    time_elapsed         | 522           |
|    total_timesteps      | 310272        |
| train/                  |               |
|    approx_kl            | 8.1002676e-05 |
|    clip_fraction        | 0.00104       |
|    clip_range           | 0.2           |
|    entropy_loss         | -0.0249       |
|    explained_variance   | 0.889         |
|    learning_rate        | 0.0003        |
|    loss                 | 0.00214       |
|    n_updates            | 2010          |
|    policy_gradient_loss | -0.000303     |
|    value_loss           | 0.00544       |
-------------------------------------------
-------------------------------------------
| time/                   |               |
|    fps                  | 594           |
|    iterations           | 203           |
|    time_elapsed         | 524           |
|    total_timesteps      | 311808        |
| train/                  |               |
|    approx_kl            | 0.00013445783 |
|    clip_fraction        | 0.00143       |
|    clip_range           | 0.2           |
|    entropy_loss         | -0.0243       |
|    explained_variance   | 0.79          |
|    learning_rate        | 0.0003        |
|    loss                 | 0.00555       |
|    n_updates            | 2020          |
|    policy_gradient_loss | -0.000118     |
|    value_loss           | 0.00886       |
-------------------------------------------
-------------------------------------------
| time/                   |               |
|    fps                  | 593           |
|    iterations           | 204           |
|    time_elapsed         | 527           |
|    total_timesteps      | 313344        |
| train/                  |               |
|    approx_kl            | 0.00013287699 |
|    clip_fraction        | 0.00137       |
|    clip_range           | 0.2           |
|    entropy_loss         | -0.0243       |
|    explained_variance   | 0.813         |
|    learning_rate        | 0.0003        |
|    loss                 | 0.000985      |
|    n_updates            | 2030          |
|    policy_gradient_loss | -0.000288     |
|    value_loss           | 0.00665       |
-------------------------------------------
------------------------------------------
| time/                   |              |
|    fps                  | 594          |
|    iterations           | 205          |
|    time_elapsed         | 529          |
|    total_timesteps      | 314880       |
| train/                  |              |
|    approx_kl            | 0.0014179767 |
|    clip_fraction        | 0.0181       |
|    clip_range           | 0.2          |
|    entropy_loss         | -0.0737      |
|    explained_variance   | 0.882        |
|    learning_rate        | 0.0003       |
|    loss                 | 0.0325       |
|    n_updates            | 2040         |
|    policy_gradient_loss | -0.00368     |
|    value_loss           | 0.141        |
------------------------------------------
  step  315000/500000 ( 63.0%)  mean_rew=-0.001
-------------------------------------------
| time/                   |               |
|    fps                  | 595           |
|    iterations           | 206           |
|    time_elapsed         | 531           |
|    total_timesteps      | 316416        |
| train/                  |               |
|    approx_kl            | 0.00023231043 |
|    clip_fraction        | 0.00326       |
|    clip_range           | 0.2           |
|    entropy_loss         | -0.0373       |
|    explained_variance   | 0.647         |
|    learning_rate        | 0.0003        |
|    loss                 | -0.0015       |
|    n_updates            | 2050          |
|    policy_gradient_loss | -0.00039      |
|    value_loss           | 0.00517       |
-------------------------------------------
-------------------------------------------
| time/                   |               |
|    fps                  | 595           |
|    iterations           | 207           |
|    time_elapsed         | 533           |
|    total_timesteps      | 317952        |
| train/                  |               |
|    approx_kl            | 0.00019594685 |
|    clip_fraction        | 0.0026        |
|    clip_range           | 0.2           |
|    entropy_loss         | -0.038        |
|    explained_variance   | 0.49          |
|    learning_rate        | 0.0003        |
|    loss                 | -0.00227      |
|    n_updates            | 2060          |
|    policy_gradient_loss | -0.000481     |
|    value_loss           | 0.00854       |
-------------------------------------------
-------------------------------------------
| time/                   |               |
|    fps                  | 596           |
|    iterations           | 208           |
|    time_elapsed         | 535           |
|    total_timesteps      | 319488        |
| train/                  |               |
|    approx_kl            | 0.00013430405 |
|    clip_fraction        | 0.0028        |
|    clip_range           | 0.2           |
|    entropy_loss         | -0.0431       |
|    explained_variance   | 0.529         |
|    learning_rate        | 0.0003        |
|    loss                 | -0.000651     |
|    n_updates            | 2070          |
|    policy_gradient_loss | -0.000256     |
|    value_loss           | 0.00369       |
-------------------------------------------
------------------------------------------
| time/                   |              |
|    fps                  | 597          |
|    iterations           | 209          |
|    time_elapsed         | 537          |
|    total_timesteps      | 321024       |
| train/                  |              |
|    approx_kl            | 0.0003890487 |
|    clip_fraction        | 0.00905      |
|    clip_range           | 0.2          |
|    entropy_loss         | -0.053       |
|    explained_variance   | 0.596        |
|    learning_rate        | 0.0003       |
|    loss                 | 0.00695      |
|    n_updates            | 2080         |
|    policy_gradient_loss | -0.000832    |
|    value_loss           | 0.00715      |
------------------------------------------
-------------------------------------------
| time/                   |               |
|    fps                  | 597           |
|    iterations           | 210           |
|    time_elapsed         | 539           |
|    total_timesteps      | 322560        |
| train/                  |               |
|    approx_kl            | 0.00023024804 |
|    clip_fraction        | 0.00221       |
|    clip_range           | 0.2           |
|    entropy_loss         | -0.0441       |
|    explained_variance   | 0.561         |
|    learning_rate        | 0.0003        |
|    loss                 | 0.00253       |
|    n_updates            | 2090          |
|    policy_gradient_loss | -0.000173     |
|    value_loss           | 0.00673       |
-------------------------------------------
-------------------------------------------
| time/                   |               |
|    fps                  | 598           |
|    iterations           | 211           |
|    time_elapsed         | 541           |
|    total_timesteps      | 324096        |
| train/                  |               |
|    approx_kl            | 0.00020546392 |
|    clip_fraction        | 0.00182       |
|    clip_range           | 0.2           |
|    entropy_loss         | -0.0355       |
|    explained_variance   | 0.552         |
|    learning_rate        | 0.0003        |
|    loss                 | 0.00208       |
|    n_updates            | 2100          |
|    policy_gradient_loss | -0.000303     |
|    value_loss           | 0.00511       |
-------------------------------------------
------------------------------------------
| time/                   |              |
|    fps                  | 598          |
|    iterations           | 212          |
|    time_elapsed         | 543          |
|    total_timesteps      | 325632       |
| train/                  |              |
|    approx_kl            | 7.146822e-05 |
|    clip_fraction        | 0.000456     |
|    clip_range           | 0.2          |
|    entropy_loss         | -0.0286      |
|    explained_variance   | 0.484        |
|    learning_rate        | 0.0003       |
|    loss                 | 0.00139      |
|    n_updates            | 2110         |
|    policy_gradient_loss | -2.95e-05    |
|    value_loss           | 0.0028       |
------------------------------------------
-------------------------------------------
| time/                   |               |
|    fps                  | 599           |
|    iterations           | 213           |
|    time_elapsed         | 545           |
|    total_timesteps      | 327168        |
| train/                  |               |
|    approx_kl            | 0.00012273811 |
|    clip_fraction        | 0.000521      |
|    clip_range           | 0.2           |
|    entropy_loss         | -0.0251       |
|    explained_variance   | 0.553         |
|    learning_rate        | 0.0003        |
|    loss                 | 0.00356       |
|    n_updates            | 2120          |
|    policy_gradient_loss | -0.000169     |
|    value_loss           | 0.00478       |
-------------------------------------------
------------------------------------------
| time/                   |              |
|    fps                  | 600          |
|    iterations           | 214          |
|    time_elapsed         | 547          |
|    total_timesteps      | 328704       |
| train/                  |              |
|    approx_kl            | 8.083088e-05 |
|    clip_fraction        | 0.000781     |
|    clip_range           | 0.2          |
|    entropy_loss         | -0.0195      |
|    explained_variance   | 0.51         |
|    learning_rate        | 0.0003       |
|    loss                 | 0.00147      |
|    n_updates            | 2130         |
|    policy_gradient_loss | -0.00014     |
|    value_loss           | 0.00345      |
------------------------------------------
  step  330000/500000 ( 66.0%)  mean_rew=-0.053
-------------------------------------------
| time/                   |               |
|    fps                  | 597           |
|    iterations           | 215           |
|    time_elapsed         | 553           |
|    total_timesteps      | 330240        |
| train/                  |               |
|    approx_kl            | 1.9846173e-05 |
|    clip_fraction        | 6.51e-05      |
|    clip_range           | 0.2           |
|    entropy_loss         | -0.0163       |
|    explained_variance   | 0.509         |
|    learning_rate        | 0.0003        |
|    loss                 | 0.000952      |
|    n_updates            | 2140          |
|    policy_gradient_loss | -5.87e-05     |
|    value_loss           | 0.00181       |
-------------------------------------------
------------------------------------------
| time/                   |              |
|    fps                  | 595          |
|    iterations           | 216          |
|    time_elapsed         | 557          |
|    total_timesteps      | 331776       |
| train/                  |              |
|    approx_kl            | 0.0028295731 |
|    clip_fraction        | 0.0277       |
|    clip_range           | 0.2          |
|    entropy_loss         | -0.18        |
|    explained_variance   | 0.875        |
|    learning_rate        | 0.0003       |
|    loss                 | 0.0416       |
|    n_updates            | 2150         |
|    policy_gradient_loss | 0.000143     |
|    value_loss           | 0.145        |
------------------------------------------
------------------------------------------
| time/                   |              |
|    fps                  | 592          |
|    iterations           | 217          |
|    time_elapsed         | 562          |
|    total_timesteps      | 333312       |
| train/                  |              |
|    approx_kl            | 0.0024237446 |
|    clip_fraction        | 0.0352       |
|    clip_range           | 0.2          |
|    entropy_loss         | -0.146       |
|    explained_variance   | 0.908        |
|    learning_rate        | 0.0003       |
|    loss                 | 0.16         |
|    n_updates            | 2160         |
|    policy_gradient_loss | -0.0041      |
|    value_loss           | 0.458        |
------------------------------------------
------------------------------------------
| time/                   |              |
|    fps                  | 588          |
|    iterations           | 218          |
|    time_elapsed         | 569          |
|    total_timesteps      | 334848       |
| train/                  |              |
|    approx_kl            | 0.0013598317 |
|    clip_fraction        | 0.0212       |
|    clip_range           | 0.2          |
|    entropy_loss         | -0.154       |
|    explained_variance   | 0.932        |
|    learning_rate        | 0.0003       |
|    loss                 | 0.392        |
|    n_updates            | 2170         |
|    policy_gradient_loss | -0.00184     |
|    value_loss           | 0.482        |
------------------------------------------
------------------------------------------
| time/                   |              |
|    fps                  | 588          |
|    iterations           | 219          |
|    time_elapsed         | 571          |
|    total_timesteps      | 336384       |
| train/                  |              |
|    approx_kl            | 0.0042463634 |
|    clip_fraction        | 0.0358       |
|    clip_range           | 0.2          |
|    entropy_loss         | -0.216       |
|    explained_variance   | 0.945        |
|    learning_rate        | 0.0003       |
|    loss                 | 0.335        |
|    n_updates            | 2180         |
|    policy_gradient_loss | -0.00189     |
|    value_loss           | 0.649        |
------------------------------------------
-------------------------------------------
| time/                   |               |
|    fps                  | 589           |
|    iterations           | 220           |
|    time_elapsed         | 573           |
|    total_timesteps      | 337920        |
| train/                  |               |
|    approx_kl            | 3.4385517e-05 |
|    clip_fraction        | 0.000651      |
|    clip_range           | 0.2           |
|    entropy_loss         | -0.0201       |
|    explained_variance   | 0.953         |
|    learning_rate        | 0.0003        |
|    loss                 | 0.00444       |
|    n_updates            | 2190          |
|    policy_gradient_loss | -0.000145     |
|    value_loss           | 0.0127        |
-------------------------------------------
------------------------------------------
| time/                   |              |
|    fps                  | 590          |
|    iterations           | 221          |
|    time_elapsed         | 575          |
|    total_timesteps      | 339456       |
| train/                  |              |
|    approx_kl            | 0.0002016396 |
|    clip_fraction        | 0.00182      |
|    clip_range           | 0.2          |
|    entropy_loss         | -0.0175      |
|    explained_variance   | 0.899        |
|    learning_rate        | 0.0003       |
|    loss                 | 0.011        |
|    n_updates            | 2200         |
|    policy_gradient_loss | -0.00046     |
|    value_loss           | 0.0287       |
------------------------------------------
------------------------------------------
| time/                   |              |
|    fps                  | 590          |
|    iterations           | 222          |
|    time_elapsed         | 577          |
|    total_timesteps      | 340992       |
| train/                  |              |
|    approx_kl            | 3.878966e-05 |
|    clip_fraction        | 0.000195     |
|    clip_range           | 0.2          |
|    entropy_loss         | -0.0158      |
|    explained_variance   | 0.907        |
|    learning_rate        | 0.0003       |
|    loss                 | 0.00818      |
|    n_updates            | 2210         |
|    policy_gradient_loss | -6.25e-05    |
|    value_loss           | 0.014        |
------------------------------------------
-------------------------------------------
| time/                   |               |
|    fps                  | 591           |
|    iterations           | 223           |
|    time_elapsed         | 579           |
|    total_timesteps      | 342528        |
| train/                  |               |
|    approx_kl            | 0.00012432454 |
|    clip_fraction        | 0.0026        |
|    clip_range           | 0.2           |
|    entropy_loss         | -0.0162       |
|    explained_variance   | 0.943         |
|    learning_rate        | 0.0003        |
|    loss                 | 0.00143       |
|    n_updates            | 2220          |
|    policy_gradient_loss | -0.000386     |
|    value_loss           | 0.00647       |
-------------------------------------------
-------------------------------------------
| time/                   |               |
|    fps                  | 592           |
|    iterations           | 224           |
|    time_elapsed         | 580           |
|    total_timesteps      | 344064        |
| train/                  |               |
|    approx_kl            | 3.4166656e-05 |
|    clip_fraction        | 0.000846      |
|    clip_range           | 0.2           |
|    entropy_loss         | -0.0169       |
|    explained_variance   | 0.873         |
|    learning_rate        | 0.0003        |
|    loss                 | 0.00428       |
|    n_updates            | 2230          |
|    policy_gradient_loss | -0.000263     |
|    value_loss           | 0.0142        |
-------------------------------------------
  step  345000/500000 ( 69.0%)  mean_rew=-0.001
-----------------------------------------
| time/                   |             |
|    fps                  | 592         |
|    iterations           | 225         |
|    time_elapsed         | 582         |
|    total_timesteps      | 345600      |
| train/                  |             |
|    approx_kl            | 6.44048e-05 |
|    clip_fraction        | 0.000651    |
|    clip_range           | 0.2         |
|    entropy_loss         | -0.0125     |
|    explained_variance   | 0.883       |
|    learning_rate        | 0.0003      |
|    loss                 | 0.00165     |
|    n_updates            | 2240        |
|    policy_gradient_loss | -0.00029    |
|    value_loss           | 0.00704     |
-----------------------------------------
-------------------------------------------
| time/                   |               |
|    fps                  | 593           |
|    iterations           | 226           |
|    time_elapsed         | 585           |
|    total_timesteps      | 347136        |
| train/                  |               |
|    approx_kl            | 1.2718995e-05 |
|    clip_fraction        | 0.000326      |
|    clip_range           | 0.2           |
|    entropy_loss         | -0.0107       |
|    explained_variance   | 0.87          |
|    learning_rate        | 0.0003        |
|    loss                 | 0.00231       |
|    n_updates            | 2250          |
|    policy_gradient_loss | -5.59e-05     |
|    value_loss           | 0.00605       |
-------------------------------------------
-------------------------------------------
| time/                   |               |
|    fps                  | 592           |
|    iterations           | 227           |
|    time_elapsed         | 588           |
|    total_timesteps      | 348672        |
| train/                  |               |
|    approx_kl            | 4.5675202e-05 |
|    clip_fraction        | 0.000781      |
|    clip_range           | 0.2           |
|    entropy_loss         | -0.0113       |
|    explained_variance   | 0.869         |
|    learning_rate        | 0.0003        |
|    loss                 | 0.00674       |
|    n_updates            | 2260          |
|    policy_gradient_loss | -0.000151     |
|    value_loss           | 0.0219        |
-------------------------------------------
------------------------------------------
| time/                   |              |
|    fps                  | 593          |
|    iterations           | 228          |
|    time_elapsed         | 589          |
|    total_timesteps      | 350208       |
| train/                  |              |
|    approx_kl            | 0.0014221184 |
|    clip_fraction        | 0.017        |
|    clip_range           | 0.2          |
|    entropy_loss         | -0.0663      |
|    explained_variance   | 0.917        |
|    learning_rate        | 0.0003       |
|    loss                 | 0.118        |
|    n_updates            | 2270         |
|    policy_gradient_loss | -0.000261    |
|    value_loss           | 0.257        |
------------------------------------------
-------------------------------------------
| time/                   |               |
|    fps                  | 594           |
|    iterations           | 229           |
|    time_elapsed         | 591           |
|    total_timesteps      | 351744        |
| train/                  |               |
|    approx_kl            | 7.8763194e-05 |
|    clip_fraction        | 0.00306       |
|    clip_range           | 0.2           |
|    entropy_loss         | -0.0087       |
|    explained_variance   | 0.638         |
|    learning_rate        | 0.0003        |
|    loss                 | 0.00254       |
|    n_updates            | 2280          |
|    policy_gradient_loss | -0.000653     |
|    value_loss           | 0.00616       |
-------------------------------------------
-----------------------------------------
| time/                   |             |
|    fps                  | 594         |
|    iterations           | 230         |
|    time_elapsed         | 593         |
|    total_timesteps      | 353280      |
| train/                  |             |
|    approx_kl            | 3.47492e-05 |
|    clip_fraction        | 0.00104     |
|    clip_range           | 0.2         |
|    entropy_loss         | -0.0111     |
|    explained_variance   | 0.565       |
|    learning_rate        | 0.0003      |
|    loss                 | 0.00278     |
|    n_updates            | 2290        |
|    policy_gradient_loss | -0.000281   |
|    value_loss           | 0.00764     |
-----------------------------------------
------------------------------------------
| time/                   |              |
|    fps                  | 595          |
|    iterations           | 231          |
|    time_elapsed         | 595          |
|    total_timesteps      | 354816       |
| train/                  |              |
|    approx_kl            | 6.105262e-05 |
|    clip_fraction        | 0.000586     |
|    clip_range           | 0.2          |
|    entropy_loss         | -0.00949     |
|    explained_variance   | 0.435        |
|    learning_rate        | 0.0003       |
|    loss                 | 0.00236      |
|    n_updates            | 2300         |
|    policy_gradient_loss | -9.64e-05    |
|    value_loss           | 0.00807      |
------------------------------------------
-------------------------------------------
| time/                   |               |
|    fps                  | 596           |
|    iterations           | 232           |
|    time_elapsed         | 597           |
|    total_timesteps      | 356352        |
| train/                  |               |
|    approx_kl            | 2.2326092e-05 |
|    clip_fraction        | 0.00026       |
|    clip_range           | 0.2           |
|    entropy_loss         | -0.0071       |
|    explained_variance   | 0.443         |
|    learning_rate        | 0.0003        |
|    loss                 | 0.00266       |
|    n_updates            | 2310          |
|    policy_gradient_loss | -5.99e-05     |
|    value_loss           | 0.00516       |
-------------------------------------------
-------------------------------------------
| time/                   |               |
|    fps                  | 596           |
|    iterations           | 233           |
|    time_elapsed         | 599           |
|    total_timesteps      | 357888        |
| train/                  |               |
|    approx_kl            | 1.4830303e-05 |
|    clip_fraction        | 0.000456      |
|    clip_range           | 0.2           |
|    entropy_loss         | -0.00766      |
|    explained_variance   | 0.49          |
|    learning_rate        | 0.0003        |
|    loss                 | 0.00164       |
|    n_updates            | 2320          |
|    policy_gradient_loss | -9.76e-05     |
|    value_loss           | 0.0053        |
-------------------------------------------
-------------------------------------------
| time/                   |               |
|    fps                  | 597           |
|    iterations           | 234           |
|    time_elapsed         | 601           |
|    total_timesteps      | 359424        |
| train/                  |               |
|    approx_kl            | 4.6436948e-05 |
|    clip_fraction        | 0.000456      |
|    clip_range           | 0.2           |
|    entropy_loss         | -0.00971      |
|    explained_variance   | 0.343         |
|    learning_rate        | 0.0003        |
|    loss                 | 0.0028        |
|    n_updates            | 2330          |
|    policy_gradient_loss | -0.000157     |
|    value_loss           | 0.00631       |
-------------------------------------------
  step  360000/500000 ( 72.0%)  mean_rew=+0.000
-------------------------------------------
| time/                   |               |
|    fps                  | 598           |
|    iterations           | 235           |
|    time_elapsed         | 603           |
|    total_timesteps      | 360960        |
| train/                  |               |
|    approx_kl            | 3.8029393e-05 |
|    clip_fraction        | 0.00182       |
|    clip_range           | 0.2           |
|    entropy_loss         | -0.0125       |
|    explained_variance   | 0.417         |
|    learning_rate        | 0.0003        |
|    loss                 | 0.00205       |
|    n_updates            | 2340          |
|    policy_gradient_loss | -0.000286     |
|    value_loss           | 0.00549       |
-------------------------------------------
------------------------------------------
| time/                   |              |
|    fps                  | 598          |
|    iterations           | 236          |
|    time_elapsed         | 605          |
|    total_timesteps      | 362496       |
| train/                  |              |
|    approx_kl            | 6.947946e-05 |
|    clip_fraction        | 0.000651     |
|    clip_range           | 0.2          |
|    entropy_loss         | -0.0104      |
|    explained_variance   | 0.349        |
|    learning_rate        | 0.0003       |
|    loss                 | 0.00149      |
|    n_updates            | 2350         |
|    policy_gradient_loss | -0.000106    |
|    value_loss           | 0.00341      |
------------------------------------------
-------------------------------------------
| time/                   |               |
|    fps                  | 599           |
|    iterations           | 237           |
|    time_elapsed         | 607           |
|    total_timesteps      | 364032        |
| train/                  |               |
|    approx_kl            | 3.3865643e-05 |
|    clip_fraction        | 0.000846      |
|    clip_range           | 0.2           |
|    entropy_loss         | -0.00791      |
|    explained_variance   | 0.316         |
|    learning_rate        | 0.0003        |
|    loss                 | 0.00258       |
|    n_updates            | 2360          |
|    policy_gradient_loss | -0.000139     |
|    value_loss           | 0.00427       |
-------------------------------------------
-------------------------------------------
| time/                   |               |
|    fps                  | 600           |
|    iterations           | 238           |
|    time_elapsed         | 609           |
|    total_timesteps      | 365568        |
| train/                  |               |
|    approx_kl            | 7.3572933e-06 |
|    clip_fraction        | 0             |
|    clip_range           | 0.2           |
|    entropy_loss         | -0.0073       |
|    explained_variance   | 0.275         |
|    learning_rate        | 0.0003        |
|    loss                 | 0.00251       |
|    n_updates            | 2370          |
|    policy_gradient_loss | -6.37e-06     |
|    value_loss           | 0.00445       |
-------------------------------------------
-------------------------------------------
| time/                   |               |
|    fps                  | 600           |
|    iterations           | 239           |
|    time_elapsed         | 611           |
|    total_timesteps      | 367104        |
| train/                  |               |
|    approx_kl            | 3.9226685e-05 |
|    clip_fraction        | 0.000521      |
|    clip_range           | 0.2           |
|    entropy_loss         | -0.00558      |
|    explained_variance   | 0.193         |
|    learning_rate        | 0.0003        |
|    loss                 | 0.00093       |
|    n_updates            | 2380          |
|    policy_gradient_loss | -0.000173     |
|    value_loss           | 0.00246       |
-------------------------------------------
------------------------------------------
| time/                   |              |
|    fps                  | 601          |
|    iterations           | 240          |
|    time_elapsed         | 613          |
|    total_timesteps      | 368640       |
| train/                  |              |
|    approx_kl            | 7.379373e-06 |
|    clip_fraction        | 0            |
|    clip_range           | 0.2          |
|    entropy_loss         | -0.00536     |
|    explained_variance   | 0.369        |
|    learning_rate        | 0.0003       |
|    loss                 | 0.00104      |
|    n_updates            | 2390         |
|    policy_gradient_loss | -5.46e-06    |
|    value_loss           | 0.00301      |
------------------------------------------
-------------------------------------------
| time/                   |               |
|    fps                  | 601           |
|    iterations           | 241           |
|    time_elapsed         | 615           |
|    total_timesteps      | 370176        |
| train/                  |               |
|    approx_kl            | 4.2298343e-06 |
|    clip_fraction        | 0             |
|    clip_range           | 0.2           |
|    entropy_loss         | -0.0053       |
|    explained_variance   | 0.265         |
|    learning_rate        | 0.0003        |
|    loss                 | 0.00192       |
|    n_updates            | 2400          |
|    policy_gradient_loss | -4.22e-06     |
|    value_loss           | 0.00357       |
-------------------------------------------
------------------------------------------
| time/                   |              |
|    fps                  | 602          |
|    iterations           | 242          |
|    time_elapsed         | 617          |
|    total_timesteps      | 371712       |
| train/                  |              |
|    approx_kl            | 7.585968e-05 |
|    clip_fraction        | 0.00156      |
|    clip_range           | 0.2          |
|    entropy_loss         | -0.00549     |
|    explained_variance   | 0.411        |
|    learning_rate        | 0.0003       |
|    loss                 | 0.00322      |
|    n_updates            | 2410         |
|    policy_gradient_loss | -0.000191    |
|    value_loss           | 0.00426      |
------------------------------------------
---------------------------------------
| time/                   |           |
|    fps                  | 603       |
|    iterations           | 243       |
|    time_elapsed         | 618       |
|    total_timesteps      | 373248    |
| train/                  |           |
|    approx_kl            | 0.0       |
|    clip_fraction        | 0         |
|    clip_range           | 0.2       |
|    entropy_loss         | -0.00426  |
|    explained_variance   | 0.309     |
|    learning_rate        | 0.0003    |
|    loss                 | 0.00105   |
|    n_updates            | 2420      |
|    policy_gradient_loss | -1.03e-06 |
|    value_loss           | 0.00169   |
---------------------------------------
---------------------------------------
| time/                   |           |
|    fps                  | 603       |
|    iterations           | 244       |
|    time_elapsed         | 621       |
|    total_timesteps      | 374784    |
| train/                  |           |
|    approx_kl            | 0.0       |
|    clip_fraction        | 0         |
|    clip_range           | 0.2       |
|    entropy_loss         | -0.00417  |
|    explained_variance   | 0.406     |
|    learning_rate        | 0.0003    |
|    loss                 | 0.00123   |
|    n_updates            | 2430      |
|    policy_gradient_loss | -2.17e-08 |
|    value_loss           | 0.00238   |
---------------------------------------
  step  375000/500000 ( 75.0%)  mean_rew=-0.003
---------------------------------------
| time/                   |           |
|    fps                  | 604       |
|    iterations           | 245       |
|    time_elapsed         | 622       |
|    total_timesteps      | 376320    |
| train/                  |           |
|    approx_kl            | 0.0       |
|    clip_fraction        | 0         |
|    clip_range           | 0.2       |
|    entropy_loss         | -0.00409  |
|    explained_variance   | 0.361     |
|    learning_rate        | 0.0003    |
|    loss                 | 0.00116   |
|    n_updates            | 2440      |
|    policy_gradient_loss | -1.06e-06 |
|    value_loss           | 0.00254   |
---------------------------------------
---------------------------------------
| time/                   |           |
|    fps                  | 604       |
|    iterations           | 246       |
|    time_elapsed         | 624       |
|    total_timesteps      | 377856    |
| train/                  |           |
|    approx_kl            | 0.0       |
|    clip_fraction        | 0         |
|    clip_range           | 0.2       |
|    entropy_loss         | -0.00388  |
|    explained_variance   | 0.33      |
|    learning_rate        | 0.0003    |
|    loss                 | 0.000778  |
|    n_updates            | 2450      |
|    policy_gradient_loss | -2.01e-07 |
|    value_loss           | 0.00152   |
---------------------------------------
---------------------------------------
| time/                   |           |
|    fps                  | 605       |
|    iterations           | 247       |
|    time_elapsed         | 626       |
|    total_timesteps      | 379392    |
| train/                  |           |
|    approx_kl            | 0.0       |
|    clip_fraction        | 0         |
|    clip_range           | 0.2       |
|    entropy_loss         | -0.00381  |
|    explained_variance   | 0.463     |
|    learning_rate        | 0.0003    |
|    loss                 | 0.00134   |
|    n_updates            | 2460      |
|    policy_gradient_loss | -7.38e-07 |
|    value_loss           | 0.00182   |
---------------------------------------
---------------------------------------
| time/                   |           |
|    fps                  | 605       |
|    iterations           | 248       |
|    time_elapsed         | 628       |
|    total_timesteps      | 380928    |
| train/                  |           |
|    approx_kl            | 0.0       |
|    clip_fraction        | 0         |
|    clip_range           | 0.2       |
|    entropy_loss         | -0.00371  |
|    explained_variance   | 0.414     |
|    learning_rate        | 0.0003    |
|    loss                 | 0.00102   |
|    n_updates            | 2470      |
|    policy_gradient_loss | -5.68e-08 |
|    value_loss           | 0.0022    |
---------------------------------------
-------------------------------------------
| time/                   |               |
|    fps                  | 606           |
|    iterations           | 249           |
|    time_elapsed         | 630           |
|    total_timesteps      | 382464        |
| train/                  |               |
|    approx_kl            | 0.00010403882 |
|    clip_fraction        | 0.00156       |
|    clip_range           | 0.2           |
|    entropy_loss         | -0.00436      |
|    explained_variance   | 0.477         |
|    learning_rate        | 0.0003        |
|    loss                 | 0.00102       |
|    n_updates            | 2480          |
|    policy_gradient_loss | -0.000308     |
|    value_loss           | 0.00187       |
-------------------------------------------
---------------------------------------
| time/                   |           |
|    fps                  | 607       |
|    iterations           | 250       |
|    time_elapsed         | 632       |
|    total_timesteps      | 384000    |
| train/                  |           |
|    approx_kl            | 0.0       |
|    clip_fraction        | 0         |
|    clip_range           | 0.2       |
|    entropy_loss         | -0.00402  |
|    explained_variance   | 0.455     |
|    learning_rate        | 0.0003    |
|    loss                 | 0.00063   |
|    n_updates            | 2490      |
|    policy_gradient_loss | -9.26e-07 |
|    value_loss           | 0.00112   |
---------------------------------------
-------------------------------------------
| time/                   |               |
|    fps                  | 607           |
|    iterations           | 251           |
|    time_elapsed         | 634           |
|    total_timesteps      | 385536        |
| train/                  |               |
|    approx_kl            | 2.5790107e-05 |
|    clip_fraction        | 0.000456      |
|    clip_range           | 0.2           |
|    entropy_loss         | -0.00419      |
|    explained_variance   | 0.526         |
|    learning_rate        | 0.0003        |
|    loss                 | 0.000905      |
|    n_updates            | 2500          |
|    policy_gradient_loss | -8.43e-05     |
|    value_loss           | 0.00147       |
-------------------------------------------
---------------------------------------
| time/                   |           |
|    fps                  | 608       |
|    iterations           | 252       |
|    time_elapsed         | 636       |
|    total_timesteps      | 387072    |
| train/                  |           |
|    approx_kl            | 0.0       |
|    clip_fraction        | 0         |
|    clip_range           | 0.2       |
|    entropy_loss         | -0.00325  |
|    explained_variance   | 0.483     |
|    learning_rate        | 0.0003    |
|    loss                 | 0.000612  |
|    n_updates            | 2510      |
|    policy_gradient_loss | -9.77e-07 |
|    value_loss           | 0.00169   |
---------------------------------------
---------------------------------------
| time/                   |           |
|    fps                  | 608       |
|    iterations           | 253       |
|    time_elapsed         | 638       |
|    total_timesteps      | 388608    |
| train/                  |           |
|    approx_kl            | 0.0       |
|    clip_fraction        | 0         |
|    clip_range           | 0.2       |
|    entropy_loss         | -0.00314  |
|    explained_variance   | 0.494     |
|    learning_rate        | 0.0003    |
|    loss                 | 0.000385  |
|    n_updates            | 2520      |
|    policy_gradient_loss | -4.28e-08 |
|    value_loss           | 0.00102   |
---------------------------------------
  step  390000/500000 ( 78.0%)  mean_rew=-0.001
------------------------------------------
| time/                   |              |
|    fps                  | 609          |
|    iterations           | 254          |
|    time_elapsed         | 640          |
|    total_timesteps      | 390144       |
| train/                  |              |
|    approx_kl            | 5.205589e-06 |
|    clip_fraction        | 0            |
|    clip_range           | 0.2          |
|    entropy_loss         | -0.00348     |
|    explained_variance   | 0.607        |
|    learning_rate        | 0.0003       |
|    loss                 | 0.000621     |
|    n_updates            | 2530         |
|    policy_gradient_loss | -2.8e-06     |
|    value_loss           | 0.00112      |
------------------------------------------
---------------------------------------
| time/                   |           |
|    fps                  | 609       |
|    iterations           | 255       |
|    time_elapsed         | 642       |
|    total_timesteps      | 391680    |
| train/                  |           |
|    approx_kl            | 0.0       |
|    clip_fraction        | 0         |
|    clip_range           | 0.2       |
|    entropy_loss         | -0.00277  |
|    explained_variance   | 0.547     |
|    learning_rate        | 0.0003    |
|    loss                 | 0.00103   |
|    n_updates            | 2540      |
|    policy_gradient_loss | -9.01e-07 |
|    value_loss           | 0.00157   |
---------------------------------------
---------------------------------------
| time/                   |           |
|    fps                  | 610       |
|    iterations           | 256       |
|    time_elapsed         | 644       |
|    total_timesteps      | 393216    |
| train/                  |           |
|    approx_kl            | 0.0       |
|    clip_fraction        | 0         |
|    clip_range           | 0.2       |
|    entropy_loss         | -0.00265  |
|    explained_variance   | 0.586     |
|    learning_rate        | 0.0003    |
|    loss                 | 0.000881  |
|    n_updates            | 2550      |
|    policy_gradient_loss | -5.52e-07 |
|    value_loss           | 0.00145   |
---------------------------------------
---------------------------------------
| time/                   |           |
|    fps                  | 610       |
|    iterations           | 257       |
|    time_elapsed         | 646       |
|    total_timesteps      | 394752    |
| train/                  |           |
|    approx_kl            | 0.0       |
|    clip_fraction        | 0         |
|    clip_range           | 0.2       |
|    entropy_loss         | -0.00252  |
|    explained_variance   | 0.577     |
|    learning_rate        | 0.0003    |
|    loss                 | 0.000306  |
|    n_updates            | 2560      |
|    policy_gradient_loss | -8.27e-07 |
|    value_loss           | 0.000907  |
---------------------------------------
-----------------------------------------
| time/                   |             |
|    fps                  | 611         |
|    iterations           | 258         |
|    time_elapsed         | 648         |
|    total_timesteps      | 396288      |
| train/                  |             |
|    approx_kl            | 4.33415e-05 |
|    clip_fraction        | 0.000781    |
|    clip_range           | 0.2         |
|    entropy_loss         | -0.00266    |
|    explained_variance   | 0.653       |
|    learning_rate        | 0.0003      |
|    loss                 | 0.000446    |
|    n_updates            | 2570        |
|    policy_gradient_loss | -8.85e-05   |
|    value_loss           | 0.000962    |
-----------------------------------------
---------------------------------------
| time/                   |           |
|    fps                  | 612       |
|    iterations           | 259       |
|    time_elapsed         | 649       |
|    total_timesteps      | 397824    |
| train/                  |           |
|    approx_kl            | 0.0       |
|    clip_fraction        | 0         |
|    clip_range           | 0.2       |
|    entropy_loss         | -0.00206  |
|    explained_variance   | 0.589     |
|    learning_rate        | 0.0003    |
|    loss                 | 0.000535  |
|    n_updates            | 2580      |
|    policy_gradient_loss | -2.12e-07 |
|    value_loss           | 0.0013    |
---------------------------------------
--------------------------------------
| time/                   |          |
|    fps                  | 612      |
|    iterations           | 260      |
|    time_elapsed         | 651      |
|    total_timesteps      | 399360   |
| train/                  |          |
|    approx_kl            | 0.0      |
|    clip_fraction        | 0        |
|    clip_range           | 0.2      |
|    entropy_loss         | -0.00201 |
|    explained_variance   | 0.624    |
|    learning_rate        | 0.0003   |
|    loss                 | 0.000376 |
|    n_updates            | 2590     |
|    policy_gradient_loss | 1.33e-09 |
|    value_loss           | 0.000786 |
--------------------------------------
---------------------------------------
| time/                   |           |
|    fps                  | 613       |
|    iterations           | 261       |
|    time_elapsed         | 653       |
|    total_timesteps      | 400896    |
| train/                  |           |
|    approx_kl            | 0.0       |
|    clip_fraction        | 0         |
|    clip_range           | 0.2       |
|    entropy_loss         | -0.00202  |
|    explained_variance   | 0.705     |
|    learning_rate        | 0.0003    |
|    loss                 | 0.000357  |
|    n_updates            | 2600      |
|    policy_gradient_loss | -4.39e-08 |
|    value_loss           | 0.000787  |
---------------------------------------
---------------------------------------
| time/                   |           |
|    fps                  | 613       |
|    iterations           | 262       |
|    time_elapsed         | 655       |
|    total_timesteps      | 402432    |
| train/                  |           |
|    approx_kl            | 0.0       |
|    clip_fraction        | 0         |
|    clip_range           | 0.2       |
|    entropy_loss         | -0.00199  |
|    explained_variance   | 0.619     |
|    learning_rate        | 0.0003    |
|    loss                 | 0.000646  |
|    n_updates            | 2610      |
|    policy_gradient_loss | -6.12e-08 |
|    value_loss           | 0.00121   |
---------------------------------------
---------------------------------------
| time/                   |           |
|    fps                  | 614       |
|    iterations           | 263       |
|    time_elapsed         | 657       |
|    total_timesteps      | 403968    |
| train/                  |           |
|    approx_kl            | 0.0       |
|    clip_fraction        | 0         |
|    clip_range           | 0.2       |
|    entropy_loss         | -0.00195  |
|    explained_variance   | 0.658     |
|    learning_rate        | 0.0003    |
|    loss                 | 0.000264  |
|    n_updates            | 2620      |
|    policy_gradient_loss | -5.04e-08 |
|    value_loss           | 0.000781  |
---------------------------------------
  step  405000/500000 ( 81.0%)  mean_rew=+0.000
---------------------------------------
| time/                   |           |
|    fps                  | 614       |
|    iterations           | 264       |
|    time_elapsed         | 659       |
|    total_timesteps      | 405504    |
| train/                  |           |
|    approx_kl            | 0.0       |
|    clip_fraction        | 0         |
|    clip_range           | 0.2       |
|    entropy_loss         | -0.00193  |
|    explained_variance   | 0.658     |
|    learning_rate        | 0.0003    |
|    loss                 | 0.000352  |
|    n_updates            | 2630      |
|    policy_gradient_loss | -4.85e-08 |
|    value_loss           | 0.000786  |
---------------------------------------
---------------------------------------
| time/                   |           |
|    fps                  | 615       |
|    iterations           | 265       |
|    time_elapsed         | 661       |
|    total_timesteps      | 407040    |
| train/                  |           |
|    approx_kl            | 0.0       |
|    clip_fraction        | 0         |
|    clip_range           | 0.2       |
|    entropy_loss         | -0.00189  |
|    explained_variance   | 0.715     |
|    learning_rate        | 0.0003    |
|    loss                 | 0.000267  |
|    n_updates            | 2640      |
|    policy_gradient_loss | -5.18e-07 |
|    value_loss           | 0.000703  |
---------------------------------------
---------------------------------------
| time/                   |           |
|    fps                  | 615       |
|    iterations           | 266       |
|    time_elapsed         | 663       |
|    total_timesteps      | 408576    |
| train/                  |           |
|    approx_kl            | 0.0       |
|    clip_fraction        | 0         |
|    clip_range           | 0.2       |
|    entropy_loss         | -0.00183  |
|    explained_variance   | 0.635     |
|    learning_rate        | 0.0003    |
|    loss                 | 0.000522  |
|    n_updates            | 2650      |
|    policy_gradient_loss | -1.97e-08 |
|    value_loss           | 0.00103   |
---------------------------------------
---------------------------------------
| time/                   |           |
|    fps                  | 616       |
|    iterations           | 267       |
|    time_elapsed         | 665       |
|    total_timesteps      | 410112    |
| train/                  |           |
|    approx_kl            | 0.0       |
|    clip_fraction        | 0         |
|    clip_range           | 0.2       |
|    entropy_loss         | -0.00176  |
|    explained_variance   | 0.69      |
|    learning_rate        | 0.0003    |
|    loss                 | 0.000341  |
|    n_updates            | 2660      |
|    policy_gradient_loss | -1.02e-06 |
|    value_loss           | 0.000597  |
---------------------------------------
---------------------------------------
| time/                   |           |
|    fps                  | 616       |
|    iterations           | 268       |
|    time_elapsed         | 667       |
|    total_timesteps      | 411648    |
| train/                  |           |
|    approx_kl            | 0.0       |
|    clip_fraction        | 0         |
|    clip_range           | 0.2       |
|    entropy_loss         | -0.00173  |
|    explained_variance   | 0.742     |
|    learning_rate        | 0.0003    |
|    loss                 | 0.000463  |
|    n_updates            | 2670      |
|    policy_gradient_loss | -8.78e-09 |
|    value_loss           | 0.000625  |
---------------------------------------
------------------------------------------
| time/                   |              |
|    fps                  | 617          |
|    iterations           | 269          |
|    time_elapsed         | 669          |
|    total_timesteps      | 413184       |
| train/                  |              |
|    approx_kl            | 8.719787e-05 |
|    clip_fraction        | 0.000781     |
|    clip_range           | 0.2          |
|    entropy_loss         | -0.00217     |
|    explained_variance   | 0.651        |
|    learning_rate        | 0.0003       |
|    loss                 | 0.000498     |
|    n_updates            | 2680         |
|    policy_gradient_loss | -3.75e-05    |
|    value_loss           | 0.000981     |
------------------------------------------
---------------------------------------
| time/                   |           |
|    fps                  | 617       |
|    iterations           | 270       |
|    time_elapsed         | 671       |
|    total_timesteps      | 414720    |
| train/                  |           |
|    approx_kl            | 0.0       |
|    clip_fraction        | 0         |
|    clip_range           | 0.2       |
|    entropy_loss         | -0.00168  |
|    explained_variance   | 0.684     |
|    learning_rate        | 0.0003    |
|    loss                 | 0.000316  |
|    n_updates            | 2690      |
|    policy_gradient_loss | -5.37e-07 |
|    value_loss           | 0.000624  |
---------------------------------------
---------------------------------------
| time/                   |           |
|    fps                  | 618       |
|    iterations           | 271       |
|    time_elapsed         | 673       |
|    total_timesteps      | 416256    |
| train/                  |           |
|    approx_kl            | 0.0       |
|    clip_fraction        | 0         |
|    clip_range           | 0.2       |
|    entropy_loss         | -0.00169  |
|    explained_variance   | 0.672     |
|    learning_rate        | 0.0003    |
|    loss                 | 0.000341  |
|    n_updates            | 2700      |
|    policy_gradient_loss | -6.63e-07 |
|    value_loss           | 0.000804  |
---------------------------------------
---------------------------------------
| time/                   |           |
|    fps                  | 618       |
|    iterations           | 272       |
|    time_elapsed         | 675       |
|    total_timesteps      | 417792    |
| train/                  |           |
|    approx_kl            | 0.0       |
|    clip_fraction        | 0         |
|    clip_range           | 0.2       |
|    entropy_loss         | -0.00174  |
|    explained_variance   | 0.748     |
|    learning_rate        | 0.0003    |
|    loss                 | 0.000289  |
|    n_updates            | 2710      |
|    policy_gradient_loss | -1.02e-07 |
|    value_loss           | 0.000597  |
---------------------------------------
---------------------------------------
| time/                   |           |
|    fps                  | 619       |
|    iterations           | 273       |
|    time_elapsed         | 676       |
|    total_timesteps      | 419328    |
| train/                  |           |
|    approx_kl            | 0.0       |
|    clip_fraction        | 0         |
|    clip_range           | 0.2       |
|    entropy_loss         | -0.0017   |
|    explained_variance   | 0.673     |
|    learning_rate        | 0.0003    |
|    loss                 | 0.000525  |
|    n_updates            | 2720      |
|    policy_gradient_loss | -5.07e-09 |
|    value_loss           | 0.000895  |
---------------------------------------
  step  420000/500000 ( 84.0%)  mean_rew=-0.003
---------------------------------------
| time/                   |           |
|    fps                  | 619       |
|    iterations           | 274       |
|    time_elapsed         | 678       |
|    total_timesteps      | 420864    |
| train/                  |           |
|    approx_kl            | 0.0       |
|    clip_fraction        | 0         |
|    clip_range           | 0.2       |
|    entropy_loss         | -0.00157  |
|    explained_variance   | 0.72      |
|    learning_rate        | 0.0003    |
|    loss                 | 0.000356  |
|    n_updates            | 2730      |
|    policy_gradient_loss | -2.66e-06 |
|    value_loss           | 0.000515  |
---------------------------------------
---------------------------------------
| time/                   |           |
|    fps                  | 620       |
|    iterations           | 275       |
|    time_elapsed         | 680       |
|    total_timesteps      | 422400    |
| train/                  |           |
|    approx_kl            | 0.0       |
|    clip_fraction        | 0         |
|    clip_range           | 0.2       |
|    entropy_loss         | -0.00146  |
|    explained_variance   | 0.758     |
|    learning_rate        | 0.0003    |
|    loss                 | 0.000317  |
|    n_updates            | 2740      |
|    policy_gradient_loss | -1.02e-08 |
|    value_loss           | 0.000554  |
---------------------------------------
---------------------------------------
| time/                   |           |
|    fps                  | 620       |
|    iterations           | 276       |
|    time_elapsed         | 682       |
|    total_timesteps      | 423936    |
| train/                  |           |
|    approx_kl            | 0.0       |
|    clip_fraction        | 0         |
|    clip_range           | 0.2       |
|    entropy_loss         | -0.00142  |
|    explained_variance   | 0.648     |
|    learning_rate        | 0.0003    |
|    loss                 | 0.00042   |
|    n_updates            | 2750      |
|    policy_gradient_loss | -6.21e-07 |
|    value_loss           | 0.00091   |
---------------------------------------
---------------------------------------
| time/                   |           |
|    fps                  | 621       |
|    iterations           | 277       |
|    time_elapsed         | 684       |
|    total_timesteps      | 425472    |
| train/                  |           |
|    approx_kl            | 0.0       |
|    clip_fraction        | 0         |
|    clip_range           | 0.2       |
|    entropy_loss         | -0.00136  |
|    explained_variance   | 0.714     |
|    learning_rate        | 0.0003    |
|    loss                 | 0.000237  |
|    n_updates            | 2760      |
|    policy_gradient_loss | -7.94e-10 |
|    value_loss           | 0.00057   |
---------------------------------------
---------------------------------------
| time/                   |           |
|    fps                  | 621       |
|    iterations           | 278       |
|    time_elapsed         | 686       |
|    total_timesteps      | 427008    |
| train/                  |           |
|    approx_kl            | 0.0       |
|    clip_fraction        | 0         |
|    clip_range           | 0.2       |
|    entropy_loss         | -0.00134  |
|    explained_variance   | 0.779     |
|    learning_rate        | 0.0003    |
|    loss                 | 0.000264  |
|    n_updates            | 2770      |
|    policy_gradient_loss | -3.39e-07 |
|    value_loss           | 0.000485  |
---------------------------------------
---------------------------------------
| time/                   |           |
|    fps                  | 622       |
|    iterations           | 279       |
|    time_elapsed         | 688       |
|    total_timesteps      | 428544    |
| train/                  |           |
|    approx_kl            | 0.0       |
|    clip_fraction        | 0         |
|    clip_range           | 0.2       |
|    entropy_loss         | -0.00136  |
|    explained_variance   | 0.684     |
|    learning_rate        | 0.0003    |
|    loss                 | 0.000272  |
|    n_updates            | 2780      |
|    policy_gradient_loss | -1.46e-06 |
|    value_loss           | 0.000838  |
---------------------------------------
---------------------------------------
| time/                   |           |
|    fps                  | 622       |
|    iterations           | 280       |
|    time_elapsed         | 690       |
|    total_timesteps      | 430080    |
| train/                  |           |
|    approx_kl            | 0.0       |
|    clip_fraction        | 0         |
|    clip_range           | 0.2       |
|    entropy_loss         | -0.00141  |
|    explained_variance   | 0.688     |
|    learning_rate        | 0.0003    |
|    loss                 | 0.000695  |
|    n_updates            | 2790      |
|    policy_gradient_loss | -3.37e-07 |
|    value_loss           | 0.000885  |
---------------------------------------
---------------------------------------
| time/                   |           |
|    fps                  | 623       |
|    iterations           | 281       |
|    time_elapsed         | 692       |
|    total_timesteps      | 431616    |
| train/                  |           |
|    approx_kl            | 0.0       |
|    clip_fraction        | 0         |
|    clip_range           | 0.2       |
|    entropy_loss         | -0.00137  |
|    explained_variance   | 0.752     |
|    learning_rate        | 0.0003    |
|    loss                 | 0.000205  |
|    n_updates            | 2800      |
|    policy_gradient_loss | -1.72e-07 |
|    value_loss           | 0.000488  |
---------------------------------------
---------------------------------------
| time/                   |           |
|    fps                  | 623       |
|    iterations           | 282       |
|    time_elapsed         | 694       |
|    total_timesteps      | 433152    |
| train/                  |           |
|    approx_kl            | 0.0       |
|    clip_fraction        | 0         |
|    clip_range           | 0.2       |
|    entropy_loss         | -0.00149  |
|    explained_variance   | 0.773     |
|    learning_rate        | 0.0003    |
|    loss                 | 0.000245  |
|    n_updates            | 2810      |
|    policy_gradient_loss | -1.42e-06 |
|    value_loss           | 0.00054   |
---------------------------------------
---------------------------------------
| time/                   |           |
|    fps                  | 624       |
|    iterations           | 283       |
|    time_elapsed         | 696       |
|    total_timesteps      | 434688    |
| train/                  |           |
|    approx_kl            | 0.0       |
|    clip_fraction        | 0         |
|    clip_range           | 0.2       |
|    entropy_loss         | -0.00165  |
|    explained_variance   | 0.679     |
|    learning_rate        | 0.0003    |
|    loss                 | 0.000332  |
|    n_updates            | 2820      |
|    policy_gradient_loss | -2.14e-07 |
|    value_loss           | 0.000842  |
---------------------------------------
  step  435000/500000 ( 87.0%)  mean_rew=-0.002
---------------------------------------
| time/                   |           |
|    fps                  | 624       |
|    iterations           | 284       |
|    time_elapsed         | 698       |
|    total_timesteps      | 436224    |
| train/                  |           |
|    approx_kl            | 0.0       |
|    clip_fraction        | 0         |
|    clip_range           | 0.2       |
|    entropy_loss         | -0.00177  |
|    explained_variance   | 0.736     |
|    learning_rate        | 0.0003    |
|    loss                 | 0.000233  |
|    n_updates            | 2830      |
|    policy_gradient_loss | -9.05e-07 |
|    value_loss           | 0.000522  |
---------------------------------------
---------------------------------------
| time/                   |           |
|    fps                  | 625       |
|    iterations           | 285       |
|    time_elapsed         | 700       |
|    total_timesteps      | 437760    |
| train/                  |           |
|    approx_kl            | 0.0       |
|    clip_fraction        | 0         |
|    clip_range           | 0.2       |
|    entropy_loss         | -0.00195  |
|    explained_variance   | 0.786     |
|    learning_rate        | 0.0003    |
|    loss                 | 0.000315  |
|    n_updates            | 2840      |
|    policy_gradient_loss | -1.75e-07 |
|    value_loss           | 0.000478  |
---------------------------------------
---------------------------------------
| time/                   |           |
|    fps                  | 625       |
|    iterations           | 286       |
|    time_elapsed         | 702       |
|    total_timesteps      | 439296    |
| train/                  |           |
|    approx_kl            | 0.0       |
|    clip_fraction        | 0         |
|    clip_range           | 0.2       |
|    entropy_loss         | -0.00183  |
|    explained_variance   | 0.693     |
|    learning_rate        | 0.0003    |
|    loss                 | 0.00028   |
|    n_updates            | 2850      |
|    policy_gradient_loss | -1.85e-06 |
|    value_loss           | 0.000841  |
---------------------------------------
--------------------------------------
| time/                   |          |
|    fps                  | 626      |
|    iterations           | 287      |
|    time_elapsed         | 704      |
|    total_timesteps      | 440832   |
| train/                  |          |
|    approx_kl            | 0.0      |
|    clip_fraction        | 0        |
|    clip_range           | 0.2      |
|    entropy_loss         | -0.0017  |
|    explained_variance   | 0.702    |
|    learning_rate        | 0.0003   |
|    loss                 | 0.000491 |
|    n_updates            | 2860     |
|    policy_gradient_loss | -1.8e-07 |
|    value_loss           | 0.00085  |
--------------------------------------
---------------------------------------
| time/                   |           |
|    fps                  | 626       |
|    iterations           | 288       |
|    time_elapsed         | 706       |
|    total_timesteps      | 442368    |
| train/                  |           |
|    approx_kl            | 0.0       |
|    clip_fraction        | 0         |
|    clip_range           | 0.2       |
|    entropy_loss         | -0.00165  |
|    explained_variance   | 0.762     |
|    learning_rate        | 0.0003    |
|    loss                 | 0.000262  |
|    n_updates            | 2870      |
|    policy_gradient_loss | -1.05e-06 |
|    value_loss           | 0.000491  |
---------------------------------------
-------------------------------------------
| time/                   |               |
|    fps                  | 626           |
|    iterations           | 289           |
|    time_elapsed         | 708           |
|    total_timesteps      | 443904        |
| train/                  |               |
|    approx_kl            | 1.9402553e-10 |
|    clip_fraction        | 0             |
|    clip_range           | 0.2           |
|    entropy_loss         | -0.00181      |
|    explained_variance   | 0.779         |
|    learning_rate        | 0.0003        |
|    loss                 | 0.000179      |
|    n_updates            | 2880          |
|    policy_gradient_loss | -6.09e-06     |
|    value_loss           | 0.000521      |
-------------------------------------------
------------------------------------------
| time/                   |              |
|    fps                  | 627          |
|    iterations           | 290          |
|    time_elapsed         | 709          |
|    total_timesteps      | 445440       |
| train/                  |              |
|    approx_kl            | 9.446413e-05 |
|    clip_fraction        | 0.000977     |
|    clip_range           | 0.2          |
|    entropy_loss         | -0.00216     |
|    explained_variance   | 0.638        |
|    learning_rate        | 0.0003       |
|    loss                 | 0.000904     |
|    n_updates            | 2890         |
|    policy_gradient_loss | -7.08e-05    |
|    value_loss           | 0.00149      |
------------------------------------------
---------------------------------------
| time/                   |           |
|    fps                  | 627       |
|    iterations           | 291       |
|    time_elapsed         | 711       |
|    total_timesteps      | 446976    |
| train/                  |           |
|    approx_kl            | 0.0       |
|    clip_fraction        | 0         |
|    clip_range           | 0.2       |
|    entropy_loss         | -0.00169  |
|    explained_variance   | 0.749     |
|    learning_rate        | 0.0003    |
|    loss                 | 0.000236  |
|    n_updates            | 2900      |
|    policy_gradient_loss | -3.22e-07 |
|    value_loss           | 0.000521  |
---------------------------------------
-------------------------------------------
| time/                   |               |
|    fps                  | 628           |
|    iterations           | 292           |
|    time_elapsed         | 713           |
|    total_timesteps      | 448512        |
| train/                  |               |
|    approx_kl            | 1.0399769e-08 |
|    clip_fraction        | 0             |
|    clip_range           | 0.2           |
|    entropy_loss         | -0.00212      |
|    explained_variance   | 0.797         |
|    learning_rate        | 0.0003        |
|    loss                 | 0.000259      |
|    n_updates            | 2910          |
|    policy_gradient_loss | -4.37e-06     |
|    value_loss           | 0.000508      |
-------------------------------------------
  step  450000/500000 ( 90.0%)  mean_rew=-0.005
------------------------------------------
| time/                   |              |
|    fps                  | 628          |
|    iterations           | 293          |
|    time_elapsed         | 715          |
|    total_timesteps      | 450048       |
| train/                  |              |
|    approx_kl            | 0.0017241825 |
|    clip_fraction        | 0.000586     |
|    clip_range           | 0.2          |
|    entropy_loss         | -0.00476     |
|    explained_variance   | 0.709        |
|    learning_rate        | 0.0003       |
|    loss                 | 0.000426     |
|    n_updates            | 2920         |
|    policy_gradient_loss | -2.29e-05    |
|    value_loss           | 0.000857     |
------------------------------------------
------------------------------------------
| time/                   |              |
|    fps                  | 628          |
|    iterations           | 294          |
|    time_elapsed         | 718          |
|    total_timesteps      | 451584       |
| train/                  |              |
|    approx_kl            | 0.0014469041 |
|    clip_fraction        | 0.00189      |
|    clip_range           | 0.2          |
|    entropy_loss         | -0.00284     |
|    explained_variance   | 0.714        |
|    learning_rate        | 0.0003       |
|    loss                 | -0.000803    |
|    n_updates            | 2930         |
|    policy_gradient_loss | -0.000106    |
|    value_loss           | 0.00112      |
------------------------------------------
-----------------------------------------
| time/                   |             |
|    fps                  | 628         |
|    iterations           | 295         |
|    time_elapsed         | 720         |
|    total_timesteps      | 453120      |
| train/                  |             |
|    approx_kl            | 0.030552628 |
|    clip_fraction        | 0.032       |
|    clip_range           | 0.2         |
|    entropy_loss         | -0.0579     |
|    explained_variance   | 0.525       |
|    learning_rate        | 0.0003      |
|    loss                 | 0.113       |
|    n_updates            | 2940        |
|    policy_gradient_loss | 0.0207      |
|    value_loss           | 0.0778      |
-----------------------------------------
-------------------------------------------
| time/                   |               |
|    fps                  | 628           |
|    iterations           | 296           |
|    time_elapsed         | 722           |
|    total_timesteps      | 454656        |
| train/                  |               |
|    approx_kl            | 2.2499201e-07 |
|    clip_fraction        | 0             |
|    clip_range           | 0.2           |
|    entropy_loss         | -0.00587      |
|    explained_variance   | 0.272         |
|    learning_rate        | 0.0003        |
|    loss                 | 0.000824      |
|    n_updates            | 2950          |
|    policy_gradient_loss | -6.05e-05     |
|    value_loss           | 0.0018        |
-------------------------------------------
--------------------------------------------
| time/                   |                |
|    fps                  | 628            |
|    iterations           | 297            |
|    time_elapsed         | 725            |
|    total_timesteps      | 456192         |
| train/                  |                |
|    approx_kl            | 0.000108976536 |
|    clip_fraction        | 0.00111        |
|    clip_range           | 0.2            |
|    entropy_loss         | -0.00686       |
|    explained_variance   | 0.344          |
|    learning_rate        | 0.0003         |
|    loss                 | 0.00184        |
|    n_updates            | 2960           |
|    policy_gradient_loss | -0.000218      |
|    value_loss           | 0.0027         |
--------------------------------------------
------------------------------------------
| time/                   |              |
|    fps                  | 625          |
|    iterations           | 298          |
|    time_elapsed         | 731          |
|    total_timesteps      | 457728       |
| train/                  |              |
|    approx_kl            | 0.0009862735 |
|    clip_fraction        | 0.00944      |
|    clip_range           | 0.2          |
|    entropy_loss         | -0.0618      |
|    explained_variance   | 0.82         |
|    learning_rate        | 0.0003       |
|    loss                 | 0.047        |
|    n_updates            | 2970         |
|    policy_gradient_loss | -0.00193     |
|    value_loss           | 0.138        |
------------------------------------------
------------------------------------------
| time/                   |              |
|    fps                  | 625          |
|    iterations           | 299          |
|    time_elapsed         | 734          |
|    total_timesteps      | 459264       |
| train/                  |              |
|    approx_kl            | 0.0002942091 |
|    clip_fraction        | 0.0136       |
|    clip_range           | 0.2          |
|    entropy_loss         | -0.152       |
|    explained_variance   | 0.911        |
|    learning_rate        | 0.0003       |
|    loss                 | 0.0414       |
|    n_updates            | 2980         |
|    policy_gradient_loss | 0.00105      |
|    value_loss           | 0.135        |
------------------------------------------
-----------------------------------------
| time/                   |             |
|    fps                  | 624         |
|    iterations           | 300         |
|    time_elapsed         | 737         |
|    total_timesteps      | 460800      |
| train/                  |             |
|    approx_kl            | 0.000651697 |
|    clip_fraction        | 0.0056      |
|    clip_range           | 0.2         |
|    entropy_loss         | -0.0284     |
|    explained_variance   | 0.845       |
|    learning_rate        | 0.0003      |
|    loss                 | 0.0259      |
|    n_updates            | 2990        |
|    policy_gradient_loss | -0.00047    |
|    value_loss           | 0.251       |
-----------------------------------------
-------------------------------------------
| time/                   |               |
|    fps                  | 625           |
|    iterations           | 301           |
|    time_elapsed         | 739           |
|    total_timesteps      | 462336        |
| train/                  |               |
|    approx_kl            | 0.00052214955 |
|    clip_fraction        | 0.0134        |
|    clip_range           | 0.2           |
|    entropy_loss         | -0.0625       |
|    explained_variance   | 0.895         |
|    learning_rate        | 0.0003        |
|    loss                 | 0.064         |
|    n_updates            | 3000          |
|    policy_gradient_loss | -0.00218      |
|    value_loss           | 0.241         |
-------------------------------------------
------------------------------------------
| time/                   |              |
|    fps                  | 625          |
|    iterations           | 302          |
|    time_elapsed         | 741          |
|    total_timesteps      | 463872       |
| train/                  |              |
|    approx_kl            | 5.432715e-09 |
|    clip_fraction        | 0            |
|    clip_range           | 0.2          |
|    entropy_loss         | -0.00683     |
|    explained_variance   | 0.732        |
|    learning_rate        | 0.0003       |
|    loss                 | 0.00295      |
|    n_updates            | 3010         |
|    policy_gradient_loss | -7.66e-06    |
|    value_loss           | 0.00694      |
------------------------------------------
  step  465000/500000 ( 93.0%)  mean_rew=-0.004
-------------------------------------------
| time/                   |               |
|    fps                  | 626           |
|    iterations           | 303           |
|    time_elapsed         | 743           |
|    total_timesteps      | 465408        |
| train/                  |               |
|    approx_kl            | 1.5522043e-10 |
|    clip_fraction        | 0             |
|    clip_range           | 0.2           |
|    entropy_loss         | -0.00606      |
|    explained_variance   | 0.706         |
|    learning_rate        | 0.0003        |
|    loss                 | 0.00353       |
|    n_updates            | 3020          |
|    policy_gradient_loss | -5.93e-06     |
|    value_loss           | 0.00679       |
-------------------------------------------
------------------------------------------
| time/                   |              |
|    fps                  | 625          |
|    iterations           | 304          |
|    time_elapsed         | 746          |
|    total_timesteps      | 466944       |
| train/                  |              |
|    approx_kl            | 7.322725e-05 |
|    clip_fraction        | 0.000781     |
|    clip_range           | 0.2          |
|    entropy_loss         | -0.00524     |
|    explained_variance   | 0.539        |
|    learning_rate        | 0.0003       |
|    loss                 | 0.00545      |
|    n_updates            | 3030         |
|    policy_gradient_loss | -9.63e-05    |
|    value_loss           | 0.0144       |
------------------------------------------
-------------------------------------------
| time/                   |               |
|    fps                  | 626           |
|    iterations           | 305           |
|    time_elapsed         | 748           |
|    total_timesteps      | 468480        |
| train/                  |               |
|    approx_kl            | 0.00063812616 |
|    clip_fraction        | 0.00228       |
|    clip_range           | 0.2           |
|    entropy_loss         | -0.0209       |
|    explained_variance   | 0.904         |
|    learning_rate        | 0.0003        |
|    loss                 | 0.0326        |
|    n_updates            | 3040          |
|    policy_gradient_loss | -0.00109      |
|    value_loss           | 0.176         |
-------------------------------------------
-------------------------------------------
| time/                   |               |
|    fps                  | 626           |
|    iterations           | 306           |
|    time_elapsed         | 750           |
|    total_timesteps      | 470016        |
| train/                  |               |
|    approx_kl            | 2.2085538e-05 |
|    clip_fraction        | 0.000195      |
|    clip_range           | 0.2           |
|    entropy_loss         | -0.00672      |
|    explained_variance   | 0.439         |
|    learning_rate        | 0.0003        |
|    loss                 | 0.00333       |
|    n_updates            | 3050          |
|    policy_gradient_loss | -4.15e-05     |
|    value_loss           | 0.00616       |
-------------------------------------------
-------------------------------------------
| time/                   |               |
|    fps                  | 627           |
|    iterations           | 307           |
|    time_elapsed         | 752           |
|    total_timesteps      | 471552        |
| train/                  |               |
|    approx_kl            | 1.5182499e-06 |
|    clip_fraction        | 0             |
|    clip_range           | 0.2           |
|    entropy_loss         | -0.00615      |
|    explained_variance   | 0.337         |
|    learning_rate        | 0.0003        |
|    loss                 | 0.00252       |
|    n_updates            | 3060          |
|    policy_gradient_loss | -2.95e-06     |
|    value_loss           | 0.00732       |
-------------------------------------------
--------------------------------------
| time/                   |          |
|    fps                  | 627      |
|    iterations           | 308      |
|    time_elapsed         | 753      |
|    total_timesteps      | 473088   |
| train/                  |          |
|    approx_kl            | 0.0      |
|    clip_fraction        | 0        |
|    clip_range           | 0.2      |
|    entropy_loss         | -0.00625 |
|    explained_variance   | 0.215    |
|    learning_rate        | 0.0003   |
|    loss                 | 0.00246  |
|    n_updates            | 3070     |
|    policy_gradient_loss | 2.08e-07 |
|    value_loss           | 0.00488  |
--------------------------------------
-------------------------------------------
| time/                   |               |
|    fps                  | 627           |
|    iterations           | 309           |
|    time_elapsed         | 755           |
|    total_timesteps      | 474624        |
| train/                  |               |
|    approx_kl            | 2.5537214e-05 |
|    clip_fraction        | 0.000391      |
|    clip_range           | 0.2           |
|    entropy_loss         | -0.00747      |
|    explained_variance   | 0.165         |
|    learning_rate        | 0.0003        |
|    loss                 | 0.00173       |
|    n_updates            | 3080          |
|    policy_gradient_loss | -6.43e-05     |
|    value_loss           | 0.00507       |
-------------------------------------------
------------------------------------------
| time/                   |              |
|    fps                  | 628          |
|    iterations           | 310          |
|    time_elapsed         | 758          |
|    total_timesteps      | 476160       |
| train/                  |              |
|    approx_kl            | 3.814383e-05 |
|    clip_fraction        | 0.000781     |
|    clip_range           | 0.2          |
|    entropy_loss         | -0.00792     |
|    explained_variance   | 0.349        |
|    learning_rate        | 0.0003       |
|    loss                 | 0.00827      |
|    n_updates            | 3090         |
|    policy_gradient_loss | -0.000135    |
|    value_loss           | 0.0121       |
------------------------------------------
-------------------------------------------
| time/                   |               |
|    fps                  | 628           |
|    iterations           | 311           |
|    time_elapsed         | 759           |
|    total_timesteps      | 477696        |
| train/                  |               |
|    approx_kl            | 3.8049922e-05 |
|    clip_fraction        | 0.000326      |
|    clip_range           | 0.2           |
|    entropy_loss         | -0.00607      |
|    explained_variance   | 0.176         |
|    learning_rate        | 0.0003        |
|    loss                 | 0.00285       |
|    n_updates            | 3100          |
|    policy_gradient_loss | -6.02e-05     |
|    value_loss           | 0.00496       |
-------------------------------------------
------------------------------------------
| time/                   |              |
|    fps                  | 629          |
|    iterations           | 312          |
|    time_elapsed         | 761          |
|    total_timesteps      | 479232       |
| train/                  |              |
|    approx_kl            | 2.392199e-05 |
|    clip_fraction        | 0.000391     |
|    clip_range           | 0.2          |
|    entropy_loss         | -0.00457     |
|    explained_variance   | 0.154        |
|    learning_rate        | 0.0003       |
|    loss                 | 0.00137      |
|    n_updates            | 3110         |
|    policy_gradient_loss | -5.97e-05    |
|    value_loss           | 0.00265      |
------------------------------------------
  step  480000/500000 ( 96.0%)  mean_rew=+0.000
-------------------------------------------
| time/                   |               |
|    fps                  | 629           |
|    iterations           | 313           |
|    time_elapsed         | 763           |
|    total_timesteps      | 480768        |
| train/                  |               |
|    approx_kl            | 2.9245082e-06 |
|    clip_fraction        | 0             |
|    clip_range           | 0.2           |
|    entropy_loss         | -0.00417      |
|    explained_variance   | 0.264         |
|    learning_rate        | 0.0003        |
|    loss                 | 0.0014        |
|    n_updates            | 3120          |
|    policy_gradient_loss | -8.33e-06     |
|    value_loss           | 0.00339       |
-------------------------------------------
---------------------------------------
| time/                   |           |
|    fps                  | 630       |
|    iterations           | 314       |
|    time_elapsed         | 765       |
|    total_timesteps      | 482304    |
| train/                  |           |
|    approx_kl            | 0.0       |
|    clip_fraction        | 0         |
|    clip_range           | 0.2       |
|    entropy_loss         | -0.00373  |
|    explained_variance   | 0.21      |
|    learning_rate        | 0.0003    |
|    loss                 | 0.0011    |
|    n_updates            | 3130      |
|    policy_gradient_loss | -6.16e-07 |
|    value_loss           | 0.00363   |
---------------------------------------
-------------------------------------------
| time/                   |               |
|    fps                  | 630           |
|    iterations           | 315           |
|    time_elapsed         | 767           |
|    total_timesteps      | 483840        |
| train/                  |               |
|    approx_kl            | 2.7313907e-05 |
|    clip_fraction        | 0.000391      |
|    clip_range           | 0.2           |
|    entropy_loss         | -0.00317      |
|    explained_variance   | 0.0597        |
|    learning_rate        | 0.0003        |
|    loss                 | 0.00101       |
|    n_updates            | 3140          |
|    policy_gradient_loss | -4.74e-05     |
|    value_loss           | 0.00242       |
-------------------------------------------
-------------------------------------------
| time/                   |               |
|    fps                  | 630           |
|    iterations           | 316           |
|    time_elapsed         | 769           |
|    total_timesteps      | 485376        |
| train/                  |               |
|    approx_kl            | 2.7874214e-05 |
|    clip_fraction        | 0.000521      |
|    clip_range           | 0.2           |
|    entropy_loss         | -0.00371      |
|    explained_variance   | 0.421         |
|    learning_rate        | 0.0003        |
|    loss                 | 0.0016        |
|    n_updates            | 3150          |
|    policy_gradient_loss | -9.44e-05     |
|    value_loss           | 0.00277       |
-------------------------------------------
---------------------------------------
| time/                   |           |
|    fps                  | 631       |
|    iterations           | 317       |
|    time_elapsed         | 771       |
|    total_timesteps      | 486912    |
| train/                  |           |
|    approx_kl            | 0.0       |
|    clip_fraction        | 0         |
|    clip_range           | 0.2       |
|    entropy_loss         | -0.00347  |
|    explained_variance   | 0.231     |
|    learning_rate        | 0.0003    |
|    loss                 | 0.0019    |
|    n_updates            | 3160      |
|    policy_gradient_loss | -1.73e-07 |
|    value_loss           | 0.00274   |
---------------------------------------
--------------------------------------
| time/                   |          |
|    fps                  | 631      |
|    iterations           | 318      |
|    time_elapsed         | 773      |
|    total_timesteps      | 488448   |
| train/                  |          |
|    approx_kl            | 0.0      |
|    clip_fraction        | 0        |
|    clip_range           | 0.2      |
|    entropy_loss         | -0.00328 |
|    explained_variance   | 0.238    |
|    learning_rate        | 0.0003   |
|    loss                 | 0.0022   |
|    n_updates            | 3170     |
|    policy_gradient_loss | -3e-06   |
|    value_loss           | 0.00285  |
--------------------------------------
---------------------------------------
| time/                   |           |
|    fps                  | 632       |
|    iterations           | 319       |
|    time_elapsed         | 774       |
|    total_timesteps      | 489984    |
| train/                  |           |
|    approx_kl            | 0.0       |
|    clip_fraction        | 0         |
|    clip_range           | 0.2       |
|    entropy_loss         | -0.0031   |
|    explained_variance   | 0.178     |
|    learning_rate        | 0.0003    |
|    loss                 | 0.00092   |
|    n_updates            | 3180      |
|    policy_gradient_loss | -1.69e-07 |
|    value_loss           | 0.00161   |
---------------------------------------
-------------------------------------------
| time/                   |               |
|    fps                  | 632           |
|    iterations           | 320           |
|    time_elapsed         | 776           |
|    total_timesteps      | 491520        |
| train/                  |               |
|    approx_kl            | 2.2391556e-05 |
|    clip_fraction        | 0.00013       |
|    clip_range           | 0.2           |
|    entropy_loss         | -0.00322      |
|    explained_variance   | 0.365         |
|    learning_rate        | 0.0003        |
|    loss                 | 0.00171       |
|    n_updates            | 3190          |
|    policy_gradient_loss | -2.85e-05     |
|    value_loss           | 0.00217       |
-------------------------------------------
---------------------------------------
| time/                   |           |
|    fps                  | 633       |
|    iterations           | 321       |
|    time_elapsed         | 778       |
|    total_timesteps      | 493056    |
| train/                  |           |
|    approx_kl            | 0.0       |
|    clip_fraction        | 0         |
|    clip_range           | 0.2       |
|    entropy_loss         | -0.0027   |
|    explained_variance   | 0.331     |
|    learning_rate        | 0.0003    |
|    loss                 | 0.000898  |
|    n_updates            | 3200      |
|    policy_gradient_loss | -3.55e-07 |
|    value_loss           | 0.00239   |
---------------------------------------
---------------------------------------
| time/                   |           |
|    fps                  | 633       |
|    iterations           | 322       |
|    time_elapsed         | 780       |
|    total_timesteps      | 494592    |
| train/                  |           |
|    approx_kl            | 0.0       |
|    clip_fraction        | 0         |
|    clip_range           | 0.2       |
|    entropy_loss         | -0.00256  |
|    explained_variance   | 0.291     |
|    learning_rate        | 0.0003    |
|    loss                 | 0.000902  |
|    n_updates            | 3210      |
|    policy_gradient_loss | -1.92e-07 |
|    value_loss           | 0.00156   |
---------------------------------------
  step  495000/500000 ( 99.0%)  mean_rew=-0.003
---------------------------------------
| time/                   |           |
|    fps                  | 633       |
|    iterations           | 323       |
|    time_elapsed         | 782       |
|    total_timesteps      | 496128    |
| train/                  |           |
|    approx_kl            | 0.0       |
|    clip_fraction        | 0         |
|    clip_range           | 0.2       |
|    entropy_loss         | -0.00248  |
|    explained_variance   | 0.465     |
|    learning_rate        | 0.0003    |
|    loss                 | 0.000882  |
|    n_updates            | 3220      |
|    policy_gradient_loss | -5.08e-07 |
|    value_loss           | 0.00166   |
---------------------------------------
-------------------------------------------
| time/                   |               |
|    fps                  | 634           |
|    iterations           | 324           |
|    time_elapsed         | 784           |
|    total_timesteps      | 497664        |
| train/                  |               |
|    approx_kl            | 1.9979663e-05 |
|    clip_fraction        | 0.000521      |
|    clip_range           | 0.2           |
|    entropy_loss         | -0.00265      |
|    explained_variance   | 0.433         |
|    learning_rate        | 0.0003        |
|    loss                 | 0.000746      |
|    n_updates            | 3230          |
|    policy_gradient_loss | -3.14e-05     |
|    value_loss           | 0.00249       |
-------------------------------------------
---------------------------------------
| time/                   |           |
|    fps                  | 634       |
|    iterations           | 325       |
|    time_elapsed         | 786       |
|    total_timesteps      | 499200    |
| train/                  |           |
|    approx_kl            | 0.0       |
|    clip_fraction        | 0         |
|    clip_range           | 0.2       |
|    entropy_loss         | -0.00254  |
|    explained_variance   | 0.47      |
|    learning_rate        | 0.0003    |
|    loss                 | 0.00089   |
|    n_updates            | 3240      |
|    policy_gradient_loss | -2.67e-06 |
|    value_loss           | 0.00191   |
---------------------------------------
--------------------------------------
| time/                   |          |
|    fps                  | 635      |
|    iterations           | 326      |
|    time_elapsed         | 787      |
|    total_timesteps      | 500736   |
| train/                  |          |
|    approx_kl            | 0.0      |
|    clip_fraction        | 0        |
|    clip_range           | 0.2      |
|    entropy_loss         | -0.00234 |
|    explained_variance   | 0.472    |
|    learning_rate        | 0.0003   |
|    loss                 | 0.000419 |
|    n_updates            | 3250     |
|    policy_gradient_loss | 1.75e-08 |
|    value_loss           | 0.00111  |
--------------------------------------
[cologne3.net-PPO] Done. Saved -> /workspace/rl-traffic/exp_cologne3_real/ppo_pressure_s777
