Using libsumo as traci as requested by environment variable.
[cologne3.net-PPO] 3 agents | reward=pressure | seed=42
  obs=(7,) | act=Discrete(3)
Using cpu device
-----------------------------
| time/              |      |
|    fps             | 738  |
|    iterations      | 1    |
|    time_elapsed    | 2    |
|    total_timesteps | 1536 |
-----------------------------
-----------------------------------------
| time/                   |             |
|    fps                  | 668         |
|    iterations           | 2           |
|    time_elapsed         | 4           |
|    total_timesteps      | 3072        |
| train/                  |             |
|    approx_kl            | 0.012023379 |
|    clip_fraction        | 0.134       |
|    clip_range           | 0.2         |
|    entropy_loss         | -1.09       |
|    explained_variance   | 0.0872      |
|    learning_rate        | 0.0003      |
|    loss                 | -0.0353     |
|    n_updates            | 10          |
|    policy_gradient_loss | -0.0129     |
|    value_loss           | 0.0145      |
-----------------------------------------
-----------------------------------------
| time/                   |             |
|    fps                  | 588         |
|    iterations           | 3           |
|    time_elapsed         | 7           |
|    total_timesteps      | 4608        |
| train/                  |             |
|    approx_kl            | 0.010514088 |
|    clip_fraction        | 0.129       |
|    clip_range           | 0.2         |
|    entropy_loss         | -1.07       |
|    explained_variance   | 0.248       |
|    learning_rate        | 0.0003      |
|    loss                 | -0.000406   |
|    n_updates            | 20          |
|    policy_gradient_loss | -0.0104     |
|    value_loss           | 0.0135      |
-----------------------------------------
-------------------------------------------
| time/                   |               |
|    fps                  | 609           |
|    iterations           | 4             |
|    time_elapsed         | 10            |
|    total_timesteps      | 6144          |
| train/                  |               |
|    approx_kl            | 0.00060082035 |
|    clip_fraction        | 0             |
|    clip_range           | 0.2           |
|    entropy_loss         | -1.07         |
|    explained_variance   | 0.389         |
|    learning_rate        | 0.0003        |
|    loss                 | 0.025         |
|    n_updates            | 30            |
|    policy_gradient_loss | -6.36e-05     |
|    value_loss           | 0.0702        |
-------------------------------------------
-----------------------------------------
| time/                   |             |
|    fps                  | 618         |
|    iterations           | 5           |
|    time_elapsed         | 12          |
|    total_timesteps      | 7680        |
| train/                  |             |
|    approx_kl            | 0.007734286 |
|    clip_fraction        | 0.0665      |
|    clip_range           | 0.2         |
|    entropy_loss         | -1.03       |
|    explained_variance   | 0.331       |
|    learning_rate        | 0.0003      |
|    loss                 | 0.00805     |
|    n_updates            | 40          |
|    policy_gradient_loss | -0.00807    |
|    value_loss           | 0.0118      |
-----------------------------------------
-----------------------------------------
| time/                   |             |
|    fps                  | 632         |
|    iterations           | 6           |
|    time_elapsed         | 14          |
|    total_timesteps      | 9216        |
| train/                  |             |
|    approx_kl            | 0.010706515 |
|    clip_fraction        | 0.102       |
|    clip_range           | 0.2         |
|    entropy_loss         | -0.979      |
|    explained_variance   | 0.433       |
|    learning_rate        | 0.0003      |
|    loss                 | -0.00837    |
|    n_updates            | 50          |
|    policy_gradient_loss | -0.0122     |
|    value_loss           | 0.0229      |
-----------------------------------------
-----------------------------------------
| time/                   |             |
|    fps                  | 492         |
|    iterations           | 7           |
|    time_elapsed         | 21          |
|    total_timesteps      | 10752       |
| train/                  |             |
|    approx_kl            | 0.009848469 |
|    clip_fraction        | 0.0868      |
|    clip_range           | 0.2         |
|    entropy_loss         | -0.939      |
|    explained_variance   | 0.264       |
|    learning_rate        | 0.0003      |
|    loss                 | -0.0111     |
|    n_updates            | 60          |
|    policy_gradient_loss | -0.00841    |
|    value_loss           | 0.00737     |
-----------------------------------------
-----------------------------------------
| time/                   |             |
|    fps                  | 503         |
|    iterations           | 8           |
|    time_elapsed         | 24          |
|    total_timesteps      | 12288       |
| train/                  |             |
|    approx_kl            | 0.013654702 |
|    clip_fraction        | 0.0822      |
|    clip_range           | 0.2         |
|    entropy_loss         | -0.934      |
|    explained_variance   | 0.746       |
|    learning_rate        | 0.0003      |
|    loss                 | -0.00202    |
|    n_updates            | 70          |
|    policy_gradient_loss | -0.0083     |
|    value_loss           | 0.225       |
-----------------------------------------
-----------------------------------------
| time/                   |             |
|    fps                  | 517         |
|    iterations           | 9           |
|    time_elapsed         | 26          |
|    total_timesteps      | 13824       |
| train/                  |             |
|    approx_kl            | 0.008621682 |
|    clip_fraction        | 0.0184      |
|    clip_range           | 0.2         |
|    entropy_loss         | -0.939      |
|    explained_variance   | -0.117      |
|    learning_rate        | 0.0003      |
|    loss                 | 0.00224     |
|    n_updates            | 80          |
|    policy_gradient_loss | -0.00431    |
|    value_loss           | 0.0612      |
-----------------------------------------
  step   15000/500000 (  3.0%)  mean_rew=+0.000
-----------------------------------------
| time/                   |             |
|    fps                  | 534         |
|    iterations           | 10          |
|    time_elapsed         | 28          |
|    total_timesteps      | 15360       |
| train/                  |             |
|    approx_kl            | 0.009522276 |
|    clip_fraction        | 0.0391      |
|    clip_range           | 0.2         |
|    entropy_loss         | -0.886      |
|    explained_variance   | 0.674       |
|    learning_rate        | 0.0003      |
|    loss                 | 0.000501    |
|    n_updates            | 90          |
|    policy_gradient_loss | -0.00444    |
|    value_loss           | 0.0088      |
-----------------------------------------
-----------------------------------------
| time/                   |             |
|    fps                  | 538         |
|    iterations           | 11          |
|    time_elapsed         | 31          |
|    total_timesteps      | 16896       |
| train/                  |             |
|    approx_kl            | 0.002740069 |
|    clip_fraction        | 0.00632     |
|    clip_range           | 0.2         |
|    entropy_loss         | -0.867      |
|    explained_variance   | 0.783       |
|    learning_rate        | 0.0003      |
|    loss                 | 0.00313     |
|    n_updates            | 100         |
|    policy_gradient_loss | -0.0011     |
|    value_loss           | 0.00489     |
-----------------------------------------
-----------------------------------------
| time/                   |             |
|    fps                  | 528         |
|    iterations           | 12          |
|    time_elapsed         | 34          |
|    total_timesteps      | 18432       |
| train/                  |             |
|    approx_kl            | 0.009338331 |
|    clip_fraction        | 0.0797      |
|    clip_range           | 0.2         |
|    entropy_loss         | -0.826      |
|    explained_variance   | 0.793       |
|    learning_rate        | 0.0003      |
|    loss                 | -0.013      |
|    n_updates            | 110         |
|    policy_gradient_loss | -0.00545    |
|    value_loss           | 0.0077      |
-----------------------------------------
-----------------------------------------
| time/                   |             |
|    fps                  | 488         |
|    iterations           | 13          |
|    time_elapsed         | 40          |
|    total_timesteps      | 19968       |
| train/                  |             |
|    approx_kl            | 0.008999473 |
|    clip_fraction        | 0.0538      |
|    clip_range           | 0.2         |
|    entropy_loss         | -0.819      |
|    explained_variance   | 0.732       |
|    learning_rate        | 0.0003      |
|    loss                 | 0.036       |
|    n_updates            | 120         |
|    policy_gradient_loss | -0.00574    |
|    value_loss           | 0.158       |
-----------------------------------------
------------------------------------------
| time/                   |              |
|    fps                  | 500          |
|    iterations           | 14           |
|    time_elapsed         | 42           |
|    total_timesteps      | 21504        |
| train/                  |              |
|    approx_kl            | 0.0071459836 |
|    clip_fraction        | 0.0177       |
|    clip_range           | 0.2          |
|    entropy_loss         | -0.855       |
|    explained_variance   | 0.879        |
|    learning_rate        | 0.0003       |
|    loss                 | 0.34         |
|    n_updates            | 130          |
|    policy_gradient_loss | -0.00183     |
|    value_loss           | 0.339        |
------------------------------------------
-----------------------------------------
| time/                   |             |
|    fps                  | 509         |
|    iterations           | 15          |
|    time_elapsed         | 45          |
|    total_timesteps      | 23040       |
| train/                  |             |
|    approx_kl            | 0.009708721 |
|    clip_fraction        | 0.066       |
|    clip_range           | 0.2         |
|    entropy_loss         | -0.807      |
|    explained_variance   | 0.798       |
|    learning_rate        | 0.0003      |
|    loss                 | 0.000963    |
|    n_updates            | 140         |
|    policy_gradient_loss | -0.00734    |
|    value_loss           | 0.0138      |
-----------------------------------------
------------------------------------------
| time/                   |              |
|    fps                  | 517          |
|    iterations           | 16           |
|    time_elapsed         | 47           |
|    total_timesteps      | 24576        |
| train/                  |              |
|    approx_kl            | 0.0046574157 |
|    clip_fraction        | 0.0545       |
|    clip_range           | 0.2          |
|    entropy_loss         | -0.73        |
|    explained_variance   | 0.732        |
|    learning_rate        | 0.0003       |
|    loss                 | -0.00705     |
|    n_updates            | 150          |
|    policy_gradient_loss | -0.00485     |
|    value_loss           | 0.0145       |
------------------------------------------
------------------------------------------
| time/                   |              |
|    fps                  | 512          |
|    iterations           | 17           |
|    time_elapsed         | 50           |
|    total_timesteps      | 26112        |
| train/                  |              |
|    approx_kl            | 0.0057724672 |
|    clip_fraction        | 0.0683       |
|    clip_range           | 0.2          |
|    entropy_loss         | -0.652       |
|    explained_variance   | 0.717        |
|    learning_rate        | 0.0003       |
|    loss                 | 0.00525      |
|    n_updates            | 160          |
|    policy_gradient_loss | -0.00507     |
|    value_loss           | 0.0113       |
------------------------------------------
------------------------------------------
| time/                   |              |
|    fps                  | 520          |
|    iterations           | 18           |
|    time_elapsed         | 53           |
|    total_timesteps      | 27648        |
| train/                  |              |
|    approx_kl            | 0.0045143943 |
|    clip_fraction        | 0.03         |
|    clip_range           | 0.2          |
|    entropy_loss         | -0.617       |
|    explained_variance   | 0.874        |
|    learning_rate        | 0.0003       |
|    loss                 | 0.00425      |
|    n_updates            | 170          |
|    policy_gradient_loss | -0.00268     |
|    value_loss           | 0.204        |
------------------------------------------
------------------------------------------
| time/                   |              |
|    fps                  | 527          |
|    iterations           | 19           |
|    time_elapsed         | 55           |
|    total_timesteps      | 29184        |
| train/                  |              |
|    approx_kl            | 0.0031216089 |
|    clip_fraction        | 0.0215       |
|    clip_range           | 0.2          |
|    entropy_loss         | -0.576       |
|    explained_variance   | 0.56         |
|    learning_rate        | 0.0003       |
|    loss                 | -0.00224     |
|    n_updates            | 180          |
|    policy_gradient_loss | -0.00123     |
|    value_loss           | 0.0134       |
------------------------------------------
  step   30000/500000 (  6.0%)  mean_rew=-0.002
-----------------------------------------
| time/                   |             |
|    fps                  | 535         |
|    iterations           | 20          |
|    time_elapsed         | 57          |
|    total_timesteps      | 30720       |
| train/                  |             |
|    approx_kl            | 0.003530632 |
|    clip_fraction        | 0.0108      |
|    clip_range           | 0.2         |
|    entropy_loss         | -0.522      |
|    explained_variance   | 0.343       |
|    learning_rate        | 0.0003      |
|    loss                 | 0.0108      |
|    n_updates            | 190         |
|    policy_gradient_loss | -0.00149    |
|    value_loss           | 0.0129      |
-----------------------------------------
------------------------------------------
| time/                   |              |
|    fps                  | 541          |
|    iterations           | 21           |
|    time_elapsed         | 59           |
|    total_timesteps      | 32256        |
| train/                  |              |
|    approx_kl            | 0.0011462941 |
|    clip_fraction        | 0.00742      |
|    clip_range           | 0.2          |
|    entropy_loss         | -0.494       |
|    explained_variance   | 0.505        |
|    learning_rate        | 0.0003       |
|    loss                 | 0.00213      |
|    n_updates            | 200          |
|    policy_gradient_loss | -0.00135     |
|    value_loss           | 0.00619      |
------------------------------------------
-----------------------------------------
| time/                   |             |
|    fps                  | 547         |
|    iterations           | 22          |
|    time_elapsed         | 61          |
|    total_timesteps      | 33792       |
| train/                  |             |
|    approx_kl            | 0.002379007 |
|    clip_fraction        | 0.0238      |
|    clip_range           | 0.2         |
|    entropy_loss         | -0.477      |
|    explained_variance   | 0.482       |
|    learning_rate        | 0.0003      |
|    loss                 | -0.00518    |
|    n_updates            | 210         |
|    policy_gradient_loss | -0.00152    |
|    value_loss           | 0.00622     |
-----------------------------------------
----------------------------------------
| time/                   |            |
|    fps                  | 552        |
|    iterations           | 23         |
|    time_elapsed         | 63         |
|    total_timesteps      | 35328      |
| train/                  |            |
|    approx_kl            | 0.00396783 |
|    clip_fraction        | 0.0537     |
|    clip_range           | 0.2        |
|    entropy_loss         | -0.447     |
|    explained_variance   | 0.356      |
|    learning_rate        | 0.0003     |
|    loss                 | 0.000944   |
|    n_updates            | 220        |
|    policy_gradient_loss | -0.00419   |
|    value_loss           | 0.0136     |
----------------------------------------
------------------------------------------
| time/                   |              |
|    fps                  | 558          |
|    iterations           | 24           |
|    time_elapsed         | 66           |
|    total_timesteps      | 36864        |
| train/                  |              |
|    approx_kl            | 0.0029320018 |
|    clip_fraction        | 0.0266       |
|    clip_range           | 0.2          |
|    entropy_loss         | -0.441       |
|    explained_variance   | 0.385        |
|    learning_rate        | 0.0003       |
|    loss                 | 0.0162       |
|    n_updates            | 230          |
|    policy_gradient_loss | -0.00225     |
|    value_loss           | 0.00595      |
------------------------------------------
------------------------------------------
| time/                   |              |
|    fps                  | 563          |
|    iterations           | 25           |
|    time_elapsed         | 68           |
|    total_timesteps      | 38400        |
| train/                  |              |
|    approx_kl            | 0.0034913465 |
|    clip_fraction        | 0.0281       |
|    clip_range           | 0.2          |
|    entropy_loss         | -0.387       |
|    explained_variance   | 0.473        |
|    learning_rate        | 0.0003       |
|    loss                 | -0.00172     |
|    n_updates            | 240          |
|    policy_gradient_loss | -0.00244     |
|    value_loss           | 0.00327      |
------------------------------------------
------------------------------------------
| time/                   |              |
|    fps                  | 567          |
|    iterations           | 26           |
|    time_elapsed         | 70           |
|    total_timesteps      | 39936        |
| train/                  |              |
|    approx_kl            | 0.0026437948 |
|    clip_fraction        | 0.0187       |
|    clip_range           | 0.2          |
|    entropy_loss         | -0.337       |
|    explained_variance   | 0.482        |
|    learning_rate        | 0.0003       |
|    loss                 | -0.00211     |
|    n_updates            | 250          |
|    policy_gradient_loss | -0.00159     |
|    value_loss           | 0.00429      |
------------------------------------------
------------------------------------------
| time/                   |              |
|    fps                  | 564          |
|    iterations           | 27           |
|    time_elapsed         | 73           |
|    total_timesteps      | 41472        |
| train/                  |              |
|    approx_kl            | 0.0018432825 |
|    clip_fraction        | 0.0145       |
|    clip_range           | 0.2          |
|    entropy_loss         | -0.286       |
|    explained_variance   | 0.418        |
|    learning_rate        | 0.0003       |
|    loss                 | -0.00238     |
|    n_updates            | 260          |
|    policy_gradient_loss | -0.00149     |
|    value_loss           | 0.00515      |
------------------------------------------
-------------------------------------------
| time/                   |               |
|    fps                  | 563           |
|    iterations           | 28            |
|    time_elapsed         | 76            |
|    total_timesteps      | 43008         |
| train/                  |               |
|    approx_kl            | 0.00097514456 |
|    clip_fraction        | 0.0116        |
|    clip_range           | 0.2           |
|    entropy_loss         | -0.257        |
|    explained_variance   | 0.869         |
|    learning_rate        | 0.0003        |
|    loss                 | 0.054         |
|    n_updates            | 270           |
|    policy_gradient_loss | -0.000952     |
|    value_loss           | 0.119         |
-------------------------------------------
------------------------------------------
| time/                   |              |
|    fps                  | 564          |
|    iterations           | 29           |
|    time_elapsed         | 78           |
|    total_timesteps      | 44544        |
| train/                  |              |
|    approx_kl            | 0.0013379637 |
|    clip_fraction        | 0.0181       |
|    clip_range           | 0.2          |
|    entropy_loss         | -0.266       |
|    explained_variance   | 0.934        |
|    learning_rate        | 0.0003       |
|    loss                 | 0.0117       |
|    n_updates            | 280          |
|    policy_gradient_loss | -0.00136     |
|    value_loss           | 0.0261       |
------------------------------------------
  step   45000/500000 (  9.0%)  mean_rew=-0.023
------------------------------------------
| time/                   |              |
|    fps                  | 562          |
|    iterations           | 30           |
|    time_elapsed         | 81           |
|    total_timesteps      | 46080        |
| train/                  |              |
|    approx_kl            | 0.0019286821 |
|    clip_fraction        | 0.0266       |
|    clip_range           | 0.2          |
|    entropy_loss         | -0.278       |
|    explained_variance   | 0.854        |
|    learning_rate        | 0.0003       |
|    loss                 | 0.0467       |
|    n_updates            | 290          |
|    policy_gradient_loss | -0.00262     |
|    value_loss           | 0.133        |
------------------------------------------
------------------------------------------
| time/                   |              |
|    fps                  | 566          |
|    iterations           | 31           |
|    time_elapsed         | 84           |
|    total_timesteps      | 47616        |
| train/                  |              |
|    approx_kl            | 0.0017350832 |
|    clip_fraction        | 0.0146       |
|    clip_range           | 0.2          |
|    entropy_loss         | -0.265       |
|    explained_variance   | 0.906        |
|    learning_rate        | 0.0003       |
|    loss                 | 0.134        |
|    n_updates            | 300          |
|    policy_gradient_loss | -0.000419    |
|    value_loss           | 0.179        |
------------------------------------------
------------------------------------------
| time/                   |              |
|    fps                  | 569          |
|    iterations           | 32           |
|    time_elapsed         | 86           |
|    total_timesteps      | 49152        |
| train/                  |              |
|    approx_kl            | 0.0016861148 |
|    clip_fraction        | 0.0109       |
|    clip_range           | 0.2          |
|    entropy_loss         | -0.26        |
|    explained_variance   | -0.756       |
|    learning_rate        | 0.0003       |
|    loss                 | 0.00273      |
|    n_updates            | 310          |
|    policy_gradient_loss | -0.000478    |
|    value_loss           | 0.00733      |
------------------------------------------
-------------------------------------------
| time/                   |               |
|    fps                  | 569           |
|    iterations           | 33            |
|    time_elapsed         | 88            |
|    total_timesteps      | 50688         |
| train/                  |               |
|    approx_kl            | 0.00089242123 |
|    clip_fraction        | 0.0148        |
|    clip_range           | 0.2           |
|    entropy_loss         | -0.244        |
|    explained_variance   | 0.0194        |
|    learning_rate        | 0.0003        |
|    loss                 | 0.00283       |
|    n_updates            | 320           |
|    policy_gradient_loss | -0.00101      |
|    value_loss           | 0.0114        |
-------------------------------------------
------------------------------------------
| time/                   |              |
|    fps                  | 544          |
|    iterations           | 34           |
|    time_elapsed         | 95           |
|    total_timesteps      | 52224        |
| train/                  |              |
|    approx_kl            | 0.0014232503 |
|    clip_fraction        | 0.0113       |
|    clip_range           | 0.2          |
|    entropy_loss         | -0.218       |
|    explained_variance   | 0.9          |
|    learning_rate        | 0.0003       |
|    loss                 | 0.0985       |
|    n_updates            | 330          |
|    policy_gradient_loss | -0.000979    |
|    value_loss           | 0.13         |
------------------------------------------
-------------------------------------------
| time/                   |               |
|    fps                  | 544           |
|    iterations           | 35            |
|    time_elapsed         | 98            |
|    total_timesteps      | 53760         |
| train/                  |               |
|    approx_kl            | 0.00012290773 |
|    clip_fraction        | 0.000911      |
|    clip_range           | 0.2           |
|    entropy_loss         | -0.209        |
|    explained_variance   | 0.937         |
|    learning_rate        | 0.0003        |
|    loss                 | 0.361         |
|    n_updates            | 340           |
|    policy_gradient_loss | -0.000111     |
|    value_loss           | 0.622         |
-------------------------------------------
------------------------------------------
| time/                   |              |
|    fps                  | 545          |
|    iterations           | 36           |
|    time_elapsed         | 101          |
|    total_timesteps      | 55296        |
| train/                  |              |
|    approx_kl            | 0.0015280261 |
|    clip_fraction        | 0.0292       |
|    clip_range           | 0.2          |
|    entropy_loss         | -0.249       |
|    explained_variance   | 0.961        |
|    learning_rate        | 0.0003       |
|    loss                 | 0.0141       |
|    n_updates            | 350          |
|    policy_gradient_loss | -0.00211     |
|    value_loss           | 0.043        |
------------------------------------------
------------------------------------------
| time/                   |              |
|    fps                  | 549          |
|    iterations           | 37           |
|    time_elapsed         | 103          |
|    total_timesteps      | 56832        |
| train/                  |              |
|    approx_kl            | 0.0012682644 |
|    clip_fraction        | 0.0107       |
|    clip_range           | 0.2          |
|    entropy_loss         | -0.244       |
|    explained_variance   | 0.864        |
|    learning_rate        | 0.0003       |
|    loss                 | 0.135        |
|    n_updates            | 360          |
|    policy_gradient_loss | -0.00108     |
|    value_loss           | 0.259        |
------------------------------------------
------------------------------------------
| time/                   |              |
|    fps                  | 553          |
|    iterations           | 38           |
|    time_elapsed         | 105          |
|    total_timesteps      | 58368        |
| train/                  |              |
|    approx_kl            | 0.0014705089 |
|    clip_fraction        | 0.0173       |
|    clip_range           | 0.2          |
|    entropy_loss         | -0.201       |
|    explained_variance   | 0.557        |
|    learning_rate        | 0.0003       |
|    loss                 | 0.00824      |
|    n_updates            | 370          |
|    policy_gradient_loss | -0.00173     |
|    value_loss           | 0.0122       |
------------------------------------------
-------------------------------------------
| time/                   |               |
|    fps                  | 556           |
|    iterations           | 39            |
|    time_elapsed         | 107           |
|    total_timesteps      | 59904         |
| train/                  |               |
|    approx_kl            | 0.00051182427 |
|    clip_fraction        | 0.00527       |
|    clip_range           | 0.2           |
|    entropy_loss         | -0.195        |
|    explained_variance   | 0.349         |
|    learning_rate        | 0.0003        |
|    loss                 | 0.0026        |
|    n_updates            | 380           |
|    policy_gradient_loss | -0.000261     |
|    value_loss           | 0.0129        |
-------------------------------------------
  step   60000/500000 ( 12.0%)  mean_rew=-0.001
-----------------------------------------
| time/                   |             |
|    fps                  | 559         |
|    iterations           | 40          |
|    time_elapsed         | 109         |
|    total_timesteps      | 61440       |
| train/                  |             |
|    approx_kl            | 0.001016785 |
|    clip_fraction        | 0.00964     |
|    clip_range           | 0.2         |
|    entropy_loss         | -0.196      |
|    explained_variance   | 0.375       |
|    learning_rate        | 0.0003      |
|    loss                 | 0.000499    |
|    n_updates            | 390         |
|    policy_gradient_loss | -0.00127    |
|    value_loss           | 0.0174      |
-----------------------------------------
------------------------------------------
| time/                   |              |
|    fps                  | 557          |
|    iterations           | 41           |
|    time_elapsed         | 112          |
|    total_timesteps      | 62976        |
| train/                  |              |
|    approx_kl            | 0.0009001933 |
|    clip_fraction        | 0.01         |
|    clip_range           | 0.2          |
|    entropy_loss         | -0.209       |
|    explained_variance   | 0.442        |
|    learning_rate        | 0.0003       |
|    loss                 | 0.00684      |
|    n_updates            | 400          |
|    policy_gradient_loss | -0.000735    |
|    value_loss           | 0.0145       |
------------------------------------------
-------------------------------------------
| time/                   |               |
|    fps                  | 560           |
|    iterations           | 42            |
|    time_elapsed         | 115           |
|    total_timesteps      | 64512         |
| train/                  |               |
|    approx_kl            | 0.00029401804 |
|    clip_fraction        | 0.00241       |
|    clip_range           | 0.2           |
|    entropy_loss         | -0.221        |
|    explained_variance   | 0.909         |
|    learning_rate        | 0.0003        |
|    loss                 | 0.0703        |
|    n_updates            | 410           |
|    policy_gradient_loss | 0.000362      |
|    value_loss           | 0.208         |
-------------------------------------------
------------------------------------------
| time/                   |              |
|    fps                  | 562          |
|    iterations           | 43           |
|    time_elapsed         | 117          |
|    total_timesteps      | 66048        |
| train/                  |              |
|    approx_kl            | 0.0014679815 |
|    clip_fraction        | 0.0251       |
|    clip_range           | 0.2          |
|    entropy_loss         | -0.201       |
|    explained_variance   | 0.17         |
|    learning_rate        | 0.0003       |
|    loss                 | 0.0047       |
|    n_updates            | 420          |
|    policy_gradient_loss | -0.00241     |
|    value_loss           | 0.0165       |
------------------------------------------
------------------------------------------
| time/                   |              |
|    fps                  | 565          |
|    iterations           | 44           |
|    time_elapsed         | 119          |
|    total_timesteps      | 67584        |
| train/                  |              |
|    approx_kl            | 0.0013884422 |
|    clip_fraction        | 0.0268       |
|    clip_range           | 0.2          |
|    entropy_loss         | -0.193       |
|    explained_variance   | -0.0922      |
|    learning_rate        | 0.0003       |
|    loss                 | 0.000668     |
|    n_updates            | 430          |
|    policy_gradient_loss | -0.00283     |
|    value_loss           | 0.00785      |
------------------------------------------
-------------------------------------------
| time/                   |               |
|    fps                  | 568           |
|    iterations           | 45            |
|    time_elapsed         | 121           |
|    total_timesteps      | 69120         |
| train/                  |               |
|    approx_kl            | 0.00096676295 |
|    clip_fraction        | 0.0133        |
|    clip_range           | 0.2           |
|    entropy_loss         | -0.181        |
|    explained_variance   | -0.285        |
|    learning_rate        | 0.0003        |
|    loss                 | 0.00183       |
|    n_updates            | 440           |
|    policy_gradient_loss | -0.00107      |
|    value_loss           | 0.00597       |
-------------------------------------------
------------------------------------------
| time/                   |              |
|    fps                  | 570          |
|    iterations           | 46           |
|    time_elapsed         | 123          |
|    total_timesteps      | 70656        |
| train/                  |              |
|    approx_kl            | 0.0007111905 |
|    clip_fraction        | 0.00664      |
|    clip_range           | 0.2          |
|    entropy_loss         | -0.169       |
|    explained_variance   | 0.11         |
|    learning_rate        | 0.0003       |
|    loss                 | 0.00402      |
|    n_updates            | 450          |
|    policy_gradient_loss | -0.000617    |
|    value_loss           | 0.00953      |
------------------------------------------
------------------------------------------
| time/                   |              |
|    fps                  | 568          |
|    iterations           | 47           |
|    time_elapsed         | 127          |
|    total_timesteps      | 72192        |
| train/                  |              |
|    approx_kl            | 0.0008384907 |
|    clip_fraction        | 0.0148       |
|    clip_range           | 0.2          |
|    entropy_loss         | -0.153       |
|    explained_variance   | 0.476        |
|    learning_rate        | 0.0003       |
|    loss                 | 0.00609      |
|    n_updates            | 460          |
|    policy_gradient_loss | -0.000868    |
|    value_loss           | 0.0108       |
------------------------------------------
------------------------------------------
| time/                   |              |
|    fps                  | 565          |
|    iterations           | 48           |
|    time_elapsed         | 130          |
|    total_timesteps      | 73728        |
| train/                  |              |
|    approx_kl            | 0.0006280844 |
|    clip_fraction        | 0.00254      |
|    clip_range           | 0.2          |
|    entropy_loss         | -0.154       |
|    explained_variance   | 0.902        |
|    learning_rate        | 0.0003       |
|    loss                 | 0.0949       |
|    n_updates            | 470          |
|    policy_gradient_loss | -0.00016     |
|    value_loss           | 0.177        |
------------------------------------------
  step   75000/500000 ( 15.0%)  mean_rew=+0.000
-------------------------------------------
| time/                   |               |
|    fps                  | 567           |
|    iterations           | 49            |
|    time_elapsed         | 132           |
|    total_timesteps      | 75264         |
| train/                  |               |
|    approx_kl            | 0.00077823387 |
|    clip_fraction        | 0.00911       |
|    clip_range           | 0.2           |
|    entropy_loss         | -0.157        |
|    explained_variance   | 0.924         |
|    learning_rate        | 0.0003        |
|    loss                 | 0.0532        |
|    n_updates            | 480           |
|    policy_gradient_loss | -0.00101      |
|    value_loss           | 0.274         |
-------------------------------------------
------------------------------------------
| time/                   |              |
|    fps                  | 569          |
|    iterations           | 50           |
|    time_elapsed         | 134          |
|    total_timesteps      | 76800        |
| train/                  |              |
|    approx_kl            | 0.0008978013 |
|    clip_fraction        | 0.0112       |
|    clip_range           | 0.2          |
|    entropy_loss         | -0.149       |
|    explained_variance   | -0.159       |
|    learning_rate        | 0.0003       |
|    loss                 | 0.00575      |
|    n_updates            | 490          |
|    policy_gradient_loss | -0.000527    |
|    value_loss           | 0.0138       |
------------------------------------------
------------------------------------------
| time/                   |              |
|    fps                  | 568          |
|    iterations           | 51           |
|    time_elapsed         | 137          |
|    total_timesteps      | 78336        |
| train/                  |              |
|    approx_kl            | 0.0009947048 |
|    clip_fraction        | 0.0107       |
|    clip_range           | 0.2          |
|    entropy_loss         | -0.133       |
|    explained_variance   | -0.0287      |
|    learning_rate        | 0.0003       |
|    loss                 | 0.00926      |
|    n_updates            | 500          |
|    policy_gradient_loss | -0.000752    |
|    value_loss           | 0.0137       |
------------------------------------------
-------------------------------------------
| time/                   |               |
|    fps                  | 567           |
|    iterations           | 52            |
|    time_elapsed         | 140           |
|    total_timesteps      | 79872         |
| train/                  |               |
|    approx_kl            | 0.00017812953 |
|    clip_fraction        | 0.00013       |
|    clip_range           | 0.2           |
|    entropy_loss         | -0.12         |
|    explained_variance   | 0.915         |
|    learning_rate        | 0.0003        |
|    loss                 | 0.0325        |
|    n_updates            | 510           |
|    policy_gradient_loss | -7.3e-07      |
|    value_loss           | 0.212         |
-------------------------------------------
------------------------------------------
| time/                   |              |
|    fps                  | 567          |
|    iterations           | 53           |
|    time_elapsed         | 143          |
|    total_timesteps      | 81408        |
| train/                  |              |
|    approx_kl            | 0.0006791991 |
|    clip_fraction        | 0.00684      |
|    clip_range           | 0.2          |
|    entropy_loss         | -0.123       |
|    explained_variance   | 0.967        |
|    learning_rate        | 0.0003       |
|    loss                 | 0.00868      |
|    n_updates            | 520          |
|    policy_gradient_loss | -0.00077     |
|    value_loss           | 0.0361       |
------------------------------------------
-------------------------------------------
| time/                   |               |
|    fps                  | 566           |
|    iterations           | 54            |
|    time_elapsed         | 146           |
|    total_timesteps      | 82944         |
| train/                  |               |
|    approx_kl            | 0.00033480185 |
|    clip_fraction        | 0.00482       |
|    clip_range           | 0.2           |
|    entropy_loss         | -0.126        |
|    explained_variance   | -1.21         |
|    learning_rate        | 0.0003        |
|    loss                 | 0.00533       |
|    n_updates            | 530           |
|    policy_gradient_loss | -0.000627     |
|    value_loss           | 0.106         |
-------------------------------------------
------------------------------------------
| time/                   |              |
|    fps                  | 569          |
|    iterations           | 55           |
|    time_elapsed         | 148          |
|    total_timesteps      | 84480        |
| train/                  |              |
|    approx_kl            | 0.0005862602 |
|    clip_fraction        | 0.00937      |
|    clip_range           | 0.2          |
|    entropy_loss         | -0.122       |
|    explained_variance   | 0.882        |
|    learning_rate        | 0.0003       |
|    loss                 | 0.054        |
|    n_updates            | 540          |
|    policy_gradient_loss | -0.00219     |
|    value_loss           | 0.14         |
------------------------------------------
-------------------------------------------
| time/                   |               |
|    fps                  | 571           |
|    iterations           | 56            |
|    time_elapsed         | 150           |
|    total_timesteps      | 86016         |
| train/                  |               |
|    approx_kl            | 0.00029860946 |
|    clip_fraction        | 0.00417       |
|    clip_range           | 0.2           |
|    entropy_loss         | -0.133        |
|    explained_variance   | 0.113         |
|    learning_rate        | 0.0003        |
|    loss                 | 0.00429       |
|    n_updates            | 550           |
|    policy_gradient_loss | -0.00028      |
|    value_loss           | 0.00436       |
-------------------------------------------
-------------------------------------------
| time/                   |               |
|    fps                  | 573           |
|    iterations           | 57            |
|    time_elapsed         | 152           |
|    total_timesteps      | 87552         |
| train/                  |               |
|    approx_kl            | 0.00041018066 |
|    clip_fraction        | 0.0104        |
|    clip_range           | 0.2           |
|    entropy_loss         | -0.153        |
|    explained_variance   | 0.237         |
|    learning_rate        | 0.0003        |
|    loss                 | 0.0051        |
|    n_updates            | 560           |
|    policy_gradient_loss | -0.000838     |
|    value_loss           | 0.00753       |
-------------------------------------------
------------------------------------------
| time/                   |              |
|    fps                  | 571          |
|    iterations           | 58           |
|    time_elapsed         | 155          |
|    total_timesteps      | 89088        |
| train/                  |              |
|    approx_kl            | 0.0006080874 |
|    clip_fraction        | 0.00859      |
|    clip_range           | 0.2          |
|    entropy_loss         | -0.151       |
|    explained_variance   | -0.134       |
|    learning_rate        | 0.0003       |
|    loss                 | 0.00271      |
|    n_updates            | 570          |
|    policy_gradient_loss | -0.000467    |
|    value_loss           | 0.00901      |
------------------------------------------
  step   90000/500000 ( 18.0%)  mean_rew=-0.001
------------------------------------------
| time/                   |              |
|    fps                  | 570          |
|    iterations           | 59           |
|    time_elapsed         | 158          |
|    total_timesteps      | 90624        |
| train/                  |              |
|    approx_kl            | 0.0006620783 |
|    clip_fraction        | 0.00937      |
|    clip_range           | 0.2          |
|    entropy_loss         | -0.132       |
|    explained_variance   | 0.9          |
|    learning_rate        | 0.0003       |
|    loss                 | 0.047        |
|    n_updates            | 580          |
|    policy_gradient_loss | -0.00157     |
|    value_loss           | 0.146        |
------------------------------------------
-------------------------------------------
| time/                   |               |
|    fps                  | 571           |
|    iterations           | 60            |
|    time_elapsed         | 161           |
|    total_timesteps      | 92160         |
| train/                  |               |
|    approx_kl            | 0.00050530845 |
|    clip_fraction        | 0.00573       |
|    clip_range           | 0.2           |
|    entropy_loss         | -0.113        |
|    explained_variance   | 0.951         |
|    learning_rate        | 0.0003        |
|    loss                 | 0.0099        |
|    n_updates            | 590           |
|    policy_gradient_loss | -0.000795     |
|    value_loss           | 0.0331        |
-------------------------------------------
-------------------------------------------
| time/                   |               |
|    fps                  | 573           |
|    iterations           | 61            |
|    time_elapsed         | 163           |
|    total_timesteps      | 93696         |
| train/                  |               |
|    approx_kl            | 0.00017387497 |
|    clip_fraction        | 0.000846      |
|    clip_range           | 0.2           |
|    entropy_loss         | -0.111        |
|    explained_variance   | 0.53          |
|    learning_rate        | 0.0003        |
|    loss                 | 0.0108        |
|    n_updates            | 600           |
|    policy_gradient_loss | -0.00113      |
|    value_loss           | 0.098         |
-------------------------------------------
------------------------------------------
| time/                   |              |
|    fps                  | 575          |
|    iterations           | 62           |
|    time_elapsed         | 165          |
|    total_timesteps      | 95232        |
| train/                  |              |
|    approx_kl            | 0.0003438065 |
|    clip_fraction        | 0.000977     |
|    clip_range           | 0.2          |
|    entropy_loss         | -0.101       |
|    explained_variance   | 0.358        |
|    learning_rate        | 0.0003       |
|    loss                 | 0.00389      |
|    n_updates            | 610          |
|    policy_gradient_loss | -0.000125    |
|    value_loss           | 0.00902      |
------------------------------------------
-------------------------------------------
| time/                   |               |
|    fps                  | 577           |
|    iterations           | 63            |
|    time_elapsed         | 167           |
|    total_timesteps      | 96768         |
| train/                  |               |
|    approx_kl            | 0.00050383963 |
|    clip_fraction        | 0.0118        |
|    clip_range           | 0.2           |
|    entropy_loss         | -0.0937       |
|    explained_variance   | 0.0083        |
|    learning_rate        | 0.0003        |
|    loss                 | 0.00121       |
|    n_updates            | 620           |
|    policy_gradient_loss | -0.00104      |
|    value_loss           | 0.00349       |
-------------------------------------------
-------------------------------------------
| time/                   |               |
|    fps                  | 579           |
|    iterations           | 64            |
|    time_elapsed         | 169           |
|    total_timesteps      | 98304         |
| train/                  |               |
|    approx_kl            | 0.00017264967 |
|    clip_fraction        | 0.00456       |
|    clip_range           | 0.2           |
|    entropy_loss         | -0.0875       |
|    explained_variance   | -0.0284       |
|    learning_rate        | 0.0003        |
|    loss                 | 0.00512       |
|    n_updates            | 630           |
|    policy_gradient_loss | -0.000455     |
|    value_loss           | 0.00424       |
-------------------------------------------
-------------------------------------------
| time/                   |               |
|    fps                  | 578           |
|    iterations           | 65            |
|    time_elapsed         | 172           |
|    total_timesteps      | 99840         |
| train/                  |               |
|    approx_kl            | 0.00022085507 |
|    clip_fraction        | 0.00677       |
|    clip_range           | 0.2           |
|    entropy_loss         | -0.0844       |
|    explained_variance   | 0.113         |
|    learning_rate        | 0.0003        |
|    loss                 | 0.00165       |
|    n_updates            | 640           |
|    policy_gradient_loss | -0.000435     |
|    value_loss           | 0.00493       |
-------------------------------------------
------------------------------------------
| time/                   |              |
|    fps                  | 577          |
|    iterations           | 66           |
|    time_elapsed         | 175          |
|    total_timesteps      | 101376       |
| train/                  |              |
|    approx_kl            | 0.0008266922 |
|    clip_fraction        | 0.0141       |
|    clip_range           | 0.2          |
|    entropy_loss         | -0.0927      |
|    explained_variance   | 0.876        |
|    learning_rate        | 0.0003       |
|    loss                 | 0.153        |
|    n_updates            | 650          |
|    policy_gradient_loss | -0.00158     |
|    value_loss           | 0.118        |
------------------------------------------
-------------------------------------------
| time/                   |               |
|    fps                  | 577           |
|    iterations           | 67            |
|    time_elapsed         | 178           |
|    total_timesteps      | 102912        |
| train/                  |               |
|    approx_kl            | 0.00044843066 |
|    clip_fraction        | 0.00566       |
|    clip_range           | 0.2           |
|    entropy_loss         | -0.0787       |
|    explained_variance   | 0.932         |
|    learning_rate        | 0.0003        |
|    loss                 | 0.0183        |
|    n_updates            | 660           |
|    policy_gradient_loss | -0.000447     |
|    value_loss           | 0.0313        |
-------------------------------------------
-------------------------------------------
| time/                   |               |
|    fps                  | 579           |
|    iterations           | 68            |
|    time_elapsed         | 180           |
|    total_timesteps      | 104448        |
| train/                  |               |
|    approx_kl            | 6.4488035e-05 |
|    clip_fraction        | 0             |
|    clip_range           | 0.2           |
|    entropy_loss         | -0.0695       |
|    explained_variance   | 0.773         |
|    learning_rate        | 0.0003        |
|    loss                 | 0.0491        |
|    n_updates            | 670           |
|    policy_gradient_loss | 0.000109      |
|    value_loss           | 0.114         |
-------------------------------------------
  step  105000/500000 ( 21.0%)  mean_rew=-0.003
-------------------------------------------
| time/                   |               |
|    fps                  | 578           |
|    iterations           | 69            |
|    time_elapsed         | 183           |
|    total_timesteps      | 105984        |
| train/                  |               |
|    approx_kl            | 0.00022758024 |
|    clip_fraction        | 0.00241       |
|    clip_range           | 0.2           |
|    entropy_loss         | -0.0667       |
|    explained_variance   | 0.274         |
|    learning_rate        | 0.0003        |
|    loss                 | 0.00345       |
|    n_updates            | 680           |
|    policy_gradient_loss | -0.000213     |
|    value_loss           | 0.00794       |
-------------------------------------------
-------------------------------------------
| time/                   |               |
|    fps                  | 579           |
|    iterations           | 70            |
|    time_elapsed         | 185           |
|    total_timesteps      | 107520        |
| train/                  |               |
|    approx_kl            | 0.00023773177 |
|    clip_fraction        | 0.00462       |
|    clip_range           | 0.2           |
|    entropy_loss         | -0.075        |
|    explained_variance   | 0.899         |
|    learning_rate        | 0.0003        |
|    loss                 | 0.0884        |
|    n_updates            | 690           |
|    policy_gradient_loss | -0.000174     |
|    value_loss           | 0.153         |
-------------------------------------------
------------------------------------------
| time/                   |              |
|    fps                  | 580          |
|    iterations           | 71           |
|    time_elapsed         | 187          |
|    total_timesteps      | 109056       |
| train/                  |              |
|    approx_kl            | 0.0002451306 |
|    clip_fraction        | 0.00358      |
|    clip_range           | 0.2          |
|    entropy_loss         | -0.0753      |
|    explained_variance   | -0.0231      |
|    learning_rate        | 0.0003       |
|    loss                 | 0.00267      |
|    n_updates            | 700          |
|    policy_gradient_loss | -0.000198    |
|    value_loss           | 0.00835      |
------------------------------------------
-------------------------------------------
| time/                   |               |
|    fps                  | 582           |
|    iterations           | 72            |
|    time_elapsed         | 189           |
|    total_timesteps      | 110592        |
| train/                  |               |
|    approx_kl            | 0.00026321915 |
|    clip_fraction        | 0.0069        |
|    clip_range           | 0.2           |
|    entropy_loss         | -0.0874       |
|    explained_variance   | 0.123         |
|    learning_rate        | 0.0003        |
|    loss                 | 0.00354       |
|    n_updates            | 710           |
|    policy_gradient_loss | -0.000371     |
|    value_loss           | 0.0103        |
-------------------------------------------
-------------------------------------------
| time/                   |               |
|    fps                  | 581           |
|    iterations           | 73            |
|    time_elapsed         | 192           |
|    total_timesteps      | 112128        |
| train/                  |               |
|    approx_kl            | 0.00042669053 |
|    clip_fraction        | 0.00937       |
|    clip_range           | 0.2           |
|    entropy_loss         | -0.1          |
|    explained_variance   | -0.218        |
|    learning_rate        | 0.0003        |
|    loss                 | 0.000305      |
|    n_updates            | 720           |
|    policy_gradient_loss | -0.000828     |
|    value_loss           | 0.00419       |
-------------------------------------------
-------------------------------------------
| time/                   |               |
|    fps                  | 582           |
|    iterations           | 74            |
|    time_elapsed         | 195           |
|    total_timesteps      | 113664        |
| train/                  |               |
|    approx_kl            | 0.00033740455 |
|    clip_fraction        | 0.00638       |
|    clip_range           | 0.2           |
|    entropy_loss         | -0.0933       |
|    explained_variance   | 0.94          |
|    learning_rate        | 0.0003        |
|    loss                 | 0.0157        |
|    n_updates            | 730           |
|    policy_gradient_loss | -2.44e-05     |
|    value_loss           | 0.032         |
-------------------------------------------
------------------------------------------
| time/                   |              |
|    fps                  | 583          |
|    iterations           | 75           |
|    time_elapsed         | 197          |
|    total_timesteps      | 115200       |
| train/                  |              |
|    approx_kl            | 0.0006106847 |
|    clip_fraction        | 0.0167       |
|    clip_range           | 0.2          |
|    entropy_loss         | -0.0756      |
|    explained_variance   | 0.843        |
|    learning_rate        | 0.0003       |
|    loss                 | 0.0896       |
|    n_updates            | 740          |
|    policy_gradient_loss | -0.00144     |
|    value_loss           | 0.14         |
------------------------------------------
-------------------------------------------
| time/                   |               |
|    fps                  | 574           |
|    iterations           | 76            |
|    time_elapsed         | 203           |
|    total_timesteps      | 116736        |
| train/                  |               |
|    approx_kl            | 0.00048852764 |
|    clip_fraction        | 0.0132        |
|    clip_range           | 0.2           |
|    entropy_loss         | -0.0837       |
|    explained_variance   | 0.752         |
|    learning_rate        | 0.0003        |
|    loss                 | 0.0363        |
|    n_updates            | 750           |
|    policy_gradient_loss | -0.000543     |
|    value_loss           | 0.046         |
-------------------------------------------
------------------------------------------
| time/                   |              |
|    fps                  | 575          |
|    iterations           | 77           |
|    time_elapsed         | 205          |
|    total_timesteps      | 118272       |
| train/                  |              |
|    approx_kl            | 0.0003979633 |
|    clip_fraction        | 0.00521      |
|    clip_range           | 0.2          |
|    entropy_loss         | -0.103       |
|    explained_variance   | 0.921        |
|    learning_rate        | 0.0003       |
|    loss                 | 0.114        |
|    n_updates            | 760          |
|    policy_gradient_loss | -0.000779    |
|    value_loss           | 0.548        |
------------------------------------------
------------------------------------------
| time/                   |              |
|    fps                  | 575          |
|    iterations           | 78           |
|    time_elapsed         | 208          |
|    total_timesteps      | 119808       |
| train/                  |              |
|    approx_kl            | 0.0005823847 |
|    clip_fraction        | 0.015        |
|    clip_range           | 0.2          |
|    entropy_loss         | -0.0897      |
|    explained_variance   | 0.801        |
|    learning_rate        | 0.0003       |
|    loss                 | 0.0103       |
|    n_updates            | 770          |
|    policy_gradient_loss | -0.000756    |
|    value_loss           | 0.0217       |
------------------------------------------
  step  120000/500000 ( 24.0%)  mean_rew=-0.051
-------------------------------------------
| time/                   |               |
|    fps                  | 565           |
|    iterations           | 79            |
|    time_elapsed         | 214           |
|    total_timesteps      | 121344        |
| train/                  |               |
|    approx_kl            | 0.00026702796 |
|    clip_fraction        | 0.00339       |
|    clip_range           | 0.2           |
|    entropy_loss         | -0.0995       |
|    explained_variance   | 0.928         |
|    learning_rate        | 0.0003        |
|    loss                 | 0.084         |
|    n_updates            | 780           |
|    policy_gradient_loss | -0.000316     |
|    value_loss           | 0.129         |
-------------------------------------------
-------------------------------------------
| time/                   |               |
|    fps                  | 566           |
|    iterations           | 80            |
|    time_elapsed         | 217           |
|    total_timesteps      | 122880        |
| train/                  |               |
|    approx_kl            | 0.00056585955 |
|    clip_fraction        | 0.00703       |
|    clip_range           | 0.2           |
|    entropy_loss         | -0.104        |
|    explained_variance   | 0.945         |
|    learning_rate        | 0.0003        |
|    loss                 | 0.748         |
|    n_updates            | 790           |
|    policy_gradient_loss | -0.000236     |
|    value_loss           | 0.733         |
-------------------------------------------
-------------------------------------------
| time/                   |               |
|    fps                  | 566           |
|    iterations           | 81            |
|    time_elapsed         | 219           |
|    total_timesteps      | 124416        |
| train/                  |               |
|    approx_kl            | 0.00031881104 |
|    clip_fraction        | 0.00404       |
|    clip_range           | 0.2           |
|    entropy_loss         | -0.0918       |
|    explained_variance   | 0.945         |
|    learning_rate        | 0.0003        |
|    loss                 | 0.0417        |
|    n_updates            | 800           |
|    policy_gradient_loss | -0.000358     |
|    value_loss           | 0.0644        |
-------------------------------------------
------------------------------------------
| time/                   |              |
|    fps                  | 565          |
|    iterations           | 82           |
|    time_elapsed         | 222          |
|    total_timesteps      | 125952       |
| train/                  |              |
|    approx_kl            | 0.0010940075 |
|    clip_fraction        | 0.0171       |
|    clip_range           | 0.2          |
|    entropy_loss         | -0.0901      |
|    explained_variance   | 0.847        |
|    learning_rate        | 0.0003       |
|    loss                 | 0.0376       |
|    n_updates            | 810          |
|    policy_gradient_loss | -0.00156     |
|    value_loss           | 0.307        |
------------------------------------------
-------------------------------------------
| time/                   |               |
|    fps                  | 566           |
|    iterations           | 83            |
|    time_elapsed         | 224           |
|    total_timesteps      | 127488        |
| train/                  |               |
|    approx_kl            | 0.00027604468 |
|    clip_fraction        | 0.0071        |
|    clip_range           | 0.2           |
|    entropy_loss         | -0.0869       |
|    explained_variance   | 0.91          |
|    learning_rate        | 0.0003        |
|    loss                 | 0.198         |
|    n_updates            | 820           |
|    policy_gradient_loss | -0.00106      |
|    value_loss           | 0.309         |
-------------------------------------------
-------------------------------------------
| time/                   |               |
|    fps                  | 568           |
|    iterations           | 84            |
|    time_elapsed         | 227           |
|    total_timesteps      | 129024        |
| train/                  |               |
|    approx_kl            | 0.00044997022 |
|    clip_fraction        | 0.0102        |
|    clip_range           | 0.2           |
|    entropy_loss         | -0.0783       |
|    explained_variance   | 0.62          |
|    learning_rate        | 0.0003        |
|    loss                 | 0.000996      |
|    n_updates            | 830           |
|    policy_gradient_loss | -0.000939     |
|    value_loss           | 0.0127        |
-------------------------------------------
-------------------------------------------
| time/                   |               |
|    fps                  | 569           |
|    iterations           | 85            |
|    time_elapsed         | 229           |
|    total_timesteps      | 130560        |
| train/                  |               |
|    approx_kl            | 0.00039183756 |
|    clip_fraction        | 0.00495       |
|    clip_range           | 0.2           |
|    entropy_loss         | -0.0691       |
|    explained_variance   | 0.374         |
|    learning_rate        | 0.0003        |
|    loss                 | 0.0123        |
|    n_updates            | 840           |
|    policy_gradient_loss | -0.000324     |
|    value_loss           | 0.0237        |
-------------------------------------------
-------------------------------------------
| time/                   |               |
|    fps                  | 568           |
|    iterations           | 86            |
|    time_elapsed         | 232           |
|    total_timesteps      | 132096        |
| train/                  |               |
|    approx_kl            | 0.00016690166 |
|    clip_fraction        | 0.00514       |
|    clip_range           | 0.2           |
|    entropy_loss         | -0.068        |
|    explained_variance   | 0.482         |
|    learning_rate        | 0.0003        |
|    loss                 | 0.00572       |
|    n_updates            | 850           |
|    policy_gradient_loss | -0.00027      |
|    value_loss           | 0.0138        |
-------------------------------------------
-------------------------------------------
| time/                   |               |
|    fps                  | 568           |
|    iterations           | 87            |
|    time_elapsed         | 234           |
|    total_timesteps      | 133632        |
| train/                  |               |
|    approx_kl            | 0.00018047476 |
|    clip_fraction        | 0.000651      |
|    clip_range           | 0.2           |
|    entropy_loss         | -0.0697       |
|    explained_variance   | 0.901         |
|    learning_rate        | 0.0003        |
|    loss                 | 0.0746        |
|    n_updates            | 860           |
|    policy_gradient_loss | -0.000332     |
|    value_loss           | 0.237         |
-------------------------------------------
  step  135000/500000 ( 27.0%)  mean_rew=+0.000
-------------------------------------------
| time/                   |               |
|    fps                  | 568           |
|    iterations           | 88            |
|    time_elapsed         | 237           |
|    total_timesteps      | 135168        |
| train/                  |               |
|    approx_kl            | 0.00026276408 |
|    clip_fraction        | 0.0071        |
|    clip_range           | 0.2           |
|    entropy_loss         | -0.0665       |
|    explained_variance   | 0.951         |
|    learning_rate        | 0.0003        |
|    loss                 | 0.0195        |
|    n_updates            | 870           |
|    policy_gradient_loss | -0.000712     |
|    value_loss           | 0.0406        |
-------------------------------------------
------------------------------------------
| time/                   |              |
|    fps                  | 570          |
|    iterations           | 89           |
|    time_elapsed         | 239          |
|    total_timesteps      | 136704       |
| train/                  |              |
|    approx_kl            | 0.0001900895 |
|    clip_fraction        | 0.00632      |
|    clip_range           | 0.2          |
|    entropy_loss         | -0.0681      |
|    explained_variance   | 0.89         |
|    learning_rate        | 0.0003       |
|    loss                 | 0.0926       |
|    n_updates            | 880          |
|    policy_gradient_loss | -0.000346    |
|    value_loss           | 0.249        |
------------------------------------------
------------------------------------------
| time/                   |              |
|    fps                  | 571          |
|    iterations           | 90           |
|    time_elapsed         | 241          |
|    total_timesteps      | 138240       |
| train/                  |              |
|    approx_kl            | 0.0005495763 |
|    clip_fraction        | 0.0028       |
|    clip_range           | 0.2          |
|    entropy_loss         | -0.0606      |
|    explained_variance   | -0.3         |
|    learning_rate        | 0.0003       |
|    loss                 | 0.00857      |
|    n_updates            | 890          |
|    policy_gradient_loss | -0.000147    |
|    value_loss           | 0.00902      |
------------------------------------------
-------------------------------------------
| time/                   |               |
|    fps                  | 572           |
|    iterations           | 91            |
|    time_elapsed         | 244           |
|    total_timesteps      | 139776        |
| train/                  |               |
|    approx_kl            | 0.00031381473 |
|    clip_fraction        | 0.00853       |
|    clip_range           | 0.2           |
|    entropy_loss         | -0.0572       |
|    explained_variance   | -0.0198       |
|    learning_rate        | 0.0003        |
|    loss                 | 0.00334       |
|    n_updates            | 900           |
|    policy_gradient_loss | -0.000709     |
|    value_loss           | 0.0125        |
-------------------------------------------
------------------------------------------
| time/                   |              |
|    fps                  | 570          |
|    iterations           | 92           |
|    time_elapsed         | 247          |
|    total_timesteps      | 141312       |
| train/                  |              |
|    approx_kl            | 0.0001393009 |
|    clip_fraction        | 0.00221      |
|    clip_range           | 0.2          |
|    entropy_loss         | -0.0545      |
|    explained_variance   | 0.061        |
|    learning_rate        | 0.0003       |
|    loss                 | 0.000918     |
|    n_updates            | 910          |
|    policy_gradient_loss | -0.000383    |
|    value_loss           | 0.0157       |
------------------------------------------
------------------------------------------
| time/                   |              |
|    fps                  | 561          |
|    iterations           | 93           |
|    time_elapsed         | 254          |
|    total_timesteps      | 142848       |
| train/                  |              |
|    approx_kl            | 0.0002896122 |
|    clip_fraction        | 0.00352      |
|    clip_range           | 0.2          |
|    entropy_loss         | -0.0537      |
|    explained_variance   | 0.904        |
|    learning_rate        | 0.0003       |
|    loss                 | 0.195        |
|    n_updates            | 920          |
|    policy_gradient_loss | -0.000966    |
|    value_loss           | 0.373        |
------------------------------------------
------------------------------------------
| time/                   |              |
|    fps                  | 562          |
|    iterations           | 94           |
|    time_elapsed         | 256          |
|    total_timesteps      | 144384       |
| train/                  |              |
|    approx_kl            | 0.0003613625 |
|    clip_fraction        | 0.00612      |
|    clip_range           | 0.2          |
|    entropy_loss         | -0.061       |
|    explained_variance   | 0.949        |
|    learning_rate        | 0.0003       |
|    loss                 | 0.203        |
|    n_updates            | 930          |
|    policy_gradient_loss | -0.000794    |
|    value_loss           | 0.552        |
------------------------------------------
-------------------------------------------
| time/                   |               |
|    fps                  | 563           |
|    iterations           | 95            |
|    time_elapsed         | 258           |
|    total_timesteps      | 145920        |
| train/                  |               |
|    approx_kl            | 0.00038459498 |
|    clip_fraction        | 0.00371       |
|    clip_range           | 0.2           |
|    entropy_loss         | -0.0573       |
|    explained_variance   | 0.65          |
|    learning_rate        | 0.0003        |
|    loss                 | 0.00577       |
|    n_updates            | 940           |
|    policy_gradient_loss | -0.000212     |
|    value_loss           | 0.0235        |
-------------------------------------------
------------------------------------------
| time/                   |              |
|    fps                  | 565          |
|    iterations           | 96           |
|    time_elapsed         | 260          |
|    total_timesteps      | 147456       |
| train/                  |              |
|    approx_kl            | 0.0004848556 |
|    clip_fraction        | 0.00553      |
|    clip_range           | 0.2          |
|    entropy_loss         | -0.0498      |
|    explained_variance   | 0.63         |
|    learning_rate        | 0.0003       |
|    loss                 | 0.00298      |
|    n_updates            | 950          |
|    policy_gradient_loss | -0.000289    |
|    value_loss           | 0.0144       |
------------------------------------------
-------------------------------------------
| time/                   |               |
|    fps                  | 566           |
|    iterations           | 97            |
|    time_elapsed         | 262           |
|    total_timesteps      | 148992        |
| train/                  |               |
|    approx_kl            | 0.00020071868 |
|    clip_fraction        | 0.00195       |
|    clip_range           | 0.2           |
|    entropy_loss         | -0.0442       |
|    explained_variance   | 0.662         |
|    learning_rate        | 0.0003        |
|    loss                 | 0.00256       |
|    n_updates            | 960           |
|    policy_gradient_loss | -0.000145     |
|    value_loss           | 0.00774       |
-------------------------------------------
  step  150000/500000 ( 30.0%)  mean_rew=-0.002
-------------------------------------------
| time/                   |               |
|    fps                  | 567           |
|    iterations           | 98            |
|    time_elapsed         | 265           |
|    total_timesteps      | 150528        |
| train/                  |               |
|    approx_kl            | 8.6418084e-05 |
|    clip_fraction        | 0.000326      |
|    clip_range           | 0.2           |
|    entropy_loss         | -0.0386       |
|    explained_variance   | 0.607         |
|    learning_rate        | 0.0003        |
|    loss                 | 0.00728       |
|    n_updates            | 970           |
|    policy_gradient_loss | -5.46e-05     |
|    value_loss           | 0.013         |
-------------------------------------------
-------------------------------------------
| time/                   |               |
|    fps                  | 568           |
|    iterations           | 99            |
|    time_elapsed         | 267           |
|    total_timesteps      | 152064        |
| train/                  |               |
|    approx_kl            | 8.1150014e-05 |
|    clip_fraction        | 0.00124       |
|    clip_range           | 0.2           |
|    entropy_loss         | -0.0426       |
|    explained_variance   | 0.503         |
|    learning_rate        | 0.0003        |
|    loss                 | 0.011         |
|    n_updates            | 980           |
|    policy_gradient_loss | -0.000355     |
|    value_loss           | 0.0156        |
-------------------------------------------
-------------------------------------------
| time/                   |               |
|    fps                  | 567           |
|    iterations           | 100           |
|    time_elapsed         | 270           |
|    total_timesteps      | 153600        |
| train/                  |               |
|    approx_kl            | 0.00012509075 |
|    clip_fraction        | 0.00176       |
|    clip_range           | 0.2           |
|    entropy_loss         | -0.0377       |
|    explained_variance   | 0.536         |
|    learning_rate        | 0.0003        |
|    loss                 | 0.00247       |
|    n_updates            | 990           |
|    policy_gradient_loss | -0.000191     |
|    value_loss           | 0.0106        |
-------------------------------------------
-----------------------------------------
| time/                   |             |
|    fps                  | 569         |
|    iterations           | 101         |
|    time_elapsed         | 272         |
|    total_timesteps      | 155136      |
| train/                  |             |
|    approx_kl            | 9.76385e-05 |
|    clip_fraction        | 0.00137     |
|    clip_range           | 0.2         |
|    entropy_loss         | -0.0415     |
|    explained_variance   | 0.91        |
|    learning_rate        | 0.0003      |
|    loss                 | 0.0283      |
|    n_updates            | 1000        |
|    policy_gradient_loss | -8.98e-05   |
|    value_loss           | 0.194       |
-----------------------------------------
-------------------------------------------
| time/                   |               |
|    fps                  | 570           |
|    iterations           | 102           |
|    time_elapsed         | 274           |
|    total_timesteps      | 156672        |
| train/                  |               |
|    approx_kl            | 0.00030353104 |
|    clip_fraction        | 0.00404       |
|    clip_range           | 0.2           |
|    entropy_loss         | -0.0356       |
|    explained_variance   | 0.188         |
|    learning_rate        | 0.0003        |
|    loss                 | 0.00416       |
|    n_updates            | 1010          |
|    policy_gradient_loss | -0.000342     |
|    value_loss           | 0.00904       |
-------------------------------------------
-------------------------------------------
| time/                   |               |
|    fps                  | 568           |
|    iterations           | 103           |
|    time_elapsed         | 278           |
|    total_timesteps      | 158208        |
| train/                  |               |
|    approx_kl            | 0.00012919656 |
|    clip_fraction        | 0.00332       |
|    clip_range           | 0.2           |
|    entropy_loss         | -0.0396       |
|    explained_variance   | 0.192         |
|    learning_rate        | 0.0003        |
|    loss                 | 0.00903       |
|    n_updates            | 1020          |
|    policy_gradient_loss | -0.000502     |
|    value_loss           | 0.016         |
-------------------------------------------
------------------------------------------
| time/                   |              |
|    fps                  | 569          |
|    iterations           | 104          |
|    time_elapsed         | 280          |
|    total_timesteps      | 159744       |
| train/                  |              |
|    approx_kl            | 0.0002771724 |
|    clip_fraction        | 0.00378      |
|    clip_range           | 0.2          |
|    entropy_loss         | -0.0399      |
|    explained_variance   | 0.921        |
|    learning_rate        | 0.0003       |
|    loss                 | 0.0177       |
|    n_updates            | 1030         |
|    policy_gradient_loss | -0.00094     |
|    value_loss           | 0.264        |
------------------------------------------
-------------------------------------------
| time/                   |               |
|    fps                  | 568           |
|    iterations           | 105           |
|    time_elapsed         | 283           |
|    total_timesteps      | 161280        |
| train/                  |               |
|    approx_kl            | 0.00035860424 |
|    clip_fraction        | 0.00449       |
|    clip_range           | 0.2           |
|    entropy_loss         | -0.0336       |
|    explained_variance   | -0.0967       |
|    learning_rate        | 0.0003        |
|    loss                 | 0.00557       |
|    n_updates            | 1040          |
|    policy_gradient_loss | -0.000484     |
|    value_loss           | 0.0129        |
-------------------------------------------
------------------------------------------
| time/                   |              |
|    fps                  | 563          |
|    iterations           | 106          |
|    time_elapsed         | 288          |
|    total_timesteps      | 162816       |
| train/                  |              |
|    approx_kl            | 0.0017341605 |
|    clip_fraction        | 0.0041       |
|    clip_range           | 0.2          |
|    entropy_loss         | -0.0368      |
|    explained_variance   | 0.948        |
|    learning_rate        | 0.0003       |
|    loss                 | 0.028        |
|    n_updates            | 1050         |
|    policy_gradient_loss | -0.000783    |
|    value_loss           | 0.12         |
------------------------------------------
-------------------------------------------
| time/                   |               |
|    fps                  | 564           |
|    iterations           | 107           |
|    time_elapsed         | 290           |
|    total_timesteps      | 164352        |
| train/                  |               |
|    approx_kl            | 0.00032028847 |
|    clip_fraction        | 0.00547       |
|    clip_range           | 0.2           |
|    entropy_loss         | -0.0441       |
|    explained_variance   | 0.927         |
|    learning_rate        | 0.0003        |
|    loss                 | 0.633         |
|    n_updates            | 1060          |
|    policy_gradient_loss | -0.000454     |
|    value_loss           | 0.676         |
-------------------------------------------
  step  165000/500000 ( 33.0%)  mean_rew=-0.003
------------------------------------------
| time/                   |              |
|    fps                  | 565          |
|    iterations           | 108          |
|    time_elapsed         | 293          |
|    total_timesteps      | 165888       |
| train/                  |              |
|    approx_kl            | 0.0001588512 |
|    clip_fraction        | 0.00228      |
|    clip_range           | 0.2          |
|    entropy_loss         | -0.0365      |
|    explained_variance   | 0.633        |
|    learning_rate        | 0.0003       |
|    loss                 | 0.00299      |
|    n_updates            | 1070         |
|    policy_gradient_loss | -7.65e-05    |
|    value_loss           | 0.0122       |
------------------------------------------
----------------------------------------
| time/                   |            |
|    fps                  | 564        |
|    iterations           | 109        |
|    time_elapsed         | 296        |
|    total_timesteps      | 167424     |
| train/                  |            |
|    approx_kl            | 0.01564251 |
|    clip_fraction        | 0.00488    |
|    clip_range           | 0.2        |
|    entropy_loss         | -0.0752    |
|    explained_variance   | 0.916      |
|    learning_rate        | 0.0003     |
|    loss                 | 0.0113     |
|    n_updates            | 1080       |
|    policy_gradient_loss | -0.00198   |
|    value_loss           | 0.0457     |
----------------------------------------
------------------------------------------
| time/                   |              |
|    fps                  | 564          |
|    iterations           | 110          |
|    time_elapsed         | 299          |
|    total_timesteps      | 168960       |
| train/                  |              |
|    approx_kl            | 0.0006630346 |
|    clip_fraction        | 0.0113       |
|    clip_range           | 0.2          |
|    entropy_loss         | -0.174       |
|    explained_variance   | 0.914        |
|    learning_rate        | 0.0003       |
|    loss                 | 0.115        |
|    n_updates            | 1090         |
|    policy_gradient_loss | 0.000713     |
|    value_loss           | 0.308        |
------------------------------------------
-----------------------------------------
| time/                   |             |
|    fps                  | 556         |
|    iterations           | 111         |
|    time_elapsed         | 306         |
|    total_timesteps      | 170496      |
| train/                  |             |
|    approx_kl            | 0.001382241 |
|    clip_fraction        | 0.0184      |
|    clip_range           | 0.2         |
|    entropy_loss         | -0.194      |
|    explained_variance   | 0.918       |
|    learning_rate        | 0.0003      |
|    loss                 | 0.315       |
|    n_updates            | 1100        |
|    policy_gradient_loss | 0.000183    |
|    value_loss           | 0.319       |
-----------------------------------------
------------------------------------------
| time/                   |              |
|    fps                  | 555          |
|    iterations           | 112          |
|    time_elapsed         | 309          |
|    total_timesteps      | 172032       |
| train/                  |              |
|    approx_kl            | 0.0037057009 |
|    clip_fraction        | 0.0482       |
|    clip_range           | 0.2          |
|    entropy_loss         | -0.257       |
|    explained_variance   | 0.971        |
|    learning_rate        | 0.0003       |
|    loss                 | 0.0427       |
|    n_updates            | 1110         |
|    policy_gradient_loss | -0.00194     |
|    value_loss           | 0.224        |
------------------------------------------
------------------------------------------
| time/                   |              |
|    fps                  | 557          |
|    iterations           | 113          |
|    time_elapsed         | 311          |
|    total_timesteps      | 173568       |
| train/                  |              |
|    approx_kl            | 0.0004215731 |
|    clip_fraction        | 0.00859      |
|    clip_range           | 0.2          |
|    entropy_loss         | -0.172       |
|    explained_variance   | 0.609        |
|    learning_rate        | 0.0003       |
|    loss                 | 0.332        |
|    n_updates            | 1120         |
|    policy_gradient_loss | -0.00109     |
|    value_loss           | 0.395        |
------------------------------------------
------------------------------------------
| time/                   |              |
|    fps                  | 558          |
|    iterations           | 114          |
|    time_elapsed         | 313          |
|    total_timesteps      | 175104       |
| train/                  |              |
|    approx_kl            | 0.0004936201 |
|    clip_fraction        | 0.000846     |
|    clip_range           | 0.2          |
|    entropy_loss         | -0.121       |
|    explained_variance   | 0.778        |
|    learning_rate        | 0.0003       |
|    loss                 | 0.0169       |
|    n_updates            | 1130         |
|    policy_gradient_loss | 0.000221     |
|    value_loss           | 0.0183       |
------------------------------------------
------------------------------------------
| time/                   |              |
|    fps                  | 559          |
|    iterations           | 115          |
|    time_elapsed         | 315          |
|    total_timesteps      | 176640       |
| train/                  |              |
|    approx_kl            | 0.0002048489 |
|    clip_fraction        | 0.00664      |
|    clip_range           | 0.2          |
|    entropy_loss         | -0.123       |
|    explained_variance   | 0.805        |
|    learning_rate        | 0.0003       |
|    loss                 | 0.00257      |
|    n_updates            | 1140         |
|    policy_gradient_loss | -0.000482    |
|    value_loss           | 0.00998      |
------------------------------------------
-------------------------------------------
| time/                   |               |
|    fps                  | 560           |
|    iterations           | 116           |
|    time_elapsed         | 317           |
|    total_timesteps      | 178176        |
| train/                  |               |
|    approx_kl            | 0.00062915764 |
|    clip_fraction        | 0.0139        |
|    clip_range           | 0.2           |
|    entropy_loss         | -0.117        |
|    explained_variance   | 0.761         |
|    learning_rate        | 0.0003        |
|    loss                 | 0.00838       |
|    n_updates            | 1150          |
|    policy_gradient_loss | -0.000402     |
|    value_loss           | 0.0128        |
-------------------------------------------
------------------------------------------
| time/                   |              |
|    fps                  | 561          |
|    iterations           | 117          |
|    time_elapsed         | 319          |
|    total_timesteps      | 179712       |
| train/                  |              |
|    approx_kl            | 0.0009237991 |
|    clip_fraction        | 0.0154       |
|    clip_range           | 0.2          |
|    entropy_loss         | -0.101       |
|    explained_variance   | 0.734        |
|    learning_rate        | 0.0003       |
|    loss                 | 0.00493      |
|    n_updates            | 1160         |
|    policy_gradient_loss | -0.00103     |
|    value_loss           | 0.0116       |
------------------------------------------
  step  180000/500000 ( 36.0%)  mean_rew=-0.014
-------------------------------------------
| time/                   |               |
|    fps                  | 561           |
|    iterations           | 118           |
|    time_elapsed         | 322           |
|    total_timesteps      | 181248        |
| train/                  |               |
|    approx_kl            | 0.00064833864 |
|    clip_fraction        | 0.00299       |
|    clip_range           | 0.2           |
|    entropy_loss         | -0.0982       |
|    explained_variance   | 0.737         |
|    learning_rate        | 0.0003        |
|    loss                 | 0.00205       |
|    n_updates            | 1170          |
|    policy_gradient_loss | -0.000311     |
|    value_loss           | 0.00563       |
-------------------------------------------
------------------------------------------
| time/                   |              |
|    fps                  | 561          |
|    iterations           | 119          |
|    time_elapsed         | 325          |
|    total_timesteps      | 182784       |
| train/                  |              |
|    approx_kl            | 0.0006465618 |
|    clip_fraction        | 0.0159       |
|    clip_range           | 0.2          |
|    entropy_loss         | -0.122       |
|    explained_variance   | 0.929        |
|    learning_rate        | 0.0003       |
|    loss                 | 0.0154       |
|    n_updates            | 1180         |
|    policy_gradient_loss | -0.00108     |
|    value_loss           | 0.0333       |
------------------------------------------
-------------------------------------------
| time/                   |               |
|    fps                  | 562           |
|    iterations           | 120           |
|    time_elapsed         | 327           |
|    total_timesteps      | 184320        |
| train/                  |               |
|    approx_kl            | 0.00011522105 |
|    clip_fraction        | 0.00423       |
|    clip_range           | 0.2           |
|    entropy_loss         | -0.114        |
|    explained_variance   | 0.855         |
|    learning_rate        | 0.0003        |
|    loss                 | 0.0231        |
|    n_updates            | 1190          |
|    policy_gradient_loss | 0.000415      |
|    value_loss           | 0.132         |
-------------------------------------------
-------------------------------------------
| time/                   |               |
|    fps                  | 563           |
|    iterations           | 121           |
|    time_elapsed         | 329           |
|    total_timesteps      | 185856        |
| train/                  |               |
|    approx_kl            | 0.00035491746 |
|    clip_fraction        | 0.00521       |
|    clip_range           | 0.2           |
|    entropy_loss         | -0.073        |
|    explained_variance   | 0.523         |
|    learning_rate        | 0.0003        |
|    loss                 | 0.0059        |
|    n_updates            | 1200          |
|    policy_gradient_loss | -0.000508     |
|    value_loss           | 0.00882       |
-------------------------------------------
-------------------------------------------
| time/                   |               |
|    fps                  | 563           |
|    iterations           | 122           |
|    time_elapsed         | 332           |
|    total_timesteps      | 187392        |
| train/                  |               |
|    approx_kl            | 0.00044953483 |
|    clip_fraction        | 0.0105        |
|    clip_range           | 0.2           |
|    entropy_loss         | -0.0862       |
|    explained_variance   | 0.436         |
|    learning_rate        | 0.0003        |
|    loss                 | 0.000261      |
|    n_updates            | 1210          |
|    policy_gradient_loss | -0.00147      |
|    value_loss           | 0.0056        |
-------------------------------------------
------------------------------------------
| time/                   |              |
|    fps                  | 563          |
|    iterations           | 123          |
|    time_elapsed         | 335          |
|    total_timesteps      | 188928       |
| train/                  |              |
|    approx_kl            | 0.0017561422 |
|    clip_fraction        | 0.0268       |
|    clip_range           | 0.2          |
|    entropy_loss         | -0.114       |
|    explained_variance   | 0.918        |
|    learning_rate        | 0.0003       |
|    loss                 | 0.0128       |
|    n_updates            | 1220         |
|    policy_gradient_loss | -0.00347     |
|    value_loss           | 0.0306       |
------------------------------------------
------------------------------------------
| time/                   |              |
|    fps                  | 562          |
|    iterations           | 124          |
|    time_elapsed         | 338          |
|    total_timesteps      | 190464       |
| train/                  |              |
|    approx_kl            | 0.0012370755 |
|    clip_fraction        | 0.0301       |
|    clip_range           | 0.2          |
|    entropy_loss         | -0.125       |
|    explained_variance   | 0.925        |
|    learning_rate        | 0.0003       |
|    loss                 | 0.432        |
|    n_updates            | 1230         |
|    policy_gradient_loss | -0.00241     |
|    value_loss           | 0.256        |
------------------------------------------
-------------------------------------------
| time/                   |               |
|    fps                  | 562           |
|    iterations           | 125           |
|    time_elapsed         | 341           |
|    total_timesteps      | 192000        |
| train/                  |               |
|    approx_kl            | 0.00070020946 |
|    clip_fraction        | 0.00495       |
|    clip_range           | 0.2           |
|    entropy_loss         | -0.126        |
|    explained_variance   | 0.921         |
|    learning_rate        | 0.0003        |
|    loss                 | 0.0557        |
|    n_updates            | 1240          |
|    policy_gradient_loss | 0.000551      |
|    value_loss           | 0.24          |
-------------------------------------------
-----------------------------------------
| time/                   |             |
|    fps                  | 562         |
|    iterations           | 126         |
|    time_elapsed         | 343         |
|    total_timesteps      | 193536      |
| train/                  |             |
|    approx_kl            | 0.001419358 |
|    clip_fraction        | 0.0183      |
|    clip_range           | 0.2         |
|    entropy_loss         | -0.1        |
|    explained_variance   | 0.966       |
|    learning_rate        | 0.0003      |
|    loss                 | 0.0126      |
|    n_updates            | 1250        |
|    policy_gradient_loss | -0.0016     |
|    value_loss           | 0.0381      |
-----------------------------------------
  step  195000/500000 ( 39.0%)  mean_rew=-0.006
------------------------------------------
| time/                   |              |
|    fps                  | 562          |
|    iterations           | 127          |
|    time_elapsed         | 347          |
|    total_timesteps      | 195072       |
| train/                  |              |
|    approx_kl            | 0.0021078438 |
|    clip_fraction        | 0.035        |
|    clip_range           | 0.2          |
|    entropy_loss         | -0.116       |
|    explained_variance   | 0.864        |
|    learning_rate        | 0.0003       |
|    loss                 | 0.156        |
|    n_updates            | 1260         |
|    policy_gradient_loss | -0.00636     |
|    value_loss           | 0.239        |
------------------------------------------
-------------------------------------------
| time/                   |               |
|    fps                  | 561           |
|    iterations           | 128           |
|    time_elapsed         | 350           |
|    total_timesteps      | 196608        |
| train/                  |               |
|    approx_kl            | 0.00036139096 |
|    clip_fraction        | 0.00632       |
|    clip_range           | 0.2           |
|    entropy_loss         | -0.118        |
|    explained_variance   | 0.907         |
|    learning_rate        | 0.0003        |
|    loss                 | 0.0317        |
|    n_updates            | 1270          |
|    policy_gradient_loss | -0.00124      |
|    value_loss           | 0.245         |
-------------------------------------------
-----------------------------------------
| time/                   |             |
|    fps                  | 561         |
|    iterations           | 129         |
|    time_elapsed         | 352         |
|    total_timesteps      | 198144      |
| train/                  |             |
|    approx_kl            | 0.001641973 |
|    clip_fraction        | 0.0283      |
|    clip_range           | 0.2         |
|    entropy_loss         | -0.143      |
|    explained_variance   | 0.917       |
|    learning_rate        | 0.0003      |
|    loss                 | 0.0843      |
|    n_updates            | 1280        |
|    policy_gradient_loss | -0.0033     |
|    value_loss           | 0.245       |
-----------------------------------------
------------------------------------------
| time/                   |              |
|    fps                  | 561          |
|    iterations           | 130          |
|    time_elapsed         | 355          |
|    total_timesteps      | 199680       |
| train/                  |              |
|    approx_kl            | 0.0007950198 |
|    clip_fraction        | 0.0135       |
|    clip_range           | 0.2          |
|    entropy_loss         | -0.0928      |
|    explained_variance   | 0.767        |
|    learning_rate        | 0.0003       |
|    loss                 | 0.00988      |
|    n_updates            | 1290         |
|    policy_gradient_loss | -0.000831    |
|    value_loss           | 0.034        |
------------------------------------------
------------------------------------------
| time/                   |              |
|    fps                  | 560          |
|    iterations           | 131          |
|    time_elapsed         | 358          |
|    total_timesteps      | 201216       |
| train/                  |              |
|    approx_kl            | 0.0010156734 |
|    clip_fraction        | 0.0109       |
|    clip_range           | 0.2          |
|    entropy_loss         | -0.121       |
|    explained_variance   | 0.92         |
|    learning_rate        | 0.0003       |
|    loss                 | 0.128        |
|    n_updates            | 1300         |
|    policy_gradient_loss | -0.00105     |
|    value_loss           | 0.254        |
------------------------------------------
-------------------------------------------
| time/                   |               |
|    fps                  | 561           |
|    iterations           | 132           |
|    time_elapsed         | 360           |
|    total_timesteps      | 202752        |
| train/                  |               |
|    approx_kl            | 0.00037850125 |
|    clip_fraction        | 0.0146        |
|    clip_range           | 0.2           |
|    entropy_loss         | -0.102        |
|    explained_variance   | 0.927         |
|    learning_rate        | 0.0003        |
|    loss                 | 0.09          |
|    n_updates            | 1310          |
|    policy_gradient_loss | -0.00193      |
|    value_loss           | 0.246         |
-------------------------------------------
-------------------------------------------
| time/                   |               |
|    fps                  | 562           |
|    iterations           | 133           |
|    time_elapsed         | 363           |
|    total_timesteps      | 204288        |
| train/                  |               |
|    approx_kl            | 0.00033495142 |
|    clip_fraction        | 0.0069        |
|    clip_range           | 0.2           |
|    entropy_loss         | -0.0712       |
|    explained_variance   | 0.334         |
|    learning_rate        | 0.0003        |
|    loss                 | 0.00572       |
|    n_updates            | 1320          |
|    policy_gradient_loss | -0.000478     |
|    value_loss           | 0.031         |
-------------------------------------------
------------------------------------------
| time/                   |              |
|    fps                  | 563          |
|    iterations           | 134          |
|    time_elapsed         | 365          |
|    total_timesteps      | 205824       |
| train/                  |              |
|    approx_kl            | 0.0014975761 |
|    clip_fraction        | 0.0117       |
|    clip_range           | 0.2          |
|    entropy_loss         | -0.0537      |
|    explained_variance   | 0.0541       |
|    learning_rate        | 0.0003       |
|    loss                 | 0.00761      |
|    n_updates            | 1330         |
|    policy_gradient_loss | -0.000952    |
|    value_loss           | 0.0312       |
------------------------------------------
------------------------------------------
| time/                   |              |
|    fps                  | 564          |
|    iterations           | 135          |
|    time_elapsed         | 367          |
|    total_timesteps      | 207360       |
| train/                  |              |
|    approx_kl            | 4.791647e-05 |
|    clip_fraction        | 0.000521     |
|    clip_range           | 0.2          |
|    entropy_loss         | -0.0513      |
|    explained_variance   | 0.168        |
|    learning_rate        | 0.0003       |
|    loss                 | 0.00361      |
|    n_updates            | 1340         |
|    policy_gradient_loss | -6.95e-05    |
|    value_loss           | 0.00896      |
------------------------------------------
-----------------------------------------
| time/                   |             |
|    fps                  | 564         |
|    iterations           | 136         |
|    time_elapsed         | 369         |
|    total_timesteps      | 208896      |
| train/                  |             |
|    approx_kl            | 0.000977148 |
|    clip_fraction        | 0.00957     |
|    clip_range           | 0.2         |
|    entropy_loss         | -0.0402     |
|    explained_variance   | 0.191       |
|    learning_rate        | 0.0003      |
|    loss                 | 0.00673     |
|    n_updates            | 1350        |
|    policy_gradient_loss | -0.000869   |
|    value_loss           | 0.014       |
-----------------------------------------
  step  210000/500000 ( 42.0%)  mean_rew=+0.000
-------------------------------------------
| time/                   |               |
|    fps                  | 564           |
|    iterations           | 137           |
|    time_elapsed         | 372           |
|    total_timesteps      | 210432        |
| train/                  |               |
|    approx_kl            | 0.00016942115 |
|    clip_fraction        | 0.00234       |
|    clip_range           | 0.2           |
|    entropy_loss         | -0.0423       |
|    explained_variance   | 0.656         |
|    learning_rate        | 0.0003        |
|    loss                 | 0.0066        |
|    n_updates            | 1360          |
|    policy_gradient_loss | -0.000131     |
|    value_loss           | 0.0144        |
-------------------------------------------
-------------------------------------------
| time/                   |               |
|    fps                  | 565           |
|    iterations           | 138           |
|    time_elapsed         | 374           |
|    total_timesteps      | 211968        |
| train/                  |               |
|    approx_kl            | 0.00016254529 |
|    clip_fraction        | 0.00404       |
|    clip_range           | 0.2           |
|    entropy_loss         | -0.0802       |
|    explained_variance   | 0.914         |
|    learning_rate        | 0.0003        |
|    loss                 | 0.108         |
|    n_updates            | 1370          |
|    policy_gradient_loss | -0.000304     |
|    value_loss           | 0.178         |
-------------------------------------------
-------------------------------------------
| time/                   |               |
|    fps                  | 566           |
|    iterations           | 139           |
|    time_elapsed         | 376           |
|    total_timesteps      | 213504        |
| train/                  |               |
|    approx_kl            | 0.00015557779 |
|    clip_fraction        | 0.000846      |
|    clip_range           | 0.2           |
|    entropy_loss         | -0.039        |
|    explained_variance   | -0.0321       |
|    learning_rate        | 0.0003        |
|    loss                 | 0.00206       |
|    n_updates            | 1380          |
|    policy_gradient_loss | -6.46e-05     |
|    value_loss           | 0.00693       |
-------------------------------------------
-------------------------------------------
| time/                   |               |
|    fps                  | 567           |
|    iterations           | 140           |
|    time_elapsed         | 379           |
|    total_timesteps      | 215040        |
| train/                  |               |
|    approx_kl            | 0.00010324471 |
|    clip_fraction        | 0.000521      |
|    clip_range           | 0.2           |
|    entropy_loss         | -0.0344       |
|    explained_variance   | -0.0789       |
|    learning_rate        | 0.0003        |
|    loss                 | 0.00392       |
|    n_updates            | 1390          |
|    policy_gradient_loss | -0.000102     |
|    value_loss           | 0.0108        |
-------------------------------------------
-------------------------------------------
| time/                   |               |
|    fps                  | 566           |
|    iterations           | 141           |
|    time_elapsed         | 382           |
|    total_timesteps      | 216576        |
| train/                  |               |
|    approx_kl            | 0.00029160944 |
|    clip_fraction        | 0.00566       |
|    clip_range           | 0.2           |
|    entropy_loss         | -0.0267       |
|    explained_variance   | -0.146        |
|    learning_rate        | 0.0003        |
|    loss                 | 0.00401       |
|    n_updates            | 1400          |
|    policy_gradient_loss | -0.000426     |
|    value_loss           | 0.0109        |
-------------------------------------------
------------------------------------------
| time/                   |              |
|    fps                  | 567          |
|    iterations           | 142          |
|    time_elapsed         | 384          |
|    total_timesteps      | 218112       |
| train/                  |              |
|    approx_kl            | 0.0007319268 |
|    clip_fraction        | 0.00371      |
|    clip_range           | 0.2          |
|    entropy_loss         | -0.0537      |
|    explained_variance   | 0.912        |
|    learning_rate        | 0.0003       |
|    loss                 | 0.0319       |
|    n_updates            | 1410         |
|    policy_gradient_loss | -0.000486    |
|    value_loss           | 0.148        |
------------------------------------------
-------------------------------------------
| time/                   |               |
|    fps                  | 568           |
|    iterations           | 143           |
|    time_elapsed         | 386           |
|    total_timesteps      | 219648        |
| train/                  |               |
|    approx_kl            | 3.2915967e-05 |
|    clip_fraction        | 0.00169       |
|    clip_range           | 0.2           |
|    entropy_loss         | -0.0298       |
|    explained_variance   | -0.0571       |
|    learning_rate        | 0.0003        |
|    loss                 | 0.00414       |
|    n_updates            | 1420          |
|    policy_gradient_loss | 3.15e-05      |
|    value_loss           | 0.00977       |
-------------------------------------------
------------------------------------------
| time/                   |              |
|    fps                  | 568          |
|    iterations           | 144          |
|    time_elapsed         | 388          |
|    total_timesteps      | 221184       |
| train/                  |              |
|    approx_kl            | 6.295849e-05 |
|    clip_fraction        | 0.00182      |
|    clip_range           | 0.2          |
|    entropy_loss         | -0.023       |
|    explained_variance   | -0.0602      |
|    learning_rate        | 0.0003       |
|    loss                 | 0.00101      |
|    n_updates            | 1430         |
|    policy_gradient_loss | -0.000227    |
|    value_loss           | 0.0134       |
------------------------------------------
-------------------------------------------
| time/                   |               |
|    fps                  | 568           |
|    iterations           | 145           |
|    time_elapsed         | 391           |
|    total_timesteps      | 222720        |
| train/                  |               |
|    approx_kl            | 5.3172775e-05 |
|    clip_fraction        | 0.000911      |
|    clip_range           | 0.2           |
|    entropy_loss         | -0.0197       |
|    explained_variance   | -0.0193       |
|    learning_rate        | 0.0003        |
|    loss                 | 0.00837       |
|    n_updates            | 1440          |
|    policy_gradient_loss | -0.000241     |
|    value_loss           | 0.00891       |
-------------------------------------------
------------------------------------------
| time/                   |              |
|    fps                  | 569          |
|    iterations           | 146          |
|    time_elapsed         | 393          |
|    total_timesteps      | 224256       |
| train/                  |              |
|    approx_kl            | 0.0029998922 |
|    clip_fraction        | 0.0204       |
|    clip_range           | 0.2          |
|    entropy_loss         | -0.0564      |
|    explained_variance   | 0.903        |
|    learning_rate        | 0.0003       |
|    loss                 | 0.0292       |
|    n_updates            | 1450         |
|    policy_gradient_loss | -0.00525     |
|    value_loss           | 0.127        |
------------------------------------------
  step  225000/500000 ( 45.0%)  mean_rew=-0.001
------------------------------------------
| time/                   |              |
|    fps                  | 569          |
|    iterations           | 147          |
|    time_elapsed         | 396          |
|    total_timesteps      | 225792       |
| train/                  |              |
|    approx_kl            | 5.061975e-05 |
|    clip_fraction        | 0.000195     |
|    clip_range           | 0.2          |
|    entropy_loss         | -0.0309      |
|    explained_variance   | -0.059       |
|    learning_rate        | 0.0003       |
|    loss                 | 0.00301      |
|    n_updates            | 1460         |
|    policy_gradient_loss | -4.54e-05    |
|    value_loss           | 0.0107       |
------------------------------------------
-------------------------------------------
| time/                   |               |
|    fps                  | 565           |
|    iterations           | 148           |
|    time_elapsed         | 402           |
|    total_timesteps      | 227328        |
| train/                  |               |
|    approx_kl            | 0.00017825118 |
|    clip_fraction        | 0.000586      |
|    clip_range           | 0.2           |
|    entropy_loss         | -0.0407       |
|    explained_variance   | 0.921         |
|    learning_rate        | 0.0003        |
|    loss                 | 0.031         |
|    n_updates            | 1470          |
|    policy_gradient_loss | 1.31e-05      |
|    value_loss           | 0.0811        |
-------------------------------------------
----------------------------------------
| time/                   |            |
|    fps                  | 564        |
|    iterations           | 149        |
|    time_elapsed         | 405        |
|    total_timesteps      | 228864     |
| train/                  |            |
|    approx_kl            | 0.00089658 |
|    clip_fraction        | 0.00339    |
|    clip_range           | 0.2        |
|    entropy_loss         | -0.0794    |
|    explained_variance   | 0.918      |
|    learning_rate        | 0.0003     |
|    loss                 | 0.0942     |
|    n_updates            | 1480       |
|    policy_gradient_loss | -8.86e-05  |
|    value_loss           | 0.55       |
----------------------------------------
------------------------------------------
| time/                   |              |
|    fps                  | 564          |
|    iterations           | 150          |
|    time_elapsed         | 407          |
|    total_timesteps      | 230400       |
| train/                  |              |
|    approx_kl            | 0.0004431893 |
|    clip_fraction        | 0.00443      |
|    clip_range           | 0.2          |
|    entropy_loss         | -0.0446      |
|    explained_variance   | 0.968        |
|    learning_rate        | 0.0003       |
|    loss                 | 0.0131       |
|    n_updates            | 1490         |
|    policy_gradient_loss | -0.00183     |
|    value_loss           | 0.0287       |
------------------------------------------
------------------------------------------
| time/                   |              |
|    fps                  | 564          |
|    iterations           | 151          |
|    time_elapsed         | 410          |
|    total_timesteps      | 231936       |
| train/                  |              |
|    approx_kl            | 0.0011272904 |
|    clip_fraction        | 0.00651      |
|    clip_range           | 0.2          |
|    entropy_loss         | -0.0243      |
|    explained_variance   | 0.482        |
|    learning_rate        | 0.0003       |
|    loss                 | -0.00274     |
|    n_updates            | 1500         |
|    policy_gradient_loss | -0.000873    |
|    value_loss           | 0.117        |
------------------------------------------
------------------------------------------
| time/                   |              |
|    fps                  | 563          |
|    iterations           | 152          |
|    time_elapsed         | 413          |
|    total_timesteps      | 233472       |
| train/                  |              |
|    approx_kl            | 0.0005234612 |
|    clip_fraction        | 0.00729      |
|    clip_range           | 0.2          |
|    entropy_loss         | -0.044       |
|    explained_variance   | 0.9          |
|    learning_rate        | 0.0003       |
|    loss                 | 0.062        |
|    n_updates            | 1510         |
|    policy_gradient_loss | -0.00131     |
|    value_loss           | 0.152        |
------------------------------------------
-------------------------------------------
| time/                   |               |
|    fps                  | 563           |
|    iterations           | 153           |
|    time_elapsed         | 416           |
|    total_timesteps      | 235008        |
| train/                  |               |
|    approx_kl            | 0.00036004648 |
|    clip_fraction        | 0.00716       |
|    clip_range           | 0.2           |
|    entropy_loss         | -0.0421       |
|    explained_variance   | 0.916         |
|    learning_rate        | 0.0003        |
|    loss                 | 0.0973        |
|    n_updates            | 1520          |
|    policy_gradient_loss | -0.00248      |
|    value_loss           | 0.169         |
-------------------------------------------
------------------------------------------
| time/                   |              |
|    fps                  | 563          |
|    iterations           | 154          |
|    time_elapsed         | 419          |
|    total_timesteps      | 236544       |
| train/                  |              |
|    approx_kl            | 9.123344e-05 |
|    clip_fraction        | 0.000977     |
|    clip_range           | 0.2          |
|    entropy_loss         | -0.0263      |
|    explained_variance   | 0.952        |
|    learning_rate        | 0.0003       |
|    loss                 | 0.0223       |
|    n_updates            | 1530         |
|    policy_gradient_loss | -0.000163    |
|    value_loss           | 0.0469       |
------------------------------------------
-------------------------------------------
| time/                   |               |
|    fps                  | 563           |
|    iterations           | 155           |
|    time_elapsed         | 422           |
|    total_timesteps      | 238080        |
| train/                  |               |
|    approx_kl            | 0.00014429318 |
|    clip_fraction        | 0.000911      |
|    clip_range           | 0.2           |
|    entropy_loss         | -0.0445       |
|    explained_variance   | 0.923         |
|    learning_rate        | 0.0003        |
|    loss                 | 0.0679        |
|    n_updates            | 1540          |
|    policy_gradient_loss | 0.000153      |
|    value_loss           | 0.286         |
-------------------------------------------
-------------------------------------------
| time/                   |               |
|    fps                  | 563           |
|    iterations           | 156           |
|    time_elapsed         | 424           |
|    total_timesteps      | 239616        |
| train/                  |               |
|    approx_kl            | 0.00050300476 |
|    clip_fraction        | 0.00716       |
|    clip_range           | 0.2           |
|    entropy_loss         | -0.0425       |
|    explained_variance   | 0.929         |
|    learning_rate        | 0.0003        |
|    loss                 | 0.234         |
|    n_updates            | 1550          |
|    policy_gradient_loss | -0.00238      |
|    value_loss           | 0.252         |
-------------------------------------------
  step  240000/500000 ( 48.0%)  mean_rew=-0.001
-------------------------------------------
| time/                   |               |
|    fps                  | 564           |
|    iterations           | 157           |
|    time_elapsed         | 427           |
|    total_timesteps      | 241152        |
| train/                  |               |
|    approx_kl            | 0.00014178529 |
|    clip_fraction        | 0.00299       |
|    clip_range           | 0.2           |
|    entropy_loss         | -0.028        |
|    explained_variance   | -0.0459       |
|    learning_rate        | 0.0003        |
|    loss                 | 0.00496       |
|    n_updates            | 1560          |
|    policy_gradient_loss | -0.00057      |
|    value_loss           | 0.0245        |
-------------------------------------------
--------------------------------------------
| time/                   |                |
|    fps                  | 563            |
|    iterations           | 158            |
|    time_elapsed         | 430            |
|    total_timesteps      | 242688         |
| train/                  |                |
|    approx_kl            | 0.000118859774 |
|    clip_fraction        | 0.00156        |
|    clip_range           | 0.2            |
|    entropy_loss         | -0.0304        |
|    explained_variance   | -0.181         |
|    learning_rate        | 0.0003         |
|    loss                 | 0.00443        |
|    n_updates            | 1570           |
|    policy_gradient_loss | -0.000245      |
|    value_loss           | 0.0173         |
--------------------------------------------
-------------------------------------------
| time/                   |               |
|    fps                  | 564           |
|    iterations           | 159           |
|    time_elapsed         | 432           |
|    total_timesteps      | 244224        |
| train/                  |               |
|    approx_kl            | 0.00061329716 |
|    clip_fraction        | 0.00703       |
|    clip_range           | 0.2           |
|    entropy_loss         | -0.051        |
|    explained_variance   | 0.863         |
|    learning_rate        | 0.0003        |
|    loss                 | 0.252         |
|    n_updates            | 1580          |
|    policy_gradient_loss | 0.000121      |
|    value_loss           | 0.352         |
-------------------------------------------
------------------------------------------
| time/                   |              |
|    fps                  | 561          |
|    iterations           | 160          |
|    time_elapsed         | 437          |
|    total_timesteps      | 245760       |
| train/                  |              |
|    approx_kl            | 3.135216e-05 |
|    clip_fraction        | 0.00026      |
|    clip_range           | 0.2          |
|    entropy_loss         | -0.0256      |
|    explained_variance   | 0.367        |
|    learning_rate        | 0.0003       |
|    loss                 | 0.00297      |
|    n_updates            | 1590         |
|    policy_gradient_loss | -0.000105    |
|    value_loss           | 0.00711      |
------------------------------------------
------------------------------------------
| time/                   |              |
|    fps                  | 559          |
|    iterations           | 161          |
|    time_elapsed         | 442          |
|    total_timesteps      | 247296       |
| train/                  |              |
|    approx_kl            | 0.0052593127 |
|    clip_fraction        | 0.00671      |
|    clip_range           | 0.2          |
|    entropy_loss         | -0.0582      |
|    explained_variance   | 0.954        |
|    learning_rate        | 0.0003       |
|    loss                 | 0.0111       |
|    n_updates            | 1600         |
|    policy_gradient_loss | -0.000864    |
|    value_loss           | 0.0812       |
------------------------------------------
-------------------------------------------
| time/                   |               |
|    fps                  | 558           |
|    iterations           | 162           |
|    time_elapsed         | 445           |
|    total_timesteps      | 248832        |
| train/                  |               |
|    approx_kl            | 0.00048376378 |
|    clip_fraction        | 0.0148        |
|    clip_range           | 0.2           |
|    entropy_loss         | -0.0875       |
|    explained_variance   | 0.906         |
|    learning_rate        | 0.0003        |
|    loss                 | 0.143         |
|    n_updates            | 1610          |
|    policy_gradient_loss | -0.00313      |
|    value_loss           | 0.477         |
-------------------------------------------
-------------------------------------------
| time/                   |               |
|    fps                  | 559           |
|    iterations           | 163           |
|    time_elapsed         | 447           |
|    total_timesteps      | 250368        |
| train/                  |               |
|    approx_kl            | 0.00065950706 |
|    clip_fraction        | 0.0121        |
|    clip_range           | 0.2           |
|    entropy_loss         | -0.0734       |
|    explained_variance   | 0.915         |
|    learning_rate        | 0.0003        |
|    loss                 | 0.148         |
|    n_updates            | 1620          |
|    policy_gradient_loss | -0.00257      |
|    value_loss           | 0.253         |
-------------------------------------------
-------------------------------------------
| time/                   |               |
|    fps                  | 559           |
|    iterations           | 164           |
|    time_elapsed         | 449           |
|    total_timesteps      | 251904        |
| train/                  |               |
|    approx_kl            | 7.6189946e-07 |
|    clip_fraction        | 0             |
|    clip_range           | 0.2           |
|    entropy_loss         | -0.04         |
|    explained_variance   | 0.439         |
|    learning_rate        | 0.0003        |
|    loss                 | 0.00676       |
|    n_updates            | 1630          |
|    policy_gradient_loss | 5.65e-05      |
|    value_loss           | 0.013         |
-------------------------------------------
-------------------------------------------
| time/                   |               |
|    fps                  | 559           |
|    iterations           | 165           |
|    time_elapsed         | 453           |
|    total_timesteps      | 253440        |
| train/                  |               |
|    approx_kl            | 0.00012552955 |
|    clip_fraction        | 0.00208       |
|    clip_range           | 0.2           |
|    entropy_loss         | -0.0371       |
|    explained_variance   | 0.329         |
|    learning_rate        | 0.0003        |
|    loss                 | 0.00975       |
|    n_updates            | 1640          |
|    policy_gradient_loss | -0.000211     |
|    value_loss           | 0.0119        |
-------------------------------------------
------------------------------------------
| time/                   |              |
|    fps                  | 560          |
|    iterations           | 166          |
|    time_elapsed         | 455          |
|    total_timesteps      | 254976       |
| train/                  |              |
|    approx_kl            | 5.472114e-05 |
|    clip_fraction        | 0.0028       |
|    clip_range           | 0.2          |
|    entropy_loss         | -0.067       |
|    explained_variance   | 0.923        |
|    learning_rate        | 0.0003       |
|    loss                 | 0.0355       |
|    n_updates            | 1650         |
|    policy_gradient_loss | 0.000131     |
|    value_loss           | 0.227        |
------------------------------------------
  step  255000/500000 ( 51.0%)  mean_rew=-0.002
-------------------------------------------
| time/                   |               |
|    fps                  | 560           |
|    iterations           | 167           |
|    time_elapsed         | 457           |
|    total_timesteps      | 256512        |
| train/                  |               |
|    approx_kl            | 0.00015515613 |
|    clip_fraction        | 0.00326       |
|    clip_range           | 0.2           |
|    entropy_loss         | -0.035        |
|    explained_variance   | 0.0957        |
|    learning_rate        | 0.0003        |
|    loss                 | 0.00493       |
|    n_updates            | 1660          |
|    policy_gradient_loss | -0.000303     |
|    value_loss           | 0.00839       |
-------------------------------------------
------------------------------------------
| time/                   |              |
|    fps                  | 561          |
|    iterations           | 168          |
|    time_elapsed         | 459          |
|    total_timesteps      | 258048       |
| train/                  |              |
|    approx_kl            | 9.762364e-05 |
|    clip_fraction        | 0.000716     |
|    clip_range           | 0.2          |
|    entropy_loss         | -0.0353      |
|    explained_variance   | -0.0707      |
|    learning_rate        | 0.0003       |
|    loss                 | 0.0144       |
|    n_updates            | 1670         |
|    policy_gradient_loss | -0.00012     |
|    value_loss           | 0.0266       |
------------------------------------------
------------------------------------------
| time/                   |              |
|    fps                  | 562          |
|    iterations           | 169          |
|    time_elapsed         | 461          |
|    total_timesteps      | 259584       |
| train/                  |              |
|    approx_kl            | 8.436452e-05 |
|    clip_fraction        | 0.00254      |
|    clip_range           | 0.2          |
|    entropy_loss         | -0.0409      |
|    explained_variance   | 0.244        |
|    learning_rate        | 0.0003       |
|    loss                 | 0.0057       |
|    n_updates            | 1680         |
|    policy_gradient_loss | -0.00028     |
|    value_loss           | 0.0132       |
------------------------------------------
-------------------------------------------
| time/                   |               |
|    fps                  | 562           |
|    iterations           | 170           |
|    time_elapsed         | 464           |
|    total_timesteps      | 261120        |
| train/                  |               |
|    approx_kl            | 0.00015063114 |
|    clip_fraction        | 0.0028        |
|    clip_range           | 0.2           |
|    entropy_loss         | -0.0483       |
|    explained_variance   | 0.343         |
|    learning_rate        | 0.0003        |
|    loss                 | 0.00259       |
|    n_updates            | 1690          |
|    policy_gradient_loss | -0.000391     |
|    value_loss           | 0.00401       |
-------------------------------------------
------------------------------------------
| time/                   |              |
|    fps                  | 562          |
|    iterations           | 171          |
|    time_elapsed         | 466          |
|    total_timesteps      | 262656       |
| train/                  |              |
|    approx_kl            | 0.0025912966 |
|    clip_fraction        | 0.00729      |
|    clip_range           | 0.2          |
|    entropy_loss         | -0.0764      |
|    explained_variance   | 0.952        |
|    learning_rate        | 0.0003       |
|    loss                 | 0.000213     |
|    n_updates            | 1700         |
|    policy_gradient_loss | -0.000335    |
|    value_loss           | 0.0197       |
------------------------------------------
-------------------------------------------
| time/                   |               |
|    fps                  | 563           |
|    iterations           | 172           |
|    time_elapsed         | 469           |
|    total_timesteps      | 264192        |
| train/                  |               |
|    approx_kl            | 0.00094237336 |
|    clip_fraction        | 0.014         |
|    clip_range           | 0.2           |
|    entropy_loss         | -0.0901       |
|    explained_variance   | 0.885         |
|    learning_rate        | 0.0003        |
|    loss                 | 0.0543        |
|    n_updates            | 1710          |
|    policy_gradient_loss | -0.00169      |
|    value_loss           | 0.164         |
-------------------------------------------
------------------------------------------
| time/                   |              |
|    fps                  | 564          |
|    iterations           | 173          |
|    time_elapsed         | 471          |
|    total_timesteps      | 265728       |
| train/                  |              |
|    approx_kl            | 0.0005379989 |
|    clip_fraction        | 0.00319      |
|    clip_range           | 0.2          |
|    entropy_loss         | -0.0655      |
|    explained_variance   | 0.131        |
|    learning_rate        | 0.0003       |
|    loss                 | 0.00345      |
|    n_updates            | 1720         |
|    policy_gradient_loss | -0.000337    |
|    value_loss           | 0.0069       |
------------------------------------------
-------------------------------------------
| time/                   |               |
|    fps                  | 564           |
|    iterations           | 174           |
|    time_elapsed         | 473           |
|    total_timesteps      | 267264        |
| train/                  |               |
|    approx_kl            | 0.00012646255 |
|    clip_fraction        | 0.00124       |
|    clip_range           | 0.2           |
|    entropy_loss         | -0.0649       |
|    explained_variance   | 0.041         |
|    learning_rate        | 0.0003        |
|    loss                 | 0.0023        |
|    n_updates            | 1730          |
|    policy_gradient_loss | -8.82e-06     |
|    value_loss           | 0.00808       |
-------------------------------------------
-------------------------------------------
| time/                   |               |
|    fps                  | 565           |
|    iterations           | 175           |
|    time_elapsed         | 475           |
|    total_timesteps      | 268800        |
| train/                  |               |
|    approx_kl            | 0.00070187653 |
|    clip_fraction        | 0.00951       |
|    clip_range           | 0.2           |
|    entropy_loss         | -0.0537       |
|    explained_variance   | 0.172         |
|    learning_rate        | 0.0003        |
|    loss                 | 0.00282       |
|    n_updates            | 1740          |
|    policy_gradient_loss | -0.0011       |
|    value_loss           | 0.00533       |
-------------------------------------------
  step  270000/500000 ( 54.0%)  mean_rew=-0.002
------------------------------------------
| time/                   |              |
|    fps                  | 566          |
|    iterations           | 176          |
|    time_elapsed         | 477          |
|    total_timesteps      | 270336       |
| train/                  |              |
|    approx_kl            | 0.0006631182 |
|    clip_fraction        | 0.00436      |
|    clip_range           | 0.2          |
|    entropy_loss         | -0.045       |
|    explained_variance   | 0.341        |
|    learning_rate        | 0.0003       |
|    loss                 | 0.0012       |
|    n_updates            | 1750         |
|    policy_gradient_loss | -0.000785    |
|    value_loss           | 0.00656      |
------------------------------------------
-------------------------------------------
| time/                   |               |
|    fps                  | 565           |
|    iterations           | 177           |
|    time_elapsed         | 480           |
|    total_timesteps      | 271872        |
| train/                  |               |
|    approx_kl            | 7.5323005e-05 |
|    clip_fraction        | 0.00104       |
|    clip_range           | 0.2           |
|    entropy_loss         | -0.047        |
|    explained_variance   | 0.426         |
|    learning_rate        | 0.0003        |
|    loss                 | 0.000884      |
|    n_updates            | 1760          |
|    policy_gradient_loss | -0.000124     |
|    value_loss           | 0.00238       |
-------------------------------------------
-------------------------------------------
| time/                   |               |
|    fps                  | 565           |
|    iterations           | 178           |
|    time_elapsed         | 483           |
|    total_timesteps      | 273408        |
| train/                  |               |
|    approx_kl            | 0.00069523003 |
|    clip_fraction        | 0.00697       |
|    clip_range           | 0.2           |
|    entropy_loss         | -0.0751       |
|    explained_variance   | 0.943         |
|    learning_rate        | 0.0003        |
|    loss                 | 0.0145        |
|    n_updates            | 1770          |
|    policy_gradient_loss | -0.000517     |
|    value_loss           | 0.0424        |
-------------------------------------------
-------------------------------------------
| time/                   |               |
|    fps                  | 566           |
|    iterations           | 179           |
|    time_elapsed         | 485           |
|    total_timesteps      | 274944        |
| train/                  |               |
|    approx_kl            | 0.00024441385 |
|    clip_fraction        | 0.00736       |
|    clip_range           | 0.2           |
|    entropy_loss         | -0.0731       |
|    explained_variance   | 0.908         |
|    learning_rate        | 0.0003        |
|    loss                 | 0.082         |
|    n_updates            | 1780          |
|    policy_gradient_loss | -0.000417     |
|    value_loss           | 0.211         |
-------------------------------------------
------------------------------------------
| time/                   |              |
|    fps                  | 567          |
|    iterations           | 180          |
|    time_elapsed         | 487          |
|    total_timesteps      | 276480       |
| train/                  |              |
|    approx_kl            | 8.528043e-05 |
|    clip_fraction        | 0.000456     |
|    clip_range           | 0.2          |
|    entropy_loss         | -0.0407      |
|    explained_variance   | -0.453       |
|    learning_rate        | 0.0003       |
|    loss                 | 0.00143      |
|    n_updates            | 1790         |
|    policy_gradient_loss | -6.52e-05    |
|    value_loss           | 0.00351      |
------------------------------------------
-------------------------------------------
| time/                   |               |
|    fps                  | 567           |
|    iterations           | 181           |
|    time_elapsed         | 489           |
|    total_timesteps      | 278016        |
| train/                  |               |
|    approx_kl            | 0.00015668986 |
|    clip_fraction        | 0.000911      |
|    clip_range           | 0.2           |
|    entropy_loss         | -0.0319       |
|    explained_variance   | 0.316         |
|    learning_rate        | 0.0003        |
|    loss                 | 0.00596       |
|    n_updates            | 1800          |
|    policy_gradient_loss | -0.000106     |
|    value_loss           | 0.0069        |
-------------------------------------------
-------------------------------------------
| time/                   |               |
|    fps                  | 568           |
|    iterations           | 182           |
|    time_elapsed         | 491           |
|    total_timesteps      | 279552        |
| train/                  |               |
|    approx_kl            | 0.00022300768 |
|    clip_fraction        | 0.00378       |
|    clip_range           | 0.2           |
|    entropy_loss         | -0.0284       |
|    explained_variance   | 0.173         |
|    learning_rate        | 0.0003        |
|    loss                 | 0.00153       |
|    n_updates            | 1810          |
|    policy_gradient_loss | -0.00044      |
|    value_loss           | 0.00355       |
-------------------------------------------
-------------------------------------------
| time/                   |               |
|    fps                  | 567           |
|    iterations           | 183           |
|    time_elapsed         | 495           |
|    total_timesteps      | 281088        |
| train/                  |               |
|    approx_kl            | 0.00016913722 |
|    clip_fraction        | 0.00247       |
|    clip_range           | 0.2           |
|    entropy_loss         | -0.0244       |
|    explained_variance   | 0.436         |
|    learning_rate        | 0.0003        |
|    loss                 | 0.00289       |
|    n_updates            | 1820          |
|    policy_gradient_loss | -0.000159     |
|    value_loss           | 0.00692       |
-------------------------------------------
------------------------------------------
| time/                   |              |
|    fps                  | 568          |
|    iterations           | 184          |
|    time_elapsed         | 497          |
|    total_timesteps      | 282624       |
| train/                  |              |
|    approx_kl            | 0.0022422178 |
|    clip_fraction        | 0.00905      |
|    clip_range           | 0.2          |
|    entropy_loss         | -0.0681      |
|    explained_variance   | 0.913        |
|    learning_rate        | 0.0003       |
|    loss                 | 0.119        |
|    n_updates            | 1830         |
|    policy_gradient_loss | -0.000987    |
|    value_loss           | 0.177        |
------------------------------------------
------------------------------------------
| time/                   |              |
|    fps                  | 569          |
|    iterations           | 185          |
|    time_elapsed         | 499          |
|    total_timesteps      | 284160       |
| train/                  |              |
|    approx_kl            | 7.627427e-05 |
|    clip_fraction        | 0.0013       |
|    clip_range           | 0.2          |
|    entropy_loss         | -0.0437      |
|    explained_variance   | 0.00941      |
|    learning_rate        | 0.0003       |
|    loss                 | 0.00178      |
|    n_updates            | 1840         |
|    policy_gradient_loss | -0.00024     |
|    value_loss           | 0.00402      |
------------------------------------------
  step  285000/500000 ( 57.0%)  mean_rew=-0.001
------------------------------------------
| time/                   |              |
|    fps                  | 569          |
|    iterations           | 186          |
|    time_elapsed         | 501          |
|    total_timesteps      | 285696       |
| train/                  |              |
|    approx_kl            | 0.0001551928 |
|    clip_fraction        | 0.000911     |
|    clip_range           | 0.2          |
|    entropy_loss         | -0.0391      |
|    explained_variance   | 0.128        |
|    learning_rate        | 0.0003       |
|    loss                 | 0.00272      |
|    n_updates            | 1850         |
|    policy_gradient_loss | -7.08e-05    |
|    value_loss           | 0.00566      |
------------------------------------------
-------------------------------------------
| time/                   |               |
|    fps                  | 569           |
|    iterations           | 187           |
|    time_elapsed         | 504           |
|    total_timesteps      | 287232        |
| train/                  |               |
|    approx_kl            | 0.00014885333 |
|    clip_fraction        | 0.0043        |
|    clip_range           | 0.2           |
|    entropy_loss         | -0.0394       |
|    explained_variance   | 0.208         |
|    learning_rate        | 0.0003        |
|    loss                 | 0.00124       |
|    n_updates            | 1860          |
|    policy_gradient_loss | -0.000513     |
|    value_loss           | 0.00212       |
-------------------------------------------
------------------------------------------
| time/                   |              |
|    fps                  | 569          |
|    iterations           | 188          |
|    time_elapsed         | 506          |
|    total_timesteps      | 288768       |
| train/                  |              |
|    approx_kl            | 0.0005602698 |
|    clip_fraction        | 0.00215      |
|    clip_range           | 0.2          |
|    entropy_loss         | -0.0774      |
|    explained_variance   | 0.967        |
|    learning_rate        | 0.0003       |
|    loss                 | 0.00822      |
|    n_updates            | 1870         |
|    policy_gradient_loss | 0.000698     |
|    value_loss           | 0.0211       |
------------------------------------------
-------------------------------------------
| time/                   |               |
|    fps                  | 570           |
|    iterations           | 189           |
|    time_elapsed         | 509           |
|    total_timesteps      | 290304        |
| train/                  |               |
|    approx_kl            | 0.00058735453 |
|    clip_fraction        | 0.00781       |
|    clip_range           | 0.2           |
|    entropy_loss         | -0.0439       |
|    explained_variance   | -0.814        |
|    learning_rate        | 0.0003        |
|    loss                 | 0.00261       |
|    n_updates            | 1880          |
|    policy_gradient_loss | -0.0013       |
|    value_loss           | 0.063         |
-------------------------------------------
-------------------------------------------
| time/                   |               |
|    fps                  | 568           |
|    iterations           | 190           |
|    time_elapsed         | 512           |
|    total_timesteps      | 291840        |
| train/                  |               |
|    approx_kl            | 0.00015990552 |
|    clip_fraction        | 0.00313       |
|    clip_range           | 0.2           |
|    entropy_loss         | -0.0392       |
|    explained_variance   | 0.519         |
|    learning_rate        | 0.0003        |
|    loss                 | 0.0015        |
|    n_updates            | 1890          |
|    policy_gradient_loss | -0.000235     |
|    value_loss           | 0.00265       |
-------------------------------------------
-------------------------------------------
| time/                   |               |
|    fps                  | 566           |
|    iterations           | 191           |
|    time_elapsed         | 518           |
|    total_timesteps      | 293376        |
| train/                  |               |
|    approx_kl            | 0.00014599808 |
|    clip_fraction        | 0.0054        |
|    clip_range           | 0.2           |
|    entropy_loss         | -0.103        |
|    explained_variance   | 0.813         |
|    learning_rate        | 0.0003        |
|    loss                 | 0.0676        |
|    n_updates            | 1900          |
|    policy_gradient_loss | 0.000416      |
|    value_loss           | 0.219         |
-------------------------------------------
------------------------------------------
| time/                   |              |
|    fps                  | 563          |
|    iterations           | 192          |
|    time_elapsed         | 523          |
|    total_timesteps      | 294912       |
| train/                  |              |
|    approx_kl            | 0.0014477746 |
|    clip_fraction        | 0.00371      |
|    clip_range           | 0.2          |
|    entropy_loss         | -0.127       |
|    explained_variance   | 0.899        |
|    learning_rate        | 0.0003       |
|    loss                 | 0.0165       |
|    n_updates            | 1910         |
|    policy_gradient_loss | -0.000735    |
|    value_loss           | 0.159        |
------------------------------------------
------------------------------------------
| time/                   |              |
|    fps                  | 559          |
|    iterations           | 193          |
|    time_elapsed         | 529          |
|    total_timesteps      | 296448       |
| train/                  |              |
|    approx_kl            | 0.0004788676 |
|    clip_fraction        | 0.00462      |
|    clip_range           | 0.2          |
|    entropy_loss         | -0.136       |
|    explained_variance   | 0.904        |
|    learning_rate        | 0.0003       |
|    loss                 | 0.345        |
|    n_updates            | 1920         |
|    policy_gradient_loss | 0.000306     |
|    value_loss           | 0.636        |
------------------------------------------
------------------------------------------
| time/                   |              |
|    fps                  | 560          |
|    iterations           | 194          |
|    time_elapsed         | 531          |
|    total_timesteps      | 297984       |
| train/                  |              |
|    approx_kl            | 0.0021128086 |
|    clip_fraction        | 0.0181       |
|    clip_range           | 0.2          |
|    entropy_loss         | -0.133       |
|    explained_variance   | 0.932        |
|    learning_rate        | 0.0003       |
|    loss                 | 0.205        |
|    n_updates            | 1930         |
|    policy_gradient_loss | -0.00289     |
|    value_loss           | 0.589        |
------------------------------------------
-------------------------------------------
| time/                   |               |
|    fps                  | 560           |
|    iterations           | 195           |
|    time_elapsed         | 534           |
|    total_timesteps      | 299520        |
| train/                  |               |
|    approx_kl            | 5.0212915e-05 |
|    clip_fraction        | 0.000911      |
|    clip_range           | 0.2           |
|    entropy_loss         | -0.0246       |
|    explained_variance   | 0.848         |
|    learning_rate        | 0.0003        |
|    loss                 | 0.00938       |
|    n_updates            | 1940          |
|    policy_gradient_loss | -0.000109     |
|    value_loss           | 0.0148        |
-------------------------------------------
  step  300000/500000 ( 60.0%)  mean_rew=-0.035
-------------------------------------------
| time/                   |               |
|    fps                  | 560           |
|    iterations           | 196           |
|    time_elapsed         | 537           |
|    total_timesteps      | 301056        |
| train/                  |               |
|    approx_kl            | 8.0878766e-05 |
|    clip_fraction        | 0.000846      |
|    clip_range           | 0.2           |
|    entropy_loss         | -0.0281       |
|    explained_variance   | 0.784         |
|    learning_rate        | 0.0003        |
|    loss                 | 0.00265       |
|    n_updates            | 1950          |
|    policy_gradient_loss | -0.00025      |
|    value_loss           | 0.0169        |
-------------------------------------------
------------------------------------------
| time/                   |              |
|    fps                  | 560          |
|    iterations           | 197          |
|    time_elapsed         | 540          |
|    total_timesteps      | 302592       |
| train/                  |              |
|    approx_kl            | 0.0014450691 |
|    clip_fraction        | 0.0126       |
|    clip_range           | 0.2          |
|    entropy_loss         | -0.0631      |
|    explained_variance   | 0.919        |
|    learning_rate        | 0.0003       |
|    loss                 | 0.193        |
|    n_updates            | 1960         |
|    policy_gradient_loss | -0.00309     |
|    value_loss           | 0.211        |
------------------------------------------
------------------------------------------
| time/                   |              |
|    fps                  | 560          |
|    iterations           | 198          |
|    time_elapsed         | 542          |
|    total_timesteps      | 304128       |
| train/                  |              |
|    approx_kl            | 0.0018217381 |
|    clip_fraction        | 0.01         |
|    clip_range           | 0.2          |
|    entropy_loss         | -0.044       |
|    explained_variance   | 0.928        |
|    learning_rate        | 0.0003       |
|    loss                 | 0.163        |
|    n_updates            | 1970         |
|    policy_gradient_loss | -0.00258     |
|    value_loss           | 0.21         |
------------------------------------------
-------------------------------------------
| time/                   |               |
|    fps                  | 560           |
|    iterations           | 199           |
|    time_elapsed         | 545           |
|    total_timesteps      | 305664        |
| train/                  |               |
|    approx_kl            | 5.4434254e-06 |
|    clip_fraction        | 0             |
|    clip_range           | 0.2           |
|    entropy_loss         | -0.0232       |
|    explained_variance   | 0.865         |
|    learning_rate        | 0.0003        |
|    loss                 | 0.00914       |
|    n_updates            | 1980          |
|    policy_gradient_loss | -9.18e-06     |
|    value_loss           | 0.0403        |
-------------------------------------------
-------------------------------------------
| time/                   |               |
|    fps                  | 561           |
|    iterations           | 200           |
|    time_elapsed         | 547           |
|    total_timesteps      | 307200        |
| train/                  |               |
|    approx_kl            | 0.00025448794 |
|    clip_fraction        | 0.0056        |
|    clip_range           | 0.2           |
|    entropy_loss         | -0.0334       |
|    explained_variance   | 0.915         |
|    learning_rate        | 0.0003        |
|    loss                 | 0.0967        |
|    n_updates            | 1990          |
|    policy_gradient_loss | -0.000836     |
|    value_loss           | 0.217         |
-------------------------------------------
------------------------------------------
| time/                   |              |
|    fps                  | 560          |
|    iterations           | 201          |
|    time_elapsed         | 550          |
|    total_timesteps      | 308736       |
| train/                  |              |
|    approx_kl            | 7.339058e-05 |
|    clip_fraction        | 0.00156      |
|    clip_range           | 0.2          |
|    entropy_loss         | -0.0221      |
|    explained_variance   | 0.511        |
|    learning_rate        | 0.0003       |
|    loss                 | 0.00271      |
|    n_updates            | 2000         |
|    policy_gradient_loss | -0.000316    |
|    value_loss           | 0.00706      |
------------------------------------------
-------------------------------------------
| time/                   |               |
|    fps                  | 560           |
|    iterations           | 202           |
|    time_elapsed         | 553           |
|    total_timesteps      | 310272        |
| train/                  |               |
|    approx_kl            | 0.00047979216 |
|    clip_fraction        | 0.00202       |
|    clip_range           | 0.2           |
|    entropy_loss         | -0.049        |
|    explained_variance   | 0.964         |
|    learning_rate        | 0.0003        |
|    loss                 | 0.0176        |
|    n_updates            | 2010          |
|    policy_gradient_loss | -0.000356     |
|    value_loss           | 0.0576        |
-------------------------------------------
-------------------------------------------
| time/                   |               |
|    fps                  | 561           |
|    iterations           | 203           |
|    time_elapsed         | 555           |
|    total_timesteps      | 311808        |
| train/                  |               |
|    approx_kl            | 9.0800226e-05 |
|    clip_fraction        | 0.000716      |
|    clip_range           | 0.2           |
|    entropy_loss         | -0.0331       |
|    explained_variance   | 0.775         |
|    learning_rate        | 0.0003        |
|    loss                 | 0.146         |
|    n_updates            | 2020          |
|    policy_gradient_loss | -0.000617     |
|    value_loss           | 0.166         |
-------------------------------------------
-------------------------------------------
| time/                   |               |
|    fps                  | 561           |
|    iterations           | 204           |
|    time_elapsed         | 557           |
|    total_timesteps      | 313344        |
| train/                  |               |
|    approx_kl            | 0.00021427148 |
|    clip_fraction        | 0.00293       |
|    clip_range           | 0.2           |
|    entropy_loss         | -0.026        |
|    explained_variance   | 0.372         |
|    learning_rate        | 0.0003        |
|    loss                 | 0.00228       |
|    n_updates            | 2030          |
|    policy_gradient_loss | -0.000274     |
|    value_loss           | 0.0103        |
-------------------------------------------
-------------------------------------------
| time/                   |               |
|    fps                  | 562           |
|    iterations           | 205           |
|    time_elapsed         | 559           |
|    total_timesteps      | 314880        |
| train/                  |               |
|    approx_kl            | 8.5055246e-05 |
|    clip_fraction        | 0.00143       |
|    clip_range           | 0.2           |
|    entropy_loss         | -0.0238       |
|    explained_variance   | 0.48          |
|    learning_rate        | 0.0003        |
|    loss                 | 0.00153       |
|    n_updates            | 2040          |
|    policy_gradient_loss | -0.000199     |
|    value_loss           | 0.00361       |
-------------------------------------------
  step  315000/500000 ( 63.0%)  mean_rew=-0.001
------------------------------------------
| time/                   |              |
|    fps                  | 562          |
|    iterations           | 206          |
|    time_elapsed         | 562          |
|    total_timesteps      | 316416       |
| train/                  |              |
|    approx_kl            | 4.232993e-05 |
|    clip_fraction        | 0            |
|    clip_range           | 0.2          |
|    entropy_loss         | -0.0214      |
|    explained_variance   | 0.467        |
|    learning_rate        | 0.0003       |
|    loss                 | 0.00315      |
|    n_updates            | 2050         |
|    policy_gradient_loss | -3.74e-05    |
|    value_loss           | 0.00681      |
------------------------------------------
------------------------------------------
| time/                   |              |
|    fps                  | 563          |
|    iterations           | 207          |
|    time_elapsed         | 564          |
|    total_timesteps      | 317952       |
| train/                  |              |
|    approx_kl            | 4.867639e-05 |
|    clip_fraction        | 0.000586     |
|    clip_range           | 0.2          |
|    entropy_loss         | -0.0179      |
|    explained_variance   | 0.484        |
|    learning_rate        | 0.0003       |
|    loss                 | 0.00182      |
|    n_updates            | 2060         |
|    policy_gradient_loss | -0.000156    |
|    value_loss           | 0.0049       |
------------------------------------------
------------------------------------------
| time/                   |              |
|    fps                  | 564          |
|    iterations           | 208          |
|    time_elapsed         | 566          |
|    total_timesteps      | 319488       |
| train/                  |              |
|    approx_kl            | 7.245969e-05 |
|    clip_fraction        | 0.00169      |
|    clip_range           | 0.2          |
|    entropy_loss         | -0.0145      |
|    explained_variance   | 0.549        |
|    learning_rate        | 0.0003       |
|    loss                 | 0.000655     |
|    n_updates            | 2070         |
|    policy_gradient_loss | -0.000183    |
|    value_loss           | 0.0024       |
------------------------------------------
-------------------------------------------
| time/                   |               |
|    fps                  | 564           |
|    iterations           | 209           |
|    time_elapsed         | 568           |
|    total_timesteps      | 321024        |
| train/                  |               |
|    approx_kl            | 5.1981653e-05 |
|    clip_fraction        | 0.00143       |
|    clip_range           | 0.2           |
|    entropy_loss         | -0.0149       |
|    explained_variance   | 0.566         |
|    learning_rate        | 0.0003        |
|    loss                 | 0.00256       |
|    n_updates            | 2080          |
|    policy_gradient_loss | -0.000281     |
|    value_loss           | 0.00512       |
-------------------------------------------
------------------------------------------
| time/                   |              |
|    fps                  | 564          |
|    iterations           | 210          |
|    time_elapsed         | 570          |
|    total_timesteps      | 322560       |
| train/                  |              |
|    approx_kl            | 3.555355e-05 |
|    clip_fraction        | 0.00111      |
|    clip_range           | 0.2          |
|    entropy_loss         | -0.0167      |
|    explained_variance   | 0.544        |
|    learning_rate        | 0.0003       |
|    loss                 | 0.00273      |
|    n_updates            | 2090         |
|    policy_gradient_loss | -9.3e-05     |
|    value_loss           | 0.00549      |
------------------------------------------
-------------------------------------------
| time/                   |               |
|    fps                  | 565           |
|    iterations           | 211           |
|    time_elapsed         | 572           |
|    total_timesteps      | 324096        |
| train/                  |               |
|    approx_kl            | 2.2600482e-06 |
|    clip_fraction        | 0             |
|    clip_range           | 0.2           |
|    entropy_loss         | -0.0162       |
|    explained_variance   | 0.597         |
|    learning_rate        | 0.0003        |
|    loss                 | 0.00144       |
|    n_updates            | 2100          |
|    policy_gradient_loss | 1.19e-05      |
|    value_loss           | 0.00418       |
-------------------------------------------
-------------------------------------------
| time/                   |               |
|    fps                  | 566           |
|    iterations           | 212           |
|    time_elapsed         | 575           |
|    total_timesteps      | 325632        |
| train/                  |               |
|    approx_kl            | 0.00022731345 |
|    clip_fraction        | 0.00254       |
|    clip_range           | 0.2           |
|    entropy_loss         | -0.0131       |
|    explained_variance   | 0.736         |
|    learning_rate        | 0.0003        |
|    loss                 | 0.000296      |
|    n_updates            | 2110          |
|    policy_gradient_loss | -0.000349     |
|    value_loss           | 0.00162       |
-------------------------------------------
-------------------------------------------
| time/                   |               |
|    fps                  | 566           |
|    iterations           | 213           |
|    time_elapsed         | 577           |
|    total_timesteps      | 327168        |
| train/                  |               |
|    approx_kl            | 2.8891566e-06 |
|    clip_fraction        | 0             |
|    clip_range           | 0.2           |
|    entropy_loss         | -0.0126       |
|    explained_variance   | 0.692         |
|    learning_rate        | 0.0003        |
|    loss                 | 0.001         |
|    n_updates            | 2120          |
|    policy_gradient_loss | -6.26e-06     |
|    value_loss           | 0.00306       |
-------------------------------------------
------------------------------------------
| time/                   |              |
|    fps                  | 567          |
|    iterations           | 214          |
|    time_elapsed         | 579          |
|    total_timesteps      | 328704       |
| train/                  |              |
|    approx_kl            | 2.734499e-05 |
|    clip_fraction        | 0.000391     |
|    clip_range           | 0.2          |
|    entropy_loss         | -0.011       |
|    explained_variance   | 0.692        |
|    learning_rate        | 0.0003       |
|    loss                 | 0.00191      |
|    n_updates            | 2130         |
|    policy_gradient_loss | -8.29e-05    |
|    value_loss           | 0.00318      |
------------------------------------------
  step  330000/500000 ( 66.0%)  mean_rew=-0.006
-------------------------------------------
| time/                   |               |
|    fps                  | 567           |
|    iterations           | 215           |
|    time_elapsed         | 582           |
|    total_timesteps      | 330240        |
| train/                  |               |
|    approx_kl            | 0.00011709608 |
|    clip_fraction        | 0.0015        |
|    clip_range           | 0.2           |
|    entropy_loss         | -0.00917      |
|    explained_variance   | 0.794         |
|    learning_rate        | 0.0003        |
|    loss                 | 0.000676      |
|    n_updates            | 2140          |
|    policy_gradient_loss | -0.000354     |
|    value_loss           | 0.00113       |
-------------------------------------------
-----------------------------------------
| time/                   |             |
|    fps                  | 567         |
|    iterations           | 216         |
|    time_elapsed         | 584         |
|    total_timesteps      | 331776      |
| train/                  |             |
|    approx_kl            | 0.003648965 |
|    clip_fraction        | 0.00397     |
|    clip_range           | 0.2         |
|    entropy_loss         | -0.0326     |
|    explained_variance   | 0.946       |
|    learning_rate        | 0.0003      |
|    loss                 | -0.00287    |
|    n_updates            | 2150        |
|    policy_gradient_loss | -0.00491    |
|    value_loss           | 0.0141      |
-----------------------------------------
-------------------------------------------
| time/                   |               |
|    fps                  | 567           |
|    iterations           | 217           |
|    time_elapsed         | 586           |
|    total_timesteps      | 333312        |
| train/                  |               |
|    approx_kl            | 0.00094615394 |
|    clip_fraction        | 0.0171        |
|    clip_range           | 0.2           |
|    entropy_loss         | -0.114        |
|    explained_variance   | 0.896         |
|    learning_rate        | 0.0003        |
|    loss                 | 0.0261        |
|    n_updates            | 2160          |
|    policy_gradient_loss | 0.00201       |
|    value_loss           | 0.138         |
-------------------------------------------
-------------------------------------------
| time/                   |               |
|    fps                  | 568           |
|    iterations           | 218           |
|    time_elapsed         | 589           |
|    total_timesteps      | 334848        |
| train/                  |               |
|    approx_kl            | 0.00038395778 |
|    clip_fraction        | 0.00612       |
|    clip_range           | 0.2           |
|    entropy_loss         | -0.0771       |
|    explained_variance   | 0.475         |
|    learning_rate        | 0.0003        |
|    loss                 | -0.00186      |
|    n_updates            | 2170          |
|    policy_gradient_loss | -0.000464     |
|    value_loss           | 0.00219       |
-------------------------------------------
-------------------------------------------
| time/                   |               |
|    fps                  | 566           |
|    iterations           | 219           |
|    time_elapsed         | 593           |
|    total_timesteps      | 336384        |
| train/                  |               |
|    approx_kl            | 0.00029442468 |
|    clip_fraction        | 0.00742       |
|    clip_range           | 0.2           |
|    entropy_loss         | -0.0653       |
|    explained_variance   | 0.556         |
|    learning_rate        | 0.0003        |
|    loss                 | 0.00042       |
|    n_updates            | 2180          |
|    policy_gradient_loss | -0.000434     |
|    value_loss           | 0.00302       |
-------------------------------------------
------------------------------------------
| time/                   |              |
|    fps                  | 564          |
|    iterations           | 220          |
|    time_elapsed         | 598          |
|    total_timesteps      | 337920       |
| train/                  |              |
|    approx_kl            | 0.0039549484 |
|    clip_fraction        | 0.0477       |
|    clip_range           | 0.2          |
|    entropy_loss         | -0.17        |
|    explained_variance   | 0.938        |
|    learning_rate        | 0.0003       |
|    loss                 | 0.0635       |
|    n_updates            | 2190         |
|    policy_gradient_loss | -0.00268     |
|    value_loss           | 0.161        |
------------------------------------------
------------------------------------------
| time/                   |              |
|    fps                  | 564          |
|    iterations           | 221          |
|    time_elapsed         | 601          |
|    total_timesteps      | 339456       |
| train/                  |              |
|    approx_kl            | 0.0019672588 |
|    clip_fraction        | 0.0137       |
|    clip_range           | 0.2          |
|    entropy_loss         | -0.166       |
|    explained_variance   | 0.913        |
|    learning_rate        | 0.0003       |
|    loss                 | 0.433        |
|    n_updates            | 2200         |
|    policy_gradient_loss | -0.00175     |
|    value_loss           | 0.643        |
------------------------------------------
------------------------------------------
| time/                   |              |
|    fps                  | 564          |
|    iterations           | 222          |
|    time_elapsed         | 603          |
|    total_timesteps      | 340992       |
| train/                  |              |
|    approx_kl            | 0.0009336463 |
|    clip_fraction        | 0.00931      |
|    clip_range           | 0.2          |
|    entropy_loss         | -0.121       |
|    explained_variance   | 0.937        |
|    learning_rate        | 0.0003       |
|    loss                 | 0.0469       |
|    n_updates            | 2210         |
|    policy_gradient_loss | -0.00267     |
|    value_loss           | 0.227        |
------------------------------------------
-------------------------------------------
| time/                   |               |
|    fps                  | 564           |
|    iterations           | 223           |
|    time_elapsed         | 606           |
|    total_timesteps      | 342528        |
| train/                  |               |
|    approx_kl            | 0.00075092196 |
|    clip_fraction        | 0.0131        |
|    clip_range           | 0.2           |
|    entropy_loss         | -0.111        |
|    explained_variance   | 0.968         |
|    learning_rate        | 0.0003        |
|    loss                 | 0.033         |
|    n_updates            | 2220          |
|    policy_gradient_loss | -0.000717     |
|    value_loss           | 0.0572        |
-------------------------------------------
------------------------------------------
| time/                   |              |
|    fps                  | 565          |
|    iterations           | 224          |
|    time_elapsed         | 608          |
|    total_timesteps      | 344064       |
| train/                  |              |
|    approx_kl            | 0.0010838491 |
|    clip_fraction        | 0.0133       |
|    clip_range           | 0.2          |
|    entropy_loss         | -0.128       |
|    explained_variance   | 0.889        |
|    learning_rate        | 0.0003       |
|    loss                 | 0.0797       |
|    n_updates            | 2230         |
|    policy_gradient_loss | -0.00136     |
|    value_loss           | 0.231        |
------------------------------------------
  step  345000/500000 ( 69.0%)  mean_rew=-0.001
-------------------------------------------
| time/                   |               |
|    fps                  | 564           |
|    iterations           | 225           |
|    time_elapsed         | 611           |
|    total_timesteps      | 345600        |
| train/                  |               |
|    approx_kl            | 0.00067756866 |
|    clip_fraction        | 0.0056        |
|    clip_range           | 0.2           |
|    entropy_loss         | -0.0988       |
|    explained_variance   | 0.379         |
|    learning_rate        | 0.0003        |
|    loss                 | -0.00014      |
|    n_updates            | 2240          |
|    policy_gradient_loss | -0.00054      |
|    value_loss           | 0.00614       |
-------------------------------------------
------------------------------------------
| time/                   |              |
|    fps                  | 565          |
|    iterations           | 226          |
|    time_elapsed         | 614          |
|    total_timesteps      | 347136       |
| train/                  |              |
|    approx_kl            | 0.0019195065 |
|    clip_fraction        | 0.0134       |
|    clip_range           | 0.2          |
|    entropy_loss         | -0.136       |
|    explained_variance   | 0.936        |
|    learning_rate        | 0.0003       |
|    loss                 | 0.0623       |
|    n_updates            | 2250         |
|    policy_gradient_loss | -0.0018      |
|    value_loss           | 0.216        |
------------------------------------------
-------------------------------------------
| time/                   |               |
|    fps                  | 564           |
|    iterations           | 227           |
|    time_elapsed         | 617           |
|    total_timesteps      | 348672        |
| train/                  |               |
|    approx_kl            | 0.00025920387 |
|    clip_fraction        | 0.00879       |
|    clip_range           | 0.2           |
|    entropy_loss         | -0.107        |
|    explained_variance   | 0.734         |
|    learning_rate        | 0.0003        |
|    loss                 | 0.0146        |
|    n_updates            | 2260          |
|    policy_gradient_loss | -0.000438     |
|    value_loss           | 0.0219        |
-------------------------------------------
------------------------------------------
| time/                   |              |
|    fps                  | 565          |
|    iterations           | 228          |
|    time_elapsed         | 619          |
|    total_timesteps      | 350208       |
| train/                  |              |
|    approx_kl            | 0.0006068311 |
|    clip_fraction        | 0.00286      |
|    clip_range           | 0.2          |
|    entropy_loss         | -0.141       |
|    explained_variance   | 0.947        |
|    learning_rate        | 0.0003       |
|    loss                 | 0.038        |
|    n_updates            | 2270         |
|    policy_gradient_loss | -0.000286    |
|    value_loss           | 0.191        |
------------------------------------------
------------------------------------------
| time/                   |              |
|    fps                  | 565          |
|    iterations           | 229          |
|    time_elapsed         | 621          |
|    total_timesteps      | 351744       |
| train/                  |              |
|    approx_kl            | 0.0004989752 |
|    clip_fraction        | 0.0134       |
|    clip_range           | 0.2          |
|    entropy_loss         | -0.0876      |
|    explained_variance   | 0.328        |
|    learning_rate        | 0.0003       |
|    loss                 | 0.00203      |
|    n_updates            | 2280         |
|    policy_gradient_loss | -0.00143     |
|    value_loss           | 0.00498      |
------------------------------------------
-------------------------------------------
| time/                   |               |
|    fps                  | 566           |
|    iterations           | 230           |
|    time_elapsed         | 623           |
|    total_timesteps      | 353280        |
| train/                  |               |
|    approx_kl            | 0.00043461987 |
|    clip_fraction        | 0.00618       |
|    clip_range           | 0.2           |
|    entropy_loss         | -0.093        |
|    explained_variance   | 0.0379        |
|    learning_rate        | 0.0003        |
|    loss                 | 0.0033        |
|    n_updates            | 2290          |
|    policy_gradient_loss | -0.00039      |
|    value_loss           | 0.00855       |
-------------------------------------------
------------------------------------------
| time/                   |              |
|    fps                  | 566          |
|    iterations           | 231          |
|    time_elapsed         | 625          |
|    total_timesteps      | 354816       |
| train/                  |              |
|    approx_kl            | 0.0014237234 |
|    clip_fraction        | 0.0162       |
|    clip_range           | 0.2          |
|    entropy_loss         | -0.0712      |
|    explained_variance   | 0.37         |
|    learning_rate        | 0.0003       |
|    loss                 | 0.000903     |
|    n_updates            | 2300         |
|    policy_gradient_loss | -0.00163     |
|    value_loss           | 0.0064       |
------------------------------------------
------------------------------------------
| time/                   |              |
|    fps                  | 566          |
|    iterations           | 232          |
|    time_elapsed         | 629          |
|    total_timesteps      | 356352       |
| train/                  |              |
|    approx_kl            | 0.0003948471 |
|    clip_fraction        | 0.00749      |
|    clip_range           | 0.2          |
|    entropy_loss         | -0.0581      |
|    explained_variance   | 0.365        |
|    learning_rate        | 0.0003       |
|    loss                 | 0.00279      |
|    n_updates            | 2310         |
|    policy_gradient_loss | -0.000764    |
|    value_loss           | 0.00311      |
------------------------------------------
-----------------------------------------
| time/                   |             |
|    fps                  | 566         |
|    iterations           | 233         |
|    time_elapsed         | 631         |
|    total_timesteps      | 357888      |
| train/                  |             |
|    approx_kl            | 0.010360141 |
|    clip_fraction        | 0.031       |
|    clip_range           | 0.2         |
|    entropy_loss         | -0.15       |
|    explained_variance   | 0.966       |
|    learning_rate        | 0.0003      |
|    loss                 | -0.0148     |
|    n_updates            | 2320        |
|    policy_gradient_loss | -0.0183     |
|    value_loss           | 0.0605      |
-----------------------------------------
------------------------------------------
| time/                   |              |
|    fps                  | 567          |
|    iterations           | 234          |
|    time_elapsed         | 633          |
|    total_timesteps      | 359424       |
| train/                  |              |
|    approx_kl            | 0.0005163381 |
|    clip_fraction        | 0.00586      |
|    clip_range           | 0.2          |
|    entropy_loss         | -0.103       |
|    explained_variance   | -0.862       |
|    learning_rate        | 0.0003       |
|    loss                 | -0.0117      |
|    n_updates            | 2330         |
|    policy_gradient_loss | -0.00139     |
|    value_loss           | 0.0755       |
------------------------------------------
  step  360000/500000 ( 72.0%)  mean_rew=-0.001
-------------------------------------------
| time/                   |               |
|    fps                  | 567           |
|    iterations           | 235           |
|    time_elapsed         | 635           |
|    total_timesteps      | 360960        |
| train/                  |               |
|    approx_kl            | 0.00043369015 |
|    clip_fraction        | 0.0106        |
|    clip_range           | 0.2           |
|    entropy_loss         | -0.0961       |
|    explained_variance   | 0.0469        |
|    learning_rate        | 0.0003        |
|    loss                 | 0.000352      |
|    n_updates            | 2340          |
|    policy_gradient_loss | -0.00092      |
|    value_loss           | 0.00594       |
-------------------------------------------
------------------------------------------
| time/                   |              |
|    fps                  | 567          |
|    iterations           | 236          |
|    time_elapsed         | 638          |
|    total_timesteps      | 362496       |
| train/                  |              |
|    approx_kl            | 0.0005626155 |
|    clip_fraction        | 0.0143       |
|    clip_range           | 0.2          |
|    entropy_loss         | -0.0771      |
|    explained_variance   | 0.277        |
|    learning_rate        | 0.0003       |
|    loss                 | 0.00132      |
|    n_updates            | 2350         |
|    policy_gradient_loss | -0.00171     |
|    value_loss           | 0.00274      |
------------------------------------------
------------------------------------------
| time/                   |              |
|    fps                  | 567          |
|    iterations           | 237          |
|    time_elapsed         | 641          |
|    total_timesteps      | 364032       |
| train/                  |              |
|    approx_kl            | 0.0011472703 |
|    clip_fraction        | 0.00905      |
|    clip_range           | 0.2          |
|    entropy_loss         | -0.087       |
|    explained_variance   | 0.964        |
|    learning_rate        | 0.0003       |
|    loss                 | 0.00564      |
|    n_updates            | 2360         |
|    policy_gradient_loss | -0.00112     |
|    value_loss           | 0.0202       |
------------------------------------------
------------------------------------------
| time/                   |              |
|    fps                  | 568          |
|    iterations           | 238          |
|    time_elapsed         | 643          |
|    total_timesteps      | 365568       |
| train/                  |              |
|    approx_kl            | 0.0006853035 |
|    clip_fraction        | 0.00996      |
|    clip_range           | 0.2          |
|    entropy_loss         | -0.134       |
|    explained_variance   | 0.919        |
|    learning_rate        | 0.0003       |
|    loss                 | 0.00468      |
|    n_updates            | 2370         |
|    policy_gradient_loss | -0.000888    |
|    value_loss           | 0.0863       |
------------------------------------------
-------------------------------------------
| time/                   |               |
|    fps                  | 568           |
|    iterations           | 239           |
|    time_elapsed         | 645           |
|    total_timesteps      | 367104        |
| train/                  |               |
|    approx_kl            | 0.00041940014 |
|    clip_fraction        | 0.00736       |
|    clip_range           | 0.2           |
|    entropy_loss         | -0.0788       |
|    explained_variance   | 0.236         |
|    learning_rate        | 0.0003        |
|    loss                 | 0.00604       |
|    n_updates            | 2380          |
|    policy_gradient_loss | -0.000458     |
|    value_loss           | 0.00207       |
-------------------------------------------
-------------------------------------------
| time/                   |               |
|    fps                  | 567           |
|    iterations           | 240           |
|    time_elapsed         | 649           |
|    total_timesteps      | 368640        |
| train/                  |               |
|    approx_kl            | 0.00041211475 |
|    clip_fraction        | 0.0102        |
|    clip_range           | 0.2           |
|    entropy_loss         | -0.0641       |
|    explained_variance   | 0.514         |
|    learning_rate        | 0.0003        |
|    loss                 | -0.00314      |
|    n_updates            | 2390          |
|    policy_gradient_loss | -0.00114      |
|    value_loss           | 0.00266       |
-------------------------------------------
------------------------------------------
| time/                   |              |
|    fps                  | 565          |
|    iterations           | 241          |
|    time_elapsed         | 654          |
|    total_timesteps      | 370176       |
| train/                  |              |
|    approx_kl            | 0.0009030141 |
|    clip_fraction        | 0.00781      |
|    clip_range           | 0.2          |
|    entropy_loss         | -0.14        |
|    explained_variance   | 0.927        |
|    learning_rate        | 0.0003       |
|    loss                 | 0.0208       |
|    n_updates            | 2400         |
|    policy_gradient_loss | -0.000995    |
|    value_loss           | 0.16         |
------------------------------------------
----------------------------------------
| time/                   |            |
|    fps                  | 566        |
|    iterations           | 242        |
|    time_elapsed         | 656        |
|    total_timesteps      | 371712     |
| train/                  |            |
|    approx_kl            | 0.00455895 |
|    clip_fraction        | 0.0227     |
|    clip_range           | 0.2        |
|    entropy_loss         | -0.157     |
|    explained_variance   | 0.914      |
|    learning_rate        | 0.0003     |
|    loss                 | 0.192      |
|    n_updates            | 2410       |
|    policy_gradient_loss | -0.00404   |
|    value_loss           | 0.578      |
----------------------------------------
-------------------------------------------
| time/                   |               |
|    fps                  | 566           |
|    iterations           | 243           |
|    time_elapsed         | 659           |
|    total_timesteps      | 373248        |
| train/                  |               |
|    approx_kl            | 0.00012763287 |
|    clip_fraction        | 0             |
|    clip_range           | 0.2           |
|    entropy_loss         | -0.088        |
|    explained_variance   | 0.606         |
|    learning_rate        | 0.0003        |
|    loss                 | 0.00356       |
|    n_updates            | 2420          |
|    policy_gradient_loss | 5.34e-05      |
|    value_loss           | 0.00857       |
-------------------------------------------
-------------------------------------------
| time/                   |               |
|    fps                  | 566           |
|    iterations           | 244           |
|    time_elapsed         | 662           |
|    total_timesteps      | 374784        |
| train/                  |               |
|    approx_kl            | 0.00046462542 |
|    clip_fraction        | 0.00775       |
|    clip_range           | 0.2           |
|    entropy_loss         | -0.0776       |
|    explained_variance   | 0.958         |
|    learning_rate        | 0.0003        |
|    loss                 | 0.0123        |
|    n_updates            | 2430          |
|    policy_gradient_loss | -0.000567     |
|    value_loss           | 0.035         |
-------------------------------------------
  step  375000/500000 ( 75.0%)  mean_rew=-0.001
-------------------------------------------
| time/                   |               |
|    fps                  | 566           |
|    iterations           | 245           |
|    time_elapsed         | 664           |
|    total_timesteps      | 376320        |
| train/                  |               |
|    approx_kl            | 0.00045258284 |
|    clip_fraction        | 0.00521       |
|    clip_range           | 0.2           |
|    entropy_loss         | -0.1          |
|    explained_variance   | 0.933         |
|    learning_rate        | 0.0003        |
|    loss                 | 0.0852        |
|    n_updates            | 2440          |
|    policy_gradient_loss | -0.000932     |
|    value_loss           | 0.188         |
-------------------------------------------
-------------------------------------------
| time/                   |               |
|    fps                  | 567           |
|    iterations           | 246           |
|    time_elapsed         | 666           |
|    total_timesteps      | 377856        |
| train/                  |               |
|    approx_kl            | 0.00037575766 |
|    clip_fraction        | 0.0102        |
|    clip_range           | 0.2           |
|    entropy_loss         | -0.0559       |
|    explained_variance   | 0.521         |
|    learning_rate        | 0.0003        |
|    loss                 | 0.00302       |
|    n_updates            | 2450          |
|    policy_gradient_loss | -0.00104      |
|    value_loss           | 0.0054        |
-------------------------------------------
-------------------------------------------
| time/                   |               |
|    fps                  | 567           |
|    iterations           | 247           |
|    time_elapsed         | 668           |
|    total_timesteps      | 379392        |
| train/                  |               |
|    approx_kl            | 0.00029924497 |
|    clip_fraction        | 0.00592       |
|    clip_range           | 0.2           |
|    entropy_loss         | -0.0473       |
|    explained_variance   | 0.636         |
|    learning_rate        | 0.0003        |
|    loss                 | 0.000589      |
|    n_updates            | 2460          |
|    policy_gradient_loss | -0.00065      |
|    value_loss           | 0.00436       |
-------------------------------------------
-------------------------------------------
| time/                   |               |
|    fps                  | 566           |
|    iterations           | 248           |
|    time_elapsed         | 672           |
|    total_timesteps      | 380928        |
| train/                  |               |
|    approx_kl            | 0.00011785247 |
|    clip_fraction        | 0.00143       |
|    clip_range           | 0.2           |
|    entropy_loss         | -0.0515       |
|    explained_variance   | 0.592         |
|    learning_rate        | 0.0003        |
|    loss                 | 0.0174        |
|    n_updates            | 2470          |
|    policy_gradient_loss | -0.00016      |
|    value_loss           | 0.027         |
-------------------------------------------
-----------------------------------------
| time/                   |             |
|    fps                  | 567         |
|    iterations           | 249         |
|    time_elapsed         | 674         |
|    total_timesteps      | 382464      |
| train/                  |             |
|    approx_kl            | 0.003017334 |
|    clip_fraction        | 0.0311      |
|    clip_range           | 0.2         |
|    entropy_loss         | -0.138      |
|    explained_variance   | 0.946       |
|    learning_rate        | 0.0003      |
|    loss                 | 0.0429      |
|    n_updates            | 2480        |
|    policy_gradient_loss | -0.00559    |
|    value_loss           | 0.226       |
-----------------------------------------
------------------------------------------
| time/                   |              |
|    fps                  | 567          |
|    iterations           | 250          |
|    time_elapsed         | 676          |
|    total_timesteps      | 384000       |
| train/                  |              |
|    approx_kl            | 0.0002242204 |
|    clip_fraction        | 0.00286      |
|    clip_range           | 0.2          |
|    entropy_loss         | -0.0607      |
|    explained_variance   | 0.396        |
|    learning_rate        | 0.0003       |
|    loss                 | 0.00215      |
|    n_updates            | 2490         |
|    policy_gradient_loss | -0.000349    |
|    value_loss           | 0.00405      |
------------------------------------------
-------------------------------------------
| time/                   |               |
|    fps                  | 567           |
|    iterations           | 251           |
|    time_elapsed         | 679           |
|    total_timesteps      | 385536        |
| train/                  |               |
|    approx_kl            | 0.00020755785 |
|    clip_fraction        | 0.00436       |
|    clip_range           | 0.2           |
|    entropy_loss         | -0.0699       |
|    explained_variance   | 0.923         |
|    learning_rate        | 0.0003        |
|    loss                 | 0.032         |
|    n_updates            | 2500          |
|    policy_gradient_loss | -0.000142     |
|    value_loss           | 0.0504        |
-------------------------------------------
-------------------------------------------
| time/                   |               |
|    fps                  | 567           |
|    iterations           | 252           |
|    time_elapsed         | 681           |
|    total_timesteps      | 387072        |
| train/                  |               |
|    approx_kl            | 0.00065719086 |
|    clip_fraction        | 0.00547       |
|    clip_range           | 0.2           |
|    entropy_loss         | -0.104        |
|    explained_variance   | 0.944         |
|    learning_rate        | 0.0003        |
|    loss                 | 0.0416        |
|    n_updates            | 2510          |
|    policy_gradient_loss | -0.000441     |
|    value_loss           | 0.196         |
-------------------------------------------
-------------------------------------------
| time/                   |               |
|    fps                  | 568           |
|    iterations           | 253           |
|    time_elapsed         | 683           |
|    total_timesteps      | 388608        |
| train/                  |               |
|    approx_kl            | 0.00013972935 |
|    clip_fraction        | 0.000716      |
|    clip_range           | 0.2           |
|    entropy_loss         | -0.0594       |
|    explained_variance   | 0.255         |
|    learning_rate        | 0.0003        |
|    loss                 | 0.00175       |
|    n_updates            | 2520          |
|    policy_gradient_loss | -6.27e-05     |
|    value_loss           | 0.00361       |
-------------------------------------------
  step  390000/500000 ( 78.0%)  mean_rew=-0.002
------------------------------------------
| time/                   |              |
|    fps                  | 568          |
|    iterations           | 254          |
|    time_elapsed         | 686          |
|    total_timesteps      | 390144       |
| train/                  |              |
|    approx_kl            | 0.0005228578 |
|    clip_fraction        | 0.00573      |
|    clip_range           | 0.2          |
|    entropy_loss         | -0.0473      |
|    explained_variance   | 0.279        |
|    learning_rate        | 0.0003       |
|    loss                 | 0.0021       |
|    n_updates            | 2530         |
|    policy_gradient_loss | -0.000392    |
|    value_loss           | 0.00595      |
------------------------------------------
-------------------------------------------
| time/                   |               |
|    fps                  | 568           |
|    iterations           | 255           |
|    time_elapsed         | 689           |
|    total_timesteps      | 391680        |
| train/                  |               |
|    approx_kl            | 0.00027197556 |
|    clip_fraction        | 0.00456       |
|    clip_range           | 0.2           |
|    entropy_loss         | -0.0364       |
|    explained_variance   | 0.275         |
|    learning_rate        | 0.0003        |
|    loss                 | 0.00374       |
|    n_updates            | 2540          |
|    policy_gradient_loss | -0.000388     |
|    value_loss           | 0.00697       |
-------------------------------------------
-------------------------------------------
| time/                   |               |
|    fps                  | 567           |
|    iterations           | 256           |
|    time_elapsed         | 692           |
|    total_timesteps      | 393216        |
| train/                  |               |
|    approx_kl            | 6.6516455e-05 |
|    clip_fraction        | 0.00176       |
|    clip_range           | 0.2           |
|    entropy_loss         | -0.0595       |
|    explained_variance   | 0.944         |
|    learning_rate        | 0.0003        |
|    loss                 | 0.042         |
|    n_updates            | 2550          |
|    policy_gradient_loss | 5.35e-05      |
|    value_loss           | 0.209         |
-------------------------------------------
------------------------------------------
| time/                   |              |
|    fps                  | 568          |
|    iterations           | 257          |
|    time_elapsed         | 694          |
|    total_timesteps      | 394752       |
| train/                  |              |
|    approx_kl            | 0.0003934943 |
|    clip_fraction        | 0.00697      |
|    clip_range           | 0.2          |
|    entropy_loss         | -0.0524      |
|    explained_variance   | 0.949        |
|    learning_rate        | 0.0003       |
|    loss                 | 0.0405       |
|    n_updates            | 2560         |
|    policy_gradient_loss | -0.000642    |
|    value_loss           | 0.194        |
------------------------------------------
-------------------------------------------
| time/                   |               |
|    fps                  | 568           |
|    iterations           | 258           |
|    time_elapsed         | 696           |
|    total_timesteps      | 396288        |
| train/                  |               |
|    approx_kl            | 2.0568414e-05 |
|    clip_fraction        | 0.000456      |
|    clip_range           | 0.2           |
|    entropy_loss         | -0.0292       |
|    explained_variance   | 0.199         |
|    learning_rate        | 0.0003        |
|    loss                 | 0.00243       |
|    n_updates            | 2570          |
|    policy_gradient_loss | -3.24e-05     |
|    value_loss           | 0.00946       |
-------------------------------------------
--------------------------------------------
| time/                   |                |
|    fps                  | 568            |
|    iterations           | 259            |
|    time_elapsed         | 700            |
|    total_timesteps      | 397824         |
| train/                  |                |
|    approx_kl            | 0.000113832764 |
|    clip_fraction        | 0.00352        |
|    clip_range           | 0.2            |
|    entropy_loss         | -0.0311        |
|    explained_variance   | 0.205          |
|    learning_rate        | 0.0003         |
|    loss                 | 0.00886        |
|    n_updates            | 2580           |
|    policy_gradient_loss | -0.000562      |
|    value_loss           | 0.0135         |
--------------------------------------------
------------------------------------------
| time/                   |              |
|    fps                  | 568          |
|    iterations           | 260          |
|    time_elapsed         | 702          |
|    total_timesteps      | 399360       |
| train/                  |              |
|    approx_kl            | 0.0007814278 |
|    clip_fraction        | 0.0137       |
|    clip_range           | 0.2          |
|    entropy_loss         | -0.0775      |
|    explained_variance   | 0.945        |
|    learning_rate        | 0.0003       |
|    loss                 | 0.117        |
|    n_updates            | 2590         |
|    policy_gradient_loss | -0.00232     |
|    value_loss           | 0.263        |
------------------------------------------
------------------------------------------
| time/                   |              |
|    fps                  | 568          |
|    iterations           | 261          |
|    time_elapsed         | 704          |
|    total_timesteps      | 400896       |
| train/                  |              |
|    approx_kl            | 2.623788e-05 |
|    clip_fraction        | 0.000781     |
|    clip_range           | 0.2          |
|    entropy_loss         | -0.0243      |
|    explained_variance   | 0.33         |
|    learning_rate        | 0.0003       |
|    loss                 | 0.00515      |
|    n_updates            | 2600         |
|    policy_gradient_loss | -0.00018     |
|    value_loss           | 0.0101       |
------------------------------------------
--------------------------------------------
| time/                   |                |
|    fps                  | 568            |
|    iterations           | 262            |
|    time_elapsed         | 707            |
|    total_timesteps      | 402432         |
| train/                  |                |
|    approx_kl            | 0.000106064566 |
|    clip_fraction        | 0.000977       |
|    clip_range           | 0.2            |
|    entropy_loss         | -0.0222        |
|    explained_variance   | 0.307          |
|    learning_rate        | 0.0003         |
|    loss                 | 0.00195        |
|    n_updates            | 2610           |
|    policy_gradient_loss | -6.23e-05      |
|    value_loss           | 0.00621        |
--------------------------------------------
-------------------------------------------
| time/                   |               |
|    fps                  | 569           |
|    iterations           | 263           |
|    time_elapsed         | 709           |
|    total_timesteps      | 403968        |
| train/                  |               |
|    approx_kl            | 0.00048022697 |
|    clip_fraction        | 0.00358       |
|    clip_range           | 0.2           |
|    entropy_loss         | -0.0474       |
|    explained_variance   | 0.944         |
|    learning_rate        | 0.0003        |
|    loss                 | 0.137         |
|    n_updates            | 2620          |
|    policy_gradient_loss | -0.000509     |
|    value_loss           | 0.223         |
-------------------------------------------
  step  405000/500000 ( 81.0%)  mean_rew=-0.001
------------------------------------------
| time/                   |              |
|    fps                  | 569          |
|    iterations           | 264          |
|    time_elapsed         | 712          |
|    total_timesteps      | 405504       |
| train/                  |              |
|    approx_kl            | 7.092425e-05 |
|    clip_fraction        | 0.00189      |
|    clip_range           | 0.2          |
|    entropy_loss         | -0.0195      |
|    explained_variance   | 0.557        |
|    learning_rate        | 0.0003       |
|    loss                 | 0.00125      |
|    n_updates            | 2630         |
|    policy_gradient_loss | -3.69e-05    |
|    value_loss           | 0.00444      |
------------------------------------------
-------------------------------------------
| time/                   |               |
|    fps                  | 569           |
|    iterations           | 265           |
|    time_elapsed         | 715           |
|    total_timesteps      | 407040        |
| train/                  |               |
|    approx_kl            | 1.8424433e-05 |
|    clip_fraction        | 0             |
|    clip_range           | 0.2           |
|    entropy_loss         | -0.0196       |
|    explained_variance   | 0.846         |
|    learning_rate        | 0.0003        |
|    loss                 | 0.00853       |
|    n_updates            | 2640          |
|    policy_gradient_loss | -1.13e-05     |
|    value_loss           | 0.0375        |
-------------------------------------------
--------------------------------------------
| time/                   |                |
|    fps                  | 569            |
|    iterations           | 266            |
|    time_elapsed         | 717            |
|    total_timesteps      | 408576         |
| train/                  |                |
|    approx_kl            | 0.000115648065 |
|    clip_fraction        | 0.00579        |
|    clip_range           | 0.2            |
|    entropy_loss         | -0.0373        |
|    explained_variance   | 0.955          |
|    learning_rate        | 0.0003         |
|    loss                 | 0.145          |
|    n_updates            | 2650           |
|    policy_gradient_loss | -0.000493      |
|    value_loss           | 0.173          |
--------------------------------------------
-------------------------------------------
| time/                   |               |
|    fps                  | 567           |
|    iterations           | 267           |
|    time_elapsed         | 723           |
|    total_timesteps      | 410112        |
| train/                  |               |
|    approx_kl            | 0.00029461377 |
|    clip_fraction        | 0.00332       |
|    clip_range           | 0.2           |
|    entropy_loss         | -0.0201       |
|    explained_variance   | 0.499         |
|    learning_rate        | 0.0003        |
|    loss                 | 0.00154       |
|    n_updates            | 2660          |
|    policy_gradient_loss | -0.000501     |
|    value_loss           | 0.00295       |
-------------------------------------------
-----------------------------------------
| time/                   |             |
|    fps                  | 566         |
|    iterations           | 268         |
|    time_elapsed         | 726         |
|    total_timesteps      | 411648      |
| train/                  |             |
|    approx_kl            | 0.024123462 |
|    clip_fraction        | 0.0352      |
|    clip_range           | 0.2         |
|    entropy_loss         | -0.102      |
|    explained_variance   | 0.969       |
|    learning_rate        | 0.0003      |
|    loss                 | 0.0795      |
|    n_updates            | 2670        |
|    policy_gradient_loss | -0.00819    |
|    value_loss           | 0.213       |
-----------------------------------------
-------------------------------------------
| time/                   |               |
|    fps                  | 567           |
|    iterations           | 269           |
|    time_elapsed         | 728           |
|    total_timesteps      | 413184        |
| train/                  |               |
|    approx_kl            | 0.00018777193 |
|    clip_fraction        | 0.00651       |
|    clip_range           | 0.2           |
|    entropy_loss         | -0.117        |
|    explained_variance   | 0.859         |
|    learning_rate        | 0.0003        |
|    loss                 | 0.279         |
|    n_updates            | 2680          |
|    policy_gradient_loss | -0.00184      |
|    value_loss           | 0.605         |
-------------------------------------------
-------------------------------------------
| time/                   |               |
|    fps                  | 566           |
|    iterations           | 270           |
|    time_elapsed         | 731           |
|    total_timesteps      | 414720        |
| train/                  |               |
|    approx_kl            | 0.00019479047 |
|    clip_fraction        | 0.00534       |
|    clip_range           | 0.2           |
|    entropy_loss         | -0.068        |
|    explained_variance   | 0.431         |
|    learning_rate        | 0.0003        |
|    loss                 | 0.00227       |
|    n_updates            | 2690          |
|    policy_gradient_loss | -0.000201     |
|    value_loss           | 0.0112        |
-------------------------------------------
------------------------------------------
| time/                   |              |
|    fps                  | 567          |
|    iterations           | 271          |
|    time_elapsed         | 734          |
|    total_timesteps      | 416256       |
| train/                  |              |
|    approx_kl            | 0.0007116818 |
|    clip_fraction        | 0.0126       |
|    clip_range           | 0.2          |
|    entropy_loss         | -0.123       |
|    explained_variance   | 0.947        |
|    learning_rate        | 0.0003       |
|    loss                 | 0.223        |
|    n_updates            | 2700         |
|    policy_gradient_loss | -0.000855    |
|    value_loss           | 0.19         |
------------------------------------------
-------------------------------------------
| time/                   |               |
|    fps                  | 567           |
|    iterations           | 272           |
|    time_elapsed         | 736           |
|    total_timesteps      | 417792        |
| train/                  |               |
|    approx_kl            | 0.00032020998 |
|    clip_fraction        | 0.00859       |
|    clip_range           | 0.2           |
|    entropy_loss         | -0.0619       |
|    explained_variance   | 0.177         |
|    learning_rate        | 0.0003        |
|    loss                 | 0.00856       |
|    n_updates            | 2710          |
|    policy_gradient_loss | -0.000608     |
|    value_loss           | 0.0171        |
-------------------------------------------
-------------------------------------------
| time/                   |               |
|    fps                  | 566           |
|    iterations           | 273           |
|    time_elapsed         | 739           |
|    total_timesteps      | 419328        |
| train/                  |               |
|    approx_kl            | 0.00025584103 |
|    clip_fraction        | 0.00273       |
|    clip_range           | 0.2           |
|    entropy_loss         | -0.0569       |
|    explained_variance   | 0.303         |
|    learning_rate        | 0.0003        |
|    loss                 | 0.0116        |
|    n_updates            | 2720          |
|    policy_gradient_loss | -7.95e-05     |
|    value_loss           | 0.00937       |
-------------------------------------------
  step  420000/500000 ( 84.0%)  mean_rew=-0.052
------------------------------------------
| time/                   |              |
|    fps                  | 564          |
|    iterations           | 274          |
|    time_elapsed         | 745          |
|    total_timesteps      | 420864       |
| train/                  |              |
|    approx_kl            | 0.0007518651 |
|    clip_fraction        | 0.0141       |
|    clip_range           | 0.2          |
|    entropy_loss         | -0.103       |
|    explained_variance   | 0.873        |
|    learning_rate        | 0.0003       |
|    loss                 | 0.143        |
|    n_updates            | 2730         |
|    policy_gradient_loss | -0.00224     |
|    value_loss           | 0.464        |
------------------------------------------
------------------------------------------
| time/                   |              |
|    fps                  | 563          |
|    iterations           | 275          |
|    time_elapsed         | 749          |
|    total_timesteps      | 422400       |
| train/                  |              |
|    approx_kl            | 0.0003706396 |
|    clip_fraction        | 0.00495      |
|    clip_range           | 0.2          |
|    entropy_loss         | -0.168       |
|    explained_variance   | 0.959        |
|    learning_rate        | 0.0003       |
|    loss                 | 0.104        |
|    n_updates            | 2740         |
|    policy_gradient_loss | -0.000225    |
|    value_loss           | 0.235        |
------------------------------------------
------------------------------------------
| time/                   |              |
|    fps                  | 563          |
|    iterations           | 276          |
|    time_elapsed         | 752          |
|    total_timesteps      | 423936       |
| train/                  |              |
|    approx_kl            | 0.0005099079 |
|    clip_fraction        | 0.00475      |
|    clip_range           | 0.2          |
|    entropy_loss         | -0.116       |
|    explained_variance   | 0.904        |
|    learning_rate        | 0.0003       |
|    loss                 | 0.514        |
|    n_updates            | 2750         |
|    policy_gradient_loss | -0.000385    |
|    value_loss           | 0.566        |
------------------------------------------
----------------------------------------
| time/                   |            |
|    fps                  | 562        |
|    iterations           | 277        |
|    time_elapsed         | 755        |
|    total_timesteps      | 425472     |
| train/                  |            |
|    approx_kl            | 0.00103274 |
|    clip_fraction        | 0.01       |
|    clip_range           | 0.2        |
|    entropy_loss         | -0.0863    |
|    explained_variance   | 0.942      |
|    learning_rate        | 0.0003     |
|    loss                 | 0.14       |
|    n_updates            | 2760       |
|    policy_gradient_loss | -0.00125   |
|    value_loss           | 0.195      |
----------------------------------------
-----------------------------------------
| time/                   |             |
|    fps                  | 563         |
|    iterations           | 278         |
|    time_elapsed         | 758         |
|    total_timesteps      | 427008      |
| train/                  |             |
|    approx_kl            | 0.006550176 |
|    clip_fraction        | 0.026       |
|    clip_range           | 0.2         |
|    entropy_loss         | -0.108      |
|    explained_variance   | 0.975       |
|    learning_rate        | 0.0003      |
|    loss                 | 0.0273      |
|    n_updates            | 2770        |
|    policy_gradient_loss | -0.00439    |
|    value_loss           | 0.0563      |
-----------------------------------------
-----------------------------------------
| time/                   |             |
|    fps                  | 562         |
|    iterations           | 279         |
|    time_elapsed         | 761         |
|    total_timesteps      | 428544      |
| train/                  |             |
|    approx_kl            | 0.002470559 |
|    clip_fraction        | 0.0126      |
|    clip_range           | 0.2         |
|    entropy_loss         | -0.0548     |
|    explained_variance   | -0.52       |
|    learning_rate        | 0.0003      |
|    loss                 | 0.0306      |
|    n_updates            | 2780        |
|    policy_gradient_loss | -0.004      |
|    value_loss           | 0.0795      |
-----------------------------------------
-------------------------------------------
| time/                   |               |
|    fps                  | 563           |
|    iterations           | 280           |
|    time_elapsed         | 763           |
|    total_timesteps      | 430080        |
| train/                  |               |
|    approx_kl            | 0.00072578265 |
|    clip_fraction        | 0.00762       |
|    clip_range           | 0.2           |
|    entropy_loss         | -0.0921       |
|    explained_variance   | 0.923         |
|    learning_rate        | 0.0003        |
|    loss                 | 0.0197        |
|    n_updates            | 2790          |
|    policy_gradient_loss | -0.00138      |
|    value_loss           | 0.0863        |
-------------------------------------------
-------------------------------------------
| time/                   |               |
|    fps                  | 563           |
|    iterations           | 281           |
|    time_elapsed         | 765           |
|    total_timesteps      | 431616        |
| train/                  |               |
|    approx_kl            | 0.00016056029 |
|    clip_fraction        | 0.00247       |
|    clip_range           | 0.2           |
|    entropy_loss         | -0.0342       |
|    explained_variance   | 0.683         |
|    learning_rate        | 0.0003        |
|    loss                 | 0.000633      |
|    n_updates            | 2800          |
|    policy_gradient_loss | -0.000182     |
|    value_loss           | 0.00602       |
-------------------------------------------
-------------------------------------------
| time/                   |               |
|    fps                  | 564           |
|    iterations           | 282           |
|    time_elapsed         | 767           |
|    total_timesteps      | 433152        |
| train/                  |               |
|    approx_kl            | 0.00018684547 |
|    clip_fraction        | 0.00378       |
|    clip_range           | 0.2           |
|    entropy_loss         | -0.0288       |
|    explained_variance   | 0.603         |
|    learning_rate        | 0.0003        |
|    loss                 | 0.00309       |
|    n_updates            | 2810          |
|    policy_gradient_loss | -0.000305     |
|    value_loss           | 0.00774       |
-------------------------------------------
-------------------------------------------
| time/                   |               |
|    fps                  | 564           |
|    iterations           | 283           |
|    time_elapsed         | 769           |
|    total_timesteps      | 434688        |
| train/                  |               |
|    approx_kl            | 0.00015455876 |
|    clip_fraction        | 0.00339       |
|    clip_range           | 0.2           |
|    entropy_loss         | -0.0281       |
|    explained_variance   | 0.35          |
|    learning_rate        | 0.0003        |
|    loss                 | 0.00389       |
|    n_updates            | 2820          |
|    policy_gradient_loss | -0.000241     |
|    value_loss           | 0.0159        |
-------------------------------------------
  step  435000/500000 ( 87.0%)  mean_rew=-0.001
-------------------------------------------
| time/                   |               |
|    fps                  | 565           |
|    iterations           | 284           |
|    time_elapsed         | 771           |
|    total_timesteps      | 436224        |
| train/                  |               |
|    approx_kl            | 7.8921905e-05 |
|    clip_fraction        | 0.000781      |
|    clip_range           | 0.2           |
|    entropy_loss         | -0.0263       |
|    explained_variance   | 0.753         |
|    learning_rate        | 0.0003        |
|    loss                 | -0.00151      |
|    n_updates            | 2830          |
|    policy_gradient_loss | -9.65e-05     |
|    value_loss           | 0.00283       |
-------------------------------------------
------------------------------------------
| time/                   |              |
|    fps                  | 565          |
|    iterations           | 285          |
|    time_elapsed         | 774          |
|    total_timesteps      | 437760       |
| train/                  |              |
|    approx_kl            | 4.825702e-05 |
|    clip_fraction        | 0.0015       |
|    clip_range           | 0.2          |
|    entropy_loss         | -0.0274      |
|    explained_variance   | 0.84         |
|    learning_rate        | 0.0003       |
|    loss                 | 0.000712     |
|    n_updates            | 2840         |
|    policy_gradient_loss | -0.00018     |
|    value_loss           | 0.00201      |
------------------------------------------
------------------------------------------
| time/                   |              |
|    fps                  | 565          |
|    iterations           | 286          |
|    time_elapsed         | 777          |
|    total_timesteps      | 439296       |
| train/                  |              |
|    approx_kl            | 7.465909e-05 |
|    clip_fraction        | 0.000326     |
|    clip_range           | 0.2          |
|    entropy_loss         | -0.03        |
|    explained_variance   | 0.823        |
|    learning_rate        | 0.0003       |
|    loss                 | 0.00336      |
|    n_updates            | 2850         |
|    policy_gradient_loss | -8.58e-05    |
|    value_loss           | 0.0279       |
------------------------------------------
-----------------------------------------
| time/                   |             |
|    fps                  | 565         |
|    iterations           | 287         |
|    time_elapsed         | 779         |
|    total_timesteps      | 440832      |
| train/                  |             |
|    approx_kl            | 0.005122344 |
|    clip_fraction        | 0.0322      |
|    clip_range           | 0.2         |
|    entropy_loss         | -0.13       |
|    explained_variance   | 0.92        |
|    learning_rate        | 0.0003      |
|    loss                 | 0.0522      |
|    n_updates            | 2860        |
|    policy_gradient_loss | -0.00534    |
|    value_loss           | 0.133       |
-----------------------------------------
-------------------------------------------
| time/                   |               |
|    fps                  | 566           |
|    iterations           | 288           |
|    time_elapsed         | 781           |
|    total_timesteps      | 442368        |
| train/                  |               |
|    approx_kl            | 0.00013542692 |
|    clip_fraction        | 0.00306       |
|    clip_range           | 0.2           |
|    entropy_loss         | -0.0502       |
|    explained_variance   | 0.661         |
|    learning_rate        | 0.0003        |
|    loss                 | -0.00111      |
|    n_updates            | 2870          |
|    policy_gradient_loss | 0.000186      |
|    value_loss           | 0.00232       |
-------------------------------------------
-------------------------------------------
| time/                   |               |
|    fps                  | 566           |
|    iterations           | 289           |
|    time_elapsed         | 783           |
|    total_timesteps      | 443904        |
| train/                  |               |
|    approx_kl            | 0.00010906998 |
|    clip_fraction        | 0.00182       |
|    clip_range           | 0.2           |
|    entropy_loss         | -0.05         |
|    explained_variance   | 0.604         |
|    learning_rate        | 0.0003        |
|    loss                 | 0.00117       |
|    n_updates            | 2880          |
|    policy_gradient_loss | -0.000105     |
|    value_loss           | 0.00391       |
-------------------------------------------
------------------------------------------
| time/                   |              |
|    fps                  | 567          |
|    iterations           | 290          |
|    time_elapsed         | 785          |
|    total_timesteps      | 445440       |
| train/                  |              |
|    approx_kl            | 4.059247e-05 |
|    clip_fraction        | 0.00163      |
|    clip_range           | 0.2          |
|    entropy_loss         | -0.0479      |
|    explained_variance   | 0.618        |
|    learning_rate        | 0.0003       |
|    loss                 | 0.00319      |
|    n_updates            | 2890         |
|    policy_gradient_loss | -3.13e-05    |
|    value_loss           | 0.00377      |
------------------------------------------
-------------------------------------------
| time/                   |               |
|    fps                  | 567           |
|    iterations           | 291           |
|    time_elapsed         | 787           |
|    total_timesteps      | 446976        |
| train/                  |               |
|    approx_kl            | 0.00011567477 |
|    clip_fraction        | 0.00371       |
|    clip_range           | 0.2           |
|    entropy_loss         | -0.0488       |
|    explained_variance   | 0.728         |
|    learning_rate        | 0.0003        |
|    loss                 | 0.000331      |
|    n_updates            | 2900          |
|    policy_gradient_loss | -0.000371     |
|    value_loss           | 0.00161       |
-------------------------------------------
-----------------------------------------
| time/                   |             |
|    fps                  | 567         |
|    iterations           | 292         |
|    time_elapsed         | 789         |
|    total_timesteps      | 448512      |
| train/                  |             |
|    approx_kl            | 7.91176e-05 |
|    clip_fraction        | 0           |
|    clip_range           | 0.2         |
|    entropy_loss         | -0.0467     |
|    explained_variance   | 0.683       |
|    learning_rate        | 0.0003      |
|    loss                 | 0.000645    |
|    n_updates            | 2910        |
|    policy_gradient_loss | 5.63e-06    |
|    value_loss           | 0.0034      |
-----------------------------------------
  step  450000/500000 ( 90.0%)  mean_rew=-0.004
-------------------------------------------
| time/                   |               |
|    fps                  | 568           |
|    iterations           | 293           |
|    time_elapsed         | 791           |
|    total_timesteps      | 450048        |
| train/                  |               |
|    approx_kl            | 0.00023995026 |
|    clip_fraction        | 0.00501       |
|    clip_range           | 0.2           |
|    entropy_loss         | -0.0374       |
|    explained_variance   | 0.719         |
|    learning_rate        | 0.0003        |
|    loss                 | 0.000828      |
|    n_updates            | 2920          |
|    policy_gradient_loss | -0.000341     |
|    value_loss           | 0.00191       |
-------------------------------------------
-------------------------------------------
| time/                   |               |
|    fps                  | 568           |
|    iterations           | 294           |
|    time_elapsed         | 794           |
|    total_timesteps      | 451584        |
| train/                  |               |
|    approx_kl            | 9.8348166e-05 |
|    clip_fraction        | 0.00137       |
|    clip_range           | 0.2           |
|    entropy_loss         | -0.0307       |
|    explained_variance   | 0.737         |
|    learning_rate        | 0.0003        |
|    loss                 | 0.000866      |
|    n_updates            | 2930          |
|    policy_gradient_loss | -0.000187     |
|    value_loss           | 0.00204       |
-------------------------------------------
-------------------------------------------
| time/                   |               |
|    fps                  | 568           |
|    iterations           | 295           |
|    time_elapsed         | 796           |
|    total_timesteps      | 453120        |
| train/                  |               |
|    approx_kl            | 0.00062379835 |
|    clip_fraction        | 0.00911       |
|    clip_range           | 0.2           |
|    entropy_loss         | -0.0615       |
|    explained_variance   | 0.934         |
|    learning_rate        | 0.0003        |
|    loss                 | 0.055         |
|    n_updates            | 2940          |
|    policy_gradient_loss | -0.000869     |
|    value_loss           | 0.14          |
-------------------------------------------
------------------------------------------
| time/                   |              |
|    fps                  | 569          |
|    iterations           | 296          |
|    time_elapsed         | 798          |
|    total_timesteps      | 454656       |
| train/                  |              |
|    approx_kl            | 7.108913e-05 |
|    clip_fraction        | 0.000977     |
|    clip_range           | 0.2          |
|    entropy_loss         | -0.028       |
|    explained_variance   | 0.561        |
|    learning_rate        | 0.0003       |
|    loss                 | -4.91e-05    |
|    n_updates            | 2950         |
|    policy_gradient_loss | -0.000253    |
|    value_loss           | 0.0017       |
------------------------------------------
-----------------------------------------
| time/                   |             |
|    fps                  | 569         |
|    iterations           | 297         |
|    time_elapsed         | 800         |
|    total_timesteps      | 456192      |
| train/                  |             |
|    approx_kl            | 8.09206e-05 |
|    clip_fraction        | 0.00202     |
|    clip_range           | 0.2         |
|    entropy_loss         | -0.0288     |
|    explained_variance   | 0.586       |
|    learning_rate        | 0.0003      |
|    loss                 | -0.00243    |
|    n_updates            | 2960        |
|    policy_gradient_loss | -0.000252   |
|    value_loss           | 0.00255     |
-----------------------------------------
-------------------------------------------
| time/                   |               |
|    fps                  | 569           |
|    iterations           | 298           |
|    time_elapsed         | 803           |
|    total_timesteps      | 457728        |
| train/                  |               |
|    approx_kl            | 0.00031233137 |
|    clip_fraction        | 0.00195       |
|    clip_range           | 0.2           |
|    entropy_loss         | -0.0326       |
|    explained_variance   | 0.686         |
|    learning_rate        | 0.0003        |
|    loss                 | -0.00251      |
|    n_updates            | 2970          |
|    policy_gradient_loss | -0.000485     |
|    value_loss           | 0.00119       |
-------------------------------------------
-----------------------------------------
| time/                   |             |
|    fps                  | 569         |
|    iterations           | 299         |
|    time_elapsed         | 805         |
|    total_timesteps      | 459264      |
| train/                  |             |
|    approx_kl            | 0.005896972 |
|    clip_fraction        | 0.0193      |
|    clip_range           | 0.2         |
|    entropy_loss         | -0.0733     |
|    explained_variance   | 0.983       |
|    learning_rate        | 0.0003      |
|    loss                 | 0.00162     |
|    n_updates            | 2980        |
|    policy_gradient_loss | -0.00678    |
|    value_loss           | 0.023       |
-----------------------------------------
------------------------------------------
| time/                   |              |
|    fps                  | 570          |
|    iterations           | 300          |
|    time_elapsed         | 807          |
|    total_timesteps      | 460800       |
| train/                  |              |
|    approx_kl            | 0.0019239305 |
|    clip_fraction        | 0.0124       |
|    clip_range           | 0.2          |
|    entropy_loss         | -0.069       |
|    explained_variance   | 0.863        |
|    learning_rate        | 0.0003       |
|    loss                 | 0.0645       |
|    n_updates            | 2990         |
|    policy_gradient_loss | -0.00171     |
|    value_loss           | 0.127        |
------------------------------------------
-------------------------------------------
| time/                   |               |
|    fps                  | 571           |
|    iterations           | 301           |
|    time_elapsed         | 809           |
|    total_timesteps      | 462336        |
| train/                  |               |
|    approx_kl            | 0.00016102735 |
|    clip_fraction        | 0.000911      |
|    clip_range           | 0.2           |
|    entropy_loss         | -0.0375       |
|    explained_variance   | 0.528         |
|    learning_rate        | 0.0003        |
|    loss                 | 0.00114       |
|    n_updates            | 3000          |
|    policy_gradient_loss | -5.57e-05     |
|    value_loss           | 0.00452       |
-------------------------------------------
-----------------------------------------
| time/                   |             |
|    fps                  | 571         |
|    iterations           | 302         |
|    time_elapsed         | 811         |
|    total_timesteps      | 463872      |
| train/                  |             |
|    approx_kl            | 5.75465e-05 |
|    clip_fraction        | 0           |
|    clip_range           | 0.2         |
|    entropy_loss         | -0.0324     |
|    explained_variance   | 0.468       |
|    learning_rate        | 0.0003      |
|    loss                 | 0.00086     |
|    n_updates            | 3010        |
|    policy_gradient_loss | 6.51e-05    |
|    value_loss           | 0.00199     |
-----------------------------------------
  step  465000/500000 ( 93.0%)  mean_rew=-0.008
------------------------------------------
| time/                   |              |
|    fps                  | 572          |
|    iterations           | 303          |
|    time_elapsed         | 813          |
|    total_timesteps      | 465408       |
| train/                  |              |
|    approx_kl            | 4.323669e-05 |
|    clip_fraction        | 0            |
|    clip_range           | 0.2          |
|    entropy_loss         | -0.0334      |
|    explained_variance   | 0.46         |
|    learning_rate        | 0.0003       |
|    loss                 | 0.00102      |
|    n_updates            | 3020         |
|    policy_gradient_loss | 8.39e-07     |
|    value_loss           | 0.00208      |
------------------------------------------
-------------------------------------------
| time/                   |               |
|    fps                  | 572           |
|    iterations           | 304           |
|    time_elapsed         | 815           |
|    total_timesteps      | 466944        |
| train/                  |               |
|    approx_kl            | 0.00015673747 |
|    clip_fraction        | 0.00247       |
|    clip_range           | 0.2           |
|    entropy_loss         | -0.0305       |
|    explained_variance   | 0.583         |
|    learning_rate        | 0.0003        |
|    loss                 | 0.000178      |
|    n_updates            | 3030          |
|    policy_gradient_loss | -0.000194     |
|    value_loss           | 0.00217       |
-------------------------------------------
------------------------------------------
| time/                   |              |
|    fps                  | 573          |
|    iterations           | 305          |
|    time_elapsed         | 817          |
|    total_timesteps      | 468480       |
| train/                  |              |
|    approx_kl            | 9.435551e-05 |
|    clip_fraction        | 0.00247      |
|    clip_range           | 0.2          |
|    entropy_loss         | -0.0248      |
|    explained_variance   | 0.724        |
|    learning_rate        | 0.0003       |
|    loss                 | -0.000132    |
|    n_updates            | 3040         |
|    policy_gradient_loss | -0.000201    |
|    value_loss           | 0.000999     |
------------------------------------------
-------------------------------------------
| time/                   |               |
|    fps                  | 573           |
|    iterations           | 306           |
|    time_elapsed         | 819           |
|    total_timesteps      | 470016        |
| train/                  |               |
|    approx_kl            | 9.5254625e-05 |
|    clip_fraction        | 0.000977      |
|    clip_range           | 0.2           |
|    entropy_loss         | -0.0235       |
|    explained_variance   | 0.717         |
|    learning_rate        | 0.0003        |
|    loss                 | 0.000624      |
|    n_updates            | 3050          |
|    policy_gradient_loss | -8.72e-05     |
|    value_loss           | 0.00126       |
-------------------------------------------
-------------------------------------------
| time/                   |               |
|    fps                  | 574           |
|    iterations           | 307           |
|    time_elapsed         | 821           |
|    total_timesteps      | 471552        |
| train/                  |               |
|    approx_kl            | 6.4480315e-05 |
|    clip_fraction        | 0.00163       |
|    clip_range           | 0.2           |
|    entropy_loss         | -0.0278       |
|    explained_variance   | 0.711         |
|    learning_rate        | 0.0003        |
|    loss                 | 0.000664      |
|    n_updates            | 3060          |
|    policy_gradient_loss | -0.000258     |
|    value_loss           | 0.00129       |
-------------------------------------------
-------------------------------------------
| time/                   |               |
|    fps                  | 574           |
|    iterations           | 308           |
|    time_elapsed         | 824           |
|    total_timesteps      | 473088        |
| train/                  |               |
|    approx_kl            | 0.00020354804 |
|    clip_fraction        | 0.00365       |
|    clip_range           | 0.2           |
|    entropy_loss         | -0.023        |
|    explained_variance   | 0.734         |
|    learning_rate        | 0.0003        |
|    loss                 | 0.00055       |
|    n_updates            | 3070          |
|    policy_gradient_loss | -0.000744     |
|    value_loss           | 0.00111       |
-------------------------------------------
-------------------------------------------
| time/                   |               |
|    fps                  | 574           |
|    iterations           | 309           |
|    time_elapsed         | 826           |
|    total_timesteps      | 474624        |
| train/                  |               |
|    approx_kl            | 0.00041154903 |
|    clip_fraction        | 0.00768       |
|    clip_range           | 0.2           |
|    entropy_loss         | -0.0721       |
|    explained_variance   | 0.946         |
|    learning_rate        | 0.0003        |
|    loss                 | 0.0261        |
|    n_updates            | 3080          |
|    policy_gradient_loss | -0.000639     |
|    value_loss           | 0.145         |
-------------------------------------------
-------------------------------------------
| time/                   |               |
|    fps                  | 574           |
|    iterations           | 310           |
|    time_elapsed         | 829           |
|    total_timesteps      | 476160        |
| train/                  |               |
|    approx_kl            | 0.00013117127 |
|    clip_fraction        | 0.00189       |
|    clip_range           | 0.2           |
|    entropy_loss         | -0.0218       |
|    explained_variance   | 0.821         |
|    learning_rate        | 0.0003        |
|    loss                 | 0.0219        |
|    n_updates            | 3090          |
|    policy_gradient_loss | -0.000404     |
|    value_loss           | 0.0262        |
-------------------------------------------
-------------------------------------------
| time/                   |               |
|    fps                  | 574           |
|    iterations           | 311           |
|    time_elapsed         | 831           |
|    total_timesteps      | 477696        |
| train/                  |               |
|    approx_kl            | 0.00025637468 |
|    clip_fraction        | 0.00495       |
|    clip_range           | 0.2           |
|    entropy_loss         | -0.0648       |
|    explained_variance   | 0.957         |
|    learning_rate        | 0.0003        |
|    loss                 | 0.0231        |
|    n_updates            | 3100          |
|    policy_gradient_loss | 0.000637      |
|    value_loss           | 0.135         |
-------------------------------------------
-------------------------------------------
| time/                   |               |
|    fps                  | 574           |
|    iterations           | 312           |
|    time_elapsed         | 833           |
|    total_timesteps      | 479232        |
| train/                  |               |
|    approx_kl            | 0.00089084683 |
|    clip_fraction        | 0.00827       |
|    clip_range           | 0.2           |
|    entropy_loss         | -0.0533       |
|    explained_variance   | 0.951         |
|    learning_rate        | 0.0003        |
|    loss                 | 0.0309        |
|    n_updates            | 3110          |
|    policy_gradient_loss | -0.00172      |
|    value_loss           | 0.13          |
-------------------------------------------
  step  480000/500000 ( 96.0%)  mean_rew=+0.000
-------------------------------------------
| time/                   |               |
|    fps                  | 575           |
|    iterations           | 313           |
|    time_elapsed         | 835           |
|    total_timesteps      | 480768        |
| train/                  |               |
|    approx_kl            | 1.6163764e-05 |
|    clip_fraction        | 6.51e-05      |
|    clip_range           | 0.2           |
|    entropy_loss         | -0.0157       |
|    explained_variance   | 0.266         |
|    learning_rate        | 0.0003        |
|    loss                 | 0.00129       |
|    n_updates            | 3120          |
|    policy_gradient_loss | -1.45e-05     |
|    value_loss           | 0.00447       |
-------------------------------------------
------------------------------------------
| time/                   |              |
|    fps                  | 575          |
|    iterations           | 314          |
|    time_elapsed         | 837          |
|    total_timesteps      | 482304       |
| train/                  |              |
|    approx_kl            | 7.112918e-05 |
|    clip_fraction        | 0.000716     |
|    clip_range           | 0.2          |
|    entropy_loss         | -0.0154      |
|    explained_variance   | 0.05         |
|    learning_rate        | 0.0003       |
|    loss                 | 0.00219      |
|    n_updates            | 3130         |
|    policy_gradient_loss | -0.000103    |
|    value_loss           | 0.00283      |
------------------------------------------
-------------------------------------------
| time/                   |               |
|    fps                  | 576           |
|    iterations           | 315           |
|    time_elapsed         | 839           |
|    total_timesteps      | 483840        |
| train/                  |               |
|    approx_kl            | 2.0116839e-05 |
|    clip_fraction        | 0.000456      |
|    clip_range           | 0.2           |
|    entropy_loss         | -0.0161       |
|    explained_variance   | 0.251         |
|    learning_rate        | 0.0003        |
|    loss                 | 0.000698      |
|    n_updates            | 3140          |
|    policy_gradient_loss | -0.000197     |
|    value_loss           | 0.0014        |
-------------------------------------------
------------------------------------------
| time/                   |              |
|    fps                  | 576          |
|    iterations           | 316          |
|    time_elapsed         | 841          |
|    total_timesteps      | 485376       |
| train/                  |              |
|    approx_kl            | 3.487221e-06 |
|    clip_fraction        | 0            |
|    clip_range           | 0.2          |
|    entropy_loss         | -0.0166      |
|    explained_variance   | 0.408        |
|    learning_rate        | 0.0003       |
|    loss                 | 0.00132      |
|    n_updates            | 3150         |
|    policy_gradient_loss | -1.02e-05    |
|    value_loss           | 0.00257      |
------------------------------------------
-------------------------------------------
| time/                   |               |
|    fps                  | 577           |
|    iterations           | 317           |
|    time_elapsed         | 843           |
|    total_timesteps      | 486912        |
| train/                  |               |
|    approx_kl            | 0.00046939802 |
|    clip_fraction        | 0.00358       |
|    clip_range           | 0.2           |
|    entropy_loss         | -0.0147       |
|    explained_variance   | 0.442         |
|    learning_rate        | 0.0003        |
|    loss                 | 0.000695      |
|    n_updates            | 3160          |
|    policy_gradient_loss | -0.00045      |
|    value_loss           | 0.00157       |
-------------------------------------------
-------------------------------------------
| time/                   |               |
|    fps                  | 576           |
|    iterations           | 318           |
|    time_elapsed         | 846           |
|    total_timesteps      | 488448        |
| train/                  |               |
|    approx_kl            | 0.00014639641 |
|    clip_fraction        | 0.00176       |
|    clip_range           | 0.2           |
|    entropy_loss         | -0.0122       |
|    explained_variance   | 0.519         |
|    learning_rate        | 0.0003        |
|    loss                 | 0.000846      |
|    n_updates            | 3170          |
|    policy_gradient_loss | -0.000233     |
|    value_loss           | 0.00209       |
-------------------------------------------
------------------------------------------
| time/                   |              |
|    fps                  | 577          |
|    iterations           | 319          |
|    time_elapsed         | 848          |
|    total_timesteps      | 489984       |
| train/                  |              |
|    approx_kl            | 0.0005425112 |
|    clip_fraction        | 0.00716      |
|    clip_range           | 0.2          |
|    entropy_loss         | -0.0388      |
|    explained_variance   | 0.945        |
|    learning_rate        | 0.0003       |
|    loss                 | 0.0777       |
|    n_updates            | 3180         |
|    policy_gradient_loss | -0.00051     |
|    value_loss           | 0.14         |
------------------------------------------
--------------------------------------
| time/                   |          |
|    fps                  | 577      |
|    iterations           | 320      |
|    time_elapsed         | 850      |
|    total_timesteps      | 491520   |
| train/                  |          |
|    approx_kl            | 0.0      |
|    clip_fraction        | 0        |
|    clip_range           | 0.2      |
|    entropy_loss         | -0.0121  |
|    explained_variance   | 0.371    |
|    learning_rate        | 0.0003   |
|    loss                 | 0.000854 |
|    n_updates            | 3190     |
|    policy_gradient_loss | 9.01e-06 |
|    value_loss           | 0.00243  |
--------------------------------------
-------------------------------------------
| time/                   |               |
|    fps                  | 578           |
|    iterations           | 321           |
|    time_elapsed         | 852           |
|    total_timesteps      | 493056        |
| train/                  |               |
|    approx_kl            | 1.7221784e-05 |
|    clip_fraction        | 0.00013       |
|    clip_range           | 0.2           |
|    entropy_loss         | -0.0122       |
|    explained_variance   | 0.416         |
|    learning_rate        | 0.0003        |
|    loss                 | 0.00185       |
|    n_updates            | 3200          |
|    policy_gradient_loss | -2.57e-05     |
|    value_loss           | 0.00268       |
-------------------------------------------
------------------------------------------
| time/                   |              |
|    fps                  | 578          |
|    iterations           | 322          |
|    time_elapsed         | 854          |
|    total_timesteps      | 494592       |
| train/                  |              |
|    approx_kl            | 7.761022e-11 |
|    clip_fraction        | 0            |
|    clip_range           | 0.2          |
|    entropy_loss         | -0.0124      |
|    explained_variance   | 0.603        |
|    learning_rate        | 0.0003       |
|    loss                 | 0.000563     |
|    n_updates            | 3210         |
|    policy_gradient_loss | -2.59e-06    |
|    value_loss           | 0.000996     |
------------------------------------------
  step  495000/500000 ( 99.0%)  mean_rew=-0.003
-------------------------------------------
| time/                   |               |
|    fps                  | 579           |
|    iterations           | 323           |
|    time_elapsed         | 856           |
|    total_timesteps      | 496128        |
| train/                  |               |
|    approx_kl            | 2.3960602e-05 |
|    clip_fraction        | 0.000716      |
|    clip_range           | 0.2           |
|    entropy_loss         | -0.0133       |
|    explained_variance   | 0.623         |
|    learning_rate        | 0.0003        |
|    loss                 | 0.00118       |
|    n_updates            | 3220          |
|    policy_gradient_loss | -6.12e-05     |
|    value_loss           | 0.0017        |
-------------------------------------------
-------------------------------------------
| time/                   |               |
|    fps                  | 579           |
|    iterations           | 324           |
|    time_elapsed         | 858           |
|    total_timesteps      | 497664        |
| train/                  |               |
|    approx_kl            | 0.00029302665 |
|    clip_fraction        | 0.00215       |
|    clip_range           | 0.2           |
|    entropy_loss         | -0.00976      |
|    explained_variance   | 0.625         |
|    learning_rate        | 0.0003        |
|    loss                 | 0.00157       |
|    n_updates            | 3230          |
|    policy_gradient_loss | -0.000897     |
|    value_loss           | 0.00184       |
-------------------------------------------
-------------------------------------------
| time/                   |               |
|    fps                  | 579           |
|    iterations           | 325           |
|    time_elapsed         | 861           |
|    total_timesteps      | 499200        |
| train/                  |               |
|    approx_kl            | 0.00023728597 |
|    clip_fraction        | 0.000911      |
|    clip_range           | 0.2           |
|    entropy_loss         | -0.00662      |
|    explained_variance   | 0.649         |
|    learning_rate        | 0.0003        |
|    loss                 | 0.00112       |
|    n_updates            | 3240          |
|    policy_gradient_loss | -0.000526     |
|    value_loss           | 0.00206       |
-------------------------------------------
-------------------------------------------
| time/                   |               |
|    fps                  | 580           |
|    iterations           | 326           |
|    time_elapsed         | 863           |
|    total_timesteps      | 500736        |
| train/                  |               |
|    approx_kl            | 4.1440555e-05 |
|    clip_fraction        | 0.000651      |
|    clip_range           | 0.2           |
|    entropy_loss         | -0.0332       |
|    explained_variance   | 0.95          |
|    learning_rate        | 0.0003        |
|    loss                 | 0.0199        |
|    n_updates            | 3250          |
|    policy_gradient_loss | 0.000934      |
|    value_loss           | 0.164         |
-------------------------------------------
[cologne3.net-PPO] Done. Saved -> /workspace/rl-traffic/exp_cologne3_real/ppo_pressure_s42
