timestep,loss,value_loss,entropy_loss,approx_kl,clip_fraction,explained_variance,policy_gradient_loss
200,,,,,,,
400,0.05293513834476471,0.11650781650096179,-3.6888769805431365,1.3411045e-07,0.0,-4.18749475479126,-0.00014435151221903197
600,0.05022140219807625,0.10282167084515095,-3.6888758659362795,2.244115e-07,0.0,-3.57564115524292,-0.00016466641462273835
800,0.04850534722208977,0.10480167455971241,-3.688874876499176,4.068017e-07,0.0,-3.3377952575683594,-0.00019806230785071043
1000,0.048883575946092606,0.10223427228629589,-3.6888748526573183,3.6776066e-07,0.0,-4.58227014541626,-0.0001820219635135345
1200,0.04250705614686012,0.09974740799516439,-3.688874638080597,4.10378e-07,0.0,-3.665212631225586,-0.000197934926032306
1400,0.04253998398780823,0.09509132169187069,-3.6888738870620728,3.838539e-07,0.0,-5.185405254364014,-0.00020102913818345058
1600,0.04598116874694824,0.09004614166915417,-3.6888734638690948,2.8282403e-07,0.0,-8.14093017578125,-0.00015627667216455698
1800,0.04217386245727539,0.08981491923332215,-3.688873368501663,3.3438207e-07,0.0,-4.682136535644531,-0.00016223089365416943
2000,0.0431697778403759,0.08648158218711614,-3.6888737440109254,3.4630298e-07,0.0,-3.5028738975524902,-0.0001785464137012749
2200,0.034971658140420914,0.08090384062379599,-3.6888737797737123,1.7911196e-07,0.0,-6.394045829772949,-0.00011258415852781756
2400,0.03778306394815445,0.08269896488636733,-3.688873416185379,3.0905008e-07,0.0,-4.183586597442627,-0.00018076574782250888
2600,0.04302555322647095,0.07396486094221473,-3.6888730466365813,3.3825634e-07,0.0,-3.5603275299072266,-0.00018077229775688154
2800,0.038577646017074585,0.08126610163599253,-3.6888725817203523,2.8818846e-07,0.0,-6.4596734046936035,-0.00015625655576014807
3000,0.0374615378677845,0.06716537084430456,-3.688871455192566,3.7401915e-07,0.0,-2.0570390224456787,-0.0001976770154247909
3200,0.036627769470214844,0.06451777713373304,-3.6888714373111724,1.7762184e-07,0.0,-1.987793207168579,-0.00012049688304045514
3400,0.032615166157484055,0.07166834063827991,-3.688871133327484,2.3931264e-07,0.0,-4.027066230773926,-0.00014881590000959122
3600,0.03691104054450989,0.0648544573225081,-3.688871240615845,3.284216e-07,0.0,-3.236754894256592,-0.00017506317836046836
3800,0.03781528398394585,0.06960025085136294,-3.6888708651065825,2.9444695e-07,0.0,-7.398370742797852,-0.00014204876110297527
4000,0.02608717791736126,0.05760140577331185,-3.6888703525066378,3.8653613e-07,0.0,-5.911638259887695,-0.0002063915075241285
4200,0.025623273104429245,0.05833438830450177,-3.6888698637485504,4.3690204e-07,0.0,-3.705777168273926,-0.00020432484199854882
4400,0.02947043441236019,0.059989737998694184,-3.688868874311447,2.914667e-07,0.0,-7.880847930908203,-0.00016364120012719586
4600,0.027654502540826797,0.05295876171439886,-3.688868963718414,2.2351742e-07,0.0,-4.828330039978027,-0.0001325247744089264
4800,0.02452911250293255,0.05033546080812812,-3.688868772983551,1.5884638e-07,0.0,-3.3074417114257812,-8.968693824864537e-05
5000,0.028750840574502945,0.05564782740548253,-3.6888685703277586,2.1904707e-07,0.0,-6.2270402908325195,-0.0001343555593726009
5200,0.02711772546172142,0.045836090482771395,-3.6888672947883605,3.0636787e-07,0.0,-3.7579851150512695,-0.00016184995960978333
5400,0.020148402079939842,0.04680566331371665,-3.688866877555847,3.6329033e-07,0.0,-5.947282314300537,-0.00018651060689057753
5600,0.017498880624771118,0.042186010535806416,-3.68886661529541,3.0517577e-07,0.0,-5.65136194229126,-0.00017920908384234658
5800,0.01928797736763954,0.04321815939620137,-3.6888667047023773,2.1070241e-07,0.0,-4.605137825012207,-0.00011321899268819102
6000,0.01677027717232704,0.035341646941378715,-3.688866150379181,4.0322539e-07,0.0,-2.3068552017211914,-0.0002000417567412649
6200,0.018356915563344955,0.03602309231646359,-3.688865911960602,4.6133997e-07,0.0,-9.686029434204102,-0.0002011073936614871
6400,0.019858697429299355,0.03543178122490644,-3.6888648867607117,3.451109e-07,0.0,-7.2696027755737305,-0.00016801863789286386
6600,0.016564801335334778,0.03211386688053608,-3.688864493370056,2.8580428e-07,0.0,-2.7542176246643066,-0.00016464291608100367
6800,0.01323891431093216,0.03341506575234234,-3.68886479139328,3.0815602e-07,0.0,-3.0731425285339355,-0.00015799290032716406
7000,0.014555313624441624,0.029948770394548775,-3.6888661324977874,1.5676022e-07,0.0,-3.7028212547302246,-0.00011735959393173178
7200,0.013144474476575851,0.03351978622376919,-3.6888659238815307,1.8179416e-07,0.0,-6.391465187072754,-0.00011012825293635898
7400,0.01545878779143095,0.029726048186421394,-3.6888656318187714,1.9818543e-07,0.0,-6.168996810913086,-0.00013503344430501051
7600,0.015169824473559856,0.030075668776407837,-3.6888632118701934,4.222989e-07,0.0,-6.678658485412598,-0.00021541596940976014
7800,0.011693699285387993,0.024927987810224296,-3.6888618588447573,2.3186206e-07,0.0,-2.8490567207336426,-0.00013055262074792572
8000,0.010198891162872314,0.022895134845748545,-3.6888626992702482,3.6150215e-07,0.0,-2.926849842071533,-0.0001968320019516856
8200,0.009887944906949997,0.02340490436181426,-3.688861685991287,5.424023e-07,0.0,-4.023808479309082,-0.0002462501825097441
8400,0.011494040489196777,0.024129586573690177,-3.6888619005680083,3.5047532e-07,0.0,-4.9498820304870605,-0.000174620062472286
8600,0.009951305575668812,0.020055368985049428,-3.6888606429100035,3.7103894e-07,0.0,-6.6469407081604,-0.00019929376359897332
8800,0.008584636263549328,0.019071258488111198,-3.6888596653938293,2.619624e-07,0.0,-3.427889823913574,-0.00014672228590111301
9000,0.00995425321161747,0.02176076718606055,-3.6888600647449494,3.0606986e-07,0.0,-7.09416389465332,-0.00015975704839891192
9200,0.00869485829025507,0.018760901829227804,-3.6888615667819975,4.2706728e-07,0.0,-4.309793472290039,-0.00019573478270675792
9400,0.009487376548349857,0.016929377033375204,-3.6888615906238558,3.4451483e-07,0.0,-11.295929908752441,-0.0001657109124814704
9600,0.0094124311581254,0.015058180200867355,-3.6888612627983095,4.246831e-07,0.0,-6.0702948570251465,-0.00020439977942172117
9800,0.005628426559269428,0.015150865842588245,-3.6888626992702482,2.6851893e-07,0.0,-3.5390076637268066,-0.00014843690502095442
10000,0.0054012867622077465,0.013382136425934731,-3.6888614118099214,2.2679568e-07,0.0,-1.9163634777069092,-0.00013705736531672842
10200,0.005932847503572702,0.01456162470858544,-3.6888593792915345,3.6478042e-07,0.0,-5.23232889175415,-0.000166648134641445
10400,0.006316870916634798,0.012847305065952242,-3.688859444856644,3.862381e-07,0.0,-8.985821723937988,-0.00019012342450066554
10600,0.006151141598820686,0.011954395426437258,-3.688860613107681,2.3275615e-07,0.0,-2.609373092651367,-0.0001274916230938672
10800,0.005669338628649712,0.011307762982323766,-3.6888594388961793,3.436208e-07,0.0,-4.392125129699707,-0.00019451329334605472
11000,0.005497302860021591,0.011659782519564033,-3.6888582825660707,4.1097402e-07,0.0,-4.402256965637207,-0.00021246158829870687
11200,0.004946303553879261,0.010694916569627821,-3.6888579428195953,6.9707636e-07,0.0,-4.435609817504883,-0.000278198732307261
11400,0.003854793729260564,0.009967487305402756,-3.688857674598694,3.1411648e-07,0.0,-3.9943222999572754,-0.00017620497913799492
11600,0.0036614234559237957,0.00935680269030854,-3.6888574421405793,4.3272973e-07,0.0,-2.568493366241455,-0.00020357076730421754
11800,0.0041923318058252335,0.009859630838036537,-3.6888570547103883,2.9444695e-07,0.0,-6.437808990478516,-0.00017346947692795656
12000,0.004920992534607649,0.008891531091649085,-3.6888558506965636,3.6478042e-07,0.0,-5.007355690002441,-0.00019314019322222987
12200,0.003731085918843746,0.007870526739861817,-3.688857114315033,2.795458e-07,0.0,-6.352296829223633,-0.00016231479494832612
12400,0.0029106708243489265,0.006897774734534323,-3.688857305049896,2.9414892e-07,0.0,-3.573357105255127,-0.00015365965602076592
12600,0.0030932824593037367,0.0076031594653613865,-3.6888560235500334,3.6150215e-07,0.0,-6.671376705169678,-0.00016214481643737067
12800,0.002425453159958124,0.007065331179182977,-3.688855266571045,3.1232832e-07,0.0,-5.083264350891113,-0.00016648107746590756
13000,0.002524539129808545,0.006448295165318996,-3.688855141401291,3.8832428e-07,0.0,-5.8190388679504395,-0.00020115864058656285
13200,0.002459033625200391,0.005367041646968574,-3.6888572573661804,2.1904708e-07,0.0,-3.7010130882263184,-0.00011728309176828322
13400,0.0020661279559135437,0.005834477883763611,-3.688856768608093,2.3692846e-07,0.0,-8.038965225219727,-0.00014432278274943976
13600,0.002005180576816201,0.005170430219732225,-3.6888560235500334,2.0176174e-07,0.0,-7.2577972412109375,-0.00011482982338832937
13800,0.0013490943238139153,0.004105899395653978,-3.6888551294803618,4.2945146e-07,0.0,-5.054250717163086,-0.00020391723562362962
14000,0.0016570957377552986,0.0041044387326110154,-3.6888549864292144,3.6865472e-07,0.0,-3.3328638076782227,-0.00017954993149373876
14200,0.0015085299964994192,0.00389023253810592,-3.6888545393943786,3.0100347e-07,0.0,-4.717691421508789,-0.0001465745567800214
14400,0.0014305891236290336,0.003588441014289856,-3.6888535022735596,2.4408104e-07,0.0,-5.113790035247803,-0.0001329768904828832
14600,0.001299147610552609,0.0036574930767528714,-3.6888547241687775,2.4497507e-07,0.0,-8.316868782043457,-0.00012544502491276254
14800,0.0010410117683932185,0.003165341657586396,-3.6888540506362917,3.5166738e-07,0.0,-6.294979572296143,-0.00018123161735248417
15000,0.0010757818818092346,0.002788553066784516,-3.688852620124817,2.9444695e-07,0.0,-4.69663667678833,-0.00014795194555039526
15200,0.0008570330101065338,0.0024879420147044585,-3.6888511419296264,3.3468007e-07,0.0,-8.616076469421387,-0.0001755960882281027
15400,0.0006075129495002329,0.002534699157695286,-3.688851737976074,4.118681e-07,0.0,-3.3774919509887695,-0.0001993954331287462
15600,0.0008199484436772764,0.0023189709725556897,-3.688850796222687,2.7924776e-07,0.0,-6.0110979080200195,-0.00013477858094643191
15800,0.0002762760268524289,0.0019171115010976792,-3.6888513922691346,4.288554e-07,0.0,-5.622933387756348,-0.0002033158557793513
16000,0.00036427442682906985,0.001693232130492106,-3.68885053396225,3.004074e-07,0.0,-6.156537055969238,-0.00014457753382912664
16200,0.0001495390315540135,0.0015289050963474438,-3.688850486278534,3.0308962e-07,0.0,-4.753100395202637,-0.00017562536999979895
16400,0.0001126091810874641,0.0016349452052963898,-3.6888488292694093,4.425645e-07,0.0,-5.517153739929199,-0.00020897754802309265
16600,7.079332135617733e-05,0.0013414916931651533,-3.688848114013672,4.094839e-07,0.0,-5.204410552978516,-0.0002022739062890855
16800,0.0002902488340623677,0.0012184733845060692,-3.688847953081131,3.391504e-07,0.0,-3.0593080520629883,-0.00017112329723771856
17000,0.0002900687395595014,0.0011865794993354938,-3.6888470113277436,2.6345253e-07,0.0,-4.421393871307373,-0.00016161291338709916
17200,0.0002928218455053866,0.000995867993333377,-3.6888455748558044,2.7358533e-07,0.0,-1.7984936237335205,-0.0001508761193313557
17400,4.038255428895354e-05,0.000905572363990359,-3.6888450264930723,4.5359133e-07,0.0,-3.677534580230713,-0.00025789708601844377
17600,0.00013377821596805006,0.000866614407277666,-3.6888451516628264,1.7434358e-07,0.0,-3.7327027320861816,-9.619641219296148e-05
17800,6.750322063453496e-05,0.0007663033247808926,-3.6888450026512145,3.3825637e-07,0.0,-6.814985275268555,-0.0001709043089591633
18000,-0.00011636244016699493,0.0006041446926246863,-3.688845247030258,2.5629998e-07,0.0,-3.678161144256592,-0.00013649822051498006
18200,-0.0001819079916458577,0.0006097080258768983,-3.688844156265259,3.826618e-07,0.0,-5.4023261070251465,-0.00019179956644617137
18400,-0.00012479673023335636,0.0005328415456460789,-3.6888423919677735,3.72231e-07,0.0,-8.271356582641602,-0.000184645263602512
18600,-8.247070945799351e-05,0.0004536686356004793,-3.6888402879238127,1.770258e-07,0.0,-4.605177402496338,-0.00010687668610720458
18800,-7.281452417373657e-05,0.00045799357467330993,-3.688841152191162,2.670288e-07,0.0,-5.939423084259033,-0.00015507997475902035
19000,-0.00022918087779544294,0.00035375370280235077,-3.68884140253067,2.2768975e-07,0.0,-3.2920784950256348,-0.00014093889297659424
19200,-0.00023573028738610446,0.00032131178813870064,-3.688840162754059,2.542138e-07,0.0,-2.3538742065429688,-0.00015326362866152632
19400,-0.0003280846867710352,0.0003435145212279167,-3.688839614391327,3.0636787e-07,0.0,-2.0573437213897705,-0.0001764109749990972
19600,-0.0002006332651944831,0.0003138021842460148,-3.688838851451874,2.720952e-07,0.0,-2.327841281890869,-0.00015547065411625205
19800,-0.00014619241119362414,0.00024601854020147587,-3.688842272758484,2.0682812e-07,0.0,-1.5871236324310303,-0.00013008668003657852
20000,-5.614881229121238e-05,0.00020719809544971212,-3.6888429641723635,2.0474195e-07,0.0,-4.6397294998168945,-0.00013302978966720503
20200,-0.0004195798537693918,0.0002093829130899394,-3.6888424336910246,5.924702e-07,0.0,-1.4488327503204346,-0.0002499161734590416
20400,-0.0005223207408562303,0.00020430793629202526,-3.6888401091098784,4.2527915e-07,0.0,-2.9990415573120117,-0.0002264170494100881
20600,-0.00027655562735162675,0.00018158036400564014,-3.688839131593704,2.542138e-07,0.0,-1.8601775169372559,-0.00014289058717258384
20800,-0.0004194585490040481,0.00015376934825326317,-3.688838905096054,3.6537648e-07,0.0,-2.6764678955078125,-0.00018299829941372802
21000,-0.0005625927587971091,0.00013868796268070582,-3.6888374745845796,3.606081e-07,0.0,-1.790306806564331,-0.00019383166699208366
21200,-0.0003534521674737334,0.00010978196587529965,-3.688837695121765,3.221631e-07,0.0,-5.40735387802124,-0.00016924409598981783
21400,-0.00032372589339502156,0.00014554521403624675,-3.6888391733169557,2.7120115e-07,0.0,-1.0547387599945068,-0.00013091985774309477
21600,-0.00020944152493029833,7.024004071354284e-05,-3.6888374745845796,2.0384789e-07,0.0,-0.5987788438796997,-0.0001388254915037912
21800,-0.00036594754783436656,9.071138920262456e-05,-3.6888362407684325,3.1471254e-07,0.0,-1.6335361003875732,-0.00016221331104463444
22000,-0.00045988531201146543,7.21078916285478e-05,-3.6888380467891695,3.0398368e-07,0.0,-0.5905485153198242,-0.00016375726327759742
22200,-0.00039327164995484054,7.068950690154452e-05,-3.6888382613658903,3.5524369e-07,0.0,-3.1803669929504395,-0.0001889882090078121
22400,-0.0005073960055597126,9.599903487469418e-05,-3.688839942216873,3.8146973e-07,0.0,-1.8239469528198242,-0.00017807603476875932
22600,-0.0003218706406187266,7.043449959382997e-05,-3.688839328289032,1.6599893e-07,0.0,-1.2591941356658936,-0.00011807280706874757
22800,-0.0006503148470073938,0.00011631031829892891,-3.6888386249542235,3.451109e-07,0.0,-0.33847200870513916,-0.00018887697140406167
23000,-0.00037343386793509126,3.702477461047238e-05,-3.6888390719890594,3.6746263e-07,0.0,-1.791888952255249,-0.0001917636747039042
23200,-0.00043106815428473055,5.159699503565207e-05,-3.688839501142502,2.1815299e-07,0.0,-0.37620651721954346,-0.00011577608024964104
23400,-0.00013419627794064581,6.16861089838494e-05,-3.6888395488262176,2.0503998e-07,0.0,-0.216871976852417,-0.00011771474858772724
23600,-6.198937626322731e-05,4.113953868909448e-05,-3.688838559389114,2.2292136e-07,0.0,-0.5194050073623657,-0.00013439658290530508
23800,-0.0002467097365297377,4.501582188822795e-05,-3.688839155435562,2.7567148e-07,0.0,-0.1697148084640503,-0.00014892867220286376
24000,-0.0003860762808471918,2.455119779369852e-05,-3.6888398110866545,2.9593707e-07,0.0,-0.8284996747970581,-0.00017040880286547377
24200,-0.0004260810965206474,5.1211786421845316e-05,-3.688838595151901,4.0233138e-07,0.0,-0.3122662305831909,-0.00019908027415158625
24400,-0.0002733984438236803,3.064611719310051e-05,-3.6888380348682404,2.0444394e-07,0.0,-0.23195970058441162,-0.00012110465858632402
24600,-0.0003639389178715646,5.7847047719405965e-05,-3.6888374507427217,3.1769278e-07,0.0,-0.35993432998657227,-0.00017797926038997102
24800,-0.0002882962580770254,6.238464020498213e-05,-3.688836705684662,3.9488077e-07,0.0,-0.14002454280853271,-0.0002104377668635582
25000,-0.0003717469226103276,3.661307700895122e-05,-3.6888369143009188,2.2917986e-07,0.0,-0.40260636806488037,-0.0001403666815858795
25200,-0.0004011931305285543,2.5505516555313078e-05,-3.688837468624115,2.1249056e-07,0.0,-0.36620402336120605,-0.0001414050525283983
25400,-0.0004097123455721885,2.8484916856541532e-05,-3.6888368487358094,3.221631e-07,0.0,-0.39506053924560547,-0.00018168571542264144
25600,-0.00039253308204934,2.708958672883455e-05,-3.6888357758522035,2.554059e-07,0.0,-0.3591179847717285,-0.00014347189492718292
25800,-0.0004898349870927632,1.8263379274685576e-05,-3.68883815407753,4.959107e-07,0.0,-0.3386956453323364,-0.00021303997326911351
26000,-0.00041991856414824724,3.861420241264568e-05,-3.6888389110565187,2.8967858e-07,0.0,-0.09742152690887451,-0.0001548476973920465
26200,-0.000368208100553602,1.5016385555099987e-05,-3.688837867975235,2.962351e-07,0.0,-0.33888018131256104,-0.00018494145946963415
26400,-0.00036415550857782364,2.869352586003515e-05,-3.6888360679149628,3.6895275e-07,0.0,-0.04419541358947754,-0.00017705093600506316
26600,-0.00022734413505531847,4.6046418356127104e-05,-3.6888341903686523,2.7477742e-07,0.0,-0.06663179397583008,-0.0001536184619227221
26800,-0.0003921981842722744,6.839912612122134e-05,-3.688834685087204,4.3094158e-07,0.0,-0.1477895975112915,-0.00019445228592145368
27000,-0.0002541679423302412,1.9039612698179554e-05,-3.6888329565525053,1.9162893e-07,0.0,-0.3786749839782715,-0.00012165899667646585
27200,-0.000345015519997105,1.696122076282336e-05,-3.6888312876224516,3.5762787e-07,0.0,-0.046680450439453125,-0.00018488410005030876
27400,-0.0003322764823678881,4.4830783463112314e-05,-3.6888297319412233,2.9563904e-07,0.0,-0.27328038215637207,-0.00014178933261780325
27600,-0.00033440106199122965,3.291456300758e-05,-3.688830041885376,2.425909e-07,0.0,-0.2263927459716797,-0.00013341119895182718
27800,-0.0003051476669497788,2.3421145715474268e-05,-3.6888303577899935,2.7239324e-07,0.0,-0.13162338733673096,-0.00011901103017963877
28000,-0.00017654818657319993,4.020744268018461e-05,-3.688830077648163,2.3752452e-07,0.0,-0.06601381301879883,-0.00012237732077267083
28200,-0.0003055020933970809,4.1587142914067957e-05,-3.688830351829529,1.4483928e-07,0.0,0.019171297550201416,-0.00010542256722112509
28400,-0.0002744175144471228,2.9462817383318907e-05,-3.6888299703598024,3.1739475e-07,0.0,-0.22361445426940918,-0.00017849045915570018
28600,-0.00020844450045842677,2.3575904970130067e-05,-3.6888306200504304,3.054738e-07,0.0,-0.21965348720550537,-0.00016087261051667134
28800,-0.0002080850681522861,3.21522617014125e-05,-3.6888275861740114,1.9520522e-07,0.0,-0.22232747077941895,-0.00012178399507489779
29000,-0.0002558520354796201,5.550598589252331e-05,-3.6888264656066894,2.413988e-07,0.0,-0.08106327056884766,-0.00014235663477641937
29200,-0.00048478672397322953,2.3901677241155995e-05,-3.6888291001319886,3.889203e-07,0.0,-0.04795718193054199,-0.00019538892191195423
29400,-0.00033671350684016943,2.633510016494256e-05,-3.6888243794441222,2.783537e-07,0.0,-0.3620980978012085,-0.00015642499779471296
29600,-0.00045297580072656274,5.753817049480858e-05,-3.688824546337128,2.9385092e-07,0.0,-0.08620226383209229,-0.00017293299562624043
29800,-0.0003615774039644748,3.739139356184751e-05,-3.6888216853141786,2.6613475e-07,0.0,-0.07533645629882812,-0.00016078846097832277
30000,-0.00031676230719313025,1.942492526723072e-05,-3.6888184428215025,3.787875e-07,0.0,-0.3976482152938843,-0.0001930419648927595
30200,-0.0004081001679878682,2.104556554058945e-05,-3.68881556391716,4.3630598e-07,0.0,-0.062116026878356934,-0.0001940006694195695
30400,-0.00038512982428073883,2.0825931460422e-05,-3.6888142585754395,2.7209518e-07,0.0,-0.36422061920166016,-0.00014454901131011333
30600,-0.0003658508649095893,2.47615829721326e-05,-3.688815838098526,1.8984079e-07,0.0,-0.1497194766998291,-0.0001255112298849781
30800,-0.00018364247807767242,4.465006500140589e-05,-3.6888148546218873,2.589822e-07,0.0,-0.05750632286071777,-0.00012830265169873069
31000,-0.0005919153336435556,2.1288871039359947e-05,-3.6888133108615877,2.452731e-07,0.0,-0.006127715110778809,-0.00014974115737459437
31200,-0.0005394386244006455,2.2868681753607234e-05,-3.6888132631778716,3.477931e-07,0.0,-0.008807659149169922,-0.00016953837939286397
31400,-0.0005383811076171696,3.696114035847131e-05,-3.688810634613037,4.595518e-07,0.0,-0.18130409717559814,-0.00020345622119517516
31600,-0.0002852886391337961,2.8260790759304655e-05,-3.6888128340244295,2.9683113e-07,0.0,-0.03536379337310791,-0.00016350668010387537
31800,-0.00034500760375522077,4.798330028279452e-05,-3.688810920715332,2.8550625e-07,0.0,-0.052361488342285156,-0.00016227570952054293
32000,-0.00027485869941301644,1.8168999849876856e-05,-3.688810259103775,1.820922e-07,0.0,0.04794865846633911,-0.00011415655517694745
32200,-0.00024358797236345708,2.2549193408849534e-05,-3.68881117105484,2.9325486e-07,0.0,-0.3613220453262329,-0.00015017774768337765
32400,-0.0004239807603880763,2.653983042364416e-05,-3.6888110995292664,4.0203332e-07,0.0,-0.21940040588378906,-0.00018418231714003585
32600,-0.00048159685684368014,1.8380074288870672e-05,-3.688806676864624,2.7388333e-07,0.0,0.08628743886947632,-0.0001336681554205299
32800,-0.0003490013477858156,2.8946836982868264e-05,-3.688806301355362,3.5196544e-07,0.0,-0.2348853349685669,-0.00017711170992722457
33000,-0.00022323567827697843,3.977450228376256e-05,-3.6888057231903075,2.795458e-07,0.0,-0.07669329643249512,-0.00016016265063103496
33200,-0.00036648978129960597,2.5171993456751807e-05,-3.6888000428676606,3.0428168e-07,0.0,-0.3121739625930786,-0.0001442940749037669
33400,-0.00045884097926318645,3.66240316452604e-05,-3.6888023138046266,3.1292439e-07,0.0,-0.31750547885894775,-0.00016873326877488992
33600,-0.0001802047190722078,4.857401559092978e-05,-3.688801699876785,2.8461218e-07,0.0,0.07232093811035156,-0.00013770615433907895
33800,-0.0003756678197532892,6.263333534661797e-05,-3.688802421092987,4.0203332e-07,0.0,-0.06855988502502441,-0.00020021656283337742
34000,-0.0005032652406953275,2.42161354435666e-05,-3.688799834251404,3.5524369e-07,0.0,-0.09623336791992188,-0.0001751625214615249
34200,-0.0003381291462574154,2.7124139251100132e-05,-3.688798278570175,2.413988e-07,0.0,-0.07513666152954102,-0.0001473837427033775
34400,-0.00025308068143203855,4.8968224746204214e-05,-3.6888009786605833,2.759695e-07,0.0,-0.053481221199035645,-0.00015141932521736123
34600,-0.00028011243557557464,4.204076276437263e-05,-3.6887998402118685,2.9504298e-07,0.0,-0.10538411140441895,-0.00016131830113044198
34800,-0.00028853019466623664,1.9515806684466952e-05,-3.6887982070446013,3.4570695e-07,0.0,-0.01708054542541504,-0.00016624239035809563
35000,-0.0003387879696674645,2.014667502407974e-05,-3.6887969791889192,2.9802322e-07,0.0,0.05993717908859253,-0.00015049607490743577
35200,-0.0004895562888123095,1.9554352502382243e-05,-3.688790965080261,3.027916e-07,0.0,-0.10431468486785889,-0.00015768100474931047
35400,-0.0002692558628041297,2.661560288288456e-05,-3.68879691362381,2.4318695e-07,0.0,-0.3078852891921997,-0.0001472653747080166
35600,-0.0004552216560114175,1.9992518764411217e-05,-3.688791048526764,3.3974646e-07,0.0,0.07985419034957886,-0.00015734958691719924
35800,-0.00025031418772414327,5.3436738562595564e-05,-3.6887925803661346,2.8312206e-07,0.0,-0.23032796382904053,-0.00016050507258196233
36000,-0.00045414213673211634,1.960712331765535e-05,-3.688790100812912,2.488494e-07,0.0,-0.09458792209625244,-0.0001305381286145435
36200,-0.0005264253122732043,3.863292622554582e-05,-3.688792407512665,2.1785497e-07,0.0,-0.09644174575805664,-0.00013335747444478407
36400,-0.0004748883657157421,2.223483509169455e-05,-3.6887864589691164,3.7431718e-07,0.0,-0.17476558685302734,-0.00018347508534848344
36600,-0.0002553402737248689,2.862113810806477e-05,-3.6887849032878877,2.5987626e-07,0.0,-0.281266450881958,-0.00014796878514182764
36800,-0.0001708571071503684,3.0201720301192835e-05,-3.688781905174255,2.5719405e-07,0.0,-0.009742140769958496,-0.0001411885764323495
37000,-0.0004269084020052105,3.572879313651356e-05,-3.6887817084789276,3.3617022e-07,0.0,-0.06175875663757324,-0.00016513153689345916
37200,-0.0003009663487318903,2.3873595546319847e-05,-3.688779962062836,4.4435262e-07,0.0,-0.12796461582183838,-0.00017981280364639529
37400,-0.0005737431347370148,2.7255818758931126e-05,-3.688782441616058,4.172325e-07,0.0,-0.16446232795715332,-0.000187912962152037
37600,-0.0006121658370830119,1.6925394265854266e-05,-3.6887788593769075,3.1322242e-07,0.0,0.05271643400192261,-0.00016161465431133726
37800,-0.0001918570342240855,1.8684386395761977e-05,-3.688780838251114,2.4497507e-07,0.0,-0.10988390445709229,-0.00010684794925546193
38000,-0.0004517831257544458,4.815111560674268e-05,-3.68877626657486,2.5779008e-07,0.0,-0.13333523273468018,-0.00013793161452577696
38200,-0.00017747993115335703,1.4420863794839534e-05,-3.6887731194496154,2.6077032e-07,0.0,-0.19698309898376465,-0.00014530894111561832
38400,-0.00040906001231633127,4.6154715255397606e-05,-3.6887726902961733,2.4676322e-07,0.0,-0.26299917697906494,-0.00013860613021807744
38600,-0.0005670676473528147,2.8995042384849512e-05,-3.68877369761467,2.554059e-07,0.0,-0.31319236755371094,-0.00012597364894282315
38800,-0.000275153637630865,2.0958152549610532e-05,-3.6887735784053803,2.3156406e-07,0.0,-0.09110009670257568,-0.00012770634922731894
39000,-0.0003228496643714607,1.3271693171645893e-05,-3.688776934146881,3.5226344e-07,0.0,-0.2180863618850708,-0.00016827148113360835
39200,-0.0008139951387420297,2.8183946869830834e-05,-3.6887771666049955,6.7144634e-07,0.0,-0.17616033554077148,-0.0002557567805124616
39400,-0.00029752508271485567,4.3588354674284344e-05,-3.68877774477005,2.9444695e-07,0.0,-0.10451710224151611,-0.00014966563834777346
39600,-0.0003409939236007631,3.5175762786821e-05,-3.6887814521789553,2.4825334e-07,0.0,-0.06553137302398682,-0.0001467075880044133
39800,-0.0004985447158105671,3.4829125388569083e-05,-3.688774746656418,4.780293e-07,0.0,-0.027054429054260254,-0.0002319491213988001
40000,-0.0002968443732243031,1.761308669756545e-05,-3.6887815833091735,2.8997658e-07,0.0,-0.05768907070159912,-0.0001473638237684982
40200,-0.000460701558040455,1.5014134373814158e-05,-3.688781815767288,3.6567448e-07,0.0,-0.1172569990158081,-0.0001626228539720387
40400,-0.00046766528976149857,1.9877910131071985e-05,-3.6887774765491486,3.144145e-07,0.0,-0.01959526538848877,-0.0001566043173219178
40600,-0.0005051296320743859,2.52235920925159e-05,-3.6887794137001038,3.606081e-07,0.0,-0.06310701370239258,-0.0001911645250053773
40800,-0.0003874750400427729,6.948236941752838e-05,-3.6887796998023985,3.20673e-07,0.0,0.011217355728149414,-0.000175940987085621
41000,-0.00040830179932527244,3.772788863898313e-05,-3.6887816786766052,2.95341e-07,0.0,-0.17871296405792236,-0.00017051582784937124
41200,-0.00045449554454535246,2.066447609649913e-05,-3.6887760162353516,4.5031308e-07,0.0,0.03812962770462036,-0.00020875749088031804
41400,-0.0003480253799352795,2.0653038632190146e-05,-3.6887767195701597,3.0070544e-07,0.0,-0.13588976860046387,-0.00015171266036225205
41600,-0.0005282783531583846,5.299865656525071e-05,-3.688775271177292,3.7461518e-07,0.0,-0.0024510622024536133,-0.00020290771047484223
41800,-0.0003283509868197143,3.3157806274175525e-05,-3.688769668340683,2.2202731e-07,0.0,0.04352802038192749,-0.0001289056685353618
42000,-0.0003398495027795434,3.490872963993752e-05,-3.68877118229866,3.570318e-07,0.0,0.04387497901916504,-0.00017088587444185065
42200,-0.0004294113314244896,1.546922107991122e-05,-3.6887763381004333,3.4958123e-07,0.0,-0.3022584915161133,-0.000184353367100476
42400,-0.000378117139916867,9.104218668198882e-06,-3.6887771248817445,2.5451183e-07,0.0,-0.4093203544616699,-0.00015000781409160168
42600,-0.0005520273698493838,2.833516086866439e-05,-3.6887779355049135,3.027916e-07,0.0,0.024154961109161377,-0.00019380752909728405
42800,-0.0003079581947531551,1.3207265260462009e-05,-3.688772517442703,2.3305417e-07,0.0,-0.45348334312438965,-0.00014269089003813296
43000,-0.0004881396016571671,1.3285903582982428e-05,-3.68877711892128,3.7252903e-07,0.0,-0.014593362808227539,-0.00018141552925942105
43200,-0.00043853861279785633,3.947982081626833e-05,-3.688778829574585,2.500415e-07,0.0,-0.10687196254730225,-0.00014083299114304727
43400,-0.00043941717012785375,1.3908689493291603e-05,-3.6887759804725646,2.1249056e-07,0.0,-0.031118392944335938,-0.0001122700427956147
43600,-0.00012248846178408712,3.057492617699609e-05,-3.688776063919067,2.2321939e-07,0.0,-0.06738746166229248,-0.0001292947975996439
43800,-0.00023951353796292096,2.8874543613710556e-05,-3.6887814879417418,1.5586615e-07,0.0,-0.09152233600616455,-0.00010849126979373125
44000,-0.00046786872553639114,4.167896568105789e-05,-3.688774311542511,3.2126903e-07,0.0,-0.15657007694244385,-0.00017031134581462214
44200,-0.0001130820601247251,2.645532194947009e-05,-3.688774514198303,2.4735928e-07,0.0,-0.14597868919372559,-0.00014252082995198646
44400,-0.00033018196700140834,3.777362339860701e-05,-3.6887796938419344,2.2649766e-07,0.0,-0.026149749755859375,-0.00014414903461386076
44600,-0.00032618202385492623,5.3622065115632724e-05,-3.6887786746025086,3.3825637e-07,0.0,-0.031941890716552734,-0.00019383087002364797
44800,-0.00017512807971797884,3.517859690873593e-05,-3.6887807071208956,2.4557116e-07,0.0,-0.4321485757827759,-0.0001433887635616804
45000,-0.0002545480674598366,2.8645319889619714e-05,-3.6887790858745575,2.8073788e-07,0.0,-0.021306395530700684,-0.00014567401904093115
45200,-0.00023601764405611902,2.604966020953725e-05,-3.6887802839279176,2.0295383e-07,0.0,0.008138000965118408,-0.00011243736776724855
45400,-0.00029841894865967333,2.6881729081651428e-05,-3.6887784779071806,2.580881e-07,0.0,0.007059156894683838,-0.00013544751717291524
45600,-0.0003561109188012779,3.497560760479246e-05,-3.6887799382209776,2.1576881e-07,0.0,-0.03169083595275879,-0.00013085631946432307
45800,-0.0003921448951587081,3.470262045084383e-05,-3.688780117034912,3.8921831e-07,0.0,-0.35394787788391113,-0.00021000747319271929
46000,-0.0003787419118452817,1.2965934911335352e-05,-3.6887833297252657,2.7179718e-07,0.0,-0.07520627975463867,-0.00016652475244658405
46200,-0.0003836711694020778,2.771948643385258e-05,-3.688780838251114,3.477931e-07,0.0,0.05996978282928467,-0.00016731288429165935
46400,-0.00039688736433163285,1.311169254449851e-05,-3.688778877258301,2.5272368e-07,0.0,-0.4172435998916626,-0.0001532530628796769
46600,-0.00032155378721654415,2.4788330551928085e-05,-3.688779056072235,3.659725e-07,0.0,-0.3222404718399048,-0.00018080274870828638
46800,-0.00025491215637885034,2.4241793084911478e-05,-3.688778132200241,2.926588e-07,0.0,-0.09074974060058594,-0.00014093519757198968
47000,-0.0005291117704473436,1.1430884910623718e-05,-3.688777232170105,3.284216e-07,0.0,-0.42506134510040283,-0.00017567149618047395
47200,-0.00019225791038479656,1.694814061465877e-05,-3.688777059316635,3.668666e-07,0.0,-0.0675194263458252,-0.0001656112413003452
47400,-0.0002346601540921256,3.704868136082951e-05,-3.6887775182724,2.3156403e-07,0.0,-0.06958949565887451,-0.0001266621938309953
47600,-0.0002656361029949039,2.5905716256602318e-05,-3.6887787580490112,3.0487774e-07,0.0,-0.27591514587402344,-0.00014608478248328004
47800,-0.00024415377993136644,2.8148323372079177e-05,-3.6887785613536836,2.2798775e-07,0.0,-0.05027484893798828,-0.00013077804360310806
48000,-0.00037355488166213036,3.4997272086911836e-05,-3.6887791991233825,2.5421383e-07,0.0,-0.12391722202301025,-0.00014412277201245605
48200,-0.0004268405318725854,2.1606375662486242e-05,-3.688779801130295,2.798438e-07,0.0,-0.40904879570007324,-0.00015758754311172573
48400,-0.0002607356000225991,3.237780802010093e-05,-3.6887753784656523,1.9222497e-07,0.0,-0.08583629131317139,-0.00010928225546891213
48600,-0.00029081778484396636,2.461287999722117e-05,-3.688771975040436,2.2530556e-07,0.0,0.006473958492279053,-0.00011671887950239767
48800,-0.00028529908740893006,3.162889383929723e-05,-3.688773959875107,3.6865472e-07,0.0,-0.308438777923584,-0.0002045020653486107
49000,-0.00029623304726555943,1.542641080050089e-05,-3.6887738168239594,2.5361777e-07,0.0,-0.0421220064163208,-0.000144376159271703
49200,-0.0004290727956686169,3.447862500252086e-05,-3.6887689769268035,4.3958423e-07,0.0,-0.1820688247680664,-0.00020274277774108286
49400,-0.00031327109900303185,1.4928547534509562e-05,-3.6887715280056,3.8981437e-07,0.0,0.018485188484191895,-0.0001867697696830817
49600,-0.00042434706119820476,1.605768420631648e-05,-3.6887680113315584,2.631545e-07,0.0,-0.0754932165145874,-0.00016385603488209278
49800,-0.0003662438248284161,3.7097184167578236e-05,-3.688767224550247,2.5063753e-07,0.0,-0.05856001377105713,-0.00014537215730285878
50000,-0.0005036136717535555,2.2239380541577702e-05,-3.6887659788131715,3.4093856e-07,0.0,0.13488680124282837,-0.00018257414540698847
50200,-0.0003335413057357073,4.962799248460214e-05,-3.6887621581554413,3.7014485e-07,0.0,-0.017254233360290527,-0.0001615295417041196
50400,-0.00044424133375287056,3.066700792260235e-05,-3.688761818408966,3.013015e-07,0.0,-0.23679029941558838,-0.0001506284025701965
50600,-0.0004010973498225212,3.877639742313477e-05,-3.6887580335140226,5.1170593e-07,0.0,-0.08352828025817871,-0.00022050429209001797
50800,-0.0004607550799846649,3.645827032414672e-05,-3.6887585699558256,3.59416e-07,0.0,0.03346264362335205,-0.00018568708720749781
51000,-0.0003273830807302147,2.638879491314583e-05,-3.6887610495090484,3.1024217e-07,0.0,-0.2539994716644287,-0.000159720240871708
51200,-0.00026316032744944096,1.784403300462145e-05,-3.6887569308280943,2.527237e-07,0.0,0.06441366672515869,-0.0001420510105802908
51400,-0.0003854555543512106,4.1296385097666645e-05,-3.68875475525856,2.7924776e-07,0.0,-0.05548238754272461,-0.00015582529467166316
51600,-0.0006176806055009365,2.5440702029300154e-05,-3.68875874876976,4.4196844e-07,0.0,0.04412609338760376,-0.00022790552720676206
51800,-0.0003263778053224087,3.5365420762900614e-05,-3.6887628972530364,3.0577183e-07,0.0,-0.18762290477752686,-0.00014474852441549447
52000,-0.00031153392046689987,2.0497744935710215e-05,-3.6887631177902223,1.3709068e-07,0.0,-0.31839263439178467,-0.00010013256816367999
52200,-0.0004994521150365472,2.3178475430540857e-05,-3.6887573122978212,3.2782555e-07,0.0,-0.18032288551330566,-0.00017499103405151927
52400,-0.00010613533231662586,3.5229214972787304e-05,-3.688753420114517,2.539158e-07,0.0,-0.14561080932617188,-0.00013134624036024168
52600,-0.0002068242320092395,4.0820449567036124e-05,-3.6887580692768096,2.655387e-07,0.0,-0.07114219665527344,-0.00015070776778682848
52800,-0.00035205413587391376,1.68920486657953e-05,-3.688750445842743,2.2292139e-07,0.0,-0.23793375492095947,-0.00012232296150487264
53000,-0.00025611999444663525,1.7421984784959933e-05,-3.6887526750564574,2.643466e-07,0.0,-0.03163290023803711,-0.00013731497534905657
53200,-0.00043196100159548223,2.8458987253543454e-05,-3.6887525975704194,3.4451486e-07,0.0,-0.03349435329437256,-0.00019964971985837466
53400,-0.00013922987272962928,2.1417785842459124e-05,-3.68875338435173,1.6450882e-07,0.0,-0.2645779848098755,-9.561759296672356e-05
53600,-0.0004094438918400556,2.0641202718252315e-05,-3.688757801055908,3.8683413e-07,0.0,-0.44487667083740234,-0.00018083824255640257
53800,-0.00036006412119604647,3.309072849333461e-05,-3.6887570440769197,3.4600495e-07,0.0,0.02047520875930786,-0.00017116595849073769
54000,-0.00032891426235437393,3.103880549133464e-05,-3.688763350248337,2.1576881e-07,0.0,0.07580298185348511,-0.00013653123391419442
54200,-0.0005479564424604177,4.250541032888577e-05,-3.688767504692078,3.4213065e-07,0.0,-0.19022226333618164,-0.00017429046024768357
54400,-0.00020380683417897671,3.20371840189182e-05,-3.6887672662734987,2.8908252e-07,0.0,0.022208094596862793,-0.00016749653326268986
54600,-0.00039376303902827203,2.9294572641447303e-05,-3.6887670516967774,3.8683416e-07,0.0,-0.048461079597473145,-0.0001618644747165998
54800,-0.0002043400309048593,1.7725284328662384e-05,-3.6887628853321077,2.3037194e-07,0.0,-0.01840043067932129,-0.00011064945118866021
55000,-0.0005138766136951745,2.045481628556445e-05,-3.688760703802109,4.7177076e-07,0.0,-0.16658878326416016,-0.0001784973067298523
55200,-0.0003890918451361358,2.2757284136787347e-05,-3.688765197992325,2.8520822e-07,0.0,-0.06606972217559814,-0.0001751796092874347
55400,-0.00027568728546611965,2.3239440747602202e-05,-3.6887625098228454,2.9921532e-07,0.0,-0.14446663856506348,-0.00013460223294616824
55600,-0.0002994421520270407,3.522520989918121e-05,-3.688765913248062,2.7090312e-07,0.0,-0.15250813961029053,-0.00013658390920432418
55800,-0.0005121079739183187,1.8055327109323117e-05,-3.6887654423713685,2.8043985e-07,0.0,-0.33804595470428467,-0.00016240882843470138
56000,-0.00024531432427465916,5.03905455389031e-05,-3.6887589037418365,2.4765728e-07,0.0,-0.07376790046691895,-0.00014777839823292281
56200,-0.00030210919794626534,3.184027809766121e-05,-3.688761454820633,3.6507845e-07,0.0,-0.03317999839782715,-0.0001668042984634077
56400,-0.00036454491782933474,2.7960936040472007e-05,-3.6887590944767,2.9176474e-07,0.0,-0.04280507564544678,-0.00014914861461625683
56600,-0.00043506035581231117,3.658162645479024e-05,-3.688766860961914,2.6464463e-07,0.0,-0.22342979907989502,-0.00012332317321761543
56800,-0.0003000489086844027,2.7418351965025068e-05,-3.688765507936478,2.7805567e-07,0.0,-0.0879589319229126,-0.00014727005374235436
57000,-0.00033439951948821545,1.709182004105969e-05,-3.688770258426666,2.3841858e-07,0.0,-0.10037112236022949,-0.00014886876902364676
57200,-0.0005476392689161003,3.04484196476551e-05,-3.6887695848941804,4.386902e-07,0.0,-0.23538339138031006,-0.0002046020625469991
57400,-0.00026139311376027763,2.1519167580663635e-05,-3.688761556148529,3.007054e-07,0.0,0.04443913698196411,-0.00016265411005178532
57600,-0.00027640993357636034,5.2478553789114814e-05,-3.688760632276535,4.3988229e-07,0.0,-0.0852811336517334,-0.0001794801735448992
57800,-0.00026518446975387633,2.7133691764902325e-05,-3.6887611985206603,2.4557113e-07,0.0,-0.1773315668106079,-0.00011680690243383585
58000,-0.00029635216924361885,2.5079326519517053e-05,-3.68876166343689,1.8656254e-07,0.0,-0.08355581760406494,-0.00011834123741247816
58200,-0.0006638962659053504,2.69874164587236e-05,-3.6887607097625734,6.327033e-07,0.0,-0.245019793510437,-0.0002694138427687509
58400,-0.00027065578615292907,2.8291890885157045e-05,-3.6887653470039368,3.1083823e-07,0.0,-0.07986068725585938,-0.000146134525667041
58600,-0.00040676462231203914,3.01229364140454e-05,-3.6887624979019167,2.968311e-07,0.0,-0.34388256072998047,-0.00016413556163668018
58800,-0.00031514244619756937,3.6928452254869625e-05,-3.6887599647045137,2.9444695e-07,0.0,0.035732150077819824,-0.00015453608405915364
59000,-0.000398286763811484,2.9036326759523944e-05,-3.6887608051300047,2.7209518e-07,0.0,-0.2211930751800537,-0.00014965118558211144
59200,-0.00033190345857292414,4.347065696492791e-05,-3.688762229681015,2.1010638e-07,0.0,-0.09530937671661377,-0.00011969895659209584
59400,-0.00017941033001989126,4.154218186158687e-05,-3.688763511180878,2.7358533e-07,0.0,0.05830174684524536,-0.00014402161649229583
59600,-0.0003346830199006945,2.3830140276004385e-05,-3.6887629508972166,2.3066997e-07,0.0,-0.26109743118286133,-0.00012844973850993923
59800,-0.00018723259563557804,1.5449833188085905e-05,-3.6887651324272155,2.5600193e-07,0.0,-0.040302395820617676,-0.00012670872255091532
60000,-0.0004000032786279917,1.9886924269485463e-05,-3.6887659549713137,3.284216e-07,0.0,7.927417755126953e-05,-0.00016920463737379876
60200,-0.00034891575342044234,2.680830252757005e-05,-3.6887659907341,4.6223403e-07,0.0,-0.018983960151672363,-0.00021892555165183846
60400,-0.00016498976037837565,1.9848445685965998e-05,-3.6887610614299775,2.580881e-07,0.0,-0.05382120609283447,-0.0001388093695027237
60600,-0.0003805230080615729,1.652661646858178e-05,-3.688763070106506,2.2560357e-07,0.0,-0.03219246864318848,-0.00014148457546436788
60800,-0.00033165886998176575,4.3785140587715435e-05,-3.68875492811203,3.2395127e-07,0.0,-0.08573484420776367,-0.000157159388142869
61000,-0.0004888090188615024,2.6600432147461105e-05,-3.688758611679077,2.977252e-07,0.0,-0.18417155742645264,-0.00016602198086119736
61200,-0.00035859463969245553,2.49651032845577e-05,-3.688753014802933,2.6881696e-07,0.0,0.07285863161087036,-0.00015306086789053098
61400,-0.00027401672559790313,2.826230179380218e-05,-3.6887515604496004,1.9699335e-07,0.0,-0.13517343997955322,-0.0001121226555228505
61600,-0.0004087779961992055,1.8664550816538393e-05,-3.68874654173851,2.5629998e-07,0.0,-0.18095195293426514,-0.00015056292627777524
61800,-0.0004708461638074368,3.7855405071240963e-05,-3.688744270801544,4.1633842e-07,0.0,-0.20231831073760986,-0.00021065409570975024
62000,-0.0003660125657916069,3.0364120311787703e-05,-3.688746786117554,2.8729437e-07,0.0,-0.06553983688354492,-0.00012207591500836834
62200,-0.0005703402566723526,3.731568804141716e-05,-3.688748800754547,4.2647122e-07,0.0,-0.11525917053222656,-0.00020733813856395057
62400,-0.00014438100333791226,2.606276289043308e-05,-3.68875190615654,2.1964311e-07,0.0,0.12492489814758301,-0.00011692027838985374
62600,-0.0003543298807926476,5.570595303652226e-05,-3.6887531042099,3.3706425e-07,0.0,-0.10391402244567871,-0.0001714327642619029
62800,-0.00029081408865749836,2.6505948790145338e-05,-3.6887530386447906,3.8057567e-07,0.0,-0.1782398223876953,-0.00018650643644662067
63000,-0.0003413854574318975,2.7779115316661774e-05,-3.6887502908706664,3.063679e-07,0.0,-0.18841016292572021,-0.00016293921402756872
63200,-0.0003463522298261523,2.6512008389545372e-05,-3.688757288455963,2.026558e-07,0.0,-0.11154544353485107,-0.0001225625262432084
63400,-0.00019162395619787276,1.6244436505985504e-05,-3.688755226135254,1.7970801e-07,0.0,-0.16692042350769043,-0.00011692455286833603
63600,-0.00034406824852339923,1.8691823902372563e-05,-3.6887551963329317,3.156066e-07,0.0,0.03813278675079346,-0.00017028173843152138
63800,-0.0007491876021958888,3.360864347996539e-05,-3.6887521505355836,4.2855737e-07,0.0,-0.10038363933563232,-0.00022144424755787817
64000,-0.00033006584271788597,2.3985434427231667e-05,-3.688751000165939,2.065301e-07,0.0,-0.08480501174926758,-0.0001289230143810327
64200,-0.00035699704312719405,1.9071258975600358e-05,-3.688752120733261,3.570318e-07,0.0,-0.06308603286743164,-0.0001874077914290062
64400,-0.00014790959539823234,4.229276241858315e-05,-3.6887534260749817,1.5825033e-07,0.0,-0.053685665130615234,-8.7708353717586e-05
64600,-0.0006529910024255514,2.9780554405078875e-05,-3.6887544989585876,5.5313114e-07,0.0,0.05590236186981201,-0.0002519298338517384
64800,-0.00036899533006362617,1.9536036302270076e-05,-3.688757085800171,2.849102e-07,0.0,0.01935046911239624,-0.00014696044366711015
65000,-0.0005306917009875178,1.508009177086933e-05,-3.6887517631053925,3.0845405e-07,0.0,0.11193513870239258,-0.0001666030644943195
65200,-0.0002547275216784328,2.1474170216606582e-05,-3.688757437467575,3.5911796e-07,0.0,-0.23977363109588623,-0.00017863035349345856
65400,-0.00024104834301397204,4.669345489674015e-05,-3.688755285739899,2.142787e-07,0.0,0.03344458341598511,-0.00011779089206402915
65600,-0.00045294768642634153,3.295308356427995e-05,-3.688755190372467,4.61638e-07,0.0,-0.21300411224365234,-0.00019840107213487946
65800,-0.0002712649875320494,2.3974215764610562e-05,-3.6887540459632873,3.7252903e-07,0.0,0.07488232851028442,-0.00016136975591209967
66000,-0.0005356559995561838,3.115935342066223e-05,-3.688755530118942,3.7133697e-07,0.0,-0.05562436580657959,-0.00019831340060614267
66200,-0.0004016994789708406,1.2685743377005565e-05,-3.688751143217087,2.5182965e-07,0.0,0.04710507392883301,-0.0001461256736669192
66400,-0.00016803712060209364,3.0598661533076664e-05,-3.6887495875358582,3.3617022e-07,0.0,0.0301361083984375,-0.00013986513024661918
66600,-0.0004926594556309283,2.798796185743413e-05,-3.688748079538345,3.761053e-07,0.0,-0.07981228828430176,-0.00017166798182639554
66800,-0.00020047178259119391,9.042229430633597e-06,-3.6887521743774414,2.2381545e-07,0.0,-0.22761130332946777,-0.0001286045019808224
67000,-0.000406973238568753,2.467578710820817e-05,-3.6887533485889437,3.3289194e-07,0.0,-0.14105558395385742,-0.0001594730616918616
67200,-0.0003130316035822034,3.613057770053274e-05,-3.6887591004371645,2.2292136e-07,0.0,0.057845890522003174,-0.00013398744836545795
67400,-0.0005992519436404109,5.0635801198950506e-05,-3.6887568295001985,5.9038405e-07,0.0,-0.03355073928833008,-0.00026607434558427733
67600,-0.0004384460626170039,2.588461065897718e-05,-3.688755464553833,3.1739472e-07,0.0,-0.038442015647888184,-0.00015159824482862126
67800,-0.0003735778445843607,1.772788614289311e-05,-3.6887551307678224,2.589822e-07,0.0,-0.02975928783416748,-0.00014882547403400893
68000,-0.0003018329734914005,1.772992752648861e-05,-3.688753139972687,3.2901767e-07,0.0,0.0917019248008728,-0.00015451669722625904
68200,-0.0003945330681744963,4.5647228125744733e-05,-3.688754588365555,3.9488077e-07,0.0,-0.032473206520080566,-0.00018146823011055968
68400,-0.00023299589520320296,2.871395690817735e-05,-3.6887541115283966,1.874566e-07,0.0,-0.21303653717041016,-0.00010792750062494915
68600,-0.0001541116798762232,2.678003354503744e-05,-3.6887512862682343,2.6226041e-07,0.0,-0.10913944244384766,-0.00014299067968295275
68800,-0.0005280498880892992,4.273231465958816e-05,-3.6887555062770843,4.118681e-07,0.0,-0.11488080024719238,-0.00019284988929666458
69000,-0.0003526726213749498,3.6204783236826187e-05,-3.688757264614105,2.8818846e-07,0.0,-0.010598897933959961,-0.0001438785289256117
69200,-0.0003429621283430606,2.889450547627348e-05,-3.6887536883354186,2.717972e-07,0.0,0.03736579418182373,-0.0001414663720265219
69400,-0.00022467509552370757,1.285463549720589e-05,-3.6887534081935884,3.0606986e-07,0.0,-0.20626235008239746,-0.00015918696710195412
69600,-0.00029286748031154275,2.748053339018952e-05,-3.68875789642334,3.358722e-07,0.0,0.012917757034301758,-0.00017375706225841725
69800,-0.000304256594972685,2.21871366193227e-05,-3.688749873638153,3.8295985e-07,0.0,-0.015529155731201172,-0.00019316246355502998
70000,-0.0005329794948920608,5.706200709028053e-05,-3.68875247836113,3.8832425e-07,0.0,-0.1433396339416504,-0.00018975373424779952
70200,-0.00035425848909653723,1.483580012973107e-05,-3.6887517094612123,2.1815299e-07,0.0,-0.3053920269012451,-0.00011954537751663885
70400,-0.00025401206221431494,1.4955952156014974e-05,-3.6887504398822784,2.926588e-07,0.0,-0.11776292324066162,-0.00013614033044817564
70600,-0.0005152718513272703,2.893526775551436e-05,-3.6887511610984802,2.9414892e-07,0.0,-0.09103071689605713,-0.00015295457976085557
70800,-0.00036515193642117083,6.632956137764268e-05,-3.688753825426102,5.024672e-07,0.0,0.053150713443756104,-0.00021198360540144456
71000,-0.00012294390762690455,8.195914451789577e-05,-3.688755613565445,2.4437904e-07,0.0,-0.07454466819763184,-0.00012430956977140805
71200,-0.00029404775705188513,2.2886260308041528e-05,-3.688754278421402,2.3841858e-07,0.0,0.06720519065856934,-0.00013189654111104288
71400,-0.0004893256118521094,1.478294805110636e-05,-3.688753044605255,3.4958126e-07,0.0,0.0726807713508606,-0.00018454165920616105
71600,-0.0005660630413331091,1.8873645694839068e-05,-3.6887546718120574,3.7759543e-07,0.0,-0.010552287101745605,-0.000197530325711881
71800,-0.0003685732663143426,2.3458988152924576e-05,-3.6887565314769746,2.4825334e-07,0.0,0.1227673888206482,-0.00011989127791758313
72000,-0.0004233529034536332,5.461901773742284e-05,-3.6887602686882017,4.7415494e-07,0.0,0.07549995183944702,-0.0002178016593566312
72200,-0.0004049487761221826,3.860581250592077e-05,-3.6887545764446257,3.8444995e-07,0.0,-0.36297285556793213,-0.00017310374943355634
72400,-0.0003033837128896266,3.0339679688040634e-05,-3.6887499570846556,3.7133694e-07,0.0,0.027121901512145996,-0.00018687117128775023
72600,-0.00047253334196284413,3.381285202976869e-05,-3.6887496769428254,3.7282706e-07,0.0,-0.24863040447235107,-0.0001628940238795007
72800,-0.00027742175734601915,4.142877055528516e-05,-3.688750147819519,2.9474498e-07,0.0,-0.02486288547515869,-0.00016428752225283727
73000,-0.00020868677529506385,8.277159067802132e-05,-3.688743543624878,2.0951032e-07,0.0,-0.08673417568206787,-0.00012224391804920297
73200,-0.00031284804572351277,3.1770617397341994e-05,-3.688742846250534,4.887581e-07,0.0,-0.06218838691711426,-0.00020947672520277294
73400,-0.00041385419899597764,1.945960552802717e-05,-3.688741171360016,2.864003e-07,0.0,-0.011905074119567871,-0.00016037623680358325
73600,-0.00038839629269205034,3.12242753807368e-05,-3.6887423992156982,2.43783e-07,0.0,-0.04524219036102295,-0.00013896702206750433
73800,-0.0004016806196887046,2.4179412207558926e-05,-3.688746678829193,3.284216e-07,0.0,-0.1981067657470703,-0.00013887974724298148
74000,-0.0005399946821853518,2.3900237033558368e-05,-3.68874152302742,3.7789346e-07,0.0,-0.14328372478485107,-0.0001800295826177578
74200,-0.00026181942666880786,2.288391012825741e-05,-3.6887452721595766,2.0444395e-07,0.0,-0.010582208633422852,-0.00012203960080614529
74400,-0.00039456767262890935,2.5994772204285255e-05,-3.688740622997284,2.1785497e-07,0.0,-0.14280426502227783,-0.0001412344444931879
74600,-0.0002892376505769789,4.223612459099968e-05,-3.6887406706809998,2.1487475e-07,0.0,0.10064911842346191,-0.00013106707363408354
74800,-0.0004954240866936743,3.223125454496767e-05,-3.688733148574829,3.8892034e-07,0.0,0.01987743377685547,-0.0001893848030424472
75000,-0.00034436420537531376,1.9641197059172556e-05,-3.688741219043732,2.7477742e-07,0.0,-0.25109946727752686,-0.00014006045082306517
75200,-0.0003637312911450863,2.75356550446304e-05,-3.688741034269333,3.1560657e-07,0.0,0.0017879009246826172,-0.00017512777415958913
75400,-0.0003417598782107234,1.278947315768164e-05,-3.688737416267395,2.6434662e-07,0.0,-0.04871940612792969,-0.00013182826614968057
75600,-0.00034243741538375616,9.817237332754302e-06,-3.6887420296669005,3.966689e-07,0.0,-0.663161039352417,-0.00017582142442393867
75800,-0.0003098440356552601,1.4883331959936186e-05,-3.6887415289878844,3.33488e-07,0.0,0.0043454766273498535,-0.00018200117430091644
76000,-0.0001900274510262534,3.654883225863159e-05,-3.6887448132038116,2.512336e-07,0.0,-0.10682141780853271,-0.00011871474949941563
76200,-0.00021100441517774016,1.7182446185870504e-05,-3.6887372374534606,2.4348498e-07,0.0,-0.07467007637023926,-0.00012431093976372765
76400,-0.00027440086705610156,2.0319852433203776e-05,-3.688746118545532,3.8325788e-07,0.0,-0.07996952533721924,-0.0001654571586284459
76600,-0.0002100951678585261,1.4750133664165332e-05,-3.688743954896927,1.9162894e-07,0.0,-0.04796195030212402,-0.00011490937316978034
76800,-0.000488694291561842,8.32661043546068e-06,-3.6887443244457243,3.2275915e-07,0.0,0.19440406560897827,-0.00017090465766376184
77000,-0.0004579527594614774,3.703223574120784e-05,-3.68874254822731,2.720952e-07,0.0,0.03185921907424927,-0.00016083051326587494
77200,-0.00024888297775760293,1.710520343749522e-05,-3.688742870092392,2.9474495e-07,0.0,-0.09877502918243408,-0.00015619872540514334
77400,-0.0002599158033262938,2.210448715231905e-05,-3.688746893405914,1.6748905e-07,0.0,-0.007875323295593262,-0.00011102406592459202
77600,-0.0004084498214069754,2.075096870157722e-05,-3.688744455575943,2.9206274e-07,0.0,-0.04483342170715332,-0.0001739843918864503
77800,-0.0004660328268073499,2.180644926284003e-05,-3.688752067089081,3.7282703e-07,0.0,-0.034273743629455566,-0.00019238145731816368
78000,-0.0005342242657206953,2.9564586338892695e-05,-3.6887501657009123,3.4838914e-07,0.0,0.15101253986358643,-0.00016823430390164874
78200,-0.0001462227082811296,2.0805788881261834e-05,-3.688744235038757,2.3812055e-07,0.0,-0.06751894950866699,-0.00012746317780436555
78400,-0.0005081616691313684,3.065907308155147e-05,-3.688748908042908,5.5730345e-07,0.0,-0.018437981605529785,-0.00024839964536269574
78600,-0.00025637869839556515,3.0806699442109675e-05,-3.688747465610504,3.1709672e-07,0.0,-0.1492328643798828,-0.00014133304332938356
78800,-0.0003207178961019963,2.2394053644347878e-05,-3.6887468457221986,2.360344e-07,0.0,-0.15973520278930664,-0.0001359806587561241
79000,-0.00034102375502698123,1.741611768011353e-05,-3.6887433409690855,2.9444695e-07,0.0,0.030520975589752197,-0.00016020969966117348
79200,-0.0005976753891445696,1.6345074732271315e-05,-3.68874591588974,3.7789346e-07,0.0,0.12198841571807861,-0.00018607687860003886
79400,-0.0002502900897525251,1.889712389129272e-05,-3.688749486207962,2.837181e-07,0.0,0.0486871600151062,-0.0001510609599961299
79600,-0.0006560737383551896,1.4837091453046013e-05,-3.688743990659714,4.5448542e-07,0.0,-0.483005166053772,-0.00018484279431196793
79800,-0.0004931380390189588,1.3234827781616331e-05,-3.688746279478073,3.6984682e-07,0.0,-0.08174479007720947,-0.0001811517837129406
80000,-0.0005917231319472194,2.8672679036390036e-05,-3.6887529253959657,3.528595e-07,0.0,-0.08752989768981934,-0.00018833324229996506
80200,-0.00015457236440852284,2.296234540608566e-05,-3.6887480080127717,3.039837e-07,0.0,-0.09525394439697266,-0.00014416161116130865
80400,-0.0004547117277979851,1.0970424978040682e-05,-3.688746988773346,2.3692846e-07,0.0,-0.09514057636260986,-0.00014023814276740155
80600,-0.0004888177500106394,6.098652551145278e-06,-3.688746052980423,2.1845102e-07,0.0,0.13541239500045776,-0.00014297508516172285
80800,-0.0001362689508823678,5.038057115314132e-06,-3.6887443542480467,2.4735928e-07,0.0,-0.547889232635498,-0.00013238501538881398
81000,-0.0005621805903501809,3.5077650110793e-06,-3.688750272989273,3.1083823e-07,0.0,-0.21157324314117432,-0.00016026837584419694
81200,-0.00037184954271651804,2.7183455408419375e-06,-3.6887537837028503,2.8550625e-07,0.0,-0.906474232673645,-0.00013800112839534862
81400,-0.0005499683902598917,2.2035915151263906e-06,-3.6887533128261567,3.9190053e-07,0.0,-0.6055514812469482,-0.00020270599625362706
81600,-0.0003152193094138056,1.947699040272255e-06,-3.6887498557567597,2.6583672e-07,0.0,-1.4367024898529053,-0.00014328224869455397
81800,-0.0003259796358179301,1.3456961681868052e-06,-3.688756376504898,1.9848346e-07,0.0,-0.4351208209991455,-0.00011207517894922248
82000,-0.0003423549060244113,1.114615754005399e-06,-3.688753402233124,2.6285647e-07,0.0,-6.625603199005127,-0.00014178669865358984
82200,-0.00037082654307596385,9.057873441520314e-07,-3.6887503445148466,3.197789e-07,0.0,-5.540781021118164,-0.00016377874486561694
82400,-0.000521804322488606,9.177360894341291e-07,-3.6887561082839966,3.9070846e-07,0.0,-1.2731220722198486,-0.00020474332652291593
82600,-0.0004832622071262449,6.335246403921247e-07,-3.6887539088726045,2.670288e-07,0.0,-6.195062637329102,-0.00015176618056074177
82800,-0.0003903668839484453,3.6731368417974864e-07,-3.688758450746536,2.6583672e-07,0.0,-0.8357737064361572,-0.00013833349955034714
83000,-0.00021971719979774207,3.1830049795900095e-07,-3.6887606501579286,1.8835067e-07,0.0,-0.6221683025360107,-0.00010074447093391114
83200,-0.0001880735217127949,4.7206581470504717e-07,-3.688754218816757,2.3156406e-07,0.0,-3.4486961364746094,-0.0001300535500003086
83400,-0.0004144120612181723,4.0648181816038685e-07,-3.6887552618980406,2.3186206e-07,0.0,-4.77635383605957,-0.00013729987942259214
83600,-0.0003527197113726288,3.7105733952103037e-07,-3.688751536607742,1.9848346e-07,0.0,-3.77325439453125,-0.00010584379764857487
83800,-0.0005800386425107718,3.5829877873538864e-07,-3.6887504756450653,4.0918587e-07,0.0,-2.3681650161743164,-0.00020543859815145283
84000,-0.00031758041586726904,2.890835453683849e-07,-3.6887534737586973,2.9176474e-07,0.0,-1.3149218559265137,-0.0001597832001101196
84200,-0.0003032769891433418,1.7558705600606572e-07,-3.688757246732712,2.3365021e-07,0.0,-4.071429252624512,-0.00012767375998441467
84400,-0.0004005454247817397,2.5911962975300185e-07,-3.688755965232849,3.2901764e-07,0.0,-0.9894546270370483,-0.00015976887862709788
84600,-0.0003405633906368166,2.3285692591912265e-07,-3.6887539863586425,3.5256147e-07,0.0,-5.734892845153809,-0.00016457036245949298
84800,-0.0002484426076989621,3.257675878387545e-07,-3.688759136199951,2.9385092e-07,0.0,-2.030564308166504,-0.00016549040323923236
85000,-0.000316143297823146,1.4995786248306331e-07,-3.6887627124786375,2.2292136e-07,0.0,-3.7857909202575684,-0.00011618813124707472
85200,-0.0003361779672559351,1.5359006759751993e-07,-3.688760256767273,2.902746e-07,0.0,-2.2476108074188232,-0.00014928115939230046
85400,-0.0003188862756360322,1.1690080299331385e-07,-3.688757222890854,2.9563904e-07,0.0,-0.6086310148239136,-0.00016716825389719858
85600,-0.00038206964381970465,2.1984395139895697e-07,-3.6887518644332884,2.7179718e-07,0.0,-1.9669163227081299,-0.00015254995161013697
85800,-0.0004568536242004484,3.157579836710056e-07,-3.68875030875206,3.1083823e-07,0.0,-2.602484703063965,-0.00018731921856458557
86000,-0.00033746837289072573,1.6872881420937346e-07,-3.6887528240680694,3.1709672e-07,0.0,-1.731163740158081,-0.00014719411908039603
86200,-0.00037826382322236896,3.85459472340699e-07,-3.6887478709220884,3.2812358e-07,0.0,-2.8154115676879883,-0.0001580107807803932
86400,-0.0002232967090094462,2.217032264439922e-07,-3.6887495160102843,1.7106532e-07,0.0,-2.2566018104553223,-0.00010011014295481235
86600,-0.00036462899879552424,2.9434301680453244e-07,-3.6887463986873628,2.449751e-07,0.0,-1.047384262084961,-0.00015445569208072385
86800,-0.0006028130301274359,1.6188623153112758e-07,-3.6887468695640564,3.758073e-07,0.0,-0.9388351440429688,-0.00019548597179941396
87000,-0.0004557725915219635,1.3910988254650648e-07,-3.6887432634830475,2.1010638e-07,0.0,-0.5542901754379272,-0.00012653280007139943
87200,-0.00036991439992561936,2.6423018546495313e-07,-3.6887480080127717,2.9057264e-07,0.0,-6.9875593185424805,-0.00014801561936703678
87400,-0.00022180214000400156,2.409228720523515e-07,-3.68874676823616,3.0130147e-07,0.0,-1.0637242794036865,-0.0001694967880513598
87600,-0.0003806728927884251,1.954120147473759e-07,-3.688749623298645,3.4689901e-07,0.0,-0.23843419551849365,-0.00017137321059323973
87800,-0.00030834253993816674,4.033546808557276e-07,-3.6887536346912384,4.312396e-07,0.0,-1.0155701637268066,-0.000195089220376643
88000,-0.00039966028998605907,1.4467536910700573e-07,-3.688756823539734,2.488494e-07,0.0,0.08299756050109863,-0.00013900923503513268
88200,-0.0001693965750746429,2.904934945036075e-07,-3.6887568473815917,1.4066697e-07,0.0,-2.3242123126983643,-9.000164308750058e-05
88400,-0.000537198327947408,2.003218373403115e-07,-3.688752794265747,3.5613775e-07,0.0,-3.47477388381958,-0.00017611018712853087
88600,-0.0003434475511312485,2.8807316319046097e-07,-3.6887495279312135,2.5838614e-07,0.0,-3.168097972869873,-0.00014234258266742071
88800,-0.0003698383807204664,2.6087942472940995e-07,-3.6887487292289736,2.6017426e-07,0.0,-2.882350206375122,-0.00014416313122271872
89000,-0.0004429486289154738,2.2411522309084831e-07,-3.6887479424476624,2.530217e-07,0.0,-7.337645530700684,-0.00013167911822915547
89200,-0.00028356414986774325,1.616453831232434e-07,-3.6887506246566772,2.413988e-07,0.0,-4.881057262420654,-0.0001352867861322715
89400,-0.00025153777096420527,2.3993545461564736e-07,-3.6887444496154784,1.4215708e-07,0.0,-1.354874610900879,-8.921514451309953e-05
89600,-0.0004418723692651838,1.5024789519202385e-07,-3.688746529817581,2.8192997e-07,0.0,-3.7738208770751953,-0.00015187588365894733
89800,-0.0004382246406748891,1.8514366040278674e-07,-3.6887453317642214,2.580881e-07,0.0,-3.9439287185668945,-0.0001327416901399481
90000,-0.00038756828871555626,2.293574716816238e-07,-3.6887467980384825,3.555417e-07,0.0,-5.983880996704102,-0.00018439765187440172
90200,-0.00037015360430814326,1.3650533876585768e-07,-3.6887454986572266,2.2113323e-07,0.0,-0.36385929584503174,-0.0001332511982011564
90400,-0.0003630148130469024,9.23668213026474e-08,-3.688749021291733,3.167987e-07,0.0,-6.749931812286377,-0.00017482070609640133
90600,-0.00038254965329542756,1.566355633642047e-07,-3.6887480497360228,2.9712916e-07,0.0,-2.8229477405548096,-0.0001721483608603247
90800,-0.000411013956181705,3.0970371902583336e-07,-3.6887517154216765,3.582239e-07,0.0,-2.283024311065674,-0.00017882740468109227
91000,-0.0002946252061519772,2.990448987105765e-07,-3.688753718137741,2.5600195e-07,0.0,-2.978583812713623,-0.00012991756167923807
91200,-0.00037961837369948626,1.4532678047629588e-07,-3.6887535095214843,3.5762787e-07,0.0,-0.5255897045135498,-0.00016714792029633995
91400,-0.0003576608723960817,1.6804504863188185e-07,-3.6887484729290008,3.1381848e-07,0.0,-2.398345470428467,-0.00014143992882553746
91600,-0.0003185911918990314,1.676823046636855e-07,-3.688747930526733,2.0503998e-07,0.0,-6.183149337768555,-0.00012628309550006823
91800,-0.0002072138449875638,1.373536820281629e-07,-3.688750296831131,2.461672e-07,0.0,-3.787301540374756,-0.00011978843938971195
92000,-0.00028548878617584705,1.7851460683004915e-07,-3.6887433171272277,2.0086765e-07,0.0,-2.9331064224243164,-0.00012283587570514066
92200,-0.0004505692922975868,1.707233261427632e-07,-3.6887420535087587,5.373359e-07,0.0,-1.5995500087738037,-0.00023712628219931808
92400,-0.0001773566473275423,2.195250402792226e-07,-3.6887386798858643,1.9788742e-07,0.0,-4.1324238777160645,-0.00011124633998260691
92600,-0.000372808106476441,1.518212361162341e-07,-3.688739961385727,2.7000905e-07,0.0,-1.9635038375854492,-0.00015750277923372026
92800,-0.0002684590290300548,1.5525526748660922e-07,-3.688739907741547,2.4318695e-07,0.0,-1.687028169631958,-0.00013198427870707573
93000,-0.0005113278748467565,3.827908845011052e-07,-3.688740348815918,3.477931e-07,0.0,-2.088261842727661,-0.000188329796228337
93200,-0.0003390748461242765,2.6075009138537555e-07,-3.6887369573116304,4.056096e-07,0.0,-2.878655433654785,-0.00021089550822877
93400,-0.0002215303247794509,2.2445139897797616e-07,-3.688739687204361,1.7911195e-07,0.0,-1.8290274143218994,-9.71903056154133e-05
93600,-0.0002636832359712571,3.1341613393465195e-07,-3.688741183280945,2.1189452e-07,0.0,-2.3930459022521973,-0.00012561860676805204
93800,-0.00046187080442905426,2.900293171848034e-07,-3.68873251080513,3.2514333e-07,0.0,-9.630226135253906,-0.0001838037530133674
94000,-0.00021986452338751405,2.3288833084222915e-07,-3.688737553358078,2.1874905e-07,0.0,-0.4756777286529541,-0.00010298764720328979
94200,-0.0005402801907621324,2.329596711092563e-07,-3.688735568523407,3.5107135e-07,0.0,-2.6630964279174805,-0.0001814494725742577
94400,-0.0005156940314918756,2.506519841460886e-07,-3.6887362778186796,2.0921229e-07,0.0,-9.357059478759766,-0.00013601802173714982
94600,-0.000311125535517931,1.566502298544492e-07,-3.6887266457080843,3.2603742e-07,0.0,-0.4444819688796997,-0.0001504076868577453
94800,-0.0005105957970954478,2.1768641254027443e-07,-3.688732975721359,3.8981437e-07,0.0,-1.475677728652954,-0.00021052536324073223
95000,-0.0005632929387502372,3.759448457429926e-07,-3.6887315571308137,3.7282703e-07,0.0,-3.496756076812744,-0.0001957478383669553
95200,-0.000259950669715181,3.564679612821919e-07,-3.6887371838092804,1.8328429e-07,0.0,-5.7295823097229,-0.00010128396632511639
95400,-0.00035416093305684626,2.406172360025494e-07,-3.688731473684311,3.4064053e-07,0.0,0.055476248264312744,-0.00015220343311801997
95600,-0.0002776428882498294,2.21562274660414e-07,-3.6887272715568544,3.820658e-07,0.0,-8.337214469909668,-0.00016366060040060582
95800,-0.00019539105414878577,2.1413808539705315e-07,-3.6887375831604006,1.9967555e-07,0.0,-0.5017080307006836,-0.00011182213180167544
96000,-0.00039537291740998626,1.309361227441741e-07,-3.6887423753738404,3.218651e-07,0.0,-1.6266121864318848,-0.0001661508967284897
96200,-0.00027561787283048034,2.709657012545108e-07,-3.688730037212372,3.3736228e-07,0.0,-0.9823939800262451,-0.00016530691262363063
96400,-0.00034437410067766905,2.66252955150037e-07,-3.6887307345867155,3.1292439e-07,0.0,-5.461181163787842,-0.00018023754716067764
96600,-0.00044418280594982207,1.0991157086692738e-07,-3.688738477230072,3.5136938e-07,0.0,-9.271137237548828,-0.00017683236951234193
96800,-0.0003526219225022942,2.0851832971402473e-07,-3.6887286841869353,3.2097103e-07,0.0,-3.008211612701416,-0.00016160832208378384
97000,-0.0003051506064366549,2.378822456350349e-07,-3.688731288909912,2.7745963e-07,0.0,-0.6033222675323486,-0.00013996817271777484
97200,-0.0004007100942544639,3.2632367492624325e-07,-3.688734918832779,2.2172927e-07,0.0,-1.6626062393188477,-0.0001319121945807966
97400,-0.0002634161792229861,2.657064104738538e-07,-3.6887280642986298,2.2739172e-07,0.0,-5.229828834533691,-0.0001222056752863132
97600,-0.0005744881927967072,2.051145553849665e-07,-3.68873125910759,4.425645e-07,0.0,-1.8602275848388672,-0.00018319364966510321
97800,-0.00019047566456720233,1.675423138891574e-07,-3.68873650431633,2.682209e-07,0.0,-0.33981621265411377,-0.0001422673303767219
98000,-0.0005519222468137741,1.9505049735357717e-07,-3.688729602098465,4.8071144e-07,0.0,-0.5959104299545288,-0.0002161764848846115
98200,-0.00036280119093135,2.5838246493492533e-07,-3.6887312114238737,2.5331974e-07,0.0,-3.613722324371338,-0.00013863961333049346
98400,-0.0002756407193373889,2.4037306829427506e-07,-3.688730949163437,2.4735928e-07,0.0,-4.67913818359375,-0.00012463791618029242
98600,-0.0003080907335970551,2.1912629186715548e-07,-3.6887307703495025,1.4454126e-07,0.0,-1.860701322555542,-0.00011296060675274333
98800,-0.00035593623761087656,2.505818066822485e-07,-3.688730627298355,2.8401612e-07,0.0,-1.162492036819458,-0.00014172711989104413
99000,-0.00046533672139048576,1.4941295649606446e-07,-3.6887337267398834,2.9414892e-07,0.0,-7.827038764953613,-0.0001708930068264225
99200,-0.00028194100013934076,2.0512644027803617e-07,-3.688722836971283,2.1249056e-07,0.0,-2.4777610301971436,-0.00012958127262049923
99400,-0.00029089488089084625,1.646933826648933e-07,-3.6887289762496946,3.093481e-07,0.0,-0.7838772535324097,-0.00016120685753617247
99600,-0.00038368371315300465,2.1950753197330642e-07,-3.6887222826480865,3.3736228e-07,0.0,-14.270828247070312,-0.00015395474510717654
99800,-0.0003840865392703563,2.120989091025649e-07,-3.6887282013893126,4.87268e-07,0.0,-0.9784746170043945,-0.00021697610564919145
100000,-0.0003209092537872493,2.2315654000237827e-07,-3.688728338479996,2.8789043e-07,0.0,-9.489072799682617,-0.00015139751135688772
100200,-0.00029735322459600866,1.8117126767691616e-07,-3.688722920417786,1.92523e-07,0.0,-1.9969213008880615,-0.00011074294131363516
100400,-0.0003034090041182935,2.891633041457453e-07,-3.6887193083763123,2.3126601e-07,0.0,-6.305675029754639,-0.0001386382876198855
100600,-0.0003604037337936461,1.52427985788961e-07,-3.6887277901172637,4.339218e-07,0.0,-0.2495478391647339,-0.00018984382476516792
100800,-0.000243258589762263,1.7408233681237563e-07,-3.688723075389862,2.2828578e-07,0.0,-3.0366930961608887,-0.00012925817020685847
101000,-0.00046269092126749456,1.0206944871526957e-07,-3.68872230052948,3.3646825e-07,0.0,-3.4500765800476074,-0.00018918508204017747
101200,-0.00022174646437633783,7.929877554602172e-08,-3.6887235760688784,2.1249056e-07,0.0,-4.296660423278809,-0.00011641176427383826
101400,-0.00024914887035265565,2.892866220349788e-07,-3.688712614774704,2.0354986e-07,0.0,-1.9138236045837402,-0.00011038331620329966
101600,-0.00039156293496489525,4.4819492401870774e-07,-3.6887188136577604,2.515316e-07,0.0,-5.205092430114746,-0.00013884633778820098
101800,-0.00033876736415550113,1.3393928490756935e-07,-3.6887174546718597,2.2232533e-07,0.0,-2.0284831523895264,-0.0001336351047116824
102000,-0.0001439447805751115,2.001897874137626e-07,-3.688716787099838,1.7434358e-07,0.0,-1.5781347751617432,-9.105136256993829e-05
102200,-0.0003256811178289354,2.9138190562605357e-07,-3.6887241780757902,2.4288892e-07,0.0,-1.433276653289795,-0.000136262490969008
102400,-0.00037225621053949,2.5656359667891595e-07,-3.6887199103832247,3.0875205e-07,0.0,-3.8519582748413086,-0.00017367334560083325
102600,-0.0006265338743105531,1.603116453807729e-07,-3.688724082708359,3.4034252e-07,0.0,-3.6336536407470703,-0.00018084578114266892
102800,-0.00023539719404652715,2.061247883489159e-07,-3.688715636730194,1.3142824e-07,0.0,-2.345780372619629,-8.922620166114114e-05
103000,-0.0003021124575752765,1.2628409802317718e-07,-3.688715022802353,2.8073788e-07,0.0,-0.7492854595184326,-0.00014706835173945444
103200,-0.0002612575772218406,1.259693473087964e-07,-3.688719964027405,2.554059e-07,0.0,-1.304436445236206,-0.00012999692592802203
103400,-0.0003770799085032195,1.3922128871968198e-07,-3.688712406158447,2.6613475e-07,0.0,-1.5235564708709717,-0.00013912727650664536
103600,-0.00041464343667030334,1.4866564654880676e-07,-3.6887051463127136,2.026558e-07,0.0,-2.133321523666382,-0.00012520400478956972
103800,-0.00034731091000139713,1.3244160985692587e-07,-3.6887153804302217,2.2351742e-07,0.0,-4.588508129119873,-0.00013110822538702215
104000,-0.0002042913401965052,3.280424174079144e-07,-3.688702768087387,1.9907951e-07,0.0,-17.260465621948242,-0.00011973894459198498
104200,-0.0003461746673565358,2.2101956176356907e-07,-3.688712203502655,3.516674e-07,0.0,-1.9792718887329102,-0.0001768986441379683
104400,-0.0004065430839546025,1.2374583082674918e-07,-3.6887128710746766,3.585219e-07,0.0,-2.742745876312256,-0.00017226046278426833
104600,-0.00030152336694300175,1.9647866302818784e-07,-3.6887050211429595,2.5838614e-07,0.0,-1.8969857692718506,-0.0001402978070558447
104800,-0.0004860607732553035,2.0113903751450834e-07,-3.688713401556015,2.7090312e-07,0.0,-3.201249599456787,-0.00015413122053176131
105000,-0.0003856120747514069,1.8861711694739825e-07,-3.688710409402847,3.221631e-07,0.0,-0.6527925729751587,-0.0001638194932659154
105200,-0.00032521001412533224,1.9327569837912507e-07,-3.6886991024017335,3.4481286e-07,0.0,-1.1147620677947998,-0.00017484147932900207
105400,-0.00023517842055298388,1.6926212715873134e-07,-3.6887107253074647,2.8550625e-07,0.0,-2.905193328857422,-0.0001257931514885513
105600,-0.0005107017350383103,2.254599328566087e-07,-3.688708508014679,3.4362077e-07,0.0,-1.2785439491271973,-0.00017513486730598714
105800,-0.0005100895650684834,3.4403121063064646e-07,-3.68870809674263,3.063679e-07,0.0,-3.5879764556884766,-0.00013842886644834795
106000,-5.9068919654237106e-05,1.3186448040158892e-07,-3.6887014389038084,2.9832125e-07,0.0,-0.03484630584716797,-0.0001598416271734182
106200,-0.0002972551737911999,1.9071004704329652e-07,-3.6887047231197356,3.1381848e-07,0.0,-3.3705973625183105,-0.0001433328526855515
106400,-0.0005355037283152342,1.9542058531385466e-07,-3.6887092351913453,3.0517577e-07,0.0,-2.321396589279175,-0.0001632632759651642
106600,-0.0002589680952951312,1.9340111521159997e-07,-3.6887089788913725,2.077222e-07,0.0,-1.3406212329864502,-0.00010158720535440313
106800,-0.0003011002845596522,2.2298033357515125e-07,-3.6887103617191315,1.9967555e-07,0.0,-5.0906147956848145,-0.00011172266738981306
107000,-0.0002996778057422489,1.8852071352881695e-07,-3.688708472251892,2.0861626e-07,0.0,-1.0805342197418213,-0.0001112352378600967
107200,-0.0006006564944982529,2.2425961745398127e-07,-3.688709872961044,3.7759543e-07,0.0,-1.6075043678283691,-0.000176747426263546
107400,-0.00036850239848718047,1.9269930788823332e-07,-3.688711094856262,2.1368265e-07,0.0,-0.0010792016983032227,-0.00013127352211119713
107600,-0.00046689852024428546,2.5897054669599127e-07,-3.6887097656726837,3.7878752e-07,0.0,-1.849522352218628,-0.00019685933138573474
107800,-0.000530915567651391,9.060417216488759e-08,-3.6887164235115053,3.2335518e-07,0.0,-17.871593475341797,-0.00015075357203455652
108000,-0.0004472412692848593,1.9119938272638136e-07,-3.688699781894684,5.6892634e-07,0.0,-3.5348825454711914,-0.0002194714325867153
108200,-0.0003186295216437429,3.083309078277807e-07,-3.6887017667293547,1.9848346e-07,0.0,-3.9027438163757324,-0.00012640459834640795
108400,-0.00027653106371872127,3.1484508831169935e-07,-3.6887075126171114,2.5331974e-07,0.0,-3.0941333770751953,-0.0001429812457504287
108600,-0.0003440797736402601,2.469072981625686e-07,-3.6887090742588042,1.913309e-07,0.0,-3.1937155723571777,-0.00011641961404835754
108800,-0.000706385588273406,2.431569576799575e-07,-3.6887043833732607,4.0858984e-07,0.0,-3.0162882804870605,-0.00022101128703002625
109000,-0.00044324525515548885,1.5590476998283975e-07,-3.688710033893585,2.2798777e-07,0.0,-2.452272653579712,-0.00012606290054435477
109200,-0.0003653721942100674,1.6637345421344207e-07,-3.688704454898834,2.682209e-07,0.0,-1.6011524200439453,-0.00014985594887011454
109400,-0.00038934918120503426,3.5468248320569274e-07,-3.6887011229991913,3.6597248e-07,0.0,-2.8647797107696533,-0.00018216036494465016
109600,-0.0003353230422362685,1.8990823527076373e-07,-3.6886994779109954,2.4050473e-07,0.0,-0.6915521621704102,-0.00013447654111791162
109800,-0.0006984237115830183,2.478322112864362e-07,-3.6887040078639983,3.8295985e-07,0.0,-3.9154272079467773,-0.00019071967931278967
110000,-0.00035904429387301207,1.7692209297592854e-07,-3.6887038588523864,1.9997358e-07,0.0,-0.5822218656539917,-0.00011618036134597443
110200,-0.000273356941761449,1.9760242242483628e-07,-3.6886999666690827,2.3126603e-07,0.0,-1.0723862648010254,-0.00012740304918611444
110400,-0.00035641499562188983,2.9521068540816485e-07,-3.688696104288101,1.8775464e-07,0.0,-7.574789047241211,-0.00012340500903658126
110600,-0.00047464726958423853,1.886492912106519e-07,-3.6886992752552032,3.385544e-07,0.0,-1.3948032855987549,-0.00016139733004836288
110800,-0.00024020596174523234,2.1302744830364871e-07,-3.6887015402317047,1.7344951e-07,0.0,-0.14583837985992432,-0.00011119215223036605
111000,-0.00034168941783718765,1.6743989394996106e-07,-3.6887003421783446,2.640486e-07,0.0,-2.296799421310425,-0.0001386209942165817
111200,-0.00028210761956870556,1.5233215595600312e-07,-3.6886952757835387,2.3663043e-07,0.0,-0.41155219078063965,-0.00012487542591559374
111400,-0.0003333628410473466,2.1469643556315533e-07,-3.6886981964111327,2.3007392e-07,0.0,-7.204249382019043,-0.00014193954354748683
111600,-0.0003393254883121699,1.4785503523739863e-07,-3.6887028574943543,2.9444695e-07,0.0,-1.8785557746887207,-0.00016028866193478207
111800,-0.00046469696098938584,2.8862794820838644e-07,-3.688694167137146,3.987551e-07,0.0,-10.248946189880371,-0.0001882655957708701
112000,-0.0003250070149078965,3.126995359536977e-07,-3.688702005147934,2.2321939e-07,0.0,-1.7946536540985107,-0.00012812811514897326
112200,-0.00041302802856080234,2.18950437513854e-07,-3.6887015402317047,3.0398368e-07,0.0,-2.5288710594177246,-0.00014762205671248196
112400,-0.0003024611796718091,1.91951957262404e-07,-3.688709545135498,2.2470951e-07,0.0,-3.6275105476379395,-0.00011913824104612392
112600,-0.00045158035936765373,2.581303739646046e-07,-3.688699984550476,3.6627054e-07,0.0,-3.199392318725586,-0.00018253956774014757
112800,-0.00024333364854101092,2.4391004700419215e-07,-3.68869754076004,1.6957522e-07,0.0,-6.11440372467041,-0.00010032384076406054
113000,-0.00015851602074690163,2.9979349314146475e-07,-3.6886958479881287,1.4185906e-07,0.0,-19.520641326904297,-8.498295338235095e-05
113200,-0.00025930284755304456,1.8669423198502955e-07,-3.688697010278702,2.8073788e-07,0.0,-0.5894190073013306,-0.0001416677470733596
113400,-0.0003900839656125754,1.3769648337103036e-07,-3.6887008130550383,2.7894976e-07,0.0,-1.7367908954620361,-0.00013760648637641814
113600,-0.00041079678339883685,2.302839835266468e-07,-3.6886990904808044,4.1067602e-07,0.0,-2.3442800045013428,-0.00020238952257591868
113800,-0.00040877980063669384,2.4311136108678967e-07,-3.6887125253677366,1.8507242e-07,0.0,-1.2447161674499512,-9.891996560293937e-05
114000,-0.0003552537236828357,2.6330571714083815e-07,-3.688706749677658,2.1755696e-07,0.0,-6.667218208312988,-0.00013120034223392806
114200,-0.0002886950096581131,2.365210963972686e-07,-3.688707631826401,1.3381243e-07,0.0,-3.413637638092041,-9.625828286443095e-05
114400,-0.0004180000105407089,1.9269801221355465e-07,-3.6887057960033416,3.814697e-07,0.0,-3.054896831512451,-0.00017963195530170672
114600,-0.0003201255458407104,2.3348462345751387e-07,-3.688703012466431,2.759695e-07,0.0,-3.8928561210632324,-0.00016992007201905858
114800,-0.0005039943498559296,1.8823351055630155e-07,-3.6887089550495147,2.9802322e-07,0.0,-2.54630708694458,-0.00016444328823013167
115000,-0.00031345171737484634,2.3642028104120528e-07,-3.6886991798877715,3.0338765e-07,0.0,-4.141867160797119,-0.00014622622777205052
115200,-0.00034632347524166107,1.549509130782667e-07,-3.6887058436870577,2.8520822e-07,0.0,-2.083183526992798,-0.00016103813459835691
115400,-0.0003813596849795431,2.3183206501187215e-07,-3.688696265220642,3.236532e-07,0.0,-1.1236653327941895,-0.00015030808878599978
115600,-0.0006141466437838972,2.513094283784767e-07,-3.688693714141846,4.1663648e-07,0.0,-5.015351295471191,-0.0001987008221273179
115800,-0.0005207115900702775,1.672751885450907e-07,-3.688692033290863,2.9623507e-07,0.0,-1.9605059623718262,-0.00016183400170790562
116000,-0.0004131243913434446,2.0861343870137715e-07,-3.688692009449005,3.1620263e-07,0.0,-0.401546835899353,-0.0001697314890520274
116200,-0.00011458111112006009,1.5276344917936057e-07,-3.6886986076831816,3.0845405e-07,0.0,-1.5630602836608887,-0.0001393237121528834
116400,-0.00024124037008732557,1.7072067031165262e-07,-3.688690572977066,2.5868414e-07,0.0,-12.046411514282227,-0.00012820908318986746
116600,-0.0004860089102294296,1.045318477110868e-07,-3.688688451051712,5.382299e-07,0.0,-0.2073894739151001,-0.00018821629887522118
116800,-0.0004229732439853251,1.3406337675547775e-07,-3.6886845946311952,3.4719704e-07,0.0,-3.0122270584106445,-0.00017665448891581725
117000,-0.0002997133124154061,2.3736241416827397e-07,-3.6886858701705934,2.259016e-07,0.0,-2.923680067062378,-0.00010278086281767518
117200,-0.0002799273934215307,1.1507520145670468e-07,-3.688689184188843,3.7372115e-07,0.0,-2.348280191421509,-0.0001744475963021186
117400,-0.00019348194473423064,9.370425431143304e-08,-3.6886804580688475,2.6166438e-07,0.0,-0.42104625701904297,-0.0001541218904969277
117600,-0.0004403854254633188,2.0272708560753473e-07,-3.6886746287345886,4.1753054e-07,0.0,-2.060192346572876,-0.000196223513560434
117800,-0.0002881233231164515,1.5341630081877612e-07,-3.6886851847171784,3.5494566e-07,0.0,-4.977157115936279,-0.0001550263763069548
118000,-0.00041622549179010093,2.044458366157187e-07,-3.6886641919612884,5.0127505e-07,0.0,-2.7759220600128174,-0.0002357133766543118
118200,-0.0005139047862030566,1.805776047802965e-07,-3.688665455579758,3.7431718e-07,0.0,-3.7155404090881348,-0.00017643208939053246
118400,-0.00032320120953954756,1.3146023576382503e-07,-3.6886683344841003,4.8011543e-07,0.0,-0.24739396572113037,-0.00018274087470877555
118600,-0.0003248664434067905,3.153013135914762e-07,-3.6886585533618925,3.993511e-07,0.0,-4.317727565765381,-0.00016337979656277923
118800,-0.0004257844702806324,1.4862498840528814e-07,-3.6886643290519716,2.670288e-07,0.0,-3.6794981956481934,-0.00013686022248566855
119000,-0.0006699442164972425,1.6151841286671242e-07,-3.6886503994464874,5.1647424e-07,0.0,-1.1213726997375488,-0.0002424062776156033
119200,-0.0003284352133050561,1.3504000246911118e-07,-3.6886583030223847,2.348423e-07,0.0,-3.021052360534668,-0.00012190603476436301
119400,-0.00024777697399258614,2.109253504301023e-07,-3.6886541306972505,2.5898217e-07,0.0,-0.5354580879211426,-0.0001262890241316761
119600,-0.000520994421094656,1.1718632135782059e-07,-3.688660728931427,4.7624113e-07,0.0,-1.1673879623413086,-0.00020247329786604595
119800,-0.0002408610744168982,2.41219797558756e-07,-3.688653701543808,3.0934808e-07,0.0,-2.781215190887451,-0.00012689761813122757
120000,-0.00035138329258188605,2.3231712766857982e-07,-3.688650351762772,2.962351e-07,0.0,-9.151219367980957,-0.00016258242027749058
120200,-0.0005904341815039515,2.544397801784726e-07,-3.6886448919773103,3.8951634e-07,0.0,-4.545765399932861,-0.00017727430090406227
120400,-0.0003701922541949898,1.4671503922869533e-07,-3.6886576056480407,4.991889e-07,0.0,-1.9830620288848877,-0.000218269733842813
120600,-0.00038276490522548556,2.1682224975450027e-07,-3.688648301362991,2.7924776e-07,0.0,-7.243305206298828,-0.00014160338044052478
120800,-0.00035987948649562895,1.4246799100448017e-07,-3.68866166472435,4.5388938e-07,0.0,-14.998363494873047,-0.00020317972373611325
121000,-0.0003711940080393106,1.3021962974590906e-07,-3.6886664390563966,3.400445e-07,0.0,-1.4195404052734375,-0.00016505202339862636
121200,-0.0005320301279425621,2.1572643973399864e-07,-3.6886529326438904,4.0173532e-07,0.0,-2.221611976623535,-0.00018345680936930896
121400,-0.0003393116930965334,1.5607685366347823e-07,-3.6886667728424074,3.197789e-07,0.0,-4.563468933105469,-0.00013525568284900036
121600,-0.0004072877636644989,1.1312709418120903e-07,-3.68866406083107,3.1888484e-07,0.0,-2.926677703857422,-0.0001574822204386317
121800,-0.0003749688621610403,2.0379508960388649e-07,-3.6886557936668396,4.926324e-07,0.0,-6.9865007400512695,-0.00018587946877413053
122000,-0.00020389806013554335,2.3195754508265055e-07,-3.6886582553386686,2.3365021e-07,0.0,-2.91292405128479,-0.0001152912376727988
122200,-0.00018755969358608127,3.1772737969504304e-07,-3.6886560916900635,2.0742416e-07,0.0,-1.6959998607635498,-0.00011275833803972012
122400,-0.0004599320818670094,2.7941941915798907e-07,-3.68865048289299,3.1292439e-07,0.0,-1.542776107788086,-0.0001720697068436694
122600,-0.0003269338048994541,2.644861584855107e-07,-3.688659358024597,2.0831824e-07,0.0,-0.5904320478439331,-0.00012121425977971168
122800,-0.00037617047200910747,1.7394606199871987e-07,-3.688652914762497,4.5984982e-07,0.0,-0.5232676267623901,-0.0001966370056470934
123000,-0.0002525567542761564,1.7472956503894466e-07,-3.688649892807007,3.5077332e-07,0.0,-2.702932357788086,-0.0001916256697840013
123200,-0.00044910243013873696,1.8012276115086934e-07,-3.6886432111263274,2.4855137e-07,0.0,-1.9714093208312988,-0.0001325950742796955
123400,-0.00034553377190604806,2.3136300413284517e-07,-3.6886440455913543,2.1308661e-07,0.0,-2.113438606262207,-0.00013013937361530114
123600,-0.000532143225427717,2.3211569093462004e-07,-3.6886446952819822,2.902746e-07,0.0,-6.229870796203613,-0.00016193439860341386
123800,-0.0002663933264557272,1.7186526282131354e-07,-3.688643831014633,2.0623207e-07,0.0,-1.5940330028533936,-0.00011733475751305456
124000,-0.0005182872409932315,1.6221886891543136e-07,-3.6886452436447144,3.4749507e-07,0.0,-3.322946071624756,-0.00015922488524119927
124200,-0.0004651059571187943,1.5017951220386295e-07,-3.688638973236084,4.9889087e-07,0.0,-1.6322622299194336,-0.00020897167797988557
124400,-0.0003119898319710046,1.585795732950146e-07,-3.6886561512947083,4.270673e-07,0.0,-2.4659183025360107,-0.0002028028068103982
124600,-0.00028458403539843857,3.2525793933757543e-07,-3.6886372029781342,1.9431116e-07,0.0,-6.826893329620361,-0.00010599498380383653
124800,-0.0002848586591426283,1.7519434063473228e-07,-3.688637834787369,3.2663345e-07,0.0,-1.1675348281860352,-0.00015486480449693473
125000,-0.00039881194243207574,1.89546848261557e-07,-3.68863765001297,3.874302e-07,0.0,-3.2706918716430664,-0.00017896712557075034
125200,-0.00030551283271051943,1.849605475001681e-07,-3.6886382699012756,2.655387e-07,0.0,-2.881951332092285,-0.0001309082581747223
125400,-0.00025976100005209446,2.768450137580203e-07,-3.688627874851227,2.2411346e-07,0.0,-3.146183967590332,-0.00012669375588103549
125600,-0.000715765985660255,2.284518799910984e-07,-3.6886274337768556,5.784631e-07,0.0,-1.9005401134490967,-0.000249956250597283
125800,-0.0001406788796884939,2.7229206978063303e-07,-3.688646161556244,2.0563603e-07,0.0,-2.6171228885650635,-0.00010192245215683293
126000,-0.0003288061125203967,2.2795453755719563e-07,-3.6886477708816527,2.935529e-07,0.0,-0.7197617292404175,-0.00015091937750486562
126200,-0.00019306642934679985,2.156287878918306e-07,-3.6886375665664675,1.7106534e-07,0.0,-4.33222770690918,-9.963879710115365e-05
126400,-0.0002489387115929276,1.7978927768780295e-07,-3.6886310279369354,2.2143126e-07,0.0,-5.83688497543335,-0.00011759074091186595
126600,-0.0003834785311482847,1.6108948717175053e-07,-3.6886399507522585,2.232194e-07,0.0,-1.6799652576446533,-0.0001379980830124583
126800,-0.0005594460526481271,2.096160539366565e-07,-3.6886443555355073,3.2246112e-07,0.0,-2.8730525970458984,-0.0001605932122279441
127000,-0.00045848783338442445,2.3381895957186317e-07,-3.6886289000511168,3.3169985e-07,0.0,-2.6369516849517822,-0.00016443964211112493
127200,-0.00042345307883806527,1.8019125480606135e-07,-3.6886168122291565,3.147125e-07,0.0,-1.1407835483551025,-0.0001622547503188798
127400,-0.00022001031902618706,1.747169960708561e-07,-3.6886159896850588,1.6927719e-07,0.0,-6.359703063964844,-9.799720362411723e-05
127600,-0.00022629095474258065,1.0738114299968516e-07,-3.6886124134063722,2.1457672e-07,0.0,-16.017724990844727,-0.00012335820627549233
127800,-0.00026435693143866956,1.8551733873550802e-07,-3.688609832525253,2.5212765e-07,0.0,-2.557535409927368,-0.00013489365592342928
128000,-0.000542355002835393,2.5070400475613044e-07,-3.6886051416397097,3.108382e-07,0.0,-1.158907413482666,-0.00014417201257703737
128200,-0.0003338929091114551,2.3038024181687434e-07,-3.688617432117462,3.5434962e-07,0.0,-2.942608118057251,-0.0001852686621998556
128400,-0.00034351987414993346,2.358828311344041e-07,-3.6886105954647066,3.5882e-07,0.0,-2.572700262069702,-0.00018328128936060395
128600,-0.00035465278779156506,2.696331176110789e-07,-3.688617688417435,3.5226344e-07,0.0,-1.3904645442962646,-0.0001703779034842756
128800,-0.0002085296728182584,1.4605721645466475e-07,-3.6886353135108947,2.8967858e-07,0.0,-4.829351425170898,-0.00012903238843728904
129000,-0.000223248585825786,1.429043191336632e-07,-3.6886371970176697,3.093481e-07,0.0,-7.528018951416016,-0.00014408612258178798
129200,-0.00047122896648943424,2.5341563940628476e-07,-3.688625341653824,4.7504903e-07,0.0,-1.8231840133666992,-0.00020267535597708885
129400,-0.00035756354918703437,1.9971492992709727e-07,-3.688634294271469,3.2216312e-07,0.0,-6.07573938369751,-0.00014409113810407437
129600,-0.0002309217961737886,2.0056516305544392e-07,-3.68864164352417,1.9699335e-07,0.0,-4.847939968109131,-0.00011501330005669885
129800,-0.0004826730291824788,1.2639102457967511e-07,-3.688640034198761,5.1796434e-07,0.0,-5.053249359130859,-0.00021935138066612181
130000,-0.000271679979050532,1.2594200295978908e-07,-3.6886445701122286,2.8163194e-07,0.0,-4.730110168457031,-0.00012541483276535815
130200,-0.00040402341983281076,1.1866759255241278e-07,-3.6886438965797423,2.9474498e-07,0.0,-4.8799848556518555,-0.00017138317328442288
130400,-0.0003702601243276149,1.5282714773690032e-07,-3.688632035255432,3.322959e-07,0.0,-11.602478981018066,-0.00014552019511477888
130600,-0.0003819120756816119,2.1090158668357618e-07,-3.6886363327503204,3.2007694e-07,0.0,-3.4363484382629395,-0.00016448225748755263
130800,-0.00021615704463329166,1.7122467070862514e-07,-3.688647949695587,2.4944543e-07,0.0,-0.8394788503646851,-0.00013018383109641984
131000,-0.00015841946878936142,1.632614200275384e-07,-3.6886339128017425,1.9848346e-07,0.0,-3.072309970855713,-0.0001081213801284342
131200,-0.00021867468603886664,1.0221799930931753e-07,-3.688644731044769,2.0980835e-07,0.0,-2.211531400680542,-0.00011951562799776827
131400,-0.00043952191481366754,1.238781605295003e-07,-3.6886387050151823,3.1322242e-07,0.0,-0.6536061763763428,-0.00016608397621142856
131600,-0.00032015968463383615,1.6332022205745035e-07,-3.6886194467544557,2.4557113e-07,0.0,-1.7267932891845703,-0.00013181563473425585
131800,-0.0005143687012605369,2.970082832121079e-07,-3.6886282920837403,4.1246415e-07,0.0,-5.947634696960449,-0.0001880194316338457
132000,-0.00021554750856012106,2.7694346869111543e-07,-3.688634288311005,2.5719405e-07,0.0,-1.3974030017852783,-0.000124374574892383
132200,-0.00034566313843242824,3.0951398173328925e-07,-3.688625282049179,3.454089e-07,0.0,-1.6885044574737549,-0.0001562738252806728
132400,-0.0002605550398584455,1.7039616473368824e-07,-3.6886377334594727,2.9921534e-07,0.0,-0.3670600652694702,-0.00013519251277100964
132600,-0.00035677675623446703,2.503381796969961e-07,-3.6886331260204317,2.232194e-07,0.0,-1.9497344493865967,-0.00012232545141137584
132800,-0.00022661557886749506,2.528839809556871e-07,-3.6886318743228914,1.8000603e-07,0.0,-3.0809450149536133,-0.00010897514113954454
133000,-0.0003084185591433197,1.987611627285446e-07,-3.6886303663253783,2.5749205e-07,0.0,-2.1224281787872314,-0.0001324078433500464
133200,-0.00024576252326369286,1.1485090940510645e-07,-3.6886281788349153,2.6136635e-07,0.0,-2.5976922512054443,-0.0001493343115197998
133400,-0.00041927583515644073,1.408121224955039e-07,-3.688630700111389,2.6673078e-07,0.0,-0.2697148323059082,-0.00014181751003961018
133600,-0.0004410656401887536,1.2917968188475016e-07,-3.688617134094238,2.8729437e-07,0.0,-0.3884381055831909,-0.00016444106531275925
133800,-0.0004556505009531975,3.491144976663918e-07,-3.6886252582073213,2.9563904e-07,0.0,-0.6438280344009399,-0.00014561215823641894
134000,-0.0004950162256136537,2.5755157100348925e-07,-3.6886224865913393,2.6285647e-07,0.0,-2.1061673164367676,-0.00014923487579745486
134200,-0.000348403409589082,1.5560609707421235e-07,-3.6886168122291565,2.8014182e-07,0.0,-2.7102127075195312,-0.00013635038436189407
134400,-0.00036133237881585956,1.1435697491180009e-07,-3.688621771335602,2.8938055e-07,0.0,-3.533799648284912,-0.00015285875000882189
134600,-0.0005094340303912759,1.7492174464450727e-07,-3.6886129319667815,3.400445e-07,0.0,-5.206144332885742,-0.00017009341352958174
134800,-0.00025749942869879305,2.3132362780842186e-07,-3.6886237800121306,3.2037497e-07,0.0,-1.7083210945129395,-0.00014204862628752757
135000,-0.0005593421519733965,1.207397687608136e-07,-3.688617706298828,3.1024217e-07,0.0,-3.57949161529541,-0.00017171303145460115
135200,-0.00035442059743218124,1.5944973021930764e-07,-3.688630962371826,2.0384789e-07,0.0,-8.89833927154541,-0.00011608742244426651
135400,-0.0002658598532434553,2.4721453719678264e-07,-3.6886147141456602,2.7865173e-07,0.0,-2.596930503845215,-0.00015451881955670378
135600,-0.0004222873831167817,2.5254123698914553e-07,-3.688611513376236,2.9504298e-07,0.0,-2.9041337966918945,-0.00015821379131143455
135800,-0.0003947857767343521,1.6296306366569978e-07,-3.6886251330375672,2.387166e-07,0.0,0.10656392574310303,-0.00012107259090612387
136000,-0.0002569577773101628,2.604809388628837e-07,-3.688617205619812,2.30968e-07,0.0,-1.6637539863586426,-0.00012307820495705002
136200,-0.00030572988907806575,1.9016842855990035e-07,-3.688615691661835,3.6656854e-07,0.0,-1.878519058227539,-0.00016461817737070116
136400,-0.0003731253673322499,1.6523538004520333e-07,-3.6886067509651186,4.1693448e-07,0.0,-8.794153213500977,-0.0001937280193320179
136600,-0.00046299368841573596,1.9428697832779563e-07,-3.688602977991104,3.2126903e-07,0.0,-0.9802373647689819,-0.0001557613083177811
136800,-0.0002875343488994986,3.6481664444920625e-07,-3.68860781788826,2.5480986e-07,0.0,-4.281777381896973,-0.0001356145028783562
137000,-0.0004237326211296022,1.621514417848857e-07,-3.6886193633079527,2.1100045e-07,0.0,-3.314694404602051,-0.00013102033798679803
137200,-0.00029183123842813075,1.7472097635362616e-07,-3.6886089503765107,2.6881696e-07,0.0,-1.24831223487854,-0.00013460893979730937
137400,-0.0002927965542767197,2.6778482151712526e-07,-3.6886107444763185,2.866983e-07,0.0,-5.311450004577637,-0.00013472551098105967
137600,-0.000246374896960333,2.2943623818605373e-07,-3.6886059522628782,1.7106532e-07,0.0,-4.161177635192871,-0.00010682086633289068
137800,-0.00039611468673683703,1.6606268040675332e-07,-3.6886043667793276,3.7759543e-07,0.0,-2.323859453201294,-0.00019134488534269244
138000,-0.00013641358236782253,1.8918861925953935e-07,-3.688593626022339,3.519654e-07,0.0,-4.509096622467041,-0.00015565151976781877
138200,-0.0006829226622357965,2.4521589168102766e-07,-3.688610649108887,4.7445297e-07,0.0,-0.3563188314437866,-0.00022763789739566054
138400,-0.0004989451845176518,1.9877975994120333e-07,-3.6885967552661896,3.72529e-07,0.0,-5.262500762939453,-0.00019057106282036607
138600,-0.00032631101203151047,8.241058644387067e-08,-3.6886067986488342,4.0739775e-07,0.0,0.20741194486618042,-0.0002126923268732206
138800,-0.0004229014157317579,1.340284871531594e-07,-3.688602662086487,2.6673078e-07,0.0,-3.131244659423828,-0.00013460662373472322
139000,-0.0004199370159767568,1.7675686407869763e-07,-3.688579058647156,3.5822393e-07,0.0,-10.578349113464355,-0.0001813598436419872
139200,-0.0002832852187566459,3.2316232001505796e-07,-3.688588225841522,1.9639731e-07,0.0,-5.674509048461914,-0.00010182037129322641
139400,-0.00025764686870388687,1.4653912643325385e-07,-3.6885826587677,3.287196e-07,0.0,-1.543092966079712,-0.00014493898878034094
139600,-0.00022521392384078354,2.0041335364595624e-07,-3.6885690093040466,2.4408104e-07,0.0,-5.782812595367432,-0.0001317384398990873
139800,-0.00030610410613007843,2.063481725045335e-07,-3.6885808229446413,3.606081e-07,0.0,-22.35599708557129,-0.00015390372339423307
140000,-0.00047785506467334926,1.7456661431936028e-07,-3.6885798931121827,3.0994414e-07,0.0,-1.6802778244018555,-0.00014134116474848746
140200,-0.0003500012098811567,1.843332979589718e-07,-3.688583159446716,2.3514033e-07,0.0,-0.2747586965560913,-0.00013213243419943344
140400,-0.00036238826578482985,2.1330712414169283e-07,-3.68857741355896,2.8192997e-07,0.0,-1.0941970348358154,-0.00015291425233181498
140600,-0.00044549323501996696,1.0891763251308361e-07,-3.6885785341262816,4.1663645e-07,0.0,-2.7880704402923584,-0.00020196446030547045
140800,-0.00031714956276118755,1.9069048438069557e-07,-3.6885829865932465,2.1457672e-07,0.0,-1.022404432296753,-0.00011036089117306691
141000,-0.00028093010769225657,2.4062319390338873e-07,-3.688569039106369,2.6971102e-07,0.0,-8.486154556274414,-0.00014312507922887853
141200,-0.0003847293555736542,1.584297361745257e-07,-3.6885811626911162,2.551079e-07,0.0,-2.3891358375549316,-0.00014848840148283803
141400,-0.0002756571921054274,2.0689178494848193e-07,-3.6885791778564454,4.082918e-07,0.0,-5.8902082443237305,-0.00018736687214732095
141600,-0.00019126188999507576,1.5995607434149405e-07,-3.6885936200618743,1.8894673e-07,0.0,-1.1949670314788818,-0.00011564187727297615
141800,-0.0004955002223141491,3.091896363827118e-07,-3.6885720789432526,4.0620566e-07,0.0,-1.915304183959961,-0.0001907238059196903
142000,-0.00022398558212444186,1.863880626729042e-07,-3.6885885119438173,3.0845405e-07,0.0,-4.347967624664307,-0.00013722181363965414
142200,-0.0003166435344610363,1.243760390678972e-07,-3.6885893404483796,4.0411948e-07,0.0,-7.486480712890625,-0.0001712067433993436
142400,-0.00032790168188512325,1.886341795653834e-07,-3.688578802347183,3.436208e-07,0.0,-3.6271305084228516,-0.00017582355442620213
142600,-0.0004609390161931515,2.0413752697123754e-07,-3.6885816991329192,3.4689904e-07,0.0,-1.2525177001953125,-0.00016861829229379842
142800,-0.0003854984825011343,1.2580008181828362e-07,-3.6885815501213073,2.926588e-07,0.0,-2.4146883487701416,-0.0001590975217271806
143000,-0.0006259291549213231,2.2046184078305942e-07,-3.6885775864124297,4.506111e-07,0.0,-2.7152326107025146,-0.00021177770196453282
143200,-0.00021383209968917072,1.12735140689324e-07,-3.6885782122612,2.9176476e-07,0.0,-1.5470123291015625,-0.0001409350340716209
143400,-0.0005353160086087883,1.3874025377447198e-07,-3.6885662615299224,3.9577483e-07,0.0,-1.181349277496338,-0.00018645047373890832
143600,-0.0006179445772431791,2.0779886291677486e-07,-3.688558441400528,5.671382e-07,0.0,-2.3604133129119873,-0.0002181523736694446
143800,-0.00037636846536770463,2.0111411878076523e-07,-3.6885569870471953,2.95341e-07,0.0,-2.3470988273620605,-0.00014310169187637946
144000,-0.00030139085720293224,1.6973599592517985e-07,-3.6885390281677246,3.6180018e-07,0.0,-2.984842538833618,-0.00014610423821945773
144200,-0.0003638189227785915,1.3140181671644767e-07,-3.688558852672577,3.442168e-07,0.0,-2.806243896484375,-0.00017963799821174575
144400,-0.0003806366876233369,2.185979761648582e-07,-3.688553589582443,2.244115e-07,0.0,-3.9960250854492188,-0.0001254061770248338
144600,-0.0005423501715995371,1.1427922821383163e-07,-3.688554513454437,4.3928623e-07,0.0,-2.0689761638641357,-0.00017960841194986088
144800,-0.0003247208660468459,9.898711930134141e-08,-3.6885484516620637,2.9146673e-07,0.0,-2.2788331508636475,-0.0001379827561842184
145000,-0.00023796778987161815,2.7911402042946067e-07,-3.688524979352951,2.1189452e-07,0.0,-5.5877299308776855,-9.953767039772021e-05
145200,-0.0002566197363194078,2.2196329609869281e-07,-3.6885298132896422,2.3901464e-07,0.0,-6.679445743560791,-0.00012440191548671598
145400,-0.00041918366332538426,1.986057267089336e-07,-3.688519924879074,3.8176773e-07,0.0,-1.962552785873413,-0.00017481736792092085
145600,-0.00034803265589289367,1.601639734616356e-07,-3.6885194361209868,4.9710275e-07,0.0,-2.043170690536499,-0.00016568350904273555
145800,-0.0005056160152889788,1.2041976233945205e-07,-3.68852881193161,4.830956e-07,0.0,-4.844328880310059,-0.00020854044784446302
146000,-0.0005364029202610254,2.7284611547884197e-07,-3.688504809141159,4.959106e-07,0.0,-2.191722869873047,-0.0002123632052659974
146200,-0.0005131050129421055,2.7531312767337114e-07,-3.6885016560554504,4.4822696e-07,0.0,-4.407444953918457,-0.00017673487859939385
146400,-0.0004337657301221043,1.3911087819451496e-07,-3.68850417137146,3.2752752e-07,0.0,-0.9717894792556763,-0.00016346359246064424
146600,-0.0004479666240513325,2.3834733049454825e-07,-3.6884991824626923,4.1931867e-07,0.0,-2.005406618118286,-0.0002055664666615331
146800,-0.0002155821566702798,2.431981634742897e-07,-3.6885088860988615,3.4540892e-07,0.0,-3.294325828552246,-0.00012645890491644885
147000,-0.00038826846866868436,1.7180550386797223e-07,-3.688505607843399,2.5629998e-07,0.0,-1.6655752658843994,-0.00013465535596106636
147200,-0.0005830852314829826,2.2173842459949355e-07,-3.6884894371032715,5.6475403e-07,0.0,-2.902918577194214,-0.00020411956259556164
147400,-0.000597899837885052,2.0598815204664333e-07,-3.6885148227214812,4.1991473e-07,0.0,-7.718003273010254,-0.00019503186791234307
147600,-0.00040605274261906743,2.3811557650077476e-07,-3.688512456417084,4.0203335e-07,0.0,-2.3355164527893066,-0.00017279103544959318
147800,-0.0004292502417229116,1.6191141245514017e-07,-3.688500243425369,3.644824e-07,0.0,-5.9531426429748535,-0.0001743444213898382
148000,-0.0005275499424897134,2.619771102274626e-07,-3.688496744632721,4.5627357e-07,0.0,-7.061047554016113,-0.00019274064641647826
148200,-0.00039939905400387943,1.0903502705161827e-07,-3.688510400056839,3.8176773e-07,0.0,-0.7532755136489868,-0.00018229170882319012
148400,-0.0005011557950638235,1.3005427330625706e-07,-3.6884946882724763,3.9190053e-07,0.0,-1.0879292488098145,-0.00018071624481694749
148600,-0.0004302118322812021,1.7767625184461622e-07,-3.688514941930771,4.1484833e-07,0.0,-3.530949115753174,-0.00019991998426827085
148800,-0.000368964159861207,1.8648996373826777e-07,-3.688498765230179,2.923608e-07,0.0,-3.4710640907287598,-0.00013987421353323093
149000,-0.0005691628321073949,1.0543215989144983e-07,-3.6885018229484556,5.4180623e-07,0.0,-1.935699701309204,-0.00022948397591440183
149200,-0.00045861033140681684,1.7417467823577226e-07,-3.688474899530411,2.461672e-07,0.0,-5.922264099121094,-0.00011308734111975527
149400,-0.0004433052963577211,2.057603104788086e-07,-3.688483011722565,3.8892034e-07,0.0,-5.361910820007324,-0.00016149313743967219
149600,-0.0003192854346707463,1.6119634285161056e-07,-3.6884849190711977,2.8848646e-07,0.0,0.15189307928085327,-0.0001370212739273624
149800,-0.00040754134533926845,3.3179322898035937e-07,-3.68849139213562,2.3275614e-07,0.0,-1.7462513446807861,-0.0001348534671255841
150000,-0.0004255503008607775,1.627161704931268e-07,-3.688482964038849,2.7298927e-07,0.0,-1.778630018234253,-0.0001293039685042352
150200,-0.00034940647310577333,2.5331232080816333e-07,-3.6884792685508727,4.0560963e-07,0.0,-1.6627576351165771,-0.00018800788949255854
150400,-0.0004765935009345412,2.3015151047189874e-07,-3.688483601808548,3.1501054e-07,0.0,-9.528953552246094,-0.0001539584684649098
150600,-0.0002754503511823714,1.1729541142813104e-07,-3.6884940683841707,3.3706425e-07,0.0,-3.7972288131713867,-0.00014817281019317008
150800,-0.0002914744254667312,1.746695289739364e-07,-3.688485711812973,2.8938052e-07,0.0,-1.9696273803710938,-0.00014892293187311888
151000,-0.00044791604159399867,2.3043424626223442e-07,-3.6884957551956177,3.582239e-07,0.0,-2.3160390853881836,-0.00016998629847559955
151200,-0.00031305354787036777,8.470927914672188e-08,-3.688491040468216,2.4974344e-07,0.0,-3.4495291709899902,-0.00013942727308586812
151400,-0.0001793848496163264,1.9207928154685304e-07,-3.68849578499794,3.1501057e-07,0.0,-2.757253885269165,-0.00015141001415770462
151600,-0.0004447919491212815,1.3338873188217805e-07,-3.6884810507297514,3.027916e-07,0.0,-6.444338321685791,-0.0001348498769386919
151800,-0.0007129175355657935,1.110759953348861e-07,-3.688470733165741,5.7667495e-07,0.0,0.22110486030578613,-0.00023508968876932989
152000,-0.0003019462455995381,2.403035466613801e-07,-3.688466614484787,3.683567e-07,0.0,-13.410682678222656,-0.00015795536916283215
152200,-0.00022734064259566367,1.9532080148820795e-07,-3.6884790301322936,3.042817e-07,0.0,-7.595526695251465,-0.00013716921925672755
152400,-0.00038007256807759404,1.6835644487400713e-07,-3.688495910167694,3.248453e-07,0.0,-1.674877643585205,-0.00016393876884432946
152600,-0.0002566798939369619,2.1333086568375849e-07,-3.6884736597537993,2.4706125e-07,0.0,-4.159292697906494,-0.00012257846479482026
152800,-0.00037596121546812356,1.4794665492701142e-07,-3.68850417137146,4.8846005e-07,0.0,-2.4013309478759766,-0.0002002453802069315
153000,-0.0003660031361505389,2.5863130357350885e-07,-3.6884876787662506,4.5359135e-07,0.0,-4.083400726318359,-0.00019356256746116962
153200,-0.0006199112394824624,1.7614176677227534e-07,-3.6884806573390962,5.379319e-07,0.0,-1.1045587062835693,-0.00023866245797989904
153400,-0.0005321393837220967,2.52131970412961e-07,-3.688488119840622,7.3999166e-07,0.0,-1.1300082206726074,-0.00023944240958591046
153600,-0.0002747282851487398,8.275166143434376e-08,-3.6885134518146514,3.8802625e-07,0.0,-5.601839065551758,-0.00016999257842678083
153800,-0.0005597099661827087,2.792232660198124e-07,-3.688483327627182,3.8504598e-07,0.0,-8.711780548095703,-0.00020265376733035189
154000,-0.0003171274729538709,1.8185478545262868e-07,-3.6884824454784395,2.297759e-07,0.0,-1.8232712745666504,-0.0001335725635570939
154200,-0.0004256472457200289,1.6454879450122917e-07,-3.6885066628456116,5.438924e-07,0.0,-2.841756820678711,-0.0002184008747050825
154400,-0.00044932871242053807,2.3114493110654167e-07,-3.6884917438030245,5.3018334e-07,0.0,-4.1194353103637695,-0.00018787893648254396
154600,-0.0002924347063526511,1.4632511575740635e-07,-3.6885029852390288,2.7626754e-07,0.0,-0.04925227165222168,-0.0001327762523934517
154800,-0.0003621029609348625,1.7008291290920853e-07,-3.688484513759613,5.078316e-07,0.0,-4.025251865386963,-0.00021280104690326595
155000,-0.00020583608420565724,1.400695424536025e-07,-3.6885028183460236,3.376603e-07,0.0,-5.242833137512207,-0.0001298748023149443
155200,-0.00041539312223903835,2.5900015359070495e-07,-3.6884887516498566,2.7000902e-07,0.0,-3.0028576850891113,-0.00013835741484014008
155400,-0.0004099023644812405,1.8229488816245975e-07,-3.6884774208068847,4.5746563e-07,0.0,-2.5673985481262207,-0.00018442104872717913
155600,-0.00037420549779199064,1.6154130850765113e-07,-3.6884955763816833,2.786517e-07,0.0,-4.01810359954834,-0.00014808892450617338
155800,-0.0002792170853354037,2.0196001120353914e-07,-3.6884883522987364,3.0875205e-07,0.0,-10.099392890930176,-0.00014822344543747868
156000,-0.00044944669934920967,1.0521814175490363e-07,-3.6884907722473144,5.096197e-07,0.0,-3.5808095932006836,-0.00021639561703872267
156200,-0.0003455192199908197,1.4338133222935311e-07,-3.688493329286575,3.233552e-07,0.0,-3.67918062210083,-0.00016206468494628368
156400,-0.0002623896871227771,1.3447115616571636e-07,-3.688504433631897,2.8163194e-07,0.0,-1.2367966175079346,-0.00015009748907557352
156600,-0.0005296683521009982,1.309429572771137e-07,-3.688499617576599,2.9236077e-07,0.0,-0.4671945571899414,-0.00016683442953331352
156800,-0.0002560830325819552,1.5370223866995046e-07,-3.6884994864463807,3.46303e-07,0.0,-2.3541598320007324,-0.00016049949990974975
157000,-0.000313453609123826,2.0999920948838736e-07,-3.6884965360164643,3.4064055e-07,0.0,-4.237242221832275,-0.00014679854332415586
157200,-0.0004964954569004476,1.9828323409853966e-07,-3.6884915053844454,4.154444e-07,0.0,-4.139047145843506,-0.00019104603971618062
157400,-0.00020830905123148113,2.079439056501542e-07,-3.6884971499443053,2.3216009e-07,0.0,-1.9331130981445312,-0.0001158688671963004
157600,-0.00044367360533215106,1.324468049901384e-07,-3.6884978473186494,3.9368868e-07,0.0,-0.9178404808044434,-0.00018683795488686484
157800,-0.0004373010597191751,1.206997611191696e-07,-3.6884937942028047,2.902746e-07,0.0,-3.188408374786377,-0.00014759480242338975
158000,-0.0005707777454517782,1.432128470923999e-07,-3.688494783639908,3.7699937e-07,0.0,-2.9735336303710938,-0.00018048239227415054
158200,-0.0003858259879052639,2.369900155230198e-07,-3.6884819626808167,2.8908252e-07,0.0,-1.4322035312652588,-0.00016039138350043558
158400,-0.00031767916516400874,1.6558735538296787e-07,-3.688481014966965,3.1352042e-07,0.0,-1.3663949966430664,-0.00016644984312166322
158600,-0.00031621905509382486,1.4311929099619647e-07,-3.6884815216064455,3.236532e-07,0.0,-3.6436023712158203,-0.0001477341790709963
158800,-0.00035581603879109025,1.8287263525706976e-07,-3.688469851016998,3.2931564e-07,0.0,-1.9362919330596924,-0.00017183033375511858
159000,-0.00033723461092449725,2.3734567200506262e-07,-3.688464421033859,3.2305718e-07,0.0,-3.624833106994629,-0.00015380137340890166
159200,-0.0005276214214973152,1.979988457634363e-07,-3.68845391869545,3.7878752e-07,0.0,-1.5458223819732666,-0.00018532072740560235
159400,-0.0003815199888776988,2.1550041715556744e-07,-3.688449043035507,3.6507845e-07,0.0,-3.480562210083008,-0.0001688444690850943
159600,-0.0004934597527608275,2.1464659987202596e-07,-3.688457930088043,4.079938e-07,0.0,-3.7317848205566406,-0.00018862555899374912
159800,-0.0003869765787385404,3.2178614794986515e-07,-3.6884622275829315,3.4898517e-07,0.0,-3.3284974098205566,-0.00015612499241774992
160000,-0.0003266208223067224,2.800345345832511e-07,-3.6884660720825195,4.041195e-07,0.0,-4.621221542358398,-0.00019128771027134838
160200,-0.0007690566126257181,1.3096549835722727e-07,-3.6884738922119142,6.863475e-07,0.0,-1.290412187576294,-0.00025654895609090734
160400,-0.00022860945318825543,1.8592187700505747e-07,-3.6884808599948884,3.4451483e-07,0.0,-2.6434710025787354,-0.00015437388253669582
160600,-0.0003747880691662431,2.2452347465673482e-07,-3.6884856522083282,3.027916e-07,0.0,-0.8235181570053101,-0.00014729239352846425
160800,-0.0004165102436672896,1.758399529094845e-07,-3.688465529680252,3.0577183e-07,0.0,-2.8807554244995117,-0.00014446887379118145
161000,-0.0003823119623120874,1.3340521825000452e-07,-3.6884741127490996,3.498793e-07,0.0,-1.523677110671997,-0.00016808143149660282
161200,-0.0003901441232301295,1.201710945863965e-07,-3.6884607911109923,4.041195e-07,0.0,-0.42470884323120117,-0.00020128612318308646
161400,-0.0002512125938665122,1.8044476348677563e-07,-3.6884765446186067,2.9444692e-07,0.0,-4.356044769287109,-0.00013813517153085097
161600,-0.0006168215186335146,1.9842909377842942e-07,-3.6884724378585814,5.2839516e-07,0.0,-4.560310363769531,-0.0002071048739692327
161800,-0.00040510986582376063,1.1860397215457397e-07,-3.68848140835762,4.0501357e-07,0.0,-2.23140287399292,-0.00018617729875596288
162000,-0.0003294376947451383,8.247540117523045e-08,-3.6884827077388764,4.6402218e-07,0.0,-4.0853729248046875,-0.00019438218847138699
162200,-0.00023063490516506135,1.8424323720012125e-07,-3.6884650945663453,3.0338765e-07,0.0,-2.810602903366089,-0.00014208681867362573
162400,-0.0004383579653222114,2.2632185903148638e-07,-3.6884608566761017,3.066659e-07,0.0,-0.6703497171401978,-0.00015214169793962285
162600,-0.0006818653200753033,1.7056438981200017e-07,-3.688460111618042,3.8534404e-07,0.0,-8.636651992797852,-0.00019035760315204707
162800,-0.00040137916221283376,2.263309374583855e-07,-3.688458776473999,4.0620566e-07,0.0,-2.299690008163452,-0.0001773686776567418
163000,-0.0003374152001924813,1.5988534833866198e-07,-3.6884810388088227,3.2752752e-07,0.0,-6.7492594718933105,-0.00016630320219235273
163200,-0.00033689397969283164,2.537949157499497e-07,-3.6884491980075835,2.1547079e-07,0.0,-4.595942974090576,-0.0001071209154217767
163400,-0.0001545331033412367,2.2986313759076892e-07,-3.6884525656700133,3.5583975e-07,0.0,-2.3564319610595703,-0.0001680314241723435
163600,-0.0003392439684830606,2.6689460632667303e-07,-3.6884670674800875,4.2706728e-07,0.0,-2.9245765209198,-0.00019655305081256458
163800,-0.00027715545729734004,9.142197274769614e-08,-3.6884608209133147,1.9788742e-07,0.0,-5.957526206970215,-0.00010699494154478017
164000,-0.0003420700959395617,9.700780747579075e-08,-3.688467729091644,4.2289497e-07,0.0,-17.13827896118164,-0.00018634863998818753
164200,-0.0003626614634413272,2.438085708433846e-07,-3.688448804616928,2.8550625e-07,0.0,-6.525887489318848,-0.00012759069481553808
164400,-0.00014678522711619735,3.7371115422502046e-05,-3.6887314081192017,1.7344952e-07,0.0,-1.604896068572998,-0.00012847326681424408
164600,-0.00044631955097429454,3.817900483227277e-05,-3.688517302274704,3.2693146e-07,0.0,-0.5576562881469727,-0.0001904348871823558
164800,-0.00042456213850528,1.838980379034183e-05,-3.6884403765201568,4.5835972e-07,0.0,-0.5315706729888916,-0.00020243167185469703
165000,-0.0005153963575139642,5.117014079587534e-05,-3.688453418016434,4.3302776e-07,0.0,-0.013379812240600586,-0.00020099477497801388
165200,-0.0004241423448547721,2.4316417966474547e-05,-3.6884655356407166,4.5239926e-07,0.0,-0.0592348575592041,-0.00019244306919894428
165400,-0.0006198958726599813,1.9644897633952496e-05,-3.6884277939796446,5.39422e-07,0.0,0.018360793590545654,-0.00024259837007303275
165600,-0.0004819956957362592,2.401659005499823e-05,-3.688449442386627,3.3050776e-07,0.0,-0.24429798126220703,-0.00014529378774192915
165800,-0.0003067273064516485,2.2271998523137883e-05,-3.6884490728378294,3.0755996e-07,0.0,-0.10632312297821045,-0.00016221830146538884
166000,-0.0004868468677159399,4.484192036215973e-05,-3.688441777229309,3.2663345e-07,0.0,-0.08619058132171631,-0.00015612098641212268
166200,-0.0005167658673599362,1.7929907926372834e-05,-3.6884538531303406,5.248189e-07,0.0,-0.20942342281341553,-0.000217283689527914
166400,-0.000498729117680341,2.705706233427918e-05,-3.6884414672851564,4.5210123e-07,0.0,0.04481816291809082,-0.00018097021207323926
166600,-0.0004594659840222448,1.927717178205057e-05,-3.6884883046150208,3.346801e-07,0.0,0.10281866788864136,-0.0001373328757158454
166800,-0.00039376382483169436,3.0154099340506947e-05,-3.688448590040207,4.3332574e-07,0.0,-0.36912667751312256,-0.0001982017464994268
167000,-0.0003388906770851463,6.66518018078932e-05,-3.6884565532207487,5.492568e-07,0.0,-0.02141857147216797,-0.0002139900440029763
167200,-0.0006229527643881738,2.540146347200789e-05,-3.6884397745132445,4.2259694e-07,0.0,-0.20281457901000977,-0.00019765543022583627
167400,-0.00034352895454503596,3.857900760522171e-05,-3.6884471595287325,2.4169685e-07,0.0,-0.0054084062576293945,-0.00011767085659630805
167600,-0.0003831033536698669,3.0170944683050038e-05,-3.688445729017258,3.620982e-07,0.0,-0.005525112152099609,-0.00019000846324869204
167800,-0.00032215347164310515,2.64172399056406e-05,-3.688424986600876,5.403161e-07,0.0,0.018620967864990234,-0.00022064912182304664
168000,-0.0005311564891599119,1.1058076370318304e-05,-3.688445174694061,6.854534e-07,0.0,0.01501244306564331,-0.0002884387367415364
168200,-0.00021372115588746965,2.57824766322301e-05,-3.688433349132538,3.886223e-07,0.0,-0.02394247055053711,-0.00015467800199944203
168400,-0.00047728809295222163,1.1342181289819564e-05,-3.6884555757045745,3.4064053e-07,0.0,-0.1282203197479248,-0.00016253194328590402
168600,-0.00017963793652597815,2.8750300998581224e-05,-3.688468337059021,3.2573936e-07,0.0,0.07683128118515015,-0.0001542797090849035
168800,-0.0007600465905852616,2.7532682861419743e-05,-3.6884504079818727,7.978082e-07,0.0,-0.204420804977417,-0.00026805914289382835
169000,-0.0002387900312896818,1.0162875275909755e-05,-3.688465750217438,3.680587e-07,0.0,0.09076470136642456,-0.00016965330398578947
169200,-0.0003859388525597751,2.557221773713536e-05,-3.688456082344055,3.105402e-07,0.0,0.04469376802444458,-0.00015168413623767307
169400,-0.0001982965914066881,2.5807227711993618e-05,-3.688482588529587,3.2395124e-07,0.0,-0.1133718490600586,-0.00015397170178947927
169600,-0.00022263173013925552,2.5602233881727444e-05,-3.688467490673065,2.9861928e-07,0.0,-0.1576862335205078,-0.00014600622695986053
169800,-0.00038360198959708214,2.0407445708769957e-05,-3.6884746491909026,2.244115e-07,0.0,0.15734511613845825,-0.00013501819195357311
170000,-0.0003469959774520248,3.274141754445736e-05,-3.6884334087371826,6.4074993e-07,0.0,-0.005991935729980469,-0.00024239306685158724
170200,-0.00046213233144953847,2.5383515276189427e-05,-3.688463181257248,2.9951335e-07,0.0,-0.2224869728088379,-0.00015246579130228087
170400,-0.0001952505554072559,2.5856902402665584e-05,-3.688468652963638,2.9295683e-07,0.0,-0.0524439811706543,-0.00013888642763583702
170600,-0.0004623803251888603,4.128316413698485e-05,-3.688454955816269,3.680587e-07,0.0,-0.03042471408843994,-0.00015883002385362887
170800,-0.00047141232062131166,2.9403788539639207e-05,-3.6884517073631287,3.820658e-07,0.0,-0.035703063011169434,-0.0001706318402939555
171000,-0.0005371523438952863,6.60339062960702e-05,-3.6884557902812958,3.451109e-07,0.0,0.017297565937042236,-0.00015323303673977495
171200,-0.00022839420125819743,2.9269421838762354e-05,-3.6884694933891295,3.4153462e-07,0.0,0.18435513973236084,-0.0001696142238205356
171400,-0.00037114552105776966,1.3641060081681645e-05,-3.688474625349045,2.6464463e-07,0.0,0.05820876359939575,-0.0001371678029053136
171600,-0.0003233749885112047,1.0961639611650753e-05,-3.6884792923927305,2.4169685e-07,0.0,0.1182255744934082,-0.00012379558383737165
171800,-0.00045160684385336936,2.0289759527258865e-05,-3.6884775519371034,4.0858987e-07,0.0,-0.2571600675582886,-0.00019821652972575876
172000,-0.0004781492461916059,2.195739193666668e-05,-3.688477432727814,3.5256147e-07,0.0,0.03136324882507324,-0.00017975395859224364
172200,-0.0005549366469494998,4.398781293275533e-05,-3.688480240106583,4.9978496e-07,0.0,-0.1235119104385376,-0.00023900122924027655
172400,-0.0002676931908354163,1.9702408280863892e-05,-3.688476598262787,4.0084123e-07,0.0,-0.07418167591094971,-0.00017705991883385508
172600,-0.0007892001303844154,3.0000826473042253e-05,-3.6884837090969085,7.751584e-07,0.0,0.03216111660003662,-0.0002933868014144636
172800,-0.00046742279664613307,2.775517555164697e-05,-3.688473051786423,2.7149915e-07,0.0,-0.2787659168243408,-0.000139071867241225
173000,-0.000335559481754899,3.280618270764535e-05,-3.6885001420974732,4.9829487e-07,0.0,-0.23687005043029785,-0.00020064508832706718
173200,-0.00033562449971213937,1.0471821872215514e-05,-3.6884789943695067,3.096461e-07,0.0,-0.23586666584014893,-0.00016264015390952125
173400,-0.000431509455665946,1.5753549337205187e-05,-3.6884816348552705,3.3378603e-07,0.0,-0.0010672807693481445,-0.0001537906158912472
173600,-0.0005446674185805023,3.592045763980423e-05,-3.6884502172470093,5.403161e-07,0.0,-0.07030177116394043,-0.00022178741974266948
173800,-0.0003463610482867807,2.2932649176254927e-05,-3.6884726762771605,2.6136635e-07,0.0,0.07940912246704102,-0.00014114834831979728
174000,-0.0005072958301752806,3.64730082310416e-05,-3.6884783446788787,4.0560963e-07,0.0,-0.03504014015197754,-0.00018088038968999687
174200,-0.0006392957293428481,2.2279889731180446e-05,-3.68844553232193,4.75049e-07,0.0,-0.12239038944244385,-0.00021225973958474142
174400,-0.000272261502686888,2.3854823325564212e-05,-3.688443571329117,3.519654e-07,0.0,0.03242766857147217,-0.0001530832499574919
174600,-0.0006535334978252649,1.3814059548167279e-05,-3.6884487748146055,4.5627354e-07,0.0,-0.02401101589202881,-0.0002259563050022173
174800,-0.0003323471755720675,2.8056902601747423e-05,-3.688442254066467,4.208088e-07,0.0,0.012725293636322021,-0.00017321258886227042
175000,-0.0004678788536693901,2.1557165723606886e-05,-3.6884280502796174,3.686547e-07,0.0,0.03329259157180786,-0.00019597360389358442
175200,-0.00039636812289245427,2.6408652956888545e-05,-3.6884366273880005,4.735589e-07,0.0,-0.07220339775085449,-0.00019258455962209987
175400,-0.0004993081092834473,3.3252497951252734e-05,-3.6884348690509796,3.3557416e-07,0.0,0.056979238986968994,-0.0001425615180326023
175600,-0.0003369236073922366,6.221646790436353e-05,-3.6884480834007265,2.539158e-07,0.0,0.018424272537231445,-0.00015707592640898938
175800,-0.0004814854764845222,3.095766519436438e-05,-3.688439983129501,5.623698e-07,0.0,0.07750320434570312,-0.00021089096426516463
176000,-0.0002816035121213645,2.216974291968654e-05,-3.6884586691856383,3.299117e-07,0.0,-0.1148611307144165,-0.0001597927572775104
176200,-0.0005595980910584331,2.346309868244134e-05,-3.688482904434204,3.9726496e-07,0.0,-0.09341883659362793,-0.00018457320484634998
176400,-0.00023557880194857717,2.527282404116704e-05,-3.688475489616394,2.2172928e-07,0.0,0.1251746416091919,-0.00011013844185514543
176600,-0.0006489356164820492,4.34921878422756e-05,-3.6884484767913817,5.042553e-07,0.0,-0.15948307514190674,-0.00019908964613954972
176800,-0.0003263479156885296,1.9726282107512817e-05,-3.688460946083069,3.093481e-07,0.0,0.0644540786743164,-0.00016687671887216649
177000,-0.0001329571969108656,1.8268715143676674e-05,-3.6884434282779694,2.1904707e-07,0.0,0.11683511734008789,-0.00010859581169766485
177200,-0.000356998760253191,1.9759418205467227e-05,-3.688455182313919,3.194809e-07,0.0,-0.01930701732635498,-0.00016154457466621697
177400,-0.00029634046950377524,2.806222255458124e-05,-3.68844456076622,3.1232832e-07,0.0,0.04183071851730347,-0.00015121187209410358
177600,-0.000368679640814662,2.7755362543757657e-05,-3.6884398996829986,3.3140182e-07,0.0,0.025523841381072998,-0.00015724540171211388
177800,-0.0006454295362345874,3.0597785735153596e-05,-3.6884654343128203,6.7412856e-07,0.0,0.18620705604553223,-0.0002683298571130255
178000,-0.0004129050939809531,1.5029551377665484e-05,-3.6884825110435484,5.7309865e-07,0.0,0.07079672813415527,-0.00024600539639165755
178200,-0.0003889978979714215,1.4629239626628986e-05,-3.688446635007858,5.1379203e-07,0.0,0.026496589183807373,-0.0002314109646809115
178400,-0.0003281288663856685,2.8000424572383052e-05,-3.688467437028885,3.1590463e-07,0.0,-0.027034759521484375,-0.00015741325930207495
178600,-0.0002351215953240171,3.630054948189354e-05,-3.688459241390228,3.194809e-07,0.0,0.007848560810089111,-0.00016533274105041685
178800,-0.00040653860196471214,3.368973052602087e-05,-3.6884538292884828,3.620982e-07,0.0,-0.19708490371704102,-0.00017981244411635622
179000,-0.000361674465239048,1.6014305833778054e-05,-3.6884596407413484,4.4167044e-07,0.0,-0.05719935894012451,-0.00018375021954897264
179200,-0.0003147108945995569,1.945530141256313e-05,-3.6884514331817626,3.6984682e-07,0.0,-0.013946533203125,-0.00015664326335462775
179400,-0.00030853223870508373,1.537797074888658e-05,-3.6884490072727205,2.935529e-07,0.0,-0.12264823913574219,-0.00013949946289641967
179600,-0.00034079491160809994,4.210465476717218e-05,-3.6884740233421325,3.0755996e-07,0.0,0.04456925392150879,-0.00015749090819143773
179800,-0.0002177854476030916,1.0315264694327197e-05,-3.6884552359580995,1.9460916e-07,0.0,-0.10098791122436523,-0.00011677279035509081
180000,-0.000494898296892643,2.0593841964000603e-05,-3.688456130027771,3.3050776e-07,0.0,-0.027637124061584473,-0.00016105948187885576
180200,-0.00039287019171752036,2.916918542723579e-05,-3.688466578722,3.4630298e-07,0.0,-0.015630006790161133,-0.00016485808654198575
180400,-0.0005286154919303954,3.963499275414506e-05,-3.688465195894241,4.4494868e-07,0.0,-0.029830098152160645,-0.00020672108430500603
180600,-0.00044636568054556847,3.1270289719032006e-05,-3.6884445369243624,4.5210123e-07,0.0,-0.1551138162612915,-0.00020319933529162616
180800,-0.0004703391168732196,2.1613074318338475e-05,-3.688464653491974,3.6269427e-07,0.0,0.046953558921813965,-0.00017993073109936474
181000,-0.0004731334338430315,2.4570517507527256e-05,-3.6884362399578094,3.8325786e-07,0.0,0.015527069568634033,-0.0001717928657014589
181200,-0.0006870280485600233,2.302883401625877e-05,-3.6884504735469816,5.12898e-07,0.0,-0.03849077224731445,-0.00023179879453596452
181400,-0.0003050425439141691,2.1803174195156317e-05,-3.6884177386760713,3.6120412e-07,0.0,-0.14193809032440186,-0.00016536289222846
181600,-0.0004445861268322915,2.727771659465361e-05,-3.6884304225444793,4.476309e-07,0.0,0.014293551445007324,-0.00019269458948634188
181800,-0.000464557291707024,1.4374973716257955e-05,-3.688444674015045,3.5554172e-07,0.0,0.11193954944610596,-0.0001823306388044621
182000,-0.0003904815821442753,3.948407293137279e-05,-3.6884324073791506,4.246831e-07,0.0,-0.23248350620269775,-0.00019196041582569823
182200,-0.00042054365621879697,2.426831697448506e-05,-3.6884299755096435,3.182888e-07,0.0,0.08645009994506836,-0.0001714324196472994
182400,-0.00039349880535155535,1.9837736931549444e-05,-3.6884476065635683,3.8385392e-07,0.0,-0.0779268741607666,-0.00017065489695502478
182600,-0.00016136677004396915,1.851960309977585e-05,-3.688445919752121,3.1530854e-07,0.0,0.07830435037612915,-0.00016341322679744864
182800,-0.0005172897363081574,2.1451061434163422e-05,-3.688426876068115,4.6312812e-07,0.0,0.05926227569580078,-0.00020128078617984713
183000,-0.0003971779369749129,5.033497627664474e-05,-3.688427722454071,2.9742716e-07,0.0,0.05555659532546997,-0.000184602888338925
183200,-0.00027274960302747786,2.496586093911901e-05,-3.688424688577652,3.9875505e-07,0.0,-0.35063230991363525,-0.00018748581562162415
183400,-0.00043385670869611204,3.3189296436830774e-05,-3.6884381234645844,4.2527915e-07,0.0,0.037866175174713135,-0.00015875774567688516
183600,-0.0003913154359906912,1.714158652248443e-05,-3.6884507834911346,3.290176e-07,0.0,-0.4374185800552368,-0.00016227222954829924
183800,-0.0005338393966667354,2.2259009347180837e-05,-3.6884539484977723,5.7905913e-07,0.0,0.012692868709564209,-0.0002523563785970406
184000,-7.005390943959355e-05,2.5948733627956246e-05,-3.6884504318237306,3.248453e-07,0.0,0.03479188680648804,-0.0001384134598334086
184200,-0.0003097029111813754,2.353719282837119e-05,-3.6884415566921236,3.6239624e-07,0.0,-0.01661694049835205,-0.00017197119213233636
184400,-0.000448811799287796,2.102977441609255e-05,-3.6884586930274965,4.1753054e-07,0.0,-0.14435040950775146,-0.00021797542676011973
184600,-0.0004296336555853486,1.1748504812203464e-05,-3.6884474098682403,4.6670436e-07,0.0,-0.27252471446990967,-0.00018567125321169441
184800,-0.0003631433064583689,2.0377872783683414e-05,-3.6884323716163636,2.8580428e-07,0.0,-0.06313347816467285,-0.00015530775499752458
185000,-0.0003398610570002347,6.176653096190421e-05,-3.688416427373886,3.3438207e-07,0.0,-0.02785658836364746,-0.00013237898824638438
185200,-0.000637476856354624,2.5064539090635663e-05,-3.6884167730808257,4.145503e-07,0.0,-0.36398744583129883,-0.0002075379664668975
185400,-0.00033946262556128204,3.0435513235715916e-05,-3.6884452283382414,3.519654e-07,0.0,-0.07587265968322754,-0.00016257256196996472
185600,-0.0003345035947859287,2.4004803276511665e-05,-3.6884261548519133,2.9683113e-07,0.0,-0.07314181327819824,-0.00014543250157856847
185800,-0.0004725066537503153,1.5214942050079116e-05,-3.6884606659412382,3.8981435e-07,0.0,0.11278128623962402,-0.00018960148492688233
186000,-0.0004750016378238797,2.272549049848749e-05,-3.688450300693512,2.9861928e-07,0.0,0.02503681182861328,-0.00016534142179041033
186200,-0.000381538993678987,2.1359047900659788e-05,-3.688419145345688,3.1352042e-07,0.0,0.06197357177734375,-0.0001783202743422363
186400,-0.00025136262411251664,2.9861233224437454e-05,-3.688417726755142,2.4348498e-07,0.0,0.04123961925506592,-0.00012937377288086972
186600,-0.00028316277894191444,1.3345380102691706e-05,-3.6884480118751526,1.8060207e-07,0.0,-0.10095345973968506,-0.00010185591916909154
186800,-0.0005017312942072749,1.7540485464451196e-05,-3.688442611694336,3.3229588e-07,0.0,-0.025608301162719727,-0.0001712751454372885
187000,-0.0005263557541184127,1.824751227559318e-05,-3.6884124636650086,3.7759543e-07,0.0,0.1269921064376831,-0.00018895055133301143
187200,-0.0004255362437106669,3.134820244667935e-05,-3.6884234607219697,4.324317e-07,0.0,-0.03574657440185547,-0.00019093747444594024
187400,-0.00047767406795173883,3.162765892739117e-05,-3.688414293527603,4.774332e-07,0.0,8.636713027954102e-05,-0.00020669516208864368
187600,-0.0005333375302143395,2.9216525535957772e-05,-3.6884218573570253,4.908443e-07,0.0,0.08171987533569336,-0.00022987876741922264
187800,-0.0004814959247596562,1.2328220941526525e-05,-3.688406354188919,2.461672e-07,0.0,0.16466844081878662,-0.00012611981010977047
188000,-0.00025004558847285807,2.100883209550375e-05,-3.6884239494800566,3.4153462e-07,0.0,-0.3274400234222412,-0.0001725781398122628
188200,-0.0004963779356330633,1.3769499810223352e-05,-3.688406080007553,3.0755996e-07,0.0,-0.13413751125335693,-0.00015811755112848935
188400,-0.00036277537583373487,2.3529126042376448e-05,-3.688447141647339,3.141165e-07,0.0,0.16355687379837036,-0.00013687191911770924
188600,-0.00029205274768173695,2.7490312731970334e-05,-3.6883861243724825,3.84748e-07,0.0,-0.10517215728759766,-0.00017711813926597487
188800,-0.0006616862956434488,2.3706635533926602e-05,-3.688388800621033,4.6581027e-07,0.0,0.0013771653175354004,-0.00018862056838457874
189000,-0.00039250508416444063,2.4855557603586932e-05,-3.6883755326271057,2.6762484e-07,0.0,0.00412905216217041,-0.0001294103341861641
189200,-0.0002968937624245882,1.8064566415887384e-05,-3.6884157598018645,3.284216e-07,0.0,-0.1787346601486206,-0.0001613326760187217
189400,-0.0003376402019057423,1.2783028114426998e-05,-3.6884083449840546,3.427267e-07,0.0,-0.16871917247772217,-0.0001905683270482683
189600,-0.00048163137398660183,2.0649255634452857e-05,-3.6884220004081727,2.8967858e-07,0.0,0.022803306579589844,-0.00015160319171911852
189800,-0.0003964640200138092,1.781503729034739e-05,-3.6884074747562408,4.3392185e-07,0.0,-0.003246784210205078,-0.00020113421946370557
190000,-0.00028213657788001,4.9157327475768396e-05,-3.6883745431900024,6.228686e-07,0.0,-0.014413118362426758,-0.0002250005297582902
190200,-0.00017744158685673028,2.170562097489892e-05,-3.6883983850479125,1.9311905e-07,0.0,-0.1346350908279419,-0.00011049806004712615
190400,-0.00035493564791977406,3.5393006874073764e-05,-3.6883747220039367,2.643466e-07,0.0,0.0642772912979126,-0.00013565918508668952
190600,-0.00033877839450724423,2.380245327913144e-05,-3.6884038925170897,3.8146973e-07,0.0,-0.12650799751281738,-0.00017233411530468424
190800,-0.00032486816053278744,2.641052678882261e-05,-3.688401299715042,3.4600495e-07,0.0,-0.11962354183197021,-0.00017219481809740422
191000,-0.00034082401543855667,4.762097123602871e-05,-3.6883663713932036,3.0398368e-07,0.0,0.034363627433776855,-0.0001380134071241601
191200,-0.00033350480953231454,2.783104228001321e-05,-3.6883860409259794,3.3706425e-07,0.0,-0.0882265567779541,-0.000168542600562116
191400,-0.00046181349898688495,3.127529298581066e-05,-3.6883965969085692,4.157424e-07,0.0,0.08485203981399536,-0.0001899742223289369
191600,-0.00051271659322083,3.1446399270862456e-05,-3.6883657038211823,4.0203332e-07,0.0,-0.01364743709564209,-0.00019968329303123866
191800,-0.000263813475612551,2.1261175493236806e-05,-3.6884055733680725,4.0382147e-07,0.0,-0.02133190631866455,-0.00018647079150797553
192000,-0.0003657863417174667,4.213269758110982e-05,-3.688364487886429,2.8073788e-07,0.0,-0.09980583190917969,-0.00015164188332961182
192200,-0.00019172999600414187,2.185330506563332e-05,-3.6883846700191496,2.774596e-07,0.0,-0.0969613790512085,-0.00015277607839567776
192400,-0.00041459090425632894,2.03480483378371e-05,-3.688406789302826,4.2378903e-07,0.0,0.048353493213653564,-0.00019523493245992006
192600,-0.00029297627042979,1.71859469901392e-05,-3.6884318053722382,2.5957823e-07,0.0,-0.021052002906799316,-0.00012117649590437374
192800,-0.00038717107963748276,2.7482809832690692e-05,-3.6884041130542755,3.5107135e-07,0.0,0.018670380115509033,-0.0001655551822211665
193000,-0.0003552922571543604,1.3228196030468098e-05,-3.688417214155197,2.6613472e-07,0.0,-0.07070255279541016,-0.00013639882183227314
193200,-0.00029453751631081104,2.534123400437238e-05,-3.6884027481079102,3.2514333e-07,0.0,-0.16111111640930176,-0.0001492686374589325
193400,-0.000634897907730192,1.5620005387972925e-05,-3.6883934140205383,5.3852796e-07,0.0,0.023019731044769287,-0.0002304313485271825
193600,-0.0004718053969554603,5.309815796863404e-05,-3.6883799493312837,4.133582e-07,0.0,-0.015108466148376465,-0.00019821547605238798
193800,-0.0005515313823707402,2.0017684755657682e-05,-3.6883770525455475,3.4064055e-07,0.0,-0.13583695888519287,-0.00016135305195450478
194000,-0.00042236148146912456,2.8133693899690115e-05,-3.688405531644821,4.9263235e-07,0.0,-0.18214738368988037,-0.00021287096916853266
194200,-0.0002821491507347673,1.7337540361950234e-05,-3.688372880220413,3.0994414e-07,0.0,-0.07065677642822266,-0.0001374268840742321
194400,-0.00021568170632235706,3.708797080435033e-05,-3.6883742451667785,2.5421383e-07,0.0,0.0602262020111084,-0.00014193677820619754
194600,-0.0002949699992313981,4.022329540021019e-05,-3.6883949875831603,2.7865173e-07,0.0,-0.13078343868255615,-0.0001386590447805869
194800,-0.00035882738302461803,2.4284625669679372e-05,-3.688386046886444,3.5047532e-07,0.0,-0.03758096694946289,-0.00017279624272745764
195000,-0.0006336364895105362,3.0242504999478113e-05,-3.6883878886699675,4.2527915e-07,0.0,-0.10959911346435547,-0.00020953238001061302
195200,-0.0003384664305485785,4.2547947123239284e-05,-3.6883895099163055,3.8921834e-07,0.0,-0.02490997314453125,-0.00018266314390450456
195400,-0.00030480651184916496,2.2464353241957725e-05,-3.6883444845676423,2.1845102e-07,0.0,0.05441248416900635,-0.00011623217812108954
195600,-8.448092557955533e-05,3.93706216073042e-05,-3.6883552014827727,2.8878452e-07,0.0,-0.00918436050415039,-0.00013939516117886797
195800,-0.0003160292108077556,2.1160105507078698e-05,-3.6883719980716707,2.6971102e-07,0.0,-0.15292227268218994,-0.0001485559812662629
196000,-0.0003303998673800379,1.1101282393610745e-05,-3.688365763425827,2.655387e-07,0.0,0.1002538800239563,-0.00014762583499521308
196200,-0.0003306477447040379,1.7525265889162256e-05,-3.6883944630622865,2.9176474e-07,0.0,-0.10099554061889648,-0.0001372914467131281
196400,-0.00044628168689087033,3.2022350001170705e-05,-3.6883773386478422,3.8802625e-07,0.0,0.05400514602661133,-0.0001838939405813589
196600,-0.0005963472067378461,2.70529272256681e-05,-3.6883551239967347,4.36306e-07,0.0,-0.046065330505371094,-0.00022395124963123792
196800,-0.0004369621747173369,1.4083185192248493e-05,-3.6883979022502897,3.4958123e-07,0.0,-0.42237532138824463,-0.00017685443026529412
197000,-0.0005607944913208485,2.9685229719689232e-05,-3.688387233018875,6.437302e-07,0.0,0.02123779058456421,-0.00023649770025779837
197200,-9.404661977896467e-05,2.569789905919606e-05,-3.6883583545684813,2.297759e-07,0.0,-0.041237473487854004,-0.00012279420362188987
197400,-0.0003964337520301342,2.613409519653942e-05,-3.6883831441402437,2.4646522e-07,0.0,0.06595665216445923,-0.00012889941028471075
197600,-0.00032823922811076045,3.924750199075788e-05,-3.6883485436439516,3.385544e-07,0.0,-0.1397693157196045,-0.0001654966468797703
197800,-0.00028217522776685655,2.254732307847007e-05,-3.688351845741272,3.2275915e-07,0.0,0.09639084339141846,-0.0001620651814849161
198000,-0.0002478106180205941,3.2214156408372216e-05,-3.6883535265922545,2.9683113e-07,0.0,-0.04260718822479248,-0.00015640173919427846
198200,-0.00038967779255472124,2.0208544219713077e-05,-3.688352382183075,3.0338765e-07,0.0,-0.21209418773651123,-0.0001511787026314604
198400,-0.0004815232241526246,2.3330539215749012e-05,-3.6883759021759035,3.963709e-07,0.0,-0.026007771492004395,-0.00017238037886662115
198600,-0.00017320171173196286,2.550745364260365e-05,-3.6883600115776063,3.7431718e-07,0.0,-0.09552085399627686,-0.00017186100089201518
198800,-0.00020907516591250896,2.0146981455582136e-05,-3.688363808393478,2.9295683e-07,0.0,-0.08490383625030518,-0.000154076352652055
199000,-0.00030425991280935705,3.258377510064747e-05,-3.688364231586456,3.0219556e-07,0.0,0.10000264644622803,-0.0001488059974183109
199200,-0.0005435977946035564,2.7472372175907366e-05,-3.688344693183899,4.7028067e-07,0.0,0.07159680128097534,-0.00019862746473632288
199400,-0.00034573450102470815,2.0580401496772538e-05,-3.688359534740448,4.1067602e-07,0.0,-0.0475614070892334,-0.0001880010005101962
199600,-0.0003494787379167974,2.051939759439847e-05,-3.688344919681549,4.10676e-07,0.0,-0.05246841907501221,-0.00017691360338245588
199800,-0.00036889573675580323,2.18069648326491e-05,-3.688340497016907,4.056096e-07,0.0,-0.19008386135101318,-0.00020173655468118666
200000,-0.00042794234468601644,2.1119081588949483e-05,-3.6883294224739074,3.272295e-07,0.0,0.12258660793304443,-0.00016028478688007164
