timestep,loss,value_loss,entropy_loss,approx_kl,clip_fraction,explained_variance,policy_gradient_loss
200,,,,,,,
400,0.051672354340553284,0.12331153927370905,-3.688876670598984,9.059906e-08,0.0,-0.5083396434783936,-0.00010418143859260986
600,0.015119211748242378,0.03624077262356877,-3.688875561952591,2.5361777e-07,0.0,-4.1060380935668945,-0.000174506408867936
800,0.03664793446660042,0.06874752612784504,-3.688873702287674,3.1799078e-07,0.0,-0.7158443927764893,-0.00016442609617577374
1000,0.04974932596087456,0.12083916496485472,-3.688872879743576,2.4318695e-07,0.0,-0.5582858324050903,-0.0001455668735162008
1200,0.04305195435881615,0.08634320283308625,-3.6888729989528657,2.5272368e-07,0.0,-0.41745030879974365,-0.00015545847649196532
1400,0.057608261704444885,0.11262199925258756,-3.6888726234436033,2.1487475e-07,0.0,-0.3586817979812622,-0.00014515122864656728
1600,0.040987204760313034,0.07431896422058344,-3.688871991634369,2.8669834e-07,0.0,-1.112220287322998,-0.0001427878531411686
1800,0.037683211266994476,0.08402603603899479,-3.688871604204178,1.9490719e-07,0.0,-0.6366329193115234,-0.00011532875117770125
2000,0.012680376879870892,0.028084939485415815,-3.6888711154460907,2.9891729e-07,0.0,-4.06427526473999,-0.00015520140576046336
2200,0.016272440552711487,0.038116578757762906,-3.688870847225189,3.2931567e-07,0.0,-1.7358500957489014,-0.00014472277617652018
2400,0.07545100897550583,0.10653013400733471,-3.68887060880661,3.364682e-07,0.0,-0.40191197395324707,-0.00016663174253563894
2600,0.03366836905479431,0.059947081329301,-3.6888696551322937,3.054738e-07,0.0,-0.6836913824081421,-0.00016518899626010163
2800,0.0378919392824173,0.06805815119296313,-3.6888687372207642,3.248453e-07,0.0,-0.539154052734375,-0.000172908398719529
3000,0.018525412306189537,0.04632100332528353,-3.6888680934906004,2.7537345e-07,0.0,-1.644336462020874,-0.00014560903568394679
3200,0.02858227863907814,0.08073574900627137,-3.6888678908348083,2.1427869e-07,0.0,-0.1707519292831421,-0.00012932998640292627
3400,0.017715424299240112,0.043004067800939086,-3.688867336511612,3.2037497e-07,0.0,-0.5437397956848145,-0.0001593485330836586
3600,0.05257796868681908,0.05998096624389291,-3.688866597414017,2.1368265e-07,0.0,-0.6628774404525757,-0.00012899334718015077
3800,0.011902708560228348,0.02392879584804177,-3.6888659060001374,2.1725894e-07,0.0,-1.7277417182922363,-0.0001329500516875415
4000,0.027520274743437767,0.057914707157760856,-3.6888660550117494,2.6643278e-07,0.0,-0.7259490489959717,-0.00015977919161821452
4200,0.02235206589102745,0.05125205786898732,-3.68886638879776,1.8149613e-07,0.0,-1.1194462776184082,-0.0001124178917815577
4400,0.030567161738872528,0.05427502002567053,-3.6888659060001374,3.8444995e-07,0.0,-0.34046804904937744,-0.00017156334157630292
4600,0.019513726234436035,0.03731664610095322,-3.6888663172721863,2.1278858e-07,0.0,-1.8764793872833252,-0.00014510287623896722
4800,0.031835827976465225,0.09876284655183554,-3.688864755630493,3.2305718e-07,0.0,-0.20829308032989502,-0.00016407076283508903
5000,0.012029699981212616,0.024931324180215597,-3.6888649225234986,3.1143426e-07,0.0,-1.8980894088745117,-0.00016075860684299225
5200,0.023352574557065964,0.07252939529716969,-3.6888651728630064,3.0100347e-07,0.0,-0.6483508348464966,-0.00016423995874527143
5400,0.013995788991451263,0.02577401022426784,-3.688864928483963,3.0875208e-07,0.0,-0.9939199686050415,-0.00015560344263653158
5600,0.016255846247076988,0.03710644566453993,-3.6888641357421874,3.8683413e-07,0.0,-0.4270285367965698,-0.00016984766785204107
5800,0.00970623828470707,0.030100398790091278,-3.6888638198375703,2.4974347e-07,0.0,-1.1543731689453125,-0.00014406068628773915
6000,0.014332225546240807,0.04241577410139143,-3.688863641023636,2.0921229e-07,0.0,-0.8073391914367676,-0.00013089923621101285
6200,0.017093783244490623,0.032354375114664435,-3.6888631880283356,3.20673e-07,0.0,-0.4361838102340698,-0.00015023691119953053
6400,0.014618320390582085,0.028708940465003253,-3.688863378763199,3.0130147e-07,0.0,-0.6723024845123291,-0.00015342435189404368
6600,0.013580601662397385,0.027641095384024084,-3.68886336684227,3.3974646e-07,0.0,-1.0049991607666016,-0.00016502180718678262
6800,0.007987304590642452,0.019360240804962812,-3.688862866163254,2.411008e-07,0.0,-0.8818455934524536,-0.00014446222743083048
7000,0.07529935985803604,0.1451820071786642,-3.688862758874893,2.0503998e-07,0.0,-0.07517886161804199,-0.00012895809040296412
7200,0.01778659038245678,0.029171864967793226,-3.6888638615608214,1.6242265e-07,0.0,-1.1521680355072021,-9.398311468884479e-05
7400,0.01800505444407463,0.06393575295805931,-3.6888631224632262,2.4795534e-07,0.0,-0.16116249561309814,-0.00014241330267599216
7600,0.031300079077482224,0.060142680536955595,-3.6888630270957945,1.7374754e-07,0.0,-0.4349207878112793,-0.00010353186713898399
7800,0.02496188133955002,0.04560100482776761,-3.6888631939888,2.8908252e-07,0.0,-0.4580960273742676,-0.00014663314881944168
8000,0.004859524313360453,0.02342216018587351,-3.6888628900051117,1.8328427e-07,0.0,-0.6320760250091553,-9.21921958254579e-05
8200,0.05326187238097191,0.07103340588510036,-3.68886251449585,4.1484833e-07,0.0,-0.22517883777618408,-0.0002172629397166448
8400,0.013594187796115875,0.01837087036110461,-3.68886279463768,3.5762787e-07,0.0,-0.8127756118774414,-0.00014826099623382882
8600,0.022631609812378883,0.04210385419428349,-3.6888631939888,2.0682812e-07,0.0,-0.41975629329681396,-0.00011379429749671654
8800,0.006922759581357241,0.016796466056257488,-3.688862657546997,3.361702e-07,0.0,-0.25149261951446533,-0.00018984740100504993
9000,0.014477746561169624,0.03303659672383219,-3.6888631165027617,2.092123e-07,0.0,-0.4690054655075073,-0.00011260657065577106
9200,0.014325462281703949,0.03314520590938628,-3.688862520456314,1.3232231e-07,0.0,-0.5183380842208862,-0.00010276798809184528
9400,0.011365686543285847,0.02211193924304098,-3.688861781358719,2.488494e-07,0.0,-0.5720229148864746,-0.00014448984702135624
9600,0.014353660866618156,0.026257034135051073,-3.6888608276844024,3.042817e-07,0.0,-0.3968801498413086,-0.0001419445578280776
9800,0.009886926040053368,0.023208382097072898,-3.6888593077659606,2.7567148e-07,0.0,-0.24229824542999268,-0.00015372659232048002
10000,0.014206616207957268,0.058535784715786576,-3.688859963417053,3.862381e-07,0.0,-0.14942646026611328,-0.0002226133026778765
10200,0.018216000869870186,0.057596406899392605,-3.688861835002899,2.1755696e-07,0.0,-0.30194640159606934,-0.0001385778331523979
10400,0.017329145222902298,0.04467986347153783,-3.6888607263565065,2.3305415e-07,0.0,-0.4126087427139282,-0.00012596021572555127
10600,0.04106569290161133,0.056638345634564755,-3.688859736919403,2.2381545e-07,0.0,-0.25810468196868896,-0.00012918033436379873
10800,0.020103339105844498,0.036834229435771706,-3.68885817527771,3.311038e-07,0.0,-0.16601932048797607,-0.0001808061967553787
11000,0.06253586709499359,0.09685134952887893,-3.6888568878173826,4.011393e-07,0.0,-0.07657158374786377,-0.00016809320535395855
11200,0.007092369720339775,0.013262525817845016,-3.688855367898941,3.8683416e-07,0.0,-0.4397658109664917,-0.0001880634875050191
11400,0.047126248478889465,0.07235562261193991,-3.688853752613068,2.0354986e-07,0.0,-0.2107234001159668,-0.00012100331438160694
11600,0.020405547693371773,0.049305719882249834,-3.6888528943061827,2.5510786e-07,0.0,-0.2620208263397217,-0.00014623230383710163
11800,0.03565549477934837,0.04583567827939987,-3.688853371143341,1.7404555e-07,0.0,-0.1370391845703125,-0.00011743493009794826
12000,0.018524274230003357,0.03283922052942216,-3.688851982355118,1.9043684e-07,0.0,-0.22004973888397217,-0.00013037626346203978
12200,0.021430669352412224,0.037879272690042855,-3.688851314783096,2.914667e-07,0.0,-0.1085747480392456,-0.000144683058144901
12400,0.0024863467551767826,0.0094436667393893,-3.6888510167598723,3.5643578e-07,0.0,-0.3529247045516968,-0.00017757651262773066
12600,0.00835567619651556,0.015375142800621688,-3.68885098695755,2.4855137e-07,0.0,-0.21821165084838867,-0.0001445183829712704
12800,0.02267305925488472,0.06107738371938467,-3.688851422071457,2.9563904e-07,0.0,-0.21033942699432373,-0.000180517436314398
13000,0.010356483049690723,0.014530485880095511,-3.6888508439064025,2.3812055e-07,0.0,-0.4546126127243042,-0.00012372449042405976
13200,0.00940851029008627,0.02221130463294685,-3.6888503968715667,3.2663348e-07,0.0,-0.3325076103210449,-0.00016607672640878146
13400,0.010859458707273006,0.033741081668995324,-3.6888508558273316,2.6613475e-07,0.0,-0.2183769941329956,-0.00015419429451086765
13600,0.009778042323887348,0.030113868415355682,-3.688848602771759,3.257394e-07,0.0,-0.26421189308166504,-0.0001703810552899032
13800,0.08145488798618317,0.11802033074200154,-3.6888485312461854,1.7583369e-07,0.0,-0.07024121284484863,-0.00012881371328499203
14000,0.01702972874045372,0.05277565959841013,-3.6888471722602842,2.8163194e-07,0.0,-0.08711373805999756,-0.00017374174352380312
14200,0.016031038016080856,0.051041623740456996,-3.688847917318344,2.6106835e-07,0.0,-0.13253390789031982,-0.0001423549501573529
14400,0.03577594831585884,0.11082304511219263,-3.6888480365276335,2.3692846e-07,0.0,-0.008403301239013672,-0.00014092204382336603
14600,0.00699935806915164,0.01183316808892414,-3.6888490498065947,2.8818846e-07,0.0,-0.5256079435348511,-0.00015203852130505347
14800,0.00499741081148386,0.008412702812347562,-3.6888479769229887,2.297759e-07,0.0,-0.31844639778137207,-0.00013927216885721848
15000,0.011693484149873257,0.02153018496464938,-3.6888494551181794,3.6537648e-07,0.0,-0.20114612579345703,-0.00019025906987064635
15200,0.016724659129977226,0.032329885731451215,-3.6888497352600096,2.7626754e-07,0.0,-0.08294522762298584,-0.00016006021376639977
15400,0.009115287102758884,0.03990525498520583,-3.6888500094413756,2.4557113e-07,0.0,-0.15149164199829102,-0.0001376495061548466
15600,0.013808535411953926,0.02222843619529158,-3.6888491094112394,1.6927719e-07,0.0,-0.17119598388671875,-9.5214977501068e-05
15800,0.01127505861222744,0.022277205623686312,-3.6888480842113496,3.6478042e-07,0.0,-0.12854504585266113,-0.00018631723327473538
16000,0.030110511928796768,0.06808273196220398,-3.688847452402115,3.5524369e-07,0.0,-0.008082866668701172,-0.00018750357608428027
16200,0.006387155037373304,0.015186798176728189,-3.68884459733963,1.3768673e-07,0.0,-0.12039470672607422,-9.544420248051023e-05
16400,0.010534901171922684,0.025120608415454625,-3.688847291469574,2.9861928e-07,0.0,-0.22441864013671875,-0.00016911052261401328
16600,0.043833352625370026,0.07283356413245201,-3.68884562253952,2.0265578e-07,0.0,-0.08993983268737793,-0.00012974241397943896
16800,0.020711837336421013,0.0345205525867641,-3.6888480842113496,2.589822e-07,0.0,-0.14277863502502441,-0.00015995918325553137
17000,0.04724513366818428,0.062407742347568275,-3.688845527172089,2.3990867e-07,0.0,-0.10698568820953369,-0.00013660492041969174
17200,0.01507817767560482,0.02005481203086674,-3.688844859600067,2.6851893e-07,0.0,-0.12280690670013428,-0.00013680247579963555
17400,0.02593550831079483,0.043279919493943456,-3.6888424873352053,2.7865173e-07,0.0,-0.0307466983795166,-0.0001683349024309777
17600,0.01710808463394642,0.03515772630926221,-3.6888433575630186,2.1517278e-07,0.0,-0.0063332319259643555,-0.00013296236959945418
17800,0.005636143963783979,0.010739473847206683,-3.6888386487960814,1.7106534e-07,0.0,-0.14403390884399414,-0.00011967924261506724
18000,0.01421214360743761,0.029630486760288476,-3.6888378262519836,3.746152e-07,0.0,-0.02952885627746582,-0.0001678393108164755
18200,0.02560531720519066,0.04928536796942353,-3.688842016458511,2.244115e-07,0.0,-0.060137271881103516,-0.0001331552713049966
18400,0.022080866619944572,0.04141746247187257,-3.6888381838798523,1.8000603e-07,0.0,-0.07119500637054443,-0.0001134008759238414
18600,0.027002079412341118,0.024612025613896547,-3.6888385891914366,3.0845402e-07,0.0,-0.04498589038848877,-0.00016676652244860258
18800,0.05650392174720764,0.0855202279984951,-3.6888376414775848,2.6345253e-07,0.0,-0.02554035186767578,-0.00014308012240151768
19000,0.022940611466765404,0.04052916807122529,-3.688834935426712,2.8997658e-07,0.0,-0.08506190776824951,-0.00014574440361589947
19200,0.01063575129956007,0.03156471787951887,-3.688834398984909,3.221631e-07,0.0,-0.032360076904296875,-0.00018268861578694118
19400,0.01859087310731411,0.0416436365339905,-3.688832938671112,4.1127203e-07,0.0,-0.021022677421569824,-0.0001840824704236077
19600,0.0015505555784329772,0.004765712219523266,-3.68883501291275,3.3199788e-07,0.0,-0.06447756290435791,-0.00016193150748380347
19800,0.027423687279224396,0.08459057174623012,-3.6888304114341737,2.9474495e-07,0.0,-0.020449399948120117,-0.00014330786395340135
20000,0.007633011322468519,0.01636400861898437,-3.6888305962085726,2.5659799e-07,0.0,-0.029862046241760254,-0.00015314381622624217
20200,0.005220880266278982,0.012498196912929416,-3.6888330459594725,2.6911496e-07,0.0,-0.07840585708618164,-0.00015054015798876552
20400,0.013903865590691566,0.03396721710450947,-3.688835120201111,2.3663043e-07,0.0,-0.05970895290374756,-0.00015171787181003093
20600,0.004982983693480492,0.009212966187624261,-3.6888315200805666,3.185868e-07,0.0,-0.03804373741149902,-0.00019884689940021793
20800,0.0037257838994264603,0.013796718197409064,-3.6888375759124754,2.1457672e-07,0.0,-0.08034622669219971,-0.00012193791669119491
21000,0.021556952968239784,0.06922847595997154,-3.6888338208198546,2.670288e-07,0.0,-0.022451281547546387,-0.0001424737649352359
21200,0.023269562050700188,0.05436929971911013,-3.6888316452503203,3.027916e-07,0.0,-0.014676213264465332,-0.00015369264836286866
21400,0.02011033706367016,0.033921912242658434,-3.6888352930545807,3.0696393e-07,0.0,-0.020438313484191895,-0.00017720389304032302
21600,0.011356265284121037,0.03309198403730988,-3.6888319551944733,2.3931264e-07,0.0,-0.021481633186340332,-0.0001271074567453123
21800,0.015357926487922668,0.025357473501935603,-3.688833564519882,3.8862228e-07,0.0,-0.0076656341552734375,-0.00018307483318438233
22000,0.0108408834785223,0.02369533058954403,-3.68883101940155,4.273653e-07,0.0,-0.0271986722946167,-0.00020414077506005767
22200,0.015156087465584278,0.0255924838478677,-3.688832885026932,1.8924476e-07,0.0,-0.020468473434448242,-0.00012859532573651357
22400,0.015268371440470219,0.026594458729960024,-3.6888309121131897,2.05338e-07,0.0,-0.003858208656311035,-0.000120741293293114
22600,0.009892119094729424,0.03489038830157369,-3.688828855752945,2.7090312e-07,0.0,-0.01389169692993164,-0.00015205207513258046
22800,0.0051111625507473946,0.01915875079575926,-3.688829106092453,2.5093556e-07,0.0,-0.007528185844421387,-0.00016901694585467198
23000,0.009123578667640686,0.02050049740355462,-3.68882360458374,4.5716763e-07,0.0,-0.0004227161407470703,-0.0002130344624786229
23200,0.0064339363016188145,0.021035153814591468,-3.688827431201935,2.2500754e-07,0.0,-0.002511143684387207,-0.0001281840961115055
23400,0.014461500570178032,0.024776308878790586,-3.6888221740722655,1.8566848e-07,0.0,0.0024024248123168945,-0.00012301726180209417
23600,0.00859226193279028,0.01441948878346011,-3.688821417093277,3.2216312e-07,0.0,-0.007268667221069336,-0.0001748157146605589
23800,0.006284425035119057,0.009222282283008098,-3.6888221979141234,1.552701e-07,0.0,0.006598770618438721,-9.572555846921737e-05
24000,0.01110218558460474,0.034428887884132564,-3.688824063539505,2.05338e-07,0.0,0.0005460381507873535,-0.00012625839671789318
24200,0.004558010026812553,0.014221594529226422,-3.688821887969971,3.6269427e-07,0.0,0.003523588180541992,-0.00018973494158416315
24400,0.06685647368431091,0.13754217717796563,-3.688819009065628,3.2901764e-07,0.0,-0.0012267827987670898,-0.00016210167043022582
24600,0.011684815399348736,0.051737995631992814,-3.6888234972953797,3.311038e-07,0.0,0.014711260795593262,-0.0001628068245316583
24800,0.018266722559928894,0.029932246915996073,-3.688826686143875,2.5242568e-07,0.0,0.020515620708465576,-0.00015695050254895814
25000,0.009861035272479057,0.026104449620470406,-3.6888219475746156,5.036593e-07,0.0,0.02940613031387329,-0.00020896311888214393
25200,0.014995160512626171,0.04171541794203222,-3.688825637102127,2.1040441e-07,0.0,0.022309601306915283,-0.00013275188210253307
25400,0.012729378417134285,0.021972930408082902,-3.688823181390762,3.4749507e-07,0.0,0.012556910514831543,-0.00020453085660836478
25600,0.002663802355527878,0.007214297575410455,-3.6888246119022368,2.69115e-07,0.0,0.08751916885375977,-0.00014478616420665613
25800,0.002966324333101511,0.013755428104195744,-3.6888245046138763,2.4825334e-07,0.0,0.034240782260894775,-0.00014607758885449852
26000,0.013296582736074924,0.032813841151073574,-3.6888250708580017,2.5242565e-07,0.0,0.02899867296218872,-0.00013641606612351253
26200,0.015327050350606441,0.03040204094722867,-3.688825649023056,3.942847e-07,0.0,0.013886630535125732,-0.00020127052044380812
26400,0.010613144375383854,0.026486651110462844,-3.688820856809616,3.3915043e-07,0.0,0.01778709888458252,-0.00018004667820838982
26600,0.005333269946277142,0.014262490684632211,-3.688820648193359,2.2917986e-07,0.0,0.015405833721160889,-0.00014017574304153735
26800,0.010791359469294548,0.023352925409562887,-3.688821107149124,2.324581e-07,0.0,0.03433448076248169,-0.00013214895157400707
27000,0.044951122254133224,0.07629769966006279,-3.688821542263031,2.0712613e-07,0.0,0.017579078674316406,-0.00012373278666600874
27200,0.004912832751870155,0.014937596255913376,-3.6888195514678954,3.570318e-07,0.0,0.053594350814819336,-0.00016811235295517425
27400,0.011890382505953312,0.022717579058371483,-3.688821130990982,3.609061e-07,0.0,0.013368427753448486,-0.00019077081969196553
27600,0.019053755328059196,0.036778867803514005,-3.688818657398224,1.7166138e-07,0.0,0.07152712345123291,-9.880758884114882e-05
27800,0.02083245851099491,0.035127057181671265,-3.6888189792633055,2.5957823e-07,0.0,0.05239182710647583,-0.0001413649541752715
28000,0.016809888184070587,0.032429319946095346,-3.688817483186722,2.1517276e-07,0.0,0.060515522956848145,-0.00010428741620365223
28200,0.0209515281021595,0.03327354390639812,-3.68881933093071,3.1024217e-07,0.0,0.08311480283737183,-0.00016667036710796835
28400,0.02017434500157833,0.023335192794911565,-3.688818484544754,3.0010938e-07,0.0,0.06697618961334229,-0.0001649128042479353
28600,0.008982475847005844,0.0246562946587801,-3.6888156712055205,3.6686657e-07,0.0,0.008508563041687012,-0.0002012450846904712
28800,0.009069794788956642,0.04468613560311496,-3.688815879821777,2.723932e-07,0.0,0.04653042554855347,-0.00014310756285158545
29000,0.04046355187892914,0.07117171958088875,-3.6888165891170503,3.4958123e-07,0.0,0.0337490439414978,-0.00016577026720701049
29200,0.014518847689032555,0.031132643483579157,-3.6888168931007383,2.360344e-07,0.0,0.09704935550689697,-0.0001100232419389613
29400,0.006256248336285353,0.015567706315778196,-3.6888136506080627,2.8729437e-07,0.0,0.01012873649597168,-0.00014910610869485198
29600,0.026662815362215042,0.06746590132825077,-3.688810646533966,4.4971705e-07,0.0,0.020842671394348145,-0.00021925793697028518
29800,0.00626536225900054,0.014180422993376851,-3.6888120234012605,1.6242265e-07,0.0,0.04839587211608887,-0.0001259066535990394
30000,0.02184591442346573,0.04161747954785824,-3.688810884952545,3.156066e-07,0.0,0.08740311861038208,-0.00015095956480992712
30200,0.005698928609490395,0.009858474507927895,-3.6888085305690765,3.8951637e-07,0.0,0.09026938676834106,-0.0001955342747035127
30400,0.007913580164313316,0.027779280324466527,-3.6888083457946776,2.2798777e-07,0.0,0.05450838804244995,-0.00012504503500576636
30600,0.006431049667298794,0.020685977395623924,-3.6888080835342407,3.5494566e-07,0.0,0.06516844034194946,-0.00018686622197878756
30800,0.00732536381110549,0.017694784118793903,-3.688806116580963,3.3318994e-07,0.0,0.010332703590393066,-0.00016401716288982904
31000,0.009679227136075497,0.017845511576160787,-3.6888067424297333,1.9162894e-07,0.0,0.08312290906906128,-0.00011727310760579756
31200,0.010439028963446617,0.014898031763732434,-3.688807326555252,2.4050473e-07,0.0,0.12162506580352783,-0.00011349154986680653
31400,0.005763140507042408,0.014712306216824799,-3.6888083457946776,2.3692847e-07,0.0,0.13004732131958008,-0.00012537720714407287
31600,0.025574028491973877,0.03731437656097114,-3.68880609869957,9.775162e-08,0.0,0.09635567665100098,-7.42547151753481e-05
31800,0.04271729663014412,0.06703693764284253,-3.688807076215744,2.1755696e-07,0.0,0.027191340923309326,-0.00013934037677176825
32000,0.03292239457368851,0.06543993409723044,-3.6888053953647613,1.7791987e-07,0.0,0.05385243892669678,-0.00010921141451097904
32200,0.005627991631627083,0.017557897418737412,-3.6888033747673035,3.0159947e-07,0.0,0.07554632425308228,-0.00018122857770459523
32400,0.02447550743818283,0.03946631592698395,-3.68880415558815,1.847744e-07,0.0,0.08248066902160645,-0.00012007360148265089
32600,0.007613900117576122,0.017913069180212914,-3.6888031899929046,2.4408104e-07,0.0,0.06930476427078247,-0.00013500968358198806
32800,0.009317574091255665,0.015822154399938882,-3.688802641630173,3.3289191e-07,0.0,0.07651549577713013,-0.0001730031520936537
33000,0.051070306450128555,0.08912278776988387,-3.688803482055664,3.5375356e-07,0.0,0.06542068719863892,-0.00015670108031078377
33200,0.013053808361291885,0.032516347942873836,-3.6888018906116486,2.05338e-07,0.0,0.04473596811294556,-0.00012788513293822136
33400,0.019725274294614792,0.051325590908527376,-3.688801908493042,3.9488077e-07,0.0,0.10743880271911621,-0.00018729147271323576
33600,0.010111935436725616,0.037816017400473356,-3.688800710439682,1.7613172e-07,0.0,0.12082725763320923,-0.00011145129784679852
33800,0.013742751441895962,0.03026374082546681,-3.688799875974655,2.6106835e-07,0.0,0.033233702182769775,-0.00013594709418769392
34000,0.002484572120010853,0.00474988705245778,-3.688800650835037,2.5838614e-07,0.0,0.05534970760345459,-0.00014940714873721284
34200,0.010718392208218575,0.028976871678605676,-3.6887986958026886,3.0189753e-07,0.0,0.10623633861541748,-0.00017781623528914103
34400,0.027247363701462746,0.05000489130616188,-3.688795155286789,3.4987926e-07,0.0,0.0826295018196106,-0.00017611046214665026
34600,0.01212690956890583,0.01955985885579139,-3.688791257143021,3.0815602e-07,0.0,0.06441652774810791,-0.00016078841615012606
34800,0.011857399716973305,0.020076936413533985,-3.688792794942856,2.6971102e-07,0.0,0.11520183086395264,-0.00014172631518261092
35000,0.005599380936473608,0.012913496512919665,-3.688794195652008,2.7507545e-07,0.0,0.06589400768280029,-0.00016532499299330982
35200,0.01377422921359539,0.024677877617068588,-3.688791424036026,3.1262636e-07,0.0,0.036495983600616455,-0.00016621774370491061
35400,0.008905292488634586,0.027653656457550822,-3.6887897670269014,2.5182962e-07,0.0,0.08107846975326538,-0.00014977896148525295
35600,0.013394048437476158,0.032813723059371115,-3.688792222738266,3.9875505e-07,0.0,0.12867200374603271,-0.00020251890981692888
35800,0.024146396666765213,0.042908911453559996,-3.6887907862663267,3.218651e-07,0.0,0.0727570652961731,-0.00015455385288168922
36000,0.011298255063593388,0.024068501917645334,-3.688786041736603,3.9517877e-07,0.0,0.10414731502532959,-0.00018326503061303346
36200,0.037220537662506104,0.08628075532615184,-3.6887869119644163,3.1083823e-07,0.0,0.06584513187408447,-0.00016753648293614808
36400,0.005187941715121269,0.01281302998540923,-3.6887788832187653,2.8997658e-07,0.0,0.11186337471008301,-0.00014560855832019827
36600,0.012635065242648125,0.024026428000070155,-3.688784885406494,2.0623207e-07,0.0,0.1427333950996399,-0.00013341073688706296
36800,0.008766035549342632,0.022929640626534818,-3.6887764155864717,2.503395e-07,0.0,-0.03149557113647461,-0.00014765105433980352
37000,0.019832706078886986,0.04721261220984161,-3.6887753307819366,2.4169685e-07,0.0,0.0550348162651062,-0.00013323414419050828
37200,0.0074099828489124775,0.018521744036115707,-3.688769966363907,2.5004147e-07,0.0,0.03127920627593994,-0.00014136527896880803
37400,0.006873510777950287,0.018018060829490423,-3.6887710094451904,3.9577486e-07,0.0,-0.05386769771575928,-0.00019439308580944116
37600,0.011080542579293251,0.020973680913448332,-3.688777893781662,3.3527613e-07,0.0,0.10244667530059814,-0.00019191311711670435
37800,0.02056124247610569,0.034040549653582275,-3.688783437013626,2.3812055e-07,0.0,0.06689679622650146,-0.00013152515045908864
38000,0.026133302599191666,0.08187839789316058,-3.688778352737427,2.0027161e-07,0.0,0.054211556911468506,-0.00014316822655899842
38200,0.00926725473254919,0.017499547312036158,-3.6887803256511686,2.8461218e-07,0.0,0.094460129737854,-0.00016010564503199376
38400,0.01172913983464241,0.02093766932375729,-3.6887811183929444,2.4348498e-07,0.0,0.17344164848327637,-0.00016471372558863885
38600,0.003530760295689106,0.009383112867362797,-3.688777667284012,3.966689e-07,0.0,0.09029054641723633,-0.00019144709129319536
38800,0.03161250427365303,0.1151565957814455,-3.6887788474559784,2.4348498e-07,0.0,0.0353124737739563,-0.00015566742402939315
39000,0.0028613891918212175,0.009364880260545761,-3.6887801587581635,5.2750113e-07,0.0,-0.026192069053649902,-0.000259010828773687
39200,0.014919537119567394,0.03252819627523422,-3.688782799243927,4.61936e-07,0.0,0.13823407888412476,-0.00023039741423760418
39400,0.029971297830343246,0.07716927528381348,-3.6887794137001038,2.3335218e-07,0.0,0.10621243715286255,-0.00012609185243814825
39600,0.005670243874192238,0.019946444244123996,-3.6887845277786253,2.3305417e-07,0.0,0.17220091819763184,-0.00013782087010689726
39800,0.011416166089475155,0.019668067595921455,-3.688780164718628,2.4318695e-07,0.0,0.16277021169662476,-0.00013792819450380022
40000,0.009426074102520943,0.01870546054560691,-3.688781863451004,2.360344e-07,0.0,0.08629196882247925,-0.00013354793437656554
40200,0.014720859937369823,0.0383255427936092,-3.6887754678726195,2.5719405e-07,0.0,0.039423465728759766,-0.00013414505927129562
40400,0.018952803686261177,0.0425990498624742,-3.6887770116329195,4.1872264e-07,0.0,0.0257035493850708,-0.00018344393472942145
40600,0.003064422868192196,0.0061939305742271245,-3.6887777388095855,4.2349097e-07,0.0,0.08094853162765503,-0.00019545052278919784
40800,0.012724670581519604,0.02691205348819494,-3.688778555393219,3.245473e-07,0.0,0.07557380199432373,-0.000165872096702957
41000,0.01244400069117546,0.04168793084099889,-3.688775885105133,2.4139882e-07,0.0,0.1934911608695984,-0.00013227792244001612
41200,0.0060891578905284405,0.012494490726385265,-3.6887785613536836,3.0189753e-07,0.0,0.23591190576553345,-0.0001506618499422352
41400,0.0321151465177536,0.04602360134012997,-3.6887767255306243,2.6047232e-07,0.0,-0.018373727798461914,-0.0001517363123114679
41600,0.006634595338255167,0.012752017681486904,-3.688778281211853,2.3424624e-07,0.0,0.04366868734359741,-0.00014163358486682932
41800,0.009163500741124153,0.01961572179570794,-3.6887775361537933,3.182888e-07,0.0,0.1616954803466797,-0.0001802554571518178
42000,0.01025929395109415,0.020645862608216704,-3.688779205083847,2.0354987e-07,0.0,0.07620954513549805,-0.00011083966445966099
42200,0.005560680292546749,0.012115405697841197,-3.6887735426425934,4.4494868e-07,0.0,0.19221097230911255,-0.00020331220348634993
42400,0.003828110173344612,0.015099226427264512,-3.6887785673141478,2.2649766e-07,0.0,-0.04242360591888428,-0.00014830148304521008
42600,0.01656423695385456,0.019790611485950647,-3.6887791454792023,3.9398668e-07,0.0,0.11277955770492554,-0.00018431298433037037
42800,0.009338916279375553,0.012365399475675077,-3.6887746334075926,1.6659499e-07,0.0,0.06862008571624756,-0.00010903559728216993
43000,0.008954881690442562,0.019143345323391257,-3.688767910003662,2.9385092e-07,0.0,-0.02702164649963379,-0.00017072275264764513
43200,0.019779600203037262,0.05357735855504871,-3.688767504692078,4.160404e-07,0.0,0.0741349458694458,-0.00020911383791735182
43400,0.009807109832763672,0.02117736233631149,-3.6887651324272155,2.7626754e-07,0.0,0.12007200717926025,-0.00014911116690563553
43600,0.022551465779542923,0.03578818126115948,-3.688760882616043,2.4855137e-07,0.0,0.0907742977142334,-0.00014879216750249836
43800,0.003705584444105625,0.006272602296667174,-3.6887657701969148,2.7388336e-07,0.0,-0.08150482177734375,-0.00015661051763860012
44000,0.011577270925045013,0.02260328596457839,-3.6887663543224334,2.5212765e-07,0.0,0.12854552268981934,-0.00015504264760273222
44200,0.01813657581806183,0.02651198939420283,-3.6887628853321077,2.8878452e-07,0.0,0.05372744798660278,-0.00017303168742903717
44400,0.009458637796342373,0.021848451253026722,-3.6887658178806304,3.924966e-07,0.0,-0.007661581039428711,-0.00017380750243534138
44600,0.005101099610328674,0.009314616862684488,-3.688763380050659,2.8282403e-07,0.0,0.10591304302215576,-0.00015309708604467344
44800,0.013521621935069561,0.029483712953515352,-3.6887598097324372,3.1113626e-07,0.0,0.12666982412338257,-0.00017217999833729625
45000,0.010737951844930649,0.022907315101474524,-3.6887654304504394,2.4199488e-07,0.0,0.06574958562850952,-0.00013401444211069702
45200,0.00283385394141078,0.005814512947108596,-3.6887639284133913,2.0086766e-07,0.0,0.20755445957183838,-0.00012547230764961003
45400,0.004776559770107269,0.014459571591578424,-3.6887592375278473,3.2633545e-07,0.0,0.23206311464309692,-0.00016374553841864704
45600,0.0034183887764811516,0.008503598102834076,-3.688756823539734,3.838539e-07,0.0,0.27026820182800293,-0.00020472950482828268
45800,0.009608021937310696,0.0196879020659253,-3.6887572944164275,2.9236077e-07,0.0,0.1282660961151123,-0.00017249166225314917
46000,0.006246736738830805,0.014801313984207809,-3.6887540340423586,3.20673e-07,0.0,0.10858213901519775,-0.0001649490274671095
46200,0.011955241672694683,0.024681335827335716,-3.688755613565445,4.464388e-07,0.0,0.0030017495155334473,-0.0002091629869445999
46400,0.004258346278220415,0.00841761709889397,-3.6887591958045958,2.30968e-07,0.0,0.20931005477905273,-0.0001309309737548059
46600,0.007796892896294594,0.026632085768505932,-3.688750904798508,3.8474798e-07,0.0,0.01593780517578125,-0.00018909107131961366
46800,0.011536234058439732,0.018525572307407857,-3.6887505054473877,2.926588e-07,0.0,0.030910134315490723,-0.00013953684655666488
47000,0.00667206896468997,0.012919518491253256,-3.6887579679489138,2.9891729e-07,0.0,-0.04532825946807861,-0.00018187404456819766
47200,0.008134230971336365,0.015469816653057933,-3.6887548327445985,2.0712613e-07,0.0,0.07868784666061401,-0.00012112751666994991
47400,0.007771512493491173,0.016375268902629615,-3.6887517392635347,5.1558015e-07,0.0,0.03063291311264038,-0.00022611594350905318
47600,0.00488369120284915,0.022070424468256532,-3.688748389482498,2.0802021e-07,0.0,0.17142939567565918,-0.0001237462531589184
47800,0.005820270162075758,0.014836097112856805,-3.6887498795986176,2.861023e-07,0.0,-0.012540817260742188,-0.00016454786013173628
48000,0.009217564016580582,0.019125441648066045,-3.6887449085712434,3.4630298e-07,0.0,0.12084931135177612,-0.000162517683154606
48200,0.029856635257601738,0.10578260505571961,-3.6887484312057497,1.874566e-07,0.0,0.013886511325836182,-0.00012321193502748962
48400,0.003334715962409973,0.007923090120311827,-3.688749647140503,2.7179718e-07,0.0,0.35580092668533325,-0.00016356848267667923
48600,0.015545105561614037,0.02608788588549942,-3.6887532651424406,3.731251e-07,0.0,0.09968334436416626,-0.00017220102313055818
48800,0.017038363963365555,0.04851278718560934,-3.688750225305557,3.0964614e-07,0.0,-0.023485660552978516,-0.00015557731792101848
49000,0.008138223551213741,0.020138310082256795,-3.688753342628479,4.1097402e-07,0.0,0.10513478517532349,-0.00019597753235442995
49200,0.021593384444713593,0.04866831093095243,-3.68875430226326,3.9458274e-07,0.0,0.06066781282424927,-0.00017779139311800972
49400,0.013457374647259712,0.030256467359140515,-3.6887549638748167,2.068281e-07,0.0,0.1696043610572815,-0.00013268984574756892
49600,0.004924247041344643,0.008204906823812053,-3.688752317428589,3.5822393e-07,0.0,0.14592725038528442,-0.0001848876845231162
49800,0.020335927605628967,0.027056155493482947,-3.6887510478496552,1.9222497e-07,0.0,-0.003391861915588379,-9.071613104425503e-05
50000,0.00651659956201911,0.01976647849660367,-3.6887458145618437,3.5226347e-07,0.0,0.03169745206832886,-0.00016602250877819635
50200,0.04252048581838608,0.07775426590815186,-3.6887477338314056,2.8163197e-07,0.0,0.10889297723770142,-0.00014599417814418204
50400,0.009599958546459675,0.02051180339185521,-3.688746416568756,2.9623507e-07,0.0,0.14759618043899536,-0.0001567746101198253
50600,0.02341398037970066,0.10031829653307796,-3.688748371601105,1.820922e-07,0.0,0.07020539045333862,-0.00011307013085870565
50800,0.04332566633820534,0.061131957545876504,-3.6887454450130464,1.9937752e-07,0.0,0.00016683340072631836,-0.00012950202834645098
51000,0.05538640543818474,0.09647335084155202,-3.688746118545532,2.297759e-07,0.0,0.0732259750366211,-0.00013563303674972714
51200,0.003748340765014291,0.008105260960292071,-3.688745695352554,1.9997358e-07,0.0,0.13064557313919067,-0.00013116283720768785
51400,0.019658129662275314,0.05842590224929154,-3.688744068145752,2.6792287e-07,0.0,0.04083871841430664,-0.00015383033477291974
51600,0.013720068149268627,0.036059557972475884,-3.688745152950287,3.3199788e-07,0.0,0.06343632936477661,-0.00014568000943706582
51800,0.00300018722191453,0.009112184261903166,-3.6887494683265687,2.2292137e-07,0.0,0.09682422876358032,-0.00011988241866940363
52000,0.010869146324694157,0.019041513511911034,-3.6887486398220064,2.7239324e-07,0.0,0.22432392835617065,-0.00014466938331270107
52200,0.009608006104826927,0.015854403399862348,-3.6887480497360228,2.5510786e-07,0.0,-0.1258373260498047,-0.00013375845594676417
52400,0.03081723302602768,0.04423476313240826,-3.6887437283992766,3.46601e-07,0.0,0.07735961675643921,-0.00018065135104461394
52600,0.012997903861105442,0.025507103628478946,-3.688740760087967,3.3736228e-07,0.0,0.03291386365890503,-0.00016584825477869992
52800,0.0016734933014959097,0.0056788611458614465,-3.6887426733970643,2.6464463e-07,0.0,0.3519289493560791,-0.00013142298122859053
53000,0.007155028637498617,0.01251326957717538,-3.6887397944927214,2.5093556e-07,0.0,0.08593171834945679,-0.00013748232242460356
53200,0.01990973949432373,0.041098073264583944,-3.6887394905090334,3.2037497e-07,0.0,0.05523574352264404,-0.00015266334876270493
53400,0.00601121736690402,0.024576869024895132,-3.6887386977672576,2.0831823e-07,0.0,0.13086915016174316,-0.00012444692895332565
53600,0.008662261068820953,0.023820850113406778,-3.6887418150901796,2.4139882e-07,0.0,0.1111980676651001,-0.00014071146403716873
53800,0.04623221233487129,0.06763518517836928,-3.6887417316436766,1.9043684e-07,0.0,0.06835049390792847,-0.00011266624805301717
54000,0.013315880671143532,0.0343971683178097,-3.688739913702011,3.141165e-07,0.0,0.05841261148452759,-0.00016249480767771551
54200,0.013149316422641277,0.02603457074146718,-3.688740348815918,2.673268e-07,0.0,0.05218064785003662,-0.00013841968782464243
54400,0.00686089601367712,0.02079104813747108,-3.688738149404526,3.5256147e-07,0.0,0.04146689176559448,-0.00022755505302165523
54600,0.0070848711766302586,0.008031786867650225,-3.688736492395401,3.0487777e-07,0.0,-0.09197986125946045,-0.00014917587500759
54800,0.001671864534728229,0.005831767414929345,-3.6887364029884337,4.4643878e-07,0.0,0.12427133321762085,-0.00017985261959267972
55000,0.0073228320106863976,0.020049204211682083,-3.6887390077114106,4.7296285e-07,0.0,0.09844797849655151,-0.00019031356245295948
55200,0.008922749198973179,0.019849503575824202,-3.688736391067505,3.4838916e-07,0.0,0.1931396722793579,-0.00018436632181522138
55400,0.012053115293383598,0.022293797647580504,-3.6887380480766296,3.6358833e-07,0.0,0.07842081785202026,-0.00018864816322099464
55600,0.007030097302049398,0.019628286035731433,-3.688732385635376,2.8818846e-07,0.0,0.08478730916976929,-0.00016215361000166962
55800,0.04358271136879921,0.058878791565075514,-3.6887343764305114,3.5077335e-07,0.0,0.10715478658676147,-0.00017746134071741081
56000,0.015358000993728638,0.032801856216974554,-3.688733494281769,3.3646822e-07,0.0,0.1193419098854065,-0.00017805701473900816
56200,0.017685825005173683,0.03841373254545033,-3.688736206293106,3.4362077e-07,0.0,0.15724259614944458,-0.00017684336856064187
56400,0.022683121263980865,0.05019437279552221,-3.688737392425537,2.2351742e-07,0.0,0.09429436922073364,-0.00014106334822518995
56600,0.013894137926399708,0.03576279794797301,-3.6887321352958677,4.5031308e-07,0.0,0.12660443782806396,-0.0002019500088386028
56800,0.016003433614969254,0.05088403699919582,-3.688734292984009,4.6730042e-07,0.0,0.18800503015518188,-0.00019883614779041546
57000,0.01324930228292942,0.0202349538449198,-3.688733035326004,3.898144e-07,0.0,0.05898904800415039,-0.00016727661466600096
57200,0.0057861958630383015,0.02171904912684113,-3.6887334644794465,3.0636787e-07,0.0,0.22382354736328125,-0.00016276004047881542
57400,0.018883133307099342,0.03075791767332703,-3.68872948884964,2.8967855e-07,0.0,0.10564452409744263,-0.000150952318065245
57600,0.016004862263798714,0.027389779407531022,-3.6887283444404604,2.4229288e-07,0.0,0.11895835399627686,-0.00012652337477606635
57800,0.010112663730978966,0.01794503612909466,-3.688725560903549,2.9712913e-07,0.0,0.24477428197860718,-0.00016316722707094834
58000,0.006439811550080776,0.011198206630069762,-3.6887302875518797,2.3007392e-07,0.0,0.22097957134246826,-0.00015176346240171058
58200,0.025367463007569313,0.0313028376782313,-3.688728094100952,3.4213065e-07,0.0,0.13278478384017944,-0.00018328702436906096
58400,0.010370695032179356,0.018834205390885473,-3.6887328207492827,2.9414892e-07,0.0,0.1420520544052124,-0.0001687946534556062
58600,0.008228873834013939,0.017246865667402744,-3.6887306213378905,4.312396e-07,0.0,0.03342878818511963,-0.0002173569285643051
58800,0.012622722424566746,0.02515718713402748,-3.688737165927887,3.2991173e-07,0.0,0.007359623908996582,-0.00017446850542888193
59000,0.011996341869235039,0.027479136176407338,-3.6887324273586275,3.6597254e-07,0.0,-0.07061660289764404,-0.00019197170384620542
59200,0.029984965920448303,0.04748666128143668,-3.688732296228409,1.9848346e-07,0.0,0.1131630539894104,-0.00013317965057786375
59400,0.028343824669718742,0.055099206138402225,-3.6887341141700745,2.9712913e-07,0.0,0.12090504169464111,-0.00014150518210982456
59600,0.006769247353076935,0.01649839102756232,-3.6887358367443084,2.8908252e-07,0.0,0.09931331872940063,-0.00015660734479883143
59800,0.018209142610430717,0.031169260619208217,-3.688732588291168,3.6627054e-07,0.0,0.18072712421417236,-0.0001905203460958904
60000,0.008180113509297371,0.013654931774362921,-3.6887339293956756,2.530217e-07,0.0,0.011815905570983887,-0.00012709951282795505
60200,0.0029496268834918737,0.007578298577573151,-3.688730365037918,3.9994717e-07,0.0,-0.1868988275527954,-0.00018296061372122808
60400,0.035112977027893066,0.059605850791558626,-3.688728153705597,4.1604042e-07,0.0,0.10661613941192627,-0.0001773524883083133
60600,0.00836530514061451,0.017900788178667425,-3.6887283980846406,3.9070846e-07,0.0,0.04303544759750366,-0.0001923336086741445
60800,0.0177582036703825,0.05151477237232029,-3.68872709274292,2.4169682e-07,0.0,0.10732114315032959,-0.00014513471859121108
61000,0.008445064537227154,0.01821814856957644,-3.6887256681919096,2.6434662e-07,0.0,0.25165772438049316,-0.00013676622442870823
61200,0.0030419458635151386,0.008509888395201415,-3.688728427886963,3.489852e-07,0.0,0.30818527936935425,-0.0001818163411642537
61400,0.004304343368858099,0.010242161992937326,-3.688727343082428,2.741814e-07,0.0,0.12793654203414917,-0.00013507495877456143
61600,0.004741988610476255,0.01890718031208962,-3.688725870847702,3.1143423e-07,0.0,0.15201127529144287,-0.00016682479492633462
61800,0.006229983177036047,0.013649274269118905,-3.6887212574481962,4.0590766e-07,0.0,0.17359405755996704,-0.00022372189117185747
62000,0.013555346056818962,0.02106883409433067,-3.6887231349945067,1.7046928e-07,0.0,0.07496827840805054,-0.00010954312940316679
62200,0.012118548154830933,0.03738896604627371,-3.6887223601341246,3.4600498e-07,0.0,0.05444610118865967,-0.00018054154941160583
62400,0.02224758453667164,0.06262810081243515,-3.688717520236969,1.7970801e-07,0.0,0.09035146236419678,-0.00013342564523428636
62600,0.03073929436504841,0.08267420167103409,-3.6887122213840486,3.3169985e-07,0.0,0.03287994861602783,-0.00017358702806415937
62800,0.007523680571466684,0.03286964409053326,-3.6887152075767515,2.4557113e-07,0.0,0.1363885998725891,-0.00014015039730543854
63000,0.02856380119919777,0.05628201272338629,-3.6887126743793486,2.3812058e-07,0.0,0.10097575187683105,-0.0001412455552639358
63200,0.007290584035217762,0.011490681720897556,-3.6887122094631195,3.3438207e-07,0.0,0.03840839862823486,-0.0001770547773873532
63400,0.012685735709965229,0.027194023574702443,-3.688717210292816,2.2292136e-07,0.0,0.21664434671401978,-0.00012727224017657912
63600,0.007926207035779953,0.01738238873658702,-3.6887121140956878,4.3064358e-07,0.0,0.27120494842529297,-0.00019944407269991692
63800,0.013152537867426872,0.02201762213371694,-3.6887014746665954,3.9309262e-07,0.0,0.2501603364944458,-0.00014990127034605338
64000,0.02145291678607464,0.04122309358790517,-3.6887091994285583,2.7894973e-07,0.0,-0.015221476554870605,-0.0001492016321888112
64200,0.008112614043056965,0.018117721192538738,-3.688708007335663,2.8699637e-07,0.0,0.2534411549568176,-0.00016470567117119473
64400,0.03306886553764343,0.037203549640253186,-3.688703942298889,2.2381545e-07,0.0,0.14756351709365845,-0.00012053259066681088
64600,0.042055852711200714,0.08789326706901193,-3.688701295852661,3.1918287e-07,0.0,0.09036320447921753,-0.00018601335476660098
64800,0.027783071622252464,0.030338634038344026,-3.6887031316757204,2.6792287e-07,0.0,0.08767074346542358,-0.00014525940950784743
65000,0.006197622045874596,0.015401119505986572,-3.688701993227005,2.7298927e-07,0.0,0.17839914560317993,-0.0001515976797572982
65200,0.029549606144428253,0.044345634360797706,-3.6887028098106383,2.9802322e-07,0.0,-0.054511070251464844,-0.00017510254702710615
65400,0.013118568807840347,0.019367440580390395,-3.688708394765854,2.387166e-07,0.0,0.1325303316116333,-0.0001362259246572073
65600,0.002809911035001278,0.007473841204773635,-3.688709819316864,2.2560359e-07,0.0,-0.09807276725769043,-0.0001499865808171963
65800,0.025226447731256485,0.0403614392504096,-3.688704013824463,3.1232835e-07,0.0,0.05863469839096069,-0.00018349398672559136
66000,0.009339519776403904,0.0187955173663795,-3.6887068808078767,3.3199788e-07,0.0,0.010582208633422852,-0.00018339032035279422
66200,0.02465248480439186,0.03978093257173896,-3.688705986738205,2.95341e-07,0.0,0.06975090503692627,-0.0001553210092931856
66400,0.022263960912823677,0.03836678937077522,-3.688704514503479,3.620982e-07,0.0,-0.03625941276550293,-0.00017550612994954307
66600,0.02170041762292385,0.04369305451400578,-3.68870552778244,2.449751e-07,0.0,0.09684091806411743,-0.00010505176660717819
66800,0.049901217222213745,0.07303753439337016,-3.6887070417404173,3.695488e-07,0.0,-0.036263227462768555,-0.0001973156560354017
67000,0.00649562943726778,0.01144498457433656,-3.688709205389023,3.3050776e-07,0.0,-0.267087459564209,-0.00017161327615849986
67200,0.011660465970635414,0.020337127055972813,-3.6887006998062133,3.8087367e-07,0.0,0.17238515615463257,-0.00016180053553693785
67400,0.03418156877160072,0.04574093148112297,-3.688699263334274,2.6106835e-07,0.0,0.05673110485076904,-0.00013232337390639004
67600,0.011303073726594448,0.021343342098407447,-3.6887052178382875,4.583597e-07,0.0,0.15181118249893188,-0.0002246121612238472
67800,0.08532645553350449,0.13459246288985013,-3.6887062311172487,4.136562e-07,0.0,0.05594837665557861,-0.00021070127842177656
68000,0.005853906273841858,0.010758001217618584,-3.688706862926483,2.1189452e-07,0.0,0.2704295516014099,-0.00012132161863860347
68200,0.012805723585188389,0.031362333241850136,-3.6887062013149263,5.2273276e-07,0.0,0.138313889503479,-0.00019713473350088662
68400,0.015598391182720661,0.04610408621374518,-3.6887007117271424,4.580617e-07,0.0,-0.03646039962768555,-0.00020376760585065766
68600,0.027925262227654457,0.04516797624528408,-3.6887003540992738,3.0845405e-07,0.0,0.030806779861450195,-0.00014154218756674554
68800,0.020969847217202187,0.046588713629171254,-3.688693606853485,3.400445e-07,0.0,0.07334518432617188,-0.00019173278745528987
69000,0.016059959307312965,0.03036044684704393,-3.6886960089206697,2.4706125e-07,0.0,0.11285513639450073,-0.00013966733196797422
69200,0.005402537528425455,0.013593422842677682,-3.6886999309062958,4.506111e-07,0.0,0.2055438756942749,-0.00023255843344212047
69400,0.003537337761372328,0.010809049475938082,-3.6887055695056916,3.0636787e-07,0.0,-0.04325520992279053,-0.0001787873856017086
69600,0.013944900594651699,0.020305388723500073,-3.688702416419983,3.0636787e-07,0.0,0.07368278503417969,-0.00015771941139858248
69800,0.020982928574085236,0.03731692712754011,-3.688705688714981,3.248453e-07,0.0,0.1094006896018982,-0.00015843214719406528
70000,0.02640162594616413,0.0430263991933316,-3.6887051105499267,2.5779008e-07,0.0,0.15832704305648804,-0.00013238868066173248
70200,0.010415136814117432,0.01891052769497037,-3.6887063920497893,2.220273e-07,0.0,0.07829070091247559,-0.00014400388415924947
70400,0.01594017632305622,0.029932031081989406,-3.6887108027935027,3.5136938e-07,0.0,0.13600200414657593,-0.00016689998574532795
70600,0.015418392606079578,0.021235898323357105,-3.688714396953583,2.4974344e-07,0.0,0.14483857154846191,-0.0001340301863554494
70800,0.03958136960864067,0.09175642058253289,-3.688708883523941,2.1576881e-07,0.0,0.13737499713897705,-0.00011792405031840758
71000,0.01019180379807949,0.0216882643988356,-3.6887136697769165,3.4213065e-07,0.0,0.20331835746765137,-0.00018745356464706654
71200,0.0026425491087138653,0.006743812159402296,-3.688713312149048,2.6732684e-07,0.0,0.31021833419799805,-0.00015514397581066762
71400,0.008041637018322945,0.016304153366945684,-3.6887130081653594,1.8805264e-07,0.0,0.08822798728942871,-0.00011672341824158217
71600,0.006171416025608778,0.03189207618124783,-3.6887115836143494,3.1411645e-07,0.0,0.177778422832489,-0.00015209074374342713
71800,0.016550365835428238,0.024238440778572113,-3.688710880279541,3.4034252e-07,0.0,-0.017493128776550293,-0.00017638443959936412
72000,0.008317326195538044,0.02402443503960967,-3.6887144684791564,3.1024217e-07,0.0,0.14292216300964355,-0.00015163419315877835
72200,0.009544417262077332,0.01557740286225453,-3.6887135326862337,2.6077032e-07,0.0,-0.15021419525146484,-0.00013495283622999565
72400,0.006291770376265049,0.012609889882151037,-3.688708758354187,2.810359e-07,0.0,0.12280070781707764,-0.00015013734240619802
72600,0.001937451888807118,0.0068833481753245,-3.688706260919571,2.1547078e-07,0.0,-0.15803062915802002,-0.0001291852156336759
72800,0.009831069968640804,0.026650029327720405,-3.688706785440445,3.749132e-07,0.0,0.15201795101165771,-0.0001636051639668068
73000,0.009798784740269184,0.019902218121569604,-3.6886950612068174,3.4302474e-07,0.0,0.24004697799682617,-0.0001660068451128649
73200,0.017253220081329346,0.042454614862799646,-3.6887023091316222,2.4974347e-07,0.0,0.07117938995361328,-0.00014921501334956843
73400,0.00901028048247099,0.026163428369909526,-3.6887037336826323,1.8805265e-07,0.0,0.04024684429168701,-0.00010671900333636408
73600,0.019794020801782608,0.034278863575309515,-3.688704824447632,3.3646825e-07,0.0,0.03102242946624756,-0.00015139425492258774
73800,0.022994108498096466,0.051112587284296754,-3.6887069821357725,2.7358533e-07,0.0,0.06834679841995239,-0.00014877656138034823
74000,0.006036257836967707,0.013895148783922196,-3.6887065410614013,3.2901764e-07,0.0,0.1582350730895996,-0.00016489988884895723
74200,0.01716797612607479,0.03342839907854796,-3.68871129155159,3.117323e-07,0.0,0.1822308897972107,-0.00017878574290763893
74400,0.022783556953072548,0.03501989264041185,-3.688709741830826,2.1904705e-07,0.0,0.1884440779685974,-0.0001347935046481452
74600,0.002158069983124733,0.0065985613851808015,-3.688708472251892,2.655387e-07,0.0,0.22574102878570557,-0.00014703017748072256
74800,0.005055962596088648,0.017878431011922657,-3.6887080013751983,3.1232832e-07,0.0,0.09515810012817383,-0.0001663910232938326
75000,0.001546443672850728,0.00465747996349819,-3.6887045025825502,4.9531457e-07,0.0,0.09876972436904907,-0.0002196346577002295
75200,0.006668975576758385,0.027211387548595665,-3.6886969029903414,3.5881996e-07,0.0,-0.0035326480865478516,-0.00017295026278132397
75400,0.0037204583641141653,0.011305737862130627,-3.688698762655258,2.798438e-07,0.0,0.17847931385040283,-0.00013007009051887452
75600,0.0026593522634357214,0.010416811902541668,-3.688702529668808,2.0116568e-07,0.0,0.15503168106079102,-0.00012532650699554894
75800,0.004512949846684933,0.014153965283185244,-3.688700872659683,2.2858381e-07,0.0,0.27778857946395874,-0.00012073393809770571
76000,0.009680337272584438,0.024110255809500814,-3.6887010812759398,2.115965e-07,0.0,0.22616350650787354,-0.00011797159924888944
76200,0.020971247926354408,0.04375986778177321,-3.6886867940425874,2.2917985e-07,0.0,0.15965938568115234,-0.0001158981917299684
76400,0.013221477158367634,0.02108298968523741,-3.688692945241928,4.3600795e-07,0.0,-0.12748777866363525,-0.00015853308165730828
76600,0.009160639718174934,0.021684389864094555,-3.688697624206543,2.193451e-07,0.0,0.20620930194854736,-0.00012596641405253627
76800,0.028222190216183662,0.050901016872376206,-3.6886999368667603,4.6789646e-07,0.0,0.11987459659576416,-0.00024305692644157605
77000,0.015181133523583412,0.029148771753534676,-3.6886961221694947,3.9696693e-07,0.0,-0.058575987815856934,-0.00019559291090888166
77200,0.00890590250492096,0.025408517266623677,-3.6887021958827972,3.5434962e-07,0.0,0.2280091643333435,-0.00016269025271582472
77400,0.042771730571985245,0.06595590156503021,-3.6887018263339995,2.8938055e-07,0.0,0.0535394549369812,-0.00013412065754301317
77600,0.008979108184576035,0.018382711883168666,-3.688705724477768,2.1576881e-07,0.0,-0.08561360836029053,-0.00013430382939895734
77800,0.0151551878079772,0.029373313952237367,-3.688709133863449,4.211068e-07,0.0,0.13878470659255981,-0.00020695705042328427
78000,0.0022820148151367903,0.005980151682160794,-3.688701277971268,3.3736228e-07,0.0,0.05722719430923462,-0.00017139485490291761
78200,0.012359360232949257,0.030643879529088737,-3.6887064397335054,3.528595e-07,0.0,0.08562338352203369,-0.00018594461976806365
78400,0.024427220225334167,0.047219475451856854,-3.6886998772621156,2.935529e-07,0.0,0.15213388204574585,-0.00016570929484189812
78600,0.031896814703941345,0.055432681320235135,-3.6886921882629395,1.8477441e-07,0.0,0.11078071594238281,-0.0001109462822678875
78800,0.005531757604330778,0.009382329171057791,-3.688698786497116,2.5153162e-07,0.0,-0.10115230083465576,-0.00015143352051587565
79000,0.03631504997611046,0.04775817762129009,-3.688699799776077,2.9474495e-07,0.0,0.12002527713775635,-0.0001317958015506493
79200,0.013737558387219906,0.016432313877157868,-3.688689798116684,3.4570695e-07,0.0,-0.02346479892730713,-0.00017793263500673895
79400,0.018577994778752327,0.030748065607622267,-3.6886918425559996,2.8163194e-07,0.0,0.09441244602203369,-0.0001584158692829185
79600,0.010194644331932068,0.031248722411692142,-3.688684803247452,2.884865e-07,0.0,0.07494395971298218,-0.0001477822657431016
79800,0.02936142310500145,0.06843869108706713,-3.6886793613433837,3.027916e-07,0.0,0.03642815351486206,-0.00014446752522894178
80000,0.022701304405927658,0.04494438450783491,-3.6886822819709777,2.7537348e-07,0.0,0.13387316465377808,-0.00016861341866735157
80200,0.026402821764349937,0.05017958665266633,-3.6886735200881957,3.120303e-07,0.0,0.014460444450378418,-0.00016860437364263348
80400,0.003548440057784319,0.027485595364123584,-3.6886775493621826,2.8938055e-07,0.0,0.1262872815132141,-0.00013240672653438423
80600,0.0015256106853485107,0.002466368080058601,-3.6886696934700014,2.7060509e-07,0.0,-27.184656143188477,-0.0001353701954871944
80800,0.001155099249444902,0.0023875437676906587,-3.688672399520874,1.9341707e-07,0.0,-27.59847068786621,-0.0001007488815588431
81000,0.0013918541371822357,0.002708699251525104,-3.6886671781539917,2.5779008e-07,0.0,-19.951068878173828,-0.00013410164481593158
81200,0.0013750126818194985,0.003523725565173663,-3.6886619329452515,4.5865775e-07,0.0,-3.421508312225342,-0.0002261884361294264
81400,0.0009628005209378898,0.0025091188465012236,-3.6886548042297362,2.6673078e-07,0.0,-26.222009658813477,-0.00015740966852779704
81600,0.0018840603297576308,0.0022990801415289754,-3.6886592626571657,1.2636185e-07,0.0,-13.607905387878418,-7.260356844320803e-05
81800,0.0011261373292654753,0.0025714711257023735,-3.6886551678180695,2.1755696e-07,0.0,-26.783985137939453,-0.00012822249639004023
82000,0.00046594050945714116,0.0015787712203746197,-3.688644701242447,1.4305115e-07,0.0,-22.84526824951172,-8.080241052402793e-05
82200,0.000868241477292031,0.002474802194046788,-3.688649296760559,2.402067e-07,0.0,-21.350156784057617,-0.00013121673572220606
82400,0.001028526807203889,0.002570619492325932,-3.6886523187160494,1.8179416e-07,0.0,-16.657352447509766,-0.00010617184587748962
82600,0.0007166554569266737,0.002048930026649032,-3.6886467695236207,2.232194e-07,0.0,-31.558128356933594,-0.00012276504792347876
82800,0.00063050672179088,0.001965636486420408,-3.6886482417583464,2.0027161e-07,0.0,-28.64921760559082,-0.0001221164605710756
83000,0.00016204972052946687,0.0015403443016111852,-3.6886409342288973,2.104044e-07,0.0,-14.401289939880371,-0.0001118133818349687
83200,0.0006907581118866801,0.0020452623240998944,-3.6886491656303404,3.2752752e-07,0.0,-32.177490234375,-0.00015450575901945207
83400,7.09710584487766e-05,0.0016001442243577912,-3.6886496543884277,2.8550625e-07,0.0,-18.10422134399414,-0.00015040670295930482
83600,8.929386967793107e-05,0.0009287000299082138,-3.6886386632919312,2.5242568e-07,0.0,-15.72304916381836,-0.00014464636218698425
83800,0.00015968974912539124,0.0015869157374254427,-3.6886454224586487,3.248453e-07,0.0,-25.009737014770508,-0.000148214101765598
84000,0.0005433966871351004,0.0019334205833729356,-3.688637745380402,2.8312206e-07,0.0,-27.05922508239746,-0.00013728628293541433
84200,0.0003740268002729863,0.001258333212172147,-3.6886372804641723,3.2573936e-07,0.0,-18.79583740234375,-0.00016301478374578516
84400,0.0002596636477392167,0.0014060271583730354,-3.688639611005783,2.2619963e-07,0.0,-26.652894973754883,-0.00010745948669614869
84600,4.9825903261080384e-05,0.0009123905387241393,-3.688634991645813,2.6255844e-07,0.0,-21.84131622314453,-0.00012968912732977956
84800,4.0438477299176157e-05,0.001172918167867465,-3.6886378824710846,3.0308962e-07,0.0,-19.41770362854004,-0.00013990893936284278
85000,0.0003019635332748294,0.0016538383861188777,-3.688644325733185,2.7656554e-07,0.0,-31.425811767578125,-0.00014666245813255152
85200,0.00020181410945951939,0.0015084709171787835,-3.6886434972286226,2.0325183e-07,0.0,-28.152996063232422,-9.887214724946247e-05
85400,0.0006220468785613775,0.001599481278390158,-3.688645726442337,3.1113626e-07,0.0,-4.047564506530762,-0.00016220685758343566
85600,-4.208704922348261e-05,0.0012417246980476193,-3.6886467576026916,3.6627057e-07,0.0,-20.893449783325195,-0.00017580193303299297
85800,0.00025696371449157596,0.0011281004917691462,-3.6886376202106477,3.8683416e-07,0.0,-23.66742515563965,-0.00016949756452799836
86000,0.0001481320068705827,0.0012184210150735452,-3.6886376798152924,4.0739772e-07,0.0,-3.1181654930114746,-0.00017823317673254513
86200,0.00042469913023523986,0.0013162802657461724,-3.6886382400989532,3.3289194e-07,0.0,-3.614898204803467,-0.00015397223392858982
86400,0.00013514583406504244,0.0011321462770865764,-3.6886392652988436,1.8179416e-07,0.0,-38.570613861083984,-0.00011094872646542076
86600,5.72338467463851e-06,0.001063254932523705,-3.688639312982559,2.9146673e-07,0.0,-3.663210391998291,-0.00015728499991660705
86800,0.0004429784312378615,0.0009545779976178892,-3.688649320602417,1.5318395e-07,0.0,-20.616390228271484,-8.388835157484565e-05
87000,0.00012891835649497807,0.0008889470787835308,-3.6886600732803343,2.1159649e-07,0.0,-29.949867248535156,-0.00011529414407936977
87200,0.00011178295244462788,0.0009504854257102125,-3.68864683508873,4.866719e-07,0.0,-5.027433395385742,-0.0002023689743225532
87400,9.679773938842118e-05,0.00082794236659538,-3.688647931814194,3.388524e-07,0.0,-16.718769073486328,-0.0001499436942472343
87600,-3.4112337743863463e-05,0.0006821899107308127,-3.68863930106163,2.8133394e-07,0.0,-2.5034008026123047,-0.0001330097354641513
87800,2.4065375328063965e-05,0.0004976661432010588,-3.6886441707611084,2.4676322e-07,0.0,-21.738996505737305,-0.00013192254270191217
88000,0.00012757236254401505,0.0007152282814786304,-3.688643664121628,1.5705824e-07,0.0,-38.003074645996094,-9.07627933579569e-05
88200,5.544433952309191e-05,0.0006016043967974838,-3.6886474549770356,2.3812055e-07,0.0,-2.4910500049591064,-0.00012160676692536398
88400,0.0001233208749908954,0.000830828243488213,-3.688650333881378,2.7477742e-07,0.0,-6.589494228363037,-0.0001574494624155598
88600,-2.8816284611821175e-06,0.0003803212191996863,-3.6886518955230714,2.1874905e-07,0.0,-25.695669174194336,-0.00011166629214736102
88800,-5.489229806698859e-05,0.0003156166891130852,-3.688647246360779,1.6987325e-07,0.0,-22.66645622253418,-0.00011368350770397661
89000,-4.180183168500662e-05,0.00037268033702275716,-3.688646513223648,3.0189753e-07,0.0,-29.38041114807129,-0.00012396741676976575
89200,-0.00017516026855446398,0.0005484049652295653,-3.6886496365070345,3.069639e-07,0.0,-37.0361213684082,-0.00014688239286760884
89400,-0.0003001280128955841,0.0003274972965300549,-3.6886456847190856,2.9593707e-07,0.0,-20.55417823791504,-0.00014039555184629514
89600,-0.00024137322907336056,0.0003643613839813042,-3.6886576533317568,3.543496e-07,0.0,-28.838300704956055,-0.00019221258265520458
89800,-0.00019231798069085926,0.0003438523544900818,-3.688647186756134,2.4467707e-07,0.0,-19.416475296020508,-0.00011959329071078439
90000,-0.0001635424414416775,0.0003195875895471545,-3.68865088224411,3.0606986e-07,0.0,-2.112584114074707,-0.00014175153149710297
90200,-0.00033947452902793884,0.00020071418234692828,-3.68865253329277,3.0219556e-07,0.0,-34.921207427978516,-0.00014020772186675856
90400,-0.0003877567360177636,0.0002852792056728504,-3.688654696941376,1.9282102e-07,0.0,-35.03742218017578,-0.00010075599066681207
90600,-0.0004375959397293627,0.0002884515717596514,-3.6886562049388885,5.0902366e-07,0.0,-24.430927276611328,-0.00019682015525722684
90800,-0.0005922116688452661,0.0002613702496091719,-3.68864683508873,3.9070846e-07,0.0,-20.012737274169922,-0.0001989365385952624
91000,-0.000262764428043738,0.0002508829746147967,-3.688648593425751,3.2663345e-07,0.0,-24.543729782104492,-0.00015358498105730867
91200,-3.059831215068698e-05,0.00031274885550374164,-3.6886625468730925,1.9580126e-07,0.0,-35.34456253051758,-0.0001010728472876643
91400,-0.00016178490477614105,0.00021454478082887362,-3.6886564612388613,2.1249056e-07,0.0,-26.64779281616211,-0.00011518789724141443
91600,-0.00010651737102307379,0.0001474196016715723,-3.688651514053345,1.579523e-07,0.0,-12.903630256652832,-9.022574856225596e-05
91800,-0.00031623675022274256,0.0002622269343191874,-3.6886574745178224,2.6136638e-07,0.0,-33.65451431274414,-0.0001323765383160702
92000,-0.00020165012392681092,0.00018958548844238976,-3.6886543214321135,2.6404857e-07,0.0,-22.123811721801758,-0.00012431517226150213
92200,-0.00011236522550461814,0.00020371102800709195,-3.6886448740959166,2.720952e-07,0.0,-40.140838623046875,-0.00013013500657712562
92400,-0.00012531058746390045,0.00020937838780810125,-3.6886475443840028,2.4706125e-07,0.0,-42.170631408691406,-0.00011362810532806744
92600,-0.00022923387587070465,0.00014533300618495558,-3.688649755716324,2.449751e-07,0.0,-19.62775230407715,-0.00012927183488937733
92800,-0.0004008887044619769,9.079991332328063e-05,-3.6886433005332946,3.5047532e-07,0.0,-22.8193416595459,-0.0001495654641238131
93000,2.8588681743713096e-05,0.00010374052299084724,-3.68865225315094,2.2470951e-07,0.0,-25.369571685791016,-9.677842266887504e-05
93200,-0.000299268402159214,9.56173891609069e-05,-3.6886494159698486,3.0517577e-07,0.0,-12.181598663330078,-0.00014424318023102954
93400,-0.0002521606220398098,0.00015630790458089904,-3.688651293516159,2.5779008e-07,0.0,-4.529575347900391,-0.00011925103997720843
93600,-0.0002466456207912415,0.00011929493157367688,-3.688636463880539,2.8640034e-07,0.0,-26.905330657958984,-0.00014910640015135533
93800,-0.0003271730965934694,8.950787778303493e-05,-3.6886363685131074,3.7640334e-07,0.0,-26.339996337890625,-0.00016397626656066143
94000,-0.0002813124156091362,9.16497136131511e-05,-3.688640886545181,3.1232832e-07,0.0,-18.535245895385742,-0.0001565701380003448
94200,-0.0003042077296413481,0.00012581718056026148,-3.688644152879715,3.20673e-07,0.0,-24.153749465942383,-0.00015837308756703195
94400,-0.00043230154551565647,8.684969834575895e-05,-3.688643455505371,3.4123659e-07,0.0,-22.50754165649414,-0.0001582452876872198
94600,-0.00020238097931724042,9.212055238094763e-05,-3.6886416137218476,3.1650066e-07,0.0,-21.56549835205078,-0.00014641355023412573
94800,-2.2749054551240988e-05,8.291351314255735e-05,-3.688641977310181,2.0354986e-07,0.0,-5.144720554351807,-8.708079052196504e-05
95000,-0.0003366356249898672,6.351964607347327e-05,-3.6886423110961912,2.3245812e-07,0.0,-15.209386825561523,-0.00013000959178284256
95200,-0.0002949881018139422,6.36265715911577e-05,-3.688637727499008,2.810359e-07,0.0,-17.478843688964844,-0.00014158213182469126
95400,-0.0002088486508000642,4.629414556802658e-05,-3.6886450231075285,2.3692846e-07,0.0,-40.88798904418945,-0.00013168588267700176
95600,-0.0002960430574603379,6.388801684806822e-05,-3.6886353969573973,2.771616e-07,0.0,-18.075204849243164,-0.0001304975001778619
95800,-0.0001984454574994743,5.804061192975496e-05,-3.6886405885219573,1.4364718e-07,0.0,-20.754175186157227,-8.694875931518631e-05
96000,-0.0004471939173527062,4.037009580315498e-05,-3.688645201921463,3.1083823e-07,0.0,-15.273427963256836,-0.00012963351628278997
96200,-0.0002839833323378116,3.530628616772446e-05,-3.6886413156986237,2.3514033e-07,0.0,-10.258554458618164,-0.00013148286125694853
96400,-0.0005205447669140995,2.9918272730355966e-05,-3.6886329293251037,3.8415197e-07,0.0,-31.198989868164062,-0.00017623326225564285
96600,-0.0002236535947304219,4.471547217690386e-05,-3.6886339247226716,1.9162894e-07,0.0,-25.903778076171875,-0.0001002632980896312
96800,-0.0003131150733679533,3.200462583663466e-05,-3.6886321902275085,2.9981138e-07,0.0,-13.937191009521484,-0.00013997248546480102
97000,-0.0005129991914145648,2.1015939762492052e-05,-3.6886311173439026,4.866719e-07,0.0,-12.408844947814941,-0.0002182547608926999
97200,-0.00031635264167562127,2.7495444578562454e-05,-3.6886470139026644,3.5911796e-07,0.0,-7.474126815795898,-0.00015152998199960966
97400,-0.0006192146684043109,1.654727279856161e-05,-3.6886302530765533,4.9680466e-07,0.0,-12.277806282043457,-0.00023326997429387041
97600,-0.00029108888702467084,2.7224536052017356e-05,-3.6886370301246645,2.810359e-07,0.0,-18.986370086669922,-0.00014167512204039668
97800,-0.0003735927166417241,2.001367486172967e-05,-3.6886371076107025,3.6180018e-07,0.0,-16.20908546447754,-0.00016172217500136642
98000,-0.0005353412707336247,2.519642032439151e-05,-3.6886305153369903,3.8951634e-07,0.0,-18.251001358032227,-0.00018312756767341343
98200,-0.0003478227008599788,1.887793134756066e-05,-3.688624453544617,3.3527613e-07,0.0,-7.789359092712402,-0.00016177569950466265
98400,-0.00035678778658621013,1.6062036593211815e-05,-3.688626730442047,3.5464763e-07,0.0,-9.977765083312988,-0.00015040498287270941
98600,-0.0008281918126158416,1.5814148582649068e-05,-3.688625526428223,7.262826e-07,0.0,-12.914389610290527,-0.0002994985575599074
98800,-0.00042200437746942043,1.262060446833857e-05,-3.6886246860027314,3.1292439e-07,0.0,-10.923782348632812,-0.0001563351675911262
99000,-0.00010120686056325212,1.3780190374745872e-05,-3.6886238515377046,1.5497207e-07,0.0,-2.873831033706665,-8.839258517445714e-05
99200,-0.0003199809871148318,1.2691510801232652e-05,-3.6886209726333616,2.7924776e-07,0.0,-9.833889961242676,-0.00014732477104053565
99400,-0.00014686290523968637,1.6151055206137244e-05,-3.6886170566082,2.7507542e-07,0.0,-1.3978619575500488,-0.00013935488530605333
99600,-0.0005779134226031601,1.431353655334533e-05,-3.6886149644851685,3.7878752e-07,0.0,-8.539639472961426,-0.00018857476151272755
99800,-0.0004117796488571912,1.0920979275397257e-05,-3.688607358932495,7.2717665e-07,0.0,-4.084345817565918,-0.0002552119630063299
100000,-0.0004520652873907238,1.294416501878004e-05,-3.6886035561561585,3.9577486e-07,0.0,-2.970982789993286,-0.00018841353159002595
100200,-0.00046921713510528207,7.391626297703624e-06,-3.688610851764679,3.0726196e-07,0.0,-5.490342617034912,-0.00013505523677110888
100400,-0.00035625003511086106,9.086433419724926e-06,-3.688610863685608,2.7358533e-07,0.0,-7.077838897705078,-0.00015492029473818114
100600,-0.00015262288798112422,1.5995521698641825e-05,-3.688604485988617,2.5272368e-07,0.0,-4.13632345199585,-0.00011566585356975745
100800,-0.0006196406320668757,1.1179087277923826e-05,-3.6886137962341308,6.0170885e-07,0.0,-5.69526481628418,-0.0002267271662630077
101000,-0.0004900142084807158,8.288959531910222e-06,-3.688619828224182,4.8965217e-07,0.0,-6.796775817871094,-0.00020583121623802826
101200,-0.00012227651313878596,1.0118545617388008e-05,-3.688634932041168,3.8623807e-07,0.0,-2.8006019592285156,-0.00017972855334027482
101400,-0.0002617532736621797,7.637918281488965e-06,-3.6886315405368806,2.1368265e-07,0.0,-6.30382776260376,-0.00012835650108655727
101600,-0.0005626470083370805,1.154379308445641e-05,-3.6886253118515016,3.8534404e-07,0.0,-5.00022554397583,-0.00019114677018201577
101800,-0.00021055708930362016,8.233711128013965e-06,-3.688635379076004,2.6911496e-07,0.0,-4.946888446807861,-0.00014130590875396364
102000,-0.0002291988639626652,1.1246755911997753e-05,-3.6886411130428316,2.720952e-07,0.0,-8.632668495178223,-0.00013570034920834528
102200,-0.00030781145323999226,8.881001690497214e-06,-3.688638782501221,3.4242868e-07,0.0,-3.816498279571533,-0.00016620337970234543
102400,-0.0004943060339428484,9.91899742075475e-06,-3.6886306762695313,3.4987923e-07,0.0,-2.657834529876709,-0.00016729015235308342
102600,-0.00026800663908943534,8.844954243159009e-06,-3.6886236310005187,4.1216612e-07,0.0,-5.011302947998047,-0.00017242999247035762
102800,-0.00030387943843379617,8.83380099594433e-06,-3.6886273443698885,2.0623206e-07,0.0,-2.8504254817962646,-0.00012083353132612551
103000,-0.000425205216743052,9.666622440818174e-06,-3.6886336386203764,3.7938355e-07,0.0,-2.9803884029388428,-0.00018085240505161249
103200,-0.0005036299116909504,1.2722694782496546e-05,-3.6886348962783813,3.6567448e-07,0.0,-3.103431224822998,-0.0001571184185564789
103400,-0.00037968254764564335,1.1404315546315048e-05,-3.6886243343353273,4.3064358e-07,0.0,-5.987253189086914,-0.0001902002740304276
103600,-0.0004024122899863869,9.12805601274158e-06,-3.6886246860027314,2.720952e-07,0.0,-3.856403350830078,-0.00015579467301714002
103800,-0.00044831453124061227,9.946998136456387e-06,-3.688619780540466,3.439188e-07,0.0,-7.099516868591309,-0.000178773268862642
104000,-0.0003609486448112875,8.084011483333597e-06,-3.6886347055435182,2.6583672e-07,0.0,-3.092266082763672,-0.00013441547778278995
104200,-0.00026028844877146184,9.76360900040163e-06,-3.6886371076107025,2.2530556e-07,0.0,-5.814009189605713,-0.0001505089249910885
104400,-0.00039589457446709275,1.1070622178976919e-05,-3.6886315286159514,3.4183262e-07,0.0,-8.700871467590332,-0.0001773286620116332
104600,-0.0004879833431914449,8.606829760537949e-06,-3.6886243283748628,4.3511392e-07,0.0,-4.7986955642700195,-0.0002023400151030086
104800,-0.00045627003419212997,8.189436857719557e-06,-3.688619518280029,3.4928323e-07,0.0,-4.904541015625,-0.0001510405718810226
105000,-0.00033920552232302725,7.823789962912997e-06,-3.6886228740215303,2.5898217e-07,0.0,-7.797083854675293,-0.00012237153877961982
105200,-0.00023071240866556764,1.1589613859541714e-05,-3.6886191844940184,3.5047532e-07,0.0,-6.148046016693115,-0.00015827585976615488
105400,-0.00026755864382721484,1.1633363544660825e-05,-3.6886148035526274,2.5868417e-07,0.0,-6.84680700302124,-0.0001266256429822199
105600,-0.00043163911323063076,8.566168162360555e-06,-3.6886331498622895,2.6941302e-07,0.0,-5.280044078826904,-0.00014379531771737674
105800,-0.00044687555055134,8.354678914201941e-06,-3.6886237621307374,5.3018334e-07,0.0,-4.004335880279541,-0.0002085272368958613
106000,-0.00040187762351706624,6.952916942282173e-06,-3.6886259973049165,4.3630598e-07,0.0,-4.7041730880737305,-0.0001864283303164016
106200,-0.00034123111981898546,8.430440732354328e-06,-3.6886285483837127,4.0978193e-07,0.0,-2.6203548908233643,-0.00020597015347312286
106400,-0.0004124308470636606,1.0792326065711677e-05,-3.6886218965053557,3.5524369e-07,0.0,-4.932605743408203,-0.00017578552800809888
106600,-0.0004039545892737806,1.1022627290913078e-05,-3.688611400127411,3.105402e-07,0.0,-1.8337314128875732,-0.0001408577119755172
106800,-0.0005201459862291813,7.644518154847901e-06,-3.688623470067978,2.655387e-07,0.0,-8.338286399841309,-0.00014363171142801613
107000,-0.0004828226228710264,1.1918229574803263e-05,-3.6886190235614777,3.2395127e-07,0.0,-5.340318202972412,-0.0001754419950980246
107200,-0.0005092849605716765,5.869832318694535e-06,-3.6886245369911195,5.868077e-07,0.0,-9.907597541809082,-0.00022757125598218408
107400,-0.0003654684987850487,1.21340704481554e-05,-3.6886312305927276,4.0918587e-07,0.0,-2.931283712387085,-0.00020397295184917396
107600,-0.00040454795816913247,6.6923203007718255e-06,-3.6886248886585236,3.7550927e-07,0.0,-7.07388973236084,-0.00021356725768850726
107800,-0.00029958743834868073,1.037600083009238e-05,-3.688616669178009,3.498793e-07,0.0,-3.497734546661377,-0.00015506554773149218
108000,-0.0003408031479921192,6.2424746943179345e-06,-3.688635265827179,3.0755996e-07,0.0,-4.751511573791504,-0.00015574954411978759
108200,-0.0003366702876519412,6.721965542055841e-06,-3.6886341273784637,2.503395e-07,0.0,-1.986034631729126,-0.00013353397048800896
108400,-0.00042721268255263567,7.806750534200547e-06,-3.68864306807518,3.0517577e-07,0.0,-1.3730871677398682,-0.0001595482392273251
108600,-0.0003460710868239403,9.699632278170611e-06,-3.6886249840259553,3.1322242e-07,0.0,-5.730720043182373,-0.00015769761760644485
108800,-0.0004751216620206833,9.613149290998991e-06,-3.6886298060417175,4.9352644e-07,0.0,-4.416306972503662,-0.00022367419953124302
109000,-0.0003017323324456811,7.717808205143229e-06,-3.6886259496212004,4.0501357e-07,0.0,-3.628544807434082,-0.00015591414297785322
109200,-0.0003376362146809697,7.29647056232352e-06,-3.688634717464447,3.784895e-07,0.0,-5.38105583190918,-0.00018985381561760218
109400,-0.00042684670188464224,8.812014709747017e-06,-3.688634216785431,3.6716463e-07,0.0,-5.237728595733643,-0.0001776307521802245
109600,-0.00048612928367219865,1.1125328137495672e-05,-3.6886201083660124,4.348159e-07,0.0,-3.8574771881103516,-0.00019111734455510288
109800,-0.0005245735519565642,8.601502668170723e-06,-3.6886366426944734,4.4971705e-07,0.0,-7.467598915100098,-0.00020949751067214084
110000,-0.00038288620999082923,6.535575562338636e-06,-3.6886374235153196,4.345179e-07,0.0,-5.211551189422607,-0.00021723342139807756
110200,-0.00037928446545265615,6.325614947400027e-06,-3.688636440038681,4.401803e-07,0.0,-1.9744548797607422,-0.00019622015915524705
110400,-0.00017580646090209484,7.482053285912116e-06,-3.6886325001716616,2.3424624e-07,0.0,-3.338353157043457,-0.00011288991130572467
110600,-0.00044078592327423394,8.182747831142478e-06,-3.688622683286667,3.4689904e-07,0.0,-2.9194579124450684,-0.00017653224459017735
110800,-0.0003582907374948263,7.869362764267863e-06,-3.6886161267757416,3.5256147e-07,0.0,-2.5613036155700684,-0.0001645715241100909
111000,-0.0006179992924444377,6.919693942109007e-06,-3.6886175632476808,4.005432e-07,0.0,-5.304098606109619,-0.0001869294491170681
111200,-0.0004935791366733611,8.348915980604942e-06,-3.688624179363251,3.6746266e-07,0.0,-7.240998268127441,-0.00018394966335211205
111400,-0.00039840515819378197,7.043867151423911e-06,-3.6886236667633057,3.9428474e-07,0.0,-5.253054141998291,-0.00016945847783926825
111600,-0.00030448404140770435,8.21958344658924e-06,-3.6886122941970827,2.4110076e-07,0.0,-3.8232321739196777,-0.0001399662628216447
111800,-0.00023853301536291838,7.12580972503929e-06,-3.6886089742183685,3.2693148e-07,0.0,-5.033365726470947,-0.00014930827191472762
112000,-0.00037008378421887755,7.382864896499086e-06,-3.688620662689209,3.4093858e-07,0.0,-2.6539673805236816,-0.0001743946968103982
112200,-0.0005401705857366323,6.621334068768192e-06,-3.688608944416046,3.3557416e-07,0.0,-5.747903347015381,-0.0001730021228459222
112400,-0.00041038382914848626,9.678978904048563e-06,-3.68860102891922,3.442168e-07,0.0,-0.7900984287261963,-0.0001594519614209311
112600,-0.000285197893390432,6.090993997531768e-06,-3.6886134445667267,2.8699637e-07,0.0,-5.678539276123047,-0.0001534139214030894
112800,-0.00031738088000565767,9.434316712031433e-06,-3.6885928332805635,2.834201e-07,0.0,-3.1808977127075195,-0.00015328076413425595
113000,-0.0004249368794262409,9.204264733853051e-06,-3.688602292537689,2.7626754e-07,0.0,-2.6289944648742676,-0.00015886777605428337
113200,-0.00035779530298896134,7.484706577542965e-06,-3.6885915815830232,2.7567148e-07,0.0,-2.03849720954895,-0.00015259778455263274
113400,-0.0005218288279138505,7.325610107500325e-06,-3.6886040210723876,4.2885543e-07,0.0,-1.439239501953125,-0.00022333893138415384
113600,-0.0003465036570560187,6.359124085975054e-06,-3.6886029303073884,3.2812358e-07,0.0,-5.448890686035156,-0.00015997268271590316
113800,-0.00042627277434803545,4.702900344000227e-06,-3.6885988056659698,2.7656557e-07,0.0,-0.7956560850143433,-0.00014409363226288718
114000,-0.00034947055974043906,7.854466878143284e-06,-3.688599354028702,2.8491021e-07,0.0,-4.675281047821045,-0.00015316034133152633
114200,-0.0005135652027092874,1.1265969089890859e-05,-3.6885964572429657,3.799796e-07,0.0,-1.9590911865234375,-0.00018631129018968905
114400,-0.0006481200689449906,9.75687744357856e-06,-3.6886002480983735,5.6296585e-07,0.0,-1.803706169128418,-0.00026320119426331834
114600,-0.0004154324415139854,7.5167173690715575e-06,-3.6886137962341308,3.3676625e-07,0.0,-19.116403579711914,-0.00017150136847485787
114800,-0.0004762698954436928,7.98650461319994e-06,-3.6886168003082274,3.299117e-07,0.0,-3.2070508003234863,-0.00016687511751274365
115000,-0.0004564169212244451,1.0463838430041506e-05,-3.6886059403419496,2.7000902e-07,0.0,-2.8846588134765625,-0.00013720697213885912
115200,-0.0002534959348849952,7.957019681725796e-06,-3.6886073291301726,3.015995e-07,0.0,-8.933655738830566,-0.00015314412042948254
115400,-0.00023977483215276152,8.302361857204233e-06,-3.6885959684848784,2.7060509e-07,0.0,-7.4003143310546875,-0.00013403863460825782
115600,-0.0005461339023895562,8.52773207498103e-06,-3.688593661785126,3.9398668e-07,0.0,-1.872680902481079,-0.000180606380210524
115800,-0.00042445462895557284,8.43737127524946e-06,-3.6885998785495757,2.3782252e-07,0.0,-1.2869923114776611,-0.00013476584847853522
116000,-0.0002962437574751675,7.1625028908783864e-06,-3.6886089503765107,2.1576882e-07,0.0,-7.708112716674805,-0.00013638527621422368
116200,-0.00028364310855977237,1.057390238656808e-05,-3.688610976934433,2.2292137e-07,0.0,-5.465756416320801,-0.0001277493688559783
116400,-0.00028698306414298713,5.293392752037107e-06,-3.688607621192932,2.1010638e-07,0.0,-5.3010478019714355,-0.00012017710517033819
116600,-0.00021372937771957368,7.650867360098346e-06,-3.688605457544327,2.6851893e-07,0.0,-3.576673984527588,-0.00013197756903848834
116800,-0.00041684161988087,5.784052041235554e-06,-3.688600653409958,4.673004e-07,0.0,-3.4891977310180664,-0.00020881539411807815
117000,-0.00036762733361683786,8.683351325089461e-06,-3.688601166009903,2.9861928e-07,0.0,-3.886465072631836,-0.00016068793871908403
117200,-0.0002825155097525567,5.488089226446391e-06,-3.6886111557483674,2.5689602e-07,0.0,-3.866675853729248,-0.00013484001140988687
117400,-0.00045174278784543276,7.769237993215938e-06,-3.6885958850383758,3.2782555e-07,0.0,-4.796314239501953,-0.00015595839978548297
117600,-0.0002542636066209525,7.616800883170072e-06,-3.6886082231998443,3.3050776e-07,0.0,-1.263300895690918,-0.0001760816950059141
117800,-0.0004729018546640873,8.129107754939469e-06,-3.6886024951934813,5.5581336e-07,0.0,-3.4082279205322266,-0.0002475445735274917
118000,-9.890456567518413e-05,6.447276700782823e-06,-3.6886102139949797,3.412366e-07,0.0,-5.8421711921691895,-0.00017080719684825496
118200,-0.0002677363227121532,8.584952297496784e-06,-3.688613146543503,3.4362077e-07,0.0,-6.673996448516846,-0.00016614288166055813
118400,-0.00028859253507107496,6.9098462859074065e-06,-3.6886245727539064,2.1308661e-07,0.0,-1.4257352352142334,-0.00013135091903637708
118600,-0.0004009595431853086,9.410967288658867e-06,-3.68860587477684,3.1918287e-07,0.0,-3.7080001831054688,-0.00015784111655534617
118800,-0.000317098485538736,5.440381448806874e-06,-3.688616234064102,2.8163197e-07,0.0,-3.1329007148742676,-0.0001556296793213452
119000,-0.0003968251694459468,5.05512608697245e-06,-3.688611924648285,3.8474798e-07,0.0,-7.833040237426758,-0.00017460930262177543
119200,-0.00031528688850812614,4.056708246480412e-06,-3.6886257350444795,3.07858e-07,0.0,-4.305059909820557,-0.00016752416726077967
119400,-0.0003968350647483021,4.430571232205694e-06,-3.68861762881279,3.874302e-07,0.0,-0.9149339199066162,-0.00019733224720455133
119600,-0.0003354846849106252,8.23832252763168e-06,-3.688605600595474,3.7878755e-07,0.0,-11.545890808105469,-0.0001751170448787809
119800,-0.00035510482848621905,5.7442656725470446e-06,-3.6886153697967528,2.69115e-07,0.0,-1.621730089187622,-0.00014520175785719401
120000,-4.6420784201473e-05,9.684880853910727e-06,-3.688608795404434,2.002716e-07,0.0,-1.6762278079986572,-0.00011629499523053699
120200,-0.00018412685312796384,7.3775059263425645e-06,-3.6886002123355865,2.9861928e-07,0.0,-4.363582134246826,-0.00015234169478413052
120400,-0.0002986005274578929,5.783564142802789e-06,-3.6886115431785584,2.8580428e-07,0.0,-2.1818487644195557,-0.00016839240541060007
120600,-0.0003356878587510437,4.585707063142763e-06,-3.688610368967056,3.299117e-07,0.0,-8.447234153747559,-0.00016045890837470544
120800,-0.0002655048156157136,5.920715170759649e-06,-3.6886081218719484,4.49121e-07,0.0,-1.4845097064971924,-0.00020811124050078565
121000,-0.0004352040123194456,5.9486124200702765e-06,-3.6885995745658873,3.7014485e-07,0.0,-5.674333095550537,-0.0002007428249012122
121200,-0.0003468524373602122,6.2918385992816185e-06,-3.688596802949905,3.6865472e-07,0.0,-1.305272102355957,-0.00019177568010446676
121400,-0.00023236710694618523,7.743489527456405e-06,-3.6885914862155915,3.0726193e-07,0.0,-5.093601226806641,-0.00016024075358620494
121600,-0.0004350556118879467,3.6855832320270564e-06,-3.6886021912097933,2.3007394e-07,0.0,-3.1662988662719727,-0.00014559555050617235
121800,-0.0003891240630764514,4.423056202540465e-06,-3.6885983765125276,3.8474798e-07,0.0,-9.65308952331543,-0.0001817491806660909
122000,-0.0003490803064778447,7.23211529702894e-06,-3.6885950326919557,3.3289194e-07,0.0,-2.3850886821746826,-0.00015971842290127825
122200,-0.00027906562900170684,5.08706122559488e-06,-3.688589358329773,3.1083823e-07,0.0,-4.663954734802246,-0.00016334407011731056
122400,-0.0001890816492959857,4.314876417765845e-06,-3.688600295782089,2.1845102e-07,0.0,-2.5932023525238037,-0.00012485377424922283
122600,-0.0005015923525206745,4.7171278595214975e-06,-3.6885974645614623,3.3408404e-07,0.0,-4.0633673667907715,-0.0001899113592370494
122800,-0.0005306779057718813,8.122972826640761e-06,-3.6885862410068513,4.4852493e-07,0.0,-2.920849323272705,-0.00023655459213323127
123000,-0.0002989541972056031,7.964310395891516e-06,-3.6885801196098327,3.2812358e-07,0.0,-11.269018173217773,-0.0001677346972572824
123200,-0.0004003675712738186,5.168572926095294e-06,-3.6885889768600464,3.2424924e-07,0.0,-7.41487979888916,-0.00015764255719066255
123400,-0.0006809628685005009,6.214175368768338e-06,-3.688590568304062,5.5879354e-07,0.0,-6.641606330871582,-0.0002519933586063505
123600,-0.0003576813614927232,5.976518639272399e-06,-3.6885933876037598,3.4213065e-07,0.0,-0.6785640716552734,-0.0001775993417808208
123800,-0.0004889569827355444,7.539853481830505e-06,-3.6885899186134337,3.4093858e-07,0.0,-4.911149024963379,-0.00018033512790038841
124000,-0.00033861224073916674,4.264154188149405e-06,-3.68860200047493,2.3037195e-07,0.0,-4.001917839050293,-0.00013312332972558182
124200,-0.00034859083825722337,5.87867119747898e-06,-3.688592714071274,2.5033953e-07,0.0,-4.786318778991699,-0.00014840999231413576
124400,-0.00028344272868707776,7.317208485346782e-06,-3.688583093881607,2.6077032e-07,0.0,-1.6701865196228027,-0.0001368946139706395
124600,-0.00041709316428750753,4.5438646736784e-06,-3.6885973870754243,2.270937e-07,0.0,-1.4968724250793457,-0.00013373182774301107
124800,-0.0004013120196759701,4.968132753901955e-06,-3.6885829091072084,3.2752752e-07,0.0,-2.1191983222961426,-0.0001719965299396442
125000,-0.0004375783901195973,4.953504640070605e-06,-3.6885798990726473,3.454089e-07,0.0,-1.6664619445800781,-0.00017490184279700394
125200,-0.00014743015344720334,7.125054094103689e-06,-3.6885782897472383,2.744794e-07,0.0,-2.9093542098999023,-0.0001441092323824833
125400,-0.00013046481763012707,6.341454616176634e-06,-3.688581144809723,3.0696393e-07,0.0,-5.699317932128906,-0.00015453579928044193
125600,-0.00029519532108679414,5.312220736186646e-06,-3.6885805904865263,2.673268e-07,0.0,-2.332502841949463,-0.000164402507550232
125800,-0.000530269811861217,3.852749688348922e-06,-3.68857336640358,3.9339062e-07,0.0,-3.3127923011779785,-0.00017075325528184137
126000,-0.00034234256600029767,4.065074148229542e-06,-3.6885756075382234,2.3722649e-07,0.0,-4.462704658508301,-0.00012439208412691195
126200,-0.0003360489208716899,5.253305693031507e-06,-3.6885785460472107,3.7431715e-07,0.0,-1.8634045124053955,-0.00018471504789840942
126400,-0.00041376016451977193,5.0386749535391575e-06,-3.6885729372501372,3.6656854e-07,0.0,-1.394620656967163,-0.0001540091344465977
126600,-0.00027525515179149806,5.962360103239917e-06,-3.6885797560214995,2.2739172e-07,0.0,-2.9166836738586426,-0.0001301022612866909
126800,-0.00033346095005981624,6.589555425762228e-06,-3.6885715425014496,3.0308962e-07,0.0,-4.5610551834106445,-0.00015779152554069588
127000,-0.0003135947627015412,5.443909981295292e-06,-3.6885616898536684,2.014637e-07,0.0,-4.19001579284668,-0.00011284995183400426
127200,-0.0006855159881524742,5.6499333140891395e-06,-3.688555562496185,4.1991473e-07,0.0,-12.350713729858398,-0.00020729121518172632
127400,-7.18230803613551e-05,5.4074727586339575e-06,-3.6885679244995115,1.4215708e-07,0.0,-0.746505856513977,-9.198054606048278e-05
127600,-0.00041019570198841393,6.356070230140176e-06,-3.6885675728321075,1.9073487e-07,0.0,-5.02990198135376,-0.00011260923709501824
127800,-0.0003655813925433904,6.224142987321102e-06,-3.6885604918003083,3.7997964e-07,0.0,-2.730823278427124,-0.0001895523805602206
128000,-0.0004883514484390616,4.44553052716401e-06,-3.6885564506053923,3.1113623e-07,0.0,-3.8590683937072754,-0.00015189071102725827
128200,-0.00045267087989486754,5.895072183648153e-06,-3.688561648130417,3.1262636e-07,0.0,-6.576173305511475,-0.00015594577851061331
128400,-0.0005270011024549603,5.47577645875208e-06,-3.688552474975586,3.9696693e-07,0.0,-4.6976470947265625,-0.00018562761022872243
128600,-0.00045358468196354806,2.3642419336056266e-06,-3.6885691821575164,3.1769275e-07,0.0,-5.040788650512695,-0.00016641164632984483
128800,-0.0003284896374680102,5.247786930340226e-06,-3.6885663688182833,3.3617022e-07,0.0,-10.34593391418457,-0.00016144282263939048
129000,-0.0006274458719417453,4.290512629268051e-06,-3.6885545372962953,4.1753054e-07,0.0,-4.060688495635986,-0.00018994332176452966
129200,-0.0005445797578431666,4.04013321713137e-06,-3.688554185628891,3.436208e-07,0.0,-1.0540473461151123,-0.00017716200243678148
129400,-0.00030856282683089375,4.703480703938112e-06,-3.6885698616504667,2.9087067e-07,0.0,-8.970444679260254,-0.00014657264152128646
129600,-0.0005624263430945575,5.554108810201797e-06,-3.6885512828826905,3.9339065e-07,0.0,-4.016202449798584,-0.00016928009653769394
129800,-0.0003057321300730109,4.358336775567296e-06,-3.688551253080368,3.680587e-07,0.0,-2.228562593460083,-0.00015272750652206568
130000,-0.0005954049993306398,5.3233474091030075e-06,-3.6885551810264587,4.8071144e-07,0.0,-12.892306327819824,-0.00019937179128846073
130200,-0.0007000569603405893,3.1404190622197347e-06,-3.6885582506656647,5.483627e-07,0.0,-4.449139595031738,-0.0002396331948059549
130400,-0.00037538260221481323,2.8256888811029057e-06,-3.6885606586933135,2.425909e-07,0.0,-2.621741533279419,-0.00012686518231332932
130600,-0.00024944922188296914,5.6393951979316626e-06,-3.688560026884079,2.646446e-07,0.0,-0.9947760105133057,-0.0001478770977298094
130800,-0.0005302507779560983,4.0759045361937755e-06,-3.6885590970516207,2.8371812e-07,0.0,-5.708449840545654,-0.00015365326487284391
131000,-0.00022331837681122124,3.825046968586321e-06,-3.688551503419876,2.974272e-07,0.0,-8.588004112243652,-0.00015545952302431498
131200,-0.000307221373077482,4.9629547390850345e-06,-3.6885620415210725,1.5079975e-07,0.0,-2.6218488216400146,-9.740617894567483e-05
131400,-0.0004224940203130245,5.305064280491933e-06,-3.6885346591472628,4.2676925e-07,0.0,-7.95880126953125,-0.00020883061525522884
131600,-0.00045884738210588694,5.043849176900039e-06,-3.68854478597641,2.8461218e-07,0.0,-3.659593105316162,-0.0001487258078952447
131800,-0.00028353536617942154,3.174761297941586e-06,-3.6885524570941923,2.82228e-07,0.0,-3.7978320121765137,-0.00016653513857307624
132000,-0.000500030757393688,3.909731589146759e-06,-3.688542312383652,3.9905308e-07,0.0,-3.8967342376708984,-0.00021064278622247025
132200,-0.0001496458862675354,4.008464662774713e-06,-3.6885598599910736,2.3871658e-07,0.0,-8.258938789367676,-0.00011589173955417476
132400,-0.000584550085477531,5.532642484240569e-06,-3.688546288013458,4.2289497e-07,0.0,-6.5982255935668945,-0.00019951830140826354
132600,-0.00020755369041580707,2.8429504112637003e-06,-3.68855220079422,1.7285348e-07,0.0,-4.761551380157471,-0.000115211830737727
132800,-0.00046683335676789284,4.156481719519434e-06,-3.6885588467121124,3.4332274e-07,0.0,-2.0204286575317383,-0.000146460264584225
133000,-0.00015978753799572587,4.374047676947157e-06,-3.688540893793106,3.013015e-07,0.0,-2.255082130432129,-0.00014317745043692653
133200,-0.0005351339932531118,5.1872558458399e-06,-3.6885437190532686,5.1915646e-07,0.0,-2.970932960510254,-0.00025564601555476684
133400,-0.0004805894277524203,3.1556625742723555e-06,-3.6885603249073027,3.761053e-07,0.0,-3.0823330879211426,-0.00017895744652196566
133600,-0.0003296850190963596,2.7986029465409958e-06,-3.6885555565357206,3.0726196e-07,0.0,-0.12104332447052002,-0.00013297072450058067
133800,-0.00034237871295772493,6.592429315332993e-06,-3.688554894924164,3.2246112e-07,0.0,-5.111520290374756,-0.00015212401760993365
134000,-0.0005661634495481849,3.722401197592262e-06,-3.6885639071464538,2.3961067e-07,0.0,-3.7594523429870605,-0.00014398114312529352
134200,-0.0006783115095458925,4.612161444583762e-06,-3.6885598480701445,4.1991473e-07,0.0,-2.435021162033081,-0.00021963587801645534
134400,-0.00043026296771131456,3.4143823313570467e-06,-3.688570660352707,3.1381845e-07,0.0,-1.0964775085449219,-0.00018458103384659806
134600,-0.000611963274423033,4.135862508292121e-06,-3.688562250137329,6.279349e-07,0.0,-3.332612991333008,-0.00028445512197450284
134800,-0.00032917605130933225,4.614740532815631e-06,-3.6885596454143523,2.5957823e-07,0.0,-4.798219203948975,-0.0001474699525892742
135000,-0.00046478811418637633,3.131349953378049e-06,-3.688572663068771,3.761053e-07,0.0,-4.0365071296691895,-0.0001638917328723011
135200,-0.00045602588215842843,4.378020327067133e-06,-3.688554251194,3.0070544e-07,0.0,-6.272948265075684,-0.00016012449559235086
135400,-0.0003689865116029978,2.2654966045365654e-06,-3.688550126552582,2.7030705e-07,0.0,-1.670926570892334,-0.0001445955644472807
135600,-0.0003833023365586996,3.6415554291124864e-06,-3.6885641634464266,1.9431116e-07,0.0,-3.2530760765075684,-0.00012502940050351796
135800,-0.00022779077698942274,3.503618671629738e-06,-3.688546484708786,2.411008e-07,0.0,-0.7879643440246582,-0.000122356504617116
136000,-0.00036036595702171326,3.688203145202351e-06,-3.6885559439659117,1.7791986e-07,0.0,-5.170303821563721,-0.00010821717975024736
136200,-0.00026060454547405243,4.240100747665565e-06,-3.6885632991790773,3.170967e-07,0.0,-3.6475119590759277,-0.00016420343526157843
136400,-0.00028019826277159154,2.8380192929944314e-06,-3.6885675132274627,3.013015e-07,0.0,-3.0160579681396484,-0.0001624698497295185
136600,-0.0003167641698382795,2.694590662599694e-06,-3.6885795295238495,2.6255847e-07,0.0,-2.4404520988464355,-0.00015644347976968566
136800,-0.0003443881869316101,4.365052882349119e-06,-3.6885543942451475,3.2275915e-07,0.0,-3.7517571449279785,-0.00017594945367841453
137000,-0.0005765389651060104,3.342131367389811e-06,-3.688552850484848,5.152822e-07,0.0,-9.270699501037598,-0.000236433790269297
137200,-0.00032487898715771735,2.545433960676746e-06,-3.68856018781662,2.4348498e-07,0.0,-5.816408634185791,-0.00011940105245060728
137400,-0.00026214373065158725,2.5581307880884196e-06,-3.6885503470897674,2.0235777e-07,0.0,-5.015560150146484,-0.00010560054966441967
137600,-0.0004398635064717382,4.5768478571517335e-06,-3.6885152876377107,3.5941602e-07,0.0,-5.198326110839844,-0.00015935723510995814
137800,-0.00037449042429216206,3.2837380501860027e-06,-3.688535153865814,2.619624e-07,0.0,-3.8742852210998535,-0.00014086338971446287
138000,-0.0004342524625826627,3.3511440278743977e-06,-3.688535475730896,3.9488077e-07,0.0,-4.107759952545166,-0.00019461040244324047
138200,-0.00014882021059747785,3.284571863559904e-06,-3.688548868894577,2.5719402e-07,0.0,-4.910239219665527,-0.00014653274450904252
138400,-0.0002865026763174683,3.0577036056911313e-06,-3.6885614156723023,4.10378e-07,0.0,-1.6294910907745361,-0.0001957229817715067
138600,-0.0003662118106149137,4.085117961949436e-06,-3.68853896856308,3.0517577e-07,0.0,-4.0757975578308105,-0.0001586764607534402
138800,-0.00045145643525756896,3.2185364773340552e-06,-3.6885499954223633,3.4362077e-07,0.0,-6.251910209655762,-0.00018536013381877935
139000,-0.00047297673881985247,2.002895610075939e-06,-3.6885615229606628,2.5928023e-07,0.0,-0.8955205678939819,-0.00015726521626726608
139200,-0.00033958780113607645,2.6067189253353716e-06,-3.688554847240448,3.9100644e-07,0.0,-1.535454273223877,-0.00019868558662073933
139400,-0.000502184615470469,2.51137462043971e-06,-3.6885513246059416,3.8444998e-07,0.0,-4.994396209716797,-0.00017916475331187788
139600,-0.00041559775127097964,3.6331342585071978e-06,-3.6885585606098177,2.5063753e-07,0.0,-4.10481595993042,-0.00013131135553129392
139800,-0.00036203209310770035,1.618217581267345e-06,-3.6885678827762605,2.861023e-07,0.0,-4.122303009033203,-0.00017328855585179714
140000,-0.0005244790809229016,2.922026305895997e-06,-3.688564693927765,2.9295683e-07,0.0,-8.787455558776855,-0.00017086975394218218
140200,-0.0004974195617251098,3.210506338291452e-06,-3.688569110631943,3.543496e-07,0.0,-4.451844692230225,-0.00018110315618702355
140400,-0.0007791592506691813,2.724919238517032e-06,-3.688556355237961,6.3180926e-07,0.0,-1.507157325744629,-0.00025884609751782863
140600,-0.0003385222516953945,3.134691564810055e-06,-3.6885532438755035,1.8715858e-07,0.0,-6.756397247314453,-0.00010815046726672106
140800,-0.00043541021295823157,3.162516043175856e-06,-3.6885613679885862,2.7388336e-07,0.0,-1.362846851348877,-0.00014349039724717016
141000,-0.000463335047243163,2.2107729563458633e-06,-3.6885772705078126,3.376603e-07,0.0,-0.537251353263855,-0.00016890427390263695
141200,-0.0004931908333674073,3.413518675188243e-06,-3.6885495662689207,4.2915343e-07,0.0,-7.330935478210449,-0.00019755804482515237
141400,-0.0004435509326867759,2.6904925675808043e-06,-3.6885674476623533,5.9604645e-07,0.0,-1.3806724548339844,-0.0002340251795367454
141600,-0.00031244815909303725,2.282898915950682e-06,-3.6885536313056946,2.2470951e-07,0.0,-1.2907705307006836,-0.00011409053631401544
141800,-0.000324082124279812,2.5419268553150686e-06,-3.688570982217789,2.8342006e-07,0.0,-2.7124149799346924,-0.0001706091455578651
142000,-0.0005379117210395634,1.86901966685582e-06,-3.688557708263397,4.0739775e-07,0.0,-9.493865966796875,-0.00019348504106346808
142200,-0.0002479978429619223,2.7082630964514465e-06,-3.6885649502277373,3.156066e-07,0.0,-2.0332653522491455,-0.00015390963908976652
142400,-0.00034808306372724473,2.3565242912582107e-06,-3.688565641641617,2.798438e-07,0.0,-4.626266002655029,-0.0001598926740812079
142600,-0.0004862918867729604,2.125751942116949e-06,-3.68855704665184,4.3302774e-07,0.0,-9.386250495910645,-0.00021742390031522784
142800,-0.00027222168864682317,2.0513810738975735e-06,-3.6885604858398438,3.20673e-07,0.0,-9.479891777038574,-0.00015678249284782896
143000,-0.0003910392988473177,1.9833625401588504e-06,-3.688551390171051,4.279613e-07,0.0,-5.150966644287109,-0.00019851450642409673
143200,-0.0003070048405788839,2.75105635125783e-06,-3.688561815023422,2.411008e-07,0.0,-5.007742881774902,-0.00013959026251877393
143400,-0.0005143029848113656,2.213126020933487e-06,-3.6885548293590547,3.7938355e-07,0.0,-5.679924011230469,-0.0001999480152475197
143600,-0.00043182639637961984,2.6881146709456515e-06,-3.688553601503372,3.2842155e-07,0.0,-3.27866268157959,-0.0001647277775397249
143800,-0.0002506472810637206,1.8167657458434405e-06,-3.688558703660965,1.8209218e-07,0.0,-1.6489284038543701,-9.360919901073572e-05
144000,-0.0003397518303245306,2.5969874400288974e-06,-3.688545876741409,3.5643578e-07,0.0,-2.132425546646118,-0.0001685836471297053
144200,-0.00022063401411287487,3.155753870487388e-06,-3.688522404432297,2.974272e-07,0.0,-4.153926372528076,-0.00014847765873421404
144400,-0.0006023560417816043,2.017584327518307e-06,-3.688548767566681,4.3302776e-07,0.0,-0.3947148323059082,-0.00020579431920806358
144600,-0.0003894210676662624,2.507353849523497e-06,-3.688526213169098,6.1810016e-07,0.0,-2.9010322093963623,-0.00026899953199928107
144800,-0.0004064386594109237,2.194948862666024e-06,-3.6885270535945893,3.167987e-07,0.0,-5.955393314361572,-0.00014896322766412562
145000,-0.00030806794529780746,2.1342163591953067e-06,-3.6885074257850645,3.7908555e-07,0.0,-5.411372661590576,-0.0001652650010471435
145200,-0.0003620272327680141,2.3276001343219833e-06,-3.6885272324085236,5.057454e-07,0.0,-2.2442150115966797,-0.00021409167278079176
145400,-0.00023832615988794714,2.843173430733259e-06,-3.6885385394096373,3.8534404e-07,0.0,-4.545351505279541,-0.00015038217622507233
145600,-0.0005386047414503992,1.4147924218832486e-06,-3.688530844449997,2.8222797e-07,0.0,-4.226559162139893,-0.0001513679685654079
145800,-0.0004119581717532128,2.4245209402806724e-06,-3.688526427745819,3.781915e-07,0.0,-2.7528116703033447,-0.0001706167604376585
146000,-0.0003975176077801734,1.6909959612121384e-06,-3.6885355412960052,5.239248e-07,0.0,-2.1391847133636475,-0.00023583534328646126
146200,-0.00025522770010866225,1.878671139365906e-06,-3.6885180711746215,4.789233e-07,0.0,-6.649086952209473,-0.00022369939015902672
146400,-0.00048648557276465,1.6710874433556455e-06,-3.6885076582431795,3.901124e-07,0.0,-7.03895378112793,-0.00018133777343638525
146600,-0.00017490492609795183,2.4307122174604954e-06,-3.688514769077301,5.0395727e-07,0.0,-4.390170574188232,-0.00022123709329088248
146800,-0.0004423920181579888,2.921978509107248e-06,-3.6885045945644377,3.2365324e-07,0.0,-4.626256465911865,-0.0001554367544093882
147000,-0.0004578589869197458,2.2353146079012733e-06,-3.6885234236717226,3.3706425e-07,0.0,-5.818326473236084,-0.00017925554447879578
147200,-0.0003322819829918444,2.6092268797128783e-06,-3.688500225543976,3.59118e-07,0.0,-8.386592864990234,-0.00017419072278421766
147400,-0.00034897946170531213,1.5563338422452944e-06,-3.6885184824466704,3.4451483e-07,0.0,-2.5806877613067627,-0.00015643681530121966
147600,-0.00039433903293684125,2.2775907837058183e-06,-3.6884852766990663,3.1888487e-07,0.0,-7.451113700866699,-0.000158596128960653
147800,-0.000573477300349623,1.6665039169083684e-06,-3.6884936094284058,4.440546e-07,0.0,-3.113452434539795,-0.00018765910063512915
148000,-0.00031154725002124906,2.3923279343307514e-06,-3.688477098941803,4.2766334e-07,0.0,-5.991655349731445,-0.00020360402179175896
148200,-0.00038241143920458853,1.5684896226275669e-06,-3.688492065668106,3.686547e-07,0.0,-4.76123046875,-0.00018625428530845146
148400,-0.00034828236675821245,1.433597837774414e-06,-3.6884927809238435,2.902746e-07,0.0,-1.4047050476074219,-0.00014296321657230048
148600,-0.00036106171319261193,1.4814042970101582e-06,-3.688490629196167,3.3527613e-07,0.0,-7.502448081970215,-0.0001652507475691678
148800,-0.00043439448927529156,1.8660484215615725e-06,-3.688485622406006,4.2021273e-07,0.0,-3.7881031036376953,-0.00019560407190828412
149000,-0.00029570446349680424,1.1239006198593416e-06,-3.688510757684708,3.2156706e-07,0.0,-2.4813714027404785,-0.0001616407033221856
149200,-0.0003794616204686463,2.007291755035112e-06,-3.688495081663132,5.0336126e-07,0.0,-5.671673774719238,-0.0001813880638878107
149400,-0.0003951731778215617,2.381202290280271e-06,-3.6884949564933778,2.479553e-07,0.0,-4.702356815338135,-0.00013224551003876428
149600,-0.0006118335877545178,1.2756251678069929e-06,-3.688504135608673,4.3660404e-07,0.0,-8.380430221557617,-0.0002111270882437566
149800,-0.0003286972641944885,9.074006584341987e-07,-3.688509780168533,2.7924776e-07,0.0,-3.3936824798583984,-0.0001517767311404461
150000,-0.0002445290156174451,1.4274705023353817e-06,-3.688497942686081,3.8176776e-07,0.0,-3.4651975631713867,-0.00017507473323257193
150200,-0.000286057562334463,1.033333280986426e-06,-3.6884892344474793,3.2544136e-07,0.0,-3.526838779449463,-0.00014586150754718473
150400,-0.00029364487272687256,1.0513504946629837e-06,-3.688497769832611,2.938509e-07,0.0,-7.540397644042969,-0.00015890368805902
150600,-0.00036716036265715957,1.7142885837984067e-06,-3.6885013937950135,4.050136e-07,0.0,-1.727116346359253,-0.0002035380755819549
150800,-0.00039661952177993953,1.7615555520933412e-06,-3.6884932577610017,3.1620266e-07,0.0,-2.1317055225372314,-0.00015569429961634907
151000,-0.0003957492590416223,2.173764067947559e-06,-3.6884966671466826,3.2812358e-07,0.0,-2.6794981956481934,-0.00015383839744149698
151200,-0.0002449120511300862,1.4587085473749538e-06,-3.6884973645210266,2.7686357e-07,0.0,-1.7335379123687744,-0.0001396298858762801
151400,-0.0003666035772766918,1.5800773823571034e-06,-3.688491922616959,3.0338765e-07,0.0,-4.489539623260498,-0.00017354977887611421
151600,-0.00039055824163369834,1.2622469014900161e-06,-3.6885157227516174,4.3302776e-07,0.0,-3.7955384254455566,-0.000208659320952842
151800,-0.00042425942956469953,1.4735669367382797e-06,-3.6885092198848723,4.6104194e-07,0.0,-1.5782876014709473,-0.00022501616274985813
152000,-0.0003484324843157083,1.5147858533737236e-06,-3.688495546579361,3.72231e-07,0.0,-3.356928825378418,-0.00018436059433803997
152200,-0.00039262667996808887,1.2760626333374603e-06,-3.688521057367325,3.096461e-07,0.0,-2.099409580230713,-0.00016528929035632966
152400,-0.00023413063900079578,1.3508248471794103e-06,-3.688485836982727,1.8775464e-07,0.0,-2.145742177963257,-0.00010674959540003248
152600,-0.0004054061428178102,1.5271476740963408e-06,-3.688477635383606,2.4318695e-07,0.0,-1.2394144535064697,-0.00014034609531887732
152800,-0.0004670832131523639,1.524498655669504e-06,-3.6884922683238983,3.6239624e-07,0.0,-10.037381172180176,-0.00016269262272827767
153000,-0.00033491491922177374,1.9058039555375217e-06,-3.688481605052948,3.3676622e-07,0.0,-2.7618582248687744,-0.00014174927795238546
153200,-0.0004393980198074132,1.106968957742538e-06,-3.68849635720253,3.501773e-07,0.0,-2.9744884967803955,-0.00016325245107235987
153400,-0.00036597330472432077,9.480855069909921e-07,-3.688498204946518,4.130602e-07,0.0,-4.367221832275391,-0.00018901623686644607
153600,-0.0002992925583384931,1.614083677736744e-06,-3.6884810268878936,3.400445e-07,0.0,-2.3600950241088867,-0.0001584055135265716
153800,-0.0004619214159902185,1.5481388032867472e-06,-3.6884812116622925,3.1322242e-07,0.0,-2.872039318084717,-0.00017562801650159444
154000,-0.0002580256841611117,1.3049023934286197e-06,-3.68848797082901,2.965331e-07,0.0,-2.387913227081299,-0.0001565746417668379
154200,-0.0004857413878198713,1.4119513025434571e-06,-3.688481730222702,3.1888482e-07,0.0,-3.7201318740844727,-0.00017413548980198533
154400,-0.000393934577004984,8.150740129053702e-07,-3.68847616314888,3.3289194e-07,0.0,-2.355851173400879,-0.00016523280774960458
154600,-0.00018505282059777528,1.3269977401364486e-06,-3.688506317138672,2.3722649e-07,0.0,-6.430639266967773,-0.00013431568450683606
154800,-0.0004446202947292477,9.633162036948306e-07,-3.6884931147098543,2.068281e-07,0.0,-1.5851192474365234,-0.00013855689817625637
155000,-0.0007857533055357635,1.902814949517051e-06,-3.6884822249412537,5.993247e-07,0.0,-5.434074401855469,-0.00023718404761372547
155200,-0.0001382069749524817,1.5303741406569316e-06,-3.688473588228226,3.731251e-07,0.0,-4.208456039428711,-0.00019186794817711573
155400,-0.0002566513721831143,1.164394132047164e-06,-3.6884645581245423,1.7940998e-07,0.0,-3.2938718795776367,-9.584984223749426e-05
155600,-0.0004908107221126556,1.4464246120837743e-06,-3.688471955060959,4.130602e-07,0.0,-4.180164813995361,-0.00019758627451391675
155800,-0.0003887319762725383,1.2431542131707829e-06,-3.688496524095535,3.0755993e-07,0.0,-2.410611152648926,-0.0001569035051812051
156000,-0.00032810241100378335,1.3818174892321623e-06,-3.688494449853897,2.30968e-07,0.0,-3.2521610260009766,-0.00013954627411305598
156200,-0.0004599094681907445,1.4099658756094868e-06,-3.6884601950645446,3.8325783e-07,0.0,-1.1168954372406006,-0.000179099916166936
156400,-0.00020438848878256977,1.4564498499680668e-06,-3.688475161790848,2.2917986e-07,0.0,-2.37017560005188,-0.00012443899998477727
156600,-0.0005705304793082178,6.770133381905907e-07,-3.6884766578674317,3.8623807e-07,0.0,-1.9584393501281738,-0.0001945032248963585
156800,-0.00035572340129874647,1.808224882893228e-06,-3.6884445667266847,2.5928023e-07,0.0,-3.2495107650756836,-0.00014369796177630124
157000,-0.0004249410703778267,8.301674441213436e-07,-3.6884531319141387,2.6226044e-07,0.0,-7.355517387390137,-0.0001498354086943543
157200,-0.0003257986390963197,1.11292777376093e-06,-3.688452309370041,2.604723e-07,0.0,-1.4962477684020996,-0.00015266570430396697
157400,-0.0002841683744918555,1.0207973602405218e-06,-3.688467490673065,3.156066e-07,0.0,-8.487394332885742,-0.00016058496955979608
157600,-0.0003276132920291275,7.680737667214998e-07,-3.6884653568267822,2.849102e-07,0.0,-6.329612731933594,-0.00014640792634054156
157800,-0.0005297469324432313,1.1870814759618043e-06,-3.688449203968048,4.9084423e-07,0.0,-4.599106311798096,-0.0002289477297612086
158000,-0.0003244737454224378,1.0728228900802605e-06,-3.6884334444999696,3.5494566e-07,0.0,-5.798320770263672,-0.00018201847033516572
158200,-0.00023662492458242923,1.0210119356202086e-06,-3.6884526193141935,2.1964311e-07,0.0,-5.334072113037109,-0.00012011320115868917
158400,-0.00024174977443180978,8.062185585799853e-07,-3.688449227809906,3.9815905e-07,0.0,-8.890932083129883,-0.00017176333105266007
158600,-0.0004760099691338837,1.351047471587208e-06,-3.688439983129501,3.2305718e-07,0.0,-2.8592677116394043,-0.00015126147779271905
158800,-0.0002342923980904743,1.1394162697797583e-06,-3.6884652614593505,3.5703184e-07,0.0,-1.1128885746002197,-0.00018371915808192973
159000,-0.000223212264245376,9.409534484916549e-07,-3.688467633724213,3.9607283e-07,0.0,-5.432476043701172,-0.00016716319335170483
159200,-0.00014367036055773497,1.1728444746950117e-06,-3.6884416460990908,2.1636487e-07,0.0,-3.600172996520996,-0.00012081463625839284
159400,-0.000601344567257911,5.575810902769263e-07,-3.6884663879871367,4.1753054e-07,0.0,-0.9816242456436157,-0.0001955333042526597
159600,-0.00014448471483774483,1.1934327574181226e-06,-3.68845911026001,1.680851e-07,0.0,-1.9755527973175049,-0.00010920038772432861
159800,-0.0005706342053599656,1.0296590275515883e-06,-3.6884724318981172,2.5480986e-07,0.0,-2.0339066982269287,-0.0001484907153196713
160000,-0.0004602794360835105,1.0168898882056966e-06,-3.6884671449661255,3.096461e-07,0.0,-6.37232780456543,-0.00015231298699518446
160200,-0.00043374457163736224,8.998571672691468e-07,-3.688479334115982,3.570318e-07,0.0,-0.8812152147293091,-0.00017002100259926322
160400,-0.0004530796140898019,7.097667406696929e-07,-3.6884663105010986,2.7924779e-07,0.0,-0.5302942991256714,-0.00016188368289844491
160600,-0.0004398477030918002,8.594471950118531e-07,-3.6884581983089446,4.222989e-07,0.0,-3.4195504188537598,-0.0001968922602918699
160800,-0.0003820634155999869,1.0578162275010072e-06,-3.6884489238262175,3.1888484e-07,0.0,-2.752873420715332,-0.0001350252036018018
161000,-0.00035441925865598023,8.826823489016533e-07,-3.68845157623291,4.145503e-07,0.0,-3.284694194793701,-0.00020117917583872824
161200,-0.0004144122067373246,8.377038042794994e-07,-3.6884552121162413,3.4332277e-07,0.0,-4.896924018859863,-0.000156762018280876
161400,-0.0003896903363056481,6.214150019445696e-07,-3.6884380280971527,4.6163797e-07,0.0,-2.7640535831451416,-0.00019809413731910474
161600,-0.000521052279509604,1.125166656379406e-06,-3.688439244031906,3.0905008e-07,0.0,-2.9471757411956787,-0.00015404713893414358
161800,-0.00034559390041977167,7.331239061159067e-07,-3.6884502530097962,3.1739472e-07,0.0,-0.8938060998916626,-0.00014409599413335307
162000,-0.00034578476333990693,9.413186234041859e-07,-3.688445287942886,3.1769275e-07,0.0,-6.156479358673096,-0.00015831379657100798
162200,-0.00035558847594074905,8.536291801419793e-07,-3.6884451508522034,2.6255844e-07,0.0,-1.2172341346740723,-0.00014940752015752957
162400,-0.000473774183774367,9.81268389921297e-07,-3.6884529292583466,5.1647424e-07,0.0,-3.5128064155578613,-0.0002438830896841271
162600,-0.0004200184775982052,8.413109853222522e-07,-3.6884556293487547,3.3289194e-07,0.0,-1.4318900108337402,-0.00015675075295120688
162800,-0.00039111642399802804,1.0062985779768497e-06,-3.6884492516517637,2.9414892e-07,0.0,-1.8454296588897705,-0.00015133341828876823
163000,-0.00043525410001166165,7.469103323387572e-07,-3.68843275308609,3.0487774e-07,0.0,-6.7876296043396,-0.0001684968622053695
163200,-0.00037749652983620763,8.850951857652945e-07,-3.6884135782718657,3.7401915e-07,0.0,-2.0664801597595215,-0.00017706464401872067
163400,-0.0004715972754638642,8.908267218998845e-07,-3.6884329199790953,4.3570995e-07,0.0,-3.609936237335205,-0.0001942530881001492
163600,-0.0006134009454399347,7.411597778173018e-07,-3.688429534435272,3.9339065e-07,0.0,-3.182711601257324,-0.00018627508065867658
163800,-0.00038628786569461226,6.53049793442051e-07,-3.688432812690735,2.9593707e-07,0.0,-4.1132402420043945,-0.00015300837222735896
164000,-0.00039215225842781365,6.956115441880683e-07,-3.6884130001068116,3.543496e-07,0.0,-1.3351900577545166,-0.0001813606185648964
164200,-0.00018141863984055817,7.06021263852108e-07,-3.6884333312511446,2.1666287e-07,0.0,-3.595923900604248,-0.00011896831604698565
164400,0.004306967835873365,0.010364074457902462,-3.688735747337341,7.748604e-08,0.0,0.02557128667831421,-8.523258547381563e-05
164600,0.009461511857807636,0.01205544091644697,-3.6885807156562804,1.7464161e-07,0.0,0.011823415756225586,-0.0001243750224713125
164800,0.03267338126897812,0.05147916651330888,-3.68844388127327,3.942847e-07,0.0,0.029336154460906982,-0.00020328311651860443
165000,0.013469657860696316,0.021934639173559846,-3.6884336888790132,2.82526e-07,0.0,0.0346674919128418,-0.00014499868442892084
165200,0.00422015180811286,0.018358056619763374,-3.6884494185447694,3.9637087e-07,0.0,0.08351325988769531,-0.00016272996443513765
165400,0.005417904816567898,0.012875258747953922,-3.688440650701523,2.938509e-07,0.0,0.11977279186248779,-0.00015054737009996267
165600,0.002430789638310671,0.005950926919467747,-3.6884142220020295,3.4809113e-07,0.0,0.019498586654663086,-0.00016025396547458826
165800,0.08635053038597107,0.14868740737438202,-3.688436287641525,3.4779308e-07,0.0,0.03533148765563965,-0.00016485785170390345
166000,0.0029793549329042435,0.0053139176743570715,-3.6884336173534393,3.0517577e-07,0.0,0.17564183473587036,-0.0001558196251111199
166200,0.0036365478299558163,0.008031780668534338,-3.6884386003017426,4.658103e-07,0.0,0.014539539813995361,-0.00018738955249736344
166400,0.01716197095811367,0.027154237008653583,-3.6884184956550596,4.553795e-07,0.0,0.1044495701789856,-0.00020573475941034757
166600,0.02738301455974579,0.06900127353146672,-3.6884367167949677,3.2752752e-07,0.0,0.04160332679748535,-0.00015928858439195892
166800,0.010517205111682415,0.02168013125192374,-3.688461011648178,1.7940998e-07,0.0,0.05394947528839111,-9.474104709115139e-05
167000,0.0040305438451468945,0.02168855918571353,-3.6884249627590178,3.8176773e-07,0.0,0.10735446214675903,-0.0001796168233572537
167200,0.008065203204751015,0.017051025317050515,-3.6884581983089446,3.257394e-07,0.0,0.14796501398086548,-0.00015030069618591214
167400,0.009584726765751839,0.024033786193467677,-3.6884506821632383,4.4494868e-07,0.0,0.12655937671661377,-0.0002320309510027929
167600,0.0030459410045295954,0.011265482718590647,-3.6884248733520506,3.680587e-07,0.0,0.10701864957809448,-0.00016823530113174723
167800,0.01525102462619543,0.03433261583559215,-3.688422071933746,1.7791986e-07,0.0,0.05535733699798584,-0.00011849243930190933
168000,0.02827341854572296,0.04763522143475711,-3.68843811750412,3.376603e-07,0.0,0.04224163293838501,-0.0001777884363230009
168200,0.004168751649558544,0.008792624267516657,-3.6884245038032533,5.030632e-07,0.0,0.056028783321380615,-0.00018675957714230917
168400,0.020729828625917435,0.038762923493050036,-3.688409960269928,3.501773e-07,0.0,0.09672248363494873,-0.00016754790971480472
168600,0.028338240459561348,0.043077614763751625,-3.688419783115387,1.8030404e-07,0.0,0.04073840379714966,-0.00010398840925587293
168800,0.018025508150458336,0.061659193970263,-3.6884085834026337,4.3511392e-07,0.0,0.1135091781616211,-0.00019611649251096707
169000,0.023256247863173485,0.031790328701026736,-3.688422054052353,3.4958126e-07,0.0,0.05512034893035889,-0.00015496368752612177
169200,0.015009450726211071,0.048176539270207284,-3.6884493231773376,2.774596e-07,0.0,0.06103032827377319,-0.00013938193830451696
169400,0.024487264454364777,0.04756094920448959,-3.68844353556633,2.4557113e-07,0.0,0.07857519388198853,-0.00013423711129032512
169600,0.002762814285233617,0.007254204829223454,-3.6884436428546907,3.528595e-07,0.0,0.13619500398635864,-0.00018693821353503725
169800,0.003967802040278912,0.017925707879476248,-3.6884444117546082,2.8431418e-07,0.0,0.026777148246765137,-0.00014711977606777227
170000,0.010041235946118832,0.03024877067655325,-3.6884390830993654,5.415082e-07,0.0,0.04650002717971802,-0.00023939515357112028
170200,0.003726598108187318,0.009060542657971382,-3.688431465625763,2.7745963e-07,0.0,0.08006757497787476,-0.00015293584817281934
170400,0.05719108507037163,0.07743234746158123,-3.6884426891803743,3.5822393e-07,0.0,0.08606737852096558,-0.00019265395442320533
170600,0.0013756479602307081,0.005355796456569806,-3.688419681787491,2.6077032e-07,0.0,0.27376335859298706,-0.00011018925797543489
170800,0.011756988242268562,0.038126469543203714,-3.6884288132190703,3.9547683e-07,0.0,0.15835881233215332,-0.00018876443734268112
171000,0.0386916920542717,0.07301042079925538,-3.688431566953659,2.9504298e-07,0.0,0.059684932231903076,-0.00013735341884236752
171200,0.008849210105836391,0.01660066896583885,-3.688416141271591,3.0815602e-07,0.0,0.2190607786178589,-0.0001699079712787821
171400,0.011097799986600876,0.05416418677195907,-3.6884268701076506,2.8699637e-07,0.0,0.07711648941040039,-0.0001430082021536272
171600,0.012631631456315517,0.023478950280696152,-3.6884051859378815,3.9219856e-07,0.0,0.1014941930770874,-0.0002140449900880359
171800,0.05438327044248581,0.11156432088464499,-3.6884148120880127,3.0696393e-07,0.0,0.09997546672821045,-0.00016595570685007388
172000,0.01592458039522171,0.03223761436529458,-3.688410443067551,3.4213068e-07,0.0,0.16688519716262817,-0.00018823932117941755
172200,0.02836601994931698,0.04334894544444978,-3.6883973240852357,2.9444695e-07,0.0,0.07732528448104858,-0.000127908997366033
172400,0.005424864124506712,0.012158972234465182,-3.688420498371124,3.606081e-07,0.0,0.19875770807266235,-0.0001602613469598335
172600,0.011525032110512257,0.031173897604458035,-3.6883803486824034,3.942847e-07,0.0,0.10596448183059692,-0.0001610987041613665
172800,0.008523496799170971,0.01573588082101196,-3.6883903622627257,6.097555e-07,0.0,0.12391674518585205,-0.00025359121267478637
173000,0.018460184335708618,0.03880569981411099,-3.6883721113204957,5.635619e-07,0.0,0.0290834903717041,-0.00023287755231262696
173200,0.01754145510494709,0.043281361414119604,-3.6883973300457003,4.8846005e-07,0.0,0.03861427307128906,-0.0002023701436999037
173400,0.0032435429748147726,0.007975991745479406,-3.688403141498566,2.798438e-07,0.0,0.12239766120910645,-0.0001507216998411387
173600,0.011788617819547653,0.04996920125558972,-3.6883947968482973,2.9951332e-07,0.0,0.08543276786804199,-0.00014620126815424462
173800,0.004922374617308378,0.018523901770822703,-3.6883854925632478,3.1322242e-07,0.0,0.12905359268188477,-0.00016249944299384644
174000,0.013275000266730785,0.03751545241102576,-3.688404452800751,3.6269427e-07,0.0,0.1552463173866272,-0.00016614511695454138
174200,0.01704377494752407,0.035510534141212705,-3.6883813440799713,2.7656557e-07,0.0,0.1568261981010437,-0.0001480195814898444
174400,0.020542293787002563,0.06660507200285792,-3.688393825292587,4.476309e-07,0.0,0.004750669002532959,-0.00018936726967262453
174600,0.014867897145450115,0.02890853681601584,-3.6884048163890837,3.9845708e-07,0.0,0.06484580039978027,-0.00019231055631623305
174800,0.01312999613583088,0.024338587699458004,-3.6883735358715057,4.774332e-07,0.0,0.03463947772979736,-0.00019405977411315333
175000,0.013776940293610096,0.032204126263968645,-3.6884057939052584,3.0636787e-07,0.0,-0.0496065616607666,-0.0001602735356952767
175200,0.01612894982099533,0.03723529283888638,-3.688383865356445,2.9683113e-07,0.0,0.1689906120300293,-0.000154958962066587
175400,0.03324168547987938,0.06748276455327869,-3.6884351670742035,2.8252603e-07,0.0,0.1294456124305725,-0.00014736089098641437
175600,0.02255871891975403,0.027340506110340355,-3.6884081959724426,3.5524366e-07,0.0,0.044062018394470215,-0.00017457716923332533
175800,0.0060035777278244495,0.01150569908786565,-3.688403993844986,2.7894976e-07,0.0,0.006389260292053223,-0.00015871854220765868
176000,0.0318068265914917,0.046203304058872165,-3.6883908867836,2.6285647e-07,0.0,0.14577651023864746,-0.0001316265914033554
176200,0.004414319060742855,0.012805864680558443,-3.688403922319412,2.9742716e-07,0.0,0.07525670528411865,-0.00015298062643998023
176400,0.003665454685688019,0.00970513696083799,-3.68841866850853,3.4451483e-07,0.0,0.017549514770507812,-0.0001788848480625882
176600,0.030392903834581375,0.058199202502146365,-3.6883875906467436,5.483627e-07,0.0,0.07506495714187622,-0.00023234778471397098
176800,0.022249888628721237,0.04217202733270824,-3.6884049654006956,5.2332877e-07,0.0,0.14661264419555664,-0.00023083621166528623
177000,0.003318988485261798,0.012184691126458346,-3.688402551412582,3.5464763e-07,0.0,0.043026506900787354,-0.00016037672837274642
177200,0.025230495259165764,0.052714679623022676,-3.6883810579776766,3.4928323e-07,0.0,-0.04499077796936035,-0.00017871794122106265
177400,0.006186776794493198,0.011454043979756533,-3.688413107395172,4.1693448e-07,0.0,0.24921327829360962,-0.0001813821143598293
177600,0.022355355322360992,0.04451745604164899,-3.6883833050727843,3.3557416e-07,0.0,0.15576320886611938,-0.00015888808629593854
177800,0.00940863136202097,0.01887070732191205,-3.6884151220321657,2.8938055e-07,0.0,0.25924503803253174,-0.00012887163459998074
178000,0.0055171954445540905,0.014415959094185382,-3.6884133160114287,3.963709e-07,0.0,0.0028696656227111816,-0.00016862802112609375
178200,0.011106605641543865,0.03191554364748299,-3.688434845209122,2.554059e-07,0.0,0.1259779930114746,-0.0001413990394214526
178400,0.022765647619962692,0.043150415271520616,-3.6884248554706573,5.5372715e-07,0.0,0.15477019548416138,-0.0002184799893825584
178600,0.008522064425051212,0.02400495922192931,-3.688388478755951,5.5283306e-07,0.0,0.06993073225021362,-0.00023216743657303863
178800,0.024781597778201103,0.03747684005647898,-3.6884072542190554,3.093481e-07,0.0,0.10075849294662476,-0.0001597883319850446
179000,0.015361536294221878,0.04570329473353922,-3.6884090840816497,3.8862228e-07,0.0,0.11955016851425171,-0.00015927123289452005
179200,0.005895189009606838,0.014418923738412559,-3.688419646024704,5.111098e-07,0.0,0.12053000926971436,-0.00020537609729552874
179400,0.00387906888499856,0.007102188823046163,-3.6884234666824343,5.3286556e-07,0.0,0.19295161962509155,-0.00020744576469323707
179600,0.019311418756842613,0.03878657892346382,-3.688422405719757,3.7610533e-07,0.0,0.016918957233428955,-0.00017778743891431193
179800,0.0009953544940799475,0.006160660652676597,-3.688436836004257,2.7298927e-07,0.0,0.1986052393913269,-0.0001368005157119656
180000,0.0061346120201051235,0.019641871727071703,-3.688430440425873,1.8030406e-07,0.0,0.18221455812454224,-9.573387414389956e-05
180200,0.027447829023003578,0.076393021363765,-3.688407224416733,4.1306018e-07,0.0,0.05994206666946411,-0.00018593233072237148
180400,0.08332483470439911,0.11802243590354919,-3.6884130239486694,2.631545e-07,0.0,-0.017470836639404297,-0.00012001995051469372
180600,0.0385008230805397,0.06571029433980584,-3.6884298264980315,3.799796e-07,0.0,0.10587954521179199,-0.00019790354175703851
180800,0.0032956013455986977,0.01350001780083403,-3.688403695821762,4.157424e-07,0.0,0.04436105489730835,-0.0001857584875097018
181000,0.01155652292072773,0.040872308099642395,-3.6884110629558564,2.884865e-07,0.0,-0.0733414888381958,-0.00014998772823073824
181200,0.005769191309809685,0.016585159115493298,-3.688422071933746,4.437566e-07,0.0,0.27998262643814087,-0.0002139295203349434
181400,0.025619564577937126,0.04074688097462058,-3.688410609960556,2.3216009e-07,0.0,0.164273202419281,-0.00011866270053815243
181600,0.02373560331761837,0.05450176955200732,-3.688430297374725,2.7030705e-07,0.0,0.16825824975967407,-0.00015433772012579672
181800,0.011378339491784573,0.020203504664823412,-3.6884253919124603,3.8832428e-07,0.0,-0.012872815132141113,-0.00019996961820243354
182000,0.02321959100663662,0.056356440205127,-3.6884153544902802,3.7312506e-07,0.0,0.1485668420791626,-0.0001686169802928794
182200,0.02329740859568119,0.05311109209433198,-3.688422131538391,2.4706125e-07,0.0,0.09104520082473755,-0.0001543884724354183
182400,0.013067175634205341,0.022975956019945443,-3.688445121049881,3.668666e-07,0.0,0.20635735988616943,-0.0001720139165855672
182600,0.02238183468580246,0.03584554884582758,-3.688442075252533,2.3722649e-07,0.0,0.09108865261077881,-0.00012417233731865096
182800,0.006914783734828234,0.016013506334275007,-3.688441586494446,3.7670137e-07,0.0,0.2714039087295532,-0.00018067085628377112
183000,0.02229311875998974,0.03899828065186739,-3.688424599170685,3.7401912e-07,0.0,0.19216501712799072,-0.00017009588369140127
183200,0.006868547294288874,0.016313769528642295,-3.6884094774723053,3.027916e-07,0.0,-0.08332443237304688,-0.00015427491662665105
183400,0.02162298932671547,0.05228682495653629,-3.688422816991806,3.120303e-07,0.0,0.01401662826538086,-0.00015720893333956987
183600,0.02110726200044155,0.04897893243469298,-3.6884123265743254,3.093481e-07,0.0,0.028044581413269043,-0.00016186755945994945
183800,0.02090628445148468,0.031691003730520605,-3.6883962392807006,3.218651e-07,0.0,-0.05416262149810791,-0.00014807791311863828
184000,0.006039469037204981,0.015242535446304828,-3.688429427146912,3.0517577e-07,0.0,0.23336005210876465,-0.0001627950080605789
184200,0.008243671618402004,0.0464275412959978,-3.6884304344654084,4.4614075e-07,0.0,0.03609377145767212,-0.0002069730234186329
184400,0.01489797793328762,0.02318716000299901,-3.6884033262729643,3.5613775e-07,0.0,0.15762299299240112,-0.00015854927833918174
184600,0.003290478140115738,0.006966808729339391,-3.688402330875397,2.2143126e-07,0.0,-0.31785285472869873,-0.00012805698835473555
184800,0.006033326033502817,0.012779923540074378,-3.6883999824523928,3.4660104e-07,0.0,0.12758022546768188,-0.00018816900182070385
185000,0.018915191292762756,0.03338381415233016,-3.6884075522422792,5.340576e-07,0.0,0.010785520076751709,-0.00021800453108238304
185200,0.009051046334207058,0.016993143572472037,-3.6884214341640473,2.974272e-07,0.0,0.11000508069992065,-0.00014960604994769257
185400,0.005253254901617765,0.012179809645749629,-3.6884181797504425,3.4749507e-07,0.0,-0.05930745601654053,-0.00019130567936191943
185600,0.018980994820594788,0.03541832072660327,-3.6883984804153442,4.154444e-07,0.0,0.1747204065322876,-0.000190175801108583
185800,0.06333672255277634,0.05863587027415633,-3.6884135603904724,2.2411346e-07,0.0,0.10983848571777344,-0.00012797362460179596
186000,0.010557396337389946,0.014948564069345593,-3.6884034156799315,3.901124e-07,0.0,-0.025883197784423828,-0.00016514295395233524
186200,0.0103636858984828,0.018166390515398236,-3.6884349942207337,2.449751e-07,0.0,0.08722150325775146,-0.00013162527975771888
186400,0.0030355295166373253,0.008633693476440385,-3.6884139239788056,3.3050776e-07,0.0,0.17431527376174927,-0.0001462990517790086
186600,0.008494849316775799,0.025176129373721778,-3.6884108543395997,3.656745e-07,0.0,0.16221511363983154,-0.0001706567259581071
186800,0.005792202893644571,0.016234799358062445,-3.688401257991791,4.4286247e-07,0.0,0.20376801490783691,-0.00019582017207289137
187000,0.005868889391422272,0.014413405756931752,-3.688369649648666,5.2928925e-07,0.0,0.07863456010818481,-0.00021211504976270668
187200,0.009499925188720226,0.018336296058259906,-3.688425970077515,4.3869017e-07,0.0,0.11895287036895752,-0.00019591511576253496
187400,0.02459840290248394,0.06681894790381193,-3.688427948951721,3.0338765e-07,0.0,0.15043598413467407,-0.00016940095957056477
187600,0.00838873814791441,0.015570454997941852,-3.6884088218212128,2.5779008e-07,0.0,0.1457168459892273,-0.00013155463281271372
187800,0.011841056868433952,0.026247380790300666,-3.6884338438510893,3.9845705e-07,0.0,0.07387995719909668,-0.00019822990210420776
188000,0.010127919726073742,0.01998681644909084,-3.688439255952835,2.8699637e-07,0.0,0.018232107162475586,-0.00014087320757121268
188200,0.01411687582731247,0.04779729573056102,-3.6884247303009032,3.182888e-07,0.0,0.10776597261428833,-0.00015592135443671663
188400,0.007541472092270851,0.017720574978739023,-3.6884357750415804,4.529953e-07,0.0,0.28134703636169434,-0.00018688598215135243
188600,0.011376088485121727,0.021215712674893437,-3.6884390294551848,3.8534404e-07,0.0,0.05139285326004028,-0.0001780931103814165
188800,0.01469259150326252,0.027176808658987285,-3.6884423971176146,2.774596e-07,0.0,0.06617116928100586,-0.00013660789950773467
189000,0.029340818524360657,0.05506718251854181,-3.6884660720825195,2.8073788e-07,0.0,0.14556080102920532,-0.00013166834361174606
189200,0.0030421442352235317,0.0059325987182091925,-3.6884495496749876,2.4229288e-07,0.0,0.1282731294631958,-0.00013720186170181335
189400,0.028878046199679375,0.06357676214538514,-3.688402009010315,4.5508145e-07,0.0,0.11869257688522339,-0.0002010312933369951
189600,0.018571361899375916,0.0469082907307893,-3.68842099905014,3.3289194e-07,0.0,0.024436593055725098,-0.0001671302325713775
189800,0.03171312436461449,0.05564323626458645,-3.6884234726428984,3.33488e-07,0.0,0.09693914651870728,-0.00017143769578780165
190000,0.013292037881910801,0.043914654501713814,-3.688421148061752,1.6480683e-07,0.0,0.18519890308380127,-9.836189477141488e-05
190200,0.00257449084892869,0.006727813393808901,-3.688402456045151,3.8653613e-07,0.0,0.26882535219192505,-0.0001808654784196062
190400,0.003937927540391684,0.009732056700158864,-3.688395619392395,3.182888e-07,0.0,0.16727179288864136,-0.00016075903534934488
190600,0.003344365395605564,0.0075459669926203786,-3.6884162962436675,4.3183564e-07,0.0,0.0012770891189575195,-0.00016787975225304174
190800,0.0061086867935955524,0.018688961560837925,-3.6884079813957213,2.512336e-07,0.0,0.25554513931274414,-0.00012224832714595734
191000,0.013545098714530468,0.035766339604742826,-3.688402932882309,2.360344e-07,0.0,-0.0850602388381958,-0.000131035714729133
191200,0.023271944373846054,0.034914325131103395,-3.688418358564377,2.8043985e-07,0.0,0.14843106269836426,-0.00014166372270014717
191400,0.0029895948246121407,0.009249787137378007,-3.6883916914463044,2.8550625e-07,0.0,-0.13987219333648682,-0.0001527138275758011
191600,0.0062606679275631905,0.012418909033294767,-3.6884224236011507,2.0772217e-07,0.0,0.1065552830696106,-0.0001228890563959695
191800,0.018481744453310966,0.04203653959557414,-3.6884026885032655,2.7477742e-07,0.0,-0.02328670024871826,-0.00013836289950859283
192000,0.013300025835633278,0.028880899725481867,-3.6884076833724975,4.938245e-07,0.0,0.0757562518119812,-0.00021509908130687983
192200,0.009151718579232693,0.025090170511975884,-3.6884104728698732,3.042817e-07,0.0,0.20168596506118774,-0.00013831247400968304
192400,0.011066478677093983,0.02835228100884706,-3.688379007577896,4.6819451e-07,0.0,0.08924955129623413,-0.0001960403763000773
192600,0.003990607336163521,0.007765705871861428,-3.6884240984916685,2.6643275e-07,0.0,0.31665468215942383,-0.0001442869600722374
192800,0.004902727901935577,0.013006096996832639,-3.688379782438278,2.6613475e-07,0.0,0.2390875220298767,-0.00013196218079705168
193000,0.008972752839326859,0.023686827486380936,-3.6884282171726226,3.233552e-07,0.0,-0.13120436668395996,-0.00016425282493901517
193200,0.005369677674025297,0.0178997409529984,-3.688393270969391,3.72231e-07,0.0,0.20183926820755005,-0.00018230822378905164
193400,0.02122846059501171,0.04517804870847612,-3.688406640291214,2.3454427e-07,0.0,-0.01933443546295166,-0.00014853820170037668
193600,0.055495236068964005,0.1003049412742257,-3.6883978664875032,2.4586916e-07,0.0,0.08005058765411377,-0.00013306961968135856
193800,0.02151397615671158,0.041941948980093,-3.6884120523929598,2.7894976e-07,0.0,0.09263217449188232,-0.00012035668013072875
194000,0.03510671108961105,0.06535439933650196,-3.6884323954582214,3.4958126e-07,0.0,0.12193912267684937,-0.00017831092556805928
194200,0.002960877027362585,0.008737678965553641,-3.6884171783924105,3.388524e-07,0.0,0.06724417209625244,-0.00016583844987110296
194400,0.03989309072494507,0.06707246787846088,-3.688435012102127,3.325939e-07,0.0,0.06500476598739624,-0.0001681798327534345
194600,0.023313773795962334,0.03159045316278934,-3.688420420885086,2.3841858e-07,0.0,0.17220133543014526,-0.00014021505521157884
194800,0.02028742991387844,0.027923201303929092,-3.688407278060913,2.7060509e-07,0.0,-0.0021152496337890625,-0.00014388346604278236
195000,0.004022836219519377,0.01487623869907111,-3.6884084224700926,3.5375356e-07,0.0,0.16674840450286865,-0.00014446142267643403
195200,0.006023021414875984,0.015036883810535074,-3.6883957982063293,3.7699937e-07,0.0,0.01896601915359497,-0.00017779353293394528
195400,0.005432578735053539,0.015238985349424184,-3.688425236940384,2.7030705e-07,0.0,0.22440814971923828,-0.0001543471492053694
195600,0.011563495732843876,0.019277294119819998,-3.6884158849716187,3.4213065e-07,0.0,-0.08079338073730469,-0.00016647452080231773
195800,0.0071670180186629295,0.014240453066304327,-3.6884024024009703,3.015995e-07,0.0,0.23450994491577148,-0.00016145184616368492
196000,0.005339120514690876,0.015285647695418448,-3.6884114921092985,8.833408e-07,0.0,0.21712905168533325,-0.0003150871527250354
196200,0.027592144906520844,0.047476967610418794,-3.6884279251098633,3.1888484e-07,0.0,0.13202697038650513,-0.00014566907752509018
196400,0.017568623647093773,0.04769227588549256,-3.688436871767044,3.769994e-07,0.0,0.043009161949157715,-0.00019610713428193095
196600,0.027624182403087616,0.053289378574118015,-3.6884316861629487,3.218651e-07,0.0,0.15322250127792358,-0.00016630659984210317
196800,0.016843251883983612,0.03503202078863978,-3.688448762893677,3.144145e-07,0.0,0.10237294435501099,-0.00014903262198373568
197000,0.01392995472997427,0.03523897649720311,-3.688432145118713,2.616644e-07,0.0,0.17816269397735596,-0.00013143055288913352
197200,0.00414735171943903,0.013450372242368757,-3.688433772325516,3.1918287e-07,0.0,-0.09396851062774658,-0.00017313652542703118
197400,0.005939205177128315,0.02019959611352533,-3.6884037494659423,2.9414892e-07,0.0,0.1955586075782776,-0.00014159494659329308
197600,0.008434711024165154,0.021684813767205924,-3.6884130418300627,3.144145e-07,0.0,-0.035681724548339844,-0.0001678931481872148
197800,0.0050550238229334354,0.014144505839794874,-3.68842294216156,2.270937e-07,0.0,0.03307628631591797,-0.000132184513195166
198000,0.005502975545823574,0.014256941305939108,-3.688380038738251,4.118681e-07,0.0,0.135553240776062,-0.00021530406935048595
198200,0.01002990361303091,0.01145961097208783,-3.6884225487709044,2.6464463e-07,0.0,0.18984007835388184,-0.0001417363290677265
198400,0.024969786405563354,0.036271049082279204,-3.6883834898471832,3.6954881e-07,0.0,-0.06555986404418945,-0.00014620798745406115
198600,0.02006329409778118,0.03378482495900244,-3.688419741392136,1.7017126e-07,0.0,0.09460991621017456,-9.62937772523098e-05
198800,0.01139421109110117,0.023360776226036252,-3.6884382903575896,2.425909e-07,0.0,0.22446030378341675,-0.00013729660101517992
199000,0.006282030139118433,0.013143331138417124,-3.688418823480606,1.5199184e-07,0.0,0.23646330833435059,-8.103129296848089e-05
199200,0.010299835354089737,0.019024603650905192,-3.688431519269943,3.477931e-07,0.0,0.03752237558364868,-0.00016698575847442498
199400,0.015375279821455479,0.02901768679730594,-3.6884133875370027,4.348159e-07,0.0,0.25804775953292847,-0.0001967330272338863
199600,0.02441735751926899,0.03641548724845052,-3.6884178936481478,3.2216312e-07,0.0,0.05149418115615845,-0.0001495310819783824
199800,0.006273607723414898,0.010274591471534223,-3.688413494825363,4.9889087e-07,0.0,0.0786970853805542,-0.00022086691184357575
200000,0.013315383344888687,0.027413540263660253,-3.6884307742118834,2.8312206e-07,0.0,0.22769951820373535,-0.00014966887956060492
