timestep,loss,value_loss,entropy_loss,approx_kl,clip_fraction,explained_variance,policy_gradient_loss
200,,,,,,,
400,0.04742316156625748,0.11713998578488827,-3.688877046108246,1.2642704e-07,0.0,-4.164238452911377,-0.00012729292502626776
600,0.03217605501413345,0.10446923105046153,-3.688875788450241,1.6367994e-07,0.0,-3.5624117851257324,-0.0001404118724167347
800,0.02096044272184372,0.10203059278428554,-3.688875049352646,3.0803494e-07,0.0,-3.324615478515625,-0.0001710061449557543
1000,0.057925790548324585,0.10250563081353903,-3.688874989748001,2.6565976e-07,0.0,-4.510525226593018,-0.00015223584487102925
1200,0.03930127993226051,0.09930304307490587,-3.688874864578247,3.6600977e-07,0.0,-3.6706600189208984,-0.00018792928894981742
1400,0.05898585915565491,0.09644237738102675,-3.688874214887619,3.1501986e-07,0.0,-5.206994533538818,-0.00018105010967701675
1600,0.07078855484724045,0.0915634760633111,-3.688873898983002,2.15834e-07,0.0,-8.042608261108398,-0.00013604374835267662
1800,0.07375708222389221,0.09324739072471858,-3.6888738572597504,2.9802322e-07,0.0,-4.63278865814209,-0.00013636883813887833
2000,0.028007756918668747,0.08634994570165873,-3.6888741135597227,2.903398e-07,0.0,-3.4891371726989746,-0.00015793092316016555
2200,0.02536529302597046,0.08062707595527172,-3.688874328136444,1.7113052e-07,0.0,-6.396695613861084,-0.00010221353732049465
2400,0.0529942661523819,0.08466035220772028,-3.6888740956783295,2.4354085e-07,0.0,-4.211010932922363,-0.00013880066107958556
2600,0.05309667810797691,0.07728681098669768,-3.688873791694641,2.6193447e-07,0.0,-3.5742697715759277,-0.00015880247810855507
2800,0.04309505596756935,0.08220873055979609,-3.688873428106308,2.1187589e-07,0.0,-6.506631851196289,-0.0001510452711954713
3000,0.0532623790204525,0.06907008569687605,-3.6888726115226746,3.0407682e-07,0.0,-2.059556722640991,-0.00017686379142105578
3200,0.03030349873006344,0.06632566917687654,-3.688872665166855,1.466833e-07,0.0,-1.977773666381836,-0.00010219376999884844
3400,0.03729573264718056,0.07608537590131163,-3.6888723850250242,1.7229468e-07,0.0,-4.009059906005859,-0.00013157124631106852
3600,0.029549572616815567,0.06399240521714092,-3.688872587680817,2.3213215e-07,0.0,-3.199802875518799,-0.00014370863791555167
3800,0.026452641934156418,0.07072797054424881,-3.688872140645981,2.1862797e-07,0.0,-7.384101867675781,-0.00012219607597216964
4000,0.019259808585047722,0.0574761601164937,-3.6888717234134676,3.1548552e-07,0.0,-5.9151153564453125,-0.00016322876326739787
4200,0.02716246247291565,0.05884274365380406,-3.688871419429779,3.9860606e-07,0.0,-3.7114338874816895,-0.00020505067659541963
4400,0.05030374974012375,0.06339125549420714,-3.688870483636856,2.339948e-07,0.0,-7.8639373779296875,-0.00013568908907473086
4600,0.03893199563026428,0.055078201182186606,-3.6888707339763642,1.7392449e-07,0.0,-4.827373504638672,-0.00011382102966308593
4800,0.03343067318201065,0.05204526465386152,-3.688870704174042,1.0873191e-07,0.0,-3.2980284690856934,-6.89089298248291e-05
5000,0.03166527301073074,0.05872191032394767,-3.6888705790042877,1.4621764e-07,0.0,-6.2974090576171875,-0.00010639580432325602
5200,0.03338088095188141,0.048263240186497566,-3.6888697743415833,2.5704503e-07,0.0,-3.7071118354797363,-0.00012634503655135633
5400,0.01880854368209839,0.04814441800117493,-3.688869535923004,3.1734817e-07,0.0,-5.920856952667236,-0.00017041645478457212
5600,0.02916065976023674,0.045137366745620966,-3.6888693392276766,2.2538006e-07,0.0,-5.708077430725098,-0.00013906979002058505
5800,0.01878451183438301,0.0446293889079243,-3.6888693988323213,1.2177043e-07,0.0,-4.6261887550354,-8.6311181075871e-05
6000,0.02365386113524437,0.03560344367288053,-3.6888687133789064,3.031455e-07,0.0,-2.3354251384735107,-0.00015482926391996443
6200,0.019139667972922325,0.038139359746128323,-3.6888686537742617,2.9383227e-07,0.0,-9.719149589538574,-0.0001606269390322268
6400,0.027633193880319595,0.03788327449001372,-3.6888679683208467,2.7753413e-07,0.0,-7.2846221923828125,-0.0001608263119123876
6600,0.02054498717188835,0.034126314660534264,-3.6888673901557922,2.0675361e-07,0.0,-2.756134510040283,-0.00011733612045645714
6800,0.008665468543767929,0.03506860844790936,-3.6888677358627318,1.7113052e-07,0.0,-3.088226795196533,-0.00011823324020951987
7000,0.020741695538163185,0.031748083187267184,-3.688868683576584,9.5693395e-08,0.0,-3.7096920013427734,-9.110136888921261e-05
7200,0.012850593775510788,0.035022340109571816,-3.6888685166835784,1.359731e-07,0.0,-6.39663553237915,-9.17490804567933e-05
7400,0.020822269842028618,0.03207129603251815,-3.688868284225464,1.823064e-07,0.0,-6.162283897399902,-0.00012864670716226101
7600,0.015842420980334282,0.03187296474352479,-3.6888664960861206,3.296882e-07,0.0,-6.655304431915283,-0.0001742830267176032
7800,0.018313918262720108,0.027337406296283007,-3.688865542411804,1.6693957e-07,0.0,-2.8754522800445557,-0.0001112358680984471
8000,0.008641107939183712,0.0241922753630206,-3.6888662338256837,2.5797635e-07,0.0,-2.934166669845581,-0.00014971334021538497
8200,0.008471531793475151,0.025419750716537237,-3.6888654470443725,3.9767474e-07,0.0,-3.9560060501098633,-0.00021778595983050763
8400,0.01203279010951519,0.026926875254139303,-3.6888659060001374,2.9685907e-07,0.0,-4.96318244934082,-0.00016786085907369853
8600,0.008270742371678352,0.021063062245957553,-3.688865101337433,2.6309863e-07,0.0,-6.641242504119873,-0.0001685868832282722
8800,0.005491337738931179,0.020630603213794528,-3.6888644099235535,1.9045547e-07,0.0,-3.392794609069824,-0.00010602235561236739
9000,0.011122001335024834,0.02385042984969914,-3.68886479139328,2.104789e-07,0.0,-7.044984817504883,-0.00012972748372703792
9200,0.007436355110257864,0.0204237638739869,-3.68886598944664,3.3550896e-07,0.0,-4.270593166351318,-0.00014448805013671516
9400,0.010180365294218063,0.01926629301160574,-3.6888658583164213,2.2165477e-07,0.0,-11.279119491577148,-0.00013082674704492092
9600,0.009261669591069221,0.01706317407079041,-3.6888655483722688,3.5599805e-07,0.0,-6.088138103485107,-0.00020058087538927795
9800,0.00709783099591732,0.020012686401605605,-3.6888655960559844,2.6728958e-07,0.0,-6.580597400665283,-0.00015141628682613373
10000,0.004211417865008116,0.01700385920703411,-3.6888657331466677,2.2468157e-07,0.0,-3.3117423057556152,-0.00016273295041173695
10200,0.005137830972671509,0.014950815355405211,-3.6888661682605743,3.2735988e-07,0.0,-6.90558385848999,-0.00016266570892184973
10400,0.0058353436179459095,0.014237227605190129,-3.688865005970001,2.3189932e-07,0.0,-6.316750526428223,-0.00011825325200334191
10600,0.01085489708930254,0.012523370829876512,-3.6888635754585266,1.4249235e-07,0.0,-2.307831287384033,-0.00010282886796630919
10800,0.008522707037627697,0.013409245410002768,-3.6888638377189635,2.7450733e-07,0.0,-4.992062568664551,-0.00016982713714241982
11000,0.00697170477360487,0.013083849800750613,-3.6888636350631714,2.5867485e-07,0.0,-4.8443779945373535,-0.00017540724365971982
11200,0.005410046316683292,0.01182022577850148,-3.6888631165027617,6.1816536e-07,0.0,-4.443753719329834,-0.0002555000450229272
11400,0.005663419608026743,0.01143240473465994,-3.6888626158237456,2.051238e-07,0.0,-4.1288838386535645,-0.00013131977175362408
11600,0.0047588166780769825,0.011503643728792668,-3.688860684633255,2.9453076e-07,0.0,-2.85976243019104,-0.00016600291710346937
11800,0.004281030036509037,0.01114777303300798,-3.6888592422008513,3.7578866e-07,0.0,-5.939472675323486,-0.00017157087568193675
12000,0.006169359665364027,0.010430809564422817,-3.688859832286835,2.5820918e-07,0.0,-4.65100622177124,-0.00017503625713288784
12200,0.007309399079531431,0.00978594133630395,-3.6888571441173554,2.0186417e-07,0.0,-8.703763008117676,-0.00014597018016502262
12400,0.0023342217318713665,0.00811416374053806,-3.688855749368668,2.4586916e-07,0.0,-4.592310428619385,-0.00013759040739387275
12600,0.004941010382026434,0.008820955955889076,-3.6888569951057435,4.1350722e-07,0.0,-8.050091743469238,-0.00013687685132026672
12800,0.0036716219037771225,0.007926126581151039,-3.6888543605804442,1.678709e-07,0.0,-5.021984577178955,-0.00011777530889958143
13000,0.002786061493679881,0.007525235210778192,-3.6888558864593506,2.8219074e-07,0.0,-5.130012512207031,-0.00017239570152014494
13200,0.0027030417695641518,0.006185368390288204,-3.688855320215225,2.0163134e-07,0.0,-4.084662437438965,-0.00010710560018196702
13400,0.004611285403370857,0.007091258116997778,-3.688854068517685,1.6670674e-07,0.0,-8.182352066040039,-0.00012708127032965422
13600,0.0016961967339739203,0.0062650075706187636,-3.688853347301483,1.6158447e-07,0.0,-6.530747890472412,-8.858422515913844e-05
13800,0.0012343190610408783,0.0048039698624052106,-3.688854879140854,4.4004992e-07,0.0,-3.3202338218688965,-0.0001951948623172939
14000,0.0016746018081903458,0.005275744362734258,-3.688850700855255,3.1897798e-07,0.0,-4.025636672973633,-0.0001651755999773741
14200,0.002183029195293784,0.004471434699371457,-3.688851755857468,1.8323772e-07,0.0,-4.338037014007568,-0.00011499231914058328
14400,0.0015764726558700204,0.00439445938100107,-3.68885081410408,1.7299317e-07,0.0,-3.4702510833740234,-0.00012082147877663374
14600,0.0017382930964231491,0.0046741419180762024,-3.688850450515747,1.9650906e-07,0.0,-9.272961616516113,-0.000111917476169765
14800,0.0017258659936487675,0.004141339042689651,-3.6888497471809387,2.4633482e-07,0.0,-5.822116851806641,-0.00015060340519994496
15000,0.0011621902231127024,0.0035928330849856137,-3.688850998878479,2.0372681e-07,0.0,-4.118044376373291,-0.0001119130291044712
15200,0.0019926114473491907,0.003164719624328427,-3.6888515174388887,2.044253e-07,0.0,-4.332607746124268,-0.00012957158032804726
15400,0.0007522404775954783,0.003026747316471301,-3.688850927352905,2.759043e-07,0.0,-3.75443172454834,-0.00018077010754495858
15600,0.0016482495702803135,0.0033181466278620064,-3.6888522505760193,2.02097e-07,0.0,-6.987072944641113,-0.00010263770818710327
15800,0.0008983247680589557,0.002464457243331708,-3.6888505935668947,4.0512532e-07,0.0,-6.151256561279297,-0.00014277735026553274
16000,0.0005561613943427801,0.0023844493669457735,-3.6888515532016752,2.2212043e-07,0.0,-3.951063632965088,-0.0001107650576159358
16200,0.0008107444737106562,0.0020203461026540026,-3.6888518571853637,1.58092e-07,0.0,-3.941645622253418,-0.00010789933148771524
16400,0.00044611835619434714,0.001842542304075323,-3.688853371143341,2.544839e-07,0.0,-7.431679725646973,-0.00013287959154695272
16600,0.0007226798334158957,0.0018520723038818686,-3.6888482928276063,2.2677705e-07,0.0,-2.3217501640319824,-0.00012882612645626068
16800,9.187974501401186e-05,0.0015808743366505951,-3.688849514722824,2.977904e-07,0.0,-2.291163682937622,-0.0001463078078813851
17000,0.00018455623649060726,0.001474612452147994,-3.6888489007949827,1.6065314e-07,0.0,-5.740715026855469,-0.00012155428994446993
17200,0.0005575743271037936,0.0013873684860300274,-3.6888517796993257,2.5797635e-07,0.0,-6.23106050491333,-0.00016392574179917573
17400,0.0002697205636650324,0.001363375892105978,-3.6888513565063477,2.0093285e-07,0.0,-2.4582083225250244,-0.0001282647717744112
17600,0.0008608807111158967,0.0012660091830184682,-3.688850152492523,1.2712553e-07,0.0,-3.985158920288086,-9.105335338972509e-05
17800,-4.478980554267764e-05,0.0010494023154024035,-3.6888500809669496,4.300382e-07,0.0,-5.399287700653076,-0.00017965882434509695
18000,1.369306119158864e-05,0.0010391072995844298,-3.688849759101868,2.605375e-07,0.0,-3.9561667442321777,-0.0001634350512176752
18200,-2.6327237719669938e-05,0.0007970920982188545,-3.6888478696346283,1.9953586e-07,0.0,-2.9126644134521484,-0.00011639604344964028
18400,-0.00023685838095843792,0.0008857882610755041,-3.6888463318347933,3.8044527e-07,0.0,-6.403458118438721,-0.000191502901725471
18600,0.00019900011830031872,0.0007524444401497022,-3.6888488709926603,3.4295954e-07,0.0,-2.4694178104400635,-0.00015772879123687744
18800,-0.00025657957303337753,0.0006544928772200364,-3.6888465881347656,1.4482066e-07,0.0,-8.174339294433594,-0.00010091272415593266
19000,0.0002325746463611722,0.0006504418750409968,-3.688847267627716,1.5716068e-07,0.0,-2.0375773906707764,-0.00010388582013547421
19200,0.00010539627692196518,0.0005563951162912417,-3.688847267627716,1.14087015e-07,0.0,-2.3794634342193604,-8.966830791905523e-05
19400,0.00022861806792207062,0.0004510823811870068,-3.688846433162689,2.46102e-07,0.0,-7.754311561584473,-0.00013143535470589996
19600,-0.00022203451953828335,0.00047198838874464857,-3.688845956325531,3.7858263e-07,0.0,-6.896543025970459,-0.00017624751199036838
19800,0.00017884920816868544,0.0003779633279918926,-3.6888468623161317,2.1792948e-07,0.0,-2.007765769958496,-0.0001212763600051403
20000,-0.000221020367462188,0.00032766674376034645,-3.6888452529907227,1.9115396e-07,0.0,-1.377143144607544,-0.0001220633159391582
20200,0.00010155115160159767,0.00030974802139098755,-3.6888435423374175,1.9324943e-07,0.0,-5.539921283721924,-0.0001289971638470888
20400,-7.534038741141558e-05,0.00029197883122833446,-3.6888434827327727,2.0605512e-07,0.0,-2.242661476135254,-0.00012404839508235456
20600,1.2738426448777318e-05,0.00025340086949654506,-3.6888435959815977,1.2572855e-07,0.0,-3.0445475578308105,-0.00010318467393517494
20800,4.897690087091178e-05,0.0002342130301258294,-3.6888396024703978,2.635643e-07,0.0,-9.279687881469727,-0.00014980058185756206
21000,-0.00021995634597260505,0.00018325304790778318,-3.688841611146927,2.773013e-07,0.0,-2.1718974113464355,-0.0001408894546329975
21200,-0.0004245357995387167,0.00017433796892873943,-3.6888415098190306,2.7380884e-07,0.0,-3.463062286376953,-0.00015562167973257602
21400,-8.874345076037571e-05,0.000148307862218644,-3.688842922449112,2.081506e-07,0.0,-5.659689903259277,-0.00012599410256370903
21600,-0.0003723349655047059,0.0001358456423986354,-3.6888433277606962,1.4714897e-07,0.0,-3.2807183265686035,-0.00010872274287976325
21800,-0.0005357834743335843,0.00016223362126766006,-3.6888395130634306,2.5657937e-07,0.0,-3.659029006958008,-0.0001610140549018979
22000,-0.00012733531184494495,0.00011020697420462965,-3.688839441537857,2.044253e-07,0.0,-1.0029680728912354,-0.0001220935955643654
22200,-0.00013527742703445256,9.806209109228803e-05,-3.6888393700122832,1.8905848e-07,0.0,-2.0429868698120117,-0.0001274040900170803
22400,-0.0001338042493443936,9.00195066606102e-05,-3.6888396620750425,2.2538006e-07,0.0,-0.8826941251754761,-0.00013967277482151985
22600,-0.00031193101312965155,0.00013098323142912704,-3.6888371765613557,1.6670674e-07,0.0,-2.118252754211426,-0.00010368789080530405
22800,-0.0007020612247288227,9.827246076383744e-05,-3.688838869333267,3.3457763e-07,0.0,-0.5842385292053223,-0.00016456719022244214
23000,-0.0006994556752033532,0.00011970020841545193,-3.688839775323868,3.874302e-07,0.0,-0.6345968246459961,-0.00016567897982895375
23200,-0.0006650917348451912,7.325757333092043e-05,-3.688838416337967,3.0221418e-07,0.0,-0.43153703212738037,-0.00013702517608180643
23400,-0.00023363163927569985,7.988946163095534e-05,-3.6888390719890594,1.4109537e-07,0.0,-0.1363009214401245,-0.00010730319190770388
23600,-0.000249429460382089,5.6153345485654424e-05,-3.688838839530945,1.9255094e-07,0.0,-0.5156904458999634,-0.00011889035813510418
23800,-0.0004368848749436438,5.491453925969836e-05,-3.688840240240097,2.568122e-07,0.0,-0.07144558429718018,-0.0001302373013459146
24000,-0.00013233502977527678,3.2165004358830626e-05,-3.6888407588005068,1.8603168e-07,0.0,-1.3707828521728516,-0.00012587410164996982
24200,-2.918940117524471e-05,6.521917139252764e-05,-3.6888401567935944,2.6728958e-07,0.0,-0.22518718242645264,-0.0001493532443419099
24400,-0.00024507433408871293,3.6046742025064304e-05,-3.688840478658676,2.0163134e-07,0.0,-0.1736382246017456,-8.828665595501661e-05
24600,-0.0003614547022152692,4.1626207439549036e-05,-3.688838940858841,3.2759272e-07,0.0,-0.33832406997680664,-0.0002001302200369537
24800,-0.000578109233174473,3.943406277358008e-05,-3.6888380527496336,3.2573007e-07,0.0,-1.1233932971954346,-0.0001751185511238873
25000,-0.00013798553845845163,5.5541746087328646e-05,-3.688837414979935,2.2514723e-07,0.0,-0.2310478687286377,-0.00013656595256179572
25200,-0.0006520310416817665,6.0960638847973314e-05,-3.688837742805481,3.511086e-07,0.0,-0.3136909008026123,-0.0001797424745745957
25400,2.4991062673507258e-05,7.131547217795742e-05,-3.688835841417313,3.3713877e-07,0.0,-0.16434812545776367,-0.00016850122483447194
25600,-0.00031417774152942,3.635818404745805e-05,-3.688834583759308,2.4191104e-07,0.0,-0.34072208404541016,-0.00011579045094549656
25800,-0.00040983810322359204,1.688679500375656e-05,-3.688835382461548,1.9324943e-07,0.0,-0.6305385828018188,-0.0001364375842968002
26000,-2.033141026913654e-05,4.926391216031334e-05,-3.6888349890708922,1.618173e-07,0.0,-0.20123445987701416,-0.00011001148959621787
26200,-8.6955216829665e-05,3.3155539313156623e-05,-3.68883199095726,2.044253e-07,0.0,-0.13563621044158936,-0.0001056991284713149
26400,-0.0002739760384429246,2.9664937801499037e-05,-3.6888324499130247,2.514571e-07,0.0,0.01427382230758667,-0.00013515242608264089
26600,-7.903714140411466e-05,3.2130582098943705e-05,-3.688831466436386,2.0978041e-07,0.0,-0.1438295841217041,-0.0001319253526162356
26800,-0.0003413140366319567,2.5375461086696303e-05,-3.688832235336304,1.6205013e-07,0.0,0.037491559982299805,-0.0001079001696780324
27000,-0.0002966202446259558,3.537023758326541e-05,-3.6888324081897736,3.2992102e-07,0.0,-0.08459103107452393,-0.00017125129234045743
27200,-0.0004966782871633768,3.076214641168917e-05,-3.6888299524784087,2.7031638e-07,0.0,-0.28391993045806885,-0.00016471322160214186
27400,-0.00047075230395421386,3.887809184561774e-05,-3.6888284027576446,3.192108e-07,0.0,-0.12384259700775146,-0.00014141607971396297
27600,8.32454225019319e-06,2.121765767242323e-05,-3.6888283491134644,1.8742867e-07,0.0,-0.24245917797088623,-0.00010063996305689215
27800,-0.00038604141445830464,2.9130613802408335e-05,-3.68882697224617,3.3038668e-07,0.0,0.002319037914276123,-0.00014894083142280579
28000,-0.00010154931806027889,2.4750863042299896e-05,-3.688828670978546,1.5622936e-07,0.0,-0.04513430595397949,-9.390083214384503e-05
28200,-0.0003596360329538584,3.314168654924288e-05,-3.6888284742832185,2.0326115e-07,0.0,-0.024415254592895508,-0.00010848604142665863
28400,-0.00036986602935940027,2.1212789170022008e-05,-3.6888307631015778,2.386514e-07,0.0,-0.026807785034179688,-0.0001374177518300712
28600,-0.0003147709940094501,2.250099839784525e-05,-3.6888314366340635,2.6170164e-07,0.0,-0.12561285495758057,-0.0001543852034956217
28800,-0.0002538494300097227,5.372419518607785e-05,-3.688829720020294,1.5250407e-07,0.0,-0.14543116092681885,-0.00010373350232839584
29000,0.0002712964196689427,1.3008522500967956e-05,-3.6888283371925352,2.2049062e-07,0.0,-0.1473003625869751,-0.00013048986438661813
29200,-0.0001518938661320135,2.3094867060535762e-05,-3.688826936483383,1.3434328e-07,0.0,-0.14972174167633057,-9.239718783646823e-05
29400,-0.00010057072358904406,2.7238961729381116e-05,-3.6888251900672913,2.3678876e-07,0.0,-0.1678752899169922,-0.0001565734768519178
29600,-3.115860090474598e-05,2.9548003749368944e-05,-3.6888246059417726,2.1164306e-07,0.0,-0.10025608539581299,-0.0001034116605296731
29800,-0.00018942763563245535,4.039962118440599e-05,-3.688825011253357,1.185108e-07,0.0,-0.0759727954864502,-9.91223962046206e-05
30000,-0.000507304968778044,2.101738964483957e-05,-3.688827407360077,2.386514e-07,0.0,-0.24326300621032715,-0.00015465010656043888
30200,6.510414823424071e-05,2.8563162970840494e-05,-3.688829481601715,2.2677705e-07,0.0,-0.1352444887161255,-0.0001508960034698248
30400,-0.0010704019805416465,5.794711282760545e-05,-3.6888262033462524,3.9394945e-07,0.0,-0.03349411487579346,-0.00015972767723724247
30600,-0.0004462040669750422,6.799006123401342e-05,-3.688825786113739,2.6193447e-07,0.0,-0.25851309299468994,-0.00016711615608073772
30800,-0.00020342912466730922,3.1317174898504166e-05,-3.688825762271881,2.3422763e-07,0.0,0.04029810428619385,-0.00012150793336331844
31000,-0.00010815083078341559,4.50913686563581e-05,-3.6888221502304077,1.8090941e-07,0.0,-7.426738739013672e-05,-0.00012620194320334122
31200,-0.00010506805847398937,4.407330611684301e-05,-3.688825398683548,2.0326115e-07,0.0,-0.08599710464477539,-0.00012346189469099046
31400,-0.00012097872968297452,2.326594192254561e-05,-3.688823288679123,2.2118911e-07,0.0,-0.07205617427825928,-0.00012901628506369888
31600,0.0001746817142702639,3.0464675228358827e-05,-3.6888226568698883,1.4831312e-07,0.0,-0.0549083948135376,-7.91819067671895e-05
31800,-0.000174006461747922,3.896479684044607e-05,-3.688821852207184,2.195593e-07,0.0,-0.03333878517150879,-0.0001250068424269557
32000,-2.64382288150955e-05,5.413169992607436e-05,-3.6888225257396696,1.557637e-07,0.0,0.0319136381149292,-7.946867262944579e-05
32200,-0.0006380582344718277,2.6133326196031702e-05,-3.6888200104236604,2.9220246e-07,0.0,0.0293923020362854,-0.00012491481611505152
32400,-0.0001588632439961657,4.55082219787073e-05,-3.6888192534446715,2.0884909e-07,0.0,0.029685556888580322,-0.00012536842841655017
32600,-6.990554538788274e-05,3.429040743867518e-05,-3.688818883895874,2.9080547e-07,0.0,-0.12811195850372314,-0.00016178034711629153
32800,6.385258166119456e-05,4.38749529166671e-05,-3.688818019628525,1.4808029e-07,0.0,-0.23488616943359375,-9.7398113575764e-05
33000,6.114048301242292e-05,0.00019444683330220868,-3.6888169646263123,2.2863969e-07,0.0,-0.007653236389160156,-0.0001522245816886425
33200,-0.00022811646340414882,4.722426749594888e-05,-3.6888151824474336,1.7392449e-07,0.0,-0.41289329528808594,-0.00010811642277985811
33400,-0.0005387974670156837,2.4955560115813567e-05,-3.6888144612312317,2.2398308e-07,0.0,-0.2978532314300537,-0.00013023770879954099
33600,1.5170477126957849e-05,4.752127224492142e-05,-3.688819831609726,1.6298145e-07,0.0,-0.07479310035705566,-0.00010218736715614796
33800,-0.0003170600684825331,2.4722235525587167e-05,-3.6888128578662873,2.2281893e-07,0.0,-0.04620039463043213,-0.00012604529038071633
34000,-0.0007185788126662374,2.780080794764217e-05,-3.688812732696533,2.477318e-07,0.0,0.0035170912742614746,-0.00013626004802063106
34200,-0.00047447552788071334,3.738048942523164e-05,-3.6888119757175444,2.6938505e-07,0.0,0.02972322702407837,-0.00014851875603199004
34400,-0.0005196919082663953,4.4719663264913834e-05,-3.688811069726944,3.0966476e-07,0.0,0.07724958658218384,-0.00017013218603096903
34600,-0.00013523759844247252,2.549380405980628e-05,-3.6888092935085295,1.7206185e-07,0.0,0.21294206380844116,-8.921599364839495e-05
34800,4.174063360551372e-05,3.998992215201724e-05,-3.6888128221035004,2.2817403e-07,0.0,-0.1608649492263794,-0.00012183776125311852
35000,-0.0003314609930384904,2.466035505221953e-05,-3.688812071084976,1.6391277e-07,0.0,0.06349056959152222,-0.00010921302600763738
35200,-0.0004999252851121128,4.176948164058558e-05,-3.688811480998993,1.9860454e-07,0.0,-0.2089778184890747,-0.00010821321047842503
35400,-0.00018820198602043092,2.6207871496808365e-05,-3.6888143718242645,2.0535663e-07,0.0,0.083168625831604,-0.0001501246471889317
35600,-7.527716661570594e-05,2.5929813750735776e-05,-3.688815933465958,2.3841858e-07,0.0,-0.013931751251220703,-0.00013065224629826844
35800,-0.0004441374621819705,2.589367143173149e-05,-3.6888148367404936,2.6798807e-07,0.0,-0.18166935443878174,-0.00014958524843677878
36000,-0.0004376408760435879,1.8982935966960212e-05,-3.6888182520866395,2.4680048e-07,0.0,0.18349885940551758,-0.00012732313480228185
36200,-0.0001463338703615591,3.17173434268625e-05,-3.6888132870197294,1.7229468e-07,0.0,-0.05420327186584473,-0.0001101204557926394
36400,-0.0003487521316856146,1.8245692416485326e-05,-3.688815748691559,2.3166649e-07,0.0,-0.042438387870788574,-0.00011740708141587675
36600,-0.00040886554052121937,1.855681305187318e-05,-3.6888131856918336,2.4423935e-07,0.0,-0.3404914140701294,-0.00015228392439894378
36800,-5.2441922889556736e-05,3.855896266031777e-05,-3.688814252614975,2.1234155e-07,0.0,-0.02228999137878418,-0.00011420820374041796
37000,-0.00015623138460796326,2.5847992594663084e-05,-3.6888173520565033,1.4761463e-07,0.0,0.06568288803100586,-0.00013025181833654643
37200,-0.00031737805693410337,2.486676798980625e-05,-3.6888155043125153,1.816079e-07,0.0,-0.12118494510650635,-0.00012927389470860363
37400,7.685537639190443e-06,2.437145726617018e-05,-3.688817375898361,2.2933818e-07,0.0,-0.23028647899627686,-0.00013303069863468409
37600,0.00018914879183284938,2.1157284425044055e-05,-3.688818895816803,3.5646372e-07,0.0,-0.24189352989196777,-0.00016564709367230534
37800,-0.00046817262773402035,2.562789329658699e-05,-3.688817000389099,2.6728958e-07,0.0,-0.11731219291687012,-0.00016711303032934666
38000,-0.00010590784950181842,3.37202265200176e-05,-3.6888136506080627,1.215376e-07,0.0,0.03855651617050171,-0.00010890488047152758
38200,5.241651706455741e-06,8.384595548704965e-05,-3.6888121366500854,1.6088597e-07,0.0,-0.1484311819076538,-8.934701327234507e-05
38400,-0.0005669803940691054,3.226889332381688e-05,-3.68881276845932,2.7683564e-07,0.0,-0.009536981582641602,-0.00015113961417227982
38600,-0.0007555873598903418,2.1093373879921275e-05,-3.6888149082660675,3.7625432e-07,0.0,-0.021862268447875977,-0.000196622870862484
38800,-0.0002881201507989317,2.9215009863037267e-05,-3.688817620277405,1.9790605e-07,0.0,-0.06881988048553467,-0.00010351147211622447
39000,-0.0004020292544737458,2.5937309624168846e-05,-3.6888198018074037,1.86963e-07,0.0,-0.09299278259277344,-0.00010609952732920647
39200,-8.007595170056447e-05,6.411585732166714e-05,-3.6888204872608186,1.9185245e-07,0.0,-0.07744705677032471,-0.0001230462919920683
39400,-0.0003492284449748695,5.225353802416066e-05,-3.6888197004795074,2.5238842e-07,0.0,-0.06777310371398926,-0.00016178208170458674
39600,-0.0003922259493265301,3.6056250473848193e-05,-3.688819867372513,2.249144e-07,0.0,-0.003615856170654297,-0.00014366251416504384
39800,-0.0004872035642620176,4.4649715255218327e-05,-3.6888203501701353,3.5041012e-07,0.0,0.019988954067230225,-0.00018715409096330403
40000,0.00014852630556561053,2.63125984247381e-05,-3.6888213455677032,1.389999e-07,0.0,-0.27146005630493164,-7.993732579052449e-05
40200,-0.0002780097129289061,5.90202334933565e-05,-3.68882115483284,2.1839514e-07,0.0,0.04085040092468262,-0.00014943202259019018
40400,-0.0003453960525803268,8.628862433397444e-05,-3.6888215243816376,2.2212043e-07,0.0,0.05545353889465332,-0.00011658030562102794
40600,-0.00014699608436785638,3.819480045876844e-05,-3.6888208627700805,2.135057e-07,0.0,-0.03385758399963379,-0.00010585822165012359
40800,-0.0005935507942922413,7.335086388593481e-05,-3.6888229072093965,3.5366975e-07,0.0,-0.06737518310546875,-0.00016946832292887847
41000,-0.0004922882071696222,3.771139470245544e-05,-3.688820707798004,2.7031638e-07,0.0,-0.04385566711425781,-0.00017044004052877427
41200,-0.00025164641556330025,3.063413125801162e-05,-3.6888226866722107,2.561137e-07,0.0,-0.0711442232131958,-0.00013551323936553672
41400,-5.1043927669525146e-05,6.889573578519048e-05,-3.6888212978839876,2.9755756e-07,0.0,0.06242525577545166,-0.0001931353472173214
41600,-0.00048701197374612093,4.045277974000783e-05,-3.688817286491394,3.4482218e-07,0.0,-0.1604825258255005,-0.00015864555607549846
41800,-0.00033343888935633004,5.956471131867147e-05,-3.688817340135574,3.2875687e-07,0.0,-0.07265269756317139,-0.0001396399806253612
42000,5.713209247915074e-06,2.7326274482675218e-05,-3.688820493221283,2.363231e-07,0.0,0.05081307888031006,-0.0001560351811349392
42200,-0.00019671421614475548,5.296937915773014e-05,-3.688817197084427,1.7508864e-07,0.0,0.052588462829589844,-0.00011963635915890336
42400,-0.00024269033747259527,1.9244037025600848e-05,-3.6888150811195373,2.4493784e-07,0.0,0.12053912878036499,-0.00013435358414426446
42600,-0.00047427183017134666,1.7699949262350855e-05,-3.688816159963608,1.4505349e-07,0.0,0.05787479877471924,-0.00010454272851347923
42800,-5.313061046763323e-05,3.566316684100457e-05,-3.6888178110122682,1.4994293e-07,0.0,-0.09176838397979736,-0.00010193656489718706
43000,-1.1243037988606375e-05,2.2981335882832353e-05,-3.6888124525547026,3.2200478e-07,0.0,-0.27167677879333496,-0.00016444658394902943
43200,-0.0004538008361123502,4.4759664433513535e-05,-3.688816249370575,2.6612543e-07,0.0,0.030148863792419434,-0.00014867483405396343
43400,-0.0002462741394992918,2.9181032152791887e-05,-3.6888145387172697,2.0395964e-07,0.0,-0.022572636604309082,-9.978944435715676e-05
43600,-0.0007004490471445024,2.7657892223942328e-05,-3.6888138234615324,2.9825605e-07,0.0,0.0018197298049926758,-0.00016502670478075744
43800,-0.00023556005908176303,1.8989520378909218e-05,-3.6888179540634156,3.2270327e-07,0.0,-0.34900224208831787,-0.00014882691903039813
44000,-0.0009117057197727263,6.768028965780104e-05,-3.6888184666633608,3.585592e-07,0.0,0.08724391460418701,-0.00014889772282913327
44200,-3.853400266962126e-05,1.7887796593640816e-05,-3.68881733417511,1.268927e-07,0.0,0.21291154623031616,-9.017932461574674e-05
44400,-0.00031575572211295366,3.332947223952942e-05,-3.6888208091259003,2.605375e-07,0.0,0.0902826189994812,-0.00013783330796286465
44600,3.60046760761179e-05,0.00010063441027341469,-3.6888161659240724,1.9767322e-07,0.0,-0.03951156139373779,-0.00011728807585313916
44800,-2.0969146135030314e-05,3.6149612196823e-05,-3.6888172030448914,2.0302832e-07,0.0,-0.1884540319442749,-0.00013120784042257582
45000,-6.431611109292135e-05,3.278181816313008e-05,-3.6888196229934693,2.1071173e-07,0.0,-0.09751677513122559,-0.00016395850107073784
45200,-0.00038486855919472873,3.4574120832076005e-05,-3.688818967342377,1.7718412e-07,0.0,0.0647280216217041,-9.794580982998013e-05
45400,-0.0002464110730215907,5.000867390663189e-05,-3.6888177573680876,2.9965304e-07,0.0,0.10210275650024414,-0.0001321282936260104
45600,-0.00014814379392191768,4.092934830168815e-05,-3.68881875872612,1.9348226e-07,0.0,-0.051751136779785156,-0.00011517088860273361
45800,-0.0003078233276028186,3.442839233684936e-05,-3.6888158202171324,2.3725443e-07,0.0,-0.1791743040084839,-0.00014215741539373993
46000,-2.272512938361615e-05,2.6227074420148712e-05,-3.688815712928772,1.6647391e-07,0.0,-0.03888106346130371,-0.00010504715901333838
46200,-0.0002431980101391673,4.8465680583831273e-05,-3.6888148903846742,1.4994293e-07,0.0,0.008040010929107666,-0.000100284417567309
46400,-5.472911652759649e-05,4.739788164442871e-05,-3.6888150811195373,1.534354e-07,0.0,-0.15110492706298828,-0.0001046006684191525
46600,-0.000267666851868853,1.910010521442018e-05,-3.688815313577652,1.0128133e-07,0.0,-0.11747539043426514,-7.853568531572819e-05
46800,-0.00018892470689024776,2.5423541535474216e-05,-3.6888115048408507,1.6205013e-07,0.0,-0.027329444885253906,-0.00011301733320578933
47000,0.00017713377019390464,2.9211186301836278e-05,-3.6888149857521055,1.4225952e-07,0.0,-0.17864060401916504,-8.755205781199037e-05
47200,-0.0008143506129272282,1.9848958083912292e-05,-3.688811808824539,3.4621917e-07,0.0,-0.08298790454864502,-0.00018199717160314322
47400,-0.0001243691222043708,2.1473552487805135e-05,-3.6888130843639373,1.1478551e-07,0.0,0.09189504384994507,-7.795898709446192e-05
47600,-0.0002869943273253739,4.269758790087508e-05,-3.688813328742981,2.8219074e-07,0.0,0.048206627368927,-0.00019804651383310557
47800,-0.00011616760457400233,5.00012443126252e-05,-3.688807314634323,2.8475188e-07,0.0,-0.08610177040100098,-0.0001221098587848246
48000,-0.0005481306579895318,4.801925138053775e-05,-3.6888115048408507,2.5238842e-07,0.0,-0.02426600456237793,-0.000147887971252203
48200,0.00019393280672375113,4.370886495053128e-05,-3.688812291622162,3.6344863e-07,0.0,-0.04106950759887695,-0.00015722460811957718
48400,-0.00046247494174167514,5.074416499155632e-05,-3.6888091266155243,2.1304004e-07,0.0,-0.029341578483581543,-0.00013017111923545598
48600,-0.00035241051227785647,2.7583959933963342e-05,-3.688806861639023,1.9394793e-07,0.0,0.05198526382446289,-0.00011167924239998683
48800,0.00011749492114176974,2.9687840549286192e-05,-3.688810187578201,2.6007183e-07,0.0,-0.2495824098587036,-0.00015931890811771154
49000,-0.0003228340356145054,2.1712062675760535e-05,-3.6888117134571075,2.256129e-07,0.0,0.055023908615112305,-0.0001476026140153408
49200,-5.819262150907889e-05,2.424802926270786e-05,-3.68880877494812,2.6775524e-07,0.0,-0.19850575923919678,-0.00017590223578736185
49400,-0.00036592804826796055,1.3727520513384662e-05,-3.6888111770153045,2.3515895e-07,0.0,-0.06950604915618896,-0.00015132958069443702
49600,-0.0005314259324222803,2.081870081838133e-05,-3.688809835910797,2.0232983e-07,0.0,-0.020284652709960938,-0.0001324578537605703
49800,-9.892015077639371e-05,2.559019235377491e-05,-3.688811254501343,1.4388934e-07,0.0,-0.18528306484222412,-8.95343313459307e-05
50000,-0.00010613950144033879,2.2373410592990696e-05,-3.68880957365036,1.6926788e-07,0.0,0.21274983882904053,-0.00015583426575176417
50200,-0.00036671283305622637,4.202644479391893e-05,-3.6888035774230956,2.1629967e-07,0.0,0.016484200954437256,-0.0001132793491706252
50400,-0.0003026839694939554,3.5438561917544574e-05,-3.688804489374161,2.013985e-07,0.0,-0.14578676223754883,-0.00012895561521872879
50600,-0.0003379592963028699,6.539109413097321e-05,-3.6888018190860747,2.3818575e-07,0.0,-0.10799241065979004,-0.0001260557968635112
50800,1.8904971511801705e-05,4.300880100345239e-05,-3.6888029277324677,3.1711534e-07,0.0,-0.06139492988586426,-0.00017831288860179484
51000,-0.00036026607267558575,2.2301371518551605e-05,-3.6888040482997893,2.484303e-07,0.0,-0.13532578945159912,-0.00013083992525935172
51200,5.411314486991614e-05,2.3939190714372672e-05,-3.6888021290302277,1.10594556e-07,0.0,-0.06776201725006104,-8.431938476860523e-05
51400,-0.00012108709779568017,3.656849344224611e-05,-3.688801980018616,1.6647391e-07,0.0,0.028200149536132812,-0.0001235595322214067
51600,-0.00017614953685551882,5.493893818311335e-05,-3.6888048231601713,2.5564805e-07,0.0,-0.0071790218353271484,-0.00016276114620268346
51800,-0.00018857001850847155,5.4977115814836e-05,-3.688803553581238,2.0908192e-07,0.0,-0.06421518325805664,-0.00011299463221803308
52000,-0.0004620256368070841,5.93007380302879e-05,-3.688806211948395,1.7345883e-07,0.0,-0.02681112289428711,-0.00011667266953736543
52200,-0.00027590201352722943,6.974201214688946e-05,-3.688806015253067,3.1245872e-07,0.0,-0.020117521286010742,-0.00014455255586653948
52400,-0.00021976344578433782,2.1464963924699987e-05,-3.6888067364692687,1.2759119e-07,0.0,-0.18435311317443848,-8.761095814406872e-05
52600,-0.00018685391114559025,2.3452008611002385e-05,-3.688809132575989,2.507586e-07,0.0,-0.09447574615478516,-0.00017234396655112504
52800,-0.0003290704626124352,2.1443021648792637e-05,-3.6888071298599243,2.1560118e-07,0.0,-0.029821157455444336,-0.0001496618497185409
53000,-0.0006506643258035183,3.472827329460415e-05,-3.6888061106204986,3.243331e-07,0.0,0.034402430057525635,-0.00018412990029901267
53200,-0.0006764231366105378,1.65430055460547e-05,-3.6888083100318907,3.625173e-07,0.0,-0.09797847270965576,-0.00015483312308788298
53400,-0.00012327903823461384,2.5296054627688135e-05,-3.68880672454834,1.8533319e-07,0.0,-0.08094990253448486,-0.00011549792252480983
53600,-0.00033253233414143324,1.989234947359364e-05,-3.6888059854507445,1.9790605e-07,0.0,-0.42971789836883545,-0.0001289975130930543
53800,-0.0003972665290348232,5.1311912397977724e-05,-3.6888041496276855,2.544839e-07,0.0,0.06320768594741821,-0.00015143631026148796
54000,-0.00040407682536169887,3.5908159543396326e-05,-3.68880717754364,2.393499e-07,0.0,0.105457603931427,-0.00014317420427687467
54200,-0.00014920832472853363,5.59326255824999e-05,-3.6888080477714538,2.6728958e-07,0.0,-0.1430908441543579,-0.00015075129922479392
54400,0.000194509542779997,4.1124113613477677e-05,-3.688805824518204,2.1420419e-07,0.0,0.056746721267700195,-0.00013632578775286676
54600,-0.00034623118699528277,3.4274315407856196e-05,-3.6888061642646788,1.9208528e-07,0.0,0.024752676486968994,-0.00011691092513501644
54800,-0.00039471182390116155,2.426834527113897e-05,-3.6888037025928497,1.8742867e-07,0.0,0.027639150619506836,-9.898943826556206e-05
55000,-0.0004870968114119023,2.4605344594874624e-05,-3.688801121711731,3.3015385e-07,0.0,-0.15538763999938965,-0.00013301452854648234
55200,1.1040408935514279e-05,3.0383820489987557e-05,-3.6888030230998994,2.1513551e-07,0.0,0.004706263542175293,-0.00015975681599229575
55400,-0.000518053537234664,2.969524939544499e-05,-3.688801574707031,2.917368e-07,0.0,-0.16810286045074463,-0.0001236733514815569
55600,0.0003226506232749671,4.133610436838353e-05,-3.6888064324855803,1.9487925e-07,0.0,-0.056641221046447754,-0.00011353993322700262
55800,-0.0001552673929836601,1.8326710221572285e-05,-3.6888079762458803,2.5168993e-07,0.0,-0.3649798631668091,-0.00016063278308138252
56000,-0.00025022285990417004,5.6160261920013e-05,-3.688803333044052,1.6158447e-07,0.0,-0.07335114479064941,-0.00011813438322860748
56200,-7.649863982805982e-05,3.2681793368283254e-05,-3.688804417848587,2.0232983e-07,0.0,0.07765811681747437,-0.00011318677570670843
56400,-0.000723463308531791,2.8808737829422172e-05,-3.688801032304764,3.0151568e-07,0.0,-0.04405999183654785,-0.00015120916068553925
56600,-0.0004264650633558631,4.657160652641323e-05,-3.6888038754463195,1.8323772e-07,0.0,-0.22068250179290771,-0.0001054601976647973
56800,-0.00023958760721143335,3.706587269789452e-05,-3.6888029515743255,2.4144538e-07,0.0,-0.056595802307128906,-0.00013456314336508514
57000,-0.00022976729087531567,1.797962987666324e-05,-3.6888068437576296,1.7695129e-07,0.0,-0.030666589736938477,-0.00012564119970193133
57200,-0.0005800456274300814,3.5869490261575265e-05,-3.6888053596019743,2.7869828e-07,0.0,-0.3010087013244629,-0.00015644647064618766
57400,-0.00023699607118032873,2.6208159465568314e-05,-3.6888003647327423,2.0791776e-07,0.0,0.05681413412094116,-0.00013651452027261258
57600,-0.00018633707077242434,5.8049790141012636e-05,-3.6887981057167054,3.031455e-07,0.0,-0.052968621253967285,-0.00014089622418396176
57800,-0.00046808496699668467,2.8682338415819687e-05,-3.688799923658371,1.846347e-07,0.0,0.006541609764099121,-0.00010796141577884555
58000,-0.00022667061421088874,2.3594672825311136e-05,-3.6887962877750398,2.0093285e-07,0.0,-0.28223884105682373,-9.971264516934752e-05
58200,-0.0005683369818143547,2.3482538165353616e-05,-3.6887999415397643,2.0954758e-07,0.0,0.04856199026107788,-0.00011328443652018905
58400,-0.00042537483386695385,3.300702160231594e-05,-3.6887990832328796,2.6123598e-07,0.0,0.004708349704742432,-0.00012737782672047615
58600,-0.00018326651479583234,2.491366794856731e-05,-3.688799726963043,1.8742867e-07,0.0,-0.06891489028930664,-0.00010066997492685914
58800,-0.0002582955057732761,3.7987445307408055e-05,-3.6887984395027162,1.9231811e-07,0.0,0.08768421411514282,-0.00011888460721820593
59000,-0.00047358954907394946,3.026703054729296e-05,-3.6887954473495483,3.3318065e-07,0.0,-0.117378830909729,-0.00017281684558838605
59200,-5.7499579270370305e-05,8.50074103254883e-05,-3.6887973129749296,1.5413389e-07,0.0,0.011800944805145264,-9.636783506721258e-05
59400,-0.00014582920994143933,4.849767274208716e-05,-3.6887961089611054,1.8277206e-07,0.0,0.08823412656784058,-0.00011764071823563426
59600,-0.00013170648890081793,3.0719210667484734e-05,-3.6887934923172,2.430752e-07,0.0,-0.16278362274169922,-0.00013282906729727983
59800,-0.00015154230641201138,2.5669805881989306e-05,-3.688795107603073,2.4330802e-07,0.0,0.12397980690002441,-0.00014400617219507695
60000,-0.0002170296647818759,2.4778819829407438e-05,-3.688793385028839,1.6437843e-07,0.0,-0.08087444305419922,-0.00011421921662986278
60200,-0.0001911237632157281,4.085433456566534e-05,-3.688791048526764,2.1839514e-07,0.0,-0.005282878875732422,-0.00013017025776207447
60400,-5.304630394675769e-05,4.5607618244503104e-05,-3.6887901186943055,1.2898818e-07,0.0,-0.04007697105407715,-9.520533785689622e-05
60600,-0.00017778023902792484,3.135803840450535e-05,-3.688791644573212,2.218876e-07,0.0,-0.1301201581954956,-0.00014490974135696887
60800,5.631828389596194e-05,2.6749506992018725e-05,-3.688788414001465,4.0605664e-07,0.0,-0.20560872554779053,-0.000190658844076097
61000,-0.0003478980215732008,3.5110995713694135e-05,-3.688790035247803,1.8184073e-07,0.0,0.0819585919380188,-0.0001147443545050919
61200,-0.00016985644469968975,2.508819557078823e-05,-3.6887899935245514,1.792796e-07,0.0,0.07753878831863403,-0.00012843103904742749
61400,-0.0002357357880100608,3.6335090180728e-05,-3.6887906432151794,1.8789433e-07,0.0,-0.0755167007446289,-0.00010875179432332516
61600,-0.0004111547605134547,2.4523725642211502e-05,-3.6887872397899626,3.1036325e-07,0.0,-0.11161863803863525,-0.00015408415347337723
61800,-0.0004715145332738757,4.362411086731299e-05,-3.6887864470481873,3.387686e-07,0.0,-0.16183316707611084,-0.00018302882090210916
62000,-0.0001493493327870965,2.9880133956794454e-05,-3.6887867212295533,2.4330802e-07,0.0,-0.004083395004272461,-0.00010531048756092786
62200,-0.000495535263326019,4.09399739055516e-05,-3.6887862741947175,3.152527e-07,0.0,-0.09671914577484131,-0.0001792558585293591
62400,1.0558197573118377e-05,2.6829411831386095e-05,-3.6887867391109466,1.86963e-07,0.0,0.16532564163208008,-8.39115004055202e-05
62600,-0.0006220074719749391,5.546435995711363e-05,-3.6887876629829406,3.3760443e-07,0.0,-0.135994553565979,-0.00015843568835407495
62800,-0.0004078602069057524,2.405848429134494e-05,-3.6887847661972044,2.5052577e-07,0.0,-0.2745962142944336,-0.00014281593030318618
63000,-0.0004526709672063589,2.9629188497892754e-05,-3.688781261444092,1.8440187e-07,0.0,-0.15925812721252441,-0.00011932634515687823
63200,-0.0004846845113206655,2.7752124537983036e-05,-3.6887845158576966,1.611188e-07,0.0,-0.11665034294128418,-0.00010619203094393015
63400,-0.00047621066914871335,1.9655838150356432e-05,-3.688785749673843,2.2095628e-07,0.0,0.004312634468078613,-0.00015962610486894847
63600,-0.00038404259248636663,2.4412016387032054e-05,-3.688786816596985,2.013985e-07,0.0,0.07687163352966309,-0.00012063252506777644
63800,-0.0005442526307888329,4.033899417663633e-05,-3.6887856304645537,3.1781383e-07,0.0,-0.07874536514282227,-0.00019602428656071425
64000,-0.00015683300443924963,2.9737132717855274e-05,-3.688782012462616,1.13621354e-07,0.0,-0.04332327842712402,-9.379878174513579e-05
64200,-0.000427611346822232,2.1258559513626096e-05,-3.688784658908844,3.32715e-07,0.0,-0.034161925315856934,-0.00015943936305120587
64400,-0.000339889811584726,9.48765058637946e-05,-3.6887851655483246,1.816079e-07,0.0,-0.03326296806335449,-0.00010496833128854632
64600,-0.0007414679857902229,3.409029914109851e-05,-3.6887825787067414,4.33065e-07,0.0,0.06371152400970459,-0.0002189654274843633
64800,-0.00029763588099740446,2.5920626035258466e-05,-3.68878288269043,2.3120083e-07,0.0,0.05129128694534302,-0.00013749927456956356
65000,-0.000544911774341017,1.587631613233498e-05,-3.688779228925705,2.742745e-07,0.0,0.12942928075790405,-0.000159193150466308
65200,-0.0001467934635002166,2.614433724374976e-05,-3.6887815117836,2.766028e-07,0.0,-0.18076789379119873,-0.00014064712449908258
65400,-0.0007391300750896335,5.5179202718136366e-05,-3.6887810289859773,2.8591603e-07,0.0,0.06490302085876465,-0.00011890943860635162
65600,-0.00023375340970233083,2.3078147933119908e-05,-3.6887837529182432,3.5087578e-07,0.0,-0.26347053050994873,-0.0001841546385549009
65800,-0.000344301137374714,2.0546530345200152e-05,-3.6887878358364103,3.9674342e-07,0.0,0.05741441249847412,-0.00017208580393344164
66000,-0.0004017222672700882,2.6634577034201355e-05,-3.688790833950043,2.1979213e-07,0.0,-0.09948253631591797,-0.00014532668283209204
66200,-0.0002140710421372205,1.2019690211673151e-05,-3.6887902498245237,1.5296973e-07,0.0,0.06372284889221191,-0.00010167789878323674
66400,-2.5327663024654612e-05,3.255193753375352e-05,-3.6887883067131044,1.930166e-07,0.0,0.013150632381439209,-8.971041534096002e-05
66600,-0.0007196220103651285,3.481897189203664e-05,-3.688784599304199,3.306195e-07,0.0,-0.0163193941116333,-0.00016711093485355377
66800,-0.0002894990029744804,1.1710193246017297e-05,-3.6887847185134888,1.7834827e-07,0.0,-0.2607245445251465,-0.00011685023782774806
67000,-0.0003335586516186595,3.4887571064246e-05,-3.6887812197208403,4.1420572e-07,0.0,-0.11044120788574219,-0.0001665875082835555
67200,-0.0001008883846225217,3.894048631991609e-05,-3.6887852609157563,1.9255094e-07,0.0,0.05366086959838867,-0.00012074229307472706
67400,4.951007213094272e-06,7.678953818412992e-05,-3.6887835204601287,3.6670826e-07,0.0,-0.0012238025665283203,-0.0001737783197313547
67600,-0.0001653084036661312,4.073110087574605e-05,-3.6887805283069612,2.46102e-07,0.0,-0.04398906230926514,-0.00013591111055575312
67800,-0.0005792203592136502,1.3306223058862087e-05,-3.6887758910655974,2.605375e-07,0.0,0.14977526664733887,-0.00011240525636821986
68000,-0.00039257865864783525,5.5883813365653624e-05,-3.688781279325485,2.819579e-07,0.0,-0.023056626319885254,-0.0001594302710145712
68200,-0.0005335740279406309,2.8098150062305648e-05,-3.6887808203697205,3.4365803e-07,0.0,-0.029306530952453613,-0.00014670450473204256
68400,-0.00045270926784723997,1.9349460467310563e-05,-3.6887815415859224,1.8742867e-07,0.0,-0.142439603805542,-0.00012489132932387293
68600,-0.0002574220998212695,3.265681502853113e-05,-3.688780838251114,2.682209e-07,0.0,-0.1406611204147339,-0.00014483213308267296
68800,-0.00027783363475464284,1.6328104231888572e-05,-3.688781875371933,3.3946708e-07,0.0,-0.3461719751358032,-0.00021403093123808503
69000,-0.0002846986462827772,3.910943660230259e-05,-3.688775968551636,3.5366975e-07,0.0,-0.1274482011795044,-0.00016556584159843624
69200,-0.00020956013759132475,4.249803841958055e-05,-3.688771998882294,2.0582229e-07,0.0,-0.09791374206542969,-0.00012688481947407127
69400,-0.00012601949856616557,2.1362536881497362e-05,-3.68877454996109,1.4808029e-07,0.0,-0.5277315378189087,-0.00010506254620850086
69600,-0.00039781839586794376,2.6394697442810866e-05,-3.6887739539146422,2.9825605e-07,0.0,0.036635518074035645,-0.0001408213924150914
69800,7.519765495089814e-05,1.7829499597610265e-05,-3.6887733221054075,1.7392449e-07,0.0,-0.07198917865753174,-0.00010047761024907231
70000,-0.0003520863247103989,2.476021066968315e-05,-3.688769888877869,2.2957101e-07,0.0,-0.15243983268737793,-0.00010499831987544894
70200,-0.0002086041058646515,1.812360450230699e-05,-3.688768470287323,4.4167973e-07,0.0,-0.14087927341461182,-0.0002080894308164716
70400,-0.0004965753760188818,2.9823440388554446e-05,-3.688765150308609,1.6042031e-07,0.0,0.06608015298843384,-9.457039413973689e-05
70600,-0.0006822927971370518,1.7478627160016914e-05,-3.6887582540512085,4.6147034e-07,0.0,-0.04554891586303711,-0.00021441903663799167
70800,-0.0003342019335832447,3.9166532133094734e-05,-3.688755136728287,2.2025779e-07,0.0,-0.08084630966186523,-0.00013332735979929567
71000,-0.00016990317089948803,4.664337766371318e-05,-3.6887596249580383,2.1490268e-07,0.0,-0.08773362636566162,-0.00012654921738430858
71200,-0.000647243345156312,2.013339460518182e-05,-3.6887564241886137,2.0768493e-07,0.0,0.07794857025146484,-0.00010536955669522285
71400,-0.00028917929739691317,1.532172888119021e-05,-3.6887574970722197,2.44705e-07,0.0,0.11573821306228638,-0.0001714673824608326
71600,-0.00037397019332274795,3.650582623322407e-05,-3.6887569785118104,2.3213215e-07,0.0,-0.07860898971557617,-0.00013447818346321583
71800,-0.0005462325643748045,2.042267931301467e-05,-3.6887556314468384,2.8917566e-07,0.0,-0.11345398426055908,-0.00015707207494415344
72000,-0.00021385920990724117,1.9026393471222035e-05,-3.6887528002262115,1.8626451e-07,0.0,-0.010099530220031738,-0.00011240601306781173
72200,-0.00027429009787738323,7.18073559255572e-05,-3.688755750656128,2.7776696e-07,0.0,0.019236505031585693,-0.00014839507639408112
72400,-0.0004197188827674836,4.835446206925553e-05,-3.6887524902820585,3.427267e-07,0.0,0.012502312660217285,-0.00019748276099562645
72600,-0.0005608521169051528,1.2559318429339328e-05,-3.688751000165939,3.2619573e-07,0.0,0.019573688507080078,-0.00017426186823286117
72800,-0.00010846539953490719,4.5877355910306504e-05,-3.6887480497360228,3.685709e-07,0.0,-0.13185036182403564,-0.00018978267908096314
73000,2.6223113309242763e-05,5.410686378581886e-05,-3.6887478590011598,1.5110709e-07,0.0,-0.052527546882629395,-9.993503335863352e-05
73200,9.859852070803754e-06,2.52888930390327e-05,-3.688743394613266,2.2980385e-07,0.0,-0.17258858680725098,-0.0001412893645465374
73400,-0.0004613043274730444,1.8535133835939633e-05,-3.6887399911880494,1.5832484e-07,0.0,0.09072470664978027,-0.00010315828258171678
73600,-0.0007764864712953568,3.063495165633867e-05,-3.6887404799461363,3.5576522e-07,0.0,-0.07472479343414307,-0.00017844551475718618
73800,-0.00023793270520400256,1.7460554533954565e-05,-3.688742482662201,1.9534491e-07,0.0,-0.22036921977996826,-9.536800207570195e-05
74000,-9.78003372438252e-05,4.4454870203480826e-05,-3.68874152302742,2.1280721e-07,0.0,-0.03342020511627197,-0.00013687999453395605
74200,-0.0010857402812689543,2.593233432435227e-05,-3.6887457609176635,5.199108e-07,0.0,-0.05426013469696045,-0.00017021790845319628
74400,-0.000506128475535661,7.122798488126136e-05,-3.6887419283390046,2.2863969e-07,0.0,-0.004762411117553711,-0.00010852116392925381
74600,-1.4024528354639187e-05,4.650348723771458e-05,-3.6887467384338377,3.02447e-07,0.0,0.1297888159751892,-0.00014968502800911666
74800,-7.584162085549906e-05,4.074644205047662e-05,-3.6887412130832673,2.416782e-07,0.0,0.05250626802444458,-0.00014157822588458657
75000,-0.00034892503754235804,1.7937275231361127e-05,-3.688743132352829,3.1804666e-07,0.0,-0.4400445222854614,-0.00017354993906337768
75200,9.185653470922261e-05,4.504497910602367e-05,-3.688742083311081,2.44705e-07,0.0,-0.01939713954925537,-0.0001313281012699008
75400,-0.00033681467175483704,4.050504819588241e-05,-3.688736253976822,1.9953586e-07,0.0,-0.10424256324768066,-0.00012476958800107242
75600,-0.00023115590738598257,2.8388355576680625e-05,-3.6887353658676147,1.359731e-07,0.0,0.09415972232818604,-0.00010857013985514641
75800,-0.0005490390467457473,2.143600761428388e-05,-3.6887345731258394,1.8510036e-07,0.0,-0.1481531858444214,-0.00010762887541204691
76000,-0.00022730088676325977,3.087186107677553e-05,-3.6887337267398834,2.7404167e-07,0.0,0.07212549448013306,-0.00015157158486545086
76200,8.949156836024486e-06,2.356649436023872e-05,-3.6887257754802705,3.6647543e-07,0.0,-0.3638871908187866,-0.00013770682271569968
76400,-0.0001510349102318287,2.7311388066664222e-05,-3.688731724023819,2.4423935e-07,0.0,0.07190537452697754,-0.0001441302360035479
76600,-0.0005536644603125751,4.4886038517688574e-05,-3.68873091340065,3.776513e-07,0.0,0.02801215648651123,-0.00016209790483117102
76800,-0.00036932763759978116,5.779083357992931e-05,-3.688731628656387,2.1513551e-07,0.0,-0.008592844009399414,-0.00011360290227457881
77000,-0.00022344756871461868,9.628908762806531e-05,-3.6887301921844484,1.7764978e-07,0.0,0.046990811824798584,-0.00011164777097292245
77200,-0.00038107787258923054,4.099835455235734e-05,-3.6887261629104615,2.9755756e-07,0.0,-0.07469761371612549,-0.0001575155067257583
77400,-0.00017558694526087493,3.360009216066828e-05,-3.6887242674827574,2.2212043e-07,0.0,-0.015367507934570312,-0.00012230644933879374
77600,-0.00021820652182213962,4.0917632441050954e-05,-3.688720780611038,1.3154931e-07,0.0,-0.15638983249664307,-9.067417122423648e-05
77800,-0.00036280881613492966,3.3274473707933794e-05,-3.688725250959396,2.5541522e-07,0.0,-0.06500542163848877,-0.00014229756634449587
78000,-0.00034262906410731375,2.2038117936062918e-05,-3.6887220978736877,2.803281e-07,0.0,0.016932129859924316,-0.00012765058781951665
78200,-0.00017291576659772545,2.0183233186799043e-05,-3.6887231945991514,2.3306347e-07,0.0,-0.14956891536712646,-0.00011736457236111164
78400,-0.0006349534960463643,5.191302993807767e-05,-3.6887181460857392,3.266614e-07,0.0,-0.04876840114593506,-0.0001490008900873363
78600,7.479387932107784e-06,3.012491289382524e-05,-3.6887205302715302,2.0931475e-07,0.0,-0.19518327713012695,-0.00011673591798171401
78800,-0.00023390278511215,2.2208788141142578e-05,-3.688716375827789,1.6670674e-07,0.0,0.04602229595184326,-0.00011263735359534621
79000,-0.0003416396793909371,2.640641661173504e-05,-3.6887155413627624,2.849847e-07,0.0,0.016297340393066406,-0.00011503164423629642
79200,-3.314615014460287e-06,1.5780086778249823e-05,-3.6887163639068605,2.2654422e-07,0.0,0.00328904390335083,-0.00011949659092351795
79400,-0.00010010365804191679,3.4961057872351374e-05,-3.6887141704559325,2.0838343e-07,0.0,0.055895090103149414,-0.00014271819964051247
79600,-0.00024572978145442903,3.7857846245969994e-05,-3.6887100636959076,2.0093285e-07,0.0,-0.010797977447509766,-0.00010673161596059799
79800,-0.000670105975586921,1.0434540871528953e-05,-3.688707733154297,2.8172508e-07,0.0,-0.0992516279220581,-0.00016846221406012772
80000,-6.11236464465037e-05,3.757846748158045e-05,-3.688710963726044,2.7520582e-07,0.0,-0.02711188793182373,-0.00015009694034233688
80200,-0.00014610473590437323,3.944389447951835e-05,-3.688707482814789,2.430752e-07,0.0,0.088259756565094,-0.00010852351551875472
80400,-0.0003491378156468272,2.3235804587784514e-05,-3.6887083053588867,2.6565976e-07,0.0,-0.26784396171569824,-0.00015674324240535497
80600,-7.427937089232728e-05,1.629531251978733e-05,-3.6887047588825226,1.3853423e-07,0.0,-1.9144113063812256,-0.00011425241827964783
80800,7.151209138100967e-05,1.107310052734789e-05,-3.6887015879154204,2.6309863e-07,0.0,-0.6367658376693726,-0.00012303083203732968
81000,-0.00029015811742283404,8.354727194870292e-06,-3.68870233297348,2.658926e-07,0.0,-0.33836984634399414,-0.00016139867366291583
81200,-9.246726403944194e-05,6.0684848278924616e-06,-3.6886995792388917,2.8894283e-07,0.0,-1.7412409782409668,-0.00010005895746871829
81400,0.00031265150755643845,4.316287121852724e-06,-3.6887021958827972,2.0884909e-07,0.0,-0.9035993814468384,-0.00013298113917699085
81600,-0.00040041329339146614,3.0250396150677263e-06,-3.6886988162994383,2.1909364e-07,0.0,-0.47457003593444824,-0.00014262209879234433
81800,-4.221347262500785e-05,2.638219470441072e-06,-3.6887026965618133,2.0861626e-07,0.0,-1.5951883792877197,-0.0001247980893822387
82000,-0.0002508540346752852,2.0470541031158973e-06,-3.6887027323246,2.5331974e-07,0.0,-6.040942192077637,-0.00015131259569898248
82200,-7.737890882708598e-06,1.9167992597601824e-06,-3.68870130777359,2.561137e-07,0.0,-4.373873233795166,-0.000137025723233819
82400,9.596833842806518e-05,6.951681978506486e-07,-3.6887019157409666,1.7439015e-07,0.0,-0.33123576641082764,-0.00010517406044527889
82600,-0.0003131328849121928,1.101547709581041e-06,-3.688702589273453,1.5110709e-07,0.0,-4.497797012329102,-8.819098584353924e-05
82800,-0.0003435917606111616,5.746911135418032e-07,-3.6887013614177704,2.470333e-07,0.0,-0.3089231252670288,-0.00013160520611563698
83000,-0.00021226092940196395,1.0327516726249542e-06,-3.6887029707431793,3.820751e-07,0.0,-4.511791706085205,-0.0001577333780005574
83200,-0.0002515805244911462,8.062589216706328e-07,-3.688706690073013,1.762528e-07,0.0,-8.038222312927246,-9.990070248022676e-05
83400,-0.00015008810441941023,6.799981637328756e-07,-3.6886996626853943,2.1792948e-07,0.0,-7.639669418334961,-0.00012793095083907247
83600,-0.00020725608919747174,3.1587112054864973e-07,-3.6886957705020906,3.2712705e-07,0.0,-0.7294385433197021,-0.00015950670931488275
83800,-0.00033925293246284127,5.483760322277931e-07,-3.688698333501816,3.008172e-07,0.0,-10.602109909057617,-0.00017384688835591077
84000,-0.0003290563472546637,3.356067469262314e-07,-3.6886973798274996,2.5425106e-07,0.0,-2.6413626670837402,-0.00013158117653802037
84200,-0.00024074703105725348,2.5769884715032276e-07,-3.6886963069438936,4.0302984e-07,0.0,-1.5420727729797363,-0.00017931817565113305
84400,0.00023256943677552044,2.8574241461853944e-07,-3.688698482513428,3.3318065e-07,0.0,-1.4519813060760498,-0.00014926989533705636
84600,-6.572412530658767e-05,2.978887007287767e-07,-3.688695627450943,1.7648563e-07,0.0,-1.5694019794464111,-0.0001015573856420815
84800,-0.00038596318336203694,4.026529852652061e-07,-3.6886959433555604,3.883615e-07,0.0,-4.014817237854004,-0.00015447300829691813
85000,-0.0003397194086574018,2.880412832695356e-07,-3.6886998891830443,2.5262125e-07,0.0,-2.1568005084991455,-0.0001472293632104993
85200,-0.0006035713595338166,2.870744138405712e-07,-3.6886986613273622,2.2607855e-07,0.0,-8.56699275970459,-0.00012012635124847293
85400,-0.00020412063167896122,3.003679545088289e-07,-3.6886943340301515,1.6693957e-07,0.0,-4.4360504150390625,-0.00010763767058961094
85600,-9.139200119534507e-05,3.277445506100207e-07,-3.688687038421631,1.4365651e-07,0.0,-3.3538131713867188,-9.46799642406404e-05
85800,-0.00011406047269701958,3.6029340666487997e-07,-3.6886863350868224,1.4272518e-07,0.0,-2.2746434211730957,-0.00010432444250909611
86000,-0.00011390927102183923,2.440837366890491e-07,-3.688684320449829,1.2130477e-07,0.0,-6.770280838012695,-8.15980602055788e-05
86200,-0.000359858589945361,3.8359544998201043e-07,-3.6886911034584045,3.8510188e-07,0.0,-2.1353864669799805,-0.00018872403306886555
86400,-0.00017000187654048204,3.245342535151963e-07,-3.68869234919548,1.3317913e-07,0.0,-2.9451487064361572,-8.916829247027636e-05
86600,-0.00010150368325412273,2.393461955740861e-07,-3.6886918604373933,1.2596138e-07,0.0,-4.285685062408447,-9.076536807697266e-05
86800,-0.00023503607371822,2.372983487930469e-07,-3.6886925995349884,1.8975697e-07,0.0,-5.794712543487549,-0.0001263113459572196
87000,-0.00028518898761831224,3.23757855369422e-07,-3.6886960089206697,2.7543865e-07,0.0,-4.750920295715332,-0.0001897792564705014
87200,-0.00017470543389208615,3.385233991792802e-07,-3.688696002960205,2.917368e-07,0.0,-3.2653651237487793,-0.00015808753087185324
87400,-0.0004028677358292043,2.7304114280646274e-07,-3.6886985063552857,2.500601e-07,0.0,-3.507366180419922,-0.00012255952169653027
87600,-0.000274775258731097,3.309875054924305e-07,-3.6886963725090025,2.6728958e-07,0.0,-4.145964622497559,-0.0001246648724190891
87800,-0.00020364268857520074,2.1911787788653215e-07,-3.688691759109497,2.44705e-07,0.0,-4.78803014755249,-0.0001179371087346226
88000,-3.500728416838683e-05,3.9024340807714e-07,-3.688688278198242,3.9068982e-07,0.0,-1.8488624095916748,-0.0001812139729736373
88200,-0.0003323242417536676,2.381650771710042e-07,-3.688687962293625,2.2910535e-07,0.0,-9.045988082885742,-0.00014594531385228037
88400,-0.00021258056221995503,1.946921013740166e-07,-3.688685429096222,2.4097972e-07,0.0,-5.073152542114258,-0.00015173330903053283
88600,-0.0005545965977944434,4.032172491008623e-07,-3.688689148426056,2.826564e-07,0.0,-6.106719017028809,-0.00013334675459191202
88800,-0.00012905674520879984,2.1125880103056716e-07,-3.688685017824173,1.3550743e-07,0.0,-8.027321815490723,-8.308899123221636e-05
89000,-0.00015312967298086733,2.3668973918589132e-07,-3.6886879205703735,1.8300489e-07,0.0,-18.033374786376953,-0.00010547442943789064
89200,-0.00018738061771728098,2.906369703126188e-07,-3.6886889934539795,1.5087426e-07,0.0,-8.206144332885742,-0.00011144292657263576
89400,0.0001457353646401316,2.2702105368921365e-07,-3.6886844754219057,1.8952414e-07,0.0,-13.18835735321045,-0.00010659281397238374
89600,-0.00014708876551594585,3.187970602169798e-07,-3.6886761844158173,2.1536835e-07,0.0,-1.7161998748779297,-0.0001239781267940998
89800,-0.0004710874636657536,4.930614785791931e-07,-3.688683789968491,2.363231e-07,0.0,-3.35642671585083,-0.00015624332008883356
90000,-0.00032375907176174223,3.8029043958331954e-07,-3.688685429096222,1.9697472e-07,0.0,-4.6951985359191895,-0.00010254945300403051
90200,-0.0003972644917666912,2.460298960116347e-07,-3.688685017824173,3.306195e-07,0.0,-9.796310424804688,-0.00018206721870228648
90400,-0.0002333035517949611,2.769184997752916e-07,-3.6886739850044252,3.145542e-07,0.0,-2.64279842376709,-0.00014246422797441481
90600,0.0001918989437399432,4.1785541426975215e-07,-3.6886788308620453,2.2957101e-07,0.0,-1.3899478912353516,-0.00010679487604647875
90800,3.110260877292603e-05,3.2188165239865895e-07,-3.6886793851852415,1.6763806e-07,0.0,-2.4360387325286865,-9.244059910997748e-05
91000,-0.00014143751468509436,3.057043446830221e-07,-3.6886804044246673,1.8370338e-07,0.0,-1.3427555561065674,-0.00012220231583341955
91200,-0.0008469154709018767,2.687404434098539e-07,-3.688676065206528,3.494788e-07,0.0,-2.1442458629608154,-0.0001633510793908499
91400,-0.0004264641902409494,2.9923053332936436e-07,-3.6886709690093995,2.6030466e-07,0.0,-2.4627764225006104,-0.00015148819657042622
91600,-0.00022485120280180126,3.5163867657672653e-07,-3.688673347234726,2.1141022e-07,0.0,-1.413245439529419,-0.0001382355228997767
91800,-0.00038276443956419826,2.140589305810181e-07,-3.688673382997513,1.7066486e-07,0.0,-2.1542279720306396,-0.00012591619160957636
92000,-0.00023327379312831908,3.210155158583916e-07,-3.6886813938617706,2.3585744e-07,0.0,-12.133243560791016,-0.00012518540606833994
92200,-0.00037773235817439854,1.9180541652730198e-07,-3.688675969839096,3.8766302e-07,0.0,-5.469226837158203,-0.000175199075601995
92400,-0.0002638919686432928,1.9641427191352533e-07,-3.688671553134918,2.5960617e-07,0.0,-2.1148810386657715,-0.00015130743850022554
92600,-0.000369700719602406,4.4581312028668665e-07,-3.688679653406143,1.13854185e-07,0.0,-9.056458473205566,-6.968211964704096e-05
92800,-0.0006468140636570752,1.9290038091313023e-07,-3.6886698067188264,2.8149225e-07,0.0,-2.049924850463867,-0.00012802255805581807
93000,-0.0001260748103959486,3.48232938662818e-07,-3.6886691451072693,1.7718412e-07,0.0,-2.0155529975891113,-0.00010977878700941801
93200,3.7471931136678904e-05,4.1703135504889134e-07,-3.6886722803115846,1.4388934e-07,0.0,-2.811306953430176,-0.00010115628829225898
93400,-0.00021865993039682508,3.8558572663660583e-07,-3.6886662244796753,1.5157275e-07,0.0,-2.459242820739746,-0.00010452484712004661
93600,-0.00048243204946629703,3.775660830207528e-07,-3.6886638760566712,1.6344711e-07,0.0,-2.8441920280456543,-0.00011306859669275582
93800,-0.00032994389766827226,3.1829297765240127e-07,-3.688668030500412,2.0046718e-07,0.0,-12.586495399475098,-0.00010850753169506788
94000,2.470039362378884e-05,2.5667573426702007e-07,-3.6886636435985567,1.7532147e-07,0.0,-9.170727729797363,-9.520224994048476e-05
94200,-0.0005085403099656105,2.9637629808121344e-07,-3.688659209012985,2.9383227e-07,0.0,-9.442282676696777,-0.0001683010283159092
94400,-0.00022274199000094086,3.1763171293164305e-07,-3.68865630030632,1.641456e-07,0.0,-1.4682142734527588,-9.888974018394947e-05
94600,-0.00014886748977005482,3.4304959299902294e-07,-3.6886507153511046,2.7008355e-07,0.0,-1.512343406677246,-0.00016177708748728038
94800,-0.00011389997962396592,3.782208199964998e-07,-3.6886639297008514,2.994202e-07,0.0,-0.757206916809082,-0.00013863355852663516
95000,-0.0005503077409230173,1.9032088367509913e-07,-3.688669520616531,3.8114376e-07,0.0,-11.884474754333496,-0.00023012283490970732
95200,-3.7641792005160823e-05,3.054114051437296e-07,-3.6886658847332,1.9837171e-07,0.0,-3.471611976623535,-0.00010625235736370087
95400,-9.631770080886781e-05,2.7051772146791107e-07,-3.6886578798294067,4.5797788e-07,0.0,-1.8413417339324951,-0.0002244262141175568
95600,-0.00030560512095689774,2.9391952471868876e-07,-3.6886565387248993,3.2689422e-07,0.0,-6.936088562011719,-0.00012296661516302264
95800,-5.570391294895671e-05,2.658527153087675e-07,-3.6886595845222474,2.1490268e-07,0.0,-3.6744208335876465,-0.00013383663026615976
96000,-0.00038478305214084685,3.831782234620107e-07,-3.688660144805908,1.5599653e-07,0.0,-13.64945125579834,-0.00010060081258416176
96200,-0.00015080271987244487,3.0861315583052826e-07,-3.6886546492576597,2.6612543e-07,0.0,-2.0806705951690674,-0.0001509327325038612
96400,-0.00029706937493756413,2.533495386813911e-07,-3.6886561036109926,3.7881546e-07,0.0,-1.5202770233154297,-0.00018982363981194793
96600,-0.0006846175529062748,3.5837248439918313e-07,-3.688664597272873,2.7031638e-07,0.0,-10.955543518066406,-0.0001320413313806057
96800,-0.000291358184767887,3.4693147714648377e-07,-3.6886543333530426,2.2351742e-07,0.0,-1.3871619701385498,-0.00014458454679697753
97000,-0.000683273421600461,1.871498488625889e-07,-3.688654589653015,3.2922253e-07,0.0,-3.610164165496826,-0.00016327444463968278
97200,-0.00011240815365454182,3.504994179337473e-07,-3.688660830259323,2.0372681e-07,0.0,-2.909123420715332,-0.0001264643738977611
97400,-8.83249522303231e-05,1.9202366789983217e-07,-3.6886580109596254,2.9453076e-07,0.0,-5.374538421630859,-0.00014896210050210356
97600,-0.000697085983119905,1.4772296612619585e-07,-3.6886610865592955,4.7683716e-07,0.0,-7.744150161743164,-0.00018718820065259932
97800,-0.0001893943699542433,2.924944607407554e-07,-3.688652741909027,1.6810372e-07,0.0,-2.8011462688446045,-9.466212941333652e-05
98000,-9.934512490872294e-05,2.768084200965859e-07,-3.688653939962387,1.8975697e-07,0.0,-4.27638053894043,-0.00011923571655643172
98200,-0.0006847103941254318,3.6146541342318984e-07,-3.688665932416916,1.9581057e-07,0.0,-9.609472274780273,-0.00011056694202125073
98400,-0.0008916369406506419,2.3157889739167103e-07,-3.688658279180527,4.018657e-07,0.0,-7.273262977600098,-0.00019408676307648421
98600,-6.908661453053355e-05,2.469330866006203e-07,-3.6886542618274687,1.701992e-07,0.0,-4.013205528259277,-9.62301972322166e-05
98800,4.333758170105284e-06,2.3524883854264545e-07,-3.6886513411998747,2.1746382e-07,0.0,-3.414306163787842,-0.00013017070596106352
99000,0.0001533177710371092,2.939616777553056e-07,-3.6886565506458284,2.218876e-07,0.0,-4.432748794555664,-0.00011971453204751015
99200,-0.000262528337771073,2.5684964599648197e-07,-3.688645511865616,2.2933818e-07,0.0,-3.489969253540039,-0.0001409028423950076
99400,-8.29786658869125e-05,4.277186004486566e-07,-3.6886547029018404,2.1699816e-07,0.0,-6.216035842895508,-0.00012120444444008172
99600,0.0002743239456322044,2.792880338109427e-07,-3.688651990890503,2.30968e-07,0.0,-10.009617805480957,-9.41962469369173e-05
99800,6.968741945456713e-05,2.0312338566697008e-07,-3.6886522591114046,1.5296973e-07,0.0,-4.0335693359375,-0.0001081771741155535
100000,0.0001677379768807441,1.6791807766480815e-07,-3.6886591494083403,2.1769665e-07,0.0,-5.710049152374268,-9.560724720358849e-05
100200,-0.0002816089545376599,3.245181776634354e-07,-3.688660043478012,2.665911e-07,0.0,-2.0155107975006104,-0.00013665041187778116
100400,-0.00028293722425587475,2.5912941814532076e-07,-3.688661551475525,2.2072345e-07,0.0,-18.332740783691406,-0.0001349983169347979
100600,0.000260188098764047,3.438993825710668e-07,-3.6886497020721434,3.2270327e-07,0.0,-2.2595632076263428,-0.00015538264997303486
100800,-0.00018230777641292661,2.2923881548564395e-07,-3.6886629343032835,2.044253e-07,0.0,-2.933105945587158,-0.00013711890787817537
101000,-0.00035190951894037426,1.2274399061595886e-07,-3.6886594235897063,2.2584572e-07,0.0,-1.6119155883789062,-0.0001443376822862774
101200,0.0001981990790227428,1.4078544463558273e-07,-3.688658583164215,2.3515895e-07,0.0,-6.67601203918457,-0.00011033446644432842
101400,-0.00019331229850649834,3.0499016760998644e-07,-3.6886692464351656,1.534354e-07,0.0,-3.7537031173706055,-9.240473300451413e-05
101600,-7.405370706692338e-05,5.149168828211259e-07,-3.6886688232421876,2.1629967e-07,0.0,-4.697939395904541,-0.0001287763356231153
101800,-3.0101360607659444e-05,1.9309694181401938e-07,-3.6886613428592683,1.3806857e-07,0.0,-2.156558036804199,-0.00010308603523299099
102000,-0.0001334529952146113,1.530844835784251e-07,-3.68865607380867,1.8603168e-07,0.0,-2.393631935119629,-0.0001119233900681138
102200,-0.00026882931706495583,2.886707779481412e-07,-3.688662075996399,2.0232983e-07,0.0,-4.732910633087158,-0.00010325276525691152
102400,-0.0002583841560408473,3.307210574732267e-07,-3.688659316301346,1.8975697e-07,0.0,-0.968450665473938,-0.00010336574632674456
102600,-0.00039551855297759175,2.41933105549208e-07,-3.68865761756897,2.3236498e-07,0.0,-7.307947158813477,-0.0001149568590335548
102800,-0.00014686321082990617,2.0445683475145414e-07,-3.688660031557083,2.1257438e-07,0.0,-13.458514213562012,-0.00010940764332190156
103000,-8.646386413602158e-05,2.2014787470769903e-07,-3.6886577129364015,2.1629967e-07,0.0,-2.3029348850250244,-0.00013754715328104795
103200,-0.000418567011365667,2.4968706746619773e-07,-3.688644766807556,2.1094456e-07,0.0,-3.729005813598633,-0.00010923801455646754
103400,-0.0004792449180968106,2.0177000799037613e-07,-3.6886439323425293,1.7788261e-07,0.0,-4.051727294921875,-0.00010684561566449702
103600,0.0005118574481457472,1.4874551554910908e-07,-3.6886357605457305,4.0931627e-07,0.0,-2.5185086727142334,-0.00019069587578997017
103800,-0.0005755330785177648,1.7765121582691278e-07,-3.688637191057205,3.0221418e-07,0.0,-3.717494487762451,-0.00014205785701051354
104000,-0.00025075094890780747,1.8680596509668134e-07,-3.6886438131332397,2.7264468e-07,0.0,-14.882776260375977,-0.0001494089839980006
104200,-0.0002489082980901003,2.409601886022017e-07,-3.688640761375427,1.3643876e-07,0.0,-10.4329195022583,-8.107228204607963e-05
104400,5.7302535424241796e-05,2.3435449669761965e-07,-3.688644194602966,2.8684735e-07,0.0,-1.6803593635559082,-0.0001073267892934382
104600,-0.000321676314342767,3.064048971879174e-07,-3.688633155822754,2.2235326e-07,0.0,-4.854644298553467,-0.00011344542726874352
104800,-0.000539398577529937,1.8539502177894462e-07,-3.688636028766632,2.5634654e-07,0.0,-10.109953880310059,-0.00012233578599989413
105000,-0.0007480058120563626,3.018779123564741e-07,-3.6886308431625365,2.779998e-07,0.0,-2.746976137161255,-0.00013808180519845337
105200,-0.00017471508181188256,2.02031091411925e-07,-3.688620960712433,1.7276034e-07,0.0,-3.780562400817871,-0.00011035301722586154
105400,-0.0006188710103742778,1.936356429865782e-07,-3.6886306583881376,5.0640665e-07,0.0,-5.4535231590271,-0.00018587695085443557
105600,0.0001511867594672367,1.5510393440720805e-07,-3.6886310338974,2.0232983e-07,0.0,-3.5035881996154785,-0.00010736102121882141
105800,0.00013584359840024263,3.9808875107461006e-07,-3.688632607460022,1.9208528e-07,0.0,-5.367554664611816,-0.00011351568391546608
106000,-0.0002488298632670194,2.0357825825101372e-07,-3.688627415895462,2.2910535e-07,0.0,-2.731165885925293,-0.00012102862820029259
106200,-0.00021625660883728415,2.7870612022695697e-07,-3.688635069131851,1.0128133e-07,0.0,-6.527012348175049,-8.068308234214783e-05
106400,-0.000354647112544626,2.186675911453051e-07,-3.688631170988083,2.5471672e-07,0.0,-2.7250425815582275,-0.00014542030403390526
106600,-0.0002382248203502968,3.484246262175361e-07,-3.688629299402237,1.4016405e-07,0.0,-1.946446180343628,-9.399043628945946e-05
106800,-0.00037165023968555033,1.9097972456805223e-07,-3.688627374172211,2.0675361e-07,0.0,-2.3204739093780518,-0.00013745758915320038
107000,-0.00024056999245658517,3.0941861108857436e-07,-3.688638699054718,3.0873343e-07,0.0,-3.1609835624694824,-0.00015088786603882908
107200,-0.0001224697334691882,3.6455654726097466e-07,-3.6886322498321533,1.8719584e-07,0.0,-2.167966842651367,-0.00011485134018585086
107400,3.9916221794555895e-06,2.5706939474900994e-07,-3.6886389553546906,1.5785918e-07,0.0,-8.516728401184082,-0.00010704188607633114
107600,0.00019876709848176688,2.285965179815719e-07,-3.6886348009109495,1.785811e-07,0.0,-3.4253129959106445,-8.759308839216829e-05
107800,-0.0002916513185482472,1.6258100048460734e-07,-3.6886314034461973,2.2817403e-07,0.0,-5.793177604675293,-0.00011799948406405747
108000,-0.00022197444923222065,2.0125961031070005e-07,-3.6886267602443694,2.370216e-07,0.0,-1.8758399486541748,-0.00011292831040918828
108200,-7.624395220773295e-05,3.005620949458887e-07,-3.688635289669037,3.1176023e-07,0.0,-5.300892353057861,-0.0001788712339475751
108400,-0.00010696586105041206,2.3287201926791569e-07,-3.688628542423248,1.7229468e-07,0.0,-1.7476210594177246,-8.002638351172209e-05
108600,-0.0004315311380196363,2.495369308519457e-07,-3.6886211395263673,2.9802322e-07,0.0,-1.6226553916931152,-0.00016265150625258685
108800,-0.00040676005301065743,3.416543101764091e-07,-3.688631671667099,2.332963e-07,0.0,-7.469024658203125,-0.00014854863984510304
109000,-0.00016604564734734595,1.917753757574303e-07,-3.6886336266994477,2.1164306e-07,0.0,-1.752873182296753,-0.00013281088322401047
109200,-0.00048346866969950497,2.424325302285979e-07,-3.688624632358551,1.8579885e-07,0.0,-2.118335723876953,-9.706735145300626e-05
109400,-0.0007595055503770709,1.5946725913096315e-07,-3.688623774051666,4.558824e-07,0.0,-3.102339744567871,-0.00017735888686729596
109600,3.3971307857427746e-05,2.0537473055526334e-07,-3.688620376586914,2.3562461e-07,0.0,-2.0668296813964844,-0.00012666720431298018
109800,-0.0002907638263422996,1.7488807948495833e-07,-3.6886212170124053,2.0978041e-07,0.0,-3.7233567237854004,-0.0001296292117331177
110000,-0.00017807444965001196,2.603699174485996e-07,-3.688621735572815,1.4808029e-07,0.0,-5.034318923950195,-0.00010965553810819984
110200,-3.2661166187608615e-05,1.9876130714635564e-07,-3.6886170327663423,2.1001324e-07,0.0,-1.376514196395874,-0.00011872757459059357
110400,-0.00022256099327933043,1.6796219473036445e-07,-3.688616323471069,3.108289e-07,0.0,-3.6958274841308594,-0.00011334398877806961
110600,-0.00023505068384110928,1.819407671632689e-07,-3.688624918460846,2.1862797e-07,0.0,-8.916313171386719,-0.00012204339727759362
110800,-0.0005925822188146412,1.804128114457626e-07,-3.6886295914649962,2.59839e-07,0.0,-1.2518041133880615,-0.00014758779434487224
111000,-0.0006549499230459332,1.1804449568941777e-07,-3.6886252224445344,2.8358772e-07,0.0,-1.5688598155975342,-0.00014325982483569532
111200,-0.000319579616189003,2.2677994762076992e-07,-3.688615971803665,2.5355257e-07,0.0,-0.9657076597213745,-0.00012077989522367716
111400,0.00017252149700652808,2.1907368701334918e-07,-3.6886165618896483,1.2270175e-07,0.0,-3.890681266784668,-8.132178336381913e-05
111600,-0.00020368404511827976,1.5410521285730284e-07,-3.688621699810028,2.880115e-07,0.0,-3.1577086448669434,-0.0001700419350527227
111800,-0.00041361956391483545,4.530642680578012e-07,-3.688617640733719,2.5168993e-07,0.0,-2.8140392303466797,-0.00011751287966035306
112000,-0.0003849266213364899,1.819614475095932e-07,-3.688613677024841,2.0652078e-07,0.0,-2.2780420780181885,-0.00013372213579714297
112200,-0.00020698319713119417,2.0394360369380138e-07,-3.6886100471019745,2.074521e-07,0.0,-9.185670852661133,-0.00012188240652903915
112400,-5.6176952057285234e-05,2.752474999923038e-07,-3.6886134684085845,3.1106174e-07,0.0,-5.49691104888916,-0.00015213581500574946
112600,-0.00012414404773153365,2.2448383001361095e-07,-3.68860918879509,1.9324943e-07,0.0,-1.9061007499694824,-0.00011545857123564928
112800,-0.0005426630959846079,2.065317492139229e-07,-3.6886181056499483,2.0628795e-07,0.0,-7.12984561920166,-0.0001187560148537159
113000,-0.00011734848521882668,1.5351422568699036e-07,-3.688606709241867,2.605375e-07,0.0,-4.754092693328857,-0.00011606836342252791
113200,-0.00033860988332889974,2.9927665323725705e-07,-3.6886184573173524,1.762528e-07,0.0,-3.2153711318969727,-0.00010537713533267378
113400,-0.00018415336671750993,2.9491818533955436e-07,-3.688622933626175,2.0232983e-07,0.0,-6.784332752227783,-0.00011982741998508572
113600,-0.00029951645410619676,2.0340319490941282e-07,-3.6886210560798647,1.8440187e-07,0.0,-0.21281838417053223,-0.00012443800223991275
113800,-4.187237937003374e-05,3.734385945364238e-07,-3.68862047791481,1.7159618e-07,0.0,-4.909729480743408,-0.00010890981648117303
114000,-0.0005361702060326934,3.098682746838222e-07,-3.688611787557602,2.759043e-07,0.0,-1.6027543544769287,-0.00014013056643307208
114200,-0.000477697147289291,1.845934660238413e-07,-3.688626140356064,3.5390258e-07,0.0,-5.710725784301758,-0.00020031025633215904
114400,2.5315008315374143e-05,8.675372926703062e-08,-3.688618117570877,4.1909516e-07,0.0,-4.768013000488281,-0.00020554045913740994
114600,-0.0003080846800003201,1.8410331446006011e-07,-3.688621109724045,3.0221418e-07,0.0,-1.804478645324707,-0.0001553793204948306
114800,-0.00040618955972604454,2.7425904676192657e-07,-3.6886313796043395,2.6077032e-07,0.0,-5.786057472229004,-0.00015377525123767556
115000,-0.0006280281231738627,1.8083230148846497e-07,-3.6886277079582213,4.491303e-07,0.0,-4.247010231018066,-0.0001858321949839592
115200,-0.0002244460629299283,2.3473479799918094e-07,-3.688636988401413,1.671724e-07,0.0,-2.054112672805786,-0.0001098954351618886
115400,-0.00030285416869446635,2.2114258380057095e-07,-3.688632732629776,1.4551915e-07,0.0,-0.9969183206558228,-0.00010509334970265627
115600,1.780059938027989e-05,1.635861482274237e-07,-3.6886348605155943,1.1920929e-07,0.0,-14.484944343566895,-7.265425520017744e-05
115800,-0.0006995125440880656,1.3179896276582781e-07,-3.688629996776581,3.289897e-07,0.0,-1.0587754249572754,-0.00015249622520059348
116000,-0.0002468576712999493,2.433911275634415e-07,-3.688634902238846,2.4866313e-07,0.0,-2.1435458660125732,-0.00010106416302733124
116200,-0.0002776407927740365,2.1318932068581377e-07,-3.6886474192142487,2.2375025e-07,0.0,-12.00915813446045,-9.762843837961555e-05
116400,-0.00012695175246335566,2.5519503612514425e-07,-3.6886405885219573,1.2549572e-07,0.0,-3.53336238861084,-8.40499997138977e-05
116600,-0.000790142803452909,1.4259151512874268e-07,-3.6886386811733245,4.1071326e-07,0.0,-1.0946555137634277,-0.00017188680358231067
116800,-0.0004541762755252421,2.1682321555971383e-07,-3.688637840747833,2.5425106e-07,0.0,-2.4430878162384033,-0.0001336046727374196
117000,-0.00011301557970000431,1.795275651250705e-07,-3.688636898994446,2.2631139e-07,0.0,-3.6911301612854004,-0.0001269992324523628
117200,-0.00021115010895300657,1.5723987658589068e-07,-3.688636785745621,2.15834e-07,0.0,-8.626309394836426,-0.00013517353218048812
117400,-7.546273991465569e-05,2.1755492074504446e-07,-3.6886372745037077,2.0279549e-07,0.0,-1.2688488960266113,-0.0001365148345939815
117600,-4.300030559534207e-05,1.9495575731554027e-07,-3.688631021976471,2.416782e-07,0.0,-1.869849681854248,-0.00014839611976640298
117800,-0.00035748392110690475,3.129524440481646e-07,-3.6886470019817352,1.8044375e-07,0.0,-12.350126266479492,-8.647041395306587e-05
118000,0.00011106167221441865,1.863831716519826e-07,-3.6886233508586885,2.416782e-07,0.0,0.20407390594482422,-0.00013580386294052005
118200,-0.0005738248582929373,1.9086042986060646e-07,-3.688627505302429,3.471505e-07,0.0,-3.4306812286376953,-0.0001698856591247022
118400,-3.0451450584223494e-05,2.014115079163048e-07,-3.6886347830295563,3.532041e-07,0.0,-3.425837516784668,-0.0001695077633485198
118600,-0.00017229713557753712,2.98063662107495e-07,-3.688622307777405,1.792796e-07,0.0,-7.41152286529541,-0.00012388734612613916
118800,-0.0006548335659317672,1.9534694297718148e-07,-3.688626217842102,3.532041e-07,0.0,-1.266632080078125,-0.0001575055764988065
119000,-0.00042948382906615734,1.823517212784509e-07,-3.68862566947937,2.386514e-07,0.0,-6.5619940757751465,-0.00015918686985969544
119200,-0.0002475795045029372,2.2425100461020974e-07,-3.688627028465271,2.5401823e-07,0.0,-6.433252334594727,-0.0001394824357703328
119400,-0.000699569471180439,3.393974001397737e-07,-3.6886310815811156,2.621673e-07,0.0,-6.465663433074951,-0.00013785196933895348
119600,-0.00021665170788764954,1.452034382509737e-07,-3.6886272192001344,1.6950071e-07,0.0,-0.17963969707489014,-0.00010488603729754686
119800,-0.0003004539175890386,2.2503218861658069e-07,-3.6886184453964233,2.7264468e-07,0.0,-3.1574864387512207,-0.0001413246849551797
120000,-0.00043934397399425507,8.837051419519071e-08,-3.6886211812496184,2.0326115e-07,0.0,-7.619964599609375,-9.767896845005452e-05
120200,-0.0006081784958951175,2.50532685974747e-07,-3.688614684343338,2.8754584e-07,0.0,-2.0939218997955322,-0.00015776592190377414
120400,-0.0005133924423716962,1.8709814870732088e-07,-3.6886276721954347,4.6030618e-07,0.0,-4.383084297180176,-0.00019048619433306157
120600,-0.00048067671013996005,1.9924953220673558e-07,-3.6886250138282777,1.8649735e-07,0.0,-2.7776122093200684,-0.00010595305357128382
120800,-0.0002865176065824926,1.568720339406582e-07,-3.6886108577251435,2.2700988e-07,0.0,-2.0520107746124268,-0.0001180891296826303
121000,-0.00019550703291315585,1.7268730685415789e-07,-3.688623529672623,1.8859282e-07,0.0,-2.888731002807617,-0.00012197557371109724
121200,-0.0002615233534015715,2.403192752353789e-07,-3.6886229872703553,1.9976869e-07,0.0,-3.0479378700256348,-0.0001159300678409636
121400,4.9929800297832116e-05,1.7913345633502332e-07,-3.6886106133461,2.1024607e-07,0.0,-4.454137802124023,-9.53663606196642e-05
121600,-0.00021447405742947012,1.324344200082095e-07,-3.688618141412735,2.3795292e-07,0.0,-2.862494468688965,-0.00011894770432263613
121800,-0.00024048989871516824,2.1631506492703067e-07,-3.688631993532181,3.32715e-07,0.0,-7.598504066467285,-0.00015917845448711886
122000,-0.0002536838292144239,2.4190631595644165e-07,-3.688629776239395,1.1618249e-07,0.0,-3.3854403495788574,-7.514815661124885e-05
122200,-0.00033412285847589374,2.865694336051661e-07,-3.688620913028717,1.3387762e-07,0.0,-2.2874667644500732,-8.546019089408218e-05
122400,-3.6246976833353983e-06,2.396487967182281e-07,-3.6886248350143434,2.1164306e-07,0.0,-1.7644882202148438,-0.00012735372947645374
122600,-0.00034450081875547767,2.933468731924904e-07,-3.6886115670204163,1.9418076e-07,0.0,-0.9314736127853394,-0.00011181641602888703
122800,0.00042843559640459716,1.7875814286583137e-07,-3.688611775636673,3.2992102e-07,0.0,-1.210986614227295,-0.0001397730957251042
123000,-0.00017462403047829866,1.6683889745294777e-07,-3.688618224859238,2.3166649e-07,0.0,-3.4083900451660156,-0.00016253928188234568
123200,-0.00020150578347966075,2.143982696711788e-07,-3.688615870475769,1.7532147e-07,0.0,-2.4353742599487305,-0.00011162534356117249
123400,-0.0006015162798576057,2.1252050830256053e-07,-3.68862042427063,2.0116568e-07,0.0,-2.4424049854278564,-0.00010775645496323705
123600,-5.4089836339699104e-05,2.381973315479513e-07,-3.688624584674835,2.2025779e-07,0.0,-8.257181167602539,-0.00014525958395097404
123800,-0.00010770617518574,1.8253429558967583e-07,-3.6886051297187805,1.6274862e-07,0.0,-1.5171353816986084,-0.00011059509124606847
124000,-0.0003051195526495576,1.892782892198852e-07,-3.6886004745960235,2.705492e-07,0.0,-4.1045942306518555,-0.00015138792805373668
124200,-0.0009534099954180419,1.474898613018638e-07,-3.688608330488205,5.145557e-07,0.0,-2.1745166778564453,-0.0002146680955775082
124400,4.483915836317465e-05,1.5803215260845605e-07,-3.6886016011238096,3.357418e-07,0.0,-2.3486456871032715,-0.00015229923883453012
124600,-0.00035321267205290496,3.726517178392896e-07,-3.6886199831962587,2.0186417e-07,0.0,-9.44076919555664,-0.00010656245867721737
124800,-0.0006201798096299171,1.6791336330257422e-07,-3.6886044919490812,2.6077032e-07,0.0,-1.0547983646392822,-0.00011669397354125976
125000,-0.0005587791092693806,1.7410678809781643e-07,-3.6885986149311067,3.920868e-07,0.0,-4.002696514129639,-0.00018939438741654157
125200,-0.00021143854246474802,1.7053973406788713e-07,-3.6885903418064117,2.6612543e-07,0.0,-3.44630765914917,-0.00011418904177844525
125400,-0.00021430930064525455,2.512821440703306e-07,-3.688590395450592,1.534354e-07,0.0,-2.908559560775757,-0.00010718825506046414
125600,-0.0006136317970231175,2.1771723091035255e-07,-3.6885941207408903,3.487803e-07,0.0,-2.6142561435699463,-0.00018166227964684368
125800,-0.00015930314839351922,3.400385830687469e-07,-3.6885699927806854,2.1606684e-07,0.0,-0.7204937934875488,-0.00011812634766101837
126000,4.5217257138574496e-05,1.9360007570412562e-07,-3.6885711669921877,1.7159618e-07,0.0,-4.78214693069458,-0.00010784158948808908
126200,6.287395081017166e-05,1.608698046773327e-07,-3.6885641634464266,2.954621e-07,0.0,-1.4968314170837402,-0.00016312422230839728
126400,-0.0005907213781028986,2.6513781952175465e-07,-3.6885760188102723,3.9488077e-07,0.0,-6.449056148529053,-0.00020727481751237065
126600,-0.00013589802256319672,1.681781236939628e-07,-3.6885565519332886,2.9592775e-07,0.0,-2.0147335529327393,-0.00014087646268308164
126800,-0.0004346086934674531,1.7853235916298616e-07,-3.6885593235492706,2.8847717e-07,0.0,-3.387460231781006,-0.00015859095146879553
127000,-0.00040729361353442073,1.7032189680854515e-07,-3.6885825514793398,2.2351742e-07,0.0,-8.09896469116211,-0.0001145906513556838
127200,-0.0002009212621487677,2.3932736334941753e-07,-3.6885514557361603,2.1839514e-07,0.0,-3.6024556159973145,-0.00013412231346592306
127400,-0.00047575682401657104,1.7796107769640913e-07,-3.6885591447353363,2.5588088e-07,0.0,-3.8746185302734375,-0.00014598146663047373
127600,-4.018849358544685e-05,1.3353132946036795e-07,-3.6885500311851502,1.8510036e-07,0.0,-1.999549388885498,-9.647547267377377e-05
127800,-0.000135710826725699,3.5679479264416615e-07,-3.6885503947734835,1.3993122e-07,0.0,-2.259845733642578,-9.972623083740473e-05
128000,-0.00015211052959784865,2.4231276123387603e-07,-3.6885635256767273,1.9790605e-07,0.0,-12.845097541809082,-0.00011922745034098625
128200,-0.0007354673580266535,1.8879416625594557e-07,-3.6885442197322846,3.213063e-07,0.0,-1.5222039222717285,-0.00014570158091373742
128400,-7.647776510566473e-05,1.287690437834499e-07,-3.6885383427143097,1.671724e-07,0.0,-0.39967799186706543,-0.00010874611325562
128600,-0.0007224446162581444,1.7651106887228707e-07,-3.6885524332523345,3.5436824e-07,0.0,-3.2888145446777344,-0.0001729214796796441
128800,-1.2674440768023487e-05,2.845900823889025e-07,-3.688568580150604,1.3574027e-07,0.0,-1.7289206981658936,-7.935608737170696e-05
129000,-0.0001584629062563181,1.5092649858772232e-07,-3.688554495573044,2.430752e-07,0.0,-1.3708136081695557,-0.00012328176526352764
129200,-0.0004887471441179514,1.8385434312762073e-07,-3.6885522484779356,1.3737008e-07,0.0,-6.121617794036865,-8.764114463701844e-05
129400,-0.0003577693714760244,1.3679531738475247e-07,-3.688536709547043,4.421454e-07,0.0,-7.616052627563477,-0.00018198808684246614
129600,-3.824953819275834e-05,2.5339268976409813e-07,-3.6885477125644686,2.6240014e-07,0.0,-0.24902546405792236,-0.0001423580921255052
129800,-0.0008664444903843105,2.7336664265575905e-07,-3.6885363101959228,4.910398e-07,0.0,-3.8025827407836914,-0.0002445649413857609
130000,-0.0005407974822446704,2.0510775420312654e-07,-3.688541680574417,2.8219074e-07,0.0,-2.4118881225585938,-0.00012329183518886567
130200,-0.0003786856832448393,1.2863627221193497e-07,-3.688539904356003,2.4051405e-07,0.0,-4.721124649047852,-0.00015241920482367277
130400,5.693560160580091e-05,2.3107341187156294e-07,-3.688567715883255,2.0000152e-07,0.0,-19.411666870117188,-9.338892996311188e-05
130600,-0.0002082868741126731,1.5745227308627818e-07,-3.688546693325043,3.2456592e-07,0.0,-0.4168046712875366,-0.00015033081290312112
130800,-0.0005653008702211082,1.7859204128889417e-07,-3.6885681629180906,4.1048042e-07,0.0,-7.105298042297363,-0.0001578283787239343
131000,-0.0001297154522035271,1.8969414830039e-07,-3.6885625600814818,2.0093285e-07,0.0,-5.794440269470215,-0.00010104922112077474
131200,-0.0002448190934956074,1.3450671456638475e-07,-3.6885280132293703,1.8277206e-07,0.0,-2.9062798023223877,-0.00011118378006358398
131400,-0.000403431971790269,2.8524341786351217e-07,-3.6885403394699097,2.1071173e-07,0.0,-1.7073678970336914,-0.00011165134128532372
131600,-0.0008635128033347428,2.4881358031692e-07,-3.688536375761032,1.1196826e-06,0.0,-3.8902411460876465,-0.00023292190162464975
131800,-0.0002707525563891977,2.3703755687165539e-07,-3.688548904657364,2.111774e-07,0.0,-6.087977886199951,-0.00011780067579820752
132000,-0.00021986612409818918,2.8296065259780787e-07,-3.688553112745285,1.5413389e-07,0.0,-2.0458900928497314,-0.00010567621793597937
132200,-0.00017649382061790675,2.9903676956877234e-07,-3.6885578870773315,2.933666e-07,0.0,-2.318463087081909,-0.00013118741335347295
132400,-0.0005518350517377257,1.7226675304016225e-07,-3.688532680273056,2.044253e-07,0.0,-0.20880639553070068,-0.00010363132460042835
132600,-0.0003912438696715981,2.761118871319468e-07,-3.688536214828491,1.9883737e-07,0.0,-2.1769728660583496,-0.0001042611664161086
132800,2.7609123208094388e-05,2.3060058236268332e-07,-3.688547247648239,1.208391e-07,0.0,-3.2492103576660156,-8.020334644243121e-05
133000,-4.434213042259216e-05,2.055196645756041e-07,-3.6885325431823732,1.9464642e-07,0.0,-2.255296230316162,-0.00012056227424181998
133200,-0.00015009801427368075,1.2164617579912829e-07,-3.688538247346878,1.9231811e-07,0.0,-3.0003976821899414,-0.00014093866338953375
133400,-0.0004822004702873528,1.4639867957910723e-07,-3.6885401546955108,3.3387914e-07,0.0,-0.6218429803848267,-0.00016571589512750506
133600,-0.00010585247218841687,1.2866520009424677e-07,-3.6885545194149016,1.8323772e-07,0.0,-0.5079692602157593,-0.0001181294210255146
133800,-0.0003433862002566457,3.523739703581441e-07,-3.688538354635239,2.0978041e-07,0.0,-0.7931123971939087,-0.0001123402500525117
134000,-0.0005046245642006397,2.3297408233702299e-07,-3.6885414123535156,2.507586e-07,0.0,-2.614946126937866,-0.00012401228304952382
134200,-0.0005400990485213697,1.4405492185787238e-07,-3.6885452210903167,2.5867485e-07,0.0,-3.3586878776550293,-0.00014355082530528306
134400,-7.425584772136062e-05,1.2210735755857627e-07,-3.6885576009750367,2.5029294e-07,0.0,-4.330713272094727,-0.0001287579580093734
134600,-4.582984547596425e-05,2.3026740549880743e-07,-3.6885499119758607,2.7543865e-07,0.0,-1.3303170204162598,-0.0001386665739119053
134800,-0.0002496151137165725,1.671265446923087e-07,-3.6885412096977235,2.1513551e-07,0.0,-5.293429374694824,-0.00010691443894756958
135000,-0.0004644706496037543,1.5301415716706402e-07,-3.688544672727585,2.081506e-07,0.0,-2.0611417293548584,-0.00010768382635433227
135200,-0.00058376369997859,2.0583943989294083e-07,-3.6885458171367644,3.266614e-07,0.0,-4.177205562591553,-0.00016362781752832234
135400,-0.00029584765434265137,2.0295127907132836e-07,-3.688528335094452,2.7404167e-07,0.0,-2.101686954498291,-0.00014800166245549918
135600,-0.00019410555250942707,9.4981986453746e-08,-3.6885208427906035,2.2118911e-07,0.0,-1.4062631130218506,-0.00013330287765711546
135800,-8.182286364899483e-06,2.3856793138765655e-07,-3.6885293424129486,1.5483238e-07,0.0,-4.088072299957275,-8.52215220220387e-05
136000,-0.00036881034611724317,2.982510025839602e-07,-3.688521593809128,1.9441359e-07,0.0,-2.3939099311828613,-0.00012621209025382997
136200,-0.0002461883414071053,2.0913746889839047e-07,-3.6885223925113677,3.343448e-07,0.0,-0.5207868814468384,-0.00013184061972424388
136400,-0.00014166896289680153,2.126819067527208e-07,-3.6885221004486084,2.0558946e-07,0.0,-4.4007391929626465,-0.00013278183760121465
136600,-9.684814722277224e-05,2.2872023279774113e-07,-3.6885134518146514,2.8428622e-07,0.0,-2.4694859981536865,-0.00014033581828698516
136800,-0.00047129805898293853,2.010833331844708e-07,-3.688514566421509,2.0861626e-07,0.0,-5.539267063140869,-0.0001298380084335804
137000,-0.0006045894115231931,2.0295040732420943e-07,-3.688526654243469,4.6216883e-07,0.0,-4.184671878814697,-0.0002060198108665645
137200,-0.00034274571225978434,3.1728992242463507e-07,-3.688529884815216,2.5425106e-07,0.0,-4.12619686126709,-0.00011090533080277964
137400,-0.00041271073860116303,1.9159434891946602e-07,-3.688522219657898,3.0524097e-07,0.0,-1.7609286308288574,-0.00015290763694792987
137600,-0.00012958928709849715,2.1308501807482116e-07,-3.6885155737400055,2.5820918e-07,0.0,-1.5320920944213867,-0.00013441533083096145
137800,-0.0005162387387827039,2.2984671748105258e-07,-3.6885311901569366,2.8754584e-07,0.0,-5.537577152252197,-0.00013815511483699082
138000,-0.00017304830544162542,2.1478975948951983e-07,-3.6885083496570585,2.4214387e-07,0.0,-1.4344699382781982,-0.00013871814589947463
138200,-4.7749119403306395e-05,3.1081355906792395e-07,-3.688500386476517,1.7299317e-07,0.0,-3.2334179878234863,-9.440448484383523e-05
138400,0.00017902643594425172,2.3057309412877202e-07,-3.6885000824928285,3.9394945e-07,0.0,-1.1316006183624268,-0.00016228014719672502
138600,-0.00056602613767609,1.243084431834518e-07,-3.688499701023102,2.2118911e-07,0.0,-5.3899431228637695,-0.00011830782750621438
138800,-0.00059315754333511,1.4256738891660348e-07,-3.6884867429733275,2.954621e-07,0.0,-1.267913579940796,-0.0001216922391904518
139000,-0.00039183051558211446,1.5886705124756871e-07,-3.688501441478729,2.9313378e-07,0.0,-0.8897953033447266,-0.00017269111704081296
139200,-2.1673968149116263e-05,2.9611984633248765e-07,-3.6884964168071748,1.5972182e-07,0.0,-6.822575569152832,-9.410639759153128e-05
139400,-0.0006767688901163638,1.9487378222216023e-07,-3.6884989857673647,3.091991e-07,0.0,-8.364030838012695,-0.00013337410055100918
139600,-0.0007996821659617126,1.851681483699963e-07,-3.6884990990161897,5.5646524e-07,0.0,-3.1802611351013184,-0.00021718658972531558
139800,-0.0002874920901376754,2.7906511057551597e-07,-3.68849321603775,3.3923425e-07,0.0,-2.542080879211426,-0.0001841369259636849
140000,-0.00022881818586029112,1.9322094786389242e-07,-3.6885032773017885,2.5867485e-07,0.0,-9.66775131225586,-0.00013539905194193125
140200,-5.701473855879158e-05,2.1216159868941985e-07,-3.688499665260315,1.7718412e-07,0.0,-4.136163234710693,-0.00011288359528407454
140400,-0.0001639439578866586,1.7701197885244824e-07,-3.6884997308254244,2.0861626e-07,0.0,-1.5786988735198975,-0.00012530506355687976
140600,-0.0005070429178886116,8.196093319590147e-08,-3.6884928047657013,3.1362288e-07,0.0,-1.5629665851593018,-0.00014951435732655228
140800,4.861876368522644e-05,2.1139836263728285e-07,-3.688495808839798,4.1071326e-07,0.0,-4.418545722961426,-0.000165741634555161
141000,-0.0005506944726221263,1.9165072702165275e-07,-3.688506919145584,3.091991e-07,0.0,-2.855329990386963,-0.00015718088834546507
141200,-0.0002199403679696843,2.1077098271149454e-07,-3.6885012328624724,2.3562461e-07,0.0,-4.063228607177734,-0.00014453241601586342
141400,-1.2909267752547748e-05,1.575320358604415e-07,-3.6885020792484284,1.6903505e-07,0.0,-14.397176742553711,-8.321191417053342e-05
141600,-0.00019220127433072776,1.8699411175049363e-07,-3.688499855995178,2.3050234e-07,0.0,-6.4064154624938965,-0.00011437130160629749
141800,-0.00013012228009756655,9.526245463575833e-08,-3.688490754365921,3.4482218e-07,0.0,-0.5743211507797241,-0.00017714322893880308
142000,-0.00030280702048912644,1.2934350142046468e-07,-3.688496744632721,3.494788e-07,0.0,-5.904778003692627,-0.00014704760687891393
142200,-3.2549355637456756e-06,1.6783582053037093e-07,-3.688516026735306,2.7474016e-07,0.0,-8.754215240478516,-0.00013873901625629514
142400,-0.00048649575910530984,2.126681754255344e-07,-3.688513493537903,2.3422763e-07,0.0,-2.3370862007141113,-0.00011501929257065057
142600,-0.0008837060886435211,1.6845155954570145e-07,-3.688492053747177,3.874302e-07,0.0,-0.7476743459701538,-0.0001798345474526286
142800,-4.147528306930326e-05,2.619757863087102e-07,-3.688516902923584,2.917368e-07,0.0,-2.4183647632598877,-0.00013772996608167886
143000,-4.745475234813057e-05,2.0933234257114464e-07,-3.6885137856006622,2.2887252e-07,0.0,-2.852116823196411,-0.000127735822024988
143200,-0.00021136688883416355,2.752697592534048e-07,-3.688505858182907,4.079193e-07,0.0,-13.68437671661377,-0.00018141826149076223
143400,-0.0001828677486628294,1.3845437045745258e-07,-3.6885041296482086,1.4482066e-07,0.0,-6.85689640045166,-7.803352782502771e-05
143600,-0.000306925387121737,2.842894721410971e-07,-3.688521957397461,3.511086e-07,0.0,-5.125192642211914,-0.0001925793243572116
143800,-0.0004250087949912995,1.4283238631840333e-07,-3.688506782054901,2.651941e-07,0.0,-1.8788959980010986,-0.00013427024387056009
144000,-0.000667641288600862,1.4150315994498896e-07,-3.6885025799274445,4.4121407e-07,0.0,-1.2134714126586914,-0.00018576888833194972
144200,-0.0006543168565258384,2.604429873542813e-07,-3.688497656583786,3.8719736e-07,0.0,-1.4303474426269531,-0.00016028053360059858
144400,-0.0004543978429865092,1.6100216555514634e-07,-3.6885021686553956,2.0954758e-07,0.0,-0.5355864763259888,-0.00011163270100951194
144600,-0.000615407363511622,1.3776260594511313e-07,-3.6885160386562346,3.9255247e-07,0.0,-1.2869086265563965,-0.00015767248114570976
144800,1.3848304661223665e-05,3.097791552164608e-07,-3.6885080695152284,1.4319085e-07,0.0,-1.6545815467834473,-7.220462430268526e-05
145000,-0.0005048986640758812,1.8238947756543667e-07,-3.6885120809078216,2.2212043e-07,0.0,-0.6132923364639282,-0.000141678997897543
145200,-0.00026352854911237955,2.601096918297685e-07,-3.688496619462967,1.7439015e-07,0.0,-2.2483012676239014,-0.00011472846672404558
145400,-0.00044083589455112815,2.0789942443144582e-07,-3.6885039269924165,2.1443702e-07,0.0,-1.587399959564209,-0.000128957349807024
145600,-0.0004722173325717449,1.4611551311105586e-07,-3.6885006725788116,1.8626451e-07,0.0,-1.4709298610687256,-0.00011795854661613702
145800,-0.00029831405845470726,1.4638364236319036e-07,-3.688495022058487,1.8742867e-07,0.0,-1.3902456760406494,-0.00011522353161126375
146000,-0.0002490062324795872,1.8682857358953697e-07,-3.6885063529014586,2.7311035e-07,0.0,-1.6462161540985107,-0.00015992311527952553
146200,-5.017220973968506e-05,1.413365340319217e-07,-3.6885020434856415,2.416782e-07,0.0,-4.00286340713501,-0.00012576685985550285
146400,-0.000481059163575992,1.4253234841277164e-07,-3.6885058641433717,2.689194e-07,0.0,-5.150272846221924,-0.00012745088897645474
146600,-0.0003024349280167371,2.2849208534125864e-07,-3.688514453172684,2.9616058e-07,0.0,-2.0269246101379395,-0.00015081178862601518
146800,0.0003627362020779401,1.988464214619512e-07,-3.688500839471817,4.8149377e-07,0.0,-1.8641912937164307,-0.00013554582837969065
147000,-0.00045856658834964037,1.9724000548393407e-07,-3.6884960293769837,3.0267984e-07,0.0,-1.3629555702209473,-0.00014741376508027316
147200,7.61623086873442e-05,2.2985011582932202e-07,-3.6885041117668154,1.3201497e-07,0.0,-1.7179818153381348,-7.421467453241348e-05
147400,-0.00037326966412365437,2.3628621335092248e-07,-3.688519263267517,1.6158447e-07,0.0,-4.498886585235596,-9.178577456623316e-05
147600,-0.00039128854405134916,1.9818326446596757e-07,-3.6885108232498167,3.8812868e-07,0.0,-1.5895040035247803,-0.0002023864770308137
147800,-0.0004260207060724497,2.64021038987039e-07,-3.6885182082653047,1.6996637e-07,0.0,-5.526373386383057,-9.868008783087134e-05
148000,-0.0002815476036630571,1.7082525296530094e-07,-3.688512659072876,2.2840686e-07,0.0,-3.0401711463928223,-0.00010733700182754546
148200,-0.00042813006439246237,1.7528253266618775e-07,-3.68849715590477,2.561137e-07,0.0,-2.215315580368042,-0.0001443132685380988
148400,-0.0003410811477806419,3.936358178080468e-07,-3.6885053694248198,2.195593e-07,0.0,-2.78212571144104,-0.0001173216849565506
148600,-0.00022214787895791233,1.2881719317903163e-07,-3.688478249311447,3.2992102e-07,0.0,-1.7181780338287354,-0.00015106647042557598
148800,-0.00046228093560785055,1.901647373792059e-07,-3.688511276245117,2.0605512e-07,0.0,-2.872873306274414,-0.00012604022631421686
149000,-0.00034438722650520504,3.519943341245835e-07,-3.6884802520275115,2.4726614e-07,0.0,-3.006986618041992,-0.00014700270257890226
149200,-0.00042079982813447714,1.7163613552639845e-07,-3.6884766221046448,1.7788261e-07,0.0,-2.3287816047668457,-0.00011282855411991477
149400,-0.00025257092784158885,1.84393614510725e-07,-3.688488620519638,2.1024607e-07,0.0,-4.717625617980957,-0.00011135555105283857
149600,-0.00023687558132223785,2.0829566604874117e-07,-3.6884901583194734,2.507586e-07,0.0,-0.35640203952789307,-0.0001340261078439653
149800,-0.00035885043325833976,3.1924391539206456e-07,-3.68849538564682,2.2165477e-07,0.0,-1.9104206562042236,-0.00010506303515285253
150000,-0.00020710400713142008,2.0866867398439126e-07,-3.6884907603263857,3.1199306e-07,0.0,-0.3517942428588867,-0.00015658512711524963
150200,-0.00018075737170875072,2.070563793310498e-07,-3.6884850919246674,2.5262125e-07,0.0,-3.1076793670654297,-0.0001403255620971322
150400,-0.0005774814635515213,1.2464205987328114e-07,-3.688493859767914,2.689194e-07,0.0,-5.16520357131958,-0.00014135241508483887
150600,-0.0002730041742324829,2.3082024256382283e-07,-3.688494175672531,2.819579e-07,0.0,-4.428953170776367,-0.0001609552768059075
150800,-0.00027533245156519115,2.8594473615584094e-07,-3.6884786665439604,4.2188913e-07,0.0,-1.8620202541351318,-0.0001688688760623336
151000,-0.0004801600007340312,2.3906747301793987e-07,-3.6884835422039033,3.2247044e-07,0.0,-5.181385517120361,-0.0001782383304089308
151200,1.3729340935242362e-05,2.183466873528772e-07,-3.6884625375270845,2.8521754e-07,0.0,-2.8078505992889404,-0.00012856023386120796
151400,-0.00031952117569744587,1.4375380015252403e-07,-3.6884567558765413,4.6682544e-07,0.0,-2.1403799057006836,-0.00022077877074480056
151600,-0.0004877059836871922,1.923484603594261e-07,-3.6884588658809663,7.0710666e-07,0.0,-1.5327191352844238,-0.00018062058952637017
151800,-0.0007507643895223737,1.6234279023308318e-07,-3.688453680276871,3.585592e-07,0.0,-2.6307568550109863,-0.0001452454598620534
152000,0.000275027850875631,1.1581944132643685e-07,-3.688439929485321,2.7148053e-07,0.0,-3.0579137802124023,-0.00012808351311832666
152200,-6.892977398820221e-05,1.7771129332544433e-07,-3.6884505271911623,1.9487925e-07,0.0,-6.935186386108398,-0.00010484806261956692
152400,-0.0003514347190503031,1.114225718801265e-07,-3.688443195819855,3.336463e-07,0.0,-5.141371250152588,-0.0001530225039459765
152600,-0.0002284204529132694,7.126813348357074e-08,-3.6884433150291445,2.59839e-07,0.0,-1.5720007419586182,-0.00014177443808875977
152800,-0.0007428885437548161,1.4562793015926445e-07,-3.6884710133075713,2.9662624e-07,0.0,-1.2581334114074707,-0.00017771836137399078
153000,-0.0002491999475751072,1.2396538835446335e-07,-3.6884585559368133,2.7706847e-07,0.0,-4.898441791534424,-0.00015344934072345496
153200,-5.642490214086138e-05,1.2198967631604772e-07,-3.688452571630478,3.9371662e-07,0.0,-3.7889485359191895,-0.00018047884805127978
153400,0.0002526416792534292,1.530853720232983e-07,-3.6884503066539764,3.8929284e-07,0.0,-2.9461829662323,-0.00014375221799127756
153600,-2.4789456801954657e-05,1.2299517193614662e-07,-3.6884780883789063,2.544839e-07,0.0,-8.174638748168945,-0.00015459648238902446
153800,-0.0007449762197211385,1.7772724714149035e-07,-3.6884438574314116,3.5203993e-07,0.0,-3.982677459716797,-0.00015837769024074078
154000,-0.00035687218769453466,1.0968848718206914e-07,-3.6884422421455385,1.8184073e-07,0.0,-1.5739834308624268,-0.00012728306464850902
154200,-0.0007141106761991978,2.1812799761988798e-07,-3.688472068309784,4.3702312e-07,0.0,-2.8096237182617188,-0.0002020737389102578
154400,-1.7182464944198728e-05,3.366082456324193e-07,-3.6884519875049593,4.5378692e-07,0.0,-2.8638811111450195,-0.00018264544196426867
154600,-0.0004485636600293219,1.3372499321206988e-07,-3.688462257385254,3.3946708e-07,0.0,-3.149993896484375,-0.00016983801033347844
154800,-2.948544874925574e-07,2.73004722473047e-07,-3.688437956571579,2.0954758e-07,0.0,-2.6987600326538086,-0.00010273426305502653
155000,-0.00039501377614215016,1.5801703749929176e-07,-3.6884542882442473,2.477318e-07,0.0,-1.8172023296356201,-0.00014374349266290664
155200,-0.0001563275436637923,2.0308306538652233e-07,-3.6884402513504027,1.5296973e-07,0.0,-3.933854579925537,-9.674193570390344e-05
155400,-0.00036842445842921734,1.9637659711690958e-07,-3.688437205553055,2.2305176e-07,0.0,-1.5308408737182617,-0.00012126845540478825
155600,3.7354708183556795e-05,2.5619580483748906e-07,-3.688449192047119,2.5867485e-07,0.0,-5.172883987426758,-0.0001683998969383538
155800,-4.28355488111265e-05,1.6698854867769342e-07,-3.6884471595287325,2.910383e-07,0.0,-12.013442993164062,-0.00014389472198672593
156000,-0.0002189767692470923,1.564217297911341e-07,-3.688437098264694,3.0943193e-07,0.0,-3.1142001152038574,-0.00012428568443283438
156200,-0.0008150562061928213,1.5422880554893937e-07,-3.6884453535079955,3.73926e-07,0.0,-1.345154047012329,-0.00017233931575901806
156400,-0.0004674357478506863,1.6205790407397557e-07,-3.6884359300136564,2.2770837e-07,0.0,-5.184993267059326,-0.00010919496999122203
156600,3.2440268114442006e-05,2.861166695566908e-07,-3.688455992937088,1.9930303e-07,0.0,-5.61963415145874,-0.00011831729207187892
156800,-0.000705605954863131,2.749047819605721e-07,-3.688454294204712,2.6007183e-07,0.0,-2.8062233924865723,-0.00015010416973382235
157000,-0.0005508020985871553,2.357801994534725e-07,-3.688452643156052,3.0337833e-07,0.0,-3.111034870147705,-0.00016371174715459346
157200,-0.0007823057239875197,1.4032707129629785e-07,-3.6884389162063598,3.8556755e-07,0.0,-6.766773223876953,-0.00017220177687704563
157400,5.912161577725783e-05,2.607865457804337e-07,-3.688453161716461,5.0175004e-07,0.0,-2.835442066192627,-0.000192630517994985
157600,-0.0003968176315538585,3.314954582833707e-07,-3.68846675157547,2.742745e-07,0.0,-2.8803811073303223,-0.00014884315751260147
157800,-0.00011468131560832262,1.5626418417014066e-07,-3.6884461760520937,2.1629967e-07,0.0,-1.7044732570648193,-0.00011759914923459291
158000,-0.00037372487713582814,1.4697809600505706e-07,-3.6884653210639953,2.195593e-07,0.0,-4.296285629272461,-0.00011678081937134266
158200,-0.0003556108276825398,1.4994004127188987e-07,-3.688449740409851,4.149042e-07,0.0,-3.3364858627319336,-0.00019162420649081467
158400,-0.00038681889418512583,1.1416956651189025e-07,-3.688460701704025,1.9767322e-07,0.0,-1.6632137298583984,-0.00010800175368785858
158600,-0.00042143071186728776,1.387682692310932e-07,-3.6884353041648863,2.5774352e-07,0.0,-1.5659241676330566,-0.00011633939575403929
158800,-5.328084444045089e-05,2.7268826521265053e-07,-3.6884558856487275,1.9813888e-07,0.0,-2.951814889907837,-9.72658977843821e-05
159000,-0.00048316645552404225,2.253102831417664e-07,-3.6884336948394774,3.729947e-07,0.0,-1.4864115715026855,-0.00013255757512524723
159200,-0.0003536724834702909,2.3495722061284142e-07,-3.6884270131587984,2.8079376e-07,0.0,-4.384988307952881,-0.00011592305963858962
159400,-0.0005282455822452903,1.5795211121272247e-07,-3.688459891080856,4.0512532e-07,0.0,-1.999420166015625,-0.00017065387219190599
159600,-0.00022883772908244282,3.2104266534105363e-07,-3.6884464621543884,2.5238842e-07,0.0,-2.452458620071411,-0.00011325398809276521
159800,-2.362179475312587e-05,1.5125243955083078e-07,-3.6884096562862396,4.46802e-07,0.0,-1.457472324371338,-0.0001824338687583804
160000,-0.00044659149716608226,1.4023413319463884e-07,-3.6884726703166963,2.7986243e-07,0.0,-7.307781219482422,-0.0001457708771340549
160200,-0.0008258945308625698,2.795949221479077e-07,-3.6884299874305726,3.16184e-07,0.0,-4.360689640045166,-0.00013300556456670166
160400,-0.0001662776485318318,1.87027537812412e-07,-3.688445991277695,3.0966476e-07,0.0,-3.313774585723877,-0.00014365188544616104
160600,-0.0001899648632388562,1.3545062635955673e-07,-3.688427799940109,3.336463e-07,0.0,0.5953879356384277,-0.00013169271405786276
160800,-0.0003860914730466902,2.5013250457561755e-07,-3.6884389936923982,2.3492612e-07,0.0,-1.3689777851104736,-0.00014452228788286448
161000,4.386512591736391e-05,1.7903025542054252e-07,-3.6884537875652312,2.5518239e-07,0.0,-7.7132720947265625,-0.0001563978148624301
161200,0.0004337939608376473,1.8173879485772203e-07,-3.688444221019745,2.2212043e-07,0.0,-3.0564727783203125,-9.092754335142672e-05
161400,-0.0004116235941182822,1.6520582022394592e-07,-3.6884588479995726,2.2444874e-07,0.0,-6.17602014541626,-0.0001173854572698474
161600,-0.0004511096340138465,1.3341897542318293e-07,-3.6884473860263824,3.4226105e-07,0.0,-0.4777414798736572,-0.0001527013497252483
161800,-0.00092227419372648,2.638729553083863e-07,-3.6884698808193206,4.8801303e-07,0.0,-4.72751522064209,-0.00018549527158029377
162000,-0.00022735708625987172,1.993558603530232e-07,-3.688475161790848,2.2281893e-07,0.0,-8.052029609680176,-0.00011074630310758948
162200,-0.00018580355390440673,2.1400375000979465e-07,-3.688451552391052,2.454035e-07,0.0,-3.936368942260742,-0.00012992715928703547
162400,-0.00021156173897907138,3.153417869938835e-07,-3.6884377717971804,2.514571e-07,0.0,-3.660248279571533,-0.00012339630629867315
162600,-0.0007797270081937313,2.5615943073376e-07,-3.6884388089179994,3.7183054e-07,0.0,-4.283121585845947,-0.00015012844232842326
162800,-0.0002452725893817842,1.439590028518012e-07,-3.6884397745132445,2.3981556e-07,0.0,-2.8496901988983154,-0.00013408400118350983
163000,-0.00027466521714814007,3.2072152036377586e-07,-3.6884579956531525,2.9010698e-07,0.0,-7.959774017333984,-0.00014738254249095916
163200,-0.0003773611970245838,1.1054219020145695e-07,-3.688419836759567,2.6263297e-07,0.0,-0.4517291784286499,-0.00013978692004457116
163400,-0.0002377784694544971,2.1821036071401069e-07,-3.6884503066539764,2.7846545e-07,0.0,-6.145740985870361,-0.0001409989898093045
163600,-0.00040372644434683025,3.1125615578275757e-07,-3.6884422063827516,2.9732473e-07,0.0,-3.364109992980957,-0.00015680750366300344
163800,-0.00019662966951727867,2.0503922710801702e-07,-3.6884590923786162,2.2212043e-07,0.0,-7.7009077072143555,-0.00011061406694352627
164000,-0.00017837117775343359,1.5781625100075304e-07,-3.6884382605552672,3.1641684e-07,0.0,-3.3517136573791504,-0.00015487722121179103
164200,-0.0002145962935173884,2.2560443699859433e-07,-3.6884310841560364,2.9150397e-07,0.0,-4.542048454284668,-0.0001497164717875421
164400,-0.00029102229746058583,4.914556975563755e-05,-3.688755249977112,1.2968667e-07,0.0,-1.4721019268035889,-0.00011608248605625704
164600,-0.0002290466072736308,4.802424336958211e-05,-3.688513684272766,2.484303e-07,0.0,-0.40930187702178955,-0.00013855972792953253
164800,-0.00011555466335266829,2.6069321540944658e-05,-3.688429224491119,3.7741847e-07,0.0,-0.6027346849441528,-0.0001719095089356415
165000,-0.00046052224934101105,6.545748037751764e-05,-3.6884388387203217,2.9825605e-07,0.0,-0.005693554878234863,-0.000153283285908401
165200,-9.997790766647086e-05,2.4773271400135853e-05,-3.6884353399276733,1.7741695e-07,0.0,-0.067191481590271,-0.00011049577733501792
165400,-0.0005139095010235906,5.1743077892751896e-05,-3.6884501218795775,3.4226105e-07,0.0,-0.009561657905578613,-0.00016682803397998213
165600,-0.00016421104373876005,2.2575586490347634e-05,-3.6884122133255004,3.168825e-07,0.0,-0.7152674198150635,-0.0001610035076737404
165800,-0.0008720718324184418,3.3574578401385226e-05,-3.68842853307724,4.491303e-07,0.0,-0.07481145858764648,-0.0002118751024681842
166000,-0.00011445263226050884,2.116092512096657e-05,-3.6884200811386108,3.1944364e-07,0.0,-0.1051713228225708,-0.00014599282294511796
166200,-0.00014767855464015156,4.047550442010106e-05,-3.6884315490722654,1.9581057e-07,0.0,-0.01028907299041748,-0.00010983927641063928
166400,-0.0004210793413221836,3.947994796362764e-05,-3.688424152135849,2.4400651e-07,0.0,0.07583451271057129,-0.0001227894681505859
166600,-3.832644870271906e-05,2.102943858517392e-05,-3.6884117841720583,1.9394793e-07,0.0,0.007192790508270264,-0.0001102131325751543
166800,-7.504384848289192e-05,2.7835092441819143e-05,-3.68842551112175,3.4365803e-07,0.0,-0.05732226371765137,-0.0001898641581647098
167000,-0.0001743453904055059,1.5613032928740722e-05,-3.6883984804153442,1.6996637e-07,0.0,0.16767114400863647,-0.00010260285052936524
167200,-6.494951230706647e-05,2.0586920845744318e-05,-3.688399738073349,2.7613714e-07,0.0,0.06778061389923096,-0.00015679443604312837
167400,-0.00048509411863051355,4.800384585905704e-05,-3.688399386405945,1.7392449e-07,0.0,0.0433119535446167,-9.501245804131032e-05
167600,-0.00036696952884085476,4.56799339644931e-05,-3.6883966624736786,2.880115e-07,0.0,-0.008772730827331543,-0.00016899306792765855
167800,1.4418293176277075e-05,3.136117586564069e-05,-3.68841113448143,4.3120235e-07,0.0,0.024110734462738037,-0.00020042916003149003
168000,-0.0005521169514395297,1.1233940892907412e-05,-3.6883904933929443,4.773028e-07,0.0,0.05178111791610718,-0.00022435118444263935
168200,-0.00034597827470861375,3.152513972963789e-05,-3.688410258293152,4.1769817e-07,0.0,-0.06127572059631348,-0.00013701874995604159
168400,-0.0005078825051896274,1.3273314766593104e-05,-3.688383769989014,3.4598634e-07,0.0,-0.18422627449035645,-0.00016198225785046816
168600,4.694259587267879e-06,3.7824637905714555e-05,-3.6883872509002686,2.856832e-07,0.0,0.05712825059890747,-0.00014151481445878744
168800,-0.000590275158174336,3.3731448183971224e-05,-3.6883978605270387,5.76023e-07,0.0,-0.07496094703674316,-0.00023180887801572682
169000,-0.00030144889024086297,1.1025545308029906e-05,-3.6883996605873106,2.1397136e-07,0.0,-0.1432633399963379,-0.00013030811678618192
169200,-0.0002556375984568149,3.885607445681671e-05,-3.6884012639522554,1.6973354e-07,0.0,0.09305113554000854,-0.00011743784416466952
169400,-0.00011597484262892976,3.1536301366941186e-05,-3.688381999731064,3.108289e-07,0.0,-0.07689595222473145,-0.000137704040389508
169600,-0.0001920989016070962,3.026438457709446e-05,-3.688383275270462,2.7078204e-07,0.0,-0.08842611312866211,-0.00012473386013880372
169800,5.8381619965075515e-06,1.915912018830568e-05,-3.6883911073207853,1.4691614e-07,0.0,0.20977801084518433,-0.00010037944884970784
170000,-0.0005496721714735031,4.035812021356833e-05,-3.688397246599197,3.8719736e-07,0.0,-0.03709733486175537,-0.0001792652066797018
170200,-0.00025116029428318143,2.9196895525274158e-05,-3.6884021937847136,1.8649735e-07,0.0,-0.18075084686279297,-9.849405214481521e-05
170400,-0.00024867081083357334,2.883008703520318e-05,-3.688401871919632,2.1001324e-07,0.0,-0.04676365852355957,-0.0001332708867266774
170600,-0.0002588260977063328,2.757333750196267e-05,-3.688377821445465,2.0093285e-07,0.0,-0.20968854427337646,-0.00010547969723120331
170800,-2.0004730686196126e-05,1.8296392408956307e-05,-3.6884176313877104,3.343448e-07,0.0,-0.0837869644165039,-0.0001920487848110497
171000,-0.00026154814986512065,2.619770802994026e-05,-3.688418388366699,1.9487925e-07,0.0,-0.04360461235046387,-0.00010803260665852577
171200,-0.00042034772923216224,2.8198858626637956e-05,-3.6884104132652284,4.246831e-07,0.0,0.011111795902252197,-0.000190057628788054
171400,-0.00046434110845439136,2.1527469220927743e-05,-3.688417875766754,2.2747554e-07,0.0,0.08840447664260864,-0.0001343149458989501
171600,-5.688680539606139e-05,1.9447160502750195e-05,-3.688417339324951,3.3224933e-07,0.0,0.06176412105560303,-0.0001652147970162332
171800,-0.0003946127253584564,2.298288769111423e-05,-3.6884130418300627,2.1094456e-07,0.0,-0.24605083465576172,-0.00010919607011601329
172000,-0.0005545434542000294,3.173432492076245e-05,-3.6884104192256926,2.5541522e-07,0.0,0.09279686212539673,-0.00015686624683439732
172200,-0.00025525211822241545,4.3059947165602354e-05,-3.6884177029132843,1.960434e-07,0.0,0.06588852405548096,-0.00014912444748915732
172400,4.056445322930813e-05,1.782486866659383e-05,-3.6884115517139433,3.0524097e-07,0.0,0.035967111587524414,-0.00017869198927655816
172600,-0.00022033242566976696,4.025420303150895e-05,-3.688401538133621,4.0372834e-07,0.0,0.09409278631210327,-0.00017773599829524757
172800,-6.681335798930377e-05,1.9732467080757488e-05,-3.6883951783180238,1.2875535e-07,0.0,-0.011771559715270996,-7.409609388560056e-05
173000,-0.0005950095946900547,4.601642319812527e-05,-3.688390177488327,4.5332126e-07,0.0,-0.10223984718322754,-0.00017944053397513925
173200,-0.00014426393317990005,1.20458793759326e-05,-3.6884050726890565,2.2142194e-07,0.0,-0.42796289920806885,-0.00011975464003626257
173400,-0.00020879767544101924,1.4773650195820665e-05,-3.6884126484394075,3.3550896e-07,0.0,0.06904643774032593,-0.0001462534419260919
173600,-0.0007554480107501149,4.286450212021009e-05,-3.688398462533951,6.107148e-07,0.0,-0.047275424003601074,-0.00020451682503335177
173800,-0.00018163083586841822,1.6904134838569007e-05,-3.6883994817733763,2.605375e-07,0.0,0.07777583599090576,-0.00013059733901172877
174000,-0.0006210968131199479,4.242272088958998e-05,-3.6884067833423613,3.3597462e-07,0.0,-0.017668962478637695,-0.000166813051328063
174200,-0.0007203606655821204,2.382267146003869e-05,-3.6884095430374146,4.5797788e-07,0.0,-0.10375571250915527,-0.00021234852029010652
174400,-0.0003413075173739344,1.9100342615274713e-05,-3.6884132027626038,1.9557774e-07,0.0,0.0430147647857666,-0.00010400984901934863
174600,-0.0003865749458782375,1.6476749578941963e-05,-3.688418632745743,3.427267e-07,0.0,-0.055081844329833984,-0.00020120088011026381
174800,-0.0002771694853436202,3.7005182457505724e-05,-3.688410383462906,2.0419247e-07,0.0,-0.020576119422912598,-0.00011881559621542692
175000,-0.00021157125593163073,2.2351548091137373e-05,-3.688403594493866,2.9755756e-07,0.0,0.01599752902984619,-0.0001767369220033288
175200,-0.00023561691341456026,2.777476643132104e-05,-3.688399475812912,3.4202822e-07,0.0,-0.039151787757873535,-0.00015063878963701428
175400,-0.0006086050416342914,3.148786981910234e-05,-3.688391214609146,2.947636e-07,0.0,0.05868333578109741,-0.00013301338767632843
175600,0.00010524102253839374,8.335977245224057e-05,-3.688388907909393,2.635643e-07,0.0,-0.05836296081542969,-0.00012509546941146253
175800,-0.00023619038984179497,2.795217288849017e-05,-3.688398599624634,3.1595118e-07,0.0,-0.02818286418914795,-0.00016369816148653626
176000,-0.0003699509834405035,2.9519308577619084e-05,-3.6884148359298705,2.8684735e-07,0.0,-0.13388943672180176,-0.00017706541111692787
176200,-0.0003667264536488801,3.8163146609804246e-05,-3.6884027481079102,4.0815212e-07,0.0,-0.02060723304748535,-0.00015824665315449237
176400,-0.00021527525677811354,2.8662274553425958e-05,-3.688397544622421,2.0698644e-07,0.0,0.16793793439865112,-0.00010930834105238318
176600,-0.0001724652829580009,2.1923820952451933e-05,-3.688393461704254,3.7718564e-07,0.0,-0.107735276222229,-0.00018775415373966097
176800,0.00010850826220121235,7.486252370654256e-05,-3.688389366865158,2.393499e-07,0.0,0.0834999680519104,-0.00011092909844592213
177000,-0.0004326486960053444,2.2065794928494144e-05,-3.688373178243637,4.968606e-07,0.0,-0.14226269721984863,-0.00023672839161008595
177200,-0.0003963132912758738,2.1019512587372446e-05,-3.688386636972427,2.0908192e-07,0.0,-0.02879500389099121,-9.705916017992422e-05
177400,-0.00011819283099612221,1.8297851102033747e-05,-3.688378190994263,1.9394793e-07,0.0,0.0613476037979126,-0.0001011763233691454
177600,-0.00039548100903630257,4.6442354801001784e-05,-3.6883845686912538,3.1106174e-07,0.0,-0.07077109813690186,-0.00016382545290980489
177800,-0.00036345544504001737,3.676185178846936e-05,-3.688398176431656,2.0302832e-07,0.0,0.05893450975418091,-0.00010699452832341194
178000,-0.0006673327297903597,2.4380541253776757e-05,-3.6883839905261993,3.1571835e-07,0.0,-0.12506556510925293,-0.00017561194254085423
178200,-8.689700916875154e-05,2.3408600873153774e-05,-3.6883671462535856,2.5052577e-07,0.0,-0.0549159049987793,-0.00012682960368692875
178400,-0.00016880662587936968,4.505095917011204e-05,-3.688375335931778,2.9499643e-07,0.0,0.005171775817871094,-0.00012807960156351327
178600,6.280970410443842e-06,4.1688495002745185e-05,-3.6883880496025085,2.7636997e-07,0.0,-0.0582660436630249,-0.00015763517003506423
178800,-0.00013658405805472285,3.407002307085349e-05,-3.688390189409256,2.2980385e-07,0.0,-0.0860511064529419,-0.00011971772182732821
179000,-0.0002632096002344042,3.532408891260275e-05,-3.6883769571781158,1.9697472e-07,0.0,0.1160547137260437,-0.00010507122497074305
179200,-0.00042136668344028294,2.0703339714600588e-05,-3.688387531042099,4.6938658e-07,0.0,-0.043779850006103516,-0.00019978105556219816
179400,-0.00018229721172247082,2.0323239436947915e-05,-3.688375973701477,2.9592775e-07,0.0,0.04964572191238403,-0.00015551644610241057
179600,-0.0003696708008646965,2.7942664382862857e-05,-3.6884045720100405,4.3888576e-07,0.0,-0.1733318567276001,-0.0001833943882957101
179800,-0.0007659820839762688,3.4002851703007766e-05,-3.6884041130542755,4.4354238e-07,0.0,0.026873469352722168,-0.00018187781097367406
180000,-5.1650680688908324e-05,1.9629573193924445e-05,-3.688394218683243,2.0163134e-07,0.0,0.21596920490264893,-0.00011474814964458346
180200,-0.00039738009218126535,5.6075997770221873e-05,-3.688392388820648,4.649628e-07,0.0,-0.07220232486724854,-0.00021485131001099944
180400,-0.0007628965540789068,4.997082446607237e-05,-3.688391411304474,5.0105155e-07,0.0,0.11440640687942505,-0.00019918711041100323
180600,-0.00031471101101487875,6.086757534831122e-05,-3.6883905470371245,3.9301813e-07,0.0,-0.048720479011535645,-0.00015653741138521582
180800,-0.0005284593207761645,2.892895297463838e-05,-3.688386058807373,2.7148053e-07,0.0,-0.0388798713684082,-0.0001503933221101761
181000,-0.000625474436674267,1.982913172469125e-05,-3.688372790813446,3.343448e-07,0.0,-0.14485061168670654,-0.00016844249330461025
181200,-0.0002940676058642566,5.8366184430269644e-05,-3.688385909795761,2.0978041e-07,0.0,0.016769111156463623,-0.00013156241711840267
181400,-0.00019024913490284234,2.223531414529134e-05,-3.6883742690086363,5.487818e-07,0.0,-0.05822467803955078,-0.00021974112605676054
181600,-0.00019658524252008647,5.276264455460478e-05,-3.6883776605129244,2.4214387e-07,0.0,0.11952728033065796,-0.00014028968289494514
181800,-0.00026111185434274375,2.1921507322986144e-05,-3.688356560468674,2.0628795e-07,0.0,-0.5179693698883057,-0.00014048517914488912
182000,-0.00015533204714301974,2.67985335085541e-05,-3.6883695840835573,4.323665e-07,0.0,-0.07354295253753662,-0.00016898794565349816
182200,-0.0005818774225190282,1.8807123728947774e-05,-3.688376408815384,3.9231963e-07,0.0,-0.07870137691497803,-0.00017351884162053466
182400,-0.00021556823048740625,2.861059335828031e-05,-3.6883686065673826,2.7753413e-07,0.0,-0.03033614158630371,-0.0001746401423588395
182600,-0.0006375256343744695,2.218056717993022e-05,-3.688355815410614,4.0256418e-07,0.0,-0.16653287410736084,-0.0002226568991318345
182800,3.7373545637819916e-05,2.8483886831054404e-05,-3.6883535027503966,3.8044527e-07,0.0,-0.05395150184631348,-0.00012740804813802243
183000,-0.00040817915578372777,2.4481430182277107e-05,-3.688354754447937,2.6170164e-07,0.0,-0.08425521850585938,-0.0001611203420907259
183200,-0.0004233360232319683,2.187275993037474e-05,-3.688368058204651,3.2549724e-07,0.0,-0.004318833351135254,-0.00014375089667737485
183400,-0.00032429798739030957,4.7211105129463246e-05,-3.6883614540100096,3.7020072e-07,0.0,-0.04998505115509033,-0.000138583605439635
183600,-5.067201527708676e-06,1.5429750064299697e-05,-3.6883423388004304,2.9220246e-07,0.0,-0.05804336071014404,-0.00015954198024701328
183800,-0.0006896387203596532,1.6940741568305383e-05,-3.6883549094200134,3.988389e-07,0.0,-0.005663752555847168,-0.00013570301234722137
184000,4.268343036528677e-05,1.741545542017775e-05,-3.688351255655289,3.068708e-07,0.0,-0.14762914180755615,-0.00012607572134584188
184200,-0.0003306367725599557,1.792430048226379e-05,-3.688347262144089,2.9592775e-07,0.0,-0.03989219665527344,-0.00016134784091264008
184400,-0.00021053092496003956,3.7650399804078916e-05,-3.688322240114212,2.5355257e-07,0.0,-0.0345005989074707,-0.00011588768684305251
184600,-0.0006641274667344987,1.8593524350762892e-05,-3.688336896896362,2.6496127e-07,0.0,0.04252105951309204,-0.00013263780274428428
184800,-0.0008562335860915482,3.65644250450714e-05,-3.6883365631103517,3.9162114e-07,0.0,0.04736858606338501,-0.00017270087264478206
185000,-0.00010767843923531473,2.153866203116195e-05,-3.6883442223072054,2.6775524e-07,0.0,0.05012327432632446,-0.0001545091043226421
185200,-0.0005343376542441547,2.9174179007895874e-05,-3.688342297077179,4.072208e-07,0.0,0.04936027526855469,-0.00019386806525290012
185400,-0.00019697716925293207,1.4714644112245879e-05,-3.6883407056331636,3.182795e-07,0.0,-0.03722989559173584,-0.00013330437941476702
185600,-0.00021023275621701032,1.2702065919256712e-05,-3.6883483052253725,2.0605512e-07,0.0,-0.2026839256286621,-0.00012616952881217003
185800,-0.00031068301177583635,1.4422309874362327e-05,-3.6883307337760924,2.4097972e-07,0.0,0.07327860593795776,-0.00010804216144606471
186000,-0.0003891774103976786,3.2822240632413015e-05,-3.688340890407562,4.870817e-07,0.0,-0.07937288284301758,-0.00020319819450378417
186200,-0.00015172835264820606,1.4261750231980841e-05,-3.6883180141448975,2.9569492e-07,0.0,0.052457213401794434,-0.00012869288912042975
186400,-0.0004563183174468577,2.3585883991472655e-05,-3.6883228719234467,2.9383227e-07,0.0,0.10256576538085938,-0.00015460194554179908
186600,-0.0005961671704426408,1.7076460972020867e-05,-3.688335490226746,4.1164458e-07,0.0,-0.37865328788757324,-0.00015922648599371315
186800,0.00010127987479791045,3.131516639314214e-05,-3.688333797454834,3.5273843e-07,0.0,-0.03149890899658203,-0.0001452386612072587
187000,-0.0006974333082325757,1.871674610356422e-05,-3.68835192322731,4.5076013e-07,0.0,-0.04615652561187744,-0.0001709455857053399
187200,-0.0004655231605283916,5.8372796411276794e-05,-3.688345068693161,2.7450733e-07,0.0,0.1103704571723938,-0.0001450349809601903
187400,-0.0006197362672537565,1.8862137483210973e-05,-3.6883302509784697,3.8347207e-07,0.0,-0.16835463047027588,-0.00020811837166547775
187600,-0.00014057746739126742,4.128539103476214e-05,-3.688313341140747,2.7823262e-07,0.0,-0.17228984832763672,-0.00013879716861993076
187800,-0.0004489661369007081,2.560852176429762e-05,-3.6883358478546144,3.5599805e-07,0.0,0.031053364276885986,-0.00014561550924554467
188000,-0.0002562400186434388,1.6700217440757114e-05,-3.6883567035198213,3.3597462e-07,0.0,-0.1387615203857422,-0.0001674334635026753
188200,5.760859130532481e-05,1.452970766422368e-05,-3.6883389472961428,2.6845373e-07,0.0,-0.020405888557434082,-0.00012543980265036225
188400,2.340755054319743e-05,3.0297409193735802e-05,-3.6883433520793916,2.4284236e-07,0.0,0.16517072916030884,-0.00012824005680158734
188600,-0.00023080111714079976,2.786198228932335e-05,-3.6883404672145845,4.6240166e-07,0.0,-0.15866577625274658,-0.00017424003453925252
188800,-0.0009303682600148022,4.258779013071035e-05,-3.6883380234241487,4.0768646e-07,0.0,0.029169142246246338,-0.00014805495738983153
189000,-8.423803228652105e-05,2.7679490767695824e-05,-3.6883405208587647,1.7206185e-07,0.0,0.026496946811676025,-9.139769244939088e-05
189200,-0.0005214735283516347,2.12683934364577e-05,-3.688331812620163,3.2805838e-07,0.0,-0.2580263614654541,-0.00016551277076359838
189400,-0.00033695282763801515,1.5765421528612934e-05,-3.6883408546447756,3.1664968e-07,0.0,-0.11841785907745361,-0.00021609886898659169
189600,-0.00027196286828257143,3.440801299348095e-05,-3.6883477568626404,2.386514e-07,0.0,0.01121222972869873,-0.00012241783551871776
189800,-4.27004779339768e-05,2.434963209907437e-05,-3.688336706161499,2.2584572e-07,0.0,0.0050081610679626465,-0.0001386417541652918
190000,-0.00053051469149068,4.598725463438314e-05,-3.6883504569530485,5.008187e-07,0.0,0.026983201503753662,-0.0001946939155459404
190200,-0.00032757464214228094,2.682061426639848e-05,-3.6883253157138824,1.5296973e-07,0.0,-0.013014554977416992,-8.933930657804013e-05
190400,-0.0003382379363756627,4.630778184946394e-05,-3.688338339328766,2.530869e-07,0.0,0.09115713834762573,-0.00012448802590370178
190600,-0.0003274703922215849,2.961208471106147e-05,-3.6883313238620756,2.4260953e-07,0.0,-0.3535475730895996,-0.00013875557342544199
190800,-0.00032401824137195945,6.179503438943356e-05,-3.6883338332176208,1.960434e-07,0.0,0.07597517967224121,-0.00011355347887729295
191000,0.000566621485631913,3.5819784170598726e-05,-3.688315951824188,6.102491e-07,0.0,0.044316887855529785,-0.00014891183236613869
191200,-0.00047950397129170597,3.10611585746301e-05,-3.6883364617824554,2.9662624e-07,0.0,-0.028816938400268555,-0.00015221436042338609
191400,-3.963257768191397e-05,4.2376433225399526e-05,-3.6883335590362547,3.1595118e-07,0.0,-0.016658544540405273,-0.00014140752609819173
191600,-0.000702209013979882,2.5853491405314343e-05,-3.6883479714393617,3.571622e-07,0.0,-0.05102682113647461,-0.00018164295033784583
191800,-0.0002735556336119771,2.7351387825547135e-05,-3.6883313775062563,3.2340176e-07,0.0,0.005877256393432617,-0.00015451584476977587
192000,-0.00039202463813126087,1.8482171253708656e-05,-3.6883414566516874,3.8812868e-07,0.0,-0.004625678062438965,-0.0001804209779947996
192200,-2.824717012117617e-05,3.913916430065001e-05,-3.6883259236812593,3.0710362e-07,0.0,0.10155594348907471,-0.00013279260601848364
192400,-0.00013741049042437226,2.5822789643825673e-05,-3.6883405327796934,3.3341348e-07,0.0,-0.08405613899230957,-0.0001406178664183244
192600,-0.0006342956330627203,1.4286878229086142e-05,-3.6883372187614443,3.981404e-07,0.0,0.0392720103263855,-0.00017127906903624535
192800,-0.0007737672422081232,2.9451329930907376e-05,-3.688337045907974,4.0861778e-07,0.0,0.0286371111869812,-0.00016372330719605088
193000,-0.00041264446917921305,2.0945392003568485e-05,-3.688327372074127,3.7415884e-07,0.0,-0.058065056800842285,-0.0001467964713810943
193200,-0.0004489733255468309,2.4147153862941195e-05,-3.68832323551178,3.2014214e-07,0.0,-0.13319838047027588,-0.00016416427679359912
193400,-0.00027218545437790453,1.9234985086313827e-05,-3.688330280780792,2.1723099e-07,0.0,-0.09251725673675537,-0.00011865097330883145
193600,-0.0004815286083612591,5.0872506017185513e-05,-3.6883384823799132,3.7718564e-07,0.0,0.10425370931625366,-0.00015632823342457414
193800,-1.5231454199238215e-05,2.752914620032243e-05,-3.6883336901664734,5.62286e-07,0.0,-0.336203932762146,-0.0002070422609904199
194000,-0.0001390346878906712,7.189966327132424e-05,-3.6883423209190367,2.5541522e-07,0.0,0.07631164789199829,-0.00012595726293511688
194200,-0.0004265187890268862,1.715940610438338e-05,-3.688324123620987,2.8684735e-07,0.0,0.023798763751983643,-0.00011999782873317599
194400,-0.00020237413991708308,1.4784808263357263e-05,-3.6883262515068056,2.5168993e-07,0.0,-0.0648343563079834,-0.00014187372289597988
194600,1.0764124453999102e-06,2.3931440705382556e-05,-3.688334846496582,3.02447e-07,0.0,-0.03625690937042236,-0.00015758921508677304
194800,-0.0005009106826037169,2.100709775731957e-05,-3.6883182525634766,3.494788e-07,0.0,-0.10036599636077881,-0.00017314573051407933
195000,0.0003777940582949668,1.930753720671419e-05,-3.688342899084091,3.8812868e-07,0.0,0.0509190559387207,-0.0001350228674709797
195200,-0.0004068396519869566,4.26098840762279e-05,-3.6883283078670503,2.1746382e-07,0.0,-0.01660466194152832,-0.00012998254969716073
195400,-0.00030308598070405424,1.8510485040224013e-05,-3.6883340895175936,2.1932647e-07,0.0,0.05221766233444214,-0.0001391481957398355
195600,-0.0005533415242098272,4.9554692964193237e-05,-3.6883481562137606,3.8114376e-07,0.0,0.056288063526153564,-0.00020553378562908619
195800,-7.212115451693535e-05,2.039313855561886e-05,-3.688330537080765,2.6402995e-07,0.0,0.019141077995300293,-0.0001280945085454732
196000,-0.00035783613566309214,2.75465704362432e-05,-3.688334107398987,3.047753e-07,0.0,0.12326270341873169,-0.0001192304742289707
196200,-9.495543781667948e-05,2.2742176452084095e-05,-3.688342732191086,2.3213215e-07,0.0,0.06534141302108765,-0.00013345882762223483
196400,-0.0005138724227435887,1.7410152736374584e-05,-3.6883474588394165,3.8184226e-07,0.0,-0.26861023902893066,-0.0001735706173349172
196600,-0.00017305176879744977,1.9990628737787118e-05,-3.68834645152092,2.2817403e-07,0.0,0.01771646738052368,-0.0001282873097807169
196800,-0.0007199496030807495,1.090753240760023e-05,-3.6883446335792542,5.6042336e-07,0.0,-0.37372565269470215,-0.00021872041979804636
197000,-0.0007004142971709371,2.5132836913144275e-05,-3.6883340418338775,4.5495108e-07,0.0,0.036242783069610596,-0.00017910622991621495
197200,-0.0003820465935859829,1.949470314457358e-05,-3.6883240878582,2.8847717e-07,0.0,-0.0018121004104614258,-0.00014506422448903322
197400,-0.0004645775770768523,1.8035726577636523e-05,-3.6883335053920745,2.7613714e-07,0.0,-0.06597042083740234,-0.0001302021788433194
197600,-0.00046159018529579043,1.3749207857927103e-05,-3.6883304536342623,2.819579e-07,0.0,-0.17190039157867432,-0.00015016328543424607
197800,-0.0004207879537716508,2.952817590085033e-05,-3.6883304595947264,3.122259e-07,0.0,0.07691448926925659,-0.00016569795552641154
198000,-0.0002665200736373663,2.4940419018548708e-05,-3.688322901725769,4.5378692e-07,0.0,0.09237372875213623,-0.00017349561676383018
198200,-0.0008380910730920732,3.6843842940470496e-05,-3.6883132815361024,3.236346e-07,0.0,0.10493791103363037,-0.0001468269503675401
198400,-0.00034058900200761855,3.798120455940079e-05,-3.6883165001869203,3.608875e-07,0.0,0.05936175584793091,-0.00016587525024078787
198600,-0.00032496819039806724,1.954541709210389e-05,-3.688328444957733,2.9150397e-07,0.0,0.09026414155960083,-0.00014290271792560816
198800,-0.00018816979718394578,2.1062792006887322e-05,-3.6883407473564147,2.5425106e-07,0.0,0.05202251672744751,-0.00015289359726011753
199000,-0.00026889293803833425,2.4055137896539235e-05,-3.6883258640766146,2.4517067e-07,0.0,-0.05506289005279541,-0.00013976130867376924
199200,-5.479439641931094e-05,2.4363112470382475e-05,-3.688326334953308,3.4156255e-07,0.0,-0.28267431259155273,-0.00017442589160054922
199400,-0.0003729828167706728,2.0188631356177212e-05,-3.6883261144161223,3.6600977e-07,0.0,-0.1976010799407959,-0.00014742723433300853
199600,0.00017485927673988044,2.7360204830984004e-05,-3.688309317827225,2.0419247e-07,0.0,0.0769815444946289,-8.585502218920738e-05
199800,-0.0008792706648819149,3.892231134159374e-05,-3.6883275330066683,5.098991e-07,0.0,-0.058046698570251465,-0.00021252880687825382
200000,-0.00011732414714060724,3.5960799368695004e-05,-3.688329428434372,2.9872172e-07,0.0,-0.049210190773010254,-0.00011121684219688177
