timestep,loss,value_loss,entropy_loss,approx_kl,clip_fraction,explained_variance,policy_gradient_loss
200,,,,,,,
400,58.513214111328125,123.06509494781494,-3.688876563310623,1.3440848e-07,0.0,0.049513280391693115,-0.0001325023317960472
600,83.22895050048828,159.99533958435057,-3.6888755559921265,1.5407801e-07,0.0,-0.0074547529220581055,-0.00012874263446391865
800,63.63925552368164,124.13079452514648,-3.6888745605945585,3.1411648e-07,0.0,0.009445607662200928,-0.0001542449305270921
1000,55.343406677246094,124.43237552642822,-3.6888745725154877,2.2381545e-07,0.0,-0.04937434196472168,-0.00015688601905736733
1200,55.41575622558594,109.56149978637696,-3.688874399662018,1.5676021e-07,0.0,-0.06511592864990234,-0.00011185035195708793
1400,49.45501708984375,98.68881912231446,-3.688873839378357,3.3468007e-07,0.0,-0.010437965393066406,-0.00017853763744781758
1600,59.488101959228516,111.56457920074463,-3.6888733208179474,3.147125e-07,0.0,-0.023683667182922363,-0.00017094720193517877
1800,61.41228485107422,122.48610553741455,-3.688873237371445,1.5825033e-07,0.0,-0.022105693817138672,-0.00010366684189748732
2000,71.35997772216797,144.6922737121582,-3.688873237371445,1.654029e-07,0.0,-0.03854668140411377,-0.00012935063194277063
2200,65.39759063720703,135.3110679626465,-3.6888727128505705,2.0086765e-07,0.0,-0.0650554895401001,-0.00012840843267554193
2400,56.216339111328125,114.72000770568847,-3.6888725399971007,2.1129846e-07,0.0,5.358457565307617e-05,-0.00012648487145696662
2600,67.10867309570312,127.57882080078124,-3.6888718128204347,2.2619963e-07,0.0,0.022295355796813965,-0.00016638035167062525
2800,51.892974853515625,101.56661911010742,-3.6888714730739594,3.5971402e-07,0.0,0.025813937187194824,-0.00019859352983147004
3000,68.8231430053711,136.42459392547607,-3.6888710260391235,2.2411346e-07,0.0,-0.020588040351867676,-0.000141359752642245
3200,57.11642837524414,111.99662113189697,-3.688871067762375,2.0205974e-07,0.0,0.01892465353012085,-0.00013587491847744104
3400,70.25940704345703,132.78473014831542,-3.6888708055019377,3.272295e-07,0.0,0.03639799356460571,-0.0001823859349857848
3600,63.77372741699219,123.93319206237793,-3.6888702630996706,2.0951033e-07,0.0,-0.03663289546966553,-0.00012492485330085624
3800,75.88516998291016,148.32484664916993,-3.6888699352741243,1.7791987e-07,0.0,0.014819681644439697,-0.00013677157477154367
4000,58.753807067871094,119.85263690948486,-3.688870185613632,2.6017426e-07,0.0,-0.023281455039978027,-0.00015901920373693202
4200,59.02790069580078,116.10383262634278,-3.688869923353195,1.9669534e-07,0.0,-0.05626249313354492,-0.00012144468690116206
4400,58.0626335144043,118.94526329040528,-3.6888690292835236,3.039837e-07,0.0,0.009333133697509766,-0.0001830384180991018
4600,66.7938232421875,130.01013565063477,-3.6888689041137694,1.513958e-07,0.0,-0.025525212287902832,-9.781371806205641e-05
4800,62.947444915771484,121.32754802703857,-3.688868361711502,1.6778708e-07,0.0,0.03910672664642334,-0.00010463926795234446
5000,70.08733367919922,148.7314079284668,-3.6888683795928956,2.7090312e-07,0.0,0.024039387702941895,-0.0001716201298521014
5200,50.1301383972168,103.63009529113769,-3.6888686954975127,3.2901764e-07,0.0,-0.04936873912811279,-0.00019044002850989727
5400,66.81413269042969,140.05995712280273,-3.6888671636581423,2.348423e-07,0.0,-0.0008718967437744141,-0.0001563380285141136
5600,66.4748306274414,128.98042240142823,-3.688865637779236,3.5852196e-07,0.0,0.005748450756072998,-0.00019166356395032834
5800,67.83637237548828,136.54415130615234,-3.68886638879776,2.2381545e-07,0.0,-0.06864476203918457,-0.00015434242714942314
6000,62.327030181884766,116.89936332702636,-3.6888669788837434,2.926588e-07,0.0,0.005228102207183838,-0.0001761592690384006
6200,61.750064849853516,115.45718765258789,-3.688866436481476,2.0325183e-07,0.0,0.02133423089981079,-0.00011855789747841072
6400,58.06875228881836,116.37268695831298,-3.688867002725601,4.1514636e-07,0.0,-0.026163578033447266,-0.00021485684607114308
6600,69.06664276123047,141.42571563720702,-3.688866126537323,1.8626451e-07,0.0,0.020358562469482422,-0.0001308608801622313
6800,69.3557357788086,139.34231014251708,-3.6888637363910677,1.9222499e-07,0.0,0.01835256814956665,-0.00012117433476390715
7000,59.845237731933594,114.34407825469971,-3.6888651311397553,1.5586615e-07,0.0,-0.015537500381469727,-0.00012150075943786475
7200,65.595947265625,132.42724018096925,-3.6888652205467225,1.3291836e-07,0.0,-0.050620198249816895,-0.00010451092628182002
7400,65.55162048339844,137.7360710144043,-3.6888641715049744,2.744794e-07,0.0,-0.00031054019927978516,-0.0001445178978285
7600,53.96013641357422,113.29863872528077,-3.6888645350933076,1.7076732e-07,0.0,-0.025253653526306152,-0.00012203921355116165
7800,63.228271484375,141.41255416870118,-3.6888639867305755,1.4066697e-07,0.0,-0.0018606185913085938,-9.725983058359589e-05
8000,61.4000358581543,126.48728313446045,-3.6888650476932527,1.7791987e-07,0.0,-0.02224588394165039,-0.00012641626581455512
8200,57.7230110168457,112.5014051437378,-3.688863658905029,2.0205974e-07,0.0,0.01894998550415039,-0.00011911383351641547
8400,61.92269515991211,131.13816986083984,-3.6888635218143464,3.093481e-07,0.0,-0.028126001358032227,-0.00014733681043788138
8600,61.16547393798828,118.36201286315918,-3.68886222243309,1.5646219e-07,0.0,0.00357210636138916,-0.00011601236505267564
8800,63.93042755126953,124.32820949554443,-3.6888615906238558,1.6361476e-07,0.0,0.03435617685317993,-0.0001224676972954697
9000,69.33916473388672,135.75990867614746,-3.6888611733913423,2.1636485e-07,0.0,0.032322824001312256,-0.00012560766976434933
9200,60.24531173706055,122.82084007263184,-3.6888615667819975,1.18315214e-07,0.0,0.018004179000854492,-8.53055642686229e-05
9400,62.1224250793457,125.9045919418335,-3.68886176943779,1.5795231e-07,0.0,-0.03841805458068848,-0.00010967853652346093
9600,68.06147003173828,143.67270469665527,-3.6888615131378173,2.3454427e-07,0.0,-0.03528726100921631,-0.00015136905777666244
9800,51.39054870605469,105.86939659118653,-3.6888600289821625,3.057718e-07,0.0,-0.04152631759643555,-0.00016443842582027912
10000,57.90974426269531,118.8959306716919,-3.6888593316078184,4.118681e-07,0.0,-0.0019268989562988281,-0.00020472863281628673
10200,62.12623596191406,119.69413223266602,-3.6888606667518617,1.8507242e-07,0.0,-0.02927076816558838,-0.00012599258025858262
10400,60.610816955566406,118.46736316680908,-3.688860219717026,2.4706125e-07,0.0,0.0004641413688659668,-0.00015898477945981427
10600,68.6661376953125,136.81976318359375,-3.688860535621643,1.230836e-07,0.0,0.00235593318939209,-9.673710185928997e-05
10800,49.700626373291016,100.56307048797608,-3.6888591170310976,1.7791986e-07,0.0,0.020809710025787354,-0.00011915910932920326
11000,54.984947204589844,110.89300899505615,-3.688858985900879,2.4467707e-07,0.0,-0.0336458683013916,-0.00014302505925645193
11200,55.10657501220703,117.05481452941895,-3.6888589799404143,2.6583672e-07,0.0,-0.019507646560668945,-0.00015854331764695307
11400,58.94829177856445,116.61933288574218,-3.6888589203357696,1.6748906e-07,0.0,-0.008960247039794922,-0.0001225857281085041
11600,54.85597610473633,112.79272708892822,-3.6888596057891845,1.5676022e-07,0.0,-0.003763914108276367,-0.00011166425792836776
11800,46.01572799682617,94.5807954788208,-3.688858503103256,1.9401313e-07,0.0,-0.07222330570220947,-0.00012174581040991228
12000,54.29082107543945,115.36049766540528,-3.6888585329055785,2.2649765e-07,0.0,0.0018523931503295898,-0.00014947903421003161
12200,69.98527526855469,134.77376804351806,-3.688859313726425,1.7791986e-07,0.0,0.0007550716400146484,-0.0001313126157480582
12400,61.68391036987305,130.62330741882323,-3.6888592422008513,1.04904174e-07,0.0,-0.01858985424041748,-8.113398504328018e-05
12600,57.42548370361328,115.80646533966065,-3.6888572752475737,3.054738e-07,0.0,0.007932722568511963,-0.00015932168748520326
12800,65.53009796142578,128.9656312942505,-3.68885937333107,2.0861626e-07,0.0,-0.042597174644470215,-0.00012935791691859322
13000,59.88100051879883,115.99874382019043,-3.6888574957847595,1.5348196e-07,0.0,-0.0009263753890991211,-0.00010118833138506034
13200,70.20487976074219,140.81794090270995,-3.6888581693172453,1.3709068e-07,0.0,-0.055962324142456055,-0.00010409385787859548
13400,57.61516571044922,122.44946823120117,-3.688858985900879,1.7613172e-07,0.0,-0.004472255706787109,-0.00011655955036218301
13600,61.84388732910156,119.32504978179932,-3.688859301805496,2.3156404e-07,0.0,-0.0039048194885253906,-0.00015105049387145186
13800,53.806827545166016,120.21040019989013,-3.6888588666915894,1.7881393e-07,0.0,-0.0075070858001708984,-0.00012652503979344588
14000,58.38314437866211,113.33779945373536,-3.6888562738895416,2.0891429e-07,0.0,0.015987515449523926,-0.00013438414018267507
14200,67.80867767333984,135.69589824676513,-3.6888565182685853,1.4811754e-07,0.0,0.011790990829467773,-0.00012058568453365837
14400,41.75678253173828,85.92956314086913,-3.688857042789459,4.068017e-07,0.0,-0.07928693294525146,-0.00020609635141211058
14600,62.00910568237305,119.10547180175782,-3.688856452703476,1.3500451e-07,0.0,-0.020220637321472168,-0.00010137367342482051
14800,71.70149993896484,133.33153247833252,-3.688856470584869,1.7255545e-07,0.0,-0.018509984016418457,-0.00012121640107309872
15000,57.724334716796875,117.3045440673828,-3.688855969905853,2.3722649e-07,0.0,-0.016312360763549805,-0.00015389552655626916
15200,66.9297866821289,140.0842227935791,-3.688855540752411,9.8645685e-08,0.0,0.014601707458496094,-7.589305978958905e-05
15400,74.05341339111328,139.97182998657226,-3.6888550400733946,1.8298626e-07,0.0,-0.002016901969909668,-0.00012812684521534834
15600,61.114009857177734,131.2141284942627,-3.6888566434383394,2.080202e-07,0.0,0.0037070512771606445,-0.00013618202591274552
15800,62.54739761352539,122.45631351470948,-3.6888575553894043,3.0100347e-07,0.0,-0.002631068229675293,-0.0001960364891449018
16000,54.95927429199219,116.12955245971679,-3.6888567984104155,1.7881393e-07,0.0,-0.05651974678039551,-0.00010997197733573217
16200,65.65742492675781,120.88364124298096,-3.688855904340744,1.7195939e-07,0.0,-0.05330193042755127,-0.00011904083251756958
16400,57.76314926147461,115.53527431488037,-3.688854491710663,2.82526e-07,0.0,-0.04327237606048584,-0.00018289657001275829
16600,63.4653434753418,132.65539360046387,-3.6888552963733674,1.6152858e-07,0.0,-0.045654892921447754,-0.0001141586008319706
16800,61.815887451171875,117.26791419982911,-3.6888542234897614,3.042817e-07,0.0,0.008105695247650146,-0.00016769029220853326
17000,57.499114990234375,114.00214862823486,-3.6888550162315368,2.2262334e-07,0.0,0.0036231279373168945,-0.00013978860607259945
17200,61.35050582885742,123.04557552337647,-3.6888548910617827,3.1948088e-07,0.0,-0.008106350898742676,-0.00017800207485088037
17400,60.819297790527344,126.25625019073486,-3.688854509592056,1.08182434e-07,0.0,-0.02212345600128174,-9.038727006327463e-05
17600,60.550689697265625,126.6099609375,-3.6888537287712095,1.8805267e-07,0.0,-0.0063391923904418945,-0.00013811600870958785
17800,68.5063705444336,135.14650897979737,-3.68885253071785,2.0951032e-07,0.0,-0.01698482036590576,-0.00013544140808265936
18000,61.17218017578125,126.02002182006837,-3.6888537764549256,2.2351742e-07,0.0,-0.031164050102233887,-0.00011848185870491079
18200,63.8610954284668,127.19100570678711,-3.6888528048992155,2.2083522e-07,0.0,-0.034554123878479004,-0.00014773242114998197
18400,67.97463989257812,130.92996196746827,-3.6888525426387786,2.2470951e-07,0.0,-0.01958012580871582,-0.00014480420208151656
18600,60.23097229003906,123.54355430603027,-3.688851720094681,1.7762184e-07,0.0,0.004812717437744141,-0.00012640653510374023
18800,64.89949035644531,125.32261161804199,-3.6888507902622223,2.2411348e-07,0.0,0.013496994972229004,-0.00012781597660591615
19000,64.90758514404297,124.27193622589111,-3.688850975036621,1.2636185e-07,0.0,-0.004445910453796387,-9.601761457318503e-05
19200,53.2356071472168,113.98580493927003,-3.688850051164627,2.4437904e-07,0.0,-0.06516146659851074,-0.00016805876121051
19400,61.81528091430664,128.64991264343263,-3.6888501942157745,1.09076495e-07,0.0,-0.01649308204650879,-9.341317391839966e-05
19600,73.97544860839844,141.93826560974122,-3.6888501822948454,1.6570091e-07,0.0,-0.0057048797607421875,-0.0001253427423232978
19800,71.28759002685547,137.03304805755616,-3.688851183652878,1.5795231e-07,0.0,0.005057096481323242,-0.00010171753192267374
20000,54.552955627441406,118.30023193359375,-3.688850450515747,1.6063451e-07,0.0,-0.04917871952056885,-0.00012120268790010158
20200,60.28314971923828,129.26978664398194,-3.6888489067554473,1.5944242e-07,0.0,-0.06273424625396729,-0.00012195625949900091
20400,75.30290985107422,146.46046562194823,-3.6888472616672514,1.15633014e-07,0.0,-0.021242737770080566,-9.469617995385703e-05
20600,74.45272064208984,145.60125656127929,-3.6888487100601197,1.1205673e-07,0.0,-0.01793813705444336,-9.607180236486102e-05
20800,61.359352111816406,126.71234798431396,-3.688846892118454,2.6464463e-07,0.0,-0.024338841438293457,-0.00017672966519057808
21000,52.333656311035156,106.69181690216064,-3.688847208023071,1.5765428e-07,0.0,-0.04882776737213135,-0.00010621663880208131
21200,57.00792694091797,113.38922519683838,-3.688848930597305,2.4080276e-07,0.0,-0.05937933921813965,-0.00016090394443182276
21400,67.20838165283203,124.64742984771729,-3.6888474404811857,2.488494e-07,0.0,-0.0004037618637084961,-0.00014581504423745174
21600,58.12372589111328,123.897829246521,-3.6888450980186462,2.0235777e-07,0.0,-0.019991636276245117,-0.00014070039319165063
21800,47.19673538208008,104.67019081115723,-3.6888444840908052,1.949072e-07,0.0,0.029342472553253174,-0.00012740337843126782
22000,61.37776184082031,130.40931816101073,-3.6888443648815157,1.9103288e-07,0.0,0.01325768232345581,-0.00015352109892461386
22200,65.02045440673828,123.59562339782715,-3.6888446867465974,1.5854836e-07,0.0,-0.05798840522766113,-0.00011466575353225039
22400,55.096595764160156,106.29422264099121,-3.6888438880443575,3.4421683e-07,0.0,0.03535425662994385,-0.00018228045147097304
22600,66.96216583251953,124.35035495758056,-3.6888459384441377,1.6659499e-07,0.0,-0.054004549980163574,-0.000129151845167641
22800,64.91075134277344,127.4332046508789,-3.688844603300095,1.4454126e-07,0.0,-0.02168560028076172,-0.0001051120161148944
23000,65.59597778320312,130.40359115600586,-3.6888435006141664,2.3007392e-07,0.0,-0.00832986831665039,-0.00015891061759205628
23200,76.07239532470703,145.57560844421386,-3.6888393700122832,1.8447636e-07,0.0,0.008002877235412598,-0.000134363248680458
23400,66.53536987304688,122.73994903564453,-3.688841050863266,2.3335218e-07,0.0,-0.0304642915725708,-0.00014592970916993409
23600,56.9119987487793,120.26922035217285,-3.6888417661190034,1.8060206e-07,0.0,-0.0004037618637084961,-0.00013119414463922397
23800,63.61721420288086,119.56839962005616,-3.6888407707214355,1.6063451e-07,0.0,-0.010201215744018555,-0.0001137416363153676
24000,61.589134216308594,117.11617622375488,-3.6888365864753725,1.4156103e-07,0.0,-0.03342735767364502,-0.0001113073822452737
24200,60.60863494873047,127.40617656707764,-3.688838255405426,1.952052e-07,0.0,0.026819050312042236,-0.00013740733602531918
24400,58.892127990722656,124.04463481903076,-3.688840478658676,1.5676022e-07,0.0,-0.0036537647247314453,-0.0001165508106463875
24600,61.54330825805664,119.7236557006836,-3.6888382494449616,1.5169383e-07,0.0,-0.020992517471313477,-0.00011107019322906809
24800,63.433868408203125,121.12359771728515,-3.68883535861969,2.169609e-07,0.0,-0.018880009651184082,-0.00013716749048651167
25000,58.66802215576172,115.41251621246337,-3.688837116956711,1.9192696e-07,0.0,0.027009546756744385,-0.00014187702545063186
25200,67.89456176757812,128.65629749298097,-3.688833600282669,1.6838312e-07,0.0,-0.038815855979919434,-0.00012721334477063805
25400,63.4976921081543,123.67151889801025,-3.688832199573517,2.7894976e-07,0.0,-0.0279618501663208,-0.00014579769949918386
25600,64.44511413574219,121.55419273376465,-3.688832527399063,2.0623207e-07,0.0,0.03000020980834961,-0.00013900154131292198
25800,50.70582580566406,110.75998497009277,-3.6888341546058654,2.6166438e-07,0.0,-0.017200589179992676,-0.00016050660432895825
26000,69.87853240966797,134.7230749130249,-3.688832086324692,1.9550323e-07,0.0,0.008597373962402344,-0.00012466071554300128
26200,60.58622360229492,119.75185127258301,-3.688828730583191,2.1547079e-07,0.0,0.03125423192977905,-0.0001522271487097271
26400,60.09038162231445,118.29478397369385,-3.6888338029384613,2.1278858e-07,0.0,-0.0266878604888916,-0.00013584254606797687
26600,61.62593078613281,126.09548492431641,-3.6888322830200195,2.2858381e-07,0.0,-0.013770818710327148,-0.00013911827734953698
26800,58.69994354248047,123.84179134368897,-3.6888357222080232,2.6613475e-07,0.0,0.03952836990356445,-0.0001404485100092029
27000,52.729740142822266,99.67935905456542,-3.68883358836174,1.4185906e-07,0.0,-0.027301430702209473,-8.298318809778494e-05
27200,59.23915100097656,122.56071586608887,-3.6888324499130247,1.2159347e-07,0.0,-0.02962183952331543,-9.857052483877026e-05
27400,56.665809631347656,121.70196590423583,-3.6888308823108673,1.2487173e-07,0.0,0.011930108070373535,-0.0001037570537675947
27600,62.95812225341797,119.89964771270752,-3.688833844661713,2.0086765e-07,0.0,-0.04466962814331055,-0.00011939118876753696
27800,56.23494338989258,115.95554180145264,-3.688831180334091,1.6242265e-07,0.0,-0.010072827339172363,-0.00012107878868299338
28000,60.43534469604492,112.77384490966797,-3.688831126689911,2.580881e-07,0.0,0.0018090009689331055,-0.00014376495699650605
28200,62.11837387084961,117.82241592407226,-3.68883101940155,1.5765428e-07,0.0,-0.0011130571365356445,-0.00011513332963799527
28400,46.6092643737793,96.76744899749755,-3.688829654455185,1.6599893e-07,0.0,-0.03339040279388428,-0.0001149161009173838
28600,64.23699188232422,136.7716205596924,-3.6888311862945558,1.9192694e-07,0.0,-0.007554173469543457,-0.0001381365496858855
28800,60.19813919067383,121.35195903778076,-3.6888322293758393,1.3440848e-07,0.0,0.021945297718048096,-9.70924207060353e-05
29000,62.2984733581543,122.86494293212891,-3.688831698894501,1.7076731e-07,0.0,-0.03746020793914795,-0.00011046616743612959
29200,49.458412170410156,100.86681880950928,-3.6888299703598024,2.1457672e-07,0.0,0.027090370655059814,-0.00013076225642407734
29400,61.61833190917969,124.29091053009033,-3.6888316750526426,1.1026859e-07,0.0,0.004230916500091553,-9.127154926176217e-05
29600,60.03703689575195,117.66232242584229,-3.6888309180736543,1.3798476e-07,0.0,0.026704251766204834,-0.000111273721120142
29800,58.99322509765625,119.05538501739503,-3.6888312458992005,1.2576581e-07,0.0,-0.004720211029052734,-0.00010211008163309998
30000,55.78077697753906,114.58739757537842,-3.6888333201408385,1.5735627e-07,0.0,-0.004119992256164551,-0.00011159545135726034
30200,72.60662841796875,133.63588790893556,-3.6888284146785737,2.744794e-07,0.0,-0.00911104679107666,-0.00015596095904517603
30400,48.56732177734375,99.20673828125,-3.688832312822342,1.6421079e-07,0.0,-0.06761002540588379,-9.968054304145823e-05
30600,57.393699645996094,108.75263900756836,-3.6888284504413607,1.7821789e-07,0.0,-0.015858054161071777,-0.00011851675711778142
30800,59.2957763671875,119.42053775787353,-3.6888310253620147,2.1666288e-07,0.0,-0.008600354194641113,-0.0001592504077988721
31000,61.85704040527344,118.3944574356079,-3.6888309955596923,1.552701e-07,0.0,0.005866944789886475,-0.0001072085351232488
31200,69.9109115600586,130.34216861724855,-3.688830226659775,1.7374755e-07,0.0,-0.015096426010131836,-0.00010631852259539443
31400,62.41691207885742,119.29225864410401,-3.6888311862945558,2.3037197e-07,0.0,0.024660348892211914,-0.000126824513489332
31600,56.56447219848633,116.20067749023437,-3.6888308048248293,2.8938055e-07,0.0,-0.006714344024658203,-0.00018917819009036662
31800,56.41606140136719,110.9218011856079,-3.6888302624225617,1.6778706e-07,0.0,-0.06465494632720947,-0.00012916229634143405
32000,60.17591094970703,117.71589126586915,-3.688828259706497,1.4066696e-07,0.0,-0.017173290252685547,-0.00010499419273521938
32200,71.92577362060547,142.47866744995116,-3.6888307094573975,1.4185906e-07,0.0,-0.06004750728607178,-0.00012053570121004498
32400,57.54954147338867,110.85185928344727,-3.6888292908668516,1.1652708e-07,0.0,-0.01685643196105957,-9.307815798242913e-05
32600,56.07421112060547,116.55902786254883,-3.688829553127289,1.5199184e-07,0.0,-0.08563482761383057,-0.00011208516398681922
32800,67.6666030883789,136.31741313934327,-3.688828909397125,1.463294e-07,0.0,-0.0076531171798706055,-0.00010643789160642569
33000,65.4182357788086,123.16839599609375,-3.6888289988040923,1.680851e-07,0.0,0.0040337443351745605,-0.00011092405730259714
33200,53.31111145019531,113.56994934082032,-3.688828319311142,1.3560057e-07,0.0,0.027544260025024414,-8.872544335654098e-05
33400,52.248050689697266,100.83810424804688,-3.68882759809494,2.4288892e-07,0.0,0.019688308238983154,-0.00015469292199234985
33600,53.37744903564453,103.23422546386719,-3.6888263165950774,2.3931264e-07,0.0,0.007355868816375732,-0.0001291715958869899
33800,62.14688491821289,119.7871229171753,-3.6888259172439577,1.5497207e-07,0.0,-0.005781412124633789,-0.00012038764463042639
34000,67.36593627929688,120.54760704040527,-3.6888269424438476,1.2636184e-07,0.0,-0.06750047206878662,-0.00010855741798247998
34200,61.5682258605957,122.538600730896,-3.688825911283493,1.6510486e-07,0.0,0.025716423988342285,-0.00012299552547005986
34400,51.57433319091797,109.46615867614746,-3.688821929693222,2.864003e-07,0.0,0.013130426406860352,-0.0001706041697122629
34600,48.85997009277344,101.48314914703369,-3.688823425769806,2.1845102e-07,0.0,-0.015478014945983887,-0.00013486440441923264
34800,59.362831115722656,118.03522930145263,-3.6888206541538238,2.0354986e-07,0.0,-0.03812551498413086,-0.00011478999261376188
35000,64.85704803466797,125.03324737548829,-3.688817727565765,1.2010335e-07,0.0,0.023369967937469482,-9.191137857165189e-05
35200,62.16312026977539,124.2637113571167,-3.68881841301918,8.434057e-08,0.0,-0.012626171112060547,-7.768724933541194e-05
35400,59.14222717285156,118.83642616271973,-3.688821792602539,1.3411045e-07,0.0,-0.028119444847106934,-0.00010011647588399341
35600,49.24789810180664,102.21456165313721,-3.6888162553310395,1.7434358e-07,0.0,0.008309900760650635,-0.0001291305647935559
35800,47.72063064575195,105.12631702423096,-3.6888213574886324,1.9550323e-07,0.0,-0.026971817016601562,-0.00013654658919932673
36000,57.66455078125,119.97602157592773,-3.688822901248932,2.0503998e-07,0.0,-0.05875372886657715,-0.00012688438665175994
36200,59.35204315185547,112.0211591720581,-3.6888192355632783,1.2099743e-07,0.0,-0.047698378562927246,-0.00010723650420114694
36400,53.48944854736328,126.14602203369141,-3.6888231337070465,2.1398067e-07,0.0,-0.05330348014831543,-0.00011932452094747248
36600,69.73567199707031,143.34947471618653,-3.6888169586658477,1.5944242e-07,0.0,0.03911995887756348,-0.0001243044289104489
36800,58.41376876831055,110.56037902832031,-3.688817721605301,1.758337e-07,0.0,-0.0018596649169921875,-0.00011808247108859859
37000,49.1180305480957,97.0207908630371,-3.6888166069984436,1.9639731e-07,0.0,-0.038773298263549805,-0.00012233403346399995
37200,60.523902893066406,118.71447467803955,-3.688816434144974,1.4811754e-07,0.0,-0.03178739547729492,-0.00011369626878909855
37400,55.66196823120117,121.29848289489746,-3.688815551996231,2.6524066e-07,0.0,-0.009381771087646484,-0.00016279321925551926
37600,49.875579833984375,101.15480899810791,-3.6888147413730623,1.9699334e-07,0.0,-0.00471186637878418,-0.00013235583552249076
37800,65.1434097290039,120.06781768798828,-3.6888138115406037,2.589822e-07,0.0,-0.0251997709274292,-0.00016117696500161927
38000,64.76060485839844,129.71679935455322,-3.6888150572776794,1.5288592e-07,0.0,0.014259099960327148,-0.00011221824542655412
38200,55.163326263427734,106.94929141998291,-3.688816249370575,1.8328427e-07,0.0,-0.07312464714050293,-0.0001221789718570676
38400,61.96176528930664,121.26598720550537,-3.688813883066177,2.0384789e-07,0.0,-0.045928239822387695,-0.00013294074056515725
38600,66.52312469482422,132.78906383514405,-3.688813346624374,1.7791987e-07,0.0,-0.018253207206726074,-0.00012008988082907734
38800,61.8926887512207,121.04561977386474,-3.6888161480426787,1.7642975e-07,0.0,0.0015966296195983887,-0.00013519136787607522
39000,59.33870315551758,121.79690494537354,-3.688813406229019,2.1070242e-07,0.0,0.00043696165084838867,-0.00012946844012589053
39200,47.719451904296875,97.60343799591064,-3.6888140559196474,2.8938055e-07,0.0,-0.06865537166595459,-0.00015633067465579132
39400,56.25693893432617,113.35550556182861,-3.688808035850525,2.4735928e-07,0.0,-0.043830156326293945,-0.00014705556557075282
39600,57.324119567871094,118.27629146575927,-3.6888142347335817,2.1725893e-07,0.0,-0.07062959671020508,-0.0001271279447394136
39800,64.19905853271484,131.88522891998292,-3.6888080298900605,1.4305115e-07,0.0,5.793571472167969e-05,-0.00010079861383438526
40000,65.56487274169922,130.53826904296875,-3.6888118028640746,1.5676021e-07,0.0,-0.01913297176361084,-0.00012647873251641072
40200,53.097145080566406,109.63076839447021,-3.6888059616088866,1.2367964e-07,0.0,0.0065160393714904785,-0.00010415209114618129
40400,57.81196212768555,116.70808219909668,-3.68880917429924,1.7255545e-07,0.0,-0.02722012996673584,-0.00012014132616542384
40600,64.75774383544922,131.51198348999023,-3.6888094544410706,1.14440915e-07,0.0,0.0042285919189453125,-0.0001039745061895303
40800,58.283878326416016,117.3862096786499,-3.688808858394623,2.2500753e-07,0.0,0.0003579258918762207,-0.0001523375199148802
41000,48.89359664916992,101.21066665649414,-3.6888050734996796,1.6629697e-07,0.0,-0.03178095817565918,-0.00011603101286468131
41200,63.70494842529297,132.44014225006103,-3.6888071417808534,1.5288592e-07,0.0,0.0003581047058105469,-0.00011270005214853995
41400,57.1109619140625,111.1005765914917,-3.6888075709342956,1.7315149e-07,0.0,-0.04162144660949707,-0.00010655220545612299
41600,56.64829635620117,119.30129165649414,-3.688807725906372,2.30968e-07,0.0,-0.005860567092895508,-0.00015611946639211284
41800,48.43400955200195,100.48480396270752,-3.688806289434433,1.680851e-07,0.0,-0.0586169958114624,-0.00010610573754625819
42000,67.29972076416016,125.05514526367188,-3.688808244466782,1.180172e-07,0.0,-0.0641244649887085,-7.981331637196831e-05
42200,65.36775970458984,126.34988231658936,-3.688805514574051,2.2500754e-07,0.0,0.01240628957748413,-0.00014156386215409268
42400,78.82144165039062,145.0832275390625,-3.6888120472431183,1.7344952e-07,0.0,-0.007311224937438965,-0.00013100612888266027
42600,59.85538101196289,115.13280353546142,-3.688813579082489,1.913309e-07,0.0,-0.0011103153228759766,-0.00011670538103487615
42800,67.77101135253906,131.88395404815674,-3.688807511329651,1.1116266e-07,0.0,-0.06768631935119629,-0.00010794592668013081
43000,61.40423583984375,121.23806571960449,-3.68880809545517,3.0517577e-07,0.0,-0.033010125160217285,-0.0001740417169344255
43200,54.3600959777832,114.1214334487915,-3.6888082921504974,1.3768673e-07,0.0,-0.03793323040008545,-0.00011060748000204512
43400,61.92763137817383,124.11912288665772,-3.6888134121894836,1.7553567e-07,0.0,0.0005005002021789551,-0.000135232493424553
43600,55.722171783447266,113.09726257324219,-3.6888064205646516,2.1040438e-07,0.0,-0.06188762187957764,-0.00015184177433908986
43800,67.1156997680664,129.82449111938476,-3.6888046324253083,1.2606382e-07,0.0,-0.006583690643310547,-9.486040488546622e-05
44000,55.04261779785156,113.29121417999268,-3.68880016207695,1.6659499e-07,0.0,-0.0027240514755249023,-0.0001040916585392182
44200,49.834877014160156,101.55751323699951,-3.6888073205947878,2.080202e-07,0.0,0.002855837345123291,-0.00013559041119073356
44400,57.875885009765625,120.18705177307129,-3.6888067722320557,2.3812055e-07,0.0,-0.0008960962295532227,-0.000146215290684637
44600,58.999534606933594,118.16680641174317,-3.6888046860694885,2.0802021e-07,0.0,-0.029759883880615234,-0.00014549916278134846
44800,63.1173095703125,133.45319633483888,-3.6888026177883146,1.758337e-07,0.0,-0.005394935607910156,-0.00014663666414644895
45000,54.857967376708984,112.34046878814698,-3.688806343078613,2.2411348e-07,0.0,-0.038480281829833984,-0.00013749986895277287
45200,56.72125244140625,123.91278820037842,-3.688803327083588,1.8417836e-07,0.0,-0.038887739181518555,-0.00013222964077854726
45400,64.7755126953125,126.56046333312989,-3.6887978494167326,2.8789043e-07,0.0,-0.029528260231018066,-0.00017921622150716133
45600,63.1286735534668,132.56189994812013,-3.6888025104999542,1.4811755e-07,0.0,-0.013514876365661621,-0.0001190313696123546
45800,66.82123565673828,131.9881721496582,-3.688802993297577,9.5367426e-08,0.0,-0.021541118621826172,-8.934628246421994e-05
46000,59.88277053833008,122.05011100769043,-3.688801896572113,1.4960766e-07,0.0,-0.018730640411376953,-0.00010750004649509037
46200,54.50210189819336,110.9221929550171,-3.688797891139984,2.2768974e-07,0.0,-0.031768083572387695,-0.00014039510497170226
46400,48.89481735229492,96.72203369140625,-3.688797402381897,1.8149615e-07,0.0,0.008375227451324463,-0.0001127665632367325
46600,66.3212890625,124.59357414245605,-3.6887929022312163,1.603365e-07,0.0,-0.01417994499206543,-0.00012698557917012465
46800,61.55862808227539,123.62163677215577,-3.6888006746768953,9.357929e-08,0.0,-0.0054847002029418945,-8.834566879691863e-05
47000,73.98857116699219,141.9731086730957,-3.6887933552265166,2.783537e-07,0.0,-0.03340268135070801,-0.00014992965729376806
47200,58.908729553222656,111.37005500793457,-3.6887931704521177,2.1845102e-07,0.0,-0.06470847129821777,-0.0001524488020962167
47400,49.66168212890625,99.95604991912842,-3.6887916922569275,1.975894e-07,0.0,-0.00039708614349365234,-0.00012469120378022502
47600,55.46367263793945,107.15860424041747,-3.688792961835861,1.7791987e-07,0.0,-0.02471911907196045,-0.00011357988466915714
47800,50.996612548828125,103.6288408279419,-3.688797426223755,2.4259091e-07,0.0,-0.003953695297241211,-0.0001330350634450639
48000,53.68962097167969,109.77849674224854,-3.6887965977191923,1.2993812e-07,0.0,0.013223707675933838,-9.574893828627751e-05
48200,52.6716194152832,107.34973850250245,-3.688793343305588,1.9073485e-07,0.0,0.005827665328979492,-0.00012356416771752698
48400,60.929115295410156,121.70280380249024,-3.6887968242168427,1.3142825e-07,0.0,-0.02651381492614746,-0.00010080486492398677
48600,59.90089416503906,127.75711784362792,-3.688799524307251,2.1070241e-07,0.0,-0.0319598913192749,-0.00014609837511798674
48800,51.1121826171875,95.72437686920166,-3.6887966096401215,2.4646522e-07,0.0,0.007359027862548828,-0.00015130164476975238
49000,52.86757278442383,108.06750793457032,-3.6887993216514587,1.3321639e-07,0.0,-0.04664313793182373,-8.877515068430596e-05
49200,59.64518737792969,125.25814266204834,-3.6887998223304748,1.8596648e-07,0.0,-0.0615692138671875,-0.00012772898491810735
49400,46.1451530456543,91.87252864837646,-3.6887952089309692,2.4288892e-07,0.0,-0.04247736930847168,-0.00013865314473591184
49600,59.71953582763672,115.9544641494751,-3.6887952208518984,2.3752449e-07,0.0,-0.04623293876647949,-0.00014841733698709448
49800,54.9510383605957,107.19048690795898,-3.688793343305588,1.8775464e-07,0.0,0.030908823013305664,-0.0001484635605878637
50000,59.566444396972656,124.28143119812012,-3.6887984573841095,1.2040138e-07,0.0,-0.03981423377990723,-0.00012129157769678046
50200,63.83292770385742,129.7101613998413,-3.6887956500053405,2.2172927e-07,0.0,-0.02739584445953369,-0.00014779260773565284
50400,66.3506851196289,126.76427516937255,-3.6887943863868715,1.6599894e-07,0.0,0.004647433757781982,-0.00011509889381677851
50600,61.76002883911133,123.76964473724365,-3.688790863752365,1.5050173e-07,0.0,-0.06728065013885498,-0.00011460144848740583
50800,50.28119659423828,100.7035322189331,-3.688796544075012,2.2441148e-07,0.0,-0.055286407470703125,-0.00016609682090091838
51000,53.45215606689453,104.75817394256592,-3.6887966334819793,2.3841858e-07,0.0,-0.008726000785827637,-0.00014039321619732092
51200,64.687255859375,130.7611297607422,-3.6887910783290865,1.04904174e-07,0.0,-0.015038847923278809,-0.00010543284518149676
51400,53.183204650878906,108.80118408203126,-3.6887863337993623,2.8282403e-07,0.0,-0.06500136852264404,-0.00018908649255955368
51600,54.87052536010742,112.65901603698731,-3.6887881457805634,2.6077032e-07,0.0,-0.0013512372970581055,-0.00015389114628518996
51800,57.8270149230957,114.49953212738038,-3.6887848556041716,1.2487173e-07,0.0,0.02382528781890869,-0.00011081817360683032
52000,53.24520492553711,110.9352813720703,-3.6887811005115507,1.8447636e-07,0.0,0.012433826923370361,-0.00011686068668836924
52200,65.03653717041016,127.74079666137695,-3.688784545660019,1.92523e-07,0.0,-0.0060569047927856445,-0.00012434175649076452
52400,61.49128341674805,122.3154468536377,-3.6887823820114134,2.0235777e-07,0.0,-0.017392992973327637,-0.00015238138428088632
52600,57.52710723876953,113.42618808746337,-3.688785493373871,3.6954881e-07,0.0,0.004531741142272949,-0.00021654650172422407
52800,67.20364379882812,134.45145320892334,-3.688777577877045,1.3530254e-07,0.0,0.015024662017822266,-0.00010906182169572176
53000,65.24323272705078,128.80956401824952,-3.6887863755226133,1.5377998e-07,0.0,-0.014369368553161621,-0.00012391149295662985
53200,39.20781326293945,88.04008617401124,-3.688780826330185,3.5613775e-07,0.0,0.0040909647941589355,-0.00019502961587885003
53400,57.62732696533203,112.89606647491455,-3.6887819290161135,1.8328429e-07,0.0,-0.02817368507385254,-0.00011929191615180911
53600,60.06005859375,112.67830963134766,-3.688786566257477,1.6331673e-07,0.0,-0.060178518295288086,-0.0001168999532545456
53800,53.53697204589844,110.28421688079834,-3.6887720465660094,2.348423e-07,0.0,-0.022216081619262695,-0.00014022750428651642
54000,56.83796691894531,114.5975284576416,-3.6887844800949097,1.5884638e-07,0.0,-0.04276251792907715,-0.00012720853126211296
54200,49.32733917236328,98.40585403442383,-3.688778871297836,2.1845102e-07,0.0,-0.003217935562133789,-0.0001325051930485599
54400,58.57884979248047,115.2965244293213,-3.688784992694855,1.3768673e-07,0.0,-0.02780771255493164,-0.00010710573183826399
54600,50.2501335144043,96.93477249145508,-3.688779020309448,3.0338765e-07,0.0,0.0024482011795043945,-0.00016272842814615273
54800,54.73296356201172,107.23684806823731,-3.688778293132782,1.7762183e-07,0.0,-0.0136793851852417,-0.00011344894786873283
55000,58.85466766357422,115.85639190673828,-3.6887715578079225,1.9788742e-07,0.0,0.010152995586395264,-0.000124171346067925
55200,54.82374572753906,109.1901309967041,-3.6887808740139008,2.4318695e-07,0.0,-0.051537156105041504,-0.00014372107467650608
55400,72.94921112060547,138.54371662139891,-3.68877569437027,1.8417836e-07,0.0,0.0031636953353881836,-0.00015095496138251008
55600,54.17654037475586,110.63351821899414,-3.6887592554092405,1.6719103e-07,0.0,-0.015005350112915039,-0.00010486526879596169
55800,57.34090805053711,117.77968120574951,-3.6887839913368223,1.6838311e-07,0.0,-0.011626839637756348,-0.00011648321319697174
56000,67.64846801757812,136.97127895355226,-3.688769483566284,9.924173e-08,0.0,-0.038091063499450684,-9.104692965618e-05
56200,51.612178802490234,100.95461006164551,-3.6887845277786253,1.2516975e-07,0.0,-0.12444508075714111,-0.0001111973073314232
56400,41.34503173828125,84.08845882415771,-3.6887788593769075,3.5911796e-07,0.0,-0.04114532470703125,-0.0001737218058504908
56600,51.61573028564453,105.18892898559571,-3.68878031373024,1.5974045e-07,0.0,-0.05912446975708008,-0.0001060855093862223
56800,56.675106048583984,115.76300354003907,-3.6887774050235747,3.0070544e-07,0.0,-0.027125000953674316,-0.0001751982199127866
57000,52.89362335205078,98.81005764007568,-3.688779038190842,2.1249056e-07,0.0,0.03790074586868286,-0.0001518899188592826
57200,56.03830337524414,121.00030155181885,-3.688782274723053,1.4305115e-07,0.0,-0.03233945369720459,-0.00010915598317993159
57400,60.538246154785156,116.49857597351074,-3.688779002428055,7.867813e-08,0.0,-0.03022456169128418,-5.695640283498449e-05
57600,65.69402313232422,123.54600238800049,-3.688774138689041,1.9043684e-07,0.0,-0.025596141815185547,-0.00013859269125404694
57800,50.595035552978516,101.67617378234863,-3.6887849152088164,1.642108e-07,0.0,0.04446768760681152,-0.00012672337865708981
58000,53.909812927246094,116.15574054718017,-3.6887812972068788,1.3023615e-07,0.0,-0.02372443675994873,-9.835211904665186e-05
58200,52.35472869873047,108.22687587738037,-3.6887789905071258,1.7762184e-07,0.0,-0.054653167724609375,-0.00013537683997864037
58400,53.49397659301758,114.15426406860351,-3.6887827157974242,1.6450882e-07,0.0,-0.025194168090820312,-0.0001239706874414992
58600,59.08384704589844,131.28306045532227,-3.6887824892997743,1.206994e-07,0.0,-0.06241118907928467,-9.514664132197481e-05
58800,60.66524124145508,126.37842407226563,-3.688779628276825,2.7120115e-07,0.0,0.020905017852783203,-0.0001744216077378624
59000,65.25849151611328,129.79084091186525,-3.688773864507675,9.030104e-08,0.0,-0.017591118812561035,-6.115550565937156e-05
59200,58.07343673706055,114.04260177612305,-3.688782775402069,1.6897917e-07,0.0,-0.00479888916015625,-0.0001186935597895289
59400,59.58335494995117,112.37814884185791,-3.6887869119644163,1.17123136e-07,0.0,0.004687905311584473,-8.355917394737844e-05
59600,48.13066864013672,97.41397953033447,-3.6887834489345552,1.4781952e-07,0.0,-0.039453864097595215,-0.0001249436736245002
59800,54.31624984741211,109.02084503173828,-3.688783621788025,3.8087367e-07,0.0,-0.02769458293914795,-0.00022392427811297467
60000,57.74879455566406,122.31594982147217,-3.6887863099575045,1.5944242e-07,0.0,-0.030366182327270508,-0.00010187754087929158
60200,64.38732147216797,124.44521236419678,-3.6887899219989775,1.7642975e-07,0.0,-0.0785980224609375,-9.68777688235889e-05
60400,53.09845733642578,106.08829860687256,-3.68878835439682,1.6987323e-07,0.0,-0.01846909523010254,-0.0001399399621423214
60600,60.3994255065918,119.82106876373291,-3.688774186372757,1.9818545e-07,0.0,-0.008075714111328125,-0.00012663899374891762
60800,54.478572845458984,119.34859695434571,-3.6887844800949097,9.328127e-08,0.0,0.021340668201446533,-9.189881377587028e-05
61000,56.23284149169922,120.13256759643555,-3.6887814342975616,1.3947488e-07,0.0,-0.03211414813995361,-0.00010036715821808429
61200,55.45185089111328,110.89323043823242,-3.6887784361839295,2.7060509e-07,0.0,-0.03800022602081299,-0.0001569271826618035
61400,61.586692810058594,122.37032852172851,-3.6887844502925873,1.2874604e-07,0.0,-0.019218087196350098,-9.642869972239509e-05
61600,43.507835388183594,91.46572074890136,-3.6887767612934113,2.8043985e-07,0.0,-0.030955910682678223,-0.00017586733403973653
61800,50.59113693237305,95.57889728546142,-3.6887823581695556,4.6402215e-07,0.0,-0.06232631206512451,-0.00028185559825111284
62000,60.12546157836914,117.6210865020752,-3.6887751162052154,1.8388033e-07,0.0,-0.020685911178588867,-0.00014291175674312483
62200,61.01926803588867,118.19777336120606,-3.688768583536148,1.9550325e-07,0.0,-0.012320280075073242,-0.00012228669236655776
62400,54.145286560058594,103.37897205352783,-3.688775289058685,1.296401e-07,0.0,-0.04178595542907715,-0.00010247290097709083
62600,46.43796157836914,93.61648921966552,-3.6887793838977814,1.9192694e-07,0.0,-0.033359408378601074,-0.00012792716878848865
62800,56.56367874145508,111.33481521606446,-3.6887821793556212,1.02818014e-07,0.0,0.0034689903259277344,-9.845179333041187e-05
63000,55.73039627075195,118.33979682922363,-3.6887786090373993,1.2814998e-07,0.0,0.030703604221343994,-0.00010693165118738079
63200,56.21551513671875,113.07235889434814,-3.6887730956077576,2.0563603e-07,0.0,-0.03020942211151123,-0.00012661883985267685
63400,62.63457107543945,129.21747303009033,-3.688764774799347,1.0848045e-07,0.0,0.030317306518554688,-9.223298817744308e-05
63600,51.08754348754883,107.26642436981201,-3.68877626657486,1.3768673e-07,0.0,-0.02271139621734619,-0.00010309371313645954
63800,58.23458480834961,111.51773185729981,-3.6887675285339356,3.7014485e-07,0.0,-0.05077624320983887,-0.00017632981987603102
64000,59.78724670410156,116.11746387481689,-3.6887788832187653,2.1815299e-07,0.0,-0.016242384910583496,-0.00013857060673601042
64200,54.27962875366211,109.08522548675538,-3.6887727200984957,9.50694e-08,0.0,-0.04459035396575928,-8.927239450076674e-05
64400,49.411773681640625,99.13942337036133,-3.6887773752212523,1.8984079e-07,0.0,-0.05557048320770264,-0.00012833670535172814
64600,57.03554153442383,109.35738258361816,-3.688768720626831,1.9073485e-07,0.0,-0.013812780380249023,-0.00011706241943407747
64800,57.901790618896484,112.39921283721924,-3.6887759149074553,1.7613172e-07,0.0,-0.08769094944000244,-0.00012148851961555352
65000,57.71159362792969,120.04081649780274,-3.6887734949588777,1.3560057e-07,0.0,-0.03987765312194824,-8.774967075204642e-05
65200,50.258060455322266,101.18572769165038,-3.688771575689316,2.0712613e-07,0.0,-0.021220684051513672,-0.00014175322666787338
65400,59.052085876464844,115.97854309082031,-3.688772666454315,1.6063451e-07,0.0,-0.06462252140045166,-9.811643127122238e-05
65600,61.12029266357422,125.06676349639892,-3.688780677318573,8.7022784e-08,0.0,-0.011864066123962402,-9.078673998672571e-05
65800,40.833518981933594,82.98744869232178,-3.6887627124786375,1.6272067e-07,0.0,-0.048505187034606934,-0.00012621358688917893
66000,50.43657684326172,98.02307376861572,-3.6887733697891236,1.5467405e-07,0.0,-0.0031119585037231445,-0.00011552319535468314
66200,52.84764099121094,100.1301736831665,-3.688783252239227,2.270937e-07,0.0,-0.06358158588409424,-0.0001419112314216875
66400,53.742061614990234,97.62455329895019,-3.688772106170654,2.1904705e-07,0.0,-0.03459525108337402,-0.00015189099330328303
66600,64.03668212890625,116.7132354736328,-3.6887795329093933,1.6808511e-07,0.0,-0.029343605041503906,-0.0001301138695593451
66800,50.926536560058594,110.35745735168457,-3.688772666454315,1.7493963e-07,0.0,-0.03751099109649658,-0.00014265596964637694
67000,50.168357849121094,115.80519580841064,-3.688767224550247,1.5854835e-07,0.0,-0.02416360378265381,-0.00010195170361697592
67200,47.94522476196289,93.48727836608887,-3.6887696623802184,2.619624e-07,0.0,-0.02008688449859619,-0.00014440535661179864
67400,45.25776672363281,88.89224948883057,-3.68876827955246,1.2874602e-07,0.0,-0.05323338508605957,-0.00010769611377581256
67600,49.69102478027344,105.34500408172607,-3.688769870996475,1.2516976e-07,0.0,-0.05700027942657471,-9.765178729921331e-05
67800,43.36516571044922,84.9791862487793,-3.6887669563293457,1.9431114e-07,0.0,-0.048638343811035156,-0.00013418050912292757
68000,42.93220520019531,95.69408931732178,-3.688774514198303,3.027916e-07,0.0,-0.028134703636169434,-0.00016676217361784041
68200,62.14042282104492,125.88359413146972,-3.688775622844696,1.07884404e-07,0.0,0.0016928911209106445,-8.01742751509238e-05
68400,44.807369232177734,90.30536975860596,-3.68876776099205,2.4706125e-07,0.0,0.04277127981185913,-0.0001583218117502838
68600,49.40745162963867,104.78117923736572,-3.68876793384552,1.1116266e-07,0.0,-0.00481569766998291,-0.00010343281892701838
68800,49.707759857177734,101.7236291885376,-3.6887563824653626,2.837181e-07,0.0,-0.022120952606201172,-0.00018400252562429388
69000,49.92597579956055,99.43844470977783,-3.6887607097625734,1.7374754e-07,0.0,0.02784663438796997,-0.0001175792667034159
69200,47.90341567993164,98.56389656066895,-3.6887651085853577,1.7523766e-07,0.0,0.008631467819213867,-0.00012449656465634006
69400,56.349239349365234,118.91446838378906,-3.6887681245803834,1.4930964e-07,0.0,-0.03447854518890381,-9.899503019514811e-05
69600,63.763450622558594,124.42871170043945,-3.6887680530548095,1.8149615e-07,0.0,-0.016093850135803223,-0.00012637712062326666
69800,46.8355712890625,94.78720684051514,-3.6887664675712584,2.3841858e-07,0.0,-0.003225088119506836,-0.00014811819953885474
70000,47.893585205078125,97.2546781539917,-3.6887589633464812,1.6838312e-07,0.0,0.006657958030700684,-0.0001232375505267669
70200,54.953224182128906,109.3221570968628,-3.688764762878418,1.4722347e-07,0.0,0.0125465989112854,-0.000121386409247215
70400,51.70289611816406,106.28789100646972,-3.688773310184479,2.235174e-07,0.0,-0.01608097553253174,-0.00015175105663445265
70600,47.85564041137695,97.93549785614013,-3.688771140575409,2.9295683e-07,0.0,-0.001853346824645996,-0.00016157774686007543
70800,39.81629943847656,81.25088367462158,-3.6887588500976562,2.4288892e-07,0.0,-0.06471526622772217,-0.00015835869269906767
71000,52.513877868652344,105.3656831741333,-3.688768869638443,1.347065e-07,0.0,-0.010563969612121582,-9.696132726553231e-05
71200,56.17582702636719,107.5305830001831,-3.688765448331833,1.8894673e-07,0.0,-0.07751333713531494,-0.00012055766644474275
71400,51.68392562866211,103.87540397644042,-3.688761681318283,1.8388033e-07,0.0,-0.011414885520935059,-0.00013059233892533939
71600,49.68809509277344,105.10365142822266,-3.688759630918503,1.9788742e-07,0.0,-0.028180956840515137,-0.00013802576784200938
71800,52.42721176147461,110.1450325012207,-3.6887564659118652,2.2768974e-07,0.0,-0.012175440788269043,-0.00015208181836428024
72000,46.78239822387695,94.142502784729,-3.688760149478912,2.4348498e-07,0.0,-0.014023065567016602,-0.00014829336139712268
72200,49.41617202758789,97.15927562713622,-3.6887576460838316,1.3709068e-07,0.0,-0.03466963768005371,-0.00011258725748497511
72400,52.374168395996094,110.7275779724121,-3.688759046792984,1.910329e-07,0.0,-0.029120326042175293,-0.00012301822815725673
72600,57.79711151123047,115.41384506225586,-3.68875657916069,1.3917685e-07,0.0,-0.02926051616668701,-0.00010418564101541961
72800,48.546451568603516,102.62193164825439,-3.6887627065181734,2.0056963e-07,0.0,-0.06839799880981445,-0.00013704025753860093
73000,61.552825927734375,128.1811559677124,-3.6887489795684814,2.720952e-07,0.0,-0.06626486778259277,-0.00017044232794791725
73200,53.867122650146484,103.6877426147461,-3.688757026195526,1.859665e-07,0.0,-0.012421965599060059,-0.00015344552757134977
73400,58.797157287597656,112.83746700286865,-3.6887620627880096,1.0311604e-07,0.0,-0.0014998912811279297,-7.831810426317531e-05
73600,53.472015380859375,105.65107936859131,-3.6887607336044312,1.8179418e-07,0.0,0.007491469383239746,-0.00010786013236341319
73800,53.959590911865234,110.60493450164795,-3.688753974437714,1.6123056e-07,0.0,0.01762789487838745,-0.0001162791780267014
74000,59.44676208496094,118.0102560043335,-3.6887478947639467,1.7970801e-07,0.0,-0.041028738021850586,-0.00013302971508757366
74200,52.116172790527344,104.6590929031372,-3.688764160871506,2.1010638e-07,0.0,-0.05454409122467041,-0.00013490596374765573
74400,45.04466247558594,88.92277584075927,-3.688768297433853,1.692772e-07,0.0,-0.04200482368469238,-0.0001244873185292761
74600,61.83579635620117,132.13097324371338,-3.688766783475876,1.4275312e-07,0.0,-0.027047276496887207,-0.00011927997953629089
74800,53.6419792175293,115.08583698272705,-3.6887664079666136,2.1755696e-07,0.0,-0.013848066329956055,-0.00015073370748517335
75000,65.91881561279297,129.25827312469482,-3.6887651562690733,1.8656253e-07,0.0,-0.023996710777282715,-0.00013211356022750919
75200,52.71756362915039,109.02461662292481,-3.688752603530884,2.7090312e-07,0.0,-0.012942790985107422,-0.00016902085940557755
75400,65.28422546386719,120.7440996170044,-3.6887513160705567,1.7374754e-07,0.0,-0.0308835506439209,-0.00013041397520066055
75600,61.63959503173828,123.97820148468017,-3.6887584030628204,1.2755393e-07,0.0,0.0017104744911193848,-0.00011282941662358326
75800,57.88701248168945,116.32433452606202,-3.688756066560745,1.5854835e-07,0.0,0.008772075176239014,-0.00010370083164845667
76000,45.859642028808594,92.45299911499023,-3.688763052225113,3.0755996e-07,0.0,-0.03853750228881836,-0.00017353989200215026
76200,47.28765106201172,95.94382514953614,-3.6887343287467957,1.960993e-07,0.0,-0.03393852710723877,-0.0001351016472291633
76400,61.799259185791016,120.33446464538574,-3.6887416541576385,1.0192394e-07,0.0,-0.007822513580322266,-7.212130439242515e-05
76600,46.33031463623047,93.11297149658203,-3.68874990940094,2.4080276e-07,0.0,-0.010838031768798828,-0.00013475161744231913
76800,54.10127639770508,108.38312969207763,-3.688755291700363,1.5884638e-07,0.0,-0.03971588611602783,-0.00010364119698760276
77000,53.36965560913086,106.64643650054931,-3.68874791264534,2.8073788e-07,0.0,-0.03156101703643799,-0.00014391728767897404
77200,54.285491943359375,106.1638240814209,-3.6887486815452575,1.8179416e-07,0.0,-0.01531529426574707,-0.00011569644530453615
77400,49.39134216308594,99.41550178527832,-3.6887571632862093,1.552701e-07,0.0,-0.09480571746826172,-0.00010784033729720477
77600,46.33188247680664,100.41170082092285,-3.6887553572654723,2.4348498e-07,0.0,-0.060900092124938965,-0.00016778344666121825
77800,48.87394332885742,97.15972213745117,-3.688758593797684,1.4990569e-07,0.0,-0.05734133720397949,-0.00011573102998312379
78000,65.89585876464844,125.85050106048584,-3.6887500047683717,1.4454126e-07,0.0,-0.016202807426452637,-0.00011467084347760448
78200,55.89712905883789,108.38587226867676,-3.688746577501297,2.2172927e-07,0.0,0.0031518936157226562,-0.00014427630583355722
78400,46.712188720703125,87.84816703796386,-3.6887552201747895,2.2023916e-07,0.0,-0.06563293933868408,-0.00015235665433159794
78600,62.70293045043945,123.00287208557128,-3.68874414563179,1.4215708e-07,0.0,-0.04213225841522217,-9.931172426718149e-05
78800,61.86052322387695,118.3394193649292,-3.6887554585933686,1.591444e-07,0.0,-0.04099857807159424,-0.00012209973548493736
79000,52.93834686279297,111.35100212097169,-3.6887487351894377,1.7136335e-07,0.0,-0.011001110076904297,-0.00011212436849774576
79200,56.18526840209961,109.89882469177246,-3.6887489020824433,1.2159347e-07,0.0,-0.038474321365356445,-0.0001104253832156843
79400,55.69276428222656,110.01271266937256,-3.688758111000061,9.059906e-08,0.0,-0.039290785789489746,-7.795915366126671e-05
79600,52.91360092163086,102.55496616363526,-3.6887472331523896,1.2874602e-07,0.0,0.027998626232147217,-9.603735760510546e-05
79800,50.52356719970703,102.8451494216919,-3.6887459754943848,2.1994113e-07,0.0,-0.006365537643432617,-0.00014887635249944965
80000,50.29264831542969,104.29122714996338,-3.6887515664100645,1.3798476e-07,0.0,0.00795125961303711,-0.00011413950447369814
80200,41.97206497192383,81.45611934661865,-3.68874414563179,2.884865e-07,0.0,0.010619282722473145,-0.00015709725214225757
80400,90.85747528076172,179.28706970214844,-3.6887537598609925,1.3887882e-07,0.0,-0.05410480499267578,-0.00011992832181881852
80600,110.83807373046875,215.6719150543213,-3.688751536607742,7.361174e-08,0.0,0.011692225933074951,-8.831582962063323e-05
80800,108.58550262451172,215.82391319274902,-3.6887418150901796,6.109476e-08,0.0,0.011726438999176025,-7.429160273417779e-05
81000,102.14506530761719,215.61906929016112,-3.6887506425380705,8.46386e-08,0.0,-0.022771358489990234,-7.755310784887114e-05
81200,111.70257568359375,215.01162185668946,-3.6887480676174165,7.301569e-08,0.0,-0.04036355018615723,-8.702012852381812e-05
81400,108.6856918334961,215.91300849914552,-3.688744819164276,1.14738945e-07,0.0,-0.01978433132171631,-0.00010586565119723446
81600,111.3884048461914,215.767142868042,-3.688744431734085,9.477138e-08,0.0,-0.028107285499572754,-9.914575553437999e-05
81800,105.13229370117188,215.10104789733887,-3.688755267858505,6.943941e-08,0.0,0.009200334548950195,-7.741251542920935e-05
82000,109.9743423461914,215.774328994751,-3.6887481093406675,6.765127e-08,0.0,-0.021128535270690918,-7.242938899096885e-05
82200,103.2681655883789,215.33684463500975,-3.6887385725975035,1.3351442e-07,0.0,0.0048236846923828125,-0.00010903926111041073
82400,113.68466186523438,215.442875289917,-3.6887455701828005,9.9837784e-08,0.0,0.018982410430908203,-8.745613692831e-05
82600,103.4743881225586,215.22160301208496,-3.688751131296158,1.08182434e-07,0.0,-0.021927356719970703,-0.00010786318656954563
82800,111.69254302978516,215.3642665863037,-3.688749188184738,7.2419645e-08,0.0,0.0023169517517089844,-7.024434234494947e-05
83000,110.65969848632812,215.10825004577637,-3.688744592666626,7.867813e-08,0.0,0.005037784576416016,-7.433930013149848e-05
83200,107.81111907958984,214.86456489562988,-3.688738816976547,1.01923945e-07,0.0,-0.009898066520690918,-8.415082160224685e-05
83400,109.09400939941406,214.5848773956299,-3.688734930753708,1.1175871e-07,0.0,-0.0004647970199584961,-9.388966672254639e-05
83600,97.16230010986328,214.96025581359862,-3.688741719722748,9.536743e-08,0.0,0.0024958252906799316,-8.654292664616037e-05
83800,110.580810546875,214.4814094543457,-3.6887539446353914,1.3262033e-07,0.0,-0.009458184242248535,-0.0001118889149222646
84000,101.67901611328125,214.6667537689209,-3.68873245716095,1.0043383e-07,0.0,-0.01974797248840332,-7.733824805669087e-05
84200,108.12617492675781,214.7223041534424,-3.6887430131435393,7.510185e-08,0.0,-0.042780399322509766,-7.130035744111751e-05
84400,106.40657806396484,214.54754867553712,-3.6887520790100097,1.1593103e-07,0.0,0.007225930690765381,-0.00011179753037708906
84600,109.03453063964844,214.08017196655274,-3.6887492060661318,1.2636184e-07,0.0,-0.026172637939453125,-9.810487897290442e-05
84800,100.37321472167969,214.3966449737549,-3.6887423932552337,9.4473364e-08,0.0,-0.009841442108154297,-7.411566382167222e-05
85000,110.32823181152344,214.25146598815917,-3.688742107152939,1.1920929e-07,0.0,0.0031472444534301758,-0.0001093078406057657
85200,105.96586608886719,214.83580474853517,-3.688738816976547,5.5730343e-08,0.0,-0.0386425256729126,-6.0170144100180066e-05
85400,103.03581237792969,213.72686233520508,-3.6887331008911133,9.9837784e-08,0.0,-0.0008742809295654297,-9.620596499644307e-05
85600,106.29241943359375,214.32438621520996,-3.6887384414672852,1.7881393e-07,0.0,-0.010526180267333984,-0.00012797434037699064
85800,115.35914611816406,214.56016387939454,-3.688752609491348,1.1950732e-07,0.0,-0.04710876941680908,-0.0001075279118815331
86000,106.5456314086914,213.78984603881835,-3.6887474238872526,7.212162e-08,0.0,0.0005616545677185059,-6.798587756431384e-05
86200,108.7741928100586,214.13825454711915,-3.6887357354164125,1.4543534e-07,0.0,-0.025737524032592773,-0.00011673116867161326
86400,103.02339935302734,213.95995140075684,-3.68874551653862,1.3560057e-07,0.0,0.0012870430946350098,-9.647981825260388e-05
86600,108.48831176757812,213.71060371398926,-3.68874853849411,1.01625915e-07,0.0,-0.021078944206237793,-8.902239691774839e-05
86800,108.00643920898438,213.6475959777832,-3.688746964931488,9.23872e-08,0.0,-0.02790701389312744,-8.060412112715909e-05
87000,104.53153228759766,213.40919494628906,-3.6887585699558256,1.6331673e-07,0.0,0.013195514678955078,-0.0001286369698888734
87200,111.37190246582031,213.5454616546631,-3.6887337982654573,1.361966e-07,0.0,0.007078826427459717,-0.00012094353224370024
87400,106.69664001464844,213.3568920135498,-3.6887280881404876,1.3768673e-07,0.0,-0.029218196868896484,-0.00010140600865078397
87600,109.71624755859375,212.65268325805664,-3.688729149103165,1.9431113e-07,0.0,-0.02470254898071289,-0.00010972796356085723
87800,111.15010833740234,213.83006286621094,-3.6887403309345244,1.4334917e-07,0.0,-0.022956252098083496,-0.00010631571781303251
88000,103.87783813476562,213.33589134216308,-3.6887483477592466,9.804964e-08,0.0,-0.042533040046691895,-8.617751279444974e-05
88200,109.05201721191406,213.11354179382323,-3.6887467384338377,9.715557e-08,0.0,0.00535351037979126,-0.00011207050100772164
88400,99.33444213867188,212.9719440460205,-3.688751357793808,1.0073185e-07,0.0,0.01831609010696411,-9.026019283737696e-05
88600,106.37022399902344,212.7878677368164,-3.6887491226196287,1.4334917e-07,0.0,-0.026995301246643066,-0.00011526305926636837
88800,106.92573547363281,213.06369400024414,-3.6887377977371214,1.1026859e-07,0.0,-0.030035853385925293,-0.000105976179246281
89000,107.6880111694336,212.89912185668945,-3.6887282729148865,9.834766e-08,0.0,-0.009241700172424316,-6.790511326819626e-05
89200,100.55707550048828,211.86717491149903,-3.6887483477592466,1.1920929e-07,0.0,-0.0382918119430542,-0.00010574841449511041
89400,110.75678253173828,212.81119041442872,-3.688736987113953,1.5109778e-07,0.0,-0.008627772331237793,-0.00010408285205087964
89600,103.63612365722656,211.15257530212403,-3.688736230134964,1.2814999e-07,0.0,0.016971111297607422,-9.64345002202549e-05
89800,105.4049072265625,212.00456619262695,-3.688735318183899,1.7583369e-07,0.0,-0.012229681015014648,-0.00013193395798527519
90000,107.39994812011719,211.7343490600586,-3.688747775554657,1.4424324e-07,0.0,-0.027297496795654297,-0.00010581417242896407
90200,111.18128967285156,212.70052070617675,-3.6887463688850404,1.7255545e-07,0.0,-0.0414959192276001,-0.00013000895806580814
90400,113.4299087524414,212.35230865478516,-3.6887362897396088,1.5974045e-07,0.0,-0.028809070587158203,-9.800156919652636e-05
90600,105.78385925292969,211.54950675964355,-3.6887401580810546,1.1503697e-07,0.0,-0.025553464889526367,-0.0001060726047100502
90800,99.3222885131836,212.53220710754394,-3.688740348815918,1.2516976e-07,0.0,-0.001603245735168457,-0.00010152864416195229
91000,106.91551971435547,212.31290550231932,-3.688747352361679,1.4454126e-07,0.0,-0.0022263526916503906,-0.00010909452889436011
91200,101.69021606445312,211.8260883331299,-3.6887382328510285,7.987022e-08,0.0,0.011310100555419922,-7.016485925319671e-05
91400,112.92134857177734,212.11543045043945,-3.6887452781200407,8.165837e-08,0.0,-0.023638010025024414,-7.928607587430747e-05
91600,107.62980651855469,211.93166885375976,-3.6887419164180755,1.1414289e-07,0.0,-0.016875863075256348,-0.00010279063943214872
91800,95.91768646240234,211.76520614624025,-3.688730275630951,3.284216e-07,0.0,-0.0063866376876831055,-0.00017874060681855042
92000,104.43502044677734,211.53693199157715,-3.688743895292282,5.9306625e-08,0.0,-0.0004475116729736328,-5.98583072134673e-05
92200,107.2913818359375,211.35876922607423,-3.6887511193752287,1.4483929e-07,0.0,-0.013030767440795898,-0.00012098430118783199
92400,104.10311126708984,212.23500785827636,-3.688736176490784,1.8030406e-07,0.0,-0.01253354549407959,-0.00010223916189673332
92600,104.60474395751953,211.80115432739257,-3.688740146160126,1.3738871e-07,0.0,-0.03670799732208252,-0.00011485457306505963
92800,112.57279968261719,210.35986442565917,-3.6887400150299072,1.7493963e-07,0.0,-0.016657471656799316,-0.00011407846099160679
93000,99.46762084960938,211.650305557251,-3.6887349128723144,2.0056963e-07,0.0,-0.016810059547424316,-0.00014083832504212522
93200,107.67919921875,211.84804000854493,-3.6887457847595213,1.603365e-07,0.0,-0.028610587120056152,-0.00010918316287984453
93400,107.84385681152344,211.40282592773437,-3.6887411057949064,1.9758939e-07,0.0,-0.019980430603027344,-0.00014021696198156518
93600,96.10839080810547,210.9318603515625,-3.688735103607178,1.6629696e-07,0.0,-0.01824510097503662,-0.00011968603673047084
93800,107.89209747314453,211.07973670959473,-3.688752454519272,1.7762184e-07,0.0,0.010615110397338867,-0.00012066014200087238
94000,109.82279205322266,211.60199470520018,-3.6887582302093507,1.5795231e-07,0.0,-0.051961660385131836,-0.00012322009401444234
94200,104.90545654296875,210.37336044311525,-3.688746964931488,1.0579824e-07,0.0,-0.038427114486694336,-8.955004818851364e-05
94400,109.75839233398438,211.3792781829834,-3.688748186826706,1.4543534e-07,0.0,-0.04334676265716553,-0.00011413317914303889
94600,106.65298461914062,210.6833080291748,-3.688752514123917,1.2785196e-07,0.0,-0.02541947364807129,-0.0001272312932172781
94800,111.13739776611328,211.01349716186525,-3.6887425005435945,1.218915e-07,0.0,-0.037293076515197754,-7.961595079848393e-05
95000,102.87749481201172,210.4464904785156,-3.6887475192546844,1.3142824e-07,0.0,-0.0034772157669067383,-9.667111954847485e-05
95200,97.08274841308594,210.57574310302735,-3.6887546956539152,2.002716e-07,0.0,-0.03374791145324707,-0.0001547730406812775
95400,104.46177673339844,210.27124252319337,-3.6887471258640288,2.849102e-07,0.0,-0.01577627658843994,-0.00015651908551035377
95600,106.50067138671875,210.27814826965331,-3.6887415647506714,1.090765e-07,0.0,0.024982213973999023,-9.879449007605956e-05
95800,109.00240325927734,210.5178077697754,-3.688747453689575,1.9103288e-07,0.0,-0.002022862434387207,-0.00014388973197085875
96000,101.64401245117188,210.11871452331542,-3.6887606561183928,1.820922e-07,0.0,-0.0061539411544799805,-0.00014102995281923826
96200,107.45152282714844,210.43344268798828,-3.688751685619354,1.1205673e-07,0.0,-0.010189533233642578,-8.594301376376733e-05
96400,102.56214904785156,209.7514507293701,-3.6887563705444335,1.0371208e-07,0.0,0.00990527868270874,-0.0001009847519917173
96600,100.68352508544922,210.16725273132323,-3.6887520372867586,1.5556813e-07,0.0,-0.030663371086120605,-0.00011365351140923963
96800,101.10613250732422,209.65234184265137,-3.6887464940547945,9.596348e-08,0.0,0.02890712022781372,-7.782869002075366e-05
97000,102.148193359375,209.33375053405763,-3.688755214214325,2.1368265e-07,0.0,0.004602015018463135,-0.00014151833912450228
97200,108.14183044433594,208.90957374572753,-3.688751035928726,1.591444e-07,0.0,-0.010664105415344238,-0.00012960933805388207
97400,106.7776107788086,210.3775447845459,-3.6887616753578185,1.5407801e-07,0.0,-0.014066696166992188,-0.00010909391905178367
97600,98.66508483886719,209.57818450927735,-3.6887519478797914,1.3530254e-07,0.0,-0.007035970687866211,-0.0001146438126415461
97800,108.06512451171875,209.5954906463623,-3.6887613773345946,1.0967255e-07,0.0,0.005984961986541748,-9.368179691335854e-05
98000,105.21476745605469,209.47477531433105,-3.6887557089328764,9.387732e-08,0.0,0.029161274433135986,-8.873702605249889e-05
98200,103.18018341064453,209.3803352355957,-3.68875932097435,1.8388033e-07,0.0,-0.028372526168823242,-0.0001303546203958561
98400,112.02171325683594,208.90412406921388,-3.6887524664402007,1.9580125e-07,0.0,0.027749061584472656,-0.00013739578333487045
98600,103.14594268798828,208.48901252746583,-3.68875076174736,2.1427869e-07,0.0,-0.016678333282470703,-0.0001385243322578944
98800,100.14408111572266,209.32686233520508,-3.6887589275836943,1.0430813e-07,0.0,0.046104252338409424,-8.513864789652103e-05
99000,102.1115493774414,209.34099731445312,-3.6887597501277924,2.4259091e-07,0.0,-0.04396712779998779,-0.00016968530368384195
99200,103.13236236572266,209.43638801574707,-3.68875892162323,1.3113022e-07,0.0,-0.022038578987121582,-9.05196068728742e-05
99400,106.57719421386719,208.77986030578614,-3.6887532114982604,1.2725592e-07,0.0,0.027515530586242676,-9.523537866966692e-05
99600,110.01127624511719,209.34726257324218,-3.6887565195560454,1.3917685e-07,0.0,-0.04294013977050781,-9.597674380135146e-05
99800,102.68722534179688,209.00854606628417,-3.688750994205475,1.990795e-07,0.0,-0.03334975242614746,-0.0001373820679276605
100000,95.86625671386719,208.87496643066407,-3.688748687505722,1.5854835e-07,0.0,0.036361873149871826,-0.00012234008335312296
100200,107.72604370117188,209.02154922485352,-3.688759225606918,1.204014e-07,0.0,-0.010550856590270996,-8.759962053694892e-05
100400,109.68966674804688,208.95524368286132,-3.6887545824050902,1.2755395e-07,0.0,-0.0421065092086792,-0.00010597427175564888
100600,102.31893157958984,207.36878356933593,-3.6887451708316803,1.3679266e-07,0.0,0.00484919548034668,-9.082216073714733e-05
100800,104.50337982177734,209.02973480224608,-3.6887504696846007,1.513958e-07,0.0,0.017834961414337158,-0.00011877886955211637
101000,96.33721923828125,208.60106735229493,-3.6887466490268705,1.5705824e-07,0.0,-0.0047255754470825195,-0.00011180071467036257
101200,105.63294982910156,208.3273567199707,-3.688760781288147,1.5199186e-07,0.0,0.020193099975585938,-0.0001254143864613866
101400,95.38208770751953,208.22656021118163,-3.6887526392936705,9.775162e-08,0.0,0.017904818058013916,-8.595763180316852e-05
101600,104.796630859375,208.2151321411133,-3.6887435257434844,1.5228986e-07,0.0,-0.017469167709350586,-0.00010548029831696226
101800,101.97108459472656,208.20182151794432,-3.688750272989273,1.847744e-07,0.0,-0.0072269439697265625,-0.00012865918846740598
102000,100.24876403808594,208.14532470703125,-3.688756710290909,1.5109777e-07,0.0,0.0033066868782043457,-0.0001309263408572292
102200,111.35289001464844,208.21792335510253,-3.6887498795986176,1.2099743e-07,0.0,0.026504337787628174,-8.726823392732897e-05
102400,99.53614807128906,207.95001716613768,-3.688750809431076,1.5616416e-07,0.0,-0.016327977180480957,-0.00011212432375664604
102600,102.175048828125,207.95452194213868,-3.6887463450431826,1.4066697e-07,0.0,-0.02327573299407959,-0.00011026167915844099
102800,103.09058380126953,208.11186599731445,-3.6887547254562376,1.8268824e-07,0.0,-0.02043318748474121,-0.00012026329326091379
103000,103.01882934570312,207.71692962646483,-3.6887514114379885,1.6391277e-07,0.0,-0.005372166633605957,-0.00012480106985748307
103200,105.19135284423828,207.71619148254393,-3.6887510418891907,1.8417836e-07,0.0,-0.013929128646850586,-0.0001348913572549293
103400,103.63433074951172,207.98492774963378,-3.6887604355812074,1.835823e-07,0.0,-0.0015892982482910156,-0.00012005257518268308
103600,102.85153198242188,207.609778213501,-3.688754415512085,2.8550625e-07,0.0,-0.0016536712646484375,-0.00017435217711891937
103800,97.69575500488281,207.57877426147462,-3.6887403786182404,1.3768674e-07,0.0,-0.0072373151779174805,-0.00011021383048148703
104000,102.54817962646484,207.42035369873048,-3.6887495517730713,1.463294e-07,0.0,-0.017946600914001465,-0.00011602630528670944
104200,101.93319702148438,207.73766593933107,-3.6887437403202057,1.1712313e-07,0.0,-0.04119384288787842,-9.465727158612936e-05
104400,105.35892486572266,207.64905166625977,-3.68875629901886,1.4066697e-07,0.0,0.027569472789764404,-0.00010674998207136355
104600,105.83302307128906,207.53809776306153,-3.688743019104004,1.5735627e-07,0.0,-0.009780049324035645,-0.00012189170755192436
104800,106.240234375,207.39639167785646,-3.688739514350891,1.1712312e-07,0.0,0.002334773540496826,-0.00010883033295954192
105000,102.79402923583984,207.09796409606935,-3.688739722967148,1.2040138e-07,0.0,-0.025094270706176758,-9.83810951872499e-05
105200,102.67169189453125,207.07095527648926,-3.6887474358081818,1.7285346e-07,0.0,-0.01202857494354248,-0.0001486509001180636
105400,106.29457092285156,206.09005393981934,-3.6887442231178285,1.4215708e-07,0.0,-0.008977055549621582,-0.00010903675872739882
105600,99.60653686523438,207.5137855529785,-3.688749635219574,1.8894673e-07,0.0,-0.02108621597290039,-0.00014926149659948428
105800,106.52108001708984,206.99719886779786,-3.688742083311081,3.6269427e-07,0.0,-0.019119977951049805,-0.00018626627164497478
106000,107.2590103149414,206.9135498046875,-3.688744831085205,1.4841557e-07,0.0,-0.022637009620666504,-0.00011001095106708548
106200,103.04601287841797,205.94390640258788,-3.688741993904114,1.5676021e-07,0.0,-0.008609175682067871,-0.00011645630720540368
106400,107.08905792236328,207.05949668884278,-3.6887488067150116,1.4185906e-07,0.0,-0.027355432510375977,-0.00011742959950353793
106600,111.37429809570312,206.72422409057617,-3.6887467980384825,7.838011e-08,0.0,0.00743710994720459,-6.861330522909271e-05
106800,105.66547393798828,206.88598556518554,-3.6887499511241915,1.2129546e-07,0.0,-0.021332502365112305,-0.00010109358924417222
107000,103.82518005371094,206.4570629119873,-3.688754844665527,1.12652785e-07,0.0,-0.012032508850097656,-9.000117795778805e-05
107200,104.36322784423828,205.47315063476563,-3.6887482941150664,1.0669231e-07,0.0,-0.006850481033325195,-9.52074376327161e-05
107400,107.26576232910156,206.85503044128419,-3.688739150762558,1.6868115e-07,0.0,-0.011293172836303711,-0.00011242999107921036
107600,108.12855529785156,206.75395660400392,-3.688747173547745,1.0311604e-07,0.0,-0.02037632465362549,-7.450483741990865e-05
107800,101.82547760009766,205.350333404541,-3.688745927810669,1.743436e-07,0.0,-0.019806861877441406,-0.00013450312710325819
108000,99.72920227050781,206.3107582092285,-3.6887375354766845,1.4811754e-07,0.0,0.031439244747161865,-9.950628852322119e-05
108200,103.16241455078125,206.00102653503419,-3.6887450933456423,8.374453e-08,0.0,0.02247673273086548,-7.354103074996843e-05
108400,100.04163360595703,206.22250061035157,-3.6887391924858095,1.4811755e-07,0.0,-0.03498542308807373,-0.0001237539900735385
108600,105.68152618408203,206.12712745666505,-3.688741183280945,1.9967555e-07,0.0,-0.01742851734161377,-0.00013207173976026443
108800,103.4972152709961,204.86503219604492,-3.6887370586395263,1.3858079e-07,0.0,-0.018610477447509766,-9.427928884484516e-05
109000,103.408203125,206.11150360107422,-3.6887336909770965,1.8149615e-07,0.0,0.009273529052734375,-0.00013658562415237442
109200,106.96477508544922,205.83351287841796,-3.688742297887802,1.296401e-07,0.0,0.0016616582870483398,-9.406381839092149e-05
109400,105.5260009765625,205.72256660461426,-3.6887398421764375,1.6719102e-07,0.0,0.020841598510742188,-0.00011945360815346362
109600,102.71574401855469,204.70605087280273,-3.688727927207947,1.9669532e-07,0.0,-0.018842220306396484,-0.00012538292852255496
109800,103.38031005859375,204.97641716003417,-3.6887342154979708,1.2934208e-07,0.0,-0.005922913551330566,-8.47919578539802e-05
110000,96.2435531616211,206.31644821166992,-3.6887323200702666,2.4706125e-07,0.0,-0.04387819766998291,-0.00014522366158473688
110200,99.44725036621094,205.4847267150879,-3.6887374579906465,9.1195105e-08,0.0,-0.018673062324523926,-6.750339315146903e-05
110400,103.23674011230469,205.52276878356935,-3.6887291967868805,1.1473894e-07,0.0,-0.0005925893783569336,-9.770303975216166e-05
110600,104.68161010742188,204.44001235961915,-3.6887342393398286,1.2665987e-07,0.0,-0.015501141548156738,-0.0001198689802602182
110800,101.60995483398438,205.62316780090333,-3.6887378633022307,1.2576581e-07,0.0,-0.027698278427124023,-0.0001151196806784327
111000,107.89216613769531,205.30089149475097,-3.6887338399887084,1.4543534e-07,0.0,0.008276760578155518,-9.682136845539091e-05
111200,99.4582748413086,205.45609817504882,-3.688736540079117,1.4156103e-07,0.0,0.004698574542999268,-0.00013279531143579605
111400,108.00458526611328,205.387947845459,-3.6887244462966917,1.0222197e-07,0.0,-0.022460579872131348,-8.120332582954859e-05
111600,109.16709899902344,205.08548889160156,-3.6887445390224456,1.3142824e-07,0.0,-0.01636040210723877,-0.00011158141552467527
111800,98.88673400878906,204.7182674407959,-3.688732570409775,1.5467405e-07,0.0,0.006907761096954346,-0.00010035447733613978
112000,107.35387420654297,204.97762336730958,-3.6887350738048554,1.361966e-07,0.0,0.0031275153160095215,-0.00011586078940091226
112200,104.36707305908203,204.95953063964845,-3.6887358903884886,1.4990569e-07,0.0,0.0015208721160888672,-0.00011097644315256616
112400,106.57791900634766,204.5871452331543,-3.6887402474880218,1.7493963e-07,0.0,0.0004878044128417969,-0.00015711773875750623
112600,100.03438568115234,205.16989212036134,-3.688735967874527,1.0073185e-07,0.0,-0.02485048770904541,-7.802876063225383e-05
112800,104.93165588378906,204.47355842590332,-3.6887442767620087,1.4871358e-07,0.0,0.001168966293334961,-0.00010565753269844435
113000,107.67908477783203,204.62272415161132,-3.688743180036545,9.0897075e-08,0.0,0.01716405153274536,-9.185108554845555e-05
113200,103.94441986083984,204.3028408050537,-3.688732546567917,8.3744524e-08,0.0,0.024972736835479736,-7.207278853247346e-05
113400,109.94872283935547,204.3256130218506,-3.688740813732147,1.886487e-07,0.0,0.017272770404815674,-0.00013701182598779837
113600,104.62641906738281,204.43230133056642,-3.6887594282627107,1.4662743e-07,0.0,-0.007483482360839844,-0.00010413776333155767
113800,101.61265563964844,204.63890380859374,-3.6887442588806154,1.0430813e-07,0.0,-0.027715086936950684,-9.52378367445661e-05
114000,107.36418151855469,204.35971870422364,-3.6887453496456146,1.6123056e-07,0.0,0.012142479419708252,-0.000118618756302169
114200,102.16365814208984,204.391446685791,-3.6887449979782105,1.5109777e-07,0.0,-0.025867819786071777,-0.00011607141871579074
114400,107.36646270751953,204.50599784851073,-3.6887403786182404,1.9341708e-07,0.0,-0.025621533393859863,-0.00012810857566520896
114600,103.36832427978516,204.05458221435546,-3.6887426674365997,1.3172627e-07,0.0,-0.0020312070846557617,-8.804656633927266e-05
114800,100.94780731201172,204.17686080932617,-3.6887534141540526,1.0490418e-07,0.0,0.02355891466140747,-8.438611805061669e-05
115000,95.9211196899414,203.79160232543944,-3.688748669624329,8.285046e-08,0.0,0.0005321502685546875,-8.835458020115539e-05
115200,103.56758117675781,203.97735061645508,-3.688751983642578,1.2487173e-07,0.0,-0.02362215518951416,-9.311440597228326e-05
115400,99.1417465209961,203.8502540588379,-3.6887469410896303,2.1994114e-07,0.0,-0.013009905815124512,-0.0001452210092537598
115600,103.31839752197266,203.56101188659667,-3.6887459218502046,1.9490719e-07,0.0,0.03205364942550659,-0.0001158604034714017
115800,101.71515655517578,204.0145706176758,-3.688746279478073,1.4990569e-07,0.0,-0.016892313957214355,-0.00010238482003011029
116000,100.53572082519531,203.6765941619873,-3.688752019405365,1.436472e-07,0.0,-0.006775259971618652,-0.0001114650439834719
116200,106.6434097290039,203.54634895324708,-3.688750499486923,1.2934207e-07,0.0,0.008377313613891602,-0.00010020451307326538
116400,104.00315856933594,203.53424110412598,-3.6887436509132385,1.7642974e-07,0.0,0.010048866271972656,-0.00015202455961951244
116600,103.18360137939453,203.43808822631837,-3.6887482941150664,1.552701e-07,0.0,-0.01302802562713623,-0.00011344311566188203
116800,99.14356231689453,203.46078796386718,-3.688746851682663,1.4990567e-07,0.0,-0.01065981388092041,-0.00011941112642936958
117000,104.8433609008789,203.74551887512206,-3.6887460231781004,2.208352e-07,0.0,-0.011701107025146484,-0.00013832005846197147
117200,102.71975708007812,203.68327140808105,-3.688750517368317,1.5586615e-07,0.0,-0.020706772804260254,-0.00010999604928869644
117400,100.81663513183594,203.21489028930665,-3.688765174150467,2.7865173e-07,0.0,-0.0001646280288696289,-0.00016101945869522182
117600,108.23763275146484,203.61624984741212,-3.6887567162513735,1.8209218e-07,0.0,-0.023668527603149414,-0.00012939338278442625
117800,98.97440338134766,203.19303703308105,-3.68875972032547,2.166629e-07,0.0,-0.001439213752746582,-0.00012317416079454802
118000,106.91364288330078,203.02523536682128,-3.6887610077857973,1.4960766e-07,0.0,0.04414963722229004,-0.00010876064037041999
118200,100.94908142089844,202.9980213165283,-3.6887538135051727,2.771616e-07,0.0,-0.02006387710571289,-0.0001658776995650868
118400,104.60973358154297,203.25465240478516,-3.6887584149837496,1.1920929e-07,0.0,0.019808948040008545,-0.00010280102563910986
118600,97.60737609863281,202.82845306396484,-3.6887434840202333,3.0905008e-07,0.0,-0.01508641242980957,-0.00017855079403830131
118800,98.44906616210938,202.92031784057616,-3.6887509524822235,1.06394296e-07,0.0,0.0007859468460083008,-7.713334248933279e-05
119000,101.07525634765625,202.83147430419922,-3.6887454867362974,1.168251e-07,0.0,-0.01791679859161377,-8.987140666090187e-05
119200,101.6196060180664,202.94036102294922,-3.688753592967987,1.296401e-07,0.0,0.004970967769622803,-0.00011169840442377676
119400,100.34723663330078,203.15542449951172,-3.6887552380561828,1.0579824e-07,0.0,-0.013609766960144043,-9.139828395134941e-05
119600,99.90057373046875,202.63352546691894,-3.6887522637844086,1.2725592e-07,0.0,-0.012006640434265137,-9.64831409152822e-05
119800,92.97291564941406,202.9410041809082,-3.6887539505958555,8.881092e-08,0.0,-0.01577126979827881,-7.864280028275772e-05
120000,105.48985290527344,202.65958938598632,-3.6887585878372193,9.1195105e-08,0.0,-0.021001577377319336,-7.337714756010527e-05
120200,97.52342224121094,202.5285472869873,-3.6887476444244385,1.6838312e-07,0.0,0.018351256847381592,-0.00012123416428124755
120400,102.48080444335938,201.64639854431152,-3.6887591540813447,1.4096499e-07,0.0,-0.0031255483627319336,-0.00010331608319447128
120600,99.33473205566406,202.9779930114746,-3.6887525081634522,1.6063453e-07,0.0,-0.009231209754943848,-0.00013540166919336904
120800,100.96931457519531,201.89296607971193,-3.688760632276535,1.513958e-07,0.0,-0.02658367156982422,-9.859304225301457e-05
121000,99.18518829345703,202.6371379852295,-3.6887447595596314,1.5318395e-07,0.0,-0.0010384321212768555,-0.00010843265069588881
121200,103.1715087890625,201.47373542785644,-3.6887511551380157,2.3514032e-07,0.0,-0.01211094856262207,-0.00017241421321152474
121400,101.71456909179688,202.20600624084472,-3.6887533247470854,1.9341708e-07,0.0,0.0243036150932312,-0.00012590166954851156
121600,95.93562316894531,202.23832778930665,-3.6887455940246583,7.688999e-08,0.0,-0.021805405616760254,-7.102724851861807e-05
121800,101.90983581542969,202.00043411254882,-3.68875105381012,1.2725592e-07,0.0,0.008681893348693848,-9.995339103987532e-05
122000,100.54212188720703,202.00332565307616,-3.688747614622116,9.0301036e-08,0.0,-0.01094043254852295,-9.279872493408447e-05
122200,103.92323303222656,201.5462574005127,-3.6887545585632324,1.0371208e-07,0.0,0.04528605937957764,-9.661021080660248e-05
122400,105.21438598632812,201.65519599914552,-3.688755601644516,1.1056662e-07,0.0,0.013684272766113281,-9.957894764696107e-05
122600,107.44133758544922,201.79753875732422,-3.6887473821640016,1.03116044e-07,0.0,-0.013020515441894531,-9.374347343538147e-05
122800,99.11425018310547,201.9985424041748,-3.688753145933151,1.2159347e-07,0.0,-0.006495237350463867,-9.543794392996574e-05
123000,97.06514739990234,201.80022964477538,-3.688748222589493,1.6957522e-07,0.0,-0.021457910537719727,-0.000140658914833125
123200,98.9164810180664,200.84446029663087,-3.688746964931488,1.6987323e-07,0.0,-0.005771040916442871,-0.0001292797636775589
123400,103.31920623779297,201.7352394104004,-3.688748133182526,1.2516975e-07,0.0,0.0028195977210998535,-0.00010363552017622624
123600,101.6639404296875,201.45614624023438,-3.688742685317993,1.7970801e-07,0.0,-0.005391955375671387,-0.0001473899481935881
123800,102.69029235839844,201.04131774902345,-3.6887582898139955,1.654029e-07,0.0,-0.022243380546569824,-0.00011667832781458998
124000,103.46237182617188,200.99957656860352,-3.688751536607742,1.2040138e-07,0.0,-0.01623404026031494,-0.00010089795271142065
124200,96.61942291259766,201.54018440246583,-3.6887574553489686,1.6897916e-07,0.0,0.003947615623474121,-0.00012655633682463475
124400,102.78134155273438,201.23881912231445,-3.6887592315673827,1.41263e-07,0.0,0.040022313594818115,-0.00010672429225522251
124600,101.11576843261719,201.17813453674316,-3.6887474715709687,1.2725592e-07,0.0,0.012135505676269531,-0.00010938832132332266
124800,99.45536804199219,201.2088878631592,-3.6887518048286436,1.6391277e-07,0.0,0.012481212615966797,-0.00010407698100660668
125000,94.14080047607422,201.09969177246094,-3.688745379447937,1.0699034e-07,0.0,-0.0004088878631591797,-8.154007812208875e-05
125200,95.64128875732422,200.86805953979493,-3.688752073049545,9.953976e-08,0.0,-0.007245659828186035,-8.898026564452266e-05
125400,96.23654174804688,201.17532234191896,-3.6887423515319826,1.6748905e-07,0.0,-0.007537841796875,-0.00013361905414939202
125600,93.43822479248047,200.4018325805664,-3.6887507021427153,1.4424324e-07,0.0,-0.0032989978790283203,-0.00010541255047193942
125800,102.9539566040039,201.33834228515624,-3.6887405812740326,1.9669534e-07,0.0,-0.017443060874938965,-0.00013491044875699743
126000,102.9721908569336,200.6952449798584,-3.688755655288696,1.0102987e-07,0.0,0.027145981788635254,-8.744876118544908e-05
126200,99.96485137939453,200.7009563446045,-3.688750982284546,1.618266e-07,0.0,0.009838700294494629,-0.00013507042791474077
126400,99.03158569335938,200.8429271697998,-3.6887424886226654,1.3887882e-07,0.0,0.02219945192337036,-8.917899371496674e-05
126600,99.23350524902344,200.73811798095704,-3.6887470543384553,1.347065e-07,0.0,0.007008254528045654,-0.00011221237567071718
126800,98.6207504272461,199.9879364013672,-3.6887390553951263,1.3113022e-07,0.0,-0.013066768646240234,-0.00010183016997622474
127000,98.01982116699219,200.81228370666503,-3.6887464225292206,1.9133091e-07,0.0,-0.0005716085433959961,-0.00012060850861823624
127200,99.15982055664062,200.7863353729248,-3.6887447834014893,1.3917685e-07,0.0,0.017065048217773438,-0.00010858231788961614
127400,103.42003631591797,200.36416473388672,-3.6887432873249053,1.10268594e-07,0.0,0.01140362024307251,-0.00010367615559812027
127600,102.37962341308594,199.9894592285156,-3.6887432813644407,1.5974045e-07,0.0,-0.002683877944946289,-0.00011034409650187982
127800,104.26988220214844,200.7276870727539,-3.6887518525123597,1.6391277e-07,0.0,-0.00353085994720459,-0.00011685720142438072
128000,97.20860290527344,200.06731109619142,-3.688748687505722,2.3186206e-07,0.0,-0.02271854877471924,-0.0001666661792951274
128200,101.34290313720703,200.5986572265625,-3.688743531703949,2.1010636e-07,0.0,0.011622309684753418,-0.00014037580885597478
128400,102.57609558105469,200.0565086364746,-3.6887452006340027,1.2159347e-07,0.0,0.02214813232421875,-9.935587765923515e-05
128600,99.75949096679688,200.46361122131347,-3.6887504279613497,1.5377998e-07,0.0,-0.02730083465576172,-0.00011431066728420091
128800,101.31158447265625,200.16175994873046,-3.6887552618980406,1.5556813e-07,0.0,-0.011063098907470703,-0.00011367607039574068
129000,99.97801208496094,199.95823860168457,-3.688746440410614,1.4781952e-07,0.0,-0.0013413429260253906,-0.0001183502238415679
129200,103.00862121582031,200.08538932800292,-3.6887503385543825,1.4722347e-07,0.0,-0.0005234479904174805,-0.00011164760659525541
129400,99.07512664794922,200.09430999755858,-3.688754689693451,1.4781952e-07,0.0,-0.0022895336151123047,-9.827835727751477e-05
129600,98.91432189941406,199.96158599853516,-3.6887560188770294,1.2874604e-07,0.0,-0.020432353019714355,-8.217699900363584e-05
129800,99.3239974975586,199.20286712646484,-3.6887449443340303,1.4424324e-07,0.0,0.002514481544494629,-0.00011238098180754719
130000,97.39693450927734,200.25508003234864,-3.6887461960315706,2.774596e-07,0.0,-0.012713789939880371,-0.0001545552019592833
130200,99.61915588378906,199.93505744934083,-3.6887550830841063,2.962351e-07,0.0,0.0012711882591247559,-0.00016690049249348248
130400,96.16700744628906,199.084574508667,-3.688749361038208,1.8835068e-07,0.0,0.001994311809539795,-0.00014898958712592503
130600,96.24858093261719,199.899418258667,-3.6887485444545747,1.5079975e-07,0.0,0.009883582592010498,-0.00011473913500310573
130800,96.76729583740234,199.57349014282227,-3.6887431263923647,1.3887882e-07,0.0,0.0005935430526733398,-0.0001029575163649099
131000,97.38213348388672,199.7347026824951,-3.6887489795684814,1.0639429e-07,0.0,-0.01929163932800293,-9.284337650257157e-05
131200,99.71943664550781,198.95132598876953,-3.68874249458313,1.373887e-07,0.0,-0.01459205150604248,-0.00010277998343308781
131400,105.36619567871094,199.64888229370118,-3.6887542963027955,1.18613244e-07,0.0,-0.005410552024841309,-8.341236408639929e-05
131600,96.0957260131836,199.47893409729005,-3.6887445628643034,1.6689302e-07,0.0,-0.006234526634216309,-0.00011091080320682067
131800,97.24263000488281,199.41252937316895,-3.6887424290180206,1.6212464e-07,0.0,0.004802703857421875,-0.00011875899106286169
132000,97.29283142089844,199.20806884765625,-3.688739889860153,1.3142824e-07,0.0,0.005039215087890625,-0.00011082684258081343
132200,95.91642761230469,199.38447647094728,-3.688739013671875,1.4185905e-07,0.0,0.012737154960632324,-9.446670136483703e-05
132400,103.34244537353516,198.6987045288086,-3.6887499570846556,1.1116266e-07,0.0,-0.010248780250549316,-0.00010751453077908479
132600,98.7156982421875,199.34951248168946,-3.6887390077114106,1.1891126e-07,0.0,0.02225041389465332,-9.61988416085191e-05
132800,104.83993530273438,198.91966171264647,-3.6887394070625303,1.0967255e-07,0.0,-0.001725912094116211,-9.227324988092533e-05
133000,103.21436309814453,199.1876537322998,-3.688748759031296,1.04904174e-07,0.0,0.01509791612625122,-9.186255843385283e-05
133200,98.67774200439453,199.11447944641114,-3.688746750354767,2.5898217e-07,0.0,0.011962354183197021,-0.00017114232439339184
133400,101.02140045166016,198.37176094055175,-3.6887443900108337,2.0354986e-07,0.0,-0.0065555572509765625,-0.00012812630791128043
133600,96.40447998046875,199.30184059143068,-3.6887402474880218,2.3275615e-07,0.0,-0.007599949836730957,-0.00017218849097986322
133800,100.84202575683594,198.86619911193847,-3.688743543624878,1.5586615e-07,0.0,0.01694309711456299,-0.00011240343740723802
134000,101.45179748535156,198.91067543029786,-3.688742458820343,1.15334984e-07,0.0,-0.015465736389160156,-9.68965142822853e-05
134200,102.45097351074219,198.40506134033203,-3.688744592666626,2.2768975e-07,0.0,-0.019913434982299805,-0.0001489691689603889
134400,96.33373260498047,199.15510673522948,-3.6887514293193817,1.5109777e-07,0.0,-0.023520708084106445,-0.0001199675056153815
134600,97.68759155273438,198.69941940307618,-3.6887405633926393,1.2338161e-07,0.0,-0.011936068534851074,-9.736108780344921e-05
134800,98.5282974243164,198.6945472717285,-3.688745838403702,1.2814999e-07,0.0,-0.019047260284423828,-0.00010790893392815803
135000,101.68247985839844,197.87952041625977,-3.6887475192546844,1.7464161e-07,0.0,-0.002285599708557129,-0.00012035575488482664
135200,95.83379364013672,198.7568702697754,-3.688752007484436,1.5556812e-07,0.0,-0.017388463020324707,-9.838878436490006e-05
135400,92.69986724853516,197.97025833129882,-3.688737452030182,1.3232231e-07,0.0,-0.01755964756011963,-9.295751079863024e-05
135600,99.021240234375,198.70828971862792,-3.688746154308319,1.218915e-07,0.0,0.0004132986068725586,-9.382504280068815e-05
135800,102.67975616455078,197.73559112548827,-3.6887351155281065,2.2947788e-07,0.0,0.001824498176574707,-0.00016669617751006172
136000,100.02648162841797,198.6806125640869,-3.688737118244171,1.3500451e-07,0.0,-0.020735859870910645,-0.00013351026197732095
136200,100.80519104003906,198.28243293762208,-3.68873850107193,3.427267e-07,0.0,-0.005973219871520996,-0.0001991499215279191
136400,97.56885528564453,198.3633182525635,-3.6887406945228576,2.8163194e-07,0.0,-0.02272939682006836,-0.00018518607385260567
136600,97.11540985107422,198.21169357299806,-3.6887343764305114,1.3500451e-07,0.0,-0.01709568500518799,-0.00010251536850138798
136800,103.38135528564453,198.29543113708496,-3.6887394189834595,2.387166e-07,0.0,-0.008774399757385254,-0.00016408330149744187
137000,95.25201416015625,198.24691925048828,-3.6887347400188446,1.910329e-07,0.0,-0.017088651657104492,-0.00012633960002759182
137200,100.23416900634766,198.13768272399903,-3.688740944862366,1.5854835e-07,0.0,-0.0034950971603393555,-0.000108324751100497
137400,96.01763153076172,198.21599807739258,-3.6887456357479094,1.4603138e-07,0.0,-0.0033930540084838867,-0.00011398525611028276
137600,96.12567138671875,197.95377044677736,-3.688727980852127,2.500415e-07,0.0,0.012481391429901123,-0.00017219004587403218
137800,97.15081024169922,197.87137832641602,-3.6887359440326692,1.7166138e-07,0.0,0.0028536319732666016,-0.00012283474967844654
138000,104.33248901367188,197.7587345123291,-3.6887269258499145,1.7791986e-07,0.0,0.014180779457092285,-0.00011412802389187959
138200,93.74002075195312,197.77878608703614,-3.6887327134609222,1.2844801e-07,0.0,0.009498536586761475,-9.077414725737754e-05
138400,91.25308990478516,197.7456817626953,-3.6887310087680816,1.5437602e-07,0.0,0.0002791285514831543,-0.00012730662413638072
138600,95.9096450805664,197.63325881958008,-3.688730686903,1.0967255e-07,0.0,0.0014044642448425293,-8.46571618332348e-05
138800,98.29671478271484,197.80796699523927,-3.68872652053833,1.4841557e-07,0.0,-0.012717485427856445,-0.00011231622003968767
139000,98.67483520507812,197.72783508300782,-3.6887306571006775,1.9431114e-07,0.0,-0.013966917991638184,-0.0001285178955406252
139200,96.94926452636719,197.56763458251953,-3.6887295305728913,1.4603138e-07,0.0,-0.0033212900161743164,-0.00012175376741865306
139400,106.69699096679688,197.5152675628662,-3.688727742433548,2.0027161e-07,0.0,0.0039362311363220215,-0.00016970138332066397
139600,96.56192016601562,197.14046516418458,-3.6887232959270477,1.9133091e-07,0.0,-0.012848854064941406,-0.00011709479942823009
139800,96.71702575683594,197.72972030639647,-3.6887309074401857,1.4603137e-07,0.0,-0.019343972206115723,-0.00010380983844200386
140000,97.32825469970703,197.5067081451416,-3.688732534646988,1.7523766e-07,0.0,-0.01122128963470459,-0.0001261755228913586
140200,96.49882507324219,197.4150463104248,-3.688729077577591,1.809001e-07,0.0,-0.01168060302734375,-0.00013158341485741687
140400,95.3217544555664,197.36288185119628,-3.6887275993824007,1.6987323e-07,0.0,-0.009172320365905762,-0.00013637992710187065
140600,94.03073120117188,197.387784576416,-3.688728553056717,1.5437602e-07,0.0,-0.01581883430480957,-0.00012015259346807028
140800,97.33918762207031,197.34705123901367,-3.688733184337616,8.136034e-08,0.0,-0.013632893562316895,-7.107150576750599e-05
141000,102.62864685058594,197.44484024047853,-3.688735860586166,1.3619662e-07,0.0,-0.015434741973876953,-0.00010303668615634365
141200,104.65542602539062,196.9790210723877,-3.6887209892272947,1.5616416e-07,0.0,-0.008561968803405762,-0.00011089145450853266
141400,99.2635726928711,196.4249111175537,-3.688732349872589,1.4573335e-07,0.0,-5.996227264404297e-05,-0.00010300862848566794
141600,98.13064575195312,197.29453506469727,-3.6887283742427828,1.5825033e-07,0.0,-0.003784775733947754,-0.00012482659493784354
141800,97.87576293945312,197.0928867340088,-3.6887338161468506,1.6093254e-07,0.0,-0.006780385971069336,-0.00013501246290203994
142000,100.50587463378906,196.57519340515137,-3.68872389793396,3.0338765e-07,0.0,-0.011740922927856445,-0.0001909505210694995
142200,96.92230987548828,197.1285827636719,-3.6887307286262514,1.4811755e-07,0.0,0.01072460412979126,-0.00011396452794016909
142400,95.16027069091797,196.75008811950684,-3.6887265264987947,1.347065e-07,0.0,-0.011120200157165527,-9.83920106754077e-05
142600,96.52523040771484,196.8610668182373,-3.6887254297733305,8.761882e-08,0.0,-0.00886690616607666,-7.416924842438278e-05
142800,102.23627471923828,196.75472412109374,-3.688733220100403,1.3411045e-07,0.0,-0.011882781982421875,-8.798791449109445e-05
143000,100.91531372070312,196.59773864746094,-3.6887279033660887,1.2129546e-07,0.0,0.006873607635498047,-0.0001014030878163652
143200,98.77362060546875,196.75941429138183,-3.6887346625328066,1.6719103e-07,0.0,-0.009484529495239258,-0.00011016632595541864
143400,97.68120574951172,196.4829849243164,-3.68872874379158,1.5825033e-07,0.0,0.014261245727539062,-0.00011729525027437404
143600,99.04106903076172,196.63139266967772,-3.6887273132801055,1.2844801e-07,0.0,0.006252884864807129,-8.622086006919716e-05
143800,97.06818389892578,196.58781394958496,-3.6887378811836244,1.14440915e-07,0.0,-0.013552665710449219,-0.00010225985995653275
144000,102.71849060058594,195.91195640563964,-3.688725459575653,1.6182662e-07,0.0,-0.008585214614868164,-0.00012178391217991802
144200,95.38703155517578,196.52754859924318,-3.6887376248836516,1.4215708e-07,0.0,0.007757604122161865,-0.00010366728143722526
144400,95.98675537109375,196.35311012268068,-3.6887231528759004,1.5079975e-07,0.0,-0.00360107421875,-0.00010855200889849925
144600,101.16706085205078,196.52483406066895,-3.68873416185379,1.2934208e-07,0.0,-0.007963895797729492,-0.00010926276410816727
144800,104.00019836425781,195.76358947753906,-3.688730835914612,1.9073487e-07,0.0,0.0012285113334655762,-0.00013803483542318418
145000,97.91287994384766,196.54535675048828,-3.6887345612049103,1.3589859e-07,0.0,-0.01608264446258545,-0.00011432786689749008
145200,91.22166442871094,196.054048538208,-3.6887263476848604,1.4692546e-07,0.0,0.02765756845474243,-0.00012138821215375017
145400,100.76986694335938,196.127693939209,-3.68872492313385,1.4156103e-07,0.0,0.010677158832550049,-0.00011607761752188139
145600,93.10517120361328,196.19016380310057,-3.6887200653553007,1.1712313e-07,0.0,-0.01229250431060791,-9.436924790584555e-05
145800,98.48944091796875,196.0300163269043,-3.6887281358242037,8.225441e-08,0.0,0.02586352825164795,-8.132174590542718e-05
146000,89.03726959228516,196.04056549072266,-3.68871927857399,1.6301871e-07,0.0,0.005861759185791016,-0.00010440032176433079
146200,95.65862274169922,195.92813301086426,-3.6887237966060638,1.3738871e-07,0.0,0.00254666805267334,-0.0001037074506896829
146400,101.99815368652344,196.1164207458496,-3.688725119829178,9.775162e-08,0.0,0.009793758392333984,-8.074900462773371e-05
146600,103.87466430664062,195.94910011291503,-3.6887225687503813,1.4394521e-07,0.0,2.0265579223632812e-06,-0.00010630278314494035
146800,99.35962677001953,195.7682804107666,-3.6887175381183623,1.2814999e-07,0.0,0.003941833972930908,-9.190396942528877e-05
147000,106.08363342285156,196.00815925598144,-3.6887182116508486,1.9878149e-07,0.0,-0.012923955917358398,-0.00013767698424658193
147200,101.05403900146484,195.75973625183104,-3.688716524839401,1.3262033e-07,0.0,0.0079193115234375,-0.00011036020560020176
147400,97.90046691894531,195.77270126342773,-3.688720625638962,8.4042554e-08,0.0,-0.004741668701171875,-7.927110809085036e-05
147600,103.84036254882812,195.58237991333007,-3.6887069761753084,1.2636185e-07,0.0,0.00878971815109253,-0.00010534596438454003
147800,92.25849151611328,195.7853561401367,-3.6887124300003054,2.6911496e-07,0.0,-0.013689160346984863,-0.00016014739864758098
148000,100.19817352294922,195.31673202514648,-3.688702005147934,2.259016e-07,0.0,0.014275729656219482,-0.00013800182974890162
148200,95.68535614013672,195.58854942321778,-3.6887112677097322,1.2665987e-07,0.0,-0.010840058326721191,-0.00010952784141622373
148400,96.99723052978516,195.5091110229492,-3.688710314035416,1.4811754e-07,0.0,-0.012906908988952637,-0.00010736231048369405
148600,100.25857543945312,195.17939071655275,-3.68871248960495,1.7642975e-07,0.0,-0.008921027183532715,-0.00013357182520756794
148800,98.51942443847656,195.68824768066406,-3.688708657026291,1.1831523e-07,0.0,-0.01733839511871338,-7.812154352144773e-05
149000,100.9781265258789,195.07651901245117,-3.6887154579162598,1.2338162e-07,0.0,-0.003439784049987793,-0.00010284003504530403
149200,98.66810607910156,195.37049827575683,-3.6887088894844053,2.1845102e-07,0.0,0.017480313777923584,-0.0001261292839220829
149400,104.26545715332031,195.207905960083,-3.6887032985687256,1.591444e-07,0.0,0.0028489232063293457,-0.00011691994951092965
149600,100.00910186767578,195.31848373413087,-3.6887135326862337,1.847744e-07,0.0,-0.015929579734802246,-0.000152629025072315
149800,93.19659423828125,195.22154083251954,-3.6887096881866457,1.3917685e-07,0.0,-0.006312966346740723,-9.468211946046523e-05
150000,95.71627807617188,195.14781188964844,-3.6887083530426024,1.2606382e-07,0.0,-0.0123443603515625,-9.196678554168614e-05
150200,97.18235778808594,195.08026504516602,-3.6887078404426576,1.2487173e-07,0.0,0.0006595253944396973,-9.347175803711138e-05
150400,97.72510528564453,194.956538772583,-3.688698935508728,2.2888183e-07,0.0,-0.009993791580200195,-0.00015477043531753054
150600,93.1594467163086,194.98496704101564,-3.6887171268463135,2.887845e-07,0.0,0.013569176197052002,-0.00017829465768273156
150800,96.99939727783203,195.0367004394531,-3.688707780838013,1.1533499e-07,0.0,-0.01019906997680664,-8.059152925099511e-05
151000,96.26815032958984,194.92055625915526,-3.688699722290039,1.3023615e-07,0.0,0.006952941417694092,-9.846472730785649e-05
151200,99.55196380615234,194.90055313110352,-3.6887012124061584,1.3291836e-07,0.0,0.0008762478828430176,-9.594824892147357e-05
151400,94.94506072998047,194.92341804504395,-3.68869988322258,2.0116568e-07,0.0,-0.012002348899841309,-0.00011995251457221911
151600,96.47932434082031,194.814200592041,-3.688698041439056,1.320243e-07,0.0,0.0022147297859191895,-9.714355672727493e-05
151800,91.88683319091797,194.60560913085936,-3.6886941611766817,1.5258789e-07,0.0,0.002280890941619873,-0.00011685538234118553
152000,97.17159271240234,194.59735527038575,-3.6887002885341644,9.685755e-08,0.0,0.0009933710098266602,-7.383556270461611e-05
152200,103.4271240234375,194.72091484069824,-3.688699501752853,2.580881e-07,0.0,-0.007390856742858887,-0.00015583221551906945
152400,95.07755279541016,194.66474990844728,-3.6886938333511354,2.05338e-07,0.0,-0.006626486778259277,-0.00012437649105094816
152600,102.17095947265625,194.6282985687256,-3.6886864244937896,1.0848045e-07,0.0,-0.010521531105041504,-8.162983537943758e-05
152800,104.556396484375,194.45758819580078,-3.688687741756439,1.4036894e-07,0.0,-0.006071686744689941,-9.30280987894605e-05
153000,98.25894165039062,194.5838279724121,-3.6886991620063783,1.0311604e-07,0.0,-0.003926396369934082,-9.06578154584281e-05
153200,102.60930633544922,194.15141372680665,-3.6886931359767914,1.785159e-07,0.0,-0.011075973510742188,-0.0001351881177045655
153400,94.3331069946289,194.61032638549804,-3.68869953751564,1.3262034e-07,0.0,-0.0032536983489990234,-0.00010013733778286848
153600,97.28466796875,194.37929878234863,-3.688690721988678,1.1384488e-07,0.0,0.012512922286987305,-9.564484795880901e-05
153800,99.07791900634766,194.2097930908203,-3.6886923134326937,1.6242267e-07,0.0,0.007373452186584473,-0.00011172404897115129
154000,93.27218627929688,194.14970321655272,-3.6886916518211366,1.245737e-07,0.0,0.011546313762664795,-0.00010043657620517621
154200,98.05449676513672,194.28489875793457,-3.688696813583374,1.0073185e-07,0.0,0.005955874919891357,-7.801790595700631e-05
154400,97.59201049804688,194.37916946411133,-3.6886952221393585,1.5705824e-07,0.0,-0.012944579124450684,-0.00012068137505085729
154600,97.67996215820312,194.25129089355468,-3.688686269521713,1.2487173e-07,0.0,-0.011785745620727539,-0.00011081989181800367
154800,92.92410278320312,194.2022678375244,-3.688695788383484,1.642108e-07,0.0,-0.012531757354736328,-0.00013249081345421133
155000,100.74887084960938,193.971049118042,-3.6886857092380523,1.4722346e-07,0.0,0.0023853182792663574,-0.00013098313030752707
155200,97.31333923339844,193.98540840148925,-3.688684469461441,1.487136e-07,0.0,-0.0013680458068847656,-8.925881988730566e-05
155400,98.2257080078125,194.03553161621093,-3.688681197166443,2.3216009e-07,0.0,-0.011060118675231934,-0.00014807180995646263
155600,97.30623626708984,193.81517906188964,-3.6886854827404023,1.5079975e-07,0.0,0.010231435298919678,-0.0001045601809185115
155800,95.17564392089844,193.8409637451172,-3.6886878192424772,1.9013882e-07,0.0,0.00032019615173339844,-0.00013411460841759038
156000,100.7927017211914,193.9499481201172,-3.6886905312538145,7.9870226e-08,0.0,0.00041431188583374023,-8.407127803962133e-05
156200,96.54711151123047,193.7557373046875,-3.6887018620967864,1.6301871e-07,0.0,0.002720475196838379,-0.00011586293472021225
156400,101.3269271850586,193.7819953918457,-3.6886927664279936,1.1533499e-07,0.0,0.000657498836517334,-8.717591362952248e-05
156600,98.21987915039062,193.80186653137207,-3.6886943519115447,1.3083219e-07,0.0,0.006352424621582031,-0.00010042379799686252
156800,98.98601531982422,193.7066394805908,-3.688689172267914,1.4752149e-07,0.0,-0.0006353855133056641,-0.0001060712038857048
157000,96.51309204101562,193.55346870422363,-3.6886870920658112,1.9192694e-07,0.0,0.005896210670471191,-0.00013793912546162802
157200,99.94593048095703,193.56213989257813,-3.688685339689255,1.7613173e-07,0.0,-0.009952783584594727,-0.00012643766518607435
157400,100.13861846923828,193.6673385620117,-3.6886879324913027,1.0758638e-07,0.0,-0.006104111671447754,-8.907997637939147e-05
157600,99.65518951416016,193.56930618286134,-3.688691371679306,1.782179e-07,0.0,-0.002710580825805664,-0.00014182618228097965
157800,94.09362030029297,193.52111053466797,-3.6886936008930205,1.4036894e-07,0.0,-0.004218101501464844,-0.00010677321315766264
158000,98.99520874023438,193.54254837036132,-3.6886934638023376,1.9341707e-07,0.0,-0.00971972942352295,-0.00013170929367625205
158200,96.24951934814453,193.3584976196289,-3.6886927247047425,2.2768974e-07,0.0,-0.0017654895782470703,-0.00013522967713903712
158400,91.0042724609375,193.3899803161621,-3.6886924743652343,9.059906e-08,0.0,-0.008507847785949707,-8.365656400286526e-05
158600,95.592529296875,193.22782859802246,-3.688695901632309,1.8537045e-07,0.0,0.002461075782775879,-0.00012202337472562163
158800,98.86891174316406,193.19635467529298,-3.6886915385723116,1.2755395e-07,0.0,0.02279144525527954,-8.737528347779744e-05
159000,95.84062194824219,193.19023208618165,-3.6886884331703187,1.218915e-07,0.0,-0.00784289836883545,-9.064222891836948e-05
159200,95.8634262084961,192.95092010498047,-3.688694304227829,2.220273e-07,0.0,0.024964749813079834,-0.00012985831421978843
159400,94.00151062011719,193.20904579162598,-3.6886915147304533,1.6540288e-07,0.0,-0.011575102806091309,-0.00012176773089063175
159600,99.44055938720703,193.10993614196778,-3.688696587085724,9.775161e-08,0.0,0.002818584442138672,-7.839889760674623e-05
159800,97.6024169921875,192.70780448913575,-3.6886914908885955,1.8000603e-07,0.0,-0.004477977752685547,-0.00012150508219619383
160000,97.9116439819336,193.08947830200196,-3.6886927247047425,1.001358e-07,0.0,-0.0002677440643310547,-8.252134941564294e-05
160200,97.36804962158203,192.84347648620604,-3.6887009024620054,1.2367963e-07,0.0,-0.004225254058837891,-0.00010012386763520453
160400,93.91031646728516,193.04271850585937,-3.688692557811737,1.3828277e-07,0.0,-0.0075522661209106445,-9.566855454750112e-05
160600,97.31838989257812,192.9369369506836,-3.6886972427368163,1.6212464e-07,0.0,-0.002736210823059082,-0.00011414967429743684
160800,96.79618072509766,192.93715591430663,-3.6886915504932403,1.3321639e-07,0.0,-0.009758830070495605,-0.0001087434749456051
161000,102.57284545898438,192.71234855651855,-3.688693046569824,1.0430813e-07,0.0,0.008502185344696045,-8.524169133323767e-05
161200,99.21434020996094,192.70453453063965,-3.68868950009346,1.4245511e-07,0.0,-0.005914807319641113,-9.6044093719172e-05
161400,96.28752899169922,192.77583084106445,-3.6886860609054564,1.3589859e-07,0.0,0.006363332271575928,-9.810511870780302e-05
161600,99.55331420898438,192.64509201049805,-3.6886816382408143,2.6345253e-07,0.0,-0.0066100358963012695,-0.00015865244749777574
161800,94.98199462890625,192.67731018066405,-3.688693255186081,1.2755395e-07,0.0,0.0020337700843811035,-9.517383457779971e-05
162000,96.13597106933594,192.57758979797364,-3.6886886239051817,1.8298626e-07,0.0,-0.002916574478149414,-0.00014731027065906233
162200,91.47533416748047,192.51452751159667,-3.688680899143219,1.5169383e-07,0.0,-0.0005561113357543945,-0.00010760843646941964
162400,98.90447998046875,192.46249084472657,-3.6886928200721742,1.692772e-07,0.0,-0.006325840950012207,-0.0001153747591752463
162600,96.06515502929688,192.4630527496338,-3.6886912047863007,1.79708e-07,0.0,0.003934979438781738,-0.00010763840327534523
162800,95.93834686279297,192.40188865661622,-3.6886960923671723,1.4692544e-07,0.0,0.012326419353485107,-0.00011754536642527569
163000,93.98321533203125,192.33523979187012,-3.688697910308838,1.5169381e-07,0.0,0.01644212007522583,-0.00010297802048881976
163200,95.78083038330078,192.01011428833007,-3.688686788082123,1.552701e-07,0.0,-0.004617094993591309,-0.0001005949526842187
163400,98.23277282714844,192.4513282775879,-3.688691407442093,1.0848045e-07,0.0,-0.00040459632873535156,-8.13067846110016e-05
163600,96.18329620361328,192.21431045532228,-3.6886923909187317,1.3709068e-07,0.0,-0.003952503204345703,-0.00010496118656426745
163800,94.71308898925781,191.99604721069335,-3.6886871695518493,2.0891429e-07,0.0,-0.0051348209381103516,-0.00015380028228548782
164000,91.10688781738281,191.9974166870117,-3.688694977760315,1.9550323e-07,0.0,-0.006625771522521973,-0.00012045677338718974
164200,96.97330474853516,192.28130683898925,-3.688688588142395,1.1950732e-07,0.0,0.005818605422973633,-0.00010445858423224763
164400,46.080570220947266,94.01451320648194,-3.688806879520416,9.804964e-08,0.0,-0.2772263288497925,-8.903788002214696e-05
164600,55.90000915527344,109.32540740966797,-3.688747453689575,1.040101e-07,0.0,-0.01843583583831787,-9.447061706140403e-05
164800,38.61077880859375,75.08008193969727,-3.6886981308460234,4.082918e-07,0.0,-0.0025832653045654297,-0.00017708477215701014
165000,37.631736755371094,75.0286075592041,-3.6886981427669525,3.8325786e-07,0.0,-0.004274845123291016,-0.0001895063344804271
165200,46.209381103515625,95.80527687072754,-3.6887065529823304,3.7699937e-07,0.0,-0.008404731750488281,-0.00017732032359703
165400,38.727088928222656,80.23409404754639,-3.6887006938457487,2.7298927e-07,0.0,0.0038875341415405273,-0.0001343265642340441
165600,35.078834533691406,68.82514696121216,-3.688690161705017,4.5865775e-07,0.0,-0.013340473175048828,-0.0001991732048283179
165800,38.24277114868164,71.50110759735108,-3.6886884450912474,2.9444698e-07,0.0,-0.018451929092407227,-0.00016330402078672533
166000,43.40745544433594,85.3782527923584,-3.688678026199341,4.2408703e-07,0.0,0.006596028804779053,-0.00016926929046139348
166200,45.15889358520508,85.27177009582519,-3.688678926229477,3.4332274e-07,0.0,-0.011125922203063965,-0.00013787765844739397
166400,50.852195739746094,97.36438503265381,-3.6886861503124235,1.8000603e-07,0.0,-0.007887959480285645,-0.00011412940960724427
166600,41.283897399902344,81.91673221588135,-3.688693231344223,2.1994113e-07,0.0,-0.001967787742614746,-0.00012603841608367362
166800,39.05812072753906,82.26115779876709,-3.6886864840984344,2.5779008e-07,0.0,0.01075601577758789,-0.00012532892096972503
167000,42.97132110595703,83.26769523620605,-3.6886810839176176,2.3305417e-07,0.0,0.0019185543060302734,-0.00013898344387541783
167200,40.6779899597168,80.6154842376709,-3.688690263032913,2.2917986e-07,0.0,-0.005014657974243164,-0.0001348389232547653
167400,44.97972869873047,92.39573459625244,-3.688693082332611,1.9401313e-07,0.0,0.012932062149047852,-0.00014399161949789628
167600,44.34823989868164,85.93277053833008,-3.6886921405792235,2.0682813e-07,0.0,-0.002112865447998047,-0.00013690315190117985
167800,47.68475341796875,92.4581356048584,-3.6886957943439485,2.0802021e-07,0.0,-0.008397459983825684,-0.00015044881279564494
168000,35.6463737487793,75.9992525100708,-3.6886849641799926,1.9073487e-07,0.0,-0.01257622241973877,-0.00011413277582299486
168200,34.27814483642578,66.53144311904907,-3.6886793315410613,3.799796e-07,0.0,0.004677534103393555,-0.00018746036952990152
168400,46.39798355102539,95.31095104217529,-3.688689285516739,2.5391577e-07,0.0,0.006817817687988281,-0.00015821009765337735
168600,41.3602180480957,78.3341567993164,-3.688682734966278,2.3663046e-07,0.0,0.002342522144317627,-0.00013008743523248433
168800,41.826820373535156,87.02426280975342,-3.688683557510376,2.491474e-07,0.0,-0.014397025108337402,-0.00013841948450323826
169000,45.480648040771484,87.11534385681152,-3.688689577579498,2.5779008e-07,0.0,-0.0031014680862426758,-0.0001551677504259441
169200,38.232078552246094,76.65325145721435,-3.688676345348358,3.4600495e-07,0.0,-0.008813023567199707,-0.0001764735589389943
169400,41.352230072021484,83.50491352081299,-3.68867774605751,2.7686357e-07,0.0,-0.0060759782791137695,-0.00014516808005193838
169600,46.20442199707031,94.24134502410888,-3.68867312669754,1.7374754e-07,0.0,-0.0018193721771240234,-0.0001272250195896163
169800,36.189125061035156,67.97106742858887,-3.688671725988388,2.2768974e-07,0.0,-0.002904057502746582,-0.0001325619960780955
170000,38.65078353881836,74.12978649139404,-3.6886749029159547,3.1113623e-07,0.0,-0.011387825012207031,-0.0001704270331794433
170200,41.88371658325195,81.02241725921631,-3.688670980930328,1.6063451e-07,0.0,0.0079231858253479,-0.0001011614954226303
170400,36.53929901123047,79.81217555999756,-3.6886857390403747,2.2619963e-07,0.0,-0.0005776882171630859,-0.00015688197318048936
170600,48.94359588623047,101.6542875289917,-3.688680648803711,1.2487172e-07,0.0,-0.004442691802978516,-9.836120913195857e-05
170800,43.69816207885742,82.10912399291992,-3.688689815998077,2.3573638e-07,0.0,-0.0014388561248779297,-0.00017084438388241806
171000,39.363868713378906,77.5608413696289,-3.6886777102947237,2.4855137e-07,0.0,0.003607511520385742,-0.00012792666691261446
171200,44.67183303833008,94.86543731689453,-3.6886825621128083,1.052022e-07,0.0,0.009879648685455322,-7.878953312747682e-05
171400,40.14464569091797,76.13183841705322,-3.6886835157871247,2.604723e-07,0.0,0.002530038356781006,-0.00015895079007002266
171600,44.94150161743164,90.95885639190674,-3.688676631450653,1.7881393e-07,0.0,-0.004066824913024902,-0.0001232450910528371
171800,39.70771026611328,77.92909717559814,-3.6886812925338743,2.6255847e-07,0.0,0.00389176607131958,-0.0001618013375882299
172000,48.06775665283203,95.67695503234863,-3.6886902451515198,1.18613244e-07,0.0,-0.0062836408615112305,-7.694288337596333e-05
172200,39.069786071777344,83.61362781524659,-3.6886889934539795,2.43783e-07,0.0,0.005578219890594482,-0.00014530581998073444
172400,39.97184371948242,78.72890510559083,-3.6886830985546113,2.0056962e-07,0.0,-0.006918787956237793,-0.0001294099688616157
172600,50.230079650878906,106.74678859710693,-3.688685637712479,1.6838312e-07,0.0,0.01209944486618042,-0.00012848086620484978
172800,44.92057418823242,87.71129188537597,-3.6886857986450194,2.5153162e-07,0.0,-0.004759669303894043,-0.00014797513190318857
173000,43.06922912597656,87.69870986938477,-3.6886905133724213,1.591444e-07,0.0,0.0047920942306518555,-0.00011896823342709695
173200,53.996158599853516,99.10698947906494,-3.688686603307724,1.4901161e-07,0.0,0.0028249025344848633,-0.00012265203903025768
173400,37.58451843261719,77.78371181488038,-3.6886846363544463,1.6897917e-07,0.0,-0.01321399211883545,-0.00012004804556831061
173600,54.170013427734375,112.27934093475342,-3.6886741042137148,1.6719103e-07,0.0,-0.00537872314453125,-0.00010892163220317385
173800,46.76945495605469,92.31772651672364,-3.6886830031871796,2.7865173e-07,0.0,-0.006009817123413086,-0.00018666846187613827
174000,42.177242279052734,80.01002750396728,-3.688684844970703,3.325939e-07,0.0,-0.021219611167907715,-0.000187221934214854
174200,41.08439636230469,79.24053955078125,-3.688665050268173,1.8835068e-07,0.0,-0.009295225143432617,-0.00010945969885719497
174400,43.01259994506836,81.61170654296875,-3.688662129640579,2.1994114e-07,0.0,-0.00432586669921875,-0.00012203735100300151
174600,49.38886642456055,102.11188621520996,-3.6886692881584167,2.3514033e-07,0.0,-0.003850579261779785,-0.00017022990468333886
174800,39.65135192871094,77.83434371948242,-3.688668358325958,1.9401313e-07,0.0,0.007473766803741455,-0.00011459394397093093
175000,44.169490814208984,87.42653026580811,-3.6886790335178374,1.7613172e-07,0.0,-0.01565682888031006,-0.00011925155057852521
175200,44.35015869140625,90.45225276947022,-3.688667559623718,1.731515e-07,0.0,-0.005486607551574707,-0.00010975915897617483
175400,45.51883316040039,91.99458179473876,-3.6886720061302185,1.8417836e-07,0.0,-0.018301725387573242,-0.00012931509463562919
175600,42.69044876098633,87.66503868103027,-3.6886656045913697,1.9401313e-07,0.0,0.0011209845542907715,-0.00013451738621377273
175800,36.13343048095703,69.82274084091186,-3.688672310113907,2.3931264e-07,0.0,-0.012985706329345703,-0.00015434738984567708
176000,36.02915954589844,71.74377841949463,-3.688667243719101,2.2143125e-07,0.0,0.006996810436248779,-0.0001376362297961009
176200,50.68341827392578,98.78820247650147,-3.688667953014374,1.7136335e-07,0.0,-0.015927672386169434,-0.00011717545839360355
176400,47.26228713989258,97.33818397521972,-3.6886745989322662,1.3768673e-07,0.0,-0.0061446428298950195,-0.00011873527556680586
176600,47.75054168701172,97.08560523986816,-3.6886593401432037,1.4930964e-07,0.0,0.004313170909881592,-9.956931979431261e-05
176800,29.244895935058594,61.15801944732666,-3.688673061132431,4.950166e-07,0.0,-0.006706595420837402,-0.00024211124200710366
177000,43.31790542602539,81.87312679290771,-3.6886721670627596,1.642108e-07,0.0,0.003117799758911133,-0.00011322610875375005
177200,30.390186309814453,59.695044898986815,-3.688668555021286,2.8640034e-07,0.0,-0.003101825714111328,-0.00015446382027164418
177400,37.97079849243164,80.09647197723389,-3.688672035932541,3.910065e-07,0.0,-0.015729427337646484,-0.00020800925963122553
177600,47.37098693847656,95.35182037353516,-3.688677603006363,2.1755696e-07,0.0,0.0026680827140808105,-0.00014678555013674098
177800,33.04792404174805,73.33284912109374,-3.688671571016312,3.1113623e-07,0.0,-0.003468751907348633,-0.0001573116491687898
178000,40.464962005615234,75.16614151000977,-3.688676303625107,1.4662743e-07,0.0,-0.006695389747619629,-0.00010312363102915612
178200,33.38385009765625,67.78423347473145,-3.6886676073074343,2.1487475e-07,0.0,-0.007257938385009766,-0.00012860957551055207
178400,46.70539855957031,96.78558769226075,-3.688670867681503,1.6152859e-07,0.0,0.0005984306335449219,-0.0001214271193145322
178600,40.57946014404297,84.64085884094239,-3.6886767566204073,2.2798778e-07,0.0,0.0009692907333374023,-0.0001397451747152445
178800,34.33549118041992,68.91479206085205,-3.6886722803115846,2.0086765e-07,0.0,0.0011331439018249512,-0.0001418678760209957
179000,37.3397216796875,78.67394523620605,-3.688664746284485,2.0235777e-07,0.0,0.0013595223426818848,-0.00012369129076326147
179200,43.97229766845703,84.31388568878174,-3.6886519968509672,1.6331673e-07,0.0,-0.006543993949890137,-9.406951132220342e-05
179400,57.34259796142578,107.85943336486817,-3.688662976026535,1.1265278e-07,0.0,0.0033534765243530273,-9.178200365740352e-05
179600,40.763275146484375,82.27137851715088,-3.688655209541321,1.8894673e-07,0.0,-0.003139495849609375,-0.00012264393266860906
179800,48.927120208740234,99.52775840759277,-3.6886693716049193,1.1384487e-07,0.0,0.005956828594207764,-0.00010067384856711214
180000,35.15104293823242,75.61549167633056,-3.6886678636074066,2.2470951e-07,0.0,0.0014504790306091309,-0.00016717694656094296
180200,41.47819900512695,80.02724685668946,-3.688657635450363,1.9162894e-07,0.0,-0.005223631858825684,-0.00012013591853055061
180400,38.87081527709961,77.72912902832032,-3.6886618614196776,2.1576882e-07,0.0,-0.0016283988952636719,-0.00013637445771479405
180600,48.99571990966797,99.37388477325439,-3.6886613845825194,1.7553567e-07,0.0,-0.004435420036315918,-0.00012150865904487773
180800,39.69264602661133,86.34707736968994,-3.6886634171009063,1.5079975e-07,0.0,-0.003897547721862793,-0.00011431416890568258
181000,44.9943962097168,88.18182640075683,-3.688669669628143,9.834767e-08,0.0,-0.0073435306549072266,-7.514177325349536e-05
181200,36.49339294433594,77.48437824249268,-3.6886622428894045,2.6255844e-07,0.0,-0.0043392181396484375,-0.0001433199342699254
181400,45.55915832519531,96.54191017150879,-3.6886609375476835,2.1070241e-07,0.0,-0.00807178020477295,-0.00012180557930587809
181600,50.90279769897461,104.89054946899414,-3.688653361797333,7.003546e-08,0.0,-0.009480953216552734,-6.381439470573013e-05
181800,48.94892120361328,97.155393409729,-3.6886515021324158,2.0563601e-07,0.0,-0.0015822649002075195,-0.0001401807664796806
182000,45.711238861083984,94.23086585998536,-3.688657355308533,1.5974045e-07,0.0,0.001000523567199707,-0.00011329154784966988
182200,46.810787200927734,92.81494827270508,-3.688661199808121,1.5258789e-07,0.0,-0.012864828109741211,-0.0001156159196757045
182400,41.11492156982422,82.57158737182617,-3.688663160800934,2.3066997e-07,0.0,0.0014843344688415527,-0.00015050293895342294
182600,41.95976257324219,79.7748592376709,-3.6886592745780944,1.2099743e-07,0.0,-0.0025430917739868164,-9.06980632061405e-05
182800,40.64675521850586,83.30032844543457,-3.688651645183563,2.0116569e-07,0.0,0.002886354923248291,-0.00014316784573153996
183000,39.948402404785156,80.71710796356201,-3.688651663064957,1.2606382e-07,0.0,-0.0042877197265625,-0.00010661260031741282
183200,37.21664047241211,78.99276866912842,-3.6886533558368684,2.5629998e-07,0.0,0.006373763084411621,-0.00017439512893488996
183400,41.94508743286133,86.02174282073975,-3.688658970594406,1.7344951e-07,0.0,-0.007976889610290527,-0.00012457443698608018
183600,46.86576461791992,90.10002365112305,-3.6886574268341064,1.3947488e-07,0.0,-0.005977630615234375,-0.00010750290679801821
183800,41.72964859008789,82.2093900680542,-3.688662314414978,2.1249056e-07,0.0,-0.004583477973937988,-0.00012839615482533872
184000,41.03076171875,80.78780269622803,-3.688652342557907,1.3262034e-07,0.0,-0.0033380985260009766,-9.365609288778388e-05
184200,45.466182708740234,86.34682331085205,-3.6886643886566164,1.5765428e-07,0.0,-0.00410151481628418,-0.0001105216434238443
184400,37.79570388793945,77.81984386444091,-3.6886508643627165,2.1964313e-07,0.0,-0.005869626998901367,-0.00012874677719096895
184600,53.130043029785156,105.20817127227784,-3.6886564195156097,1.1652708e-07,0.0,-0.001268148422241211,-9.717828081736712e-05
184800,49.98426818847656,98.20037631988525,-3.688657742738724,1.0788441e-07,0.0,-0.010187625885009766,-8.998148093226632e-05
185000,33.15716552734375,71.71567211151122,-3.6886400640010835,2.9385092e-07,0.0,0.0014049410820007324,-0.00014796104984000636
185200,40.35293197631836,80.12188968658447,-3.688643127679825,2.169609e-07,0.0,-0.008191585540771484,-0.00012909441816475465
185400,40.584712982177734,87.53932113647461,-3.6886466324329374,1.8954277e-07,0.0,0.0032262206077575684,-0.0001264261898853647
185600,44.622352600097656,89.19147071838378,-3.6886546492576597,1.8775464e-07,0.0,-0.003423929214477539,-0.0001126033512621305
185800,40.507869720458984,80.05651760101318,-3.688640373945236,2.3156406e-07,0.0,-0.00901651382446289,-0.00011365796629831948
186000,46.73810958862305,96.33084640502929,-3.6886603832244873,1.5616416e-07,0.0,8.976459503173828e-05,-0.00011684311933599645
186200,45.136722564697266,95.39820652008056,-3.688651317358017,9.387732e-08,0.0,0.00831073522567749,-7.799826503394059e-05
186400,42.852882385253906,86.2970962524414,-3.6886623442173003,1.7076732e-07,0.0,-0.010370373725891113,-0.00013031757306087856
186600,41.63623809814453,84.26191234588623,-3.6886494576931,2.5689604e-07,0.0,-0.0013079643249511719,-0.00014831075826045038
186800,37.55695343017578,77.46804275512696,-3.6886500298976896,2.3245812e-07,0.0,-0.006906032562255859,-0.00014268900211362735
187000,36.70343017578125,82.47938556671143,-3.6886475563049315,1.1473894e-07,0.0,-0.003519296646118164,-7.549461744220665e-05
187200,39.94233703613281,88.97312202453614,-3.688651019334793,1.3947488e-07,0.0,-0.0012246370315551758,-0.00010248312658696079
187400,45.6890983581543,94.24928035736085,-3.6886448919773103,2.4229288e-07,0.0,-0.00228273868560791,-0.00013593614849440882
187600,36.62318420410156,71.119229221344,-3.688642543554306,1.9699335e-07,0.0,0.0004138350486755371,-0.0001266336321279482
187800,37.245601654052734,78.2584623336792,-3.68865652680397,1.40965e-07,0.0,0.002364635467529297,-9.678016583336557e-05
188000,47.03330612182617,98.3911153793335,-3.6886500477790833,1.0848045e-07,0.0,-0.005375385284423828,-9.134316498347062e-05
188200,36.00370788574219,73.00264978408813,-3.6886514127254486,2.4437907e-07,0.0,-0.003737330436706543,-0.0001497319406986719
188400,53.18642044067383,104.3239538192749,-3.6886392772197723,1.513958e-07,0.0,-0.003110051155090332,-9.936675477035805e-05
188600,40.602508544921875,83.52628555297852,-3.688642692565918,1.7642975e-07,0.0,0.0023971199989318848,-0.00012449268645298162
188800,39.224456787109375,76.57345809936524,-3.688652777671814,1.6450882e-07,0.0,-0.0032280683517456055,-0.00010439227410636853
189000,40.578338623046875,77.77404842376708,-3.68865727186203,1.4215708e-07,0.0,0.0047193169593811035,-0.00010021029436266816
189200,37.983516693115234,77.11120700836182,-3.6886435985565185,1.8417836e-07,0.0,-0.00922548770904541,-0.00012069410703041683
189400,34.50719451904297,73.17583589553833,-3.68865852355957,1.7315149e-07,0.0,0.003966689109802246,-0.00012447618415816207
189600,48.90140914916992,90.09768733978271,-3.6886524498462676,1.4990569e-07,0.0,0.0015808939933776855,-0.0001219938457481362
189800,42.10866928100586,85.83153972625732,-3.688655126094818,1.9907952e-07,0.0,-0.007336974143981934,-0.000149344564263032
190000,50.51216506958008,98.59661617279053,-3.68865972161293,1.6987325e-07,0.0,0.005934178829193115,-0.00010653278160219771
190200,40.624568939208984,88.27979736328125,-3.688646584749222,2.3633243e-07,0.0,-0.0031507015228271484,-0.00014312689525830535
190400,43.23781204223633,84.58440570831299,-3.6886537253856657,2.4765728e-07,0.0,-0.002317070960998535,-0.0001577011641620274
190600,41.07695388793945,80.0465145111084,-3.688650572299957,1.8119812e-07,0.0,-0.005083203315734863,-0.00012689211251526444
190800,42.16173553466797,82.84035034179688,-3.688655751943588,2.4408104e-07,0.0,-0.009893655776977539,-0.00017112539437249552
191000,47.151729583740234,92.36635723114014,-3.6886462330818177,2.1904708e-07,0.0,6.431341171264648e-05,-0.0001561386599121306
191200,43.495792388916016,87.84353103637696,-3.6886580288410187,1.847744e-07,0.0,0.0034019947052001953,-0.00013191612834013712
191400,37.290409088134766,83.07664527893067,-3.6886506974697113,1.743436e-07,0.0,0.004882335662841797,-0.00011313965915071833
191600,45.54751968383789,93.90795421600342,-3.688654601573944,1.5795231e-07,0.0,-0.0010190010070800781,-0.00011459105534274982
191800,41.4649772644043,85.52785415649414,-3.6886563301086426,1.4603137e-07,0.0,-0.0032967329025268555,-0.00011504721572848098
192000,35.31915283203125,70.31665096282958,-3.6886442482471464,2.8908252e-07,0.0,-0.007279038429260254,-0.00015503725454255602
192200,37.83742904663086,78.31101016998291,-3.6886458933353423,1.4930964e-07,0.0,-0.0010762214660644531,-0.00010217106288550326
192400,32.452999114990234,70.10707273483277,-3.6886524677276613,3.2007694e-07,0.0,-0.007417201995849609,-0.0001750607045401864
192600,38.371726989746094,79.8102466583252,-3.688646990060806,1.5586613e-07,0.0,-0.004496097564697266,-8.988121195852017e-05
192800,32.81829833984375,71.55513668060303,-3.6886546909809113,2.0325184e-07,0.0,0.0032178759574890137,-0.00012867476397495636
193000,42.364376068115234,84.66976127624511,-3.68864666223526,1.2338161e-07,0.0,-0.002668023109436035,-8.936195032589467e-05
193200,42.26203536987305,87.13146381378174,-3.6886411368846894,2.0474197e-07,0.0,0.0010943412780761719,-0.00013308706121772929
193400,35.615379333496094,76.2933687210083,-3.6886473298072815,1.9043685e-07,0.0,-0.0010743141174316406,-0.000140483692216975
193600,42.81515884399414,90.57274551391602,-3.6886410892009733,1.9848346e-07,0.0,0.0003891587257385254,-0.00015426747415183683
193800,42.3776741027832,82.28048648834229,-3.688646841049194,2.0027161e-07,0.0,-0.005805492401123047,-0.00011862608790487172
194000,28.413930892944336,61.478314304351805,-3.6886479377746584,3.0249356e-07,0.0,-0.002646207809448242,-0.00016334861137998758
194200,41.4563102722168,84.26109447479249,-3.6886531472206117,1.4424323e-07,0.0,-0.012299418449401855,-0.00010505250112051723
194400,43.13582992553711,86.09804019927978,-3.6886570513248444,1.308322e-07,0.0,0.0008307695388793945,-8.846417029495512e-05
194600,41.76085662841797,80.37925472259522,-3.688654863834381,1.7583369e-07,0.0,-0.009794354438781738,-0.0001295185986604608
194800,43.13883590698242,85.20172634124756,-3.688650596141815,1.5676021e-07,0.0,-0.0064078569412231445,-0.00010173577073544494
195000,45.787357330322266,95.64066581726074,-3.688653379678726,8.344651e-08,0.0,-0.009943842887878418,-7.765961364505358e-05
195200,42.497013092041016,82.53496570587158,-3.6886442601680756,1.9669532e-07,0.0,-0.0033336877822875977,-0.00012803909096135158
195400,39.24007797241211,81.53500137329101,-3.688649535179138,1.719594e-07,0.0,-0.004716157913208008,-0.00013232260159448117
195600,39.79512405395508,80.57364826202392,-3.688661068677902,1.8894673e-07,0.0,-0.0033336877822875977,-0.00014102558897306495
195800,48.246376037597656,94.52281265258789,-3.6886476039886475,1.6272068e-07,0.0,0.008982837200164795,-0.0001371968682753355
196000,40.47694396972656,87.61418628692627,-3.6886578679084776,2.2560357e-07,0.0,0.0022916197776794434,-0.00015294645703591847
196200,44.584651947021484,90.53550701141357,-3.688665419816971,2.1308661e-07,0.0,0.00980907678604126,-0.0001417899426506608
196400,43.273155212402344,88.2578727722168,-3.688651317358017,1.8626451e-07,0.0,-0.002281665802001953,-0.00013411378180423484
196600,38.628231048583984,74.02877407073974,-3.6886643350124357,1.7255545e-07,0.0,-0.003347635269165039,-0.0001327844345276219
196800,49.78673553466797,99.03154983520508,-3.6886628329753877,1.013279e-07,0.0,-0.0006821155548095703,-9.516458182510235e-05
197000,47.851375579833984,93.17184066772461,-3.6886532962322236,1.8894673e-07,0.0,-0.0023970603942871094,-0.00012276761172972384
197200,45.90095901489258,94.28875961303712,-3.688666266202927,2.7269124e-07,0.0,-0.00395655632019043,-0.00015003567883695724
197400,42.71114730834961,87.79578514099121,-3.688661539554596,2.5779008e-07,0.0,-0.005560517311096191,-0.00014800889792467852
197600,33.78541564941406,68.84927616119384,-3.6886647224426268,2.977252e-07,0.0,-0.003307938575744629,-0.00017494953356020915
197800,41.51337814331055,73.65059242248535,-3.6886656820774077,2.2917986e-07,0.0,-0.004750967025756836,-0.00011447231480588016
198000,38.099464416503906,74.58479022979736,-3.6886586427688597,1.3917685e-07,0.0,-0.0035674571990966797,-0.00011367615572481782
198200,38.67302322387695,82.33086414337158,-3.6886515855789184,1.6897917e-07,0.0,0.0022578835487365723,-0.00010136862703973293
198400,42.37892532348633,83.9853033065796,-3.688668829202652,2.092123e-07,0.0,-0.003178238868713379,-0.00012211055310267226
198600,39.325706481933594,84.61035671234131,-3.688673585653305,1.3053416e-07,0.0,-0.00044918060302734375,-0.00010666405065080653
198800,39.94670104980469,77.79044551849366,-3.688669979572296,1.975894e-07,0.0,-0.001055002212524414,-0.00012819775957595425
199000,47.21799087524414,88.23624420166016,-3.6886706829071043,1.320243e-07,0.0,0.00037729740142822266,-9.76472946728535e-05
199200,41.49987030029297,77.31828880310059,-3.6886641919612884,1.4841557e-07,0.0,-0.0017701387405395508,-0.00011403879537041917
199400,28.199403762817383,65.29190273284912,-3.6886743009090424,1.6331671e-07,0.0,-0.004842519760131836,-0.00010355762408025271
199600,43.40547561645508,83.8106819152832,-3.6886706352233887,1.7493963e-07,0.0,-0.0045545101165771484,-0.00012168905924792028
199800,40.71868133544922,82.17614650726318,-3.688667982816696,2.0176172e-07,0.0,0.0031473636627197266,-0.00013536237276738915
200000,37.378360748291016,83.48421745300293,-3.688671827316284,2.1994114e-07,0.0,-0.0006886720657348633,-0.00016281630161074645
