timestep,loss,value_loss,entropy_loss,approx_kl,clip_fraction,explained_variance,policy_gradient_loss
200,,,,,,,
400,0.006767261307686567,0.016074632317759095,-3.688873815536499,2.7358533e-07,0.0,-4.007570266723633,-0.00020836310127925195
600,0.009779932908713818,0.02153731184080243,-3.6888701617717743,5.093217e-07,0.0,-26.304731369018555,-0.00027056904154418857
800,0.0077948616817593575,0.019564953399822116,-3.6888670206069945,4.8100947e-07,0.0,-19.6301212310791,-0.00023541734943619553
1000,0.007090849801898003,0.015758014237508177,-3.6888662755489348,4.5478345e-07,0.0,-20.820518493652344,-0.00022661660515792547
1200,0.00399264320731163,0.011999056627973913,-3.6888660192489624,7.647276e-07,0.0,-35.97740936279297,-0.0003260606371642938
1400,0.003919266164302826,0.00988042326644063,-3.688865488767624,5.6743625e-07,0.0,-11.597392082214355,-0.00026778554767434846
1600,0.003283417783677578,0.008207602007314563,-3.688865065574646,5.069375e-07,0.0,-30.596426010131836,-0.00021608108241544244
1800,0.0022922921925783157,0.005622293159831315,-3.6888640999794005,5.218387e-07,0.0,-27.131776809692383,-0.00023139558665834502
2000,0.0008671449613757432,0.004658623802242801,-3.6888632774353027,9.250641e-07,0.0,-32.938255310058594,-0.000326905220532403
2200,0.0010111540323123336,0.0034781338414177298,-3.688862407207489,5.170703e-07,0.0,-26.1015625,-0.0002415001104191017
2400,0.0002837593201547861,0.0025252429710235446,-3.688862496614456,4.5090917e-07,0.0,-33.440921783447266,-0.00020039129334805672
2600,0.0001100444933399558,0.0016714917088393121,-3.6888612866401673,3.5881996e-07,0.0,-6.98111629486084,-0.0001810252372233645
2800,6.43653329461813e-05,0.0016199081102968194,-3.68886057138443,4.1574242e-07,0.0,-22.077354431152344,-0.0001919323797635819
3000,-0.00015729886945337057,0.0012316573280259035,-3.6888594925403595,4.774332e-07,0.0,-9.508699417114258,-0.00020448544430067271
3200,-4.587561124935746e-05,0.0010682733205612748,-3.688859170675278,4.3570995e-07,0.0,-13.923687934875488,-0.00018684060850766572
3400,-0.00018234821618534625,0.0010005914184148424,-3.6888589918613435,5.1498415e-07,0.0,-19.74500274658203,-0.00020525045607930892
3600,0.00016027677338570356,0.0009749347460456193,-3.6888585448265077,3.0010938e-07,0.0,-10.560688018798828,-0.0001478172845827519
3800,-0.00020904463599435985,0.0007366340287262574,-3.68885817527771,4.658103e-07,0.0,-5.721597194671631,-0.000211924000021968
4000,-0.00032622431172057986,0.0007571008885861374,-3.6888565123081207,7.43866e-07,0.0,-6.180586338043213,-0.0002579324693915197
4200,1.4048433513380587e-05,0.0005686237585905473,-3.688854604959488,4.0203332e-07,0.0,-16.23280143737793,-0.00014216074786244093
4400,-0.00038745198980905116,0.0003827402782917488,-3.6888534128665924,5.146861e-07,0.0,-12.892399787902832,-0.00021559914902629095
4600,-0.0005081510753370821,0.0005167453506146558,-3.688853681087494,6.6041946e-07,0.0,-6.3430585861206055,-0.00023958797433625277
4800,-7.494539022445679e-05,0.0005603656492894516,-3.6888543128967286,4.5388938e-07,0.0,-6.903467655181885,-0.00017614193836901215
5000,3.0407129088416696e-05,0.0004784465898410417,-3.688854104280472,4.968047e-07,0.0,-18.71126365661621,-0.00017557413783912955
5200,-0.0001979555090656504,0.00040262346010422334,-3.6888539493083954,5.2928925e-07,0.0,-18.818540573120117,-0.00022296400343770894
5400,-0.00016435881843790412,0.00038626838140771725,-3.688854378461838,3.97861e-07,0.0,-10.565718650817871,-0.00015438290292177915
5600,-0.0003096608561463654,0.00044530914383358324,-3.6888542652130125,5.427003e-07,0.0,-10.070122718811035,-0.00018466304207676032
5800,-9.163003414869308e-05,0.00039351084124064075,-3.688853830099106,3.3020973e-07,0.0,-17.955886840820312,-0.00013978381513539694
6000,-0.00024132234102580696,0.000369735812273575,-3.6888526558876036,4.5329335e-07,0.0,-6.584331512451172,-0.00019204494602969023
6200,-0.00019296049140393734,0.00026002632221207024,-3.688851833343506,5.227327e-07,0.0,-6.385104656219482,-0.00021066101646010081
6400,-0.00026516072102822363,0.00045919438925920983,-3.688853532075882,4.1246412e-07,0.0,-10.647505760192871,-0.0001757700287684516
6600,-0.0004647905589081347,0.00031101724271138665,-3.6888532280921935,7.200241e-07,0.0,-7.137999534606934,-0.00023281289378558335
6800,-0.0001700780267128721,0.00034474833955755457,-3.6888518035411835,5.415082e-07,0.0,-8.799365997314453,-0.00022460149976223366
7000,-0.00044255168177187443,0.00032435925168101677,-3.6888502657413484,6.607175e-07,0.0,-10.59079360961914,-0.0002322546086665378
7200,-3.3837437513284385e-05,0.00035659505520015957,-3.688849300146103,5.289912e-07,0.0,-7.887385368347168,-0.00018828642950028396
7400,-0.00028356179245747626,0.00038940999511396515,-3.688848388195038,4.1097402e-07,0.0,-3.334825038909912,-0.0001744923122972253
7600,-0.0003241240920033306,0.0004145582526689395,-3.688847851753235,4.4614077e-07,0.0,-4.186282157897949,-0.0001816774158630796
7800,-0.0003817393153440207,0.0003593702938815113,-3.688848066329956,3.72231e-07,0.0,-3.6085662841796875,-0.00014327880784188453
8000,-0.0003470535157248378,0.0003832828442682512,-3.6888483226299287,4.5239926e-07,0.0,-5.453158378601074,-0.00017942843246518959
8200,-0.00041187211172655225,0.00030295960677904075,-3.688847082853317,4.324317e-07,0.0,-11.990141868591309,-0.0001639092116656471
8400,-0.00039563802420161664,0.00019881790485669625,-3.688846880197525,5.9694054e-07,0.0,-9.875547409057617,-0.00024564134186971787
8600,-0.0003535419818945229,0.0002534188413847005,-3.68884499669075,5.8680774e-07,0.0,-6.392422676086426,-0.0002209929224304741
8800,-0.0007346641505137086,0.00024289218636113218,-3.6888432443141936,7.1913e-07,0.0,-3.53432035446167,-0.00022932631267540414
9000,-0.0003184563247486949,0.00020051409792358753,-3.688842535018921,4.0143726e-07,0.0,-3.521651268005371,-0.00015994395245275684
9200,-0.00039276533061638474,0.00021815056516061304,-3.6888426661491396,3.6865475e-07,0.0,-8.049125671386719,-0.00018127812512001019
9400,-0.00041481220978312194,0.0002444887439196464,-3.6888417959213258,5.0276515e-07,0.0,-6.631575584411621,-0.000195671589042834
9600,-0.000354612129740417,0.000305205610129633,-3.6888412535190582,6.198883e-07,0.0,-4.489947319030762,-0.00023370557893509503
9800,-0.0004964383551850915,0.00020991104101995007,-3.6888398230075836,6.559492e-07,0.0,-6.590646743774414,-0.0002307724805555189
10000,-0.0004416631709318608,0.00018041719195025508,-3.6888395965099336,7.05421e-07,0.0,-12.69904613494873,-0.00026058106859201403
10200,-0.0007454828009940684,0.00014797587791690603,-3.6888389468193052,7.44462e-07,0.0,-10.328727722167969,-0.00030858096964427875
10400,-0.00033272424479946494,0.00022652230036328546,-3.688837540149689,4.830956e-07,0.0,-2.909123182296753,-0.0002025076143650051
10600,-0.0007360673043876886,0.00016670558998157503,-3.6888356864452363,7.596612e-07,0.0,-6.028725624084473,-0.0002699615450441062
10800,-0.00037117028841748834,0.0001672016956945299,-3.6888346910476684,5.3167344e-07,0.0,-2.954683780670166,-0.00019180178498681144
11000,-0.0005608982173725963,0.00014978706676629371,-3.688833701610565,4.8935414e-07,0.0,-4.106815814971924,-0.00020639668416171374
11200,-0.00040823034942150116,0.0001297212502322509,-3.6888327598571777,5.733967e-07,0.0,-4.774399280548096,-0.00023347662269531665
11400,-0.0004387171647977084,0.00012879718706244604,-3.688830870389938,5.248189e-07,0.0,-9.034019470214844,-0.0002063765067837231
11600,-0.00045654032146558166,0.00012365286420390476,-3.688829779624939,5.4121017e-07,0.0,-8.211313247680664,-0.00022887471965185035
11800,-0.0003622459771577269,0.00011858441366712214,-3.6888302862644196,5.0365924e-07,0.0,-6.415654182434082,-0.00019174306767831827
12000,-0.0003812515060417354,0.0001416808079738985,-3.688830870389938,4.959106e-07,0.0,-3.1150741577148438,-0.00019646353908080448
12200,-0.0006947815418243408,0.00011419448110245866,-3.688830178976059,6.5594907e-07,0.0,-4.975981712341309,-0.00022843924143027826
12400,-0.00032742874464020133,0.00010711152499425225,-3.6888283014297487,4.565716e-07,0.0,-1.1014947891235352,-0.00018006269536692266
12600,-0.0006175267626531422,0.00010917942381638568,-3.6888295352458953,8.1062313e-07,0.0,-3.3384108543395996,-0.0002464724570357957
12800,-0.000533730024471879,0.00010444703366374597,-3.688831704854965,4.8518183e-07,0.0,-2.9347119331359863,-0.00018072493978215086
13000,-0.00044351432006806135,9.93643348920159e-05,-3.688832187652588,5.3942205e-07,0.0,-2.4512674808502197,-0.00021574891475009128
13200,-0.00035872121225111187,0.00014702053940709447,-3.6888318181037905,5.1259997e-07,0.0,-2.2734646797180176,-0.00019705382019932216
13400,-0.00039702767389826477,0.0001023043975692417,-3.6888303637504576,4.2438506e-07,0.0,-4.236271381378174,-0.00016686977463404863
13600,-0.0003939493326470256,0.00012627381784113823,-3.6888290286064147,4.428625e-07,0.0,-2.6485660076141357,-0.00018822265471090115
13800,-0.00024271165602840483,0.00014670837208541343,-3.688827931880951,5.924702e-07,0.0,-1.0893585681915283,-0.00020690739143187643
14000,-0.00042062043212354183,0.00010211854496446903,-3.6888261079788207,4.655123e-07,0.0,-3.4621477127075195,-0.00018155886217983142
14200,-0.0004427770618349314,8.361361833522096e-05,-3.688822662830353,5.0723554e-07,0.0,-3.815680980682373,-0.00019753331073388836
14400,-0.0006763053243048489,7.638074221176794e-05,-3.6888203978538514,4.9978496e-07,0.0,-1.2634913921356201,-0.00020989271812958953
14600,-0.0004346150963101536,0.00010527941749387537,-3.68881995677948,4.74751e-07,0.0,-1.4327514171600342,-0.00019942850017287128
14800,-0.00034574460005387664,0.00012502765384851954,-3.6888179659843443,4.9561265e-07,0.0,-1.9330506324768066,-0.00020055121238499174
15000,-0.0006412554648704827,7.173361236709753e-05,-3.6888176560401917,6.133318e-07,0.0,-2.881938934326172,-0.0002465224076868333
15200,-0.0003963243798352778,7.668522976018721e-05,-3.6888183414936067,5.6743625e-07,0.0,-2.149571418762207,-0.00019011445333763088
15400,-0.0006154790171422064,7.932341268315212e-05,-3.6888165950775145,5.218387e-07,0.0,-1.3337492942810059,-0.00021168403481759414
15600,-0.0005702133057639003,6.212646376297925e-05,-3.6888141989707948,4.711747e-07,0.0,-1.7509944438934326,-0.00020195141281624806
15800,-0.00044645293382927775,8.62056139339984e-05,-3.688812619447708,5.4091214e-07,0.0,-2.271883964538574,-0.00023192425731191068
16000,-0.0006609198171645403,7.270259538927348e-05,-3.6888100683689116,6.16014e-07,0.0,-1.2701976299285889,-0.00025328229249317326
16200,-0.00038071145536378026,9.905843453452689e-05,-3.688811296224594,4.9710275e-07,0.0,-1.1973302364349365,-0.00022053080699269145
16400,-0.0004206028825137764,8.024678618312464e-05,-3.6888109385967254,9.277463e-07,0.0,-1.4735534191131592,-0.00032493807365426843
16600,-0.00037609622813761234,5.789142378489487e-05,-3.6888114511966705,4.8846005e-07,0.0,-2.498852491378784,-0.00020987574566913025
16800,-0.000688076252117753,5.5038328810042e-05,-3.688808709383011,4.6133994e-07,0.0,-3.916240692138672,-0.00023515602214843056
17000,-0.00040845124749466777,7.474321228073677e-05,-3.68880752325058,4.6908855e-07,0.0,-0.917127251625061,-0.00017993158123852382
17200,-0.0003471435629762709,6.0830578604509356e-05,-3.6888092398643493,4.4643883e-07,0.0,-2.788926362991333,-0.0001853660251617928
17400,-0.00041593334753997624,5.3610005306836686e-05,-3.6888091623783112,5.52535e-07,0.0,-3.262421131134033,-0.0002299101815403326
17600,-0.0004400608013384044,6.836510556240682e-05,-3.6888085186481474,5.8412553e-07,0.0,-2.3907055854797363,-0.0002408844973177171
17800,-9.937792492564768e-05,6.544356565427734e-05,-3.6888092696666717,4.8935414e-07,0.0,-1.1020166873931885,-0.0001751516324596858
18000,-0.0004064564127475023,4.964580853084044e-05,-3.6888088285923004,4.965067e-07,0.0,-2.443118095397949,-0.00020027869219325646
18200,-0.000503844756167382,6.377825584422681e-05,-3.688810235261917,4.2557718e-07,0.0,-1.8388748168945312,-0.00021516670314811748
18400,-0.0004300153814256191,5.757412263847072e-05,-3.6888081252574922,6.4998864e-07,0.0,-1.8313281536102295,-0.0002852248392064105
18600,-0.00032057170756161213,5.7554791692382426e-05,-3.6888062715530396,3.7938358e-07,0.0,-2.147404193878174,-0.00014563690173368115
18800,-0.0006209739367477596,5.817615974592627e-05,-3.688805305957794,6.017089e-07,0.0,-1.7166719436645508,-0.0002700621773478851
19000,-0.0006475720438174903,7.784955132592586e-05,-3.688803416490555,6.723404e-07,0.0,-1.0748770236968994,-0.0002558531748737991
19200,-0.0005050126346759498,6.273981780395843e-05,-3.6888021528720856,4.795194e-07,0.0,-1.156160593032837,-0.00023678969065135113
19400,1.2128740308980923e-05,5.347172223082453e-05,-3.688804340362549,3.4153464e-07,0.0,-1.7508900165557861,-0.00014310908458070593
19600,-0.00028178037609905005,5.8605613776308016e-05,-3.6888051867485045,4.9442053e-07,0.0,-1.0760717391967773,-0.00022293855312409682
19800,-0.0006610367563553154,6.175645976327359e-05,-3.688806265592575,4.902482e-07,0.0,-1.9123835563659668,-0.00021951427989643779
20000,-0.00040948844980448484,5.7562400252209044e-05,-3.688805615901947,4.658103e-07,0.0,-1.526890516281128,-0.00018080738184812485
20200,-0.00022005941718816757,6.048459972589626e-05,-3.688805174827576,5.2273276e-07,0.0,-1.3063056468963623,-0.0002457868891119652
20400,-0.0006228797137737274,5.567775306190015e-05,-3.688804793357849,6.8366523e-07,0.0,-1.4737653732299805,-0.00029656739788174455
20600,-0.0006496560527011752,5.5915994835231686e-05,-3.6888053357601165,6.559491e-07,0.0,-1.4725310802459717,-0.00025161576359317703
20800,-0.0006786262965761125,6.120691441537928e-05,-3.6888060450553892,6.952881e-07,0.0,-0.7954617738723755,-0.00030145353032127173
21000,-0.0005105618620291352,5.643296963171451e-05,-3.6888069450855254,4.5865772e-07,0.0,-1.8900885581970215,-0.00022428993108467577
21200,-0.0005135744577273726,7.240848217406892e-05,-3.6888058841228486,5.319714e-07,0.0,-0.6140155792236328,-0.00021713118441653024
21400,-0.0007885575178079307,6.534621315950062e-05,-3.6888057708740236,7.3075296e-07,0.0,-1.443373441696167,-0.0002547487326099773
21600,-0.0007185769500210881,5.553456803681911e-05,-3.688807135820389,5.3584574e-07,0.0,-1.3547000885009766,-0.0002391232685654332
21800,-0.0003186516696587205,5.793932587039308e-05,-3.6888071835041045,3.6537648e-07,0.0,-1.1186070442199707,-0.00015874924531802392
22000,-0.00044143927516415715,5.1016940187764706e-05,-3.6888067007064818,4.3451786e-07,0.0,-2.215486764907837,-0.00020786021718230963
22200,-0.0005736005259677768,5.677481731254374e-05,-3.688806360960007,3.9070846e-07,0.0,-1.7726294994354248,-0.00020179036175307363
22400,-0.0001134998892666772,5.5712857192702356e-05,-3.688805079460144,5.0723554e-07,0.0,-1.4160423278808594,-0.00020070482853977721
22600,-0.0004779021255671978,5.9752980996563564e-05,-3.6888042986392975,6.8217514e-07,0.0,-1.4823029041290283,-0.0002750080741279803
22800,-0.0005689808749593794,4.864581396759604e-05,-3.688803416490555,6.109476e-07,0.0,-1.663546085357666,-0.0002750933219887175
23000,-0.0003477593418210745,9.224332570738625e-05,-3.68880410194397,4.8577783e-07,0.0,-0.6118717193603516,-0.000202363342918499
23200,-0.0006902435561642051,4.0470044677931585e-05,-3.688805031776428,4.9352644e-07,0.0,-2.8240323066711426,-0.00022886741278220767
23400,-0.000656203250400722,7.230689470816287e-05,-3.688804215192795,7.1793795e-07,0.0,-1.2118873596191406,-0.0002960303856857749
23600,-0.0001617498492123559,5.374799393393914e-05,-3.6888052105903624,4.4047835e-07,0.0,-1.0505385398864746,-0.00015844514916718566
23800,-0.0004077522607985884,6.809424512539408e-05,-3.6888064801692964,5.078316e-07,0.0,-1.0815699100494385,-0.00025202434013502637
24000,-0.00045650661922991276,4.66433815745404e-05,-3.6888071298599243,5.0723554e-07,0.0,-1.8496904373168945,-0.0002360024754628043
24200,-0.00042529398342594504,6.165627573864185e-05,-3.688804346323013,4.4167044e-07,0.0,-1.6297636032104492,-0.00019217413719729848
24400,-0.0006313869380392134,8.015567846086924e-05,-3.688801735639572,6.744266e-07,0.0,-0.641616702079773,-0.00026329921394130373
24600,-0.0005395393236540258,6.974063226152793e-05,-3.6888000905513763,5.9694054e-07,0.0,-1.3772778511047363,-0.0002907060394331751
24800,-0.000366777996532619,4.769077618220763e-05,-3.6887979745864867,4.3213367e-07,0.0,-1.9134416580200195,-0.0002129720147999059
25000,-0.0004940250655636191,6.248956451599952e-05,-3.6887965977191923,5.0991775e-07,0.0,-1.5255820751190186,-0.00022649555103544384
25200,-0.0006208489066921175,6.557591814271291e-05,-3.6887932419776917,6.312132e-07,0.0,-1.0101439952850342,-0.0002695333661395516
25400,-0.00053775729611516,5.7846603613143086e-05,-3.688792830705643,5.081296e-07,0.0,-0.7561988830566406,-0.00023090529613227772
25600,-0.00025343973538838327,5.596221471932949e-05,-3.6887903034687044,5.4359435e-07,0.0,-1.7485058307647705,-0.00024934205089687244
25800,-0.0005803839885629714,5.60914332709217e-05,-3.688789910078049,4.7445297e-07,0.0,-1.5458054542541504,-0.00021693579650423623
26000,-0.00041742040775716305,4.564680475596106e-05,-3.6887894690036775,4.61936e-07,0.0,-1.412945032119751,-0.0002186820965166536
26200,-0.0005881139077246189,7.290908151844633e-05,-3.6887842178344727,6.2465665e-07,0.0,-1.007347583770752,-0.0002902605164971206
26400,-0.0005845050909556448,4.674650635934085e-05,-3.688781958818436,4.5895575e-07,0.0,-1.832981824874878,-0.00018976761294280385
26600,-0.0005693390849046409,7.273716792042251e-05,-3.688780868053436,5.0574545e-07,0.0,-0.8851064443588257,-0.00022850451638720682
26800,-0.00044462151709012687,4.0960850992632916e-05,-3.688784885406494,4.7683716e-07,0.0,-1.591322660446167,-0.00020393062960737395
27000,-0.0004375010612420738,4.995694084755087e-05,-3.688785046339035,6.264448e-07,0.0,-1.5090305805206299,-0.00024291194952184015
27200,-0.0004993471084162593,4.639421294996282e-05,-3.688786506652832,6.222725e-07,0.0,-1.6202075481414795,-0.00025979349037279497
27400,-0.00016572099411860108,4.996081352146575e-05,-3.6887870490550996,5.543232e-07,0.0,-1.3419160842895508,-0.0002089958781998469
27600,-0.0003219240461476147,7.903440400696127e-05,-3.688787055015564,4.348159e-07,0.0,-0.872543215751648,-0.0001770274347398737
27800,-0.0008039652602747083,5.893496063436032e-05,-3.688786345720291,5.865097e-07,0.0,-1.1985070705413818,-0.0002619562683080945
28000,-0.0006522420444525778,5.2934692030248696e-05,-3.6887860715389253,7.840991e-07,0.0,-1.0757794380187988,-0.00027117177584410344
28200,-0.0004335696285124868,4.366193297755672e-05,-3.688784605264664,4.118681e-07,0.0,-2.389786958694458,-0.00018383584905450333
28400,-0.0005708993412554264,5.122048091834586e-05,-3.688784784078598,6.657839e-07,0.0,-1.675910234451294,-0.0002605973698800668
28600,-0.0006277697393670678,6.826443450336228e-05,-3.6887856781482697,5.617738e-07,0.0,-1.076277494430542,-0.00026682206982000525
28800,-0.00041588954627513885,4.8842864634934814e-05,-3.688787317276001,5.829334e-07,0.0,-2.328094959259033,-0.0002199787351614746
29000,-0.0008379852515645325,5.0796032019206906e-05,-3.68878755569458,7.113814e-07,0.0,-1.0150907039642334,-0.00030237428978807657
29200,-0.0007339147268794477,4.8079571570269763e-05,-3.6887860894203186,5.2660704e-07,0.0,-1.3632245063781738,-0.0002188278735403615
29400,-0.0006454173126257956,5.9255570704408456e-05,-3.688785654306412,6.362796e-07,0.0,-1.6458277702331543,-0.0002487857802063287
29600,-0.000528672244399786,6.156643066788093e-05,-3.6887863874435425,5.432963e-07,0.0,-1.1349239349365234,-0.00023065409876061872
29800,-0.00043897877912968397,5.431213648989797e-05,-3.688786619901657,5.4776666e-07,0.0,-1.143803358078003,-0.0002427496178283417
30000,-0.00042598776053637266,5.125079396748333e-05,-3.688786858320236,3.9428474e-07,0.0,-1.6654620170593262,-0.0001975875330495924
30200,-0.0004355070705059916,7.696275661146501e-05,-3.688785529136658,6.68168e-07,0.0,-0.5265663862228394,-0.0002565583902942148
30400,-0.00032691488740965724,5.215354090069013e-05,-3.6887837946414948,6.428361e-07,0.0,-1.3154747486114502,-0.00025154729192717885
30600,-0.0010247640311717987,4.6616026793344645e-05,-3.688782435655594,8.0853704e-07,0.0,-0.9460364580154419,-0.00030065353834378693
30800,-0.00044122894178144634,5.123546470713336e-05,-3.688780152797699,5.9187414e-07,0.0,-0.7719875574111938,-0.0002293411954394753
31000,-0.00047289259964600205,5.7478763937979235e-05,-3.688780426979065,4.3928623e-07,0.0,-1.4926519393920898,-0.00021223787994393284
31200,-0.0005696451407857239,7.003618557064329e-05,-3.6887811958789825,4.7922134e-07,0.0,-1.0795609951019287,-0.00022802010231632864
31400,-0.0007359398296102881,6.12120503319602e-05,-3.688781213760376,6.341934e-07,0.0,-0.8325889110565186,-0.0003140682877520007
31600,-0.0004874747828580439,4.8835929737833796e-05,-3.688780575990677,4.5031308e-07,0.0,-2.0364232063293457,-0.0001954954194319125
31800,-0.0004827317607123405,6.146175828689593e-05,-3.6887797117233276,4.479289e-07,0.0,-1.1187920570373535,-0.00019641113288662026
32000,-0.0005713096470572054,4.487820674512477e-05,-3.688780903816223,4.5865775e-07,0.0,-2.0437560081481934,-0.00017809759957798654
32200,-0.0005696966545656323,4.651351559914474e-05,-3.6887800872325895,6.639958e-07,0.0,-1.9216017723083496,-0.00024430766702290276
32400,-0.0004074574098922312,4.10521923640772e-05,-3.6887776255607605,5.9872866e-07,0.0,-2.658113718032837,-0.00027356991830129187
32600,-0.0003748726157937199,4.822072851311532e-05,-3.688775873184204,5.1856046e-07,0.0,-2.0006895065307617,-0.00021626881351171078
32800,-0.0005725820083171129,5.6214017877209696e-05,-3.68877295255661,6.237626e-07,0.0,-1.1998693943023682,-0.00023700766271906592
33000,-0.0003051882958970964,5.578171230808948e-05,-3.688768023252487,6.306172e-07,0.0,-1.3605883121490479,-0.00025623006403270864
33200,-0.0004460661148186773,4.869063668593299e-05,-3.688765400648117,6.66976e-07,0.0,-1.4558229446411133,-0.0002583317534075591
33400,-0.0005412210011854768,6.386824898072519e-05,-3.6887664258480073,5.2243473e-07,0.0,-0.9438096284866333,-0.0002284947934992898
33600,-0.0006358472164720297,7.577681644761469e-05,-3.6887677371501923,5.4895884e-07,0.0,-0.6879143714904785,-0.0002319028003741952
33800,-0.00011892305337823927,5.690373791367165e-05,-3.6887710094451904,5.4687257e-07,0.0,-0.868101954460144,-0.00020548681990613106
34000,-0.0003420145658310503,6.0735396527888955e-05,-3.688772904872894,3.6358833e-07,0.0,-1.0433707237243652,-0.00016914336412083842
34200,-0.0003603848163038492,5.3603754440700865e-05,-3.688775783777237,4.3600798e-07,0.0,-1.1499571800231934,-0.00020361182093946438
34400,-0.0004736792470794171,4.1908617004082774e-05,-3.688775634765625,5.203486e-07,0.0,-1.395681381225586,-0.00024149462858542582
34600,-0.0006257797358557582,8.945461304392666e-05,-3.688774400949478,5.787611e-07,0.0,-0.514022707939148,-0.0002698012894707169
34800,-0.0005767062539234757,4.7656315291533244e-05,-3.6887751281261445,4.4971705e-07,0.0,-1.4718101024627686,-0.00022623240853272275
35000,-0.000612526317127049,4.4539154805534055e-05,-3.688773012161255,6.1988834e-07,0.0,-1.1575212478637695,-0.00024197705321148398
35200,-0.0005321290227584541,5.407031612776336e-05,-3.6887691795825956,4.6998264e-07,0.0,-1.3341388702392578,-0.00020282391415640255
35400,-0.0004227006866130978,7.946746827656171e-05,-3.688767337799072,4.48823e-07,0.0,-0.4389686584472656,-0.00020751490818042838
35600,-0.0003023895260412246,4.7424654258065854e-05,-3.6887655735015867,3.5196544e-07,0.0,-2.008491039276123,-0.00018866698940996906
35800,-0.0005007482832297683,3.922082460121601e-05,-3.68876473903656,3.9368868e-07,0.0,-1.8942677974700928,-0.00015739626423691977
36000,-0.0005792908486910164,6.736323948643985e-05,-3.6887643694877625,5.8591365e-07,0.0,-0.6949182748794556,-0.00023935775446171093
36200,-0.0006034862017259002,6.327325527308859e-05,-3.6887625813484193,4.914403e-07,0.0,-0.37515294551849365,-0.0002447124779425769
36400,-0.0003818496479652822,4.393004587655014e-05,-3.68876331448555,4.6908855e-07,0.0,-2.5501837730407715,-0.0001920383862652697
36600,-0.00041369660175405443,9.631195271140314e-05,-3.68876051902771,5.483627e-07,0.0,-0.5862076282501221,-0.00024342818603736437
36800,-0.0006912716780789196,4.760927185998298e-05,-3.6887563288211824,6.625056e-07,0.0,-1.8327686786651611,-0.0002769240586471877
37000,-0.0005013166228309274,4.947255947627127e-05,-3.688751441240311,5.349517e-07,0.0,-1.5426428318023682,-0.00022829669580577417
37200,-0.00034519738983362913,7.501221507482115e-05,-3.688751310110092,4.7922134e-07,0.0,-0.4667396545410156,-0.00022553603053978576
37400,-0.00035776689765043557,7.349130337388487e-05,-3.688751584291458,4.4316053e-07,0.0,-0.4427821636199951,-0.0001906689701883124
37600,-0.0009973454289138317,6.080406574255903e-05,-3.688750147819519,7.6889995e-07,0.0,-0.8322345018386841,-0.00031392637578938064
37800,-0.0006989233661442995,6.134587429187376e-05,-3.6887475728988646,6.446242e-07,0.0,-0.8953843116760254,-0.00029087382399075603
38000,-0.0005944821168668568,5.596251494353055e-05,-3.6887481272220612,5.286932e-07,0.0,-0.9931013584136963,-0.00021178862477739814
38200,-0.0005803154199384153,7.107098317646888e-05,-3.6887480199337004,7.0691107e-07,0.0,-0.7731612920761108,-0.00025720438374901013
38400,-0.00031504634534940124,4.980657945452549e-05,-3.688749593496323,4.10974e-07,0.0,-1.2277209758758545,-0.00019894074091848514
38600,-0.0007857609307393432,4.417530981299933e-05,-3.68874831199646,4.991889e-07,0.0,-1.6335737705230713,-0.0002544215550901674
38800,-0.0005783740198239684,4.99193637551798e-05,-3.688748615980148,5.280972e-07,0.0,-1.6850619316101074,-0.00023436892730592794
39000,-0.0004715476534329355,4.3931597065238745e-05,-3.688749170303345,5.9187414e-07,0.0,-1.0967583656311035,-0.00025020927986650897
39200,-0.0004215678491163999,5.1416332917142425e-05,-3.6887505769729616,3.3795834e-07,0.0,-0.7511506080627441,-0.00014830800941334488
39400,-0.0005310610285960138,5.42285720257496e-05,-3.6887479543685915,4.36008e-07,0.0,-0.9136049747467041,-0.00022257933407967556
39600,-0.0004583306726999581,4.217654382046021e-05,-3.688745892047882,3.629923e-07,0.0,-2.2964797019958496,-0.00017860233720012886
39800,-0.0004051756113767624,5.70607687222946e-05,-3.688742661476135,5.9515236e-07,0.0,-0.805505633354187,-0.0002466354657493619
40000,-0.0004005891678389162,4.368007421362563e-05,-3.6887423574924467,4.732609e-07,0.0,-1.6697659492492676,-0.00016849367296920548
40200,-0.00035265376209281385,4.812726947420742e-05,-3.6887410163879393,4.437566e-07,0.0,-1.0219874382019043,-0.00018667885066747658
40400,-0.0003403113514650613,5.6882007174863244e-05,-3.688740199804306,5.9783457e-07,0.0,-0.6538881063461304,-0.00027962565398862436
40600,-0.0006009353091940284,3.979630355388508e-05,-3.6887390673160554,5.102158e-07,0.0,-1.548128366470337,-0.00023092664807147222
40800,-0.0006116781732998788,4.238595106471621e-05,-3.688739460706711,4.7564507e-07,0.0,-1.986584186553955,-0.00021466033194510458
41000,-0.0005593766109086573,7.265633421411621e-05,-3.6887426018714904,4.866719e-07,0.0,-0.4015151262283325,-0.00020780906015409605
41200,-0.00040626435657031834,4.976440341124544e-05,-3.6887399911880494,5.811453e-07,0.0,-1.5081069469451904,-0.00021227528263194627
41400,-0.00043643219396471977,4.0155541228159564e-05,-3.688741421699524,5.623698e-07,0.0,-1.3549201488494873,-0.00024988913521838406
41600,-0.0005042304401285946,5.31111353666347e-05,-3.688742387294769,7.453561e-07,0.0,-0.8270392417907715,-0.0002758695802924649
41800,-0.0007089372957125306,4.877963820035802e-05,-3.688743543624878,7.212162e-07,0.0,-0.5874226093292236,-0.00028173956500472387
42000,-0.0006784810102544725,4.7865081705822375e-05,-3.6887390971183778,5.024672e-07,0.0,-1.0643947124481201,-0.0002307524523438076
42200,-0.0004313100653234869,5.3585521527566016e-05,-3.6887378215789797,5.078316e-07,0.0,-0.7520335912704468,-0.0002193315277537522
42400,-0.0004216817033011466,5.7798366015049396e-05,-3.6887364089488983,4.3153764e-07,0.0,-0.7699016332626343,-0.0002079424464012547
42600,-0.00032314902637153864,4.0854727831174384e-05,-3.688737988471985,4.0113926e-07,0.0,-1.7382774353027344,-0.00017241439561050954
42800,-0.0003893885877914727,4.596475837388425e-05,-3.688737279176712,4.285574e-07,0.0,-1.1684577465057373,-0.00022410078350141305
43000,-0.0008269356330856681,4.596408734869328e-05,-3.6887351632118226,8.130073e-07,0.0,-1.5071332454681396,-0.0002648974358318235
43200,-0.0005563769373111427,5.223974594628089e-05,-3.688739091157913,5.5015084e-07,0.0,-0.9366469383239746,-0.0002573574644928467
43400,-0.0001855346345109865,4.32234080562921e-05,-3.6887385487556457,4.6133997e-07,0.0,-2.892335891723633,-0.00019828493907336764
43600,-0.0004127497668378055,6.488420267487527e-05,-3.6887365996837618,5.0216914e-07,0.0,-0.3054732084274292,-0.00022069574672514136
43800,-0.00036105772596783936,3.6863202149106654e-05,-3.6887342810630797,3.72231e-07,0.0,-2.284259796142578,-0.00013482596739448072
44000,-0.0006225830875337124,3.600081417971523e-05,-3.6887351095676424,5.00679e-07,0.0,-1.982785701751709,-0.00023445486953597162
44200,-0.00034351134672760963,6.26773658041202e-05,-3.68873615860939,6.03199e-07,0.0,-0.5389076471328735,-0.0002525630452992145
44400,-0.0007890861015766859,4.6227234815887644e-05,-3.6887353658676147,6.8485735e-07,0.0,-1.263211965560913,-0.0002723536787361702
44600,-0.0008447264553979039,4.571809968183516e-05,-3.6887366831302644,6.997585e-07,0.0,-1.0176975727081299,-0.00027099302221791357
44800,-0.00037681852700188756,6.265375395742012e-05,-3.6887349009513857,4.884601e-07,0.0,-0.7012937068939209,-0.00021317236130418137
45000,-0.0005625232588499784,5.7810251746559516e-05,-3.6887358129024506,5.8412553e-07,0.0,-0.96590256690979,-0.00023269750181180714
45200,-0.0005784945096820593,5.383800844356301e-05,-3.6887355148792267,4.87566e-07,0.0,-0.9392591714859009,-0.0002140165415869255
45400,-0.0006180999334901571,4.529467851170921e-05,-3.688733071088791,5.6564807e-07,0.0,-1.1864824295043945,-0.00023947942828089763
45600,-0.0005317253526300192,4.155461915615888e-05,-3.6887330949306487,6.5177676e-07,0.0,-0.988792896270752,-0.0002657338398732945
45800,-0.0002873323392122984,3.790428263528156e-05,-3.688730078935623,4.61936e-07,0.0,-2.258753538131714,-0.0002037010338920009
46000,-0.00016983694513328373,6.068375314498553e-05,-3.6887261033058167,4.6432018e-07,0.0,-0.8113389015197754,-0.00022994823837143574
46200,-0.0003557591116987169,4.184208264632616e-05,-3.688726764917374,5.8472153e-07,0.0,-0.7379031181335449,-0.00023851965284569233
46400,-0.00044167396845296025,6.722816160618095e-05,-3.688730651140213,3.0368565e-07,0.0,-0.3266869783401489,-0.00014530849404117418
46600,-0.0002751716529019177,4.007380703114904e-05,-3.688733834028244,5.1558015e-07,0.0,-2.2464146614074707,-0.00020523586325074116
46800,-0.0003876347909681499,6.155852106530802e-05,-3.688735580444336,4.339218e-07,0.0,-0.42777740955352783,-0.0002033482643272855
47000,-0.0004437864990904927,5.2126545233477374e-05,-3.6887337148189543,5.26309e-07,0.0,-0.8776135444641113,-0.00020287445279609795
47200,-0.0006923002656549215,4.952785457135178e-05,-3.6887315571308137,7.456541e-07,0.0,-0.7805323600769043,-0.0003206886800962927
47400,-0.00042883597780019045,3.976273228545324e-05,-3.688732218742371,3.8683413e-07,0.0,-1.47920560836792,-0.00018542388852438307
47600,-0.0003985500952694565,5.804405218441388e-05,-3.6887316405773163,4.6640636e-07,0.0,-1.0040156841278076,-0.00020567531916630412
47800,-0.0006227249978110194,4.526624561549397e-05,-3.6887264370918276,4.440546e-07,0.0,-1.14579176902771,-0.0001886595635401056
48000,-0.0006662458181381226,3.731737187990802e-05,-3.688724082708359,6.1810016e-07,0.0,-1.30281662940979,-0.00024437492162832086
48200,-0.00047455771709792316,4.343540331319673e-05,-3.6887229323387145,3.775954e-07,0.0,-0.5726830959320068,-0.0001837975073838205
48400,-0.0005108938785269856,6.0066510377509986e-05,-3.6887186050415037,5.0008293e-07,0.0,-0.5872961282730103,-0.00019421614716748082
48600,-0.0005675395368598402,5.643811518893926e-05,-3.6887194216251373,4.9889087e-07,0.0,-0.5340536832809448,-0.00021440863332822246
48800,-0.0005306790699250996,4.56850944829057e-05,-3.688718241453171,6.100535e-07,0.0,-0.8721194267272949,-0.00027932679515720873
49000,-0.0003894733381457627,5.285833412926877e-05,-3.68872110247612,5.0991775e-07,0.0,-0.42305076122283936,-0.00022309908277997614
49200,-0.0006455624243244529,4.489257803470536e-05,-3.6887177169322967,4.735589e-07,0.0,-0.6527895927429199,-0.00022843874217222117
49400,-0.00045628793304786086,5.0411048368914636e-05,-3.6887133181095124,5.8829784e-07,0.0,-1.341252088546753,-0.00024526198980150403
49600,-0.0002740700729191303,4.551325168904441e-05,-3.688710254430771,4.4196844e-07,0.0,-0.8270769119262695,-0.00021402029795893895
49800,-0.0005224058986641467,6.250280712265522e-05,-3.688707762956619,6.017089e-07,0.0,-0.7175003290176392,-0.00023179207221892816
50000,-0.0004528986755758524,4.243612879690772e-05,-3.6887094259262083,4.0739775e-07,0.0,-1.332136631011963,-0.00018344913397050355
50200,-0.0003279391094110906,3.3354081733705246e-05,-3.688707321882248,4.7922134e-07,0.0,-2.156057596206665,-0.00020483343204227288
50400,-0.0003909894439857453,4.0941037605080054e-05,-3.6887099385261535,5.349517e-07,0.0,-0.8689948320388794,-0.00021399912296419244
50600,-0.0006438525742851198,4.416188035065716e-05,-3.688710981607437,6.771088e-07,0.0,-0.9018526077270508,-0.00027994210029804736
50800,-0.0005766557296738029,3.954729845645488e-05,-3.6887104332447054,5.7995317e-07,0.0,-1.1837284564971924,-0.00024268393262036892
51000,-0.00045439600944519043,4.46111944711447e-05,-3.6887133419513702,4.118681e-07,0.0,-1.2740514278411865,-0.00020549191542307277
51200,-0.00039965668111108243,5.362475185393123e-05,-3.6887140035629273,5.3316353e-07,0.0,-0.7217158079147339,-0.0002299825995445204
51400,-0.0003480788436718285,5.534326173801673e-05,-3.688714462518692,4.3928623e-07,0.0,-0.9403189420700073,-0.00021934749332354065
51600,-0.0003792750649154186,3.924934321730689e-05,-3.6887150347232818,4.413724e-07,0.0,-1.673887014389038,-0.00017710766196106232
51800,-0.00041798854363150895,3.752814618565026e-05,-3.6887154042720796,4.5537948e-07,0.0,-1.5232419967651367,-0.00019469491521022507
52000,-0.0007277745753526688,4.80856200283597e-05,-3.6887129843235016,5.25415e-07,0.0,-1.1366591453552246,-0.0002466817671024746
52200,-0.00028127722907811403,3.372886335455405e-05,-3.6887160360813143,4.4405462e-07,0.0,-2.124905586242676,-0.00020426306982175292
52400,-0.0004441871424205601,4.511300644480798e-05,-3.688714587688446,5.811453e-07,0.0,-0.7359192371368408,-0.0002590070977618097
52600,-0.00047420422197319567,5.410422763816314e-05,-3.688712644577026,4.646182e-07,0.0,-0.6681702136993408,-0.0002144903913227858
52800,-0.00045101571595296264,5.1582765627244954e-05,-3.6887112081050875,6.0886146e-07,0.0,-0.7363924980163574,-0.00024069830779533953
53000,-0.0003511242102831602,5.102308032292058e-05,-3.688707262277603,4.6908855e-07,0.0,-0.7152162790298462,-0.00020448395640095817
53200,-0.0006826345343142748,3.36465022428456e-05,-3.6887048363685606,5.972385e-07,0.0,-2.8253026008605957,-0.00027107210405279413
53400,-0.00028618297073990107,3.484971757643507e-05,-3.6887024700641633,4.61936e-07,0.0,-1.3874526023864746,-0.0001888494488239356
53600,-0.0005169346695765853,3.2307687206412083e-05,-3.68870187997818,4.0769578e-07,0.0,-1.3717732429504395,-0.00019971395935534098
53800,-0.0006888299831189215,4.870921848123544e-05,-3.68870085477829,7.665157e-07,0.0,-0.8895667791366577,-0.00026237869175189666
54000,-0.0006085489876568317,4.5104294304110224e-05,-3.688698559999466,6.1899425e-07,0.0,-0.9727871417999268,-0.00026851050187087777
54200,-0.0006770871113985777,9.634821490180911e-05,-3.6886990427970887,5.540251e-07,0.0,-0.19436931610107422,-0.00023369501499450606
54400,-0.0007117589120753109,3.819283565462683e-05,-3.688700723648071,6.2584877e-07,0.0,-1.512958288192749,-0.0002527889541940498
54600,-0.0003498446603771299,4.127729093852395e-05,-3.6887058556079864,2.7000905e-07,0.0,-0.9171261787414551,-0.00015026519572836072
54800,-0.0004977171192876995,4.453837627806934e-05,-3.6887046217918398,6.03497e-07,0.0,-0.988662600517273,-0.0002623959054732228
55000,-0.0005970032652840018,4.883681131104822e-05,-3.6887005031108857,5.364418e-07,0.0,-0.7639540433883667,-0.00022499284437054178
55200,-0.00041556524229235947,4.997046144126216e-05,-3.6886993527412413,5.2809713e-07,0.0,-0.5735191106796265,-0.00023204456176406651
55400,-0.00028698076494038105,4.2866229159699286e-05,-3.6887003242969514,4.1157006e-07,0.0,-1.2103450298309326,-0.00018968553648597287
55600,-0.00023445156693924218,3.824243035523978e-05,-3.6886994779109954,4.1395427e-07,0.0,-0.8604953289031982,-0.00018299428630608183
55800,-0.0007275324314832687,3.990378809248796e-05,-3.688704937696457,4.595518e-07,0.0,-0.8383467197418213,-0.00022693256602899226
56000,-0.0006572543061338365,3.530668059283926e-05,-3.688708746433258,6.0468915e-07,0.0,-1.318716049194336,-0.00026991560788107715
56200,-0.00037549572880379856,6.000732873872039e-05,-3.6887087225914,4.9054626e-07,0.0,-0.5038532018661499,-0.00018893444580345698
56400,-0.00039053388172760606,3.5594942619354694e-05,-3.6887051105499267,4.8577783e-07,0.0,-1.352477788925171,-0.00021185162799541857
56600,-0.000567690294701606,4.58475058167096e-05,-3.688698935508728,5.2571295e-07,0.0,-0.7183067798614502,-0.00023881395943172734
56800,-0.0006160771590657532,4.621824073183234e-05,-3.6886956989765167,4.5716763e-07,0.0,-0.6012718677520752,-0.0002086069350955233
57000,-0.00028020862373523414,4.4988720628680315e-05,-3.68869833946228,4.711747e-07,0.0,-0.6120785474777222,-0.00020332204194029035
57200,-0.0004115577903576195,4.105945417904877e-05,-3.6886924684047697,4.1395424e-07,0.0,-0.8404685258865356,-0.0001662031346616022
57400,-0.000483881012769416,5.370676562961307e-05,-3.688686716556549,4.273653e-07,0.0,-0.25417959690093994,-0.00015790475957349058
57600,-0.0009472145466133952,2.827358252943668e-05,-3.6886824429035188,7.6442956e-07,0.0,-3.4052414894104004,-0.0003680843184197369
57800,-0.000393594236811623,4.89087482492323e-05,-3.688680666685104,4.1693448e-07,0.0,-0.31037795543670654,-0.00018586521721022375
58000,-0.0007261605933308601,4.572904585984361e-05,-3.688676118850708,7.4416397e-07,0.0,-0.8426378965377808,-0.0002842317530675098
58200,-0.0007463821675628424,6.0155615483381555e-05,-3.6886744678020476,6.0111284e-07,0.0,-0.6616307497024536,-0.0002499633226814346
58400,-0.0007094264146871865,4.366796069916745e-05,-3.6886727035045626,6.3180926e-07,0.0,-0.895665168762207,-0.0003023679157347026
58600,-0.0007166539435274899,4.3945613697360386e-05,-3.688666045665741,7.7694654e-07,0.0,-0.6268765926361084,-0.0002602875687161887
58800,-0.0003676179621834308,4.4028147976860053e-05,-3.6886627674102783,6.005168e-07,0.0,-0.5522071123123169,-0.0002265166208649916
59000,-0.0006055310368537903,4.008366427115107e-05,-3.688659930229187,5.751848e-07,0.0,-0.42012929916381836,-0.0002635433108224561
59200,-0.0005382121307775378,3.851581222988898e-05,-3.6886574804782866,6.4939263e-07,0.0,-0.7543883323669434,-0.0002812244289098098
59400,-0.0006319535314105451,3.538272467267234e-05,-3.6886552393436434,4.4494868e-07,0.0,-1.2484562397003174,-0.00020397774947833458
59600,-0.000456937646958977,4.321647184042376e-05,-3.688658517599106,7.852912e-07,0.0,-1.0337271690368652,-0.0002890518910580675
59800,-0.00045442464761435986,4.120666862945654e-05,-3.688657891750336,4.5001508e-07,0.0,-0.44713878631591797,-0.00020831471709674697
60000,-0.0003270054003223777,6.029727355780778e-05,-3.688658130168915,5.9604645e-07,0.0,-0.36578404903411865,-0.00022735476206365847
60200,-0.0004315933911129832,4.7687926235084886e-05,-3.6886592388153074,6.741285e-07,0.0,-0.7961912155151367,-0.0002267657738716622
60400,-0.00031178665813058615,3.4405255155434135e-05,-3.688660281896591,4.6372412e-07,0.0,-1.3107643127441406,-0.00021774007438559728
60600,-0.00033644959330558777,3.40328926085931e-05,-3.688660901784897,3.376603e-07,0.0,-0.9459192752838135,-0.0001628535090077321
60800,-0.000443904718849808,6.13942819654767e-05,-3.688653367757797,3.4689904e-07,0.0,-0.431652307510376,-0.0001740521791637084
61000,-0.0005675531574524939,3.335161109134788e-05,-3.688655787706375,4.3779613e-07,0.0,-1.1945838928222656,-0.0002221479395583703
61200,-0.00039713698788546026,4.3364391376599085e-05,-3.688648360967636,5.1736833e-07,0.0,-0.5403978824615479,-0.00026932652862388107
61400,-0.0006678270292468369,2.8474027294578265e-05,-3.6886401891708376,8.741021e-07,0.0,-1.2379534244537354,-0.00033892547884102343
61600,-0.0005372954183258116,3.343145540384285e-05,-3.6886334657669066,6.902218e-07,0.0,-1.2864363193511963,-0.0002712176749953388
61800,-0.00043517776066437364,4.651682816074754e-05,-3.688631463050842,6.335973e-07,0.0,-0.45773637294769287,-0.0002434319710349575
62000,-0.0006672408198937774,5.8060007904714436e-05,-3.68863263130188,5.185604e-07,0.0,-0.5236023664474487,-0.0002289012508853716
62200,-0.0002968310145661235,3.332297237648163e-05,-3.688636374473572,4.905462e-07,0.0,-1.3837509155273438,-0.00019394761951485595
62400,-0.0007073980523273349,4.6456888367174545e-05,-3.688629949092865,7.7694654e-07,0.0,-0.8241995573043823,-0.0003295845092325167
62600,-0.00039029851905070245,3.296338854852365e-05,-3.6886270523071287,4.053116e-07,0.0,-1.0287656784057617,-0.00019443889383432555
62800,-0.00031387523631565273,4.594340671246755e-05,-3.6886286318302153,5.2601104e-07,0.0,-0.6036267280578613,-0.00021293871914993546
63000,-0.0007052593864500523,3.963732465308567e-05,-3.688630622625351,6.1124564e-07,0.0,-0.887597918510437,-0.00026987788820678207
63200,-0.000399868527892977,4.192480178062396e-05,-3.6886340141296388,4.2319294e-07,0.0,-0.4350348711013794,-0.0001668255182612377
63400,-0.00043500715401023626,3.546698039826879e-05,-3.68863240480423,4.649162e-07,0.0,-0.7918272018432617,-0.000194466941018967
63600,-0.00040235352935269475,3.6194248377796614e-05,-3.688640868663788,5.0902366e-07,0.0,-0.5397505760192871,-0.00021781314866200496
63800,-0.000560457818210125,3.5562445873438264e-05,-3.6886434257030487,5.0306323e-07,0.0,-0.7028181552886963,-0.00022531544519188706
64000,-0.00042032828787341714,2.9210923958089553e-05,-3.6886398553848267,5.018711e-07,0.0,-1.138582706451416,-0.00021656470952438056
64200,-0.0005098410183563828,5.343077627912862e-05,-3.688645601272583,4.6908855e-07,0.0,-0.3826870918273926,-0.00020878519329436962
64400,-0.00060835643671453,4.9453515475761375e-05,-3.688644731044769,5.233288e-07,0.0,-0.5350160598754883,-0.00024532341311396256
64600,-0.0006835906533524394,4.401027117637568e-05,-3.6886414527893066,7.2449444e-07,0.0,-0.6781067848205566,-0.000289812059998118
64800,-0.0005602681776508689,3.693387911880563e-05,-3.6886364996433256,6.0260294e-07,0.0,-0.5862071514129639,-0.00021860706701160026
65000,-0.0003915761481039226,4.049786643918196e-05,-3.688634079694748,4.5120714e-07,0.0,-0.8510944843292236,-0.00017838553373592526
65200,-0.0005305613740347326,3.436635984144232e-05,-3.6886388659477234,3.9607286e-07,0.0,-0.7238540649414062,-0.00018203111542038907
65400,-0.0005767036345787346,3.302891072962666e-05,-3.6886390507221223,8.109212e-07,0.0,-1.2734272480010986,-0.00030925616746069196
65600,-0.0004366065841168165,5.1366125808272046e-05,-3.6886388540267943,8.1032516e-07,0.0,-0.7255306243896484,-0.00029632711621024876
65800,-0.000688270665705204,7.33213270905253e-05,-3.6886428356170655,5.239248e-07,0.0,-0.2942758798599243,-0.0002660535285545329
66000,-0.000528571312315762,9.329885378974722e-05,-3.6886377573013305,6.9260597e-07,0.0,-0.20822405815124512,-0.00027770142186840375
66200,-0.00038256077095866203,5.7951292546931654e-05,-3.6886343002319335,6.8217514e-07,0.0,-0.15300679206848145,-0.0002621705017343379
66400,-0.0005806437693536282,3.887907078024e-05,-3.688627165555954,5.078316e-07,0.0,-0.695955753326416,-0.00020332014464647942
66600,-0.00048246324877254665,4.926450319544529e-05,-3.6886289715766907,4.205108e-07,0.0,-0.5753300189971924,-0.00018725822888048248
66800,-0.000657436263281852,2.8741615460603497e-05,-3.6886341750621794,7.6979404e-07,0.0,-0.9594628810882568,-0.0002917553806439432
67000,-0.00039508682675659657,3.730537951014412e-05,-3.688633441925049,4.774332e-07,0.0,-0.6067823171615601,-0.00019214326702319263
67200,-0.00037541514029726386,4.0217222795035924e-05,-3.688628751039505,6.514788e-07,0.0,-0.3074774742126465,-0.00029314115856595715
67400,-0.0004350497911218554,4.598956047630054e-05,-3.6886316895484925,3.4451483e-07,0.0,-0.5238372087478638,-0.00017065793303879805
67600,-0.00034632952883839607,4.208469454169972e-05,-3.6886327147483824,5.0127505e-07,0.0,-0.5957913398742676,-0.00023854418204471983
67800,-0.0003716050705406815,3.8454591822301155e-05,-3.6886358976364138,4.795194e-07,0.0,-0.8907943964004517,-0.00021539250035949032
68000,-0.00022849667584523559,4.613038740899356e-05,-3.6886297523975373,3.620982e-07,0.0,-0.5024253129959106,-0.00015576531286842776
68200,-0.00045552392839454114,4.040980566060171e-05,-3.688631904125214,4.553795e-07,0.0,-0.8771178722381592,-0.0001888869246563285
68400,-0.0004565991403069347,5.617516544589307e-05,-3.6886365532875063,5.2422286e-07,0.0,-0.36137092113494873,-0.00022449028423932038
68600,-0.0006032652454450727,3.80358450456697e-05,-3.6886327266693115,5.543232e-07,0.0,-0.7875728607177734,-0.0002568493338508393
68800,-0.0007482866640202701,5.4542392081202704e-05,-3.6886301040649414,7.05719e-07,0.0,-0.3748023509979248,-0.00028993953830285245
69000,-0.0005256575532257557,5.6758969640213765e-05,-3.6886250913143157,5.799532e-07,0.0,-0.1950676441192627,-0.00023470851002138637
69200,-0.000479325681226328,3.664220052996825e-05,-3.688623833656311,5.2660704e-07,0.0,-0.6100037097930908,-0.00019835813450186368
69400,-0.0005406768759712577,4.2178957937721864e-05,-3.6886229276657105,5.701184e-07,0.0,-0.6827597618103027,-0.00024145223017102424
69600,-0.0006212423322722316,6.275116429605987e-05,-3.6886251091957094,5.310774e-07,0.0,-0.34657323360443115,-0.0002505037237350294
69800,-0.0003900658048223704,4.198824030936521e-05,-3.688628298044205,5.77569e-07,0.0,-0.3255021572113037,-0.00025255944125657237
70000,-0.00048320420319214463,2.847263631338137e-05,-3.6886297166347504,5.0127505e-07,0.0,-1.1734437942504883,-0.00020870136943358376
70200,-0.00050265685422346,3.053743753298477e-05,-3.6886284232139586,5.862116e-07,0.0,-0.926855206489563,-0.00023531588043463892
70400,-0.000547985837329179,3.1670583621234985e-05,-3.688631170988083,6.237626e-07,0.0,-2.432258367538452,-0.0002769161447313317
70600,-0.0005858995718881488,3.088837393079302e-05,-3.688633072376251,4.0173532e-07,0.0,-4.3190507888793945,-0.00019640227885773243
70800,-0.0005712622660212219,2.5499488356217625e-05,-3.6886259794235228,5.117059e-07,0.0,-8.45991325378418,-0.00022515186669238573
71000,-0.0004346431524027139,2.2278651317719778e-05,-3.688624304533005,4.2706728e-07,0.0,-14.796961784362793,-0.00015964168398432398
71200,-0.00033624391653575003,2.1682844726456095e-05,-3.6886296331882478,5.951524e-07,0.0,-6.304206848144531,-0.00022577780461563446
71400,-0.0008083432912826538,2.2787491707276787e-05,-3.688631147146225,4.5239923e-07,0.0,-13.260687828063965,-0.00020802285572876222
71600,-0.000526124145835638,2.104870102357381e-05,-3.6886342108249663,5.507469e-07,0.0,-18.93242645263672,-0.00023270777773860553
71800,-0.0005400202353484929,2.1064665929770854e-05,-3.688633555173874,4.7773125e-07,0.0,-10.271804809570312,-0.0001847044012947663
72000,-0.0006240621441975236,1.9185551445843883e-05,-3.688639336824417,5.355477e-07,0.0,-13.210112571716309,-0.000252060575880253
72200,-0.00036041170824319124,1.9774276688622193e-05,-3.688640022277832,4.1872264e-07,0.0,-38.53166198730469,-0.00014735507990883966
72400,-0.0005237299483269453,1.813500066418783e-05,-3.6886372685432436,4.863739e-07,0.0,-25.9661865234375,-0.00022860667920701072
72600,-0.0006886323099024594,1.7412811121175765e-05,-3.688635194301605,6.091595e-07,0.0,-76.57238006591797,-0.0002477921237644898
72800,-0.0005615494446828961,1.9352421350049554e-05,-3.6886391639709473,5.465746e-07,0.0,-24.018550872802734,-0.00024154326626990574
73000,-0.0005775885656476021,1.7891640254674712e-05,-3.6886363327503204,7.203222e-07,0.0,-18.332590103149414,-0.0002636294653030724
73200,-0.0009123620111495256,2.0460310838643637e-05,-3.6886341512203216,7.4833633e-07,0.0,-46.874061584472656,-0.0003240452401459981
73400,-0.0008917169761843979,1.899021929148148e-05,-3.688630390167236,6.464124e-07,0.0,-27.798315048217773,-0.00024561726905540925
73600,-0.0006359756225720048,1.9318045724503462e-05,-3.6886365473270417,5.7160855e-07,0.0,-82.04937744140625,-0.0002322251348840787
73800,-0.0006096844444982708,1.916469898333162e-05,-3.688637852668762,7.641315e-07,0.0,-14.902726173400879,-0.000298184201745233
74000,-0.0007797577418386936,1.9848284796353256e-05,-3.6886436700820924,6.610155e-07,0.0,-38.360862731933594,-0.0002930600349993817
74200,-0.00040410959627479315,1.8038646021523164e-05,-3.688651168346405,3.3050776e-07,0.0,-14.859161376953125,-0.00016854808669655163
74400,-0.0006436685216613114,2.0068833350705972e-05,-3.6886490285396576,4.6521427e-07,0.0,-23.775442123413086,-0.00020626626198639865
74600,-0.00047497867490164936,1.8589016303849348e-05,-3.688645398616791,5.209446e-07,0.0,-22.711206436157227,-0.00021886952278713512
74800,-0.0005349135608412325,1.9880971490238152e-05,-3.688642156124115,5.501509e-07,0.0,-54.08523178100586,-0.00021288132688550564
75000,-0.00045917448005639017,1.7356720763928025e-05,-3.6886430084705353,6.6936013e-07,0.0,-70.44326782226562,-0.0002686588159835912
75200,-0.00032357312738895416,1.68618049201541e-05,-3.6886436998844148,6.68168e-07,0.0,-73.48377990722656,-0.00023383968919301611
75400,-0.0005443963455036283,1.8160483841711537e-05,-3.688641792535782,4.3690204e-07,0.0,-28.146041870117188,-0.0002052313823469376
75600,-0.0004353669355623424,1.8879471667787584e-05,-3.688636767864227,5.099177e-07,0.0,-27.22077178955078,-0.00021137452081259055
75800,-0.00024406189913861454,1.9898327013834206e-05,-3.6886357247829435,3.8951637e-07,0.0,-16.63299560546875,-0.00016529460982610543
76000,-0.0007012695423327386,1.703172983980039e-05,-3.688635063171387,4.7594307e-07,0.0,-113.63539123535156,-0.0002059239003942892
76200,-0.0005737670580856502,1.8140242832487275e-05,-3.6886357605457305,5.143881e-07,0.0,-57.53342056274414,-0.00020296718211989528
76400,-0.0005291781853884459,1.582813451932452e-05,-3.6886301577091216,4.3302774e-07,0.0,-27.411869049072266,-0.0001963500823912334
76600,-0.0005020896787755191,1.6134934844558303e-05,-3.688626790046692,5.221367e-07,0.0,-60.352333068847656,-0.00020542109081543857
76800,-0.00044428580440580845,1.6103051734717155e-05,-3.6886265158653258,6.380678e-07,0.0,-22.392913818359375,-0.0002696704625709145
77000,-0.0005146095063537359,1.590490260241495e-05,-3.6886149406433106,4.1842458e-07,0.0,-71.09371948242188,-0.00017149424728652997
77200,-0.0005344377714209259,1.7905788126881816e-05,-3.6886117219924928,3.6031008e-07,0.0,-29.189725875854492,-0.00017641045095467822
77400,-0.0007622280973009765,1.6332611312463997e-05,-3.6886157989501953,5.203485e-07,0.0,-83.42965698242188,-0.00024209175684608564
77600,-0.0007366033969447017,1.8598696942717653e-05,-3.688611501455307,7.560849e-07,0.0,-56.865055084228516,-0.00029762402974620183
77800,-0.0004939684295095503,1.5389425038847547e-05,-3.688603067398071,4.1037796e-07,0.0,-69.28457641601562,-0.00019445616716882164
78000,-0.0005939222755841911,1.5694424018874997e-05,-3.688603883981705,4.4643878e-07,0.0,-31.480579376220703,-0.00020418864541835725
78200,-0.0004983220132999122,1.7956987016987112e-05,-3.6886053562164305,4.4316053e-07,0.0,-85.8373794555664,-0.0002071519931057697
78400,-0.0004044403613079339,1.7145198421530948e-05,-3.6886014878749847,7.480383e-07,0.0,-13.463194847106934,-0.0002767206572937164
78600,-0.0006651519797742367,1.7723535734148754e-05,-3.68859281539917,7.0333476e-07,0.0,-106.85116577148438,-0.00027487067953335664
78800,-0.00047937181079760194,1.4703386182191024e-05,-3.68859806060791,3.5673378e-07,0.0,-143.64378356933594,-0.00018963085156062932
79000,-0.0005594950052909553,1.4919801265023125e-05,-3.6885968446731567,3.7461518e-07,0.0,-32.12810516357422,-0.000176700742026048
79200,-0.0007388105732388794,1.769837851952616e-05,-3.688604807853699,6.5922734e-07,0.0,-61.04539489746094,-0.00027698455564153515
79400,-0.0007306365296244621,1.784886810582975e-05,-3.6886004745960235,5.608797e-07,0.0,-15.903545379638672,-0.0002342451028963577
79600,-0.0004859093460254371,1.5118436976990779e-05,-3.6886056482791902,3.6001205e-07,0.0,-54.83256912231445,-0.0001513485600646458
79800,-0.00024599305470474064,1.597813952685101e-05,-3.6886023581027985,3.8146976e-07,0.0,-88.22015380859375,-0.00016647142273745752
80000,-0.0005494272918440402,1.6434901544926107e-05,-3.6886004865169526,4.953146e-07,0.0,-66.97696685791016,-0.00023048998423178536
80200,-0.0009322686237283051,1.5643609231119626e-05,-3.6886007249355317,8.824468e-07,0.0,-89.43622589111328,-0.00036183228940263047
80400,-0.0004800130845978856,1.6400750382672413e-05,-3.6885941505432127,4.1991473e-07,0.0,-17.457178115844727,-0.00019849228851360757
80600,-0.0006627599941566586,1.6339075068572127e-05,-3.6886026084423067,4.7326088e-07,0.0,-72.93824005126953,-0.00024035728916613764
80800,-0.0005061504198238254,1.4772578560950933e-05,-3.688596081733704,4.935265e-07,0.0,-78.32903289794922,-0.00023357060636362004
81000,-0.00032053005998022854,1.4546293141393107e-05,-3.68859726190567,4.6461818e-07,0.0,-60.561973571777344,-0.00018623165701177612
81200,-0.00031974611920304596,1.5130442079680506e-05,-3.6885948181152344,3.859401e-07,0.0,-75.25080108642578,-0.0001597943900057075
81400,-0.0005965150776319206,1.618540195522655e-05,-3.688588190078735,5.292892e-07,0.0,-61.03453063964844,-0.00022054676691971587
81600,-0.0006802576826885343,1.5639256230315367e-05,-3.6885963559150694,5.239248e-07,0.0,-21.597888946533203,-0.00023792995470990342
81800,-0.0004608681774698198,1.4848987984805716e-05,-3.688591605424881,5.686283e-07,0.0,-32.81328582763672,-0.0002208299776472078
82000,-0.0004908597911708057,1.4698200993734645e-05,-3.688590478897095,4.786253e-07,0.0,-127.91789245605469,-0.00021485230608639939
82200,-0.0007676504901610315,1.6290600456159154e-05,-3.6885869085788725,4.795194e-07,0.0,-101.31978607177734,-0.00024134610632375875
82400,-0.0006193366134539247,1.5327794153563444e-05,-3.6885837972164155,6.6906216e-07,0.0,-61.32240676879883,-0.0002507982324155833
82600,-0.0006529131787829101,1.512863373136497e-05,-3.6885846555233,5.9247014e-07,0.0,-49.671722412109375,-0.000257696808863328
82800,-0.0006858768174424767,1.5630524444532057e-05,-3.6885837018489838,6.344914e-07,0.0,-52.64059066772461,-0.0002768123834622216
83000,-0.0005435817874968052,1.4962021145947801e-05,-3.688580024242401,4.813075e-07,0.0,-17.58540916442871,-0.0001981284594858579
83200,-0.0005495231016539037,1.5089904900378315e-05,-3.6885774433612823,4.062057e-07,0.0,-56.221527099609375,-0.0001715946162030413
83400,-0.0006535424618050456,1.5334785507548078e-05,-3.6885746002197264,7.793307e-07,0.0,-39.68715286254883,-0.0002461476350952674
83600,-0.0010811903048306704,1.5375425709862613e-05,-3.68856663107872,8.6694956e-07,0.0,-58.987491607666016,-0.0003389307447640544
83800,-0.0002528744807932526,1.4527726875712688e-05,-3.6885677099227907,6.2644483e-07,0.0,-18.82219886779785,-0.0002176806636534856
84000,-0.00042718538315966725,1.469348296723183e-05,-3.688578349351883,4.7326088e-07,0.0,-76.76566314697266,-0.00022555455608448406
84200,-0.00037857473944313824,1.4186004352723103e-05,-3.6885758459568025,4.3421983e-07,0.0,-33.081031799316406,-0.00018508981927949363
84400,-0.0009665692923590541,1.4727878260600847e-05,-3.6885744869709014,6.517768e-07,0.0,-58.11178970336914,-0.0002731541254364256
84600,-0.0006664751563221216,1.4434946888286503e-05,-3.6885815143585203,5.9843063e-07,0.0,-85.60820007324219,-0.00024388811715698734
84800,-0.0007116674678400159,1.4993604258961568e-05,-3.6885818600654603,7.912517e-07,0.0,-58.15703201293945,-0.0003216437558053231
85000,-0.0007003294304013252,1.4035808931112115e-05,-3.6885712265968325,6.473065e-07,0.0,-41.510677337646484,-0.0002550899331540624
85200,-0.0006497285794466734,1.4574884835383272e-05,-3.6885670125484467,7.262826e-07,0.0,-19.22269058227539,-0.00025834944179314867
85400,-0.000407477404223755,1.5120209604901902e-05,-3.6885683476924895,3.1530857e-07,0.0,-41.59416580200195,-0.0001557621880871718
85600,-0.0005400656955316663,1.2705912411092868e-05,-3.6885682344436646,6.7800283e-07,0.0,-101.8718032836914,-0.0002916780106913874
85800,-0.000694266171194613,1.476847189678665e-05,-3.688565731048584,6.583333e-07,0.0,-27.354267120361328,-0.0002295265428758686
86000,-0.0005787594709545374,1.4111846576270182e-05,-3.6885586798191072,9.790062e-07,0.0,-36.85969161987305,-0.00037612541177920453
86200,-0.0005402364768087864,1.46981609532304e-05,-3.6885561406612397,6.9230794e-07,0.0,-47.4903678894043,-0.00026816354771602713
86400,-0.00033706167596392334,1.4960223847992892e-05,-3.6885569512844087,6.2316656e-07,0.0,-21.48661994934082,-0.00027166321011602436
86600,-0.0004400638572406024,1.268299679395568e-05,-3.688556283712387,5.990267e-07,0.0,-38.570919036865234,-0.0002731326743796725
86800,-0.000575511425267905,1.3089052094983344e-05,-3.688553285598755,8.183718e-07,0.0,-51.95302200317383,-0.0003231694511671268
87000,-0.0004983577528037131,1.3251817858872527e-05,-3.688555598258972,5.1975246e-07,0.0,-83.27495574951172,-0.00020785884635916575
87200,-0.0005252154660411179,1.3613738758522231e-05,-3.688550144433975,4.467368e-07,0.0,-51.560054779052734,-0.00020753773171373614
87400,-0.0004979473305866122,1.3891886510464246e-05,-3.6885518074035644,6.7472456e-07,0.0,-16.18844985961914,-0.0002509661078644365
87600,-0.0005372204468585551,1.3932177830611181e-05,-3.688554471731186,3.865361e-07,0.0,-69.06073760986328,-0.0001775285692746098
87800,-0.000660702760796994,1.2672771799770998e-05,-3.6885538935661315,6.2137843e-07,0.0,-54.108619689941406,-0.0002763958286695845
88000,-0.00013783045869786292,1.415191889009293e-05,-3.6885545313358308,5.7935716e-07,0.0,-28.861743927001953,-0.00021255320089881292
88200,-0.00048277899622917175,1.212565928199183e-05,-3.6885573387146,6.955862e-07,0.0,-21.51463508605957,-0.0002808294030607894
88400,-0.0005997456610202789,1.2571790648507886e-05,-3.6885546684265136,7.757545e-07,0.0,-67.00596618652344,-0.00028895841612757155
88600,-0.0007037793402560055,1.265721566596767e-05,-3.6885520815849304,6.5624715e-07,0.0,-57.24081802368164,-0.00028345416421439175
88800,-0.00023408851120620966,1.3896527218548726e-05,-3.688558375835419,5.2422286e-07,0.0,-46.773162841796875,-0.00018181684503013607
89000,-0.00047697502304799855,1.318659527669297e-05,-3.6885618567466736,4.4852496e-07,0.0,-82.50475311279297,-0.0002155140321574045
89200,-0.0003859492717310786,1.2501366632022836e-05,-3.688554447889328,4.246831e-07,0.0,-33.81214904785156,-0.00018125844824314896
89400,-0.0008195151458494365,1.205631785978767e-05,-3.6885564982891084,4.9293044e-07,0.0,-74.3028335571289,-0.00020802649994056122
89600,-0.0007624990539625287,1.3777116123492306e-05,-3.688547259569168,4.4822693e-07,0.0,-53.87745666503906,-0.0002098103664961881
89800,-0.0007692116196267307,1.3259007687338453e-05,-3.688540351390839,7.405877e-07,0.0,-31.242820739746094,-0.0003099480194832749
90000,-0.000685924431309104,1.2750397002037061e-05,-3.688541519641876,7.015467e-07,0.0,-70.18565368652344,-0.00030760865095407207
90200,-0.0006305624265223742,1.3028140051574155e-05,-3.6885508358478547,6.100535e-07,0.0,-53.571556091308594,-0.00020051219067136473
90400,-0.0006242659292183816,1.272101162612671e-05,-3.6885468304157256,4.526973e-07,0.0,-75.99300384521484,-0.00020480740200718995
90600,-0.0003937651636078954,1.1725168860721169e-05,-3.6885496258735655,4.5031308e-07,0.0,-89.33715057373047,-0.00018607189104500322
90800,-0.0005795991164632142,1.2280381019991182e-05,-3.688546913862228,5.26309e-07,0.0,-48.430625915527344,-0.00021572536276994735
91000,-0.0006780826952308416,1.2682052420132095e-05,-3.688554209470749,6.3747166e-07,0.0,-17.222694396972656,-0.00029200823223345384
91200,-0.0006285468698479235,1.2278620556571695e-05,-3.6885550022125244,5.0902366e-07,0.0,-114.04206848144531,-0.00022350713820742384
91400,-0.0007875178125686944,1.214659689594555e-05,-3.6885549426078796,6.651878e-07,0.0,-33.932804107666016,-0.0002862631832650786
91600,-0.0004982849350199103,1.3086829562780622e-05,-3.6885422706604003,6.574392e-07,0.0,-36.09329605102539,-0.0002594545649211355
91800,-0.00047869281843304634,1.2123220096782461e-05,-3.6885339975357057,4.822016e-07,0.0,-12.764679908752441,-0.00018318521953823995
92000,-0.000777428736910224,1.1604209578308656e-05,-3.688533568382263,6.076694e-07,0.0,-33.92924118041992,-0.0002224111843800891
92200,-0.000576909922529012,1.0949563477424818e-05,-3.6885293245315554,6.5684316e-07,0.0,-126.74659729003906,-0.00030392700429167087
92400,-0.0006957179866731167,1.2199519483147015e-05,-3.6885242462158203,4.9084423e-07,0.0,-35.68681335449219,-0.00018738283184167593
92600,-0.0006624175584875047,1.2277293535589706e-05,-3.6885224163532255,4.6581033e-07,0.0,-67.226318359375,-0.00025186811426580746
92800,-0.0002893089840654284,1.1314900689285423e-05,-3.688520056009293,7.0095064e-07,0.0,-97.29891967773438,-0.0002664886347692352
93000,-0.000613279000390321,1.1608881527536141e-05,-3.688520097732544,8.451939e-07,0.0,-61.215885162353516,-0.00033057534876070884
93200,-0.0007576100178994238,1.1305174530207296e-05,-3.688522809743881,5.879998e-07,0.0,-54.47848129272461,-0.00025589568968337195
93400,-0.000534934748429805,1.1058373388550535e-05,-3.688529294729233,6.3478944e-07,0.0,-73.7192611694336,-0.0002504190949108587
93600,-0.0008617476560175419,1.1216174607397989e-05,-3.6885322630405426,1.0097027e-06,0.0,-71.49388885498047,-0.0003544636449431704
93800,-0.0006392161012627184,9.806091509290126e-06,-3.688526928424835,5.0127505e-07,0.0,-76.20709228515625,-0.00021106687257201883
94000,-0.0005850575398653746,1.1076211080762732e-05,-3.688523519039154,6.467104e-07,0.0,-18.029775619506836,-0.0002675177304679255
94200,-0.0005745405796915293,1.0987635721448897e-05,-3.6885199427604674,4.771352e-07,0.0,-22.930694580078125,-0.0001952290906610976
94400,-0.0007075644680298865,9.646084834002977e-06,-3.688510078191757,7.6591965e-07,0.0,-53.33222198486328,-0.000307416692538931
94600,-0.0008769065025262535,1.1847216865135123e-05,-3.6885160148143767,5.352497e-07,0.0,-25.556604385375977,-0.00019597922769458708
94800,-0.00048622358008287847,1.0849442560356692e-05,-3.6885193288326263,5.4627657e-07,0.0,-17.04170036315918,-0.00022032725782765715
95000,-0.0005155046237632632,1.1989261906819593e-05,-3.688519114255905,4.8965217e-07,0.0,-41.92831802368164,-0.0001939478395220462
95200,-0.0007075899047777057,1.0735049272625474e-05,-3.6885141670703887,5.203485e-07,0.0,-11.621233940124512,-0.00020266623823613771
95400,-0.0007448767428286374,1.148287814203286e-05,-3.6885145127773287,8.1092116e-07,0.0,-45.67168045043945,-0.00035173089855471406
95600,-0.0006238730857148767,1.0134311014553533e-05,-3.6885150969028473,5.617738e-07,0.0,-24.62383270263672,-0.00019329182971716818
95800,-0.0006664256798103452,1.0763680825220944e-05,-3.688514995574951,6.3419344e-07,0.0,-30.106708526611328,-0.00026132505550970075
96000,-0.00047150676255114377,1.0544105191456764e-05,-3.6885126292705537,4.6700237e-07,0.0,-67.0407485961914,-0.00022674006235612332
96200,-0.0003874000976793468,1.0928582480573822e-05,-3.688511550426483,5.531311e-07,0.0,-14.864274024963379,-0.00021424466768455997
96400,-0.0005836995551362634,1.050273347118491e-05,-3.6885008573532105,5.3077935e-07,0.0,-110.69281768798828,-0.00022254452073002806
96600,-0.0005602731253020465,9.837476409302325e-06,-3.6884975492954255,5.796552e-07,0.0,-23.69556999206543,-0.00023266339476037956
96800,-0.0005210754461586475,9.835988203121815e-06,-3.6884936094284058,5.176663e-07,0.0,-142.21690368652344,-0.0002171179072721907
97000,-0.0005231115501374006,8.867465510320471e-06,-3.6884904325008394,5.745888e-07,0.0,-18.15895652770996,-0.00023086381907124753
97200,-0.0008478289237245917,1.0061052978471708e-05,-3.6884921371936796,7.7962875e-07,0.0,-25.957475662231445,-0.00028400688054250887
97400,-0.0008096932433545589,1.0160409681247984e-05,-3.6884862422943114,6.1392785e-07,0.0,-71.25318145751953,-0.00024369927466534326
97600,-0.0004060477076563984,9.044236094268854e-06,-3.688487619161606,5.3823e-07,0.0,-82.04306030273438,-0.00023141687722409986
97800,-0.0007302271551452577,1.0093625235185755e-05,-3.6884867906570435,6.508827e-07,0.0,-64.57020568847656,-0.0002719285799519078
98000,-0.0008094484219327569,1.0357873156863206e-05,-3.6884808242321014,7.2360035e-07,0.0,-65.24725341796875,-0.0002714086339628885
98200,-0.0005598468706011772,1.0225404889752098e-05,-3.688471281528473,5.9694054e-07,0.0,-24.933473587036133,-0.00022624409057065976
98400,-0.0003654097381513566,9.512653332421905e-06,-3.688472020626068,6.008148e-07,0.0,-65.97576141357422,-0.00022112038801771483
98600,-0.0006284727714955807,9.757952466316055e-06,-3.6884561240673066,6.4611436e-07,0.0,-20.591760635375977,-0.00026811233116132984
98800,-0.0007366302888840437,1.0144296504677186e-05,-3.6884541273117066,7.2956084e-07,0.0,-26.017147064208984,-0.00030068592896691503
99000,-0.0004619075043592602,9.599152770078945e-06,-3.688444232940674,4.9352644e-07,0.0,-86.1242446899414,-0.0002219765176009747
99200,-0.0007735115359537303,8.530161653652613e-06,-3.688438880443573,6.437302e-07,0.0,-16.132518768310547,-0.0002599407433608647
99400,-0.0003404503222554922,9.155462475973763e-06,-3.6884394943714143,5.289912e-07,0.0,-36.6048698425293,-0.0002071662320932921
99600,-0.0007333891117013991,9.698490714526997e-06,-3.6884500622749328,6.330013e-07,0.0,-35.41197204589844,-0.0002596004437377841
99800,-0.0006386227323673666,9.627561428260379e-06,-3.68844530582428,6.732345e-07,0.0,-97.3290786743164,-0.0002710599437321104
100000,-0.0010524375829845667,9.600808505183523e-06,-3.6884365499019625,1.0943413e-06,0.0,-76.88780212402344,-0.00040767589797274795
100200,-0.00040688097942620516,9.020264405990019e-06,-3.6884385704994203,5.64456e-07,0.0,-102.81450653076172,-0.00021755614405032374
100400,-0.0005293505382724106,8.86333049265886e-06,-3.6884315252304076,6.699562e-07,0.0,-74.24454498291016,-0.00024287121090371677
100600,-0.000668564229272306,8.698649025973282e-06,-3.6884346663951875,9.24766e-07,0.0,-43.017940521240234,-0.00032745419508761753
100800,-0.0005372414598241448,8.57090418548978e-06,-3.6884471774101257,6.4074993e-07,0.0,-24.507713317871094,-0.0003022851480882327
101000,-0.00031902268528938293,8.761745266383514e-06,-3.6884308993816375,4.0978193e-07,0.0,-46.63340759277344,-0.0001761258836950219
101200,-0.0005009189480915666,8.737442828987697e-06,-3.688426250219345,5.65052e-07,0.0,-47.052364349365234,-0.00025178211796665905
101400,-0.0007944076205603778,9.0117659851785e-06,-3.6884319126605987,6.3240526e-07,0.0,-58.8496208190918,-0.00023866108019001686
101600,-0.0010544226970523596,8.636412258056225e-06,-3.6884221136569977,8.264184e-07,0.0,-16.91378402709961,-0.00033624625084680557
101800,-0.0005033527850173414,9.313482973993813e-06,-3.688425612449646,6.0230497e-07,0.0,-38.132537841796875,-0.0002356532124775823
102000,-0.0005550948553718626,8.709922678917791e-06,-3.6884341716766356,6.1035155e-07,0.0,-77.27336120605469,-0.0002464630973106563
102200,-0.0005327303078956902,9.273636680973141e-06,-3.688421589136124,7.1048737e-07,0.0,-74.02066040039062,-0.00027434135849353504
102400,-0.0006860360153950751,8.99578993767136e-06,-3.6884241342544555,5.6505206e-07,0.0,-68.36788940429688,-0.0002099826789540682
102600,-0.00028229583404026926,8.722861696242035e-06,-3.688424211740494,6.3925984e-07,0.0,-35.276092529296875,-0.00024343946496787616
102800,-0.000661514000967145,8.811429506749845e-06,-3.688415217399597,6.788969e-07,0.0,-27.007003784179688,-0.0002434001411903086
103000,-0.00047811289550736547,8.175759580808517e-06,-3.688415729999542,6.5773725e-07,0.0,-20.814062118530273,-0.0002797479535297853
103200,-0.000792542239651084,9.080176005227258e-06,-3.688404804468155,1.0135769e-06,0.0,-29.00000762939453,-0.00034067235718611145
103400,-0.0005633520195260644,8.594256837568536e-06,-3.6883957624435424,7.981062e-07,0.0,-83.84590148925781,-0.00031282918195894014
103600,-0.0007325768237933517,8.780576968092646e-06,-3.688400077819824,6.7293644e-07,0.0,-18.653242111206055,-0.0002816153977109881
103800,-0.0009709313744679093,8.343932938714715e-06,-3.688399624824524,8.907914e-07,0.0,-21.193971633911133,-0.0003374528595486481
104000,-0.0006007871124893427,8.57539754406389e-06,-3.688403105735779,4.8995014e-07,0.0,-48.38188552856445,-0.00020681651632754595
104200,-0.00041281303856521845,7.490152768241387e-06,-3.6884101748466493,5.39124e-07,0.0,-176.59677124023438,-0.0002392313636913501
104400,-0.0005027372390031815,7.660672963538673e-06,-3.6884050130844117,5.25713e-07,0.0,-76.876708984375,-0.00020013712605759792
104600,-0.0004799868620466441,7.740948092305189e-06,-3.6883973717689513,8.490682e-07,0.0,-68.13064575195312,-0.000300818298158001
104800,-0.000523202761542052,8.123110353608353e-06,-3.6883993983268737,6.049871e-07,0.0,-22.691972732543945,-0.00022716653364096562
105000,-0.0008189604850485921,8.038616476824245e-06,-3.6883985221385958,7.775426e-07,0.0,-63.38050079345703,-0.00026401767624952834
105200,-0.0005672505940310657,7.3291723651891514e-06,-3.6883972346782685,5.9455635e-07,0.0,-95.1153564453125,-0.0002236015350400411
105400,-0.0007905113161541522,8.085542299340887e-06,-3.6883878290653227,5.9366226e-07,0.0,-17.368806838989258,-0.0002668022987336371
105600,-0.0005417975480668247,8.422794940088351e-06,-3.688401061296463,5.1826237e-07,0.0,-44.54792404174805,-0.00021857591665661591
105800,-0.0004181929398328066,8.085485160336247e-06,-3.688415366411209,6.458163e-07,0.0,-71.54148864746094,-0.0002494724229291645
106000,-0.0005223793559707701,8.158870127772388e-06,-3.6884083449840546,3.799796e-07,0.0,-51.09666061401367,-0.0001740246999752504
106200,-0.0005027641891501844,7.957414641168726e-06,-3.688397878408432,7.498264e-07,0.0,-115.64350891113281,-0.00030125004815590995
106400,-0.0004492573789320886,7.6164768415765135e-06,-3.6883885681629183,6.124377e-07,0.0,-46.92470169067383,-0.00020200812815596159
106600,-0.0005567413754761219,7.5903779929831215e-06,-3.6883777379989624,4.8100947e-07,0.0,-43.18024444580078,-0.00019934041750639951
106800,-0.0004308644565753639,7.5586659136206436e-06,-3.6883721351623535,9.655953e-07,0.0,-29.7099666595459,-0.00030419870481863677
107000,-0.00019330023496877402,7.998710430001665e-06,-3.688384699821472,5.3077935e-07,0.0,-79.24505615234375,-0.0001886711268291652
107200,-0.0005621119635179639,6.664797172106773e-06,-3.688380116224289,4.5895578e-07,0.0,-65.85688018798828,-0.00018645462444022431
107400,-0.0007321981247514486,7.1051240979613794e-06,-3.688375025987625,6.717444e-07,0.0,-31.890071868896484,-0.0002763852779228193
107600,-6.652955198660493e-05,7.031045527128299e-06,-3.6883719086647035,5.203486e-07,0.0,-40.965084075927734,-0.00020175920567453432
107800,-0.0005929606268182397,7.942358911350311e-06,-3.6883802831172945,6.4998864e-07,0.0,-38.219173431396484,-0.00025415707481712957
108000,-0.0006046078633517027,7.189766324700031e-06,-3.6883798837661743,6.6906216e-07,0.0,-206.94580078125,-0.0002719929087473982
108200,-0.000791128957644105,6.891509372053406e-06,-3.6883767366409304,7.57277e-07,0.0,-24.64076042175293,-0.0002867047483273488
108400,-0.0006650620489381254,7.691974758472497e-06,-3.688371646404266,6.633997e-07,0.0,-39.896995544433594,-0.00025869585561419937
108600,-0.0005852810572832823,7.000585833338846e-06,-3.6883728384971617,5.695224e-07,0.0,-67.35400390625,-0.00020906974452576942
108800,-0.0005635529523715377,6.598972311167017e-06,-3.6883866012096407,8.8453294e-07,0.0,-55.53509521484375,-0.0002976697104672854
109000,-0.000682728597894311,7.075088194596901e-06,-3.688388603925705,6.610155e-07,0.0,-187.14523315429688,-0.00027044472284343257
109200,-0.00040775409433990717,7.153094509249059e-06,-3.688394641876221,6.353855e-07,0.0,-22.09334945678711,-0.00023609663619459376
109400,-0.0005511190393008292,7.285791321010038e-06,-3.6883955895900726,5.9723857e-07,0.0,-24.748966217041016,-0.00025050267755113433
109600,-0.0005497855599969625,7.140966340557498e-06,-3.688386869430542,5.2750113e-07,0.0,-40.03635787963867,-0.0002139929518568451
109800,-0.0004791218088939786,7.1198242039827164e-06,-3.688370931148529,3.4868717e-07,0.0,-11.967925071716309,-0.00015017987902723461
110000,-0.000555571517907083,7.024408409961324e-06,-3.6883798003196717,4.2021276e-07,0.0,-35.3365478515625,-0.00018309336898301166
110200,-0.0006877806736156344,7.028541654108267e-06,-3.6883872210979463,7.83205e-07,0.0,-43.28474044799805,-0.00033193561508029215
110400,-0.00048726150998845696,7.000266487011686e-06,-3.6883893489837645,7.411838e-07,0.0,-49.197235107421875,-0.00028188477543573677
110600,-0.0004442742792889476,6.9227805511218324e-06,-3.688392513990402,6.580353e-07,0.0,-10.338316917419434,-0.0002722224659382766
110800,-0.0007564256084151566,7.134731959013152e-06,-3.6884008288383483,8.08537e-07,0.0,-34.86900329589844,-0.000259272476625938
111000,-0.0006509851664304733,6.654174376308219e-06,-3.688379245996475,6.2316656e-07,0.0,-114.5616226196289,-0.0002550753894997815
111200,-0.0005614637630060315,6.55706529641975e-06,-3.688381904363632,6.3240526e-07,0.0,-59.40594482421875,-0.00024294943963423243
111400,-0.0005551683716475964,6.465062733695959e-06,-3.6883751273155214,5.379319e-07,0.0,-19.950563430786133,-0.00021865533277525272
111600,-0.0007021529600024223,6.951200577987038e-06,-3.6883702635765077,7.4416397e-07,0.0,-34.191043853759766,-0.0002701223739457248
111800,-0.0003563691570889205,5.974791361040843e-06,-3.688347601890564,8.5413456e-07,0.0,-74.17919158935547,-0.0002692532316687313
112000,-0.0004117278440389782,6.679263867681584e-06,-3.6883436739444733,5.221367e-07,0.0,-88.6961441040039,-0.00020402444864056068
112200,-0.0008926054579205811,6.260947088776447e-06,-3.688336670398712,7.0124867e-07,0.0,-74.72085571289062,-0.0003047421960512775
112400,-0.0006851209327578545,6.301859889390471e-06,-3.6883233428001403,6.8753957e-07,0.0,-19.54755973815918,-0.0002665067018085665
112600,-0.0006574185681529343,6.416548308152414e-06,-3.688323825597763,6.2823295e-07,0.0,-24.421937942504883,-0.0002443539067871203
112800,-0.0005629999213851988,6.162707143175794e-06,-3.688323712348938,5.6385994e-07,0.0,-47.3909912109375,-0.0002448001385048748
113000,-0.0008624200127087533,5.984839799566544e-06,-3.688327115774155,7.3224305e-07,0.0,-14.983449935913086,-0.0002853752061942272
113200,-0.0006227371050044894,6.227405651770823e-06,-3.688323640823364,6.893277e-07,0.0,-31.79928207397461,-0.0002380173862632784
113400,-0.0006662444211542606,5.800764029118e-06,-3.688317519426346,5.90384e-07,0.0,-23.136253356933594,-0.00024864090448204477
113600,-0.000851617893204093,6.032755209162133e-06,-3.6883284986019134,7.6681374e-07,0.0,-61.041202545166016,-0.0003165199312541667
113800,-0.0003523800987750292,5.982719136454761e-06,-3.6883152961730956,4.929304e-07,0.0,-30.126760482788086,-0.0001766433938175993
114000,-0.00045797746861353517,6.047294687050453e-06,-3.688319855928421,4.684925e-07,0.0,-49.34009552001953,-0.00020809479038763623
114200,-0.0006570774712599814,6.022159936946991e-06,-3.68831484913826,5.9276823e-07,0.0,-10.170724868774414,-0.0002271205032111645
114400,-0.0008812280721031129,5.549872537358169e-06,-3.688311105966568,5.5372715e-07,0.0,-139.80093383789062,-0.00023834256849730728
114600,-0.0004301965527702123,6.6088108724216e-06,-3.6883157014846804,5.203485e-07,0.0,-17.62883758544922,-0.0001958914564479608
114800,-0.000769144156947732,6.337774493658799e-06,-3.6883152425289154,9.918213e-07,0.0,-23.43267250061035,-0.00033417467915910495
115000,-0.0005942147690802813,5.9681175798687034e-06,-3.6883170366287232,7.0631506e-07,0.0,-20.79360008239746,-0.0002375210379574444
115200,-0.0008103196159936488,5.895539811717754e-06,-3.688317596912384,7.784367e-07,0.0,-21.248334884643555,-0.0002792081238051303
115400,-0.0009220457868650556,5.744184591094381e-06,-3.6883111953735352,8.2045796e-07,0.0,-61.24233627319336,-0.00031571220782438124
115600,-0.0006281225942075253,6.004226543154801e-06,-3.6883029878139495,6.9350006e-07,0.0,-34.228187561035156,-0.00026786069642845687
115800,-0.00043750880286097527,5.936485877100495e-06,-3.688298201560974,4.6551227e-07,0.0,-61.936885833740234,-0.00020054193110077278
116000,-0.001111897174268961,5.374035271188404e-06,-3.688298225402832,8.130074e-07,0.0,-106.30667877197266,-0.0003103596573707845
116200,-0.0006961096660234034,5.7222172245019465e-06,-3.6882884800434113,5.558133e-07,0.0,-38.00151824951172,-0.00023829602405989192
116400,-0.0005830277223140001,5.407258288414596e-06,-3.6882715702056883,7.039308e-07,0.0,-16.09031867980957,-0.00029308828695320257
116600,-0.0005289339460432529,5.949501746727037e-06,-3.688268691301346,5.382299e-07,0.0,-21.484113693237305,-0.00020769435184933016
116800,-0.00047953228931874037,5.46933471241573e-06,-3.6882430970668794,4.3541192e-07,0.0,-64.6889419555664,-0.00017654457798153
117000,-0.0003930610546376556,5.821817183004896e-06,-3.688264173269272,5.9723857e-07,0.0,-22.172027587890625,-0.0002360332750563021
117200,-0.00046545511577278376,5.357348231882497e-06,-3.6882526218891143,5.9604645e-07,0.0,-110.44715118408203,-0.00025496001534304203
117400,-0.0007550249574705958,5.455652262753574e-06,-3.6882414877414704,6.327033e-07,0.0,-49.6379508972168,-0.0002748523357952282
117600,-0.0003902460739482194,5.568810627210041e-06,-3.6882397711277006,4.655123e-07,0.0,-9.267010688781738,-0.0001889010966256599
117800,-0.0005483442801050842,5.669479492098617e-06,-3.6882414877414704,5.298853e-07,0.0,-22.19365692138672,-0.00022254131680723432
118000,-0.0005689819226972759,5.62540598139094e-06,-3.688253265619278,9.1582535e-07,0.0,-30.618356704711914,-0.0003338400750012571
118200,-0.0006123113562352955,5.2343901188578455e-06,-3.6882441699504853,4.5448542e-07,0.0,-56.20453643798828,-0.00019669483721600488
118400,-0.0005658594891428947,5.425949836990185e-06,-3.68823322057724,7.3641536e-07,0.0,-16.40634536743164,-0.0002590948949148242
118600,-0.000502569368109107,5.702570439325427e-06,-3.68824816942215,5.8591365e-07,0.0,-13.375397682189941,-0.0002465428303640493
118800,-0.0009198702173307538,5.438405105451239e-06,-3.68824907541275,7.358193e-07,0.0,-60.27391815185547,-0.00025597451327503685
119000,-0.0011200020089745522,5.2868066859446115e-06,-3.688232052326202,7.6711177e-07,0.0,-31.893245697021484,-0.0002681648869615749
119200,-0.00048128332127816975,5.366202003642684e-06,-3.68824098110199,6.133318e-07,0.0,-51.66928482055664,-0.00024365653056110937
119400,-0.0002303833607584238,4.982315931556513e-06,-3.688247060775757,6.2406065e-07,0.0,-35.76528549194336,-0.00023280605723243752
119600,-0.0008347715483978391,5.425891822596896e-06,-3.688248175382614,6.017089e-07,0.0,-28.773588180541992,-0.00027330771058882154
119800,-0.0007029432454146445,4.898723972246444e-06,-3.6882387697696686,5.76973e-07,0.0,-17.944929122924805,-0.00022450628550584327
120000,-0.0005757949547842145,5.1567570096722195e-06,-3.6882494747638703,4.3094155e-07,0.0,-58.117530822753906,-0.00019608654808180858
120200,-0.0005526445456780493,5.157504676844837e-06,-3.6882426619529722,4.789233e-07,0.0,-46.636966705322266,-0.00019826067892710907
120400,-0.0005621388554573059,4.942739042235189e-06,-3.6882504165172576,6.6637995e-07,0.0,-46.49430465698242,-0.00025808152156776566
120600,-0.0006685763946734369,5.331304953415383e-06,-3.6882384538650514,6.878376e-07,0.0,-11.213658332824707,-0.00023506903665816427
120800,-0.00021890139032620937,4.849406576568072e-06,-3.6882521152496337,4.145503e-07,0.0,-38.2552375793457,-0.000190912864710846
121000,-0.000389356428058818,4.64918267084613e-06,-3.688247334957123,5.826354e-07,0.0,-30.423559188842773,-0.00022350167051614632
121200,-0.0005432547768577933,5.127862073095457e-06,-3.6882550537586214,5.406141e-07,0.0,-12.993735313415527,-0.00020571077491251532
121400,-0.0006767408340238035,4.64636717083522e-06,-3.688275361061096,5.432963e-07,0.0,-134.8379669189453,-0.0002363792539203935
121600,-0.0009690544102340937,4.622474364168738e-06,-3.68826938867569,7.411838e-07,0.0,-48.72231674194336,-0.0003123186383909182
121800,-0.0007540433434769511,4.713007689360893e-06,-3.6882805287837983,6.1124564e-07,0.0,-21.06801414489746,-0.000264823971056094
122000,-0.0007215149817056954,4.8392616747605645e-06,-3.6882689952850343,7.2121617e-07,0.0,-9.968568801879883,-0.00030042586431477947
122200,-0.0005559370620176196,4.468668083745797e-06,-3.6882607102394105,7.426739e-07,0.0,-78.48832702636719,-0.0002555905884472409
122400,-0.000771685445215553,4.677813319631241e-06,-3.6882539331912993,7.3105093e-07,0.0,-24.636096954345703,-0.0002556476155766596
122600,-0.0006231187144294381,4.524484467083312e-06,-3.688273584842682,9.298325e-07,0.0,-60.86827850341797,-0.00028337845106487516
122800,-0.0009678344358690083,4.776624297164744e-06,-3.688263255357742,1.1226535e-06,0.0,-24.387855529785156,-0.00038696296117994854
123000,-0.0007093810709193349,4.7174860185350555e-06,-3.6882353723049164,5.745888e-07,0.0,-39.974300384521484,-0.00021950748423713585
123200,-0.0010960600338876247,4.726648978703452e-06,-3.688216334581375,8.276105e-07,0.0,-46.958900451660156,-0.0003098599252985057
123400,-0.00033869975595735013,4.612941455661712e-06,-3.688203823566437,6.085634e-07,0.0,-28.225997924804688,-0.0002276033157576407
123600,-0.0006249744328670204,4.550521572355137e-06,-3.688205009698868,5.9098005e-07,0.0,-9.892326354980469,-0.00020327507162196668
123800,-0.0005882129771634936,4.795437405391567e-06,-3.688200467824936,6.8068505e-07,0.0,-24.891124725341797,-0.00025044535069265186
124000,-0.0004335142730269581,4.394889356262866e-06,-3.6882110476493835,6.273389e-07,0.0,-46.764404296875,-0.00023118953563392442
124200,-0.0004626907757483423,4.6613013466867415e-06,-3.6882165014743804,6.3598156e-07,0.0,-26.14336395263672,-0.00026004247123965205
124400,-0.000828868243843317,4.313752282314454e-06,-3.6882202506065367,6.890297e-07,0.0,-78.00436401367188,-0.0002924959065443211
124600,-0.00045011547626927495,4.30871635899166e-06,-3.688211679458618,4.774332e-07,0.0,-45.71119689941406,-0.000219306416351972
124800,-0.0005987491458654404,4.409708282082647e-06,-3.6882105469703674,6.5535306e-07,0.0,-28.48817253112793,-0.0002593797140195697
125000,-0.0006215301691554487,4.614061418806159e-06,-3.6882065534591675,6.252527e-07,0.0,-15.255836486816406,-0.0002506095831307675
125200,-0.0006541446200571954,4.311910072374303e-06,-3.6882040143013,5.1736833e-07,0.0,-78.37397766113281,-0.00021401186366962755
125400,-0.0009657844202592969,4.378839099672404e-06,-3.688208705186844,8.9317564e-07,0.0,-65.68852996826172,-0.0003065703819322585
125600,-0.0003817775286734104,4.185686356095175e-06,-3.688212293386459,5.736947e-07,0.0,-16.044775009155273,-0.0002407764534959167
125800,-0.0006714944029226899,4.337461962222733e-06,-3.688209593296051,1.1229515e-06,0.0,-35.23786163330078,-0.00034530995741617333
126000,-0.0005333421286195517,3.94529903928742e-06,-3.68820635676384,4.4703486e-07,0.0,-71.13838958740234,-0.0002089557614021853
126200,-0.0005032309563830495,4.057659333511765e-06,-3.6882200956344606,7.8141693e-07,0.0,-43.11231994628906,-0.00026901957411177847
126400,-0.00031506511732004583,4.182690076959261e-06,-3.688216757774353,6.702542e-07,0.0,-16.38260841369629,-0.0002764120692418159
126600,-0.000577211962081492,4.309133692004252e-06,-3.688235414028168,6.505847e-07,0.0,-105.0925521850586,-0.00025554524309221447
126800,-0.0003917022258974612,4.055639811895162e-06,-3.688223969936371,6.100535e-07,0.0,-18.84276580810547,-0.0002614018313213284
127000,-0.0006240381626412272,4.192798837721057e-06,-3.688211190700531,8.6545936e-07,0.0,-24.068492889404297,-0.0002974542542465208
127200,-0.0002748022088780999,4.15316229691598e-06,-3.6882112622261047,6.0886146e-07,0.0,-57.0987434387207,-0.00023275697967006792
127400,-0.0006479612784460187,4.115944187788046e-06,-3.68822500705719,6.428361e-07,0.0,-55.37255859375,-0.0002512337860905545
127600,-0.0006597960600629449,4.131709590637911e-06,-3.6882079958915712,7.1674583e-07,0.0,-23.541980743408203,-0.00028933729853317656
127800,-0.0001994701597141102,4.133410652684688e-06,-3.688187974691391,5.593896e-07,0.0,-27.317386627197266,-0.00023315874511675716
128000,-0.00047565565910190344,3.899757274439253e-06,-3.6881562232971192,5.230308e-07,0.0,-54.8319091796875,-0.00022520926473805768
128200,-0.0008155322866514325,3.9197772707666445e-06,-3.6881709456443788,7.328391e-07,0.0,-86.9282455444336,-0.00026760803049206137
128400,-0.0004737115523312241,3.984487756270028e-06,-3.6881585359573363,7.379055e-07,0.0,-13.400004386901855,-0.0002471047188041586
128600,-0.0008322644862346351,3.969530376934927e-06,-3.6881585299968718,1.1399388e-06,0.0,-58.311134338378906,-0.0003386753069875681
128800,-0.0005351854488253593,3.7507677063786103e-06,-3.688151615858078,6.2882896e-07,0.0,-53.82419204711914,-0.0002298909785322434
129000,-0.00023237567802425474,3.6684793940366944e-06,-3.688133066892624,9.2208387e-07,0.0,-60.16060256958008,-0.0003040721894978837
129200,-0.0005423325928859413,3.901411702145197e-06,-3.688136863708496,4.3094155e-07,0.0,-23.1190128326416,-0.00017540922775252099
129400,-0.0006910654483363032,3.9140860508268815e-06,-3.6881271421909334,8.6426735e-07,0.0,-31.355632781982422,-0.0003047149123176496
129600,-0.000514618877787143,3.729892694082082e-06,-3.6881232976913454,4.5448542e-07,0.0,-47.7210693359375,-0.0001741966297977182
129800,-0.0012104955967515707,3.853538578368898e-06,-3.6881220757961275,9.801984e-07,0.0,-18.208417892456055,-0.00031457895030212457
130000,-0.000615781988017261,3.6762244178589753e-06,-3.68811274766922,4.7564504e-07,0.0,-39.95646286010742,-0.0001923323126865384
130200,-0.0006410391652025282,3.769746075477087e-06,-3.688088607788086,6.7621465e-07,0.0,-36.42898178100586,-0.0002521561794001315
130400,-0.0008052003686316311,3.814803540080902e-06,-3.688094598054886,6.9528824e-07,0.0,-22.195053100585938,-0.0002752517149485989
130600,-0.0007577134529128671,3.743875703321464e-06,-3.688087797164917,6.7651274e-07,0.0,-20.765056610107422,-0.0002618464526815467
130800,-0.0005933580687269568,3.5850347387622606e-06,-3.6880821585655212,6.988644e-07,0.0,-88.13936614990234,-0.0002696375861556355
131000,-0.0003082448965869844,3.5591498544818022e-06,-3.688081479072571,4.4465065e-07,0.0,-46.54072952270508,-0.0001898876280689077
131200,-0.0008011845638975501,3.6514823818833974e-06,-3.688086748123169,9.2208387e-07,0.0,-19.791610717773438,-0.00030518578195393165
131400,-0.0006828432087786496,3.419431169504605e-06,-3.6880884766578674,7.158518e-07,0.0,-60.38368225097656,-0.0002701277128892343
131600,-0.000496272521559149,3.661447942704399e-06,-3.6880930840969084,6.452203e-07,0.0,-22.606903076171875,-0.00023100131829232318
131800,-0.0006973688141442835,3.88588933333267e-06,-3.688107132911682,7.984042e-07,0.0,-7.059503555297852,-0.00031276872798615687
132000,-0.0006505379569716752,3.613857091977479e-06,-3.6881060004234314,9.5009807e-07,0.0,-49.26996612548828,-0.00034212830714168695
132200,-0.000546006893273443,3.579410559950702e-06,-3.688099205493927,7.525086e-07,0.0,-24.25396728515625,-0.00025632140004472337
132400,-0.0007763360626995564,3.3414398217246344e-06,-3.6880802392959593,7.429719e-07,0.0,-46.6323127746582,-0.0002566448587144832
132600,-0.0006340207764878869,3.3646285146460285e-06,-3.6880846679210664,7.885694e-07,0.0,-15.239940643310547,-0.00029184215095243713
132800,-0.0008105559390969574,3.5038590056046814e-06,-3.688073641061783,7.70092e-07,0.0,-14.968240737915039,-0.0002759800478015606
133000,-0.0006589980330318213,3.409801666975909e-06,-3.6881005704402923,7.596612e-07,0.0,-23.57297706604004,-0.0002840870999648359
133200,-0.0009547387016937137,3.3439619016917276e-06,-3.688091683387756,9.3758104e-07,0.0,-20.34524917602539,-0.00032286196664836896
133400,-0.0007013255963101983,3.532575880171862e-06,-3.688102090358734,7.984042e-07,0.0,-21.667203903198242,-0.0002873610099481949
133600,-0.0007169292657636106,3.5572728279475995e-06,-3.688095283508301,7.7396624e-07,0.0,-10.66082763671875,-0.0002563914055456307
133800,-0.0005517915706150234,3.462836173184769e-06,-3.688095986843109,5.9753654e-07,0.0,-18.848224639892578,-0.0002360769351303027
134000,-0.0004552446771413088,3.3310496917238196e-06,-3.688081455230713,7.3045493e-07,0.0,-22.12516975402832,-0.00024370434897940106
134200,-0.000391502573620528,3.281539886756946e-06,-3.688104844093323,5.668402e-07,0.0,-18.663484573364258,-0.00020403620820457212
134400,-0.0004978587385267019,3.294751297744369e-06,-3.6880757093429564,7.471442e-07,0.0,-14.948017120361328,-0.00022962826554921988
134600,-0.00041568794404156506,3.202055677320459e-06,-3.6880448162555695,5.346537e-07,0.0,-44.44784164428711,-0.00021190003986513162
134800,-0.0004542649840004742,3.6000193745167054e-06,-3.6880689561367035,4.136562e-07,0.0,-10.497185707092285,-0.00018893847271399532
135000,-0.0007696909015066922,3.2446371392325092e-06,-3.6880746364593504,6.979704e-07,0.0,-13.512540817260742,-0.00027109599173229525
135200,-0.0007009806577116251,3.2997784273902653e-06,-3.68806529045105,7.7545644e-07,0.0,-47.376678466796875,-0.00027207006373282107
135400,-0.0005015198257751763,3.201953501275057e-06,-3.6880592584609984,8.434057e-07,0.0,-60.341705322265625,-0.00032347139753716723
135600,-0.0005715833394788206,3.1570392138746685e-06,-3.6880645751953125,4.7028067e-07,0.0,-27.212738037109375,-0.00017574720124908795
135800,-0.0007778972503729165,3.1967383733899625e-06,-3.6880742788314818,8.9138746e-07,0.0,-50.676631927490234,-0.0002919116259957999
136000,-0.0008733623544685543,3.253821569160209e-06,-3.6880543887615205,8.326769e-07,0.0,-14.371602058410645,-0.00025622892981391754
136200,-0.0004923875094391406,3.104863219505205e-06,-3.688070887327194,6.4998864e-07,0.0,-60.52285385131836,-0.00025529612394483705
136400,-0.0005313179572112858,3.1976246702924983e-06,-3.6880519568920134,6.243587e-07,0.0,-29.823884963989258,-0.00023195364907155903
136600,-0.0008066290756687522,3.045389524913844e-06,-3.688058930635452,7.426739e-07,0.0,-33.321712493896484,-0.0002874987418599595
136800,-0.000438779330579564,3.1928135911130086e-06,-3.688069987297058,5.2064655e-07,0.0,-8.65086841583252,-0.00020601398636744818
137000,-0.0006567863747477531,3.1825850271616218e-06,-3.6880611956119536,6.15418e-07,0.0,-12.120162010192871,-0.00025801805451204364
137200,-0.00028470909455791116,3.084679968878845e-06,-3.688091892004013,6.41346e-07,0.0,-17.775976181030273,-0.00023848449941170634
137400,-0.00023891145247034729,3.075785309647472e-06,-3.6880867958068846,5.8352947e-07,0.0,-14.916699409484863,-0.00019722272440985121
137600,-0.0004485421522986144,3.092538918281207e-06,-3.688082903623581,7.641315e-07,0.0,-8.489572525024414,-0.00028010240019384904
137800,-0.00033093089587055147,3.077661705219725e-06,-3.688082033395767,6.67572e-07,0.0,-22.418134689331055,-0.000238078132962527
138000,-0.0005998865235596895,2.9919778114617655e-06,-3.6880784571170806,8.431077e-07,0.0,-51.756080627441406,-0.0003185655324814407
138200,-0.00021475031098816544,3.176150210038031e-06,-3.688086301088333,6.958842e-07,0.0,-7.489473342895508,-0.00023714376082863974
138400,-0.0007512712618336082,2.970296873172629e-06,-3.6880957007408144,7.1913007e-07,0.0,-15.406627655029297,-0.00028013624199139107
138600,-0.0005537502001971006,2.808400483900186e-06,-3.6880501449108123,7.0214276e-07,0.0,-40.5484733581543,-0.00028127368860453306
138800,-0.00035514828050509095,2.8589082830876577e-06,-3.688052570819855,4.1604045e-07,0.0,-10.664375305175781,-0.00016729380183280184
139000,-0.0008916129008866847,2.8682614299668787e-06,-3.6880520582199097,6.0707333e-07,0.0,-19.709545135498047,-0.00022535122827002652
139200,-0.0004995069466531277,2.960124584205914e-06,-3.6880724370479583,7.2300435e-07,0.0,-9.95952320098877,-0.00031304229749367084
139400,-0.0005239308229647577,2.910333097361217e-06,-3.6880600094795226,4.8846005e-07,0.0,-13.985810279846191,-0.0002045336677674925
139600,-0.0005680185277014971,2.765182989605819e-06,-3.6880549669265745,5.6475403e-07,0.0,-11.090803146362305,-0.00023938975552026954
139800,-0.0006645555840805173,2.7270851433058853e-06,-3.6880633652210237,5.8501956e-07,0.0,-28.499149322509766,-0.0002579034898373855
140000,-0.0002716784365475178,2.8489560008893022e-06,-3.688050186634064,7.271766e-07,0.0,-9.803095817565918,-0.00023038329120708134
140200,-0.000441340496763587,2.628054556907955e-06,-3.688023740053177,6.0766934e-07,0.0,-21.48959732055664,-0.0002428595949254486
140400,-0.0004670759954024106,2.8863037016435557e-06,-3.6880316197872163,6.28531e-07,0.0,-23.025793075561523,-0.00020847805304060607
140600,-0.000713434477802366,2.8226525842001137e-06,-3.6880210757255556,5.948544e-07,0.0,-8.891883850097656,-0.00022284633053937242
140800,-0.000690173008479178,2.729801602185944e-06,-3.6880159974098206,5.570054e-07,0.0,-16.61098861694336,-0.00020941862518610854
141000,-0.0006547637167386711,2.6465560608812667e-06,-3.688018184900284,6.225705e-07,0.0,-24.33381462097168,-0.0002383846839304038
141200,-0.00036278789048083127,2.8145798921741517e-06,-3.688038223981857,8.2403415e-07,0.0,-19.55055046081543,-0.00026360733716530583
141400,-0.0003821814607363194,2.6244307775868947e-06,-3.688020372390747,7.7217817e-07,0.0,-42.47683334350586,-0.000244791136910294
141600,-0.0006556154694408178,2.9551464876931275e-06,-3.6880128145217896,5.996227e-07,0.0,-14.106351852416992,-0.00024797079721792235
141800,-0.0005554847302846611,2.614762632902057e-06,-3.688032901287079,6.785989e-07,0.0,-21.165029525756836,-0.00028079320135401267
142000,-0.0008517983369529247,2.684488276827324e-06,-3.68803386092186,8.72314e-07,0.0,-25.774477005004883,-0.0003180271833895798
142200,-0.00041914076427929103,2.595797670323918e-06,-3.6880461990833284,6.1631204e-07,0.0,-44.135162353515625,-0.00023016625562058968
142400,-0.0006169452099129558,2.7134211023849276e-06,-3.6880428016185762,5.990267e-07,0.0,-8.524144172668457,-0.0002450057788626836
142600,-0.000634725030977279,2.5553071196782184e-06,-3.688060438632965,6.3568353e-07,0.0,-44.97109603881836,-0.000269282490156364
142800,-0.00044004435767419636,2.5458480848783437e-06,-3.6880508959293365,6.148219e-07,0.0,-40.17263412475586,-0.0002062969035191653
143000,-0.0006899888394400477,2.662563264266282e-06,-3.6880479514598847,5.9753654e-07,0.0,-14.296547889709473,-0.0002632272522073542
143200,-0.0005339909694157541,2.5800978960432987e-06,-3.68806939125061,6.625056e-07,0.0,-39.389556884765625,-0.00022201125228229479
143400,-0.0003316871589049697,2.4630727892827053e-06,-3.6880571603775025,5.576015e-07,0.0,-33.6168098449707,-0.00019958482637545406
143600,-0.0005547173204831779,2.4773562415703053e-06,-3.688066232204437,6.431341e-07,0.0,-50.68803787231445,-0.0002353363787965357
143800,-0.0006094332784414291,2.540473820999978e-06,-3.688046431541443,7.7545644e-07,0.0,-9.345551490783691,-0.0002731304048968486
144000,-0.00040190626168623567,2.6217342053769243e-06,-3.688026857376099,6.16014e-07,0.0,-10.744728088378906,-0.00022452996634683142
144200,-0.00025145287509076297,2.7351841680456346e-06,-3.688038444519043,5.891919e-07,0.0,-11.603438377380371,-0.00024971142510958887
144400,-0.0004589053860399872,2.6117686104498715e-06,-3.6880384981632233,5.751848e-07,0.0,-27.115306854248047,-0.00021386258129352242
144600,-0.0006177364848554134,2.5432140063230692e-06,-3.6880038559436796,7.3730945e-07,0.0,-10.008610725402832,-0.0002750809237684226
144800,-0.0008898302330635488,2.456420946828075e-06,-3.6880041480064394,7.1108343e-07,0.0,-40.22633361816406,-0.0002756143712688175
145000,-0.0006123464554548264,2.4917493618659138e-06,-3.6880071997642516,6.0260294e-07,0.0,-17.740468978881836,-0.00023429724528261086
145200,-0.00029905152041465044,2.324271392240007e-06,-3.6879915595054626,5.7488677e-07,0.0,-30.988473892211914,-0.00022455678100117283
145400,-0.0007693779771216214,2.4112083423233344e-06,-3.687994712591171,9.563566e-07,0.0,-20.305326461791992,-0.00032804778134596366
145600,-0.0003920283052138984,2.317102189408615e-06,-3.68798708319664,6.1035155e-07,0.0,-40.55572509765625,-0.00022810179034546963
145800,-0.00058462267043069,2.321180176068083e-06,-3.6879654705524443,6.651878e-07,0.0,-74.75732421875,-0.0002649794468003286
146000,-0.0006148296524770558,2.531835809804761e-06,-3.687963330745697,8.7112187e-07,0.0,-6.021881580352783,-0.00029016946710180846
146200,-0.0006660961080342531,2.499590522120343e-06,-3.6879684686660767,7.6532365e-07,0.0,-12.298465728759766,-0.0002670382562532048
146400,-0.000668350316118449,2.403316642585196e-06,-3.6879441142082214,5.963445e-07,0.0,-8.856681823730469,-0.00023665752877404244
146600,-0.0004524170362856239,2.3317769347386274e-06,-3.687935245037079,5.38826e-07,0.0,-19.04134750366211,-0.00019638299897934975
146800,-0.0009548647212795913,2.1658839017391072e-06,-3.6879425764083864,8.07643e-07,0.0,-84.64361572265625,-0.00028636594155759807
147000,-0.00108868267852813,2.3775371687406734e-06,-3.6879123985767364,1.3822317e-06,0.0,-17.006484985351562,-0.0003918598574787158
147200,-0.0006998584722168744,2.1955779487825566e-06,-3.6879140853881838,6.1810016e-07,0.0,-32.63745880126953,-0.00023746564944088222
147400,-0.0004681275167968124,2.674615487308074e-06,-3.6878998816013335,6.1720607e-07,0.0,-15.173345565795898,-0.00022866516275024117
147600,-0.0006469591753557324,2.2895634685937694e-06,-3.687882608175278,6.464124e-07,0.0,-36.295047760009766,-0.0002409398423224074
147800,-0.0005691512487828732,2.2630563762504606e-06,-3.6878835916519166,5.4627657e-07,0.0,-45.364341735839844,-0.0002134529112084893
148000,-0.0008141122525557876,2.2099552268173284e-06,-3.687885183095932,6.9439415e-07,0.0,-23.818758010864258,-0.00021886274216416092
148200,-0.0009440042776986957,2.1529592601154946e-06,-3.687853533029556,9.483099e-07,0.0,-19.74925422668457,-0.00031424042608838574
148400,-0.00027886839234270155,2.091285938377041e-06,-3.68783438205719,7.6442956e-07,0.0,-45.040313720703125,-0.00024408484916103035
148600,-0.00038633140502497554,2.1669218853048735e-06,-3.6878402829170227,5.6654216e-07,0.0,-31.311038970947266,-0.00021980898109199564
148800,-0.0005154284881427884,2.1103027933122576e-06,-3.687836068868637,6.6399576e-07,0.0,-13.976134300231934,-0.0002550447488147256
149000,-0.0008517363457940519,2.266599369704636e-06,-3.687837278842926,8.496642e-07,0.0,-10.291744232177734,-0.00031092295242274304
149200,-0.0005697025917470455,2.326012105413611e-06,-3.687841683626175,6.9648024e-07,0.0,-27.25347900390625,-0.0002647656500491369
149400,-0.0006430987850762904,2.027287050054838e-06,-3.6878261268138885,6.255507e-07,0.0,-35.020835876464844,-0.00024489146974531194
149600,-0.0008880916866473854,2.0484634433159954e-06,-3.687835419178009,7.70092e-07,0.0,-52.54929733276367,-0.00024207156352826776
149800,-0.00045368450810201466,2.1792656440311474e-06,-3.6878474771976473,4.979968e-07,0.0,-16.44947052001953,-0.00015951527595783332
150000,-0.0006573742139153183,2.118643428161704e-06,-3.687854051589966,7.125735e-07,0.0,-37.989566802978516,-0.0002460146569097432
150200,-0.0008654082776047289,2.2756448629479563e-06,-3.6878447771072387,9.24766e-07,0.0,-7.121634483337402,-0.00033707691800214377
150400,-0.00041009721462614834,2.015588262338497e-06,-3.687840110063553,8.9883804e-07,0.0,-43.5926399230957,-0.00025954942377348633
150600,-0.0007242744322866201,2.0321381072108124e-06,-3.687824684381485,7.9035755e-07,0.0,-20.467844009399414,-0.00026743714556485274
150800,-0.00075915502384305,2.0682712488451217e-06,-3.687850797176361,8.681417e-07,0.0,-17.355167388916016,-0.00029196752430471484
151000,-0.0005120282294228673,1.9915092849487338e-06,-3.687848299741745,9.214878e-07,0.0,-17.404132843017578,-0.00029300133913374716
151200,-0.0005676682339981198,2.0114826298822663e-06,-3.6878566324710844,5.921721e-07,0.0,-36.53794479370117,-0.00022318264029537184
151400,-0.0006288186414167285,2.184319353659703e-06,-3.687865084409714,7.140637e-07,0.0,-8.606649398803711,-0.00025943866644464466
151600,-0.0005366284749470651,2.234337611639603e-06,-3.687849301099777,7.140636e-07,0.0,-7.97491455078125,-0.00026260830273896476
151800,-0.00043495764839462936,2.0422385176743775e-06,-3.687856894731522,4.7653913e-07,0.0,-35.509708404541016,-0.00017675080974595138
152000,-0.0006434046081267297,1.9538020808340663e-06,-3.6878597736358643,4.941225e-07,0.0,-19.80661392211914,-0.0001782450671088842
152200,-0.000489061523694545,1.961591422627862e-06,-3.6878684878349306,6.6608186e-07,0.0,-61.58579635620117,-0.00026195976101659466
152400,-0.000406379607738927,2.0911930192824e-06,-3.6878628849983217,6.616115e-07,0.0,-20.7520809173584,-0.00024598241630906513
152600,-0.0005441973335109651,1.9013253535149489e-06,-3.687860208749771,6.181002e-07,0.0,-43.734527587890625,-0.000248561546095738
152800,-0.0007759410655125976,1.9163734719995772e-06,-3.6878395557403563,9.4771383e-07,0.0,-46.5687370300293,-0.0003037816774825508
153000,-0.0006725687999278307,2.0306848227846787e-06,-3.687850284576416,7.402897e-07,0.0,-8.95495319366455,-0.0002270493495214021
153200,-0.00048122811131179333,2.0698403460528427e-06,-3.687875771522522,6.1035155e-07,0.0,-21.7861270904541,-0.00022691262291862913
153400,-0.0007605321006849408,2.334515545499016e-06,-3.6878638684749605,4.9471856e-07,0.0,-11.16308307647705,-0.00019633747712055616
153600,-0.0008965327870100737,1.7892202919256306e-06,-3.687855935096741,9.390712e-07,0.0,-33.605045318603516,-0.00035695997605760254
153800,-0.00048339201021008193,2.05760108258346e-06,-3.6878559589385986,6.7800283e-07,0.0,-23.097049713134766,-0.000254369395258891
154000,-0.0007201565313152969,1.9692945983251777e-06,-3.6878830075263975,4.7653916e-07,0.0,-39.494747161865234,-0.0001733182983129189
154200,-0.0006338816601783037,1.7839666782037966e-06,-3.687848037481308,8.8721515e-07,0.0,-45.557682037353516,-0.0003091419930015604
154400,-0.00017935076903086156,7.651004716535681e-05,-3.6884671688079833,2.208352e-07,0.0,-3.6988282203674316,-0.00012823533913266515
154600,-0.0005777286132797599,7.171113675212837e-05,-3.6881221294403077,3.680587e-07,0.0,0.11965519189834595,-0.00017537149938164908
154800,-0.0005490476032719016,1.8979195965584948e-05,-3.687703067064285,6.708502e-07,0.0,0.33082765340805054,-0.00023079672479777713
155000,-0.0005372728337533772,1.770976018633519e-05,-3.687725919485092,6.529689e-07,0.0,0.09827470779418945,-0.00023424742246955788
155200,-0.0007607655716128647,1.99770735207494e-05,-3.687885808944702,7.0661304e-07,0.0,-0.08521699905395508,-0.00026876162244970914
155400,-0.0006916110869497061,3.185527089044626e-05,-3.687799817323685,8.2135205e-07,0.0,0.04019445180892944,-0.00030932520302116016
155600,-0.000562586123123765,1.7912230987349176e-05,-3.687867593765259,7.554889e-07,0.0,-0.09089815616607666,-0.00023488202644106337
155800,-0.0003575053997337818,2.0137038859502354e-05,-3.687903124094009,6.1303376e-07,0.0,0.004937112331390381,-0.0002157174802157158
156000,-0.0003993585705757141,3.0296344630187377e-05,-3.6878627955913545,4.8279765e-07,0.0,0.03986269235610962,-0.00017588171331865964
156200,-0.0006691835587844253,1.7103328900702763e-05,-3.687576824426651,7.9959636e-07,0.0,0.02496129274368286,-0.00026248015398229186
156400,-0.0005644678021781147,2.026997344728443e-05,-3.6876767218112945,8.5294243e-07,0.0,0.08692669868469238,-0.00024845620911128073
156600,-0.0006543527124449611,2.0740144668707218e-05,-3.6879374384880066,5.7071446e-07,0.0,-0.047023653984069824,-0.00022813460206165813
156800,-0.0003831285866908729,2.4353798471565825e-05,-3.6877837657928465,6.371736e-07,0.0,0.07575047016143799,-0.00023245610853848132
157000,-0.0005545881576836109,1.1971391791121277e-05,-3.687592750787735,7.1942804e-07,0.0,-0.16145062446594238,-0.00021898082065439085
157200,-0.0007242330466397107,2.2060593983042055e-05,-3.687839674949646,8.019805e-07,0.0,0.06934088468551636,-0.0002990647655908063
157400,-0.0005863974802196026,2.341854233236518e-05,-3.6877498984336854,4.7653913e-07,0.0,-0.010918378829956055,-0.0001653890398074509
157600,-0.0004699228738900274,1.9445248653937597e-05,-3.687764620780945,8.907914e-07,0.0,0.2048547863960266,-0.0003149134294381017
157800,-0.0005941326380707324,1.1734887084458024e-05,-3.687788152694702,6.5356494e-07,0.0,0.09371674060821533,-0.0002500448683653622
158000,-0.0007487244438380003,1.687044468781096e-05,-3.6878416895866395,8.7708236e-07,0.0,0.03842341899871826,-0.00031713183337638283
158200,-0.0006894777761772275,2.856782352864684e-05,-3.6875417470932006,7.858872e-07,0.0,0.025858700275421143,-0.0002812870306012183
158400,-0.00050402368651703,1.0827091955434298e-05,-3.687718027830124,4.658103e-07,0.0,0.0877348780632019,-0.00019168054132308044
158600,-0.0006083298940211535,1.8802885256263836e-05,-3.687842571735382,6.6936013e-07,0.0,0.16159623861312866,-0.00029806863057668664
158800,-0.0003800909034907818,3.742334383787238e-05,-3.6876391410827636,7.7039005e-07,0.0,-0.14638376235961914,-0.00026190604148481624
159000,-0.0006973662530072033,1.8391410094409366e-05,-3.6876837849617004,8.895993e-07,0.0,-0.08007359504699707,-0.000325976849961096
159200,-0.0006103040650486946,2.201443921876489e-05,-3.6877214074134828,6.5356494e-07,0.0,0.009021341800689697,-0.00021442560889681773
159400,-0.0005873935879208148,1.6792997303127778e-05,-3.687800180912018,7.0184467e-07,0.0,0.04496312141418457,-0.00028045785453620906
159600,-0.0006880409200675786,9.426449912552925e-06,-3.6876773118972777,8.7291005e-07,0.0,0.10381525754928589,-0.0003245184729223194
159800,-0.0007711987127549946,3.905331659552758e-05,-3.687599462270737,7.4386594e-07,0.0,0.14702922105789185,-0.00025381630396759114
160000,-0.0006243156967684627,1.8640669031810832e-05,-3.6876940369606017,7.2419647e-07,0.0,-0.13643789291381836,-0.0002745394551657121
160200,-0.0004826684307772666,1.7575308970663172e-05,-3.687868684530258,5.245209e-07,0.0,-0.06693565845489502,-0.0002085066290859472
160400,-0.0004933574236929417,1.4592031175197916e-05,-3.6877195119857786,6.210804e-07,0.0,0.01841205358505249,-0.00022675325740232344
160600,-0.0006025087204761803,3.24248215292755e-05,-3.6876988291740416,8.0496073e-07,0.0,0.008153796195983887,-0.000275582737381852
160800,-0.0004446674429345876,1.781426360594196e-05,-3.687777268886566,8.323789e-07,0.0,-0.020592808723449707,-0.00032527428981393713
161000,-0.0006024534814059734,4.7245907762771824e-05,-3.68771430850029,7.799268e-07,0.0,0.05532491207122803,-0.0002699928510911498
161200,-0.0008274399442598224,1.2088676317034697e-05,-3.6878216564655304,9.62615e-07,0.0,0.20550382137298584,-0.0003048288309184244
161400,-0.0005594785325229168,2.7793487879534952e-05,-3.6877062618732452,5.480647e-07,0.0,-0.08293628692626953,-0.0002079084950336263
161600,-0.0007746514165773988,1.233426870612675e-05,-3.6877187848091126,7.271767e-07,0.0,0.1451430320739746,-0.0002567983717116196
161800,-0.00028912295238114893,1.9525859306668282e-05,-3.6877744674682615,5.8025125e-07,0.0,-0.0506976842880249,-0.00020968150138820363
162000,-0.0009105894714593887,3.304756437501055e-05,-3.6876115918159487,7.635355e-07,0.0,-0.039865732192993164,-0.0002865048737540121
162200,-0.0006105662905611098,2.0905764199596887e-05,-3.687803626060486,6.583333e-07,0.0,-0.046819210052490234,-0.0002499843393877654
162400,-0.0007367191719822586,1.9954829144808173e-05,-3.68775954246521,8.0287464e-07,0.0,0.040587007999420166,-0.00033633231998919655
162600,-0.0007713400991633534,1.3115710362399114e-05,-3.6876055777072905,6.5356494e-07,0.0,-0.048756957054138184,-0.0002471209597272317
162800,-0.0007847130764275789,1.959883372819604e-05,-3.6878151297569275,7.1912996e-07,0.0,0.11405116319656372,-0.00027974948978657375
163000,-0.00047437529428862035,1.1306488465834263e-05,-3.687792158126831,7.06017e-07,0.0,0.13687068223953247,-0.00023057982515228836
163200,-0.00033837073715403676,2.0702777828773832e-05,-3.6876684844493868,6.5028667e-07,0.0,0.01984870433807373,-0.00023137657013272417
163400,-0.0005239974125288427,9.95140431996333e-06,-3.687620812654495,6.371737e-07,0.0,-0.15140724182128906,-0.00021945563747980402
163600,-0.0005519816186279058,1.9620586181190446e-05,-3.6877331137657166,8.893013e-07,0.0,0.10758095979690552,-0.00033307912839268815
163800,-0.0006653695600107312,2.1715916682296664e-05,-3.6876366078853606,8.2850454e-07,0.0,-0.027177095413208008,-0.00028052572896770657
164000,-0.0006370307528413832,1.3886202168578166e-05,-3.687593585252762,7.089972e-07,0.0,0.08018112182617188,-0.00023439829269342738
164200,-0.0008893948397599161,2.710310163820395e-05,-3.6877859234809875,9.557605e-07,0.0,-0.015118002891540527,-0.0002884150147905551
164400,-0.0006587489042431116,1.36239323069276e-05,-3.6876379013061524,6.0886146e-07,0.0,0.03026711940765381,-0.00023873768677480368
164600,-0.0004353323602117598,9.349635365651921e-06,-3.68767871260643,5.167723e-07,0.0,-0.25639772415161133,-0.00018133476336323895
164800,-0.0005959466798231006,1.150976995631936e-05,-3.6878836512565614,7.8409914e-07,0.0,0.06718224287033081,-0.00023786640040954766
165000,-0.0006712873000651598,1.85202314014532e-05,-3.6878518223762513,7.808208e-07,0.0,0.1035534143447876,-0.0002519716040260356
165200,-0.0002760838542599231,1.2408729571689036e-05,-3.687779200077057,5.477667e-07,0.0,0.03149992227554321,-0.0002155015416655637
165400,-0.0006280256202444434,2.1346486755646764e-05,-3.6876064360141756,6.946921e-07,0.0,0.10453993082046509,-0.00025885307409261314
165600,-0.0003133182181045413,5.0658761847444114e-05,-3.6878195703029633,7.3671345e-07,0.0,0.051627397537231445,-0.00026176665656749696
165800,-0.0004199567483738065,1.7950147685041885e-05,-3.6876162469387053,3.170967e-07,0.0,0.06752943992614746,-0.00011050275713386792
166000,-0.0005884744459763169,1.88751956784472e-05,-3.6875559270381926,6.735325e-07,0.0,0.047958314418792725,-0.0002279506035517187
166200,-0.0004572099423967302,1.9765844149333135e-05,-3.6877661406993867,6.0915943e-07,0.0,-0.016632676124572754,-0.00023961742111584529
166400,-0.00035129670868627727,1.2726173406463203e-05,-3.687806564569473,6.812811e-07,0.0,0.029362618923187256,-0.000267172634899826
166600,-0.0005854800692759454,2.0477431326071384e-05,-3.687817597389221,3.9011238e-07,0.0,-0.03137803077697754,-0.00017567852904358804
166800,-0.0006549895042553544,1.101345832239531e-05,-3.6876398086547852,8.1092116e-07,0.0,0.0574338436126709,-0.00024282720521711098
167000,-0.0007207654416561127,9.909032462473987e-06,-3.687670129537582,8.4728003e-07,0.0,0.05584239959716797,-0.000298566071854367
167200,-0.0006999284960329533,1.3788674550596625e-05,-3.687569934129715,9.2446805e-07,0.0,0.1028817892074585,-0.0002874768389004911
167400,-0.0005998098640702665,1.616408835616312e-05,-3.687810146808624,6.1273573e-07,0.0,0.07161730527877808,-0.00024248470425289881
167600,-0.0006381148123182356,1.5990031147339324e-05,-3.6876964032649995,7.027388e-07,0.0,0.09841972589492798,-0.00022558943832766686
167800,-0.00028152921004220843,5.120704345245031e-05,-3.687650126218796,6.610155e-07,0.0,0.008908331394195557,-0.0002313547507537095
168000,-0.0006516293506138027,2.9740915988440974e-05,-3.6878224074840547,7.182359e-07,0.0,0.022196173667907715,-0.0002940644925229385
168200,-0.00034811091609299183,2.355747074034298e-05,-3.687929707765579,5.90384e-07,0.0,0.10896199941635132,-0.0002378942074018564
168400,-0.00038827711250633,3.0456425793090603e-05,-3.6875758469104767,9.10759e-07,0.0,-0.14943647384643555,-0.0002880505627913976
168600,-0.0004472829168662429,2.165566193070845e-05,-3.6878905415534975,5.2273276e-07,0.0,-0.1901458501815796,-0.00020110989973568528
168800,-0.00035191202186979353,2.437958178234112e-05,-3.6877371788024904,5.531311e-07,0.0,-0.10625910758972168,-0.00020993966858724457
169000,-0.0006234992761164904,1.6624576505819278e-05,-3.6877006590366364,7.0244073e-07,0.0,0.19546198844909668,-0.0002948317247078114
169200,-0.0005561124999076128,2.30655897212273e-05,-3.6877520740032197,8.0138443e-07,0.0,-0.05474662780761719,-0.0002877121887768119
169400,-0.0005737617611885071,1.2070512821082956e-05,-3.687827396392822,6.482005e-07,0.0,0.1283366084098816,-0.0002415377640572869
169600,-0.0003345088625792414,3.3057673545044966e-05,-3.687729096412659,6.979704e-07,0.0,-0.028420090675354004,-0.0002388960283341568
169800,-0.0004304793255869299,4.104752515559085e-05,-3.687781184911728,7.1138146e-07,0.0,0.12513989210128784,-0.0002092510765526967
170000,-0.0006999923498369753,1.8308442326997466e-05,-3.687700253725052,8.323789e-07,0.0,-0.18050408363342285,-0.00028749599877304633
170200,-0.0002842383401002735,1.7090943424591386e-05,-3.6877475500106813,4.0531157e-07,0.0,-0.010049223899841309,-0.00017919773323040732
170400,-0.00040054594865068793,5.584015088970773e-05,-3.6877674221992494,6.946922e-07,0.0,0.05357712507247925,-0.00025448605483853194
170600,-0.0008305154624395072,4.3191554277655085e-05,-3.687901496887207,7.3939566e-07,0.0,0.0893133282661438,-0.0003161761194217405
170800,-0.0005713858408853412,1.8196721816821083e-05,-3.687818777561188,5.8740375e-07,0.0,0.0011810660362243652,-0.00022859431838755383
171000,-0.00033567205537110567,3.9959636069397675e-05,-3.687631183862686,7.18832e-07,0.0,0.02827233076095581,-0.00026598411190821293
171200,-0.0008077246602624655,1.9367261734259956e-05,-3.6877543568611144,6.955862e-07,0.0,0.09484237432479858,-0.00026375159631555347
171400,-0.00017591552750673145,1.1407994225010044e-05,-3.6876994907855987,8.7827436e-07,0.0,-0.07990133762359619,-0.0002823606089706221
171600,-0.0006132411072030663,1.3328983573046572e-05,-3.6877339124679565,5.52237e-07,0.0,0.09905028343200684,-0.0002159064769153618
171800,-0.000496840279083699,2.2461651155936124e-05,-3.687970405817032,6.9677833e-07,0.0,-0.0010612010955810547,-0.0002756454167474498
172000,-0.00043302777339704335,3.068787336815149e-05,-3.6878877758979796,5.620718e-07,0.0,0.036369383335113525,-0.0002024693208995787
172200,-0.0007808898226357996,2.1680028976334142e-05,-3.6876797318458556,8.171796e-07,0.0,-0.16235530376434326,-0.0002822828881587691
172400,-0.0006184489466249943,2.0664188605223897e-05,-3.687607979774475,6.219745e-07,0.0,0.05457139015197754,-0.00021928509974804554
172600,-0.0007895451853983104,2.313035972747457e-05,-3.68766930103302,7.6621774e-07,0.0,0.025685131549835205,-0.0002554594578381808
172800,-0.0004017144674435258,2.366514086133975e-05,-3.687698072195053,8.8810924e-07,0.0,0.025169789791107178,-0.00028383299762504424
173000,-0.00044716382399201393,2.3281592734747392e-05,-3.6878886580467225,6.1392785e-07,0.0,-0.07742667198181152,-0.0002604002498169056
173200,-0.0010418618330731988,1.2843294780395808e-05,-3.6879079580307006,9.3609094e-07,0.0,0.08843839168548584,-0.00034064020386663784
173400,-0.0006363598513416946,5.720110775655485e-05,-3.687709593772888,6.794929e-07,0.0,-0.04751467704772949,-0.0002713564076936237
173600,-0.0007860318874008954,2.2301501030597137e-05,-3.687926894426346,1.1825562e-06,0.0,0.027442336082458496,-0.0003618807417710743
173800,-0.0004756907292176038,1.3522967856260948e-05,-3.6876600623130797,7.6889995e-07,0.0,0.10505831241607666,-0.00026440545992953977
174000,-0.0005260631442070007,1.0797730863032484e-05,-3.6877363443374636,8.010864e-07,0.0,0.20781338214874268,-0.0002464162906132106
174200,-0.0007667983882129192,1.5591162923556113e-05,-3.687758260965347,9.75728e-07,0.0,0.12990158796310425,-0.00028250010186257055
174400,-0.00022179218649398535,1.3244831905012688e-05,-3.687800258398056,5.340577e-07,0.0,-0.30300021171569824,-0.0002195487043729294
174600,-0.000489406636916101,1.3079002155791385e-05,-3.687740904092789,6.371736e-07,0.0,0.061384499073028564,-0.00023982216608806617
174800,-0.0004066746332682669,2.071137391794764e-05,-3.687814235687256,4.5120714e-07,0.0,-0.0189056396484375,-0.00020551030398179292
175000,-0.0004778518923558295,5.2004614190082066e-05,-3.6875864982604982,7.018447e-07,0.0,-0.020885109901428223,-0.0002620623256186172
175200,-0.0007845901418477297,1.615913927253132e-05,-3.6877677142620087,6.905198e-07,0.0,0.14861804246902466,-0.0002854035171221847
175400,-0.0005419756635092199,1.3548919241657131e-05,-3.687674969434738,6.300211e-07,0.0,-0.35227644443511963,-0.000244664794146221
175600,-0.0003648499841801822,1.9637764944491208e-05,-3.6878726303577425,6.2316656e-07,0.0,0.14304465055465698,-0.00023098349398487095
175800,-0.0003815272939391434,3.8283288040474873e-05,-3.6875334978103638,8.773804e-07,0.0,-0.03688669204711914,-0.00025435095148576006
176000,-0.0009320772951468825,1.977984040877345e-05,-3.687656843662262,8.6277726e-07,0.0,0.029516756534576416,-0.0002969839577209754
176200,-0.00032884511165320873,1.633543122352421e-05,-3.6876672565937043,7.230044e-07,0.0,0.07327306270599365,-0.0002711419320552022
176400,-0.0006536989822052419,2.6554940131973125e-05,-3.6876240968704224,7.1644786e-07,0.0,0.04077392816543579,-0.0002614520278539256
176600,-0.0007256403332576156,6.196785165002439e-06,-3.687836688756943,6.097555e-07,0.0,-0.3328726291656494,-0.00027093510319193826
176800,-0.0004492361913435161,2.6575934134598357e-05,-3.6877008855342863,5.90384e-07,0.0,0.005834817886352539,-0.00021449191112470344
177000,-0.0006261992384679615,2.085175776755932e-05,-3.687663757801056,5.6654216e-07,0.0,0.020148396492004395,-0.00020345034499791304
177200,-0.0005157748819328845,1.8677797356758674e-05,-3.687615716457367,6.732344e-07,0.0,0.11760938167572021,-0.0002242992682909062
177400,-0.00021044023742433637,1.2173670825177396e-05,-3.6877061903476713,4.604459e-07,0.0,0.13678061962127686,-0.0001947053652429531
177600,-0.0004981218953616917,1.5196984873000474e-05,-3.687709367275238,6.198883e-07,0.0,0.015193819999694824,-0.00022014742944462818
177800,-0.0003337686648592353,8.95805562777241e-06,-3.6875810265541076,7.393956e-07,0.0,0.041068315505981445,-0.00027901243982392796
178000,-0.0005663781194016337,2.08698731057666e-05,-3.687722945213318,4.0382145e-07,0.0,-0.09287333488464355,-0.00019170827390517785
178200,-0.0007851941627450287,2.5744115964698723e-05,-3.6875876247882844,9.426475e-07,0.0,0.05363130569458008,-0.0002766417385758224
178400,-0.0007643082644790411,5.15388355779578e-05,-3.687721109390259,6.851554e-07,0.0,-0.06455767154693604,-0.0002746190193049669
178600,-0.0006923118489794433,1.4648002661488135e-05,-3.687662935256958,6.2644483e-07,0.0,0.0778091549873352,-0.0002246363323661349
178800,-0.00027843061252497137,2.9809419220327982e-05,-3.687679332494736,5.313754e-07,0.0,0.053807735443115234,-0.0001916802811905427
179000,-0.0005864786799065769,1.9961366137977166e-05,-3.6877465546131134,8.08537e-07,0.0,0.03717297315597534,-0.0002865546566970245
179200,-0.0003893112007062882,1.8586764508654596e-05,-3.6877211928367615,3.9994717e-07,0.0,-0.052541255950927734,-0.00014484870551484397
179400,-0.0005804927204735577,2.253100115012785e-05,-3.687688970565796,6.815791e-07,0.0,0.02840787172317505,-0.0002506015147499818
179600,-0.0006433289381675422,1.9244779446125902e-05,-3.6877239644527435,8.267164e-07,0.0,0.04871976375579834,-0.0003243055189769861
179800,-0.0007294686511158943,1.4882986374686879e-05,-3.6878006041049955,6.496906e-07,0.0,-0.037703752517700195,-0.00025763592274927747
180000,-0.0003163123910780996,1.7042457102434128e-05,-3.6875875174999235,6.1303376e-07,0.0,0.039581358432769775,-0.0002524250462272448
180200,-0.0004195792134851217,9.007032201679976e-06,-3.6878184497356417,5.9753654e-07,0.0,0.025493741035461426,-0.0002450472273238802
180400,-0.0007184264250099659,2.1284415583977535e-05,-3.687602013349533,7.516146e-07,0.0,0.007713258266448975,-0.00022053345944641478
180600,-0.0005837486241944134,2.7892541538676596e-05,-3.687803494930267,5.686283e-07,0.0,-0.09184825420379639,-0.0002409653369658038
180800,-0.0005561430589295924,1.8535384265305764e-05,-3.6877100467681885,5.6564807e-07,0.0,0.08818119764328003,-0.0002444143666393561
181000,-0.00036546774208545685,1.688234829089197e-05,-3.687703102827072,5.5372715e-07,0.0,-0.09159040451049805,-0.0002014984342167736
181200,-0.0007745083421468735,2.6790115907715516e-05,-3.6875467896461487,7.0661304e-07,0.0,0.09320700168609619,-0.00027874370026612636
181400,-0.0008042027475312352,2.1771239630652417e-05,-3.687772649526596,7.620454e-07,0.0,0.07952696084976196,-0.00028531783647256503
181600,-0.0007247421308420599,2.4224303706432694e-05,-3.687771111726761,7.936359e-07,0.0,0.021366477012634277,-0.0002785326602290805
181800,-0.000622737396042794,1.5535634565821967e-05,-3.687809485197067,4.887581e-07,0.0,-0.060631394386291504,-0.00020592001133534765
182000,-0.0005055633373558521,3.561288772289117e-05,-3.6877802312374115,5.322695e-07,0.0,-0.020259618759155273,-0.00020618013289799286
182200,-0.0006884270696900785,1.4484434109363064e-05,-3.6876838207244873,7.1525574e-07,0.0,0.004188597202301025,-0.0002821849278649369
182400,-0.0008763621444813907,6.477061901932757e-06,-3.687716567516327,9.3281267e-07,0.0,0.18321305513381958,-0.0003087654264811612
182600,-0.0005809423746541142,6.912110973189556e-06,-3.6877003490924833,7.31349e-07,0.0,0.05714917182922363,-0.00027369066866391736
182800,-0.0004995051422156394,3.689132254294236e-05,-3.6878354012966157,5.441904e-07,0.0,0.1308227777481079,-0.0002112841490717221
183000,-0.0007710003410466015,3.343771750223823e-05,-3.6876961171627043,7.399917e-07,0.0,-0.37187397480010986,-0.00024208633721967132
183200,-0.0005844078841619194,2.0786727077393152e-05,-3.687734913825989,8.08835e-07,0.0,-0.07399952411651611,-0.0002883524719774266
183400,-0.0007613547495566308,1.1982444459590624e-05,-3.6877447068691254,7.3969363e-07,0.0,0.014809966087341309,-0.00029147631698516195
183600,-0.0007818996673449874,2.1173301638555132e-05,-3.6877178609371186,7.301569e-07,0.0,0.027604341506958008,-0.00023805421649876203
183800,-0.0005593389505520463,2.2499787519336678e-05,-3.6876555263996122,8.693337e-07,0.0,0.11814576387405396,-0.0002794717700073779
184000,-0.0005645327619276941,1.3799173859752046e-05,-3.6877708792686463,6.2733886e-07,0.0,0.16305285692214966,-0.00022362550846306563
184200,-0.0005826808046549559,2.437145226394932e-05,-3.687802368402481,5.4091214e-07,0.0,0.02524775266647339,-0.00019937618162941818
184400,-0.0004416884621605277,1.7200730280819698e-05,-3.687719374895096,5.0216914e-07,0.0,0.06489282846450806,-0.0001909357163827785
184600,-0.000552804849576205,2.3266630432772217e-05,-3.687719535827637,6.1810016e-07,0.0,0.12698233127593994,-0.00026377024595420907
184800,-0.0005857511423528194,2.205057817263878e-05,-3.6875651717185973,7.4148176e-07,0.0,0.058170199394226074,-0.0002531128067953858
185000,-0.0007603497360832989,2.3651123956369702e-05,-3.687600666284561,6.768107e-07,0.0,0.09436303377151489,-0.0002693653570331911
185200,-0.0005500049446709454,1.65189097288021e-05,-3.687901133298874,6.0200693e-07,0.0,-0.033852219581604004,-0.00024343382606275554
185400,-0.000674780982080847,2.1959960281492386e-05,-3.6877526581287383,9.0003016e-07,0.0,0.04705613851547241,-0.00028466913232694235
185600,-0.0006758805830031633,2.861194921024435e-05,-3.6877524673938753,7.674098e-07,0.0,0.13257336616516113,-0.0002735538757718814
185800,-0.0003974644641857594,9.979895310152642e-06,-3.6876416206359863,6.127357e-07,0.0,-0.03463566303253174,-0.00020780454715207952
186000,-0.0006786453886888921,1.1375103622413007e-05,-3.6875978469848634,8.308888e-07,0.0,-0.054708242416381836,-0.00030358195168083134
186200,-0.0004342642205301672,1.299751097576518e-05,-3.687643563747406,6.723404e-07,0.0,0.09807080030441284,-0.00023819555098079093
186400,-0.0006482303142547607,1.869455768428452e-05,-3.6874813556671144,8.4489585e-07,0.0,0.2144308090209961,-0.00026409915210128253
186600,-0.00042478664545342326,2.498127641956671e-05,-3.6876703917980196,8.8006254e-07,0.0,0.23666781187057495,-0.00025208476132115853
186800,-0.0006041980814188719,1.632264531963301e-05,-3.687735325098038,7.835031e-07,0.0,-0.25580358505249023,-0.00027992152873548284
187000,-0.0005471244803629816,3.826353618023859e-05,-3.6877381801605225,7.671118e-07,0.0,0.022120952606201172,-0.0002802540664019415
187200,-0.00043122589704580605,2.295166505064117e-05,-3.687652200460434,4.9859284e-07,0.0,-0.00030040740966796875,-0.0001700195216768119
187400,-0.0006109074456617236,1.0622032471019338e-05,-3.687847578525543,6.327033e-07,0.0,0.1112515926361084,-0.000226114333718197
187600,-0.00035181426210328937,1.3863198137187283e-05,-3.6877963721752165,4.541874e-07,0.0,0.13475406169891357,-0.00017428816233358013
187800,-0.0005704204086214304,3.0221417728171218e-05,-3.687702339887619,6.9350006e-07,0.0,0.060139477252960205,-0.00025985250656823666
188000,-0.0006017460254952312,1.3388719935392146e-05,-3.6876231908798216,7.6800586e-07,0.0,-0.04190623760223389,-0.0002678003159185316
188200,-0.0005818631034344435,1.3826115832671348e-05,-3.6877044796943665,4.7653913e-07,0.0,-0.0043495893478393555,-0.0002051055725429851
188400,-0.0004652331117540598,1.5813949744369893e-05,-3.6877491772174835,5.581975e-07,0.0,-0.012108445167541504,-0.0002480681536723095
188600,-0.0004624369030352682,2.9568215359176976e-05,-3.6878549635410307,5.558133e-07,0.0,0.110931396484375,-0.00021583705954748568
188800,-0.0004709893837571144,2.0530190704448613e-05,-3.687628960609436,1.0102988e-06,0.0,-0.027330756187438965,-0.00032095189364529376
189000,-0.0008145676692947745,1.3010265524826536e-05,-3.687765669822693,1.0192393e-06,0.0,-0.015641093254089355,-0.0003037369470685114
189200,-0.000580329040531069,2.9524889896492823e-05,-3.6877467811107634,6.1899425e-07,0.0,0.06137365102767944,-0.0002200690124479321
189400,-0.0006700243684463203,2.1573120966422722e-05,-3.687716376781464,6.0468915e-07,0.0,-0.08194088935852051,-0.00023507019987221157
189600,-0.0003512858529575169,1.1410891261220968e-05,-3.687724989652634,4.7922134e-07,0.0,-0.02265346050262451,-0.00021210249150387382
189800,-0.00044426287058740854,1.6671809748913802e-05,-3.6878288447856904,6.9230794e-07,0.0,-0.031036376953125,-0.00023500305316370707
190000,-0.0006075259298086166,1.8694303184929596e-05,-3.687638747692108,8.7201596e-07,0.0,0.10134035348892212,-0.0002977250838864798
190200,-0.0006083709304220974,4.9058064223572726e-05,-3.6876918494701387,6.6220764e-07,0.0,0.10130578279495239,-0.00022551363813330116
190400,-0.00045546097680926323,7.834506925519236e-06,-3.6877568662166595,5.829334e-07,0.0,-0.10662221908569336,-0.00023582944204463273
190600,-0.0006790433544665575,1.8210413963970494e-05,-3.6877799928188324,5.626679e-07,0.0,0.08371824026107788,-0.0002606331703166154
190800,-0.0006208087434060872,4.935398592351703e-05,-3.687801569700241,6.80983e-07,0.0,-0.058440446853637695,-0.00022833450185522075
191000,-0.0005022668046876788,1.8116451906280416e-05,-3.6877082765102385,6.4522027e-07,0.0,0.005304872989654541,-0.00021842262250435507
191200,-0.0007211787742562592,1.9519064835549216e-05,-3.6877269387245177,9.524823e-07,0.0,0.041338324546813965,-0.000295567659829199
191400,-0.0006188407423906028,2.6654556904759374e-05,-3.687892758846283,5.9366226e-07,0.0,0.01595473289489746,-0.00024192226754031764
191600,-0.000502060167491436,1.9877855606864614e-05,-3.6877844989299775,7.754564e-07,0.0,0.09060937166213989,-0.0002791529517150337
191800,-0.00039425474824383855,1.1836903809125943e-05,-3.6876091837882994,6.2197444e-07,0.0,-0.09128129482269287,-0.00022251793091738749
192000,-0.0006341665866784751,2.2951834307605167e-05,-3.6877575159072875,9.036064e-07,0.0,-0.06032896041870117,-0.0003311908391127716
192200,-0.0005919121322222054,2.4126125072143623e-05,-3.687728297710419,7.1942804e-07,0.0,0.02280890941619873,-0.000283399849714705
192400,-0.0004963349201716483,3.155329104629345e-05,-3.68779256939888,7.146597e-07,0.0,-0.03150975704193115,-0.00023454084773311124
192600,-0.0007581031532026827,1.935205666541151e-05,-3.687623369693756,7.4803825e-07,0.0,0.09038519859313965,-0.00023755226234363215
192800,-0.0003801584243774414,1.9333822092448826e-05,-3.6876618027687074,4.673004e-07,0.0,0.08838021755218506,-0.00018216876035535013
193000,-0.0006220107316039503,1.1251629109665373e-05,-3.6878125607967376,5.7518486e-07,0.0,0.04997575283050537,-0.00022029688225924104
193200,-0.0007453305879607797,1.2188064101792406e-05,-3.687714821100235,7.554889e-07,0.0,-0.04742097854614258,-0.0002531146415144736
193400,-0.0005767542170360684,2.292666065386584e-05,-3.687687373161316,6.183982e-07,0.0,0.04934561252593994,-0.0002614560297186097
193600,-0.0004360248858574778,2.282771006321127e-05,-3.687692379951477,8.8006254e-07,0.0,0.05476367473602295,-0.00028802604028055345
193800,-0.0002296457241754979,3.519460897223325e-05,-3.6878427267074585,6.9499015e-07,0.0,0.08181965351104736,-0.0002044072457536572
194000,-0.0005956474342383444,2.212490119291033e-05,-3.687725859880447,4.9710275e-07,0.0,-0.3361271619796753,-0.00021409480502168065
194200,-0.00035563966957852244,1.648785266752384e-05,-3.687610077857971,7.638335e-07,0.0,0.17348462343215942,-0.00024899143351739814
194400,-0.00046660174848511815,1.3186350611249508e-05,-3.687706446647644,6.398559e-07,0.0,0.09536325931549072,-0.00023213777145514314
194600,-0.000500497582834214,1.0526348012263042e-05,-3.6879347920417787,4.87566e-07,0.0,0.05435985326766968,-0.00020558577047662395
194800,-0.0005986135802231729,2.7960516808889226e-05,-3.6876283288002014,6.353855e-07,0.0,-0.13996422290802002,-0.000225383866431339
195000,-0.0007468375260941684,2.315905026080145e-05,-3.687738072872162,7.867813e-07,0.0,0.12246882915496826,-0.0002447145467958656
195200,-0.0005954063963145018,1.743779066600837e-05,-3.687753176689148,6.920099e-07,0.0,-0.26888513565063477,-0.00024640813385419237
195400,-0.00035369733814150095,1.2452335772650258e-05,-3.687918561697006,5.620718e-07,0.0,0.1350618600845337,-0.00021656712971639401
195600,-0.0004738708375953138,2.581633762019919e-05,-3.687762463092804,4.7057867e-07,0.0,-0.1319805383682251,-0.0001830608533025524
195800,-0.0006764067802578211,2.9192816055001457e-05,-3.687787276506424,6.03199e-07,0.0,-0.040406227111816406,-0.00022125135394418516
196000,-0.0006743182893842459,2.483132275301614e-05,-3.687736749649048,8.925796e-07,0.0,0.03679239749908447,-0.0002843479467208976
196200,-0.0005339006311260164,3.9273790525840015e-05,-3.687810742855072,5.686283e-07,0.0,0.031625211238861084,-0.00023721955883524438
196400,-0.0003529036184772849,2.0006629483759752e-05,-3.6878036081790926,4.8279765e-07,0.0,-0.019196510314941406,-0.0001784315999006969
196600,-0.0004632814379874617,1.2468186423575389e-05,-3.6877982795238493,6.097555e-07,0.0,0.06380164623260498,-0.0002411895688068988
196800,-0.0007903684745542705,1.3531712920666904e-05,-3.687804859876633,6.452203e-07,0.0,-0.02276313304901123,-0.00025322969388981155
197000,-0.0004844434733968228,2.1792362144879007e-05,-3.687739634513855,5.7756904e-07,0.0,0.025313615798950195,-0.0002187245200826915
197200,-0.0006528299418278039,1.6160807990672766e-05,-3.6875717401504517,8.07941e-07,0.0,0.14119958877563477,-0.00023150345800559968
197400,-0.00041051997686736286,1.443508442662278e-05,-3.6876433074474333,5.7935716e-07,0.0,0.07091426849365234,-0.00021430767279388973
197600,-0.0006461088196374476,9.489589194799919e-06,-3.687710678577423,8.2045796e-07,0.0,0.06974464654922485,-0.00028797159885174395
197800,-0.0005682461778633296,7.757862852031394e-06,-3.6879128396511076,6.3061714e-07,0.0,0.0738905668258667,-0.0002426614606699573
198000,-0.00027048721676692367,8.023702821446933e-06,-3.687854164838791,5.754829e-07,0.0,0.03349345922470093,-0.0001899287914634229
198200,-0.0007322337478399277,1.5736755017314863e-05,-3.6878659188747407,6.54459e-07,0.0,0.09968894720077515,-0.00024773779681914744
198400,-0.0003826301544904709,1.0525800053073909e-05,-3.6877376079559325,6.371737e-07,0.0,0.06123119592666626,-0.00025399277936344333
198600,-0.00039226855733431876,2.4664497686899267e-05,-3.6877949595451356,6.487966e-07,0.0,0.04744422435760498,-0.00021420250259955863
198800,-0.0006389292539097369,2.376096510943171e-05,-3.687742602825165,7.194281e-07,0.0,-0.024603843688964844,-0.00024284053540646333
199000,-0.0006394160445779562,2.9517038706217134e-05,-3.6876053512096405,9.077787e-07,0.0,0.11428523063659668,-0.00026870444379210043
199200,-0.0005908669554628432,2.7478504580358277e-05,-3.6876365780830382,9.3191863e-07,0.0,-0.01860785484313965,-0.0003090142669774476
199400,-0.0004777861468028277,5.653989337588428e-05,-3.6876734137535094,6.2495474e-07,0.0,0.024007201194763184,-0.00023520687862719215
199600,-0.00043920218013226986,3.407944473110547e-05,-3.6877882421016692,4.7832725e-07,0.0,-0.03714859485626221,-0.0001836710334351288
199800,-0.0006570830009877682,1.374407052026072e-05,-3.687643659114838,8.1986184e-07,0.0,0.09088921546936035,-0.00024071387849153859
200000,-0.0005984738236293197,2.361115280109516e-05,-3.687658989429474,7.644296e-07,0.0,0.13345158100128174,-0.0002745490832628761
