timestep,loss,value_loss,entropy_loss,approx_kl,clip_fraction,explained_variance,policy_gradient_loss
200,,,,,,,
400,0.08268678188323975,0.2007309529930353,-3.688873511552811,4.2617324e-07,0.0,-2.929358959197998,-0.00028321472310866014
600,0.09274323284626007,0.23517691381275654,-3.6888711929321287,2.9176476e-07,0.0,-6.749809741973877,-0.00020154061141246514
800,0.0930691808462143,0.20039747506380082,-3.688868123292923,5.796552e-07,0.0,-3.7337965965270996,-0.00026599907746414073
1000,0.09606701880693436,0.1879308070987463,-3.688867223262787,6.4522027e-07,0.0,-5.982824802398682,-0.00025370731976317453
1200,0.0679234117269516,0.17714725024998187,-3.6888674974441527,8.3386897e-07,0.0,-6.2786712646484375,-0.0003097407838574762
1400,0.0740978792309761,0.15386456921696662,-3.6888667941093445,5.581975e-07,0.0,-4.080101013183594,-0.00023699837326238705
1600,0.08014719188213348,0.16113839410245417,-3.6888664186000826,4.836917e-07,0.0,-7.445924758911133,-0.00022847539226038548
1800,0.06984774023294449,0.13093455787748098,-3.6888659298419952,6.7979096e-07,0.0,-5.014595031738281,-0.0002850602558395421
2000,0.06667767465114594,0.13886686377227306,-3.6888646602630617,9.289384e-07,0.0,-8.651641845703125,-0.0003170448999605946
2200,0.04895756021142006,0.11695406306535006,-3.6888635873794557,7.614493e-07,0.0,-5.962547302246094,-0.0003084392232594824
2400,0.059276383370161057,0.11330429688096047,-3.688863658905029,5.763769e-07,0.0,-6.662148952484131,-0.00022925175890866622
2600,0.04565700888633728,0.0942499564960599,-3.6888629138469695,6.9618227e-07,0.0,-6.737340450286865,-0.0002783306244932726
2800,0.037789393216371536,0.0922269307076931,-3.688860011100769,6.398559e-07,0.0,-5.077124118804932,-0.00024966493371334495
3000,0.02958778664469719,0.0630549049936235,-3.6888595104217528,1.2618303e-06,0.0,-2.0914487838745117,-0.00041550691342717716
3200,0.032870739698410034,0.0637419668957591,-3.688857465982437,7.390976e-07,0.0,-3.2843942642211914,-0.0002877351511870074
3400,0.032729100435972214,0.0632940168492496,-3.6888553321361544,3.4600498e-07,0.0,-4.5879902839660645,-0.0001468209784311725
3600,0.02096131630241871,0.051793248020112516,-3.688854086399078,7.4356797e-07,0.0,-4.251121520996094,-0.0002719966726719925
3800,0.020683465525507927,0.04493671143427491,-3.6888547003269196,9.948016e-07,0.0,-6.345792770385742,-0.00030103141051518456
4000,0.017642682418227196,0.040497233532369135,-3.6888522446155547,1.0952353e-06,0.0,-3.8701963424682617,-0.00037500751134347257
4200,0.017184583470225334,0.03537414730526507,-3.688850390911102,7.912517e-07,0.0,-2.921530246734619,-0.00030124311325652187
4400,0.017394443973898888,0.03304482204839587,-3.6888487577438354,9.334087e-07,0.0,-4.714701175689697,-0.00030503166149578045
4600,0.011885127983987331,0.028081043111160397,-3.688848561048508,7.343292e-07,0.0,-4.614028453826904,-0.0002272790810738945
4800,0.01003962755203247,0.024752252828329803,-3.688849377632141,8.5413456e-07,0.0,-6.231931209564209,-0.00028883999604067956
5000,0.010046064853668213,0.02043994525447488,-3.688848280906677,6.7055225e-07,0.0,-6.356887340545654,-0.00022609429174462735
5200,0.007605244871228933,0.017513033654540777,-3.6888456523418425,9.331107e-07,0.0,-5.202085494995117,-0.00032768067270023683
5400,0.006804746109992266,0.013858755049295724,-3.6888452112674712,9.152293e-07,0.0,-8.795345306396484,-0.00032740770961401375
5600,0.003224880900233984,0.010468737210612745,-3.6888438880443575,1.2367964e-06,0.0,-3.147963523864746,-0.00034860244668697413
5800,0.0039406511932611465,0.010862880083732308,-3.6888438045978544,1.1503697e-06,0.0,-5.967868804931641,-0.00037161079349971036
6000,0.0027525871992111206,0.006533900380600244,-3.6888419926166534,5.4091214e-07,0.0,-4.958658695220947,-0.00019610047350000493
6200,0.002704208716750145,0.007727683580014855,-3.6888434648513795,6.9051987e-07,0.0,-6.752567768096924,-0.00026357385559738766
6400,0.0015262459637597203,0.005985627882182598,-3.688843470811844,9.298325e-07,0.0,-4.665452003479004,-0.00030864675486172997
6600,0.0018823957070708275,0.005596981558483094,-3.6888435781002045,1.0678172e-06,0.0,-12.318124771118164,-0.00029974645321408924
6800,0.001361409667879343,0.004199138924013824,-3.6888402879238127,7.18832e-07,0.0,-5.027225971221924,-0.0002601847359187559
7000,0.0015786883886903524,0.004379153496120125,-3.68884094953537,6.6637995e-07,0.0,-12.05917739868164,-0.0002579039021951557
7200,0.001785655738785863,0.003299559885635972,-3.688839477300644,6.2733886e-07,0.0,-4.1504411697387695,-0.00022939150814524912
7400,0.0008295304724015296,0.002953961049206555,-3.6888363003730773,7.05719e-07,0.0,-3.5555520057678223,-0.0002666552810924205
7600,0.0004930573632009327,0.002389338007196784,-3.6888332068920135,6.625056e-07,0.0,-10.066608428955078,-0.00026106985247662526
7800,0.0010075041791424155,0.002701840180088766,-3.6888335704803468,5.838275e-07,0.0,-12.451284408569336,-0.00021887886392186752
8000,0.00033676554448902607,0.002061925898306072,-3.6888319551944733,9.2327593e-07,0.0,-10.588045120239258,-0.0002986431938616363
8200,0.0005276692099869251,0.0016724256915040315,-3.6888306200504304,7.2419647e-07,0.0,-7.643398284912109,-0.0002625818097203192
8400,0.0008330270648002625,0.0026143561612116174,-3.688829743862152,5.7488677e-07,0.0,-4.4659881591796875,-0.00020552483731126615
8600,0.00018422379798721522,0.0014855940753477626,-3.6888277173042296,4.890561e-07,0.0,-9.668542861938477,-0.00016409611669723211
8800,0.0002637642901390791,0.0013479361470672302,-3.6888270735740663,5.725026e-07,0.0,-13.544992446899414,-0.0002222391340834573
9000,0.0005179293802939355,0.0017424988414859398,-3.688826733827591,4.9620866e-07,0.0,-21.594608306884766,-0.0002072867157855818
9200,0.0003221133374609053,0.0012039492779877038,-3.688823390007019,5.796552e-07,0.0,-11.3108491897583,-0.00020940563138878155
9400,0.000577684782911092,0.0020321665273513646,-3.6888241112232207,6.6757207e-07,0.0,-3.4695205688476562,-0.0002525275967289353
9600,-5.186616908758879e-05,0.0017102752230130137,-3.6888256907463073,7.513165e-07,0.0,-24.83009147644043,-0.00025522186396029765
9800,6.165803642943501e-05,0.0018288971419679,-3.6888237059116364,8.2939863e-07,0.0,-4.3226728439331055,-0.00028841707122455594
10000,7.365591591224074e-05,0.0013568896989454514,-3.6888233602046965,7.1197746e-07,0.0,-1.4606521129608154,-0.00026141909511396834
10200,0.0003190492279827595,0.0017806692922022194,-3.688824933767319,5.453825e-07,0.0,-14.565329551696777,-0.0002272964416877077
10400,0.0004307328490540385,0.002060259273275733,-3.6888239085674286,5.120039e-07,0.0,-13.180437088012695,-0.0001942274881047257
10600,0.0004996022908017039,0.0017576664977241307,-3.68882195353508,5.194545e-07,0.0,-23.07854652404785,-0.00019107825343581686
10800,0.00034020456951111555,0.0016368738128221595,-3.688820368051529,5.1289794e-07,0.0,-16.901473999023438,-0.0002103998943256302
11000,-0.00017870552255772054,0.00047466794385400137,-3.68881796002388,3.1083823e-07,0.0,-7.361804008483887,-0.0001389351556605689
11200,0.0002187875797972083,0.0015914177667582408,-3.688820004463196,4.774332e-07,0.0,-18.97884750366211,-0.00020788954095951606
11400,0.0002686662191990763,0.001527312898542732,-3.6888197004795074,5.197525e-07,0.0,-14.772531509399414,-0.00019363355513970503
11600,4.62345196865499e-05,0.0009646085884014611,-3.6888167440891264,5.4180623e-07,0.0,-10.097198486328125,-0.00019319073874408678
11800,5.791365401819348e-05,0.0011473166654468515,-3.6888148367404936,3.7372115e-07,0.0,-10.391827583312988,-0.0001622624971437503
12000,0.00027832575142383575,0.001435265714826528,-3.6888128936290743,4.7355894e-07,0.0,-25.97887420654297,-0.00018297552377362082
12200,0.0001458618207834661,0.0010687285597668962,-3.688812255859375,5.322695e-07,0.0,-12.483572959899902,-0.00019492727417138588
12400,-3.5802717320621014e-05,0.001202090282458812,-3.688810098171234,6.1899425e-07,0.0,-2.584564447402954,-0.00023734236809331845
12600,0.0001584429992362857,0.0009191738558001816,-3.6888086080551146,3.924966e-07,0.0,-12.500838279724121,-0.00016115218526888687
12800,-0.00043704634299501777,0.0011676155634631868,-3.6888092756271362,7.9691404e-07,0.0,-1.9458754062652588,-0.00027277606924429597
13000,0.00012952915858477354,0.001564679926377721,-3.68880917429924,4.6461818e-07,0.0,-20.431089401245117,-0.00018735128538538426
13200,8.221814641728997e-05,0.0010961734791635537,-3.688805174827576,5.507469e-07,0.0,-1.9103975296020508,-0.00019346623381806262
13400,0.00033298449125140905,0.0009466921401326545,-3.6888008296489714,4.0471556e-07,0.0,-12.006705284118652,-0.00015914062415436358
13600,0.0001432715216651559,0.0007782394532114267,-3.6888038218021393,3.141165e-07,0.0,-10.232586860656738,-0.00014535479122923523
13800,-0.00010769959772005677,0.0009564797481289133,-3.688797354698181,3.2305718e-07,0.0,-13.028470039367676,-0.0001349177369948773
14000,0.0001499656355008483,0.001095325715141371,-3.688798928260803,4.2468307e-07,0.0,-9.553168296813965,-0.0001993878258627957
14200,7.875729352235794e-06,0.0010885412004427053,-3.688794958591461,4.974008e-07,0.0,-12.898972511291504,-0.00019940478349542712
14400,-0.0004062503285240382,0.0004690787463914603,-3.688792258501053,4.711747e-07,0.0,-11.824458122253418,-0.00021006648188031106
14600,-0.00014717885642312467,0.0008472999121295288,-3.688790702819824,4.5925378e-07,0.0,-5.928816795349121,-0.0001957779518290903
14800,-9.732262697070837e-06,0.0011447719938587398,-3.688795232772827,4.902482e-07,0.0,-4.319850921630859,-0.0001906376938416443
15000,1.7991813365370035e-05,0.0009060076044988818,-3.68879274725914,2.643466e-07,0.0,-15.729248046875,-0.0001279106877502656
15200,-0.0001738686260068789,0.0007062649085128215,-3.6887872517108917,5.078316e-07,0.0,-8.7515287399292,-0.00021297587413733333
15400,-5.889683961868286e-06,0.0009117962108575739,-3.6887907803058626,4.7236682e-07,0.0,-19.928813934326172,-0.0001798619408624802
15600,-8.115930540952832e-05,0.0006793516004108824,-3.6887856125831604,4.4047832e-07,0.0,-9.238543510437012,-0.00020539528045435685
15800,-0.00025206358986906707,0.0010239504103083164,-3.688790762424469,5.5134296e-07,0.0,-6.918211460113525,-0.0002190662176817515
16000,9.663635864853859e-06,0.0007924167344754096,-3.688789117336273,3.8444995e-07,0.0,-14.591376304626465,-0.00015883895712807128
16200,3.7400954170152545e-05,0.0006561483591212891,-3.688782238960266,3.5047532e-07,0.0,-7.6139726638793945,-0.00016366539836918382
16400,-0.00020020382362417877,0.000579542868581484,-3.6887790143489836,3.260374e-07,0.0,-6.5099334716796875,-0.00014037178062880072
16600,-0.00016074722225312144,0.00047819401897868373,-3.6887836933135985,4.4792893e-07,0.0,-9.620102882385254,-0.00017778605109730616
16800,-0.00022584281396120787,0.0005772136719315313,-3.688784033060074,5.733967e-07,0.0,-13.553674697875977,-0.00022115577936834274
17000,-0.0003331818734295666,0.0007609690444951411,-3.6887897074222566,5.218387e-07,0.0,-3.4132118225097656,-0.00021445855542490122
17200,-0.0002678695018403232,0.0005381963608670048,-3.688788801431656,3.066659e-07,0.0,-13.405205726623535,-0.00013218690442591275
17400,-0.00044339156011119485,0.0007119261339539662,-3.68878578543663,5.286932e-07,0.0,-2.5591886043548584,-0.00025365883394314894
17600,-0.00010133844625670463,0.0005134000573889352,-3.688786679506302,3.72231e-07,0.0,-11.593561172485352,-0.00016854344890715467
17800,-0.00011060059478040785,0.0005305399812641553,-3.688785207271576,3.6090614e-07,0.0,-15.70749282836914,-0.00013677104548905916
18000,-0.00010256854875478894,0.0006491125241154805,-3.6887872576713563,3.7401915e-07,0.0,-2.4336860179901123,-0.00017037942323969713
18200,-0.00029832107247784734,0.00041229944399674424,-3.688782638311386,3.2305718e-07,0.0,-5.438035488128662,-0.00015750591502410315
18400,-0.0002701148041523993,0.0004403238264785614,-3.6887795269489287,4.720688e-07,0.0,-5.148599147796631,-0.0001787366275967095
18600,-0.00021887262118980289,0.0005965331693005282,-3.688781362771988,5.5879354e-07,0.0,-14.790940284729004,-0.00023263090745855307
18800,-0.00012491917004808784,0.0004124372611840954,-3.688775587081909,2.9176474e-07,0.0,-5.662014007568359,-0.00013032423014147643
19000,-0.00033264796365983784,0.00021920803774264642,-3.6887779593467713,5.00679e-07,0.0,-4.0654754638671875,-0.00018463688749692508
19200,6.308651791187003e-05,0.0004602651839377359,-3.688778650760651,4.87864e-07,0.0,-2.176547050476074,-0.00018711444070458328
19400,-4.015341983176768e-05,0.00041628975268395154,-3.688777023553848,3.749132e-07,0.0,-5.540957450866699,-0.0001654184456342578
19600,-0.00020594429224729538,0.0003849017015454592,-3.688772660493851,3.927946e-07,0.0,-7.808138847351074,-0.00016159491876828193
19800,-0.00048629610682837665,0.0003680984413222177,-3.6887779891490937,5.5283306e-07,0.0,-9.535831451416016,-0.0002593117051611582
20000,-0.00022321249707601964,0.00035675992985488846,-3.688779503107071,3.6507845e-07,0.0,-6.949208736419678,-0.0001233312857686908
20200,1.4599962014472112e-05,0.0002492248500857386,-3.688774514198303,3.5464763e-07,0.0,-7.213741302490234,-0.00014639806914247268
20400,-0.00029923763941042125,0.00040773693690425715,-3.6887738585472105,3.8444995e-07,0.0,-7.685724258422852,-0.000173284493643866
20600,-0.0003156797029078007,0.0003589881624066038,-3.6887623190879824,6.210804e-07,0.0,-7.6622724533081055,-0.00020063553809552826
20800,-0.00036043376894667745,0.00030162420734995975,-3.688770353794098,5.4359435e-07,0.0,-9.127739906311035,-0.00022866173880811135
21000,-0.00011785893002524972,0.0002666220061655622,-3.6887649416923525,3.761053e-07,0.0,-4.82807731628418,-0.00015991121610903214
21200,-0.0005367503617890179,0.00041980264577432533,-3.6887639701366424,9.0867275e-07,0.0,-3.946716785430908,-0.0002942263789045718
21400,-0.0005329189589247108,0.0003238692857848946,-3.6887731850147247,6.973744e-07,0.0,-8.070037841796875,-0.00025337730456069795
21600,-0.0003129644028376788,0.00020950495581928408,-3.6887631714344025,6.1661007e-07,0.0,-7.601819038391113,-0.00018861378626848778
21800,-0.0002823438844643533,0.00024485855265083957,-3.6887716233730314,5.927682e-07,0.0,-3.2600197792053223,-0.00023936435661249257
22000,-2.1474770619533956e-06,0.0001815967054426437,-3.6887747168540956,3.6001205e-07,0.0,-5.226284503936768,-0.00013498909744451558
22200,-0.0005168135394342244,0.00020165016594546613,-3.6887671530246733,6.198883e-07,0.0,-2.47161602973938,-0.00022770445475499556
22400,-0.00037806160980835557,0.0001499127913120901,-3.6887739956378938,6.538629e-07,0.0,-3.617621898651123,-0.000272462230242132
22600,-0.00030896347016096115,0.00017406825409125304,-3.6887631595134733,4.529953e-07,0.0,-4.985483646392822,-0.00016519352187573943
22800,-0.0005567253101617098,0.00014949179658287903,-3.688756877183914,6.252527e-07,0.0,-3.103699207305908,-0.00024939083116757297
23000,-0.0003103347262367606,0.00010249572060274658,-3.6887617349624633,4.2289494e-07,0.0,-2.3657302856445312,-0.00018132530891671328
23200,-0.0006383758736774325,0.00013820916346958257,-3.6887615263462066,5.584955e-07,0.0,-3.8713722229003906,-0.00023573720538297427
23400,-0.0006887266063131392,0.0001187229792776634,-3.6887502670288086,5.996227e-07,0.0,-4.470348358154297,-0.0002526174553208915
23600,-0.000565043359529227,0.00014917621647327905,-3.6887454807758333,6.869435e-07,0.0,-5.051495552062988,-0.0002453741289682565
23800,-0.00031191162997856736,9.121949879045132e-05,-3.6887535870075228,5.337596e-07,0.0,-3.521883487701416,-0.00020434547148533432
24000,-0.00010561765520833433,0.0001557820723974146,-3.6887463331222534,2.9921532e-07,0.0,-4.295350074768066,-0.00012697258489533514
24200,-0.0006062739412300289,0.00011680219377012691,-3.688750696182251,7.143617e-07,0.0,-2.5457208156585693,-0.00025234300933651976
24400,-0.0005036611109972,0.0001163103295766632,-3.688731533288956,5.653501e-07,0.0,-2.7038986682891846,-0.00020323006871807435
24600,-0.0005636853165924549,0.00010055306793219643,-3.688741773366928,6.6220764e-07,0.0,-1.1805100440979004,-0.00025647895108888986
24800,-0.0003148611285723746,7.723823637206806e-05,-3.6887364864349363,5.25415e-07,0.0,-1.2814230918884277,-0.0002205661949142179
25000,-0.000416405382566154,6.328082990876282e-05,-3.6887429654598236,4.3541195e-07,0.0,-1.9825565814971924,-0.00018975695954259741
25200,-0.00016210479952860624,8.152448954206193e-05,-3.6887379586696625,3.5762787e-07,0.0,-2.7881407737731934,-0.0001649789673479063
25400,-0.00032879997161217034,8.097933678072878e-05,-3.688749361038208,3.7878752e-07,0.0,-2.2506470680236816,-0.00016993345203066834
25600,-0.0002966782485600561,0.00010197833908023312,-3.688737040758133,3.7401915e-07,0.0,-2.6579575538635254,-0.0001468537594434327
25800,-0.00020287447841838002,8.432486374658766e-05,-3.688748162984848,3.6001205e-07,0.0,-1.963207721710205,-0.00014641808040232184
26000,-0.0005197968566790223,5.826060687468271e-05,-3.688728189468384,4.932284e-07,0.0,-2.114003896713257,-0.00020538996998510363
26200,-0.0003286855644546449,6.809626829635817e-05,-3.68873370885849,4.5478345e-07,0.0,-1.7103583812713623,-0.00020509993802624303
26400,-0.0004155541828367859,5.5879521642054894e-05,-3.688741999864578,6.556511e-07,0.0,-0.9260669946670532,-0.00024116566690144393
26600,-0.0005074769724160433,6.32602965197293e-05,-3.6887440264225004,5.8591365e-07,0.0,-0.7862639427185059,-0.0002069911652988754
26800,-0.0004888327093794942,4.7814171466598054e-05,-3.688726383447647,6.169081e-07,0.0,-1.746856927871704,-0.00019401556357410144
27000,-0.0006274874904192984,5.2280483669164826e-05,-3.6887298226356506,6.8068505e-07,0.0,-0.5842643976211548,-0.000224130509907583
27200,-0.0003994707076344639,4.580308936965594e-05,-3.6887349486351013,4.592538e-07,0.0,-0.8937777280807495,-0.00018669025620976498
27400,-0.0007276090327650309,3.64335329777532e-05,-3.6887229144573213,8.84831e-07,0.0,-0.5362207889556885,-0.00030606208691885683
27600,-0.0009983871132135391,7.525272058046539e-05,-3.6887254655361175,8.2135205e-07,0.0,-0.8972595930099487,-0.00031053584906657326
27800,-0.0003490975359454751,6.302470992523013e-05,-3.688747209310532,5.361438e-07,0.0,-0.22253191471099854,-0.00021497221114192834
28000,-0.0005153175443410873,8.690283766554785e-05,-3.6887312293052674,6.5386297e-07,0.0,-0.7074284553527832,-0.00023113735034554494
28200,-0.0001491696893936023,5.716092564398423e-05,-3.6887382566928864,4.580617e-07,0.0,-0.45264124870300293,-0.00015822535708003292
28400,-0.000445072102593258,4.9778148149925985e-05,-3.6887384355068207,6.4432624e-07,0.0,-0.7923033237457275,-0.00022864286592785276
28600,-0.0006255391053855419,3.701696155076206e-05,-3.6887327790260316,6.5892937e-07,0.0,-1.3898003101348877,-0.0002527983620911556
28800,-0.0006714806077070534,3.5614217858892515e-05,-3.688746303319931,5.4419036e-07,0.0,-0.19180738925933838,-0.00020657692814300964
29000,-0.0005186958005651832,3.311218738417665e-05,-3.688734990358353,6.458163e-07,0.0,0.025178492069244385,-0.00022166408724979547
29200,-0.0004102270177099854,4.727973582703271e-05,-3.6887483477592466,4.6908855e-07,0.0,-1.1483025550842285,-0.00018939007253812034
29400,-0.0007792202522978187,2.7802747490568434e-05,-3.688745468854904,6.7830086e-07,0.0,-0.8191705942153931,-0.0002720681864507135
29600,-0.0005053574568592012,2.693198130145902e-05,-3.6887370467185976,5.5789945e-07,0.0,-0.18919014930725098,-0.0002335636688828746
29800,-0.0006453554960899055,2.727233622863423e-05,-3.6887417852878572,6.9618227e-07,0.0,-0.4653027057647705,-0.0002589854929003543
30000,-0.00043050156091339886,4.27075574407354e-05,-3.688743895292282,5.310774e-07,0.0,0.04022330045700073,-0.00020516355445421297
30200,-0.000369184126611799,2.940439758276625e-05,-3.6887367486953737,4.908443e-07,0.0,-0.20777368545532227,-0.00023740027095686678
30400,-0.00043155724415555596,2.6755336989481293e-05,-3.688729166984558,7.724762e-07,0.0,-0.28992223739624023,-0.00022595790589798325
30600,-0.00038122633122839034,3.203267556273204e-05,-3.6887417435646057,6.4432624e-07,0.0,0.09214645624160767,-0.0002415965481916915
30800,-0.0007122854585759342,2.707273661144427e-05,-3.688742595911026,7.8201293e-07,0.0,0.0757487416267395,-0.0003078147472492687
31000,-0.0005993403028696775,6.397258048309595e-05,-3.688743656873703,7.3492527e-07,0.0,-0.03166484832763672,-0.0003172546985715563
31200,-0.00028762719011865556,3.7660929092453446e-05,-3.6887364983558655,4.7534704e-07,0.0,-0.06540870666503906,-0.00017930029222270604
31400,-0.0005047592567279935,2.8637726109081997e-05,-3.6887331128120424,6.2584877e-07,0.0,0.140816330909729,-0.00027385306518659116
31600,-0.0006553352577611804,3.4776291613525245e-05,-3.688732498884201,5.26309e-07,0.0,-0.07623302936553955,-0.00021682189460441313
31800,-0.0003873991663567722,1.659240972458065e-05,-3.6887363612651827,6.6787004e-07,0.0,-0.6119518280029297,-0.0002527021384489458
32000,-0.0006422760779969394,3.707765927174478e-05,-3.688734602928162,5.6743625e-07,0.0,0.10892057418823242,-0.00023816654982886654
32200,-0.000458457536296919,1.6168007664418838e-05,-3.6887374818325043,5.4180623e-07,0.0,-1.552941083908081,-0.00024380522793303604
32400,-0.0007544417167082429,1.3489687989931554e-05,-3.688730126619339,5.3435565e-07,0.0,-0.06468677520751953,-0.00024132311288007635
32600,-0.0005714200669899583,2.5482502724116785e-05,-3.6887215673923492,5.6296585e-07,0.0,-0.05007493495941162,-0.00024888057981740095
32800,-0.000594310462474823,2.147451864402683e-05,-3.6887179791927336,5.286932e-07,0.0,-0.22142410278320312,-0.00023446818731498453
33000,-0.000713510497007519,2.70772934982233e-05,-3.688706237077713,7.9602e-07,0.0,-0.1010897159576416,-0.00030305782059667494
33200,-0.00044649597839452326,2.8617572115763324e-05,-3.688720369338989,5.489588e-07,0.0,-0.32725727558135986,-0.0002656440134805926
33400,-0.0007004534709267318,2.8306771355346427e-05,-3.6887216567993164,5.915761e-07,0.0,-0.17857646942138672,-0.00022992003725340603
33600,-0.000768727739341557,3.163994406349957e-05,-3.688732200860977,8.061528e-07,0.0,0.15104889869689941,-0.00031551098256294986
33800,-0.0005074113141745329,3.6146196543995755e-05,-3.68870262503624,6.0230497e-07,0.0,-0.22350406646728516,-0.000250416115963592
34000,-0.00047929491847753525,1.9640283085209376e-05,-3.688722550868988,6.055832e-07,0.0,-0.348246693611145,-0.00026390402890084095
34200,-0.0006417470285668969,4.265563497938274e-05,-3.6887168526649474,6.982684e-07,0.0,-0.04069375991821289,-0.00026923814080532794
34400,-0.0006886330083943903,3.82835270556825e-05,-3.688724100589752,5.829334e-07,0.0,0.038345515727996826,-0.00025452540996413476
34600,-0.0004933560267090797,1.7496077907708242e-05,-3.6887149631977083,6.854534e-07,0.0,0.06585144996643066,-0.0002521088803218108
34800,-0.0006023740279488266,2.4557765232202656e-05,-3.6887187123298646,5.978346e-07,0.0,-0.011240005493164062,-0.00021830216059766095
35000,-0.0007839726749807596,5.875002198081347e-05,-3.688717317581177,6.684661e-07,0.0,0.040235161781311035,-0.0002860956321396824
35200,-0.0004260809801053256,1.227903235303529e-05,-3.6886920809745787,5.5581336e-07,0.0,0.001774132251739502,-0.0002196082038230074
35400,-0.0003947947407141328,1.1001970187862753e-05,-3.6887012720108032,3.7133694e-07,0.0,0.2652411460876465,-0.00016677155945250545
35600,-0.0005031537148170173,3.1350691369880226e-05,-3.6887047827243804,4.3958426e-07,0.0,-0.019100427627563477,-0.00020545090017151101
35800,-0.0005329830455593765,3.909479355570511e-05,-3.6887124836444856,5.4597854e-07,0.0,0.03472179174423218,-0.00022273607637577353
36000,-0.0006710156449116766,5.952063338554581e-05,-3.6887048482894897,7.9661606e-07,0.0,0.05315977334976196,-0.00028018987306199783
36200,-0.0007576907519251108,1.881009304725012e-05,-3.688702863454819,5.397201e-07,0.0,-0.25120580196380615,-0.00024965746675773557
36400,-0.0004894874873571098,1.4955276787986804e-05,-3.6887054979801177,6.195903e-07,0.0,-0.2471780776977539,-0.00026129302599020576
36600,-0.0004974270705133677,4.453001038200455e-05,-3.6887017488479614,5.209446e-07,0.0,0.09523314237594604,-0.00021975643767608856
36800,-0.0006837380933575332,3.9787046262063086e-05,-3.68871123790741,7.0095064e-07,0.0,-0.03471732139587402,-0.00026070672416182993
37000,-0.00046679089427925646,2.0387006884448056e-05,-3.688701778650284,5.555153e-07,0.0,-0.009621739387512207,-0.00023977920947162445
37200,-0.0004464037483558059,2.0151205853835562e-05,-3.688695025444031,4.7862534e-07,0.0,0.14810609817504883,-0.00017871491061753896
37400,-0.0006321623804979026,2.4055648350440605e-05,-3.6887012898921965,5.7667495e-07,0.0,0.056117475032806396,-0.0002142852485278013
37600,-0.0004725748731289059,1.996495502680773e-05,-3.688713884353638,4.36604e-07,0.0,0.0007032155990600586,-0.0001779213938565949
37800,-0.0005794247845187783,1.2729104480513342e-05,-3.688710540533066,6.523728e-07,0.0,0.0352025032043457,-0.00027362804031281216
38000,-0.0005908523453399539,1.1775625898735597e-05,-3.6887030601501465,3.7580728e-07,0.0,0.12713569402694702,-0.00018157155805282877
38200,-0.0005108568002469838,1.8263444690092002e-05,-3.6887103021144867,6.0260294e-07,0.0,0.06022167205810547,-0.00024572972826184534
38400,-0.0006656527402810752,2.227454849617061e-05,-3.688698011636734,6.017089e-07,0.0,-0.16470956802368164,-0.0002637115258436573
38600,-0.0006332650082185864,1.3804772243020124e-05,-3.6887178301811216,7.519126e-07,0.0,-0.13415658473968506,-0.00033647675629333573
38800,-0.0005580714205279946,1.8962393960464395e-05,-3.6887024521827696,6.5743916e-07,0.0,0.1285407543182373,-0.0002977239038492563
39000,-0.0004363333573564887,9.318138324942993e-06,-3.6887113749980927,4.187226e-07,0.0,0.11884695291519165,-0.0001712628830562224
39200,-0.00037760534905828536,1.7552616282046073e-05,-3.6887095510959624,4.777312e-07,0.0,0.1094595193862915,-0.00019850341948062232
39400,-0.0003595353337004781,2.209686738297023e-05,-3.6886948227882383,4.974008e-07,0.0,-0.11116814613342285,-0.00021270258074219673
39600,-0.0006920492160134017,1.8167630628340703e-05,-3.6887043535709383,5.5640936e-07,0.0,0.029758989810943604,-0.0002306164728250293
39800,-0.0003861230507027358,2.7169434724783058e-05,-3.688693422079086,4.923344e-07,0.0,0.04770773649215698,-0.00020784807241773783
40000,-0.0007102792733348906,3.513902734084695e-05,-3.688695615530014,6.2137843e-07,0.0,-0.03817915916442871,-0.0002292505080931706
40200,-0.0001091459853341803,6.362209887811332e-05,-3.688701146841049,3.4302474e-07,0.0,0.035144150257110596,-0.00014696596598807733
40400,-0.00047535583144053817,1.6996341673802818e-05,-3.6887100636959076,4.935265e-07,0.0,-0.3004586696624756,-0.00025679289391336015
40600,-0.0003478072176221758,1.651536351801042e-05,-3.688709247112274,3.8504598e-07,0.0,0.09987550973892212,-0.00016695558949058053
40800,-0.000654259289149195,2.2021087352186443e-05,-3.688693904876709,6.347895e-07,0.0,0.026527822017669678,-0.00023809030434382983
41000,-0.0005649601225741208,3.125539296888746e-05,-3.6886955201625824,4.10378e-07,0.0,-0.09409523010253906,-0.0001940582167620497
41200,-0.0005408339784480631,1.9446848000370665e-05,-3.688701331615448,4.1395424e-07,0.0,0.08320391178131104,-0.00016991683166718287
41400,-0.0003317921073175967,2.1158904814910784e-05,-3.688699907064438,4.8458577e-07,0.0,0.11501604318618774,-0.00020422346795410107
41600,-0.0006454901304095984,4.179278839728795e-05,-3.688679337501526,6.529689e-07,0.0,-0.010405898094177246,-0.00023339210518766862
41800,-0.0005956622771918774,1.6909152577682107e-05,-3.688682323694229,6.988645e-07,0.0,-0.06439352035522461,-0.0002869643785450293
42000,-0.00037384266033768654,2.4919415818658307e-05,-3.6886863887310026,5.966425e-07,0.0,0.1099543571472168,-0.00020441387003233835
42200,-0.0003950546670239419,1.5547147972938548e-05,-3.688681483268738,4.4643878e-07,0.0,0.04586678743362427,-0.00017532291946853462
42400,-0.0006399208796210587,1.40628553708666e-05,-3.6886783123016356,4.5806172e-07,0.0,0.08529293537139893,-0.00020935349243240698
42600,-0.0005499891703948379,1.4382686526914767e-05,-3.6886798322200773,5.176663e-07,0.0,-0.14309322834014893,-0.00022024515277121459
42800,-0.0006282518152147532,1.3924104825946415e-05,-3.688682049512863,5.534291e-07,0.0,-0.1015700101852417,-0.00025854071947128965
43000,-0.0005343015654943883,2.83779835626774e-05,-3.688679426908493,4.8518183e-07,0.0,0.08488678932189941,-0.0001894908014638208
43200,-0.0004019385960418731,2.0525864920273305e-05,-3.6886837780475616,5.5491927e-07,0.0,0.0674964189529419,-0.0002349935115612656
43400,-0.0007408724050037563,1.9546676480786118e-05,-3.6886749505996703,7.462501e-07,0.0,0.12556886672973633,-0.0002768168213695965
43600,-0.0005071128834970295,2.778786806629796e-05,-3.688673657178879,6.0260294e-07,0.0,0.08747828006744385,-0.00025295565987852874
43800,-0.00033862973214127123,2.2598373880100554e-05,-3.6886813163757326,5.069375e-07,0.0,-0.005478620529174805,-0.000225381924903556
44000,-0.0005350064020603895,6.889152919029585e-05,-3.688678950071335,5.120039e-07,0.0,0.028013408184051514,-0.000246024437951009
44200,-0.00049847352784127,1.1751004137749987e-05,-3.6886859357357027,4.670024e-07,0.0,-0.28600478172302246,-0.00020994372674999762
44400,-0.0004657790414057672,2.315519209332706e-05,-3.6886809945106505,5.811453e-07,0.0,-0.011417746543884277,-0.0002358322616303199
44600,-0.0003702043031807989,1.2266024907603423e-05,-3.688693255186081,4.49121e-07,0.0,-0.057300567626953125,-0.00015048561897321733
44800,-0.00061873032245785,1.8191401659350957e-05,-3.6886832892894743,6.9648024e-07,0.0,-0.06487524509429932,-0.00026415981168064205
45000,-0.0007591249886900187,4.753117027576081e-05,-3.6886782109737397,5.945563e-07,0.0,0.12412905693054199,-0.00025474944452117396
45200,-0.0003794202930293977,4.895882411801722e-05,-3.688681888580322,4.2408703e-07,0.0,0.15823155641555786,-0.00018391704869533677
45400,-0.0005372922751121223,2.3322151923821367e-05,-3.6886896908283235,6.011128e-07,0.0,-0.10822463035583496,-0.00024080486687889647
45600,-0.00042209806269966066,3.100374592577282e-05,-3.6886852383613586,4.5746566e-07,0.0,0.08971285820007324,-0.00021221880577169117
45800,-0.0005835474003106356,1.6978730627670302e-05,-3.688683259487152,4.9442053e-07,0.0,-0.05084395408630371,-0.00021173912413405827
46000,-0.0005572993541136384,2.842596127266006e-05,-3.6886874616146086,5.617738e-07,0.0,-0.042284488677978516,-0.00020981646765160232
46200,-0.00036352346069179475,1.6748302482483268e-05,-3.6886825799942016,3.4064055e-07,0.0,-0.005598187446594238,-0.00015060457615208024
46400,-0.0007366394274868071,1.1240416051805369e-05,-3.6886708319187163,9.664893e-07,0.0,0.049365460872650146,-0.0003272799519162817
46600,-0.0003478323051240295,3.198898616574297e-05,-3.6886867821216582,4.348159e-07,0.0,0.07375466823577881,-0.00017977460521390043
46800,-0.0006126929074525833,1.2068223963979107e-05,-3.6886849462985993,4.6789648e-07,0.0,-0.03711438179016113,-0.00022673310999872244
47000,-0.0006988234235905111,2.134530664079648e-05,-3.688678115606308,6.3329935e-07,0.0,0.032259345054626465,-0.000242074682318405
47200,-0.0006816264358349144,9.391081096055132e-06,-3.6886815965175628,5.9783457e-07,0.0,0.17633652687072754,-0.00025139032210610426
47400,-0.00047079630894586444,4.3319586211509886e-05,-3.6886853873729706,6.8992375e-07,0.0,-0.08544766902923584,-0.0002447843252725734
47600,-0.0007206241134554148,2.7402786281527368e-05,-3.688691133260727,4.634261e-07,0.0,-0.04066264629364014,-0.0002129362831874815
47800,-0.000543945818208158,1.3976916807223461e-05,-3.688679164648056,6.1661e-07,0.0,-0.015422940254211426,-0.00026128639127471766
48000,-0.0009226590045727789,1.5185491133706818e-05,-3.6886623382568358,6.79791e-07,0.0,0.05387061834335327,-0.00027774979428905053
48200,-0.0007199704996310174,2.2762401135878464e-05,-3.688665097951889,9.191036e-07,0.0,-0.01280069351196289,-0.00031276348292101907
48400,-0.0007604180136695504,1.8017895581579068e-05,-3.6886711418628693,5.8323144e-07,0.0,0.05155301094055176,-0.00026785869945626927
48600,-0.00044030597200617194,1.2378351414099598e-05,-3.688667756319046,6.1213973e-07,0.0,0.16843092441558838,-0.0002461687337875773
48800,-0.0005794259486719966,5.337127158782096e-05,-3.688669764995575,5.9366226e-07,0.0,-0.03960287570953369,-0.00025913777824393414
49000,-0.0005288503016345203,2.2493182723337667e-05,-3.6886613845825194,5.6743625e-07,0.0,-0.08389496803283691,-0.00022324268577700312
49200,-0.000452587177278474,1.946314444012387e-05,-3.68865487575531,4.87566e-07,0.0,-0.23285675048828125,-0.00023837151435339709
49400,-0.00020691989629995078,3.026632989531208e-05,-3.6886584520339967,7.072091e-07,0.0,0.1227068305015564,-0.0002534449420547924
49600,-0.0008411339949816465,1.627129395274096e-05,-3.6886537611484527,7.742643e-07,0.0,-0.22702324390411377,-0.00032449837192780604
49800,-0.0005990780773572624,1.5769822380207187e-05,-3.6886602878570556,6.1392785e-07,0.0,0.1394941806793213,-0.00024662299329418215
50000,-0.0003470109368208796,1.8171790043197688e-05,-3.6886584877967836,4.3541195e-07,0.0,0.09309059381484985,-0.00017934144848947843
50200,-0.0005636233254335821,1.8351267340221965e-05,-3.688651812076569,7.402897e-07,0.0,0.11933082342147827,-0.0002665728574384074
50400,-0.0007180908578447998,1.853075791586889e-05,-3.6886539816856385,4.7683716e-07,0.0,-0.03595244884490967,-0.0002028427479658479
50600,-0.0005093375802971423,5.99105659603083e-05,-3.6886510372161867,6.091595e-07,0.0,0.03968179225921631,-0.00028435473186618767
50800,-0.000753766973502934,1.6395702823501777e-05,-3.6886400640010835,6.568432e-07,0.0,0.15861988067626953,-0.00023487354603308753
51000,-0.00042265685624442995,2.299494708495331e-05,-3.6886333167552947,4.9710275e-07,0.0,0.056832194328308105,-0.00022530616801872406
51200,-0.0005050532054156065,1.294491491989902e-05,-3.688628453016281,6.7353244e-07,0.0,-0.04740798473358154,-0.00025163213952077433
51400,-0.00031666827271692455,1.932620616571512e-05,-3.688635730743408,5.605817e-07,0.0,0.19075095653533936,-0.0002472712094404361
51600,-0.00037939753383398056,4.348343331912474e-05,-3.688632035255432,4.3213367e-07,0.0,-0.11442124843597412,-0.00021014833522174924
51800,-0.0002556858235038817,2.7153830114912125e-05,-3.688619410991669,6.783008e-07,0.0,0.1979312300682068,-0.0002620794684462413
52000,-0.0003290668537374586,2.2835064373794012e-05,-3.688617265224457,6.183982e-07,0.0,-0.18343758583068848,-0.0002390499131506685
52200,-0.00045351305743679404,3.2181278675125215e-05,-3.6886175155639647,4.7177076e-07,0.0,0.0009718537330627441,-0.00019248794010526816
52400,-0.0004582898982334882,2.372529390868294e-05,-3.6886187195777893,5.233288e-07,0.0,-0.013002395629882812,-0.0002138097116359705
52600,-0.0006875033723190427,1.4492648688246845e-05,-3.6886139035224916,3.5524369e-07,0.0,-0.030029654502868652,-0.0001768715423378753
52800,-0.0005402158130891621,1.69256300523557e-05,-3.68861870765686,6.252527e-07,0.0,0.03606969118118286,-0.00022472846599725927
53000,-0.000645119755063206,1.752353921347094e-05,-3.688615995645523,5.51939e-07,0.0,-0.10207974910736084,-0.00023320299345073182
53200,-0.00023374651209451258,2.8827492496930062e-05,-3.6886133015155793,4.249811e-07,0.0,0.03797274827957153,-0.000169099867387823
53400,-0.0005224770284257829,1.9730005374185566e-05,-3.688618701696396,5.2005055e-07,0.0,0.07806980609893799,-0.00021105072634804988
53600,-0.00034466758370399475,4.496677465795074e-05,-3.688608521223068,4.6402215e-07,0.0,0.02798837423324585,-0.0001676961023550305
53800,-0.00041074655018746853,6.577974309038837e-05,-3.688607025146484,5.0812963e-07,0.0,0.03611499071121216,-0.0002016822089852488
54000,-0.0003923209151253104,1.1179404805261583e-05,-3.6886114299297335,3.5315753e-07,0.0,-0.23040294647216797,-0.00017671473273139782
54200,-0.0004427128878887743,1.1544839981070255e-05,-3.688595598936081,6.982684e-07,0.0,0.10505378246307373,-0.0002870352623551842
54400,-0.00026948025333695114,2.94107011086453e-05,-3.688596874475479,6.1452386e-07,0.0,-0.01704704761505127,-0.00024363753305811642
54600,-0.0005915130022913218,2.6048919539789495e-05,-3.6885954797267915,5.862117e-07,0.0,0.047752201557159424,-0.0002525107550858108
54800,-0.0003132422862108797,3.3904650445037986e-05,-3.6885960042476653,5.5283306e-07,0.0,0.037334322929382324,-0.0002405016585798836
55000,-0.00042776265763677657,1.2497222155616327e-05,-3.6885988235473635,4.941225e-07,0.0,0.16532981395721436,-0.00018379847110145954
55200,-0.0004895783495157957,4.508348047238542e-05,-3.688610851764679,5.024672e-07,0.0,-0.07557499408721924,-0.00022388453945018094
55400,-0.0003933500265702605,1.9043067186430563e-05,-3.6885981380939485,5.069375e-07,0.0,0.03612464666366577,-0.00022903761079451357
55600,-0.0007383098709397018,1.37920211045639e-05,-3.6885973632335665,6.3836575e-07,0.0,0.02216273546218872,-0.00024521027462789393
55800,-0.0006695969495922327,7.464712723503908e-06,-3.688590759038925,6.2733886e-07,0.0,0.1091199517250061,-0.0002847484727340088
56000,-0.000689575623255223,1.0279623313635967e-05,-3.688592767715454,5.9872866e-07,0.0,0.10376089811325073,-0.0002561959773620615
56200,-0.0005000053788535297,3.4705582811511705e-05,-3.688593465089798,4.926324e-07,0.0,0.03872627019882202,-0.00019127245223240496
56400,-0.000524817849509418,2.7023083839594618e-05,-3.688585710525513,5.9425827e-07,0.0,0.04990798234939575,-0.00021488644992087024
56600,-0.0005310672568157315,4.2992530370611345e-05,-3.6885863661766054,5.042553e-07,0.0,0.08248686790466309,-0.00020033602264266648
56800,-0.00043804742745123804,2.0253659590707686e-05,-3.6885857462882994,3.7133694e-07,0.0,0.02314770221710205,-0.00017779676662055266
57000,-0.0008873945917002857,1.245330258825561e-05,-3.6885858297348024,6.702542e-07,0.0,0.1389021873474121,-0.00028601264856944477
57200,-0.0003958489978685975,8.291454855680059e-06,-3.6885802805423737,6.0319906e-07,0.0,-0.14339566230773926,-0.0002598892451951329
57400,-0.0005964579177089036,2.4759766756687895e-05,-3.688592219352722,6.0975555e-07,0.0,0.030870437622070312,-0.0002645182008476965
57600,-0.0004937099874950945,2.4474936458318554e-05,-3.688588094711304,5.161762e-07,0.0,0.045957863330841064,-0.00022458454122920024
57800,-0.0005168499774299562,1.0784432527088939e-05,-3.688584625720978,5.1617627e-07,0.0,0.06381839513778687,-0.00024453973207778646
58000,-0.00040764399454928935,4.05678385959618e-05,-3.688578909635544,6.377697e-07,0.0,0.10083788633346558,-0.00024672661381304196
58200,-0.0007573394104838371,1.429734941211791e-05,-3.6885757207870484,5.7458874e-07,0.0,-0.2858119010925293,-0.00025073748959107965
58400,-0.0005530067719519138,1.5703219514762167e-05,-3.6885714292526246,6.234646e-07,0.0,0.10662317276000977,-0.00022332571547076797
58600,-0.0004660294216591865,3.833329633380344e-05,-3.6885708808898925,5.298853e-07,0.0,-0.0914691686630249,-0.00024103917734259462
58800,-0.0005235623102635145,1.968362732895912e-05,-3.688581335544586,8.1956387e-07,0.0,-0.07355296611785889,-0.00030685774172525273
59000,-0.00046470900997519493,2.0137100386818928e-05,-3.6885843753814695,4.154444e-07,0.0,0.0994710922241211,-0.00018214047823903457
59200,-0.00042346250847913325,1.2708479857792554e-05,-3.6885661005973818,6.4015387e-07,0.0,0.15224939584732056,-0.00025506730679263344
59400,-0.00043177121551707387,1.6369224613299594e-05,-3.688584476709366,5.224347e-07,0.0,-0.05268979072570801,-0.0002243157187817868
59600,-0.0005393372266553342,2.6444255763635737e-05,-3.688576948642731,4.968047e-07,0.0,-0.027554631233215332,-0.00021218738124799684
59800,-0.00034718014649115503,2.273042744036502e-05,-3.6885786056518555,3.72231e-07,0.0,0.11676239967346191,-0.0001490824079953601
60000,-0.0005187574424780905,1.6620807264189354e-05,-3.6885624051094057,6.648898e-07,0.0,0.072959303855896,-0.00026889056817692715
60200,-0.0006567191448993981,1.2853099656240375e-05,-3.688572585582733,5.6922437e-07,0.0,0.07897335290908813,-0.0002272153806652799
60400,-0.000565870781429112,1.801189223442634e-05,-3.68857062458992,4.661083e-07,0.0,0.09885311126708984,-0.00022284751977503793
60600,-0.0005396613269113004,2.1010552381994783e-05,-3.6885755360126495,4.029274e-07,0.0,0.10410547256469727,-0.00018443117324635773
60800,-0.00027922209119424224,1.6370209596061614e-05,-3.6885718405246735,4.1514636e-07,0.0,0.028214693069458008,-0.00019473458883418894
61000,-0.0005524352891370654,2.0380551427479075e-05,-3.688555324077606,4.968047e-07,0.0,-0.09260475635528564,-0.0001953906926250859
61200,-0.0006724823033437133,1.852635334671504e-05,-3.688583779335022,6.9200996e-07,0.0,0.025491774082183838,-0.00027747778635927033
61400,-0.0003947869408875704,1.6960111020125622e-05,-3.6885627627372743,8.764863e-07,0.0,-0.058055758476257324,-0.00030853762368951985
61600,-0.0004194575303699821,2.533943693379115e-05,-3.6885611712932587,7.1287155e-07,0.0,0.0570143461227417,-0.00023859105952679372
61800,-0.0004390724061522633,1.7851258508017055e-05,-3.6885739505290984,5.4210426e-07,0.0,-0.1638195514678955,-0.00021690990481146866
62000,-0.0006063899490982294,1.2689369259533124e-05,-3.688543176651001,4.816055e-07,0.0,-0.16314470767974854,-0.00019139945039983174
62200,-0.0005762518267147243,1.3093733423374943e-05,-3.6885645925998687,5.894899e-07,0.0,0.0422130823135376,-0.00025699772077332207
62400,-0.0002551371289882809,3.307999904791359e-05,-3.688546347618103,5.2422286e-07,0.0,0.035936594009399414,-0.00020830860520504313
62600,-0.0006787083111703396,5.4348230787582e-05,-3.6885432243347167,7.328391e-07,0.0,0.011695802211761475,-0.0002736832184238036
62800,-0.00013821244647260755,1.672986138601118e-05,-3.6885593116283415,5.4717066e-07,0.0,0.09331226348876953,-0.0001990276871244756
63000,-0.0003827107138931751,2.3097348139344832e-05,-3.6885634481906893,3.5345556e-07,0.0,-0.05252480506896973,-0.00015969106537607746
63200,-0.00045533356023952365,3.4173574385931714e-05,-3.688557630777359,4.8011543e-07,0.0,-0.02685678005218506,-0.0002027910201263361
63400,-0.00036716111935675144,1.735209355047118e-05,-3.6885610282421113,4.0233135e-07,0.0,-0.004932880401611328,-0.00021958929782748272
63600,-0.000484993594000116,1.632932145412269e-05,-3.688554495573044,4.1007996e-07,0.0,0.11803126335144043,-0.00017539480377330995
63800,-0.0006869530188851058,2.8941855589437182e-05,-3.6885423958301544,5.2273276e-07,0.0,0.07572758197784424,-0.0002082546778128691
64000,-0.0005893685156479478,1.7306091126556567e-05,-3.688555580377579,5.608797e-07,0.0,-0.0561830997467041,-0.00023535418567315335
64200,-0.0007106622797437012,3.739094872798887e-05,-3.688547682762146,6.398559e-07,0.0,-0.05718350410461426,-0.00022795788855072273
64400,-0.0004978622891940176,2.434015075323259e-05,-3.6885452032089234,5.1826237e-07,0.0,-0.014698982238769531,-0.00020835932971454695
64600,-0.0004575212369672954,1.558235494485416e-05,-3.6885361671447754,4.61936e-07,0.0,-0.09557688236236572,-0.000226940870686132
64800,-0.0006032341625541449,1.835735711210873e-05,-3.6885406970977783,4.5388936e-07,0.0,0.08650696277618408,-0.0001990704678830779
65000,-0.000687379390001297,1.0245628914162808e-05,-3.688537281751633,5.483628e-07,0.0,-0.23730921745300293,-0.00021560396960564887
65200,-0.00041305209742859006,1.4973593033573707e-05,-3.688530796766281,5.6535004e-07,0.0,0.0047966837882995605,-0.00022439164289336233
65400,-0.0004772117536049336,3.9575384289491924e-05,-3.6885139644145966,4.1991473e-07,0.0,0.05223739147186279,-0.00019364218468718165
65600,-0.0002495943335816264,1.456987893106998e-05,-3.6885075509548186,5.0902366e-07,0.0,-0.11292374134063721,-0.00020797791946778333
65800,-0.0006311884499154985,1.8325111886952074e-05,-3.688530629873276,6.365776e-07,0.0,0.11967730522155762,-0.0002670035978310281
66000,-0.0004894778248853981,4.56874201518076e-05,-3.6885262548923494,5.796552e-07,0.0,0.09019184112548828,-0.0002519627334060193
66200,-0.0006875765975564718,2.5810523356994964e-05,-3.68853622674942,4.959106e-07,0.0,-0.08516311645507812,-0.00020863769219408023
66400,-0.000539239845238626,2.9759013796137878e-05,-3.688511383533478,6.2316656e-07,0.0,0.041044414043426514,-0.00026013280645746927
66600,-0.0005877307849004865,4.1756654036362305e-05,-3.6885396003723145,5.286932e-07,0.0,0.040520429611206055,-0.00021375107629806878
66800,-0.0005085386801511049,1.1510011870541347e-05,-3.6885278522968292,3.519654e-07,0.0,-0.06100165843963623,-0.00016274267423437293
67000,-0.0005959826521575451,2.013614271163533e-05,-3.688521307706833,6.15418e-07,0.0,-0.016786813735961914,-0.00023559988316264048
67200,-0.000691649445798248,1.8760764010039566e-05,-3.688532841205597,8.4906816e-07,0.0,0.011303961277008057,-0.00030900725270952554
67400,-0.00041438083280809224,1.2045743505950669e-05,-3.6885370433330538,6.1899425e-07,0.0,-0.007544040679931641,-0.00023337215276524325
67600,-0.00044703035382553935,2.4612308243376903e-05,-3.6885285496711733,6.6012143e-07,0.0,0.09529531002044678,-0.00028268472358998763
67800,-0.0005135886021889746,4.3436151690912085e-05,-3.6885288536548613,3.7968158e-07,0.0,-0.006369113922119141,-0.0001692502651533534
68000,-0.0004862397036049515,1.5855899914640758e-05,-3.688530570268631,6.0260294e-07,0.0,0.02987813949584961,-0.00025824089391017767
68200,-0.0003574869188014418,1.0416472889573924e-05,-3.688512647151947,4.5984984e-07,0.0,0.0785643458366394,-0.00021016204478609967
68400,-0.0005258635501377285,1.2751560302604047e-05,-3.6885296523571016,6.487966e-07,0.0,0.010170996189117432,-0.0002477888922692184
68600,-0.0007364904740825295,9.507958009180583e-06,-3.6885234892368315,5.027652e-07,0.0,-0.03422844409942627,-0.0002137875841821568
68800,-0.0005130150238983333,1.7047741948772455e-05,-3.68853098154068,4.1365624e-07,0.0,0.11374211311340332,-0.00019988872951852698
69000,-0.0009273043251596391,3.010897912645305e-05,-3.6885153234004973,6.6906216e-07,0.0,-0.009509682655334473,-0.0002764049293204174
69200,-0.0005012095207348466,2.2061356821723167e-05,-3.688522696495056,4.4316053e-07,0.0,0.07579076290130615,-0.00017735965539447118
69400,-0.0007736161933280528,1.3609309723960905e-05,-3.688522493839264,6.4492224e-07,0.0,0.09832561016082764,-0.0002604559068980272
69600,-0.0005185672780498862,3.985559428656416e-05,-3.6885251700878143,4.211068e-07,0.0,0.04761636257171631,-0.00019792140520713541
69800,-0.0009811733616515994,1.7776400682123494e-05,-3.6885221004486084,7.164478e-07,0.0,0.029402971267700195,-0.0002848930159507379
70000,-0.0004797914298251271,2.8443572387004678e-05,-3.688525927066803,3.2693148e-07,0.0,-0.2439253330230713,-0.00015043593065376947
70200,-0.00040473806438967586,1.8564749188954012e-05,-3.6885422110557555,5.3584574e-07,0.0,0.12167870998382568,-0.0002209177028331677
70400,-0.0005572010413743556,2.4595252989456638e-05,-3.688521307706833,6.4253805e-07,0.0,-0.15658354759216309,-0.00027948054832815927
70600,-0.0006022111047059298,1.817861611925764e-05,-3.6885566234588625,7.4386594e-07,0.0,0.020537197589874268,-0.00026444518764798806
70800,-0.00039106031181290746,2.7258362160864634e-05,-3.6885317385196688,5.5015084e-07,0.0,0.03621703386306763,-0.000208161607502122
71000,-0.0007786359637975693,1.5367031755886275e-05,-3.6885393500328063,6.8634756e-07,0.0,-0.04233396053314209,-0.0002664175176673833
71200,-0.00036588095827028155,1.858903212905716e-05,-3.68853622674942,5.212426e-07,0.0,0.047222137451171875,-0.00021820913177339474
71400,-0.0008157640695571899,1.4361997182277264e-05,-3.688547319173813,6.082654e-07,0.0,0.15823650360107422,-0.00027082414794499243
71600,-0.0003609555715229362,1.2486568971326051e-05,-3.688543665409088,3.769994e-07,0.0,0.06914502382278442,-0.00019884503733123005
71800,-0.0006210401188582182,2.958722620860499e-05,-3.6885378122329713,5.683303e-07,0.0,0.0014455318450927734,-0.00024576535817528723
72000,-0.0005466606235131621,2.3319547153732856e-05,-3.688543897867203,5.9366226e-07,0.0,-0.052243709564208984,-0.00023291122935575892
72200,-0.0006944494671188295,9.754330051237048e-06,-3.6885361313819884,5.766749e-07,0.0,0.06762963533401489,-0.0002180685541362637
72400,-0.0006646534893661737,2.792948089336278e-05,-3.688539844751358,6.6637995e-07,0.0,0.012314081192016602,-0.0002829903274134682
72600,-0.0005854422925040126,1.828625015605212e-05,-3.6885493636131286,5.853176e-07,0.0,0.060647666454315186,-0.00022291374982887912
72800,-0.0007466382230632007,1.8796676931742697e-05,-3.688545656204224,5.3554777e-07,0.0,0.047966063022613525,-0.00023916277267153064
73000,-0.000373367452993989,2.7779520814874557e-05,-3.688529986143112,5.659461e-07,0.0,0.0008312463760375977,-0.00021214437595046265
73200,-0.000658736506011337,1.2159575794612465e-05,-3.688533693552017,4.5448542e-07,0.0,0.05273699760437012,-0.000221276264464354
73400,-0.0007984530529938638,1.8212348163615388e-05,-3.6885099351406097,6.7353244e-07,0.0,0.05479675531387329,-0.0002864843596981914
73600,-0.0004762615426443517,1.924823645822471e-05,-3.688529670238495,5.286932e-07,0.0,0.15360891819000244,-0.0002167243794464646
73800,-0.0005033984198234975,1.2276031657165732e-05,-3.6885136127471925,6.327033e-07,0.0,-0.0210188627243042,-0.000227597722574846
74000,-0.0006580009358003736,2.4408995295743806e-05,-3.6885090947151182,5.543232e-07,0.0,0.05609220266342163,-0.00022171723032897716
74200,-0.0008386937552131712,2.2898708130014712e-05,-3.688526326417923,6.6459177e-07,0.0,-0.04260289669036865,-0.00024166697235661339
74400,-0.000555996026378125,1.9469272228889167e-05,-3.6885341882705687,6.7263846e-07,0.0,0.09767675399780273,-0.0002542328099913227
74600,-0.0006067276699468493,2.484947140146687e-05,-3.6885212659835815,5.581975e-07,0.0,0.0811733603477478,-0.0002518975592067818
74800,-0.000571856799069792,3.2918770375545134e-05,-3.6885188817977905,5.224347e-07,0.0,0.0024656057357788086,-0.00021587785979910735
75000,-0.0007351866806857288,2.1502853587662685e-05,-3.688513422012329,6.5058475e-07,0.0,-0.047536611557006836,-0.00025951679396052363
75200,-0.0007866551750339568,3.44575395956781e-05,-3.6885083496570585,6.759167e-07,0.0,-0.03364741802215576,-0.00028689416080096564
75400,-0.0003362602728884667,1.748157010297291e-05,-3.688515341281891,4.699826e-07,0.0,0.002398967742919922,-0.0002121235697049917
75600,-0.0004810547106899321,3.164298145748034e-05,-3.688509386777878,3.9726496e-07,0.0,0.05302774906158447,-0.00018279437784030073
75800,-0.0005495048244483769,1.099773645591995e-05,-3.688526284694672,5.030632e-07,0.0,0.12480354309082031,-0.00021752482680676978
76000,-0.00044976422213949263,6.145391836298586e-06,-3.6885100662708283,5.2005055e-07,0.0,0.13324499130249023,-0.00020616433779707677
76200,-0.0007727915071882308,1.2539509816633653e-05,-3.6885047972202303,6.997585e-07,0.0,0.08523845672607422,-0.00026997537946114034
76400,-0.0005228391382843256,1.287217539811536e-05,-3.688514602184296,6.070733e-07,0.0,0.08762258291244507,-0.00024361951873015376
76600,-0.0005084601580165327,1.551798313812469e-05,-3.688516342639923,7.072091e-07,0.0,0.038479626178741455,-0.00026041410551447264
76800,-0.0006735246861353517,4.287170468160184e-05,-3.6885005652904512,6.774068e-07,0.0,-0.05070793628692627,-0.0002590097320264717
77000,-0.0001725758338579908,2.9911107185398576e-05,-3.6885063648223877,4.0858987e-07,0.0,0.023716628551483154,-0.00017903849916955927
77200,-0.0007692560902796686,4.5958853343108784e-05,-3.688497447967529,7.4237585e-07,0.0,0.05616849660873413,-0.00028839325980447585
77400,-0.0004697268013842404,1.2946678793923638e-05,-3.6885098814964294,4.8935414e-07,0.0,0.029936492443084717,-0.00020992407013342707
77600,-0.0005739256739616394,1.8808266281666876e-05,-3.6884993433952333,7.8797336e-07,0.0,-0.017601490020751953,-0.0002746874698474677
77800,-0.0006421298021450639,1.778276896402531e-05,-3.688493639230728,6.2316656e-07,0.0,0.057773590087890625,-0.00024276091745725203
78000,-0.0004899727646261454,2.153935479327629e-05,-3.688496869802475,5.862117e-07,0.0,-0.07731401920318604,-0.00023041491111621125
78200,-0.00034628278808668256,2.232090894267458e-05,-3.6884882628917692,4.7355888e-07,0.0,0.027073025703430176,-0.00019022431989605958
78400,-0.0007238841499201953,3.568657789401186e-05,-3.6884986221790315,7.6830383e-07,0.0,0.02228367328643799,-0.00031629580449985537
78600,-0.0005547669134102762,1.4293713593360736e-05,-3.688508188724518,6.183982e-07,0.0,-0.15940487384796143,-0.00026890291324570547
78800,-0.0005118476692587137,2.173740256239398e-05,-3.6885079622268675,8.0496073e-07,0.0,0.019141197204589844,-0.0003064541804528198
79000,-0.0005557254189625382,2.0067049558747384e-05,-3.688496834039688,4.9263235e-07,0.0,-0.10141563415527344,-0.0002410997357915168
79200,-0.0006962686311453581,2.2238213591663226e-05,-3.6884867787361144,6.991625e-07,0.0,-0.0760948657989502,-0.000288491399130697
79400,-0.0007100594229996204,2.013407097365416e-05,-3.6885035395622254,5.1051376e-07,0.0,-0.07672238349914551,-0.0002339580945879327
79600,-0.00041710553341545165,1.605872512300266e-05,-3.688488298654556,7.6144937e-07,0.0,0.1093636155128479,-0.00029722887766228114
79800,-0.0004418879689183086,1.976335570361698e-05,-3.688496631383896,6.0677525e-07,0.0,0.13837450742721558,-0.000254680744653224
80000,-0.0008675669669173658,1.7008278314278867e-05,-3.6884875893592834,6.29425e-07,0.0,-0.11305451393127441,-0.000266392368703694
80200,-0.0007272126385942101,3.635099278653797e-05,-3.6885027050971986,5.4955484e-07,0.0,-0.011797070503234863,-0.00025282281707701416
80400,-0.00022838886070530862,1.2230310039740288e-05,-3.6885119676589966,4.029274e-07,0.0,-0.19631898403167725,-0.00020485454915153412
80600,-0.0004989404696971178,7.359525761785335e-06,-3.6885111689567567,6.8664554e-07,0.0,-0.374955415725708,-0.0002468815670075841
80800,-0.000948814325965941,5.345496012409967e-06,-3.6885073602199556,7.9393385e-07,0.0,-0.5255663394927979,-0.00028272596364828926
81000,-0.0007380208699032664,4.009227187395936e-06,-3.688503497838974,5.3316353e-07,0.0,-0.9351764917373657,-0.00019709396422982196
81200,-0.00038174467044882476,2.5461472944243723e-06,-3.688483399152756,4.8696995e-07,0.0,-0.8952007293701172,-0.0002244065408547158
81400,-0.00040375522803515196,2.180377028082603e-06,-3.688485938310623,4.1157006e-07,0.0,-0.7030985355377197,-0.00018649934212700003
81600,-0.0004576151550281793,1.5058122819766595e-06,-3.6884851932525633,4.1902064e-07,0.0,-0.5461500883102417,-0.0002280974700021421
81800,-0.0005030609318055212,1.0391699964529267e-06,-3.6884850740432737,5.1558015e-07,0.0,-3.231773853302002,-0.00023192439878485515
82000,-0.0004437122552189976,8.935751964145311e-07,-3.6884995102882385,3.6984682e-07,0.0,-7.527050018310547,-0.00018160284592880772
82200,-0.0005279347533360124,6.171082858941191e-07,-3.6884948372840882,3.963709e-07,0.0,-0.7214038372039795,-0.00018341352193829152
82400,-0.000826939067337662,4.921132923385585e-07,-3.6884965121746065,6.657839e-07,0.0,-3.8719043731689453,-0.00027638018001123753
82600,-0.0007441461784765124,3.104419942445702e-07,-3.688483989238739,6.8247317e-07,0.0,-0.47228479385375977,-0.0002655212495398018
82800,-0.0005825886037200689,2.547493009430468e-07,-3.688481843471527,5.8501956e-07,0.0,-0.2607611417770386,-0.00026653584418880885
83000,-0.0005451529868878424,1.8314184733192462e-07,-3.688487374782562,4.9769875e-07,0.0,-2.1571264266967773,-0.0002161606510805214
83200,-0.0004996460047550499,1.6016656285700036e-07,-3.688487637042999,4.377961e-07,0.0,-0.3260915279388428,-0.00019274733954115496
83400,-0.0006098575540818274,1.107538283307008e-07,-3.6884813368320466,4.5150517e-07,0.0,0.05820542573928833,-0.00020398419315323935
83600,-0.0002657882578205317,6.788633775123287e-08,-3.688486468791962,6.616116e-07,0.0,-0.5778831243515015,-0.0002347942004362835
83800,-0.0004963908577337861,7.03665506751605e-08,-3.6884748697280885,4.3690204e-07,0.0,-1.8038382530212402,-0.00016687311314171892
84000,-0.0005928286700509489,7.654725626693449e-08,-3.688475322723389,4.860759e-07,0.0,-0.9472259283065796,-0.00023475746726902002
84200,-0.00045138862333260477,6.035495108136501e-08,-3.6884825110435484,5.203485e-07,0.0,-2.899279832839966,-0.00020034365478172056
84400,-0.0004831786500290036,3.5035090606427843e-08,-3.6884843170642854,4.851818e-07,0.0,-1.974215030670166,-0.0002196786978970522
84600,-0.00023181026335805655,3.993675838920296e-08,-3.688495749235153,4.789233e-07,0.0,-4.8090057373046875,-0.0001919104538480987
84800,-0.0002763480006251484,4.998058331651123e-08,-3.688482868671417,5.504489e-07,0.0,-0.9320001602172852,-0.00020572749504026432
85000,-0.00035937823122367263,4.3043425668187754e-08,-3.6884616672992707,5.045533e-07,0.0,-3.2207627296447754,-0.00019635655749201676
85200,-0.0009285153355449438,3.4568900808551464e-08,-3.6884766101837156,5.8770183e-07,0.0,-1.6341755390167236,-0.0002561825220279923
85400,-0.0005428751464933157,3.4455648068032477e-08,-3.688457190990448,5.728007e-07,0.0,-3.416107177734375,-0.00023362659592951474
85600,-0.0005538840196095407,3.7394814533797674e-08,-3.688467526435852,7.495284e-07,0.0,-0.12816059589385986,-0.000273512780124352
85800,-0.00040255358908325434,5.4650142988776905e-08,-3.6884644389152528,4.1157008e-07,0.0,-2.2397243976593018,-0.0001829682877316774
86000,-0.0003240146907046437,3.1390622590166115e-08,-3.6884626388549804,4.0888787e-07,0.0,-1.269714593887329,-0.0001591176533804639
86200,-0.0005457545048557222,3.2895520707398876e-08,-3.688471621274948,4.3302774e-07,0.0,-3.1728649139404297,-0.00021598406183056528
86400,-0.0004500128561630845,4.184695145958983e-08,-3.6884533941745756,6.7055225e-07,0.0,-3.7554187774658203,-0.00023371161614387236
86600,-0.0006330669275484979,2.7170803740261816e-08,-3.6884633183479307,8.8810924e-07,0.0,-0.29873454570770264,-0.0002901828818180019
86800,-0.0004494618042372167,3.306345508491404e-08,-3.688472014665604,3.361702e-07,0.0,-3.9470906257629395,-0.00017684020659287648
87000,-0.0005637551075778902,3.00637247985236e-08,-3.6884546756744383,6.556511e-07,0.0,-1.141735315322876,-0.0002380567740208228
87200,-0.0005553188384510577,2.4532155995515835e-08,-3.688460427522659,7.358193e-07,0.0,-1.5058870315551758,-0.00028062081598818623
87400,-0.00037566933315247297,5.8033399241708136e-08,-3.688437449932098,4.7653913e-07,0.0,-2.023111581802368,-0.00016558232999406287
87600,-0.0006438828422687948,4.47415826165809e-08,-3.688468450307846,6.5505503e-07,0.0,-1.4221293926239014,-0.000244988022914816
87800,-0.0004227622121106833,3.6866202668406344e-08,-3.688451409339905,4.7028067e-07,0.0,-0.8730037212371826,-0.00019787746816266605
88000,-0.0005704414797946811,3.92436751983638e-08,-3.688459587097168,4.6730042e-07,0.0,-2.9501452445983887,-0.00020212194142191776
88200,-0.0004912171862088144,5.7816784426734105e-08,-3.6884479999542235,5.1647424e-07,0.0,-1.364367961883545,-0.00022528497983922424
88400,-0.00022619917581323534,4.866735476838358e-08,-3.688461238145828,3.3825634e-07,0.0,-1.9047257900238037,-0.00014999693610207032
88600,-0.0006558708846569061,4.7248872458993675e-08,-3.688445842266083,5.534291e-07,0.0,-1.703084945678711,-0.00024014591165996135
88800,-0.0006184463272802532,3.811632494077344e-08,-3.6884750962257384,5.161762e-07,0.0,-2.001248598098755,-0.0002182279378244001
89000,-0.00044879200868308544,3.8036230032290065e-08,-3.688476729393005,6.0290097e-07,0.0,-8.016279220581055,-0.00023035836087541284
89200,-0.00019644132407847792,4.511286677555404e-08,-3.688473826646805,3.772974e-07,0.0,-1.228447675704956,-0.00016756680528817736
89400,-0.000614239601418376,3.6598370289908646e-08,-3.6884741961956022,7.7366826e-07,0.0,-0.763653039932251,-0.00031145375972090327
89600,-0.0002955910167656839,3.376501971352752e-08,-3.688470959663391,6.738305e-07,0.0,-1.367309331893921,-0.00023322439107289483
89800,-0.0005949727492406964,3.383895017528005e-08,-3.6884659588336945,7.1197746e-07,0.0,-0.8104454278945923,-0.0002804025490557471
90000,-0.000587796326726675,2.8084049730203732e-08,-3.688466286659241,5.733967e-07,0.0,-3.3951826095581055,-0.00022947307023217788
90200,-0.0005264781066216528,3.010827591687359e-08,-3.6884581804275514,5.280972e-07,0.0,-4.442842483520508,-0.00021733265303462977
90400,-0.0006590320845134556,3.652858668878878e-08,-3.688463878631592,5.1826237e-07,0.0,-7.792075157165527,-0.0002323889906892862
90600,-0.0007516937330365181,2.669730307935936e-08,-3.688448441028595,5.52237e-07,0.0,-4.984621047973633,-0.00021600559311786837
90800,-0.0004031508578918874,4.938499511553118e-08,-3.688445895910263,5.429983e-07,0.0,-1.773860216140747,-0.00021296930463438057
91000,-0.00044449977576732635,3.024863581835291e-08,-3.688461548089981,5.0127505e-07,0.0,-1.6804447174072266,-0.00021211608507822887
91200,-0.00039537230622954667,2.815001480804824e-08,-3.6884539127349854,5.5283306e-07,0.0,-1.924184799194336,-0.00023042258399716964
91400,-0.0005848811706528068,1.8352980069025194e-08,-3.6884317994117737,6.207824e-07,0.0,-0.06428945064544678,-0.00022570705312727757
91600,-0.0006209792918525636,4.748901121232052e-08,-3.688447153568268,7.0661304e-07,0.0,-1.0552089214324951,-0.00026674188489437254
91800,-0.0005972422077320516,4.2222876706077275e-08,-3.6884462416172026,5.6207176e-07,0.0,-7.643524169921875,-0.00020328715484470018
92000,-0.000821956607978791,1.906929898431997e-08,-3.6884237825870514,6.639957e-07,0.0,-3.0964126586914062,-0.0002553750881671535
92200,-0.00044030105345882475,4.00033809189182e-08,-3.6884469211101534,6.496906e-07,0.0,-0.6623170375823975,-0.00024262596161448436
92400,-0.0005226555513218045,4.432344757887563e-08,-3.688441091775894,7.352233e-07,0.0,-2.7293624877929688,-0.00025645125633639855
92600,-0.000507099146489054,3.4628197376207484e-08,-3.6884511768817902,6.455183e-07,0.0,-4.66871976852417,-0.0002233459499909607
92800,-0.0005659725284203887,4.418672463479822e-08,-3.6884560883045197,7.542968e-07,0.0,-1.8060147762298584,-0.0002865422659167338
93000,-0.00039343550452031195,3.412430289451152e-08,-3.6884424686431885,5.3584574e-07,0.0,-0.22266101837158203,-0.00020113308605118618
93200,-0.00033073066151700914,3.160261825563282e-08,-3.6884378135204314,5.635619e-07,0.0,-0.6807974576950073,-0.00021557362359270194
93400,-0.0007518228958360851,4.228289856023082e-08,-3.6884305119514464,7.030368e-07,0.0,-3.3976807594299316,-0.0002744141950711265
93600,-0.00039749444113112986,3.8693634385467136e-08,-3.6884322643280028,3.97861e-07,0.0,-0.975837230682373,-0.00015618582122622904
93800,-0.0006981168990023434,3.589620289901063e-08,-3.6884196221828462,6.371737e-07,0.0,-0.42192351818084717,-0.00027422110999675287
94000,-0.000455450703157112,2.42674563999401e-08,-3.6884288787841797,5.9515236e-07,0.0,-1.4633715152740479,-0.00024258490610287175
94200,-0.0004993907641619444,3.4308785501480087e-08,-3.6884246945381163,5.1051376e-07,0.0,-1.6974365711212158,-0.00019876952467841048
94400,-0.0004251596983522177,2.717861207202077e-08,-3.688412630558014,5.4299835e-07,0.0,-1.2351162433624268,-0.00021565005203820763
94600,-0.00033903075382113457,3.4307619856122074e-08,-3.688413393497467,6.4313406e-07,0.0,-0.9685176610946655,-0.0002491278799316099
94800,-0.0006029265350662172,2.9200580975441425e-08,-3.6883976757526398,6.54459e-07,0.0,-5.672656059265137,-0.00023195310227812626
95000,-0.0004876020539086312,3.679645903531536e-08,-3.68841637969017,5.3167344e-07,0.0,-0.7941573858261108,-0.00022926601967742098
95200,-0.0006786752492189407,3.555599561444467e-08,-3.6884157240390776,7.0631506e-07,0.0,-0.7016921043395996,-0.0002716323198412418
95400,-0.0007119515212252736,2.4500432793672644e-08,-3.688420355319977,4.732609e-07,0.0,-2.2377779483795166,-0.0002000464017469339
95600,-0.00045759876957163215,3.5428970823758735e-08,-3.6884205818176268,6.988645e-07,0.0,-0.9217965602874756,-0.0002584009920974406
95800,-0.00038671260699629784,2.635119629168514e-08,-3.6884215593338014,5.0991775e-07,0.0,-0.7214004993438721,-0.00020070708550603555
96000,-0.0005217924481257796,4.076879127623556e-08,-3.688427025079727,4.5984984e-07,0.0,-1.5537109375,-0.0001965643770719172
96200,-0.0006612048600800335,3.783603164109195e-08,-3.688408172130585,6.4492224e-07,0.0,-2.037903308868408,-0.0002502490431134152
96400,-0.0005347775295376778,2.9684722191447576e-08,-3.688431239128113,5.0306323e-07,0.0,-3.3702077865600586,-0.00019318388408351428
96600,-0.0006377024692483246,2.1531745142411297e-08,-3.6884220600128175,6.422401e-07,0.0,-6.548267841339111,-0.00024125866442314958
96800,-0.0005627806531265378,4.26125486896467e-08,-3.688423639535904,6.5356494e-07,0.0,-0.9399628639221191,-0.00023795748638440472
97000,-0.0006744600250385702,4.9407259083977805e-08,-3.6884371042251587,6.058812e-07,0.0,-0.8646390438079834,-0.00025787046643575005
97200,-0.00046893753460608423,6.376390473405991e-08,-3.688417100906372,5.197525e-07,0.0,-2.1297566890716553,-0.0002162145970916518
97400,-0.0002456664224155247,5.203297952505181e-08,-3.6884240925312044,3.4421683e-07,0.0,-0.7340000867843628,-0.00014566765719883356
97600,-0.0003560162440408021,4.315309491964569e-08,-3.6884250938892365,4.6759845e-07,0.0,-1.4568417072296143,-0.00018861318948131255
97800,-0.0008642137981951237,3.3758966244690217e-08,-3.6884376287460325,9.23872e-07,0.0,-0.6371911764144897,-0.00033512419847192554
98000,-0.0004178912495262921,2.962613581125595e-08,-3.688432812690735,4.890561e-07,0.0,-2.242759943008423,-0.00020840422815934234
98200,-0.0006371389608830214,3.329796145479236e-08,-3.6884152710437776,6.0796737e-07,0.0,-4.7949442863464355,-0.00022489664027944834
98400,-0.000375362258637324,3.07570662716472e-08,-3.688430404663086,4.789233e-07,0.0,-3.755265712738037,-0.00019923754470028144
98600,-0.0005026202416047454,5.05018113550193e-08,-3.6884353160858154,3.781915e-07,0.0,-1.2893590927124023,-0.00015501128869557234
98800,-0.00034110131673514843,5.13082316189184e-08,-3.6884328365325927,4.193187e-07,0.0,-0.5024842023849487,-0.00016976510183643878
99000,-0.0007873341091908514,4.191367617423225e-08,-3.6884272515773775,5.2660704e-07,0.0,-0.22629201412200928,-0.00020565956815179475
99200,-0.0004075660544913262,3.847032226111935e-08,-3.6884292364120483,4.7683716e-07,0.0,-2.3462862968444824,-0.00019100870981991758
99400,-0.00041637150570750237,3.241805939246944e-08,-3.6884251117706297,4.0203332e-07,0.0,-1.4480266571044922,-0.00017202503916695643
99600,-0.0005659008747898042,2.4832048639567006e-08,-3.6884261071681976,4.9203635e-07,0.0,-4.512237548828125,-0.00021771858557455558
99800,-0.0004256973334122449,3.428997414900437e-08,-3.6884187400341033,6.9618227e-07,0.0,-0.5988342761993408,-0.00022160433227937925
100000,-0.0005142478039488196,4.323245788029339e-08,-3.6884121358394624,5.4985287e-07,0.0,-9.158411026000977,-0.00021925149002988142
100200,-0.00042905862210318446,3.685013947318794e-08,-3.6884092569351195,6.014109e-07,0.0,-0.5919299125671387,-0.00023399862642190517
100400,-0.0004662196442950517,2.7447474515440717e-08,-3.6884176254272463,6.28531e-07,0.0,-0.7690836191177368,-0.00023953867083807977
100600,-0.000294381141429767,3.798822607592456e-08,-3.6884065687656404,4.23193e-07,0.0,-1.6007676124572754,-0.00017007696848292397
100800,-0.0005590412183664739,3.988551644518168e-08,-3.6883994162082674,5.5640936e-07,0.0,-0.49979352951049805,-0.00022518573665275543
101000,-0.0006512828986160457,4.5980771856690694e-08,-3.6883984386920927,8.189678e-07,0.0,-1.554032802581787,-0.00028338261004638986
101200,-0.0006467380444519222,4.9596200923929246e-08,-3.6884034633636475,6.1631204e-07,0.0,-2.368664503097534,-0.00025263403391546647
101400,-0.0004633372009266168,3.6695191596436414e-08,-3.6884067833423613,6.085634e-07,0.0,-1.998328685760498,-0.00023921133606337187
101600,-0.0005123852752149105,3.618165318464151e-08,-3.6884055376052856,6.0230497e-07,0.0,-2.338179349899292,-0.0002318430847881192
101800,-0.0002713167923502624,4.125357857542866e-08,-3.6884049594402315,5.105138e-07,0.0,-8.004044532775879,-0.00021175616972186618
102000,-0.0007542992825619876,4.3051561871010335e-08,-3.688401663303375,6.3925984e-07,0.0,-1.3430020809173584,-0.0002880113719139654
102200,-0.0007933276356197894,3.451667440756978e-08,-3.6883940994739532,5.924702e-07,0.0,-0.7566807270050049,-0.0002361438733052168
102400,-0.00041210357449017465,3.174086553592303e-08,-3.68839208483696,5.105138e-07,0.0,-0.11808598041534424,-0.00022841277670693216
102600,-0.00035617451067082584,3.161813197927188e-08,-3.68839750289917,5.540252e-07,0.0,-3.267085552215576,-0.00024911537449338607
102800,-0.0004580614040605724,3.695587267316114e-08,-3.6883921682834626,5.0723554e-07,0.0,-1.244394302368164,-0.00020127702554089132
103000,-0.0003631893778219819,4.7075893405690294e-08,-3.6883998036384584,5.167723e-07,0.0,-2.611945152282715,-0.00023142087436371915
103200,-0.00040685522253625095,3.58375703779501e-08,-3.688396555185318,4.7504903e-07,0.0,-6.636814117431641,-0.0002257847335958907
103400,-0.000602688523940742,1.6949451109304903e-08,-3.6883885741233824,5.4597854e-07,0.0,-1.4386122226715088,-0.00021457152142709824
103600,-0.0005701554473489523,5.1378416099367995e-08,-3.688395881652832,5.304813e-07,0.0,-1.2828490734100342,-0.000227215909024725
103800,-0.0007049642154015601,3.123011995675995e-08,-3.6883861303329466,8.0913304e-07,0.0,-1.322176456451416,-0.0002908510627601224
104000,-0.0003733935591299087,5.449987963146441e-08,-3.688406264781952,4.6044588e-07,0.0,-2.4260313510894775,-0.00018175053588085355
104200,-0.00045499872067011893,2.2206484928677384e-08,-3.688405054807663,3.9994717e-07,0.0,-1.283773422241211,-0.0001776462855309635
104400,-0.0007287799962796271,2.6521738583085153e-08,-3.6883998453617095,6.41346e-07,0.0,-4.044586658477783,-0.0002502476140679555
104600,-0.000809374381788075,2.7320140549846882e-08,-3.6883952379226685,6.9737433e-07,0.0,-0.8607295751571655,-0.00026847070467238553
104800,-0.0005779522471129894,3.2738227995210424e-08,-3.68839870095253,7.1674583e-07,0.0,-4.333290100097656,-0.00025180372557526143
105000,-0.0005138149717822671,2.3954815664417596e-08,-3.6884029269218446,5.0127505e-07,0.0,-0.23855793476104736,-0.00023089335230470632
105200,-0.00023105023137759417,4.644444748791443e-08,-3.688384646177292,3.5852193e-07,0.0,-1.8427014350891113,-0.00014354179829774162
105400,-0.0007591950707137585,5.989837257303065e-08,-3.6883986234664916,8.529425e-07,0.0,-3.0557475090026855,-0.00033744797128569813
105600,-0.0005646497593261302,2.8243486038803667e-08,-3.688406628370285,6.8694357e-07,0.0,0.09174513816833496,-0.00024875901609566764
105800,-0.00045295708696357906,4.174845154025775e-08,-3.6884034037590028,5.26309e-07,0.0,-1.2341418266296387,-0.00021960010390627006
106000,-0.0003978613531216979,3.811680593379663e-08,-3.688383239507675,4.771352e-07,0.0,-3.827630043029785,-0.00017817619482503045
106200,-0.0007511864532716572,4.116300571510578e-08,-3.6884036362171173,5.993247e-07,0.0,-3.362710952758789,-0.0002735008833621322
106400,-0.0007353051332756877,4.721558704012807e-08,-3.688367027044296,7.155537e-07,0.0,-2.774191379547119,-0.0002456722454055593
106600,-0.0008008620352484286,4.71709739713333e-08,-3.6883781790733337,4.974008e-07,0.0,-3.2720460891723633,-0.00022535647524626334
106800,-0.0007176469662226737,3.5971750600438666e-08,-3.688371312618256,6.890297e-07,0.0,-1.27720046043396,-0.00029298613829702446
107000,-0.0006312012556008995,4.187830677793159e-08,-3.688382065296173,6.2048434e-07,0.0,-2.6147663593292236,-0.0002720638671260156
107200,-0.00025006476789712906,2.4886909377741517e-08,-3.688379442691803,5.2243473e-07,0.0,-1.0616204738616943,-0.00018789227279705222
107400,-0.0005608730716630816,1.7225579052038144e-08,-3.6883792340755464,7.084012e-07,0.0,-4.939242839813232,-0.0002738174211576183
107600,-0.0006077353027649224,1.589138667323908e-08,-3.6883798122406004,7.283688e-07,0.0,-1.871636152267456,-0.0002696513842522563
107800,-0.0003589894622564316,2.7688654702373583e-08,-3.688384383916855,7.0095064e-07,0.0,-1.7814130783081055,-0.00023616702756896758
108000,-0.0005282288184389472,2.9187745020919918e-08,-3.688370317220688,5.793571e-07,0.0,-1.1879632472991943,-0.00022315185778083447
108200,-0.0007747276104055345,3.306253151258431e-08,-3.6883696377277375,5.346536e-07,0.0,-0.994194746017456,-0.00023261451209419804
108400,-0.0005966026219539344,5.2825448193516425e-08,-3.6883388340473173,6.598234e-07,0.0,-3.0264601707458496,-0.0002520246954077265
108600,-0.0005384831456467509,3.66404233176354e-08,-3.6883692264556887,6.946921e-07,0.0,-4.186370372772217,-0.00026277988989475976
108800,-0.000377813761588186,1.3395100872948262e-08,-3.6883785724639893,4.0590763e-07,0.0,-1.4715359210968018,-0.00018919278631219784
109000,-0.0005992725491523743,2.6842435518759088e-08,-3.6883521676063538,6.6637995e-07,0.0,-0.7019222974777222,-0.00023209872567553358
109200,-0.0005124105955474079,5.961346731808703e-08,-3.688357871770859,4.8607586e-07,0.0,-1.7414884567260742,-0.0002238573358039897
109400,-0.0004862843197770417,5.095108210895205e-08,-3.6883444607257845,4.3570992e-07,0.0,-1.901181697845459,-0.00019137728937312914
109600,-0.0007224489818327129,4.468688770131735e-08,-3.6883718252182005,6.955862e-07,0.0,-2.248128890991211,-0.00024326682086848184
109800,-0.0009084592456929386,3.081609816213415e-08,-3.688337230682373,5.841255e-07,0.0,0.13422733545303345,-0.0002440039113075776
110000,-0.0005274524446576834,2.7014718328999267e-08,-3.6883646070957186,7.456541e-07,0.0,-5.433811664581299,-0.00024548391724846794
110200,-0.0006062928587198257,3.347988934976342e-08,-3.688328832387924,8.580089e-07,0.0,-2.8823189735412598,-0.00027260083139872825
110400,-0.0007347885984927416,2.771652418687154e-08,-3.6883337557315827,6.5177676e-07,0.0,-0.8272706270217896,-0.00023320388918244284
110600,-0.000402254139771685,3.0053833510734763e-08,-3.6883206963539124,6.467104e-07,0.0,-0.22850561141967773,-0.0002601120195300677
110800,-0.0005014814669266343,4.41613453805445e-08,-3.6883310854434965,5.4538253e-07,0.0,-0.6127196550369263,-0.00019598946065344514
111000,-0.0008138896664604545,2.632961551007895e-08,-3.6883032381534577,6.2555074e-07,0.0,-1.4692716598510742,-0.00026072834248225263
111200,-0.0006779979448765516,4.0487658958809905e-08,-3.6883029699325562,8.097291e-07,0.0,-1.7094686031341553,-0.0002585558468250593
111400,-0.0007308686035685241,4.2329597427226415e-08,-3.6883072435855864,7.6830383e-07,0.0,-1.2681288719177246,-0.0002981943850601354
111600,-0.0007111322483979166,4.9032909021917706e-08,-3.6882902562618254,5.4985287e-07,0.0,-2.7314610481262207,-0.00021589487696963006
111800,-0.0004839827597606927,4.753937128398889e-08,-3.6883035600185394,4.7683716e-07,0.0,-0.7690298557281494,-0.00020192423501996792
112000,-0.0004931818111799657,3.4216002031683956e-08,-3.6882995426654817,6.696582e-07,0.0,-1.3030712604522705,-0.0002837536192463297
112200,-0.0006564254290424287,3.097119196660003e-08,-3.688284081220627,6.616116e-07,0.0,-2.2158303260803223,-0.00024245697972746783
112400,-0.0008528798935003579,3.6416708271147516e-08,-3.6882786214351655,9.3877316e-07,0.0,-0.9552798271179199,-0.00026880294904826354
112600,-0.0003992195415776223,4.175760928148975e-08,-3.6882756412029267,5.7309865e-07,0.0,-0.4207649230957031,-0.00024012357192542132
112800,-0.0005523735308088362,3.340717071864674e-08,-3.688270962238312,4.9829487e-07,0.0,-3.3143725395202637,-0.00019350631710630674
113000,-0.00044051778968423605,1.883526852264339e-08,-3.6882864773273467,7.918477e-07,0.0,-0.013269186019897461,-0.0002919471569617471
113200,-0.0005239931051619351,3.024634764869916e-08,-3.6882954359054567,6.5922734e-07,0.0,-0.3574380874633789,-0.00023328156790967114
113400,-0.0005858208751305938,5.3227084073625974e-08,-3.688288098573685,5.069375e-07,0.0,-1.062267780303955,-0.00022642251941480397
113600,-0.0006675802869722247,3.0344951484906344e-08,-3.688284754753113,6.6190955e-07,0.0,-4.152022838592529,-0.0002753352841609713
113800,-0.00036955770337954164,1.6451602879996584e-08,-3.6882760763168334,5.024672e-07,0.0,-1.5968255996704102,-0.0002070758045121024
114000,-0.0005372525192797184,3.37886087553585e-08,-3.688279378414154,4.425645e-07,0.0,-0.9442020654678345,-0.00018584811622412157
114200,-0.0006413888186216354,3.733643918479856e-08,-3.6882678270339966,6.7293644e-07,0.0,-0.8816169500350952,-0.00025964687349571135
114400,-0.0005322970100678504,4.107223663396553e-08,-3.688245105743408,6.8306923e-07,0.0,-1.9834473133087158,-0.00025784437385141247
114600,-0.0004914418095722795,2.9323592753982554e-08,-3.688250708580017,6.186962e-07,0.0,-3.2942709922790527,-0.0002418222368340217
114800,-0.0005760365165770054,4.123991432791741e-08,-3.6882505774497987,7.417798e-07,0.0,-1.4865968227386475,-0.00026110774234962
115000,-0.00025916838785633445,4.30602880463482e-08,-3.688276308774948,4.2438506e-07,0.0,-2.9052650928497314,-0.0001726088373660506
115200,-0.0004838782479055226,3.0277488782814996e-08,-3.68826966881752,4.9531457e-07,0.0,-2.1842329502105713,-0.00021830765279128305
115400,-0.0004390491230878979,3.676371336247542e-08,-3.688263696432114,6.008148e-07,0.0,-2.1097803115844727,-0.0002306276857734657
115600,-0.0003912697429768741,2.2064755222928058e-08,-3.688247185945511,5.912781e-07,0.0,-0.5534518957138062,-0.0002118311351222202
115800,-0.0006678163772448897,3.6407928449833094e-08,-3.6882572531700135,6.854534e-07,0.0,-1.0123610496520996,-0.00026667305721201907
116000,-0.000578887527808547,5.1230975817162515e-08,-3.6882921934127806,6.860495e-07,0.0,-1.1874322891235352,-0.00026027992441525206
116200,-0.0002966144238598645,3.67909772425179e-08,-3.6882544696331023,4.1574242e-07,0.0,-2.5136139392852783,-0.00017106723752209342
116400,-0.0005386945558711886,3.601411262543763e-08,-3.6882505655288695,4.827976e-07,0.0,-4.0391950607299805,-0.00021199568521803602
116600,-0.0006739786476828158,4.7496444555150674e-08,-3.6882642984390257,5.1587824e-07,0.0,-2.2400243282318115,-0.00021290361848332328
116800,-0.0007691874634474516,4.798430111030427e-08,-3.6882493913173677,6.085634e-07,0.0,-2.290168285369873,-0.0002415469878715104
117000,-0.0007417522137984633,1.6441884609363912e-08,-3.688279461860657,6.3061714e-07,0.0,-0.7222172021865845,-0.0002774699785387691
117200,-0.0006506141507998109,3.10655417390393e-08,-3.6882731437683107,7.4386594e-07,0.0,-1.5826196670532227,-0.00027003744108500813
117400,-0.0009141491027548909,1.8507911869747318e-08,-3.688260817527771,6.741285e-07,0.0,-3.097200393676758,-0.00025217460773246936
117600,-0.0005020819953642786,3.7771232097583154e-08,-3.6882677912712096,5.441904e-07,0.0,-1.6178691387176514,-0.00023526955505395186
117800,-0.000537272309884429,3.152104075532236e-08,-3.688274508714676,4.631281e-07,0.0,-1.0667879581451416,-0.00018503828505274101
118000,-0.00031990770366974175,3.9626611059162545e-08,-3.6882698118686674,6.023049e-07,0.0,-0.7847539186477661,-0.0002386516180598708
118200,-0.00048695807345211506,3.794000673629227e-08,-3.6882699847221376,7.143617e-07,0.0,-0.8488264083862305,-0.00023701314653528093
118400,-0.0004938763449899852,4.809092595259301e-08,-3.68825877904892,5.7220456e-07,0.0,-1.5900943279266357,-0.00022702865150632247
118600,-0.0006015413673594594,3.744091205959421e-08,-3.688263475894928,6.988645e-07,0.0,-1.0329608917236328,-0.0002516144924280539
118800,-0.00045599808800034225,3.300210482670707e-08,-3.6882620573043825,4.6938658e-07,0.0,-1.8370490074157715,-0.00018096775578240186
119000,-0.0007009459659457207,2.711665865184898e-08,-3.688254314661026,6.008148e-07,0.0,-5.063248634338379,-0.00024683515305112813
119200,-0.00037158874329179525,4.510136508706353e-08,-3.688247472047806,6.0528515e-07,0.0,-1.7386603355407715,-0.0001989091158543399
119400,-0.0003456596750766039,2.3997946518861113e-08,-3.688252776861191,4.959106e-07,0.0,-2.1933746337890625,-0.00021120423713569814
119600,-0.000544720096513629,4.7798749580607594e-08,-3.688246947526932,4.3094158e-07,0.0,-3.2938356399536133,-0.00019241520854234028
119800,-0.0007130900048650801,3.4960963901653486e-08,-3.6882474780082704,7.0482497e-07,0.0,-0.9878126382827759,-0.00025063108001597276
120000,-0.000570138159673661,2.6341659120632244e-08,-3.6882506906986237,6.9499015e-07,0.0,-1.092724084854126,-0.00020920843407870037
120200,-0.0004943205276504159,3.790137046433273e-08,-3.6882453083992006,4.6253206e-07,0.0,-4.386561870574951,-0.00018231901096219528
120400,-0.0005090578342787921,3.436632152187258e-08,-3.6882450103759767,6.008148e-07,0.0,-1.3749873638153076,-0.00022644008865564392
120600,-0.0004365030908957124,1.8155452041757058e-08,-3.6882529854774475,4.4524668e-07,0.0,-3.705446720123291,-0.00019003899562166637
120800,-0.0006069710943847895,3.0438626641426934e-08,-3.688237929344177,8.2403426e-07,0.0,-1.8809595108032227,-0.00025396302372769354
121000,-0.0006161648198030889,2.7874062458188575e-08,-3.688228094577789,5.564093e-07,0.0,-2.999363660812378,-0.00022189262691787447
121200,-0.0006745181744918227,5.2605824496509966e-08,-3.688215470314026,6.699562e-07,0.0,-2.43154239654541,-0.0002523746805252358
121400,-0.0002786157128866762,3.1976644176978655e-08,-3.6882185101509095,8.666516e-07,0.0,-2.1722888946533203,-0.0002990081929656441
121600,-0.0003910762316081673,2.5257831115510498e-08,-3.688232958316803,5.596876e-07,0.0,-1.228186845779419,-0.00021781325274834452
121800,-0.0005016914219595492,2.1934009253321564e-08,-3.688198375701904,5.7905913e-07,0.0,-0.5010102987289429,-0.00020030269797555178
122000,-0.0006996244192123413,3.5239887852256405e-08,-3.688207137584686,6.3449147e-07,0.0,-3.096097946166992,-0.0002361832042678369
122200,-0.000614493153989315,2.5500147682322448e-08,-3.6882201194763184,4.848838e-07,0.0,-2.7193410396575928,-0.00018751713696270046
122400,-0.0005757344770245254,5.1732165040618836e-08,-3.688234347105026,6.8068505e-07,0.0,-0.8359079360961914,-0.0002616243494113268
122600,-0.0004601447726599872,3.71333205073654e-08,-3.6882245779037475,5.465746e-07,0.0,-3.4427499771118164,-0.00023489856019476285
122800,-0.0005982870934531093,2.3688504935392984e-08,-3.6882015109062194,7.2151425e-07,0.0,-2.7795939445495605,-0.0002837240938226682
123000,-0.0004684327286668122,3.112763597989954e-08,-3.6881968677043915,6.082654e-07,0.0,-0.06940305233001709,-0.00023375953831554773
123200,-0.00047078440547920763,3.754600421679299e-08,-3.6882279217243195,7.2240834e-07,0.0,-1.5745327472686768,-0.0002373692985499942
123400,-0.0007537443889304996,3.252774511963708e-08,-3.688224530220032,8.2343814e-07,0.0,-7.605556488037109,-0.0002958071516616201
123600,-0.0005991891957819462,1.7971679611150647e-08,-3.6882169425487517,4.7653913e-07,0.0,-2.662917137145996,-0.00018151437268125735
123800,-0.0006337405648082495,3.882364021379203e-08,-3.6882146894931793,6.762147e-07,0.0,-4.2967529296875,-0.0002634514396786525
124000,-0.0005898099043406546,2.4760637806764408e-08,-3.68822517991066,6.467104e-07,0.0,-0.22362947463989258,-0.00024069586260975218
124200,-0.000648596731480211,4.64993407334191e-08,-3.6882133364677427,7.6085325e-07,0.0,-1.5623178482055664,-0.00027676713483515414
124400,-0.0004904823144897819,3.522855691606708e-08,-3.688218408823013,5.751848e-07,0.0,-2.0498287677764893,-0.00021214836928404868
124600,-0.0006090120878070593,2.4502442208529372e-08,-3.688233917951584,5.7041643e-07,0.0,-1.3924407958984375,-0.00024105133015224213
124800,-0.0006496554124169052,2.1069420119701475e-08,-3.688227027654648,5.7160855e-07,0.0,-1.463810682296753,-0.00023088546994598502
125000,-0.0005399729707278311,3.582548577796274e-08,-3.6882299542427064,6.967783e-07,0.0,-1.2379202842712402,-0.0002347363653149248
125200,-0.00040142860962077975,1.3759592598638904e-08,-3.6882159233093263,5.25713e-07,0.0,-10.635554313659668,-0.00021425022224779154
125400,-0.0008642085012979805,4.2874104888568357e-08,-3.6881937980651855,6.458163e-07,0.0,-0.7838505506515503,-0.00027917158482910765
125600,-0.0006763702840544283,2.6555299448283166e-08,-3.6881901919841766,5.9217217e-07,0.0,-10.240082740783691,-0.00023083887859376429
125800,-0.0008626811904832721,3.277341384944066e-08,-3.688184839487076,8.833408e-07,0.0,-0.9336398839950562,-0.0003387667366419045
126000,-0.0004623941786121577,3.5749919735650335e-08,-3.688181662559509,6.3091517e-07,0.0,-1.5085384845733643,-0.00022416477533098166
126200,-0.0005502217682078481,3.8278350045217735e-08,-3.688175320625305,6.735325e-07,0.0,-0.17818200588226318,-0.00022956739473760645
126400,-0.0006175474263727665,2.5756742738636262e-08,-3.6881610095500945,7.113814e-07,0.0,-0.8262624740600586,-0.0002633819887512434
126600,-0.0006744057754985988,4.4288888156884807e-08,-3.6881734251976015,4.604459e-07,0.0,-2.0193307399749756,-0.0001771040465564422
126800,-0.00044618852552957833,3.8629571585957476e-08,-3.688159042596817,5.4448844e-07,0.0,-0.9560798406600952,-0.00021565086516179833
127000,-0.0004620295949280262,2.446145619394713e-08,-3.688167208433151,6.2257055e-07,0.0,-0.584386944770813,-0.00024951848510101904
127200,-0.0004764983896166086,2.317687530783985e-08,-3.6881615579128266,3.528595e-07,0.0,-1.16892671585083,-0.00015529887387912832
127400,-0.0005994265666231513,2.2505860819421743e-08,-3.6881827235221865,4.786253e-07,0.0,-1.2578811645507812,-0.00020440789966039708
127600,-0.0005260328180156648,5.1828042968438126e-08,-3.68815101981163,6.580353e-07,0.0,-1.3828237056732178,-0.00024525205903523916
127800,-0.0006662385421805084,4.03648142022206e-08,-3.68814155459404,7.379055e-07,0.0,-3.1954970359802246,-0.00030158254474366153
128000,-0.0005407163989730179,3.7066843106003946e-08,-3.6881395399570467,6.6816807e-07,0.0,-0.7207632064819336,-0.00024797229389970086
128200,-0.0005055127548985183,2.1859962728854043e-08,-3.6881389200687407,5.966425e-07,0.0,-1.0366489887237549,-0.0002455518519730138
128400,-0.0006162386271171272,2.9463256412398663e-08,-3.6881304025650024,6.651878e-07,0.0,-1.8689985275268555,-0.0002459313865484258
128600,-0.00029285080381669104,3.2901013913289034e-08,-3.688123273849487,5.0485136e-07,0.0,-1.0050849914550781,-0.00020118556927002374
128800,-0.000371481612091884,3.867622786479785e-08,-3.6881347417831423,5.4985287e-07,0.0,-0.8873863220214844,-0.00021062523322842308
129000,-0.0007415405125357211,2.4470813375643274e-08,-3.688117355108261,7.849932e-07,0.0,-1.5540308952331543,-0.00033035105626868513
129200,-0.0006077148136682808,2.71997250500533e-08,-3.688117229938507,8.08239e-07,0.0,-0.1469278335571289,-0.0003276742400621535
129400,-0.0007345277117565274,2.9935386169910316e-08,-3.6881185173988342,6.479025e-07,0.0,-1.6826984882354736,-0.0002540939894251082
129600,-0.0007047680555842817,2.1537104633040373e-08,-3.6881004929542542,6.3955787e-07,0.0,-2.3756520748138428,-0.0002762038525339516
129800,-0.0005662599578499794,3.261050141034616e-08,-3.6881248593330382,5.7905913e-07,0.0,-2.1663053035736084,-0.0001996160751161824
130000,-0.0006910217343829572,2.9501662535125207e-08,-3.688086527585983,7.730722e-07,0.0,-3.501168727874756,-0.0002716717261178059
130200,-0.000418395473388955,3.11298026911544e-08,-3.688106322288513,4.872679e-07,0.0,-0.3077244758605957,-0.0001875413080846322
130400,-0.0006243186653591692,3.919826698783879e-08,-3.688099706172943,5.733967e-07,0.0,-1.1377363204956055,-0.00022329344567739717
130600,-0.0004474218003451824,3.104907899675879e-08,-3.688127136230469,7.2926287e-07,0.0,-7.8513641357421875,-0.00029024828167928396
130800,-0.0005032641347497702,2.2631317775356762e-08,-3.688126564025879,8.1121925e-07,0.0,-1.7233080863952637,-0.00027056542772712077
131000,-0.0003880590375047177,3.402805286434329e-08,-3.688122457265854,7.2449444e-07,0.0,-1.6110138893127441,-0.00028943003680934607
131200,-0.0006170117994770408,3.4859294206768256e-08,-3.6881298065185546,4.965067e-07,0.0,-0.5383254289627075,-0.00020272281464916997
131400,-0.0006593334255740047,1.88083478791512e-08,-3.688133019208908,6.097555e-07,0.0,0.4410809874534607,-0.00023421932874043705
131600,-0.0004231197526678443,4.8909061245439034e-08,-3.688123196363449,6.607175e-07,0.0,-2.4135873317718506,-0.00020703631678708201
131800,-0.0006004328024573624,3.108009360985875e-08,-3.688145112991333,5.5491927e-07,0.0,-3.598118782043457,-0.00023981569283009206
132000,-0.0005305865779519081,2.0242345999399448e-08,-3.6881272196769714,6.261468e-07,0.0,-3.8810577392578125,-0.0002825656831393575
132200,-0.0005345887620933354,4.2435011726738026e-08,-3.6881333768367766,5.7488677e-07,0.0,-0.684279203414917,-0.00021554967773909083
132400,-0.0004879309854004532,2.5993847829752782e-08,-3.6881427228450776,7.277727e-07,0.0,-2.7982163429260254,-0.00027628996141721985
132600,-0.0003935448476113379,2.6683877196731488e-08,-3.6881403744220735,5.5879354e-07,0.0,-1.21492338180542,-0.0002199356388332463
132800,-0.000273138633929193,1.93061889808277e-08,-3.6881414115428925,4.425645e-07,0.0,-1.6308338642120361,-0.00017712110309320295
133000,-0.0006048115319572389,3.992447044076641e-08,-3.688118100166321,6.9528824e-07,0.0,-2.3775405883789062,-0.00025589488613093626
133200,-0.0006052617682144046,3.797792555992885e-08,-3.688109076023102,4.2438506e-07,0.0,-6.680160045623779,-0.0001778423942973839
133400,-0.0006876174011267722,3.946663293952213e-08,-3.6881226301193237,4.780293e-07,0.0,-1.7601542472839355,-0.00021687751995020933
133600,-0.0005029528401792049,3.160635759780206e-08,-3.6881577908992766,6.9051976e-07,0.0,-6.371127128601074,-0.00025961169790673645
133800,-0.0005998261622153223,4.0128276923567796e-08,-3.6881266117095945,5.447864e-07,0.0,-1.2337942123413086,-0.00022562978499831576
134000,-0.0005039779935032129,3.200007161474616e-08,-3.6881616353988647,5.042553e-07,0.0,-1.5616819858551025,-0.00019471660303185256
134200,-0.00042558598215691745,2.2690929091240263e-08,-3.688138800859451,4.0769575e-07,0.0,-2.2349026203155518,-0.0001938357629060139
134400,-0.0003881044976878911,2.3541282434536014e-08,-3.6881262063980103,7.4177984e-07,0.0,-1.5870354175567627,-0.0002467320963659425
134600,-0.00046114862198010087,3.486969237798121e-08,-3.6881313145160677,5.0216914e-07,0.0,-0.8892742395401001,-0.0001948226978868206
134800,-0.0005322628421708941,4.014907042382276e-08,-3.6881494402885435,6.911158e-07,0.0,-2.0244028568267822,-0.000257767409027565
135000,-0.00047978427028283477,3.0996978139796735e-08,-3.6881348311901094,6.9379803e-07,0.0,-0.7253162860870361,-0.00025746015483310016
135200,-0.000659107172396034,4.5092213607489386e-08,-3.68815997838974,6.2912704e-07,0.0,-1.921966791152954,-0.000266682206795732
135400,-0.0004048877744935453,2.6758308413477038e-08,-3.6881531715393066,5.871058e-07,0.0,-0.888974666595459,-0.00023573733263333453
135600,-0.0008691458497196436,9.415260882050802e-09,-3.688184440135956,7.510185e-07,0.0,-1.5340051651000977,-0.0003295220770218155
135800,-0.0006744053680449724,3.6025678618045734e-08,-3.6881612956523897,7.6353547e-07,0.0,-5.804473876953125,-0.0002645477007448549
136000,-0.0005210493691265583,2.668063334709814e-08,-3.688151568174362,5.847216e-07,0.0,-0.30743861198425293,-0.00023464866129270235
136200,-0.0005979867419227958,4.576773209308271e-08,-3.6881477534770966,8.046627e-07,0.0,-1.7589797973632812,-0.00025855725962742326
136400,-0.000760753289796412,3.163303476938495e-08,-3.6881473839282988,7.128715e-07,0.0,-1.6848838329315186,-0.0002978924601563904
136600,-0.00045294855954125524,2.225545274736618e-08,-3.6881420433521273,7.9661606e-07,0.0,-6.7708916664123535,-0.00025118674145216955
136800,-0.0006143564824014902,2.8294313869636768e-08,-3.688123071193695,6.580353e-07,0.0,-0.8212857246398926,-0.00027917063243420025
137000,-0.0006172163411974907,2.4179221780329386e-08,-3.6881111025810243,7.289648e-07,0.0,-1.8031706809997559,-0.00028070643688762333
137200,-0.0005068209138698876,3.408545250493944e-08,-3.688118225336075,5.5193897e-07,0.0,0.0782727599143982,-0.000194548084594226
137400,-0.0009988972451537848,5.34587305978107e-08,-3.6881161510944365,7.891655e-07,0.0,-2.248483180999756,-0.00030191709204352435
137600,-0.0004214255604892969,1.4159898908960856e-08,-3.688113045692444,5.6475403e-07,0.0,-4.960002899169922,-0.00021088240997106932
137800,-0.0004969474393874407,1.888130398697285e-08,-3.688118815422058,3.7878752e-07,0.0,-1.9148056507110596,-0.00015056160786079963
138000,-0.0005342377116903663,4.278231475751682e-08,-3.688109004497528,4.3421983e-07,0.0,-0.9258825778961182,-0.00017423262350422242
138200,-0.0004490629362408072,2.9689765002061107e-08,-3.6880974173545837,5.0127505e-07,0.0,-2.7881977558135986,-0.00020515739907009945
138400,-0.000507742166519165,4.996631739473401e-08,-3.6880978643894196,6.997585e-07,0.0,-3.764237403869629,-0.00026024892855698313
138600,-0.0005759934429079294,2.4768814399500626e-08,-3.688108044862747,7.18832e-07,0.0,-0.6866662502288818,-0.0002367229317698061
138800,-0.0006038809660822153,3.3518374342733634e-08,-3.6881118416786194,5.659461e-07,0.0,-1.6437089443206787,-0.00021510138079292585
139000,-0.0007329390500672162,2.2586514725198014e-08,-3.68811936378479,6.425381e-07,0.0,-2.034513235092163,-0.0002470440266874929
139200,-0.000689524516928941,3.447554264290886e-08,-3.6881193280220033,5.811453e-07,0.0,-0.41606616973876953,-0.0002143620905071697
139400,-0.0004134883056394756,2.9596116180030662e-08,-3.6881227672100065,6.8575144e-07,0.0,-0.46954822540283203,-0.00024012310968271055
139600,-0.0007372813997790217,4.4540845500762313e-08,-3.6881176590919496,6.80089e-07,0.0,-0.8944110870361328,-0.000274892525003223
139800,-0.0003000868600793183,2.53056283039399e-08,-3.6881015956401826,5.9008596e-07,0.0,-2.6572818756103516,-0.00020580881616707458
140000,-0.00046650279546156526,2.0817072310386207e-08,-3.6881142377853395,5.954504e-07,0.0,-0.3172551393508911,-0.0002307198638685115
140200,-0.00041545298881828785,3.672133930265886e-08,-3.6881046056747437,3.609061e-07,0.0,-2.6043546199798584,-0.0001698698109967367
140400,-0.0008318647742271423,1.8880564778278597e-08,-3.688119274377823,6.9618227e-07,0.0,-1.0569214820861816,-0.000252612338842928
140600,-0.000530366669408977,2.484052488149757e-08,-3.6881076633930205,6.41346e-07,0.0,-0.024045586585998535,-0.0002329030565852097
140800,-0.0007843628409318626,1.9394018302421044e-08,-3.6880945920944215,6.198883e-07,0.0,-0.34551048278808594,-0.00026375849403668104
141000,-0.0005272364360280335,3.1186869264843156e-08,-3.6881063342094422,7.3134896e-07,0.0,-1.6980209350585938,-0.0002902829004171936
141200,-0.0003389392513781786,2.480724980991056e-08,-3.688108891248703,5.6236985e-07,0.0,-1.339111089706421,-0.0002189175617598238
141400,-0.0005011729663237929,4.923644292276208e-08,-3.688119834661484,6.3061714e-07,0.0,-1.9060673713684082,-0.00023983765220476628
141600,-0.0006751701002940536,4.167375133867779e-08,-3.688124507665634,6.735325e-07,0.0,-1.353288173675537,-0.0002498702083808091
141800,-0.0005032916669733822,3.804538737384178e-08,-3.688117092847824,7.757544e-07,0.0,-2.4868974685668945,-0.0002745252608753912
142000,-0.000395837560063228,3.5824494615255274e-08,-3.6881094455718992,4.658103e-07,0.0,-0.5827152729034424,-0.00021049624753288754
142200,-0.00039379464578814805,3.278431517372837e-08,-3.6881038665771486,4.3898822e-07,0.0,-5.825161933898926,-0.00020226155275804292
142400,-0.0004394759307615459,3.638240384518099e-08,-3.6880871295928954,5.4270026e-07,0.0,-2.799039363861084,-0.00021893587656500734
142600,-0.00019260891713202,2.2798137111479377e-08,-3.6880866944789887,3.6358833e-07,0.0,-0.30514776706695557,-0.00013520383834531025
142800,-0.0005441898829303682,3.275598121632584e-08,-3.6880881786346436,6.6041946e-07,0.0,-0.1883695125579834,-0.0002521378377264627
143000,-0.0005640889867208898,2.984357858615283e-08,-3.688092714548111,7.2091814e-07,0.0,-4.671019554138184,-0.00026636640659973845
143200,-0.0005269315443001688,3.2081831369268346e-08,-3.688081604242325,5.4627657e-07,0.0,-4.374525547027588,-0.00021879369807606964
143400,-0.0007564130937680602,2.4581701163484127e-08,-3.688090854883194,5.322695e-07,0.0,-0.20446228981018066,-0.00024710296695573675
143600,-0.0005300603224895895,2.836958248320087e-08,-3.688108819723129,5.8442356e-07,0.0,-2.5173754692077637,-0.00023452875107516925
143800,-0.0004860699118580669,2.7971076610455726e-08,-3.6881004095077516,6.0886146e-07,0.0,-2.6298131942749023,-0.000216836154491995
144000,-0.0007673562504351139,2.90789768042643e-08,-3.6881032586097717,5.713105e-07,0.0,-3.7651844024658203,-0.00022365303239029187
144200,-0.0006001854198984802,3.663170549117467e-08,-3.688096058368683,5.990267e-07,0.0,-1.2012193202972412,-0.00022049496982936567
144400,-0.0005063181160949171,3.588508827867542e-08,-3.6881084978580474,7.3999166e-07,0.0,-1.8230443000793457,-0.00025717726283347453
144600,-0.0004795649729203433,4.349538200720815e-08,-3.6881082117557527,5.549192e-07,0.0,-1.8014426231384277,-0.00022280466521056307
144800,-0.0005899982643313706,2.4102048712393297e-08,-3.688097333908081,6.5505503e-07,0.0,-1.3348922729492188,-0.00024644318337787576
145000,-0.0005960393464192748,2.0221716034996006e-08,-3.688101774454117,5.9604645e-07,0.0,-0.1884075403213501,-0.0002552963938310171
145200,-0.00043516879668459296,2.4812219767689215e-08,-3.6881065547466276,6.8724154e-07,0.0,-1.5756418704986572,-0.0002767373180411148
145400,-0.0005763962981291115,3.770585963458473e-08,-3.688103896379471,5.6147576e-07,0.0,-0.8142645359039307,-0.0002451961406891301
145600,-0.0003042044409085065,4.3260213811180395e-08,-3.6880931198596953,5.313754e-07,0.0,-2.0809459686279297,-0.00020422238026203133
145800,-0.000300355430226773,2.9010923974226445e-08,-3.6880983471870423,4.2051076e-07,0.0,-1.5708765983581543,-0.0001604135187315059
146000,-0.0006724653649143875,3.4815009675170926e-08,-3.6880832433700563,7.0005655e-07,0.0,-0.5676106214523315,-0.0002744150241049237
146200,-0.0006279292283579707,3.0402503181647944e-08,-3.688078320026398,5.9187414e-07,0.0,-1.0912597179412842,-0.00023399347077424082
146400,-0.0006924348417669535,2.4824670608047938e-08,-3.688073533773422,7.542968e-07,0.0,-0.4548994302749634,-0.00026878961892805585
146600,-0.0005702290218323469,2.7187744722212415e-08,-3.68807972073555,6.973744e-07,0.0,-4.668776035308838,-0.00025173154420463637
146800,-0.0005295682931318879,1.9502234627211122e-08,-3.688084477186203,6.6637995e-07,0.0,-1.3068838119506836,-0.00022393858382234731
147000,-0.0005858063814230263,3.8042581662622864e-08,-3.6880981802940367,5.671382e-07,0.0,-1.4923021793365479,-0.00021345624335618042
147200,-0.0006129121757112443,2.4933008568872593e-08,-3.6881020069122314,5.3852796e-07,0.0,-0.9531925916671753,-0.00022178372769237064
147400,-0.0005122217698954046,2.0710202464080395e-08,-3.6880929350852965,4.3541195e-07,0.0,-1.8435852527618408,-0.00018728260332183665
147600,-0.0005312850698828697,3.461833375517642e-08,-3.6880982339382173,5.5998566e-07,0.0,-2.680260181427002,-0.00023046869168046323
147800,-0.0008238399168476462,2.1965759655628858e-08,-3.688089609146118,1.026988e-06,0.0,-0.9521561861038208,-0.00032762272753916744
148000,-0.00042307653347961605,2.7310404293601208e-08,-3.6880955934524535,6.592274e-07,0.0,-0.6027278900146484,-0.00022698298088073
148200,-0.0005331561551429331,1.1976064162588785e-08,-3.6880868077278137,6.0766934e-07,0.0,-1.0644943714141846,-0.00027487025256243134
148400,-0.0004795898566953838,1.9658545791223503e-08,-3.6880793988704683,6.482005e-07,0.0,-0.03280949592590332,-0.00025636157383881477
148600,-0.0008189962827600539,2.7035602156999516e-08,-3.688080298900604,5.403161e-07,0.0,-2.7819535732269287,-0.00022076481737358654
148800,-0.0007318555726669729,2.5541157500086344e-08,-3.6880794048309324,6.169081e-07,0.0,-2.9041919708251953,-0.0002518170942269027
149000,-0.0006908015930093825,2.6107945783060417e-08,-3.688069701194763,4.87864e-07,0.0,-0.49123966693878174,-0.00022336541895220385
149200,-0.0004402061749715358,4.810075626693333e-08,-3.6880700469017027,5.871058e-07,0.0,-1.183983564376831,-0.0002055824533641726
149400,-0.0006077376310713589,2.831224958921297e-08,-3.68806876540184,5.340576e-07,0.0,-0.139151930809021,-0.00018987047905193454
149600,-0.0006676546181552112,2.249457020653267e-08,-3.6880658984184267,6.684661e-07,0.0,-1.0715298652648926,-0.00024688903320884694
149800,-0.0005398668581619859,4.6384847607328085e-08,-3.688070774078369,5.820393e-07,0.0,-2.424851894378662,-0.00018646118025502644
150000,-0.0005485027795657516,3.223902558247005e-08,-3.6880679190158845,5.4359435e-07,0.0,-3.748136043548584,-0.00019895487770327236
150200,-0.0006502759642899036,1.9834036257826426e-08,-3.688074368238449,5.7816504e-07,0.0,-3.248636245727539,-0.00023977816198668124
150400,-0.0005830998998135328,2.3340020960382902e-08,-3.688081234693527,4.881621e-07,0.0,-7.980310440063477,-0.00020237618728566887
150600,-0.0005909976316615939,2.134024359445874e-08,-3.6880814492702485,6.580353e-07,0.0,-1.0820977687835693,-0.00025133770092815587
150800,-0.0005591214867308736,1.517609857781821e-08,-3.688059997558594,5.218387e-07,0.0,-0.2943497896194458,-0.00020150984884486077
151000,-0.00044787864317186177,1.437018781746957e-08,-3.6880756616592407,5.245209e-07,0.0,-1.0432748794555664,-0.00020574468460676787
151200,-0.0003664428077172488,2.4138705723153463e-08,-3.688080668449402,4.5299532e-07,0.0,-0.34717047214508057,-0.00018694500486184928
151400,-0.0005435274797491729,3.691183199094894e-08,-3.6880857706069947,5.620718e-07,0.0,-2.972431182861328,-0.00024664260394966495
151600,-0.0008031019824557006,3.033161823928765e-08,-3.688087898492813,6.595254e-07,0.0,-2.2078826427459717,-0.00028678329173547067
151800,-0.0008144060848280787,3.434850754935326e-08,-3.688089120388031,5.5879354e-07,0.0,-4.074251651763916,-0.00022291919757115862
152000,-0.000325366243487224,3.3197439552878906e-08,-3.688078385591507,4.759431e-07,0.0,-1.3228528499603271,-0.00021433740031446825
152200,-0.000633915071375668,2.1875958999828526e-08,-3.6880639672279356,6.3776974e-07,0.0,-0.18659961223602295,-0.0002738577583058954
152400,-0.0005640634335577488,3.648627071584087e-08,-3.688067430257797,5.438924e-07,0.0,-2.8926308155059814,-0.00023600995616499532
152600,-0.0005477771046571434,3.171113722721941e-08,-3.688080143928528,4.8547986e-07,0.0,-1.129260778427124,-0.0001980429606347811
152800,-0.00038200573180802166,4.055927051993535e-08,-3.6880814015865324,4.75049e-07,0.0,-1.7311310768127441,-0.0001917920414294727
153000,-0.0008243439951911569,1.775100979539701e-08,-3.688099020719528,6.878376e-07,0.0,-2.7357230186462402,-0.0002596302762695402
153200,-0.0008051174809224904,3.1412992784751735e-08,-3.6880900979042055,7.060171e-07,0.0,-1.3173458576202393,-0.00028136050729683505
153400,-0.0004481857467908412,2.079944461108596e-08,-3.6880993783473968,6.0111284e-07,0.0,0.08604085445404053,-0.0002462811549484467
153600,-0.0006460660952143371,3.970426578625563e-08,-3.6881088852882384,7.5757504e-07,0.0,-2.1205451488494873,-0.0002928598303265417
153800,-0.0006421282887458801,2.3962761375173614e-08,-3.6880885779857637,4.3839216e-07,0.0,-0.48834264278411865,-0.000186306939797376
154000,-0.0008649888332001865,3.628038212077911e-08,-3.688083416223526,6.3419344e-07,0.0,-2.0403401851654053,-0.0002507620326636095
154200,-0.00035728735383599997,2.0355442797992394e-08,-3.688083899021149,5.018711e-07,0.0,-0.4381316900253296,-0.00021238946125194945
154400,-0.0005533351795747876,3.5721500468710585e-08,-3.688072365522385,4.7832725e-07,0.0,-2.11572265625,-0.00021765991980169375
154600,-0.00039358832873404026,1.865932826028427e-08,-3.688048404455185,6.142259e-07,0.0,-1.595200777053833,-0.0002298771891260598
154800,-0.0005201115855015814,2.5349062537927124e-08,-3.688033902645111,6.085634e-07,0.0,-1.8373384475708008,-0.00023327109182400552
155000,-0.000506535463500768,2.998220280936437e-08,-3.6880348205566404,5.060434e-07,0.0,-0.38380539417266846,-0.00020527675858534878
155200,-0.0005299134063534439,2.2388219544922095e-08,-3.6880343437194822,4.9680466e-07,0.0,-1.2613654136657715,-0.0001989237215748396
155400,-0.000571702083107084,1.4034283757347055e-08,-3.6880237758159637,7.086993e-07,0.0,-2.356705665588379,-0.00024133503555630044
155600,-0.0005730138509534299,2.7270371982801576e-08,-3.6880468904972075,5.5640936e-07,0.0,-3.1155600547790527,-0.00022570282321832114
155800,-0.00041631440399214625,1.4242557200283556e-08,-3.6880418419837953,6.7263846e-07,0.0,-8.51991081237793,-0.00022988162268893219
156000,-0.0004872604040428996,3.912054329369141e-08,-3.688034200668335,5.8978793e-07,0.0,-2.161614179611206,-0.00022279951087877947
156200,-0.0004961523809470236,2.88198142683882e-08,-3.688010710477829,4.723668e-07,0.0,-2.4238710403442383,-0.0001924701570411358
156400,-0.00036438903771340847,2.614543817003323e-08,-3.6880247950553895,5.543232e-07,0.0,-0.3865712881088257,-0.00022472781063220815
156600,-0.0006726903957314789,3.4424013906075854e-08,-3.6879945516586305,6.982684e-07,0.0,-2.960256338119507,-0.0002704613048863713
156800,-0.0004583986010402441,3.8326195594962084e-08,-3.6880197525024414,7.0214276e-07,0.0,-0.3272719383239746,-0.00023917358302549818
157000,-0.0004774996777996421,3.864228657057822e-08,-3.6880088627338408,7.289648e-07,0.0,-1.2067880630493164,-0.000261893093469201
157200,-0.0007080896757543087,2.1322273369150936e-08,-3.688000184297562,7.131696e-07,0.0,-2.7235066890716553,-0.00025832083202974586
157400,-0.0003909022198058665,2.508521101951544e-08,-3.688013881444931,5.0306323e-07,0.0,0.008528828620910645,-0.0001896200923258595
157600,-0.0006721403915435076,1.8075042840237644e-08,-3.6879627287387846,6.437301e-07,0.0,-1.4643118381500244,-0.00023472832041817603
157800,-0.0005324045196175575,2.2024983881152594e-08,-3.6879711627960203,6.109476e-07,0.0,-1.3920228481292725,-0.0002471099115573472
158000,-0.0004561886307783425,2.5161663996797755e-08,-3.6879632651805876,6.1303376e-07,0.0,-0.595611572265625,-0.00024041601436755044
158200,-0.0007168652955442667,1.2440274277381036e-08,-3.687994050979614,7.4863436e-07,0.0,-2.1797595024108887,-0.0002905110652595688
158400,-0.0006261463859118521,1.3593538028544571e-08,-3.6879632592201235,6.6787004e-07,0.0,-0.5216190814971924,-0.0002748708495352581
158600,-0.0006728327716700733,2.2459523019158212e-08,-3.6879689574241636,5.468726e-07,0.0,0.22606098651885986,-0.00021566793465672697
158800,-0.00047855867887847126,3.024379462424065e-08,-3.6879520177841187,7.119775e-07,0.0,-1.5127549171447754,-0.00025561892918659625
159000,-0.0005149694043211639,4.046511596911273e-08,-3.68795707821846,6.3031916e-07,0.0,-1.80306077003479,-0.00022876852736208875
159200,-0.0004973468603566289,2.695471366109814e-08,-3.6879554867744444,9.435415e-07,0.0,-0.8732088804244995,-0.0003560268289283908
159400,-0.0007875930168665946,2.054219827574144e-08,-3.6879350364208223,8.3684927e-07,0.0,-0.8208374977111816,-0.00031041887154170666
159600,-0.0003953662817366421,2.9704188397872144e-08,-3.687935268878937,4.0113926e-07,0.0,-1.4475531578063965,-0.00016099397228117596
159800,-0.0004587974108289927,2.4652878960473856e-08,-3.6879203259944915,5.739927e-07,0.0,-12.04856014251709,-0.00022235826264852543
160000,-0.000545202346984297,2.7156066728650785e-08,-3.6878942489624023,7.43866e-07,0.0,-0.21071767807006836,-0.00022598915667275675
160200,-0.0007492350414395332,1.384007213278693e-08,-3.6879131376743315,8.2612036e-07,0.0,-1.7374355792999268,-0.0003119854519527454
160400,-0.0007340367301367223,3.104724140001736e-08,-3.687891072034836,8.98838e-07,0.0,-1.1687917709350586,-0.0002968384038124494
160600,-0.0005252730916254222,2.4798749720389424e-08,-3.6879018425941466,6.633997e-07,0.0,-1.3618898391723633,-0.00023866010284994131
160800,-0.0004993479233235121,2.442214896980488e-08,-3.6879125773906707,5.620718e-07,0.0,-3.7509560585021973,-0.00021985921304068512
161000,-0.00047984765842556953,1.92676829602334e-08,-3.687889796495438,6.526709e-07,0.0,-0.37272346019744873,-0.0002676886898343556
161200,-0.000565950816962868,3.992996662205428e-08,-3.687873828411102,6.523728e-07,0.0,-0.9051566123962402,-0.00024165311669492872
161400,-0.0002866057329811156,4.341355066550534e-08,-3.6878889322280886,5.4955484e-07,0.0,-4.595529079437256,-0.0002052676684105581
161600,-0.0003707964497152716,2.6258491603314837e-08,-3.6878806829452513,5.352497e-07,0.0,-1.962785243988037,-0.0002096424700484878
161800,-0.0005697172600775957,2.5032970074612138e-08,-3.687847912311554,6.7055225e-07,0.0,-0.3529452085494995,-0.00022044254934916463
162000,-0.0005526156164705753,1.7433464838401136e-08,-3.6878639698028564,7.334352e-07,0.0,-6.896587371826172,-0.00023054328387557278
162200,-0.000820594490505755,3.51386224117789e-08,-3.687873828411102,7.084012e-07,0.0,-2.113753080368042,-0.0002638074759245268
162400,-0.0005848393775522709,3.5818392962738696e-08,-3.687829864025116,7.292628e-07,0.0,-1.3219680786132812,-0.0002412569497546535
162600,-0.0007012190762907267,2.3309828156570235e-08,-3.6878374218940735,5.8740375e-07,0.0,-4.358112812042236,-0.0002657310238279198
162800,-0.0008821897790767252,3.074629266741624e-08,-3.687861520051956,8.752942e-07,0.0,-1.2397770881652832,-0.00032960112370818975
163000,-0.0005500535480678082,1.434851728543407e-08,-3.687859833240509,6.02603e-07,0.0,-4.590428829193115,-0.00022186778528772156
163200,-0.0005688864039257169,2.401619534353472e-08,-3.687856858968735,6.5922734e-07,0.0,-0.018455862998962402,-0.0002505141825787316
163400,-0.0004662220599129796,4.076202215763658e-08,-3.687867933511734,6.4343214e-07,0.0,-0.8878214359283447,-0.0002401037976578646
163600,-0.0004927118425257504,1.777080698150968e-08,-3.687849760055542,8.231401e-07,0.0,-1.416738510131836,-0.000265984481828907
163800,-0.000675870687700808,3.5967078737542125e-08,-3.687859958410263,6.9677833e-07,0.0,-1.0561330318450928,-0.00024866580876992117
164000,-0.000658876437228173,2.315502263261493e-08,-3.6878386974334716,6.887317e-07,0.0,-0.38224613666534424,-0.0002620511273620396
164200,-0.0005538112600333989,1.608545989739696e-08,-3.6878512680530546,6.1452386e-07,0.0,-1.0547890663146973,-0.0002556120294869402
164400,-0.00035843817749992013,0.0002723468927797512,-3.688468688726425,4.780293e-07,0.0,-0.8774312734603882,-0.00021779432836948053
164600,-0.0003736084618140012,0.0001314594042924,-3.6881369411945344,4.4077638e-07,0.0,0.5868525505065918,-0.0001861971763766679
164800,-0.00040238042129203677,0.00011652586504169448,-3.6878456592559816,5.3256747e-07,0.0,-4.413497447967529,-0.00022619584987872975
165000,-0.0008183203171938658,5.556095347856171e-05,-3.687813663482666,9.4950195e-07,0.0,0.024560213088989258,-0.00031881246155975875
165200,-0.0007114881300367415,2.8570946551553788e-05,-3.687847626209259,6.017089e-07,0.0,-0.14660656452178955,-0.00022592802540986057
165400,-0.00046638044295832515,2.7655463009068625e-05,-3.68782439827919,4.3809413e-07,0.0,0.07227092981338501,-0.00017589691522994498
165600,-0.000758688896894455,3.748949175133021e-05,-3.6878536462783815,6.9767236e-07,0.0,0.07498407363891602,-0.0002781690501562961
165800,-0.0007871931884437799,5.783418018836528e-05,-3.687859982252121,7.6711177e-07,0.0,-0.0031675100326538086,-0.000300161464743276
166000,-0.0005490191979333758,1.4962818704589154e-05,-3.687842535972595,8.9883804e-07,0.0,0.06450676918029785,-0.000306190536266282
166200,-0.0005865328712388873,2.903889962908579e-05,-3.687813526391983,7.9572203e-07,0.0,0.036834537982940674,-0.00028511591458890706
166400,-0.0005109178018756211,3.82432745936967e-05,-3.687821161746979,5.52237e-07,0.0,0.06044614315032959,-0.00023057888535200634
166600,-0.0008607799536548555,2.4777631210781692e-05,-3.687863343954086,7.8469515e-07,0.0,-0.09815990924835205,-0.00028724831043064336
166800,-0.0007384580094367266,1.4682470987281703e-05,-3.6878545701503755,7.9989434e-07,0.0,0.13871455192565918,-0.0002581136527092909
167000,-0.0006892303936183453,5.1863864882761845e-05,-3.687873423099518,8.4280964e-07,0.0,0.06018698215484619,-0.0003233382942111618
167200,-0.00036000105319544673,3.345951809023973e-05,-3.6878684043884276,4.455447e-07,0.0,0.02797853946685791,-0.00018336895517905293
167400,-0.0006354050128720701,2.910422299464699e-05,-3.6878561675548553,5.751848e-07,0.0,-0.06005358695983887,-0.0002163082772020708
167600,-0.0007281856960617006,1.859237336248043e-05,-3.687852519750595,7.390976e-07,0.0,0.16666704416275024,-0.00028600201209036944
167800,-0.0005197413847781718,1.6023542411858215e-05,-3.6878364264965056,6.28829e-07,0.0,0.03537118434906006,-0.00024568338042101344
168000,-0.0005006223800592124,1.5141179892452783e-05,-3.687812727689743,5.024672e-07,0.0,0.06925487518310547,-0.00019504447141382997
168200,-0.0007828364032320678,1.4525780261465116e-05,-3.687828528881073,7.5370076e-07,0.0,-0.10386216640472412,-0.0002666687588216865
168400,-0.0009289429872296751,2.6559944762993838e-05,-3.6878246903419494,7.2479247e-07,0.0,0.056225478649139404,-0.00026947167779678427
168600,-0.0006520973984152079,3.1755171085023905e-05,-3.6878200113773345,6.03497e-07,0.0,-0.07688510417938232,-0.00022117147137930006
168800,-0.0006637540063820779,8.411118267304119e-06,-3.687843120098114,5.939603e-07,0.0,0.17991650104522705,-0.00022228911639115
169000,-0.0006913364632055163,1.3928259545537002e-05,-3.6878389000892637,6.556511e-07,0.0,-0.040377140045166016,-0.0002442522620565324
169200,-0.0006718942895531654,2.207723503033776e-05,-3.687834292650223,7.0244073e-07,0.0,-0.04663443565368652,-0.00025684879738880896
169400,-0.0006774655776098371,4.831676983485522e-05,-3.6878551721572874,6.341934e-07,0.0,-0.023647069931030273,-0.00024247074645611377
169600,-0.0006403951556421816,2.425887073513877e-05,-3.6878625214099885,5.6743625e-07,0.0,0.009095907211303711,-0.0002027891051686659
169800,-0.0006414306117221713,1.9144112752655928e-05,-3.6878706336021425,8.612871e-07,0.0,-0.12843775749206543,-0.0002888966554652317
170000,-0.000453986314823851,2.8397851701811304e-05,-3.6878723978996275,6.0111284e-07,0.0,0.005195558071136475,-0.0002276089801810044
170200,-0.0005280540208332241,4.870631260018854e-05,-3.687890130281448,7.230043e-07,0.0,0.11529546976089478,-0.0002748403400819388
170400,-0.0005290885455906391,8.217691254230886e-06,-3.687854379415512,6.404519e-07,0.0,-0.8599907159805298,-0.00025751358296370873
170600,-0.0006296299980022013,8.68279864789656e-06,-3.687867599725723,5.9783457e-07,0.0,-0.0242311954498291,-0.00023880130088285156
170800,-0.00065825559431687,1.3662620085597155e-05,-3.6878844857215882,6.9677833e-07,0.0,-0.16027915477752686,-0.0002798535094839294
171000,-0.0006726618739776313,7.407076609524665e-05,-3.6878606498241426,8.493662e-07,0.0,0.05882078409194946,-0.0002912840852092202
171200,-0.0004835477448068559,1.721966455079382e-05,-3.687862980365753,5.576014e-07,0.0,0.025350630283355713,-0.0002191941788300511
171400,-0.000740724615752697,1.5450835917363293e-05,-3.6878405809402466,5.525351e-07,0.0,0.12377816438674927,-0.00022834660008905772
171600,-0.0005673863342963159,2.561082719694241e-05,-3.6878606140613557,5.879998e-07,0.0,0.02973759174346924,-0.00022634328892081612
171800,-0.0006990431575104594,1.3166232702133129e-05,-3.687846463918686,8.7708236e-07,0.0,-0.23609936237335205,-0.0002953325352636926
172000,-0.00034650074667297304,2.3752024526402236e-05,-3.687856692075729,3.924966e-07,0.0,0.09715402126312256,-0.0001642148795099274
172200,-0.0004921020590700209,2.2776485320719075e-05,-3.6878641963005068,4.0471554e-07,0.0,0.04067397117614746,-0.0001963193271976138
172400,-0.0006203799857757986,1.77894596617989e-05,-3.6878564774990084,7.343292e-07,0.0,0.14670395851135254,-0.0002666959403086366
172600,-0.0006562199559994042,2.926898746409279e-05,-3.6878806233406065,8.493662e-07,0.0,0.0924539566040039,-0.0003231095205064816
172800,-0.0006730207824148238,1.8034964887192474e-05,-3.6878857135772707,6.973744e-07,0.0,0.022176146507263184,-0.00022730750016259905
173000,-0.0005174101679585874,2.410450379102258e-05,-3.687885105609894,6.4760445e-07,0.0,0.06591695547103882,-0.0002554804083963358
173200,-0.0005413931794464588,1.9706037460309744e-05,-3.687880963087082,7.730722e-07,0.0,0.055405497550964355,-0.0002635347124199772
173400,-0.0005036814836785197,1.62947450462525e-05,-3.6878862023353576,7.688999e-07,0.0,0.2958565354347229,-0.00026880540908633674
173600,-0.0006441108998842537,1.4993143008723563e-05,-3.687889498472214,6.2972305e-07,0.0,-0.39633917808532715,-0.00026374114967593344
173800,-0.0005795627366751432,2.0943746926604943e-05,-3.6878728330135346,8.139014e-07,0.0,0.018000543117523193,-0.00033690394977829995
174000,-0.0006704748375341296,2.336802899662871e-05,-3.68787402510643,6.0617924e-07,0.0,0.04597902297973633,-0.00024308461139153082
174200,-0.0007559970836155117,2.2364352253134713e-05,-3.687884360551834,5.877018e-07,0.0,-0.06943690776824951,-0.0002252196670189832
174400,-0.001099632354453206,2.719738045016129e-05,-3.687893879413605,9.62913e-07,0.0,0.04505568742752075,-0.0003127324943623
174600,-0.0004592923214659095,1.834606989632448e-05,-3.687889796495438,6.3836575e-07,0.0,-0.0033398866653442383,-0.0002501853415114885
174800,-0.0006791233317926526,3.2916120790105194e-05,-3.6878861784934998,6.92904e-07,0.0,0.014417111873626709,-0.00024878944324382426
175000,-0.0006547752418555319,2.4977393604785902e-05,-3.6878817439079286,6.049871e-07,0.0,-0.0952221155166626,-0.0002465436148767708
175200,-0.0004665931046474725,1.704505675661494e-05,-3.687872886657715,6.2495474e-07,0.0,0.1596178412437439,-0.000219516559775923
175400,-0.0007797597791068256,8.591451955908268e-06,-3.6878845930099486,6.538629e-07,0.0,0.058934688568115234,-0.00026109787918970895
175600,-0.0005797803751192987,3.0916789000912104e-05,-3.687875843048096,5.9098005e-07,0.0,0.0472257137298584,-0.00022493992708405575
175800,-0.0011213632533326745,9.259917362669512e-06,-3.687872737646103,8.9973213e-07,0.0,-0.007680654525756836,-0.000310341746147369
176000,-0.0006532701081596315,3.829970455626608e-05,-3.687859469652176,7.6383355e-07,0.0,0.03391152620315552,-0.0002597132052151174
176200,-0.0002989430504385382,2.0050205580446346e-05,-3.687860780954361,6.7919495e-07,0.0,-0.04679691791534424,-0.000267869144148003
176400,-0.0004939988139085472,3.5927980661654146e-05,-3.687867081165314,5.8472153e-07,0.0,0.01190483570098877,-0.00025196810831573657
176600,-0.0007245080778375268,2.185692962939356e-05,-3.6878489017486573,5.397201e-07,0.0,0.0971980094909668,-0.00019761015471924103
176800,-0.0005136397085152566,2.6970283261107398e-05,-3.6878580927848814,5.8025125e-07,0.0,0.1055154800415039,-0.00022125767197911372
177000,-0.00063781050266698,1.2946404285685276e-05,-3.687828075885773,5.340576e-07,0.0,-0.18799173831939697,-0.0002233945131313142
177200,-0.00043614269816316664,3.0309684279927752e-05,-3.6878213584423065,7.4267393e-07,0.0,0.09899860620498657,-0.0002632835798512589
177400,-0.0005867062136530876,2.471976217748306e-05,-3.687804567813873,8.2343814e-07,0.0,0.16881990432739258,-0.000318827587276016
177600,-0.0005538853583857417,2.749805096300406e-05,-3.687833046913147,5.033612e-07,0.0,-0.09283328056335449,-0.0002176908239572395
177800,-0.0007412047707475722,2.9517338953155557e-05,-3.6878009021282194,7.715821e-07,0.0,0.043638408184051514,-0.00028300874166795607
178000,-0.0005048131570219994,1.8505914886191023e-05,-3.6877928555011747,4.887581e-07,0.0,-0.18867409229278564,-0.00021685046205539572
178200,-0.0004950523725710809,1.2169523529337312e-05,-3.6878115594387055,6.529689e-07,0.0,0.039800047874450684,-0.00026497372029830044
178400,-0.0006279297522269189,1.3246477169559512e-05,-3.6878094911575316,6.979704e-07,0.0,0.10912168025970459,-0.00024752661467619674
178600,-0.0003244745312258601,2.6166348675360496e-05,-3.687768304347992,4.7773125e-07,0.0,0.02126246690750122,-0.00017743364806874773
178800,-0.000568327319342643,5.7875633410731096e-05,-3.687795490026474,6.7502265e-07,0.0,0.02237147092819214,-0.00022413480280807362
179000,-0.0006811355124227703,3.176980094394821e-05,-3.6878178656101226,4.646182e-07,0.0,0.10004842281341553,-0.00018092568182765946
179200,-0.00024314576876349747,1.6526312629139282e-05,-3.687818092107773,5.77569e-07,0.0,0.07163655757904053,-0.0002211624975863913
179400,-0.0008114298689179122,1.866188654275902e-05,-3.687792557477951,6.774068e-07,0.0,-0.08208239078521729,-0.0002550975151159207
179600,-0.0003365125157870352,1.5196227946034923e-05,-3.6877903163433077,4.4882296e-07,0.0,0.060594141483306885,-0.00019987268875367725
179800,-0.0007081758230924606,1.424440974915342e-05,-3.687781262397766,7.858872e-07,0.0,0.1825215220451355,-0.000291966511008912
180000,-0.00043678010115399957,4.4075493133277635e-05,-3.687785345315933,5.570054e-07,0.0,0.14179855585098267,-0.00022290460900824537
180200,-0.0008027437725104392,1.9916207884307367e-05,-3.687789672613144,9.2327593e-07,0.0,0.08634734153747559,-0.0003087670123745223
180400,-0.00034105771919712424,2.337265455025772e-05,-3.687789624929428,6.6041946e-07,0.0,0.1005600094795227,-0.00023967280508703227
180600,-0.0005603464669547975,2.6975437231158138e-05,-3.6877738654613497,4.5478342e-07,0.0,-0.014559507369995117,-0.00020281136065340987
180800,-0.0007967239362187684,2.20499422539433e-05,-3.6877685129642486,8.174777e-07,0.0,0.1013484001159668,-0.00027686125183663536
181000,-0.0008895826758816838,1.0750947262749833e-05,-3.6877712488174437,7.3224305e-07,0.0,0.09972107410430908,-0.0002447461773005033
181200,-0.0008480839896947145,1.2570679814416508e-05,-3.6877960443496702,5.459786e-07,0.0,0.13450473546981812,-0.00022864045970378833
181400,-0.0008792238659225404,1.8077487129630754e-05,-3.687798011302948,9.0003016e-07,0.0,0.09676063060760498,-0.0003002809135066453
181600,-0.0008640083251520991,2.435816259094281e-05,-3.6877715647220612,8.746981e-07,0.0,0.0596081018447876,-0.0003000478293868181
181800,-0.0005369288846850395,1.9682380184349313e-05,-3.6877872467041017,6.470084e-07,0.0,0.09660065174102783,-0.00025081030861997535
182000,-0.0005799363134428859,1.9443870201030222e-05,-3.687771439552307,6.079674e-07,0.0,0.0004954934120178223,-0.0002442410869271328
182200,-0.0007206356967799366,1.3557765532823396e-05,-3.6877827107906342,1.2016296e-06,0.0,0.16626954078674316,-0.0003551972718093932
182400,-0.0006821496644988656,1.624780379643198e-05,-3.6877946972846987,8.9287755e-07,0.0,-0.0506209135055542,-0.0002923835557830934
182600,-0.0005810289876535535,4.09885417411715e-05,-3.687748557329178,6.768107e-07,0.0,0.018601059913635254,-0.0002560278399069027
182800,-0.0006983713246881962,3.7474524788194685e-05,-3.6877754509449003,7.7545644e-07,0.0,0.1298397183418274,-0.00028073425395680474
183000,-0.00046913765254430473,3.704099681272055e-05,-3.6878036141395567,5.2154064e-07,0.0,0.03738105297088623,-0.00017980535288472654
183200,-0.0006512796389870346,1.8909744039774522e-05,-3.687777119874954,6.5386297e-07,0.0,0.03433424234390259,-0.00027474987392133164
183400,-0.0006004210445098579,2.0302789039305935e-05,-3.6877891600131987,4.3690204e-07,0.0,0.04865807294845581,-0.00018167464288307845
183600,-0.0004033271980006248,2.108791140926769e-05,-3.68778036236763,5.12898e-07,0.0,0.04923170804977417,-0.0002229524256050608
183800,-0.0005741789354942739,9.787198723643088e-06,-3.687783473730087,5.7309865e-07,0.0,-0.04858124256134033,-0.00022290113352259057
184000,-0.0006244773394428194,1.5806394208084386e-05,-3.6878085136413574,7.0661304e-07,0.0,-0.008797764778137207,-0.00026530842380196874
184200,-0.000340025348123163,2.3055728252074915e-05,-3.687788355350494,6.389618e-07,0.0,0.1540486216545105,-0.00022394943961807635
184400,-0.0003492526593618095,9.146228433110081e-06,-3.6877976179122927,6.8515544e-07,0.0,-0.04914200305938721,-0.00024087329127859826
184600,-0.00033140828600153327,2.2578966627406773e-05,-3.687793606519699,4.708767e-07,0.0,0.04187500476837158,-0.00018151993156146907
184800,-0.0005306253442540765,1.233195980603341e-05,-3.687811243534088,6.181002e-07,0.0,0.09733599424362183,-0.00020472507951558861
185000,-0.0008430202724412084,2.9186097481215257e-05,-3.687768203020096,7.030368e-07,0.0,0.05049949884414673,-0.000276701144995295
185200,-0.00043172924779355526,2.759422138751688e-05,-3.6877682387828825,5.0902366e-07,0.0,0.1406068205833435,-0.00021245974314250128
185400,-0.00030401707044802606,3.0495263672492e-05,-3.687742382287979,6.9350006e-07,0.0,-0.05508768558502197,-0.00022712452592350553
185600,-0.0007106918492354453,5.142136105860118e-05,-3.687782257795334,5.7429077e-07,0.0,-0.0556865930557251,-0.00022478556003033834
185800,-0.00047393611748702824,1.7083135708162446e-05,-3.68775879740715,4.7773125e-07,0.0,-0.0722646713256836,-0.00018634556246528434
186000,-0.0003314435307402164,1.984469554372481e-05,-3.6877805590629578,4.1663645e-07,0.0,0.11163073778152466,-0.00016630844766691856
186200,-0.0008703980129212141,1.449600970317988e-05,-3.687734544277191,7.3581936e-07,0.0,0.11260837316513062,-0.00028020769514114363
186400,-0.00038563215639442205,1.965214332813048e-05,-3.6877572000026704,6.3836575e-07,0.0,0.030586421489715576,-0.00026254728382228975
186600,-0.0006576991872861981,1.8083773215948896e-05,-3.687739837169647,8.6426735e-07,0.0,-0.04801750183105469,-0.0003241265387318837
186800,-0.0007867722306400537,3.415705268707825e-05,-3.687721663713455,8.618832e-07,0.0,-0.03512394428253174,-0.00031611484235005705
187000,-0.0006353715434670448,1.576079314418166e-05,-3.6877169013023376,6.4849854e-07,0.0,0.11195272207260132,-0.00022827629022412755
187200,-0.0006614539306610823,2.4508796832378722e-05,-3.687720900774002,9.226799e-07,0.0,0.09766888618469238,-0.00032672521426753144
187400,-0.00031100306659936905,2.4700540348021604e-05,-3.6877364993095396,6.3449147e-07,0.0,-0.022491455078125,-0.0002558594027591399
187600,-0.0005242879851721227,3.288395510026021e-05,-3.6877347409725187,8.091331e-07,0.0,0.10989677906036377,-0.00028928808063369835
187800,-0.0002849696029443294,1.3378116022977338e-05,-3.68773073554039,5.7160855e-07,0.0,0.09122323989868164,-0.00020813743784993123
188000,-0.0003331005573272705,1.2765147857862758e-05,-3.6877257883548737,5.2928925e-07,0.0,0.03525876998901367,-0.0002030835141576759
188200,-0.0006639171624556184,2.1904891195845266e-05,-3.6877235889434816,6.780029e-07,0.0,-0.04339313507080078,-0.00024927071339357897
188400,-0.0006130699766799808,3.1740441863803424e-05,-3.6876954615116118,7.045269e-07,0.0,0.0032462477684020996,-0.00023876004643552662
188600,-0.0003610410785768181,1.6303525899274974e-05,-3.6876765727996825,5.736947e-07,0.0,0.07097971439361572,-0.00021030534676307332
188800,-0.0005076510133221745,1.7177758923025977e-05,-3.6876574218273164,6.0617924e-07,0.0,0.05372136831283569,-0.00022465423335669144
189000,-0.0004039690247736871,3.081260251747153e-05,-3.6876942813396454,5.105138e-07,0.0,0.06829416751861572,-0.00021437768714143156
189200,-0.0005255677970126271,1.0593567265004821e-05,-3.687681955099106,5.558133e-07,0.0,0.1470710039138794,-0.00022977905734797855
189400,-0.0005735477898269892,1.8327663474337898e-05,-3.6876778304576874,9.045005e-07,0.0,-0.043039917945861816,-0.0002930421522473914
189600,-0.0003720760578289628,1.5064917874951789e-05,-3.687702453136444,6.6488985e-07,0.0,-0.09617805480957031,-0.0002515475603786399
189800,-0.0007755893748253584,1.29574831703394e-05,-3.6876943111419678,7.3820354e-07,0.0,0.1231120228767395,-0.00027528787993147397
190000,-0.00034256975050084293,1.4910107256582706e-05,-3.6877252101898192,5.9753654e-07,0.0,0.16131025552749634,-0.00019851852060219776
190200,-0.000457144808024168,9.165842868696927e-06,-3.6877385914325713,5.745888e-07,0.0,0.034485042095184326,-0.00025001666018334976
190400,-0.000536956824362278,2.216615466750227e-05,-3.6877266108989715,7.066131e-07,0.0,0.056902289390563965,-0.00023790137677770495
190600,-0.0008242165204137564,2.0245236964910873e-05,-3.687688612937927,8.055568e-07,0.0,-0.358018159866333,-0.00026515101368933535
190800,-0.0006507773650810122,2.128329065271828e-05,-3.687689995765686,7.101894e-07,0.0,0.0009396672248840332,-0.00023559883752524157
191000,-0.0006902033928781748,3.5690457798409626e-05,-3.6876884281635283,7.346273e-07,0.0,0.06082874536514282,-0.0002632191712959919
191200,-0.0005571466172114015,2.261822533000668e-05,-3.6876873672008514,6.952882e-07,0.0,-0.017031550407409668,-0.00027610821879897607
191400,-0.0005724214715883136,2.874930041798507e-05,-3.687693935632706,7.620454e-07,0.0,0.11135143041610718,-0.0002847085451828324
191600,-0.0005013125482946634,1.8511404891796702e-05,-3.687663972377777,7.900595e-07,0.0,0.04723930358886719,-0.00028634762079616795
191800,-0.0006022035959176719,1.7531648268231947e-05,-3.687657392024994,7.7217817e-07,0.0,-0.042316555976867676,-0.00027874529332347906
192000,-0.0005836185300722718,2.8864654268545564e-05,-3.687652516365051,7.858872e-07,0.0,-0.04451096057891846,-0.0002551407403481587
192200,-0.0008586495532654226,1.6513528203176973e-05,-3.6876843154430388,7.2091814e-07,0.0,-0.05097472667694092,-0.00029242442500980735
192400,-0.00030285457614809275,4.7748966062499675e-05,-3.6876469969749452,3.8594007e-07,0.0,0.01718991994857788,-0.00015622690912591163
192600,-0.00032537899096496403,2.1443355058181625e-05,-3.687652313709259,4.628301e-07,0.0,0.07933688163757324,-0.00019594968910392475
192800,-0.0006794920773245394,1.8292748859494167e-05,-3.6876650393009185,6.005168e-07,0.0,-0.008058428764343262,-0.0002467759982400841
193000,-0.0005826533306390047,2.4926579089878943e-05,-3.6876468539237974,6.0617924e-07,0.0,-0.10382449626922607,-0.00023061840988933824
193200,-0.0006353415665216744,1.309176227550779e-05,-3.687647485733032,7.992983e-07,0.0,0.04871934652328491,-0.0002832690173449892
193400,-0.000880291685461998,2.9820523604939807e-05,-3.6876522302627563,9.599328e-07,0.0,0.03879821300506592,-0.00037944269341911864
193600,-0.0002865704009309411,3.631832169048721e-05,-3.687631732225418,5.608797e-07,0.0,-0.05073249340057373,-0.00020930276118065195
193800,-0.0010252132778987288,2.303595474586473e-05,-3.687629985809326,1.0979176e-06,0.0,-0.08278560638427734,-0.00036331379435021737
194000,-0.0009447210468351841,4.315998057791148e-05,-3.687619113922119,1.1184811e-06,0.0,0.07999730110168457,-0.0003547992153309032
194200,-0.000594203535001725,3.3457014160376276e-05,-3.6876098692417143,9.170175e-07,0.0,0.11293983459472656,-0.00028996874481799215
194400,-0.00024401072005275637,3.23682130783709e-05,-3.6875913083553313,5.8323144e-07,0.0,-0.15855145454406738,-0.0001934944555605167
194600,-0.0004044488014187664,2.9038546745141503e-05,-3.687598967552185,4.011393e-07,0.0,-0.00020933151245117188,-0.000176383763703436
194800,-0.0005407425342127681,1.558130627472565e-05,-3.68760666847229,6.6548586e-07,0.0,-0.027036547660827637,-0.0002504175667910946
195000,-0.0007726087351329625,2.1743225806858392e-05,-3.687592476606369,6.9588424e-07,0.0,0.0038547515869140625,-0.0002644904093726863
195200,-0.0006157825118862092,6.030920976627385e-05,-3.6875978291034697,8.630753e-07,0.0,0.032271742820739746,-0.00027262425515117705
195400,-0.0007983963587321341,1.1669162813632283e-05,-3.687559938430786,9.4950195e-07,0.0,-0.2400524616241455,-0.00033411954140682987
195600,-0.0006737380754202604,2.5170258413709235e-05,-3.6875404834747316,5.3346156e-07,0.0,-0.004746079444885254,-0.0001905433837928072
195800,-0.0003741734253708273,2.023595075115736e-05,-3.687540566921234,5.525351e-07,0.0,0.042076945304870605,-0.00022081690367088403
196000,-0.0006233630701899529,1.4040570067663794e-05,-3.6875262439250944,1.0445714e-06,0.0,-0.06860184669494629,-0.00033892790185290344
196200,-0.0006350863259285688,4.8109781801031204e-05,-3.6875411331653596,6.252527e-07,0.0,0.03719377517700195,-0.000231304794298004
196400,-0.0005280134500935674,1.6646304288769898e-05,-3.6875297129154205,6.8336726e-07,0.0,0.13728636503219604,-0.00023466950505643958
196600,-0.0007370340172201395,1.1916476057649562e-05,-3.687564581632614,7.0512294e-07,0.0,0.07010281085968018,-0.0002634990000728976
196800,-0.0005520697450265288,1.6728365812923586e-05,-3.687532514333725,6.9797045e-07,0.0,0.01305997371673584,-0.0002582233222702346
197000,-0.0005312522407621145,1.6857326295394158e-05,-3.687565392255783,5.856156e-07,0.0,0.05307435989379883,-0.00024240896044602778
197200,-0.000364495295798406,3.7490803651962776e-05,-3.6875181794166565,7.000566e-07,0.0,-0.06661128997802734,-0.00025540263930188265
197400,-0.0009953242260962725,2.343608248338569e-05,-3.687548989057541,8.60393e-07,0.0,0.04551798105239868,-0.0003000389184758312
197600,-0.0007249934133142233,1.9455459641903873e-05,-3.6875569939613344,7.873774e-07,0.0,0.17121237516403198,-0.00026548290678965746
197800,-0.0009178139735013247,1.8991087267750116e-05,-3.6875543355941773,9.647013e-07,0.0,0.11109834909439087,-0.00035529842092261175
198000,-0.0004955354961566627,1.1448610450770502e-05,-3.687530887126923,6.064773e-07,0.0,-0.09289848804473877,-0.00022222712749111472
198200,-0.0007085257675498724,1.865237279616849e-05,-3.687509036064148,6.5386297e-07,0.0,0.1579541563987732,-0.00027542680473970906
198400,-0.0004191698390059173,1.1045866085623856e-05,-3.6875256419181826,5.024671e-07,0.0,-0.09168386459350586,-0.00018076665677222437
198600,-0.0006288022268563509,2.0846572920163452e-05,-3.687508851289749,6.040931e-07,0.0,0.14624011516571045,-0.0002481220948657104
198800,-0.000558993429876864,1.615249113910977e-05,-3.687547481060028,7.6442956e-07,0.0,0.020063579082489014,-0.00026583281356795663
199000,-0.0007506628171540797,1.550392421449942e-05,-3.6875414550304413,5.456805e-07,0.0,-0.026675105094909668,-0.00023441827434784735
199200,-0.0005827561835758388,2.925394574049278e-05,-3.6875015914440157,5.763769e-07,0.0,0.10225445032119751,-0.000245107887595164
199400,-0.0006948382360860705,2.7101484965896817e-05,-3.6874595105648043,8.273125e-07,0.0,-0.08426141738891602,-0.000271895935958022
199600,-0.0004698081756941974,1.5201610881376838e-05,-3.687508445978165,6.0737136e-07,0.0,-0.006621003150939941,-0.0002115786720779056
199800,-0.0007577838259749115,1.9431947316661534e-05,-3.6874987304210665,6.836653e-07,0.0,0.10571688413619995,-0.00023919420718265805
200000,-0.00030713548767380416,1.7627565284783486e-05,-3.6875034093856813,3.3646825e-07,0.0,0.031677305698394775,-0.00015715007516632352
