timestep,loss,value_loss,entropy_loss,approx_kl,clip_fraction,explained_variance,policy_gradient_loss
200,,,,,,,
400,16.115371704101562,36.777464866638184,-3.688876914978027,9.383075e-08,0.0,-0.020946383476257324,-0.00011228101211600006
600,6.6487650871276855,12.88496555685997,-3.688875377178192,2.903398e-07,0.0,-0.0023031234741210938,-0.0001343489857390523
800,12.811084747314453,31.032022094726564,-3.688874399662018,7.194467e-08,0.0,0.0070015788078308105,-5.857918877154589e-05
1000,34.54283905029297,51.25544018745423,-3.6888737976551056,1.6530976e-08,0.0,0.006636619567871094,-3.12138581648469e-05
1200,5.0654120445251465,8.14038896560669,-3.6888738572597504,1.5203841e-07,0.0,0.05325174331665039,-0.0001125432550907135
1400,11.37668228149414,23.80484597682953,-3.688873839378357,5.424954e-08,0.0,0.021731972694396973,-5.4956984240561726e-05
1600,5.218350887298584,12.47553882598877,-3.6888728857040407,9.241048e-07,0.0,-0.01900184154510498,-0.0003041476709768176
1800,10.620180130004883,18.843173003196718,-3.688871967792511,7.241033e-08,0.0,-0.016476869583129883,-5.6548824068158866e-05
2000,4.102221965789795,7.786495184898376,-3.6888717114925385,1.473818e-07,0.0,0.010309040546417236,-0.00010559544898569584
2200,17.135377883911133,20.661037659645082,-3.688871443271637,4.8894435e-08,0.0,-0.0029257535934448242,-7.180619286373258e-05
2400,12.93215274810791,19.214644455909728,-3.6888712644577026,1.2596138e-07,0.0,-0.029384136199951172,-9.035877883434296e-05
2600,32.620059967041016,31.17761038541794,-3.6888712525367735,1.6577542e-07,0.0,0.0013459324836730957,-9.101466275751591e-05
2800,7.29337739944458,22.51432105898857,-3.6888708651065825,1.7345883e-07,0.0,-0.015466809272766113,-9.924902115017175e-05
3000,8.261566162109375,17.16728835105896,-3.6888709008693694,5.844049e-08,0.0,0.0008929967880249023,-5.7937944075092676e-05
3200,11.386310577392578,16.744909358024596,-3.6888708770275116,2.5960617e-07,0.0,-0.008282303810119629,-0.00013872733106836676
3400,1.3870062828063965,8.862539660930633,-3.68887112736702,5.0105155e-07,0.0,0.030230343341827393,-0.00023732834961265326
3600,4.426306247711182,10.77470543384552,-3.6888703286647795,4.1653402e-07,0.0,-0.022142529487609863,-0.00019689765758812428
3800,13.600736618041992,19.776560187339783,-3.6888694405555724,5.6810677e-08,0.0,0.007567882537841797,-5.680674221366644e-05
4000,27.64910888671875,48.6351592540741,-3.6888685524463654,8.8475645e-09,0.0,-0.03703796863555908,-2.7210894040763377e-05
4200,11.640475273132324,19.97319655418396,-3.688868933916092,2.9569492e-08,0.0,-0.024269700050354004,-4.9138757458422336e-05
4400,7.69883394241333,26.43817744255066,-3.6888689517974855,6.2864274e-09,0.0,0.004884183406829834,-3.4283241257071494e-05
4600,3.6129038333892822,9.117934238910674,-3.6888686180114747,1.3364479e-07,0.0,0.03201591968536377,-9.813206270337105e-05
4800,9.225691795349121,12.612022209167481,-3.6888679563999176,1.1525117e-07,0.0,0.014445662498474121,-0.00010076871840283274
5000,10.986885070800781,15.882871758937835,-3.688868409395218,3.562309e-08,0.0,0.0124703049659729,-5.730276461690664e-05
5200,21.973960876464844,37.19653105735779,-3.688867849111557,7.683411e-09,0.0,0.014569580554962158,-3.8175075314939025e-05
5400,9.621365547180176,15.642916917800903,-3.6888680040836332,3.0966476e-08,0.0,-0.05148196220397949,-4.269712953828275e-05
5600,11.476242065429688,26.901161861419677,-3.688867825269699,7.4505806e-08,0.0,0.00034743547439575195,-8.865045383572578e-05
5800,14.840347290039062,24.888684391975403,-3.6888682186603545,1.9092113e-08,0.0,0.014306247234344482,-4.736044211313128e-05
6000,6.444634437561035,14.518030738830566,-3.6888677060604094,7.4575655e-07,0.0,0.01010197401046753,-0.00027105523040518167
6200,4.833639144897461,17.1112619638443,-3.688866537809372,8.591451e-08,0.0,-0.0014989376068115234,-6.632526346947998e-05
6400,6.745500087738037,21.418099021911623,-3.6888673841953277,4.1909516e-08,0.0,-0.028876781463623047,-5.295749288052321e-05
6600,5.666279315948486,8.88248164653778,-3.688867139816284,1.4691614e-07,0.0,0.011434793472290039,-0.0001185268396511674
6800,8.39339828491211,12.755700373649598,-3.688866972923279,2.4912879e-08,0.0,0.02193605899810791,-4.378823796287179e-05
7000,9.868974685668945,15.115794360637665,-3.6888667583465575,3.678724e-08,0.0,-0.022279977798461914,-4.698995035141706e-05
7200,3.730269193649292,7.740294253826141,-3.688867098093033,3.2340176e-07,0.0,-0.008387565612792969,-0.0001587214064784348
7400,5.305626392364502,16.730413204431535,-3.6888665914535523,1.10128894e-07,0.0,-0.028450727462768555,-7.676235400140285e-05
7600,16.303190231323242,25.720349407196046,-3.6888663947582243,2.1187589e-08,0.0,-0.011443495750427246,-3.937182918889448e-05
7800,8.6160888671875,15.497006344795228,-3.6888660848140717,1.5366822e-08,0.0,0.010004937648773193,-4.170351894572377e-05
8000,10.73052978515625,35.54799661636353,-3.6888661086559296,3.958121e-09,0.0,0.0431058406829834,-2.872499171644449e-05
8200,6.915764808654785,10.50852004289627,-3.688866049051285,1.1608936e-06,0.0,-0.009261727333068848,-0.00033857645466923715
8400,4.7443766593933105,7.381974565982818,-3.688865005970001,3.0291267e-07,0.0,-0.02996194362640381,-0.0001520838588476181
8600,19.737228393554688,23.983042812347414,-3.688864177465439,1.1641532e-08,0.0,0.03101116418838501,-9.126903023570776e-06
8800,37.22703170776367,41.880852127075194,-3.6888638854026796,7.450581e-09,0.0,0.0006312727928161621,-3.7047755904495715e-05
9000,9.32717514038086,18.023788738250733,-3.6888634741306303,2.6077032e-08,0.0,-0.02109503746032715,-5.781298968940973e-05
9200,21.615142822265625,22.065313988924025,-3.688863641023636,2.4214387e-08,0.0,0.01873236894607544,-3.7500495091080664e-05
9400,8.689836502075195,12.878918933868409,-3.6888637483119964,6.260816e-07,0.0,-0.016853690147399902,-0.00024858557153493164
9600,7.762646675109863,12.396331036090851,-3.688863217830658,7.892959e-08,0.0,0.004933774471282959,-5.944386357441545e-05
9800,8.448981285095215,12.3205575466156,-3.6888623356819155,1.14087015e-08,0.0,-0.011713862419128418,-3.492258256301284e-05
10000,3.0379509925842285,8.473695403337478,-3.6888615429401397,2.6985072e-07,0.0,-0.004173398017883301,-0.0001700159627944231
10200,5.414366245269775,13.630886518955231,-3.688861685991287,3.678724e-08,0.0,0.014727234840393066,-4.8999011050909756e-05
10400,10.623824119567871,19.422092413902284,-3.6888620615005494,3.0035153e-08,0.0,-0.01054084300994873,-5.6229752954095605e-05
10600,7.9409403800964355,18.791957086324693,-3.6888628125190737,2.3748726e-08,0.0,0.004561245441436768,-4.289268981665373e-05
10800,10.175931930541992,18.83164837360382,-3.6888613224029543,7.450581e-09,0.0,-0.006522655487060547,-3.5530939931049944e-05
11000,3.289944887161255,17.629107499122618,-3.688860994577408,4.7963113e-08,0.0,-0.0033659934997558594,-7.913974113762378e-05
11200,15.231298446655273,27.151119971275328,-3.688861483335495,4.656613e-08,0.0,0.023925960063934326,-5.6395691353827714e-05
11400,20.74857521057129,40.657890510559085,-3.68886194229126,1.2340024e-08,0.0,-0.006623983383178711,-4.963247338309884e-05
11600,26.216053009033203,38.620081663131714,-3.688861387968063,2.7939677e-09,0.0,-0.009459376335144043,-2.3683509789407252e-05
11800,1.2035431861877441,16.733518481254578,-3.6888608157634737,1.2759119e-07,0.0,0.013243556022644043,-9.598794858902692e-05
12000,5.369853496551514,15.135251832008361,-3.6888616621494292,7.869676e-08,0.0,-0.011379361152648926,-8.401756349485368e-05
12200,3.0280966758728027,17.984726560115813,-3.6888612806797028,1.9324943e-08,0.0,-0.018996715545654297,-3.488191869109869e-05
12400,25.714927673339844,49.83657360076904,-3.6888621747493744,3.0035153e-08,0.0,-0.0001266002655029297,-3.438200219534338e-05
12600,6.036016464233398,12.902029132843017,-3.6888609349727632,2.6542693e-08,0.0,-0.034464359283447266,-5.126092582941055e-05
12800,6.639305114746094,21.02982670068741,-3.68886262178421,7.171184e-08,0.0,-0.012141942977905273,-6.980855105211958e-05
13000,10.347505569458008,12.57784948348999,-3.688860660791397,4.2375177e-08,0.0,0.0029729604721069336,-4.4589355820789936e-05
13200,2.0066685676574707,5.656569862365723,-3.6888607919216154,2.430752e-07,0.0,-0.022362828254699707,-0.00015523657784797252
13400,6.841618537902832,15.216474890708923,-3.6888613998889923,1.3853423e-07,0.0,0.008218348026275635,-8.8781479280442e-05
13600,22.39568519592285,40.77230134010315,-3.6888614356517793,1.2340024e-08,0.0,-0.004623055458068848,-3.3544912002980706e-05
13800,6.457204818725586,9.558007830381394,-3.6888614535331725,1.6391277e-07,0.0,0.003944456577301025,-9.417207911610603e-05
14000,6.633993625640869,18.69492561817169,-3.6888599514961244,1.09896064e-07,0.0,0.014559924602508545,-6.130448964540847e-05
14200,15.69885540008545,22.1307471036911,-3.6888601899147035,2.142042e-08,0.0,0.012549936771392822,-5.008976440876722e-05
14400,9.325750350952148,21.05896577835083,-3.688860648870468,6.589107e-08,0.0,-0.010600805282592773,-6.962253246456385e-05
14600,3.64121413230896,7.9999768197536465,-3.6888607501983643,1.7038547e-06,0.0,0.00379258394241333,-0.00034775614039972425
14800,12.218879699707031,17.923230129480363,-3.688858616352081,9.3714334e-07,0.0,0.015098810195922852,-0.0002117806114256382
15000,11.16563892364502,12.57365425825119,-3.688856452703476,8.195639e-08,0.0,0.00973212718963623,-5.94839861150831e-05
15200,6.187571048736572,11.309464478492737,-3.688855969905853,3.4226105e-08,0.0,-0.01626002788543701,-5.254351999610663e-05
15400,2.394981622695923,10.618114638328553,-3.6888550400733946,1.8044375e-07,0.0,0.007523834705352783,-0.0001506345346570015
15600,3.6502575874328613,8.376658856868744,-3.6888562977313994,5.36209e-07,0.0,0.004941463470458984,-0.00016240088734775782
15800,4.302840232849121,17.720658707618714,-3.6888578116893767,2.2817403e-08,0.0,-0.0015697479248046875,-2.3735343711450695e-05
16000,23.65268898010254,34.64188232421875,-3.68885743021965,0.0,0.0,-0.011932730674743652,-1.4810147695243358e-05
16200,2.3658595085144043,7.1448978841304776,-3.6888572335243226,3.8347207e-07,0.0,-0.012073040008544922,-0.00017899337108246983
16400,6.391800880432129,18.39808554649353,-3.6888557851314543,5.448237e-08,0.0,0.027702271938323975,-3.1048874370753764e-05
16600,10.451430320739746,23.776897573471068,-3.688856452703476,9.546056e-09,0.0,-0.008954405784606934,-3.5781948827207086e-05
16800,13.952977180480957,31.521883964538574,-3.68885400891304,4.656613e-10,0.0,0.02137845754623413,-1.9081961363554e-05
17000,4.042063236236572,14.34087414741516,-3.6888549864292144,1.7182902e-07,0.0,0.006925761699676514,-8.276810403913259e-05
17200,2.6348562240600586,5.910293179750442,-3.6888546466827394,3.138557e-07,0.0,0.03922736644744873,-0.00013577843819803092
17400,9.174641609191895,16.76368683576584,-3.688855856657028,7.916242e-08,0.0,-0.0031621456146240234,-5.129579221829772e-05
17600,10.047701835632324,17.34798002243042,-3.6888556838035584,2.1979213e-07,0.0,-0.010696053504943848,-0.0001446017064154148
17800,11.709515571594238,13.430997180938721,-3.6888547122478483,4.5169145e-08,0.0,0.0088578462600708,-3.892914392054081e-05
18000,16.922048568725586,33.42490887641907,-3.6888556480407715,2.0954758e-09,0.0,0.02336174249649048,-2.1910760551691055e-05
18200,7.865324020385742,23.12526883482933,-3.688855266571045,4.9592927e-08,0.0,0.005971729755401611,-6.457790732383728e-05
18400,3.851346731185913,7.218636512756348,-3.6888555884361267,4.877802e-07,0.0,-0.0017756223678588867,-0.00015400033444166184
18600,4.909111976623535,12.77061324119568,-3.6888544619083405,4.2608008e-08,0.0,-0.009237885475158691,-7.360113086178899e-05
18800,10.492566108703613,29.731335473060607,-3.6888538539409637,2.561137e-08,0.0,-0.020142197608947754,-2.9666477348655463e-05
19000,2.814875602722168,13.619939947128296,-3.6888538360595704,2.165325e-08,0.0,-0.021280646324157715,-4.510224680416286e-05
19200,5.354596138000488,9.966358077526092,-3.688853073120117,2.3515895e-08,0.0,0.017837703227996826,-4.2856053914874793e-05
19400,4.024242877960205,11.154037141799927,-3.6888536512851715,3.4458935e-08,0.0,0.0077062249183654785,-5.9085781686007977e-05
19600,9.20291519165039,16.446717286109923,-3.688853293657303,1.6996637e-08,0.0,-0.018157243728637695,-5.173456156626344e-05
19800,7.559659004211426,10.13502869606018,-3.6888537228107454,4.307367e-08,0.0,0.04646092653274536,-6.302926340140402e-05
20000,19.871496200561523,54.12117786407471,-3.688853460550308,0.0,0.0,-0.0016132593154907227,-1.1197407729923725e-05
20200,5.666614532470703,10.134320050477982,-3.688852536678314,1.245644e-07,0.0,0.0010703802108764648,-6.392319992301054e-05
20400,7.14729642868042,11.561855053901672,-3.688850831985474,2.142042e-08,0.0,0.08238226175308228,-3.649241989478469e-05
20600,5.993227005004883,19.27851266860962,-3.6888510286808014,6.2864274e-09,0.0,-0.014666318893432617,-3.275921335443854e-05
20800,1.6842046976089478,6.6910540163517,-3.6888508439064025,2.0535663e-06,0.0,0.01148366928100586,-0.0004498393333051354
21000,10.243946075439453,22.4707093000412,-3.688850128650665,1.03143975e-07,0.0,0.0009227395057678223,-4.1965185664594175e-05
21200,9.769584655761719,10.910906064510346,-3.688850909471512,1.4691614e-07,0.0,-0.00012612342834472656,-8.92672105692327e-05
21400,17.112646102905273,32.46774320602417,-3.688850796222687,1.3271347e-08,0.0,0.024945735931396484,-1.7390900757163764e-05
21600,8.298609733581543,10.542066431045532,-3.6888491034507753,2.537854e-08,0.0,0.022571146488189697,-4.396936856210232e-05
21800,10.526988983154297,15.403866958618163,-3.688849574327469,3.7252903e-08,0.0,-0.026110172271728516,-6.472247187048197e-05
22000,4.185125827789307,12.033212864398957,-3.6888487458229067,4.8195943e-08,0.0,-0.0038596391677856445,-6.911057280376554e-05
22200,1.0691688060760498,4.876070976257324,-3.688849627971649,1.2735836e-07,0.0,0.022004365921020508,-7.432153215631842e-05
22400,7.744044303894043,21.637291145324706,-3.688848739862442,1.816079e-08,0.0,0.00012546777725219727,-2.3712776601314546e-05
22600,5.104854583740234,11.163857036828995,-3.688850277662277,1.816079e-08,0.0,-0.006689906120300293,-3.591361455619335e-05
22800,2.033414363861084,5.758063113689422,-3.6888510048389436,3.9674342e-07,0.0,-0.023696422576904297,-0.00022814915282651783
23000,4.365553379058838,7.8665028512477875,-3.688850152492523,5.9371814e-08,0.0,-0.04470622539520264,-5.808023270219565e-05
23200,4.842291831970215,10.57893762588501,-3.688849300146103,4.1909516e-08,0.0,0.04296886920928955,-5.430759629234672e-05
23400,22.86374855041504,40.11628665924072,-3.688848543167114,9.313226e-10,0.0,-0.0677717924118042,-8.330843411386012e-06
23600,3.649003505706787,16.267636942863465,-3.6888510465621946,2.7008355e-08,0.0,0.005896925926208496,-4.938703496009112e-05
23800,7.3729567527771,23.08386628627777,-3.6888507544994353,3.7252903e-09,0.0,-0.002701401710510254,-2.013854682445526e-05
24000,3.4397780895233154,18.927046275138856,-3.688850110769272,3.1664968e-08,0.0,0.013072609901428223,-4.757558945129858e-05
24200,3.728400230407715,9.187724089622497,-3.688850611448288,1.5622936e-07,0.0,-0.01823556423187256,-0.00011481908150017262
24400,3.386192798614502,6.2478124588727955,-3.688851475715637,4.6333298e-08,0.0,-0.03937721252441406,-6.089854869060218e-05
24600,6.73776912689209,15.139306092262268,-3.6888513803482055,9.080395e-09,0.0,-0.02376377582550049,-3.275582566857338e-05
24800,11.811334609985352,17.28041957616806,-3.6888496935367585,1.1965167e-06,0.0,-0.0020236968994140625,-0.00035119750536978246
25000,10.663520812988281,22.478610897064208,-3.688846230506897,8.5216016e-08,0.0,0.0027976632118225098,-5.042559932917356e-05
25200,13.166590690612793,22.182117998600006,-3.688846009969711,1.8859282e-08,0.0,-0.015686988830566406,-4.129974404349923e-05
25400,4.320788383483887,8.912031534314156,-3.6888459861278533,1.3154931e-07,0.0,0.006676077842712402,-0.0001178681617602706
25600,7.550210952758789,9.635048937797546,-3.688845181465149,8.8335946e-07,0.0,0.010603785514831543,-0.0002987460815347731
25800,7.079951763153076,12.235086584091187,-3.688845008611679,5.1688403e-08,0.0,0.016143381595611572,-3.854348324239254e-05
26000,2.0609207153320312,7.916706210374832,-3.688846117258072,6.402843e-08,0.0,0.02072983980178833,-7.954735774546861e-05
26200,12.448070526123047,41.42095551490784,-3.6888447701931,9.546056e-09,0.0,-0.005230545997619629,-2.512712962925434e-05
26400,3.9030020236968994,13.049577903747558,-3.6888451635837556,9.033829e-08,0.0,-0.03020012378692627,-7.519216742366553e-05
26600,7.862306594848633,9.699069666862489,-3.6888442635536194,3.4691766e-08,0.0,-0.030458927154541016,-4.8421439714729786e-05
26800,31.626914978027344,47.37246227264404,-3.6888458251953127,8.381903e-09,0.0,-0.0016082525253295898,-3.9673608262091876e-05
27000,9.11285400390625,13.629854989051818,-3.6888450920581817,3.7252903e-08,0.0,-0.026563525199890137,-4.7366449143737556e-05
27200,5.260728359222412,13.543347954750061,-3.6888430595397947,4.1443855e-08,0.0,-0.005134940147399902,-5.173691315576434e-05
27400,4.345672607421875,12.441059297323227,-3.688842940330505,3.73926e-07,0.0,0.009749770164489746,-0.00019300379208289086
27600,8.70617961883545,14.326379573345184,-3.688841682672501,1.2340024e-07,0.0,-0.03411710262298584,-9.302712278440595e-05
27800,17.436248779296875,27.82246916294098,-3.68884271979332,5.355105e-09,0.0,-0.010651350021362305,-1.980361994355917e-05
28000,9.713488578796387,26.71963906288147,-3.6888435006141664,5.6112185e-08,0.0,-0.010067582130432129,-6.386885652318597e-05
28200,14.861804008483887,21.075946778059006,-3.688842350244522,2.4680048e-08,0.0,-0.032686471939086914,-3.0491757206618787e-05
28400,5.4127326011657715,14.859692323207856,-3.688841533660889,3.608875e-08,0.0,-0.017447590827941895,-4.445267841219902e-05
28600,12.718572616577148,16.322922122478484,-3.6888425946235657,2.5844201e-08,0.0,0.017374873161315918,-5.8316817739978435e-05
28800,3.8236658573150635,7.240433365106583,-3.688842016458511,6.686896e-07,0.0,0.027625620365142822,-0.00020890127634629608
29000,3.2079720497131348,7.952755868434906,-3.6888401329517366,5.7742e-08,0.0,-0.01652669906616211,-6.59754266962409e-05
29200,12.42035961151123,21.20207598209381,-3.688838338851929,3.7252903e-09,0.0,-0.021336078643798828,-2.1533039398491382e-05
29400,1.9768558740615845,4.171333169937133,-3.6888374745845796,1.3743993e-06,0.0,0.011157214641571045,-0.00032063772086985407
29600,5.344636917114258,12.11515028476715,-3.688835322856903,1.2526289e-07,0.0,-0.01390540599822998,-7.876550080254674e-05
29800,9.112525939941406,17.20617024898529,-3.688834047317505,1.5739352e-07,0.0,-0.005582332611083984,-0.00010421727783977985
30000,1.1383479833602905,4.936074537038803,-3.6888345777988434,7.241033e-08,0.0,0.0046111345291137695,-7.82853807322681e-05
30200,8.895255088806152,14.591122126579284,-3.6888326823711397,4.3050386e-07,0.0,0.0026285648345947266,-0.00018428952898830175
30400,8.627249717712402,19.578241568803787,-3.6888329565525053,4.4237822e-08,0.0,0.003230154514312744,-2.2391276434063912e-05
30600,3.309663772583008,8.530077719688416,-3.6888341844081878,1.2363307e-07,0.0,-0.006068229675292969,-8.110626949928701e-05
30800,4.137402057647705,7.885999131202698,-3.6888328015804293,1.17579475e-07,0.0,0.024125993251800537,-8.342157525476068e-05
31000,5.614387512207031,9.962196719646453,-3.6888350188732146,5.1688403e-08,0.0,-0.0031194686889648438,-6.51136040687561e-05
31200,12.56721019744873,15.860864973068237,-3.6888347446918486,9.452924e-08,0.0,-0.018881559371948242,-7.045965176075697e-05
31400,5.544626712799072,12.736447644233703,-3.6888345897197725,2.6775524e-08,0.0,0.021607518196105957,-3.073625266551972e-05
31600,8.80526351928711,23.148222374916077,-3.68883301615715,9.313226e-10,0.0,0.008666694164276123,-7.10079912096262e-06
31800,8.658500671386719,14.698806953430175,-3.688833886384964,1.3038516e-08,0.0,-0.021474003791809082,-3.655334003269672e-05
32000,4.042767524719238,17.193245828151703,-3.6888334453105927,2.0954758e-09,0.0,-0.012933731079101562,-3.3279284252785146e-05
32200,5.890091419219971,18.69862017631531,-3.6888338387012483,3.4854747e-07,0.0,-0.021444201469421387,-0.00017703112680464984
32400,8.190221786499023,11.107174241542817,-3.6888360261917112,5.357433e-07,0.0,-0.0176088809967041,-0.0002044229884631932
32600,8.817200660705566,22.383955073356628,-3.6888351440429688,3.608875e-08,0.0,0.013261079788208008,-3.984997747465968e-05
32800,1.6404036283493042,5.098391056060791,-3.688835322856903,8.987263e-08,0.0,0.027585268020629883,-8.090490009635687e-05
33000,12.321928024291992,19.9761914730072,-3.688838404417038,5.4948032e-08,0.0,-0.009173750877380371,-6.375741213560104e-05
33200,9.66229248046875,21.859396076202394,-3.6888377547264097,2.7939677e-09,0.0,-0.007388591766357422,-2.859614323824644e-05
33400,5.405088901519775,23.23535430431366,-3.6888375341892243,6.9849193e-09,0.0,-0.010612130165100098,-2.7090241201221942e-05
33600,3.3878180980682373,9.86089380979538,-3.6888376235961915,2.7706847e-08,0.0,0.005098700523376465,-5.066415760666132e-05
33800,3.2996654510498047,9.803290629386902,-3.6888372898101807,8.265488e-08,0.0,-0.0030754804611206055,-8.310163393616676e-05
34000,14.428742408752441,15.320616823434829,-3.6888382136821747,2.3748726e-08,0.0,-0.008610129356384277,-5.7704944629222156e-05
34200,4.461136341094971,10.510163420438767,-3.6888369739055635,6.6822395e-08,0.0,-0.003887653350830078,-6.731816683895886e-05
34400,9.001409530639648,22.388294458389282,-3.688836842775345,2.7939677e-09,0.0,-0.02848029136657715,-2.8960034251213072e-05
34600,5.988536357879639,16.662501645088195,-3.688834971189499,3.259629e-09,0.0,0.03456944227218628,-1.753715332597494e-05
34800,10.02540111541748,18.340142178535462,-3.688834863901138,5.075708e-08,0.0,0.015972256660461426,-5.0997408106923106e-05
35000,6.955686092376709,14.687871551513672,-3.688834750652313,6.391201e-07,0.0,-0.009427785873413086,-0.0002269235090352595
35200,4.849117755889893,6.082710695266724,-3.688829851150513,1.1874363e-07,0.0,0.004978299140930176,-8.362454827874899e-05
35400,6.193388938903809,11.903784012794494,-3.688830906152725,1.4877878e-07,0.0,0.0021364688873291016,-8.315499871969223e-05
35600,6.663496494293213,10.627811455726624,-3.688832312822342,3.2735988e-07,0.0,0.005814313888549805,-0.00014888314763084054
35800,13.354547500610352,12.119607377052308,-3.6888320565223696,3.7020072e-08,0.0,-0.04336285591125488,-4.268367774784565e-05
36000,8.492074012756348,22.30570285320282,-3.688832038640976,2.537854e-08,0.0,0.0008261203765869141,-4.656414967030287e-05
36200,8.234299659729004,13.965198171138763,-3.688832849264145,2.561137e-08,0.0,-0.006004810333251953,-4.2768893763422966e-05
36400,3.6491799354553223,11.84986846446991,-3.6888307332992554,3.934838e-08,0.0,-0.006073474884033203,-6.950106471776962e-05
36600,5.483761787414551,10.750044429302216,-3.6888339459896087,3.7089922e-07,0.0,-0.00603938102722168,-0.00019234840292483568
36800,7.708568096160889,12.837553346157074,-3.688827818632126,2.7706847e-08,0.0,0.02543741464614868,-2.6003830134868623e-05
37000,15.982699394226074,31.03578495979309,-3.688828045129776,1.6530976e-08,0.0,-0.012602567672729492,-3.102980554103851e-05
37200,9.520535469055176,18.39194436073303,-3.688826298713684,1.0244548e-08,0.0,0.004923522472381592,-3.1900167232379315e-05
37400,5.172321319580078,16.164884042739867,-3.6888250589370726,4.4703484e-08,0.0,-0.002940535545349121,-4.818366141989827e-05
37600,6.532426834106445,16.179029190540312,-3.688826584815979,8.079223e-08,0.0,-0.0008809566497802734,-7.835339638404549e-05
37800,4.4444260597229,9.68761847615242,-3.68882817029953,1.3946556e-07,0.0,-0.001878976821899414,-9.650078136473894e-05
38000,8.174703598022461,14.43275065422058,-3.688829630613327,2.9336661e-08,0.0,0.006497025489807129,-2.796109183691442e-05
38200,3.574176788330078,5.371422076225281,-3.688829118013382,1.6763806e-07,0.0,0.03031611442565918,-0.0001236798008903861
38400,20.303503036499023,24.646110391616823,-3.6888300836086274,2.7031638e-07,0.0,0.0017859935760498047,-0.00016770430374890566
38600,10.223451614379883,27.12254409790039,-3.6888276100158692,1.4202669e-08,0.0,-0.0014657974243164062,-4.4547952711582186e-06
38800,19.80451774597168,32.52958092689514,-3.6888281643390655,1.0477379e-08,0.0,0.016554415225982666,-3.795891534537077e-05
39000,2.2176566123962402,3.985417824983597,-3.6888304531574247,3.0500814e-07,0.0,-0.0028263330459594727,-0.00013599166413769126
39200,9.905782699584961,12.938299417495728,-3.688827723264694,9.732321e-08,0.0,0.00024235248565673828,-9.71225555986166e-05
39400,4.927656650543213,14.61556055545807,-3.6888282895088196,4.656613e-09,0.0,-0.010899901390075684,-2.8160325018689037e-05
39600,2.108424663543701,20.934490466117857,-3.68883056640625,5.797483e-08,0.0,0.0034073591232299805,-5.653786938637495e-05
39800,3.791496992111206,11.616206896305084,-3.688829576969147,1.8626451e-08,0.0,0.02662527561187744,-3.425717586651445e-05
40000,16.813295364379883,27.396900129318237,-3.688831317424774,3.259629e-09,0.0,-0.003452777862548828,-2.5629554875195028e-05
40200,17.65614128112793,30.462863540649415,-3.688826870918274,1.3969839e-09,0.0,0.01142185926437378,-2.2398086730390788e-05
40400,6.614080429077148,18.91193768978119,-3.6888293027877808,2.3515895e-08,0.0,-0.002672553062438965,-3.2269395887851715e-05
40600,1.28183913230896,3.8149112313985825,-3.6888280510902405,3.6414713e-07,0.0,0.0008707642555236816,-0.00011077367234975099
40800,25.343454360961914,39.70052146911621,-3.688829427957535,1.14087015e-08,0.0,0.01963818073272705,-5.841627717018127e-06
41000,3.8120968341827393,11.133787482976913,-3.688830715417862,3.3527613e-08,0.0,-0.0012894868850708008,-4.9715046770870686e-05
41200,25.557971954345703,61.82172346115112,-3.6888310730457308,1.8626451e-09,0.0,-0.0051229000091552734,-1.5116948634386063e-05
41400,2.8405373096466064,10.013941276073457,-3.6888319551944733,1.3317913e-07,0.0,-0.005131125450134277,-8.670988027006387e-05
41600,8.083685874938965,18.309959506988527,-3.688833791017532,3.632158e-08,0.0,0.007945895195007324,-5.2491738460958e-05
41800,21.511737823486328,35.516105604171756,-3.6888327658176423,3.7252903e-09,0.0,0.016238510608673096,-1.951645826920867e-05
42000,6.441389560699463,13.20503134727478,-3.6888301849365233,6.61239e-08,0.0,0.006778836250305176,-6.287888390943408e-05
42200,28.089693069458008,34.68948366641998,-3.6888288140296934,2.7474016e-08,0.0,0.01540064811706543,-4.288695054128766e-05
42400,7.106409072875977,12.168902480602265,-3.688832074403763,1.2270175e-07,0.0,0.006273329257965088,-9.731582831591367e-05
42600,22.490062713623047,32.36756076812744,-3.6888335168361666,2.5844201e-08,0.0,0.0007668733596801758,-3.869623178616166e-05
42800,9.397298812866211,12.232109779119492,-3.688829165697098,1.5064143e-07,0.0,-0.015453815460205078,-0.0001034358880133368
43000,2.0925519466400146,4.1158577933907505,-3.6888330936431886,1.527369e-07,0.0,-0.05117988586425781,-0.0001097670872695744
43200,17.385961532592773,32.40758935213089,-3.6888321459293367,1.6763806e-08,0.0,0.0087890625,-1.500771613791585e-05
43400,2.3960022926330566,8.53900927901268,-3.688831239938736,1.0780059e-07,0.0,0.002313673496246338,-9.304154373239726e-05
43600,4.822413444519043,9.755379569530486,-3.688831603527069,4.9127266e-08,0.0,0.008452296257019043,-6.128069944679737e-05
43800,12.829980850219727,17.397243475914003,-3.688831317424774,2.796296e-07,0.0,0.009511709213256836,-0.00016350828809663653
44000,2.502180576324463,7.305306547880173,-3.6888317346572874,7.287599e-08,0.0,-0.013957619667053223,-5.1682721823453905e-05
44200,11.591557502746582,20.634226942062377,-3.688832092285156,5.355105e-09,0.0,0.006379246711730957,-3.3792969770729544e-05
44400,7.163547992706299,11.807443165779114,-3.68883096575737,7.033814e-07,0.0,0.015754878520965576,-0.0002675717230886221
44600,2.6346426010131836,5.409103137254715,-3.688828247785568,2.3946632e-06,0.0,0.00172501802444458,-0.0005132091930136085
44800,5.288652420043945,7.724834144115448,-3.6888269186019897,1.2037344e-07,0.0,0.028623878955841064,2.4242710787802933e-05
45000,7.936892032623291,25.073555445671083,-3.688826262950897,2.3283064e-10,0.0,0.017044663429260254,-1.868665640358813e-05
45200,6.932047367095947,15.027695417404175,-3.6888250350952148,7.718336e-07,0.0,-0.0006222724914550781,-0.0003013611305505037
45400,7.705229759216309,21.219066190719605,-3.6888244986534118,8.35862e-08,0.0,-0.010178565979003906,-1.4480669051408768e-05
45600,3.1661906242370605,18.622916543483733,-3.6888220965862275,1.5832484e-08,0.0,-0.00029790401458740234,-5.884328857064247e-05
45800,7.1839213371276855,15.88758020401001,-3.6888242423534394,2.2351742e-08,0.0,0.020612895488739014,-4.710088251158595e-05
46000,10.919954299926758,15.737325346469879,-3.6888243317604066,8.1490725e-09,0.0,-0.00925147533416748,-3.129963879473507e-05
46200,11.34018325805664,17.035482347011566,-3.6888215482234954,1.3969839e-08,0.0,0.01008683443069458,-4.3936609290540216e-05
46400,3.1023881435394287,10.161022901535034,-3.6888229966163637,3.4924597e-09,0.0,0.024803102016448975,-2.459684619680047e-05
46600,4.300357818603516,12.387675309181214,-3.6888229727745054,4.656613e-08,0.0,-0.011806011199951172,-4.692850634455681e-05
46800,5.525587558746338,16.462319111824037,-3.6888231158256533,5.515758e-07,0.0,0.00026738643646240234,-0.0002610744268167764
47000,4.353987693786621,8.179486525058746,-3.6888283669948576,8.8708475e-07,0.0,0.002545595169067383,-0.00031013607513159515
47200,14.918792724609375,23.41736694574356,-3.6888274967670442,7.4272975e-08,0.0,0.007559597492218018,-4.1159067768603565e-05
47400,4.135344505310059,11.301110583543778,-3.6888275682926177,5.2619725e-08,0.0,0.017133474349975586,-6.101402686908841e-05
47600,5.06239128112793,8.292869246006012,-3.6888290464878084,3.632158e-08,0.0,0.005995333194732666,-4.8410397721454504e-05
47800,13.994441986083984,17.587235486507417,-3.688831037282944,1.0011718e-08,0.0,-0.018655061721801758,-3.6270864075049755e-05
48000,3.2139432430267334,6.294488251209259,-3.688829153776169,6.761402e-07,0.0,-0.016275525093078613,-0.0002228820463642478
48200,8.419198989868164,13.704541218280792,-3.688831168413162,1.3178214e-07,0.0,0.0032261013984680176,-9.055060800164939e-05
48400,12.9992036819458,20.418398642539977,-3.688830715417862,1.0384247e-07,0.0,-0.00045609474182128906,-8.358163759112359e-05
48600,12.580770492553711,20.71277587413788,-3.6888314545154572,6.9849193e-09,0.0,0.0020165443420410156,-3.0153803527355195e-05
48800,8.53000259399414,22.42567276954651,-3.6888308107852934,0.0,0.0,-0.01738572120666504,-1.7473933985456826e-05
49000,5.337660312652588,23.555759167671205,-3.6888330280780792,1.9557774e-08,0.0,-0.0118333101272583,-4.395393189042807e-05
49200,16.19227409362793,21.512952661514284,-3.6888311445713042,1.0244548e-08,0.0,-0.013829350471496582,-4.238386318320408e-05
49400,15.566934585571289,28.780363655090333,-3.688831996917725,1.6298145e-09,0.0,0.010617494583129883,-2.172878012061119e-05
49600,8.590149879455566,20.136660993099213,-3.688829553127289,1.3969839e-08,0.0,0.0038864612579345703,-2.7188623789697886e-05
49800,10.044511795043945,17.504978489875793,-3.6888309717178345,3.0454248e-07,0.0,0.0003733038902282715,-0.00015420953277498484
50000,6.847640514373779,11.626632618904114,-3.68882811665535,8.405186e-07,0.0,0.0065857768058776855,-0.0002270957047585398
50200,29.925233840942383,62.73379764556885,-3.688830643892288,3.8417056e-08,0.0,0.003930926322937012,-2.378096105530858e-05
50400,7.055459499359131,20.42174651622772,-3.688829094171524,2.3283064e-10,0.0,0.012267529964447021,-3.277207724750042e-05
50600,17.929677963256836,35.85327520370483,-3.6888305842876434,0.0,0.0,-0.0010193586349487305,-2.3220665752887726e-05
50800,4.316939353942871,8.228511816263198,-3.688829642534256,3.5157427e-08,0.0,0.004683732986450195,-5.315218586474657e-05
51000,14.169126510620117,36.15685534477234,-3.688829857110977,2.0954758e-09,0.0,0.004732787609100342,-7.91314523667097e-06
51200,10.751055717468262,18.545494723320008,-3.6888298988342285,1.6763806e-08,0.0,0.014419138431549072,-3.402754664421082e-05
51400,2.8028578758239746,9.958040249347686,-3.688830828666687,4.749745e-08,0.0,-0.005782365798950195,-5.788072303403169e-05
51600,11.166484832763672,13.89008355140686,-3.688829630613327,2.188608e-08,0.0,-0.004763960838317871,-3.954784478992224e-05
51800,5.522963523864746,6.529940545558929,-3.688827043771744,1.46823e-06,0.0,0.00839853286743164,-0.00040333953220397236
52000,3.442641019821167,8.229188299179077,-3.688822364807129,1.1269003e-07,0.0,0.01993083953857422,-5.550084752030671e-05
52200,6.644732475280762,17.25548788309097,-3.6888202846050264,2.2817403e-08,0.0,0.0030226707458496094,-4.199293907731771e-05
52400,9.331599235534668,10.444162154197693,-3.688818150758743,1.4156103e-07,0.0,0.024720072746276855,-0.00010122617240995168
52600,5.4422407150268555,14.459635853767395,-3.6888206541538238,2.8987415e-07,0.0,0.005761861801147461,-0.00016376255080103875
52800,2.4233710765838623,3.8234337091445925,-3.688813591003418,2.177665e-06,0.0,0.004104137420654297,-0.0005656751221977174
53000,8.921436309814453,28.045834684371947,-3.6888057470321653,1.3550743e-07,0.0,-0.00037086009979248047,-1.2561236508190632e-05
53200,5.532114505767822,20.874500346183776,-3.688804590702057,5.820766e-09,0.0,0.010196566581726074,-2.831794263329357e-05
53400,5.94041109085083,16.0577433347702,-3.6888015925884248,6.9849193e-10,0.0,0.030478835105895996,-1.439873594790697e-05
53600,1.3756206035614014,4.359697532653809,-3.688805270195007,5.797483e-08,0.0,-0.0011975765228271484,-5.6962715461850166e-05
53800,2.636688232421875,12.999736106395721,-3.688803565502167,3.632158e-08,0.0,-0.007865428924560547,-3.832672955468297e-05
54000,14.265780448913574,20.454103088378908,-3.6888026297092438,6.2864274e-08,0.0,-0.009356975555419922,-5.995067767798901e-05
54200,3.051198959350586,12.287815439701081,-3.6888042390346527,2.561137e-08,0.0,0.00031322240829467773,-5.374285392463207e-05
54400,8.25918197631836,13.301278758049012,-3.6888040781021116,4.307367e-08,0.0,-0.013103604316711426,-4.884118679910898e-05
54600,29.274600982666016,46.469330358505246,-3.6888017773628237,2.3283064e-09,0.0,0.005403280258178711,-4.300731234252453e-06
54800,20.167072296142578,30.257035326957702,-3.6888023018836975,9.080395e-09,0.0,-0.0012850761413574219,-2.846579736797139e-05
55000,2.9815096855163574,13.739260482788087,-3.6888047397136687,1.094304e-08,0.0,-0.010451555252075195,-3.1627959106117484e-05
55200,4.848321914672852,9.143890061974526,-3.688803094625473,3.7020072e-08,0.0,-0.004971742630004883,-4.338063299655914e-05
55400,4.276400089263916,10.158133029937744,-3.688804566860199,2.416782e-07,0.0,0.006476402282714844,-0.00012520287418738008
55600,11.627923011779785,22.40945029258728,-3.6888032793998717,6.519258e-09,0.0,-0.006801128387451172,-1.9181863171979786e-05
55800,7.792633533477783,7.94939295053482,-3.6888069570064546,7.9977326e-07,0.0,-0.00012123584747314453,-0.0002482062729541212
56000,6.025963306427002,8.524140065908432,-3.688804805278778,2.561137e-08,0.0,-0.0011197328567504883,-2.3046741262078285e-05
56200,1.3554353713989258,3.4095278143882752,-3.6888046979904177,5.2619725e-08,0.0,-0.029587745666503906,-6.501063471660018e-05
56400,1.6720203161239624,6.943956983089447,-3.6888079404830934,1.0896474e-07,0.0,0.0020418763160705566,-9.766020812094212e-05
56600,1.6314505338668823,7.708302938938141,-3.68880558013916,7.0175156e-07,0.0,0.012005388736724854,-0.0002522523747757077
56800,11.665000915527344,18.87966103553772,-3.6888042867183684,4.679896e-08,0.0,0.008266150951385498,-5.443275440484285e-05
57000,2.93794584274292,21.22890406847,-3.6888029277324677,6.2864274e-09,0.0,-0.013349413871765137,-2.23041046410799e-05
57200,13.022882461547852,28.41790223121643,-3.6888045191764833,0.0,0.0,0.023473739624023438,-1.4530075713992118e-05
57400,6.570556640625,16.59134397506714,-3.6888055980205534,2.0721927e-08,0.0,-0.0023953914642333984,-4.682047292590141e-05
57600,16.866586685180664,22.24741189479828,-3.688804268836975,9.313226e-10,0.0,0.0037393569946289062,-1.2476742267608642e-05
57800,4.841422080993652,24.144136202335357,-3.6888025104999542,4.1211024e-08,0.0,0.0016176700592041016,-5.339443450793624e-05
58000,7.793744087219238,10.39213124513626,-3.688804990053177,2.0954758e-09,0.0,0.03024613857269287,-2.4041952565312384e-05
58200,13.897047996520996,22.773894953727723,-3.6888052403926848,9.313226e-09,0.0,0.01723039150238037,-2.981498837471008e-05
58400,10.332192420959473,14.960953205823898,-3.6888068079948426,1.071021e-08,0.0,-0.0019875764846801758,-4.48445207439363e-05
58600,7.254510402679443,19.07489753961563,-3.6888062834739683,5.5879354e-09,0.0,-0.011984109878540039,-2.9431027360260487e-05
58800,7.612671852111816,14.450749695301056,-3.688801681995392,8.1490725e-09,0.0,-0.00938713550567627,-2.672988921403885e-05
59000,4.896493911743164,13.304960107803344,-3.6888053119182587,9.9185854e-08,0.0,-0.003068685531616211,-7.757400180707918e-05
59200,5.978325843811035,8.907390463352204,-3.6888052821159363,1.5832484e-08,0.0,0.02212345600128174,-3.881410229951143e-05
59400,11.608448028564453,19.400555205345153,-3.6888051331043243,3.678724e-08,0.0,0.0036323070526123047,-5.689752288162708e-05
59600,1.3690528869628906,5.352264386415482,-3.6888057053089143,9.778887e-09,0.0,-0.01756453514099121,-3.222210798412561e-05
59800,6.369953155517578,23.52004475593567,-3.688804054260254,3.213063e-08,0.0,0.00426936149597168,-6.98076153639704e-05
60000,5.085903167724609,17.50358576774597,-3.688801497220993,1.13854185e-07,0.0,0.011079728603363037,-9.029507637023926e-05
60200,10.137961387634277,27.20507130622864,-3.6888057768344877,2.6542693e-08,0.0,-0.0028229951858520508,-2.5339718558825552e-05
60400,2.234544038772583,22.447070169448853,-3.6888053715229034,5.820766e-09,0.0,0.0009225010871887207,-2.8328318148851394e-05
60600,2.8236680030822754,19.758273005485535,-3.6888043522834777,2.3283064e-09,0.0,0.005334675312042236,-3.5415118327364324e-05
60800,5.464516639709473,14.56996809244156,-3.688805866241455,2.2584572e-08,0.0,-0.011072993278503418,-3.512753173708916e-05
61000,14.281639099121094,24.477999329566956,-3.6888034462928774,4.8894435e-09,0.0,0.008940577507019043,-2.7634797152131797e-05
61200,16.765012741088867,14.031143856048583,-3.6888037800788878,1.1967495e-07,0.0,0.014273464679718018,-9.480754379183054e-05
61400,11.253746032714844,16.97849966287613,-3.688804179430008,3.306195e-07,0.0,-0.0034078359603881836,-0.0001935280510224402
61600,4.095367908477783,16.921281158924103,-3.6888003826141356,3.981404e-08,0.0,0.016869723796844482,-3.327166195958853e-05
61800,7.3729681968688965,28.376549863815306,-3.688800549507141,2.561137e-09,0.0,-0.0031844377517700195,-2.7490482898429037e-05
62000,9.019189834594727,16.519070172309874,-3.688800460100174,1.6065314e-08,0.0,0.019507169723510742,-4.761215532198548e-05
62200,5.978309631347656,12.465652227401733,-3.688799089193344,8.4983185e-08,0.0,0.019487977027893066,-6.396789103746414e-05
62400,8.741741180419922,19.372839975357056,-3.6887995064258576,9.778887e-09,0.0,-0.010965347290039062,-2.078015822917223e-05
62600,11.591906547546387,18.583463740348815,-3.688799595832825,9.057112e-08,0.0,0.013443231582641602,-6.457744166254997e-05
62800,14.606964111328125,20.717127537727357,-3.68880210518837,5.5879354e-09,0.0,0.0002745985984802246,-2.647665096446872e-05
63000,6.179839611053467,11.348441994190216,-3.6888003945350647,4.4237822e-08,0.0,0.014449834823608398,-5.938212852925062e-05
63200,2.573915719985962,4.5884412825107574,-3.688799113035202,7.357448e-08,0.0,0.0021672844886779785,-5.192914977669716e-05
63400,5.32810640335083,12.340053868293761,-3.688797187805176,7.3807314e-08,0.0,0.012899577617645264,-6.382489809766411e-05
63600,5.7478437423706055,7.09850133061409,-3.6887998819351195,1.4179386e-07,0.0,0.020403027534484863,-0.00010430440306663513
63800,2.553471088409424,6.891928970813751,-3.6887975573539733,4.0512532e-08,0.0,0.03151869773864746,-4.645469743991271e-05
64000,11.379972457885742,14.394183135032653,-3.688799512386322,7.4505806e-08,0.0,0.001654207706451416,-8.040796965360641e-05
64200,1.6786763668060303,3.4960011929273604,-3.688800549507141,1.2570526e-06,0.0,0.024383366107940674,-0.0002807363169267774
64400,10.880170822143555,22.67164828777313,-3.6888016939163206,8.614734e-08,0.0,0.016418635845184326,-1.1297524906694889e-05
64600,6.764333248138428,26.92043180465698,-3.6887992203235624,1.8626451e-09,0.0,0.013632237911224365,-2.9217606061138214e-05
64800,4.505894184112549,8.844980251789092,-3.6888007640838625,2.1187589e-08,0.0,0.0006363391876220703,-4.314014804549515e-05
65000,0.5518015623092651,4.711652992665767,-3.6887992680072785,1.9776635e-06,0.0,0.00015920400619506836,-0.0003567189909517765
65200,5.073475360870361,9.199929559230805,-3.6887979745864867,1.0500662e-07,0.0,0.012889564037322998,-1.790357055142522e-05
65400,2.858091115951538,11.331577682495118,-3.688799238204956,2.0721927e-08,0.0,-0.008379101753234863,-4.403977654874325e-05
65600,1.5269560813903809,3.3093361616134644,-3.6888000071048737,5.401671e-07,0.0,-0.009931087493896484,-0.00023940678220242263
65800,5.993701934814453,6.868767619132996,-3.688794934749603,2.0000152e-07,0.0,0.0017563700675964355,-8.867481374181807e-05
66000,6.91390323638916,12.594420796632766,-3.688795417547226,9.080395e-09,0.0,-0.007443428039550781,-2.6578374672681093e-05
66200,15.960358619689941,32.36565408706665,-3.6887973248958588,1.6298145e-08,0.0,0.0034291744232177734,-3.1710183247923854e-05
66400,2.705944061279297,3.515078654885292,-3.6887953877449036,4.833564e-07,0.0,0.0009714365005493164,-0.00020655780099332333
66600,24.22673225402832,34.13224859237671,-3.6887964844703673,2.142042e-08,0.0,-0.01354515552520752,-1.105389092117548e-05
66800,6.240342617034912,18.09009006023407,-3.688794457912445,0.0,0.0,0.00933760404586792,-2.7432688511908054e-05
67000,3.875091791152954,4.95645897090435,-3.688791275024414,8.183997e-07,0.0,-0.0035785436630249023,-0.000285206432454288
67200,8.872172355651855,26.30584247112274,-3.688788104057312,4.2608008e-08,0.0,0.0014095902442932129,-1.9829242955893277e-05
67400,4.180619716644287,14.270589232444763,-3.688788264989853,3.7252903e-09,0.0,0.014086484909057617,-2.5441031903028487e-05
67600,2.5074899196624756,3.874982252717018,-3.6887895464897156,3.9231963e-07,0.0,-0.015036940574645996,-0.00018982894252985715
67800,7.817697048187256,6.904349085688591,-3.6887892961502073,5.508773e-07,0.0,0.0106697678565979,-0.00019408919615671039
68000,4.95737361907959,6.608977830410003,-3.6887922048568726,1.4319085e-07,0.0,-0.023326754570007324,-9.739927481859923e-05
68200,4.448024749755859,11.47677406668663,-3.6887907683849335,5.844049e-08,0.0,-0.002133965492248535,-4.830146208405495e-05
68400,6.787614822387695,28.662482500076294,-3.688788276910782,8.614734e-09,0.0,0.004974544048309326,-3.1775934621691705e-05
68600,4.625278472900391,8.844332373142242,-3.688791584968567,4.0978193e-08,0.0,-0.004640817642211914,-4.730459986603819e-05
68800,20.401376724243164,16.614010655879973,-3.6887900710105894,2.1327287e-07,0.0,0.009218037128448486,-0.00015562406479148195
69000,6.910908222198486,15.442091226577759,-3.6887907147407533,9.546056e-09,0.0,0.01128244400024414,-1.1591543443500996e-05
69200,13.589746475219727,26.454783391952514,-3.6887908399105074,1.6298145e-09,0.0,-0.006567835807800293,-1.619335962459445e-05
69400,18.392412185668945,35.536623048782346,-3.6887917637825014,2.561137e-09,0.0,0.010436773300170898,-5.967624019831419e-06
69600,3.2469642162323,7.475305652618408,-3.688791996240616,1.5133992e-08,0.0,-0.006928443908691406,-2.6190048083662985e-05
69800,6.806413173675537,14.37321491241455,-3.688794791698456,0.0,0.0,0.010630249977111816,-2.187439240515232e-05
70000,26.09269905090332,52.346380949020386,-3.6887932240962984,0.0,0.0,-0.016495108604431152,-1.068979036062956e-05
70200,4.858065605163574,12.777446258068085,-3.688792896270752,1.3969839e-08,0.0,0.02778416872024536,-4.68025216832757e-05
70400,6.820597171783447,11.750962108373642,-3.6887945175170898,7.916242e-08,0.0,-0.007863998413085938,-6.94629386998713e-05
70600,11.761667251586914,11.985878884792328,-3.688795357942581,3.4528784e-07,0.0,0.00017845630645751953,-0.00015842719585634768
70800,3.5052168369293213,6.835876494646072,-3.688800150156021,8.714851e-07,0.0,0.014668762683868408,-0.0003322564763948321
71000,3.10866117477417,8.111460328102112,-3.6887982070446013,1.2270175e-07,0.0,-0.0023461580276489258,-8.330586133524776e-05
71200,9.524914741516113,14.478706765174866,-3.688798409700394,2.0954758e-09,0.0,-0.0049152374267578125,-8.564861491322518e-06
71400,15.055024147033691,19.90936686992645,-3.68879833817482,1.3038516e-08,0.0,0.021327197551727295,-3.8633262738585473e-05
71600,5.625712871551514,12.863097763061523,-3.688795417547226,2.561137e-08,0.0,0.005597710609436035,-3.864677855744958e-05
71800,5.156858921051025,12.506702780723572,-3.688797187805176,7.683411e-09,0.0,0.020141124725341797,-2.267467207275331e-05
72000,4.6166768074035645,11.090518021583557,-3.6887965738773345,4.4936314e-08,0.0,-0.0044776201248168945,-4.0149420965462926e-05
72200,6.497093677520752,11.410181653499603,-3.6887994587421415,4.9266964e-07,0.0,-0.0036902427673339844,-0.000232026913727168
72400,3.8676416873931885,4.777461639046669,-3.6887950241565703,6.91507e-08,0.0,0.016645848751068115,-6.543612107634544e-05
72600,17.19131088256836,31.87269756793976,-3.6887960135936737,1.44355e-08,0.0,-0.0020650625228881836,-3.97022464312613e-05
72800,11.477526664733887,15.362442755699158,-3.6887943387031554,2.7939677e-09,0.0,-0.0005446672439575195,-2.6643741875886917e-05
73000,6.582540035247803,11.525948858261108,-3.6887946248054506,1.8626451e-08,0.0,-0.011893272399902344,-4.896876635029912e-05
73200,7.348989009857178,17.01926670074463,-3.688796120882034,9.313226e-10,0.0,0.03353238105773926,-2.179451985284686e-05
73400,17.232755661010742,28.872726058959962,-3.6887961864471435,3.259629e-09,0.0,0.005687355995178223,-2.4107075296342374e-05
73600,8.24656867980957,24.34050073623657,-3.6887952268123625,6.0535967e-09,0.0,-0.007108092308044434,-2.325439127162099e-05
73800,3.391089677810669,37.88760913610459,-3.688796675205231,1.8626451e-09,0.0,-0.005424380302429199,-2.0830112043768166e-05
74000,5.007679462432861,9.713055074214935,-3.6887953877449036,3.1199306e-08,0.0,-0.015015363693237305,-3.561456396710128e-05
74200,23.734872817993164,36.233935022354125,-3.688797253370285,4.8894435e-09,0.0,0.00642240047454834,-2.818194916471839e-05
74400,2.818589210510254,16.633703219890595,-3.688794994354248,9.313226e-10,0.0,-0.016220450401306152,-2.4967710487544537e-05
74600,11.560895919799805,18.708252477645875,-3.688794457912445,9.313226e-10,0.0,0.011388301849365234,-1.6405945643782616e-05
74800,9.890653610229492,12.575043416023254,-3.688797175884247,2.3515895e-07,0.0,0.014897406101226807,-0.00015491885133087636
75000,14.326920509338379,20.669319367408754,-3.6887963891029356,8.1490725e-08,0.0,0.007591187953948975,-7.066514808684587e-05
75200,15.706014633178711,26.297843909263612,-3.6887975156307222,0.0,0.0,0.01551675796508789,-1.841163029894233e-05
75400,8.17038631439209,16.770703279972075,-3.6887966334819793,2.5844201e-08,0.0,-0.012063264846801758,-4.4716603588312866e-05
75600,13.332223892211914,29.013698053359985,-3.6887995302677155,1.0244548e-08,0.0,-0.005593299865722656,-3.7109944969415665e-05
75800,15.70355224609375,28.595058917999268,-3.688792622089386,3.7252903e-09,0.0,0.009585857391357422,-1.7569464398548006e-05
76000,2.116321563720703,5.449010190367699,-3.6887948393821715,1.0156073e-06,0.0,0.02570277452468872,-0.00024948138161562383
76200,2.1889901161193848,8.636709237098694,-3.688794285058975,1.5087426e-07,0.0,0.005899965763092041,-7.587154395878315e-05
76400,11.888519287109375,23.653499603271484,-3.6887966096401215,4.9825758e-08,0.0,0.011827051639556885,-7.226513698697091e-05
76600,3.281139850616455,7.27739794254303,-3.6887936353683473,1.1152588e-07,0.0,-0.006715893745422363,-9.056417038664222e-05
76800,3.6165950298309326,7.590251165628433,-3.688793110847473,2.6542693e-08,0.0,0.023423850536346436,-2.3808260448276996e-05
77000,9.781055450439453,20.27935471534729,-3.688796615600586,8.614734e-08,0.0,-0.0022965669631958008,-6.23147003352642e-05
77200,11.11350154876709,17.558340632915495,-3.688798135519028,1.6065314e-08,0.0,0.008151888847351074,-3.6537530831992626e-05
77400,4.628020286560059,9.115290248394013,-3.6887976467609405,1.1641532e-09,0.0,-0.011327862739562988,-3.1365524046123026e-05
77600,14.950660705566406,28.498193383216858,-3.6887930631637573,2.561137e-08,0.0,0.0067555904388427734,-4.441021010279655e-05
77800,3.3359827995300293,9.202165257930755,-3.6887995421886446,3.4063123e-07,0.0,0.013474643230438232,-0.00012734411284327508
78000,5.529238224029541,8.842933452129364,-3.6887949466705323,6.472692e-08,0.0,0.014502167701721191,-5.0166965229436757e-05
78200,9.507591247558594,12.774295353889466,-3.6887926161289215,4.1211024e-08,0.0,0.016829311847686768,-6.116355070844293e-05
78400,17.858779907226562,37.515446710586545,-3.688795816898346,1.0244548e-08,0.0,0.009078800678253174,-2.4646602105349304e-05
78600,6.069395065307617,20.42833216190338,-3.6887948989868162,3.0896626e-07,0.0,-0.003007054328918457,-0.00016372879035770894
78800,7.998950958251953,21.887375807762147,-3.6887929677963256,2.4912879e-08,0.0,0.01727890968322754,-1.9277911633253096e-06
79000,19.462770462036133,26.754094934463502,-3.6887940526008607,6.0535967e-09,0.0,0.00909721851348877,-2.831844612956047e-05
79200,14.673689842224121,27.476103687286376,-3.688796949386597,5.122274e-09,0.0,0.011246919631958008,-2.886394504457712e-05
79400,0.6663986444473267,2.8758033990859984,-3.688796603679657,1.2642704e-07,0.0,-0.013754844665527344,-9.439211571589112e-05
79600,2.9920289516448975,6.829348367452622,-3.688796728849411,5.9604645e-08,0.0,-0.010152816772460938,-7.365942001342773e-05
79800,3.690473794937134,6.998358798027039,-3.6887959241867065,1.4342368e-07,0.0,0.009589314460754395,-7.863646605983376e-05
80000,1.5480836629867554,9.467742544412612,-3.6887968122959136,3.6531128e-07,0.0,0.006186962127685547,-0.00017828908748924733
80200,4.671173572540283,21.75199489593506,-3.6887969434261323,5.2619725e-08,0.0,0.005924522876739502,-5.6770246010273696e-05
80400,1.2424352169036865,5.22728051841259,-3.6887995839118957,3.1897798e-08,0.0,0.0022540688514709473,-3.8874440360814336e-05
80600,0.3440549075603485,0.5664311163127422,-3.6888004541397095,1.7834827e-07,0.0,-2.0252628326416016,-0.00010882155038416386
80800,0.2733387053012848,0.5635949015617371,-3.6887965500354767,9.639189e-08,0.0,-1.7701313495635986,-9.095887653529645e-05
81000,0.25622233748435974,0.557599076628685,-3.688795953989029,1.383014e-07,0.0,-1.2836899757385254,-9.278010111302137e-05
81200,0.1910640001296997,0.5576080799102783,-3.6887962877750398,1.0523945e-07,0.0,-0.6541759967803955,-8.354091551154852e-05
81400,0.27768853306770325,0.5368610009551048,-3.688795280456543,1.3643876e-07,0.0,-0.441792368888855,-9.05861146748066e-05
81600,0.2508499026298523,0.5564843028783798,-3.688795644044876,1.3248064e-07,0.0,-0.7919940948486328,-0.00010602071415632963
81800,0.2358059287071228,0.5404063731431961,-3.68879057765007,1.4109537e-07,0.0,-0.6549156904220581,-9.588943794369698e-05
82000,0.35615667700767517,0.5581465445458889,-3.6887907147407533,1.2549572e-07,0.0,-1.9149858951568604,-9.015926625579595e-05
82200,0.26289090514183044,0.5381447210907936,-3.688794028759003,1.7439015e-07,0.0,-0.9881253242492676,-0.00010714601958170534
82400,0.3052612841129303,0.5243337363004684,-3.6887908577919006,2.195593e-07,0.0,-0.4435333013534546,-0.00012011767830699682
82600,0.24237436056137085,0.5411800540983677,-3.6887936770915983,1.5459955e-07,0.0,-1.3795928955078125,-0.00012156544253230094
82800,0.24439072608947754,0.5166848182678223,-3.68879274725914,7.124618e-08,0.0,-0.7774497270584106,-6.747078150510788e-05
83000,0.25629979372024536,0.5158596120774745,-3.688791608810425,1.10128894e-07,0.0,-0.8166247606277466,-8.690741378813982e-05
83200,0.2335076928138733,0.502530986815691,-3.688794696331024,1.930166e-07,0.0,-1.4593689441680908,-0.00013269458431750537
83400,0.2931040823459625,0.5054021388292312,-3.688796281814575,1.8603168e-07,0.0,-0.8312304019927979,-0.00011879632365889848
83600,0.3027040362358093,0.5150323003530503,-3.688791835308075,1.7159618e-07,0.0,-0.7984120845794678,-0.00011020054225809872
83800,0.27069804072380066,0.49580937102437017,-3.6887970089912416,1.6135164e-07,0.0,-1.2604551315307617,-0.00011164573952555656
84000,0.24135124683380127,0.48745558485388757,-3.6887914896011353,2.2631139e-07,0.0,-0.5006723403930664,-0.00012452935334295034
84200,0.20814287662506104,0.483061995357275,-3.6887959122657774,1.9208528e-07,0.0,-0.7335127592086792,-0.00011310126283206045
84400,0.22484420239925385,0.5030848354101181,-3.6887974858284,1.7113052e-07,0.0,-1.3616158962249756,-0.00010531209409236908
84600,0.17731346189975739,0.47562430053949356,-3.688796693086624,1.8416904e-07,0.0,-0.5937216281890869,-0.00010622118988976582
84800,0.23362067341804504,0.4848692499101162,-3.6887939453125,1.3108365e-07,0.0,-0.6760565042495728,-8.935739751905202e-05
85000,0.3051334619522095,0.47416029796004294,-3.6887939274311066,2.1699816e-07,0.0,-0.7171024084091187,-0.00011972831562161446
85200,0.23338408768177032,0.4738510653376579,-3.688792073726654,1.2922101e-07,0.0,-0.3951895236968994,-9.58375574555248e-05
85400,0.2495446652173996,0.48850764632225036,-3.6887920796871185,1.557637e-07,0.0,-1.0737175941467285,-0.00011633149115368724
85600,0.1679932028055191,0.47049811109900475,-3.6887968301773073,3.1129457e-07,0.0,-1.120340347290039,-0.00013051978312432765
85800,0.19986915588378906,0.4645437508821487,-3.688796067237854,1.299195e-07,0.0,-1.2126216888427734,-8.698369201738387e-05
86000,0.18816566467285156,0.4939220756292343,-3.688795232772827,1.0617077e-07,0.0,-3.4369020462036133,-8.78065126016736e-05
86200,0.20056186616420746,0.4755776755511761,-3.688793897628784,1.6088597e-07,0.0,-2.283386707305908,-0.00011208663927391172
86400,0.17298457026481628,0.4331173337996006,-3.6887961506843565,1.4947727e-07,0.0,-0.3014265298843384,-0.00010731382062658667
86600,0.19818589091300964,0.44652660489082335,-3.6887949466705323,1.4598481e-07,0.0,-0.9858472347259521,-9.746858850121499e-05
86800,0.23579303920269012,0.46852962002158166,-3.6887867152690887,1.2619421e-07,0.0,-1.1806724071502686,-8.65016714669764e-05
87000,0.24065154790878296,0.42082942798733713,-3.688795638084412,2.4680048e-07,0.0,-0.8611495494842529,-0.00012043858878314495
87200,0.26350706815719604,0.4469193883240223,-3.6887857794761656,1.9394793e-07,0.0,-1.537846326828003,-0.00010615190258249641
87400,0.18961693346500397,0.4312862679362297,-3.6887819826602937,1.4924444e-07,0.0,-0.3059566020965576,-0.00010682737920433282
87600,0.22914433479309082,0.45311150401830674,-3.6887816309928896,2.0465814e-07,0.0,-1.5937325954437256,-0.00011592698283493518
87800,0.2135358452796936,0.41243901625275614,-3.688786482810974,1.8952414e-07,0.0,-0.7324250936508179,-0.00013055584859102964
88000,0.16934248805046082,0.4156722016632557,-3.688789027929306,2.249144e-07,0.0,-0.5497859716415405,-0.00015121197793632746
88200,0.1968177855014801,0.4141549691557884,-3.688788115978241,1.5110709e-07,0.0,-1.038149118423462,-0.00010796039132401347
88400,0.16658565402030945,0.4113317526876926,-3.688788628578186,1.6950071e-07,0.0,-0.6915289163589478,-0.0001229600398801267
88600,0.16510681807994843,0.4066359870135784,-3.688788056373596,2.0163134e-07,0.0,-0.47519052028656006,-0.00014343145303428174
88800,0.17044378817081451,0.4137233555316925,-3.688781887292862,2.0116568e-07,0.0,-0.5674424171447754,-0.00012096326099708676
89000,0.21454745531082153,0.4056913673877716,-3.6887763917446135,1.4365651e-07,0.0,-0.9722626209259033,-6.989910034462809e-05
89200,0.2083340585231781,0.42673792168498037,-3.688783037662506,7.264316e-08,0.0,-1.6268210411071777,-7.571454043500125e-05
89400,0.18668344616889954,0.38612629324197767,-3.688776272535324,2.1001324e-07,0.0,-0.569103479385376,-0.00011071955086663365
89600,0.23205327987670898,0.43305008858442307,-3.688773196935654,2.4097972e-07,0.0,-3.1890320777893066,-0.00012923167669214307
89800,0.24589207768440247,0.3966367907822132,-3.688771164417267,1.7206185e-07,0.0,-2.1055736541748047,-8.627427741885186e-05
90000,0.20282161235809326,0.4044408157467842,-3.688775235414505,1.2735836e-07,0.0,-3.8585009574890137,-8.891164325177669e-05
90200,0.20172232389450073,0.3823682121932507,-3.6887739181518553,1.2549572e-07,0.0,-0.8414080142974854,-9.856481337919832e-05
90400,0.1712028682231903,0.390774767100811,-3.688770794868469,1.0058284e-07,0.0,-1.052539587020874,-6.761758122593164e-05
90600,0.22123172879219055,0.39403327703475954,-3.688772737979889,1.4016405e-07,0.0,-1.1797382831573486,-0.00010431515256641433
90800,0.1210816353559494,0.37240777648985385,-3.688772809505463,2.4377368e-07,0.0,-1.5119624137878418,-0.00015882477746345102
91000,0.1452835500240326,0.3648419499397278,-3.688776355981827,1.8184073e-07,0.0,-1.0988950729370117,-0.00013641330879181622
91200,0.14455530047416687,0.3781883306801319,-3.6887722969055177,1.0523945e-07,0.0,-1.5420429706573486,-7.69116039009532e-05
91400,0.20312316715717316,0.36667671650648115,-3.688774752616882,1.2037344e-07,0.0,-1.4454610347747803,-8.143489249050617e-05
91600,0.1542745679616928,0.36299335211515427,-3.6887724936008452,1.5180558e-07,0.0,-0.5624666213989258,-0.00010521734366193413
91800,0.13481080532073975,0.3751990534365177,-3.6887643098831178,3.1501986e-07,0.0,-2.013603448867798,-0.00015047794440761208
92000,0.18020549416542053,0.3481464933604002,-3.688773012161255,2.1490268e-07,0.0,-0.45277905464172363,-0.00013544229441322386
92200,0.13951537013053894,0.3340452782809734,-3.6887736678123475,2.4889596e-07,0.0,-0.0960392951965332,-0.00012107142247259617
92400,0.19494172930717468,0.35385776311159134,-3.688769245147705,1.466833e-07,0.0,-1.9864439964294434,-0.00011147770565003156
92600,0.13159248232841492,0.34058756604790685,-3.688766872882843,1.73226e-07,0.0,-0.9444136619567871,-0.00012341437395662068
92800,0.15959051251411438,0.35225869417190553,-3.688770282268524,2.2002496e-07,0.0,-1.728813886642456,-0.00011769488919526339
93000,0.14784669876098633,0.3319401305168867,-3.6887653291225435,3.259629e-07,0.0,-0.18717992305755615,-0.00016750507056713105
93200,0.18541662395000458,0.32267314083874227,-3.6887701749801636,1.701992e-07,0.0,-0.22636258602142334,-9.960495517589152e-05
93400,0.15956586599349976,0.3563543356955051,-3.688766008615494,2.6985072e-07,0.0,-5.000208854675293,-0.00014669913798570633
93600,0.12557373940944672,0.32262890301644803,-3.688769054412842,1.6367994e-07,0.0,-1.3751013278961182,-0.00011096436064690351
93800,0.1644650399684906,0.31034698598086835,-3.6887689352035524,1.413282e-07,0.0,-0.3494877815246582,-8.663873886689543e-05
94000,0.15268200635910034,0.3303730607032776,-3.6887664079666136,1.7741695e-07,0.0,-1.0499916076660156,-0.00011988677142653615
94200,0.11979067325592041,0.3099194437265396,-3.6887677133083345,1.6693957e-07,0.0,-0.9334080219268799,-0.0001032275496982038
94400,0.16961535811424255,0.3223976459354162,-3.6887637317180633,1.7578714e-07,0.0,-1.4554111957550049,-0.0001261518569663167
94600,0.15237899124622345,0.30181676149368286,-3.6887675404548643,2.5471672e-07,0.0,-0.6451126337051392,-0.00014255089918151497
94800,0.13713623583316803,0.3265898898243904,-3.688764971494675,1.4412217e-07,0.0,-2.07363224029541,-7.344965124502778e-05
95000,0.1891137659549713,0.29342924393713476,-3.688761216402054,1.2130477e-07,0.0,-0.355022668838501,-9.074969275388867e-05
95200,0.08152953535318375,0.30133964605629443,-3.688763827085495,3.0291267e-07,0.0,-1.4076182842254639,-0.0001638321205973625
95400,0.1449720710515976,0.31222531348466875,-3.6887578129768372,3.0430965e-07,0.0,-0.6639964580535889,-0.0001392195699736476
95600,0.1409928947687149,0.29454147107899187,-3.6887661278247834,2.0908192e-07,0.0,-1.47090744972229,-0.00012255039764568209
95800,0.11280770599842072,0.28472882248461245,-3.6887675762176513,1.7532147e-07,0.0,-0.7491281032562256,-0.0001046049757860601
96000,0.12094715982675552,0.3028468135744333,-3.6887571275234223,2.0908192e-07,0.0,-2.0978355407714844,-0.00010685689630918205
96200,0.10635033249855042,0.2758212998509407,-3.688761514425278,2.8871e-07,0.0,-0.4030667543411255,-0.000161352485883981
96400,0.1424001306295395,0.2930568791925907,-3.68875675201416,3.0640513e-07,0.0,-1.55470609664917,-0.00015345937572419643
96600,0.09476377815008163,0.2824110951274633,-3.6887589275836943,1.6274862e-07,0.0,-1.2260313034057617,-9.393135551363229e-05
96800,0.11373091489076614,0.27315376363694666,-3.688756710290909,2.8591603e-07,0.0,-0.6032618284225464,-0.0001459061517380178
97000,0.13426423072814941,0.27372267507016657,-3.688756549358368,2.0768493e-07,0.0,-1.0568554401397705,-0.00012232334120199084
97200,0.13697600364685059,0.29101341515779494,-3.688752281665802,1.4272518e-07,0.0,-1.1393005847930908,-9.454456157982349e-05
97400,0.15929509699344635,0.26278509870171546,-3.6887579917907716,1.5157275e-07,0.0,-0.7106908559799194,-0.00010017958593380171
97600,0.1304788589477539,0.269102081283927,-3.6887585818767548,1.8323772e-07,0.0,-0.8619635105133057,-0.0001134429476223886
97800,0.12118111550807953,0.2597452007234097,-3.6887620270252226,1.7811544e-07,0.0,-1.5041282176971436,-0.00013294457457959651
98000,0.10094541311264038,0.2656820498406887,-3.6887512862682343,1.9115396e-07,0.0,-0.7246313095092773,-9.17747849598527e-05
98200,0.11203797161579132,0.26843420788645744,-3.688755589723587,1.6577542e-07,0.0,-1.2385036945343018,-0.00012065815972164273
98400,0.14619925618171692,0.2521596122533083,-3.6887578070163727,2.4028122e-07,0.0,-1.5333049297332764,-0.00012619595509022474
98600,0.11811824887990952,0.2697092704474926,-3.688755804300308,2.521556e-07,0.0,-1.686906099319458,-0.00014711982803419232
98800,0.11170811951160431,0.24866522774100303,-3.688760358095169,1.4551915e-07,0.0,-1.84383225440979,-9.340638061985373e-05
99000,0.13949495553970337,0.24909259974956513,-3.6887598633766174,2.863817e-07,0.0,-0.8954728841781616,-0.00015973621048033239
99200,0.1283067911863327,0.2470271097496152,-3.688761168718338,1.8393621e-07,0.0,-1.595160961151123,-0.00011918307282030583
99400,0.07309336960315704,0.23177251517772673,-3.688758987188339,2.2444874e-07,0.0,-1.0955448150634766,-0.00012475361581891774
99600,0.14865075051784515,0.2516144197434187,-3.6887500822544097,2.6263297e-07,0.0,-1.3760290145874023,-0.00013739211135543883
99800,0.10204406082630157,0.23167903013527394,-3.6887553513050078,1.4319085e-07,0.0,-1.4329798221588135,-8.74076155014336e-05
100000,0.060519538819789886,0.23109972923994065,-3.688746726512909,2.104789e-07,0.0,-0.643130898475647,-0.000125887431204319
100200,0.08858445286750793,0.22388035915791987,-3.6887535095214843,1.2875535e-07,0.0,-1.1653594970703125,-8.281746413558721e-05
100400,0.10765594244003296,0.22391643971204758,-3.6887474179267885,2.1676533e-07,0.0,-0.2455540895462036,-0.00013203076960053295
100600,0.11947621405124664,0.21695429421961307,-3.6887492775917052,1.671724e-07,0.0,-0.8236660957336426,-0.00010068865958601236
100800,0.1269153654575348,0.23651833795011043,-3.688740223646164,1.9930303e-07,0.0,-2.268437147140503,-0.00011625424958765507
101000,0.08401347696781158,0.22416045442223548,-3.688744980096817,1.5227124e-07,0.0,-2.053072214126587,-0.00010050484561361373
101200,0.11189059913158417,0.22434280440211296,-3.68873810172081,2.6123598e-07,0.0,-0.9505958557128906,-0.0001209835521876812
101400,0.10693155229091644,0.21507020555436612,-3.6887413382530214,8.405186e-08,0.0,-0.9215292930603027,-5.5300677195191385e-05
101600,0.10389206558465958,0.20480655319988728,-3.6887432992458344,2.7008355e-07,0.0,-0.3841710090637207,-0.00016490804409841076
101800,0.10265446454286575,0.2191023577004671,-3.6887448906898497,1.7159618e-07,0.0,-1.9819321632385254,-0.00011493150377646088
102000,0.11789429187774658,0.2134745866060257,-3.6887462556362154,1.5762635e-07,0.0,-1.8995883464813232,-0.00011137682013213634
102200,0.10102207958698273,0.19921570643782616,-3.688756686449051,1.8673018e-07,0.0,-1.241145372390747,-9.221592918038369e-05
102400,0.10986267030239105,0.2073150184005499,-3.6887502551078795,1.3806857e-07,0.0,-0.7424527406692505,-7.646902231499553e-05
102600,0.1142050176858902,0.20292651653289795,-3.688751244544983,1.7485581e-07,0.0,-1.309016466140747,-0.00012090664822608232
102800,0.09552095085382462,0.19379339553415775,-3.688752031326294,1.9138679e-07,0.0,-0.8314400911331177,-9.32658207602799e-05
103000,0.09896509349346161,0.20138675086200236,-3.688746416568756,4.1117892e-07,0.0,-1.4558112621307373,-0.00017448889557272195
103200,0.1016344204545021,0.1917517002671957,-3.6887497544288634,2.5099143e-07,0.0,-1.309892177581787,-0.00014203066239133478
103400,0.0988498404622078,0.19423635751008989,-3.6887430906295777,2.2910535e-07,0.0,-0.567626953125,-0.00011856257333420217
103600,0.10544906556606293,0.18305180687457323,-3.6887404322624207,2.3283064e-07,0.0,-0.27692294120788574,-0.00012011390208499506
103800,0.062099117785692215,0.18729740027338265,-3.6887398242950438,1.3923272e-07,0.0,-0.5865936279296875,-9.921535383909941e-05
104000,0.10130475461483002,0.19016775861382484,-3.6887374937534334,3.5576522e-07,0.0,-1.945270299911499,-0.00014437620993703603
104200,0.06651858240365982,0.17641580067574977,-3.68873752951622,2.2700988e-07,0.0,-0.23289871215820312,-0.00014494445640593766
104400,0.07541103661060333,0.1763569602742791,-3.688736754655838,1.9441359e-07,0.0,-1.2714078426361084,-0.00012090748641639948
104600,0.09801557660102844,0.173373693972826,-3.6887391269207,2.5704503e-07,0.0,-0.35109925270080566,-0.0001579518662765622
104800,0.08851385116577148,0.17371904030442237,-3.6887397348880766,1.4179386e-07,0.0,-1.0291905403137207,-0.00011365435784682631
105000,0.08090359717607498,0.1693667858839035,-3.6887348175048826,1.2270175e-07,0.0,-1.6539306640625,-0.00010464411461725831
105200,0.1009150817990303,0.17611775267869234,-3.6887318313121797,1.9487925e-07,0.0,-2.1517014503479004,-0.00012727528810501098
105400,0.07759977132081985,0.15697417594492435,-3.6887339472770693,2.3050234e-07,0.0,-0.33386385440826416,-0.0001352585561107844
105600,0.09177742153406143,0.15702696312218906,-3.688731473684311,4.2817555e-07,0.0,-0.08929455280303955,-0.00017983263824135066
105800,0.07865563035011292,0.1631517607718706,-3.6887293696403503,2.1536835e-07,0.0,-0.2365354299545288,-0.00014430804876610636
106000,0.058849889785051346,0.1521660840138793,-3.688732361793518,2.4447218e-07,0.0,-0.11281394958496094,-0.00016008607344701885
106200,0.07564784586429596,0.16468976605683566,-3.6887292563915253,2.0768493e-07,0.0,-2.530884027481079,-0.00011781987268477678
106400,0.07708532363176346,0.15843417420983313,-3.6887305438518525,1.7695129e-07,0.0,-1.358656644821167,-0.0001135959173552692
106600,0.09696440398693085,0.16134977396577596,-3.6887277543544768,1.8533319e-07,0.0,-2.5064797401428223,-0.00011404701508581639
106800,0.06063389033079147,0.14341984074562789,-3.6887271821498873,3.2852404e-07,0.0,-0.03760075569152832,-0.00018431016942486167
107000,0.05495103821158409,0.14866807386279107,-3.688732850551605,2.1723099e-07,0.0,-0.42281806468963623,-0.00014677320141345262
107200,0.06062188744544983,0.14353610537946224,-3.6887392580509184,2.1187589e-07,0.0,-1.2671256065368652,-0.00012825272278860211
107400,0.07158039510250092,0.1532600373029709,-3.688738542795181,1.8510036e-07,0.0,-0.8991891145706177,-0.00010837366280611605
107600,0.07892634719610214,0.1506038224324584,-3.688735419511795,1.9720756e-07,0.0,-0.37028026580810547,-0.00013354436960071324
107800,0.06533630192279816,0.1420878663659096,-3.6887340366840364,3.4761615e-07,0.0,-1.507185935974121,-0.00017542061395943166
108000,0.08686452358961105,0.14697827082127332,-3.6887291193008425,2.2538006e-07,0.0,-0.8361780643463135,-0.00011213296093046666
108200,0.06624036282300949,0.14038615617901087,-3.6887368738651274,1.6461127e-07,0.0,-1.4427359104156494,-0.00010341479210183025
108400,0.07100324332714081,0.13682986441999673,-3.6887389600276945,2.2840686e-07,0.0,-1.6396937370300293,-0.000140939794073347
108600,0.054698605090379715,0.13952415250241756,-3.688733285665512,1.4342368e-07,0.0,-2.5018715858459473,-9.999768808484077e-05
108800,0.0714811384677887,0.13255096282809972,-3.688723748922348,1.7881393e-07,0.0,-0.6869280338287354,-0.00010999689111486077
109000,0.07505951821804047,0.13205661587417125,-3.6887193381786347,1.5203841e-07,0.0,-0.4570322036743164,-0.00011739896144717932
109200,0.05426241084933281,0.13132843393832444,-3.6887210249900817,1.8370338e-07,0.0,-0.950756311416626,-9.827022440731526e-05
109400,0.07394801825284958,0.12731274738907813,-3.688726133108139,2.682209e-07,0.0,-1.3096466064453125,-0.00012701949453912674
109600,0.04709351062774658,0.12054854407906532,-3.6887309670448305,2.3166649e-07,0.0,-0.8395059108734131,-0.0001451198710128665
109800,0.05370528623461723,0.12278289161622524,-3.6887275874614716,1.7532147e-07,0.0,-1.6553339958190918,-0.00011547438334673643
110000,0.051001034677028656,0.11445805970579385,-3.688736695051193,4.2794272e-07,0.0,-0.3318079710006714,-0.00021139860327821225
110200,0.05253277346491814,0.12113724406808615,-3.688730478286743,1.8486753e-07,0.0,-1.2327744960784912,-0.0001112700323574245
110400,0.06700683385133743,0.1133527847006917,-3.6887305438518525,2.3189932e-07,0.0,-0.14637410640716553,-0.00011774083832278847
110600,0.05832615867257118,0.1145176101475954,-3.688733345270157,2.0838343e-07,0.0,-0.7822191715240479,-0.00011799097992479802
110800,0.06724580377340317,0.1170917185023427,-3.68872549533844,3.5832636e-07,0.0,-0.3958178758621216,-0.0001974886516109109
111000,0.06421452760696411,0.12189915291965008,-3.6887244462966917,3.9488077e-07,0.0,-3.2521114349365234,-0.0001659617875702679
111200,0.0659957081079483,0.11719149034470319,-3.688718372583389,3.054738e-07,0.0,-1.5314972400665283,-0.00016976790502667427
111400,0.05043189600110054,0.11130279954522848,-3.6887205719947813,2.1513551e-07,0.0,-2.222595691680908,-0.00013337236596271395
111600,0.048482637852430344,0.10333134271204472,-3.6887220203876496,1.8323772e-07,0.0,-0.4929152727127075,-0.00011881815735250711
111800,0.06474864482879639,0.10734961908310652,-3.688719964027405,2.4074689e-07,0.0,-0.27401864528656006,-0.00014149260241538286
112000,0.060440629720687866,0.10043489076197147,-3.6887265861034395,2.7101487e-07,0.0,-0.10250222682952881,-0.0001431864919140935
112200,0.04732208698987961,0.10177234672009945,-3.6887285709381104,1.557637e-07,0.0,-1.035900592803955,-0.00010496022878214717
112400,0.04640527814626694,0.10014797504991294,-3.688718295097351,2.8312206e-07,0.0,-0.39839816093444824,-0.00016519404016435146
112600,0.03173176944255829,0.09498623739928007,-3.688723289966583,1.5390106e-07,0.0,-0.6446635723114014,-0.00010406149085611105
112800,0.05455389618873596,0.09520494434982538,-3.688718193769455,1.7648563e-07,0.0,-0.4166802167892456,-0.00010837953304871916
113000,0.038718268275260925,0.09542381018400192,-3.688716799020767,1.9697472e-07,0.0,-0.6568455696105957,-0.00010747052729129792
113200,0.04863433167338371,0.09746125862002372,-3.6887211918830873,2.0070001e-07,0.0,-1.804929494857788,-0.00013240170665085316
113400,0.04664941504597664,0.09483558312058449,-3.6887210607528687,1.9930303e-07,0.0,-1.1249940395355225,-0.00012481169542297721
113600,0.05509481951594353,0.09931553564965726,-3.688717597723007,1.4691614e-07,0.0,-1.2297697067260742,-0.00010190343018621207
113800,0.03954766318202019,0.0873598325997591,-3.688724476099014,1.8882565e-07,0.0,-0.9889202117919922,-0.00013336597476154566
114000,0.049316536635160446,0.08909367145970463,-3.6887224435806276,3.2084063e-07,0.0,-0.9770247936248779,-0.00017413077875971794
114200,0.05000497028231621,0.09092005621641874,-3.68871950507164,1.9511208e-07,0.0,-1.2600986957550049,-0.00012229757849127054
114400,0.04131707921624184,0.08444341123104096,-3.688715213537216,1.9837171e-07,0.0,-0.2234199047088623,-0.00011807805858552456
114600,0.048400938510894775,0.08891670498996973,-3.688721704483032,4.1839667e-07,0.0,-2.6065711975097656,-0.0001839762320742011
114800,0.03969855234026909,0.08699542321264744,-3.6887109696865084,3.0826777e-07,0.0,-2.8898003101348877,-0.00014174667885527014
115000,0.03221505135297775,0.07903777249157429,-3.688721066713333,2.1606684e-07,0.0,-1.3723981380462646,-0.00013236295199021698
115200,0.04677777737379074,0.07682096436619759,-3.6887188374996187,3.8417056e-07,0.0,-0.17872285842895508,-0.00017698435112833977
115400,0.030845381319522858,0.07636307189241051,-3.6887164413928986,2.5588088e-07,0.0,-0.4843571186065674,-0.00012821974232792854
115600,0.036054033786058426,0.07963309613987804,-3.6887166440486907,2.1466985e-07,0.0,-2.7090506553649902,-0.00010489335982128978
115800,0.04234888777136803,0.08007545266300439,-3.688715261220932,1.9790605e-07,0.0,-2.365940809249878,-0.00014883703552186488
116000,0.02430315874516964,0.07261586394160986,-3.68871465921402,2.8125942e-07,0.0,-1.4808540344238281,-0.00016202954575419425
116200,0.0278366319835186,0.06914338245987892,-3.688721466064453,2.2910535e-07,0.0,-0.3768991231918335,-0.00015202361391857265
116400,0.03903795778751373,0.07235291767865419,-3.688713973760605,2.2631139e-07,0.0,-0.900855302810669,-0.0001062355120666325
116600,0.0364210419356823,0.06599590852856636,-3.688722312450409,3.3853576e-07,0.0,-0.493196964263916,-0.00018072861712425947
116800,0.01965312473475933,0.06717347912490368,-3.68872184753418,4.4330955e-07,0.0,-0.20111119747161865,-0.00021330935414880513
117000,0.04286927729845047,0.06721433764323592,-3.68872110247612,2.5774352e-07,0.0,-0.5181375741958618,-0.0001378178596496582
117200,0.03687729313969612,0.07008344288915395,-3.688724863529205,2.8777868e-07,0.0,-1.1880266666412354,-0.0001349843107163906
117400,0.034648530185222626,0.06212343713268638,-3.688731276988983,2.9569492e-07,0.0,-2.1738169193267822,-0.00016154665499925613
117600,0.031114008277654648,0.06723765442147851,-3.6887271881103514,1.8486753e-07,0.0,-3.331231117248535,-0.00012350293109193445
117800,0.029258985072374344,0.06093961196020246,-3.6887242794036865,3.4458935e-07,0.0,-0.31990575790405273,-0.00014353420119732617
118000,0.02864018641412258,0.06263589719310403,-3.688723886013031,2.2677705e-07,0.0,-1.436030626296997,-0.00013867970556020738
118200,0.020520146936178207,0.056986617762595414,-3.6887161314487455,3.0430965e-07,0.0,-1.1494300365447998,-0.00018778429366648198
118400,0.02882137894630432,0.05803114334121347,-3.688722461462021,1.7741695e-07,0.0,-0.6979622840881348,-0.00012346049770712854
118600,0.02915949374437332,0.05710312621667981,-3.688713771104813,4.1211024e-07,0.0,-0.6086703538894653,-0.00017728367820382118
118800,0.03519665449857712,0.057338726706802845,-3.6887242615222933,7.7532604e-08,0.0,-0.8527426719665527,-4.802722251042724e-05
119000,0.030699297785758972,0.05508398311212659,-3.6887209892272947,4.1350722e-07,0.0,-1.0127613544464111,-0.0001533995382487774
119200,0.02797975391149521,0.05446834797039628,-3.688735169172287,1.9627623e-07,0.0,-1.2680623531341553,-0.00015502446331083775
119400,0.03027857467532158,0.051309080934152006,-3.688730400800705,3.3760443e-07,0.0,-0.6304376125335693,-0.00015818910906091334
119600,0.02695556730031967,0.055957692116498946,-3.6887258529663085,1.9720756e-07,0.0,-1.6680057048797607,-9.805161971598864e-05
119800,0.015840336680412292,0.05009987065568566,-3.688728481531143,2.4284236e-07,0.0,-1.723034143447876,-0.00011653110850602388
120000,0.024710912257432938,0.05140206394717097,-3.688724458217621,2.6612543e-07,0.0,-3.798398494720459,-0.00014259656891226768
120200,0.025216510519385338,0.05149261923506856,-3.688723599910736,1.937151e-07,0.0,-2.0616812705993652,-0.0001231244532391429
120400,0.021875284612178802,0.04524870105087757,-3.688729465007782,2.386514e-07,0.0,-0.996065616607666,-9.912722744047642e-05
120600,0.02633853442966938,0.047301121335476634,-3.6887268722057343,2.5052577e-07,0.0,-1.0203781127929688,-0.0001337028224952519
120800,0.018530620262026787,0.046151446364820006,-3.688725656270981,3.4738332e-07,0.0,-0.5966610908508301,-0.0001800903817638755
121000,0.026382405310869217,0.04749656398780644,-3.6887187719345094,1.5227124e-07,0.0,-4.056333065032959,-7.1520428173244e-05
121200,0.027219604700803757,0.041166490968316795,-3.688714075088501,3.1199306e-07,0.0,-1.0258727073669434,-0.00011995973763987423
121400,0.01697586104273796,0.04585372731089592,-3.6887138187885284,1.8184073e-07,0.0,-1.942629098892212,-0.00011237671133130789
121600,0.015327230095863342,0.04181552892550826,-3.68871927857399,1.5506521e-07,0.0,-0.9638214111328125,-8.580877911299468e-05
121800,0.011980651877820492,0.04243503250181675,-3.6887154400348665,2.2118911e-07,0.0,-2.3459999561309814,-0.00010081413201987744
122000,0.022377917543053627,0.03932312303222716,-3.6887160420417784,1.5133992e-07,0.0,-0.6941277980804443,-0.00010858367895707488
122200,0.019652392715215683,0.03710348424501717,-3.6887059807777405,3.9394945e-07,0.0,-0.704936146736145,-0.00017556741368025542
122400,0.02577842026948929,0.04003588352352381,-3.6887121915817263,1.5762635e-07,0.0,-2.742429733276367,-9.510316886007786e-05
122600,0.011679496616125107,0.03953852220438421,-3.688708835840225,1.7439015e-07,0.0,-2.189077377319336,-0.00013046698877587913
122800,0.018715836107730865,0.039251839322969315,-3.6887097358703613,3.2805838e-07,0.0,-6.631393909454346,-0.00016812391113489865
123000,0.016797689720988274,0.03703805236145854,-3.6887024700641633,2.2584572e-07,0.0,-1.9119961261749268,-0.00015232347650453448
123200,0.012590210884809494,0.03269713250920177,-3.688700020313263,1.967419e-07,0.0,-0.616126298904419,-0.00012604894582182168
123400,0.018975483253598213,0.03514064885675907,-3.6887031376361845,3.0500814e-07,0.0,-3.583329200744629,-0.00014805691316723823
123600,0.012090209871530533,0.031226612254977228,-3.688698744773865,4.232861e-07,0.0,-0.9796819686889648,-0.0002025346737354994
123800,0.009504386223852634,0.032349950075149535,-3.6886993169784548,4.1211024e-07,0.0,-1.172461986541748,-0.0001455210382118821
124000,0.010650682263076305,0.03318494590930641,-3.6886984586715696,2.0675361e-07,0.0,-3.41953706741333,-0.00012400533305481076
124200,0.014893639832735062,0.030092043988406657,-3.688695764541626,3.0663796e-07,0.0,-1.25888991355896,-0.00020368354162201286
124400,0.012646596878767014,0.030930687952786685,-3.688696897029877,1.7182902e-07,0.0,-2.6563045978546143,-0.00010148065630346536
124600,0.013583908788859844,0.027375871094409376,-3.6886953592300413,1.7392449e-07,0.0,-0.9802495241165161,-0.00010039967019110918
124800,0.012582076713442802,0.02765313205309212,-3.6887016594409943,2.3352914e-07,0.0,-1.5089099407196045,-0.00013584407279267907
125000,0.018135178834199905,0.02872761501930654,-3.6886913061141966,2.2212043e-07,0.0,-7.437553405761719,-0.0001405722403433174
125200,0.012779491022229195,0.028476516995579005,-3.688693308830261,2.940651e-07,0.0,-5.69932746887207,-0.00015822111163288355
125400,0.01249718852341175,0.02560540344566107,-3.6886920869350432,2.7334318e-07,0.0,-0.543715238571167,-0.0001654104911722243
125600,0.012830376625061035,0.026507402397692205,-3.688696581125259,2.1420419e-07,0.0,-1.9501891136169434,-0.00012342543923296034
125800,0.015821367502212524,0.027098603057675065,-3.688684970140457,3.5599805e-07,0.0,-2.793419599533081,-0.00014968706527724863
126000,0.00848495401442051,0.02651140559464693,-3.6886868834495545,3.091991e-07,0.0,-9.423871040344238,-0.0001476834062486887
126200,0.014472685754299164,0.024459488620050252,-3.6886798202991486,2.4354085e-07,0.0,-9.977617263793945,-0.00014013557229191064
126400,0.015695426613092422,0.0235022485954687,-3.688677167892456,2.3376197e-07,0.0,-1.4983470439910889,-0.00013348537031561137
126600,0.015801306813955307,0.02389461793936789,-3.6886824309825896,5.266629e-07,0.0,-2.4717421531677246,-0.00020128407632000745
126800,0.014672592282295227,0.021931013674475253,-3.6886689245700834,2.3981556e-07,0.0,-1.3169474601745605,-0.0001524672843515873
127000,0.004427861422300339,0.022573257423937322,-3.688679450750351,2.3283064e-07,0.0,-3.924017906188965,-0.00013330603251233698
127200,0.006643205881118774,0.02119640461169183,-3.68867649435997,2.940651e-07,0.0,-2.1250240802764893,-0.0001646287739276886
127400,0.009610295295715332,0.019128216127865017,-3.688674646615982,2.6030466e-07,0.0,-1.7926926612854004,-0.0001444389927200973
127600,0.004811298102140427,0.01910196871031076,-3.688676542043686,3.3481047e-07,0.0,-1.1426632404327393,-0.00015937481075525283
127800,0.007595072500407696,0.02099043719936162,-3.6886797904968263,3.1548552e-07,0.0,-9.18770980834961,-0.000165415508672595
128000,0.004977370146661997,0.020179723296314477,-3.688678628206253,3.2503158e-07,0.0,-2.554950714111328,-0.0001778117730282247
128200,0.003826627042144537,0.019384860014542937,-3.6886735260486603,2.30968e-07,0.0,-3.5567398071289062,-0.00010676670353859663
128400,0.008033761754631996,0.017186322051566096,-3.688672435283661,3.1036325e-07,0.0,-5.898737907409668,-0.0001315984016400762
128600,0.00827199686318636,0.0182426912127994,-3.6886766731739042,2.7241185e-07,0.0,-4.3649821281433105,-0.00013382153993006795
128800,0.012601594440639019,0.015846718475222586,-3.6886704087257387,2.74973e-07,0.0,-0.8887619972229004,-0.0001440242223907262
129000,0.009102916345000267,0.01617661495693028,-3.688662827014923,2.4028122e-07,0.0,-7.699955940246582,-0.0001290911459363997
129200,0.005226404871791601,0.01322148801991716,-3.6886615812778474,2.8219074e-07,0.0,-2.274651288986206,-0.00010617569787427784
129400,0.007051608059555292,0.01618047506781295,-3.6886637926101686,1.534354e-07,0.0,-7.059865951538086,-9.874068200588226e-05
129600,0.007053211331367493,0.01612787287449464,-3.688665235042572,3.2084063e-07,0.0,-16.910091400146484,-0.00015495390398427843
129800,0.009781384840607643,0.014531400834675879,-3.6886594355106355,2.2444874e-07,0.0,-11.79465103149414,-0.00013726719189435243
130000,0.0070532020181417465,0.014831377612426876,-3.68866628408432,1.8021092e-07,0.0,-16.839826583862305,-9.565510554239154e-05
130200,0.013542300090193748,0.01518174537923187,-3.688666266202927,1.618173e-07,0.0,-10.961549758911133,-9.932403918355703e-05
130400,0.006074922624975443,0.015888352924957872,-3.688665008544922,2.0652078e-07,0.0,-24.818674087524414,-0.00010541783412918449
130600,0.0042228540405631065,0.013619574485346675,-3.688658136129379,2.3236498e-07,0.0,-13.089322090148926,-0.00012763660633936525
130800,0.0037803344894200563,0.013324058940634131,-3.688654160499573,9.406358e-08,0.0,-12.583173751831055,-6.308832962531596e-05
131000,0.004349912982434034,0.013770447578281164,-3.688654839992523,2.9220246e-07,0.0,-22.049304962158203,-0.00015453891246579586
131200,0.004898114129900932,0.015711480239406227,-3.6886642038822175,2.44705e-07,0.0,-13.365796089172363,-0.00014689398813061416
131400,0.0017190967919304967,0.013443234417354687,-3.6886610865592955,2.6170164e-07,0.0,-20.37920570373535,-0.00013926767278462648
131600,0.00435275211930275,0.011477026267675683,-3.6886590898036955,3.1292439e-07,0.0,-6.663989067077637,-0.00012903124443255364
131800,0.008936495520174503,0.010996880882885307,-3.688657319545746,3.6880374e-07,0.0,-9.494166374206543,-0.00017772280843928457
132000,0.0017808000557124615,0.008649694902123884,-3.6886555314064027,1.9976869e-07,0.0,-4.450913429260254,-9.548363741487264e-05
132200,0.0034831338562071323,0.010342809394933284,-3.688657337427139,2.4982728e-07,0.0,-7.065239906311035,-0.00013537693303078413
132400,0.004550780635327101,0.011295751837315038,-3.6886549413204195,3.669411e-07,0.0,-9.011590957641602,-0.00012685321125900374
132600,0.0037684207782149315,0.010565022757509724,-3.688653898239136,1.2177043e-07,0.0,-8.67041301727295,-8.348841220140457e-05
132800,0.0005824064137414098,0.009455975994933396,-3.68865527510643,1.6205013e-07,0.0,-8.334580421447754,-0.00010221435222774744
133000,0.0020196803379803896,0.006942929665092379,-3.688651919364929,2.1420419e-07,0.0,-0.675300121307373,-0.00012569019454531372
133200,0.008647843264043331,0.011497548618353903,-3.688664811849594,4.0559098e-07,0.0,-2.4570372104644775,-0.00018825173610821367
133400,0.007695876061916351,0.010073633509455249,-3.688664013147354,1.7578714e-07,0.0,-15.800365447998047,-0.00013058249605819584
133600,0.006279553286731243,0.010608879692154006,-3.688668340444565,2.0675361e-07,0.0,-3.0714902877807617,-0.00012856447137892245
133800,0.008417374454438686,0.010223932837834581,-3.6886707484722137,3.145542e-07,0.0,-2.300585985183716,-0.00011121687712147831
134000,0.004059643018990755,0.010439839400351047,-3.6886720240116118,1.6554259e-07,0.0,-17.93159294128418,-9.0437923790887e-05
134200,0.0005045579746365547,0.009150470339227468,-3.688669192790985,2.2351742e-07,0.0,-20.985050201416016,-0.00013027184759266673
134400,3.71654168702662e-05,0.009030553142656573,-3.688670414686203,4.1839667e-07,0.0,-20.7830810546875,-0.00015785375144332646
134600,0.007735163904726505,0.008122073937556706,-3.688667005300522,1.2316741e-07,0.0,-15.291803359985352,-8.208930375985801e-05
134800,0.009063566103577614,0.007803074982075486,-3.6886662244796753,1.4482066e-07,0.0,-19.668127059936523,-6.712529575452209e-05
135000,0.0006935512647032738,0.006289752578595653,-3.6886646687984466,1.7439015e-07,0.0,-17.69221305847168,-9.041703306138516e-05
135200,0.0028074535075575113,0.008307421178324148,-3.6886740207672117,1.8416904e-07,0.0,-14.867461204528809,-0.00010256324894726276
135400,0.00018331556930206716,0.00782508738193428,-3.688671040534973,2.568122e-07,0.0,-37.841758728027344,-0.0001408278476446867
135600,0.002678305609151721,0.008641569290193728,-3.6886776804924013,1.7881393e-07,0.0,-13.483675003051758,-0.00010552837047725916
135800,0.002583123277872801,0.006565581465838477,-3.688672947883606,3.1851232e-07,0.0,-1.347062110900879,-0.00018803441780619324
136000,0.00023704665363766253,0.007152408004913013,-3.6886758744716643,1.937151e-07,0.0,-22.65141487121582,-0.00011204954935237766
136200,0.00020801572827622294,0.007950401306152344,-3.688673108816147,3.1059608e-07,0.0,-2.9111874103546143,-0.00016059824265539645
136400,0.00044032736332155764,0.006919575233769138,-3.688676643371582,1.3411045e-07,0.0,-21.974668502807617,-7.787388749420643e-05
136600,0.003378929803147912,0.005250085878651589,-3.6886719107627868,2.3306347e-07,0.0,-16.438383102416992,-0.0001233114395290613
136800,0.003079957328736782,0.007363962477393215,-3.688678926229477,1.4412217e-07,0.0,-19.71185874938965,-9.761753026396036e-05
137000,7.486005779355764e-05,0.0062349700965569355,-3.6886736333370207,1.473818e-07,0.0,-18.394012451171875,-0.00010636532679200172
137200,-0.0001052008883561939,0.00604007206420647,-3.6886699736118316,2.0884909e-07,0.0,-14.836324691772461,-0.00013072546571493148
137400,0.002464966382831335,0.006806433196834405,-3.6886701762676237,2.7334318e-07,0.0,-22.83131217956543,-0.00010636261431500316
137600,0.00735858641564846,0.006863558553595795,-3.688669866323471,1.6554259e-07,0.0,-37.934837341308594,-8.630758384242654e-05
137800,0.00025265058502554893,0.00437702024828468,-3.688666117191315,1.5948899e-07,0.0,-17.13578224182129,-8.408462163060904e-05
138000,7.06697755958885e-05,0.006206974216911476,-3.68866868019104,3.4668483e-07,0.0,-2.165860652923584,-0.00011800940555986016
138200,-0.0001384381903335452,0.005831542953092139,-3.688666653633118,1.322478e-07,0.0,-26.00244903564453,-0.000105354655534029
138400,7.404504140140489e-05,0.00541463245099294,-3.688669753074646,2.6496127e-07,0.0,-37.58338928222656,-0.00011251494288444519
138600,0.005831141956150532,0.007785221038921009,-3.6886783719062803,2.6402995e-07,0.0,-36.46030044555664,-0.00013022164348512887
138800,0.004045355133712292,0.005634415164968232,-3.6886763095855715,8.218922e-08,0.0,-11.309537887573242,-7.414311403408647e-05
139000,0.0024134255945682526,0.005482088095595828,-3.6886760711669924,1.7276034e-07,0.0,-16.961597442626953,-0.00010556362103670835
139200,0.00265807518735528,0.003786432169363252,-3.6886741161346435,1.8300489e-07,0.0,-18.905847549438477,-0.0001129260053858161
139400,-8.198234718292952e-05,0.005405673578388814,-3.6886777222156524,1.3248064e-07,0.0,-30.177202224731445,-6.834545638412237e-05
139600,0.0018679690547287464,0.006510405964945676,-3.6886797487735747,1.7182902e-07,0.0,-19.159347534179688,-9.107121732085944e-05
139800,0.003527536988258362,0.007504282392983441,-3.688680332899094,2.4028122e-07,0.0,-4.943627834320068,-0.00013712009313167074
140000,0.0016801307210698724,0.003869446402677568,-3.6886740148067476,1.4039688e-07,0.0,-16.91727066040039,-9.072594111785293e-05
140200,0.00021398140233941376,0.004911973839989514,-3.688679701089859,1.816079e-07,0.0,-24.620288848876953,-0.00011032860493287444
140400,0.0020778081379830837,0.005076656109577016,-3.6886792302131655,1.3993122e-07,0.0,-32.43137741088867,-9.204415837302805e-05
140600,0.002148205181583762,0.0036641481539845698,-3.6886765539646147,2.2165477e-07,0.0,-21.76593780517578,-0.000107301096431911
140800,0.00427646329626441,0.005519593767166953,-3.6886830270290374,1.3038516e-07,0.0,-42.592716217041016,-7.126156706362962e-05
141000,0.007474185433238745,0.005447144341815147,-3.688681089878082,2.5425106e-07,0.0,-3.009664535522461,-0.0001460626139305532
141200,0.004044682253152132,0.0054326843208400534,-3.6886879563331605,1.6554259e-07,0.0,-20.665733337402344,-9.802356944419444e-05
141400,-0.000473423715448007,0.004256290470948443,-3.6886858344078064,2.6030466e-07,0.0,-2.1833384037017822,-0.0001286087674088776
141600,0.007941963151097298,0.006983134507026989,-3.6886992275714876,1.7439015e-07,0.0,-43.74895095825195,-9.251157753169537e-05
141800,0.004076211713254452,0.00447562547706184,-3.688691335916519,1.5506521e-07,0.0,-24.075780868530273,-0.00010903824586421252
142000,0.004192996304482222,0.0036226521551725455,-3.688687855005264,1.1944212e-07,0.0,-28.914535522460938,-7.506704714614898e-05
142200,0.0016049817204475403,0.005064013005176093,-3.6886906743049623,1.9441359e-07,0.0,-29.315570831298828,-0.00012244856916368007
142400,0.002741742879152298,0.0029145974702259993,-3.688684606552124,1.816079e-07,0.0,-21.275753021240234,-0.00011792723089456558
142600,0.004601160064339638,0.002752198391681304,-3.6886807501316072,1.678709e-07,0.0,-13.3024263381958,-0.0001039302907884121
142800,0.0019454327411949635,0.003913973818816885,-3.6886818587779997,1.352746e-07,0.0,-27.18730354309082,-9.287600405514241e-05
143000,4.560223169391975e-05,0.0037089225834279205,-3.6886789798736572,2.3818575e-07,0.0,-33.495033264160156,-0.00014998422702774405
143200,0.001274137175641954,0.002803383976788609,-3.6886740386486054,1.6228296e-07,0.0,-24.204410552978516,-8.333539590239525e-05
143400,0.0018037325935438275,0.0050056500476785,-3.6886809706687926,2.1816231e-07,0.0,-23.81722640991211,-0.00013081501238048076
143600,0.0016049809055402875,0.0033520311414577007,-3.688672834634781,1.7485581e-07,0.0,-28.122501373291016,-0.00010112052550539374
143800,0.00017089504399336874,0.002891825526057801,-3.688672864437103,1.648441e-07,0.0,-22.115140914916992,-9.582246420904993e-05
144000,0.0013525547692552209,0.003333709514208749,-3.6886734426021577,3.3108518e-07,0.0,-2.441833734512329,-0.0001782125560566783
144200,0.00012052351667080075,0.003020242754064384,-3.688681900501251,9.359792e-08,0.0,-37.91889190673828,-4.356720019131899e-05
144400,0.0016413123812526464,0.0029907079710028484,-3.6886807799339296,1.5902333e-07,0.0,-28.84170913696289,-0.00011829559407487978
144600,0.004391774535179138,0.004119819882907905,-3.68868368268013,2.4354085e-07,0.0,-27.3752384185791,-0.00014238845324143767
144800,0.0019102399237453938,0.0037521209469559835,-3.688679486513138,1.6973354e-07,0.0,-3.533599376678467,-0.00010642335400916636
145000,0.0020870056468993425,0.004119417403126135,-3.6886809408664702,1.5762635e-07,0.0,-44.40342712402344,-0.00010235375957563519
145200,0.002107632113620639,0.002242319929973746,-3.6886738538742065,1.4295802e-07,0.0,-19.935752868652344,-9.163259528577328e-05
145400,0.0020822291262447834,0.00287730270101747,-3.6886775374412535,2.0279549e-07,0.0,-18.8276424407959,-0.00011813387973234058
145600,0.0001693922677077353,0.0030291578335891246,-3.688679498434067,1.6507693e-07,0.0,-25.10382652282715,-7.914740272099152e-05
145800,9.749318996910006e-05,0.003251346608158201,-3.688682347536087,1.0756776e-07,0.0,-26.39218521118164,-8.192162495106459e-05
146000,0.0018363641574978828,0.002813817483092862,-3.688677781820297,1.8533319e-07,0.0,-35.06696701049805,-0.00011828942224383354
146200,0.0007888523396104574,0.0028778844876796938,-3.6886806309223177,2.4982728e-07,0.0,-22.449195861816406,-0.00012837513349950314
146400,0.0011485442519187927,0.0019664950646983924,-3.688677704334259,1.8742867e-07,0.0,-15.769468307495117,-9.77971008978784e-05
146600,0.0008549550548195839,0.002478160837199539,-3.6886789441108703,8.242205e-08,0.0,-30.704938888549805,-7.218322716653346e-05
146800,0.0011988043552264571,0.00236983783179312,-3.688681900501251,1.3131648e-07,0.0,-25.948034286499023,-7.740578148514032e-05
147000,0.003273971611633897,0.0026351161348429743,-3.6886855542659758,1.9348226e-07,0.0,-26.756322860717773,-0.00010533090680837631
147200,-0.00014211573579814285,0.0007488213991905468,-3.6886781811714173,1.9185245e-07,0.0,-16.743793487548828,-8.583476301282644e-05
147400,-0.00030015097581781447,0.001075772692092869,-3.688674682378769,1.4249235e-07,0.0,-16.38852882385254,-7.188105955719948e-05
147600,0.004426284227520227,0.0028683594071480913,-3.6886794209480285,1.8114224e-07,0.0,-30.582260131835938,-0.00010885591618716716
147800,0.0026836886536329985,0.002429700529319234,-3.68867803812027,2.819579e-07,0.0,-30.375503540039062,-0.00012490274384617804
148000,0.002010198775678873,0.0026541686200289407,-3.688680702447891,1.215376e-07,0.0,-43.855628967285156,-7.526308763772249e-05
148200,0.0010058217449113727,0.00286646485037636,-3.6886777698993685,1.3993122e-07,0.0,-4.201761722564697,-8.662230102345348e-05
148400,0.0005207914509810507,0.001895094899009564,-3.6886764407157897,2.3213215e-07,0.0,-27.590425491333008,-0.0001250564120709896
148600,0.0018063304014503956,0.0021907737445872044,-3.688676518201828,1.9487925e-07,0.0,-29.691667556762695,-0.0001187975867651403
148800,0.00046203029341995716,0.0019045271732466063,-3.6886707127094267,1.1106022e-07,0.0,-22.905567169189453,-7.800618186593056e-05
149000,-2.827262505888939e-05,0.0020002273198770127,-3.6886677026748655,1.2479722e-07,0.0,-36.31328201293945,-8.721043705008923e-05
149200,0.0004569467855617404,0.002044874739294755,-3.688666731119156,2.903398e-07,0.0,-39.94304275512695,-0.00012863846495747566
149400,-0.00025309392367489636,0.0011163789377860666,-3.6886589348316194,1.6321428e-07,0.0,-18.668685913085938,-8.973311632871628e-05
149600,0.0009706949349492788,0.0018141323336749338,-3.6886647939682007,2.044253e-07,0.0,-31.767894744873047,-0.00014568003825843334
149800,0.0006037559360265732,0.0015860126603001845,-3.6886656284332275,1.1129305e-07,0.0,-31.01577377319336,-6.674939068034292e-05
150000,0.00022779000573791564,0.0013379063027969095,-3.688666671514511,1.2246892e-07,0.0,-30.70700454711914,-8.117093238979578e-05
150200,0.0009452984668314457,0.0020492794690653683,-3.6886720955371857,1.1222437e-07,0.0,-6.180533409118652,-8.553086081519723e-05
150400,0.0008683109190315008,0.0015302044033887797,-3.6886710226535797,1.8952414e-07,0.0,-31.800750732421875,-0.00012643940281122922
150600,0.0009306542342528701,0.0009850871080061552,-3.688669866323471,1.4994293e-07,0.0,-17.331504821777344,-9.671305306255818e-05
150800,0.0015061169397085905,0.0014120518470008391,-3.688674008846283,2.0931475e-07,0.0,-3.5777840614318848,-0.00010356956627219916
151000,0.0006947607034817338,0.0010174928826018003,-3.6886793315410613,2.3585744e-07,0.0,-30.906999588012695,-0.00011197573039680719
151200,2.6498513761907816e-05,0.0006228643483154883,-3.688678514957428,1.1944212e-07,0.0,-15.830890655517578,-8.425978594459594e-05
151400,0.0006456693517975509,0.0007106203338935301,-3.6886804938316344,1.3434328e-07,0.0,-19.31216049194336,-8.084173095994629e-05
151600,-0.00020176381804049015,0.00119336005718651,-3.688684070110321,2.4726614e-07,0.0,-32.025081634521484,-0.00013571586459875106
151800,0.00031926322844810784,0.0010253597538394388,-3.688679653406143,1.8137507e-07,0.0,-26.979398727416992,-8.751889690756798e-05
152000,0.00030616961885243654,0.0007313538395465003,-3.688674455881119,1.937151e-07,0.0,-24.434999465942383,-0.0001294810092076659
152200,2.3360742488875985e-05,0.0009238233804353512,-3.6886762917041778,2.2654422e-07,0.0,-20.34025001525879,-0.00012025580508634448
152400,-0.0003106846706941724,0.000325591453463403,-3.688668829202652,1.4551915e-07,0.0,-22.591794967651367,-8.575949468649923e-05
152600,-0.00032530841417610645,0.0007143614964661537,-3.6886675000190734,2.8777868e-07,0.0,-2.3924574851989746,-0.00012238016352057458
152800,-0.00014698451559524983,0.0005618103874212466,-3.6886661469936373,1.2246892e-07,0.0,-17.18201446533203,-8.91678617335856e-05
153000,-0.00011067651212215424,0.00066434677100915,-3.688667392730713,2.2933818e-07,0.0,-20.69666290283203,-0.0001102944603189826
153200,-0.00034460227470844984,0.0005410453554759442,-3.6886676967144014,1.5296973e-07,0.0,-27.598228454589844,-7.38291535526514e-05
153400,0.00014176132390275598,0.0004990752168851032,-3.6886673092842104,2.3562461e-07,0.0,-11.056920051574707,-0.00013026282540522515
153600,-3.724716225406155e-05,0.0002860577406792686,-3.6886606752872466,1.1967495e-07,0.0,-16.770536422729492,-7.160883396863937e-05
153800,7.905517850304022e-05,0.0006853490605863044,-3.6886613786220552,1.648441e-07,0.0,-2.7209959030151367,-9.866820182651282e-05
154000,-0.00015589434769935906,0.00041673078442272526,-3.6886608421802523,2.3585744e-07,0.0,-27.245569229125977,-0.00015131253749132157
154200,0.00010222545824944973,0.0005147249912624829,-3.6886609852313996,2.7474016e-07,0.0,-21.747905731201172,-0.00013669237960129977
154400,-2.8177382773719728e-05,0.0005992517424601828,-3.688661497831345,2.8754584e-07,0.0,-3.3144679069519043,-0.00016181948594748974
154600,6.286283314693719e-05,0.0005649001047459024,-3.688663697242737,1.322478e-07,0.0,-37.935855865478516,-8.637439459562302e-05
154800,0.00024005252635106444,0.0005031810077070986,-3.688663053512573,1.6740523e-07,0.0,-20.228242874145508,-0.00010373648256063461
155000,0.00028099806513637304,0.00042132301350648047,-3.6886559784412385,2.4330802e-07,0.0,-20.08901596069336,-0.0001270740758627653
155200,-7.998649380169809e-05,0.0004730515902338084,-3.6886520862579344,2.386514e-07,0.0,-36.82778549194336,-0.00011157955741509795
155400,4.636785888578743e-05,0.00027691643394973654,-3.6886482656002046,1.618173e-07,0.0,-20.4735107421875,-8.459630189463496e-05
155600,-0.0001923136442201212,0.0002084885320613239,-3.6886500775814057,1.4225952e-07,0.0,-19.867929458618164,-7.625692524015903e-05
155800,-0.0004882661742158234,0.000372947783807831,-3.688651555776596,2.4144538e-07,0.0,-29.996187210083008,-0.00013151596067473292
156000,6.171970744617283e-05,0.0003728349434823031,-3.6886514484882356,2.0954758e-07,0.0,-30.586885452270508,-0.00012317595537751912
156200,5.374429747462273e-06,0.00032116229813254903,-3.6886452734470367,1.359731e-07,0.0,-23.877239227294922,-9.199688211083412e-05
156400,3.261695383116603e-06,0.00029770028468192324,-3.6886479437351225,1.4016405e-07,0.0,-34.426002502441406,-8.19941284134984e-05
156600,-9.716447675600648e-05,0.00030798670877629775,-3.688650590181351,1.8882565e-07,0.0,-33.87541198730469,-0.0001303435070440173
156800,-0.00016683514695614576,0.00019481305648696434,-3.688646161556244,1.2130477e-07,0.0,-24.74051856994629,-8.67411436047405e-05
157000,-1.2757715012412518e-05,0.0001730385481778285,-3.6886452555656435,1.7485581e-07,0.0,-17.308988571166992,-0.00011210872326046228
157200,-9.306306310463697e-05,0.00015703444109931296,-3.6886452794075013,8.405186e-08,0.0,-25.49394416809082,-4.414713475853205e-05
157400,-0.00011508478200994432,0.00023882243212938192,-3.6886509895324706,2.3446046e-07,0.0,-25.84063148498535,-0.00014945496805012225
157600,0.00017641944577917457,0.00021589517705251638,-3.6886516511440277,1.5855767e-07,0.0,-28.995363235473633,-9.647358674556017e-05
157800,-1.7195787222590297e-05,0.0001997066000058112,-3.6886525094509124,2.7287751e-07,0.0,-33.002567291259766,-0.00013623314443975688
158000,-0.0002445760474074632,0.00012005322123513907,-3.688650918006897,1.3667159e-07,0.0,-22.59300422668457,-9.792456112336367e-05
158200,4.971674206899479e-05,0.00011559065801520773,-3.68865110874176,7.4505806e-08,0.0,-25.59705924987793,-7.7420799061656e-05
158400,-0.0001793448900571093,9.682992499051579e-05,-3.6886505365371702,1.9790605e-07,0.0,-16.569210052490234,-0.00011003632098436356
158600,-0.00028709450270980597,0.00010075948123358102,-3.688651907444,2.2887252e-07,0.0,-18.082422256469727,-0.00013535068719647825
158800,-0.00039467349415645003,9.826400848851335e-05,-3.6886544585227967,2.5192276e-07,0.0,-18.95330047607422,-0.00015178560279309749
159000,-5.5149597756098956e-05,9.157444491165734e-05,-3.688651090860367,1.208391e-07,0.0,-17.932769775390625,-8.174156064342242e-05
159200,-5.87547619943507e-05,4.8635093978077745e-05,-3.688648688793182,1.5087426e-07,0.0,-19.31513786315918,-9.19141573831439e-05
159400,-4.2402305552968755e-05,8.146941552240605e-05,-3.6886555194854735,2.6077032e-07,0.0,-28.372764587402344,-0.0001382661401294172
159600,-0.00011347713007126004,0.0001075828290595382,-3.688657635450363,1.5133992e-07,0.0,-21.038436889648438,-7.983605028130114e-05
159800,-9.340903488919139e-06,0.0001132164582486439,-3.688651907444,1.2875535e-07,0.0,-5.3727898597717285,-0.00010093364981003105
160000,0.00019164658442605287,5.99172507691037e-05,-3.688645952939987,1.4249235e-07,0.0,-28.688261032104492,-7.99320638179779e-05
160200,-0.00042655563447624445,0.00010788530216814252,-3.688655340671539,1.8137507e-07,0.0,-8.513752937316895,-0.00011777388863265514
160400,-0.0003374354273546487,4.537175413759087e-05,-3.688644641637802,1.2572855e-07,0.0,-18.470510482788086,-7.51441577449441e-05
160600,-0.0005567733896896243,5.185597045738177e-05,-3.68864786028862,2.6565976e-07,0.0,-27.533863067626953,-0.00012289974838495255
160800,-0.00014090465265326202,3.196194433598976e-05,-3.6886448740959166,1.5902333e-07,0.0,-18.824817657470703,-0.00010410273680463433
161000,-7.250143244164065e-05,3.751680234245214e-05,-3.6886463284492494,1.1664815e-07,0.0,-26.112977981567383,-7.200974505394697e-05
161200,-0.000537967192940414,2.7397667986406303e-05,-3.6886480033397673,1.6577542e-07,0.0,-19.114076614379883,-8.423207327723503e-05
161400,-0.00035860604839399457,3.481732838679363e-05,-3.6886526226997374,1.9534491e-07,0.0,-19.551860809326172,-0.00011506387963891029
161600,-0.0003862034354824573,2.5705024842181957e-05,-3.6886493384838106,3.306195e-07,0.0,-24.876712799072266,-0.00017034562770277262
161800,-3.738029408850707e-05,3.650055976152089e-05,-3.68864888548851,1.7532147e-07,0.0,-27.268550872802734,-9.66824358329177e-05
162000,-0.0001758128491928801,2.9996425519129842e-05,-3.688648056983948,1.3364479e-07,0.0,-33.20473861694336,-9.101914474740624e-05
162200,-1.622054878680501e-05,1.9589144227438737e-05,-3.6886453092098237,2.7334318e-07,0.0,-17.60506248474121,-0.00013252985663712025
162400,0.0002134041569661349,1.6448485445152984e-05,-3.6886443495750427,1.58092e-07,0.0,-15.204595565795898,-8.303080685436725e-05
162600,-0.0008181747398339212,1.8582274569212133e-05,-3.688646751642227,3.46452e-07,0.0,-37.867977142333984,-0.00015787493903189896
162800,-0.00034338695695623755,2.1017807029011237e-05,-3.688648360967636,1.6367994e-07,0.0,-31.770076751708984,-0.00011821988737210631
163000,1.7676287825452164e-05,1.4521250088250781e-05,-3.6886448919773103,1.5459955e-07,0.0,-22.126150131225586,-0.00010524278513912577
163200,-0.00019801640883088112,1.486270002146739e-05,-3.688646858930588,1.4854595e-07,0.0,-5.845602035522461,-9.295577183365822e-05
163400,-0.00011304197687422857,1.0900559692572642e-05,-3.6886417627334596,1.0477379e-07,0.0,-16.574750900268555,-7.258127443492413e-05
163600,-0.00044213287765160203,1.1953761605809632e-05,-3.68864443898201,2.3981556e-07,0.0,-45.67770004272461,-0.00011332965223118663
163800,-0.000591668242122978,1.2827227806155861e-05,-3.688640856742859,2.8894283e-07,0.0,-4.521903991699219,-0.00015096289571374654
164000,-0.0003556404553819448,8.690844515513163e-06,-3.6886377394199372,3.3457763e-07,0.0,-7.95546817779541,-0.00013237445382401346
164200,-0.00014383462257683277,7.819555429477987e-06,-3.6886389315128327,1.8137507e-07,0.0,-35.67164993286133,-0.00014269310049712657
164400,18.351806640625,25.184357166290283,-3.6887972593307494,0.0,0.0,0.007023632526397705,-6.427662447094917e-06
164600,5.18118143081665,10.589390134811401,-3.6887190639972687,0.0,0.0,0.001438915729522705,-1.917800691444427e-05
164800,12.432040214538574,32.23490459918976,-3.6886396527290346,0.0,0.0,0.002135753631591797,-4.257028922438621e-06
165000,11.744815826416016,31.514026403427124,-3.6886340200901033,0.0,0.0,0.0037170052528381348,-5.736155435442924e-06
165200,7.341447353363037,9.332876598834991,-3.6886361956596376,0.0,0.0,0.004034936428070068,-1.1659844312816859e-05
165400,8.560001373291016,33.25327825546265,-3.6886350572109223,0.0,0.0,-0.00025200843811035156,-4.582678957376629e-06
165600,5.316805839538574,12.277559828758239,-3.6886332094669343,2.9569492e-08,0.0,0.0006589889526367188,-5.453185876831412e-05
165800,8.30998706817627,19.964399552345277,-3.688636362552643,4.656613e-10,0.0,0.0002289414405822754,-8.119398262351752e-06
166000,5.430041790008545,8.186208915710449,-3.6886365711688995,8.381903e-09,0.0,0.0020725131034851074,-2.923309657489881e-05
166200,3.7157771587371826,11.731325459480285,-3.688631445169449,0.0,0.0,-0.0014837980270385742,-1.7664697952568532e-05
166400,5.356627464294434,9.868313467502594,-3.688638263940811,4.1909516e-09,0.0,-0.0024361610412597656,-2.6484590489417314e-05
166600,21.659461975097656,21.475788617134093,-3.6886350274086,6.9849193e-10,0.0,0.0008785128593444824,-1.3239716645330191e-05
166800,25.111162185668945,45.39635076522827,-3.688637775182724,0.0,0.0,0.0029404759407043457,-5.2782910643145445e-06
167000,9.752897262573242,18.38171167373657,-3.6886356115341186,0.0,0.0,0.0014582276344299316,-5.234277341514826e-06
167200,5.0979719161987305,12.787255001068115,-3.6886317312717436,5.2154064e-08,0.0,-0.0010221004486083984,-7.150996243581176e-05
167400,8.989280700683594,13.947388315200806,-3.68863468170166,2.0256266e-08,0.0,-0.0026003122329711914,-5.601015873253345e-05
167600,3.3107619285583496,7.150013872981072,-3.688635927438736,2.561137e-08,0.0,-0.0031938552856445312,-5.992723163217306e-05
167800,15.38232135772705,11.007065102458,-3.6886304378509522,7.869676e-08,0.0,-0.0017507076263427734,-7.86233606049791e-05
168000,17.93351936340332,36.849423789978026,-3.688634330034256,0.0,0.0,0.0034975409507751465,-2.130633220076561e-07
168200,5.88953971862793,12.179053103923797,-3.6886365115642548,0.0,0.0,0.0014489293098449707,-8.19667475298047e-06
168400,6.599700450897217,22.429643750190735,-3.688636863231659,0.0,0.0,0.0014930367469787598,-1.024168450385332e-05
168600,7.043113708496094,6.979952704906464,-3.688635927438736,2.7939677e-09,0.0,0.00030797719955444336,-1.3973069144412875e-05
168800,14.806821823120117,23.48280510902405,-3.6886346876621245,0.0,0.0,0.003041505813598633,-7.980503141880035e-06
169000,10.049919128417969,19.18602509498596,-3.688632917404175,0.0,0.0,0.0006133913993835449,-1.0602409020066261e-05
169200,8.15071964263916,28.882273292541505,-3.688630986213684,0.0,0.0,0.0006605386734008789,-5.025573773309588e-06
169400,11.968746185302734,16.795694160461426,-3.688637226819992,0.0,0.0,0.0037245750427246094,-1.184458378702402e-05
169600,12.97691535949707,16.415654718875885,-3.6886322438716888,0.0,0.0,0.0035250186920166016,-1.8029706552624702e-05
169800,2.2178804874420166,14.758537393808364,-3.6886337995529175,0.0,0.0,-0.0008412599563598633,-1.4991057105362415e-05
170000,7.556036949157715,16.988708090782165,-3.688634932041168,7.357448e-08,0.0,0.002621769905090332,-7.752726087346673e-05
170200,6.119970321655273,16.311172938346864,-3.688638484477997,2.3283064e-09,0.0,0.0006536245346069336,-2.140842843800783e-05
170400,3.5054590702056885,9.278354573249818,-3.6886394679546357,6.9849193e-10,0.0,-0.0020444393157958984,-2.0191969815641643e-05
170600,4.993797302246094,14.322246074676514,-3.688636189699173,4.656613e-10,0.0,0.0008876323699951172,-1.7796293832361698e-05
170800,8.996650695800781,12.062093341350556,-3.688641458749771,9.313226e-10,0.0,0.00021386146545410156,-1.2298522051423788e-05
171000,6.484511852264404,12.573813986778259,-3.6886398077011107,1.3969839e-09,0.0,-0.00032711029052734375,-1.454408629797399e-05
171200,5.505210876464844,8.710373389720917,-3.688645440340042,7.543713e-08,0.0,0.002525031566619873,-6.872600060887634e-05
171400,7.228097915649414,31.33678916692734,-3.688636672496796,0.0,0.0,0.0033469200134277344,-8.782127406448125e-06
171600,6.798566818237305,19.729178404808046,-3.6886350870132447,5.122274e-09,0.0,0.00017827749252319336,-1.9600451923906804e-05
171800,13.767820358276367,21.808191847801208,-3.6886364579200746,0.0,0.0,0.0015113353729248047,-6.38713245280087e-06
172000,6.5801777839660645,18.16969540119171,-3.6886391818523405,0.0,0.0,0.0036634206771850586,-1.2479815632104874e-05
172200,11.019102096557617,19.0777978181839,-3.688636463880539,2.561137e-09,0.0,-0.0007985830307006836,-2.9248249484226106e-05
172400,13.634624481201172,13.40430120229721,-3.6886387944221495,0.0,0.0,0.0065839290618896484,-1.3329947250895202e-05
172600,5.450179576873779,10.509011828899384,-3.6886368811130525,0.0,0.0,0.0020772814750671387,-1.7550087068229914e-05
172800,19.900718688964844,42.66862630844116,-3.6886332452297212,0.0,0.0,0.007559537887573242,-1.0212580673396587e-05
173000,9.814474105834961,11.690158545970917,-3.688635128736496,0.0,0.0,0.004419982433319092,-1.383794005960226e-05
173200,8.495044708251953,11.856155300140381,-3.68863530755043,4.656613e-09,0.0,0.010806143283843994,-3.042214084416628e-05
173400,5.620392322540283,9.120634841918946,-3.6886374175548555,5.1455572e-08,0.0,0.0026853084564208984,-6.372383213602007e-05
173600,4.801587104797363,8.834571701288223,-3.688631850481033,7.916242e-09,0.0,0.0033412575721740723,-2.2274325601756573e-05
173800,5.125230312347412,7.040149855613708,-3.6886413633823394,9.313226e-09,0.0,0.012614011764526367,-4.4368929229676725e-05
174000,11.00533390045166,13.48611522912979,-3.6886328876018526,4.1909516e-09,0.0,0.00842750072479248,-1.846302766352892e-05
174200,9.617921829223633,25.511412191390992,-3.6886370837688447,0.0,0.0,0.004824221134185791,-1.788400113582611e-05
174400,6.2810378074646,11.825122714042664,-3.688642817735672,0.0,0.0,0.017922282218933105,-1.711046788841486e-05
174600,8.611839294433594,15.971940684318543,-3.6886393070220946,0.0,0.0,0.001414179801940918,-1.9946950487792492e-05
174800,6.786797523498535,11.981516042351723,-3.6886332094669343,0.0,0.0,-0.005728363990783691,-1.8297997303307057e-05
175000,3.135699510574341,9.074104249477386,-3.68863565325737,1.2572855e-08,0.0,0.0016889572143554688,-3.728249575942755e-05
175200,4.237273693084717,14.307083940505981,-3.68863645195961,0.0,0.0,0.001356959342956543,-1.5525624621659518e-05
175400,19.05561065673828,44.48741102218628,-3.6886364459991454,0.0,0.0,0.004518687725067139,-1.2536859139800072e-05
175600,4.766753673553467,15.100302028656007,-3.6886338174343107,9.313226e-10,0.0,0.006516754627227783,-2.0932708866894246e-05
175800,6.2218523025512695,11.374660938978195,-3.688635528087616,1.4202669e-08,0.0,0.006064295768737793,-3.705224662553519e-05
176000,4.517757415771484,11.037260842323303,-3.6886323928833007,2.3283064e-09,0.0,-0.002092123031616211,-2.0657503046095372e-05
176200,11.49227237701416,23.682256722450255,-3.6886367738246917,1.3969839e-09,0.0,-0.0013496875762939453,-2.572457306087017e-05
176400,12.170587539672852,37.49199523925781,-3.688638228178024,0.0,0.0,-0.0011472702026367188,-1.3877707533538342e-05
176600,9.905529022216797,24.31944098472595,-3.688629573583603,0.0,0.0,0.00805509090423584,-1.4967680908739566e-05
176800,7.415065288543701,18.635637366771697,-3.6886391758918764,0.0,0.0,0.003041565418243408,-2.007691655308008e-05
177000,5.586702346801758,15.054894030094147,-3.6886319279670716,9.778887e-09,0.0,0.0009371042251586914,-3.371284110471606e-05
177200,5.067917823791504,6.907995265722275,-3.68864284157753,3.3760443e-08,0.0,-0.001616835594177246,-4.558740183711052e-05
177400,6.572339057922363,16.262527227401733,-3.688636702299118,1.1175871e-08,0.0,0.005294382572174072,-2.0966120064258576e-05
177600,27.451351165771484,48.98683366775513,-3.688640260696411,0.0,0.0,0.006568193435668945,-1.4674171688966453e-05
177800,14.189906120300293,26.6887405872345,-3.688635891675949,1.1874363e-08,0.0,0.0008807778358459473,-3.802087740041315e-05
178000,5.769484043121338,14.192512679100037,-3.6886372923851014,5.820766e-09,0.0,-0.003294706344604492,-2.8376129921525717e-05
178200,6.962437152862549,19.679054856300354,-3.6886352360248567,0.0,0.0,-0.007975578308105469,-1.9668985623866318e-05
178400,11.25282096862793,21.502725267410277,-3.688636702299118,5.5180863e-08,0.0,0.0028390884399414062,-6.114739808253944e-05
178600,2.2897231578826904,5.895703846216202,-3.6886360943317413,7.21775e-09,0.0,-0.014932513236999512,-3.4828437492251396e-05
178800,7.705907821655273,19.268107986450197,-3.688635843992233,1.0756776e-07,0.0,-0.0005328655242919922,-9.17189521715045e-05
179000,2.5377204418182373,11.654125261306763,-3.688630813360214,5.2386895e-08,0.0,0.0026937127113342285,-4.8472872003912924e-05
179200,13.67549991607666,22.151466369628906,-3.6886341333389283,2.561137e-09,0.0,-0.001178741455078125,-2.500043483451009e-05
179400,5.876001834869385,18.37152636051178,-3.6886325240135194,5.9138983e-08,0.0,-0.001300811767578125,-4.48991428129375e-05
179600,6.396078586578369,7.7397191524505615,-3.6886287331581116,1.0500662e-07,0.0,0.001055896282196045,-8.271930273622275e-05
179800,4.190302848815918,8.886215448379517,-3.688633680343628,1.2805685e-08,0.0,-7.843971252441406e-05,-2.7160835452377795e-05
180000,15.913840293884277,27.49726414680481,-3.6886351227760317,0.0,0.0,0.012860119342803955,-1.623628195375204e-05
180200,2.588294744491577,11.673807168006897,-3.6886335015296936,1.0430813e-07,0.0,-0.002729177474975586,-9.328771266154945e-05
180400,8.462200164794922,20.244680333137513,-3.688633364439011,1.21071935e-08,0.0,0.0054007768630981445,-3.079714806517586e-05
180600,8.923019409179688,29.512534856796265,-3.6886267185211183,0.0,0.0,0.005507528781890869,-2.0914326887577773e-05
180800,19.555885314941406,26.675137662887572,-3.68862726688385,6.9849193e-10,0.0,-0.001969575881958008,-1.5455693937838077e-05
181000,2.593441963195801,8.52011887729168,-3.688633221387863,3.7485734e-08,0.0,-0.011647939682006836,-6.469180807471276e-05
181200,3.02707839012146,7.560032483935356,-3.6886294960975645,5.6112185e-08,0.0,0.007872581481933594,-6.787198362872005e-05
181400,2.823856830596924,10.475079655647278,-3.6886261641979217,1.4202669e-08,0.0,0.013929665088653564,-4.147145664319396e-05
181600,4.165322780609131,16.726125264167784,-3.6886265099048616,8.1257895e-08,0.0,0.007240235805511475,-7.349798106588423e-05
181800,4.500141143798828,9.837575662136079,-3.688625377416611,1.1571683e-07,0.0,0.0037154555320739746,-9.417803958058357e-05
182000,13.108842849731445,35.953157770633695,-3.688629549741745,6.0535967e-09,0.0,0.010763227939605713,-2.9789446853101253e-05
182200,6.029392242431641,13.794355189800262,-3.688635069131851,1.4901161e-08,0.0,0.001353919506072998,-4.249128978699446e-05
182400,0.7503318786621094,7.080921751260758,-3.6886260509490967,8.381903e-08,0.0,-0.0038625001907348633,-9.202430956065655e-05
182600,1.3767510652542114,10.840714347362518,-3.6886378169059753,2.3283064e-08,0.0,0.02755117416381836,-4.052085569128394e-05
182800,6.311514854431152,14.123252749443054,-3.6886337399482727,3.934838e-08,0.0,-0.0008423328399658203,-6.282316753640771e-05
183000,25.35036277770996,29.521057844161987,-3.6886358737945555,7.450581e-09,0.0,0.011461913585662842,-2.845078706741333e-05
183200,2.5034806728363037,7.879163074493408,-3.688638520240784,9.033829e-08,0.0,0.003735840320587158,-5.502593703567982e-05
183400,2.938899040222168,7.6041386246681215,-3.6886380910873413,4.1676685e-08,0.0,0.008971869945526123,-5.917696980759501e-05
183600,4.670868396759033,12.634692323207855,-3.6886343359947205,1.6763806e-08,0.0,0.01516115665435791,-3.662732196971774e-05
183800,4.50631856918335,11.527397418022156,-3.688630872964859,7.0082024e-08,0.0,0.01266026496887207,-5.297645111568272e-05
184000,22.569337844848633,46.90096697807312,-3.688631170988083,7.450581e-09,0.0,-0.0014623403549194336,-1.879761693999171e-05
184200,17.540422439575195,27.2270565032959,-3.688631623983383,4.8894435e-08,0.0,-0.0009926557540893555,-5.86364883929491e-05
184400,8.298089981079102,17.691810393333434,-3.688629174232483,0.0,0.0,-0.0042684078216552734,-1.6579366638325153e-05
184600,12.617928504943848,35.12832050323486,-3.688636726140976,4.1909516e-09,0.0,0.0008218288421630859,-2.262466587126255e-05
184800,3.748929023742676,12.0837877035141,-3.6886397004127502,6.9267116e-07,0.0,-0.004133939743041992,-0.00018411139026284218
185000,11.55496883392334,26.591470980644225,-3.6886347770690917,2.3515895e-08,0.0,0.009137332439422607,-1.0738545097410678e-05
185200,3.497574806213379,7.452881669998169,-3.688637411594391,3.8882717e-07,0.0,0.00019550323486328125,-0.00018954086117446424
185400,2.5020337104797363,32.49728326797485,-3.688634419441223,4.400499e-08,0.0,0.0060465335845947266,-3.582857316359877e-05
185600,2.7981061935424805,4.515907686948776,-3.6886382043361663,2.3259781e-07,0.0,-0.0009790658950805664,-0.00013901702041039244
185800,6.0670390129089355,11.37946376800537,-3.6886397421360018,1.094304e-07,0.0,-0.002288222312927246,-7.389988750219345e-05
186000,5.045260429382324,10.402592968940734,-3.6886393249034883,4.33065e-08,0.0,-0.00017821788787841797,-4.984275437891483e-05
186200,1.9241883754730225,4.698501121997833,-3.688644564151764,9.988435e-07,0.0,0.012548565864562988,-0.00028919398318976163
186400,7.589132308959961,12.708058488368987,-3.6886459290981293,8.1490725e-08,0.0,-0.009044408798217773,-3.424823516979813e-05
186600,3.5922160148620605,9.67465889453888,-3.688646894693375,1.0011718e-08,0.0,-0.0026657581329345703,-3.628928679972887e-05
186800,3.617908000946045,9.120660305023193,-3.6886505842208863,1.839362e-08,0.0,0.0035758614540100098,-3.9750616997480394e-05
187000,0.39243975281715393,6.68809065669775,-3.6886428952217103,3.0267984e-08,0.0,-0.006765127182006836,-3.5661202855408194e-05
187200,2.7749147415161133,13.146232640743255,-3.688642305135727,4.1676685e-08,0.0,-0.0009549856185913086,-6.156383315101266e-05
187400,16.728084564208984,38.131491565704344,-3.688645052909851,2.7939677e-09,0.0,0.004761099815368652,-2.4134747218340635e-05
187600,7.940013885498047,13.378800678253175,-3.6886398911476137,1.6298145e-09,0.0,0.005814015865325928,-3.340713446959853e-05
187800,21.83732795715332,30.996496725082398,-3.68864506483078,1.3969839e-09,0.0,0.0049152374267578125,-1.883534714579582e-05
188000,10.029635429382324,15.39964988231659,-3.6886460900306703,3.4691766e-07,0.0,0.0047335028648376465,-0.00017968090251088142
188200,18.136878967285156,20.94563046693802,-3.6886512100696565,5.098991e-08,0.0,0.006973206996917725,-5.516483215615153e-05
188400,3.7024917602539062,8.182742616534233,-3.688647246360779,3.0966476e-08,0.0,-0.014493465423583984,-4.822579212486744e-05
188600,5.225794792175293,13.293767786026,-3.688646525144577,1.1641532e-08,0.0,0.009807169437408447,-2.1812133491039275e-05
188800,1.1924874782562256,8.299896264076233,-3.6886447727680207,8.174684e-07,0.0,0.004615068435668945,-0.00023896474158391356
189000,3.5967957973480225,6.844980263710022,-3.688647520542145,4.2375177e-07,0.0,-0.0138779878616333,-0.00018635346204973758
189200,2.560852527618408,12.331347322463989,-3.688644623756409,2.537854e-08,0.0,-0.0076094865798950195,-2.5330757489427923e-05
189400,4.846982955932617,9.315951228141785,-3.6886444985866547,1.3038516e-08,0.0,0.0065607428550720215,-3.900979645550251e-05
189600,1.901323676109314,4.782469803094864,-3.68864266872406,1.9464642e-07,0.0,0.015555202960968018,-0.00010899972403421998
189800,2.9427690505981445,6.067268460988998,-3.6886431992053987,4.475005e-07,0.0,-0.009433984756469727,-0.00019388601649552583
190000,3.564793586730957,6.606971192359924,-3.6886426985263823,4.0978193e-08,0.0,0.018214404582977295,-4.827703814953565e-05
190200,15.092293739318848,27.377761793136596,-3.688646912574768,3.259629e-09,0.0,-0.008304715156555176,-2.5474954236415213e-05
190400,3.345590829849243,7.351787567138672,-3.688647449016571,6.775372e-08,0.0,0.015476047992706299,-7.544967811554671e-05
190600,2.7556629180908203,6.075476408004761,-3.6886503219604494,3.7718564e-08,0.0,-0.008328437805175781,-5.6160776875913146e-05
190800,21.559288024902344,33.85579252243042,-3.6886439442634584,8.1490725e-09,0.0,0.003456413745880127,-2.6446289848536252e-05
191000,18.21559715270996,25.471857118606568,-3.6886462330818177,1.9092113e-08,0.0,-0.0003516674041748047,-4.698490956798196e-05
191200,18.316770553588867,34.1213173866272,-3.6886486053466796,3.0267984e-09,0.0,0.011803865432739258,-2.4188333190977575e-05
191400,0.49624836444854736,6.510071171820163,-3.6886458158493043,2.4260953e-07,0.0,-0.000561833381652832,-0.00016196533106267453
191600,3.5145788192749023,8.826523286104202,-3.6886470794677733,3.0710362e-07,0.0,-0.0009300708770751953,-0.00014480173122137784
191800,4.728626728057861,13.455577504634856,-3.688647133111954,3.3760443e-08,0.0,0.004197180271148682,-4.566739080473781e-05
192000,10.467133522033691,24.54443838596344,-3.688646298646927,2.3748726e-08,0.0,0.009673595428466797,-3.098982851952314e-05
192200,13.432801246643066,17.56129746437073,-3.688643437623978,3.259629e-09,0.0,-0.0033593177795410156,-2.6251759845763444e-05
192400,6.365695953369141,16.6959459066391,-3.6886481404304505,2.9802322e-08,0.0,0.016220569610595703,-5.190016236156225e-05
192600,14.431164741516113,19.89189567565918,-3.6886443555355073,3.4924597e-09,0.0,0.023798763751983643,-2.6747724041342737e-05
192800,4.271788597106934,6.875997400283813,-3.688641917705536,3.1408854e-07,0.0,-0.0027480125427246094,-0.00015923724276944995
193000,5.832705020904541,6.976699101924896,-3.688647598028183,3.7485734e-08,0.0,-0.0013096332550048828,-5.4179748985916376e-05
193200,6.489565372467041,30.014943265914916,-3.688647437095642,9.778887e-09,0.0,-0.021594524383544922,-3.341254778206348e-05
193400,3.517012596130371,12.47954985499382,-3.688645768165588,9.5693395e-08,0.0,-0.011492729187011719,-6.0470229072961956e-05
193600,3.3198606967926025,13.557046946883201,-3.6886453866958617,7.287599e-08,0.0,0.002165496349334717,-7.295238319784402e-05
193800,5.642857074737549,12.631409215927125,-3.6886429846286775,1.2572855e-08,0.0,0.003615140914916992,-3.435616672504693e-05
194000,3.6919219493865967,6.431326556205749,-3.6886407136917114,1.2409873e-07,0.0,-0.018629074096679688,-0.00010734798852354288
194200,10.715133666992188,14.661598408222199,-3.6886403381824495,7.983763e-07,0.0,0.0008949637413024902,-0.0002506401506252587
194400,19.784414291381836,23.66823306083679,-3.6886375308036805,5.750917e-08,0.0,0.001997530460357666,-4.7948677092790604e-05
194600,10.816960334777832,23.02594976425171,-3.6886331498622895,1.792796e-08,0.0,-0.0002995729446411133,-4.5921117998659613e-05
194800,5.5011515617370605,10.426626086235046,-3.6886304378509522,1.2968667e-07,0.0,0.005022943019866943,-9.545304346829653e-05
195000,8.070765495300293,11.447954416275024,-3.6886273324489594,5.448237e-07,0.0,0.006113827228546143,-0.00023000636138021947
195200,2.782562494277954,15.26127712726593,-3.6886321723461153,6.821938e-08,0.0,0.00830155611038208,-4.8721721395850184e-05
195400,7.198147296905518,10.089396810531616,-3.6886269569396974,9.2200935e-08,0.0,0.012206196784973145,-8.390133734792471e-05
195600,3.4503743648529053,16.150153267383576,-3.6886271238327026,2.561137e-09,0.0,0.00964963436126709,-1.6756844706833364e-05
195800,10.275197982788086,28.96776750087738,-3.6886317670345306,0.0,0.0,0.017230629920959473,-2.1306308917701243e-05
196000,3.703977346420288,13.063340544700623,-3.688629710674286,6.0535967e-09,0.0,0.0040100812911987305,-3.322451375424862e-05
196200,7.7041826248168945,11.246737456321716,-3.688630259037018,4.118774e-07,0.0,-0.0017423629760742188,-0.0001632046652957797
196400,4.727954864501953,13.530721163749694,-3.6886381208896637,1.9278377e-07,0.0,0.009096086025238037,-0.00010313478123862297
196600,11.317267417907715,20.477499842643738,-3.6886384963989256,4.0978193e-08,0.0,-0.0013000965118408203,-6.430080393329262e-05
196800,6.381057262420654,11.383193624019622,-3.6886341631412507,3.0267984e-08,0.0,0.015007555484771729,-4.328002250986174e-05
197000,6.20304536819458,15.851631724834442,-3.6886331140995026,3.958121e-09,0.0,0.008630990982055664,-1.8560397438704968e-05
197200,9.127334594726562,22.802877187728882,-3.6886392772197723,2.0954758e-09,0.0,-0.018943071365356445,-2.5381671730428933e-05
197400,10.07137680053711,16.001395797729494,-3.688640832901001,1.0011718e-08,0.0,0.0012769103050231934,-3.657680936157704e-05
197600,8.115102767944336,11.635293889045716,-3.6886376559734346,2.0558946e-07,0.0,0.004768788814544678,-0.00013030942063778638
197800,3.1943140029907227,7.259654319286346,-3.688628476858139,1.2160745e-06,0.0,0.0015726685523986816,-0.00030170748941600324
198000,8.31078815460205,19.191991722583772,-3.6886240243911743,4.8428774e-08,0.0,-0.019112825393676758,-1.1631753295660019e-05
198200,5.599034309387207,13.414786803722382,-3.6886305272579194,1.1944212e-07,0.0,-0.0018694400787353516,-9.075654670596123e-05
198400,7.610169887542725,18.409828639030458,-3.6886276841163634,2.3981556e-08,0.0,0.013190805912017822,-3.0491722282022237e-05
198600,3.488497734069824,16.922709596157073,-3.688629114627838,4.656613e-09,0.0,-0.003203749656677246,-2.7953588869422674e-05
198800,6.728394508361816,23.307683682441713,-3.6886314690113067,9.546056e-09,0.0,0.003995716571807861,-2.144426107406616e-05
199000,7.680645942687988,14.642133092880249,-3.688627302646637,5.0337985e-07,0.0,-0.0006996393203735352,-0.00016093675512820482
199200,1.8937952518463135,4.755077403783798,-3.688628751039505,2.2305176e-07,0.0,-0.01897585391998291,-0.00010519016068428755
199400,5.656815528869629,10.8528453707695,-3.688626343011856,6.239861e-08,0.0,0.008044004440307617,-7.483602967113256e-05
199600,3.977471113204956,6.267541569471359,-3.688629376888275,5.874317e-07,0.0,0.026863157749176025,-0.00022765935864299536
199800,2.5067179203033447,7.296906769275665,-3.688628053665161,8.707866e-08,0.0,-0.0015494823455810547,-6.272655446082354e-05
200000,20.253910064697266,22.65441143512726,-3.6886295557022093,1.7229468e-08,0.0,0.010231077671051025,-3.064105403609574e-05
